fid,eval,mean_raw_y
1,1,44.938205662045
1,2,29.5056901345975
1,3,26.901961235105
1,4,22.08738149457
1,5,18.9812249012225
1,6,17.431824321697498
1,7,16.075869588495
1,8,15.039276547732502
1,9,13.81414239951
1,10,12.9278111295375
1,11,11.6850947185225
1,12,11.014741498175
1,13,10.260261385515
1,14,9.906943634475
1,15,9.6484242634875
1,16,9.36084752639
1,17,8.1665596464725
1,18,7.719846588275
1,19,7.3348179975875
1,20,7.120463484709999
1,21,6.7824161254524995
1,22,6.706945916867499
1,23,6.347754440425
1,24,6.0365448450925
1,25,5.6583280293025
1,26,5.57296604351
1,27,5.355185535852501
1,28,5.1934485167924995
1,29,4.941666350885
1,30,4.7021023316
1,31,4.565409565885
1,32,4.484975858362501
1,33,4.142404131455001
1,34,4.0699150133925
1,35,3.8331912721875
1,36,3.7272427113125
1,37,3.5957755862474996
1,38,3.3673918204025
1,39,3.3438310524675003
1,40,3.1959122336375
1,41,3.045729598935
1,42,2.83045843269
1,43,2.63811549023
1,44,2.4998129330975
1,45,2.493232052235
1,46,2.3116113726175
1,47,2.2978195981125
1,48,2.1501516830025
1,49,2.1429798491125003
1,50,2.1402488376425
1,51,2.0351900684825
1,52,2.0040982532925
1,53,2.0040982532925
1,54,1.8843587080750002
1,55,1.8461887837475
1,56,1.8109779842200002
1,57,1.8109779842200002
1,58,1.7133810543824999
1,59,1.65420875963
1,60,1.5773880357325
1,61,1.53384438499
1,62,1.53384438499
1,63,1.52562186074
1,64,1.502041806155
1,65,1.4956600150050001
1,66,1.48472616405
1,67,1.48472616405
1,68,1.37378935444
1,69,1.2737386606299999
1,70,1.2165882647075
1,71,1.203193856455
1,72,1.1970590582825
1,73,1.1078430034375
1,74,1.0736576609325001
1,75,1.00804474935
1,76,0.9817135348300001
1,77,0.9817135348300001
1,78,0.83121601714
1,79,0.8289242028525001
1,80,0.8289242028525001
1,81,0.81088394348
1,82,0.755132758285
1,83,0.7421695287475
1,84,0.7231346908325
1,85,0.7101176359225
1,86,0.6875926423075
1,87,0.65908758322
1,88,0.5983835985
1,89,0.5666471252174999
1,90,0.545633513765
1,91,0.5297001478525
1,92,0.5234055053075
1,93,0.51992214618
1,94,0.50632107536
1,95,0.50632107536
1,96,0.49595825333
1,97,0.46934487676750003
1,98,0.44834006742000004
1,99,0.438507894525
1,100,0.43544618599499996
1,101,0.42338815822
1,102,0.39407027028249997
1,103,0.393486571975
1,104,0.393486571975
1,105,0.3827363493875
1,106,0.37158577251749997
1,107,0.3703818442025
1,108,0.357190045365
1,109,0.3404045398825
1,110,0.32821467013
1,111,0.31090181908000003
1,112,0.3030242853075
1,113,0.288575140535
1,114,0.2789885810975
1,115,0.2676260962325
1,116,0.263624228755
1,117,0.2595553221775
1,118,0.22451608081500002
1,119,0.22317423334750003
1,120,0.22317423334750003
1,121,0.2199672251775
1,122,0.20477926269499996
1,123,0.19439034526250001
1,124,0.190171437725
1,125,0.18550263319
1,126,0.18524299989749998
1,127,0.184351077015
1,128,0.18064863248250002
1,129,0.17448203009750002
1,130,0.16997479799249998
1,131,0.168126166385
1,132,0.16039849703
1,133,0.160223791295
1,134,0.1582812680675
1,135,0.1563219458275
1,136,0.1469271455225
1,137,0.13491395236
1,138,0.1318147083175
1,139,0.11918240642
1,140,0.11798140449250001
1,141,0.11561377721499999
1,142,0.11172457128999999
1,143,0.110270530015
1,144,0.1097618674175
1,145,0.10546901071249999
1,146,0.095502514695
1,147,0.090766622575
1,148,0.08815856729
1,149,0.0871646024225
1,150,0.0868220858525
1,151,0.0850669807975
1,152,0.0846081306725
1,153,0.0809529743925
1,154,0.0764029992125
1,155,0.070914801395
1,156,0.06804571231749999
1,157,0.06751790051749999
1,158,0.06723742821249999
1,159,0.066560680895
1,160,0.06504778032
1,161,0.062382428229999995
1,162,0.0589333661225
1,163,0.056232934150000004
1,164,0.0552799964525
1,165,0.05407642366
1,166,0.0492723246625
1,167,0.046141798245
1,168,0.0452594136725
1,169,0.042583540935
1,170,0.0412713991325
1,171,0.0412713991325
1,172,0.040732823744999994
1,173,0.03933773549
1,174,0.0385439765575
1,175,0.03816989263
1,176,0.0372109650125
1,177,0.0356037700075
1,178,0.0339278621425
1,179,0.0339278621425
1,180,0.033922583765
1,181,0.0302727924125
1,182,0.02877601024
1,183,0.02877601024
1,184,0.028019289095
1,185,0.027181878372500003
1,186,0.026764803185
1,187,0.026195530682500003
1,188,0.025038833157500003
1,189,0.02503321695
1,190,0.0245744615975
1,191,0.021715410834999997
1,192,0.0198763107575
1,193,0.019460863840000002
1,194,0.015660036235
1,195,0.013842784585
1,196,0.013781768625
1,197,0.013752672015
1,198,0.01343366252
1,199,0.0129375842675
1,200,0.012682084945
1,201,0.0122412209175
1,202,0.01194740589
1,203,0.0118571924725
1,204,0.0111626120625
1,205,0.010346371279999999
1,206,0.0102814739975
1,207,0.00975789474
1,208,0.0090425447825
1,209,0.0090213817525
1,210,0.0088854224525
1,211,0.008749773045000001
1,212,0.008364762575
1,213,0.00828220226
1,214,0.00825049378
1,215,0.0079701051575
1,216,0.007820030415
1,217,0.0076930305275
1,218,0.0074473066375
1,219,0.0074187602725
1,220,0.0072553525275
1,221,0.0070965772525
1,222,0.007072741305
1,223,0.007041725112499999
1,224,0.0069526812525
1,225,0.006824850317500001
1,226,0.0064369163000000005
1,227,0.006049929035
1,228,0.00584066965
1,229,0.005498744555
1,230,0.0048788037474999995
1,231,0.00476229957
1,232,0.004603489285
1,233,0.0042201758875
1,234,0.0041695866499999994
1,235,0.00402902698
1,236,0.0040057598724999996
1,237,0.003942774965
1,238,0.003942774965
1,239,0.003929138515
1,240,0.0038817194149999997
1,241,0.00369416033
1,242,0.0036787265925
1,243,0.0036507058975
1,244,0.003540942205
1,245,0.0033287799675
1,246,0.003270709085
1,247,0.0032696783399999998
1,248,0.0032303134525
1,249,0.00302641052
1,250,0.0030260427425
1,251,0.0029528957000000003
1,252,0.0029528957000000003
1,253,0.0028920787699999997
1,254,0.00286576092
1,255,0.00285310227
1,256,0.00285310227
1,257,0.0027203983349999997
1,258,0.0027191607225
1,259,0.0027131841025
1,260,0.0025919460175
1,261,0.00259017297
1,262,0.00259017297
1,263,0.00257146992
1,264,0.0024211399975
1,265,0.0022599087675
1,266,0.0020810809725
1,267,0.00206103265
1,268,0.001972836265
1,269,0.001968599855
1,270,0.0018978833024999998
1,271,0.001892404025
1,272,0.00185059474
1,273,0.001827570735
1,274,0.001791416355
1,275,0.00158121747
1,276,0.001526443915
1,277,0.0015223630475
1,278,0.0014836739624999999
1,279,0.0014669138225
1,280,0.0014183344175
1,281,0.001414283485
1,282,0.0013830997350000001
1,283,0.0013604401925
1,284,0.0013124734525000001
1,285,0.0012723804425
1,286,0.0012381150274999998
1,287,0.0012059196425
1,288,0.0011693677825
1,289,0.001166572855
1,290,0.00102338905
1,291,0.00098783851
1,292,0.0009260878425
1,293,0.0009079360599999999
1,294,0.00088815684
1,295,0.000833298415
1,296,0.00082853141
1,297,0.0008172707975
1,298,0.0007629929775
1,299,0.0007605864675
1,300,0.00071966769
1,301,0.0007174458124999999
1,302,0.00068456949
1,303,0.0006507807425
1,304,0.0006175368
1,305,0.00059315932
1,306,0.0005818127425
1,307,0.0005529484725
1,308,0.0005282117125
1,309,0.00047257832
1,310,0.00046442476
1,311,0.00041628938
1,312,0.0003967806875
1,313,0.00039375756250000003
1,314,0.000390099325
1,315,0.0003865119275
1,316,0.00032924395500000004
1,317,0.00032924395500000004
1,318,0.0003223649525
1,319,0.00031882315
1,320,0.00031846454249999997
1,321,0.0002837430525
1,322,0.000283198425
1,323,0.00026705230250000003
1,324,0.0002657929775
1,325,0.0002657929775
1,326,0.00025459779500000004
1,327,0.00023736848
1,328,0.000220063245
1,329,0.000209361775
1,330,0.00020413206999999998
1,331,0.000197234705
1,332,0.00019705177
1,333,0.00019659733250000001
1,334,0.00019572288500000002
1,335,0.0001905389425
1,336,0.0001897481575
1,337,0.0001893901425
1,338,0.000178069885
1,339,0.0001766701125
1,340,0.000168982515
1,341,0.0001651335825
1,342,0.00016397906499999998
1,343,0.00015257189750000002
1,344,0.00015092939
1,345,0.00014835812
1,346,0.00014582185
1,347,0.0001415269425
1,348,0.0001415269425
1,349,0.00014131291
1,350,0.0001366783625
1,351,0.0001324827975
1,352,0.000131504485
1,353,0.00012290201750000002
1,354,0.00011582654749999999
1,355,0.0001139341675
1,356,0.000113668395
1,357,0.00010643906499999999
1,358,0.00010427731499999999
1,359,0.00010243199250000001
1,360,0.0001009304
1,361,9.967992000000002e-05
1,362,9.6550515e-05
1,363,9.30307575e-05
1,364,9.302289750000001e-05
1,365,7.908773749999999e-05
1,366,7.88891075e-05
1,367,7.7616305e-05
1,368,7.75907075e-05
1,369,7.4775125e-05
1,370,7.02905025e-05
1,371,6.83499625e-05
1,372,6.82941775e-05
1,373,6.58401575e-05
1,374,6.43724325e-05
1,375,6.43724325e-05
1,376,6.10107e-05
1,377,5.96812975e-05
1,378,5.565208000000001e-05
1,379,5.3136002500000004e-05
1,380,4.69810175e-05
1,381,4.6368957499999996e-05
1,382,4.5838795e-05
1,383,4.57794575e-05
1,384,4.57780825e-05
1,385,4.52409725e-05
1,386,4.52409725e-05
1,387,4.522798e-05
1,388,4.4686195e-05
1,389,4.45538725e-05
1,390,4.0959799999999994e-05
1,391,4.02959825e-05
1,392,4.02959825e-05
1,393,3.8337747500000004e-05
1,394,3.815494e-05
1,395,3.69937025e-05
1,396,3.26355025e-05
1,397,3.2372285e-05
1,398,3.2149482499999996e-05
1,399,3.2149482499999996e-05
1,400,3.19807825e-05
1,401,3.02993075e-05
1,402,2.9012575e-05
1,403,2.798126e-05
1,404,2.7610789999999996e-05
1,405,2.7582885000000002e-05
1,406,2.7284917499999998e-05
1,407,2.6760962499999997e-05
1,408,2.6667754999999996e-05
1,409,2.6550245e-05
1,410,2.56520625e-05
1,411,2.55235575e-05
1,412,2.4741245000000003e-05
1,413,2.4391349999999998e-05
1,414,2.41914875e-05
1,415,2.41412375e-05
1,416,2.41343825e-05
1,417,2.30353575e-05
1,418,2.1875415e-05
1,419,2.1804784999999997e-05
1,420,2.1481017499999998e-05
1,421,1.94238025e-05
1,422,1.88743975e-05
1,423,1.8387042499999998e-05
1,424,1.49557575e-05
1,425,1.47353725e-05
1,426,1.3916915e-05
1,427,1.1094465000000001e-05
1,428,1.104652e-05
1,429,1.1015335e-05
1,430,1.08805e-05
1,431,1.0849069999999999e-05
1,432,1.0638912499999998e-05
1,433,1.0229405e-05
1,434,1.01609525e-05
1,435,1.0042452500000001e-05
1,436,9.85509e-06
1,437,7.715469999999999e-06
1,438,7.0006825e-06
1,439,6.9726899999999995e-06
1,440,6.8902224999999996e-06
1,441,6.883084999999999e-06
1,442,6.8199600000000005e-06
1,443,6.797425e-06
1,444,6.6608199999999995e-06
1,445,6.622345e-06
1,446,6.58015e-06
1,447,6.5739875e-06
1,448,6.570325e-06
1,449,6.3660949999999996e-06
1,450,6.151405e-06
1,451,6.151405e-06
1,452,6.1159825e-06
1,453,5.93779e-06
1,454,5.93737e-06
1,455,5.8864975e-06
1,456,5.7534175e-06
1,457,5.4096950000000006e-06
1,458,5.3448e-06
1,459,5.3448e-06
1,460,5.301552499999999e-06
1,461,4.832925e-06
1,462,4.7212700000000005e-06
1,463,4.69959e-06
1,464,4.6295775e-06
1,465,4.6088125e-06
1,466,4.49932e-06
1,467,4.415144999999999e-06
1,468,4.12596e-06
1,469,3.98524e-06
1,470,3.8712625000000004e-06
1,471,3.5959575e-06
1,472,3.5835525e-06
1,473,3.55421e-06
1,474,3.4690724999999997e-06
1,475,3.4553875e-06
1,476,3.4520249999999998e-06
1,477,2.6006175e-06
1,478,2.5950425e-06
1,479,2.2630675000000002e-06
1,480,2.25931e-06
1,481,2.25931e-06
1,482,2.2448875e-06
1,483,2.2381525e-06
1,484,2.12022e-06
1,485,2.0869425e-06
1,486,2.0861524999999997e-06
1,487,1.99149e-06
1,488,1.8562e-06
1,489,1.8486099999999998e-06
1,490,1.790875e-06
1,491,1.7615450000000002e-06
1,492,1.7603875e-06
1,493,1.5386000000000002e-06
1,494,1.5381625e-06
1,495,1.4225324999999999e-06
1,496,1.36851e-06
1,497,1.36786e-06
1,498,1.354005e-06
1,499,1.354005e-06
1,500,1.3211725e-06
1,501,1.295365e-06
1,502,1.295365e-06
1,503,1.220265e-06
1,504,1.2124699999999998e-06
1,505,1.1814125e-06
1,506,1.1219900000000002e-06
1,507,9.610325e-07
1,508,9.218250000000001e-07
1,509,8.942250000000001e-07
1,510,8.16475e-07
1,511,8.079975000000001e-07
1,512,8.0008e-07
1,513,8.0008e-07
1,514,7.790775e-07
1,515,7.5292e-07
1,516,7.4965e-07
1,517,7.171475e-07
1,518,7.12055e-07
1,519,7.12055e-07
1,520,7.0992e-07
1,521,7.01175e-07
1,522,6.9037e-07
1,523,6.502675e-07
1,524,6.4998e-07
1,525,6.299e-07
1,526,6.231325e-07
1,527,6.231325e-07
1,528,6.226825e-07
1,529,5.613e-07
1,530,5.5978e-07
1,531,5.449275000000001e-07
1,532,4.870175e-07
1,533,4.8557e-07
1,534,4.82785e-07
1,535,4.823675e-07
1,536,4.7582000000000003e-07
1,537,4.1296250000000003e-07
1,538,4.106575e-07
1,539,3.869075e-07
1,540,3.858725e-07
1,541,3.858725e-07
1,542,3.617225e-07
1,543,3.585375e-07
1,544,3.585375e-07
1,545,3.294625e-07
1,546,3.219775e-07
1,547,3.1653e-07
1,548,3.139375e-07
1,549,2.577e-07
1,550,2.5156250000000003e-07
1,551,2.5150500000000003e-07
1,552,2.5013000000000003e-07
1,553,2.486725e-07
1,554,2.418275e-07
1,555,2.4134250000000003e-07
1,556,2.181225e-07
1,557,2.1798249999999999e-07
1,558,2.0293499999999998e-07
1,559,2.018225e-07
1,560,2.0155e-07
1,561,1.95295e-07
1,562,1.9481750000000003e-07
1,563,1.9205749999999997e-07
1,564,1.811125e-07
1,565,1.793e-07
1,566,1.793e-07
1,567,1.793e-07
1,568,1.793e-07
1,569,1.744875e-07
1,570,1.6712e-07
1,571,1.6601e-07
1,572,1.617975e-07
1,573,1.61655e-07
1,574,1.5614750000000002e-07
1,575,1.556175e-07
1,576,1.49995e-07
1,577,1.485575e-07
1,578,1.4733e-07
1,579,1.461625e-07
1,580,1.4052000000000002e-07
1,581,1.401675e-07
1,582,1.388175e-07
1,583,1.3880999999999998e-07
1,584,1.3805750000000002e-07
1,585,1.3279e-07
1,586,1.277375e-07
1,587,1.084025e-07
1,588,1.054e-07
1,589,1.0494499999999999e-07
1,590,1.041925e-07
1,591,1.0201e-07
1,592,1.019575e-07
1,593,9.9645e-08
1,594,9.52275e-08
1,595,9.4515e-08
1,596,8.961250000000001e-08
1,597,8.5675e-08
1,598,7.68075e-08
1,599,7.65575e-08
1,600,7.65575e-08
1,601,7.65575e-08
1,602,7.599000000000001e-08
1,603,7.5375e-08
1,604,7.419999999999999e-08
1,605,7.38925e-08
1,606,7.38925e-08
1,607,7.357999999999999e-08
1,608,7.29525e-08
1,609,7.27125e-08
1,610,7.254499999999999e-08
1,611,7.134249999999999e-08
1,612,6.755999999999999e-08
1,613,4.7355e-08
1,614,4.7355e-08
1,615,4.735e-08
1,616,4.46825e-08
1,617,4.2552500000000003e-08
1,618,4.1915e-08
1,619,4.1095e-08
1,620,4.10775e-08
1,621,3.9070000000000005e-08
1,622,3.882e-08
1,623,3.73525e-08
1,624,3.12175e-08
1,625,3.09875e-08
1,626,3.09575e-08
1,627,3.0795e-08
1,628,2.3927499999999997e-08
1,629,2.2835e-08
1,630,2.27575e-08
1,631,2.27275e-08
1,632,2.2710000000000003e-08
1,633,2.26325e-08
1,634,2.2535e-08
1,635,1.9927499999999998e-08
1,636,1.95225e-08
1,637,1.94075e-08
1,638,1.83225e-08
1,639,1.8305e-08
1,640,1.8297500000000002e-08
1,641,1.76975e-08
1,642,1.6990000000000002e-08
1,643,1.681e-08
1,644,1.6385e-08
1,645,1.624e-08
1,646,1.336e-08
1,647,1.3245e-08
1,648,1.3005e-08
1,649,1.2907500000000002e-08
1,650,1.2837500000000002e-08
1,651,1.283e-08
1,652,1.2782499999999999e-08
1,653,1.2770000000000001e-08
1,654,1.26875e-08
1,655,1.194e-08
1,656,1.1512500000000001e-08
1,657,1.1475e-08
1,658,1.14125e-08
1,659,1.12125e-08
1,660,1.0325e-08
1,661,1.03175e-08
1,662,1.0310000000000001e-08
1,663,1.0302499999999999e-08
1,664,1.0302499999999999e-08
1,665,9.8425e-09
1,666,9.455000000000001e-09
1,667,9.43e-09
1,668,9.325e-09
1,669,7.77e-09
1,670,7.7125e-09
1,671,7.7e-09
1,672,7.6975e-09
1,673,5.8974999999999995e-09
1,674,5.83e-09
1,675,5.745e-09
1,676,5.7275e-09
1,677,5.7275e-09
1,678,5.7075e-09
1,679,5.7075e-09
1,680,5.7075e-09
1,681,5.67e-09
1,682,5.5125e-09
1,683,3.9275e-09
1,684,3.9074999999999996e-09
1,685,3.9025e-09
1,686,3.7050000000000003e-09
1,687,3.6400000000000003e-09
1,688,3.49e-09
1,689,3.4875e-09
1,690,3.4775e-09
1,691,3.0475e-09
1,692,2.54e-09
1,693,2.52e-09
1,694,2.5e-09
1,695,2.5e-09
1,696,2.455e-09
1,697,2.445e-09
1,698,2.42e-09
1,699,2.42e-09
1,700,2.4075e-09
1,701,2.1699999999999997e-09
1,702,2.155e-09
1,703,2.155e-09
1,704,2.0575e-09
1,705,2.0425000000000003e-09
1,706,2.0375e-09
1,707,2e-09
1,708,1.92e-09
1,709,1.92e-09
1,710,1.88e-09
1,711,1.8600000000000002e-09
1,712,1.8275e-09
1,713,1.8125e-09
1,714,1.7975e-09
1,715,1.7775000000000001e-09
1,716,1.7775000000000001e-09
1,717,1.7725000000000002e-09
1,718,1.73e-09
1,719,1.59e-09
1,720,1.4524999999999999e-09
1,721,1.275e-09
1,722,1.2375e-09
1,723,1.235e-09
1,724,1.2325e-09
1,725,1.215e-09
1,726,1.1975e-09
1,727,1.195e-09
1,728,1.195e-09
1,729,1.1575e-09
1,730,1.1549999999999998e-09
1,731,1.1475e-09
1,732,1.1475e-09
1,733,1.1350000000000001e-09
1,734,1.1350000000000001e-09
1,735,1.1325e-09
1,736,1.1275e-09
1,737,1.12e-09
1,738,1.1125e-09
1,739,1.11e-09
1,740,1.1075e-09
1,741,1.1075e-09
1,742,1.1075e-09
1,743,8.675e-10
1,744,8.599999999999999e-10
1,745,8.55e-10
1,746,8.525e-10
1,747,8.1e-10
1,748,7.95e-10
1,749,7.95e-10
1,750,7.8e-10
1,751,7.775000000000001e-10
1,752,7.699999999999999e-10
1,753,7.524999999999999e-10
1,754,7.225e-10
1,755,7.225e-10
1,756,7.15e-10
1,757,7.125e-10
1,758,7.125e-10
1,759,7.125e-10
1,760,7.05e-10
1,761,7.05e-10
1,762,7.05e-10
1,763,6.799999999999999e-10
1,764,6.799999999999999e-10
1,765,6.449999999999999e-10
1,766,4.875e-10
1,767,4.850000000000001e-10
1,768,4.675e-10
1,769,4.675e-10
1,770,3.575e-10
1,771,3.525e-10
1,772,3.5e-10
1,773,3.5e-10
1,774,3.2000000000000003e-10
1,775,3.15e-10
1,776,3.15e-10
1,777,3.15e-10
1,778,3.1e-10
1,779,3.1e-10
1,780,3.1e-10
1,781,3.05e-10
1,782,2.9249999999999997e-10
1,783,2.825e-10
1,784,2.825e-10
1,785,2.75e-10
1,786,2.5e-10
1,787,2.4e-10
1,788,2.4e-10
1,789,2.4e-10
1,790,2.35e-10
1,791,2.2500000000000002e-10
1,792,2.2500000000000002e-10
1,793,2.075e-10
1,794,2.075e-10
1,795,1.8e-10
1,796,1.55e-10
1,797,1.3999999999999998e-10
1,798,1.3999999999999998e-10
1,799,1.35e-10
1,800,1.35e-10
1,801,1.325e-10
1,802,9.25e-11
1,803,9.25e-11
1,804,9.25e-11
1,805,9.25e-11
1,806,9.25e-11
1,807,9.25e-11
1,808,9.25e-11
1,809,9e-11
1,810,7.75e-11
1,811,7.75e-11
1,812,7.75e-11
1,813,7.5e-11
1,814,7.5e-11
1,815,4.9999999999999995e-11
1,816,4.9999999999999995e-11
1,817,4.9999999999999995e-11
1,818,4.7500000000000004e-11
1,819,4.5e-11
1,820,4.2499999999999995e-11
1,821,4.2499999999999995e-11
1,822,4.2499999999999995e-11
1,823,4.2499999999999995e-11
1,824,4.0000000000000004e-11
1,825,4.0000000000000004e-11
1,826,4.0000000000000004e-11
1,827,4.0000000000000004e-11
1,828,4.0000000000000004e-11
1,829,4.0000000000000004e-11
1,830,4.0000000000000004e-11
1,831,4.0000000000000004e-11
1,832,4.0000000000000004e-11
1,833,4.0000000000000004e-11
1,834,3.75e-11
1,835,3.75e-11
1,836,3.75e-11
1,837,3.75e-11
1,838,2.7500000000000002e-11
1,839,2.7500000000000002e-11
1,840,2.7500000000000002e-11
1,841,2.7500000000000002e-11
1,842,2.7500000000000002e-11
1,843,2.25e-11
1,844,2.25e-11
1,845,2.25e-11
1,846,2.25e-11
1,847,2.25e-11
1,848,2.25e-11
1,849,2.25e-11
1,850,2.25e-11
1,851,2.0000000000000002e-11
1,852,1.75e-11
1,853,1.75e-11
1,854,1.75e-11
1,855,1.75e-11
1,856,1.75e-11
1,857,1.75e-11
1,858,1.75e-11
1,859,1.75e-11
1,860,1.25e-11
1,861,1.25e-11
1,862,1.25e-11
1,863,1.25e-11
1,864,1.25e-11
1,865,1.25e-11
1,866,1.0000000000000001e-11
1,867,1.0000000000000001e-11
1,868,1.0000000000000001e-11
1,869,1.0000000000000001e-11
1,870,1.0000000000000001e-11
1,871,1.0000000000000001e-11
1,872,1.0000000000000001e-11
1,873,1.0000000000000001e-11
1,874,7.5e-12
1,875,7.5e-12
1,876,7.5e-12
1,877,7.5e-12
1,878,7.5e-12
1,879,7.5e-12
1,880,7.5e-12
1,881,5.0000000000000005e-12
1,882,5.0000000000000005e-12
1,883,5.0000000000000005e-12
1,884,5.0000000000000005e-12
1,885,5.0000000000000005e-12
1,886,5.0000000000000005e-12
1,887,5.0000000000000005e-12
1,888,5.0000000000000005e-12
1,889,2.5000000000000003e-12
1,890,2.5000000000000003e-12
1,891,2.5000000000000003e-12
1,892,2.5000000000000003e-12
1,893,2.5000000000000003e-12
1,894,2.5000000000000003e-12
1,895,2.5000000000000003e-12
1,896,2.5000000000000003e-12
1,897,2.5000000000000003e-12
1,898,2.5000000000000003e-12
1,899,2.5000000000000003e-12
1,900,2.5000000000000003e-12
1,901,2.5000000000000003e-12
1,902,2.5000000000000003e-12
1,903,2.5000000000000003e-12
1,904,2.5000000000000003e-12
1,905,2.5000000000000003e-12
1,906,2.5000000000000003e-12
1,907,2.5000000000000003e-12
1,908,2.5000000000000003e-12
1,909,2.5000000000000003e-12
1,910,2.5000000000000003e-12
1,911,2.5000000000000003e-12
1,912,2.5000000000000003e-12
1,913,0.0
1,914,0.0
1,915,0.0
1,916,0.0
1,917,0.0
1,918,0.0
1,919,0.0
1,920,0.0
1,921,0.0
1,922,0.0
1,923,0.0
1,924,0.0
1,925,0.0
1,926,0.0
1,927,0.0
1,928,0.0
1,929,0.0
1,930,0.0
1,931,0.0
1,932,0.0
1,933,0.0
1,934,0.0
1,935,0.0
1,936,0.0
1,937,0.0
1,938,0.0
1,939,0.0
1,940,0.0
1,941,0.0
1,942,0.0
1,943,0.0
1,944,0.0
1,945,0.0
1,946,0.0
1,947,0.0
1,948,0.0
1,949,0.0
1,950,0.0
1,951,0.0
1,952,0.0
1,953,0.0
1,954,0.0
1,955,0.0
1,956,0.0
1,957,0.0
1,958,0.0
1,959,0.0
1,960,0.0
1,961,0.0
1,962,0.0
1,963,0.0
1,964,0.0
1,965,0.0
1,966,0.0
1,967,0.0
1,968,0.0
1,969,0.0
1,970,0.0
1,971,0.0
1,972,0.0
1,973,0.0
1,974,0.0
1,975,0.0
1,976,0.0
1,977,0.0
1,978,0.0
1,979,0.0
1,980,0.0
1,981,0.0
1,982,0.0
1,983,0.0
1,984,0.0
1,985,0.0
1,986,0.0
1,987,0.0
1,988,0.0
1,989,0.0
1,990,0.0
1,991,0.0
1,992,0.0
1,993,0.0
1,994,0.0
1,995,0.0
1,996,0.0
1,997,0.0
1,998,0.0
1,999,0.0
1,1000,0.0
2,1,17016493.498514064
2,2,7148754.452229558
2,3,5342115.30205564
2,4,3980880.4558060043
2,5,2534592.742190081
2,6,2102949.7855819287
2,7,2003460.8578328628
2,8,1776516.4652345658
2,9,1186953.938176517
2,10,992011.8737145003
2,11,814405.9664001256
2,12,681304.7899861818
2,13,586699.1877004626
2,14,583234.428144024
2,15,528907.569145743
2,16,464226.9294841094
2,17,425136.4719870601
2,18,412093.54362154106
2,19,359250.2519516422
2,20,342877.5404079546
2,21,296257.9684519902
2,22,254426.22376732217
2,23,250631.1647077293
2,24,239158.804216408
2,25,237419.8558768931
2,26,221218.64868221682
2,27,216667.41500920718
2,28,211978.10397819808
2,29,201553.1295163611
2,30,201553.1295163611
2,31,201553.1295163611
2,32,200435.79170691507
2,33,188381.54839963265
2,34,188381.54839963265
2,35,172267.87127581384
2,36,164078.3365226395
2,37,162330.52236012428
2,38,155376.14208888603
2,39,153923.8292398262
2,40,153014.59741665726
2,41,151875.94691844992
2,42,151875.94691844992
2,43,151804.0316080093
2,44,146575.48124023312
2,45,144406.27564544586
2,46,125548.06373660764
2,47,124663.36899405552
2,48,123382.41596128717
2,49,119611.5843133002
2,50,115140.82941689149
2,51,113292.12505137359
2,52,113198.383334906
2,53,96746.81774873166
2,54,92967.80768615854
2,55,90832.26232039378
2,56,90292.91791702941
2,57,79479.03734020477
2,58,77571.61302766069
2,59,69112.10301676427
2,60,64601.664701750546
2,61,64580.556267354485
2,62,63585.724959662024
2,63,63585.724959662024
2,64,63585.724959662024
2,65,62838.03870190624
2,66,62193.421788095395
2,67,59854.18481545214
2,68,57058.90407142377
2,69,55024.749755329416
2,70,52020.26811621519
2,71,50151.84988920925
2,72,49741.81793008818
2,73,49307.076034978025
2,74,43961.41871379902
2,75,41235.999792185656
2,76,40074.39056746192
2,77,40074.39056746192
2,78,40074.39056625549
2,79,38038.571034895125
2,80,38010.27995901853
2,81,37089.55996248377
2,82,36515.14073733798
2,83,35934.512545034944
2,84,34764.35730213029
2,85,32018.60627858389
2,86,32018.60626732377
2,87,31571.606858950625
2,88,30922.53846332418
2,89,30511.096851340855
2,90,30511.096849204623
2,91,30511.096849204623
2,92,28778.118990980765
2,93,27087.643744856345
2,94,26712.86398680219
2,95,26712.86398680219
2,96,26274.541461605735
2,97,25665.347549637423
2,98,25665.347535263092
2,99,25662.29121005293
2,100,25662.29121005293
2,101,25056.113097735804
2,102,25039.059509891275
2,103,24842.991014025967
2,104,24842.9910018453
2,105,21727.570496494023
2,106,20826.91382094921
2,107,20797.102048607176
2,108,20768.490526629976
2,109,19837.949873058904
2,110,19393.929363627456
2,111,18871.667083592667
2,112,18413.566090759843
2,113,18291.179892547945
2,114,18030.637060940207
2,115,18024.82934411006
2,116,17391.667653597924
2,117,17195.038516537446
2,118,17164.818228887158
2,119,16975.086306979574
2,120,16975.0863066806
2,121,16975.0863066806
2,122,16858.12955209137
2,123,16856.280114668036
2,124,16856.28011466787
2,125,15772.644077203842
2,126,15416.374034971761
2,127,15343.282335827811
2,128,14525.146898216215
2,129,14225.075494521163
2,130,13137.946072421862
2,131,13117.008011166234
2,132,13117.008011166234
2,133,12793.869653016693
2,134,12793.869653016693
2,135,12316.08333229402
2,136,11768.118922755048
2,137,11295.351817215325
2,138,11178.602439888087
2,139,10355.293776055794
2,140,10229.995650422925
2,141,9422.995668925567
2,142,9391.242854948807
2,143,9241.378646782654
2,144,9172.144065865232
2,145,9135.44672592309
2,146,9026.710859809778
2,147,8668.185857867347
2,148,8668.185857867298
2,149,8493.701904803787
2,150,8493.701904803787
2,151,8493.701904803787
2,152,8436.342545081356
2,153,8408.906462375768
2,154,8408.906462375742
2,155,8383.226056198188
2,156,8202.007040420525
2,157,8183.278694522427
2,158,7981.068875403907
2,159,7981.068346120301
2,160,7981.068346120288
2,161,7961.52332322219
2,162,7903.0676360971
2,163,7767.174614105947
2,164,7755.201569127205
2,165,7687.533472280382
2,166,7638.235815011418
2,167,7560.530579559483
2,168,7560.530579435153
2,169,7348.510050565063
2,170,7282.316827369893
2,171,7182.161230289064
2,172,7086.0675460717
2,173,7066.017489307735
2,174,7025.716121243233
2,175,6975.176348248635
2,176,6967.363740237781
2,177,6614.767978689645
2,178,6601.911375512893
2,179,6568.801130470204
2,180,6544.9625080286105
2,181,6487.612909636615
2,182,6487.612909636615
2,183,6442.744969251965
2,184,6442.744969251682
2,185,6372.137338002142
2,186,6370.4011215146575
2,187,6260.67492687729
2,188,6260.67492687729
2,189,6173.03995609626
2,190,6173.039956095878
2,191,6110.198376704688
2,192,6060.103054675115
2,193,5922.375458807075
2,194,5921.238229599162
2,195,5467.525778730403
2,196,5309.883645261811
2,197,5309.8836452608875
2,198,5256.989448616643
2,199,5256.989448614805
2,200,5240.14152506943
2,201,5239.588335705181
2,202,5222.330316518181
2,203,5218.349999823655
2,204,5197.6320318675525
2,205,5197.632031859703
2,206,5197.632031859703
2,207,5154.364160320447
2,208,5088.849686068777
2,209,5060.621802620937
2,210,4969.647196637733
2,211,4844.72774610867
2,212,4768.801955291232
2,213,4765.41343964857
2,214,4749.453093980145
2,215,4747.88998305778
2,216,4747.889983021745
2,217,4666.500274953937
2,218,4661.256289456027
2,219,4630.481388098216
2,220,4589.26924931384
2,221,4487.4172855835905
2,222,4458.107042679005
2,223,4451.948176115298
2,224,4418.301389770408
2,225,4332.424741646995
2,226,4309.324164171518
2,227,4309.308514119947
2,228,4309.20252150888
2,229,4306.972055857597
2,230,4297.542081344255
2,231,4273.143346084938
2,232,4273.143346084938
2,233,4140.405225086322
2,234,4102.702717038585
2,235,4053.63983780809
2,236,4016.345774903543
2,237,3990.9539041136777
2,238,3883.738490159
2,239,3824.2953604524023
2,240,3808.1014383839624
2,241,3774.334160145833
2,242,3771.9669375503645
2,243,3761.170720263263
2,244,3736.2745850673427
2,245,3721.95639813019
2,246,3708.279717769715
2,247,3708.279717769715
2,248,3629.2076062903348
2,249,3576.9562250478775
2,250,3545.566393358428
2,251,3534.233936032105
2,252,3523.824334573362
2,253,3423.1518029795575
2,254,3400.15756232626
2,255,3136.043791859605
2,256,3132.4255010840725
2,257,3124.52415964149
2,258,3089.30743084793
2,259,3006.8939432496
2,260,2988.28094377053
2,261,2986.5297371512424
2,262,2986.325563144455
2,263,2977.4337602015503
2,264,2915.3803168091827
2,265,2886.1697225713224
2,266,2857.0435527841323
2,267,2848.845031061235
2,268,2841.4511830345373
2,269,2744.2052220739624
2,270,2681.741411320635
2,271,2673.0451170962524
2,272,2636.33330040861
2,273,2551.8103765813075
2,274,2551.704970921705
2,275,2486.142906162365
2,276,2472.529221877125
2,277,2439.8031777048027
2,278,2427.778909885605
2,279,2407.41791793261
2,280,2302.6581488423676
2,281,2283.5899788208576
2,282,2283.5899788204074
2,283,2283.5899787878275
2,284,2279.357572199735
2,285,2244.137195304412
2,286,2238.217518118385
2,287,2237.23985726877
2,288,2235.3726991700178
2,289,2174.71213668714
2,290,2174.71213668714
2,291,2167.737411571505
2,292,2089.44894481334
2,293,2089.44894481334
2,294,2060.97079740459
2,295,2058.8049142857553
2,296,1982.6636542707652
2,297,1969.0698521082952
2,298,1936.0359750935925
2,299,1882.8364487332426
2,300,1878.4245616512849
2,301,1877.6951552477676
2,302,1868.8820405219951
2,303,1828.2103552661902
2,304,1828.2103552661877
2,305,1686.2454468870474
2,306,1640.2064217070274
2,307,1606.9795989838774
2,308,1601.4606076874425
2,309,1538.075143798735
2,310,1498.932916014655
2,311,1491.705159478275
2,312,1491.7051594774075
2,313,1490.468336862155
2,314,1478.630056410755
2,315,1447.7779971269651
2,316,1433.46102531384
2,317,1432.835795828075
2,318,1427.2528659715276
2,319,1418.223300103975
2,320,1388.0191410779926
2,321,1256.5337173647374
2,322,1107.55704608519
2,323,1098.8803689501824
2,324,1082.1360622390926
2,325,1062.2405792665327
2,326,1061.7392045996276
2,327,1060.600158022005
2,328,1060.6001580219975
2,329,1054.7189955312174
2,330,1026.5678914278901
2,331,1023.578072259655
2,332,962.5966624293875
2,333,958.5081717175799
2,334,958.1679635951399
2,335,957.0017612396275
2,336,951.5910083714325
2,337,948.2333302867049
2,338,947.854145820815
2,339,945.8489506675174
2,340,928.037122254705
2,341,921.1911899805975
2,342,914.4725625136774
2,343,911.5729297082901
2,344,888.93468071845
2,345,886.02598325504
2,346,859.2617348784676
2,347,836.6005153921526
2,348,826.6232977437876
2,349,819.97654618333
2,350,819.775609393595
2,351,819.77521247119
2,352,818.52511152807
2,353,733.1616139268425
2,354,729.0974133589975
2,355,721.225445013265
2,356,707.3371690098925
2,357,701.0234253697175
2,358,650.5509949627425
2,359,648.8985056699951
2,360,621.0079957238124
2,361,621.0079957238124
2,362,618.6668639672374
2,363,615.5842730729375
2,364,615.5842730729375
2,365,615.584273072905
2,366,615.2045711808349
2,367,606.51195465198
2,368,606.3608730431976
2,369,605.1221396591525
2,370,568.6988063150176
2,371,552.6912560578251
2,372,551.1960126251649
2,373,550.6237553957225
2,374,547.152185082925
2,375,546.60618677588
2,376,546.60618677588
2,377,536.661776783485
2,378,505.2112501168
2,379,503.48449189815244
2,380,490.05415338585254
2,381,477.49600445112003
2,382,473.30519886387503
2,383,472.6766937540125
2,384,472.407319387935
2,385,470.11102314933504
2,386,469.5175336437325
2,387,467.2327324928475
2,388,466.599439807175
2,389,465.2195918242425
2,390,464.9990412289625
2,391,464.59541803528
2,392,464.59541803527253
2,393,459.19042604054505
2,394,457.0163037619025
2,395,448.0132829226051
2,396,447.4740791050975
2,397,446.7245743457
2,398,445.77790902718
2,399,445.1221046011875
2,400,443.487946532535
2,401,430.5536225310575
2,402,428.7107993632925
2,403,428.5982174804625
2,404,427.5791968753025
2,405,425.048722860345
2,406,424.01004047234744
2,407,412.544659321165
2,408,411.2240045656125
2,409,409.7418479078125
2,410,409.052391233985
2,411,399.9056715247875
2,412,396.7616412696575
2,413,394.444159839285
2,414,391.2377944719825
2,415,391.2377944701
2,416,390.5021313861525
2,417,390.22563203334755
2,418,389.3990537383675
2,419,387.317973502615
2,420,387.04065661691004
2,421,386.71377330251005
2,422,386.4356651179575
2,423,386.15915084045
2,424,384.6968474448
2,425,384.5092508607925
2,426,384.157286911835
2,427,383.846160572335
2,428,375.9500369592
2,429,373.345117836735
2,430,372.448230615605
2,431,372.41510788802253
2,432,371.944466122035
2,433,361.958941170555
2,434,355.868218344635
2,435,351.942243720765
2,436,351.86537601696
2,437,350.66110600083255
2,438,350.21216552649497
2,439,350.21216552349
2,440,350.1429586197025
2,441,349.17762410595503
2,442,348.972608107485
2,443,348.73474300027
2,444,348.73474300027
2,445,348.7347429986375
2,446,346.6031296688925
2,447,343.77909342345754
2,448,343.641137715875
2,449,341.77774435188246
2,450,340.3932137459525
2,451,337.3222056262675
2,452,336.96259871281
2,453,334.75847928581254
2,454,334.4939596385575
2,455,333.91621470035
2,456,332.6775337429475
2,457,331.663634286125
2,458,329.211339220725
2,459,323.9649800933125
2,460,323.701018540315
2,461,320.504456492605
2,462,318.9580789468125
2,463,318.8857459254025
2,464,318.539348703405
2,465,317.3846541667325
2,466,310.0371247546375
2,467,309.62371150417755
2,468,307.55407328439753
2,469,306.05208158846
2,470,305.773283528025
2,471,301.329884085975
2,472,300.23498056405003
2,473,298.055905230425
2,474,296.9338265446175
2,475,296.4536849473175
2,476,294.2240457922725
2,477,293.863500805995
2,478,293.6118876448225
2,479,288.2650455899475
2,480,287.83953933023247
2,481,286.50967553627004
2,482,286.05521746859
2,483,284.84488156381997
2,484,284.549702873275
2,485,283.83442561442996
2,486,281.9940638170675
2,487,279.50227267598495
2,488,279.3662674604025
2,489,278.6228421292825
2,490,278.4652320988775
2,491,277.923325926355
2,492,275.5241931762625
2,493,272.63707526253
2,494,270.922988825745
2,495,267.340896268975
2,496,267.18671499289246
2,497,263.835211244455
2,498,258.6504161268525
2,499,258.57799566599
2,500,258.4088860074075
2,501,257.91035945318
2,502,255.1556499150575
2,503,251.37793463820498
2,504,251.2161238275525
2,505,245.677344330195
2,506,244.40922462712
2,507,243.8671152499025
2,508,243.8671152498975
2,509,242.7702176727575
2,510,241.6575190129125
2,511,239.2543444813425
2,512,239.09051873967752
2,513,238.2119463266525
2,514,233.98970733893503
2,515,231.48273294843253
2,516,227.0270442919075
2,517,225.76636178764002
2,518,224.52458207872002
2,519,224.19246728371
2,520,223.89953049012752
2,521,222.1428175340825
2,522,218.77496897036
2,523,216.5952819344625
2,524,213.9376685694975
2,525,213.41150508054253
2,526,212.78681408557
2,527,212.303148633825
2,528,209.10343872835
2,529,207.83843777133
2,530,206.6671315687925
2,531,206.1560076943325
2,532,203.886967881505
2,533,198.55867461835
2,534,197.15428370755748
2,535,197.15428370755748
2,536,196.6495114191325
2,537,193.291330946015
2,538,188.3864965889275
2,539,186.346855796025
2,540,184.303853831575
2,541,184.0068592966925
2,542,182.9007116879325
2,543,181.0883814160575
2,544,179.4399455158875
2,545,179.35410532215502
2,546,177.9536098562975
2,547,176.37591401287
2,548,176.1516588588225
2,549,176.11554508182252
2,550,174.284422647465
2,551,172.7380990651225
2,552,172.1595550108375
2,553,171.5074561910775
2,554,168.9746080486675
2,555,168.40721567467
2,556,168.0078754043525
2,557,166.09957003599249
2,558,163.30137040791
2,559,163.03894280654998
2,560,163.0104539999925
2,561,157.27606552134
2,562,156.58590494661502
2,563,156.58408270442752
2,564,156.361353492105
2,565,147.60594513884251
2,566,146.02204966091
2,567,146.016976571685
2,568,145.69343607953752
2,569,144.8288964317125
2,570,143.07441847001752
2,571,134.14149519497
2,572,133.844784201895
2,573,133.05790914983498
2,574,133.05790901883
2,575,132.0267347357325
2,576,132.0225613544525
2,577,127.72721305432749
2,578,127.1885703194225
2,579,121.50120251374501
2,580,120.6515037310775
2,581,119.72426698251249
2,582,119.198967705235
2,583,115.679116155
2,584,115.32958654243001
2,585,114.13993397146001
2,586,113.4753209540975
2,587,112.26489550409
2,588,111.78500019762751
2,589,107.33340088458252
2,590,104.6650431666975
2,591,104.665043115955
2,592,101.18037036760501
2,593,101.1108566670325
2,594,101.110077941485
2,595,98.8026109757175
2,596,98.66089744518999
2,597,97.16796558975
2,598,95.4919026121725
2,599,94.8987266315175
2,600,94.850690132465
2,601,92.2094041678525
2,602,91.8198761392875
2,603,90.663765958745
2,604,88.7438966297625
2,605,87.741519666945
2,606,87.60895038793
2,607,86.2162983939275
2,608,84.2349032641425
2,609,84.15633825823501
2,610,83.9610606380775
2,611,83.8846252383875
2,612,83.81231483798
2,613,81.1885779141075
2,614,81.1804700768125
2,615,80.628106674025
2,616,80.628106559275
2,617,78.026574272855
2,618,76.9180339244225
2,619,72.45930452618249
2,620,72.459304525435
2,621,70.47859693316249
2,622,69.9657340361525
2,623,69.517782684455
2,624,69.5161875505375
2,625,61.935346056065
2,626,61.3936432346375
2,627,61.393643156592496
2,628,60.20599889576751
2,629,58.9791569825225
2,630,58.8505653430925
2,631,57.9469375532125
2,632,57.9469375502775
2,633,57.92794245436001
2,634,57.249519596000006
2,635,57.15608280404
2,636,56.8374081029825
2,637,53.889297336892504
2,638,53.742201389189994
2,639,53.296723869439994
2,640,53.095910388525
2,641,51.50118691024251
2,642,51.2110695917675
2,643,49.2781738523825
2,644,47.1455505277075
2,645,46.71015771103
2,646,46.39754225666
2,647,46.1248237604775
2,648,46.124823532997496
2,649,42.407043350704996
2,650,42.31587036581
2,651,41.819453649885006
2,652,41.761590860225
2,653,41.1874723430975
2,654,41.092817136517496
2,655,38.007352097425
2,656,37.6765676464925
2,657,37.4240771608775
2,658,37.314280349305
2,659,37.299715835195
2,660,35.348981186905
2,661,34.0096221390675
2,662,32.958706198385
2,663,32.327278567815
2,664,32.32727853073
2,665,32.2581427775075
2,666,31.992364600607498
2,667,28.3212164722675
2,668,27.78423965546
2,669,23.9750710716275
2,670,23.7116562968925
2,671,23.7116561285025
2,672,23.7116553154175
2,673,23.227908982462502
2,674,23.22790679588
2,675,22.5362681329025
2,676,22.46058835012
2,677,22.460588225635
2,678,22.4562493897475
2,679,21.989615107035
2,680,21.959800993855
2,681,21.359844291225
2,682,21.0984531224525
2,683,20.234103134900003
2,684,20.2341019653
2,685,19.7836670278
2,686,19.783666636284998
2,687,19.69096558734
2,688,19.5322965095375
2,689,18.899332821955
2,690,18.754082478134997
2,691,18.354314886855
2,692,17.3223659846025
2,693,17.1519445267575
2,694,17.151944476815
2,695,16.1269343540675
2,696,16.126932907559997
2,697,15.89376424577
2,698,15.7879571296075
2,699,15.612616143885
2,700,15.285761438222499
2,701,15.285029434025
2,702,15.285027891382502
2,703,14.6445196128625
2,704,14.6424554531275
2,705,14.575535437004998
2,706,14.575535414730002
2,707,14.5755352892975
2,708,14.575533779772499
2,709,14.315994957885
2,710,14.3149108208775
2,711,14.1773571989125
2,712,14.1773571831625
2,713,14.177357124842498
2,714,14.177355898075001
2,715,13.9843561216075
2,716,13.981411279875
2,717,8.6543135010925
2,718,8.654313483605
2,719,8.65431342406
2,720,8.6543126312225
2,721,8.4618557465925
2,722,8.4578702261225
2,723,8.0699670502675
2,724,8.0699670363725
2,725,8.069966950795001
2,726,8.0699663729625
2,727,7.966176687102499
2,728,7.966176339822499
2,729,7.2463869119625
2,730,7.246386882257499
2,731,7.246386838579999
2,732,7.246386105965
2,733,7.21575435588
2,734,7.2157528645825
2,735,6.5380063587075
2,736,6.5380063440525
2,737,6.538006320055
2,738,6.538005876194999
2,739,6.5169052002125
2,740,6.5169041616675
2,741,6.144156328259999
2,742,6.144156321664999
2,743,6.14415630161
2,744,6.1441558638575
2,745,6.1057364692175
2,746,6.1057358141849996
2,747,5.3857106380975
2,748,5.3857106300725
2,749,5.38571057987
2,750,5.3857098351425
2,751,5.3794170956
2,752,5.3794148534325
2,753,4.9377707610075
2,754,4.9377707411425
2,755,4.9377706692725
2,756,4.93777027525
2,757,4.9277373066
2,758,4.9277363144775
2,759,4.5364360128075
2,760,4.536436005112501
2,761,4.536435961705
2,762,4.5364356266999994
2,763,4.5332502296725
2,764,4.533249435875
2,765,3.99729350649
2,766,3.9972935007375
2,767,3.9972934644625
2,768,3.9972931584225
2,769,3.992459937855
2,770,3.992459042555
2,771,3.77023748357
2,772,3.7702374701850006
2,773,3.770237414625
2,774,3.7702370595725
2,775,3.7672252274575
2,776,3.7672235323200005
2,777,3.5334966594175
2,778,3.5334966487450004
2,779,3.5334966084199997
2,780,3.5334964637799997
2,781,3.5314510808249997
2,782,3.5314495473824996
2,783,3.2069852312499996
2,784,3.2069852247175
2,785,3.2069851798575
2,786,3.206985079175
2,787,3.198664178215
2,788,3.19866312178
2,789,2.9696410953675
2,790,2.9696410834624998
2,791,2.9696410463675003
2,792,2.9696408177799998
2,793,2.9660086797325
2,794,2.9660081005125
2,795,2.7599792523450004
2,796,2.7599792461
2,797,2.759979222315
2,798,2.7599790226825
2,799,2.75623865695
2,800,2.7562376357025
2,801,2.1762128246900003
2,802,2.1762128200574997
2,803,2.1762127988425
2,804,2.1762125561525
2,805,2.1715228590424998
2,806,2.1715218643825
2,807,1.9715435534699999
2,808,1.9715435517825
2,809,1.9715435259
2,810,1.9715433480525
2,811,1.9677934516575
2,812,1.96779280395
2,813,1.7816146066099996
2,814,1.7816146051824997
2,815,1.7816145863775
2,816,1.7816143497599999
2,817,1.7763685273599996
2,818,1.7763675687725002
2,819,1.3989261379799998
2,820,1.3989261353624998
2,821,1.3989261176474999
2,822,1.3989259057425
2,823,1.397066145595
2,824,1.397064965225
2,825,0.92167112929
2,826,0.921671128305
2,827,0.9216711133775
2,828,0.921671031405
2,829,0.9197997061125
2,830,0.9197981488175
2,831,0.4840588838175
2,832,0.4840588827925
2,833,0.48405886457999997
2,834,0.484058763095
2,835,0.4832972212525
2,836,0.4832954177875
2,837,0.3434599709325
2,838,0.34345996959249997
2,839,0.34345996756749997
2,840,0.3434599161325
2,841,0.34305631471
2,842,0.34305509445750004
2,843,0.29591631435
2,844,0.2959163136725
2,845,0.2959163131425
2,846,0.29591626024749995
2,847,0.2955520786375
2,848,0.29555111242
2,849,0.23974585197499998
2,850,0.23974585161
2,851,0.2397458505025
2,852,0.23974583113249998
2,853,0.2395719715775
2,854,0.239571422665
2,855,0.226395521955
2,856,0.226395521875
2,857,0.22639551661750001
2,858,0.22639547761499998
2,859,0.22593262741749998
2,860,0.22593215028999997
2,861,0.163724289
2,862,0.16372428887749998
2,863,0.16372428479
2,864,0.1637242352975
2,865,0.16359502989250002
2,866,0.163594564875
2,867,0.10347674185
2,868,0.1034767417925
2,869,0.103476740895
2,870,0.103476722805
2,871,0.103174460395
2,872,0.103173764335
2,873,0.0595958315525
2,874,0.059595831502499995
2,875,0.0595958293175
2,876,0.059595774265
2,877,0.059389198795
2,878,0.059388527455000006
2,879,0.033516395915
2,880,0.03351639587
2,881,0.033516393175
2,882,0.03351633455
2,883,0.0333999336975
2,884,0.033399597025
2,885,0.022206280885
2,886,0.022206280847500003
2,887,0.022206275057500002
2,888,0.022206249827500003
2,889,0.02213802214
2,890,0.022137971197500002
2,891,0.0129947685875
2,892,0.012994768535000001
2,893,0.0129947652325
2,894,0.012994738114999998
2,895,0.01298890365
2,896,0.01298865799
2,897,0.011361501295
2,898,0.01136150104
2,899,0.01136149924
2,900,0.0113614917075
2,901,0.0113495132525
2,902,0.0113492696425
2,903,0.0096040179975
2,904,0.00960401785
2,905,0.0096040156675
2,906,0.0096040085125
2,907,0.009599254409999999
2,908,0.00959906466
2,909,0.006939900152499999
2,910,0.006939900022499999
2,911,0.006939899155
2,912,0.0069398908674999996
2,913,0.0069350457425
2,914,0.0069348563749999995
2,915,0.0030916783
2,916,0.003091678285
2,917,0.0030916764625
2,918,0.0030916732149999997
2,919,0.0030645094024999995
2,920,0.00306442595
2,921,0.0023105177500000003
2,922,0.0023105177375
2,923,0.002310514645
2,924,0.0023105130775
2,925,0.002310469115
2,926,0.00231044974
2,927,0.00163719362
2,928,0.0016371936074999999
2,929,0.0016371932374999998
2,930,0.00163719271
2,931,0.00163078927
2,932,0.0016307753050000002
2,933,0.0014077144625
2,934,0.0014077144525
2,935,0.001407710825
2,936,0.001407710385
2,937,0.0014043135475
2,938,0.00140430187
2,939,0.00101567787
2,940,0.00101567779
2,941,0.001015674325
2,942,0.001015673945
2,943,0.0010100632725
2,944,0.0010100604150000002
2,945,0.0007610883175000001
2,946,0.00076108824
2,947,0.0007610855299999999
2,948,0.0007610850775
2,949,0.0007564595025
2,950,0.0007564468625
2,951,0.0004659599575
2,952,0.00046595974499999995
2,953,0.0004659590625
2,954,0.00046595809
2,955,0.0004648696075
2,956,0.00046486285499999997
2,957,0.00043032766250000005
2,958,0.00043032759750000004
2,959,0.00043032668750000004
2,960,0.0004303264775
2,961,0.00042838822750000005
2,962,0.00042838663000000003
2,963,0.00034499643250000004
2,964,0.00034499637
2,965,0.0003449952375
2,966,0.00034499263
2,967,0.0003421798075
2,968,0.00034217892499999994
2,969,0.0002220835475
2,970,0.0002220835425
2,971,0.000222082445
2,972,0.0002220788425
2,973,0.0002199105925
2,974,0.00021990967
2,975,0.00010105993250000001
2,976,0.00010105993250000001
2,977,0.00010105932749999999
2,978,0.00010105385249999999
2,979,9.935921e-05
2,980,9.935788e-05
2,981,4.751096e-05
2,982,4.751096e-05
2,983,4.7510245e-05
2,984,4.7506494999999996e-05
2,985,4.45375425e-05
2,986,4.45374825e-05
2,987,3.5472012500000006e-05
2,988,3.5472012500000006e-05
2,989,3.5471522500000006e-05
2,990,3.5467570000000004e-05
2,991,3.31328825e-05
2,992,3.313209e-05
2,993,1.5278682500000002e-05
2,994,1.5278625e-05
2,995,1.52784075e-05
2,996,1.5278295e-05
2,997,1.4903557500000001e-05
2,998,1.4903534999999998e-05
2,999,1.1822569999999999e-05
2,1000,1.182253e-05
3,1,415.77492448549503
3,2,205.2379493182225
3,3,177.3308468894225
3,4,164.186363674365
3,5,157.40157396705249
3,6,153.254954080335
3,7,127.32655246019249
3,8,116.87470937729499
3,9,107.345185860485
3,10,96.3090941468625
3,11,91.69388041114999
3,12,86.9225424136725
3,13,81.21481738602
3,14,77.738928520155
3,15,76.89828619242
3,16,75.0422391647
3,17,74.37966717798
3,18,72.96093850820999
3,19,70.667350854535
3,20,70.667350854535
3,21,67.91743885226
3,22,67.06124610167
3,23,66.7559951470575
3,24,66.4668187242575
3,25,64.592122306885
3,26,63.4074163504525
3,27,61.916672289225005
3,28,60.91985498232
3,29,60.58948383178
3,30,60.274575238800004
3,31,59.57188949203
3,32,58.95945150649
3,33,56.442268005227504
3,34,56.149454505150004
3,35,53.8549417789175
3,36,53.279297263260005
3,37,53.195462447725006
3,38,52.02906516676249
3,39,51.1324545236775
3,40,50.938960066865
3,41,50.042704771812495
3,42,49.35768516319
3,43,47.7874738119375
3,44,47.7874738119375
3,45,46.421797675135004
3,46,45.6169065108225
3,47,45.59047962621
3,48,44.693264954385
3,49,44.35771374115
3,50,43.3525718227575
3,51,42.731358129355
3,52,42.3970021560875
3,53,42.10822202553
3,54,41.4697979230925
3,55,40.74325295195
3,56,40.64689461414
3,57,40.6087497140225
3,58,40.2894340221775
3,59,39.7418942201125
3,60,39.517052794887505
3,61,39.345776741242496
3,62,38.2108490727625
3,63,37.791974070205
3,64,37.38583655854
3,65,35.5627873248975
3,66,35.312880998702504
3,67,35.0268429333025
3,68,35.0268429333025
3,69,34.558311981675004
3,70,34.450201918425
3,71,34.376742234405
3,72,34.3398767819575
3,73,34.16545197315
3,74,33.698119033017505
3,75,33.65325359874
3,76,33.65325359874
3,77,33.65325359874
3,78,32.9304211259525
3,79,32.5927775244675
3,80,32.5733548069175
3,81,32.24895477546
3,82,31.30863544047
3,83,31.30863544047
3,84,30.645306777094998
3,85,30.3773107697475
3,86,30.3773107697475
3,87,30.3773107697475
3,88,30.309912722895
3,89,30.196308742945
3,90,30.086781599507503
3,91,29.88327031695
3,92,29.680099813869997
3,93,29.673970366295
3,94,29.673970366295
3,95,29.673970366295
3,96,29.673970366295
3,97,29.51084622326
3,98,29.301169960242497
3,99,29.214663701185003
3,100,28.9542870622575
3,101,28.9542870622575
3,102,28.48352519959
3,103,28.095395897000003
3,104,27.999162438452498
3,105,27.999162438452498
3,106,27.542150841597497
3,107,27.358250928245003
3,108,27.352396963765
3,109,27.213330249770003
3,110,27.213330249770003
3,111,27.148477656107502
3,112,27.148477656107502
3,113,27.02056469971
3,114,27.015647062927503
3,115,27.015647062927503
3,116,27.015647062927503
3,117,26.5178648732625
3,118,26.5077720391825
3,119,26.5077720391825
3,120,25.832022590242502
3,121,25.29200492152
3,122,24.8033824157475
3,123,24.091609084505002
3,124,24.091609084505002
3,125,24.033223128145
3,126,24.033223128145
3,127,24.0202335539975
3,128,24.0202335539975
3,129,23.797611331885
3,130,23.7436293735725
3,131,23.20698973415
3,132,23.183639161614998
3,133,23.183639161614998
3,134,23.183639161614998
3,135,23.183639161614998
3,136,23.1297498658825
3,137,22.9655015246375
3,138,22.9655015246375
3,139,22.8486988423475
3,140,22.445640839045
3,141,22.379196909515
3,142,22.293798636785
3,143,22.293798636785
3,144,22.136933398855
3,145,21.8314391105975
3,146,21.813832198735
3,147,21.813832198735
3,148,21.7188042983125
3,149,21.707883900102498
3,150,21.6306694924125
3,151,21.6306694924125
3,152,21.529380937982502
3,153,21.5163295277375
3,154,21.5163295277375
3,155,21.3896874675675
3,156,21.3457436321225
3,157,21.3457436321225
3,158,21.3195077224225
3,159,21.0374899022
3,160,20.955551802727502
3,161,20.955551802727502
3,162,20.955551802727502
3,163,20.869214878162502
3,164,20.869214878162502
3,165,20.5394406224625
3,166,20.2219500908875
3,167,20.071757948537503
3,168,19.794810933569998
3,169,19.794810933569998
3,170,19.754139465615
3,171,19.754139465615
3,172,19.754139465615
3,173,19.618616752457502
3,174,19.618616752457502
3,175,19.489318238742502
3,176,19.489318238742502
3,177,19.138200448435
3,178,19.138200448435
3,179,19.118139709535
3,180,19.118139709535
3,181,19.118139709535
3,182,19.118139709535
3,183,19.118139709535
3,184,18.9572267695775
3,185,18.9572267695775
3,186,18.9572267695775
3,187,18.7853581882825
3,188,18.7853581882825
3,189,18.7853581882825
3,190,18.6395122751225
3,191,18.56270317152
3,192,18.56270317152
3,193,18.087924267565
3,194,18.0806821117725
3,195,18.0806821117725
3,196,18.0806821117725
3,197,18.0806821117725
3,198,18.0806821117725
3,199,18.059873081647503
3,200,17.8730100304075
3,201,17.8689472170225
3,202,17.8689472170225
3,203,17.790404553175
3,204,17.6117348886325
3,205,17.343386720635003
3,206,17.1266116985725
3,207,17.0881255517975
3,208,17.0881255517975
3,209,17.0881255517975
3,210,17.021852421734998
3,211,17.020240512584998
3,212,16.70318554124
3,213,16.6217232369325
3,214,16.6070669848575
3,215,16.6070669848575
3,216,16.6070669848575
3,217,16.6070669848575
3,218,16.5586773803
3,219,16.4433026260725
3,220,16.4433026260725
3,221,16.4433026260725
3,222,16.183589276415
3,223,16.183589276415
3,224,15.941079107864999
3,225,15.907073942587498
3,226,15.809947071522501
3,227,15.74150674505
3,228,15.74150674505
3,229,15.74150674505
3,230,15.74150674505
3,231,15.697826323375
3,232,15.685500937450001
3,233,15.551892753210002
3,234,15.5006262485675
3,235,15.5006262485675
3,236,15.5006262485675
3,237,15.5006262485675
3,238,15.475670134465
3,239,15.475670134465
3,240,15.475670134465
3,241,15.475670134465
3,242,15.417702444715
3,243,15.3424684963825
3,244,15.3424684963825
3,245,15.336764319812499
3,246,15.336764319812499
3,247,15.336764319812499
3,248,15.191472601047499
3,249,15.1007700075875
3,250,15.1007700075875
3,251,15.067305349444998
3,252,14.9339210014525
3,253,14.932052353147501
3,254,14.862361751505
3,255,14.862361751505
3,256,14.862361751505
3,257,14.824001148319999
3,258,14.683752527595
3,259,14.68375251225
3,260,14.68375251225
3,261,14.678945634405
3,262,14.622818673525
3,263,14.615038295822501
3,264,14.5333579117
3,265,14.5333579117
3,266,14.5096350983175
3,267,14.5096350983175
3,268,14.481036397405001
3,269,14.4325678936425
3,270,14.363289309377501
3,271,14.339820601815001
3,272,14.339820601815001
3,273,14.289527755360002
3,274,14.289527755360002
3,275,14.030337630255
3,276,14.0303376174775
3,277,14.029346143615001
3,278,13.739507450687501
3,279,13.739507418325
3,280,13.733163773224998
3,281,13.532814273847501
3,282,13.412425147305001
3,283,13.412425147305001
3,284,13.262431557912501
3,285,13.21941311286
3,286,13.18649031103
3,287,13.01875386947
3,288,13.010897781955
3,289,12.965420579575001
3,290,12.963820803614999
3,291,12.9456977908575
3,292,12.9456977908575
3,293,12.917090113117501
3,294,12.847711457509998
3,295,12.8173178712775
3,296,12.7985968535425
3,297,12.7838450523975
3,298,12.7838450523975
3,299,12.68023132459
3,300,12.68023132459
3,301,12.6199046184475
3,302,12.6055327985025
3,303,12.377110982255001
3,304,12.3043819162275
3,305,12.247755759004999
3,306,12.1376167605725
3,307,12.0169184892375
3,308,12.00599254834
3,309,11.9080921265125
3,310,11.908092068165
3,311,11.8082179798725
3,312,11.8042664026625
3,313,11.804266402282499
3,314,11.793119947225
3,315,11.788922449515
3,316,11.73906375354
3,317,11.705190807625
3,318,11.705190807625
3,319,11.6641151694275
3,320,11.6594717441325
3,321,11.6261933722375
3,322,11.622977401170001
3,323,11.4657952114175
3,324,11.1231207357025
3,325,11.1072673575675
3,326,11.0609053956225
3,327,11.0553578790975
3,328,11.0553578790975
3,329,10.985427130765
3,330,10.97692984413
3,331,10.92074994215
3,332,10.9095844200125
3,333,10.892139092415
3,334,10.83764855694
3,335,10.80610804249
3,336,10.80610804152
3,337,10.80036465639
3,338,10.785336140875
3,339,10.6987145200575
3,340,10.617943677755
3,341,10.37376179038
3,342,10.3696644260925
3,343,10.24732254648
3,344,10.24732254648
3,345,10.1667040968
3,346,10.129714993724999
3,347,10.1278221908375
3,348,10.111277427272501
3,349,10.050991732202501
3,350,10.050991732202501
3,351,10.050991732202501
3,352,10.0355763276075
3,353,9.953209911975
3,354,9.9114259397675
3,355,9.9114259380375
3,356,9.874778674135
3,357,9.812550471735
3,358,9.803118195542499
3,359,9.80311767816
3,360,9.7847115560325
3,361,9.6951416873675
3,362,9.67504271268
3,363,9.50534874528
3,364,9.50534874528
3,365,9.44957957782
3,366,9.44957957782
3,367,9.4341524304175
3,368,9.4261565678525
3,369,9.3978796791625
3,370,9.39787967871
3,371,9.141437784992501
3,372,8.9538220325175
3,373,8.95238964573
3,374,8.9512388757475
3,375,8.916841115587498
3,376,8.90810209161
3,377,8.740365467385
3,378,8.6901403690975
3,379,8.679961938765
3,380,8.676336589689999
3,381,8.676336589689999
3,382,8.6757043614775
3,383,8.5800998704025
3,384,8.5626747663675
3,385,8.549009648455
3,386,8.5197985179125
3,387,8.518580645922501
3,388,8.4681160697975
3,389,8.4353843211075
3,390,8.4353843137925
3,391,8.4353843137925
3,392,8.4266069832125
3,393,8.42420193659
3,394,8.3876350939825
3,395,8.352138945865
3,396,8.352138941645
3,397,8.3170602172575
3,398,8.316430632774999
3,399,8.3146715021525
3,400,8.31043699273
3,401,8.292255795605
3,402,8.28014027555
3,403,8.2728885770875
3,404,8.272739853375
3,405,8.2714715491725
3,406,8.2704075168125
3,407,8.2578267018675
3,408,8.2542412962175
3,409,8.2511175470275
3,410,8.246251625625
3,411,8.229443846405001
3,412,8.2280989749125
3,413,8.20360919676
3,414,8.203609195865
3,415,8.162490314165
3,416,8.162490312827499
3,417,8.1575692737025
3,418,8.15701431785
3,419,8.114614812407499
3,420,8.114603658795001
3,421,8.06583559705
3,422,8.06583559681
3,423,8.021772976187501
3,424,8.0177600850775
3,425,7.9253589161299995
3,426,7.9251533997050005
3,427,7.901479193235
3,428,7.9001174942875
3,429,7.8980114227175
3,430,7.8980114227175
3,431,7.8262130265325
3,432,7.8259352685925
3,433,7.8257084991650006
3,434,7.8251341317975
3,435,7.818651227795
3,436,7.8186512274875
3,437,7.652572406245
3,438,7.647896837605001
3,439,7.647896832320001
3,440,7.647590917
3,441,7.6453033963425
3,442,7.6449498773325
3,443,7.6406522650425
3,444,7.640652265040001
3,445,7.638263534235
3,446,7.638041480125
3,447,7.63804148
3,448,7.6378634426375
3,449,7.60550743259
3,450,7.603020014705
3,451,7.6030200048775
3,452,7.602951631362499
3,453,7.6021057047925
3,454,7.5942258220525005
3,455,7.466456694974999
3,456,7.466456682745
3,457,7.4663649349075
3,458,7.4280162426375
3,459,7.4177453189074996
3,460,7.41719665936
3,461,7.4167952809374995
3,462,7.4151591785525
3,463,7.4140004551450005
3,464,7.34790833009
3,465,7.34790833009
3,466,7.3479083283075
3,467,7.3397966350749995
3,468,7.339529215265
3,469,7.2837841594
3,470,7.2684214606625
3,471,7.268279021975
3,472,7.268279016495001
3,473,7.2494751408775
3,474,7.248814867155
3,475,7.2429648104625
3,476,7.242397480925
3,477,7.231785573185
3,478,7.2317855715425
3,479,7.2168411925900005
3,480,7.21684118277
3,481,7.210794178675
3,482,7.2107941570475
3,483,7.20928327604
3,484,7.209279990000001
3,485,7.193217268044999
3,486,7.18986325867
3,487,7.1846952315075
3,488,7.1812180491975
3,489,7.1719153453299995
3,490,7.168820654115
3,491,7.148579000582499
3,492,7.143863382035001
3,493,7.1419217675599995
3,494,7.14062623057
3,495,7.1404237864875
3,496,7.140323479967501
3,497,7.111634062609999
3,498,7.109653534954999
3,499,7.104187365357499
3,500,7.1027237597775
3,501,7.1021047705575
3,502,7.100917976577501
3,503,7.100288715262501
3,504,7.1001926416700005
3,505,7.0960417376975
3,506,7.096041737589999
3,507,7.0208783463875
3,508,7.020878346357501
3,509,6.99507008162
3,510,6.9950700809125
3,511,6.9937909204425
3,512,6.9936406305025
3,513,6.993613662927499
3,514,6.944763746462501
3,515,6.9429788706575
3,516,6.942978870429999
3,517,6.9425620002274995
3,518,6.942562000219999
3,519,6.9425324560999995
3,520,6.941862913837499
3,521,6.9358327049625
3,522,6.93582855158
3,523,6.9336242772825
3,524,6.9336242772825
3,525,6.9336170452250006
3,526,6.9336170432049995
3,527,6.9323057242025
3,528,6.931659027915001
3,529,6.93164908058
3,530,6.9309583807775
3,531,6.929759532279999
3,532,6.9287436145525
3,533,6.92791819845
3,534,6.927139609615
3,535,6.921008021317499
3,536,6.9209901109575
3,537,6.920438983855
3,538,6.9204357694725
3,539,6.91998517325
3,540,6.9198256843824995
3,541,6.9195636065825
3,542,6.9195636065825
3,543,6.918512218475
3,544,6.9167403279225
3,545,6.9166958946175
3,546,6.9159568676825005
3,547,6.9159564228649995
3,548,6.915407079457499
3,549,6.9133478582975005
3,550,6.91326867918
3,551,6.91326452168
3,552,6.913264521674999
3,553,6.9006007670225005
3,554,6.900597388257499
3,555,6.8726320641325005
3,556,6.8721800646424995
3,557,6.8721763164425
3,558,6.868668365547499
3,559,6.8686651159025
3,560,6.86866511584
3,561,6.868629928305
3,562,6.8686153258675
3,563,6.868611553927499
3,564,6.8593944143775
3,565,6.859376089622501
3,566,6.8593760896000004
3,567,6.8593760896000004
3,568,6.8593700416225
3,569,6.8589638246725
3,570,6.8589516682925
3,571,6.858362757477499
3,572,6.8581401869875
3,573,6.8581024287600005
3,574,6.858096529927499
3,575,6.857837676535
3,576,6.85510821506
3,577,6.8550251392275
3,578,6.854462662122499
3,579,6.854462662122499
3,580,6.854406687352499
3,581,6.8383685673975
3,582,6.8374560573575
3,583,6.8374453326475
3,584,6.837356020905
3,585,6.83059694727
3,586,6.8302983688425005
3,587,6.829815975632501
3,588,6.82977000798
3,589,6.829761013815
3,590,6.788825056179999
3,591,6.787944675625001
3,592,6.787944675615
3,593,6.787763702065
3,594,6.787763702065
3,595,6.7875689836025
3,596,6.78755823136
3,597,6.78755823136
3,598,6.7875533687625
3,599,6.786940708515
3,600,6.786940708515
3,601,6.76993515092
3,602,6.7699113837425005
3,603,6.769910997207499
3,604,6.769906981015
3,605,6.769823435137499
3,606,6.769823435137499
3,607,6.769823435137499
3,608,6.769822488267499
3,609,6.769489950662501
3,610,6.7693388454475
3,611,6.75537062506
3,612,6.7542070742625
3,613,6.753460026847501
3,614,6.75345987522
3,615,6.75345987522
3,616,6.7534573077025
3,617,6.7174934846775
3,618,6.7174934020674995
3,619,6.71740366679
3,620,6.7173969305200005
3,621,6.7173969305200005
3,622,6.7173969305200005
3,623,6.717350575655
3,624,6.717350575655
3,625,6.71661053864
3,626,6.71661053864
3,627,6.71661053864
3,628,6.716248933839999
3,629,6.716248933835
3,630,6.716247824887501
3,631,6.7161399732875
3,632,6.715972477725001
3,633,6.715969545589999
3,634,6.7157908665825
3,635,6.7072319240675
3,636,6.707229178985
3,637,6.707228907815001
3,638,6.707228907815001
3,639,6.7069566018475
3,640,6.7069143843025
3,641,6.7069143843025
3,642,6.706884075585
3,643,6.7062431052425
3,644,6.7059393865375
3,645,6.7059393865375
3,646,6.7059393757075
3,647,6.7058895162525
3,648,6.7058887224975
3,649,6.701679887815
3,650,6.701679887815
3,651,6.701679887815
3,652,6.701679887815
3,653,6.7016794986549995
3,654,6.7016794986549995
3,655,6.7016794986549995
3,656,6.7016794986549995
3,657,6.6683081368575
3,658,6.6682980424150005
3,659,6.66829794962
3,660,6.668268620959999
3,661,6.668268620905001
3,662,6.666978647985
3,663,6.666978356302501
3,664,6.666978113832501
3,665,6.666978113832501
3,666,6.666947126775
3,667,6.665612257235
3,668,6.665612218465
3,669,6.665505155027501
3,670,6.6654883423
3,671,6.6654883423
3,672,6.6565380812149995
3,673,6.6427461169325
3,674,6.6427461169325
3,675,6.6425705118225
3,676,6.642521606385
3,677,6.6425030791575
3,678,6.6425026317975
3,679,6.6424439743649994
3,680,6.642443974360001
3,681,6.6423819604375
3,682,6.6423754188575
3,683,6.64237537294
3,684,6.638972899872501
3,685,6.638588083829999
3,686,6.638588083825001
3,687,6.638588072335
3,688,6.638588072335
3,689,6.63858584344
3,690,6.6385850054299995
3,691,6.63858497816
3,692,6.6384089939275
3,693,6.638408691857499
3,694,6.638265011682501
3,695,6.636351571017499
3,696,6.636351571017499
3,697,6.6362138254800005
3,698,6.636007034844999
3,699,6.636007034844999
3,700,6.636007034844999
3,701,6.6360067955075
3,702,6.6360013716949995
3,703,6.635969179082499
3,704,6.63596786535
3,705,6.635961728022499
3,706,6.635757839702499
3,707,6.635752465742501
3,708,6.635752404522499
3,709,6.6357523933575
3,710,6.63574525195
3,711,6.635743790935
3,712,6.635743790935
3,713,6.6357356216475
3,714,6.6357356216475
3,715,6.635733832904999
3,716,6.635733823795
3,717,6.6357319203525
3,718,6.6258452847825
3,719,6.62578043509
3,720,6.625775014644999
3,721,6.625773544359999
3,722,6.625773544359999
3,723,6.625773515714999
3,724,6.621965909742499
3,725,6.615718644534999
3,726,6.615718641102499
3,727,6.6157185385399995
3,728,6.6157184505724995
3,729,6.61571403369
3,730,6.6157096701625
3,731,6.613763334965
3,732,6.6137633342
3,733,6.61376254626
3,734,6.61376254626
3,735,6.613762536135001
3,736,6.613762534985
3,737,6.61130534631
3,738,6.61130530233
3,739,6.611253661217499
3,740,6.611253638037501
3,741,6.6102568253475
3,742,6.6102498849325
3,743,6.609482628415
3,744,6.609482614309999
3,745,6.6094821826575
3,746,6.6094821633725
3,747,6.60529107185
3,748,6.605291040167499
3,749,6.605269931354999
3,750,6.6047547016075
3,751,6.6047547016075
3,752,6.60475470083
3,753,6.598185538415
3,754,6.59816626342
3,755,6.5981579625075
3,756,6.59815796248
3,757,6.59799803639
3,758,6.4955266568775
3,759,6.4913646939800005
3,760,6.4913646834475
3,761,6.4913602390375
3,762,6.491360231985
3,763,6.491346015637499
3,764,6.4911759022525
3,765,6.49073786644
3,766,6.490737123114999
3,767,6.4907367166025
3,768,6.490736615992501
3,769,6.490736615992501
3,770,6.4896165491625
3,771,6.4896161399575
3,772,6.4896151630925
3,773,6.48961516153
3,774,6.489615153485
3,775,6.4896148328850005
3,776,6.4896148328850005
3,777,6.489614830715
3,778,6.4885189708699995
3,779,6.4885175103799995
3,780,6.4885175103775
3,781,6.4885174835749995
3,782,6.488517390035
3,783,6.48851572571
3,784,6.488514734000001
3,785,6.4804817616275
3,786,6.480481435884999
3,787,6.480481408907499
3,788,6.480481408907499
3,789,6.480480945145
3,790,6.480480945145
3,791,6.4804809447425
3,792,6.480480944567501
3,793,6.480480944049999
3,794,6.4804805349975
3,795,6.4804778555224996
3,796,6.4804777986975
3,797,6.480477794604999
3,798,6.4804775059525
3,799,6.4804703240375
3,800,6.478629278295
3,801,6.478629266032501
3,802,6.4786292639725005
3,803,6.47862810739
3,804,6.4786193125925
3,805,6.4786144931225
3,806,6.2540426459175
3,807,6.25404264281
3,808,6.25404264281
3,809,6.254042436360001
3,810,6.254042050480001
3,811,6.254042050480001
3,812,6.2538514069325
3,813,6.253846976285
3,814,6.253846232792499
3,815,6.2538459698675
3,816,6.253845856755
3,817,6.253845698985
3,818,6.2538455923725005
3,819,6.2538346149225
3,820,6.2515871267400005
3,821,6.2515871267400005
3,822,6.251587126572501
3,823,6.251587125332501
3,824,6.251587125332501
3,825,6.2515871250025
3,826,6.2515871249925
3,827,6.251587073115
3,828,6.2515601216625
3,829,6.25156012161
3,830,6.2513704558875
3,831,6.251366069165
3,832,6.2513181520625
3,833,6.25131394728
3,834,6.2513138701125
3,835,6.2513138701125
3,836,6.25131386328
3,837,6.2505699210775
3,838,6.128760506407501
3,839,6.1287605063425
3,840,6.1287605062675
3,841,6.1287605062325
3,842,6.0547807460175
3,843,6.05476421726
3,844,6.0500656382099995
3,845,6.048918732725
3,846,6.048911647285
3,847,6.048911240204999
3,848,6.048911240204999
3,849,6.048907938805
3,850,6.0482870215624995
3,851,6.0482870205775
3,852,6.0482865527325
3,853,6.0482865527325
3,854,6.0482864961975
3,855,6.04828649616
3,856,6.0482864961575
3,857,6.0482864039574995
3,858,6.0482864039574995
3,859,6.048286402945
3,860,6.0482826814875
3,861,6.048021298705001
3,862,6.04802112861
3,863,6.04802112861
3,864,6.04802112861
3,865,6.047947495665
3,866,6.0479474955475
3,867,6.0479474938825
3,868,6.04794744947
3,869,6.047947449467499
3,870,6.047947449467499
3,871,6.0479474382825
3,872,6.047857220855
3,873,6.04785720857
3,874,6.04785720857
3,875,6.047856817075
3,876,6.047856816935
3,877,6.047856816905
3,878,6.04785681221
3,879,6.04777894677
3,880,6.04777892692
3,881,6.04777892692
3,882,6.0477789148225
3,883,6.047778692650001
3,884,6.0476653794575
3,885,6.047479483275
3,886,6.047479483275
3,887,6.047479483275
3,888,6.047478941247499
3,889,6.047478941247499
3,890,6.047478941247499
3,891,6.047380902195
3,892,6.047380864592499
3,893,6.0473808618125
3,894,6.04738086165
3,895,6.047375234955
3,896,6.0473752348875
3,897,6.047375165429999
3,898,6.047375165429999
3,899,6.047371806995
3,900,6.0473718003575
3,901,6.0470728753125
3,902,6.047040427444999
3,903,6.04704011218
3,904,6.047040108775
3,905,6.0470243278425
3,906,6.0470243276275
3,907,6.0470243238875
3,908,6.047024321345
3,909,6.0465071809475
3,910,6.046505170745
3,911,6.046505170745
3,912,6.046297341745
3,913,6.046297341745
3,914,6.046297341572499
3,915,6.0462973415575
3,916,6.046297341015
3,917,6.046297341
3,918,6.046297338197499
3,919,6.04621109832
3,920,6.04621029969
3,921,6.0462102996525
3,922,6.0461809628975
3,923,6.0461809439500005
3,924,6.0461587246125
3,925,6.04608102304
3,926,6.04608102304
3,927,6.0460809611525
3,928,6.0460809594625
3,929,6.0460809594625
3,930,6.045944188235
3,931,6.04594418715
3,932,6.04594418715
3,933,6.0459441870349995
3,934,6.0459441870349995
3,935,6.0459441869725
3,936,6.045944112112499
3,937,6.0457027895675
3,938,6.045702789365
3,939,6.0457027893449995
3,940,6.045702789335
3,941,6.0456156786175
3,942,6.0456092343175
3,943,6.045483899125
3,944,6.0454837888625
3,945,6.045483788795
3,946,6.045483788795
3,947,6.0454837887825
3,948,6.0454837876575
3,949,6.04537069382
3,950,6.0453104007525
3,951,6.0453104007525
3,952,6.04531020641
3,953,6.045310036849999
3,954,6.0452933345375
3,955,6.045293334435
3,956,6.045293334435
3,957,6.0452933344324995
3,958,6.0452933344324995
3,959,6.0452933344324995
3,960,6.04529333407
3,961,6.04529333407
3,962,6.0452933087325
3,963,6.0452933069225
3,964,6.045251795387499
3,965,6.04518904129
3,966,6.0451675657949995
3,967,6.0451675651575
3,968,6.0451675649875
3,969,6.04515384384
3,970,6.045114360275
3,971,6.045112544269999
3,972,6.045112544269999
3,973,6.045112544269999
3,974,6.04511254358
3,975,6.0450663341125
3,976,6.045066334105
3,977,6.04506633394
3,978,6.044956077829999
3,979,6.044956077815
3,980,6.044956077735
3,981,6.044956077735
3,982,6.0449328488325005
3,983,6.0449328226525
3,984,6.044932817547499
3,985,6.0449202840975
3,986,6.04489354985
3,987,6.044885821695
3,988,6.0448858216925
3,989,6.044885821395
3,990,6.0448684386275
3,991,6.0448684386275
3,992,6.044845800775
3,993,6.044845800575
3,994,6.0448458000375
3,995,6.0448458000375
3,996,6.0448458000375
3,997,6.0448458000375
3,998,6.0448457999775
3,999,6.0448457999725
3,1000,6.04484579986
4,1,1494.9247700231924
4,2,341.9958307911725
4,3,277.8935347766025
4,4,234.82984627765
4,5,216.954291078905
4,6,168.9490786314825
4,7,144.7227036837
4,8,131.65033913635
4,9,123.05810321411249
4,10,119.6026574009625
4,11,116.7257102928725
4,12,114.45458053427751
4,13,114.45458053427751
4,14,113.2809828599475
4,15,111.95146682945251
4,16,110.249413961335
4,17,106.4045888532875
4,18,105.67697541534251
4,19,105.3936968788925
4,20,104.60012787339001
4,21,100.6384681958375
4,22,100.3366457625
4,23,99.7336865245025
4,24,96.701200868575
4,25,96.45598726553
4,26,95.56824404433999
4,27,94.39642683164
4,28,91.9728427321375
4,29,88.12039679892
4,30,83.69538419484249
4,31,80.7025991562875
4,32,78.986187855185
4,33,76.6341327783325
4,34,76.5113427251575
4,35,75.5631307815
4,36,74.85761554673499
4,37,73.9711150557375
4,38,72.6905969521175
4,39,71.82393327403
4,40,71.572359002055
4,41,70.58351691182
4,42,68.89917450687
4,43,68.89917450687
4,44,67.7563903669775
4,45,67.223892570975
4,46,66.2254884157125
4,47,65.65206127833
4,48,65.264333824655
4,49,64.69848068843001
4,50,63.925175278539996
4,51,62.28274286205
4,52,61.684758451644996
4,53,61.3805675076175
4,54,61.1386217968725
4,55,61.0198952788575
4,56,60.7147834644425
4,57,60.04754642578
4,58,60.04754642578
4,59,58.701108567904996
4,60,56.5780284436475
4,61,56.4676255627975
4,62,55.828330484510005
4,63,54.906955253535
4,64,54.1304700740675
4,65,53.94115286090501
4,66,53.5898660876825
4,67,53.570996695869994
4,68,52.735923138939995
4,69,51.834002644914996
4,70,51.617770513405006
4,71,51.13940631583
4,72,50.5107677706225
4,73,50.307030256115
4,74,50.307030256115
4,75,49.82829316911
4,76,49.82829316911
4,77,49.8056224538825
4,78,49.743788529395
4,79,49.6325972655725
4,80,49.434085771999996
4,81,49.0955088659725
4,82,48.77035587909
4,83,48.655095327957504
4,84,48.3537944184825
4,85,48.064690294502505
4,86,47.9696728412975
4,87,47.92523305772
4,88,47.781901381035
4,89,47.313729622035
4,90,47.04207470078
4,91,47.04207470078
4,92,46.964638730770005
4,93,46.5222564451525
4,94,46.4796547801775
4,95,46.092659782572504
4,96,46.092659782572504
4,97,46.092659782572504
4,98,45.399324294175
4,99,44.99816921177
4,100,44.9839562563325
4,101,44.78727821713
4,102,44.78727821713
4,103,44.78727821713
4,104,44.7587526984975
4,105,44.2029276467625
4,106,44.0078726026625
4,107,43.5637568876325
4,108,43.4130684903825
4,109,43.050854655855
4,110,43.050854655855
4,111,43.050854655855
4,112,43.050854655855
4,113,43.049528540017505
4,114,42.7417991564525
4,115,42.388715429955
4,116,42.1057026752375
4,117,42.1057026752375
4,118,41.950074104505
4,119,41.806988688912504
4,120,41.806988688912504
4,121,41.4877665059375
4,122,41.4055990315525
4,123,41.1739628965
4,124,41.1739628965
4,125,40.817936608960004
4,126,40.73718431642
4,127,40.3868691920375
4,128,40.34244733716
4,129,40.2656156403425
4,130,39.549743101127504
4,131,39.4607356243
4,132,39.4607356243
4,133,39.2281387718925
4,134,38.8584235039625
4,135,38.2966511233375
4,136,37.676736760405
4,137,37.158818123077495
4,138,36.77152998327
4,139,36.6183508441475
4,140,35.804994457565
4,141,35.75627468797
4,142,35.0962915269
4,143,35.018210323607505
4,144,34.7695802378025
4,145,34.530488752192504
4,146,34.3664059181975
4,147,34.2537462266175
4,148,33.719629635765
4,149,33.6368948177925
4,150,33.2865459982275
4,151,33.2719744853575
4,152,32.8885338770225
4,153,32.72026619873
4,154,32.702882190305004
4,155,32.343930124175
4,156,31.8724106209725
4,157,31.79374443957
4,158,31.79374443957
4,159,31.79374443957
4,160,31.580803835324996
4,161,31.580803835324996
4,162,31.2087111118025
4,163,30.7935658986025
4,164,30.5307140199125
4,165,30.4878762726775
4,166,30.4878762726775
4,167,30.3335896083575
4,168,30.3335896083575
4,169,30.236939013395
4,170,30.236939013395
4,171,30.115700434887497
4,172,29.5385187318075
4,173,29.3872066460675
4,174,29.10525705724
4,175,29.10525705724
4,176,29.10525705724
4,177,29.10525705724
4,178,28.8429657008375
4,179,28.521180338839997
4,180,28.367257224705003
4,181,28.210142052817503
4,182,28.129075968207502
4,183,28.129075968207502
4,184,27.960683444737498
4,185,27.960683444737498
4,186,27.6596559209975
4,187,27.6596559209975
4,188,27.547672505822497
4,189,27.547672505822497
4,190,27.229548987595003
4,191,27.16059181235
4,192,26.9792751407075
4,193,26.940607571570002
4,194,26.940607571570002
4,195,26.940607571570002
4,196,26.7140856777375
4,197,26.7140856777375
4,198,26.6557804016275
4,199,26.4390023480125
4,200,26.3781743307675
4,201,26.242992837535002
4,202,25.96191333267
4,203,25.82408994883
4,204,25.82408994883
4,205,25.64915228964
4,206,25.5089137045725
4,207,25.4950049240075
4,208,25.1835014534525
4,209,25.1835014534525
4,210,25.1835014534525
4,211,25.0384614890175
4,212,24.98454110802
4,213,24.9604593629875
4,214,24.902278791147502
4,215,24.902278791147502
4,216,24.902278791147502
4,217,24.902278791147502
4,218,24.8937419325075
4,219,24.8937419325075
4,220,24.8937419325075
4,221,24.8937419325075
4,222,24.859071594095
4,223,24.7500841784825
4,224,24.7500841784825
4,225,24.7500841784825
4,226,24.7500841784825
4,227,24.4414252429575
4,228,24.278109106135
4,229,24.2175815272275
4,230,23.78657748254
4,231,23.78657748254
4,232,23.78657748254
4,233,23.7717665634625
4,234,23.7717665634625
4,235,23.696807904885
4,236,23.610226507705
4,237,23.600441914512498
4,238,23.077371355114998
4,239,23.077371355114998
4,240,23.077371355114998
4,241,22.8890377133525
4,242,22.8890377133525
4,243,22.8890377133525
4,244,22.8890377133525
4,245,22.8890377133525
4,246,22.789425611095
4,247,22.7454471824325
4,248,22.7454471824325
4,249,22.7454471824325
4,250,22.4963800643
4,251,22.492076171745
4,252,22.492076171745
4,253,22.3692691363225
4,254,22.3692691363225
4,255,22.3692691363225
4,256,22.3692691363225
4,257,22.2049914444425
4,258,22.1335642692
4,259,21.714962920799998
4,260,21.714962920799998
4,261,21.550243653265
4,262,21.44543835271
4,263,21.44543835271
4,264,21.355240628765
4,265,21.355240628765
4,266,21.181237370165
4,267,21.0801596659425
4,268,21.0801596659425
4,269,21.05501072182
4,270,20.8069803033
4,271,20.8069803033
4,272,20.653844235567497
4,273,20.653844210637498
4,274,20.6438300736575
4,275,20.440342840747498
4,276,20.289729783237497
4,277,20.1968430142
4,278,20.1284944615925
4,279,20.1058948280825
4,280,19.9394713875175
4,281,19.7595080241625
4,282,19.7448822050075
4,283,19.7448822050075
4,284,19.6004306529925
4,285,19.6004306529925
4,286,19.6004306529925
4,287,19.557147751925
4,288,19.477687699969998
4,289,19.4776876990775
4,290,19.469576208465
4,291,19.4695761819875
4,292,19.460775614197498
4,293,19.451899387399997
4,294,19.419219979479998
4,295,19.4168674685125
4,296,19.4168674685125
4,297,19.416867441635
4,298,19.40988140577
4,299,19.365146283745
4,300,19.3208461540375
4,301,19.291603380805
4,302,19.2214633506425
4,303,19.2214633259175
4,304,19.210767603759997
4,305,19.17600803565
4,306,18.975106325844997
4,307,18.9377563023975
4,308,18.92011746168
4,309,18.9154737293625
4,310,18.915473659345
4,311,18.8537665069675
4,312,18.733978951337498
4,313,18.733978951337498
4,314,18.516791784205
4,315,18.514184535035
4,316,18.290013391655002
4,317,18.2539062633925
4,318,18.142436951547502
4,319,18.14243695083
4,320,18.1424369469425
4,321,18.142436945834998
4,322,17.908282876857502
4,323,17.556678248322502
4,324,17.5554579710925
4,325,17.52776395898
4,326,17.473686900620002
4,327,17.470137561485
4,328,17.4701375194275
4,329,17.3391096832625
4,330,17.3259239442725
4,331,17.2015865317575
4,332,17.2015865317575
4,333,17.1975712451375
4,334,17.14289139673
4,335,17.1077322611675
4,336,17.020521974735
4,337,16.9716331372675
4,338,16.9716331372675
4,339,16.9716331226975
4,340,16.962324188245
4,341,16.885805673505
4,342,16.8480822692575
4,343,16.714264380665
4,344,16.714264380665
4,345,16.7094517894125
4,346,16.629045966827498
4,347,16.6213508310675
4,348,16.621350826145
4,349,16.615846904137502
4,350,16.49977118299
4,351,16.4997711626075
4,352,16.4997711400925
4,353,16.47943525407
4,354,16.4404033659125
4,355,16.4404033643975
4,356,16.434672443785
4,357,16.418026827072502
4,358,16.4180267953775
4,359,16.384695195360003
4,360,16.3729522542375
4,361,16.36992694773
4,362,16.351797135217502
4,363,16.321413930124997
4,364,16.29472273212
4,365,16.141893385622502
4,366,16.1391618072425
4,367,16.137396631125
4,368,16.0513099051225
4,369,15.986960725477498
4,370,15.96918461191
4,371,15.837071204329998
4,372,15.8370712029375
4,373,15.816874244735
4,374,15.55292472008
4,375,15.547726441047502
4,376,15.54772641531
4,377,15.51400786951
4,378,15.514007868639998
4,379,15.503451030459999
4,380,15.503451030459999
4,381,15.487813696795001
4,382,15.4785483843275
4,383,15.360832669285
4,384,15.355984788482498
4,385,15.354764278445
4,386,15.3547642761
4,387,15.354465300172501
4,388,15.35446527977
4,389,15.353749880634998
4,390,15.35237578442
4,391,15.3124178210925
4,392,15.308446726784998
4,393,15.3013390625575
4,394,15.298859226300001
4,395,15.282971375342502
4,396,15.282971375112501
4,397,15.2820831318075
4,398,15.282083129310001
4,399,15.279790633355
4,400,15.26807846009
4,401,15.2632795884425
4,402,15.2237850157575
4,403,15.127110297215001
4,404,15.1271102972075
4,405,15.110621783875
4,406,15.110621783705
4,407,15.109831092127502
4,408,15.09693804539
4,409,15.096920755772501
4,410,15.047547136385
4,411,15.046136884372501
4,412,15.04015047303
4,413,15.00592113544
4,414,15.0059211354375
4,415,14.990233849940001
4,416,14.990233847510002
4,417,14.990233847510002
4,418,14.990205801785
4,419,14.968310703367502
4,420,14.950308664452502
4,421,14.950308664452502
4,422,14.947995259557501
4,423,14.871063726085001
4,424,14.742102920712501
4,425,14.737189247715
4,426,14.737189247695
4,427,14.7245551779525
4,428,14.722995115009999
4,429,14.646896421720001
4,430,14.605484502664998
4,431,14.605442829297498
4,432,14.5090061057825
4,433,14.5090061057825
4,434,14.50678467872
4,435,14.506333978805
4,436,14.503120607847501
4,437,14.4965475863475
4,438,14.437081830617501
4,439,14.437081830617501
4,440,14.435631267664998
4,441,14.418870417702498
4,442,14.414632433347501
4,443,14.414447867202501
4,444,14.413287570337499
4,445,14.413287570232502
4,446,14.411333137375
4,447,14.378007545412501
4,448,14.3780075453
4,449,14.3773591694775
4,450,14.373598627897499
4,451,14.3635360187975
4,452,14.361637321435001
4,453,14.32812179348
4,454,14.32812179347
4,455,14.328114355900002
4,456,14.256838292507501
4,457,14.254667142115
4,458,14.254587366902502
4,459,14.2477835647625
4,460,14.2470981165225
4,461,14.247091020510002
4,462,14.246499128962501
4,463,14.245789043015
4,464,14.241509874159998
4,465,14.237681325439999
4,466,14.237117232995
4,467,14.237101431805002
4,468,14.237101431805002
4,469,14.235894199255
4,470,14.235894199255
4,471,14.227706934457501
4,472,14.2277069331225
4,473,14.2227040607975
4,474,14.2227040607975
4,475,14.222704060795
4,476,14.221518980997498
4,477,14.2213865876
4,478,14.146245835355
4,479,14.145384385092502
4,480,14.14538438509
4,481,14.144390812815
4,482,14.140803192844999
4,483,14.1364236119725
4,484,14.132285091570001
4,485,14.131726834415
4,486,14.131726833172499
4,487,14.08897746822
4,488,14.08868544166
4,489,14.088684043687499
4,490,14.088684043687499
4,491,14.085717086407499
4,492,14.085717086407499
4,493,14.085498657119999
4,494,14.07875055589
4,495,14.078750555745
4,496,14.0780271338575
4,497,14.077902212765
4,498,14.0778965981325
4,499,14.077556020022502
4,500,14.077556020022502
4,501,14.0775560199525
4,502,14.052259496217498
4,503,14.0387713851
4,504,13.9881242952125
4,505,13.9590804966125
4,506,13.9590804966125
4,507,13.835382444870001
4,508,13.8321564738875
4,509,13.8202335026975
4,510,13.8201559929775
4,511,13.820155939165
4,512,13.8194465788275
4,513,13.819177362977502
4,514,13.8189244659375
4,515,13.738756093492501
4,516,13.738755480047498
4,517,13.7387554794875
4,518,13.7327852728525
4,519,13.7327852728525
4,520,13.731260439082499
4,521,13.723812560242498
4,522,13.72381256024
4,523,13.7237905666475
4,524,13.7068759503825
4,525,13.70687595038
4,526,13.70687595038
4,527,13.70672953049
4,528,13.7027973239825
4,529,13.702774078065
4,530,13.702774078065
4,531,13.702698861319998
4,532,13.6813269702025
4,533,13.6036596696725
4,534,13.60365966967
4,535,13.59893891129
4,536,13.59886867628
4,537,13.5977161932625
4,538,13.597602094390002
4,539,13.597602094385
4,540,13.597602094385
4,541,13.5976020943375
4,542,13.597572356732499
4,543,13.587890582245
4,544,13.5617067007175
4,545,13.561706700715002
4,546,13.561634755944999
4,547,13.561621647269998
4,548,13.561570751517499
4,549,13.538788420219998
4,550,13.5083874536975
4,551,13.508387453692501
4,552,13.508387453692501
4,553,13.508387453692501
4,554,13.497965084417501
4,555,13.497965084417501
4,556,13.49795544497
4,557,13.497674053345
4,558,13.3574888515025
4,559,13.3574888515025
4,560,13.3574888515025
4,561,13.343836724017502
4,562,13.343832678185
4,563,13.2746203028075
4,564,13.274502757970001
4,565,13.27434547517
4,566,13.157948864567501
4,567,13.098168059552501
4,568,13.098000415835
4,569,13.09800041583
4,570,13.0558716589375
4,571,13.028681380072502
4,572,13.027958505737498
4,573,13.0279268602475
4,574,13.0213608806225
4,575,13.0209139434125
4,576,13.020839379334998
4,577,13.01560226869
4,578,13.0156022686275
4,579,13.0156022686275
4,580,13.015602268037501
4,581,13.015576799775
4,582,13.0011401492375
4,583,13.001112900902502
4,584,13.001082303925
4,585,12.9894869714775
4,586,12.97045051118
4,587,12.9704389629075
4,588,12.96575680041
4,589,12.9652336491525
4,590,12.9652336491525
4,591,12.96523323081
4,592,12.965229230450001
4,593,12.9558179033675
4,594,12.9558179033675
4,595,12.955688989995
4,596,12.9556700822525
4,597,12.925000733530002
4,598,12.905881467055
4,599,12.9042101993975
4,600,12.9042101993975
4,601,12.904205620205
4,602,12.90420562012
4,603,12.9041929640425
4,604,12.84163237626
4,605,12.84160127262
4,606,12.84160127262
4,607,12.841586761775
4,608,12.841584045824998
4,609,12.829466868675002
4,610,12.805526880955
4,611,12.805514679375
4,612,12.805510493795001
4,613,12.8054917795975
4,614,12.75949233859
4,615,12.7545327856075
4,616,12.754491468845
4,617,12.7288501313
4,618,12.728846911895001
4,619,12.722793718215
4,620,12.7227908525775
4,621,12.6891124633575
4,622,12.6891124633575
4,623,12.6891124338275
4,624,12.689110755045
4,625,12.6758723473025
4,626,12.675868940335
4,627,12.675868940335
4,628,12.67487838145
4,629,12.6748776217
4,630,12.6748775829075
4,631,12.674877382024999
4,632,12.67487738201
4,633,12.67477901869
4,634,12.6737897196175
4,635,12.673756788792499
4,636,12.673756788792499
4,637,12.6737567122025
4,638,12.6624238197025
4,639,12.6624234552525
4,640,12.6624196124275
4,641,12.66241414856
4,642,12.641932431575
4,643,12.641917665727501
4,644,12.641917665727501
4,645,12.625259417115
4,646,12.60626566329
4,647,12.605294470965001
4,648,12.605294470965001
4,649,12.572938284820001
4,650,12.572936236984999
4,651,12.564349328815
4,652,12.564349328815
4,653,12.564349328815
4,654,12.5406012761525
4,655,12.540601273005
4,656,12.5406012730025
4,657,12.5370139586725
4,658,12.5370139586725
4,659,12.5370121092425
4,660,12.537011476845
4,661,12.5120414456575
4,662,12.49538277918
4,663,12.49538277918
4,664,12.495382495514999
4,665,12.495048001719999
4,666,12.43024352515
4,667,12.4287042718925
4,668,12.408825157755
4,669,12.4054017763075
4,670,12.38010104416
4,671,12.38010104416
4,672,12.363522164975
4,673,12.276028503112501
4,674,12.1557407618525
4,675,12.1203392782875
4,676,12.1198760966825
4,677,12.101174838785
4,678,12.101143738240001
4,679,12.1011386482975
4,680,12.09785166178
4,681,12.0964675073975
4,682,12.074674951350001
4,683,12.074666529937499
4,684,12.060068992127501
4,685,11.991014676425
4,686,11.991014676425
4,687,11.991014676425
4,688,11.9910143366075
4,689,11.9910143366075
4,690,11.9910143366075
4,691,11.9910143365425
4,692,11.9872082654575
4,693,11.9864444578275
4,694,11.9722714692225
4,695,11.9722714692225
4,696,11.9722714692225
4,697,11.972263859955
4,698,11.9722638599525
4,699,11.9722638599525
4,700,11.9722637229375
4,701,11.9722574159375
4,702,11.9722524204425
4,703,11.97225242043
4,704,11.966098685164999
4,705,11.966098685164999
4,706,11.935728174720001
4,707,11.9350956902425
4,708,11.9350856097975
4,709,11.915282674677501
4,710,11.915272555845
4,711,11.915272555845
4,712,11.915272555845
4,713,11.9152725558425
4,714,11.9026088092875
4,715,11.8556705096575
4,716,11.8556705096575
4,717,11.8556705025425
4,718,11.855670206300001
4,719,11.855658437997501
4,720,11.8241095866725
4,721,11.8241095866725
4,722,11.8241095866725
4,723,11.82410931104
4,724,11.82410931104
4,725,11.820972141925001
4,726,11.816383798597501
4,727,11.8163837646375
4,728,11.8163837646375
4,729,11.815476659942501
4,730,11.815476655272501
4,731,11.815476430172499
4,732,11.805660131067501
4,733,11.795497077212499
4,734,11.7954970501525
4,735,11.766791701595
4,736,11.766791701595
4,737,11.7649160121225
4,738,11.7649159818275
4,739,11.764915981735
4,740,11.7648633967475
4,741,11.7648633967475
4,742,11.7648633925075
4,743,11.747262357245
4,744,11.744932337257499
4,745,11.74462971786
4,746,11.74372803486
4,747,11.74372803486
4,748,11.74372803486
4,749,11.7437278222875
4,750,11.743255228692501
4,751,11.734151064775
4,752,11.734151064775
4,753,11.734149704615
4,754,11.73414969958
4,755,11.723704504859999
4,756,11.7237038967475
4,757,11.723591871615
4,758,11.72359185544
4,759,11.7233327341975
4,760,11.723331582410001
4,761,11.716701028367499
4,762,11.7166597452575
4,763,11.7166597452575
4,764,11.7117495041425
4,765,11.711747265755
4,766,11.7117468495875
4,767,11.7107534835425
4,768,11.70540509169
4,769,11.70540509169
4,770,11.705274583705
4,771,11.7009979808625
4,772,11.7009979808625
4,773,11.7009979598825
4,774,11.7009979598825
4,775,11.69980207451
4,776,11.69980207451
4,777,11.69980149506
4,778,11.699649665334999
4,779,11.695847654425
4,780,11.695847654425
4,781,11.695847654425
4,782,11.678451605054999
4,783,11.678451605054999
4,784,11.6772798874775
4,785,11.6764712679875
4,786,11.67336385434
4,787,11.6733635939725
4,788,11.6733565155475
4,789,11.6733565152225
4,790,11.6721872046925
4,791,11.666564877385
4,792,11.6665648730525
4,793,11.6665648730525
4,794,11.664513704914999
4,795,11.6645135946975
4,796,11.662578304255
4,797,11.662578304255
4,798,11.662578304255
4,799,11.662578304255
4,800,11.65152096585
4,801,11.650238376725
4,802,11.642717387195
4,803,11.642717387195
4,804,11.6411809737925
4,805,11.635660887564999
4,806,11.635660887564999
4,807,11.63282368229
4,808,11.624962933215
4,809,11.622191837265001
4,810,11.620651806215
4,811,11.620194528557501
4,812,11.620194528557501
4,813,11.6198499408025
4,814,11.6198499408025
4,815,11.6062403939275
4,816,11.6062122656475
4,817,11.6035983807425
4,818,11.6035983086025
4,819,11.6035981932725
4,820,11.599778090457502
4,821,11.599778090175
4,822,11.5997780864325
4,823,11.59977808117
4,824,11.5994721271625
4,825,11.5957215183975
4,826,11.59525039775
4,827,11.59525039775
4,828,11.595250397305
4,829,11.5952503293175
4,830,11.5945662366125
4,831,11.5896639275925
4,832,11.5896639275925
4,833,11.5896639249375
4,834,11.5896639041825
4,835,11.5896639041825
4,836,11.588713222212501
4,837,11.588713222212501
4,838,11.5885573505225
4,839,11.57716417903
4,840,11.5771470228925
4,841,11.5750160672975
4,842,11.573185626025
4,843,11.573185231710001
4,844,11.573185230815
4,845,11.5642353574175
4,846,11.5642353574175
4,847,11.5642353574175
4,848,11.56339662569
4,849,11.5633891573125
4,850,11.5626241817525
4,851,11.5603190500525
4,852,11.5589975999475
4,853,11.556610854735
4,854,11.5561129498175
4,855,11.5552756188775
4,856,11.5552756188775
4,857,11.5545752975625
4,858,11.554575246525001
4,859,11.554575221052499
4,860,11.554575204295
4,861,11.5545556006675
4,862,11.5536614403225
4,863,11.5536614378275
4,864,11.5249716505675
4,865,11.52479453756
4,866,11.524660222405
4,867,11.507917653602501
4,868,11.506044650620002
4,869,11.4675671840075
4,870,11.4663248870675
4,871,11.4662022205375
4,872,11.4659436859075
4,873,11.4525563624025
4,874,11.452556360795
4,875,11.45255376424
4,876,11.441154388155
4,877,11.440002881847501
4,878,11.43905619137
4,879,11.439050797330001
4,880,11.439050789447501
4,881,11.439050784632501
4,882,11.439050762945
4,883,11.4374854589225
4,884,11.437480029422499
4,885,11.4345508904225
4,886,11.431745341687499
4,887,11.4317429298825
4,888,11.430159994545
4,889,11.4300679373625
4,890,11.429806117135
4,891,11.42980611497
4,892,11.42980611497
4,893,11.42980611497
4,894,11.4297323277025
4,895,11.429732327690001
4,896,11.42902155136
4,897,11.42876236536
4,898,11.42856378341
4,899,11.4275147059875
4,900,11.4269482648125
4,901,11.426948264787502
4,902,11.4269482647775
4,903,11.4269482339175
4,904,11.4269482339175
4,905,11.4262081707
4,906,11.4261623842775
4,907,11.425944505995
4,908,11.4245235926425
4,909,11.424423127885
4,910,11.423658196245
4,911,11.423644670849999
4,912,11.42302335592
4,913,11.42296429862
4,914,11.42296429862
4,915,11.422964298255
4,916,11.4224950290525
4,917,11.4224950290525
4,918,11.4224950284225
4,919,11.420835924224999
4,920,11.419901058892501
4,921,11.4199010576
4,922,11.419901053775
4,923,11.4199010537725
4,924,11.4199010537725
4,925,11.419886141025
4,926,11.411413025755
4,927,11.411413025755
4,928,11.410155780150001
4,929,11.410155780065
4,930,11.4100942418125
4,931,11.409833893115
4,932,11.4094008098125
4,933,11.4093838706
4,934,11.4093838706
4,935,11.409280814992501
4,936,11.40879905154
4,937,11.408522747275
4,938,11.4083315847625
4,939,11.40833158366
4,940,11.4082554794975
4,941,11.40803025739
4,942,11.40727360227
4,943,11.407257523377499
4,944,11.407109334602499
4,945,11.4069568174975
4,946,11.406832820402501
4,947,11.4064792882375
4,948,11.40644349275
4,949,11.40644349161
4,950,11.4063680197325
4,951,11.4062758363375
4,952,11.40625849341
4,953,11.40562281858
4,954,11.4046524028625
4,955,11.404652402045
4,956,11.4046424265675
4,957,11.4046409064575
4,958,11.404429306045
4,959,11.4042320569325
4,960,11.40371438772
4,961,11.4034521422075
4,962,11.403452142025
4,963,11.402982857169999
4,964,11.4029352490825
4,965,11.40268656163
4,966,11.40268656163
4,967,11.402207878245
4,968,11.4000707172575
4,969,11.4000190575175
4,970,11.3999899792775
4,971,11.399980067162499
4,972,11.39993327406
4,973,11.398074072755
4,974,11.39806130427
4,975,11.3980180011875
4,976,11.3980180011875
4,977,11.3980069628075
4,978,11.39798557306
4,979,11.3979855729175
4,980,11.3979855729125
4,981,11.39798534217
4,982,11.3975348734525
4,983,11.397506163875
4,984,11.3972919499575
4,985,11.3972171002875
4,986,11.3969454995825
4,987,11.396920448265
4,988,11.396919768825
4,989,11.3969197688175
4,990,11.396919768617499
4,991,11.3569423514425
4,992,11.3556799252075
4,993,11.3545869021925
4,994,11.3545869020425
4,995,11.3545869020425
4,996,11.3545811568
4,997,11.2802328368175
4,998,11.28022178885
4,999,11.2795818160075
4,1000,11.278977885982501
5,1,102.80638443493748
5,2,88.8168483747125
5,3,85.98856306009
5,4,82.36042958998999
5,5,79.30008815279
5,6,76.7558876407175
5,7,74.2137367424175
5,8,72.20968702219
5,9,66.0046964910625
5,10,62.266226303067505
5,11,57.576787429695
5,12,52.773378817312505
5,13,51.58559862803249
5,14,49.444907882135
5,15,48.7490201262325
5,16,47.5577416389825
5,17,46.0145605436625
5,18,43.373528746995
5,19,40.3234363181425
5,20,38.5236651221475
5,21,36.19672022823
5,22,34.5896377925775
5,23,32.6079973848075
5,24,31.086474575245
5,25,29.481352804367496
5,26,27.001818998494997
5,27,25.3866000773075
5,28,23.856648700055
5,29,23.5943016099225
5,30,23.2692039705275
5,31,22.798565508135
5,32,22.478295966490002
5,33,20.9007689385025
5,34,20.4460774631375
5,35,19.917274552595
5,36,19.557544866755002
5,37,18.112075080317503
5,38,17.443555625365
5,39,16.9609473668275
5,40,16.72042685461
5,41,15.634650834835
5,42,14.702790870717502
5,43,14.188130394495
5,44,14.0313065478325
5,45,13.527534648964998
5,46,13.180385537237502
5,47,13.036229238070002
5,48,12.88461723479
5,49,12.3607523233525
5,50,11.8850106846575
5,51,11.5346332351825
5,52,11.225346925597501
5,53,10.826268994405
5,54,10.3918655934075
5,55,10.36919200288
5,56,10.17863286045
5,57,9.464958006795
5,58,9.3232176720275
5,59,8.969109309597501
5,60,8.7969784644575
5,61,8.66873796921
5,62,8.469464607415
5,63,8.469464607415
5,64,8.4413028088225
5,65,8.2488149933625
5,66,8.0550874004375
5,67,7.4183455820575
5,68,7.1241497739425
5,69,6.808515231094999
5,70,6.511657473095001
5,71,6.477244799947501
5,72,6.477244799947501
5,73,6.4336092565825
5,74,6.335561973187501
5,75,6.2859131267975
5,76,6.2859131267975
5,77,6.015414488759999
5,78,5.9678127084325
5,79,5.655020050645
5,80,5.5553348395299995
5,81,5.460321662115
5,82,5.384974384695
5,83,5.3082823758324995
5,84,5.0899561164525
5,85,5.0817360414625
5,86,4.9900514563875
5,87,4.984428510285
5,88,4.964111702645
5,89,4.9351748960499995
5,90,4.845668528565
5,91,4.804418707562499
5,92,4.7564377304250005
5,93,4.645750338605
5,94,4.5639550684225
5,95,4.444630027640001
5,96,4.3887206046725
5,97,4.2010558919925005
5,98,4.1828949875775
5,99,4.1271376831375
5,100,4.0830758047075
5,101,4.0170421998225
5,102,3.9503905773474997
5,103,3.9307463895300003
5,104,3.9307463895300003
5,105,3.8930197103400004
5,106,3.8564581958125004
5,107,3.679954335485
5,108,3.6598226861125
5,109,3.4153784682
5,110,3.4014595226799997
5,111,3.3646261004599998
5,112,3.3646261004599998
5,113,3.3251712685375
5,114,3.28920599736
5,115,3.24632215301
5,116,3.24632215301
5,117,3.22623807943
5,118,3.1814974908825002
5,119,3.1419401526475
5,120,3.1419401526475
5,121,3.1366406691025
5,122,3.1366406691025
5,123,3.1117943312625003
5,124,3.046913340055
5,125,3.033875309795
5,126,3.033875309795
5,127,3.02706542537
5,128,3.0075962781275
5,129,3.0075962781275
5,130,2.95609938662
5,131,2.947017974525
5,132,2.9193592205425
5,133,2.9193592205425
5,134,2.89345204204
5,135,2.89345204204
5,136,2.88760687768
5,137,2.6243336442925
5,138,2.6243336442925
5,139,2.61095123926
5,140,2.61095123926
5,141,2.61095123926
5,142,2.61095123926
5,143,2.5748496642925
5,144,2.5748496642925
5,145,2.5748496642925
5,146,2.573552873895
5,147,2.573552873895
5,148,2.571086672865
5,149,2.5666959688125
5,150,2.47976107052
5,151,2.4606719073775
5,152,2.4606719073775
5,153,2.45307035891
5,154,2.45307035891
5,155,2.45307035891
5,156,2.3856676377125
5,157,2.377952064695
5,158,2.377952064695
5,159,2.367217684745
5,160,2.367217684745
5,161,2.3204044985075
5,162,2.3204044985075
5,163,2.3204044985075
5,164,2.3138700257725
5,165,2.30102581849
5,166,2.30102581849
5,167,2.30102581849
5,168,2.2825401100825
5,169,2.2825401100825
5,170,2.2825401100825
5,171,2.2825401100825
5,172,2.2825401100825
5,173,2.2709598620125
5,174,2.2709598620125
5,175,2.2709598620125
5,176,2.2639926927825003
5,177,2.2639926927825003
5,178,2.2639926927825003
5,179,2.2166605711175
5,180,2.2166605711175
5,181,2.1879609362975
5,182,2.16136334679
5,183,2.16136334679
5,184,2.16136334679
5,185,2.1369547533975
5,186,2.1369547533975
5,187,2.1369547533975
5,188,2.1369547533975
5,189,2.0968047944825
5,190,2.0968047944825
5,191,2.0727337436949997
5,192,2.0721146026775
5,193,2.0721146026775
5,194,2.0443881139075
5,195,2.0443881139075
5,196,2.0443881139075
5,197,2.04430086074
5,198,2.0278895040775
5,199,2.0236770875325
5,200,2.0236770875325
5,201,2.0173824708974997
5,202,2.0163677008675
5,203,1.99993289959
5,204,1.99993289959
5,205,1.9868254778975
5,206,1.9758274354325
5,207,1.9701177820599998
5,208,1.9701177820599998
5,209,1.9701177820599998
5,210,1.9700455739749998
5,211,1.9693652859225002
5,212,1.9676522016675002
5,213,1.9651618408224998
5,214,1.9651618408224998
5,215,1.9651618408224998
5,216,1.9651618408224998
5,217,1.9508287986175
5,218,1.9508287986175
5,219,1.9508287986175
5,220,1.9369845494625
5,221,1.9313116946325
5,222,1.9302491091699998
5,223,1.926729655275
5,224,1.926729655275
5,225,1.9187204128399997
5,226,1.9182132102025
5,227,1.9182132102025
5,228,1.90494394257
5,229,1.9004745805875
5,230,1.8905846455875
5,231,1.8905846455875
5,232,1.8792525333225
5,233,1.8792525333225
5,234,1.8792525333225
5,235,1.8752151141349997
5,236,1.8744287144674998
5,237,1.8698161392125
5,238,1.86901821383
5,239,1.85214418854
5,240,1.85214418854
5,241,1.80810336854
5,242,1.7983030353425
5,243,1.79200602545
5,244,1.79188054776
5,245,1.79188054776
5,246,1.7879268189424997
5,247,1.7879268189424997
5,248,1.7879268189424997
5,249,1.7865463992325001
5,250,1.7865463992325001
5,251,1.7681431411725002
5,252,1.76233128967
5,253,1.76233128967
5,254,1.7547136920099997
5,255,1.73863670606
5,256,1.73863670606
5,257,1.7196112930649998
5,258,1.7156454739725
5,259,1.7156454739725
5,260,1.7156454739725
5,261,1.7156454739725
5,262,1.7093500505525
5,263,1.7093500505525
5,264,1.70930003595
5,265,1.680276114735
5,266,1.680276114735
5,267,1.648041839475
5,268,1.648041839475
5,269,1.64679713221
5,270,1.64679713221
5,271,1.64679713221
5,272,1.64679713221
5,273,1.6069626871725
5,274,1.6069626871725
5,275,1.5696431083050002
5,276,1.56313011825
5,277,1.549565154445
5,278,1.5431499288050001
5,279,1.5409316306725
5,280,1.5409316306725
5,281,1.53977018215
5,282,1.53977018215
5,283,1.5239588665425
5,284,1.519415153485
5,285,1.519415153485
5,286,1.5183120624325
5,287,1.49426773369
5,288,1.49426773369
5,289,1.4923638339475
5,290,1.451315802675
5,291,1.44532676886
5,292,1.4289832382275
5,293,1.383355857815
5,294,1.377770414695
5,295,1.377770414695
5,296,1.353569088615
5,297,1.3535516069425
5,298,1.34746222803
5,299,1.3406736251525
5,300,1.3288838942849999
5,301,1.3288838942849999
5,302,1.3288838942849999
5,303,1.3261854052925
5,304,1.32010823528
5,305,1.2939292566325
5,306,1.2566045158499999
5,307,1.2537200795749999
5,308,1.2537200795749999
5,309,1.25201902352
5,310,1.25020432613
5,311,1.2458944705800001
5,312,1.2458944705800001
5,313,1.23803095284
5,314,1.2100083325525
5,315,1.2034557550425
5,316,1.1992524864924998
5,317,1.1992524864924998
5,318,1.192662874915
5,319,1.1856772267925
5,320,1.1856772267925
5,321,1.17332400613
5,322,1.1647703496925002
5,323,1.1582151418625
5,324,1.1477852302825
5,325,1.1477852302825
5,326,1.1476434049475
5,327,1.1476434049475
5,328,1.1476434049475
5,329,1.1476434049475
5,330,1.1365415949675
5,331,1.1365415949675
5,332,1.1110705453525
5,333,1.1110705453525
5,334,1.1110705453525
5,335,1.1095103152249999
5,336,1.1083777531124999
5,337,1.095942820765
5,338,1.087119350235
5,339,1.087119350235
5,340,1.087119350235
5,341,1.0859880646125
5,342,1.0859880646125
5,343,1.0859880646125
5,344,1.0746872169150001
5,345,1.068057727335
5,346,1.065610775255
5,347,1.06378079436
5,348,1.0637436801025
5,349,1.0456705547075
5,350,1.0456705547075
5,351,1.03956187791
5,352,1.03956187791
5,353,1.0395240000750001
5,354,1.035022138135
5,355,1.0237246510775
5,356,0.987999066355
5,357,0.987999066355
5,358,0.987999066355
5,359,0.987999066355
5,360,0.987999066355
5,361,0.9869094145325
5,362,0.9840305982249999
5,363,0.982345186795
5,364,0.9816228372425
5,365,0.9816228372425
5,366,0.9816228372425
5,367,0.97380474695
5,368,0.97380474695
5,369,0.9711437382349999
5,370,0.9641551055099999
5,371,0.9488409798899999
5,372,0.9481845495675
5,373,0.9481845495675
5,374,0.9481845495675
5,375,0.9450397108349999
5,376,0.9302417134625
5,377,0.928506531385
5,378,0.9263713535000001
5,379,0.9178351108799999
5,380,0.9178351108799999
5,381,0.8995471884275
5,382,0.8951820130725
5,383,0.8882016211374999
5,384,0.8856509641700001
5,385,0.883795436695
5,386,0.8806123945175
5,387,0.86280454663
5,388,0.8610578093775001
5,389,0.8610578093775001
5,390,0.8610578093775001
5,391,0.8526224804150001
5,392,0.8526224804150001
5,393,0.8526224804150001
5,394,0.8505810204575
5,395,0.8505810204575
5,396,0.8455777785024999
5,397,0.8455777785024999
5,398,0.8316583632124999
5,399,0.8306495719925
5,400,0.8253087738049999
5,401,0.8253087738049999
5,402,0.82476489398
5,403,0.7918432251025
5,404,0.7918432251025
5,405,0.7918432251025
5,406,0.7876427525349999
5,407,0.7876427525349999
5,408,0.7876427525349999
5,409,0.7876427525349999
5,410,0.780716910585
5,411,0.7691036145475
5,412,0.7691036145475
5,413,0.7554723591425
5,414,0.7554723591425
5,415,0.7541610062649999
5,416,0.7519674741125
5,417,0.7519674741125
5,418,0.7519674741125
5,419,0.749715733
5,420,0.749715733
5,421,0.7487303900925
5,422,0.73537756846
5,423,0.7353312378875
5,424,0.7353312378875
5,425,0.7353312378875
5,426,0.694917246555
5,427,0.694917246555
5,428,0.674608967955
5,429,0.6735055601575
5,430,0.6735055601575
5,431,0.66810078004
5,432,0.66810078004
5,433,0.6615675694275
5,434,0.6615675694275
5,435,0.6561923368675
5,436,0.6535197758375
5,437,0.63333752712
5,438,0.6312244194225001
5,439,0.6312244194225001
5,440,0.6312244194225001
5,441,0.6312244194225001
5,442,0.6263526852225
5,443,0.626323658935
5,444,0.6215517775275
5,445,0.6215517775275
5,446,0.6215517775275
5,447,0.6157617521925001
5,448,0.6157617521925001
5,449,0.615005860835
5,450,0.6037919053049999
5,451,0.6037919053049999
5,452,0.5929429718625
5,453,0.5929429718625
5,454,0.5929429718625
5,455,0.5870700032575
5,456,0.5870700032575
5,457,0.5778418220874999
5,458,0.5778418220874999
5,459,0.5778418220874999
5,460,0.574817445545
5,461,0.574817445545
5,462,0.56003512516
5,463,0.56003512516
5,464,0.5566858362175
5,465,0.5406591909399999
5,466,0.535948151365
5,467,0.535948151365
5,468,0.5310127020550001
5,469,0.5310046037125
5,470,0.5310046037125
5,471,0.5286019540675
5,472,0.52433484453
5,473,0.52433484453
5,474,0.52433484453
5,475,0.52433484453
5,476,0.5027136011275
5,477,0.5019611420775
5,478,0.501195986875
5,479,0.501195986875
5,480,0.501195986875
5,481,0.501195986875
5,482,0.49522925537499995
5,483,0.49522925537499995
5,484,0.48931354879499994
5,485,0.4846823603175
5,486,0.482477008735
5,487,0.482477008735
5,488,0.482477008735
5,489,0.482477008735
5,490,0.47884840705
5,491,0.47884840705
5,492,0.47884840705
5,493,0.47884840705
5,494,0.47884840705
5,495,0.47884840705
5,496,0.47884840705
5,497,0.47587292258499997
5,498,0.47587292258499997
5,499,0.47501684062000005
5,500,0.47224101079749997
5,501,0.46563556413749996
5,502,0.46560417246999997
5,503,0.46268393490750004
5,504,0.46268393490750004
5,505,0.4596591871625
5,506,0.4395984278625
5,507,0.4395984278625
5,508,0.4395984278625
5,509,0.4395984278625
5,510,0.4395984278625
5,511,0.4395984278625
5,512,0.43542573192
5,513,0.41395815514
5,514,0.41395815514
5,515,0.41395815514
5,516,0.41340742465
5,517,0.41340742465
5,518,0.41135729899000006
5,519,0.41135729899000006
5,520,0.41135729899000006
5,521,0.41135729899000006
5,522,0.41135729899000006
5,523,0.41135729899000006
5,524,0.41135729899000006
5,525,0.41135729899000006
5,526,0.41135729899000006
5,527,0.40156720779
5,528,0.3907748561625
5,529,0.38583349096749997
5,530,0.374658489785
5,531,0.36305379295
5,532,0.36305379295
5,533,0.36305379295
5,534,0.36305379295
5,535,0.36305379295
5,536,0.36305379295
5,537,0.35180346940499996
5,538,0.35180346940499996
5,539,0.35180346940499996
5,540,0.35180346940499996
5,541,0.35180346940499996
5,542,0.35180346940499996
5,543,0.35180346940499996
5,544,0.35180346940499996
5,545,0.35180346940499996
5,546,0.35180346940499996
5,547,0.34058174134749997
5,548,0.34058174134749997
5,549,0.34058174134749997
5,550,0.34058174134749997
5,551,0.34058174134749997
5,552,0.3398780671375
5,553,0.31127270994
5,554,0.31109599864500004
5,555,0.31109599864500004
5,556,0.31109599864500004
5,557,0.29985872946750003
5,558,0.29985872946750003
5,559,0.29985872946750003
5,560,0.2991578999075
5,561,0.2991578999075
5,562,0.2917569566075
5,563,0.2917569566075
5,564,0.2917569566075
5,565,0.2637004685825
5,566,0.2637004685825
5,567,0.21852277338
5,568,0.21852277338
5,569,0.2049499327875
5,570,0.2049499327875
5,571,0.19901532343
5,572,0.19183793836000002
5,573,0.19183793836000002
5,574,0.18204687718999998
5,575,0.18204687718999998
5,576,0.18204687718999998
5,577,0.18204687718999998
5,578,0.18204687718999998
5,579,0.16834653189749998
5,580,0.16834653189749998
5,581,0.16834653189749998
5,582,0.1549968058825
5,583,0.1549968058825
5,584,0.1549968058825
5,585,0.1549968058825
5,586,0.1549968058825
5,587,0.1549968058825
5,588,0.13687557929
5,589,0.13272053614499998
5,590,0.13272053614499998
5,591,0.13272053614499998
5,592,0.1281318997925
5,593,0.1281318997925
5,594,0.1281318997925
5,595,0.1281318997925
5,596,0.12654016418
5,597,0.123203337705
5,598,0.123203337705
5,599,0.10699782764750002
5,600,0.10699782764750002
5,601,0.10699782764750002
5,602,0.1049304829825
5,603,0.1049304829825
5,604,0.10274748469249999
5,605,0.10274748469249999
5,606,0.10274748469249999
5,607,0.10274748469249999
5,608,0.10274748469249999
5,609,0.10274748469249999
5,610,0.10274748469249999
5,611,0.10274748469249999
5,612,0.10274748469249999
5,613,0.09445630589000001
5,614,0.09445630589000001
5,615,0.09445630589000001
5,616,0.09445630589000001
5,617,0.09445630589000001
5,618,0.0851351834775
5,619,0.0851351834775
5,620,0.0851351834775
5,621,0.0851351834775
5,622,0.0839582772425
5,623,0.0797753699975
5,624,0.07963054748000001
5,625,0.07963054748000001
5,626,0.07963054748000001
5,627,0.07963054748000001
5,628,0.07963054748000001
5,629,0.07963054748000001
5,630,0.07963054748000001
5,631,0.078411665585
5,632,0.078411665585
5,633,0.0773230319125
5,634,0.0773230319125
5,635,0.0773230319125
5,636,0.0773230319125
5,637,0.0773230319125
5,638,0.0773230319125
5,639,0.0773230319125
5,640,0.0773230319125
5,641,0.0773230319125
5,642,0.0773230319125
5,643,0.0773230319125
5,644,0.0773230319125
5,645,0.0773230319125
5,646,0.0773230319125
5,647,0.0773230319125
5,648,0.0773230319125
5,649,0.0773230319125
5,650,0.0773230319125
5,651,0.0773230319125
5,652,0.0773230319125
5,653,0.0773230319125
5,654,0.0773230319125
5,655,0.07653366207750001
5,656,0.07653366207750001
5,657,0.072901139915
5,658,0.072901139915
5,659,0.072901139915
5,660,0.072849729185
5,661,0.072849729185
5,662,0.072849729185
5,663,0.072849729185
5,664,0.072849729185
5,665,0.072849729185
5,666,0.072849729185
5,667,0.072849729185
5,668,0.072849729185
5,669,0.072849729185
5,670,0.072849729185
5,671,0.072849729185
5,672,0.072849729185
5,673,0.072849729185
5,674,0.072849729185
5,675,0.072849729185
5,676,0.072849729185
5,677,0.072849729185
5,678,0.072849729185
5,679,0.072849729185
5,680,0.072849729185
5,681,0.072849729185
5,682,0.072849729185
5,683,0.0728046741275
5,684,0.0728046741275
5,685,0.0728046741275
5,686,0.0728046741275
5,687,0.0728046741275
5,688,0.0728046741275
5,689,0.0728046741275
5,690,0.0728046741275
5,691,0.0728046741275
5,692,0.070725164975
5,693,0.070725164975
5,694,0.0706391936625
5,695,0.0706391936625
5,696,0.0706391936625
5,697,0.0706391936625
5,698,0.0706391936625
5,699,0.0706391936625
5,700,0.0705738103775
5,701,0.07038564911499999
5,702,0.07038564911499999
5,703,0.07038564911499999
5,704,0.07038564911499999
5,705,0.0700757761075
5,706,0.0700757761075
5,707,0.0700757761075
5,708,0.0697486102475
5,709,0.0697486102475
5,710,0.0697486102475
5,711,0.0697486102475
5,712,0.0697486102475
5,713,0.0697486102475
5,714,0.0697486102475
5,715,0.0691837240225
5,716,0.0687906591325
5,717,0.068648744145
5,718,0.068648744145
5,719,0.068648744145
5,720,0.068648744145
5,721,0.067675377875
5,722,0.06448509074
5,723,0.0641076943675
5,724,0.0641076943675
5,725,0.0641076943675
5,726,0.0641076943675
5,727,0.0641076943675
5,728,0.0641076943675
5,729,0.0632816841275
5,730,0.0632816841275
5,731,0.0632816841275
5,732,0.0632816841275
5,733,0.0632816841275
5,734,0.0632816841275
5,735,0.0632816841275
5,736,0.0632816841275
5,737,0.0632816841275
5,738,0.0632816841275
5,739,0.06323557153
5,740,0.06323557153
5,741,0.06309596423
5,742,0.06309596423
5,743,0.06309596423
5,744,0.06309596423
5,745,0.06309596423
5,746,0.06239883178750001
5,747,0.053848623737500004
5,748,0.053848623737500004
5,749,0.053848623737500004
5,750,0.0477419457725
5,751,0.0477419457725
5,752,0.0477419457725
5,753,0.0477419457725
5,754,0.0477419457725
5,755,0.0477419457725
5,756,0.0477419457725
5,757,0.0477419457725
5,758,0.0477419457725
5,759,0.0477419457725
5,760,0.0476608004375
5,761,0.0476608004375
5,762,0.0476608004375
5,763,0.047477706095
5,764,0.047477706095
5,765,0.047477706095
5,766,0.047477706095
5,767,0.047477706095
5,768,0.047477706095
5,769,0.047477706095
5,770,0.047477706095
5,771,0.047477706095
5,772,0.047477706095
5,773,0.047477706095
5,774,0.047477706095
5,775,0.0471488956525
5,776,0.0471488956525
5,777,0.0471488956525
5,778,0.0471488956525
5,779,0.0471488956525
5,780,0.0471488956525
5,781,0.0471488956525
5,782,0.0471488956525
5,783,0.0471488956525
5,784,0.0471488956525
5,785,0.0471488956525
5,786,0.0471488956525
5,787,0.0471353719625
5,788,0.0471353719625
5,789,0.0471353719625
5,790,0.0424335028075
5,791,0.042429507105
5,792,0.042429507105
5,793,0.042429507105
5,794,0.042429507105
5,795,0.03299726119
5,796,0.03299726119
5,797,0.03299726119
5,798,0.03299726119
5,799,0.03299726119
5,800,0.03299726119
5,801,0.03299726119
5,802,0.03299726119
5,803,0.03299726119
5,804,0.03299726119
5,805,0.03299726119
5,806,0.03299726119
5,807,0.032994875755
5,808,0.032994875755
5,809,0.032994875755
5,810,0.032994875755
5,811,0.032994875755
5,812,0.032994875755
5,813,0.032994875755
5,814,0.032994875755
5,815,0.032994875755
5,816,0.032994875755
5,817,0.032994875755
5,818,0.032994875755
5,819,0.032994875755
5,820,0.032994875755
5,821,0.0318018585525
5,822,0.0318018585525
5,823,0.0318018585525
5,824,0.0318018585525
5,825,0.027658551662499996
5,826,0.027658551662499996
5,827,0.027658551662499996
5,828,0.027658551662499996
5,829,0.027658551662499996
5,830,0.021548149109999998
5,831,0.021548149109999998
5,832,0.021548149109999998
5,833,0.021548149109999998
5,834,0.021548149109999998
5,835,0.0208490256925
5,836,0.020844415624999998
5,837,0.020844415624999998
5,838,0.013898426114999998
5,839,0.013898426114999998
5,840,0.013898426114999998
5,841,0.0133819078075
5,842,0.0133819078075
5,843,0.0133819078075
5,844,0.0133819078075
5,845,0.013379940645
5,846,0.013379940645
5,847,0.013379940645
5,848,0.013379940645
5,849,0.0082914154175
5,850,0.0082914154175
5,851,0.0082914154175
5,852,0.0060783433525
5,853,0.0060783433525
5,854,0.0060783433525
5,855,0.0060783433525
5,856,0.0060783433525
5,857,0.0060783433525
5,858,0.0060783433525
5,859,0.0060783433525
5,860,0.0060783433525
5,861,0.0060783433525
5,862,0.0060783433525
5,863,0.0060783433525
5,864,0.0060783433525
5,865,0.001404796975
5,866,0.001404796975
5,867,0.001404796975
5,868,0.001404796975
5,869,0.001404796975
5,870,0.001404796975
5,871,0.001404796975
5,872,0.001404796975
5,873,0.001404796975
5,874,0.001404796975
5,875,0.0008921585549999999
5,876,0.0008921585549999999
5,877,0.0008921585549999999
5,878,0.00034164628749999996
5,879,0.00034164628749999996
5,880,0.00034164628749999996
5,881,0.00034164628749999996
5,882,0.00034164628749999996
5,883,0.00034164628749999996
5,884,0.00034164628749999996
5,885,0.00034164628749999996
5,886,0.00034164628749999996
5,887,9.437419e-05
5,888,9.437419e-05
5,889,9.437419e-05
5,890,9.437419e-05
5,891,9.437419e-05
5,892,9.437419e-05
5,893,9.437419e-05
5,894,9.437419e-05
5,895,9.437419e-05
5,896,9.437419e-05
5,897,9.437419e-05
5,898,9.437419e-05
5,899,1.297502e-05
5,900,1.297502e-05
5,901,1.297502e-05
5,902,1.297502e-05
5,903,1.297502e-05
5,904,1.297502e-05
5,905,1.297502e-05
5,906,1.297502e-05
5,907,1.297502e-05
5,908,1.297502e-05
5,909,1.297502e-05
5,910,1.297502e-05
5,911,1.297502e-05
5,912,1.297502e-05
5,913,1.297502e-05
5,914,1.297502e-05
5,915,1.297502e-05
5,916,1.297502e-05
5,917,1.297502e-05
5,918,6.107695e-06
5,919,6.107695e-06
5,920,6.107695e-06
5,921,6.107695e-06
5,922,6.107695e-06
5,923,6.107695e-06
5,924,6.107695e-06
5,925,6.107695e-06
5,926,6.107695e-06
5,927,6.107695e-06
5,928,6.107695e-06
5,929,6.107695e-06
5,930,6.107695e-06
5,931,6.107695e-06
5,932,6.107695e-06
5,933,6.107695e-06
5,934,6.107695e-06
5,935,6.107695e-06
5,936,6.107695e-06
5,937,6.107695e-06
5,938,6.107695e-06
5,939,6.107695e-06
5,940,6.107695e-06
5,941,6.107695e-06
5,942,6.107695e-06
5,943,6.107695e-06
5,944,6.107695e-06
5,945,6.107695e-06
5,946,6.107695e-06
5,947,6.107695e-06
5,948,0.0
5,949,0.0
5,950,0.0
5,951,0.0
5,952,0.0
5,953,0.0
5,954,0.0
5,955,0.0
5,956,0.0
5,957,0.0
5,958,0.0
5,959,0.0
5,960,0.0
5,961,0.0
5,962,0.0
5,963,0.0
5,964,0.0
5,965,0.0
5,966,0.0
5,967,0.0
5,968,0.0
5,969,0.0
5,970,0.0
5,971,0.0
5,972,0.0
5,973,0.0
5,974,0.0
5,975,0.0
5,976,0.0
5,977,0.0
5,978,0.0
5,979,0.0
5,980,0.0
5,981,0.0
5,982,0.0
5,983,0.0
5,984,0.0
5,985,0.0
5,986,0.0
5,987,0.0
5,988,0.0
5,989,0.0
5,990,0.0
5,991,0.0
5,992,0.0
5,993,0.0
5,994,0.0
5,995,0.0
5,996,0.0
5,997,0.0
5,998,0.0
5,999,0.0
5,1000,0.0
6,1,295899.0153897534
6,2,177848.56556910562
6,3,149212.1710036209
6,4,125262.62337407384
6,5,103289.49134356886
6,6,96697.2615820556
6,7,82541.79243436623
6,8,78029.40444622585
6,9,67507.47477623665
6,10,61829.11244950849
6,11,57729.910130576776
6,12,49170.14190594083
6,13,36792.277227117986
6,14,31721.159966074272
6,15,31357.88421282447
6,16,31050.280805074894
6,17,27628.3773327107
6,18,24876.29802552395
6,19,21817.866623467395
6,20,21372.424156115347
6,21,20698.228353499184
6,22,17669.076018219057
6,23,17492.69754400087
6,24,15569.75473135098
6,25,14827.942668085112
6,26,12878.668568994797
6,27,11848.46530113607
6,28,9241.77611260294
6,29,8009.325398802185
6,30,7707.027491320443
6,31,6237.775282176238
6,32,6106.11086314112
6,33,5618.7445042866575
6,34,5282.855059612983
6,35,4612.05508247513
6,36,4389.7578938620745
6,37,3914.273996516515
6,38,3322.8687871646725
6,39,3322.8687871646725
6,40,3142.6879005316523
6,41,2985.703111823382
6,42,2972.7117097094
6,43,2543.9764119336423
6,44,2007.45817059449
6,45,1994.7999402861049
6,46,1727.087262071755
6,47,1565.343264000335
6,48,1521.7862107636552
6,49,1185.8169056757474
6,50,1120.6099321045251
6,51,496.20856887719253
6,52,496.20856887719253
6,53,494.79308953772
6,54,383.03911086530746
6,55,383.03911086530746
6,56,334.521437655015
6,57,333.2051634527975
6,58,181.594093825735
6,59,181.40247102589
6,60,181.40247102589
6,61,180.15295249885
6,62,178.9412203892075
6,63,170.91905110545
6,64,134.95389903798
6,65,134.8758801309325
6,66,134.8758801309325
6,67,134.87588013014
6,68,132.599079606955
6,69,132.5062928914825
6,70,120.1350595239775
6,71,120.1350595239775
6,72,88.46047380242
6,73,39.8354823797925
6,74,38.421245918305
6,75,37.6219737546275
6,76,37.621973751805
6,77,37.141650193355005
6,78,37.141650193355005
6,79,35.289321611685
6,80,35.127705847495
6,81,34.352051019292496
6,82,34.3520510155475
6,83,34.3520510155475
6,84,32.70149203545
6,85,32.70149203545
6,86,32.6384782666375
6,87,32.4221732637125
6,88,32.42217326353
6,89,32.17181449914
6,90,31.950651236315004
6,91,31.72135302761
6,92,30.859087594997497
6,93,29.64062838414
6,94,28.917017175642503
6,95,28.7513798845025
6,96,28.323492373212503
6,97,28.10764238705
6,98,27.96414542607
6,99,27.9631422871025
6,100,26.6792004639075
6,101,26.014718623007504
6,102,25.9302188458025
6,103,25.567500304495
6,104,25.567500304495
6,105,24.922080473432498
6,106,24.7703101599725
6,107,24.037301550032502
6,108,23.7169964614025
6,109,23.3284030035625
6,110,22.8368296647225
6,111,21.35412943303
6,112,20.750678573435
6,113,20.6053472077025
6,114,20.582562534577498
6,115,20.4318755365625
6,116,20.0608147941125
6,117,19.940583855619998
6,118,19.9405838475475
6,119,19.8304001043775
6,120,19.659925778090003
6,121,19.219972298565
6,122,18.8003401664675
6,123,18.733081876107498
6,124,18.5964475823575
6,125,18.5238409512225
6,126,18.4464991090675
6,127,17.915565893895
6,128,17.8111869668525
6,129,17.710727808807498
6,130,17.4684103003425
6,131,16.6279268555225
6,132,16.2573437871875
6,133,15.989750250017499
6,134,15.942544026515
6,135,15.785288175565
6,136,15.747106723445
6,137,15.530633701365
6,138,15.1628340398625
6,139,15.13131299817
6,140,14.71639810865
6,141,14.184924923170001
6,142,14.18492491633
6,143,14.184924915765
6,144,13.955763899395
6,145,13.819333890535
6,146,13.6406969548925
6,147,12.78682009833
6,148,12.7338612118625
6,149,12.524394634385
6,150,12.4956764464925
6,151,12.337023864395
6,152,12.2528200298325
6,153,11.9459939431875
6,154,11.945993924182499
6,155,11.6042635361175
6,156,11.0880732562675
6,157,11.0340826611225
6,158,10.8113871878925
6,159,10.2156594925175
6,160,10.21565948388
6,161,9.841543723285
6,162,9.8415437212575
6,163,9.8296151242525
6,164,9.8296151242525
6,165,8.9301417778575
6,166,8.930141766155
6,167,8.8851090382175
6,168,8.86179619782
6,169,8.5403908205425
6,170,8.514223187332501
6,171,8.123928575457501
6,172,8.1197843756225
6,173,8.061761273395
6,174,7.9764777077749995
6,175,7.953402187855
6,176,7.816661231155
6,177,7.1952957116125
6,178,7.1952957010975
6,179,7.193061232425
6,180,7.193061229974999
6,181,7.1930612290500004
6,182,7.1930612290500004
6,183,7.041439917092499
6,184,6.669493272894999
6,185,6.608549718330001
6,186,6.4867355742149995
6,187,6.4828200056775005
6,188,6.278251538979999
6,189,6.1681014785525
6,190,6.1663809694925
6,191,6.166380968517499
6,192,5.9557714094125
6,193,5.8063645848425
6,194,5.7741129357225
6,195,5.692133211054999
6,196,5.64989573259
6,197,5.6450607040000005
6,198,5.6166620484675
6,199,5.6166620401700005
6,200,5.5836888780325
6,201,5.496203759365001
6,202,5.496203738045
6,203,5.4962037359225
6,204,5.4962037194225
6,205,5.468298468795
6,206,5.468298425185
6,207,4.790905368375
6,208,4.7909053441875
6,209,4.7909053367
6,210,4.7909053010675
6,211,4.7909053003225
6,212,4.7628381572825
6,213,4.42561090462
6,214,4.4256107602625
6,215,4.4256107182125
6,216,4.4256107002050005
6,217,4.425610699055
6,218,4.425610606575001
6,219,4.0099944169425
6,220,4.009994332875
6,221,4.0063249768725
6,222,4.0063249599774995
6,223,4.00632495851
6,224,4.006324926165
6,225,3.6391826655975
6,226,3.6391825708175
6,227,3.6391825578324997
6,228,3.6391825421675
6,229,3.6391825405524996
6,230,3.6391825283575003
6,231,3.433218633
6,232,3.43321856389
6,233,3.433218562615
6,234,3.4332185488599998
6,235,3.4332185475175003
6,236,3.4332185085299995
6,237,3.2569627983725
6,238,3.2569627414925
6,239,3.2118519094074998
6,240,3.211851889985
6,241,3.21185188853
6,242,3.2118518374025
6,243,3.0368215447625
6,244,3.0368215116325
6,245,3.0368214659975
6,246,3.0368214554625
6,247,3.0368214541125
6,248,3.03682142156
6,249,2.8241180628975
6,250,2.824118012685
6,251,2.8241179521325
6,252,2.6138213411574998
6,253,2.61382133768
6,254,2.6138212630249997
6,255,2.48133738271
6,256,2.4813373767674998
6,257,2.481337268615
6,258,2.4813372484375003
6,259,2.4813372456450002
6,260,2.48133717414
6,261,2.3783034266375003
6,262,2.378303378125
6,263,2.3783033767325
6,264,2.37830337174
6,265,2.37830336678
6,266,2.3746312287199998
6,267,2.25016408205
6,268,2.250164050105
6,269,2.2501639604
6,270,2.2501639272375
6,271,2.2501639236799997
6,272,2.2501638481699997
6,273,2.1190946316725
6,274,2.119094598255
6,275,2.1190945870175
6,276,2.1190945707875
6,277,2.1190945661325
6,278,2.119094531075
6,279,2.0790737620825
6,280,2.07907371591
6,281,2.0790736216025
6,282,2.0790736081725
6,283,2.07907360339
6,284,2.0737700352250004
6,285,1.95257890189
6,286,1.95257883079
6,287,1.95257877305
6,288,1.9525787544874997
6,289,1.95257874924
6,290,1.95257870294
6,291,1.8883116205050001
6,292,1.8883116119749999
6,293,1.87719874504
6,294,1.8771987368775
6,295,1.877198734205
6,296,1.8771986610275
6,297,1.7933806164975
6,298,1.7933805965725
6,299,1.7933805391925
6,300,1.793380527845
6,301,1.79338052423
6,302,1.7933804911675
6,303,1.707805399815
6,304,1.7078053259600001
6,305,1.7078052693974999
6,306,1.6936059425075
6,307,1.6936059377100001
6,308,1.6936058844825
6,309,1.612906257685
6,310,1.6129062031225
6,311,1.6129061569449998
6,312,1.6129061555250002
6,313,1.6129061501175
6,314,1.6129061062399999
6,315,1.5331982819649999
6,316,1.5331982374875
6,317,1.5331981395275
6,318,1.5180317207525
6,319,1.51803171564
6,320,1.4935925989175
6,321,1.366798476715
6,322,1.36108288395
6,323,1.3610827761025
6,324,1.3610827700350001
6,325,1.3610827656375002
6,326,1.3610827143
6,327,1.297262774635
6,328,1.2972627276775
6,329,1.2921393665749998
6,330,1.29213935151
6,331,1.2921393463925
6,332,1.2921393081950001
6,333,1.245721505005
6,334,1.2457214622275
6,335,1.244714173625
6,336,1.244714154145
6,337,1.2447141522175
6,338,1.2447140889775
6,339,1.1529061208475
6,340,1.152906101915
6,341,1.1529060410525
6,342,1.1529060291475
6,343,1.1529060236625
6,344,1.152905944025
6,345,1.101463511345
6,346,1.10146348715
6,347,1.0840033336775
6,348,1.0840033281775
6,349,1.08400332622
6,350,1.0836981245800001
6,351,1.0213968776025
6,352,1.0213968556425
6,353,1.02139680842
6,354,1.0212015798474998
6,355,1.0212015739275
6,356,1.005188225425
6,357,0.9514354802425
6,358,0.9514354674775
6,359,0.9498275084950001
6,360,0.949827502885
6,361,0.9498274986649999
6,362,0.9498274645924999
6,363,0.908045847575
6,364,0.90804580228
6,365,0.9080457510900001
6,366,0.9080457407300001
6,367,0.9080457352650001
6,368,0.90804570288
6,369,0.8469967718675001
6,370,0.8469967517124999
6,371,0.8325248466799999
6,372,0.8325248367525001
6,373,0.832524830925
6,374,0.8325248110524999
6,375,0.77038428246
6,376,0.770384272165
6,377,0.7703842231025
6,378,0.7703842097825
6,379,0.770384206915
6,380,0.7703841604474999
6,381,0.7413318667375
6,382,0.741331849725
6,383,0.74133173582
6,384,0.741331716625
6,385,0.741331712615
6,386,0.7272769232625
6,387,0.683532519605
6,388,0.6835325101749999
6,389,0.6835324216675
6,390,0.6835324064975
6,391,0.6835324029975001
6,392,0.68353237666
6,393,0.6626505938999999
6,394,0.65688397874
6,395,0.656883898715
6,396,0.656883883255
6,397,0.6568838786825
6,398,0.65688382859
6,399,0.64581012342
6,400,0.6458101203875
6,401,0.6458100715649999
6,402,0.6458100464400001
6,403,0.6458100443425
6,404,0.6458100092325
6,405,0.628550132455
6,406,0.6285501220475
6,407,0.6285500835575
6,408,0.6285500601325
6,409,0.6285500566
6,410,0.628550023605
6,411,0.5919722837675
6,412,0.59197228141
6,413,0.5919721996325
6,414,0.5919721866475001
6,415,0.59197218488
6,416,0.5919721515275
6,417,0.5799774709800001
6,418,0.5799774679925
6,419,0.5799774153175
6,420,0.579977405445
6,421,0.5799774011400001
6,422,0.579977371805
6,423,0.5501691344524999
6,424,0.5435359170374999
6,425,0.543535824975
6,426,0.542143540015
6,427,0.5421435380374999
6,428,0.542143515305
6,429,0.522398761905
6,430,0.5223987566824999
6,431,0.5223986800075
6,432,0.5223986527375
6,433,0.5223986517525
6,434,0.5183815643424999
6,435,0.5038560244675
6,436,0.5030797607524999
6,437,0.4996662675
6,438,0.4958485289525
6,439,0.49398833424
6,440,0.4939883171625
6,441,0.44240828735750004
6,442,0.442408281875
6,443,0.4424082062825
6,444,0.44240816915250003
6,445,0.44240816736749994
6,446,0.44240814332999995
6,447,0.43269243732499996
6,448,0.43269243290250003
6,449,0.43269241573499995
6,450,0.41696141596749997
6,451,0.416961414895
6,452,0.41696139934
6,453,0.377383364145
6,454,0.37738335970000003
6,455,0.37738328425
6,456,0.37738325110000004
6,457,0.377383250045
6,458,0.3773832192875
6,459,0.337193480545
6,460,0.337193475755
6,461,0.33719343213499997
6,462,0.3371934124275
6,463,0.3371934113
6,464,0.33719339344
6,465,0.3033493929375
6,466,0.30334938879499995
6,467,0.3033493590975
6,468,0.303349343875
6,469,0.3033493428125
6,470,0.3033493240725
6,471,0.28305020389999996
6,472,0.283050200185
6,473,0.283050178865
6,474,0.2830501674575
6,475,0.28305016679749995
6,476,0.26958696064
6,477,0.2636866857975
6,478,0.263686683335
6,479,0.26368666225
6,480,0.263686642285
6,481,0.26368664178
6,482,0.2636866281225
6,483,0.24644095996749998
6,484,0.2464409573225
6,485,0.24644093443749998
6,486,0.24644091941
6,487,0.24054205586
6,488,0.2405420414525
6,489,0.22045322407499998
6,490,0.22045322289999997
6,491,0.2086407083375
6,492,0.20864067297000002
6,493,0.2086406726975
6,494,0.20864065657
6,495,0.2041622296525
6,496,0.2041622258375
6,497,0.2041622163175
6,498,0.204162152775
6,499,0.20416215206250002
6,500,0.19778271323500002
6,501,0.1899136232175
6,502,0.18991362037499998
6,503,0.18991359087999998
6,504,0.1899135294475
6,505,0.1899135286475
6,506,0.1899135009525
6,507,0.184209501305
6,508,0.1842094998775
6,509,0.177912941745
6,510,0.1708966720275
6,511,0.1708966718675
6,512,0.17089666351750002
6,513,0.16722397608
6,514,0.1672239755825
6,515,0.16722396251
6,516,0.1672239406075
6,517,0.1672239406025
6,518,0.16339948842000002
6,519,0.16113045208750001
6,520,0.16113045076
6,521,0.161130447165
6,522,0.1550622727
6,523,0.1550622725975
6,524,0.1550622620625
6,525,0.1509087555025
6,526,0.15090875406749998
6,527,0.150908748245
6,528,0.1509086868525
6,529,0.150908686825
6,530,0.147856649465
6,531,0.146083200595
6,532,0.1460831992125
6,533,0.14608318920000002
6,534,0.14608313746749998
6,535,0.1460831373825
6,536,0.14608312780750002
6,537,0.14557258417250002
6,538,0.14557258211000002
6,539,0.145572577225
6,540,0.14557250566
6,541,0.145572505585
6,542,0.1455724753525
6,543,0.14438046708500002
6,544,0.14438046581
6,545,0.1443804581825
6,546,0.14438041071
6,547,0.1443804106025
6,548,0.144380400755
6,549,0.14305668875
6,550,0.1384931632025
6,551,0.13849315581
6,552,0.1384930861825
6,553,0.138493086105
6,554,0.1384930586775
6,555,0.1355609372525
6,556,0.1355609358625
6,557,0.13556092794000002
6,558,0.1355608681925
6,559,0.135560868165
6,560,0.1355608413625
6,561,0.13262948221999998
6,562,0.1326294805375
6,563,0.13262946787250002
6,564,0.1326294297325
6,565,0.13262942969
6,566,0.1326294032075
6,567,0.129463658605
6,568,0.1294636582425
6,569,0.1294636493775
6,570,0.1294636139425
6,571,0.1294636139425
6,572,0.1294635937825
6,573,0.125535444995
6,574,0.1255354446975
6,575,0.12553543748
6,576,0.12553540859499998
6,577,0.12553540859499998
6,578,0.125535383355
6,579,0.11497928361750001
6,580,0.11154307711
6,581,0.110848339585
6,582,0.11084829460000001
6,583,0.11084829457
6,584,0.1108482751625
6,585,0.0930615817225
6,586,0.09306158142750001
6,587,0.093061574645
6,588,0.0930615584725
6,589,0.092639089995
6,590,0.08874537994750001
6,591,0.080240514445
6,592,0.0802405142225
6,593,0.078914142545
6,594,0.0789141316525
6,595,0.0789141316525
6,596,0.0789141161525
6,597,0.0781416959075
6,598,0.07814169576249999
6,599,0.07814168704249999
6,600,0.07814167833499999
6,601,0.076913956105
6,602,0.076913952895
6,603,0.0719464243725
6,604,0.07194642411249999
6,605,0.071946407065
6,606,0.0719463980175
6,607,0.0719463980175
6,608,0.0719463927375
6,609,0.0699879965975
6,610,0.06998799652250001
6,611,0.06998796058
6,612,0.069987955175
6,613,0.069987955175
6,614,0.06998794993249999
6,615,0.0655384164725
6,616,0.065538416235
6,617,0.0655383824525
6,618,0.06553837272
6,619,0.065538372645
6,620,0.06553836640499999
6,621,0.0643408186825
6,622,0.06395373169749999
6,623,0.0639537289525
6,624,0.0636267435725
6,625,0.06362674352
6,626,0.06362673983
6,627,0.06263908428750001
6,628,0.06263908408749999
6,629,0.0626390421775
6,630,0.06261101935499999
6,631,0.06261101935499999
6,632,0.0625313563125
6,633,0.0617537562125
6,634,0.061753756187499995
6,635,0.0617537122025
6,636,0.0617536982225
6,637,0.051259282112500006
6,638,0.05125927402
6,639,0.049008364727499996
6,640,0.0490083645525
6,641,0.049008320467500005
6,642,0.0490083064675
6,643,0.0490083063975
6,644,0.046269417845
6,645,0.041730283195
6,646,0.041730282949999996
6,647,0.0417302706525
6,648,0.041730266257499996
6,649,0.041730266254999995
6,650,0.038996051670000004
6,651,0.03610760551
6,652,0.036107391030000005
6,653,0.0361073746225
6,654,0.03610737225
6,655,0.0361073721725
6,656,0.0361073652475
6,657,0.029172953945000003
6,658,0.0291729537375
6,659,0.02917292873
6,660,0.0291729248875
6,661,0.0291729248875
6,662,0.02915403863
6,663,0.028764984130000004
6,664,0.024167903805
6,665,0.024167900972500003
6,666,0.0241678950925
6,667,0.024167895012500003
6,668,0.024147338605000002
6,669,0.0234859931275
6,670,0.023485992560000002
6,671,0.023485968215
6,672,0.02348596418
6,673,0.0234859641475
6,674,0.014729016177500002
6,675,0.014260577687500001
6,676,0.014260576967499999
6,677,0.014260551860000002
6,678,0.014260549780000001
6,679,0.0142605497025
6,680,0.014260541960000001
6,681,0.01186293565
6,682,0.011862934930000001
6,683,0.0118629328625
6,684,0.01186293096
6,685,0.011862930907500001
6,686,0.01186292402
6,687,0.011804235892499999
6,688,0.011804235474999999
6,689,0.01180421179
6,690,0.0118042114275
6,691,0.0116745676975
6,692,0.0116745658525
6,693,0.010252203934999999
6,694,0.0102522034425
6,695,0.0102521762575
6,696,0.01025217359
6,697,0.0102521735875
6,698,0.01025216711
6,699,0.010150598125
6,700,0.0101505971975
6,701,0.0101505946
6,702,0.010150593167500001
6,703,0.0101505928875
6,704,0.01015058659
6,705,0.008741749277499999
6,706,0.008741748130000001
6,707,0.0087417408775
6,708,0.008741739972499999
6,709,0.0087417398025
6,710,0.008741733827499999
6,711,0.0074728659475
6,712,0.00747286546
6,713,0.007472840442500001
6,714,0.007472838262499999
6,715,0.0074728382025
6,716,0.007472833415
6,717,0.0074336678625
6,718,0.007433667739999999
6,719,0.007433667372499999
6,720,0.0074336659675
6,721,0.0074336659375
6,722,0.007433664417499999
6,723,0.006870054452500001
6,724,0.0068674044775
6,725,0.0068674012225
6,726,0.0068674003025
6,727,0.00686740027
6,728,0.0068673961125
6,729,0.0067808918725
6,730,0.0067808912700000005
6,731,0.006780887639999999
6,732,0.0060865290649999996
6,733,0.006086529029999999
6,734,0.006086525705
6,735,0.005486363582499999
6,736,0.0054863635175000005
6,737,0.00548635479
6,738,0.005486354555
6,739,0.005486354555
6,740,0.0054863541024999995
6,741,0.005005958325
6,742,0.005005956875
6,743,0.005005949399999999
6,744,0.00500594882
6,745,0.0050059487875
6,746,0.0050059421375
6,747,0.004685538227499999
6,748,0.004680028259999999
6,749,0.004680018659999999
6,750,0.0046800183075
6,751,0.0046800182749999995
6,752,0.0046800112675
6,753,0.0045023195875
6,754,0.0045023180625
6,755,0.0045023081950000005
6,756,0.00450230811
6,757,0.004502308102500001
6,758,0.004502301445000001
6,759,0.0043901709099999995
6,760,0.0041275067275
6,761,0.0036581544524999995
6,762,0.0036523239724999997
6,763,0.003652323865
6,764,0.0036523169225
6,765,0.0035770596349999997
6,766,0.0035770581749999994
6,767,0.0035770486424999996
6,768,0.00335455844
6,769,0.0033545584349999997
6,770,0.003354552015
6,771,0.003343962315
6,772,0.0033439611549999997
6,773,0.00334396095
6,774,0.0033439608475
6,775,0.0033439608475
6,776,0.0032551991625
6,777,0.0032139853274999997
6,778,0.0032139836575
6,779,0.0032139742125000003
6,780,0.0031966283424999997
6,781,0.0031966283424999997
6,782,0.003089249915
6,783,0.0030235162325
6,784,0.00302351564
6,785,0.003023508145
6,786,0.0030235080275000004
6,787,0.0030229836275000002
6,788,0.0030229819875000003
6,789,0.0030063777350000003
6,790,0.003006376795
6,791,0.0027622496799999995
6,792,0.0027622495824999997
6,793,0.0027622495824999997
6,794,0.0027622484124999996
6,795,0.0027032180649999996
6,796,0.00270321632
6,797,0.0027032156749999996
6,798,0.0027032156425
6,799,0.0027032156399999997
6,800,0.0027032127425
6,801,0.0025829927125
6,802,0.00258299084
6,803,0.0025829823175
6,804,0.0025822121874999994
6,805,0.0025800364524999997
6,806,0.00258003393
6,807,0.00257787518
6,808,0.00257787509
6,809,0.0025778745025
6,810,0.002577874415
6,811,0.00257787441
6,812,0.0025778742175
6,813,0.00248635791
6,814,0.0022984521925
6,815,0.0022984426275
6,816,0.0022984425450000004
6,817,0.00229844254
6,818,0.0022984404099999998
6,819,0.002177497895
6,820,0.002177497225
6,821,0.0021774882725000004
6,822,0.0021774882050000005
6,823,0.0021774882
6,824,0.002177487095
6,825,0.0018326432274999999
6,826,0.0018326423124999998
6,827,0.0018326418075
6,828,0.0018326416799999998
6,829,0.0018326416725
6,830,0.0018326406100000001
6,831,0.001712390595
6,832,0.001712390125
6,833,0.0017123807224999998
6,834,0.0017123806799999998
6,835,0.0017123806749999998
6,836,0.0016374359075
6,837,0.0016362728549999996
6,838,0.0016362724199999999
6,839,0.0016362723324999998
6,840,0.0016362722325
6,841,0.00163627223
6,842,0.0016362707724999997
6,843,0.0016322016625000002
6,844,0.0016322012150000002
6,845,0.0016321926425
6,846,0.0016321925325
6,847,0.0016321925299999998
6,848,0.0016321912249999998
6,849,0.00162730351
6,850,0.0016273029850000001
6,851,0.001584343655
6,852,0.0015843436025000002
6,853,0.0015843436000000002
6,854,0.0015843423175
6,855,0.00156655915
6,856,0.0015665583175
6,857,0.0013990123
6,858,0.001399012165
6,859,0.0013987914424999999
6,860,0.001398788785
6,861,0.00136378042
6,862,0.0013637798375
6,863,0.0013637700875000001
6,864,0.0013637698975
6,865,0.001363769895
6,866,0.001363767665
6,867,0.001360094645
6,868,0.0013600945525
6,869,0.0013596916425
6,870,0.0013596915625
6,871,0.0013255722000000002
6,872,0.0013255713775
6,873,0.0013129120425000001
6,874,0.0013129112275000001
6,875,0.001312902205
6,876,0.0013125898275
6,877,0.0013125898175
6,878,0.001312587655
6,879,0.00128544313
6,880,0.0012854423425
6,881,0.00128543348
6,882,0.0012854334
6,883,0.0012854333925
6,884,0.0012854311925
6,885,0.001231795645
6,886,0.0012316188325
6,887,0.0012316121725
6,888,0.0012316120475
6,889,0.0012316120425
6,890,0.0012316110750000002
6,891,0.001045362315
6,892,0.001045068835
6,893,0.0010450644324999999
6,894,0.0010450643475
6,895,0.0010450643425000002
6,896,0.00104506304
6,897,0.0008318004000000001
6,898,0.0008317999025
6,899,0.0007144835974999999
6,900,0.000714483575
6,901,0.0007143528375
6,902,0.0007143511575
6,903,0.000697403945
6,904,0.0006974037625
6,905,0.00069740349
6,906,0.000619102315
6,907,0.0006191023124999999
6,908,0.00061910111
6,909,0.0006155860125
6,910,0.0006154889324999999
6,911,0.0006154845624999999
6,912,0.0006154845125
6,913,0.000615484505
6,914,0.00060722931
6,915,0.0005846742675
6,916,0.000584674155
6,917,0.000584672035
6,918,0.0005846720275
6,919,0.0005846720225
6,920,0.00058467148
6,921,0.00054652084
6,922,0.00054652052
6,923,0.000546520465
6,924,0.0005465204524999999
6,925,0.0005465204474999999
6,926,0.0005465196025
6,927,0.0005379045824999999
6,928,0.000537904535
6,929,0.0005379022475
6,930,0.00053790221
6,931,0.000537902205
6,932,0.0005379020225
6,933,0.0005327517275
6,934,0.0005327516975
6,935,0.0005327492374999999
6,936,0.0005327491599999999
6,937,0.0005327491599999999
6,938,0.00053274891
6,939,0.000532677405
6,940,0.0005326773525
6,941,0.0005080748175
6,942,0.000508074755
6,943,0.000508074755
6,944,0.0005080744649999999
6,945,0.000487146155
6,946,0.00048714608749999996
6,947,0.000487145915
6,948,0.000487145835
6,949,0.0004708757625
6,950,0.0004026399325
6,951,0.000401052545
6,952,0.0004010525075
6,953,0.00040105058249999997
6,954,0.00040105048249999993
6,955,0.00040105048249999993
6,956,0.00040105011249999995
6,957,0.00040083502
6,958,0.000400834975
6,959,0.00040083492749999996
6,960,0.0004008348575
6,961,0.000400834855
6,962,0.0004008345599999999
6,963,0.0003986695775
6,964,0.0003986695425
6,965,0.000398669045
6,966,0.0003594872775
6,967,0.0003541952975
6,968,0.00035419526750000004
6,969,0.00035372163500000005
6,970,0.0003537216025
6,971,0.0003537210625
6,972,0.0003536079125
6,973,0.0003536079125
6,974,0.0003536077225
6,975,0.00035317772
6,976,0.0003531776975
6,977,0.0003531776575
6,978,0.00035317763750000004
6,979,0.00035317763750000004
6,980,0.000353177595
6,981,0.00035291123750000005
6,982,0.00035291117500000003
6,983,0.00035291033250000003
6,984,0.00035291032000000003
6,985,0.00035291032000000003
6,986,0.0003529102225
6,987,0.0003389017575
6,988,0.00033890170000000004
6,989,0.00033890062
6,990,0.00033890057250000004
6,991,0.00033890057250000004
6,992,0.00033890049
6,993,0.000338689865
6,994,0.00033868984
6,995,0.00033868856999999997
6,996,0.000338688565
6,997,0.0003385189025
6,998,0.00033851884249999994
6,999,0.00031685218
6,1000,0.0003168521325
7,1,481.71018544943
7,2,335.3255429488525
7,3,243.16484740076748
7,4,181.0843727233125
7,5,138.33477352678
7,6,123.8947950214875
7,7,123.28958933794749
7,8,118.98550678716
7,9,101.747930793875
7,10,98.78138812471249
7,11,92.4951349762875
7,12,90.5740361996625
7,13,79.99549402665
7,14,73.910447931005
7,15,71.9726115192925
7,16,70.24816166834499
7,17,66.65059051492
7,18,65.3991968052825
7,19,61.633237914785
7,20,61.442987232315
7,21,61.426792488405
7,22,58.6543653894325
7,23,52.884524615219995
7,24,52.884524615219995
7,25,51.6362195002725
7,26,51.59723937067999
7,27,48.1446563876275
7,28,43.5374579274775
7,29,41.320439578827504
7,30,39.546350564677496
7,31,39.430147608915
7,32,39.274259169105
7,33,36.5247173435625
7,34,34.5153527394925
7,35,33.4689832097875
7,36,33.2434549677575
7,37,32.4064594707025
7,38,31.8642737391575
7,39,31.486161824132502
7,40,31.3876669385425
7,41,31.0345574835925
7,42,30.349813033509996
7,43,29.676484335202503
7,44,26.889736575889998
7,45,26.85221006311
7,46,25.945705904537498
7,47,25.8393368986275
7,48,25.1153910897675
7,49,23.929816971365
7,50,23.446174710464998
7,51,23.339314096805
7,52,22.581129078925
7,53,22.138339240255
7,54,21.008547530415
7,55,20.9809328743175
7,56,20.5848619771475
7,57,20.2991890127625
7,58,19.506256017255
7,59,19.234183685894997
7,60,18.8375950734475
7,61,18.3321357235425
7,62,17.9879145270475
7,63,17.846940295785
7,64,17.13606737094
7,65,16.37157406896
7,66,15.478056596664999
7,67,14.914067891475
7,68,14.687930834990002
7,69,14.6101368234575
7,70,13.759115473825
7,71,13.694855016785002
7,72,13.37457955095
7,73,12.65745833931
7,74,12.59986052421
7,75,12.518771625754999
7,76,12.3189380540675
7,77,12.109115606749999
7,78,11.961602426797501
7,79,11.869431589005
7,80,11.7915182913875
7,81,11.7915182913875
7,82,11.2754762559625
7,83,11.256299068675
7,84,11.0156045189375
7,85,10.8786486620075
7,86,10.36146542491
7,87,10.36146542491
7,88,10.3508831574075
7,89,9.570794563055
7,90,9.3941049204475
7,91,9.3941049204475
7,92,9.2430305468725
7,93,9.097793416615001
7,94,8.8939874011225
7,95,8.733916005565
7,96,8.7092043684125
7,97,8.602250509395
7,98,8.445404573865
7,99,8.445404573865
7,100,8.379703101445
7,101,8.18274638394
7,102,8.0909279304325
7,103,8.0909279304325
7,104,8.0235475859175
7,105,7.7504702340425
7,106,7.618068461595
7,107,7.53948077149
7,108,7.386183281055
7,109,7.382295202382499
7,110,7.269866965285
7,111,7.252851832585
7,112,7.1499204361025
7,113,7.13375375169
7,114,6.989757680085001
7,115,6.983529770884999
7,116,6.983529770884999
7,117,6.9715245381625
7,118,6.952231654349999
7,119,6.785747612644999
7,120,6.6788926815325
7,121,6.66169554593
7,122,6.508177778424999
7,123,6.431426122882501
7,124,6.3941505740475
7,125,6.35825615249
7,126,6.317048635095
7,127,6.272592968935
7,128,6.1977107034075
7,129,6.1328154327
7,130,6.0685818054775
7,131,6.0601091075074995
7,132,5.9889762569225
7,133,5.834572297835
7,134,5.745922485805
7,135,5.7006499370125
7,136,5.6863010571475
7,137,5.5321037308675
7,138,5.4987144975675
7,139,5.435807448135
7,140,5.41829592029
7,141,5.3227358989425
7,142,5.15873552303
7,143,5.15873552303
7,144,5.153917397064999
7,145,5.020477958025
7,146,4.9717187242500005
7,147,4.932644690355
7,148,4.90873846611
7,149,4.90873846611
7,150,4.77211574079
7,151,4.77063586696
7,152,4.629535879835
7,153,4.594247147595
7,154,4.55180987385
7,155,4.4917304341049995
7,156,4.3792664099275
7,157,4.356764512705
7,158,4.2970843747875005
7,159,4.295922722929999
7,160,4.282468199795
7,161,4.2149657198975
7,162,4.2102376475900005
7,163,4.1675208979525005
7,164,4.151356455595
7,165,4.1473039403225
7,166,4.1033781355325
7,167,4.1033781355325
7,168,4.057230982235
7,169,4.033071295365
7,170,3.9769204749875002
7,171,3.8844745552025004
7,172,3.8820711545275004
7,173,3.8820711545275004
7,174,3.7767024199600003
7,175,3.7043112725
7,176,3.6696724477350005
7,177,3.6636635808525
7,178,3.63524613266
7,179,3.592241508675
7,180,3.5698052511949996
7,181,3.48733585545
7,182,3.4665155524824995
7,183,3.3551796398800002
7,184,3.3530191943225
7,185,3.3485969023199997
7,186,3.3151378873299997
7,187,3.18466147067
7,188,3.1777422557825
7,189,3.104876349735
7,190,3.104876349735
7,191,3.0995507209974997
7,192,3.0995507209974997
7,193,3.0850726839225002
7,194,3.0274194277574997
7,195,2.9783148397325
7,196,2.9783148397325
7,197,2.90999676879
7,198,2.9058377875925
7,199,2.86696555794
7,200,2.85449434469
7,201,2.8300072109125
7,202,2.8256203943325002
7,203,2.814553078175
7,204,2.814553078175
7,205,2.73274853929
7,206,2.703929730995
7,207,2.703929730995
7,208,2.6695732044825
7,209,2.66733402409
7,210,2.66733402409
7,211,2.66733402409
7,212,2.6401838589675
7,213,2.62215620604
7,214,2.610820393705
7,215,2.5571892305175
7,216,2.52702497636
7,217,2.500807603965
7,218,2.299262934485
7,219,2.2512050495575
7,220,2.246172998535
7,221,2.2315765271725
7,222,2.2141722603775
7,223,2.1947919480325
7,224,2.1847163168824997
7,225,2.1847163168824997
7,226,2.1847163168824997
7,227,2.1719738611025
7,228,2.15442908699
7,229,2.1471208871425
7,230,2.1362561499525
7,231,2.1362561499525
7,232,2.1172456106624997
7,233,2.077900889515
7,234,2.0773363185525
7,235,2.0773363185525
7,236,2.07694913213
7,237,2.06250235269
7,238,2.0611386166125003
7,239,2.0483657156949997
7,240,2.0471393384375
7,241,2.04039740311
7,242,2.0235406742075
7,243,2.0235406742075
7,244,2.01778070693
7,245,2.0046370019274997
7,246,2.0046370019274997
7,247,1.9894952900775
7,248,1.9832538751200002
7,249,1.9487560858775002
7,250,1.9484090493425001
7,251,1.9484090493425001
7,252,1.942184925315
7,253,1.9272110467425
7,254,1.8845143697775
7,255,1.884042009605
7,256,1.8765026282775001
7,257,1.8624010798575
7,258,1.8002311709375
7,259,1.7952617261525
7,260,1.7927488719825
7,261,1.7819539331674998
7,262,1.7773424822
7,263,1.7742843331975
7,264,1.7742843331975
7,265,1.7540545835599999
7,266,1.7348440293924998
7,267,1.7214278646699999
7,268,1.7022064601625
7,269,1.69257760613
7,270,1.69257760613
7,271,1.6920454909425
7,272,1.6890795835875
7,273,1.684227292875
7,274,1.6778801652750002
7,275,1.6342821585025
7,276,1.6342821585025
7,277,1.633259281405
7,278,1.61738918611
7,279,1.61738918611
7,280,1.61738918611
7,281,1.6109577085224998
7,282,1.6109577085224998
7,283,1.5650931031475
7,284,1.56018978588
7,285,1.5515693110575
7,286,1.5490790720049998
7,287,1.5461892170099998
7,288,1.541300643185
7,289,1.537109245605
7,290,1.5351460744575
7,291,1.5234827148375
7,292,1.514344466995
7,293,1.5104803251525
7,294,1.5104803251525
7,295,1.509237401525
7,296,1.50878870623
7,297,1.47070906385
7,298,1.470466396205
7,299,1.4296760435175
7,300,1.4286317510925
7,301,1.41579954348
7,302,1.41579954348
7,303,1.4126251653875
7,304,1.411413130925
7,305,1.4109199111875
7,306,1.4109199111875
7,307,1.4109199111875
7,308,1.410162558985
7,309,1.4077988662499998
7,310,1.4077988662499998
7,311,1.4077988662499998
7,312,1.38220157674
7,313,1.3802027164825001
7,314,1.3802027164825001
7,315,1.3802027164825001
7,316,1.378460329895
7,317,1.37667924357
7,318,1.37667924357
7,319,1.3762290797324999
7,320,1.3756448870125
7,321,1.3756448870125
7,322,1.3738751463325
7,323,1.3717174961274998
7,324,1.3717174961274998
7,325,1.3342233056050001
7,326,1.333639112885
7,327,1.333639112885
7,328,1.3322032839825
7,329,1.3312015703875
7,330,1.3312015703875
7,331,1.3311636718775
7,332,1.314249935985
7,333,1.2945628146500001
7,334,1.2924724101875
7,335,1.2924724101875
7,336,1.2924724101875
7,337,1.2924724101875
7,338,1.2924724101875
7,339,1.29152910858
7,340,1.29152910858
7,341,1.29152910858
7,342,1.29152910858
7,343,1.28915767363
7,344,1.28915767363
7,345,1.28818222047
7,346,1.28818222047
7,347,1.28818222047
7,348,1.28818222047
7,349,1.28818222047
7,350,1.28818222047
7,351,1.2880337982375
7,352,1.2880337982375
7,353,1.2879988983325
7,354,1.28784808672
7,355,1.28784808672
7,356,1.2827947206175
7,357,1.2770310752675
7,358,1.2770310752675
7,359,1.2770310752675
7,360,1.2769140882
7,361,1.2759689586525
7,362,1.2759689586525
7,363,1.2759689586525
7,364,1.2759689586525
7,365,1.2759689586525
7,366,1.275858381255
7,367,1.275784010005
7,368,1.275784010005
7,369,1.272206950265
7,370,1.272206950265
7,371,1.272206950265
7,372,1.272206950265
7,373,1.272206950265
7,374,1.2721374388025
7,375,1.2721374388025
7,376,1.2608843265275
7,377,1.26014960948
7,378,1.26014960948
7,379,1.25982389377
7,380,1.25982389377
7,381,1.259735135035
7,382,1.259735135035
7,383,1.259735135035
7,384,1.2596321706325
7,385,1.2596321706325
7,386,1.2596321706325
7,387,1.2596321706325
7,388,1.2582252533575
7,389,1.2582252533575
7,390,1.2582252533575
7,391,1.2582252533575
7,392,1.2582252533575
7,393,1.2566686636950002
7,394,1.2566686636950002
7,395,1.2566686636950002
7,396,1.25576934495
7,397,1.25576934495
7,398,1.2430054244700002
7,399,1.2430054244700002
7,400,1.2430054244700002
7,401,1.2364392415275
7,402,1.22386547294
7,403,1.17716931044
7,404,1.1770886951025
7,405,1.1770886951025
7,406,1.17686699509
7,407,1.17686699509
7,408,1.1767529290125
7,409,1.1767529290125
7,410,1.1767031612075
7,411,1.1767031612075
7,412,1.1757105683025002
7,413,1.1757105683025002
7,414,1.1746763197674999
7,415,1.1746763197674999
7,416,1.1746763197674999
7,417,1.1746763197674999
7,418,1.1746763197674999
7,419,1.1746763197674999
7,420,1.17273137113
7,421,1.1726366557949999
7,422,1.1726366557949999
7,423,1.1726366557949999
7,424,1.1726366557949999
7,425,1.1726366557949999
7,426,1.1726366557949999
7,427,1.1726366557949999
7,428,1.1726366557949999
7,429,1.1717786648475
7,430,1.1717786648475
7,431,1.1717786648475
7,432,1.1717786648475
7,433,1.1717786648475
7,434,1.1717786648475
7,435,1.1717786648475
7,436,1.1717786648475
7,437,1.1717786648475
7,438,1.1717786648475
7,439,1.1717786648475
7,440,1.1717786648475
7,441,1.1717786648475
7,442,1.1717786648475
7,443,1.1717786648475
7,444,1.170166246995
7,445,1.1671471861425
7,446,1.1671471861425
7,447,1.1671471861425
7,448,1.1671471861425
7,449,1.1671471861425
7,450,1.1671471861425
7,451,1.1671471861425
7,452,1.1671471861425
7,453,1.1671471861425
7,454,1.1671471861425
7,455,1.1671471861425
7,456,1.1671471861425
7,457,1.16408725529
7,458,1.16408725529
7,459,1.16408725529
7,460,1.16408725529
7,461,1.16408725529
7,462,1.16408725529
7,463,1.16408725529
7,464,1.16408725529
7,465,1.1640705601975
7,466,1.1640705601975
7,467,1.1640705601975
7,468,1.1640705601975
7,469,1.1640705601975
7,470,1.14455938581
7,471,1.1438827789
7,472,1.1422579344925
7,473,1.1422579344925
7,474,1.1422579344925
7,475,1.14204317184
7,476,1.14204317184
7,477,1.14204317184
7,478,1.14204317184
7,479,1.14204317184
7,480,1.14204317184
7,481,1.14204317184
7,482,1.137847974915
7,483,1.137847974915
7,484,1.1353949861000001
7,485,1.1270144549275
7,486,1.1270144549275
7,487,1.1270144549275
7,488,1.1270144549275
7,489,1.1270144549275
7,490,1.1270144549275
7,491,1.1270144549275
7,492,1.1270144549275
7,493,1.1270117772075001
7,494,1.1270096987725
7,495,1.1270096987725
7,496,1.1270096987725
7,497,1.1270096987725
7,498,1.1270096987725
7,499,1.1270096987725
7,500,1.1270096987725
7,501,1.1270096987725
7,502,1.1270096987725
7,503,1.1270096987725
7,504,1.1270096987725
7,505,1.1270096987725
7,506,1.1270096987725
7,507,1.1270096987725
7,508,1.1268790805350002
7,509,1.12631311107
7,510,1.12631311107
7,511,1.12631311107
7,512,1.12631311107
7,513,1.1198060172425
7,514,1.1198060172425
7,515,1.1198060172425
7,516,1.1198060172425
7,517,1.1198060172425
7,518,1.11979704335
7,519,1.11979704335
7,520,1.11979704335
7,521,1.11979704335
7,522,1.11979704335
7,523,1.11979704335
7,524,1.11979704335
7,525,1.11979704335
7,526,1.11979704335
7,527,1.1133723734975
7,528,1.1133723734975
7,529,1.1133723734975
7,530,1.1133723734975
7,531,1.11307172519
7,532,1.11307172519
7,533,1.11307172519
7,534,1.11307172519
7,535,1.11307172519
7,536,1.11307172519
7,537,1.11307172519
7,538,1.11307172519
7,539,1.11307172519
7,540,1.1091499517875
7,541,1.1091499517875
7,542,1.107718080685
7,543,1.1062933892525
7,544,1.1062933892525
7,545,1.1061726926925002
7,546,1.1061726926925002
7,547,1.1061726926925002
7,548,1.1061726926925002
7,549,1.1061726926925002
7,550,1.1061726926925002
7,551,1.1061726926925002
7,552,1.1061726926925002
7,553,1.1061726926925002
7,554,1.1061726926925002
7,555,1.1030386713
7,556,1.10302280955
7,557,1.10302280955
7,558,1.10123737111
7,559,1.10123737111
7,560,1.10123737111
7,561,1.098876953585
7,562,1.098876953585
7,563,1.098876953585
7,564,1.0985008864575
7,565,1.096101319625
7,566,1.096101319625
7,567,1.096101319625
7,568,1.096101319625
7,569,1.096101319625
7,570,1.096101319625
7,571,1.096101319625
7,572,1.096101319625
7,573,1.096101319625
7,574,1.096101319625
7,575,1.096101319625
7,576,1.0958987259225001
7,577,1.0958987259225001
7,578,1.0958987259225001
7,579,1.0958987259225001
7,580,1.0952029288975
7,581,1.0952029288975
7,582,1.0952029288975
7,583,1.0952029288975
7,584,1.0952029288975
7,585,1.0952029288975
7,586,1.0952029288975
7,587,1.0952029288975
7,588,1.0952029288975
7,589,1.0952029288975
7,590,1.0952029288975
7,591,1.0952029288975
7,592,1.0952029288975
7,593,1.0952029288975
7,594,1.0952029288975
7,595,1.0952029288975
7,596,1.0952029288975
7,597,1.0952029288975
7,598,1.0952029288975
7,599,1.0952029288975
7,600,1.0952029288975
7,601,1.0952029288975
7,602,1.0952029288975
7,603,1.0952029288975
7,604,1.0952029288975
7,605,1.0952029288975
7,606,1.0952029288975
7,607,1.0952029288975
7,608,1.0952029288975
7,609,1.0952029288975
7,610,1.0952029288975
7,611,1.0952029288975
7,612,1.0952029288975
7,613,1.0920704062575
7,614,1.0920704062575
7,615,1.0920704062575
7,616,1.0920704062575
7,617,1.0920704062575
7,618,1.0920704062575
7,619,1.0920704062575
7,620,1.0920704062575
7,621,1.0920704062575
7,622,1.0920704062575
7,623,1.0920704062575
7,624,1.0920704062575
7,625,1.0920704062575
7,626,1.0920704062575
7,627,1.0920704062575
7,628,1.0920704062575
7,629,1.0920704062575
7,630,1.0920704062575
7,631,1.0920704062575
7,632,1.0920704062575
7,633,1.0920704062575
7,634,1.0920704062575
7,635,1.0920704062575
7,636,1.0920704062575
7,637,1.0920704062575
7,638,1.0920704062575
7,639,1.0920704062575
7,640,1.0920704062575
7,641,1.09179101121
7,642,1.09179101121
7,643,1.09179101121
7,644,1.09179101121
7,645,1.09179101121
7,646,1.09179101121
7,647,1.09179101121
7,648,1.09179101121
7,649,1.09179101121
7,650,1.09179101121
7,651,1.09179101121
7,652,1.09179101121
7,653,1.091018906095
7,654,1.091018906095
7,655,1.091018906095
7,656,1.08027275414
7,657,1.08027275414
7,658,1.08027275414
7,659,1.08027275414
7,660,1.08027275414
7,661,1.08027275414
7,662,1.08027275414
7,663,1.08027275414
7,664,1.08027275414
7,665,1.08027275414
7,666,1.0800300864949999
7,667,1.0800300864949999
7,668,1.0800300864949999
7,669,1.0800300864949999
7,670,1.079138640795
7,671,1.079138640795
7,672,1.079138640795
7,673,1.079138640795
7,674,1.079138640795
7,675,1.07684670652
7,676,1.07684670652
7,677,1.07684670652
7,678,1.07684670652
7,679,1.07684670652
7,680,1.07684670652
7,681,1.07684670652
7,682,1.07684670652
7,683,1.07684670652
7,684,1.07684670652
7,685,1.07684670652
7,686,1.07684670652
7,687,1.07684670652
7,688,1.07684670652
7,689,1.07684670652
7,690,1.076620755085
7,691,1.076620755085
7,692,1.076620755085
7,693,1.076620755085
7,694,1.076620755085
7,695,0.9950930892000001
7,696,0.9950930892000001
7,697,0.9950930892000001
7,698,0.9950930892000001
7,699,0.9950930892000001
7,700,0.9950930892000001
7,701,0.9950930892000001
7,702,0.9950930892000001
7,703,0.9950930892000001
7,704,0.9950930892000001
7,705,0.9950930892000001
7,706,0.9950930892000001
7,707,0.9950930892000001
7,708,0.9950930892000001
7,709,0.9950930892000001
7,710,0.9950930892000001
7,711,0.9950930892000001
7,712,0.9950930892000001
7,713,0.9950930892000001
7,714,0.9950930892000001
7,715,0.9950930892000001
7,716,0.9950930892000001
7,717,0.9950930892000001
7,718,0.9950930892000001
7,719,0.9950930892000001
7,720,0.9950930892000001
7,721,0.9950930892000001
7,722,0.9950930892000001
7,723,0.9950930892000001
7,724,0.9950930892000001
7,725,0.9950930892000001
7,726,0.9950930892000001
7,727,0.9950930892000001
7,728,0.9950930892000001
7,729,0.9950930892000001
7,730,0.995016683425
7,731,0.995016683425
7,732,0.995016683425
7,733,0.995016683425
7,734,0.995016683425
7,735,0.995016683425
7,736,0.995016683425
7,737,0.995016683425
7,738,0.995016683425
7,739,0.995016683425
7,740,0.995016683425
7,741,0.995016683425
7,742,0.995016683425
7,743,0.995016683425
7,744,0.995016683425
7,745,0.995016683425
7,746,0.995016683425
7,747,0.995016683425
7,748,0.995016683425
7,749,0.995016683425
7,750,0.995016683425
7,751,0.995016683425
7,752,0.995016683425
7,753,0.9949905790525
7,754,0.9949905790525
7,755,0.9949905790525
7,756,0.9949905790525
7,757,0.9949905790525
7,758,0.9949905790525
7,759,0.9949905790525
7,760,0.9949905790525
7,761,0.9949905790525
7,762,0.9949905790525
7,763,0.9949905790525
7,764,0.9949905790525
7,765,0.9949905790525
7,766,0.9949905790525
7,767,0.9949905790525
7,768,0.9949905790525
7,769,0.9949905790525
7,770,0.9949905790525
7,771,0.9949905790525
7,772,0.9949905790525
7,773,0.9949905790525
7,774,0.9949905790525
7,775,0.9949905790525
7,776,0.9949905790525
7,777,0.9949905790525
7,778,0.9949905790525
7,779,0.9948709389125
7,780,0.9948709389125
7,781,0.9948709389125
7,782,0.9948709389125
7,783,0.9948709389125
7,784,0.9948709389125
7,785,0.9948709389125
7,786,0.9948709389125
7,787,0.9948709389125
7,788,0.9948709389125
7,789,0.9948709389125
7,790,0.9948709389125
7,791,0.9948709389125
7,792,0.9948709389125
7,793,0.9945075209975001
7,794,0.9945075209975001
7,795,0.9945075209975001
7,796,0.9945075209975001
7,797,0.9945075209975001
7,798,0.9945075209975001
7,799,0.9945075209975001
7,800,0.9945075209975001
7,801,0.99030175311
7,802,0.99030175311
7,803,0.9902144874650001
7,804,0.9902144874650001
7,805,0.9902144874650001
7,806,0.9902144874650001
7,807,0.9902144874650001
7,808,0.9902144874650001
7,809,0.9902144874650001
7,810,0.9902144874650001
7,811,0.9902144874650001
7,812,0.9902144874650001
7,813,0.9902144874650001
7,814,0.9902144874650001
7,815,0.9902144874650001
7,816,0.9902144874650001
7,817,0.9902144874650001
7,818,0.9902144874650001
7,819,0.9902144874650001
7,820,0.9902144874650001
7,821,0.9902144874650001
7,822,0.9902144874650001
7,823,0.9902144874650001
7,824,0.9902144874650001
7,825,0.9902144874650001
7,826,0.9902144874650001
7,827,0.9902144874650001
7,828,0.9902144874650001
7,829,0.9902144874650001
7,830,0.9902144874650001
7,831,0.9902144874650001
7,832,0.9902144874650001
7,833,0.9902144874650001
7,834,0.9902144874650001
7,835,0.9902144874650001
7,836,0.9902144874650001
7,837,0.9902144874650001
7,838,0.9902144874650001
7,839,0.9902144874650001
7,840,0.9902144874650001
7,841,0.9902144874650001
7,842,0.9902144874650001
7,843,0.9902144874650001
7,844,0.9902144874650001
7,845,0.9902144874650001
7,846,0.9902144874650001
7,847,0.9902144874650001
7,848,0.9902144874650001
7,849,0.9902144874650001
7,850,0.9902144874650001
7,851,0.9902144874650001
7,852,0.9902144874650001
7,853,0.9902144874650001
7,854,0.9900878339125001
7,855,0.9900878339125001
7,856,0.9900878339125001
7,857,0.9900878339125001
7,858,0.9900878339125001
7,859,0.9900878339125001
7,860,0.9900878339125001
7,861,0.9900878339125001
7,862,0.9900878339125001
7,863,0.9900878339125001
7,864,0.9900878339125001
7,865,0.9900878339125001
7,866,0.9900878339125001
7,867,0.9900878339125001
7,868,0.9900878339125001
7,869,0.9900878339125001
7,870,0.9900878339125001
7,871,0.9900878339125001
7,872,0.9900878339125001
7,873,0.9900878339125001
7,874,0.9900878339125001
7,875,0.9900878339125001
7,876,0.9900878339125001
7,877,0.9900878339125001
7,878,0.9900878339125001
7,879,0.9900878339125001
7,880,0.9900878339125001
7,881,0.9900878339125001
7,882,0.9900878339125001
7,883,0.9900878339125001
7,884,0.9900878339125001
7,885,0.9900878339125001
7,886,0.9900878339125001
7,887,0.9900878339125001
7,888,0.9900878339125001
7,889,0.9900878339125001
7,890,0.9900878339125001
7,891,0.9900878339125001
7,892,0.9900878339125001
7,893,0.9900878339125001
7,894,0.9900878339125001
7,895,0.9900878339125001
7,896,0.9900878339125001
7,897,0.9891853143324999
7,898,0.9891853143324999
7,899,0.9891853143324999
7,900,0.9891853143324999
7,901,0.9891853143324999
7,902,0.9891853143324999
7,903,0.9891853143324999
7,904,0.9891853143324999
7,905,0.9891853143324999
7,906,0.9891853143324999
7,907,0.9891853143324999
7,908,0.9891853143324999
7,909,0.9891853143324999
7,910,0.9891853143324999
7,911,0.9891853143324999
7,912,0.9891853143324999
7,913,0.9891853143324999
7,914,0.9891853143324999
7,915,0.9891853143324999
7,916,0.9891853143324999
7,917,0.9891853143324999
7,918,0.9891853143324999
7,919,0.9891853143324999
7,920,0.9891853143324999
7,921,0.9891853143324999
7,922,0.9891853143324999
7,923,0.9891853143324999
7,924,0.9891853143324999
7,925,0.9891853143324999
7,926,0.9891853143324999
7,927,0.9891853143324999
7,928,0.9891853143324999
7,929,0.9891853143324999
7,930,0.9891853143324999
7,931,0.9891853143324999
7,932,0.9891853143324999
7,933,0.9891853143324999
7,934,0.9891853143324999
7,935,0.9891853143324999
7,936,0.9891853143324999
7,937,0.9891853143324999
7,938,0.9891853143324999
7,939,0.9891853143324999
7,940,0.9891853143324999
7,941,0.9891853143324999
7,942,0.9891853143324999
7,943,0.9891853143324999
7,944,0.9891853143324999
7,945,0.9891853143324999
7,946,0.9891853143324999
7,947,0.9891853143324999
7,948,0.9891853143324999
7,949,0.9891853143324999
7,950,0.9891853143324999
7,951,0.9891853143324999
7,952,0.9891853143324999
7,953,0.9891853143324999
7,954,0.9891853143324999
7,955,0.9891853143324999
7,956,0.9891853143324999
7,957,0.9891853143324999
7,958,0.9891853143324999
7,959,0.9891853143324999
7,960,0.9891853143324999
7,961,0.9891853143324999
7,962,0.9891853143324999
7,963,0.9891853143324999
7,964,0.9891853143324999
7,965,0.9891853143324999
7,966,0.9891853143324999
7,967,0.9891853143324999
7,968,0.9891853143324999
7,969,0.9891853143324999
7,970,0.9891853143324999
7,971,0.9891853143324999
7,972,0.9891853143324999
7,973,0.9891853143324999
7,974,0.9891853143324999
7,975,0.9891853143324999
7,976,0.9891853143324999
7,977,0.9891853143324999
7,978,0.9889827206299999
7,979,0.9889827206299999
7,980,0.9889827206299999
7,981,0.9889827206299999
7,982,0.9889827206299999
7,983,0.9889827206299999
7,984,0.9889827206299999
7,985,0.9889827206299999
7,986,0.9889827206299999
7,987,0.9889827206299999
7,988,0.9889827206299999
7,989,0.9889827206299999
7,990,0.9889827206299999
7,991,0.9889827206299999
7,992,0.9889827206299999
7,993,0.9889827206299999
7,994,0.9889827206299999
7,995,0.9889827206299999
7,996,0.9889827206299999
7,997,0.9889827206299999
7,998,0.9889827206299999
7,999,0.9889827206299999
7,1000,0.9889827206299999
8,1,76752.97707771938
8,2,23196.564609568763
8,3,16675.694695354807
8,4,9704.266366091195
8,5,7933.390828508704
8,6,6550.274991661283
8,7,6429.09425495495
8,8,5429.58378782055
8,9,4583.30742510699
8,10,4050.919137868915
8,11,3596.3488908230624
8,12,3578.8222933145275
8,13,2915.3803815084075
8,14,2712.3220341870724
8,15,2554.0994238606127
8,16,2387.924099239995
8,17,2066.5504689418003
8,18,1890.0664166621023
8,19,1703.8664952309525
8,20,1601.2026687802324
8,21,1444.35013929571
8,22,1373.10772688648
8,23,1273.6881986316025
8,24,1267.1428615772325
8,25,1088.2520571141474
8,26,1065.55843091417
8,27,782.2029234172176
8,28,766.8065548579125
8,29,732.9227263251225
8,30,731.301384511005
8,31,668.6794313354675
8,32,625.2063641974726
8,33,603.4461153435775
8,34,567.6618957562949
8,35,561.3259006950675
8,36,558.74964484162
8,37,547.0102945290225
8,38,515.58267458917
8,39,486.9773767747125
8,40,486.59565807122
8,41,484.05575425612494
8,42,484.05575425612494
8,43,458.84778862606
8,44,442.364379965565
8,45,427.844740311015
8,46,391.54338566627996
8,47,387.994722703825
8,48,369.7137547027575
8,49,354.28892616003
8,50,352.26797852472
8,51,339.6991519276075
8,52,325.1569413513775
8,53,323.7843089493575
8,54,306.37950625997
8,55,300.8537471981425
8,56,300.78996559461
8,57,296.6889255922225
8,58,285.0761779761425
8,59,279.993178751855
8,60,277.15770835593247
8,61,261.8826050621725
8,62,244.1544472247875
8,63,230.9950836508775
8,64,215.3785494548275
8,65,205.51376186123747
8,66,191.6761698727425
8,67,182.01518189726
8,68,176.624192624145
8,69,156.7060692587925
8,70,154.1924378809575
8,71,154.1924378551575
8,72,153.19070279908752
8,73,152.453047465395
8,74,152.45304745569499
8,75,143.9068460828425
8,76,123.77798014351
8,77,123.46194033367502
8,78,123.1257190730125
8,79,123.00586611355
8,80,117.050520002135
8,81,115.601483133095
8,82,112.23258630000001
8,83,107.60645198406
8,84,106.4228929741575
8,85,103.50673097651
8,86,102.664842604835
8,87,91.19268420380749
8,88,90.48286437413
8,89,89.404038787415
8,90,83.8488751406325
8,91,83.15535250739501
8,92,81.8241863599925
8,93,80.95779112072749
8,94,80.66276571322
8,95,77.9125978047225
8,96,73.4829844749325
8,97,70.93317134349249
8,98,69.86066688682999
8,99,66.74677080033749
8,100,66.4899398507
8,101,65.9261421871675
8,102,65.18294788603001
8,103,64.90342042790999
8,104,63.94890249238
8,105,60.533089325167495
8,106,59.01972659892
8,107,58.4188817411075
8,108,57.7902350345325
8,109,57.599090305227506
8,110,56.10440300127
8,111,55.35985560578
8,112,54.35362510418749
8,113,54.353625085800005
8,114,48.329470379225
8,115,47.0853913015275
8,116,46.7650519175375
8,117,44.2779000587175
8,118,43.5160951821775
8,119,43.2936244189925
8,120,40.97198408205
8,121,40.1205958734725
8,122,39.47359195337
8,123,38.4662689733
8,124,36.1598065242975
8,125,35.938104300445005
8,126,33.956727300889995
8,127,32.9414168904975
8,128,31.5260388978775
8,129,30.807983500939997
8,130,28.2043493767625
8,131,28.098266224299998
8,132,26.707558707894997
8,133,25.925402853895
8,134,25.4477935340425
8,135,24.1558941322625
8,136,23.9274597926275
8,137,23.427759348965
8,138,22.9382183033725
8,139,21.5706427986875
8,140,20.8153631765225
8,141,20.28850777389
8,142,19.0615230633675
8,143,18.65821119553
8,144,17.979585148095
8,145,16.3275390997275
8,146,15.456420809159999
8,147,15.302908253350001
8,148,14.798478363877502
8,149,14.798478363877502
8,150,14.516471866185
8,151,13.80667291992
8,152,13.28991706679
8,153,12.790279672435
8,154,12.641386824795
8,155,11.9814347285275
8,156,11.8623589457875
8,157,11.6358710144825
8,158,11.6326118476025
8,159,11.328744993605
8,160,11.3287449930775
8,161,10.7793299507925
8,162,10.7235805961375
8,163,10.606081499117499
8,164,10.536417594675
8,165,9.969892793495001
8,166,9.767379388230001
8,167,9.0540632884
8,168,8.57748161062
8,169,8.57748161062
8,170,8.1016505573775
8,171,8.006574575624999
8,172,7.654972190264999
8,173,7.523773595884999
8,174,7.508038680775
8,175,7.37175392857
8,176,7.3357712210925
8,177,7.1858936638949995
8,178,7.158643060119999
8,179,7.1586430569249995
8,180,7.156328441765
8,181,6.99167084992
8,182,6.979670885745
8,183,6.9386696314025
8,184,6.8664088176075
8,185,6.7913836630199995
8,186,6.6543473507925
8,187,6.63888271557
8,188,6.588970573695001
8,189,6.5672035566075
8,190,6.5515723189225
8,191,6.3062786253675
8,192,6.30627862394
8,193,6.2603433378075
8,194,6.22746698146
8,195,6.2034014839425
8,196,6.0602134743625005
8,197,5.8474717820775
8,198,5.84222405413
8,199,5.6802648320125
8,200,5.662728628317501
8,201,5.5203682998275
8,202,5.5203682809575
8,203,5.5203682373200005
8,204,5.5203682364375
8,205,5.5176493457275
8,206,5.4958936581475
8,207,5.4084281150999995
8,208,5.40842811435
8,209,5.40842811244
8,210,5.384967298945
8,211,5.36667230932
8,212,5.320405356065001
8,213,4.7970172396175
8,214,4.619782489637499
8,215,4.6080397015225
8,216,4.49082893687
8,217,4.46773832669
8,218,4.381695108335
8,219,4.32340216671
8,220,4.232915063865
8,221,4.230409681665
8,222,4.230409681665
8,223,4.1678483487725
8,224,4.162533233115
8,225,4.0669907995125
8,226,4.0123028707675
8,227,4.004885008205
8,228,3.99991807882
8,229,3.9948119527099997
8,230,3.9935082879775003
8,231,3.9766203327525
8,232,3.9564198303425
8,233,3.9426621114100002
8,234,3.9384374048749997
8,235,3.9339997047525004
8,236,3.9332606944675
8,237,3.9015903210725
8,238,3.8985801535475
8,239,3.80839342101
8,240,3.8083934169400004
8,241,3.7227213154300003
8,242,3.717892923145
8,243,3.659642624005
8,244,3.6518893305200004
8,245,3.6518893182524996
8,246,3.6441766641175
8,247,3.6037327862325
8,248,3.6019832900499997
8,249,3.4459169900525
8,250,3.4334696194300003
8,251,3.4257552269324996
8,252,3.4241913142125
8,253,3.3858271422075
8,254,3.3858271421725
8,255,3.3447299342375
8,256,3.344729932005
8,257,3.3230534607125
8,258,3.3217246162025
8,259,3.3217246129375
8,260,3.3121076889925
8,261,3.2570769022025
8,262,3.2506069651725
8,263,3.2506069563350004
8,264,3.24198370967
8,265,3.2324764800250003
8,266,3.2310329318374995
8,267,3.1996317165775
8,268,3.1772616594025
8,269,3.164277196055
8,270,3.1599619027075
8,271,3.1599619002
8,272,3.158512943725
8,273,3.1280511111725002
8,274,3.1237083845674998
8,275,3.1217836519774997
8,276,3.086387994995
8,277,3.0848940278325
8,278,3.0596180186525
8,279,3.029015495225
8,280,3.0197547010775
8,281,3.00428116637
8,282,2.9959017441425
8,283,2.97436113817
8,284,2.9717386004525
8,285,2.937428677605
8,286,2.9374286773150002
8,287,2.9374286716925
8,288,2.93123454762
8,289,2.93123454754
8,290,2.92527482854
8,291,2.9073404328950003
8,292,2.902952262615
8,293,2.90204535819
8,294,2.8943618686274997
8,295,2.8943618678275
8,296,2.889744516695
8,297,2.862671994835
8,298,2.8462516372574997
8,299,2.8408029084749997
8,300,2.838206486835
8,301,2.834781556965
8,302,2.83474311232
8,303,2.8209244472125
8,304,2.81853734848
8,305,2.8122811882225003
8,306,2.8113399716
8,307,2.8098279988875
8,308,2.8028436081350003
8,309,2.7748813825975
8,310,2.773918128185
8,311,2.77229773502
8,312,2.7722977345375
8,313,2.762630069605
8,314,2.7573137375025003
8,315,2.7376917574875
8,316,2.7354860829175
8,317,2.7333608644550003
8,318,2.7322191845750003
8,319,2.7219762754875
8,320,2.7210714980425
8,321,2.7098755398425
8,322,2.7084397961225
8,323,2.6997393869625
8,324,2.6989308443275
8,325,2.688270071815
8,326,2.6867043155675
8,327,2.6740292502175
8,328,2.6677357551425
8,329,2.6311776564300002
8,330,2.6260007172925
8,331,2.62262933949
8,332,2.6200323737224998
8,333,2.6059927471075
8,334,2.6056867207325
8,335,2.5956347370549997
8,336,2.5930917820125
8,337,2.5879324007525
8,338,2.5772317067
8,339,2.56272590867
8,340,2.56156343909
8,341,2.54947799115
8,342,2.549183677145
8,343,2.5450328800074997
8,344,2.5423751183975
8,345,2.5197674730125
8,346,2.5190542388874997
8,347,2.5084921765425
8,348,2.498547366035
8,349,2.4976516297425
8,350,2.4965638202875002
8,351,2.4739643673450002
8,352,2.467560352025
8,353,2.460679778125
8,354,2.4569530039450003
8,355,2.4562280418875
8,356,2.453204526355
8,357,2.4433978284975
8,358,2.4414740410349998
8,359,2.4312357883575
8,360,2.4270999712875
8,361,2.4253277167525
8,362,2.4204459812025
8,363,2.4126730677975
8,364,2.4126730674325
8,365,2.3860259719125
8,366,2.3808544574725
8,367,2.380854456705
8,368,2.38032551055
8,369,2.37272567055
8,370,2.3725864857725
8,371,2.35804888788
8,372,2.3563280756925
8,373,2.35602322988
8,374,2.355890307985
8,375,2.34854152554
8,376,2.3472904195975
8,377,2.3258175911375
8,378,2.325817589795
8,379,2.321885311825
8,380,2.3210696798625
8,381,2.3174658310000003
8,382,2.314107072335
8,383,2.3044253552200002
8,384,2.2993340302475
8,385,2.294130960085
8,386,2.2934368946175
8,387,2.2837750934825
8,388,2.276232720405
8,389,2.26189077872
8,390,2.2611025638099997
8,391,2.2486120630375
8,392,2.246712231695
8,393,2.240461475565
8,394,2.2357767004949998
8,395,2.2255020845175
8,396,2.214735991045
8,397,2.2092174176699997
8,398,2.2031127175325
8,399,2.200200314525
8,400,2.1896061564075002
8,401,2.1708530046675003
8,402,2.1646175080975
8,403,2.1646175063474997
8,404,2.1645779002975
8,405,2.1622723730875
8,406,2.1613287793475
8,407,2.15290312609
8,408,2.1528581775775
8,409,2.14422701222
8,410,2.1403042233450003
8,411,2.1323607701525
8,412,2.1306345786175003
8,413,2.120179022225
8,414,2.1190428080025
8,415,2.1190428080025
8,416,2.1142735127125
8,417,2.107877945185
8,418,2.106095511585
8,419,2.0886268785325
8,420,2.0864278589975003
8,421,2.08642785841
8,422,2.0848081736375
8,423,2.0708572127725
8,424,2.06846642733
8,425,2.05681147008
8,426,2.050221894955
8,427,2.0466447380424997
8,428,2.046609908575
8,429,2.0430319899450002
8,430,2.0409500823475
8,431,2.0304279711924997
8,432,2.0303054117425
8,433,2.0260982877475002
8,434,2.0218379403375
8,435,2.018086126525
8,436,2.018033758485
8,437,2.0003987951525
8,438,1.9963096747675
8,439,1.9906106345775
8,440,1.9897508967975
8,441,1.9883040799675
8,442,1.983894288905
8,443,1.9802639215500002
8,444,1.975414468755
8,445,1.97278671391
8,446,1.9666625444699999
8,447,1.9633086356025
8,448,1.963230758615
8,449,1.9561873914199999
8,450,1.9515801318550001
8,451,1.9431040538325
8,452,1.9419064762775
8,453,1.9415871391175
8,454,1.9395832815125
8,455,1.9358026168399998
8,456,1.93424846192
8,457,1.919521783995
8,458,1.9162834272249998
8,459,1.91459155742
8,460,1.90859809974
8,461,1.9033775048625
8,462,1.8980186466900002
8,463,1.8945660565375
8,464,1.8914118788974998
8,465,1.8900164332974998
8,466,1.8854867869025
8,467,1.87756883417
8,468,1.8766193322425
8,469,1.8652054017825002
8,470,1.86483900659
8,471,1.8552385864649998
8,472,1.8548665511375
8,473,1.8473639312149999
8,474,1.8408093372124998
8,475,1.8316905313475
8,476,1.8267044166799997
8,477,1.8250269062200002
8,478,1.8245321466775
8,479,1.819967576175
8,480,1.81845809688
8,481,1.8144980657849998
8,482,1.81319205795
8,483,1.8039525171000002
8,484,1.7996860440725002
8,485,1.7963799810499999
8,486,1.7936674353475
8,487,1.7909917365649999
8,488,1.7907141545725
8,489,1.7879229911599999
8,490,1.78434554181
8,491,1.783263530495
8,492,1.7814425378925
8,493,1.7794081749825001
8,494,1.776922626095
8,495,1.7756497342325002
8,496,1.771585964255
8,497,1.75925252515
8,498,1.75718895449
8,499,1.7532036185575
8,500,1.7516216306575
8,501,1.74191147326
8,502,1.73761924559
8,503,1.7359784630975
8,504,1.7359583390375
8,505,1.7153732882
8,506,1.715188091985
8,507,1.712518527105
8,508,1.7125185271025
8,509,1.7030201957
8,510,1.6961722134875
8,511,1.6961247454275
8,512,1.6946946060424999
8,513,1.6878567086674998
8,514,1.687305367995
8,515,1.6869237847975
8,516,1.6869237847975
8,517,1.6844318373724998
8,518,1.6826283656375
8,519,1.6732941546625
8,520,1.6723317687600001
8,521,1.671918795335
8,522,1.6640114524849998
8,523,1.6599953973475
8,524,1.6588367575275
8,525,1.655398069615
8,526,1.65195332742
8,527,1.6464827025375002
8,528,1.6434582255599999
8,529,1.64325061029
8,530,1.64083831158
8,531,1.63883301276
8,532,1.633229611635
8,533,1.6249163432825
8,534,1.6231935373900002
8,535,1.6209528776175
8,536,1.6190318564925001
8,537,1.61544847093
8,538,1.612863430075
8,539,1.6111039234575
8,540,1.6049607396925
8,541,1.6038233841825
8,542,1.60358260026
8,543,1.6021927790450001
8,544,1.599916706965
8,545,1.5948504786625
8,546,1.5880265932525
8,547,1.58267367621
8,548,1.5804549331875
8,549,1.5765840045575001
8,550,1.5765840045575001
8,551,1.5731747011925
8,552,1.5731747011925
8,553,1.5677231218674998
8,554,1.5639073948525
8,555,1.56069043051
8,556,1.558757595585
8,557,1.552468949225
8,558,1.547902484455
8,559,1.54660656043
8,560,1.5461960168200002
8,561,1.5452498455425001
8,562,1.5447994252375001
8,563,1.5422242179099999
8,564,1.53771894312
8,565,1.53299696557
8,566,1.530092942435
8,567,1.52774033079
8,568,1.52202927473
8,569,1.5142788643225
8,570,1.5101647921899999
8,571,1.5057432648525
8,572,1.5047131311275
8,573,1.50455132454
8,574,1.504234032405
8,575,1.4990524217375
8,576,1.49897332932
8,577,1.4958745965425
8,578,1.49374294459
8,579,1.4929931449075
8,580,1.4910378073700001
8,581,1.4904654032075
8,582,1.483178662405
8,583,1.480488995935
8,584,1.47755104065
8,585,1.4775510390825
8,586,1.469583875125
8,587,1.463488429365
8,588,1.46075799939
8,589,1.4558194645975
8,590,1.4522921983575
8,591,1.4522921968175
8,592,1.4489255449625
8,593,1.4472554310475
8,594,1.44681150662
8,595,1.4365824744025
8,596,1.4360481410225001
8,597,1.435577843475
8,598,1.4349033379225
8,599,1.4299211047625
8,600,1.4231923532875
8,601,1.4209614793375
8,602,1.418902937605
8,603,1.4036624923849998
8,604,1.40149084726
8,605,1.3987972396925001
8,606,1.39814574347
8,607,1.395351738425
8,608,1.392850557015
8,609,1.38847668626
8,610,1.387422682045
8,611,1.3841568654625
8,612,1.38198158993
8,613,1.37805648381
8,614,1.3770678220800001
8,615,1.377067821445
8,616,1.3751467756875
8,617,1.3741517755700001
8,618,1.3721974668275
8,619,1.3683570683625
8,620,1.3671715466325
8,621,1.3591065374675
8,622,1.3560709681824998
8,623,1.3516235906475
8,624,1.3489328572875
8,625,1.34412660161
8,626,1.3433891574725
8,627,1.342272497925
8,628,1.3409823781674999
8,629,1.3377268213375
8,630,1.3373979145925001
8,631,1.333038927585
8,632,1.3330342643025
8,633,1.3255857471525
8,634,1.3244928378125
8,635,1.3203165295825001
8,636,1.3184905574225
8,637,1.31588869372
8,638,1.3115566104175
8,639,1.3088039737475001
8,640,1.3031072519625
8,641,1.29859009612
8,642,1.2972633817325
8,643,1.29433892417
8,644,1.28842301788
8,645,1.2868002921375
8,646,1.28532821091
8,647,1.2831607140799999
8,648,1.27934155181
8,649,1.2675294836225
8,650,1.2616324749424999
8,651,1.2546488664925
8,652,1.2539382565175
8,653,1.25067603728
8,654,1.25067603728
8,655,1.247064501665
8,656,1.244282585695
8,657,1.240190617265
8,658,1.2401906140625
8,659,1.238328396715
8,660,1.238196268055
8,661,1.23412996345
8,662,1.2253322572625
8,663,1.2202508424325
8,664,1.219591618995
8,665,1.2188127420925
8,666,1.2180891382675
8,667,1.2177715281050001
8,668,1.21751382097
8,669,1.2065039070024999
8,670,1.2045168644225
8,671,1.2039907290675
8,672,1.2022785757874999
8,673,1.1980758347325
8,674,1.19554068642
8,675,1.1851451903524999
8,676,1.18378422816
8,677,1.1821923222975
8,678,1.17793299359
8,679,1.177113895505
8,680,1.17009708946
8,681,1.1648200260425
8,682,1.1635559444174999
8,683,1.1609953993175002
8,684,1.1590663265374999
8,685,1.1544098563675
8,686,1.1537709071925
8,687,1.14340129594
8,688,1.138863819055
8,689,1.1374989015675
8,690,1.136751918965
8,691,1.133202292355
8,692,1.1330211392475
8,693,1.1160043936075001
8,694,1.115303076335
8,695,1.1144604794125
8,696,1.1120820932575
8,697,1.1114938552975
8,698,1.1110565126125
8,699,1.098906262595
8,700,1.0957029347
8,701,1.0957029325075
8,702,1.09413054076
8,703,1.09305059954
8,704,1.0868722457
8,705,1.0765218835775001
8,706,1.0765218680925
8,707,1.0762028197925
8,708,1.0753740767175
8,709,1.0753740476275
8,710,1.0753740445550002
8,711,1.061127756145
8,712,1.061127742385
8,713,1.0592262421875
8,714,1.0588785063075001
8,715,1.058241397045
8,716,1.0582413939325002
8,717,1.036935271815
8,718,1.03693526267
8,719,1.0369352506125
8,720,1.0368564892725
8,721,1.0368564812375
8,722,1.0368564778875
8,723,1.0055380393675
8,724,1.0055099209675
8,725,1.0055099071125
8,726,1.0044265000950001
8,727,1.0044264883124998
8,728,1.0042187405175
8,729,0.970115661985
8,730,0.9701156553400001
8,731,0.9701156392850001
8,732,0.97007281553
8,733,0.9698957601475
8,734,0.9698957566824999
8,735,0.9431117837525
8,736,0.9431117777699999
8,737,0.9426363171900001
8,738,0.9426363069924999
8,739,0.94236308965
8,740,0.9410607472775
8,741,0.9109024963075001
8,742,0.9109024904525
8,743,0.9109024775375
8,744,0.9109024648449999
8,745,0.9109024590100001
8,746,0.9109024563425001
8,747,0.8773730826575001
8,748,0.877259341295
8,749,0.874523950355
8,750,0.8745239436525001
8,751,0.8745239400900001
8,752,0.8745239357175001
8,753,0.8502109529774999
8,754,0.8502109422849999
8,755,0.85021092238
8,756,0.85021091188
8,757,0.8502108996275
8,758,0.8502108957200001
8,759,0.8351900715375
8,760,0.8351900576825001
8,761,0.8351900427175
8,762,0.835190031625
8,763,0.8351900218375
8,764,0.8351900179875
8,765,0.8163577878150001
8,766,0.816357773635
8,767,0.8163577536375
8,768,0.816357743925
8,769,0.8163577333900001
8,770,0.81635772946
8,771,0.7889988238525
8,772,0.78899880787
8,773,0.7889987948274999
8,774,0.788998787485
8,775,0.7889987770375
8,776,0.7889987726650001
8,777,0.7564961978025
8,778,0.7564961815025
8,779,0.7564961612750001
8,780,0.756496152565
8,781,0.756496146135
8,782,0.7564961429925
8,783,0.713710135055
8,784,0.71371012011
8,785,0.7137101001075
8,786,0.71371009037
8,787,0.7137100863275
8,788,0.7137100822325
8,789,0.6740301782225
8,790,0.674030166015
8,791,0.674030147545
8,792,0.6740301345225
8,793,0.6740301307375
8,794,0.6740301266450001
8,795,0.63346961269
8,796,0.6334696013925
8,797,0.63346958302
8,798,0.6334695672849999
8,799,0.633469564805
8,800,0.6334695602775
8,801,0.60288601165
8,802,0.6028859925675001
8,803,0.6028859806225
8,804,0.6028859659825
8,805,0.6028859621875
8,806,0.602885958975
8,807,0.5787147001174999
8,808,0.5787146839974999
8,809,0.578714675625
8,810,0.5787146591075001
8,811,0.57871465572
8,812,0.5787146512475
8,813,0.5490499313275
8,814,0.5490499155624999
8,815,0.5490499079375
8,816,0.5490498921425
8,817,0.5490498867
8,818,0.5490498830175
8,819,0.51280663707
8,820,0.512806624055
8,821,0.5128066175125
8,822,0.51280660177
8,823,0.512806594425
8,824,0.5128065917075
8,825,0.4855863268775
8,826,0.48558631365
8,827,0.485586306175
8,828,0.48558629622250005
8,829,0.4855862884425
8,830,0.48558628619500005
8,831,0.45184908982000005
8,832,0.45184907719
8,833,0.451849067675
8,834,0.45184905458999997
8,835,0.45184904854
8,836,0.451849046385
8,837,0.42592150563500003
8,838,0.4259214926325
8,839,0.42592148490500004
8,840,0.42592147743500003
8,841,0.4259214724675
8,842,0.4259214693575
8,843,0.40578931212249997
8,844,0.40578929780750006
8,845,0.4057892878125
8,846,0.4057892757875
8,847,0.4057892732325
8,848,0.40578927108750007
8,849,0.37814868382
8,850,0.37814866821000004
8,851,0.3781486614825
8,852,0.3781486536075
8,853,0.3781486513725
8,854,0.3781486469875
8,855,0.34637175288
8,856,0.34637174108
8,857,0.34637173471250005
8,858,0.3463717324825
8,859,0.346371728245
8,860,0.3463717220775
8,861,0.32201623201
8,862,0.32201622634250004
8,863,0.3220162194425
8,864,0.3220162177575
8,865,0.3220162116525
8,866,0.322016206735
8,867,0.3068826571075
8,868,0.306882653125
8,869,0.30688264607
8,870,0.30688264541
8,871,0.30688264034
8,872,0.3068826326725
8,873,0.2898634725025
8,874,0.2898634691725
8,875,0.2898634625375
8,876,0.2898634619875
8,877,0.28986345792
8,878,0.2898634495575
8,879,0.2738740129925
8,880,0.273874010295
8,881,0.273874003925
8,882,0.27387400224
8,883,0.27387399883999997
8,884,0.2738739952225
8,885,0.25875594437
8,886,0.258755940915
8,887,0.25875593439
8,888,0.25875593276500003
8,889,0.25875592957000004
8,890,0.25875592470750003
8,891,0.240189404675
8,892,0.24018940152749998
8,893,0.24018939612999998
8,894,0.24018939491000002
8,895,0.24018939226000002
8,896,0.24018938684750002
8,897,0.2265119785475
8,898,0.2265119761775
8,899,0.2265119725325
8,900,0.22651197135499998
8,901,0.2265119700375
8,902,0.2265119629925
8,903,0.21382391969749998
8,904,0.21382391710249998
8,905,0.213823912335
8,906,0.2138239106475
8,907,0.21382391000499998
8,908,0.21382390563250003
8,909,0.2038818901725
8,910,0.20388188696
8,911,0.203881881655
8,912,0.20388187988
8,913,0.2038818795
8,914,0.2038818751525
8,915,0.193496657815
8,916,0.19349665434250002
8,917,0.1934966494975
8,918,0.19349664762750002
8,919,0.1934966460675
8,920,0.19349664476
8,921,0.178187946215
8,922,0.178187942475
8,923,0.17818793828499999
8,924,0.178187935255
8,925,0.1781879347575
8,926,0.17818793424499998
8,927,0.1669126798125
8,928,0.16691267907500001
8,929,0.166912675295
8,930,0.16691267236750001
8,931,0.166912672345
8,932,0.166912668055
8,933,0.156379393765
8,934,0.156379392965
8,935,0.156379388515
8,936,0.156379385955
8,937,0.1563793855375
8,938,0.15637938442250002
8,939,0.141057005735
8,940,0.1410570052675
8,941,0.14105700085
8,942,0.14105699865250002
8,943,0.1410569986025
8,944,0.14105699781
8,945,0.13197647324
8,946,0.131976471965
8,947,0.13197646677750002
8,948,0.13197646677750002
8,949,0.13197646676750002
8,950,0.13197646607
8,951,0.12404032270750001
8,952,0.12404032225750002
8,953,0.124040320475
8,954,0.12404031938
8,955,0.12404031938
8,956,0.1240403188675
8,957,0.1221183808475
8,958,0.122118379575
8,959,0.12211837786999999
8,960,0.12211837706499999
8,961,0.12211837706499999
8,962,0.1221183763025
8,963,0.11666997270750001
8,964,0.116669971975
8,965,0.1166699699025
8,966,0.116669968565
8,967,0.116669968565
8,968,0.116669968205
8,969,0.11465730943750001
8,970,0.11465730921750002
8,971,0.11465730845
8,972,0.11465730842750002
8,973,0.11465730833750001
8,974,0.114657308195
8,975,0.11170781024250001
8,976,0.1117078096275
8,977,0.1117078095725
8,978,0.11170780917
8,979,0.11170780917
8,980,0.111707807335
8,981,0.1093537178325
8,982,0.10935371604000002
8,983,0.10935371603000002
8,984,0.10935371577250001
8,985,0.10935371577000001
8,986,0.1093537145125
8,987,0.10648967306250001
8,988,0.106489671055
8,989,0.106489671055
8,990,0.1064896705225
8,991,0.1064896705175
8,992,0.106489670505
8,993,0.104183415675
8,994,0.10418341453749999
8,995,0.10418341453499999
8,996,0.10418341449249999
8,997,0.10418341448749999
8,998,0.10418341317749999
8,999,0.10167598250000001
8,1000,0.10167598249750001
9,1,32491.068303716187
9,2,10882.315078734504
9,3,5562.88747629704
9,4,2843.0770352771824
9,5,2021.0926344789925
9,6,1443.9850434509
9,7,1252.8097348947827
9,8,1211.6340823596752
9,9,978.3204073050025
9,10,822.7482360842599
9,11,753.4796856348274
9,12,747.494772948495
9,13,681.5537600468225
9,14,681.5537600468225
9,15,632.9640354266024
9,16,630.45449506152
9,17,560.4261066895125
9,18,545.65671602251
9,19,511.09308349882997
9,20,489.8651381582075
9,21,443.36218976223756
9,22,398.910488082825
9,23,396.068335297845
9,24,361.2708120213425
9,25,328.2421535862775
9,26,326.0515070624775
9,27,281.1049645841525
9,28,278.18399799610495
9,29,258.546644368495
9,30,249.0195229847875
9,31,219.74280002911001
9,32,199.38197605304498
9,33,180.1087221617075
9,34,175.2949951286775
9,35,173.202207546925
9,36,167.15833263484
9,37,162.82314432967502
9,38,157.435165973985
9,39,157.38753206243751
9,40,141.4439293856425
9,41,137.24142383746
9,42,133.56417641856999
9,43,130.931506849735
9,44,127.91913382380999
9,45,127.91913382380999
9,46,119.36466040401498
9,47,114.3604115858675
9,48,104.16258262992501
9,49,97.6191294313875
9,50,97.5367279519375
9,51,91.4211948642525
9,52,90.1020537319275
9,53,88.7454870950125
9,54,84.36828182038
9,55,84.06581901301
9,56,80.23131290211249
9,57,80.21256261853499
9,58,79.3524988409025
9,59,75.0703612217675
9,60,73.879396925035
9,61,68.78123481282499
9,62,68.78123481282499
9,63,67.06292387221251
9,64,60.919146848160004
9,65,60.379590025442496
9,66,57.728857896914995
9,67,52.71929690776
9,68,52.36078854187
9,69,52.36078854187
9,70,48.9669246989225
9,71,48.5801770354925
9,72,46.62568399952
9,73,43.4431860237375
9,74,43.4431860237375
9,75,42.6928298626475
9,76,41.543951648115
9,77,40.8256098226325
9,78,39.62084178991
9,79,38.991914830295
9,80,38.503943567952504
9,81,37.88849057864
9,82,35.710921103672504
9,83,32.3745298851375
9,84,32.3745298851375
9,85,32.14789108643
9,86,30.664137582575
9,87,29.21081974229
9,88,26.9245203533025
9,89,26.72962544851
9,90,26.307601237820002
9,91,26.307601237820002
9,92,25.030826136370003
9,93,24.93353483295
9,94,23.8173548930175
9,95,23.4061147605625
9,96,23.1055119925475
9,97,22.725677625465
9,98,21.92274739853
9,99,21.582070705005002
9,100,21.49804181431
9,101,21.2718490321625
9,102,21.065603756735
9,103,20.476603116027498
9,104,20.476603116027498
9,105,20.204606966277503
9,106,19.7566183497075
9,107,18.839761572667502
9,108,18.7849306819075
9,109,18.3830845595375
9,110,17.096718861405
9,111,16.885988126730002
9,112,16.7945964478275
9,113,16.502338380035
9,114,16.277931193
9,115,15.626647257215001
9,116,15.3814451554475
9,117,14.8767859599775
9,118,14.45155556224
9,119,13.571510805617502
9,120,13.4157779180625
9,121,13.268336993385
9,122,12.695375964650001
9,123,12.475083130105
9,124,12.4131219794475
9,125,11.9986894365975
9,126,11.9986894365975
9,127,11.901663922265
9,128,11.7991382146625
9,129,11.6187258135375
9,130,11.6187258135375
9,131,11.4212013752725
9,132,11.3233764904625
9,133,11.06929512453
9,134,11.050884144487501
9,135,10.8321508212825
9,136,10.51627817509
9,137,9.770661242814999
9,138,9.3848521862825
9,139,8.9019252957975
9,140,8.9019252957975
9,141,8.8106141803825
9,142,8.40073615633
9,143,8.140876917555001
9,144,8.0988744315125
9,145,7.910406349592501
9,146,7.84901479925
9,147,7.6452852458325
9,148,7.510923990685001
9,149,7.510923990685001
9,150,7.3275264065575
9,151,7.1504054387050004
9,152,7.1055253667025
9,153,6.9472456539475
9,154,6.379297948755
9,155,6.3342634044625
9,156,6.2111246133949995
9,157,6.1347288463425
9,158,6.062055674590001
9,159,6.062055674590001
9,160,6.0415001099725005
9,161,5.9584498396525
9,162,5.87296010733
9,163,5.82675211739
9,164,5.776989574817501
9,165,5.5820149706199995
9,166,5.42596132589
9,167,5.40773210647
9,168,5.3999578680900004
9,169,5.3867006760225005
9,170,5.34346151161
9,171,5.3313927373325
9,172,5.30101511468
9,173,5.221470434332501
9,174,5.2003857116825
9,175,5.14824104176
9,176,5.1027630286675
9,177,5.1000564450825
9,178,4.8306465323275
9,179,4.748432259842501
9,180,4.7445305871575005
9,181,4.736581850332501
9,182,4.658750580845
9,183,4.6409411225625
9,184,4.6148068657825
9,185,4.537196931365
9,186,4.5281522939775005
9,187,4.518163537615
9,188,4.489415836167501
9,189,4.4186464761724995
9,190,4.403818205292501
9,191,4.376896543005
9,192,4.36453550432
9,193,4.3490406460274995
9,194,4.3439846506875
9,195,4.3136255269475
9,196,4.2841039765825
9,197,4.2841039765825
9,198,4.2671775366425
9,199,4.2122431765175
9,200,4.167791013957499
9,201,4.092077304895
9,202,3.9516689863525003
9,203,3.9418099937175
9,204,3.9228316429075
9,205,3.9174048174299996
9,206,3.9138114879600003
9,207,3.86728100893
9,208,3.854208405285
9,209,3.8397226108974998
9,210,3.8155669548574997
9,211,3.7316056603825003
9,212,3.724082113695
9,213,3.7226522503224997
9,214,3.712771697075
9,215,3.6951848064125
9,216,3.6918415072024997
9,217,3.6840443492375003
9,218,3.67100766565
9,219,3.6617801930600002
9,220,3.6513645386349998
9,221,3.6482584107875
9,222,3.596717080725
9,223,3.5912539059700004
9,224,3.5714561697150002
9,225,3.5544862331175002
9,226,3.5330824469150004
9,227,3.5330824469150004
9,228,3.53112583362
9,229,3.5119500813475
9,230,3.5070252457575
9,231,3.4909434213974997
9,232,3.4874835302599996
9,233,3.4850375554475
9,234,3.4810383417849997
9,235,3.4500075121775
9,236,3.4468897170600004
9,237,3.44088046182
9,238,3.43293441121
9,239,3.4297851872525
9,240,3.4244079265075
9,241,3.39571489283
9,242,3.3907079433025005
9,243,3.3857913727750004
9,244,3.3839780646774997
9,245,3.3800642951550004
9,246,3.3662145350849997
9,247,3.3636892996100003
9,248,3.3585108261125
9,249,3.3443126991025003
9,250,3.33349756457
9,251,3.33349756457
9,252,3.33349756457
9,253,3.324773950875
9,254,3.3116147316999998
9,255,3.3108898653775
9,256,3.3108898653775
9,257,3.2901945835174997
9,258,3.2816350766925
9,259,3.2785528099224996
9,260,3.2631428748675
9,261,3.25450480884
9,262,3.2481347935225005
9,263,3.2478481254825
9,264,3.2357082468350002
9,265,3.223926956755
9,266,3.2167915972525
9,267,3.2099955694175
9,268,3.2099955694175
9,269,3.2067831868375003
9,270,3.2012430280775
9,271,3.1956291381275
9,272,3.1930558984250004
9,273,3.18659799171
9,274,3.1783315510425
9,275,3.17398870935
9,276,3.1733356294924997
9,277,3.164986045035
9,278,3.160128753495
9,279,3.1557910708200003
9,280,3.1540233238399997
9,281,3.15158123874
9,282,3.1401832074975
9,283,3.1335286101525
9,284,3.1307287049525003
9,285,3.1198329896525
9,286,3.11807867004
9,287,3.1100516452275
9,288,3.1100516452275
9,289,3.1059865998125002
9,290,3.0962069781975
9,291,3.0902138881725003
9,292,3.0761984495675003
9,293,3.0740013120225003
9,294,3.0656562825424998
9,295,3.062195302925
9,296,3.0587152345149997
9,297,3.0431696012875
9,298,3.03703126041
9,299,3.0330906240075
9,300,3.0288478686925
9,301,3.0258517881475
9,302,3.0257560683925
9,303,3.0202184281475
9,304,3.0187018191275
9,305,3.01100633362
9,306,3.00777920174
9,307,3.0072133309824998
9,308,3.0071773933475
9,309,2.9983412552849997
9,310,2.9896902068399998
9,311,2.989394994015
9,312,2.988035992255
9,313,2.97703994365
9,314,2.96765161531
9,315,2.96342450263
9,316,2.9633022190275
9,317,2.9631878946275
9,318,2.9623776456
9,319,2.961420326495
9,320,2.961420326495
9,321,2.949909173665
9,322,2.94400089964
9,323,2.9438002418025
9,324,2.9313575124025
9,325,2.93109874316
9,326,2.9282258533675
9,327,2.9260987436175
9,328,2.92037296522
9,329,2.9102964481825
9,330,2.9089395587449998
9,331,2.9048309200025
9,332,2.89700031863
9,333,2.8829105072675
9,334,2.8802475472025
9,335,2.8802291242875
9,336,2.8744553003425
9,337,2.8716497076525003
9,338,2.8703380456
9,339,2.8602508283025
9,340,2.8596377758075002
9,341,2.8580501778325003
9,342,2.857417224675
9,343,2.844654345885
9,344,2.844654345885
9,345,2.8409829583049997
9,346,2.8396391721175
9,347,2.8367539425575
9,348,2.835570971025
9,349,2.8346272590775
9,350,2.8306585580125
9,351,2.8246189097725
9,352,2.8199247553325
9,353,2.8160966369425
9,354,2.80669259711
9,355,2.8038008931925
9,356,2.797368843765
9,357,2.7966010017325003
9,358,2.79394701971
9,359,2.7870133599125
9,360,2.786882458495
9,361,2.78063287245
9,362,2.77880263286
9,363,2.77468380838
9,364,2.773210660785
9,365,2.7579320487075
9,366,2.7521986337375
9,367,2.7512640127725
9,368,2.74787233008
9,369,2.7406913575200003
9,370,2.74059623012
9,371,2.735088232495
9,372,2.7306992486175004
9,373,2.7297597581525
9,374,2.7268398728325
9,375,2.72124167753
9,376,2.71593755059
9,377,2.7079917464525
9,378,2.7036327561825
9,379,2.6997091608400003
9,380,2.69527742714
9,381,2.6927689404725
9,382,2.6927689404725
9,383,2.6927689404725
9,384,2.6879301404450002
9,385,2.677655329265
9,386,2.674516777495
9,387,2.671869348615
9,388,2.67026163737
9,389,2.6663054432525
9,390,2.6564473356000002
9,391,2.6553489971525
9,392,2.6501585553125
9,393,2.6429707368799997
9,394,2.63971707456
9,395,2.630402155525
9,396,2.6295595483025
9,397,2.6276075209
9,398,2.6229016860675
9,399,2.61978695589
9,400,2.6185580598125
9,401,2.6136204127075002
9,402,2.6065073858725
9,403,2.603170267855
9,404,2.597767515925
9,405,2.5965934748625
9,406,2.5965862609225
9,407,2.5833236221324998
9,408,2.5781600578275
9,409,2.574664368965
9,410,2.5739815939749997
9,411,2.56899405897
9,412,2.5528426878649997
9,413,2.543166695475
9,414,2.53777719659
9,415,2.5302684491000003
9,416,2.5302684491000003
9,417,2.5236405214925
9,418,2.5172827379725
9,419,2.5116134366400003
9,420,2.50970253618
9,421,2.5065304945475
9,422,2.4925129392575003
9,423,2.4888643945125
9,424,2.485669678875
9,425,2.474257918425
9,426,2.4731179277125
9,427,2.4711496251775
9,428,2.4671046786125
9,429,2.4664879269349997
9,430,2.4658950193675
9,431,2.4432073326725
9,432,2.4374654797575
9,433,2.4275576558825
9,434,2.4243194192225
9,435,2.4209572026475
9,436,2.420393151545
9,437,2.40203907841
9,438,2.3942757116999998
9,439,2.3897577203575002
9,440,2.3779634676975
9,441,2.37534189901
9,442,2.3718336151725
9,443,2.3499496627325
9,444,2.3498817838625
9,445,2.3457807490200002
9,446,2.341428808465
9,447,2.339244071435
9,448,2.335872283385
9,449,2.323535143175
9,450,2.3157632659450003
9,451,2.315763263815
9,452,2.3153108033675
9,453,2.3148252355125
9,454,2.3107240205875
9,455,2.30485081253
9,456,2.3043873886625
9,457,2.3022926256200003
9,458,2.302128286565
9,459,2.2932654032875
9,460,2.2887056213825
9,461,2.2745758415224997
9,462,2.26666338095
9,463,2.263788920175
9,464,2.2627678475
9,465,2.25330613522
9,466,2.25137599525
9,467,2.2441403171175
9,468,2.2431643762749998
9,469,2.23905355763
9,470,2.2352073647575
9,471,2.2311325382375
9,472,2.2311325382375
9,473,2.21010605906
9,474,2.2063615836175
9,475,2.20296924678
9,476,2.1897839399675
9,477,2.1822456495
9,478,2.1786602039675
9,479,2.1655502514625
9,480,2.164543598525
9,481,2.1601243554375
9,482,2.155687131775
9,483,2.1542958344875
9,484,2.1481632489125
9,485,2.1395147497075
9,486,2.1392591673975003
9,487,2.13899348275
9,488,2.12823092587
9,489,2.119210140515
9,490,2.11875369589
9,491,2.1123255359449997
9,492,2.1088241927575
9,493,2.1056901213825
9,494,2.1019463530399998
9,495,2.09582264902
9,496,2.0941471145875
9,497,2.089557930305
9,498,2.085965141755
9,499,2.0854774508825
9,500,2.0830507255525
9,501,2.0751107684325
9,502,2.0738508802599998
9,503,2.0712136031074997
9,504,2.0709343955525
9,505,2.064251787115
9,506,2.0622967099425003
9,507,2.05904407605
9,508,2.05582339274
9,509,2.0467957001725
9,510,2.0381050076675
9,511,2.0358638768275
9,512,2.035257299115
9,513,2.03387639641
9,514,2.026951318835
9,515,2.0145564230225
9,516,2.014030854775
9,517,2.0106157869650003
9,518,2.0039696495225003
9,519,2.0039696492325
9,520,1.9960124117275
9,521,1.9905835275975001
9,522,1.9905835263075002
9,523,1.9784585395425
9,524,1.978352742225
9,525,1.9771909067325002
9,526,1.9771909066150002
9,527,1.974084576675
9,528,1.9735494415125001
9,529,1.9711574270149999
9,530,1.9642075731625
9,531,1.9623268394900002
9,532,1.9606677386875
9,533,1.9559977327075
9,534,1.95568928558
9,535,1.9546629769375
9,536,1.954094723615
9,537,1.94444860144
9,538,1.9396282586224998
9,539,1.9283348341225
9,540,1.925199402295
9,541,1.92385406776
9,542,1.9207590323975001
9,543,1.9191458365925
9,544,1.912786473325
9,545,1.907247571575
9,546,1.9036227705375002
9,547,1.90080669498
9,548,1.8995526811849999
9,549,1.8962387462525
9,550,1.8961879244350002
9,551,1.896002605775
9,552,1.8947244769
9,553,1.88613492076
9,554,1.8791356201749998
9,555,1.8746770328825
9,556,1.8676135647199998
9,557,1.8674903888574999
9,558,1.86477542125
9,559,1.860366952295
9,560,1.8591191637600002
9,561,1.8567176430524999
9,562,1.8532904419925
9,563,1.844709136
9,564,1.8422336201724998
9,565,1.8402344055125
9,566,1.8333670116975
9,567,1.8315441828699999
9,568,1.8246094618175
9,569,1.8179610934925001
9,570,1.817517765985
9,571,1.8127120646975001
9,572,1.8104123531075
9,573,1.8078171363725002
9,574,1.7982747413225
9,575,1.7970471699875
9,576,1.79511258613
9,577,1.7871308090125002
9,578,1.7809960027075
9,579,1.780191507655
9,580,1.7696086264200002
9,581,1.765119177025
9,582,1.7629044644
9,583,1.7618254694375
9,584,1.75910643781
9,585,1.7580640827875
9,586,1.7509756522175
9,587,1.7482030874875
9,588,1.74473145292
9,589,1.7401987014975
9,590,1.739908512925
9,591,1.738556129945
9,592,1.7364318941474999
9,593,1.7318546486975002
9,594,1.72598950245
9,595,1.71344670376
9,596,1.7126752701124999
9,597,1.7045097990575002
9,598,1.7044867879725
9,599,1.70448678797
9,600,1.7007943790350002
9,601,1.6982220264525
9,602,1.6934512609325
9,603,1.6917351151125
9,604,1.6798191408474998
9,605,1.6796666087375
9,606,1.6796666081824998
9,607,1.674168121395
9,608,1.6729879897425
9,609,1.669083670395
9,610,1.6687055842025
9,611,1.6675324731724999
9,612,1.6650218939950001
9,613,1.65662051288
9,614,1.6528208597475
9,615,1.6520770754049998
9,616,1.6502520244075
9,617,1.6475377361724999
9,618,1.64371470418
9,619,1.6363587885000002
9,620,1.6295325089950001
9,621,1.6261272857800002
9,622,1.6249052224700002
9,623,1.6231186726375
9,624,1.6225987811675
9,625,1.613569247155
9,626,1.613569247155
9,627,1.6039942570674999
9,628,1.600416122255
9,629,1.6001200106125002
9,630,1.596788718865
9,631,1.594702496085
9,632,1.5885388496125
9,633,1.584722589475
9,634,1.5778141444375
9,635,1.572947242855
9,636,1.5695596560125
9,637,1.5642608347525
9,638,1.5615120533275
9,639,1.5571001247075
9,640,1.5569003800699999
9,641,1.5533526659325
9,642,1.5515238254025001
9,643,1.5365587760500001
9,644,1.5347800003825
9,645,1.53161854661
9,646,1.530842351875
9,647,1.5296093021525
9,648,1.5235986859500001
9,649,1.51311376428
9,650,1.512311994165
9,651,1.5095749666675
9,652,1.504379754645
9,653,1.50267459548
9,654,1.4995062326
9,655,1.490296106265
9,656,1.489700025435
9,657,1.488035902665
9,658,1.485993340475
9,659,1.483613602755
9,660,1.483476259165
9,661,1.48044614933
9,662,1.47529374981
9,663,1.4720550268525001
9,664,1.47111572621
9,665,1.4667714529875
9,666,1.46609409509
9,667,1.45815853097
9,668,1.4569040625
9,669,1.4524040069825
9,670,1.4502642641899999
9,671,1.4463330747175
9,672,1.445467385565
9,673,1.43913902787
9,674,1.4376794697200002
9,675,1.4362289989149999
9,676,1.435943759865
9,677,1.4355085989999998
9,678,1.4303008242025
9,679,1.4210066864475
9,680,1.4194687643125001
9,681,1.417367109255
9,682,1.4146194006375
9,683,1.4066695991375
9,684,1.4045290229275
9,685,1.3903548492925
9,686,1.3887670514
9,687,1.38328659124
9,688,1.381793525105
9,689,1.3743987497675
9,690,1.3742129360850002
9,691,1.3616475180075
9,692,1.360648431225
9,693,1.3539729134125
9,694,1.3538588221525
9,695,1.3530121065275
9,696,1.3440851319575
9,697,1.3384603367924999
9,698,1.33567441428
9,699,1.3330010192950001
9,700,1.3321996967675
9,701,1.329452104185
9,702,1.3199841990025
9,703,1.317073910685
9,704,1.315276594125
9,705,1.3099383951949999
9,706,1.30974520599
9,707,1.3067230712675
9,708,1.3056807880275
9,709,1.3025060042
9,710,1.302505998705
9,711,1.296796633945
9,712,1.2967966149675
9,713,1.2967966119274998
9,714,1.294913677455
9,715,1.28841095085
9,716,1.2884109459075002
9,717,1.2704692792399999
9,718,1.269401655415
9,719,1.268982359495
9,720,1.2678847500025001
9,721,1.2600532902400001
9,722,1.2572802983225
9,723,1.2355308482875
9,724,1.23481957632
9,725,1.23479903268
9,726,1.2335950091975
9,727,1.2208408523525
9,728,1.219545132245
9,729,1.208335386245
9,730,1.203656451115
9,731,1.2036564448475
9,732,1.2022287036075
9,733,1.20221337373
9,734,1.2022133732850002
9,735,1.1937347047575
9,736,1.192660521455
9,737,1.1926605144625
9,738,1.189603133555
9,739,1.183615712095
9,740,1.18360768865
9,741,1.163636563715
9,742,1.16279428149
9,743,1.16276622939
9,744,1.1622322114175
9,745,1.1599617306624999
9,746,1.1599617289725
9,747,1.1405168677575
9,748,1.1405168507475
9,749,1.1405103243299999
9,750,1.140149124045
9,751,1.139701625855
9,752,1.1397016218275
9,753,1.1249028154225
9,754,1.1249027866349999
9,755,1.12490277482
9,756,1.1249027724525
9,757,1.1242060297449998
9,758,1.124206024285
9,759,1.107161203275
9,760,1.107161177105
9,761,1.1071611661275
9,762,1.1071611626725
9,763,1.1060394403525
9,764,1.10603943512
9,765,1.0796809286475
9,766,1.079680907995
9,767,1.079680897815
9,768,1.079680893375
9,769,1.077878944115
9,770,1.0778789361899999
9,771,1.046080870695
9,772,1.0460808535450001
9,773,1.0460808444874998
9,774,1.0460808395424999
9,775,1.04313545139
9,776,1.04313544097
9,777,1.0142867577375
9,778,1.0142867396450002
9,779,1.014286732185
9,780,1.0142867280475
9,781,1.0123456323775
9,782,1.012345620075
9,783,0.9835467617625
9,784,0.9835467404300001
9,785,0.9835467316700001
9,786,0.9835467264
9,787,0.983127814975
9,788,0.983127806495
9,789,0.96211820556
9,790,0.9621181822224999
9,791,0.9621181765875001
9,792,0.9621181747375
9,793,0.9592371976175
9,794,0.959237186935
9,795,0.9345278210249999
9,796,0.9345277941675001
9,797,0.9345277888825001
9,798,0.93452778454
9,799,0.9336719858075
9,800,0.9336719732125001
9,801,0.91028525517
9,802,0.910285227815
9,803,0.9102852220975001
9,804,0.9102852154800001
9,805,0.9089818636475
9,806,0.908981848035
9,807,0.8869490746775
9,808,0.88694904581
9,809,0.8869490406
9,810,0.8869490334575
9,811,0.88633426516
9,812,0.886334251695
9,813,0.86425548661
9,814,0.86425545934
9,815,0.86425545487
9,816,0.864255447
9,817,0.8635651787849999
9,818,0.8635651697475
9,819,0.8419040450675
9,820,0.841904023995
9,821,0.8419040171800001
9,822,0.8419040093650001
9,823,0.8414831647225001
9,824,0.8414831520874999
9,825,0.8153821737025
9,826,0.8153821548675
9,827,0.81538214488
9,828,0.8153821351899999
9,829,0.81478192369
9,830,0.814781911505
9,831,0.7887258805224999
9,832,0.7887258650925
9,833,0.788725854535
9,834,0.78872584956
9,835,0.78854163714
9,836,0.7885416249725
9,837,0.75585340765
9,838,0.7558533898925
9,839,0.7558533808175001
9,840,0.755853375485
9,841,0.75573248005
9,842,0.7557324678225
9,843,0.72477140186
9,844,0.7247713909675
9,845,0.7247713840875
9,846,0.7247713810499999
9,847,0.7247239809725
9,848,0.7247239682625001
9,849,0.6941056856950001
9,850,0.6941056697125
9,851,0.6941056622625
9,852,0.69410565829
9,853,0.6941016209049999
9,854,0.694101610505
9,855,0.6661151304125
9,856,0.6661151158875
9,857,0.66611510993
9,858,0.6661151068825
9,859,0.666113910685
9,860,0.6661139021825
9,861,0.6445590989450001
9,862,0.6445590893225
9,863,0.644559085325
9,864,0.64455908228
9,865,0.64455901021
9,866,0.6445590026150001
9,867,0.6266843979
9,868,0.6266843881475
9,869,0.6266843842950001
9,870,0.62668438186
9,871,0.6266843737625
9,872,0.6266843647125
9,873,0.6113126727775
9,874,0.6113126664624999
9,875,0.6113126618775
9,876,0.6113126592125
9,877,0.6113126558424999
9,878,0.6113126470975
9,879,0.5980945681575001
9,880,0.5980945626375
9,881,0.5980945581825
9,882,0.5980945562825
9,883,0.5980945494250001
9,884,0.5980945455575
9,885,0.5844975699
9,886,0.5844975673075
9,887,0.584497561305
9,888,0.5844975582475
9,889,0.584497552105
9,890,0.5844975483475
9,891,0.5709226551875
9,892,0.5709226521475
9,893,0.5709226478725
9,894,0.5709226464375
9,895,0.570922639535
9,896,0.570922634695
9,897,0.5640352694749999
9,898,0.56403526629
9,899,0.5640352639425
9,900,0.564035259465
9,901,0.5640352540225
9,902,0.5640352511525
9,903,0.5546554081775
9,904,0.5546554045025001
9,905,0.554655402865
9,906,0.5546554015375
9,907,0.55465539577
9,908,0.554655392255
9,909,0.5474580558525
9,910,0.5474580512575
9,911,0.5474580494525
9,912,0.5474580469675
9,913,0.5474580416775
9,914,0.5474580398575
9,915,0.5371364744325
9,916,0.537136470415
9,917,0.537136468655
9,918,0.5371364672775
9,919,0.5371364629625
9,920,0.53713646289
9,921,0.5302125982425
9,922,0.5302125965875001
9,923,0.5302125940325
9,924,0.530212593515
9,925,0.5302125904225
9,926,0.530212589995
9,927,0.5220595848775
9,928,0.5220595830350001
9,929,0.5220595806475
9,930,0.5220595803075
9,931,0.522059579345
9,932,0.52205957825
9,933,0.5135520309175
9,934,0.5135520290275
9,935,0.513552028435
9,936,0.51355202674
9,937,0.513552025475
9,938,0.51355202397
9,939,0.506936917615
9,940,0.506936914235
9,941,0.5069369139375001
9,942,0.5069369136975
9,943,0.5069369134525
9,944,0.50693691235
9,945,0.50071375343
9,946,0.500713751615
9,947,0.5007137514175001
9,948,0.50071375028
9,949,0.5007137502775001
9,950,0.5007137486275
9,951,0.49923391677750006
9,952,0.499233916145
9,953,0.499233915815
9,954,0.4992339150575
9,955,0.49923391483250007
9,956,0.4992339133775
9,957,0.49799705949750006
9,958,0.4979970589275
9,959,0.497997058355
9,960,0.4979970577425
9,961,0.49799705754
9,962,0.49799705668000005
9,963,0.49683299023750005
9,964,0.496832989655
9,965,0.496832989495
9,966,0.49683298872000003
9,967,0.49683298851
9,968,0.4968329879850001
9,969,0.4957697271575
9,970,0.4957697271475
9,971,0.4957697269275
9,972,0.495769726485
9,973,0.49576972643749995
9,974,0.4957697257325
9,975,0.4948583465175
9,976,0.49485834639000004
9,977,0.49485834635000003
9,978,0.494858346075
9,979,0.4948583456600001
9,980,0.4948583456600001
9,981,0.49361011500499996
9,982,0.4936101146725
9,983,0.4936101146725
9,984,0.4936101146725
9,985,0.4936101146625
9,986,0.49361011460000004
9,987,0.49311631078999996
9,988,0.4931163107475
9,989,0.4931163107475
9,990,0.49311630964250003
9,991,0.4931163096400001
9,992,0.4931163096075
9,993,0.4927897233725
9,994,0.49278972336500004
9,995,0.4927897232725
9,996,0.49278972319000003
9,997,0.49278972319000003
9,998,0.4927897231875
9,999,0.49248672871000004
9,1000,0.4924867286925
10,1,17278171.385879308
10,2,8277545.520744112
10,3,5746570.004997745
10,4,4361485.660095953
10,5,2799059.741043965
10,6,2483409.1997717847
10,7,2232046.381431206
10,8,2072607.8309018533
10,9,1420848.6694738793
10,10,1095340.4878914768
10,11,786925.8095116459
10,12,553881.2777832446
10,13,477039.6706798073
10,14,410502.4351372002
10,15,374065.9517864276
10,16,332418.9898020335
10,17,269773.80485361145
10,18,217905.80969763384
10,19,203200.51679231363
10,20,182589.55831242702
10,21,172399.96551452315
10,22,158698.49269102656
10,23,154373.4490449108
10,24,142837.64555168455
10,25,116835.63154144112
10,26,108901.77829883466
10,27,92196.66875331465
10,28,81767.48520796443
10,29,81767.48520796443
10,30,77411.23269799065
10,31,74566.06406214618
10,32,73557.7377690636
10,33,73468.25220396197
10,34,72195.5029604911
10,35,71022.50062612697
10,36,71022.50062612697
10,37,68842.04829409797
10,38,66559.8360983923
10,39,65113.90146625814
10,40,64688.01227401181
10,41,63199.85401620619
10,42,62139.26420811729
10,43,62139.26420811729
10,44,57799.797557678554
10,45,56840.54635743557
10,46,53422.42931250357
10,47,52314.25214903248
10,48,52034.00193444417
10,49,52034.00193444417
10,50,52034.00193444417
10,51,48353.28556221833
10,52,48353.28556221833
10,53,41588.0835943616
10,54,40440.14856593371
10,55,40440.14856593371
10,56,37510.49594057464
10,57,34904.5538771742
10,58,34549.39390540692
10,59,34242.44563756783
10,60,33746.64373852649
10,61,33746.643733081204
10,62,32331.36450446891
10,63,31488.384492767655
10,64,31003.20339770064
10,65,30491.405346549094
10,66,30491.405319645237
10,67,30376.718992804632
10,68,29735.329853324947
10,69,28740.098273298925
10,70,27623.457606026706
10,71,27623.457601316157
10,72,26870.811241567066
10,73,25882.69086390666
10,74,25615.71732265772
10,75,24464.039127423704
10,76,22845.16810880977
10,77,22729.617375377984
10,78,22729.617375377984
10,79,22729.61737469546
10,80,22518.116263189586
10,81,21364.624144462832
10,82,20711.593674287382
10,83,20590.996162409905
10,84,20576.413133523696
10,85,20523.641283435543
10,86,19397.812053013105
10,87,19208.196984505717
10,88,19208.196984505717
10,89,19128.044183362195
10,90,19071.663498592647
10,91,18976.689542615273
10,92,18976.689542615273
10,93,18883.556001596688
10,94,18396.385922564652
10,95,18238.452950837283
10,96,17802.669249478462
10,97,17802.66924648817
10,98,17802.66924648817
10,99,17297.496932050613
10,100,17185.10245241084
10,101,16922.636316793087
10,102,16186.396800639039
10,103,16186.396797373944
10,104,16052.343899945767
10,105,15989.654796510225
10,106,15972.609098959932
10,107,15972.609080326196
10,108,15972.60902472569
10,109,15972.608925733686
10,110,15972.608874202138
10,111,15872.042997155
10,112,15656.396916097376
10,113,15622.388761622624
10,114,15622.38875870588
10,115,15622.38875870588
10,116,14828.140265395534
10,117,13891.382312497484
10,118,13682.385285943932
10,119,13682.38528226496
10,120,13682.385247608181
10,121,13682.385213074109
10,122,13628.354205581612
10,123,13112.035075639278
10,124,13070.411030378298
10,125,12944.266082604849
10,126,12523.998067812714
10,127,12393.220947075115
10,128,12258.616024426297
10,129,11505.696706453182
10,130,11489.493066477484
10,131,11489.493057130152
10,132,11342.488970504075
10,133,11337.141438445093
10,134,11337.141413388124
10,135,10650.43533087987
10,136,10638.363290281446
10,137,10200.032084164359
10,138,9888.505171513154
10,139,9382.207824567628
10,140,9316.77828717786
10,141,8575.63422123273
10,142,8575.6342172375
10,143,8348.175196849645
10,144,8031.170308656212
10,145,8031.17030668822
10,146,7736.452729235175
10,147,7200.982789509651
10,148,7200.982786730997
10,149,7085.693565981758
10,150,7085.693549610347
10,151,7024.57742666565
10,152,6997.248003634112
10,153,6586.947695388318
10,154,6586.947680428697
10,155,6285.95984719618
10,156,6285.95981619609
10,157,6275.171889100287
10,158,6106.110949405672
10,159,5806.55154734758
10,160,5806.551545579335
10,161,5797.357052754438
10,162,5747.068501426875
10,163,5747.068492102705
10,164,5747.068475201658
10,165,5267.128287488553
10,166,5267.128283290673
10,167,5259.6919543677395
10,168,5259.691933748434
10,169,5259.691923896839
10,170,5259.691898851348
10,171,5003.581938742805
10,172,5003.581926105408
10,173,5003.5819223681
10,174,5000.477528019907
10,175,4997.526094761983
10,176,4980.666985318452
10,177,4704.103687808405
10,178,4662.010110202803
10,179,4641.949737924012
10,180,4530.56768091469
10,181,4530.567660749088
10,182,4380.275791427405
10,183,4304.30037819348
10,184,4190.745408649785
10,185,4164.95215035781
10,186,4164.9521397533745
10,187,4164.952125333012
10,188,4164.952119782398
10,189,4071.2991466232575
10,190,4071.2991441878303
10,191,4032.36556239512
10,192,4032.3655516591125
10,193,4027.06587215171
10,194,4027.065864086452
10,195,3919.832566308777
10,196,3915.92983711905
10,197,3898.9086977088773
10,198,3893.4039077318776
10,199,3893.403896133275
10,200,3880.9869409428247
10,201,3744.5661855667195
10,202,3744.566176382797
10,203,3742.6233046536604
10,204,3742.0570024967346
10,205,3742.0569897890773
10,206,3703.4343306596675
10,207,3521.107437573005
10,208,3519.4166869702626
10,209,3519.4166868895495
10,210,3519.41668238886
10,211,3519.416676228998
10,212,3519.4166733517995
10,213,2855.2483763679097
10,214,2850.2350362586326
10,215,2850.23503104522
10,216,2850.2350122552
10,217,2850.2349898783573
10,218,2850.234986956145
10,219,2289.3702610004625
10,220,2234.1780678513974
10,221,2234.17806704715
10,222,2229.186263659917
10,223,2229.1862390602573
10,224,2225.82741825006
10,225,2090.4246287812352
10,226,2090.4246265400698
10,227,2090.4246259815773
10,228,2090.42461975187
10,229,2090.4246183050723
10,230,2034.1068177606726
10,231,1937.4039195934977
10,232,1937.403908394325
10,233,1929.28791396695
10,234,1929.2879102011375
10,235,1929.2878827471948
10,236,1929.28788019373
10,237,1809.83441664376
10,238,1801.8738440371199
10,239,1801.87384316011
10,240,1801.87383895026
10,241,1800.7381073801303
10,242,1800.7381044246126
10,243,1584.5728769032398
10,244,1584.572871370815
10,245,1581.0328250835498
10,246,1581.03282039183
10,247,1572.0198526146123
10,248,1572.0198494134174
10,249,1482.685177436525
10,250,1481.771889593045
10,251,1481.7718882008198
10,252,1481.7718844780125
10,253,1481.77188299697
10,254,1477.3933192292325
10,255,1397.6128658389048
10,256,1388.1669400956848
10,257,1352.9001154242148
10,258,1352.9001111948198
10,259,1352.90010495234
10,260,1352.9000913308475
10,261,1336.3916287766326
10,262,1330.9693401687975
10,263,1330.9693393192551
10,264,1330.9693368457
10,265,1330.0325477041874
10,266,1330.0325476784224
10,267,1296.0380051103875
10,268,1296.038003955395
10,269,1202.176177263685
10,270,1202.176171819585
10,271,1202.176167288115
10,272,1202.1761567159876
10,273,1148.5955928971302
10,274,1148.5955928333901
10,275,1068.9553284687377
10,276,1058.2224148093298
10,277,1046.5637413983775
10,278,1046.5637363444825
10,279,1033.6799540239124
10,280,1033.679954012365
10,281,891.9583822129074
10,282,891.9583767217949
10,283,891.9583738463974
10,284,891.958367247835
10,285,887.2631310251951
10,286,886.303182078075
10,287,591.7042115961975
10,288,591.7042105059224
10,289,591.7042071622025
10,290,591.458345846635
10,291,588.5215219602826
10,292,578.1269294863775
10,293,532.9541813435775
10,294,532.9541804927075
10,295,532.9541777036
10,296,532.9541746087625
10,297,529.3851796918925
10,298,504.667935138285
10,299,408.8610102799
10,300,401.8969879989825
10,301,401.8969849353
10,302,392.44507330931003
10,303,390.6606566188075
10,304,386.460848753525
10,305,300.0614893304625
10,306,298.2803835795275
10,307,298.28038093793504
10,308,298.2803761293775
10,309,293.1368144513825
10,310,293.1368137010025
10,311,166.58797164876
10,312,166.58797098539497
10,313,166.58796977659
10,314,166.5879669549575
10,315,165.0642149023225
10,316,159.4726628500025
10,317,133.331424165455
10,318,128.82419815188
10,319,127.98698438916499
10,320,127.98698427209501
10,321,127.95661198222251
10,322,127.956611850225
10,323,123.51315028253751
10,324,123.513149779125
10,325,123.51314933618251
10,326,123.51314571548501
10,327,123.399570153545
10,328,123.3995693186175
10,329,122.03064536843749
10,330,114.99527475145999
10,331,114.995274409175
10,332,113.31681976929501
10,333,113.013142208575
10,334,113.01314147155252
10,335,108.7912017500325
10,336,105.1351911922475
10,337,105.13519084325
10,338,105.13518743099
10,339,104.44285023186501
10,340,104.442849711295
10,341,103.228733195065
10,342,103.22873314235251
10,343,101.94676337818751
10,344,101.226091127145
10,345,99.97173843320749
10,346,99.971738136705
10,347,93.552510610395
10,348,93.55251056632751
10,349,93.552510106575
10,350,93.5525063080775
10,351,91.87572237433001
10,352,91.87572192157
10,353,85.11264795776
10,354,85.1126470240275
10,355,85.11264697900751
10,356,85.1126449641275
10,357,84.2206485099475
10,358,84.2206485081025
10,359,79.3371137764025
10,360,79.3371099086025
10,361,79.33710834353
10,362,79.33710582308
10,363,78.31243734061499
10,364,78.3124373395525
10,365,75.6508773414575
10,366,75.65087598140501
10,367,75.650875137895
10,368,75.6508735404925
10,369,74.69324788306251
10,370,74.6932475570875
10,371,73.32444977492
10,372,73.3244495738725
10,373,73.3244482667625
10,374,73.3244479753575
10,375,72.538981868985
10,376,72.53898094859251
10,377,70.71161515052499
10,378,70.7116136094825
10,379,70.7116129675675
10,380,70.711612475885
10,381,70.7114555611075
10,382,70.7114549174
10,383,67.34591373661002
10,384,67.3459136779075
10,385,67.3459133261875
10,386,67.34591252798
10,387,66.83855601229
10,388,66.83855552947
10,389,60.79483613760999
10,390,59.96448646422
10,391,59.9644856735075
10,392,59.96448473937001
10,393,59.948493497955
10,394,59.94849240123
10,395,49.2396308837725
10,396,49.2396308709275
10,397,49.239630200935
10,398,49.239628354424994
10,399,49.232636582344995
10,400,49.232635447902496
10,401,43.94848470137249
10,402,43.8651937780475
10,403,43.865193220055
10,404,43.865191919015004
10,405,43.86107499147
10,406,43.861074373365
10,407,43.361952676285
10,408,43.361952668692496
10,409,43.361952570285
10,410,43.361952213609996
10,411,43.3386821325825
10,412,43.3386820982125
10,413,40.3474820539
10,414,39.9824352068
10,415,39.982434616672506
10,416,39.9824346070425
10,417,39.982430855655004
10,418,39.982430751315
10,419,37.2721478895725
10,420,37.272147872915
10,421,37.2721476229375
10,422,37.27214712467
10,423,37.2620453507825
10,424,37.2620451696825
10,425,31.349964135282498
10,426,31.349963956584997
10,427,31.349963291247498
10,428,31.349962956987497
10,429,31.349928091365
10,430,31.3499274801875
10,431,31.2639340020825
10,432,31.263933989535
10,433,31.2639339887275
10,434,31.250850168665
10,435,31.250810493007503
10,436,31.2508103483
10,437,30.947784268667498
10,438,30.872523333315
10,439,30.8725231582275
10,440,30.872523129630004
10,441,30.8705382064
10,442,30.8705379295875
10,443,29.839971345817503
10,444,29.8399707884525
10,445,29.839970469
10,446,29.787222452795003
10,447,29.783065908125003
10,448,29.7830656716475
10,449,27.0534420634225
10,450,27.0534416606975
10,451,27.0534414290575
10,452,27.053441425760003
10,453,27.038258730400003
10,454,27.038258486867498
10,455,20.028336152405
10,456,20.0283359990975
10,457,20.02833523803
10,458,20.028335118025
10,459,20.01707365801
10,460,20.017073541002496
10,461,5.40277715593
10,462,5.4027771553149995
10,463,5.4027766826575
10,464,5.4027764371850004
10,465,5.3992023030950005
10,466,5.399202300505
10,467,1.3034253608625
10,468,1.3034253355699998
10,469,1.2304658369900001
10,470,1.230465555165
10,471,1.2298472998999999
10,472,1.2298471380375
10,473,0.865775228755
10,474,0.8657752276449999
10,475,0.865775179535
10,476,0.8657743518225001
10,477,0.8637275686100001
10,478,0.8637273801825
10,479,0.7335487515425
10,480,0.7335486792575
10,481,0.7286651852249999
10,482,0.7286649895499999
10,483,0.7162136533575
10,484,0.7162134585825
10,485,0.6590937590525
10,486,0.6590937218749999
10,487,0.65901721128
10,488,0.6590171856025
10,489,0.6590170826675
10,490,0.65901697642
10,491,0.6193033103900001
10,492,0.6193032843725
10,493,0.6172622354899999
10,494,0.6172620004874999
10,495,0.6162589072825
10,496,0.6162588760225
10,497,0.58696785673
10,498,0.5869678566300001
10,499,0.583080849665
10,500,0.583080629915
10,501,0.58162012562
10,502,0.581620071525
10,503,0.5400576550175
10,504,0.5400576495799999
10,505,0.5316889185925
10,506,0.53168887948
10,507,0.53023572028
10,508,0.5302356026724999
10,509,0.5155867308475
10,510,0.515586723245
10,511,0.39105321332000004
10,512,0.3910532057875
10,513,0.38900089596
10,514,0.3890008050125
10,515,0.363316321985
10,516,0.3633162858325
10,517,0.27325313269
10,518,0.273253073315
10,519,0.2719483503375
10,520,0.2719482055725
10,521,0.2264224097625
10,522,0.226422369965
10,523,0.16229391527999998
10,524,0.1622938736075
10,525,0.16208386122250001
10,526,0.1620837080825
10,527,0.160179969805
10,528,0.1601799317325
10,529,0.149222602285
10,530,0.14922257887499998
10,531,0.1489923827875
10,532,0.14899232068
10,533,0.1220976091025
10,534,0.12209758026499999
10,535,0.1220975415325
10,536,0.122097506535
10,537,0.1220725622775
10,538,0.12207251761
10,539,0.11200686022749999
10,540,0.112006824565
10,541,0.1040764479525
10,542,0.1040764433775
10,543,0.1040370101925
10,544,0.10403685644999998
10,545,0.103777856535
10,546,0.10377785636999999
10,547,0.09142925574
10,548,0.0914292486275
10,549,0.09138479823
10,550,0.09138463406
10,551,0.085289197025
10,552,0.08528918596999999
10,553,0.067121706975
10,554,0.0671217031775
10,555,0.06711980919250002
10,556,0.06711977374750001
10,557,0.06681201629750001
10,558,0.0668120098175
10,559,0.039485152905
10,560,0.0394850750825
10,561,0.0394795367275
10,562,0.039479536725
10,563,0.03900918508
10,564,0.03900918364
10,565,0.03404041569
10,566,0.0340403673675
10,567,0.034030162495
10,568,0.034030137254999995
10,569,0.032845025175
10,570,0.0328450247675
10,571,0.0295385469125
10,572,0.0295384703375
10,573,0.029535130932499997
10,574,0.029535038635
10,575,0.024424349190000003
10,576,0.024424349190000003
10,577,0.0166746500175
10,578,0.016674597417500003
10,579,0.016671630635000004
10,580,0.016671629255000004
10,581,0.015238321040000002
10,582,0.015238320070000002
10,583,0.0152383195525
10,584,0.015238299572500003
10,585,0.015237990385000002
10,586,0.015237990385000002
10,587,0.015236968042500002
10,588,0.015236966975000002
10,589,0.01382949876
10,590,0.013829486432500001
10,591,0.0138293768975
10,592,0.013829376709999999
10,593,0.013700405572500001
10,594,0.0137004021575
10,595,0.013700394197500002
10,596,0.013700394197500002
10,597,0.0137003661675
10,598,0.0137003661675
10,599,0.013604042495000001
10,600,0.013604041550000001
10,601,0.0136040391275
10,602,0.01360403908
10,603,0.013603993752500002
10,604,0.0136039937275
10,605,0.0135239102725
10,606,0.013523909510000001
10,607,0.0128263587175
10,608,0.012826349840000001
10,609,0.012826341870000002
10,610,0.012826341852500001
10,611,0.012801491565
10,612,0.0128014876775
10,613,0.01152481115
10,614,0.011524803972499999
10,615,0.0115247894925
10,616,0.0115247891975
10,617,0.011524627485
10,618,0.011524624307499998
10,619,0.009252525260000002
10,620,0.0092525206775
10,621,0.009252490155
10,622,0.009252490155
10,623,0.00923539185
10,624,0.00923539177
10,625,0.00554244814
10,626,0.0055424430925
10,627,0.0055424430875
10,628,0.00554242477
10,629,0.005507815389999999
10,630,0.00550781525
10,631,0.0038488428574999997
10,632,0.0038488403125
10,633,0.0038488380849999995
10,634,0.0038488338574999997
10,635,0.003848833634999999
10,636,0.0038488335774999995
10,637,0.0038488335774999995
10,638,0.0038488335749999997
10,639,0.0038488335699999993
10,640,0.0038488335699999993
10,641,0.0038404122075
10,642,0.0038404114824999993
10,643,0.0034389719824999996
10,644,0.0034389715524999996
10,645,0.0034389622524999995
10,646,0.0034389622524999995
10,647,0.003435533622499999
10,648,0.0034355330099999997
10,649,0.0030012038850000004
10,650,0.00300120122
10,651,0.00300118936
10,652,0.00300118936
10,653,0.002997769835
10,654,0.00299776959
10,655,0.0025635056225
10,656,0.0025635036275
10,657,0.002563503625
10,658,0.002563503625
10,659,0.002562750845
10,660,0.0025627508425000002
10,661,0.0018365298125
10,662,0.0018365281175000002
10,663,0.0018365281175000002
10,664,0.0018365281175000002
10,665,0.00183485657
10,666,0.0018348475675
10,667,0.0013228527
10,668,0.0013228496800000002
10,669,0.0013228496800000002
10,670,0.0013228496800000002
10,671,0.0013196202825
10,672,0.0013196181425
10,673,0.000878335515
10,674,0.0008783327875
10,675,0.0008783327875
10,676,0.0008783323625000001
10,677,0.0008782217700000001
10,678,0.0008782217700000001
10,679,0.000439012325
10,680,0.0004390081475
10,681,0.00043900814249999993
10,682,0.0004389875499999999
10,683,0.00043882116499999993
10,684,0.00043882116499999993
10,685,0.000294814375
10,686,0.00029481086
10,687,0.0002948107375
10,688,0.0002947937725
10,689,0.0002942583925
10,690,0.000294258375
10,691,0.00016485624
10,692,0.0001648544975
10,693,0.000164852235
10,694,0.000164852235
10,695,0.0001640005475
10,696,0.0001640005475
10,697,8.6628535e-05
10,698,8.66270875e-05
10,699,8.662517e-05
10,700,8.662517e-05
10,701,8.483142999999999e-05
10,702,8.483142999999999e-05
10,703,2.4794955e-05
10,704,2.47913375e-05
10,705,2.4789885e-05
10,706,2.4789885e-05
10,707,2.4789885e-05
10,708,2.4789885e-05
10,709,2.4789885e-05
10,710,2.4789885e-05
10,711,2.4789885e-05
10,712,2.4789885e-05
10,713,2.44738075e-05
10,714,2.44738075e-05
10,715,7.605260000000001e-06
10,716,7.602135e-06
10,717,7.6009325e-06
10,718,7.6009325e-06
10,719,7.6009325e-06
10,720,7.6009325e-06
10,721,3.6641299999999998e-06
10,722,3.6638499999999997e-06
10,723,3.66333e-06
10,724,3.66333e-06
10,725,3.6433875e-06
10,726,3.6433875e-06
10,727,3.2846325e-06
10,728,3.2829924999999996e-06
10,729,3.2829449999999997e-06
10,730,3.2829449999999997e-06
10,731,3.2829449999999997e-06
10,732,3.2829449999999997e-06
10,733,3.21842e-06
10,734,3.2184000000000004e-06
10,735,3.2183875e-06
10,736,3.2183875e-06
10,737,3.2183875e-06
10,738,3.2183875e-06
10,739,3.2111199999999998e-06
10,740,3.2105350000000003e-06
10,741,3.2105350000000003e-06
10,742,3.21045e-06
10,743,3.210425e-06
10,744,3.210425e-06
10,745,3.2042200000000003e-06
10,746,3.2035375e-06
10,747,3.2035375e-06
10,748,3.20352e-06
10,749,3.2023999999999996e-06
10,750,3.2023999999999996e-06
10,751,3.1883575e-06
10,752,3.186895e-06
10,753,3.1868824999999996e-06
10,754,3.1868824999999996e-06
10,755,3.1802875e-06
10,756,3.1802875e-06
10,757,3.1550425e-06
10,758,3.153845e-06
10,759,3.153835e-06
10,760,3.153835e-06
10,761,3.1461699999999996e-06
10,762,3.1461699999999996e-06
10,763,3.1461699999999996e-06
10,764,3.1452799999999996e-06
10,765,3.1452799999999996e-06
10,766,3.1452799999999996e-06
10,767,3.1257475000000003e-06
10,768,3.1257475000000003e-06
10,769,3.1127725e-06
10,770,3.1121925e-06
10,771,3.1121675000000003e-06
10,772,3.1121675000000003e-06
10,773,3.0664825e-06
10,774,3.0664825e-06
10,775,3.045955e-06
10,776,3.0453975e-06
10,777,3.0453725000000003e-06
10,778,3.0453725000000003e-06
10,779,2.65751e-06
10,780,2.65751e-06
10,781,2.6342875e-06
10,782,2.63345e-06
10,783,2.633435e-06
10,784,2.633435e-06
10,785,2.620395e-06
10,786,2.620395e-06
10,787,2.5977025e-06
10,788,2.5967725e-06
10,789,2.596765e-06
10,790,2.5967549999999997e-06
10,791,2.5764825e-06
10,792,2.5764825e-06
10,793,2.5762e-06
10,794,2.5755625e-06
10,795,2.5755525e-06
10,796,2.5755525e-06
10,797,2.5263225e-06
10,798,2.5263225e-06
10,799,2.5263225e-06
10,800,2.5252625e-06
10,801,2.5252625e-06
10,802,2.5252625e-06
10,803,2.411735e-06
10,804,2.411735e-06
10,805,2.4116925e-06
10,806,2.4116925e-06
10,807,2.411685e-06
10,808,2.411685e-06
10,809,2.411685e-06
10,810,2.411685e-06
10,811,2.411685e-06
10,812,2.411685e-06
10,813,2.411685e-06
10,814,2.411685e-06
10,815,2.4111675e-06
10,816,2.4111675e-06
10,817,2.41116e-06
10,818,2.4111575e-06
10,819,2.4111575e-06
10,820,2.4111575e-06
10,821,2.4102649999999997e-06
10,822,2.4102649999999997e-06
10,823,2.4102599999999998e-06
10,824,2.410245e-06
10,825,2.410245e-06
10,826,2.410245e-06
10,827,2.40881e-06
10,828,2.40881e-06
10,829,2.40881e-06
10,830,2.40878e-06
10,831,2.40878e-06
10,832,2.40878e-06
10,833,2.407225e-06
10,834,2.407225e-06
10,835,2.407225e-06
10,836,2.4071500000000003e-06
10,837,2.4071475e-06
10,838,2.4071475e-06
10,839,2.4071475e-06
10,840,2.4071475e-06
10,841,2.4071475e-06
10,842,2.4071475e-06
10,843,2.4071475e-06
10,844,2.4071475e-06
10,845,2.4071475e-06
10,846,2.4071475e-06
10,847,2.4071475e-06
10,848,2.4071475e-06
10,849,2.4071475e-06
10,850,2.4071475e-06
10,851,2.4071475e-06
10,852,2.4071475e-06
10,853,2.4071475e-06
10,854,2.4071475e-06
10,855,2.4071475e-06
10,856,2.4071475e-06
10,857,2.4071475e-06
10,858,2.4071475e-06
10,859,2.4071475e-06
10,860,2.4071475e-06
10,861,2.4071475e-06
10,862,2.4071475e-06
10,863,2.4071475e-06
10,864,2.4071475e-06
10,865,2.4071475e-06
10,866,2.4071475e-06
10,867,2.4071475e-06
10,868,2.4071475e-06
10,869,2.4071475e-06
10,870,2.4071475e-06
10,871,2.4071475e-06
10,872,2.4071475e-06
10,873,2.4071475e-06
10,874,2.4071475e-06
10,875,2.4071475e-06
10,876,2.4071475e-06
10,877,2.4071475e-06
10,878,2.4071475e-06
10,879,2.4071475e-06
10,880,2.4071475e-06
10,881,2.4071475e-06
10,882,2.4071475e-06
10,883,2.4071475e-06
10,884,2.4071475e-06
10,885,2.4071475e-06
10,886,2.4071475e-06
10,887,2.4071475e-06
10,888,2.4071475e-06
10,889,2.4071475e-06
10,890,2.4071475e-06
10,891,2.4071475e-06
10,892,2.4071475e-06
10,893,2.4071475e-06
10,894,2.4071475e-06
10,895,2.4071475e-06
10,896,2.4071475e-06
10,897,2.4071475e-06
10,898,2.4071475e-06
10,899,2.4071475e-06
10,900,2.4071475e-06
10,901,2.4071475e-06
10,902,2.4071475e-06
10,903,2.4071475e-06
10,904,2.4071475e-06
10,905,2.4071475e-06
10,906,2.4071475e-06
10,907,2.4071475e-06
10,908,2.4071475e-06
10,909,2.4071475e-06
10,910,2.4071475e-06
10,911,2.4071475e-06
10,912,2.4071475e-06
10,913,2.4071475e-06
10,914,2.4071475e-06
10,915,2.4071475e-06
10,916,2.4071475e-06
10,917,2.4071475e-06
10,918,2.4071475e-06
10,919,2.4071475e-06
10,920,2.4071475e-06
10,921,2.4071475e-06
10,922,2.4071475e-06
10,923,2.4071475e-06
10,924,2.4071475e-06
10,925,2.4071475e-06
10,926,2.4071475e-06
10,927,2.4071475e-06
10,928,2.4071475e-06
10,929,2.4071475e-06
10,930,2.4071475e-06
10,931,2.4071475e-06
10,932,2.4071475e-06
10,933,2.4071475e-06
10,934,2.4071475e-06
10,935,2.4071475e-06
10,936,2.4071475e-06
10,937,2.4071475e-06
10,938,2.4071475e-06
10,939,2.4071475e-06
10,940,2.4071475e-06
10,941,2.4071475e-06
10,942,2.4071475e-06
10,943,2.4071475e-06
10,944,2.4071475e-06
10,945,2.4071475e-06
10,946,2.4071475e-06
10,947,2.4071475e-06
10,948,2.4071475e-06
10,949,2.4071475e-06
10,950,2.4071475e-06
10,951,2.4071475e-06
10,952,2.4071475e-06
10,953,2.4071475e-06
10,954,2.4071475e-06
10,955,2.4071475e-06
10,956,2.4071475e-06
10,957,2.4071475e-06
10,958,2.4071475e-06
10,959,2.4071475e-06
10,960,2.4071475e-06
10,961,2.4071475e-06
10,962,2.4071475e-06
10,963,2.4071475e-06
10,964,2.4071475e-06
10,965,2.4071475e-06
10,966,2.4071475e-06
10,967,2.4071475e-06
10,968,2.4071475e-06
10,969,2.4071475e-06
10,970,2.4071475e-06
10,971,2.4071475e-06
10,972,2.4071475e-06
10,973,2.4071475e-06
10,974,2.4071475e-06
10,975,2.4071475e-06
10,976,2.4071475e-06
10,977,2.4071475e-06
10,978,2.4071475e-06
10,979,2.4071475e-06
10,980,2.4071475e-06
10,981,2.4071475e-06
10,982,2.4071475e-06
10,983,2.4071475e-06
10,984,2.4071475e-06
10,985,2.4071475e-06
10,986,2.4071475e-06
10,987,2.4071475e-06
10,988,2.4071475e-06
10,989,2.4071475e-06
10,990,2.4071475e-06
10,991,2.4071475e-06
10,992,2.4071475e-06
10,993,2.4071475e-06
10,994,2.4071475e-06
10,995,2.4071475e-06
10,996,2.4071475e-06
10,997,2.4071475e-06
10,998,2.4071475e-06
10,999,2.4071475e-06
10,1000,2.4071475e-06
11,1,9537526.302232895
11,2,4898165.655136919
11,3,2646994.098085458
11,4,1837524.4829636936
11,5,949015.59532468
11,6,895612.2551769612
11,7,774837.3128037641
11,8,560297.6067826624
11,9,362883.5760497979
11,10,358199.0652777774
11,11,164850.34223351761
11,12,149802.1836101297
11,13,135578.53984131498
11,14,135464.899995989
11,15,123514.91848985446
11,16,103250.31105831744
11,17,93049.24441210959
11,18,69369.5393191152
11,19,36947.75704046091
11,20,31302.067617680616
11,21,23061.79330613125
11,22,21586.530610940117
11,23,20424.156517094736
11,24,20424.156517094736
11,25,15871.037965265696
11,26,13134.472053608795
11,27,10384.098546934129
11,28,9985.688212782878
11,29,9668.664658856665
11,30,9156.816019592694
11,31,9046.397999066354
11,32,8644.017176998575
11,33,7814.050189239288
11,34,7558.2018680703695
11,35,6609.422167087467
11,36,6609.422167087467
11,37,6428.14829846883
11,38,6428.14829846883
11,39,5661.460649142702
11,40,5602.521835858437
11,41,4961.189989618199
11,42,4922.410151513594
11,43,4890.125707257205
11,44,4687.95658144013
11,45,2341.59936801714
11,46,2341.59936801714
11,47,2248.0258372662
11,48,1356.7677574568002
11,49,1356.7677574568002
11,50,1356.7677574568002
11,51,1023.82438874341
11,52,1023.82438874341
11,53,927.5448445775476
11,54,927.5448445775476
11,55,905.1286173527949
11,56,905.1286173527949
11,57,904.02318265549
11,58,879.51794631536
11,59,856.9523710224124
11,60,835.6711938533701
11,61,835.6711933349525
11,62,794.2229467585574
11,63,765.93943659253
11,64,765.9347333570074
11,65,765.9347333570074
11,66,702.116301643115
11,67,702.116301643115
11,68,695.2328806847651
11,69,695.2328806847651
11,70,695.2328806847651
11,71,695.2328806847651
11,72,664.9215692909049
11,73,664.9215692909049
11,74,651.98790748518
11,75,650.2158575232625
11,76,540.487534101215
11,77,540.487534101215
11,78,466.6705538971025
11,79,432.839256419745
11,80,432.839256419745
11,81,432.67668362726755
11,82,429.54408148897
11,83,420.4416092442475
11,84,409.3509055404125
11,85,400.9704972852
11,86,400.79963972515003
11,87,400.6532802582675
11,88,388.071215596735
11,89,369.9193710400325
11,90,361.35434663871
11,91,353.4071163637475
11,92,302.33890647428996
11,93,302.3371418231775
11,94,302.3371418231775
11,95,294.2083822402525
11,96,294.2083822402525
11,97,294.2083822402525
11,98,252.155118003165
11,99,252.14784772138
11,100,232.95463850936
11,101,232.9546385093075
11,102,232.9546385093075
11,103,215.68932695542748
11,104,215.68932695542748
11,105,215.68669290395252
11,106,214.86417558826253
11,107,214.86417558826253
11,108,214.86416865434248
11,109,212.95439245785502
11,110,209.93156736742498
11,111,208.42373597198747
11,112,208.42373597198747
11,113,208.42373597197997
11,114,204.69714195633247
11,115,204.69714195633247
11,116,204.69714195633247
11,117,204.6967609794175
11,118,204.6967609794175
11,119,204.6967609794125
11,120,204.6967609794125
11,121,168.62410975804
11,122,159.0264984652925
11,123,135.56505999064
11,124,134.63249426330998
11,125,134.6324942470325
11,126,128.94961642791
11,127,128.94961622676
11,128,128.94961589678502
11,129,112.3141461299975
11,130,112.31414542701751
11,131,112.3141454118025
11,132,108.036058849555
11,133,96.087848778015
11,134,95.2573998124875
11,135,92.636143217105
11,136,78.4585242181425
11,137,74.016638307545
11,138,73.83623164184
11,139,73.05811018321751
11,140,72.5382615984475
11,141,69.726456189985
11,142,67.7684069201825
11,143,64.77873284768
11,144,64.778732806455
11,145,64.77873276122
11,146,61.368541522274995
11,147,60.902096968912495
11,148,60.9020964478975
11,149,59.9160696170325
11,150,59.91606959936
11,151,59.8734730095175
11,152,59.873472974660004
11,153,59.210621680575
11,154,58.691262391639995
11,155,58.662442311662495
11,156,58.662440185265
11,157,58.6415954797575
11,158,57.9531264840925
11,159,57.652387989725
11,160,56.546661838025
11,161,52.3155747258725
11,162,52.315574725202495
11,163,51.9947325948075
11,164,51.9947325948075
11,165,51.321845680082504
11,166,51.321844922267495
11,167,51.20677177746249
11,168,51.206771775535
11,169,51.20677177128751
11,170,51.2067717694375
11,171,35.318003885985
11,172,34.021127624265
11,173,34.021127621805
11,174,33.9688540120125
11,175,33.968853751462504
11,176,33.96885374869
11,177,31.549351553612503
11,178,31.54935009954
11,179,31.54935009945
11,180,31.54934995496
11,181,31.54934969006
11,182,30.909048335355
11,183,30.202411471662497
11,184,30.202410822672498
11,185,28.30923317653
11,186,28.3092331361925
11,187,28.292029208702502
11,188,28.2920291437875
11,189,27.475471720495
11,190,27.475469589972498
11,191,27.475469566984998
11,192,27.355663158425
11,193,27.34846538469
11,194,27.348465384675002
11,195,27.269207046145
11,196,27.23349253338
11,197,26.29908930738
11,198,26.299089280507502
11,199,26.299089217525
11,200,26.2990892171275
11,201,25.893004235507497
11,202,25.892998268452498
11,203,24.5028391002425
11,204,24.50283785414
11,205,24.502836418679998
11,206,24.130352939495
11,207,23.822114312900002
11,208,23.82211391699
11,209,23.822113916815
11,210,23.800930108905
11,211,23.8009299470975
11,212,23.6032646823775
11,213,23.4341559714075
11,214,23.434155612055
11,215,23.162835045694997
11,216,23.0483860765625
11,217,23.048386050075003
11,218,23.0483860488075
11,219,21.22921071167
11,220,21.229209265272498
11,221,21.2292092384775
11,222,21.1829596358275
11,223,21.1493041617875
11,224,21.1493039947275
11,225,19.4806375708925
11,226,19.2081180864875
11,227,19.20811808542
11,228,19.208117960155
11,229,19.20811776954
11,230,19.116550355147503
11,231,17.5019119732725
11,232,17.501911315435002
11,233,17.5019112968825
11,234,17.5019112501825
11,235,17.501911185965
11,236,17.5019110796425
11,237,15.625531365965
11,238,15.625531061187498
11,239,15.5667726747725
11,240,15.5667725937575
11,241,15.56677250447
11,242,15.456211642092502
11,243,14.734778270897499
11,244,14.7347777317075
11,245,14.7347777315675
11,246,14.7347776870225
11,247,14.73477762299
11,248,14.7347775623275
11,249,14.362820139522501
11,250,14.362819924522501
11,251,14.3628199244075
11,252,14.362819814687501
11,253,14.3628196861
11,254,14.36281950227
11,255,14.2083446462625
11,256,14.1299192196625
11,257,14.129919219012498
11,258,14.129916320942499
11,259,14.129916255447501
11,260,14.129915814055
11,261,14.079312380000001
11,262,14.0793119500475
11,263,14.079311949635002
11,264,14.0793119093775
11,265,14.07931186388
11,266,14.079311791070001
11,267,14.0323306514025
11,268,14.0323305771675
11,269,14.032098138935002
11,270,14.0107166431575
11,271,14.01071662643
11,272,14.01071660499
11,273,14.006001309647502
11,274,14.006001137000002
11,275,13.4058412926475
11,276,13.4058411394
11,277,13.405841130062502
11,278,13.4058411119125
11,279,13.3903592740025
11,280,13.281052175147499
11,281,12.543423194625001
11,282,12.5434231336575
11,283,12.5434231237725
11,284,12.5319761842775
11,285,12.516577878780001
11,286,12.5165778178675
11,287,11.876871717455
11,288,11.876871654205
11,289,11.876871643255
11,290,11.876871616765
11,291,11.873420942714999
11,292,11.873420896415
11,293,10.6018618322825
11,294,10.6018615226875
11,295,10.6018615154825
11,296,10.60186148745
11,297,10.568745708905
11,298,10.56874567787
11,299,9.354419512049999
11,300,9.354419291807499
11,301,9.35441928085
11,302,9.317160924060001
11,303,9.314396148510001
11,304,9.3143961020175
11,305,8.0085977533125
11,306,8.008596904285
11,307,8.0085968899125
11,308,8.0085968123625
11,309,7.9628468116875
11,310,7.9628466591225004
11,311,6.811186673100001
11,312,6.811186223045
11,313,6.811186213385
11,314,6.811186212370001
11,315,6.809872973967501
11,316,6.809872973245
11,317,6.06189444449
11,318,6.0618941165875
11,319,6.0618941165825
11,320,6.0618941083025
11,321,6.0614173066175
11,322,6.0614173032725
11,323,5.4950000801325
11,324,5.4949997558575
11,325,5.4949997546925
11,326,5.494999707665
11,327,5.4949706297950005
11,328,5.494970556245
11,329,5.1263274980475
11,330,5.1263274225825
11,331,5.126327418695
11,332,5.126327388275
11,333,5.12631738878
11,334,5.1263173169875005
11,335,4.6985183016875
11,336,4.698518258585
11,337,4.69851825461
11,338,4.698518224184999
11,339,4.6985139280175
11,340,4.6985138590375
11,341,4.028192199475
11,342,4.0281920227825
11,343,4.0281920195300005
11,344,4.0281920044225
11,345,4.02818993821
11,346,4.0281899005924995
11,347,3.231783409955
11,348,3.2317834055574997
11,349,3.2317834005925
11,350,3.2317833737424997
11,351,3.23178246568
11,352,3.23178240956
11,353,2.36834780191
11,354,2.3683475497
11,355,2.3683475468425
11,356,2.36834751043
11,357,2.36834697733
11,358,2.36834692554
11,359,1.98978815721
11,360,1.9897881244325
11,361,1.9897881214125
11,362,1.9897880953624998
11,363,1.989787883935
11,364,1.9897878364075001
11,365,1.9193352833575001
11,366,1.9193352111400004
11,367,1.9193352103774999
11,368,1.91933520095
11,369,1.91592598724
11,370,1.9159259715724999
11,371,1.8492953262724998
11,372,1.8492952195775
11,373,1.849295215615
11,374,1.8492952139924999
11,375,1.8492951863075
11,376,1.844379119105
11,377,1.7530947645150001
11,378,1.75029044985
11,379,1.7502904464825
11,380,1.7502904446800003
11,381,1.7502904158775
11,382,1.750290412425
11,383,1.6777073819925001
11,384,1.67770727565
11,385,1.6777072732525
11,386,1.6777072699175002
11,387,1.6777072363975
11,388,1.6777072330925002
11,389,1.494555066805
11,390,1.4945549318525
11,391,1.4945549318275
11,392,1.494554920165
11,393,1.4945548847074999
11,394,1.4945548718875
11,395,1.3654976876875
11,396,1.355080561375
11,397,1.3550805612625
11,398,1.3550805426349999
11,399,1.3550804920975001
11,400,1.355080476195
11,401,0.9394851145299998
11,402,0.9394850698700001
11,403,0.939485068945
11,404,0.9394850594900002
11,405,0.9394850371025001
11,406,0.9394850222150002
11,407,0.902338272275
11,408,0.9023382448300001
11,409,0.9023382439775002
11,410,0.9023382427450001
11,411,0.9023382389475001
11,412,0.9023382387800002
11,413,0.5917620671075
11,414,0.5917617856199999
11,415,0.5917617835075
11,416,0.5917617822425
11,417,0.5917617769625
11,418,0.5917617769375
11,419,0.5123746461850001
11,420,0.512374421415
11,421,0.5123744197525
11,422,0.51237441883
11,423,0.5123744161925
11,424,0.51237441587
11,425,0.4469091951525
11,426,0.44690896377
11,427,0.44690896318749995
11,428,0.4469089622325
11,429,0.4469089603175
11,430,0.44690895995249996
11,431,0.332345145045
11,432,0.3323451037075
11,433,0.3323451020025
11,434,0.33234508251
11,435,0.332345055445
11,436,0.3323450213075
11,437,0.19739262614
11,438,0.19739261298
11,439,0.19739261130500002
11,440,0.1973925513725
11,441,0.1973924847775
11,442,0.1973923744725
11,443,0.14822945435499998
11,444,0.14822937481999998
11,445,0.14822937239999998
11,446,0.14822924668999998
11,447,0.1482291082925
11,448,0.148228885905
11,449,0.09201657580500001
11,450,0.092016530205
11,451,0.0920165296775
11,452,0.09201645246750001
11,453,0.0920163547225
11,454,0.0920162176225
11,455,0.062251559925
11,456,0.06225133195
11,457,0.062251329265
11,458,0.0622513274125
11,459,0.06225127578499999
11,460,0.062251272479999994
11,461,0.04930835204
11,462,0.04930828585500001
11,463,0.04930828249000001
11,464,0.049308280405
11,465,0.049308276095000006
11,466,0.049308272624999996
11,467,0.04162961916
11,468,0.041629577679999995
11,469,0.04162957687
11,470,0.0416295746125
11,471,0.041629547759999996
11,472,0.041629545015
11,473,0.0297435739375
11,474,0.029743533715
11,475,0.0297435294625
11,476,0.029743510485000003
11,477,0.0297434879475
11,478,0.029743457839999998
11,479,0.0207951327425
11,480,0.0207951295025
11,481,0.02079512937
11,482,0.0207951070275
11,483,0.02079508287
11,484,0.0207950419975
11,485,0.01805540672
11,486,0.0180553886025
11,487,0.018055382115
11,488,0.0180553654825
11,489,0.018055345504999997
11,490,0.01805531714
11,491,0.013438122205
11,492,0.013438097985
11,493,0.013438092535000001
11,494,0.01343809145
11,495,0.0134380878675
11,496,0.0134380878675
11,497,0.010968923825
11,498,0.0109689051175
11,499,0.0109689005675
11,500,0.0109688964375
11,501,0.0109688877625
11,502,0.010968882215
11,503,0.00826849159
11,504,0.008268433725
11,505,0.0082684301725
11,506,0.0082684231875
11,507,0.008268405295
11,508,0.00826839926
11,509,0.00666978953
11,510,0.0066697869075
11,511,0.006669784989999999
11,512,0.006669784907499999
11,513,0.006669784717499999
11,514,0.0066697846775
11,515,0.0055799694274999995
11,516,0.0055799559249999995
11,517,0.005579954947499999
11,518,0.005579954265
11,519,0.00557995149
11,520,0.00557995142
11,521,0.00448282453
11,522,0.0044827618075
11,523,0.004482761720000001
11,524,0.004482756355
11,525,0.0044827446075
11,526,0.0044827416375
11,527,0.0041353198525
11,528,0.0041352887174999995
11,529,0.004135288662499999
11,530,0.00413528623
11,531,0.0041352802075
11,532,0.0041352788125
11,533,0.0037103690874999997
11,534,0.0037103592625
11,535,0.0037103592250000003
11,536,0.0037103587
11,537,0.0037103569625
11,538,0.0037103566775
11,539,0.002789479545
11,540,0.0027894758725
11,541,0.0027894749625
11,542,0.0027894747925
11,543,0.0027894743725
11,544,0.0027894743725
11,545,0.00278487577
11,546,0.00278486925
11,547,0.00278486924
11,548,0.0027848688949999997
11,549,0.0027848680525000002
11,550,0.0027848680525000002
11,551,0.0020390779725
11,552,0.0020390765300000004
11,553,0.0020390749
11,554,0.0020390749
11,555,0.0020390749
11,556,0.0020390749
11,557,0.00169181428
11,558,0.001691811465
11,559,0.0016918099124999999
11,560,0.00169180978
11,561,0.0016918094725
11,562,0.0016918094725
11,563,0.0010901036775000001
11,564,0.0010901016675
11,565,0.001090100435
11,566,0.0010901001274999998
11,567,0.0010900997025
11,568,0.0010900993025
11,569,0.0006129003275
11,570,0.00061288308
11,571,0.0006128830349999999
11,572,0.000612881855
11,573,0.00061287897
11,574,0.000612878595
11,575,0.0004810631075
11,576,0.0004810538825
11,577,0.00048105385249999996
11,578,0.0004810531475
11,579,0.000481051555
11,580,0.00048105128749999996
11,581,0.0004105536575
11,582,0.00041053377750000007
11,583,0.00041053377750000007
11,584,0.0004105322275
11,585,0.00041052889000000003
11,586,0.0004105283125
11,587,0.00040995721000000005
11,588,0.00040995672
11,589,0.00040995672
11,590,0.0004099566075
11,591,0.00040995645749999996
11,592,0.00040995631250000006
11,593,0.000361970955
11,594,0.0003619667075
11,595,0.000361966705
11,596,0.00036196644
11,597,0.00036196580750000003
11,598,0.00036196580750000003
11,599,0.00036014589
11,600,0.000360144425
11,601,0.0003601444075
11,602,0.00036014433000000005
11,603,0.00036014416
11,604,0.00036014416
11,605,0.0003591000375
11,606,0.0003590989025
11,607,0.0003590988975
11,608,0.0003590988375
11,609,0.000359098705
11,610,0.000359098705
11,611,0.000358605485
11,612,0.00035860466750000004
11,613,0.00035860466750000004
11,614,0.000358604625
11,615,0.0003586045
11,616,0.0003586045
11,617,0.00035832767750000003
11,618,0.000358325985
11,619,0.000358325985
11,620,0.0003583258775
11,621,0.00035832563
11,622,0.00035832563
11,623,0.000357081495
11,624,0.00035707891249999997
11,625,0.00035707891249999997
11,626,0.0003570787675
11,627,0.00035707840750000004
11,628,0.00035707840750000004
11,629,0.00035407454
11,630,0.00035407418250000004
11,631,0.00035407418250000004
11,632,0.0003540741475
11,633,0.00035407406000000004
11,634,0.00035407399500000003
11,635,0.00034941433
11,636,0.00034941387
11,637,0.00034941387
11,638,0.00034941363749999997
11,639,0.000349413355
11,640,0.00034941295750000003
11,641,0.0003481061875
11,642,0.00034810572
11,643,0.0003481057025
11,644,0.0003481056125
11,645,0.0003481054675
11,646,0.00034810534
11,647,0.0003467032875
11,648,0.0003467027975
11,649,0.00034670276250000005
11,650,0.00034670271250000003
11,651,0.000346702615
11,652,0.000346702575
11,653,0.00034551140249999997
11,654,0.0003455107675
11,655,0.0003455107675
11,656,0.00034551073250000004
11,657,0.00034551065
11,658,0.00034551065
11,659,0.00034284725500000003
11,660,0.00034284627
11,661,0.0003428462275
11,662,0.0003428462275
11,663,0.00034284622250000004
11,664,0.00034284622250000004
11,665,0.000342351075
11,666,0.00034235019500000003
11,667,0.0003423501925
11,668,0.0003423501925
11,669,0.00034235019
11,670,0.00034235019
11,671,0.00034136733500000004
11,672,0.0003413670775
11,673,0.0003413670575
11,674,0.000341367055
11,675,0.00034136705000000004
11,676,0.00034136705000000004
11,677,0.0003390277725
11,678,0.00033902515
11,679,0.0003390251225
11,680,0.000339024815
11,681,0.00033902447
11,682,0.0003390239175
11,683,0.0003376757925
11,684,0.000337675685
11,685,0.000337675665
11,686,0.00033767552
11,687,0.00033767536
11,688,0.0003376750925
11,689,0.0003358773275
11,690,0.000335876485
11,691,0.000335876485
11,692,0.0003358764725
11,693,0.000335876445
11,694,0.000335876445
11,695,0.0003356730675
11,696,0.0003356714825
11,697,0.0003356714825
11,698,0.00033567146
11,699,0.00033567141500000003
11,700,0.00033567141500000003
11,701,0.0003350583775
11,702,0.00033505617500000003
11,703,0.00033505617500000003
11,704,0.00033505613250000004
11,705,0.0003350560375
11,706,0.0003350560375
11,707,0.00033505388
11,708,0.00033505354
11,709,0.00033505354
11,710,0.0003350535175
11,711,0.0003350534675
11,712,0.0003350534675
11,713,0.000335039915
11,714,0.0003350393775
11,715,0.0003350393775
11,716,0.0003350393425
11,717,0.00033503926
11,718,0.00033503926
11,719,0.0003343473975
11,720,0.000334346
11,721,0.000334346
11,722,0.0003343459675
11,723,0.000334345895
11,724,0.000334345895
11,725,0.00033432931
11,726,0.000334329215
11,727,0.000334329215
11,728,0.0003343292075
11,729,0.000334329195
11,730,0.000334329195
11,731,0.00033348263
11,732,0.0003334756525
11,733,0.0003334756525
11,734,0.00033347564750000003
11,735,0.00033347564
11,736,0.00033347564
11,737,0.000333470935
11,738,0.000333470935
11,739,0.00033347093
11,740,0.00033347093
11,741,0.00033347093
11,742,0.00033347093
11,743,0.00033341104
11,744,0.000333405735
11,745,0.000333405735
11,746,0.000333405735
11,747,0.000333405735
11,748,0.000333405735
11,749,0.000333399825
11,750,0.000333399755
11,751,0.000333399755
11,752,0.00033339975
11,753,0.00033339973750000005
11,754,0.00033339973750000005
11,755,0.0003333993625
11,756,0.0003333993625
11,757,0.00033339936000000004
11,758,0.00033339936000000004
11,759,0.00033339936000000004
11,760,0.00033339936000000004
11,761,0.000333399355
11,762,0.00033339934750000003
11,763,0.00033339934750000003
11,764,0.00033339934750000003
11,765,0.000333399345
11,766,0.000333399345
11,767,0.00033339842
11,768,0.000333398305
11,769,0.0003333983025
11,770,0.000333398295
11,771,0.00033339828
11,772,0.00033339828
11,773,0.0003333982125
11,774,0.00033339821
11,775,0.00033339821
11,776,0.00033339821
11,777,0.00033339820750000003
11,778,0.00033339820750000003
11,779,0.00033339778
11,780,0.000333397685
11,781,0.000333397685
11,782,0.00033339768
11,783,0.0003333976675
11,784,0.0003333976675
11,785,0.0003333973325
11,786,0.0003333973075
11,787,0.0003333973075
11,788,0.000333397305
11,789,0.0003333973025
11,790,0.0003333973025
11,791,0.00033339649999999997
11,792,0.00033339648500000003
11,793,0.00033339648250000004
11,794,0.00033339648
11,795,0.000333396475
11,796,0.000333396475
11,797,0.00033339445
11,798,0.0003333944325
11,799,0.00033339443
11,800,0.000333394425
11,801,0.00033339442000000004
11,802,0.00033339442000000004
11,803,0.0003333933225
11,804,0.0003333933225
11,805,0.0003333933225
11,806,0.0003333933225
11,807,0.0003333933225
11,808,0.0003333933225
11,809,0.000333391865
11,810,0.000333391865
11,811,0.0003333918625
11,812,0.0003333918625
11,813,0.0003333918625
11,814,0.0003333918625
11,815,0.0003333918625
11,816,0.0003333918625
11,817,0.0003333918625
11,818,0.0003333918625
11,819,0.0003333918625
11,820,0.0003333918625
11,821,0.0003333914825
11,822,0.0003333914825
11,823,0.00033339148
11,824,0.00033339148
11,825,0.00033339148
11,826,0.00033339148
11,827,0.00033339148
11,828,0.00033339148
11,829,0.00033339148
11,830,0.00033339148
11,831,0.00033339148
11,832,0.00033339148
11,833,0.00033339148
11,834,0.00033339148
11,835,0.00033339148
11,836,0.00033339148
11,837,0.00033339148
11,838,0.00033339148
11,839,0.00033339148
11,840,0.00033339148
11,841,0.00033339148
11,842,0.00033339148
11,843,0.00033339148
11,844,0.00033339148
11,845,0.00033339148
11,846,0.00033339148
11,847,0.00033339148
11,848,0.00033339148
11,849,0.00033339148
11,850,0.00033339148
11,851,0.00033339148
11,852,0.00033339148
11,853,0.00033339148
11,854,0.00033339148
11,855,0.00033339148
11,856,0.00033339148
11,857,0.00033339148
11,858,0.00033339148
11,859,0.00033339148
11,860,0.00033339148
11,861,0.00033339148
11,862,0.00033339148
11,863,0.00033339148
11,864,0.00033339148
11,865,0.00033339148
11,866,0.00033339148
11,867,0.00033339148
11,868,0.00033339148
11,869,0.00033339148
11,870,0.00033339148
11,871,0.00033339148
11,872,0.00033339148
11,873,0.00033339148
11,874,0.00033339148
11,875,0.00033339148
11,876,0.00033339148
11,877,0.00033339148
11,878,0.00033339148
11,879,0.00033339148
11,880,0.00033339148
11,881,0.00033339148
11,882,0.00033339148
11,883,0.00033339148
11,884,0.00033339148
11,885,0.00033339148
11,886,0.00033339148
11,887,0.00033339148
11,888,0.00033339148
11,889,0.00033339148
11,890,0.00033339148
11,891,0.00033339148
11,892,0.00033339148
11,893,0.00033339148
11,894,0.00033339148
11,895,0.00033339148
11,896,0.00033339148
11,897,0.00033339148
11,898,0.00033339148
11,899,0.00033339148
11,900,0.00033339148
11,901,0.00033339148
11,902,0.00033339148
11,903,0.00033339148
11,904,0.00033339148
11,905,0.00033339148
11,906,0.00033339148
11,907,0.00033339148
11,908,0.00033339148
11,909,0.00033339148
11,910,0.00033339148
11,911,0.00033339148
11,912,0.00033339148
11,913,0.00033339148
11,914,0.00033339148
11,915,0.00033339148
11,916,0.00033339148
11,917,0.00033339148
11,918,0.00033339148
11,919,0.00033339148
11,920,0.00033339148
11,921,0.00033339148
11,922,0.00033339148
11,923,0.00033339148
11,924,0.00033339148
11,925,0.00033339148
11,926,0.00033339148
11,927,0.00033339148
11,928,0.00033339148
11,929,0.00033339148
11,930,0.00033339148
11,931,0.00033339148
11,932,0.00033339148
11,933,0.00033339148
11,934,0.00033339148
11,935,0.00033339148
11,936,0.00033339148
11,937,0.00033339148
11,938,0.00033339148
11,939,0.00033339148
11,940,0.00033339148
11,941,0.00033339148
11,942,0.00033339148
11,943,0.00033339148
11,944,0.00033339148
11,945,0.00033339148
11,946,0.00033339148
11,947,0.00033339148
11,948,0.00033339148
11,949,0.00033339148
11,950,0.00033339148
11,951,0.00033339148
11,952,0.00033339148
11,953,0.00033339148
11,954,0.00033339148
11,955,0.00033339148
11,956,0.00033339148
11,957,0.00033339148
11,958,0.00033339148
11,959,0.00033339148
11,960,0.00033339148
11,961,0.00033339148
11,962,0.00033339148
11,963,0.00033339148
11,964,0.00033339148
11,965,0.00033339148
11,966,0.00033339148
11,967,0.00033339148
11,968,0.00033339148
11,969,0.00033339148
11,970,0.00033339148
11,971,0.00033339148
11,972,0.00033339148
11,973,0.00033339148
11,974,0.00033339148
11,975,0.00033339148
11,976,0.00033339148
11,977,0.00033339148
11,978,0.00033339148
11,979,0.00033339148
11,980,0.00033339148
11,981,0.00033339148
11,982,0.00033339148
11,983,0.00033339148
11,984,0.00033339148
11,985,0.00033339148
11,986,0.00033339148
11,987,0.00033339148
11,988,0.00033339148
11,989,0.00033339148
11,990,0.00033339148
11,991,0.00033339148
11,992,0.00033339148
11,993,0.00033339148
11,994,0.00033339148
11,995,0.00033339148
11,996,0.00033339148
11,997,0.00033339148
11,998,0.00033339148
11,999,0.00033339148
11,1000,0.00033339148
12,1,4072417301.5302453
12,2,461467075.20224416
12,3,391249991.5485875
12,4,115102257.50283603
12,5,86875030.8046582
12,6,67575808.30832514
12,7,60956032.966315925
12,8,53936761.85479138
12,9,42899851.43512766
12,10,41203377.30200199
12,11,35077232.957810976
12,12,30325295.95265478
12,13,27703902.47519958
12,14,22083536.33461002
12,15,19727809.44378392
12,16,18440148.18243234
12,17,16140628.173372915
12,18,14403040.649515107
12,19,13066702.780189076
12,20,12259578.372312084
12,21,12234511.04548648
12,22,11345650.447684823
12,23,9275735.263475573
12,24,8675149.59213571
12,25,7948849.314778251
12,26,7818220.109533822
12,27,7041334.631849472
12,28,6759439.285619669
12,29,6600532.809127206
12,30,6318925.9132938525
12,31,6109749.93661459
12,32,6016311.168666611
12,33,5171909.518349305
12,34,4598616.89482055
12,35,4553257.176195966
12,36,4276621.985770176
12,37,4096778.774339421
12,38,3833760.39909372
12,39,3804842.4120654613
12,40,3789559.683234693
12,41,3492707.5899010347
12,42,3289552.3947844147
12,43,3087776.754013025
12,44,2774079.718701346
12,45,2592000.891871228
12,46,2494657.315318996
12,47,2466742.3210288575
12,48,2381079.034017256
12,49,2335013.1670652744
12,50,2316896.3586562765
12,51,2234691.5168891368
12,52,2222447.7700528293
12,53,2102213.2128234887
12,54,2000411.009672942
12,55,1943112.519573658
12,56,1851641.1447231472
12,57,1851641.1447231472
12,58,1796928.2994988137
12,59,1699184.7583983908
12,60,1699184.757513628
12,61,1647639.1021828393
12,62,1647639.1020478723
12,63,1140235.19696334
12,64,1112445.3798675467
12,65,1083384.8258080177
12,66,1030170.7341043258
12,67,1003151.7815030187
12,68,987690.7075207407
12,69,874666.5902054254
12,70,833966.1881490243
12,71,823546.6891483525
12,72,808117.6959163775
12,73,808117.6959163775
12,74,801774.1900238295
12,75,769828.1885104047
12,76,753991.6818668043
12,77,731517.7357709066
12,78,718271.9238227482
12,79,702634.6034630045
12,80,683261.7154522442
12,81,620915.7700314075
12,82,595416.8435715898
12,83,585438.31378418
12,84,542878.9963927355
12,85,542878.9963927355
12,86,494021.70109484147
12,87,475064.83207556495
12,88,467533.0814691136
12,89,412964.13407384936
12,90,396787.4014281299
12,91,391711.7372557197
12,92,384852.31286452163
12,93,376188.00428475696
12,94,376188.00402395485
12,95,370255.54898523504
12,96,367823.73549361783
12,97,357758.59674390143
12,98,350876.30664310174
12,99,350832.04253484035
12,100,350794.91185275384
12,101,324123.1547581757
12,102,324123.15447352995
12,103,321945.2166704867
12,104,318269.6158418377
12,105,295931.461249033
12,106,277306.45084224676
12,107,275540.6898282677
12,108,261518.76101725068
12,109,257507.06686039682
12,110,254415.60769122094
12,111,224961.25515496236
12,112,224961.25386421266
12,113,224471.71005232516
12,114,224471.70971255045
12,115,224471.70953212306
12,116,224471.70940743078
12,117,184232.31018651443
12,118,184232.30921424326
12,119,179364.63115143328
12,120,179364.6307290663
12,121,172040.11143446047
12,122,164629.2362193578
12,123,158802.8761171043
12,124,156074.7516888164
12,125,148043.12597104104
12,126,140810.46475263254
12,127,139760.3711309684
12,128,139760.3709999314
12,129,131124.1394769691
12,130,131124.13887790855
12,131,131124.1386101582
12,132,129017.3014207866
12,133,128442.29414917468
12,134,128442.29414150165
12,135,121835.54277576141
12,136,121298.48236082666
12,137,119939.83421163152
12,138,94883.07747812894
12,139,94744.96024702354
12,140,92560.80352247384
12,141,82519.66558082108
12,142,80263.94584804261
12,143,80263.94559968649
12,144,79986.91541045994
12,145,79915.98814519383
12,146,78652.2393978129
12,147,68326.70251362417
12,148,67608.30777313666
12,149,66606.91257862946
12,150,65193.656897604626
12,151,65193.6568886717
12,152,62074.98502234173
12,153,49285.15616511882
12,154,49285.155558317274
12,155,49285.15507789693
12,156,49285.154929067314
12,157,49285.15481819367
12,158,49285.154482682025
12,159,49145.4785618727
12,160,47677.22951800272
12,161,46851.403907417494
12,162,46851.403841869076
12,163,46851.40383106936
12,164,46851.40374984499
12,165,22055.79608491439
12,166,22055.795577271347
12,167,22055.795456532123
12,168,22055.79534524932
12,169,22055.795195513638
12,170,21544.75914918162
12,171,18519.04243816613
12,172,18519.042150469042
12,173,18519.04214254712
12,174,18519.04213353592
12,175,18519.042124735824
12,176,18519.042124735613
12,177,12880.706261400941
12,178,12013.503014048305
12,179,12013.50300116433
12,180,12013.502944242857
12,181,12013.50290901182
12,182,10764.415921416132
12,183,8556.416417527646
12,184,8556.416240068107
12,185,8556.41621481645
12,186,8556.41619112713
12,187,8556.416181217985
12,188,7754.181426812453
12,189,5252.427349291758
12,190,5149.04254883665
12,191,4510.037288142865
12,192,4510.037230898062
12,193,4510.037214083088
12,194,4510.037118196377
12,195,3925.18729780402
12,196,3925.1872571696395
12,197,3800.086746090533
12,198,3800.0867334139825
12,199,3800.086730464385
12,200,3800.0867304608173
12,201,3540.434913047743
12,202,3540.4348717302128
12,203,3540.43484911938
12,204,3540.434588779325
12,205,3540.4345735317947
12,206,3540.43449171869
12,207,3266.1752080676524
12,208,3266.175205130195
12,209,3266.1752047079126
12,210,3266.1751674284824
12,211,3266.1751491764103
12,212,3266.1750857710927
12,213,753.2959084445749
12,214,753.2958723161601
12,215,753.29583176553
12,216,753.295807046705
12,217,753.29578160354
12,218,753.2957394407025
12,219,445.0997915613975
12,220,445.09978156030246
12,221,445.0997756916475
12,222,445.09974662479743
12,223,445.0997309219475
12,224,445.0997304910925
12,225,120.436064415505
12,226,120.4360561413675
12,227,120.43604990325
12,228,120.436022915775
12,229,120.43600565279
12,230,120.43600507777501
12,231,95.146713413815
12,232,95.14671325373249
12,233,95.1467126302275
12,234,95.146698385355
12,235,95.146692248645
12,236,95.14669211601999
12,237,46.7316622128725
12,238,46.7316594741425
12,239,46.731659283382506
12,240,46.73164650347
12,241,46.731638648532495
12,242,46.7316381012225
12,243,22.63580781291
12,244,22.6358068523475
12,245,22.6358065086675
12,246,22.6358018015875
12,247,22.6357975001725
12,248,22.6357973413975
12,249,17.09978508218
12,250,17.099783838555
12,251,17.099782413245002
12,252,17.0997820288625
12,253,17.099779599505
12,254,17.0997791713
12,255,15.5219806188375
12,256,15.521979220650001
12,257,15.5219780372075
12,258,15.5219740215525
12,259,15.521969415777502
12,260,15.5219691275875
12,261,14.670698110715
12,262,14.670697195939999
12,263,14.670696428862499
12,264,14.670692272610001
12,265,14.6706884029925
12,266,14.67068834982
12,267,13.8288534395125
12,268,13.8288522194275
12,269,13.828852100514998
12,270,13.8288480451775
12,271,13.828844266840003
12,272,13.8288442573925
12,273,13.749321631954999
12,274,13.749320201202499
12,275,13.749320154622499
12,276,13.7493159822925
12,277,13.74931213522
12,278,13.74931212411
12,279,9.587923914042502
12,280,9.58792239318
12,281,9.5879223893925
12,282,9.5879184126925
12,283,9.5879154817325
12,284,9.5879154817325
12,285,3.54526459024
12,286,3.5452631497075004
12,287,3.54526310389
12,288,3.5452602863225
12,289,3.5452593600325004
12,290,3.5452593543725
12,291,2.315941814095
12,292,2.3159386465775
12,293,2.3159382433199998
12,294,2.31593782147
12,295,2.3159370979175002
12,296,2.3159370979175002
12,297,1.99940641323
12,298,1.9994046035275002
12,299,1.99940456633
12,300,1.9994041627450003
12,301,1.9994034089475001
12,302,1.9994034034700001
12,303,1.9161420177675001
12,304,1.9161404256924999
12,305,1.9161403027675
12,306,1.916140115235
12,307,1.9161397272574998
12,308,1.91613965021
12,309,1.8531905465249998
12,310,1.85318893124
12,311,1.853188888485
12,312,1.8531887877325002
12,313,1.8531883566025003
12,314,1.8531883460574998
12,315,1.7731422295350001
12,316,1.7731413066175001
12,317,1.773141209185
12,318,1.773140949085
12,319,1.7731402189524998
12,320,1.7731402087675001
12,321,1.697073299225
12,322,1.6970729194124998
12,323,1.6970728569200002
12,324,1.6970723667525
12,325,1.6970719123825
12,326,1.6970718999199998
12,327,1.6402709123324999
12,328,1.64027072755
12,329,1.640270550025
12,330,1.64027019832
12,331,1.640269890355
12,332,1.6402698810500003
12,333,1.5977079460175
12,334,1.5977076687024998
12,335,1.5977074773175
12,336,1.59770705801
12,337,1.5977068208025
12,338,1.5977066598825
12,339,1.5407402521575
12,340,1.540740015005
12,341,1.540739992115
12,342,1.5407394815050002
12,343,1.540739250335
12,344,1.54073924602
12,345,1.496724052145
12,346,1.49672345639
12,347,1.49672343446
12,348,1.496723087825
12,349,1.49672276566
12,350,1.4967227556874998
12,351,1.4491223774275
12,352,1.4491215963675
12,353,1.449121573595
12,354,1.449121341115
12,355,1.4491210616524999
12,356,1.449121051955
12,357,1.3904867997049999
12,358,1.390486023605
12,359,1.390485969185
12,360,1.3904857624825
12,361,1.39048551989
12,362,1.3904854936525
12,363,1.32692216044
12,364,1.3269214934425
12,365,1.32692139606
12,366,1.3269212216650002
12,367,1.3269209905525001
12,368,1.3269209766999999
12,369,1.29603130411
12,370,1.2960311279775
12,371,1.2960307607225
12,372,1.296030633315
12,373,1.2960304384075
12,374,1.2960303877125
12,375,1.251224998935
12,376,1.251224398765
12,377,1.2512242493075
12,378,1.2512242139575
12,379,1.2512239663
12,380,1.251223964485
12,381,1.19544077746
12,382,1.1954405262025
12,383,1.19544046188
12,384,1.195440308685
12,385,1.1954399615175002
12,386,1.1954399520099999
12,387,1.1514907251525002
12,388,1.1514906251124999
12,389,1.1514905502225
12,390,1.151490426655
12,391,1.1514901045225001
12,392,1.15149009835
12,393,1.13156034942
12,394,1.1315602335
12,395,1.1315602090799999
12,396,1.1315600692775
12,397,1.131559816425
12,398,1.1315598060125
12,399,1.09881822003
12,400,1.09881812493
12,401,1.0988180358875002
12,402,1.0988177954475
12,403,1.098817323565
12,404,1.0988172821800002
12,405,1.0672399347975001
12,406,1.067239807825
12,407,1.0672397806725
12,408,1.0672393889624998
12,409,1.06723886273
12,410,1.0672388396025
12,411,1.02816222524
12,412,1.0281620599274999
12,413,1.0281620368225002
12,414,1.0281616013600001
12,415,1.0281612044375001
12,416,1.0281612023225
12,417,0.97962799016
12,418,0.9796277892924999
12,419,0.9796277590175
12,420,0.9796274414099999
12,421,0.97962731738
12,422,0.9796272700224999
12,423,0.9479515459275
12,424,0.9479510961
12,425,0.9479510860274999
12,426,0.9479510228324999
12,427,0.9479509383575
12,428,0.9479509375674999
12,429,0.92227540909
12,430,0.9222750959275
12,431,0.922275002605
12,432,0.9222748234799999
12,433,0.92227477877
12,434,0.92227477492
12,435,0.904407151935
12,436,0.9044066576124999
12,437,0.9044066242675001
12,438,0.90440647394
12,439,0.90440639243
12,440,0.9044063908275
12,441,0.8719601363
12,442,0.8719596713375
12,443,0.871959661765
12,444,0.8719594354125
12,445,0.871959328965
12,446,0.87195932811
12,447,0.8393985634449999
12,448,0.83939835359
12,449,0.8393983084875
12,450,0.8393981644825
12,451,0.839398022685
12,452,0.8393980193824999
12,453,0.8207831127575
12,454,0.8207829436424999
12,455,0.820782905405
12,456,0.8207827831175001
12,457,0.8207827009224999
12,458,0.8207826958225001
12,459,0.8043408517075001
12,460,0.8043406326875001
12,461,0.804340587595
12,462,0.8043404581000001
12,463,0.804340314035
12,464,0.8043403125175
12,465,0.77689861479
12,466,0.776898398245
12,467,0.7768983734275
12,468,0.7768982164675
12,469,0.776897814835
12,470,0.7768978122225001
12,471,0.7391433976325
12,472,0.7391432196200001
12,473,0.739143180425
12,474,0.739143007645
12,475,0.739142697595
12,476,0.7391426787475
12,477,0.704900903435
12,478,0.7049007710275
12,479,0.7049007548425
12,480,0.7049004808175
12,481,0.7049001793325
12,482,0.7049001751675
12,483,0.6827540412800001
12,484,0.6827539968
12,485,0.6827539526999999
12,486,0.6827538162775
12,487,0.68275348834
12,488,0.6827534734975
12,489,0.6637609720575
12,490,0.6637608444075
12,491,0.663760806495
12,492,0.6637606046975001
12,493,0.6637602031500001
12,494,0.6637601981375
12,495,0.651056949195
12,496,0.651056895515
12,497,0.6510568798625
12,498,0.6510567007525
12,499,0.65105644485
12,500,0.6510564419575
12,501,0.6258734644275
12,502,0.6258733238849999
12,503,0.6258733165274999
12,504,0.6258730969924999
12,505,0.62587282716
12,506,0.6258728268725
12,507,0.597292288515
12,508,0.5972919903375
12,509,0.5972919720650001
12,510,0.5972918143925
12,511,0.5972917429575
12,512,0.5972917399775
12,513,0.5701483286175
12,514,0.5701480269875001
12,515,0.5701480056725
12,516,0.5701478590875
12,517,0.5701478010750001
12,518,0.5701477995024999
12,519,0.5520175231150001
12,520,0.5520171032750001
12,521,0.5520170654450001
12,522,0.5520170287025
12,523,0.5520170105425001
12,524,0.5520169784825
12,525,0.533616227425
12,526,0.5336161155875
12,527,0.5336161016250001
12,528,0.5336159751075
12,529,0.5336159073475001
12,530,0.5336159065325
12,531,0.5220854956625
12,532,0.522085287005
12,533,0.5220852762050001
12,534,0.5220851380075
12,535,0.5220850107925
12,536,0.5220850092325
12,537,0.500951481805
12,538,0.5009512990875
12,539,0.5009512788525
12,540,0.5009511571974999
12,541,0.5009510034375
12,542,0.5009509898825
12,543,0.48930925205750003
12,544,0.489309163115
12,545,0.4893091555124999
12,546,0.48930905322999996
12,547,0.4893087974325
12,548,0.48930879620749995
12,549,0.47542131001999993
12,550,0.47542121831
12,551,0.47542119196500005
12,552,0.47542104437249993
12,553,0.47542067097750007
12,554,0.4754206663175
12,555,0.45630826965499993
12,556,0.45630811949999994
12,557,0.4563081002775
12,558,0.4563079536675
12,559,0.456307680505
12,560,0.4563076793325
12,561,0.4338534246475
12,562,0.43385329153
12,563,0.43385325532249996
12,564,0.43385316598749996
12,565,0.4338529740225
12,566,0.43385296567
12,567,0.42553700901499997
12,568,0.42553696703999994
12,569,0.42553695175999995
12,570,0.42553692701
12,571,0.4255368639775
12,572,0.42553686162000004
12,573,0.4134488979975
12,574,0.4134487928425
12,575,0.41344878442
12,576,0.41344863261500003
12,577,0.41344846864999996
12,578,0.41344846576749994
12,579,0.4024668010025
12,580,0.4024667813825
12,581,0.40246677286250004
12,582,0.402466570245
12,583,0.402466419065
12,584,0.40246641798500005
12,585,0.3843754497175
12,586,0.3843753439625
12,587,0.3843753315725
12,588,0.3843752240675
12,589,0.384375074855
12,590,0.38437507311999997
12,591,0.371017819995
12,592,0.37101767540249997
12,593,0.3710176275275
12,594,0.37101755009750004
12,595,0.37101736109499994
12,596,0.371017332075
12,597,0.35194098772
12,598,0.3519407919625
12,599,0.3519407777075
12,600,0.35194064508999995
12,601,0.35194060657
12,602,0.3519405994
12,603,0.34631490614500005
12,604,0.34631468087500006
12,605,0.346314673335
12,606,0.3463146074475
12,607,0.34631455846500003
12,608,0.34631455070000006
12,609,0.3335802897325
12,610,0.3335800317825
12,611,0.33358002246999996
12,612,0.33357991884000004
12,613,0.333579833115
12,614,0.33357982941
12,615,0.3191249189675
12,616,0.31912481428
12,617,0.3191247986325
12,618,0.3191247104075
12,619,0.3191245824275
12,620,0.319124575955
12,621,0.3053196168175
12,622,0.3053194997475
12,623,0.30531946116249997
12,624,0.30531935731750004
12,625,0.30531922086
12,626,0.3053192182625
12,627,0.29561545195249994
12,628,0.295615334335
12,629,0.2956153072325
12,630,0.2956152490325
12,631,0.29561522183
12,632,0.2956152137025
12,633,0.2898158668125
12,634,0.28981580331249995
12,635,0.2898157877475
12,636,0.28981568857749995
12,637,0.28981561097749997
12,638,0.2898156092825
12,639,0.27976866901749997
12,640,0.279768617835
12,641,0.27976860534000003
12,642,0.2797684407025
12,643,0.2797683213875
12,644,0.27976832021000003
12,645,0.26865845821
12,646,0.26865837745000004
12,647,0.26865835684
12,648,0.2686582167325
12,649,0.26865810379
12,650,0.2686581026825
12,651,0.26173743242499997
12,652,0.261737401
12,653,0.26173738235
12,654,0.2617373175875
12,655,0.26173725866
12,656,0.26173725124499997
12,657,0.2527143867925
12,658,0.2527143143375
12,659,0.252714293975
12,660,0.2527142364625
12,661,0.2527141356425
12,662,0.25271412388250003
12,663,0.242609987825
12,664,0.2426098050275
12,665,0.24260979195250001
12,666,0.24260974389750004
12,667,0.24260967562749997
12,668,0.2426096683
12,669,0.231670386055
12,670,0.23167008760500002
12,671,0.23167006934
12,672,0.23166999993749998
12,673,0.23166994861
12,674,0.23166994851
12,675,0.22964830826
12,676,0.229648299505
12,677,0.229648276585
12,678,0.22964820721749998
12,679,0.22964810902000005
12,680,0.2296481084475
12,681,0.22376633147250002
12,682,0.223766000105
12,683,0.22376597509750001
12,684,0.22376592299250003
12,685,0.22376587662
12,686,0.22376587477249998
12,687,0.21521907203750001
12,688,0.215218772385
12,689,0.21521873937749997
12,690,0.21521871783749996
12,691,0.2152186579875
12,692,0.215218653315
12,693,0.205774689865
12,694,0.205774469735
12,695,0.2057744581375
12,696,0.20577442538500001
12,697,0.20577441407500002
12,698,0.20577441262249999
12,699,0.1978827740275
12,700,0.1978826859925
12,701,0.197882653105
12,702,0.19788261353
12,703,0.197882572825
12,704,0.1978825672375
12,705,0.19222181031000002
12,706,0.192221711795
12,707,0.1922216978625
12,708,0.1922216381825
12,709,0.1922215803275
12,710,0.192221578215
12,711,0.1862235195625
12,712,0.18622344429749998
12,713,0.18622342995000002
12,714,0.18622329670249999
12,715,0.1862231801425
12,716,0.186223177985
12,717,0.17757208132750002
12,718,0.1775720631375
12,719,0.1775720320075
12,720,0.1775719555675
12,721,0.1775718662875
12,722,0.17757186410249998
12,723,0.1733819075275
12,724,0.17338189480000002
12,725,0.1733818776975
12,726,0.1733818201175
12,727,0.173381759905
12,728,0.17338175809249998
12,729,0.168059818515
12,730,0.16805979988
12,731,0.16805978851749998
12,732,0.1680597006425
12,733,0.1680596418575
12,734,0.168059639205
12,735,0.1614695423125
12,736,0.16146951488
12,737,0.1614695069425
12,738,0.1614693948575
12,739,0.16146926205499998
12,740,0.16146925941999998
12,741,0.1527372215275
12,742,0.15273719654
12,743,0.15273717939
12,744,0.1527371302725
12,745,0.15273704908000002
12,746,0.152737048225
12,747,0.14814786033
12,748,0.1481477449525
12,749,0.14814772676500002
12,750,0.1481477034425
12,751,0.148147677475
12,752,0.1481476736025
12,753,0.14279395421750002
12,754,0.142793756275
12,755,0.1427937477725
12,756,0.142793728865
12,757,0.1427936722125
12,758,0.142793669625
12,759,0.139190655665
12,760,0.1391903148925
12,761,0.13919029384
12,762,0.13919027472
12,763,0.1391902000225
12,764,0.1391901992325
12,765,0.13680696851250002
12,766,0.13680666535750002
12,767,0.13680664412750002
12,768,0.13680660425
12,769,0.1368065689225
12,770,0.1368065675275
12,771,0.1350710421175
12,772,0.13507101026749999
12,773,0.13507099983499998
12,774,0.135070980005
12,775,0.1350709523275
12,776,0.1350709513225
12,777,0.131070527825
12,778,0.131070197765
12,779,0.13107019323000002
12,780,0.13107017384750003
12,781,0.1310701722375
12,782,0.1310701717725
12,783,0.125553559445
12,784,0.1255533366825
12,785,0.12555332656
12,786,0.1255533085025
12,787,0.12555330072749998
12,788,0.1255533002225
12,789,0.119373672385
12,790,0.11937363863500002
12,791,0.11937362569999999
12,792,0.119373589255
12,793,0.11937353988500002
12,794,0.11937353933750001
12,795,0.1151254807825
12,796,0.11512547972750001
12,797,0.11512537276499998
12,798,0.11512531743250001
12,799,0.1151252402275
12,800,0.1151252214275
12,801,0.10853076798000001
12,802,0.10853075668749998
12,803,0.10853074226
12,804,0.1085306889975
12,805,0.10853064768000001
12,806,0.10853064692
12,807,0.10534901425750001
12,808,0.10534899634499999
12,809,0.10534899310249998
12,810,0.10534892292
12,811,0.10534883079249999
12,812,0.10534883071000001
12,813,0.10139527379999999
12,814,0.10139523998
12,815,0.101395235655
12,816,0.1013951786625
12,817,0.1013951032025
12,818,0.10139510299000001
12,819,0.09783567685
12,820,0.0978356102025
12,821,0.0978356061775
12,822,0.0978355625525
12,823,0.09783550310749999
12,824,0.09783550179749999
12,825,0.095407896235
12,826,0.0954077432675
12,827,0.09540774104500001
12,828,0.09540770117
12,829,0.09540765380249999
12,830,0.0954076535775
12,831,0.09205802968
12,832,0.092057839275
12,833,0.0920578353825
12,834,0.092057809885
12,835,0.0920577821125
12,836,0.09205778094
12,837,0.0864524954575
12,838,0.08645224066
12,839,0.086452233075
12,840,0.08645221279
12,841,0.086452191715
12,842,0.0864521908875
12,843,0.08234350903000001
12,844,0.0823432791075
12,845,0.082343274155
12,846,0.08234326342250001
12,847,0.08234326342250001
12,848,0.082343262665
12,849,0.0808066850025
12,850,0.08080662519250001
12,851,0.0808066205975
12,852,0.08080660034500001
12,853,0.08080658444000001
12,854,0.0808065841025
12,855,0.07863812909
12,856,0.0786379972275
12,857,0.0786379936075
12,858,0.07863795991
12,859,0.0786379347
12,860,0.0786379338525
12,861,0.076058811005
12,862,0.0760587178625
12,863,0.07605871497
12,864,0.07605866824
12,865,0.07605865173000001
12,866,0.0760586514775
12,867,0.0721171861425
12,868,0.07211711604750001
12,869,0.0721171147175
12,870,0.072117076615
12,871,0.072117031345
12,872,0.072117030575
12,873,0.0669924582975
12,874,0.0669924190475
12,875,0.066992417955
12,876,0.06699237632
12,877,0.0669923246675
12,878,0.0669923239475
12,879,0.0647075485925
12,880,0.06470749809250001
12,881,0.06470748665250001
12,882,0.06470747461750001
12,883,0.06470746386000001
12,884,0.064707454035
12,885,0.062177243825000006
12,886,0.062177123587499994
12,887,0.06217712171749999
12,888,0.0621770970225
12,889,0.06217709421999999
12,890,0.0621770934525
12,891,0.060211530655
12,892,0.060211453635
12,893,0.060211452577500005
12,894,0.060211424055
12,895,0.060211368555
12,896,0.06021136781249999
12,897,0.0570414929975
12,898,0.057041466269999994
12,899,0.057041465795
12,900,0.05704143746750001
12,901,0.05704140196
12,902,0.05704140127
12,903,0.054681462599999994
12,904,0.0546814316075
12,905,0.05468142552000001
12,906,0.054681373637499996
12,907,0.0546812982575
12,908,0.0546812977
12,909,0.0530691245925
12,910,0.05306910882250001
12,911,0.053069071690000004
12,912,0.053069040452499994
12,913,0.05306901707
12,914,0.0530690153125
12,915,0.05185625252
12,916,0.0518562198975
12,917,0.0518562142675
12,918,0.051856171835
12,919,0.05185613081
12,920,0.051856129220000005
12,921,0.0495964943875
12,922,0.04959645425
12,923,0.0495964535875
12,924,0.049596407672499995
12,925,0.04959639076
12,926,0.049596389817499996
12,927,0.047887392965
12,928,0.04788736002
12,929,0.04788736002
12,930,0.047887321595
12,931,0.04788729984
12,932,0.04788729984
12,933,0.0460620041525
12,934,0.0460619791475
12,935,0.046061979067499995
12,936,0.046061926727499994
12,937,0.046061854245
12,938,0.0460618542375
12,939,0.0436912414375
12,940,0.043691234785
12,941,0.043691234607500004
12,942,0.0436912055975
12,943,0.04369113854
12,944,0.04369113854
12,945,0.0412302332125
12,946,0.0412301782925
12,947,0.0412301782175
12,948,0.0412301651975
12,949,0.04123014407
12,950,0.04123014407
12,951,0.0394145397
12,952,0.0394144337625
12,953,0.0394144335375
12,954,0.039414420170000006
12,955,0.039414416965
12,956,0.039414416965
12,957,0.03700862493
12,958,0.0370085142275
12,959,0.037008508847499996
12,960,0.0370084989925
12,961,0.037008481994999995
12,962,0.037008481994999995
12,963,0.034911640075
12,964,0.034911555430000005
12,965,0.034911529935000005
12,966,0.0349115217775
12,967,0.03491150727
12,968,0.03491150727
12,969,0.0341706948
12,970,0.0341706063525
12,971,0.03417059461250001
12,972,0.0341705867025
12,973,0.034170582927500005
12,974,0.0341705826275
12,975,0.03289841296
12,976,0.0328983654475
12,977,0.0328983591275
12,978,0.032898342935000005
12,979,0.03289832901
12,980,0.0328983290025
12,981,0.031878622357500004
12,982,0.031878599217500005
12,983,0.0318785933025
12,984,0.0318785770475
12,985,0.031878563075
12,986,0.0318785630125
12,987,0.030820521065000002
12,988,0.03082051999
12,989,0.0308205186775
12,990,0.030820490449999998
12,991,0.030820449925
12,992,0.0308204496625
12,993,0.029303943835000002
12,994,0.029303916265
12,995,0.029303912965
12,996,0.029303880120000004
12,997,0.029303839137500003
12,998,0.0293038387625
12,999,0.027292711810000002
12,1000,0.027292689965
13,1,1205.3804043381526
13,2,921.13139100312
13,3,797.70041044272
13,4,714.39819407806
13,5,625.9689443372374
13,6,576.5146671658275
13,7,547.5435042448125
13,8,533.3291812192875
13,9,505.2392744668925
13,10,490.4199385181175
13,11,455.90473751952504
13,12,427.59031597535994
13,13,419.81187053100246
13,14,414.1854978940325
13,15,395.958016853165
13,16,384.11355197033
13,17,373.1189096260425
13,18,371.380632980585
13,19,364.7382834444175
13,20,354.84267947276
13,21,344.0801354236125
13,22,339.7209577582475
13,23,338.8722352310775
13,24,334.08488966132
13,25,322.058737493555
13,26,313.0143033544475
13,27,312.47794704889503
13,28,312.47794704889503
13,29,312.47794704889503
13,30,302.26955287012004
13,31,297.4972941952175
13,32,294.8022222242175
13,33,290.53525651636
13,34,283.0980673846775
13,35,282.98979482062
13,36,281.80368785961
13,37,279.4875988365
13,38,265.70853410745497
13,39,264.68840623826
13,40,259.9944409307325
13,41,259.31705155541
13,42,252.89352886898251
13,43,250.73544880219
13,44,244.85458508033497
13,45,244.85458508033497
13,46,236.9610756924225
13,47,234.7043189844375
13,48,230.80766622870752
13,49,228.4403879131125
13,50,221.395337909985
13,51,221.0712647236575
13,52,218.36787484738753
13,53,206.2731423539125
13,54,202.42521089038502
13,55,202.42521089038502
13,56,194.91477434043
13,57,194.91477434043
13,58,188.4406418227175
13,59,185.36081244101248
13,60,181.65924306785
13,61,176.17605963021498
13,62,175.8983160326825
13,63,173.90725602959748
13,64,171.614466258595
13,65,170.1047585540975
13,66,163.22506879875
13,67,156.811610840025
13,68,156.7529000616725
13,69,154.41913137107
13,70,150.770903777255
13,71,149.62272615494751
13,72,148.3578065500425
13,73,143.865089364895
13,74,142.06232158377
13,75,138.8497799133675
13,76,137.8756079046225
13,77,135.4418256659575
13,78,134.54725941127248
13,79,133.7060307431275
13,80,133.5771688992225
13,81,133.5771688992225
13,82,133.004810244865
13,83,128.7628152367775
13,84,126.33914722366
13,85,125.13435022163
13,86,123.73303008671
13,87,118.19191389616999
13,88,115.7962652802775
13,89,113.3839282069875
13,90,110.0584874645175
13,91,108.1155233206575
13,92,104.69399917206499
13,93,101.5293955118275
13,94,101.30531901956
13,95,100.94639375014751
13,96,100.446510644515
13,97,100.35894110051001
13,98,100.0687538652375
13,99,100.0687538652375
13,100,97.7504669597075
13,101,94.6574850081925
13,102,92.97371256856499
13,103,91.12533805929
13,104,87.86967038472
13,105,87.86967038472
13,106,85.12444421246751
13,107,83.501053869715
13,108,81.98552237814751
13,109,81.110866836345
13,110,80.959895499145
13,111,80.40623335994249
13,112,79.7086137633425
13,113,78.92357666799
13,114,78.3384934702775
13,115,78.0587891449525
13,116,76.25178951064251
13,117,76.0035123775325
13,118,73.550021332605
13,119,72.7419347852875
13,120,71.953570676035
13,121,69.849501899265
13,122,69.206708389035
13,123,67.8083925257225
13,124,66.3297510234475
13,125,64.9346109608675
13,126,64.0234020070175
13,127,63.98538559726249
13,128,63.688330529525004
13,129,63.2855881482775
13,130,61.749973564497495
13,131,60.687149155054996
13,132,60.256172378955
13,133,59.3191005223325
13,134,58.15874128218
13,135,57.403256691390006
13,136,57.39588542735
13,137,57.250537374372506
13,138,55.766316356560004
13,139,55.75018151051749
13,140,54.6943390676625
13,141,52.9969225845975
13,142,52.946531257437506
13,143,51.67775299822
13,144,51.226021738415
13,145,50.612487276182506
13,146,49.83525321658
13,147,48.203302184122506
13,148,48.020392154862506
13,149,47.951052779342504
13,150,47.277102528505004
13,151,47.0418306580275
13,152,46.91472468865
13,153,46.3564482412025
13,154,46.2441631337525
13,155,45.2277211577725
13,156,44.8251825343275
13,157,44.1471624813275
13,158,43.72885927898
13,159,43.72885927898
13,160,43.6854950866075
13,161,43.6854950866075
13,162,43.218181595012496
13,163,42.939879857697505
13,164,42.6398312971125
13,165,38.921339899695
13,166,38.64537964513001
13,167,38.324107307245
13,168,37.6411881057625
13,169,36.7646439475975
13,170,36.4587348436075
13,171,36.1129646041025
13,172,35.4717501391775
13,173,34.9929234990275
13,174,34.9929234990275
13,175,34.40215893578
13,176,34.16651559793
13,177,33.81245014148
13,178,33.777046378255
13,179,33.638139315642505
13,180,32.85432629855
13,181,31.8703762210525
13,182,30.9809621158875
13,183,30.44961387875
13,184,29.521629649062497
13,185,28.889859855207497
13,186,28.3463789736525
13,187,28.26929638858
13,188,28.198844503002498
13,189,28.087133145245
13,190,28.087133125925
13,191,28.07156100596
13,192,27.9869715030225
13,193,27.691451465495
13,194,27.437102268080004
13,195,27.233840509045002
13,196,26.726598705842502
13,197,25.950458900224998
13,198,25.687001401704997
13,199,25.556087501452502
13,200,25.473749204115002
13,201,25.1111219184525
13,202,24.6602459900675
13,203,24.2625589401575
13,204,24.063192076905
13,205,24.042264212102502
13,206,23.7932067407725
13,207,23.505146621992502
13,208,23.497035209692502
13,209,23.4265104518225
13,210,23.0772062660275
13,211,22.84575751497
13,212,22.79001520781
13,213,22.013936137145002
13,214,21.7755007950825
13,215,21.500981763410003
13,216,21.500981763410003
13,217,21.480614754665
13,218,21.2488817228
13,219,19.5980690483175
13,220,19.0448711977525
13,221,18.9401086058575
13,222,18.7318256510475
13,223,18.73182562017
13,224,18.7318256169575
13,225,18.344192180602498
13,226,18.225087208715003
13,227,18.1536940998525
13,228,17.9108668641575
13,229,17.8049486978875
13,230,17.77758441584
13,231,17.2160132497375
13,232,17.216013202705
13,233,17.1382889159025
13,234,17.093923110225
13,235,16.8278273493775
13,236,16.7318874497225
13,237,16.654855482497503
13,238,16.6172359195325
13,239,16.6172359195325
13,240,16.5848361317475
13,241,16.3604253603175
13,242,16.30031395045
13,243,15.75943148862
13,244,15.746073112645002
13,245,15.7281433677
13,246,15.728143257260001
13,247,15.513464490032499
13,248,15.412955168002501
13,249,15.28558022446
13,250,15.1391346042225
13,251,14.967483607365
13,252,14.94526217731
13,253,14.823632102722499
13,254,14.4391287489125
13,255,14.087608446337502
13,256,14.08760831928
13,257,14.0814893322975
13,258,13.951869559479999
13,259,13.8960766518525
13,260,13.862024443305
13,261,13.562347792067502
13,262,13.5256067521625
13,263,13.4578104710675
13,264,13.423953790205
13,265,13.360490819417501
13,266,13.238630733725
13,267,12.826979414617501
13,268,12.7685064806725
13,269,12.762851543115001
13,270,12.5358816127875
13,271,12.527125413335
13,272,12.4472312180825
13,273,12.0255776635825
13,274,11.9409485908175
13,275,10.54338865943
13,276,10.504900765985
13,277,10.4655241148575
13,278,10.4293564650725
13,279,10.3239931625175
13,280,10.323993091797501
13,281,10.1228921859
13,282,10.089582894435
13,283,10.0895828501125
13,284,10.089582782872501
13,285,9.938342865
13,286,9.8966639222875
13,287,9.553747303727501
13,288,9.4577571841375
13,289,9.449324142544999
13,290,9.3801690220075
13,291,9.227678162855
13,292,9.227678149985
13,293,9.2162077799725
13,294,9.205261761475
13,295,9.181912941285
13,296,9.181912915675
13,297,9.1300851006025
13,298,9.0104862387675
13,299,8.9643091032125
13,300,8.922076901165001
13,301,8.89116439781
13,302,8.890561301775
13,303,8.79040825625
13,304,8.789193218514999
13,305,8.748154491527501
13,306,8.6630398141125
13,307,8.616558791525
13,308,8.61462302937
13,309,8.597285428725
13,310,8.506693992485001
13,311,8.4390056900475
13,312,8.4002519965175
13,313,8.4002519099575
13,314,8.38402692339
13,315,8.377297298255
13,316,8.374722311812501
13,317,8.164734632335001
13,318,7.970849858125
13,319,7.9708498235875
13,320,7.97084968895
13,321,7.92077200006
13,322,7.920771917224999
13,323,7.465317481475
13,324,7.423157855754999
13,325,7.366196479795001
13,326,7.342374556187499
13,327,7.3322803603599995
13,328,7.332280226659999
13,329,6.9821894851224995
13,330,6.982189305385001
13,331,6.943892877345
13,332,6.92155971027
13,333,6.915220568695
13,334,6.915220406144999
13,335,6.6432509614374995
13,336,6.633638260735
13,337,6.5609904094025
13,338,6.5281141027350005
13,339,6.518163908197499
13,340,6.44479156917
13,341,6.208843477397499
13,342,6.2088433159925005
13,343,6.18444348617
13,344,6.18444331683
13,345,6.1011919676325
13,346,6.081555035239999
13,347,6.0136563950375
13,348,6.0136562930399995
13,349,5.9541676352224995
13,350,5.924239242495
13,351,5.92255659405
13,352,5.9225564934475
13,353,5.8459619462775
13,354,5.827310292535
13,355,5.8195533512825
13,356,5.80622662769
13,357,5.7995321087775
13,358,5.75525391789
13,359,5.6046346512675
13,360,5.60463453519
13,361,5.6037786408
13,362,5.6015110059125
13,363,5.5829837742175
13,364,5.581935506635
13,365,5.435979495885
13,366,5.403852189615
13,367,5.4031523614450006
13,368,5.403152303280001
13,369,5.4024485483375
13,370,5.3994875215375
13,371,5.254312740985
13,372,5.2516306300475
13,373,5.25163042362
13,374,5.251630312550001
13,375,5.2230249814325
13,376,5.1693301295175
13,377,4.9868882013525
13,378,4.98688798521
13,379,4.9868878590775
13,380,4.9792546216375
13,381,4.9790935640375
13,382,4.96407387829
13,383,4.762608823220001
13,384,4.7626087293825
13,385,4.7367562952475
13,386,4.7322610019725
13,387,4.6974353064650005
13,388,4.6935649384575004
13,389,4.2927941483
13,390,4.292793924905
13,391,4.2918808485625
13,392,4.2727425683725
13,393,4.2726189471725
13,394,4.2725290875425
13,395,3.8574432009825004
13,396,3.84694254932
13,397,3.8186345513575
13,398,3.753969322675
13,399,3.7537751984275
13,400,3.74594742014
13,401,3.5475392175075
13,402,3.547538926675
13,403,3.5475388278975
13,404,3.547538711295
13,405,3.5474986737025
13,406,3.5474985705675004
13,407,3.4301777686925
13,408,3.430177390425
13,409,3.4048294522825
13,410,3.4048292822575
13,411,3.404743063775
13,412,3.40096763294
13,413,3.3267674759175003
13,414,3.3063159615325
13,415,3.30631592745
13,416,3.2969046273475002
13,417,3.2968620589174997
13,418,3.2968618341800005
13,419,3.0289627972799997
13,420,3.0289625639175
13,421,3.0289624096649996
13,422,3.0289622947
13,423,3.0289564850525
13,424,3.0037079752925
13,425,2.9675361980124997
13,426,2.9620972220749997
13,427,2.9620970478924997
13,428,2.96209694691
13,429,2.96207784803
13,430,2.9620777377725
13,431,2.868539807415
13,432,2.787717878495
13,433,2.787717691405
13,434,2.7877175699625
13,435,2.7858005491824995
13,436,2.78580037839
13,437,2.6697921478125
13,438,2.6674260071975002
13,439,2.6674258760200003
13,440,2.66742575545
13,441,2.66741263925
13,442,2.66569011999
13,443,2.6113522412199996
13,444,2.5818219706125
13,445,2.5799849885099997
13,446,2.5794931582625003
13,447,2.5788593510375
13,448,2.57885922097
13,449,2.48729671759
13,450,2.4872964582400003
13,451,2.4806155061525
13,452,2.4806154029350003
13,453,2.480613429815
13,454,2.4806132906275
13,455,2.4416344388
13,456,2.4382813821825
13,457,2.438281210925
13,458,2.4382810609175
13,459,2.4382795927775
13,460,2.4382794794150002
13,461,2.3735718509650003
13,462,2.3735715276275
13,463,2.37357139866
13,464,2.3735713255874997
13,465,2.3720048010925
13,466,2.3720047537675
13,467,2.2810996459600004
13,468,2.2810993073425
13,469,2.2277284981475
13,470,2.216757828975
13,471,2.216752641895
13,472,2.2167525498775005
13,473,2.1073582337800003
13,474,2.1073580213925003
13,475,2.0309807058075
13,476,2.0309805376825
13,477,1.9902429767049998
13,478,1.99024287341
13,479,1.9207374502025
13,480,1.9207372449725
13,481,1.9039088627375
13,482,1.7707869666850002
13,483,1.7707861135999998
13,484,1.7707859901999998
13,485,1.76025464264
13,486,1.7602545210625
13,487,1.7345545868249999
13,488,1.7345544553699999
13,489,1.720749163345
13,490,1.7207489950375
13,491,1.703835258915
13,492,1.70383509233
13,493,1.6383080329025002
13,494,1.6383079594325
13,495,1.6383076028025
13,496,1.6383074858
13,497,1.53421860594
13,498,1.5342185263925
13,499,1.5025884974925001
13,500,1.50258835183
13,501,1.5025869898225
13,502,1.502586885415
13,503,1.4959962927325001
13,504,1.37909570886
13,505,1.35008791034
13,506,1.3500878271375
13,507,1.35008648606
13,508,1.3500863084049999
13,509,1.3445723030625
13,510,1.3445721208824999
13,511,1.1883392773625
13,512,1.1883391308625
13,513,1.1883389604599999
13,514,1.1883388874525
13,515,1.1870313754675
13,516,1.187031234555
13,517,0.9529517988649999
13,518,0.9529516461
13,519,0.9529496132749999
13,520,0.9529495423300001
13,521,0.9517969990799999
13,522,0.9517968061775
13,523,0.6085343691275
13,524,0.6085341594899999
13,525,0.6085336207825
13,526,0.6085335255100001
13,527,0.6082782415325
13,528,0.608278175585
13,529,0.5524552882725
13,530,0.5524552870024999
13,531,0.5524551866899999
13,532,0.552455161535
13,533,0.551884644655
13,534,0.5518844994025
13,535,0.4591219781975
13,536,0.45912176707749996
13,537,0.45912171347249997
13,538,0.45912161958000003
13,539,0.458920821425
13,540,0.45892075814
13,541,0.41349489313000004
13,542,0.4134947484475
13,543,0.41349474623000004
13,544,0.41349474261
13,545,0.41301619361249997
13,546,0.41301606835250004
13,547,0.4108556087675
13,548,0.41085542476250003
13,549,0.41085542476250003
13,550,0.4108553775875
13,551,0.4106632513225
13,552,0.4106631561625
13,553,0.4052600700875
13,554,0.40525992621749996
13,555,0.4052598953075
13,556,0.40525982677499994
13,557,0.40514264297
13,558,0.40514259569
13,559,0.3941545793425
13,560,0.39415447342250004
13,561,0.3941544642775
13,562,0.39415442237500004
13,563,0.39406511461
13,564,0.39406502278
13,565,0.3839723211325
13,566,0.383972273315
13,567,0.38397226519750005
13,568,0.38397204502250004
13,569,0.38387718471250004
13,570,0.38387707538
13,571,0.37697498796000006
13,572,0.3769749324275
13,573,0.3769748929375
13,574,0.37697478815749996
13,575,0.37697212840499994
13,576,0.37697206674499995
13,577,0.3493411458425
13,578,0.34934109007999997
13,579,0.34934108918499995
13,580,0.349340896355
13,581,0.34928802353
13,582,0.3492879575725
13,583,0.2536696190425
13,584,0.2536695068925
13,585,0.253669430575
13,586,0.25366925158500003
13,587,0.25362808409250004
13,588,0.25362808012750004
13,589,0.17561656389
13,590,0.1756164412025
13,591,0.17561636212
13,592,0.17561628699999998
13,593,0.17560929345749998
13,594,0.1756092906375
13,595,0.0682070580175
13,596,0.06820704003
13,597,0.06820703915250001
13,598,0.0682070235625
13,599,0.06819695979749998
13,600,0.06819695979749998
13,601,0.065453542175
13,602,0.0654534756175
13,603,0.065453440425
13,604,0.065453402875
13,605,0.0654497768175
13,606,0.065449759065
13,607,0.006239945720000001
13,608,0.0062398923475000005
13,609,0.00623988484
13,610,0.0062398283575
13,611,0.006239759712499999
13,612,0.006239752522499999
13,613,0.0053783369149999994
13,614,0.005378287692499999
13,615,0.005378287692499999
13,616,0.0053781906899999996
13,617,0.005378068995
13,618,0.005378068995
13,619,0.0053556362875
13,620,0.005355623932499999
13,621,0.005355623932499999
13,622,0.005355581032499999
13,623,0.005355535454999999
13,624,0.005355532394999999
13,625,0.0042180398475
13,626,0.0042179407075
13,627,0.004217935727499999
13,628,0.0042178856075
13,629,0.004217769854999999
13,630,0.004217769592499999
13,631,0.0033636894299999996
13,632,0.0033636056674999997
13,633,0.0033636056674999997
13,634,0.0033635065874999997
13,635,0.0033630321125
13,636,0.0033630321125
13,637,0.00238743244
13,638,0.00238737689
13,639,0.00238737689
13,640,0.0023873316849999998
13,641,0.0023854666175
13,642,0.0023854525425
13,643,0.0021027156
13,644,0.0021026371625
13,645,0.0021026335125
13,646,0.0021025703525000003
13,647,0.0020983473475
13,648,0.002098295325
13,649,0.0016356297374999999
13,650,0.00163551301
13,651,0.00163551301
13,652,0.0016354184349999998
13,653,0.0016329184999999999
13,654,0.0016328885725
13,655,0.0014282458025
13,656,0.0014281198175
13,657,0.0014281073749999999
13,658,0.0014280783375
13,659,0.0014273519675000001
13,660,0.0014273519675000001
13,661,0.0011993285649999999
13,662,0.0011992532300000001
13,663,0.0011992443475
13,664,0.00119913959
13,665,0.00119913645
13,666,0.001199133605
13,667,0.00110183827
13,668,0.0011018337525
13,669,0.0011018337525
13,670,0.0011018337525
13,671,0.00110174406
13,672,0.00110174406
13,673,0.0009841799625
13,674,0.0009841461175
13,675,0.0009841238475
13,676,0.0009840802825
13,677,0.00098380449
13,678,0.00098380449
13,679,0.0009608244375
13,680,0.000960796775
13,681,0.0009607885625
13,682,0.0009607466
13,683,0.0009595846624999999
13,684,0.00095958134
13,685,0.0008819235474999999
13,686,0.0008818787774999999
13,687,0.0008818552949999999
13,688,0.0008817835175
13,689,0.0008795947849999999
13,690,0.0008795184325
13,691,0.0008775036525
13,692,0.0008774932949999999
13,693,0.0008774637724999999
13,694,0.0008774637724999999
13,695,0.0008774479375
13,696,0.0008773931275000001
13,697,0.0008462609125
13,698,0.0008462244650000001
13,699,0.0008462230600000001
13,700,0.0008462119475
13,701,0.00084617984
13,702,0.0008461438625
13,703,0.0008068765625
13,704,0.0008068279975
13,705,0.0008068119224999999
13,706,0.0008068119224999999
13,707,0.000806776565
13,708,0.0008067660699999999
13,709,0.0008067266075
13,710,0.0008067266075
13,711,0.0008067065275
13,712,0.0008067065275
13,713,0.00080589096
13,714,0.00080582746
13,715,0.00079686701
13,716,0.0007968298275
13,717,0.0007968298275
13,718,0.0007968298275
13,719,0.00079679697
13,720,0.00079679697
13,721,0.000795068635
13,722,0.00079505597
13,723,0.00079505597
13,724,0.000795041065
13,725,0.0007939953624999999
13,726,0.0007939317075000001
13,727,0.0007919032375
13,728,0.0007918910399999999
13,729,0.0007918910399999999
13,730,0.00079183506
13,731,0.00079073054
13,732,0.0007907006625
13,733,0.0007880112999999999
13,734,0.0007880046050000001
13,735,0.0007880046050000001
13,736,0.00078795997
13,737,0.0007875353599999999
13,738,0.0007875243925000001
13,739,0.0007875243925000001
13,740,0.0007875243925000001
13,741,0.0007875243925000001
13,742,0.0007875243925000001
13,743,0.0007875243925000001
13,744,0.000787524365
13,745,0.0007873748425000001
13,746,0.000787369135
13,747,0.000787369135
13,748,0.000787369135
13,749,0.0007873682475
13,750,0.0007873682475
13,751,0.0007873655025000001
13,752,0.0007873655025000001
13,753,0.0007873655025000001
13,754,0.0007873248500000001
13,755,0.0007873248500000001
13,756,0.0007873248500000001
13,757,0.000787307735
13,758,0.0007873025449999999
13,759,0.0007873025449999999
13,760,0.0007872866774999999
13,761,0.0007872852825
13,762,0.0007872852825
13,763,0.0007872852825
13,764,0.0007872852825
13,765,0.0007872852825
13,766,0.0007872852825
13,767,0.0007872852825
13,768,0.0007872852825
13,769,0.0007872852825
13,770,0.0007872852825
13,771,0.0007872852825
13,772,0.0007872852825
13,773,0.0007872852825
13,774,0.0007872852825
13,775,0.0007872852825
13,776,0.0007872852825
13,777,0.0007872852825
13,778,0.0007872852825
13,779,0.0007872852825
13,780,0.0007872852825
13,781,0.0007872852825
13,782,0.0007872852825
13,783,0.0007872852825
13,784,0.0007872852825
13,785,0.0007872852825
13,786,0.0007872852825
13,787,0.0007872852825
13,788,0.0007872852825
13,789,0.0007872852825
13,790,0.0007872852825
13,791,0.0007872852825
13,792,0.0007872852825
13,793,0.0007872852825
13,794,0.0007872852825
13,795,0.0007872852825
13,796,0.0007872852825
13,797,0.0007872852825
13,798,0.0007872852825
13,799,0.0007872852825
13,800,0.0007872852825
13,801,0.0007872852825
13,802,0.0007872852825
13,803,0.0007872852825
13,804,0.0007872852825
13,805,0.0007872852825
13,806,0.0007872852825
13,807,0.0007872852825
13,808,0.0007872852825
13,809,0.0007872852825
13,810,0.0007872852825
13,811,0.0007872852825
13,812,0.0007872852825
13,813,0.0007872852825
13,814,0.0007872852825
13,815,0.0007872852825
13,816,0.0007872852825
13,817,0.0007872852825
13,818,0.0007872852825
13,819,0.0007872852825
13,820,0.0007872852825
13,821,0.0007872852825
13,822,0.0007872852825
13,823,0.0007872852825
13,824,0.0007872852825
13,825,0.0007872852825
13,826,0.0007872852825
13,827,0.0007872852825
13,828,0.0007872852825
13,829,0.0007872852825
13,830,0.0007872852825
13,831,0.0007872852825
13,832,0.0007872852825
13,833,0.0007872852825
13,834,0.0007872852825
13,835,0.0007872852825
13,836,0.0007872852825
13,837,0.0007872852825
13,838,0.0007872852825
13,839,0.0007872852825
13,840,0.0007872852825
13,841,0.0007872852825
13,842,0.0007872852825
13,843,0.0007872852825
13,844,0.0007872852825
13,845,0.0007872852825
13,846,0.0007872852825
13,847,0.0007872852825
13,848,0.0007872852825
13,849,0.0007872852825
13,850,0.0007872852825
13,851,0.0007872852825
13,852,0.0007872852825
13,853,0.0007872852825
13,854,0.0007872852825
13,855,0.0007872852825
13,856,0.0007872852825
13,857,0.0007872852825
13,858,0.0007872852825
13,859,0.0007872852825
13,860,0.0007872852825
13,861,0.0007872852825
13,862,0.0007872852825
13,863,0.0007872852825
13,864,0.0007872852825
13,865,0.0007872852825
13,866,0.0007872852825
13,867,0.0007872852825
13,868,0.0007872852825
13,869,0.0007872852825
13,870,0.0007872852825
13,871,0.0007872852825
13,872,0.0007872852825
13,873,0.0007872852825
13,874,0.0007872852825
13,875,0.0007872852825
13,876,0.0007872852825
13,877,0.0007872852825
13,878,0.0007872852825
13,879,0.0007872852825
13,880,0.0007872852825
13,881,0.0007872852825
13,882,0.0007872852825
13,883,0.0007872852825
13,884,0.0007872852825
13,885,0.0007872852825
13,886,0.0007872852825
13,887,0.0007872852825
13,888,0.0007872852825
13,889,0.0007872852825
13,890,0.0007872852825
13,891,0.0007872852825
13,892,0.0007872852825
13,893,0.0007872852825
13,894,0.0007872852825
13,895,0.0007872852825
13,896,0.0007872852825
13,897,0.0007872852825
13,898,0.0007872852825
13,899,0.0007872852825
13,900,0.0007872852825
13,901,0.0007872852825
13,902,0.0007872852825
13,903,0.0007872852825
13,904,0.0007872852825
13,905,0.0007872852825
13,906,0.0007872852825
13,907,0.0007872852825
13,908,0.0007872852825
13,909,0.0007872852825
13,910,0.0007872852825
13,911,0.0007872852825
13,912,0.0007872852825
13,913,0.0007872852825
13,914,0.0007872852825
13,915,0.0007872852825
13,916,0.0007872852825
13,917,0.0007872852825
13,918,0.0007872852825
13,919,0.0007872852825
13,920,0.0007872852825
13,921,0.0007872852825
13,922,0.0007872852825
13,923,0.0007872852825
13,924,0.0007872852825
13,925,0.0007872852825
13,926,0.0007872852825
13,927,0.0007872852825
13,928,0.0007872852825
13,929,0.0007872852825
13,930,0.0007872852825
13,931,0.0007872852825
13,932,0.0007872852825
13,933,0.0007872852825
13,934,0.0007872852825
13,935,0.0007872852825
13,936,0.0007872852825
13,937,0.0007872852825
13,938,0.0007872852825
13,939,0.0007872852825
13,940,0.0007872852825
13,941,0.0007872852825
13,942,0.0007872852825
13,943,0.0007872852825
13,944,0.0007872852825
13,945,0.0007872852825
13,946,0.0007872852825
13,947,0.0007872852825
13,948,0.0007872852825
13,949,0.0007872852825
13,950,0.0007872852825
13,951,0.0007872852825
13,952,0.0007872852825
13,953,0.0007872852825
13,954,0.0007872852825
13,955,0.0007872852825
13,956,0.0007872852825
13,957,0.0007872852825
13,958,0.0007872852825
13,959,0.0007872852825
13,960,0.0007872852825
13,961,0.0007872852825
13,962,0.0007872852825
13,963,0.0007872852825
13,964,0.0007872852825
13,965,0.0007872852825
13,966,0.0007872852825
13,967,0.0007872852825
13,968,0.0007872852825
13,969,0.0007872852825
13,970,0.0007872852825
13,971,0.0007872852825
13,972,0.0007872852825
13,973,0.0007872852825
13,974,0.0007872852825
13,975,0.0007872852825
13,976,0.0007872852825
13,977,0.0007872852825
13,978,0.0007872852825
13,979,0.0007872852825
13,980,0.0007872852825
13,981,0.0007872852825
13,982,0.0007872852825
13,983,0.0007872852825
13,984,0.0007872852825
13,985,0.0007872852825
13,986,0.0007872852825
13,987,0.0007872852825
13,988,0.0007872852825
13,989,0.0007872852825
13,990,0.0007872852825
13,991,0.0007872852825
13,992,0.0007872852825
13,993,0.0007872852825
13,994,0.0007872852825
13,995,0.0007872852825
13,996,0.0007872852825
13,997,0.0007872852825
13,998,0.0007872852825
13,999,0.0007872852825
13,1000,0.0007872852825
14,1,61.653177119969996
14,2,23.591096784675
14,3,17.792850123195002
14,4,12.046016375335
14,5,9.7560051221625
14,6,8.756614174095
14,7,8.1833041710675
14,8,7.579508482327499
14,9,6.742130023494999
14,10,6.484306549347499
14,11,6.2565750383975
14,12,5.8833421837149995
14,13,5.8159256362575
14,14,5.6566350265575
14,15,5.3276869377275
14,16,5.219570426024999
14,17,4.8889244897725
14,18,4.797115762020001
14,19,4.544446558685
14,20,4.3862964949025
14,21,4.35170684187
14,22,4.3126560775775
14,23,4.1548142808775
14,24,4.0464723904225
14,25,3.9025108265150004
14,26,3.88477307681
14,27,3.638785378995
14,28,3.5669362271624996
14,29,3.5387352826125005
14,30,3.41399666
14,31,3.1485688180349998
14,32,3.0971572790925
14,33,2.9660476501525
14,34,2.945754656535
14,35,2.7913281686125
14,36,2.778836484525
14,37,2.64454079955
14,38,2.6137570529925
14,39,2.5581729587425
14,40,2.5417819344375
14,41,2.4317012741875
14,42,2.3516559787525
14,43,2.2659372580525
14,44,2.1978867869675
14,45,2.15428924206
14,46,2.1526958221575
14,47,2.1119583968524998
14,48,2.0386074008675
14,49,1.94617537608
14,50,1.928251980145
14,51,1.7761888759175002
14,52,1.7079016623649999
14,53,1.6928092984325
14,54,1.60645087356
14,55,1.60645087356
14,56,1.5591063963775
14,57,1.5109587747
14,58,1.5095042414475
14,59,1.4841806348475
14,60,1.4216370796175
14,61,1.3558947115625
14,62,1.3505000244574998
14,63,1.3220568519725
14,64,1.3115765965925
14,65,1.284657486055
14,66,1.2226979546999999
14,67,1.1842202608499999
14,68,1.1621730488775
14,69,1.152565882835
14,70,1.117522221235
14,71,1.117522221235
14,72,1.117522221235
14,73,1.1000308298675
14,74,1.0817484606399999
14,75,1.0485066998475001
14,76,1.0263135559525
14,77,1.0263135559525
14,78,0.9988120919225001
14,79,0.9548061599775
14,80,0.9473841157724999
14,81,0.9372662618975
14,82,0.853783353875
14,83,0.8402397888475001
14,84,0.817803699485
14,85,0.8027706852050001
14,86,0.8021996723325
14,87,0.773260003735
14,88,0.7580355038875
14,89,0.7050082575600001
14,90,0.70226503295
14,91,0.6965163445025
14,92,0.6965163445025
14,93,0.69484544406
14,94,0.6765758801199999
14,95,0.6569787611375
14,96,0.6351176987875
14,97,0.5903853886625
14,98,0.5772127308325
14,99,0.55976545385
14,100,0.55454283241
14,101,0.55153017222
14,102,0.5447342819325
14,103,0.5392071306474999
14,104,0.5266692262725
14,105,0.517834455495
14,106,0.5055064948425
14,107,0.48419482386999996
14,108,0.48419482386999996
14,109,0.473210098945
14,110,0.47181465581750004
14,111,0.45942695910750003
14,112,0.45942695910750003
14,113,0.41936159911250004
14,114,0.4155699979025
14,115,0.40906469258
14,116,0.403847828305
14,117,0.3877103737525
14,118,0.36623658798
14,119,0.366143436815
14,120,0.36371136591500003
14,121,0.34887816756
14,122,0.34038917829500004
14,123,0.32835947181749997
14,124,0.29881524390499997
14,125,0.29368745553500003
14,126,0.287644671985
14,127,0.28105866995
14,128,0.28105866995
14,129,0.2759193445475
14,130,0.2440859864125
14,131,0.24313963313999998
14,132,0.2404350320125
14,133,0.23208293757999998
14,134,0.229027400895
14,135,0.227087224065
14,136,0.22163370935499999
14,137,0.2156628398025
14,138,0.21246222770249998
14,139,0.20264553043999997
14,140,0.20264553043999997
14,141,0.20001524265
14,142,0.19198370103
14,143,0.19055607072
14,144,0.19055607072
14,145,0.185290948135
14,146,0.1663182616975
14,147,0.16298870637
14,148,0.15730325011
14,149,0.15213816686749998
14,150,0.1499889627225
14,151,0.14816845308749998
14,152,0.14816845308749998
14,153,0.14415636546000002
14,154,0.1322881730425
14,155,0.125109161405
14,156,0.11984631406249999
14,157,0.11984631406249999
14,158,0.118172160915
14,159,0.11362104662500001
14,160,0.111036147725
14,161,0.10825389627
14,162,0.10686765177749999
14,163,0.105903070195
14,164,0.1049701886225
14,165,0.10036297971250001
14,166,0.09922544531000001
14,167,0.09549940947249999
14,168,0.0935264877525
14,169,0.0903296278925
14,170,0.0861841645525
14,171,0.082733016235
14,172,0.077063194955
14,173,0.0750195182875
14,174,0.0736092793325
14,175,0.073451228445
14,176,0.07159156604
14,177,0.064884564545
14,178,0.0629720595675
14,179,0.0626629083475
14,180,0.0601373997375
14,181,0.05964032607999999
14,182,0.0586037208125
14,183,0.058076190902500005
14,184,0.0569536136575
14,185,0.0546097789475
14,186,0.053901329035
14,187,0.053829793355
14,188,0.0504392310475
14,189,0.0498235141325
14,190,0.0487938955725
14,191,0.048307677982500005
14,192,0.0477335435275
14,193,0.04700342714
14,194,0.043339954599999994
14,195,0.04063901667
14,196,0.040492758670000004
14,197,0.0404016912675
14,198,0.03874884527
14,199,0.038116485152500004
14,200,0.0379903660975
14,201,0.037589747830000006
14,202,0.03749699782
14,203,0.0372482916375
14,204,0.0367056606
14,205,0.034320007195
14,206,0.0337853331225
14,207,0.03349413147
14,208,0.033237858462500006
14,209,0.0327808724075
14,210,0.032709763530000005
14,211,0.03227170775
14,212,0.031468388947499995
14,213,0.030487853729999997
14,214,0.0303926849625
14,215,0.029983654475
14,216,0.0288033079075
14,217,0.028752104830000003
14,218,0.02875210476
14,219,0.02760182933
14,220,0.0271617430225
14,221,0.0265344508225
14,222,0.026534450787500004
14,223,0.026396436975
14,224,0.0262715867125
14,225,0.0260847847675
14,226,0.025801519457499998
14,227,0.024657407657499998
14,228,0.024488599729999998
14,229,0.02448859969
14,230,0.0243008674875
14,231,0.0239432175525
14,232,0.023875935955
14,233,0.023584071665
14,234,0.022740024350000002
14,235,0.022433479317499998
14,236,0.0222313293075
14,237,0.021709283985
14,238,0.021567499025
14,239,0.0212504370475
14,240,0.0208263662675
14,241,0.0202257396825
14,242,0.019595413495
14,243,0.01952775656
14,244,0.0193613862
14,245,0.0190568853975
14,246,0.0189645190175
14,247,0.018964518885
14,248,0.018784151995
14,249,0.017266945210000002
14,250,0.0166850089675
14,251,0.0166802841225
14,252,0.01665212972
14,253,0.0165056668225
14,254,0.0161315869425
14,255,0.0160135883225
14,256,0.0159956815225
14,257,0.015989433757499998
14,258,0.015804715295
14,259,0.015398242670000001
14,260,0.01523940307
14,261,0.0150900652375
14,262,0.0148248546525
14,263,0.0140839647475
14,264,0.0139217671075
14,265,0.0139217669425
14,266,0.013289848892500001
14,267,0.013251701005
14,268,0.0131030527325
14,269,0.0124488214475
14,270,0.0116327686475
14,271,0.011632768290000001
14,272,0.011345496055
14,273,0.011018068865
14,274,0.010830364050000001
14,275,0.0102912944725
14,276,0.0102443427775
14,277,0.00996576059
14,278,0.009873825942500001
14,279,0.009705181245
14,280,0.009705181174999999
14,281,0.009071919105
14,282,0.0090589331025
14,283,0.0090326839675
14,284,0.0090167745425
14,285,0.008790053627499999
14,286,0.0087523929925
14,287,0.0083364105375
14,288,0.00826681319
14,289,0.00819847916
14,290,0.007568983865000001
14,291,0.007284850275
14,292,0.007284850234999999
14,293,0.007121068395000001
14,294,0.0070346140175
14,295,0.007034613805000001
14,296,0.0070346136775
14,297,0.006844652285
14,298,0.006710106872500001
14,299,0.006499645615000001
14,300,0.0062356281724999995
14,301,0.006213918285
14,302,0.0061997883725
14,303,0.006165713375
14,304,0.006164164145
14,305,0.005991439405
14,306,0.0059914392375
14,307,0.00599143882
14,308,0.0059914386649999995
14,309,0.005875239355000001
14,310,0.005851207295
14,311,0.005380392565
14,312,0.0053803923575
14,313,0.005370170995
14,314,0.0053307084175
14,315,0.005326391105
14,316,0.005275988319999999
14,317,0.0050805932325
14,318,0.0050700703275000005
14,319,0.0050700702175
14,320,0.0050649242975000005
14,321,0.0050629132775
14,322,0.00506291319
14,323,0.0047858995175
14,324,0.00477725821
14,325,0.0046226062499999995
14,326,0.0046182112025
14,327,0.0046101773300000004
14,328,0.0046101772875
14,329,0.0041504254725
14,330,0.0039055156124999995
14,331,0.0038875920224999997
14,332,0.0038875917850000005
14,333,0.0038875916325000004
14,334,0.0038875915125
14,335,0.0036626368025
14,336,0.00364175754
14,337,0.0036375236275
14,338,0.0036219668
14,339,0.0036211869925
14,340,0.0036211867950000005
14,341,0.0033001546025
14,342,0.0031614568000000003
14,343,0.0030739637675
14,344,0.0030739637099999996
14,345,0.0030604898325
14,346,0.00289754163
14,347,0.0028447915575
14,348,0.002844791515
14,349,0.0027494288325000003
14,350,0.0027444815625
14,351,0.0027255120225
14,352,0.0026662280425
14,353,0.002450619725
14,354,0.00243808307
14,355,0.00243808267
14,356,0.0024200305225
14,357,0.002411581845
14,358,0.0024115816875
14,359,0.0022657157325
14,360,0.0022657154725
14,361,0.002265715125
14,362,0.0022657149075
14,363,0.002250186555
14,364,0.0022501863375
14,365,0.0020141972675
14,366,0.001980481335
14,367,0.0019804811624999996
14,368,0.0018808017325
14,369,0.0018790976000000001
14,370,0.0018790974025
14,371,0.0017441495925000002
14,372,0.00174414919
14,373,0.0017441489050000001
14,374,0.0017441488325
14,375,0.0017315269899999999
14,376,0.0017303169100000002
14,377,0.0015846384049999999
14,378,0.00158463802
14,379,0.0015733633875
14,380,0.0015733633175000002
14,381,0.001569706475
14,382,0.0015697062875
14,383,0.0014892676974999999
14,384,0.0014603606224999999
14,385,0.00146036033
14,386,0.0014603602275000001
14,387,0.0014581829625
14,388,0.0014581825925
14,389,0.001363535745
14,390,0.0013635355599999999
14,391,0.0013253125900000002
14,392,0.001323848105
14,393,0.0013051587775
14,394,0.00126534239
14,395,0.0011528817025000001
14,396,0.001119183305
14,397,0.001119183175
14,398,0.001119183095
14,399,0.0010972630275000001
14,400,0.0010972628224999999
14,401,0.00103749453
14,402,0.00103311452
14,403,0.0010331143250000001
14,404,0.0010331142575
14,405,0.001010870985
14,406,0.0010108706300000002
14,407,0.0009420809525000001
14,408,0.0009420808649999999
14,409,0.0009420806974999999
14,410,0.000942080665
14,411,0.0009347007100000001
14,412,0.0009347004475000001
14,413,0.0008601828975
14,414,0.00086018273
14,415,0.0008601823825
14,416,0.0008601823425000001
14,417,0.0008601818075
14,418,0.0008601815375
14,419,0.0007891522374999999
14,420,0.0007887258175
14,421,0.0007887255975
14,422,0.0007887255575
14,423,0.0007823658275000001
14,424,0.0007398433675
14,425,0.0006781879474999999
14,426,0.000678187765
14,427,0.000678187385
14,428,0.00067818733
14,429,0.0006692064224999999
14,430,0.0006692061525
14,431,0.0006156107624999999
14,432,0.00061561047
14,433,0.0006156100175
14,434,0.0006090714225
14,435,0.000592884765
14,436,0.0005928844975
14,437,0.0005343683925000001
14,438,0.00053287141
14,439,0.0005328711325
14,440,0.00053287108
14,441,0.00053287064
14,442,0.0005328704374999999
14,443,0.0004648087675
14,444,0.000464808665
14,445,0.000464808295
14,446,0.00046480825749999993
14,447,0.00046273332249999996
14,448,0.00045499992999999996
14,449,0.0004338795575
14,450,0.00043387950750000006
14,451,0.00043387937
14,452,0.00043121926
14,453,0.0004312191475
14,454,0.000431219005
14,455,0.00041382481000000004
14,456,0.00041382472750000005
14,457,0.00041382444
14,458,0.00041382436250000004
14,459,0.00041382379999999996
14,460,0.0004138235875
14,461,0.00040229576999999996
14,462,0.0004022954125
14,463,0.000386657795
14,464,0.00038504762499999996
14,465,0.00038476411
14,466,0.000380395435
14,467,0.00036749566249999997
14,468,0.0003674955075
14,469,0.00036218952
14,470,0.000362026485
14,471,0.00036202636
14,472,0.0003620261625
14,473,0.000353349485
14,474,0.00035334940999999997
14,475,0.000347607855
14,476,0.00034760777250000005
14,477,0.0003476073475
14,478,0.0003476071
14,479,0.00033496700499999996
14,480,0.00033496679750000003
14,481,0.0003255224
14,482,0.0003255223625
14,483,0.0003255218825
14,484,0.000323757725
14,485,0.0003202453475
14,486,0.000320245185
14,487,0.00031525526
14,488,0.0003152552175
14,489,0.00031525483
14,490,0.000315254695
14,491,0.00031124018749999996
14,492,0.000308734415
14,493,0.000302777005
14,494,0.000302776955
14,495,0.0003027763575
14,496,0.0003027762275
14,497,0.00029563298249999997
14,498,0.000295632845
14,499,0.000279470415
14,500,0.00027831084
14,501,0.00027831054500000003
14,502,0.0002783104675
14,503,0.0002751110225
14,504,0.00027511074000000004
14,505,0.00026766213750000005
14,506,0.00026766209500000005
14,507,0.0002676618525
14,508,0.0002676617375
14,509,0.00026158553
14,510,0.0002539888175
14,511,0.00024822647
14,512,0.00024822641
14,513,0.00024304864749999998
14,514,0.00024304852749999997
14,515,0.00023429613999999998
14,516,0.00023394098000000001
14,517,0.0002304094125
14,518,0.0002304093625
14,519,0.0002221534625
14,520,0.00022036005250000002
14,521,0.00020783641000000002
14,522,0.00020783636499999999
14,523,0.00018809436499999998
14,524,0.0001880943325
14,525,0.00018565645
14,526,0.0001856563475
14,527,0.0001842909475
14,528,0.000184290885
14,529,0.00017949046249999997
14,530,0.0001794903775
14,531,0.00017949013499999998
14,532,0.0001794899325
14,533,0.00017596457499999998
14,534,0.0001740006875
14,535,0.0001709770875
14,536,0.00016056370500000002
14,537,0.00013998802750000001
14,538,0.00013998795499999998
14,539,0.00013867123750000001
14,540,0.0001386711725
14,541,0.00013408752499999998
14,542,0.00013408746250000001
14,543,0.0001332885475
14,544,0.00013328851500000002
14,545,0.0001317298075
14,546,0.00013172969250000002
14,547,0.000130689845
14,548,0.00013068984
14,549,0.00012928931249999999
14,550,0.0001292892625
14,551,0.0001277347225
14,552,0.00011338878250000001
14,553,0.00011163918500000001
14,554,0.0001116391375
14,555,0.00010852579750000001
14,556,0.000108525685
14,557,0.00010781020249999999
14,558,0.00010781007500000001
14,559,0.00010715319749999999
14,560,0.0001071531625
14,561,0.00010715298
14,562,0.00010715286
14,563,0.000106612995
14,564,9.486605e-05
14,565,9.310320250000001e-05
14,566,9.31031475e-05
14,567,9.31028925e-05
14,568,9.310277749999999e-05
14,569,9.270115999999999e-05
14,570,9.27011125e-05
14,571,9.122165999999999e-05
14,572,9.12216025e-05
14,573,9.122146999999999e-05
14,574,9.08079325e-05
14,575,9.0535325e-05
14,576,9.05352825e-05
14,577,8.891484999999999e-05
14,578,8.88046375e-05
14,579,8.880444499999998e-05
14,580,8.88043675e-05
14,581,8.87115325e-05
14,582,8.871152e-05
14,583,8.73925475e-05
14,584,8.73925175e-05
14,585,8.739250500000001e-05
14,586,8.73924975e-05
14,587,8.73602875e-05
14,588,8.73602825e-05
14,589,8.55962225e-05
14,590,8.559621e-05
14,591,8.55961875e-05
14,592,8.38550625e-05
14,593,7.6191515e-05
14,594,7.61915e-05
14,595,7.5398945e-05
14,596,7.53989325e-05
14,597,7.539886999999999e-05
14,598,7.539886999999999e-05
14,599,7.53959425e-05
14,600,7.539592e-05
14,601,7.392006e-05
14,602,7.33576175e-05
14,603,7.335755000000001e-05
14,604,7.232074000000001e-05
14,605,7.231338e-05
14,606,6.024805500000001e-05
14,607,5.7537365e-05
14,608,5.7537345000000005e-05
14,609,5.7537265e-05
14,610,5.75372025e-05
14,611,5.751546e-05
14,612,5.75154225e-05
14,613,5.39205475e-05
14,614,5.3920529999999995e-05
14,615,5.3920397499999996e-05
14,616,5.3920339999999995e-05
14,617,5.3906692500000006e-05
14,618,5.390665e-05
14,619,5.3175265e-05
14,620,5.31752475e-05
14,621,5.317511750000001e-05
14,622,5.0723862500000005e-05
14,623,5.071808750000001e-05
14,624,5.07180375e-05
14,625,4.9885387500000004e-05
14,626,4.988537e-05
14,627,4.9885204999999995e-05
14,628,4.78313925e-05
14,629,4.2770839999999997e-05
14,630,4.277078e-05
14,631,4.25097575e-05
14,632,4.2509745e-05
14,633,4.25096725e-05
14,634,4.2017679999999994e-05
14,635,4.19971425e-05
14,636,4.19971e-05
14,637,4.13742325e-05
14,638,4.137422e-05
14,639,4.1374134999999997e-05
14,640,4.1374129999999996e-05
14,641,4.13516525e-05
14,642,4.1351592499999995e-05
14,643,3.96172375e-05
14,644,3.9617225e-05
14,645,3.9105485e-05
14,646,3.86100875e-05
14,647,3.8610085e-05
14,648,3.86100425e-05
14,649,3.4622435000000005e-05
14,650,3.462242e-05
14,651,3.46223225e-05
14,652,3.428163e-05
14,653,3.428163e-05
14,654,3.428159e-05
14,655,3.16384375e-05
14,656,3.1234192499999996e-05
14,657,3.123417e-05
14,658,3.123417e-05
14,659,3.123259e-05
14,660,3.12325875e-05
14,661,2.77879025e-05
14,662,2.7787884999999998e-05
14,663,2.778781e-05
14,664,2.778781e-05
14,665,2.778781e-05
14,666,2.7787785e-05
14,667,2.32114425e-05
14,668,2.3211417499999997e-05
14,669,2.321137e-05
14,670,2.321137e-05
14,671,2.321137e-05
14,672,2.3211337500000002e-05
14,673,2.14685675e-05
14,674,2.146854e-05
14,675,2.117964e-05
14,676,2.117964e-05
14,677,2.1179525e-05
14,678,2.1179515e-05
14,679,1.9026645e-05
14,680,1.9026597499999998e-05
14,681,1.90265575e-05
14,682,1.87546825e-05
14,683,1.8754637499999998e-05
14,684,1.875461e-05
14,685,1.86329375e-05
14,686,1.8632872499999997e-05
14,687,1.863287e-05
14,688,1.863287e-05
14,689,1.863287e-05
14,690,1.8334405e-05
14,691,1.809586e-05
14,692,1.80957625e-05
14,693,1.8095685e-05
14,694,1.7410075e-05
14,695,1.7410075e-05
14,696,1.74100475e-05
14,697,1.6455325e-05
14,698,1.6455222500000003e-05
14,699,1.63773275e-05
14,700,1.61161525e-05
14,701,1.5738032500000003e-05
14,702,1.5738015000000002e-05
14,703,1.5659665e-05
14,704,1.5659665e-05
14,705,1.5659665e-05
14,706,1.5491005e-05
14,707,1.54909975e-05
14,708,1.5079525000000002e-05
14,709,1.50031125e-05
14,710,1.5003054999999999e-05
14,711,1.40648575e-05
14,712,1.4064855e-05
14,713,1.406482e-05
14,714,1.406482e-05
14,715,1.40072375e-05
14,716,1.40072375e-05
14,717,1.40072375e-05
14,718,1.27948125e-05
14,719,1.2794734999999999e-05
14,720,1.255203e-05
14,721,1.25477325e-05
14,722,1.25477325e-05
14,723,1.25477325e-05
14,724,1.25477325e-05
14,725,1.2547727499999999e-05
14,726,1.238187e-05
14,727,1.235574e-05
14,728,1.235574e-05
14,729,1.2048892499999999e-05
14,730,1.20410025e-05
14,731,1.194033e-05
14,732,1.19403175e-05
14,733,1.1912375e-05
14,734,1.1912375e-05
14,735,1.1912375e-05
14,736,1.191237e-05
14,737,1.1912352500000001e-05
14,738,1.19123375e-05
14,739,1.18863075e-05
14,740,1.18863075e-05
14,741,1.18863075e-05
14,742,1.18862975e-05
14,743,1.18861875e-05
14,744,1.18861775e-05
14,745,1.1839485e-05
14,746,1.1839485e-05
14,747,1.1839485e-05
14,748,1.1839485e-05
14,749,1.15960425e-05
14,750,1.15960425e-05
14,751,1.14449675e-05
14,752,1.14449675e-05
14,753,1.13633075e-05
14,754,1.1363305e-05
14,755,1.13278475e-05
14,756,1.13278375e-05
14,757,1.1033175000000001e-05
14,758,1.1033175000000001e-05
14,759,1.07985575e-05
14,760,1.07985575e-05
14,761,1.07985475e-05
14,762,1.06539025e-05
14,763,1.0638707499999999e-05
14,764,1.0638705e-05
14,765,1.0638705e-05
14,766,1.0638705e-05
14,767,1.06386975e-05
14,768,1.0599305e-05
14,769,1.0598730000000001e-05
14,770,1.048512e-05
14,771,1.04061625e-05
14,772,1.04061625e-05
14,773,9.8899725e-06
14,774,9.8899725e-06
14,775,9.881595e-06
14,776,9.881595e-06
14,777,9.881595e-06
14,778,9.881595e-06
14,779,9.78157e-06
14,780,9.78157e-06
14,781,9.7806175e-06
14,782,9.7806175e-06
14,783,9.780615e-06
14,784,9.780615e-06
14,785,9.114240000000001e-06
14,786,9.114240000000001e-06
14,787,9.1129125e-06
14,788,9.11291e-06
14,789,9.11291e-06
14,790,9.11291e-06
14,791,9.11291e-06
14,792,9.11291e-06
14,793,9.000015e-06
14,794,9.000015e-06
14,795,9.0000125e-06
14,796,9.0000125e-06
14,797,9.0000125e-06
14,798,9.0000125e-06
14,799,8.996467499999999e-06
14,800,8.996467499999999e-06
14,801,8.9108275e-06
14,802,8.9108275e-06
14,803,8.9108275e-06
14,804,8.910825000000001e-06
14,805,8.9036875e-06
14,806,8.903685e-06
14,807,8.9036775e-06
14,808,8.9036775e-06
14,809,8.5159625e-06
14,810,8.51596e-06
14,811,8.501785e-06
14,812,8.5017825e-06
14,813,8.500885000000001e-06
14,814,8.500885000000001e-06
14,815,8.37444e-06
14,816,8.3744375e-06
14,817,8.3468775e-06
14,818,8.346875000000001e-06
14,819,8.346855e-06
14,820,8.346855e-06
14,821,8.346855e-06
14,822,8.34685e-06
14,823,8.2951325e-06
14,824,8.246147499999999e-06
14,825,8.246115e-06
14,826,8.122975e-06
14,827,8.122975e-06
14,828,7.6867725e-06
14,829,7.5954874999999995e-06
14,830,7.586835e-06
14,831,7.5867824999999996e-06
14,832,7.5867824999999996e-06
14,833,7.5867824999999996e-06
14,834,7.5814075000000005e-06
14,835,7.431812500000001e-06
14,836,7.41378e-06
14,837,7.3767e-06
14,838,7.360255e-06
14,839,7.360255e-06
14,840,7.360232500000001e-06
14,841,7.0345625e-06
14,842,6.932415e-06
14,843,6.930285e-06
14,844,6.864275e-06
14,845,6.864275e-06
14,846,6.8642624999999996e-06
14,847,6.82714e-06
14,848,6.82714e-06
14,849,6.391995e-06
14,850,6.391995e-06
14,851,6.23169e-06
14,852,6.2316825000000005e-06
14,853,6.04102e-06
14,854,6.001085e-06
14,855,6.00104e-06
14,856,6.000195e-06
14,857,5.8809074999999996e-06
14,858,5.83155e-06
14,859,5.731047500000001e-06
14,860,5.731047500000001e-06
14,861,5.731047500000001e-06
14,862,5.05127e-06
14,863,5.0512300000000004e-06
14,864,5.0512300000000004e-06
14,865,5.00696e-06
14,866,5.0069525e-06
14,867,5.0067825e-06
14,868,5.0067825e-06
14,869,5.0067825e-06
14,870,5.006722500000001e-06
14,871,4.9888125000000004e-06
14,872,4.9888125000000004e-06
14,873,4.9888125000000004e-06
14,874,4.988802500000001e-06
14,875,4.95994e-06
14,876,4.95994e-06
14,877,4.951295e-06
14,878,4.951295e-06
14,879,4.951295e-06
14,880,4.951285e-06
14,881,4.95114e-06
14,882,4.95114e-06
14,883,4.9394925e-06
14,884,4.9394925e-06
14,885,4.9394925e-06
14,886,4.939485e-06
14,887,4.939355e-06
14,888,4.91401e-06
14,889,4.91401e-06
14,890,4.8988949999999995e-06
14,891,4.8988949999999995e-06
14,892,4.0702625e-06
14,893,4.0702625e-06
14,894,4.021715e-06
14,895,4.021715e-06
14,896,4.021715e-06
14,897,4.021715e-06
14,898,4.021715e-06
14,899,4.021715e-06
14,900,4.0166525e-06
14,901,4.0166525e-06
14,902,4.0166525e-06
14,903,4.0166525e-06
14,904,4.0166525e-06
14,905,3.925489999999999e-06
14,906,3.925489999999999e-06
14,907,3.925489999999999e-06
14,908,3.925489999999999e-06
14,909,3.925489999999999e-06
14,910,3.925489999999999e-06
14,911,3.925489999999999e-06
14,912,3.842945e-06
14,913,3.842945e-06
14,914,3.842945e-06
14,915,3.801535e-06
14,916,3.7980074999999996e-06
14,917,3.7807849999999997e-06
14,918,3.7807849999999997e-06
14,919,3.7807849999999997e-06
14,920,3.7807849999999997e-06
14,921,3.7807849999999997e-06
14,922,3.7807849999999997e-06
14,923,3.7726025e-06
14,924,3.7726025e-06
14,925,3.7726025e-06
14,926,3.7726025e-06
14,927,3.7726025e-06
14,928,3.7726025e-06
14,929,3.7726025e-06
14,930,3.7726025e-06
14,931,3.7726025e-06
14,932,3.7726025e-06
14,933,3.7483575e-06
14,934,3.7483575e-06
14,935,3.7483575e-06
14,936,3.7202749999999997e-06
14,937,3.7202749999999997e-06
14,938,3.6640075e-06
14,939,3.4001125e-06
14,940,3.4001125e-06
14,941,3.4001125e-06
14,942,3.4001125e-06
14,943,3.4001125e-06
14,944,3.4001125e-06
14,945,3.3997775e-06
14,946,3.39045e-06
14,947,3.39045e-06
14,948,3.3892349999999996e-06
14,949,3.3892349999999996e-06
14,950,3.3892349999999996e-06
14,951,3.3892349999999996e-06
14,952,3.3892349999999996e-06
14,953,3.3892349999999996e-06
14,954,3.3892349999999996e-06
14,955,3.3892349999999996e-06
14,956,3.3751175e-06
14,957,3.3751175e-06
14,958,3.3751175e-06
14,959,3.3751175e-06
14,960,3.3751175e-06
14,961,3.3548025e-06
14,962,3.3548025e-06
14,963,3.3548025e-06
14,964,3.3548025e-06
14,965,3.3543025000000004e-06
14,966,3.3543025000000004e-06
14,967,3.32715e-06
14,968,3.3215475e-06
14,969,3.11515e-06
14,970,3.1131850000000003e-06
14,971,3.1108225000000002e-06
14,972,3.1088525e-06
14,973,3.0515399999999998e-06
14,974,3.0515399999999998e-06
14,975,3.0515399999999998e-06
14,976,3.0491575e-06
14,977,3.04444e-06
14,978,3.04444e-06
14,979,3.04444e-06
14,980,3.04444e-06
14,981,2.9978225e-06
14,982,2.9978225e-06
14,983,2.9613875e-06
14,984,2.9613875e-06
14,985,2.9613875e-06
14,986,2.9613875e-06
14,987,2.9583525e-06
14,988,2.9583525e-06
14,989,2.9583525e-06
14,990,2.9583525e-06
14,991,2.9583525e-06
14,992,2.958115e-06
14,993,2.9464325e-06
14,994,2.9464325e-06
14,995,2.9464325e-06
14,996,2.9464325e-06
14,997,2.9464325e-06
14,998,2.9464325e-06
14,999,2.93759e-06
14,1000,2.93759e-06
15,1,531.6399173718276
15,2,322.940089717185
15,3,268.5596286456525
15,4,227.791858133325
15,5,201.42249465592002
15,6,187.721791592995
15,7,175.4611021466025
15,8,164.4726107420375
15,9,145.71235737710998
15,10,139.1404011186675
15,11,128.102502609975
15,12,121.07275856435999
15,13,116.43777448869
15,14,113.62456206715001
15,15,106.2282022573675
15,16,102.93661501327749
15,17,97.386451067655
15,18,94.9784236465925
15,19,91.6879914582375
15,20,90.8792233217875
15,21,86.73063472211001
15,22,86.33325328777501
15,23,83.68780458248
15,24,83.52484508418999
15,25,81.4605944144725
15,26,79.313309310045
15,27,78.036089450615
15,28,74.6859267365375
15,29,72.67618288385499
15,30,70.214530345785
15,31,67.30410522623501
15,32,67.13092044200751
15,33,63.98550154108
15,34,62.4507564549775
15,35,62.4507564549775
15,36,62.325271360942494
15,37,61.57387095619
15,38,61.010264652805006
15,39,60.783082115495006
15,40,60.41151109587501
15,41,59.07354378951
15,42,58.2196979047
15,43,55.3434427634925
15,44,55.239618183642506
15,45,55.103012281270004
15,46,54.589718710839996
15,47,53.229867320062496
15,48,52.261918387565004
15,49,51.25157547608249
15,50,50.372109497745
15,51,49.363845143587504
15,52,48.8758209992325
15,53,47.33672409733
15,54,46.7530644941775
15,55,45.21184676336
15,56,44.566423203565
15,57,44.150607373822496
15,58,44.05244432879
15,59,43.523520076699995
15,60,43.32153110483
15,61,42.6704403625775
15,62,42.4335932394275
15,63,42.1217362662125
15,64,42.1217362662125
15,65,41.8410674597425
15,66,41.7949240535925
15,67,41.7600144496825
15,68,41.674250597745
15,69,40.16401597
15,70,39.6465230596375
15,71,39.598596367615
15,72,38.768270285454996
15,73,38.0389428558625
15,74,37.3784560909175
15,75,37.3784560909175
15,76,37.110706999185
15,77,36.5045046902625
15,78,36.030914163969996
15,79,36.030914163969996
15,80,36.029911351975
15,81,35.8468292472725
15,82,35.613469200245
15,83,34.992925715835
15,84,34.6608872573875
15,85,34.545667720105
15,86,34.099501452969996
15,87,33.482880996925005
15,88,32.989954790489996
15,89,32.899571514659996
15,90,32.792445919705
15,91,32.08482226955
15,92,31.2457413870625
15,93,31.202577985317497
15,94,30.6215650586825
15,95,30.527482534675
15,96,30.527482534675
15,97,30.4453036756125
15,98,29.3930000251
15,99,29.3930000251
15,100,29.2724078963075
15,101,29.024461272035
15,102,29.024461272035
15,103,28.872157186007502
15,104,28.872157186007502
15,105,28.486174246617498
15,106,28.486174246617498
15,107,28.486174246617498
15,108,28.486174246617498
15,109,28.468236680297498
15,110,28.395653305872496
15,111,28.1875915311675
15,112,27.78977186627
15,113,27.5718884588775
15,114,27.5626804946125
15,115,27.5626804946125
15,116,27.5626804946125
15,117,27.410305359645
15,118,27.155364981717504
15,119,27.012387594165
15,120,26.8124092604275
15,121,26.8124092604275
15,122,26.744969328899998
15,123,26.7360681153975
15,124,26.731760245735
15,125,26.7213089374225
15,126,26.7213089374225
15,127,26.429670618517502
15,128,26.18358361667
15,129,26.18358361667
15,130,26.0520023748025
15,131,26.0520023748025
15,132,26.0520023748025
15,133,26.005431888427502
15,134,26.005431888427502
15,135,25.996568336132498
15,136,25.996568336132498
15,137,25.996568336132498
15,138,25.6512323664975
15,139,25.3747661343725
15,140,25.177519451534998
15,141,24.956025805175
15,142,24.956025805175
15,143,24.837225960575
15,144,24.837225960575
15,145,24.7240186601625
15,146,24.6528666881025
15,147,24.6528666881025
15,148,24.6528666881025
15,149,24.637659020454997
15,150,24.637659020454997
15,151,24.637659020454997
15,152,24.637659020454997
15,153,24.349612408995
15,154,24.349612408995
15,155,24.3420588371175
15,156,24.3046878941475
15,157,24.215102844137498
15,158,24.159558991015
15,159,24.080146681415
15,160,24.080146681415
15,161,23.9369738747025
15,162,23.9369738747025
15,163,23.9369738747025
15,164,23.311297453455
15,165,23.311297453455
15,166,23.311297453455
15,167,23.311297453455
15,168,23.311297453455
15,169,23.311297453455
15,170,23.239014178127498
15,171,23.239014178127498
15,172,23.239014178127498
15,173,23.079266998315
15,174,23.079266998315
15,175,23.079266998315
15,176,22.8045681410925
15,177,22.8045681410925
15,178,22.610397579205
15,179,22.400700764345
15,180,22.37249210289
15,181,22.37249210289
15,182,22.37249210289
15,183,22.37249210289
15,184,22.1740780664725
15,185,22.1740780664725
15,186,22.022349798695
15,187,22.022349798695
15,188,22.022349798695
15,189,22.022349798695
15,190,22.022349798695
15,191,21.9900898063
15,192,21.9900898063
15,193,21.9900898063
15,194,21.668259279187502
15,195,21.668259279187502
15,196,21.668259279187502
15,197,21.563788197547503
15,198,21.5559548087825
15,199,21.1211343590725
15,200,21.1211343590725
15,201,21.1211343590725
15,202,21.11612020301
15,203,21.11612020301
15,204,21.11612020301
15,205,20.991161593045
15,206,20.970595736305
15,207,20.854996126259998
15,208,20.846669793442498
15,209,20.32214686533
15,210,20.32214686533
15,211,20.32214686533
15,212,20.32214686533
15,213,20.14841206352
15,214,19.997740674655
15,215,19.997740674655
15,216,19.997740674655
15,217,19.997740674655
15,218,19.33984488923
15,219,19.33984488923
15,220,19.33984488923
15,221,19.33984488923
15,222,19.0862344645625
15,223,19.03692433701
15,224,19.03692433701
15,225,19.03692433701
15,226,19.015804833202502
15,227,18.784090451135
15,228,18.5775104489225
15,229,18.413269474852502
15,230,18.378270515849998
15,231,18.378270515849998
15,232,18.378270515849998
15,233,18.378270515849998
15,234,18.259267614287502
15,235,18.2286327491075
15,236,18.2286327491075
15,237,18.2286327491075
15,238,18.2286327491075
15,239,18.2286327491075
15,240,18.2286327491075
15,241,18.090009847655
15,242,18.090009847655
15,243,18.0851991358125
15,244,18.0851991358125
15,245,17.588153203215
15,246,17.513223741490002
15,247,17.48073861568
15,248,17.48073861568
15,249,17.48073861568
15,250,17.428043562005
15,251,17.428043562005
15,252,17.351643312780002
15,253,17.23191729872
15,254,17.23191729872
15,255,17.23191729872
15,256,17.129319057365002
15,257,17.041272394622503
15,258,17.0338947585
15,259,17.0338947585
15,260,17.0338947585
15,261,16.9657306516025
15,262,16.864429939085
15,263,16.864429939085
15,264,16.864429939085
15,265,16.864429939085
15,266,16.864429939085
15,267,16.728745239665
15,268,16.728745239665
15,269,16.728745239665
15,270,16.5862615776375
15,271,16.4629459645575
15,272,16.4629459645575
15,273,16.07348416817
15,274,15.919585093515
15,275,15.919585093515
15,276,15.919585093515
15,277,15.919585093515
15,278,15.879679232845001
15,279,15.879679232845001
15,280,15.879679232845001
15,281,15.879679232845001
15,282,15.7282628149175
15,283,15.7282628149175
15,284,15.517209583077499
15,285,15.475790197455002
15,286,15.475790197455002
15,287,15.475790197455002
15,288,15.209976363102502
15,289,15.209976363102502
15,290,15.15801971562
15,291,15.07945624569
15,292,15.07945624569
15,293,14.918051096612501
15,294,14.918051096612501
15,295,14.918051096612501
15,296,14.918051096612501
15,297,14.899785695464999
15,298,14.8801837637675
15,299,14.8801837637675
15,300,14.8801837637675
15,301,14.8801837637675
15,302,14.80838141886
15,303,14.741778258344999
15,304,14.69388850238
15,305,14.5992902636725
15,306,14.599290227672501
15,307,14.5992902230075
15,308,14.579888994825001
15,309,14.4311224965025
15,310,14.407260952405
15,311,14.407260952405
15,312,14.407260952405
15,313,14.407260952405
15,314,14.407260952405
15,315,14.407260952405
15,316,14.389430654395
15,317,14.389430654395
15,318,14.389430654395
15,319,14.389430654395
15,320,14.389430654395
15,321,14.389430654395
15,322,14.389430654395
15,323,14.0417709459775
15,324,14.0417708957375
15,325,13.996887108925
15,326,13.9833595650325
15,327,13.871947779920001
15,328,13.834634945562499
15,329,13.585493543640002
15,330,13.58549353558
15,331,13.43918066695
15,332,13.417125679615001
15,333,13.41712564669
15,334,13.4171256414825
15,335,13.28523592945
15,336,13.28523592945
15,337,13.285235927045
15,338,12.995048838032499
15,339,12.9670484248825
15,340,12.9670484248825
15,341,12.921896664455
15,342,12.9149939636775
15,343,12.907474859692499
15,344,12.9074748545775
15,345,12.898955566872498
15,346,12.863913868649998
15,347,12.76831696416
15,348,12.766767947255001
15,349,12.76676794222
15,350,12.758956268255
15,351,12.7589562394025
15,352,12.7589562316425
15,353,12.753792770485001
15,354,12.7305818346425
15,355,12.424830166949999
15,356,12.174151599455
15,357,12.174151599455
15,358,12.1741515976
15,359,12.095498058817501
15,360,12.084713588582499
15,361,12.081631729665
15,362,12.0628290559675
15,363,12.052044817685
15,364,12.052044812910001
15,365,11.9536173552675
15,366,11.777813298405
15,367,11.7527886036925
15,368,11.7527885667875
15,369,11.69581582977
15,370,11.6274515059375
15,371,11.2372363556725
15,372,11.1783313755075
15,373,11.095291003442501
15,374,11.0831210376525
15,375,10.97504137732
15,376,10.975041374055
15,377,10.7649596449325
15,378,10.7649596339625
15,379,10.7649596338975
15,380,10.7353206564525
15,381,10.39085849248
15,382,10.3778193454
15,383,10.1805154713075
15,384,10.17968973284
15,385,10.125297429525
15,386,10.101701535505
15,387,10.1017015280775
15,388,10.0507063567775
15,389,9.977282798752501
15,390,9.9772827850525
15,391,9.9666045601225
15,392,9.9666045245625
15,393,9.9659540238575
15,394,9.828834488990001
15,395,9.706270419075
15,396,9.6308327825175
15,397,9.593105497649999
15,398,9.538775014205
15,399,9.5387371303675
15,400,9.5370002632625
15,401,9.47869701881
15,402,9.4697014682625
15,403,9.469540244040001
15,404,9.4695402392125
15,405,9.46954023188
15,406,9.469540231595001
15,407,9.404512981729999
15,408,9.3234032048775
15,409,9.3206055677925
15,410,9.2618111529425
15,411,9.261811139712501
15,412,9.2219970634525
15,413,9.179204110935
15,414,9.1509913195025
15,415,9.150991317145
15,416,9.150991317145
15,417,9.1447494433725
15,418,9.14474944316
15,419,8.787576809095
15,420,8.7775490959825
15,421,8.711063814845
15,422,8.710127188727501
15,423,8.706493681205
15,424,8.7060881542925
15,425,8.54922676412
15,426,8.5248346387775
15,427,8.524834638215001
15,428,8.52483462351
15,429,8.48098714912
15,430,8.480987149025001
15,431,8.4645121549825
15,432,8.4482501792275
15,433,8.4075955571625
15,434,8.31818842004
15,435,8.3181884105175
15,436,8.306044213244999
15,437,8.21268703794
15,438,8.1770392484925
15,439,8.17703924809
15,440,8.143969392872501
15,441,8.1439693853725
15,442,8.117879166189999
15,443,8.0742091849625
15,444,7.958953895155
15,445,7.958085020577501
15,446,7.958066049795001
15,447,7.9457827682475
15,448,7.9457827680649995
15,449,7.9280037050375
15,450,7.925147529599999
15,451,7.925108047775
15,452,7.818426998722499
15,453,7.77453801217
15,454,7.763714600295001
15,455,7.73069399007
15,456,7.697574608102499
15,457,7.690943123545
15,458,7.6897108692125
15,459,7.689710807395
15,460,7.68971079801
15,461,7.66920916255
15,462,7.66920914074
15,463,7.6669472865125
15,464,7.6669142675975
15,465,7.6665683168
15,466,7.666568316775001
15,467,7.651020676580001
15,468,7.634929551297501
15,469,7.375017981075
15,470,7.3276928607225
15,471,7.326836698357501
15,472,7.32683665962
15,473,7.320865143160001
15,474,7.319147014562501
15,475,7.15649511559
15,476,7.15649508387
15,477,7.139864170459999
15,478,7.1213108512475
15,479,7.117232989234999
15,480,7.109129961572501
15,481,6.9391019164425005
15,482,6.9014041843200005
15,483,6.900667954445
15,484,6.898824453745
15,485,6.886472188805
15,486,6.886472181455
15,487,6.8503611900425
15,488,6.850361171672501
15,489,6.8503611673775
15,490,6.84974732021
15,491,6.8472658527975
15,492,6.8472658527600005
15,493,6.7922179546875
15,494,6.7922179444449995
15,495,6.7834486319025
15,496,6.7834047676675
15,497,6.7823835784924995
15,498,6.779381022652499
15,499,6.684860102217501
15,500,6.68322289363
15,501,6.683184657417501
15,502,6.6827787589075
15,503,6.637828696834999
15,504,6.63742821954
15,505,6.6075910448375
15,506,6.603537455510001
15,507,6.6035374447625
15,508,6.596313662542499
15,509,6.5912199828
15,510,6.591219972705
15,511,6.5642602508525005
15,512,6.5642602508525005
15,513,6.5642602438525
15,514,6.55388892379
15,515,6.5507935343699994
15,516,6.550793523735
15,517,6.549358812362501
15,518,6.5493588122575
15,519,6.5493588122325
15,520,6.548427305755
15,521,6.5426379341
15,522,6.537692074442501
15,523,6.5006844658775
15,524,6.4953969447199995
15,525,6.49442082746
15,526,6.49442082136
15,527,6.492633762155
15,528,6.490856316884999
15,529,6.453000008377501
15,530,6.4527989903575005
15,531,6.4379152826325
15,532,6.4331800109724995
15,533,6.43013704267
15,534,6.4301370374725
15,535,6.42649589203
15,536,6.42637616369
15,537,6.42501478529
15,538,6.424581187325001
15,539,6.424095565932499
15,540,6.4137077130349995
15,541,6.393793505665
15,542,6.393793505605
15,543,6.3862008156325
15,544,6.3862008120775
15,545,6.3856074821424995
15,546,6.3851684288125
15,547,6.36809365971
15,548,6.36775133165
15,549,6.367751326645
15,550,6.3617593267025
15,551,6.3614223093749995
15,552,6.3613333296225
15,553,6.32178426568
15,554,6.3191304491175
15,555,6.3085598361725
15,556,6.3075984677325
15,557,6.307546562865
15,558,6.3075465626575005
15,559,6.2832967169275005
15,560,6.2832888370974995
15,561,6.281786067915
15,562,6.281740425160001
15,563,6.2809422366175
15,564,6.2809256885749996
15,565,6.262159382035
15,566,6.262159375925
15,567,6.262159373015
15,568,6.255992254215
15,569,6.250590246330001
15,570,6.2505318673975
15,571,6.24873323292
15,572,6.24873323292
15,573,6.2482318791099996
15,574,6.2478594113475
15,575,6.2456526827625
15,576,6.2456526827625
15,577,6.238396713575
15,578,6.2357165927975
15,579,6.2355632556275
15,580,6.235504549374999
15,581,6.2341559392725
15,582,6.2341559392725
15,583,6.2276908989174995
15,584,6.227690696514999
15,585,6.2276906936775
15,586,6.2276874345775
15,587,6.2276860484025
15,588,6.22586824575
15,589,6.2225226913550005
15,590,6.222009552905
15,591,6.2220085697175005
15,592,6.2219590383125
15,593,6.221953394634999
15,594,6.221799809355
15,595,6.2215483880225
15,596,6.22110327156
15,597,6.22104946431
15,598,6.22104946255
15,599,6.22079365614
15,600,6.22007254348
15,601,6.2199224889349995
15,602,6.2162995186775
15,603,6.216290629675
15,604,6.2162719575525
15,605,6.214573202785
15,606,6.214573202785
15,607,6.2141141879875
15,608,6.2140755919025
15,609,6.2111579836674995
15,610,6.2111579836674995
15,611,6.2111434154100005
15,612,6.211128550475
15,613,6.211089905242501
15,614,6.211089905242501
15,615,6.211089905242501
15,616,6.210826549355
15,617,6.2105982663025
15,618,6.2105901716775005
15,619,6.20866301828
15,620,6.20830840886
15,621,6.208307604244999
15,622,6.2073438268225
15,623,6.17926153263
15,624,6.17926153263
15,625,6.179246970265
15,626,6.1792462872725
15,627,6.17920539504
15,628,6.151923989285001
15,629,6.151193832060001
15,630,6.1492394026275
15,631,6.1492167334325005
15,632,6.1492167052725
15,633,6.148586465685
15,634,6.148586465685
15,635,6.1085127429775
15,636,6.1085086206699994
15,637,6.1085086206699994
15,638,6.1083942213824995
15,639,6.1083942213824995
15,640,6.10826917419
15,641,6.108261893945
15,642,6.10825493644
15,643,6.10824420991
15,644,6.1082411201775
15,645,6.10824112017
15,646,6.10806385221
15,647,6.108031634217499
15,648,6.108031634217499
15,649,6.108031634217499
15,650,6.108031634217499
15,651,6.1074256506974995
15,652,6.1073388494225
15,653,6.1073388494225
15,654,6.107237936304999
15,655,6.107236755425
15,656,6.10722253436
15,657,6.10722253436
15,658,6.107217181939999
15,659,6.107217180835
15,660,6.10721717962
15,661,6.10721521309
15,662,6.106998935592499
15,663,6.0985800849625
15,664,6.0980889993125
15,665,6.0980889993125
15,666,6.0980849019575
15,667,6.0980827495825
15,668,6.09808274958
15,669,5.9786163629325
15,670,5.9786163629325
15,671,5.97861605704
15,672,5.9786047204725
15,673,5.97845497613
15,674,5.9784342838299995
15,675,5.9536963043424995
15,676,5.95358650811
15,677,5.9533080019549995
15,678,5.953307970165
15,679,5.9533079407975
15,680,5.9533079407975
15,681,5.910572891785
15,682,5.910572836089999
15,683,5.910572836089999
15,684,5.9105387604575
15,685,5.91053814463
15,686,5.910538114717499
15,687,5.85860395978
15,688,5.8585849344425
15,689,5.858580287764999
15,690,5.858460977242499
15,691,5.8584393817
15,692,5.858435569375
15,693,5.858435456677499
15,694,5.85019271124
15,695,5.8496896606675
15,696,5.8496896606675
15,697,5.849689645555
15,698,5.849689645555
15,699,5.8284478734825
15,700,5.8284478734825
15,701,5.8284191242475
15,702,5.828122926874999
15,703,5.8112977720475
15,704,5.8112825897975
15,705,5.8003569424625
15,706,5.800356920245
15,707,5.8003569193025
15,708,5.800351970575
15,709,5.80026295829
15,710,5.8002323064425
15,711,5.79887045027
15,712,5.79887045027
15,713,5.79886790066
15,714,5.79886790066
15,715,5.79885423875
15,716,5.7804286897675
15,717,5.7801897226225005
15,718,5.7801897226225005
15,719,5.7695042970275
15,720,5.75774119723
15,721,5.7577005144075
15,722,5.75764789924
15,723,5.7576301837025
15,724,5.7576301837025
15,725,5.7576301836475
15,726,5.7576301836475
15,727,5.7576301824975
15,728,5.75763014531
15,729,5.7576101497
15,730,5.7574595731475
15,731,5.7574595731475
15,732,5.7574561802175
15,733,5.7574561463075
15,734,5.757456074005001
15,735,5.757456060845
15,736,5.757456060845
15,737,5.754796416245
15,738,5.754796339515
15,739,5.7547958220875
15,740,5.7547957867825
15,741,5.754795495935
15,742,5.7547929459525005
15,743,5.7443841103825
15,744,5.7443330112675
15,745,5.7442965668625
15,746,5.7442960261825
15,747,5.7442960261825
15,748,5.7442862496275
15,749,5.7442862496275
15,750,5.744286248174999
15,751,5.744286248174999
15,752,5.7442859519275
15,753,5.7442815892125
15,754,5.74418657613
15,755,5.744186542555
15,756,5.7441865208325
15,757,5.74418651404
15,758,5.74418651404
15,759,5.74418646553
15,760,5.74418646553
15,761,5.7441465634025
15,762,5.7441465630224995
15,763,5.7441400486675
15,764,5.7441400486675
15,765,5.74408712012
15,766,5.74408712012
15,767,5.7440871172425
15,768,5.7440844528325
15,769,5.744084451212499
15,770,5.7439954133699995
15,771,5.7439848296275
15,772,5.740865418345
15,773,5.740865418345
15,774,5.740865338247501
15,775,5.74086533761
15,776,5.7408522370825
15,777,5.740852063349999
15,778,5.740848105235
15,779,5.7408472499175
15,780,5.7408438686875005
15,781,5.7408438686875005
15,782,5.7408438686875005
15,783,5.740842917625001
15,784,5.7408424518875005
15,785,5.7408418875325
15,786,5.7408418875325
15,787,5.740841877555
15,788,5.7408416656600005
15,789,5.740841657384999
15,790,5.740841657384999
15,791,5.7408343823125
15,792,5.740828741175
15,793,5.7408278842825
15,794,5.7408278835725
15,795,5.7399420934125
15,796,5.7399414275825
15,797,5.7399414275825
15,798,5.7399414275825
15,799,5.7399291093525004
15,800,5.7399291093525004
15,801,5.73992762659
15,802,5.73992762659
15,803,5.73992621862
15,804,5.73992621585
15,805,5.73992621585
15,806,5.7399262125575
15,807,5.7399223622725
15,808,5.739922360855
15,809,5.739922360855
15,810,5.73992232725
15,811,5.7399223250375
15,812,5.7399223250375
15,813,5.73992210547
15,814,5.73992192806
15,815,5.73992192806
15,816,5.739921926645001
15,817,5.734550319525001
15,818,5.73258287372
15,819,5.7228641371724995
15,820,5.7172462341325
15,821,5.7146875813125
15,822,5.7114266884575
15,823,5.71142500952
15,824,5.71141250826
15,825,5.7106380425325
15,826,5.7106380425325
15,827,5.70954690695
15,828,5.70954688497
15,829,5.70954676132
15,830,5.70954676132
15,831,5.70954676132
15,832,5.7095467610025
15,833,5.708377127935
15,834,5.70837711452
15,835,5.7081189718675
15,836,5.705872028795
15,837,5.7058704958275
15,838,5.7058704958275
15,839,5.705564545205
15,840,5.7055640211525
15,841,5.70556402071
15,842,5.70556402043
15,843,5.7055640201975
15,844,5.705564001995
15,845,5.705522799025
15,846,5.704635659295
15,847,5.70463564989
15,848,5.699813394215
15,849,5.6998133940899995
15,850,5.6998133924425
15,851,5.699811152645
15,852,5.6986549555325
15,853,5.6986549555325
15,854,5.69865470887
15,855,5.6986547048025
15,856,5.6986547048025
15,857,5.698654476595
15,858,5.698654470959999
15,859,5.6986544673675
15,860,5.6986544673675
15,861,5.698654467335
15,862,5.698654467335
15,863,5.6979993601575005
15,864,5.6979972538200006
15,865,5.6979972538200006
15,866,5.69799721624
15,867,5.6979971843475
15,868,5.6979971843525
15,869,5.6979971843525
15,870,5.6979971843525
15,871,5.6979971447875
15,872,5.697997144495
15,873,5.6979249626325
15,874,5.69744071571
15,875,5.696722422615
15,876,5.6967224194725
15,877,5.696722419165
15,878,5.696722419165
15,879,5.6967194042625
15,880,5.6967194042625
15,881,5.696719404215
15,882,5.696719404215
15,883,5.696719404215
15,884,5.696719404125
15,885,5.6961419580175
15,886,5.696141950402501
15,887,5.696141105440001
15,888,5.6944159730849995
15,889,5.69361247214
15,890,5.6936124721275
15,891,5.6936124712875
15,892,5.6936124712875
15,893,5.6936124712875
15,894,5.693612470965
15,895,5.6936124255700005
15,896,5.6936124255025
15,897,5.6936124255025
15,898,5.6936124255025
15,899,5.6936124252900004
15,900,5.6936124252900004
15,901,5.693612424435
15,902,5.693612424435
15,903,5.693594508075
15,904,5.69339060297
15,905,5.6933890731275
15,906,5.6933890710775
15,907,5.6933890709875
15,908,5.6933890709875
15,909,5.6933860243725
15,910,5.6933860180875
15,911,5.6933860178475
15,912,5.6933860178475
15,913,5.693385702205
15,914,5.6933857021225
15,915,5.693385701855
15,916,5.692249375775
15,917,5.692249375775
15,918,5.692249375775
15,919,5.692249375775
15,920,5.6922481115175
15,921,5.6922481115175
15,922,5.6922481115175
15,923,5.6922481112775
15,924,5.6922480622
15,925,5.6922480622
15,926,5.6922480622
15,927,5.69224806219
15,928,5.69224806219
15,929,5.69188994402
15,930,5.69188994402
15,931,5.69188994402
15,932,5.6918899437575
15,933,5.6918899437575
15,934,5.6918899437575
15,935,5.6918899437575
15,936,5.691889943605
15,937,5.691889943565
15,938,5.691889943565
15,939,5.6918899351375
15,940,5.6918899351025
15,941,5.6918899351025
15,942,5.691136169675
15,943,5.69105590819
15,944,5.690810767065
15,945,5.6908107504775005
15,946,5.6908107504775005
15,947,5.6908107504275005
15,948,5.69080736223
15,949,5.69080736223
15,950,5.69080736223
15,951,5.69080735965
15,952,5.6908073594925
15,953,5.69080735949
15,954,5.690807359485
15,955,5.690807359147501
15,956,5.6908072674825
15,957,5.69080726748
15,958,5.69080726748
15,959,5.6908072674525005
15,960,5.69080726434
15,961,5.690807264275
15,962,5.690807264275
15,963,5.690807264275
15,964,5.6908072641975
15,965,5.690807263215
15,966,5.690807263205
15,967,5.690807263205
15,968,5.69080726295
15,969,5.6900855816750004
15,970,5.6900854970775
15,971,5.6900854970675
15,972,5.6900854898325
15,973,5.6900854898325
15,974,5.6900854898325
15,975,5.6900854898325
15,976,5.690085489785
15,977,5.6896377111925
15,978,5.6896377111925
15,979,5.6896377101275
15,980,5.6896377101275
15,981,5.689637709895
15,982,5.689637709895
15,983,5.6893619883875
15,984,5.6889623380400005
15,985,5.6889623380375
15,986,5.6889623380375
15,987,5.68833497576
15,988,5.68833497576
15,989,5.6883349734525
15,990,5.6883349734525
15,991,5.6880681957625
15,992,5.6880681806475
15,993,5.68806798213
15,994,5.68806798172
15,995,5.6878592144
15,996,5.6878592144
15,997,5.6878592144
15,998,5.6878592144
15,999,5.687859213707499
15,1000,5.687859213185
16,1,77.8520502761625
16,2,60.34127419385
16,3,48.895545205935
16,4,43.4919577330125
16,5,40.135146125670005
16,6,37.1773301811425
16,7,33.474721580425
16,8,31.919267949455
16,9,28.972179893267498
16,10,27.677587546225
16,11,26.252745504785004
16,12,26.2527263413425
16,13,25.09708156146
16,14,24.929644172125002
16,15,24.66738077555
16,16,23.4194189888675
16,17,23.205757572665
16,18,22.6522357226325
16,19,22.6522357226325
16,20,20.844221760875
16,21,20.2401093811025
16,22,20.2104492360825
16,23,19.501039772835
16,24,19.4749706861325
16,25,19.2195819971475
16,26,18.7638002815575
16,27,18.7638002815575
16,28,18.109087969627502
16,29,17.2896307385475
16,30,16.7369500645925
16,31,16.7369500645925
16,32,16.4890372077975
16,33,16.2321726432325
16,34,16.065319839215
16,35,16.065319839215
16,36,15.613031167387499
16,37,15.4733732933775
16,38,15.14811262145
16,39,15.14811262145
16,40,15.121839661620001
16,41,14.969031383090002
16,42,14.969031383090002
16,43,14.63726391132
16,44,14.63726391132
16,45,14.63726391132
16,46,14.49196053524
16,47,14.49196053524
16,48,14.4201897616225
16,49,14.25387085125
16,50,13.988437774765
16,51,13.876850076810001
16,52,13.876850076810001
16,53,13.876850076810001
16,54,13.876850076810001
16,55,13.718839875354998
16,56,13.718839875354998
16,57,13.718839875354998
16,58,13.4434400206725
16,59,13.372412190395
16,60,13.372412190395
16,61,13.302869944047501
16,62,13.204629016160002
16,63,13.05354928346
16,64,13.05354928346
16,65,13.034964457929998
16,66,13.034964457929998
16,67,12.84561716797
16,68,12.84561716797
16,69,12.81282273526
16,70,12.81282273526
16,71,12.81282273526
16,72,12.81282273526
16,73,12.81282273526
16,74,12.81282273526
16,75,12.79593244874
16,76,12.56328693319
16,77,12.520651686594999
16,78,12.520651686594999
16,79,12.520651686594999
16,80,12.520651686594999
16,81,12.520651686594999
16,82,12.5015492721075
16,83,12.438348426602499
16,84,12.438348426602499
16,85,12.438348426602499
16,86,12.438348426602499
16,87,12.438348426602499
16,88,12.438348426602499
16,89,12.311362521015
16,90,12.311362521015
16,91,12.30806908136
16,92,12.30806908136
16,93,12.30806908136
16,94,12.105119749825
16,95,11.692906842502499
16,96,11.692906842502499
16,97,11.692906842502499
16,98,11.692906842502499
16,99,11.692906842502499
16,100,11.617950105164999
16,101,11.517352343635
16,102,11.3504560689675
16,103,11.3504560689675
16,104,11.3504560689675
16,105,11.3504560689675
16,106,11.2966392287375
16,107,11.09556382119
16,108,10.7225095681625
16,109,10.7225095681625
16,110,10.7225095681625
16,111,10.649428672245
16,112,10.649428672245
16,113,10.457384134817499
16,114,10.457384134817499
16,115,10.457384134817499
16,116,10.457384134817499
16,117,10.366291480695
16,118,10.366291480695
16,119,10.0313161841825
16,120,10.0313161841825
16,121,10.0313161841825
16,122,10.0313161841825
16,123,9.9151669771325
16,124,9.9151669771325
16,125,9.804163799247501
16,126,9.804163799247501
16,127,9.804163799247501
16,128,9.804163799247501
16,129,9.6815160014275
16,130,9.6815160014275
16,131,9.6815160014275
16,132,9.6815160014275
16,133,9.652531872915
16,134,9.565982072359999
16,135,9.553023868145
16,136,9.47904588078
16,137,9.4668283517925
16,138,9.4156857982625
16,139,9.4156857982625
16,140,9.4156857982625
16,141,9.4156857982625
16,142,9.4156857982625
16,143,9.4156857982625
16,144,9.4156857982625
16,145,9.4156857982625
16,146,9.37973901948
16,147,9.37973901948
16,148,9.3441767112775
16,149,9.3441767112775
16,150,9.3441767112775
16,151,9.3306868835175
16,152,9.3306868835175
16,153,9.3306868835175
16,154,9.3306868835175
16,155,9.191939580867501
16,156,9.191939580867501
16,157,9.191939580867501
16,158,9.191939580867501
16,159,9.191939580867501
16,160,9.191939580867501
16,161,9.191939580867501
16,162,9.191939580867501
16,163,9.156359691519999
16,164,9.156359691519999
16,165,9.1235185448075
16,166,8.85831130681
16,167,8.85831130681
16,168,8.85831130681
16,169,8.85831130681
16,170,8.85831130681
16,171,8.85831130681
16,172,8.8390766593775
16,173,8.8390766593775
16,174,8.830126047557501
16,175,8.830126047557501
16,176,8.830126047557501
16,177,8.830126047557501
16,178,8.77210759124
16,179,8.6753224674975
16,180,8.6753224674975
16,181,8.6703732931975
16,182,8.6443369754075
16,183,8.56448346018
16,184,8.56448346018
16,185,8.482309331635
16,186,8.47574855274
16,187,8.471729164525
16,188,8.471729164525
16,189,8.449838257555
16,190,8.449838257555
16,191,8.449838257555
16,192,8.449838257555
16,193,8.449838257555
16,194,8.41931326946
16,195,8.3533433766525
16,196,8.3533433766525
16,197,8.3533433766525
16,198,8.3533433766525
16,199,8.3533433766525
16,200,8.2587642950325
16,201,8.24381498711
16,202,8.24381498711
16,203,8.24381498711
16,204,8.2290974732875
16,205,8.1817820195325
16,206,8.1817820195325
16,207,8.174738148085
16,208,8.1374792200175
16,209,8.12529596607
16,210,7.9814187503975
16,211,7.9814187503975
16,212,7.951668589304999
16,213,7.9412807950125
16,214,7.858536835072501
16,215,7.7428344196575
16,216,7.655206376140001
16,217,7.6452831340900005
16,218,7.62499642267
16,219,7.62499642267
16,220,7.6057982480025
16,221,7.5643211154075
16,222,7.5643211154075
16,223,7.5557417728425
16,224,7.4662974651325005
16,225,7.4662974651325005
16,226,7.441079274560001
16,227,7.4364449825525
16,228,7.43130864995
16,229,7.43130864995
16,230,7.428033647555
16,231,7.40784820417
16,232,7.383496957975
16,233,7.3283796217975
16,234,7.1484825111175
16,235,7.12755614395
16,236,7.0666794063500005
16,237,7.0279460866525
16,238,7.0247126423575
16,239,6.9893932305324995
16,240,6.9893932305324995
16,241,6.94810243813
16,242,6.885384691932499
16,243,6.844281386842501
16,244,6.822047773607499
16,245,6.7929888271625005
16,246,6.7929888271625005
16,247,6.7248057591675
16,248,6.7248057591675
16,249,6.703462174297501
16,250,6.703462174297501
16,251,6.673256367375001
16,252,6.660009408265
16,253,6.660009408265
16,254,6.660009408265
16,255,6.642979045222501
16,256,6.5412872592825
16,257,6.5412872592825
16,258,6.5412872592825
16,259,6.4971608945075
16,260,6.4971608945075
16,261,6.4971608945075
16,262,6.3951619576725
16,263,6.3212771814575
16,264,6.26632840196
16,265,6.2637409073775
16,266,6.2637409073775
16,267,6.2637409073775
16,268,6.1677549420575
16,269,6.1677549420575
16,270,6.106655266765
16,271,6.0592112063925
16,272,6.0569977495125
16,273,6.0569977495125
16,274,6.012054951600001
16,275,6.012054951600001
16,276,5.9875479056325
16,277,5.96646150538
16,278,5.8147058041149995
16,279,5.7377273392675
16,280,5.67660554779
16,281,5.6548166556075
16,282,5.5441262188625
16,283,5.5441262188625
16,284,5.5441262188625
16,285,5.53350160841
16,286,5.53350160841
16,287,5.53350160841
16,288,5.5148210291675
16,289,5.3945691013225
16,290,5.385367614794999
16,291,5.328106884572501
16,292,5.28747959803
16,293,5.28747959803
16,294,5.2844919026275
16,295,5.1716325231975
16,296,5.1716325231975
16,297,5.170528748335
16,298,5.1675703953375
16,299,5.150394936485
16,300,5.108644882145
16,301,4.9954870894675
16,302,4.9230512761225
16,303,4.912423755244999
16,304,4.912423755244999
16,305,4.8479820735075005
16,306,4.8479820735075005
16,307,4.8133904214825005
16,308,4.80539166471
16,309,4.80539166471
16,310,4.77100525301
16,311,4.77100525301
16,312,4.67461475998
16,313,4.67461475998
16,314,4.67461475998
16,315,4.5803616787275
16,316,4.55808418505
16,317,4.55808418505
16,318,4.55808418505
16,319,4.5263344293075
16,320,4.5263344293075
16,321,4.5206609220975
16,322,4.4292717009525
16,323,4.4252641335875
16,324,4.4202833232125
16,325,4.378929621955001
16,326,4.3565524250525005
16,327,4.3563662527525
16,328,4.3563662527525
16,329,4.3356241004875
16,330,4.2510140989675005
16,331,4.250681456945
16,332,4.249606641425
16,333,4.2239451006725
16,334,4.2239451006725
16,335,4.2239451006725
16,336,4.216267189265
16,337,4.21127259779
16,338,4.187756896645
16,339,4.1119620649975
16,340,4.0569159974549995
16,341,4.04845324024
16,342,4.0421886065525
16,343,4.019977504917501
16,344,3.99182935341
16,345,3.948412841975
16,346,3.8804727826825003
16,347,3.8797339811424996
16,348,3.8797339811424996
16,349,3.8747737618925
16,350,3.87418357457
16,351,3.8275268399250004
16,352,3.7773106211925005
16,353,3.7243726556425
16,354,3.7007406897575
16,355,3.6674317614025
16,356,3.6548431716000005
16,357,3.6366599020800003
16,358,3.6035750723874997
16,359,3.6035750723874997
16,360,3.6028577125300005
16,361,3.6028577125300005
16,362,3.602382810225
16,363,3.59729568894
16,364,3.5399523312200003
16,365,3.529458201065
16,366,3.4860121126625003
16,367,3.4692351870025
16,368,3.4019252121775
16,369,3.3901284474175
16,370,3.38299832052
16,371,3.1972076919575
16,372,3.138836659455
16,373,3.138836659455
16,374,3.138836659455
16,375,3.113851241425
16,376,3.09996036111
16,377,3.0957560529799997
16,378,3.0957560529799997
16,379,3.095745976145
16,380,3.079027133075
16,381,3.0786355832999996
16,382,3.0786355832999996
16,383,3.002750757545
16,384,3.002750757545
16,385,3.0015144894625
16,386,2.9978175360325
16,387,2.96305022022
16,388,2.96295011791
16,389,2.9203742300799997
16,390,2.9199487262
16,391,2.84335940621
16,392,2.84335940621
16,393,2.8372210009825
16,394,2.813183090175
16,395,2.808413444205
16,396,2.696020136735
16,397,2.696020136735
16,398,2.6832981144325
16,399,2.6832981144325
16,400,2.6504164912475
16,401,2.638906279825
16,402,2.630367721355
16,403,2.488625350325
16,404,2.4864139058749997
16,405,2.470615073565
16,406,2.4659360924200002
16,407,2.4646311073775
16,408,2.4561842539625003
16,409,2.425677090995
16,410,2.3987830121675
16,411,2.39868525309
16,412,2.372811108175
16,413,2.3676251056375
16,414,2.3534778541000003
16,415,2.352205215875
16,416,2.352205215875
16,417,2.304122746355
16,418,2.29839115333
16,419,2.2633770466475
16,420,2.2627962819075003
16,421,2.2627962819075003
16,422,2.2478679478725
16,423,2.2478679478725
16,424,2.2474754950325
16,425,2.2447000410049998
16,426,2.2367200714675
16,427,2.227363784085
16,428,2.227363784085
16,429,2.227363784085
16,430,2.223633548535
16,431,2.223633548535
16,432,2.223633548535
16,433,2.08887940902
16,434,2.0880808910549997
16,435,2.0880276862525
16,436,2.0874940849375
16,437,2.08747693859
16,438,2.0863108369575003
16,439,2.0578754897100002
16,440,2.0360741614475
16,441,2.008671465655
16,442,1.954843875265
16,443,1.9444059818750001
16,444,1.9410291847349999
16,445,1.94102343105
16,446,1.9060689256724999
16,447,1.8928642126850002
16,448,1.8928642126850002
16,449,1.8928642126850002
16,450,1.889888790245
16,451,1.87262142521
16,452,1.87262142521
16,453,1.8694732096475
16,454,1.8692187175675
16,455,1.8659665474099998
16,456,1.8659665474099998
16,457,1.8554947492775
16,458,1.8554947492775
16,459,1.8459578037825
16,460,1.8443304627050001
16,461,1.8443304627050001
16,462,1.7942669452225002
16,463,1.7942580750750001
16,464,1.7863018083525
16,465,1.7417418903750002
16,466,1.741408102925
16,467,1.6911422669
16,468,1.6834618852249998
16,469,1.6834618852249998
16,470,1.6834618852249998
16,471,1.6834618852249998
16,472,1.6834618852249998
16,473,1.6834618852249998
16,474,1.6697222859225
16,475,1.6601413938299998
16,476,1.6466901386325
16,477,1.6431170046449999
16,478,1.6392728228949998
16,479,1.6340970914075001
16,480,1.6339895796675001
16,481,1.6318625164475002
16,482,1.6281141073575
16,483,1.6219335764900003
16,484,1.61967904131
16,485,1.6142884977249998
16,486,1.6142620167275001
16,487,1.6130774819275
16,488,1.6130774819275
16,489,1.6090867872675
16,490,1.6085915473324999
16,491,1.60135189397
16,492,1.5922927297475
16,493,1.5922927297475
16,494,1.5916023456525
16,495,1.5894209258025
16,496,1.5887201129800002
16,497,1.588106408145
16,498,1.588106408145
16,499,1.58810061986
16,500,1.58664119911
16,501,1.5693357252225
16,502,1.56806050026
16,503,1.5674420485975
16,504,1.5645976126
16,505,1.55875224484
16,506,1.5556379090425
16,507,1.55162179112
16,508,1.550384556835
16,509,1.54747151078
16,510,1.5460192208849999
16,511,1.53980653758
16,512,1.53980653758
16,513,1.52134055901
16,514,1.517470130035
16,515,1.517470130035
16,516,1.517470130035
16,517,1.513004820085
16,518,1.5067538119825001
16,519,1.4993716412975
16,520,1.4993716412975
16,521,1.491881214145
16,522,1.48634738361
16,523,1.482718506845
16,524,1.482718506845
16,525,1.48267381408
16,526,1.48267381408
16,527,1.4722424638525
16,528,1.4718566075625001
16,529,1.4669610122525
16,530,1.42813040142
16,531,1.42594141802
16,532,1.4229218947075
16,533,1.4229218947075
16,534,1.4227899568375002
16,535,1.4200187147
16,536,1.4194577908975001
16,537,1.4194577908975001
16,538,1.4144851000525
16,539,1.40341031969
16,540,1.3941295394125
16,541,1.390516198795
16,542,1.38641866077
16,543,1.38641866077
16,544,1.38641866077
16,545,1.3856351139875
16,546,1.3832010489950002
16,547,1.3753937362
16,548,1.3753937362
16,549,1.3753937362
16,550,1.3748378182825
16,551,1.3742747949525
16,552,1.37080894129
16,553,1.37080894129
16,554,1.3673888986325
16,555,1.3627870121975
16,556,1.355773761475
16,557,1.35486777504
16,558,1.3343436891475
16,559,1.3335144137425001
16,560,1.3335144137425001
16,561,1.3311713293275
16,562,1.3310308895824998
16,563,1.3214367977425001
16,564,1.32132806748
16,565,1.31888313219
16,566,1.31888313219
16,567,1.31359946426
16,568,1.31133616381
16,569,1.31133616381
16,570,1.308806040435
16,571,1.308019512675
16,572,1.3040388458024998
16,573,1.3040388458024998
16,574,1.3040388458024998
16,575,1.30368980299
16,576,1.3035957652324999
16,577,1.3017135919575
16,578,1.30141957189
16,579,1.2965657862275
16,580,1.295640430195
16,581,1.295640430195
16,582,1.295640430195
16,583,1.294436320525
16,584,1.294436320525
16,585,1.294436320525
16,586,1.291772048125
16,587,1.2910276456249998
16,588,1.2868761027325
16,589,1.286674763235
16,590,1.286135067655
16,591,1.2847476015925001
16,592,1.27966089356
16,593,1.27730618917
16,594,1.2771095778425
16,595,1.275935717815
16,596,1.2681201717300001
16,597,1.266592985365
16,598,1.25483832455
16,599,1.25483832455
16,600,1.25483832455
16,601,1.2545738745975001
16,602,1.2411605520225
16,603,1.24002500616
16,604,1.2062437075674999
16,605,1.204155412115
16,606,1.204155412115
16,607,1.2026095616724999
16,608,1.2026095616724999
16,609,1.2025994332525
16,610,1.2025994332525
16,611,1.2025994332525
16,612,1.2025994332525
16,613,1.2022016934575
16,614,1.19960196502
16,615,1.19960196502
16,616,1.1945550476625
16,617,1.1945500527425001
16,618,1.1943862853625
16,619,1.1924277979875
16,620,1.1924277979875
16,621,1.1923036358624999
16,622,1.1917065872075
16,623,1.1917065872075
16,624,1.1896898976275
16,625,1.1893787441900001
16,626,1.1880562898725
16,627,1.1880562898725
16,628,1.18723718387
16,629,1.18723718387
16,630,1.1847516757475
16,631,1.178429482685
16,632,1.17831039717
16,633,1.17831039717
16,634,1.1754112859775
16,635,1.1739774050675
16,636,1.1734477242
16,637,1.1734477242
16,638,1.1734477242
16,639,1.1734477242
16,640,1.1734477242
16,641,1.1578642190125001
16,642,1.15307348546
16,643,1.1530703412725
16,644,1.1530703412725
16,645,1.15306304797
16,646,1.15306304797
16,647,1.15306304797
16,648,1.1529551887124998
16,649,1.1528744135475
16,650,1.1464426079799999
16,651,1.145866973635
16,652,1.1458623613124999
16,653,1.1453228927499999
16,654,1.14532276278
16,655,1.14532276278
16,656,1.1422539581475
16,657,1.142198984535
16,658,1.141985241855
16,659,1.1408606780125
16,660,1.1408606780125
16,661,1.13258709815
16,662,1.1300442163675
16,663,1.0932731509025
16,664,1.0932716093225001
16,665,1.092784236265
16,666,1.092716048085
16,667,1.0907678635975
16,668,1.0907678635975
16,669,1.0907678635975
16,670,1.0907678635975
16,671,1.0860717230975
16,672,1.08537834107
16,673,1.0836469610725001
16,674,1.08353773046
16,675,1.0834146964725
16,676,1.08337587475
16,677,1.0829576353925001
16,678,1.0722485312125
16,679,1.0722485312125
16,680,1.0722372693375
16,681,1.0717289428524999
16,682,1.069814253255
16,683,1.06908379832
16,684,1.0633921488075
16,685,1.0615528429975
16,686,1.0515994989075002
16,687,1.04968026634
16,688,1.04968026634
16,689,1.044177022425
16,690,1.043958777545
16,691,1.0439177631
16,692,1.043718292005
16,693,1.0430815745325002
16,694,1.0430815745325002
16,695,1.0426435945374999
16,696,1.04262224848
16,697,1.0424795755075
16,698,1.04163280976
16,699,1.04163280976
16,700,1.04068999517
16,701,1.0405303720475
16,702,1.0370937947974999
16,703,1.0370937947974999
16,704,1.0367096662350002
16,705,1.032202415785
16,706,1.029300276875
16,707,1.0292965041475
16,708,1.02899166017
16,709,1.0286775635074998
16,710,1.02835504841
16,711,1.028251228715
16,712,1.028251228715
16,713,1.028251228715
16,714,1.020235544245
16,715,1.020235544245
16,716,1.0193217332975002
16,717,1.0193079170325
16,718,1.0191244083900002
16,719,1.01557157763
16,720,0.9983615518825001
16,721,0.9956122729675
16,722,0.9947736279475
16,723,0.9943466561600001
16,724,0.9746274962825
16,725,0.9746059711775
16,726,0.9745005217999999
16,727,0.9745005217999999
16,728,0.9744997711150001
16,729,0.9744987658975001
16,730,0.973483919035
16,731,0.9730238749050001
16,732,0.9727865583525
16,733,0.9727736898425
16,734,0.9720735098825
16,735,0.9720707083200001
16,736,0.9720707083200001
16,737,0.9703827304599999
16,738,0.96235981983
16,739,0.962272783905
16,740,0.96227188664
16,741,0.961057985835
16,742,0.9565673186874999
16,743,0.956194557305
16,744,0.9558672206675001
16,745,0.95483505008
16,746,0.9528739238325
16,747,0.948989566625
16,748,0.948940001585
16,749,0.948940001585
16,750,0.94762660795
16,751,0.94762660795
16,752,0.946862637415
16,753,0.9465874760025
16,754,0.9465874755349999
16,755,0.94153480347
16,756,0.9413468558549999
16,757,0.9388549973675
16,758,0.9319432112325
16,759,0.9315104145975
16,760,0.9315104145975
16,761,0.9311419808249999
16,762,0.93100249217
16,763,0.9310024677675
16,764,0.9284997344775
16,765,0.9274786331325
16,766,0.9265520034174999
16,767,0.9260769381225
16,768,0.9255055028275001
16,769,0.9255055028275001
16,770,0.9208252118275
16,771,0.9207647136449999
16,772,0.9192178458000001
16,773,0.918541832285
16,774,0.9173599613124999
16,775,0.9173599577099999
16,776,0.9173599577099999
16,777,0.9173599577099999
16,778,0.916799617875
16,779,0.916052526995
16,780,0.9160495014375
16,781,0.9150075819074999
16,782,0.91434948957
16,783,0.9129794320125001
16,784,0.9129794320125001
16,785,0.9129738805875001
16,786,0.9128596304500001
16,787,0.9116347805049999
16,788,0.911020936535
16,789,0.9088675556875
16,790,0.9088675556875
16,791,0.9068907820575
16,792,0.90686757797
16,793,0.9067098679475001
16,794,0.8987094142575
16,795,0.8977346736399999
16,796,0.89494651134
16,797,0.8879391162975001
16,798,0.8878982457025
16,799,0.8878982410024999
16,800,0.8860698478650001
16,801,0.8770594193075001
16,802,0.8770447876825
16,803,0.876571062585
16,804,0.8764974696349999
16,805,0.8764910308025
16,806,0.8764910308025
16,807,0.8764384934399999
16,808,0.8755437881375
16,809,0.8755186401325
16,810,0.8742354278625
16,811,0.8742049130325
16,812,0.8726347182174999
16,813,0.8713120215724999
16,814,0.87090605061
16,815,0.8705558212775
16,816,0.870555819985
16,817,0.8704745005650001
16,818,0.8697714330924999
16,819,0.8671915828725
16,820,0.86670158322
16,821,0.86651283276
16,822,0.8651236880375001
16,823,0.86512368346
16,824,0.8651236834575
16,825,0.8651106682725
16,826,0.8629002498025
16,827,0.8628857767374999
16,828,0.8628857748750001
16,829,0.8619015175674999
16,830,0.8618766416874999
16,831,0.861876640865
16,832,0.8610275699375001
16,833,0.8609425026874999
16,834,0.8607709586500001
16,835,0.8607533516375
16,836,0.8607307536000001
16,837,0.8605890153875
16,838,0.860589015095
16,839,0.8591690035724999
16,840,0.85867424621
16,841,0.8586742434600001
16,842,0.8585727604725001
16,843,0.8585727604475
16,844,0.8576545224675
16,845,0.8572650699275
16,846,0.8572650699275
16,847,0.8568471466475
16,848,0.8568471466475
16,849,0.8568028444574999
16,850,0.8551912470774999
16,851,0.8551857385425
16,852,0.8548813014300001
16,853,0.8548805073000001
16,854,0.8535179338375001
16,855,0.85351550258
16,856,0.8481345003099999
16,857,0.84811718257
16,858,0.8480083139
16,859,0.8476170279074999
16,860,0.8468590502025
16,861,0.8466970681725
16,862,0.8421598173125
16,863,0.8421152708724999
16,864,0.8412253289675
16,865,0.8412129204450001
16,866,0.8411817320475
16,867,0.8411475102924999
16,868,0.8411475100724999
16,869,0.8407741902374999
16,870,0.8407389574274999
16,871,0.840722092295
16,872,0.8397133397075001
16,873,0.8391736736500001
16,874,0.8387631422749999
16,875,0.8384984281674999
16,876,0.8383285675750001
16,877,0.8379248415925
16,878,0.8348616832525
16,879,0.8342459958324999
16,880,0.8342238522725001
16,881,0.8342188862300001
16,882,0.8342188862300001
16,883,0.8340872072275
16,884,0.8338711218125001
16,885,0.8337806043925001
16,886,0.8337806043925001
16,887,0.8337806043925001
16,888,0.833298699925
16,889,0.8318453453925001
16,890,0.8316052414625
16,891,0.8316052346075
16,892,0.83085566589
16,893,0.83012262604
16,894,0.83012262604
16,895,0.8299245813524999
16,896,0.82916878526
16,897,0.8291022349149999
16,898,0.8280762932975
16,899,0.827997846605
16,900,0.827981982505
16,901,0.8279426962349999
16,902,0.82792100744
16,903,0.8278056259850001
16,904,0.8278056259850001
16,905,0.820653678455
16,906,0.8206409749325001
16,907,0.820415162175
16,908,0.820383661035
16,909,0.8203558785825
16,910,0.81772862082
16,911,0.8175701036725
16,912,0.8169136282125
16,913,0.8167965635425001
16,914,0.8166086987
16,915,0.8165113026149999
16,916,0.81649818311
16,917,0.81649818311
16,918,0.81649818311
16,919,0.8164682743850001
16,920,0.8164682743850001
16,921,0.8153257286200001
16,922,0.8153042071875001
16,923,0.81493806767
16,924,0.8148902392125
16,925,0.8145587604825
16,926,0.8137665999200001
16,927,0.81333833364
16,928,0.81333833364
16,929,0.8132073447374999
16,930,0.8132073447374999
16,931,0.8131726046800001
16,932,0.8131041879525001
16,933,0.8114049746324999
16,934,0.811300397525
16,935,0.8111706354975
16,936,0.8087087361374999
16,937,0.80830349079
16,938,0.8079404593375001
16,939,0.8079404593375001
16,940,0.8079404593375001
16,941,0.807416485095
16,942,0.8074148742125
16,943,0.8073025028974999
16,944,0.8072030791025
16,945,0.8071952066525
16,946,0.8060655825125
16,947,0.8056160095725
16,948,0.8055877814100001
16,949,0.8055877814100001
16,950,0.8055877800874999
16,951,0.8054980083300001
16,952,0.805438795965
16,953,0.805353871
16,954,0.805342658215
16,955,0.8052677085975001
16,956,0.8052562527500001
16,957,0.8052501191999999
16,958,0.80524499691
16,959,0.8048669462125
16,960,0.8046289612375
16,961,0.804540912535
16,962,0.80443261143
16,963,0.80438751048
16,964,0.8041104271149999
16,965,0.8040777164625
16,966,0.8037917637975
16,967,0.8037818515574999
16,968,0.8036334434275
16,969,0.803537355055
16,970,0.803341179345
16,971,0.8030739197100001
16,972,0.8018057342524999
16,973,0.8018057342524999
16,974,0.80162237907
16,975,0.8015494104274999
16,976,0.8004005750950001
16,977,0.8003850014699999
16,978,0.8001211912475
16,979,0.7999018475249999
16,980,0.7997974329249999
16,981,0.7997974329249999
16,982,0.7986773045925
16,983,0.7986773045925
16,984,0.7986717321
16,985,0.7986717320175
16,986,0.79857953182
16,987,0.7984688021524999
16,988,0.7984688021524999
16,989,0.7983714193825
16,990,0.7982343016375
16,991,0.797813452005
16,992,0.797813452005
16,993,0.7978129129575
16,994,0.7978129129575
16,995,0.79772949546
16,996,0.797614260355
16,997,0.7976139505575001
16,998,0.7976139505575001
16,999,0.7971961484000001
16,1000,0.797084031325
17,1,25.5949780685075
17,2,14.921924485525
17,3,12.896202507165
17,4,11.06002197175
17,5,10.200109919425
17,6,9.853879901875
17,7,9.397461417799999
17,8,9.057753830900001
17,9,8.3628865282825
17,10,7.51084572954
17,11,7.47098192874
17,12,7.148376114535
17,13,6.9875972636274994
17,14,6.80920228964
17,15,6.4868203493225
17,16,6.374504787245
17,17,6.17535739104
17,18,6.05948149074
17,19,5.92477047105
17,20,5.9097363890425
17,21,5.7426339285525
17,22,5.692429081065
17,23,5.5957733638625005
17,24,5.45237329525
17,25,5.242764396465001
17,26,5.21398288137
17,27,5.07855063381
17,28,5.0356409114
17,29,4.983091432325
17,30,4.94437445154
17,31,4.757305246905
17,32,4.6921965682349995
17,33,4.66584260686
17,34,4.6001898488525
17,35,4.55473687633
17,36,4.3232237924875
17,37,4.2293692501899995
17,38,4.2292880280775
17,39,4.1841674681525
17,40,4.1841674681525
17,41,4.0831816011725
17,42,3.9686280831700005
17,43,3.92268855791
17,44,3.887451440295
17,45,3.8710523497375
17,46,3.8675471705874997
17,47,3.81790024652
17,48,3.6771293276275
17,49,3.5548451298125
17,50,3.52788294507
17,51,3.46957633354
17,52,3.45489191828
17,53,3.3902193889925
17,54,3.3835816700000003
17,55,3.3835816700000003
17,56,3.3710927281825
17,57,3.3677700639075
17,58,3.3163389442175
17,59,3.2767475539849995
17,60,3.25333869245
17,61,3.1893257828425
17,62,3.1450481206475
17,63,3.0623434521275
17,64,2.9816722338525
17,65,2.979544852345
17,66,2.9566343653125
17,67,2.9354732326625
17,68,2.9073670834325
17,69,2.766609375485
17,70,2.688771146415
17,71,2.6695127599774997
17,72,2.6463913610475
17,73,2.6457446972375
17,74,2.6292061802625
17,75,2.5844710052125
17,76,2.528065213305
17,77,2.51253566476
17,78,2.490354610215
17,79,2.4661913325025
17,80,2.4527388386325
17,81,2.4135211377849997
17,82,2.3745210261075
17,83,2.3745210261075
17,84,2.3529228635174997
17,85,2.3478564028525
17,86,2.3344385950875
17,87,2.253176921615
17,88,2.203627681395
17,89,2.1991135817775
17,90,2.122064146305
17,91,1.9862800489925
17,92,1.919452344395
17,93,1.8808397744324998
17,94,1.87603373829
17,95,1.856672056995
17,96,1.8317764893050001
17,97,1.80642329378
17,98,1.8038495192900001
17,99,1.7892142470025
17,100,1.7613675470299999
17,101,1.734407019955
17,102,1.694327259905
17,103,1.6937816639499998
17,104,1.6937816639499998
17,105,1.6671113197025
17,106,1.6592618085225
17,107,1.6132050023000002
17,108,1.610198030395
17,109,1.610198030395
17,110,1.610198030395
17,111,1.5833360384325
17,112,1.5792957968425
17,113,1.547462907605
17,114,1.547462907605
17,115,1.5118411866700001
17,116,1.4946363184675
17,117,1.4887500325275
17,118,1.4798039145375
17,119,1.4770389815725
17,120,1.44084693056
17,121,1.4400821636874999
17,122,1.4375631195375
17,123,1.431444404295
17,124,1.428305132825
17,125,1.428305132825
17,126,1.4260638069225
17,127,1.4250377353850001
17,128,1.3880331141225
17,129,1.3673196285325
17,130,1.3462010363624999
17,131,1.3369775102374999
17,132,1.3110969383425
17,133,1.2866386159175
17,134,1.269394657865
17,135,1.2587516437175001
17,136,1.235038226425
17,137,1.2316692421725
17,138,1.2179454975925
17,139,1.2105641064800001
17,140,1.2105641064800001
17,141,1.2086831384749999
17,142,1.15613741549
17,143,1.1409915192075
17,144,1.13215234627
17,145,1.118196017935
17,146,1.0951070722025
17,147,1.0951070722025
17,148,1.06684009637
17,149,1.0615075457674998
17,150,1.052405101895
17,151,1.05218626898
17,152,1.014116648015
17,153,1.0113397415
17,154,1.0113397415
17,155,1.00768554852
17,156,1.000963140455
17,157,0.99505833714
17,158,0.9825386852025
17,159,0.9418696542225
17,160,0.9356308187250001
17,161,0.9236040464849999
17,162,0.8999285562924999
17,163,0.8999285562924999
17,164,0.8999285562924999
17,165,0.8930422315675
17,166,0.8930422315675
17,167,0.8930422315675
17,168,0.8870946100074999
17,169,0.86707663351
17,170,0.8637944886125
17,171,0.858611998295
17,172,0.8557292663875
17,173,0.85407801533
17,174,0.8447714017025
17,175,0.8417628242699999
17,176,0.840187539595
17,177,0.8369060254975
17,178,0.8169740675625
17,179,0.8133140353425
17,180,0.8100018667700001
17,181,0.7978024962925
17,182,0.7882092505775
17,183,0.7882092505775
17,184,0.7826732783675
17,185,0.77330426629
17,186,0.7607320881125
17,187,0.7585172424025
17,188,0.73958815506
17,189,0.7310719403775
17,190,0.7172823309674999
17,191,0.7117380569175
17,192,0.7063421234325
17,193,0.6922683666525
17,194,0.6871475429625
17,195,0.6863554475625
17,196,0.6863554475625
17,197,0.6825196984599999
17,198,0.671262901585
17,199,0.6605563529849999
17,200,0.653639511505
17,201,0.6433684771875
17,202,0.6433684771875
17,203,0.64310001064
17,204,0.63801030772
17,205,0.627092651255
17,206,0.6121280902425
17,207,0.6119553844725
17,208,0.611655196065
17,209,0.5972753455725
17,210,0.586511045505
17,211,0.586511045505
17,212,0.583172801825
17,213,0.583172801825
17,214,0.5797859748399999
17,215,0.577482121005
17,216,0.577482121005
17,217,0.57512331629
17,218,0.5655657922725
17,219,0.5586625410175
17,220,0.5448153964825
17,221,0.542334937515
17,222,0.542334937515
17,223,0.542334937515
17,224,0.531297195265
17,225,0.525918370935
17,226,0.52285081104
17,227,0.51971490077
17,228,0.50669285409
17,229,0.5032185768975
17,230,0.5032185768975
17,231,0.4970664003975
17,232,0.49462636469500004
17,233,0.49033963020750004
17,234,0.4852010778625
17,235,0.480947967735
17,236,0.47660099372250003
17,237,0.47658992926000004
17,238,0.47567033762250005
17,239,0.47567033762250005
17,240,0.47348911213499995
17,241,0.47348911213499995
17,242,0.46787405692000006
17,243,0.46738230823500004
17,244,0.4663337298575
17,245,0.4603479398275
17,246,0.45992794051499997
17,247,0.456134819685
17,248,0.445682213135
17,249,0.44499215925
17,250,0.44485822401
17,251,0.44361621395000006
17,252,0.43632876102499996
17,253,0.4318399107775
17,254,0.42860503944
17,255,0.42860503944
17,256,0.4283797371425
17,257,0.425364830825
17,258,0.42536482640499995
17,259,0.42536482640499995
17,260,0.4253648262825
17,261,0.42333781730000003
17,262,0.4214171862625
17,263,0.4214171862625
17,264,0.4214171862625
17,265,0.4214171862625
17,266,0.42133645715499995
17,267,0.4211453837425
17,268,0.4211453837425
17,269,0.4170477424675
17,270,0.416547060305
17,271,0.41184093542
17,272,0.41184093542
17,273,0.40815853984999995
17,274,0.40815853984999995
17,275,0.40069274082
17,276,0.40069274082
17,277,0.3995290876675
17,278,0.398471325305
17,279,0.39287513507250005
17,280,0.3856588211675
17,281,0.3839369712325
17,282,0.38244063969750003
17,283,0.3822579853275
17,284,0.37769185475
17,285,0.37499372374
17,286,0.37393339407
17,287,0.3689004070175
17,288,0.3667218890525
17,289,0.3622589009425
17,290,0.3594160741525
17,291,0.3546439345175
17,292,0.35387672944
17,293,0.3445882466
17,294,0.3300109069275
17,295,0.3287752666925
17,296,0.3287752664425
17,297,0.3225978166975
17,298,0.3193343017425
17,299,0.3155902163175
17,300,0.3134921107525
17,301,0.3134921107525
17,302,0.3063783087575
17,303,0.304079186655
17,304,0.30345749486
17,305,0.30258421308999994
17,306,0.30016569934
17,307,0.2994915323025
17,308,0.29949153188
17,309,0.297032418895
17,310,0.29546533992
17,311,0.29367759049500003
17,312,0.2936775903975
17,313,0.2925188683
17,314,0.28749468125
17,315,0.28749468125
17,316,0.28352182087
17,317,0.2818159649875
17,318,0.28181596488
17,319,0.28181596488
17,320,0.28175957825500003
17,321,0.2798827843925
17,322,0.2789509437875
17,323,0.2757007232775
17,324,0.27516664164
17,325,0.27474670685999997
17,326,0.27458358823
17,327,0.27398898616
17,328,0.27166338026000003
17,329,0.27166247562
17,330,0.26937265909749997
17,331,0.268253149875
17,332,0.268253149875
17,333,0.264703902285
17,334,0.263857942895
17,335,0.26365978081999997
17,336,0.26292086069
17,337,0.26254547848
17,338,0.26030915505749996
17,339,0.26030915505749996
17,340,0.2587591735575
17,341,0.25793762611000004
17,342,0.25793762611000004
17,343,0.25684977261249997
17,344,0.255318180535
17,345,0.2524251019425
17,346,0.25210610128
17,347,0.2520724000925
17,348,0.25105511024
17,349,0.2505887883875
17,350,0.250548719225
17,351,0.2497336791725
17,352,0.2497336791725
17,353,0.24712171062000002
17,354,0.2425517611
17,355,0.23896186462000002
17,356,0.23703142158
17,357,0.2360673236325
17,358,0.23511845280750002
17,359,0.226523790255
17,360,0.226523790255
17,361,0.22519793019
17,362,0.2249923306325
17,363,0.2249923306325
17,364,0.2249923306325
17,365,0.2228558441825
17,366,0.222042912245
17,367,0.222042912245
17,368,0.222042912245
17,369,0.22127788414
17,370,0.22083587752999997
17,371,0.21940748569
17,372,0.21749106354499997
17,373,0.21749106354499997
17,374,0.21749106354499997
17,375,0.21749106354499997
17,376,0.21654108369
17,377,0.21649590338250002
17,378,0.21583172845999998
17,379,0.2146391186575
17,380,0.21373130416000002
17,381,0.21228536859
17,382,0.21228536859
17,383,0.21228536859
17,384,0.2120236259675
17,385,0.2120236259675
17,386,0.211189475985
17,387,0.2104352462225
17,388,0.207579064315
17,389,0.207579064315
17,390,0.207579064315
17,391,0.207271768575
17,392,0.207271768575
17,393,0.20695312716249997
17,394,0.20634646014250002
17,395,0.20634646014250002
17,396,0.20539778315
17,397,0.2052190827
17,398,0.20373673341499998
17,399,0.20296664733749997
17,400,0.20296664733749997
17,401,0.20296664733749997
17,402,0.20244878079
17,403,0.20177669252250002
17,404,0.20150444844
17,405,0.200358244845
17,406,0.1992371466425
17,407,0.1971554544675
17,408,0.1970298545725
17,409,0.19662375591499998
17,410,0.19662375591499998
17,411,0.1956749553925
17,412,0.1952076671925
17,413,0.19482944309
17,414,0.19482944309
17,415,0.19482944309
17,416,0.19421346941
17,417,0.1937484417575
17,418,0.19358776247
17,419,0.1920438377175
17,420,0.1920438377175
17,421,0.19197788755
17,422,0.1919656299875
17,423,0.1912864731625
17,424,0.190713501785
17,425,0.1896299128075
17,426,0.189586882615
17,427,0.18618848727749998
17,428,0.1854847019725
17,429,0.18508315852999999
17,430,0.18504254688
17,431,0.18471217340999999
17,432,0.18471217340999999
17,433,0.1843114119575
17,434,0.18329176243
17,435,0.18274039876
17,436,0.1806470143675
17,437,0.180414814555
17,438,0.179659502665
17,439,0.1795461332675
17,440,0.1795461332675
17,441,0.179335345995
17,442,0.179335345995
17,443,0.17732411209
17,444,0.17692987537
17,445,0.17692987537
17,446,0.17689729755
17,447,0.176408085585
17,448,0.1753088021475
17,449,0.1753088021475
17,450,0.1753088021475
17,451,0.1753088021475
17,452,0.17528875467
17,453,0.17528875467
17,454,0.1751763026275
17,455,0.174257889445
17,456,0.17395310167
17,457,0.1735995747775
17,458,0.1733276740825
17,459,0.16919346502250002
17,460,0.16895440419250002
17,461,0.1689330628125
17,462,0.1687163257425
17,463,0.1687163257425
17,464,0.16869563437
17,465,0.1683165539175
17,466,0.1683165539175
17,467,0.1682645684825
17,468,0.1681418135425
17,469,0.1680102959025
17,470,0.1679707160675
17,471,0.1677745797
17,472,0.1677745797
17,473,0.16736424014
17,474,0.166541053835
17,475,0.16565828565250001
17,476,0.1650554710025
17,477,0.165042486495
17,478,0.1646683916225
17,479,0.1635602675275
17,480,0.1635298553675
17,481,0.16311724686
17,482,0.16311724686
17,483,0.16273145438
17,484,0.1625654226075
17,485,0.162297806535
17,486,0.16176945978249999
17,487,0.1616511395875
17,488,0.16164431349
17,489,0.16147635262249999
17,490,0.1613533574
17,491,0.1608856846525
17,492,0.1608383753175
17,493,0.1607955679525
17,494,0.16031665968
17,495,0.160297213805
17,496,0.1595712762275
17,497,0.1595712762275
17,498,0.1595712762275
17,499,0.15930541005
17,500,0.1591593605625
17,501,0.15907714852250002
17,502,0.15907714852250002
17,503,0.15865090089
17,504,0.158074087905
17,505,0.1576920575925
17,506,0.157021131285
17,507,0.1568561809175
17,508,0.1567034628375
17,509,0.156360344495
17,510,0.1562796615825
17,511,0.155807207335
17,512,0.15551162432
17,513,0.15524451288250002
17,514,0.15521922773250002
17,515,0.15521922773250002
17,516,0.15521623509
17,517,0.15521304337
17,518,0.15469084096750002
17,519,0.1546764995075
17,520,0.15460421535
17,521,0.15399525726250002
17,522,0.15399525726250002
17,523,0.1538105817025
17,524,0.152967915865
17,525,0.1528650856925
17,526,0.1528650856925
17,527,0.1526329372175
17,528,0.1526329372175
17,529,0.1519185131375
17,530,0.1518220211425
17,531,0.1516580821625
17,532,0.1516190539875
17,533,0.15119151075749998
17,534,0.1511196125325
17,535,0.15103274853999998
17,536,0.15095937824
17,537,0.15039330563
17,538,0.1500086943625
17,539,0.149633569475
17,540,0.149633569475
17,541,0.149633569475
17,542,0.1493321823575
17,543,0.1491377134875
17,544,0.1491206939175
17,545,0.1490902220325
17,546,0.1490354250425
17,547,0.1489384984425
17,548,0.148882671945
17,549,0.148882671945
17,550,0.148864756085
17,551,0.14867809060499998
17,552,0.14851122324
17,553,0.1484100092575
17,554,0.14833812100500002
17,555,0.1480624942475
17,556,0.1480607887075
17,557,0.14790059653
17,558,0.14790059653
17,559,0.147807525655
17,560,0.1477902784325
17,561,0.1475893703725
17,562,0.1473992883525
17,563,0.1470558300375
17,564,0.146822349395
17,565,0.146822349395
17,566,0.14675924172750002
17,567,0.14675924172750002
17,568,0.1467280754875
17,569,0.1463407071725
17,570,0.1458279540675
17,571,0.1458279540675
17,572,0.14577438709749999
17,573,0.145668093595
17,574,0.1454561033
17,575,0.1454561033
17,576,0.1454443049325
17,577,0.1453521036
17,578,0.14510770319000002
17,579,0.14510770319000002
17,580,0.1449125549875
17,581,0.14476223148
17,582,0.144749525985
17,583,0.144719242395
17,584,0.14434730322
17,585,0.14431850830999998
17,586,0.1441821773225
17,587,0.1437814983525
17,588,0.1437114208325
17,589,0.1437114208325
17,590,0.1435509113625
17,591,0.1434006192675
17,592,0.1433747380575
17,593,0.1433747380575
17,594,0.1433747380575
17,595,0.14298491287499998
17,596,0.14298491287499998
17,597,0.14298491287499998
17,598,0.14298491287499998
17,599,0.14273526401
17,600,0.14250789117
17,601,0.142381160655
17,602,0.14228348852
17,603,0.142082384855
17,604,0.1419613133925
17,605,0.1419613133925
17,606,0.1419393819775
17,607,0.1419393819775
17,608,0.14191053196
17,609,0.141903434035
17,610,0.1418118391875
17,611,0.14158927264
17,612,0.14158927264
17,613,0.14158927264
17,614,0.1415749750175
17,615,0.1415749750175
17,616,0.1415665029475
17,617,0.14155858462249998
17,618,0.14155858462249998
17,619,0.141543917335
17,620,0.1415365035675
17,621,0.14152988638
17,622,0.14148309276999999
17,623,0.14148309276999999
17,624,0.141479211685
17,625,0.141408287675
17,626,0.141385320355
17,627,0.14136393728250002
17,628,0.1412857674925
17,629,0.1412857674925
17,630,0.1412857674925
17,631,0.141196248655
17,632,0.1411649262025
17,633,0.140927073405
17,634,0.1408683381625
17,635,0.140862593255
17,636,0.14082372784
17,637,0.14077687986
17,638,0.1407577008825
17,639,0.14074560521749999
17,640,0.14070799365
17,641,0.14051345440000002
17,642,0.14051345440000002
17,643,0.1405029058175
17,644,0.1405029058175
17,645,0.14050171977499998
17,646,0.14049469116
17,647,0.14049469116
17,648,0.1404875484425
17,649,0.14043227881
17,650,0.14031952992250002
17,651,0.1402859179075
17,652,0.14024325408
17,653,0.14002618327
17,654,0.1399625416425
17,655,0.13996156579000002
17,656,0.1398715548225
17,657,0.1397647341175
17,658,0.1396522999
17,659,0.139579034245
17,660,0.13945884716249998
17,661,0.1394247056625
17,662,0.1394247056625
17,663,0.1392536907125
17,664,0.1391927930325
17,665,0.139036330925
17,666,0.1390055452975
17,667,0.1389993385375
17,668,0.1389868595575
17,669,0.1389679175475
17,670,0.1389679175475
17,671,0.1389477563025
17,672,0.1389260581
17,673,0.13858875933749998
17,674,0.138576483265
17,675,0.13853290476
17,676,0.1384775262875
17,677,0.1384775262875
17,678,0.1384775262875
17,679,0.13842209157500002
17,680,0.1384201641675
17,681,0.1384201641675
17,682,0.1384201641675
17,683,0.1383767639675
17,684,0.13835527632
17,685,0.13835451910750002
17,686,0.13834981768500001
17,687,0.1383326118825
17,688,0.1372007261625
17,689,0.1372007261625
17,690,0.137172186325
17,691,0.13717179687749997
17,692,0.1370614079825
17,693,0.137019354025
17,694,0.137019354025
17,695,0.1369974720775
17,696,0.13657868806
17,697,0.1365782902275
17,698,0.1365782902275
17,699,0.136578290115
17,700,0.13656235019750002
17,701,0.13638104464
17,702,0.1363082745325
17,703,0.1362963884925
17,704,0.1362963884925
17,705,0.13625940031
17,706,0.13620118861
17,707,0.1361483222175
17,708,0.1361431642875
17,709,0.1360583114925
17,710,0.1358004590675
17,711,0.1357683786625
17,712,0.1357683786625
17,713,0.1357665267
17,714,0.135732858655
17,715,0.13573284103
17,716,0.13573284103
17,717,0.13573284091499999
17,718,0.13569313517499998
17,719,0.135691660385
17,720,0.135618205905
17,721,0.1356151863875
17,722,0.135587267865
17,723,0.13558563105000002
17,724,0.135582994815
17,725,0.1355153036675
17,726,0.1355153036675
17,727,0.1355153036675
17,728,0.135496099325
17,729,0.135490891945
17,730,0.13545509783
17,731,0.135451899925
17,732,0.13545125289749999
17,733,0.1354427401325
17,734,0.1354427401325
17,735,0.1354256871375
17,736,0.1354256871375
17,737,0.135393635605
17,738,0.13432120991750002
17,739,0.13426021734
17,740,0.1342545516
17,741,0.13424318287249998
17,742,0.1342422875525
17,743,0.13423584702
17,744,0.13423584702
17,745,0.1341824618825
17,746,0.13416796346749998
17,747,0.134140534725
17,748,0.13413375511249997
17,749,0.1341055007625
17,750,0.134037202795
17,751,0.134037202795
17,752,0.1340263542775
17,753,0.1339610267925
17,754,0.1339603503875
17,755,0.13395932838
17,756,0.13393479393750002
17,757,0.1338560986125
17,758,0.13385551493749998
17,759,0.1338368979475
17,760,0.1338368979475
17,761,0.1338367325425
17,762,0.1338367325425
17,763,0.133836147785
17,764,0.1338313872375
17,765,0.13381923707
17,766,0.1337893727225
17,767,0.1337873052325
17,768,0.133737964265
17,769,0.133737964265
17,770,0.13373788375
17,771,0.1336561401475
17,772,0.1336503872575
17,773,0.1336376755775
17,774,0.1336368160125
17,775,0.1336303747525
17,776,0.13363003175
17,777,0.13362980117749998
17,778,0.1336220088325
17,779,0.1336212006975
17,780,0.1336191771775
17,781,0.1336191771775
17,782,0.1336054669025
17,783,0.13360516357750002
17,784,0.13359062906500002
17,785,0.1335457562175
17,786,0.1335389014775
17,787,0.13352211117499999
17,788,0.1335221042975
17,789,0.1335178432775
17,790,0.13350749878249998
17,791,0.13335343596
17,792,0.1333534359575
17,793,0.13334227375000002
17,794,0.13331427394
17,795,0.1333049915225
17,796,0.13330262985250002
17,797,0.1332716450125
17,798,0.1332716450125
17,799,0.13326861007
17,800,0.13326669692249998
17,801,0.13326669692249998
17,802,0.133239109745
17,803,0.1332346408675
17,804,0.1332346408675
17,805,0.1332346408675
17,806,0.1332346408675
17,807,0.1332346408675
17,808,0.1332346408675
17,809,0.1332343114125
17,810,0.1332343114125
17,811,0.13164085054500002
17,812,0.1316299134425
17,813,0.1316260835425
17,814,0.13161952045
17,815,0.13158993528000001
17,816,0.13158993528000001
17,817,0.13156150086500001
17,818,0.13155873611
17,819,0.13155873611
17,820,0.1315535097475
17,821,0.13154214213499998
17,822,0.1315199318
17,823,0.1315195989
17,824,0.1315195989
17,825,0.1314938003425
17,826,0.131493251965
17,827,0.131493251965
17,828,0.131493251965
17,829,0.131493251965
17,830,0.131493251965
17,831,0.1314921355675
17,832,0.1314921355675
17,833,0.1314918286425
17,834,0.1314918286425
17,835,0.13149076957
17,836,0.13149076957
17,837,0.1314624944025
17,838,0.131461276065
17,839,0.1314569381575
17,840,0.1314557805
17,841,0.13145229574
17,842,0.13145229574
17,843,0.13143366273
17,844,0.1314313345175
17,845,0.1314183781925
17,846,0.1313903399825
17,847,0.1313884938675
17,848,0.13138566463
17,849,0.131366568495
17,850,0.13136241072500002
17,851,0.1313624062875
17,852,0.13136215521
17,853,0.1313619825275
17,854,0.1313616895625
17,855,0.1313341319125
17,856,0.1313341319125
17,857,0.1313341319125
17,858,0.131331574335
17,859,0.1313298105025
17,860,0.1313261372325
17,861,0.1313217253025
17,862,0.13131247965749998
17,863,0.1313123583075
17,864,0.13130799974250001
17,865,0.13130799974250001
17,866,0.13130799974250001
17,867,0.1312558695375
17,868,0.1312558695375
17,869,0.13123790602000002
17,870,0.131237250875
17,871,0.13121225905
17,872,0.131212061315
17,873,0.13118407732499998
17,874,0.13118355400999998
17,875,0.13116581226
17,876,0.13116278275749998
17,877,0.13113282423
17,878,0.13112763654749998
17,879,0.13112750942
17,880,0.13112650049250002
17,881,0.12817652193
17,882,0.1281653528575
17,883,0.12816406153249998
17,884,0.12816406153249998
17,885,0.1281640558025
17,886,0.1281570015425
17,887,0.1281570015425
17,888,0.12815555603
17,889,0.12815555603
17,890,0.12815555603
17,891,0.1281550698125
17,892,0.128147474675
17,893,0.12814417164
17,894,0.12814261579
17,895,0.128137249475
17,896,0.128136412665
17,897,0.1281095063375
17,898,0.1281092951025
17,899,0.1281091183475
17,900,0.12810811123750002
17,901,0.12809330025750001
17,902,0.1280928057975
17,903,0.12808150259
17,904,0.12808150259
17,905,0.1280692246225
17,906,0.1280679776225
17,907,0.1280679711425
17,908,0.1280679711425
17,909,0.12805451941749998
17,910,0.12805451941749998
17,911,0.12804968931
17,912,0.1280496875775
17,913,0.1280444787625
17,914,0.12804372217499999
17,915,0.1280050381025
17,916,0.1279996602575
17,917,0.1279943158125
17,918,0.1279943148
17,919,0.12797292646
17,920,0.127966786255
17,921,0.12794946158
17,922,0.127949414245
17,923,0.127930701615
17,924,0.1279307015975
17,925,0.127908570695
17,926,0.127908570695
17,927,0.12790593105999998
17,928,0.1278850019275
17,929,0.1278805821375
17,930,0.1278805263525
17,931,0.1278805263525
17,932,0.127879630485
17,933,0.1278782069625
17,934,0.1278782069625
17,935,0.12785868683999999
17,936,0.1278586434125
17,937,0.1278586434125
17,938,0.1278578983775
17,939,0.127856347345
17,940,0.127856346425
17,941,0.12785362869
17,942,0.1273742537075
17,943,0.12737380740499998
17,944,0.12737380619
17,945,0.1273726044225
17,946,0.1273720936475
17,947,0.1273703493225
17,948,0.1273703493225
17,949,0.12736996003499998
17,950,0.12736995897749998
17,951,0.127366629745
17,952,0.127366629745
17,953,0.12735866883
17,954,0.127353088505
17,955,0.12735216490749998
17,956,0.12734991597249998
17,957,0.12734915058500001
17,958,0.12734915058500001
17,959,0.1273490230525
17,960,0.1273490230525
17,961,0.1273410325875
17,962,0.1273330002525
17,963,0.1273321090975
17,964,0.127331928935
17,965,0.127331274105
17,966,0.12731243321000002
17,967,0.1273066182625
17,968,0.1273066182625
17,969,0.127299013855
17,970,0.127298841975
17,971,0.12729667175999998
17,972,0.12729516801750002
17,973,0.12729516801750002
17,974,0.12729474782
17,975,0.12729474782
17,976,0.1272946575775
17,977,0.12729427883
17,978,0.127282168845
17,979,0.12726134427
17,980,0.127261344245
17,981,0.12726094447
17,982,0.12726094447
17,983,0.127258488895
17,984,0.12725663741249998
17,985,0.1272485177125
17,986,0.1272455146325
17,987,0.127244451905
17,988,0.12724270899499998
17,989,0.12724223126
17,990,0.12724223126
17,991,0.12724223126
17,992,0.12724210626
17,993,0.12724210626
17,994,0.12724210626
17,995,0.12724102391
17,996,0.127240324415
17,997,0.127240324415
17,998,0.1272403244075
17,999,0.12723835717499998
17,1000,0.1272381563325
18,1,122.7788695972625
18,2,71.3284468643325
18,3,57.202454512452505
18,4,50.047623047635
18,5,46.701729953985
18,6,44.83446093266
18,7,40.948152389615004
18,8,39.68531003657
18,9,34.6423641052925
18,10,32.8485960226675
18,11,31.76628270336
18,12,30.880208426807503
18,13,29.707802026845002
18,14,29.3027802045
18,15,28.161774868884997
18,16,27.52001536433
18,17,27.1499571484925
18,18,26.24381715176
18,19,26.1331484856775
18,20,25.7792188630225
18,21,24.5762320551175
18,22,23.22766819888
18,23,22.885448157652498
18,24,22.619636050329998
18,25,22.1350958861275
18,26,22.034676669495
18,27,21.069925561010002
18,28,20.49136032122
18,29,20.225576981302503
18,30,19.7061562633575
18,31,19.4560082883975
18,32,19.43057720453
18,33,18.561860092994998
18,34,18.2636779711275
18,35,18.032637219995003
18,36,17.7332033339625
18,37,17.7258940036475
18,38,17.260592081742498
18,39,16.86714548063
18,40,16.62117116852
18,41,15.8755233650675
18,42,15.3198523183575
18,43,15.2784219560475
18,44,14.9723818294675
18,45,14.815327992562501
18,46,14.714045136524998
18,47,14.430731546977501
18,48,14.425655650427501
18,49,14.203687152825001
18,50,14.203687152825001
18,51,14.203687152825001
18,52,13.9559177449275
18,53,13.8507702990125
18,54,13.652906507275
18,55,13.50946911024
18,56,13.211194164919998
18,57,12.815802214237499
18,58,12.710062280205
18,59,12.505361353455
18,60,12.35290175536
18,61,12.35290175536
18,62,12.2721522267775
18,63,12.0100857845575
18,64,11.9606844162375
18,65,11.184798316175
18,66,10.762715628295
18,67,10.65203842605
18,68,10.5605635303
18,69,10.498291961685
18,70,10.498291961685
18,71,10.4429853752775
18,72,10.320806577645
18,73,10.263232323092499
18,74,9.797446156315
18,75,9.630680422074999
18,76,9.575095273045
18,77,9.5722562343275
18,78,9.545974304175001
18,79,9.253406326482501
18,80,9.180911499155
18,81,9.095440122395
18,82,9.041372554505
18,83,8.832954056930001
18,84,8.800953884415
18,85,8.792068955545
18,86,8.75651044349
18,87,8.5544408812125
18,88,8.410720765805
18,89,7.914720262925
18,90,7.544220940524999
18,91,7.3971702222825
18,92,7.3971702222825
18,93,7.32338924502
18,94,7.232485309882501
18,95,7.21152235289
18,96,7.149831204605
18,97,7.149831204605
18,98,7.1152796041499995
18,99,7.06843424594
18,100,6.967350911782501
18,101,6.8634720771749995
18,102,6.8634720771749995
18,103,6.77080630654
18,104,6.7678450425625005
18,105,6.7237819327325
18,106,6.693256398652499
18,107,6.64037199444
18,108,6.64037199444
18,109,6.542286507567501
18,110,6.4985767530375
18,111,6.300566467995
18,112,6.2508671455250004
18,113,6.0304942658575005
18,114,5.934750776135
18,115,5.9056177062875
18,116,5.8722711219025
18,117,5.8722711219025
18,118,5.834847530975
18,119,5.834847530975
18,120,5.7487675395575
18,121,5.5722747275025
18,122,5.4588047380325
18,123,5.4588047380325
18,124,5.3391064841275
18,125,5.3091999697525
18,126,4.99228408354
18,127,4.99228408354
18,128,4.99228408354
18,129,4.955270522145
18,130,4.955270522145
18,131,4.8581734561275
18,132,4.7971758963074995
18,133,4.7660971687875
18,134,4.6888728251525
18,135,4.662782158225
18,136,4.588813410255
18,137,4.588813410255
18,138,4.54991831897
18,139,4.54991831897
18,140,4.4938835457525
18,141,4.4938835457525
18,142,4.301108038295
18,143,4.301108038295
18,144,4.2599998530725
18,145,4.2599998530725
18,146,4.2599998530725
18,147,4.25455720027
18,148,4.1603773754075
18,149,4.1603773754075
18,150,4.14914639385
18,151,4.103196692135
18,152,4.07471097608
18,153,4.070290973085
18,154,4.0610919900575
18,155,4.0197946403625
18,156,3.9610355826899997
18,157,3.9499105004975
18,158,3.8462097789749996
18,159,3.8462097789749996
18,160,3.80947138542
18,161,3.7562400459375
18,162,3.7562400459375
18,163,3.6956038228300003
18,164,3.6807308240875
18,165,3.6807308240875
18,166,3.6081656462625
18,167,3.5524886508050004
18,168,3.4600522253475
18,169,3.424520353735
18,170,3.414520438145
18,171,3.3904773502025
18,172,3.3487368538475004
18,173,3.3277167582725
18,174,3.3277167582725
18,175,3.28977746621
18,176,3.273855034005
18,177,3.2472196642975
18,178,3.2265830788275
18,179,3.1964968774525
18,180,3.1964968774525
18,181,3.13221004538
18,182,3.1310343560725
18,183,3.128776031085
18,184,3.094838065435
18,185,3.094838065435
18,186,3.065748048245
18,187,2.98608329806
18,188,2.98608329806
18,189,2.8860169108225002
18,190,2.8670896242275
18,191,2.8564221232249998
18,192,2.8564221232249998
18,193,2.83446002935
18,194,2.7058192443025
18,195,2.6461703513575
18,196,2.6410892243525
18,197,2.6410892243525
18,198,2.62996404675
18,199,2.5815721006474996
18,200,2.5815721006474996
18,201,2.532457847445
18,202,2.5320747741150003
18,203,2.4689176503425
18,204,2.4689176503425
18,205,2.4689176503425
18,206,2.4639415415399997
18,207,2.451723250015
18,208,2.446845311755
18,209,2.43020400658
18,210,2.43020400658
18,211,2.43020400658
18,212,2.3985640272825
18,213,2.2946496003775
18,214,2.258694277005
18,215,2.2577927715725
18,216,2.2577927715725
18,217,2.1386068847125
18,218,2.07595492564
18,219,2.07229661407
18,220,2.0589981899275
18,221,1.993558593045
18,222,1.958580749475
18,223,1.924964761755
18,224,1.924964761755
18,225,1.9180888123300002
18,226,1.8823410047825
18,227,1.8459668474025002
18,228,1.8219100576974998
18,229,1.82053722486
18,230,1.8203638872574999
18,231,1.8179746682025002
18,232,1.8175997721025
18,233,1.785562568445
18,234,1.78521434909
18,235,1.7726499105750002
18,236,1.75476813814
18,237,1.7238092711250002
18,238,1.7238092711250002
18,239,1.7140191416450001
18,240,1.7063079637474998
18,241,1.705767164545
18,242,1.702167504205
18,243,1.652817952885
18,244,1.6438464139725
18,245,1.6438464139725
18,246,1.6212808853325
18,247,1.6212808853325
18,248,1.5968136776575
18,249,1.5909474300725
18,250,1.59036624392
18,251,1.5792416350775
18,252,1.5686486403325
18,253,1.565992747595
18,254,1.5558571357325
18,255,1.5388805132049999
18,256,1.5388805132049999
18,257,1.5201251230925
18,258,1.5151124917275
18,259,1.5104163824849999
18,260,1.4926976657900002
18,261,1.47922220774
18,262,1.470376365555
18,263,1.4580895089525001
18,264,1.4580895089525001
18,265,1.45785401366
18,266,1.4416930036325
18,267,1.4416930036325
18,268,1.4416930036325
18,269,1.4124052389200001
18,270,1.40807265101
18,271,1.399228766955
18,272,1.390540401635
18,273,1.3850400192124999
18,274,1.3683790115824999
18,275,1.3596664576775
18,276,1.3502892667125
18,277,1.34981906595
18,278,1.3389815399775
18,279,1.3365424579975
18,280,1.3329963725875
18,281,1.32815328046
18,282,1.3224763528525
18,283,1.3224763528525
18,284,1.31529377866
18,285,1.3133044322575
18,286,1.3083277119849999
18,287,1.29648952669
18,288,1.2870196081725
18,289,1.2777285900125
18,290,1.2777285900125
18,291,1.275274345855
18,292,1.2648372103425
18,293,1.2543731449675
18,294,1.25063981863
18,295,1.2237409291724999
18,296,1.2231098725725
18,297,1.21293120749
18,298,1.2109919148125
18,299,1.1993533762450002
18,300,1.19019879918
18,301,1.19019879918
18,302,1.16173786627
18,303,1.1504890916800001
18,304,1.1504890916800001
18,305,1.147725154045
18,306,1.147725154045
18,307,1.147725154045
18,308,1.147725154045
18,309,1.1436052820675
18,310,1.1276934758725
18,311,1.120716549205
18,312,1.119421189785
18,313,1.10527418482
18,314,1.0934820087725001
18,315,1.0743803735575
18,316,1.068974069215
18,317,1.06747694869
18,318,1.059479439645
18,319,1.058226200895
18,320,1.04570387874
18,321,1.0374138889975
18,322,1.0368371482675
18,323,1.0349158849525
18,324,1.0327036392950002
18,325,1.0315074568175
18,326,1.03028119986
18,327,1.0220830325225
18,328,0.9790910942475
18,329,0.97827525072
18,330,0.9758652896875001
18,331,0.9711270593975
18,332,0.9609873118550001
18,333,0.9544348036724999
18,334,0.950675602425
18,335,0.950675602425
18,336,0.95020754999
18,337,0.95020754999
18,338,0.94499815261
18,339,0.94499815261
18,340,0.9440358497349999
18,341,0.939188949145
18,342,0.9330061083200001
18,343,0.9259715833575001
18,344,0.9103913069675
18,345,0.9103913069675
18,346,0.908648980505
18,347,0.9082076228525
18,348,0.8929729416025
18,349,0.892055769025
18,350,0.8904126290275001
18,351,0.8822356924425
18,352,0.88193322232
18,353,0.8754555268075
18,354,0.86538119967
18,355,0.86538119967
18,356,0.8625456574099999
18,357,0.8579649003725001
18,358,0.8552746127024999
18,359,0.8485355355224999
18,360,0.848072317755
18,361,0.839843487015
18,362,0.837867193895
18,363,0.82939473743
18,364,0.8184539457325
18,365,0.8157112385975
18,366,0.8062796499300001
18,367,0.8062796499300001
18,368,0.7927991004625
18,369,0.7778317946250001
18,370,0.7652859633725
18,371,0.7600728116325001
18,372,0.7600728116325001
18,373,0.7587606823499999
18,374,0.7563891068224999
18,375,0.7517302617125
18,376,0.7482538235175
18,377,0.7452388454625
18,378,0.7452388454625
18,379,0.74263178849
18,380,0.7319511450025
18,381,0.7307173020325
18,382,0.7307173020325
18,383,0.7193878845125
18,384,0.718884406645
18,385,0.7160369118675
18,386,0.715995040635
18,387,0.7142526635675
18,388,0.7141740396649999
18,389,0.712140571685
18,390,0.707364608955
18,391,0.6893333935775
18,392,0.6893333935775
18,393,0.6840238719425
18,394,0.683764227395
18,395,0.679290658685
18,396,0.667803960435
18,397,0.6668119461225
18,398,0.6639434392325
18,399,0.6634874875650001
18,400,0.653887551555
18,401,0.6453729628075
18,402,0.6427452480975
18,403,0.6427452480975
18,404,0.6427452480975
18,405,0.6411669404325
18,406,0.637388139985
18,407,0.6343262948599999
18,408,0.6343262948599999
18,409,0.633094184755
18,410,0.6321620273575
18,411,0.629527819695
18,412,0.629527819695
18,413,0.621676129915
18,414,0.617345683675
18,415,0.617345683675
18,416,0.617345683675
18,417,0.614778087275
18,418,0.6134800949175
18,419,0.6120946500625
18,420,0.5950881340749999
18,421,0.59246343917
18,422,0.58936816656
18,423,0.589088093565
18,424,0.5745668193225
18,425,0.566400032225
18,426,0.566400032225
18,427,0.566400032225
18,428,0.5632642784425
18,429,0.5620619874375
18,430,0.5620619874375
18,431,0.5620619874375
18,432,0.5577597395175
18,433,0.55280615063
18,434,0.5509169194575
18,435,0.549652769735
18,436,0.5493465239275
18,437,0.5493465239275
18,438,0.5493465239275
18,439,0.5454669921149999
18,440,0.5454669921149999
18,441,0.5454669921149999
18,442,0.5451963585699999
18,443,0.5450317578375
18,444,0.541698040575
18,445,0.5406102329725
18,446,0.5406102329725
18,447,0.5383288690075
18,448,0.535061731705
18,449,0.533410062375
18,450,0.5312355513125
18,451,0.5305317227299999
18,452,0.5291572066775
18,453,0.5286891159675
18,454,0.5286891159675
18,455,0.52739844567
18,456,0.5256354861425
18,457,0.5252560147475
18,458,0.524945528945
18,459,0.5232924658825
18,460,0.52281970527
18,461,0.522028581695
18,462,0.5189916261825
18,463,0.5189916261825
18,464,0.51835171792
18,465,0.517920567725
18,466,0.517920567725
18,467,0.5165538857625
18,468,0.515991315435
18,469,0.515991315435
18,470,0.515991315435
18,471,0.5154517464425
18,472,0.5154517464425
18,473,0.5150806216125
18,474,0.5150806216125
18,475,0.5138751363575
18,476,0.5131964424400001
18,477,0.51243631774
18,478,0.51089641797
18,479,0.51089641797
18,480,0.5089203140125
18,481,0.5065803328975
18,482,0.50491678336
18,483,0.5024150508
18,484,0.502410487675
18,485,0.501715073585
18,486,0.49941897138749997
18,487,0.495254896475
18,488,0.4949011332975
18,489,0.48725827853750003
18,490,0.48654295018499993
18,491,0.48580976108499996
18,492,0.48580976108499996
18,493,0.48552923863749997
18,494,0.48547077414499995
18,495,0.484353325155
18,496,0.47852308294999996
18,497,0.47644257681999996
18,498,0.475328029525
18,499,0.47456494230499996
18,500,0.4735078705225
18,501,0.4734127564025
18,502,0.4733937681575
18,503,0.4733937681575
18,504,0.47264553126250003
18,505,0.47141147427999996
18,506,0.47067676131749997
18,507,0.4693232941175
18,508,0.46836229844000005
18,509,0.46836229844000005
18,510,0.4656043667625
18,511,0.4618400739775
18,512,0.4605412448875
18,513,0.45985173570499993
18,514,0.45985173570499993
18,515,0.45985173570499993
18,516,0.45965190527
18,517,0.45965190527
18,518,0.45965190527
18,519,0.45463328349000004
18,520,0.451679063985
18,521,0.44990974140000006
18,522,0.4484389520525
18,523,0.4484389520525
18,524,0.4482180512975
18,525,0.4436841329975
18,526,0.44316712178249995
18,527,0.44316712178249995
18,528,0.443158405075
18,529,0.443087417025
18,530,0.44308246099500004
18,531,0.44256155899499994
18,532,0.44236290663
18,533,0.44081971572749995
18,534,0.44081971572749995
18,535,0.44074923807749994
18,536,0.440082718605
18,537,0.43886291437749997
18,538,0.438115217215
18,539,0.4372177579925
18,540,0.43603130800249995
18,541,0.43473998427750005
18,542,0.43473998427750005
18,543,0.43455157933
18,544,0.43402070743000004
18,545,0.4333157799925
18,546,0.4323964025525
18,547,0.432025897645
18,548,0.43159529300250005
18,549,0.43159529300250005
18,550,0.43150151855
18,551,0.4312956361975
18,552,0.4307009253075
18,553,0.430289640925
18,554,0.42971022685250004
18,555,0.42894427596
18,556,0.42879074191
18,557,0.42863047405500004
18,558,0.42863047405500004
18,559,0.428561119545
18,560,0.428561119545
18,561,0.4281322866675
18,562,0.4266375905375
18,563,0.42502437186500003
18,564,0.4234128388675
18,565,0.4233516296125
18,566,0.42331084011
18,567,0.42331084011
18,568,0.4222028167975
18,569,0.42157948889999997
18,570,0.42154868181999994
18,571,0.42152380090249997
18,572,0.42127675224
18,573,0.41934099029249994
18,574,0.417965137995
18,575,0.41762679437
18,576,0.41762679437
18,577,0.4172196469
18,578,0.41702418894
18,579,0.41686115057000006
18,580,0.416747302655
18,581,0.4153544250725
18,582,0.415038532625
18,583,0.41405623421750004
18,584,0.4126530167675
18,585,0.4122612835075
18,586,0.41200249794
18,587,0.41192137026750003
18,588,0.41060651565499995
18,589,0.41051342412749997
18,590,0.4099890639925
18,591,0.4099890639925
18,592,0.4099890639925
18,593,0.40958967529
18,594,0.40846105738750005
18,595,0.40846105738750005
18,596,0.40846105738750005
18,597,0.40833741908
18,598,0.40828337882000004
18,599,0.40808777708750005
18,600,0.40766174593000004
18,601,0.4076462456075
18,602,0.4051870615025
18,603,0.40485043783499997
18,604,0.40418349011500004
18,605,0.40337762860500004
18,606,0.4033657435725
18,607,0.4028276039475
18,608,0.4028276039475
18,609,0.4026631313075
18,610,0.40255703881000005
18,611,0.40232436134
18,612,0.40232436134
18,613,0.40231485798
18,614,0.4006270557475
18,615,0.4002802155975
18,616,0.3999962057075
18,617,0.39960652304
18,618,0.3986378801625
18,619,0.397685267165
18,620,0.39760795152
18,621,0.3975949564075
18,622,0.39718994294
18,623,0.3968983932025
18,624,0.39617719956749997
18,625,0.3959935928975
18,626,0.39594866518000005
18,627,0.39594866518000005
18,628,0.395531179525
18,629,0.395531179525
18,630,0.39456966745
18,631,0.39456966745
18,632,0.39456221294500005
18,633,0.3945240216475
18,634,0.39447496261500004
18,635,0.3942616760625
18,636,0.394110042925
18,637,0.3940152390325
18,638,0.3930267432975
18,639,0.392854147665
18,640,0.39284922141
18,641,0.39067765627
18,642,0.3900806148075
18,643,0.38969524720250004
18,644,0.38930222292
18,645,0.38913400077750004
18,646,0.38890733517
18,647,0.38880016248750005
18,648,0.38880016248750005
18,649,0.38859828031
18,650,0.38854187549999997
18,651,0.38854187549999997
18,652,0.3885413549575
18,653,0.3885413549575
18,654,0.3881283048475
18,655,0.3880396138575
18,656,0.3868741237025
18,657,0.3866270071125
18,658,0.38506322710749996
18,659,0.3845553850975
18,660,0.3845553850975
18,661,0.3845553797075
18,662,0.384497757015
18,663,0.3844517120175
18,664,0.3844082435875
18,665,0.384313678515
18,666,0.38412025505749997
18,667,0.38412025505749997
18,668,0.3834052000675
18,669,0.383234628875
18,670,0.383234628875
18,671,0.38317470478
18,672,0.38310913136
18,673,0.38181517178999996
18,674,0.38181517178999996
18,675,0.38171912527999996
18,676,0.381460346975
18,677,0.38039320625
18,678,0.3803913277975
18,679,0.3803913277975
18,680,0.380326975575
18,681,0.3800719462675
18,682,0.3799478889275
18,683,0.379813842035
18,684,0.379813842035
18,685,0.379813842035
18,686,0.3796050985375
18,687,0.3795996213425
18,688,0.379528858855
18,689,0.37944245900249995
18,690,0.3790580202825
18,691,0.37902866151
18,692,0.37901100798000004
18,693,0.37901100798000004
18,694,0.378731651485
18,695,0.378731651485
18,696,0.378731651485
18,697,0.378507935
18,698,0.37836400457999997
18,699,0.37806565714
18,700,0.3779374694175
18,701,0.37781209659
18,702,0.37775196043000003
18,703,0.37775196023
18,704,0.377725741195
18,705,0.3769701905525
18,706,0.37681971064500003
18,707,0.3768196521175
18,708,0.3768196521175
18,709,0.376700663185
18,710,0.3765453010475
18,711,0.3763923853875
18,712,0.37637794071499997
18,713,0.37622106872
18,714,0.37567958823250003
18,715,0.37567958823250003
18,716,0.3756304358175
18,717,0.3755870062625
18,718,0.3754440814475
18,719,0.3753015439575
18,720,0.3752948670475
18,721,0.3749276176925
18,722,0.3749097940325
18,723,0.37488275843249996
18,724,0.37290384116749997
18,725,0.37290383377
18,726,0.37228639819
18,727,0.372286398165
18,728,0.371879642515
18,729,0.37140371918750004
18,730,0.37139867758
18,731,0.3712866290925
18,732,0.3712866290925
18,733,0.3712712010025
18,734,0.37123831620250003
18,735,0.370999460505
18,736,0.370996217445
18,737,0.370847167935
18,738,0.37068025932
18,739,0.3705871957025
18,740,0.370219916495
18,741,0.36961694094499997
18,742,0.3696168139375
18,743,0.369423434575
18,744,0.36942343316000004
18,745,0.369400117905
18,746,0.3693959754925
18,747,0.36930561418
18,748,0.3693041741875
18,749,0.36857174606750004
18,750,0.3683400625825
18,751,0.3683384718575
18,752,0.3681823956225
18,753,0.36778070654
18,754,0.3677806664125
18,755,0.3677448171175
18,756,0.367744736395
18,757,0.367510493755
18,758,0.36751037396249997
18,759,0.3673246117025
18,760,0.36732461114500004
18,761,0.3664510233
18,762,0.3662857257325
18,763,0.3662774150775
18,764,0.36622355729
18,765,0.3660951736825
18,766,0.366075856885
18,767,0.36583346100499997
18,768,0.36573112564
18,769,0.36573112564
18,770,0.365721718435
18,771,0.36496179333
18,772,0.3649168481925
18,773,0.36487469829
18,774,0.3648746394625
18,775,0.36484257997
18,776,0.36484257988
18,777,0.36405245396749997
18,778,0.3640523050175
18,779,0.3640400888275
18,780,0.36403995185250004
18,781,0.36403995185250004
18,782,0.36400786735
18,783,0.363572750095
18,784,0.36357259743500003
18,785,0.363556281705
18,786,0.36353607317500003
18,787,0.3634801123175
18,788,0.36345341039
18,789,0.3632560078075
18,790,0.3630626104575
18,791,0.362793019615
18,792,0.362773849075
18,793,0.3627252105025
18,794,0.36263223428
18,795,0.362519010795
18,796,0.36246371334
18,797,0.36246369702250003
18,798,0.36245927124
18,799,0.36245927124
18,800,0.36244418805
18,801,0.36213420350750003
18,802,0.36211813442
18,803,0.3620654903375
18,804,0.3620654903375
18,805,0.36195852234500003
18,806,0.36195852233000003
18,807,0.36168176756000003
18,808,0.361681654355
18,809,0.36168149387500004
18,810,0.36160803887
18,811,0.36154172003
18,812,0.36149834856249996
18,813,0.3611892269775
18,814,0.3610406308475
18,815,0.36104061698
18,816,0.3610235035575
18,817,0.36085677614
18,818,0.36082923086249996
18,819,0.360677978365
18,820,0.36067772348
18,821,0.3606777171175
18,822,0.3606715902975
18,823,0.360443171005
18,824,0.36044316514749997
18,825,0.3601138565425
18,826,0.3599912485775
18,827,0.3597669367775
18,828,0.3597426439825
18,829,0.3597309503375
18,830,0.35972035518
18,831,0.35962935914
18,832,0.3596293577975
18,833,0.3596293506275
18,834,0.35941454091999997
18,835,0.35870684810750003
18,836,0.358631088175
18,837,0.3585793683725
18,838,0.3581409994275
18,839,0.35814099241499997
18,840,0.35811459888999997
18,841,0.358075386155
18,842,0.358056597035
18,843,0.357921194645
18,844,0.357921139075
18,845,0.35791865016749996
18,846,0.357912870935
18,847,0.3578663394875
18,848,0.35785214325500003
18,849,0.3577621830575
18,850,0.357724113785
18,851,0.3577051604975
18,852,0.3577051604975
18,853,0.35770460584
18,854,0.35768094803
18,855,0.3576189935575
18,856,0.3576189762175
18,857,0.35751637474
18,858,0.3575146422325
18,859,0.35751218474249996
18,860,0.3574985710925
18,861,0.357470526355
18,862,0.3574226802275
18,863,0.3573838967725
18,864,0.3573838967725
18,865,0.35736856298499997
18,866,0.357324390825
18,867,0.35727126951
18,868,0.3572064331375
18,869,0.3572064066575
18,870,0.35719048331000003
18,871,0.35718965059999996
18,872,0.35717176630999997
18,873,0.35714161362249996
18,874,0.3571299875625
18,875,0.3571292787525
18,876,0.3571171528575
18,877,0.3569094897725
18,878,0.3569088320575
18,879,0.35690155947
18,880,0.3568731911825
18,881,0.35680011502250003
18,882,0.3567975119775
18,883,0.3567181365425
18,884,0.35634870178
18,885,0.3563428021025
18,886,0.356341892935
18,887,0.35631389633
18,888,0.3563102680275
18,889,0.35622595684
18,890,0.35622595684
18,891,0.3562255919075
18,892,0.35622406559500003
18,893,0.3562134353325
18,894,0.356199445795
18,895,0.35610555929
18,896,0.35605352194999995
18,897,0.35605145313
18,898,0.35605145296249996
18,899,0.3560498537525
18,900,0.35603328424499997
18,901,0.35603319401
18,902,0.35603319401
18,903,0.3560311823625
18,904,0.35603102261499997
18,905,0.35603060022
18,906,0.356017714175
18,907,0.356017714175
18,908,0.35599080432
18,909,0.35599072277
18,910,0.355974114115
18,911,0.355974112195
18,912,0.3559738479025
18,913,0.3559738479025
18,914,0.3559736589975
18,915,0.3559733219925
18,916,0.3559733219925
18,917,0.35594856084000004
18,918,0.35588245136249996
18,919,0.35588245136249996
18,920,0.35588245136249996
18,921,0.35587744461250004
18,922,0.355809375935
18,923,0.35579775622
18,924,0.35579378953249996
18,925,0.3555820776125
18,926,0.35557975478000003
18,927,0.35557975478000003
18,928,0.35557757027500003
18,929,0.3555769887025
18,930,0.355574884625
18,931,0.35556885557999995
18,932,0.35556885557999995
18,933,0.3555680711575
18,934,0.3555680711575
18,935,0.35556229017
18,936,0.35555545686
18,937,0.35555143967
18,938,0.3555207936825
18,939,0.3554810350375
18,940,0.3554782068375
18,941,0.35546099889
18,942,0.35546099889
18,943,0.35546099244499996
18,944,0.35546099244499996
18,945,0.355453000885
18,946,0.35544408507499997
18,947,0.35544408507499997
18,948,0.35538648445
18,949,0.3553789978875
18,950,0.3553789820375
18,951,0.3553786489775
18,952,0.3553786489775
18,953,0.3553786489775
18,954,0.3550670505025
18,955,0.3550661424
18,956,0.3550647754125
18,957,0.35506316466
18,958,0.35506316466
18,959,0.3550631620225
18,960,0.3550631620225
18,961,0.3550560761925
18,962,0.3550357181175
18,963,0.3550275901825
18,964,0.3550275901825
18,965,0.35501783115749996
18,966,0.3550084225375
18,967,0.3549925884575
18,968,0.3549925884575
18,969,0.3549683367575
18,970,0.3549683367575
18,971,0.35496369235
18,972,0.35494768929
18,973,0.35492476912750004
18,974,0.3549247686925
18,975,0.3549144723475
18,976,0.3549144723475
18,977,0.3548990525575
18,978,0.354893178845
18,979,0.35488791139
18,980,0.35488791139
18,981,0.35488791139
18,982,0.35488749411750004
18,983,0.35488749411750004
18,984,0.3548873367275
18,985,0.35487804230000003
18,986,0.3548400492325
18,987,0.3548386895175
18,988,0.3548375467875
18,989,0.3548375467875
18,990,0.3548366733575
18,991,0.35483494053000003
18,992,0.35483408930750004
18,993,0.35483377838
18,994,0.3548337776375
18,995,0.35483356335500005
18,996,0.35483356335500005
18,997,0.35483356335500005
18,998,0.35483225363500004
18,999,0.354830086895
18,1000,0.354830086895
19,1,25.523256150745
19,2,13.956185592825
19,3,13.375543847394999
19,4,11.658672195769999
19,5,10.62961791855
19,6,10.1658819021375
19,7,9.99824892933
19,8,9.1702213502675
19,9,8.3388902604975
19,10,8.12141818948
19,11,7.870624044794999
19,12,7.43832928233
19,13,7.38293179505
19,14,7.222932742599999
19,15,6.767309699387501
19,16,6.569336392015001
19,17,6.4109908075925
19,18,6.377988373215
19,19,6.04719805352
19,20,6.04719805352
19,21,5.8918496927225
19,22,5.8175937069175
19,23,5.5126525682275
19,24,5.5126525682275
19,25,5.4601625114125
19,26,5.424971525795
19,27,5.3911546397175005
19,28,5.3001828375
19,29,5.3001828375
19,30,5.125400984840001
19,31,4.874254985575
19,32,4.789723695625
19,33,4.762980093855
19,34,4.703418219875
19,35,4.5817216988575
19,36,4.519743527505
19,37,4.48219919053
19,38,4.48219919053
19,39,4.457027177125
19,40,4.457027177125
19,41,4.259375911105
19,42,4.20148957417
19,43,4.1577884523675
19,44,4.0096263371725005
19,45,3.8460205449775002
19,46,3.7208286871349996
19,47,3.649256472875
19,48,3.5256504166225
19,49,3.5017487094225004
19,50,3.4801972428075003
19,51,3.4801972428075003
19,52,3.4343841329425002
19,53,3.2786217079675
19,54,3.2567572232675
19,55,3.2567572232675
19,56,3.2567572232675
19,57,3.2567572232675
19,58,3.2567572232675
19,59,3.2567572232675
19,60,3.2567572232675
19,61,3.2567572232675
19,62,3.167569259485
19,63,3.167569259485
19,64,3.1480929369424997
19,65,3.1480929369424997
19,66,3.142248912345
19,67,3.1352428310400002
19,68,3.04066002312
19,69,3.02886636577
19,70,3.02886636577
19,71,3.02886636577
19,72,3.02886636577
19,73,3.02886636577
19,74,3.02886636577
19,75,3.02886636577
19,76,3.02886636577
19,77,3.02886636577
19,78,3.02886636577
19,79,2.92325952785
19,80,2.92325952785
19,81,2.8748682178575
19,82,2.8748682178575
19,83,2.8355152587975
19,84,2.8355152587975
19,85,2.8355152587975
19,86,2.8355152587975
19,87,2.8339074792575003
19,88,2.787677491955
19,89,2.787677491955
19,90,2.787677491955
19,91,2.787677491955
19,92,2.787677491955
19,93,2.7128524446149997
19,94,2.7128524446149997
19,95,2.6625439711375
19,96,2.6625439711375
19,97,2.6625439711375
19,98,2.5871680765625
19,99,2.507669081185
19,100,2.507669081185
19,101,2.4620049778925
19,102,2.4620049778925
19,103,2.4620049778925
19,104,2.40544894044
19,105,2.40544894044
19,106,2.389909971845
19,107,2.389909971845
19,108,2.37469718184
19,109,2.37469718184
19,110,2.37469718184
19,111,2.36655678393
19,112,2.36655678393
19,113,2.36655678393
19,114,2.36655678393
19,115,2.36655678393
19,116,2.36655678393
19,117,2.35625333074
19,118,2.3336878951149997
19,119,2.3336878951149997
19,120,2.3336878951149997
19,121,2.3336878951149997
19,122,2.3336878951149997
19,123,2.3336878951149997
19,124,2.3336878951149997
19,125,2.3336878951149997
19,126,2.3292589713675
19,127,2.3292589713675
19,128,2.3281949323625
19,129,2.3020687971375002
19,130,2.2962328535825
19,131,2.2962328535825
19,132,2.28145193073
19,133,2.28145193073
19,134,2.2431214791775
19,135,2.2431214791775
19,136,2.2431214791775
19,137,2.2431214791775
19,138,2.2431214791775
19,139,2.2431214791775
19,140,2.2431214791775
19,141,2.2431214791775
19,142,2.2431214791775
19,143,2.2431214791775
19,144,2.2431214791775
19,145,2.2349880349075
19,146,2.234294830515
19,147,2.2257641290150003
19,148,2.2257641290150003
19,149,2.2257641241375
19,150,2.2257641187225
19,151,2.2257641004
19,152,2.19180372567
19,153,2.1906586833425
19,154,2.18423172444
19,155,2.1842313727375
19,156,2.174737654915
19,157,2.17473762752
19,158,2.174737407475
19,159,2.1733088691675
19,160,2.173308867365
19,161,2.173308656855
19,162,2.173308656855
19,163,2.173308656855
19,164,2.172491516095
19,165,2.1368599939475
19,166,2.1368599918299997
19,167,2.13685978156
19,168,2.13685978156
19,169,2.13685978156
19,170,2.1358414788499998
19,171,2.1213773353175
19,172,2.1213773304425
19,173,2.1213771264725
19,174,2.1213771264725
19,175,2.1213771264725
19,176,2.1213771264725
19,177,2.1213771264725
19,178,2.1213771264725
19,179,2.1213771264725
19,180,2.1213771264725
19,181,2.1213771264725
19,182,2.1213771264725
19,183,2.0560440527175
19,184,2.0560440451175
19,185,2.0555719383574997
19,186,2.0555719383574997
19,187,2.0555719383574997
19,188,2.0555719383574997
19,189,2.05192804488
19,190,2.0519280315725
19,191,2.05192785368
19,192,2.05192785368
19,193,2.05192785368
19,194,2.05192785368
19,195,1.9913350212975
19,196,1.9913350212975
19,197,1.9913348813199998
19,198,1.9913348813199998
19,199,1.9913346950725
19,200,1.9913346950725
19,201,1.9668857102525
19,202,1.9555025087125
19,203,1.9555021808125002
19,204,1.95550164337
19,205,1.937981700205
19,206,1.9379808887825
19,207,1.9064558185325002
19,208,1.9064557755974998
19,209,1.9064557755974998
19,210,1.9064557755974998
19,211,1.906455759645
19,212,1.906455759645
19,213,1.9019830690225
19,214,1.901983036875
19,215,1.901982949825
19,216,1.901982949825
19,217,1.9019829175725
19,218,1.8861946190375
19,219,1.8861010769875002
19,220,1.8544283567249997
19,221,1.85442827597
19,222,1.85442827597
19,223,1.85442827597
19,224,1.8472029074075
19,225,1.8456702957600002
19,226,1.84566990771
19,227,1.84566983412
19,228,1.84566983412
19,229,1.8456698176300002
19,230,1.8456698176300002
19,231,1.83016258951
19,232,1.8301620743
19,233,1.8301619781374998
19,234,1.8197839024650002
19,235,1.819783885935
19,236,1.819783882625
19,237,1.7929907423700002
19,238,1.792990327295
19,239,1.7914567011875
19,240,1.791456643605
19,241,1.7838761994399999
19,242,1.7838761496675002
19,243,1.759961570455
19,244,1.7599612071900002
19,245,1.7599611640475001
19,246,1.7599610874775
19,247,1.759961008865
19,248,1.759961008865
19,249,1.722229845175
19,250,1.7222295077125
19,251,1.7222294346725
19,252,1.72222902302
19,253,1.722228965555
19,254,1.722228965555
19,255,1.7082250420175
19,256,1.7082248779625
19,257,1.7082248325675
19,258,1.708223629035
19,259,1.7082225896299998
19,260,1.70822219398
19,261,1.6684356200375
19,262,1.6684354712125
19,263,1.6681688915150001
19,264,1.66816883511
19,265,1.6548611443475
19,266,1.6548608958625
19,267,1.6267587256799998
19,268,1.6267586461175
19,269,1.6267586442225
19,270,1.626758604705
19,271,1.62675857278
19,272,1.6267585108799998
19,273,1.6118504897925
19,274,1.6118503771575
19,275,1.6083576120499998
19,276,1.6083574570225
19,277,1.6083574223325
19,278,1.6083572832725
19,279,1.6033002938799998
19,280,1.60330026541
19,281,1.6033002363975002
19,282,1.6033002363975002
19,283,1.6033001862075
19,284,1.6033000524675
19,285,1.5926646968225
19,286,1.5926646467625
19,287,1.5823507759275
19,288,1.5823507414475
19,289,1.5823506852025
19,290,1.582350510925
19,291,1.5759035814875
19,292,1.57590356074
19,293,1.5485660905225
19,294,1.54856598689
19,295,1.5485658086775
19,296,1.548565762045
19,297,1.54106436531
19,298,1.5410642798825
19,299,1.4424042184775
19,300,1.4424036575824999
19,301,1.4424034492625
19,302,1.4424028466925
19,303,1.4383056304475
19,304,1.4383054599625
19,305,1.3966377426499998
19,306,1.3966359822175
19,307,1.3966349281375
19,308,1.3966348506275001
19,309,1.394965475505
19,310,1.394965464375
19,311,1.342024898375
19,312,1.3420233231899998
19,313,1.342022829065
19,314,1.3420226083025
19,315,1.3412538706225
19,316,1.34052333172
19,317,1.300926869635
19,318,1.3009264156725
19,319,1.300926130445
19,320,1.300925965565
19,321,1.3007622696524999
19,322,1.3007622504275
19,323,1.2594540154099998
19,324,1.25945292701
19,325,1.2594528756275
19,326,1.259452741195
19,327,1.25197813464
19,328,1.2519781112125
19,329,1.23739094532
19,330,1.2373904687575
19,331,1.2373902199
19,332,1.2373901908525
19,333,1.2372235917475
19,334,1.23722357112
19,335,1.22956291081
19,336,1.22956145803
19,337,1.2295612148875
19,338,1.2295612131125
19,339,1.22940272039
19,340,1.2294027002374999
19,341,1.1974717272725
19,342,1.19747032716
19,343,1.1974700782999999
19,344,1.1974698828775
19,345,1.1972864858525
19,346,1.169909331835
19,347,1.1316309140825
19,348,1.131629560285
19,349,1.131629211275
19,350,1.1183806135299998
19,351,1.118380553385
19,352,1.11838054578
19,353,1.11002252009
19,354,1.1100210702125
19,355,1.110020877715
19,356,1.1100208714025
19,357,1.0967961429425
19,358,1.0967961429425
19,359,1.0741488747074999
19,360,1.074147763725
19,361,1.0741475690275
19,362,1.0741475481175
19,363,1.074128704005
19,364,1.07412869703
19,365,1.049311859945
19,366,1.0493112684875
19,367,1.0493112531725
19,368,1.049311238155
19,369,1.0492767027599998
19,370,1.0492766976075
19,371,1.0472018440625
19,372,1.047201693405
19,373,1.0261563079275
19,374,1.026156307885
19,375,1.00923069227
19,376,1.0092306239875
19,377,1.0037058257525
19,378,1.003705316445
19,379,1.0037052424225
19,380,1.00370523291
19,381,1.003630364845
19,382,1.0036303585675
19,383,0.9976204020399999
19,384,0.99762019481
19,385,0.9976201902574999
19,386,0.9976201786875001
19,387,0.9975798619599999
19,388,0.9975798619599999
19,389,0.9941858044874999
19,390,0.9941857550550001
19,391,0.99418574463
19,392,0.99418573504
19,393,0.9941415679624999
19,394,0.9941415679624999
19,395,0.9897307807325
19,396,0.989730726795
19,397,0.9897307241325001
19,398,0.9897307124725
19,399,0.9897213101575
19,400,0.9897213101575
19,401,0.965095240315
19,402,0.965094850175
19,403,0.9650937038849999
19,404,0.9650936305775
19,405,0.9650768513399999
19,406,0.9650768513399999
19,407,0.9229566798400001
19,408,0.9229565462649999
19,409,0.922956541405
19,410,0.9229564927649999
19,411,0.9229322844175
19,412,0.9229322844175
19,413,0.9178619326299999
19,414,0.9178619179874999
19,415,0.917861914525
19,416,0.9178619145225
19,417,0.9178336773775
19,418,0.9178336773350001
19,419,0.915225995815
19,420,0.9152258581974999
19,421,0.9152258314999999
19,422,0.9152258123875001
19,423,0.915225812385
19,424,0.9152258096375
19,425,0.8986520226
19,426,0.8986518561224999
19,427,0.8986518145075
19,428,0.8986518092500001
19,429,0.8986448872775
19,430,0.8986448816225
19,431,0.8748220380475
19,432,0.8748219140050001
19,433,0.8748216343675
19,434,0.8748216288274999
19,435,0.8748135941124999
19,436,0.87481358007
19,437,0.860519223315
19,438,0.8605191397349999
19,439,0.8605191220749999
19,440,0.8605190895774999
19,441,0.86050987466
19,442,0.8605098743499999
19,443,0.83929813768
19,444,0.839297991395
19,445,0.8392979743025
19,446,0.83929791697
19,447,0.8392907121400001
19,448,0.8392907117074999
19,449,0.83637531045
19,450,0.8363753067774999
19,451,0.8363752976099998
19,452,0.836375281105
19,453,0.8363674963425
19,454,0.8363674958424999
19,455,0.828332317315
19,456,0.8283321992925
19,457,0.8283321976975
19,458,0.8283321682175
19,459,0.8283294615375001
19,460,0.8283291976475
19,461,0.8276900042375
19,462,0.8276899295125
19,463,0.82768992628
19,464,0.8276899164374999
19,465,0.8276878467975
19,466,0.8276878367449999
19,467,0.8238530964275
19,468,0.823853019825
19,469,0.82385301687
19,470,0.82385298964
19,471,0.8238472509699999
19,472,0.8238472467875001
19,473,0.8196992695800001
19,474,0.81969922346
19,475,0.81969921936
19,476,0.81969921936
19,477,0.8196929917225001
19,478,0.8196929913375
19,479,0.8159399518124999
19,480,0.8159399129324999
19,481,0.8159399083025001
19,482,0.815939907335
19,483,0.8159399059950001
19,484,0.8159399056725001
19,485,0.8132265695825
19,486,0.8132265490274999
19,487,0.8132265490274999
19,488,0.8132265340575
19,489,0.8132259936824999
19,490,0.8132259932449999
19,491,0.798398070655
19,492,0.798398057405
19,493,0.7716750947000001
19,494,0.759245944325
19,495,0.7592454613225
19,496,0.759245420955
19,497,0.75859523964
19,498,0.7585951935375
19,499,0.738444928615
19,500,0.7384449153875
19,501,0.738443344135
19,502,0.73844330332
19,503,0.7382432675725
19,504,0.73824324414
19,505,0.7161493102325001
19,506,0.71614930868
19,507,0.7161478572525
19,508,0.7161477443575
19,509,0.71596057667
19,510,0.7159604590525
19,511,0.689647303285
19,512,0.68964729388
19,513,0.6896462803275
19,514,0.6896462538975
19,515,0.689498537775
19,516,0.6894985205924999
19,517,0.6874666105025
19,518,0.6874666066975
19,519,0.687465044155
19,520,0.687465043915
19,521,0.687323999355
19,522,0.68732398341
19,523,0.6804324497325
19,524,0.6804324425974999
19,525,0.680431106465
19,526,0.6804311062174999
19,527,0.6802452684375
19,528,0.6802452559425001
19,529,0.6773816528975
19,530,0.67738164688
19,531,0.67738084497
19,532,0.6773808447799999
19,533,0.67717020031
19,534,0.6771701744799999
19,535,0.6713891360875
19,536,0.6713891360875
19,537,0.6713883158275
19,538,0.6713883144775
19,539,0.6711425901175
19,540,0.6711425707
19,541,0.6690186972775
19,542,0.6690186076425
19,543,0.66901754996
19,544,0.66901753878
19,545,0.6688995371149999
19,546,0.6688995118650001
19,547,0.6667651975925
19,548,0.6667651942924999
19,549,0.6667649606675
19,550,0.6667649561275
19,551,0.666696399805
19,552,0.6666963715275
19,553,0.665260236635
19,554,0.6652601574225
19,555,0.665260077805
19,556,0.665260069305
19,557,0.6651384260450001
19,558,0.665138364775
19,559,0.6616295396374999
19,560,0.6616295133650001
19,561,0.6616292130875
19,562,0.661629210145
19,563,0.6615141396024999
19,564,0.661514104855
19,565,0.6585788739475
19,566,0.6585788607725
19,567,0.6585782455625
19,568,0.658578245205
19,569,0.65847606504
19,570,0.65847605699
19,571,0.65774389713
19,572,0.657743895305
19,573,0.657743654095
19,574,0.65774365374
19,575,0.6575878366175
19,576,0.657587818795
19,577,0.657047461155
19,578,0.65704745427
19,579,0.65704745056
19,580,0.6570474502075
19,581,0.6568672854475001
19,582,0.6568672761900001
19,583,0.6551415644649999
19,584,0.65514155991
19,585,0.65514145204
19,586,0.6551414507575
19,587,0.65504621726
19,588,0.6550461908324999
19,589,0.6497538149375
19,590,0.6497538135550001
19,591,0.649753669375
19,592,0.649753668105
19,593,0.64965390896
19,594,0.6496538948549999
19,595,0.6435093429400001
19,596,0.6435093356475
19,597,0.643508935995
19,598,0.6435089227749999
19,599,0.643351075245
19,600,0.64335106812
19,601,0.64297761044
19,602,0.6429770773125
19,603,0.6429769506799999
19,604,0.642976944885
19,605,0.6428718209825
19,606,0.6428714708375
19,607,0.642684155225
19,608,0.6426841417125
19,609,0.6426841403275
19,610,0.6426841352375
19,611,0.642572451985
19,612,0.6425724384275
19,613,0.642394338195
19,614,0.6248284339625
19,615,0.6248283730575
19,616,0.62482836889
19,617,0.624714649155
19,618,0.62471463915
19,619,0.6245123909625
19,620,0.6245123869
19,621,0.6245121872175
19,622,0.62451218699
19,623,0.624378921735
19,624,0.624378914895
19,625,0.6243639810825
19,626,0.6243639801475
19,627,0.6243635427975
19,628,0.62436354255
19,629,0.6243031528849999
19,630,0.62430314454
19,631,0.62420416185
19,632,0.624204156135
19,633,0.624204120025
19,634,0.6242041175825
19,635,0.624119289195
19,636,0.62411926692
19,637,0.62399337285
19,638,0.62399336475
19,639,0.6239933629525
19,640,0.6239933607775
19,641,0.623898751575
19,642,0.6238987325224999
19,643,0.6066985462775
19,644,0.6066983818725
19,645,0.6066983806999999
19,646,0.6066983803799999
19,647,0.60656977804
19,648,0.6065697670325
19,649,0.606549839225
19,650,0.60654983834
19,651,0.60654983834
19,652,0.6065498366025001
19,653,0.606491538145
19,654,0.6064915277474999
19,655,0.60297609315
19,656,0.6029760322225
19,657,0.6029760308950001
19,658,0.6029760304375
19,659,0.60289254192
19,660,0.6028920592
19,661,0.6027980425574999
19,662,0.6027976850425001
19,663,0.6027976847175001
19,664,0.6027976842875
19,665,0.602766715915
19,666,0.6027666935025
19,667,0.6026620735025
19,668,0.60266202261
19,669,0.602662016105
19,670,0.6026620134575
19,671,0.6025863940975
19,672,0.60258633579
19,673,0.602557940235
19,674,0.6025578974975
19,675,0.6025578910425
19,676,0.602557888125
19,677,0.60248855683
19,678,0.60248850585
19,679,0.6023962094875001
19,680,0.6023961714675
19,681,0.60239616485
19,682,0.6023961620625
19,683,0.60233630728
19,684,0.602336249545
19,685,0.6022096323799999
19,686,0.602209608925
19,687,0.6022096035475
19,688,0.6022096001875
19,689,0.6021460711925
19,690,0.6021460366475
19,691,0.6020720900675001
19,692,0.60207208542
19,693,0.602072083465
19,694,0.6020720808475
19,695,0.6019544084025
19,696,0.6019543995825
19,697,0.60192467326
19,698,0.60192467188
19,699,0.6019246703525
19,700,0.6019246702475
19,701,0.601847323555
19,702,0.6018473123
19,703,0.6018266065875
19,704,0.6018266003974999
19,705,0.5869515922175
19,706,0.586951588775
19,707,0.58690477259
19,708,0.58690461993
19,709,0.5868905757425
19,710,0.586890572085
19,711,0.58689056977
19,712,0.586890566705
19,713,0.5868635524525
19,714,0.5868635462525
19,715,0.5868238562525
19,716,0.5868238491775
19,717,0.583025509555
19,718,0.583025507395
19,719,0.5829632298325
19,720,0.582963132215
19,721,0.5829059668675
19,722,0.5829058496
19,723,0.58290584687
19,724,0.5829058435925
19,725,0.5828662961525
19,726,0.5828662825400001
19,727,0.58277329774
19,728,0.5827732931475
19,729,0.5827415138600001
19,730,0.5827415134325
19,731,0.582694918575
19,732,0.5826948152125
19,733,0.582691787635
19,734,0.5826916753075
19,735,0.58263255772
19,736,0.582632555855
19,737,0.5825803379325001
19,738,0.5825802381025
19,739,0.5825194645375
19,740,0.5825193470875
19,741,0.5824038163524999
19,742,0.5824038158975
19,743,0.58234504812
19,744,0.58234495301
19,745,0.5822474106625
19,746,0.5822473026924999
19,747,0.5818660084075
19,748,0.5818660081975
19,749,0.58180672751
19,750,0.5818066588025
19,751,0.5816927529225
19,752,0.5816926768624999
19,753,0.5812926617649999
19,754,0.5812926608975
19,755,0.5812389525899999
19,756,0.581238943095
19,757,0.5812247070575001
19,758,0.5812247055725
19,759,0.581224644215
19,760,0.581224643925
19,761,0.5811509433975
19,762,0.58115093878
19,763,0.5811295389225
19,764,0.58112953379
19,765,0.58112953139
19,766,0.58112953112
19,767,0.5810824932975
19,768,0.5810824907
19,769,0.5810479216525
19,770,0.581047916645
19,771,0.58104791478
19,772,0.5810479142425
19,773,0.58101224867
19,774,0.5810122426775
19,775,0.5809845856975
19,776,0.5809845794774999
19,777,0.580984577755
19,778,0.5809845756775001
19,779,0.5809569442825
19,780,0.5809569405099999
19,781,0.5809432815625
19,782,0.5809432808325
19,783,0.5809432808325
19,784,0.5809432755849999
19,785,0.580894565785
19,786,0.58089455241
19,787,0.5808794329525
19,788,0.580879431715
19,789,0.580879431715
19,790,0.58087942909
19,791,0.5808293673175
19,792,0.5808293592725
19,793,0.5808184458775
19,794,0.5808184418525
19,795,0.5808184411424999
19,796,0.580818437645
19,797,0.580754081245
19,798,0.5807540731025
19,799,0.58073673593
19,800,0.5807367314375
19,801,0.5807367296875
19,802,0.5807367269275
19,803,0.5807225440825
19,804,0.58072254255
19,805,0.5806978974275
19,806,0.5806978928125
19,807,0.580697890935
19,808,0.580697887935
19,809,0.58067100975
19,810,0.5806710012524999
19,811,0.5801465802925
19,812,0.5801465758725
19,813,0.5801465726274999
19,814,0.58014657129
19,815,0.5801138329475
19,816,0.5801138205324999
19,817,0.580078887505
19,818,0.5777283779225
19,819,0.577728374975
19,820,0.5777283747024999
19,821,0.5776836172925
19,822,0.5776836078475001
19,823,0.5776629627550001
19,824,0.57766295813
19,825,0.577662956045
19,826,0.577662953815
19,827,0.5776359115274999
19,828,0.5776358993225
19,829,0.57760690844
19,830,0.57760690429
19,831,0.5776069024325
19,832,0.5776068996175
19,833,0.57757470923
19,834,0.5775747007075
19,835,0.577541556695
19,836,0.57754155615
19,837,0.57754155615
19,838,0.5775415511324999
19,839,0.5775207709875
19,840,0.5775207539025
19,841,0.5774956823274999
19,842,0.5774956744075
19,843,0.57749567027
19,844,0.577495669445
19,845,0.5770441124025
19,846,0.5770441004825
19,847,0.5770379593475
19,848,0.5770379558600001
19,849,0.577037954785
19,850,0.5770379539525
19,851,0.57700571028
19,852,0.5770056986450001
19,853,0.5770010237225
19,854,0.5770010212375001
19,855,0.5770010212375001
19,856,0.57700102105
19,857,0.576958986685
19,858,0.57695897328
19,859,0.5769418911449999
19,860,0.5769418851075
19,861,0.5769418827774999
19,862,0.5767857038649999
19,863,0.5767369613275
19,864,0.576736954915
19,865,0.57671643245
19,866,0.576716426295
19,867,0.5767164239925
19,868,0.5767164238275
19,869,0.576682714735
19,870,0.5766827070275
19,871,0.5766651388475
19,872,0.576665135755
19,873,0.57521334775
19,874,0.5752133475575
19,875,0.5751708412100001
19,876,0.5751708329549999
19,877,0.5751609997075
19,878,0.575160992035
19,879,0.5751609896425001
19,880,0.5751609893225
19,881,0.5751563550675
19,882,0.5751563492025
19,883,0.5751405021325
19,884,0.57514049658
19,885,0.575140495105
19,886,0.5751404949575
19,887,0.5751171381975
19,888,0.5751171257400001
19,889,0.5750941817074999
19,890,0.57509417715
19,891,0.5750941752325
19,892,0.57509417511
19,893,0.57506564902
19,894,0.57506563738
19,895,0.5750346011825
19,896,0.575034595605
19,897,0.57503459362
19,898,0.575034593525
19,899,0.575006683145
19,900,0.5750066747925
19,901,0.5749462804950001
19,902,0.574946279025
19,903,0.574946279025
19,904,0.57494627827
19,905,0.5741287747625
19,906,0.5741287588675
19,907,0.57411183796
19,908,0.57411183796
19,909,0.57411183796
19,910,0.574111835335
19,911,0.5740956897025
19,912,0.5740956776974999
19,913,0.5634290993825
19,914,0.5634290963325
19,915,0.5634290947775
19,916,0.5634290947
19,917,0.56339973303
19,918,0.5633997235625
19,919,0.5633977519225
19,920,0.5633977512275
19,921,0.5633977512275
19,922,0.5633977494175
19,923,0.56336141019
19,924,0.563361396645
19,925,0.5633544361675
19,926,0.563354431355
19,927,0.56335442889
19,928,0.5633544271325001
19,929,0.5633125695675
19,930,0.56331256258
19,931,0.5633011219374999
19,932,0.5633011166324999
19,933,0.5633011139099999
19,934,0.5633011120525
19,935,0.5632857330450001
19,936,0.5632857240525
19,937,0.5632683454099999
19,938,0.56326834176
19,939,0.5632683404875001
19,940,0.563268338715
19,941,0.5632414622625
19,942,0.563241457075
19,943,0.5632251405825
19,944,0.5632251348225
19,945,0.5632251314425
19,946,0.5632251292975
19,947,0.5632014520774999
19,948,0.5632014478625
19,949,0.5631815725725
19,950,0.5631815707475
19,951,0.5631815703474999
19,952,0.563181568605
19,953,0.5631729541525
19,954,0.563172951055
19,955,0.5631645045825
19,956,0.563164498065
19,957,0.5631644951625
19,958,0.56316449299
19,959,0.56315047176
19,960,0.5631504640925
19,961,0.56314420786
19,962,0.563144205755
19,963,0.563144204855
19,964,0.5631442027125
19,965,0.5630714915625
19,966,0.56307148543
19,967,0.5630585456475
19,968,0.5630585403275
19,969,0.5630585383175
19,970,0.5626821983825
19,971,0.5626558746525
19,972,0.5626558674475001
19,973,0.562640036205
19,974,0.56264003387
19,975,0.56244559117
19,976,0.5624455894075
19,977,0.562423642975
19,978,0.5624236415949999
19,979,0.56216127088
19,980,0.5621612653225
19,981,0.5621612632049999
19,982,0.5621612622125001
19,983,0.562153863085
19,984,0.5621538605025
19,985,0.5621482840475001
19,986,0.5621482830925
19,987,0.5621482830925
19,988,0.5621482818425
19,989,0.56212964001
19,990,0.5621296351375
19,991,0.5621186907325
19,992,0.5621186901349999
19,993,0.562118689445
19,994,0.5621186882125
19,995,0.5620973006725001
19,996,0.5562834123525
19,997,0.5562792832075
19,998,0.5562792776625
19,999,0.55627927433
19,1000,0.556279273035
20,1,39181.18993476833
20,2,13488.9669726768
20,3,9341.448241494172
20,4,6923.3302202370905
20,5,3844.434750091145
20,6,3530.0206549304203
20,7,3159.5132687563028
20,8,2599.94364416857
20,9,2029.7620353802074
20,10,1681.6318824103478
20,11,1514.3786058347375
20,12,1360.97461242676
20,13,1254.7847425835876
20,14,1018.0719731342726
20,15,896.5974569202575
20,16,701.6986023774475
20,17,661.1031744864974
20,18,461.36293319050003
20,19,451.17671936556496
20,20,426.379739022645
20,21,245.95643528289003
20,22,245.95643528289003
20,23,175.3106999752
20,24,175.3106999752
20,25,114.66943734179499
20,26,96.04631791575
20,27,89.41259619502
20,28,89.39371321818251
20,29,89.39371321818251
20,30,89.0719463244325
20,31,62.523923047530005
20,32,62.50128370712999
20,33,54.63762736572001
20,34,36.142230177585006
20,35,28.343739191872498
20,36,28.343739191872498
20,37,28.2836631454925
20,38,28.0010837946325
20,39,26.215011666225003
20,40,26.212491260360004
20,41,26.179262165772503
20,42,22.9245548266
20,43,22.8225158392025
20,44,22.8225158392025
20,45,22.814337998950002
20,46,22.79996231471
20,47,8.6142167009475
20,48,7.672582062182499
20,49,7.6086216049274995
20,50,7.6086216049274995
20,51,6.940259578507501
20,52,6.940259578507501
20,53,6.927537914277499
20,54,6.923393949815001
20,55,4.3540747529149995
20,56,4.3387077955375
20,57,4.3240279522575005
20,58,4.3240279522575005
20,59,4.308733312665
20,60,4.2295299593274995
20,61,4.210580140165
20,62,4.210580137707501
20,63,3.2584908460374997
20,64,3.2277118233175
20,65,3.20593825022
20,66,3.19543277534
20,67,3.172432427115
20,68,3.172432427115
20,69,3.1668643357775
20,70,3.125161590415
20,71,3.1104451022574997
20,72,3.0250850222375
20,73,3.0198186850925
20,74,3.0155241379725
20,75,3.0092086005425
20,76,2.9791717108349998
20,77,2.92822669052
20,78,2.9059774393224997
20,79,2.9059774393224997
20,80,2.8861815365925
20,81,2.871903798995
20,82,2.867915782855
20,83,2.8257966037475
20,84,2.8257966037475
20,85,2.8257966037475
20,86,2.8257966037475
20,87,2.7949532387600002
20,88,2.7949532387600002
20,89,2.7949532387600002
20,90,2.7949532387600002
20,91,2.7949532387600002
20,92,2.7949532387600002
20,93,2.7885058842149997
20,94,2.7705426877325
20,95,2.7669995087699997
20,96,2.760392375805
20,97,2.75345455816
20,98,2.74111261439
20,99,2.7113044795274996
20,100,2.654749720325
20,101,2.6422373348450003
20,102,2.6421712909700004
20,103,2.6421712909700004
20,104,2.6421712909700004
20,105,2.6386778822925
20,106,2.6386778822925
20,107,2.6039072956025
20,108,2.6039072956025
20,109,2.6039072956025
20,110,2.5915868380725002
20,111,2.5768912572550002
20,112,2.57627542473
20,113,2.5754174000325003
20,114,2.570941714
20,115,2.570941714
20,116,2.5709417122275
20,117,2.5709417122275
20,118,2.5709417122275
20,119,2.5657067012275
20,120,2.5500014377075
20,121,2.5500014377075
20,122,2.5500014377075
20,123,2.5373051909449997
20,124,2.5260703832874998
20,125,2.5240359038575
20,126,2.5240359038575
20,127,2.48870064308
20,128,2.488700641195
20,129,2.4836630173225
20,130,2.4739314711375
20,131,2.4393143843225
20,132,2.4088946375075
20,133,2.4088946375075
20,134,2.408894637405
20,135,2.4057231019075003
20,136,2.4057231005525
20,137,2.389699365405
20,138,2.389699365405
20,139,2.389699365405
20,140,2.389699365405
20,141,2.382627404615
20,142,2.3764194219275003
20,143,2.3764194219275003
20,144,2.3764194219275003
20,145,2.3638213150875
20,146,2.3638213150875
20,147,2.3559599087675
20,148,2.353314473265
20,149,2.353314473265
20,150,2.3452413652699997
20,151,2.343100677055
20,152,2.343100677055
20,153,2.3043646968825002
20,154,2.292814079825
20,155,2.2866584889199997
20,156,2.2866584857100003
20,157,2.281923506125
20,158,2.281298667055
20,159,2.2797927698550002
20,160,2.2794855202625
20,161,2.2794855202625
20,162,2.27644441281
20,163,2.2615848033974997
20,164,2.2615848033974997
20,165,2.244149559965
20,166,2.24072694388
20,167,2.24072694388
20,168,2.24072694388
20,169,2.24072694388
20,170,2.2345155874300002
20,171,2.1906644918350002
20,172,2.190664489745
20,173,2.188029203825
20,174,2.1633882960925
20,175,2.1633882960925
20,176,2.1541260799125
20,177,2.13575087109
20,178,2.1357508701725
20,179,2.1357508701725
20,180,2.1357508701725
20,181,2.1305657564200002
20,182,2.1121646538275
20,183,2.1051123136600003
20,184,2.0985676456325
20,185,2.09856764534
20,186,2.09856764534
20,187,2.09856764534
20,188,2.0809681124450004
20,189,2.0772841806824998
20,190,2.077284179925
20,191,2.0740393702525
20,192,2.0740393702525
20,193,2.0702378231600003
20,194,2.0702378219825
20,195,2.068082209
20,196,2.02772137149
20,197,2.026164202875
20,198,1.9998657364825
20,199,1.9993391000325
20,200,1.9993390998350002
20,201,1.9861302692025
20,202,1.9740395280725
20,203,1.9603699177275
20,204,1.9566582538100001
20,205,1.9456657750225
20,206,1.9375405030225
20,207,1.93695512882
20,208,1.936955128715
20,209,1.93517465918
20,210,1.93414740911
20,211,1.9341474090925002
20,212,1.9245867470325
20,213,1.906699274835
20,214,1.90669927472
20,215,1.897743750985
20,216,1.8969582256375
20,217,1.8905427638824999
20,218,1.890542763825
20,219,1.8762048463275
20,220,1.8762048463150003
20,221,1.8762048463150003
20,222,1.8762048459599998
20,223,1.876204845945
20,224,1.87385746648
20,225,1.8737247461
20,226,1.8727481920575002
20,227,1.8685003146549999
20,228,1.8608012109524998
20,229,1.8608012109074998
20,230,1.8608012109074998
20,231,1.8607713561375
20,232,1.8533332963175
20,233,1.8533332963125002
20,234,1.8533332963100002
20,235,1.85005155986
20,236,1.8479122979375
20,237,1.828514212705
20,238,1.828514212705
20,239,1.828514212705
20,240,1.8263179671525003
20,241,1.8244299896050002
20,242,1.820906189115
20,243,1.8209061862425
20,244,1.8209061862425
20,245,1.8209061862425
20,246,1.8209061862425
20,247,1.8155862181500002
20,248,1.8155862181500002
20,249,1.8155862181300002
20,250,1.8155862181300002
20,251,1.804140815625
20,252,1.804140815625
20,253,1.804140815625
20,254,1.804140815625
20,255,1.804140815625
20,256,1.804140815625
20,257,1.79023045295
20,258,1.7902304528975002
20,259,1.7884281829375
20,260,1.7884281816049998
20,261,1.7884281773950002
20,262,1.7864070480575003
20,263,1.7864070480575003
20,264,1.771184306595
20,265,1.7644247909275
20,266,1.7623490983749999
20,267,1.76142979149
20,268,1.7612527667000002
20,269,1.7355817852800002
20,270,1.733298811305
20,271,1.730415378835
20,272,1.71617719089
20,273,1.7161771889475
20,274,1.7161771889475
20,275,1.6853598926375
20,276,1.68301014078
20,277,1.678278240005
20,278,1.6772092750525
20,279,1.6771005023299999
20,280,1.6733527654300002
20,281,1.6679631161525001
20,282,1.6655931591150002
20,283,1.6589398980049999
20,284,1.6589398980049999
20,285,1.6585333268525002
20,286,1.6585333268525002
20,287,1.647786475725
20,288,1.6477864755999998
20,289,1.64482329515
20,290,1.64449151715
20,291,1.644491516315
20,292,1.643949074445
20,293,1.643949074445
20,294,1.6432295294700001
20,295,1.6432295294700001
20,296,1.6432295294700001
20,297,1.6432295294700001
20,298,1.6432295294700001
20,299,1.6413282023074998
20,300,1.6413282021975
20,301,1.64132820218
20,302,1.64132820218
20,303,1.6405245476175
20,304,1.6405245476175
20,305,1.6403302117974998
20,306,1.6299889555475002
20,307,1.6299889555475002
20,308,1.6298688123875
20,309,1.6226794731024998
20,310,1.6219925673875
20,311,1.6147190783425
20,312,1.6147190781999998
20,313,1.60872349085
20,314,1.607555234825
20,315,1.6075552347475
20,316,1.6074743477175002
20,317,1.6048776140874998
20,318,1.5995214899225
20,319,1.5931370740175
20,320,1.5931370740075
20,321,1.593137073475
20,322,1.5875896484449998
20,323,1.5874913748725
20,324,1.5874913748575001
20,325,1.5874913748575001
20,326,1.5874913748575001
20,327,1.5874913748525
20,328,1.587491374845
20,329,1.5871974770075
20,330,1.5871974770050001
20,331,1.5871974769975
20,332,1.5864894204
20,333,1.586489420225
20,334,1.586489420225
20,335,1.5862247151
20,336,1.5857504985525002
20,337,1.5857504985525002
20,338,1.5856115141175
20,339,1.5856115140175
20,340,1.5856115140175
20,341,1.5854701741625
20,342,1.5854701741575
20,343,1.5854701741575
20,344,1.57350941096
20,345,1.57350941096
20,346,1.572830565895
20,347,1.5695086334275001
20,348,1.569508633405
20,349,1.5685041464525
20,350,1.5633536325375
20,351,1.5633536325375
20,352,1.5633536325375
20,353,1.56281249175
20,354,1.5628124917325
20,355,1.560356857765
20,356,1.560299783605
20,357,1.560299783605
20,358,1.560299783605
20,359,1.5591636314200001
20,360,1.5578938721
20,361,1.5578938721
20,362,1.5578938721
20,363,1.55774779168
20,364,1.55774779168
20,365,1.5577477828225
20,366,1.55774778282
20,367,1.55774778282
20,368,1.55774778282
20,369,1.55333278371
20,370,1.55333278371
20,371,1.553253464745
20,372,1.553253464745
20,373,1.553253464745
20,374,1.5445163693725
20,375,1.5445163693725
20,376,1.5445163693725
20,377,1.5445163693725
20,378,1.5431788975425
20,379,1.5431788975425
20,380,1.5431788975425
20,381,1.5431788975425
20,382,1.5431788975425
20,383,1.5431788975425
20,384,1.5398077743375
20,385,1.5398077743375
20,386,1.5398077743375
20,387,1.5398077743375
20,388,1.5398077743375
20,389,1.5396902839775
20,390,1.5396902839775
20,391,1.5396902839775
20,392,1.53896186657
20,393,1.53896186657
20,394,1.53896186657
20,395,1.5389331534
20,396,1.5389331534
20,397,1.5389331534
20,398,1.5389261755025
20,399,1.535407728265
20,400,1.535407728265
20,401,1.5351420384124999
20,402,1.534931389
20,403,1.534931389
20,404,1.5348665117525
20,405,1.5348665117525
20,406,1.5342056634475
20,407,1.5342056634475
20,408,1.5264958483975
20,409,1.5264958483975
20,410,1.5264958483525
20,411,1.5264958483525
20,412,1.526495848305
20,413,1.526495848305
20,414,1.526495848305
20,415,1.526495848305
20,416,1.526495848305
20,417,1.526495848305
20,418,1.5264108061775
20,419,1.521632294465
20,420,1.521632294465
20,421,1.5216297370525
20,422,1.521556171225
20,423,1.521542582475
20,424,1.5215425824575
20,425,1.5212159061850001
20,426,1.52118520468
20,427,1.52118520468
20,428,1.5174461418225
20,429,1.517446141665
20,430,1.517446141385
20,431,1.5111042803274999
20,432,1.5111042803274999
20,433,1.5084097194350001
20,434,1.5084097193675
20,435,1.5084097193675
20,436,1.5084097193675
20,437,1.50671995016
20,438,1.50644909908
20,439,1.5060379995475
20,440,1.5060379993450002
20,441,1.5060379991975001
20,442,1.5060379989150001
20,443,1.505830605295
20,444,1.5058304292725
20,445,1.5058304292725
20,446,1.5058133919999999
20,447,1.5058133919999999
20,448,1.5058133919999999
20,449,1.50168918421
20,450,1.5003315199225
20,451,1.5003315199225
20,452,1.50033151969
20,453,1.500331519555
20,454,1.500331519225
20,455,1.500281198915
20,456,1.4979677961475
20,457,1.4979677959225
20,458,1.494602172165
20,459,1.494602172165
20,460,1.4945923861200001
20,461,1.4945774566499999
20,462,1.4933001585199999
20,463,1.4933001584925
20,464,1.49282847803
20,465,1.4859700425975
20,466,1.485970042595
20,467,1.4858873279575
20,468,1.4856985779125
20,469,1.4856985776525
20,470,1.4855948494875
20,471,1.4855948494875
20,472,1.4855948490375
20,473,1.485594465365
20,474,1.485369758225
20,475,1.4853697581875
20,476,1.4853663265850001
20,477,1.4853663265850001
20,478,1.4853663265850001
20,479,1.4852091029575
20,480,1.4851742139275
20,481,1.4851739751975
20,482,1.48517397517
20,483,1.4812647987425
20,484,1.475751791485
20,485,1.4748315380750001
20,486,1.474732101705
20,487,1.474732101635
20,488,1.47473210163
20,489,1.47024153434
20,490,1.4702415343425
20,491,1.4702009162425
20,492,1.470200905275
20,493,1.47020090523
20,494,1.470200894415
20,495,1.470200894415
20,496,1.4699294247299999
20,497,1.4698941055124999
20,498,1.4664919836574999
20,499,1.4664919836574999
20,500,1.4664891495175
20,501,1.466489149485
20,502,1.466489149485
20,503,1.4664838039224999
20,504,1.4641789219299999
20,505,1.4641652237325
20,506,1.4641652237325
20,507,1.4641652237325
20,508,1.464165223685
20,509,1.4641599960175
20,510,1.4641599960175
20,511,1.4641599960175
20,512,1.46411854698
20,513,1.46411854698
20,514,1.46411854698
20,515,1.464118357025
20,516,1.464118357025
20,517,1.464116461305
20,518,1.4641164613025
20,519,1.460280752135
20,520,1.4599246426624999
20,521,1.4599239832075
20,522,1.4599239832075
20,523,1.45059651783
20,524,1.4505959924875
20,525,1.4505959924875
20,526,1.4505517628425
20,527,1.4486385450075
20,528,1.4486385450075
20,529,1.4486218989225
20,530,1.44862115665
20,531,1.44862115665
20,532,1.44862115665
20,533,1.448457406285
20,534,1.448457406285
20,535,1.448457406285
20,536,1.448457406285
20,537,1.4484570374749999
20,538,1.4479940110625
20,539,1.44601449997
20,540,1.44601449997
20,541,1.44588834792
20,542,1.44588834792
20,543,1.436427285395
20,544,1.436427285395
20,545,1.436427285395
20,546,1.436402503405
20,547,1.42963409096
20,548,1.42963409096
20,549,1.4295913795700002
20,550,1.4295913795700002
20,551,1.4269498780625
20,552,1.4269498780625
20,553,1.4269498780625
20,554,1.426327523885
20,555,1.426327523885
20,556,1.426327523885
20,557,1.426327523885
20,558,1.426327523885
20,559,1.426327523885
20,560,1.426327523885
20,561,1.426327523885
20,562,1.426327523885
20,563,1.426321137905
20,564,1.4263170706925
20,565,1.4263170706925
20,566,1.4263170706925
20,567,1.4263170706925
20,568,1.4263170706925
20,569,1.4263170706925
20,570,1.4263145714449998
20,571,1.4263145714449998
20,572,1.4263145714449998
20,573,1.4235126452375
20,574,1.423480308995
20,575,1.423384222715
20,576,1.41649894415
20,577,1.415265448985
20,578,1.41329772945
20,579,1.41329772945
20,580,1.41329772945
20,581,1.41329772945
20,582,1.4058851676675002
20,583,1.4058851676675002
20,584,1.40467431203
20,585,1.40467431203
20,586,1.40467431203
20,587,1.4031790245825
20,588,1.3984653499275
20,589,1.3984653499275
20,590,1.3984653499275
20,591,1.3984653499275
20,592,1.39846466414
20,593,1.3978063962625
20,594,1.389718970665
20,595,1.389718970665
20,596,1.3897189026199999
20,597,1.3892938514600002
20,598,1.3892548366250002
20,599,1.3882957284175
20,600,1.3882957284175
20,601,1.3882957284175
20,602,1.3882957284175
20,603,1.3873719746025
20,604,1.3872902700625
20,605,1.387120861935
20,606,1.3843967012575
20,607,1.3843950198025001
20,608,1.3843950198025001
20,609,1.384392077315
20,610,1.3818006092575001
20,611,1.3813405666
20,612,1.3813405666
20,613,1.3813405666
20,614,1.3813405666
20,615,1.3813405666
20,616,1.3803600652025
20,617,1.3803600652025
20,618,1.3799452309325
20,619,1.3799452309325
20,620,1.379944847765
20,621,1.3799412920049998
20,622,1.3791231765699998
20,623,1.3791231765699998
20,624,1.3775822947175
20,625,1.3775822947175
20,626,1.3775822947175
20,627,1.3775822947175
20,628,1.3775666154425
20,629,1.3772445230675001
20,630,1.3772445230675001
20,631,1.3707084148450002
20,632,1.37070841479
20,633,1.366742163875
20,634,1.366742163875
20,635,1.36652949668
20,636,1.36652929915
20,637,1.3662267000425001
20,638,1.360933340405
20,639,1.3583950805075
20,640,1.35839408444
20,641,1.3581936389375
20,642,1.3579422353225001
20,643,1.357942231475
20,644,1.35793632089
20,645,1.3552730650425
20,646,1.3552730650425
20,647,1.3519940794149998
20,648,1.3519940794149998
20,649,1.35166385278
20,650,1.34924662613
20,651,1.3486027451275
20,652,1.3486027451275
20,653,1.3485869044275
20,654,1.3485869044275
20,655,1.3485185796399999
20,656,1.3485185796399999
20,657,1.3443121217625
20,658,1.34431121606
20,659,1.3431955011525
20,660,1.3431955011525
20,661,1.3431955011525
20,662,1.3411960084675
20,663,1.3411960084675
20,664,1.3411960084675
20,665,1.3411959237775
20,666,1.341195852445
20,667,1.33591029286
20,668,1.33591029286
20,669,1.3357776186224999
20,670,1.3357776186224999
20,671,1.3303547820175
20,672,1.3303547820175
20,673,1.3303547820175
20,674,1.3302204365074999
20,675,1.328356493785
20,676,1.328356493785
20,677,1.3283564920725
20,678,1.3283538176775
20,679,1.3283523972025
20,680,1.3283523972025
20,681,1.3273129622575
20,682,1.3267374716175
20,683,1.326737471615
20,684,1.326737471615
20,685,1.326737471615
20,686,1.325768936515
20,687,1.319188523835
20,688,1.319188523835
20,689,1.319188523835
20,690,1.319188523835
20,691,1.319188523835
20,692,1.319188523835
20,693,1.319188523835
20,694,1.3119159936025
20,695,1.3107149263075
20,696,1.3107149263075
20,697,1.3066712041875
20,698,1.3064287009875
20,699,1.3064287009875
20,700,1.30626247717
20,701,1.30626247717
20,702,1.30626247717
20,703,1.30626247717
20,704,1.306262476625
20,705,1.304182204925
20,706,1.3041821543775
20,707,1.3041820271125
20,708,1.3041820271125
20,709,1.3041820271125
20,710,1.3041820271125
20,711,1.30387462587
20,712,1.30387462587
20,713,1.3033665337575
20,714,1.3033078710775
20,715,1.30308660078
20,716,1.30308660078
20,717,1.3017696455599999
20,718,1.3010383816775
20,719,1.2999197087575
20,720,1.299919678475
20,721,1.29849073693
20,722,1.294826593155
20,723,1.2933462477825
20,724,1.2933462477825
20,725,1.2925102530575
20,726,1.2925102530575
20,727,1.2925101939775
20,728,1.2920658881475
20,729,1.291453755485
20,730,1.2914536595950001
20,731,1.2900422469800001
20,732,1.28695259916
20,733,1.2858289019
20,734,1.2858289019
20,735,1.2850993349725
20,736,1.2850993349725
20,737,1.28437391351
20,738,1.28437391351
20,739,1.279855838725
20,740,1.279541349435
20,741,1.2773854349925
20,742,1.2773850727025
20,743,1.2773850051975
20,744,1.2773850051975
20,745,1.2773850051975
20,746,1.276775085995
20,747,1.276775085995
20,748,1.276775085995
20,749,1.2759688275375
20,750,1.27484157127
20,751,1.273902084795
20,752,1.273902084795
20,753,1.273902084795
20,754,1.2737417036875
20,755,1.27370025228
20,756,1.27370025228
20,757,1.27370025228
20,758,1.27370025228
20,759,1.27370025228
20,760,1.27366441534
20,761,1.2736643708300002
20,762,1.27366436403
20,763,1.27366436395
20,764,1.27366436395
20,765,1.2732024124149999
20,766,1.27312186136
20,767,1.273121850775
20,768,1.2730812157475
20,769,1.2727581790275
20,770,1.2727581790275
20,771,1.2727581790275
20,772,1.272285021185
20,773,1.272285021185
20,774,1.2720389912
20,775,1.272010855625
20,776,1.2716625803175001
20,777,1.271608140455
20,778,1.2716081404200001
20,779,1.2716081404200001
20,780,1.27115787514
20,781,1.2708305356075
20,782,1.269577039905
20,783,1.2677381225075002
20,784,1.2677381225075002
20,785,1.2677240090325
20,786,1.2677240090325
20,787,1.26758424357
20,788,1.26758424357
20,789,1.26758424357
20,790,1.267584226205
20,791,1.266831138565
20,792,1.266831138565
20,793,1.2667112568549999
20,794,1.26670040058
20,795,1.2665022349425
20,796,1.2665022349425
20,797,1.2665022297475
20,798,1.2664937536275
20,799,1.2664937536275
20,800,1.2664937536275
20,801,1.266493673605
20,802,1.2664726382675
20,803,1.2664725978325
20,804,1.2664725978325
20,805,1.2658636025225
20,806,1.26586359912
20,807,1.26586359912
20,808,1.26586359912
20,809,1.2658372719825
20,810,1.2658372719825
20,811,1.2652587394625
20,812,1.265258738335
20,813,1.2648346659874998
20,814,1.26440567631
20,815,1.2644055998475001
20,816,1.2644055998475001
20,817,1.263646015155
20,818,1.263646015155
20,819,1.2636334190574998
20,820,1.26338302163
20,821,1.26338302163
20,822,1.26330045998
20,823,1.2631791270200001
20,824,1.2631791270200001
20,825,1.2631790743725
20,826,1.2631790743725
20,827,1.2631790743725
20,828,1.2630456362275
20,829,1.2626540896849998
20,830,1.2626540896849998
20,831,1.262583421725
20,832,1.262583421725
20,833,1.262521509295
20,834,1.2623318496775
20,835,1.26230792318
20,836,1.26230792318
20,837,1.26230792245
20,838,1.26227682549
20,839,1.26227682549
20,840,1.26227682549
20,841,1.2616888810875
20,842,1.2614937175
20,843,1.261349299805
20,844,1.261349299805
20,845,1.261349299805
20,846,1.261349299805
20,847,1.2613418847775
20,848,1.2612367361449999
20,849,1.2612087508125
20,850,1.2612087489225001
20,851,1.2611792634249999
20,852,1.261116793845
20,853,1.2611167938425
20,854,1.2611064123725
20,855,1.2611064123725
20,856,1.2611064123725
20,857,1.26110534489
20,858,1.261105344755
20,859,1.261105344755
20,860,1.2610982778725
20,861,1.2609176124825
20,862,1.2609176124775001
20,863,1.2608460704975
20,864,1.2608451304400001
20,865,1.2607807788675
20,866,1.2607807788675
20,867,1.25985098457
20,868,1.2593946714875002
20,869,1.2593946714875002
20,870,1.2593946714875002
20,871,1.2593753198125
20,872,1.2593068469825002
20,873,1.2593006091375
20,874,1.2593006091375
20,875,1.2593006091375
20,876,1.2593006087175
20,877,1.2592623065975
20,878,1.25921394478
20,879,1.25919088245
20,880,1.25919088218
20,881,1.25919088218
20,882,1.25910217173
20,883,1.25910217173
20,884,1.25910217173
20,885,1.259043911395
20,886,1.259043911395
20,887,1.258996500835
20,888,1.2589470276125
20,889,1.2589470276125
20,890,1.258934895365
20,891,1.2588936080450002
20,892,1.2588936080450002
20,893,1.2588936080450002
20,894,1.2588936080350002
20,895,1.2588858698875
20,896,1.258885869885
20,897,1.258885869885
20,898,1.25888586985
20,899,1.25888586985
20,900,1.2588253115
20,901,1.2588036070125
20,902,1.2586805924075
20,903,1.258615942045
20,904,1.258615942045
20,905,1.2586073932650002
20,906,1.2586073932650002
20,907,1.2586037362775
20,908,1.2585883130300002
20,909,1.2585883130125
20,910,1.258588312985
20,911,1.2585859726325
20,912,1.2585859726325
20,913,1.2584963931525
20,914,1.25846280634
20,915,1.2584628062649998
20,916,1.2584628062649998
20,917,1.25842025438
20,918,1.2584177306375
20,919,1.2583927192525
20,920,1.2583927192525
20,921,1.2582066824375
20,922,1.2582066824375
20,923,1.25819545311
20,924,1.2581926660575
20,925,1.2581827824425
20,926,1.25818278184
20,927,1.258168561085
20,928,1.2581074949425
20,929,1.2580272814475
20,930,1.2579670399275
20,931,1.2579670399275
20,932,1.2579670399275
20,933,1.2579670399275
20,934,1.25789538196
20,935,1.2578637897875
20,936,1.2578565894675
20,937,1.2578503869425
20,938,1.257769339165
20,939,1.257769339165
20,940,1.2577693368725
20,941,1.25776526608
20,942,1.2577564619700001
20,943,1.2577252606725
20,944,1.2577186443975
20,945,1.2577186443975
20,946,1.2576628327
20,947,1.2576447921775
20,948,1.2576365394275
20,949,1.257617510405
20,950,1.257617510405
20,951,1.257411318815
20,952,1.2574092995375001
20,953,1.25730847738
20,954,1.2572789048825
20,955,1.2572789048825
20,956,1.257278904865
20,957,1.25703325118
20,958,1.25703325118
20,959,1.25701684642
20,960,1.257013030025
20,961,1.25699205602
20,962,1.2569721131525
20,963,1.2569721131525
20,964,1.2569658216175
20,965,1.256963803665
20,966,1.2568993194425
20,967,1.2568990901050001
20,968,1.2568986757874998
20,969,1.256841930995
20,970,1.2568330112050001
20,971,1.2568218580275
20,972,1.25679225621
20,973,1.2567921312550001
20,974,1.25678710651
20,975,1.2567822434225
20,976,1.2567788142774998
20,977,1.2567788142774998
20,978,1.25677157102
20,979,1.25677157101
20,980,1.25018755796
20,981,1.25018752128
20,982,1.2501637331025
20,983,1.2501614412025
20,984,1.2501614411975
20,985,1.250161441195
20,986,1.250161441195
20,987,1.250161441195
20,988,1.25015595549
20,989,1.250140439465
20,990,1.250140439465
20,991,1.250140274265
20,992,1.2481444642825
20,993,1.2467945689225
20,994,1.2467896063850001
20,995,1.2467896063850001
20,996,1.2467896062025
20,997,1.2467868317975
20,998,1.2467868317975
20,999,1.24675992307
20,1000,1.24675835589
21,1,54.92209312784
21,2,41.912067247917506
21,3,36.804449771322496
21,4,32.2115086778825
21,5,29.759208946715
21,6,28.575167221890002
21,7,27.3420510547175
21,8,25.565515630664997
21,9,25.10819263063
21,10,22.7045988596975
21,11,22.00546438692
21,12,21.209970699212498
21,13,20.244068406732502
21,14,19.569965939545
21,15,19.569965939545
21,16,19.3452433694425
21,17,19.186948521755
21,18,18.5308294025175
21,19,17.604094850665
21,20,17.4338916270075
21,21,17.3656405913925
21,22,16.810953264170003
21,23,16.278650483395
21,24,16.278650483395
21,25,15.246568719377501
21,26,15.0955048132825
21,27,14.766294831815
21,28,14.5718931712275
21,29,14.5391059835125
21,30,14.419746586375002
21,31,14.124546147404999
21,32,13.822769185305
21,33,12.64949602806
21,34,12.64949602806
21,35,12.64949602806
21,36,12.255813603990001
21,37,12.14843602381
21,38,11.884454265495
21,39,11.8251369753075
21,40,11.7494480709575
21,41,11.7494480709575
21,42,11.23188513824
21,43,11.09562342822
21,44,10.8885455401675
21,45,10.7723544523575
21,46,10.4788485132175
21,47,10.34112230309
21,48,10.147531049247501
21,49,9.7014615925375
21,50,9.7014615925375
21,51,9.7014615925375
21,52,9.547761849745
21,53,9.530137634134999
21,54,9.364369155664999
21,55,9.364369155664999
21,56,8.99665002622
21,57,8.90737450402
21,58,8.90737450402
21,59,8.755972236615
21,60,8.5724455230525
21,61,8.4103542173275
21,62,8.2718140121375
21,63,8.140057626947499
21,64,8.024628302802501
21,65,7.83375819636
21,66,7.7586330879275
21,67,7.7002151347375
21,68,7.621845740915001
21,69,7.5879119311675
21,70,7.5879119311675
21,71,7.497986009665
21,72,7.1962965699999994
21,73,6.811117405797501
21,74,6.7335398859549995
21,75,6.707542028580001
21,76,6.687881575235001
21,77,6.56503282783
21,78,6.5536703906025
21,79,6.5536703906025
21,80,6.5536703906025
21,81,6.530952117610001
21,82,6.4104064365275
21,83,6.235239027597499
21,84,6.203338477675
21,85,6.1171671715725
21,86,6.053963036195
21,87,5.9493607029525
21,88,5.902502968395
21,89,5.84788773637
21,90,5.82176071528
21,91,5.8119561698425
21,92,5.8119561698425
21,93,5.699710486495
21,94,5.699710486495
21,95,5.6789711804525
21,96,5.6407269090225
21,97,5.59217867351
21,98,5.4051132119975005
21,99,5.3308946592025
21,100,5.2800484068975
21,101,5.2246365978625
21,102,5.037982065055
21,103,5.037982065055
21,104,5.013782809355
21,105,4.9462877185025
21,106,4.9106822839925
21,107,4.8874709360075
21,108,4.8609834699175005
21,109,4.8578346188075
21,110,4.8367037597775004
21,111,4.754070358935
21,112,4.7297335459125005
21,113,4.645116199365001
21,114,4.5317085428174995
21,115,4.525423576180001
21,116,4.3489127792625
21,117,4.196926491245
21,118,4.061218360865
21,119,4.0528333292725005
21,120,4.0437233821525
21,121,4.0015370769225
21,122,3.9419062624775
21,123,3.9300105887249996
21,124,3.8726754038725
21,125,3.8569829855499997
21,126,3.8477388395
21,127,3.843165814365
21,128,3.8344900370975
21,129,3.7813771390174997
21,130,3.68830414403
21,131,3.6725469589625
21,132,3.5846942352325
21,133,3.5297467870725
21,134,3.5172906923875
21,135,3.4977677686525
21,136,3.4323091701724997
21,137,3.4270587177275
21,138,3.4173333463375
21,139,3.372568880995
21,140,3.372568880995
21,141,3.34705205645
21,142,3.340329761755
21,143,3.330439382345
21,144,3.3303019317175
21,145,3.2886878086975004
21,146,3.2604371589875
21,147,3.2591126074999996
21,148,3.2474359349825
21,149,3.2474164547125
21,150,3.24662658028
21,151,3.23215733531
21,152,3.2138219868875
21,153,3.1522089393575
21,154,3.132544605185
21,155,3.0892977826749997
21,156,3.046552548905
21,157,3.0230102268525
21,158,3.0032093403425
21,159,3.0032067152575
21,160,2.9994607320225
21,161,2.9921509101725
21,162,2.99196981237
21,163,2.9901901048025
21,164,2.9834372821825
21,165,2.9014398795275
21,166,2.8920576844149997
21,167,2.8724823722675
21,168,2.8685156932525
21,169,2.8472749297675
21,170,2.840961494575
21,171,2.82990544713
21,172,2.8072460623975
21,173,2.747865058335
21,174,2.74440211635
21,175,2.7430127022475
21,176,2.7430127022475
21,177,2.7304713026925
21,178,2.7230487750775003
21,179,2.6994119170725
21,180,2.6916231504174997
21,181,2.6840138816875
21,182,2.6730156530125
21,183,2.6720218013425
21,184,2.6675786456074997
21,185,2.6432013001275
21,186,2.642460132315
21,187,2.64061075354
21,188,2.63207295098
21,189,2.62196832112
21,190,2.620517276715
21,191,2.6194938439325
21,192,2.6194938439325
21,193,2.614310956045
21,194,2.6019001394225
21,195,2.5968286090225
21,196,2.5811666329225
21,197,2.580539673945
21,198,2.5777132766775
21,199,2.576930703985
21,200,2.56975351151
21,201,2.5471934259725
21,202,2.5459781588599997
21,203,2.5459781588599997
21,204,2.5452022952475
21,205,2.44522191312
21,206,2.388425573485
21,207,2.388425573485
21,208,2.3817999362425
21,209,2.354685430695
21,210,2.354685430695
21,211,2.352328581115
21,212,2.3520744845775
21,213,2.3506984209799997
21,214,2.33332669665
21,215,2.3329059440675
21,216,2.331725620535
21,217,2.33101871012
21,218,2.3283688990874998
21,219,2.32783963262
21,220,2.3241697760525
21,221,2.3225989160775002
21,222,2.320516170745
21,223,2.3193011432475
21,224,2.3193011432475
21,225,2.3090347648125
21,226,2.30815840174
21,227,2.29778190249
21,228,2.295836111365
21,229,2.2819269950975
21,230,2.275171388735
21,231,2.2750894891175
21,232,2.273097459015
21,233,2.27224331519
21,234,2.2711773015174996
21,235,2.27061699998
21,236,2.26664121732
21,237,2.2636958463325003
21,238,2.2633985751125
21,239,2.262149498215
21,240,2.2570749718150003
21,241,2.2553438209625
21,242,2.254020790755
21,243,2.253787269025
21,244,2.2456042160675
21,245,2.2453032186475
21,246,2.243650217585
21,247,2.2435983296775
21,248,2.24299839651
21,249,2.2428369499475
21,250,2.2403215099625
21,251,2.240221251795
21,252,2.23727012314
21,253,2.2370584314624997
21,254,2.23623323482
21,255,2.2299355215774996
21,256,2.22875388316
21,257,2.2270964109025
21,258,2.225887324985
21,259,2.22360763599
21,260,2.22227965608
21,261,2.2213025009775
21,262,2.2204284199325
21,263,2.2204244623425002
21,264,2.2203085365725004
21,265,2.2202482847300002
21,266,2.2143209963575
21,267,2.2137349932375
21,268,2.2135724488474997
21,269,2.1899265559425
21,270,2.1896703087525
21,271,2.1895258130775
21,272,2.1894026803399997
21,273,2.1890976489500003
21,274,2.1890976489500003
21,275,2.1823772192225
21,276,2.1823377156749997
21,277,2.1819403929275003
21,278,2.181811245685
21,279,2.181811245685
21,280,2.18141662939
21,281,2.1753284464225002
21,282,2.1744306149324997
21,283,2.1743384731125
21,284,2.1667153368025
21,285,2.1666885325100003
21,286,2.16655222558
21,287,2.1665021825675
21,288,2.1664958810375
21,289,2.1660406602799998
21,290,2.1657958584475
21,291,2.1652100617075
21,292,2.1634317478250003
21,293,2.16106035573
21,294,2.1605760257075
21,295,2.1515471152425
21,296,2.1514893333850003
21,297,2.1514431051775
21,298,2.15106183782
21,299,2.1510400274199997
21,300,2.1506300728675
21,301,2.14459944168
21,302,2.1445271808874997
21,303,2.144104761345
21,304,2.143400280025
21,305,2.1431496671824997
21,306,2.143101137125
21,307,2.143057308985
21,308,2.1430129428
21,309,2.14292892153
21,310,2.1428760639899997
21,311,2.1428004967675003
21,312,2.1428004967675003
21,313,2.14267246462
21,314,2.141757756935
21,315,2.1417552417300003
21,316,2.1416440943275
21,317,2.1416440943275
21,318,2.141603960025
21,319,2.141603960025
21,320,2.1415417274275
21,321,2.1415251178425
21,322,2.1408686968975
21,323,2.14081722912
21,324,2.1385837884775
21,325,2.1383685532825
21,326,2.1383152937550003
21,327,2.1382757506875
21,328,2.138201351715
21,329,2.1348736528025
21,330,2.1333659012224997
21,331,2.1332320681325
21,332,2.1332320681325
21,333,2.1330779652725
21,334,2.1330339186850003
21,335,2.133028424995
21,336,2.1322844016925
21,337,2.132171852315
21,338,2.1321434843325
21,339,2.1311961282875
21,340,2.13112584105
21,341,2.1311236574
21,342,2.1302017600300003
21,343,2.1301753333025
21,344,2.130157244035
21,345,2.1301343607825
21,346,2.130131672425
21,347,2.1294895190350003
21,348,2.12943569791
21,349,2.1293795671775
21,350,2.129063274345
21,351,2.128970054105
21,352,2.1289315314725
21,353,2.128839118795
21,354,2.1288343013525
21,355,2.1287875699525
21,356,2.1287854803000004
21,357,2.1287573343375
21,358,2.1287162755025
21,359,2.1287038306175
21,360,2.1287037928175
21,361,2.128143945985
21,362,2.12814335919
21,363,2.1281331145775
21,364,2.1279980535725
21,365,2.1279869520599997
21,366,2.1279755563325002
21,367,2.12793696832
21,368,2.12793282905
21,369,2.1278058751875
21,370,2.127744216425
21,371,2.1277383212625
21,372,2.127733015315
21,373,2.1275967741275
21,374,2.127595932725
21,375,2.1273133952125
21,376,2.1267740805999997
21,377,2.1267737102225
21,378,2.1267700151974998
21,379,2.1267207968674997
21,380,2.123143717765
21,381,2.123095998925
21,382,2.108835605755
21,383,2.108835605755
21,384,2.108835605755
21,385,2.1088192060175
21,386,2.1087691272324998
21,387,2.1087660803225
21,388,2.1087434711825
21,389,2.10874140093
21,390,2.1087413995675
21,391,2.1087405741175003
21,392,2.1087396915300003
21,393,2.1087219263675
21,394,2.107246156625
21,395,2.106967399625
21,396,2.10695591303
21,397,2.10695591303
21,398,2.1069464614975
21,399,2.1069362691325
21,400,2.1069334469200003
21,401,2.1069289215750002
21,402,2.106662623155
21,403,2.1066619057650002
21,404,2.1066526050325
21,405,2.1065372688575
21,406,2.1065346294025002
21,407,2.106534385665
21,408,2.1064977823875
21,409,2.106163010365
21,410,2.106023353175
21,411,2.1060144085275
21,412,2.1060047809699998
21,413,2.105988797195
21,414,2.1059686136825
21,415,2.1059686133525
21,416,2.1059683326000003
21,417,2.1059683326000003
21,418,2.10596832867
21,419,2.1059575832075
21,420,2.1059574903150002
21,421,2.1056104673575
21,422,2.1056096694499997
21,423,2.1056096694499997
21,424,2.1056096694499997
21,425,2.1055990862725
21,426,2.105598424695
21,427,2.1055793255575
21,428,2.1055784401124997
21,429,2.1055783699325
21,430,2.10557811998
21,431,2.10557799131
21,432,2.1055586106149997
21,433,2.1055572681825003
21,434,2.1055482519725
21,435,2.1055475594499997
21,436,2.10550742022
21,437,2.1054681871075003
21,438,2.10546526333
21,439,2.1054626037600004
21,440,2.1054609853225
21,441,2.1054609853225
21,442,2.1053186861825
21,443,2.1053186861825
21,444,2.105311182965
21,445,2.1053060027725
21,446,2.1053058196275
21,447,2.105303475515
21,448,2.1053007625625
21,449,2.1052992883024997
21,450,2.10476995684
21,451,2.1039560639925
21,452,2.1038528254199997
21,453,2.1038528254199997
21,454,2.1038495026475
21,455,2.1006369562500002
21,456,2.1006369562500002
21,457,2.1006158376075
21,458,2.10060402726
21,459,2.100603617855
21,460,2.10060344091
21,461,2.10060236764
21,462,2.1006010812850002
21,463,2.100549012235
21,464,2.1005429498175
21,465,2.1005376382125
21,466,2.1005373618475
21,467,2.1002667874275
21,468,2.100266652805
21,469,2.100246215555
21,470,2.1002342776725
21,471,2.0945851471175
21,472,2.0945851469525
21,473,2.0945851222325
21,474,2.09458133477
21,475,2.09455071545
21,476,2.0945506750425
21,477,2.0945451883825
21,478,2.09416418982
21,479,2.09416398836
21,480,2.09416387591
21,481,2.0941638636375
21,482,2.0914025607075
21,483,2.0914019936025
21,484,2.0913946885825
21,485,2.09139391325
21,486,2.091393819075
21,487,2.09139267683
21,488,2.091392434035
21,489,2.0913924287250003
21,490,2.0913917894450003
21,491,2.090971926835
21,492,2.09096052186
21,493,2.09096052186
21,494,2.0909521500075003
21,495,2.0909509469575
21,496,2.0909509462725
21,497,2.09095094624
21,498,2.090950911275
21,499,2.0909509103675
21,500,2.0909502145200003
21,501,2.09094888892
21,502,2.0909488763675
21,503,2.09094839398
21,504,2.0909482392125
21,505,2.0909459708174998
21,506,2.09094315345
21,507,2.0909326674199997
21,508,2.0909325524325
21,509,2.0909322688425
21,510,2.0909322197125
21,511,2.0909321805775
21,512,2.090932180155
21,513,2.0909321801525
21,514,2.090931461965
21,515,2.0909314602325
21,516,2.0909314602325
21,517,2.090931442585
21,518,2.0909314064575
21,519,2.0909314064549998
21,520,2.090930581335
21,521,2.090930234045
21,522,2.090930144845
21,523,2.0909300841325
21,524,2.090928474245
21,525,2.0909284615375
21,526,2.0909284615375
21,527,2.0909282754925003
21,528,2.0909280484775
21,529,2.090926684365
21,530,2.0909266662299997
21,531,2.090925424695
21,532,2.0909114252525
21,533,2.0909114228325
21,534,2.0909114228325
21,535,2.0909096203899997
21,536,2.0909096155125
21,537,2.09090562353
21,538,2.090902784805
21,539,2.0909026345674997
21,540,2.0909026157175
21,541,2.090902592345
21,542,2.0909025827475
21,543,2.0909025821075002
21,544,2.090902582105
21,545,2.0909025665975003
21,546,2.09090127817
21,547,2.0909011332375
21,548,2.090899037585
21,549,2.0908952206925
21,550,2.0908952041675
21,551,2.0908939810300002
21,552,2.090893979105
21,553,2.0908939617674998
21,554,2.090893961405
21,555,2.090878584885
21,556,2.090878580785
21,557,2.0908785487475
21,558,2.087322370825
21,559,2.0873223530825
21,560,2.0873223530825
21,561,2.08305989844
21,562,2.0830598787775
21,563,2.08305677829
21,564,2.0830567778
21,565,2.0830567728675
21,566,2.0830567728675
21,567,2.0830567721874997
21,568,2.0830567588575
21,569,2.08305674713
21,570,2.08305674713
21,571,2.083056708425
21,572,2.08305666746
21,573,2.0805918185324996
21,574,2.0805918183675
21,575,2.080591728555
21,576,2.080591728555
21,577,2.080591724565
21,578,2.0805916500075
21,579,2.0805916500075
21,580,2.0805907665300003
21,581,2.0805907638725
21,582,2.0805907633775
21,583,2.0805907249975
21,584,2.08059072468
21,585,2.08059072468
21,586,2.0789545470375
21,587,2.07895454703
21,588,2.078954493985
21,589,2.0789544896125003
21,590,2.078954487095
21,591,2.07895447927
21,592,2.07895280458
21,593,2.07895260974
21,594,2.07895260974
21,595,2.078952601405
21,596,2.0789525953199997
21,597,2.0789524518675
21,598,2.0789524468500002
21,599,2.0789524452275
21,600,2.0789524398049997
21,601,2.0789524245525
21,602,2.078952424025
21,603,2.078952424025
21,604,2.0789523383625
21,605,2.0789523338025
21,606,2.0789523303924997
21,607,2.07895232991
21,608,2.07895232508
21,609,2.078952324975
21,610,2.0789523156175003
21,611,2.07895227549
21,612,2.078952275175
21,613,2.0789522707975
21,614,2.0789522707975
21,615,2.0789522707975
21,616,2.078952270795
21,617,2.0789522702425
21,618,2.0789522575475
21,619,2.07895185808
21,620,2.07895185808
21,621,2.0789518571525
21,622,2.07895184935
21,623,2.07895183735
21,624,2.0789518373374998
21,625,2.078951835865
21,626,2.07895182481
21,627,2.07895182481
21,628,2.0789508394225
21,629,2.0789505516449998
21,630,2.0789505516449998
21,631,2.0789505476475
21,632,2.0765071986574997
21,633,2.0765071986574997
21,634,2.0765071982875
21,635,2.0765070506625003
21,636,2.076402720435
21,637,2.0764027198625
21,638,2.070371539965
21,639,2.0703715397924998
21,640,2.0680644479875
21,641,2.0680644085525
21,642,2.0680587456225004
21,643,2.0680587453975
21,644,2.06805874506
21,645,2.0680586295000003
21,646,2.0680584730050002
21,647,2.0680584177899997
21,648,2.0680579039775
21,649,2.0680578927749997
21,650,2.065979585965
21,651,2.065979546595
21,652,2.0659794306875
21,653,2.0659794185125
21,654,2.0659775886375003
21,655,2.0659775837475
21,656,2.0659775834875
21,657,2.06597725846
21,658,2.0659772582825
21,659,2.0659771996900003
21,660,2.0659753043425
21,661,2.0659753026175
21,662,2.0659752131425
21,663,2.0659752095475
21,664,2.065975209295
21,665,2.065975208805
21,666,2.06597356664
21,667,2.0659735661525
21,668,2.06597346382
21,669,2.061997727765
21,670,2.0619976892825003
21,671,2.0619975264225
21,672,2.06199733636
21,673,2.0619973057075
21,674,2.0619973057025
21,675,2.06199716705
21,676,2.061997165655
21,677,2.06199716563
21,678,2.0619967225025
21,679,2.06199668877
21,680,2.0619965468
21,681,2.06199651945
21,682,2.0619965191525003
21,683,2.0619965191525003
21,684,2.0619964076399997
21,685,2.061996407575
21,686,2.0619964075725
21,687,2.06199640625
21,688,2.06199640625
21,689,2.0619964050124997
21,690,2.0619963606500002
21,691,2.061996360645
21,692,2.061996288885
21,693,2.0619962872224997
21,694,2.0619962600674997
21,695,2.061996257545
21,696,2.0619962525375
21,697,2.06199625087
21,698,2.061996250825
21,699,2.06199625076
21,700,2.0619522049175
21,701,2.0619522035075
21,702,2.0619522035075
21,703,2.0619522035075
21,704,2.0619515158975
21,705,2.061951497645
21,706,2.0619514972775
21,707,2.0619514968025
21,708,2.06195149676
21,709,2.061951496515
21,710,2.0619514965
21,711,2.06195137934
21,712,2.061951378955
21,713,2.0619513786525
21,714,2.0619513785574997
21,715,2.06195137852
21,716,2.06195137852
21,717,2.0619513782550003
21,718,2.0619513767825
21,719,2.06195137678
21,720,2.0619513689674998
21,721,2.0577640641399997
21,722,2.0577640636875
21,723,2.0577640634225
21,724,2.0577640630925
21,725,2.0577640628925
21,726,2.0577640473425
21,727,2.0574908534875
21,728,2.0574908534875
21,729,2.05749084949
21,730,2.057490849355
21,731,2.0574908481325
21,732,2.0574908481025
21,733,2.0572645976
21,734,2.0572645974899997
21,735,2.0572645968275003
21,736,2.0572645968275003
21,737,2.0572645961225
21,738,2.0572645934125
21,739,2.0565261577025
21,740,2.05652615765
21,741,2.0565261573074998
21,742,2.05652613787
21,743,2.0565261375475
21,744,2.0565261375475
21,745,2.0552077455625
21,746,2.05520774539
21,747,2.0552077449425
21,748,2.0552077378875
21,749,2.055207737885
21,750,2.0552077349425
21,751,2.05324262732
21,752,2.053242627215
21,753,2.053242580365
21,754,2.0532425798275
21,755,2.05324257965
21,756,2.0532425796425
21,757,2.0510579291949997
21,758,2.0510579291925
21,759,2.0510579291749997
21,760,2.051057928585
21,761,2.0510579283925
21,762,2.0510579283925
21,763,2.0506431984424998
21,764,2.050643198395
21,765,2.0506431983925
21,766,2.0506431945925
21,767,2.0506431945349997
21,768,2.0506431944775
21,769,2.0504935059325
21,770,2.0504935059325
21,771,2.05049350561
21,772,2.050493505505
21,773,2.050493505445
21,774,2.050493505445
21,775,2.05044263556
21,776,2.05044263556
21,777,2.0504426353575
21,778,2.050442635275
21,779,2.0504426315025
21,780,2.0504426315025
21,781,2.05043375389
21,782,2.050433751105
21,783,2.0504337447475
21,784,2.0504337447025
21,785,2.050433744695
21,786,2.0504337446625
21,787,2.0504319125875
21,788,2.050431912575
21,789,2.0504319124875
21,790,2.050431912245
21,791,2.0504319100775
21,792,2.0504319099825
21,793,2.0504274004225
21,794,2.0504274003975
21,795,2.0504274003575
21,796,2.0504274000675
21,797,2.05042740006
21,798,2.0504274000425
21,799,2.050413650275
21,800,2.0504136502325
21,801,2.050413650135
21,802,2.050413650135
21,803,2.0504136493975
21,804,2.0504136493975
21,805,2.050379910345
21,806,2.0503799102825
21,807,2.0503799101649998
21,808,2.0503799101049998
21,809,2.0503799100775
21,810,2.05037980997
21,811,2.0503188971
21,812,2.050318896945
21,813,2.0503188953150002
21,814,2.0503188952049998
21,815,2.0503188938775
21,816,2.0503188938775
21,817,2.0503188938675
21,818,2.0503188938675
21,819,2.0503188938425003
21,820,2.050318731335
21,821,2.0503187313325
21,822,2.05031873133
21,823,2.05029039754
21,824,2.0502903975224998
21,825,2.0502903970475
21,826,2.0502903970475
21,827,2.0502903970224997
21,828,2.0502903970174997
21,829,2.0502437590675
21,830,2.050243597975
21,831,2.050243596995
21,832,2.0502435955125002
21,833,2.0502435955125002
21,834,2.0502435955125002
21,835,2.0502261927300003
21,836,2.05022619272
21,837,2.0502261927175
21,838,2.0502261927075
21,839,2.050226192705
21,840,2.0502261926900003
21,841,2.0502220078225
21,842,2.05022200782
21,843,2.0502220078175
21,844,2.05022200779
21,845,2.05022200779
21,846,2.0502220077874997
21,847,2.050221536
21,848,2.05022153515
21,849,2.05022153511
21,850,2.0502215351074997
21,851,2.050221535105
21,852,2.050221535105
21,853,2.0502215339775
21,854,2.0502215339775
21,855,2.050221533745
21,856,2.0502215337425
21,857,2.0502215337425
21,858,2.0502215334175
21,859,2.0502215334150002
21,860,2.0502215334150002
21,861,2.0502215334100002
21,862,2.050221533385
21,863,2.050221533385
21,864,2.0502215333825
21,865,2.0502215333825
21,866,2.0502215331225
21,867,2.0502215331175
21,868,2.0502215331175
21,869,2.0502215331175
21,870,2.0502215331175
21,871,2.0502215330675
21,872,2.0502215330649998
21,873,2.0502215330449998
21,874,2.0502215330449998
21,875,2.0502215330449998
21,876,2.0502215330425
21,877,2.0502215330425
21,878,2.0502215330425
21,879,2.0502215330399998
21,880,2.0502215330399998
21,881,2.0502215330399998
21,882,2.0502215330399998
21,883,2.0502215330375
21,884,2.050221533015
21,885,2.0502215330125
21,886,2.0502215329849998
21,887,2.0502215329849998
21,888,2.0502215329849998
21,889,2.05022153297
21,890,2.05022153297
21,891,2.0502215329649998
21,892,2.0502215329649998
21,893,2.0502215329649998
21,894,2.0502215329649998
21,895,2.0502215329649998
21,896,2.05022153295
21,897,2.0502215328875
21,898,2.0502215328875
21,899,2.0502215328875
21,900,2.0502215328875
21,901,2.0502215328875
21,902,2.0502215328625
21,903,2.0502215328625
21,904,2.0502215328599998
21,905,2.0502215328599998
21,906,2.050221532855
21,907,2.050221532855
21,908,2.050221532855
21,909,2.050221532855
21,910,2.050221532855
21,911,2.050221532855
21,912,2.0502215327825
21,913,2.0502215327825
21,914,2.0502215327799997
21,915,2.050221532775
21,916,2.050221532775
21,917,2.050221532775
21,918,2.050221532775
21,919,2.050221532775
21,920,2.0502215327725
21,921,2.0502215327725
21,922,2.050221532755
21,923,2.050221532755
21,924,2.050221532755
21,925,2.050221532755
21,926,2.050221532755
21,927,2.050221532755
21,928,2.050221532755
21,929,2.050221532755
21,930,2.050221532755
21,931,2.050221532755
21,932,2.050221532755
21,933,2.050221532755
21,934,2.050221532755
21,935,2.0502215327525
21,936,2.0502215327525
21,937,2.0502215327525
21,938,2.0502215327525
21,939,2.05022153275
21,940,2.05022153275
21,941,2.0502215327449997
21,942,2.0502215327449997
21,943,2.0502215327449997
21,944,2.050221532735
21,945,2.050221532735
21,946,2.050221532735
21,947,2.05022153273
21,948,2.05022153273
21,949,2.05022153273
21,950,2.05022153273
21,951,2.05022153273
21,952,2.05022153273
21,953,2.0502215327275
21,954,2.0502215327275
21,955,2.0502215327275
21,956,2.0502215327275
21,957,2.0502215327275
21,958,2.0502215327275
21,959,2.0502215327275
21,960,2.0502215327275
21,961,2.0502215327275
21,962,2.0502215327275
21,963,2.0502215327275
21,964,2.0502215327175
21,965,2.0502215327175
21,966,2.0502215327175
21,967,2.0502215327175
21,968,2.0502215327175
21,969,2.0502215327175
21,970,2.0502215327175
21,971,2.0502215327175
21,972,2.0502215327175
21,973,2.050221532715
21,974,2.050221532715
21,975,2.050221532715
21,976,2.050221532715
21,977,2.050221532715
21,978,2.050221532715
21,979,2.050221532715
21,980,2.050221532715
21,981,2.050221532715
21,982,2.050221532715
21,983,2.050221532715
21,984,2.050221532715
21,985,2.050221532715
21,986,2.050221532715
21,987,2.0502215327125
21,988,2.0502215327125
21,989,2.0502215327125
21,990,2.0502215327125
21,991,2.0502215327125
21,992,2.05022153271
21,993,2.05022153271
21,994,2.05022153271
21,995,2.05022153271
21,996,2.05022153271
21,997,2.05022153271
21,998,2.05022153271
21,999,2.05022153271
21,1000,2.05022153271
22,1,68.591521025715
22,2,59.067395147255
22,3,55.194556352997495
22,4,49.259505766565
22,5,46.5708714991125
22,6,44.89009205539
22,7,44.5632687141475
22,8,42.749256548172504
22,9,40.5044479891625
22,10,38.166970580185
22,11,37.5724866335825
22,12,36.1173008451075
22,13,35.236465894735
22,14,33.97572703962
22,15,32.8228447075525
22,16,30.536503599702502
22,17,28.4706502495
22,18,27.837873001462498
22,19,27.2918678400675
22,20,25.7743701551875
22,21,25.4660903567025
22,22,24.448699432239998
22,23,24.357521982374998
22,24,24.3312573533175
22,25,23.6273155849375
22,26,23.2281208050175
22,27,22.404706596585
22,28,22.404706596585
22,29,22.01328795821
22,30,21.487470340865
22,31,20.604122136415
22,32,20.604122136415
22,33,20.2688886711125
22,34,19.928545444450002
22,35,19.252519681979997
22,36,18.97624235795
22,37,17.81130348621
22,38,17.2762503893075
22,39,17.107631901734997
22,40,16.4566427370875
22,41,16.2781209485
22,42,16.038266075275
22,43,15.968952906437499
22,44,15.968952906437499
22,45,15.888068855592499
22,46,15.847333243222499
22,47,15.624342475155
22,48,15.570880719805
22,49,15.316927012585001
22,50,14.988623020115
22,51,14.589195312600001
22,52,14.550626664577498
22,53,14.38360546216
22,54,13.952159578864999
22,55,13.571979910100001
22,56,13.2883160751775
22,57,13.0896210804725
22,58,13.00891202119
22,59,12.5660852988525
22,60,12.095870507205
22,61,12.0910938872525
22,62,11.69128240802
22,63,11.4574291169925
22,64,11.4574291169925
22,65,11.39412676519
22,66,10.65656621838
22,67,10.202161377522499
22,68,9.70291026295
22,69,9.511266668447501
22,70,9.32816911291
22,71,9.32816911291
22,72,9.2096939200875
22,73,9.1942748262125
22,74,9.0838145184325
22,75,8.53218119846
22,76,8.53218119846
22,77,8.53218119846
22,78,8.3518752789025
22,79,8.3263493944625
22,80,8.2194400123975
22,81,8.1545057678175
22,82,8.1449223998925
22,83,7.9769778714675
22,84,7.9614505003675
22,85,7.9248460193475
22,86,7.905748703454999
22,87,7.7487990657650005
22,88,7.7186197410425
22,89,7.7141294475075
22,90,7.6441410133575
22,91,7.6054489202075
22,92,7.526265643595001
22,93,7.465592375087501
22,94,7.349657955902499
22,95,7.2722433183625
22,96,7.0512354409324995
22,97,6.960427942280001
22,98,6.937524965580001
22,99,6.937524965580001
22,100,6.9286991896675
22,101,6.6920355787700005
22,102,6.5925203506450005
22,103,6.5925203506450005
22,104,6.5925203506450005
22,105,6.547613192755
22,106,6.4651697142875
22,107,6.440027391437501
22,108,6.38130621903
22,109,6.295712246340001
22,110,6.2419375722875
22,111,6.228768969100001
22,112,6.1987600528249995
22,113,6.1987600528249995
22,114,6.1162447490125
22,115,6.114577769125001
22,116,6.114577769125001
22,117,5.9970909506075
22,118,5.99374017679
22,119,5.97445211469
22,120,5.945056891425
22,121,5.8841378588749995
22,122,5.8841378588749995
22,123,5.8464871291025
22,124,5.7836048675425
22,125,5.6800288566649995
22,126,5.5795043251925005
22,127,5.5778433775225
22,128,5.558637113935
22,129,5.5013421174525
22,130,5.448374623815
22,131,5.4483746206875
22,132,5.4142948433875
22,133,5.3779862476025
22,134,5.3779862476025
22,135,5.3382625474325005
22,136,5.33681019481
22,137,5.3069981214075
22,138,5.29591818679
22,139,5.271527847595
22,140,5.242948551455
22,141,5.07186180391
22,142,5.07140539632
22,143,5.07140539263
22,144,5.0490055697175
22,145,5.0323032902925
22,146,4.9953380564125
22,147,4.93332210002
22,148,4.92109202655
22,149,4.920246946280001
22,150,4.9178393424125
22,151,4.9178393424125
22,152,4.916091996195
22,153,4.8819237582775
22,154,4.8731124716325
22,155,4.87311246998
22,156,4.8715311513675
22,157,4.858266739255
22,158,4.858266739255
22,159,4.84681087578
22,160,4.84681087578
22,161,4.84369625808
22,162,4.8356241311725
22,163,4.8339276782575
22,164,4.8314102920075
22,165,4.7844402152525
22,166,4.7844402152275
22,167,4.78294328457
22,168,4.749990354275
22,169,4.7409090935350005
22,170,4.730689271115
22,171,4.665470513545
22,172,4.660627817795
22,173,4.6573427925375
22,174,4.653190942115
22,175,4.653190942115
22,176,4.64522886823
22,177,4.6348038602675
22,178,4.6309702738925
22,179,4.615633125745
22,180,4.615633125745
22,181,4.61531547919
22,182,4.59184205011
22,183,4.529043600007499
22,184,4.526350684065
22,185,4.4945799841425
22,186,4.489916663015
22,187,4.488472378825
22,188,4.4619968964575
22,189,4.440440289175
22,190,4.436856337455
22,191,4.433924069655
22,192,4.4319375544575
22,193,4.424231708255
22,194,4.420913732035
22,195,4.4056091086175
22,196,4.3991505920675005
22,197,4.3974978125424995
22,198,4.366171086985
22,199,4.3658340260549995
22,200,4.3592298600524995
22,201,4.35904812017
22,202,4.35171722588
22,203,4.350740539595
22,204,4.350355591947499
22,205,4.3497253196925
22,206,4.3412907613275005
22,207,4.3408123317200005
22,208,4.3392382800850005
22,209,4.32894601812
22,210,4.328538976635
22,211,4.32441355404
22,212,4.3196630075575
22,213,4.30915369007
22,214,4.30915369007
22,215,4.3091536900675
22,216,4.253751116975001
22,217,4.243157153645
22,218,4.234673774145
22,219,4.194511955295001
22,220,4.1932583611775005
22,221,4.192689603574999
22,222,4.1877236507675
22,223,4.1811744533175
22,224,4.17989761837
22,225,4.177765630150001
22,226,4.17468574183
22,227,4.1746254005125
22,228,4.1734769058475
22,229,4.1720441857625
22,230,4.1713221375125
22,231,4.17077555053
22,232,4.17077555053
22,233,4.161851397385
22,234,4.160037608385
22,235,4.1583978411275
22,236,4.1536947638
22,237,4.15363508967
22,238,4.15363508967
22,239,4.152710622184999
22,240,4.1527062584275
22,241,4.152391089655
22,242,4.1518114596875
22,243,4.1505491896875
22,244,4.1499767422275
22,245,4.1478677934274994
22,246,4.1446714640449995
22,247,4.1446488865125
22,248,4.1446467244125005
22,249,4.14447361387
22,250,4.132594709715
22,251,4.12982027134
22,252,4.12852702414
22,253,4.1232223178925
22,254,4.1232018426899995
22,255,4.120736271435
22,256,4.120736271435
22,257,4.1206162767975005
22,258,4.1206162767975005
22,259,4.119785925775
22,260,4.1174531500375
22,261,4.11735491764
22,262,4.11629943309
22,263,4.1162994330875
22,264,4.0952276347625
22,265,4.085548457534999
22,266,4.0851358715325
22,267,4.08509225049
22,268,4.0850070343825005
22,269,4.085001790975
22,270,4.0847920446499995
22,271,4.0847920446499995
22,272,4.0831961338500005
22,273,4.080908384775
22,274,4.0769768179525006
22,275,4.076704683645
22,276,4.0762423167675
22,277,4.057185235712501
22,278,4.0571098446625005
22,279,4.050375511912501
22,280,4.047681286585
22,281,4.047681286582501
22,282,4.04719572318
22,283,4.0471563585225
22,284,4.04690750977
22,285,4.01267227565
22,286,4.01267227565
22,287,4.0121990312525
22,288,4.0121990312525
22,289,4.001978660065
22,290,4.001647882065
22,291,3.9935007212625004
22,292,3.9934994293800004
22,293,3.9924734284350003
22,294,3.9918867908499998
22,295,3.9915678215675
22,296,3.9893521369925
22,297,3.98745106155
22,298,3.9794907723775
22,299,3.9794230628549996
22,300,3.978608767835
22,301,3.9785888750200002
22,302,3.9785342071075
22,303,3.9783915434850003
22,304,3.9493286166224997
22,305,3.9465705468075
22,306,3.9456542038899998
22,307,3.9456535203875
22,308,3.9422524834125
22,309,3.93952902524
22,310,3.93930094424
22,311,3.9392848361874995
22,312,3.939284836185
22,313,3.939261658145
22,314,3.9379444602550002
22,315,3.9378981525775005
22,316,3.9374829569900003
22,317,3.93741880304
22,318,3.9334296295024997
22,319,3.933376074655
22,320,3.9333665152975
22,321,3.9333401494225
22,322,3.9333013436599997
22,323,3.933116756585
22,324,3.9278754399975
22,325,3.9254071024524997
22,326,3.9251691581325
22,327,3.9237171366575
22,328,3.9237171366575
22,329,3.92259253142
22,330,3.9225543732299997
22,331,3.9225377539900004
22,332,3.922529521855
22,333,3.91936894205
22,334,3.9081558470174995
22,335,3.9081194870575
22,336,3.9080959974825
22,337,3.9080863671399997
22,338,3.90807068711
22,339,3.908063262695
22,340,3.9080541813300003
22,341,3.90783349727
22,342,3.9069029911175
22,343,3.90690034401
22,344,3.90499170132
22,345,3.8996957222525
22,346,3.8996365923474996
22,347,3.89962223171
22,348,3.8957696034450002
22,349,3.8957639709699996
22,350,3.8909225880999996
22,351,3.8909214144125004
22,352,3.8909206755175
22,353,3.8909189038275
22,354,3.890875630955
22,355,3.8906381428775
22,356,3.8906365612725
22,357,3.8906255449024996
22,358,3.89062413308
22,359,3.8905664556375
22,360,3.89052110286
22,361,3.8905187895899997
22,362,3.8905184499225003
22,363,3.8905044360275
22,364,3.89050397317
22,365,3.8904951192825004
22,366,3.8904861942275
22,367,3.8904831721649997
22,368,3.8904830778674997
22,369,3.89047768425
22,370,3.89047768425
22,371,3.8903093045725
22,372,3.8900977729350004
22,373,3.8826948224025
22,374,3.88268026258
22,375,3.88266195583
22,376,3.88265818872
22,377,3.8824773105474994
22,378,3.8824634188375002
22,379,3.882460151
22,380,3.8824563934725
22,381,3.882234067895
22,382,3.882232087925
22,383,3.882221635125
22,384,3.88222109367
22,385,3.8821730835275
22,386,3.8821587303900005
22,387,3.8819695293099996
22,388,3.8819695293099996
22,389,3.88194335018
22,390,3.8819268334875
22,391,3.8819265584025
22,392,3.8817254665824996
22,393,3.8787448990900004
22,394,3.8785452328775003
22,395,3.8783358012474998
22,396,3.8783357614225005
22,397,3.8783353650025
22,398,3.8783343716725
22,399,3.8783335889024997
22,400,3.878331046075
22,401,3.8783285503575002
22,402,3.878328203105
22,403,3.8783187406475
22,404,3.8767699970000002
22,405,3.8767699937049995
22,406,3.8767696210174996
22,407,3.8767694920675
22,408,3.876767398465
22,409,3.8767535304074996
22,410,3.876751527345
22,411,3.8767510093375
22,412,3.8757913801550004
22,413,3.8757911605324997
22,414,3.8757855183025
22,415,3.875785341095
22,416,3.8757830780025
22,417,3.8757830535175004
22,418,3.8757805811075
22,419,3.8757797858375
22,420,3.8757778306525
22,421,3.8757245433100005
22,422,3.875724459125
22,423,3.8757216960000003
22,424,3.8757196583424998
22,425,3.8757186895849998
22,426,3.8757177288225
22,427,3.8757176177700003
22,428,3.8757176177700003
22,429,3.8757134835275004
22,430,3.87567448892
22,431,3.8756735614675
22,432,3.8755824215224997
22,433,3.8755819228100004
22,434,3.8755808997075
22,435,3.8754424000374996
22,436,3.87543801191
22,437,3.8754354201349996
22,438,3.87543541223
22,439,3.8754351008050003
22,440,3.8754150338275
22,441,3.8753865622349997
22,442,3.8753853079674996
22,443,3.8753851814375
22,444,3.87538507866
22,445,3.8753680823925003
22,446,3.8753657802925
22,447,3.87536538045
22,448,3.87536538045
22,449,3.87536532197
22,450,3.8753595901175
22,451,3.8753595535175003
22,452,3.8753595535175003
22,453,3.8753592823650003
22,454,3.8752787096174997
22,455,3.87526664564
22,456,3.8752665195125005
22,457,3.87526449194
22,458,3.8752644685699997
22,459,3.8752641878875003
22,460,3.8752641878875003
22,461,3.8752623971074995
22,462,3.8752619714225
22,463,3.8752618957825
22,464,3.8752607233500003
22,465,3.8752603850900003
22,466,3.87514314685
22,467,3.87514312508
22,468,3.875140096805
22,469,3.875140026415
22,470,3.8751396908949998
22,471,3.8751384673525004
22,472,3.8751375881075
22,473,3.8751369243075
22,474,3.8751369109875
22,475,3.8751365341275
22,476,3.8751321130225
22,477,3.87510625584
22,478,3.8751059811325
22,479,3.8749890709474997
22,480,3.8749890709474997
22,481,3.8749887133499996
22,482,3.8749608531424995
22,483,3.87496072106
22,484,3.8749603314975
22,485,3.8749603312799996
22,486,3.874960249025
22,487,3.87496023725
22,488,3.87489589081
22,489,3.8748957677375
22,490,3.8748948230425
22,491,3.87486579717
22,492,3.874865728575
22,493,3.874865421805
22,494,3.874860370625
22,495,3.8748603569725
22,496,3.874860250975
22,497,3.8748601729425
22,498,3.8748586560975
22,499,3.8748586479350005
22,500,3.8748586479325
22,501,3.8748468557050004
22,502,3.8748467330575003
22,503,3.8748462734575
22,504,3.8748458006175
22,505,3.8748457128475002
22,506,3.8748421498299996
22,507,3.8748421498299996
22,508,3.8748307693874997
22,509,3.8748307072725
22,510,3.8748307072725
22,511,3.8748238656075005
22,512,3.8748238642899997
22,513,3.8747803247
22,514,3.8747802524625
22,515,3.8747801948675
22,516,3.8747792674624995
22,517,3.8747555554525
22,518,3.8747555521724997
22,519,3.8747555480575
22,520,3.8747517269525
22,521,3.87475161255
22,522,3.8747515195775
22,523,3.87475147361
22,524,3.87475138138
22,525,3.874751299385
22,526,3.8747415040775004
22,527,3.87474143245
22,528,3.8747413702725
22,529,3.874732663105
22,530,3.874732663105
22,531,3.8746440648750005
22,532,3.8746438177050004
22,533,3.874643725485
22,534,3.8746437055225003
22,535,3.8746437020825
22,536,3.8746436172975
22,537,3.8746420996375
22,538,3.874642097695
22,539,3.874642095825
22,540,3.87464209559
22,541,3.8746420951575
22,542,3.8746420847475003
22,543,3.8746419363999998
22,544,3.8746419361374995
22,545,3.8746419354399997
22,546,3.8746418757175
22,547,3.8746208082125
22,548,3.8746207677025
22,549,3.8746202362699997
22,550,3.8746199537724997
22,551,3.8746199460675
22,552,3.8746191243975
22,553,3.8746054519524997
22,554,3.8746052962550004
22,555,3.874605290335
22,556,3.87460481678
22,557,3.8746037815925
22,558,3.87460311021
22,559,3.8746031079475003
22,560,3.8745939357849997
22,561,3.874576982835
22,562,3.8745769804525003
22,563,3.8745703464525
22,564,3.8745703349099996
22,565,3.8745701788975007
22,566,3.8745701788975007
22,567,3.8745701272825004
22,568,3.8745701256525003
22,569,3.8745578095424995
22,570,3.8745578051300003
22,571,3.87455779928
22,572,3.8745429030125003
22,573,3.8745427818425
22,574,3.8745427627749995
22,575,3.8745427593499997
22,576,3.8745427479875
22,577,3.874542709395
22,578,3.874542709395
22,579,3.8745427093525002
22,580,3.8745427071425
22,581,3.8745426916275
22,582,3.8745425244725
22,583,3.8745337846725
22,584,3.8745330573775
22,585,3.8745308890350003
22,586,3.8745304666375
22,587,3.874530458165
22,588,3.8745304130999996
22,589,3.8745304118775
22,590,3.87453041136
22,591,3.87453040344
22,592,3.87453040344
22,593,3.874529822905
22,594,3.8745298200824996
22,595,3.8745298200575
22,596,3.8745111352025
22,597,3.8745088623850004
22,598,3.87450886164
22,599,3.8745088615525
22,600,3.8745088615525
22,601,3.8745088613925
22,602,3.8745088545949997
22,603,3.8744956202200003
22,604,3.8744523559549995
22,605,3.8744523390075
22,606,3.8744523385525
22,607,3.860085133735
22,608,3.86008512689
22,609,3.860085123765
22,610,3.8600851161925
22,611,3.8600851159525
22,612,3.860085107095
22,613,3.8508247086825
22,614,3.8508247020975
22,615,3.8508247020025004
22,616,3.8508247012175
22,617,3.85082469043
22,618,3.8508241566374997
22,619,3.8418695749975003
22,620,3.8418695699275
22,621,3.8418695698199996
22,622,3.8418694086225003
22,623,3.841869401085
22,624,3.841869401085
22,625,3.8255762735375
22,626,3.8255762675050002
22,627,3.8255762675050002
22,628,3.8255762674750002
22,629,3.825576108285
22,630,3.8255761021574997
22,631,3.7974844016924996
22,632,3.7974838398750004
22,633,3.7974838394075
22,634,3.79748383842
22,635,3.79748383842
22,636,3.797483837085
22,637,3.7626641539325
22,638,3.762637253325
22,639,3.7626372531000003
22,640,3.7626372525975
22,641,3.762637252405
22,642,3.7626372485274997
22,643,3.7576313556725
22,644,3.7576313544674997
22,645,3.7576313544575
22,646,3.7576313544575
22,647,3.7576307088100003
22,648,3.7576307072025004
22,649,3.756104508285
22,650,3.7561045075449995
22,651,3.75610437287
22,652,3.7561043711375
22,653,3.75610437109
22,654,3.7561043710649997
22,655,3.7549329386725
22,656,3.754932937735
22,657,3.7549329374725
22,658,3.754932937175
22,659,3.7549327801125
22,660,3.7549327801125
22,661,3.7352393554125003
22,662,3.73523935212
22,663,3.7352393501599996
22,664,3.7352393501525
22,665,3.7352257488525
22,666,3.7352257488175
22,667,3.7119690117574997
22,668,3.7119690109674996
22,669,3.7119689727975
22,670,3.7119689727625
22,671,3.7119689723325004
22,672,3.7119689719875
22,673,3.7097754553
22,674,3.7097754551175
22,675,3.7097754534975005
22,676,3.7097754533824996
22,677,3.7097754384699995
22,678,3.70977543773
22,679,3.708935508585
22,680,3.70893539442
22,681,3.70893535102
22,682,3.7089352883825
22,683,3.7089352883525004
22,684,3.7089352881499997
22,685,3.7086156756850004
22,686,3.7086156755974997
22,687,3.7086156755300004
22,688,3.7086156754949995
22,689,3.7086156754925
22,690,3.7086156754125
22,691,3.7081387331675004
22,692,3.7081387330449997
22,693,3.708138654165
22,694,3.708138654165
22,695,3.708138654165
22,696,3.708138648405
22,697,3.7078385165125
22,698,3.7078385165074996
22,699,3.70783851646
22,700,3.7078351753425003
22,701,3.7078351753425003
22,702,3.7078351750125003
22,703,3.70775782522
22,704,3.7077578251600003
22,705,3.7077578251475005
22,706,3.7077578250400003
22,707,3.7077577490975004
22,708,3.7077560436574997
22,709,3.707752904055
22,710,3.7077529039224997
22,711,3.7077529038100003
22,712,3.7077529038100003
22,713,3.70775290342
22,714,3.707752903385
22,715,3.707746793015
22,716,3.7077467930125003
22,717,3.7077467927325003
22,718,3.70774679273
22,719,3.7077467927075
22,720,3.7077467926175
22,721,3.707734747875
22,722,3.7077347473350004
22,723,3.7077347471324997
22,724,3.7077347471100004
22,725,3.7077347470950004
22,726,3.707734746915
22,727,3.7077164678925003
22,728,3.7077164678850005
22,729,3.70771646782
22,730,3.7077164474425004
22,731,3.7077164473525004
22,732,3.7077164450825
22,733,3.7076821179999997
22,734,3.7076821179999997
22,735,3.7076821179175
22,736,3.7076821178449997
22,737,3.7076821178275
22,738,3.70768211774
22,739,3.7076181943899997
22,740,3.7076181943625004
22,741,3.70761683054
22,742,3.7076160089074994
22,743,3.7076160089074994
22,744,3.7076160054950003
22,745,3.7074997596325
22,746,3.7074997596325
22,747,3.7074997595625
22,748,3.7074997593875
22,749,3.70749975938
22,750,3.7074997593725003
22,751,3.70729935901
22,752,3.7072993589
22,753,3.7072993587924996
22,754,3.70729935853
22,755,3.70729935853
22,756,3.70729935853
22,757,3.706990232405
22,758,3.706990232405
22,759,3.7069902316124996
22,760,3.7069895917574995
22,761,3.7069895900249996
22,762,3.7069895900249996
22,763,3.706674271465
22,764,3.7066742687900005
22,765,3.70667426878
22,766,3.7066742684725
22,767,3.7066742684625
22,768,3.7066742684375003
22,769,3.706400847855
22,770,3.7064008478524997
22,771,3.7064008476375
22,772,3.7064008473424996
22,773,3.7064008473275
22,774,3.7064008473275
22,775,3.7059180506574996
22,776,3.7059180506574996
22,777,3.7059180506200002
22,778,3.7059180503599998
22,779,3.7059180503599998
22,780,3.7059180503599998
22,781,3.7056961346475
22,782,3.7056961324524997
22,783,3.7056961324275
22,784,3.7056961323025
22,785,3.7056961322950004
22,786,3.7056961322950004
22,787,3.7056148176450003
22,788,3.7056148176450003
22,789,3.70561481764
22,790,3.705614817475
22,791,3.705614817475
22,792,3.7056148143199996
22,793,3.7055723031775
22,794,3.7055722021
22,795,3.7055722020974997
22,796,3.7055722020874997
22,797,3.705572202085
22,798,3.705572202085
22,799,3.7055113304300002
22,800,3.705511330415
22,801,3.7055113294425
22,802,3.7055113294149997
22,803,3.7055113294149997
22,804,3.7055113294
22,805,3.7055045807299996
22,806,3.705504580715
22,807,3.7055045807074998
22,808,3.7055045806875
22,809,3.7055042799874998
22,810,3.705504278425
22,811,3.7054998778224997
22,812,3.7054998778074997
22,813,3.7054998778074997
22,814,3.7054998778074997
22,815,3.7054998778025
22,816,3.7054998778025
22,817,3.705499329305
22,818,3.7054993292900003
22,819,3.7054993286375
22,820,3.7054993286375
22,821,3.7054993286375
22,822,3.7054993286375
22,823,3.7054992336475
22,824,3.7054992336275
22,825,3.70549923361
22,826,3.70549923361
22,827,3.70549921251
22,828,3.70549921251
22,829,3.7054991681125005
22,830,3.7054991680975
22,831,3.7054991680500002
22,832,3.7054991680500002
22,833,3.705499166055
22,834,3.70549916592
22,835,3.7054990897875
22,836,3.7054990897724998
22,837,3.70549908977
22,838,3.70549908977
22,839,3.7054990897674998
22,840,3.7054990897674998
22,841,3.70549895702
22,842,3.705498948445
22,843,3.705498948445
22,844,3.7054989480400002
22,845,3.7054989480400002
22,846,3.7054989480400002
22,847,3.70549871113
22,848,3.7054987111149997
22,849,3.705498704715
22,850,3.705498704715
22,851,3.7054987047124994
22,852,3.7054987047124994
22,853,3.705498277365
22,854,3.7054982619525
22,855,3.7054982619525
22,856,3.7054982619525
22,857,3.7054982619525
22,858,3.7054982619525
22,859,3.70549749321
22,860,3.7054974911225003
22,861,3.7054974911225003
22,862,3.7054974911225003
22,863,3.7054974597225
22,864,3.7054974592675003
22,865,3.705496094915
22,866,3.7054960949025
22,867,3.7054960946525
22,868,3.7054960946525
22,869,3.7054960946525
22,870,3.7054960938774997
22,871,3.7054937377525
22,872,3.7054937260025
22,873,3.7054937260000003
22,874,3.7054937260000003
22,875,3.7054937260000003
22,876,3.7054937255325
22,877,3.705489869955
22,878,3.70548986995
22,879,3.7054898667125
22,880,3.7054898621500003
22,881,3.7054898621500003
22,882,3.7054898621500003
22,883,3.7054844665275
22,884,3.705484466525
22,885,3.705484466525
22,886,3.70548446652
22,887,3.7054844665025
22,888,3.7054844665025
22,889,3.7054812654499996
22,890,3.7054812649275
22,891,3.7054812649275
22,892,3.7054812649224997
22,893,3.7054812649224997
22,894,3.7054812649200004
22,895,3.7054796224500004
22,896,3.7054796224474997
22,897,3.7054796224474997
22,898,3.705479622445
22,899,3.705479622445
22,900,3.705479622425
22,901,3.7054783892375
22,902,3.705478389235
22,903,3.705478389235
22,904,3.7054783892325
22,905,3.7054783851075
22,906,3.7054783851075
22,907,3.7054610833350003
22,908,3.7054610833350003
22,909,3.7054610833350003
22,910,3.705461083305
22,911,3.705461083305
22,912,3.705461083305
22,913,3.5677943907200005
22,914,3.5677943907200005
22,915,3.5677943907200005
22,916,3.5677943870175
22,917,3.5677943870175
22,918,3.5677943870175
22,919,3.5677891583399997
22,920,3.5677891583399997
22,921,3.5677891583399997
22,922,3.567789158315
22,923,3.567789158315
22,924,3.5677891582875
22,925,3.5677891582875
22,926,3.5677891582875
22,927,3.5677891582649996
22,928,3.5677891582649996
22,929,3.5677891582649996
22,930,3.5677891582649996
22,931,3.56778527404
22,932,3.56778527404
22,933,3.5677852740325
22,934,3.5677852740175
22,935,3.5677852725975
22,936,3.56778527253
22,937,3.5677814766350004
22,938,3.5677814766350004
22,939,3.5677814749874996
22,940,3.567781474985
22,941,3.567781474985
22,942,3.567781474985
22,943,3.5677810328
22,944,3.5677810328
22,945,3.567781030085
22,946,3.5677810300825
22,947,3.5677810300825
22,948,3.5677810300825
22,949,3.5677771311649997
22,950,3.5677771311649997
22,951,3.5677771311649997
22,952,3.5677771311525
22,953,3.5677771311525
22,954,3.5677771311525
22,955,3.56776221755
22,956,3.56776221755
22,957,3.56776221755
22,958,3.567762217545
22,959,3.45953806942
22,960,3.459443722395
22,961,3.4594004374975
22,962,3.4594000526625
22,963,3.4594000526625
22,964,3.4594000526625
22,965,3.4594000522875
22,966,3.42855203919
22,967,3.4285492282
22,968,3.4179979322025
22,969,3.4179976333425004
22,970,3.4179928502549997
22,971,3.4179928496050005
22,972,3.4179928496050005
22,973,3.41799279599
22,974,3.41799279524
22,975,3.41799279524
22,976,3.4102822931825
22,977,3.4102822931825
22,978,3.4041761922375002
22,979,3.40394634182
22,980,3.4039461665224997
22,981,3.4039461623500005
22,982,3.4039461623500005
22,983,3.4039461623500005
22,984,3.4039461623500005
22,985,3.4039461623475
22,986,3.4039461623475
22,987,3.4039461623475
22,988,3.4039461623475
22,989,3.4039461623475
22,990,3.4039461623475
22,991,3.40394611603
22,992,3.4039461160275004
22,993,3.4039461160275004
22,994,3.4039461160275004
22,995,3.4039461160275004
22,996,3.4039461160275004
22,997,3.4039460885275
22,998,3.4039460885275
22,999,3.4039460885275
22,1000,3.4039460885275
23,1,22.98208461621
23,2,16.0481697528525
23,3,12.640085551275
23,4,10.880027168722501
23,5,9.133342049027501
23,6,8.506799802749999
23,7,8.1946486925425
23,8,8.15238334396
23,9,8.069095714655
23,10,7.8447115266125
23,11,7.6224862203249995
23,12,7.0926510227875
23,13,6.993069562005
23,14,6.84553092907
23,15,6.7269210205575005
23,16,6.5808381361825
23,17,6.43206057152
23,18,6.38193654994
23,19,6.3623405725349995
23,20,6.2750870319625
23,21,6.266418790415
23,22,6.1983280962975
23,23,6.1625015518825
23,24,5.9560691465675
23,25,5.955655234155
23,26,5.8682646343950005
23,27,5.735463026765
23,28,5.620585726334999
23,29,5.550760792655
23,30,5.550760792655
23,31,5.53722097132
23,32,5.37329192398
23,33,5.25621950788
23,34,5.1665870564775
23,35,5.1665870564775
23,36,5.156080832015
23,37,5.138303733415
23,38,5.138303733415
23,39,5.0023366170450005
23,40,5.0023366170450005
23,41,4.9455649721375
23,42,4.9098039055000005
23,43,4.8410907476950005
23,44,4.8106731097474995
23,45,4.8106731097474995
23,46,4.8106731097474995
23,47,4.79771622633
23,48,4.7740566354025
23,49,4.6269999315525
23,50,4.57311841782
23,51,4.55412115966
23,52,4.4454458766025
23,53,4.3122241229725
23,54,4.2367321118575
23,55,4.2367321118575
23,56,4.1928790010100006
23,57,4.1928790010100006
23,58,4.1928790010100006
23,59,4.1508249632725
23,60,4.1508249632725
23,61,4.0935180562074995
23,62,4.0935180562074995
23,63,4.088325530640001
23,64,4.088325530640001
23,65,4.03634853407
23,66,4.03634853407
23,67,4.0238576878400005
23,68,4.0238576878400005
23,69,4.0238576878400005
23,70,3.9279223342425
23,71,3.90507366604
23,72,3.88443558488
23,73,3.8249969732899998
23,74,3.8037724705775
23,75,3.71574479003
23,76,3.71574479003
23,77,3.71574479003
23,78,3.6285817766725
23,79,3.6285817766725
23,80,3.6285817766725
23,81,3.6285817766725
23,82,3.59794817863
23,83,3.5815684131300003
23,84,3.5334412744375
23,85,3.5334412744375
23,86,3.5274498221875
23,87,3.4998392285149995
23,88,3.4998392285149995
23,89,3.4998392285149995
23,90,3.4747612785100004
23,91,3.4668061409875
23,92,3.4668061409875
23,93,3.4668061409875
23,94,3.4668061409875
23,95,3.4668061409875
23,96,3.4668061409875
23,97,3.4668061409875
23,98,3.4011046869049997
23,99,3.4011046869049997
23,100,3.3734931715825
23,101,3.3517258935900003
23,102,3.3517258935900003
23,103,3.3517258935900003
23,104,3.27329582875
23,105,3.27329582875
23,106,3.2558614937525
23,107,3.2558614937525
23,108,3.2558614937525
23,109,3.2002853867425003
23,110,3.2002853867425003
23,111,3.2002853867425003
23,112,3.2002853867425003
23,113,3.2002853867425003
23,114,3.2002853867425003
23,115,3.2002853867425003
23,116,3.2002853867425003
23,117,3.2002853867425003
23,118,3.2002853867425003
23,119,3.2002853867425003
23,120,3.2002853867425003
23,121,3.1883590228625
23,122,3.1883590228625
23,123,3.1883590228625
23,124,3.115138079175
23,125,3.115138079175
23,126,3.115138079175
23,127,3.115138079175
23,128,3.115138079175
23,129,3.115138079175
23,130,3.10517973666
23,131,3.10517973666
23,132,3.0644731384
23,133,3.0644731384
23,134,3.0644731384
23,135,3.0644731384
23,136,3.0644731384
23,137,3.0644731384
23,138,3.0644731384
23,139,3.0644731384
23,140,3.0644731384
23,141,3.0644731384
23,142,3.0644731384
23,143,3.0644731384
23,144,3.0644731384
23,145,3.0644731384
23,146,3.0644731384
23,147,3.0644731384
23,148,3.0644731384
23,149,3.0644731384
23,150,3.0644731384
23,151,3.061108299215
23,152,3.061108299215
23,153,3.058675376415
23,154,3.058675376415
23,155,3.058675376415
23,156,3.058675376415
23,157,3.058675376415
23,158,3.058675376415
23,159,3.039709991635
23,160,3.039709991635
23,161,3.0293215913575002
23,162,3.0293215913575002
23,163,3.0293215913575002
23,164,3.0293215913575002
23,165,3.0293215913575002
23,166,3.0293215913575002
23,167,3.0293215913575002
23,168,2.9759211748725
23,169,2.9759211748725
23,170,2.9759211748725
23,171,2.9655912877475
23,172,2.960519899165
23,173,2.960519899165
23,174,2.960519899165
23,175,2.960519899165
23,176,2.9489107852250003
23,177,2.9489107852250003
23,178,2.9489107852250003
23,179,2.9489107852250003
23,180,2.9489107852250003
23,181,2.9489107852250003
23,182,2.9489107852250003
23,183,2.9489107852250003
23,184,2.9489107852250003
23,185,2.9329353852674998
23,186,2.912680286755
23,187,2.912680286755
23,188,2.912680286755
23,189,2.912680286755
23,190,2.912680286755
23,191,2.9052769047
23,192,2.9052769047
23,193,2.9052769047
23,194,2.863388015755
23,195,2.863388015755
23,196,2.863388015755
23,197,2.863388015755
23,198,2.863388015755
23,199,2.863388015755
23,200,2.863388015755
23,201,2.8560910144725
23,202,2.8560910144725
23,203,2.8560910144725
23,204,2.8376550122025
23,205,2.82232281336
23,206,2.8091011250175
23,207,2.8091011250175
23,208,2.7645119519125
23,209,2.7645119519125
23,210,2.735410306955
23,211,2.7159749988725
23,212,2.7145301008075
23,213,2.7145301008075
23,214,2.7145301008075
23,215,2.68168148163
23,216,2.68168148163
23,217,2.68168148163
23,218,2.68168148163
23,219,2.68168148163
23,220,2.68168148163
23,221,2.68168148163
23,222,2.68168148163
23,223,2.68168148163
23,224,2.68168148163
23,225,2.68168148163
23,226,2.68168148163
23,227,2.68168148163
23,228,2.68168148163
23,229,2.68168148163
23,230,2.68168148163
23,231,2.68168148163
23,232,2.68168148163
23,233,2.68168148163
23,234,2.68168148163
23,235,2.68168148163
23,236,2.68168148163
23,237,2.68168148163
23,238,2.665299165975
23,239,2.665299165975
23,240,2.665299165975
23,241,2.665299165975
23,242,2.665299165975
23,243,2.665299165975
23,244,2.665299165975
23,245,2.665299165975
23,246,2.665299165975
23,247,2.665299165975
23,248,2.6532157095374997
23,249,2.6532157095374997
23,250,2.6532157095374997
23,251,2.6532157095374997
23,252,2.6532157095374997
23,253,2.6532157095374997
23,254,2.6532157095374997
23,255,2.6532157095374997
23,256,2.6532157095374997
23,257,2.6532157095374997
23,258,2.6532157095374997
23,259,2.6532157095374997
23,260,2.6532157095374997
23,261,2.6532157095374997
23,262,2.6532157095374997
23,263,2.6532157095374997
23,264,2.6532157095374997
23,265,2.6532157095374997
23,266,2.6532157095374997
23,267,2.6359416432925
23,268,2.6359416432925
23,269,2.62294768392
23,270,2.62294768392
23,271,2.62294768392
23,272,2.62294768392
23,273,2.62294768392
23,274,2.62294768392
23,275,2.62294768392
23,276,2.62294768392
23,277,2.62294768392
23,278,2.62294768392
23,279,2.62294768392
23,280,2.62294768392
23,281,2.62294768392
23,282,2.62294768392
23,283,2.62294768392
23,284,2.61440504246
23,285,2.61440504246
23,286,2.61440504246
23,287,2.61440504246
23,288,2.61440504246
23,289,2.61440504246
23,290,2.61440504246
23,291,2.61440504246
23,292,2.61440504246
23,293,2.6135095375575
23,294,2.6135095375575
23,295,2.6077937087875
23,296,2.6077937087875
23,297,2.6077937087875
23,298,2.6077937087875
23,299,2.6077937087875
23,300,2.6077937087875
23,301,2.6077937087875
23,302,2.6077937087875
23,303,2.6077937087875
23,304,2.6077937087875
23,305,2.6077937087875
23,306,2.6077937087875
23,307,2.6077937087875
23,308,2.6077937087875
23,309,2.6077937087875
23,310,2.6077937087875
23,311,2.6009884737675
23,312,2.6009884737675
23,313,2.6009884737675
23,314,2.6009884737675
23,315,2.6009884737675
23,316,2.6009884737675
23,317,2.5971770744250002
23,318,2.5971770744250002
23,319,2.5971770744250002
23,320,2.5971770744250002
23,321,2.5971770744250002
23,322,2.5971770744250002
23,323,2.5971770744250002
23,324,2.5971770744250002
23,325,2.5971770744250002
23,326,2.5971770744250002
23,327,2.5971770744250002
23,328,2.5971770744250002
23,329,2.5971770744250002
23,330,2.5971770744250002
23,331,2.5971770744250002
23,332,2.5971770744250002
23,333,2.530353852265
23,334,2.530353852265
23,335,2.530353852265
23,336,2.530353852265
23,337,2.530353852265
23,338,2.530353852265
23,339,2.530353852265
23,340,2.530353852265
23,341,2.525733911135
23,342,2.525733911135
23,343,2.525733911135
23,344,2.525733911135
23,345,2.525733911135
23,346,2.51763660439
23,347,2.51763660439
23,348,2.5169007551
23,349,2.5169007551
23,350,2.5169007551
23,351,2.5169007551
23,352,2.5146866231125
23,353,2.5146866231125
23,354,2.5146866231125
23,355,2.5146866231125
23,356,2.5146866231125
23,357,2.5146866231125
23,358,2.5146866231125
23,359,2.5146866231125
23,360,2.5146866231125
23,361,2.5146866231125
23,362,2.5146866231125
23,363,2.5146866231125
23,364,2.5025372289825
23,365,2.5025372289825
23,366,2.5025372289825
23,367,2.5025372289825
23,368,2.5025372289825
23,369,2.5025372289825
23,370,2.5025372289825
23,371,2.5025372289825
23,372,2.5025372289825
23,373,2.5025372289825
23,374,2.5025372289825
23,375,2.5025372289825
23,376,2.5025372289825
23,377,2.5025372289825
23,378,2.5025372289825
23,379,2.5025372289825
23,380,2.5025372289825
23,381,2.5025372289825
23,382,2.5025372289825
23,383,2.5025372289825
23,384,2.5025372289825
23,385,2.4864789148
23,386,2.4864789148
23,387,2.4864789148
23,388,2.4864789148
23,389,2.4864789148
23,390,2.4864789148
23,391,2.4864789148
23,392,2.47321067571
23,393,2.47321067571
23,394,2.4560924839575002
23,395,2.4560924839575002
23,396,2.4560924839575002
23,397,2.4560924839575002
23,398,2.4560924839575002
23,399,2.4560924839575002
23,400,2.4560924839575002
23,401,2.4560924839575002
23,402,2.4497267721725
23,403,2.4497267721725
23,404,2.4497267721725
23,405,2.4497267721725
23,406,2.4497267721725
23,407,2.4497267721725
23,408,2.4497267721725
23,409,2.4497267721725
23,410,2.4497267721725
23,411,2.4279413899624998
23,412,2.4279413899624998
23,413,2.4279413899624998
23,414,2.4279413899624998
23,415,2.4279413899624998
23,416,2.4279413899624998
23,417,2.4279413899624998
23,418,2.4279413899624998
23,419,2.4279413899624998
23,420,2.4279413899624998
23,421,2.4279413899624998
23,422,2.4279413899624998
23,423,2.4279413899624998
23,424,2.4279413899624998
23,425,2.4279413899624998
23,426,2.4279413899624998
23,427,2.38957151378
23,428,2.38957151378
23,429,2.38957151378
23,430,2.38957151378
23,431,2.38957151378
23,432,2.359146304715
23,433,2.359146304715
23,434,2.359146304715
23,435,2.359146304715
23,436,2.359146304715
23,437,2.3310607809299997
23,438,2.3310607809299997
23,439,2.3310607809299997
23,440,2.3310607809299997
23,441,2.3310607809299997
23,442,2.3310607809299997
23,443,2.3310607809299997
23,444,2.3310607809299997
23,445,2.3310607809299997
23,446,2.3310607809299997
23,447,2.3310607809299997
23,448,2.3310607809299997
23,449,2.3310607809299997
23,450,2.3310607809299997
23,451,2.3310607809299997
23,452,2.3310607809299997
23,453,2.327509602865
23,454,2.327509602865
23,455,2.327509602865
23,456,2.327509602865
23,457,2.327509602865
23,458,2.327509602865
23,459,2.327509602865
23,460,2.327509602865
23,461,2.327509602865
23,462,2.327509602865
23,463,2.327509602865
23,464,2.327509602865
23,465,2.327509602865
23,466,2.3044557188225
23,467,2.3044557188225
23,468,2.3044557188225
23,469,2.3044557188225
23,470,2.3044557188225
23,471,2.3035543885525
23,472,2.3035543885525
23,473,2.3035543885525
23,474,2.2955432347325
23,475,2.2955432347325
23,476,2.289629892295
23,477,2.289629892295
23,478,2.239156871465
23,479,2.239156871465
23,480,2.239156871465
23,481,2.239156871465
23,482,2.239156871465
23,483,2.239156871465
23,484,2.239156871465
23,485,2.239156871465
23,486,2.21950091724
23,487,2.21950091724
23,488,2.21950091724
23,489,2.21950091724
23,490,2.21950091724
23,491,2.21950091724
23,492,2.21950091724
23,493,2.21950091724
23,494,2.21950091724
23,495,2.21950091724
23,496,2.21950091724
23,497,2.21950091724
23,498,2.21950091724
23,499,2.21950091724
23,500,2.21950091724
23,501,2.21950091724
23,502,2.21950091724
23,503,2.21950091724
23,504,2.21950091724
23,505,2.21950091724
23,506,2.21950091724
23,507,2.21950091724
23,508,2.21950091724
23,509,2.21950091724
23,510,2.21950091724
23,511,2.21950091724
23,512,2.21950091724
23,513,2.21950091724
23,514,2.21950091724
23,515,2.21950091724
23,516,2.21950091724
23,517,2.21950091724
23,518,2.21950091724
23,519,2.21950091724
23,520,2.21950091724
23,521,2.21950091724
23,522,2.21950091724
23,523,2.21950091724
23,524,2.21950091724
23,525,2.2064998013875003
23,526,2.2064998013875003
23,527,2.2064998013875003
23,528,2.2064998013875003
23,529,2.2064998013875003
23,530,2.2064998013875003
23,531,2.2064998013875003
23,532,2.2064998013875003
23,533,2.2064998013875003
23,534,2.2064998013875003
23,535,2.2064998013875003
23,536,2.20330040141
23,537,2.20330040141
23,538,2.20330040141
23,539,2.20330040141
23,540,2.20330040141
23,541,2.20330040141
23,542,2.20330040141
23,543,2.20330040141
23,544,2.20330040141
23,545,2.20330040141
23,546,2.20330040141
23,547,2.20330040141
23,548,2.20330040141
23,549,2.20330040141
23,550,2.20330040141
23,551,2.20330040141
23,552,2.20330040141
23,553,2.2033003579750003
23,554,2.2033002920925
23,555,2.2033002920925
23,556,2.2033002920925
23,557,2.2033002920925
23,558,2.2033002920925
23,559,2.2032454663225
23,560,2.2032454663225
23,561,2.2032454663225
23,562,2.2032454663225
23,563,2.1903830952525
23,564,2.1903830952525
23,565,2.1903830952525
23,566,2.1903830952525
23,567,2.161879896715
23,568,2.161879896715
23,569,2.161879896715
23,570,2.161879896715
23,571,2.161879896715
23,572,2.161879896715
23,573,2.161879896715
23,574,2.161879896715
23,575,2.161879896715
23,576,2.161879896715
23,577,2.161879896715
23,578,2.161879896715
23,579,2.161879896715
23,580,2.161879896715
23,581,2.1606408420475
23,582,2.1606408420475
23,583,2.1606408420475
23,584,2.1606408420475
23,585,2.1423556386825
23,586,2.1423556386825
23,587,2.1423556386825
23,588,2.1233903078075
23,589,2.1233903078075
23,590,2.115656284805
23,591,2.115656284805
23,592,2.115656284805
23,593,2.115656284805
23,594,2.115656284805
23,595,2.11385657858
23,596,2.09038320174
23,597,2.09038320174
23,598,2.089683235415
23,599,2.0893765399425
23,600,2.0893765399425
23,601,2.08937645527
23,602,2.08937645527
23,603,2.08937645527
23,604,2.0893763154
23,605,2.0893761860375
23,606,2.0893761860375
23,607,2.088461004215
23,608,2.088461004215
23,609,2.088461004115
23,610,2.0833579272425
23,611,2.0832459864125
23,612,2.0832459864125
23,613,2.0782907460375
23,614,2.0782907460375
23,615,2.0782907460375
23,616,2.0782907460375
23,617,2.07362957026
23,618,2.0736295647325003
23,619,2.073532107775
23,620,2.073532107775
23,621,2.073532107775
23,622,2.0735317200575
23,623,2.0735317200575
23,624,2.0735317200575
23,625,2.0735317200575
23,626,2.0735317200575
23,627,2.0735317200575
23,628,2.0735317200575
23,629,2.0735317200575
23,630,2.05970345798
23,631,2.0556825821475
23,632,2.0556825821475
23,633,2.0556825821475
23,634,2.0556821872874997
23,635,2.0556630883525
23,636,2.055663009
23,637,2.0556602282625
23,638,2.0556599908125
23,639,2.0547645936875
23,640,2.0547644155575
23,641,2.0547644155575
23,642,2.0547644155575
23,643,2.05476191245
23,644,2.05050140414
23,645,2.05050140414
23,646,2.05050101567
23,647,2.0504978595925
23,648,2.0504978595925
23,649,2.050448704605
23,650,2.0474978835249997
23,651,2.0474977328225
23,652,2.04749714966
23,653,2.0474971420925003
23,654,2.0474971420925003
23,655,2.0473149977225
23,656,2.047314883625
23,657,2.0473148313025
23,658,2.0473145786
23,659,2.0473145181775
23,660,2.0473143827849998
23,661,2.0470696808125
23,662,2.0470696077475
23,663,2.0470694157275
23,664,2.04706932796
23,665,2.0470693224275
23,666,2.01526608082
23,667,2.0139975513925004
23,668,2.0139974761675
23,669,2.013997425765
23,670,2.013997425765
23,671,2.013997425765
23,672,2.013997425765
23,673,2.00966537654
23,674,2.009665285535
23,675,2.009665153475
23,676,2.0023552187475
23,677,2.0023552187475
23,678,2.0023552187475
23,679,1.99197973908
23,680,1.9919796997975
23,681,1.9919796997975
23,682,1.9919796406075
23,683,1.9919796406075
23,684,1.9919796406075
23,685,1.9919796406075
23,686,1.9919796406075
23,687,1.9917215080325001
23,688,1.9917214893575
23,689,1.991721487245
23,690,1.991721487245
23,691,1.9901592832875
23,692,1.9901591984375
23,693,1.9761800376349998
23,694,1.9761800226475
23,695,1.9761794626925
23,696,1.9761794626925
23,697,1.9761794626925
23,698,1.9756705506825
23,699,1.974947234435
23,700,1.9710661760175001
23,701,1.9710660583125001
23,702,1.9710660583125001
23,703,1.9710660583125001
23,704,1.9704237029475
23,705,1.9661423219174998
23,706,1.9661420093125
23,707,1.9661420023249998
23,708,1.9661420023249998
23,709,1.9656743708825002
23,710,1.9656743708825002
23,711,1.9638773513675
23,712,1.9638773171825001
23,713,1.9638771430875
23,714,1.9483813814800002
23,715,1.9483812344
23,716,1.9483811506575002
23,717,1.9431225923924997
23,718,1.9431225923924997
23,719,1.9431225923924997
23,720,1.9374902178349998
23,721,1.9374902178349998
23,722,1.9374902178349998
23,723,1.9369035267975
23,724,1.936903472725
23,725,1.9369031902900002
23,726,1.9353108638799998
23,727,1.91165509381
23,728,1.91165509233
23,729,1.9116338709375
23,730,1.9116338709375
23,731,1.9112646365250001
23,732,1.91126463507
23,733,1.8995361683125
23,734,1.89953611963
23,735,1.8869908476775
23,736,1.8698673341725
23,737,1.8698671291499998
23,738,1.8698671291499998
23,739,1.8698006635550002
23,740,1.8698006635550002
23,741,1.8698006635550002
23,742,1.8698006635550002
23,743,1.8677790879100002
23,744,1.8677790879100002
23,745,1.8677790879100002
23,746,1.86033184385
23,747,1.8602933720225
23,748,1.8602935884499998
23,749,1.86029352811
23,750,1.86029352811
23,751,1.8553479779275002
23,752,1.8547051804875
23,753,1.8541518907075
23,754,1.854151819605
23,755,1.8541515907675
23,756,1.849738394205
23,757,1.8497381851425
23,758,1.8497381851425
23,759,1.849726963345
23,760,1.8333304431125002
23,761,1.8333303837300001
23,762,1.8333303837300001
23,763,1.8333303837300001
23,764,1.8333303837300001
23,765,1.8333303837300001
23,766,1.8333303837300001
23,767,1.8333303157549998
23,768,1.8333303157549998
23,769,1.8333303157549998
23,770,1.8333303157549998
23,771,1.79485945953
23,772,1.794859415685
23,773,1.7944444478675
23,774,1.7882251557450002
23,775,1.7750018982675002
23,776,1.7749712257249999
23,777,1.7749712257249999
23,778,1.763290074475
23,779,1.75279681911
23,780,1.75279681911
23,781,1.75279681911
23,782,1.75279681911
23,783,1.75279681911
23,784,1.75279681911
23,785,1.7527967846475
23,786,1.7527967846475
23,787,1.7519848042625
23,788,1.733323941365
23,789,1.7144723746575
23,790,1.7144722631525
23,791,1.714471972005
23,792,1.7129466767650001
23,793,1.7129464778475
23,794,1.7129463981375
23,795,1.6951869290325
23,796,1.692713232465
23,797,1.6927130645375001
23,798,1.6927129087800001
23,799,1.6672591420749998
23,800,1.6672591420749998
23,801,1.6451711363075
23,802,1.6451709961199998
23,803,1.6451707648825
23,804,1.6445717754050002
23,805,1.64398208761
23,806,1.64398208761
23,807,1.6436280551549998
23,808,1.6436280551549998
23,809,1.643627598905
23,810,1.63868960241
23,811,1.6386811858575001
23,812,1.6386811858575001
23,813,1.6370489502274999
23,814,1.637048867895
23,815,1.6370485196274998
23,816,1.6370485196274998
23,817,1.637048281405
23,818,1.637048281405
23,819,1.6370402601125
23,820,1.6370402601125
23,821,1.6370402400900002
23,822,1.6370402400900002
23,823,1.633853914945
23,824,1.6266860927
23,825,1.6264798397075002
23,826,1.6258902157350001
23,827,1.6258639036975002
23,828,1.6258483199975
23,829,1.6258483199975
23,830,1.6258483199975
23,831,1.6227774787400002
23,832,1.6227774509225
23,833,1.6227773130825
23,834,1.6215961925375002
23,835,1.6215960795675
23,836,1.6215960790525
23,837,1.6208794425825002
23,838,1.6208794425825002
23,839,1.6208794425825002
23,840,1.6175517199275
23,841,1.6174032914975
23,842,1.6172820862750001
23,843,1.6172820862750001
23,844,1.6169616405875
23,845,1.6169616405875
23,846,1.6167116789875
23,847,1.6167116789875
23,848,1.6167116789875
23,849,1.6167041128450002
23,850,1.6167040686524998
23,851,1.6154354684874999
23,852,1.6154354684874999
23,853,1.6154353901875003
23,854,1.6154353901875003
23,855,1.6154353901875003
23,856,1.6154353901875003
23,857,1.61542289047
23,858,1.610169344505
23,859,1.6101693145974998
23,860,1.6101693145974998
23,861,1.60830164214
23,862,1.6068204030075002
23,863,1.6049533671174998
23,864,1.6049531208575
23,865,1.6049531208575
23,866,1.6044670980875
23,867,1.6044670980875
23,868,1.6036961101974998
23,869,1.603485665625
23,870,1.603485665625
23,871,1.603485551595
23,872,1.603485551595
23,873,1.6024797569099998
23,874,1.6024797569099998
23,875,1.6024477436200002
23,876,1.6023692316424998
23,877,1.6017836258374998
23,878,1.6008912585675
23,879,1.6008912585675
23,880,1.6003328748175
23,881,1.6003328748175
23,882,1.6003328748175
23,883,1.6003328556949998
23,884,1.6003328556949998
23,885,1.6003286477275
23,886,1.5954780904925001
23,887,1.59541588423
23,888,1.59426104937
23,889,1.5942607775025
23,890,1.5934829088875
23,891,1.5934829088875
23,892,1.5934829088875
23,893,1.5926138130725
23,894,1.5926138130725
23,895,1.59240364822
23,896,1.59240364822
23,897,1.5923518188599999
23,898,1.5922058478175
23,899,1.5922056439225
23,900,1.5922056439225
23,901,1.5912402936425
23,902,1.5912402866675
23,903,1.588994899405
23,904,1.588994899405
23,905,1.5884914239175
23,906,1.5884914239175
23,907,1.58824297795
23,908,1.58824297795
23,909,1.5882269108325
23,910,1.5882269108325
23,911,1.5882269108325
23,912,1.5882269108325
23,913,1.58805995022
23,914,1.58805995022
23,915,1.58585619143
23,916,1.585798702085
23,917,1.585798702085
23,918,1.58579865988
23,919,1.58579865988
23,920,1.5829071778975001
23,921,1.581468590485
23,922,1.5808052176825
23,923,1.5808051086100001
23,924,1.580797168545
23,925,1.580797168545
23,926,1.580797168545
23,927,1.5782243082725
23,928,1.578224290355
23,929,1.5768661601
23,930,1.5756370419725
23,931,1.57388786873
23,932,1.5738877452825
23,933,1.5738877452825
23,934,1.5738877452825
23,935,1.573855533415
23,936,1.572963460135
23,937,1.5616875544425
23,938,1.5615321581675
23,939,1.5522193834125
23,940,1.552168836555
23,941,1.552168836555
23,942,1.5521688216825
23,943,1.5521688216825
23,944,1.551836440765
23,945,1.54907476099
23,946,1.5484608875850001
23,947,1.5483136939225
23,948,1.548313678805
23,949,1.548313678805
23,950,1.5466912906299999
23,951,1.5433414811600001
23,952,1.543341474355
23,953,1.543341474355
23,954,1.543341474355
23,955,1.543341474355
23,956,1.543341443235
23,957,1.543341443235
23,958,1.54204016931
23,959,1.54204016931
23,960,1.54204016931
23,961,1.54195195998
23,962,1.5419481909550001
23,963,1.538158787735
23,964,1.5378806103975
23,965,1.537727136285
23,966,1.537727136285
23,967,1.537727120575
23,968,1.53772698011
23,969,1.53772698011
23,970,1.5376879176075
23,971,1.533450146525
23,972,1.533450146525
23,973,1.533450146525
23,974,1.5333928688475
23,975,1.5333928688475
23,976,1.521470988225
23,977,1.5214684372025
23,978,1.515309234455
23,979,1.515309234455
23,980,1.5150527213475
23,981,1.5150527213475
23,982,1.5150527213475
23,983,1.5150527213475
23,984,1.5148507246175
23,985,1.5147681339525
23,986,1.514703571325
23,987,1.5141028773925
23,988,1.5141028773925
23,989,1.5140055004700002
23,990,1.5140055004700002
23,991,1.5138446776275
23,992,1.5138446776275
23,993,1.51369248857
23,994,1.5084803797
23,995,1.5084803618275
23,996,1.5084803618275
23,997,1.5082705111875
23,998,1.5014298957099999
23,999,1.50137166948
23,1000,1.50137166948
24,1,105.5022091475925
24,2,86.4011676752275
24,3,78.43262214737
24,4,72.6239641302675
24,5,70.426210831305
24,6,68.106389949185
24,7,66.057172566195
24,8,63.849388928085
24,9,62.39197693576
24,10,61.8113124555825
24,11,60.78166492458
24,12,59.3392749046875
24,13,58.571646439172504
24,14,58.0835857825575
24,15,57.39354121676
24,16,56.841126180915
24,17,54.66147242011
24,18,53.50606560830751
24,19,51.1073900938825
24,20,50.637902444495
24,21,49.7128906827325
24,22,49.483350639375
24,23,47.86254506513
24,24,46.166592658025
24,25,46.0257073936
24,26,45.752822997867504
24,27,45.35261928743
24,28,45.3524387634425
24,29,45.244655234265004
24,30,44.812089307525
24,31,44.3740365641725
24,32,44.3740365641725
24,33,43.7232229310475
24,34,42.8536698473625
24,35,42.4709799205575
24,36,41.9004956060325
24,37,41.9004956060325
24,38,41.15919362104
24,39,40.6929428822325
24,40,40.6929428822325
24,41,39.9773162674675
24,42,39.391423697885
24,43,39.391423697885
24,44,38.7524099061625
24,45,38.7524099061625
24,46,38.7480531266375
24,47,38.67877001035
24,48,38.442780667630004
24,49,37.513444960905005
24,50,37.21389162882
24,51,36.6242562119375
24,52,36.482301147484996
24,53,36.000540950905005
24,54,35.7792237782525
24,55,35.5258968733175
24,56,35.4950670023075
24,57,35.2825735273425
24,58,35.2615780864175
24,59,35.14446840677
24,60,35.14446840677
24,61,34.3120218223275
24,62,34.3120218223275
24,63,33.399565400055
24,64,33.14052587992
24,65,32.983487537784995
24,66,32.8877739379525
24,67,32.4694550233975
24,68,32.4694550233975
24,69,32.38685754398
24,70,32.328181153405
24,71,31.877092105945003
24,72,31.877092105945003
24,73,31.7703613991225
24,74,31.632675061015
24,75,31.632675061015
24,76,31.632675061015
24,77,31.300161536602502
24,78,31.300161536602502
24,79,31.270693834142502
24,80,31.270693834142502
24,81,31.270693834142502
24,82,31.063807980925002
24,83,31.063807980925002
24,84,30.308033238460002
24,85,29.654183222145
24,86,29.380686062835004
24,87,29.2930175309025
24,88,29.2930175309025
24,89,29.2930175309025
24,90,29.2930175309025
24,91,29.2930175309025
24,92,29.160767046697497
24,93,29.160767046697497
24,94,29.160767046697497
24,95,28.8046012878375
24,96,28.8046012878375
24,97,28.8046012878375
24,98,28.8046012878375
24,99,28.65579784079
24,100,28.65579784079
24,101,28.628175874902503
24,102,28.628175874902503
24,103,28.628175874902503
24,104,28.628175874902503
24,105,28.628175874902503
24,106,28.560496571735
24,107,28.560496571735
24,108,28.164204321030002
24,109,28.073159142374998
24,110,28.073159142374998
24,111,27.604121085732498
24,112,27.5866071153575
24,113,27.5866071153575
24,114,27.5866071153575
24,115,27.5866071153575
24,116,27.5866071153575
24,117,27.5866071153575
24,118,27.5866071153575
24,119,27.50133835438
24,120,27.493147727042498
24,121,27.493147727042498
24,122,27.493147727042498
24,123,27.493147727042498
24,124,27.434702356805
24,125,27.374891600792502
24,126,27.296293629165
24,127,27.11860586711
24,128,27.11860586711
24,129,26.96760584324
24,130,26.8865930887675
24,131,26.8865930887675
24,132,26.8865930887675
24,133,26.8865930887675
24,134,26.822976817455004
24,135,26.806260411855
24,136,26.806260411855
24,137,26.806260411855
24,138,26.806260411855
24,139,26.806260411855
24,140,26.806260411855
24,141,26.541531218802497
24,142,26.541531218802497
24,143,26.541531218802497
24,144,26.491591815635
24,145,26.491591815635
24,146,26.491591815635
24,147,26.491591815635
24,148,26.491591815635
24,149,25.6274058496475
24,150,25.469957870177502
24,151,25.469957870177502
24,152,25.1361574692875
24,153,25.1361574692875
24,154,25.1361574692875
24,155,25.1361574692875
24,156,25.1361574692875
24,157,25.1361574692875
24,158,25.1361574692875
24,159,25.1361574692875
24,160,24.819942786395
24,161,24.819942786395
24,162,24.81246143827
24,163,24.6262220477
24,164,24.6262220477
24,165,24.440567429142497
24,166,24.440567429142497
24,167,24.326385816915
24,168,24.326385816915
24,169,24.2613559154325
24,170,24.1892006730575
24,171,24.1892006730575
24,172,24.1892006730575
24,173,23.8630352509
24,174,23.8630352509
24,175,23.8630352509
24,176,23.8630352509
24,177,23.8630352509
24,178,23.8630352509
24,179,23.8554933945725
24,180,23.8554933945725
24,181,23.6363197004475
24,182,23.6023868833625
24,183,23.33860446754
24,184,23.304318623392497
24,185,23.03209836668
24,186,23.03209836668
24,187,23.03209836668
24,188,23.03209836668
24,189,23.03209836668
24,190,22.8570754367925
24,191,22.8570754367925
24,192,22.8570754367925
24,193,22.8570754367925
24,194,22.8570754367925
24,195,22.8570754367925
24,196,22.68173686321
24,197,22.3418134896275
24,198,22.1059777720575
24,199,22.1059777720575
24,200,22.1059777720575
24,201,22.1059777720575
24,202,22.1059777720575
24,203,22.1059777720575
24,204,21.8815027980725
24,205,21.8789999499975
24,206,21.8742146990975
24,207,21.8742146990975
24,208,21.8742146990975
24,209,21.8742146990975
24,210,21.8742146990975
24,211,21.8742146990975
24,212,21.8742146990975
24,213,21.8742146990975
24,214,21.8742146990975
24,215,21.8742146990975
24,216,21.8742146990975
24,217,21.8742146990975
24,218,21.8742146990975
24,219,21.8742146990975
24,220,21.744476304405
24,221,21.6031615901625
24,222,20.9973739023275
24,223,20.6378334389525
24,224,20.6378334389525
24,225,20.562805493524998
24,226,20.4615771939825
24,227,20.4615771939825
24,228,20.4615771939825
24,229,20.3616724881125
24,230,20.3616724881125
24,231,20.3616724881125
24,232,20.159362190299998
24,233,20.159362190299998
24,234,19.995235172655
24,235,19.8177328426775
24,236,19.8177328426775
24,237,19.7096941803025
24,238,19.7096941584775
24,239,19.7096941584775
24,240,19.7096941584775
24,241,19.661679979095002
24,242,19.661679979095002
24,243,19.636904349447498
24,244,19.544958150822502
24,245,19.544958150822502
24,246,19.544958150822502
24,247,19.5449581306725
24,248,19.5449581306725
24,249,19.5048784565925
24,250,19.42210371464
24,251,19.42210371464
24,252,19.42210371464
24,253,19.42210371464
24,254,19.42210371464
24,255,19.42210371464
24,256,19.42210371464
24,257,19.42210371464
24,258,19.422103689209997
24,259,19.422103689209997
24,260,19.4221036626
24,261,19.4069058122375
24,262,19.4069057864325
24,263,19.4069057864325
24,264,19.39807092281
24,265,19.39807092281
24,266,19.39807092281
24,267,19.258442174295002
24,268,19.258442160134997
24,269,19.258442160134997
24,270,19.10316263886
24,271,19.10316263886
24,272,19.10316263886
24,273,19.0869608498175
24,274,19.0869608498175
24,275,18.972172390175
24,276,18.910273665365
24,277,18.91027362437
24,278,18.91027362437
24,279,18.910257488405
24,280,18.910257488405
24,281,18.910257488355
24,282,18.910257488355
24,283,18.910257488355
24,284,18.910257488355
24,285,18.9102574829775
24,286,18.9102574829725
24,287,18.903037246635
24,288,18.9030372167525
24,289,18.9030372167525
24,290,18.9030372167525
24,291,18.903037212297498
24,292,18.8327285383225
24,293,18.8187924847625
24,294,18.818792463919998
24,295,18.659919377725
24,296,18.659919377725
24,297,18.659919365344997
24,298,18.659919365344997
24,299,18.617820207485
24,300,18.617820207485
24,301,18.617820207485
24,302,18.6178202060075
24,303,18.617820179
24,304,18.617820179
24,305,18.617820179
24,306,18.521600944972498
24,307,18.521600944972498
24,308,18.521600944972498
24,309,18.521600944972498
24,310,18.521600944972498
24,311,18.49740700583
24,312,18.4974069621625
24,313,18.4974069621625
24,314,18.4974069621625
24,315,18.4974069621625
24,316,18.4005779649575
24,317,18.4005779649575
24,318,18.4005779649575
24,319,18.4005779649575
24,320,18.0343918643275
24,321,18.0343918643275
24,322,17.92109645243
24,323,17.920697030195
24,324,17.920696989535
24,325,17.920696989535
24,326,17.920696989535
24,327,17.920696989535
24,328,17.920696989535
24,329,17.918137030827502
24,330,17.9181369911575
24,331,17.9181369911575
24,332,17.816804014142498
24,333,17.816804014142498
24,334,17.816804014142498
24,335,17.813785449605
24,336,17.8137854139075
24,337,17.8137854139075
24,338,17.8137854139075
24,339,17.8137854139075
24,340,17.8137854139075
24,341,17.807080527665
24,342,17.807080501065
24,343,17.807080501065
24,344,17.807080501065
24,345,17.807080501065
24,346,17.7317928048425
24,347,17.7240213485875
24,348,17.6795188680725
24,349,17.6795188680725
24,350,17.6795188680725
24,351,17.6795188680725
24,352,17.6795188680725
24,353,17.679352979975
24,354,17.6793524318525
24,355,17.679352418355002
24,356,17.679352418355002
24,357,17.448505856329998
24,358,17.448505810987502
24,359,17.4485058008475
24,360,17.4485058008475
24,361,17.448505800845002
24,362,17.448505800845002
24,363,17.448505800845002
24,364,17.448505800845002
24,365,17.4052428451325
24,366,17.2807167162725
24,367,17.2807167162725
24,368,17.2807167162725
24,369,17.2807167162725
24,370,17.2807167162725
24,371,17.2440043474925
24,372,17.244004318392502
24,373,17.2440042694425
24,374,17.2440042589575
24,375,17.2440042589575
24,376,17.2440042439275
24,377,16.651480753934997
24,378,16.651480342077498
24,379,16.651480342077498
24,380,16.651480342077498
24,381,16.6514802353075
24,382,16.6514802353075
24,383,16.43563371072
24,384,16.330902677494997
24,385,16.3309025955825
24,386,16.296823419705
24,387,16.296823419705
24,388,16.296823418555
24,389,16.1690924114525
24,390,16.169092095695
24,391,16.169092095695
24,392,16.169092095695
24,393,16.169092095695
24,394,16.169092095695
24,395,16.022395444005
24,396,16.02239518406
24,397,16.0223951354475
24,398,16.02239512721
24,399,15.941114043485001
24,400,15.941114043485001
24,401,15.831359707015
24,402,15.83135925856
24,403,15.831359134535
24,404,15.831359128005
24,405,15.831359128005
24,406,15.831359128005
24,407,15.734800788954999
24,408,15.7348005474475
24,409,15.7348005339125
24,410,15.7348005339125
24,411,15.7348005339125
24,412,15.7348005160675
24,413,15.597629559035
24,414,15.59762933382
24,415,15.59762924432
24,416,15.59762924432
24,417,15.597629244262501
24,418,15.597629243584999
24,419,15.467519212874999
24,420,15.467519090299998
24,421,15.4675190110925
24,422,15.4675190110925
24,423,15.4675190110925
24,424,15.39120457337
24,425,15.3045006887125
24,426,15.3045006886925
24,427,15.27181211942
24,428,15.2257712978575
24,429,15.225771296752502
24,430,15.225771296709999
24,431,15.04622913192
24,432,15.04622902932
24,433,15.0462290198575
24,434,15.0462290198575
24,435,15.0462290198575
24,436,15.0462290198575
24,437,14.791181533735
24,438,14.7911814959975
24,439,14.7911813760175
24,440,14.7911813760175
24,441,14.7911813760175
24,442,14.7911813700425
24,443,14.733801997750001
24,444,14.733801997737501
24,445,14.73380191167
24,446,14.7338019116525
24,447,14.7338019116525
24,448,14.7338018792475
24,449,14.66107789836
24,450,14.66107783967
24,451,14.661077736805002
24,452,14.661077736805002
24,453,14.6610777368025
24,454,14.6610777368025
24,455,14.572287268795
24,456,14.5722872039875
24,457,14.572287045882499
24,458,14.572286660137499
24,459,14.572286646237501
24,460,14.572286550727501
24,461,14.496862421649999
24,462,14.431534394364999
24,463,14.424601512550002
24,464,14.374409149057499
24,465,14.374409149057499
24,466,14.374409120974999
24,467,14.341825221635
24,468,14.3418251684875
24,469,14.3418251684875
24,470,14.3418251684875
24,471,14.3418251684875
24,472,14.341825149825002
24,473,14.311026114145
24,474,14.3110260925325
24,475,14.3110260924975
24,476,14.3110260918275
24,477,14.3110260918275
24,478,14.3110260918275
24,479,14.309172137432501
24,480,14.3091721374175
24,481,14.280331671670002
24,482,14.280331665150001
24,483,14.280331664965
24,484,14.280331636860002
24,485,14.280331145112502
24,486,14.2803311381175
24,487,14.072069113502499
24,488,14.072069113500001
24,489,14.07206896568
24,490,14.07206896568
24,491,14.0134315971425
24,492,14.01343156858
24,493,13.9126665331675
24,494,13.9126663677375
24,495,13.912666246399999
24,496,13.912666246399999
24,497,13.912666246395
24,498,13.912666246395
24,499,13.742184092874998
24,500,13.742183960342498
24,501,13.742183798927499
24,502,13.742183798927499
24,503,13.742183798927499
24,504,13.742183760340001
24,505,13.692710349645001
24,506,13.692710010370002
24,507,13.6927096240275
24,508,13.69270943555
24,509,13.6927094178875
24,510,13.6927093794125
24,511,13.586078721789999
24,512,13.5860785746225
24,513,13.58607840304
24,514,13.58607840304
24,515,13.49645904866
24,516,13.4964590136475
24,517,13.442135046492501
24,518,13.44213498569
24,519,13.435114453617501
24,520,13.435114453617501
24,521,13.435114453617501
24,522,13.435114453617501
24,523,13.3448895462075
24,524,13.3448894221225
24,525,13.3448893756225
24,526,13.3448893756225
24,527,13.3448893756225
24,528,13.344889355512501
24,529,13.125554786944999
24,530,13.106033156752499
24,531,13.106032960455
24,532,13.106032960455
24,533,13.106032960455
24,534,13.106032941199999
24,535,12.6154322650775
24,536,12.6154321870075
24,537,12.6154320648425
24,538,12.6154319395325
24,539,12.615431885060001
24,540,12.615431845965
24,541,12.473726456485
24,542,12.4737264262875
24,543,12.47372613112
24,544,12.47372611985
24,545,12.4737261195125
24,546,12.204262346810001
24,547,12.104456119565
24,548,12.104456041665
24,549,12.08845148278
24,550,12.0884514616625
24,551,12.08845146166
24,552,12.08845146164
24,553,12.00940059632
24,554,11.9704328988925
24,555,11.9704326150975
24,556,11.9704325866725
24,557,11.9704325866725
24,558,11.9704325845425
24,559,11.8963454459525
24,560,11.896345355487501
24,561,11.89634520922
24,562,11.89634518958
24,563,11.89634518958
24,564,11.89634518958
24,565,11.7922425147525
24,566,11.792242427085
24,567,11.792242399127499
24,568,11.792242399127499
24,569,11.786963982989999
24,570,11.786963980935
24,571,11.741069869532499
24,572,11.74106980741
24,573,11.741069806405
24,574,11.741069806035
24,575,11.74106980558
24,576,11.6923747001525
24,577,11.4313496428975
24,578,11.4313495116
24,579,11.4313494921675
24,580,11.43134949155
24,581,11.43134949155
24,582,11.43134949155
24,583,11.4234708558725
24,584,11.42347085286
24,585,11.4202207156925
24,586,11.4202207156925
24,587,11.4202207156925
24,588,11.3753983168825
24,589,11.25407613139
24,590,11.25407613139
24,591,11.254076045435
24,592,11.254076045435
24,593,11.254076045435
24,594,11.254076045435
24,595,11.254075388395
24,596,11.254075388395
24,597,11.25407538839
24,598,11.25407538839
24,599,11.25407538839
24,600,11.25407538839
24,601,11.2246577867225
24,602,11.2246575019825
24,603,11.22465677278
24,604,11.2246564159325
24,605,11.2242235676025
24,606,11.2242235676025
24,607,11.190558185004999
24,608,11.190558185004999
24,609,11.190558185004999
24,610,11.190558185004999
24,611,11.190558185004999
24,612,11.190558185004999
24,613,11.1879300680325
24,614,11.180280168909999
24,615,11.180280123215
24,616,11.180280123215
24,617,11.152621776412499
24,618,11.152621776412499
24,619,11.1474420378075
24,620,11.130214973447499
24,621,11.130214930600001
24,622,11.130214930600001
24,623,11.130214930600001
24,624,11.130214930600001
24,625,10.88503862711
24,626,10.885038595515
24,627,10.8850381757325
24,628,10.8850381608475
24,629,10.8850381608475
24,630,10.8685952265725
24,631,10.554779160532501
24,632,10.5547789572325
24,633,10.5547788023025
24,634,10.554778762857499
24,635,10.554778712
24,636,10.553534935575
24,637,10.2803217787725
24,638,10.28032172785
24,639,10.280321621465
24,640,10.280321533270001
24,641,10.280321473547499
24,642,10.27987169061
24,643,10.042097868395
24,644,10.035181026135
24,645,10.0351808242075
24,646,10.0279732043675
24,647,10.0279731832625
24,648,10.0196470356825
24,649,9.918869833070001
24,650,9.907572594322499
24,651,9.9074526255575
24,652,9.9074525814175
24,653,9.9074525564675
24,654,9.9035703770375
24,655,9.813417981452499
24,656,9.813417921295
24,657,9.813417767135
24,658,9.8134176799125
24,659,9.81341757458
24,660,9.81341757458
24,661,9.717598281392501
24,662,9.717598166335
24,663,9.71759800276
24,664,9.71759800276
24,665,9.71759800276
24,666,9.71161603322
24,667,9.6145861654675
24,668,9.6145861123325
24,669,9.6142376939925
24,670,9.614237692665
24,671,9.606804028460001
24,672,9.6068040282675
24,673,9.553793209457499
24,674,9.54947727017
24,675,9.5189525164575
24,676,9.504736027615
24,677,9.5047359730975
24,678,9.504735970485
24,679,9.4842231793625
24,680,9.484223174715
24,681,9.3835082559
24,682,9.38350825575
24,683,9.3771736370425
24,684,9.3771736370425
24,685,9.37693485156
24,686,9.3769348358925
24,687,9.325686791687499
24,688,9.3256867915375
24,689,9.3256867613025
24,690,9.325686754245
24,691,9.310462549330001
24,692,9.310462549330001
24,693,9.2202529943825
24,694,9.2202529152125
24,695,9.22025288345
24,696,9.2202528781675
24,697,9.1870638827725
24,698,9.1870638827725
24,699,9.1483597713175
24,700,9.148359710295
24,701,9.148359710295
24,702,9.148359710295
24,703,9.1483596631625
24,704,9.1483596631625
24,705,9.137344401362501
24,706,9.137344401362501
24,707,9.137344373335
24,708,9.137344373335
24,709,9.137198996995
24,710,9.137198996995
24,711,9.1275510133475
24,712,9.127550961595
24,713,9.127550961595
24,714,9.1275509589475
24,715,9.1275509138725
24,716,9.1260800641575
24,717,9.1091486533275
24,718,9.109148614077501
24,719,9.1091485921475
24,720,9.1091485911675
24,721,9.102215822802501
24,722,9.10221582064
24,723,9.0857200265375
24,724,9.08572001593
24,725,9.0857199929125
24,726,9.0857199929125
24,727,9.0480030644625
24,728,9.048003062785
24,729,9.038846918234999
24,730,9.038846918234999
24,731,9.0388469026775
24,732,9.0388469026775
24,733,9.0388469026775
24,734,9.037660868455001
24,735,9.0357255493775
24,736,9.03572554922
24,737,9.035614875612499
24,738,9.035614875612499
24,739,9.035185889905
24,740,9.035185889535
24,741,9.03493151092
24,742,9.034931510757499
24,743,9.034864567515
24,744,9.03486456744
24,745,9.0345313036025
24,746,9.0345313036025
24,747,9.0345311653175
24,748,9.0345311653175
24,749,9.0345311652925
24,750,9.03388378062
24,751,9.03388378062
24,752,9.03388378062
24,753,9.033883770225
24,754,9.033883770225
24,755,9.033883770225
24,756,9.033883770225
24,757,9.01636500045
24,758,9.01636500045
24,759,9.01636500045
24,760,9.0163251135675
24,761,9.0163251135675
24,762,9.0163251135675
24,763,9.0163251135675
24,764,8.9707989684575
24,765,8.9707393344925
24,766,8.9707393344925
24,767,8.9707393344925
24,768,8.9678005570725
24,769,8.9678005570725
24,770,8.9678005570725
24,771,8.9678005570725
24,772,8.9678005570725
24,773,8.9678005570725
24,774,8.9678005570725
24,775,8.9678005570725
24,776,8.9678005570725
24,777,8.96779589314
24,778,8.96779589314
24,779,8.96779589314
24,780,8.96779589314
24,781,8.96779589314
24,782,8.96779589314
24,783,8.94795098484
24,784,8.934770956840001
24,785,8.934770956840001
24,786,8.93473602545
24,787,8.9346680287925
24,788,8.9316134377375
24,789,8.9316134377375
24,790,8.9313083563075
24,791,8.9313083563075
24,792,8.923237216252499
24,793,8.923237216252499
24,794,8.915782309872501
24,795,8.915779957685
24,796,8.91565149885
24,797,8.91534765054
24,798,8.897313096495001
24,799,8.8972941186275
24,800,8.8972941186275
24,801,8.8972941186275
24,802,8.8972941186275
24,803,8.873639501445
24,804,8.873639501445
24,805,8.873639501445
24,806,8.873639501445
24,807,8.873639501445
24,808,8.873639501445
24,809,8.873639501445
24,810,8.873639501445
24,811,8.8736211984225
24,812,8.8736211984225
24,813,8.872461137070001
24,814,8.872461137070001
24,815,8.872461137070001
24,816,8.872461137070001
24,817,8.872461137070001
24,818,8.872461137070001
24,819,8.853538195775
24,820,8.8533245255675
24,821,8.8533245255675
24,822,8.8533245255675
24,823,8.8533245255675
24,824,8.8533245255675
24,825,8.8533245255675
24,826,8.8533245255675
24,827,8.8533245255675
24,828,8.8533245255675
24,829,8.8533218946425
24,830,8.8533218946425
24,831,8.8533218946425
24,832,8.8533218946425
24,833,8.8533205862825
24,834,8.8533205862825
24,835,8.8533205862825
24,836,8.8533205862825
24,837,8.8533205862825
24,838,8.8533205862825
24,839,8.85002829207
24,840,8.85002829207
24,841,8.85002829207
24,842,8.85002829207
24,843,8.843286535085
24,844,8.839639526332501
24,845,8.839639526332501
24,846,8.839639526332501
24,847,8.839639526332501
24,848,8.839202341684999
24,849,8.8392018048225
24,850,8.8392018048225
24,851,8.8392018048225
24,852,8.8392018048225
24,853,8.8392018048225
24,854,8.8392018048225
24,855,8.832941375695
24,856,8.832941375695
24,857,8.832912727705
24,858,8.832912727705
24,859,8.832912727705
24,860,8.7893629196625
24,861,8.7893629196625
24,862,8.7893629196625
24,863,8.7893629196625
24,864,8.7893629196625
24,865,8.7790572623025
24,866,8.7790572623025
24,867,8.7790572623025
24,868,8.7789863160775
24,869,8.7789863160775
24,870,8.7789863160775
24,871,8.77894144137
24,872,8.77894144137
24,873,8.778739424242499
24,874,8.778739424242499
24,875,8.778739424242499
24,876,8.778739424242499
24,877,8.778739424242499
24,878,8.778739424242499
24,879,8.778739424242499
24,880,8.7787388621175
24,881,8.77201981891
24,882,8.75724954687
24,883,8.75724954687
24,884,8.751492780335
24,885,8.7514912713075
24,886,8.7514912713075
24,887,8.7514912713075
24,888,8.7514912713075
24,889,8.7514912713075
24,890,8.7514912713075
24,891,8.7514912713075
24,892,8.7514912713075
24,893,8.751470994049999
24,894,8.751331347845
24,895,8.751331347845
24,896,8.751331347845
24,897,8.751331347845
24,898,8.751331347845
24,899,8.751331347845
24,900,8.751331347845
24,901,8.751331347845
24,902,8.6801570009125
24,903,8.6801570009125
24,904,8.6801570009125
24,905,8.6801570009125
24,906,8.6801570009125
24,907,8.680128257302501
24,908,8.680128257302501
24,909,8.680128257302501
24,910,8.680128257302501
24,911,8.680128257302501
24,912,8.680128257302501
24,913,8.680128257302501
24,914,8.680128257302501
24,915,8.680128257302501
24,916,8.680128257302501
24,917,8.680128257302501
24,918,8.679676277317501
24,919,8.67967620564
24,920,8.67967620564
24,921,8.6593776104175
24,922,8.657424924255
24,923,8.657424924255
24,924,8.65742488801
24,925,8.65742484933
24,926,8.65742484933
24,927,8.65742484933
24,928,8.65742484933
24,929,8.6574246802525
24,930,8.6574246802525
24,931,8.639050644872501
24,932,8.639050644872501
24,933,8.639050644872501
24,934,8.639050644872501
24,935,8.639050644872501
24,936,8.639050644872501
24,937,8.57532906017
24,938,8.575329035135
24,939,8.575329035135
24,940,8.575329035135
24,941,8.575329035135
24,942,8.575329035135
24,943,8.575329035135
24,944,8.575329035135
24,945,8.5753114727525
24,946,8.5753114727525
24,947,8.57367980987
24,948,8.57367980987
24,949,8.57367980987
24,950,8.57367980987
24,951,8.57367980987
24,952,8.57367980987
24,953,8.57367980987
24,954,8.57367980987
24,955,8.5736787099975
24,956,8.5736787099975
24,957,8.5736787099975
24,958,8.5736787099975
24,959,8.5736787099975
24,960,8.559853289285
24,961,8.555998455354999
24,962,8.555998455354999
24,963,8.5559943668625
24,964,8.55599436629
24,965,8.55599436629
24,966,8.5559791668275
24,967,8.5559791668275
24,968,8.5559791668275
24,969,8.5460437230475
24,970,8.5460437230475
24,971,8.5460437230475
24,972,8.5460437230475
24,973,8.5460437230475
24,974,8.5460437230475
24,975,8.5460437230475
24,976,8.5460437230475
24,977,8.51668686082
24,978,8.51668686082
24,979,8.51668686082
24,980,8.513900224859999
24,981,8.513900224859999
24,982,8.5005053163
24,983,8.5005053163
24,984,8.50050280196
24,985,8.500502558605
24,986,8.490127244585
24,987,8.490127244585
24,988,8.490127244585
24,989,8.490127244585
24,990,8.490127244585
24,991,8.4901246675125
24,992,8.4901246658425
24,993,8.4901220193175
24,994,8.490121951407499
24,995,8.490121951407499
24,996,8.490121951407499
24,997,8.490121951407499
24,998,8.490121951407499
24,999,8.490121951407499
24,1000,8.490121951407499
