evaluations raw_y rep iid sigma t d_norm d_mean ps_norm ps_mean pc_norm pc_mean ps_squared loglikelihood mhl_norm mhl_mean x0 x1 x2 x3 x4 x5 x6 x7 x8 x9 x10 x11 x12 x13 x14 x15 x16 x17 x18 x19 x20 x21 x22 x23 x24 x25 x26 x27 x28 x29 x30 x31 x32 x33 x34 x35 x36 x37 x38 x39
1 13189765.5922584906 0.0000000000 1.0000000000 0.4820862662 67.0000000000 5.5219338219 0.8698012138 5.1446514442 0.1212722298 4.7404702160 0.1056817765 26.4674384827 -356.3625557660 27.5607351378 7.0080558677 3.528105 0.800314 1.957476 4.481786 3.735116 -1.954556 1.900177 -0.302714 -0.206438 0.821197 0.288087 2.908547 1.522075 0.243350 0.887726 0.667349 2.988158 -0.410317 0.626135 -1.708191 -5.000000 1.307237 1.728872 -1.484330 4.539509 -2.908731 0.091517 -0.374368 3.065558 2.938718 0.309895 0.756325 -1.775571 -3.961593 -0.695824 0.312698 2.460581 2.404760 -0.774654 -0.604606
2 2689326.3918250701 0.0000000000 1.0000000000 0.4820862662 67.0000000000 5.5219338219 0.8698012138 5.1446514442 0.1212722298 4.7404702160 0.1056817765 26.4674384827 -356.3625557660 27.5607351378 7.0080558677 -2.097106 -2.840036 -3.412540 3.901551 -1.019304 -0.876149 -2.505591 1.554981 -3.227796 -0.425481 -1.790933 0.773805 -1.021610 -2.361264 -0.056364 0.856664 0.133034 0.604944 -1.268644 -0.725482 -1.344921 -0.719106 -1.626293 -3.452565 0.354852 -0.803562 -3.260397 0.925565 -1.814597 0.103891 1.458181 0.257966 2.278801 -2.469652 0.804683 -1.369620 -1.741594 -1.157699 -0.623105 0.112331
4 1798744.1236998867 0.0000000000 1.0000000000 0.4820862662 67.0000000000 5.5219338219 0.8698012138 5.1446514442 0.1212722298 4.7404702160 0.1056817765 26.4674384827 -356.3625557660 27.5607351378 7.0080558677 0.752851 -2.198802 0.596476 2.652772 -1.389136 -0.299269 -0.870307 3.698527 1.344590 0.814924 -1.539832 1.078498 -1.348665 0.063661 -1.271692 1.352867 1.153182 -0.416598 0.792013 -2.186123 -2.982515 0.878783 0.333347 1.270063 4.766290 1.888959 -1.825644 2.234033 -2.631815 -0.923169 -0.136483 3.426685 -1.489510 -1.652877 -0.196905 -1.326957 2.253272 -2.159863 -2.294937 -0.875640
5 172937.8177586766 0.0000000000 1.0000000000 0.4820862662 67.0000000000 5.5219338219 0.8698012138 5.1446514442 0.1212722298 4.7404702160 0.1056817765 26.4674384827 -356.3625557660 27.5607351378 7.0080558677 -0.996065 3.859064 1.898842 0.175102 -2.450871 1.688726 -2.000431 -3.089542 2.376060 0.633885 1.841718 0.637455 1.713661 -1.302051 -2.068486 1.363189 -1.606819 -1.379100 -0.911065 0.034958 -0.707988 -2.749903 -1.287237 -4.446806 1.250463 -3.204115 -2.208767 0.104330 -1.479126 3.086029 -2.585714 0.534102 -0.078566 -2.336187 1.046553 -0.343093 1.543581 1.647008 4.326472 2.673056
6 95065.6482154433 0.0000000000 1.0000000000 0.4820862662 67.0000000000 5.5219338219 0.8698012138 5.1446514442 0.1212722298 4.7404702160 0.1056817765 26.4674384827 -356.3625557660 27.5607351378 7.0080558677 -0.738364 -0.478758 2.199319 1.310527 1.280263 -3.233912 -0.048652 -1.476062 0.559849 -0.196301 1.820358 0.634436 1.572656 -0.932838 -1.888893 -0.820099 -0.034041 0.758303 4.518618 -0.084514 -1.911890 -0.691964 -0.927192 0.962963 -3.081594 0.126524 0.313013 0.464362 -1.194632 -0.475843 -2.848122 -0.986640 -1.085723 0.832100 -2.312365 1.562396 2.988969 -4.139970 0.852517 1.353816
18 30690.7456054271 0.0000000000 1.0000000000 1.8861410367 1.0000000000 6.3094410236 0.9975904862 3.1265267071 -0.0716742919 2.6514125263 -0.0607825019 9.7751692503 -1289.9934481743 26.8557532011 6.8225958236 -3.228705 -3.680736 0.136285 2.307967 1.492812 0.132584 -0.313485 1.197926 2.377365 3.745114 1.068328 2.014266 3.547873 1.227990 1.625215 -0.501205 1.004741 0.423262 -0.009310 2.369547 -1.532680 -0.473036 -5.000000 -2.267691 3.272026 -1.993923 -3.257216 0.740669 0.778963 1.184665 -2.443419 0.674561 -4.497470 -2.586278 -1.487629 -0.227110 2.256278 -0.141796 5.000000 -1.043869
23 10052.2753055002 0.0000000000 1.0000000000 1.8861410367 1.0000000000 6.3094410236 0.9975904862 3.1265267071 -0.0716742919 2.6514125263 -0.0607825019 9.7751692503 -1289.9934481743 26.8557532011 6.8225958236 -2.688130 -2.153454 1.783498 2.332076 -2.068191 2.161559 -0.681526 -3.045087 0.518502 2.463213 2.495994 -3.486768 4.778143 0.342694 -1.890182 1.247010 -0.726960 2.291786 0.395058 2.676013 -4.831442 -2.231110 -1.999438 -2.358982 -0.509433 0.706395 -2.431051 0.111072 -1.720158 0.134051 -2.462913 -2.985775 -3.155768 -3.131719 -0.962993 0.340035 0.048886 1.800997 -2.101750 -1.588565
41 448.8575346314 0.0000000000 1.0000000000 1.8216535146 2.0000000000 6.2982530733 0.9957982017 4.4104898497 -0.0951269608 3.8109355571 -0.0830184061 19.4524207147 -1215.7880735294 24.7893203527 6.3466124693 1.764687 -3.813120 0.956373 2.863762 0.218531 -1.300415 -0.511504 0.537052 0.762420 -1.957533 1.848461 1.688186 0.722983 0.279193 1.151724 -1.326142 -3.997311 3.662493 3.824482 2.710041 -3.648526 -0.928583 -4.603298 -3.865495 0.721797 1.116856 -1.269504 0.293773 -0.837283 -1.280796 -2.017584 1.245987 -0.238735 -4.705177 -0.435742 -0.848797 0.280809 -1.403086 1.095680 1.381510
1005 989746.8919433218 0.0000000000 1.0000000000 0.7913683973 67.0000000000 5.6028712060 0.8826992514 5.1434531798 -0.2086920766 4.4298692050 -0.2090238829 26.4551106129 -623.6401588711 25.5194217028 6.5239291010 -3.096905 -1.663649 2.850281 4.552666 -1.316357 1.423136 -0.106072 1.585989 3.528441 3.136986 0.719543 4.009423 5.000000 -2.225524 1.875066 0.557210 -1.939428 3.996032 3.285711 3.459982 0.541004 -4.626896 -0.817796 2.499855 5.000000 -1.635576 -1.564782 1.470599 -1.980948 1.810248 -1.607760 -0.212128 -0.487236 0.941585 -3.949240 -1.611399 3.102781 1.228463 -0.537968 -3.088213
evaluations raw_y rep iid sigma t d_norm d_mean ps_norm ps_mean pc_norm pc_mean ps_squared loglikelihood mhl_norm mhl_mean x0 x1 x2 x3 x4 x5 x6 x7 x8 x9 x10 x11 x12 x13 x14 x15 x16 x17 x18 x19 x20 x21 x22 x23 x24 x25 x26 x27 x28 x29 x30 x31 x32 x33 x34 x35 x36 x37 x38 x39
1 88529.2389010669 1.0000000000 1.0000000000 0.7913683973 67.0000000000 5.6028712060 0.8826992514 5.1434531798 -0.2086920766 4.4298692050 -0.2090238829 26.4551106129 -623.6401588711 25.5194217028 6.5239291010 3.248691 -1.223513 -1.056344 -2.145937 1.730815 -4.603077 3.489624 -1.522414 0.638078 -0.498741 2.924216 -4.120281 -0.644834 -0.768109 2.267539 -2.199783 -0.344856 -1.755717 0.084427 1.165630 -2.201238 2.289447 1.803181 1.004989 1.801712 -1.367456 -0.245780 -1.871539 -0.535776 1.060711 -1.383322 -0.793507 -1.374345 -1.690411 -1.342492 -0.025329 -2.234621 0.468831 3.319604 1.484088
14 26405.4799504469 1.0000000000 1.0000000000 0.7913683973 67.0000000000 5.6028712060 0.8826992514 5.1434531798 -0.2086920766 4.4298692050 -0.2090238829 26.4551106129 -623.6401588711 25.5194217028 6.5239291010 2.885754 -1.079363 0.256754 3.520830 1.933079 1.426098 2.612412 -1.209206 1.273167 2.818507 3.241825 -1.612370 -0.503348 0.765430 -0.577995 -0.783632 1.368003 -0.706820 -3.575826 0.723695 -0.848986 -1.463062 -3.131476 2.027645 -4.454225 -3.398667 -0.551692 2.457911 2.619412 -2.309965 -0.355264 -3.020913 2.022414 -2.953125 -0.286391 2.065968 -0.444828 2.940321 -1.740016 0.738381
37 9284.6650845573 1.0000000000 1.0000000000 1.8448150288 2.0000000000 6.3015155865 0.9963117234 4.5608400108 -0.0306976431 3.9535697161 -0.0254095671 20.8012616040 -1239.2756592724 25.4327906156 6.5188052396 3.402560 0.367220 -1.778027 -1.342725 2.421031 -1.968887 4.405393 -2.740957 0.379451 -2.125985 2.807375 0.408693 -1.219551 -1.210769 -0.610253 -2.145854 5.000000 -0.309386 -1.355804 1.384706 -0.603535 -0.792658 -1.308900 1.009301 -0.243388 -2.893430 -1.907972 -0.472476 -3.241458 0.846829 5.000000 -2.755388 0.062279 -5.000000 0.964413 0.327028 -3.914453 0.304562 -4.123950 4.943177
46 3949.5109352788 1.0000000000 1.0000000000 1.7831488942 3.0000000000 6.2909586352 0.9946046859 4.4530719564 -0.0939912924 3.9565029292 -0.0797519055 19.8298498493 -1267.5926592149 27.3309049078 7.0084089885 2.340482 1.853054 -0.139831 3.504782 3.472010 -2.774491 -1.343822 -2.906911 1.351296 -1.682468 1.962044 -2.914196 0.738581 1.297564 -0.121991 0.195853 3.712422 -2.638661 -1.400662 0.866086 -3.561052 -1.227120 -0.638539 1.874252 -2.617404 1.942454 1.863425 -2.992657 -0.742727 1.571529 2.438176 1.432780 1.220561 -3.778502 -0.166944 1.505468 -2.315666 -0.722638 2.556985 -1.562324
95 399.2123780682 1.0000000000 1.0000000000 1.6723124529 6.0000000000 6.2565221329 0.9890597368 5.5171589542 -0.0787833675 4.9742764660 -0.0716131447 30.4390429264 -1170.2478801604 25.3170873850 6.4702463048 0.075925 0.363964 2.384156 -0.135737 3.155537 -2.403703 0.491212 -5.000000 1.365368 -1.135029 3.092263 -0.405994 0.123610 -1.376474 1.135974 -1.567149 -1.330228 -4.618579 -4.617938 -0.975534 -3.848819 -1.509600 -0.665869 -0.945030 2.016351 -0.021252 0.538962 0.987172 0.774166 2.098960 1.851708 -1.332490 -0.661269 0.952971 -1.201924 -2.469034 -4.928935 -2.368523 3.295752 1.537550
445 389.7365968638 1.0000000000 1.0000000000 1.2724120121 29.0000000000 5.9994986969 0.9473285738 6.1723735271 -0.0492557167 5.7846437992 -0.0461416163 38.0981949582 -970.5695875795 25.5121497337 6.5112694491 4.518659 0.623747 -0.905406 -1.963758 2.783435 -1.394531 -0.137739 3.341368 -1.042028 -0.928022 2.588064 -4.189594 2.470273 1.660463 -3.040391 -3.824901 1.611264 2.748293 -1.658484 -2.423354 -5.000000 1.845258 -2.003030 0.876714 -4.660497 -0.701367 -0.004081 -3.331452 3.291440 -2.548203 0.608361 -5.000000 2.524554 -3.715435 2.477784 -1.471065 -1.702370 -0.256782 -2.901646 5.000000
504 314.8893408358 1.0000000000 1.0000000000 1.3266579083 33.0000000000 5.9652352435 0.9415108100 6.7608555736 0.2611143968 6.2843438819 0.2199094193 45.7091680870 -964.6920769195 24.4617875991 6.2450824943 3.347604 -0.046660 -1.038500 0.061545 2.934400 0.073630 -0.057582 2.406551 -0.945302 0.941905 2.547240 -0.634488 4.326494 2.041580 -1.410273 -2.763891 1.031325 -1.254481 -2.683835 -1.750551 -5.000000 -2.104092 -1.771536 1.228417 -3.311316 -1.409487 1.029313 -1.706331 3.024637 -1.276658 0.691891 -2.832573 3.373886 -3.045822 -0.887609 -1.073008 -4.650508 -1.392950 -1.054499 2.988201
1005 518347.0954815957 1.0000000000 1.0000000000 0.7222816804 67.0000000000 5.6111355602 0.8838420142 5.7769077187 0.1573337991 5.0082469392 0.1391578148 33.3726627908 -559.4483887250 25.1497683880 6.4378426211 0.244701 2.213572 -2.787747 -3.591104 2.653001 -3.692291 -0.199388 3.144277 -0.177500 0.711296 3.587159 4.926844 1.921862 2.613099 -1.203155 2.951614 -1.532560 5.000000 -3.826722 -5.000000 -0.920069 -0.715280 -0.177721 5.000000 -0.836583 -5.000000 3.828834 -2.388491 -0.829446 -2.503287 -2.060512 -4.989291 3.447029 -3.549559 0.893446 1.255629 -1.641759 -0.202934 -1.059725 2.874476
evaluations raw_y rep iid sigma t d_norm d_mean ps_norm ps_mean pc_norm pc_mean ps_squared loglikelihood mhl_norm mhl_mean x0 x1 x2 x3 x4 x5 x6 x7 x8 x9 x10 x11 x12 x13 x14 x15 x16 x17 x18 x19 x20 x21 x22 x23 x24 x25 x26 x27 x28 x29 x30 x31 x32 x33 x34 x35 x36 x37 x38 x39
1 547078.5308552255 2.0000000000 1.0000000000 0.7222816804 67.0000000000 5.6111355602 0.8838420142 5.7769077187 0.1573337991 5.0082469392 0.1391578148 33.3726627908 -559.4483887250 25.1497683880 6.4378426211 -0.833516 -0.112534 -4.272392 3.280542 -3.586871 -1.683495 1.005763 -2.490576 -2.115904 -1.818015 1.102908 4.584416 0.083079 -2.235851 1.078117 -1.192319 -0.038261 2.350002 -1.495742 0.018051 -1.756216 -0.312868 0.513141 -1.977558 -0.677644 -0.472368 -1.275310 -2.375225 -2.842434 -0.306990 -0.538114 4.462734 -4.869535 0.225453 0.740889 2.719268 1.003714 -1.688427 0.000020 1.084705
3 2125.0454708253 2.0000000000 1.0000000000 0.7222816804 67.0000000000 5.6111355602 0.8838420142 5.7769077187 0.1573337991 5.0082469392 0.1391578148 33.3726627908 -559.4483887250 25.1497683880 6.4378426211 -0.378939 -0.154437 1.649406 2.496426 -0.807785 -2.769037 2.734471 2.435771 -0.924011 0.701777 0.763732 1.132551 0.408416 2.813392 -3.475919 2.081648 0.760944 -0.434271 2.347063 -4.687206 2.323043 0.772156 -2.266267 0.866185 -0.608173 5.000000 3.670665 0.881380 -1.438508 -1.166829 -0.650099 -1.120469 -1.804492 -1.181945 -0.552359 -1.033768 -1.397180 -1.857784 5.000000 -2.946346
122 424.7219955772 2.0000000000 1.0000000000 1.5304855014 8.0000000000 6.2268610411 0.9843259204 4.5393301364 0.0593124710 4.2373443442 0.0589955862 20.6055180874 -1105.0787628908 25.0191456859 6.3570463287 -1.183952 1.628419 2.612131 -0.287672 2.753409 -2.207841 -0.201823 2.824208 -1.063858 -1.532223 -0.946424 0.302504 1.447069 -3.540239 -2.718705 -0.882190 -1.131313 2.317627 0.911980 -4.195147 -1.311060 -0.814844 -2.810091 1.011981 -0.785963 4.218171 2.300458 -0.090678 1.228128 -1.065154 0.956742 1.976076 -1.176464 -3.807477 -5.000000 5.000000 -5.000000 1.781136 3.372587 -3.136697
1005 316067.9187884326 2.0000000000 1.0000000000 0.7139856002 67.0000000000 5.6198685490 0.8846515731 5.1458048383 0.0474749258 4.8741004620 0.0303793010 26.4793074337 -532.6113174597 24.2218450769 6.2198443910 -3.619659 -2.777015 -2.019070 -4.028465 4.665001 1.661202 5.000000 -0.213122 -4.897282 3.354491 -1.998147 -3.760511 4.487703 -5.000000 -3.145122 2.527504 1.988556 2.004179 0.738711 -3.508348 0.487250 1.280646 2.340801 0.549204 2.827027 3.877533 0.227099 -1.000081 3.852398 2.976005 1.592218 2.820565 -4.364700 2.772732 -4.428497 -1.630990 -4.588958 -1.281111 4.304500 2.287292
evaluations raw_y rep iid sigma t d_norm d_mean ps_norm ps_mean pc_norm pc_mean ps_squared loglikelihood mhl_norm mhl_mean x0 x1 x2 x3 x4 x5 x6 x7 x8 x9 x10 x11 x12 x13 x14 x15 x16 x17 x18 x19 x20 x21 x22 x23 x24 x25 x26 x27 x28 x29 x30 x31 x32 x33 x34 x35 x36 x37 x38 x39
1 4344.7641258829 3.0000000000 1.0000000000 0.7139856002 67.0000000000 5.6198685490 0.8846515731 5.1458048383 0.0474749258 4.8741004620 0.0303793010 26.4793074337 -532.6113174597 24.2218450769 6.2198443910 3.577257 0.873020 0.192995 -3.726985 -0.554776 -0.709518 -0.165483 -1.254001 -0.087636 -0.954436 -2.627730 1.769245 1.762636 3.419146 0.100067 -0.809355 -1.090720 -3.092955 1.964735 -2.202135 -2.370093 -0.411300 2.972297 0.473433 -2.047570 -1.425986 1.250490 -0.321027 -1.537673 -0.460061 1.490113 3.952222 -2.488247 -1.252834 -1.607532 -4.838166 -1.847584 -2.047752 2.247956 -0.263828
48 536.7521670157 3.0000000000 1.0000000000 1.7710598998 3.0000000000 6.2838202328 0.9934852044 4.9638142506 0.2567556691 4.3675932491 0.2224337484 24.6394519147 -1206.6589412579 25.2313296495 6.4367010815 2.435923 1.971120 2.812483 1.298714 -1.272212 1.723075 -0.747071 1.743949 -1.055447 2.399305 -5.000000 -2.426158 -1.487035 0.214566 -0.712477 -0.316671 -0.587930 -1.705763 2.292977 -0.491485 3.323166 -1.000267 2.135403 3.086912 -2.028989 -2.128273 -1.310447 0.247379 -0.716144 -2.484210 2.322620 -0.087706 -5.000000 3.809146 -0.689226 -2.267570 -2.293004 1.684963 -0.482160 2.970045
99 518.4005439612 3.0000000000 1.0000000000 1.6955095471 6.0000000000 6.2508663778 0.9881875374 5.8790581057 0.1938779230 5.3585659932 0.1845953990 34.5633242098 -1148.7376287377 24.1624870704 6.1266277944 3.816773 2.228929 5.000000 4.050224 -0.053945 3.783865 0.971360 2.904945 -3.406615 3.753893 -1.649983 -2.446140 0.298306 -2.215450 0.618820 -1.150005 4.123606 -3.494264 4.121940 1.216501 3.442821 1.355964 -1.034547 3.600561 0.502308 -1.625140 -4.606060 -4.234411 3.089063 0.931651 1.659711 -0.780868 -4.645446 1.694695 3.967051 -3.629394 -0.107028 -0.416801 -2.195831 1.294955
180 363.5586507006 3.0000000000 1.0000000000 1.5254664210 11.0000000000 6.1888124314 0.9782082025 4.7656139670 0.0067829807 4.4405868681 0.0357990570 22.7110764822 -1077.4081970342 24.2336283370 6.1365826543 1.324701 -1.731281 5.000000 2.137353 0.456510 3.171944 0.340990 -1.009277 0.565264 1.823068 -4.278946 -0.716104 -2.660650 -0.325269 -2.764684 -0.235234 3.820726 -0.899456 4.130742 -0.247145 -1.598312 3.390045 1.422380 1.027079 1.500575 -2.080096 -0.016507 0.752276 1.770913 2.177655 0.917423 -4.599093 -4.474529 4.203417 2.563478 -0.528087 -0.161311 1.569634 0.319567 1.577672
1005 140140.7115386180 3.0000000000 1.0000000000 0.6939830758 67.0000000000 5.5998996913 0.8819980756 6.2698742727 0.0241994946 5.5663404926 -0.0065403593 39.3113233960 -538.1063770916 25.1465956661 6.4077261190 0.175826 4.804132 4.041816 0.840632 -1.902415 5.000000 -2.542984 -1.713962 -3.789071 1.121752 -2.700474 2.418516 -1.871850 1.215746 -4.618449 2.657690 -1.264365 -3.709755 2.520882 -0.513102 -1.537974 2.911664 -2.710045 1.252303 -2.275575 -1.568934 -2.838154 -0.067313 0.123188 2.881099 1.385749 -4.812810 -2.547753 2.362642 -0.021473 -0.997391 0.101599 4.400158 2.943681 4.542865
evaluations raw_y rep iid sigma t d_norm d_mean ps_norm ps_mean pc_norm pc_mean ps_squared loglikelihood mhl_norm mhl_mean x0 x1 x2 x3 x4 x5 x6 x7 x8 x9 x10 x11 x12 x13 x14 x15 x16 x17 x18 x19 x20 x21 x22 x23 x24 x25 x26 x27 x28 x29 x30 x31 x32 x33 x34 x35 x36 x37 x38 x39
1 223315.0881825198 4.0000000000 1.0000000000 0.6939830758 67.0000000000 5.5998996913 0.8819980756 6.2698742727 0.0241994946 5.5663404926 -0.0065403593 39.3113233960 -538.1063770916 25.1465956661 6.4077261190 0.101123 0.999903 -1.991818 1.387197 -0.836603 -3.169154 -1.295414 1.197150 0.664500 -2.294953 1.237339 -0.175974 0.850145 0.664506 -2.313633 0.701994 -1.213775 3.093959 1.446683 0.092271 -1.965983 0.108865 0.319786 -2.417896 4.446720 0.788590 3.384715 -2.225624 3.271495 -2.721931 -1.302452 1.084903 0.096012 -4.716147 -2.211168 1.675673 4.175742 1.829682 -0.552407 1.593024
3 56085.1282324338 4.0000000000 1.0000000000 0.6939830758 67.0000000000 5.5998996913 0.8819980756 6.2698742727 0.0241994946 5.5663404926 -0.0065403593 39.3113233960 -538.1063770916 25.1465956661 6.4077261190 -2.194244 -1.056392 -4.759551 -1.215367 -2.150580 4.044810 -1.129751 -3.085858 1.741684 -0.350421 0.097206 0.377292 0.418627 -0.748890 1.909397 1.046495 -0.991637 -0.342929 -1.888737 0.561729 1.476494 1.301506 1.229481 -0.253137 3.157748 -0.414363 0.060134 -0.672360 0.162528 -0.481048 4.064359 0.851693 -3.365930 -0.867773 -2.832455 1.759798 2.749186 -0.902086 1.227065 -0.420313
8 28133.4025216417 4.0000000000 1.0000000000 0.6939830758 67.0000000000 5.5998996913 0.8819980756 6.2698742727 0.0241994946 5.5663404926 -0.0065403593 39.3113233960 -538.1063770916 25.1465956661 6.4077261190 1.703855 -2.066700 -2.492424 2.989114 -1.556844 -0.179769 4.862448 -0.930497 -4.404129 5.000000 2.025159 0.717582 5.000000 -0.150532 2.891866 0.024920 -0.551289 1.265029 1.768776 2.564735 2.389033 -0.997441 -0.161479 3.875743 1.217674 0.195078 2.694858 2.800322 2.579957 -1.092370 -0.769573 1.504269 2.384730 -2.390124 -0.910047 -0.459379 2.014494 -2.166005 5.000000 0.180108
14 16476.8257733302 4.0000000000 1.0000000000 0.6939830758 67.0000000000 5.5998996913 0.8819980756 6.2698742727 0.0241994946 5.5663404926 -0.0065403593 39.3113233960 -538.1063770916 25.1465956661 6.4077261190 0.191050 -0.433071 0.966319 0.661012 2.542311 0.918238 -1.038353 -2.103775 -3.325320 -2.045083 2.281958 -2.759396 0.194570 2.518324 1.249969 3.115222 1.545722 3.186481 -1.054709 -1.557844 3.956269 0.767653 0.260961 -1.041363 3.255388 1.043665 1.070735 -1.198956 0.248072 -0.766460 -0.120049 0.715160 -0.934873 -1.593485 1.635797 -1.939711 2.840003 3.108947 -2.689375 3.264675
19 4041.5333946617 4.0000000000 1.0000000000 1.8941481871 1.0000000000 6.3118087066 0.9979592528 3.3548169795 0.1986945773 2.8450112845 0.1685004929 11.2547969659 -1271.7632725366 26.0157477808 6.6492529845 -0.329950 0.140220 -3.615479 2.378468 0.476241 -0.045112 2.260604 -1.969902 1.463391 -0.880441 1.220439 -2.147289 0.661293 -0.582028 1.317326 0.682916 -0.181453 -0.599109 -1.862122 -1.040804 1.942656 0.359295 4.095077 0.848460 2.041863 5.000000 -1.327362 -2.364904 0.694743 2.106420 -0.292694 -0.714433 -1.525962 -0.286924 -1.175817 0.122282 1.145757 1.017293 -0.471528 -1.344855
54 3897.1193054372 4.0000000000 1.0000000000 1.7349192376 3.0000000000 6.2826625470 0.9933095566 3.9883560613 0.1125169341 3.5138838216 0.1074854806 15.9069840719 -1214.6162700400 26.0436925927 6.5885728567 -2.374638 0.157225 -2.580135 1.950591 0.641665 -2.244824 -0.094684 -3.309417 -1.128369 -0.539713 0.884175 1.310494 3.091183 0.386870 1.891960 0.751422 -0.945993 0.272365 1.614315 1.306280 2.042918 -0.870238 2.180124 2.203328 1.761900 5.000000 0.832547 1.143040 -0.417801 -0.351665 -3.281295 -1.215851 -4.055661 -0.165998 -5.000000 2.180673 0.968916 2.388804 -2.985241 0.318082
60 2398.3862798988 4.0000000000 1.0000000000 1.7349192376 3.0000000000 6.2826625470 0.9933095566 3.9883560613 0.1125169341 3.5138838216 0.1074854806 15.9069840719 -1214.6162700400 26.0436925927 6.5885728567 2.215209 0.434677 -2.349182 1.770169 1.444535 -3.206257 -0.906006 2.719764 -2.322512 -1.515343 0.642955 -1.257961 1.914099 0.152648 1.019227 3.383886 -0.959060 1.433404 3.763116 2.964544 -0.923407 0.069070 1.323492 -2.854538 3.020214 3.535665 -1.096525 -0.610917 0.489926 -1.639111 0.607407 1.902145 -2.583539 -2.534691 -3.874308 2.520860 0.768808 0.468419 -2.588943 -0.776006
68 910.5352320785 4.0000000000 1.0000000000 1.6872301912 4.0000000000 6.2687145337 0.9910813305 4.7831747830 0.0040356375 4.2381387520 0.0188178250 22.8787610044 -1165.1615395975 24.8285805052 6.3510132060 -2.204135 0.067707 -5.000000 2.358553 -0.076590 -1.106037 -3.503271 1.081837 -3.866474 -2.083965 -0.875404 -1.962351 0.066259 -0.974999 0.806676 2.274861 -3.804639 0.215737 -1.432325 3.376865 0.036300 -2.096032 0.343269 0.703819 4.497249 3.632217 -1.394197 0.482644 0.484965 1.182698 -2.503981 2.997385 -3.237017 -1.209915 -5.000000 2.786485 3.064996 0.188525 -2.618596 -1.748223
149 570.8190607346 4.0000000000 1.0000000000 1.5444097803 9.0000000000 6.2059136413 0.9809750551 5.2989637168 -0.0895304642 4.9045182834 -0.0812638896 28.0790164719 -1088.2514795783 24.2383686948 6.1751164841 1.539017 1.006026 -3.451274 3.960727 -0.352165 -5.000000 0.338878 -0.317266 -2.661702 -2.915098 0.344992 -4.505982 0.208031 2.084470 -0.169237 1.708338 -0.273425 3.445393 0.765528 5.000000 -0.252852 0.558386 3.216613 1.192757 3.010827 0.013100 -0.854694 -2.890617 4.293719 0.128666 3.150279 -1.983777 2.892592 -3.057488 -4.220180 2.521855 2.882079 1.832377 -4.383034 -0.789157
525 526.2594893747 4.0000000000 1.0000000000 0.9221865062 34.0000000000 5.9156265292 0.9341169154 5.1209297310 -0.0287798440 4.4763397251 -0.0217180690 26.2239213099 -775.3636927293 25.9219403878 6.5373370479 -4.683071 1.841456 -5.000000 3.180239 0.095955 -0.406858 -1.068961 0.105391 -2.189379 0.171473 -1.369456 -3.062446 2.828836 2.189931 -0.089863 0.823423 -0.697106 2.400557 -0.528488 3.256818 4.120090 -1.617250 -0.121172 -2.282557 2.699650 1.900080 -0.369186 -3.190960 2.922185 -0.329464 4.210457 -4.683958 -2.688301 -1.817664 -3.814455 1.082174 1.350726 2.052057 -3.264994 1.512110
544 502.9773527024 4.0000000000 1.0000000000 0.8811705544 36.0000000000 5.8940081929 0.9306049942 5.0594506769 -0.2443189542 4.4272732549 -0.1971551951 25.5980411518 -711.9131070589 24.5843433321 6.2804352575 -4.291732 2.272404 -4.002321 4.656766 2.572407 -2.276713 0.294720 -0.966732 -2.215187 1.793112 -0.963726 -3.957788 3.290788 0.688212 -1.595063 -0.214894 0.249477 1.703669 -0.328200 5.000000 2.846852 -1.476534 -1.949642 -3.589964 2.923303 2.145879 -0.538673 -3.446986 4.098295 -0.948041 3.580968 -5.000000 -1.961491 -1.317223 -3.824027 -0.140073 1.915572 1.760775 -2.724767 0.838718
703 442.3095074767 4.0000000000 1.0000000000 0.8375959005 46.0000000000 5.7929827991 0.9140240381 6.6815595871 -0.1842725758 6.1680218290 -0.1888345732 44.6432385157 -670.1675003375 24.6962187432 6.2889886817 -3.255393 2.199812 -2.279906 1.351648 3.189994 -3.619523 -0.511938 2.442586 -2.249300 1.395520 0.832557 -3.633943 5.000000 2.687100 -1.206623 0.315066 -0.477678 0.105619 -0.715497 3.065110 1.380413 -2.079077 -0.841352 -2.462768 3.767466 1.186833 -0.868112 -2.979600 2.774630 -0.325663 0.241330 -2.305628 -1.781008 -1.501911 -4.476030 -0.746806 1.542927 -0.009287 -3.554191 -2.505729
720 389.0651252003 4.0000000000 1.0000000000 0.8402972195 47.0000000000 5.7844104641 0.9125717467 6.4587335664 -0.1019872743 6.0631248664 -0.1227968587 41.7152392822 -658.8656440127 24.1722880103 6.1656978906 -3.500033 1.103863 -3.329018 0.915705 2.395245 -4.009761 0.932088 0.905190 -2.742912 2.807126 -1.599132 -4.674018 3.138940 2.716133 -1.558729 1.506808 -0.942889 -0.715819 -2.518736 2.682544 1.754946 -0.549477 0.441885 -3.720310 3.874703 0.762227 -0.602393 -1.642267 2.723844 0.267277 1.450259 -3.041047 -1.274440 -2.407368 -3.283762 -0.062755 1.896375 -0.328201 -3.916962 -1.207959
886 376.4046691117 4.0000000000 1.0000000000 0.7556572459 59.0000000000 5.6657741399 0.8930861384 6.1065754671 0.1038353322 5.3514206720 0.0669922014 37.2902639355 -626.7376788021 26.4456187406 6.7546552722 -3.688660 2.734296 -1.870305 -0.052738 0.622671 -2.605610 1.291663 0.512675 -0.077826 3.294402 2.111899 -3.638348 4.169382 0.810872 -4.498966 1.371788 -1.898026 3.149707 -0.894183 3.201189 1.240481 0.207937 -1.284753 -2.833781 1.885661 0.050184 -0.317697 -1.266456 3.165255 -0.071316 2.858811 -3.513612 -2.337476 -3.775548 -2.672908 -1.081964 2.514043 0.963518 -2.864781 0.155365
990 368.8703685185 4.0000000000 1.0000000000 0.7249813459 65.0000000000 5.6073998794 0.8834917068 5.5961067348 0.0462819764 4.9944513594 0.0337591727 31.3164105870 -584.0222212939 26.1776149570 6.6817873160 -4.403900 0.892519 -0.796503 -0.873953 2.570989 -0.865511 2.820211 0.441213 -1.576381 3.744172 3.446819 -2.742038 3.247823 -0.190308 -2.824674 0.518519 -0.321802 1.971276 0.754474 2.896668 0.749743 -0.177813 -0.750886 -2.931799 2.560135 -1.180288 0.100641 -0.525737 2.599489 0.077660 1.081059 -3.909520 -0.946536 -5.000000 -4.146762 -0.176068 2.343782 2.371973 -2.376822 -0.749159
1005 445842.5225149400 4.0000000000 1.0000000000 0.7255121901 67.0000000000 5.5895167088 0.8805271323 6.3907291949 -0.0317400495 5.6244358619 -0.0116215152 40.8414196430 -561.9449612562 25.3242019532 6.4422662399 -4.250548 1.171804 -1.383994 -1.371691 2.137890 -2.191247 1.993044 -0.535520 -1.055797 2.792017 2.696157 -3.854238 2.943020 -0.867944 -3.164238 0.554402 0.857215 2.360280 0.920203 1.621090 1.211164 -0.459476 -0.659149 -3.517781 2.632704 -1.028254 -0.827409 -0.829506 2.899693 0.722727 1.169294 -4.453156 -1.784726 -3.958835 -3.526595 -0.069202 2.344152 2.372942 -3.829928 -1.323560
evaluations raw_y rep iid sigma t d_norm d_mean ps_norm ps_mean pc_norm pc_mean ps_squared loglikelihood mhl_norm mhl_mean x0 x1 x2 x3 x4 x5 x6 x7 x8 x9 x10 x11 x12 x13 x14 x15 x16 x17 x18 x19 x20 x21 x22 x23 x24 x25 x26 x27 x28 x29 x30 x31 x32 x33 x34 x35 x36 x37 x38 x39
1 4956726.1627264870 5.0000000000 1.0000000000 0.7255121901 67.0000000000 5.5895167088 0.8805271323 6.3907291949 -0.0317400495 5.6244358619 -0.0116215152 40.8414196430 -561.9449612562 25.3242019532 6.4422662399 0.882455 -0.661740 4.861542 -0.504184 0.219220 3.164962 -1.818465 -1.183273 0.375206 -0.659740 -2.385529 -0.409753 -0.717658 1.206943 -3.329577 -1.400358 2.302782 3.714662 -3.022359 1.289695 -1.961216 -1.713706 -1.743758 -0.845016 1.992880 1.424843 0.118288 -0.726622 0.006578 -0.211861 1.586107 -1.263143 -0.012390 -0.202135 -0.104616 0.498435 0.395320 2.669697 -0.173751 3.123065
2 1465606.3738676903 5.0000000000 1.0000000000 0.7255121901 67.0000000000 5.5895167088 0.8805271323 6.3907291949 -0.0317400495 5.6244358619 -0.0116215152 40.8414196430 -561.9449612562 25.3242019532 6.4422662399 -0.611706 -0.955463 0.201476 0.710877 0.539225 2.583927 2.278686 0.988881 -0.672673 -0.201229 2.826796 0.442508 -2.621546 -1.379130 -1.155026 2.304410 -0.214328 4.520214 1.313239 0.249614 -0.871408 1.944359 -0.481422 -1.648247 1.136265 0.025517 2.378121 -0.147187 -5.000000 1.578733 -3.755482 3.077512 3.642729 -0.854063 -2.329404 -2.794148 1.745309 -0.404236 -1.196720 -0.486839
3 532744.2381315182 5.0000000000 1.0000000000 0.7255121901 67.0000000000 5.5895167088 0.8805271323 6.3907291949 -0.0317400495 5.6244358619 -0.0116215152 40.8414196430 -561.9449612562 25.3242019532 6.4422662399 4.177029 0.693839 1.491454 1.553815 2.036842 2.122703 -1.420933 -0.430376 -1.521521 -1.422326 2.283015 -1.003511 -0.158303 -1.385653 -1.186806 1.576476 -0.890860 -0.964240 0.987115 1.000975 1.584845 0.341529 -3.507482 1.260593 0.996658 2.036275 -1.692937 5.000000 -2.464772 1.453907 0.091910 -0.974265 1.632265 -0.562860 -4.671244 -2.334557 0.915316 4.475931 -2.962518 -0.033891
5 45554.5936692937 5.0000000000 1.0000000000 0.7255121901 67.0000000000 5.5895167088 0.8805271323 6.3907291949 -0.0317400495 5.6244358619 -0.0116215152 40.8414196430 -561.9449612562 25.3242019532 6.4422662399 -1.292713 1.097136 0.421085 0.693004 -1.134102 0.827358 -1.020512 1.034519 -0.602010 -2.236813 0.997047 -1.412188 2.887762 0.885913 0.935410 0.202690 -0.118704 -4.773395 2.444341 -1.627824 1.912524 -1.277021 -0.286253 -0.448380 -2.076990 -0.343418 0.952692 -0.828357 -2.528167 -1.146431 0.499635 2.294404 1.671888 0.574807 -1.991193 1.813779 0.048421 -0.479963 1.820221 1.235690
24 22784.5455046746 5.0000000000 1.0000000000 1.8785757585 1.0000000000 6.3097570049 0.9976403911 2.9099424048 0.0407417979 2.4677408721 0.0345505807 8.4677647992 -1277.9104169155 26.4834956461 6.7596992430 0.069695 2.108270 0.844168 2.224039 1.071086 -2.463017 0.726247 -0.980745 0.116538 -1.366518 2.046417 0.438766 1.624316 -0.377984 0.286227 -0.325564 0.200085 -0.648305 5.000000 1.161497 2.236618 -0.087173 0.743537 -0.349278 0.716345 0.407319 3.762734 -0.639078 -2.706261 -1.902612 0.147620 -1.178083 3.446455 -0.788096 -4.253700 2.680524 0.704959 0.658033 0.720635 -0.248780
46 9187.0745744222 5.0000000000 1.0000000000 1.7148072135 3.0000000000 6.2855523607 0.9937704784 4.5770021742 0.2508930661 3.9858928842 0.2171378679 20.9489489030 -1209.1043190863 26.0100168190 6.6754151775 2.246462 1.092479 1.569451 1.018359 -2.492873 0.220200 -0.798845 -2.545307 2.171767 -0.674192 -0.411133 -1.873830 1.552408 -2.489556 1.441397 2.810637 1.083399 -1.114557 4.952777 -3.690754 -2.512987 -2.562018 -0.061324 -1.908281 2.086829 0.303856 0.091212 3.433573 -0.119615 -1.503473 -1.780835 -1.706356 3.391518 -0.848374 -2.897506 1.962103 -0.868498 0.227963 -1.003409 5.000000
57 5971.9780004789 5.0000000000 1.0000000000 1.7148072135 3.0000000000 6.2855523607 0.9937704784 4.5770021742 0.2508930661 3.9858928842 0.2171378679 20.9489489030 -1209.1043190863 26.0100168190 6.6754151775 0.103115 0.015826 0.122923 0.376445 0.215496 2.893661 1.299359 2.313159 -0.763473 -3.061192 0.292638 -0.927059 1.135373 -0.514052 0.652943 0.155536 2.107326 -2.338101 5.000000 0.734001 0.561581 -0.419430 -0.217191 -1.663065 3.173906 2.284473 1.694002 2.159610 4.353212 -0.397335 -1.095623 2.433620 -0.674886 -2.809919 -4.310692 -1.962014 -1.434761 2.772800 1.310367 1.205047
64 735.3426615354 5.0000000000 1.0000000000 1.6569427342 4.0000000000 6.2748563524 0.9920590952 4.4353794890 0.1215051359 3.9159133777 0.1152952285 19.6725912116 -1177.3768730452 25.6573073683 6.5724381271 -1.907860 2.829498 1.797813 -0.686613 -1.460822 0.482889 -0.860942 -0.861574 0.734443 -2.650233 2.362376 0.175742 0.129418 1.230666 -1.749261 0.114946 0.134319 -2.311719 4.698904 -2.838941 -1.993489 -1.565543 -1.343280 -2.367917 3.356808 2.345194 2.314837 3.657500 0.853556 1.945222 -3.065099 -0.217344 2.427775 0.246873 -2.122725 -0.755218 -2.346800 1.068659 1.355835 2.928493
265 622.5772049837 5.0000000000 1.0000000000 1.3017903504 17.0000000000 6.1234107078 0.9676415021 5.5170556090 0.1143410353 5.2127593598 0.1254956324 30.4379025933 -971.7899522715 24.1344763526 6.1482551471 -0.366478 5.000000 4.705187 -0.278406 -2.121474 -1.684274 1.960320 -2.048592 -2.675889 -3.081728 -3.192366 1.206459 2.523413 -1.150375 -0.993228 2.069644 -0.614968 0.318928 2.378830 -2.711213 0.494259 -3.579334 -4.229353 -1.433211 2.735161 1.186746 2.638302 2.741152 2.196238 -0.505362 -0.593197 3.756335 5.000000 1.522869 -4.424428 0.554173 2.957506 0.081178 2.612165 5.000000
696 564.4310943206 5.0000000000 1.0000000000 1.0300574389 46.0000000000 5.8226889162 0.9180578620 5.2631518156 -0.2771020269 4.8454399303 -0.2821678965 27.7007670342 -837.0792452416 26.4284465788 6.7407436271 0.609238 -0.999238 1.503743 -0.577291 1.143864 -2.741173 -1.334770 -2.881199 -1.057668 -4.104431 -0.690132 1.263014 -0.525469 -1.457492 -2.980267 0.414947 -0.708520 -4.443601 -1.661982 -0.871097 -3.620419 -1.734460 -2.950985 1.819031 3.779149 -0.385284 -1.481143 2.020317 1.303944 0.620936 0.333022 2.104303 1.511030 -1.514736 -0.125160 -2.284228 -1.842722 -4.243274 2.490533 2.043919
995 564.1625104995 5.0000000000 1.0000000000 0.9507300033 66.0000000000 5.6360369411 0.8871488146 7.0037403844 -0.1138791638 6.2966814536 -0.1084238139 49.0523793726 -714.2948897863 24.5007978481 6.2803955850 -1.514743 2.330672 3.078351 -1.479933 1.067770 0.881996 -4.189920 -2.574637 -2.569691 -4.944766 -1.696809 4.764536 -1.417285 -5.000000 -2.447647 2.020338 -0.882275 -5.000000 -2.121762 -3.367020 1.584733 -0.690057 -3.068128 1.451888 3.135607 -1.803140 0.959713 2.227977 -5.000000 -3.348328 -3.009147 2.653661 3.480200 -2.505971 -0.991154 -3.158621 4.328419 -4.400096 0.661789 0.667605
1005 337100.7510603009 5.0000000000 1.0000000000 0.9548163173 67.0000000000 5.6275820556 0.8857403936 6.5163399584 -0.1818340257 5.8660189486 -0.1688972151 42.4626864537 -731.7193236932 25.3173908951 6.4011126266 -0.699093 1.622793 3.251427 -0.852496 1.547313 0.531095 -5.000000 -3.382170 -2.539527 -4.691867 -2.945639 4.581008 -2.564897 -4.237813 -1.096814 1.579121 -0.878328 -2.599916 -0.395550 -1.475558 1.725841 3.340947 -2.343784 -0.819354 2.732068 -1.469351 -2.062990 1.296801 -4.844870 -2.834674 -3.230792 3.753294 4.947833 -1.542097 -2.372018 -1.387347 3.493465 -3.904275 0.587782 -0.010450
evaluations raw_y rep iid sigma t d_norm d_mean ps_norm ps_mean pc_norm pc_mean ps_squared loglikelihood mhl_norm mhl_mean x0 x1 x2 x3 x4 x5 x6 x7 x8 x9 x10 x11 x12 x13 x14 x15 x16 x17 x18 x19 x20 x21 x22 x23 x24 x25 x26 x27 x28 x29 x30 x31 x32 x33 x34 x35 x36 x37 x38 x39
1 4549782.3571369182 6.0000000000 1.0000000000 0.9548163173 67.0000000000 5.6275820556 0.8857403936 6.5163399584 -0.1818340257 5.8660189486 -0.1688972151 42.4626864537 -731.7193236932 25.3173908951 6.4011126266 -0.623567 1.458008 0.435642 -1.798184 -4.973561 1.826503 2.254127 -3.028186 3.278582 -0.859787 5.000000 1.203644 -0.671763 2.475476 0.222256 0.258302 0.152255 -0.310256 1.268451 1.621310 0.709617 3.625181 -2.712952 -0.927264 1.649308 -2.352863 3.128979 1.425410 -0.362013 1.068399 -1.173226 -2.963707 1.714495 1.886198 0.228883 -0.043913 -4.254289 -1.668815 -0.931017 0.467421
3 1004707.9371022515 6.0000000000 1.0000000000 0.9548163173 67.0000000000 5.6275820556 0.8857403936 6.5163399584 -0.1818340257 5.8660189486 -0.1688972151 42.4626864537 -731.7193236932 25.3173908951 6.4011126266 0.352581 2.189241 -4.252949 1.502898 -1.081214 1.586445 0.347307 -2.070869 1.748537 -1.479144 1.045891 -1.183753 -0.954974 0.225059 3.809485 1.388306 -0.039163 3.325686 0.061217 -0.594998 -1.936275 0.334133 0.233204 -1.364515 -3.828042 -0.279805 0.229849 -0.790009 -1.906633 -2.145655 -0.968891 2.725876 0.305376 -3.265241 1.286603 -0.895790 4.678068 -0.626646 -0.119235 0.388337
15 121182.2666557880 6.0000000000 1.0000000000 0.9548163173 67.0000000000 5.6275820556 0.8857403936 6.5163399584 -0.1818340257 5.8660189486 -0.1688972151 42.4626864537 -731.7193236932 25.3173908951 6.4011126266 -0.871655 1.443639 -0.272981 1.124385 -1.673267 1.109111 -1.104233 -1.505527 1.909151 -2.460108 0.234434 0.663400 0.492514 0.127548 2.006134 -1.275880 2.967130 2.877568 0.573105 -0.128719 -2.267263 -1.788934 -1.359818 0.379771 3.166912 -3.083853 1.867046 0.360250 0.729547 0.375372 -1.292290 -0.674847 0.221438 2.334913 -0.479585 2.758198 2.316952 -0.399751 0.786499 2.532495
16 118884.1303446353 6.0000000000 1.0000000000 1.8733705225 1.0000000000 6.3097856451 0.9976489251 2.7604160006 0.0636339523 2.3409368438 0.0539639907 7.6198964962 -1264.7461888304 26.0320198983 6.6418049547 1.050477 5.000000 -0.409657 2.025635 -0.018854 -1.177776 1.001085 -1.096395 2.073896 -0.640340 2.929705 -1.644706 3.206791 -0.976554 2.113440 -1.340801 1.952690 -0.409471 -3.017474 1.498649 -0.720390 -0.968502 0.264077 -3.637353 -0.045129 1.236189 -0.169986 3.794611 -1.516886 -3.315977 -1.605896 -0.065433 3.384874 3.398071 -0.705004 -3.361074 3.032704 -0.996190 2.619787 4.821017
18 47316.2434028173 6.0000000000 1.0000000000 1.8733705225 1.0000000000 6.3097856451 0.9976489251 2.7604160006 0.0636339523 2.3409368438 0.0539639907 7.6198964962 -1264.7461888304 26.0320198983 6.6418049547 -2.002442 4.069637 2.512974 0.191446 -0.657708 -2.216661 1.840251 -1.739241 -2.653128 -2.187956 -0.788725 -1.179691 1.333292 -1.809358 1.666066 2.837023 3.552909 -0.394452 -1.529387 0.082912 -0.933095 -0.279997 -0.046304 -1.452997 1.675492 -1.198610 0.996204 -4.068671 -0.108768 2.103748 -1.543751 1.384774 -2.468891 -1.689924 1.973519 -0.423871 1.576005 -2.147230 -0.493763 -0.209479
28 25762.3684335945 6.0000000000 1.0000000000 1.8733705225 1.0000000000 6.3097856451 0.9976489251 2.7604160006 0.0636339523 2.3409368438 0.0539639907 7.6198964962 -1264.7461888304 26.0320198983 6.6418049547 -2.690674 -0.448552 2.036301 3.177416 -0.448967 0.994839 -0.203020 -1.678997 3.358449 -1.323226 1.526152 -2.086970 2.313577 -4.488731 2.416650 0.769088 2.316811 3.806910 -1.486413 -0.513860 -5.000000 -2.699653 -1.217598 1.626766 0.662007 0.137129 3.182395 0.189951 2.631724 2.279298 -0.136318 -0.379424 -0.495343 -0.282835 -0.148145 2.456089 2.664854 -1.131878 -0.010933 0.481078
50 6290.8318883295 6.0000000000 1.0000000000 1.7300176241 3.0000000000 6.2853027719 0.9937371488 4.2646980240 -0.0972403625 3.7224895175 -0.0777338994 18.1876492361 -1236.7142194857 26.8945447915 6.8435475248 -2.621705 3.466651 1.800897 2.093716 -0.193229 -0.954033 -2.295915 -2.185133 0.699756 -4.116187 1.525145 -1.059712 1.824908 -2.065620 -0.979815 0.192262 0.720611 -1.123709 -1.685681 -0.367102 -4.607556 -0.050447 -0.059291 0.040570 -1.515368 1.077344 -0.140297 -1.779458 0.148473 0.213899 -0.425327 -1.289351 -0.897249 2.280672 -0.440949 -2.857527 1.629406 2.016626 1.990568 0.827196
91 4738.1584561057 6.0000000000 1.0000000000 1.5451702401 6.0000000000 6.2442815682 0.9871951225 4.2971674630 0.0850419629 3.8710928647 0.0710070413 18.4656482054 -1121.9061322331 25.3038134239 6.4670830263 -2.999999 0.723792 2.634190 2.603735 -2.821554 -3.410863 1.958045 -2.027976 -1.579652 -5.000000 -0.650163 -1.413534 0.263616 -1.717311 0.116654 -3.051313 2.589617 3.552996 -2.335668 0.841241 -1.833850 0.402585 -2.294882 -0.574327 -1.373607 0.256749 1.720266 -0.775954 -1.316769 0.264332 -1.190058 1.544152 0.790053 1.357847 -2.672836 2.573790 2.304207 -3.338191 4.141794 -0.247903
123 1415.6028803512 6.0000000000 1.0000000000 1.4535902929 8.0000000000 6.2192141336 0.9831730764 4.3439647818 -0.0382936862 4.0023632063 -0.0330151139 18.8700300258 -1106.3635949309 26.3428181579 6.7150740613 0.137088 3.737356 0.369204 2.870776 -2.366783 -5.000000 -0.479795 -1.470024 -0.143606 -3.442149 -1.702944 -0.770005 2.629235 1.926194 3.002662 -3.845863 0.794754 4.628087 -1.848735 0.171869 -2.974468 0.923120 -4.916826 -2.092246 -1.199560 1.231258 2.587794 -1.208897 -0.295137 -1.334515 -0.381454 3.111201 0.275405 1.715260 -0.569136 -0.761842 1.567369 -0.814457 4.021656 -2.281718
154 544.7698473025 6.0000000000 1.0000000000 1.4210700489 10.0000000000 6.1974905709 0.9796687358 5.8653113907 0.0100459438 5.3426399923 0.0043679201 34.4018777096 -1070.2823473171 25.5495331992 6.5459449451 0.104156 1.770014 1.130749 4.739216 -3.427981 -5.000000 0.045362 -0.950913 0.732551 -1.775635 2.584005 -0.826065 2.878624 0.311997 0.522956 -3.010953 2.821756 5.000000 -1.501919 -0.695693 -3.319166 0.474901 -2.653239 -2.371982 -0.559908 0.391556 1.884248 1.531324 2.084373 -0.687908 -1.381527 1.271474 0.957328 3.882368 -0.230718 -0.061497 3.051887 -2.529471 3.096591 -0.220160
273 443.0072631548 6.0000000000 1.0000000000 1.2471793960 18.0000000000 6.1172514501 0.9666444823 4.6378682310 0.0272414704 4.3217843076 0.0548943425 21.5098217282 -994.0896532204 26.0875827047 6.6643845501 -0.351671 1.807330 1.770345 2.119122 -1.940516 -2.468083 2.113217 0.967972 3.622270 -1.422057 2.456721 -0.035118 2.125423 1.926854 2.233242 -4.413747 3.070451 4.253102 -1.874192 -2.982272 1.010255 -0.315584 -2.525325 -4.013975 -0.225449 -1.315752 2.905107 2.414794 3.185579 -0.383779 0.353896 4.011562 1.966846 2.552584 -1.484724 -1.470232 3.019559 -2.814121 3.494602 -1.477007
1005 468040.6499422303 6.0000000000 1.0000000000 0.7880274381 67.0000000000 5.6180145755 0.8849431813 6.3110017278 -0.0318023159 5.1964411110 -0.0347816199 39.8287428083 -626.9728912812 25.7132607803 6.5358376514 3.225053 1.172313 1.065487 2.519248 -1.679648 -4.059586 0.292082 -3.213737 -2.398276 -4.374462 -1.653782 4.322922 5.000000 0.672799 2.535272 -1.875996 3.745605 1.481886 0.117903 -2.114971 3.466079 3.146112 0.652891 -1.011504 3.427132 0.536291 -2.003260 1.768805 0.830431 -0.281589 1.192096 0.013555 3.217042 -3.542713 1.034973 -1.894055 2.901109 -0.275614 1.355281 -0.189254
evaluations raw_y rep iid sigma t d_norm d_mean ps_norm ps_mean pc_norm pc_mean ps_squared loglikelihood mhl_norm mhl_mean x0 x1 x2 x3 x4 x5 x6 x7 x8 x9 x10 x11 x12 x13 x14 x15 x16 x17 x18 x19 x20 x21 x22 x23 x24 x25 x26 x27 x28 x29 x30 x31 x32 x33 x34 x35 x36 x37 x38 x39
1 2378076.0322790742 7.0000000000 1.0000000000 0.7880274381 67.0000000000 5.6180145755 0.8849431813 6.3110017278 -0.0318023159 5.1964411110 -0.0347816199 39.8287428083 -626.9728912812 25.7132607803 6.5358376514 3.381051 -0.931875 0.065640 0.815033 -1.577846 0.004131 -0.001781 -3.509449 2.035316 1.200997 -1.250858 -0.343097 1.010599 -0.522713 -0.485498 -2.906483 1.109161 0.247762 0.548920 -3.053049 3.301399 0.308671 -0.774280 4.058144 -0.090772 -2.901357 -0.810456 -4.576630 2.098793 -0.832949 -1.485107 2.144940 -3.302151 1.070859 -4.128830 -1.324319 -2.408440 2.923951 3.532322 -0.658828
5 376480.4476657855 7.0000000000 1.0000000000 0.7880274381 67.0000000000 5.6180145755 0.8849431813 6.3110017278 -0.0318023159 5.1964411110 -0.0347816199 39.8287428083 -626.9728912812 25.7132607803 6.5358376514 -1.858648 0.823594 3.720111 -2.994547 0.952675 2.224581 -1.393182 1.165941 -2.141785 -1.624417 -1.634160 0.384615 -0.181963 1.908230 -1.880558 -0.262551 1.922153 1.121554 -2.649283 1.330407 -0.956836 0.770773 0.601361 2.438638 0.233120 -3.707612 -2.739719 1.462309 -0.516633 2.275958 0.546878 -1.498131 2.164814 -1.614795 -4.105271 4.127591 -3.821498 1.272826 1.877704 0.294132
11 247734.4916593105 7.0000000000 1.0000000000 0.7880274381 67.0000000000 5.6180145755 0.8849431813 6.3110017278 -0.0318023159 5.1964411110 -0.0347816199 39.8287428083 -626.9728912812 25.7132607803 6.5358376514 -0.120003 1.575371 -2.863408 0.867819 0.277820 -3.236538 2.674640 -1.408154 1.366457 -0.839870 1.987086 2.624524 -1.660099 -3.060797 -0.262820 1.697833 -0.742624 -1.227047 0.976565 -5.000000 -1.329431 -2.767593 0.589627 -1.472499 -2.230335 -0.707662 -2.936817 -0.026247 -1.364745 -0.754838 -1.434276 1.824526 -0.217707 1.049024 0.959571 -1.612302 1.139947 0.698217 0.627297 -0.797387
14 184896.1462087602 7.0000000000 1.0000000000 0.7880274381 67.0000000000 5.6180145755 0.8849431813 6.3110017278 -0.0318023159 5.1964411110 -0.0347816199 39.8287428083 -626.9728912812 25.7132607803 6.5358376514 -2.565221 3.352615 -1.494779 -1.565166 0.615516 2.901169 2.647952 -0.975639 0.510856 0.298591 1.059789 0.511409 -1.887657 -2.520380 0.351311 -2.367076 2.726447 0.079860 -2.052155 -0.643270 -1.014615 -0.262480 1.891698 -2.888856 -3.735153 0.676102 -0.354566 0.326450 0.889093 -0.362097 1.599379 -1.786003 0.128755 -1.661524 -2.259811 1.230898 1.138106 -3.883960 -2.243998 0.583969
17 128866.0732978627 7.0000000000 1.0000000000 1.8723520741 1.0000000000 6.3102442816 0.9977191450 2.7311113055 -0.0108914421 2.3160853575 -0.0092363536 7.4589689628 -1268.7838590292 26.1935626734 6.6900649654 -2.029786 3.979171 0.963979 -2.666758 -0.492031 1.241783 2.516853 -2.347073 -0.352927 -2.418162 -1.530983 0.518607 1.930345 2.247542 1.608261 0.305706 2.631034 2.332064 0.629423 -1.109677 -1.757724 -2.482868 1.023321 -0.918030 0.238583 -1.242158 3.551962 0.406566 3.005582 -2.170619 0.208131 0.822941 0.315820 -1.322414 -3.709390 0.109620 -1.877403 -0.058706 1.629492 -0.564887
18 25193.5134906537 7.0000000000 1.0000000000 1.8723520741 1.0000000000 6.3102442816 0.9977191450 2.7311113055 -0.0108914421 2.3160853575 -0.0092363536 7.4589689628 -1268.7838590292 26.1935626734 6.6900649654 1.464810 0.561001 0.103512 -2.082123 -0.378345 0.666835 2.691411 -2.991896 -0.220165 1.326208 -2.493665 1.404580 0.046889 0.329701 -1.862821 -3.133443 -1.556437 1.775380 -0.054591 1.388585 1.968458 0.824993 3.962230 1.744695 0.259285 -5.000000 -3.315767 1.432948 0.404057 0.591415 2.735749 0.551931 -0.013534 1.828661 0.121917 -0.930988 -3.453544 0.392542 -2.653956 2.917134
21 10648.0858447876 7.0000000000 1.0000000000 1.8723520741 1.0000000000 6.3102442816 0.9977191450 2.7311113055 -0.0108914421 2.3160853575 -0.0092363536 7.4589689628 -1268.7838590292 26.1935626734 6.6900649654 -0.931956 1.581090 1.020612 -1.743497 1.434353 3.581387 0.531170 1.479500 -0.587790 -2.347979 -1.079369 0.529410 -0.245194 1.058702 1.154773 -1.950651 1.942061 2.572812 -0.182844 -0.430876 -0.297359 -0.725620 0.039626 0.392936 2.296108 -1.381415 0.784479 -0.760079 0.077757 -1.503585 0.741741 1.433012 2.289776 -0.813571 -0.197952 -1.305096 1.770337 1.444080 -0.205647 -0.582547
60 6177.4368470750 7.0000000000 1.0000000000 1.6982935885 3.0000000000 6.2836882974 0.9934709316 4.0071224084 0.0538393797 3.4930096603 0.0493142697 16.0570299963 -1226.9058111340 26.9610374768 6.8986489899 -2.528322 5.000000 1.642745 -3.227381 -0.077793 -1.381684 1.405347 -2.116473 0.727418 -1.116294 0.039564 -2.413154 -0.859162 3.101003 -0.358565 -1.203917 2.986998 2.152780 -2.022326 -1.863267 3.517118 -3.035879 0.405573 3.154591 0.220306 -1.724454 -2.368219 1.169311 1.119279 -0.920074 3.781153 -0.281411 0.855439 -1.471468 -2.799256 -1.600087 -0.085985 -0.542415 -0.088440 -0.583831
77 1323.3095523566 7.0000000000 1.0000000000 1.6051322600 5.0000000000 6.2587424171 0.9894777658 4.8883693069 0.0399323538 4.3845291584 0.0383021094 23.8961544806 -1172.1188902789 26.3019305433 6.7324224186 -0.058631 4.280379 -0.634354 -5.000000 0.280297 1.911430 1.907610 2.053688 -0.872344 -1.662350 0.371711 1.919788 1.681114 2.687988 0.076907 -1.332834 2.757451 3.717059 0.402846 0.351617 1.086161 1.891579 -1.658278 0.652789 3.480822 -1.158862 -1.049469 3.235882 1.588096 -1.350111 4.122465 5.000000 2.661090 0.177288 -3.910585 -1.829793 -1.679592 -0.531445 -2.593768 -0.749025
92 899.3396356600 7.0000000000 1.0000000000 1.5698403512 6.0000000000 6.2459574748 0.9874329617 5.0871322254 0.1249396435 4.6326160811 0.1110301385 25.8789142787 -1125.3961578211 25.1063937440 6.4038420437 -0.419935 5.000000 -0.777645 -5.000000 -0.502328 5.000000 0.370075 0.216268 -1.351013 -0.245928 -0.330877 -0.242445 4.708222 3.461833 -1.766334 -2.431260 0.203510 3.339571 -3.011890 0.717410 3.464076 -0.005968 -0.984355 0.683519 5.000000 -1.699199 0.380712 2.378926 -1.886088 1.566426 3.357512 5.000000 2.085731 3.570123 -2.097556 -5.000000 1.762196 -0.298941 -0.077478 -4.221938
221 625.8643975184 7.0000000000 1.0000000000 1.3928759250 14.0000000000 6.1555114668 0.9727292613 4.8529405624 0.1141810524 4.5941633817 0.1125029472 23.5510321022 -1003.3876883254 23.5842333698 5.9703214331 1.480362 2.886264 -0.500580 -4.542462 -0.380466 4.324996 3.425636 -1.522347 -1.585927 0.474403 -4.464750 0.291096 3.570549 4.740608 0.136000 -4.901242 0.626892 1.797137 -2.478946 1.994426 3.033567 -1.076652 2.184768 -0.111620 5.000000 -1.929985 -4.394854 -0.952495 0.529581 -1.974379 1.266669 3.273643 2.686116 3.590740 -0.660715 0.033177 -0.679109 0.847948 2.656130 -2.318538
360 618.0489251450 7.0000000000 1.0000000000 1.2200781935 23.0000000000 6.0591576262 0.9570689434 5.2994856373 -0.1051008936 4.6947637484 -0.0581576498 28.0845480201 -912.4660284145 23.6766863023 6.0595870213 2.242498 1.649052 -0.268884 -2.917779 -1.944810 2.480820 2.900589 -2.906173 -0.444556 0.504457 -0.281930 3.365276 1.886144 0.039396 0.797682 -4.880184 -0.419450 3.588407 -2.608743 0.794209 3.723224 2.456976 -1.552037 2.348647 4.257744 -3.343144 -2.444243 1.366237 -1.553330 -1.768246 1.564346 5.000000 -1.247545 5.000000 1.280658 -0.584901 -1.180357 1.473701 0.270559 -0.511714
468 427.1246782260 7.0000000000 1.0000000000 1.0303503100 31.0000000000 5.9667613350 0.9421556705 5.0281574083 0.0710896585 4.4603961608 0.0829314905 25.2823669225 -841.1899181743 25.5884326902 6.5359457924 1.868346 2.477413 0.622450 -1.982528 -1.982657 3.373908 2.867113 -2.331572 0.627481 -1.705536 -0.702382 2.255338 2.787411 1.991886 0.089750 -2.582813 1.658266 4.648283 -1.928313 1.557040 2.758495 0.144777 1.483984 3.246099 3.234253 -0.501848 -3.011003 0.069298 1.613117 -0.801395 3.701368 1.376925 -1.973939 3.138685 0.996117 0.963885 -0.383158 1.538252 -1.406675 -1.785542
725 378.1870342618 7.0000000000 1.0000000000 0.8718174753 48.0000000000 5.7902479958 0.9132744978 5.5889767937 0.0654315892 5.2662541036 0.0752260913 31.2366616007 -730.5170202167 26.2550029563 6.7117677316 0.718072 0.471734 -2.433138 0.805049 -2.854058 0.168924 2.953626 -0.145341 -1.115309 -0.527155 -1.086612 1.244989 4.499964 1.468791 0.558967 -3.220949 3.365188 0.162642 1.312486 1.862067 3.016456 2.286881 2.598428 3.740491 3.844012 -0.240634 -1.363851 0.389702 3.434215 2.066590 2.505081 1.692339 -1.208248 4.396976 -0.765472 1.094571 -1.861004 -0.504924 0.155805 -0.660570
1005 2525735.3484407035 7.0000000000 1.0000000000 0.7648235534 67.0000000000 5.6091036774 0.8835355035 5.9794692066 0.0690643002 5.0160287016 0.0440101814 35.7540519922 -562.7720308383 23.6739047681 6.0515277812 3.828823 -0.995071 -1.856548 0.896096 -2.982387 3.239932 1.402937 -2.581303 -2.232919 -2.317482 -2.782410 1.574976 4.234379 1.883041 -1.199597 -3.609975 2.984534 1.273948 0.012691 0.421512 1.676425 0.792267 1.275235 3.396542 4.532616 0.231019 -2.946024 0.373114 3.505636 -2.170309 1.770027 4.021547 -1.862841 2.212255 0.530708 1.499132 -3.061968 -1.238593 1.606645 0.745615
evaluations raw_y rep iid sigma t d_norm d_mean ps_norm ps_mean pc_norm pc_mean ps_squared loglikelihood mhl_norm mhl_mean x0 x1 x2 x3 x4 x5 x6 x7 x8 x9 x10 x11 x12 x13 x14 x15 x16 x17 x18 x19 x20 x21 x22 x23 x24 x25 x26 x27 x28 x29 x30 x31 x32 x33 x34 x35 x36 x37 x38 x39
1 11425543.1084732600 8.0000000000 1.0000000000 0.7648235534 67.0000000000 5.6091036774 0.8835355035 5.9794692066 0.0690643002 5.0160287016 0.0440101814 35.7540519922 -562.7720308383 23.6739047681 6.0515277812 0.182409 2.182565 -3.893941 -2.772699 -4.592983 4.819669 3.455672 4.409113 1.589655 1.952842 -2.366854 3.832727 -2.246654 -1.328071 -0.756717 -1.583231 1.719096 -0.461578 -0.131322 -0.417272 2.693737 -1.213906 -0.348496 0.848103 -3.291980 -0.967082 1.070937 2.332281 0.323366 -1.345668 2.885048 -0.442961 0.062529 0.363859 -0.125857 -1.083137 0.949037 -2.329182 -1.001819 -0.817122
2 3011608.4172780416 8.0000000000 1.0000000000 0.7648235534 67.0000000000 5.6091036774 0.8835355035 5.9794692066 0.0690643002 5.0160287016 0.0440101814 35.7540519922 -562.7720308383 23.6739047681 6.0515277812 -1.868697 0.169020 0.287382 0.151099 -0.311290 1.101700 3.404060 2.012187 -5.000000 2.279067 -3.739599 -3.558226 0.255526 -2.702036 3.107934 1.393932 -1.622922 -3.286502 0.661318 2.449913 0.192343 3.753631 1.067561 1.596720 -0.612149 0.755948 -0.452956 -3.771489 4.945022 -0.293713 0.231298 2.660861 0.219189 0.430958 0.858140 -2.302531 3.049507 0.721072 -1.221786 1.860492
4 2065174.0327130326 8.0000000000 1.0000000000 0.7648235534 67.0000000000 5.6091036774 0.8835355035 5.9794692066 0.0690643002 5.0160287016 0.0440101814 35.7540519922 -562.7720308383 23.6739047681 6.0515277812 -4.790426 2.308033 3.376190 0.447571 -0.403231 0.999290 -0.362676 -3.499631 -2.420834 0.848483 -0.777603 -3.113072 -2.878418 1.897855 -3.053064 2.273740 0.969051 -2.003673 -0.636910 0.316252 0.721720 0.510917 2.852116 1.854501 -1.021127 -0.343134 -1.820792 -1.045762 0.147980 -4.693566 0.199492 -0.092760 -0.495272 -2.610738 -1.152598 -1.528941 -0.121499 -4.868965 -0.661973 0.945283
5 54745.0909613410 8.0000000000 1.0000000000 0.7648235534 67.0000000000 5.6091036774 0.8835355035 5.9794692066 0.0690643002 5.0160287016 0.0440101814 35.7540519922 -562.7720308383 23.6739047681 6.0515277812 -1.770337 -1.888053 1.469147 5.000000 1.223516 1.315321 0.092092 1.540525 1.186105 -1.866887 0.750866 1.839582 -1.428275 0.749012 2.514398 1.952207 -0.044436 4.131873 2.063813 -0.498669 -3.938112 -0.653937 0.267878 -0.762379 0.049650 3.276221 1.639366 2.692990 -2.749530 0.019262 2.662867 -1.655156 3.869885 -2.549785 -1.313775 3.026456 -4.368461 1.597821 -2.549177 -2.345887
8 4186.1856486198 8.0000000000 1.0000000000 0.7648235534 67.0000000000 5.6091036774 0.8835355035 5.9794692066 0.0690643002 5.0160287016 0.0440101814 35.7540519922 -562.7720308383 23.6739047681 6.0515277812 -0.176817 -1.680090 1.689648 1.226065 -1.962392 -1.064320 3.447678 -1.372968 -4.157219 -0.645406 0.266598 1.396420 -0.821346 3.918334 -0.988720 0.376310 2.192452 0.148215 -4.829007 1.416393 0.510029 -1.368858 2.295795 2.131873 -1.074542 -2.953132 -3.616770 -0.379325 -1.184647 -0.289607 -5.000000 -0.040481 -2.528541 -0.803672 4.412559 -0.065389 1.975292 0.741982 1.433113 0.285129
16 3663.7594793585 8.0000000000 1.0000000000 1.8796919719 1.0000000000 6.3114214439 0.9978939309 2.9419529689 0.0332284089 2.4948870374 0.0281789436 8.6550872711 -1319.4899454726 27.9629007394 7.1657730322 -1.608321 -0.428551 2.186207 1.017110 -4.079653 0.182751 1.105515 0.522672 -2.992189 0.724118 5.000000 2.622189 -1.018346 2.780219 0.734742 -0.130987 -2.932391 0.146251 0.033936 0.295923 -2.495434 -0.559593 1.386823 0.116251 -0.610664 0.728013 -1.231604 -2.671783 -2.900690 -0.254479 -0.171365 -0.281945 -5.000000 -3.489235 2.559807 -1.322252 -0.503606 1.983615 0.274610 -0.341429
72 3646.4145500406 8.0000000000 1.0000000000 1.7073760014 4.0000000000 6.2734381671 0.9918170482 5.2401141231 0.1133389496 4.6206035779 0.0975956024 27.4587960230 -1190.2471492541 25.4691009631 6.5213553202 -0.396154 1.141839 1.709350 3.841695 -0.678394 0.043686 0.196282 1.815426 -2.263275 -0.427073 3.666173 0.244438 1.520863 1.486623 3.434565 -0.472806 0.445952 0.541283 -2.354019 4.766009 1.330215 0.475266 1.598978 -0.834905 -0.239816 2.437671 1.765926 -2.422731 -2.088608 -3.400815 0.684678 -2.739164 -3.217169 -1.309032 -0.327726 1.027699 0.760244 0.311370 -2.092306 3.259705
116 447.2561817527 8.0000000000 1.0000000000 1.6036583257 7.0000000000 6.2367869533 0.9859275255 5.1755894717 -0.0014298253 4.8061656189 0.0027856377 26.7867263791 -1161.2252731256 26.0713661074 6.6290137164 -2.077425 -1.468085 2.129494 3.202987 1.588427 1.690059 0.292281 4.169026 -4.105841 -3.757056 -0.114170 1.830212 0.503556 2.039375 4.293474 -1.420754 -1.796459 1.384032 -2.522959 2.763706 0.504184 0.562607 -0.581138 -0.664446 -2.200873 2.881949 3.316004 -1.181882 -0.762097 -5.000000 4.005377 -1.010819 -1.802803 1.674769 0.967631 1.939366 -1.821520 2.111743 -3.136100 3.273358
319 362.5122560080 8.0000000000 1.0000000000 1.2994063597 21.0000000000 6.0790234460 0.9603824042 5.4506301718 0.0095137704 5.1144322886 0.0214832361 29.7093692702 -989.3169457748 25.2142494131 6.4421840898 2.506685 -1.596392 1.023121 1.290840 1.385989 -1.861382 1.921486 4.607205 -1.793432 -1.023942 -1.823616 1.321198 -0.587459 2.331658 0.370026 -0.131620 -0.446717 -0.597405 2.549480 2.934053 -0.019535 -0.453240 -3.264942 -2.103627 -3.661254 -1.961719 1.974383 -1.824686 -4.489205 -2.434377 2.865711 4.036266 -4.347410 0.583202 1.940133 4.428156 -4.485656 0.899719 -0.094599 4.679559
1005 3624.4165930496 8.0000000000 1.0000000000 0.7613828425 67.0000000000 5.6126840801 0.8839898772 6.2899787078 0.1314631128 5.6925748609 0.0731618505 39.5638321451 -612.9134986950 26.1203477619 6.6532317679 0.934827 -1.000257 2.302977 0.653651 1.668818 -4.087825 4.287020 3.922802 0.777232 3.180563 0.328231 -2.937743 3.434040 -1.260102 -0.857335 -1.813860 1.759309 0.155286 2.351598 -1.637538 -0.177639 0.291688 -1.507041 -3.225360 -2.095653 3.328340 -3.444398 1.713377 -0.013040 -4.031922 -0.226216 0.701917 -0.943164 -0.661150 -3.916000 1.275560 -0.767774 0.262315 -1.518733 2.058687
evaluations raw_y rep iid sigma t d_norm d_mean ps_norm ps_mean pc_norm pc_mean ps_squared loglikelihood mhl_norm mhl_mean x0 x1 x2 x3 x4 x5 x6 x7 x8 x9 x10 x11 x12 x13 x14 x15 x16 x17 x18 x19 x20 x21 x22 x23 x24 x25 x26 x27 x28 x29 x30 x31 x32 x33 x34 x35 x36 x37 x38 x39
1 1399973.7102440344 9.0000000000 1.0000000000 0.7613828425 67.0000000000 5.6126840801 0.8839898772 6.2899787078 0.1314631128 5.6925748609 0.0731618505 39.5638321451 -612.9134986950 26.1203477619 6.6532317679 0.002217 -0.579088 -2.232133 -0.025766 -0.756723 -0.962271 -3.034662 -0.981744 -0.481361 -1.295895 1.271782 3.480235 0.593364 1.415007 3.645632 0.861538 3.085459 -1.801442 -0.274250 2.595158 1.350542 0.063916 1.836292 0.761019 1.032735 -0.710479 0.417554 0.656822 -0.996450 -4.183554 -0.165175 4.910365 -5.000000 -1.826559 -0.454629 0.538631 2.260923 2.084795 2.607621 2.778801
3 406.4331554083 9.0000000000 1.0000000000 0.7613828425 67.0000000000 5.6126840801 0.8839898772 6.2899787078 0.1314631128 5.6925748609 0.0731618505 39.5638321451 -612.9134986950 26.1203477619 6.6532317679 -0.931637 -0.554879 0.070999 1.696442 0.325997 2.417247 1.005042 -3.167644 2.046067 -1.306035 1.074090 -0.015954 1.849568 0.093217 0.284040 -3.307323 2.735984 0.050212 -0.790965 2.568775 1.122554 0.479451 0.959798 0.123506 -2.141025 -2.546420 1.840152 2.109837 1.080576 0.618127 1.941722 2.309448 0.845218 1.998418 1.767040 -1.060398 1.628270 -2.039768 -4.516474 1.359910
189 400.0450162167 9.0000000000 1.0000000000 1.3358714592 12.0000000000 6.1662408253 0.9746401725 5.7317773887 -0.0390525784 5.2718346547 -0.0199726695 32.8532720331 -1034.1031318831 25.7986469378 6.5908469108 2.100043 1.642023 1.922865 2.015522 3.929914 -2.702196 -1.006952 2.790177 -1.783633 -0.999843 1.817555 3.260055 -1.461833 -0.079741 -2.461258 -3.591912 -0.505550 0.572716 0.949402 -4.547872 3.005570 -1.393385 1.040458 -0.521048 -4.571891 -0.385494 2.984464 0.524816 -3.613498 -5.000000 -1.294775 -1.302190 5.000000 1.994375 3.409260 -0.428084 3.015720 -5.000000 1.780792 1.850518
531 367.0917828386 9.0000000000 1.0000000000 0.8579650441 35.0000000000 5.9069636382 0.9327559112 4.4390713677 -0.0255140303 3.8959097204 -0.0322693197 19.7053546073 -709.2292616833 25.0523696837 6.3605042804 0.003786 -1.415628 0.244785 3.014295 1.669471 -0.843292 -3.165475 1.551282 -0.527733 -0.718111 1.519956 2.519551 -1.685186 3.563582 0.002382 -1.454618 4.440392 -0.483516 2.635842 -2.532721 0.737515 -0.031472 2.904179 -3.089225 -0.630831 -4.618880 2.460346 -0.911775 -3.202167 -3.255698 -1.868754 -0.306478 3.603596 2.982715 0.832287 -2.943835 4.318180 -4.628155 -3.919891 4.376830
1005 4421.6778761119 9.0000000000 1.0000000000 0.6004482294 67.0000000000 5.5880792187 0.8804902309 7.7244796964 -0.2642178358 6.8661950855 -0.2273888190 59.6675865803 -431.2821694564 24.5075163058 6.2562757876 -2.504345 2.444444 0.841511 0.687382 3.621935 -0.198196 -2.529026 0.095486 -0.115772 -1.281520 -1.781867 4.305315 -2.466109 3.515195 0.595595 0.278855 5.000000 -1.385034 2.530310 -3.174170 -2.119180 -3.767469 3.756840 -3.204446 -1.663553 -4.904481 2.801133 -4.712817 -4.624620 -1.395698 -2.657848 1.841908 -0.931129 2.674536 0.537716 -2.823536 3.402599 -1.565660 -2.630634 1.476468
evaluations raw_y rep iid sigma t d_norm d_mean ps_norm ps_mean pc_norm pc_mean ps_squared loglikelihood mhl_norm mhl_mean x0 x1 x2 x3 x4 x5 x6 x7 x8 x9 x10 x11 x12 x13 x14 x15 x16 x17 x18 x19 x20 x21 x22 x23 x24 x25 x26 x27 x28 x29 x30 x31 x32 x33 x34 x35 x36 x37 x38 x39
1 419170.7125732662 10.0000000000 1.0000000000 0.6004482294 67.0000000000 5.5880792187 0.8804902309 7.7244796964 -0.2642178358 6.8661950855 -0.2273888190 59.6675865803 -431.2821694564 24.5075163058 6.2562757876 2.663173 1.430558 -3.090801 -0.016768 1.242672 -1.440171 0.531023 0.217097 0.008583 -0.349200 0.866052 2.406075 -1.930131 2.056548 0.457260 0.890275 -2.273204 0.270274 2.969074 -2.159610 -3.955457 -3.486745 0.532140 4.769935 2.247383 3.345244 0.198298 2.795993 -0.542496 1.226408 -0.534634 -1.098618 0.265417 -0.952284 2.616946 0.390027 0.800420 -0.675265 2.512945 -1.463939
5 45020.1418044568 10.0000000000 1.0000000000 0.6004482294 67.0000000000 5.5880792187 0.8804902309 7.7244796964 -0.2642178358 6.8661950855 -0.2273888190 59.6675865803 -431.2821694564 24.5075163058 6.2562757876 2.436298 -0.113041 0.921777 1.324748 -4.590207 -2.391859 -0.666202 -1.582782 0.548346 -1.029820 -3.422142 1.224595 2.200259 1.128705 -1.425599 -0.521719 1.096856 1.206398 2.013722 -0.588852 -2.841761 -1.357894 1.067770 1.487949 4.450099 0.234363 0.489229 -0.354598 -0.811459 1.563550 0.706955 -0.414559 -2.159395 -0.246140 -0.781964 2.510347 1.894252 -2.044621 2.334337 -1.143954
9 13085.4201537257 10.0000000000 1.0000000000 0.6004482294 67.0000000000 5.5880792187 0.8804902309 7.7244796964 -0.2642178358 6.8661950855 -0.2273888190 59.6675865803 -431.2821694564 24.5075163058 6.2562757876 2.202272 0.744245 -1.766922 2.316103 -2.407307 0.419678 -1.782374 -1.565375 2.159461 -0.925682 -3.030151 -1.077437 1.513244 -1.458798 2.429565 2.016566 0.146566 2.347465 3.725903 -3.967273 2.313378 1.218565 -0.646402 1.328291 0.793452 -1.152234 2.976437 0.280494 2.376634 -0.491491 -3.271173 0.489596 -0.470164 -2.521656 -3.383936 1.232902 2.539383 2.794676 1.068450 0.008204
32 4931.7716875578 10.0000000000 1.0000000000 1.8143900629 2.0000000000 6.2996778700 0.9960290643 4.0808346089 0.0633717733 3.5226716693 0.0569080797 16.6532111049 -1233.2162387313 25.5980731220 6.5163907169 2.450418 -0.613169 -0.351117 0.773415 -1.210921 -4.001398 0.274447 0.414773 3.206164 -0.298322 -1.360645 -3.634345 0.178055 -0.312255 0.689536 -0.811175 -1.826971 1.034891 -0.951881 -2.292334 3.694162 0.977183 2.370666 4.854956 0.598971 -3.552836 0.914425 -0.983536 0.735705 -0.199698 -1.398194 -0.430738 5.000000 -3.181791 0.188048 2.775027 1.592811 -2.726434 -2.031590 2.346027
36 3074.7367740380 10.0000000000 1.0000000000 1.8143900629 2.0000000000 6.2996778700 0.9960290643 4.0808346089 0.0633717733 3.5226716693 0.0569080797 16.6532111049 -1233.2162387313 25.5980731220 6.5163907169 3.266436 0.099939 -3.551058 0.483645 0.264526 -4.857884 0.365472 -1.236922 -0.057086 1.737506 2.161459 -0.822326 2.898406 0.955676 1.947196 -0.464535 1.014075 1.352109 5.000000 -1.631398 1.220721 -0.662073 -1.369727 2.066006 -2.107862 0.171887 -3.221924 2.212477 0.189654 -3.785792 0.525559 3.666100 -0.346388 0.757601 0.542020 3.235987 3.380182 -0.173082 1.403502 -1.300348
64 2284.6349410674 10.0000000000 1.0000000000 1.7025498951 4.0000000000 6.2750442986 0.9920826311 4.5515296622 0.0010814567 4.0977131350 0.0080198831 20.7164222659 -1169.8248313462 24.7431841424 6.3475735012 2.314635 -2.538124 -2.083961 1.441830 -0.895854 -1.645938 0.643667 -1.833006 2.138148 0.985342 -1.296594 -5.000000 3.252803 0.793313 -2.123118 2.492741 0.997319 4.231721 0.425158 -4.139678 0.379742 0.667652 -0.019958 1.236589 -1.335880 -1.843887 1.472729 -1.710306 2.015140 -0.074689 0.966586 1.066682 -0.209813 0.984812 3.318917 2.387119 1.049554 -1.922605 -1.986779 -1.056720
122 2068.9123399451 10.0000000000 1.0000000000 1.4398700533 8.0000000000 6.2219761803 0.9835960607 3.9121750687 0.1562208899 3.4862981682 0.1446465416 15.3051137682 -1081.2100591288 25.5607484788 6.4878819436 2.956796 0.628008 2.616398 0.730368 0.494782 -4.563546 1.420348 -2.250746 1.593422 0.950102 -0.316709 -1.138874 4.559460 1.817180 -0.393344 4.771086 0.880335 1.430638 1.334036 -4.039112 3.762048 -0.110692 -1.413657 0.379463 -0.982420 0.029651 2.775373 -1.287758 0.912552 -2.030050 2.655380 1.963154 0.128699 -3.993161 0.683324 -0.239171 0.629278 -2.799922 -0.796865 1.189774
193 513.7727104095 10.0000000000 1.0000000000 1.3373463624 12.0000000000 6.1738081277 0.9758536246 5.4873263666 0.0685883657 4.9561378863 0.0763255659 30.1107506541 -1031.3876366396 25.6336157847 6.5169293860 1.139924 -0.575280 -1.963921 -1.506063 -0.718835 -1.377323 3.759980 -3.099936 1.265798 5.000000 0.716390 -0.281125 0.500028 2.441366 -5.000000 -1.289609 -0.921790 2.226707 3.985893 -3.721920 3.918233 -2.629222 -0.309926 0.298308 2.667169 0.142842 0.240887 3.556863 4.594240 -2.339161 0.938946 3.531471 0.118863 0.120492 0.804252 -1.666004 0.367417 -3.591068 -1.457228 -0.423345
194 441.7565219094 10.0000000000 1.0000000000 1.3373463624 12.0000000000 6.1738081277 0.9758536246 5.4873263666 0.0685883657 4.9561378863 0.0763255659 30.1107506541 -1031.3876366396 25.6336157847 6.5169293860 1.064283 -0.283630 -3.032153 -2.396507 -1.653719 -0.844501 1.791501 0.142636 0.458010 0.029750 1.074808 -0.681428 0.919050 3.292156 -5.000000 2.753651 -1.117188 1.194626 1.530208 -5.000000 3.973730 -0.202430 0.008436 0.009923 1.879680 -0.445143 1.377044 3.730875 3.869195 -0.657388 3.708674 5.000000 2.386244 -0.942428 1.867990 -1.703756 0.182155 -5.000000 -0.117351 -1.702351
218 390.5176137690 10.0000000000 1.0000000000 1.3321879740 14.0000000000 6.1522593821 0.9723357698 5.8670761247 -0.0683701171 5.5145167336 -0.0379887524 34.4225822526 -966.0640334076 23.1290846092 5.8782683947 -0.600763 -2.321450 -2.905228 -0.936546 1.839386 -1.398168 1.505427 -1.201829 -0.674780 1.880280 0.881427 -3.754755 1.324527 2.589965 -0.796087 0.878676 0.853862 1.237435 -0.820067 -2.470634 3.320780 1.037502 0.836737 -1.773176 1.236949 0.719495 1.044912 3.055787 2.765612 -0.498768 2.686715 5.000000 1.513861 -1.196464 1.597114 -2.468366 -0.387635 -3.907087 -0.724130 1.275130
1005 499974.8736570972 10.0000000000 1.0000000000 0.8567953877 67.0000000000 5.6193955948 0.8851131664 5.2348206838 0.0363677907 4.6279016439 0.0379797157 27.4033475920 -669.3383730046 25.4089159208 6.3971699514 1.696486 -1.049431 -3.115999 1.526075 -0.062094 1.952688 4.177865 0.991049 -3.340368 1.759446 2.498340 0.274262 -2.046675 4.326078 -4.787797 -1.866409 -2.093260 2.797315 -4.423073 -2.864156 -0.181401 -0.005409 2.857284 -5.000000 3.392032 -1.530058 -2.410911 -3.109259 1.886793 -1.096236 -1.601148 0.172309 5.000000 2.390458 -3.466558 -3.516931 4.468663 0.241534 -3.280535 0.733002
evaluations raw_y rep iid sigma t d_norm d_mean ps_norm ps_mean pc_norm pc_mean ps_squared loglikelihood mhl_norm mhl_mean x0 x1 x2 x3 x4 x5 x6 x7 x8 x9 x10 x11 x12 x13 x14 x15 x16 x17 x18 x19 x20 x21 x22 x23 x24 x25 x26 x27 x28 x29 x30 x31 x32 x33 x34 x35 x36 x37 x38 x39
1 8389331.0687870868 11.0000000000 1.0000000000 0.8567953877 67.0000000000 5.6193955948 0.8851131664 5.2348206838 0.0363677907 4.6279016439 0.0379797157 27.4033475920 -669.3383730046 25.4089159208 6.3971699514 3.498909 -0.572146 -0.969130 -5.000000 -0.016569 -0.639263 -1.073259 0.630805 0.842101 -2.131206 -1.772479 -0.951467 1.379365 1.122384 -2.611097 -2.238951 1.473675 3.149268 -0.062150 -1.366893 2.191259 -0.619153 1.451504 3.098143 1.260160 0.146986 1.464543 -1.285151 -0.356186 -1.147909 -0.408751 -0.972990 -0.371551 -0.761073 0.177955 0.127343 0.592694 2.805542 -3.093725 2.591237
2 1300453.9448383043 11.0000000000 1.0000000000 0.8567953877 67.0000000000 5.6193955948 0.8851131664 5.2348206838 0.0363677907 4.6279016439 0.0379797157 27.4033475920 -669.3383730046 25.4089159208 6.3971699514 -0.474501 -2.464692 -0.344840 0.183677 2.135117 -2.123269 0.434696 0.235639 -3.368222 -2.371511 1.200204 1.391135 2.175422 1.067643 0.790424 0.245735 2.418203 -1.686132 -0.283787 0.770708 -3.154989 2.621887 -1.585730 -0.143499 4.313349 -1.658875 -1.058744 3.123407 -2.160388 -0.864115 1.032168 0.910786 1.187372 0.741013 2.690756 2.031884 1.190557 -1.365603 -1.427120 -3.816579
4 16282.8420963066 11.0000000000 1.0000000000 0.8567953877 67.0000000000 5.6193955948 0.8851131664 5.2348206838 0.0363677907 4.6279016439 0.0379797157 27.4033475920 -669.3383730046 25.4089159208 6.3971699514 -3.064285 0.437737 0.371327 3.665553 -2.257789 0.033994 -0.848858 -0.265820 3.318409 0.757281 -0.929132 0.307682 1.532321 -1.988055 -0.528685 3.084418 1.712304 -0.089605 -0.954978 -0.308131 -3.102159 1.886072 0.682307 0.276546 -2.594845 -1.429925 1.028959 0.515433 -0.993461 1.010044 1.877566 -1.350041 -1.061716 -1.739724 -2.310528 1.593344 1.020056 0.677428 -2.344240 -2.091935
61 13643.9401536533 11.0000000000 1.0000000000 1.7005756603 4.0000000000 6.2770711749 0.9923830582 4.9560299612 -0.1707525124 4.4204221101 -0.1504389350 24.5622329762 -1187.3015382389 25.4390038721 6.4850239664 0.941757 1.922248 -5.000000 1.543060 -1.653501 1.100842 -1.270156 -2.332921 5.000000 1.456454 -1.691179 1.358355 -1.533972 1.317694 -3.960118 2.415110 0.782973 -1.370841 1.817717 0.647796 0.369829 0.642729 5.000000 -0.928096 1.879996 -2.987596 -1.935093 -0.927430 -3.107424 -1.112001 0.689586 -5.000000 -1.888936 0.188440 -3.753043 -0.882221 0.644896 -2.039814 -3.494064 -4.093661
69 9070.2608030981 11.0000000000 1.0000000000 1.7005756603 4.0000000000 6.2770711749 0.9923830582 4.9560299612 -0.1707525124 4.4204221101 -0.1504389350 24.5622329762 -1187.3015382389 25.4390038721 6.4850239664 2.271241 1.607686 -3.194070 0.078393 1.429062 0.470633 -1.752995 -4.024083 2.036314 -0.055791 2.803363 -0.738348 -1.199309 2.129585 -1.000436 -0.243607 3.407245 0.897198 -1.687380 -1.613558 -0.191452 -2.971727 2.393536 -1.628025 1.679193 0.621985 -0.379237 0.404365 -3.138129 -0.203399 2.691187 -3.284071 -1.972220 -1.494121 -2.990366 0.146627 2.051329 -1.541562 -0.361393 -2.681605
122 496.0985396288 11.0000000000 1.0000000000 1.5509593647 8.0000000000 6.2273209413 0.9843791911 5.0298422963 -0.0026463848 4.6701582474 -0.0153761114 25.2993135258 -1107.4310159190 24.7431267511 6.3286040724 0.240095 5.000000 -1.591312 0.498379 0.939415 -3.402966 0.669052 -2.375642 4.127265 2.083356 3.111063 -1.565109 -3.660121 -0.286027 -1.874134 0.236427 1.270759 -3.423286 0.288249 -2.458269 -0.955676 -2.455464 3.011398 -0.363179 2.220486 1.698538 -2.977579 1.745081 0.118415 -3.893443 5.000000 -4.565609 0.849947 2.651290 -1.644993 -0.011685 2.433478 -2.383725 -2.921069 -2.769948
316 346.2658726826 11.0000000000 1.0000000000 1.2750778564 21.0000000000 6.0853488442 0.9613541871 5.8353148015 -0.0551899641 5.2128333842 -0.0167213664 34.0508988322 -945.3323881777 23.8807055574 6.0562737479 1.406727 2.877002 -2.520306 -1.481158 -4.076741 -3.431701 -2.468588 0.300340 5.000000 2.856866 1.389660 -0.889231 -3.078609 2.432087 -3.470199 -0.706450 0.909499 -3.210680 0.818543 -3.333877 -0.394313 3.351966 4.556840 2.002994 3.728793 -1.576704 0.252467 1.680386 0.586072 -2.801604 0.072409 -2.654954 -4.867876 1.453662 3.663111 -1.671200 1.448162 1.133509 -2.166941 1.299337
1005 447023.5883511422 11.0000000000 1.0000000000 0.7081191762 67.0000000000 5.6090168726 0.8835251688 5.9335443512 0.0772296266 5.4414233808 0.1021890525 35.2069485683 -576.8519175347 26.3644891676 6.7328525168 0.375757 3.456681 -3.916084 -4.228161 0.730547 -2.125035 -1.551622 -0.102441 2.890338 -0.710842 3.776377 -0.557112 -2.107242 2.239332 -4.261747 -0.227628 -1.144842 -1.492952 1.869480 -4.652155 -1.468980 -0.559496 2.622229 3.476044 2.790507 -0.523848 3.397048 3.625725 -0.180822 -2.463301 -0.006821 -4.100436 -1.326796 1.501825 2.199322 -3.636174 2.918385 -0.811365 3.003284 -1.553655
evaluations raw_y rep iid sigma t d_norm d_mean ps_norm ps_mean pc_norm pc_mean ps_squared loglikelihood mhl_norm mhl_mean x0 x1 x2 x3 x4 x5 x6 x7 x8 x9 x10 x11 x12 x13 x14 x15 x16 x17 x18 x19 x20 x21 x22 x23 x24 x25 x26 x27 x28 x29 x30 x31 x32 x33 x34 x35 x36 x37 x38 x39
1 24450394.7663366534 12.0000000000 1.0000000000 0.7081191762 67.0000000000 5.6090168726 0.8835251688 5.9335443512 0.0772296266 5.4414233808 0.1021890525 35.2069485683 -576.8519175347 26.3644891676 6.7328525168 0.945972 -1.362852 0.484879 -3.401471 1.506286 -3.069443 0.010254 -0.240455 -1.613964 5.000000 -1.195646 0.944914 2.191912 -2.430338 2.684713 -0.244300 2.025031 -1.827738 -2.059060 2.419593 1.003745 0.277692 1.281522 1.054665 -2.308720 -4.426667 -3.363513 -3.576189 -4.437070 -1.294862 -1.056809 -0.078418 0.429952 -0.768718 -0.507808 0.146504 -1.994408 -1.427713 0.070833 -1.355891
2 171791.7024338120 12.0000000000 1.0000000000 0.7081191762 67.0000000000 5.6090168726 0.8835251688 5.9335443512 0.0772296266 5.4414233808 0.1021890525 35.2069485683 -576.8519175347 26.3644891676 6.7328525168 -1.143762 -0.211725 2.671663 0.637331 -0.675191 -1.170537 -0.229840 4.483636 -5.000000 1.070272 0.464981 1.735224 -2.296425 4.228688 2.001886 -0.102830 0.319575 -1.432527 0.101046 -0.286675 1.887151 0.715288 -0.166898 1.355612 1.112121 0.445439 -3.057971 2.058422 -2.332518 -2.019123 -0.210536 1.024044 2.815456 -3.375393 2.942468 3.272926 -0.922790 -0.402725 -1.143633 -1.206598
17 15911.8083257914 12.0000000000 1.0000000000 1.8804233774 1.0000000000 6.3104692756 0.9977498489 2.9629177779 0.0697283730 2.5126659859 0.0591322893 8.7788817586 -1296.0252857422 27.0986675129 6.9278221672 2.465098 -0.667118 0.275637 1.199767 0.659038 0.978706 -0.829589 -1.322307 -3.698170 1.320233 4.950170 0.052575 -0.691670 1.948536 -1.329437 1.994790 0.590904 -2.114454 -2.246986 -1.585888 2.453482 -0.608771 -0.782215 3.451445 3.263913 0.527185 -5.000000 2.582416 -3.628811 -1.292725 -5.000000 -2.043000 2.320564 -0.531456 1.577212 1.712767 3.861703 2.521309 -2.134570 -1.585945
19 711.8052187539 12.0000000000 1.0000000000 1.8804233774 1.0000000000 6.3104692756 0.9977498489 2.9629177779 0.0697283730 2.5126659859 0.0591322893 8.7788817586 -1296.0252857422 27.0986675129 6.9278221672 0.651004 1.189872 4.000313 -1.515937 0.442308 -0.197049 0.306930 -0.949418 -3.751240 -1.189642 -1.509703 0.110313 0.454492 -1.316464 1.392883 1.206909 0.907416 -0.030498 -0.516216 -2.144491 -2.318442 -0.534736 2.099920 3.004489 0.731159 -0.860709 1.573455 5.000000 -0.392514 2.695848 -1.988346 -2.867155 2.321016 -2.392259 0.854081 0.891542 -0.034492 -1.215256 -1.578256 -0.890108
51 629.3972393750 12.0000000000 1.0000000000 1.7388584121 3.0000000000 6.2859124248 0.9938152597 4.4634359800 0.0337028925 3.9139048456 0.0323818647 19.9222607480 -1203.9843980119 25.5462902397 6.5462300966 -0.058072 3.627806 3.111649 -1.919310 2.027462 -0.909679 1.622414 -0.123605 -3.771562 -0.103547 -0.503113 -1.571961 -1.021117 2.636059 1.298663 1.078461 -2.276576 0.585936 -3.787678 0.381008 -1.251702 3.945068 -1.887993 2.313035 0.195748 1.844047 0.497499 2.059588 2.948410 0.518670 -1.141810 0.311488 0.943082 -0.129108 3.085869 2.469210 1.177974 0.625986 0.317890 -4.696041
85 519.3163447812 12.0000000000 1.0000000000 1.6436977443 5.0000000000 6.2623818959 0.9900485033 4.7500025241 -0.0035558640 4.2879285269 0.0064123216 22.5625239786 -1142.9195956674 24.5913838284 6.3104824343 -0.871691 2.257837 1.738378 -1.109373 1.946868 1.006242 2.350098 -0.344430 -3.064489 0.525770 -0.209012 -2.128920 -0.338856 3.872701 -0.245526 -1.088032 -0.953044 0.445207 -1.572226 0.639616 -1.173488 1.002993 -0.689940 3.108924 -0.969310 0.984994 -1.592075 1.202898 0.297169 2.492726 -3.368518 -1.776965 4.400708 -2.155801 1.613678 -2.460779 2.255620 0.922698 -2.387990 -2.986361
204 517.9051701059 12.0000000000 1.0000000000 1.4182699011 13.0000000000 6.1673148384 0.9746916872 5.6394800963 0.0155891168 5.3315479281 0.0236459224 31.8037357566 -1046.5640918470 24.8610035975 6.3504060505 0.305324 4.275529 4.975329 -0.304651 0.794732 4.914304 3.755854 0.117236 -0.740017 1.828924 -4.250805 -3.299569 -1.281774 1.509421 -2.504253 -0.024769 -0.182545 0.161636 -5.000000 -0.772272 3.555985 0.421262 1.780718 -2.201357 -1.926820 2.279763 2.448005 3.634176 -1.008388 -1.597102 -3.112387 1.323427 5.000000 -3.935627 1.033014 -2.208753 3.590530 3.260297 0.870764 -1.722455
295 501.4245113845 12.0000000000 1.0000000000 1.2212840086 19.0000000000 6.0995757625 0.9637339789 4.2358139146 0.0728544867 4.2695011045 0.0740503942 17.9421195188 -946.3037114587 24.8581952211 6.3465401878 1.013291 5.000000 5.000000 0.169798 2.977658 3.255872 4.957493 -1.178764 -0.545528 3.877740 -3.305957 -3.584473 -1.134409 2.046480 0.222776 0.529315 1.433336 0.615976 -2.982568 1.833029 2.299655 1.301568 -0.281963 -1.696187 -3.790373 0.229014 3.910585 4.615550 -1.149772 -0.903140 -0.815638 2.601539 4.456074 -2.647094 3.116484 -3.007923 3.104915 2.037506 1.979245 -2.486470
815 432.0752448892 12.0000000000 1.0000000000 0.8942337876 54.0000000000 5.7415839954 0.9051983588 5.6081983847 0.0292493867 5.1914916810 -0.0000380411 31.4518891216 -712.2129243805 25.3168381632 6.4062523816 0.667337 3.954211 2.966219 -1.128786 -1.093995 0.117174 3.338760 2.323226 -4.375954 5.000000 -2.950186 -3.344196 -0.654140 5.000000 -0.434977 2.381099 1.576340 -3.926250 -3.295867 0.453188 1.948407 4.865042 -2.840191 0.436109 -1.317944 -2.512871 4.540593 0.664160 -2.686427 -0.668324 -4.306922 4.226205 1.352873 -2.717743 4.676257 -1.222800 -0.929032 -2.922803 1.546190 -4.076862
968 405.9732115505 12.0000000000 1.0000000000 0.7916353795 64.0000000000 5.6452991352 0.8893601515 5.9806490738 -0.1162675639 5.4212562589 -0.1038401732 35.7681633440 -611.7453614084 24.8364554095 6.3444799406 -0.604937 3.974210 1.652136 -1.436877 -1.209564 -1.459093 4.560205 1.808022 -2.435383 2.975068 -3.264306 -4.046218 1.157085 2.631873 0.570988 0.442549 2.874223 -2.838504 -3.342134 0.898844 3.384129 5.000000 -2.822574 2.712957 1.073188 -2.039240 0.855739 0.738147 -2.152632 2.956208 -4.264187 3.863591 2.988819 -2.700438 4.224938 -0.340623 -1.314238 -2.569329 1.390920 -2.940912
1005 53895.0035932428 12.0000000000 1.0000000000 0.7553612927 67.0000000000 5.6130986179 0.8841136660 4.9183693583 0.1247005389 4.3790586799 0.0976239715 24.1903571444 -596.2283760085 25.3637481574 6.4802317422 0.714390 4.009797 2.267623 -0.821368 -2.669704 -1.557046 4.192239 1.016415 -1.350353 3.690333 -1.671140 -3.913267 1.411440 1.553983 -0.072487 0.186989 1.366610 -1.885516 -4.494668 0.807688 2.302189 3.617129 -2.807666 1.690856 0.645439 -1.057853 0.767658 0.812596 -2.194430 0.512331 -2.963986 3.165455 1.960398 -3.017893 3.915883 -0.732845 -2.178758 -3.063792 0.355449 -2.683411
evaluations raw_y rep iid sigma t d_norm d_mean ps_norm ps_mean pc_norm pc_mean ps_squared loglikelihood mhl_norm mhl_mean x0 x1 x2 x3 x4 x5 x6 x7 x8 x9 x10 x11 x12 x13 x14 x15 x16 x17 x18 x19 x20 x21 x22 x23 x24 x25 x26 x27 x28 x29 x30 x31 x32 x33 x34 x35 x36 x37 x38 x39
1 10639315.0256171376 13.0000000000 1.0000000000 0.7553612927 67.0000000000 5.6130986179 0.8841136660 4.9183693583 0.1247005389 4.3790586799 0.0976239715 24.1903571444 -596.2283760085 25.3637481574 6.4802317422 -1.424781 1.507533 -0.089006 0.903625 2.690203 1.064676 2.700376 1.722423 2.957371 -2.090754 -1.577978 -2.523212 1.125694 -0.486653 1.827481 0.634702 0.254607 4.300766 1.212577 -0.053543 -1.968322 2.381411 1.905661 -2.174363 -0.290423 0.475716 -3.278187 -0.556269 2.798477 -3.230216 0.981744 3.785484 -1.241959 -0.907505 0.434903 1.028658 0.794483 -3.025690 -1.528068 0.202540
2 9250272.1204615831 13.0000000000 1.0000000000 0.7553612927 67.0000000000 5.6130986179 0.8841136660 4.9183693583 0.1247005389 4.3790586799 0.0976239715 24.1903571444 -596.2283760085 25.3637481574 6.4802317422 -0.634532 2.276666 -0.644247 -0.740232 3.699225 -0.163303 -1.960549 -0.004778 -0.464852 1.421950 0.906317 -0.665352 -0.768915 -1.060655 2.700612 4.030442 -0.115065 1.129309 0.719065 -1.023930 -1.046328 -0.962743 -3.848319 -1.514906 0.906962 1.844688 -0.414699 -0.751840 1.279768 4.107386 -1.856670 -1.549320 -0.874291 1.095837 -1.708286 0.931316 -1.441999 1.124523 -0.629716 -0.859794
3 3325457.6792390337 13.0000000000 1.0000000000 0.7553612927 67.0000000000 5.6130986179 0.8841136660 4.9183693583 0.1247005389 4.3790586799 0.0976239715 24.1903571444 -596.2283760085 25.3637481574 6.4802317422 1.629991 -2.370838 -1.537254 1.458331 1.531822 0.415600 -4.374231 1.443930 0.697501 -0.677237 -3.890781 1.661811 3.498484 1.002275 2.660634 -1.315035 0.369892 -1.302113 -2.241014 -0.693214 -1.822690 -1.492271 -1.541937 -0.827907 -0.583623 0.253545 -2.494672 0.634342 -3.636843 0.111384 0.161732 -4.639695 -0.682242 2.179692 0.901062 -0.988597 -1.093153 0.584053 0.308409 1.634611
4 268646.1430677933 13.0000000000 1.0000000000 0.7553612927 67.0000000000 5.6130986179 0.8841136660 4.9183693583 0.1247005389 4.3790586799 0.0976239715 24.1903571444 -596.2283760085 25.3637481574 6.4802317422 0.287512 1.810343 0.801347 -1.529188 -2.034004 -1.053979 0.817317 -1.735600 1.783588 -3.078128 -0.528495 -1.864719 0.625757 0.273581 -0.303400 -2.473675 -1.764981 -1.321265 1.985898 -1.287594 1.002335 1.839970 -1.688953 -1.032886 -4.413734 -0.806258 1.426651 -1.893273 0.702723 1.577141 0.720064 -0.876403 0.456670 -1.350750 -0.838521 4.773492 -1.016686 -1.372473 0.309807 0.555672
9 48729.5987460278 13.0000000000 1.0000000000 0.7553612927 67.0000000000 5.6130986179 0.8841136660 4.9183693583 0.1247005389 4.3790586799 0.0976239715 24.1903571444 -596.2283760085 25.3637481574 6.4802317422 3.434352 1.555697 1.892696 0.785096 1.724803 1.046490 0.403139 -0.330071 -1.925322 -1.402736 -0.061336 -1.762925 0.706422 -1.782588 1.581940 -2.783532 0.660605 2.559017 1.734425 -1.041918 2.640810 0.081331 0.730104 -0.090412 -3.477036 1.140987 0.869952 1.517789 -1.947676 1.609770 -1.289238 -2.340489 -2.051822 0.411632 -0.808715 3.083615 1.600306 2.294618 -0.324497 -2.149494
18 665.3913085448 13.0000000000 1.0000000000 1.8877565286 1.0000000000 6.3113653304 0.9978988253 3.1726636171 -0.0176403456 2.6905383655 -0.0149596782 10.0657944271 -1256.1014655746 25.4890777357 6.4851754913 1.333451 1.592364 1.166505 3.144105 -0.271959 1.834216 -0.079949 -0.695756 2.318509 0.450773 -0.706467 1.827100 1.931161 -1.145430 -2.255896 -0.256217 -1.764324 1.666807 0.816348 -3.504598 1.995599 0.655505 1.881885 -2.575548 -4.047150 -0.659909 1.080279 1.328130 -1.401851 1.063647 -3.355007 -1.724968 2.550779 1.188583 -2.047640 1.095677 0.212684 1.368689 -2.791758 0.478277
137 614.2137676238 13.0000000000 1.0000000000 1.4878018689 9.0000000000 6.2131368952 0.9821245005 5.8021723518 -0.1941368413 5.2554679072 -0.1805858748 33.6652039998 -1132.0547309391 26.7485325394 6.8259298840 1.691379 1.896603 -2.043021 -0.365734 -4.723222 -0.872181 -0.081055 2.546528 -0.243043 -2.684012 -2.967364 -0.099222 0.922412 0.806408 3.664791 -2.600897 -4.481052 -1.878325 0.983502 -5.000000 -1.101309 0.872942 -3.148541 3.304600 -1.618069 -1.666941 -0.740986 -1.080964 -3.101692 3.581912 0.318842 -5.000000 0.517324 0.160595 -2.407690 -0.566919 1.175521 2.213478 1.335861 -3.454350
581 494.7513869998 13.0000000000 1.0000000000 1.0652564257 38.0000000000 5.8996980945 0.9311416297 5.8028865538 0.2693738280 5.2542738940 0.2761103875 33.6734923564 -835.7596619566 25.0607611662 6.3629110064 1.718826 5.000000 -5.000000 1.388341 -5.000000 -2.854075 1.373795 -1.688671 3.179260 -1.102662 -0.001136 4.151237 3.581809 -0.770455 1.026990 -1.185717 0.949756 2.049591 -2.849421 0.052774 5.000000 2.200011 1.420165 3.816773 3.305587 -3.871411 1.441100 1.063002 -4.264638 4.435011 -0.617794 -2.634937 0.252343 -4.449587 1.486101 -2.207378 0.272205 1.158444 -2.989118 -2.969769
689 465.3435480093 13.0000000000 1.0000000000 1.0052670840 45.0000000000 5.8278299559 0.9194536770 5.3624635271 -0.0298419761 4.8871924901 0.0322247334 28.7560150800 -780.6640333559 24.4881970396 6.2496123467 1.843475 1.547715 -2.826313 -1.576371 -2.774106 -3.374855 2.090662 -3.017772 3.943565 -2.759889 0.497637 2.207592 2.965725 0.069121 0.823915 -0.035996 2.446418 1.656013 -1.423809 -0.742012 2.096015 3.753225 0.028705 1.594660 4.291933 -4.210403 0.217976 0.093717 -5.000000 5.000000 -0.169061 -1.962592 -0.194348 -3.682987 0.771353 -0.222912 -0.208690 -0.991863 -2.515570 -3.374326
697 453.4571293439 13.0000000000 1.0000000000 0.9888113846 46.0000000000 5.8194910328 0.9180801622 5.3957728196 0.0363046388 4.8567068943 0.0828236789 29.1143643212 -790.1730905460 25.4187304716 6.5139451812 2.135567 2.985925 -2.654169 -0.109170 -3.191226 -1.749431 3.085369 -1.615951 3.706817 -0.002932 -2.410213 2.223520 3.282372 0.449709 0.705683 1.809028 2.687936 2.339892 -0.737280 -0.945182 1.602722 0.805882 0.837923 2.912182 2.953011 -2.424543 1.442456 -0.353411 -4.740526 4.760860 0.243165 -1.372343 0.300978 -3.777755 -0.514661 -0.712171 0.498410 -1.512023 -3.789239 -2.534029
1005 4218.7144156754 13.0000000000 1.0000000000 0.7866815122 67.0000000000 5.6104730267 0.8834809202 6.0754366061 0.0877369124 5.5509631201 0.0973502510 36.9109299553 -626.7816801865 25.9133394870 6.5686632064 3.547428 2.386772 -4.161592 1.211051 -2.740652 -3.074151 2.013423 -2.819711 2.713500 -1.257787 -0.388548 2.334316 2.716754 2.424155 0.561434 -1.499349 1.759191 0.441401 -1.752233 -0.702037 -1.265747 -0.804283 -0.602279 0.657427 0.567812 -3.044492 3.958845 -2.392950 -4.096500 4.935297 -1.337770 -1.010294 1.820053 -0.878236 2.429315 1.345115 1.324882 -4.499728 -1.483798 -1.661342
evaluations raw_y rep iid sigma t d_norm d_mean ps_norm ps_mean pc_norm pc_mean ps_squared loglikelihood mhl_norm mhl_mean x0 x1 x2 x3 x4 x5 x6 x7 x8 x9 x10 x11 x12 x13 x14 x15 x16 x17 x18 x19 x20 x21 x22 x23 x24 x25 x26 x27 x28 x29 x30 x31 x32 x33 x34 x35 x36 x37 x38 x39
1 3684519.8715757905 14.0000000000 1.0000000000 0.7866815122 67.0000000000 5.6104730267 0.8834809202 6.0754366061 0.0877369124 5.5509631201 0.0973502510 36.9109299553 -626.7816801865 25.9133394870 6.5686632064 3.102678 0.158372 0.347953 -0.144673 -4.008659 0.289356 -3.002337 0.422219 -1.116410 2.169058 -0.372578 0.029323 -2.151139 1.284504 -0.360673 1.240601 1.621949 1.555872 -0.474979 -3.783825 -2.344244 1.672414 2.018547 2.586199 -1.098662 -1.963426 1.829346 1.746141 0.044222 -0.008287 -2.698252 -0.416436 2.653081 -1.832521 -0.940026 -0.298885 -0.650520 -3.611447 -1.000740 -1.129561
3 153129.4240811437 14.0000000000 1.0000000000 0.7866815122 67.0000000000 5.6104730267 0.8834809202 6.0754366061 0.0877369124 5.5509631201 0.0973502510 36.9109299553 -626.7816801865 25.9133394870 6.5686632064 -1.632498 -1.022753 -1.019616 -1.546922 -0.497033 -3.801384 1.599640 2.551948 -1.401988 -2.942301 0.522371 0.917017 -0.419033 1.864008 -1.173946 -2.266227 2.969538 -1.021326 -0.896438 -4.659827 -0.786878 -1.277527 -0.077215 1.342406 0.352363 -2.348591 2.080978 0.719458 1.086232 -0.169380 0.153202 -2.810301 -3.112469 -1.384754 -1.472439 0.364633 -5.000000 -1.262037 -1.800881 2.056018
7 19727.9159789158 14.0000000000 1.0000000000 0.7866815122 67.0000000000 5.6104730267 0.8834809202 6.0754366061 0.0877369124 5.5509631201 0.0973502510 36.9109299553 -626.7816801865 25.9133394870 6.5686632064 0.377573 -1.371006 0.589138 -3.946942 2.376597 0.525074 1.324387 -0.540737 -4.371036 -2.215581 -0.864489 2.653104 -0.445369 1.899533 -0.078091 -1.842042 -1.060827 0.805874 1.157295 -1.911458 -0.006664 0.063183 1.302508 2.418949 -2.853445 -1.865910 -4.029437 3.477639 0.037267 -3.323695 4.134324 -0.612094 0.023908 0.403418 1.359952 -4.112547 -0.486807 1.431781 0.640398 -0.379033
33 8883.1443909395 14.0000000000 1.0000000000 1.8270175922 2.0000000000 6.2994846748 0.9959834940 4.1144625277 0.0594483083 3.5608288995 0.0464246482 16.9288018917 -1256.2076858949 26.3274817350 6.7469586994 1.079952 0.894128 -1.344994 0.187167 2.492741 -2.563804 -3.025931 0.611431 -4.124837 -0.288894 1.228457 2.737284 4.240275 3.781399 -0.300528 0.849805 1.173440 -2.498482 2.238564 0.873962 -4.616394 1.173367 3.826812 0.305531 -3.589654 0.860038 0.531506 1.284346 3.297792 -2.766072 -2.009488 1.106646 -2.545648 -0.561674 2.680989 -0.231815 0.320867 -0.401407 0.981700 -3.044304
47 320.5448348772 14.0000000000 1.0000000000 1.7724442977 3.0000000000 6.2859119241 0.9938086993 4.6509982724 0.0537437666 4.0955083464 0.0435731266 21.6317849299 -1228.7717991776 26.0653699320 6.6660167270 0.337834 -1.149435 -4.627813 -2.003761 1.126380 0.552196 -0.263786 -1.147592 -3.187150 -0.184004 1.701965 4.098930 0.160795 2.709792 -0.740692 -3.596897 -0.671084 -4.172853 0.796754 -0.765220 -1.818172 -0.231131 2.213199 1.666214 -0.781311 -0.391498 -2.109597 2.804680 1.357898 -1.084572 1.263704 1.060247 1.955509 -0.872070 0.492554 0.574345 1.571938 -0.785191 2.228901 -2.607122
1005 163668.1310751538 14.0000000000 1.0000000000 0.5424816726 67.0000000000 5.5632952312 0.8767088010 4.9621465987 -0.2228334771 4.2310186028 -0.2019446420 24.6228988665 -405.3341789256 26.2589641265 6.6939595592 -1.906178 -1.555228 -0.880142 -3.136902 4.632060 1.614581 -0.951091 -2.705256 0.080467 -1.147666 -1.827314 2.740146 2.897028 0.909184 -5.000000 0.610759 -1.282783 0.082110 4.352666 -1.064182 -4.425186 -2.280155 2.192135 0.631287 0.776856 -3.179277 -0.099535 -0.239958 2.200084 0.371563 4.672377 -2.737036 3.486209 1.535510 -2.707669 -1.000558 -3.172131 1.670804 -1.375122 2.584552
evaluations raw_y rep iid sigma t d_norm d_mean ps_norm ps_mean pc_norm pc_mean ps_squared loglikelihood mhl_norm mhl_mean x0 x1 x2 x3 x4 x5 x6 x7 x8 x9 x10 x11 x12 x13 x14 x15 x16 x17 x18 x19 x20 x21 x22 x23 x24 x25 x26 x27 x28 x29 x30 x31 x32 x33 x34 x35 x36 x37 x38 x39
1 62925.2032659585 15.0000000000 1.0000000000 0.5424816726 67.0000000000 5.5632952312 0.8767088010 4.9621465987 -0.2228334771 4.2310186028 -0.2019446420 24.6228988665 -405.3341789256 26.2589641265 6.6939595592 -0.624657 0.678569 -0.311817 -1.003579 0.471138 -3.527211 -2.191724 -2.175531 -0.610340 -0.947497 -0.401189 0.710394 1.379035 0.821179 -1.129957 1.198781 -0.325873 3.200429 1.363254 0.029760 -0.175559 -1.964236 0.243381 -2.274875 0.698005 -3.717026 -2.334364 2.849794 2.993131 2.579864 -3.623491 -2.996614 -2.900286 -3.387814 0.454528 -0.979469 -0.001057 -0.980505 -1.586419 4.097798
32 15358.7098736215 15.0000000000 1.0000000000 1.8155242597 2.0000000000 6.2980935147 0.9957673249 4.2385489693 0.0616511423 3.6740369818 0.0486248750 17.9652973652 -1244.2742618087 26.0334753801 6.6663095473 -2.700316 -2.243310 1.150541 1.215461 3.784145 2.105126 -1.826030 -0.357659 0.537674 2.068708 2.244177 0.162608 2.579858 0.277340 -0.746982 2.543576 -1.901317 4.008241 0.228334 2.858293 -0.336355 0.660850 2.614689 -2.108973 0.570118 -1.705915 3.133124 1.205140 0.846870 2.335092 -0.819330 -0.031172 -2.607717 -2.573737 1.941547 0.015510 -0.439867 -0.170792 3.959740 1.457977
33 3625.9875780236 15.0000000000 1.0000000000 1.8155242597 2.0000000000 6.2980935147 0.9957673249 4.2385489693 0.0616511423 3.6740369818 0.0486248750 17.9652973652 -1244.2742618087 26.0334753801 6.6663095473 -3.299104 -1.387635 1.429286 1.552012 1.152735 -2.369180 -3.481296 -1.860968 -2.386000 -3.446267 1.152829 0.975131 0.468989 2.300368 1.016680 1.154890 0.197065 2.420496 1.907853 -0.475185 2.108738 1.296687 2.234446 -2.913548 -0.087475 -2.222811 -2.231873 2.535662 4.031687 2.365753 -0.863782 2.050432 -2.546343 0.828196 0.850570 -0.100182 1.174126 0.195406 1.554417 0.914893
46 494.3856063962 15.0000000000 1.0000000000 1.7610845006 3.0000000000 6.2837763407 0.9934800764 4.6445795929 0.1708132105 4.0686851859 0.1436730918 21.5721195946 -1220.2401237987 25.8842977017 6.5744489845 -2.848369 -3.118277 0.673686 -0.577825 3.600678 -3.543705 1.351572 -2.596259 -0.028467 -4.306742 2.075193 2.323796 2.769395 3.099804 2.664549 5.000000 0.376529 2.638058 0.426458 -0.259878 1.628666 1.175350 0.251517 -0.401374 0.079719 -0.147288 -1.841790 2.343207 4.486363 1.080998 -1.276285 3.936914 -1.895423 -2.680398 1.257971 0.407255 0.953655 -0.797756 2.694487 -1.586463
773 424.5841642029 15.0000000000 1.0000000000 0.9540268860 51.0000000000 5.7733593365 0.9103895588 5.9870872644 0.0458282454 5.2583839161 0.0293541727 35.8452139112 -744.9962805819 24.7429482245 6.3419632716 0.184775 0.044924 -0.846725 3.530139 0.348445 -3.889224 -0.266333 -1.688083 -4.188427 -0.278249 -0.824393 2.845011 0.450199 -3.217605 1.257226 -0.205860 -0.326487 0.545329 0.082720 3.543689 -1.118931 4.741804 -3.224194 -4.945542 -1.880726 -5.000000 -0.932720 -1.046813 1.028305 -0.654954 -1.147821 -2.231116 -4.598842 -0.441800 -3.111276 2.251342 -0.777809 -2.899481 0.524896 -1.869699
1005 1114841.1379184001 15.0000000000 1.0000000000 0.9144092797 67.0000000000 5.6152616568 0.8844227625 6.5292198348 0.0122845945 5.8056044295 0.0095540145 42.6307116514 -685.8627567782 24.4612367251 6.2712211314 -0.547871 0.565060 -1.532176 0.688916 3.182257 -3.840356 -0.413605 0.680922 -2.993035 0.677508 0.105838 0.875988 2.209653 -1.538940 -1.765544 -2.480657 -0.726546 0.904949 0.366425 4.885902 -0.525564 3.360733 0.253502 -3.835912 -4.139520 -4.449717 -4.106078 -4.329188 2.803639 -1.868898 -1.374859 -0.313854 -3.455474 0.292103 -3.289918 -0.354985 0.458955 -2.135748 1.012819 -2.200996
evaluations raw_y rep iid sigma t d_norm d_mean ps_norm ps_mean pc_norm pc_mean ps_squared loglikelihood mhl_norm mhl_mean x0 x1 x2 x3 x4 x5 x6 x7 x8 x9 x10 x11 x12 x13 x14 x15 x16 x17 x18 x19 x20 x21 x22 x23 x24 x25 x26 x27 x28 x29 x30 x31 x32 x33 x34 x35 x36 x37 x38 x39
1 44287209.7233807370 16.0000000000 1.0000000000 0.9144092797 67.0000000000 5.6152616568 0.8844227625 6.5292198348 0.0122845945 5.8056044295 0.0095540145 42.6307116514 -685.8627567782 24.4612367251 6.2712211314 0.255897 -3.056947 -1.188936 0.132661 -2.470990 -1.242737 -1.777896 0.997820 -1.573794 0.237487 -1.513726 0.986734 -1.678809 -2.030044 -0.685039 3.768928 -0.541826 -2.903439 -2.160318 5.000000 -0.440446 -0.178801 0.552683 3.224522 1.431930 1.317265 0.421482 -1.128887 0.280372 -0.676896 -2.809655 -4.973284 2.547087 2.159496 1.296805 1.112840 0.467075 -2.157691 -2.363922 -1.406480
2 34540.9987184082 16.0000000000 1.0000000000 0.9144092797 67.0000000000 5.6152616568 0.8844227625 6.5292198348 0.0122845945 5.8056044295 0.0095540145 42.6307116514 -685.8627567782 24.4612367251 6.2712211314 -1.277032 -1.684140 -2.676349 1.159413 1.072829 3.086069 3.348664 -1.278580 1.097330 -0.166243 0.618127 4.020870 3.349421 1.006387 2.054518 1.270389 -0.343567 -0.442144 -1.458929 3.042315 -1.882076 -0.873356 -0.402930 -1.735154 3.106977 1.070189 -4.507749 -2.011533 1.743754 -1.067730 0.329807 0.507891 0.327217 -1.332258 -0.061314 0.204309 -1.674566 0.684482 0.213746 0.652277
33 369.6045536723 16.0000000000 1.0000000000 1.7736687339 2.0000000000 6.2943627902 0.9951882033 3.2396161024 0.0856197547 2.7956924180 0.0722672586 10.4951124908 -1260.3192217008 27.2137325816 6.9501297837 0.513838 1.258106 -4.741234 -0.526974 0.322774 -1.165030 1.436524 0.857133 0.675235 -1.390795 -2.252792 1.704145 0.875707 3.904656 1.534599 0.212923 2.986189 -1.999078 2.978399 0.541144 -1.261913 -0.159957 -1.034286 1.057021 3.913600 1.043760 0.964915 0.519413 -3.589492 -0.579624 -1.941980 2.737759 2.570536 0.619320 2.009591 -2.736098 0.045930 -1.019657 -0.424226 2.421494
1005 22127.9187651563 16.0000000000 1.0000000000 0.6803004888 67.0000000000 5.6011171202 0.8826263185 5.3903850843 0.0595920315 4.5249092638 0.0473912665 29.0562513567 -521.7704699000 25.0734254154 6.3850672023 2.277308 2.155246 -4.244091 -2.044940 -1.162571 2.684265 2.205281 -0.493871 -2.036954 -2.152228 -0.666103 1.613572 -2.616512 -1.033223 0.100506 -3.458525 0.417302 2.526289 -3.743227 2.361467 4.348306 4.528678 1.969161 2.098030 4.241015 4.173217 -0.990839 4.794520 0.348575 -3.669059 -2.170562 5.000000 2.419986 -3.056782 3.947115 -2.251458 -0.070015 -1.494331 4.567914 2.045852
evaluations raw_y rep iid sigma t d_norm d_mean ps_norm ps_mean pc_norm pc_mean ps_squared loglikelihood mhl_norm mhl_mean x0 x1 x2 x3 x4 x5 x6 x7 x8 x9 x10 x11 x12 x13 x14 x15 x16 x17 x18 x19 x20 x21 x22 x23 x24 x25 x26 x27 x28 x29 x30 x31 x32 x33 x34 x35 x36 x37 x38 x39
1 1044292.0680842031 17.0000000000 1.0000000000 0.6803004888 67.0000000000 5.6011171202 0.8826263185 5.3903850843 0.0595920315 4.5249092638 0.0473912665 29.0562513567 -521.7704699000 25.0734254154 6.3850672023 0.552532 -3.709256 1.247802 2.290623 2.074381 3.773278 -0.223397 -0.724203 0.297350 -0.875566 4.342514 2.304621 -3.637625 -0.276099 1.079679 -3.550565 2.629753 -0.946896 -2.184460 -0.500055 -1.964589 2.062538 0.982668 -0.893293 -1.612720 0.262536 -2.425120 0.319982 -1.510446 0.699792 1.955084 -0.277170 0.207713 0.601182 1.936411 1.739248 1.135566 0.930565 -2.330746 -4.071990
3 240540.4849110020 17.0000000000 1.0000000000 0.6803004888 67.0000000000 5.6011171202 0.8826263185 5.3903850843 0.0595920315 4.5249092638 0.0473912665 29.0562513567 -521.7704699000 25.0734254154 6.3850672023 -0.853262 1.615880 0.114560 -2.080343 1.868296 -0.240069 4.414033 -5.000000 2.467058 -1.175762 -1.953874 0.936141 5.000000 -2.416171 2.007206 2.261453 1.120079 -1.236795 -0.449597 4.431803 -0.308517 0.575214 1.158722 1.866500 3.339237 3.434479 -0.507301 -2.326097 1.068903 -2.818062 -2.119540 -0.892245 -2.324898 -1.243985 1.218663 1.230439 1.008596 -1.351405 2.627032 1.806749
7 211042.9001050057 17.0000000000 1.0000000000 0.6803004888 67.0000000000 5.6011171202 0.8826263185 5.3903850843 0.0595920315 4.5249092638 0.0473912665 29.0562513567 -521.7704699000 25.0734254154 6.3850672023 3.755210 -1.089194 0.752383 -1.422355 3.902081 -1.517984 0.458543 2.813668 -2.138826 -2.438873 1.270318 -1.279799 3.200119 -1.461064 -2.019237 -2.005173 0.136367 -4.189160 0.408009 0.776285 -3.514157 -0.964879 -1.015452 2.777333 0.121109 -0.097860 -1.097594 2.150946 1.666834 -2.951673 1.494247 2.005165 0.451703 1.950551 1.476965 -3.078047 -1.229342 0.416296 -0.375803 -1.726339
17 161697.7187176805 17.0000000000 1.0000000000 1.8857970066 1.0000000000 6.3143745549 0.9983692886 3.1166964317 0.0439517876 2.6430760822 0.0372727730 9.7137966473 -1296.9345317261 27.0247656924 6.9326744421 2.887706 1.746512 -0.498476 1.016727 2.937463 0.389348 -0.267076 0.790226 0.809586 -2.684396 -1.162767 0.686192 3.670185 0.897547 -1.371548 -0.800111 4.611119 0.061985 1.545317 4.198393 -2.822145 -3.104343 1.953744 2.304836 -2.971444 -1.264406 0.074081 -0.452537 -2.852358 1.495351 0.276526 1.818133 2.696696 -3.286122 0.728328 -0.521202 1.923004 0.586183 -1.289461 -0.556941
22 101304.9962851183 17.0000000000 1.0000000000 1.8857970066 1.0000000000 6.3143745549 0.9983692886 3.1166964317 0.0439517876 2.6430760822 0.0372727730 9.7137966473 -1296.9345317261 27.0247656924 6.9326744421 -1.616811 1.159123 -1.839358 -1.228402 1.183115 0.807790 -1.489812 2.071814 1.121269 -2.553926 0.086470 1.133298 2.161539 -0.461525 0.257635 -1.886326 0.546563 2.346141 0.447998 -0.750408 -2.763095 0.828187 -2.398964 -1.641858 -0.168937 -0.423851 0.067765 2.269253 -0.029075 -1.894503 1.954970 -0.151756 0.187092 2.531524 -0.761053 1.047577 1.041382 -2.066401 0.327616 -0.517176
28 1628.4189469071 17.0000000000 1.0000000000 1.8857970066 1.0000000000 6.3143745549 0.9983692886 3.1166964317 0.0439517876 2.6430760822 0.0372727730 9.7137966473 -1296.9345317261 27.0247656924 6.9326744421 -3.209125 1.593014 1.738022 -0.481350 -0.754323 0.895564 5.000000 0.503422 3.438415 -2.044622 2.736600 0.539430 2.689848 -0.912892 2.386817 -0.307547 3.426161 1.393821 -0.103798 2.126000 -1.984902 4.610028 0.034565 1.360090 -0.686057 2.902079 2.606939 0.453400 0.886681 -3.379276 1.077178 -1.530131 -1.703660 2.308262 3.429682 4.009451 -0.133394 2.808533 0.158171 2.471181
33 411.1997051257 17.0000000000 1.0000000000 1.8042693638 2.0000000000 6.3018184386 0.9963557511 3.9035801673 0.2247959300 3.3498018793 0.1921404841 15.2379381227 -1266.0351077554 26.9565400283 6.8479022239 -1.968688 3.326122 3.611257 -1.364824 0.588256 0.972940 -0.716570 -2.774044 1.141573 -1.907998 1.229585 2.890598 2.832993 0.177743 0.860775 -5.000000 3.771832 0.430122 -1.044567 -0.717961 -1.931516 1.681642 -1.679695 -0.065947 -2.256884 -0.439389 3.273443 -0.393900 0.222478 -0.246462 -0.848371 -0.506772 -1.200727 -0.309054 -1.775363 3.769037 0.740204 1.105067 0.443509 -0.936196
818 396.7186678725 17.0000000000 1.0000000000 0.9261657826 54.0000000000 5.7458627625 0.9052682747 5.3701451492 0.2022274808 4.5472690308 0.1310158885 28.8384589236 -761.1682237101 26.4942107113 6.7734721151 -0.454079 0.968143 -3.809404 -4.905255 1.544415 2.203644 3.395793 -0.121877 3.677607 1.568631 -1.180697 -1.706788 -0.649754 3.189388 -1.096569 1.580000 4.041551 0.055324 0.678683 -1.710185 -2.727481 -1.159911 -0.737751 -0.870033 0.850337 -0.592682 1.161353 2.037393 0.024778 4.120300 3.465237 3.624641 -1.934813 2.108001 2.036264 1.213499 -2.662917 -2.389697 -1.945949 5.000000
1005 299943.2005764580 17.0000000000 1.0000000000 0.7924124245 67.0000000000 5.6172402722 0.8843019357 6.3717781788 0.0423508485 5.5419828707 0.0331921060 40.5995571598 -600.5603712740 24.5097534895 6.3003119806 -3.225743 3.410646 -5.000000 -3.920853 1.524463 2.938988 2.726949 -0.465649 1.094583 1.905315 0.109165 -4.357376 -1.216019 2.154101 -0.650791 1.674801 2.762832 -0.155078 -1.750091 -2.412289 -3.983173 -2.041062 0.634306 -1.573951 1.035496 1.959740 -1.255008 0.212110 0.929727 3.306933 4.415269 1.256362 -0.441522 4.267949 1.077360 2.693372 -0.639432 -1.475281 0.569945 4.817880
evaluations raw_y rep iid sigma t d_norm d_mean ps_norm ps_mean pc_norm pc_mean ps_squared loglikelihood mhl_norm mhl_mean x0 x1 x2 x3 x4 x5 x6 x7 x8 x9 x10 x11 x12 x13 x14 x15 x16 x17 x18 x19 x20 x21 x22 x23 x24 x25 x26 x27 x28 x29 x30 x31 x32 x33 x34 x35 x36 x37 x38 x39
1 386280.7162371856 18.0000000000 1.0000000000 0.7924124245 67.0000000000 5.6172402722 0.8843019357 6.3717781788 0.0423508485 5.5419828707 0.0331921060 40.5995571598 -600.5603712740 24.5097534895 6.3003119806 0.158857 4.380405 -0.269784 0.321036 0.885396 1.246783 2.017807 0.788498 -0.672773 -1.291813 1.610915 0.832886 1.149239 -2.203343 -1.989514 2.691039 1.163736 1.074477 4.134094 -0.580648 1.202730 -1.129054 -2.335903 -2.044004 1.767039 -1.067489 -2.700864 0.460188 1.789710 2.741520 4.927403 2.255803 -1.638428 0.134928 2.154433 -1.107090 1.355235 2.082987 -3.502844 0.237339
8 230770.7162936571 18.0000000000 1.0000000000 0.7924124245 67.0000000000 5.6172402722 0.8843019357 6.3717781788 0.0423508485 5.5419828707 0.0331921060 40.5995571598 -600.5603712740 24.5097534895 6.3003119806 2.927242 -0.300644 -4.410839 -0.452569 -1.692160 -2.553686 -1.721457 0.248585 -3.780428 -0.698822 0.702450 -2.014212 0.408729 -0.055282 0.823357 1.427780 -2.469272 1.655109 -0.514712 -2.837529 -2.981342 -1.776009 0.852345 -2.127522 -0.215725 -3.755300 1.391374 -1.931037 -2.127688 -1.769133 1.250241 0.941507 -2.585614 0.888226 -0.112072 -1.421698 -0.972943 0.197319 -1.145406 -0.874721
9 7815.6357285459 18.0000000000 1.0000000000 0.7924124245 67.0000000000 5.6172402722 0.8843019357 6.3717781788 0.0423508485 5.5419828707 0.0331921060 40.5995571598 -600.5603712740 24.5097534895 6.3003119806 -1.101999 0.034039 2.478488 -0.045228 -0.357461 -0.252806 1.977281 -1.116527 -2.768999 -2.523433 1.078555 2.454126 -3.429098 -0.667773 1.498514 2.271459 -5.000000 -0.674698 1.299123 -3.762915 5.000000 -1.929898 2.413297 0.563033 1.403225 4.838130 -0.501393 0.498251 1.181354 1.145022 1.318216 2.280896 -0.172143 -0.637262 -3.721856 3.264161 1.189667 -2.606414 3.718333 3.107814
16 532.9841761594 18.0000000000 1.0000000000 1.9016245352 1.0000000000 6.3167849372 0.9987406266 3.5671041162 -0.0464096649 3.0250387803 -0.0393571456 12.7242317762 -1302.8189572564 27.0128532151 6.9272663412 1.713994 -0.582445 1.017057 0.458166 -2.273033 -4.152020 -1.884312 -5.000000 -3.904051 -2.589574 -0.147859 2.957881 -0.701422 -1.592522 0.678596 -0.755663 -4.546398 -3.194759 0.139871 -1.950440 -1.572152 -5.000000 3.439079 2.692779 0.215278 -0.612725 -1.245030 1.627902 -0.670870 2.152039 5.000000 1.767423 -1.313199 -5.000000 0.521672 1.885339 -3.407919 -0.621006 -0.248868 -0.393187
278 327.0209074180 18.0000000000 1.0000000000 1.1997047804 18.0000000000 6.1082829802 0.9652568735 4.4318541490 -0.0588490412 4.2348883818 -0.0771944511 19.6413311981 -938.5141847152 24.9274457222 6.3643631007 -1.809690 1.030671 -0.441297 -3.194385 -2.534502 1.296916 -4.359103 -0.134943 -3.577331 0.234418 3.613598 -4.310064 2.696899 -0.526582 -4.756884 1.611114 -3.275680 -4.392616 -0.063105 -1.850099 1.077098 -0.242008 3.694855 -0.821566 0.992260 1.262227 1.290761 -0.736922 -0.685788 2.681833 4.740979 2.055266 -3.818818 -3.377145 0.291179 3.245912 1.508242 -0.984123 -3.260903 -1.236425
1005 2669.0035613128 18.0000000000 1.0000000000 0.5590121043 67.0000000000 5.5887960137 0.8809083472 5.1272276129 0.0817599999 4.5116211320 0.0953072109 26.2884629946 -369.8684321319 23.5034906830 6.0314882056 1.971610 -0.617905 2.304312 -2.282414 -2.690276 1.571916 -1.216085 -1.466997 -0.954309 1.708291 2.089226 -4.266453 3.520559 -0.235067 -3.629684 2.405370 -0.309701 -4.296248 3.858452 -2.411250 3.800815 1.598739 3.639746 -2.558857 1.018007 -1.463947 0.788215 -3.012964 2.056165 4.179968 3.330381 1.661929 -4.615320 -3.647087 -0.751701 3.096056 1.738615 -4.053295 -2.310447 -0.756226
evaluations raw_y rep iid sigma t d_norm d_mean ps_norm ps_mean pc_norm pc_mean ps_squared loglikelihood mhl_norm mhl_mean x0 x1 x2 x3 x4 x5 x6 x7 x8 x9 x10 x11 x12 x13 x14 x15 x16 x17 x18 x19 x20 x21 x22 x23 x24 x25 x26 x27 x28 x29 x30 x31 x32 x33 x34 x35 x36 x37 x38 x39
1 5884.4266657457 19.0000000000 1.0000000000 0.5590121043 67.0000000000 5.5887960137 0.8809083472 5.1272276129 0.0817599999 4.5116211320 0.0953072109 26.2884629946 -369.8684321319 23.5034906830 6.0314882056 0.442007 -0.680930 -1.155497 -0.808063 -1.206579 -0.487705 2.070687 1.161507 0.504827 -2.925092 -3.096683 0.530545 -0.001792 -2.031985 0.223979 -2.383904 3.111088 -1.866600 1.053068 -0.299929 1.045571 2.684310 3.117043 2.511988 1.817207 -1.681803 2.011170 -2.047608 0.363548 -0.833362 3.956817 3.834889 -2.062014 -0.966624 -1.290160 0.120696 1.095861 1.690297 -2.414363 0.749681
9 3541.5296362235 19.0000000000 1.0000000000 0.5590121043 67.0000000000 5.5887960137 0.8809083472 5.1272276129 0.0817599999 4.5116211320 0.0953072109 26.2884629946 -369.8684321319 23.5034906830 6.0314882056 2.232897 -0.973441 0.578767 2.416675 -1.868079 0.215620 2.626368 -0.383970 2.999500 -0.451252 0.248129 0.848591 -0.177960 -0.472336 -4.840597 -1.711728 3.222040 0.808181 -1.689550 -3.162880 1.546827 -1.335918 -1.721324 0.159398 -0.291607 -1.007712 0.393468 1.559983 -3.245090 2.397419 2.433952 1.532351 -2.605776 0.683776 0.958950 -2.362182 -2.723913 -1.189477 -0.078146 -0.576984
125 405.7633424309 19.0000000000 1.0000000000 1.5706939003 8.0000000000 6.2282568597 0.9845269028 5.2025466193 -0.0174961894 4.8385706769 -0.0188592143 27.0664913265 -1116.0618979205 24.8686867858 6.3523683676 -3.544772 0.532338 0.593456 -2.385355 0.967457 -0.069289 1.631508 2.030081 3.763313 3.270977 -0.798330 0.935678 -1.729877 1.766337 -1.987700 -5.000000 -2.608151 -4.353691 3.702125 -3.601921 2.376869 -5.000000 3.114414 2.335794 1.201508 0.726021 -1.583082 4.185122 -1.306624 -0.767583 2.493903 -2.602618 -0.688804 1.908148 -4.072932 -2.378011 -1.292521 2.310025 -1.908948 2.010970
256 355.1546188882 19.0000000000 1.0000000000 1.3232516185 17.0000000000 6.1233391367 0.9675103468 4.7579631320 0.0659892246 4.6134173010 0.0452519563 22.6382131655 -993.3487340289 24.6461052334 6.2745258242 -3.280779 0.211989 -5.000000 -1.067263 3.565133 2.060253 -0.048574 3.322260 1.570614 4.384841 -4.560778 -1.310181 -1.455431 1.919656 0.704441 -1.606318 -1.469625 -4.883790 -2.089148 -2.996777 1.618650 -2.808701 2.013280 0.333304 -1.991183 3.009809 -3.233503 4.274883 0.955856 -1.107179 3.940109 -1.765351 -0.992153 1.448788 -3.723848 -1.789962 2.310349 1.974774 -0.505172 3.497306
455 337.9842986508 19.0000000000 1.0000000000 1.1079324712 30.0000000000 5.9844378166 0.9449980507 6.1981883999 0.0599468333 5.6430429818 0.0619988941 38.4175394403 -904.2893993678 26.3274498757 6.7306958377 -2.033048 1.673590 -1.559455 1.340593 0.739209 3.285838 1.712676 1.660909 2.060239 1.936368 -3.200153 -1.005785 -1.605627 -0.845557 -1.519590 -2.457778 -2.805537 -2.346393 -1.394430 -0.887876 4.715025 -4.077265 1.690659 3.413546 -1.333948 -1.226841 -2.952465 3.055447 2.384424 -0.663544 2.419267 -4.713207 -0.280458 0.751193 -0.702096 -5.000000 3.341058 2.685671 -1.952963 0.882029
1005 147028.8918630228 19.0000000000 1.0000000000 0.7434998315 67.0000000000 5.6059729665 0.8828628151 6.3043180654 0.1349106036 5.3676352540 0.1111095715 39.7444262695 -617.8630941507 27.0019881444 6.8920140770 -1.539315 1.725219 -1.362685 2.797001 3.209221 4.641661 1.674153 0.719494 2.250353 2.817649 -1.138188 -0.374758 -2.611432 -1.895187 -3.574840 -1.149130 -0.309749 -3.129725 0.162684 0.120269 -1.751537 -2.765118 2.813007 3.657645 -1.428858 -0.873367 3.460363 -0.213721 2.962809 -0.477371 2.282381 -3.396173 -0.369891 3.278314 -0.388882 -4.130338 2.788264 2.597454 -3.458319 -3.299880
evaluations raw_y rep iid sigma t d_norm d_mean ps_norm ps_mean pc_norm pc_mean ps_squared loglikelihood mhl_norm mhl_mean x0 x1 x2 x3 x4 x5 x6 x7 x8 x9 x10 x11 x12 x13 x14 x15 x16 x17 x18 x19 x20 x21 x22 x23 x24 x25 x26 x27 x28 x29 x30 x31 x32 x33 x34 x35 x36 x37 x38 x39
1 15147155.3048161268 0.0000000000 2.0000000000 0.7434998315 67.0000000000 5.6059729665 0.8828628151 6.3043180654 0.1349106036 5.3676352540 0.1111095715 39.7444262695 -617.8630941507 27.0019881444 6.8920140770 3.528105 0.800314 1.957476 4.481786 3.735116 -1.954556 1.900177 -0.302714 -0.206438 0.821197 0.288087 2.908547 1.522075 0.243350 0.887726 0.667349 2.988158 -0.410317 0.626135 -1.708191 -5.000000 1.307237 1.728872 -1.484330 4.539509 -2.908731 0.091517 -0.374368 3.065558 2.938718 0.309895 0.756325 -1.775571 -3.961593 -0.695824 0.312698 2.460581 2.404760 -0.774654 -0.604606
3 9124299.6195776053 0.0000000000 2.0000000000 0.7434998315 67.0000000000 5.6059729665 0.8828628151 6.3043180654 0.1349106036 5.3676352540 0.1111095715 39.7444262695 -617.8630941507 27.0019881444 6.8920140770 -2.330300 1.801653 0.931325 -3.072487 2.976504 3.791778 2.357559 -0.359850 -2.141505 2.108903 -0.806354 2.444890 0.416550 1.953278 0.712733 1.413146 0.021000 3.571741 0.253824 0.803979 3.766301 -2.695518 -2.540970 1.938793 -2.346247 3.887242 -0.827238 -1.494910 3.845884 2.961030 3.735118 1.812089 -1.722451 3.820130 -0.536007 1.604913 1.894504 -0.310020 1.228159 1.844413
4 7926000.3071883731 0.0000000000 2.0000000000 0.7434998315 67.0000000000 5.6059729665 0.8828628151 6.3043180654 0.1349106036 5.3676352540 0.1111095715 39.7444262695 -617.8630941507 27.0019881444 6.8920140770 0.752851 -2.198802 0.596476 2.652772 -1.389136 -0.299269 -0.870307 3.698527 1.344590 0.814924 -1.539832 1.078498 -1.348665 0.063661 -1.271692 1.352867 1.153182 -0.416598 0.792013 -2.186123 -2.982515 0.878783 0.333347 1.270063 4.766290 1.888959 -1.825644 2.234033 -2.631815 -0.923169 -0.136483 3.426685 -1.489510 -1.652877 -0.196905 -1.326957 2.253272 -2.159863 -2.294937 -0.875640
5 2723683.6943659834 0.0000000000 2.0000000000 0.7434998315 67.0000000000 5.6059729665 0.8828628151 6.3043180654 0.1349106036 5.3676352540 0.1111095715 39.7444262695 -617.8630941507 27.0019881444 6.8920140770 -0.996065 3.859064 1.898842 0.175102 -2.450871 1.688726 -2.000431 -3.089542 2.376060 0.633885 1.841718 0.637455 1.713661 -1.302051 -2.068486 1.363189 -1.606819 -1.379100 -0.911065 0.034958 -0.707988 -2.749903 -1.287237 -4.446806 1.250463 -3.204115 -2.208767 0.104330 -1.479126 3.086029 -2.585714 0.534102 -0.078566 -2.336187 1.046553 -0.343093 1.543581 1.647008 4.326472 2.673056
6 1634703.2222259804 0.0000000000 2.0000000000 0.7434998315 67.0000000000 5.6059729665 0.8828628151 6.3043180654 0.1349106036 5.3676352540 0.1111095715 39.7444262695 -617.8630941507 27.0019881444 6.8920140770 -0.738364 -0.478758 2.199319 1.310527 1.280263 -3.233912 -0.048652 -1.476062 0.559849 -0.196301 1.820358 0.634436 1.572656 -0.932838 -1.888893 -0.820099 -0.034041 0.758303 4.518618 -0.084514 -1.911890 -0.691964 -0.927192 0.962963 -3.081594 0.126524 0.313013 0.464362 -1.194632 -0.475843 -2.848122 -0.986640 -1.085723 0.832100 -2.312365 1.562396 2.988969 -4.139970 0.852517 1.353816
7 1257323.5123759124 0.0000000000 2.0000000000 0.7434998315 67.0000000000 5.6059729665 0.8828628151 6.3043180654 0.1349106036 5.3676352540 0.1111095715 39.7444262695 -617.8630941507 27.0019881444 6.8920140770 -1.274874 -0.794544 -0.265761 -0.595582 -0.618026 -3.352008 2.304663 2.159237 -1.626729 -2.932849 1.042130 -1.151576 0.283906 -0.638657 1.383078 1.389498 -1.451195 -2.766728 -3.165877 1.220759 -2.377719 -1.013633 -1.192628 -0.105135 -3.872560 0.377557 1.047782 0.176844 -0.621772 0.194800 0.798093 -5.000000 3.911825 0.780187 -1.304817 -0.781907 0.987484 -0.232208 -4.061369 4.128986
9 536550.4248043045 0.0000000000 2.0000000000 0.7434998315 67.0000000000 5.6059729665 0.8828628151 6.3043180654 0.1349106036 5.3676352540 0.1111095715 39.7444262695 -617.8630941507 27.0019881444 6.8920140770 -1.439209 -1.625986 0.549033 -1.781830 -2.314711 -0.624585 -0.315334 4.513447 -1.409401 1.886521 1.494377 -2.377890 1.546506 -2.367761 -5.000000 1.212639 -3.511781 0.901869 -1.368022 3.319102 2.137019 -0.906772 -1.375675 -2.428155 -0.881845 -0.560711 -0.729387 0.313408 1.157043 0.699309 -1.528288 -2.875583 2.729064 -1.378898 -1.304587 -1.042379 -3.686139 -0.955948 -0.959312 1.240717
13 47760.6492046716 0.0000000000 2.0000000000 0.7434998315 67.0000000000 5.6059729665 0.8828628151 6.3043180654 0.1349106036 5.3676352540 0.1111095715 39.7444262695 -617.8630941507 27.0019881444 6.8920140770 1.542812 2.058878 -1.817526 -0.848635 1.725192 -5.000000 3.026656 1.106264 -0.091408 0.441015 -2.059871 -0.699887 2.200569 2.596044 5.000000 -0.147849 -1.317106 -1.028468 -2.036084 -0.155710 0.765465 -0.068485 2.192694 -0.468432 -0.694901 -1.162537 -3.265269 -3.135535 -2.358316 2.602856 1.790521 2.749928 -2.664423 -3.937249 -1.320113 0.351638 0.997381 2.095944 0.568559 3.485338
15 45852.1395319685 0.0000000000 2.0000000000 0.7434998315 67.0000000000 5.6059729665 0.8828628151 6.3043180654 0.1349106036 5.3676352540 0.1111095715 39.7444262695 -617.8630941507 27.0019881444 6.8920140770 4.022513 -0.089191 0.390139 -3.563126 -1.458089 0.393115 0.709515 1.233773 0.017256 1.054008 0.907564 -3.659481 0.074011 1.535805 1.179760 -0.727718 -1.611253 -2.236624 -0.262108 2.266160 -3.903608 -1.319783 -2.279605 1.569915 -1.108619 -0.941275 -0.433899 0.890787 -0.784778 -5.000000 1.086624 0.878086 -0.439082 -2.168073 0.703560 0.758471 -0.940066 -0.433463 -1.860313 -0.357178
27 21391.5606241398 0.0000000000 2.0000000000 1.8926399028 1.0000000000 6.3124760702 0.9980702050 3.3118884509 -0.1498104776 2.8086062737 -0.1270449332 10.9686051113 -1292.2806204532 26.8054249289 6.8368152851 3.780863 0.331923 -1.212417 -2.355134 -1.031659 -1.981994 1.310526 -1.127591 -0.773738 -2.135296 -2.789601 -1.139500 4.270784 2.493102 0.231387 0.550195 -1.771094 -0.028201 -1.647235 1.896235 0.581316 -4.961294 -3.666897 -0.312130 -2.143383 0.029866 -2.666718 1.249421 -3.195589 -1.400341 0.164093 2.619865 0.015078 2.888366 -0.466692 1.437451 1.371417 0.091915 0.232084 2.242977
47 3339.7740541287 0.0000000000 2.0000000000 1.7681702306 3.0000000000 6.2861858153 0.9938683003 4.9045779966 -0.0983765410 4.2717328306 -0.0904933650 24.0548853249 -1222.6804148701 25.8771487261 6.5776121119 3.636628 -1.765604 0.294625 -2.322183 -3.426539 -1.152930 1.038021 0.186421 -1.941215 0.383032 -3.548067 -1.206796 2.352922 0.026383 1.308029 1.082522 -1.644813 -0.265748 -0.416750 4.301864 1.293671 -1.436586 -3.630031 -3.437457 0.102435 1.204676 2.054909 -0.823349 -1.677392 -1.815678 -2.796662 -0.883266 2.511175 -2.080147 1.180723 1.122731 1.135679 -0.097799 -1.936860 1.953087
97 2494.5630057968 0.0000000000 2.0000000000 1.6802501342 6.0000000000 6.2474705509 0.9876564103 5.1493677404 -0.0937229577 4.7073569091 -0.0936657403 26.5159881264 -1183.8296100193 25.7963322625 6.5526549210 4.317536 -1.003073 -0.118955 -1.446611 -4.382124 -4.206457 5.000000 5.000000 -0.682213 -2.985131 -1.258185 -2.948112 5.000000 -2.089881 0.954665 1.474853 -3.860637 -1.458245 -2.235944 2.118349 1.156307 -2.382840 -1.938030 0.706801 -0.448194 0.467167 -3.163101 -3.080898 0.642292 -4.162169 -2.804531 0.713832 0.599060 1.761452 1.406739 1.194107 2.553019 1.332167 -1.221763 -1.865041
176 373.8731255310 0.0000000000 2.0000000000 1.5286086121 11.0000000000 6.1925545253 0.9787834630 5.1834828500 -0.2645750572 4.8429084330 -0.2503868913 26.8684944565 -1126.4222930905 26.1181339564 6.6718380434 1.843270 1.522913 -1.172153 -2.950036 -2.128775 -4.291500 -0.963629 2.631284 -2.303314 1.441258 -1.828110 -1.408056 2.151113 0.886165 -1.057657 0.111011 -0.332490 0.344705 -3.434339 0.160097 -0.039227 -2.803922 -0.742807 -2.502890 -0.930753 -0.222258 -1.395251 -1.982431 -5.000000 -3.608759 -0.887591 -2.538006 -1.299910 2.461281 -0.377018 1.588908 2.622603 2.241039 -3.656740 -2.685657
1005 494177.6722323964 0.0000000000 2.0000000000 0.7686370143 67.0000000000 5.6181886584 0.8845508389 5.6303745051 0.1509605236 5.1158336102 0.1225188158 31.7011170676 -582.3952674485 24.4490507955 6.2538935444 0.117785 -4.479303 1.031883 -4.507671 -2.885531 -2.293344 2.504652 -1.128612 -0.841758 0.654948 -0.557016 2.650852 1.223106 1.199319 1.643931 3.130024 5.000000 -1.231795 -0.334045 2.417808 0.717595 -2.655408 0.709726 -0.195477 -2.130177 -1.765242 -1.713914 -2.047587 -1.909613 -3.688396 -4.791387 1.080602 -0.887450 -0.180114 0.208379 4.547573 -0.508168 2.224903 -5.000000 3.187449
evaluations raw_y rep iid sigma t d_norm d_mean ps_norm ps_mean pc_norm pc_mean ps_squared loglikelihood mhl_norm mhl_mean x0 x1 x2 x3 x4 x5 x6 x7 x8 x9 x10 x11 x12 x13 x14 x15 x16 x17 x18 x19 x20 x21 x22 x23 x24 x25 x26 x27 x28 x29 x30 x31 x32 x33 x34 x35 x36 x37 x38 x39
1 2780127.2238768982 1.0000000000 2.0000000000 0.7686370143 67.0000000000 5.6181886584 0.8845508389 5.6303745051 0.1509605236 5.1158336102 0.1225188158 31.7011170676 -582.3952674485 24.4490507955 6.2538935444 3.248691 -1.223513 -1.056344 -2.145937 1.730815 -4.603077 3.489624 -1.522414 0.638078 -0.498741 2.924216 -4.120281 -0.644834 -0.768109 2.267539 -2.199783 -0.344856 -1.755717 0.084427 1.165630 -2.201238 2.289447 1.803181 1.004989 1.801712 -1.367456 -0.245780 -1.871539 -0.535776 1.060711 -1.383322 -0.793507 -1.374345 -1.690411 -1.342492 -0.025329 -2.234621 0.468831 3.319604 1.484088
4 457360.4751242315 1.0000000000 2.0000000000 0.7686370143 67.0000000000 5.6181886584 0.8845508389 5.6303745051 0.1509605236 5.1158336102 0.1225188158 31.7011170676 -582.3952674485 24.4490507955 6.2538935444 -0.049234 -1.550323 2.547512 3.934203 -3.715964 2.472328 3.255302 0.676023 -2.398536 1.726691 -0.361841 -1.207841 -2.460116 1.101075 1.585614 -1.247061 1.041153 -2.288683 1.603722 0.093135 -0.373140 -0.203492 1.737772 1.500823 1.058931 0.275402 0.155642 1.236761 0.464989 1.365103 -0.620234 -4.869676 2.077649 4.373959 0.882729 -0.200310 -0.272889 -0.238108 0.034819 -2.244037
20 1947.2253372113 1.0000000000 2.0000000000 1.9027843183 1.0000000000 6.3113750863 0.9978933666 3.5999607755 0.0591408557 3.0529024662 0.0501536754 12.9597175855 -1297.1723116455 26.8722322054 6.8240478276 0.638403 -2.673459 2.339440 3.858883 -0.040146 2.600656 2.406064 0.010822 3.890453 0.373074 -0.612980 -2.012692 0.746352 2.580369 0.411980 -0.730010 -1.695698 2.058031 -1.433963 -2.848199 -0.202908 -2.545091 1.327552 3.052568 -0.915308 0.186572 3.794477 4.931534 0.981287 3.653242 1.751956 -4.029535 3.534396 0.458006 -1.430460 1.502329 2.743073 0.285789 1.660411 0.026258
24 1603.6797894596 1.0000000000 2.0000000000 1.9027843183 1.0000000000 6.3113750863 0.9978933666 3.5999607755 0.0591408557 3.0529024662 0.0501536754 12.9597175855 -1297.1723116455 26.8722322054 6.8240478276 -0.317431 -1.852985 -2.414696 0.137960 -1.988207 1.352164 2.621384 1.326194 3.208571 4.399524 1.681226 -0.417014 0.391136 -0.605765 -1.079592 -1.485184 0.027005 -1.019299 -1.670929 -0.383326 -0.643152 -1.870774 1.451019 1.637634 -1.499077 -2.214159 -0.996035 -0.970724 2.006919 0.215942 -0.478671 -2.565142 -0.207233 2.687287 -1.133261 -0.218965 -0.672403 -0.426800 3.635534 4.012896
61 410.0468081210 1.0000000000 2.0000000000 1.6950014201 4.0000000000 6.2723267362 0.9916550880 4.7529867834 0.0965986231 4.2078945370 0.0911240431 22.5908833630 -1185.5762681655 25.4768491211 6.5014837574 -0.633930 0.054066 0.875922 0.046463 -2.379329 4.853836 -0.868588 -2.193785 0.562441 -0.391284 2.301854 1.537393 0.235376 -2.916905 3.624427 -1.971077 -2.479277 -1.362987 -0.538773 -0.178725 1.405719 -1.530510 -0.197270 3.592405 -0.417613 -1.307544 -0.339926 3.681360 0.344792 1.984286 3.837072 -1.199822 3.525654 1.194978 0.368637 2.062742 -1.048984 0.767409 0.830133 -0.694547
1005 574797.4673798580 1.0000000000 2.0000000000 0.7962130788 67.0000000000 5.6002876562 0.8819725955 6.6115197026 -0.1689248138 5.5329856171 -0.1515750509 43.7121927777 -631.0187037589 25.7615933880 6.5970074531 3.591894 -3.134090 1.008924 -3.163670 -0.036901 1.018835 1.082957 -0.512648 4.063743 -1.816071 4.159800 -1.884984 3.930215 -0.034436 4.641957 1.480285 -3.175193 0.314096 2.327561 4.133674 1.037467 3.357012 -1.010709 -0.925183 4.093079 4.338713 2.616867 0.502548 3.327333 1.386703 3.304988 2.604982 4.675517 4.613689 3.274411 5.000000 3.870938 0.442206 -3.803131 4.995628
evaluations raw_y rep iid sigma t d_norm d_mean ps_norm ps_mean pc_norm pc_mean ps_squared loglikelihood mhl_norm mhl_mean x0 x1 x2 x3 x4 x5 x6 x7 x8 x9 x10 x11 x12 x13 x14 x15 x16 x17 x18 x19 x20 x21 x22 x23 x24 x25 x26 x27 x28 x29 x30 x31 x32 x33 x34 x35 x36 x37 x38 x39
1 22349204.9189429097 2.0000000000 2.0000000000 0.7962130788 67.0000000000 5.6002876562 0.8819725955 6.6115197026 -0.1689248138 5.5329856171 -0.1515750509 43.7121927777 -631.0187037589 25.7615933880 6.5970074531 -0.833516 -0.112534 -4.272392 3.280542 -3.586871 -1.683495 1.005763 -2.490576 -2.115904 -1.818015 1.102908 4.584416 0.083079 -2.235851 1.078117 -1.192319 -0.038261 2.350002 -1.495742 0.018051 -1.756216 -0.312868 0.513141 -1.977558 -0.677644 -0.472368 -1.275310 -2.375225 -2.842434 -0.306990 -0.538114 4.462734 -4.869535 0.225453 0.740889 2.719268 1.003714 -1.688427 0.000020 1.084705
3 14192418.3977827523 2.0000000000 2.0000000000 0.7962130788 67.0000000000 5.6002876562 0.8819725955 6.6115197026 -0.1689248138 5.5329856171 -0.1515750509 43.7121927777 -631.0187037589 25.7615933880 6.5970074531 -0.378939 -0.154437 1.649406 2.496426 -0.807785 -2.769037 2.734471 2.435771 -0.924011 0.701777 0.763732 1.132551 0.408416 2.813392 -3.475919 2.081648 0.760944 -0.434271 2.347063 -4.687206 2.323043 0.772156 -2.266267 0.866185 -0.608173 5.000000 3.670665 0.881380 -1.438508 -1.166829 -0.650099 -1.120469 -1.804492 -1.181945 -0.552359 -1.033768 -1.397180 -1.857784 5.000000 -2.946346
5 5270144.3113307096 2.0000000000 2.0000000000 0.7962130788 67.0000000000 5.6002876562 0.8819725955 6.6115197026 -0.1689248138 5.5329856171 -0.1515750509 43.7121927777 -631.0187037589 25.7615933880 6.5970074531 -2.510854 1.876327 -0.936693 -2.509441 0.249647 1.513004 0.482879 0.994851 5.000000 1.642242 3.063521 -3.971692 0.730107 1.548164 -0.728958 -1.751959 0.793040 -0.629235 -1.187511 2.299001 2.671132 0.605259 -0.908456 1.028741 1.658917 1.261244 -2.906729 -0.676036 0.718267 1.244441 1.921564 1.516741 -2.268637 -1.414842 -2.442858 3.608953 0.360820 1.106329 2.066058 -0.658005
8 37771.6001700936 2.0000000000 2.0000000000 0.7962130788 67.0000000000 5.6002876562 0.8819725955 6.6115197026 -0.1689248138 5.5329856171 -0.1515750509 43.7121927777 -631.0187037589 25.7615933880 6.5970074531 2.993904 -3.062222 -4.046728 0.535945 -0.004413 -0.278584 0.065131 -3.281120 -2.313398 2.468069 2.056370 -1.443759 3.866314 -2.141593 -1.142763 0.584864 -2.390000 -0.975861 -0.346142 -0.790693 1.741682 1.185614 -2.198595 -1.363061 0.360133 -0.133862 -1.575499 0.849507 1.639770 -1.262237 1.578119 -3.243348 -3.220999 0.999880 -1.669030 -1.993919 -0.526776 -1.354721 0.654134 -2.910719
9 23586.5794359225 2.0000000000 2.0000000000 0.7962130788 67.0000000000 5.6002876562 0.8819725955 6.6115197026 -0.1689248138 5.5329856171 -0.1515750509 43.7121927777 -631.0187037589 25.7615933880 6.5970074531 -0.743038 5.000000 0.219902 -3.827046 1.199641 1.098769 2.767562 0.296698 -1.307083 2.817668 1.424122 -3.601432 1.495198 -0.465794 2.221291 -0.746678 1.572292 0.388337 1.172408 -0.040775 -0.828817 0.134627 1.263598 0.835185 3.230353 0.851212 1.270728 4.204459 0.132253 1.071117 -1.206282 0.083915 3.283829 0.623395 2.902340 -2.129856 -2.801691 0.615051 -2.739277 5.000000
12 17836.3973394906 2.0000000000 2.0000000000 0.7962130788 67.0000000000 5.6002876562 0.8819725955 6.6115197026 -0.1689248138 5.5329856171 -0.1515750509 43.7121927777 -631.0187037589 25.7615933880 6.5970074531 1.153819 1.435611 -1.877998 1.257552 -1.128987 -4.175615 -0.430100 -2.150057 -0.675944 0.686425 4.565079 -0.991558 -0.327926 0.743244 0.373043 -0.316858 -2.165859 -1.913251 -0.366753 -2.319614 -1.315537 -2.502897 2.248966 -2.995680 3.804034 -1.160766 -2.109831 -2.365514 1.558960 2.053196 -1.697332 0.663079 -0.299183 -0.484881 0.302394 1.530139 -3.833261 -4.454683 0.413380 -0.141753
16 10625.4391277213 2.0000000000 2.0000000000 1.8893913323 1.0000000000 6.3108982158 0.9978148253 3.2193118786 -0.0201173057 2.7300978500 -0.0170602337 10.3639689714 -1310.0725165892 27.5143946704 7.0068112379 1.142592 1.696213 -0.993790 -2.057541 2.297093 0.310558 0.955438 0.727050 0.725274 4.183214 4.153092 -3.106753 0.201951 2.088123 4.666004 -0.229249 -0.118779 -3.608587 0.954408 -1.211763 -1.433177 -2.839661 0.599716 1.114393 2.999274 -0.984929 -1.321594 0.155694 -0.702280 1.942344 -2.575543 1.599614 3.300503 -1.136710 3.827430 2.301255 -1.338093 -1.980871 0.722527 -3.303796
44 733.3771117060 2.0000000000 2.0000000000 1.8143038496 2.0000000000 6.2972884526 0.9956408974 4.0998418422 0.1183778770 3.5596683127 0.1001801533 16.8087031312 -1218.7687318235 25.0380211145 6.3799434718 1.016415 1.508308 1.829270 -0.050628 0.242668 0.394352 1.367936 -0.997973 0.305208 1.415653 0.373229 -3.826281 1.464869 0.655549 -2.786362 -0.226616 1.135502 -1.098930 -0.176206 -2.150514 1.968875 -0.431673 1.908999 0.990648 0.718684 1.428348 -1.444624 -1.893904 5.000000 1.014579 -5.000000 0.206924 0.956224 -1.333323 3.117469 0.680503 -1.051804 -2.603150 1.045234 -2.542898
153 321.6511097302 2.0000000000 2.0000000000 1.5338079285 10.0000000000 6.2057934478 0.9808895184 4.6412764734 -0.0614151885 4.3226678945 -0.0534433687 21.5414473024 -1094.7380276806 24.6926332215 6.3446808468 -0.158125 1.558337 -0.585190 -3.023672 -0.784345 2.493294 -0.549093 -1.172775 1.198577 -0.348376 3.437251 -0.684545 0.587251 0.181739 0.012841 0.525899 1.002039 -1.512414 0.445847 -0.409448 0.513360 -3.125672 -0.335561 0.503016 1.590822 0.243624 -0.478181 4.293130 3.279110 1.667671 -3.378813 -5.000000 2.922594 -3.828123 3.397804 -0.356910 -0.490259 -1.780613 0.977614 -0.073530
1005 15499.4101218695 2.0000000000 2.0000000000 0.8444461427 67.0000000000 5.6231545034 0.8852626459 6.0088980604 0.2220227632 5.4104961560 0.2572694348 36.1068558997 -660.0221960939 25.4085698129 6.4703708036 0.872209 3.418269 -3.527173 1.001132 -1.574807 4.618581 4.016578 -1.926243 -1.356649 -4.068499 -4.968944 -2.190712 2.087759 0.266735 2.692108 -2.392814 3.686032 -2.239230 3.308651 -1.436589 4.820781 -1.390131 -0.717787 -2.999023 1.705288 0.022772 -2.331497 2.861533 -3.301150 -2.931448 -0.795350 -1.040891 1.118350 5.000000 2.519309 -2.516121 -0.825432 1.858532 -1.651656 2.401185
evaluations raw_y rep iid sigma t d_norm d_mean ps_norm ps_mean pc_norm pc_mean ps_squared loglikelihood mhl_norm mhl_mean x0 x1 x2 x3 x4 x5 x6 x7 x8 x9 x10 x11 x12 x13 x14 x15 x16 x17 x18 x19 x20 x21 x22 x23 x24 x25 x26 x27 x28 x29 x30 x31 x32 x33 x34 x35 x36 x37 x38 x39
1 2926614.4012159007 3.0000000000 2.0000000000 0.8444461427 67.0000000000 5.6231545034 0.8852626459 6.0088980604 0.2220227632 5.4104961560 0.2572694348 36.1068558997 -660.0221960939 25.4085698129 6.4703708036 3.577257 0.873020 0.192995 -3.726985 -0.554776 -0.709518 -0.165483 -1.254001 -0.087636 -0.954436 -2.627730 1.769245 1.762636 3.419146 0.100067 -0.809355 -1.090720 -3.092955 1.964735 -2.202135 -2.370093 -0.411300 2.972297 0.473433 -2.047570 -1.425986 1.250490 -0.321027 -1.537673 -0.460061 1.490113 3.952222 -2.488247 -1.252834 -1.607532 -4.838166 -1.847584 -2.047752 2.247956 -0.263828
3 740542.0137669920 3.0000000000 2.0000000000 0.8444461427 67.0000000000 5.6231545034 0.8852626459 6.0088980604 0.2220227632 5.4104961560 0.2572694348 36.1068558997 -660.0221960939 25.4085698129 6.4703708036 -2.741338 0.477126 1.228154 -1.675825 0.290126 2.335765 -0.048209 -1.777315 -5.000000 -1.943681 -1.182157 -1.032835 -1.919992 0.754590 -1.149417 -0.218909 1.358143 -1.710874 -0.600412 4.316299 1.748571 -2.587073 -0.159482 1.128971 2.466942 0.297973 -1.061164 -1.461053 1.290124 0.626121 -1.033296 -0.378143 -0.832396 1.449315 -1.379921 0.972829 1.703038 0.972499 -1.668480 2.689985
9 317195.8785182355 3.0000000000 2.0000000000 0.8444461427 67.0000000000 5.6231545034 0.8852626459 6.0088980604 0.2220227632 5.4104961560 0.2572694348 36.1068558997 -660.0221960939 25.4085698129 6.4703708036 4.039301 0.652525 1.722715 1.838016 -2.648977 -4.563585 -0.659156 1.794299 0.182069 1.570864 1.873265 -2.984794 0.575367 3.932949 -1.141065 -4.058144 -0.463809 -0.929337 0.836762 -1.784813 0.181434 -4.434835 1.707927 3.173733 2.595755 -3.030431 0.638392 -5.000000 0.566372 -0.128720 -1.991588 0.687589 0.276029 1.879006 0.254617 0.470054 -3.890145 -2.319446 -0.951799 0.593689
17 120327.8465399164 3.0000000000 2.0000000000 1.8928983005 1.0000000000 6.3140096893 0.9983081470 3.3192453486 -0.0035067587 2.8148452003 -0.0029738636 11.0173896840 -1307.0356216614 27.3174402461 7.0205844153 -1.800277 4.672220 0.764773 0.041846 0.589825 0.920378 -1.370708 1.899503 2.142936 -4.318410 3.998940 -0.413619 -0.623654 0.742658 5.000000 -2.781940 1.162975 -2.504730 4.670067 1.243371 -0.358588 -1.379218 1.650858 3.070682 -2.099062 1.879765 -5.000000 0.319710 -0.345169 -0.519838 2.151795 1.556152 2.153621 1.478161 0.069235 -4.764712 -1.155480 -0.582418 0.426406 1.245615
18 47433.9781800096 3.0000000000 2.0000000000 1.8928983005 1.0000000000 6.3140096893 0.9983081470 3.3192453486 -0.0035067587 2.8148452003 -0.0029738636 11.0173896840 -1307.0356216614 27.3174402461 7.0205844153 1.923912 1.057447 1.095325 2.603140 -1.366485 -0.632532 -1.900069 5.000000 0.445604 -1.247759 0.080899 -1.178009 -0.975520 -1.081918 -3.086445 -2.047661 0.189939 -4.080897 0.585192 -0.151998 0.766755 -1.981646 0.418443 3.777701 1.895359 -2.647047 0.103479 -2.863267 1.151901 -0.251022 -2.092712 -1.564045 2.452335 0.199733 -4.535688 -0.503514 -2.845976 -0.503584 -2.783157 1.339599
31 3133.6161203154 3.0000000000 2.0000000000 1.8159699431 2.0000000000 6.3031749319 0.9965737807 4.0493728954 -0.0450418258 3.5028427679 -0.0378064213 16.3974208459 -1220.4597789334 25.0551261728 6.4215477769 -0.936010 3.191813 2.228637 0.719169 1.119113 0.148158 -1.648286 0.124486 0.052450 1.585855 1.719619 -4.521636 -0.545335 0.440964 0.492262 -1.772611 1.685889 -2.481979 1.963211 0.218970 -1.161568 -1.871751 -1.420397 0.990679 -1.102850 1.224923 -2.736134 0.940846 -0.607683 0.512474 -1.705659 -1.333403 0.589480 1.242628 -0.166740 -0.453448 -0.158839 -0.151466 0.794218 3.654569
51 465.7250839960 3.0000000000 2.0000000000 1.7338811685 3.0000000000 6.2886268901 0.9942585400 3.7924298391 -0.0381483530 3.3490137242 -0.0327733991 14.3825240848 -1226.0628726435 26.4560027738 6.7222484198 1.785341 3.235702 2.209276 -1.901659 1.080587 -2.305344 -0.831325 1.842753 1.040194 -0.047988 -1.470600 -2.040066 1.937780 -2.053265 0.641187 -2.311109 0.224325 -3.656114 3.309910 2.840148 0.245150 -0.776495 1.804950 1.864636 1.234090 -0.173323 -1.361737 1.213897 0.362443 3.601842 -0.908433 -0.180400 2.774007 2.221777 0.690003 -2.795949 -2.704590 -2.452367 3.549435 -2.126834
118 399.1969618465 3.0000000000 2.0000000000 1.5551291443 7.0000000000 6.2409611670 0.9866212588 5.1463811283 -0.0917581971 4.7347461811 -0.0813863578 26.4852387178 -1131.7256657648 25.6062740475 6.5026082013 3.610923 0.007490 0.225446 -2.599918 -1.668125 -1.373109 -0.828712 0.806329 0.793791 3.101899 1.065470 -1.577968 0.894479 -1.342079 0.204104 -5.000000 -1.931175 -1.426124 1.924823 -0.803475 -2.378752 -1.576252 1.010691 3.700063 2.928546 0.565433 -0.089089 1.635585 2.037964 1.748971 -4.482504 2.828469 -2.359264 -3.335802 -2.125101 -0.469228 -1.968872 -2.112592 4.172711 0.566101
187 394.1146681382 3.0000000000 2.0000000000 1.4438174593 12.0000000000 6.1927912259 0.9788091607 5.2364527351 -0.0169355132 4.8566456719 -0.0296559359 27.4204372471 -1102.2596431614 26.4235432993 6.7328117690 2.175535 2.560809 1.999262 -1.015324 0.414993 -3.589734 -0.847742 -1.166284 2.768233 3.762168 5.000000 -2.836497 2.131418 -1.827009 -1.154994 -3.597211 -4.232213 -1.134225 2.806260 -1.905522 -2.852880 -4.459169 0.918762 0.412104 3.090951 -1.657169 0.408102 0.392562 1.145889 0.954773 -4.187231 0.113368 -3.264656 3.010184 1.719576 -1.862642 -1.815126 -1.900534 3.138782 -2.497989
1005 138263.2106896794 3.0000000000 2.0000000000 0.7117924496 67.0000000000 5.6187051004 0.8848720008 6.0078470211 0.3629875100 5.3987781453 0.3162053775 36.0942258295 -576.1429785832 26.0978417514 6.6717216666 -0.056088 3.989343 2.496450 1.180215 -1.632903 3.201709 -2.418928 0.313010 1.200894 0.655179 1.007225 -3.866839 0.868423 -4.262834 0.119508 -4.188956 0.080633 2.161492 3.357423 2.573105 4.202487 -2.980891 -3.254806 -1.527601 -3.256282 -4.492090 1.192971 -0.262848 4.108918 1.786444 -3.075897 1.856649 -2.563973 -0.268936 0.628162 -0.535572 4.285819 -3.100348 1.379466 0.298902
evaluations raw_y rep iid sigma t d_norm d_mean ps_norm ps_mean pc_norm pc_mean ps_squared loglikelihood mhl_norm mhl_mean x0 x1 x2 x3 x4 x5 x6 x7 x8 x9 x10 x11 x12 x13 x14 x15 x16 x17 x18 x19 x20 x21 x22 x23 x24 x25 x26 x27 x28 x29 x30 x31 x32 x33 x34 x35 x36 x37 x38 x39
1 19955552.7651738524 4.0000000000 2.0000000000 0.7117924496 67.0000000000 5.6187051004 0.8848720008 6.0078470211 0.3629875100 5.3987781453 0.3162053775 36.0942258295 -576.1429785832 26.0978417514 6.6717216666 0.101123 0.999903 -1.991818 1.387197 -0.836603 -3.169154 -1.295414 1.197150 0.664500 -2.294953 1.237339 -0.175974 0.850145 0.664506 -2.313633 0.701994 -1.213775 3.093959 1.446683 0.092271 -1.965983 0.108865 0.319786 -2.417896 4.446720 0.788590 3.384715 -2.225624 3.271495 -2.721931 -1.302452 1.084903 0.096012 -4.716147 -2.211168 1.675673 4.175742 1.829682 -0.552407 1.593024
2 5316376.1237441674 4.0000000000 2.0000000000 0.7117924496 67.0000000000 5.6187051004 0.8848720008 6.0078470211 0.3629875100 5.3987781453 0.3162053775 36.0942258295 -576.1429785832 26.0978417514 6.6717216666 -2.287597 1.019840 -2.694921 -0.018720 -0.261409 1.604173 -0.605928 2.404005 -0.393491 1.673057 1.573205 -3.681752 0.075095 0.071856 -1.557480 0.358821 -2.911069 1.112370 1.019558 0.600891 4.953168 0.704687 0.134942 -1.464529 0.594282 -1.923554 2.543637 -1.295289 0.316939 3.980166 2.328375 0.485320 2.759840 -0.109117 1.590468 0.038180 -1.810876 0.860543 1.869300 -0.692204
3 2913792.1053378186 4.0000000000 2.0000000000 0.7117924496 67.0000000000 5.6187051004 0.8848720008 6.0078470211 0.3629875100 5.3987781453 0.3162053775 36.0942258295 -576.1429785832 26.0978417514 6.6717216666 -2.194244 -1.056392 -4.759551 -1.215367 -2.150580 4.044810 -1.129751 -3.085858 1.741684 -0.350421 0.097206 0.377292 0.418627 -0.748890 1.909397 1.046495 -0.991637 -0.342929 -1.888737 0.561729 1.476494 1.301506 1.229481 -0.253137 3.157748 -0.414363 0.060134 -0.672360 0.162528 -0.481048 4.064359 0.851693 -3.365930 -0.867773 -2.832455 1.759798 2.749186 -0.902086 1.227065 -0.420313
6 719526.3569914160 4.0000000000 2.0000000000 0.7117924496 67.0000000000 5.6187051004 0.8848720008 6.0078470211 0.3629875100 5.3987781453 0.3162053775 36.0942258295 -576.1429785832 26.0978417514 6.6717216666 -0.945326 0.192536 2.458427 3.199755 -0.798829 -2.928367 -2.767733 4.250644 -0.805740 0.915812 3.834570 -1.360232 -0.389148 -1.161190 -2.191832 1.599511 2.131400 -3.747477 1.963421 -0.471934 0.367253 0.395738 -2.613077 -0.621742 -1.981826 3.830503 4.371696 0.168067 -2.357912 2.312112 -0.380004 3.490889 3.937439 3.345813 -0.790519 -1.996150 -1.326100 -0.192690 -1.847615 2.386737
8 600998.3186873684 4.0000000000 2.0000000000 0.7117924496 67.0000000000 5.6187051004 0.8848720008 6.0078470211 0.3629875100 5.3987781453 0.3162053775 36.0942258295 -576.1429785832 26.0978417514 6.6717216666 1.703855 -2.066700 -2.492424 2.989114 -1.556844 -0.179769 4.862448 -0.930497 -4.404129 5.000000 2.025159 0.717582 5.000000 -0.150532 2.891866 0.024920 -0.551289 1.265029 1.768776 2.564735 2.389033 -0.997441 -0.161479 3.875743 1.217674 0.195078 2.694858 2.800322 2.579957 -1.092370 -0.769573 1.504269 2.384730 -2.390124 -0.910047 -0.459379 2.014494 -2.166005 5.000000 0.180108
13 107754.2696912757 4.0000000000 2.0000000000 0.7117924496 67.0000000000 5.6187051004 0.8848720008 6.0078470211 0.3629875100 5.3987781453 0.3162053775 36.0942258295 -576.1429785832 26.0978417514 6.6717216666 -3.374558 -1.800791 1.226941 0.001931 -1.801562 1.123672 2.774052 -2.173872 -0.103499 -1.533309 2.218762 0.277032 -1.237971 -3.209027 1.427950 -0.511209 0.318895 -0.312147 0.849753 -3.384346 -1.568724 0.713036 3.631706 0.676506 -0.098852 -1.219336 -1.279853 -0.388661 -1.520081 0.291860 0.068493 3.991320 -0.134254 2.241948 -0.783600 1.941041 4.889646 -1.067709 -2.220852 2.182075
21 12735.9762230988 4.0000000000 2.0000000000 1.8885199745 1.0000000000 6.3133470252 0.9982060060 3.1944531684 0.1532852160 2.7090167265 0.1299916424 10.2045310450 -1295.7338345350 26.9549051295 6.9071659926 -2.371223 -3.000789 -0.852465 0.920354 1.173301 -1.446643 1.741556 4.067184 -1.697286 0.616200 4.141160 1.785210 -0.294213 -2.224127 0.588431 1.612778 0.717477 -1.216980 -0.947505 0.162734 2.442898 0.207225 2.457399 -0.298581 -2.838962 -1.336706 2.315454 -1.738649 -2.140043 0.699508 2.635796 -0.581684 0.921022 2.444268 -1.548385 -1.699102 4.422805 -0.479101 1.027578 2.235803
29 5314.9678943724 4.0000000000 2.0000000000 1.8885199745 1.0000000000 6.3133470252 0.9982060060 3.1944531684 0.1532852160 2.7090167265 0.1299916424 10.2045310450 -1295.7338345350 26.9549051295 6.9071659926 0.717577 -3.243844 -1.114298 -0.199275 2.484845 2.086529 2.353398 0.957114 -0.662566 2.781579 0.523673 -1.046077 -1.036706 0.448331 -0.308083 -0.893901 -0.950293 0.892294 -0.034446 -1.761514 -0.100306 -3.263784 5.000000 0.701683 1.321171 1.689003 1.534161 -2.983496 -0.056689 2.602998 2.351587 2.799297 0.658925 0.042091 -3.656779 -0.680173 3.685544 -4.648991 2.857377 2.280677
79 2923.2564963416 4.0000000000 2.0000000000 1.6528984616 5.0000000000 6.2613979937 0.9899032005 5.0212820653 0.0065930468 4.5375174260 0.0058577267 25.2132735789 -1172.7267170235 25.6136252454 6.5790333111 -3.595918 -1.781554 -3.550092 -0.365004 -4.576367 -0.822641 4.417187 1.399546 -1.559179 3.670006 0.174114 0.545976 1.760129 -0.593945 -1.024995 -2.392682 4.225048 -1.180518 -3.454141 1.058697 0.928599 2.957162 3.068638 3.785151 -1.048011 -0.512162 -0.885920 -0.232860 -1.200235 0.260531 0.372952 -2.286355 1.821065 1.157082 2.613218 -0.919910 5.000000 -1.368496 3.046935 3.385157
84 1401.6964302785 4.0000000000 2.0000000000 1.6528984616 5.0000000000 6.2613979937 0.9899032005 5.0212820653 0.0065930468 4.5375174260 0.0058577267 25.2132735789 -1172.7267170235 25.6136252454 6.5790333111 2.541323 -1.330983 -4.865211 2.339771 -2.191236 -1.841187 3.270027 -0.923989 -2.560240 1.826181 0.199890 -2.238991 2.182918 -1.518349 -1.274679 -1.966098 1.582554 -2.215130 -2.993994 1.127221 -0.538995 -0.643041 2.047418 -0.443717 1.598875 2.831050 1.975854 -2.252215 -0.477212 -1.817725 -3.010228 2.473103 1.429175 2.243626 1.014502 0.796707 4.760982 -0.663630 1.661428 2.961194
141 443.8956604015 4.0000000000 2.0000000000 1.4989183759 9.0000000000 6.2085110320 0.9814245072 4.6863363130 0.0794876495 4.4309228528 0.0715168086 21.9617480384 -1097.7279196441 25.3419104766 6.3533323671 2.784689 0.387016 -2.517893 1.487832 -2.615363 -0.714841 3.215188 -1.756409 -4.810254 -0.163304 1.850485 0.290391 -0.988663 -0.268041 0.211202 -2.230116 -0.254493 -2.003930 1.187406 -2.124380 -2.186490 -2.010014 3.687871 3.070585 1.942903 0.221820 1.837689 -1.675487 -2.355936 -0.257543 -0.368856 1.676600 -0.121974 1.599097 0.464694 1.135375 3.285311 -1.797731 2.865179 3.140016
504 388.0304575649 4.0000000000 2.0000000000 0.9656742788 33.0000000000 5.9376780171 0.9376467622 6.5063512587 -0.1993994824 5.6216748989 -0.1370623834 42.3326067020 -761.3270450740 23.9918906158 6.1110056875 -0.930433 0.582741 -1.792210 0.071315 -1.065425 -0.018850 0.524000 -0.638138 -4.647085 -0.589872 3.208633 -1.326678 3.871020 -2.012679 -1.263379 -2.903370 -1.258955 -4.415620 -0.995128 2.260457 0.123630 -1.058131 3.488173 1.413157 2.357162 -1.493810 2.760872 -0.582792 -1.424065 -3.512334 0.416657 1.251783 -2.807694 2.282252 -0.112850 -0.764724 -0.615706 -0.432337 4.826751 3.169665
1005 560795.1852268541 4.0000000000 2.0000000000 0.7594608522 67.0000000000 5.5988446468 0.8818803079 5.5403767969 -0.1411679014 4.9830027871 -0.1428840993 30.6957750512 -599.3884509517 25.7096512256 6.5692755730 -4.793171 -2.354988 -2.530110 -1.839179 -0.262108 -1.158270 -4.768468 -0.183326 -3.379934 2.402680 -1.699133 0.227327 3.732415 -1.581603 -2.864253 -4.147981 -0.584971 -2.189112 -0.518965 3.626951 0.858052 -0.255712 3.307962 3.901181 3.042633 -1.925350 2.774999 0.914354 -3.419285 -0.927376 3.473995 3.645202 -4.065241 2.057131 0.371998 0.418218 -0.525600 -0.608463 1.311032 2.972733
evaluations raw_y rep iid sigma t d_norm d_mean ps_norm ps_mean pc_norm pc_mean ps_squared loglikelihood mhl_norm mhl_mean x0 x1 x2 x3 x4 x5 x6 x7 x8 x9 x10 x11 x12 x13 x14 x15 x16 x17 x18 x19 x20 x21 x22 x23 x24 x25 x26 x27 x28 x29 x30 x31 x32 x33 x34 x35 x36 x37 x38 x39
1 28207849.7428821996 5.0000000000 2.0000000000 0.7594608522 67.0000000000 5.5988446468 0.8818803079 5.5403767969 -0.1411679014 4.9830027871 -0.1428840993 30.6957750512 -599.3884509517 25.7096512256 6.5692755730 0.882455 -0.661740 4.861542 -0.504184 0.219220 3.164962 -1.818465 -1.183273 0.375206 -0.659740 -2.385529 -0.409753 -0.717658 1.206943 -3.329577 -1.400358 2.302782 3.714662 -3.022359 1.289695 -1.961216 -1.713706 -1.743758 -0.845016 1.992880 1.424843 0.118288 -0.726622 0.006578 -0.211861 1.586107 -1.263143 -0.012390 -0.202135 -0.104616 0.498435 0.395320 2.669697 -0.173751 3.123065
2 27080267.0582827479 5.0000000000 2.0000000000 0.7594608522 67.0000000000 5.5988446468 0.8818803079 5.5403767969 -0.1411679014 4.9830027871 -0.1428840993 30.6957750512 -599.3884509517 25.7096512256 6.5692755730 -0.611706 -0.955463 0.201476 0.710877 0.539225 2.583927 2.278686 0.988881 -0.672673 -0.201229 2.826796 0.442508 -2.621546 -1.379130 -1.155026 2.304410 -0.214328 4.520214 1.313239 0.249614 -0.871408 1.944359 -0.481422 -1.648247 1.136265 0.025517 2.378121 -0.147187 -5.000000 1.578733 -3.755482 3.077512 3.642729 -0.854063 -2.329404 -2.794148 1.745309 -0.404236 -1.196720 -0.486839
3 484787.8114074203 5.0000000000 2.0000000000 0.7594608522 67.0000000000 5.5988446468 0.8818803079 5.5403767969 -0.1411679014 4.9830027871 -0.1428840993 30.6957750512 -599.3884509517 25.7096512256 6.5692755730 4.177029 0.693839 1.491454 1.553815 2.036842 2.122703 -1.420933 -0.430376 -1.521521 -1.422326 2.283015 -1.003511 -0.158303 -1.385653 -1.186806 1.576476 -0.890860 -0.964240 0.987115 1.000975 1.584845 0.341529 -3.507482 1.260593 0.996658 2.036275 -1.692937 5.000000 -2.464772 1.453907 0.091910 -0.974265 1.632265 -0.562860 -4.671244 -2.334557 0.915316 4.475931 -2.962518 -0.033891
21 224329.4786309120 5.0000000000 2.0000000000 1.8850997160 1.0000000000 6.3115221267 0.9979194279 3.0967666314 0.0590921844 2.6261748601 0.0501124003 9.5899635692 -1267.4758882388 25.9662100331 6.6655398461 0.321018 1.215649 -1.689622 3.555710 -5.000000 2.723225 -3.418589 -1.746580 -1.545903 3.416176 -0.553940 -4.896428 -1.867081 0.841875 1.465166 1.453656 3.629064 -2.047624 2.626824 -2.005682 -2.299076 5.000000 -1.920595 0.941910 1.877582 0.549560 0.006640 3.866088 -5.000000 0.014886 1.946138 -1.611790 1.999858 -0.149128 -3.926540 -2.987028 -0.303729 0.433820 -2.666291 -1.092810
25 32567.5066741047 5.0000000000 2.0000000000 1.8850997160 1.0000000000 6.3115221267 0.9979194279 3.0967666314 0.0590921844 2.6261748601 0.0501124003 9.5899635692 -1267.4758882388 25.9662100331 6.6655398461 -1.146536 -1.395040 1.782895 1.803488 1.458080 2.417390 0.381893 -3.700228 1.787293 1.609725 0.563428 -0.054523 -1.782596 -1.198622 0.064039 -0.727489 0.146197 -3.316766 2.679257 3.216517 -0.301151 2.316703 1.791572 -0.099284 1.025189 0.025344 0.338496 5.000000 -2.273931 4.560906 -0.737646 2.088028 -1.670650 1.145030 -1.363453 3.556225 0.795359 4.336759 1.199377 1.259318
55 3799.0523612466 5.0000000000 2.0000000000 1.7813650242 3.0000000000 6.2901059448 0.9944743121 4.9602605203 0.1797695274 4.3621789375 0.1583095432 24.6041844289 -1206.4005337215 25.0269697179 6.4185762782 -3.278453 -2.391621 0.707875 1.066089 -2.789800 3.842584 -3.129784 -3.079934 1.985414 2.098867 0.939194 0.306646 -5.000000 0.925008 1.662067 -0.971566 -0.129112 -3.678652 3.298747 3.590223 -3.484360 5.000000 -0.018928 -0.295732 0.611860 -2.868884 -2.185484 3.674228 -2.186072 2.527121 -1.168893 1.330155 -1.141923 -0.559847 -3.192718 2.330967 1.965521 3.892675 1.235182 0.469357
69 647.4775333298 5.0000000000 2.0000000000 1.7597909152 4.0000000000 6.2776997338 0.9924835538 5.6285755990 0.0796465607 5.0440858812 0.0804676836 31.6808632739 -1210.2907152789 25.5293094940 6.4977065054 -1.002828 -1.136206 4.187552 1.081812 0.987787 5.000000 -2.584427 -2.933325 2.162371 2.984425 0.461149 0.097515 -5.000000 1.216914 0.334822 -1.148960 0.456177 -0.198119 1.057597 1.640596 -3.108026 1.997049 3.123114 2.951121 2.951244 -1.942237 1.014555 2.920238 -2.281143 2.024418 -0.288693 -0.202337 3.443597 5.000000 -4.707433 -0.446443 5.000000 5.000000 -0.240979 -1.971999
305 454.9783129910 5.0000000000 2.0000000000 1.2575458617 20.0000000000 6.0972696554 0.9633417258 5.1787741676 0.0394475359 4.7016240205 0.0256432886 26.8197018791 -962.2362591327 24.7993950083 6.2835146203 -1.010078 0.181849 3.786688 5.000000 -3.098084 2.380493 -3.569638 -2.219601 -2.537564 -1.235919 1.289253 1.221554 0.409446 0.938224 3.168253 -1.708074 2.676691 -1.882106 4.559436 2.952760 -3.568357 3.136783 0.961130 0.168350 0.043160 0.934558 -1.278644 2.208940 -2.406932 1.589865 -1.886554 -1.101184 -3.948417 1.596323 -3.289694 -2.481089 -0.013451 2.664422 -3.425489 1.731470
317 375.5735833231 5.0000000000 2.0000000000 1.2241695184 21.0000000000 6.0839575693 0.9611933485 4.8356197975 0.0000190719 4.4642231198 -0.0085066161 23.3832188259 -987.8798867198 26.6482004536 6.7584238810 -0.648858 1.712740 2.000563 4.383380 -2.206668 1.570608 -3.293562 -0.849119 -0.556104 -0.479581 0.259175 -1.527516 0.720344 -0.750831 2.799186 -0.164117 2.353585 -3.940903 3.530373 2.794771 -2.653418 3.482441 -0.087192 2.001802 -0.488980 -0.918926 -1.321484 1.405892 -1.346104 2.638956 -0.421441 -2.231070 -1.376286 0.904345 -2.912750 -1.371860 0.097701 4.185173 -3.251178 -0.172340
684 367.2144132665 5.0000000000 2.0000000000 0.9844555077 45.0000000000 5.8331971406 0.9200579064 5.2060572219 0.0015855598 4.9786554770 -0.0128123724 27.1030317978 -762.1720309102 24.3501225020 6.2074007504 -0.370014 3.534762 4.236615 -0.520446 -1.736878 3.473853 0.345215 -2.843882 5.000000 3.332481 2.958261 3.226726 2.801256 -0.647743 4.865990 -1.169254 2.045545 -2.743568 3.649416 4.993241 -3.778276 0.637313 0.653728 1.105752 0.289255 -1.005148 -1.177276 1.864410 -0.547168 -2.870755 -5.000000 -1.437330 -0.437753 -0.641852 -2.979807 -2.075255 -0.436947 4.080010 1.098690 1.146508
869 364.8430116269 5.0000000000 2.0000000000 0.9614550714 57.0000000000 5.7220024481 0.9015019958 6.5417684256 -0.0860490329 5.9640398169 -0.0794724968 42.7947341336 -745.8546186378 25.0455551389 6.4082195748 1.694937 3.531870 0.664104 -2.277317 1.007916 3.789322 0.090311 -2.675655 2.494043 3.551183 2.060112 3.988519 -1.779029 -2.846825 2.191986 1.206382 -0.023477 -1.722118 1.217513 5.000000 -5.000000 -3.874322 0.977087 2.026935 -0.111121 -2.170973 -2.698875 1.705931 -0.817938 -0.740041 -3.906139 0.271300 0.005790 -2.717993 -2.954425 -3.704078 0.974346 1.168169 -2.969808 -0.424555
913 342.7336568304 5.0000000000 2.0000000000 1.0042670608 60.0000000000 5.6982654517 0.8973455459 7.3949270456 -0.1273340575 7.0823647120 -0.1170970169 54.6849460103 -748.2746137366 24.0798180264 6.1400844053 0.262232 2.709608 0.677439 -2.822676 1.737092 3.482298 -0.159557 -2.305263 3.605377 2.710590 2.996369 3.357653 -1.728057 -2.774691 2.683892 1.429810 0.663254 -2.445631 0.141345 3.940756 -4.839608 -0.930665 0.529168 2.756623 -1.349204 -0.782279 -3.399833 1.813577 0.816994 -2.174853 -4.595807 0.955548 -2.323951 -3.419681 -3.095045 -1.331429 1.862324 1.677196 -2.471231 0.583513
1005 304583.8524758638 5.0000000000 2.0000000000 0.9921117247 67.0000000000 5.6339298056 0.8865380830 5.9590888275 -0.0887866871 5.3892651778 -0.0979492969 35.5107396542 -770.4334546392 25.9369277362 6.5899156740 1.063340 3.416667 -0.693472 -2.170299 2.712254 2.303145 -0.034475 -2.274056 1.605590 3.239976 3.130217 3.356981 -1.561790 -2.706933 2.047091 0.177198 2.642507 -5.000000 0.919657 2.640598 -4.497980 -3.077007 -0.280736 3.853099 -2.366589 -1.337548 -5.000000 1.323418 2.073786 -2.813121 -4.178726 0.679193 -2.966943 -1.724000 -4.545539 -1.224295 0.936404 1.696780 -0.577535 0.947371
evaluations raw_y rep iid sigma t d_norm d_mean ps_norm ps_mean pc_norm pc_mean ps_squared loglikelihood mhl_norm mhl_mean x0 x1 x2 x3 x4 x5 x6 x7 x8 x9 x10 x11 x12 x13 x14 x15 x16 x17 x18 x19 x20 x21 x22 x23 x24 x25 x26 x27 x28 x29 x30 x31 x32 x33 x34 x35 x36 x37 x38 x39
1 2236188.0602765256 6.0000000000 2.0000000000 0.9921117247 67.0000000000 5.6339298056 0.8865380830 5.9590888275 -0.0887866871 5.3892651778 -0.0979492969 35.5107396542 -770.4334546392 25.9369277362 6.5899156740 -0.623567 1.458008 0.435642 -1.798184 -4.973561 1.826503 2.254127 -3.028186 3.278582 -0.859787 5.000000 1.203644 -0.671763 2.475476 0.222256 0.258302 0.152255 -0.310256 1.268451 1.621310 0.709617 3.625181 -2.712952 -0.927264 1.649308 -2.352863 3.128979 1.425410 -0.362013 1.068399 -1.173226 -2.963707 1.714495 1.886198 0.228883 -0.043913 -4.254289 -1.668815 -0.931017 0.467421
5 579837.2439479146 6.0000000000 2.0000000000 0.9921117247 67.0000000000 5.6339298056 0.8865380830 5.9590888275 -0.0887866871 5.3892651778 -0.0979492969 35.5107396542 -770.4334546392 25.9369277362 6.5899156740 1.565261 -0.986837 -1.639772 0.277427 -0.159451 1.745331 0.557034 -0.855080 -0.120185 -1.136977 -0.647318 2.532207 0.827127 -0.746754 -0.640333 -1.186392 -0.375315 -2.972784 1.223789 -0.539688 1.384986 1.922667 0.630171 -2.029331 -2.445151 1.645625 1.672950 -2.756189 -1.890858 2.182573 0.148195 4.061521 1.033789 1.857715 -0.168342 -0.897131 -2.899856 -5.000000 2.231388 1.588207
9 148746.5230173089 6.0000000000 2.0000000000 0.9921117247 67.0000000000 5.6339298056 0.8865380830 5.9590888275 -0.0887866871 5.3892651778 -0.0979492969 35.5107396542 -770.4334546392 25.9369277362 6.5899156740 -0.634487 3.688191 0.308995 1.611163 -1.176380 -2.776499 -2.375037 -0.550628 -2.285002 1.655942 -0.747764 -0.860338 3.317931 -0.629314 -0.830964 5.000000 0.930825 0.299817 -0.770950 2.603168 2.472638 -4.695282 0.047810 0.649815 1.242358 -2.440654 0.064464 3.555057 2.409276 -1.856004 0.792218 -1.328661 1.797353 -5.000000 1.963892 0.692538 2.289666 -2.156657 -0.318204 -1.985916
26 477.3904745445 6.0000000000 2.0000000000 1.8747966638 1.0000000000 6.3121082423 0.9980094443 2.8014248349 0.0083951812 2.3757138814 0.0071194302 7.8479811054 -1255.9683758034 25.6431576783 6.5741119680 0.789632 0.104936 -2.434485 1.871322 0.850693 -2.316553 -0.392543 1.038850 -3.273205 0.702992 0.506499 0.042356 1.659184 1.460506 2.749825 5.000000 0.241038 -0.973887 -2.526469 1.105888 1.191918 0.031329 3.287877 -1.598406 -4.003602 -0.406719 0.181407 1.499320 -3.864964 1.910782 -0.262495 1.130342 -0.586011 -2.613277 2.216692 0.536189 -1.196917 -3.058115 1.534352 -1.450944
160 362.0272803919 6.0000000000 2.0000000000 1.3752315184 10.0000000000 6.1915942875 0.9787482319 4.4808159272 0.0201101391 4.0578883497 0.0344593139 20.0777113731 -1042.7580211872 25.3390336938 6.4692303644 0.478167 0.197413 0.690905 0.410748 -2.131363 0.834106 -1.765814 -4.419830 0.065826 -3.427257 1.565603 -3.449421 -1.154897 -0.849527 1.469941 -1.802252 -1.005444 0.709026 1.842638 4.691425 0.275863 0.140237 4.737270 -1.656498 0.821641 -0.854469 1.872853 0.513628 -4.318708 3.639968 0.234900 1.760671 -0.360406 -1.373237 0.622286 -1.376759 -0.218143 -1.136965 -1.347566 -0.458956
1005 15131.0077589553 6.0000000000 2.0000000000 0.9440079407 67.0000000000 5.6227405148 0.8857231038 5.4808164235 0.1021653057 4.8355216245 0.1057406746 30.0393486676 -730.3790424920 25.4136631336 6.5160706448 5.000000 -2.692557 -0.437691 -0.656533 -1.571716 4.752386 0.634951 -3.340007 0.546912 -4.041382 3.097433 0.768896 3.656101 1.809336 4.053937 -5.000000 -1.617569 -2.536582 2.991916 1.190356 -2.730763 -2.231244 0.214469 4.354592 2.216169 -1.363648 0.551425 3.805863 -0.946310 -2.150246 2.744934 5.000000 -4.800744 0.068065 -2.037114 0.758554 1.157287 0.689092 2.213629 1.225516
evaluations raw_y rep iid sigma t d_norm d_mean ps_norm ps_mean pc_norm pc_mean ps_squared loglikelihood mhl_norm mhl_mean x0 x1 x2 x3 x4 x5 x6 x7 x8 x9 x10 x11 x12 x13 x14 x15 x16 x17 x18 x19 x20 x21 x22 x23 x24 x25 x26 x27 x28 x29 x30 x31 x32 x33 x34 x35 x36 x37 x38 x39
1 6232663.7729487550 7.0000000000 2.0000000000 0.9440079407 67.0000000000 5.6227405148 0.8857231038 5.4808164235 0.1021653057 4.8355216245 0.1057406746 30.0393486676 -730.3790424920 25.4136631336 6.5160706448 3.381051 -0.931875 0.065640 0.815033 -1.577846 0.004131 -0.001781 -3.509449 2.035316 1.200997 -1.250858 -0.343097 1.010599 -0.522713 -0.485498 -2.906483 1.109161 0.247762 0.548920 -3.053049 3.301399 0.308671 -0.774280 4.058144 -0.090772 -2.901357 -0.810456 -4.576630 2.098793 -0.832949 -1.485107 2.144940 -3.302151 1.070859 -4.128830 -1.324319 -2.408440 2.923951 3.532322 -0.658828
2 4700966.7365429336 7.0000000000 2.0000000000 0.9440079407 67.0000000000 5.6227405148 0.8857231038 5.4808164235 0.1021653057 4.8355216245 0.1057406746 30.0393486676 -730.3790424920 25.4136631336 6.5160706448 1.681466 -0.359973 1.136124 -1.505674 -3.416678 -3.606197 0.766244 4.495190 0.538823 -1.049209 3.824038 0.474604 0.202868 0.505155 -0.264754 -0.618953 -2.869927 1.003248 -0.189551 2.386172 -0.737637 -3.812740 -0.199221 3.399075 -0.766846 -1.779714 -2.387184 -2.100034 -0.600387 -2.359964 2.995278 -0.565270 0.217297 2.876479 3.006637 -0.425466 0.663948 1.470053 -0.385711 -3.556026
3 3771995.6770763109 7.0000000000 2.0000000000 0.9440079407 67.0000000000 5.6227405148 0.8857231038 5.4808164235 0.1021653057 4.8355216245 0.1057406746 30.0393486676 -730.3790424920 25.4136631336 6.5160706448 1.309411 1.788705 0.831005 -1.847089 -0.392055 -1.181540 -0.599422 2.593770 3.059159 1.338836 1.097490 1.353258 -0.024484 -0.151327 -1.347290 -0.111735 4.519894 1.738079 -0.684234 -0.943853 -1.728980 0.748741 0.783091 -2.886243 0.972670 -1.138945 2.853442 0.313688 3.435460 -0.916254 -0.575968 0.599617 2.111897 1.131765 -2.467048 0.365801 0.044489 -0.858137 -1.296211 3.495154
6 2040431.8699317740 7.0000000000 2.0000000000 0.9440079407 67.0000000000 5.6227405148 0.8857231038 5.4808164235 0.1021653057 4.8355216245 0.1057406746 30.0393486676 -730.3790424920 25.4136631336 6.5160706448 -3.366794 2.030030 -2.883087 -2.687257 -0.723337 1.577009 0.600228 1.621537 -0.887288 -0.344367 -2.274274 -0.633731 1.186256 -0.599656 0.950919 -1.146549 -1.184783 0.078337 -0.389763 1.184770 0.356580 3.480693 -0.438989 -0.454505 -2.080262 0.045556 1.365658 -1.480591 -0.099345 1.437114 -0.253818 -1.038275 1.946186 0.194039 0.793129 2.342787 2.290632 -0.694408 -1.050859 0.568618
10 499749.6744734421 7.0000000000 2.0000000000 0.9440079407 67.0000000000 5.6227405148 0.8857231038 5.4808164235 0.1021653057 4.8355216245 0.1057406746 30.0393486676 -730.3790424920 25.4136631336 6.5160706448 1.253258 2.010697 -0.972354 0.458960 -1.309584 -1.573211 0.158993 1.046843 -1.126586 -4.427340 1.171570 -3.193116 0.243997 3.558052 -0.033659 -2.379500 -2.922358 2.340923 -0.033897 1.079477 1.852604 -0.098005 -0.617208 -1.894695 -5.000000 -3.036001 -0.139187 -0.350524 0.807120 -0.253374 0.318715 1.575598 -1.770090 -0.574316 -3.214426 1.945786 0.076836 0.979644 3.084966 2.159092
13 53975.8360670853 7.0000000000 2.0000000000 0.9440079407 67.0000000000 5.6227405148 0.8857231038 5.4808164235 0.1021653057 4.8355216245 0.1057406746 30.0393486676 -730.3790424920 25.4136631336 6.5160706448 2.143369 1.808237 -0.460356 1.989867 -0.862182 -1.286020 -1.137440 -0.281702 -0.646823 0.308690 -1.230117 1.529392 2.041939 -0.991724 -2.854350 1.447746 2.277113 -0.326497 -2.573034 0.533522 3.049336 -3.752653 0.955851 -0.627269 -1.711348 0.996399 -2.597660 0.593889 2.626518 0.353379 -1.752645 -3.558617 -2.563916 -3.682444 3.199265 -0.498969 -2.090328 -2.596417 -2.134491 -0.671686
16 3187.6511351982 7.0000000000 2.0000000000 1.8881823694 1.0000000000 6.3103902136 0.9977401483 3.1848186510 -0.1473974263 2.7008462925 -0.1249985748 10.1430698396 -1285.1679526344 26.6106491368 6.7794957940 0.783226 1.479085 -2.946552 -0.095163 -1.525863 -1.439169 -1.516763 -0.628986 2.391194 -1.580219 -0.634254 1.318180 3.409885 1.157256 -1.048034 -0.756433 0.142614 0.817514 -1.598862 0.771178 2.165016 -2.064512 1.227684 -1.030383 -0.898812 -0.747968 -2.296587 -1.263489 4.035023 2.663359 -3.091329 2.791849 -4.317573 -4.936090 -2.201416 2.439025 1.775578 -2.741907 -1.800974 -1.768360
21 1027.1719883046 7.0000000000 2.0000000000 1.8881823694 1.0000000000 6.3103902136 0.9977401483 3.1848186510 -0.1473974263 2.7008462925 -0.1249985748 10.1430698396 -1285.1679526344 26.6106491368 6.7794957940 2.847308 2.945639 -1.512971 0.232167 -0.690996 -1.046231 1.039025 -0.771746 -1.833585 0.827658 -0.720278 1.176080 2.651884 -0.249682 -1.085393 -1.550919 1.724229 -2.703755 -2.891136 -0.159789 1.966408 -2.234309 -2.477844 -2.715042 -3.648077 -1.994857 -0.561146 -1.228464 3.724776 0.700293 1.542107 -0.777286 -1.938298 -5.000000 0.379663 -1.349560 -0.029743 -0.386095 0.597516 0.107937
64 992.1870780186 7.0000000000 2.0000000000 1.7245392399 4.0000000000 6.2727724970 0.9917155345 4.9004084414 -0.1400654630 4.3926439884 -0.1296733250 24.0140028927 -1207.3137621114 25.9152824614 6.6506232606 1.856057 -0.389311 2.754497 3.302343 1.491250 -1.065599 0.479705 -0.301048 1.952364 -0.249356 -1.377791 -0.424290 0.015760 -0.631990 -4.786283 -0.527374 2.408924 -2.890168 -0.765806 0.832507 0.563260 -0.382620 0.543895 -2.202296 -0.798581 -0.931120 -1.599795 1.251633 4.475268 -0.842824 1.550460 -1.475721 -2.039332 -0.118582 3.332434 3.078616 1.540689 -1.533165 -0.984593 -1.201192
266 807.2643547012 7.0000000000 2.0000000000 1.2786767790 17.0000000000 6.1217103080 0.9673605908 5.0773018662 -0.1020558888 4.6646136693 -0.1086529125 25.7789942400 -977.2891798812 24.8227841454 6.3053185523 -2.659973 -2.483664 -3.621331 2.812755 -3.665345 0.471037 0.889701 -4.807835 -1.622782 -1.519057 -1.312253 -1.288080 -0.138089 -0.456497 -2.572855 -1.937095 1.758044 0.076856 -2.917319 4.685319 2.639305 2.778488 1.008853 -5.000000 1.219685 -4.246344 -0.811130 0.074830 1.651094 -2.023124 -3.178248 -2.373316 -2.642277 -1.036652 -1.205118 2.512727 4.219742 -1.846819 -0.263193 2.000271
392 625.1003945875 7.0000000000 2.0000000000 1.1286168878 26.0000000000 6.0279948405 0.9521690291 5.0709364737 0.1000879207 4.5628589083 0.0741281969 25.7143967198 -880.7287379919 24.4928548811 6.2788924233 -4.177090 2.703765 -4.830450 2.705810 -4.039169 1.211687 -0.078090 -3.240754 -3.123734 -0.057431 0.438850 0.266219 -0.303404 0.526319 -0.809382 -0.242954 3.676736 -1.113788 -0.650259 2.290247 3.213211 2.585065 1.672005 -3.412515 1.477513 -2.618195 -2.757510 2.045339 2.805848 -2.462992 -3.195330 -2.583444 -3.918731 -3.983521 -1.194401 3.098958 0.104264 2.314018 -1.319042 2.924462
401 567.2061420060 7.0000000000 2.0000000000 1.1286168878 26.0000000000 6.0279948405 0.9521690291 5.0709364737 0.1000879207 4.5628589083 0.0741281969 25.7143967198 -880.7287379919 24.4928548811 6.2788924233 -2.178708 -0.546619 -3.481739 -0.171266 -4.216863 1.140483 -2.130617 -3.164795 -2.271126 -1.887514 0.166050 2.270948 -2.889718 0.283947 -0.213873 0.508528 4.345542 -0.054381 0.717354 3.178870 3.944873 1.320623 1.790768 -2.955328 2.111208 -3.185843 -4.027441 0.821105 2.773215 -0.461356 -2.876673 -3.818490 -3.741736 -4.766946 -0.674774 2.787228 3.006254 4.393201 -2.176226 3.725832
512 550.2831960479 7.0000000000 2.0000000000 1.0706761186 34.0000000000 5.9444414882 0.9384880058 5.6436210399 0.1032652203 5.2765071710 0.1123418383 31.8504584417 -792.5149414634 22.5071281200 5.7349809065 -2.632105 0.297235 -3.735139 0.858365 -4.306729 1.418787 -3.503486 -2.222229 -1.349411 -2.356670 1.029825 2.452070 -0.428334 2.661214 0.243898 -1.625906 1.945455 -0.600153 -0.037917 1.678689 4.273154 2.830549 2.750661 0.699391 2.729742 -2.025309 -4.509495 0.715427 1.591799 -3.910309 -2.507836 -1.910640 -3.337758 -2.989212 2.070253 2.528985 2.652856 1.051383 2.445654 3.760753
723 539.1387445968 7.0000000000 2.0000000000 0.8034314039 48.0000000000 5.7906984031 0.9135473365 4.3370078010 0.1684016674 3.9819993434 0.1708074505 18.8096366659 -686.0298914866 26.4580671668 6.7850741883 -2.200413 -0.178137 -4.557425 2.262261 -3.678248 0.336143 -2.631466 -4.019091 -1.815695 -2.398249 1.699988 1.637836 -0.296974 1.612800 -0.067624 -2.227012 3.086560 -1.464767 1.012592 -0.164546 4.044562 3.293220 4.190476 -0.592208 3.204549 -1.546740 -0.854789 -0.623470 0.979265 -3.411637 -1.265169 -2.210662 -1.847102 -3.055010 1.096461 4.358430 2.700286 1.436299 1.550156 2.626461
1005 1904302.1260622402 7.0000000000 2.0000000000 0.5788078168 67.0000000000 5.5997127300 0.8825386287 5.7126530302 0.0673826740 4.8812148301 0.0517226435 32.6344046434 -406.4156458210 24.1838657207 6.1810206197 -0.744580 -0.295611 -3.270834 1.753758 -4.408477 0.064232 -2.142452 -3.765832 -3.100512 -2.660679 2.293163 2.197163 -1.780996 3.475715 0.264758 -4.668782 4.893040 0.369662 1.512836 -0.846850 4.212795 2.512686 1.722682 0.332060 3.477853 -0.669318 -2.580701 -1.854323 2.177846 -1.366295 -0.300973 -1.280587 -1.536949 -3.901891 0.652623 3.419829 2.747549 3.088387 1.043703 5.000000
evaluations raw_y rep iid sigma t d_norm d_mean ps_norm ps_mean pc_norm pc_mean ps_squared loglikelihood mhl_norm mhl_mean x0 x1 x2 x3 x4 x5 x6 x7 x8 x9 x10 x11 x12 x13 x14 x15 x16 x17 x18 x19 x20 x21 x22 x23 x24 x25 x26 x27 x28 x29 x30 x31 x32 x33 x34 x35 x36 x37 x38 x39
1 33370.8030343133 8.0000000000 2.0000000000 0.5788078168 67.0000000000 5.5997127300 0.8825386287 5.7126530302 0.0673826740 4.8812148301 0.0517226435 32.6344046434 -406.4156458210 24.1838657207 6.1810206197 0.182409 2.182565 -3.893941 -2.772699 -4.592983 4.819669 3.455672 4.409113 1.589655 1.952842 -2.366854 3.832727 -2.246654 -1.328071 -0.756717 -1.583231 1.719096 -0.461578 -0.131322 -0.417272 2.693737 -1.213906 -0.348496 0.848103 -3.291980 -0.967082 1.070937 2.332281 0.323366 -1.345668 2.885048 -0.442961 0.062529 0.363859 -0.125857 -1.083137 0.949037 -2.329182 -1.001819 -0.817122
28 456.1574701467 8.0000000000 2.0000000000 1.9009394953 1.0000000000 6.3113463306 0.9978838323 3.5476875187 0.0160156417 3.0085727735 0.0135818680 12.5860867305 -1316.4443869234 27.6154938825 7.0464742729 -2.701509 -0.109290 -4.559164 -0.947845 -2.963955 2.837577 -0.732521 1.607328 -0.953734 3.075087 -0.586596 3.398415 2.249759 3.274548 -0.574544 0.026507 -0.193584 -0.305030 0.783577 1.926509 -1.900536 -2.739671 -1.986327 -2.116505 -3.658305 -1.260656 -1.608933 0.101907 1.183441 1.228455 1.264510 -2.214978 0.836653 0.515911 -2.103931 -4.570614 2.306238 0.224836 -1.381931 -0.261236
180 443.4435138453 8.0000000000 2.0000000000 1.4374972959 11.0000000000 6.1932978580 0.9789012526 4.3929779374 -0.0074744953 4.0990710039 -0.0049922703 19.2982551585 -1069.5768974859 25.3268567010 6.4451602988 -1.292523 -1.331480 -2.692406 -2.732338 -3.103611 2.113972 2.509929 -0.034824 -3.501013 0.851196 3.119078 2.408374 0.256409 0.724134 0.110990 -4.197039 0.475198 -0.564082 -1.111436 4.074382 2.053065 -0.539549 0.083719 -1.199797 -1.379458 -1.195380 1.258964 -0.318522 2.430119 2.258026 4.439760 -5.000000 -3.774293 2.617521 -1.345694 -3.893449 2.706292 -3.008853 2.457362 -4.007127
471 418.5317770240 8.0000000000 2.0000000000 0.9972949580 31.0000000000 5.9713964889 0.9430008818 5.4268428015 -0.0252575707 4.8935894235 -0.0245084800 29.4506227927 -856.3543803667 27.0322249134 6.8649181638 -0.942208 1.397982 -0.151427 -5.000000 -1.369728 1.343333 0.589401 1.976416 -4.191773 2.297151 3.700098 0.038422 0.278750 2.178468 -2.008089 -1.693206 0.097292 0.990994 -0.457278 -0.109202 -0.006902 -0.693492 1.792442 -0.325995 -2.044614 -1.246220 -0.644817 -4.875964 3.511320 4.136689 -0.969731 -0.150016 0.018904 1.685769 -4.343627 0.344935 0.717185 -4.218227 4.368341 3.196752
1005 26849.1079320183 8.0000000000 2.0000000000 0.7918482058 67.0000000000 5.6103130982 0.8836197546 5.7935591728 -0.0883850591 4.8194505708 -0.0229834966 33.5653278883 -637.9386800565 26.2218780438 6.6660452641 -3.001911 -4.397138 -1.538220 -4.198153 -0.579007 0.712435 -0.118625 5.000000 -3.638660 2.812597 2.460736 -3.635449 3.613353 2.233006 -0.974591 -1.338306 0.567199 1.667015 -1.494795 1.465314 -0.543370 2.347028 3.449229 -0.590155 -0.988428 0.915206 3.319087 -2.258581 2.623525 3.791311 -0.447131 -1.475044 1.427952 4.120962 -2.349150 -0.683419 0.377547 -2.195644 2.227060 2.459210
evaluations raw_y rep iid sigma t d_norm d_mean ps_norm ps_mean pc_norm pc_mean ps_squared loglikelihood mhl_norm mhl_mean x0 x1 x2 x3 x4 x5 x6 x7 x8 x9 x10 x11 x12 x13 x14 x15 x16 x17 x18 x19 x20 x21 x22 x23 x24 x25 x26 x27 x28 x29 x30 x31 x32 x33 x34 x35 x36 x37 x38 x39
1 2004214.9570465509 9.0000000000 2.0000000000 0.7918482058 67.0000000000 5.6103130982 0.8836197546 5.7935591728 -0.0883850591 4.8194505708 -0.0229834966 33.5653278883 -637.9386800565 26.2218780438 6.6660452641 0.002217 -0.579088 -2.232133 -0.025766 -0.756723 -0.962271 -3.034662 -0.981744 -0.481361 -1.295895 1.271782 3.480235 0.593364 1.415007 3.645632 0.861538 3.085459 -1.801442 -0.274250 2.595158 1.350542 0.063916 1.836292 0.761019 1.032735 -0.710479 0.417554 0.656822 -0.996450 -4.183554 -0.165175 4.910365 -5.000000 -1.826559 -0.454629 0.538631 2.260923 2.084795 2.607621 2.778801
3 339922.1269155630 9.0000000000 2.0000000000 0.7918482058 67.0000000000 5.6103130982 0.8836197546 5.7935591728 -0.0883850591 4.8194505708 -0.0229834966 33.5653278883 -637.9386800565 26.2218780438 6.6660452641 -0.931637 -0.554879 0.070999 1.696442 0.325997 2.417247 1.005042 -3.167644 2.046067 -1.306035 1.074090 -0.015954 1.849568 0.093217 0.284040 -3.307323 2.735984 0.050212 -0.790965 2.568775 1.122554 0.479451 0.959798 0.123506 -2.141025 -2.546420 1.840152 2.109837 1.080576 0.618127 1.941722 2.309448 0.845218 1.998418 1.767040 -1.060398 1.628270 -2.039768 -4.516474 1.359910
5 278187.2705447999 9.0000000000 2.0000000000 0.7918482058 67.0000000000 5.6103130982 0.8836197546 5.7935591728 -0.0883850591 4.8194505708 -0.0229834966 33.5653278883 -637.9386800565 26.2218780438 6.6660452641 1.292128 0.523826 1.414431 -0.873304 1.587638 -0.521106 -1.679321 -2.959415 2.214790 -2.393508 -2.054462 -3.142258 4.085952 3.779969 -1.597323 -3.649574 -1.552107 -1.295192 -0.974669 0.750528 -2.072013 -0.267848 0.769758 0.708794 0.685275 -1.194602 -0.377096 1.400650 -2.651247 1.874057 -0.901379 1.862258 -3.610863 0.860798 -1.134588 2.139911 -0.242019 -2.065609 1.670562 -1.703841
9 15455.5319200475 9.0000000000 2.0000000000 0.7918482058 67.0000000000 5.6103130982 0.8836197546 5.7935591728 -0.0883850591 4.8194505708 -0.0229834966 33.5653278883 -637.9386800565 26.2218780438 6.6660452641 0.730558 -0.068612 0.151371 -0.410968 -0.998565 0.593196 -0.355029 -3.407702 -1.095558 0.593892 -0.767622 1.354971 3.407478 -2.710539 5.000000 -0.948245 -0.304191 1.187611 -2.781946 0.193599 0.046566 -1.047464 0.591813 -1.335328 0.095374 -3.161676 1.148694 1.863662 3.596093 -1.437841 1.227928 -0.536477 1.871369 -3.076707 -1.269002 -0.157175 3.192414 -3.370573 1.451780 -0.088292
17 2787.7117194779 9.0000000000 2.0000000000 1.8853906856 1.0000000000 6.3091641531 0.9975412678 3.1050839534 0.0256826268 2.6332282627 0.0217798359 9.6415463577 -1309.4676016355 27.5883206879 6.9997444729 0.952532 1.465232 2.393618 -1.582665 -0.269212 -4.347299 0.695847 -1.845975 -0.313657 1.925552 0.461440 0.497462 -0.842068 -1.573847 0.182053 -4.962740 2.028884 -1.610877 -0.454212 0.122579 -2.725847 -3.754340 1.084922 1.635054 -2.107845 -0.632401 1.664846 -0.290633 0.427258 1.236794 -1.008333 -0.500971 2.516092 2.342848 0.455082 4.035705 -1.277919 -5.000000 0.129716 -1.881353
18 2557.1270274572 9.0000000000 2.0000000000 1.8853906856 1.0000000000 6.3091641531 0.9975412678 3.1050839534 0.0256826268 2.6332282627 0.0217798359 9.6415463577 -1309.4676016355 27.5883206879 6.9997444729 -1.322754 -0.398421 -0.179065 -1.872918 2.109901 -0.057869 0.198965 -1.264961 0.791299 3.977858 -2.876737 -0.128407 1.902916 -3.184205 1.588559 -2.499271 4.679997 -0.219606 0.235324 0.093970 3.678080 0.350961 3.348073 -1.237127 -0.607808 -2.072527 0.900573 0.793842 -0.312380 -1.521845 1.608178 2.939268 -0.788725 0.463096 0.543897 1.745485 0.371121 -0.462878 -0.952051 -1.773687
79 1260.6312784892 9.0000000000 2.0000000000 1.6665955586 5.0000000000 6.2592882000 0.9895526928 5.3596943312 0.1993218756 4.7998002208 0.1864464447 28.7263233238 -1165.6900725988 25.1883054892 6.4090804681 3.323002 0.069158 0.519825 -3.310614 1.825674 0.266052 1.388379 0.805230 -0.692641 3.220496 -3.291909 -1.177013 0.180760 1.368460 -2.383233 0.134959 -0.103055 -0.510382 4.632509 -1.537383 1.716723 -0.700160 2.306669 2.128022 0.723844 -2.208181 -1.907320 -0.804367 2.248574 0.545510 2.251247 1.431107 3.479486 -1.162781 2.054626 3.248846 -0.386396 0.396283 0.443873 -3.869012
104 1052.2949332790 9.0000000000 2.0000000000 1.6305943483 6.0000000000 6.2474241464 0.9876437049 5.1083567121 0.1729825745 4.6425405804 0.1688979739 26.0953082976 -1158.1140694572 25.4810472565 6.5103165315 4.147740 -0.786264 -0.609881 -1.153971 4.883263 3.469657 1.521603 -3.272544 -0.906034 3.242863 1.363517 -0.149832 1.097765 0.384749 -1.992924 0.167051 2.177052 0.259107 4.004729 0.578291 0.902720 -3.988703 0.998814 0.786313 -2.972852 -5.000000 2.584380 0.309710 2.999641 1.156894 2.943330 -0.306360 1.394558 -1.182588 -2.764717 3.278455 3.353710 -1.167197 0.649665 -5.000000
131 407.2325633730 9.0000000000 2.0000000000 1.5636531422 8.0000000000 6.2262686855 0.9842157916 4.9466406764 -0.0007345950 4.4608421920 0.0226499165 24.4692539814 -1146.8441708197 26.1406717680 6.6783990811 -0.308562 -0.040903 -2.765960 -3.434698 3.559679 1.203192 0.485287 -5.000000 -2.691400 1.475559 -1.054574 -2.708616 0.722169 -0.840656 -1.176830 1.384970 2.778776 -0.255334 2.434379 0.814932 2.764132 -2.886746 0.434878 3.139965 -4.900994 -2.871468 -0.626514 -1.561944 3.803362 1.011462 2.188197 0.115846 3.377751 -1.382312 -2.097872 1.746973 2.658609 -0.506969 -0.605446 -5.000000
239 391.2525368057 9.0000000000 2.0000000000 1.4172557240 15.0000000000 6.1463352775 0.9712980189 5.3964980926 -0.0866634350 5.0314357467 -0.0673927258 29.1221916634 -1028.0320417849 24.2314156080 6.2085052127 2.100506 0.644907 -0.255417 -1.765149 2.683596 2.079477 -1.136978 -4.288559 2.642499 2.698204 0.202136 3.623999 4.092361 -1.536886 -2.266935 -1.736055 -0.894090 -2.496898 3.853280 -4.248372 0.134879 -2.133043 1.423537 0.332483 -4.188916 -0.183315 -2.065256 -3.629605 2.153900 4.304888 0.103899 -0.475371 1.633758 -2.010411 -1.977020 5.000000 0.071342 1.149957 2.230166 -4.749190
1005 609.1195622171 9.0000000000 2.0000000000 0.7294136437 67.0000000000 5.6069669232 0.8834156646 7.2685336277 0.0656040364 6.3646454559 0.1029814198 52.8315810974 -562.7492735511 25.0304081759 6.3844619812 1.928940 -1.538037 -2.110842 4.538442 0.474965 3.540304 -2.281014 1.296065 3.111282 4.292542 -0.622939 -2.482788 4.085355 -0.849272 -4.460061 2.591969 -1.853825 -0.936770 -0.116404 -0.892973 2.996317 -3.738682 1.103027 -2.702138 -0.893562 4.177136 -5.000000 -0.602046 2.628133 1.504003 1.205302 0.283620 3.698732 1.277322 -2.786344 1.087120 -1.430535 0.195837 0.980821 -5.000000
evaluations raw_y rep iid sigma t d_norm d_mean ps_norm ps_mean pc_norm pc_mean ps_squared loglikelihood mhl_norm mhl_mean x0 x1 x2 x3 x4 x5 x6 x7 x8 x9 x10 x11 x12 x13 x14 x15 x16 x17 x18 x19 x20 x21 x22 x23 x24 x25 x26 x27 x28 x29 x30 x31 x32 x33 x34 x35 x36 x37 x38 x39
1 10823689.2944194619 10.0000000000 2.0000000000 0.7294136437 67.0000000000 5.6069669232 0.8834156646 7.2685336277 0.0656040364 6.3646454559 0.1029814198 52.8315810974 -562.7492735511 25.0304081759 6.3844619812 2.663173 1.430558 -3.090801 -0.016768 1.242672 -1.440171 0.531023 0.217097 0.008583 -0.349200 0.866052 2.406075 -1.930131 2.056548 0.457260 0.890275 -2.273204 0.270274 2.969074 -2.159610 -3.955457 -3.486745 0.532140 4.769935 2.247383 3.345244 0.198298 2.795993 -0.542496 1.226408 -0.534634 -1.098618 0.265417 -0.952284 2.616946 0.390027 0.800420 -0.675265 2.512945 -1.463939
3 7577513.9160751225 10.0000000000 2.0000000000 0.7294136437 67.0000000000 5.6069669232 0.8834156646 7.2685336277 0.0656040364 6.3646454559 0.1029814198 52.8315810974 -562.7492735511 25.0304081759 6.3844619812 3.970169 3.489628 -3.712371 -0.445547 -0.131696 -4.263424 -0.097661 0.786682 0.434530 -3.988788 2.215416 0.489088 -0.123824 -1.507786 1.423918 1.836538 -0.964186 0.179175 1.653997 -3.909024 0.234951 -3.814914 -1.845819 0.939503 -0.288734 -0.800277 -0.591968 1.696417 1.413661 -1.574538 0.585881 -0.941615 4.808651 -1.478713 -0.625658 -0.697764 -0.878052 0.282208 0.546099 -3.237141
6 6076519.7473664889 10.0000000000 2.0000000000 0.7294136437 67.0000000000 5.6069669232 0.8834156646 7.2685336277 0.0656040364 6.3646454559 0.1029814198 52.8315810974 -562.7492735511 25.0304081759 6.3844619812 0.266275 2.405488 -2.049506 0.320798 -2.260951 -3.882599 1.973196 0.056455 -1.644735 -3.173104 -0.802946 2.684359 0.804938 -0.745523 -1.344047 0.211624 -3.094611 2.689613 1.006378 2.388701 -1.127011 1.709658 1.375809 -3.066137 0.297921 0.630222 -1.149835 -0.720342 0.872371 -0.075836 -2.009433 1.182906 0.455635 0.498357 0.191526 0.898043 -0.572004 -1.725517 -1.483650 2.211150
7 680658.5003406134 10.0000000000 2.0000000000 0.7294136437 67.0000000000 5.6069669232 0.8834156646 7.2685336277 0.0656040364 6.3646454559 0.1029814198 52.8315810974 -562.7492735511 25.0304081759 6.3844619812 -4.035437 1.081081 -2.884598 -3.217701 -2.013137 -0.515067 1.461015 -3.396803 3.348151 2.327447 -0.265147 -0.580492 -1.907065 1.176081 0.137603 2.824129 -1.372431 1.095888 -0.072765 -1.694033 3.804608 0.559211 1.240509 -2.137135 -1.445241 0.168279 -1.168910 1.204045 0.876730 -1.564686 0.385872 0.008050 -0.328151 -2.297625 -1.671017 0.420901 2.027969 -1.940396 2.434363 0.365295
10 502242.7056512488 10.0000000000 2.0000000000 0.7294136437 67.0000000000 5.6069669232 0.8834156646 7.2685336277 0.0656040364 6.3646454559 0.1029814198 52.8315810974 -562.7492735511 25.0304081759 6.3844619812 0.378840 0.089549 1.589371 -0.986281 -2.523179 -0.438521 0.394544 -0.510561 0.051615 4.401933 1.768735 -2.773645 1.307325 -4.353217 1.237898 0.954469 0.052193 -1.939411 -1.967456 0.825065 -1.228610 1.674164 -1.247238 -0.726372 1.518943 -0.067854 -0.332801 0.539145 0.750611 -0.167830 0.452253 -0.231761 0.823205 0.575621 1.008543 1.608535 -2.061216 -2.715395 -0.533004 -0.342586
23 66077.0945582610 10.0000000000 2.0000000000 1.8752353015 1.0000000000 6.3091854959 0.9975554628 2.8140316339 -0.0403637722 2.3864049223 -0.0342300007 7.9187740367 -1248.1003429240 25.3773389075 6.4392379167 1.945935 1.747507 -1.061689 -1.523705 -5.000000 -1.876319 0.748602 -2.357229 -0.150800 1.204225 1.316557 -1.410697 0.091760 -2.655173 1.357360 0.215251 -0.048544 0.246878 -0.003959 -1.954284 0.124078 2.947081 1.356291 -3.829267 -1.323876 0.394824 -1.920877 -0.489189 -0.968293 -0.053373 -0.527706 1.665096 -0.980791 3.327766 -1.772283 1.278715 -1.095363 -4.140691 2.356910 -1.178977
30 15624.8031919604 10.0000000000 2.0000000000 1.8752353015 1.0000000000 6.3091854959 0.9975554628 2.8140316339 -0.0403637722 2.3864049223 -0.0342300007 7.9187740367 -1248.1003429240 25.3773389075 6.4392379167 -0.211773 1.080994 1.193521 -2.481111 -3.061091 -2.931660 4.041012 -1.708130 0.986176 -0.779378 0.768466 -0.531149 -2.213105 -2.336153 1.358853 0.842759 -0.436616 1.118193 -2.578140 0.769584 4.037439 4.471730 0.291585 -0.542547 0.729333 -0.752956 1.724658 0.202701 5.000000 4.517033 -0.172545 1.508328 -0.621209 1.930909 5.000000 2.434682 1.915286 -2.745865 -1.450850 -0.721164
33 11899.3862523093 10.0000000000 2.0000000000 1.8174741749 2.0000000000 6.2971395740 0.9956275400 4.5992066633 0.0096528958 3.9701731783 0.0071627318 21.1527019318 -1230.4101284784 25.4432027609 6.4800444554 0.831219 -1.178222 0.565923 -1.712586 -2.304181 -2.177460 3.494362 -0.808625 -1.545486 -0.743318 1.988556 -2.840442 -2.608424 -0.702228 -0.362754 1.685234 0.007075 -0.236238 -0.188735 -2.158558 2.571036 3.049923 0.121976 -1.184114 -0.275803 2.812206 -1.846926 2.940432 2.206317 4.302109 1.414647 1.027758 2.239534 1.892891 1.888027 1.941357 -2.337744 -0.981345 1.761210 2.382275
34 1297.1314274187 10.0000000000 2.0000000000 1.8174741749 2.0000000000 6.2971395740 0.9956275400 4.5992066633 0.0096528958 3.9701731783 0.0071627318 21.1527019318 -1230.4101284784 25.4432027609 6.4800444554 0.593793 1.780970 -2.297513 -0.613411 -4.029724 -2.924964 4.352549 -0.816887 3.260495 2.968381 1.877046 -0.910146 -2.048234 -0.922491 2.147493 2.789060 0.660312 4.055998 -2.198338 -0.002653 2.438410 3.402973 1.982170 -1.844228 -0.268789 -0.184004 0.762696 1.036250 4.097772 -1.563312 -0.176757 -1.055256 -0.794763 1.047089 2.976731 1.574617 2.616840 -2.356813 0.381306 3.675704
85 774.9433046786 10.0000000000 2.0000000000 1.7184808207 5.0000000000 6.2601242336 0.9897000624 5.2114761094 0.1161700311 4.7327015817 0.1051335770 27.1594832384 -1193.8352691466 25.6002240351 6.5151856107 0.506686 2.752508 -1.476752 2.835643 -5.000000 -2.401353 4.760961 -5.000000 -1.805070 2.018050 0.790115 0.928300 -1.077645 -1.075808 -0.220749 5.000000 -0.941735 1.991580 -2.961464 -3.613113 0.917010 0.915827 0.513922 -2.118658 -0.720431 2.125900 -2.338076 -1.805067 5.000000 -1.285289 0.532534 -0.530451 2.040057 -1.161755 0.589418 2.439049 2.438323 -3.808891 0.159835 3.800764
279 491.5678544933 10.0000000000 2.0000000000 1.2128539399 18.0000000000 6.1042235116 0.9646051218 4.9912037981 -0.0266256945 4.4328125537 -0.0329721159 24.9121153547 -942.5156261746 24.8755125168 6.2995148275 5.000000 -1.658863 0.354258 -2.226362 -1.753467 -1.362543 5.000000 -4.954112 -3.075942 0.306958 1.352971 -0.582263 -3.995984 -2.130956 -0.433219 5.000000 -0.535438 -2.657981 -1.371366 -1.607520 1.827436 0.415823 -3.059452 -1.780044 -1.215080 1.723571 -0.485414 -0.273205 2.134204 -1.068423 -3.445260 -1.547743 1.865934 0.485390 4.596681 1.626385 -0.948876 -0.443587 0.615653 0.111704
323 407.7727023275 10.0000000000 2.0000000000 1.1277953172 21.0000000000 6.0686440968 0.9588708815 5.4374753964 0.0363854987 4.9274827458 0.0186447468 29.5661386866 -925.7122507473 26.0835480008 6.6306414908 4.445609 0.302245 0.424547 -3.349194 -2.652184 -2.499010 0.827015 -4.773080 -0.958851 0.124159 3.072898 1.161488 -5.000000 -1.211490 -0.125228 2.733196 -1.685523 -3.229154 2.209631 -3.996078 2.863614 -0.330539 -2.566020 -1.882012 -1.129487 0.860142 2.377508 -3.206618 -0.902723 0.701980 -2.158864 -3.154797 1.247766 -1.568802 1.231830 2.749501 -1.619815 -0.018862 1.869355 -1.892437
1005 97521.4384088313 10.0000000000 2.0000000000 0.6402632112 67.0000000000 5.5982222607 0.8822200465 5.9154690189 0.0878363491 5.2137751877 0.1019609328 34.9927737137 -490.8896241382 25.3278388414 6.4399811001 2.787398 -0.062845 -2.396281 -1.315625 -3.008138 -0.840310 2.264528 -3.530236 -2.602583 0.906569 1.532881 3.241563 -2.995767 0.398279 2.230227 3.911188 -4.892328 -1.975245 0.102610 -2.023327 3.258161 1.321557 -2.708202 -2.106648 -5.000000 3.133690 4.144216 -3.187011 1.885779 2.456322 -2.383347 -2.557608 3.143827 -2.665560 0.345749 1.048620 -0.316521 4.432531 3.009140 0.271381
evaluations raw_y rep iid sigma t d_norm d_mean ps_norm ps_mean pc_norm pc_mean ps_squared loglikelihood mhl_norm mhl_mean x0 x1 x2 x3 x4 x5 x6 x7 x8 x9 x10 x11 x12 x13 x14 x15 x16 x17 x18 x19 x20 x21 x22 x23 x24 x25 x26 x27 x28 x29 x30 x31 x32 x33 x34 x35 x36 x37 x38 x39
1 2058082.7992253420 11.0000000000 2.0000000000 0.6402632112 67.0000000000 5.5982222607 0.8822200465 5.9154690189 0.0878363491 5.2137751877 0.1019609328 34.9927737137 -490.8896241382 25.3278388414 6.4399811001 3.498909 -0.572146 -0.969130 -5.000000 -0.016569 -0.639263 -1.073259 0.630805 0.842101 -2.131206 -1.772479 -0.951467 1.379365 1.122384 -2.611097 -2.238951 1.473675 3.149268 -0.062150 -1.366893 2.191259 -0.619153 1.451504 3.098143 1.260160 0.146986 1.464543 -1.285151 -0.356186 -1.147909 -0.408751 -0.972990 -0.371551 -0.761073 0.177955 0.127343 0.592694 2.805542 -3.093725 2.591237
3 766148.8944622278 11.0000000000 2.0000000000 0.6402632112 67.0000000000 5.5982222607 0.8822200465 5.9154690189 0.0878363491 5.2137751877 0.1019609328 34.9927737137 -490.8896241382 25.3278388414 6.4399811001 1.374625 -3.646019 1.758228 3.692730 -2.123309 -1.368969 -0.952429 1.660621 -1.726705 -0.261083 -1.046175 -0.502554 2.582549 -1.928410 0.143520 0.543213 1.717334 -2.528147 2.229741 0.869554 1.748546 0.143304 -3.278103 -1.294605 1.635539 0.073590 -0.097405 3.583062 4.403713 -0.074134 3.865811 -3.987143 -4.098115 1.734110 -0.523922 1.157942 1.033105 -0.178807 1.364259 0.301444
8 33623.7660217126 11.0000000000 2.0000000000 0.6402632112 67.0000000000 5.5982222607 0.8822200465 5.9154690189 0.0878363491 5.2137751877 0.1019609328 34.9927737137 -490.8896241382 25.3278388414 6.4399811001 0.503092 -1.574078 -0.588813 1.479401 -0.191272 1.086106 0.844770 0.063338 0.097662 3.723227 -0.341352 3.255344 -1.828001 1.458801 0.341811 -1.458509 -5.000000 3.189849 -2.310408 -1.926108 0.259260 0.114278 0.557592 -0.508156 -2.999232 1.734025 -1.809374 0.446580 1.148882 2.364450 -0.435807 -0.610878 -0.466624 -3.697170 -1.509633 -2.008768 -2.299726 0.335387 -0.622977 3.192530
18 3977.2325173524 11.0000000000 2.0000000000 1.8751039161 1.0000000000 6.3122949901 0.9980419853 2.8102558208 -0.0549533098 2.3832028904 -0.0466024786 7.8975377782 -1288.4373848494 26.8807880873 6.8854312303 0.067831 -1.070924 -0.079776 0.713227 2.089972 1.579095 2.407372 3.701191 -0.964432 2.232361 -0.503961 -2.104609 2.907783 0.789384 -0.694611 -5.000000 -2.159786 3.358406 -2.539294 0.614641 -0.369730 -1.192149 -0.712601 0.372936 -5.000000 1.813243 -1.654689 3.303833 0.822894 -1.050448 2.685912 -1.354819 -1.153274 -0.425259 -3.458080 2.813850 1.916122 -0.102727 -1.081486 1.419436
68 1064.4232502520 11.0000000000 2.0000000000 1.7186224208 4.0000000000 6.2789198075 0.9926869847 5.2262554358 -0.0818066597 4.6265209469 -0.0701753874 27.3137458807 -1200.4108162598 25.7014225962 6.5294624560 -1.406437 -0.329115 3.538153 4.222655 -3.112674 1.407515 -0.216721 3.623392 -3.792387 2.389855 0.867271 0.442809 -0.480546 1.758271 2.088550 1.655077 -1.285301 0.969208 -0.729303 0.052339 0.402468 -0.854483 0.877674 -0.995301 -0.747029 -0.805993 0.367822 4.570193 -0.361376 -1.307571 -2.697885 -5.000000 -0.886654 -1.739766 -2.533021 1.060041 1.386123 -1.670732 5.000000 -0.412807
125 602.6673110679 11.0000000000 2.0000000000 1.5689285814 8.0000000000 6.2338811677 0.9854114182 4.6066008066 0.1428741224 4.2494402174 0.1124982260 21.2207709916 -1167.1785574471 26.7248011754 6.8150816643 -1.907770 0.877142 5.000000 2.164987 -1.699349 3.195214 3.969249 1.752128 -2.849855 2.842230 2.812503 1.612461 1.379737 -0.630570 -0.769426 -1.264596 -0.768921 -0.227687 0.256799 -1.225865 -1.572630 0.984791 4.742270 1.987560 -1.178928 -3.351393 0.733423 -0.698368 0.828790 -2.922907 -2.918843 -4.500178 1.211514 -0.101902 -0.449530 0.005339 1.402908 -0.489171 4.850807 0.838552
199 552.5712884717 11.0000000000 2.0000000000 1.3976758150 13.0000000000 6.1750465927 0.9759158431 5.7208805455 0.0793541537 5.1699957780 0.1000770675 32.7284742161 -1059.7837565235 25.7058869343 6.5292644944 -2.442513 -0.951414 5.000000 3.446831 -2.375659 -2.405488 -0.301759 0.288976 -1.731109 3.094390 3.225032 0.229675 2.376453 1.994258 4.485338 0.384666 -5.000000 3.580301 -0.345608 0.877179 -1.149903 0.851789 1.996411 2.955585 -3.182747 -0.900873 -1.220354 -3.898519 1.763743 0.697865 -1.770183 -5.000000 0.540230 2.106727 -0.096602 1.969525 3.138462 -1.679165 2.060122 -1.961877
801 515.7418972988 11.0000000000 2.0000000000 1.0284144173 53.0000000000 5.7770536304 0.9103559446 5.3441433298 -0.0939981219 5.0258679398 -0.0892022992 28.5598679299 -816.2203547288 25.9237110182 6.6291903042 -2.852619 -2.927616 -3.795220 -4.871551 0.257122 -3.218790 -1.027981 -1.322603 -4.780322 0.082483 -3.744923 -1.656463 -0.765018 0.762790 -5.000000 -0.569029 -0.705845 -1.146937 -0.923270 1.139702 -3.055328 1.948816 3.021357 -0.015483 -2.907673 -0.866410 3.570506 3.418823 2.473616 -4.043053 2.542673 0.906111 3.320714 -0.308808 -1.836023 -0.068123 2.583651 -3.231283 3.608735 -5.000000
948 508.4812563354 11.0000000000 2.0000000000 0.9871798949 63.0000000000 5.6810810390 0.8942266264 6.5764895652 0.1341996985 6.1165227174 0.1078930023 43.2502150017 -709.9924425415 23.0217950038 5.8673512227 -4.109649 -3.703987 -2.035803 -3.801592 0.767913 -4.532791 1.490124 -1.155828 -3.248467 0.427228 -3.159755 -0.653757 -1.886853 -0.224204 -3.701850 0.383151 0.359394 -0.194412 -1.079646 -0.059394 -2.444400 0.012572 5.000000 0.185202 -3.135422 0.423590 2.652210 4.057176 -0.134887 -3.168739 3.159788 4.780256 2.715281 -0.728407 -2.441615 2.974259 5.000000 -1.539815 3.908741 -1.938265
1005 563458.5160172175 11.0000000000 2.0000000000 0.9285600646 67.0000000000 5.6397717439 0.8874095887 5.1956128717 -0.0755850210 4.7975870277 -0.0275007495 26.9943931125 -733.0446114905 25.9169078909 6.6174119900 -3.141231 -5.000000 -3.932370 -3.880930 1.537335 -4.221418 0.688969 -1.732758 -4.060301 1.084305 -4.215893 -1.008393 -0.679727 -0.905617 -3.890920 2.112546 -0.949639 -3.357766 -0.328492 -0.434655 -3.171957 0.633274 4.864983 -0.396211 -2.876111 -0.580734 4.956881 1.401865 1.264985 -3.685475 1.670470 3.143574 3.721676 -2.248115 -3.183143 1.034459 3.805917 0.929870 3.011117 -2.726897
evaluations raw_y rep iid sigma t d_norm d_mean ps_norm ps_mean pc_norm pc_mean ps_squared loglikelihood mhl_norm mhl_mean x0 x1 x2 x3 x4 x5 x6 x7 x8 x9 x10 x11 x12 x13 x14 x15 x16 x17 x18 x19 x20 x21 x22 x23 x24 x25 x26 x27 x28 x29 x30 x31 x32 x33 x34 x35 x36 x37 x38 x39
1 39607.4986539635 12.0000000000 2.0000000000 0.9285600646 67.0000000000 5.6397717439 0.8874095887 5.1956128717 -0.0755850210 4.7975870277 -0.0275007495 26.9943931125 -733.0446114905 25.9169078909 6.6174119900 0.945972 -1.362852 0.484879 -3.401471 1.506286 -3.069443 0.010254 -0.240455 -1.613964 5.000000 -1.195646 0.944914 2.191912 -2.430338 2.684713 -0.244300 2.025031 -1.827738 -2.059060 2.419593 1.003745 0.277692 1.281522 1.054665 -2.308720 -4.426667 -3.363513 -3.576189 -4.437070 -1.294862 -1.056809 -0.078418 0.429952 -0.768718 -0.507808 0.146504 -1.994408 -1.427713 0.070833 -1.355891
24 27151.2746259006 12.0000000000 2.0000000000 1.9010877582 1.0000000000 6.3134810084 0.9982244383 3.5518904364 -0.1184391572 3.0121370062 -0.1004408708 12.6159256721 -1307.5343512238 27.2286479218 6.9649502440 2.168496 1.792013 3.108004 -2.791769 -0.976266 -0.928037 -0.824295 1.496317 0.402928 1.650749 -0.408866 1.423159 -0.810276 -1.992245 1.123735 2.238561 2.566994 -1.264281 -2.734077 5.000000 2.093133 -0.558319 -0.630573 1.561514 -1.528271 1.414081 0.195232 2.013928 -0.564024 1.267325 -2.444965 2.299830 -0.072184 1.427431 -0.062138 2.500406 0.077821 -1.167816 -2.413882 -2.313555
36 2339.1598564380 12.0000000000 2.0000000000 1.7951096210 2.0000000000 6.2991931583 0.9959460161 3.1941085004 -0.0019715913 2.7753649894 -0.0047584299 10.2023291125 -1255.6968997033 26.7317720579 6.8191504958 1.012005 0.358884 0.020650 -4.199815 -0.395145 2.164135 0.328329 -1.804454 -0.179059 2.225361 0.705552 -1.755360 0.155746 -3.204844 3.006448 -0.991781 0.644080 -0.891458 -5.000000 3.015721 3.136886 2.105410 -2.822134 2.231775 -0.374739 -0.847520 -0.616455 1.716800 -2.810362 -0.740641 1.076019 -3.735824 0.269476 1.649136 -0.769431 1.365778 0.751673 -0.851795 -2.213169 -2.262660
41 1312.0448945839 12.0000000000 2.0000000000 1.7951096210 2.0000000000 6.2991931583 0.9959460161 3.1941085004 -0.0019715913 2.7753649894 -0.0047584299 10.2023291125 -1255.6968997033 26.7317720579 6.8191504958 0.994766 -1.018627 0.185996 -0.195575 -4.237026 -1.320423 0.872687 0.693024 -2.218874 2.946248 -3.161772 3.807465 1.710072 0.287228 -0.204603 -0.676660 1.871195 -4.562315 1.410827 2.091590 1.773137 -0.366639 -4.428514 1.624420 2.523807 0.283701 -0.480186 2.385627 -1.037997 2.388883 -2.014866 0.352925 2.093652 -0.585491 -2.911622 2.564898 0.211042 3.344246 -1.112570 -0.620010
57 269.2557485385 12.0000000000 2.0000000000 1.7156032485 3.0000000000 6.2857541924 0.9937986927 3.8439513959 -0.0072714603 3.3941825024 -0.0098341102 14.7759623343 -1201.2331066303 25.7658748203 6.5874220925 3.421153 0.087664 -0.613257 -2.817950 -1.859168 -2.062426 1.097851 1.633047 0.114811 2.305687 -1.310635 1.156905 2.481726 0.427879 1.194832 1.362779 0.880614 -2.102122 -0.252767 0.317683 -0.683428 1.716041 -1.216486 -0.395592 -1.069450 3.116937 -1.572147 0.072283 -1.251813 0.717959 -1.840370 1.703849 0.558438 0.398727 -1.781596 0.823919 -2.657032 -0.337305 -2.554216 -2.627559
1005 59214.5685531356 12.0000000000 2.0000000000 0.8640430292 67.0000000000 5.6291814129 0.8861967616 5.1637137130 0.1125593762 4.7881540198 0.1160158519 26.6639393095 -705.1730668223 26.3759642044 6.6973102898 3.016159 -1.666633 2.071342 -3.344729 0.556123 3.409422 0.446933 2.495039 2.215002 2.888416 0.486052 -1.258292 2.788906 -1.728989 3.375329 2.459847 -2.051416 -1.057939 3.303396 0.585323 -2.841978 -3.118019 -3.388114 -3.737157 1.904347 1.757060 -1.271599 1.121534 -0.015002 -2.241057 -2.803477 5.000000 -0.430296 -0.162748 1.135055 -2.528681 4.658590 -0.188239 -2.062772 2.227148
evaluations raw_y rep iid sigma t d_norm d_mean ps_norm ps_mean pc_norm pc_mean ps_squared loglikelihood mhl_norm mhl_mean x0 x1 x2 x3 x4 x5 x6 x7 x8 x9 x10 x11 x12 x13 x14 x15 x16 x17 x18 x19 x20 x21 x22 x23 x24 x25 x26 x27 x28 x29 x30 x31 x32 x33 x34 x35 x36 x37 x38 x39
1 17238166.8489495702 13.0000000000 2.0000000000 0.8640430292 67.0000000000 5.6291814129 0.8861967616 5.1637137130 0.1125593762 4.7881540198 0.1160158519 26.6639393095 -705.1730668223 26.3759642044 6.6973102898 -1.424781 1.507533 -0.089006 0.903625 2.690203 1.064676 2.700376 1.722423 2.957371 -2.090754 -1.577978 -2.523212 1.125694 -0.486653 1.827481 0.634702 0.254607 4.300766 1.212577 -0.053543 -1.968322 2.381411 1.905661 -2.174363 -0.290423 0.475716 -3.278187 -0.556269 2.798477 -3.230216 0.981744 3.785484 -1.241959 -0.907505 0.434903 1.028658 0.794483 -3.025690 -1.528068 0.202540
3 4918902.3011296336 13.0000000000 2.0000000000 0.8640430292 67.0000000000 5.6291814129 0.8861967616 5.1637137130 0.1125593762 4.7881540198 0.1160158519 26.6639393095 -705.1730668223 26.3759642044 6.6973102898 1.629991 -2.370838 -1.537254 1.458331 1.531822 0.415600 -4.374231 1.443930 0.697501 -0.677237 -3.890781 1.661811 3.498484 1.002275 2.660634 -1.315035 0.369892 -1.302113 -2.241014 -0.693214 -1.822690 -1.492271 -1.541937 -0.827907 -0.583623 0.253545 -2.494672 0.634342 -3.636843 0.111384 0.161732 -4.639695 -0.682242 2.179692 0.901062 -0.988597 -1.093153 0.584053 0.308409 1.634611
4 15380.6225018735 13.0000000000 2.0000000000 0.8640430292 67.0000000000 5.6291814129 0.8861967616 5.1637137130 0.1125593762 4.7881540198 0.1160158519 26.6639393095 -705.1730668223 26.3759642044 6.6973102898 0.287512 1.810343 0.801347 -1.529188 -2.034004 -1.053979 0.817317 -1.735600 1.783588 -3.078128 -0.528495 -1.864719 0.625757 0.273581 -0.303400 -2.473675 -1.764981 -1.321265 1.985898 -1.287594 1.002335 1.839970 -1.688953 -1.032886 -4.413734 -0.806258 1.426651 -1.893273 0.702723 1.577141 0.720064 -0.876403 0.456670 -1.350750 -0.838521 4.773492 -1.016686 -1.372473 0.309807 0.555672
16 2703.4381538043 13.0000000000 2.0000000000 1.8717017765 1.0000000000 6.3107218486 0.9977963186 2.7123913901 -0.0495938050 2.3002101635 -0.0420574165 7.3570670533 -1245.3467423664 25.2815964066 6.4596510258 1.377443 1.030169 2.375147 -3.564422 -5.000000 -0.102626 2.616515 -3.229538 -1.422831 -0.906169 -1.229057 -0.611058 1.014298 -1.426371 -1.956253 0.665754 -2.170002 -1.577142 0.649719 0.280261 -1.620245 -3.004622 -2.071147 -1.411699 -0.182150 1.539220 1.518051 2.894363 -0.798498 1.849297 -0.015130 -2.726403 2.059466 4.119498 2.012393 0.814081 -2.056670 0.035584 0.563612 1.581883
144 454.1704809566 13.0000000000 2.0000000000 1.5595606737 9.0000000000 6.2181670760 0.9828835227 4.9482418863 -0.1079369610 4.5078064236 -0.1037190381 24.4850977654 -1143.1554378037 26.1601636062 6.6493754215 1.267456 -1.264702 3.740364 -1.637243 -3.655887 -2.156844 3.351019 0.131873 -0.031548 -1.319845 2.005752 0.160086 0.608775 1.380071 -0.639494 -2.998096 -1.389927 -3.073535 -0.747094 2.230455 4.558091 -2.097655 -5.000000 -0.895314 -3.327517 -1.686126 1.834989 -4.155102 -1.464930 2.379021 0.879846 -1.818200 -0.919542 0.939027 -0.775817 0.963163 0.061269 2.451257 1.490106 0.006498
496 444.0435223935 13.0000000000 2.0000000000 0.9324491124 33.0000000000 5.9325747267 0.9368614665 5.4203914641 0.0180636787 4.7569606243 0.0111594701 29.3806436245 -765.9274916873 25.1459217643 6.4415010840 0.812963 -1.440028 -0.734620 1.479752 -4.204523 0.345873 1.664695 -3.824208 2.384535 -3.884578 1.192957 -1.346216 0.490358 0.691765 1.016562 1.216813 -3.617114 -2.924437 2.439651 1.214561 0.565801 -2.620505 -2.581272 1.486725 -2.910107 -0.934555 5.000000 -1.014931 0.784671 2.619425 -2.569978 0.442125 -1.293767 -3.376870 -3.016031 1.626345 -0.619636 1.691244 -0.417142 -0.593928
931 440.0500177027 13.0000000000 2.0000000000 0.6463586185 62.0000000000 5.6304138071 0.8876107328 5.7036137625 0.3295679345 4.7226521748 0.2853989662 32.5312099513 -492.8580327198 24.8625175475 6.3642633052 0.728733 -3.873654 2.844242 3.793463 -3.329378 0.952695 2.509973 -1.125984 -0.125483 -3.532131 0.987474 -2.211593 1.173069 0.437093 2.734337 0.356406 -2.238175 -2.922268 4.165634 3.169326 -1.109034 -3.033224 0.126420 2.427416 -2.336772 -0.513679 3.183046 0.786121 -0.379278 4.915658 -0.216056 -1.740908 -4.443117 0.636025 -3.524859 2.831948 -0.550407 2.481900 0.456842 -1.968228
1005 19803.5647930470 13.0000000000 2.0000000000 0.6084736207 67.0000000000 5.5794458741 0.8793429357 5.8669215145 0.2008542746 5.0037601151 0.2059724125 34.4207680576 -467.6591677934 25.9054238120 6.6009791142 1.411498 -3.184947 2.285542 4.553261 -2.763332 0.545701 3.069425 -1.583080 0.051138 -3.086471 -0.299617 -2.339754 0.183270 1.317464 2.395354 1.537089 -1.477098 -4.096554 5.000000 2.898001 -2.538241 -2.615980 -0.935326 3.277924 -2.694435 0.553643 3.187233 1.042485 -0.113873 4.470557 0.349975 -1.038014 -3.743103 -0.718711 -3.834543 2.607894 -0.614263 2.144467 -0.304246 -1.460172
evaluations raw_y rep iid sigma t d_norm d_mean ps_norm ps_mean pc_norm pc_mean ps_squared loglikelihood mhl_norm mhl_mean x0 x1 x2 x3 x4 x5 x6 x7 x8 x9 x10 x11 x12 x13 x14 x15 x16 x17 x18 x19 x20 x21 x22 x23 x24 x25 x26 x27 x28 x29 x30 x31 x32 x33 x34 x35 x36 x37 x38 x39
1 39093.7625392308 14.0000000000 2.0000000000 0.6084736207 67.0000000000 5.5794458741 0.8793429357 5.8669215145 0.2008542746 5.0037601151 0.2059724125 34.4207680576 -467.6591677934 25.9054238120 6.6009791142 3.102678 0.158372 0.347953 -0.144673 -4.008659 0.289356 -3.002337 0.422219 -1.116410 2.169058 -0.372578 0.029323 -2.151139 1.284504 -0.360673 1.240601 1.621949 1.555872 -0.474979 -3.783825 -2.344244 1.672414 2.018547 2.586199 -1.098662 -1.963426 1.829346 1.746141 0.044222 -0.008287 -2.698252 -0.416436 2.653081 -1.832521 -0.940026 -0.298885 -0.650520 -3.611447 -1.000740 -1.129561
13 3997.4238797720 14.0000000000 2.0000000000 0.6084736207 67.0000000000 5.5794458741 0.8793429357 5.8669215145 0.2008542746 5.0037601151 0.2059724125 34.4207680576 -467.6591677934 25.9054238120 6.6009791142 0.983473 -0.870065 -1.423697 0.423407 -0.392161 0.197400 3.008323 -3.594439 1.956628 -1.456604 1.491483 -0.316678 -0.577587 -0.520363 2.346435 1.007191 2.345135 -2.648507 -1.341700 -1.708750 -0.893309 1.758724 1.863386 -1.101203 -4.068750 -0.981096 -2.801439 -1.716069 0.692426 0.850065 3.844928 -2.194489 -3.323862 -4.160660 2.784255 -2.978378 -0.054238 2.531308 -2.410802 0.731483
33 1053.5067324970 14.0000000000 2.0000000000 1.8105157537 2.0000000000 6.2965293599 0.9955137408 4.1376778393 -0.1429289131 3.5739143183 -0.1235631830 17.1203779020 -1265.1517885246 26.8995092768 6.8590394212 3.953044 -0.815003 1.386368 -2.370654 1.009230 2.815555 -1.058489 -2.721236 -0.181870 0.757824 -1.266552 -2.331067 -1.786044 3.311687 0.410824 0.755565 1.030474 3.075797 -4.008546 0.386902 0.729223 0.551602 -0.648136 -0.760235 -0.647653 -0.566007 -1.367453 0.706506 -0.350233 -2.468167 -0.434469 -5.000000 -3.172615 -2.636690 4.612429 -0.119902 1.518319 0.279862 -4.544033 3.092332
63 659.7032205379 14.0000000000 2.0000000000 1.7041376270 4.0000000000 6.2688661285 0.9910847720 4.7725185346 -0.0225379627 4.2584484167 -0.0287560099 22.7769331635 -1159.9973663146 24.3852416901 6.2094220974 3.248894 -2.478486 1.521181 0.098415 0.177225 2.408826 -0.371756 -1.729000 -1.849401 1.887277 -0.704068 1.506180 -1.686259 0.227895 -1.435143 0.223186 1.440237 1.243560 -1.006699 0.081160 -0.958060 1.649331 -0.026777 0.076140 -0.374461 1.314584 -0.665825 4.253663 0.056957 0.618843 -0.318757 -1.790004 -2.826673 -1.833784 -0.712455 -4.796487 -2.489988 -2.372473 -3.939639 2.158731
210 574.6891459712 14.0000000000 2.0000000000 1.5044872929 13.0000000000 6.1592468230 0.9733476784 4.9860515795 0.2035609209 4.7818479429 0.1783702414 24.8607103535 -1054.2550381961 23.7315730573 6.0712466249 4.782487 -4.211777 5.000000 5.000000 3.204623 4.708410 1.188737 -4.668905 1.261373 1.145799 -1.055101 1.461130 1.256772 0.925397 0.849637 -2.666784 2.155256 3.385326 -2.232814 -2.151153 -0.261500 1.660431 2.544976 -1.178671 -4.290202 1.094329 -4.608392 -0.633763 -0.652323 -2.335465 2.015146 3.461522 4.364030 0.534597 2.763043 -5.000000 -1.118309 0.014494 -5.000000 1.787445
324 494.5899601471 14.0000000000 2.0000000000 1.3272600946 21.0000000000 6.0697273496 0.9588210730 5.6700187183 -0.0531227443 5.1614684030 0.0065646346 32.1491122663 -1027.8314114931 26.3051173556 6.6810934617 2.719383 -2.966472 -1.065434 0.868005 4.396223 4.441362 -0.372458 -4.349517 1.879469 1.905594 -0.210151 2.057739 3.559557 3.931941 3.874553 -3.214154 1.551755 3.186608 -0.545470 -1.794671 0.262767 -3.771899 0.576947 -3.400140 -3.230142 3.415814 -0.966666 1.382487 0.443299 0.135496 -0.991827 1.969118 0.303052 0.508250 0.917125 -1.701409 -1.130511 -0.850994 -2.974459 0.985123
516 481.3796394225 14.0000000000 2.0000000000 1.0333443953 34.0000000000 5.9238194583 0.9352286977 5.0956158885 -0.0781856137 4.6440712215 -0.0688941239 25.9653012828 -786.4761024212 23.4783003702 5.9604045305 2.316414 -1.673183 -1.343821 0.616744 5.000000 5.000000 -1.221263 -1.439464 3.390063 2.618020 -2.165889 0.740877 4.303070 3.626276 4.617414 -4.856171 1.286925 2.567916 -1.109781 -1.216405 -0.064811 -2.753963 3.285636 0.192351 -1.987147 4.659237 -3.494140 0.834555 3.890828 -3.184467 -1.855227 1.369786 -3.342157 0.361696 1.585803 -5.000000 -2.325649 -1.676224 -0.875659 -1.655374
602 459.7339122414 14.0000000000 2.0000000000 0.9639104810 40.0000000000 5.8610100476 0.9249960288 5.8684169473 -0.1554526049 5.2674159019 -0.1432967153 34.4383174669 -801.9357647206 26.3294592227 6.7432466963 3.141727 -1.623644 -1.767248 -0.101846 3.155684 4.100495 0.983061 -2.756901 3.217015 1.915341 -0.478944 -1.919837 4.436388 4.169675 1.894658 -5.000000 3.083727 2.832100 -0.555067 -2.039465 -1.354359 -3.584341 2.813399 -0.630278 -2.238249 5.000000 -2.963670 2.024419 2.161152 -4.009095 -4.199335 0.014264 -1.344535 -1.206069 0.645748 -5.000000 -3.121456 -2.632220 -1.078442 -1.777048
661 420.1381804229 14.0000000000 2.0000000000 0.9226417770 44.0000000000 5.8223736659 0.9186938135 6.3695541752 -0.2442756442 5.6075837107 -0.2305081659 40.5712203908 -721.2382877658 24.3348100304 6.2239118865 1.560465 -2.009502 -0.751820 -1.495864 2.994205 2.942764 -0.058538 -2.471180 2.154952 1.890838 -0.584043 -0.317057 3.051795 2.361770 1.680875 -5.000000 3.430053 1.849267 1.627268 -0.785184 -1.375156 -0.847772 4.515874 1.210521 -1.937424 4.713341 -3.840214 0.411245 2.063998 -2.753516 -4.133926 1.351700 -0.697213 -0.138366 -2.014747 -3.638649 -2.695748 -0.066703 -0.787170 -1.456547
902 369.8172575001 14.0000000000 2.0000000000 0.8352282971 60.0000000000 5.6568449369 0.8916554174 6.7290486662 0.0164862175 5.9831766443 0.0595661159 45.2800959527 -642.0014038097 24.5360836203 6.2269967034 3.556499 0.072708 -1.392521 0.090686 2.074006 3.862177 1.887787 -1.765233 2.136603 4.212640 1.959673 -1.321983 4.498816 1.352462 3.620510 -5.000000 3.888773 -0.228150 0.314347 -1.622218 -3.711743 -1.271993 3.484657 3.285940 -1.875753 4.161794 -2.967757 0.539689 2.605435 -5.000000 0.081554 0.077321 -0.850077 0.640973 -3.164501 -1.740414 -3.090568 -1.919896 0.547650 -2.564419
1005 189577.5546638238 14.0000000000 2.0000000000 0.7919450110 67.0000000000 5.5907081714 0.8807450379 5.9534037424 0.0945488583 5.2912815333 0.0943494201 35.4430161195 -649.2100062876 26.8055301086 6.8274296130 5.000000 -1.311116 0.239637 2.322681 4.403571 3.989457 0.444511 -0.857602 -0.257118 2.508856 2.271740 -1.639131 3.707751 1.408508 3.729717 -4.958234 3.818395 1.297520 -0.660934 -1.594004 -3.927229 -1.924253 3.647224 1.877914 -3.584752 3.634945 -3.162358 -0.689190 2.149039 -4.440176 0.909404 2.370738 -0.368597 3.217952 -3.798844 -3.386335 -1.292689 -3.689557 1.694009 -0.624645
evaluations raw_y rep iid sigma t d_norm d_mean ps_norm ps_mean pc_norm pc_mean ps_squared loglikelihood mhl_norm mhl_mean x0 x1 x2 x3 x4 x5 x6 x7 x8 x9 x10 x11 x12 x13 x14 x15 x16 x17 x18 x19 x20 x21 x22 x23 x24 x25 x26 x27 x28 x29 x30 x31 x32 x33 x34 x35 x36 x37 x38 x39
1 519286.1293383096 15.0000000000 2.0000000000 0.7919450110 67.0000000000 5.5907081714 0.8807450379 5.9534037424 0.0945488583 5.2912815333 0.0943494201 35.4430161195 -649.2100062876 26.8055301086 6.8274296130 -0.624657 0.678569 -0.311817 -1.003579 0.471138 -3.527211 -2.191724 -2.175531 -0.610340 -0.947497 -0.401189 0.710394 1.379035 0.821179 -1.129957 1.198781 -0.325873 3.200429 1.363254 0.029760 -0.175559 -1.964236 0.243381 -2.274875 0.698005 -3.717026 -2.334364 2.849794 2.993131 2.579864 -3.623491 -2.996614 -2.900286 -3.387814 0.454528 -0.979469 -0.001057 -0.980505 -1.586419 4.097798
2 287809.6352167003 15.0000000000 2.0000000000 0.7919450110 67.0000000000 5.5907081714 0.8807450379 5.9534037424 0.0945488583 5.2912815333 0.0943494201 35.4430161195 -649.2100062876 26.8055301086 6.8274296130 1.206371 -1.996404 2.430083 -1.335033 -0.545012 2.833549 -1.565218 -0.500641 -0.616629 3.459376 3.956545 0.439376 3.789640 -2.736199 -0.382611 2.574515 -0.493768 0.685102 0.445434 1.363187 0.502898 -2.963698 -0.773644 -1.467361 1.171956 -3.471578 -1.653390 2.367668 0.710092 4.885700 -0.073851 -5.000000 1.982979 0.384486 -0.705585 -2.679046 -0.377345 1.193173 0.680909 0.166851
18 5086.1140826371 15.0000000000 2.0000000000 1.9025041112 1.0000000000 6.3140851719 0.9983173237 3.5920243413 0.0212676938 3.0461720707 0.0180358062 12.9026388683 -1298.8767214808 26.8895808061 6.8781032275 -0.311314 1.977331 0.967649 1.800753 -2.440206 -2.696593 -0.698670 -2.841966 -1.616391 2.807115 1.285087 2.373900 5.000000 -1.776323 1.116836 0.415967 -1.989034 2.334104 -2.430678 0.055138 2.970529 -2.725192 0.913810 -3.190729 -1.850623 -1.657967 0.601701 1.246236 -1.279018 5.000000 1.482247 -1.946158 0.768813 -2.246115 -3.956658 4.684385 1.890679 2.475341 1.387842 -1.532067
34 2601.9685057504 15.0000000000 2.0000000000 1.8458037181 2.0000000000 6.3047787425 0.9968186806 4.6547265481 0.0368921527 4.0227942908 0.0324211800 21.6664792371 -1248.1075033422 25.7363844549 6.5826455096 1.264155 0.919277 0.984713 -2.101386 -1.361202 2.684738 -1.791117 -4.539349 1.548125 2.347498 0.449845 -2.631347 3.442597 -1.022653 5.000000 1.946870 -2.454918 3.886262 -0.024382 -0.005392 1.873989 -3.205899 3.610067 1.650840 -0.884577 -2.180738 1.788808 0.586989 -1.126647 2.971856 5.000000 -1.249479 -0.675583 -2.063225 -2.305305 4.610255 1.467131 2.913754 2.286141 0.125225
98 582.0757222417 15.0000000000 2.0000000000 1.7318864119 6.0000000000 6.2642021985 0.9902578547 5.7152984329 0.0710533403 5.2445865377 0.0724505941 32.6646361769 -1195.0841930187 25.3919805257 6.5168521460 1.195564 -0.831110 -2.919558 1.601626 -5.000000 -2.131789 -0.773872 -3.800254 -1.465175 -2.022995 -3.797347 -1.987967 4.161376 -1.254730 2.738794 3.260854 -0.571062 2.402800 -5.000000 -1.976722 4.038499 -5.000000 2.230037 2.386774 -0.766678 -3.053678 2.514293 3.112175 -1.719224 5.000000 -1.290084 3.010112 -0.951824 -1.395236 -1.803924 3.215764 3.187842 1.821475 2.407865 -0.453814
258 566.9164706432 15.0000000000 2.0000000000 1.4859713708 17.0000000000 6.1414260778 0.9703648216 5.7091619512 -0.0953307649 5.3050626428 -0.1127312404 32.5945301845 -1088.0900808308 25.4903443640 6.5263968563 1.513420 -0.366624 -1.309795 3.055077 -1.767335 -2.858607 -3.073652 2.369752 -4.624847 3.130734 -2.405484 0.806208 1.004048 -2.343044 4.412266 4.277156 -3.247741 2.930317 0.707190 -2.546312 -2.586897 -5.000000 2.329500 -2.765191 -4.610604 -3.120579 4.816822 1.749519 1.063728 1.214652 0.948674 -0.286849 1.450418 -1.620736 -3.540460 2.844107 2.651909 2.246052 1.921803 1.178585
681 529.8167705797 15.0000000000 2.0000000000 1.1348829858 45.0000000000 5.8607526702 0.9244020750 6.6777733349 -0.1108589626 5.8235987347 -0.0885808549 44.5926567123 -897.0210157356 26.2541899861 6.6916481713 0.997151 -3.408109 -3.120827 -0.231184 -2.204033 -3.038909 -0.017669 0.676344 -1.336358 -0.939938 1.916597 5.000000 -1.805220 -1.969829 3.356027 2.653929 -3.093466 3.105678 1.975215 0.497783 -1.940872 -3.898710 4.981191 -1.297999 -1.874627 -1.358619 -2.500502 -0.520556 -0.473038 -1.483833 -2.610486 -3.419257 0.530453 3.494169 1.354377 -3.542515 3.010672 1.936829 1.088727 4.141111
778 516.0716440962 15.0000000000 2.0000000000 1.0821017697 51.0000000000 5.8028361544 0.9148822402 5.5266491152 -0.2245898764 4.8280218418 -0.1923388374 30.5438504430 -835.4538918508 25.1918495657 6.4425126384 3.700830 -3.110670 -3.664806 1.711020 -0.009474 -3.751627 -1.541817 1.396099 -1.959246 -0.483005 0.132279 3.140783 -1.256167 -0.278699 3.979708 0.440254 -1.775054 3.428745 0.359881 -1.437710 -1.401349 -3.554914 3.898069 -2.584950 -4.562690 -3.802374 -1.838797 -1.181101 -2.607510 -2.137842 -4.633642 -1.608976 1.050300 3.196434 0.284786 -1.155330 2.005762 0.419363 1.734629 2.522119
936 450.9763098397 15.0000000000 2.0000000000 1.0628718078 62.0000000000 5.6925944387 0.8968286093 6.4915843012 0.1312909169 5.8184875940 0.0874607257 42.1406667393 -777.8032590646 24.0328921516 6.1365011363 -0.618205 -3.817269 -3.808748 0.319444 -2.759095 -5.000000 0.322802 -0.723986 -0.495297 -2.441368 3.802075 4.484915 -0.181803 2.339504 4.766227 1.949099 0.949006 0.245276 1.401584 0.359992 -2.424439 -3.755143 3.268309 -4.347728 -3.163934 -2.256572 -5.000000 0.242314 -2.996498 -3.741826 -1.383013 -3.219289 2.567557 -0.240187 -0.630580 3.431167 1.800772 0.581066 2.228974 2.938101
962 388.4170364911 15.0000000000 2.0000000000 1.0306943855 64.0000000000 5.6723262127 0.8935045345 5.4257325424 0.1255422590 4.9360751492 0.1004472855 29.4385736219 -767.7539062513 24.4170225330 6.2225037629 1.041576 -2.575106 -2.268796 -0.657136 -1.664988 -3.698773 1.509854 -0.616497 -0.786879 -2.116455 2.410663 5.000000 -0.376827 -0.156371 4.311426 3.214829 -0.080112 1.114719 0.917957 0.683594 0.366097 -3.964620 3.711251 -2.772803 -2.408639 -2.629218 -2.800667 -0.853596 -0.203234 -4.633054 -2.155952 -0.587077 0.587600 -0.153040 -2.721965 0.404608 0.654483 1.528916 2.493459 4.152821
1005 2264831.0913980654 15.0000000000 2.0000000000 0.9805491758 67.0000000000 5.6426067002 0.8886637223 5.3633427588 0.2067775638 4.6217864467 0.1820427973 28.7654455485 -737.9924641007 24.7775665792 6.3333249148 0.272634 -2.442517 -4.669989 1.259718 -1.115242 -4.196232 2.011258 -0.441264 -2.815886 -1.348901 1.744213 5.000000 -0.885147 0.482014 3.215508 3.417584 0.054667 1.287972 1.854995 -0.236741 -0.436530 -4.086881 3.768000 -2.645299 -4.444500 -2.822153 -2.859649 -0.082835 -2.108005 -3.623482 -0.268568 -0.698886 2.807978 -2.824094 0.181712 0.997377 -1.009009 3.378107 3.454531 4.176451
evaluations raw_y rep iid sigma t d_norm d_mean ps_norm ps_mean pc_norm pc_mean ps_squared loglikelihood mhl_norm mhl_mean x0 x1 x2 x3 x4 x5 x6 x7 x8 x9 x10 x11 x12 x13 x14 x15 x16 x17 x18 x19 x20 x21 x22 x23 x24 x25 x26 x27 x28 x29 x30 x31 x32 x33 x34 x35 x36 x37 x38 x39
1 309951.2328601749 16.0000000000 2.0000000000 0.9805491758 67.0000000000 5.6426067002 0.8886637223 5.3633427588 0.2067775638 4.6217864467 0.1820427973 28.7654455485 -737.9924641007 24.7775665792 6.3333249148 0.255897 -3.056947 -1.188936 0.132661 -2.470990 -1.242737 -1.777896 0.997820 -1.573794 0.237487 -1.513726 0.986734 -1.678809 -2.030044 -0.685039 3.768928 -0.541826 -2.903439 -2.160318 5.000000 -0.440446 -0.178801 0.552683 3.224522 1.431930 1.317265 0.421482 -1.128887 0.280372 -0.676896 -2.809655 -4.973284 2.547087 2.159496 1.296805 1.112840 0.467075 -2.157691 -2.363922 -1.406480
6 93759.5906313194 16.0000000000 2.0000000000 0.9805491758 67.0000000000 5.6426067002 0.8886637223 5.3633427588 0.2067775638 4.6217864467 0.1820427973 28.7654455485 -737.9924641007 24.7775665792 6.3333249148 0.281552 1.508360 0.944979 -1.538335 1.532065 -0.538969 0.987418 1.642520 -0.602294 -1.874957 2.062306 -0.585025 -0.033816 1.795881 -1.150075 0.139165 0.910190 -2.084723 -1.514049 -0.118875 1.824351 -3.395477 1.239788 1.574325 -1.095537 -0.429030 -3.386488 1.351375 -1.339524 0.396289 -2.634645 1.767664 -1.386307 -0.326699 1.431115 0.261080 -1.885457 -0.087868 0.783315 -0.222682
25 3984.0270927568 16.0000000000 2.0000000000 1.8502372026 1.0000000000 6.3099607905 0.9976779258 2.0908191087 -0.0580584860 1.7730934338 -0.0492357851 4.3715245451 -1239.7298914158 25.3554311090 6.4847161009 -0.920302 -2.789615 2.252430 0.437790 -0.052063 3.730293 1.781834 -1.270189 -0.590343 -0.072251 3.139596 -0.940577 -2.600051 -0.698514 -2.045634 1.857806 -0.288785 -3.689563 -3.560987 0.323949 -1.940982 -0.903302 4.854107 3.438017 1.343543 0.724456 -0.050754 1.864234 -3.898691 0.018836 -0.709684 2.279106 0.517122 0.364099 3.036622 -3.465075 -2.932829 1.829610 -1.267087 1.608107
58 3583.3315534379 16.0000000000 2.0000000000 1.7119855323 3.0000000000 6.2858529972 0.9938075375 4.8273138667 -0.0122087250 4.1788127413 -0.0152919431 23.3029591677 -1236.4639611031 27.1055561595 6.9406382157 -5.000000 -2.150784 1.044856 1.548644 -3.368900 1.205332 0.822890 -3.061030 -1.111319 -2.624954 -0.208984 1.858735 1.772396 -0.845473 -1.334689 3.709898 0.186976 -3.899332 -4.247289 -3.227552 2.840475 0.748797 1.362924 -1.146209 2.158692 -0.584814 -1.351239 -0.963504 0.001429 -2.145750 1.054143 2.134178 2.581468 2.665255 3.133015 -2.922882 1.238540 -2.646527 1.131861 2.781310
106 2142.1891688764 16.0000000000 2.0000000000 1.6137622185 7.0000000000 6.2363400612 0.9858345060 5.7188741322 -0.1727794823 5.3033362285 -0.1622445664 32.7055213401 -1124.9679979265 24.4502049587 6.2334777210 -2.391301 -4.783757 -2.236405 -1.116907 -3.941155 0.474725 -0.936827 -5.000000 -4.769591 0.226875 2.442208 4.135758 0.417478 0.302502 -2.999397 5.000000 -1.411964 2.044123 -1.536948 -2.517966 1.545585 0.918108 2.754578 -2.038400 2.479359 3.002760 2.357224 0.735060 -1.360254 3.649380 2.423658 0.702416 0.233816 1.170555 0.145775 0.034354 -0.640649 -4.061001 -3.815470 4.309490
112 711.0651567898 16.0000000000 2.0000000000 1.6137622185 7.0000000000 6.2363400612 0.9858345060 5.7188741322 -0.1727794823 5.3033362285 -0.1622445664 32.7055213401 -1124.9679979265 24.4502049587 6.2334777210 -0.802678 -0.813057 0.656237 -0.685723 -5.000000 0.615374 -1.832245 -4.530471 0.706051 -0.725136 3.254715 2.158326 -1.325041 -2.383957 -2.918734 3.679025 -2.764226 -2.410131 -1.187115 -5.000000 -2.964003 0.171650 0.914804 -2.752099 4.705103 4.230684 2.135250 0.861706 -3.714681 -0.466886 -2.067144 -0.646215 1.675318 -0.555503 -2.884915 -0.628939 -1.307593 -3.804750 -2.748871 1.737858
173 615.7751128410 16.0000000000 2.0000000000 1.5719251987 11.0000000000 6.1948805967 0.9790894921 5.8209175362 0.1067548088 5.3801633622 0.0585053601 33.8830809629 -1128.0490819479 25.5242680335 6.5225906229 -0.581565 -1.563926 -1.160828 -0.682572 -4.035501 1.407128 -1.122392 -1.148206 -4.842046 0.353687 2.318195 3.092852 0.660347 -0.375779 -3.068386 4.021019 3.365117 -1.239172 -0.856116 -4.201464 1.078891 1.458165 2.945480 -4.216166 2.799686 4.051712 5.000000 0.736864 0.739949 3.081328 2.143653 0.521375 -0.344205 2.658098 -2.946526 -3.285973 -2.370472 -5.000000 -1.591258 1.337972
336 433.7918710929 16.0000000000 2.0000000000 1.2612857254 22.0000000000 6.0591496448 0.9571866587 4.9078500371 0.1522818908 4.3478497049 0.1338002062 24.0869919865 -956.7314641441 24.8246624597 6.3326281482 2.064533 3.740655 2.684872 1.732280 -5.000000 -0.901394 -0.015409 -3.696532 -2.933081 -1.045365 2.929927 0.993917 1.050830 0.809248 -0.457662 5.000000 0.015786 0.383562 -1.269881 -1.066588 4.283121 0.294070 1.999979 -4.546751 5.000000 2.991693 2.949494 -0.433177 -2.125601 2.947875 2.019590 3.312421 -1.066004 -0.441611 -1.595043 -2.644640 -3.926416 -3.352533 -3.722237 -0.603338
569 387.6966118820 16.0000000000 2.0000000000 0.9328715009 37.0000000000 5.9023740853 0.9318064558 5.4353323345 0.0402213826 4.7406978738 0.0575800689 29.5428375861 -764.6423550380 25.2552530687 6.4521628905 1.645510 1.023705 0.920154 -1.499983 0.571492 -2.450191 2.372134 -1.952585 -3.082941 2.058437 4.081526 -0.530491 -1.252464 1.491161 0.285578 0.936216 0.551985 2.225974 -2.456312 0.741544 3.501660 -2.879871 1.120962 -3.571180 4.559947 3.291850 2.777414 -0.008419 -2.334703 3.014903 2.443526 2.058194 -0.954555 -0.242452 -3.979534 -3.443006 -2.559165 -3.887319 -4.922020 1.023370
1005 4690.6633078571 16.0000000000 2.0000000000 0.6786920992 67.0000000000 5.6058985998 0.8834714049 6.0596391936 0.1047322583 5.1630234442 0.0507660963 36.7192271572 -529.4509250480 25.4383131062 6.4862391994 4.285676 1.590289 2.066493 -1.686749 -1.909206 -5.000000 -0.146734 0.036647 -2.167326 0.829295 2.592992 -1.014270 -1.570875 3.721256 1.557597 2.233896 -1.241226 1.716331 -4.857925 0.105508 1.666299 -3.706467 0.832703 -5.000000 3.140325 4.683488 -0.561270 -0.096197 -0.480335 -1.204918 3.696678 2.959609 -1.919229 0.408012 -1.913711 -1.174536 -4.730527 -0.867033 -2.269442 1.240893
evaluations raw_y rep iid sigma t d_norm d_mean ps_norm ps_mean pc_norm pc_mean ps_squared loglikelihood mhl_norm mhl_mean x0 x1 x2 x3 x4 x5 x6 x7 x8 x9 x10 x11 x12 x13 x14 x15 x16 x17 x18 x19 x20 x21 x22 x23 x24 x25 x26 x27 x28 x29 x30 x31 x32 x33 x34 x35 x36 x37 x38 x39
1 6813869.7693960220 17.0000000000 2.0000000000 0.6786920992 67.0000000000 5.6058985998 0.8834714049 6.0596391936 0.1047322583 5.1630234442 0.0507660963 36.7192271572 -529.4509250480 25.4383131062 6.4862391994 0.552532 -3.709256 1.247802 2.290623 2.074381 3.773278 -0.223397 -0.724203 0.297350 -0.875566 4.342514 2.304621 -3.637625 -0.276099 1.079679 -3.550565 2.629753 -0.946896 -2.184460 -0.500055 -1.964589 2.062538 0.982668 -0.893293 -1.612720 0.262536 -2.425120 0.319982 -1.510446 0.699792 1.955084 -0.277170 0.207713 0.601182 1.936411 1.739248 1.135566 0.930565 -2.330746 -4.071990
4 1463842.6188344741 17.0000000000 2.0000000000 0.6786920992 67.0000000000 5.6058985998 0.8834714049 6.0596391936 0.1047322583 5.1630234442 0.0507660963 36.7192271572 -529.4509250480 25.4383131062 6.4862391994 -4.196252 -0.515548 2.047250 -0.629321 2.145812 0.065204 5.000000 -0.349807 -1.683917 0.153202 -1.342466 -0.634319 -1.250714 -2.115265 2.112276 0.008983 0.427660 -3.391432 2.696158 -3.928023 -0.463311 0.088770 -3.424574 3.224231 -1.323695 -1.158337 0.348774 1.597745 1.074793 -1.647740 0.292323 -0.181264 1.882719 2.354677 0.049803 0.610000 1.909148 -0.012913 0.429733 2.484851
5 15831.8957193193 17.0000000000 2.0000000000 0.6786920992 67.0000000000 5.6058985998 0.8834714049 6.0596391936 0.1047322583 5.1630234442 0.0507660963 36.7192271572 -529.4509250480 25.4383131062 6.4862391994 0.293813 0.585117 -1.262101 -0.818094 0.074755 1.867740 -2.757204 -0.655961 0.783612 1.496644 0.321071 -1.224186 1.376991 0.364170 0.936116 -1.431423 0.446975 -0.459108 -0.819845 -2.389461 -2.429198 -3.327470 2.576619 -1.250526 3.910551 -3.789582 -0.497270 2.589940 -2.554287 -2.461377 0.676576 1.020571 0.100827 -1.624627 -0.293592 4.104608 2.290745 0.152960 -1.721311 -0.775398
20 5259.0998915163 17.0000000000 2.0000000000 1.8889793315 1.0000000000 6.3085229211 0.9974413316 3.2075594577 -0.0437029160 2.7201313540 -0.0370617205 10.2884376744 -1299.0783685151 27.1470915741 6.8742801046 1.103638 2.844317 1.387801 0.290647 0.684827 -4.484423 -1.693311 -0.292792 -1.388620 1.381174 0.561336 -0.806321 0.340319 4.310980 4.579665 -4.025275 -0.855856 -1.205655 -0.808181 -1.094222 -1.956655 0.898684 2.177622 3.243461 4.197943 1.906561 -2.813692 3.622337 -3.606754 -5.000000 0.679763 1.752757 0.835759 0.729978 1.281632 -2.424028 0.417878 2.085943 2.384864 -0.572652
37 1158.4314410322 17.0000000000 2.0000000000 1.8271119032 2.0000000000 6.2963924978 0.9954926512 4.4906896155 -0.0046112947 3.8576246792 -0.0052209053 20.1662932228 -1289.3012619445 27.5358480815 6.9834901958 0.771411 0.741689 2.021206 -1.543238 -0.100017 -4.173652 -1.038673 2.445230 1.085594 0.715631 0.469969 -0.846305 2.518679 -0.418550 4.032107 2.056066 -3.760888 -0.511761 -2.004951 -4.823476 1.422791 -2.872703 2.136522 0.006196 2.257120 2.526538 -0.670119 1.053317 -1.221654 -4.373438 0.081848 4.875305 0.394262 0.590192 -4.617634 -2.478841 -4.384320 1.212448 1.972960 -1.478768
179 775.6915152670 17.0000000000 2.0000000000 1.5574362978 11.0000000000 6.1926203807 0.9787104734 5.0707960132 0.1616736877 4.8259054583 0.1562262652 25.7129722075 -1097.1553119423 24.4820090971 6.2432107854 -0.567676 -0.035690 -2.832409 1.510962 2.109645 -3.339028 -2.896034 -1.741361 1.979476 -1.731852 5.000000 -3.984780 2.685126 -0.446350 5.000000 2.006576 -4.566782 0.354474 0.183261 0.459835 2.713693 -0.866073 1.949842 2.249718 2.917096 -0.768864 0.084857 5.000000 -2.648035 -4.700674 1.438745 1.825621 0.408275 5.000000 -3.621812 -1.401518 0.017922 2.345281 1.107408 -5.000000
201 765.5052849792 17.0000000000 2.0000000000 1.4805095142 13.0000000000 6.1657516901 0.9743607719 4.9045612130 0.0155487039 4.8108146047 0.0365512422 24.0547206916 -1065.7491782926 24.5846410389 6.2569142341 -0.366025 -0.892660 -3.183942 -0.371803 -1.843939 -0.415450 -1.025476 -0.982261 3.291900 0.349174 5.000000 -2.004208 3.293638 0.700324 4.867114 -0.166190 -1.772010 -0.405777 -1.485731 -3.295109 0.849187 -1.784236 2.904812 4.374040 3.444897 1.512617 0.298756 3.802311 -3.985096 -5.000000 0.076231 1.621074 1.998257 3.998088 -4.207426 -0.070360 1.822613 0.062337 5.000000 -3.824065
253 694.2046671000 17.0000000000 2.0000000000 1.3913009278 16.0000000000 6.1336587687 0.9691277726 5.5248388776 -0.1144076970 5.1483423472 -0.0842929804 30.5238446235 -1003.7679621083 23.7002767456 6.0397363125 0.168692 -1.722559 -4.674797 0.249529 0.122382 -4.128081 -4.663752 -4.665800 4.628274 0.480637 1.458806 -2.802314 2.166835 -1.236616 4.960353 1.453046 -1.221073 1.023584 2.553856 -3.993182 1.198307 -0.276413 2.844019 3.361195 2.879717 1.896607 1.028808 4.473099 -5.000000 -3.530397 0.550320 5.000000 2.241866 5.000000 -2.129471 -1.914606 1.583905 -0.245007 1.915322 -1.468018
255 618.8601764693 17.0000000000 2.0000000000 1.3913009278 16.0000000000 6.1336587687 0.9691277726 5.5248388776 -0.1144076970 5.1483423472 -0.0842929804 30.5238446235 -1003.7679621083 23.7002767456 6.0397363125 1.840360 -1.408488 -4.244021 -0.876261 -1.328288 -3.335442 -3.171815 -0.575301 4.383665 2.066026 2.454004 -1.246056 2.994246 -3.128316 3.903537 -1.063886 -3.706835 2.138331 -0.580086 -2.650488 1.954124 -3.354804 0.922809 2.819661 3.269034 0.756197 0.843753 4.523421 -2.623402 -4.245634 -0.488067 3.092069 2.040864 4.920507 -4.336910 -2.806108 1.891458 0.382539 3.262488 -1.737746
362 582.3107465495 17.0000000000 2.0000000000 1.2288330063 24.0000000000 6.0458220241 0.9549045808 5.9760885958 -0.2640967661 5.3515434285 -0.2288643949 35.7136349044 -974.9632712739 26.2103210107 6.6826160914 1.794700 -1.421008 -4.488856 -2.497408 3.845550 -2.310672 -3.897761 -4.277583 1.010572 1.860323 1.332176 -2.293734 -0.547788 -3.662815 0.370387 -1.019978 -3.677070 2.810596 1.451868 -3.229096 1.548363 -0.760397 3.191786 2.460512 0.607711 -0.350535 -0.049249 4.571173 -3.854566 -2.998988 -1.764992 0.977946 3.175047 5.000000 -1.692387 -0.744136 0.804865 -0.475259 2.301335 -3.453398
844 573.7607738307 17.0000000000 2.0000000000 0.7207715685 56.0000000000 5.7129902204 0.9007531603 6.4250720029 -0.0579839947 5.8556897548 -0.0267095991 41.2815502418 -560.4583837744 24.5067618097 6.2575282131 4.160898 -3.485322 -5.000000 -0.741324 2.931666 -2.442017 -2.414132 -3.880172 3.491078 3.470282 -1.697879 0.520827 1.763952 -3.357543 3.262007 0.600851 -4.152585 5.000000 -2.613684 -2.913504 3.625829 2.514379 2.759069 0.804750 1.151951 -1.820032 2.191056 0.288158 -3.285703 -2.088368 -0.066635 -2.585551 1.676397 4.459815 -0.790156 -1.609824 2.542500 -1.685465 -0.343888 -1.350480
846 550.9700638973 17.0000000000 2.0000000000 0.7207715685 56.0000000000 5.7129902204 0.9007531603 6.4250720029 -0.0579839947 5.8556897548 -0.0267095991 41.2815502418 -560.4583837744 24.5067618097 6.2575282131 4.476864 -2.078283 -3.867368 -1.264424 3.092108 -2.341875 -1.572444 -4.172909 4.189037 2.411305 -1.395243 -0.546700 1.179661 -2.526914 3.312952 0.003964 -4.069706 4.953957 -2.727900 -2.392684 2.965135 2.389686 2.692449 2.543312 1.886921 -1.881185 -0.051691 0.507914 -2.623934 -3.698518 1.051025 -1.492706 2.097537 3.179314 -1.730186 -2.809590 1.841396 -1.692899 -0.677063 -0.287297
878 544.2226045519 17.0000000000 2.0000000000 0.7102966831 58.0000000000 5.6922789613 0.8973657770 5.7959996447 0.0564170921 5.0649617753 0.0518079886 33.5936118819 -596.5830429886 26.6427121793 6.8176853141 3.640029 -4.126439 -5.000000 -2.145273 2.192451 -1.311701 -1.643583 -4.088469 2.796689 2.258318 -0.191118 -0.986149 2.566139 -3.400896 3.066415 1.754093 -4.258481 5.000000 -3.491236 -2.191775 3.770782 1.706731 2.200094 0.552895 1.525831 -2.648045 1.091274 0.140078 -3.142733 -3.258113 0.616162 -2.227509 1.661820 3.385792 -1.566904 -1.833826 2.384231 -1.406941 -0.852966 -0.346384
1005 353519.8247041025 17.0000000000 2.0000000000 0.7198530933 67.0000000000 5.6101933760 0.8837073214 6.2681107601 -0.1373243214 5.5678224967 -0.1416280734 39.2892125010 -559.6207453671 25.2344211808 6.4612045069 2.893001 -3.686889 -4.282474 -4.697822 2.198188 -2.964825 -2.258569 -5.000000 3.349195 3.000425 -0.045866 -1.674747 2.111667 -2.481623 4.524834 0.876911 -3.759043 3.028728 -3.460579 -4.567660 1.404807 3.131808 0.890635 2.042708 3.694252 -4.013020 -0.133676 1.323518 -3.764651 -5.000000 -0.747283 0.383585 1.878191 2.619748 -0.487321 -1.193236 1.848134 -2.068740 -1.966339 0.201031
evaluations raw_y rep iid sigma t d_norm d_mean ps_norm ps_mean pc_norm pc_mean ps_squared loglikelihood mhl_norm mhl_mean x0 x1 x2 x3 x4 x5 x6 x7 x8 x9 x10 x11 x12 x13 x14 x15 x16 x17 x18 x19 x20 x21 x22 x23 x24 x25 x26 x27 x28 x29 x30 x31 x32 x33 x34 x35 x36 x37 x38 x39
1 15270510.6546796318 18.0000000000 2.0000000000 0.7198530933 67.0000000000 5.6101933760 0.8837073214 6.2681107601 -0.1373243214 5.5678224967 -0.1416280734 39.2892125010 -559.6207453671 25.2344211808 6.4612045069 0.158857 4.380405 -0.269784 0.321036 0.885396 1.246783 2.017807 0.788498 -0.672773 -1.291813 1.610915 0.832886 1.149239 -2.203343 -1.989514 2.691039 1.163736 1.074477 4.134094 -0.580648 1.202730 -1.129054 -2.335903 -2.044004 1.767039 -1.067489 -2.700864 0.460188 1.789710 2.741520 4.927403 2.255803 -1.638428 0.134928 2.154433 -1.107090 1.355235 2.082987 -3.502844 0.237339
2 2033.5436685246 18.0000000000 2.0000000000 0.7198530933 67.0000000000 5.6101933760 0.8837073214 6.2681107601 -0.1373243214 5.5678224967 -0.1416280734 39.2892125010 -559.6207453671 25.2344211808 6.4612045069 2.277402 1.354170 0.612270 -0.030544 4.135977 -0.090536 -3.206250 -0.935504 0.297315 0.705742 -0.501302 0.172256 -0.340330 1.701336 -2.237533 -0.147728 -2.826398 -2.239788 0.744920 -0.886148 1.940151 0.114399 1.068929 2.432949 -1.111856 -4.582294 -3.010252 -2.485479 -0.922775 -2.466883 0.968889 1.176252 -1.083262 1.065766 0.948540 4.128864 4.340174 -0.705943 5.000000 -1.807078
76 1040.7979168934 18.0000000000 2.0000000000 1.7578587932 5.0000000000 6.2632301244 0.9901612851 5.7507393053 0.0168070818 5.2860963674 0.0198837933 33.0710025578 -1192.1818428917 24.9227443265 6.3577483132 -0.041068 4.488127 2.445510 -1.075246 -2.472227 -0.804557 -4.489511 0.101241 1.223739 0.094945 0.200876 5.000000 2.612129 -1.165696 -2.600642 -1.161063 -5.000000 -1.377922 5.000000 -0.352651 0.531671 -1.173056 1.574349 5.000000 -4.163059 0.810043 -2.787551 1.282534 -2.970963 3.968273 1.767466 2.167853 -4.666914 -2.336050 3.039562 1.061232 -0.479314 -0.007068 1.494630 -4.959472
92 486.7857507378 18.0000000000 2.0000000000 1.7438397558 6.0000000000 6.2523593912 0.9883904433 5.8537202871 0.0088712480 5.5164050411 0.0138300388 34.2660411995 -1135.1172940124 22.7877888312 5.8359473938 -1.212342 4.050723 2.499056 -3.269903 -5.000000 -2.132370 -3.027998 2.624814 -1.205827 1.458172 -1.126181 1.584565 2.855972 -0.760983 -4.457655 -1.828010 -0.736172 -0.136200 5.000000 0.185569 2.587298 3.689106 1.723440 2.606495 -4.553872 0.617743 -3.977003 0.466886 -1.698202 2.193515 1.163359 2.102769 -4.059644 -1.625486 -0.511642 4.398879 0.989243 0.565779 3.452346 -5.000000
664 475.3433641799 18.0000000000 2.0000000000 0.7893921110 44.0000000000 5.8305427971 0.9202347864 5.3158575346 0.1491440897 4.7714515326 0.1137922259 28.2583413282 -642.6625305356 24.8543479157 6.3201999896 -1.907609 1.184598 2.983865 -1.520662 0.453546 -3.051000 -2.493736 -2.602671 -2.026043 2.359549 -4.667603 0.904370 1.100571 -2.745471 -5.000000 2.363516 -2.244137 -0.214263 1.512393 -3.978868 2.258101 -0.500688 1.416581 4.538958 -4.110376 -1.600067 -2.499964 2.827957 -1.705154 2.567507 -3.276944 2.600718 -2.021680 2.796157 2.825300 0.162952 -0.845014 1.382845 2.353932 -3.309247
998 446.0481208014 18.0000000000 2.0000000000 0.5521282894 66.0000000000 5.5962176499 0.8821296350 5.6049093285 -0.0447718723 4.7241036349 -0.0320620358 31.4150085810 -419.7071023904 26.1564328458 6.6692766357 -0.898699 2.590140 2.982961 1.494964 -1.474953 -2.076335 -2.850295 -2.768781 -2.459352 2.156133 -3.205956 2.283005 1.631992 -2.568246 -4.244755 1.849906 -2.845983 0.122138 -0.535611 -2.106874 2.235933 -0.490299 1.200332 4.063983 -3.681223 -0.751482 -4.175872 2.214333 -0.037008 4.377856 -2.164052 2.674264 -1.821145 1.751877 3.158794 0.251039 0.989349 1.703359 2.968214 -2.038011
1005 25143.8131765595 18.0000000000 2.0000000000 0.5405396038 67.0000000000 5.5869414724 0.8805997201 5.1420838660 -0.0210567798 4.5583743795 -0.0168608543 26.4410264851 -369.0958272189 24.3976585634 6.2660865874 -0.271200 1.934796 4.111225 1.421699 -0.331906 -2.376309 -3.606439 -3.193961 -2.903427 3.523948 -3.476045 3.468111 2.502847 -1.942678 -4.304589 2.227899 -2.312783 0.231418 0.222469 -2.084746 2.428310 -0.899557 0.787247 3.607201 -3.352128 -0.249132 -4.537339 1.417915 -2.001174 3.334661 -3.003685 2.657726 -2.478114 1.819988 2.928358 0.031101 0.571823 2.522270 2.502717 -1.388237
evaluations raw_y rep iid sigma t d_norm d_mean ps_norm ps_mean pc_norm pc_mean ps_squared loglikelihood mhl_norm mhl_mean x0 x1 x2 x3 x4 x5 x6 x7 x8 x9 x10 x11 x12 x13 x14 x15 x16 x17 x18 x19 x20 x21 x22 x23 x24 x25 x26 x27 x28 x29 x30 x31 x32 x33 x34 x35 x36 x37 x38 x39
1 2385185.9306005728 19.0000000000 2.0000000000 0.5405396038 67.0000000000 5.5869414724 0.8805997201 5.1420838660 -0.0210567798 4.5583743795 -0.0168608543 26.4410264851 -369.0958272189 24.3976585634 6.2660865874 0.442007 -0.680930 -1.155497 -0.808063 -1.206579 -0.487705 2.070687 1.161507 0.504827 -2.925092 -3.096683 0.530545 -0.001792 -2.031985 0.223979 -2.383904 3.111088 -1.866600 1.053068 -0.299929 1.045571 2.684310 3.117043 2.511988 1.817207 -1.681803 2.011170 -2.047608 0.363548 -0.833362 3.956817 3.834889 -2.062014 -0.966624 -1.290160 0.120696 1.095861 1.690297 -2.414363 0.749681
2 2113467.0711924718 19.0000000000 2.0000000000 0.5405396038 67.0000000000 5.5869414724 0.8805997201 5.1420838660 -0.0210567798 4.5583743795 -0.0168608543 26.4410264851 -369.0958272189 24.3976585634 6.2660865874 1.884696 -0.702528 0.919470 -0.097033 0.830964 -1.403752 0.370929 0.936700 0.079047 1.432281 -0.963377 -0.104982 -0.544557 0.615971 -3.521307 2.300448 -0.435462 -2.441175 -0.687231 3.097524 -0.415951 -0.483348 -0.249192 1.121828 2.617625 1.896513 1.583996 -0.380984 -0.014522 -1.350757 -1.515831 -2.504505 -1.530213 2.654848 0.492101 0.135669 -1.362209 -0.242765 -1.653856 -2.964715
6 527438.2212504445 19.0000000000 2.0000000000 0.5405396038 67.0000000000 5.5869414724 0.8805997201 5.1420838660 -0.0210567798 4.5583743795 -0.0168608543 26.4410264851 -369.0958272189 24.3976585634 6.2660865874 -2.852197 2.753943 0.584211 0.997895 2.198996 0.747925 2.332179 1.900287 1.480360 1.815100 -2.400208 -1.378884 0.827646 -0.695475 0.630636 3.411335 0.291518 -2.854247 1.817775 -1.098493 3.188779 1.203599 -1.296939 -1.029604 1.245426 0.898566 -3.179810 -2.194255 -0.729907 0.668714 0.026888 -2.029729 -3.311668 2.534671 -0.566250 -2.614393 -0.273734 -3.334760 -0.653283 1.538526
15 56303.6731824394 19.0000000000 2.0000000000 0.5405396038 67.0000000000 5.5869414724 0.8805997201 5.1420838660 -0.0210567798 4.5583743795 -0.0168608543 26.4410264851 -369.0958272189 24.3976585634 6.2660865874 -0.962111 -1.698113 -2.825385 0.541272 -0.767686 -0.255238 -2.450951 1.252688 3.126438 1.532353 -1.357330 -0.420484 3.709734 -0.860682 1.226999 -3.119060 -0.025211 -3.617199 1.428189 -2.966460 0.704813 -1.789608 0.482919 1.858708 -1.426271 -0.035876 1.204539 -0.126270 -1.096183 0.653644 2.411152 1.355184 2.136844 1.689597 2.637216 -2.457468 0.742800 -0.786150 1.544895 -1.718751
17 3508.8836590403 19.0000000000 2.0000000000 1.8798858477 1.0000000000 6.3081952190 0.9973926445 2.9475109669 -0.0158524315 2.4996004293 -0.0134434596 8.6878209003 -1268.4396580587 26.1321288868 6.6405834917 -0.349147 2.332862 -1.944524 -0.356163 2.730436 -0.587280 -2.323099 2.224103 4.780328 -2.615797 -1.665344 0.980903 1.040482 1.823291 -1.578039 2.598322 -1.143495 -1.977793 -1.141950 1.573346 1.218736 -1.403196 1.345239 0.207956 0.755822 -4.273061 0.277381 2.439305 -1.599556 -2.054547 1.351103 -2.326674 -0.380005 2.099918 1.452756 -1.193120 1.956412 -0.879067 -2.382596 -2.009542
42 1016.3668736353 19.0000000000 2.0000000000 1.7837394013 2.0000000000 6.2940060748 0.9951245468 3.4560666943 0.0848266592 2.9708535822 0.0712023126 11.9443969953 -1251.3782156137 26.7221979062 6.8205753252 1.725201 3.513115 3.864852 0.216033 0.579960 1.153012 1.227938 2.578093 0.548965 1.330215 0.602676 3.063203 2.103247 1.054257 -0.345051 1.650766 1.884019 -1.462753 0.104913 0.323900 2.381001 -3.242007 0.208813 -2.351861 1.220398 -1.610133 -0.474887 4.216511 0.940174 -0.874617 -1.548635 -0.932043 -2.695908 -0.677885 2.497514 -0.189163 -2.795040 0.743171 -0.568531 0.916316
61 796.4851831160 19.0000000000 2.0000000000 1.6976757848 4.0000000000 6.2688359861 0.9910740627 5.5210925170 0.1100031258 4.8668429071 0.0982192406 30.4824625810 -1243.7936444448 27.7024986137 7.0549223575 1.683205 1.854121 0.598661 -0.638042 2.650293 3.060729 -2.561600 -0.678595 4.239745 1.470615 1.800349 3.101067 1.171890 -0.602744 -2.673264 2.080379 5.000000 -2.435187 2.241817 1.143076 1.858763 -4.143298 0.640087 -0.844581 0.290335 -2.047116 -2.389683 3.864898 0.640408 -2.975200 -4.588058 -1.580545 -0.230354 -0.782421 1.043859 1.932723 -2.427530 1.251811 -2.885055 -0.389087
101 514.2398236114 19.0000000000 2.0000000000 1.6563124134 6.0000000000 6.2452639776 0.9872711811 5.4968624141 0.0543809655 5.0183880876 0.0545210678 30.2154963997 -1133.8107539861 24.1121504057 6.1417404802 -2.424717 -0.970310 -2.670797 -1.515348 3.846743 0.642188 2.722512 -1.230201 5.000000 0.704794 4.531622 4.242488 3.457241 -1.573220 -3.410941 -3.081075 -0.227196 -3.784450 3.950974 -0.287126 0.864777 -1.812302 -0.761289 -0.599147 0.003960 -5.000000 -0.208816 1.482451 1.251794 -2.820996 0.218735 1.145807 0.611739 0.502478 1.500616 -0.634622 -0.416014 2.120498 -2.433132 2.980143
466 369.8592167162 19.0000000000 2.0000000000 0.8981788298 31.0000000000 5.9569883311 0.9406864579 5.4100543822 0.1698155756 4.9553500078 0.1447112256 29.2686884180 -732.9971661409 24.6063307020 6.2973803085 -1.246993 2.448150 -1.668767 -5.000000 3.464879 1.193111 -3.683681 2.250245 2.158016 -4.737209 4.852483 2.720721 3.599909 -0.029600 -2.454532 0.275533 3.068684 -2.908639 3.939265 -1.976708 0.902103 -2.695851 -2.929134 -3.774410 1.762279 -2.741884 -4.351594 4.554089 3.103026 -1.463774 -1.060662 -1.338450 -2.565973 1.581570 0.618897 -2.336133 0.438866 -2.323274 -3.208015 3.789349
714 365.3934203078 19.0000000000 2.0000000000 0.7085536143 47.0000000000 5.7895790243 0.9134194960 5.6508732156 -0.1361028335 5.2869615188 -0.0924753996 31.9323680991 -576.4831182275 25.1426811442 6.3973775685 0.152382 1.876633 -3.542457 -4.005297 0.849331 0.292302 -3.354310 1.360841 2.401133 -3.419018 4.438948 3.667327 3.542601 0.093351 -0.510904 1.217506 4.152689 -2.085455 4.336467 -2.131195 0.253428 -3.902468 -0.767935 -3.329130 1.256615 -2.453552 -2.470628 -0.045311 3.123142 -1.590803 -0.509686 0.780712 -1.330222 2.558131 1.088609 -3.101862 1.398115 -3.369919 -3.451002 3.985005
736 336.0220121707 19.0000000000 2.0000000000 0.6945728258 49.0000000000 5.7680167691 0.9098624774 6.1451073345 0.0335066301 5.6936010169 0.0373082087 37.7623441524 -576.9421584556 25.6745480161 6.5447243591 0.777374 2.861056 -2.175695 -3.894435 1.373497 0.785177 -2.279031 2.141845 3.944169 -1.330093 3.530383 2.771446 3.519246 0.430232 -0.305106 1.417780 4.029491 -2.600937 3.704153 -1.201201 -1.230790 -4.313050 -0.433067 -4.891444 1.700935 -1.807239 -3.106831 -0.373117 3.198969 -1.447737 -2.339497 1.146441 -0.758659 1.779034 0.400322 -2.476328 0.889609 -3.830065 -1.978898 3.430598
1005 134277.3689735110 19.0000000000 2.0000000000 0.6372002188 67.0000000000 5.5888289905 0.8805071158 7.0309114174 -0.1461285546 6.1464994115 -0.1443902079 49.4337153597 -533.0608500057 27.3541817353 6.9563421847 0.819812 0.863436 -4.397091 -5.000000 -0.424684 1.184117 -3.311049 1.524714 4.755109 -3.981544 4.546748 1.891728 3.692598 0.436494 -1.027675 -1.490102 3.807420 -2.315575 3.794188 -2.093947 -0.348758 -3.665784 -2.682390 -3.605699 2.620742 -3.243531 -2.685143 0.292661 2.874728 -3.362252 0.516768 0.135581 0.103769 2.282647 -0.465532 -3.219885 2.154590 -2.063484 -2.687534 4.106669
evaluations raw_y rep iid sigma t d_norm d_mean ps_norm ps_mean pc_norm pc_mean ps_squared loglikelihood mhl_norm mhl_mean x0 x1 x2 x3 x4 x5 x6 x7 x8 x9 x10 x11 x12 x13 x14 x15 x16 x17 x18 x19 x20 x21 x22 x23 x24 x25 x26 x27 x28 x29 x30 x31 x32 x33 x34 x35 x36 x37 x38 x39
1 9600748.9269299973 0.0000000000 3.0000000000 0.6372002188 67.0000000000 5.5888289905 0.8805071158 7.0309114174 -0.1461285546 6.1464994115 -0.1443902079 49.4337153597 -533.0608500057 27.3541817353 6.9563421847 3.528105 0.800314 1.957476 4.481786 3.735116 -1.954556 1.900177 -0.302714 -0.206438 0.821197 0.288087 2.908547 1.522075 0.243350 0.887726 0.667349 2.988158 -0.410317 0.626135 -1.708191 -5.000000 1.307237 1.728872 -1.484330 4.539509 -2.908731 0.091517 -0.374368 3.065558 2.938718 0.309895 0.756325 -1.775571 -3.961593 -0.695824 0.312698 2.460581 2.404760 -0.774654 -0.604606
2 490307.0537079468 0.0000000000 3.0000000000 0.6372002188 67.0000000000 5.5888289905 0.8805071158 7.0309114174 -0.1461285546 6.1464994115 -0.1443902079 49.4337153597 -533.0608500057 27.3541817353 6.9563421847 -2.097106 -2.840036 -3.412540 3.901551 -1.019304 -0.876149 -2.505591 1.554981 -3.227796 -0.425481 -1.790933 0.773805 -1.021610 -2.361264 -0.056364 0.856664 0.133034 0.604944 -1.268644 -0.725482 -1.344921 -0.719106 -1.626293 -3.452565 0.354852 -0.803562 -3.260397 0.925565 -1.814597 0.103891 1.458181 0.257966 2.278801 -2.469652 0.804683 -1.369620 -1.741594 -1.157699 -0.623105 0.112331
5 44628.9098450836 0.0000000000 3.0000000000 0.6372002188 67.0000000000 5.5888289905 0.8805071158 7.0309114174 -0.1461285546 6.1464994115 -0.1443902079 49.4337153597 -533.0608500057 27.3541817353 6.9563421847 -0.996065 3.859064 1.898842 0.175102 -2.450871 1.688726 -2.000431 -3.089542 2.376060 0.633885 1.841718 0.637455 1.713661 -1.302051 -2.068486 1.363189 -1.606819 -1.379100 -0.911065 0.034958 -0.707988 -2.749903 -1.287237 -4.446806 1.250463 -3.204115 -2.208767 0.104330 -1.479126 3.086029 -2.585714 0.534102 -0.078566 -2.336187 1.046553 -0.343093 1.543581 1.647008 4.326472 2.673056
21 5642.3200764206 0.0000000000 3.0000000000 1.8840449483 1.0000000000 6.3106709637 0.9977830823 3.0666054846 -0.1616285674 2.6005970704 -0.1370671190 9.4040691979 -1283.3207323914 26.6042549171 6.7805772105 -3.375770 1.375678 2.249492 -1.300883 -3.527279 -1.473778 -2.818149 -3.702053 1.839150 -1.525202 1.247493 0.775175 0.676490 -1.380662 -1.154411 -2.006769 0.095829 -0.742749 -2.222219 3.270617 -2.111755 -2.117552 0.312250 0.392172 -2.241864 1.155397 -3.564150 0.553915 0.015596 -0.362412 -0.028715 -0.773770 3.104841 -1.723091 -0.549081 0.249655 0.091166 -0.877111 -0.723026 2.600614
29 5268.3942162724 0.0000000000 3.0000000000 1.8840449483 1.0000000000 6.3106709637 0.9977830823 3.0666054846 -0.1616285674 2.6005970704 -0.1370671190 9.4040691979 -1283.3207323914 26.6042549171 6.7805772105 -0.305202 1.441743 0.100702 0.024940 -1.066258 -1.484926 -1.616616 0.751238 0.018974 -1.236935 1.850681 -3.329274 -2.881877 -3.290137 -0.541828 -1.902954 -2.420842 -0.487530 -3.524101 -1.160727 -2.637081 -2.502937 -5.000000 -0.196753 -0.356437 -0.972009 -0.844260 -1.683009 -0.319956 -2.755896 -0.461315 -1.013298 1.585378 0.817888 -1.370302 0.194981 1.935152 -0.202188 -3.630911 4.621787
74 388.2059950004 0.0000000000 3.0000000000 1.7218797964 4.0000000000 6.2725963434 0.9916905149 5.2129384951 -0.0452779293 4.6007398942 -0.0566450105 27.1747277542 -1185.1167454622 25.0908387531 6.3997283375 -0.301369 -1.791230 1.312958 1.375320 -0.628605 -1.089596 -3.240965 -0.167926 1.046802 -0.069415 2.458093 -2.623839 2.598503 0.589826 -0.145287 1.867338 -2.997164 1.322707 0.904736 -2.086484 -0.831030 -3.832542 -2.996056 -0.778358 0.272777 2.026962 -4.207309 -2.837177 1.168253 -2.674377 4.288360 0.541934 4.137225 -4.766456 1.136530 -2.390880 1.377299 0.379000 -2.041569 3.266835
1005 368159.9029467321 0.0000000000 3.0000000000 0.7444709576 67.0000000000 5.6054533927 0.8830169778 5.7953215139 -0.0390666737 4.7726417620 -0.0197803462 33.5857514490 -578.6550574765 25.1713322527 6.4310317395 1.991245 -5.000000 2.432713 0.322743 -3.054632 -4.095312 -2.309866 -4.958272 -4.938103 2.255148 0.693850 -1.609679 -0.336581 -3.717963 2.921657 0.279022 1.801923 1.422569 -0.574610 2.354771 0.166356 -0.849672 -1.724789 -3.056183 -2.457637 -1.263655 -3.149346 2.240976 1.338730 4.253373 -0.062962 0.949434 2.743542 1.222312 4.200656 -4.752186 -1.345141 4.746844 -0.512317 1.605919
evaluations raw_y rep iid sigma t d_norm d_mean ps_norm ps_mean pc_norm pc_mean ps_squared loglikelihood mhl_norm mhl_mean x0 x1 x2 x3 x4 x5 x6 x7 x8 x9 x10 x11 x12 x13 x14 x15 x16 x17 x18 x19 x20 x21 x22 x23 x24 x25 x26 x27 x28 x29 x30 x31 x32 x33 x34 x35 x36 x37 x38 x39
1 175956.1955842932 1.0000000000 3.0000000000 0.7444709576 67.0000000000 5.6054533927 0.8830169778 5.7953215139 -0.0390666737 4.7726417620 -0.0197803462 33.5857514490 -578.6550574765 25.1713322527 6.4310317395 3.248691 -1.223513 -1.056344 -2.145937 1.730815 -4.603077 3.489624 -1.522414 0.638078 -0.498741 2.924216 -4.120281 -0.644834 -0.768109 2.267539 -2.199783 -0.344856 -1.755717 0.084427 1.165630 -2.201238 2.289447 1.803181 1.004989 1.801712 -1.367456 -0.245780 -1.871539 -0.535776 1.060711 -1.383322 -0.793507 -1.374345 -1.690411 -1.342492 -0.025329 -2.234621 0.468831 3.319604 1.484088
4 29275.5993254170 1.0000000000 3.0000000000 0.7444709576 67.0000000000 5.6054533927 0.8830169778 5.7953215139 -0.0390666737 4.7726417620 -0.0197803462 33.5857514490 -578.6550574765 25.1713322527 6.4310317395 -0.049234 -1.550323 2.547512 3.934203 -3.715964 2.472328 3.255302 0.676023 -2.398536 1.726691 -0.361841 -1.207841 -2.460116 1.101075 1.585614 -1.247061 1.041153 -2.288683 1.603722 0.093135 -0.373140 -0.203492 1.737772 1.500823 1.058931 0.275402 0.155642 1.236761 0.464989 1.365103 -0.620234 -4.869676 2.077649 4.373959 0.882729 -0.200310 -0.272889 -0.238108 0.034819 -2.244037
5 364.4812987362 1.0000000000 3.0000000000 0.7444709576 67.0000000000 5.6054533927 0.8830169778 5.7953215139 -0.0390666737 4.7726417620 -0.0197803462 33.5857514490 -578.6550574765 25.1713322527 6.4310317395 -1.034189 -1.994054 0.497598 -0.593282 0.990423 -0.349406 1.972670 0.427068 4.381399 -3.792722 -1.293833 1.802974 5.000000 -0.497270 0.087338 -0.452628 2.662914 -0.574616 1.360140 -0.639603 -2.545118 0.627095 1.006370 2.586452 -0.220894 -1.234724 1.125522 0.481474 0.561330 -0.146225 2.320677 0.738985 3.809317 2.222113 1.318100 -3.254877 1.204639 0.840564 1.621903 2.088884
1005 392843.1568307459 1.0000000000 3.0000000000 0.6622361448 67.0000000000 5.5988730662 0.8823404382 5.4907640579 -0.2835282485 5.0338340464 -0.2579736265 30.1484899391 -515.3718261892 25.5566649653 6.5610481153 -1.201436 -1.628740 4.272689 -3.266528 2.378520 4.948275 -1.717860 -4.812518 3.810816 3.038797 -1.609255 -0.875225 -0.342265 1.548223 -4.681624 -1.332426 5.000000 2.909638 1.350274 -3.332090 1.318539 -1.295880 0.768892 3.132182 -0.670863 1.882958 -1.930395 -2.717348 -0.692488 -0.739124 -4.097239 3.440949 -2.611007 -0.247740 1.968156 -5.000000 -4.173839 0.970322 -4.540530 0.962510
evaluations raw_y rep iid sigma t d_norm d_mean ps_norm ps_mean pc_norm pc_mean ps_squared loglikelihood mhl_norm mhl_mean x0 x1 x2 x3 x4 x5 x6 x7 x8 x9 x10 x11 x12 x13 x14 x15 x16 x17 x18 x19 x20 x21 x22 x23 x24 x25 x26 x27 x28 x29 x30 x31 x32 x33 x34 x35 x36 x37 x38 x39
1 12934322.3732884787 2.0000000000 3.0000000000 0.6622361448 67.0000000000 5.5988730662 0.8823404382 5.4907640579 -0.2835282485 5.0338340464 -0.2579736265 30.1484899391 -515.3718261892 25.5566649653 6.5610481153 -0.833516 -0.112534 -4.272392 3.280542 -3.586871 -1.683495 1.005763 -2.490576 -2.115904 -1.818015 1.102908 4.584416 0.083079 -2.235851 1.078117 -1.192319 -0.038261 2.350002 -1.495742 0.018051 -1.756216 -0.312868 0.513141 -1.977558 -0.677644 -0.472368 -1.275310 -2.375225 -2.842434 -0.306990 -0.538114 4.462734 -4.869535 0.225453 0.740889 2.719268 1.003714 -1.688427 0.000020 1.084705
2 3164596.6648546974 2.0000000000 3.0000000000 0.6622361448 67.0000000000 5.5988730662 0.8823404382 5.4907640579 -0.2835282485 5.0338340464 -0.2579736265 30.1484899391 -515.3718261892 25.5566649653 6.5610481153 -0.627016 1.542023 -3.736181 3.462369 2.935356 -0.671355 1.222682 0.095941 -1.658271 0.175420 2.000732 -0.762185 -0.751339 -0.148942 0.866993 2.556758 -1.269359 1.016792 0.432232 -3.717225 -0.838633 -0.264658 -0.079140 0.652007 -4.080646 0.092511 -1.355351 -2.878878 1.048593 1.470559 -1.306501 1.684913 -0.763033 0.132978 -2.197478 3.168974 -5.000000 -0.182905 1.390239 -4.066933
3 2765557.7104188763 2.0000000000 3.0000000000 0.6622361448 67.0000000000 5.5988730662 0.8823404382 5.4907640579 -0.2835282485 5.0338340464 -0.2579736265 30.1484899391 -515.3718261892 25.5566649653 6.5610481153 -0.378939 -0.154437 1.649406 2.496426 -0.807785 -2.769037 2.734471 2.435771 -0.924011 0.701777 0.763732 1.132551 0.408416 2.813392 -3.475919 2.081648 0.760944 -0.434271 2.347063 -4.687206 2.323043 0.772156 -2.266267 0.866185 -0.608173 5.000000 3.670665 0.881380 -1.438508 -1.166829 -0.650099 -1.120469 -1.804492 -1.181945 -0.552359 -1.033768 -1.397180 -1.857784 5.000000 -2.946346
4 1034628.3764992581 2.0000000000 3.0000000000 0.6622361448 67.0000000000 5.5988730662 0.8823404382 5.4907640579 -0.2835282485 5.0338340464 -0.2579736265 30.1484899391 -515.3718261892 25.5566649653 6.5610481153 -2.042829 0.864791 -0.647160 0.847649 1.598360 2.525227 1.503930 -1.987522 2.218287 -3.529835 -0.228843 -0.996348 -2.121598 1.183333 -0.366513 2.039709 -2.964931 1.692624 0.995880 0.253008 -2.837621 -0.503548 -3.093349 -4.165304 5.000000 1.941723 3.585186 -0.858027 1.392396 1.394833 1.203032 0.007319 -0.456495 -4.139225 1.220288 0.846994 2.235773 -0.548484 3.483624 -0.895002
8 274254.4302235037 2.0000000000 3.0000000000 0.6622361448 67.0000000000 5.5988730662 0.8823404382 5.4907640579 -0.2835282485 5.0338340464 -0.2579736265 30.1484899391 -515.3718261892 25.5566649653 6.5610481153 2.993904 -3.062222 -4.046728 0.535945 -0.004413 -0.278584 0.065131 -3.281120 -2.313398 2.468069 2.056370 -1.443759 3.866314 -2.141593 -1.142763 0.584864 -2.390000 -0.975861 -0.346142 -0.790693 1.741682 1.185614 -2.198595 -1.363061 0.360133 -0.133862 -1.575499 0.849507 1.639770 -1.262237 1.578119 -3.243348 -3.220999 0.999880 -1.669030 -1.993919 -0.526776 -1.354721 0.654134 -2.910719
11 8843.6484474698 2.0000000000 3.0000000000 0.6622361448 67.0000000000 5.5988730662 0.8823404382 5.4907640579 -0.2835282485 5.0338340464 -0.2579736265 30.1484899391 -515.3718261892 25.5566649653 6.5610481153 -1.766251 3.090774 0.291680 -0.800212 1.630412 -4.149845 -1.668875 -1.315437 1.641129 -0.978314 2.849934 -0.893716 1.042219 -1.416389 2.311061 -0.509061 1.037850 -0.985990 -2.173096 -0.461835 2.196020 -2.035756 -3.058783 -0.615975 1.561509 -2.111679 -1.087767 0.368603 -0.661352 0.574416 2.379056 0.042403 -0.130819 1.532232 -0.123270 -1.905794 -2.028926 -2.230528 3.825201 -0.090526
25 3365.1761317253 2.0000000000 3.0000000000 1.8995036970 1.0000000000 6.3093764777 0.9975746211 3.5069689022 -0.1759548180 2.9740418515 -0.1492163197 12.2988308812 -1307.9295565228 27.3363744639 6.9349000529 1.147163 -1.094505 -1.669922 -0.604678 1.342966 -2.176888 -0.543078 -3.335192 1.606003 1.454488 1.367160 -2.238969 4.077199 1.515288 -0.435297 1.175937 0.310232 0.001000 -0.367789 0.533848 1.348575 -2.869788 -0.323255 -1.441179 2.943576 -3.437001 -0.707102 1.286810 -1.191326 1.525164 -2.002326 -0.694716 -1.634662 3.170190 -0.125757 1.380036 -1.785173 0.362129 3.903395 -0.642249
112 511.1455654380 2.0000000000 3.0000000000 1.5816757949 7.0000000000 6.2322292676 0.9851932384 3.8165368956 0.0525819264 3.5767747861 0.0296898852 14.5659538757 -1140.5462538018 25.5985601074 6.5593295850 -0.399256 1.239257 -1.223239 -2.238417 1.459052 -3.719380 0.568746 0.123209 -3.166038 2.490446 2.017548 -3.029617 1.982189 -0.637259 1.938927 -2.643964 4.540375 3.722539 -2.634766 0.922996 1.018368 -0.399063 1.510913 -3.923601 2.210893 -2.829360 0.456195 -0.674007 1.107612 -1.593981 -0.104390 0.396841 0.705917 -0.802154 -0.005835 3.869326 -3.404044 -0.383831 1.063342 -0.476305
1005 66484.2637017610 2.0000000000 3.0000000000 0.7049215360 67.0000000000 5.6093870112 0.8834213836 6.2490913523 0.0254127321 5.6415577098 -0.0319022160 39.0511427296 -566.9223220770 26.1684544883 6.6693360564 -1.136371 4.249266 -3.991841 -4.462122 -0.657345 -3.607079 3.075201 4.368565 1.402301 1.443335 -2.544812 -0.306433 -2.945816 -1.462034 0.113621 2.185422 1.657121 0.134270 -2.129748 3.383628 1.838919 0.887770 -0.442255 -1.250263 2.711323 -3.734808 1.695347 -0.158100 2.135980 -2.042527 -0.455920 2.499139 -1.907870 -0.197478 3.639989 1.000778 -1.778838 0.059908 -3.355296 4.239547
evaluations raw_y rep iid sigma t d_norm d_mean ps_norm ps_mean pc_norm pc_mean ps_squared loglikelihood mhl_norm mhl_mean x0 x1 x2 x3 x4 x5 x6 x7 x8 x9 x10 x11 x12 x13 x14 x15 x16 x17 x18 x19 x20 x21 x22 x23 x24 x25 x26 x27 x28 x29 x30 x31 x32 x33 x34 x35 x36 x37 x38 x39
1 213759.6896517327 3.0000000000 3.0000000000 0.7049215360 67.0000000000 5.6093870112 0.8834213836 6.2490913523 0.0254127321 5.6415577098 -0.0319022160 39.0511427296 -566.9223220770 26.1684544883 6.6693360564 3.577257 0.873020 0.192995 -3.726985 -0.554776 -0.709518 -0.165483 -1.254001 -0.087636 -0.954436 -2.627730 1.769245 1.762636 3.419146 0.100067 -0.809355 -1.090720 -3.092955 1.964735 -2.202135 -2.370093 -0.411300 2.972297 0.473433 -2.047570 -1.425986 1.250490 -0.321027 -1.537673 -0.460061 1.490113 3.952222 -2.488247 -1.252834 -1.607532 -4.838166 -1.847584 -2.047752 2.247956 -0.263828
3 40492.2639201222 3.0000000000 3.0000000000 0.7049215360 67.0000000000 5.6093870112 0.8834213836 6.2490913523 0.0254127321 5.6415577098 -0.0319022160 39.0511427296 -566.9223220770 26.1684544883 6.6693360564 -2.741338 0.477126 1.228154 -1.675825 0.290126 2.335765 -0.048209 -1.777315 -5.000000 -1.943681 -1.182157 -1.032835 -1.919992 0.754590 -1.149417 -0.218909 1.358143 -1.710874 -0.600412 4.316299 1.748571 -2.587073 -0.159482 1.128971 2.466942 0.297973 -1.061164 -1.461053 1.290124 0.626121 -1.033296 -0.378143 -0.832396 1.449315 -1.379921 0.972829 1.703038 0.972499 -1.668480 2.689985
42 862.9954606226 3.0000000000 3.0000000000 1.7772182668 2.0000000000 6.3003635708 0.9961354226 3.4699721797 0.0116256070 2.9796511001 0.0099910873 12.0407069278 -1213.4718884653 25.3137308395 6.4980770464 1.172171 0.513055 3.316670 -1.327156 1.862113 -1.263333 4.546141 1.000781 -0.373779 -0.459877 1.651515 -0.930028 -0.847897 -1.122133 -1.180768 -0.941943 -2.009137 2.073179 1.458428 -2.113003 -0.346043 0.038339 -1.155179 -2.232360 -0.800954 0.965591 2.238471 -0.535983 -0.168852 2.946227 -0.611727 -3.353242 -3.472921 0.530448 -4.525558 -0.963031 -0.439867 2.455443 -0.001890 0.676820
98 692.5790099992 3.0000000000 3.0000000000 1.5429453683 6.0000000000 6.2438419116 0.9871013862 5.1786094211 -0.0472657029 4.6534654921 -0.0504103269 26.8179955366 -1121.1877353895 25.3828676405 6.4215734698 0.916544 1.333896 2.155788 0.665897 -0.087502 2.442509 3.496150 3.855504 -0.367437 -3.432991 3.751959 -0.322965 0.443243 -0.011530 -0.604457 1.430201 -2.413786 1.057144 2.915980 -3.207531 -0.941069 -1.908239 -1.734484 -1.515776 0.002931 -1.488376 -0.881517 2.016440 2.872476 -0.513887 0.478129 -2.055567 -0.147277 -2.584574 -2.605444 -0.738970 0.749129 -0.985517 -0.393509 1.187645
232 637.2061169376 3.0000000000 3.0000000000 1.2134137264 15.0000000000 6.1339697971 0.9694395969 5.8589186737 0.0720917378 5.3134228860 0.0531602041 34.3269280252 -943.0509649803 24.6485805973 6.2771437748 -2.822536 -1.981637 0.823764 -1.931821 1.169254 2.860683 1.871494 5.000000 -1.454027 0.548075 0.671514 -3.131452 0.407230 -0.558361 -1.152692 -0.662321 -2.840005 2.524089 0.744730 -2.386535 -1.668165 -0.015872 -5.000000 0.524190 1.629295 1.874026 -0.315138 -1.073301 -0.035183 1.724957 -1.881159 1.251457 0.258593 0.171494 -0.210155 0.453823 -2.448427 0.780116 -1.465703 -0.978608
276 386.6923884754 3.0000000000 3.0000000000 1.1321064015 18.0000000000 6.0975234687 0.9635732477 5.2952007026 -0.1073863012 4.6865043946 -0.0951040970 28.0391504804 -917.9419453173 25.5484998155 6.5146446278 -2.897695 -1.092363 0.765548 -1.075991 -0.660533 3.277648 0.970577 4.042930 0.784084 -0.721418 -0.119943 -3.580114 0.179570 -1.420003 -1.033653 -0.234028 -4.252561 1.193120 0.124101 -2.617663 -2.361524 -0.160122 -4.348291 0.278198 0.688787 2.700279 1.629159 -0.318471 1.971564 3.251959 -2.694337 0.160767 0.364220 0.609888 -1.590201 1.870710 -2.257245 -0.712119 -0.181024 -1.581941
1005 101563.9658787911 3.0000000000 3.0000000000 0.7270110045 67.0000000000 5.5932922808 0.8807193916 5.2119116409 -0.2983657408 4.6062050773 -0.2610759048 27.1640229524 -598.4778273678 26.6234422599 6.8207536172 0.730136 1.668950 -0.828366 -1.405863 -4.431703 1.884062 0.745818 1.646522 -0.058416 4.870404 -2.272093 -2.258971 1.343484 -1.733861 5.000000 0.929772 -5.000000 2.406245 -1.135014 -2.548739 -3.519083 -2.688759 -2.538147 -4.175555 -2.161844 2.135056 2.005959 2.686894 1.484246 -0.080004 -3.340364 2.901847 -2.113828 -0.791064 0.020754 3.814326 -3.592221 -1.697129 -1.732080 -2.925015
evaluations raw_y rep iid sigma t d_norm d_mean ps_norm ps_mean pc_norm pc_mean ps_squared loglikelihood mhl_norm mhl_mean x0 x1 x2 x3 x4 x5 x6 x7 x8 x9 x10 x11 x12 x13 x14 x15 x16 x17 x18 x19 x20 x21 x22 x23 x24 x25 x26 x27 x28 x29 x30 x31 x32 x33 x34 x35 x36 x37 x38 x39
1 7941464.1217458611 4.0000000000 3.0000000000 0.7270110045 67.0000000000 5.5932922808 0.8807193916 5.2119116409 -0.2983657408 4.6062050773 -0.2610759048 27.1640229524 -598.4778273678 26.6234422599 6.8207536172 0.101123 0.999903 -1.991818 1.387197 -0.836603 -3.169154 -1.295414 1.197150 0.664500 -2.294953 1.237339 -0.175974 0.850145 0.664506 -2.313633 0.701994 -1.213775 3.093959 1.446683 0.092271 -1.965983 0.108865 0.319786 -2.417896 4.446720 0.788590 3.384715 -2.225624 3.271495 -2.721931 -1.302452 1.084903 0.096012 -4.716147 -2.211168 1.675673 4.175742 1.829682 -0.552407 1.593024
2 142357.4221501795 4.0000000000 3.0000000000 0.7270110045 67.0000000000 5.5932922808 0.8807193916 5.2119116409 -0.2983657408 4.6062050773 -0.2610759048 27.1640229524 -598.4778273678 26.6234422599 6.8207536172 -2.287597 1.019840 -2.694921 -0.018720 -0.261409 1.604173 -0.605928 2.404005 -0.393491 1.673057 1.573205 -3.681752 0.075095 0.071856 -1.557480 0.358821 -2.911069 1.112370 1.019558 0.600891 4.953168 0.704687 0.134942 -1.464529 0.594282 -1.923554 2.543637 -1.295289 0.316939 3.980166 2.328375 0.485320 2.759840 -0.109117 1.590468 0.038180 -1.810876 0.860543 1.869300 -0.692204
6 54281.3120803069 4.0000000000 3.0000000000 0.7270110045 67.0000000000 5.5932922808 0.8807193916 5.2119116409 -0.2983657408 4.6062050773 -0.2610759048 27.1640229524 -598.4778273678 26.6234422599 6.8207536172 -0.945326 0.192536 2.458427 3.199755 -0.798829 -2.928367 -2.767733 4.250644 -0.805740 0.915812 3.834570 -1.360232 -0.389148 -1.161190 -2.191832 1.599511 2.131400 -3.747477 1.963421 -0.471934 0.367253 0.395738 -2.613077 -0.621742 -1.981826 3.830503 4.371696 0.168067 -2.357912 2.312112 -0.380004 3.490889 3.937439 3.345813 -0.790519 -1.996150 -1.326100 -0.192690 -1.847615 2.386737
14 19967.8556919878 4.0000000000 3.0000000000 0.7270110045 67.0000000000 5.5932922808 0.8807193916 5.2119116409 -0.2983657408 4.6062050773 -0.2610759048 27.1640229524 -598.4778273678 26.6234422599 6.8207536172 0.191050 -0.433071 0.966319 0.661012 2.542311 0.918238 -1.038353 -2.103775 -3.325320 -2.045083 2.281958 -2.759396 0.194570 2.518324 1.249969 3.115222 1.545722 3.186481 -1.054709 -1.557844 3.956269 0.767653 0.260961 -1.041363 3.255388 1.043665 1.070735 -1.198956 0.248072 -0.766460 -0.120049 0.715160 -0.934873 -1.593485 1.635797 -1.939711 2.840003 3.108947 -2.689375 3.264675
33 11504.7015726637 4.0000000000 3.0000000000 1.8237648539 2.0000000000 6.2994508711 0.9959836621 4.3596402170 0.0887947805 3.7533207614 0.0797028514 19.0064628215 -1234.6617162205 25.5147532954 6.4962924932 0.027179 1.595790 0.052690 1.049737 -0.478971 4.894188 -0.291790 -3.699724 -1.969576 -1.304063 0.770723 -1.835960 -0.775980 -1.632876 0.123938 0.262665 -0.762372 0.044285 -1.616698 1.506004 2.383174 -2.458740 1.283006 -3.159165 2.260707 2.295020 -1.129010 -2.747815 0.783734 2.740745 -1.288991 -0.013124 5.000000 -0.412983 -2.017377 2.472303 0.750928 -0.475754 -4.145317 1.083221
43 1380.6611858641 4.0000000000 3.0000000000 1.8237648539 2.0000000000 6.2994508711 0.9959836621 4.3596402170 0.0887947805 3.7533207614 0.0797028514 19.0064628215 -1234.6617162205 25.5147532954 6.4962924932 -1.701194 0.981420 4.964877 -1.762263 4.062453 4.670793 3.079890 -1.228217 -3.238329 -0.769231 1.244806 -1.369225 1.897117 4.694565 0.357923 -0.085100 1.911996 0.040737 0.057518 1.613468 1.961835 -1.522972 -3.430252 2.461502 -0.129342 1.574767 0.383832 -2.160780 3.031525 0.007911 0.781872 0.479108 -3.046122 1.655895 -0.846312 -3.098032 -4.298821 4.690663 -4.599143 1.405218
102 451.5578613660 4.0000000000 3.0000000000 1.6154566557 6.0000000000 6.2508681765 0.9882025675 4.9521382760 -0.0959328330 4.4679185273 -0.0815857508 24.5236735045 -1148.2505931006 25.2774444593 6.4740263097 -0.426816 0.700986 3.507993 0.409817 1.256751 3.694199 3.099581 -2.903930 -4.765053 -2.893967 3.153784 0.048644 -3.292835 0.271509 -3.011292 -1.059467 1.138568 -1.591525 -1.172244 0.649575 3.394231 -0.677611 0.059772 2.979915 3.549136 3.721197 -4.970262 -2.829651 2.277823 1.070104 0.712756 -0.670708 -0.351237 -2.912786 -0.291504 -1.317570 -2.366674 2.145177 -3.174546 -0.779608
112 416.9832519755 4.0000000000 3.0000000000 1.5920389719 7.0000000000 6.2369744158 0.9859669398 5.4983153769 -0.0598412407 5.0758022742 -0.0545154288 30.2314719838 -1124.9741597109 24.8311350534 6.3114480452 1.574883 0.746552 4.349557 -0.670492 1.827685 2.408376 1.279289 -1.554779 -2.276584 -2.844006 1.976039 0.274213 -0.532265 4.803748 -0.934583 -4.269005 -1.784777 -3.123967 -2.274787 0.266426 3.696841 -0.876779 0.900409 3.852590 1.301773 4.387039 -0.790343 -2.755818 1.471709 -0.959807 1.436533 -1.491969 -0.651645 1.025818 0.133276 0.607116 0.262078 0.749944 -4.679188 1.121252
138 351.1846489153 4.0000000000 3.0000000000 1.5233914785 9.0000000000 6.2127340557 0.9820661066 5.0054778272 0.1905807933 4.6901486274 0.1587179567 25.0548082782 -1091.4123054427 24.6530301985 6.2240333384 0.943129 2.977781 5.000000 3.511512 1.963644 2.736228 2.667815 -3.543149 -5.000000 -3.784672 2.960956 2.385005 -3.629454 4.130426 0.947315 -2.855502 3.073693 -2.436020 -1.868791 -0.344609 1.512160 -1.347253 0.181054 1.149779 4.752953 5.000000 -0.015189 -5.000000 2.125519 1.382743 2.214176 -2.157138 2.906456 -0.003489 1.134633 -1.693978 2.455288 -0.842223 -3.805698 0.845965
1005 494223.5737275281 4.0000000000 3.0000000000 0.6762064839 67.0000000000 5.5991615886 0.8820349198 5.2270702215 0.1207306044 4.6081855076 0.1115238778 27.3222631009 -530.8780845914 25.7566481961 6.5910083246 0.700805 -1.162977 2.859386 0.863783 0.828894 2.069813 -0.025849 3.836591 -4.567847 0.106002 -2.867242 -0.494992 -1.660004 4.493243 -0.138495 1.747877 2.493531 -1.181331 -1.902417 0.116375 3.540515 -2.627562 2.970382 2.964754 -0.683826 0.455046 -3.090481 2.241532 3.198036 -0.001984 -3.056736 3.376392 -1.727661 -2.594344 1.487267 0.757593 -2.177420 3.269376 -1.148454 -0.552422
evaluations raw_y rep iid sigma t d_norm d_mean ps_norm ps_mean pc_norm pc_mean ps_squared loglikelihood mhl_norm mhl_mean x0 x1 x2 x3 x4 x5 x6 x7 x8 x9 x10 x11 x12 x13 x14 x15 x16 x17 x18 x19 x20 x21 x22 x23 x24 x25 x26 x27 x28 x29 x30 x31 x32 x33 x34 x35 x36 x37 x38 x39
1 716322.0098529576 5.0000000000 3.0000000000 0.6762064839 67.0000000000 5.5991615886 0.8820349198 5.2270702215 0.1207306044 4.6081855076 0.1115238778 27.3222631009 -530.8780845914 25.7566481961 6.5910083246 0.882455 -0.661740 4.861542 -0.504184 0.219220 3.164962 -1.818465 -1.183273 0.375206 -0.659740 -2.385529 -0.409753 -0.717658 1.206943 -3.329577 -1.400358 2.302782 3.714662 -3.022359 1.289695 -1.961216 -1.713706 -1.743758 -0.845016 1.992880 1.424843 0.118288 -0.726622 0.006578 -0.211861 1.586107 -1.263143 -0.012390 -0.202135 -0.104616 0.498435 0.395320 2.669697 -0.173751 3.123065
2 350225.5563911934 5.0000000000 3.0000000000 0.6762064839 67.0000000000 5.5991615886 0.8820349198 5.2270702215 0.1207306044 4.6081855076 0.1115238778 27.3222631009 -530.8780845914 25.7566481961 6.5910083246 -0.611706 -0.955463 0.201476 0.710877 0.539225 2.583927 2.278686 0.988881 -0.672673 -0.201229 2.826796 0.442508 -2.621546 -1.379130 -1.155026 2.304410 -0.214328 4.520214 1.313239 0.249614 -0.871408 1.944359 -0.481422 -1.648247 1.136265 0.025517 2.378121 -0.147187 -5.000000 1.578733 -3.755482 3.077512 3.642729 -0.854063 -2.329404 -2.794148 1.745309 -0.404236 -1.196720 -0.486839
13 661.0446820127 5.0000000000 3.0000000000 0.6762064839 67.0000000000 5.5991615886 0.8820349198 5.2270702215 0.1207306044 4.6081855076 0.1115238778 27.3222631009 -530.8780845914 25.7566481961 6.5910083246 0.414134 1.043567 0.452779 1.598261 0.918492 0.065399 -1.859126 -0.690074 1.804959 -2.332999 0.221984 -4.096793 -1.391222 -3.246321 2.489082 -3.645498 -0.479213 1.456886 1.217769 1.546369 2.124708 0.947010 1.669196 -0.108283 -0.051279 -3.520801 0.337410 2.534554 -1.495897 -2.339494 0.182469 2.268838 2.413149 -3.000930 0.900041 -1.312499 0.554942 -4.515406 1.843575 -0.791183
77 633.9689244571 5.0000000000 3.0000000000 1.6783000381 5.0000000000 6.2633800075 0.9902073071 5.1109206852 0.0749817899 4.6514045506 0.0686814229 26.1215102504 -1185.6795827136 25.7895795776 6.6204787324 -0.238272 -0.586949 -1.420283 -0.187833 4.783719 1.151263 -3.295218 -4.245916 2.445592 -2.073460 1.233534 0.551974 0.889665 1.049964 0.363632 -0.941382 1.371826 1.903495 2.445108 -1.475041 3.456710 1.080448 -0.933308 -5.000000 2.801006 0.438155 1.199010 1.458604 -1.457737 2.616235 2.648513 1.867075 5.000000 -2.942941 -0.153432 -1.754912 -2.440573 1.118520 2.698242 -0.367547
176 510.3318907720 5.0000000000 3.0000000000 1.4548371548 11.0000000000 6.1931814802 0.9789111717 5.0011199417 0.0038057247 4.6076364922 0.0101632268 25.0112006717 -1075.7736345955 25.2884059663 6.4484184943 1.121398 -0.351094 -1.639180 -0.896433 3.846298 -0.330457 -4.215804 -1.579777 -0.051827 0.416105 -2.525017 2.040284 1.201039 1.121102 -0.437101 -0.505225 3.116961 0.831803 1.449434 -1.325216 -0.098814 -3.665898 -1.414773 -0.929736 0.867592 2.760570 0.069391 2.788005 -3.674756 2.471666 -0.675052 2.431244 1.788576 0.832742 3.948523 -0.556745 -2.303401 -2.110896 2.598480 -4.933851
1005 100980.0713654959 5.0000000000 3.0000000000 0.6618950459 67.0000000000 5.6000115660 0.8820399301 6.1225766754 -0.0483211582 5.1104316768 -0.0086603747 37.4859451461 -511.5422750006 25.3682009280 6.5150948869 -1.494300 -1.327938 -0.981574 -1.457912 4.510871 -3.672035 -3.409305 1.165105 1.275288 1.479684 -3.462498 -1.299529 0.422282 1.244232 -1.175263 -1.855554 3.863780 -2.584622 -0.890080 -0.023601 3.318795 -0.747408 -2.433297 -1.237082 2.565473 -2.183215 0.966417 0.787855 -1.131102 3.189374 3.605642 1.702589 2.660700 4.268879 -0.717357 -3.325608 4.198821 -4.336563 2.010425 2.706586
evaluations raw_y rep iid sigma t d_norm d_mean ps_norm ps_mean pc_norm pc_mean ps_squared loglikelihood mhl_norm mhl_mean x0 x1 x2 x3 x4 x5 x6 x7 x8 x9 x10 x11 x12 x13 x14 x15 x16 x17 x18 x19 x20 x21 x22 x23 x24 x25 x26 x27 x28 x29 x30 x31 x32 x33 x34 x35 x36 x37 x38 x39
1 4034820.3046786049 6.0000000000 3.0000000000 0.6618950459 67.0000000000 5.6000115660 0.8820399301 6.1225766754 -0.0483211582 5.1104316768 -0.0086603747 37.4859451461 -511.5422750006 25.3682009280 6.5150948869 -0.623567 1.458008 0.435642 -1.798184 -4.973561 1.826503 2.254127 -3.028186 3.278582 -0.859787 5.000000 1.203644 -0.671763 2.475476 0.222256 0.258302 0.152255 -0.310256 1.268451 1.621310 0.709617 3.625181 -2.712952 -0.927264 1.649308 -2.352863 3.128979 1.425410 -0.362013 1.068399 -1.173226 -2.963707 1.714495 1.886198 0.228883 -0.043913 -4.254289 -1.668815 -0.931017 0.467421
4 2831446.0092232060 6.0000000000 3.0000000000 0.6618950459 67.0000000000 5.6000115660 0.8820399301 6.1225766754 -0.0483211582 5.1104316768 -0.0086603747 37.4859451461 -511.5422750006 25.3682009280 6.5150948869 0.573759 0.103719 0.103102 -0.439175 -1.106513 -0.747822 -2.368834 -1.056346 -1.327068 -0.867473 -0.890488 -0.283918 0.904802 -0.618925 0.181594 0.540533 -0.628984 -0.289951 0.710741 -3.397839 1.314515 -0.944751 -5.000000 1.067683 -2.402703 1.783305 -1.969456 -0.421254 1.332316 -1.592496 -1.990840 -0.228254 2.740363 2.199307 2.801163 0.769416 0.976568 2.140619 1.137107 -1.609931
6 2009083.1995313077 6.0000000000 3.0000000000 0.6618950459 67.0000000000 5.6000115660 0.8820399301 6.1225766754 -0.0483211582 5.1104316768 -0.0086603747 37.4859451461 -511.5422750006 25.3682009280 6.5150948869 -1.008534 2.105020 -2.934107 3.148208 0.944675 3.353860 -3.382422 2.855615 1.857121 0.678940 -1.737564 0.709675 0.525618 -1.218070 -2.742104 -2.137250 -1.061401 2.273885 2.374116 3.381792 0.980563 -2.891060 -1.486202 -2.308089 -0.515348 2.753628 -0.357961 -0.861260 1.058145 1.466728 1.933432 -1.870548 -1.756417 -0.911457 1.486152 0.386596 -1.942647 3.793744 -1.086608 -0.247589
7 1538580.2968949182 6.0000000000 3.0000000000 0.6618950459 67.0000000000 5.6000115660 0.8820399301 6.1225766754 -0.0483211582 5.1104316768 -0.0086603747 37.4859451461 -511.5422750006 25.3682009280 6.5150948869 -0.193158 -1.640029 -0.071153 0.112701 0.523976 0.631144 -1.065581 -1.850605 2.187840 -0.436033 2.195475 0.906839 5.000000 -0.191816 -3.308350 -0.630768 2.423292 3.802355 3.501616 1.337847 3.207448 -1.959714 -1.102449 -1.822040 1.242795 2.665061 0.140719 0.903644 -0.843604 -0.660024 0.328181 3.168606 1.034573 1.117463 2.237257 1.375677 -1.351425 3.569351 -0.182632 0.122346
15 553.4570905433 6.0000000000 3.0000000000 0.6618950459 67.0000000000 5.6000115660 0.8820399301 6.1225766754 -0.0483211582 5.1104316768 -0.0086603747 37.4859451461 -511.5422750006 25.3682009280 6.5150948869 -0.871655 1.443639 -0.272981 1.124385 -1.673267 1.109111 -1.104233 -1.505527 1.909151 -2.460108 0.234434 0.663400 0.492514 0.127548 2.006134 -1.275880 2.967130 2.877568 0.573105 -0.128719 -2.267263 -1.788934 -1.359818 0.379771 3.166912 -3.083853 1.867046 0.360250 0.729547 0.375372 -1.292290 -0.674847 0.221438 2.334913 -0.479585 2.758198 2.316952 -0.399751 0.786499 2.532495
672 499.8600374142 6.0000000000 3.0000000000 0.9384974718 44.0000000000 5.8306410975 0.9199696886 5.2371798859 -0.0907322897 4.5103498676 -0.0873463324 27.4280531568 -756.6044058495 25.2910861412 6.4644085142 0.783586 -4.157089 1.865769 1.508071 1.039844 2.435099 2.842979 4.204049 1.733991 5.000000 2.729521 -3.358905 0.960486 -3.153532 3.723285 2.983992 1.226888 -2.600634 -4.711673 -0.325490 -3.171493 -2.387501 0.089096 -1.863350 0.747925 1.591157 -0.978614 -0.136925 -2.099956 -3.379897 -2.161823 1.845542 1.044011 0.409095 0.560596 2.477679 1.848568 -3.361459 -0.554082 2.456828
826 472.2681713231 6.0000000000 3.0000000000 0.7556604747 55.0000000000 5.7121961122 0.9007782513 4.5222005617 -0.0330757481 3.8055432120 -0.0447085024 20.4502979198 -632.9738999160 26.2996953086 6.7151742421 1.365334 -0.635394 3.943140 0.453550 -0.162007 1.910137 1.249053 4.076785 -1.385851 3.769621 1.818960 -2.124406 0.694676 -4.755274 1.738690 5.000000 1.925600 -3.094375 -4.408550 0.307135 -3.346382 -2.740031 1.104865 -3.122025 0.223371 1.292365 -2.141960 0.457925 -2.705808 -3.401142 -2.557218 0.568473 1.248185 -1.339172 2.293800 2.162136 1.986249 -2.379941 -1.160446 1.609647
1005 284086.0622567144 6.0000000000 3.0000000000 0.6091363566 67.0000000000 5.5881919732 0.8808029191 5.7867696416 0.2095525356 4.7369141031 0.1856098715 33.4867028855 -478.5490022175 26.1519426123 6.6968624165 1.065377 -1.442925 4.556050 -0.960178 -0.725842 3.038555 1.343017 3.871803 0.229156 3.271887 1.719467 -3.179912 -0.022187 -3.830527 2.860333 4.455390 1.260644 -5.000000 -3.473481 0.321237 -3.489694 -3.309241 1.552543 -2.174038 0.685984 3.508917 -1.816913 1.016288 -0.105016 -2.473452 -3.068619 1.214950 2.453849 -0.481960 2.889929 2.669337 3.200898 -1.418303 0.726752 1.935250
evaluations raw_y rep iid sigma t d_norm d_mean ps_norm ps_mean pc_norm pc_mean ps_squared loglikelihood mhl_norm mhl_mean x0 x1 x2 x3 x4 x5 x6 x7 x8 x9 x10 x11 x12 x13 x14 x15 x16 x17 x18 x19 x20 x21 x22 x23 x24 x25 x26 x27 x28 x29 x30 x31 x32 x33 x34 x35 x36 x37 x38 x39
1 1313.4555550391 7.0000000000 3.0000000000 0.6091363566 67.0000000000 5.5881919732 0.8808029191 5.7867696416 0.2095525356 4.7369141031 0.1856098715 33.4867028855 -478.5490022175 26.1519426123 6.6968624165 3.381051 -0.931875 0.065640 0.815033 -1.577846 0.004131 -0.001781 -3.509449 2.035316 1.200997 -1.250858 -0.343097 1.010599 -0.522713 -0.485498 -2.906483 1.109161 0.247762 0.548920 -3.053049 3.301399 0.308671 -0.774280 4.058144 -0.090772 -2.901357 -0.810456 -4.576630 2.098793 -0.832949 -1.485107 2.144940 -3.302151 1.070859 -4.128830 -1.324319 -2.408440 2.923951 3.532322 -0.658828
13 550.1041708086 7.0000000000 3.0000000000 0.6091363566 67.0000000000 5.5881919732 0.8808029191 5.7867696416 0.2095525356 4.7369141031 0.1856098715 33.4867028855 -478.5490022175 26.1519426123 6.6968624165 2.143369 1.808237 -0.460356 1.989867 -0.862182 -1.286020 -1.137440 -0.281702 -0.646823 0.308690 -1.230117 1.529392 2.041939 -0.991724 -2.854350 1.447746 2.277113 -0.326497 -2.573034 0.533522 3.049336 -3.752653 0.955851 -0.627269 -1.711348 0.996399 -2.597660 0.593889 2.626518 0.353379 -1.752645 -3.558617 -2.563916 -3.682444 3.199265 -0.498969 -2.090328 -2.596417 -2.134491 -0.671686
113 548.1577120555 7.0000000000 3.0000000000 1.6463095340 7.0000000000 6.2464074622 0.9874304367 5.4818953364 -0.0604207913 5.0575482054 -0.0525915986 30.0511764796 -1136.3146015849 24.3320080512 6.2505963572 -1.556343 2.287816 -2.114392 2.678493 3.351825 1.379603 -1.310857 -2.120833 2.534268 0.923540 -2.133771 -1.484990 3.198932 -2.982399 -0.727409 4.434542 5.000000 1.772883 -0.799565 3.259227 3.722340 -3.332209 1.055600 0.841832 -4.197160 -0.771388 -1.410137 -4.518684 2.781419 -0.447407 -3.889396 0.598344 -0.187633 -1.164137 -1.162190 -1.844892 -2.337947 -2.265700 2.750030 -2.849736
343 532.4589069600 7.0000000000 3.0000000000 1.1829428872 22.0000000000 6.0709207977 0.9591513920 4.9709767761 -0.1029573155 4.5806941890 -0.1154439859 24.7106101084 -942.3455884258 25.7049692023 6.5780616664 -3.003296 0.465180 -3.297138 -3.378161 0.311262 1.924815 -0.640670 -2.761915 1.753889 2.870093 -1.938765 3.476394 3.312644 -5.000000 -2.440371 2.951167 0.761643 1.065194 -2.565199 2.669052 2.046742 -5.000000 0.747316 2.075571 -2.474777 -2.303173 -3.949707 -1.899621 -1.432363 -2.283455 -2.073539 -0.519874 -0.760982 -1.281521 -0.842390 5.000000 -2.135942 -4.267997 1.552465 -0.524697
997 496.9726497968 7.0000000000 3.0000000000 0.5617600323 66.0000000000 5.6185520002 0.8854600493 6.4503804672 -0.1244359854 5.4820416194 -0.0457018242 41.6074081717 -427.5670564862 25.8663262482 6.6294125244 -3.227115 -1.537031 -2.162061 0.379129 0.888716 -0.970651 -1.320555 0.147739 1.942192 2.863884 0.198272 -1.877490 5.000000 -3.003609 -0.968677 0.636389 1.456675 -0.370685 -2.871004 1.677272 -0.238736 -3.272106 1.420105 -0.683558 -2.781655 -3.305096 -2.025663 -3.394301 -0.412432 -4.013845 -2.381953 1.502402 1.066110 -4.978236 -1.686251 3.994450 0.209785 -3.143045 -3.495927 0.484790
1005 1993354.9567725791 7.0000000000 3.0000000000 0.5554002026 67.0000000000 5.6091638642 0.8839069560 5.6716388763 -0.0685568710 4.8024795139 -0.0169178847 32.1674875430 -381.6985252820 24.1561504327 6.1719251976 -4.150284 -0.524519 -2.959771 1.490195 2.140680 -0.851844 -2.490575 0.258261 2.079706 3.332247 0.732140 -3.031439 4.974316 -3.492058 -0.642777 2.032248 2.103083 -0.483013 -2.392964 2.182908 -0.214608 -2.952709 1.827015 -1.039556 -2.073134 -4.403342 -2.162802 -2.589930 -1.331055 -3.536649 -3.617996 0.950905 1.824546 -4.948627 -1.627782 2.745491 0.855577 -2.947300 -3.554698 0.013040
evaluations raw_y rep iid sigma t d_norm d_mean ps_norm ps_mean pc_norm pc_mean ps_squared loglikelihood mhl_norm mhl_mean x0 x1 x2 x3 x4 x5 x6 x7 x8 x9 x10 x11 x12 x13 x14 x15 x16 x17 x18 x19 x20 x21 x22 x23 x24 x25 x26 x27 x28 x29 x30 x31 x32 x33 x34 x35 x36 x37 x38 x39
1 1240008.6867456103 8.0000000000 3.0000000000 0.5554002026 67.0000000000 5.6091638642 0.8839069560 5.6716388763 -0.0685568710 4.8024795139 -0.0169178847 32.1674875430 -381.6985252820 24.1561504327 6.1719251976 0.182409 2.182565 -3.893941 -2.772699 -4.592983 4.819669 3.455672 4.409113 1.589655 1.952842 -2.366854 3.832727 -2.246654 -1.328071 -0.756717 -1.583231 1.719096 -0.461578 -0.131322 -0.417272 2.693737 -1.213906 -0.348496 0.848103 -3.291980 -0.967082 1.070937 2.332281 0.323366 -1.345668 2.885048 -0.442961 0.062529 0.363859 -0.125857 -1.083137 0.949037 -2.329182 -1.001819 -0.817122
5 251894.7319952113 8.0000000000 3.0000000000 0.5554002026 67.0000000000 5.6091638642 0.8839069560 5.6716388763 -0.0685568710 4.8024795139 -0.0169178847 32.1674875430 -381.6985252820 24.1561504327 6.1719251976 -1.770337 -1.888053 1.469147 5.000000 1.223516 1.315321 0.092092 1.540525 1.186105 -1.866887 0.750866 1.839582 -1.428275 0.749012 2.514398 1.952207 -0.044436 4.131873 2.063813 -0.498669 -3.938112 -0.653937 0.267878 -0.762379 0.049650 3.276221 1.639366 2.692990 -2.749530 0.019262 2.662867 -1.655156 3.869885 -2.549785 -1.313775 3.026456 -4.368461 1.597821 -2.549177 -2.345887
9 12474.7920714284 8.0000000000 3.0000000000 0.5554002026 67.0000000000 5.6091638642 0.8839069560 5.6716388763 -0.0685568710 4.8024795139 -0.0169178847 32.1674875430 -381.6985252820 24.1561504327 6.1719251976 -0.292134 2.171610 -2.590029 -1.266494 1.003804 0.340632 4.093059 0.140303 -0.106244 0.707890 -2.987897 3.005386 -0.623129 1.296434 -1.625393 -2.719775 -0.146699 -0.452170 1.080819 -1.025205 4.970943 0.293819 -2.287627 -0.117272 2.775989 0.302454 -1.950504 -1.045554 1.526519 2.953760 -1.522631 2.854234 -1.505575 4.071934 -0.496979 -2.513253 -0.568525 -0.103187 1.482608 2.108962
27 4309.9666420785 8.0000000000 3.0000000000 1.8615078286 1.0000000000 6.3115347957 0.9979191420 2.4180882363 0.1179258283 2.0506299930 0.1000055485 5.8471507186 -1308.6150928284 27.7855221494 7.1234094273 -1.789377 0.733933 -2.762945 -1.464711 0.614334 2.840452 1.108923 0.289441 -2.410391 3.045868 0.158237 1.506812 -4.140878 -1.256929 2.095291 1.650337 1.677972 2.762964 -3.024760 2.073948 1.918687 -0.001358 -0.831413 0.798083 -2.186381 -2.450673 -0.849804 1.302807 -0.007665 -0.911178 2.102785 0.801726 -0.289684 0.868200 -0.511292 -0.712911 0.965255 -1.195194 3.087219 0.143442
81 777.9960876486 8.0000000000 3.0000000000 1.6234623761 5.0000000000 6.2591924670 0.9895457487 4.7524880559 0.1280549702 4.2978089557 0.1179480271 22.5861427216 -1131.6435821479 24.4409917089 6.2381657565 -0.670119 2.786585 -2.799705 1.924134 -1.969274 0.515322 5.000000 1.975247 1.855403 1.012155 -3.446255 2.206910 -1.623750 0.707944 2.211739 -2.786366 -0.733873 1.922312 -2.752078 2.423153 2.305652 1.705692 -1.245555 0.868298 -0.195313 -0.133717 1.315936 -0.126277 0.796109 2.067880 3.066346 -0.770295 0.386057 2.222786 1.144530 -1.787832 -2.718119 1.463160 -3.340712 -1.014451
186 579.1683211380 8.0000000000 3.0000000000 1.3588445516 12.0000000000 6.1819668923 0.9771189980 5.2517619679 0.0375307778 4.7661683101 0.0441379680 27.5810037678 -1039.2992142273 25.4929863124 6.5221348897 0.457635 3.167265 -2.519648 2.296891 -0.300996 1.146980 -2.330600 0.008052 1.009323 0.924916 -1.915343 -0.406101 -0.686568 -1.595292 2.962367 -0.614122 0.790164 4.154184 1.402274 3.487849 2.128035 -0.675949 2.362617 -0.387964 -1.904285 -0.247889 3.607973 3.580889 -1.732557 -0.460759 2.304232 3.163149 -3.573097 1.092037 -0.267836 0.987030 3.903901 -3.530673 -3.866359 -3.573453
296 545.6200438150 8.0000000000 3.0000000000 1.2634000560 19.0000000000 6.1094439903 0.9652695345 5.5952666400 -0.0329971198 5.2322356840 -0.0126112779 31.3070087728 -1011.1442398814 26.5825010527 6.7788037782 -2.011768 2.248786 -5.000000 3.400841 0.080626 1.891444 -1.722187 -3.063566 1.402006 2.785193 -3.877313 3.945942 1.093103 -2.877657 -0.510588 -1.926024 1.239144 3.143560 -2.051957 2.951266 0.816328 0.672083 -0.484639 -1.867172 -0.372757 -0.060690 0.923298 2.775210 -2.243600 -4.687587 3.348841 4.937948 -3.123248 1.261806 -3.538579 3.792114 1.338779 -1.839117 -1.611470 -1.118470
731 524.9361250840 8.0000000000 3.0000000000 0.6336611621 48.0000000000 5.7852969774 0.9128213875 5.0432575792 -0.2359941067 4.0272180980 -0.1519008809 25.4344470105 -536.3423043941 26.3216720902 6.7220966204 -0.529396 3.045648 -2.542535 3.744291 0.287544 0.789296 1.233094 -1.452787 1.184247 3.991714 -3.893641 3.810047 1.106455 -3.534596 1.443822 -0.466342 -0.335200 2.282455 -1.386840 2.616675 2.841059 2.234898 -0.214989 -1.201288 -1.241403 -1.696164 -0.175091 4.494968 -3.661052 -3.581392 3.561681 4.131547 -2.264405 1.013214 -1.395138 2.609744 3.112732 -1.062981 -2.011542 1.119443
1005 6580.1439728851 8.0000000000 3.0000000000 0.6194973492 67.0000000000 5.5985243115 0.8819590453 7.0868157128 -0.2089649994 5.9892640873 -0.1524728216 50.2229569479 -480.7618738841 25.8301697814 6.5743949448 0.092358 3.302685 -2.556802 2.669982 0.426283 2.266797 2.188714 -0.722482 0.284557 4.622813 -1.801137 4.031231 0.760485 -2.996666 -0.615899 0.420769 -0.212528 1.843941 0.340392 3.187825 2.232356 0.448635 -0.587355 -2.583142 0.470411 -2.909060 -1.020925 2.125752 -4.510354 -3.821138 5.000000 1.069575 -3.067825 2.671607 -3.844222 1.487903 3.141707 -1.521684 -1.297616 1.597526
evaluations raw_y rep iid sigma t d_norm d_mean ps_norm ps_mean pc_norm pc_mean ps_squared loglikelihood mhl_norm mhl_mean x0 x1 x2 x3 x4 x5 x6 x7 x8 x9 x10 x11 x12 x13 x14 x15 x16 x17 x18 x19 x20 x21 x22 x23 x24 x25 x26 x27 x28 x29 x30 x31 x32 x33 x34 x35 x36 x37 x38 x39
1 765693.7169046178 9.0000000000 3.0000000000 0.6194973492 67.0000000000 5.5985243115 0.8819590453 7.0868157128 -0.2089649994 5.9892640873 -0.1524728216 50.2229569479 -480.7618738841 25.8301697814 6.5743949448 0.002217 -0.579088 -2.232133 -0.025766 -0.756723 -0.962271 -3.034662 -0.981744 -0.481361 -1.295895 1.271782 3.480235 0.593364 1.415007 3.645632 0.861538 3.085459 -1.801442 -0.274250 2.595158 1.350542 0.063916 1.836292 0.761019 1.032735 -0.710479 0.417554 0.656822 -0.996450 -4.183554 -0.165175 4.910365 -5.000000 -1.826559 -0.454629 0.538631 2.260923 2.084795 2.607621 2.778801
2 469242.4698657367 9.0000000000 3.0000000000 0.6194973492 67.0000000000 5.5985243115 0.8819590453 7.0868157128 -0.2089649994 5.9892640873 -0.1524728216 50.2229569479 -480.7618738841 25.8301697814 6.5743949448 -1.312905 -0.112515 -0.999805 0.872839 -0.751626 -1.846123 3.834500 -0.300606 -1.277460 1.649541 -2.421677 -1.006811 -1.403831 -3.948542 -5.000000 -0.115364 -1.312373 -1.323413 1.538697 -1.798010 3.387276 -3.394670 -5.000000 -0.452301 0.794858 3.319407 -0.987494 -0.752195 -0.339480 4.834213 -3.617681 0.679502 -0.045460 -1.919994 -0.766229 0.219060 -1.710326 0.000443 1.327710 1.498962
6 257012.0069473308 9.0000000000 3.0000000000 0.6194973492 67.0000000000 5.5985243115 0.8819590453 7.0868157128 -0.2089649994 5.9892640873 -0.1524728216 50.2229569479 -480.7618738841 25.8301697814 6.5743949448 -2.369883 -2.061504 -1.829770 -1.648415 -1.474661 1.715128 1.894374 2.393944 3.796168 1.049579 -0.281159 -2.582964 -0.949035 -0.012131 2.616396 -1.303120 3.205260 3.129056 -0.516128 -0.718442 0.019586 -1.579861 -2.207602 -1.127539 0.962697 -4.568104 1.386537 3.249027 2.460465 3.298210 -2.971866 -2.153784 3.169161 0.776121 2.550947 0.421941 1.239671 -2.004592 -1.065222 1.872055
16 112094.9374097366 9.0000000000 3.0000000000 1.8784624005 1.0000000000 6.3120814709 0.9980043132 2.9066904823 0.0861112212 2.4649831193 0.0730255622 8.4488495601 -1303.8113109547 27.3980970653 7.0004451029 -4.082878 -0.764410 0.241541 -0.660886 1.928037 -4.408743 4.473183 1.301945 0.561399 0.511412 1.580226 0.398265 -2.906319 -1.285628 0.406722 2.205293 2.934993 0.215186 -1.506392 -4.446475 -0.406248 -0.645875 -2.725137 -1.498019 -1.174386 -0.867469 -0.533002 3.352079 0.147074 1.205671 -2.420659 -2.734108 -0.818574 -3.660073 2.555336 -3.388401 -0.585678 -0.231385 0.522876 5.000000
19 26264.5605300121 9.0000000000 3.0000000000 1.8784624005 1.0000000000 6.3120814709 0.9980043132 2.9066904823 0.0861112212 2.4649831193 0.0730255622 8.4488495601 -1303.8113109547 27.3980970653 7.0004451029 -2.086850 -2.500327 0.574432 -1.701480 -2.630744 1.354747 0.191689 3.324173 4.980585 -0.326881 1.571265 0.500783 0.707520 0.023209 -1.436933 -2.490444 0.781518 0.515475 0.990633 -3.480220 2.585031 3.387270 2.985916 0.240247 3.138393 -1.215696 -0.271271 5.000000 -3.180907 -1.178192 -1.608202 0.337419 2.205082 1.613288 1.707783 0.135062 2.850806 -0.573169 -3.056514 4.548403
30 11762.5288374352 9.0000000000 3.0000000000 1.8784624005 1.0000000000 6.3120814709 0.9980043132 2.9066904823 0.0861112212 2.4649831193 0.0730255622 8.4488495601 -1303.8113109547 27.3980970653 7.0004451029 -3.684057 0.429965 -4.087689 -2.061881 0.723805 2.485376 0.561621 1.099930 -0.098687 -0.784612 2.890889 -3.724997 0.255686 -2.296886 -1.550004 -1.570237 2.350827 1.835123 4.936033 -2.035841 -3.145854 1.820873 1.970057 -0.762969 0.771726 -3.733111 -0.583423 2.576214 0.134011 0.489602 0.057333 1.093777 0.587810 -0.278778 -2.846854 1.584313 -0.125795 0.334663 -1.432227 -0.736708
67 1412.0937056827 9.0000000000 3.0000000000 1.7058684349 4.0000000000 6.2724397346 0.9916525130 4.5863758976 -0.0832808792 4.1038246159 -0.0652855618 21.0348438744 -1193.4801824715 25.6692803542 6.5545913142 -0.318136 1.191316 -4.145582 -4.722606 -0.505102 2.326051 -0.310290 1.998838 0.100110 -0.820863 0.573624 2.104911 0.944327 -3.884936 -4.807975 -5.000000 2.726952 -1.582111 2.567603 -4.232127 -2.759451 -0.502486 -0.495542 2.608793 -0.552737 -1.624391 -1.067327 -0.372930 -3.398989 -1.280968 -0.274238 0.886405 1.993355 1.588801 -1.142806 1.841819 0.087360 1.224770 -1.555442 -1.674852
94 534.6351677806 9.0000000000 3.0000000000 1.6689755747 6.0000000000 6.2449821841 0.9872285364 5.8979962982 -0.2789501102 5.3598353801 -0.2425796143 34.7863603341 -1160.3138783336 25.0397062764 6.3682674117 -0.830805 1.403278 -2.270476 -3.568756 -0.625014 3.209002 0.617301 3.880059 1.076842 -1.351838 3.703256 0.200387 0.587411 -3.937083 -2.512611 -2.423074 2.590670 -2.237594 2.251352 -1.160890 -1.018582 -3.586537 0.763080 2.570568 0.747060 -1.529476 -3.908066 2.114123 -1.641574 -0.899901 1.571465 -0.366930 0.308007 1.935827 -0.179745 3.390754 0.773982 0.979090 -2.931615 -3.856845
343 443.6614702248 9.0000000000 3.0000000000 1.3036364524 22.0000000000 6.0652189381 0.9581371967 5.5943541415 0.2228509924 4.9799308900 0.1766369484 31.2967982603 -991.7098098334 25.3275087069 6.4281918468 5.000000 -0.546654 0.697127 -1.054797 -0.638951 2.577096 0.460537 0.688223 2.304849 1.625710 -0.903136 4.588738 1.709764 -0.413858 -1.789483 -4.464764 -0.367596 -3.647289 -2.369192 -2.288645 -5.000000 -1.494153 1.863410 -0.765693 -4.298056 -1.583635 -2.893471 3.403877 -1.497194 2.704100 4.163972 0.528890 4.436227 -2.605099 -3.438732 2.018360 -1.749030 -0.127487 1.428309 -0.755565
1005 101170.7627563438 9.0000000000 3.0000000000 0.5818297164 67.0000000000 5.5857945784 0.8801632788 5.0573216996 0.1115111407 4.4502951667 0.0800822246 25.5765027737 -415.5801854362 24.7641819861 6.3317789941 1.878114 -0.482739 1.213977 2.301738 1.860494 -0.113681 -0.950790 1.652659 2.735807 -0.105479 1.052511 3.754508 4.028325 -1.058655 1.603729 -2.065262 -0.084249 -1.773079 -3.424742 1.572218 -3.159150 -3.437629 2.822336 -1.215556 -4.738343 -0.073634 -2.181715 3.734253 -0.545102 2.502389 4.158461 -0.988213 1.373638 3.657506 -3.717157 4.791207 -3.290012 0.843087 1.744473 0.169785
evaluations raw_y rep iid sigma t d_norm d_mean ps_norm ps_mean pc_norm pc_mean ps_squared loglikelihood mhl_norm mhl_mean x0 x1 x2 x3 x4 x5 x6 x7 x8 x9 x10 x11 x12 x13 x14 x15 x16 x17 x18 x19 x20 x21 x22 x23 x24 x25 x26 x27 x28 x29 x30 x31 x32 x33 x34 x35 x36 x37 x38 x39
1 14362590.2811749727 10.0000000000 3.0000000000 0.5818297164 67.0000000000 5.5857945784 0.8801632788 5.0573216996 0.1115111407 4.4502951667 0.0800822246 25.5765027737 -415.5801854362 24.7641819861 6.3317789941 2.663173 1.430558 -3.090801 -0.016768 1.242672 -1.440171 0.531023 0.217097 0.008583 -0.349200 0.866052 2.406075 -1.930131 2.056548 0.457260 0.890275 -2.273204 0.270274 2.969074 -2.159610 -3.955457 -3.486745 0.532140 4.769935 2.247383 3.345244 0.198298 2.795993 -0.542496 1.226408 -0.534634 -1.098618 0.265417 -0.952284 2.616946 0.390027 0.800420 -0.675265 2.512945 -1.463939
2 11476110.8786524273 10.0000000000 3.0000000000 0.5818297164 67.0000000000 5.5857945784 0.8801632788 5.0573216996 0.1115111407 4.4502951667 0.0800822246 25.5765027737 -415.5801854362 24.7641819861 6.3317789941 1.320463 -0.701744 -1.878867 -0.978674 -1.609182 -0.425395 -0.678280 0.624340 1.130305 -0.294841 -0.051811 0.578188 -1.079758 1.416320 1.684449 0.407162 4.789407 1.834918 -0.224545 -0.724361 -0.464365 -1.003458 2.257570 -1.395620 -0.162244 -1.058592 2.092366 -2.837112 -0.724998 -0.243811 0.638713 0.921806 -0.431580 1.978145 0.629508 4.935302 -3.016643 1.241201 -2.090265 -1.596018
3 3122392.8302413002 10.0000000000 3.0000000000 0.5818297164 67.0000000000 5.5857945784 0.8801632788 5.0573216996 0.1115111407 4.4502951667 0.0800822246 25.5765027737 -415.5801854362 24.7641819861 6.3317789941 3.970169 3.489628 -3.712371 -0.445547 -0.131696 -4.263424 -0.097661 0.786682 0.434530 -3.988788 2.215416 0.489088 -0.123824 -1.507786 1.423918 1.836538 -0.964186 0.179175 1.653997 -3.909024 0.234951 -3.814914 -1.845819 0.939503 -0.288734 -0.800277 -0.591968 1.696417 1.413661 -1.574538 0.585881 -0.941615 4.808651 -1.478713 -0.625658 -0.697764 -0.878052 0.282208 0.546099 -3.237141
4 2448322.2369651529 10.0000000000 3.0000000000 0.5818297164 67.0000000000 5.5857945784 0.8801632788 5.0573216996 0.1115111407 4.4502951667 0.0800822246 25.5765027737 -415.5801854362 24.7641819861 6.3317789941 -1.146227 -2.640895 2.472411 4.930650 2.766464 0.692466 2.045032 0.333621 3.313433 1.335779 -0.459893 -2.259102 -1.279925 0.627661 -2.451672 -0.443586 2.679853 0.058619 3.970771 2.894331 -0.575259 -2.718621 -0.096083 -0.961575 0.755506 3.228816 -2.246208 -0.777456 0.664700 2.269946 1.021429 0.828595 2.689099 0.987031 -0.474008 0.114570 -1.414143 1.093330 1.885001 -5.000000
5 510362.8894834220 10.0000000000 3.0000000000 0.5818297164 67.0000000000 5.5857945784 0.8801632788 5.0573216996 0.1115111407 4.4502951667 0.0800822246 25.5765027737 -415.5801854362 24.7641819861 6.3317789941 2.436298 -0.113041 0.921777 1.324748 -4.590207 -2.391859 -0.666202 -1.582782 0.548346 -1.029820 -3.422142 1.224595 2.200259 1.128705 -1.425599 -0.521719 1.096856 1.206398 2.013722 -0.588852 -2.841761 -1.357894 1.067770 1.487949 4.450099 0.234363 0.489229 -0.354598 -0.811459 1.563550 0.706955 -0.414559 -2.159395 -0.246140 -0.781964 2.510347 1.894252 -2.044621 2.334337 -1.143954
10 97681.9814341440 10.0000000000 3.0000000000 0.5818297164 67.0000000000 5.5857945784 0.8801632788 5.0573216996 0.1115111407 4.4502951667 0.0800822246 25.5765027737 -415.5801854362 24.7641819861 6.3317789941 0.378840 0.089549 1.589371 -0.986281 -2.523179 -0.438521 0.394544 -0.510561 0.051615 4.401933 1.768735 -2.773645 1.307325 -4.353217 1.237898 0.954469 0.052193 -1.939411 -1.967456 0.825065 -1.228610 1.674164 -1.247238 -0.726372 1.518943 -0.067854 -0.332801 0.539145 0.750611 -0.167830 0.452253 -0.231761 0.823205 0.575621 1.008543 1.608535 -2.061216 -2.715395 -0.533004 -0.342586
21 3893.1200275450 10.0000000000 3.0000000000 1.8660288921 1.0000000000 6.3082314817 0.9974049120 2.5488114414 -0.0337837490 2.1614881995 -0.0286498929 6.4964397638 -1236.1100851993 25.0319161424 6.3593724531 1.778367 -1.189515 -0.056338 0.210492 -1.487593 -3.039378 -1.363730 -5.000000 -0.959074 -1.443187 1.653498 0.768326 0.572879 -1.049695 1.539870 0.829884 -1.365083 1.376741 -3.229529 1.637147 -3.228874 2.112184 0.589187 1.246934 3.406799 -1.880289 -2.235660 -0.616949 -3.754061 1.324189 -1.726669 -1.074507 2.385296 0.292331 2.387831 1.884189 -4.101410 -0.596750 1.848660 3.065159
89 430.9171146399 10.0000000000 3.0000000000 1.6114863392 5.0000000000 6.2569921339 0.9892101602 4.9578429640 -0.2356929863 4.4055649831 -0.2095852843 24.5802068555 -1170.9760260378 26.2313093704 6.6695403292 3.138610 -0.815808 3.248553 -0.647086 -3.027248 3.356274 0.562441 -3.510791 -0.813653 -1.211837 1.296574 2.728493 -4.943003 -2.612682 -1.106391 -0.479459 -0.119497 -0.615698 -2.630727 -0.334922 -1.485161 0.372446 2.595370 4.505023 -0.318522 -2.114702 -0.621083 -3.947113 -1.684156 0.782553 -3.320297 -0.335528 2.576932 -1.912627 -2.466434 1.183332 -3.524108 -2.644049 3.017241 1.317132
210 388.4850189260 10.0000000000 3.0000000000 1.4203350551 13.0000000000 6.1675334715 0.9747537321 5.4881992092 -0.0990089700 5.0658981509 -0.1180502249 30.1203305600 -1078.1765087713 26.0180756287 6.6516004752 3.919549 -3.484724 3.314474 -0.205757 1.675268 0.001648 1.469312 -3.010237 1.771823 -0.367283 -1.459346 0.448665 -2.031939 -5.000000 0.403903 -2.476100 0.423739 -3.432577 -0.951301 -0.329110 0.898503 1.777758 -1.778279 0.200021 -0.150043 -2.551084 -0.265175 -2.481754 -4.915882 0.145338 -1.491190 0.695365 1.808237 -4.749739 -4.286117 -1.216623 -1.597959 2.129071 -0.247914 4.746048
624 371.7034894594 10.0000000000 3.0000000000 0.8262689670 41.0000000000 5.8486715326 0.9233083426 5.7526047451 -0.2049822586 5.0251548536 -0.1843780597 33.0924613539 -654.4011166837 24.0030534284 6.1100949596 2.610222 -0.896671 1.641284 -2.268732 1.247218 4.213107 3.237414 -3.635227 0.672984 0.616781 0.269581 -0.673606 -1.087185 -3.522629 -3.312580 -3.060330 -2.179404 -3.039697 -0.176912 -3.373126 0.942643 -2.982376 1.359216 1.000185 -2.079875 -1.675206 0.834725 -3.560258 -2.519423 0.031449 -1.179307 -0.828126 1.507907 -0.227616 -2.348146 -3.667762 -2.203160 -1.744694 0.584577 1.410987
1005 334481.8143915865 10.0000000000 3.0000000000 0.6166774864 67.0000000000 5.5856577447 0.8804242597 5.7290014853 0.1265660970 4.8022649802 0.1019365760 32.8214580188 -465.4507233991 25.3393821420 6.4164073480 2.420053 -2.031632 2.115355 -2.484595 0.368403 3.885341 3.337745 -2.670348 0.833044 -4.012395 -0.997008 -0.045264 -0.048923 -3.974821 -1.208427 -3.002173 -1.323856 -2.064050 -0.126385 -0.172591 0.912738 -4.106046 1.259292 -0.278108 -0.615571 -3.303597 0.904652 -3.031354 -4.104622 -0.596038 -4.368330 1.686504 3.865352 0.880463 -1.915852 -2.353294 -0.747528 0.501185 0.564540 1.853936
evaluations raw_y rep iid sigma t d_norm d_mean ps_norm ps_mean pc_norm pc_mean ps_squared loglikelihood mhl_norm mhl_mean x0 x1 x2 x3 x4 x5 x6 x7 x8 x9 x10 x11 x12 x13 x14 x15 x16 x17 x18 x19 x20 x21 x22 x23 x24 x25 x26 x27 x28 x29 x30 x31 x32 x33 x34 x35 x36 x37 x38 x39
1 493060.4309729309 11.0000000000 3.0000000000 0.6166774864 67.0000000000 5.5856577447 0.8804242597 5.7290014853 0.1265660970 4.8022649802 0.1019365760 32.8214580188 -465.4507233991 25.3393821420 6.4164073480 3.498909 -0.572146 -0.969130 -5.000000 -0.016569 -0.639263 -1.073259 0.630805 0.842101 -2.131206 -1.772479 -0.951467 1.379365 1.122384 -2.611097 -2.238951 1.473675 3.149268 -0.062150 -1.366893 2.191259 -0.619153 1.451504 3.098143 1.260160 0.146986 1.464543 -1.285151 -0.356186 -1.147909 -0.408751 -0.972990 -0.371551 -0.761073 0.177955 0.127343 0.592694 2.805542 -3.093725 2.591237
7 253857.2055299935 11.0000000000 3.0000000000 0.6166774864 67.0000000000 5.5856577447 0.8804242597 5.7290014853 0.1265660970 4.8022649802 0.1019365760 32.8214580188 -465.4507233991 25.3393821420 6.4164073480 2.629467 2.350499 0.121694 -0.386209 -1.893311 -1.609221 -1.602382 0.695701 -1.767332 0.157317 0.385178 -0.992469 -0.372449 2.890740 3.223963 -1.565266 -0.389227 -0.744264 -0.551533 3.070276 1.372909 2.519831 3.553759 -0.880627 -0.374415 0.080813 2.052073 -0.181996 1.291573 2.336617 2.326461 0.893358 -1.577431 -3.108204 2.243266 0.913200 -1.874952 -1.010152 -0.897601 -3.349898
15 136058.2089579319 11.0000000000 3.0000000000 0.6166774864 67.0000000000 5.5856577447 0.8804242597 5.7290014853 0.1265660970 4.8022649802 0.1019365760 32.8214580188 -465.4507233991 25.3393821420 6.4164073480 -1.286510 0.179090 4.724086 -0.552785 -0.865231 0.977900 4.321765 -1.049987 -0.493959 0.204930 1.636977 4.490898 -2.359541 -3.187206 0.454529 1.214410 -4.311652 -1.073365 2.077214 -0.891178 1.132236 0.516504 1.473109 1.041902 0.699740 2.672362 -0.938093 0.434460 2.448175 -0.926871 -0.545485 -1.306842 -1.677015 4.247955 1.145827 3.959878 1.672843 0.363870 -0.352021 0.739644
17 135306.5419777542 11.0000000000 3.0000000000 1.8692931924 1.0000000000 6.3117694073 0.9979589519 2.6429995245 0.0899081129 2.2413632452 0.0762454695 6.9854464864 -1281.4662275286 26.6937741562 6.8483939500 4.706740 0.813677 0.692586 -0.749183 -2.583679 -1.135812 -0.192296 2.041944 0.892006 0.737210 0.448609 -0.306844 -0.774645 -1.146100 2.403701 -1.588159 -0.108757 -0.293748 1.143881 -2.750508 -0.582768 1.641340 2.185325 0.546689 0.660680 2.919951 3.229226 2.330276 -0.800550 -1.193591 3.234218 1.342233 -2.455586 1.054076 -0.894568 5.000000 0.628342 1.497184 0.040968 0.705826
25 85866.5608756554 11.0000000000 3.0000000000 1.8692931924 1.0000000000 6.3117694073 0.9979589519 2.6429995245 0.0899081129 2.2413632452 0.0762454695 6.9854464864 -1281.4662275286 26.6937741562 6.8483939500 -2.546969 1.726792 2.365318 -2.048990 -5.000000 -1.005219 -0.764424 -0.841262 0.419078 0.962973 0.686014 -0.036219 -0.783268 0.989226 -0.870120 0.131776 0.466427 -1.088267 0.224036 0.951817 1.983997 -2.712942 -0.557100 0.621272 -0.068069 0.975662 0.643932 2.029236 -0.297667 1.057409 -0.255686 -0.895623 -3.887924 -0.158732 0.881331 -1.618281 -0.176972 3.513907 -2.419633 2.287375
48 2527.4654372428 11.0000000000 3.0000000000 1.7032475752 3.0000000000 6.2877442202 0.9941120650 4.0629610370 0.0870142540 3.5237771375 0.0810692676 16.5076523883 -1222.6392867620 26.7137419220 6.8586423392 2.283260 1.661431 0.010455 0.728996 -1.589624 1.146336 0.936153 -1.496234 1.611685 -2.106845 0.680620 0.390716 1.498112 2.642040 -0.469387 0.729821 -3.568504 -0.653645 -1.828919 -1.429046 -4.504204 -0.645408 0.142135 -0.513620 1.143851 3.134629 1.180500 3.607338 1.379413 -2.156068 3.565513 0.365488 1.029613 0.537758 0.899771 2.281117 -0.133888 1.460441 0.583552 1.167428
96 1971.8814443348 11.0000000000 3.0000000000 1.5404290270 6.0000000000 6.2511536023 0.9882472814 5.1304970079 -0.0561481623 4.5056214613 -0.0324346052 26.3219995481 -1129.2295321451 25.6542970518 6.5189414292 1.761158 1.970985 -0.843532 1.574635 -1.163408 1.611859 -4.440720 -0.845016 2.638344 -1.070769 1.215756 -0.179138 -1.468732 0.239612 0.534682 -0.999743 -1.340569 0.866669 -0.821460 -0.725772 1.629733 0.243908 -2.789866 -2.030650 3.204696 4.266343 -2.166331 3.992542 1.059132 -2.699200 2.277078 1.789476 0.275623 -1.783861 0.591690 3.353612 3.469983 0.131810 2.241397 -0.568356
141 1958.7795818134 11.0000000000 3.0000000000 1.4410507788 9.0000000000 6.2124682842 0.9820483740 5.2750645676 -0.0938297060 4.7272249533 -0.0657490840 27.8263061923 -1058.4215860804 24.6694451471 6.2905030174 1.539250 -2.937969 1.900399 -1.181603 -1.964038 -0.943254 -4.078233 4.062660 1.240130 -2.456775 -0.789597 0.077069 -1.506084 1.141133 1.721873 0.950734 -4.274926 0.440593 -2.735315 -2.165295 -0.474151 -1.822136 0.189954 0.347128 0.764394 4.582797 -1.830009 1.333509 3.004503 -3.522183 0.306740 3.421489 0.194686 0.385905 1.294034 1.253483 3.789175 -4.016924 0.592005 -0.442505
142 385.2405818201 11.0000000000 3.0000000000 1.4410507788 9.0000000000 6.2124682842 0.9820483740 5.2750645676 -0.0938297060 4.7272249533 -0.0657490840 27.8263061923 -1058.4215860804 24.6694451471 6.2905030174 -1.595720 -0.295437 2.540801 1.648188 -0.081518 2.928487 -3.262217 -0.912897 1.151536 -3.101386 2.858714 1.657403 -1.445953 -1.451292 3.067010 -0.109216 -4.143192 -0.694234 -3.892719 -1.683319 -1.382852 -3.918960 -4.216334 0.062477 -0.820813 3.261198 -2.847170 3.589977 0.279634 -3.406705 0.587105 2.323312 -0.417742 -0.892114 -0.181201 0.531897 3.830015 -5.000000 2.282226 -1.806588
828 366.5999094154 11.0000000000 3.0000000000 0.8400243566 55.0000000000 5.7324591604 0.9038257826 5.6997137705 0.0763614974 5.1043106650 0.1101323205 32.4867370656 -701.7023160190 26.4069799936 6.7000853000 -1.924110 1.419676 3.757633 1.268705 -1.232219 2.225947 -1.005442 2.199377 3.818099 -2.698411 -0.571784 -2.755563 -0.658064 -1.462304 -1.408488 -1.081398 -2.317656 -1.291458 0.884547 -0.551018 1.250903 -1.536906 -3.387555 1.663326 1.401698 5.000000 0.035472 2.545223 2.447765 -0.847351 2.111880 -1.575782 0.565070 3.191623 2.822917 -3.734382 3.576769 -1.894719 5.000000 -1.782274
1005 612634.5014468965 11.0000000000 3.0000000000 0.6706103896 67.0000000000 5.6056421126 0.8830760762 4.8853408256 0.0230284267 4.3054652912 0.0154054320 23.8665549825 -556.7337606759 26.8926062495 6.8956551671 -3.198504 4.343232 3.815710 1.539503 -1.519260 0.667467 -1.236739 0.643428 3.557880 -1.196261 1.064359 -4.616741 2.015171 -3.315779 -0.320959 0.862760 -1.313191 -1.013013 -0.722567 -1.008197 2.697861 -1.823265 -1.730825 2.774437 0.631428 4.241467 -0.945917 2.285524 0.847015 -1.931637 2.948207 -2.794018 -0.380065 2.830569 1.399310 -4.395449 2.800108 -2.537815 3.543401 -1.083779
evaluations raw_y rep iid sigma t d_norm d_mean ps_norm ps_mean pc_norm pc_mean ps_squared loglikelihood mhl_norm mhl_mean x0 x1 x2 x3 x4 x5 x6 x7 x8 x9 x10 x11 x12 x13 x14 x15 x16 x17 x18 x19 x20 x21 x22 x23 x24 x25 x26 x27 x28 x29 x30 x31 x32 x33 x34 x35 x36 x37 x38 x39
1 75214.4912945639 12.0000000000 3.0000000000 0.6706103896 67.0000000000 5.6056421126 0.8830760762 4.8853408256 0.0230284267 4.3054652912 0.0154054320 23.8665549825 -556.7337606759 26.8926062495 6.8956551671 0.945972 -1.362852 0.484879 -3.401471 1.506286 -3.069443 0.010254 -0.240455 -1.613964 5.000000 -1.195646 0.944914 2.191912 -2.430338 2.684713 -0.244300 2.025031 -1.827738 -2.059060 2.419593 1.003745 0.277692 1.281522 1.054665 -2.308720 -4.426667 -3.363513 -3.576189 -4.437070 -1.294862 -1.056809 -0.078418 0.429952 -0.768718 -0.507808 0.146504 -1.994408 -1.427713 0.070833 -1.355891
4 4014.6243942946 12.0000000000 3.0000000000 0.6706103896 67.0000000000 5.6056421126 0.8830760762 4.8853408256 0.0230284267 4.3054652912 0.0154054320 23.8665549825 -556.7337606759 26.8926062495 6.8956551671 3.045684 2.923765 0.075312 -0.492394 -1.328595 0.702671 -0.968063 -3.026175 -1.527061 0.498406 -3.179617 -1.959052 0.245523 3.378584 0.355500 0.064012 3.866431 -2.124189 -1.465258 1.685483 2.153480 0.915381 -5.000000 1.478093 1.335002 0.092805 1.332155 2.815897 0.102298 -1.871950 -3.678219 0.127557 -1.427936 -1.123769 -2.264938 0.548582 1.471824 0.868637 -2.240082 1.778189
44 3875.2778241654 12.0000000000 3.0000000000 1.8414516259 2.0000000000 6.3029388805 0.9965304876 4.6142221660 0.0322456524 3.9690898171 0.0264065502 21.2910461971 -1260.9989888288 26.2822108104 6.7140918329 1.830183 -2.195373 -0.222911 1.153116 -0.930487 2.263186 -2.896776 0.914764 -1.874854 1.174398 0.251917 -0.496147 0.907035 -0.747343 -0.607089 -0.726429 2.476374 -0.877581 0.614208 4.709175 -1.119191 -1.326553 -3.148142 -0.112816 1.834553 -0.006901 0.678298 5.000000 -2.688341 -1.446810 1.358289 0.934974 -3.538144 -2.068282 0.262366 2.132212 -0.545513 -1.238338 -2.860070 -2.840112
84 895.5391334481 12.0000000000 3.0000000000 1.7013368088 5.0000000000 6.2672715738 0.9908064958 5.1429533968 -0.1589461095 4.6180035630 -0.1388117256 26.4499696419 -1150.0404616880 23.9951540779 6.1462986232 2.013400 0.167822 0.174650 0.209397 0.867395 -0.013468 2.828697 -0.026979 1.706179 -1.513324 -0.067251 1.213917 2.273999 -3.111271 3.396744 0.982686 3.608208 -1.601467 -3.521585 0.813591 -1.903876 -1.603609 -3.243551 -0.885869 2.484287 2.039544 2.506975 2.583443 -1.008574 -2.059199 1.462371 -1.762671 -5.000000 -0.061944 -3.325168 1.972415 1.759380 -1.703472 3.044615 -4.324082
173 857.8783401322 12.0000000000 3.0000000000 1.5545151861 11.0000000000 6.1966389595 0.9794126830 5.8463483123 0.0015324789 5.3390102218 -0.0117346553 34.1797885892 -1094.3054493098 24.3595196386 6.2045456602 -1.254169 -1.931094 -0.117955 -2.576519 3.921048 0.569106 0.429299 -0.443517 3.388647 -1.194723 0.811367 -0.305283 2.170702 0.730518 1.816338 3.229119 4.656046 0.979148 -0.155762 1.428552 -3.790827 -1.162384 -5.000000 2.565791 1.885020 2.330192 1.581765 1.045242 -3.085422 0.370503 0.235053 0.739247 -2.668137 -1.943961 -5.000000 1.633101 1.115696 -0.395174 1.358308 -3.645691
321 754.6826026004 12.0000000000 3.0000000000 1.2837812763 21.0000000000 6.0844209389 0.9612551622 6.3084552021 0.0748681828 5.6512377367 0.0669234010 39.7966070365 -1012.2302505515 26.3891479750 6.7341432373 -2.927868 -3.223560 -0.223129 1.191956 3.753651 -1.059002 4.090425 1.716529 3.947213 -1.089920 2.390291 1.314653 3.012052 -2.484894 1.429171 3.700929 4.720112 3.766127 -2.405167 2.627742 -1.568735 -2.479093 -4.396755 2.173037 -2.022276 -2.316045 4.272014 1.066192 -2.841658 -0.750762 1.964331 -1.652049 -4.709621 1.153885 -4.336935 -0.559001 0.550431 3.550807 -1.660921 -1.169278
572 676.0015382236 12.0000000000 3.0000000000 1.1695151799 38.0000000000 5.9146448936 0.9332009856 5.2972702606 0.0664303270 5.1023487763 0.0979186816 28.0610722143 -860.9520206535 23.5437981892 5.9715786160 0.943847 -3.505702 3.396907 4.337565 5.000000 -1.366645 1.781436 2.313922 3.196117 -1.463832 4.674496 0.273983 2.142865 -1.505239 4.574965 3.195027 0.015887 2.420880 -0.093350 3.113726 -0.167621 -4.722527 -1.311520 3.519693 -4.041918 -2.542843 3.524735 -3.513685 -4.511854 0.931392 1.483096 -0.062967 -1.293576 1.461439 -1.820030 -0.587654 -0.501458 1.715109 1.649398 3.347107
881 640.7042308940 12.0000000000 3.0000000000 0.8471286869 58.0000000000 5.7029989368 0.8988147091 6.3091684794 -0.0764696144 5.5989276457 -0.0479955559 39.8056069009 -665.6377238102 24.8996987107 6.3692747387 1.873885 -4.066094 4.688422 3.842480 2.600710 -1.791711 3.662284 -2.689188 4.545170 1.947663 4.134717 -0.866878 -0.675346 0.505427 3.385718 3.805101 -1.357939 3.736714 0.080319 -1.266413 1.185153 -1.944788 -4.917006 4.817270 -3.416669 -3.565443 3.906251 -0.621090 -0.651395 1.263985 -0.360382 -1.583707 -0.405987 2.749275 -0.917644 -1.059580 -1.907640 4.519747 -1.773216 0.758073
1005 93206.8829475852 12.0000000000 3.0000000000 0.8674946367 67.0000000000 5.6204879258 0.8849600065 6.1961560023 0.1917741455 5.8327665307 0.1544206031 38.3923492048 -661.4304385198 24.5291627560 6.2623061487 5.000000 -3.300251 5.000000 2.971894 2.633206 -1.706907 4.268914 -2.618139 5.000000 4.168763 3.194819 -2.912631 -1.459952 -0.080908 3.131608 5.000000 0.720464 3.960451 -0.617657 -0.176761 0.454680 -2.437577 -4.784192 2.880332 -1.171830 -3.687332 2.987545 0.505057 -1.520030 1.125549 -0.260164 1.745558 0.829036 4.326655 -2.834213 -3.409497 -1.233847 2.696192 -1.691343 1.999126
evaluations raw_y rep iid sigma t d_norm d_mean ps_norm ps_mean pc_norm pc_mean ps_squared loglikelihood mhl_norm mhl_mean x0 x1 x2 x3 x4 x5 x6 x7 x8 x9 x10 x11 x12 x13 x14 x15 x16 x17 x18 x19 x20 x21 x22 x23 x24 x25 x26 x27 x28 x29 x30 x31 x32 x33 x34 x35 x36 x37 x38 x39
1 7191471.5474626105 13.0000000000 3.0000000000 0.8674946367 67.0000000000 5.6204879258 0.8849600065 6.1961560023 0.1917741455 5.8327665307 0.1544206031 38.3923492048 -661.4304385198 24.5291627560 6.2623061487 -1.424781 1.507533 -0.089006 0.903625 2.690203 1.064676 2.700376 1.722423 2.957371 -2.090754 -1.577978 -2.523212 1.125694 -0.486653 1.827481 0.634702 0.254607 4.300766 1.212577 -0.053543 -1.968322 2.381411 1.905661 -2.174363 -0.290423 0.475716 -3.278187 -0.556269 2.798477 -3.230216 0.981744 3.785484 -1.241959 -0.907505 0.434903 1.028658 0.794483 -3.025690 -1.528068 0.202540
2 3182965.3697763416 13.0000000000 3.0000000000 0.8674946367 67.0000000000 5.6204879258 0.8849600065 6.1961560023 0.1917741455 5.8327665307 0.1544206031 38.3923492048 -661.4304385198 24.5291627560 6.2623061487 -0.634532 2.276666 -0.644247 -0.740232 3.699225 -0.163303 -1.960549 -0.004778 -0.464852 1.421950 0.906317 -0.665352 -0.768915 -1.060655 2.700612 4.030442 -0.115065 1.129309 0.719065 -1.023930 -1.046328 -0.962743 -3.848319 -1.514906 0.906962 1.844688 -0.414699 -0.751840 1.279768 4.107386 -1.856670 -1.549320 -0.874291 1.095837 -1.708286 0.931316 -1.441999 1.124523 -0.629716 -0.859794
3 148964.1358037122 13.0000000000 3.0000000000 0.8674946367 67.0000000000 5.6204879258 0.8849600065 6.1961560023 0.1917741455 5.8327665307 0.1544206031 38.3923492048 -661.4304385198 24.5291627560 6.2623061487 1.629991 -2.370838 -1.537254 1.458331 1.531822 0.415600 -4.374231 1.443930 0.697501 -0.677237 -3.890781 1.661811 3.498484 1.002275 2.660634 -1.315035 0.369892 -1.302113 -2.241014 -0.693214 -1.822690 -1.492271 -1.541937 -0.827907 -0.583623 0.253545 -2.494672 0.634342 -3.636843 0.111384 0.161732 -4.639695 -0.682242 2.179692 0.901062 -0.988597 -1.093153 0.584053 0.308409 1.634611
5 86067.0147940675 13.0000000000 3.0000000000 0.8674946367 67.0000000000 5.6204879258 0.8849600065 6.1961560023 0.1917741455 5.8327665307 0.1544206031 38.3923492048 -661.4304385198 24.5291627560 6.2623061487 1.509410 -1.519770 -2.109314 -1.955398 1.494743 2.151363 -1.514954 -1.021652 -0.051291 -1.918080 -0.995943 1.876921 -2.446223 0.737190 2.358069 -2.152183 2.188550 0.009228 -1.070367 1.736755 0.145982 -0.480121 -1.155683 -1.683343 -1.106805 -0.483011 1.524462 -0.505035 0.583281 -0.779311 0.950375 -0.144726 2.538116 0.514498 -3.328513 -0.243493 -0.883024 1.910493 0.039942 1.725634
14 32841.1619701304 13.0000000000 3.0000000000 0.8674946367 67.0000000000 5.6204879258 0.8849600065 6.1961560023 0.1917741455 5.8327665307 0.1544206031 38.3923492048 -661.4304385198 24.5291627560 6.2623061487 -1.610625 -1.688368 -1.052137 0.338701 1.298914 0.068062 -2.109885 -0.324369 0.108368 1.361336 -1.591859 -1.305929 -1.648543 -2.584270 0.401928 -1.455411 1.472116 1.332033 -0.293185 0.156975 -1.078016 0.108413 -0.071431 2.007861 -1.187279 1.882120 1.063447 0.479163 -2.539058 -2.200774 -0.248231 0.047328 -2.680349 3.225797 0.141947 -0.422831 0.894650 -1.681074 -4.298177 -0.398964
22 1061.2061171666 13.0000000000 3.0000000000 1.8727561246 1.0000000000 6.3106822728 0.9977942483 2.7427393054 -0.1416983252 2.3259463398 -0.1201655222 7.5226188973 -1255.8855127003 25.6817010045 6.5206994019 -3.059718 -0.594647 -3.258068 -0.607411 -0.027560 2.488451 1.458741 2.389702 0.877316 1.296305 -1.953809 0.740715 1.643407 -3.356663 -0.808733 -0.437142 0.690175 0.110450 -0.747783 -0.448136 -2.496693 -4.964261 -1.995586 0.128791 -3.618822 -0.330808 1.896771 3.786160 -3.252049 -0.243053 0.700582 -2.746516 0.680581 4.084180 -0.375863 0.669985 0.728077 -1.144894 1.440709 1.590481
37 469.8929427028 13.0000000000 3.0000000000 1.7866877710 2.0000000000 6.2951402188 0.9953112705 3.7498395129 -0.1508711297 3.2366351194 -0.1323702414 14.0612963728 -1279.0726789951 27.7378440881 7.0561659178 -2.067760 2.488981 -1.928193 -2.781169 0.006742 0.607010 -1.638603 -1.698479 2.269636 -2.663699 1.549928 -0.554711 -1.221062 -5.000000 3.044200 -0.692983 1.424793 -3.570749 1.266030 1.068690 -1.173568 -0.459398 -1.357047 2.032991 -1.300983 1.432868 -0.166812 4.395772 -2.804082 0.983025 1.065859 -4.345883 -2.360297 2.750096 1.451217 2.403897 0.385008 2.755513 0.646619 -0.890859
840 445.9818474889 13.0000000000 3.0000000000 0.7456187094 55.0000000000 5.7224712830 0.9024431556 5.7587260589 0.1540656076 5.0298497904 0.1343775498 33.1629258212 -590.4838704698 24.7007352065 6.3108629693 -2.500895 2.377343 -1.451033 -1.472828 -2.997952 0.545898 -1.217109 2.979705 -0.000645 -2.620821 3.780298 -1.956988 1.007326 -4.023349 -1.352210 1.516222 1.571748 -0.209626 -2.623381 -1.292059 -1.358200 4.190861 -2.134999 -3.133342 3.509736 0.163765 2.549372 -1.370539 -2.793104 1.459390 2.125923 -3.693369 2.117521 0.394506 -1.930136 -3.743870 -2.776084 -0.222123 0.495874 -1.152183
1005 26245.1708818989 13.0000000000 3.0000000000 0.7133356302 67.0000000000 5.6110717180 0.8839107086 5.7205945011 0.3246166342 5.3828018989 0.2886211009 32.7252014461 -574.1828336541 26.1751937578 6.6869099148 -2.764543 1.969135 -2.718855 -1.849489 -1.881749 -0.307891 -1.240141 2.587353 2.166113 -2.249290 2.234944 -2.396603 2.690733 -2.945354 -2.338551 -0.129869 3.228749 -0.266604 -3.124797 -2.201204 -1.661994 3.117047 -2.085667 -1.941618 4.815864 -1.459997 4.310275 -2.855452 -2.983525 3.109862 2.005743 -1.631856 1.767884 1.792769 -2.141637 -3.650794 -2.471264 -1.008979 1.538806 -0.044358
evaluations raw_y rep iid sigma t d_norm d_mean ps_norm ps_mean pc_norm pc_mean ps_squared loglikelihood mhl_norm mhl_mean x0 x1 x2 x3 x4 x5 x6 x7 x8 x9 x10 x11 x12 x13 x14 x15 x16 x17 x18 x19 x20 x21 x22 x23 x24 x25 x26 x27 x28 x29 x30 x31 x32 x33 x34 x35 x36 x37 x38 x39
1 1852051.8110155857 14.0000000000 3.0000000000 0.7133356302 67.0000000000 5.6110717180 0.8839107086 5.7205945011 0.3246166342 5.3828018989 0.2886211009 32.7252014461 -574.1828336541 26.1751937578 6.6869099148 3.102678 0.158372 0.347953 -0.144673 -4.008659 0.289356 -3.002337 0.422219 -1.116410 2.169058 -0.372578 0.029323 -2.151139 1.284504 -0.360673 1.240601 1.621949 1.555872 -0.474979 -3.783825 -2.344244 1.672414 2.018547 2.586199 -1.098662 -1.963426 1.829346 1.746141 0.044222 -0.008287 -2.698252 -0.416436 2.653081 -1.832521 -0.940026 -0.298885 -0.650520 -3.611447 -1.000740 -1.129561
2 255159.2749237707 14.0000000000 3.0000000000 0.7133356302 67.0000000000 5.6110717180 0.8839107086 5.7205945011 0.3246166342 5.3828018989 0.2886211009 32.7252014461 -574.1828336541 26.1751937578 6.6869099148 -0.628857 -0.793354 0.011866 -1.994276 3.382195 -0.632882 2.930269 2.927203 0.257823 -2.356486 -4.333018 -3.043626 -0.585776 0.320977 -1.565702 -1.034804 5.000000 0.550408 -2.423185 1.174485 -1.963673 -4.877099 0.272235 -1.615176 0.040162 3.519721 0.105795 -1.799621 3.176899 -4.352323 -2.434431 2.708939 2.954455 -0.652441 -1.567738 0.501862 0.467144 0.151110 -1.135736 -2.784895
7 4092.8432293647 14.0000000000 3.0000000000 0.7133356302 67.0000000000 5.6110717180 0.8839107086 5.7205945011 0.3246166342 5.3828018989 0.2886211009 32.7252014461 -574.1828336541 26.1751937578 6.6869099148 0.377573 -1.371006 0.589138 -3.946942 2.376597 0.525074 1.324387 -0.540737 -4.371036 -2.215581 -0.864489 2.653104 -0.445369 1.899533 -0.078091 -1.842042 -1.060827 0.805874 1.157295 -1.911458 -0.006664 0.063183 1.302508 2.418949 -2.853445 -1.865910 -4.029437 3.477639 0.037267 -3.323695 4.134324 -0.612094 0.023908 0.403418 1.359952 -4.112547 -0.486807 1.431781 0.640398 -0.379033
11 883.5223362236 14.0000000000 3.0000000000 0.7133356302 67.0000000000 5.6110717180 0.8839107086 5.7205945011 0.3246166342 5.3828018989 0.2886211009 32.7252014461 -574.1828336541 26.1751937578 6.6869099148 1.317228 0.195578 -2.819187 -1.634307 1.206133 3.116922 1.832111 -1.351856 -2.108428 4.457221 0.729876 -0.706850 0.354926 1.113574 -0.107859 0.216552 3.067863 -1.042300 -0.803606 0.783693 0.155681 -0.294020 0.472268 -1.660578 0.136176 -1.122551 2.873434 -1.285321 -0.010460 1.905077 -1.132806 0.496849 -1.741316 -1.464890 -1.425545 -1.278312 -0.416827 -5.000000 0.038956 -0.260768
243 396.1980982657 14.0000000000 3.0000000000 1.2078661003 16.0000000000 6.1235693465 0.9676994752 5.7887221752 -0.1670147789 5.1877395661 -0.1686166086 33.5093044217 -967.1423119839 25.7851852889 6.5710135570 -4.729334 0.222127 -0.699420 -2.611860 2.977371 -0.753714 -1.654632 -2.129704 1.358075 -1.420134 -4.346348 -2.400003 -0.806391 2.480209 0.321381 -0.905189 -3.468989 -3.192322 0.171224 0.843590 0.625823 -1.854036 3.680348 0.289698 -2.874660 1.510581 1.542957 -2.120692 2.886274 2.207081 -3.265710 -0.480544 -3.885360 3.296544 0.420972 -0.909929 1.103068 -1.499326 -1.995638 -2.586107
1005 245525.4823437563 14.0000000000 3.0000000000 0.8928604167 67.0000000000 5.6083391020 0.8826490081 6.3494235500 0.0851223135 5.8034840469 0.0947776775 40.3151794177 -694.8595815792 25.5273849567 6.5115162685 -4.389072 -0.171518 3.527338 1.337175 4.010777 -4.900823 0.916759 -4.588494 -4.051727 -0.701699 -5.000000 1.897679 -1.421824 -1.317710 0.568557 -3.297174 -2.158280 -0.692413 1.722959 1.118064 2.482846 -0.033723 0.403253 -3.832109 2.114479 3.693723 -3.641238 -2.100121 -0.095620 4.485679 -1.625279 5.000000 1.521678 2.930775 -1.467883 -1.483715 2.648887 -3.536844 -4.116945 -3.064840
evaluations raw_y rep iid sigma t d_norm d_mean ps_norm ps_mean pc_norm pc_mean ps_squared loglikelihood mhl_norm mhl_mean x0 x1 x2 x3 x4 x5 x6 x7 x8 x9 x10 x11 x12 x13 x14 x15 x16 x17 x18 x19 x20 x21 x22 x23 x24 x25 x26 x27 x28 x29 x30 x31 x32 x33 x34 x35 x36 x37 x38 x39
1 2443425.1294714725 15.0000000000 3.0000000000 0.8928604167 67.0000000000 5.6083391020 0.8826490081 6.3494235500 0.0851223135 5.8034840469 0.0947776775 40.3151794177 -694.8595815792 25.5273849567 6.5115162685 -0.624657 0.678569 -0.311817 -1.003579 0.471138 -3.527211 -2.191724 -2.175531 -0.610340 -0.947497 -0.401189 0.710394 1.379035 0.821179 -1.129957 1.198781 -0.325873 3.200429 1.363254 0.029760 -0.175559 -1.964236 0.243381 -2.274875 0.698005 -3.717026 -2.334364 2.849794 2.993131 2.579864 -3.623491 -2.996614 -2.900286 -3.387814 0.454528 -0.979469 -0.001057 -0.980505 -1.586419 4.097798
5 2115758.4449998229 15.0000000000 3.0000000000 0.8928604167 67.0000000000 5.6083391020 0.8826490081 6.3494235500 0.0851223135 5.8034840469 0.0947776775 40.3151794177 -694.8595815792 25.5273849567 6.5115162685 2.046024 -0.064441 -3.188604 -5.000000 -1.355721 -1.656542 -1.578284 4.347262 0.233827 1.738420 -1.903945 1.311677 -1.108050 -3.143231 -0.649880 -0.108623 -2.171203 2.859885 0.101367 -3.093037 -4.909517 1.522695 1.582311 1.277504 -1.845371 -1.803924 1.174751 -0.822804 0.010137 1.360148 2.245806 -1.534834 -0.302611 0.537636 -1.211318 1.963152 -2.074587 0.947485 -0.838452 2.581028
6 951675.8328236706 15.0000000000 3.0000000000 0.8928604167 67.0000000000 5.6083391020 0.8826490081 6.3494235500 0.0851223135 5.8034840469 0.0947776775 40.3151794177 -694.8595815792 25.5273849567 6.5115162685 0.290384 -1.246103 -0.538511 -2.490270 1.454777 -0.276972 -0.414344 0.941889 1.114105 -0.749541 -2.255765 2.342248 0.904497 0.348233 1.761863 -0.482853 3.208832 -0.322770 -0.409565 0.368063 -0.606846 -0.222886 0.354016 -1.302868 0.957818 0.191370 3.962355 -0.539745 -1.431081 -1.693735 0.903609 0.656999 -1.793227 1.766530 -3.155861 -1.788855 -0.860748 -0.056890 -1.694859 2.814656
8 512106.1535590757 15.0000000000 3.0000000000 0.8928604167 67.0000000000 5.6083391020 0.8826490081 6.3494235500 0.0851223135 5.8034840469 0.0947776775 40.3151794177 -694.8595815792 25.5273849567 6.5115162685 0.091125 1.512066 -0.483917 4.547975 -0.370412 -3.365983 1.478455 1.596539 1.709471 -1.626049 -1.253299 -0.399762 1.607474 -0.518608 2.399286 1.375505 1.011316 -1.885777 -4.105413 -0.008572 2.499927 1.519524 -2.071664 1.221230 -0.169743 0.790780 -2.685874 -2.277604 -0.707151 2.112804 -0.953887 -0.031113 2.439198 -1.222579 -1.172381 -1.531260 2.216582 -1.171491 -2.936436 -1.478343
12 45856.0112029767 15.0000000000 3.0000000000 0.8928604167 67.0000000000 5.6083391020 0.8826490081 6.3494235500 0.0851223135 5.8034840469 0.0947776775 40.3151794177 -694.8595815792 25.5273849567 6.5115162685 -0.854667 -0.678403 -0.041221 -0.595486 -1.691802 0.057348 -1.029766 -0.193198 -1.730454 2.699831 2.414204 2.311659 -2.243056 0.383239 -0.753085 0.013268 0.952650 1.619648 -1.773315 2.451549 2.560123 2.347332 -1.364301 0.405795 0.001326 -1.520205 -1.721485 -0.145301 -2.128895 -2.853926 -0.574206 -0.181115 1.717553 3.208782 -2.597197 0.486435 1.208428 -2.084840 -0.857500 0.092988
13 38441.4953373993 15.0000000000 3.0000000000 0.8928604167 67.0000000000 5.6083391020 0.8826490081 6.3494235500 0.0851223135 5.8034840469 0.0947776775 40.3151794177 -694.8595815792 25.5273849567 6.5115162685 -0.596852 1.415228 3.303980 3.884535 -0.376204 -0.831919 1.950812 -0.490863 -0.172935 1.490924 -1.802271 2.988292 -0.721373 0.662469 -1.276850 0.575210 -1.727368 -3.682288 -1.328213 0.914388 -3.200114 1.045753 3.350811 -0.626322 1.549531 -0.629016 1.914116 -0.471756 -4.451192 -1.045179 2.485694 -0.328709 -1.567154 0.536406 -2.954300 3.389447 -2.023575 1.022274 0.569659 -0.743459
17 2863.1489039509 15.0000000000 3.0000000000 1.8800427798 1.0000000000 6.3094930892 0.9976007366 2.9520094479 -0.0021800823 2.5034153107 -0.0018487920 8.7143597802 -1312.6058931253 27.7407904143 7.0270309191 -3.040630 1.549695 0.716248 -0.759377 -3.728871 0.726352 -0.410567 -0.396862 2.623534 2.962573 -2.426412 4.627116 -1.757470 0.688997 0.654272 1.454394 0.288989 -0.938204 -2.365051 -0.658006 -2.697706 3.315745 -1.754049 -0.386078 -0.902114 -0.849862 0.959763 -1.483976 -3.126853 -1.177915 -0.394236 0.227547 1.261197 2.117882 -3.971094 0.294643 1.339742 2.427481 3.520895 -1.261614
32 343.2225913601 15.0000000000 3.0000000000 1.8030094924 2.0000000000 6.2959487743 0.9954380525 4.0306244914 0.0274200865 3.4904789082 0.0228592273 16.2459337905 -1242.4966724012 26.1486605378 6.6834191374 -1.883899 0.431228 3.346600 2.163371 -4.263810 0.205872 -0.571615 3.098453 0.088870 2.337092 -3.412779 0.163311 0.710101 0.630552 -0.444465 2.415878 2.348553 -3.129778 -4.424971 -0.919076 -2.954858 1.681860 0.532557 0.303428 2.426879 1.275916 2.467224 -1.270570 -0.623887 3.741829 4.321988 -1.096048 2.477885 0.547303 -1.243049 0.235625 2.326985 0.711318 -3.019596 -0.566867
1005 1115250.4074034519 15.0000000000 3.0000000000 0.8919299635 67.0000000000 5.6300589267 0.8865828873 4.8992281392 0.2096244016 4.2579495013 0.1675530612 24.0024363604 -679.3444342031 24.7347248986 6.3354035572 -0.215008 -2.638993 -4.886385 1.479005 3.904819 0.547603 -4.080275 4.112962 -2.506451 -3.552554 -1.514690 4.201511 -0.559535 3.670045 -3.458706 2.750565 4.361491 -0.771770 -4.285524 -2.216997 1.291201 3.457466 -0.213097 1.749376 1.796547 -3.994214 0.361570 2.357063 -5.000000 -0.519027 -2.824878 1.805105 2.270230 3.849386 -1.417000 3.750904 -1.752971 -0.434732 -3.438565 0.797088
evaluations raw_y rep iid sigma t d_norm d_mean ps_norm ps_mean pc_norm pc_mean ps_squared loglikelihood mhl_norm mhl_mean x0 x1 x2 x3 x4 x5 x6 x7 x8 x9 x10 x11 x12 x13 x14 x15 x16 x17 x18 x19 x20 x21 x22 x23 x24 x25 x26 x27 x28 x29 x30 x31 x32 x33 x34 x35 x36 x37 x38 x39
1 5958154.9944826560 16.0000000000 3.0000000000 0.8919299635 67.0000000000 5.6300589267 0.8865828873 4.8992281392 0.2096244016 4.2579495013 0.1675530612 24.0024363604 -679.3444342031 24.7347248986 6.3354035572 0.255897 -3.056947 -1.188936 0.132661 -2.470990 -1.242737 -1.777896 0.997820 -1.573794 0.237487 -1.513726 0.986734 -1.678809 -2.030044 -0.685039 3.768928 -0.541826 -2.903439 -2.160318 5.000000 -0.440446 -0.178801 0.552683 3.224522 1.431930 1.317265 0.421482 -1.128887 0.280372 -0.676896 -2.809655 -4.973284 2.547087 2.159496 1.296805 1.112840 0.467075 -2.157691 -2.363922 -1.406480
2 884203.7642526908 16.0000000000 3.0000000000 0.8919299635 67.0000000000 5.6300589267 0.8865828873 4.8992281392 0.2096244016 4.2579495013 0.1675530612 24.0024363604 -679.3444342031 24.7347248986 6.3354035572 -1.277032 -1.684140 -2.676349 1.159413 1.072829 3.086069 3.348664 -1.278580 1.097330 -0.166243 0.618127 4.020870 3.349421 1.006387 2.054518 1.270389 -0.343567 -0.442144 -1.458929 3.042315 -1.882076 -0.873356 -0.402930 -1.735154 3.106977 1.070189 -4.507749 -2.011533 1.743754 -1.067730 0.329807 0.507891 0.327217 -1.332258 -0.061314 0.204309 -1.674566 0.684482 0.213746 0.652277
3 9633.1812727384 16.0000000000 3.0000000000 0.8919299635 67.0000000000 5.6300589267 0.8865828873 4.8992281392 0.2096244016 4.2579495013 0.1675530612 24.0024363604 -679.3444342031 24.7347248986 6.3354035572 1.442551 -0.209734 -2.063124 1.827044 1.018541 -2.096844 -2.146696 0.803199 1.300040 -3.218136 -0.652171 -1.098613 -0.407079 1.096462 3.611066 -1.642602 3.187427 2.203320 4.568750 0.239071 0.692346 2.137668 0.916449 3.649586 1.031948 2.225693 1.211335 -1.340746 1.884942 -0.835912 0.254897 -0.085747 1.240700 -2.479343 2.617236 1.821041 0.342891 -1.771437 -2.091865 -0.490074
21 4730.1169296622 16.0000000000 3.0000000000 1.8825871953 1.0000000000 6.3097778198 0.9976463289 3.0248931450 0.0331358754 2.5652234338 0.0281004716 9.1499785385 -1245.8435585797 25.1763221305 6.4053976915 1.249125 -0.838983 0.390094 -2.758043 2.463202 -3.845640 2.570429 -0.584153 1.475939 -0.205668 -2.010196 1.371445 -1.204881 -1.650502 -2.105747 -2.482689 0.232197 1.542192 4.871998 0.896402 0.309147 1.178857 0.228228 -2.346901 2.216879 -0.911390 0.224902 -1.645292 3.907516 0.920867 -5.000000 -1.567277 -4.367929 0.567567 1.446605 2.665676 -1.624582 1.496599 1.342317 -0.862211
23 4215.5480644521 16.0000000000 3.0000000000 1.8825871953 1.0000000000 6.3097778198 0.9976463289 3.0248931450 0.0331358754 2.5652234338 0.0281004716 9.1499785385 -1245.8435585797 25.1763221305 6.4053976915 -2.135052 -2.803050 -5.000000 -0.142262 -2.466219 -0.783995 -1.050279 1.734749 -0.196164 -2.534265 -1.537220 -1.262005 -2.514141 2.985218 3.201663 -0.110758 -2.613688 0.690819 1.448745 2.110875 3.809003 -0.916724 3.326933 1.549853 0.868678 -2.367310 -1.990720 0.741457 0.363756 -2.358394 -3.357304 1.446164 0.191450 -0.068659 2.123802 0.806675 2.106966 0.336346 -0.582659 -1.113275
81 419.8895695842 16.0000000000 3.0000000000 1.5800057963 5.0000000000 6.2597298132 0.9896291578 3.6728880430 0.0381187179 3.3103079683 0.0356264008 13.4901065764 -1152.2197519654 25.9072332182 6.6464674838 -3.018679 0.694284 0.090926 -0.274242 1.138612 0.335614 -1.339589 1.444594 0.577552 1.905927 2.804336 -0.178311 1.238404 1.201785 2.903942 -0.845461 -2.063218 1.653973 2.997401 2.850995 2.159059 1.850393 1.951291 -1.573907 0.532880 -1.142525 -1.012421 -3.837315 1.424941 -0.007815 -0.283648 0.958012 -3.749985 1.264896 3.491852 -0.145672 3.109061 0.166076 3.011218 0.962137
1005 29765.4501196827 16.0000000000 3.0000000000 0.8758728456 67.0000000000 5.6182835267 0.8844035217 5.3676320641 -0.1790689829 4.9380074828 -0.1411758878 28.8114739761 -688.0695433398 25.6970951512 6.5689253601 -4.218913 -3.001460 3.666358 -3.156148 -3.852387 0.657971 -2.338042 2.686032 -1.906248 -1.149352 4.514298 2.080737 1.012888 0.647735 -3.124649 -1.254388 -3.816858 -0.612584 2.053849 1.802197 1.011396 3.304686 -0.372208 -0.190811 -0.331509 3.825685 -0.288130 -2.836186 0.527430 1.198022 3.267168 -1.623642 -1.214175 -1.430929 1.067190 -2.451900 -2.285746 3.380854 -1.783957 4.430377
evaluations raw_y rep iid sigma t d_norm d_mean ps_norm ps_mean pc_norm pc_mean ps_squared loglikelihood mhl_norm mhl_mean x0 x1 x2 x3 x4 x5 x6 x7 x8 x9 x10 x11 x12 x13 x14 x15 x16 x17 x18 x19 x20 x21 x22 x23 x24 x25 x26 x27 x28 x29 x30 x31 x32 x33 x34 x35 x36 x37 x38 x39
1 7132077.7417366086 17.0000000000 3.0000000000 0.8758728456 67.0000000000 5.6182835267 0.8844035217 5.3676320641 -0.1790689829 4.9380074828 -0.1411758878 28.8114739761 -688.0695433398 25.6970951512 6.5689253601 0.552532 -3.709256 1.247802 2.290623 2.074381 3.773278 -0.223397 -0.724203 0.297350 -0.875566 4.342514 2.304621 -3.637625 -0.276099 1.079679 -3.550565 2.629753 -0.946896 -2.184460 -0.500055 -1.964589 2.062538 0.982668 -0.893293 -1.612720 0.262536 -2.425120 0.319982 -1.510446 0.699792 1.955084 -0.277170 0.207713 0.601182 1.936411 1.739248 1.135566 0.930565 -2.330746 -4.071990
2 273414.7963818893 17.0000000000 3.0000000000 0.8758728456 67.0000000000 5.6182835267 0.8844035217 5.3676320641 -0.1790689829 4.9380074828 -0.1411758878 28.8114739761 -688.0695433398 25.6970951512 6.5689253601 -2.310827 5.000000 0.253454 -1.388358 1.115349 0.198293 1.275852 1.406221 -1.832186 -1.572028 2.238364 -1.966792 0.489040 -1.162819 0.859128 1.596804 -1.220140 2.370808 -1.421668 -1.562258 -0.460746 0.240390 -1.576940 -5.000000 -1.591162 0.569164 1.045075 0.167109 5.000000 1.222016 -1.671888 -0.007392 0.786189 1.368990 1.550403 1.112006 -1.081960 3.048834 2.416770 0.102555
6 25421.6270977043 17.0000000000 3.0000000000 0.8758728456 67.0000000000 5.6182835267 0.8844035217 5.3676320641 -0.1790689829 4.9380074828 -0.1411758878 28.8114739761 -688.0695433398 25.6970951512 6.5689253601 3.209920 2.197724 -3.206350 -1.642125 1.117771 3.637752 -3.061925 0.174978 2.675903 2.260785 -2.883595 -1.373610 0.932265 -1.103611 1.245022 -0.054292 2.484800 -3.307779 -0.676820 2.811223 -2.255537 1.293502 -1.422324 -0.960372 2.615991 1.912938 2.049808 -2.590322 0.674659 0.531396 1.992861 2.513553 -4.432248 -0.657419 0.243036 1.011515 -1.044670 -1.183547 0.016585 0.803359
51 4148.9863526797 17.0000000000 3.0000000000 1.7144437236 3.0000000000 6.2852464601 0.9937168317 3.8197768202 -0.0049168219 3.3395924566 0.0006817466 14.5906949558 -1233.5194524585 26.9857099714 6.8956781253 2.926519 2.906098 -1.152385 0.858713 0.969244 -0.912685 -0.622275 1.849617 1.823936 0.166612 -1.458378 -1.193780 -3.963563 -0.594057 5.000000 0.107174 5.000000 -3.037098 1.886077 0.338383 -3.172112 -1.540963 -0.878986 -5.000000 3.071665 0.383171 0.929781 -0.434461 3.712828 -1.626517 -0.562543 2.675565 -1.201465 2.377755 0.340485 -0.092129 -0.181401 -0.285812 0.855333 1.996835
114 505.2878837752 17.0000000000 3.0000000000 1.5678691893 7.0000000000 6.2375070618 0.9860581859 5.0653628302 -0.0023778554 4.6212693295 0.0062502225 25.6579006015 -1103.4405843191 24.2153201221 6.2003354146 3.431736 -0.674114 0.030045 1.628242 -2.264830 -4.971191 -0.906171 -0.173404 -1.125752 0.819224 -0.471821 -4.083491 2.060651 -1.488353 3.249765 -1.197869 2.588533 0.603737 -2.643492 1.757843 -0.797332 0.150923 1.086585 -4.494367 3.828866 4.552558 2.213966 -2.150919 5.000000 0.439079 -2.519976 1.911796 0.966989 4.466786 0.994719 3.682749 -1.376399 1.035298 4.356968 1.552358
493 393.3999102243 17.0000000000 3.0000000000 0.9863062200 32.0000000000 5.9572538524 0.9407215023 4.7703408593 0.1964437205 4.1475561099 0.1698602518 22.7561519138 -768.9545121438 23.6694786049 6.0317930266 0.651101 -0.827361 -2.698448 -2.152842 -0.250637 -0.515630 1.080891 -1.184652 0.365181 0.928463 -1.295761 -5.000000 -0.946517 1.656762 3.148455 3.060077 1.466711 -0.417773 -0.188264 -2.063579 0.289802 -3.429317 -0.804266 -1.252022 3.875618 0.617712 1.125328 -2.439277 1.740228 -3.338999 -0.281736 -0.357398 2.408417 2.051406 3.601851 -2.516601 3.658859 2.185814 3.216550 -1.164997
523 390.9872477913 17.0000000000 3.0000000000 0.9302054852 34.0000000000 5.9321091925 0.9366803532 4.4874072386 0.0732688934 3.9689447866 0.0800231491 20.1368237251 -839.3340203694 28.1407334013 7.1769209086 1.317489 0.505881 -1.955832 -1.723262 1.846316 -2.060042 2.600801 -1.372225 1.431002 0.277904 0.357122 -3.003839 1.334725 2.228278 0.931745 2.188005 0.541990 -0.581082 -2.631395 -0.951583 0.008340 -4.281457 -1.665875 -1.377470 2.367456 2.617142 1.564592 -1.499755 3.056306 -1.531548 0.765493 -0.663863 2.181029 5.000000 3.388520 -1.417092 3.125272 2.410291 3.140162 0.598195
600 381.6585986682 17.0000000000 3.0000000000 0.8795462294 39.0000000000 5.8839373277 0.9288034794 5.1607832783 0.1431030884 4.7432141773 0.1468524846 26.6336840457 -714.5084645035 24.7856674651 6.3225660255 0.245347 -1.298963 -1.747983 -0.061880 2.254311 -1.972502 3.416006 -1.182952 -0.561166 0.237328 -0.179701 -2.376009 -1.115914 1.088815 0.770762 2.487805 2.518305 -0.647780 -0.410842 -1.285179 -0.195625 -2.496691 -0.343030 -1.861007 3.858003 -0.085529 1.759252 -0.527167 4.235485 -4.916498 -0.563003 0.505683 4.235405 4.500203 5.000000 -0.719146 3.325265 0.484817 1.262867 1.279482
1005 335507.1212343113 17.0000000000 3.0000000000 0.6788961696 67.0000000000 5.6025748815 0.8825348758 6.8469606206 0.2516208638 6.2635356864 0.2496694045 46.8808697401 -497.6334865646 24.0744976334 6.1770768352 -2.706365 -1.114426 -4.578984 0.600823 -1.200385 -3.033741 2.019783 -4.120498 3.194112 3.469245 1.156624 1.430249 0.737167 2.898655 4.094360 3.047947 2.545416 1.549781 0.900348 -0.951836 1.157669 -1.464660 -0.431801 0.274170 2.892403 0.846693 2.331463 -4.565577 3.909053 -3.679234 -0.251449 1.467034 3.869220 2.282665 4.083433 1.313936 4.584564 2.407361 4.452424 0.244666
evaluations raw_y rep iid sigma t d_norm d_mean ps_norm ps_mean pc_norm pc_mean ps_squared loglikelihood mhl_norm mhl_mean x0 x1 x2 x3 x4 x5 x6 x7 x8 x9 x10 x11 x12 x13 x14 x15 x16 x17 x18 x19 x20 x21 x22 x23 x24 x25 x26 x27 x28 x29 x30 x31 x32 x33 x34 x35 x36 x37 x38 x39
1 3582938.4686983069 18.0000000000 3.0000000000 0.6788961696 67.0000000000 5.6025748815 0.8825348758 6.8469606206 0.2516208638 6.2635356864 0.2496694045 46.8808697401 -497.6334865646 24.0744976334 6.1770768352 0.158857 4.380405 -0.269784 0.321036 0.885396 1.246783 2.017807 0.788498 -0.672773 -1.291813 1.610915 0.832886 1.149239 -2.203343 -1.989514 2.691039 1.163736 1.074477 4.134094 -0.580648 1.202730 -1.129054 -2.335903 -2.044004 1.767039 -1.067489 -2.700864 0.460188 1.789710 2.741520 4.927403 2.255803 -1.638428 0.134928 2.154433 -1.107090 1.355235 2.082987 -3.502844 0.237339
2 2412001.0179674355 18.0000000000 3.0000000000 0.6788961696 67.0000000000 5.6025748815 0.8825348758 6.8469606206 0.2516208638 6.2635356864 0.2496694045 46.8808697401 -497.6334865646 24.0744976334 6.1770768352 2.277402 1.354170 0.612270 -0.030544 4.135977 -0.090536 -3.206250 -0.935504 0.297315 0.705742 -0.501302 0.172256 -0.340330 1.701336 -2.237533 -0.147728 -2.826398 -2.239788 0.744920 -0.886148 1.940151 0.114399 1.068929 2.432949 -1.111856 -4.582294 -3.010252 -2.485479 -0.922775 -2.466883 0.968889 1.176252 -1.083262 1.065766 0.948540 4.128864 4.340174 -0.705943 5.000000 -1.807078
3 2197051.8322961237 18.0000000000 3.0000000000 0.6788961696 67.0000000000 5.6025748815 0.8825348758 6.8469606206 0.2516208638 6.2635356864 0.2496694045 46.8808697401 -497.6334865646 24.0744976334 6.1770768352 -0.174362 1.644271 2.495598 3.301620 1.700529 -1.598621 -3.629665 0.715032 5.000000 -0.919494 0.630584 -1.754030 2.037075 -4.383478 3.329803 -0.372067 2.385558 4.724396 -3.123623 -1.119754 -2.409913 1.493696 2.317411 1.418015 2.406870 0.207203 -1.770732 -0.875081 0.719683 0.534531 -0.005894 2.677875 -3.713073 -1.457597 0.989475 0.064753 2.110180 -1.080551 0.684843 -1.378653
5 1094577.2068443813 18.0000000000 3.0000000000 0.6788961696 67.0000000000 5.6025748815 0.8825348758 6.8469606206 0.2516208638 6.2635356864 0.2496694045 46.8808697401 -497.6334865646 24.0744976334 6.1770768352 0.458894 0.255044 1.169474 -2.540526 -1.469287 3.328159 -0.047687 -1.258820 -0.111461 -0.315369 -0.458703 0.244351 -1.993578 -1.187680 0.391943 -3.733941 -0.578322 -0.065602 -3.355772 2.484676 0.266535 3.563969 -1.512968 0.285648 -0.067488 2.994481 3.431006 0.626419 -1.287168 0.522236 2.266876 1.500993 -1.705709 1.277911 1.149158 0.496943 0.466138 2.412958 -2.264591 -2.384350
7 760.0443525733 18.0000000000 3.0000000000 0.6788961696 67.0000000000 5.6025748815 0.8825348758 6.8469606206 0.2516208638 6.2635356864 0.2496694045 46.8808697401 -497.6334865646 24.0744976334 6.1770768352 2.878756 -1.762203 2.615818 0.340366 2.425353 -2.091294 -3.743706 -0.851685 -1.065276 0.659589 0.632458 -2.739329 1.888339 0.776091 -0.847765 0.062577 -1.646793 2.130542 2.808900 0.098217 1.580845 -0.115711 -0.972182 -1.055767 -2.591232 -1.561735 3.399076 3.034500 0.335030 -0.712388 0.505075 0.069852 -4.034984 -4.016450 2.374792 -0.242760 -2.992480 1.025529 -3.897295 -3.953031
9 728.3576150200 18.0000000000 3.0000000000 0.6788961696 67.0000000000 5.6025748815 0.8825348758 6.8469606206 0.2516208638 6.2635356864 0.2496694045 46.8808697401 -497.6334865646 24.0744976334 6.1770768352 -1.101999 0.034039 2.478488 -0.045228 -0.357461 -0.252806 1.977281 -1.116527 -2.768999 -2.523433 1.078555 2.454126 -3.429098 -0.667773 1.498514 2.271459 -5.000000 -0.674698 1.299123 -3.762915 5.000000 -1.929898 2.413297 0.563033 1.403225 4.838130 -0.501393 0.498251 1.181354 1.145022 1.318216 2.280896 -0.172143 -0.637262 -3.721856 3.264161 1.189667 -2.606414 3.718333 3.107814
162 493.4535824747 18.0000000000 3.0000000000 1.4808017658 10.0000000000 6.2075809480 0.9812115132 5.2401813680 -0.1589825770 4.7968474658 -0.1702384726 27.4595007698 -1065.1980115257 24.2922260558 6.1999136216 2.913972 -2.031523 2.712697 -1.338443 0.219259 -3.335583 -0.748044 -4.813795 -3.506691 -0.858097 1.951679 1.590417 -0.506017 -1.003905 0.271777 -0.328366 -3.300632 -2.442179 0.718071 -0.868645 -2.716007 -2.805928 -0.006977 1.189306 -1.538802 -3.188624 4.206402 1.801698 -4.191468 -1.163999 -0.456959 2.089265 -0.915137 -3.193773 -1.210164 3.878497 -4.621831 -1.264835 3.601376 0.526956
448 435.4539016607 18.0000000000 3.0000000000 1.0880497344 29.0000000000 6.0014485319 0.9478954607 4.6578324991 0.1210589889 4.0056130027 0.0826548795 21.6954035895 -869.5859676076 25.2492734648 6.4201255452 4.675004 -2.643776 0.372784 -3.010134 -2.452263 -1.172872 -0.790447 -4.469666 -0.269728 -5.000000 -0.364950 2.946411 2.725781 -0.398055 4.365423 3.571885 -3.780724 -4.133470 4.130546 0.763761 -0.523166 -1.958389 2.581721 -3.239055 0.519673 -1.644117 4.597262 -1.643424 -0.670120 -2.695545 -3.715379 1.700112 -3.576879 -3.983880 -1.723560 -1.368778 0.102862 -3.902904 2.190449 -1.182451
992 416.3425560563 18.0000000000 3.0000000000 0.7113732490 66.0000000000 5.6284012356 0.8866442830 5.2770408225 0.0065339416 4.5082219197 0.0156880902 27.8471598427 -581.4029137004 26.3642341462 6.7104481431 0.138753 3.498952 2.555278 -2.655793 -3.920949 3.782856 -1.065867 -4.482256 1.584097 -2.755414 3.181638 3.386995 4.056893 -1.656653 4.906411 2.975623 -3.951195 -0.292079 2.651101 -2.254843 -1.998713 0.733807 3.512790 -4.110935 -0.749883 -3.989302 -0.547329 -2.869067 1.259264 -3.662838 -3.997124 -0.089684 -4.562691 -2.942886 -2.050388 -1.306243 0.300377 -4.150668 4.196699 2.499260
1005 14215.0149392958 18.0000000000 3.0000000000 0.6908771887 67.0000000000 5.6179520419 0.8849560296 4.7097472577 0.0025626640 4.0246134505 0.0120671513 22.1817192317 -528.9714075697 24.8176363051 6.3421316109 1.101148 3.233105 2.028432 -1.907708 -4.080340 4.536793 -1.354497 -4.842344 0.211898 -4.745591 3.673570 3.932711 2.612171 -0.805024 4.039123 2.417913 -3.276422 1.351696 2.661949 -2.177301 -2.060764 0.644655 2.833613 -3.316522 -1.287463 -5.000000 -0.058049 -3.330515 3.452074 -2.626069 -3.965422 -0.260163 -4.383976 -3.435092 -2.741972 -1.225331 1.269800 -1.787036 4.086637 2.050783
evaluations raw_y rep iid sigma t d_norm d_mean ps_norm ps_mean pc_norm pc_mean ps_squared loglikelihood mhl_norm mhl_mean x0 x1 x2 x3 x4 x5 x6 x7 x8 x9 x10 x11 x12 x13 x14 x15 x16 x17 x18 x19 x20 x21 x22 x23 x24 x25 x26 x27 x28 x29 x30 x31 x32 x33 x34 x35 x36 x37 x38 x39
1 1515516.5749475646 19.0000000000 3.0000000000 0.6908771887 67.0000000000 5.6179520419 0.8849560296 4.7097472577 0.0025626640 4.0246134505 0.0120671513 22.1817192317 -528.9714075697 24.8176363051 6.3421316109 0.442007 -0.680930 -1.155497 -0.808063 -1.206579 -0.487705 2.070687 1.161507 0.504827 -2.925092 -3.096683 0.530545 -0.001792 -2.031985 0.223979 -2.383904 3.111088 -1.866600 1.053068 -0.299929 1.045571 2.684310 3.117043 2.511988 1.817207 -1.681803 2.011170 -2.047608 0.363548 -0.833362 3.956817 3.834889 -2.062014 -0.966624 -1.290160 0.120696 1.095861 1.690297 -2.414363 0.749681
13 1232323.5496534677 19.0000000000 3.0000000000 0.6908771887 67.0000000000 5.6179520419 0.8849560296 4.7097472577 0.0025626640 4.0246134505 0.0120671513 22.1817192317 -528.9714075697 24.8176363051 6.3421316109 1.597882 -2.850991 -1.095583 1.423271 -1.359147 4.176986 -3.859698 -0.498081 1.042759 -3.599658 1.976444 -0.368492 1.826986 -1.629593 -0.699634 -2.694445 -0.488552 5.000000 3.253790 1.493081 -1.751097 2.112116 0.744536 -4.372158 2.381095 -1.114946 -2.041455 1.033937 0.705888 3.092725 -2.845735 -0.853034 -3.291823 -2.034819 -0.122434 1.389342 4.355863 -0.342936 0.710334 2.597967
15 492314.6308496862 19.0000000000 3.0000000000 0.6908771887 67.0000000000 5.6179520419 0.8849560296 4.7097472577 0.0025626640 4.0246134505 0.0120671513 22.1817192317 -528.9714075697 24.8176363051 6.3421316109 -0.962111 -1.698113 -2.825385 0.541272 -0.767686 -0.255238 -2.450951 1.252688 3.126438 1.532353 -1.357330 -0.420484 3.709734 -0.860682 1.226999 -3.119060 -0.025211 -3.617199 1.428189 -2.966460 0.704813 -1.789608 0.482919 1.858708 -1.426271 -0.035876 1.204539 -0.126270 -1.096183 0.653644 2.411152 1.355184 2.136844 1.689597 2.637216 -2.457468 0.742800 -0.786150 1.544895 -1.718751
17 7986.4408544721 19.0000000000 3.0000000000 1.8727578495 1.0000000000 6.3117851451 0.9979608352 2.7427889411 0.0155691656 2.3259884328 0.0132032394 7.5228911756 -1263.6554128992 25.9742256075 6.6519725689 1.088814 -4.472414 -1.585822 0.827758 -0.949524 0.653332 1.417266 0.534086 1.211850 -2.084338 0.933329 -2.949091 3.038385 2.382044 -0.838977 -3.887970 -1.727471 0.749851 0.485526 1.533057 1.631345 -1.302074 1.236563 -0.075156 1.217807 -3.028449 0.751990 -1.050668 0.521024 -1.484954 -1.450595 -2.142951 -0.965575 0.640522 2.456784 -2.250540 1.084410 4.686002 -1.496427 -0.313133
123 973.4694343401 19.0000000000 3.0000000000 1.6201710864 8.0000000000 6.2255271661 0.9840588510 5.6729621981 -0.1936040845 5.2950379720 -0.1572395354 32.1825001016 -1138.7370009014 24.9735990841 6.4107240415 -1.905157 -0.517809 -5.000000 0.945154 -0.910175 -1.825561 -1.298246 1.463955 -3.135568 -0.907717 -2.194922 -1.398057 4.251054 -3.442087 1.874994 -5.000000 1.255703 3.518406 2.127283 -0.704513 1.267435 3.531737 -4.046523 2.627186 -1.020677 2.286295 2.329728 -5.000000 0.926014 -0.909884 -1.797241 2.944571 -2.652015 2.345469 -2.002981 -0.567649 5.000000 0.560439 3.226830 2.950527
124 946.9360216004 19.0000000000 3.0000000000 1.6201710864 8.0000000000 6.2255271661 0.9840588510 5.6729621981 -0.1936040845 5.2950379720 -0.1572395354 32.1825001016 -1138.7370009014 24.9735990841 6.4107240415 0.399810 -2.158277 -3.220755 -1.679653 -1.221219 -2.587291 -4.331583 0.910874 -1.220989 -0.728794 -3.713300 -0.001522 2.107803 -2.425233 1.092099 -5.000000 -0.378214 2.726644 1.066479 -0.525853 0.154927 -0.542219 -2.715640 3.762224 -0.722754 -0.625907 2.012243 -1.335201 -1.795300 2.340475 -0.436737 1.986180 -5.000000 4.336628 2.872957 -2.072546 3.194815 0.232814 2.009581 0.783773
213 945.4579554820 19.0000000000 3.0000000000 1.4563085676 14.0000000000 6.1575305995 0.9730117385 5.3012987830 -0.0588957121 5.1128949209 -0.0516813505 28.1037687862 -1068.1677024735 25.1695856031 6.4363977148 -0.217663 -2.518089 -5.000000 -1.096675 -2.534669 -0.870187 1.034906 0.623466 -2.547839 -3.563972 -1.739266 -0.227498 5.000000 -2.593074 2.784109 -5.000000 2.916923 -0.420096 2.299570 -2.125213 -1.128771 1.465877 -3.071520 3.397802 0.141273 1.308509 3.757237 -3.129670 0.760330 0.567955 -4.001494 3.069022 -5.000000 0.765825 -1.683364 -2.625141 5.000000 -0.385736 2.314332 2.434842
249 763.5880671579 19.0000000000 3.0000000000 1.3605927930 16.0000000000 6.1336378394 0.9691663187 4.1577770869 -0.1874222450 4.0100440312 -0.1635303265 17.2871103040 -973.1910065594 22.9672504750 5.8937270544 -3.468767 0.368284 -3.840752 -0.045758 0.794064 -2.877277 -1.510261 1.217964 -4.769535 -4.309075 -3.227236 -1.486590 2.546867 -4.056197 1.088879 -2.543054 1.208047 3.642410 2.943350 -1.561348 0.171659 -0.148399 -2.721602 0.749491 0.608748 2.119115 2.835251 -3.860764 -3.507223 0.796904 -2.178215 3.646758 -2.690719 3.643609 -4.145500 -3.141221 1.946928 -0.410175 2.160888 0.524690
350 745.9558378299 19.0000000000 3.0000000000 1.1529113110 23.0000000000 6.0479648435 0.9553603277 5.5285502847 -0.1961289020 5.1906334568 -0.2105812300 30.5648682501 -928.0377073582 25.7601572434 6.5233323154 -2.907071 1.323995 -5.000000 3.306269 -1.053734 -2.836877 0.974439 1.714337 -4.907159 -3.649398 -3.871139 1.778503 2.238249 -1.284250 0.292090 -3.974640 2.416576 -1.268308 1.483634 -3.868519 -0.348187 0.769912 -3.001850 1.038963 2.812110 4.604933 0.918321 -5.000000 -1.373741 -1.293866 -2.473280 5.000000 -3.892247 5.000000 -4.267852 -3.280384 2.986097 -0.469864 -1.483819 5.000000
361 522.4224319258 19.0000000000 3.0000000000 1.1454015395 24.0000000000 6.0391601021 0.9539152523 5.9330446252 -0.1412948847 5.5847985104 -0.1716204287 35.2010185252 -870.6771466885 23.6030160260 6.0333026117 -1.429721 1.089563 -3.123877 4.014313 -3.434448 -2.168023 0.573592 1.118312 -4.522181 -3.316107 -3.712418 1.447291 1.626014 -2.022649 2.938309 -2.664982 1.222238 0.650044 1.962714 -5.000000 -1.366634 3.075313 -3.119524 1.320479 -0.223312 2.658448 1.282016 -2.942155 -0.119137 -5.000000 -1.156109 5.000000 -3.091322 3.155138 -4.598444 -4.388853 2.569589 0.572716 -4.896453 3.981893
737 477.3976032389 19.0000000000 3.0000000000 0.8818072490 49.0000000000 5.7832296205 0.9121326884 6.2642143052 -0.1490945149 5.7231509685 -0.1385873552 39.2403808613 -702.0609218991 24.8239261719 6.3604534768 -2.617510 -2.237390 -4.351472 2.632412 -0.610235 -0.046911 3.949433 -1.582678 -1.608807 -1.885713 -2.200020 -0.570198 1.657895 1.387086 -2.420900 -4.699194 -3.189156 -0.668233 -0.485256 -2.217130 -1.836048 1.704578 0.807339 5.000000 -2.084267 1.401967 2.990809 -3.034115 -0.065297 -3.679996 -1.193166 -0.893341 -2.015756 4.120188 -3.165311 -0.937656 1.006799 -0.099221 -1.910018 3.075837
822 452.9048263780 19.0000000000 3.0000000000 0.8702004127 54.0000000000 5.7333193716 0.9038874526 6.5047617988 0.0339037940 5.8206398110 0.0017780168 42.3119260589 -683.3471957892 24.8072630812 6.2888759072 0.333860 -3.413163 -2.824929 0.698633 -1.935189 0.417481 2.700203 -2.699789 -2.633292 -2.485904 -0.565421 1.365076 1.697959 -1.715485 -4.053827 -4.696965 -1.817113 -1.737594 -0.894899 -1.566608 -1.618922 1.107737 2.633816 4.080993 -2.680996 1.480869 1.825294 -2.295165 0.568014 -2.538774 -0.230212 -2.125595 -4.683017 3.739509 -2.553991 -1.669495 0.770836 1.986875 -0.667593 2.036162
919 415.3131593001 19.0000000000 3.0000000000 0.7908783414 61.0000000000 5.6602118294 0.8918544772 4.6675723597 0.2152660000 4.0109960087 0.1679515795 21.7862317330 -637.6081375052 25.8807970434 6.6114188257 -1.181768 -1.003810 -2.149943 1.618454 -2.295898 0.089724 2.186164 -1.747358 -2.045669 -2.389204 -1.203397 0.827876 2.580120 -1.666864 -2.567605 -3.721917 -0.582253 -1.047502 0.287229 -2.570641 -3.123792 0.706378 0.490428 2.784577 -2.538515 1.084122 3.192987 -2.812092 -0.566580 -5.000000 -0.929417 0.011751 -2.049014 3.550039 -4.580665 -1.344050 1.708514 1.062687 -1.504124 0.183975
1005 100352.5954716087 19.0000000000 3.0000000000 0.7012524705 67.0000000000 5.5991115505 0.8818568072 6.6403726551 -0.0159912929 5.6820704165 0.0132433204 44.0945489991 -599.0003096041 27.6895726386 7.0563145586 -1.449168 -1.414262 -3.203901 1.127229 -1.780321 -1.094860 2.987466 -0.517713 -3.748554 -2.878866 -1.068909 0.146673 2.050744 -2.164488 -3.851703 -3.181421 1.391309 -1.064020 -0.678938 -3.750069 -3.244297 1.760619 0.540988 4.036966 -1.719736 1.835918 3.155985 -3.644058 0.423239 -4.204543 -0.642638 -0.034268 -0.377673 3.493991 -4.685959 -1.116236 1.784357 -0.506746 -0.727011 1.325023
evaluations raw_y rep iid sigma t d_norm d_mean ps_norm ps_mean pc_norm pc_mean ps_squared loglikelihood mhl_norm mhl_mean x0 x1 x2 x3 x4 x5 x6 x7 x8 x9 x10 x11 x12 x13 x14 x15 x16 x17 x18 x19 x20 x21 x22 x23 x24 x25 x26 x27 x28 x29 x30 x31 x32 x33 x34 x35 x36 x37 x38 x39
1 1595645.9679610734 0.0000000000 4.0000000000 0.7012524705 67.0000000000 5.5991115505 0.8818568072 6.6403726551 -0.0159912929 5.6820704165 0.0132433204 44.0945489991 -599.0003096041 27.6895726386 7.0563145586 3.528105 0.800314 1.957476 4.481786 3.735116 -1.954556 1.900177 -0.302714 -0.206438 0.821197 0.288087 2.908547 1.522075 0.243350 0.887726 0.667349 2.988158 -0.410317 0.626135 -1.708191 -5.000000 1.307237 1.728872 -1.484330 4.539509 -2.908731 0.091517 -0.374368 3.065558 2.938718 0.309895 0.756325 -1.775571 -3.961593 -0.695824 0.312698 2.460581 2.404760 -0.774654 -0.604606
7 15293.3185627626 0.0000000000 4.0000000000 0.7012524705 67.0000000000 5.5991115505 0.8818568072 6.6403726551 -0.0159912929 5.6820704165 0.0132433204 44.0945489991 -599.0003096041 27.6895726386 7.0563145586 -1.274874 -0.794544 -0.265761 -0.595582 -0.618026 -3.352008 2.304663 2.159237 -1.626729 -2.932849 1.042130 -1.151576 0.283906 -0.638657 1.383078 1.389498 -1.451195 -2.766728 -3.165877 1.220759 -2.377719 -1.013633 -1.192628 -0.105135 -3.872560 0.377557 1.047782 0.176844 -0.621772 0.194800 0.798093 -5.000000 3.911825 0.780187 -1.304817 -0.781907 0.987484 -0.232208 -4.061369 4.128986
29 11745.6046896113 0.0000000000 4.0000000000 1.8988844088 1.0000000000 6.3130725317 0.9981644557 3.4893966567 -0.1241566401 2.9591399248 -0.1052895118 12.1758890278 -1291.6629326347 26.6916690774 6.8098709916 1.069405 0.313599 0.938687 -0.747715 0.034001 -3.101449 -1.103379 -1.960893 0.195818 0.718368 -2.343458 2.480372 -0.249958 0.339181 0.678014 1.587618 -1.587355 -3.163489 -3.947506 1.485569 1.494296 -0.325905 -1.899125 -2.688290 0.968041 0.888868 1.580993 -2.721175 -1.241006 1.874828 1.742075 1.226722 1.249756 -0.852143 -1.765278 -1.031951 2.498356 -1.467574 0.375657 3.155725
30 3936.8390792329 0.0000000000 4.0000000000 1.8988844088 1.0000000000 6.3130725317 0.9981644557 3.4893966567 -0.1241566401 2.9591399248 -0.1052895118 12.1758890278 -1291.6629326347 26.6916690774 6.8098709916 2.368770 0.563175 3.694799 -1.353510 -0.195043 -0.254639 2.203637 0.746643 1.577288 -1.608287 -2.853144 -4.306195 -2.218553 1.063651 2.152317 -0.955267 -0.221355 -3.881792 -0.934909 1.210045 -2.503055 -1.787271 0.773580 1.724853 -2.378327 -1.107594 -2.906007 2.775561 -1.869243 -1.843020 0.141621 0.068156 0.619545 -3.024159 0.629703 -1.736320 0.452398 2.837745 -2.506806 4.534282
62 2219.4047285055 0.0000000000 4.0000000000 1.7316195435 4.0000000000 6.2774688465 0.9924668296 5.0831682284 0.1943623028 4.5665213991 0.1641426508 25.8385992381 -1163.5179533500 24.0655638961 6.1510324623 4.469389 3.686861 3.546854 -2.654650 2.451000 -0.669770 2.251901 -1.132207 -0.020339 -0.074283 1.586853 0.174461 -0.598447 0.322282 5.000000 -1.084055 -0.264575 -4.291388 -3.263326 3.080103 0.117711 0.065418 0.357696 0.258321 -2.336100 -0.932779 0.481164 -0.482173 -2.240339 -1.269158 4.369839 1.603169 2.126760 -0.850788 1.100386 4.829894 1.974814 1.184635 0.154004 2.733688
167 1253.3629529193 0.0000000000 4.0000000000 1.6042455881 11.0000000000 6.2021715594 0.9802344887 5.1626874138 0.0816986221 4.9835933378 0.1073159005 26.6533413325 -1149.0471760997 25.8155354864 6.5829284478 -0.420937 3.020479 1.855596 -0.566664 0.607668 1.919227 1.609731 -1.481794 1.867223 -3.048210 -2.257292 1.279726 0.235608 2.918805 2.421175 1.439412 1.817545 -3.255216 3.381236 3.010293 -0.184191 -0.846278 -2.390861 -0.847717 -0.040606 -0.672489 5.000000 0.743329 -5.000000 -0.125284 3.058292 2.267392 3.273124 0.218155 1.698635 1.280108 5.000000 3.707681 -3.257327 -1.042862
176 473.0439116591 0.0000000000 4.0000000000 1.6042455881 11.0000000000 6.2021715594 0.9802344887 5.1626874138 0.0816986221 4.9835933378 0.1073159005 26.6533413325 -1149.0471760997 25.8155354864 6.5829284478 2.935252 3.103559 1.367264 -1.665294 -4.054711 -1.407464 1.169763 -2.514429 2.910525 -1.577368 -1.444359 3.032662 -0.535293 1.847309 -0.385050 2.199181 0.407834 -5.000000 1.203787 5.000000 -0.279392 -0.051451 -5.000000 0.350935 -3.704173 -3.959959 2.808189 2.229225 -3.187498 2.628240 5.000000 4.291222 5.000000 3.763840 2.346527 5.000000 5.000000 -1.399051 -3.447975 -1.345843
535 467.5177701397 0.0000000000 4.0000000000 0.9269655715 35.0000000000 5.9253361373 0.9356232563 5.8689447725 -0.1027479116 5.1105337224 -0.0901961636 34.4445127424 -770.8590264289 25.5580202317 6.5040627961 3.539964 3.365885 -0.538405 -0.301192 -2.625461 -2.239326 5.000000 -1.336290 2.610238 -2.891529 -2.320740 0.598796 0.815512 1.741865 -0.687949 3.001181 1.146046 -0.967548 -2.868435 2.777540 0.452595 -3.235026 -3.701147 -0.160953 2.745555 0.268083 2.608720 2.183266 -1.146555 4.340216 4.173392 4.759456 3.345919 4.169969 1.665268 2.180704 3.536425 1.339508 -3.531292 -1.239348
631 437.0310543280 0.0000000000 4.0000000000 0.8331090112 42.0000000000 5.8520312902 0.9237101804 6.3118783209 0.0607896794 5.4832591211 0.0345385914 39.8398079374 -682.4353389107 24.9243883656 6.3907924048 1.554853 2.096499 -0.250835 1.173192 -2.138579 0.790407 3.628377 0.090373 1.774748 -3.966217 -2.293175 1.615882 1.614722 0.328352 1.866888 1.966196 0.341868 -1.823960 -2.128398 3.616669 0.630970 -2.984739 -3.038961 -0.283665 2.110207 -1.658960 2.421695 2.441892 2.067076 3.698868 2.243408 2.575252 2.359068 2.693804 2.506849 2.202134 3.985328 -1.188408 -2.164428 -0.531991
1005 721678.6960882581 0.0000000000 4.0000000000 0.7608531984 67.0000000000 5.6183973914 0.8851554593 5.6819092565 -0.0397792658 5.0702882259 -0.0222710089 32.2840927990 -584.9516755515 24.7841802356 6.3128142039 3.250566 -1.579909 -2.833533 2.121210 -2.039323 -0.784264 2.424897 0.295464 1.811789 -3.559857 -2.040796 2.731646 2.520398 0.524576 2.177391 1.885191 0.790367 -2.951339 -3.984702 2.987764 0.727960 -0.766491 -3.182156 -1.727887 2.130425 2.583298 4.347012 1.080686 2.318449 0.784857 4.304117 1.293183 3.878522 0.656905 0.126141 4.468563 4.644938 -1.342579 -2.654018 -1.473989
evaluations raw_y rep iid sigma t d_norm d_mean ps_norm ps_mean pc_norm pc_mean ps_squared loglikelihood mhl_norm mhl_mean x0 x1 x2 x3 x4 x5 x6 x7 x8 x9 x10 x11 x12 x13 x14 x15 x16 x17 x18 x19 x20 x21 x22 x23 x24 x25 x26 x27 x28 x29 x30 x31 x32 x33 x34 x35 x36 x37 x38 x39
1 1886864.4512736928 1.0000000000 4.0000000000 0.7608531984 67.0000000000 5.6183973914 0.8851554593 5.6819092565 -0.0397792658 5.0702882259 -0.0222710089 32.2840927990 -584.9516755515 24.7841802356 6.3128142039 3.248691 -1.223513 -1.056344 -2.145937 1.730815 -4.603077 3.489624 -1.522414 0.638078 -0.498741 2.924216 -4.120281 -0.644834 -0.768109 2.267539 -2.199783 -0.344856 -1.755717 0.084427 1.165630 -2.201238 2.289447 1.803181 1.004989 1.801712 -1.367456 -0.245780 -1.871539 -0.535776 1.060711 -1.383322 -0.793507 -1.374345 -1.690411 -1.342492 -0.025329 -2.234621 0.468831 3.319604 1.484088
3 68273.6711131861 1.0000000000 4.0000000000 0.7608531984 67.0000000000 5.6183973914 0.8851554593 5.6819092565 -0.0397792658 5.0702882259 -0.0222710089 32.2840927990 -584.9516755515 24.7841802356 6.3128142039 -0.444656 -0.401516 0.373123 0.820103 0.396599 0.238017 -1.341325 0.755128 0.243643 2.258968 2.397836 0.370313 -0.750570 -1.277461 0.846989 0.154680 -0.687707 0.087194 -1.240002 1.396064 -0.894257 2.449015 0.806983 1.187157 -2.189824 0.338765 1.481113 -1.907401 -0.532437 0.065229 -2.746235 0.630319 1.692321 -1.719032 0.701092 -2.624567 -0.077391 -3.231545 2.242835 0.817801
12 23897.6877416213 1.0000000000 4.0000000000 0.7608531984 67.0000000000 5.6183973914 0.8851554593 5.6819092565 -0.0397792658 5.0702882259 -0.0222710089 32.2840927990 -584.9516755515 24.7841802356 6.3128142039 0.902568 -3.368120 -2.320340 2.700214 -0.662566 0.773078 -1.702911 2.001763 -0.769664 2.916216 -1.064468 2.236267 1.348792 -1.444784 2.197993 -1.803269 -1.644934 1.443423 -1.250684 -1.187686 -0.687801 -2.000338 2.089989 1.217029 -0.138657 -0.216784 0.900311 3.530670 1.741940 -1.016914 1.554838 -0.237542 -0.397996 3.732943 -0.837876 -0.958370 -3.904211 -2.804658 0.902246 -1.389842
20 11655.6858351197 1.0000000000 4.0000000000 1.8743852747 1.0000000000 6.3092842919 0.9975667198 2.7895985029 0.0917042881 2.3656847060 0.0777686938 7.7818598074 -1266.8159639582 26.1205130495 6.6529367562 -0.375676 1.318998 -3.483965 4.884651 2.311936 0.895079 -2.115973 -1.376166 2.347403 0.562376 -2.032486 1.729284 -1.589940 0.781179 -0.122237 -2.517411 1.174426 -0.283768 -2.200522 -1.366814 -0.662866 0.799317 -0.052410 3.991090 0.026757 -1.868578 -0.878301 -1.419288 3.523106 -2.473956 1.384772 2.081561 0.307494 1.433175 -2.181287 -5.000000 -4.011662 0.956245 1.154382 1.123773
40 2642.6025693413 1.0000000000 4.0000000000 1.7965290642 2.0000000000 6.2965017403 0.9955245149 3.9989954907 0.0786235609 3.4470136538 0.0697874444 15.9919649347 -1232.9949056405 25.8434568763 6.5979088030 0.126859 1.095660 -3.771612 -0.471283 2.564761 1.631009 -2.170005 -2.423963 4.936838 -3.183766 0.223018 0.418393 -0.393825 2.376261 -1.496937 1.849492 2.681459 1.403299 0.070360 2.444941 -2.026053 1.222356 3.463570 0.147270 3.410816 -0.784281 4.259404 -2.038709 -1.294562 -4.030853 0.275438 1.389536 3.387659 1.919275 -1.105347 -4.515733 -3.044076 -2.011614 1.730525 1.592017
58 459.2116221116 1.0000000000 4.0000000000 1.7578270683 3.0000000000 6.2867303331 0.9939462202 5.1116061999 0.0557566244 4.4667981988 0.0534144839 26.1285179432 -1267.9315433726 27.6328339857 7.0586854200 1.934255 -2.359203 -0.465629 1.034070 2.888688 -0.817022 1.919235 -2.226815 -1.308736 -1.197666 -0.509216 1.400128 4.277730 -0.609217 -1.814610 -2.705362 2.682818 -0.756470 -4.737674 -2.975258 -3.932813 2.236775 1.081894 0.922848 -0.475923 -1.440567 1.236676 -2.326958 0.241912 -0.109500 1.032516 1.496338 4.790820 0.787259 -2.965346 -3.048612 -1.456266 -1.106009 0.385324 1.661175
822 450.7684185410 1.0000000000 4.0000000000 0.8447437925 54.0000000000 5.7238308141 0.9025547614 5.1848556771 -0.0974008961 4.6698365772 -0.0684645422 26.8827283928 -705.3696714987 26.3906515252 6.7472406797 1.998834 -4.623305 0.799847 -2.251019 -1.260023 -4.335723 -3.945553 -0.147856 2.095549 1.502002 -1.917580 1.350343 1.857310 -3.134473 -2.435554 -1.939403 1.153875 -1.247684 -4.219635 -3.108745 0.864528 1.789484 1.939038 -0.314255 1.226590 -0.872022 -0.724699 -1.454150 1.226535 4.293563 -1.131945 -0.749164 3.016690 -1.733935 3.154192 -3.917156 -0.636435 -0.893194 -0.582685 1.099456
1005 337851.1992945672 1.0000000000 4.0000000000 0.7653929712 67.0000000000 5.5834796243 0.8797588835 5.8575938191 -0.0093555376 5.2404923383 -0.0156024389 34.3114053492 -603.6442918555 25.7107517857 6.5719035338 3.939373 -3.623371 -1.284388 -0.783103 -0.068667 -3.447300 -3.495420 -0.336488 0.893467 1.718118 -1.524853 1.522043 0.884860 -0.608922 -2.018279 -1.614193 -0.373152 -1.374851 -3.769456 -2.672002 1.206977 1.538378 2.712594 -2.889706 1.027279 -0.939522 -1.560334 -0.600244 -0.494674 4.508026 -1.418372 0.063969 3.382693 -1.484315 3.369845 -4.762509 0.619478 -1.322119 -1.437282 2.087774
evaluations raw_y rep iid sigma t d_norm d_mean ps_norm ps_mean pc_norm pc_mean ps_squared loglikelihood mhl_norm mhl_mean x0 x1 x2 x3 x4 x5 x6 x7 x8 x9 x10 x11 x12 x13 x14 x15 x16 x17 x18 x19 x20 x21 x22 x23 x24 x25 x26 x27 x28 x29 x30 x31 x32 x33 x34 x35 x36 x37 x38 x39
1 14180477.4074183144 2.0000000000 4.0000000000 0.7653929712 67.0000000000 5.5834796243 0.8797588835 5.8575938191 -0.0093555376 5.2404923383 -0.0156024389 34.3114053492 -603.6442918555 25.7107517857 6.5719035338 -0.833516 -0.112534 -4.272392 3.280542 -3.586871 -1.683495 1.005763 -2.490576 -2.115904 -1.818015 1.102908 4.584416 0.083079 -2.235851 1.078117 -1.192319 -0.038261 2.350002 -1.495742 0.018051 -1.756216 -0.312868 0.513141 -1.977558 -0.677644 -0.472368 -1.275310 -2.375225 -2.842434 -0.306990 -0.538114 4.462734 -4.869535 0.225453 0.740889 2.719268 1.003714 -1.688427 0.000020 1.084705
3 235124.2857760374 2.0000000000 4.0000000000 0.7653929712 67.0000000000 5.5834796243 0.8797588835 5.8575938191 -0.0093555376 5.2404923383 -0.0156024389 34.3114053492 -603.6442918555 25.7107517857 6.5719035338 -0.378939 -0.154437 1.649406 2.496426 -0.807785 -2.769037 2.734471 2.435771 -0.924011 0.701777 0.763732 1.132551 0.408416 2.813392 -3.475919 2.081648 0.760944 -0.434271 2.347063 -4.687206 2.323043 0.772156 -2.266267 0.866185 -0.608173 5.000000 3.670665 0.881380 -1.438508 -1.166829 -0.650099 -1.120469 -1.804492 -1.181945 -0.552359 -1.033768 -1.397180 -1.857784 5.000000 -2.946346
10 97185.5815837029 2.0000000000 4.0000000000 0.7653929712 67.0000000000 5.5834796243 0.8797588835 5.8575938191 -0.0093555376 5.2404923383 -0.0156024389 34.3114053492 -603.6442918555 25.7107517857 6.5719035338 2.496901 -2.491453 -0.334338 -1.153222 0.832043 -0.115695 1.863775 2.936664 -0.442642 -2.346311 1.125338 -0.329030 2.289711 -0.304235 1.659578 0.672132 -0.378088 -0.898657 1.427049 5.000000 1.675232 -0.263365 1.415186 0.228108 -2.561790 0.619693 3.096581 -0.631656 -2.251808 0.976993 3.661893 1.880352 2.037434 4.604757 3.242186 1.425367 -0.417407 0.275236 -0.206704 1.696701
17 8488.7813214407 2.0000000000 4.0000000000 1.8786481781 1.0000000000 6.3118860141 0.9979743500 2.9120198179 0.1805086819 2.4695025968 0.1530781679 8.4798594197 -1310.8928352191 27.6553673929 7.0889634633 0.197460 -2.843562 0.527229 -2.890072 -2.103845 -0.441002 1.524583 2.114682 -0.073147 -0.080157 0.263123 -3.298987 0.060167 2.038160 -0.712892 -0.287947 -0.304605 0.588950 -1.168382 0.030179 0.651091 0.637797 2.304617 -0.727644 2.069293 4.658637 -0.387500 2.133490 -1.229165 2.280892 5.000000 -0.012005 1.283966 2.727245 -0.093787 -2.222906 -1.505071 1.204884 -0.506223 -1.127106
40 1403.8183150821 2.0000000000 4.0000000000 1.7894561891 2.0000000000 6.2976565513 0.9957084510 3.6639944435 0.2242377714 3.1602325001 0.1958648295 13.4248552818 -1212.8762055944 25.1474943191 6.3760528239 0.218110 0.105221 4.896078 0.525588 -0.428253 0.623533 1.692388 0.358485 2.710034 -0.806635 1.557523 -0.387810 3.456181 -0.188219 3.974822 -2.267302 -0.737257 -0.114951 -1.657508 1.974680 -1.642757 -2.764924 -0.176147 1.716249 2.820785 2.921812 0.663295 -0.347289 -0.969595 2.897405 3.692705 1.053038 2.479251 0.354499 2.721475 -2.841667 -3.221797 -3.182503 -1.061783 1.184104
57 846.9439637469 2.0000000000 4.0000000000 1.7237148358 3.0000000000 6.2842481810 0.9935654013 4.2681317176 0.2301682718 3.7216071130 0.2068206660 18.2169483588 -1202.3739195982 25.7051470422 6.5496085954 -2.838217 -3.329794 1.656815 -2.358533 -0.040224 0.939545 0.480842 -0.913164 2.507790 -0.117569 0.909639 -0.435196 2.983714 0.993441 1.177600 -1.731013 -0.087144 -1.489752 4.351936 2.305334 -3.067831 -5.000000 -0.498793 3.232055 5.000000 1.540599 2.285476 -2.568988 -2.640724 1.998547 3.418511 3.395354 -0.524925 2.257612 2.425742 4.201140 -4.803477 -0.863974 0.611733 0.711642
87 502.2840482920 2.0000000000 4.0000000000 1.6786191642 5.0000000000 6.2630785560 0.9901541183 5.8159738256 0.1518337188 5.1777340954 0.1541983117 33.8255515400 -1187.5178385352 25.8558351116 6.5902504882 1.432148 -0.936086 2.875103 1.087481 -3.267338 5.000000 -0.390729 1.448274 1.555823 -0.296370 1.321946 0.536834 -2.624969 -1.290567 0.716202 0.463043 -3.435343 0.364512 -0.017804 4.337103 -1.719988 -2.511328 -0.773422 0.810490 5.000000 -1.201790 1.028491 -3.002834 -3.183674 3.018846 3.287865 1.021818 1.698274 2.294424 1.358746 5.000000 0.493086 -3.219440 5.000000 0.603983
524 469.5930781168 2.0000000000 4.0000000000 1.0206491526 34.0000000000 5.9468798566 0.9389447884 5.8171491000 0.0382886897 5.2844667002 0.0542429090 33.8392236513 -800.8729483896 24.2634926623 6.1875406448 2.420927 -1.637733 -2.293869 -3.406657 2.619744 2.016205 -2.656906 1.417564 2.145274 0.223440 0.809358 -4.990180 -4.179309 0.255131 -3.663393 3.734963 -3.876399 -2.621598 3.850051 2.355371 2.796179 -5.000000 3.685769 2.826605 -3.763195 4.073485 1.900681 -3.021625 -1.165202 2.279181 -0.057567 2.851581 -1.882049 3.786606 2.638583 3.416699 -2.253891 3.327683 2.105250 2.587804
562 441.9241241135 2.0000000000 4.0000000000 0.9983769669 37.0000000000 5.9182929467 0.9342386356 5.2313946252 -0.0830477832 4.6559995390 -0.0544470187 27.3674897250 -813.8956742741 25.5550823502 6.5400790999 0.599391 -1.927242 -2.744612 -2.008589 0.582666 2.237789 -2.974187 0.629271 2.046441 -0.128555 0.466111 -4.445736 -2.851464 1.708657 -4.491828 4.231849 -2.855387 -2.054622 1.952012 3.325560 0.998622 -5.000000 2.701052 2.503152 -2.446640 3.404722 2.105427 0.703142 -0.284335 2.747474 -1.426266 1.274889 1.106674 5.000000 1.515301 3.493174 -0.011757 3.706579 2.913898 2.447816
699 441.0378068963 2.0000000000 4.0000000000 0.8994172676 46.0000000000 5.8234955413 0.9188201141 4.8996475130 0.0427632911 4.3502138872 0.0416481185 24.0065457520 -718.0703414842 24.7071849796 6.3230618218 0.222576 -3.282912 -2.152236 -0.266887 -0.158937 2.900259 -2.398175 0.898721 2.003635 0.242990 0.702888 -1.708788 -3.141579 0.274161 -3.648490 5.000000 -3.549021 -0.958142 4.453896 5.000000 1.669584 -2.069188 1.912980 1.323524 -2.118036 4.147469 5.000000 0.165948 0.413249 -0.164542 -3.708605 1.656206 1.899863 3.725156 -0.171598 1.847164 0.997011 3.403330 2.714946 3.539887
863 374.2558668501 2.0000000000 4.0000000000 0.7084839957 57.0000000000 5.7046502989 0.8994273537 6.2179475624 -0.0213022054 5.3702195583 -0.0172439023 38.6628718882 -565.0158352674 25.3376485681 6.4317100828 -1.024276 -3.453264 -1.437016 -1.020386 1.613225 0.641181 -1.374495 -1.040862 0.220571 0.287856 1.230029 -2.580589 -1.392426 0.209623 -3.987002 3.182507 -2.433150 -2.406001 2.546128 4.086697 -0.083014 -2.571709 2.642410 2.020738 -1.601665 2.787910 3.347974 1.142015 0.680524 -0.522146 -3.012701 0.727131 1.774358 3.778020 0.497213 2.904948 1.041334 1.317900 2.532751 2.080424
1005 72673.8161474581 2.0000000000 4.0000000000 0.5958530471 67.0000000000 5.6013518500 0.8825793313 4.7298736242 -0.2778011303 4.1223190379 -0.2441677204 22.3717045010 -474.5594366470 26.5158260698 6.7748348557 0.123709 -2.657387 -1.233360 -1.888473 -1.182493 -0.113030 -2.138801 -0.662674 -1.645438 0.313278 -1.194134 -2.638646 -1.012150 -0.726261 -3.751858 4.164279 -0.793161 -3.270754 1.391167 4.537730 0.262123 -2.212915 3.293969 3.955101 -1.505382 3.394441 1.641051 -0.682308 1.659366 -0.084596 -2.707097 0.769749 2.691056 4.510564 -0.342338 1.208345 0.771416 1.926137 2.615506 3.663367
evaluations raw_y rep iid sigma t d_norm d_mean ps_norm ps_mean pc_norm pc_mean ps_squared loglikelihood mhl_norm mhl_mean x0 x1 x2 x3 x4 x5 x6 x7 x8 x9 x10 x11 x12 x13 x14 x15 x16 x17 x18 x19 x20 x21 x22 x23 x24 x25 x26 x27 x28 x29 x30 x31 x32 x33 x34 x35 x36 x37 x38 x39
1 499389.2734541653 3.0000000000 4.0000000000 0.5958530471 67.0000000000 5.6013518500 0.8825793313 4.7298736242 -0.2778011303 4.1223190379 -0.2441677204 22.3717045010 -474.5594366470 26.5158260698 6.7748348557 3.577257 0.873020 0.192995 -3.726985 -0.554776 -0.709518 -0.165483 -1.254001 -0.087636 -0.954436 -2.627730 1.769245 1.762636 3.419146 0.100067 -0.809355 -1.090720 -3.092955 1.964735 -2.202135 -2.370093 -0.411300 2.972297 0.473433 -2.047570 -1.425986 1.250490 -0.321027 -1.537673 -0.460061 1.490113 3.952222 -2.488247 -1.252834 -1.607532 -4.838166 -1.847584 -2.047752 2.247956 -0.263828
6 79629.7930724549 3.0000000000 4.0000000000 0.5958530471 67.0000000000 5.6013518500 0.8825793313 4.7298736242 -0.2778011303 4.1223190379 -0.2441677204 22.3717045010 -474.5594366470 26.5158260698 6.7748348557 -0.643169 0.302261 -0.037255 0.967058 1.537930 2.732486 2.294530 -0.220458 0.776501 -0.774254 -1.174441 3.821654 -0.919692 3.981476 -0.698071 0.505650 2.178819 0.047844 0.786251 -0.482770 -0.951050 -0.331554 -1.299435 3.262766 -0.335397 3.445338 -5.000000 0.036842 1.123903 -0.587642 2.189306 1.279385 -0.549200 0.870019 5.000000 0.503990 0.599005 -0.879983 0.266994 -2.578522
18 2680.4256299231 3.0000000000 4.0000000000 1.8971245105 1.0000000000 6.3127404635 0.9981093147 3.4394284003 0.0622057801 2.9167649594 0.0527528469 11.8296677205 -1306.2812154517 27.2557212658 6.9756996485 -0.012103 0.477188 1.773722 -0.446447 2.149017 2.960471 -0.503770 -0.803938 -3.018939 0.563968 3.916170 2.520204 0.289857 3.800586 0.022762 -0.430635 0.263638 -1.530391 5.000000 -0.155951 0.280244 -0.516450 -2.813993 1.390783 1.190549 0.483083 -2.888255 0.287794 3.128301 0.220832 2.734673 1.066533 -3.735379 0.587351 1.605599 -0.690744 1.227451 -1.071998 1.416488 -2.585498
19 349.3370256614 3.0000000000 4.0000000000 1.8971245105 1.0000000000 6.3127404635 0.9981093147 3.4394284003 0.0622057801 2.9167649594 0.0527528469 11.8296677205 -1306.2812154517 27.2557212658 6.9756996485 2.182684 -0.337109 0.040382 2.512593 -0.712221 0.472571 5.000000 -1.178191 -1.222618 4.229855 0.770016 1.556225 -0.250456 -0.731690 1.730490 -0.878947 -0.823170 -2.981434 0.594613 -0.237706 1.619025 -1.719686 -2.197613 1.596821 -0.897048 -0.500471 0.206395 -0.112515 -2.729765 0.499320 0.764153 4.185694 0.053212 -3.182688 1.769546 0.449084 -0.448773 -5.000000 0.210061 -1.377518
1005 340145.9278381050 3.0000000000 4.0000000000 0.7219557927 67.0000000000 5.6002750247 0.8821527520 4.9358473634 0.3610721848 4.5263257959 0.3319495841 24.3625891951 -586.7488162567 26.3016178011 6.7347158113 2.383041 0.276904 -4.026962 -0.856422 -1.521494 -2.340925 -4.761416 1.549650 4.735966 1.131616 -2.258014 0.666828 0.143496 -2.552193 1.409812 -1.901742 3.484468 -3.681804 2.590307 -2.493079 1.656277 2.693209 -3.444173 0.147951 0.792678 -2.404772 -3.359008 3.828495 0.627479 -0.597336 3.973748 -4.621733 -1.293045 1.977274 2.851366 -2.409260 1.190830 -1.348260 -1.436768 -0.911536
evaluations raw_y rep iid sigma t d_norm d_mean ps_norm ps_mean pc_norm pc_mean ps_squared loglikelihood mhl_norm mhl_mean x0 x1 x2 x3 x4 x5 x6 x7 x8 x9 x10 x11 x12 x13 x14 x15 x16 x17 x18 x19 x20 x21 x22 x23 x24 x25 x26 x27 x28 x29 x30 x31 x32 x33 x34 x35 x36 x37 x38 x39
1 5836575.1651225006 4.0000000000 4.0000000000 0.7219557927 67.0000000000 5.6002750247 0.8821527520 4.9358473634 0.3610721848 4.5263257959 0.3319495841 24.3625891951 -586.7488162567 26.3016178011 6.7347158113 0.101123 0.999903 -1.991818 1.387197 -0.836603 -3.169154 -1.295414 1.197150 0.664500 -2.294953 1.237339 -0.175974 0.850145 0.664506 -2.313633 0.701994 -1.213775 3.093959 1.446683 0.092271 -1.965983 0.108865 0.319786 -2.417896 4.446720 0.788590 3.384715 -2.225624 3.271495 -2.721931 -1.302452 1.084903 0.096012 -4.716147 -2.211168 1.675673 4.175742 1.829682 -0.552407 1.593024
4 14800.3354799156 4.0000000000 4.0000000000 0.7219557927 67.0000000000 5.6002750247 0.8821527520 4.9358473634 0.3610721848 4.5263257959 0.3319495841 24.3625891951 -586.7488162567 26.3016178011 6.7347158113 0.816116 3.464797 -0.698896 -2.466274 1.436549 1.033119 1.347603 2.052910 -1.362297 -3.932029 2.081813 -0.817301 -2.414801 -2.336581 2.256747 0.361667 0.605804 1.700774 -1.353802 -2.250229 -1.705903 -2.209149 -0.582192 -1.781951 0.077270 -0.961698 -0.159959 1.299581 2.802554 3.111876 0.229844 0.424741 -1.016760 2.011964 3.063582 -1.187204 1.528211 -0.659133 -0.342230 0.368570
22 833.5259971259 4.0000000000 4.0000000000 1.8925350487 1.0000000000 6.3113226076 0.9978892721 3.3089028391 0.0646047622 2.8060743624 0.0547872741 10.9488379986 -1291.9912536255 26.8020436180 6.7983355764 0.133613 2.236904 -0.988411 -2.168735 -1.695035 2.007372 1.481003 1.898303 -2.345850 -0.973717 -1.879018 1.728527 -2.780609 0.462000 -0.633259 1.748891 -3.753132 1.304839 3.562392 -3.653470 -3.926686 -0.144553 0.549595 4.410044 1.319253 1.151582 -3.503014 1.909621 -0.936977 -1.966897 -1.880347 0.157933 0.327755 2.690655 2.108802 -0.881494 0.027708 -2.148557 -0.582742 -2.214921
75 412.5639754195 4.0000000000 4.0000000000 1.6781951020 4.0000000000 6.2715330522 0.9915251365 4.2560495694 -0.0079471039 3.7586936714 -0.0024736330 18.1139579369 -1179.1988837151 25.4673159016 6.5267380447 -1.016299 -0.892291 1.025061 0.766525 -1.786787 -1.605886 2.069375 0.176190 1.916962 -1.763825 3.832788 1.503868 2.471375 -0.600606 3.579550 -2.105181 1.556919 1.296804 -0.898650 -3.263329 -2.968987 -1.598009 -2.629938 3.980862 0.773883 -0.244726 -1.039581 0.515525 0.842639 -2.426890 -0.643087 1.010136 1.532916 -2.412714 -0.107280 -1.339990 1.897188 2.008067 -2.996837 1.786747
1005 749258.5464505395 4.0000000000 4.0000000000 0.7710665125 67.0000000000 5.6030275107 0.8823461154 6.1377119719 0.1818859812 5.3888805711 0.1713767847 37.6715082505 -607.7968769527 25.5871798033 6.5350034068 -0.150030 -4.156994 -0.774548 -2.089741 3.215388 -2.817655 3.734891 4.038943 -0.008148 2.465986 4.509861 2.128205 4.129176 -1.860331 0.462738 3.615093 2.387013 3.615250 -1.272069 4.810986 -4.727982 1.469061 4.797075 -0.048313 1.211941 -3.652711 -2.173921 -2.203450 1.545482 -0.915854 -2.913867 -5.000000 3.222549 -3.408329 -1.892281 -1.315624 2.836004 -2.512584 -0.764319 -0.817657
evaluations raw_y rep iid sigma t d_norm d_mean ps_norm ps_mean pc_norm pc_mean ps_squared loglikelihood mhl_norm mhl_mean x0 x1 x2 x3 x4 x5 x6 x7 x8 x9 x10 x11 x12 x13 x14 x15 x16 x17 x18 x19 x20 x21 x22 x23 x24 x25 x26 x27 x28 x29 x30 x31 x32 x33 x34 x35 x36 x37 x38 x39
1 10576674.0682816785 5.0000000000 4.0000000000 0.7710665125 67.0000000000 5.6030275107 0.8823461154 6.1377119719 0.1818859812 5.3888805711 0.1713767847 37.6715082505 -607.7968769527 25.5871798033 6.5350034068 0.882455 -0.661740 4.861542 -0.504184 0.219220 3.164962 -1.818465 -1.183273 0.375206 -0.659740 -2.385529 -0.409753 -0.717658 1.206943 -3.329577 -1.400358 2.302782 3.714662 -3.022359 1.289695 -1.961216 -1.713706 -1.743758 -0.845016 1.992880 1.424843 0.118288 -0.726622 0.006578 -0.211861 1.586107 -1.263143 -0.012390 -0.202135 -0.104616 0.498435 0.395320 2.669697 -0.173751 3.123065
2 2146791.5064135646 5.0000000000 4.0000000000 0.7710665125 67.0000000000 5.6030275107 0.8823461154 6.1377119719 0.1818859812 5.3888805711 0.1713767847 37.6715082505 -607.7968769527 25.5871798033 6.5350034068 -0.611706 -0.955463 0.201476 0.710877 0.539225 2.583927 2.278686 0.988881 -0.672673 -0.201229 2.826796 0.442508 -2.621546 -1.379130 -1.155026 2.304410 -0.214328 4.520214 1.313239 0.249614 -0.871408 1.944359 -0.481422 -1.648247 1.136265 0.025517 2.378121 -0.147187 -5.000000 1.578733 -3.755482 3.077512 3.642729 -0.854063 -2.329404 -2.794148 1.745309 -0.404236 -1.196720 -0.486839
8 1732488.6404798927 5.0000000000 4.0000000000 0.7710665125 67.0000000000 5.6030275107 0.8823461154 6.1377119719 0.1818859812 5.3888805711 0.1713767847 37.6715082505 -607.7968769527 25.5871798033 6.5350034068 0.097889 -4.052804 -0.083873 2.149086 -3.001719 2.371489 -1.430162 -0.102477 -5.000000 2.157256 -1.751372 -1.076219 -2.556431 -1.985539 2.286856 -1.018145 1.790002 -0.352407 0.692167 -1.012620 0.854328 5.000000 1.305786 1.011680 -0.951902 2.021817 2.718402 -3.404180 -2.760664 4.203553 0.851798 0.258400 1.125925 2.193529 1.601638 -0.446167 4.127341 0.025247 -1.749548 -1.114159
16 46637.0742789178 5.0000000000 4.0000000000 1.9002616556 1.0000000000 6.3113982858 0.9978948071 3.5284681111 0.0451795932 2.9922739912 0.0383139984 12.4500872109 -1286.1795600693 26.4780772776 6.7720229734 -0.264000 -1.347069 -1.482454 -1.303959 -2.672213 1.698845 2.207550 0.732872 -5.000000 -1.930781 -0.065400 0.129628 -2.862048 2.035526 0.854285 0.862149 4.956833 2.499428 3.192341 -1.100511 -1.281611 -0.395148 1.651156 -3.139519 -2.176411 -2.830483 1.922588 -2.938630 1.176003 2.375031 -0.655271 1.367946 3.872613 1.848336 2.071528 0.211428 0.775152 -0.973229 -0.543052 -0.364940
24 43886.5715654657 5.0000000000 4.0000000000 1.9002616556 1.0000000000 6.3113982858 0.9978948071 3.5284681111 0.0451795932 2.9922739912 0.0383139984 12.4500872109 -1286.1795600693 26.4780772776 6.7720229734 -0.901477 0.207091 1.250763 0.048049 -1.636853 3.788970 2.847160 1.991806 -2.375489 1.071347 0.434150 0.897065 -1.855820 -2.124655 -1.397420 2.864347 2.320285 0.930129 1.658052 -3.146173 -0.441681 1.698035 1.290324 -2.835425 -0.511235 1.775974 1.103640 -0.075011 -1.742111 -0.337264 -2.115420 1.518027 0.638283 1.473289 2.646105 1.028734 2.649543 0.414332 1.903341 -0.098851
36 36989.7986048979 5.0000000000 4.0000000000 1.8331028933 2.0000000000 6.2967449499 0.9955569758 4.3461921873 0.0747011025 3.7642135134 0.0649479617 18.8893865289 -1262.4211815139 26.5149112323 6.7249612162 -1.772877 -0.311842 2.025833 0.825350 -1.882264 3.889158 0.477790 -1.967658 -4.532390 -0.667660 1.770421 0.491588 0.510000 -0.135176 -0.877605 3.047944 0.609657 -1.941052 4.643748 0.078452 -1.297483 -3.540739 3.311101 -0.454930 -2.459675 1.435272 1.033176 -4.106594 0.367508 -0.082530 2.181165 1.434219 3.417665 -1.424628 -0.391268 -0.233535 4.155968 -1.858653 -3.067782 0.584512
67 1854.9116167931 5.0000000000 4.0000000000 1.7642931045 4.0000000000 6.2693439682 0.9911656264 5.2270041634 -0.0687684784 4.6949213985 -0.0577963435 27.3215725245 -1195.9525290739 24.9846535028 6.3558189195 -1.208740 -3.313216 1.312785 3.259918 -3.614289 2.569525 -4.048790 3.074193 -5.000000 2.231543 -1.351206 -0.989081 -0.576467 0.521168 -2.618843 1.931454 1.326605 0.669410 4.465860 -4.361151 1.055905 -1.801694 4.874617 0.120060 -4.589576 0.949192 1.890854 -1.776455 1.756140 1.116976 -0.001411 0.997891 3.327322 1.034068 -2.162146 1.269494 -0.504562 -5.000000 -5.000000 -1.728245
176 539.9469690983 5.0000000000 4.0000000000 1.5693092593 11.0000000000 6.1893453557 0.9782310144 5.3732184698 0.1116750558 4.9320254861 0.0943581790 28.8714767241 -1111.1543650498 24.8881610909 6.3302842866 -0.469221 -0.481812 1.448659 0.773843 -3.295714 -1.594990 2.922296 4.288375 -3.692223 3.543973 0.446523 2.247381 1.792150 0.211896 -0.837467 3.300982 1.500371 1.702332 2.757351 -4.477797 -0.991822 2.961437 -3.197647 -1.486523 -4.206104 5.000000 4.191524 -2.791440 0.903798 -1.312002 -2.310387 5.000000 3.775080 -3.062573 -1.744075 0.762183 -0.165978 -5.000000 -1.250629 1.709638
1005 596929.8750906945 5.0000000000 4.0000000000 0.8008148056 67.0000000000 5.6008463692 0.8821353871 5.6466866421 -0.0551672039 4.6873182153 -0.0297246751 31.8850700338 -639.5239122038 26.0422266105 6.6079288758 1.816695 -3.282904 -3.176817 0.755135 4.289868 -4.496342 -3.274746 4.920707 2.887560 3.814536 1.518355 -0.334633 1.642588 -3.384430 0.290943 1.980537 1.548202 -2.216222 0.879540 -5.000000 0.358113 3.555146 -3.164095 -0.749151 1.912548 -3.463585 -3.904669 1.842183 0.598073 -1.099945 -1.965924 -1.972870 3.379072 -3.822671 1.653899 -3.899193 1.303873 2.355469 -4.743803 -0.299886
evaluations raw_y rep iid sigma t d_norm d_mean ps_norm ps_mean pc_norm pc_mean ps_squared loglikelihood mhl_norm mhl_mean x0 x1 x2 x3 x4 x5 x6 x7 x8 x9 x10 x11 x12 x13 x14 x15 x16 x17 x18 x19 x20 x21 x22 x23 x24 x25 x26 x27 x28 x29 x30 x31 x32 x33 x34 x35 x36 x37 x38 x39
1 7308985.7667442644 6.0000000000 4.0000000000 0.8008148056 67.0000000000 5.6008463692 0.8821353871 5.6466866421 -0.0551672039 4.6873182153 -0.0297246751 31.8850700338 -639.5239122038 26.0422266105 6.6079288758 -0.623567 1.458008 0.435642 -1.798184 -4.973561 1.826503 2.254127 -3.028186 3.278582 -0.859787 5.000000 1.203644 -0.671763 2.475476 0.222256 0.258302 0.152255 -0.310256 1.268451 1.621310 0.709617 3.625181 -2.712952 -0.927264 1.649308 -2.352863 3.128979 1.425410 -0.362013 1.068399 -1.173226 -2.963707 1.714495 1.886198 0.228883 -0.043913 -4.254289 -1.668815 -0.931017 0.467421
2 250712.8020263469 6.0000000000 4.0000000000 0.8008148056 67.0000000000 5.6008463692 0.8821353871 5.6466866421 -0.0551672039 4.6873182153 -0.0297246751 31.8850700338 -639.5239122038 26.0422266105 6.6079288758 2.770070 -1.039254 -1.560304 1.911219 -0.253473 -2.737226 2.436961 -1.715003 -1.122942 -2.067040 0.717542 2.147363 -0.751009 0.792735 -0.942893 4.673216 3.005571 -1.190919 1.056682 1.879650 0.852571 -1.516314 -0.324734 1.453620 0.888166 -1.713645 0.893857 -2.029296 -4.264647 0.347726 1.902403 0.883795 2.938035 3.499033 0.707061 -1.286675 -0.094474 -2.898080 -0.072380 -0.181694
11 95398.4591017595 6.0000000000 4.0000000000 0.8008148056 67.0000000000 5.6008463692 0.8821353871 5.6466866421 -0.0551672039 4.6873182153 -0.0297246751 31.8850700338 -639.5239122038 26.0422266105 6.6079288758 0.010551 -0.072376 2.774371 -2.146451 -2.294654 0.801691 2.149370 -1.977821 -2.139033 -0.405902 1.096189 -1.583713 1.855086 4.166901 -0.288493 -1.149165 4.263676 -2.743119 2.172700 1.955333 -3.117133 1.250663 2.796970 -0.930413 -4.746944 -1.700883 3.708740 -2.206104 1.888882 -2.678349 -1.127542 -1.649187 -0.362127 0.853346 -0.003064 -1.847535 -0.262056 -0.446173 -0.885952 -1.226185
32 2468.0203914908 6.0000000000 4.0000000000 1.8414250348 2.0000000000 6.2990535423 0.9959276174 4.3586714783 0.0113119182 3.7840875709 0.0079176086 18.9980170554 -1228.0243403717 25.0399416766 6.3918380698 3.978651 1.115785 5.000000 -0.393923 0.784668 -1.611344 1.125216 1.165924 -1.610049 -1.728424 2.720839 3.047072 -1.958319 -0.974742 -0.255837 -1.574855 2.165512 -2.849491 4.836110 -1.849085 2.724592 -2.471005 -0.074935 -1.550111 -3.388529 -1.780636 -0.229618 0.028211 1.771343 -2.831004 -2.118841 2.785502 1.634210 5.000000 0.095364 -2.151394 -3.809898 0.928250 0.083970 -1.363164
38 563.0843612486 6.0000000000 4.0000000000 1.8414250348 2.0000000000 6.2990535423 0.9959276174 4.3586714783 0.0113119182 3.7840875709 0.0079176086 18.9980170554 -1228.0243403717 25.0399416766 6.3918380698 2.626677 -1.443992 4.554517 -2.489165 -5.000000 2.490822 -1.815309 -0.472492 -1.810912 -0.240920 1.614842 0.331465 -1.071406 -0.269858 -2.154163 2.380255 1.760941 -1.659187 2.889280 -3.001278 -0.582706 -1.081893 3.163302 0.671858 -3.978657 -3.079790 0.905160 1.376370 -0.488401 1.402117 -2.609767 2.187957 -0.424799 1.958552 -1.620071 -2.775869 -3.781924 -1.147221 1.477664 0.726980
78 469.3054754995 6.0000000000 4.0000000000 1.7426319170 5.0000000000 6.2605828040 0.9897410440 4.8697125216 0.0639249833 4.4737608022 0.0547766549 23.7141000432 -1145.6306827920 23.2244180330 5.9416305011 4.060916 0.890638 4.410290 -0.901496 -4.782822 -4.972172 2.226627 -0.057256 -0.019899 -0.000331 1.686659 1.581875 -0.945946 0.284709 0.743663 -1.604113 2.537260 -2.264275 5.000000 -3.270212 -0.089558 0.264874 3.890182 0.788125 -3.922511 1.372704 2.040889 3.153953 -0.757997 3.087834 -5.000000 0.384892 -1.762765 0.906865 2.201045 -3.693609 -5.000000 2.857576 2.972053 -1.599536
94 408.7251998914 6.0000000000 4.0000000000 1.7147072529 6.0000000000 6.2500962716 0.9880458077 5.4146741070 0.1130127801 5.0145504055 0.0986913974 29.3186956849 -1167.1670383993 24.5630764530 6.2800983412 3.324888 1.165707 3.838470 -0.827171 -2.545204 -1.408112 1.244464 0.925476 -0.492627 -0.337206 -0.821729 1.057547 0.974413 2.858818 -1.796089 0.716278 2.493540 -3.850479 3.318983 -0.111843 -0.353651 2.608456 3.767511 0.899556 -4.496588 -0.487049 1.363166 2.152919 -2.251271 4.487304 -5.000000 5.000000 0.565530 -1.713003 1.338627 -2.226189 -1.809755 1.733863 2.862157 -2.234304
649 386.2683894579 6.0000000000 4.0000000000 0.9129010302 43.0000000000 5.8470626323 0.9227499300 5.1061151295 -0.1681291241 4.5094592380 -0.1852432259 26.0724117160 -753.3001964367 25.7095242627 6.5404256143 0.015967 -3.680028 2.272502 -1.640331 -1.514662 -1.241767 0.433049 2.623609 -0.702094 1.154695 1.595737 0.396409 1.072562 -0.906703 -3.856869 -4.734919 -4.131254 -3.355366 3.838339 -1.111330 -0.165016 2.423530 2.981554 4.540230 -1.246681 0.947832 1.711474 1.242280 -1.767241 -0.953640 -3.110136 -0.999886 0.125448 -1.559585 2.024796 -0.050617 -2.166842 -0.925891 1.842464 -1.716220
1005 21357.5426612763 6.0000000000 4.0000000000 0.7840317560 67.0000000000 5.6183656967 0.8850585979 6.4284842777 -0.2367791180 5.8539229990 -0.1974020184 41.3254101086 -637.8797405818 26.2533998680 6.7269115531 0.326756 -3.866373 1.553852 -1.818986 -0.370864 -2.409653 -0.299288 3.419978 1.113231 1.921753 2.863867 0.861629 0.212706 -2.832481 -2.929587 -5.000000 -2.481818 0.079747 0.951000 0.210992 -0.820049 1.212499 1.519234 0.801004 -0.970688 -3.364896 0.830015 1.367635 -0.725018 -0.884006 -0.719476 -1.896233 1.078050 -0.013250 2.671452 -3.136407 -2.539244 -2.777688 0.404171 0.195807
evaluations raw_y rep iid sigma t d_norm d_mean ps_norm ps_mean pc_norm pc_mean ps_squared loglikelihood mhl_norm mhl_mean x0 x1 x2 x3 x4 x5 x6 x7 x8 x9 x10 x11 x12 x13 x14 x15 x16 x17 x18 x19 x20 x21 x22 x23 x24 x25 x26 x27 x28 x29 x30 x31 x32 x33 x34 x35 x36 x37 x38 x39
1 14745526.4532000516 7.0000000000 4.0000000000 0.7840317560 67.0000000000 5.6183656967 0.8850585979 6.4284842777 -0.2367791180 5.8539229990 -0.1974020184 41.3254101086 -637.8797405818 26.2533998680 6.7269115531 3.381051 -0.931875 0.065640 0.815033 -1.577846 0.004131 -0.001781 -3.509449 2.035316 1.200997 -1.250858 -0.343097 1.010599 -0.522713 -0.485498 -2.906483 1.109161 0.247762 0.548920 -3.053049 3.301399 0.308671 -0.774280 4.058144 -0.090772 -2.901357 -0.810456 -4.576630 2.098793 -0.832949 -1.485107 2.144940 -3.302151 1.070859 -4.128830 -1.324319 -2.408440 2.923951 3.532322 -0.658828
2 141823.7064043266 7.0000000000 4.0000000000 0.7840317560 67.0000000000 5.6183656967 0.8850585979 6.4284842777 -0.2367791180 5.8539229990 -0.1974020184 41.3254101086 -637.8797405818 26.2533998680 6.7269115531 1.681466 -0.359973 1.136124 -1.505674 -3.416678 -3.606197 0.766244 4.495190 0.538823 -1.049209 3.824038 0.474604 0.202868 0.505155 -0.264754 -0.618953 -2.869927 1.003248 -0.189551 2.386172 -0.737637 -3.812740 -0.199221 3.399075 -0.766846 -1.779714 -2.387184 -2.100034 -0.600387 -2.359964 2.995278 -0.565270 0.217297 2.876479 3.006637 -0.425466 0.663948 1.470053 -0.385711 -3.556026
21 356.6662692999 7.0000000000 4.0000000000 1.8804121786 1.0000000000 6.3114462447 0.9979068547 2.9625968376 0.0330908438 2.5123938163 0.0280622832 8.7769800219 -1283.5126381002 26.6362387035 6.8228559322 -0.597107 0.854349 2.365087 0.584884 -0.031337 1.111564 1.181167 2.426585 -0.065864 -1.969974 2.253542 -0.349379 -1.599662 -0.309338 0.757815 0.930410 0.640115 -0.550812 0.229436 1.092709 -2.386286 -1.027704 -2.045169 0.166230 1.751749 -0.599523 -0.310412 -1.765924 2.081187 1.617067 -0.067853 -1.764857 1.751869 -1.133868 -0.342300 1.289166 1.020588 -3.043345 1.878283 0.758207
1005 2415356.4368748963 7.0000000000 4.0000000000 0.6975353649 67.0000000000 5.6013389337 0.8825027835 5.9906048357 -0.0717895286 5.4140951378 -0.0752973123 35.8873462970 -512.2821432162 23.9814696774 6.1359267882 -4.067512 0.820937 1.365188 -3.520611 -0.470758 -3.907407 1.748450 0.796737 -1.100791 2.863855 0.328627 2.868935 -0.732210 0.348833 -0.235355 -2.067509 -0.192480 -1.229366 4.209316 -2.073008 3.721023 -0.300266 -1.786919 -2.253482 -0.966320 0.650863 2.003152 0.164926 -0.187433 1.530817 1.157242 0.089757 -0.534863 -1.860139 -1.372708 2.318713 2.967120 -2.593494 1.402944 -1.093744
evaluations raw_y rep iid sigma t d_norm d_mean ps_norm ps_mean pc_norm pc_mean ps_squared loglikelihood mhl_norm mhl_mean x0 x1 x2 x3 x4 x5 x6 x7 x8 x9 x10 x11 x12 x13 x14 x15 x16 x17 x18 x19 x20 x21 x22 x23 x24 x25 x26 x27 x28 x29 x30 x31 x32 x33 x34 x35 x36 x37 x38 x39
1 3041.5675034586 8.0000000000 4.0000000000 0.6975353649 67.0000000000 5.6013389337 0.8825027835 5.9906048357 -0.0717895286 5.4140951378 -0.0752973123 35.8873462970 -512.2821432162 23.9814696774 6.1359267882 0.182409 2.182565 -3.893941 -2.772699 -4.592983 4.819669 3.455672 4.409113 1.589655 1.952842 -2.366854 3.832727 -2.246654 -1.328071 -0.756717 -1.583231 1.719096 -0.461578 -0.131322 -0.417272 2.693737 -1.213906 -0.348496 0.848103 -3.291980 -0.967082 1.070937 2.332281 0.323366 -1.345668 2.885048 -0.442961 0.062529 0.363859 -0.125857 -1.083137 0.949037 -2.329182 -1.001819 -0.817122
77 2872.6279328448 8.0000000000 4.0000000000 1.6941381198 5.0000000000 6.2613233482 0.9898729322 4.8451802835 0.0605307686 4.4311637178 0.0624621184 23.4757719793 -1154.4948804031 24.3191487100 6.2104817605 3.466675 0.173194 1.420882 -3.033636 2.507152 0.353895 3.457099 1.775524 -2.123950 2.276918 -5.000000 3.235909 -0.220359 3.427440 -0.974879 2.796608 -0.363198 0.034688 -0.950341 0.906600 4.089109 -0.019395 0.188141 4.921705 -1.211287 -0.732124 3.158683 0.387060 1.654253 0.795076 -1.964593 -2.112865 -3.813180 -1.742813 5.000000 -0.554824 1.168860 -0.227482 -0.556811 -4.836672
93 1735.7039904989 8.0000000000 4.0000000000 1.6697442010 6.0000000000 6.2487363159 0.9878431217 5.5036193221 0.1445601732 5.0010330398 0.1348654006 30.2898256427 -1170.2273871918 25.3777751916 6.4524505997 1.478929 1.529579 2.255175 -0.236798 3.990364 1.809051 3.339823 -1.544509 -2.884814 2.414255 -5.000000 5.000000 1.895784 2.603788 -1.985032 1.874635 0.854900 -1.291504 -3.504874 -1.832906 1.922132 2.762751 -2.677012 3.955050 -1.589141 3.183562 3.008527 -2.937046 0.883757 1.168048 -1.363835 1.298100 -3.026268 -0.897674 2.925431 -1.215019 1.100878 1.110519 -0.876444 -0.574297
148 1355.4840342487 8.0000000000 4.0000000000 1.5651467481 9.0000000000 6.2113637656 0.9818282062 4.7211306341 0.1541776196 4.3865735356 0.1493001439 22.2890744638 -1131.9444779792 25.6568009109 6.5370997450 2.884055 4.023925 1.760267 -2.562434 2.469584 5.000000 1.247260 1.326320 -5.000000 -3.076551 -3.245355 1.332911 2.434181 -0.155549 1.026902 3.340953 5.000000 -0.514051 -3.305789 -1.617749 1.609950 3.218198 -2.936913 4.278585 -0.952351 0.399719 -1.207949 0.259807 1.692309 3.939975 -2.112867 -0.018857 -1.955574 2.040989 5.000000 -1.900939 5.000000 -2.547934 -1.728211 -0.837518
161 842.0070788378 8.0000000000 4.0000000000 1.5321226494 10.0000000000 6.2002550688 0.9800459084 5.1359975301 0.1206864655 4.7287922044 0.1216948198 26.3784706290 -1054.1481882845 22.9579670369 5.8455324197 -0.548390 5.000000 1.224089 -1.339689 3.111011 5.000000 2.084974 -1.957819 -3.341687 -1.578168 -3.124304 3.100280 2.557948 0.180853 -2.413462 5.000000 2.699226 -3.122328 1.265951 -2.139208 2.779307 2.140875 -0.647000 0.477983 1.477723 1.289572 2.037199 -1.549313 -0.387148 -2.340588 -4.692305 2.673864 -0.040502 1.569290 5.000000 -1.866995 5.000000 -1.609394 0.666076 1.086601
190 398.1514613669 8.0000000000 4.0000000000 1.4760663113 12.0000000000 6.1786427648 0.9765627754 5.2092753894 0.1458281891 4.8225621735 0.1484946532 27.1365500824 -1058.3813032863 24.2832605955 6.1957156195 -0.001333 2.384143 2.388640 -2.239187 3.549780 5.000000 -0.505225 -1.206140 -2.842778 -0.252837 -5.000000 2.408695 0.506791 2.025806 -0.439596 4.611386 3.207352 -1.422221 1.025758 -2.244505 1.833565 0.533643 0.548743 1.761837 1.992281 2.686375 0.789953 -1.744437 -0.391419 -3.430836 -3.212334 -1.443276 -1.779533 -0.615213 3.323368 -1.854647 4.043548 -1.857251 2.821621 -1.180248
861 379.0521674177 8.0000000000 4.0000000000 0.7668272996 57.0000000000 5.7049115091 0.8991062048 5.5745950235 0.1121369410 5.0129000349 0.0872868864 31.0761096759 -589.3945315252 24.1456818574 6.1680164236 -4.902466 2.373743 3.389709 -0.081634 1.610260 3.296912 0.503990 1.911166 -2.469090 -0.477491 -0.764991 -0.512853 -0.176419 3.740999 -1.491772 -3.013300 1.164887 -4.345097 1.485135 1.001777 1.656006 3.148009 2.902930 -2.844599 3.100687 -4.099529 -2.753226 -0.453295 -1.075347 -2.252373 -2.036173 -0.898648 -3.630960 2.957125 2.950383 3.527653 3.376961 -2.310088 3.559646 3.470284
966 372.2459661083 8.0000000000 4.0000000000 0.7491584659 64.0000000000 5.6378636069 0.8880057797 6.5995778746 -0.0825033612 5.8036875496 -0.0619114195 43.5544281227 -601.3263201241 25.8272732904 6.6129535283 -4.242634 1.622686 3.047882 -2.611895 -0.135219 4.143257 -0.325506 0.059528 -3.298082 -2.039246 1.021570 0.369452 0.520593 2.106387 0.778391 -2.898640 1.011998 -4.715832 1.073932 0.702294 4.416944 0.222020 2.752296 -3.367792 1.766691 -3.524653 -0.500505 0.026590 -0.534885 -1.290088 -1.321156 0.220656 -3.327251 5.000000 3.637437 2.074373 2.896469 -0.957359 3.288515 3.383613
1005 49646.8971143527 8.0000000000 4.0000000000 0.7669590729 67.0000000000 5.6140890043 0.8840320542 5.8750550851 0.1472769245 5.1237265374 0.1073395454 34.5162722533 -620.9443024147 26.2537932905 6.7006872310 -4.032502 1.093678 1.801188 -1.669879 -0.341832 3.877061 0.077476 1.709200 -2.316128 -0.741169 1.377795 -0.092390 0.268492 3.543006 -0.087275 -1.720848 0.856850 -4.888105 1.725558 0.064561 5.000000 0.665158 2.093604 -3.748852 1.793500 -5.000000 -1.865558 0.491336 -0.367344 -0.845238 -2.148601 1.077458 -0.966712 3.983057 3.264608 3.474962 2.987405 -0.971051 3.152913 2.952566
evaluations raw_y rep iid sigma t d_norm d_mean ps_norm ps_mean pc_norm pc_mean ps_squared loglikelihood mhl_norm mhl_mean x0 x1 x2 x3 x4 x5 x6 x7 x8 x9 x10 x11 x12 x13 x14 x15 x16 x17 x18 x19 x20 x21 x22 x23 x24 x25 x26 x27 x28 x29 x30 x31 x32 x33 x34 x35 x36 x37 x38 x39
1 55057.6905684244 9.0000000000 4.0000000000 0.7669590729 67.0000000000 5.6140890043 0.8840320542 5.8750550851 0.1472769245 5.1237265374 0.1073395454 34.5162722533 -620.9443024147 26.2537932905 6.7006872310 0.002217 -0.579088 -2.232133 -0.025766 -0.756723 -0.962271 -3.034662 -0.981744 -0.481361 -1.295895 1.271782 3.480235 0.593364 1.415007 3.645632 0.861538 3.085459 -1.801442 -0.274250 2.595158 1.350542 0.063916 1.836292 0.761019 1.032735 -0.710479 0.417554 0.656822 -0.996450 -4.183554 -0.165175 4.910365 -5.000000 -1.826559 -0.454629 0.538631 2.260923 2.084795 2.607621 2.778801
24 27884.8519594735 9.0000000000 4.0000000000 1.8809797415 1.0000000000 6.3122962230 0.9980375944 2.9788597838 0.1017978347 2.5261854079 0.0863284019 8.8736056117 -1299.9006834928 27.2334732471 6.9898979869 1.106032 -0.029616 0.777768 -2.945584 0.820882 -2.244822 -0.540460 -1.275173 0.920758 0.590027 2.118627 1.554219 -2.473617 4.274305 2.420526 4.065823 3.441117 0.398085 2.280616 1.787615 -0.742592 -1.485023 2.785769 -0.116622 -4.058350 -3.175104 0.399468 2.389426 -1.006307 -2.680836 -0.405002 2.595835 -0.384673 -2.658825 0.065645 -0.927930 2.444280 3.793692 -1.288207 -0.500528
27 24049.2068085505 9.0000000000 4.0000000000 1.8809797415 1.0000000000 6.3122962230 0.9980375944 2.9788597838 0.1017978347 2.5261854079 0.0863284019 8.8736056117 -1299.9006834928 27.2334732471 6.9898979869 -0.509588 0.816547 -0.907953 2.557597 -0.776714 0.591915 -3.782919 2.370623 -2.067897 1.822837 0.726508 1.061875 -0.753631 0.888389 1.966528 1.170018 2.148174 -0.780337 -0.215095 -2.844369 0.727142 1.258374 0.575337 -0.566774 -2.836042 -1.584115 4.241536 0.124903 -3.249624 -1.439119 -1.052279 0.172883 1.138051 -0.195642 0.406388 1.943733 -0.409619 1.055805 1.778036 0.936167
48 947.6068420155 9.0000000000 4.0000000000 1.7233834873 3.0000000000 6.2846882900 0.9936263875 4.1643489190 0.0300489301 3.6247612867 0.0324338303 17.3418019188 -1252.0687757448 27.5447849388 7.0460616141 0.258083 -3.584572 -2.708972 1.692980 -0.086594 1.540816 -2.129117 -1.216697 -2.125128 -3.321137 -0.833222 3.950782 -0.714431 0.109871 3.609575 5.000000 3.736930 0.455687 0.513682 0.110819 -3.522957 0.726154 -1.051702 -0.509166 -1.953578 -2.276538 0.352723 -2.169521 -4.928549 3.470347 3.593181 3.499124 0.634335 -0.081864 -2.771420 0.352083 4.144195 1.374853 2.332605 0.263920
100 526.1922962253 9.0000000000 4.0000000000 1.6052591693 6.0000000000 6.2504040957 0.9881043828 5.1789944609 0.1124625237 4.7073301048 0.1049563668 26.8219836258 -1152.7853825356 25.6130842565 6.5502412736 -3.900762 -1.743906 1.185775 2.205151 -0.406228 -0.782878 -4.527532 2.839427 -3.004217 -4.438768 -1.588281 1.604438 0.373037 -3.742047 -0.952641 3.339756 -1.814937 -0.348321 -0.673292 0.329707 -4.369324 -1.001136 3.675695 0.564366 -3.916408 -3.737687 4.052608 2.052974 -0.935780 2.307825 2.509863 0.476921 0.155567 1.728335 0.597979 1.885615 2.713679 0.561910 -1.217548 1.548849
319 513.3455074815 9.0000000000 4.0000000000 1.1941401697 21.0000000000 6.0807801185 0.9606484322 5.5134777714 0.1672740387 4.7610937202 0.1472225760 30.3984371354 -982.7223932217 26.9637679453 6.8719264609 -0.854463 1.945025 -1.433509 1.380584 0.692982 -4.463446 -2.759500 3.141096 -5.000000 -0.091742 0.316188 2.503721 3.745887 -3.182208 2.952101 5.000000 -2.982641 -2.690022 -0.246254 1.624154 -2.513523 -0.318713 0.742725 3.819019 -3.020546 -1.749715 0.761300 -4.418521 -2.962587 3.032276 1.054645 2.097854 0.057500 -1.221672 0.256690 2.506875 3.219961 -2.423644 -2.461446 2.712499
503 499.4303258237 9.0000000000 4.0000000000 0.9754315123 33.0000000000 5.9543263553 0.9401973971 4.6346967359 -0.0125490044 4.2303781173 0.0185377202 21.4804138341 -801.9875301619 25.3981839368 6.5186289502 -2.204996 -1.937259 1.604732 -1.007365 -0.717030 -3.236598 -2.762161 4.074174 -3.951579 -3.325522 1.085820 5.000000 1.688732 -1.119799 3.354831 3.489082 -3.601018 -3.375332 2.216746 -0.251079 -1.246954 1.842094 2.684332 1.295277 -4.934976 -3.083434 0.480254 -2.512991 -1.993148 1.921111 0.316657 0.533787 3.469215 -3.967124 0.117640 3.582717 4.816414 4.206956 0.447861 2.929648
777 483.1076272757 9.0000000000 4.0000000000 0.8327347786 51.0000000000 5.7691802097 0.9100024737 6.8192593747 -0.2128732739 6.1305814614 -0.2057770138 46.5022984189 -663.0827811215 24.7642033300 6.2568417346 -3.688884 -3.587015 2.063796 2.207120 1.779870 -2.035904 -5.000000 2.049875 -2.158856 0.378624 2.560252 2.509149 1.492505 0.231214 4.217463 3.002402 -3.774846 -4.025713 3.657060 1.273714 -0.838163 1.793040 -0.086119 -0.540538 -2.434927 -4.822673 1.106561 -2.327644 -4.172631 2.217420 1.525226 1.975574 -0.194622 -5.000000 0.724207 2.278415 2.469819 0.956946 1.151814 2.080564
1005 41721.3667104351 9.0000000000 4.0000000000 0.7437235400 67.0000000000 5.6186932029 0.8850696298 4.9329461072 0.2534986329 4.2382144244 0.2017448853 24.3339572964 -569.2762169215 24.8408737505 6.3163849879 -3.880760 -5.000000 2.897523 2.972017 0.422955 0.354106 -2.831467 0.904152 -2.560441 1.077457 2.798490 3.987344 3.281535 -0.180544 3.661774 2.912611 -2.235007 -4.283757 2.644654 -0.505044 0.304503 1.598003 1.878377 -0.177693 -3.599605 -4.758226 0.424739 -5.000000 -4.410232 3.315153 2.327036 3.057358 1.256836 -3.037806 -1.164712 3.136918 2.568599 1.016780 0.233859 2.226178
evaluations raw_y rep iid sigma t d_norm d_mean ps_norm ps_mean pc_norm pc_mean ps_squared loglikelihood mhl_norm mhl_mean x0 x1 x2 x3 x4 x5 x6 x7 x8 x9 x10 x11 x12 x13 x14 x15 x16 x17 x18 x19 x20 x21 x22 x23 x24 x25 x26 x27 x28 x29 x30 x31 x32 x33 x34 x35 x36 x37 x38 x39
1 3240847.9448486222 10.0000000000 4.0000000000 0.7437235400 67.0000000000 5.6186932029 0.8850696298 4.9329461072 0.2534986329 4.2382144244 0.2017448853 24.3339572964 -569.2762169215 24.8408737505 6.3163849879 2.663173 1.430558 -3.090801 -0.016768 1.242672 -1.440171 0.531023 0.217097 0.008583 -0.349200 0.866052 2.406075 -1.930131 2.056548 0.457260 0.890275 -2.273204 0.270274 2.969074 -2.159610 -3.955457 -3.486745 0.532140 4.769935 2.247383 3.345244 0.198298 2.795993 -0.542496 1.226408 -0.534634 -1.098618 0.265417 -0.952284 2.616946 0.390027 0.800420 -0.675265 2.512945 -1.463939
2 2026336.6548737341 10.0000000000 4.0000000000 0.7437235400 67.0000000000 5.6186932029 0.8850696298 4.9329461072 0.2534986329 4.2382144244 0.2017448853 24.3339572964 -569.2762169215 24.8408737505 6.3163849879 1.320463 -0.701744 -1.878867 -0.978674 -1.609182 -0.425395 -0.678280 0.624340 1.130305 -0.294841 -0.051811 0.578188 -1.079758 1.416320 1.684449 0.407162 4.789407 1.834918 -0.224545 -0.724361 -0.464365 -1.003458 2.257570 -1.395620 -0.162244 -1.058592 2.092366 -2.837112 -0.724998 -0.243811 0.638713 0.921806 -0.431580 1.978145 0.629508 4.935302 -3.016643 1.241201 -2.090265 -1.596018
11 60693.2426263361 10.0000000000 4.0000000000 0.7437235400 67.0000000000 5.6186932029 0.8850696298 4.9329461072 0.2534986329 4.2382144244 0.2017448853 24.3339572964 -569.2762169215 24.8408737505 6.3163849879 0.924771 -2.439711 0.385146 0.870901 -3.269888 0.869875 2.795639 0.249334 -1.782903 -1.153787 -0.149898 -1.043553 -5.000000 2.925422 -0.933805 -0.358039 1.849495 0.470490 -0.977217 -0.185963 1.070803 1.101689 -0.383044 1.589395 1.570193 -0.975449 -2.011730 0.655151 1.158097 -0.919851 -0.871632 1.072537 0.314030 2.717578 1.030690 4.768249 1.058381 -1.792288 -0.395620 -0.190952
45 739.8496660801 10.0000000000 4.0000000000 1.8088618317 2.0000000000 6.2988710731 0.9959007794 3.9210534063 -0.0182687934 3.3888332957 -0.0135168417 15.3746598153 -1222.8019990402 25.2706162172 6.4570206114 2.260551 1.475855 -1.500946 0.266406 -0.889849 0.875802 2.181507 0.842824 -4.590524 0.572620 -1.458189 -3.708159 -1.521474 2.894651 4.175288 -0.776640 1.241736 -1.970006 1.176058 -3.833207 -0.913344 1.387256 -0.845562 -2.711568 2.275646 0.050153 0.913653 1.677300 0.440968 3.426398 -3.357378 -0.747190 -0.890400 1.320403 0.325733 2.726488 -1.985507 -1.708685 0.958395 0.827353
234 476.0909940977 10.0000000000 4.0000000000 1.4361060683 15.0000000000 6.1496876969 0.9717763774 5.3694210829 0.0039719084 4.9558116013 0.0051824081 28.8306827658 -1052.4345427967 24.8971955472 6.3654362330 -2.459207 -2.250620 -2.726775 4.281020 -5.000000 0.302859 0.453818 -1.308894 -1.445418 1.823440 2.821861 -3.413715 -5.000000 3.284012 1.572790 -3.119986 -1.611023 -0.416840 -4.557017 1.340132 3.038414 -1.007223 -0.874304 1.885849 0.958635 -2.956150 2.575544 -1.694195 -2.044869 1.274735 -2.569941 3.045281 3.537579 2.773421 -1.106502 2.247223 -3.038348 3.721151 2.595867 3.969531
270 392.9396804597 10.0000000000 4.0000000000 1.3779367087 17.0000000000 6.1281004581 0.9682862633 4.9182230095 -0.0042083959 4.5758651773 -0.0055203905 24.1889175708 -1025.9442057939 25.0363298721 6.3545139556 -0.558790 -4.621116 -2.029494 0.434466 -3.150111 2.005991 -0.442778 -1.792455 -0.645400 1.586052 1.668149 -3.493659 -4.113810 -1.428914 4.097007 -3.289922 -0.822449 -0.706946 -3.666817 -3.759547 2.478345 2.061474 1.370473 3.204388 1.109366 -3.212317 1.805160 -1.767512 -3.087035 1.429495 -3.387625 3.736826 2.310402 -2.069362 -0.093273 4.323420 0.032736 2.756419 3.250829 1.559987
431 379.9502304493 10.0000000000 4.0000000000 1.1852001734 28.0000000000 6.0112286991 0.9492086827 6.2957418026 0.0982849183 5.7208090076 0.0913020167 39.6363648448 -933.0526285796 25.6025410429 6.5626458352 -1.581852 -3.105536 -1.623419 4.152325 -4.197325 4.610250 -4.632985 1.171224 -1.271550 2.515093 -2.718703 -3.070401 -4.191866 1.349193 0.131451 -3.870152 -2.221838 -2.199885 -3.443013 -1.276406 2.336400 -0.539532 -3.819757 2.947916 1.678360 -0.703230 -1.087162 -1.711422 -5.000000 -1.042588 -0.661441 1.925949 2.908532 3.367213 1.846452 4.493678 2.166385 4.901284 3.459226 1.849854
610 374.2957424629 10.0000000000 4.0000000000 1.0097069144 40.0000000000 5.8821975668 0.9282402615 5.2089583699 0.1898362510 4.6111731369 0.1966931837 27.1332472989 -823.6714962479 25.9618702267 6.5987007024 1.890063 -3.459583 1.972478 3.322295 -5.000000 1.581957 -1.360809 -0.353442 1.359037 2.700071 -0.180711 -3.007341 -1.902730 2.232968 4.658423 -3.199311 -1.636719 -0.460095 -3.328888 -1.933173 3.426939 2.136850 -1.702925 2.963941 1.986742 -2.918890 -2.408854 0.438953 -3.022099 -0.746311 -2.045457 4.485695 3.013291 1.266224 5.000000 4.334452 1.490130 1.483661 2.683921 1.848911
647 371.7940890776 10.0000000000 4.0000000000 0.9198474555 43.0000000000 5.8542030804 0.9237294284 4.6023090851 0.0683595085 4.1245509383 0.0996482483 21.1812489146 -745.5728010732 25.1576523278 6.4544323219 1.380480 -4.032129 1.147360 3.833434 -4.077609 2.137672 -1.844177 1.858753 0.577859 1.425537 -1.731280 -2.273159 -2.000711 1.937605 3.531160 -1.890374 -2.972124 -0.954316 -3.735915 -1.629570 4.316389 1.869395 -1.807543 3.808590 0.815151 -0.089196 -1.645800 2.805859 -2.273347 -0.028135 -0.342555 3.091359 4.749377 0.922508 3.658269 3.847625 0.244510 1.219494 2.482151 1.334318
1005 18419.1190762045 10.0000000000 4.0000000000 0.6689628781 67.0000000000 5.6039135287 0.8831384538 4.8533794812 -0.0816314473 4.2230661239 -0.0689870896 23.5552923887 -522.9191596386 25.5814277373 6.4841774121 1.055415 -3.835990 0.633662 0.988299 -2.725061 2.389321 -0.865397 0.171010 -2.456622 3.752141 -1.634547 -0.700683 -1.633135 0.367868 4.128601 -0.724374 -4.600988 -2.124546 -1.481849 -3.173150 4.339897 3.359883 -0.759522 1.904143 1.896051 -0.024429 -3.938628 -1.519212 -0.676961 -0.553456 -2.264871 3.062975 3.443649 1.906537 3.616363 2.725424 1.017148 1.575723 3.470786 1.594612
evaluations raw_y rep iid sigma t d_norm d_mean ps_norm ps_mean pc_norm pc_mean ps_squared loglikelihood mhl_norm mhl_mean x0 x1 x2 x3 x4 x5 x6 x7 x8 x9 x10 x11 x12 x13 x14 x15 x16 x17 x18 x19 x20 x21 x22 x23 x24 x25 x26 x27 x28 x29 x30 x31 x32 x33 x34 x35 x36 x37 x38 x39
1 7871188.6629617987 11.0000000000 4.0000000000 0.6689628781 67.0000000000 5.6039135287 0.8831384538 4.8533794812 -0.0816314473 4.2230661239 -0.0689870896 23.5552923887 -522.9191596386 25.5814277373 6.4841774121 3.498909 -0.572146 -0.969130 -5.000000 -0.016569 -0.639263 -1.073259 0.630805 0.842101 -2.131206 -1.772479 -0.951467 1.379365 1.122384 -2.611097 -2.238951 1.473675 3.149268 -0.062150 -1.366893 2.191259 -0.619153 1.451504 3.098143 1.260160 0.146986 1.464543 -1.285151 -0.356186 -1.147909 -0.408751 -0.972990 -0.371551 -0.761073 0.177955 0.127343 0.592694 2.805542 -3.093725 2.591237
2 20681.8942072430 11.0000000000 4.0000000000 0.6689628781 67.0000000000 5.6039135287 0.8831384538 4.8533794812 -0.0816314473 4.2230661239 -0.0689870896 23.5552923887 -522.9191596386 25.5814277373 6.4841774121 -0.474501 -2.464692 -0.344840 0.183677 2.135117 -2.123269 0.434696 0.235639 -3.368222 -2.371511 1.200204 1.391135 2.175422 1.067643 0.790424 0.245735 2.418203 -1.686132 -0.283787 0.770708 -3.154989 2.621887 -1.585730 -0.143499 4.313349 -1.658875 -1.058744 3.123407 -2.160388 -0.864115 1.032168 0.910786 1.187372 0.741013 2.690756 2.031884 1.190557 -1.365603 -1.427120 -3.816579
10 589.0442773536 11.0000000000 4.0000000000 0.6689628781 67.0000000000 5.6039135287 0.8831384538 4.8533794812 -0.0816314473 4.2230661239 -0.0689870896 23.5552923887 -522.9191596386 25.5814277373 6.4841774121 2.030053 1.654722 -2.948405 4.172755 -0.329335 0.024471 -0.006018 -0.463902 -1.934196 -0.653921 2.644684 -2.724291 -4.864508 1.069946 0.675318 1.455726 3.454381 -1.450582 0.354324 1.005139 2.463248 2.051846 -1.686017 -2.755008 -0.545360 -3.225738 2.219090 -0.789579 -0.712224 -1.779990 3.047086 0.575709 -0.824678 1.222865 -0.170952 1.186996 2.637623 -0.529769 1.024272 0.955771
351 495.3378950467 11.0000000000 4.0000000000 1.2773463299 23.0000000000 6.0547132288 0.9564036046 6.2264221357 -0.1372335578 5.7338444474 -0.1231350704 38.7683326121 -957.5950858427 24.4120295403 6.2384486577 4.434495 -2.948974 -0.684182 1.186290 0.597027 -1.112736 4.596337 -1.028424 -1.453847 3.971580 -3.775055 -0.626582 -5.000000 2.249044 3.929987 3.139701 0.088941 0.413085 2.204779 2.534160 -1.426583 -1.393089 -0.358062 -0.082905 2.384596 -5.000000 0.177789 -1.577590 -1.700662 0.711744 2.873837 -4.423976 1.046954 0.119322 -1.978898 0.210599 -1.931360 -1.065109 -5.000000 -2.080368
940 485.7396466461 11.0000000000 4.0000000000 0.8451901011 62.0000000000 5.6632333229 0.8922946339 5.7829802027 -0.3042715455 5.1155749475 -0.2597864447 33.4428600254 -695.2823122290 26.4526531934 6.7044270657 5.000000 -3.882685 -4.253019 0.239954 1.125998 -0.026031 0.523777 -3.149749 -0.697677 0.862950 0.117978 1.446226 -1.127329 4.707675 -0.778392 -1.955100 2.415519 -2.161774 -0.851493 -4.090457 -1.875606 -4.519877 1.052835 -3.929320 -2.214926 -0.812103 2.298142 0.582789 -2.180891 -3.498832 -1.004161 -1.350647 -1.238486 -4.070247 -2.945088 -0.309179 -3.050100 -1.420586 -3.651103 -2.331960
1005 984198.8345323737 11.0000000000 4.0000000000 0.7625199105 67.0000000000 5.6098276058 0.8836251906 4.9561274310 0.0430450837 4.2738611735 -0.0037369018 24.5631991127 -633.1954683771 26.8610708899 6.8543507243 4.909034 -3.672931 -4.417303 -0.144907 2.458595 -1.022878 -0.308569 -2.083419 -0.598185 0.999507 0.068149 0.388763 -1.018927 3.389911 -2.564721 -1.625098 1.480752 -4.542315 -1.058757 -2.191323 -1.338681 -3.000391 4.466787 -3.979163 -0.901791 -1.267408 2.972165 0.659182 -2.188214 -2.541391 -1.469669 -1.195291 -1.234269 -4.693313 -2.679783 -0.185921 -3.495096 -2.852961 -3.366505 -2.342522
evaluations raw_y rep iid sigma t d_norm d_mean ps_norm ps_mean pc_norm pc_mean ps_squared loglikelihood mhl_norm mhl_mean x0 x1 x2 x3 x4 x5 x6 x7 x8 x9 x10 x11 x12 x13 x14 x15 x16 x17 x18 x19 x20 x21 x22 x23 x24 x25 x26 x27 x28 x29 x30 x31 x32 x33 x34 x35 x36 x37 x38 x39
1 10534517.8048257157 12.0000000000 4.0000000000 0.7625199105 67.0000000000 5.6098276058 0.8836251906 4.9561274310 0.0430450837 4.2738611735 -0.0037369018 24.5631991127 -633.1954683771 26.8610708899 6.8543507243 0.945972 -1.362852 0.484879 -3.401471 1.506286 -3.069443 0.010254 -0.240455 -1.613964 5.000000 -1.195646 0.944914 2.191912 -2.430338 2.684713 -0.244300 2.025031 -1.827738 -2.059060 2.419593 1.003745 0.277692 1.281522 1.054665 -2.308720 -4.426667 -3.363513 -3.576189 -4.437070 -1.294862 -1.056809 -0.078418 0.429952 -0.768718 -0.507808 0.146504 -1.994408 -1.427713 0.070833 -1.355891
2 89614.7017577919 12.0000000000 4.0000000000 0.7625199105 67.0000000000 5.6098276058 0.8836251906 4.9561274310 0.0430450837 4.2738611735 -0.0037369018 24.5631991127 -633.1954683771 26.8610708899 6.8543507243 -1.143762 -0.211725 2.671663 0.637331 -0.675191 -1.170537 -0.229840 4.483636 -5.000000 1.070272 0.464981 1.735224 -2.296425 4.228688 2.001886 -0.102830 0.319575 -1.432527 0.101046 -0.286675 1.887151 0.715288 -0.166898 1.355612 1.112121 0.445439 -3.057971 2.058422 -2.332518 -2.019123 -0.210536 1.024044 2.815456 -3.375393 2.942468 3.272926 -0.922790 -0.402725 -1.143633 -1.206598
11 36766.9960175822 12.0000000000 4.0000000000 0.7625199105 67.0000000000 5.6098276058 0.8836251906 4.9561274310 0.0430450837 4.2738611735 -0.0037369018 24.5631991127 -633.1954683771 26.8610708899 6.8543507243 0.601748 1.735519 1.416325 -0.810166 -1.678339 -2.368771 4.279087 2.271114 2.909401 -0.294458 4.054898 1.028554 0.475938 -1.051301 -2.823503 1.365831 0.149439 -0.007263 -2.697830 -4.004379 -2.219703 1.773504 3.807876 -1.304756 -0.658830 -3.140089 -2.023669 0.639530 -1.546446 0.204053 2.465019 -0.375216 -2.319979 3.327423 1.213886 0.410209 0.631770 -0.434736 1.382947 -2.780913
21 620.6336932913 12.0000000000 4.0000000000 1.8817073622 1.0000000000 6.3122596096 0.9980339894 2.9997018498 -0.0469903903 2.5438602657 -0.0398496226 8.9982111875 -1293.7243518101 26.9856016416 6.9173900771 5.000000 -0.289652 -0.044545 1.701079 -0.389406 -4.926127 5.000000 3.197776 -1.280960 2.723272 4.188387 -5.000000 -0.549998 5.000000 3.768467 0.175342 -0.139634 0.237138 -2.917686 -1.009852 -4.738515 -1.847927 1.807680 -3.312790 -2.387581 -0.386053 -2.528809 -0.965629 -0.679738 0.035810 1.563077 -2.925201 0.356473 -3.154657 -0.564939 -0.135892 -2.885786 -0.614455 0.106856 -1.460799
178 445.5394185403 12.0000000000 4.0000000000 1.4500392943 11.0000000000 6.1868922439 0.9779169469 5.1246021447 -0.1011332824 4.7824148392 -0.0861545612 26.2615471419 -1072.4438702315 25.2483171070 6.4198432458 -2.112254 -0.111148 1.588557 3.125191 -2.516183 2.130683 2.551351 1.572846 -0.736904 -0.037369 1.073909 -2.437202 5.000000 4.206409 3.213039 0.443310 1.224733 -3.658798 -2.459343 -1.765018 -2.151910 0.679155 1.984729 -5.000000 -2.726449 3.677539 2.344284 -1.402653 1.925989 -0.659702 -0.712648 1.158903 4.822655 2.306688 -4.378555 0.405039 -0.521838 3.708422 -2.956850 -1.432755
194 437.3901542747 12.0000000000 4.0000000000 1.4309333864 12.0000000000 6.1790096968 0.9766327892 5.5704411427 -0.0401674193 5.0540456705 -0.0387909140 31.0298145243 -1092.7560328484 26.3613601857 6.7284463730 -2.910399 0.353949 4.932469 0.934376 -1.144588 1.177526 5.000000 3.237613 -1.830036 -0.711351 0.044577 -2.789458 3.955640 5.000000 2.017945 1.504910 0.229468 -5.000000 0.958220 0.232105 -5.000000 0.025370 -0.780631 -5.000000 -5.000000 0.394009 0.358036 -4.037072 0.169579 -1.858367 -4.405837 1.131223 4.807227 1.758084 -3.155610 -1.338039 -2.140369 -1.666122 -3.230323 -1.082035
402 382.6548588243 12.0000000000 4.0000000000 1.2290968590 26.0000000000 6.0347787125 0.9531318163 5.5302289431 0.2625105726 5.0819504939 0.2319759340 30.5834321628 -926.0525140911 24.2116495835 6.1512280333 -4.160921 0.946842 2.464939 0.001047 -2.272558 1.225886 4.717958 5.000000 0.616132 -0.437125 -0.458567 -3.121731 5.000000 3.405663 -2.725485 2.919222 3.876663 -3.033640 -0.772478 3.579125 -3.100794 0.402244 1.421107 -0.011631 -4.037994 -3.577771 5.000000 -2.729883 2.511316 1.925448 1.019756 2.399783 2.063570 0.355873 -0.478942 0.401311 -3.798766 -0.389428 -3.515833 -2.636016
577 327.3974391417 12.0000000000 4.0000000000 1.0441103277 38.0000000000 5.9065222335 0.9321956570 5.2575451738 0.3037889743 4.6942977766 0.2747530172 27.6417812547 -803.3424520908 24.0581128606 6.1013034975 -5.000000 2.899286 2.587732 0.349519 -2.792256 0.750130 5.000000 3.810141 1.086457 -0.805428 1.317855 0.576267 2.940485 4.837323 -2.701683 4.235545 2.974550 -2.362742 -1.228666 2.802451 -2.624681 0.683374 2.152767 0.374109 -1.946871 -5.000000 2.925304 -3.516277 3.598826 0.409523 2.028232 1.244879 4.278481 -2.977017 1.596753 2.157386 -2.310520 1.611594 -2.646366 -1.736858
1005 18273.9917833234 12.0000000000 4.0000000000 0.7356678673 67.0000000000 5.6169728940 0.8847295222 5.2468707460 0.1680682190 4.7964789919 0.1033867869 27.5296526251 -582.3632442312 25.3734994307 6.4568629115 -3.881026 4.644121 2.252032 -0.131301 -0.968207 1.879076 4.496526 3.012945 -3.501938 -0.135073 0.247005 -2.686907 5.000000 4.998716 -4.011731 2.707145 1.527893 -2.316647 1.553848 5.000000 -4.682438 0.962302 3.753632 1.315279 1.316737 -2.639021 1.227951 -4.492801 3.762167 -2.535086 3.689859 1.875179 4.967896 0.310750 1.459907 1.783074 -1.449925 -2.251838 -3.165128 0.094516
evaluations raw_y rep iid sigma t d_norm d_mean ps_norm ps_mean pc_norm pc_mean ps_squared loglikelihood mhl_norm mhl_mean x0 x1 x2 x3 x4 x5 x6 x7 x8 x9 x10 x11 x12 x13 x14 x15 x16 x17 x18 x19 x20 x21 x22 x23 x24 x25 x26 x27 x28 x29 x30 x31 x32 x33 x34 x35 x36 x37 x38 x39
1 18977543.3906234987 13.0000000000 4.0000000000 0.7356678673 67.0000000000 5.6169728940 0.8847295222 5.2468707460 0.1680682190 4.7964789919 0.1033867869 27.5296526251 -582.3632442312 25.3734994307 6.4568629115 -1.424781 1.507533 -0.089006 0.903625 2.690203 1.064676 2.700376 1.722423 2.957371 -2.090754 -1.577978 -2.523212 1.125694 -0.486653 1.827481 0.634702 0.254607 4.300766 1.212577 -0.053543 -1.968322 2.381411 1.905661 -2.174363 -0.290423 0.475716 -3.278187 -0.556269 2.798477 -3.230216 0.981744 3.785484 -1.241959 -0.907505 0.434903 1.028658 0.794483 -3.025690 -1.528068 0.202540
2 9298704.9695238173 13.0000000000 4.0000000000 0.7356678673 67.0000000000 5.6169728940 0.8847295222 5.2468707460 0.1680682190 4.7964789919 0.1033867869 27.5296526251 -582.3632442312 25.3734994307 6.4568629115 -0.634532 2.276666 -0.644247 -0.740232 3.699225 -0.163303 -1.960549 -0.004778 -0.464852 1.421950 0.906317 -0.665352 -0.768915 -1.060655 2.700612 4.030442 -0.115065 1.129309 0.719065 -1.023930 -1.046328 -0.962743 -3.848319 -1.514906 0.906962 1.844688 -0.414699 -0.751840 1.279768 4.107386 -1.856670 -1.549320 -0.874291 1.095837 -1.708286 0.931316 -1.441999 1.124523 -0.629716 -0.859794
3 4695664.9766394226 13.0000000000 4.0000000000 0.7356678673 67.0000000000 5.6169728940 0.8847295222 5.2468707460 0.1680682190 4.7964789919 0.1033867869 27.5296526251 -582.3632442312 25.3734994307 6.4568629115 1.629991 -2.370838 -1.537254 1.458331 1.531822 0.415600 -4.374231 1.443930 0.697501 -0.677237 -3.890781 1.661811 3.498484 1.002275 2.660634 -1.315035 0.369892 -1.302113 -2.241014 -0.693214 -1.822690 -1.492271 -1.541937 -0.827907 -0.583623 0.253545 -2.494672 0.634342 -3.636843 0.111384 0.161732 -4.639695 -0.682242 2.179692 0.901062 -0.988597 -1.093153 0.584053 0.308409 1.634611
5 2054598.7770221694 13.0000000000 4.0000000000 0.7356678673 67.0000000000 5.6169728940 0.8847295222 5.2468707460 0.1680682190 4.7964789919 0.1033867869 27.5296526251 -582.3632442312 25.3734994307 6.4568629115 1.509410 -1.519770 -2.109314 -1.955398 1.494743 2.151363 -1.514954 -1.021652 -0.051291 -1.918080 -0.995943 1.876921 -2.446223 0.737190 2.358069 -2.152183 2.188550 0.009228 -1.070367 1.736755 0.145982 -0.480121 -1.155683 -1.683343 -1.106805 -0.483011 1.524462 -0.505035 0.583281 -0.779311 0.950375 -0.144726 2.538116 0.514498 -3.328513 -0.243493 -0.883024 1.910493 0.039942 1.725634
8 1453877.0545721776 13.0000000000 4.0000000000 0.7356678673 67.0000000000 5.6169728940 0.8847295222 5.2468707460 0.1680682190 4.7964789919 0.1033867869 27.5296526251 -582.3632442312 25.3734994307 6.4568629115 -1.734031 0.742319 -0.322548 0.899033 -4.653852 -0.831623 5.000000 0.749536 1.999048 0.678243 -0.698438 1.687684 1.483801 -0.703994 -0.380992 1.344544 -1.599374 -1.689385 2.344555 2.298126 -0.387610 3.133280 1.715810 0.819531 -1.018002 1.543774 -1.067687 -0.142302 -1.238369 2.425190 0.281228 0.039784 1.358641 4.979415 2.105064 -3.068193 0.030350 0.234105 -1.115369 -1.914131
13 1161278.8978565035 13.0000000000 4.0000000000 0.7356678673 67.0000000000 5.6169728940 0.8847295222 5.2468707460 0.1680682190 4.7964789919 0.1033867869 27.5296526251 -582.3632442312 25.3734994307 6.4568629115 1.514223 -2.417145 1.877207 -2.293377 0.461640 1.093516 -0.815233 -1.336616 0.522879 0.937869 0.223261 0.565981 -2.939269 -0.292739 -2.167183 -0.000299 -2.305452 -1.826893 -2.105336 -1.117221 -0.878666 -0.570578 0.823888 -2.222869 2.829007 -1.092530 -1.911739 0.200711 -1.235378 -1.357637 -0.029289 -2.922182 1.594340 -3.143008 -1.780430 1.713620 1.822750 0.282579 -3.231768 -1.175531
14 1047052.4202787118 13.0000000000 4.0000000000 0.7356678673 67.0000000000 5.6169728940 0.8847295222 5.2468707460 0.1680682190 4.7964789919 0.1033867869 27.5296526251 -582.3632442312 25.3734994307 6.4568629115 -1.610625 -1.688368 -1.052137 0.338701 1.298914 0.068062 -2.109885 -0.324369 0.108368 1.361336 -1.591859 -1.305929 -1.648543 -2.584270 0.401928 -1.455411 1.472116 1.332033 -0.293185 0.156975 -1.078016 0.108413 -0.071431 2.007861 -1.187279 1.882120 1.063447 0.479163 -2.539058 -2.200774 -0.248231 0.047328 -2.680349 3.225797 0.141947 -0.422831 0.894650 -1.681074 -4.298177 -0.398964
16 175826.1989994404 13.0000000000 4.0000000000 1.8643462926 1.0000000000 6.3099756007 0.9976818968 2.5001973629 -0.1524720417 2.1202616281 -0.1293020400 6.2509868534 -1249.7162820943 25.5605503802 6.5137022176 -1.619596 -2.478743 0.300866 1.114547 -1.675190 0.180519 1.913779 0.140416 4.435577 -0.011147 -2.059764 0.926811 -3.025224 -1.955742 -1.911090 -2.046366 -0.055513 -2.706885 -1.362490 -1.760713 2.067980 -0.439149 -1.007832 -1.432960 -2.185352 2.562786 0.672400 1.015996 -3.586507 1.695879 0.574979 2.648867 -0.221322 -1.192087 0.529598 -2.861683 -0.822651 -4.242594 -5.000000 1.440896
21 38517.3001735114 13.0000000000 4.0000000000 1.8643462926 1.0000000000 6.3099756007 0.9976818968 2.5001973629 -0.1524720417 2.1202616281 -0.1293020400 6.2509868534 -1249.7162820943 25.5605503802 6.5137022176 -2.254963 -0.788876 -1.904623 -0.184959 -2.121383 2.191247 0.766629 -3.862989 0.028194 -0.815977 -2.588266 1.192529 -3.613133 -1.399198 0.660460 4.529529 1.529455 -0.477207 -1.703675 0.403132 -0.024162 -0.603818 1.144163 3.397378 -2.169532 1.180401 3.657036 0.634615 0.753741 1.202588 -0.882625 -1.041390 3.099015 0.551543 -3.900184 0.480641 3.330820 -2.038912 -2.581546 0.054275
38 13832.0544430824 13.0000000000 4.0000000000 1.7980963694 2.0000000000 6.2986113531 0.9958624107 4.3353896936 -0.1539472203 3.7096814255 -0.1349336518 18.7956037950 -1287.5818068812 27.8110015616 7.0791710775 -2.221122 -3.668238 -0.321956 -3.206143 -1.083410 2.175686 2.180526 -0.525229 -0.776755 1.151343 3.430734 -1.544737 -3.526725 -1.104668 -0.245603 3.891151 0.556355 -0.733232 -2.245567 0.304743 3.150638 3.296143 0.637255 2.530619 -3.372521 0.664783 4.214345 -0.798645 -0.412049 0.520727 1.189402 -0.269549 1.382380 -1.761583 -3.558910 1.524038 -0.564590 -4.065607 -3.200238 0.896082
42 4031.2204002757 13.0000000000 4.0000000000 1.7980963694 2.0000000000 6.2986113531 0.9958624107 4.3353896936 -0.1539472203 3.7096814255 -0.1349336518 18.7956037950 -1287.5818068812 27.8110015616 7.0791710775 -2.691144 0.561645 0.085078 2.511244 -3.343401 0.517994 5.000000 -1.027825 -2.163300 2.211594 -0.391586 -2.194755 -5.000000 -1.294435 -2.729202 0.294337 0.994580 0.171139 -5.000000 0.489845 1.295644 0.895204 -0.684215 3.100997 -3.459965 3.900622 1.606529 0.228053 -0.672705 1.681981 -1.091887 0.627872 0.373190 0.283224 -1.619922 -2.622736 1.544953 -2.417677 -4.318110 1.232821
89 3402.4121420885 13.0000000000 4.0000000000 1.6701477540 5.0000000000 6.2646021222 0.9903907669 5.0925763596 0.0301547011 4.6312318665 0.0151790358 25.9343339780 -1208.5037988588 26.7442354911 6.8167260457 -2.445534 0.051366 -2.623912 2.695006 -3.293324 1.215901 4.849936 -2.633761 1.522826 4.116690 1.485401 -1.141360 -2.737687 -1.119333 0.438090 -2.219654 -1.013727 0.015360 -1.968395 -1.653317 1.135505 3.551544 -0.421433 2.450609 -4.013268 3.775975 2.190878 -0.947179 -0.179740 -2.044105 -0.325461 1.499978 -1.477976 0.023011 3.181036 -0.897360 3.092848 -1.878614 -4.433177 0.867855
123 622.3579512033 13.0000000000 4.0000000000 1.5676131349 8.0000000000 6.2277092104 0.9844506412 5.0096859998 -0.0181439914 4.6860202389 -0.0186614138 25.0969538161 -1108.0256671282 24.5843680256 6.2289163554 -1.491247 -1.951011 -3.403352 -1.451855 0.185609 -0.536302 2.058713 -2.470507 -3.386512 1.178665 1.190300 -2.237370 -2.375260 -0.592063 2.329418 -1.450876 0.500589 2.321731 -1.627744 1.094218 2.254099 3.342774 0.558907 3.926611 0.790623 1.546916 2.301609 -3.544704 -1.321612 -0.975966 1.121772 3.232421 -1.123035 1.940791 -2.452761 -0.363277 2.759430 -3.555436 -2.706159 2.793254
165 529.7459596933 13.0000000000 4.0000000000 1.4830777233 10.0000000000 6.1994318596 0.9799123125 5.2854678063 0.0175419029 4.8758559383 0.0112258492 27.9361699311 -1078.4545653228 24.9137713348 6.2989087486 -0.928354 -0.036246 -4.363082 -1.820672 -0.479894 -0.186655 3.815286 -5.000000 -3.550350 2.874159 1.172045 -1.842135 -3.830896 -3.612094 3.189887 -0.899323 -0.186061 1.963434 -2.213661 -1.705546 -0.551720 3.318136 0.032299 3.142650 -0.423631 2.027874 3.802001 -1.363420 -0.505414 0.494263 -0.198831 3.928319 1.404206 -0.600189 -0.278658 -0.651142 1.747710 -2.692997 -0.517847 4.146304
615 471.0409206582 13.0000000000 4.0000000000 0.8605360039 40.0000000000 5.8707362730 0.9266129030 4.2040991377 0.1149335013 3.8406027466 0.0806629764 17.6744495597 -708.2393244426 25.1988079457 6.4517738070 -1.864131 0.788661 -0.347154 0.592563 -1.591079 0.628412 3.415882 -0.112067 -2.649612 2.806281 -1.761626 -1.259755 -2.916293 1.302347 1.480389 -0.378857 -2.395238 4.634784 -2.487055 -4.143147 0.003156 0.208153 -2.880597 3.908471 0.687434 5.000000 3.883684 -3.099861 -2.433049 -4.427259 -3.335345 0.738174 0.822556 1.889123 -2.269532 -3.851742 0.277995 -0.851139 0.689507 2.726308
679 448.4383963236 13.0000000000 4.0000000000 0.8146115573 45.0000000000 5.8171694383 0.9178902465 5.6561996816 0.3394835729 5.1876554245 0.3037336752 31.9925948386 -642.5515487446 24.0907599841 6.1656469792 0.334197 3.180147 -0.104829 0.901635 0.671004 -0.253061 3.679022 -0.913214 -2.646702 5.000000 -1.296951 -0.512595 -1.350569 0.378522 1.241947 0.240613 -2.169050 4.291683 -1.951232 -3.231276 -2.579801 -1.349626 -2.017475 2.476467 0.773481 3.918234 4.022465 -2.244858 -1.067391 -3.264221 -2.711536 0.728582 1.821617 1.734170 -2.155006 -4.260655 -0.793700 -0.139814 -0.598160 3.212970
1005 50058.9170727275 13.0000000000 4.0000000000 0.8249005438 67.0000000000 5.6203717805 0.8846566219 6.0185232159 -0.1363067242 5.4997039776 -0.0737529610 36.2226217009 -645.6870573714 25.4467522979 6.4953071433 -2.183699 2.530820 -0.400800 1.511380 -2.008533 -3.040957 0.966467 1.695815 -3.884333 1.458064 2.066981 2.003545 0.710082 -0.072764 2.236314 3.145115 -1.099424 5.000000 -1.586489 -4.422315 -5.000000 1.816035 -0.504056 3.984064 -1.603003 0.550573 3.267718 -4.615990 1.522528 -3.248482 -3.443165 -0.810056 0.889350 3.892299 -2.074655 -5.000000 -3.300080 0.392583 -1.497836 1.603232
evaluations raw_y rep iid sigma t d_norm d_mean ps_norm ps_mean pc_norm pc_mean ps_squared loglikelihood mhl_norm mhl_mean x0 x1 x2 x3 x4 x5 x6 x7 x8 x9 x10 x11 x12 x13 x14 x15 x16 x17 x18 x19 x20 x21 x22 x23 x24 x25 x26 x27 x28 x29 x30 x31 x32 x33 x34 x35 x36 x37 x38 x39
1 251759.7081875100 14.0000000000 4.0000000000 0.8249005438 67.0000000000 5.6203717805 0.8846566219 6.0185232159 -0.1363067242 5.4997039776 -0.0737529610 36.2226217009 -645.6870573714 25.4467522979 6.4953071433 3.102678 0.158372 0.347953 -0.144673 -4.008659 0.289356 -3.002337 0.422219 -1.116410 2.169058 -0.372578 0.029323 -2.151139 1.284504 -0.360673 1.240601 1.621949 1.555872 -0.474979 -3.783825 -2.344244 1.672414 2.018547 2.586199 -1.098662 -1.963426 1.829346 1.746141 0.044222 -0.008287 -2.698252 -0.416436 2.653081 -1.832521 -0.940026 -0.298885 -0.650520 -3.611447 -1.000740 -1.129561
3 153044.5873090520 14.0000000000 4.0000000000 0.8249005438 67.0000000000 5.6203717805 0.8846566219 6.0185232159 -0.1363067242 5.4997039776 -0.0737529610 36.2226217009 -645.6870573714 25.4467522979 6.4953071433 -1.632498 -1.022753 -1.019616 -1.546922 -0.497033 -3.801384 1.599640 2.551948 -1.401988 -2.942301 0.522371 0.917017 -0.419033 1.864008 -1.173946 -2.266227 2.969538 -1.021326 -0.896438 -4.659827 -0.786878 -1.277527 -0.077215 1.342406 0.352363 -2.348591 2.080978 0.719458 1.086232 -0.169380 0.153202 -2.810301 -3.112469 -1.384754 -1.472439 0.364633 -5.000000 -1.262037 -1.800881 2.056018
11 1293.4869503293 14.0000000000 4.0000000000 0.8249005438 67.0000000000 5.6203717805 0.8846566219 6.0185232159 -0.1363067242 5.4997039776 -0.0737529610 36.2226217009 -645.6870573714 25.4467522979 6.4953071433 1.317228 0.195578 -2.819187 -1.634307 1.206133 3.116922 1.832111 -1.351856 -2.108428 4.457221 0.729876 -0.706850 0.354926 1.113574 -0.107859 0.216552 3.067863 -1.042300 -0.803606 0.783693 0.155681 -0.294020 0.472268 -1.660578 0.136176 -1.122551 2.873434 -1.285321 -0.010460 1.905077 -1.132806 0.496849 -1.741316 -1.464890 -1.425545 -1.278312 -0.416827 -5.000000 0.038956 -0.260768
51 900.7145617096 14.0000000000 4.0000000000 1.7845441126 3.0000000000 6.2900427529 0.9944689322 4.7850652746 -0.1119502075 4.1940526571 -0.1064085949 22.8968496822 -1243.1585186098 26.4041359353 6.7577689294 0.495507 -0.573392 1.820918 -1.486202 -1.038656 -0.742835 -2.378555 -0.716542 -0.706288 0.174897 0.740973 -0.524371 -3.448427 -0.007437 -1.338704 0.961022 1.443559 -1.121928 0.649501 -2.836906 -1.136653 -1.202571 2.381116 -1.415896 -2.252496 1.209481 2.477951 -1.079395 1.024120 4.393675 -5.000000 -5.000000 0.403614 1.486433 -2.890467 -0.151775 -0.271757 -1.476335 1.019545 0.515356
93 495.1798710677 14.0000000000 4.0000000000 1.6737763272 6.0000000000 6.2532264706 0.9885409012 5.3444165872 -0.1493233062 4.8809296313 -0.1504882827 28.5627886573 -1188.9289542548 25.9911155427 6.6502784478 -1.634144 -0.232302 5.000000 0.494679 0.799202 -0.085856 -3.085316 -3.332497 -0.775456 1.862350 2.400008 -3.538038 -2.252893 0.032489 -3.250587 -0.392682 5.000000 -0.953025 -1.094010 -3.943891 -1.497917 3.561547 4.273812 -2.846408 2.476454 0.425553 4.448823 -5.000000 -0.486945 0.092754 -4.375617 -5.000000 5.000000 -0.439059 0.081807 -0.451730 -2.086686 -1.065182 2.252200 2.460118
461 391.1181581070 14.0000000000 4.0000000000 1.2221839173 30.0000000000 5.9786315642 0.9439264469 5.5622932480 0.0530348448 5.2782135198 0.0920659931 30.9391061769 -901.3905135989 23.7039588389 6.0408489586 1.224212 2.637177 1.858124 0.230103 2.516975 -1.955765 -2.186978 -1.886871 3.602685 5.000000 -1.151789 -3.271907 -4.135951 0.631706 -2.861347 -2.614241 2.757376 1.193154 -4.255682 -3.194673 2.655325 0.427607 1.033929 1.223586 2.105172 3.772673 0.513060 4.962147 0.906962 -2.902424 -2.882679 -1.697276 -1.590689 0.701294 -3.484707 -0.748264 2.777970 -2.168836 -0.634062 1.403607
607 341.9000825171 14.0000000000 4.0000000000 1.0809101687 40.0000000000 5.8736745683 0.9265922888 5.3184385525 -0.0195747064 4.7758550241 -0.0005029134 28.2857886369 -870.8205484300 26.3239059490 6.6947549785 2.456243 3.599089 3.647755 -0.432432 3.013106 -1.689701 -1.775784 -2.489991 4.114216 5.000000 3.071217 -2.930186 -3.179206 0.452189 -1.376566 -2.063763 2.711833 1.479927 -2.503666 -2.924881 2.183460 0.526549 -1.637272 3.992347 2.365231 0.117882 -0.096270 2.160293 1.000538 -5.000000 -2.103616 -1.052773 -3.719644 2.919503 -4.530112 -2.461118 0.794058 -0.398220 1.656578 1.044619
1005 10763.2430000644 14.0000000000 4.0000000000 0.6606275212 67.0000000000 5.5868830331 0.8797961031 5.7427304128 0.1522102446 4.9497611697 0.1415908219 32.9789525941 -526.8453378326 26.2978705358 6.7043673604 2.480233 5.000000 1.242789 1.307825 2.885024 -2.496579 0.331056 -3.394347 2.838220 4.101649 3.463644 -3.123714 -0.754834 0.287137 -2.820271 -0.187829 4.822434 2.330156 -2.725633 -3.657631 -0.690543 2.212063 1.542137 3.151114 2.375223 1.009761 1.279206 4.844117 0.909880 -3.104455 -0.298068 -1.129715 -3.854132 3.641491 -3.867554 -1.472304 1.881309 0.532003 3.317342 1.603865
evaluations raw_y rep iid sigma t d_norm d_mean ps_norm ps_mean pc_norm pc_mean ps_squared loglikelihood mhl_norm mhl_mean x0 x1 x2 x3 x4 x5 x6 x7 x8 x9 x10 x11 x12 x13 x14 x15 x16 x17 x18 x19 x20 x21 x22 x23 x24 x25 x26 x27 x28 x29 x30 x31 x32 x33 x34 x35 x36 x37 x38 x39
1 33624608.8498034477 15.0000000000 4.0000000000 0.6606275212 67.0000000000 5.5868830331 0.8797961031 5.7427304128 0.1522102446 4.9497611697 0.1415908219 32.9789525941 -526.8453378326 26.2978705358 6.7043673604 -0.624657 0.678569 -0.311817 -1.003579 0.471138 -3.527211 -2.191724 -2.175531 -0.610340 -0.947497 -0.401189 0.710394 1.379035 0.821179 -1.129957 1.198781 -0.325873 3.200429 1.363254 0.029760 -0.175559 -1.964236 0.243381 -2.274875 0.698005 -3.717026 -2.334364 2.849794 2.993131 2.579864 -3.623491 -2.996614 -2.900286 -3.387814 0.454528 -0.979469 -0.001057 -0.980505 -1.586419 4.097798
2 13130635.4700259566 15.0000000000 4.0000000000 0.6606275212 67.0000000000 5.5868830331 0.8797961031 5.7427304128 0.1522102446 4.9497611697 0.1415908219 32.9789525941 -526.8453378326 26.2978705358 6.7043673604 1.206371 -1.996404 2.430083 -1.335033 -0.545012 2.833549 -1.565218 -0.500641 -0.616629 3.459376 3.956545 0.439376 3.789640 -2.736199 -0.382611 2.574515 -0.493768 0.685102 0.445434 1.363187 0.502898 -2.963698 -0.773644 -1.467361 1.171956 -3.471578 -1.653390 2.367668 0.710092 4.885700 -0.073851 -5.000000 1.982979 0.384486 -0.705585 -2.679046 -0.377345 1.193173 0.680909 0.166851
4 8598311.7073526792 15.0000000000 4.0000000000 0.6606275212 67.0000000000 5.5868830331 0.8797961031 5.7427304128 0.1522102446 4.9497611697 0.1415908219 32.9789525941 -526.8453378326 26.2978705358 6.7043673604 -0.951449 0.656766 -0.565611 -1.440438 0.176918 -0.945031 0.259944 -0.213668 -1.408606 1.034355 1.161692 -5.000000 -0.499235 -0.354188 -0.512672 2.543029 0.161957 -0.835881 -1.533899 1.263132 -3.252894 -0.628051 -1.230944 -0.797969 -0.637128 -2.361661 -2.345687 -0.104641 -1.692368 2.828984 0.671707 -2.225721 1.026212 -0.456638 0.467575 3.083187 1.837349 -1.827138 1.004896 -0.856128
5 972374.4332135132 15.0000000000 4.0000000000 0.6606275212 67.0000000000 5.5868830331 0.8797961031 5.7427304128 0.1522102446 4.9497611697 0.1415908219 32.9789525941 -526.8453378326 26.2978705358 6.7043673604 2.046024 -0.064441 -3.188604 -5.000000 -1.355721 -1.656542 -1.578284 4.347262 0.233827 1.738420 -1.903945 1.311677 -1.108050 -3.143231 -0.649880 -0.108623 -2.171203 2.859885 0.101367 -3.093037 -4.909517 1.522695 1.582311 1.277504 -1.845371 -1.803924 1.174751 -0.822804 0.010137 1.360148 2.245806 -1.534834 -0.302611 0.537636 -1.211318 1.963152 -2.074587 0.947485 -0.838452 2.581028
6 511363.5107979765 15.0000000000 4.0000000000 0.6606275212 67.0000000000 5.5868830331 0.8797961031 5.7427304128 0.1522102446 4.9497611697 0.1415908219 32.9789525941 -526.8453378326 26.2978705358 6.7043673604 0.290384 -1.246103 -0.538511 -2.490270 1.454777 -0.276972 -0.414344 0.941889 1.114105 -0.749541 -2.255765 2.342248 0.904497 0.348233 1.761863 -0.482853 3.208832 -0.322770 -0.409565 0.368063 -0.606846 -0.222886 0.354016 -1.302868 0.957818 0.191370 3.962355 -0.539745 -1.431081 -1.693735 0.903609 0.656999 -1.793227 1.766530 -3.155861 -1.788855 -0.860748 -0.056890 -1.694859 2.814656
7 24171.6630697298 15.0000000000 4.0000000000 0.6606275212 67.0000000000 5.5868830331 0.8797961031 5.7427304128 0.1522102446 4.9497611697 0.1415908219 32.9789525941 -526.8453378326 26.2978705358 6.7043673604 2.328432 0.341240 0.308837 0.019124 0.171185 1.610841 1.765830 1.047581 -0.642307 -2.909275 -3.311113 0.497477 -2.792543 -1.060828 2.278880 0.776825 0.210622 0.320028 1.365145 1.362387 -1.836669 -2.292752 -1.672323 -0.167456 4.379119 0.379614 0.160711 2.090209 1.843630 -1.438838 -4.276995 5.000000 -0.804352 -1.108577 2.388870 -2.101665 -0.740679 -3.023213 1.835317 -1.556847
89 13864.3497733177 15.0000000000 4.0000000000 1.6443983697 5.0000000000 6.2593347405 0.9895604776 5.2250509307 0.1324753658 4.6853425113 0.1162380354 27.3011572285 -1171.2972971038 25.7667425178 6.5564831705 2.555569 1.212126 -2.557681 -0.013799 0.712301 -2.200777 2.720895 3.504364 -1.841436 -0.092067 -2.241738 1.290661 -0.260301 2.296062 1.574894 1.748376 3.110325 0.089500 4.011280 -0.736058 4.057144 -1.320482 -2.499300 2.576650 0.950648 -2.345880 4.484868 1.024148 1.243988 0.263725 0.636366 3.025620 5.000000 -2.193545 -1.304523 -1.257280 -2.781711 0.111152 -0.844888 -3.361135
90 3373.6582571014 15.0000000000 4.0000000000 1.6443983697 5.0000000000 6.2593347405 0.9895604776 5.2250509307 0.1324753658 4.6853425113 0.1162380354 27.3011572285 -1171.2972971038 25.7667425178 6.5564831705 0.744693 -0.299857 -4.560099 -4.540373 -0.371262 -0.699952 -0.443040 2.575090 -0.377672 -0.307593 -0.314835 5.000000 -2.361275 0.676280 -0.418265 1.233141 2.678078 0.888742 2.709346 -3.221168 3.052034 2.470134 2.095214 -0.113767 1.489318 3.156482 -2.417012 2.304761 -0.939607 2.217961 -3.781014 2.141626 4.176069 5.000000 1.713908 -2.772894 -5.000000 1.448073 -2.502494 -2.647821
123 515.6728374088 15.0000000000 4.0000000000 1.5454040555 8.0000000000 6.2315864449 0.9850537323 5.5625330485 0.0914254055 4.9543810553 0.0912107567 30.9417739153 -1178.3393235855 27.4716176961 7.0111588777 3.370428 -0.325812 -3.823205 -3.236897 1.686834 0.725334 2.642627 -0.843498 -1.089119 -1.207711 -2.689787 1.213948 -1.275865 0.213508 0.965064 -0.358453 2.134232 -0.185608 3.429761 -3.180415 0.874227 1.928864 -1.540408 -0.549625 5.000000 -2.510185 0.205568 1.096617 2.037910 -0.939832 0.534519 0.670266 2.821989 3.649176 1.830762 -3.479925 -3.505566 1.618694 -4.145203 -1.925555
374 410.2781400613 15.0000000000 4.0000000000 1.1834061576 24.0000000000 6.0581844488 0.9569826629 5.4073108404 -0.1291415925 4.9397167579 -0.0728959925 29.2390105243 -933.7774373349 25.3699769484 6.4640105872 1.560346 1.858646 0.164949 -3.884656 4.932428 -0.613177 0.862656 -2.174388 -0.241762 1.894128 -2.068099 1.492831 -3.991189 -0.281219 3.389299 -3.631890 -1.787831 0.138597 4.258955 0.479908 -0.325913 -0.632606 -4.028467 0.624055 -0.469729 -0.611150 1.970207 1.099746 0.105448 -0.263541 2.784364 3.649312 1.778348 4.368016 4.285800 -2.193062 -0.276356 4.116702 -2.036715 -1.697559
564 391.1397206020 15.0000000000 4.0000000000 1.0484374176 37.0000000000 5.9207145557 0.9345686737 6.7390537195 -0.2164895518 6.0474332866 -0.1955664663 45.4148450344 -835.8947433249 25.2286822349 6.4651694005 1.622181 4.057705 0.507567 -4.190154 1.389949 3.949529 3.061436 -0.672877 -0.578211 1.964602 0.480562 1.507607 -1.974855 -4.504174 0.854208 -2.472314 -2.207799 -4.028679 2.603299 -2.389709 -1.642778 0.069520 -1.818381 -3.724326 -1.732842 -3.089035 0.783283 -0.798694 3.417104 1.318666 3.881779 4.221991 -0.815522 1.327968 3.005287 -0.517019 0.745388 3.399556 -0.159230 -1.122396
602 385.5854197940 15.0000000000 4.0000000000 1.0230183898 40.0000000000 5.8879536442 0.9291342892 5.5797112732 -0.0328673711 5.4390469659 -0.0601076941 31.1331778921 -843.5156347253 26.3847052779 6.7276759043 -0.680596 5.000000 -0.789847 -0.391995 0.605988 3.377405 3.904572 0.309566 -1.324449 1.311024 0.403508 0.390973 0.409693 -3.304208 1.757455 -2.857764 0.886278 -4.884267 3.306336 -3.613613 -2.056336 1.734064 -4.819793 -3.217776 -1.040158 -2.233919 2.440989 -1.103859 3.770528 1.481130 1.692489 4.582029 2.563575 0.880616 2.746048 0.551659 1.072999 3.481248 -0.062392 -2.600317
681 383.8181515491 15.0000000000 4.0000000000 1.0110367161 45.0000000000 5.8407158947 0.9213596508 6.3189875921 0.1708379143 5.7145718276 0.1237438686 39.9296041895 -866.2150021506 27.8750188894 7.1266346129 -1.209892 3.453341 -0.717028 -0.159894 0.470620 3.982680 3.506258 -1.281178 -2.305974 0.465480 1.070015 -0.135334 -1.660005 -1.682628 1.748309 -2.454602 1.603199 -4.102324 4.972814 -4.347747 -4.001074 -0.739818 -4.496228 -2.271838 -1.626890 -4.697706 2.814224 -1.706197 3.767410 3.446554 1.971125 5.000000 0.816263 0.092470 2.817094 0.711956 -1.788285 4.322346 0.404574 -4.639647
1005 1880120.0433345598 15.0000000000 4.0000000000 0.8844802447 67.0000000000 5.6315182132 0.8866100423 5.7500983581 -0.0193647389 5.3795217913 -0.0227874920 33.0636311276 -665.4526467238 24.3945896866 6.2243677877 -2.279796 4.301491 1.641981 2.438065 -1.559636 1.979767 2.438206 -3.045725 -3.278120 -1.059566 -4.552598 3.102775 -1.385121 -2.760338 4.018524 -0.748349 1.245812 -3.915365 4.527520 -4.967885 -1.430230 -1.626422 -4.945312 -1.114662 -1.963607 -3.387630 4.134163 -3.238710 4.091999 5.000000 1.265579 3.394705 3.487297 -1.884696 3.365959 0.263367 2.280533 4.978477 2.394974 -4.359296
evaluations raw_y rep iid sigma t d_norm d_mean ps_norm ps_mean pc_norm pc_mean ps_squared loglikelihood mhl_norm mhl_mean x0 x1 x2 x3 x4 x5 x6 x7 x8 x9 x10 x11 x12 x13 x14 x15 x16 x17 x18 x19 x20 x21 x22 x23 x24 x25 x26 x27 x28 x29 x30 x31 x32 x33 x34 x35 x36 x37 x38 x39
1 94423.9443584069 16.0000000000 4.0000000000 0.8844802447 67.0000000000 5.6315182132 0.8866100423 5.7500983581 -0.0193647389 5.3795217913 -0.0227874920 33.0636311276 -665.4526467238 24.3945896866 6.2243677877 0.255897 -3.056947 -1.188936 0.132661 -2.470990 -1.242737 -1.777896 0.997820 -1.573794 0.237487 -1.513726 0.986734 -1.678809 -2.030044 -0.685039 3.768928 -0.541826 -2.903439 -2.160318 5.000000 -0.440446 -0.178801 0.552683 3.224522 1.431930 1.317265 0.421482 -1.128887 0.280372 -0.676896 -2.809655 -4.973284 2.547087 2.159496 1.296805 1.112840 0.467075 -2.157691 -2.363922 -1.406480
8 85439.6161913678 16.0000000000 4.0000000000 0.8844802447 67.0000000000 5.6315182132 0.8866100423 5.7500983581 -0.0193647389 5.3795217913 -0.0227874920 33.0636311276 -665.4526467238 24.3945896866 6.2243677877 3.259824 -1.213154 -3.002672 0.801478 0.098169 -1.514661 1.004698 -1.408494 -0.700823 -1.871849 2.041376 -0.181961 -1.985032 2.929854 0.782985 -0.418479 1.545743 -1.731850 -0.557954 -0.720044 1.657120 -0.573381 0.844353 0.286461 0.150550 -1.308068 0.866003 -3.906974 -1.529943 -3.488289 1.340065 1.511228 -2.137811 0.560354 -1.792129 1.874968 -1.117139 3.936904 1.938754 2.166683
30 63537.4572149468 16.0000000000 4.0000000000 1.8735758814 1.0000000000 6.3107893379 0.9978081192 2.7663230399 -0.0896817352 2.3459462359 -0.0760534927 7.6525431610 -1236.8656156182 24.9250760648 6.3548435972 1.300794 -3.047600 -2.173013 -0.734205 1.052631 -0.378350 2.308351 0.534966 0.050971 -1.987214 0.695484 0.708897 -0.047741 3.623877 -2.628634 3.578281 0.501207 -0.395515 -0.154489 -1.952735 -0.703285 -2.097062 -3.196171 0.159980 -1.425716 -0.893627 -1.234443 -3.170022 -0.906944 -3.248857 -2.402511 0.789355 0.507795 3.431384 0.239211 0.958520 -0.705225 2.082882 -1.132359 3.400563
38 44074.8559139201 16.0000000000 4.0000000000 1.7935935949 2.0000000000 6.2957566213 0.9954097510 3.9341453394 -0.0938188215 3.3929681977 -0.0824156853 15.4774995516 -1260.3886203501 26.9535445367 6.8539258363 0.564229 -3.559167 -4.575325 1.083474 -0.583473 -3.032194 -1.349549 1.767242 -0.919043 -0.419184 3.409755 -0.047101 -2.330050 3.297612 -0.671736 2.716504 1.489972 2.429690 1.064347 0.097020 0.653978 1.153011 1.047414 -1.131152 -0.128099 0.574622 -0.438180 -2.821842 1.019290 -4.078052 -0.181615 1.204893 -0.242383 0.035675 0.460713 1.913846 0.281400 0.888317 0.074516 3.646952
44 25399.0227524140 16.0000000000 4.0000000000 1.7935935949 2.0000000000 6.2957566213 0.9954097510 3.9341453394 -0.0938188215 3.3929681977 -0.0824156853 15.4774995516 -1260.3886203501 26.9535445367 6.8539258363 1.422173 -4.310109 -4.440659 -3.121591 3.559940 -0.940558 -3.993239 -2.849495 -2.165648 -0.950937 2.451604 2.897493 0.809638 3.158510 -1.143582 -0.069758 0.675744 -3.733022 -0.506531 0.642915 2.443558 -1.116163 -0.569997 1.723729 -1.196454 -3.781804 1.100816 -0.396908 -0.442208 -3.831247 -0.345188 -0.655037 0.387794 5.000000 -1.687849 1.216519 -2.861649 1.792471 -1.630193 2.553137
66 8975.4873423060 16.0000000000 4.0000000000 1.7115516513 4.0000000000 6.2702817650 0.9913070520 5.2809687804 -0.2698357313 4.6516861565 -0.2342757835 27.8886312598 -1247.4657795418 27.5715756740 7.0187197543 -3.415143 -4.581863 -2.879050 1.914026 -1.324495 -0.360928 -0.669344 2.110528 -1.762347 0.954694 0.376492 -0.272282 0.086677 3.764070 3.384049 -0.702927 -0.826217 0.880011 2.959334 0.002266 0.451022 -1.663785 -3.408383 -3.711792 -0.317378 -5.000000 -1.168071 -4.502441 0.327001 -3.116192 -1.280808 3.188731 0.063209 4.496447 2.991133 -2.628012 0.059196 -1.186465 -1.879737 0.109223
76 1444.7536837586 16.0000000000 4.0000000000 1.7031193134 5.0000000000 6.2600802707 0.9896539028 6.0190605747 -0.2997146432 5.3341291052 -0.2684029852 36.2290902016 -1195.4464720501 25.8254050350 6.5808660774 2.053561 -2.503900 -2.510307 -0.677252 0.297672 -1.136061 -4.144105 2.755988 -1.671553 -0.995880 0.197661 -2.602699 1.690727 2.651623 0.264484 -0.793772 0.390273 1.338865 -0.195107 0.599008 -4.290965 -2.458473 -1.704687 -1.098170 -0.201698 -0.494268 0.310518 -3.213899 -2.558411 -0.060570 -0.767003 3.822497 -0.645298 0.360825 -0.552583 -0.727516 1.520156 -0.881378 -1.939891 0.304388
243 751.7599327836 16.0000000000 4.0000000000 1.5506600716 16.0000000000 6.1364974596 0.9696304971 6.1854477684 -0.1953849453 5.6477019375 -0.1958109182 38.2597640951 -1096.7554911945 24.8677796517 6.3240834730 4.403248 2.143822 -2.799965 0.743596 -1.314284 -4.708479 -0.418705 3.814246 3.382993 -3.404423 -4.985045 1.368927 0.894745 4.736017 -1.161017 -1.565143 1.814098 -0.133321 -2.166669 -2.909304 -2.227116 -3.007339 4.203742 -4.205023 0.006013 -2.508261 -4.588572 -4.754591 -1.404099 -0.645515 -4.037279 0.855588 -3.688858 1.536789 -1.698878 1.272558 4.623814 -5.000000 -3.138361 -2.869696
479 679.7449206584 16.0000000000 4.0000000000 1.1048395445 31.0000000000 5.9640803324 0.9418312929 3.7360160598 -0.0331339716 3.5460623015 -0.0254113834 13.9578159990 -917.4369745814 26.9807113828 6.8407036567 4.942842 -0.255462 -1.336325 1.207550 -2.946216 -2.577610 -1.326089 -0.190270 3.761122 -1.503935 -1.802012 -0.099848 3.780147 3.523035 0.929512 -2.184006 5.000000 -2.937977 3.046247 -3.751528 -1.525900 -1.720700 1.190128 -3.788701 2.620721 -3.296459 -2.457474 -2.515011 1.393227 -2.906001 -4.724476 -0.452298 0.679475 3.426327 -3.106241 0.567112 1.455635 -4.031554 -2.828154 -2.283444
511 604.9845480417 16.0000000000 4.0000000000 1.0151301746 34.0000000000 5.9301110831 0.9363664003 4.9403512396 0.0639291612 4.2315870550 0.0470688111 24.4070703703 -809.0843054514 24.8191362525 6.3358107837 5.000000 -1.144483 -1.737759 2.087113 -1.126971 -3.077365 -1.108379 2.713837 0.837284 -2.190194 -2.838405 -0.542577 4.619190 3.281356 1.028985 -3.883593 3.259040 -1.235483 2.254999 -4.479055 -1.475598 -2.355662 2.774692 -4.920338 1.595726 -3.606628 -3.058023 -1.612392 -0.824457 -2.120005 -2.741766 -0.066098 -0.341778 3.207069 -1.660847 -1.128170 2.900915 -3.905780 -1.875251 -2.423715
646 602.8505630304 16.0000000000 4.0000000000 0.8817531622 43.0000000000 5.8364041200 0.9210973742 5.5649356971 -0.0403178047 4.9256568126 -0.0505525993 30.9685093131 -708.1669770759 24.7431299057 6.2947593034 4.287727 0.000070 0.087448 2.180706 -2.217901 -2.508837 -2.105611 2.666493 3.653826 -2.431336 -1.300391 -1.020877 3.204606 2.347599 1.524687 -4.657997 2.739604 -1.920560 1.684377 -5.000000 -1.310184 -4.486428 2.543775 -2.266190 3.541845 -2.392204 -4.993035 -0.242160 0.106432 -3.338822 -3.964943 -1.444390 -1.525568 5.000000 -3.844213 -0.989575 0.038733 -2.328586 -4.425257 -4.168979
816 430.9139829918 16.0000000000 4.0000000000 0.8003134665 54.0000000000 5.7319572982 0.9040054758 6.1680585766 0.0129836013 5.3003681467 0.0202905545 38.0449466048 -626.1263053776 24.4320822824 6.2041215969 3.809572 0.583584 0.602246 2.337459 -0.578548 -1.159377 -1.296044 1.156816 4.615446 -2.142588 -2.600692 -3.112041 4.636108 2.034330 -0.429015 -4.932441 1.976590 -3.084115 2.731961 -4.158910 -4.051401 -2.626975 2.353344 -0.782449 2.797641 -2.465230 -4.210332 1.458331 0.185471 -2.254418 -4.572718 0.446159 -0.398529 3.904631 -2.051070 -0.621223 1.439293 -2.252893 -4.991497 -2.427046
1005 4064.5093570328 16.0000000000 4.0000000000 0.7804721497 67.0000000000 5.6130961412 0.8844106526 6.0583270361 0.1953302605 5.4749620837 0.1530152933 36.7033264767 -611.5421602641 25.3600543160 6.4492198896 1.465138 0.751567 2.053600 3.647896 -1.628961 -0.970393 -2.470738 2.498458 4.846357 -3.038995 -2.281790 -4.974808 4.445454 1.705644 -2.386972 -3.506015 1.242059 -1.964725 3.383141 -4.264959 -4.780243 -0.743510 3.395995 -1.891148 2.215502 -2.095181 -0.951515 0.187929 -0.573768 -0.534939 -5.000000 -0.093454 0.408440 3.252039 -2.480753 -1.381542 3.337603 -3.622628 -2.297240 -2.597961
evaluations raw_y rep iid sigma t d_norm d_mean ps_norm ps_mean pc_norm pc_mean ps_squared loglikelihood mhl_norm mhl_mean x0 x1 x2 x3 x4 x5 x6 x7 x8 x9 x10 x11 x12 x13 x14 x15 x16 x17 x18 x19 x20 x21 x22 x23 x24 x25 x26 x27 x28 x29 x30 x31 x32 x33 x34 x35 x36 x37 x38 x39
1 471764.1133745455 17.0000000000 4.0000000000 0.7804721497 67.0000000000 5.6130961412 0.8844106526 6.0583270361 0.1953302605 5.4749620837 0.1530152933 36.7033264767 -611.5421602641 25.3600543160 6.4492198896 0.552532 -3.709256 1.247802 2.290623 2.074381 3.773278 -0.223397 -0.724203 0.297350 -0.875566 4.342514 2.304621 -3.637625 -0.276099 1.079679 -3.550565 2.629753 -0.946896 -2.184460 -0.500055 -1.964589 2.062538 0.982668 -0.893293 -1.612720 0.262536 -2.425120 0.319982 -1.510446 0.699792 1.955084 -0.277170 0.207713 0.601182 1.936411 1.739248 1.135566 0.930565 -2.330746 -4.071990
6 13359.7974012554 17.0000000000 4.0000000000 0.7804721497 67.0000000000 5.6130961412 0.8844106526 6.0583270361 0.1953302605 5.4749620837 0.1530152933 36.7033264767 -611.5421602641 25.3600543160 6.4492198896 3.209920 2.197724 -3.206350 -1.642125 1.117771 3.637752 -3.061925 0.174978 2.675903 2.260785 -2.883595 -1.373610 0.932265 -1.103611 1.245022 -0.054292 2.484800 -3.307779 -0.676820 2.811223 -2.255537 1.293502 -1.422324 -0.960372 2.615991 1.912938 2.049808 -2.590322 0.674659 0.531396 1.992861 2.513553 -4.432248 -0.657419 0.243036 1.011515 -1.044670 -1.183547 0.016585 0.803359
14 3852.1030226333 17.0000000000 4.0000000000 0.7804721497 67.0000000000 5.6130961412 0.8844106526 6.0583270361 0.1953302605 5.4749620837 0.1530152933 36.7033264767 -611.5421602641 25.3600543160 6.4492198896 3.456719 -0.410539 0.758383 1.014125 -0.326314 -1.483420 -3.793969 0.080200 -2.199074 -0.475941 1.599228 2.169149 0.329300 -0.095175 1.492676 1.156997 2.853015 -1.711339 1.671922 -0.984358 2.412844 -1.201570 -2.280969 1.636996 2.299439 1.955753 -1.115350 1.326682 3.101565 1.174229 0.415235 0.842787 1.452544 2.742649 2.291037 -1.032493 -3.805330 1.815422 -2.811320 -0.642633
47 564.8299273350 17.0000000000 4.0000000000 1.7296473406 3.0000000000 6.2802018239 0.9929106719 4.3090778365 -0.1190000407 3.7371751885 -0.0948508127 18.5681518011 -1239.0770501826 27.0381692387 6.8514478677 4.530768 0.649358 1.574598 2.351873 0.152982 0.728641 -0.455306 -0.557664 2.264793 -3.932033 0.189950 0.714670 -1.594949 -0.534778 0.304096 1.580055 0.755212 1.127588 -0.216334 -0.939887 -1.308731 -4.559010 3.535533 -1.522609 1.494699 3.014890 0.679522 0.531752 0.385363 -3.568921 2.699433 -1.507208 0.772957 1.133345 1.758021 -3.049094 -2.045606 -0.303327 -2.715783 2.257477
72 329.5517868742 17.0000000000 4.0000000000 1.6668155565 4.0000000000 6.2694956511 0.9911986657 4.2911659009 -0.0555645480 3.7979271675 -0.0454563462 18.4141047886 -1176.6984656572 25.5395097342 6.5431741033 0.909231 0.787775 1.627347 3.814043 1.034862 0.737678 -0.593038 1.049240 2.554456 -2.811166 3.285304 1.287227 -2.800817 2.202199 -1.741632 -0.415062 2.091937 -2.425011 1.279403 -3.433857 -1.513354 -2.181096 -2.293188 -1.675646 -0.982302 -0.274855 -0.756423 2.195327 -0.545587 -3.476003 1.026037 -3.709039 1.508763 0.665730 -0.924951 2.051435 -1.587146 0.150356 -0.501310 0.979298
956 314.0198016792 17.0000000000 4.0000000000 0.9291899943 63.0000000000 5.6556754102 0.8907428806 6.2221392402 0.2573642121 5.6423674974 0.2417627141 38.7150167238 -759.3152368682 26.9365397799 6.8934361527 1.588702 0.861426 3.205967 0.001788 0.471517 -1.909638 -2.372075 -0.615195 1.237723 4.262749 -2.105048 2.713599 -2.391992 1.168789 4.422371 -3.833488 2.248541 0.775494 -3.319229 -2.823982 0.873441 0.260447 2.445079 4.227377 -3.629968 -0.672313 -2.872492 2.561041 -2.127278 -2.057350 4.893270 2.378781 -4.324844 1.238506 -3.160259 0.432030 -1.238774 -1.521727 -2.574462 -2.063874
1005 249289.7686728979 17.0000000000 4.0000000000 0.9403711265 67.0000000000 5.6219443575 0.8850282172 6.4291489363 0.0323562812 5.8793791672 0.1021477624 41.3339560445 -700.3147367712 24.3350339226 6.2459265391 0.683712 -1.153955 4.009321 0.320128 -0.127683 -0.697475 -2.574382 1.322278 -0.048515 3.290490 -1.265722 3.604488 -4.071365 0.533267 4.865862 -2.677462 2.476689 1.766934 -4.092124 -3.612586 2.536130 1.145483 2.847715 3.855476 -2.576788 -0.570947 -3.604576 3.134119 -3.048046 -2.159351 3.486667 2.393091 -3.575253 1.896165 -3.686817 0.830680 -2.401887 -2.672035 -4.981322 -3.487495
evaluations raw_y rep iid sigma t d_norm d_mean ps_norm ps_mean pc_norm pc_mean ps_squared loglikelihood mhl_norm mhl_mean x0 x1 x2 x3 x4 x5 x6 x7 x8 x9 x10 x11 x12 x13 x14 x15 x16 x17 x18 x19 x20 x21 x22 x23 x24 x25 x26 x27 x28 x29 x30 x31 x32 x33 x34 x35 x36 x37 x38 x39
1 12586003.0760757588 18.0000000000 4.0000000000 0.9403711265 67.0000000000 5.6219443575 0.8850282172 6.4291489363 0.0323562812 5.8793791672 0.1021477624 41.3339560445 -700.3147367712 24.3350339226 6.2459265391 0.158857 4.380405 -0.269784 0.321036 0.885396 1.246783 2.017807 0.788498 -0.672773 -1.291813 1.610915 0.832886 1.149239 -2.203343 -1.989514 2.691039 1.163736 1.074477 4.134094 -0.580648 1.202730 -1.129054 -2.335903 -2.044004 1.767039 -1.067489 -2.700864 0.460188 1.789710 2.741520 4.927403 2.255803 -1.638428 0.134928 2.154433 -1.107090 1.355235 2.082987 -3.502844 0.237339
2 3270748.7893147706 18.0000000000 4.0000000000 0.9403711265 67.0000000000 5.6219443575 0.8850282172 6.4291489363 0.0323562812 5.8793791672 0.1021477624 41.3339560445 -700.3147367712 24.3350339226 6.2459265391 2.277402 1.354170 0.612270 -0.030544 4.135977 -0.090536 -3.206250 -0.935504 0.297315 0.705742 -0.501302 0.172256 -0.340330 1.701336 -2.237533 -0.147728 -2.826398 -2.239788 0.744920 -0.886148 1.940151 0.114399 1.068929 2.432949 -1.111856 -4.582294 -3.010252 -2.485479 -0.922775 -2.466883 0.968889 1.176252 -1.083262 1.065766 0.948540 4.128864 4.340174 -0.705943 5.000000 -1.807078
5 2351658.1537527172 18.0000000000 4.0000000000 0.9403711265 67.0000000000 5.6219443575 0.8850282172 6.4291489363 0.0323562812 5.8793791672 0.1021477624 41.3339560445 -700.3147367712 24.3350339226 6.2459265391 0.458894 0.255044 1.169474 -2.540526 -1.469287 3.328159 -0.047687 -1.258820 -0.111461 -0.315369 -0.458703 0.244351 -1.993578 -1.187680 0.391943 -3.733941 -0.578322 -0.065602 -3.355772 2.484676 0.266535 3.563969 -1.512968 0.285648 -0.067488 2.994481 3.431006 0.626419 -1.287168 0.522236 2.266876 1.500993 -1.705709 1.277911 1.149158 0.496943 0.466138 2.412958 -2.264591 -2.384350
9 1232896.6597823801 18.0000000000 4.0000000000 0.9403711265 67.0000000000 5.6219443575 0.8850282172 6.4291489363 0.0323562812 5.8793791672 0.1021477624 41.3339560445 -700.3147367712 24.3350339226 6.2459265391 -1.101999 0.034039 2.478488 -0.045228 -0.357461 -0.252806 1.977281 -1.116527 -2.768999 -2.523433 1.078555 2.454126 -3.429098 -0.667773 1.498514 2.271459 -5.000000 -0.674698 1.299123 -3.762915 5.000000 -1.929898 2.413297 0.563033 1.403225 4.838130 -0.501393 0.498251 1.181354 1.145022 1.318216 2.280896 -0.172143 -0.637262 -3.721856 3.264161 1.189667 -2.606414 3.718333 3.107814
12 497462.1266796751 18.0000000000 4.0000000000 0.9403711265 67.0000000000 5.6219443575 0.8850282172 6.4291489363 0.0323562812 5.8793791672 0.1021477624 41.3339560445 -700.3147367712 24.3350339226 6.2459265391 3.129063 0.677220 -1.106545 0.479290 -2.621723 -0.425269 -0.842275 2.688712 -2.071224 0.739920 1.722371 1.989662 2.328300 0.901235 0.218101 -0.195228 -1.478523 -3.843397 2.402091 2.271540 -1.606796 2.825367 -0.896706 -0.045412 0.320326 1.201419 -1.687384 0.159104 0.665658 -1.103144 -0.794358 -2.819023 0.952001 -0.579374 -0.534102 -0.854432 1.655793 -2.415134 0.743025 -5.000000
16 228491.1100702888 18.0000000000 4.0000000000 1.8759063980 1.0000000000 6.3129513136 0.9981421866 2.8333137776 -0.0164794563 2.4027569072 -0.0139752003 8.0276669623 -1290.4575003889 26.9411379506 6.9081830608 2.718427 -1.793717 2.564823 -0.157381 -0.006482 -5.000000 0.608375 -3.705374 -1.266518 1.293906 0.599068 2.232963 1.492337 -1.086772 1.494777 -2.324170 1.768973 -4.202046 -1.439491 -3.674351 0.771482 -1.391790 0.515937 -1.573661 -2.390941 4.201314 1.502516 -2.529030 0.318757 -2.539238 1.907682 1.222147 0.162642 0.124384 0.339771 3.088339 0.483126 -2.017464 -5.000000 1.747207
18 95128.9336349848 18.0000000000 4.0000000000 1.8759063980 1.0000000000 6.3129513136 0.9981421866 2.8333137776 -0.0164794563 2.4027569072 -0.0139752003 8.0276669623 -1290.4575003889 26.9411379506 6.9081830608 2.469787 0.570711 0.775770 1.544153 0.406346 -0.693489 3.144314 -0.619849 -1.561306 0.048255 5.000000 2.475366 -0.654882 -4.998780 -0.201446 2.034549 -4.101229 -4.298528 4.459490 -1.316421 -1.134216 -2.539646 0.767113 -4.028902 3.377308 0.042591 -0.022482 -0.884616 0.169382 -0.023919 0.040351 1.117711 1.414140 -1.832412 0.803960 -0.806628 0.105651 1.196713 1.134975 2.672676
19 15616.0942636815 18.0000000000 4.0000000000 1.8759063980 1.0000000000 6.3129513136 0.9981421866 2.8333137776 -0.0164794563 2.4027569072 -0.0139752003 8.0276669623 -1290.4575003889 26.9411379506 6.9081830608 1.486665 0.035732 1.605134 -0.774431 -0.173182 -3.868703 3.544621 3.479632 -1.031395 -1.299585 2.178642 -0.962286 0.355207 0.292580 0.061408 -3.703459 -1.805978 -3.861942 2.421728 0.566053 0.916104 2.061543 1.552763 -0.202932 0.949855 2.520874 0.223874 -0.973418 3.148800 1.318443 -0.184739 0.914615 3.041683 -5.000000 0.659188 1.797356 1.217906 0.086730 2.621178 -1.771333
30 1135.9418129540 18.0000000000 4.0000000000 1.8759063980 1.0000000000 6.3129513136 0.9981421866 2.8333137776 -0.0164794563 2.4027569072 -0.0139752003 8.0276669623 -1290.4575003889 26.9411379506 6.9081830608 0.609459 -1.615239 -1.623423 4.156037 -2.494313 0.533811 0.421111 4.470781 -3.875466 1.371836 1.911054 0.243897 -0.988889 -3.909979 -0.562686 -1.019314 -0.413859 -2.983355 3.617656 2.459557 2.445372 -1.151290 1.010099 1.624540 0.872987 1.373366 2.129200 -0.475961 2.071441 3.108884 0.387900 -3.691835 -4.193425 -1.294277 0.509719 -1.488117 -2.463273 -1.388886 2.472831 1.070106
37 487.7439392870 18.0000000000 4.0000000000 1.8175008856 2.0000000000 6.2998102930 0.9960353593 4.5807165082 0.1282556478 3.9555881660 0.1078349570 20.9829637289 -1268.2184545929 26.8933861402 6.8370970617 0.182632 0.859404 0.490279 3.623528 -0.790756 0.527979 1.443476 1.035462 -1.684676 1.566874 3.221645 0.580757 -2.344477 -2.102895 -1.037803 0.002842 -2.230610 -5.000000 -0.035320 3.046791 1.350084 -3.222183 0.475199 -1.507126 1.652704 4.948438 0.649839 0.452296 -1.702190 2.753151 -0.739399 -2.133178 -0.135547 -2.056650 -0.039243 -2.358102 -2.258858 0.379823 2.896144 0.828027
505 460.3374108705 18.0000000000 4.0000000000 0.9334193301 33.0000000000 5.9388150844 0.9378269815 5.8871705332 -0.2208707300 5.1750719906 -0.1876112765 34.6587768868 -803.4590012356 26.6627952517 6.7787501383 1.011416 -3.157801 0.605026 1.932990 0.728238 1.083023 -1.568800 1.812358 -2.400339 1.031015 -1.466766 0.552624 -0.541366 0.670788 -1.884436 1.667203 -3.207454 -1.514081 -0.869322 0.285725 1.502941 -0.024658 1.624911 2.246118 1.362949 3.954411 -0.200374 -3.009017 3.058482 4.209681 1.789168 -3.002583 -2.771164 -1.552904 4.099128 3.514610 -1.919827 -4.170021 -1.922038 2.031621
555 417.9828764158 18.0000000000 4.0000000000 0.8891235159 36.0000000000 5.9058562795 0.9324780226 5.4508635552 -0.0032732986 4.8728270891 -0.0265808091 29.7119134971 -710.2835135363 24.2195605243 6.1587090638 2.479679 -2.894942 2.301300 2.286445 0.956339 0.612832 -0.515733 2.220180 -1.355749 1.503482 -2.504347 0.171715 -1.150018 0.004620 -2.170955 0.728899 -2.515501 -0.159383 -1.972391 1.275032 0.971954 -0.432516 1.895780 1.984555 1.740509 2.827464 -1.582988 -1.578934 3.989051 2.504985 3.074014 -2.044062 -1.257759 -2.391962 2.323660 1.606865 -0.406267 -3.935979 -3.047355 1.707234
1005 397.9207886028 18.0000000000 4.0000000000 0.7710579139 66.0000000000 5.6038592423 0.8826955822 5.9344204710 0.0222389077 5.3318689550 0.0075641601 35.2173463271 -614.2204205996 25.9165033453 6.6201731513 -1.131785 -3.742634 1.733601 0.459540 -1.378399 2.304260 -2.979709 4.162716 -2.907243 -0.421980 -1.174129 -1.973953 0.707990 0.971026 0.159758 1.800960 -0.854370 2.138594 -0.735183 -2.390318 1.284116 -3.723105 0.759770 2.357313 2.587355 2.068555 -0.345854 -2.289764 1.687051 2.274692 3.578285 -0.765976 -2.806805 1.149994 2.074594 1.359541 -0.424323 -3.393705 -1.223186 -2.921086
evaluations raw_y rep iid sigma t d_norm d_mean ps_norm ps_mean pc_norm pc_mean ps_squared loglikelihood mhl_norm mhl_mean x0 x1 x2 x3 x4 x5 x6 x7 x8 x9 x10 x11 x12 x13 x14 x15 x16 x17 x18 x19 x20 x21 x22 x23 x24 x25 x26 x27 x28 x29 x30 x31 x32 x33 x34 x35 x36 x37 x38 x39
1 222179.1163898194 19.0000000000 4.0000000000 0.7602967144 67.0000000000 5.5933290492 0.8809915242 5.5278141156 -0.0403946443 5.0295612042 -0.0365793974 30.5567288972 -566.2705924612 24.0709271252 6.1570220699 0.442007 -0.680930 -1.155497 -0.808063 -1.206579 -0.487705 2.070687 1.161507 0.504827 -2.925092 -3.096683 0.530545 -0.001792 -2.031985 0.223979 -2.383904 3.111088 -1.866600 1.053068 -0.299929 1.045571 2.684310 3.117043 2.511988 1.817207 -1.681803 2.011170 -2.047608 0.363548 -0.833362 3.956817 3.834889 -2.062014 -0.966624 -1.290160 0.120696 1.095861 1.690297 -2.414363 0.749681
2 10042.2333300460 19.0000000000 4.0000000000 0.7602967144 67.0000000000 5.5933290492 0.8809915242 5.5278141156 -0.0403946443 5.0295612042 -0.0365793974 30.5567288972 -566.2705924612 24.0709271252 6.1570220699 1.884696 -0.702528 0.919470 -0.097033 0.830964 -1.403752 0.370929 0.936700 0.079047 1.432281 -0.963377 -0.104982 -0.544557 0.615971 -3.521307 2.300448 -0.435462 -2.441175 -0.687231 3.097524 -0.415951 -0.483348 -0.249192 1.121828 2.617625 1.896513 1.583996 -0.380984 -0.014522 -1.350757 -1.515831 -2.504505 -1.530213 2.654848 0.492101 0.135669 -1.362209 -0.242765 -1.653856 -2.964715
10 1001.8571705405 19.0000000000 4.0000000000 0.7602967144 67.0000000000 5.5933290492 0.8809915242 5.5278141156 -0.0403946443 5.0295612042 -0.0365793974 30.5567288972 -566.2705924612 24.0709271252 6.1570220699 -1.606885 -2.575637 -3.373876 0.002619 1.955109 -1.798111 2.252213 4.059732 0.827752 2.363017 0.549587 -1.247899 -1.417282 -0.587252 -1.007733 -1.040493 -2.807555 -0.374273 -1.394101 2.054633 1.590450 4.912338 -3.203927 0.270899 0.188493 0.832059 -2.198795 -3.476180 -1.102662 4.853308 2.242777 -0.029105 -0.427090 0.197679 1.084123 -2.272386 1.897839 -1.465427 -0.677011 2.732056
107 466.0478405175 19.0000000000 4.0000000000 1.6740082214 7.0000000000 6.2443936937 0.9870634125 5.1748092797 0.0815428576 4.8991612627 0.0762645707 26.7786510817 -1158.0366820689 24.8829144209 6.3707288261 -0.080740 -1.300018 2.233273 -4.569883 2.647925 -1.588869 2.006691 -1.306309 3.383866 -0.364470 -0.320668 2.724912 -3.618702 -1.691019 -4.941207 1.679307 5.000000 -2.493547 1.627541 4.484300 1.791903 1.767735 1.062967 2.929580 1.627125 2.178064 0.639174 -3.224037 2.639942 0.478076 3.849320 -2.343119 -5.000000 -0.205363 1.160308 -1.937466 -3.754982 2.069923 -4.329768 0.727458
684 452.4283720498 19.0000000000 4.0000000000 1.0923959542 45.0000000000 5.8496468588 0.9223944153 5.3239691385 -0.1018241328 4.8966922141 -0.0868443381 28.3446473873 -786.8159881972 22.4155870597 5.7222690521 -1.766298 -0.162917 1.512286 -2.620453 3.259471 -2.773498 -1.583996 4.898604 2.512697 2.272252 -3.539077 4.067361 0.037241 2.374393 -1.250794 -2.991099 2.467777 3.703060 -4.319772 2.098054 0.309688 -1.784763 -1.147136 -0.046615 3.436605 1.139575 4.490748 -3.205467 2.294190 -1.404228 3.518379 2.229905 -2.913892 -4.641135 -2.139286 -3.517289 -4.120715 -1.198828 2.049632 -2.600877
1005 322852.3790079040 19.0000000000 4.0000000000 0.8378941172 67.0000000000 5.6230728763 0.8852698565 6.3469699915 -0.0692509183 5.4903185663 -0.0407759845 40.2840280730 -680.3363242639 26.3767830373 6.7316215408 -3.440074 -0.256688 -0.734206 -4.085152 5.000000 -3.244898 -0.442447 5.000000 4.536032 1.891924 -4.690869 2.920467 1.685322 3.516041 3.103922 -1.918929 1.797273 2.617933 -1.079796 -1.171277 2.245287 -2.834073 -1.962885 1.729688 2.081121 2.157558 2.322448 -0.040621 4.451465 0.492998 3.582366 3.434034 -3.559571 -4.126755 -3.444569 -1.617713 -5.000000 -3.382906 3.859180 -3.089616
evaluations raw_y rep iid sigma t d_norm d_mean ps_norm ps_mean pc_norm pc_mean ps_squared loglikelihood mhl_norm mhl_mean x0 x1 x2 x3 x4 x5 x6 x7 x8 x9 x10 x11 x12 x13 x14 x15 x16 x17 x18 x19 x20 x21 x22 x23 x24 x25 x26 x27 x28 x29 x30 x31 x32 x33 x34 x35 x36 x37 x38 x39
1 2039246.1284519094 0.0000000000 5.0000000000 0.8378941172 67.0000000000 5.6230728763 0.8852698565 6.3469699915 -0.0692509183 5.4903185663 -0.0407759845 40.2840280730 -680.3363242639 26.3767830373 6.7316215408 3.528105 0.800314 1.957476 4.481786 3.735116 -1.954556 1.900177 -0.302714 -0.206438 0.821197 0.288087 2.908547 1.522075 0.243350 0.887726 0.667349 2.988158 -0.410317 0.626135 -1.708191 -5.000000 1.307237 1.728872 -1.484330 4.539509 -2.908731 0.091517 -0.374368 3.065558 2.938718 0.309895 0.756325 -1.775571 -3.961593 -0.695824 0.312698 2.460581 2.404760 -0.774654 -0.604606
2 1775070.1514321191 0.0000000000 5.0000000000 0.8378941172 67.0000000000 5.6230728763 0.8852698565 6.3469699915 -0.0692509183 5.4903185663 -0.0407759845 40.2840280730 -680.3363242639 26.3767830373 6.7316215408 -2.097106 -2.840036 -3.412540 3.901551 -1.019304 -0.876149 -2.505591 1.554981 -3.227796 -0.425481 -1.790933 0.773805 -1.021610 -2.361264 -0.056364 0.856664 0.133034 0.604944 -1.268644 -0.725482 -1.344921 -0.719106 -1.626293 -3.452565 0.354852 -0.803562 -3.260397 0.925565 -1.814597 0.103891 1.458181 0.257966 2.278801 -2.469652 0.804683 -1.369620 -1.741594 -1.157699 -0.623105 0.112331
17 498569.3086905103 0.0000000000 5.0000000000 1.8924203881 1.0000000000 6.3128933053 0.9981368391 3.3056378088 -0.0355622231 2.8033054935 -0.0301581060 10.9272413228 -1285.9705660197 26.5613640663 6.7743568239 -3.267544 -1.089482 -4.030404 2.138226 2.942171 -1.498135 -1.122336 -2.181722 0.362592 -2.105215 -0.760653 4.030963 -1.049418 0.737020 1.042520 -0.964316 0.653846 -1.626082 -1.816720 1.281458 -2.881781 -1.807491 -0.178701 -2.460699 3.936111 -0.584659 -2.001126 -0.308688 3.282985 2.605273 0.122977 3.842441 3.337171 0.059478 0.727735 -2.957629 -0.919207 -0.946226 -0.900223 -1.542512
23 464943.7390871617 0.0000000000 5.0000000000 1.8924203881 1.0000000000 6.3128933053 0.9981368391 3.3056378088 -0.0355622231 2.8033054935 -0.0301581060 10.9272413228 -1285.9705660197 26.5613640663 6.7743568239 -2.518713 -0.228198 -0.257829 -0.606297 1.274951 -1.139148 -1.868892 0.893598 -3.512359 -4.675169 -2.360805 0.939672 1.153595 1.161865 -0.660714 1.834911 3.591625 -2.133113 -1.048916 2.166588 0.975792 -0.602408 -1.942275 -1.723726 3.526180 -5.000000 0.087945 -0.344342 0.007123 1.736412 5.000000 0.403936 -0.568336 -2.324365 -0.472094 0.221944 0.671770 0.055672 -1.397087 5.000000
28 221918.5652632281 0.0000000000 5.0000000000 1.8924203881 1.0000000000 6.3128933053 0.9981368391 3.3056378088 -0.0355622231 2.8033054935 -0.0301581060 10.9272413228 -1285.9705660197 26.5613640663 6.7743568239 1.651523 -1.830569 -5.000000 2.262020 0.170697 -0.277033 -0.168616 -1.008715 -2.304389 2.836890 -1.088574 3.451907 0.320229 -1.997955 -1.981973 -1.020284 -0.531112 0.512347 0.101014 -3.809094 -1.192750 -5.000000 -3.422062 -1.582693 0.264868 -3.423650 0.523895 -0.811868 1.039353 2.062726 1.338272 0.975876 -0.728251 -2.734523 2.057304 -0.253956 1.126845 0.942460 -1.191617 3.611247
36 14989.3107910367 0.0000000000 5.0000000000 1.8360920325 2.0000000000 6.3026427560 0.9964961277 4.6568254685 -0.1518953319 4.0332598936 -0.1307853217 21.6860234441 -1203.8104994883 24.0949258475 6.1791595274 -1.653476 -2.934106 -3.464679 -1.027785 -3.669351 0.452841 2.215679 -1.594699 1.529444 -0.484935 -1.851088 5.000000 0.336718 0.927267 2.331534 -3.146039 -2.136082 1.636452 0.028291 -0.758723 -1.966362 -0.392156 2.216287 0.475696 0.342200 -4.633375 -2.393555 0.969620 2.414031 1.069351 -0.235080 -0.867104 -2.695161 -4.320081 0.392590 1.864970 -0.049684 1.538056 -1.006910 5.000000
47 2884.1282652939 0.0000000000 5.0000000000 1.7947624916 3.0000000000 6.2899836650 0.9944617010 5.0583288545 -0.1829925471 4.4382916852 -0.1609638241 25.5866907998 -1235.6704848777 25.9869800961 6.5998461075 -1.765959 -1.897298 -3.982475 -0.809715 -2.193437 -0.002870 2.876716 -0.932710 -0.738548 1.445952 -2.611800 3.256066 0.423564 -0.265246 1.753802 -0.576356 -2.098373 2.501577 -1.867651 1.128693 -0.986113 -3.553888 1.605034 -2.089089 -0.841472 -3.393319 -1.827464 -1.356090 2.560282 3.093981 1.310997 0.469893 -0.173685 -1.246453 1.919806 2.510654 1.194560 3.569777 0.853481 2.653571
230 470.9625535371 0.0000000000 5.0000000000 1.4151090404 15.0000000000 6.1497374689 0.9719046805 5.9409489663 -0.0382776590 5.5175647939 -0.0397855916 35.2948746202 -1013.3168302776 23.5697975690 6.0150307925 -2.950815 0.656697 -0.621219 -2.078329 0.638780 2.247583 -1.912630 0.621164 1.678163 -1.704325 -2.943477 1.426768 0.491173 0.879414 1.943381 0.614307 -0.536289 2.049386 0.165423 -2.999592 2.152589 -2.983469 -0.823876 -2.024964 -0.663528 -5.000000 -4.219685 -1.182637 3.435665 4.309466 2.571182 -1.779061 3.601144 -4.318232 2.117218 0.165523 5.000000 0.373171 3.125030 -0.040463
514 411.2908240542 0.0000000000 5.0000000000 1.0506280408 34.0000000000 5.9421125565 0.9382547863 6.0042899674 0.1467856847 5.3124753990 0.1474055283 36.0514980127 -829.1377654608 24.7199375336 6.3219575083 1.225901 -1.724114 -2.329466 -3.740943 0.043295 2.803910 3.190679 -1.302317 5.000000 -2.640683 -1.979895 2.298702 -0.034523 3.574562 0.427976 2.540986 -5.000000 -0.971325 1.076381 -2.023290 4.521808 -2.104529 -1.539495 0.318079 -0.117711 -2.897305 -2.565881 -2.859095 1.888035 3.625804 5.000000 -0.244760 1.962903 -3.083652 1.416174 2.254927 2.560711 -0.118339 4.478978 3.019159
631 287.4925751394 0.0000000000 5.0000000000 0.9857440038 42.0000000000 5.8621151432 0.9252103766 5.6026440829 -0.1340020013 4.8458088395 -0.1025242591 31.3896207200 -793.9981740393 25.3627616773 6.4899085633 0.003403 -1.579099 -3.077073 -2.357982 -1.262429 0.780129 1.651115 -0.524218 2.121510 -3.007852 -2.161195 1.921998 -1.937577 1.755793 0.499948 0.784809 -1.345004 -1.013692 0.222208 -3.487864 0.670690 -1.059908 0.879016 0.158659 2.551373 -2.700736 -4.347457 -1.497010 0.561774 2.875636 5.000000 -0.982929 1.623905 -2.105001 0.628726 1.226300 2.680072 -0.703826 3.929039 2.072478
736 267.5643587940 0.0000000000 5.0000000000 0.8833080609 49.0000000000 5.7882912089 0.9132356958 5.7094621981 0.0365477253 4.9767137525 0.0012784474 32.5979585913 -696.2628121486 24.5361044775 6.1974795442 1.033222 -3.060512 -2.154665 -2.910103 -0.199968 -0.325829 2.864250 2.336048 4.260726 -1.116124 -3.081277 0.385752 -1.114220 3.932088 0.854185 1.650975 -3.997288 -3.022920 -0.627064 -4.044147 2.783826 -1.577979 1.006064 -0.243292 2.627234 -2.220221 -3.175887 -2.789550 1.309682 1.604530 3.808467 -0.625712 2.488891 -1.806192 1.700939 -0.475798 3.988875 -0.782250 3.700275 1.228770
1005 461275.3516367858 0.0000000000 5.0000000000 0.6896398045 67.0000000000 5.6087399413 0.8839335418 4.4375803354 -0.0007428433 4.0585482822 -0.0054540826 19.6921192330 -546.0804301481 25.6935902840 6.5391614826 0.441403 -4.308367 -0.028325 -3.514401 0.921920 -1.797274 3.592516 0.377857 3.281010 -1.503982 -2.459252 -0.378523 1.123599 3.402424 -0.254901 2.215256 -4.719955 -2.153926 -2.955789 -4.677429 2.487598 -1.409680 2.644333 4.007201 1.653405 -2.694624 -3.951346 -2.409931 0.580844 3.007132 3.063472 -0.949342 3.604582 -5.000000 2.452232 -1.018885 5.000000 -2.345940 2.817028 1.130086
evaluations raw_y rep iid sigma t d_norm d_mean ps_norm ps_mean pc_norm pc_mean ps_squared loglikelihood mhl_norm mhl_mean x0 x1 x2 x3 x4 x5 x6 x7 x8 x9 x10 x11 x12 x13 x14 x15 x16 x17 x18 x19 x20 x21 x22 x23 x24 x25 x26 x27 x28 x29 x30 x31 x32 x33 x34 x35 x36 x37 x38 x39
1 20800978.4640826359 1.0000000000 5.0000000000 0.6896398045 67.0000000000 5.6087399413 0.8839335418 4.4375803354 -0.0007428433 4.0585482822 -0.0054540826 19.6921192330 -546.0804301481 25.6935902840 6.5391614826 3.248691 -1.223513 -1.056344 -2.145937 1.730815 -4.603077 3.489624 -1.522414 0.638078 -0.498741 2.924216 -4.120281 -0.644834 -0.768109 2.267539 -2.199783 -0.344856 -1.755717 0.084427 1.165630 -2.201238 2.289447 1.803181 1.004989 1.801712 -1.367456 -0.245780 -1.871539 -0.535776 1.060711 -1.383322 -0.793507 -1.374345 -1.690411 -1.342492 -0.025329 -2.234621 0.468831 3.319604 1.484088
2 11433054.5317313410 1.0000000000 5.0000000000 0.6896398045 67.0000000000 5.6087399413 0.8839335418 4.4375803354 -0.0007428433 4.0585482822 -0.0054540826 19.6921192330 -546.0804301481 25.6935902840 6.5391614826 -0.383671 -1.775258 -1.494317 3.384909 0.101616 -1.273991 0.381831 4.200510 0.240318 1.234406 0.600341 -0.704500 -2.285036 -0.698685 -0.417788 1.173246 1.677967 1.862204 0.571175 1.770282 -1.508796 2.505736 1.025860 -0.596186 0.977036 -0.151143 2.263259 3.039634 4.371151 -2.792993 -2.888228 -1.008932 0.320074 1.752338 0.631270 -4.044402 -0.612408 1.655949 0.460189 1.524022
3 6533845.9710219642 1.0000000000 5.0000000000 0.6896398045 67.0000000000 5.6087399413 0.8839335418 4.4375803354 -0.0007428433 4.0585482822 -0.0054540826 19.6921192330 -546.0804301481 25.6935902840 6.5391614826 -0.444656 -0.401516 0.373123 0.820103 0.396599 0.238017 -1.341325 0.755128 0.243643 2.258968 2.397836 0.370313 -0.750570 -1.277461 0.846989 0.154680 -0.687707 0.087194 -1.240002 1.396064 -0.894257 2.449015 0.806983 1.187157 -2.189824 0.338765 1.481113 -1.907401 -0.532437 0.065229 -2.746235 0.630319 1.692321 -1.719032 0.701092 -2.624567 -0.077391 -3.231545 2.242835 0.817801
5 1793683.1008188722 1.0000000000 5.0000000000 0.6896398045 67.0000000000 5.6087399413 0.8839335418 4.4375803354 -0.0007428433 4.0585482822 -0.0054540826 19.6921192330 -546.0804301481 25.6935902840 6.5391614826 -1.034189 -1.994054 0.497598 -0.593282 0.990423 -0.349406 1.972670 0.427068 4.381399 -3.792722 -1.293833 1.802974 5.000000 -0.497270 0.087338 -0.452628 2.662914 -0.574616 1.360140 -0.639603 -2.545118 0.627095 1.006370 2.586452 -0.220894 -1.234724 1.125522 0.481474 0.561330 -0.146225 2.320677 0.738985 3.809317 2.222113 1.318100 -3.254877 1.204639 0.840564 1.621903 2.088884
9 1299296.6215960528 1.0000000000 5.0000000000 0.6896398045 67.0000000000 5.6087399413 0.8839335418 4.4375803354 -0.0007428433 4.0585482822 -0.0054540826 19.6921192330 -546.0804301481 25.6935902840 6.5391614826 -0.271955 -1.594540 0.565351 -1.652195 1.242165 1.912243 -1.411681 2.385372 -0.475884 2.310576 0.876333 2.244657 -1.994040 -0.213588 2.902859 -1.236074 -4.074402 -3.885178 -5.000000 -4.228328 -0.823278 2.557056 -0.884459 0.647055 -0.219983 0.017098 -0.336398 -0.348361 0.922328 -2.351965 2.020254 1.840036 -0.390115 1.610787 -1.402689 -1.074446 0.312528 -0.380442 -0.897476 -1.344896
18 70807.3204491470 1.0000000000 5.0000000000 1.8956377666 1.0000000000 6.3093926231 0.9975797513 3.3971796024 -0.0046781864 2.8809363859 -0.0039672784 11.5408292508 -1297.1525404678 26.9932316113 6.8438981222 2.527857 -2.153598 0.761064 -0.433388 3.472713 -0.906364 -0.294849 2.357813 1.196663 1.729948 -0.741560 -2.403709 -0.363319 -0.968188 -2.704096 -3.526426 -2.473138 -4.529151 -3.148695 -0.845966 1.029515 0.696784 0.143997 0.852169 -1.608461 -4.838066 -2.204704 0.364429 0.984843 -2.921123 -0.488637 -0.172713 1.055014 -0.776277 -1.676749 -2.486671 -4.751586 0.844712 0.819897 1.612307
23 67996.5155154260 1.0000000000 5.0000000000 1.8956377666 1.0000000000 6.3093926231 0.9975797513 3.3971796024 -0.0046781864 2.8809363859 -0.0039672784 11.5408292508 -1297.1525404678 26.9932316113 6.8438981222 0.894675 -3.806708 3.360189 1.708527 0.430709 0.829546 0.849565 2.350820 -0.423607 -0.183885 0.365188 2.404960 -2.647067 1.771558 0.137022 -1.922163 0.695406 -0.280234 -3.378946 -3.414618 -3.757313 0.810093 1.753934 1.967244 -0.267866 0.398680 -0.370259 1.915605 -3.275859 -3.016621 4.393254 4.799762 -3.558537 1.243008 1.904070 -3.946986 -0.108797 2.545923 1.777235 -1.448999
27 43453.4704491918 1.0000000000 5.0000000000 1.8956377666 1.0000000000 6.3093926231 0.9975797513 3.3971796024 -0.0046781864 2.8809363859 -0.0039672784 11.5408292508 -1297.1525404678 26.9932316113 6.8438981222 -0.220714 -2.646204 4.552614 -0.087846 3.329575 1.242546 1.525716 0.138057 0.787862 -1.350378 -0.566122 0.189543 0.780333 0.326509 -2.931584 -1.587331 -0.138073 -3.230726 1.216993 -1.502983 2.940522 -0.683176 -1.319775 -0.681215 3.520195 4.789739 0.626227 -1.431582 0.499781 -0.515795 5.000000 -0.171469 0.360501 2.800391 -0.150370 -5.000000 -1.823904 3.755677 -1.497543 2.025957
34 377.9098727527 1.0000000000 5.0000000000 1.8341705257 2.0000000000 6.2983194490 0.9957981774 4.5088577575 0.0161465763 3.8936198388 0.0135641251 20.3297982774 -1256.8993265005 26.2435538578 6.7136781638 0.388543 -3.244966 1.087217 1.680539 3.519867 -0.200756 0.223393 2.788676 0.484881 2.506166 -0.654372 0.140378 -0.907289 2.743500 0.907235 0.907302 -3.208348 0.407329 -1.021382 -2.217979 2.044258 -1.809194 2.367181 -1.579499 2.179267 -1.809188 -0.044960 -0.877907 4.063663 0.408783 5.000000 -2.435444 -0.700450 -0.562474 1.736630 -4.917158 -1.711587 1.483129 0.651713 0.665391
1005 60446.9947061025 1.0000000000 5.0000000000 0.6940453319 67.0000000000 5.5955121373 0.8816019514 6.0600024696 0.1256592021 5.5684742039 0.0859212996 36.7236299316 -537.8711689035 25.3301452209 6.4873846753 -0.937940 -3.271815 1.232042 -3.983913 -1.934476 -1.457543 0.351548 0.747567 -1.752537 3.807252 1.868578 3.313863 -4.089523 2.179038 1.021817 -0.354606 -0.252116 -1.059120 -2.757730 -2.375499 -0.323512 1.891121 -1.301370 -3.854436 -5.000000 -3.234246 0.635706 0.892879 4.229505 -2.831056 3.039350 -1.429631 -0.782209 2.064255 -4.119896 -1.702100 1.244024 -1.020627 5.000000 -2.282790
evaluations raw_y rep iid sigma t d_norm d_mean ps_norm ps_mean pc_norm pc_mean ps_squared loglikelihood mhl_norm mhl_mean x0 x1 x2 x3 x4 x5 x6 x7 x8 x9 x10 x11 x12 x13 x14 x15 x16 x17 x18 x19 x20 x21 x22 x23 x24 x25 x26 x27 x28 x29 x30 x31 x32 x33 x34 x35 x36 x37 x38 x39
1 5270272.8943946809 2.0000000000 5.0000000000 0.6940453319 67.0000000000 5.5955121373 0.8816019514 6.0600024696 0.1256592021 5.5684742039 0.0859212996 36.7236299316 -537.8711689035 25.3301452209 6.4873846753 -0.833516 -0.112534 -4.272392 3.280542 -3.586871 -1.683495 1.005763 -2.490576 -2.115904 -1.818015 1.102908 4.584416 0.083079 -2.235851 1.078117 -1.192319 -0.038261 2.350002 -1.495742 0.018051 -1.756216 -0.312868 0.513141 -1.977558 -0.677644 -0.472368 -1.275310 -2.375225 -2.842434 -0.306990 -0.538114 4.462734 -4.869535 0.225453 0.740889 2.719268 1.003714 -1.688427 0.000020 1.084705
6 1425251.9643504934 2.0000000000 5.0000000000 0.6940453319 67.0000000000 5.5955121373 0.8816019514 6.0600024696 0.1256592021 5.5684742039 0.0859212996 36.7236299316 -537.8711689035 25.3301452209 6.4873846753 -2.302006 -0.853045 -0.296294 3.002874 1.739196 -2.174181 1.328443 1.469769 -2.122731 -0.217034 -3.700808 0.660976 -0.631386 -2.700004 -1.396342 0.479902 -1.105899 0.599054 1.105327 -1.680886 -0.624541 4.289356 0.242211 -1.693658 0.120925 -2.677178 2.265492 0.740610 2.171613 1.804359 0.780593 1.951019 0.383147 -1.324418 -2.047030 -0.896350 -5.000000 3.651989 -3.428135 -0.153279
20 402493.2895621004 2.0000000000 5.0000000000 1.8852090459 1.0000000000 6.3114081467 0.9979029677 3.0998919612 -0.0947001260 2.6288252576 -0.0803092773 9.6093301713 -1321.9533136526 27.9891678131 7.1531553311 1.419859 1.219138 -1.813517 1.478536 0.972363 -2.391562 -0.304015 0.331821 0.744208 -0.799168 -0.462347 4.701474 0.772311 1.917372 3.870879 0.335369 -4.752764 0.393403 1.438669 -1.054442 -2.972540 2.237914 2.225793 -3.776416 0.959348 -0.474451 1.522472 -3.040820 -1.148751 0.031473 0.308260 2.543201 0.821141 -2.067091 -3.861691 2.852091 0.650884 -0.742822 1.514010 -1.482622
23 33191.6090002988 2.0000000000 5.0000000000 1.8852090459 1.0000000000 6.3114081467 0.9979029677 3.0998919612 -0.0947001260 2.6288252576 -0.0803092773 9.6093301713 -1321.9533136526 27.9891678131 7.1531553311 -2.945136 -5.000000 0.238407 1.505939 1.791779 -0.779345 -0.785319 1.032055 -0.542997 -0.139582 -2.775919 0.088273 -0.656521 -1.285270 -1.867859 0.894018 -5.000000 0.326778 0.545967 2.788129 -2.503907 1.184223 0.579965 -4.054054 0.735865 -0.618940 2.690484 -1.155910 0.831036 -1.719816 -0.581156 -1.609566 -1.990886 -2.777158 -0.789803 -0.577071 -0.308256 2.260570 -0.241891 0.993838
46 17035.9656824087 2.0000000000 5.0000000000 1.7605962180 3.0000000000 6.2840490998 0.9935330018 4.6152786603 -0.1695302519 4.0496081482 -0.1496319236 21.3007971123 -1201.9316870220 25.1886493007 6.4243186984 -2.932046 -2.470060 -0.325294 1.541781 0.202156 -0.806081 -0.727008 3.618509 -2.197995 -3.353009 -0.945389 2.779678 -1.374803 0.121357 2.321526 -1.255594 -5.000000 -0.501134 1.765302 1.422332 -4.444648 -1.459951 1.177274 -4.398165 -3.343748 -4.949665 -1.280010 0.509252 -1.781189 0.013030 -0.469838 -1.836936 0.074475 0.002979 -4.023940 -0.289773 2.551019 -0.459804 -0.765757 -0.359008
71 710.8648214131 2.0000000000 5.0000000000 1.7317234570 4.0000000000 6.2698068683 0.9912517630 5.3941323659 -0.2940010797 4.7764167882 -0.2594426886 29.0966639814 -1189.9999214901 25.2227917927 6.3743632327 -4.851473 0.107985 -1.491700 3.341842 0.568379 -0.703902 3.573396 3.692279 -1.293321 -1.054372 -1.222014 1.153109 -1.005190 -0.177621 3.585028 0.337095 -4.387341 -2.228717 1.498502 3.090690 -4.329553 0.945484 -2.625700 -5.000000 0.486189 -4.917741 -1.368110 -1.928797 0.316476 -0.996585 2.346054 -0.911645 -0.069348 0.296845 -1.984777 -1.167739 1.770441 -0.169557 0.755996 2.399987
141 362.3689429987 2.0000000000 5.0000000000 1.5531584658 9.0000000000 6.2089857340 0.9814851785 5.1937569106 0.1630643152 4.7526628285 0.1285071467 26.9751108467 -1104.4830099923 24.7450620995 6.3168357494 0.158432 -1.783749 1.523516 3.447584 -0.259523 2.031507 0.903149 2.255078 -3.474759 -5.000000 0.136209 3.417491 1.961329 0.543532 3.232483 2.314686 -2.827714 0.626489 -1.365394 1.926367 2.129831 -1.108934 -4.572740 -3.047602 1.425902 -1.741803 0.825754 0.468694 0.093833 2.074316 2.024832 -0.922016 2.703398 0.210558 -0.356382 0.469803 0.673819 -1.513887 4.079084 2.173548
1005 1991843.3456408263 2.0000000000 5.0000000000 0.9668527689 67.0000000000 5.6192008842 0.8841285892 5.4885140578 -0.0122164508 5.7414205605 -0.0129235973 30.1237865625 -720.0599782445 24.5436345040 6.2855778848 -0.666431 -3.018391 1.131840 1.071270 -2.097775 -2.623031 -2.394792 -0.509045 -5.000000 -1.315161 -0.095213 3.486339 2.603558 4.351788 5.000000 4.166717 2.938414 -3.858055 1.793215 0.758488 -3.037278 2.098760 -1.896042 -4.461942 -2.398730 -2.050422 -4.776382 -1.976858 5.000000 -1.715243 -3.184779 3.131144 4.385562 -4.182102 -3.528085 3.475156 2.563082 5.000000 5.000000 -1.239665
evaluations raw_y rep iid sigma t d_norm d_mean ps_norm ps_mean pc_norm pc_mean ps_squared loglikelihood mhl_norm mhl_mean x0 x1 x2 x3 x4 x5 x6 x7 x8 x9 x10 x11 x12 x13 x14 x15 x16 x17 x18 x19 x20 x21 x22 x23 x24 x25 x26 x27 x28 x29 x30 x31 x32 x33 x34 x35 x36 x37 x38 x39
1 2009179.5354781202 3.0000000000 5.0000000000 0.9668527689 67.0000000000 5.6192008842 0.8841285892 5.4885140578 -0.0122164508 5.7414205605 -0.0129235973 30.1237865625 -720.0599782445 24.5436345040 6.2855778848 3.577257 0.873020 0.192995 -3.726985 -0.554776 -0.709518 -0.165483 -1.254001 -0.087636 -0.954436 -2.627730 1.769245 1.762636 3.419146 0.100067 -0.809355 -1.090720 -3.092955 1.964735 -2.202135 -2.370093 -0.411300 2.972297 0.473433 -2.047570 -1.425986 1.250490 -0.321027 -1.537673 -0.460061 1.490113 3.952222 -2.488247 -1.252834 -1.607532 -4.838166 -1.847584 -2.047752 2.247956 -0.263828
15 476708.1579150120 3.0000000000 5.0000000000 0.9668527689 67.0000000000 5.6192008842 0.8841285892 5.4885140578 -0.0122164508 5.7414205605 -0.0129235973 30.1237865625 -720.0599782445 24.5436345040 6.2855778848 -4.421583 0.283621 1.487274 0.272264 -0.633610 1.536148 -2.206657 1.111090 2.861395 -2.082749 -1.639667 0.271881 1.979146 2.678297 1.361254 -1.339006 -2.228825 0.485957 0.796515 -2.201105 0.119581 0.664475 2.090128 -1.981125 1.113929 -2.338552 -0.853172 -0.156553 3.035833 5.000000 0.507091 0.990583 2.015083 -2.723312 1.531327 -2.483480 3.258224 2.886984 1.003079 -1.613397
17 99965.8036403022 3.0000000000 5.0000000000 1.8950434006 1.0000000000 6.3110423100 0.9978383481 3.3802802338 -0.0250333395 2.8666050842 -0.0212292157 11.4262944592 -1317.7044156219 27.7287323251 7.0576359137 -2.017661 3.424068 3.324423 -5.000000 3.029813 -2.769001 1.106234 1.620593 0.872605 -2.419806 -1.246239 1.841066 1.964691 5.000000 -0.477583 -1.794110 -5.000000 -1.169665 -0.989784 -3.651957 0.163342 0.342336 4.645200 -0.997260 -0.654955 -1.034356 -3.038651 3.818996 4.682811 -2.106931 1.436349 0.725522 -2.204036 -2.821316 0.413242 -3.718008 2.568137 0.615738 -0.900301 2.510382
20 42105.5513993949 3.0000000000 5.0000000000 1.8950434006 1.0000000000 6.3110423100 0.9978383481 3.3802802338 -0.0250333395 2.8666050842 -0.0212292157 11.4262944592 -1317.7044156219 27.7287323251 7.0576359137 -2.697091 -1.804219 1.852531 -4.938558 -0.271018 0.370491 -0.283725 0.548126 1.046998 -0.373763 -1.762421 3.320073 -0.178257 3.326973 1.586600 -2.275214 -1.376806 -2.660537 1.171464 -0.712401 -1.223957 0.289896 0.913358 -1.415934 0.316417 -0.202804 0.951614 3.166581 3.369305 3.145658 2.257415 4.295525 -0.755838 0.782783 0.675606 -5.000000 -0.590523 1.677897 0.736834 -0.397609
35 9273.9963240925 3.0000000000 5.0000000000 1.8612442480 2.0000000000 6.3006577115 0.9961654280 5.3153920536 0.0230936261 4.6120515939 0.0180907523 28.2533926833 -1225.6036657351 24.6623307609 6.3050000438 -1.974433 -1.055117 -1.082553 -4.496314 0.239596 -1.598744 -0.612515 3.639557 -0.555313 -0.827670 -2.245431 0.757054 1.134668 0.415834 1.043818 -1.907198 -2.483712 -1.994762 1.890221 -3.495790 1.176703 2.467908 -0.955994 -2.519120 2.114159 -0.179194 -1.111912 0.122147 3.050534 2.369597 1.707421 2.942750 -2.278345 -4.436729 3.321022 -3.851113 -3.755736 -0.834723 2.781326 1.825278
44 3269.0582311009 3.0000000000 5.0000000000 1.8612442480 2.0000000000 6.3006577115 0.9961654280 5.3153920536 0.0230936261 4.6120515939 0.0180907523 28.2533926833 -1225.6036657351 24.6623307609 6.3050000438 -4.581776 -0.527019 3.344022 -5.000000 -2.147724 1.288391 0.592987 2.766947 0.294121 -0.777589 0.885355 3.167440 -1.722322 4.195327 0.810574 -3.451975 0.280479 -4.592717 -2.833182 -3.269741 -2.653373 0.449127 -0.125109 0.453804 1.394160 1.145085 0.464724 0.053640 1.242643 -1.168193 1.150110 3.816714 -0.370049 -2.152991 0.547042 -4.658722 -0.010615 -0.475170 0.645846 1.755769
68 1227.9808350937 3.0000000000 5.0000000000 1.7861956300 4.0000000000 6.2772527453 0.9924081796 5.2279781790 -0.1341667893 4.6990949496 -0.1157446103 27.3317558397 -1196.9127731249 24.6637160472 6.2975559871 -0.878096 -1.921453 -0.009298 -5.000000 1.023977 0.165116 3.152550 -0.686447 -2.438064 4.154151 2.510583 4.207813 0.586735 -0.138070 -1.506282 -4.205853 -2.878928 -2.249466 1.538294 -5.000000 -3.734764 4.401513 -1.552245 1.313607 2.263962 3.694348 0.643592 1.136589 2.901237 4.633490 -0.507023 4.002647 -1.094448 -2.678625 1.242211 -2.433104 -4.502622 -0.342205 3.434765 -1.604260
75 672.3829979279 3.0000000000 5.0000000000 1.7861956300 4.0000000000 6.2772527453 0.9924081796 5.2279781790 -0.1341667893 4.6990949496 -0.1157446103 27.3317558397 -1196.9127731249 24.6637160472 6.2975559871 -1.962059 -1.377204 2.946681 -3.772016 1.315676 1.326893 -2.430814 2.313481 -1.810008 0.947171 -1.676302 3.025716 0.160286 1.920384 1.610627 -0.970433 -3.693448 -2.081462 -0.390345 0.184854 -1.408842 1.958086 -0.143248 -2.266137 -1.254638 2.951739 -0.408282 1.003688 0.011409 0.926722 3.561872 3.059448 -4.638970 -1.086382 1.624697 -4.673863 -1.692808 0.605311 0.125256 1.049658
128 602.9342803478 3.0000000000 5.0000000000 1.6817676789 8.0000000000 6.2308114350 0.9849222574 6.1880655364 0.1586236433 5.6500248947 0.1385395256 38.2921550826 -1121.4209022803 23.2853932422 5.9569191557 -2.377092 -0.743545 1.955179 -1.421554 0.325478 -1.679449 0.245270 -4.914261 -0.737002 4.582904 1.524858 4.331923 1.596660 -0.257314 -0.687601 -0.942079 -3.006438 -2.006265 -3.108811 0.333545 -4.790463 -1.258192 0.365630 -0.538049 0.408586 2.495655 2.318967 4.826204 3.324885 4.639967 3.335974 1.189160 -1.205218 0.109141 1.361932 -5.000000 -5.000000 3.910722 5.000000 -1.663257
204 566.7476546298 3.0000000000 5.0000000000 1.4797169523 13.0000000000 6.1674985469 0.9747603989 4.2268497421 -0.0039260469 3.8043404557 0.0098522770 17.8662587424 -1094.0254900340 25.7925257642 6.5538565565 -0.093633 -1.375519 -4.062278 -2.624114 2.421525 1.099456 0.364220 0.618626 1.621540 0.713491 -0.361242 2.009478 4.543549 -1.480397 2.245032 -2.604961 -1.491914 2.628342 -1.911758 -1.315590 -2.525722 0.545025 0.222539 -2.339831 -2.265398 2.079974 2.118412 0.197075 3.459395 3.885171 4.963630 2.487851 -0.782829 -2.554404 1.793882 -2.363879 -5.000000 3.108354 2.598175 -2.793571
353 470.6744216644 3.0000000000 5.0000000000 1.2169208982 23.0000000000 6.0594852847 0.9573005500 5.3718868201 -0.1699814195 4.6820805303 -0.1333047684 28.8571680083 -924.5026291311 24.2213285895 6.1642083961 1.105086 -3.453491 -1.765465 -3.630723 1.909136 2.216841 1.987215 -2.872860 1.584660 0.553892 -0.682461 2.419638 1.868945 -1.597835 -0.005770 -1.065496 -2.280135 -0.928026 -0.175238 -1.648581 3.498966 0.176521 0.039393 -0.363809 0.218574 2.398160 1.496074 5.000000 2.683139 5.000000 4.547539 1.465522 0.488635 -3.692302 0.993599 -3.761656 -5.000000 -3.183266 0.847876 -2.171777
597 460.0527647883 3.0000000000 5.0000000000 0.8792784465 39.0000000000 5.8815074891 0.9285676905 6.0886769991 -0.0374951602 5.5290510032 -0.0563820609 37.0719875995 -744.1507165023 26.0238757962 6.6197295563 -1.298895 -2.930548 -1.121129 -5.000000 2.106678 2.691163 0.836060 -0.836666 2.548636 0.504554 0.066237 0.633973 0.348364 -3.673245 -2.242689 -3.846888 -3.558270 -1.594937 -0.371663 -3.489466 3.134086 -3.071506 0.478341 -0.703156 0.854486 3.121195 1.806255 2.896449 3.831304 4.403361 3.464183 -0.556159 1.653463 -1.785698 -0.049395 1.117668 -2.825474 0.091884 -0.474662 -2.931883
653 458.0168805240 3.0000000000 5.0000000000 0.8448144363 43.0000000000 5.8424055263 0.9221937212 5.4463675215 0.1874439091 5.0841966689 0.1340925399 29.6629191792 -673.1038054030 24.2419648776 6.1894823112 -0.072685 -1.204599 -0.454664 -3.803117 1.198370 4.878056 -0.520362 0.271615 1.851884 0.068426 0.874873 -0.903164 2.499393 -1.201048 -1.738119 -3.039986 -3.884809 -1.029906 0.698923 -3.993544 4.651594 -1.694994 -0.308140 0.365442 -0.371020 2.980983 0.696684 1.684531 3.423253 3.472200 4.857732 0.320736 2.746254 -3.553991 -0.494028 0.271874 -0.255746 -0.321518 -0.067333 -1.998017
686 394.8614495598 3.0000000000 5.0000000000 0.8250334751 45.0000000000 5.8210561834 0.9187005136 5.9401790640 0.2334740748 5.4212899073 0.1764582021 35.2857273126 -707.0543812796 26.5048614599 6.7788041711 0.366534 -0.735779 -0.652781 -3.181535 0.171855 4.138973 0.526184 -0.205845 2.834833 -0.072334 -0.888657 -0.057666 2.187599 -3.152401 -0.800987 -3.907494 -3.958994 -1.479417 1.234463 -3.653698 4.390806 -2.339259 0.425306 0.369437 1.324733 1.345275 0.259922 3.048456 4.469689 3.607098 3.558414 0.416777 2.648062 -3.561415 0.063222 0.334222 -1.126038 0.710686 -0.801278 -1.580200
801 378.8918119087 3.0000000000 5.0000000000 0.7483100829 53.0000000000 5.7350574712 0.9046494301 5.7357761405 0.0747138021 5.1222053707 0.0735068709 32.8991279336 -631.5707802673 26.4145065205 6.7719850661 0.823325 -2.129918 -1.738768 -2.882699 0.848001 2.861533 -0.532610 0.403244 2.376847 -0.276981 -0.005197 0.940932 2.008432 -2.978074 -0.619264 -4.326523 -4.072697 -1.275929 -0.646769 -2.786024 3.173069 -4.357495 -0.190934 -1.227253 0.768963 1.759869 0.949993 1.556014 3.908378 3.573284 4.440837 1.192895 2.414393 -2.314791 0.143429 0.355317 -0.085481 -0.303619 -2.184495 -2.757991
1005 111931.8771186640 3.0000000000 5.0000000000 0.6842708319 67.0000000000 5.6014165537 0.8825527073 5.7772126747 -0.1621827932 5.1513205919 -0.1398940940 33.3761862888 -529.6799064477 25.1835861902 6.4251074701 1.326841 -2.003883 -0.986229 -2.320605 2.496039 2.951102 0.187332 1.145717 1.265913 -0.897616 1.420918 0.157124 3.517603 -4.838712 -0.747221 -5.000000 -3.559115 -3.794620 -1.252219 -2.256675 3.306844 -3.844447 0.157485 -0.815521 0.260099 2.541424 1.377670 1.260032 3.350268 3.396143 3.122155 0.915165 2.035950 -2.287747 -1.288571 1.425817 -1.999129 -0.512102 -1.711110 -3.624296
evaluations raw_y rep iid sigma t d_norm d_mean ps_norm ps_mean pc_norm pc_mean ps_squared loglikelihood mhl_norm mhl_mean x0 x1 x2 x3 x4 x5 x6 x7 x8 x9 x10 x11 x12 x13 x14 x15 x16 x17 x18 x19 x20 x21 x22 x23 x24 x25 x26 x27 x28 x29 x30 x31 x32 x33 x34 x35 x36 x37 x38 x39
1 10704971.6762415748 4.0000000000 5.0000000000 0.6842708319 67.0000000000 5.6014165537 0.8825527073 5.7772126747 -0.1621827932 5.1513205919 -0.1398940940 33.3761862888 -529.6799064477 25.1835861902 6.4251074701 0.101123 0.999903 -1.991818 1.387197 -0.836603 -3.169154 -1.295414 1.197150 0.664500 -2.294953 1.237339 -0.175974 0.850145 0.664506 -2.313633 0.701994 -1.213775 3.093959 1.446683 0.092271 -1.965983 0.108865 0.319786 -2.417896 4.446720 0.788590 3.384715 -2.225624 3.271495 -2.721931 -1.302452 1.084903 0.096012 -4.716147 -2.211168 1.675673 4.175742 1.829682 -0.552407 1.593024
2 6337722.5937502440 4.0000000000 5.0000000000 0.6842708319 67.0000000000 5.6014165537 0.8825527073 5.7772126747 -0.1621827932 5.1513205919 -0.1398940940 33.3761862888 -529.6799064477 25.1835861902 6.4251074701 -2.287597 1.019840 -2.694921 -0.018720 -0.261409 1.604173 -0.605928 2.404005 -0.393491 1.673057 1.573205 -3.681752 0.075095 0.071856 -1.557480 0.358821 -2.911069 1.112370 1.019558 0.600891 4.953168 0.704687 0.134942 -1.464529 0.594282 -1.923554 2.543637 -1.295289 0.316939 3.980166 2.328375 0.485320 2.759840 -0.109117 1.590468 0.038180 -1.810876 0.860543 1.869300 -0.692204
7 3209488.9391827933 4.0000000000 5.0000000000 0.6842708319 67.0000000000 5.6014165537 0.8825527073 5.7772126747 -0.1621827932 5.1513205919 -0.1398940940 33.3761862888 -529.6799064477 25.1835861902 6.4251074701 1.314928 -0.067931 -0.800786 1.298629 2.756839 -3.859591 0.467747 -0.600931 -1.488459 -0.682512 0.269034 3.739131 0.114114 -0.859534 -2.454380 1.547999 -1.503742 -0.227490 1.426174 0.104741 -0.772457 -0.345440 1.796698 -0.039272 0.485346 0.845697 -0.669079 0.655878 -0.553618 2.267687 1.003621 -3.460676 -0.414708 2.218349 -0.425732 -0.845035 1.987368 -2.165252 0.130070 1.180326
8 2042707.8220714906 4.0000000000 5.0000000000 0.6842708319 67.0000000000 5.6014165537 0.8825527073 5.7772126747 -0.1621827932 5.1513205919 -0.1398940940 33.3761862888 -529.6799064477 25.1835861902 6.4251074701 1.703855 -2.066700 -2.492424 2.989114 -1.556844 -0.179769 4.862448 -0.930497 -4.404129 5.000000 2.025159 0.717582 5.000000 -0.150532 2.891866 0.024920 -0.551289 1.265029 1.768776 2.564735 2.389033 -0.997441 -0.161479 3.875743 1.217674 0.195078 2.694858 2.800322 2.579957 -1.092370 -0.769573 1.504269 2.384730 -2.390124 -0.910047 -0.459379 2.014494 -2.166005 5.000000 0.180108
16 2039756.8803951764 4.0000000000 5.0000000000 1.8958658807 1.0000000000 6.3132211881 0.9981808433 3.4036640733 0.1966698731 2.8864354617 0.1667834674 11.5849291238 -1297.4529479099 26.9078308194 6.8918611373 -1.194141 -0.324580 -1.561381 -0.066968 -2.770349 -0.472037 3.030522 -0.890185 -1.650189 3.733445 1.221894 -0.281130 2.022632 -3.660704 -1.880697 1.434048 -3.294053 -2.205739 3.163483 2.797765 1.263364 3.216635 1.838366 0.000806 1.408810 0.580737 -1.550078 0.810208 3.094676 0.458173 2.629946 0.000048 3.044818 -0.382447 -3.722101 0.703549 -0.423530 -2.371222 2.112354 0.147474
18 663568.6470811805 4.0000000000 5.0000000000 1.8958658807 1.0000000000 6.3132211881 0.9981808433 3.4036640733 0.1966698731 2.8864354617 0.1667834674 11.5849291238 -1297.4529479099 26.9078308194 6.8918611373 0.540846 -5.000000 0.667716 2.332346 1.723646 -0.694514 -0.729766 -1.269249 -0.854908 -1.013916 0.676896 0.960567 0.635910 0.395993 1.874468 -0.417194 -1.322002 -2.453153 -0.574106 -3.439594 -4.653160 0.272333 1.362786 -0.808401 4.745762 1.646180 2.644569 -0.233609 1.934745 -0.080402 -0.105955 2.369760 1.123990 2.065652 1.962810 -1.386096 3.084942 -1.698160 5.000000 1.421375
20 741.2237966494 4.0000000000 5.0000000000 1.8958658807 1.0000000000 6.3132211881 0.9981808433 3.4036640733 0.1966698731 2.8864354617 0.1667834674 11.5849291238 -1297.4529479099 26.9078308194 6.8918611373 0.406745 -2.318680 -0.217844 0.482962 -2.090743 -0.716645 3.137453 1.438009 0.363612 2.694439 4.082652 2.281775 0.017342 -2.810492 0.298666 0.026206 -1.773742 -0.254864 1.993187 0.153326 3.472410 -0.689037 1.860455 3.350809 0.514742 0.859651 4.143671 1.506979 1.637869 -2.415667 1.463234 3.434378 2.624179 -0.411347 0.297809 -0.175932 4.276439 -1.562616 2.167260 3.572540
90 590.9479176723 4.0000000000 5.0000000000 1.6879968196 5.0000000000 6.2657693230 0.9905741699 4.9993111209 0.2013214021 4.5012151212 0.1937040733 24.9931116834 -1175.5750514892 25.2128046309 6.4665326488 -1.477172 1.436360 -0.322736 0.428412 -3.330248 -0.017406 1.080710 4.617795 -3.006306 0.052331 2.959901 -0.207535 4.019476 -0.260162 -3.228251 -1.381677 -1.369359 -3.863778 -1.721090 1.594169 1.281610 -1.940018 2.351017 1.356911 0.824752 -5.000000 0.707720 4.622474 0.039977 0.141563 1.471894 1.625748 2.055493 -1.934924 2.564874 5.000000 0.869335 1.263260 1.947202 1.486209
288 477.5519799153 4.0000000000 5.0000000000 1.2028808931 19.0000000000 6.0990422967 0.9637404899 5.6266841256 -0.2390319249 5.1739287244 -0.1906503719 31.6595742494 -969.1423001354 26.1833080163 6.6766050782 1.512158 0.274111 0.109100 -0.684976 -0.329115 -2.655663 -0.995880 2.660902 -5.000000 -1.288054 2.313047 1.082079 -1.787021 1.072254 -1.419001 -2.060118 -1.026832 -4.266118 -0.176242 -2.294415 5.000000 -2.953468 2.202435 0.729314 0.057927 -1.861124 -0.835783 2.557057 4.583673 0.754006 2.559188 2.288926 -2.576292 -2.019182 0.195958 3.671311 3.126207 -0.294871 0.107239 0.380952
417 470.4830911668 4.0000000000 5.0000000000 1.1683956658 27.0000000000 6.0126971581 0.9496539807 5.9900476087 0.0732564540 5.6266881645 0.0539833574 35.8806703545 -892.1953734954 24.2539799482 6.1929822887 1.304832 -0.267290 1.931315 0.937780 2.603513 -1.530930 -4.405768 0.865839 -2.527571 -1.052053 5.000000 3.351304 -2.492441 0.712661 -1.488180 -3.762484 -0.467611 -0.838805 0.173732 0.011827 2.953143 -3.543894 -0.171192 1.207505 0.158935 -0.116540 -0.408858 3.590642 4.153332 1.421832 0.778526 4.052010 -3.237852 0.785124 -1.235819 0.535848 3.283098 -2.792418 3.234962 -0.352066
1005 1292297.7762330831 4.0000000000 5.0000000000 0.6952312449 67.0000000000 5.6034110145 0.8825159520 5.8493641539 0.1866790501 5.4374557805 0.1423250654 34.2150610052 -563.6953519229 26.3562154368 6.7231781148 -3.264024 1.741515 3.741653 1.912529 1.032551 -3.674371 -1.173163 -3.560199 -2.021948 -2.100248 3.182735 3.740763 -1.746540 1.957643 -0.635528 -1.836998 0.135611 -2.777861 -1.851337 1.391062 -0.498595 -2.698755 3.378019 2.065663 -0.162062 -2.952959 4.140402 4.939264 1.040217 2.973710 2.437107 -0.059927 2.100215 0.093752 -0.633624 2.627521 5.000000 -2.616185 3.815945 -0.949883
evaluations raw_y rep iid sigma t d_norm d_mean ps_norm ps_mean pc_norm pc_mean ps_squared loglikelihood mhl_norm mhl_mean x0 x1 x2 x3 x4 x5 x6 x7 x8 x9 x10 x11 x12 x13 x14 x15 x16 x17 x18 x19 x20 x21 x22 x23 x24 x25 x26 x27 x28 x29 x30 x31 x32 x33 x34 x35 x36 x37 x38 x39
1 5951215.1444229819 5.0000000000 5.0000000000 0.6952312449 67.0000000000 5.6034110145 0.8825159520 5.8493641539 0.1866790501 5.4374557805 0.1423250654 34.2150610052 -563.6953519229 26.3562154368 6.7231781148 0.882455 -0.661740 4.861542 -0.504184 0.219220 3.164962 -1.818465 -1.183273 0.375206 -0.659740 -2.385529 -0.409753 -0.717658 1.206943 -3.329577 -1.400358 2.302782 3.714662 -3.022359 1.289695 -1.961216 -1.713706 -1.743758 -0.845016 1.992880 1.424843 0.118288 -0.726622 0.006578 -0.211861 1.586107 -1.263143 -0.012390 -0.202135 -0.104616 0.498435 0.395320 2.669697 -0.173751 3.123065
5 3726256.9409137876 5.0000000000 5.0000000000 0.6952312449 67.0000000000 5.6034110145 0.8825159520 5.8493641539 0.1866790501 5.4374557805 0.1423250654 34.2150610052 -563.6953519229 26.3562154368 6.7231781148 -1.292713 1.097136 0.421085 0.693004 -1.134102 0.827358 -1.020512 1.034519 -0.602010 -2.236813 0.997047 -1.412188 2.887762 0.885913 0.935410 0.202690 -0.118704 -4.773395 2.444341 -1.627824 1.912524 -1.277021 -0.286253 -0.448380 -2.076990 -0.343418 0.952692 -0.828357 -2.528167 -1.146431 0.499635 2.294404 1.671888 0.574807 -1.991193 1.813779 0.048421 -0.479963 1.820221 1.235690
10 2388641.2215290768 5.0000000000 5.0000000000 0.6952312449 67.0000000000 5.6034110145 0.8825159520 5.8493641539 0.1866790501 5.4374557805 0.1423250654 34.2150610052 -563.6953519229 26.3562154368 6.7231781148 0.847735 -0.774663 -1.713736 1.630628 -0.331632 5.000000 -0.498940 -1.434676 -1.098995 0.742174 -1.394692 -2.526602 3.278425 -2.480289 3.027292 0.282113 -2.124196 3.332761 -0.406907 -2.015095 0.130819 2.572891 1.367487 1.652490 3.508673 0.429128 0.751630 -0.451968 -2.909388 -0.289069 3.233958 -3.462107 2.687892 0.523079 -1.821039 0.130939 3.552644 -1.146266 1.581187 2.263028
12 2045908.6015641100 5.0000000000 5.0000000000 0.6952312449 67.0000000000 5.6034110145 0.8825159520 5.8493641539 0.1866790501 5.4374557805 0.1423250654 34.2150610052 -563.6953519229 26.3562154368 6.7231781148 -0.140262 -3.011046 -0.210160 2.593642 1.434385 1.395542 -1.608996 -0.290104 0.404646 1.357399 2.685024 -1.998661 3.399096 -0.572432 -0.503274 -2.416894 -0.135590 -0.456372 -2.469009 -0.582767 0.242714 -0.822868 1.558521 -2.049369 1.779764 -0.371965 0.744540 -3.690370 0.258292 -0.123800 1.871416 -2.359806 2.728083 -2.165262 2.633388 1.156391 -1.508923 4.339523 -2.391249 -0.343948
21 719798.3622785244 5.0000000000 5.0000000000 1.9004056275 1.0000000000 6.3112399107 0.9978738860 3.5325508512 0.0545454734 2.9957363088 0.0462566179 12.4789155163 -1286.3150475652 26.4903285861 6.7586482338 0.735417 -5.000000 -4.754347 0.568843 -0.007473 0.591433 -3.592974 -2.768654 -2.433072 -1.211081 -3.476336 -1.439172 -1.380473 -0.226394 1.986856 -1.831444 -4.197882 1.655195 -3.565337 -2.427834 4.618285 4.539937 0.736462 -3.083488 2.605865 -0.486322 1.715333 1.572839 -4.262473 1.869704 3.422573 -3.601753 0.407681 0.349014 -2.125608 0.402058 0.078783 2.499948 -1.946809 3.498568
23 127913.5371604985 5.0000000000 5.0000000000 1.9004056275 1.0000000000 6.3112399107 0.9978738860 3.5325508512 0.0545454734 2.9957363088 0.0462566179 12.4789155163 -1286.3150475652 26.4903285861 6.7586482338 0.834100 -1.860623 -0.225513 1.393818 0.126903 -2.034597 -2.157246 1.207776 -1.703830 -0.975969 -1.873325 -2.877521 1.264254 -3.786060 -0.893710 -3.300679 0.355343 -1.640091 0.910709 -0.824920 0.323349 0.075293 3.673567 3.986939 -2.307995 -0.172807 1.667548 -0.527478 0.083803 -0.799088 2.725554 -3.022481 3.123385 -1.606007 -1.406786 2.014464 0.142801 2.028783 1.682327 -0.221375
59 54546.6436685825 5.0000000000 5.0000000000 1.7662128845 3.0000000000 6.2848161002 0.9936476942 4.5352281770 -0.0038691351 3.9926330676 -0.0025060302 20.5682946175 -1227.2698908227 26.1073192567 6.6267808942 2.433230 -2.431124 -0.457904 -3.926035 1.815821 -1.075136 -5.000000 2.487349 2.281627 -0.825765 -3.630825 -1.349712 1.640606 -1.584812 -1.357640 0.308432 -0.699647 -1.323146 -4.221481 -1.629831 1.391944 -0.294801 -0.503340 -1.245861 -0.179571 2.185628 1.370390 3.276429 -1.892702 3.038442 5.000000 -1.323420 2.175202 -0.907521 -0.633830 1.866048 0.889107 2.656906 4.609136 -0.247238
116 10817.7347815876 5.0000000000 5.0000000000 1.5353268203 7.0000000000 6.2353203238 0.9857115219 3.8831209144 -0.0934446667 3.4791069262 -0.0874417581 15.0786280357 -1151.6389769074 26.7146460964 6.7754618651 -1.497775 -3.238025 -0.876076 -3.963184 -1.219152 -0.155991 0.169639 1.282876 0.042278 -0.943198 -3.469894 0.412734 1.763253 -4.830092 -0.154665 -1.073957 0.194034 -0.554803 -1.104239 -2.006029 0.586671 -0.588460 -0.576404 0.278078 -0.966100 0.233259 1.231927 0.298989 -0.064255 1.307291 1.028465 -1.936801 2.316774 -2.547144 -0.962359 3.426574 0.417139 0.555105 3.585994 1.193627
124 10027.7108185989 5.0000000000 5.0000000000 1.4656304258 8.0000000000 6.2220308386 0.9835867563 3.7816297014 -0.1414839876 3.3385828254 -0.1276035305 14.3007231985 -1099.5580794838 25.8650292225 6.6111215877 0.422519 -0.431109 1.224688 -2.955758 -0.465282 -2.396669 -1.348076 1.308664 -1.420326 1.416433 -3.184986 -1.143388 -3.369556 -1.807102 -1.685521 0.271570 1.711801 -0.378916 -5.000000 -0.964984 -3.085954 -1.218135 -0.880112 -2.345042 -1.204162 -0.160081 2.591964 -3.275366 -2.637087 3.463041 3.311999 0.138379 2.962095 -2.676399 -3.581325 2.118659 -0.321338 2.179050 4.365362 0.538029
126 1655.3994155879 5.0000000000 5.0000000000 1.4656304258 8.0000000000 6.2220308386 0.9835867563 3.7816297014 -0.1414839876 3.3385828254 -0.1276035305 14.3007231985 -1099.5580794838 25.8650292225 6.6111215877 3.188887 -2.106184 -2.722720 -3.959530 1.700072 0.067983 -1.901076 0.542059 -1.653133 0.111832 -3.471831 -1.382004 1.994925 -1.909198 0.619277 -2.224580 -1.203327 0.660294 -2.526798 -1.639348 -1.165674 0.606717 0.792143 -3.130245 0.431715 -0.171965 -0.544926 -0.153684 -1.760491 -0.771784 2.846784 -2.273146 -0.633240 -4.089708 -2.554146 1.249605 -0.925903 1.971223 0.858395 0.726194
229 399.0288569031 5.0000000000 5.0000000000 1.2484442400 15.0000000000 6.1423252615 0.9707394346 4.9348826981 -0.1317429696 4.7388847551 -0.1477215680 24.3530672438 -974.6212983372 25.2485108762 6.4532660777 1.758956 -1.873589 -1.741318 -0.784468 2.589233 -0.956289 -0.683270 1.188964 -2.882437 -0.949315 -4.951009 -0.667240 0.261687 -3.124137 -0.355927 -0.816265 -0.684840 3.292385 -5.000000 -0.914813 -3.632955 -1.039599 -0.560876 -1.103070 -3.903823 5.000000 -2.364527 1.329413 0.724223 1.104771 1.287662 -1.515629 2.717364 -1.325697 -2.482724 1.731060 -2.980204 1.486045 1.757777 2.924424
823 373.2170579758 5.0000000000 5.0000000000 0.6102911602 54.0000000000 5.7254309609 0.9031027544 5.4731488935 -0.0459342795 4.8472823949 -0.0725511738 29.9553588101 -475.5624318131 25.0451044591 6.3906101181 3.252053 -2.398163 -1.589003 -2.166029 -1.739497 -4.436592 -2.853940 2.826340 -4.066714 -1.034384 -3.631122 -1.288609 -2.360318 0.994257 -0.711887 -2.151560 -3.360706 2.408694 -2.862809 -4.209106 -3.129558 -2.778900 -2.316297 -4.193308 0.580553 4.568551 1.412972 -1.994378 2.001292 1.305535 2.605342 1.831104 -0.620559 0.120205 -4.279286 0.706168 -2.859291 5.000000 3.749999 4.742213
1005 49552.9143960593 5.0000000000 5.0000000000 0.5177635586 67.0000000000 5.5983892407 0.8822519145 5.1523255799 0.1462037553 4.5132207162 0.1094738829 26.5464588814 -376.5511825449 25.9872296041 6.6296953966 3.449255 -3.609066 -1.480370 -2.188043 -1.192962 -3.770937 -4.635201 3.082320 -3.241259 1.526107 -3.419788 -3.107205 -4.204218 2.723139 -1.707024 -1.444306 -3.767063 1.972471 -4.484285 -4.626162 -3.609388 -1.909574 -2.209219 -4.209381 1.161898 3.396400 3.299772 -1.671877 1.944008 1.609447 3.500751 1.657847 -0.400534 -0.615255 -2.867984 1.456173 -3.250426 4.305800 4.066444 3.270165
evaluations raw_y rep iid sigma t d_norm d_mean ps_norm ps_mean pc_norm pc_mean ps_squared loglikelihood mhl_norm mhl_mean x0 x1 x2 x3 x4 x5 x6 x7 x8 x9 x10 x11 x12 x13 x14 x15 x16 x17 x18 x19 x20 x21 x22 x23 x24 x25 x26 x27 x28 x29 x30 x31 x32 x33 x34 x35 x36 x37 x38 x39
1 60748432.8762742430 6.0000000000 5.0000000000 0.5177635586 67.0000000000 5.5983892407 0.8822519145 5.1523255799 0.1462037553 4.5132207162 0.1094738829 26.5464588814 -376.5511825449 25.9872296041 6.6296953966 -0.623567 1.458008 0.435642 -1.798184 -4.973561 1.826503 2.254127 -3.028186 3.278582 -0.859787 5.000000 1.203644 -0.671763 2.475476 0.222256 0.258302 0.152255 -0.310256 1.268451 1.621310 0.709617 3.625181 -2.712952 -0.927264 1.649308 -2.352863 3.128979 1.425410 -0.362013 1.068399 -1.173226 -2.963707 1.714495 1.886198 0.228883 -0.043913 -4.254289 -1.668815 -0.931017 0.467421
2 27579110.4370745979 6.0000000000 5.0000000000 0.5177635586 67.0000000000 5.5983892407 0.8822519145 5.1523255799 0.1462037553 4.5132207162 0.1094738829 26.5464588814 -376.5511825449 25.9872296041 6.6296953966 2.770070 -1.039254 -1.560304 1.911219 -0.253473 -2.737226 2.436961 -1.715003 -1.122942 -2.067040 0.717542 2.147363 -0.751009 0.792735 -0.942893 4.673216 3.005571 -1.190919 1.056682 1.879650 0.852571 -1.516314 -0.324734 1.453620 0.888166 -1.713645 0.893857 -2.029296 -4.264647 0.347726 1.902403 0.883795 2.938035 3.499033 0.707061 -1.286675 -0.094474 -2.898080 -0.072380 -0.181694
3 20193952.8400308080 6.0000000000 5.0000000000 0.5177635586 67.0000000000 5.5983892407 0.8822519145 5.1523255799 0.1462037553 4.5132207162 0.1094738829 26.5464588814 -376.5511825449 25.9872296041 6.6296953966 0.352581 2.189241 -4.252949 1.502898 -1.081214 1.586445 0.347307 -2.070869 1.748537 -1.479144 1.045891 -1.183753 -0.954974 0.225059 3.809485 1.388306 -0.039163 3.325686 0.061217 -0.594998 -1.936275 0.334133 0.233204 -1.364515 -3.828042 -0.279805 0.229849 -0.790009 -1.906633 -2.145655 -0.968891 2.725876 0.305376 -3.265241 1.286603 -0.895790 4.678068 -0.626646 -0.119235 0.388337
5 1186502.1881683606 6.0000000000 5.0000000000 0.5177635586 67.0000000000 5.5983892407 0.8822519145 5.1523255799 0.1462037553 4.5132207162 0.1094738829 26.5464588814 -376.5511825449 25.9872296041 6.6296953966 1.565261 -0.986837 -1.639772 0.277427 -0.159451 1.745331 0.557034 -0.855080 -0.120185 -1.136977 -0.647318 2.532207 0.827127 -0.746754 -0.640333 -1.186392 -0.375315 -2.972784 1.223789 -0.539688 1.384986 1.922667 0.630171 -2.029331 -2.445151 1.645625 1.672950 -2.756189 -1.890858 2.182573 0.148195 4.061521 1.033789 1.857715 -0.168342 -0.897131 -2.899856 -5.000000 2.231388 1.588207
20 427627.8499274438 6.0000000000 5.0000000000 1.8791938983 1.0000000000 6.3098570251 0.9976577849 2.9276716551 0.0510267452 2.4827759449 0.0432726038 8.5712613203 -1273.5177854150 26.2945380606 6.7065627899 0.698670 -0.057951 0.444894 2.049019 2.805682 -0.732212 -0.722480 3.158686 -0.586768 0.987933 -0.237973 0.209971 -1.142927 -1.254437 -2.910485 -2.466835 -1.605335 -0.836405 2.925511 2.787537 1.562201 -1.032048 -0.604415 -1.382256 -0.644690 0.624798 2.034913 -0.777584 -1.736290 -0.065437 0.087348 3.421980 -0.407145 0.735934 -0.586306 1.720162 1.881650 1.135142 2.827506 0.210365
22 125766.7459920232 6.0000000000 5.0000000000 1.8791938983 1.0000000000 6.3098570251 0.9976577849 2.9276716551 0.0510267452 2.4827759449 0.0432726038 8.5712613203 -1273.5177854150 26.2945380606 6.7065627899 -1.749031 2.416280 -1.352219 2.753617 -2.336271 2.175064 -0.832720 2.006510 0.108986 0.915993 0.662657 1.616023 -1.290820 0.857906 -3.384656 0.313370 -0.813715 2.887322 -2.629912 2.033295 1.651267 -1.230011 2.251757 -0.123351 -2.468593 1.989207 -0.314122 0.269310 3.865104 3.455942 0.803045 -0.950711 -0.865956 -2.220456 -1.114592 1.517172 1.893283 0.400232 3.071131 0.835979
30 36208.4677429662 6.0000000000 5.0000000000 1.8791938983 1.0000000000 6.3098570251 0.9976577849 2.9276716551 0.0510267452 2.4827759449 0.0432726038 8.5712613203 -1273.5177854150 26.2945380606 6.7065627899 2.930224 0.597562 -1.133067 -0.382786 2.109235 2.733444 -0.977040 -1.228198 0.767772 -2.717002 -2.301511 0.599490 0.144689 0.286020 1.620913 -1.780868 -2.650965 0.804855 2.402456 1.046631 3.432080 -1.327391 1.894144 -0.732079 -4.547704 1.767515 1.030215 0.845556 0.905058 0.502926 2.937493 2.997023 0.876056 -0.476240 -0.930078 2.225839 -0.350187 0.343227 0.180928 1.299918
36 21368.6664367563 6.0000000000 5.0000000000 1.7968150307 2.0000000000 6.2962231961 0.9954835450 3.8694996292 0.1452567207 3.3314436501 0.1247048208 14.9730273802 -1222.5620675986 25.4382778189 6.4666253687 5.000000 0.352111 0.210204 1.121957 1.658426 1.646512 -2.674817 0.823231 3.432828 2.728738 3.554773 1.994760 -1.740172 -0.426120 0.764966 -3.274098 -5.000000 -1.504328 0.633880 0.315368 -0.605536 -5.000000 1.037887 -0.967435 -1.192949 0.135115 0.639655 3.050164 0.374701 0.782892 2.492980 2.145247 2.892956 -0.871575 -0.575823 3.168781 -0.863083 1.858830 3.541479 -1.555044
69 14665.3868018354 6.0000000000 5.0000000000 1.7025065982 4.0000000000 6.2706123479 0.9913809090 4.9109856138 0.1100040251 4.3717515578 0.1040545193 24.1177796986 -1177.4957412555 25.0840591934 6.3629612396 0.504895 -1.615825 2.927511 2.746545 -0.528088 4.986338 -2.461520 3.070651 3.350272 1.855128 1.724209 0.864509 -0.720403 -2.243086 -0.424910 -3.376322 -4.111090 -1.127553 3.341526 -0.448730 0.170281 -3.392495 -0.678119 -0.359122 -3.833245 2.283853 0.895559 2.756191 0.731268 -2.484469 -0.230063 1.912092 1.014584 -2.413212 -1.498845 1.387405 -2.806807 5.000000 -0.061531 2.452860
79 5622.1453495100 6.0000000000 5.0000000000 1.6735385579 5.0000000000 6.2583897693 0.9894233032 5.3603990947 -0.0059145555 4.8359662635 0.0090153760 28.7338784545 -1139.1311772772 23.9940798046 6.1037977931 1.054383 -0.001574 1.509160 2.324631 -0.206034 3.606821 -3.776199 1.098211 5.000000 2.261186 2.604141 1.528392 0.613217 -3.403794 -1.673759 -4.574001 -5.000000 -0.138601 1.796005 -0.217785 -0.334098 -5.000000 0.196802 -2.208622 -2.682614 1.613912 -0.087289 3.409183 3.353695 1.405678 -0.836239 1.199555 -0.677365 -3.144166 -3.648441 2.896806 -1.490541 1.715486 0.476193 -0.059006
83 547.7439062467 6.0000000000 5.0000000000 1.6735385579 5.0000000000 6.2583897693 0.9894233032 5.3603990947 -0.0059145555 4.8359662635 0.0090153760 28.7338784545 -1139.1311772772 23.9940798046 6.1037977931 0.203287 0.772899 1.556231 2.330220 -1.380448 2.670375 -0.028698 -0.718832 4.618374 2.793544 -0.394552 1.471342 -1.028192 -0.039810 0.578629 -4.261641 -5.000000 -2.323666 1.883805 0.469943 -0.691403 -5.000000 1.756196 -0.466141 -5.000000 -0.131599 -2.318811 1.640067 1.367408 1.163648 2.348663 1.631561 1.639520 -3.970976 -1.633321 2.702273 -1.067520 4.369895 -1.915671 -0.200060
90 439.9559034935 6.0000000000 5.0000000000 1.6735385579 5.0000000000 6.2583897693 0.9894233032 5.3603990947 -0.0059145555 4.8359662635 0.0090153760 28.7338784545 -1139.1311772772 23.9940798046 6.1037977931 0.296570 -0.666243 4.249816 -1.759830 0.905052 2.737535 -2.349270 -0.157584 3.468548 3.852501 -0.053973 0.588743 -0.587047 -0.012979 -0.901664 -2.303317 -1.518845 0.780177 0.089141 -1.856921 1.559415 -1.435359 0.951344 -1.295423 -5.000000 0.705746 -2.114118 3.979125 0.379418 -1.841707 1.094537 1.564771 0.365970 -5.000000 1.601790 -2.393694 -2.333862 4.896640 1.668630 -0.459095
149 402.4003051740 6.0000000000 5.0000000000 1.4975591037 9.0000000000 6.2114891814 0.9818848772 4.8994003893 -0.0435841711 4.4925772448 -0.0335241781 24.0041241747 -1127.0863080884 26.4801985628 6.7672040734 -0.926632 0.323706 3.377340 0.369748 0.254727 0.845974 0.375651 0.989563 5.000000 -1.029893 -0.590351 0.248062 1.003182 -0.956836 -1.665399 -5.000000 -4.770047 -0.636941 -2.679523 0.271985 -0.959852 -1.410023 3.546932 -1.851342 -0.989734 -1.076255 -2.650955 1.451357 2.759856 1.174765 -1.815516 1.452989 -1.567689 -2.397296 1.462142 1.161167 -2.479329 3.567550 1.796625 -1.318088
640 395.5174619703 6.0000000000 5.0000000000 1.0374079054 42.0000000000 5.8551829101 0.9239704702 5.0383842652 0.1476426255 4.5472924509 0.1373600875 25.3853160043 -843.0952840150 26.2222310114 6.6929316944 3.085176 0.649264 2.252009 0.601537 0.867611 2.516380 1.140683 2.056234 1.872745 0.048299 0.781171 -2.064150 3.238986 -3.476238 -0.304210 -5.000000 -1.523222 1.094888 -4.293620 4.229071 1.772948 -2.514093 0.814559 -2.348526 -1.205299 3.507999 1.333126 -0.235834 1.652969 2.854753 1.415398 -0.411576 1.134487 0.222904 -0.566245 -0.919583 3.684173 1.832667 0.939272 -0.808984
719 357.7753274280 6.0000000000 5.0000000000 1.0233977811 47.0000000000 5.8057247517 0.9158157605 6.5136824566 0.1697815542 5.8317784313 0.1412879614 42.4280591454 -787.0432541713 24.7037069560 6.2592673139 1.647506 -0.956195 2.655768 -1.201950 1.746863 2.647613 0.882041 2.094872 2.793542 -2.010968 1.287426 -1.141011 2.672101 -2.402982 2.205233 -4.326919 -1.078597 2.246623 -3.268562 3.159491 4.419017 -3.399452 -0.026693 -2.839128 1.368386 2.033269 3.614469 0.869072 3.745573 3.112206 2.087413 0.516307 0.071360 -1.134703 -2.612387 -0.586622 4.026546 2.643695 1.478995 -0.871538
734 323.8554613269 6.0000000000 5.0000000000 1.0228226066 48.0000000000 5.7970751795 0.9143891389 6.2549193798 0.2254487781 5.7269491786 0.1859042372 39.1240164472 -789.3616622023 24.6912556919 6.3132520645 1.905226 -0.581606 3.567269 1.795814 1.378281 2.269646 1.443908 2.197947 3.165143 -1.580460 0.827933 -0.545001 2.090236 -2.105603 1.043770 -4.059421 -2.071190 1.032087 -3.721152 4.054228 4.288239 -3.754532 -1.475413 -1.967028 2.808586 3.108815 3.394032 0.450248 1.253282 1.490305 1.837785 -0.019820 -0.463167 -0.709559 -2.690655 -0.517462 4.339714 3.534607 0.975792 0.375012
1005 748474.1249634232 6.0000000000 5.0000000000 0.9223415311 67.0000000000 5.6126037439 0.8840188796 4.5982585232 -0.0347989181 4.0617326490 0.0233047506 21.1439814460 -739.5433929652 26.5308069283 6.7552548070 3.363575 -2.095056 5.000000 3.623878 1.716914 3.446757 -0.009772 2.260512 3.348329 0.400830 1.519282 -1.893814 3.929379 0.610181 -1.559581 -4.187211 -2.341839 1.084704 -2.974957 5.000000 3.025636 -1.386113 -3.517164 -3.831424 1.436563 2.090048 2.572387 3.578577 3.374122 4.811320 5.000000 1.077781 1.198639 2.400641 -2.181977 -0.618433 3.229340 3.896037 2.234790 -1.112851
evaluations raw_y rep iid sigma t d_norm d_mean ps_norm ps_mean pc_norm pc_mean ps_squared loglikelihood mhl_norm mhl_mean x0 x1 x2 x3 x4 x5 x6 x7 x8 x9 x10 x11 x12 x13 x14 x15 x16 x17 x18 x19 x20 x21 x22 x23 x24 x25 x26 x27 x28 x29 x30 x31 x32 x33 x34 x35 x36 x37 x38 x39
1 11655646.1879967712 7.0000000000 5.0000000000 0.9223415311 67.0000000000 5.6126037439 0.8840188796 4.5982585232 -0.0347989181 4.0617326490 0.0233047506 21.1439814460 -739.5433929652 26.5308069283 6.7552548070 3.381051 -0.931875 0.065640 0.815033 -1.577846 0.004131 -0.001781 -3.509449 2.035316 1.200997 -1.250858 -0.343097 1.010599 -0.522713 -0.485498 -2.906483 1.109161 0.247762 0.548920 -3.053049 3.301399 0.308671 -0.774280 4.058144 -0.090772 -2.901357 -0.810456 -4.576630 2.098793 -0.832949 -1.485107 2.144940 -3.302151 1.070859 -4.128830 -1.324319 -2.408440 2.923951 3.532322 -0.658828
3 7621497.4287910210 7.0000000000 5.0000000000 0.9223415311 67.0000000000 5.6126037439 0.8840188796 4.5982585232 -0.0347989181 4.0617326490 0.0233047506 21.1439814460 -739.5433929652 26.5308069283 6.7552548070 1.309411 1.788705 0.831005 -1.847089 -0.392055 -1.181540 -0.599422 2.593770 3.059159 1.338836 1.097490 1.353258 -0.024484 -0.151327 -1.347290 -0.111735 4.519894 1.738079 -0.684234 -0.943853 -1.728980 0.748741 0.783091 -2.886243 0.972670 -1.138945 2.853442 0.313688 3.435460 -0.916254 -0.575968 0.599617 2.111897 1.131765 -2.467048 0.365801 0.044489 -0.858137 -1.296211 3.495154
4 1269.9992390469 7.0000000000 5.0000000000 0.9223415311 67.0000000000 5.6126037439 0.8840188796 4.5982585232 -0.0347989181 4.0617326490 0.0233047506 21.1439814460 -739.5433929652 26.5308069283 6.7552548070 -0.780773 -1.691845 1.274226 0.261246 -0.151628 1.562604 0.977251 0.724380 1.928401 0.567273 -1.233844 -0.724564 -1.041945 0.419444 -2.155970 -3.664852 0.176310 -2.673041 -3.903956 0.746662 -1.422106 0.992251 -1.061708 -2.243925 -2.487035 -1.029854 -0.546766 -1.646920 -0.562216 -3.072205 0.028978 -3.587297 -0.387713 1.394588 2.183878 3.428760 -3.112575 1.517450 2.412564 1.961114
48 897.8329263903 7.0000000000 5.0000000000 1.7352070742 3.0000000000 6.2834752507 0.9934431167 4.3515702508 -0.1293998371 3.8089464009 -0.1117000205 18.9361636480 -1219.9895837463 26.2155985088 6.6326781602 0.804650 1.719967 -4.011726 0.329198 0.529307 2.259899 1.128504 2.790088 -0.525124 2.382852 2.601680 2.967865 -2.362762 0.923786 -1.011845 -3.865600 1.980071 -1.478224 -4.854429 -1.070173 0.078294 0.401287 -1.154410 -0.350046 -2.844400 -2.326367 -1.532891 -0.781003 -0.255442 1.214193 2.812503 -2.395527 0.794477 -4.832144 1.097312 -0.441228 -2.016048 0.824955 2.124556 -5.000000
69 802.4243633595 7.0000000000 5.0000000000 1.6980255182 4.0000000000 6.2704310521 0.9913530651 5.1179348955 -0.0869896125 4.5517024064 -0.0815320969 26.1932575946 -1205.2215304786 26.2505051113 6.6838466627 -0.618474 -1.118686 -3.666648 0.442265 2.130343 -0.629190 4.237794 1.719611 1.057035 4.431462 2.813332 1.541830 -2.677673 -0.822397 2.467912 -3.039352 2.290479 -1.724479 -2.141082 -5.000000 -1.500034 0.586126 -0.541250 -0.751406 -3.305905 -1.892789 1.573818 -1.526611 2.848597 1.868428 1.305428 -1.753834 -1.206541 -3.330455 0.913381 0.588083 -0.735547 1.372554 2.244361 -1.966372
155 420.8173874115 7.0000000000 5.0000000000 1.5657560791 10.0000000000 6.2062638296 0.9809625758 5.5387256451 -0.0098865657 5.3008118343 -0.0246951766 30.6774817713 -1104.6054630843 24.5784430829 6.2714826642 2.497332 -2.087461 -1.606454 -1.421559 3.719415 2.053935 4.974331 2.716743 0.652418 -1.469306 -2.493624 2.283703 -2.646172 -2.354925 0.452387 -2.849974 5.000000 0.336536 -4.942126 -4.019385 5.000000 1.475422 -1.848920 -0.614469 -0.812179 -2.004792 2.659355 0.001517 -2.009348 1.408857 -3.025062 -3.203683 -2.963004 0.058378 -3.561953 0.557590 -2.632529 2.109707 2.537795 -1.879360
207 413.6251773158 7.0000000000 5.0000000000 1.4943009752 13.0000000000 6.1736245198 0.9756752693 5.3676668173 0.0423545956 5.1310684628 0.0265925214 28.8118470615 -1080.8471030793 24.9332055512 6.3446902483 3.671964 -3.185115 -1.076636 -3.347129 3.778283 -0.096485 2.802209 3.556390 4.130742 -3.188536 -2.858352 2.091974 -2.702996 0.720348 -0.705856 -4.995879 2.115838 -1.057456 -4.059141 -4.822014 3.719331 1.553419 -4.118619 -1.535485 -0.318863 -5.000000 2.798543 0.180436 1.091609 1.344126 -2.384870 -5.000000 -0.534868 0.607529 1.250078 -2.504504 -4.088546 4.459679 3.606617 -1.994734
208 413.0801808493 7.0000000000 5.0000000000 1.4943009752 13.0000000000 6.1736245198 0.9756752693 5.3676668173 0.0423545956 5.1310684628 0.0265925214 28.8118470615 -1080.8471030793 24.9332055512 6.3446902483 2.992841 -1.824967 -0.435542 -4.351604 4.338099 -0.705002 3.295198 2.427473 2.498735 -1.848513 0.224555 4.831418 -3.254030 0.540711 -2.899165 -2.755462 1.874601 1.125979 -1.260694 -5.000000 3.176481 -0.766762 -2.367670 -2.422511 0.710703 -3.597001 2.203998 2.175378 1.802322 2.754921 1.024907 -4.225069 -0.376454 2.245908 -2.695527 -1.312089 -3.410891 1.380040 4.521877 -3.625981
1005 1866290.5076564956 7.0000000000 5.0000000000 0.6457349825 67.0000000000 5.6112721859 0.8839070824 5.4087554359 0.1641587649 4.7318189959 0.1396278615 29.2546353656 -465.9248236188 23.8664705831 6.1140393769 1.233903 -4.001092 1.099257 -0.431590 4.553375 -3.733024 2.486143 2.037194 4.105537 -1.512673 1.207570 2.875449 -4.613785 3.074507 0.711660 -1.966296 1.351946 4.252449 -3.215731 -2.438319 3.488508 1.379737 -2.557885 -4.672552 -0.568975 -3.073812 4.427740 -2.822244 1.666096 2.268993 -3.392260 -2.765372 -1.562332 -2.766436 2.205070 1.192737 -0.655293 3.066644 5.000000 4.500788
evaluations raw_y rep iid sigma t d_norm d_mean ps_norm ps_mean pc_norm pc_mean ps_squared loglikelihood mhl_norm mhl_mean x0 x1 x2 x3 x4 x5 x6 x7 x8 x9 x10 x11 x12 x13 x14 x15 x16 x17 x18 x19 x20 x21 x22 x23 x24 x25 x26 x27 x28 x29 x30 x31 x32 x33 x34 x35 x36 x37 x38 x39
1 2004686.3145062830 8.0000000000 5.0000000000 0.6457349825 67.0000000000 5.6112721859 0.8839070824 5.4087554359 0.1641587649 4.7318189959 0.1396278615 29.2546353656 -465.9248236188 23.8664705831 6.1140393769 0.182409 2.182565 -3.893941 -2.772699 -4.592983 4.819669 3.455672 4.409113 1.589655 1.952842 -2.366854 3.832727 -2.246654 -1.328071 -0.756717 -1.583231 1.719096 -0.461578 -0.131322 -0.417272 2.693737 -1.213906 -0.348496 0.848103 -3.291980 -0.967082 1.070937 2.332281 0.323366 -1.345668 2.885048 -0.442961 0.062529 0.363859 -0.125857 -1.083137 0.949037 -2.329182 -1.001819 -0.817122
7 1582232.6831836591 8.0000000000 5.0000000000 0.6457349825 67.0000000000 5.6112721859 0.8839070824 5.4087554359 0.1641587649 4.7318189959 0.1396278615 29.2546353656 -465.9248236188 23.8664705831 6.1140393769 -2.243547 1.919886 2.582266 -0.483004 0.256999 2.897713 -2.720255 -2.274747 -0.896418 -0.228745 1.074814 0.326141 -3.885801 1.957484 2.266818 -2.088449 0.911016 -1.452350 -1.018342 -1.555627 2.948872 -1.927193 -0.286890 0.909205 -1.926798 -0.700553 -0.398237 3.224781 -2.735749 -0.161472 0.286882 -0.685288 2.595686 -0.134620 -1.001640 1.526683 2.417382 -1.814680 1.638825 1.324355
9 467574.1606233913 8.0000000000 5.0000000000 0.6457349825 67.0000000000 5.6112721859 0.8839070824 5.4087554359 0.1641587649 4.7318189959 0.1396278615 29.2546353656 -465.9248236188 23.8664705831 6.1140393769 -0.292134 2.171610 -2.590029 -1.266494 1.003804 0.340632 4.093059 0.140303 -0.106244 0.707890 -2.987897 3.005386 -0.623129 1.296434 -1.625393 -2.719775 -0.146699 -0.452170 1.080819 -1.025205 4.970943 0.293819 -2.287627 -0.117272 2.775989 0.302454 -1.950504 -1.045554 1.526519 2.953760 -1.522631 2.854234 -1.505575 4.071934 -0.496979 -2.513253 -0.568525 -0.103187 1.482608 2.108962
16 126103.5471139996 8.0000000000 5.0000000000 1.9008998196 1.0000000000 6.3117874408 0.9979594482 3.5465627440 0.0797107700 3.0076189221 0.0675977383 12.5781072971 -1332.6791998009 28.1715114484 7.1694461957 -1.707233 0.415881 -0.545696 -0.103419 0.652353 -2.147191 2.491630 1.921416 -1.485113 -5.000000 0.721220 2.616382 -3.238020 0.468247 1.615588 -2.400835 1.269673 -1.953801 -0.327195 -1.411215 2.634911 0.733889 2.224060 -0.234257 -2.824149 -0.315896 2.281040 -1.151558 -0.683726 2.239360 -3.296750 0.327905 0.037437 0.764368 -3.147645 -2.670659 -1.213617 -3.836829 3.322472 -1.121988
18 37326.6793783173 8.0000000000 5.0000000000 1.9008998196 1.0000000000 6.3117874408 0.9979594482 3.5465627440 0.0797107700 3.0076189221 0.0675977383 12.5781072971 -1332.6791998009 28.1715114484 7.1694461957 -0.874486 3.100132 -5.000000 0.485459 1.828296 0.681130 5.000000 -1.077993 -1.981947 3.398373 -2.723345 1.124671 -0.860584 2.734990 0.225932 -2.348917 0.817399 -1.243037 -1.609773 1.706871 3.808962 -0.750670 -3.687675 0.352778 -2.805655 0.222483 -2.289283 -1.988444 3.172270 0.938617 3.767721 -1.758194 -1.565702 2.717288 -3.728521 -2.080192 1.109327 -2.518261 4.202079 -0.609829
19 585.9902682354 8.0000000000 5.0000000000 1.9008998196 1.0000000000 6.3117874408 0.9979594482 3.5465627440 0.0797107700 3.0076189221 0.0675977383 12.5781072971 -1332.6791998009 28.1715114484 7.1694461957 -0.204960 2.680937 0.034573 -0.104399 3.131664 2.918199 2.353252 3.723371 1.586880 0.999534 -1.686803 0.950380 -2.052399 1.035534 -3.463692 0.377599 2.999712 -2.593246 0.297034 -4.722513 5.000000 2.127009 -1.641732 0.485315 0.238590 -2.485525 1.933122 2.757933 1.725427 0.002420 -0.608936 0.459941 0.457984 -0.838649 -0.682533 -1.321266 -1.412726 -2.875632 1.500845 0.169655
41 448.3445905146 8.0000000000 5.0000000000 1.8431415178 2.0000000000 6.3004475049 0.9961417394 4.6224073483 0.0631130292 4.0084871275 0.0567369409 21.3666496935 -1235.5561880451 25.3002967305 6.4774093189 1.650936 -0.970557 -1.141625 -0.490861 3.310656 0.070896 1.063165 4.300499 -4.350429 -3.073549 2.103453 2.276241 -3.242404 -0.057546 -1.131670 -0.135428 0.653655 -0.690758 -2.215355 -4.294866 3.588295 -2.860460 1.080829 2.713528 2.930372 -0.900694 0.173095 -1.136254 4.016515 -2.097687 1.299133 -0.627346 -1.730343 -1.173126 -2.315774 -2.508314 0.641042 -3.265153 2.913199 0.957661
1005 4726.0506794576 8.0000000000 5.0000000000 0.6290362395 67.0000000000 5.6074884816 0.8836441850 6.0709624832 0.0902454882 5.1896013468 0.0921255063 36.8565854719 -501.9610392721 26.2724690593 6.7037646762 0.462611 3.686540 -2.390141 -2.503337 4.713300 1.870977 -1.231616 2.446898 -1.860815 -2.058052 -1.728886 1.758465 4.104311 3.151460 -5.000000 -3.745255 -4.050339 -0.824000 1.649750 -0.631672 -1.583846 -3.556158 0.473483 -0.498219 3.416352 2.474138 -3.598163 3.792709 -0.249491 -1.407208 3.613228 -2.520024 -2.220965 -0.686534 3.626881 0.788960 0.102813 -3.417466 -0.843592 2.883376
evaluations raw_y rep iid sigma t d_norm d_mean ps_norm ps_mean pc_norm pc_mean ps_squared loglikelihood mhl_norm mhl_mean x0 x1 x2 x3 x4 x5 x6 x7 x8 x9 x10 x11 x12 x13 x14 x15 x16 x17 x18 x19 x20 x21 x22 x23 x24 x25 x26 x27 x28 x29 x30 x31 x32 x33 x34 x35 x36 x37 x38 x39
1 2709970.5889779450 9.0000000000 5.0000000000 0.6290362395 67.0000000000 5.6074884816 0.8836441850 6.0709624832 0.0902454882 5.1896013468 0.0921255063 36.8565854719 -501.9610392721 26.2724690593 6.7037646762 0.002217 -0.579088 -2.232133 -0.025766 -0.756723 -0.962271 -3.034662 -0.981744 -0.481361 -1.295895 1.271782 3.480235 0.593364 1.415007 3.645632 0.861538 3.085459 -1.801442 -0.274250 2.595158 1.350542 0.063916 1.836292 0.761019 1.032735 -0.710479 0.417554 0.656822 -0.996450 -4.183554 -0.165175 4.910365 -5.000000 -1.826559 -0.454629 0.538631 2.260923 2.084795 2.607621 2.778801
9 711757.4146781937 9.0000000000 5.0000000000 0.6290362395 67.0000000000 5.6074884816 0.8836441850 6.0709624832 0.0902454882 5.1896013468 0.0921255063 36.8565854719 -501.9610392721 26.2724690593 6.7037646762 0.730558 -0.068612 0.151371 -0.410968 -0.998565 0.593196 -0.355029 -3.407702 -1.095558 0.593892 -0.767622 1.354971 3.407478 -2.710539 5.000000 -0.948245 -0.304191 1.187611 -2.781946 0.193599 0.046566 -1.047464 0.591813 -1.335328 0.095374 -3.161676 1.148694 1.863662 3.596093 -1.437841 1.227928 -0.536477 1.871369 -3.076707 -1.269002 -0.157175 3.192414 -3.370573 1.451780 -0.088292
12 269084.3357175952 9.0000000000 5.0000000000 0.6290362395 67.0000000000 5.6074884816 0.8836441850 6.0709624832 0.0902454882 5.1896013468 0.0921255063 36.8565854719 -501.9610392721 26.2724690593 6.7037646762 3.008690 -2.870203 -0.609791 4.522849 -2.418779 1.141439 -3.957747 -0.406752 -0.821588 -2.625875 -2.441631 1.706618 -0.288166 2.798805 -1.654693 -0.841062 2.817796 3.873038 1.661722 0.878836 1.286835 -0.111721 4.461060 2.096915 -1.437420 2.747801 -0.639111 0.115489 0.890483 -1.874962 1.153844 4.360099 -1.880262 -3.216646 -0.601930 -0.931909 2.372743 -2.194811 3.882757 -2.209702
20 54750.0928442231 9.0000000000 5.0000000000 1.9107839365 1.0000000000 6.3137177524 0.9982582400 3.8260459961 0.0881643160 3.2446312572 0.0747666640 14.6386279644 -1333.0267857394 28.0228678459 7.1068391433 2.039050 -3.272797 0.583401 3.924854 0.808110 0.800735 -3.233733 -1.611662 -1.022109 -3.742275 -1.761803 3.204455 3.412927 2.327564 2.488066 -2.674534 2.885603 1.384836 0.505850 0.503106 0.834429 1.195403 4.024280 2.162248 2.273538 -0.673012 0.937606 -0.273057 0.746114 -2.041045 -1.832361 2.094563 -3.159428 -0.189649 -0.167758 -1.115588 0.317511 1.819978 3.711238 0.703676
26 1783.6102615626 9.0000000000 5.0000000000 1.9107839365 1.0000000000 6.3137177524 0.9982582400 3.8260459961 0.0881643160 3.2446312572 0.0747666640 14.6386279644 -1333.0267857394 28.0228678459 7.1068391433 1.344364 -4.370134 2.130683 -2.533525 -1.658215 1.714447 -0.170841 0.059632 -0.561203 -1.466096 -0.266076 1.604587 5.000000 -5.000000 -1.200589 -2.823321 1.921591 0.678153 0.844977 2.757483 3.380894 -1.748762 0.957942 2.665275 -0.615395 0.704307 1.824509 3.586219 1.357034 -0.366082 0.001003 3.019061 -0.328456 0.694082 -4.210762 0.273696 4.743652 2.139021 2.068400 1.291625
46 423.9326879314 9.0000000000 5.0000000000 1.8133144999 3.0000000000 6.2887670728 0.9942555223 4.9536478613 0.1338246303 4.4072330529 0.1215489319 24.5386271337 -1247.3226381994 26.2349482926 6.6978359040 2.597799 -3.224064 -1.205304 1.051438 0.046536 1.231310 -0.004463 -4.550095 -0.826900 -4.698394 -0.507109 1.751930 0.927797 -4.234584 -1.470959 0.019386 2.501888 -2.212903 -0.766967 3.491101 3.641960 1.037298 0.277745 -0.902980 -1.832982 -4.779019 0.788150 2.399423 -1.337470 -1.521125 0.977922 3.708428 -0.601612 4.170915 -2.572192 -0.599297 3.086179 -2.348023 -0.217474 1.726821
335 356.4638811905 9.0000000000 5.0000000000 1.2909864183 22.0000000000 6.0692359962 0.9588309828 5.1403359779 -0.0311702244 4.7319352461 -0.0298209152 26.4230539652 -961.4369916006 24.2498220971 6.1880933606 2.415273 -2.390993 -0.446421 4.150529 -2.597493 1.590727 -0.830881 -1.223613 -0.318851 -4.471746 1.088378 -0.771109 4.570268 -1.184796 -1.964607 -0.244275 -2.025911 -1.363557 0.279591 -0.479117 1.388385 -3.608355 -0.459913 -3.880990 -0.986474 -0.424133 -5.000000 0.953320 -5.000000 -1.457070 3.500060 3.118416 -1.559202 4.839823 -1.025967 0.172307 3.748320 -1.319470 2.587102 3.717145
1005 145447.4697215437 9.0000000000 5.0000000000 0.9577663803 67.0000000000 5.6233402415 0.8851285886 5.0192023854 0.1275536182 4.3323668121 0.1143978694 25.1923925852 -709.0051718520 24.2578357514 6.1892939882 4.471917 1.218090 1.696348 0.450475 -0.814058 2.257301 0.010054 -2.796376 -1.447655 -0.433319 -1.610466 0.957623 3.002168 1.951462 -0.336382 -1.083346 1.326012 -3.796040 -2.960298 0.004993 0.547417 2.498990 -0.321254 -0.528716 -0.019237 1.490094 -2.496872 3.484939 -2.114454 1.326685 2.662105 1.488372 2.682897 1.419593 -1.082791 3.709994 -1.804710 -4.164940 2.315778 0.686083
evaluations raw_y rep iid sigma t d_norm d_mean ps_norm ps_mean pc_norm pc_mean ps_squared loglikelihood mhl_norm mhl_mean x0 x1 x2 x3 x4 x5 x6 x7 x8 x9 x10 x11 x12 x13 x14 x15 x16 x17 x18 x19 x20 x21 x22 x23 x24 x25 x26 x27 x28 x29 x30 x31 x32 x33 x34 x35 x36 x37 x38 x39
1 31766844.8495719768 10.0000000000 5.0000000000 0.9577663803 67.0000000000 5.6233402415 0.8851285886 5.0192023854 0.1275536182 4.3323668121 0.1143978694 25.1923925852 -709.0051718520 24.2578357514 6.1892939882 2.663173 1.430558 -3.090801 -0.016768 1.242672 -1.440171 0.531023 0.217097 0.008583 -0.349200 0.866052 2.406075 -1.930131 2.056548 0.457260 0.890275 -2.273204 0.270274 2.969074 -2.159610 -3.955457 -3.486745 0.532140 4.769935 2.247383 3.345244 0.198298 2.795993 -0.542496 1.226408 -0.534634 -1.098618 0.265417 -0.952284 2.616946 0.390027 0.800420 -0.675265 2.512945 -1.463939
4 11698827.3077789266 10.0000000000 5.0000000000 0.9577663803 67.0000000000 5.6233402415 0.8851285886 5.0192023854 0.1275536182 4.3323668121 0.1143978694 25.1923925852 -709.0051718520 24.2578357514 6.1892939882 -1.146227 -2.640895 2.472411 4.930650 2.766464 0.692466 2.045032 0.333621 3.313433 1.335779 -0.459893 -2.259102 -1.279925 0.627661 -2.451672 -0.443586 2.679853 0.058619 3.970771 2.894331 -0.575259 -2.718621 -0.096083 -0.961575 0.755506 3.228816 -2.246208 -0.777456 0.664700 2.269946 1.021429 0.828595 2.689099 0.987031 -0.474008 0.114570 -1.414143 1.093330 1.885001 -5.000000
6 11145592.0942155495 10.0000000000 5.0000000000 0.9577663803 67.0000000000 5.6233402415 0.8851285886 5.0192023854 0.1275536182 4.3323668121 0.1143978694 25.1923925852 -709.0051718520 24.2578357514 6.1892939882 0.266275 2.405488 -2.049506 0.320798 -2.260951 -3.882599 1.973196 0.056455 -1.644735 -3.173104 -0.802946 2.684359 0.804938 -0.745523 -1.344047 0.211624 -3.094611 2.689613 1.006378 2.388701 -1.127011 1.709658 1.375809 -3.066137 0.297921 0.630222 -1.149835 -0.720342 0.872371 -0.075836 -2.009433 1.182906 0.455635 0.498357 0.191526 0.898043 -0.572004 -1.725517 -1.483650 2.211150
7 9507055.1328632068 10.0000000000 5.0000000000 0.9577663803 67.0000000000 5.6233402415 0.8851285886 5.0192023854 0.1275536182 4.3323668121 0.1143978694 25.1923925852 -709.0051718520 24.2578357514 6.1892939882 -4.035437 1.081081 -2.884598 -3.217701 -2.013137 -0.515067 1.461015 -3.396803 3.348151 2.327447 -0.265147 -0.580492 -1.907065 1.176081 0.137603 2.824129 -1.372431 1.095888 -0.072765 -1.694033 3.804608 0.559211 1.240509 -2.137135 -1.445241 0.168279 -1.168910 1.204045 0.876730 -1.564686 0.385872 0.008050 -0.328151 -2.297625 -1.671017 0.420901 2.027969 -1.940396 2.434363 0.365295
8 2780577.2685384010 10.0000000000 5.0000000000 0.9577663803 67.0000000000 5.6233402415 0.8851285886 5.0192023854 0.1275536182 4.3323668121 0.1143978694 25.1923925852 -709.0051718520 24.2578357514 6.1892939882 -2.539639 0.646780 1.771550 0.528789 4.638255 0.617335 1.785128 0.022045 1.960148 -4.791144 -1.715045 -0.728556 1.007854 0.376662 2.170454 0.713878 0.414659 -0.290129 0.327809 1.659025 1.510600 1.758971 -0.479913 -1.390113 -0.942800 0.698953 3.222915 0.478679 0.970005 -3.317209 5.000000 -2.207044 3.635565 -1.112095 1.915422 1.630441 0.128639 -0.332811 -1.881420 -0.107189
19 474533.4721757330 10.0000000000 5.0000000000 1.8926876574 1.0000000000 6.3124163548 0.9980613223 3.3132481560 0.0442851919 2.8097593549 0.0375555124 10.9776133434 -1265.2144775339 25.7615533791 6.5657330497 -1.994360 -2.057971 3.375244 0.250973 1.258162 0.313349 2.594543 -3.327645 3.228188 -2.438112 -4.044733 -1.071179 2.722995 2.653403 -0.514551 0.317956 -1.538660 2.505864 0.743171 -3.484401 1.923244 0.923334 2.311295 -1.629345 -0.308274 1.966112 -0.728956 -2.045051 -0.658736 2.123178 4.758379 -2.443050 2.022317 -0.678241 2.287411 0.982368 -3.684411 0.691194 1.467075 2.018056
21 33914.1945138698 10.0000000000 5.0000000000 1.8926876574 1.0000000000 6.3124163548 0.9980613223 3.3132481560 0.0442851919 2.8097593549 0.0375555124 10.9776133434 -1265.2144775339 25.7615533791 6.5657330497 -2.692301 2.070305 -1.250682 1.837186 -2.110453 -1.665793 0.030009 1.396179 2.258813 -3.241470 -3.141599 -1.622515 3.097320 2.773517 -2.255593 -0.033708 0.336488 2.094736 -2.363806 -1.886863 1.623568 0.679735 2.124867 0.069924 -1.192257 -0.724930 1.891793 -0.196926 -0.715552 -1.238018 1.232980 0.776186 5.000000 3.761221 -2.218764 0.738265 2.092348 -0.925440 3.327959 3.433715
48 4500.9615864252 10.0000000000 5.0000000000 1.7728795415 3.0000000000 6.2890648228 0.9943237213 4.8774157975 0.2250221536 4.3094634849 0.1944439914 23.7891848622 -1195.7500894711 24.7212610472 6.3413031400 -0.854100 -2.160329 0.639138 3.380403 -2.449017 -3.359292 -1.446199 -1.450735 0.756192 -5.000000 -3.932557 -2.473906 3.999541 1.934921 -1.951242 -0.999661 2.356780 2.316770 -3.051139 -0.325280 2.391394 0.696921 5.000000 0.186102 -0.392306 1.251180 0.191329 -0.012351 2.890459 -0.521607 2.598991 0.569871 0.896304 0.246037 0.886167 -3.137612 0.709954 1.302522 4.640738 0.239121
54 455.9426726815 10.0000000000 5.0000000000 1.7728795415 3.0000000000 6.2890648228 0.9943237213 4.8774157975 0.2250221536 4.3094634849 0.1944439914 23.7891848622 -1195.7500894711 24.7212610472 6.3413031400 -4.733388 -1.046113 -3.089334 1.975396 0.009154 -0.044339 5.000000 -0.801975 0.753335 -3.678535 -0.653883 -0.107665 2.875707 2.678589 2.872101 4.681619 -2.718576 1.496772 -3.405011 1.097508 0.090622 4.447912 4.922713 -1.245552 -1.480304 -0.888303 -0.151640 2.309107 -0.716461 1.997602 4.713214 -0.139231 0.899460 0.941943 -1.168572 0.175315 1.200665 0.656826 1.992558 3.836208
121 453.1023462445 10.0000000000 5.0000000000 1.6233854207 8.0000000000 6.2291337435 0.9846604465 5.2350472942 0.1056589209 4.9815760802 0.1120998343 27.4057201723 -1120.2167783777 24.1672874554 6.1492768535 -3.554553 -2.175011 -0.901215 3.107107 -2.181153 -2.650530 2.315584 2.669498 0.151831 -4.509100 -2.740980 -1.625453 1.182424 -0.619463 -1.028357 2.648631 -4.037378 1.073494 -4.652873 2.053272 -1.038040 3.656970 5.000000 -2.061678 2.093378 -2.103845 2.491272 -0.337018 4.006865 3.614282 1.687411 0.147967 -3.724546 0.682702 0.911880 2.667660 0.994405 2.284146 3.022240 3.685898
360 436.6424146579 10.0000000000 5.0000000000 1.1705136190 23.0000000000 6.0568133576 0.9568158624 5.1624809254 0.0946745933 4.7719156841 0.0639154593 26.6512093049 -903.0264858603 24.3409774027 6.2298915897 0.389082 -2.479011 -1.812877 3.919457 -0.149610 -5.000000 3.809945 0.402127 0.338704 -1.036437 -2.714499 -2.932614 5.000000 1.398710 -4.387841 1.946874 -2.926851 -0.968334 -2.365919 0.517264 -1.010385 4.519502 4.764640 -2.645000 3.337517 -1.136342 -3.369896 -2.788412 3.688257 1.009237 5.000000 -0.027987 -3.077548 2.361902 -1.173228 1.435249 -4.588057 3.692008 2.967044 3.450294
713 407.4628602509 10.0000000000 5.0000000000 0.6782088896 47.0000000000 5.8088715194 0.9166295076 4.0011880737 0.0081365775 3.5730096074 -0.0074365196 16.0095060008 -571.3415763134 25.8717600960 6.6340565129 -0.483630 -3.458335 -2.553783 2.816762 -3.371539 -3.143751 2.508912 0.424171 -1.068144 -1.884834 -3.141374 -0.445837 4.204922 3.871927 -3.472984 0.362381 -0.265998 3.116199 -3.184608 -1.748020 -1.212755 0.929042 0.030104 -4.433211 2.204751 -2.465944 -0.865060 0.157979 4.033907 0.286088 2.610008 -1.454711 -2.346572 2.942785 0.259771 2.699062 -1.303629 0.374189 4.556870 3.830591
1005 46052.8150504318 10.0000000000 5.0000000000 0.5773917746 67.0000000000 5.6145513879 0.8846468210 5.1952830369 -0.2596565734 4.8344418112 -0.2381060743 26.9909658332 -435.0289648526 25.5497497590 6.4444832903 -1.636616 -3.504324 -4.799042 3.267706 -2.754079 -4.523370 2.641941 0.784239 -1.013167 -0.158427 -1.080948 -0.229254 3.757823 4.712828 -3.239863 0.081395 -1.331335 3.417929 -3.206529 -4.424099 -0.766381 2.189037 -0.631557 -4.319550 0.931795 -2.796890 1.052969 0.689858 4.531772 -1.543933 3.043212 0.086075 -4.503585 2.704550 -1.746218 2.548467 -2.311827 0.857068 4.371731 3.554583
evaluations raw_y rep iid sigma t d_norm d_mean ps_norm ps_mean pc_norm pc_mean ps_squared loglikelihood mhl_norm mhl_mean x0 x1 x2 x3 x4 x5 x6 x7 x8 x9 x10 x11 x12 x13 x14 x15 x16 x17 x18 x19 x20 x21 x22 x23 x24 x25 x26 x27 x28 x29 x30 x31 x32 x33 x34 x35 x36 x37 x38 x39
1 23078743.6242499761 11.0000000000 5.0000000000 0.5773917746 67.0000000000 5.6145513879 0.8846468210 5.1952830369 -0.2596565734 4.8344418112 -0.2381060743 26.9909658332 -435.0289648526 25.5497497590 6.4444832903 3.498909 -0.572146 -0.969130 -5.000000 -0.016569 -0.639263 -1.073259 0.630805 0.842101 -2.131206 -1.772479 -0.951467 1.379365 1.122384 -2.611097 -2.238951 1.473675 3.149268 -0.062150 -1.366893 2.191259 -0.619153 1.451504 3.098143 1.260160 0.146986 1.464543 -1.285151 -0.356186 -1.147909 -0.408751 -0.972990 -0.371551 -0.761073 0.177955 0.127343 0.592694 2.805542 -3.093725 2.591237
2 22105642.4140497781 11.0000000000 5.0000000000 0.5773917746 67.0000000000 5.6145513879 0.8846468210 5.1952830369 -0.2596565734 4.8344418112 -0.2381060743 26.9909658332 -435.0289648526 25.5497497590 6.4444832903 -0.474501 -2.464692 -0.344840 0.183677 2.135117 -2.123269 0.434696 0.235639 -3.368222 -2.371511 1.200204 1.391135 2.175422 1.067643 0.790424 0.245735 2.418203 -1.686132 -0.283787 0.770708 -3.154989 2.621887 -1.585730 -0.143499 4.313349 -1.658875 -1.058744 3.123407 -2.160388 -0.864115 1.032168 0.910786 1.187372 0.741013 2.690756 2.031884 1.190557 -1.365603 -1.427120 -3.816579
3 9306550.5959008504 11.0000000000 5.0000000000 0.5773917746 67.0000000000 5.6145513879 0.8846468210 5.1952830369 -0.2596565734 4.8344418112 -0.2381060743 26.9909658332 -435.0289648526 25.5497497590 6.4444832903 1.374625 -3.646019 1.758228 3.692730 -2.123309 -1.368969 -0.952429 1.660621 -1.726705 -0.261083 -1.046175 -0.502554 2.582549 -1.928410 0.143520 0.543213 1.717334 -2.528147 2.229741 0.869554 1.748546 0.143304 -3.278103 -1.294605 1.635539 0.073590 -0.097405 3.583062 4.403713 -0.074134 3.865811 -3.987143 -4.098115 1.734110 -0.523922 1.157942 1.033105 -0.178807 1.364259 0.301444
5 6500475.3405464804 11.0000000000 5.0000000000 0.5773917746 67.0000000000 5.6145513879 0.8846468210 5.1952830369 -0.2596565734 4.8344418112 -0.2381060743 26.9909658332 -435.0289648526 25.5497497590 6.4444832903 -0.135337 -0.826420 0.240166 -1.397943 1.308050 3.598960 3.093212 3.219748 0.142040 1.843150 -0.753660 1.839965 -0.756845 -0.977951 -1.288788 1.398282 0.550813 0.372651 -2.279611 0.283610 -2.881439 2.953026 -0.263107 0.388858 -0.210299 -3.167925 -2.743547 -0.056637 2.984943 -2.230474 -1.410828 -0.094465 -3.374561 -3.394684 -0.822908 -0.090550 -0.782346 3.068445 -0.328386 0.720733
8 6463.3405057562 11.0000000000 5.0000000000 0.5773917746 67.0000000000 5.6145513879 0.8846468210 5.1952830369 -0.2596565734 4.8344418112 -0.2381060743 26.9909658332 -435.0289648526 25.5497497590 6.4444832903 0.503092 -1.574078 -0.588813 1.479401 -0.191272 1.086106 0.844770 0.063338 0.097662 3.723227 -0.341352 3.255344 -1.828001 1.458801 0.341811 -1.458509 -5.000000 3.189849 -2.310408 -1.926108 0.259260 0.114278 0.557592 -0.508156 -2.999232 1.734025 -1.809374 0.446580 1.148882 2.364450 -0.435807 -0.610878 -0.466624 -3.697170 -1.509633 -2.008768 -2.299726 0.335387 -0.622977 3.192530
165 1518.0549056595 11.0000000000 5.0000000000 1.6101583914 10.0000000000 6.2048531090 0.9807106658 5.6123276754 -0.0322749666 5.2114467228 -0.0111288921 31.4982219358 -1132.3072531522 25.0230173635 6.3967271331 -1.137949 5.000000 -2.142800 0.407889 1.771956 -4.644858 -0.961501 4.723743 -4.630382 2.886489 -2.229622 2.399311 -1.043084 -0.748270 2.110531 -2.233796 -1.961672 2.917352 -2.026071 2.472230 1.160895 -0.039069 -1.223432 -0.714112 -1.438944 0.939595 -0.676478 -1.146575 1.332860 5.000000 -0.987603 -1.292714 -4.920651 -1.064396 -2.462901 0.219403 1.942688 1.276772 3.793497 4.407048
176 883.4855504154 11.0000000000 5.0000000000 1.5732424563 11.0000000000 6.1916044850 0.9785777720 5.0353135065 -0.0504259264 4.7017139061 -0.0292050281 25.3543821092 -1112.6486563548 24.8477613917 6.3450457887 -1.739338 3.473636 -0.716492 -0.653760 1.036211 -1.995706 2.882735 0.728607 1.307706 5.000000 -0.462789 1.083947 1.792585 0.497856 2.730187 -4.205023 -2.186838 5.000000 -0.510587 2.038431 0.313930 3.778494 -2.142897 -2.039977 -1.761817 0.520890 0.166047 -0.616306 -1.420793 4.239372 0.397997 -2.031401 -0.624519 -0.703791 -4.210684 0.848684 1.910410 -2.225700 4.528075 2.874991
212 711.5411702311 11.0000000000 5.0000000000 1.4403982479 14.0000000000 6.1538322458 0.9725143152 4.5551240896 -0.0982857658 4.0706862616 -0.0756622065 20.7491554717 -1036.5004718118 24.1234926259 6.1580848959 -1.639060 3.613229 -3.410847 0.340964 4.342496 -3.719483 3.365658 -0.678680 -0.929261 2.858639 -1.820950 2.879986 -1.052741 1.189555 1.309959 -3.174325 -1.844865 4.804535 0.911916 -0.056844 -0.470902 1.367543 -0.387151 -1.388819 0.773131 -1.488419 -1.665887 -0.530498 1.239771 1.201474 -2.232736 -1.936884 -2.383958 -3.102923 -4.705574 -0.910326 3.515744 -2.588886 0.999977 3.122656
297 608.0867893694 11.0000000000 5.0000000000 1.3375972033 19.0000000000 6.1014861354 0.9640749491 5.4235861646 -0.0296152324 4.9056331858 -0.0324335178 29.4152868850 -1027.8390754931 25.8552221691 6.6044812339 0.950758 5.000000 -2.717956 2.538959 1.224876 -3.459950 3.513631 0.169427 -4.531919 1.162009 -4.734538 1.198484 -2.178057 -2.100518 1.586578 -3.015046 2.119370 1.828964 1.953756 -0.398130 -1.437481 -1.046200 -1.473799 -5.000000 0.078409 -1.244444 -3.078062 -0.054829 1.368522 5.000000 -2.819381 -1.420640 0.773056 0.212994 -2.405223 -1.896117 2.116951 -2.333503 2.278773 1.339289
402 555.1484100706 11.0000000000 5.0000000000 1.0827840781 26.0000000000 6.0113559788 0.9495786543 4.9605723486 -0.3459128993 4.4779193464 -0.3062056591 24.6072780256 -877.4323000308 25.6444557768 6.4961268348 -1.102122 3.093201 -2.815252 1.504526 -0.599783 -3.272728 4.381546 -1.588211 -1.493582 0.977046 -3.111772 4.199139 -3.445703 -2.503325 2.186318 -2.319587 -0.782929 3.351265 -0.112209 -1.175161 0.370147 0.941315 -0.914097 -3.227503 0.974998 -1.147841 -1.131865 0.640060 2.220141 3.516054 -4.344180 -3.425881 -1.249203 -1.211467 -4.712585 0.204493 4.980804 -3.508442 4.525894 -0.414605
437 549.6808442133 11.0000000000 5.0000000000 1.0326564527 29.0000000000 5.9781901959 0.9442469392 5.8693714750 -0.0910473311 5.2142380158 -0.1144422623 34.4495215114 -832.5492347960 25.1042168495 6.4069359639 -1.648380 1.904481 -1.421076 1.856336 -0.235076 -2.965552 4.848338 -1.648943 -1.267508 0.131457 -1.629045 4.998245 -3.081845 -2.684261 0.517624 -3.080180 0.023671 3.034409 -0.338560 -1.548201 0.715066 0.233923 -0.423136 -3.880846 0.925227 -1.601473 -1.494605 0.204117 3.072946 2.408266 -4.217454 -2.861367 -0.419350 -0.235929 -4.017919 -0.443465 5.000000 -1.681718 1.391320 -1.447507
512 490.8167983188 11.0000000000 5.0000000000 0.9945748663 34.0000000000 5.9283059828 0.9361839397 5.7743923821 -0.1723270232 5.1018427597 -0.1773690888 33.3436073828 -803.2515736073 25.1150524279 6.4187005707 -1.134531 0.680478 -1.464559 1.202391 -0.495164 -2.001723 4.664423 -2.258521 -4.336897 1.270417 -4.495254 3.472718 -4.093345 -4.297341 0.978699 -2.323466 -0.858592 4.146908 -0.726758 1.794307 -1.605896 -3.060156 -1.256324 -3.678578 0.677026 -2.277308 -1.256171 0.295413 -0.114768 3.351149 -2.197078 -4.032596 -0.410800 -2.036191 -1.845675 1.526988 4.750693 -0.730158 2.189604 -0.552539
595 470.6517378092 11.0000000000 5.0000000000 1.0049660634 39.0000000000 5.8830170304 0.9286822485 6.1721414628 0.0247460723 5.7155334165 -0.0189118515 38.0953302363 -770.4083108904 23.6972736016 6.0492824763 -1.718982 3.744801 0.044253 1.024828 0.204810 -2.027489 5.000000 -3.979084 -3.501218 3.321803 -4.006923 2.955803 -2.088175 -3.437145 2.787395 -4.659687 -3.134109 4.281936 -1.433518 -1.677095 -0.381669 -4.799206 -3.529537 -3.771666 1.893403 -3.011317 -0.958292 0.354577 1.479675 4.328732 -3.152775 -4.264932 0.981316 -3.292367 -2.629426 2.117407 5.000000 -0.329855 3.069246 -1.930409
1005 558900.5176120228 11.0000000000 5.0000000000 0.7017639050 67.0000000000 5.6107179661 0.8839594828 5.1057192283 0.0057279842 4.4039243612 -0.0074795683 26.0683688384 -573.2470214080 26.4600893722 6.7650179429 -1.094270 3.518447 -0.258404 2.174562 -0.061643 -0.895773 4.640335 -2.601108 -2.630795 4.250740 -3.789732 2.012221 -2.078675 -3.206293 -1.017488 -2.495445 -4.021143 0.111126 -0.326631 -0.730198 -4.907652 -3.121039 -2.343761 -4.519225 0.362106 -0.590962 -1.944250 3.471778 -0.048455 -0.592059 -4.369328 -1.571825 0.431850 -1.797812 -0.643389 -0.290645 2.035822 -0.533109 2.307810 -3.177358
evaluations raw_y rep iid sigma t d_norm d_mean ps_norm ps_mean pc_norm pc_mean ps_squared loglikelihood mhl_norm mhl_mean x0 x1 x2 x3 x4 x5 x6 x7 x8 x9 x10 x11 x12 x13 x14 x15 x16 x17 x18 x19 x20 x21 x22 x23 x24 x25 x26 x27 x28 x29 x30 x31 x32 x33 x34 x35 x36 x37 x38 x39
1 13085390.0492129568 12.0000000000 5.0000000000 0.7017639050 67.0000000000 5.6107179661 0.8839594828 5.1057192283 0.0057279842 4.4039243612 -0.0074795683 26.0683688384 -573.2470214080 26.4600893722 6.7650179429 0.945972 -1.362852 0.484879 -3.401471 1.506286 -3.069443 0.010254 -0.240455 -1.613964 5.000000 -1.195646 0.944914 2.191912 -2.430338 2.684713 -0.244300 2.025031 -1.827738 -2.059060 2.419593 1.003745 0.277692 1.281522 1.054665 -2.308720 -4.426667 -3.363513 -3.576189 -4.437070 -1.294862 -1.056809 -0.078418 0.429952 -0.768718 -0.507808 0.146504 -1.994408 -1.427713 0.070833 -1.355891
2 11104542.7023794930 12.0000000000 5.0000000000 0.7017639050 67.0000000000 5.6107179661 0.8839594828 5.1057192283 0.0057279842 4.4039243612 -0.0074795683 26.0683688384 -573.2470214080 26.4600893722 6.7650179429 -1.143762 -0.211725 2.671663 0.637331 -0.675191 -1.170537 -0.229840 4.483636 -5.000000 1.070272 0.464981 1.735224 -2.296425 4.228688 2.001886 -0.102830 0.319575 -1.432527 0.101046 -0.286675 1.887151 0.715288 -0.166898 1.355612 1.112121 0.445439 -3.057971 2.058422 -2.332518 -2.019123 -0.210536 1.024044 2.815456 -3.375393 2.942468 3.272926 -0.922790 -0.402725 -1.143633 -1.206598
5 9428832.0482626278 12.0000000000 5.0000000000 0.7017639050 67.0000000000 5.6107179661 0.8839594828 5.1057192283 0.0057279842 4.4039243612 -0.0074795683 26.0683688384 -573.2470214080 26.4600893722 6.7650179429 0.629014 -4.976009 1.191817 -4.071724 -2.276563 2.115285 1.305537 -1.288934 -1.766924 0.691385 -3.593655 0.821419 -0.583647 1.468295 -0.250991 -2.177035 0.404462 -0.699669 -2.842554 -2.327177 -2.013353 0.100044 1.530860 -0.057030 -2.411291 -0.763090 1.133687 2.154673 -1.880717 0.567214 -0.780641 -4.308249 -2.589367 -1.132441 -1.035418 -0.791757 -1.207390 0.734786 -1.918024 -3.190593
6 7794535.8895347370 12.0000000000 5.0000000000 0.7017639050 67.0000000000 5.6107179661 0.8839594828 5.1057192283 0.0057279842 4.4039243612 -0.0074795683 26.0683688384 -573.2470214080 26.4600893722 6.7650179429 1.015045 -1.236741 1.581586 -1.668810 2.618940 -2.477484 -2.405475 1.392293 3.557969 -1.592635 3.139678 3.043327 1.579831 -0.434442 -4.368120 -3.134537 -1.619341 1.000990 -0.387020 -1.328406 0.167054 -3.316851 0.760227 -1.913346 2.539718 0.301039 -1.530263 -1.074041 -3.222590 0.329978 -2.021552 -0.230799 2.280077 0.676005 0.951029 5.000000 1.382215 2.222471 -0.515369 -2.391903
7 3605997.2438378897 12.0000000000 5.0000000000 0.7017639050 67.0000000000 5.6107179661 0.8839594828 5.1057192283 0.0057279842 4.4039243612 -0.0074795683 26.0683688384 -573.2470214080 26.4600893722 6.7650179429 0.449094 -2.326934 -5.000000 1.187939 0.662786 -2.145630 2.578897 -0.171043 -0.953248 -1.927429 2.307966 -0.889732 -1.019288 -0.949986 -1.582856 -3.386237 -1.482326 -1.775303 1.388769 -2.635566 1.365111 -1.045965 -1.636836 -0.354599 0.065004 0.202543 1.151923 0.420754 -3.112629 -1.386631 3.249218 -0.241331 -4.697163 0.334515 3.399929 2.337798 0.110676 0.435762 1.291150 -0.316522
17 2939696.2829210619 12.0000000000 5.0000000000 1.8923267443 1.0000000000 6.3108161151 0.9978064592 3.3029710969 -0.1562550988 2.8010440213 -0.1325102150 10.9096180667 -1293.7830919114 26.8854345001 6.8599898037 -1.941653 -3.196197 -0.462730 -1.289569 0.560439 -2.748136 2.085106 -3.953161 -2.755838 0.459843 -0.293489 1.864286 -0.133593 0.647304 -3.462274 -5.000000 0.115173 -3.724992 0.600243 -5.000000 -1.059226 -2.741858 -0.113344 -1.902061 -2.603640 0.782246 -1.733901 1.148784 -3.572032 -3.051822 -0.260522 -0.179638 -0.130673 -2.644087 -0.546665 1.954231 -2.565650 3.304584 -1.070637 2.831113
21 555890.1393692482 12.0000000000 5.0000000000 1.8923267443 1.0000000000 6.3108161151 0.9978064592 3.3029710969 -0.1562550988 2.8010440213 -0.1325102150 10.9096180667 -1293.7830919114 26.8854345001 6.8599898037 -1.861044 -0.249943 -4.100529 -1.636329 1.126104 -0.993111 3.393661 -1.305896 -2.657644 1.454773 -0.902565 0.967083 2.005772 1.385053 -0.428840 -3.111017 -1.278754 0.105307 0.846099 -2.033127 1.408177 -2.127325 -4.572356 0.409449 -4.413959 1.511586 5.000000 -2.175357 -1.869752 -0.527890 1.043809 -3.908262 5.000000 0.857866 -0.086899 3.930759 0.761115 0.442847 1.661851 -0.284646
23 465672.5080640440 12.0000000000 5.0000000000 1.8923267443 1.0000000000 6.3108161151 0.9978064592 3.3029710969 -0.1562550988 2.8010440213 -0.1325102150 10.9096180667 -1293.7830919114 26.8854345001 6.8599898037 0.490058 -0.351069 -1.175159 2.480172 1.766803 0.949089 -1.092923 0.046820 2.031496 2.319402 3.153680 3.634584 -0.817299 -4.530615 -1.250824 -0.564993 0.598845 -0.826966 -0.157959 -0.928822 -1.782796 -4.249613 1.861196 -1.406027 1.068552 1.949967 1.417602 0.604696 -2.946821 -3.228178 1.016475 1.097168 -0.125990 -0.822866 0.345601 4.238561 2.276793 0.474476 -0.375671 -0.198007
26 53537.4724180446 12.0000000000 5.0000000000 1.8923267443 1.0000000000 6.3108161151 0.9978064592 3.3029710969 -0.1562550988 2.8010440213 -0.1325102150 10.9096180667 -1293.7830919114 26.8854345001 6.8599898037 -4.442626 0.557510 -0.009870 1.176753 0.484566 -2.571241 3.280073 0.041444 -3.831911 -0.597391 -0.957545 2.874561 -0.647923 0.765625 -0.514251 -3.536915 0.936148 2.042817 1.182491 -2.671429 1.929682 -4.076435 4.201508 1.801019 0.339123 0.387512 1.480803 0.375745 -1.609528 -2.237932 2.847207 -0.241699 0.428242 0.345849 0.708034 4.101242 0.443329 -1.212665 -2.293108 0.627005
32 13288.3510083404 12.0000000000 5.0000000000 1.8198831101 2.0000000000 6.2971946640 0.9956302529 4.1816466233 -0.0407582775 3.6117537634 -0.0396468107 17.4861684825 -1250.5266472691 26.2372765845 6.6931500341 -1.975783 -2.614134 0.658678 -1.165498 -0.317304 0.232803 2.756823 -0.070415 -1.751749 -0.875252 0.644579 -1.997456 1.218049 -1.983271 0.732816 -3.982916 2.285049 1.178246 -0.858634 -1.674988 -1.966029 -4.086538 2.253213 -5.000000 -0.235529 -0.390252 0.361222 -0.261492 -3.764106 -2.243940 -0.871930 -2.699240 3.616326 0.651564 -1.983019 1.356472 1.545618 3.567880 3.846665 -1.862650
69 627.4069786525 12.0000000000 5.0000000000 1.7297016429 4.0000000000 6.2720212799 0.9915963414 5.3155728398 -0.1102544845 4.6828424378 -0.1039970211 28.2553146155 -1194.7088171779 25.3872244824 6.4070559824 -1.566625 -2.099779 -0.734094 -2.512828 4.676180 -0.560860 0.598114 -2.654301 -0.973127 -3.320671 1.444331 -0.747632 4.350608 -3.520940 1.141232 -0.967255 0.798460 -2.235205 2.991428 1.071775 -2.110820 0.600999 4.210748 -2.056710 -2.456378 1.919312 1.632104 -5.000000 -3.099317 -1.445531 0.890702 -1.521488 -0.061525 0.041789 4.710427 -0.135178 4.566158 1.257794 3.998122 -1.344212
440 507.6551109554 12.0000000000 5.0000000000 1.0467060605 29.0000000000 5.9856947705 0.9452322144 6.5626335980 0.1348021457 5.8977369786 0.1177435955 43.0681597417 -827.8399634295 24.4355113174 6.2494606657 -3.492620 -2.431000 -0.061622 -2.865241 2.506989 -0.022282 2.865428 -3.167942 -3.104890 -0.115466 1.529036 -2.755574 2.236095 1.869656 -1.717521 1.993484 0.526616 -2.620661 3.047402 -0.025690 -0.447859 -4.207020 4.584327 -2.328184 -0.511941 -0.229871 2.422210 -1.669623 -3.352076 1.131475 1.718766 -0.860754 0.288188 -3.018068 2.473202 4.123576 3.357162 2.352316 2.985308 2.133318
992 452.8384789128 12.0000000000 5.0000000000 0.8058339119 66.0000000000 5.6176779231 0.8848632030 6.7075540551 -0.1763573729 6.0200578939 -0.1733867167 44.9912814015 -617.6048432104 24.8425428911 6.3373671592 -1.619523 0.342505 -3.352265 -2.192019 -1.021873 1.288534 -0.148387 -1.679485 -3.451429 -2.279512 -0.896410 0.138381 1.781239 -3.019515 -0.319131 -2.054386 4.386072 2.482827 1.695563 4.369445 -2.849218 -0.810454 3.944318 -3.273999 1.644125 4.435542 -0.459647 -2.566633 -3.307245 -0.718129 2.327853 0.649157 -1.102645 -2.287491 -0.198256 3.397939 1.915539 -0.247863 3.846290 1.469197
1005 489449.5222525107 12.0000000000 5.0000000000 0.8114939673 67.0000000000 5.6091081901 0.8834291340 6.6624033534 -0.1561930362 5.9351743794 -0.1639144011 44.3876184435 -622.9680019647 24.6820233528 6.3295460525 -1.616591 0.491145 -2.987425 -1.420911 -0.305281 0.671871 1.774809 -1.116987 -1.889379 -1.789383 -0.047289 -0.613380 3.376268 -0.055847 -1.153384 0.060621 4.833024 1.571966 2.225310 4.247326 -3.022997 -1.657688 3.108622 -2.658964 1.821252 3.727659 -0.389274 -2.976065 -2.464589 -1.661935 2.519513 -0.501534 0.994678 -1.281032 0.366614 2.965137 2.580426 -1.140584 5.000000 2.293863
evaluations raw_y rep iid sigma t d_norm d_mean ps_norm ps_mean pc_norm pc_mean ps_squared loglikelihood mhl_norm mhl_mean x0 x1 x2 x3 x4 x5 x6 x7 x8 x9 x10 x11 x12 x13 x14 x15 x16 x17 x18 x19 x20 x21 x22 x23 x24 x25 x26 x27 x28 x29 x30 x31 x32 x33 x34 x35 x36 x37 x38 x39
1 16745254.8460023254 13.0000000000 5.0000000000 0.8114939673 67.0000000000 5.6091081901 0.8834291340 6.6624033534 -0.1561930362 5.9351743794 -0.1639144011 44.3876184435 -622.9680019647 24.6820233528 6.3295460525 -1.424781 1.507533 -0.089006 0.903625 2.690203 1.064676 2.700376 1.722423 2.957371 -2.090754 -1.577978 -2.523212 1.125694 -0.486653 1.827481 0.634702 0.254607 4.300766 1.212577 -0.053543 -1.968322 2.381411 1.905661 -2.174363 -0.290423 0.475716 -3.278187 -0.556269 2.798477 -3.230216 0.981744 3.785484 -1.241959 -0.907505 0.434903 1.028658 0.794483 -3.025690 -1.528068 0.202540
3 5080692.4842135385 13.0000000000 5.0000000000 0.8114939673 67.0000000000 5.6091081901 0.8834291340 6.6624033534 -0.1561930362 5.9351743794 -0.1639144011 44.3876184435 -622.9680019647 24.6820233528 6.3295460525 1.629991 -2.370838 -1.537254 1.458331 1.531822 0.415600 -4.374231 1.443930 0.697501 -0.677237 -3.890781 1.661811 3.498484 1.002275 2.660634 -1.315035 0.369892 -1.302113 -2.241014 -0.693214 -1.822690 -1.492271 -1.541937 -0.827907 -0.583623 0.253545 -2.494672 0.634342 -3.636843 0.111384 0.161732 -4.639695 -0.682242 2.179692 0.901062 -0.988597 -1.093153 0.584053 0.308409 1.634611
5 508965.2907659404 13.0000000000 5.0000000000 0.8114939673 67.0000000000 5.6091081901 0.8834291340 6.6624033534 -0.1561930362 5.9351743794 -0.1639144011 44.3876184435 -622.9680019647 24.6820233528 6.3295460525 1.509410 -1.519770 -2.109314 -1.955398 1.494743 2.151363 -1.514954 -1.021652 -0.051291 -1.918080 -0.995943 1.876921 -2.446223 0.737190 2.358069 -2.152183 2.188550 0.009228 -1.070367 1.736755 0.145982 -0.480121 -1.155683 -1.683343 -1.106805 -0.483011 1.524462 -0.505035 0.583281 -0.779311 0.950375 -0.144726 2.538116 0.514498 -3.328513 -0.243493 -0.883024 1.910493 0.039942 1.725634
18 127132.7533653591 13.0000000000 5.0000000000 1.8901111976 1.0000000000 6.3119452173 0.9979904285 3.2398400568 -0.0983854432 2.7475065191 -0.0834345653 10.4965635935 -1262.4031399528 25.6929139640 6.5212151590 1.876117 -0.041403 0.274747 -1.585546 -2.410159 1.137764 -1.929694 -0.635048 -1.530683 -0.292476 -1.239681 3.570590 0.629612 2.775168 0.601117 -4.045266 -1.148939 2.421670 -1.624368 3.644628 -1.188087 -0.301193 -0.501976 -4.652118 2.530942 0.126365 3.861164 -1.692180 0.176199 1.000618 -0.202100 -0.258784 0.044981 0.251807 1.085133 0.956764 1.510727 2.104922 -0.134147 2.157630
32 122196.4220452426 13.0000000000 5.0000000000 1.8065425578 2.0000000000 6.2975725894 0.9956967317 3.8482889849 0.0494318193 3.3416647505 0.0383976011 14.8093281114 -1270.6842234940 27.1523165020 6.9261944006 1.271441 2.461918 -0.538152 1.191349 2.199757 -0.821075 -3.152089 -3.459374 -2.172589 -0.873925 0.485164 3.324723 -0.581836 1.205270 0.167531 -1.151546 -2.772485 2.867213 0.650191 1.588970 1.764463 0.141205 0.045564 -2.778206 2.451915 0.023511 2.792410 -0.210028 0.329610 -0.347685 -1.668138 -0.837518 4.558366 0.646866 -5.000000 -1.803187 2.249959 0.535047 0.284535 1.552047
58 61095.8088190914 13.0000000000 5.0000000000 1.7446710318 3.0000000000 6.2839758279 0.9935258696 4.4072315354 -0.0068600592 3.8869861835 -0.0069063798 19.4236898068 -1197.8119572158 25.2624041429 6.4543337904 2.729001 0.757580 -0.699523 2.948630 0.309632 3.193972 2.639985 -1.659606 -4.534921 -0.832324 -0.518793 3.080887 0.140701 2.969925 1.569186 -4.004676 -4.007052 4.654035 0.668503 0.163917 3.950175 -2.678970 -1.538262 -5.000000 4.259907 0.961077 2.597425 2.367772 0.091104 1.709696 -2.371215 1.327891 -0.923742 0.613828 -3.661617 -0.856059 3.172292 1.392118 -1.371007 0.753382
62 997.0418640895 13.0000000000 5.0000000000 1.7147691202 4.0000000000 6.2719696991 0.9915969893 5.3535973466 0.1028407344 4.7757488058 0.0856982570 28.6610045500 -1181.5056943900 25.0375800489 6.3836942645 4.379653 3.078428 0.884080 1.990875 -0.199109 4.771808 -1.962005 -1.879816 -2.706916 -0.150959 -1.937695 4.088885 0.449019 4.825581 -1.593741 -3.983163 -2.097722 4.726194 1.118428 2.438650 0.679004 -1.694388 1.364636 -4.181511 3.619528 1.666347 0.755536 4.568707 0.413334 1.117986 1.068185 2.026727 -3.498225 -0.416945 -1.188824 -0.186220 0.729274 0.830763 -2.803617 1.696705
102 576.8989614713 13.0000000000 5.0000000000 1.6735822705 6.0000000000 6.2457293428 0.9873647787 5.2385086230 0.1324383265 4.8946726697 0.1226345607 27.4419725936 -1134.2923031794 23.8952677933 6.1092532031 3.206137 2.299642 0.782381 2.825371 -2.654290 3.630079 -3.414790 -3.620162 -2.533953 -0.030743 -1.264111 2.369865 -0.874258 5.000000 -2.606012 -2.172782 -4.157067 0.988566 -0.353232 0.407763 0.122353 -2.552239 0.019205 -2.027039 2.815966 1.747428 -0.471917 0.259166 -2.407893 -0.187488 2.318598 0.166526 0.803607 3.697899 -2.364373 0.198779 0.288289 2.583586 2.365211 2.137511
209 522.5205350972 13.0000000000 5.0000000000 1.4391847873 13.0000000000 6.1693585590 0.9750124660 5.2878091751 0.0894767990 4.9078229022 0.0929672604 27.9609258724 -1042.0957293353 24.3202167110 6.1845308594 3.710128 2.151737 3.472747 -1.737389 -2.336852 1.722351 0.139742 -1.050543 -3.328619 0.506092 -1.607802 1.598779 1.343209 -1.981368 0.069166 0.411166 -1.728676 -1.023377 -4.907100 2.517306 1.823939 -2.927728 -1.507703 -0.452541 -0.400842 3.101405 5.000000 -0.471834 -0.642359 1.198649 2.959728 4.224458 -0.912681 -0.499019 -0.622188 0.145025 1.575890 4.326301 1.057046 5.000000
413 508.2321032162 13.0000000000 5.0000000000 1.2543736611 27.0000000000 6.0180058516 0.9503086551 6.3602865781 -0.0483902751 6.0009089132 -0.0214446001 40.4532453551 -958.6283372113 25.1446827976 6.4476325262 4.351259 1.273760 1.758024 -0.973177 3.092965 0.082152 -4.056938 0.596756 -3.108206 -3.323881 -3.278074 1.807609 -1.644062 0.419053 1.818695 2.123047 -1.682131 -3.478348 -3.168877 4.893261 1.506631 3.547166 1.813249 0.283469 -0.003947 2.984700 2.339177 3.576933 -1.579231 -0.215839 -0.238521 1.683894 2.733190 -3.660559 0.855658 1.688999 0.811340 5.000000 0.760032 1.955873
1005 3859.0077729959 13.0000000000 5.0000000000 0.7366495799 67.0000000000 5.6115185093 0.8835804271 5.5925485758 0.1447982575 4.9693119860 0.1371919972 31.2765995731 -588.2714969709 25.9321329209 6.5923606981 2.619718 3.233107 0.213654 -1.905934 0.679785 -0.819721 -2.663886 3.517582 -0.505802 -0.552574 -2.544034 3.934747 2.692918 1.987294 3.733354 -1.836986 -3.143605 -3.762269 -4.772842 4.121353 -3.165709 1.659679 -0.937335 0.421790 0.183876 4.419066 4.414144 3.410793 -2.500707 1.285630 -0.405005 1.066008 1.510227 -2.464767 -0.307502 3.105049 -1.181352 0.201653 3.617904 1.571009
evaluations raw_y rep iid sigma t d_norm d_mean ps_norm ps_mean pc_norm pc_mean ps_squared loglikelihood mhl_norm mhl_mean x0 x1 x2 x3 x4 x5 x6 x7 x8 x9 x10 x11 x12 x13 x14 x15 x16 x17 x18 x19 x20 x21 x22 x23 x24 x25 x26 x27 x28 x29 x30 x31 x32 x33 x34 x35 x36 x37 x38 x39
1 32481387.5782485418 14.0000000000 5.0000000000 0.7366495799 67.0000000000 5.6115185093 0.8835804271 5.5925485758 0.1447982575 4.9693119860 0.1371919972 31.2765995731 -588.2714969709 25.9321329209 6.5923606981 3.102678 0.158372 0.347953 -0.144673 -4.008659 0.289356 -3.002337 0.422219 -1.116410 2.169058 -0.372578 0.029323 -2.151139 1.284504 -0.360673 1.240601 1.621949 1.555872 -0.474979 -3.783825 -2.344244 1.672414 2.018547 2.586199 -1.098662 -1.963426 1.829346 1.746141 0.044222 -0.008287 -2.698252 -0.416436 2.653081 -1.832521 -0.940026 -0.298885 -0.650520 -3.611447 -1.000740 -1.129561
2 12439637.6388282515 14.0000000000 5.0000000000 0.7366495799 67.0000000000 5.6115185093 0.8835804271 5.5925485758 0.1447982575 4.9693119860 0.1371919972 31.2765995731 -588.2714969709 25.9321329209 6.5923606981 -0.628857 -0.793354 0.011866 -1.994276 3.382195 -0.632882 2.930269 2.927203 0.257823 -2.356486 -4.333018 -3.043626 -0.585776 0.320977 -1.565702 -1.034804 5.000000 0.550408 -2.423185 1.174485 -1.963673 -4.877099 0.272235 -1.615176 0.040162 3.519721 0.105795 -1.799621 3.176899 -4.352323 -2.434431 2.708939 2.954455 -0.652441 -1.567738 0.501862 0.467144 0.151110 -1.135736 -2.784895
6 1076568.0873631204 14.0000000000 5.0000000000 0.7366495799 67.0000000000 5.6115185093 0.8835804271 5.5925485758 0.1447982575 4.9693119860 0.1371919972 31.2765995731 -588.2714969709 25.9321329209 6.5923606981 3.840656 -1.242649 3.787949 -1.753720 0.580048 0.245954 -2.019925 1.085484 2.179795 1.047308 -0.254063 2.447635 1.154325 0.464254 -5.000000 -0.791909 1.333925 -2.841158 -5.000000 -2.336607 -0.977685 -4.040573 -1.557237 0.002279 -2.612040 -1.861930 2.155538 -0.858056 -2.914058 0.305109 0.690809 -0.367439 -0.687326 -2.008720 5.000000 -2.332927 -0.128273 0.783400 1.953746 -0.990727
7 720540.8498689552 14.0000000000 5.0000000000 0.7366495799 67.0000000000 5.6115185093 0.8835804271 5.5925485758 0.1447982575 4.9693119860 0.1371919972 31.2765995731 -588.2714969709 25.9321329209 6.5923606981 0.377573 -1.371006 0.589138 -3.946942 2.376597 0.525074 1.324387 -0.540737 -4.371036 -2.215581 -0.864489 2.653104 -0.445369 1.899533 -0.078091 -1.842042 -1.060827 0.805874 1.157295 -1.911458 -0.006664 0.063183 1.302508 2.418949 -2.853445 -1.865910 -4.029437 3.477639 0.037267 -3.323695 4.134324 -0.612094 0.023908 0.403418 1.359952 -4.112547 -0.486807 1.431781 0.640398 -0.379033
12 139577.7454209636 14.0000000000 5.0000000000 0.7366495799 67.0000000000 5.6115185093 0.8835804271 5.5925485758 0.1447982575 4.9693119860 0.1371919972 31.2765995731 -588.2714969709 25.9321329209 6.5923606981 -1.678279 -2.267055 -0.324640 -0.864549 4.303551 2.131062 -0.154846 -1.205648 0.385038 -3.141821 -2.726077 0.871664 -4.222762 -1.093260 -2.118769 -0.394032 0.372881 -1.014326 1.546074 -0.339794 2.072498 0.225000 3.276322 3.476127 0.158770 -5.000000 -1.695024 -0.555961 -3.138601 -1.731179 2.029767 -1.658931 -0.564918 2.409056 -2.722009 -2.430440 0.041542 -2.721179 0.088810 1.340923
22 102919.6877540068 14.0000000000 5.0000000000 1.9151175045 1.0000000000 6.3141798329 0.9983315200 3.9481263607 -0.1353049104 3.3481600092 -0.1147436654 15.5877017600 -1322.7226017273 27.6070490335 7.0237891527 1.275215 -3.104206 -2.434453 -2.030676 3.574137 -3.968883 0.480805 -2.566830 0.781336 -3.544520 0.324064 1.630492 -1.582922 -2.974023 -4.980798 -0.699675 0.374200 -0.223413 -1.217560 -1.744295 -3.061017 -2.912672 0.182325 0.706434 -2.668101 -2.356021 -1.595581 0.519597 -1.998705 -3.629336 -3.774797 1.105535 0.884871 -2.454933 0.728294 -0.011789 0.511455 -3.826989 5.000000 1.807303
25 390.5737856680 14.0000000000 5.0000000000 1.9151175045 1.0000000000 6.3141798329 0.9983315200 3.9481263607 -0.1353049104 3.3481600092 -0.1147436654 15.5877017600 -1322.7226017273 27.6070490335 7.0237891527 -0.965020 -3.281567 -0.404313 -0.439913 4.143289 0.900155 -0.864819 -1.976391 -0.131338 -1.194937 0.340023 3.085164 -3.826152 -0.310278 -3.335792 -2.573828 1.199945 -0.851508 0.419013 0.469120 1.543552 1.847526 0.997089 4.776229 -0.392314 -4.277543 -2.620803 -2.676497 -4.105600 -2.299210 3.148017 -2.078500 -0.853534 1.115009 0.116445 -2.087175 1.300345 3.308094 -0.799475 1.705942
39 373.5839825970 14.0000000000 5.0000000000 1.8532010002 2.0000000000 6.3021480897 0.9964045512 4.5141614492 -0.1716557090 3.9488617099 -0.1505479393 20.3776535893 -1246.0064481753 25.6011224498 6.5531845747 3.677279 -5.000000 -0.614061 2.029949 2.584621 -3.337753 -1.616814 -2.235551 -0.748789 -3.992644 1.583867 4.808197 -1.054090 0.511390 -2.056174 -1.799458 -1.115761 -0.202880 0.673784 3.433603 -0.884584 -2.567884 0.801076 -1.238516 0.054688 -3.780502 -1.560868 -1.907277 -5.000000 0.505214 4.055191 -2.643083 -4.570140 -0.956015 0.217077 -1.349974 2.783592 2.405483 2.575524 -1.282990
1005 87720.6293718863 14.0000000000 5.0000000000 0.6481314117 67.0000000000 5.5852406504 0.8799106208 5.5717495295 -0.0382579979 4.9910722854 -0.0097887048 31.0443928193 -522.2373061561 26.4954391989 6.7522068621 -1.936097 2.263874 -4.115767 1.107514 -1.735892 -0.049186 -0.436467 -5.000000 -3.306198 0.059095 0.175334 0.449704 -1.841196 2.051102 0.668939 -2.556415 -0.937973 3.993475 0.836114 -3.075403 -3.612538 -3.318871 5.000000 -3.446401 -0.354245 -3.339321 -2.302653 3.973928 -1.777564 -4.518665 2.098084 -0.529016 2.683167 2.233558 2.798856 2.920158 -0.633509 -0.516809 0.358104 4.201383
evaluations raw_y rep iid sigma t d_norm d_mean ps_norm ps_mean pc_norm pc_mean ps_squared loglikelihood mhl_norm mhl_mean x0 x1 x2 x3 x4 x5 x6 x7 x8 x9 x10 x11 x12 x13 x14 x15 x16 x17 x18 x19 x20 x21 x22 x23 x24 x25 x26 x27 x28 x29 x30 x31 x32 x33 x34 x35 x36 x37 x38 x39
1 22821333.5082418136 15.0000000000 5.0000000000 0.6481314117 67.0000000000 5.5852406504 0.8799106208 5.5717495295 -0.0382579979 4.9910722854 -0.0097887048 31.0443928193 -522.2373061561 26.4954391989 6.7522068621 -0.624657 0.678569 -0.311817 -1.003579 0.471138 -3.527211 -2.191724 -2.175531 -0.610340 -0.947497 -0.401189 0.710394 1.379035 0.821179 -1.129957 1.198781 -0.325873 3.200429 1.363254 0.029760 -0.175559 -1.964236 0.243381 -2.274875 0.698005 -3.717026 -2.334364 2.849794 2.993131 2.579864 -3.623491 -2.996614 -2.900286 -3.387814 0.454528 -0.979469 -0.001057 -0.980505 -1.586419 4.097798
2 21257333.9578878917 15.0000000000 5.0000000000 0.6481314117 67.0000000000 5.5852406504 0.8799106208 5.5717495295 -0.0382579979 4.9910722854 -0.0097887048 31.0443928193 -522.2373061561 26.4954391989 6.7522068621 1.206371 -1.996404 2.430083 -1.335033 -0.545012 2.833549 -1.565218 -0.500641 -0.616629 3.459376 3.956545 0.439376 3.789640 -2.736199 -0.382611 2.574515 -0.493768 0.685102 0.445434 1.363187 0.502898 -2.963698 -0.773644 -1.467361 1.171956 -3.471578 -1.653390 2.367668 0.710092 4.885700 -0.073851 -5.000000 1.982979 0.384486 -0.705585 -2.679046 -0.377345 1.193173 0.680909 0.166851
3 8996382.1601287741 15.0000000000 5.0000000000 0.6481314117 67.0000000000 5.5852406504 0.8799106208 5.5717495295 -0.0382579979 4.9910722854 -0.0097887048 31.0443928193 -522.2373061561 26.4954391989 6.7522068621 1.211984 0.337874 -2.077783 0.570476 1.004783 3.867750 0.096650 -2.103537 2.333165 1.470934 -1.126260 -2.426016 3.096256 -3.395751 -1.263586 0.572733 -2.095944 -0.372900 0.995110 -0.809004 -2.568209 -1.228514 -0.215739 2.267246 -2.072493 3.022715 -1.736548 2.784461 4.350186 2.598042 -0.376163 3.338047 2.309148 0.963605 -0.356074 -0.772366 -0.260149 4.719247 1.033999 0.882709
6 4044234.0640880782 15.0000000000 5.0000000000 0.6481314117 67.0000000000 5.5852406504 0.8799106208 5.5717495295 -0.0382579979 4.9910722854 -0.0097887048 31.0443928193 -522.2373061561 26.4954391989 6.7522068621 0.290384 -1.246103 -0.538511 -2.490270 1.454777 -0.276972 -0.414344 0.941889 1.114105 -0.749541 -2.255765 2.342248 0.904497 0.348233 1.761863 -0.482853 3.208832 -0.322770 -0.409565 0.368063 -0.606846 -0.222886 0.354016 -1.302868 0.957818 0.191370 3.962355 -0.539745 -1.431081 -1.693735 0.903609 0.656999 -1.793227 1.766530 -3.155861 -1.788855 -0.860748 -0.056890 -1.694859 2.814656
13 192119.1981265623 15.0000000000 5.0000000000 0.6481314117 67.0000000000 5.5852406504 0.8799106208 5.5717495295 -0.0382579979 4.9910722854 -0.0097887048 31.0443928193 -522.2373061561 26.4954391989 6.7522068621 -0.596852 1.415228 3.303980 3.884535 -0.376204 -0.831919 1.950812 -0.490863 -0.172935 1.490924 -1.802271 2.988292 -0.721373 0.662469 -1.276850 0.575210 -1.727368 -3.682288 -1.328213 0.914388 -3.200114 1.045753 3.350811 -0.626322 1.549531 -0.629016 1.914116 -0.471756 -4.451192 -1.045179 2.485694 -0.328709 -1.567154 0.536406 -2.954300 3.389447 -2.023575 1.022274 0.569659 -0.743459
19 62415.1153605177 15.0000000000 5.0000000000 1.8800355600 1.0000000000 6.3111278203 0.9978557294 2.9518024997 0.0224164215 2.5032398109 0.0190099706 8.7131379975 -1306.9890935099 27.5170593735 7.0065558649 -4.111515 0.863249 0.699294 2.291755 2.388632 -0.326301 -1.337321 0.246936 2.830769 1.812836 -0.309085 1.532917 -1.631352 -1.068027 -1.673980 -0.217460 -1.410470 -1.284860 0.645308 0.318575 -1.665234 0.522220 2.687964 3.139707 0.774164 -0.966244 -2.175289 1.383080 -0.767946 1.819452 -0.089107 -0.329061 -0.789697 0.141744 -2.391081 2.219617 -1.110273 2.741844 2.806721 4.076523
51 59352.7458511087 15.0000000000 5.0000000000 1.7617000567 3.0000000000 6.2867600927 0.9939595172 4.7475632197 0.2348007951 4.2006644799 0.2068832087 22.5393565252 -1215.8723212589 25.6791813283 6.5788500456 -0.557015 0.401674 3.659257 5.000000 -0.656903 4.214960 1.135877 2.390108 4.022304 2.840827 -3.150184 3.662032 -1.817416 1.056713 -5.000000 -0.163011 -0.676431 -2.542379 -1.244515 2.419580 -0.858394 0.049047 2.789111 2.543203 3.002691 -2.047628 -2.477397 3.295318 -0.585489 -1.555206 0.542979 3.075693 -4.553001 1.525405 -2.180487 1.163295 1.403215 3.724733 -0.887418 1.946946
60 10000.2125252523 15.0000000000 5.0000000000 1.7617000567 3.0000000000 6.2867600927 0.9939595172 4.7475632197 0.2348007951 4.2006644799 0.2068832087 22.5393565252 -1215.8723212589 25.6791813283 6.5788500456 -2.549420 -1.945177 -1.197929 0.267453 2.527292 0.102862 -1.530509 0.345984 4.894521 2.481511 -2.387856 1.523505 -1.955617 1.207034 -2.224719 1.910161 1.364949 -0.013813 -1.159814 2.193473 -0.362321 2.466131 3.331599 0.643027 -0.595233 -1.849751 0.683406 1.843211 0.273447 1.856345 2.969582 -1.748891 -3.073846 3.717517 -3.937124 -0.815445 -2.348945 1.260032 1.853771 5.000000
85 4425.3268672921 15.0000000000 5.0000000000 1.6794801294 5.0000000000 6.2634184945 0.9902062312 5.1018888949 0.1353529906 4.6432796858 0.1339331483 26.0292702961 -1173.2027436565 25.2684702448 6.4467122539 -3.388138 1.790550 -0.837201 2.790257 5.000000 1.996002 -0.070603 1.325689 4.702456 0.339208 -0.649977 2.272558 -1.607125 0.358412 -1.483365 -0.393253 0.695571 -3.153526 -0.193961 1.691257 2.693235 0.595867 3.116431 3.050028 2.492698 0.306554 3.892017 0.004370 0.085738 2.293243 0.841008 2.100498 -5.000000 5.000000 -4.331217 2.108850 -3.231144 5.000000 -0.059941 4.171931
90 2752.1780576939 15.0000000000 5.0000000000 1.6794801294 5.0000000000 6.2634184945 0.9902062312 5.1018888949 0.1353529906 4.6432796858 0.1339331483 26.0292702961 -1173.2027436565 25.2684702448 6.4467122539 -4.263335 1.449885 -1.370497 4.905521 4.373407 -0.893296 0.005559 1.489760 3.063450 -2.977553 -0.099691 -0.410508 -0.629805 1.260021 -3.629876 -1.567253 0.587225 1.481011 2.325865 0.241256 -0.101955 2.547949 3.768227 2.786452 -3.062958 0.492042 3.447298 -1.053003 -0.465106 -1.335476 1.296587 1.169149 -0.900585 -0.264651 -5.000000 -2.713054 -1.017433 2.219518 -3.326947 5.000000
113 1405.7046861231 15.0000000000 5.0000000000 1.6222119804 7.0000000000 6.2405247320 0.9865154248 5.2736366025 0.1478572765 4.8412273087 0.1485808130 27.8112430154 -1155.2787297548 25.5234767933 6.5021509621 -0.760157 2.629281 -0.744197 1.155482 1.511031 3.612985 0.717911 -1.485119 1.277966 0.091380 -1.601070 2.367841 1.151944 4.593132 -2.162465 -1.144619 -0.220219 -2.705211 -1.120597 3.451729 -0.256814 0.656413 4.055941 5.000000 -2.286007 0.682482 5.000000 -1.062837 -2.390869 1.599032 -0.882604 2.379031 -5.000000 2.510619 -4.715106 1.825796 -0.010975 2.159284 0.365809 5.000000
169 1313.9901264388 15.0000000000 5.0000000000 1.4974036269 11.0000000000 6.1950489164 0.9791615787 5.3256909604 -0.2018033107 4.8897243918 -0.1506987846 28.3629842054 -1091.1869608643 25.1882101057 6.4365722323 -2.375499 0.140564 -2.529004 2.278301 3.059725 -0.447199 -1.233011 -0.161811 1.379818 -2.035914 -1.099947 2.113459 0.344231 0.379300 -2.692198 -1.793793 -1.832935 -1.924928 -2.634600 -1.757687 3.302950 1.867077 4.273112 2.002626 0.225829 -0.319684 5.000000 -1.859307 -1.381955 5.000000 -3.080225 0.544011 -4.546623 0.862625 -3.662771 -2.432780 -3.217792 2.072680 -4.973406 5.000000
179 475.8122907890 15.0000000000 5.0000000000 1.4974036269 11.0000000000 6.1950489164 0.9791615787 5.3256909604 -0.2018033107 4.8897243918 -0.1506987846 28.3629842054 -1091.1869608643 25.1882101057 6.4365722323 -2.103887 2.630338 -0.850284 1.646412 2.360702 2.667385 -0.045583 -1.761802 -1.295095 2.275899 -0.943514 0.782545 0.161858 1.182928 -3.963662 -2.352997 -0.058661 -1.011429 -1.862011 -0.437200 1.937077 0.057909 4.456195 1.639603 -2.908618 0.464796 2.791562 -2.439495 -1.306334 3.445961 -0.643662 2.093323 -3.331566 2.980359 -3.725335 -2.149947 -3.654493 -0.469325 -5.000000 4.444673
295 384.0094117910 15.0000000000 5.0000000000 1.1885376010 19.0000000000 6.1052363596 0.9646844878 4.4566850245 -0.0708888494 3.9997675214 -0.0781453490 19.8620414073 -952.6324174707 25.6957740975 6.5715201258 -1.637440 0.703498 -3.046593 -1.223002 1.615866 -0.689345 -2.037630 0.006628 2.142226 -0.319149 -4.366324 0.993344 2.489940 0.002840 -3.244173 -3.424271 0.809949 -1.879343 -1.153298 -0.262121 -1.231534 0.257749 0.322508 3.642520 -1.702622 -2.600887 4.892909 0.669483 -1.189116 1.334091 -3.472437 3.353520 -1.009707 1.316332 -1.267781 -4.654484 -1.256078 2.098873 0.174249 4.030289
1005 501013.9107751629 15.0000000000 5.0000000000 0.6651182039 67.0000000000 5.6115602932 0.8843199520 5.2853543851 -0.3071622175 4.6753242621 -0.2709084689 27.9349709759 -495.4024204542 24.5284852835 6.2460612470 -4.359032 -1.918267 -2.194108 -2.632703 2.964920 3.070076 -3.791107 1.310424 0.306649 -0.847170 -1.001029 -0.041549 3.465536 0.038545 -3.424017 -3.218515 -2.596085 -3.517777 -2.294714 -4.329194 0.151114 4.025674 -4.193145 1.637630 -1.796054 0.546249 3.697789 -4.503931 -0.187325 2.752222 -2.211539 1.984227 -3.341839 3.814589 -3.107515 0.609386 1.060009 2.648398 -1.177290 1.502133
evaluations raw_y rep iid sigma t d_norm d_mean ps_norm ps_mean pc_norm pc_mean ps_squared loglikelihood mhl_norm mhl_mean x0 x1 x2 x3 x4 x5 x6 x7 x8 x9 x10 x11 x12 x13 x14 x15 x16 x17 x18 x19 x20 x21 x22 x23 x24 x25 x26 x27 x28 x29 x30 x31 x32 x33 x34 x35 x36 x37 x38 x39
1 56022113.3076075986 16.0000000000 5.0000000000 0.6651182039 67.0000000000 5.6115602932 0.8843199520 5.2853543851 -0.3071622175 4.6753242621 -0.2709084689 27.9349709759 -495.4024204542 24.5284852835 6.2460612470 0.255897 -3.056947 -1.188936 0.132661 -2.470990 -1.242737 -1.777896 0.997820 -1.573794 0.237487 -1.513726 0.986734 -1.678809 -2.030044 -0.685039 3.768928 -0.541826 -2.903439 -2.160318 5.000000 -0.440446 -0.178801 0.552683 3.224522 1.431930 1.317265 0.421482 -1.128887 0.280372 -0.676896 -2.809655 -4.973284 2.547087 2.159496 1.296805 1.112840 0.467075 -2.157691 -2.363922 -1.406480
2 4714852.4907423845 16.0000000000 5.0000000000 0.6651182039 67.0000000000 5.6115602932 0.8843199520 5.2853543851 -0.3071622175 4.6753242621 -0.2709084689 27.9349709759 -495.4024204542 24.5284852835 6.2460612470 -1.277032 -1.684140 -2.676349 1.159413 1.072829 3.086069 3.348664 -1.278580 1.097330 -0.166243 0.618127 4.020870 3.349421 1.006387 2.054518 1.270389 -0.343567 -0.442144 -1.458929 3.042315 -1.882076 -0.873356 -0.402930 -1.735154 3.106977 1.070189 -4.507749 -2.011533 1.743754 -1.067730 0.329807 0.507891 0.327217 -1.332258 -0.061314 0.204309 -1.674566 0.684482 0.213746 0.652277
4 506184.6712743602 16.0000000000 5.0000000000 0.6651182039 67.0000000000 5.6115602932 0.8843199520 5.2853543851 -0.3071622175 4.6753242621 -0.2709084689 27.9349709759 -495.4024204542 24.5284852835 6.2460612470 -1.483704 0.060040 0.825211 1.255622 0.221882 -2.003700 3.447928 3.721118 -1.606971 -0.666321 4.510377 2.957759 0.441151 1.446785 -2.722532 -0.037876 2.519495 -3.854248 1.153076 -2.054473 3.622231 -2.246609 -2.423953 -1.245523 -1.350911 0.486168 2.502407 -2.539410 -0.853848 0.907031 -2.024236 1.324722 0.883576 0.943326 -0.016886 1.410469 2.679896 -0.157846 2.467135 0.444042
14 39276.0509490113 16.0000000000 5.0000000000 0.6651182039 67.0000000000 5.6115602932 0.8843199520 5.2853543851 -0.3071622175 4.6753242621 -0.2709084689 27.9349709759 -495.4024204542 24.5284852835 6.2460612470 -2.629875 -2.507665 -1.696591 0.701851 -1.441601 0.358293 -0.876978 0.981695 1.959341 -0.427542 -2.744372 -0.346914 -1.260499 0.605328 0.175135 -2.622663 -0.851047 0.624407 1.495467 0.255621 -0.641837 -0.437241 2.883302 -1.672546 1.351273 -0.695605 0.864227 -0.098399 1.737403 -2.776834 -1.101475 2.322399 0.354784 -1.927815 1.124729 -0.617007 2.436059 -1.599850 1.153885 0.187822
18 20480.9709009253 16.0000000000 5.0000000000 1.8720908289 1.0000000000 6.3113557199 0.9978982358 2.7235917015 0.0404076346 2.3097084498 0.0342671976 7.4179517562 -1238.7966841215 25.0090696352 6.3913823663 -4.466801 -3.132885 0.311927 1.990895 2.826823 1.762666 -1.342357 0.204679 -1.966401 0.672925 3.829080 0.006809 -2.362235 3.015988 -3.924343 -0.705597 -1.249397 -1.286216 3.351993 0.865745 4.979653 1.504484 1.585044 -0.455116 -0.862731 0.837876 -0.503137 -2.765388 -2.836714 1.021277 0.521500 0.935551 -0.879015 1.435570 -1.003396 2.122971 2.455720 0.213012 -0.354172 0.513110
22 7267.3208239403 16.0000000000 5.0000000000 1.8720908289 1.0000000000 6.3113557199 0.9978982358 2.7235917015 0.0404076346 2.3097084498 0.0342671976 7.4179517562 -1238.7966841215 25.0090696352 6.3913823663 -4.087456 1.185693 -0.255221 -0.653271 1.677897 3.032390 1.586581 -2.131348 -0.862309 -0.832763 -0.721390 -0.756349 -0.439019 -0.492647 -0.171916 -2.833420 0.003819 3.339462 0.506336 1.377891 0.599446 0.363364 -1.499015 0.320977 -1.701483 -0.218730 4.129279 1.522278 3.255024 2.909980 2.552387 -1.235854 1.280574 -4.243782 -1.709831 -1.839902 1.549893 0.578607 2.697630 -1.346949
29 3951.6059844879 16.0000000000 5.0000000000 1.8720908289 1.0000000000 6.3113557199 0.9978982358 2.7235917015 0.0404076346 2.3097084498 0.0342671976 7.4179517562 -1238.7966841215 25.0090696352 6.3913823663 -0.850072 0.193935 -2.447012 1.705554 -1.795442 0.973383 -0.119460 -3.398076 -0.244207 -0.899692 -1.064595 3.558353 2.163169 4.275748 1.154443 -0.748766 1.654434 -3.523071 2.117363 0.139951 -1.100920 -0.941084 1.274691 0.142406 -1.394113 2.308346 0.769663 -1.759305 0.375024 -1.260304 0.721048 1.904725 0.081417 -0.820050 0.159013 -0.378632 2.837380 -2.388278 1.150839 2.181602
44 3688.5443613384 16.0000000000 5.0000000000 1.7766621925 2.0000000000 6.2972153532 0.9956386484 3.4657475202 0.1207376937 2.9792309312 0.1028307876 12.0114058735 -1254.2407482802 26.9309240838 6.8731596760 -4.684877 3.886350 -0.613600 1.195267 -0.448538 1.709286 -1.018435 -3.864613 1.131558 0.707139 -1.108644 2.697861 2.830657 2.248825 -2.218571 -2.516419 -0.890837 -1.453328 1.611163 -0.601630 1.076833 -1.223434 1.829648 0.461824 -0.940709 2.221395 2.274901 1.042854 -1.613651 1.342427 0.222929 -5.000000 -0.304797 -2.155412 -0.662588 0.132865 1.537337 -3.081352 1.625666 0.337665
51 433.5122514154 16.0000000000 5.0000000000 1.6978243349 3.0000000000 6.2837037479 0.9934769396 3.8392371639 0.1121127387 3.3591782529 0.0990672414 14.7397420008 -1226.2421017017 26.9576204473 6.8984086444 0.467842 -0.117271 1.288776 1.808318 0.273988 2.782679 -0.959659 -2.537887 1.348544 2.024533 -3.063754 1.580808 5.000000 2.170992 0.680713 -4.391917 0.332206 -0.101804 1.351883 1.115510 -1.178145 0.504257 1.940137 2.636945 -1.109110 1.945006 2.551256 2.749555 -1.197167 2.510745 -0.432753 -0.546452 -0.625649 -2.177274 -2.640060 -0.300130 1.459048 -1.451619 0.440151 0.475571
1005 51427.5543501534 16.0000000000 5.0000000000 0.8326307006 67.0000000000 5.6340967959 0.8877560839 6.7553506900 -0.0724037830 6.1839330631 -0.0687579671 45.6347629455 -645.9721830758 24.9950337699 6.3754000132 0.764585 2.398552 2.268550 -2.707063 4.590193 -2.687262 -0.605788 0.873042 -4.004544 -0.165231 -2.281327 -0.583373 4.248862 1.531981 -2.790413 -3.011864 2.439430 -2.549449 -0.577119 2.938736 -3.166005 2.612303 1.652305 3.686870 -2.095431 3.177563 1.451624 2.742394 -3.703002 1.639099 2.542811 -2.889619 1.064849 2.564471 2.378409 3.544897 2.412218 -5.000000 1.851466 3.788976
evaluations raw_y rep iid sigma t d_norm d_mean ps_norm ps_mean pc_norm pc_mean ps_squared loglikelihood mhl_norm mhl_mean x0 x1 x2 x3 x4 x5 x6 x7 x8 x9 x10 x11 x12 x13 x14 x15 x16 x17 x18 x19 x20 x21 x22 x23 x24 x25 x26 x27 x28 x29 x30 x31 x32 x33 x34 x35 x36 x37 x38 x39
1 2470919.2574838954 17.0000000000 5.0000000000 0.8326307006 67.0000000000 5.6340967959 0.8877560839 6.7553506900 -0.0724037830 6.1839330631 -0.0687579671 45.6347629455 -645.9721830758 24.9950337699 6.3754000132 0.552532 -3.709256 1.247802 2.290623 2.074381 3.773278 -0.223397 -0.724203 0.297350 -0.875566 4.342514 2.304621 -3.637625 -0.276099 1.079679 -3.550565 2.629753 -0.946896 -2.184460 -0.500055 -1.964589 2.062538 0.982668 -0.893293 -1.612720 0.262536 -2.425120 0.319982 -1.510446 0.699792 1.955084 -0.277170 0.207713 0.601182 1.936411 1.739248 1.135566 0.930565 -2.330746 -4.071990
12 1932607.5601926844 17.0000000000 5.0000000000 0.8326307006 67.0000000000 5.6340967959 0.8877560839 6.7553506900 -0.0724037830 6.1839330631 -0.0687579671 45.6347629455 -645.9721830758 24.9950337699 6.3754000132 -2.378737 5.000000 3.564418 -3.078678 4.506915 -1.403340 -0.972682 -0.720472 0.534951 3.332054 3.097682 3.010401 1.318740 0.937938 -0.240650 -1.498404 4.488471 -0.925122 -3.186551 2.499342 -1.434267 0.973440 0.770531 -3.021163 0.025673 1.082622 -2.350455 1.419722 0.059797 0.043944 2.259752 0.881048 -1.733976 -1.885575 1.768048 -0.521666 -0.137001 -1.067797 1.203167 -0.439201
16 973776.5433606050 17.0000000000 5.0000000000 1.9025416748 1.0000000000 6.3116313241 0.9979305162 3.5930883405 0.0784550501 3.0470743822 0.0665328405 12.9102838229 -1291.8711155154 26.6719632729 6.8094178312 -3.135693 -3.212230 1.663621 -3.750262 1.899806 -0.369355 -1.196171 -1.143246 -2.324179 5.000000 -1.184278 1.184978 0.400977 0.842108 0.609668 -1.731505 2.288907 -1.634885 -0.397330 -3.116831 -0.554116 -3.089924 3.467869 0.997258 -0.258559 -1.180489 -2.048304 1.756579 -1.959588 1.068927 0.710888 0.178426 -0.693818 -1.913227 -3.951419 1.563224 1.330337 2.297317 -0.070686 4.203942
31 24397.9881128642 17.0000000000 5.0000000000 1.8272749643 2.0000000000 6.2996787660 0.9960119045 4.1099698981 0.0698576719 3.5530555597 0.0615740318 16.8918525636 -1280.9454977296 27.2329683115 6.9671728304 -1.842739 -3.754147 3.379405 -0.321333 4.510980 0.058953 1.770886 -0.656042 -5.000000 3.169745 2.015536 5.000000 1.366299 -4.647789 0.093588 -0.587878 1.539749 -0.164970 -1.167925 1.680660 -3.472530 1.707239 1.091756 2.105582 5.000000 1.111590 -0.302641 -0.709846 1.154315 -3.342991 1.028824 1.595035 1.864861 0.666496 0.990845 -3.203348 -2.224635 2.712364 -0.933573 1.047687
38 463.3487182012 17.0000000000 5.0000000000 1.8272749643 2.0000000000 6.2996787660 0.9960119045 4.1099698981 0.0698576719 3.5530555597 0.0615740318 16.8918525636 -1280.9454977296 27.2329683115 6.9671728304 -4.907667 0.083248 2.757764 -3.425392 2.783861 1.188961 2.374926 0.521864 -3.959930 3.376214 -0.529645 -0.932362 -1.271041 -0.465159 -0.842071 -0.513686 1.678796 -0.832213 -2.016917 0.145573 1.261614 0.183607 0.370138 -1.437855 -1.394847 -3.337832 0.069198 -0.219667 -2.302629 -0.002453 -0.342920 3.129229 -0.740008 -1.444242 -1.218383 0.876491 -0.558347 -0.834120 0.193446 1.979466
794 428.7087949825 17.0000000000 5.0000000000 1.1525103252 52.0000000000 5.7592488136 0.9075687384 7.2654797858 0.0220262960 7.0861929743 -0.0224954261 52.7871965173 -829.2002897447 23.5210650014 6.0137841360 -1.967778 -0.953330 1.603780 0.575775 1.756109 -0.029348 -0.637192 -0.239800 -2.272353 2.528259 -2.299468 3.027221 -1.669859 0.152568 -1.689923 3.831918 -3.425524 -2.559828 -1.457198 0.104951 4.971115 3.885992 0.099525 0.145820 -1.083141 1.083285 5.000000 -4.119864 -0.664002 4.478820 2.926415 -2.320691 -0.720400 2.479898 -5.000000 1.682389 -0.590091 0.874601 1.518664 -0.908892
1005 368564.0463945385 17.0000000000 5.0000000000 1.0443069022 67.0000000000 5.6184820346 0.8841470653 5.1503078272 -0.1177521200 4.4796948746 -0.0954663218 26.5256707150 -782.8642861140 25.2660674814 6.4867893238 -3.601360 -0.309097 0.662785 0.856000 0.780938 0.648916 -2.161323 -2.083148 -2.978538 2.510489 3.131474 4.622796 0.071220 -0.472239 -4.397430 2.727284 -3.761138 -2.982508 0.085550 0.301712 3.590871 2.002914 0.088442 -2.098759 -1.960952 3.362562 4.103482 -4.035175 4.002158 1.778959 0.981191 -3.110906 1.640417 1.876905 -2.889570 0.821374 0.435263 0.076544 1.991419 -1.365959
evaluations raw_y rep iid sigma t d_norm d_mean ps_norm ps_mean pc_norm pc_mean ps_squared loglikelihood mhl_norm mhl_mean x0 x1 x2 x3 x4 x5 x6 x7 x8 x9 x10 x11 x12 x13 x14 x15 x16 x17 x18 x19 x20 x21 x22 x23 x24 x25 x26 x27 x28 x29 x30 x31 x32 x33 x34 x35 x36 x37 x38 x39
1 25026761.6674640737 18.0000000000 5.0000000000 1.0443069022 67.0000000000 5.6184820346 0.8841470653 5.1503078272 -0.1177521200 4.4796948746 -0.0954663218 26.5256707150 -782.8642861140 25.2660674814 6.4867893238 0.158857 4.380405 -0.269784 0.321036 0.885396 1.246783 2.017807 0.788498 -0.672773 -1.291813 1.610915 0.832886 1.149239 -2.203343 -1.989514 2.691039 1.163736 1.074477 4.134094 -0.580648 1.202730 -1.129054 -2.335903 -2.044004 1.767039 -1.067489 -2.700864 0.460188 1.789710 2.741520 4.927403 2.255803 -1.638428 0.134928 2.154433 -1.107090 1.355235 2.082987 -3.502844 0.237339
2 844063.4364767511 18.0000000000 5.0000000000 1.0443069022 67.0000000000 5.6184820346 0.8841470653 5.1503078272 -0.1177521200 4.4796948746 -0.0954663218 26.5256707150 -782.8642861140 25.2660674814 6.4867893238 2.277402 1.354170 0.612270 -0.030544 4.135977 -0.090536 -3.206250 -0.935504 0.297315 0.705742 -0.501302 0.172256 -0.340330 1.701336 -2.237533 -0.147728 -2.826398 -2.239788 0.744920 -0.886148 1.940151 0.114399 1.068929 2.432949 -1.111856 -4.582294 -3.010252 -2.485479 -0.922775 -2.466883 0.968889 1.176252 -1.083262 1.065766 0.948540 4.128864 4.340174 -0.705943 5.000000 -1.807078
9 6724.6320746176 18.0000000000 5.0000000000 1.0443069022 67.0000000000 5.6184820346 0.8841470653 5.1503078272 -0.1177521200 4.4796948746 -0.0954663218 26.5256707150 -782.8642861140 25.2660674814 6.4867893238 -1.101999 0.034039 2.478488 -0.045228 -0.357461 -0.252806 1.977281 -1.116527 -2.768999 -2.523433 1.078555 2.454126 -3.429098 -0.667773 1.498514 2.271459 -5.000000 -0.674698 1.299123 -3.762915 5.000000 -1.929898 2.413297 0.563033 1.403225 4.838130 -0.501393 0.498251 1.181354 1.145022 1.318216 2.280896 -0.172143 -0.637262 -3.721856 3.264161 1.189667 -2.606414 3.718333 3.107814
25 1032.0884473284 18.0000000000 5.0000000000 1.9162730151 1.0000000000 6.3155116033 0.9985332816 3.9806314481 -0.0017388634 3.3757255488 -0.0014746217 15.8454267252 -1323.0816276640 27.5742362253 7.0556251811 0.791311 0.055928 0.004355 3.548124 -0.901539 0.677030 -0.709131 -4.545848 -2.148569 1.361356 -0.695075 1.461003 -1.271419 -0.842522 0.838983 -1.400015 -3.374492 -3.712625 1.641234 -2.130773 2.569885 0.131025 -0.806041 -2.099766 -0.831057 -1.241262 0.087269 -0.403430 0.651403 1.179758 0.338659 -1.259039 0.356611 -1.130689 -3.572388 4.375848 1.455462 -4.968953 2.678965 -2.921713
27 353.8145003885 18.0000000000 5.0000000000 1.9162730151 1.0000000000 6.3155116033 0.9985332816 3.9806314481 -0.0017388634 3.3757255488 -0.0014746217 15.8454267252 -1323.0816276640 27.5742362253 7.0556251811 0.563918 -2.818407 -1.890190 3.415050 -0.098181 0.588404 -2.104669 -0.903899 -2.942809 0.810771 1.731922 0.990300 1.562735 -0.099565 -2.778650 -0.224195 0.482848 -2.186730 1.696251 -0.834404 1.233413 0.581858 1.992904 0.185451 0.474096 -0.606951 -2.216770 0.612149 -0.789986 -0.428572 -0.009795 0.768291 -0.804156 -3.095352 -2.129626 1.201836 -1.961917 -0.764525 0.920074 1.838272
1005 11485.5224237902 18.0000000000 5.0000000000 0.7156034681 67.0000000000 5.6014975367 0.8825494804 5.5534987830 -0.0291732168 4.8471497747 0.0078989895 30.8413487327 -532.1495770009 24.1108574611 6.1561832777 3.972257 3.803647 2.557430 1.219713 1.396323 1.612688 4.529582 -2.701299 -1.752485 -0.590591 0.746353 3.247114 -0.905695 -0.810954 -2.055968 -0.420370 -3.666648 -1.274352 2.856164 1.273342 1.338747 1.308154 -0.808779 0.154638 -1.418633 2.517882 -3.169760 -3.152126 3.021911 4.238436 2.325117 -4.514415 -3.178725 -3.044888 0.797940 1.811414 1.230350 4.639721 3.967375 2.984957
evaluations raw_y rep iid sigma t d_norm d_mean ps_norm ps_mean pc_norm pc_mean ps_squared loglikelihood mhl_norm mhl_mean x0 x1 x2 x3 x4 x5 x6 x7 x8 x9 x10 x11 x12 x13 x14 x15 x16 x17 x18 x19 x20 x21 x22 x23 x24 x25 x26 x27 x28 x29 x30 x31 x32 x33 x34 x35 x36 x37 x38 x39
1 1561015.9565248836 19.0000000000 5.0000000000 0.7156034681 67.0000000000 5.6014975367 0.8825494804 5.5534987830 -0.0291732168 4.8471497747 0.0078989895 30.8413487327 -532.1495770009 24.1108574611 6.1561832777 0.442007 -0.680930 -1.155497 -0.808063 -1.206579 -0.487705 2.070687 1.161507 0.504827 -2.925092 -3.096683 0.530545 -0.001792 -2.031985 0.223979 -2.383904 3.111088 -1.866600 1.053068 -0.299929 1.045571 2.684310 3.117043 2.511988 1.817207 -1.681803 2.011170 -2.047608 0.363548 -0.833362 3.956817 3.834889 -2.062014 -0.966624 -1.290160 0.120696 1.095861 1.690297 -2.414363 0.749681
16 292837.8406072655 19.0000000000 5.0000000000 1.8932664258 1.0000000000 6.3136245862 0.9982560705 3.3297245941 0.0130037132 2.8237319956 0.0110276390 11.0870658726 -1273.8923517779 26.0828216169 6.6545214164 -0.570773 -1.209474 -3.554799 0.644094 1.204045 -3.252079 1.463910 0.311344 -1.474736 -3.096692 -2.835553 0.560924 1.315620 0.559676 1.691123 -0.561972 -0.113735 -0.479619 0.301191 -4.511689 -1.087694 5.000000 2.034530 -0.279590 -1.898610 -2.620602 1.094894 -2.598414 -1.242316 0.956760 -0.800989 0.660974 2.783615 -1.595678 -4.202540 -1.224819 0.582945 -2.677929 0.497794 2.467113
33 6991.5781910432 19.0000000000 5.0000000000 1.8211672947 2.0000000000 6.3010226760 0.9962404893 4.1929063380 -0.0413458936 3.6281013040 -0.0344895014 17.5804635596 -1268.6186533501 26.8502974768 6.8642789858 -0.460850 -2.408114 -0.579153 2.663670 0.241264 -1.342748 4.538297 3.512349 -1.030146 -2.500860 -3.809778 1.010047 1.839070 2.314392 -0.617067 -1.003143 3.145097 -2.149713 3.113299 -0.811405 3.699284 1.356640 0.774551 0.726453 2.579205 -2.090381 1.894618 -1.230936 -0.610622 0.639244 3.829233 1.310223 0.170566 0.265491 -2.024729 -0.946683 0.268381 -1.514883 -2.415115 1.231456
72 4080.4741465710 19.0000000000 5.0000000000 1.7404681733 4.0000000000 6.2754401570 0.9921355336 5.1542572438 0.0153423814 4.6180546946 0.0170978311 26.5663677349 -1245.2911790223 27.1916563448 6.9443669357 -2.476510 -3.878739 -3.333795 0.036201 1.535309 3.436661 4.829731 5.000000 0.653013 -3.234085 -1.511072 0.859338 -3.109308 2.034742 0.307255 -0.416542 -0.609842 -1.743438 0.303715 -4.657719 3.352616 0.905452 -1.820867 2.228446 -0.676149 -4.004324 0.382996 3.101425 -2.631633 -0.588083 0.588399 0.300405 3.723971 -0.177844 -1.708760 -0.359466 0.188259 0.227870 -0.701391 0.743321
96 3936.3136839217 19.0000000000 5.0000000000 1.6972041853 6.0000000000 6.2519109002 0.9883493097 5.7816153491 -0.0212105388 5.2166784869 -0.0162652627 33.4270760451 -1133.4330515365 23.4204129428 5.9797131673 -1.126378 -5.000000 -2.991121 -0.618275 -1.909091 3.456285 4.382287 2.831192 -2.904262 -0.899559 -1.531415 2.415085 -3.859758 1.419296 -3.344460 0.653395 2.561922 -2.422902 0.454927 -0.899514 2.501882 2.468550 -2.677357 3.004203 0.939978 -5.000000 -0.143678 2.634098 -3.006583 -0.571049 0.282228 -0.582855 1.604219 1.750423 -2.735229 -2.426212 -0.786448 1.172383 0.906500 3.430909
108 334.3092585505 19.0000000000 5.0000000000 1.6725961891 7.0000000000 6.2422903333 0.9867991345 5.4981446479 -0.0990492069 5.0478033833 -0.0812268397 30.2295945693 -1153.0247557860 24.6904578109 6.3209213735 0.117588 -0.155862 -1.549711 -2.750468 -1.322147 2.168033 4.222703 1.094434 -0.682232 -1.154851 -2.673086 0.414445 -3.433276 0.539710 -4.611990 0.285210 3.384598 -1.267441 0.861555 -1.919744 4.162888 2.766089 0.007329 2.070417 0.805073 -5.000000 4.057319 2.383801 -2.172256 2.022366 -0.475312 1.628964 -0.875372 -0.207692 -3.290965 -1.087471 1.687273 2.700846 2.403126 2.018349
1005 480653.5487659677 19.0000000000 5.0000000000 0.6740385111 67.0000000000 5.5986578912 0.8823995109 6.1311405413 0.0501132435 5.1460082516 0.0829345232 37.5908843373 -553.4052570513 26.7208292747 6.8049554082 0.449432 -2.011363 -3.285831 -2.760685 -1.942409 -1.301473 2.363138 -4.391994 -4.747466 -1.850620 -3.507711 -4.907770 -1.199478 -3.050044 -3.258807 -4.792208 2.866106 -2.132221 -0.310012 3.457524 2.605644 2.921805 -0.113612 1.298480 2.767562 -1.583701 3.885784 -3.002496 -1.995659 2.909770 -1.400162 3.091717 2.667361 -0.158412 -0.806358 -2.361063 3.711812 3.646052 -1.911992 3.624509
evaluations raw_y rep iid sigma t d_norm d_mean ps_norm ps_mean pc_norm pc_mean ps_squared loglikelihood mhl_norm mhl_mean x0 x1 x2 x3 x4 x5 x6 x7 x8 x9 x10 x11 x12 x13 x14 x15 x16 x17 x18 x19 x20 x21 x22 x23 x24 x25 x26 x27 x28 x29 x30 x31 x32 x33 x34 x35 x36 x37 x38 x39
1 41168119.1331106648 0.0000000000 6.0000000000 0.6740385111 67.0000000000 5.5986578912 0.8823995109 6.1311405413 0.0501132435 5.1460082516 0.0829345232 37.5908843373 -553.4052570513 26.7208292747 6.8049554082 3.528105 0.800314 1.957476 4.481786 3.735116 -1.954556 1.900177 -0.302714 -0.206438 0.821197 0.288087 2.908547 1.522075 0.243350 0.887726 0.667349 2.988158 -0.410317 0.626135 -1.708191 -5.000000 1.307237 1.728872 -1.484330 4.539509 -2.908731 0.091517 -0.374368 3.065558 2.938718 0.309895 0.756325 -1.775571 -3.961593 -0.695824 0.312698 2.460581 2.404760 -0.774654 -0.604606
2 15907978.7103625424 0.0000000000 6.0000000000 0.6740385111 67.0000000000 5.5986578912 0.8823995109 6.1311405413 0.0501132435 5.1460082516 0.0829345232 37.5908843373 -553.4052570513 26.7208292747 6.8049554082 -2.097106 -2.840036 -3.412540 3.901551 -1.019304 -0.876149 -2.505591 1.554981 -3.227796 -0.425481 -1.790933 0.773805 -1.021610 -2.361264 -0.056364 0.856664 0.133034 0.604944 -1.268644 -0.725482 -1.344921 -0.719106 -1.626293 -3.452565 0.354852 -0.803562 -3.260397 0.925565 -1.814597 0.103891 1.458181 0.257966 2.278801 -2.469652 0.804683 -1.369620 -1.741594 -1.157699 -0.623105 0.112331
3 523826.9385153529 0.0000000000 6.0000000000 0.6740385111 67.0000000000 5.5986578912 0.8823995109 6.1311405413 0.0501132435 5.1460082516 0.0829345232 37.5908843373 -553.4052570513 26.7208292747 6.8049554082 -2.330300 1.801653 0.931325 -3.072487 2.976504 3.791778 2.357559 -0.359850 -2.141505 2.108903 -0.806354 2.444890 0.416550 1.953278 0.712733 1.413146 0.021000 3.571741 0.253824 0.803979 3.766301 -2.695518 -2.540970 1.938793 -2.346247 3.887242 -0.827238 -1.494910 3.845884 2.961030 3.735118 1.812089 -1.722451 3.820130 -0.536007 1.604913 1.894504 -0.310020 1.228159 1.844413
6 449386.1704715840 0.0000000000 6.0000000000 0.6740385111 67.0000000000 5.5986578912 0.8823995109 6.1311405413 0.0501132435 5.1460082516 0.0829345232 37.5908843373 -553.4052570513 26.7208292747 6.8049554082 -0.738364 -0.478758 2.199319 1.310527 1.280263 -3.233912 -0.048652 -1.476062 0.559849 -0.196301 1.820358 0.634436 1.572656 -0.932838 -1.888893 -0.820099 -0.034041 0.758303 4.518618 -0.084514 -1.911890 -0.691964 -0.927192 0.962963 -3.081594 0.126524 0.313013 0.464362 -1.194632 -0.475843 -2.848122 -0.986640 -1.085723 0.832100 -2.312365 1.562396 2.988969 -4.139970 0.852517 1.353816
7 47816.3835398814 0.0000000000 6.0000000000 0.6740385111 67.0000000000 5.5986578912 0.8823995109 6.1311405413 0.0501132435 5.1460082516 0.0829345232 37.5908843373 -553.4052570513 26.7208292747 6.8049554082 -1.274874 -0.794544 -0.265761 -0.595582 -0.618026 -3.352008 2.304663 2.159237 -1.626729 -2.932849 1.042130 -1.151576 0.283906 -0.638657 1.383078 1.389498 -1.451195 -2.766728 -3.165877 1.220759 -2.377719 -1.013633 -1.192628 -0.105135 -3.872560 0.377557 1.047782 0.176844 -0.621772 0.194800 0.798093 -5.000000 3.911825 0.780187 -1.304817 -0.781907 0.987484 -0.232208 -4.061369 4.128986
20 3809.8134146920 0.0000000000 6.0000000000 1.8910061377 1.0000000000 6.3123993730 0.9980554379 3.2653498898 -0.0667950056 2.7691398193 -0.0566446831 10.6625099029 -1296.7074696769 26.9945311357 6.8996780383 -1.012613 1.423688 2.889386 1.726227 1.229490 -2.351341 4.015650 -0.322965 0.755761 -0.337370 -0.172235 -2.642147 0.008172 -0.592571 -1.317853 0.058542 -1.350551 -3.008249 -1.781818 -0.478864 -0.250069 -3.110313 -1.594140 1.877332 -2.196421 0.068892 0.893167 -0.704995 2.136051 0.910207 -0.030069 0.400967 0.888650 2.018224 1.245794 3.388523 2.687962 -2.474192 0.813045 1.198005
56 1559.3562155873 0.0000000000 6.0000000000 1.7496462585 3.0000000000 6.2884267466 0.9942229599 4.5675844149 0.0254454045 4.0075901537 0.0206708054 20.8628273876 -1214.6608742955 25.7685079270 6.6064482064 -1.952813 3.384672 1.949442 -2.759149 0.344028 -1.949223 3.804423 -0.777025 -0.936781 0.787436 -2.755644 -4.019426 2.544262 -1.176998 -0.742923 0.614329 1.488635 4.459984 -0.943929 2.116570 1.255194 1.577520 -2.655692 1.919368 -2.615472 1.848998 1.619294 1.976941 0.927233 -1.687475 3.460113 -0.806512 2.737967 -0.439509 -1.042313 2.805542 0.719044 -1.290969 0.191042 0.018887
124 1403.3733499959 0.0000000000 6.0000000000 1.6379238368 8.0000000000 6.2298368055 0.9847828286 5.9672760587 -0.0445541291 5.5173325050 -0.0235546100 35.6083835610 -1130.7706153772 24.3849918550 6.2115178587 -0.110908 1.208864 2.305731 -1.756846 3.183260 -0.472990 3.488020 2.402810 -3.742443 2.159729 -0.448974 -1.372955 3.010371 -2.152436 -1.621713 -0.352646 -0.569451 -0.561680 0.645575 1.466712 2.690172 0.045099 0.737004 3.548314 -1.642387 1.383852 -1.057183 2.228627 0.563950 -0.505155 2.931480 -0.771554 2.033103 -4.093981 -2.849687 2.194184 -1.436691 -5.000000 -1.592534 4.370245
174 580.3203490488 0.0000000000 6.0000000000 1.5328268407 11.0000000000 6.1946710880 0.9791001285 5.2508892610 0.1659575328 4.9966828055 0.1558877587 27.5718380313 -1128.6137067661 26.0958196742 6.6729448529 -2.511768 0.208823 1.836631 -4.266143 -0.938091 -1.955248 1.837693 2.561283 -1.280387 5.000000 -4.057746 -0.372785 4.086056 0.161386 -3.770910 -1.203508 0.955749 -0.334217 1.197046 4.329454 2.238642 -1.057071 3.075176 3.980314 -1.886295 1.804386 -4.245896 -0.452565 -0.513460 -3.917408 5.000000 -2.599255 2.056610 -3.241660 -2.327376 0.570081 2.203493 -4.916807 -0.322115 2.547999
358 566.8737982553 0.0000000000 6.0000000000 1.2489520238 23.0000000000 6.0629600340 0.9578193928 5.4053047263 -0.1761593897 4.8550507230 -0.1576772751 29.2173191837 -941.3580295576 24.3246160104 6.2238015184 2.174988 -0.755174 4.490782 -3.131899 -1.310200 -5.000000 2.183657 0.444524 1.603761 1.718330 0.371183 -1.673186 4.395895 -1.339338 0.112226 -2.032025 -1.703781 -1.794129 1.932878 -2.729866 -2.694849 2.289370 -0.885353 3.077286 -3.996926 2.185644 -4.576213 1.267467 0.263580 -1.322795 1.042293 0.720239 1.663868 -2.639292 -0.367145 2.095475 -2.317781 -2.128235 -0.266126 3.600858
363 473.8820635990 0.0000000000 6.0000000000 1.2269484369 24.0000000000 6.0519645402 0.9560277544 5.3273473659 -0.1300851852 4.7907139070 -0.1239717925 28.3806299570 -941.8046459629 24.8283720841 6.3547371013 0.488606 -1.729261 3.528386 -2.853455 -2.662678 -4.614312 1.228424 1.211365 -0.423428 3.583242 -1.964826 -1.021309 5.000000 -1.286754 0.497944 -3.412254 -1.676175 -1.398057 1.831426 -2.828492 0.262871 1.333448 -0.472633 4.106985 -3.215492 0.717629 -3.503022 0.778888 2.486442 -1.408661 1.330570 -1.849883 2.802180 -1.585734 -1.591867 1.056283 -3.479942 -4.947579 -1.484212 2.336849
544 400.6717219940 0.0000000000 6.0000000000 1.0621900323 36.0000000000 5.9216118132 0.9348721233 5.6283887482 0.0832420344 5.1545943690 0.0477506883 31.6787599009 -839.5142509079 25.0426636050 6.3751849172 0.784396 -0.747606 5.000000 -5.000000 -4.139564 -4.738806 0.585679 -0.155349 4.191112 2.292611 -2.264291 -2.972084 1.388591 3.215276 0.185338 -0.924227 -1.223180 0.458158 3.586728 -4.814817 -1.722220 0.716377 1.032687 2.643315 -3.401282 -3.344502 -0.227928 -0.509557 -0.817934 -0.862156 3.921850 -1.408686 2.763367 -0.004883 2.468409 1.773004 -2.902382 -3.104815 2.860474 3.729161
582 361.7654799273 0.0000000000 6.0000000000 1.0552493731 38.0000000000 5.9025821618 0.9317409675 6.0046436051 0.0977742664 5.5109795566 0.0698909706 36.0557448242 -836.3918644121 25.1827250949 6.4409139292 1.329170 -2.113809 2.955540 -3.491066 -3.109923 -4.705393 2.195819 0.908947 5.000000 3.728020 -1.573721 -1.174378 1.626094 2.300443 -1.818261 -2.064807 -1.356551 0.382826 3.663846 -3.698596 -0.732349 -0.144292 0.424481 2.977576 -1.849937 -3.265767 0.249676 1.083041 1.849843 -0.320814 4.582734 -1.793230 2.980156 -0.899801 2.135788 1.569750 -1.457145 -2.476545 0.192784 3.704353
1005 602367.2987827647 0.0000000000 6.0000000000 0.6538254404 67.0000000000 5.5984564406 0.8821706602 5.0417537845 -0.0428701576 4.1850002877 0.0047125583 25.4192812232 -515.0251492111 25.8622787388 6.5771242170 0.433139 -1.423002 4.650842 -0.648341 -1.502148 -0.324150 2.247970 -1.263313 2.159751 3.567278 1.035196 0.439449 1.931540 1.097322 0.269905 -0.627056 1.684050 2.184287 3.587241 -2.422212 -1.463232 -3.054423 0.790569 1.902575 -3.576237 -5.000000 -0.153153 -1.493096 -0.633291 -2.026741 4.897486 0.231708 3.742817 -0.672185 1.491827 2.583094 -3.502275 -3.395861 0.070193 3.342612
evaluations raw_y rep iid sigma t d_norm d_mean ps_norm ps_mean pc_norm pc_mean ps_squared loglikelihood mhl_norm mhl_mean x0 x1 x2 x3 x4 x5 x6 x7 x8 x9 x10 x11 x12 x13 x14 x15 x16 x17 x18 x19 x20 x21 x22 x23 x24 x25 x26 x27 x28 x29 x30 x31 x32 x33 x34 x35 x36 x37 x38 x39
1 3479695.6553976932 1.0000000000 6.0000000000 0.6538254404 67.0000000000 5.5984564406 0.8821706602 5.0417537845 -0.0428701576 4.1850002877 0.0047125583 25.4192812232 -515.0251492111 25.8622787388 6.5771242170 3.248691 -1.223513 -1.056344 -2.145937 1.730815 -4.603077 3.489624 -1.522414 0.638078 -0.498741 2.924216 -4.120281 -0.644834 -0.768109 2.267539 -2.199783 -0.344856 -1.755717 0.084427 1.165630 -2.201238 2.289447 1.803181 1.004989 1.801712 -1.367456 -0.245780 -1.871539 -0.535776 1.060711 -1.383322 -0.793507 -1.374345 -1.690411 -1.342492 -0.025329 -2.234621 0.468831 3.319604 1.484088
3 2153717.5778085203 1.0000000000 6.0000000000 0.6538254404 67.0000000000 5.5984564406 0.8821706602 5.0417537845 -0.0428701576 4.1850002877 0.0047125583 25.4192812232 -515.0251492111 25.8622787388 6.5771242170 -0.444656 -0.401516 0.373123 0.820103 0.396599 0.238017 -1.341325 0.755128 0.243643 2.258968 2.397836 0.370313 -0.750570 -1.277461 0.846989 0.154680 -0.687707 0.087194 -1.240002 1.396064 -0.894257 2.449015 0.806983 1.187157 -2.189824 0.338765 1.481113 -1.907401 -0.532437 0.065229 -2.746235 0.630319 1.692321 -1.719032 0.701092 -2.624567 -0.077391 -3.231545 2.242835 0.817801
5 550084.2143528530 1.0000000000 6.0000000000 0.6538254404 67.0000000000 5.5984564406 0.8821706602 5.0417537845 -0.0428701576 4.1850002877 0.0047125583 25.4192812232 -515.0251492111 25.8622787388 6.5771242170 -1.034189 -1.994054 0.497598 -0.593282 0.990423 -0.349406 1.972670 0.427068 4.381399 -3.792722 -1.293833 1.802974 5.000000 -0.497270 0.087338 -0.452628 2.662914 -0.574616 1.360140 -0.639603 -2.545118 0.627095 1.006370 2.586452 -0.220894 -1.234724 1.125522 0.481474 0.561330 -0.146225 2.320677 0.738985 3.809317 2.222113 1.318100 -3.254877 1.204639 0.840564 1.621903 2.088884
6 490509.4622494567 1.0000000000 6.0000000000 0.6538254404 67.0000000000 5.5984564406 0.8821706602 5.0417537845 -0.0428701576 4.1850002877 0.0047125583 25.4192812232 -515.0251492111 25.8622787388 6.5771242170 -0.801756 1.648011 -1.124611 3.909756 -2.663903 -3.521377 -3.301443 -1.781111 -2.238231 3.912158 -0.652999 -2.685352 2.228766 -1.173048 -2.473707 1.751678 1.246724 -0.869913 2.815080 0.258203 3.233899 1.005482 3.117611 0.218805 -2.439489 4.898737 -1.091548 -0.397676 -1.400797 -0.406789 0.485339 0.403660 1.322041 3.584316 -0.240929 -2.466241 -2.364636 -1.331509 -3.348392 1.650060
7 2682.9313645702 1.0000000000 6.0000000000 0.6538254404 67.0000000000 5.5984564406 0.8821706602 5.0417537845 -0.0428701576 4.1850002877 0.0047125583 25.4192812232 -515.0251492111 25.8622787388 6.5771242170 -0.996427 -0.621970 -0.003783 -2.793241 -1.722633 1.349423 1.237078 -0.886344 3.621070 -2.611454 -0.689974 -0.461679 -5.000000 3.875058 0.732664 -2.089179 4.102347 1.171324 0.859052 -1.213997 0.212445 -3.051361 1.590052 -0.748877 0.268096 2.404110 0.569496 0.524935 0.552999 -1.466543 1.672009 3.086718 1.517611 1.769818 -1.754563 -1.735574 -2.881752 2.464506 -0.508360 2.799688
113 739.5586025497 1.0000000000 6.0000000000 1.7246247336 7.0000000000 6.2436738273 0.9869484396 5.6742904132 0.0033493264 5.2974255243 0.0140066795 32.1975716937 -1152.2206695190 23.8764602538 6.1138789643 -3.680355 -1.680072 -1.036519 -1.059801 -2.034362 -1.292548 -0.553669 4.030680 2.173006 0.070730 1.812534 -0.712771 5.000000 3.455671 -5.000000 2.709189 2.099174 -0.376688 -2.865048 -2.839987 -2.012539 5.000000 1.746362 3.408977 3.319455 -0.220601 0.094191 -0.296530 -2.171256 -2.124479 -1.674562 1.026078 2.985505 5.000000 -2.261389 -5.000000 1.522566 0.639061 0.012734 3.496611
182 727.5919261585 1.0000000000 6.0000000000 1.5466374426 12.0000000000 6.1793681997 0.9765671416 4.8816718291 0.1965985210 4.5942093348 0.1784447977 23.8307198473 -1088.3174474142 24.3240177279 6.2079457846 -3.093268 1.049680 -0.946245 0.113394 -1.151134 -5.000000 -0.012872 3.458967 3.653164 0.400971 2.089683 3.146332 5.000000 2.760499 0.824378 3.938965 -2.554040 4.369844 -4.477049 -2.030521 -4.338202 1.602901 1.111594 -1.809736 2.661224 2.913808 -0.091552 -0.613053 -2.529088 2.804133 -0.486108 2.299230 0.916203 5.000000 -3.229249 -0.810052 0.571683 1.182178 0.256308 1.332617
342 444.2304816097 1.0000000000 6.0000000000 1.3160139876 22.0000000000 6.0673465678 0.9584302428 5.2584879536 -0.0250432246 4.7662611451 -0.0025207081 27.6516955580 -961.3430021513 23.7733038101 6.0644486490 -0.880881 2.388033 3.076168 1.124989 1.464919 -5.000000 -3.250948 1.928259 -0.466697 -0.387262 2.089285 -1.227783 3.266267 0.503991 -0.527957 1.697563 2.334116 4.026347 -3.073189 -4.332312 -2.974853 2.876306 5.000000 0.363988 1.458779 1.755970 -0.524080 -1.181742 -3.634083 -1.135490 -0.897748 2.097504 -2.158271 2.849327 2.338343 -4.059000 1.685543 5.000000 0.172507 2.121835
432 432.8717092108 1.0000000000 6.0000000000 1.2089317295 28.0000000000 6.0033851201 0.9479847666 5.2847328835 0.1709989661 5.0099064784 0.1453199362 27.9284016503 -891.8646339953 23.4167814749 5.9875069796 -2.536329 3.390298 4.613262 -3.404655 1.596881 -4.680432 -4.244072 2.046506 0.840188 -0.420564 3.707386 -0.566798 3.337095 2.985286 0.219009 2.192380 0.882424 1.495201 -0.498504 -5.000000 -2.277929 4.158097 3.887694 2.104722 2.916661 -2.625459 1.226306 -0.607458 -3.617140 -0.445946 0.004446 1.039885 -3.050208 -1.189600 0.269562 -0.445915 5.000000 4.939405 0.541649 1.828988
666 412.9156085976 1.0000000000 6.0000000000 1.0159165902 44.0000000000 5.8375147944 0.9208824816 6.3551493861 -0.2972792505 5.8287790321 -0.2519232968 40.3879237190 -790.7433488940 24.8044988297 6.2984470451 -3.557500 0.417379 3.502802 -2.263255 0.063158 -3.617460 -4.284655 3.109212 0.727505 -3.558210 3.091774 0.607118 1.912718 0.219444 0.321948 1.809711 2.208595 1.384574 -1.765726 -3.160638 -2.969686 2.714337 -0.227123 1.638174 5.000000 -0.588756 1.681806 -2.563170 -4.648213 -4.183757 1.070056 -1.538945 0.168238 0.163659 0.483890 -0.496477 4.491476 -0.992146 0.127764 -1.660401
968 303.5823728892 1.0000000000 6.0000000000 0.8767193841 64.0000000000 5.6367477531 0.8879662343 6.9182228545 -0.1068968366 6.0726643168 -0.1134600573 47.8618074642 -693.9900563766 25.7307796677 6.5748890420 -0.965540 0.816347 0.635053 -2.096986 2.698800 -2.577910 1.515182 1.535946 1.401902 -2.733637 1.864858 -1.897302 3.442294 -1.601327 -1.294575 0.083649 1.384305 1.775530 -3.694901 -2.599800 -3.632910 -1.751216 1.761937 -0.962960 2.934689 -2.729025 2.389401 -0.557919 -1.641138 -3.782386 -1.613234 0.182691 -1.384617 0.432323 0.150012 3.294000 0.719861 1.107865 -0.217337 -2.217861
1005 314397.0249903341 1.0000000000 6.0000000000 0.8909159197 67.0000000000 5.6087549716 0.8833225230 6.4050374513 -0.1614924870 5.8638200235 -0.1543132932 41.0245047529 -686.3769527766 25.2198650268 6.4636741616 -0.394476 0.740454 1.931162 -1.658207 3.315932 -1.497402 0.998654 1.610300 -0.581492 -4.592345 2.862615 -2.734881 5.000000 -2.064498 0.234362 -1.381524 -0.620371 2.452650 -3.553664 -2.566697 -5.000000 -2.986424 1.076918 0.188009 2.369759 -1.697212 4.084772 -2.414494 -3.164004 -2.403925 -2.055472 -0.319514 -2.615108 1.089245 -1.132874 2.276859 1.454520 0.968309 1.398418 -2.056231
evaluations raw_y rep iid sigma t d_norm d_mean ps_norm ps_mean pc_norm pc_mean ps_squared loglikelihood mhl_norm mhl_mean x0 x1 x2 x3 x4 x5 x6 x7 x8 x9 x10 x11 x12 x13 x14 x15 x16 x17 x18 x19 x20 x21 x22 x23 x24 x25 x26 x27 x28 x29 x30 x31 x32 x33 x34 x35 x36 x37 x38 x39
1 8402533.8352529276 2.0000000000 6.0000000000 0.8909159197 67.0000000000 5.6087549716 0.8833225230 6.4050374513 -0.1614924870 5.8638200235 -0.1543132932 41.0245047529 -686.3769527766 25.2198650268 6.4636741616 -0.833516 -0.112534 -4.272392 3.280542 -3.586871 -1.683495 1.005763 -2.490576 -2.115904 -1.818015 1.102908 4.584416 0.083079 -2.235851 1.078117 -1.192319 -0.038261 2.350002 -1.495742 0.018051 -1.756216 -0.312868 0.513141 -1.977558 -0.677644 -0.472368 -1.275310 -2.375225 -2.842434 -0.306990 -0.538114 4.462734 -4.869535 0.225453 0.740889 2.719268 1.003714 -1.688427 0.000020 1.084705
2 487483.9232873633 2.0000000000 6.0000000000 0.8909159197 67.0000000000 5.6087549716 0.8833225230 6.4050374513 -0.1614924870 5.8638200235 -0.1543132932 41.0245047529 -686.3769527766 25.2198650268 6.4636741616 -0.627016 1.542023 -3.736181 3.462369 2.935356 -0.671355 1.222682 0.095941 -1.658271 0.175420 2.000732 -0.762185 -0.751339 -0.148942 0.866993 2.556758 -1.269359 1.016792 0.432232 -3.717225 -0.838633 -0.264658 -0.079140 0.652007 -4.080646 0.092511 -1.355351 -2.878878 1.048593 1.470559 -1.306501 1.684913 -0.763033 0.132978 -2.197478 3.168974 -5.000000 -0.182905 1.390239 -4.066933
5 20552.7627625819 2.0000000000 6.0000000000 0.8909159197 67.0000000000 5.6087549716 0.8833225230 6.4050374513 -0.1614924870 5.8638200235 -0.1543132932 41.0245047529 -686.3769527766 25.2198650268 6.4636741616 -2.510854 1.876327 -0.936693 -2.509441 0.249647 1.513004 0.482879 0.994851 5.000000 1.642242 3.063521 -3.971692 0.730107 1.548164 -0.728958 -1.751959 0.793040 -0.629235 -1.187511 2.299001 2.671132 0.605259 -0.908456 1.028741 1.658917 1.261244 -2.906729 -0.676036 0.718267 1.244441 1.921564 1.516741 -2.268637 -1.414842 -2.442858 3.608953 0.360820 1.106329 2.066058 -0.658005
11 3336.1017479789 2.0000000000 6.0000000000 0.8909159197 67.0000000000 5.6087549716 0.8833225230 6.4050374513 -0.1614924870 5.8638200235 -0.1543132932 41.0245047529 -686.3769527766 25.2198650268 6.4636741616 -1.766251 3.090774 0.291680 -0.800212 1.630412 -4.149845 -1.668875 -1.315437 1.641129 -0.978314 2.849934 -0.893716 1.042219 -1.416389 2.311061 -0.509061 1.037850 -0.985990 -2.173096 -0.461835 2.196020 -2.035756 -3.058783 -0.615975 1.561509 -2.111679 -1.087767 0.368603 -0.661352 0.574416 2.379056 0.042403 -0.130819 1.532232 -0.123270 -1.905794 -2.028926 -2.230528 3.825201 -0.090526
29 1822.9381534329 2.0000000000 6.0000000000 1.9011747383 1.0000000000 6.3126014415 0.9980902525 3.5543559733 -0.0165789630 3.0142278744 -0.0140595857 12.6334463852 -1311.1341397580 27.3905506925 6.9661814078 -3.601255 0.096494 -1.322635 0.715335 1.891184 1.094596 0.939103 1.781183 1.775513 -3.351866 2.076235 -4.573412 3.106944 -0.178564 1.584734 0.698142 1.685297 0.176940 -0.512643 -0.395047 -0.436818 1.122347 -2.196829 -0.395264 -1.401412 0.210278 -3.790790 -0.220318 0.747610 1.094944 2.105187 1.375860 1.438846 0.539681 -0.752956 0.749948 -4.310987 0.337536 1.796822 -0.249212
45 400.7971756743 2.0000000000 6.0000000000 1.8148127927 2.0000000000 6.3002139244 0.9961132891 3.7799125359 -0.0134650634 3.3019960061 -0.0114843425 14.2877387794 -1198.0714887971 24.1763402965 6.1696102840 -0.603630 3.453249 -0.393640 -2.017562 1.612935 -1.710842 -2.801484 -0.976092 3.331676 0.879794 3.675832 -2.311186 1.509931 -2.172537 1.655274 2.502027 -1.338359 -1.330443 -3.965450 -2.880221 -2.910104 1.069176 -1.539920 -0.331118 1.566571 -1.331384 -5.000000 1.654791 -3.398318 -1.740371 2.872122 0.584827 1.119239 -0.725525 -1.579535 0.022001 -0.416221 -0.052515 2.080752 -0.724932
1005 43964.1378077893 2.0000000000 6.0000000000 0.7521738265 67.0000000000 5.6242037127 0.8856007287 5.5928290524 -0.1746814660 4.6152289911 -0.1624047977 31.2797368090 -595.8029857677 25.6412878238 6.5587052307 0.771965 1.701351 -3.863221 1.441121 -5.000000 -0.455170 -1.699020 1.928697 -1.644805 -3.878672 2.570943 3.438951 -1.071064 3.503675 -0.059618 2.771105 -2.761594 -0.727185 1.308023 -2.801153 -2.178159 3.743597 4.584120 1.025700 1.570028 4.530503 2.889029 2.051210 1.133268 3.277634 2.222252 -0.823082 1.389421 -2.536818 -3.752711 -3.054642 -0.533867 -5.000000 1.114340 -3.156799
evaluations raw_y rep iid sigma t d_norm d_mean ps_norm ps_mean pc_norm pc_mean ps_squared loglikelihood mhl_norm mhl_mean x0 x1 x2 x3 x4 x5 x6 x7 x8 x9 x10 x11 x12 x13 x14 x15 x16 x17 x18 x19 x20 x21 x22 x23 x24 x25 x26 x27 x28 x29 x30 x31 x32 x33 x34 x35 x36 x37 x38 x39
1 10762157.5255457163 3.0000000000 6.0000000000 0.7521738265 67.0000000000 5.6242037127 0.8856007287 5.5928290524 -0.1746814660 4.6152289911 -0.1624047977 31.2797368090 -595.8029857677 25.6412878238 6.5587052307 3.577257 0.873020 0.192995 -3.726985 -0.554776 -0.709518 -0.165483 -1.254001 -0.087636 -0.954436 -2.627730 1.769245 1.762636 3.419146 0.100067 -0.809355 -1.090720 -3.092955 1.964735 -2.202135 -2.370093 -0.411300 2.972297 0.473433 -2.047570 -1.425986 1.250490 -0.321027 -1.537673 -0.460061 1.490113 3.952222 -2.488247 -1.252834 -1.607532 -4.838166 -1.847584 -2.047752 2.247956 -0.263828
2 425586.1912013520 3.0000000000 6.0000000000 0.7521738265 67.0000000000 5.6242037127 0.8856007287 5.5928290524 -0.1746814660 4.6152289911 -0.1624047977 31.2797368090 -595.8029857677 25.6412878238 6.5587052307 -3.246571 1.293351 -0.712542 -3.486282 -1.193299 -1.177189 -1.747765 0.059428 -4.496516 -0.535524 2.026367 1.705596 2.216375 2.238781 2.975086 -2.236601 1.691667 -3.721779 -1.205770 -3.828944 2.096295 2.667476 -0.394829 3.549290 -1.349455 0.301234 0.305891 -2.128391 0.875893 3.877957 -2.049862 1.798677 -0.309014 3.539255 0.967577 1.352433 1.286327 0.498173 -2.791527 2.783326
10 290382.2157887368 3.0000000000 6.0000000000 0.7521738265 67.0000000000 5.6242037127 0.8856007287 5.5928290524 -0.1746814660 4.6152289911 -0.1624047977 31.2797368090 -595.8029857677 25.6412878238 6.5587052307 -0.012598 3.001781 -1.740318 -0.479264 0.510161 -0.462995 0.991161 -1.141126 2.840685 -0.639180 2.231890 -0.060607 2.983045 -2.796232 1.033595 -0.865153 0.462802 2.385610 -2.278194 -2.644059 -1.996734 0.508775 -3.773674 0.193187 -2.572459 -2.287444 -0.738355 0.761195 -1.252829 -0.984088 -0.083688 -0.545471 -5.000000 -0.860201 0.169928 2.195559 4.092666 1.333976 0.158184 -1.929527
19 131830.6888943900 3.0000000000 6.0000000000 1.8997010648 1.0000000000 6.3127520672 0.9981133893 3.5125679897 -0.0295551068 2.9787900888 -0.0250638449 12.3381338820 -1302.5611034253 27.0887518915 6.8954685043 -2.770620 2.184153 1.751991 -3.153864 3.355431 -0.564495 1.411909 -0.704458 0.451965 -1.768258 2.455899 0.222714 2.353411 -2.110966 5.000000 -0.088315 -0.072120 -1.962154 -0.938902 0.056471 2.404340 2.144739 -0.922713 -4.922890 -3.129797 -3.062960 -1.399144 -1.876848 -0.754767 0.273301 -0.918346 0.844459 -5.000000 0.779451 0.042159 0.091924 1.775884 -1.978927 -2.657066 -0.599583
20 46927.2012622349 3.0000000000 6.0000000000 1.8997010648 1.0000000000 6.3127520672 0.9981133893 3.5125679897 -0.0295551068 2.9787900888 -0.0250638449 12.3381338820 -1302.5611034253 27.0887518915 6.8954685043 -1.451730 4.020889 -0.879224 -1.326126 -0.455003 -0.581425 -0.249264 1.871592 1.617107 -0.107013 -0.289874 -0.063442 4.898034 -4.515323 1.148041 -1.469080 -0.013325 0.180191 0.336106 -1.979995 -1.764465 0.725376 -0.706844 -2.507590 -2.211196 -2.911034 1.092890 2.444166 -2.025744 -0.966142 -1.197480 1.925950 -1.855687 -1.671866 -0.663719 3.857990 4.427968 0.538183 -1.340438 0.927369
28 9160.8831288309 3.0000000000 6.0000000000 1.8997010648 1.0000000000 6.3127520672 0.9981133893 3.5125679897 -0.0295551068 2.9787900888 -0.0250638449 12.3381338820 -1302.5611034253 27.0887518915 6.8954685043 -1.895529 0.271740 1.510365 -2.384192 -3.166119 -1.034379 -2.373284 -1.612546 -2.661123 1.338751 2.383523 -0.535293 4.259088 -0.241613 2.942231 -0.213596 -1.909814 1.020357 -1.213200 -0.461235 2.546852 0.747528 -0.911410 -2.453253 -2.384566 0.963323 -1.419148 3.157933 0.937410 -0.721385 -3.176479 3.249973 -0.213517 -1.040686 -0.243181 0.817336 5.000000 0.730112 -1.646502 -0.372039
57 2334.7067865924 3.0000000000 6.0000000000 1.7797018040 3.0000000000 6.2861358284 0.9938563243 4.3859787556 0.0205865321 3.8714721308 0.0168444567 19.2368096448 -1230.8929784848 26.0278688781 6.6256097762 -1.792146 3.028329 0.569969 -2.032586 -1.559464 1.814699 -2.928908 -1.714026 2.761701 -1.478512 2.270614 0.357611 2.549157 -3.757984 -0.252120 -0.189373 0.392783 -0.627819 1.746188 0.829984 1.406842 1.881356 -1.760637 -5.000000 -2.527956 -0.229500 -3.337666 0.696403 1.577139 -0.098607 -1.946520 -0.321623 -0.793079 2.966728 -1.575878 -0.085905 5.000000 3.438142 -0.236043 0.007451
120 776.2761438846 3.0000000000 6.0000000000 1.5895164315 7.0000000000 6.2340340330 0.9855028057 4.5969856089 -0.0462498694 4.3206728670 -0.0455395284 21.1322766882 -1139.7293030618 25.4544289601 6.4978881846 -2.041458 4.863598 1.010538 0.131513 -4.086284 1.086914 -2.520959 0.374882 0.324122 -2.300589 1.781330 -4.396844 5.000000 -1.270367 2.056951 -0.748464 -2.785454 0.631911 -0.946453 1.056355 3.890242 4.232337 -1.664443 -2.396420 0.094445 -0.789810 -0.918450 4.904358 1.363167 0.856355 -2.767184 -0.868446 -1.519789 -0.441333 -1.504714 -0.619194 5.000000 -0.963189 0.588136 0.896380
194 653.6108305759 3.0000000000 6.0000000000 1.4034848866 12.0000000000 6.1745053475 0.9759039432 4.9270504712 -0.0747796784 4.5977671015 -0.0712661164 24.2758263459 -1079.1988683036 26.3546157320 6.7121410625 1.820621 4.300248 -2.815693 0.022795 -5.000000 -2.059253 -5.000000 -2.867216 3.274022 -4.354952 2.424191 -2.307060 5.000000 -0.501619 1.352063 1.550066 -0.470180 2.899309 -0.911611 3.297068 5.000000 3.218347 -2.287754 -5.000000 -0.441638 -0.458389 -0.246681 0.879119 -0.911452 1.797146 0.014965 1.427506 -0.557295 -0.845545 -2.820128 -3.870607 4.453766 -2.694747 -1.645405 1.977298
389 553.1864522283 3.0000000000 6.0000000000 1.0682700636 25.0000000000 6.0260778865 0.9519416963 4.9943160196 -0.0667896261 4.5773655465 -0.0685476552 24.9431925035 -903.9389539542 26.9137264069 6.8398193948 -1.139276 3.803312 0.338378 0.790565 -3.597196 -1.665644 -0.138000 -0.617836 3.316984 -4.378109 3.260645 -1.329363 2.747556 -3.801128 -1.493297 -3.019624 1.879760 0.733440 -0.342573 1.886587 2.656741 -0.571211 -4.001692 -2.878874 0.647142 -3.785870 -3.446974 1.403373 -0.554727 0.448452 -2.288526 3.868452 1.796157 -3.959025 -2.265239 -0.994323 4.710255 -2.371490 1.455869 -1.765499
488 511.6461790550 3.0000000000 6.0000000000 0.9771649152 32.0000000000 5.9477721073 0.9392559331 6.0860321288 -0.0791255102 5.4814991245 -0.0739035615 37.0397870732 -769.1994653038 23.9030666500 6.0894303738 -3.875380 2.305054 -1.546463 -0.355764 -2.381884 -3.164132 -2.037634 -0.754803 3.797679 -1.426794 3.146802 -2.297170 1.238038 -1.115501 -3.572827 -1.240643 -2.084414 1.413818 0.528830 2.912387 3.250392 -1.421502 -5.000000 -2.275823 2.828406 0.218526 -3.415859 0.212833 1.463265 1.552666 -3.635457 0.921003 0.361784 -2.354339 -1.495206 -2.863403 4.234520 -1.628988 0.633345 -1.442283
528 479.0984964878 3.0000000000 6.0000000000 0.9952402025 35.0000000000 5.9210788319 0.9348463212 6.4347641273 -0.2189143685 5.8608907829 -0.1902514849 41.4061893735 -817.2961454074 25.7334484104 6.5648414007 -3.444037 2.250644 -1.477939 0.553592 -3.374743 -3.743296 -1.957994 0.033510 2.787729 -1.912276 4.524721 -1.427301 -1.058946 0.651813 -2.720175 -1.490057 -0.726595 -0.742338 0.024672 1.035073 3.228101 -1.877618 -4.747771 -3.546614 3.274490 -2.176417 -3.217618 -1.192565 1.391669 -0.575668 -3.385113 2.946149 1.134403 -1.354991 -1.294809 -2.739672 3.699477 -0.328531 1.204966 -1.368827
820 439.6065422195 3.0000000000 6.0000000000 0.8096006624 54.0000000000 5.7276417749 0.9030853052 5.7448471196 -0.0897798712 4.9963546374 -0.0926524901 33.0032684273 -676.8109943593 26.3729282629 6.7463948474 -3.450436 -2.109403 -2.003932 -0.933986 -4.252342 -3.659545 0.171180 -1.977372 3.919484 -2.131890 3.497339 -3.596366 -2.394929 4.048854 -1.522399 -2.000573 -1.508330 0.901821 -0.446119 2.732251 1.439549 0.444875 -0.073370 -2.398039 3.337731 -3.161926 -2.185216 -0.020478 -0.257043 -0.157975 -3.075091 3.155216 1.483509 -2.581369 -1.584326 0.962998 3.928020 -0.677339 -0.307823 -3.352956
1005 412275.1005368437 3.0000000000 6.0000000000 0.8339587201 67.0000000000 5.6082873349 0.8832165189 7.4700020010 0.1064296995 6.9283287014 0.0661518945 55.8009298948 -643.4438468993 24.9013052491 6.3596557327 -2.886565 -3.890795 -1.170519 -1.465918 -3.263437 -3.941329 0.540460 -0.755630 3.732343 -3.491981 3.756242 -3.056420 -4.490486 5.000000 -2.875625 -2.574216 -2.030362 1.124211 -2.405071 4.748584 1.113595 1.127221 -0.217593 -4.338744 4.635128 -2.666704 -2.953318 1.068825 4.013407 0.087253 -1.058775 3.489791 0.014146 -2.984232 -0.613134 0.978030 3.218568 -1.146819 -0.024347 -2.948255
evaluations raw_y rep iid sigma t d_norm d_mean ps_norm ps_mean pc_norm pc_mean ps_squared loglikelihood mhl_norm mhl_mean x0 x1 x2 x3 x4 x5 x6 x7 x8 x9 x10 x11 x12 x13 x14 x15 x16 x17 x18 x19 x20 x21 x22 x23 x24 x25 x26 x27 x28 x29 x30 x31 x32 x33 x34 x35 x36 x37 x38 x39
1 501271.9494934026 4.0000000000 6.0000000000 0.8339587201 67.0000000000 5.6082873349 0.8832165189 7.4700020010 0.1064296995 6.9283287014 0.0661518945 55.8009298948 -643.4438468993 24.9013052491 6.3596557327 0.101123 0.999903 -1.991818 1.387197 -0.836603 -3.169154 -1.295414 1.197150 0.664500 -2.294953 1.237339 -0.175974 0.850145 0.664506 -2.313633 0.701994 -1.213775 3.093959 1.446683 0.092271 -1.965983 0.108865 0.319786 -2.417896 4.446720 0.788590 3.384715 -2.225624 3.271495 -2.721931 -1.302452 1.084903 0.096012 -4.716147 -2.211168 1.675673 4.175742 1.829682 -0.552407 1.593024
20 21520.2847253829 4.0000000000 6.0000000000 1.8882169341 1.0000000000 6.3117831048 0.9979598474 3.1858051299 0.0489340603 2.7016828638 0.0414979281 10.1493543254 -1267.6095244041 25.9356999097 6.6312302776 0.046493 2.266043 -0.170921 1.753536 -0.913502 0.461648 0.853058 0.176383 0.617606 -1.756656 1.871890 -1.269422 1.764691 1.945428 0.447804 -1.091594 0.441391 -0.700969 -3.084056 -1.949767 -0.383010 1.939708 1.098922 0.357813 2.052380 1.206603 -1.488374 -0.989226 -1.266697 0.252732 2.000031 1.483935 -1.311353 -0.412908 -1.479993 2.956430 3.400298 -1.219698 -1.112139 -1.054058
42 4414.5878806084 4.0000000000 6.0000000000 1.7944059479 2.0000000000 6.2983089534 0.9958087250 3.5390652950 -0.0386013918 3.0496403660 -0.0308384031 12.5249831624 -1225.4741953161 25.5769478190 6.5255705592 2.476717 0.102733 -1.113646 0.338979 0.055134 2.932194 1.117152 1.668345 0.465952 0.751642 0.787834 0.700018 -2.517129 -2.153212 -0.607557 -0.401362 -0.128839 -0.310716 -3.449466 -1.552847 1.705434 1.144987 1.247531 -0.421601 -0.522387 2.511309 2.139130 -2.866131 -0.079546 -1.568478 1.313362 0.677237 4.232856 -2.707165 -1.061349 2.928764 -1.284324 -0.889050 0.795475 0.459629
102 2800.0177480662 4.0000000000 6.0000000000 1.6390496413 6.0000000000 6.2520688104 0.9883863258 6.3028877502 -0.0340568795 5.6474177634 -0.0328144177 39.7263939917 -1159.4968200024 25.3724132826 6.4948008056 -0.207321 2.107228 -3.127091 4.156056 -1.107764 5.000000 1.526029 2.012571 -3.824863 -5.000000 2.323911 -2.133821 2.761248 -4.815016 1.259800 -0.607421 -1.005951 1.163556 -3.630127 0.550177 1.237448 0.334463 -3.928890 0.508656 0.977854 0.219212 -1.704730 -4.330386 0.375769 -4.697780 0.277009 3.455349 4.412797 -0.817912 -3.398776 1.133671 3.052100 0.268383 -1.896440 1.693394
160 2712.4111190637 4.0000000000 6.0000000000 1.6331883778 10.0000000000 6.2063466678 0.9809150027 5.9294759039 -0.1349447179 5.7149140709 -0.1296853528 35.1586844953 -1129.7680048925 24.5262148918 6.2374406497 3.178754 3.407940 -2.361751 3.837233 -2.027223 5.000000 -0.094254 2.794088 -4.451769 -0.922407 0.377429 -3.157175 0.163953 -4.849121 -5.000000 -2.616401 -1.391493 2.220163 -0.793498 -1.874643 2.206843 2.299947 -3.009630 -2.102970 1.083801 2.425205 -5.000000 -1.640674 2.051592 -4.108952 -1.283791 3.541405 1.375348 -3.493364 -5.000000 1.568139 2.250653 -1.564153 -1.600176 3.199460
163 2146.6593258138 4.0000000000 6.0000000000 1.6331883778 10.0000000000 6.2063466678 0.9809150027 5.9294759039 -0.1349447179 5.7149140709 -0.1296853528 35.1586844953 -1129.7680048925 24.5262148918 6.2374406497 3.113263 3.139617 -1.223834 5.000000 -1.149420 5.000000 1.260190 -0.801430 -3.409582 0.291274 0.094133 1.479268 3.422789 -2.665649 -3.380693 -3.407355 -1.264081 2.051107 -2.597141 -0.526556 1.441730 -0.048770 -2.852734 -0.808905 -0.785235 0.060660 -2.860073 -3.236758 2.390032 -4.612279 1.207809 3.526085 3.546544 -3.095708 -5.000000 1.804908 2.879204 -2.204103 -0.684729 1.763044
165 1546.8738455753 4.0000000000 6.0000000000 1.6331883778 10.0000000000 6.2063466678 0.9809150027 5.9294759039 -0.1349447179 5.7149140709 -0.1296853528 35.1586844953 -1129.7680048925 24.5262148918 6.2374406497 1.740484 3.207884 -3.516338 4.577831 1.584049 4.064209 -1.077502 0.615527 -5.000000 -0.492319 3.952758 -3.105968 1.134899 -5.000000 0.795285 -1.171504 1.436043 -0.456862 -3.494851 -2.133747 2.438736 1.817657 -5.000000 -3.012485 1.454984 -1.021396 -3.464541 -2.717011 2.515790 -2.627578 -2.341015 5.000000 3.632732 -3.022876 -5.000000 1.116609 1.626479 -3.095061 -2.103300 -2.439622
175 717.6519309123 4.0000000000 6.0000000000 1.6195461917 11.0000000000 6.1945919467 0.9790066830 5.8331804645 -0.0857852738 5.5511670365 -0.0915493444 34.0259943319 -1109.6736477943 23.9861558730 6.0937151741 1.683853 0.487495 -1.295466 5.000000 -3.404243 3.048009 -2.811198 3.815817 -3.871756 -1.186648 1.955995 -0.982386 2.200404 -3.411705 -3.349017 -3.066386 -3.863435 1.881409 -0.030342 0.403732 2.089889 0.285548 -4.455152 -0.736281 1.597365 2.051713 -1.289212 -0.821128 -0.979195 -4.112631 0.115203 1.343693 5.000000 -3.546299 -3.375079 2.205260 3.401292 -1.919554 -0.620972 -0.380586
317 614.3816124051 4.0000000000 6.0000000000 1.2444708284 21.0000000000 6.0833180954 0.9610230336 5.0833652393 -0.0529076286 4.6765203242 -0.0846865293 25.8406021558 -948.7319991682 24.5272680950 6.2654408090 -0.754138 2.690104 -0.429747 4.118715 1.221504 4.199396 1.287163 0.915691 -2.557263 2.309640 2.645002 -5.000000 1.197825 -4.675152 -5.000000 -0.669146 -3.742828 3.838597 -2.366093 -2.290929 -1.131404 -0.623534 -5.000000 0.724978 3.396580 -1.001271 -3.169941 0.001642 3.234581 -5.000000 0.362488 0.104833 -0.144791 -4.222745 -3.601629 2.286605 3.829414 -1.916902 -2.282665 -0.143770
713 456.5535917263 4.0000000000 6.0000000000 0.7666259457 47.0000000000 5.7982735846 0.9146188502 4.6218920969 -0.2784453438 4.2911974506 -0.2675749293 21.3618865556 -589.2102327002 23.4449609303 6.0057939945 0.091543 -3.457145 -3.945324 1.471088 1.260388 3.817482 0.570489 2.022149 -2.926485 -0.131504 3.575359 -4.364724 -1.936073 -4.115527 -3.356166 -2.201709 -3.014424 3.068665 0.453869 -1.276157 -2.417137 -1.647534 -4.100912 -1.713546 2.985958 -3.361218 -3.109328 1.095598 3.372090 -4.261872 0.623175 0.847383 3.830686 -1.966480 -3.388168 4.630591 -2.632550 -2.542483 -1.158605 0.505847
948 413.8362718063 4.0000000000 6.0000000000 0.6571504073 63.0000000000 5.6415304091 0.8887029305 6.2664539169 0.1369573879 5.6835916020 0.0958439704 39.2684446930 -511.5563951479 25.1932934534 6.3970737741 1.169545 -1.815415 -5.000000 0.875425 0.529561 4.330467 -0.045258 1.890675 -3.167500 -2.060850 0.824345 -4.689477 -2.433392 -1.922375 -3.191537 -2.809923 -1.453088 4.259655 0.675907 -2.440999 -3.267925 -2.400356 -2.067946 -2.833082 3.266405 -4.198996 -2.936016 1.072963 3.621378 -2.484857 1.271915 0.783809 4.038971 -2.283840 -5.000000 3.356585 -1.335243 -1.165841 -2.590560 2.105026
1005 340872.5871571663 4.0000000000 6.0000000000 0.6798959294 67.0000000000 5.6097811464 0.8833245861 7.2907362429 -0.0442967715 6.3470521745 -0.0394087004 53.1548349638 -518.7820098799 24.9908008046 6.3815816983 0.828465 -2.463655 -4.576083 0.798106 1.511473 3.849383 0.020893 1.340255 -4.156781 -2.286633 1.357840 -3.434534 -3.652369 -2.010668 -4.373507 -2.433578 -0.430399 4.344607 2.202074 -3.480902 -2.218222 -4.009401 -1.863252 -2.016462 3.647333 -3.682761 -4.739180 0.705138 3.534892 -2.921380 0.660588 1.378807 3.673415 -2.002036 -5.000000 3.702192 -0.997776 -1.577609 -2.318888 3.328018
evaluations raw_y rep iid sigma t d_norm d_mean ps_norm ps_mean pc_norm pc_mean ps_squared loglikelihood mhl_norm mhl_mean x0 x1 x2 x3 x4 x5 x6 x7 x8 x9 x10 x11 x12 x13 x14 x15 x16 x17 x18 x19 x20 x21 x22 x23 x24 x25 x26 x27 x28 x29 x30 x31 x32 x33 x34 x35 x36 x37 x38 x39
1 21516371.7227347717 5.0000000000 6.0000000000 0.6798959294 67.0000000000 5.6097811464 0.8833245861 7.2907362429 -0.0442967715 6.3470521745 -0.0394087004 53.1548349638 -518.7820098799 24.9908008046 6.3815816983 0.882455 -0.661740 4.861542 -0.504184 0.219220 3.164962 -1.818465 -1.183273 0.375206 -0.659740 -2.385529 -0.409753 -0.717658 1.206943 -3.329577 -1.400358 2.302782 3.714662 -3.022359 1.289695 -1.961216 -1.713706 -1.743758 -0.845016 1.992880 1.424843 0.118288 -0.726622 0.006578 -0.211861 1.586107 -1.263143 -0.012390 -0.202135 -0.104616 0.498435 0.395320 2.669697 -0.173751 3.123065
2 6899092.7500626612 5.0000000000 6.0000000000 0.6798959294 67.0000000000 5.6097811464 0.8833245861 7.2907362429 -0.0442967715 6.3470521745 -0.0394087004 53.1548349638 -518.7820098799 24.9908008046 6.3815816983 -0.611706 -0.955463 0.201476 0.710877 0.539225 2.583927 2.278686 0.988881 -0.672673 -0.201229 2.826796 0.442508 -2.621546 -1.379130 -1.155026 2.304410 -0.214328 4.520214 1.313239 0.249614 -0.871408 1.944359 -0.481422 -1.648247 1.136265 0.025517 2.378121 -0.147187 -5.000000 1.578733 -3.755482 3.077512 3.642729 -0.854063 -2.329404 -2.794148 1.745309 -0.404236 -1.196720 -0.486839
5 678.4257695912 5.0000000000 6.0000000000 0.6798959294 67.0000000000 5.6097811464 0.8833245861 7.2907362429 -0.0442967715 6.3470521745 -0.0394087004 53.1548349638 -518.7820098799 24.9908008046 6.3815816983 -1.292713 1.097136 0.421085 0.693004 -1.134102 0.827358 -1.020512 1.034519 -0.602010 -2.236813 0.997047 -1.412188 2.887762 0.885913 0.935410 0.202690 -0.118704 -4.773395 2.444341 -1.627824 1.912524 -1.277021 -0.286253 -0.448380 -2.076990 -0.343418 0.952692 -0.828357 -2.528167 -1.146431 0.499635 2.294404 1.671888 0.574807 -1.991193 1.813779 0.048421 -0.479963 1.820221 1.235690
141 526.5449478787 5.0000000000 6.0000000000 1.5816422433 9.0000000000 6.2170881608 0.9827137472 5.6262651049 0.1288560818 5.1696640433 0.1071211121 31.6548590307 -1123.5317753100 25.0300301017 6.4072007306 2.450136 -1.574968 -4.203601 -3.685508 -2.752954 5.000000 -0.779534 -0.333770 0.520178 -2.601124 0.261750 0.311052 2.173342 -2.952566 5.000000 0.483117 2.282618 -0.754091 -0.591720 0.201066 -1.720743 3.268979 2.245754 -2.654618 -1.625034 2.398549 4.041242 1.316592 1.179587 -0.898528 -2.843504 1.678994 2.761218 4.046340 -0.123519 3.280275 2.411509 -3.751191 0.076326 2.408951
197 498.3761291587 5.0000000000 6.0000000000 1.4916522233 13.0000000000 6.1697272151 0.9750785018 5.0779608672 0.1747476759 4.7456443272 0.1659946849 25.7856865689 -1048.2413569364 23.6877044649 6.0611975695 1.681628 2.957108 -2.171479 -2.438665 -4.792091 3.237719 2.310519 2.234280 1.354913 0.064423 1.177509 -0.220644 1.055623 -0.986342 3.279366 -1.177726 3.269496 -1.564949 -2.725181 0.276462 -0.153473 3.823596 0.849642 -2.597292 -1.658082 0.827348 4.485900 -1.688516 -0.117436 2.145997 1.910993 -1.020188 5.000000 1.364852 0.929132 0.482361 0.616814 -4.443145 1.869926 2.142657
534 448.9060396982 5.0000000000 6.0000000000 0.9988015484 35.0000000000 5.9185856147 0.9344263579 5.7773059969 -0.2743773088 5.1781167648 -0.2624411212 33.3772645822 -816.1321508518 25.6028686988 6.5527844083 -3.724124 -1.142869 -5.000000 -3.984622 -2.050264 0.719713 2.672942 -1.863935 0.043045 0.297638 0.063574 -0.089198 -1.030703 -1.242560 -1.132974 -2.043421 0.710065 -0.634274 2.386280 -1.960267 -4.445205 1.840649 -1.617735 5.000000 -3.198987 -2.180521 4.657760 -1.731778 -4.297430 -0.869050 2.850407 -0.164127 2.734428 3.317310 0.292685 0.384333 -2.410902 -1.798724 3.169323 2.303623
687 432.3540569004 5.0000000000 6.0000000000 0.8562580175 45.0000000000 5.8084786348 0.9165121360 5.8187806577 -0.0679617296 5.3415209493 -0.1110908989 33.8582083423 -674.9465778761 24.3374053778 6.2225555469 -1.135952 -1.520863 -5.000000 -5.000000 -2.570894 3.933180 1.787080 1.041430 2.852068 -0.355697 1.826483 2.946831 -3.354037 -2.640152 -0.295501 -3.585358 2.116351 -2.486183 0.902805 -1.687519 -3.450666 3.649875 -1.329731 4.264665 -0.795083 -1.447294 4.327942 -1.162090 -2.547419 -4.498208 3.082004 -1.220512 2.563137 3.098225 0.107422 2.886687 -2.390051 -1.303398 2.581951 2.235045
1005 402076.8953499000 5.0000000000 6.0000000000 0.7510908574 67.0000000000 5.5989215413 0.8820099469 6.4203694417 0.1025134159 5.5707620354 0.0576898511 41.2211437685 -583.9068462269 25.1909061460 6.4482945794 -2.725850 -1.647185 -2.795331 -2.808600 -3.170347 5.000000 -0.848979 -2.240393 1.766120 2.048064 5.000000 3.066949 -1.049449 -2.561384 -2.274325 -1.817094 2.421070 -4.506881 -1.029721 -5.000000 -3.459481 4.858599 -0.459191 2.865238 -1.282336 -2.310011 3.641139 -0.263617 -0.956487 -1.402110 4.906776 -1.439592 0.935886 1.964933 0.865435 1.204489 -2.458936 -4.990237 1.785685 1.620545
evaluations raw_y rep iid sigma t d_norm d_mean ps_norm ps_mean pc_norm pc_mean ps_squared loglikelihood mhl_norm mhl_mean x0 x1 x2 x3 x4 x5 x6 x7 x8 x9 x10 x11 x12 x13 x14 x15 x16 x17 x18 x19 x20 x21 x22 x23 x24 x25 x26 x27 x28 x29 x30 x31 x32 x33 x34 x35 x36 x37 x38 x39
1 15420724.2131712642 6.0000000000 6.0000000000 0.7510908574 67.0000000000 5.5989215413 0.8820099469 6.4203694417 0.1025134159 5.5707620354 0.0576898511 41.2211437685 -583.9068462269 25.1909061460 6.4482945794 -0.623567 1.458008 0.435642 -1.798184 -4.973561 1.826503 2.254127 -3.028186 3.278582 -0.859787 5.000000 1.203644 -0.671763 2.475476 0.222256 0.258302 0.152255 -0.310256 1.268451 1.621310 0.709617 3.625181 -2.712952 -0.927264 1.649308 -2.352863 3.128979 1.425410 -0.362013 1.068399 -1.173226 -2.963707 1.714495 1.886198 0.228883 -0.043913 -4.254289 -1.668815 -0.931017 0.467421
3 42130.5651382468 6.0000000000 6.0000000000 0.7510908574 67.0000000000 5.5989215413 0.8820099469 6.4203694417 0.1025134159 5.5707620354 0.0576898511 41.2211437685 -583.9068462269 25.1909061460 6.4482945794 0.352581 2.189241 -4.252949 1.502898 -1.081214 1.586445 0.347307 -2.070869 1.748537 -1.479144 1.045891 -1.183753 -0.954974 0.225059 3.809485 1.388306 -0.039163 3.325686 0.061217 -0.594998 -1.936275 0.334133 0.233204 -1.364515 -3.828042 -0.279805 0.229849 -0.790009 -1.906633 -2.145655 -0.968891 2.725876 0.305376 -3.265241 1.286603 -0.895790 4.678068 -0.626646 -0.119235 0.388337
20 5276.7329069179 6.0000000000 6.0000000000 1.8750734960 1.0000000000 6.3099591445 0.9976755769 2.8093815566 0.0446500020 2.3824614815 0.0378648851 7.8926247307 -1266.9295027149 26.1035908228 6.6529940476 0.008859 0.938605 -2.608737 3.142669 -0.991357 -0.267217 -1.332371 0.503781 -1.265915 -2.962605 2.306993 1.029833 0.931548 3.915250 -0.880509 0.705365 0.775961 0.870127 -0.682273 -0.110571 1.331286 -0.024594 1.643887 -2.368457 -1.856711 0.234126 1.789216 -2.403491 -2.567897 -1.814564 -0.683369 1.285228 1.335604 -1.601505 1.555817 -0.924653 1.596571 -0.438477 -0.170370 -0.745215
22 540.7939273799 6.0000000000 6.0000000000 1.8750734960 1.0000000000 6.3099591445 0.9976755769 2.8093815566 0.0446500020 2.3824614815 0.0378648851 7.8926247307 -1266.9295027149 26.1035908228 6.6529940476 -0.122554 -0.304163 -0.770663 0.052416 2.634000 0.634633 -2.091160 -5.000000 -0.911092 -1.633848 3.313088 1.407133 -0.192574 -1.352460 1.544448 2.412341 0.721909 1.297404 1.550892 -2.211848 1.752347 1.365902 1.367422 -3.231255 -2.224465 -1.105596 2.167719 0.965511 -3.407334 -1.135188 -1.325652 3.357663 -1.523511 -3.414005 -0.869177 0.772307 4.848506 4.312126 -1.372042 2.171178
309 518.7655303085 6.0000000000 6.0000000000 1.2578064840 20.0000000000 6.0831659038 0.9610900761 4.2678646935 -0.0039930511 3.9430601302 -0.0309682515 18.2146690419 -981.5714120567 25.6596507621 6.5497941382 3.128383 -1.593872 -2.677934 -1.158500 0.613572 -1.770524 -2.555181 -3.454530 3.934499 -0.546367 1.633776 1.230002 -0.164895 -0.534140 -0.975927 -4.937189 -1.455414 -0.097447 -4.075695 -0.332773 5.000000 -0.421220 -2.906294 -1.929018 -0.464351 -2.846532 5.000000 -1.598983 -3.751191 4.123934 -3.184982 0.123953 0.823978 -1.748871 1.937836 5.000000 1.948408 -4.006310 0.778387 -1.547967
328 486.7372076553 6.0000000000 6.0000000000 1.2254273080 21.0000000000 6.0722979248 0.9593219943 4.8797935636 0.1076657695 4.5549835913 0.0581353119 23.8123852236 -939.5526978031 24.6363714108 6.2829724665 3.878976 -1.873338 -3.355586 -0.175694 0.969059 -2.068755 -2.974978 -3.149519 3.789267 -1.943114 2.465573 -0.050761 2.105594 -1.075326 0.113280 -5.000000 1.459540 -0.829259 -5.000000 -1.907881 1.933162 0.924589 -3.201323 -2.601036 0.619581 -1.881832 4.045689 -3.595147 -3.412885 4.228451 -2.613247 -1.388924 0.833065 -2.880281 0.371408 5.000000 0.428174 -4.291599 -1.391918 -1.331245
639 442.7450648438 6.0000000000 6.0000000000 0.7803374717 42.0000000000 5.8531173713 0.9238160279 5.2711058942 -0.2071549356 4.5462257922 -0.1821106966 27.7845573475 -677.4801660590 26.4244701279 6.7235424457 2.471565 0.315970 -2.281443 -1.798833 4.099574 -1.248308 -1.481247 -2.874825 2.527461 0.857311 1.264482 2.269752 1.518786 -2.225656 -0.249892 -3.851611 -0.628700 0.315393 -3.511261 -2.559611 -0.224949 0.755863 -3.837301 -3.141682 -2.195274 -0.460363 1.620062 -3.458230 -4.888078 3.776859 -1.019109 -2.405134 0.336604 -0.034819 1.514335 4.423851 -0.075225 -2.896223 -0.017344 -3.256770
739 416.4235698276 6.0000000000 6.0000000000 0.6794243015 49.0000000000 5.7833339215 0.9123586850 5.3421129002 -0.0593008526 4.7401837968 -0.0734428996 28.5381702388 -592.1563262011 26.7781552574 6.8402710929 2.736295 -0.483333 -2.667639 0.756161 2.568537 -0.592698 -2.045513 -3.311199 1.212650 -2.360165 1.865519 2.214744 0.863021 -2.458981 -1.487469 -4.941517 -0.047709 0.899333 -3.896419 -2.422127 -0.391998 0.657734 -3.635921 -2.216355 -1.129170 -0.641027 -0.191146 -3.841114 -2.642386 3.510049 -3.270752 -2.952210 1.632372 1.310020 0.478347 2.299557 -0.538132 -2.748575 -1.447569 -0.617623
1005 161937.5652451295 6.0000000000 6.0000000000 0.5302284601 67.0000000000 5.5995339903 0.8825586900 6.6477652701 0.0453687595 5.5394848099 0.0390065542 44.1927830866 -394.6375746233 25.9948410537 6.6333200683 3.458435 1.001731 -5.000000 -0.659670 3.525462 -1.411115 -2.378245 -3.574948 1.431831 -2.243327 2.423841 3.269754 1.768309 -2.938895 -0.610950 -4.446780 0.478351 2.436594 -3.658268 -0.517743 -0.287616 0.081806 -3.745249 -3.184578 -0.553846 -0.636144 0.072183 -4.103554 -1.767470 4.960309 -2.949201 -3.772730 0.678112 1.142268 0.986487 2.001246 1.335652 -4.249929 -0.707275 0.136618
evaluations raw_y rep iid sigma t d_norm d_mean ps_norm ps_mean pc_norm pc_mean ps_squared loglikelihood mhl_norm mhl_mean x0 x1 x2 x3 x4 x5 x6 x7 x8 x9 x10 x11 x12 x13 x14 x15 x16 x17 x18 x19 x20 x21 x22 x23 x24 x25 x26 x27 x28 x29 x30 x31 x32 x33 x34 x35 x36 x37 x38 x39
1 11497162.7387214005 7.0000000000 6.0000000000 0.5302284601 67.0000000000 5.5995339903 0.8825586900 6.6477652701 0.0453687595 5.5394848099 0.0390065542 44.1927830866 -394.6375746233 25.9948410537 6.6333200683 3.381051 -0.931875 0.065640 0.815033 -1.577846 0.004131 -0.001781 -3.509449 2.035316 1.200997 -1.250858 -0.343097 1.010599 -0.522713 -0.485498 -2.906483 1.109161 0.247762 0.548920 -3.053049 3.301399 0.308671 -0.774280 4.058144 -0.090772 -2.901357 -0.810456 -4.576630 2.098793 -0.832949 -1.485107 2.144940 -3.302151 1.070859 -4.128830 -1.324319 -2.408440 2.923951 3.532322 -0.658828
2 6268591.1699364018 7.0000000000 6.0000000000 0.5302284601 67.0000000000 5.5995339903 0.8825586900 6.6477652701 0.0453687595 5.5394848099 0.0390065542 44.1927830866 -394.6375746233 25.9948410537 6.6333200683 1.681466 -0.359973 1.136124 -1.505674 -3.416678 -3.606197 0.766244 4.495190 0.538823 -1.049209 3.824038 0.474604 0.202868 0.505155 -0.264754 -0.618953 -2.869927 1.003248 -0.189551 2.386172 -0.737637 -3.812740 -0.199221 3.399075 -0.766846 -1.779714 -2.387184 -2.100034 -0.600387 -2.359964 2.995278 -0.565270 0.217297 2.876479 3.006637 -0.425466 0.663948 1.470053 -0.385711 -3.556026
3 378869.1181599783 7.0000000000 6.0000000000 0.5302284601 67.0000000000 5.5995339903 0.8825586900 6.6477652701 0.0453687595 5.5394848099 0.0390065542 44.1927830866 -394.6375746233 25.9948410537 6.6333200683 1.309411 1.788705 0.831005 -1.847089 -0.392055 -1.181540 -0.599422 2.593770 3.059159 1.338836 1.097490 1.353258 -0.024484 -0.151327 -1.347290 -0.111735 4.519894 1.738079 -0.684234 -0.943853 -1.728980 0.748741 0.783091 -2.886243 0.972670 -1.138945 2.853442 0.313688 3.435460 -0.916254 -0.575968 0.599617 2.111897 1.131765 -2.467048 0.365801 0.044489 -0.858137 -1.296211 3.495154
11 109021.4203788835 7.0000000000 6.0000000000 0.5302284601 67.0000000000 5.5995339903 0.8825586900 6.6477652701 0.0453687595 5.5394848099 0.0390065542 44.1927830866 -394.6375746233 25.9948410537 6.6333200683 -0.120003 1.575371 -2.863408 0.867819 0.277820 -3.236538 2.674640 -1.408154 1.366457 -0.839870 1.987086 2.624524 -1.660099 -3.060797 -0.262820 1.697833 -0.742624 -1.227047 0.976565 -5.000000 -1.329431 -2.767593 0.589627 -1.472499 -2.230335 -0.707662 -2.936817 -0.026247 -1.364745 -0.754838 -1.434276 1.824526 -0.217707 1.049024 0.959571 -1.612302 1.139947 0.698217 0.627297 -0.797387
21 73733.6194485076 7.0000000000 6.0000000000 1.8721408175 1.0000000000 6.3103427360 0.9977377444 2.7250306397 0.0364066924 2.3109287237 0.0308742478 7.4257919875 -1281.2045587903 26.6674103772 6.8092513757 1.752022 1.510432 -1.647552 -0.716709 1.156803 -2.559191 0.442761 1.673393 -2.209406 0.852293 1.093107 -0.261568 -1.615803 1.332561 -0.860315 0.415971 0.789638 -0.401045 -1.036555 -0.018915 2.453893 -1.204278 1.314838 -1.467138 -1.766667 0.714655 -0.301821 0.063278 3.196467 0.147259 -0.413342 -0.975879 2.722405 -0.587336 -1.705928 1.505463 0.505876 2.119647 -0.203232 2.669958
29 1192.3104725288 7.0000000000 6.0000000000 1.8721408175 1.0000000000 6.3103427360 0.9977377444 2.7250306397 0.0364066924 2.3109287237 0.0308742478 7.4257919875 -1281.2045587903 26.6674103772 6.8092513757 1.112439 1.474377 -3.073158 -1.633869 0.024308 -0.793433 2.327418 0.828072 -0.057521 -2.732198 -1.630028 5.000000 -0.317204 -4.233331 -0.091494 0.649621 -0.065076 0.649692 0.395478 -4.421835 -1.099295 0.635338 1.607771 -0.716629 0.312702 -0.472996 -1.011708 1.528382 0.815329 -0.356933 -3.111726 1.253018 5.000000 1.803361 -1.550703 1.284239 2.046821 0.221587 0.144045 2.092467
86 424.7400365263 7.0000000000 6.0000000000 1.6305301752 5.0000000000 6.2601938823 0.9896985511 4.3497864558 -0.0754845211 3.9221337881 -0.0654906731 18.9206422114 -1148.5359556099 25.0590704472 6.4330160284 -0.951788 -0.688992 0.404218 -1.353104 -0.814079 -4.215481 0.821615 1.061803 -2.174366 0.270523 -0.367193 0.081230 -4.103181 2.114713 -0.132186 -0.478146 -0.315869 -0.412885 4.185642 0.810454 3.822660 0.426737 0.557398 -3.498579 1.798456 1.590855 0.491335 1.180258 1.473793 -3.624893 0.076507 -1.651142 -0.147693 0.416923 -4.762782 -3.318904 -2.125319 -3.149216 1.881561 1.964515
169 295.7181557845 7.0000000000 6.0000000000 1.3788630048 11.0000000000 6.1789999475 0.9767115653 4.3607298316 0.0165603365 4.0057697277 0.0089245677 19.0159646641 -1040.1960814329 25.2154125692 6.4169556725 -1.149383 2.071858 -1.223043 -3.676044 0.694345 -1.902803 1.974917 3.144103 -1.072909 2.323558 -0.862061 1.012729 -3.898836 3.587991 -1.024467 -0.581421 1.066747 -1.190263 2.184237 -1.431842 0.893559 -0.002919 1.448085 -1.275044 0.977095 1.509828 -0.383448 -1.372558 0.271392 -1.427685 2.269161 0.946170 1.295931 1.313854 -3.609615 -0.445961 -2.491294 -1.271059 1.849301 -0.067041
1005 4512449.6911462992 7.0000000000 6.0000000000 0.7959667808 67.0000000000 5.6072349151 0.8831796335 5.9514791816 -0.1976533480 4.9534795519 -0.1545051494 35.4201044488 -587.5359290793 23.7595396551 6.0769528509 -0.605764 -4.430152 -0.355755 -3.550915 -0.561293 -0.833145 0.659986 -1.648788 -2.891979 -3.018497 -2.328356 4.099193 -5.000000 3.419640 -1.853270 -4.074604 0.744530 1.401644 1.955897 0.150713 2.123798 0.747637 -2.756466 -1.263437 0.070011 5.000000 2.486517 -3.238218 0.436372 4.525168 -2.700984 -3.385975 3.980919 1.075281 -0.677655 0.561974 -0.089198 0.666773 -2.433719 0.780031
evaluations raw_y rep iid sigma t d_norm d_mean ps_norm ps_mean pc_norm pc_mean ps_squared loglikelihood mhl_norm mhl_mean x0 x1 x2 x3 x4 x5 x6 x7 x8 x9 x10 x11 x12 x13 x14 x15 x16 x17 x18 x19 x20 x21 x22 x23 x24 x25 x26 x27 x28 x29 x30 x31 x32 x33 x34 x35 x36 x37 x38 x39
1 4111568.1898247190 8.0000000000 6.0000000000 0.7959667808 67.0000000000 5.6072349151 0.8831796335 5.9514791816 -0.1976533480 4.9534795519 -0.1545051494 35.4201044488 -587.5359290793 23.7595396551 6.0769528509 0.182409 2.182565 -3.893941 -2.772699 -4.592983 4.819669 3.455672 4.409113 1.589655 1.952842 -2.366854 3.832727 -2.246654 -1.328071 -0.756717 -1.583231 1.719096 -0.461578 -0.131322 -0.417272 2.693737 -1.213906 -0.348496 0.848103 -3.291980 -0.967082 1.070937 2.332281 0.323366 -1.345668 2.885048 -0.442961 0.062529 0.363859 -0.125857 -1.083137 0.949037 -2.329182 -1.001819 -0.817122
3 3461595.7629159964 8.0000000000 6.0000000000 0.7959667808 67.0000000000 5.6072349151 0.8831796335 5.9514791816 -0.1976533480 4.9534795519 -0.1545051494 35.4201044488 -587.5359290793 23.7595396551 6.0769528509 0.713026 -1.904321 0.303856 0.001270 0.670046 0.749599 1.427632 -2.401627 0.002762 -1.842920 0.992456 -2.663333 -4.381141 -0.872144 5.000000 2.300163 0.168891 4.972496 -0.388711 -0.372427 1.707726 0.614757 -0.144484 -0.937695 -0.130878 2.105222 -2.619266 -1.337453 2.682748 5.000000 -3.681097 0.810082 3.264601 -0.445478 -1.155598 2.484352 -1.106942 -1.445379 -1.143099 -2.780006
4 1755102.8417872929 8.0000000000 6.0000000000 0.7959667808 67.0000000000 5.6072349151 0.8831796335 5.9514791816 -0.1976533480 4.9534795519 -0.1545051494 35.4201044488 -587.5359290793 23.7595396551 6.0769528509 -4.790426 2.308033 3.376190 0.447571 -0.403231 0.999290 -0.362676 -3.499631 -2.420834 0.848483 -0.777603 -3.113072 -2.878418 1.897855 -3.053064 2.273740 0.969051 -2.003673 -0.636910 0.316252 0.721720 0.510917 2.852116 1.854501 -1.021127 -0.343134 -1.820792 -1.045762 0.147980 -4.693566 0.199492 -0.092760 -0.495272 -2.610738 -1.152598 -1.528941 -0.121499 -4.868965 -0.661973 0.945283
7 948047.0178736846 8.0000000000 6.0000000000 0.7959667808 67.0000000000 5.6072349151 0.8831796335 5.9514791816 -0.1976533480 4.9534795519 -0.1545051494 35.4201044488 -587.5359290793 23.7595396551 6.0769528509 -2.243547 1.919886 2.582266 -0.483004 0.256999 2.897713 -2.720255 -2.274747 -0.896418 -0.228745 1.074814 0.326141 -3.885801 1.957484 2.266818 -2.088449 0.911016 -1.452350 -1.018342 -1.555627 2.948872 -1.927193 -0.286890 0.909205 -1.926798 -0.700553 -0.398237 3.224781 -2.735749 -0.161472 0.286882 -0.685288 2.595686 -0.134620 -1.001640 1.526683 2.417382 -1.814680 1.638825 1.324355
17 864589.8870027361 8.0000000000 6.0000000000 1.9049198314 1.0000000000 6.3099089199 0.9976610970 3.6604075158 -0.0823127657 3.1041635809 -0.0698043287 13.3985831820 -1330.0416051101 28.0617540179 7.1132222582 -1.941776 3.157181 0.877653 -0.355261 -0.480936 2.344965 -2.136368 -3.545485 -4.035885 -0.336851 2.356642 -0.493922 -2.833491 -0.981266 -0.434889 0.366280 1.939767 -2.747785 2.176520 -1.229262 -1.855679 -0.511249 -0.695986 -1.787065 -0.816112 2.987293 -0.287046 -2.393722 2.089889 0.785601 5.000000 -0.909405 1.027631 2.014261 1.388571 -0.291407 -1.984560 -2.865994 1.866501 -1.096551
19 15822.0548161911 8.0000000000 6.0000000000 1.9049198314 1.0000000000 6.3099089199 0.9976610970 3.6604075158 -0.0823127657 3.1041635809 -0.0698043287 13.3985831820 -1330.0416051101 28.0617540179 7.1132222582 0.556408 -0.126562 -0.228110 -0.785946 -0.047702 -1.182325 -2.571192 -4.021023 -4.120927 -2.544663 2.216521 0.024516 -1.102473 2.637723 2.440580 -2.349939 1.083223 -2.738748 2.523208 -1.232818 3.901144 -2.573641 1.869647 -1.562294 1.550358 0.135510 0.374402 0.417352 -1.635866 0.356572 -0.033864 -2.686635 0.191928 -0.897531 -1.118899 1.073584 1.327459 -0.882959 -4.056855 1.179056
37 4128.5655765548 8.0000000000 6.0000000000 1.8298990815 2.0000000000 6.2956142742 0.9953800692 4.1199849010 -0.0462476254 3.5703542915 -0.0418688515 16.9742755846 -1228.5765486998 25.2528171512 6.4633624688 -0.451520 -0.407120 3.696555 1.515233 4.255809 -1.780873 2.189210 -4.196023 -1.203122 -2.722639 3.302424 1.328873 -2.734607 2.280039 3.368061 1.287751 1.116388 -2.851523 2.393435 -2.651979 0.833284 -2.898618 0.250599 3.093344 1.185669 -1.462429 -0.298034 3.304850 0.528104 -1.056150 0.878480 0.623545 1.415579 0.417430 -4.163167 2.687959 0.485316 -1.602601 -2.141941 -1.102451
73 1218.1764334529 8.0000000000 6.0000000000 1.7830613131 4.0000000000 6.2734260509 0.9918021791 5.8601130381 0.1092524412 5.2241798466 0.0914977232 34.3409248197 -1192.4079932897 24.5089330119 6.2801754567 -2.863741 5.000000 1.933074 0.306965 0.784185 1.301199 2.541802 -4.958643 -5.000000 -2.973802 0.368280 0.924630 0.176625 0.236271 1.076877 3.702470 -2.005724 -2.027890 4.687782 -0.834615 1.777333 -1.894426 2.553729 2.358180 -1.484802 2.490033 -0.679500 -1.320816 1.957697 -0.353633 2.870776 -2.029049 -0.041209 0.468309 -0.312884 3.188979 0.792103 -5.000000 -2.009695 1.024583
134 765.7706219956 8.0000000000 6.0000000000 1.7129550347 8.0000000000 6.2290097972 0.9846084488 5.8382602884 0.0306794845 5.4232934445 0.0330006101 34.0852831949 -1153.7115276326 24.2292401125 6.1825750935 -3.257985 0.212067 4.748083 -2.518893 2.691768 0.582477 1.418673 -1.593442 -5.000000 -2.694645 1.348989 -0.615652 0.364221 -3.442522 0.431459 2.822632 5.000000 1.458720 2.122475 0.430852 -0.905262 2.968699 3.049963 0.802643 -2.884800 3.211430 -2.098064 0.214723 5.000000 1.443888 0.257893 -1.478674 2.243402 2.333796 5.000000 -0.778485 3.125255 -5.000000 -3.970177 -0.471318
382 643.1911192285 8.0000000000 6.0000000000 1.1410873375 25.0000000000 6.0320948141 0.9528267669 4.7772788287 0.0472222402 4.4118934887 0.0593984835 22.8223930068 -889.2994542613 24.5717047891 6.2917051749 -3.981144 1.290522 2.052372 2.688218 0.205093 1.853415 4.142014 -1.167402 -3.236164 1.612414 5.000000 0.790048 -3.720607 -1.535489 -0.620485 3.178744 5.000000 -0.343950 3.382939 -2.003571 0.726079 1.480228 2.365129 -1.173253 -2.133995 2.586544 -2.570664 -0.511091 2.292713 -1.329500 0.858331 -1.129390 2.512048 0.619502 5.000000 4.263881 0.777749 -1.656484 -4.551638 -2.671077
403 558.5282977756 8.0000000000 6.0000000000 1.0977427056 26.0000000000 6.0211809500 0.9510695798 4.1983120785 0.0502329772 3.9718837148 0.0602479204 17.6258243081 -849.7397889297 23.9531523136 6.1271449147 -2.832656 1.212536 0.244376 4.360861 0.002145 1.684398 3.600363 -1.799087 -2.237241 1.755274 3.935228 1.734914 -1.083125 -2.598996 0.210954 2.103305 3.375801 -0.657306 3.019639 -2.204930 1.969708 1.707687 2.684208 0.220527 -1.833457 2.917366 -2.668261 -1.122768 2.543988 -1.878260 0.996442 -2.656287 2.158181 -0.049690 4.216688 3.828742 -0.677766 -0.660079 -3.932539 -0.617405
606 545.6350360924 8.0000000000 6.0000000000 0.8164492751 40.0000000000 5.8704871278 0.9265630331 5.0284081669 -0.1333120956 4.5613400445 -0.1392594452 25.2848886928 -658.2608351674 24.2646192499 6.1806825312 -5.000000 0.200744 0.845862 2.135657 1.780610 2.054912 3.747091 -2.973991 -1.372507 -1.456548 4.426945 1.668101 -3.809019 -1.921112 1.001489 1.156108 3.134695 0.564727 3.173403 -2.404175 -1.389717 0.021621 3.642499 0.560160 0.069116 1.335764 -3.100828 1.344761 4.253880 -2.006418 -2.529851 -2.837657 -1.810454 -0.701616 2.595003 2.469175 2.087996 0.675673 -4.909443 -1.550444
1005 13230.2108293671 8.0000000000 6.0000000000 0.6779599707 67.0000000000 5.6028485457 0.8825270913 6.2622822517 0.1661850254 5.4767070433 0.1200264227 39.2161789999 -550.2027840412 26.4373442474 6.7322753596 -2.301806 1.947667 2.158996 3.603952 2.014332 3.053690 2.329389 -4.641481 -4.358244 -2.626632 4.150997 0.332368 -3.906235 -2.552007 2.848708 4.260654 -1.076281 -0.001194 3.696682 -4.204435 -1.698537 3.102502 3.788614 0.379124 1.485043 2.099435 -0.661306 -1.706562 3.646944 -3.259341 -1.674957 -2.865921 -0.382436 -0.614800 1.659327 2.573218 2.608951 -1.485700 -2.678518 -0.693286
evaluations raw_y rep iid sigma t d_norm d_mean ps_norm ps_mean pc_norm pc_mean ps_squared loglikelihood mhl_norm mhl_mean x0 x1 x2 x3 x4 x5 x6 x7 x8 x9 x10 x11 x12 x13 x14 x15 x16 x17 x18 x19 x20 x21 x22 x23 x24 x25 x26 x27 x28 x29 x30 x31 x32 x33 x34 x35 x36 x37 x38 x39
1 14398414.9399165250 9.0000000000 6.0000000000 0.6779599707 67.0000000000 5.6028485457 0.8825270913 6.2622822517 0.1661850254 5.4767070433 0.1200264227 39.2161789999 -550.2027840412 26.4373442474 6.7322753596 0.002217 -0.579088 -2.232133 -0.025766 -0.756723 -0.962271 -3.034662 -0.981744 -0.481361 -1.295895 1.271782 3.480235 0.593364 1.415007 3.645632 0.861538 3.085459 -1.801442 -0.274250 2.595158 1.350542 0.063916 1.836292 0.761019 1.032735 -0.710479 0.417554 0.656822 -0.996450 -4.183554 -0.165175 4.910365 -5.000000 -1.826559 -0.454629 0.538631 2.260923 2.084795 2.607621 2.778801
3 503829.5152559091 9.0000000000 6.0000000000 0.6779599707 67.0000000000 5.6028485457 0.8825270913 6.2622822517 0.1661850254 5.4767070433 0.1200264227 39.2161789999 -550.2027840412 26.4373442474 6.7322753596 -0.931637 -0.554879 0.070999 1.696442 0.325997 2.417247 1.005042 -3.167644 2.046067 -1.306035 1.074090 -0.015954 1.849568 0.093217 0.284040 -3.307323 2.735984 0.050212 -0.790965 2.568775 1.122554 0.479451 0.959798 0.123506 -2.141025 -2.546420 1.840152 2.109837 1.080576 0.618127 1.941722 2.309448 0.845218 1.998418 1.767040 -1.060398 1.628270 -2.039768 -4.516474 1.359910
7 184881.0607577826 9.0000000000 6.0000000000 0.6779599707 67.0000000000 5.6028485457 0.8825270913 6.2622822517 0.1661850254 5.4767070433 0.1200264227 39.2161789999 -550.2027840412 26.4373442474 6.7322753596 0.358509 -0.074016 1.685320 -1.626551 -3.345876 -1.701104 -0.563431 3.039863 -1.918388 1.450781 1.110857 1.659500 2.937716 -0.007645 2.114974 -1.967330 2.170721 0.731730 -2.185975 -4.472943 -0.246978 -0.356598 4.432841 4.505963 -2.012749 2.007745 -0.248402 -0.304936 -2.602219 -0.548492 0.742421 -1.242290 1.337779 0.243109 3.509028 1.592565 0.941816 0.317062 -0.750428 1.925895
30 126268.0535990152 9.0000000000 6.0000000000 1.8907080895 1.0000000000 6.3086851193 0.9974649675 3.2568555111 0.1377597332 2.7619362659 0.1168254476 10.6071078200 -1309.5496745618 27.5413799511 6.9786611842 -0.518684 -0.786428 -1.037601 2.403097 0.891407 5.000000 -1.219784 2.464172 3.859487 2.267973 2.069054 0.106484 -0.225210 0.826037 -0.171523 0.334145 2.797175 -2.160603 -0.301172 -2.606349 0.530425 0.004141 1.675890 2.141349 -3.247525 -2.338571 0.909568 -1.381766 -0.526703 0.962654 -0.403456 -1.283350 -1.652730 -0.500069 2.525932 1.923815 3.695505 -5.000000 -4.913852 1.417394
33 4072.7698697407 9.0000000000 6.0000000000 1.8098244029 2.0000000000 6.2968444227 0.9955679954 3.9290826851 0.1865188141 3.4030087399 0.1626761636 15.4376907466 -1241.6667246615 26.0071244995 6.6084260511 -0.191185 -3.199835 0.233412 -0.276804 -0.341528 2.703504 -0.434935 2.241219 0.359581 1.227770 -1.549970 -3.521254 2.179185 4.013124 -0.106957 -0.434565 3.475361 0.035307 -2.263835 -5.000000 0.855539 3.455928 0.901719 5.000000 -0.997721 2.926856 1.703152 -1.247969 -0.270169 -0.084048 -2.847691 1.364148 2.027649 -3.881946 2.078962 -0.182687 4.751362 0.210221 -1.482904 5.000000
56 1825.2470989877 9.0000000000 6.0000000000 1.7504102463 3.0000000000 6.2844310290 0.9935764566 4.4864044923 0.1429229780 3.9653557521 0.1324268995 20.1278252685 -1250.8404421605 27.1587851931 6.9474950442 -4.023053 1.280696 0.617086 0.278404 -1.757493 0.824249 -2.424746 1.534293 -1.213368 -0.624841 1.156037 2.186136 -0.287469 2.528018 -2.713763 -1.487312 -0.620583 1.897859 -1.752925 -1.743668 3.394821 1.093673 0.471024 2.190053 -1.077042 0.937588 1.219948 0.141198 -0.395403 -1.322921 -3.498007 1.871303 -2.040418 -0.583713 2.147050 1.643066 1.675961 -2.160108 -1.238822 2.009623
146 1700.8590985506 9.0000000000 6.0000000000 1.4870097655 9.0000000000 6.2070286964 0.9811719807 5.2196788148 0.1440016081 4.7775763502 0.1462434657 27.2450469297 -1069.8892972966 24.3866655071 6.2564145071 -1.294701 -1.360903 -1.326008 0.788720 0.479446 5.000000 0.801009 -0.294964 -3.250566 3.412637 0.708204 -0.221783 -0.381929 4.416790 -4.238750 -2.205245 0.576284 -0.290285 -4.620440 -1.578296 0.022290 1.703816 0.528890 4.355006 -0.659882 -0.112823 2.065929 1.532909 1.777515 -1.080610 1.132774 -1.283902 3.593724 -0.109651 1.268119 4.384257 0.952530 -0.622340 4.525527 1.938903
169 593.1064676554 9.0000000000 6.0000000000 1.4118014822 11.0000000000 6.1825711397 0.9772478685 4.5948270194 0.1865805624 4.1895430076 0.1824604612 21.1124353385 -1056.6539827388 25.2818409982 6.4009283119 -0.635216 2.717036 5.000000 1.019234 1.110671 2.781089 1.538018 0.842468 -2.334819 1.373674 0.877542 2.323299 -2.825448 0.177396 -1.108785 -1.963347 1.372236 1.999257 -5.000000 -2.410099 0.185116 2.110495 0.473377 4.328226 -2.728127 -4.866499 1.205738 3.044539 4.661601 -2.751570 0.652584 0.914556 2.134580 -0.809289 -0.509981 2.201272 2.584677 -2.292341 2.223409 1.669272
269 499.2620790064 9.0000000000 6.0000000000 1.2766299978 17.0000000000 6.1126847004 0.9659419141 5.3276298678 0.1044393963 5.0198758213 0.1317394127 28.3836400078 -980.2494802018 25.0485030895 6.3729875043 -1.041386 4.426575 3.495934 2.531671 1.464508 3.326438 0.952859 5.000000 -2.315634 3.119892 4.106690 3.551575 1.092275 -0.532664 0.624745 1.894407 -0.871597 -1.348101 -3.969093 -1.591272 0.710489 1.129694 1.346182 1.337501 -2.313558 -1.351812 -0.542202 -0.195408 2.784787 -1.476068 -0.087607 0.646719 3.651154 0.234973 -1.249414 2.264461 0.911867 -1.566542 2.649601 0.183054
312 406.8749025760 9.0000000000 6.0000000000 1.1779898397 20.0000000000 6.0760702139 0.9600250113 4.5688271176 0.2013466115 4.2748208466 0.2089019165 20.8741812307 -920.6625795000 24.8313279786 6.3531718211 -0.594004 1.953061 2.240094 2.151417 -0.760669 1.506376 0.479632 2.278384 -2.269484 4.488169 2.424848 3.910081 1.064675 -1.860810 -0.060219 -0.875370 0.771022 -1.578408 -5.000000 -3.600962 2.234264 0.224921 1.170060 3.519733 -0.289617 0.442103 0.916068 -0.594867 3.903829 -2.953072 -1.018973 1.809109 3.261716 0.509277 1.170719 2.769823 1.891085 -0.832151 1.853110 -1.241963
1005 82738.6514941926 9.0000000000 6.0000000000 0.7330240216 67.0000000000 5.5962652401 0.8816996100 5.7737125845 -0.1380197858 5.1960699918 -0.1459614345 33.3357570084 -575.8810587136 25.6396450454 6.5088290191 -4.528863 4.253671 0.936305 -0.449777 -2.619515 1.318538 1.069300 -0.130859 -3.373663 4.356892 -0.251795 -1.351735 2.756573 -1.291678 0.182608 -1.860137 -2.979308 -2.716467 -1.051413 1.698815 2.473999 -1.431792 2.197608 0.179850 -0.405117 -0.691602 -4.155271 2.466406 -1.223172 -5.000000 2.221845 0.910430 1.267258 -2.101200 -1.091051 2.316897 1.029679 -3.738007 4.023198 -1.041730
evaluations raw_y rep iid sigma t d_norm d_mean ps_norm ps_mean pc_norm pc_mean ps_squared loglikelihood mhl_norm mhl_mean x0 x1 x2 x3 x4 x5 x6 x7 x8 x9 x10 x11 x12 x13 x14 x15 x16 x17 x18 x19 x20 x21 x22 x23 x24 x25 x26 x27 x28 x29 x30 x31 x32 x33 x34 x35 x36 x37 x38 x39
1 7328898.1396737872 10.0000000000 6.0000000000 0.7330240216 67.0000000000 5.5962652401 0.8816996100 5.7737125845 -0.1380197858 5.1960699918 -0.1459614345 33.3357570084 -575.8810587136 25.6396450454 6.5088290191 2.663173 1.430558 -3.090801 -0.016768 1.242672 -1.440171 0.531023 0.217097 0.008583 -0.349200 0.866052 2.406075 -1.930131 2.056548 0.457260 0.890275 -2.273204 0.270274 2.969074 -2.159610 -3.955457 -3.486745 0.532140 4.769935 2.247383 3.345244 0.198298 2.795993 -0.542496 1.226408 -0.534634 -1.098618 0.265417 -0.952284 2.616946 0.390027 0.800420 -0.675265 2.512945 -1.463939
3 179654.1044840754 10.0000000000 6.0000000000 0.7330240216 67.0000000000 5.5962652401 0.8816996100 5.7737125845 -0.1380197858 5.1960699918 -0.1459614345 33.3357570084 -575.8810587136 25.6396450454 6.5088290191 3.970169 3.489628 -3.712371 -0.445547 -0.131696 -4.263424 -0.097661 0.786682 0.434530 -3.988788 2.215416 0.489088 -0.123824 -1.507786 1.423918 1.836538 -0.964186 0.179175 1.653997 -3.909024 0.234951 -3.814914 -1.845819 0.939503 -0.288734 -0.800277 -0.591968 1.696417 1.413661 -1.574538 0.585881 -0.941615 4.808651 -1.478713 -0.625658 -0.697764 -0.878052 0.282208 0.546099 -3.237141
26 6997.6819429444 10.0000000000 6.0000000000 1.9025821213 1.0000000000 6.3138401739 0.9982859172 3.5942339736 -0.0228351997 3.0480459222 -0.0193651103 12.9185178573 -1253.6256809223 25.1665836443 6.4328352452 -3.488444 1.659565 -1.159302 -0.597077 -1.494494 -1.746892 5.000000 -2.488754 3.453856 -1.247559 1.791332 0.616817 -0.609796 -0.728380 0.704917 1.783827 -3.529622 4.340996 3.016605 -3.441804 1.160192 -3.612172 -0.870709 3.621372 2.526257 -0.868989 -1.213576 0.954442 0.351653 -0.739336 -0.499485 2.104760 1.865105 -5.000000 1.125052 2.723193 -0.191648 -0.480983 0.675918 -0.696087
100 3798.6219452152 10.0000000000 6.0000000000 1.6421481978 6.0000000000 6.2517197629 0.9883088860 4.5036512156 -0.2090682436 4.1744826929 -0.1807042415 20.2828742719 -1198.0773346704 26.8232269713 6.8428659462 -0.780609 2.180214 -2.570253 0.032359 -0.715011 -1.046286 -1.374087 -1.366192 1.058496 -4.497661 -2.441361 0.222333 -2.633147 -3.517420 3.925486 -0.368615 2.427233 1.340089 1.504765 -3.095086 -0.809950 -4.085697 -0.504833 -2.877947 -0.622530 -1.544270 -0.605472 -1.290985 1.387610 -2.861118 0.726764 1.765853 5.000000 -3.068071 0.638972 5.000000 -1.687007 -1.098326 1.586989 -0.906873
114 681.8853379385 10.0000000000 6.0000000000 1.5946013016 7.0000000000 6.2396398460 0.9863696376 4.7018607145 -0.1870720545 4.3725539270 -0.1680598283 22.1074941781 -1155.6425781590 25.9724299777 6.6092120424 1.336084 5.000000 -2.327785 -0.342173 1.091623 -2.494110 0.246332 -2.138961 3.418787 -5.000000 1.280381 0.010115 0.784589 -0.740654 4.013075 0.518277 1.965868 2.331004 0.865060 -2.402185 -3.227859 -2.665697 -1.808068 1.009114 -3.475228 -2.879942 0.532043 -1.373311 -1.210440 -3.759296 -0.024765 0.949091 2.549623 -1.475482 1.504408 1.616802 -4.069150 -1.385715 0.272303 -0.548077
240 557.3680851202 10.0000000000 6.0000000000 1.3140323665 15.0000000000 6.1395672430 0.9702872294 5.4808434134 0.1434962497 5.0730496647 0.1222496163 30.0396445226 -1000.6523497854 25.0270528826 6.3781020446 -0.958707 0.916398 -1.145267 -3.283328 -0.913588 1.879807 0.018932 -3.745662 3.665755 -2.897232 -0.096073 5.000000 -2.704309 -2.335920 2.051880 2.783964 1.357154 0.632774 5.000000 -0.660079 1.084656 -1.396850 -0.358678 -1.924879 -2.791824 -0.212342 0.410142 -0.492825 4.636361 -1.346495 1.584147 1.686925 3.794224 -2.211504 -2.005791 1.752675 2.830272 -0.286365 0.792993 -2.394063
259 467.7348414740 10.0000000000 6.0000000000 1.2923392253 17.0000000000 6.1167074362 0.9665875693 5.9933350701 0.1668999312 5.3945311346 0.1519036949 35.9200652620 -969.7972524482 24.3447575630 6.1835565457 -1.000465 1.705543 1.623343 -2.605401 -1.297120 -0.261023 0.280788 -2.241134 0.601846 -3.874194 0.515233 3.694239 -2.835419 -1.840384 -0.377258 2.819654 1.166282 2.260037 2.465130 -0.494120 1.577815 -0.080751 -1.195335 -0.003111 -2.560528 -1.359968 -0.249976 -0.390500 5.000000 -2.461725 2.080303 -0.092112 5.000000 1.955030 -1.968730 -0.119445 0.988891 0.628739 1.083942 -0.740579
601 451.9759920589 10.0000000000 6.0000000000 0.9960412828 40.0000000000 5.8724523984 0.9266493774 5.1715784047 -0.1102735513 4.7339871081 -0.1108337937 26.7452231961 -814.8589387684 25.9874212894 6.6142383872 -2.072059 0.546450 -2.119607 -0.013681 -1.332154 -0.240146 1.286007 0.984409 3.372906 0.334840 2.509144 -0.968142 0.558147 -0.973498 2.939685 3.329615 -2.252907 1.073030 1.581729 1.505909 0.844748 -4.493180 -1.565194 -3.693569 -2.601256 1.968723 1.259735 -0.234040 -0.767946 -0.320987 -3.889111 -0.247768 1.203580 3.851371 -4.525236 -0.500878 -0.319696 1.596367 -1.321228 -0.361760
1005 134137.9182121041 10.0000000000 6.0000000000 0.8392253083 67.0000000000 5.6097133519 0.8834413557 5.3601733719 0.0351423716 4.5171315469 0.0000881767 28.7314585773 -662.4342086702 25.7293431927 6.5267557036 2.257733 1.529550 -1.919296 -3.337505 -2.218584 0.739092 2.439712 2.421000 5.000000 -1.561604 2.189775 -1.462997 2.125302 -3.264758 3.927562 3.090634 -2.113902 3.637483 0.634544 -1.719110 -1.113041 -5.000000 -2.786510 -0.357180 -2.997915 0.275081 1.449764 -4.780327 -0.962036 0.840258 -3.325171 1.105131 0.662678 3.408321 -4.686169 -4.161942 1.220129 3.074260 0.498201 0.831180
evaluations raw_y rep iid sigma t d_norm d_mean ps_norm ps_mean pc_norm pc_mean ps_squared loglikelihood mhl_norm mhl_mean x0 x1 x2 x3 x4 x5 x6 x7 x8 x9 x10 x11 x12 x13 x14 x15 x16 x17 x18 x19 x20 x21 x22 x23 x24 x25 x26 x27 x28 x29 x30 x31 x32 x33 x34 x35 x36 x37 x38 x39
1 2073465.7201089791 11.0000000000 6.0000000000 0.8392253083 67.0000000000 5.6097133519 0.8834413557 5.3601733719 0.0351423716 4.5171315469 0.0000881767 28.7314585773 -662.4342086702 25.7293431927 6.5267557036 3.498909 -0.572146 -0.969130 -5.000000 -0.016569 -0.639263 -1.073259 0.630805 0.842101 -2.131206 -1.772479 -0.951467 1.379365 1.122384 -2.611097 -2.238951 1.473675 3.149268 -0.062150 -1.366893 2.191259 -0.619153 1.451504 3.098143 1.260160 0.146986 1.464543 -1.285151 -0.356186 -1.147909 -0.408751 -0.972990 -0.371551 -0.761073 0.177955 0.127343 0.592694 2.805542 -3.093725 2.591237
6 1429227.2365507465 11.0000000000 6.0000000000 0.8392253083 67.0000000000 5.6097133519 0.8834413557 5.3601733719 0.0351423716 4.5171315469 0.0000881767 28.7314585773 -662.4342086702 25.7293431927 6.5267557036 3.196100 3.407444 -3.179040 -0.754493 2.325011 -2.757717 -1.847991 -2.595027 -2.723868 -2.268371 0.353686 2.537851 3.056046 0.023776 -3.941144 -0.113265 -0.678405 0.704642 -0.256826 -3.592226 0.826567 -4.135671 -1.380222 0.623501 0.700733 3.142696 -4.724827 0.679968 1.378761 -0.654428 1.276063 -2.203997 1.314055 1.076430 -1.963259 -1.333280 -0.379648 -1.312171 2.088794 0.350335
12 883152.0318942354 11.0000000000 6.0000000000 0.8392253083 67.0000000000 5.6097133519 0.8834413557 5.3601733719 0.0351423716 4.5171315469 0.0000881767 28.7314585773 -662.4342086702 25.7293431927 6.5267557036 -2.783433 0.498623 -0.548138 -1.979655 1.535712 2.173753 2.617422 -0.801493 -0.018345 0.451403 0.110516 2.036535 -0.986388 0.735943 -4.425425 1.505799 3.274879 -0.057555 2.070053 -3.328314 -0.670451 -3.088111 0.633971 1.041588 -2.745412 -1.697233 -1.174486 4.841723 -0.149758 0.237391 0.718336 0.592462 -0.481216 -2.665397 -1.361945 3.265985 0.509502 -0.747562 -2.709142 -0.114817
16 87970.6121942031 11.0000000000 6.0000000000 1.8968312916 1.0000000000 6.3118380861 0.9979685879 3.4310986217 -0.0519300763 2.9097009931 -0.0440386626 11.7724377520 -1305.6274544065 27.2367040128 6.9477302421 -0.493753 -3.847994 -2.974167 -0.587752 0.473086 -3.372881 -0.754736 -0.159227 -1.453373 -0.221162 -2.823928 1.700813 0.706910 0.633731 -3.506261 -2.451050 3.461791 1.397034 0.186407 -3.990011 1.804244 -4.697607 1.223166 0.868105 0.506734 0.534635 -0.679061 1.047201 0.601557 0.015513 -0.216580 -2.725606 1.688253 -4.782073 -0.700275 -2.056822 -0.659382 -1.033062 -3.949216 1.945352
17 506.5809396922 11.0000000000 6.0000000000 1.8968312916 1.0000000000 6.3118380861 0.9979685879 3.4310986217 -0.0519300763 2.9097009931 -0.0440386626 11.7724377520 -1305.6274544065 27.2367040128 6.9477302421 -0.045337 1.922121 3.315512 -3.331470 1.473344 2.706058 -1.156161 0.969602 -0.480607 -1.152435 0.412047 3.163030 -1.719453 3.200621 -0.748794 -1.125394 2.413519 0.400215 1.031298 -3.483289 5.000000 -3.173879 -1.248089 -1.581061 -1.144981 -1.262572 -1.494398 -0.448551 -1.675337 2.366231 1.190442 -2.425383 0.765861 -1.073683 -1.862516 1.586501 2.276313 -1.562242 -0.712181 -0.348845
202 405.3000639968 11.0000000000 6.0000000000 1.3292886559 13.0000000000 6.1679974426 0.9748551462 6.6584763923 0.0596369116 6.1253402085 0.0401035925 44.3353078664 -994.1999949526 24.2551172332 6.1914250880 2.750640 0.104348 -3.964359 -0.133826 0.027611 -1.071264 -1.690639 1.696365 -3.114207 -2.210016 -1.391576 -1.002151 3.337515 0.759838 -2.182583 -0.607362 0.692545 2.072984 0.184442 -2.409658 5.000000 0.950891 0.104003 -5.000000 0.718529 0.424626 -0.865858 0.268854 0.946652 0.191429 0.397153 -1.829230 2.933536 0.394276 -1.876698 3.499254 -1.842714 2.066170 0.551876 -0.426728
1005 890546.7956984405 11.0000000000 6.0000000000 0.8386983120 67.0000000000 5.6164791055 0.8844750271 6.4028171065 0.2838571961 5.4514052976 0.2380873085 40.9960668990 -639.7858187566 24.6661161997 6.3051555877 2.347953 0.229677 4.682605 -3.952622 1.017399 -3.491994 2.821048 5.000000 -0.646178 -2.327008 -1.993053 -2.975161 1.358343 0.994125 -2.727597 -2.375446 3.000472 3.445362 -0.665635 1.623277 2.677255 2.386404 3.173671 -4.859264 2.930405 1.942561 1.857070 -2.974430 4.327200 -1.138873 0.125249 -1.804687 3.784258 5.000000 -3.477566 2.054292 0.098647 4.059195 4.771678 -0.839627
evaluations raw_y rep iid sigma t d_norm d_mean ps_norm ps_mean pc_norm pc_mean ps_squared loglikelihood mhl_norm mhl_mean x0 x1 x2 x3 x4 x5 x6 x7 x8 x9 x10 x11 x12 x13 x14 x15 x16 x17 x18 x19 x20 x21 x22 x23 x24 x25 x26 x27 x28 x29 x30 x31 x32 x33 x34 x35 x36 x37 x38 x39
1 24420050.6758082174 12.0000000000 6.0000000000 0.8386983120 67.0000000000 5.6164791055 0.8844750271 6.4028171065 0.2838571961 5.4514052976 0.2380873085 40.9960668990 -639.7858187566 24.6661161997 6.3051555877 0.945972 -1.362852 0.484879 -3.401471 1.506286 -3.069443 0.010254 -0.240455 -1.613964 5.000000 -1.195646 0.944914 2.191912 -2.430338 2.684713 -0.244300 2.025031 -1.827738 -2.059060 2.419593 1.003745 0.277692 1.281522 1.054665 -2.308720 -4.426667 -3.363513 -3.576189 -4.437070 -1.294862 -1.056809 -0.078418 0.429952 -0.768718 -0.507808 0.146504 -1.994408 -1.427713 0.070833 -1.355891
2 18337904.6140961535 12.0000000000 6.0000000000 0.8386983120 67.0000000000 5.6164791055 0.8844750271 6.4028171065 0.2838571961 5.4514052976 0.2380873085 40.9960668990 -639.7858187566 24.6661161997 6.3051555877 -1.143762 -0.211725 2.671663 0.637331 -0.675191 -1.170537 -0.229840 4.483636 -5.000000 1.070272 0.464981 1.735224 -2.296425 4.228688 2.001886 -0.102830 0.319575 -1.432527 0.101046 -0.286675 1.887151 0.715288 -0.166898 1.355612 1.112121 0.445439 -3.057971 2.058422 -2.332518 -2.019123 -0.210536 1.024044 2.815456 -3.375393 2.942468 3.272926 -0.922790 -0.402725 -1.143633 -1.206598
3 2472368.7321020756 12.0000000000 6.0000000000 0.8386983120 67.0000000000 5.6164791055 0.8844750271 6.4028171065 0.2838571961 5.4514052976 0.2380873085 40.9960668990 -639.7858187566 24.6661161997 6.3051555877 -2.678778 -3.379306 -0.398655 0.515545 3.657641 -2.002003 -4.183382 0.293119 -0.932702 0.712446 -0.795759 -2.518447 -1.377757 1.605261 0.544782 -1.938353 1.743936 -2.892719 -1.072963 0.395841 -2.731280 -2.388889 0.031869 -0.160087 -0.501605 -1.130286 -2.205344 -1.564565 5.000000 -1.252162 3.011802 -1.174672 2.731706 2.464090 0.901778 -1.282820 -2.755192 1.931493 -2.568007 -2.549144
6 396198.2310123935 12.0000000000 6.0000000000 0.8386983120 67.0000000000 5.6164791055 0.8844750271 6.4028171065 0.2838571961 5.4514052976 0.2380873085 40.9960668990 -639.7858187566 24.6661161997 6.3051555877 1.015045 -1.236741 1.581586 -1.668810 2.618940 -2.477484 -2.405475 1.392293 3.557969 -1.592635 3.139678 3.043327 1.579831 -0.434442 -4.368120 -3.134537 -1.619341 1.000990 -0.387020 -1.328406 0.167054 -3.316851 0.760227 -1.913346 2.539718 0.301039 -1.530263 -1.074041 -3.222590 0.329978 -2.021552 -0.230799 2.280077 0.676005 0.951029 5.000000 1.382215 2.222471 -0.515369 -2.391903
7 115623.3871206821 12.0000000000 6.0000000000 0.8386983120 67.0000000000 5.6164791055 0.8844750271 6.4028171065 0.2838571961 5.4514052976 0.2380873085 40.9960668990 -639.7858187566 24.6661161997 6.3051555877 0.449094 -2.326934 -5.000000 1.187939 0.662786 -2.145630 2.578897 -0.171043 -0.953248 -1.927429 2.307966 -0.889732 -1.019288 -0.949986 -1.582856 -3.386237 -1.482326 -1.775303 1.388769 -2.635566 1.365111 -1.045965 -1.636836 -0.354599 0.065004 0.202543 1.151923 0.420754 -3.112629 -1.386631 3.249218 -0.241331 -4.697163 0.334515 3.399929 2.337798 0.110676 0.435762 1.291150 -0.316522
11 38888.7054454118 12.0000000000 6.0000000000 0.8386983120 67.0000000000 5.6164791055 0.8844750271 6.4028171065 0.2838571961 5.4514052976 0.2380873085 40.9960668990 -639.7858187566 24.6661161997 6.3051555877 0.601748 1.735519 1.416325 -0.810166 -1.678339 -2.368771 4.279087 2.271114 2.909401 -0.294458 4.054898 1.028554 0.475938 -1.051301 -2.823503 1.365831 0.149439 -0.007263 -2.697830 -4.004379 -2.219703 1.773504 3.807876 -1.304756 -0.658830 -3.140089 -2.023669 0.639530 -1.546446 0.204053 2.465019 -0.375216 -2.319979 3.327423 1.213886 0.410209 0.631770 -0.434736 1.382947 -2.780913
16 1092.1688407925 12.0000000000 6.0000000000 1.8998079186 1.0000000000 6.3117915472 0.9979591910 3.5155990644 0.0343673824 2.9813605544 0.0291448360 12.3594367815 -1316.4176529231 27.5884679878 7.0353931326 -0.562075 -0.397466 1.398608 -0.513764 0.127083 -2.804053 -1.373582 0.002295 1.116820 -2.391899 4.268228 0.476586 -2.234823 -2.587623 -0.498716 1.243785 2.955105 4.510938 -3.334679 -1.747154 -2.046636 -1.480435 1.008656 -2.612424 -1.211959 -1.216484 2.157504 0.672541 -3.610407 -1.761200 3.367684 -0.721308 -2.508685 0.668808 5.000000 4.267240 1.376637 1.658662 -0.932141 -1.178132
136 832.0330498814 12.0000000000 6.0000000000 1.5327257119 9.0000000000 6.2187700832 0.9830042108 5.3100413802 0.0812430274 4.8131924367 0.0749057947 28.1965394597 -1102.6712772768 24.9613363551 6.3989322244 3.036481 0.587414 -0.836852 0.485945 -1.277598 -5.000000 1.223047 1.119364 1.883232 -1.084557 1.768981 1.723562 3.631796 -0.838085 -1.767636 -1.368148 0.806593 -3.058495 4.344339 -5.000000 2.328659 -4.244964 1.019236 -2.906824 -1.607945 1.574165 -0.772102 -1.861883 -2.687014 2.807429 0.659369 1.296777 0.885134 3.200216 5.000000 2.364266 0.026697 1.390764 -5.000000 -2.730775
148 492.1644575317 12.0000000000 6.0000000000 1.5327257119 9.0000000000 6.2187700832 0.9830042108 5.3100413802 0.0812430274 4.8131924367 0.0749057947 28.1965394597 -1102.6712772768 24.9613363551 6.3989322244 0.964166 1.227981 -0.834780 -0.256122 4.026008 -3.141172 2.436267 0.184086 2.052158 -0.817356 0.379865 1.156749 2.375215 -2.013167 -1.462567 -0.281388 0.708903 -2.001420 1.705946 -5.000000 2.207202 -0.519252 -2.051745 -4.700139 -1.514600 1.735953 3.199668 -4.007684 -5.000000 1.608125 -0.122474 -0.871902 -0.783221 2.006374 5.000000 2.312043 1.328011 3.169291 -2.658230 -1.078375
231 482.2180119278 12.0000000000 6.0000000000 1.3479426432 15.0000000000 6.1490797836 0.9717502266 5.1517527779 -0.0803002337 4.7214226612 -0.0618663730 26.5405566846 -1018.9280751066 25.1209946396 6.4325454121 3.356338 1.029128 -2.868809 -0.227885 0.212509 -2.524096 1.020303 0.886476 -1.738323 -0.005191 0.533176 0.095736 1.521549 -0.639540 -0.287350 -2.122548 -0.222775 -0.092367 1.946245 -3.161324 1.734553 -0.524821 0.461847 -3.182676 2.140855 3.794771 3.753435 -2.221931 -4.170058 1.422641 1.952182 -1.293747 0.479195 -1.546423 0.524986 -0.904237 3.327075 -0.049857 -5.000000 -4.073559
1005 119006.4394387425 12.0000000000 6.0000000000 0.7834077694 67.0000000000 5.6240702748 0.8858091811 7.2577964836 0.1036162184 6.3166822429 0.0566534630 52.6756097968 -601.1116767393 24.4851026107 6.2399342728 1.656987 -1.619605 0.872288 -0.918029 -1.188500 3.250774 -2.574598 2.685347 0.790823 -2.095404 2.054697 -4.521416 4.997157 -4.467509 3.398963 -1.587754 5.000000 0.010927 3.528556 -1.909343 -4.096566 -2.720384 -0.184697 -2.720926 -2.145475 -2.949553 3.362240 -3.214885 -2.009306 -1.039364 0.809237 -1.362893 2.630763 4.611792 2.099522 -1.170592 4.906239 -2.860467 -1.761918 -3.900632
evaluations raw_y rep iid sigma t d_norm d_mean ps_norm ps_mean pc_norm pc_mean ps_squared loglikelihood mhl_norm mhl_mean x0 x1 x2 x3 x4 x5 x6 x7 x8 x9 x10 x11 x12 x13 x14 x15 x16 x17 x18 x19 x20 x21 x22 x23 x24 x25 x26 x27 x28 x29 x30 x31 x32 x33 x34 x35 x36 x37 x38 x39
1 99333.7463196785 13.0000000000 6.0000000000 0.7834077694 67.0000000000 5.6240702748 0.8858091811 7.2577964836 0.1036162184 6.3166822429 0.0566534630 52.6756097968 -601.1116767393 24.4851026107 6.2399342728 -1.424781 1.507533 -0.089006 0.903625 2.690203 1.064676 2.700376 1.722423 2.957371 -2.090754 -1.577978 -2.523212 1.125694 -0.486653 1.827481 0.634702 0.254607 4.300766 1.212577 -0.053543 -1.968322 2.381411 1.905661 -2.174363 -0.290423 0.475716 -3.278187 -0.556269 2.798477 -3.230216 0.981744 3.785484 -1.241959 -0.907505 0.434903 1.028658 0.794483 -3.025690 -1.528068 0.202540
4 34463.3373431998 13.0000000000 6.0000000000 0.7834077694 67.0000000000 5.6240702748 0.8858091811 7.2577964836 0.1036162184 6.3166822429 0.0566534630 52.6756097968 -601.1116767393 24.4851026107 6.2399342728 0.287512 1.810343 0.801347 -1.529188 -2.034004 -1.053979 0.817317 -1.735600 1.783588 -3.078128 -0.528495 -1.864719 0.625757 0.273581 -0.303400 -2.473675 -1.764981 -1.321265 1.985898 -1.287594 1.002335 1.839970 -1.688953 -1.032886 -4.413734 -0.806258 1.426651 -1.893273 0.702723 1.577141 0.720064 -0.876403 0.456670 -1.350750 -0.838521 4.773492 -1.016686 -1.372473 0.309807 0.555672
29 14448.9246688961 13.0000000000 6.0000000000 1.8839524358 1.0000000000 6.3096755880 0.9976292943 3.0639592810 -0.0247568897 2.5983529901 -0.0209947759 9.3878464758 -1253.1664677509 25.4540069985 6.4783510498 1.248635 1.405232 1.325258 -1.786660 -2.640174 -2.192657 2.414571 -0.331313 0.479415 -0.483578 2.401095 -0.002995 1.544111 -0.215473 -2.011997 -2.150384 -1.345943 5.000000 -0.007875 -0.252415 -0.350000 1.649486 -0.608038 -5.000000 -4.444475 -0.068065 -3.203642 -2.616857 -3.381783 1.205806 2.508227 1.157618 -1.072395 0.944188 -2.465904 -1.290160 -4.727844 -1.068362 1.935308 -0.191415
40 13205.0477447781 13.0000000000 6.0000000000 1.8068464028 2.0000000000 6.2982905039 0.9958023629 4.0332327441 -0.1769979789 3.4630163874 -0.1506356578 16.2669663677 -1281.5049950377 27.4948322012 7.0252718553 -0.929409 2.057890 2.241595 -3.214972 -0.697895 1.212729 1.817885 3.938817 -2.048231 1.614667 1.067432 -2.384635 0.085562 -2.766316 2.660725 -2.174046 0.623325 1.726713 0.920143 0.279451 1.584033 -2.981416 0.009779 -3.967626 -4.613332 0.548924 -1.205074 -0.916095 -5.000000 0.895194 2.730623 -1.932830 0.091004 0.226193 0.334700 2.483498 -0.909979 0.690907 -0.235985 -2.288035
55 9414.5608774946 13.0000000000 6.0000000000 1.7449238481 3.0000000000 6.2849700870 0.9936708649 4.4059769849 -0.1924128987 3.8625878299 -0.1693336986 19.4126331912 -1211.9672820250 25.7993245812 6.6008762980 0.398315 4.380477 2.402332 -0.297365 -2.620070 2.426051 -0.777114 2.930459 -0.954700 1.114921 4.102756 -0.213059 1.988024 -1.228525 -1.618446 -2.532713 -3.635177 4.388608 -0.687598 -2.893770 0.175610 1.217130 -1.361481 -5.000000 -5.000000 0.095879 -4.400551 -1.227550 -1.253664 0.437317 -0.573172 2.110050 -1.696283 0.312685 2.377183 -0.428487 -1.822204 0.216739 -0.645729 -0.548158
65 1201.3195920478 13.0000000000 6.0000000000 1.6864971161 4.0000000000 6.2735497131 0.9918382058 4.4498884329 -0.0838678288 3.9754618060 -0.0844106148 19.8015070653 -1190.0284368124 25.7506624433 6.5591874521 0.538434 -0.125490 2.037415 1.197959 -2.231451 1.455962 1.667308 -0.710508 -0.020848 -2.406515 4.807169 -2.508102 2.411997 -0.604813 -1.909714 -1.414097 0.359367 2.139989 -1.435316 -0.118708 -0.618685 -0.341871 -3.263589 -2.373868 -3.959125 1.421017 -1.600342 -1.892686 -2.874395 1.908629 -0.525732 -1.724566 -0.880881 1.717586 -2.682578 2.365728 -3.112348 -3.049967 -0.609599 0.001690
75 932.7622355577 13.0000000000 6.0000000000 1.6864971161 4.0000000000 6.2735497131 0.9918382058 4.4498884329 -0.0838678288 3.9754618060 -0.0844106148 19.8015070653 -1190.0284368124 25.7506624433 6.5591874521 -1.652041 1.959844 0.953042 -2.815093 -3.535678 5.000000 0.149044 0.307753 2.011158 2.363856 4.538187 0.996850 0.680291 -0.474341 0.769113 0.150043 -1.822669 5.000000 -1.049422 -0.454439 1.184702 1.253682 -2.923688 -2.403846 -5.000000 1.945601 -5.000000 0.861465 -2.244802 3.148912 -1.922432 -1.018622 -1.882442 0.096551 -1.446481 3.615988 1.129373 -2.180724 -1.374021 1.116338
124 756.2332838497 13.0000000000 6.0000000000 1.5341964523 8.0000000000 6.2307859013 0.9849471805 4.9998117315 0.1044684028 4.4442090319 0.0792485458 24.9981173509 -1110.2857645349 25.1325137072 6.4221590562 0.592682 1.368086 0.752719 -2.732304 0.103734 2.835648 2.300077 -2.256886 2.641195 0.487674 3.378290 -1.087939 4.093747 -2.128274 -1.132338 0.006407 -2.699829 3.817994 -3.515692 -4.287097 -0.188159 3.312699 -2.293085 1.144781 -1.081992 3.311520 -1.446000 -0.386195 -2.878113 0.573649 -3.312676 2.576397 -0.210282 -1.316576 3.280205 3.601160 -3.193729 -3.512478 0.371414 0.738662
125 714.6515229154 13.0000000000 6.0000000000 1.5341964523 8.0000000000 6.2307859013 0.9849471805 4.9998117315 0.1044684028 4.4442090319 0.0792485458 24.9981173509 -1110.2857645349 25.1325137072 6.4221590562 -0.145463 2.327144 -0.900268 -1.024482 -1.515053 -1.005293 3.200720 -5.000000 1.502762 1.143600 4.674160 1.686428 2.644798 -0.625264 -1.356036 -2.490106 -3.530260 2.582766 2.008897 1.404780 2.576664 3.150407 -0.714512 -0.472371 -3.218369 0.825004 -2.345407 0.061847 -2.300166 -2.366926 -5.000000 3.683678 -0.045290 -0.630093 0.923741 3.419916 -3.408010 -0.933951 0.700436 -0.226666
252 537.8280438418 13.0000000000 6.0000000000 1.4537276354 16.0000000000 6.1429564463 0.9706691684 5.4964623999 -0.2007421110 5.0491024018 -0.1868870655 30.2110989132 -1014.1207071282 22.9959739981 5.8937886579 -1.464989 -0.356741 0.342468 -1.354197 0.548200 -0.244433 0.194755 -1.546353 4.779742 -0.272807 2.333485 -0.957339 1.045765 2.159891 2.238231 -1.820279 -4.479050 0.885328 -4.042761 2.744621 0.544366 -0.868858 0.231435 1.551841 -3.843708 1.428978 0.031476 0.697756 -1.283613 -0.141831 -0.355988 -2.256622 -0.153010 -2.398871 0.824404 3.585702 -5.000000 -3.360389 -3.079253 -2.020465
662 516.0887158537 13.0000000000 6.0000000000 0.9605483742 44.0000000000 5.8430525224 0.9217987633 5.2087199349 -0.2512699543 4.4866319274 -0.2008124988 27.1307633607 -781.9008907389 25.6843267758 6.5757667797 1.973294 -0.745838 -1.147561 -2.972629 0.910251 2.611524 1.892823 -3.268610 3.026400 -2.604927 3.209425 -0.746126 -3.530485 4.217077 -0.121999 -3.194431 2.985075 2.389810 -3.476154 -3.592738 -2.584554 1.835810 -2.196454 0.459684 -1.326161 1.546757 0.559165 -2.048244 -3.450905 1.490293 -4.286134 -2.607811 -0.854472 -2.607961 -1.623372 1.682442 -0.637554 -2.621791 -1.994400 -2.689032
1005 4348.7196099321 13.0000000000 6.0000000000 0.6269905070 67.0000000000 5.5994094971 0.8823189221 5.9083635330 0.0893722102 4.8524990705 0.0686651802 34.9087596384 -496.3118197065 26.1829633760 6.6679638997 0.338800 -2.361216 -2.584315 -0.312048 1.102499 4.473816 1.222687 -3.889338 4.027812 -0.824427 4.591647 -1.221018 -3.440904 3.375633 2.565980 -3.482923 1.636514 1.001960 -3.425309 -1.747855 -1.598323 1.616889 -0.469543 0.118361 -2.743384 2.038649 1.196596 -2.587826 -3.362042 2.958025 -4.259536 -3.237805 -4.756285 -4.123657 0.055173 4.737118 -1.493598 -5.000000 -2.498811 -2.605047
evaluations raw_y rep iid sigma t d_norm d_mean ps_norm ps_mean pc_norm pc_mean ps_squared loglikelihood mhl_norm mhl_mean x0 x1 x2 x3 x4 x5 x6 x7 x8 x9 x10 x11 x12 x13 x14 x15 x16 x17 x18 x19 x20 x21 x22 x23 x24 x25 x26 x27 x28 x29 x30 x31 x32 x33 x34 x35 x36 x37 x38 x39
1 11393278.3405311909 14.0000000000 6.0000000000 0.6269905070 67.0000000000 5.5994094971 0.8823189221 5.9083635330 0.0893722102 4.8524990705 0.0686651802 34.9087596384 -496.3118197065 26.1829633760 6.6679638997 3.102678 0.158372 0.347953 -0.144673 -4.008659 0.289356 -3.002337 0.422219 -1.116410 2.169058 -0.372578 0.029323 -2.151139 1.284504 -0.360673 1.240601 1.621949 1.555872 -0.474979 -3.783825 -2.344244 1.672414 2.018547 2.586199 -1.098662 -1.963426 1.829346 1.746141 0.044222 -0.008287 -2.698252 -0.416436 2.653081 -1.832521 -0.940026 -0.298885 -0.650520 -3.611447 -1.000740 -1.129561
2 489370.6645662645 14.0000000000 6.0000000000 0.6269905070 67.0000000000 5.5994094971 0.8823189221 5.9083635330 0.0893722102 4.8524990705 0.0686651802 34.9087596384 -496.3118197065 26.1829633760 6.6679638997 -0.628857 -0.793354 0.011866 -1.994276 3.382195 -0.632882 2.930269 2.927203 0.257823 -2.356486 -4.333018 -3.043626 -0.585776 0.320977 -1.565702 -1.034804 5.000000 0.550408 -2.423185 1.174485 -1.963673 -4.877099 0.272235 -1.615176 0.040162 3.519721 0.105795 -1.799621 3.176899 -4.352323 -2.434431 2.708939 2.954455 -0.652441 -1.567738 0.501862 0.467144 0.151110 -1.135736 -2.784895
8 169155.9756658213 14.0000000000 6.0000000000 0.6269905070 67.0000000000 5.5994094971 0.8823189221 5.9083635330 0.0893722102 4.8524990705 0.0686651802 34.9087596384 -496.3118197065 26.1829633760 6.6679638997 -1.351581 -3.265244 -5.000000 -3.831654 0.721020 0.261158 -1.336746 0.196759 3.740590 0.027086 -0.884800 5.000000 0.425645 -1.139635 2.922818 -1.266542 0.315491 0.864494 3.249269 -1.143863 1.860439 -2.651710 0.084500 0.545703 1.034076 4.606336 0.039596 -0.002499 -0.393130 -0.344111 1.319211 0.740435 2.686968 -0.575729 1.784279 1.381397 0.608764 1.172018 0.801868 -0.098659
17 128947.7155391923 14.0000000000 6.0000000000 1.9026019219 1.0000000000 6.3134553701 0.9982159050 3.5947948108 -0.0531742057 3.0485215333 -0.0450937313 12.9225497318 -1318.7785499780 27.6347146473 7.0692940478 -4.154810 1.165510 -3.101493 -4.750152 0.807575 1.560341 -0.502817 -0.610211 3.060192 -1.778864 -0.185872 -0.753815 -1.877503 -3.312536 -0.979362 -1.431638 2.275075 -1.158766 1.337279 0.899342 0.588513 -2.949951 -0.424698 0.047829 -3.348038 4.219171 -1.007757 -1.480567 0.265608 2.197736 0.269033 0.096756 -1.957492 -1.391107 3.048257 1.076422 1.291512 1.813319 0.816654 0.779773
19 25845.4578397036 14.0000000000 6.0000000000 1.9026019219 1.0000000000 6.3134553701 0.9982159050 3.5947948108 -0.0531742057 3.0485215333 -0.0450937313 12.9225497318 -1318.7785499780 27.6347146473 7.0692940478 -0.739142 0.124461 -3.732417 -2.087146 1.655590 0.100052 4.123271 2.306220 -0.112589 -1.631872 0.286589 0.242250 0.835689 -2.748384 -1.983471 1.126398 4.821875 -3.036916 2.204635 1.239581 -1.011069 -2.462014 1.427048 -0.142644 -4.111034 1.101591 -0.435681 2.714295 2.746694 -2.447506 3.210388 -0.198279 0.933497 -2.345496 0.962153 -1.009604 -0.721197 0.496867 2.015662 0.820525
26 14941.0817682077 14.0000000000 6.0000000000 1.9026019219 1.0000000000 6.3134553701 0.9982159050 3.5947948108 -0.0531742057 3.0485215333 -0.0450937313 12.9225497318 -1318.7785499780 27.6347146473 7.0692940478 -0.036531 -3.424402 -2.823454 -3.323966 2.804180 1.219012 2.871610 1.319405 -2.234862 -4.811883 -0.236995 0.432571 -1.065339 -0.500946 0.403753 -0.780331 -0.033586 1.561458 -2.984634 -2.121391 -3.411657 -3.477655 2.636650 -0.071750 3.576126 -1.977381 0.519533 1.526115 4.257666 -2.732672 1.278005 -3.638395 0.471317 -1.004950 -0.011652 -0.214036 1.897618 0.963318 0.188038 2.103670
49 10049.7438265932 14.0000000000 6.0000000000 1.8008709618 3.0000000000 6.2873963752 0.9940403750 5.3176145950 -0.1082201450 4.6886700169 -0.0953676226 28.2770249809 -1259.0217144291 26.7946710221 6.8188760607 -2.176376 -4.546061 -2.865533 -2.512545 1.118493 -1.146315 2.727019 5.000000 1.016112 -1.104241 -2.449339 2.003399 -2.943018 -0.716629 -2.558903 -2.043563 1.604331 -0.438963 0.802103 -1.102792 -4.697806 -5.000000 1.538843 -2.653627 -4.274176 -1.076810 2.028917 2.887663 4.076307 -1.989427 1.886881 -0.787091 -0.925977 -1.748251 -1.208795 1.782432 -1.188424 2.687819 2.454060 3.188500
56 663.1056093085 14.0000000000 6.0000000000 1.8008709618 3.0000000000 6.2873963752 0.9940403750 5.3176145950 -0.1082201450 4.6886700169 -0.0953676226 28.2770249809 -1259.0217144291 26.7946710221 6.8188760607 3.192409 -3.053163 -1.448595 -3.488817 2.676356 2.285323 2.442958 3.315586 -3.784394 -4.748873 0.229231 -1.149252 -3.826150 -0.474908 -3.758943 0.410854 0.111739 -0.463916 0.620552 -1.862700 -3.010446 -4.443674 0.665094 -1.875957 -2.930270 -0.883494 -0.892015 -2.465033 5.000000 -2.108095 0.518384 1.632132 2.852127 1.449519 2.108222 -1.806531 1.208528 0.274900 4.204110 0.367313
164 643.6110131291 14.0000000000 6.0000000000 1.4985432082 10.0000000000 6.2019153205 0.9802906072 4.8773258695 -0.1137332592 4.5765682661 -0.1188929759 23.7883076376 -1103.7566366990 25.6452792228 6.5312485416 2.719955 -4.746922 -1.719305 -3.864306 1.098827 -1.528441 2.618638 0.296232 -2.624754 -1.336857 2.362608 2.083625 -1.765602 1.101113 -0.953749 -0.069472 -1.272610 4.214773 0.348048 -1.167814 -5.000000 -3.339060 -0.435423 -2.553115 -2.074137 -1.700575 -0.348859 -2.107565 2.916562 -3.588008 2.497596 -2.769642 2.621952 4.087051 3.376275 -0.499695 -1.303451 1.277992 3.905426 3.760238
339 427.3646201733 14.0000000000 6.0000000000 1.1124192292 22.0000000000 6.0544181853 0.9564934086 5.1142582602 -0.1031643462 4.7055685957 -0.0942392931 26.1556375524 -870.1332597630 24.2640297482 6.1700297794 1.622065 -2.470410 -1.203100 -0.208557 -2.092151 -2.338777 1.387124 3.318112 -2.546694 -3.198370 0.800573 1.156885 -3.556402 2.268188 -5.000000 0.425411 0.998879 1.352744 -0.917703 -2.815172 -3.834322 -4.044449 0.369772 -3.961567 -3.951615 -1.975904 0.519653 1.545351 2.341799 -1.592424 3.955829 -3.537145 1.731833 3.758539 2.973699 -1.673953 -0.841909 0.235201 -1.510006 4.095366
1005 257406.3889564316 14.0000000000 6.0000000000 0.7077315903 67.0000000000 5.5877250638 0.8801522977 5.5127649811 -0.1892087165 5.1188673567 -0.1934809871 30.3905777365 -563.3068920312 26.0364151672 6.6502900089 0.885153 -3.421447 -1.650456 -0.704732 -2.064331 -2.660085 -2.788239 0.370061 -0.573537 -2.795420 1.077529 -5.000000 -2.113724 2.615325 -2.460076 -2.960835 -4.760444 -2.471160 -1.740771 -2.291887 -1.452725 -3.438282 -1.139359 -2.816526 -1.373430 -3.053133 3.143587 1.122651 1.828893 0.708725 1.985035 -3.655436 3.980690 4.204231 -0.804441 -2.332974 -5.000000 -0.428930 -4.181281 1.437749
evaluations raw_y rep iid sigma t d_norm d_mean ps_norm ps_mean pc_norm pc_mean ps_squared loglikelihood mhl_norm mhl_mean x0 x1 x2 x3 x4 x5 x6 x7 x8 x9 x10 x11 x12 x13 x14 x15 x16 x17 x18 x19 x20 x21 x22 x23 x24 x25 x26 x27 x28 x29 x30 x31 x32 x33 x34 x35 x36 x37 x38 x39
1 14187015.9815906994 15.0000000000 6.0000000000 0.7077315903 67.0000000000 5.5877250638 0.8801522977 5.5127649811 -0.1892087165 5.1188673567 -0.1934809871 30.3905777365 -563.3068920312 26.0364151672 6.6502900089 -0.624657 0.678569 -0.311817 -1.003579 0.471138 -3.527211 -2.191724 -2.175531 -0.610340 -0.947497 -0.401189 0.710394 1.379035 0.821179 -1.129957 1.198781 -0.325873 3.200429 1.363254 0.029760 -0.175559 -1.964236 0.243381 -2.274875 0.698005 -3.717026 -2.334364 2.849794 2.993131 2.579864 -3.623491 -2.996614 -2.900286 -3.387814 0.454528 -0.979469 -0.001057 -0.980505 -1.586419 4.097798
3 6036789.0815544631 15.0000000000 6.0000000000 0.7077315903 67.0000000000 5.5877250638 0.8801522977 5.5127649811 -0.1892087165 5.1188673567 -0.1934809871 30.3905777365 -563.3068920312 26.0364151672 6.6502900089 1.211984 0.337874 -2.077783 0.570476 1.004783 3.867750 0.096650 -2.103537 2.333165 1.470934 -1.126260 -2.426016 3.096256 -3.395751 -1.263586 0.572733 -2.095944 -0.372900 0.995110 -0.809004 -2.568209 -1.228514 -0.215739 2.267246 -2.072493 3.022715 -1.736548 2.784461 4.350186 2.598042 -0.376163 3.338047 2.309148 0.963605 -0.356074 -0.772366 -0.260149 4.719247 1.033999 0.882709
5 6030532.4343638467 15.0000000000 6.0000000000 0.7077315903 67.0000000000 5.5877250638 0.8801522977 5.5127649811 -0.1892087165 5.1188673567 -0.1934809871 30.3905777365 -563.3068920312 26.0364151672 6.6502900089 2.046024 -0.064441 -3.188604 -5.000000 -1.355721 -1.656542 -1.578284 4.347262 0.233827 1.738420 -1.903945 1.311677 -1.108050 -3.143231 -0.649880 -0.108623 -2.171203 2.859885 0.101367 -3.093037 -4.909517 1.522695 1.582311 1.277504 -1.845371 -1.803924 1.174751 -0.822804 0.010137 1.360148 2.245806 -1.534834 -0.302611 0.537636 -1.211318 1.963152 -2.074587 0.947485 -0.838452 2.581028
10 2964787.1925643631 15.0000000000 6.0000000000 0.7077315903 67.0000000000 5.5877250638 0.8801522977 5.5127649811 -0.1892087165 5.1188673567 -0.1934809871 30.3905777365 -563.3068920312 26.0364151672 6.6502900089 -2.457468 0.762008 2.161524 0.233530 -3.138971 -0.639671 -2.850928 -2.550560 -2.244592 1.588922 3.055760 -0.400743 2.155458 -1.194364 -0.870509 2.436011 4.327306 2.471842 -5.000000 -0.903305 0.353229 0.345208 -2.003530 5.000000 -3.974240 -0.184111 -2.014648 -0.837281 -0.155950 -1.558442 0.140853 -3.529954 -2.196414 0.509400 -2.836040 0.616966 -1.391096 -2.610824 -0.132016 -1.654459
24 1537764.9587081540 15.0000000000 6.0000000000 1.8896952620 1.0000000000 6.3125522466 0.9980752320 3.2279799017 -0.1080780789 2.7374486604 -0.0916542858 10.4198542455 -1302.5165372563 27.2010660197 6.9215119620 0.835641 -0.272702 -0.049763 -0.686258 -0.844562 2.212525 1.321646 -1.152464 -1.184067 1.314746 1.340628 -2.006232 3.455005 -2.893194 1.573358 -0.897998 -0.867918 -0.108659 0.889303 0.018602 -1.587771 -0.562251 0.783589 2.831644 -4.061386 0.880166 -3.822736 -0.472143 2.124109 0.001704 -0.102380 1.709608 -1.888435 -0.701951 -5.000000 2.978141 0.655959 1.037513 -2.784597 1.437787
26 46088.8203145532 15.0000000000 6.0000000000 1.8896952620 1.0000000000 6.3125522466 0.9980752320 3.2279799017 -0.1080780789 2.7374486604 -0.0916542858 10.4198542455 -1302.5165372563 27.2010660197 6.9215119620 0.314945 -0.662182 3.130778 1.569251 1.368794 -0.351079 -2.521418 -0.899068 -0.618897 -2.292986 1.838275 0.668717 -0.750281 0.179054 0.792090 0.026260 3.470801 3.621352 -4.324993 -1.243001 -1.008511 2.287363 -1.089111 1.823857 -3.814366 0.199204 -2.347727 0.716476 -0.410591 -0.379803 3.629880 1.472956 -2.068157 1.193888 -0.267159 0.358466 0.784347 -0.999063 4.670781 -0.680996
38 35623.9073254897 15.0000000000 6.0000000000 1.8195709058 2.0000000000 6.3014616793 0.9963015004 4.2473921904 0.0367582617 3.6653816450 0.0271756813 18.0403404191 -1261.7559698026 26.6116693275 6.7778332443 -0.287864 -1.732974 1.840467 -2.711492 -0.345937 1.376340 -0.884340 0.128910 1.703482 -0.930860 0.156994 -1.822540 -1.959521 1.314053 4.403691 -2.904656 2.980745 2.765108 -2.018942 0.016623 0.970843 2.657103 -0.376063 4.587873 -4.789604 1.062172 -0.662120 0.927221 -1.517542 0.717436 2.269512 0.178231 -1.989808 1.580805 -1.208969 1.586816 -0.796160 0.937424 0.569798 2.529598
63 705.1844938569 15.0000000000 6.0000000000 1.7059472577 4.0000000000 6.2738531412 0.9918936333 4.3905296111 0.1497503513 3.9688833561 0.1295202700 19.2767502658 -1173.6296437807 24.8843784321 6.3427090117 0.773184 -0.524755 0.695937 -2.592326 -2.379947 1.296254 3.945845 3.237209 -0.195734 -1.280621 1.096704 0.909781 0.859074 -1.170269 4.239391 -1.818575 0.121908 3.758981 0.375895 -5.000000 -3.100555 1.502841 -1.452400 4.823455 -3.652858 2.449989 -4.011755 0.923923 0.941428 -0.648314 2.341195 -0.019789 -0.234316 -1.218596 0.939896 5.000000 -1.013362 -0.080005 -2.551852 3.749047
256 557.4491902951 15.0000000000 6.0000000000 1.3778656432 17.0000000000 6.1200012041 0.9670875738 5.5360075878 -0.1045741744 5.2099610495 -0.0698792213 30.6473800124 -1028.9014413304 25.1221187175 6.4005621074 -2.494978 0.533439 3.401708 -1.769108 5.000000 -4.029210 3.069285 -1.636582 -2.023970 0.464972 1.005482 1.573939 0.363708 -1.682744 1.463629 0.559645 2.637961 2.644327 -1.033856 -4.494379 0.532099 0.795344 -2.725188 4.848293 -0.054351 0.559253 0.664011 1.768312 -0.145224 -1.999485 -3.720894 -5.000000 1.640082 0.045485 3.186561 2.767210 -0.850885 -3.121846 1.480579 -1.344165
326 480.1452431596 15.0000000000 6.0000000000 1.2846466026 21.0000000000 6.0767838805 0.9600481776 4.7698344802 -0.1755278144 4.6270803675 -0.1460365572 22.7513209686 -950.3182526271 23.8677323234 6.1228585765 -3.253663 1.756303 1.675996 -0.282061 2.481653 -1.733839 1.846534 -1.238987 -4.629454 -0.621921 5.000000 0.780758 -2.215241 -3.074210 2.944430 0.946463 3.002073 5.000000 -1.638214 -0.239125 -0.079233 2.698322 -2.866554 3.368811 0.965232 1.569852 -0.193670 3.671232 0.028930 -4.079526 -2.474294 -4.128987 0.473174 -1.828531 -0.337279 1.089529 -0.075541 -2.266661 -0.331065 1.685429
684 452.4234679592 15.0000000000 6.0000000000 0.8412554328 45.0000000000 5.8159953938 0.9178103762 5.9156417865 -0.2837237522 5.2134942221 -0.2801476636 34.9948177458 -728.0220654191 26.9466386118 6.9100487878 -0.728595 2.921891 4.361852 -4.450415 -0.202185 -1.901131 4.173687 -0.712933 -3.707240 1.750422 3.255345 -1.760230 -4.667805 -3.114656 2.608371 -2.009818 0.413180 2.985634 -3.845674 -2.686639 -5.000000 -2.158088 -4.036186 1.689577 -1.062968 1.330105 -2.931214 2.927066 -1.315294 -2.575400 -0.573713 -3.075545 1.576071 -0.071033 -1.676906 0.825999 1.081247 -1.528418 -2.985842 -0.538905
1005 509720.9455271148 15.0000000000 6.0000000000 0.6795298573 67.0000000000 5.5922745186 0.8812938922 5.0639055885 -0.0218047438 4.2368242688 -0.0326271501 25.6431398096 -509.8351062058 24.7402802641 6.3308961438 -2.431148 -0.733991 2.470720 -5.000000 1.095781 -2.879836 3.416505 -0.241270 -2.578626 0.000525 3.426054 1.039598 -1.066131 -2.275665 2.438827 -0.893978 0.313988 3.860739 -2.786229 -1.622881 -2.439482 -4.355587 -3.417296 3.026112 1.372463 0.991978 -0.543409 3.973088 -0.362675 -3.465013 -3.365189 -2.472600 3.076276 0.574955 -2.558728 -0.403871 1.293900 -2.885432 -2.937186 -1.361662
evaluations raw_y rep iid sigma t d_norm d_mean ps_norm ps_mean pc_norm pc_mean ps_squared loglikelihood mhl_norm mhl_mean x0 x1 x2 x3 x4 x5 x6 x7 x8 x9 x10 x11 x12 x13 x14 x15 x16 x17 x18 x19 x20 x21 x22 x23 x24 x25 x26 x27 x28 x29 x30 x31 x32 x33 x34 x35 x36 x37 x38 x39
1 48907952.1036081836 16.0000000000 6.0000000000 0.6795298573 67.0000000000 5.5922745186 0.8812938922 5.0639055885 -0.0218047438 4.2368242688 -0.0326271501 25.6431398096 -509.8351062058 24.7402802641 6.3308961438 0.255897 -3.056947 -1.188936 0.132661 -2.470990 -1.242737 -1.777896 0.997820 -1.573794 0.237487 -1.513726 0.986734 -1.678809 -2.030044 -0.685039 3.768928 -0.541826 -2.903439 -2.160318 5.000000 -0.440446 -0.178801 0.552683 3.224522 1.431930 1.317265 0.421482 -1.128887 0.280372 -0.676896 -2.809655 -4.973284 2.547087 2.159496 1.296805 1.112840 0.467075 -2.157691 -2.363922 -1.406480
2 24814023.7600632198 16.0000000000 6.0000000000 0.6795298573 67.0000000000 5.5922745186 0.8812938922 5.0639055885 -0.0218047438 4.2368242688 -0.0326271501 25.6431398096 -509.8351062058 24.7402802641 6.3308961438 -1.277032 -1.684140 -2.676349 1.159413 1.072829 3.086069 3.348664 -1.278580 1.097330 -0.166243 0.618127 4.020870 3.349421 1.006387 2.054518 1.270389 -0.343567 -0.442144 -1.458929 3.042315 -1.882076 -0.873356 -0.402930 -1.735154 3.106977 1.070189 -4.507749 -2.011533 1.743754 -1.067730 0.329807 0.507891 0.327217 -1.332258 -0.061314 0.204309 -1.674566 0.684482 0.213746 0.652277
3 1419798.5518254850 16.0000000000 6.0000000000 0.6795298573 67.0000000000 5.5922745186 0.8812938922 5.0639055885 -0.0218047438 4.2368242688 -0.0326271501 25.6431398096 -509.8351062058 24.7402802641 6.3308961438 1.442551 -0.209734 -2.063124 1.827044 1.018541 -2.096844 -2.146696 0.803199 1.300040 -3.218136 -0.652171 -1.098613 -0.407079 1.096462 3.611066 -1.642602 3.187427 2.203320 4.568750 0.239071 0.692346 2.137668 0.916449 3.649586 1.031948 2.225693 1.211335 -1.340746 1.884942 -0.835912 0.254897 -0.085747 1.240700 -2.479343 2.617236 1.821041 0.342891 -1.771437 -2.091865 -0.490074
4 233903.1292950973 16.0000000000 6.0000000000 0.6795298573 67.0000000000 5.5922745186 0.8812938922 5.0639055885 -0.0218047438 4.2368242688 -0.0326271501 25.6431398096 -509.8351062058 24.7402802641 6.3308961438 -1.483704 0.060040 0.825211 1.255622 0.221882 -2.003700 3.447928 3.721118 -1.606971 -0.666321 4.510377 2.957759 0.441151 1.446785 -2.722532 -0.037876 2.519495 -3.854248 1.153076 -2.054473 3.622231 -2.246609 -2.423953 -1.245523 -1.350911 0.486168 2.502407 -2.539410 -0.853848 0.907031 -2.024236 1.324722 0.883576 0.943326 -0.016886 1.410469 2.679896 -0.157846 2.467135 0.444042
5 987.4244566370 16.0000000000 6.0000000000 0.6795298573 67.0000000000 5.5922745186 0.8812938922 5.0639055885 -0.0218047438 4.2368242688 -0.0326271501 25.6431398096 -509.8351062058 24.7402802641 6.3308961438 -3.142300 2.719217 0.768025 2.743870 -0.679769 0.306433 -0.811641 -2.477117 0.731471 3.320709 0.595833 -0.377271 -1.067235 -2.362511 0.690623 1.427211 -0.570297 -0.657573 -1.099045 -1.877326 2.867636 1.666791 0.241682 -2.166164 -0.854145 2.104184 2.003532 5.000000 1.771628 0.300687 0.018955 -3.589009 1.684791 -3.365703 -0.158149 -0.671479 1.038498 1.414213 1.729558 1.420746
163 515.5214824286 16.0000000000 6.0000000000 1.5015729669 10.0000000000 6.2070597434 0.9810940889 4.7053677361 -0.1511721852 4.3424602673 -0.1275186524 22.1404855319 -1094.5969005417 25.1209758057 6.4128656805 -2.557610 1.237510 -1.137391 -0.991397 -2.034009 -1.249196 4.557941 3.636942 -1.508571 1.975987 1.343321 -1.446229 3.042020 -2.538732 0.168993 -0.339574 1.383522 1.177434 -0.098578 -0.014497 2.467702 -0.179511 -5.000000 2.251455 -2.702114 3.760232 2.739172 0.521491 -3.806950 -1.092030 -2.174843 -4.675762 3.808294 2.323473 1.479979 -0.018477 -2.422630 -5.000000 -3.881082 0.909290
526 508.8008649947 16.0000000000 6.0000000000 0.9141350941 35.0000000000 5.9260288917 0.9355923147 5.8693724406 -0.0712073783 5.0823839869 -0.0786761558 34.4495328463 -779.1350550320 26.1440220412 6.6661881686 -2.978290 1.245437 -3.146593 -0.257120 -3.415789 -1.416298 3.787431 3.762872 -1.663853 -1.819915 3.347960 -0.696711 -2.829271 -2.787526 -1.714257 2.212063 3.870125 -0.829398 3.852882 0.275432 1.227036 -0.595110 -3.076250 0.092391 -4.241121 4.133001 1.103636 -0.463436 -3.309155 0.034492 -3.983619 -2.091211 4.060990 1.123070 0.186365 3.175767 -0.864188 -1.419684 -1.919495 -0.343218
668 496.4565261436 16.0000000000 6.0000000000 0.9549770172 44.0000000000 5.8425108402 0.9216517091 5.6898662993 -0.2492389640 5.3770964224 -0.2316753348 32.3745785037 -740.7269694663 24.0983915136 6.1790032658 -2.496874 -2.756306 -3.173099 0.698142 -4.616596 -3.147956 1.662486 2.937131 -2.418706 -3.007354 3.699776 -2.427696 -2.437486 -4.305190 -3.992355 -0.036037 3.767434 -1.762574 3.357822 1.369422 0.516041 0.148970 -2.711146 -2.723040 -0.504925 1.896327 1.021935 -0.608477 -3.628355 -0.185476 -2.749489 -0.479357 2.787296 1.971726 -3.794191 3.273619 -0.434888 -2.257890 1.796067 -1.745032
960 427.5013604786 16.0000000000 6.0000000000 0.7296575131 63.0000000000 5.6611614295 0.8920722133 5.1413930993 0.0522724530 4.3440893308 0.0205032813 26.4339230017 -593.1512775265 25.8229728229 6.5861893055 -3.073786 -0.557720 -1.657417 -2.546819 -3.613201 -3.386794 1.513194 2.147061 -0.674700 -1.893189 3.309513 -2.801906 -3.960038 -3.484517 -2.330228 2.379031 1.436796 -0.183243 3.035879 -0.531520 -1.416029 0.116752 -2.433831 -2.027399 -1.090631 4.133616 -1.883458 -1.551004 -3.201421 3.949989 -3.666204 -0.472975 3.939964 -0.698744 -0.165375 3.674475 1.668052 -1.327000 2.176426 -0.765739
1005 26084.6539207254 16.0000000000 6.0000000000 0.6754993371 67.0000000000 5.6177275566 0.8851264411 5.6032744078 0.1526386244 4.7613747014 0.1100522671 31.3966840892 -551.5977773923 26.5176992976 6.7244982510 -2.533360 -0.916013 -2.315740 -1.588089 -4.322250 -4.045239 4.141813 0.693468 -1.118568 0.010878 3.429372 -2.343367 -2.394488 -3.214271 -2.427077 2.730641 3.136851 -0.841305 1.639715 -0.649226 1.346353 0.123002 -2.046404 -1.220551 -0.896715 3.896549 -1.582667 -3.367046 -1.886864 3.757289 -2.032358 0.606225 3.612952 0.999112 -1.447503 3.099998 0.582782 -2.292674 1.365679 -0.793965
evaluations raw_y rep iid sigma t d_norm d_mean ps_norm ps_mean pc_norm pc_mean ps_squared loglikelihood mhl_norm mhl_mean x0 x1 x2 x3 x4 x5 x6 x7 x8 x9 x10 x11 x12 x13 x14 x15 x16 x17 x18 x19 x20 x21 x22 x23 x24 x25 x26 x27 x28 x29 x30 x31 x32 x33 x34 x35 x36 x37 x38 x39
1 1945875.8518581770 17.0000000000 6.0000000000 0.6754993371 67.0000000000 5.6177275566 0.8851264411 5.6032744078 0.1526386244 4.7613747014 0.1100522671 31.3966840892 -551.5977773923 26.5176992976 6.7244982510 0.552532 -3.709256 1.247802 2.290623 2.074381 3.773278 -0.223397 -0.724203 0.297350 -0.875566 4.342514 2.304621 -3.637625 -0.276099 1.079679 -3.550565 2.629753 -0.946896 -2.184460 -0.500055 -1.964589 2.062538 0.982668 -0.893293 -1.612720 0.262536 -2.425120 0.319982 -1.510446 0.699792 1.955084 -0.277170 0.207713 0.601182 1.936411 1.739248 1.135566 0.930565 -2.330746 -4.071990
2 6622.5100186547 17.0000000000 6.0000000000 0.6754993371 67.0000000000 5.6177275566 0.8851264411 5.6032744078 0.1526386244 4.7613747014 0.1100522671 31.3966840892 -551.5977773923 26.5176992976 6.7244982510 -2.310827 5.000000 0.253454 -1.388358 1.115349 0.198293 1.275852 1.406221 -1.832186 -1.572028 2.238364 -1.966792 0.489040 -1.162819 0.859128 1.596804 -1.220140 2.370808 -1.421668 -1.562258 -0.460746 0.240390 -1.576940 -5.000000 -1.591162 0.569164 1.045075 0.167109 5.000000 1.222016 -1.671888 -0.007392 0.786189 1.368990 1.550403 1.112006 -1.081960 3.048834 2.416770 0.102555
15 979.6652235555 17.0000000000 6.0000000000 0.6754993371 67.0000000000 5.6177275566 0.8851264411 5.6032744078 0.1526386244 4.7613747014 0.1100522671 31.3966840892 -551.5977773923 26.5176992976 6.7244982510 -2.812137 2.574425 -2.242708 -1.229886 1.527425 1.415691 -2.940728 -3.056560 1.650558 2.868051 1.460855 1.205566 -1.829927 3.931493 -2.343500 2.519200 -1.012181 -1.321013 -0.076045 -1.378029 0.062401 2.257480 1.520693 0.799311 -0.222669 0.818952 3.796026 -3.499302 1.346574 -0.113015 2.318686 -5.000000 0.298988 0.095516 -3.070050 0.320872 -0.575457 0.380001 1.055457 -2.001372
108 837.4088232980 17.0000000000 6.0000000000 1.6415715325 7.0000000000 6.2421102227 0.9867472772 5.5282472175 -0.0286646123 4.9707418494 -0.0348276083 30.5615172973 -1123.7994604693 23.9294711235 6.1071977363 -2.277328 1.099620 1.778741 -1.020688 3.254153 0.271713 0.194965 4.393262 1.304953 -4.935541 -0.571652 -0.898301 -5.000000 1.620958 2.360860 -1.133921 -1.798304 0.074395 0.657768 0.246480 -0.881992 -2.031023 4.322630 -2.921220 -4.660108 -0.284823 -4.463874 -1.991284 0.857880 0.754838 -2.890852 -1.967327 -2.953094 3.033531 -2.176397 -1.074799 -3.457765 0.944036 -0.600416 -2.482031
154 732.9694607000 17.0000000000 6.0000000000 1.5083595192 10.0000000000 6.2078765475 0.9812432271 4.1309983211 -0.0862637458 3.7231377473 -0.0863297481 17.0651471285 -1114.4533687079 25.8201484968 6.5951619989 -1.911648 -0.091133 1.147222 -2.884467 1.512764 0.636859 -1.602324 2.550250 4.376265 -1.792065 1.977836 0.934165 -2.285701 1.626094 2.883026 -2.125308 3.146741 -1.835599 2.332173 1.271470 0.871210 -3.957128 1.555999 -0.906043 -1.631667 1.456265 -2.807394 -1.964158 -1.378415 1.639465 -1.607747 -0.548796 -4.096024 1.046593 -3.847739 1.702296 -0.533974 -1.204815 2.286587 -2.200190
167 537.3418193398 17.0000000000 6.0000000000 1.4675997420 11.0000000000 6.1954251043 0.9792473313 4.8089451352 0.0261622231 4.2682246857 0.0044280001 23.1259533133 -1108.1663696922 26.3005662684 6.7015003114 -1.356776 -0.770262 -0.451939 -0.535198 1.780689 0.314053 0.350545 -0.171712 2.554280 -3.349998 4.366965 -0.113998 -2.351966 3.884841 3.699948 1.776076 1.259651 -1.156749 4.640081 1.154894 1.587396 -3.240858 2.944858 0.014736 -0.333049 -0.947054 -2.189399 -0.798849 2.267926 1.360983 -1.512495 -1.056135 -0.968018 3.062041 -1.640837 -0.202275 2.852027 1.351273 -0.857276 -4.582366
523 513.8307544774 17.0000000000 6.0000000000 1.1658403243 34.0000000000 5.9445202563 0.9382429663 4.8161076755 -0.0627398259 3.9988560521 -0.0398365252 23.1948931425 -980.7144112381 28.2374164559 7.1930609723 -3.714309 0.450757 0.445655 -0.149035 2.066542 -0.317130 -2.766611 4.025505 -0.319377 -3.703724 4.554425 -1.783168 -0.830106 0.627284 -0.277108 1.893200 0.845737 0.839150 3.201709 -0.367392 1.019179 0.020429 -1.956444 -1.502236 3.345188 2.257825 1.654236 -2.382239 1.291920 2.433648 0.618422 -1.358084 -0.925900 2.369489 -2.333034 -3.521266 0.726900 -0.830255 -4.533019 0.034218
1005 145024.9115241457 17.0000000000 6.0000000000 0.7439047222 67.0000000000 5.6159279849 0.8846732517 4.7093803795 0.0447174296 4.1150495607 0.0237139314 22.1782635587 -587.7621671895 25.5909917325 6.5748029571 -4.383327 3.166860 4.722097 1.521704 2.192526 0.664975 -1.911236 1.388379 -2.060638 -3.176360 2.232972 -1.000524 -1.126485 0.718984 3.160116 3.674371 -0.254560 0.032575 1.955176 -5.000000 2.840551 4.015484 1.068553 -1.814946 -0.025285 1.023854 -1.754733 -1.896600 0.680618 3.140421 4.042960 -3.982713 -1.168605 3.335416 -2.107098 -2.673237 0.811157 1.832921 -4.001729 -2.661070
evaluations raw_y rep iid sigma t d_norm d_mean ps_norm ps_mean pc_norm pc_mean ps_squared loglikelihood mhl_norm mhl_mean x0 x1 x2 x3 x4 x5 x6 x7 x8 x9 x10 x11 x12 x13 x14 x15 x16 x17 x18 x19 x20 x21 x22 x23 x24 x25 x26 x27 x28 x29 x30 x31 x32 x33 x34 x35 x36 x37 x38 x39
1 16596866.5164227169 18.0000000000 6.0000000000 0.7439047222 67.0000000000 5.6159279849 0.8846732517 4.7093803795 0.0447174296 4.1150495607 0.0237139314 22.1782635587 -587.7621671895 25.5909917325 6.5748029571 0.158857 4.380405 -0.269784 0.321036 0.885396 1.246783 2.017807 0.788498 -0.672773 -1.291813 1.610915 0.832886 1.149239 -2.203343 -1.989514 2.691039 1.163736 1.074477 4.134094 -0.580648 1.202730 -1.129054 -2.335903 -2.044004 1.767039 -1.067489 -2.700864 0.460188 1.789710 2.741520 4.927403 2.255803 -1.638428 0.134928 2.154433 -1.107090 1.355235 2.082987 -3.502844 0.237339
2 793649.9343616886 18.0000000000 6.0000000000 0.7439047222 67.0000000000 5.6159279849 0.8846732517 4.7093803795 0.0447174296 4.1150495607 0.0237139314 22.1782635587 -587.7621671895 25.5909917325 6.5748029571 2.277402 1.354170 0.612270 -0.030544 4.135977 -0.090536 -3.206250 -0.935504 0.297315 0.705742 -0.501302 0.172256 -0.340330 1.701336 -2.237533 -0.147728 -2.826398 -2.239788 0.744920 -0.886148 1.940151 0.114399 1.068929 2.432949 -1.111856 -4.582294 -3.010252 -2.485479 -0.922775 -2.466883 0.968889 1.176252 -1.083262 1.065766 0.948540 4.128864 4.340174 -0.705943 5.000000 -1.807078
14 484732.7717931105 18.0000000000 6.0000000000 0.7439047222 67.0000000000 5.6159279849 0.8846732517 4.7093803795 0.0447174296 4.1150495607 0.0237139314 22.1782635587 -587.7621671895 25.5909917325 6.5748029571 -0.720073 -1.010362 2.850734 3.292814 2.182422 -0.252597 -0.531749 1.044135 0.488147 -0.584924 1.649100 -3.334156 1.873833 -0.828200 -0.692715 -2.637781 -2.085370 -1.026380 -1.337090 -4.695620 2.762903 0.239855 0.862736 1.151183 2.013241 1.446798 2.318391 -3.267166 0.528696 1.154800 0.557785 -1.069748 -2.882708 -0.656542 1.878848 0.079355 -4.596523 0.666651 -2.026895 -0.130575
17 286262.1516550811 18.0000000000 6.0000000000 1.8990983792 1.0000000000 6.3129339512 0.9981389531 3.4954686947 0.0418489206 2.9642892420 0.0354894625 12.2183013958 -1305.5570765219 27.2043953183 6.9676258295 1.132502 3.486103 1.624208 1.535371 1.949556 -0.748014 -5.000000 1.150222 5.000000 1.018867 0.635923 -1.277906 -1.676535 1.862429 1.313303 1.324335 -1.251145 -1.819161 -2.083939 -5.000000 1.115762 3.075819 2.311048 1.612838 -0.556311 -1.085752 -0.375501 -2.532495 1.357701 1.054584 0.364587 -2.325599 0.237755 -0.274796 -0.194787 -1.218120 0.583741 -2.976675 0.223596 -3.540938
18 39145.6705701771 18.0000000000 6.0000000000 1.8990983792 1.0000000000 6.3129339512 0.9981389531 3.4954686947 0.0418489206 2.9642892420 0.0354894625 12.2183013958 -1305.5570765219 27.2043953183 6.9676258295 -1.937259 -2.653735 -0.536051 -2.661438 3.696563 -2.102719 2.492106 -0.703622 2.609509 -0.691981 0.357782 -1.799351 1.845524 -0.587911 -0.180626 1.767019 -0.786084 -0.426035 4.216525 -5.000000 2.748251 0.256601 -1.191223 1.777978 2.246211 -1.820291 0.415521 -0.213192 1.816097 -0.909644 2.794425 3.050358 -1.809357 2.399764 0.503892 3.178414 -1.792891 0.988470 -0.375693 2.902955
26 21885.8114688080 18.0000000000 6.0000000000 1.8990983792 1.0000000000 6.3129339512 0.9981389531 3.4954686947 0.0418489206 2.9642892420 0.0354894625 12.2183013958 -1305.5570765219 27.2043953183 6.9676258295 -0.335030 0.457615 1.079051 0.264226 4.198063 -3.452300 -1.197163 -1.379169 1.225266 -3.802191 -0.168255 -0.184009 2.623927 0.982625 1.651320 -0.166313 -1.575884 0.380138 1.196903 -1.835007 5.000000 -0.037385 -0.875410 1.459054 4.620185 -0.449866 0.658133 -2.624968 2.653510 -0.203720 0.454583 3.335744 1.357123 1.237394 -1.233903 2.775921 1.493710 1.694200 -0.252063 -3.896653
79 4085.0870753553 18.0000000000 6.0000000000 1.7297324336 5.0000000000 6.2682221863 0.9909663109 5.8040517067 0.0678233332 5.1729948468 0.0659410910 33.6870162143 -1212.0703222408 26.0456311467 6.6458520115 -3.358398 0.737531 -5.000000 -0.201364 3.181044 -3.198034 0.095836 -1.730691 5.000000 -0.076761 1.455637 -4.372075 -0.538360 3.927067 3.324394 0.107678 -1.808863 -0.397651 0.206016 -2.221027 2.817178 -0.277483 3.053433 4.899579 2.449108 -0.994046 -2.452825 0.016068 4.849229 5.000000 -2.428352 3.156823 -3.471743 1.826963 3.690993 3.299523 0.403326 2.171915 -3.475849 -1.760823
119 2109.1134567078 18.0000000000 6.0000000000 1.6984995842 7.0000000000 6.2443845413 0.9871187976 5.7679528014 0.0642419608 5.2865112847 0.0653180061 33.2692795187 -1151.4131629344 24.2521787393 6.1860769045 0.294758 -1.573057 -5.000000 0.794770 0.960781 -4.962570 1.616052 -1.865702 4.020393 3.878595 3.484313 -1.713258 -1.110599 1.613019 -0.147291 -2.571750 0.750110 -0.174200 1.478332 2.846422 4.281686 -0.721708 3.207133 5.000000 -0.606831 -0.043448 -2.844664 0.650112 2.496140 2.785495 0.514069 3.835079 -0.309631 1.333524 1.903154 1.645759 -0.990927 3.389377 1.014815 -2.050439
123 1459.3074609381 18.0000000000 6.0000000000 1.6739576190 8.0000000000 6.2347547415 0.9855454733 5.5008750971 0.1765683440 5.0278613345 0.1579018070 30.2596268334 -1137.7275227481 24.0351163165 6.1658147478 -0.078105 2.470572 -4.870201 1.269607 2.845871 -5.000000 -1.058272 -5.000000 1.282886 1.618876 2.222059 -1.748557 -0.972576 1.049447 -0.712768 -0.271715 -1.413676 -1.431562 0.695755 -1.596700 4.466980 0.246149 -2.341012 5.000000 -0.815830 3.010917 -2.172175 -0.309442 2.405955 5.000000 0.237312 -0.161727 -1.685191 1.589255 1.351259 -3.884281 -0.797916 1.117739 1.159498 -2.503494
163 1425.8273224200 18.0000000000 6.0000000000 1.6045766337 10.0000000000 6.2125264177 0.9819607641 5.3511984650 -0.0112865152 4.8171970182 0.0070886358 28.6353250120 -1111.1523600511 24.1551521808 6.1714558122 -1.675688 -0.193600 -3.963287 0.683329 0.292069 -2.249600 0.360374 -5.000000 1.848134 -0.001547 2.910190 -2.889472 -4.101129 1.940078 -1.401321 -1.410722 -1.545910 1.041122 1.964933 1.278006 3.332426 -0.093032 1.562793 5.000000 -2.552347 2.132171 -2.897808 -0.954182 1.355005 4.437606 -4.270538 -1.526975 -1.940446 -0.747912 1.115760 -0.449645 2.817557 5.000000 -2.126843 0.883937
215 754.4589798061 18.0000000000 6.0000000000 1.4262886330 14.0000000000 6.1661269650 0.9744880905 4.1398847211 0.2045808260 3.9316840486 0.1922943357 17.1386455042 -1062.5623078010 25.3904817765 6.4820616637 -1.300006 -0.619111 -2.990784 1.360035 1.328238 -2.042911 1.810487 -4.983794 2.931235 1.960336 3.629470 -1.557553 -2.336596 0.402884 1.265773 3.675246 -1.922579 5.000000 2.329263 -0.203241 4.816410 0.932477 -0.076239 5.000000 -2.183689 -1.555802 -2.379964 -1.968129 0.863360 3.102684 -0.209079 1.539124 -3.246628 3.073616 -1.161378 -1.046392 2.034069 -0.824332 -2.918516 -0.670768
321 314.7926779688 18.0000000000 6.0000000000 1.2020206906 21.0000000000 6.0834102164 0.9612059636 5.4322609340 0.3057165549 4.8258068191 0.2865529138 29.5094588548 -939.4543333895 25.0168265141 6.4373580331 -0.365243 0.888680 -4.151653 -0.354202 0.243672 -2.597611 -0.947176 -1.988810 2.668926 3.919943 -0.850234 -1.611226 0.441203 3.134697 0.335794 1.684253 -1.338797 2.887385 4.130368 -2.969912 2.318031 -0.101866 3.073129 2.568463 0.103967 -1.035170 -0.065886 -2.431394 4.994288 1.380979 0.045488 -0.268962 -1.120472 1.631303 1.812459 3.840778 -0.420550 -2.091914 -1.883424 -0.523579
1005 98445.2146730099 18.0000000000 6.0000000000 0.8278904852 67.0000000000 5.6225330440 0.8856699371 6.5063142045 -0.1637608995 5.5963094171 -0.1451854913 42.3321245274 -623.9653345379 24.1918790949 6.1887924863 -1.808281 0.563239 -1.126604 1.684300 0.996699 -2.772457 -0.100291 -4.091483 -2.402094 2.514924 -0.557920 -1.879291 1.478995 1.212456 1.493945 4.494879 1.437787 4.243059 3.381013 -2.721818 5.000000 0.633512 2.573729 2.952638 -1.247086 -1.791421 -1.945340 1.073813 3.010653 1.304518 2.481227 2.211888 1.886203 2.666435 -1.621972 2.335130 0.664764 -0.548769 0.469691 -2.256181
evaluations raw_y rep iid sigma t d_norm d_mean ps_norm ps_mean pc_norm pc_mean ps_squared loglikelihood mhl_norm mhl_mean x0 x1 x2 x3 x4 x5 x6 x7 x8 x9 x10 x11 x12 x13 x14 x15 x16 x17 x18 x19 x20 x21 x22 x23 x24 x25 x26 x27 x28 x29 x30 x31 x32 x33 x34 x35 x36 x37 x38 x39
1 9477574.5550231002 19.0000000000 6.0000000000 0.8278904852 67.0000000000 5.6225330440 0.8856699371 6.5063142045 -0.1637608995 5.5963094171 -0.1451854913 42.3321245274 -623.9653345379 24.1918790949 6.1887924863 0.442007 -0.680930 -1.155497 -0.808063 -1.206579 -0.487705 2.070687 1.161507 0.504827 -2.925092 -3.096683 0.530545 -0.001792 -2.031985 0.223979 -2.383904 3.111088 -1.866600 1.053068 -0.299929 1.045571 2.684310 3.117043 2.511988 1.817207 -1.681803 2.011170 -2.047608 0.363548 -0.833362 3.956817 3.834889 -2.062014 -0.966624 -1.290160 0.120696 1.095861 1.690297 -2.414363 0.749681
3 9029513.8293719403 19.0000000000 6.0000000000 0.8278904852 67.0000000000 5.6225330440 0.8856699371 6.5063142045 -0.1637608995 5.5963094171 -0.1451854913 42.3321245274 -623.9653345379 24.1918790949 6.1887924863 0.904479 0.916412 2.467994 -2.345355 1.446211 0.625442 2.493022 -2.886419 -1.060698 -2.177859 -0.437805 0.407340 1.486318 0.883542 0.659916 0.806712 -1.806701 -0.101681 2.106765 -2.779372 -3.154332 1.137469 -2.110791 -2.462959 -0.487851 -0.472062 1.172666 -3.678947 -2.594238 -2.617865 -1.325683 0.350740 -3.289920 1.706522 0.341217 -3.320893 4.198935 2.542746 -1.417901 0.352400
4 46319.0920508517 19.0000000000 6.0000000000 0.8278904852 67.0000000000 5.6225330440 0.8856699371 6.5063142045 -0.1637608995 5.5963094171 -0.1451854913 42.3321245274 -623.9653345379 24.1918790949 6.1887924863 -4.131995 2.196270 -1.027764 -2.503946 -0.116415 -2.700748 -1.058849 0.411558 3.002041 1.149293 0.084207 2.414102 -0.668492 -0.941660 1.532649 -1.045759 -1.608802 1.728898 -0.729073 1.058439 0.059788 -1.294914 1.897924 -0.106627 1.907699 -0.856539 0.884163 0.689811 -1.541798 -0.518677 -0.381424 -1.949948 -0.099859 -0.545062 -1.686709 -0.111311 1.382976 -1.525134 -0.501758 -2.741899
7 26472.6047883777 19.0000000000 6.0000000000 0.8278904852 67.0000000000 5.6225330440 0.8856699371 6.5063142045 -0.1637608995 5.5963094171 -0.1451854913 42.3321245274 -623.9653345379 24.1918790949 6.1887924863 -0.637305 0.494608 0.969331 1.889753 -1.540507 0.698415 -0.702856 3.033233 1.809130 -1.310077 3.447412 -0.301423 -1.853381 -0.405528 1.431269 -1.369307 -0.056476 3.195928 -0.360540 0.375205 0.376520 1.272677 0.804231 2.390208 0.734695 0.733779 1.445668 -0.382338 -1.835263 -5.000000 -0.457404 0.006385 -1.521497 -3.573020 -0.680178 -1.649042 2.899563 1.115495 -2.163837 1.359142
16 23072.7536011077 19.0000000000 6.0000000000 1.8786156311 1.0000000000 6.3114123438 0.9979063076 2.9110861917 -0.0247119775 2.4687108466 -0.0209566886 8.4744228154 -1269.5483233272 26.1350994661 6.6479991329 -0.629723 -0.141878 -1.387918 3.448007 -0.551714 -2.037014 0.531288 1.021502 -1.358897 2.179745 -0.551385 -1.385952 -3.211664 0.613383 1.799652 -3.654621 1.643849 3.179011 -1.797877 -2.859546 2.194055 -0.456716 -2.067524 0.942488 2.370266 -1.151166 4.491817 2.857604 0.755755 -3.812997 2.592006 2.476551 -1.240169 0.361178 -2.698164 -4.328516 0.548535 -0.816275 -2.463096 -0.118099
32 1346.4174064403 19.0000000000 6.0000000000 1.8159832239 2.0000000000 6.3005572638 0.9961621867 4.4579261604 -0.0010039077 3.8408546290 -0.0013840591 19.8731056517 -1261.0847967293 26.6109721596 6.8034736125 -0.004999 -5.000000 -4.786783 1.909972 -2.612770 0.320177 -0.409757 -2.868616 1.737085 2.753167 -1.945981 -2.676958 0.229966 2.779921 3.517160 -3.098117 -1.000764 3.772197 1.340409 -2.082494 0.597189 -0.405368 -0.501010 2.480048 1.798246 -0.976996 -1.061724 1.908657 -2.916735 -4.064679 3.042846 -0.296824 -2.056349 -2.861326 -2.644603 -4.364141 4.347223 -2.666180 0.516448 -1.419523
181 673.3918788637 19.0000000000 6.0000000000 1.5503278653 12.0000000000 6.1824916406 0.9770933556 4.9304283816 0.0367617552 4.6677171382 -0.0206514010 24.3091240257 -1105.2674600872 24.9600691331 6.3750735066 -3.805822 -0.342954 -2.156075 2.337735 0.707994 -4.905723 -2.313464 -2.035462 3.466452 -1.304366 -5.000000 -0.232314 -0.654080 -0.665133 1.672369 1.345038 -0.391788 2.036711 -1.787523 -0.225924 -0.425049 1.490065 -2.494516 2.381202 -3.276185 -1.300706 4.533365 2.920920 -0.199759 -4.118066 3.145675 -1.788629 0.407428 -0.940964 0.158761 -4.956059 2.816835 -3.917455 -0.212671 -3.344352
345 628.3055974480 19.0000000000 6.0000000000 1.2377937917 22.0000000000 6.0634220236 0.9579186590 5.5371024274 -0.0931751189 4.9969093030 -0.0674250539 30.6595032920 -946.5866810926 24.7585673721 6.3061420390 -2.694397 -2.381702 0.669769 3.219599 -5.000000 -3.084131 -2.916222 -2.074967 2.313527 -5.000000 -2.935113 -2.477161 -0.958888 0.151225 3.377413 2.966778 -0.333272 3.891376 1.681204 -2.672169 0.245951 2.297885 -2.755001 -0.533185 -5.000000 -1.125196 0.064307 1.936435 3.245367 -3.491102 5.000000 0.218322 2.912002 1.653802 1.613784 -1.330309 2.840517 1.747182 -2.555835 -2.363071
615 565.8128848965 19.0000000000 6.0000000000 1.1164094425 40.0000000000 5.8830037298 0.9283170024 6.2017437979 0.2880915117 5.5992787171 0.2667777853 38.4616261346 -832.0276076468 23.6074492380 6.0542794215 -1.394443 -3.538314 0.420899 1.090793 -0.779491 -4.042133 -0.854293 2.774804 1.598862 -4.086991 -2.470892 -3.407909 0.874368 4.264760 1.445643 1.990173 -2.288163 1.899611 0.456238 -1.038816 2.119094 3.814804 -2.294766 2.876818 -0.917042 0.872606 2.992303 -0.566071 3.793635 -3.035033 1.265932 1.817972 3.112840 4.105823 1.968088 -1.078642 1.159055 0.971244 -0.517224 1.159811
668 514.1058296486 19.0000000000 6.0000000000 1.0740728832 44.0000000000 5.8436267800 0.9218038935 5.8993478531 0.2256447504 5.4060329898 0.2368061712 34.8023050914 -818.5568072332 24.5066415001 6.2575163267 -3.289625 -0.608507 1.210068 1.245901 -1.652401 -3.144491 0.376390 2.566182 2.832191 -2.524774 -3.386097 -1.606039 -0.742510 1.530887 1.536990 1.232621 -2.590375 1.775310 0.704226 -0.619240 3.230746 4.633065 -2.438511 1.831176 -1.257875 1.133435 3.807411 -2.462060 2.547660 -2.620174 2.175347 -0.874557 1.600737 2.873926 1.500771 0.829724 1.467320 -0.551532 0.190850 -0.757863
755 423.5672832893 19.0000000000 6.0000000000 1.0084823508 50.0000000000 5.7804641998 0.9114232678 6.2684888984 0.2190078035 5.7518527694 0.2482988642 39.2939530690 -789.9691490357 25.3394055400 6.4426151651 -1.208834 0.038852 -0.813515 1.172706 -0.723596 -3.777469 -1.432925 4.199239 2.543831 -1.425929 -5.000000 -1.786351 0.841151 3.903264 3.736047 -0.556842 -3.123011 3.569333 -0.270128 -0.620575 4.688672 1.677491 -1.776874 3.156927 0.486573 2.688000 0.875739 -2.920589 4.223055 -1.264834 1.098740 -0.456644 1.848245 3.375283 1.948549 -0.314786 0.181624 -0.818876 0.018811 0.981594
1005 438641.2442882611 19.0000000000 6.0000000000 0.9036167403 67.0000000000 5.6123887026 0.8835400316 5.6028795353 -0.0018916176 4.7049655417 -0.0185908240 31.3922590871 -751.2807765897 27.6400342067 7.0452810873 -2.887735 1.106972 -3.846015 0.818603 -3.815211 -4.154328 -3.301636 0.178782 1.686228 0.419572 -0.758604 -1.384522 0.279841 3.305857 3.610295 1.962930 -4.390758 4.328872 -0.878826 3.487020 2.185765 2.970196 -0.770274 4.009280 -2.776101 2.095364 0.996467 -3.667152 2.088560 -4.278797 4.006300 -1.927770 -2.065089 2.500424 1.519426 -1.767436 3.442245 -1.921530 0.859220 0.084273
evaluations raw_y rep iid sigma t d_norm d_mean ps_norm ps_mean pc_norm pc_mean ps_squared loglikelihood mhl_norm mhl_mean x0 x1 x2 x3 x4 x5 x6 x7 x8 x9 x10 x11 x12 x13 x14 x15 x16 x17 x18 x19 x20 x21 x22 x23 x24 x25 x26 x27 x28 x29 x30 x31 x32 x33 x34 x35 x36 x37 x38 x39
1 10852085.8177812882 0.0000000000 7.0000000000 0.9036167403 67.0000000000 5.6123887026 0.8835400316 5.6028795353 -0.0018916176 4.7049655417 -0.0185908240 31.3922590871 -751.2807765897 27.6400342067 7.0452810873 3.528105 0.800314 1.957476 4.481786 3.735116 -1.954556 1.900177 -0.302714 -0.206438 0.821197 0.288087 2.908547 1.522075 0.243350 0.887726 0.667349 2.988158 -0.410317 0.626135 -1.708191 -5.000000 1.307237 1.728872 -1.484330 4.539509 -2.908731 0.091517 -0.374368 3.065558 2.938718 0.309895 0.756325 -1.775571 -3.961593 -0.695824 0.312698 2.460581 2.404760 -0.774654 -0.604606
2 285096.9294035386 0.0000000000 7.0000000000 0.9036167403 67.0000000000 5.6123887026 0.8835400316 5.6028795353 -0.0018916176 4.7049655417 -0.0185908240 31.3922590871 -751.2807765897 27.6400342067 7.0452810873 -2.097106 -2.840036 -3.412540 3.901551 -1.019304 -0.876149 -2.505591 1.554981 -3.227796 -0.425481 -1.790933 0.773805 -1.021610 -2.361264 -0.056364 0.856664 0.133034 0.604944 -1.268644 -0.725482 -1.344921 -0.719106 -1.626293 -3.452565 0.354852 -0.803562 -3.260397 0.925565 -1.814597 0.103891 1.458181 0.257966 2.278801 -2.469652 0.804683 -1.369620 -1.741594 -1.157699 -0.623105 0.112331
7 1846.7365471019 0.0000000000 7.0000000000 0.9036167403 67.0000000000 5.6123887026 0.8835400316 5.6028795353 -0.0018916176 4.7049655417 -0.0185908240 31.3922590871 -751.2807765897 27.6400342067 7.0452810873 -1.274874 -0.794544 -0.265761 -0.595582 -0.618026 -3.352008 2.304663 2.159237 -1.626729 -2.932849 1.042130 -1.151576 0.283906 -0.638657 1.383078 1.389498 -1.451195 -2.766728 -3.165877 1.220759 -2.377719 -1.013633 -1.192628 -0.105135 -3.872560 0.377557 1.047782 0.176844 -0.621772 0.194800 0.798093 -5.000000 3.911825 0.780187 -1.304817 -0.781907 0.987484 -0.232208 -4.061369 4.128986
78 1040.5414116949 0.0000000000 7.0000000000 1.6648152775 5.0000000000 6.2630665262 0.9901496090 4.9344745415 -0.1630244993 4.3774094415 -0.1469555535 24.3490390007 -1153.3928486650 24.6570955148 6.2679458032 -0.215972 -1.775008 -4.618090 1.722909 0.534522 -0.859630 -0.917998 0.951153 5.000000 2.954425 -1.675112 0.308873 5.000000 -1.704483 -2.986674 -1.645664 -3.794672 0.430046 0.301664 -4.063862 4.387059 -0.155267 -0.195422 -0.650476 -2.987861 1.921302 0.041782 -0.295400 2.779286 -0.547405 -0.624779 1.150989 0.767742 1.049706 -0.186917 0.033042 2.271340 2.392535 -2.876606 -1.277496
83 811.2177046694 0.0000000000 7.0000000000 1.6648152775 5.0000000000 6.2630665262 0.9901496090 4.9344745415 -0.1630244993 4.3774094415 -0.1469555535 24.3490390007 -1153.3928486650 24.6570955148 6.2679458032 -0.138213 0.397498 -1.504962 0.740403 -0.320666 -3.342160 2.753573 -1.154208 0.253233 -0.183813 4.584844 0.763909 2.305265 -4.415714 1.024447 -3.083022 -0.966502 -4.045267 -3.474632 -0.956358 -0.128530 1.626977 -1.921143 -1.118325 -2.077441 -0.189922 1.336548 -2.497912 -0.030797 -4.934745 -0.033299 1.527977 1.811732 -1.572185 2.219562 3.341213 -1.462067 2.939796 -1.386673 2.497741
157 365.8033466220 0.0000000000 7.0000000000 1.5828154837 10.0000000000 6.2115013352 0.9817902482 5.9771438414 -0.0512214009 5.5274503360 -0.0639062028 35.7262485010 -1092.9793128216 23.7567314765 6.0862243647 0.583703 -0.706474 -3.114754 3.252378 -1.278952 -1.128535 2.514978 -1.153969 1.325319 2.091591 1.866552 -0.816416 2.696220 -4.723517 -1.395699 -1.429220 -1.864272 -0.501284 -1.218714 0.056216 2.903904 2.594696 1.430837 -4.909084 -4.190257 -0.149531 -0.910339 -2.124965 -1.643690 -0.920312 2.034251 -0.929197 0.416977 -1.760468 -2.055279 5.000000 2.552759 3.716164 -3.811033 2.495949
492 350.6605336699 0.0000000000 7.0000000000 1.0545887697 32.0000000000 5.9630488487 0.9415745203 6.2743653559 -0.0677176676 5.4833939165 -0.0830740505 39.3676606192 -846.0401491632 25.1450484518 6.3936545360 1.227611 -2.863136 -2.351275 2.415820 1.664400 -4.994773 3.157024 -1.426671 -0.347486 -2.344810 -1.365881 1.608185 1.250861 -3.309938 -0.340020 2.638282 -1.826800 -0.649080 -5.000000 -3.461766 2.822900 5.000000 0.962622 -0.277776 -2.115324 -2.185552 -0.631137 -3.749886 2.657599 1.817989 1.448702 1.577422 1.051658 3.671380 -2.907190 -0.636247 2.145626 2.312579 -4.002995 1.350890
1005 1584089.3031444156 0.0000000000 7.0000000000 0.8934034092 67.0000000000 5.6312750009 0.8865993109 5.9981241496 0.1399281156 5.7003642415 0.1159289242 35.9774933140 -673.7629397725 24.3036554470 6.2178706158 0.161408 -4.211599 -0.937507 -3.964495 -1.416042 -3.136356 2.627539 -0.421731 4.051046 -0.346882 2.400143 2.379191 2.385565 -1.946402 -5.000000 2.719298 -1.872031 -4.202136 0.822074 -4.400042 4.631479 5.000000 0.558638 1.368821 -4.221159 -2.623795 -4.681613 -0.376414 0.978836 3.010772 -0.086286 0.704859 2.860109 3.731765 -2.120286 -0.368579 1.725324 0.971472 -3.738206 5.000000
evaluations raw_y rep iid sigma t d_norm d_mean ps_norm ps_mean pc_norm pc_mean ps_squared loglikelihood mhl_norm mhl_mean x0 x1 x2 x3 x4 x5 x6 x7 x8 x9 x10 x11 x12 x13 x14 x15 x16 x17 x18 x19 x20 x21 x22 x23 x24 x25 x26 x27 x28 x29 x30 x31 x32 x33 x34 x35 x36 x37 x38 x39
1 2705986.9644025788 1.0000000000 7.0000000000 0.8934034092 67.0000000000 5.6312750009 0.8865993109 5.9981241496 0.1399281156 5.7003642415 0.1159289242 35.9774933140 -673.7629397725 24.3036554470 6.2178706158 3.248691 -1.223513 -1.056344 -2.145937 1.730815 -4.603077 3.489624 -1.522414 0.638078 -0.498741 2.924216 -4.120281 -0.644834 -0.768109 2.267539 -2.199783 -0.344856 -1.755717 0.084427 1.165630 -2.201238 2.289447 1.803181 1.004989 1.801712 -1.367456 -0.245780 -1.871539 -0.535776 1.060711 -1.383322 -0.793507 -1.374345 -1.690411 -1.342492 -0.025329 -2.234621 0.468831 3.319604 1.484088
2 497955.7485022686 1.0000000000 7.0000000000 0.8934034092 67.0000000000 5.6312750009 0.8865993109 5.9981241496 0.1399281156 5.7003642415 0.1159289242 35.9774933140 -673.7629397725 24.3036554470 6.2178706158 -0.383671 -1.775258 -1.494317 3.384909 0.101616 -1.273991 0.381831 4.200510 0.240318 1.234406 0.600341 -0.704500 -2.285036 -0.698685 -0.417788 1.173246 1.677967 1.862204 0.571175 1.770282 -1.508796 2.505736 1.025860 -0.596186 0.977036 -0.151143 2.263259 3.039634 4.371151 -2.792993 -2.888228 -1.008932 0.320074 1.752338 0.631270 -4.044402 -0.612408 1.655949 0.460189 1.524022
6 210302.4839651638 1.0000000000 7.0000000000 0.8934034092 67.0000000000 5.6312750009 0.8865993109 5.9981241496 0.1399281156 5.7003642415 0.1159289242 35.9774933140 -673.7629397725 24.3036554470 6.2178706158 -0.801756 1.648011 -1.124611 3.909756 -2.663903 -3.521377 -3.301443 -1.781111 -2.238231 3.912158 -0.652999 -2.685352 2.228766 -1.173048 -2.473707 1.751678 1.246724 -0.869913 2.815080 0.258203 3.233899 1.005482 3.117611 0.218805 -2.439489 4.898737 -1.091548 -0.397676 -1.400797 -0.406789 0.485339 0.403660 1.322041 3.584316 -0.240929 -2.466241 -2.364636 -1.331509 -3.348392 1.650060
25 132567.9936658564 1.0000000000 7.0000000000 1.9022478647 1.0000000000 6.3125361000 0.9980723345 3.5847655317 0.0592546679 3.0400163265 0.0502501924 12.8505439174 -1299.7013951712 26.9378682233 6.8902898502 -1.503078 1.561026 -2.066133 1.180858 -2.077954 -2.274964 -0.581170 0.644567 -1.174618 1.251277 -0.376941 -5.000000 0.164918 2.869996 0.253057 3.953258 0.042085 0.679761 0.221927 -1.198927 -1.983085 0.655346 -0.564027 -1.510618 -3.943533 2.064593 -0.646479 -0.752540 0.622080 -3.082620 -0.091217 -0.803031 -1.785800 -0.023234 -0.749403 -1.154662 -1.707041 0.264315 -1.675436 3.789501
29 116419.5250118949 1.0000000000 7.0000000000 1.9022478647 1.0000000000 6.3125361000 0.9980723345 3.5847655317 0.0592546679 3.0400163265 0.0502501924 12.8505439174 -1299.7013951712 26.9378682233 6.8902898502 0.222987 -0.185218 -3.211066 3.238384 0.819618 -2.591885 -3.157881 -0.017432 -5.000000 1.550470 0.276158 0.876159 1.526547 -0.673183 0.607436 -1.369404 1.772518 -0.111855 -0.506091 0.796599 5.000000 1.130756 -1.891294 -1.040439 -0.866382 0.937858 0.619868 0.373773 -1.280211 -2.224335 -2.000652 -1.193486 -0.385410 0.610541 0.411178 1.623881 -1.704361 -0.797986 -2.052831 2.594714
31 95301.5516618964 1.0000000000 7.0000000000 1.8219854114 2.0000000000 6.2979538268 0.9957478934 3.9620685400 -0.0874858819 3.4469858898 -0.0723492582 15.6979871154 -1232.6661724562 25.5220267346 6.4966746496 -2.186137 -1.333921 -0.099820 1.925013 -3.320852 -1.299449 -2.319141 -0.619271 -2.605074 0.948929 0.089618 -2.848861 1.208586 -0.969655 3.661741 -2.220961 -1.860071 0.620345 -0.346720 -2.577635 -1.762555 -0.404657 -1.561881 -2.852920 -2.293098 -1.122000 -1.779141 -1.223105 0.888290 -0.405244 -1.047704 0.195176 0.562713 4.464673 0.110834 -1.155702 -1.691867 1.807977 0.710067 3.602243
61 14403.9680285620 1.0000000000 7.0000000000 1.6985725727 4.0000000000 6.2739066862 0.9918886068 4.8405121888 -0.1018982869 4.3415021401 -0.0925843823 23.4305582497 -1159.1122422011 24.3483135544 6.2331603762 -2.382495 -0.413084 -3.540204 4.065258 -2.611430 -2.296880 -3.108882 -2.074790 -3.093598 3.151683 -1.717778 0.830828 2.436992 1.594908 2.683205 -0.191777 3.962112 3.213081 2.096314 -3.784182 1.960241 4.271461 1.230933 -1.237748 -3.182401 -1.010118 2.690404 -0.810958 -0.347941 -0.439397 1.193299 -3.163710 -1.464935 4.179586 -0.759246 2.047567 -0.695596 1.125812 1.173277 3.899064
67 1489.4247250423 1.0000000000 7.0000000000 1.6985725727 4.0000000000 6.2739066862 0.9918886068 4.8405121888 -0.1018982869 4.3415021401 -0.0925843823 23.4305582497 -1159.1122422011 24.3483135544 6.2331603762 -0.703051 -0.769164 -2.816888 1.413644 -0.189753 -4.847329 -4.586440 -0.446965 -3.354231 3.584014 2.793880 0.430539 -0.061991 0.895366 0.017663 3.258758 0.798729 -0.854283 -0.382665 -3.556756 3.880354 1.408726 -0.596080 -3.137071 -1.802699 -1.539641 -0.967952 -1.778031 -1.656885 -1.090305 0.436363 -0.863186 -1.661001 1.223910 -0.839285 4.566945 1.128815 0.765339 1.141765 4.293197
104 1189.8527066225 1.0000000000 7.0000000000 1.6412411348 6.0000000000 6.2480403953 0.9877360844 5.5870195114 -0.1118282288 5.0668558763 -0.1015810390 31.2147870209 -1171.6217149538 25.8559112402 6.5649029897 -1.992599 -2.423907 -3.756147 4.461393 -2.620791 -3.665902 -5.000000 -1.453806 -5.000000 0.874751 5.000000 0.285096 -0.371798 1.878469 2.105033 3.038432 0.023832 -0.755339 -1.104293 -1.260583 0.915596 3.393556 -1.840196 -1.506435 -1.935096 -1.523320 1.476340 0.248274 3.577252 -1.107803 5.000000 -1.163631 0.967405 3.967951 -1.931170 1.570067 -0.882792 1.820697 3.720901 3.331837
207 919.7689977224 1.0000000000 7.0000000000 1.4472200932 13.0000000000 6.1690076007 0.9749329442 6.1252596450 -0.0204240339 5.6698730348 -0.0396166261 37.5188057185 -1055.9552061658 24.6696616346 6.2854730762 -4.490942 -2.062190 -1.613708 3.198308 -0.896504 -1.324777 -5.000000 -0.570701 -3.544410 1.030205 -0.911098 -5.000000 -0.169408 0.908240 0.997433 2.771847 -2.443515 2.491858 3.589663 -1.209114 1.374656 -0.591223 -3.824005 0.849283 -3.696005 -2.093816 -1.882679 -0.236149 -3.532172 -3.058949 2.886630 -0.352946 5.000000 5.000000 -1.813239 2.097377 -1.058383 2.278217 1.089531 4.196844
254 587.3501058176 1.0000000000 7.0000000000 1.3740897824 16.0000000000 6.1366102882 0.9696711216 5.2227922063 0.1611596467 4.9306300829 0.1168108362 27.2775584306 -988.1519010388 23.3703495810 5.9838185673 -5.000000 0.702205 0.490309 3.715938 2.218447 -0.741497 -1.502669 1.358522 -1.274538 0.461840 -0.613808 -3.519759 2.139267 1.247849 3.418345 4.653964 0.224705 1.434885 2.649810 -1.603401 0.761986 0.608576 -0.324621 1.266011 -3.149818 -3.664182 1.527722 -4.212615 -1.810988 -3.626084 0.354124 1.359593 3.098288 4.773209 -1.502450 2.748286 -3.565839 -0.145480 1.015728 3.077708
288 384.7138850593 1.0000000000 7.0000000000 1.2804408621 19.0000000000 6.1035280019 0.9643396407 5.5672713861 0.1557697727 4.8246845711 0.1296572514 30.9945106860 -957.6396004445 24.0387371694 6.1540903575 -4.676034 1.519153 -1.668193 4.894038 1.053813 -1.740232 -1.982486 0.713328 -0.092546 -0.460099 1.255401 -3.038354 2.125394 0.590309 3.507090 1.905310 -0.210864 1.406290 5.000000 -0.262098 0.275593 -0.377413 -0.115812 1.557792 -1.726882 -1.215856 3.007538 -1.210308 -0.907971 -3.216352 1.583094 -0.321589 3.060126 1.647343 -1.418721 3.773201 -3.604387 1.587363 0.614840 1.107057
912 378.2719046107 1.0000000000 7.0000000000 0.6076994173 60.0000000000 5.6457377677 0.8902697323 5.3243123988 0.0802777515 4.8068883594 0.0138400733 28.3483025195 -482.9571824292 25.9531066914 6.6487767067 -1.845869 2.512395 -1.596403 5.000000 0.597374 -4.069091 -2.448942 -2.105671 -2.672784 3.341800 1.794216 -1.459440 2.668189 1.900390 -4.108443 3.334088 1.171921 3.689863 3.280580 1.200870 1.927040 3.244663 -2.631889 2.557318 -3.783136 -2.346088 2.052947 0.729027 -1.668747 -1.313067 2.457223 -4.418070 2.212208 5.000000 -3.344940 2.550678 -4.061878 2.288019 -0.204753 0.420851
1005 209792.1510008936 1.0000000000 7.0000000000 0.5174412796 67.0000000000 5.5704107405 0.8779958710 4.4830537362 0.3020922199 3.6974226873 0.2372244244 20.0977708015 -376.5013010347 26.1627724941 6.7021155502 -2.778929 3.165887 -1.861459 4.729127 1.911352 -3.630041 -0.749480 -0.651741 -3.001768 3.819722 1.909692 -0.646102 1.677688 4.266854 -1.416968 3.112185 0.127547 4.787768 3.257161 0.836253 2.558997 2.550888 -2.771057 1.912232 -4.089105 -2.215761 2.001281 -0.865230 -0.714770 -1.107810 1.193282 -3.857212 3.168957 4.675280 -3.355178 2.518082 -4.173659 1.885197 -0.504857 -0.529625
evaluations raw_y rep iid sigma t d_norm d_mean ps_norm ps_mean pc_norm pc_mean ps_squared loglikelihood mhl_norm mhl_mean x0 x1 x2 x3 x4 x5 x6 x7 x8 x9 x10 x11 x12 x13 x14 x15 x16 x17 x18 x19 x20 x21 x22 x23 x24 x25 x26 x27 x28 x29 x30 x31 x32 x33 x34 x35 x36 x37 x38 x39
1 3312.5741737788 2.0000000000 7.0000000000 0.5174412796 67.0000000000 5.5704107405 0.8779958710 4.4830537362 0.3020922199 3.6974226873 0.2372244244 20.0977708015 -376.5013010347 26.1627724941 6.7021155502 -0.833516 -0.112534 -4.272392 3.280542 -3.586871 -1.683495 1.005763 -2.490576 -2.115904 -1.818015 1.102908 4.584416 0.083079 -2.235851 1.078117 -1.192319 -0.038261 2.350002 -1.495742 0.018051 -1.756216 -0.312868 0.513141 -1.977558 -0.677644 -0.472368 -1.275310 -2.375225 -2.842434 -0.306990 -0.538114 4.462734 -4.869535 0.225453 0.740889 2.719268 1.003714 -1.688427 0.000020 1.084705
107 428.5181857412 2.0000000000 7.0000000000 1.5878564862 7.0000000000 6.2394207546 0.9863569562 5.4125771061 -0.0058455748 4.9543922367 -0.0061305462 29.2959909291 -1114.9493268188 24.4558449967 6.2556375458 0.636833 3.035550 -5.000000 -2.299258 -0.485859 1.282543 -2.232863 -3.242867 -0.770281 3.945115 1.258029 -0.863731 -4.424523 -3.728424 -0.661618 -0.563940 -3.914243 3.608582 -0.311306 0.633984 4.340783 -3.278227 -0.080903 -0.375640 3.458532 -1.642748 -2.238126 -4.099472 -2.343234 1.337355 -1.804587 -1.781936 0.189743 3.831117 1.673359 0.481215 -0.628304 -1.512189 -2.549330 0.108066
704 407.5800759482 2.0000000000 7.0000000000 0.8518008253 46.0000000000 5.8227819345 0.9185774165 5.7548865743 0.1394491795 5.2789020649 0.1368724272 33.1187194833 -681.7962823402 24.4978390695 6.2874435171 0.856595 2.488822 -2.332039 -1.249097 -0.637412 1.875126 -3.740288 1.691193 2.414395 2.726932 -3.173261 -4.919547 0.640186 -0.820263 -3.751259 1.895345 -1.869234 2.502420 5.000000 3.483710 -1.142115 -1.010052 -4.369982 4.345149 -2.615588 0.203715 1.007549 0.952593 -0.492146 2.487609 -1.335079 -2.067858 1.483741 2.903972 1.729548 2.984106 -1.053204 -3.778997 -1.883437 -0.643183
1005 512.4129949619 2.0000000000 7.0000000000 0.6731958042 67.0000000000 5.6065539791 0.8832851268 6.0486472098 -0.0458621057 5.1762849195 -0.0283670213 36.5861330683 -529.0132941338 25.7202436913 6.5935922265 -0.055529 2.780582 -4.516710 -2.393427 3.201067 4.446595 -3.060689 -0.090740 3.066272 1.463101 -2.743775 -4.397670 -0.978288 -3.071691 -3.582460 2.475943 -1.336276 4.604665 4.562424 2.243500 -0.341930 0.848597 -3.826309 2.349238 -3.354477 1.607073 0.589075 -2.285727 -0.273219 1.413572 -1.490275 -1.490608 1.722293 3.760413 4.337827 2.348210 -1.142614 -3.830699 -1.467190 -3.498900
evaluations raw_y rep iid sigma t d_norm d_mean ps_norm ps_mean pc_norm pc_mean ps_squared loglikelihood mhl_norm mhl_mean x0 x1 x2 x3 x4 x5 x6 x7 x8 x9 x10 x11 x12 x13 x14 x15 x16 x17 x18 x19 x20 x21 x22 x23 x24 x25 x26 x27 x28 x29 x30 x31 x32 x33 x34 x35 x36 x37 x38 x39
1 11719061.5169949401 3.0000000000 7.0000000000 0.6731958042 67.0000000000 5.6065539791 0.8832851268 6.0486472098 -0.0458621057 5.1762849195 -0.0283670213 36.5861330683 -529.0132941338 25.7202436913 6.5935922265 3.577257 0.873020 0.192995 -3.726985 -0.554776 -0.709518 -0.165483 -1.254001 -0.087636 -0.954436 -2.627730 1.769245 1.762636 3.419146 0.100067 -0.809355 -1.090720 -3.092955 1.964735 -2.202135 -2.370093 -0.411300 2.972297 0.473433 -2.047570 -1.425986 1.250490 -0.321027 -1.537673 -0.460061 1.490113 3.952222 -2.488247 -1.252834 -1.607532 -4.838166 -1.847584 -2.047752 2.247956 -0.263828
2 170249.4544097179 3.0000000000 7.0000000000 0.6731958042 67.0000000000 5.6065539791 0.8832851268 6.0486472098 -0.0458621057 5.1762849195 -0.0283670213 36.5861330683 -529.0132941338 25.7202436913 6.5935922265 -3.246571 1.293351 -0.712542 -3.486282 -1.193299 -1.177189 -1.747765 0.059428 -4.496516 -0.535524 2.026367 1.705596 2.216375 2.238781 2.975086 -2.236601 1.691667 -3.721779 -1.205770 -3.828944 2.096295 2.667476 -0.394829 3.549290 -1.349455 0.301234 0.305891 -2.128391 0.875893 3.877957 -2.049862 1.798677 -0.309014 3.539255 0.967577 1.352433 1.286327 0.498173 -2.791527 2.783326
9 295.2229119252 3.0000000000 7.0000000000 0.6731958042 67.0000000000 5.6065539791 0.8832851268 6.0486472098 -0.0458621057 5.1762849195 -0.0283670213 36.5861330683 -529.0132941338 25.7202436913 6.5935922265 4.039301 0.652525 1.722715 1.838016 -2.648977 -4.563585 -0.659156 1.794299 0.182069 1.570864 1.873265 -2.984794 0.575367 3.932949 -1.141065 -4.058144 -0.463809 -0.929337 0.836762 -1.784813 0.181434 -4.434835 1.707927 3.173733 2.595755 -3.030431 0.638392 -5.000000 0.566372 -0.128720 -1.991588 0.687589 0.276029 1.879006 0.254617 0.470054 -3.890145 -2.319446 -0.951799 0.593689
1005 479756.0885797950 3.0000000000 7.0000000000 0.6869404426 67.0000000000 5.5841811234 0.8794409320 5.8970809179 -0.2313191001 5.0621853632 -0.2301420276 34.7755633518 -550.5491038914 26.0996676299 6.6556369701 -1.305357 -1.955930 1.290393 -4.319180 -3.175292 -1.871589 -3.000495 -2.136216 1.939446 1.568404 -0.601967 -2.494453 -3.336487 -3.897615 -5.000000 -0.918209 3.256877 -1.211328 0.283496 -0.885903 4.966973 -2.146684 1.586882 1.516963 4.141642 -0.607687 4.056951 -0.475859 -1.389124 3.437210 -2.021798 1.369531 -0.170678 -1.347047 2.267721 -3.161325 -0.827163 -2.016141 -3.983369 0.804917
evaluations raw_y rep iid sigma t d_norm d_mean ps_norm ps_mean pc_norm pc_mean ps_squared loglikelihood mhl_norm mhl_mean x0 x1 x2 x3 x4 x5 x6 x7 x8 x9 x10 x11 x12 x13 x14 x15 x16 x17 x18 x19 x20 x21 x22 x23 x24 x25 x26 x27 x28 x29 x30 x31 x32 x33 x34 x35 x36 x37 x38 x39
1 3939850.9867492518 4.0000000000 7.0000000000 0.6869404426 67.0000000000 5.5841811234 0.8794409320 5.8970809179 -0.2313191001 5.0621853632 -0.2301420276 34.7755633518 -550.5491038914 26.0996676299 6.6556369701 0.101123 0.999903 -1.991818 1.387197 -0.836603 -3.169154 -1.295414 1.197150 0.664500 -2.294953 1.237339 -0.175974 0.850145 0.664506 -2.313633 0.701994 -1.213775 3.093959 1.446683 0.092271 -1.965983 0.108865 0.319786 -2.417896 4.446720 0.788590 3.384715 -2.225624 3.271495 -2.721931 -1.302452 1.084903 0.096012 -4.716147 -2.211168 1.675673 4.175742 1.829682 -0.552407 1.593024
2 217764.1927832967 4.0000000000 7.0000000000 0.6869404426 67.0000000000 5.5841811234 0.8794409320 5.8970809179 -0.2313191001 5.0621853632 -0.2301420276 34.7755633518 -550.5491038914 26.0996676299 6.6556369701 -2.287597 1.019840 -2.694921 -0.018720 -0.261409 1.604173 -0.605928 2.404005 -0.393491 1.673057 1.573205 -3.681752 0.075095 0.071856 -1.557480 0.358821 -2.911069 1.112370 1.019558 0.600891 4.953168 0.704687 0.134942 -1.464529 0.594282 -1.923554 2.543637 -1.295289 0.316939 3.980166 2.328375 0.485320 2.759840 -0.109117 1.590468 0.038180 -1.810876 0.860543 1.869300 -0.692204
16 108045.2699007706 4.0000000000 7.0000000000 1.8840870930 1.0000000000 6.3130238922 0.9981588682 3.0678109393 0.0959774401 2.6016193415 0.0813924878 9.4114639592 -1280.0190069270 26.4362561038 6.7535525802 -1.347529 1.433366 -1.589230 -1.396740 -3.551526 1.998538 -1.431837 2.477958 0.332684 0.271604 -1.979210 -1.696284 2.013322 0.934607 3.528575 -1.158365 0.443611 -0.844842 2.443957 -2.025075 3.443183 0.359982 -0.151978 -1.702052 1.222081 -0.666724 3.018754 -3.129094 2.562980 -2.748490 -3.058926 0.490849 0.093778 -2.428943 -0.225591 0.529394 -1.776433 1.527917 1.716562 -1.198717
31 46141.1881161974 4.0000000000 7.0000000000 1.7953232252 2.0000000000 6.2994103319 0.9959914802 3.6846000468 0.0526820188 3.1901933502 0.0480938080 13.5762775048 -1226.0547481294 25.5819549079 6.5101308284 0.325275 1.586871 -2.672770 -0.789369 -2.470655 0.643838 1.073116 -2.060089 -0.922082 -0.246157 2.745514 -4.487613 3.246517 1.575519 1.022717 0.362551 -0.460604 0.550358 -0.844107 1.799826 3.669839 -3.352286 -2.745688 -2.876230 -2.771124 -2.918882 4.215905 -5.000000 1.046212 0.232923 -1.231445 0.354713 -0.288188 -3.696837 0.095348 -0.196879 -1.396903 5.000000 -2.509520 -1.247671
40 9193.1822129757 4.0000000000 7.0000000000 1.7953232252 2.0000000000 6.2994103319 0.9959914802 3.6846000468 0.0526820188 3.1901933502 0.0480938080 13.5762775048 -1226.0547481294 25.5819549079 6.5101308284 -4.116644 1.292391 -2.007773 -5.000000 -3.429469 3.374598 2.382631 0.145385 1.404854 1.634926 -0.380302 0.208275 5.000000 2.413138 -2.210469 1.694179 2.514420 4.409347 1.632792 -1.889147 2.041539 0.919701 1.396296 -3.378627 2.486416 -3.855169 2.620836 0.227685 1.117577 2.196244 0.585874 1.588221 0.396413 -2.565933 1.712860 0.025084 -0.403120 1.399003 0.925957 0.773489
69 1109.0115519096 4.0000000000 7.0000000000 1.6957313562 4.0000000000 6.2767535737 0.9923605169 4.5471844590 0.0006666980 4.0596499274 0.0065362768 20.6768865045 -1173.4807303587 24.9847817087 6.3541159109 -4.421004 2.244147 0.022019 -4.860810 -5.000000 3.333316 -0.386771 -0.585181 -0.309317 0.878393 -2.111333 -0.783487 -0.206227 1.772552 -0.805105 -2.369783 2.942662 2.083103 2.535995 -0.833036 4.490994 2.522630 -2.336725 -3.854927 0.164189 -0.579320 0.226570 -2.556781 0.252320 1.384685 -1.429698 -1.146390 0.591654 -2.464272 0.420687 0.587382 1.289840 0.541499 0.445744 0.956722
72 697.2955844591 4.0000000000 7.0000000000 1.6957313562 4.0000000000 6.2767535737 0.9923605169 4.5471844590 0.0006666980 4.0596499274 0.0065362768 20.6768865045 -1173.4807303587 24.9847817087 6.3541159109 -2.435050 1.327341 -2.823265 -1.348247 -3.932369 3.109140 0.543295 -1.129231 0.856849 0.948825 -2.346255 -1.994459 5.000000 3.412737 1.702039 -2.473022 1.925546 0.429693 4.751899 1.768895 4.214106 -0.263076 -2.537314 -0.091468 -0.502995 0.410272 2.067307 -4.169086 1.264419 0.242259 -4.053998 -0.175149 -1.198443 -1.050581 0.953038 1.173965 -0.427912 5.000000 -0.315192 -0.945978
138 597.7332164775 4.0000000000 7.0000000000 1.5969342892 9.0000000000 6.2187848261 0.9829834450 5.3168076014 -0.0050885549 5.1090848588 -0.0020715984 28.2684430705 -1083.3676291783 23.1092733033 5.8800381605 -5.000000 3.696809 0.872074 -5.000000 -4.494801 4.877277 2.647564 -0.085770 -0.155619 1.248828 -4.501631 0.477361 5.000000 0.357307 2.222102 2.118088 1.633889 3.577353 3.972766 3.701959 5.000000 -1.708993 -4.225348 -4.462845 -1.151874 0.762865 -0.363176 -4.764903 -0.526497 0.009435 -2.976075 2.648441 -0.663498 -3.297738 -3.716628 -5.000000 0.380150 1.966198 -0.395541 -1.994230
238 454.5934724051 4.0000000000 7.0000000000 1.4420970936 15.0000000000 6.1479693818 0.9715039373 5.2599894398 0.0351325262 4.8998740002 0.0363207010 27.6674889069 -1036.8855653504 24.2072510836 6.1523739682 -0.927836 2.624239 2.019432 -3.037517 -1.936234 3.699899 0.121710 -2.630310 1.280957 -1.691673 -2.666303 -1.117653 4.173313 2.000498 4.604727 1.487586 -2.761202 2.313128 1.753707 2.988098 1.972885 0.986597 -0.021403 -3.553573 -0.350104 -0.039670 4.115430 -1.644355 -1.025845 1.299476 -5.000000 2.010362 2.723381 -1.548419 -0.308943 -1.686638 3.762645 4.271480 -0.700006 -5.000000
790 401.9184500343 4.0000000000 7.0000000000 0.8168632406 52.0000000000 5.7450795513 0.9058588343 4.9559051863 0.0344929255 4.5554593387 0.0526169444 24.5609962158 -667.7414108178 25.6300452377 6.5730495575 2.600695 0.191514 1.654980 -4.351271 -2.486521 2.561391 -0.891106 -3.281720 2.371444 -0.965459 -3.276849 1.230551 3.665695 0.489270 2.697536 2.802387 -0.062129 4.157008 -1.054089 -1.255054 3.431363 2.448077 0.882276 0.625280 -1.900074 0.828704 2.153198 -0.919945 -3.660708 3.862295 -1.019265 1.968429 3.159323 -1.860800 -1.606107 0.199669 2.916648 3.796701 -1.806295 3.602257
1005 434159.8205744264 4.0000000000 7.0000000000 0.7104677270 67.0000000000 5.6013800202 0.8822447874 5.3595124886 0.0753415159 4.8584065814 0.0830988803 28.7243741159 -542.1463515658 24.9387258160 6.3859367692 0.913598 2.798264 4.130743 -3.191119 -2.729422 0.198936 -0.130584 -4.482448 3.017385 -2.670080 -2.885471 1.651001 4.012676 -1.812562 2.825233 5.000000 -0.139928 2.503174 -0.733978 -0.663518 2.337670 1.659451 1.359945 0.471933 -0.513746 1.472282 0.788689 -1.748542 -3.941709 3.568979 2.000641 5.000000 4.219887 -2.197219 -3.277251 1.063303 2.820459 4.092937 -1.461874 2.856941
evaluations raw_y rep iid sigma t d_norm d_mean ps_norm ps_mean pc_norm pc_mean ps_squared loglikelihood mhl_norm mhl_mean x0 x1 x2 x3 x4 x5 x6 x7 x8 x9 x10 x11 x12 x13 x14 x15 x16 x17 x18 x19 x20 x21 x22 x23 x24 x25 x26 x27 x28 x29 x30 x31 x32 x33 x34 x35 x36 x37 x38 x39
1 10218353.5730748437 5.0000000000 7.0000000000 0.7104677270 67.0000000000 5.6013800202 0.8822447874 5.3595124886 0.0753415159 4.8584065814 0.0830988803 28.7243741159 -542.1463515658 24.9387258160 6.3859367692 0.882455 -0.661740 4.861542 -0.504184 0.219220 3.164962 -1.818465 -1.183273 0.375206 -0.659740 -2.385529 -0.409753 -0.717658 1.206943 -3.329577 -1.400358 2.302782 3.714662 -3.022359 1.289695 -1.961216 -1.713706 -1.743758 -0.845016 1.992880 1.424843 0.118288 -0.726622 0.006578 -0.211861 1.586107 -1.263143 -0.012390 -0.202135 -0.104616 0.498435 0.395320 2.669697 -0.173751 3.123065
2 5011393.9802612476 5.0000000000 7.0000000000 0.7104677270 67.0000000000 5.6013800202 0.8822447874 5.3595124886 0.0753415159 4.8584065814 0.0830988803 28.7243741159 -542.1463515658 24.9387258160 6.3859367692 -0.611706 -0.955463 0.201476 0.710877 0.539225 2.583927 2.278686 0.988881 -0.672673 -0.201229 2.826796 0.442508 -2.621546 -1.379130 -1.155026 2.304410 -0.214328 4.520214 1.313239 0.249614 -0.871408 1.944359 -0.481422 -1.648247 1.136265 0.025517 2.378121 -0.147187 -5.000000 1.578733 -3.755482 3.077512 3.642729 -0.854063 -2.329404 -2.794148 1.745309 -0.404236 -1.196720 -0.486839
5 2073535.5957972971 5.0000000000 7.0000000000 0.7104677270 67.0000000000 5.6013800202 0.8822447874 5.3595124886 0.0753415159 4.8584065814 0.0830988803 28.7243741159 -542.1463515658 24.9387258160 6.3859367692 -1.292713 1.097136 0.421085 0.693004 -1.134102 0.827358 -1.020512 1.034519 -0.602010 -2.236813 0.997047 -1.412188 2.887762 0.885913 0.935410 0.202690 -0.118704 -4.773395 2.444341 -1.627824 1.912524 -1.277021 -0.286253 -0.448380 -2.076990 -0.343418 0.952692 -0.828357 -2.528167 -1.146431 0.499635 2.294404 1.671888 0.574807 -1.991193 1.813779 0.048421 -0.479963 1.820221 1.235690
6 1556809.5416243381 5.0000000000 7.0000000000 0.7104677270 67.0000000000 5.6013800202 0.8822447874 5.3595124886 0.0753415159 4.8584065814 0.0830988803 28.7243741159 -542.1463515658 24.9387258160 6.3859367692 0.999236 -2.303088 -1.221033 -3.407771 0.388875 0.056482 1.865121 0.424087 -0.735889 4.222977 -2.059147 -2.672561 -1.221135 1.049389 -0.698616 -0.881477 -2.242575 2.945689 -1.246744 -2.161404 -0.245060 -1.615486 -0.465112 2.670301 -0.892913 -0.099577 -0.737090 -0.383479 1.639360 1.063267 -0.683230 -1.861801 -0.268434 1.665187 -0.034707 -0.255316 -3.615833 1.987938 -2.982258 -2.564215
8 62593.2379064174 5.0000000000 7.0000000000 0.7104677270 67.0000000000 5.6013800202 0.8822447874 5.3595124886 0.0753415159 4.8584065814 0.0830988803 28.7243741159 -542.1463515658 24.9387258160 6.3859367692 0.097889 -4.052804 -0.083873 2.149086 -3.001719 2.371489 -1.430162 -0.102477 -5.000000 2.157256 -1.751372 -1.076219 -2.556431 -1.985539 2.286856 -1.018145 1.790002 -0.352407 0.692167 -1.012620 0.854328 5.000000 1.305786 1.011680 -0.951902 2.021817 2.718402 -3.404180 -2.760664 4.203553 0.851798 0.258400 1.125925 2.193529 1.601638 -0.446167 4.127341 0.025247 -1.749548 -1.114159
10 18727.5633610557 5.0000000000 7.0000000000 0.7104677270 67.0000000000 5.6013800202 0.8822447874 5.3595124886 0.0753415159 4.8584065814 0.0830988803 28.7243741159 -542.1463515658 24.9387258160 6.3859367692 0.847735 -0.774663 -1.713736 1.630628 -0.331632 5.000000 -0.498940 -1.434676 -1.098995 0.742174 -1.394692 -2.526602 3.278425 -2.480289 3.027292 0.282113 -2.124196 3.332761 -0.406907 -2.015095 0.130819 2.572891 1.367487 1.652490 3.508673 0.429128 0.751630 -0.451968 -2.909388 -0.289069 3.233958 -3.462107 2.687892 0.523079 -1.821039 0.130939 3.552644 -1.146266 1.581187 2.263028
37 2638.4883999503 5.0000000000 7.0000000000 1.8336518413 2.0000000000 6.3021722841 0.9964055427 4.0634676407 0.0300048661 3.5184730911 0.0274361717 16.5117692666 -1250.8769978287 26.0038987187 6.6798887154 4.595027 -0.147386 -3.422903 1.911483 -3.462055 -0.537374 2.876926 -1.663827 1.460242 -0.867529 0.601144 -3.104122 1.887316 0.617244 1.389926 2.593662 1.332572 2.447453 0.221132 -1.171977 -0.690484 -0.440409 1.643155 1.779862 2.815833 -2.781715 -1.871541 -5.000000 -2.784655 2.527182 0.574956 -2.668672 1.890863 1.230985 3.021724 -1.608306 1.513331 -0.827645 -1.917937 0.775267
60 916.4170200726 5.0000000000 7.0000000000 1.7862888901 3.0000000000 6.2872115896 0.9940151018 4.8749658232 0.0359420856 4.3009211716 0.0333251139 23.7652917775 -1216.5831269456 25.4226328641 6.4692130255 -0.679625 2.336145 -1.763891 3.516650 -4.353168 0.847102 3.778518 -0.115922 0.093271 -0.277873 1.222385 -4.037430 3.163510 -1.316543 3.945808 2.705138 2.230868 3.627094 -0.519091 1.097550 0.630405 -0.551252 3.312427 0.726712 3.779126 -2.905899 -1.730338 -4.949075 -0.960571 1.109326 2.993609 -0.678071 2.062649 -1.686013 3.675709 -1.126136 1.475019 -3.386558 0.592524 2.349977
76 530.9087166134 5.0000000000 7.0000000000 1.7009328424 5.0000000000 6.2647047396 0.9903968311 4.7281602257 0.1888207523 4.2973128812 0.1680648692 22.3554991195 -1206.1643285309 26.2611836779 6.7042544340 -1.925099 -1.287003 -2.366187 5.000000 3.334997 1.351653 4.593479 1.233028 2.301653 -0.541449 1.570657 -4.220341 5.000000 0.719321 -2.313397 3.071206 -0.339267 4.845974 1.962824 -1.325779 -1.941507 1.875169 5.000000 0.614647 3.162832 -3.886334 1.938642 -3.528864 -1.925358 1.719764 0.938881 -0.157979 -1.244163 -0.613618 2.235274 -0.012558 1.218252 -4.118058 -1.157371 4.451601
183 504.0540751586 5.0000000000 7.0000000000 1.5710109109 12.0000000000 6.1874130711 0.9778818156 6.1858393681 0.0783341334 5.8215121049 0.0931521310 38.2646086874 -1078.5901757841 23.5072500619 5.9900693116 -1.175459 1.368174 -0.998785 3.250079 3.795645 -0.058041 -0.634571 -1.252049 0.011764 -2.366054 -2.924593 -1.028546 0.662904 -5.000000 0.752128 2.637814 0.881161 0.697439 -1.841586 4.646559 1.213728 3.041742 2.877766 -2.828784 1.037462 -2.009355 2.610795 -4.007740 -5.000000 3.711386 0.239776 5.000000 -4.577051 -0.778185 0.637194 4.182956 0.939869 -3.220713 -0.689451 5.000000
214 373.0576323663 5.0000000000 7.0000000000 1.5219930968 14.0000000000 6.1645804006 0.9741617651 5.0629444020 -0.0071038058 4.6967340856 0.0189938592 25.6334060177 -1096.4590936763 25.1741752632 6.4148510512 -2.497540 0.526176 -0.275564 3.907960 5.000000 -3.263127 1.652821 0.549302 -0.814800 1.122050 -0.490002 -2.696872 0.008070 -5.000000 0.434912 3.578391 1.731881 1.230147 0.985498 1.797281 0.566216 3.069175 2.879767 -2.138862 1.564747 -3.208815 1.536035 -1.085961 -4.687424 5.000000 0.179216 1.408699 -2.406935 -1.281450 -0.284505 4.381787 3.999171 -0.930421 -2.394935 4.994327
1005 755257.7522978487 5.0000000000 7.0000000000 0.7843863088 67.0000000000 5.5970366754 0.8814134793 5.4888675538 0.0449142258 4.8954820298 0.0773099281 30.1276670233 -621.3731654988 25.8443622052 6.5920217890 3.443702 -0.460699 1.910438 -2.277676 2.744494 -0.459777 -2.756987 2.672691 2.669846 0.812313 -1.294313 -0.749613 4.051064 -3.234552 -0.913789 0.124277 3.723952 -5.000000 -4.738471 -3.020214 0.827497 3.874591 1.193004 -0.396110 2.987318 -1.561810 0.846898 -1.414054 -2.883566 1.490687 -2.055845 2.390252 -3.782925 -2.041088 -0.964521 3.981340 2.759981 3.417939 1.410031 2.248751
evaluations raw_y rep iid sigma t d_norm d_mean ps_norm ps_mean pc_norm pc_mean ps_squared loglikelihood mhl_norm mhl_mean x0 x1 x2 x3 x4 x5 x6 x7 x8 x9 x10 x11 x12 x13 x14 x15 x16 x17 x18 x19 x20 x21 x22 x23 x24 x25 x26 x27 x28 x29 x30 x31 x32 x33 x34 x35 x36 x37 x38 x39
1 2056729.0605438843 6.0000000000 7.0000000000 0.7843863088 67.0000000000 5.5970366754 0.8814134793 5.4888675538 0.0449142258 4.8954820298 0.0773099281 30.1276670233 -621.3731654988 25.8443622052 6.5920217890 -0.623567 1.458008 0.435642 -1.798184 -4.973561 1.826503 2.254127 -3.028186 3.278582 -0.859787 5.000000 1.203644 -0.671763 2.475476 0.222256 0.258302 0.152255 -0.310256 1.268451 1.621310 0.709617 3.625181 -2.712952 -0.927264 1.649308 -2.352863 3.128979 1.425410 -0.362013 1.068399 -1.173226 -2.963707 1.714495 1.886198 0.228883 -0.043913 -4.254289 -1.668815 -0.931017 0.467421
3 14140.5046832719 6.0000000000 7.0000000000 0.7843863088 67.0000000000 5.5970366754 0.8814134793 5.4888675538 0.0449142258 4.8954820298 0.0773099281 30.1276670233 -621.3731654988 25.8443622052 6.5920217890 0.352581 2.189241 -4.252949 1.502898 -1.081214 1.586445 0.347307 -2.070869 1.748537 -1.479144 1.045891 -1.183753 -0.954974 0.225059 3.809485 1.388306 -0.039163 3.325686 0.061217 -0.594998 -1.936275 0.334133 0.233204 -1.364515 -3.828042 -0.279805 0.229849 -0.790009 -1.906633 -2.145655 -0.968891 2.725876 0.305376 -3.265241 1.286603 -0.895790 4.678068 -0.626646 -0.119235 0.388337
30 2683.2090435530 6.0000000000 7.0000000000 1.8743674420 1.0000000000 6.3098066226 0.9976502141 2.7890858025 0.0234231740 2.3652499167 0.0198637346 7.7789996135 -1266.5873079778 26.0962435941 6.6534182104 0.554986 -0.764516 -3.144152 2.280523 0.629815 -0.147486 -2.054885 -3.333378 2.951666 -0.300358 -2.279306 -0.618641 -1.810229 0.593486 -0.483773 0.766779 -0.989203 0.396033 -0.285723 1.340847 0.179031 -1.679290 -0.380925 0.032220 -1.344275 -0.890030 2.426387 -5.000000 1.787257 -1.100159 0.075585 3.346332 2.583457 -1.511119 0.935927 0.859946 2.037177 -2.066092 0.819482 -0.299746
183 1292.3028465773 6.0000000000 7.0000000000 1.4285688539 12.0000000000 6.1773976106 0.9763612774 5.5783139668 0.0485339271 5.2253556981 0.0488353830 31.1175867127 -1050.5192990663 24.7925802951 6.2969637414 -1.151750 1.633335 -5.000000 5.000000 0.157184 0.962401 3.722175 -4.659090 0.690506 -1.180197 0.547610 1.649938 -4.690461 -1.931414 1.657373 4.687876 0.916553 -2.114439 2.784525 -0.049302 -2.430454 2.738047 0.073054 0.873810 1.259991 -0.955340 0.190338 -0.768931 1.786703 2.797324 -2.352595 2.649639 5.000000 2.848213 -1.515159 -5.000000 0.410418 0.668567 2.598322 0.862846
349 886.6602116855 6.0000000000 7.0000000000 1.2789408560 23.0000000000 6.0634422469 0.9578623745 6.0959763291 -0.1180760613 5.5207938823 -0.0751085073 37.1609274054 -969.0617145327 24.8785705420 6.3462539733 -3.046829 -4.378166 -5.000000 4.059555 -0.170388 0.615584 2.610330 -1.886824 4.185078 -0.260595 0.268617 4.337741 -4.663214 0.283986 2.765468 2.619431 -1.824274 1.765261 1.510144 -0.732336 -0.670717 2.550523 -0.289014 4.906270 2.767409 -0.110501 -0.086334 0.645527 4.586631 -0.772626 -2.249543 0.642587 1.285023 1.193630 -5.000000 -4.272313 -2.110138 2.155656 -1.707557 -1.831674
387 834.8727827083 6.0000000000 7.0000000000 1.2504175935 25.0000000000 6.0430033418 0.9545407573 5.4511610004 -0.1457477108 4.9094683342 -0.1088126663 29.7151562521 -961.3271269859 25.1843130038 6.4595884275 -2.411019 -4.935145 -4.407826 2.126820 -0.054620 -0.196539 4.335813 -3.114076 1.417553 1.328694 -0.687317 2.350290 -4.157811 0.917415 1.975698 1.635900 -1.197290 1.033468 1.352076 1.250409 -2.617871 2.913006 -0.800005 4.659366 2.594929 -0.195577 -0.822748 0.596887 3.721565 -1.838235 -3.519437 0.019064 1.281343 3.463583 -4.280738 -4.563457 -0.878434 1.484747 -3.189487 0.469294
398 348.3625871666 6.0000000000 7.0000000000 1.2393484362 26.0000000000 6.0323506431 0.9528218020 5.8060416990 -0.2197254474 5.2356634193 -0.1732082964 33.7101202109 -966.6384373882 25.7396845021 6.5489992879 -2.942942 -3.148861 -4.041865 3.396947 -1.826094 -0.431881 1.278534 -2.183988 4.492789 0.303243 -1.459409 2.504894 -3.553911 1.586923 3.035682 4.408646 -3.117797 1.960153 0.685127 0.958510 -2.806902 3.008203 -1.777854 3.475027 1.530537 -0.421958 -0.934570 0.685771 3.773967 -1.486200 -0.865581 2.852078 -0.020038 0.837185 -4.854943 -4.621975 -2.147830 3.097517 -2.846323 -2.164951
1005 35740.1248302880 6.0000000000 7.0000000000 0.6396073502 67.0000000000 5.6141027890 0.8846264368 5.6784352020 0.1226354221 4.6767752148 0.0770492708 32.2446263437 -495.7261121704 25.4252635857 6.5286922482 -2.408671 -3.838932 -3.734648 1.492023 -2.028642 2.211198 0.080123 -2.874346 3.465869 0.187312 -2.314469 4.100018 -0.975198 2.949556 3.349078 -2.272888 -1.196417 0.287794 -2.381205 2.976236 -4.737474 0.490146 -3.188035 4.741735 0.600999 -4.098265 -0.421930 2.552320 2.474586 -1.786782 -1.014549 -1.798987 -0.998487 0.884162 -4.276472 -2.791259 -3.984816 0.483408 -0.540064 -2.042292
evaluations raw_y rep iid sigma t d_norm d_mean ps_norm ps_mean pc_norm pc_mean ps_squared loglikelihood mhl_norm mhl_mean x0 x1 x2 x3 x4 x5 x6 x7 x8 x9 x10 x11 x12 x13 x14 x15 x16 x17 x18 x19 x20 x21 x22 x23 x24 x25 x26 x27 x28 x29 x30 x31 x32 x33 x34 x35 x36 x37 x38 x39
1 2012936.2753057883 7.0000000000 7.0000000000 0.6396073502 67.0000000000 5.6141027890 0.8846264368 5.6784352020 0.1226354221 4.6767752148 0.0770492708 32.2446263437 -495.7261121704 25.4252635857 6.5286922482 3.381051 -0.931875 0.065640 0.815033 -1.577846 0.004131 -0.001781 -3.509449 2.035316 1.200997 -1.250858 -0.343097 1.010599 -0.522713 -0.485498 -2.906483 1.109161 0.247762 0.548920 -3.053049 3.301399 0.308671 -0.774280 4.058144 -0.090772 -2.901357 -0.810456 -4.576630 2.098793 -0.832949 -1.485107 2.144940 -3.302151 1.070859 -4.128830 -1.324319 -2.408440 2.923951 3.532322 -0.658828
3 348142.8011388842 7.0000000000 7.0000000000 0.6396073502 67.0000000000 5.6141027890 0.8846264368 5.6784352020 0.1226354221 4.6767752148 0.0770492708 32.2446263437 -495.7261121704 25.4252635857 6.5286922482 1.309411 1.788705 0.831005 -1.847089 -0.392055 -1.181540 -0.599422 2.593770 3.059159 1.338836 1.097490 1.353258 -0.024484 -0.151327 -1.347290 -0.111735 4.519894 1.738079 -0.684234 -0.943853 -1.728980 0.748741 0.783091 -2.886243 0.972670 -1.138945 2.853442 0.313688 3.435460 -0.916254 -0.575968 0.599617 2.111897 1.131765 -2.467048 0.365801 0.044489 -0.858137 -1.296211 3.495154
5 30042.0940393746 7.0000000000 7.0000000000 0.6396073502 67.0000000000 5.6141027890 0.8846264368 5.6784352020 0.1226354221 4.6767752148 0.0770492708 32.2446263437 -495.7261121704 25.4252635857 6.5286922482 -1.858648 0.823594 3.720111 -2.994547 0.952675 2.224581 -1.393182 1.165941 -2.141785 -1.624417 -1.634160 0.384615 -0.181963 1.908230 -1.880558 -0.262551 1.922153 1.121554 -2.649283 1.330407 -0.956836 0.770773 0.601361 2.438638 0.233120 -3.707612 -2.739719 1.462309 -0.516633 2.275958 0.546878 -1.498131 2.164814 -1.614795 -4.105271 4.127591 -3.821498 1.272826 1.877704 0.294132
22 14321.1621073136 7.0000000000 7.0000000000 1.8874128363 1.0000000000 6.3113331615 0.9978879139 3.1628514004 -0.0004926938 2.6822172358 -0.0004178229 10.0036289810 -1280.2035278879 26.4169495431 6.7423912648 -0.724708 -1.243889 0.951032 0.330810 1.991218 2.999812 -2.907701 1.748706 -0.449963 -0.445906 0.147330 -3.381349 2.528924 2.181256 -2.471220 1.518732 2.741348 0.662734 -3.228650 1.687669 0.590861 2.167788 2.749305 3.108727 2.262773 -1.687281 -4.079664 0.837963 1.620844 -2.662768 0.667325 2.017089 0.016049 -1.367697 -0.826232 2.480967 -2.749343 -2.895227 3.352395 3.167736
34 3947.5511436511 7.0000000000 7.0000000000 1.8041538157 2.0000000000 6.2986569408 0.9958637735 3.8539739275 0.1110052176 3.3314859664 0.0937455406 14.8531150340 -1235.5922855261 25.8238062508 6.5971108725 -1.430076 -1.283111 2.477067 -0.823254 -2.128447 3.701640 -1.641666 1.268504 1.323377 -4.053178 1.345315 0.091401 1.873717 3.367444 -1.826135 -2.582111 2.500758 1.210170 -2.767157 3.216095 2.050351 3.517818 -1.582598 1.643446 3.232796 -3.736577 1.046787 1.485070 -0.721226 -0.110953 -1.141649 2.232920 -0.108718 -1.603303 0.293995 0.071155 -4.205844 -0.331034 1.929643 1.071047
66 931.3942660358 7.0000000000 7.0000000000 1.6821362049 4.0000000000 6.2680591112 0.9909790868 4.7464648072 0.0765576989 4.2435853454 0.0706379543 22.5289281660 -1192.1321898223 25.9971406025 6.6226590910 -0.837331 -1.824411 0.191080 -3.796829 -0.113506 -1.736603 1.137305 1.118813 1.549262 -1.699694 -0.354971 2.109847 4.040223 0.494043 0.042890 -1.139731 4.557793 0.571666 -1.083867 1.870924 2.165218 1.012419 -0.232987 -1.753662 4.238336 -4.420889 -0.550099 1.302591 2.222246 0.609800 -0.618340 1.259388 1.212966 2.968193 0.189491 1.248940 -1.229802 -2.778073 0.745064 -1.204059
153 325.9801616301 7.0000000000 7.0000000000 1.4004161728 10.0000000000 6.2022320656 0.9803874148 4.7392318378 0.1040582671 4.4209683708 0.0958719674 22.4603184120 -1088.3812752792 26.5300669862 6.7785927880 0.847239 -1.229542 1.797781 -1.180077 1.029604 0.758400 -0.280912 3.958760 1.701934 0.470943 -1.875082 2.802145 2.063920 2.930110 -3.699911 -0.973921 3.420677 4.563176 -0.454228 0.268817 0.044648 1.942267 -3.367498 -2.096434 1.771271 -1.942154 -4.671420 1.950780 0.685677 3.767179 0.975722 4.240384 0.970252 -0.523218 -1.288251 -0.352992 -4.628054 -1.365168 0.542010 0.912321
269 208.3072060159 7.0000000000 7.0000000000 1.2208926450 17.0000000000 6.1131980419 0.9660508904 5.0376186845 0.0064563076 4.5648848895 0.0230625678 25.3776020105 -955.3568695959 25.1103502138 6.4113688975 2.308611 -4.253815 -0.458755 0.669765 1.406695 -0.118667 1.093936 2.850950 -0.474695 -0.097172 0.307856 2.630561 1.990892 3.576800 -2.530312 3.146490 0.897421 3.595820 -0.405587 -2.381877 1.836281 0.701455 -1.468693 -1.955826 4.056274 -3.537123 -1.532684 -0.181067 0.807972 2.608976 -1.931319 3.318713 1.247611 1.238263 -0.764205 1.076774 -5.000000 -5.000000 -2.503978 -0.891912
1005 2172638.1560110734 7.0000000000 7.0000000000 0.6059604583 67.0000000000 5.6144508159 0.8841954764 5.5995909125 -0.0098494166 4.9640904992 -0.0131813151 31.3554183879 -430.8429946903 24.0367140175 6.1519627806 4.093032 -1.240703 4.258993 1.531284 2.539333 -0.672584 -0.822570 2.924427 0.856942 0.329592 -0.753527 1.630265 1.844445 2.586080 -3.672403 3.573597 -1.260635 -1.472186 2.037564 -2.539747 3.246112 4.072033 -2.436856 4.418493 3.321456 -1.381687 0.566865 0.436220 0.631019 0.749049 -2.343652 3.836246 2.205017 3.674443 -4.782919 4.027843 -1.457732 -1.796097 -0.490187 -3.799085
evaluations raw_y rep iid sigma t d_norm d_mean ps_norm ps_mean pc_norm pc_mean ps_squared loglikelihood mhl_norm mhl_mean x0 x1 x2 x3 x4 x5 x6 x7 x8 x9 x10 x11 x12 x13 x14 x15 x16 x17 x18 x19 x20 x21 x22 x23 x24 x25 x26 x27 x28 x29 x30 x31 x32 x33 x34 x35 x36 x37 x38 x39
1 15850951.3396130111 8.0000000000 7.0000000000 0.6059604583 67.0000000000 5.6144508159 0.8841954764 5.5995909125 -0.0098494166 4.9640904992 -0.0131813151 31.3554183879 -430.8429946903 24.0367140175 6.1519627806 0.182409 2.182565 -3.893941 -2.772699 -4.592983 4.819669 3.455672 4.409113 1.589655 1.952842 -2.366854 3.832727 -2.246654 -1.328071 -0.756717 -1.583231 1.719096 -0.461578 -0.131322 -0.417272 2.693737 -1.213906 -0.348496 0.848103 -3.291980 -0.967082 1.070937 2.332281 0.323366 -1.345668 2.885048 -0.442961 0.062529 0.363859 -0.125857 -1.083137 0.949037 -2.329182 -1.001819 -0.817122
2 6569063.3281237409 8.0000000000 7.0000000000 0.6059604583 67.0000000000 5.6144508159 0.8841954764 5.5995909125 -0.0098494166 4.9640904992 -0.0131813151 31.3554183879 -430.8429946903 24.0367140175 6.1519627806 -1.868697 0.169020 0.287382 0.151099 -0.311290 1.101700 3.404060 2.012187 -5.000000 2.279067 -3.739599 -3.558226 0.255526 -2.702036 3.107934 1.393932 -1.622922 -3.286502 0.661318 2.449913 0.192343 3.753631 1.067561 1.596720 -0.612149 0.755948 -0.452956 -3.771489 4.945022 -0.293713 0.231298 2.660861 0.219189 0.430958 0.858140 -2.302531 3.049507 0.721072 -1.221786 1.860492
3 1032803.8991689099 8.0000000000 7.0000000000 0.6059604583 67.0000000000 5.6144508159 0.8841954764 5.5995909125 -0.0098494166 4.9640904992 -0.0131813151 31.3554183879 -430.8429946903 24.0367140175 6.1519627806 0.713026 -1.904321 0.303856 0.001270 0.670046 0.749599 1.427632 -2.401627 0.002762 -1.842920 0.992456 -2.663333 -4.381141 -0.872144 5.000000 2.300163 0.168891 4.972496 -0.388711 -0.372427 1.707726 0.614757 -0.144484 -0.937695 -0.130878 2.105222 -2.619266 -1.337453 2.682748 5.000000 -3.681097 0.810082 3.264601 -0.445478 -1.155598 2.484352 -1.106942 -1.445379 -1.143099 -2.780006
16 109559.8199033238 8.0000000000 7.0000000000 1.8953960703 1.0000000000 6.3125250016 0.9980711984 3.3903081885 0.0429592604 2.8751091679 0.0364310725 11.4941896133 -1349.5032147252 28.8007227258 7.3681649182 -3.682040 0.484327 -3.872454 -1.319812 2.370006 4.469866 4.473853 -1.808148 -2.599575 -0.348008 0.109040 1.212119 -3.807430 -2.335698 -0.527876 3.299358 0.471207 2.172250 -1.611716 0.215615 -3.773005 1.707105 -2.228938 -1.817797 0.382681 1.601518 0.645986 -4.703039 -1.476523 0.145749 -1.612238 -2.694025 -1.321779 -0.208960 -0.215019 0.995635 -1.313293 -0.693831 -1.330353 0.002487
37 35273.5414595136 8.0000000000 7.0000000000 1.8391143200 2.0000000000 6.3009515747 0.9962209839 4.6607865585 -0.0755805096 4.0230694298 -0.0623628757 21.7229313438 -1239.0496773752 25.4792812863 6.5140569029 -2.414834 0.932037 0.605950 -1.168978 2.981582 4.739982 1.014083 4.560535 1.525481 -2.972909 -0.726267 0.335836 -3.740715 1.685831 -0.105035 1.943108 0.354911 3.943303 -0.486480 -2.988913 -0.644286 2.086454 -2.981352 3.257138 -0.935967 3.907887 0.166023 -4.409182 -0.054915 2.718056 1.099627 -1.718038 1.328652 -2.337211 -2.155862 -1.717954 0.351358 -0.143466 -0.405817 -1.639229
64 34059.7045561407 8.0000000000 7.0000000000 1.7781611856 4.0000000000 6.2766692712 0.9923181346 5.3800357345 -0.1466565643 4.8101459201 -0.1262213683 28.9447845040 -1209.3861569510 25.2947308477 6.4486617391 -2.369400 0.848821 -2.711886 1.302986 4.826215 5.000000 -0.476099 2.133807 -4.028079 -4.108911 -0.588369 0.457647 -3.171229 -0.894379 -2.190343 -2.737162 -0.973938 3.403118 0.077389 -1.529137 0.111877 4.686873 -4.138542 -3.688327 -2.541285 5.000000 3.723692 -2.211359 -0.297253 0.660707 0.022866 0.727700 -1.923673 -4.505441 -1.969578 -3.940739 -2.892104 -2.386202 -1.287159 1.353906
73 5193.0900698036 8.0000000000 7.0000000000 1.7781611856 4.0000000000 6.2766692712 0.9923181346 5.3800357345 -0.1466565643 4.8101459201 -0.1262213683 28.9447845040 -1209.3861569510 25.2947308477 6.4486617391 -0.419338 -0.576377 -0.723302 -1.110605 3.039799 3.323500 3.386825 1.716660 -3.508025 -0.097818 -2.975996 1.141538 -4.211272 0.403140 -2.051118 -0.172879 -1.100273 2.799654 -3.631863 -3.525336 1.716793 5.000000 -2.968973 -0.064273 -1.217740 1.322214 2.162448 -2.539061 0.165438 1.414297 -2.581538 -1.951524 0.361320 -1.893358 -1.996883 -4.580510 0.016161 0.179401 1.136851 2.135350
116 3872.4959211294 8.0000000000 7.0000000000 1.7157582234 7.0000000000 6.2411263297 0.9865820038 5.7955081467 -0.1274321068 5.3253944199 -0.1256273524 33.5879146788 -1177.5511109933 25.0707209217 6.4079598260 1.242429 0.475658 -4.831225 2.956512 3.708844 3.900257 1.594229 2.418939 -1.278812 -4.908205 -2.947692 1.605981 -4.190080 -1.428453 -5.000000 -2.026942 0.766748 0.327482 -2.579464 -4.036048 3.277240 -0.173216 -2.458969 -0.768062 -2.631735 5.000000 4.033408 0.776412 -2.233227 -0.543123 -4.323225 1.614268 -1.684438 -3.238433 -3.736725 -2.565784 -1.698823 -0.714562 0.813639 1.875970
150 3685.4774168531 8.0000000000 7.0000000000 1.6782704861 9.0000000000 6.2182388735 0.9828691670 5.5464534236 -0.1193722993 5.0106735599 -0.1226333845 30.7631455801 -1177.7148890371 25.7400687408 6.5874544333 -0.701759 0.500276 -4.807106 -0.670993 0.719492 4.053481 1.866992 0.816855 -2.174583 0.321843 -2.170361 0.113479 -0.745901 2.693010 -3.964426 0.239147 3.501401 1.220546 -2.855325 -5.000000 3.206644 0.130043 0.952326 -0.345633 0.612007 4.489628 3.168979 -0.828134 -1.275035 1.211529 -3.222959 1.850528 -3.242901 0.422628 -0.775094 -3.794993 -2.058738 5.000000 0.303044 1.907722
152 611.0513162430 8.0000000000 7.0000000000 1.6527069068 10.0000000000 6.2059765718 0.9809027150 5.4580497894 -0.0751176493 4.9887379025 -0.0880491520 29.7903075031 -1091.8016502642 22.5870825750 5.7722162985 2.507495 2.039360 -4.975957 5.000000 3.403034 5.000000 1.616733 -1.013203 -2.566454 2.450164 -1.579268 1.590860 0.615262 1.152764 -3.281028 -0.812310 1.751410 -0.667193 -3.441546 -3.870916 1.549732 1.329303 -1.997720 -1.550193 -1.073090 4.349103 3.890677 -1.171800 -2.509323 -0.857271 -3.748316 1.944638 -4.390106 -2.597280 -4.284175 -1.882059 -1.772754 4.101559 0.153108 -0.010347
200 494.8655377935 8.0000000000 7.0000000000 1.5741128705 13.0000000000 6.1721229740 0.9754407113 5.4840774530 -0.0952227654 5.0263490475 -0.1022107802 30.0751055106 -1112.3165020650 24.8870741312 6.3461398620 -0.426741 -0.196158 -4.099492 5.000000 4.492009 -0.978386 0.758262 2.433442 -1.861637 -0.415752 1.555408 0.947268 -0.838360 -0.783222 -4.406403 -3.270097 2.937096 1.525551 -1.694818 -3.078835 2.639882 -1.006354 -3.256167 -0.037311 3.110237 4.338130 1.044050 1.003319 0.775828 -1.412804 -1.576615 -0.635814 -4.027808 -2.318811 -2.956336 -2.108096 -1.697970 5.000000 2.543626 1.976053
437 429.6949539202 8.0000000000 7.0000000000 1.1002637529 29.0000000000 5.9924430999 0.9463737133 4.9034204863 0.3126266393 4.5783611240 0.2837156885 24.0435324650 -897.1375107761 26.1275293984 6.6968948817 4.480126 -1.339644 0.813046 4.317835 1.269028 2.850068 0.775281 3.380386 -3.267430 1.165802 0.355852 -4.036269 0.325948 -1.470936 -1.423927 -5.000000 3.906384 -0.353259 0.653102 -0.981717 1.899685 -3.330767 -1.059824 0.708718 2.408760 3.034719 0.461067 -0.653851 4.690308 4.356874 -2.960266 1.041523 1.300374 -1.863245 -1.716004 2.398443 -2.119339 -1.674180 2.037345 2.236370
614 413.2613071979 8.0000000000 7.0000000000 0.9863839903 40.0000000000 5.8777015048 0.9276076401 5.0180229271 0.0873802654 4.6242908714 0.1222842977 25.1805540973 -744.1640598665 23.0194794640 5.8776260178 2.859627 0.198113 -1.422727 2.813765 1.849594 2.307536 2.177799 4.548004 -0.946296 1.899274 -0.202470 -0.369160 -1.026361 -2.219833 -2.568713 -1.269062 4.374020 -3.365244 1.419264 -1.912839 5.000000 0.085256 -1.613968 2.445352 3.091082 0.628195 1.615588 0.710771 5.000000 1.364319 -4.358055 -0.643022 3.428640 -1.254771 -5.000000 0.504299 -3.921462 -1.818557 -0.609758 5.000000
1005 4139.4458763384 8.0000000000 7.0000000000 0.9075817840 67.0000000000 5.6127916735 0.8841179148 7.2200139462 -0.3907954998 6.1263763555 -0.3730218965 52.1286013838 -709.9011053648 25.6968034336 6.5507645799 1.659700 0.230777 -3.668544 0.599922 0.192611 2.238611 -0.419024 3.046438 -4.327587 3.131460 3.375096 0.026082 -4.513345 -5.000000 -5.000000 -2.271392 4.120652 -1.762483 2.400571 -0.469031 1.423757 0.059004 0.513626 -0.661912 0.880990 0.839152 3.516347 3.839472 0.998325 0.170273 -2.481287 -1.369447 0.711794 -1.928769 -3.262645 0.208426 -1.325920 -2.346902 -2.251621 1.549230
evaluations raw_y rep iid sigma t d_norm d_mean ps_norm ps_mean pc_norm pc_mean ps_squared loglikelihood mhl_norm mhl_mean x0 x1 x2 x3 x4 x5 x6 x7 x8 x9 x10 x11 x12 x13 x14 x15 x16 x17 x18 x19 x20 x21 x22 x23 x24 x25 x26 x27 x28 x29 x30 x31 x32 x33 x34 x35 x36 x37 x38 x39
1 7189198.6154585434 9.0000000000 7.0000000000 0.9075817840 67.0000000000 5.6127916735 0.8841179148 7.2200139462 -0.3907954998 6.1263763555 -0.3730218965 52.1286013838 -709.9011053648 25.6968034336 6.5507645799 0.002217 -0.579088 -2.232133 -0.025766 -0.756723 -0.962271 -3.034662 -0.981744 -0.481361 -1.295895 1.271782 3.480235 0.593364 1.415007 3.645632 0.861538 3.085459 -1.801442 -0.274250 2.595158 1.350542 0.063916 1.836292 0.761019 1.032735 -0.710479 0.417554 0.656822 -0.996450 -4.183554 -0.165175 4.910365 -5.000000 -1.826559 -0.454629 0.538631 2.260923 2.084795 2.607621 2.778801
2 62368.7262270939 9.0000000000 7.0000000000 0.9075817840 67.0000000000 5.6127916735 0.8841179148 7.2200139462 -0.3907954998 6.1263763555 -0.3730218965 52.1286013838 -709.9011053648 25.6968034336 6.5507645799 -1.312905 -0.112515 -0.999805 0.872839 -0.751626 -1.846123 3.834500 -0.300606 -1.277460 1.649541 -2.421677 -1.006811 -1.403831 -3.948542 -5.000000 -0.115364 -1.312373 -1.323413 1.538697 -1.798010 3.387276 -3.394670 -5.000000 -0.452301 0.794858 3.319407 -0.987494 -0.752195 -0.339480 4.834213 -3.617681 0.679502 -0.045460 -1.919994 -0.766229 0.219060 -1.710326 0.000443 1.327710 1.498962
19 36066.2905777482 9.0000000000 7.0000000000 1.8935053432 1.0000000000 6.3125901026 0.9980846626 3.3365246473 -0.0341343026 2.8294986971 -0.0289471756 11.1323967222 -1333.6282730156 28.2653428849 7.2317515332 -1.012492 1.510044 1.865130 0.517436 -2.150434 1.587128 0.331541 1.049649 3.180153 -1.307827 -0.182184 -4.630699 -1.517727 -0.480761 2.518000 2.137811 -0.166618 0.572803 -4.080482 -2.402779 -2.641165 -5.000000 -3.296296 0.885621 0.563425 1.010260 0.269492 1.413905 -1.014073 1.550637 -2.463772 1.293725 2.907381 0.951675 1.945123 5.000000 0.384854 1.094995 1.349066 -0.731876
21 5757.6726385605 9.0000000000 7.0000000000 1.8935053432 1.0000000000 6.3125901026 0.9980846626 3.3365246473 -0.0341343026 2.8294986971 -0.0289471756 11.1323967222 -1333.6282730156 28.2653428849 7.2317515332 1.649210 -1.120855 -1.788057 2.470352 -5.000000 -0.495640 -1.185209 2.165091 1.391642 3.563664 0.323880 -0.404707 0.334923 0.082014 -2.683985 -3.581345 0.003763 1.503839 1.469795 0.789155 4.662149 -1.031517 -3.591280 3.238991 4.491393 4.835280 -3.646813 0.012009 0.637105 3.515298 -2.535399 -0.103007 -2.290703 -2.270136 1.973781 -3.028437 -2.086550 -0.754994 -2.395036 2.020406
26 592.4936931843 9.0000000000 7.0000000000 1.8935053432 1.0000000000 6.3125901026 0.9980846626 3.3365246473 -0.0341343026 2.8294986971 -0.0289471756 11.1323967222 -1333.6282730156 28.2653428849 7.2317515332 1.334849 -3.842082 -2.733960 -1.058434 1.075956 0.694270 -0.589743 2.344659 -2.329697 2.512386 -0.163447 -0.069964 -0.771069 -1.711636 -2.227846 -0.369944 2.886128 -3.374148 4.595534 -0.944016 2.614399 -1.936085 -1.423895 0.865612 -0.411664 2.452629 1.566991 -4.864421 0.451880 3.432564 -4.116472 0.287805 4.268491 1.740200 3.938517 0.831361 0.416667 1.372886 -1.930701 2.908351
117 452.4048397063 9.0000000000 7.0000000000 1.6053237162 7.0000000000 6.2425881439 0.9868251166 4.9121892672 -0.0784691556 4.4127209043 -0.0698813173 24.1296033969 -1151.1552609032 25.6041974389 6.5109780595 0.374771 -2.241857 -1.458138 -1.047087 -5.000000 1.137957 5.000000 1.724173 -1.438312 1.788913 0.779093 -5.000000 -1.868337 3.309583 -0.307266 2.491461 0.253812 -3.965736 3.884032 0.759383 2.298688 -1.742676 -4.005547 -0.395952 -2.890511 4.759622 2.104674 -0.414034 -3.689091 0.283613 -5.000000 -1.312373 0.684366 3.019060 -2.200704 -1.021772 -0.688186 0.025502 -0.695643 -3.271933
175 393.5428917460 9.0000000000 7.0000000000 1.4695171372 11.0000000000 6.2008630386 0.9800965906 5.2174791563 -0.0818703160 4.8900268223 -0.0746732386 27.2220887460 -1099.8270559962 25.8778729708 6.5985757075 2.511329 -3.232625 -1.147266 -2.089010 -5.000000 0.406190 0.370252 0.145365 -0.127975 5.000000 -3.210054 -3.895215 -3.683621 1.106224 0.949349 -0.420159 2.700952 -1.568730 2.857277 -1.304614 3.513854 1.884828 -2.568016 -0.788857 1.933620 5.000000 1.734498 -1.319039 -0.883109 2.595659 -3.812475 -1.265305 -1.773249 -0.658534 0.210264 3.269902 0.592258 -2.012171 -2.460160 -2.384706
478 347.8924372730 9.0000000000 7.0000000000 1.0783548894 31.0000000000 5.9750897021 0.9434936471 5.8708196281 0.3869054844 5.2761663404 0.3482285829 34.4665231060 -836.3359532612 24.1654160053 6.1855527267 1.236671 1.075476 1.593136 0.058420 -3.761539 0.867502 -0.927095 -0.591768 1.528444 3.451415 -1.808709 -4.211786 -2.360663 0.470783 2.302354 2.702967 3.857947 0.169998 3.705072 0.320239 4.836013 3.534421 1.541682 -4.045365 0.627876 3.126748 1.843508 -3.219067 -3.183287 1.779090 -3.379787 1.411471 1.881086 4.492365 1.661695 1.407788 -0.298430 -5.000000 -1.404409 -2.271483
1005 144643.2109493619 9.0000000000 7.0000000000 0.8425487920 67.0000000000 5.6296039585 0.8862929606 6.4143694396 -0.0907138467 6.2316063078 -0.0309270519 41.1441353071 -619.4459217887 23.6150476068 6.0094680945 3.860733 3.433830 1.925858 5.000000 -4.569880 1.161420 -1.491003 1.619015 2.723983 5.000000 -1.140640 -4.737128 3.771618 2.079627 4.057292 2.310222 3.077280 2.078558 5.000000 -1.382439 3.288323 1.676791 1.995574 -1.866447 4.814169 0.813876 3.433798 -1.268015 3.092502 -4.488935 -2.413055 2.473105 4.009874 3.393558 -4.771936 -0.766141 -3.865872 -3.874591 -3.787822 -4.426489
evaluations raw_y rep iid sigma t d_norm d_mean ps_norm ps_mean pc_norm pc_mean ps_squared loglikelihood mhl_norm mhl_mean x0 x1 x2 x3 x4 x5 x6 x7 x8 x9 x10 x11 x12 x13 x14 x15 x16 x17 x18 x19 x20 x21 x22 x23 x24 x25 x26 x27 x28 x29 x30 x31 x32 x33 x34 x35 x36 x37 x38 x39
1 8043718.5984495813 10.0000000000 7.0000000000 0.8425487920 67.0000000000 5.6296039585 0.8862929606 6.4143694396 -0.0907138467 6.2316063078 -0.0309270519 41.1441353071 -619.4459217887 23.6150476068 6.0094680945 2.663173 1.430558 -3.090801 -0.016768 1.242672 -1.440171 0.531023 0.217097 0.008583 -0.349200 0.866052 2.406075 -1.930131 2.056548 0.457260 0.890275 -2.273204 0.270274 2.969074 -2.159610 -3.955457 -3.486745 0.532140 4.769935 2.247383 3.345244 0.198298 2.795993 -0.542496 1.226408 -0.534634 -1.098618 0.265417 -0.952284 2.616946 0.390027 0.800420 -0.675265 2.512945 -1.463939
2 133452.0777456324 10.0000000000 7.0000000000 0.8425487920 67.0000000000 5.6296039585 0.8862929606 6.4143694396 -0.0907138467 6.2316063078 -0.0309270519 41.1441353071 -619.4459217887 23.6150476068 6.0094680945 1.320463 -0.701744 -1.878867 -0.978674 -1.609182 -0.425395 -0.678280 0.624340 1.130305 -0.294841 -0.051811 0.578188 -1.079758 1.416320 1.684449 0.407162 4.789407 1.834918 -0.224545 -0.724361 -0.464365 -1.003458 2.257570 -1.395620 -0.162244 -1.058592 2.092366 -2.837112 -0.724998 -0.243811 0.638713 0.921806 -0.431580 1.978145 0.629508 4.935302 -3.016643 1.241201 -2.090265 -1.596018
6 123177.3006103652 10.0000000000 7.0000000000 0.8425487920 67.0000000000 5.6296039585 0.8862929606 6.4143694396 -0.0907138467 6.2316063078 -0.0309270519 41.1441353071 -619.4459217887 23.6150476068 6.0094680945 0.266275 2.405488 -2.049506 0.320798 -2.260951 -3.882599 1.973196 0.056455 -1.644735 -3.173104 -0.802946 2.684359 0.804938 -0.745523 -1.344047 0.211624 -3.094611 2.689613 1.006378 2.388701 -1.127011 1.709658 1.375809 -3.066137 0.297921 0.630222 -1.149835 -0.720342 0.872371 -0.075836 -2.009433 1.182906 0.455635 0.498357 0.191526 0.898043 -0.572004 -1.725517 -1.483650 2.211150
10 110578.3452083678 10.0000000000 7.0000000000 0.8425487920 67.0000000000 5.6296039585 0.8862929606 6.4143694396 -0.0907138467 6.2316063078 -0.0309270519 41.1441353071 -619.4459217887 23.6150476068 6.0094680945 0.378840 0.089549 1.589371 -0.986281 -2.523179 -0.438521 0.394544 -0.510561 0.051615 4.401933 1.768735 -2.773645 1.307325 -4.353217 1.237898 0.954469 0.052193 -1.939411 -1.967456 0.825065 -1.228610 1.674164 -1.247238 -0.726372 1.518943 -0.067854 -0.332801 0.539145 0.750611 -0.167830 0.452253 -0.231761 0.823205 0.575621 1.008543 1.608535 -2.061216 -2.715395 -0.533004 -0.342586
38 70183.3957076857 10.0000000000 7.0000000000 1.8087096833 2.0000000000 6.2998629750 0.9960585932 4.5068346878 -0.0020623595 3.8825613689 -0.0027140313 20.3115589028 -1228.3551037597 25.4467573778 6.5010014591 1.729033 0.769063 -0.506228 -0.900654 -2.653210 0.103715 -2.100537 -0.183145 -1.006285 0.884138 3.059698 -0.857375 -0.786665 -5.000000 0.748493 4.592225 3.492700 1.049057 1.462464 -1.372294 4.056700 1.404893 0.559312 0.531719 3.939276 0.793270 5.000000 -1.135165 3.295623 -3.731703 -0.175236 0.412649 3.518082 -1.523722 -0.192203 0.978656 -1.665341 0.060917 2.799303 0.959308
39 14547.4659912114 10.0000000000 7.0000000000 1.8087096833 2.0000000000 6.2998629750 0.9960585932 4.5068346878 -0.0020623595 3.8825613689 -0.0027140313 20.3115589028 -1228.3551037597 25.4467573778 6.5010014591 -2.239818 -0.635933 -0.332478 -1.978005 -1.445690 -3.211048 2.327263 -1.109802 -0.741712 0.729398 2.130651 -2.317373 0.463761 -4.192051 4.761301 1.722284 -1.463006 -1.048279 2.389729 3.028565 -2.320265 2.469447 0.317905 0.924231 2.489792 -0.064172 1.610064 0.272943 1.585392 -2.700114 -2.127655 -0.159083 3.656776 2.522124 3.911560 0.838484 -4.340246 -2.407848 -1.758068 -3.042215
94 5270.9562271595 10.0000000000 7.0000000000 1.6590255059 6.0000000000 6.2521480677 0.9883835041 4.9768426171 -0.0049478835 4.6404497438 0.0010332116 24.7689624350 -1153.2738602103 24.8570362952 6.3611214265 -0.798233 -5.000000 -2.889027 2.485489 -2.853904 -1.621959 2.571414 1.641628 -3.007423 0.555165 2.209493 0.821626 0.916323 -5.000000 3.865683 3.850987 0.075911 1.502583 1.701420 -0.387513 -1.946260 -0.978554 1.452796 3.828954 -0.388686 2.305659 4.622485 1.261433 -1.315886 -3.348104 -1.487742 1.496439 3.398141 -0.771689 5.000000 2.382575 -0.411236 -3.728786 -1.131655 -1.248157
164 1287.6126284181 10.0000000000 7.0000000000 1.4911588297 10.0000000000 6.2042942480 0.9806810507 4.5730718971 0.0966635676 4.2621089860 0.0817315507 20.9129865756 -1088.7347219917 25.1405119962 6.3997920649 -1.462238 -5.000000 -3.284822 -0.596676 -1.291009 -0.027017 3.293024 -2.974670 -3.821801 1.268040 0.966984 -2.336404 0.790894 -2.597691 5.000000 2.188434 -0.429893 0.688034 2.988255 1.880287 -3.288578 0.339671 0.153606 0.425340 1.289607 1.919621 2.107796 0.094584 2.443509 -4.210232 -2.833356 -0.598695 2.250862 -3.779828 1.889687 2.929422 -1.300588 -0.793582 -1.114832 1.304569
293 540.0644888437 10.0000000000 7.0000000000 1.2647166608 19.0000000000 6.1035534206 0.9643965894 4.6176973905 -0.0439837210 4.1983337078 -0.0161114174 21.3231291907 -973.7121340333 25.0630377652 6.4259237284 0.311482 -3.596480 -3.085977 -2.528629 -1.022722 0.024859 1.365043 2.828026 -2.765844 0.455158 -1.109636 -1.608125 -2.644693 -0.118067 4.449950 3.328621 -2.058934 -0.475041 0.568809 -0.260809 -5.000000 3.703850 2.997847 0.271648 4.722312 -1.482954 -1.515841 1.453622 3.323938 -3.242649 0.730349 -1.234425 2.827425 -4.667698 -0.358631 1.410526 -0.554976 0.979936 -1.647082 -1.062337
390 485.5812957012 10.0000000000 7.0000000000 1.1208992121 25.0000000000 6.0338055590 0.9531047618 4.9496464343 0.0276704290 4.7066128210 0.0332007863 24.4989998241 -951.7879758043 27.4746724525 6.9338500324 0.703504 -3.109879 -4.497165 -5.000000 0.676528 -2.564809 3.336673 3.343815 -2.141328 1.308423 -0.110447 -0.979513 -4.835787 2.272163 4.490533 2.092946 -1.444770 1.811918 1.978034 0.219423 -0.986434 3.400586 1.628189 3.674346 4.224648 -1.291631 1.281216 1.046281 2.175211 -5.000000 -0.417256 -0.942016 3.799246 -4.231335 0.862406 0.991433 0.471378 -0.032170 -3.280074 -1.400501
612 407.1334983718 10.0000000000 7.0000000000 0.8287493282 40.0000000000 5.8746980114 0.9274038211 4.4640933357 -0.1625562255 4.0312052367 -0.1223312593 19.9281293100 -692.2834955007 25.4152465554 6.4906949410 -0.983298 -1.850061 -2.586409 -1.530102 -0.694251 -0.898876 3.123149 -0.002041 -2.990255 1.481965 -1.600398 -0.213945 -4.652812 0.662180 2.120250 2.303817 0.970076 3.829609 1.542779 0.495558 -2.392357 2.165661 2.108457 3.320386 2.305222 -1.630506 1.910786 -0.832012 0.661981 -4.630794 -2.775262 0.198548 3.609397 -2.729424 1.604669 0.500628 1.119594 -0.611331 -2.940316 0.454023
702 393.1172437785 10.0000000000 7.0000000000 0.7103939458 46.0000000000 5.8126032911 0.9173874052 4.7262126928 -0.0408058094 4.1376476484 -0.0633707574 22.3370864173 -615.8330464329 26.4227955106 6.7625121989 -0.346242 -4.091794 -1.551014 -1.729498 -0.533242 0.535345 0.928359 -0.042935 -2.328070 0.582948 -0.931598 0.802289 -3.361012 0.811696 3.925192 3.463378 1.191220 2.865085 1.553613 1.132089 -2.968753 3.883003 2.820361 1.869081 4.463464 -2.719924 2.846585 -1.096008 -0.975088 -4.171816 -1.865470 -0.899735 4.038350 -1.900377 2.147253 0.411783 -0.896810 -2.127435 -2.362472 0.801990
1005 161426.6446313577 10.0000000000 7.0000000000 0.5686600860 67.0000000000 5.6016137215 0.8829150527 5.4941240745 -0.0679608653 4.8910365145 -0.0689269852 30.1853993465 -437.7519617933 26.0116073066 6.6635744087 -2.270161 -2.173410 -0.495445 -2.063083 0.756432 0.297179 0.798493 -0.200341 -2.863229 2.197740 -0.605462 0.914943 -4.119415 0.662840 4.262470 2.600475 -1.626626 3.547469 2.620184 -0.112858 -3.192667 1.010597 1.925375 1.888218 3.462114 -3.585887 4.163426 -1.974390 0.576168 -3.394962 -3.544058 0.134206 3.909665 -1.669292 2.106158 -0.042033 -0.293021 -2.862754 -1.917576 2.686029
evaluations raw_y rep iid sigma t d_norm d_mean ps_norm ps_mean pc_norm pc_mean ps_squared loglikelihood mhl_norm mhl_mean x0 x1 x2 x3 x4 x5 x6 x7 x8 x9 x10 x11 x12 x13 x14 x15 x16 x17 x18 x19 x20 x21 x22 x23 x24 x25 x26 x27 x28 x29 x30 x31 x32 x33 x34 x35 x36 x37 x38 x39
1 1626368.2550827968 11.0000000000 7.0000000000 0.5686600860 67.0000000000 5.6016137215 0.8829150527 5.4941240745 -0.0679608653 4.8910365145 -0.0689269852 30.1853993465 -437.7519617933 26.0116073066 6.6635744087 3.498909 -0.572146 -0.969130 -5.000000 -0.016569 -0.639263 -1.073259 0.630805 0.842101 -2.131206 -1.772479 -0.951467 1.379365 1.122384 -2.611097 -2.238951 1.473675 3.149268 -0.062150 -1.366893 2.191259 -0.619153 1.451504 3.098143 1.260160 0.146986 1.464543 -1.285151 -0.356186 -1.147909 -0.408751 -0.972990 -0.371551 -0.761073 0.177955 0.127343 0.592694 2.805542 -3.093725 2.591237
4 225695.5888436158 11.0000000000 7.0000000000 0.5686600860 67.0000000000 5.6016137215 0.8829150527 5.4941240745 -0.0679608653 4.8910365145 -0.0689269852 30.1853993465 -437.7519617933 26.0116073066 6.6635744087 -3.064285 0.437737 0.371327 3.665553 -2.257789 0.033994 -0.848858 -0.265820 3.318409 0.757281 -0.929132 0.307682 1.532321 -1.988055 -0.528685 3.084418 1.712304 -0.089605 -0.954978 -0.308131 -3.102159 1.886072 0.682307 0.276546 -2.594845 -1.429925 1.028959 0.515433 -0.993461 1.010044 1.877566 -1.350041 -1.061716 -1.739724 -2.310528 1.593344 1.020056 0.677428 -2.344240 -2.091935
18 2263.2864560651 11.0000000000 7.0000000000 1.8569964188 1.0000000000 6.3094662603 0.9975975876 2.2873273041 -0.0241871669 1.9397397925 -0.0205116295 5.2318661962 -1272.6022085445 26.5482474177 6.7870964193 0.574244 -0.785301 1.160424 2.730238 2.618925 -0.677551 -3.264017 -0.298636 0.154571 -1.040770 1.516354 -2.504485 -0.148344 -1.223114 -4.004227 -0.454658 -1.755913 3.578610 0.097688 -2.727370 -2.205937 1.244109 4.118255 4.203143 -0.093743 1.411242 -0.678980 1.847487 -0.201757 3.928915 -1.677619 -0.750214 -2.414829 0.119137 -1.670648 0.537675 2.023482 5.000000 2.194248 1.582232
31 939.5192509881 11.0000000000 7.0000000000 1.7878559938 2.0000000000 6.2988237292 0.9958927729 4.2404755334 -0.0698137064 3.6307900499 -0.0596934230 17.9816327492 -1276.9125448888 27.5344821257 7.0283611521 2.324005 0.501169 -4.365444 0.471215 -0.135292 0.663095 -2.954014 -2.100618 -1.985107 -4.275673 0.088272 -0.887893 1.467048 1.943810 -2.058153 -1.682896 -0.143069 2.442174 0.760469 -3.054037 -2.857235 2.758026 2.887466 1.309004 1.154193 -0.419538 1.236341 2.866081 -3.656248 2.076337 3.825565 -2.754470 -0.328657 -3.868845 -0.359202 -0.897124 2.310594 0.502198 3.622395 -0.082516
50 605.4573916310 11.0000000000 7.0000000000 1.7462868115 3.0000000000 6.2858945722 0.9938211449 5.0174429016 0.0294108245 4.3697388811 0.0223818884 25.1747332706 -1240.4291685743 26.8344766462 6.8369394276 1.990873 -0.307450 -1.645159 4.294422 0.401111 -1.683115 -4.575740 -0.723294 -2.120204 -1.194203 -0.083865 -1.018685 0.281147 -0.793674 -2.000271 0.273040 0.139689 0.047130 -0.433448 -0.990605 -3.557207 1.134644 1.606796 -0.738780 4.297422 3.574054 1.058561 2.095728 -4.742308 1.994641 3.935905 -2.819380 -0.195651 -2.366561 -0.542955 1.873149 1.960988 1.760783 0.853364 0.913865
178 401.9920026372 11.0000000000 7.0000000000 1.5450604377 11.0000000000 6.1964917561 0.9793588254 5.6115307682 -0.0915178311 5.2298727982 -0.0968643617 31.4892775619 -1105.7625736971 24.9866694565 6.3522155111 -2.185715 -4.877378 -0.599584 2.873170 -3.033305 -2.585118 -2.853513 -2.142220 0.276085 -1.630012 -3.228438 -2.128428 2.087982 -0.308714 -4.260748 -0.014943 -2.217742 4.480821 1.540479 -1.653772 -1.347634 3.621342 1.869255 0.211573 -2.065725 0.726514 3.038938 0.150799 1.406758 2.243005 1.768398 -1.186812 -4.725914 -1.528668 -1.031534 5.000000 -1.513172 2.828569 2.008512 0.713608
1005 541940.2635400018 11.0000000000 7.0000000000 0.8964957959 67.0000000000 5.6287083726 0.8860109978 7.1565331461 0.0970352942 6.5208189932 0.1029595426 51.2159666719 -705.7590437893 25.6317319568 6.5457531086 -1.679817 1.164271 -4.481331 3.374687 -2.005183 -0.362106 -2.241318 3.899130 -0.779011 -3.386078 -2.879337 -2.191403 -2.600139 -1.870307 1.185976 -3.420264 -2.676800 -0.293054 1.250090 -1.956822 -2.727921 3.483787 1.084796 -1.097043 -3.483739 3.433201 -1.676842 3.024061 -5.000000 0.920145 4.448940 1.880793 -4.175564 -2.487474 0.314429 -2.481928 1.833098 2.949664 2.404621 -0.357478
evaluations raw_y rep iid sigma t d_norm d_mean ps_norm ps_mean pc_norm pc_mean ps_squared loglikelihood mhl_norm mhl_mean x0 x1 x2 x3 x4 x5 x6 x7 x8 x9 x10 x11 x12 x13 x14 x15 x16 x17 x18 x19 x20 x21 x22 x23 x24 x25 x26 x27 x28 x29 x30 x31 x32 x33 x34 x35 x36 x37 x38 x39
1 671824.6702050900 12.0000000000 7.0000000000 0.8964957959 67.0000000000 5.6287083726 0.8860109978 7.1565331461 0.0970352942 6.5208189932 0.1029595426 51.2159666719 -705.7590437893 25.6317319568 6.5457531086 0.945972 -1.362852 0.484879 -3.401471 1.506286 -3.069443 0.010254 -0.240455 -1.613964 5.000000 -1.195646 0.944914 2.191912 -2.430338 2.684713 -0.244300 2.025031 -1.827738 -2.059060 2.419593 1.003745 0.277692 1.281522 1.054665 -2.308720 -4.426667 -3.363513 -3.576189 -4.437070 -1.294862 -1.056809 -0.078418 0.429952 -0.768718 -0.507808 0.146504 -1.994408 -1.427713 0.070833 -1.355891
6 238024.5927513748 12.0000000000 7.0000000000 0.8964957959 67.0000000000 5.6287083726 0.8860109978 7.1565331461 0.0970352942 6.5208189932 0.1029595426 51.2159666719 -705.7590437893 25.6317319568 6.5457531086 1.015045 -1.236741 1.581586 -1.668810 2.618940 -2.477484 -2.405475 1.392293 3.557969 -1.592635 3.139678 3.043327 1.579831 -0.434442 -4.368120 -3.134537 -1.619341 1.000990 -0.387020 -1.328406 0.167054 -3.316851 0.760227 -1.913346 2.539718 0.301039 -1.530263 -1.074041 -3.222590 0.329978 -2.021552 -0.230799 2.280077 0.676005 0.951029 5.000000 1.382215 2.222471 -0.515369 -2.391903
12 223446.5272636254 12.0000000000 7.0000000000 0.8964957959 67.0000000000 5.6287083726 0.8860109978 7.1565331461 0.0970352942 6.5208189932 0.1029595426 51.2159666719 -705.7590437893 25.6317319568 6.5457531086 -0.041847 -2.367717 -0.141311 1.284113 -0.343466 3.512762 -0.061064 -1.381396 0.646250 0.483934 0.678021 0.111522 -0.181288 1.893213 -3.241981 1.514497 -1.138093 -0.202357 -1.763410 2.540953 -4.115837 -2.455458 -0.841885 1.372120 -2.638864 1.046573 2.175506 -1.796635 -5.000000 1.507018 -0.340058 -0.184778 2.149908 1.516706 -1.136008 0.302405 -1.765289 0.893962 -0.144110 1.018501
20 22672.3004843660 12.0000000000 7.0000000000 1.8874800629 1.0000000000 6.3118940007 0.9979796556 3.1647708219 -0.0344515467 2.6838449776 -0.0292162105 10.0157743551 -1299.7090396241 27.1375904705 6.9401842439 2.822937 -2.144232 -2.099894 0.732079 -2.017888 0.182133 -0.392006 -3.376034 -0.963101 1.718568 3.442412 -1.258786 3.021063 -1.907041 -4.073094 -0.143698 1.840024 -0.395214 1.740190 2.713316 -3.453372 -2.892319 0.846607 -0.285301 -3.060669 1.624987 -2.528208 -3.950326 -3.533860 -0.243832 2.568996 -4.473230 0.333316 1.854930 -1.409775 -2.765153 -0.107072 5.000000 2.914789 -3.788262
25 15114.4403362902 12.0000000000 7.0000000000 1.8874800629 1.0000000000 6.3118940007 0.9979796556 3.1647708219 -0.0344515467 2.6838449776 -0.0292162105 10.0157743551 -1299.7090396241 27.1375904705 6.9401842439 -0.230553 -1.991388 1.295187 1.945305 2.610287 -2.116762 3.603279 -2.013696 3.335323 -0.384472 -1.954180 -1.988262 1.123705 1.957971 0.944669 3.102555 1.724157 1.875117 0.542045 1.284937 0.218097 -2.378320 -3.923491 4.131203 -1.401334 -1.847204 0.365802 -2.498246 -2.973465 1.484413 -1.122553 1.372579 0.207207 -1.150976 -3.605335 1.527073 0.332968 -1.469096 0.949197 -1.168436
42 3856.1457330843 12.0000000000 7.0000000000 1.8026620275 2.0000000000 6.2994830511 0.9959941013 3.8074768712 -0.0571108312 3.2936518999 -0.0497187180 14.4968801244 -1252.0419108837 26.4867013563 6.7647763692 0.131661 -2.798806 0.085571 1.826049 -0.382564 -3.897438 -0.817605 1.981063 2.665959 -2.710287 -2.163050 -1.220157 0.978266 0.911909 -0.249015 -0.257448 0.633706 0.337830 -2.530794 -0.686619 2.457752 -4.290653 -1.731830 0.525630 -2.950927 -1.391466 2.959145 -0.061345 -5.000000 2.239337 0.439786 0.068498 2.585904 4.601472 0.808866 0.694964 0.859915 3.227431 1.355086 2.403424
51 695.6380822187 12.0000000000 7.0000000000 1.7526294816 3.0000000000 6.2869842172 0.9939934544 4.7683747801 -0.0145307081 4.1741473355 -0.0150939651 22.7373980431 -1212.5507393706 25.6838205573 6.5370026115 0.443735 -4.041017 -2.738068 1.311566 0.805565 -2.839949 2.652000 -0.120316 1.927219 -1.891637 2.022108 0.280042 -1.315658 -0.923274 -0.553744 -0.412744 2.704312 -2.936751 -0.526371 1.850331 2.941201 -2.707420 -1.921309 2.588283 -2.430936 -2.511630 2.710283 -3.226666 -2.483066 3.358214 -0.949544 -1.150116 1.583536 3.838275 0.615850 0.565637 -0.068043 1.256877 -0.006924 -1.934069
57 474.7399174991 12.0000000000 7.0000000000 1.7526294816 3.0000000000 6.2869842172 0.9939934544 4.7683747801 -0.0145307081 4.1741473355 -0.0150939651 22.7373980431 -1212.5507393706 25.6838205573 6.5370026115 -1.216832 -0.079713 1.570862 2.097574 -0.042907 -1.082106 -1.552568 -1.726370 3.489608 -2.065981 1.022900 -0.003830 -0.028799 -1.065590 2.299973 -1.249549 2.855182 1.606492 -2.003619 0.094951 1.072676 -4.441874 -0.143382 0.530317 -0.703050 -3.578011 0.964036 -3.322049 -4.153641 1.127415 -1.769963 -0.371358 -0.022079 2.115478 0.031902 3.764313 0.069528 0.387804 0.465706 -1.470020
717 398.1892692421 12.0000000000 7.0000000000 0.8830278804 47.0000000000 5.8086528099 0.9161116423 5.0548350953 0.1499707225 4.6514105055 0.1275387987 25.5513578404 -720.0218842691 25.5233068541 6.5234980525 1.004653 -0.535034 0.327545 3.210534 -4.336013 -2.766325 -2.997445 1.979427 -3.447305 0.353266 -1.545768 -2.944580 1.862744 -4.089316 -0.734773 1.700197 1.867867 0.049450 -3.193644 1.506336 3.400735 -0.917401 -3.598942 3.703018 -1.735211 -1.487568 1.275729 0.636745 -1.516860 1.514940 3.903094 -4.869387 -2.480347 -0.169758 -3.144950 0.729170 -1.188599 -1.645686 5.000000 -2.251274
1005 226584.0008945969 12.0000000000 7.0000000000 0.7902168199 67.0000000000 5.6173554368 0.8847467329 6.0452531272 -0.0235467229 5.2637792597 -0.0544996142 36.5450853721 -607.1553513736 24.6229275758 6.2908101261 0.585791 -0.815140 -0.571348 3.209856 -4.631581 -2.651929 -3.242696 2.631302 -2.829063 -4.006204 -3.580673 -3.848412 1.679479 -4.744539 -0.993933 0.201943 3.695032 0.973949 -3.081448 2.681683 5.000000 -1.515668 -2.554457 3.069623 -3.303684 -1.779937 0.979295 2.976625 -3.046914 0.932129 4.306603 -2.339683 -1.928284 -1.720676 -3.653589 3.831626 -2.982950 -3.017649 5.000000 -2.115456
evaluations raw_y rep iid sigma t d_norm d_mean ps_norm ps_mean pc_norm pc_mean ps_squared loglikelihood mhl_norm mhl_mean x0 x1 x2 x3 x4 x5 x6 x7 x8 x9 x10 x11 x12 x13 x14 x15 x16 x17 x18 x19 x20 x21 x22 x23 x24 x25 x26 x27 x28 x29 x30 x31 x32 x33 x34 x35 x36 x37 x38 x39
1 5489944.0859871916 13.0000000000 7.0000000000 0.7902168199 67.0000000000 5.6173554368 0.8847467329 6.0452531272 -0.0235467229 5.2637792597 -0.0544996142 36.5450853721 -607.1553513736 24.6229275758 6.2908101261 -1.424781 1.507533 -0.089006 0.903625 2.690203 1.064676 2.700376 1.722423 2.957371 -2.090754 -1.577978 -2.523212 1.125694 -0.486653 1.827481 0.634702 0.254607 4.300766 1.212577 -0.053543 -1.968322 2.381411 1.905661 -2.174363 -0.290423 0.475716 -3.278187 -0.556269 2.798477 -3.230216 0.981744 3.785484 -1.241959 -0.907505 0.434903 1.028658 0.794483 -3.025690 -1.528068 0.202540
2 53453.3340580799 13.0000000000 7.0000000000 0.7902168199 67.0000000000 5.6173554368 0.8847467329 6.0452531272 -0.0235467229 5.2637792597 -0.0544996142 36.5450853721 -607.1553513736 24.6229275758 6.2908101261 -0.634532 2.276666 -0.644247 -0.740232 3.699225 -0.163303 -1.960549 -0.004778 -0.464852 1.421950 0.906317 -0.665352 -0.768915 -1.060655 2.700612 4.030442 -0.115065 1.129309 0.719065 -1.023930 -1.046328 -0.962743 -3.848319 -1.514906 0.906962 1.844688 -0.414699 -0.751840 1.279768 4.107386 -1.856670 -1.549320 -0.874291 1.095837 -1.708286 0.931316 -1.441999 1.124523 -0.629716 -0.859794
24 29310.6696177105 13.0000000000 7.0000000000 1.8738886943 1.0000000000 6.3102774952 0.9977288875 2.7753196909 -0.0208294295 2.3535757351 -0.0176641415 7.7023993864 -1253.1680420187 25.5677016134 6.5115700753 0.334476 0.149291 -1.390764 -1.791656 1.693893 -0.780953 -2.999089 0.577315 -1.915692 0.002673 0.352327 -0.892352 -1.352547 -4.115493 -0.226092 0.168386 -0.730163 3.255201 -0.731617 1.672824 -2.606276 1.933274 -3.188168 -4.439062 2.346768 -0.411760 -2.766005 1.979079 -0.865665 5.000000 -0.329015 -5.000000 -0.171445 -1.273362 1.486840 -1.622765 -1.752847 2.569227 -3.418605 5.000000
25 28281.5001350384 13.0000000000 7.0000000000 1.8738886943 1.0000000000 6.3102774952 0.9977288875 2.7753196909 -0.0208294295 2.3535757351 -0.0176641415 7.7023993864 -1253.1680420187 25.5677016134 6.5115700753 0.491526 -0.099398 -1.631790 -1.642542 2.618049 0.714825 1.085799 -0.474615 -2.448192 -1.293194 0.417738 3.326647 4.565336 -2.817206 1.746709 0.733869 2.082103 -2.388058 -0.522374 0.723099 -1.486373 0.796255 -1.074595 -0.544057 1.922614 4.033180 -1.244210 1.179193 2.095732 1.953723 -0.154706 0.548065 3.257308 -1.299471 -2.641152 -0.080037 -1.485004 2.881958 -2.869711 1.063818
35 605.8201602210 13.0000000000 7.0000000000 1.8069684134 2.0000000000 6.2972012712 0.9956349872 4.3255111955 0.0495092003 3.7347768121 0.0412177596 18.7100471022 -1261.0500278058 26.7736044563 6.8291795515 2.368336 -0.947774 -0.730696 -0.556887 -0.212550 0.338865 -3.500922 1.652976 0.445783 -1.100446 0.840593 0.681011 2.484986 -0.166608 0.214755 -0.454243 -0.830820 -1.151377 -2.681454 2.780312 -2.012612 3.018704 -2.379951 -4.365889 2.099636 2.186295 -0.253343 1.087131 1.273200 0.139936 1.440480 -3.211364 1.132100 -3.767484 -0.833535 -0.679044 -0.544223 1.912701 -5.000000 4.320752
118 406.4963262805 13.0000000000 7.0000000000 1.6194090064 7.0000000000 6.2382342731 0.9861505455 5.0558811560 -0.0391105974 4.6794972730 -0.0343689236 25.5619342638 -1158.8756804173 25.7422015138 6.5340387423 0.185493 0.162250 -3.548005 1.660922 1.595644 2.367960 -3.612246 -0.002446 -0.095572 0.000910 0.932778 2.874836 0.279944 -5.000000 -1.899137 2.537304 1.338980 1.084869 -2.985594 2.414487 1.065817 -0.645024 0.289039 0.214227 1.107444 -0.646815 -2.688138 -0.985738 1.031698 1.521752 0.611122 -4.097830 1.339576 1.638408 -2.720879 -0.321290 4.913068 5.000000 -2.045503 1.594752
1005 22084.5648487046 13.0000000000 7.0000000000 0.6043495830 67.0000000000 5.6077554761 0.8835490444 5.2648209698 -0.0207343312 4.4668031721 -0.0422486167 27.7183398435 -480.1555084643 26.3608142361 6.7035950241 0.350483 0.152664 -1.439141 2.014968 2.043609 -0.274426 -4.255344 2.283709 -3.233102 1.941519 2.230377 -1.079432 4.300293 3.788946 -2.940059 2.358165 1.833578 -4.583532 -3.760457 4.120777 3.139157 -1.545435 4.250988 -4.388509 5.000000 3.829467 -5.000000 -1.008033 4.599102 3.941038 -0.724053 2.193553 0.833693 -2.373217 2.470440 3.184884 0.959383 4.151662 -3.708916 -4.469451
evaluations raw_y rep iid sigma t d_norm d_mean ps_norm ps_mean pc_norm pc_mean ps_squared loglikelihood mhl_norm mhl_mean x0 x1 x2 x3 x4 x5 x6 x7 x8 x9 x10 x11 x12 x13 x14 x15 x16 x17 x18 x19 x20 x21 x22 x23 x24 x25 x26 x27 x28 x29 x30 x31 x32 x33 x34 x35 x36 x37 x38 x39
1 404644.8502768085 14.0000000000 7.0000000000 0.6043495830 67.0000000000 5.6077554761 0.8835490444 5.2648209698 -0.0207343312 4.4668031721 -0.0422486167 27.7183398435 -480.1555084643 26.3608142361 6.7035950241 3.102678 0.158372 0.347953 -0.144673 -4.008659 0.289356 -3.002337 0.422219 -1.116410 2.169058 -0.372578 0.029323 -2.151139 1.284504 -0.360673 1.240601 1.621949 1.555872 -0.474979 -3.783825 -2.344244 1.672414 2.018547 2.586199 -1.098662 -1.963426 1.829346 1.746141 0.044222 -0.008287 -2.698252 -0.416436 2.653081 -1.832521 -0.940026 -0.298885 -0.650520 -3.611447 -1.000740 -1.129561
11 43247.2564117969 14.0000000000 7.0000000000 0.6043495830 67.0000000000 5.6077554761 0.8835490444 5.2648209698 -0.0207343312 4.4668031721 -0.0422486167 27.7183398435 -480.1555084643 26.3608142361 6.7035950241 1.317228 0.195578 -2.819187 -1.634307 1.206133 3.116922 1.832111 -1.351856 -2.108428 4.457221 0.729876 -0.706850 0.354926 1.113574 -0.107859 0.216552 3.067863 -1.042300 -0.803606 0.783693 0.155681 -0.294020 0.472268 -1.660578 0.136176 -1.122551 2.873434 -1.285321 -0.010460 1.905077 -1.132806 0.496849 -1.741316 -1.464890 -1.425545 -1.278312 -0.416827 -5.000000 0.038956 -0.260768
17 35841.6272709350 14.0000000000 7.0000000000 1.8846409426 1.0000000000 6.3094766342 0.9975955258 3.0836500517 -0.0391467954 2.6150515060 -0.0331979585 9.5088976413 -1304.1495242781 27.3893753741 6.9538825199 -3.655181 0.859429 -1.528599 -2.992044 1.550380 2.074752 -0.556964 -1.224186 -0.964408 0.521829 -2.368914 2.469304 -0.373096 1.757916 1.005007 1.482180 5.000000 0.896743 -1.676622 1.086115 -0.690033 0.915971 -1.597520 -0.800705 -0.597224 2.952405 -0.104602 -0.213510 3.169578 -0.800936 0.292549 2.335665 1.450184 -2.250044 -1.760677 -0.626940 -1.671212 -3.584699 -2.639373 3.283744
26 31359.7675784264 14.0000000000 7.0000000000 1.8846409426 1.0000000000 6.3094766342 0.9975955258 3.0836500517 -0.0391467954 2.6150515060 -0.0331979585 9.5088976413 -1304.1495242781 27.3893753741 6.9538825199 2.652345 0.876900 -1.281180 1.006420 -0.422498 0.330047 -0.195057 0.834506 0.127041 2.269252 -1.972775 -3.570665 1.601517 2.168086 -1.829955 0.757165 1.631815 -0.807556 -2.002550 -1.938764 2.548982 -0.452027 -2.303422 2.978000 1.245478 0.465583 -0.734287 1.823367 -3.697789 2.728439 -0.056028 1.101253 -1.067899 -0.316075 -0.556697 0.918631 -0.335672 -3.744667 5.000000 1.647233
78 587.2632004459 14.0000000000 7.0000000000 1.6717533504 5.0000000000 6.2608880790 0.9897981613 5.5397203151 -0.0477515769 4.9990682139 -0.0394369570 30.6885011691 -1181.5008839904 25.7692832820 6.5380014298 1.586447 4.038333 -3.491709 -1.579405 1.625063 0.927729 -3.034628 -1.923493 0.450446 2.810872 -3.119861 4.057068 -0.687419 -2.947171 0.372560 2.289364 0.176988 -0.348164 -3.930354 0.209620 -2.738579 1.235892 -1.450340 4.781762 2.040776 0.009219 3.516252 0.162085 -0.081944 0.490197 -2.576017 0.277044 -5.000000 -3.166669 -0.483864 -1.133645 -0.357173 -4.142320 0.780379 3.149715
482 567.1397277682 14.0000000000 7.0000000000 1.0035588178 32.0000000000 5.9456814552 0.9388398782 5.0173474844 0.1722494266 4.5289199764 0.1440570171 25.1737757797 -798.7449884006 24.6109557537 6.2728626803 0.248008 0.737522 -3.163086 1.899908 1.235090 5.000000 -0.793103 -3.137198 2.582653 -0.145017 -3.803458 0.464755 4.224884 0.410780 -1.295885 3.092507 4.387656 -0.386455 0.836470 -1.264065 -1.484219 5.000000 3.852784 3.690997 -3.486375 -1.227719 1.200609 -3.732507 -1.192828 -2.101057 -3.215806 4.560510 -3.681075 -0.821894 -2.579105 -1.577797 0.903972 -4.484632 -1.692737 4.128922
567 555.9370825676 14.0000000000 7.0000000000 0.9445514320 37.0000000000 5.8926755055 0.9301375751 5.0439853277 -0.1226671896 4.6381747974 -0.0890670312 25.4417879862 -802.3573146704 26.7160061678 6.8455365200 -1.176372 1.503783 -2.414275 0.772714 0.792348 2.997145 -1.885014 -2.480716 2.863072 -2.589687 -3.782788 1.791867 2.996261 -0.076422 -0.894165 2.860977 4.060266 0.353274 1.565336 -1.548860 -0.001090 2.833091 3.442246 2.639076 -3.747878 -2.310799 0.213371 -4.214633 -1.748912 -1.217875 -3.751188 2.747889 -1.716479 -0.268663 -0.512452 1.694373 0.207944 -5.000000 -0.564665 2.603155
590 491.4554520398 14.0000000000 7.0000000000 0.9196672112 39.0000000000 5.8719415744 0.9267206666 5.5018489590 0.0500019864 5.0035734898 0.0405982197 30.2703419674 -732.2704048608 24.4378753734 6.2516775155 -1.645353 1.167634 -2.693349 2.278513 0.219790 5.000000 -2.932136 -1.314756 3.513296 -2.292388 -4.647320 1.685901 3.864796 0.596029 -0.980686 3.687282 3.677642 -1.834287 0.797744 -1.287249 1.800780 4.598427 3.625451 4.319736 -2.681159 -3.399583 0.278241 -4.258568 -1.772422 -1.964522 -4.605991 2.818140 -2.086517 1.510078 -1.569143 0.810461 -0.326945 -3.736038 -0.713940 2.489370
658 479.6118475599 14.0000000000 7.0000000000 0.8757364107 43.0000000000 5.8326768308 0.9202246104 5.7360138039 -0.0731028966 5.4183499780 -0.0420076616 32.9018543590 -715.1471593396 25.3429457711 6.4543507631 -2.090917 1.673247 -1.944775 0.135242 -1.282812 4.025181 0.049269 -2.105329 2.750600 -0.984339 -5.000000 1.084950 2.394331 1.176484 0.334842 1.788610 4.413177 -1.942712 0.051193 -3.080648 -0.628298 5.000000 3.622035 3.897553 -3.798943 -4.079781 1.085184 -5.000000 -1.756777 -3.061393 -3.645082 2.873279 -1.355205 1.595776 -1.081609 3.091098 -1.288243 -3.513820 -1.747822 1.923018
752 445.5047216069 14.0000000000 7.0000000000 0.8867894016 50.0000000000 5.7661555494 0.9091820674 5.5291977886 -0.0488270492 5.0084496880 -0.0517982679 30.5720281859 -711.7900489816 25.3211017664 6.4646021360 -3.077514 -0.148471 -0.775135 -0.563777 1.392651 3.181659 -1.177387 -1.924793 3.017856 -1.259925 -4.398017 0.229693 0.999016 -0.416822 -1.940018 4.034407 4.114259 -1.664581 -0.191389 -2.050173 -2.065698 3.933085 3.531229 2.395470 -2.767672 -3.607819 0.437868 -4.099113 -1.722826 -2.411425 -4.175871 2.579068 -0.837613 1.417959 0.014090 3.818168 -0.081077 -1.086458 -0.641971 2.309760
1005 52121.4935624790 14.0000000000 7.0000000000 0.7647556403 67.0000000000 5.5960790916 0.8810675696 5.6316796834 -0.0864802735 5.2989785289 -0.0816317247 31.7158160565 -610.8523021975 26.0119017608 6.6362216098 -1.925175 -0.612692 -2.587829 -0.972304 1.610706 3.808261 0.110760 -1.723495 3.595768 -0.683870 -4.289632 1.131837 0.923948 0.458361 -2.496389 3.361984 2.028224 -2.887389 -1.520809 -2.749629 -1.335069 3.464110 0.576053 0.736867 -3.249677 -2.012428 1.128777 -4.348630 -3.696670 -4.274997 -0.625185 2.384220 2.257524 1.650359 0.113508 2.899264 0.469313 1.825444 1.071512 2.026839
evaluations raw_y rep iid sigma t d_norm d_mean ps_norm ps_mean pc_norm pc_mean ps_squared loglikelihood mhl_norm mhl_mean x0 x1 x2 x3 x4 x5 x6 x7 x8 x9 x10 x11 x12 x13 x14 x15 x16 x17 x18 x19 x20 x21 x22 x23 x24 x25 x26 x27 x28 x29 x30 x31 x32 x33 x34 x35 x36 x37 x38 x39
1 6050808.0802086806 15.0000000000 7.0000000000 0.7647556403 67.0000000000 5.5960790916 0.8810675696 5.6316796834 -0.0864802735 5.2989785289 -0.0816317247 31.7158160565 -610.8523021975 26.0119017608 6.6362216098 -0.624657 0.678569 -0.311817 -1.003579 0.471138 -3.527211 -2.191724 -2.175531 -0.610340 -0.947497 -0.401189 0.710394 1.379035 0.821179 -1.129957 1.198781 -0.325873 3.200429 1.363254 0.029760 -0.175559 -1.964236 0.243381 -2.274875 0.698005 -3.717026 -2.334364 2.849794 2.993131 2.579864 -3.623491 -2.996614 -2.900286 -3.387814 0.454528 -0.979469 -0.001057 -0.980505 -1.586419 4.097798
3 2099360.3432696303 15.0000000000 7.0000000000 0.7647556403 67.0000000000 5.5960790916 0.8810675696 5.6316796834 -0.0864802735 5.2989785289 -0.0816317247 31.7158160565 -610.8523021975 26.0119017608 6.6362216098 1.211984 0.337874 -2.077783 0.570476 1.004783 3.867750 0.096650 -2.103537 2.333165 1.470934 -1.126260 -2.426016 3.096256 -3.395751 -1.263586 0.572733 -2.095944 -0.372900 0.995110 -0.809004 -2.568209 -1.228514 -0.215739 2.267246 -2.072493 3.022715 -1.736548 2.784461 4.350186 2.598042 -0.376163 3.338047 2.309148 0.963605 -0.356074 -0.772366 -0.260149 4.719247 1.033999 0.882709
4 579208.8612701728 15.0000000000 7.0000000000 0.7647556403 67.0000000000 5.5960790916 0.8810675696 5.6316796834 -0.0864802735 5.2989785289 -0.0816317247 31.7158160565 -610.8523021975 26.0119017608 6.6362216098 -0.951449 0.656766 -0.565611 -1.440438 0.176918 -0.945031 0.259944 -0.213668 -1.408606 1.034355 1.161692 -5.000000 -0.499235 -0.354188 -0.512672 2.543029 0.161957 -0.835881 -1.533899 1.263132 -3.252894 -0.628051 -1.230944 -0.797969 -0.637128 -2.361661 -2.345687 -0.104641 -1.692368 2.828984 0.671707 -2.225721 1.026212 -0.456638 0.467575 3.083187 1.837349 -1.827138 1.004896 -0.856128
10 286596.5871142393 15.0000000000 7.0000000000 0.7647556403 67.0000000000 5.5960790916 0.8810675696 5.6316796834 -0.0864802735 5.2989785289 -0.0816317247 31.7158160565 -610.8523021975 26.0119017608 6.6362216098 -2.457468 0.762008 2.161524 0.233530 -3.138971 -0.639671 -2.850928 -2.550560 -2.244592 1.588922 3.055760 -0.400743 2.155458 -1.194364 -0.870509 2.436011 4.327306 2.471842 -5.000000 -0.903305 0.353229 0.345208 -2.003530 5.000000 -3.974240 -0.184111 -2.014648 -0.837281 -0.155950 -1.558442 0.140853 -3.529954 -2.196414 0.509400 -2.836040 0.616966 -1.391096 -2.610824 -0.132016 -1.654459
12 54017.6842395369 15.0000000000 7.0000000000 0.7647556403 67.0000000000 5.5960790916 0.8810675696 5.6316796834 -0.0864802735 5.2989785289 -0.0816317247 31.7158160565 -610.8523021975 26.0119017608 6.6362216098 -0.854667 -0.678403 -0.041221 -0.595486 -1.691802 0.057348 -1.029766 -0.193198 -1.730454 2.699831 2.414204 2.311659 -2.243056 0.383239 -0.753085 0.013268 0.952650 1.619648 -1.773315 2.451549 2.560123 2.347332 -1.364301 0.405795 0.001326 -1.520205 -1.721485 -0.145301 -2.128895 -2.853926 -0.574206 -0.181115 1.717553 3.208782 -2.597197 0.486435 1.208428 -2.084840 -0.857500 0.092988
37 39499.1726550268 15.0000000000 7.0000000000 1.7950009274 2.0000000000 6.2946942397 0.9952294502 3.6081062637 -0.1301400830 3.1338959670 -0.1130504219 13.0184308100 -1238.3552867133 26.0987650520 6.6735755667 1.966746 -0.453257 -1.782376 -1.606361 1.117662 -2.017076 2.717356 -3.753075 -1.521782 1.148150 0.120218 4.206254 -3.435319 -3.600567 0.235718 -3.973651 -1.031051 5.000000 -1.679825 -1.116051 1.711776 3.715646 -0.048100 -2.117081 0.102872 -1.054146 -2.382483 1.065054 -1.710241 0.472658 -1.309469 -1.639397 1.534524 2.680224 -2.403760 -1.980094 -0.623368 -0.621338 1.105233 -1.759942
41 4718.9085888900 15.0000000000 7.0000000000 1.7950009274 2.0000000000 6.2946942397 0.9952294502 3.6081062637 -0.1301400830 3.1338959670 -0.1130504219 13.0184308100 -1238.3552867133 26.0987650520 6.6735755667 -0.989296 1.737091 -0.022447 -0.492374 -0.851488 -3.526013 1.134270 -2.514057 -3.191258 2.116156 -0.423089 0.757076 0.833881 -3.352307 -2.607275 0.108719 1.318161 0.415101 -2.492776 -0.969012 3.241285 1.349265 -2.145145 -0.614453 0.488146 0.981119 -4.072718 -0.500983 0.264827 -3.178413 2.682947 1.537775 3.844355 5.000000 -4.304975 -0.410876 1.712948 -0.976294 -0.917822 0.511209
51 2732.9803813324 15.0000000000 7.0000000000 1.7500457403 3.0000000000 6.2809817497 0.9930329717 4.9183837225 -0.1171256954 4.3046756398 -0.1060182055 24.1904984419 -1208.5418367715 25.5845167349 6.5264361088 -0.182696 1.240868 -2.294598 -1.624428 2.670566 -0.288625 1.809889 -3.705042 0.991325 0.467294 1.638606 0.409819 -1.889429 -4.408020 -2.585031 -1.351734 0.237163 4.764752 2.708423 -3.191678 2.484947 3.433601 -2.992408 1.326869 1.134596 -0.076087 -4.505584 2.225371 -0.366367 0.428259 -0.185579 1.048366 1.619935 1.350634 -4.501670 -3.492495 -1.888083 -3.005809 -0.022127 1.332635
61 790.0331704495 15.0000000000 7.0000000000 1.6860341318 4.0000000000 6.2660890448 0.9906458297 4.2771418907 -0.0134126668 3.8255428011 -0.0215547765 18.2939427529 -1183.9004628764 25.6223584410 6.5249412179 1.580734 2.730462 0.081025 -0.603256 -0.128152 -1.270609 4.218753 -1.702476 -2.301966 2.258335 -2.008405 1.900037 2.794947 0.114282 -1.425109 -0.405994 0.050204 0.258504 -2.851199 0.316320 0.478433 2.194341 -3.056767 -4.019006 -0.175751 0.405974 -1.970674 -1.573258 1.478668 1.066163 -0.909814 -0.387279 1.846415 5.000000 -4.239451 -0.474384 1.567586 -1.722640 -2.025089 2.914861
222 744.0550777748 15.0000000000 7.0000000000 1.3238781098 14.0000000000 6.1456817665 0.9712723867 5.0981855153 0.0299819296 4.6105691476 0.0274624860 25.9914955480 -1007.9478627780 25.0806113866 6.3972507993 4.264512 0.631949 -0.266303 -3.280837 -2.989695 3.737889 -1.478064 -2.033746 0.024268 0.144486 0.396993 2.834758 -0.105386 0.942377 2.562761 -0.835260 4.154763 -1.450609 -1.780741 -3.459288 3.397902 1.241762 -1.836783 -2.166896 -0.725786 1.491055 -4.034544 -2.247163 -1.061034 0.026188 -0.988471 1.805981 1.716806 1.884142 -5.000000 -2.368694 2.617293 -4.850190 0.619821 -2.458931
247 420.5824750443 15.0000000000 7.0000000000 1.2891899589 16.0000000000 6.1200895688 0.9671692092 5.7281927054 0.0270193070 5.1006530774 0.0237252791 32.8121916707 -983.6357357317 24.9397919720 6.3295594108 1.457400 0.522508 -2.921573 -0.716843 -1.527160 1.766349 -0.428981 -3.727178 1.908415 2.526481 2.942409 5.000000 1.283223 2.371312 -1.455770 -1.671113 0.021087 2.383693 -1.312310 -1.397616 4.387400 2.573853 -1.192515 -2.100929 -1.244957 0.424096 -2.794279 -1.570617 -0.269865 -0.474828 2.020351 2.356354 1.345385 2.555059 -4.147019 -1.627499 0.555267 -5.000000 -0.803197 0.704265
1005 1064378.1742839594 15.0000000000 7.0000000000 0.7088832122 67.0000000000 5.5877569618 0.8807163133 5.2410813156 0.2277681488 4.6703953835 0.1826706517 27.4689333572 -539.2463395957 24.9699377075 6.3709179853 5.000000 -0.259958 -4.482009 -1.793193 4.190701 3.100777 -2.185110 -3.742100 -0.882633 1.038412 -0.870085 -3.440099 0.327021 4.010092 1.502927 -3.530441 -0.654191 0.523540 -0.463885 -1.658113 1.217162 -1.029107 -4.067308 -4.729374 5.000000 0.636877 -3.641329 -1.124641 -3.442607 -0.282656 2.239351 -1.715971 4.297040 2.457156 -4.514017 -3.023441 3.385548 -1.415288 3.042191 -0.604811
evaluations raw_y rep iid sigma t d_norm d_mean ps_norm ps_mean pc_norm pc_mean ps_squared loglikelihood mhl_norm mhl_mean x0 x1 x2 x3 x4 x5 x6 x7 x8 x9 x10 x11 x12 x13 x14 x15 x16 x17 x18 x19 x20 x21 x22 x23 x24 x25 x26 x27 x28 x29 x30 x31 x32 x33 x34 x35 x36 x37 x38 x39
1 73822.3831765749 16.0000000000 7.0000000000 0.7088832122 67.0000000000 5.5877569618 0.8807163133 5.2410813156 0.2277681488 4.6703953835 0.1826706517 27.4689333572 -539.2463395957 24.9699377075 6.3709179853 0.255897 -3.056947 -1.188936 0.132661 -2.470990 -1.242737 -1.777896 0.997820 -1.573794 0.237487 -1.513726 0.986734 -1.678809 -2.030044 -0.685039 3.768928 -0.541826 -2.903439 -2.160318 5.000000 -0.440446 -0.178801 0.552683 3.224522 1.431930 1.317265 0.421482 -1.128887 0.280372 -0.676896 -2.809655 -4.973284 2.547087 2.159496 1.296805 1.112840 0.467075 -2.157691 -2.363922 -1.406480
9 21141.5376789151 16.0000000000 7.0000000000 0.7088832122 67.0000000000 5.5877569618 0.8807163133 5.2410813156 0.2277681488 4.6703953835 0.1826706517 27.4689333572 -539.2463395957 24.9699377075 6.3709179853 -0.950084 -3.574946 -1.187079 -0.417450 -0.566501 -1.330216 -1.415077 -1.672711 4.075918 -1.008479 -1.122022 -5.000000 1.492491 -0.419817 -1.183421 -1.409853 -1.387332 2.496488 -0.906707 3.615147 2.428110 -0.358526 -2.315837 1.924843 -0.291217 -0.628145 1.041494 3.323049 -4.300144 -2.516693 -1.840305 2.672750 -0.735683 2.190460 3.076647 -1.055264 -0.227399 0.171235 0.802290 -0.256075
18 767.8476879993 16.0000000000 7.0000000000 1.8863937101 1.0000000000 6.3124833212 0.9980701328 3.1337454269 -0.1158946260 2.6575342729 -0.0982830124 9.8203604006 -1263.8099189209 25.7887055827 6.5795304551 1.080014 -0.580707 -1.389099 0.665916 -1.703253 2.988880 -4.582008 -0.174770 3.902583 -0.464566 -0.001720 -2.388112 3.990169 0.122158 2.462061 -1.989414 0.453650 -3.358618 -1.782633 -0.983340 0.212007 -0.257041 -0.285062 0.484250 -1.161087 -0.824245 -1.172884 -1.277528 -0.994171 -1.055412 -0.953768 0.663420 3.344188 -0.066145 3.147196 -2.919950 -2.331998 0.409425 -1.355980 3.611412
136 682.5555428079 16.0000000000 7.0000000000 1.4667213082 9.0000000000 6.2091680381 0.9814941921 5.6715956910 -0.1203061411 5.1699670493 -0.1213051219 32.1669976822 -1103.5576124552 26.0704148036 6.6366414340 0.149003 -1.555129 -2.581314 -1.298787 -0.641402 -0.675805 -1.875969 -1.956887 -2.089518 -1.866940 0.618185 -1.397294 -0.772958 -0.589740 1.882517 0.291404 -1.922377 0.615071 0.866573 0.188799 0.370084 3.887351 1.470491 -4.430332 2.187250 0.839558 1.158264 2.702097 0.557475 3.887111 -0.175516 -0.677151 1.890882 -0.962402 0.910312 3.186583 -0.058088 -1.984967 -4.100630 4.093212
185 372.0654976396 16.0000000000 7.0000000000 1.4211998131 12.0000000000 6.1754485622 0.9760184485 5.8796562050 0.0209630841 5.5239531619 0.0010320030 34.5703570885 -1072.7207980339 25.8104203099 6.5487243475 -1.684465 -1.960143 -2.991550 0.855946 -3.273856 -3.008510 -2.579666 0.468931 -1.998169 -3.207916 -1.376942 -1.063226 1.620269 -3.088330 2.004498 1.538519 -1.311101 -0.382201 0.530371 -1.642153 -0.978689 4.916665 1.559615 -3.941961 -0.028931 -1.342548 1.138570 4.098357 -1.574463 2.581162 0.618735 0.189080 1.876474 0.664973 4.102310 2.498774 0.225105 -4.099181 -4.798677 5.000000
1005 10523.0879582610 16.0000000000 7.0000000000 0.8325174165 67.0000000000 5.6247894482 0.8859089205 5.6619746955 0.4644904705 5.0899601528 0.4225668504 32.0579574522 -655.5722622533 25.5500653134 6.4984102242 -1.307141 1.386908 -4.713279 3.367696 0.754403 -0.087807 1.341015 2.800701 0.003151 0.241433 -0.271687 -0.734172 2.452689 -2.443267 -2.331467 1.926537 2.830150 0.936985 -1.562502 -3.134733 -1.205601 3.380049 -0.460032 -2.968783 4.013534 -0.179496 -4.033275 3.143464 1.062485 1.662179 2.627407 -2.194072 3.820825 1.099349 4.133947 -1.759786 -0.182391 -1.441319 -0.527264 3.920471
evaluations raw_y rep iid sigma t d_norm d_mean ps_norm ps_mean pc_norm pc_mean ps_squared loglikelihood mhl_norm mhl_mean x0 x1 x2 x3 x4 x5 x6 x7 x8 x9 x10 x11 x12 x13 x14 x15 x16 x17 x18 x19 x20 x21 x22 x23 x24 x25 x26 x27 x28 x29 x30 x31 x32 x33 x34 x35 x36 x37 x38 x39
1 13642058.5411350895 17.0000000000 7.0000000000 0.8325174165 67.0000000000 5.6247894482 0.8859089205 5.6619746955 0.4644904705 5.0899601528 0.4225668504 32.0579574522 -655.5722622533 25.5500653134 6.4984102242 0.552532 -3.709256 1.247802 2.290623 2.074381 3.773278 -0.223397 -0.724203 0.297350 -0.875566 4.342514 2.304621 -3.637625 -0.276099 1.079679 -3.550565 2.629753 -0.946896 -2.184460 -0.500055 -1.964589 2.062538 0.982668 -0.893293 -1.612720 0.262536 -2.425120 0.319982 -1.510446 0.699792 1.955084 -0.277170 0.207713 0.601182 1.936411 1.739248 1.135566 0.930565 -2.330746 -4.071990
2 585175.3549669002 17.0000000000 7.0000000000 0.8325174165 67.0000000000 5.6247894482 0.8859089205 5.6619746955 0.4644904705 5.0899601528 0.4225668504 32.0579574522 -655.5722622533 25.5500653134 6.4984102242 -2.310827 5.000000 0.253454 -1.388358 1.115349 0.198293 1.275852 1.406221 -1.832186 -1.572028 2.238364 -1.966792 0.489040 -1.162819 0.859128 1.596804 -1.220140 2.370808 -1.421668 -1.562258 -0.460746 0.240390 -1.576940 -5.000000 -1.591162 0.569164 1.045075 0.167109 5.000000 1.222016 -1.671888 -0.007392 0.786189 1.368990 1.550403 1.112006 -1.081960 3.048834 2.416770 0.102555
9 128230.1202360991 17.0000000000 7.0000000000 0.8325174165 67.0000000000 5.6247894482 0.8859089205 5.6619746955 0.4644904705 5.0899601528 0.4225668504 32.0579574522 -655.5722622533 25.5500653134 6.4984102242 0.524829 -0.629378 -2.760943 -0.568374 2.121275 2.108313 1.278108 -0.033985 0.559987 -0.392280 0.131274 -1.733075 2.126263 -1.482390 2.802318 -4.287836 -1.091375 -0.121798 1.421242 1.556911 -0.915317 1.427946 1.487690 -0.474765 1.409322 -3.045858 -1.146344 1.388350 -0.281096 0.752849 -1.663286 -0.017211 -2.150216 -2.824544 -2.264464 2.253381 -1.044089 1.146157 -2.906283 -1.001314
34 52286.2145857165 17.0000000000 7.0000000000 1.8026278651 2.0000000000 6.2991475338 0.9959350823 4.4465415923 0.0687378095 3.8356108105 0.0566093537 19.7717321324 -1252.5188008805 26.4873674194 6.7264124013 -1.614932 0.431504 3.252037 1.873465 1.924685 3.393222 -0.698436 -2.094581 -0.480461 -1.352346 1.257834 -1.702533 -0.247981 0.828119 -0.316190 1.588603 -0.437320 1.601521 0.977763 1.625533 -1.824695 1.285958 -0.788396 0.451952 0.899923 -1.080615 2.388990 -2.067816 -1.014064 -0.285831 -1.056812 -2.095312 0.353088 -5.000000 -4.807040 3.369043 -3.519311 2.646809 3.028572 0.585948
58 5393.0134145597 17.0000000000 7.0000000000 1.7480724411 3.0000000000 6.2863651604 0.9938891156 4.6290947184 -0.0355783763 4.0731303442 -0.0297198345 21.4285179121 -1235.0856101408 26.6210373603 6.7794771841 0.441947 0.166595 -1.234643 0.370966 2.522339 3.167113 -0.856710 -1.983962 1.326807 1.445226 -0.268414 -0.510455 -0.997495 -1.058659 1.837880 2.826750 -0.431986 2.590900 -0.233148 -1.248348 0.130262 4.192330 -3.350238 0.390192 -0.085493 -0.277761 4.004403 -1.731444 0.255879 -1.157066 0.526352 0.634109 0.460721 -4.728133 -3.323832 -1.223842 -3.936728 4.615872 2.517589 4.234277
61 3411.7071063516 17.0000000000 7.0000000000 1.6995740453 4.0000000000 6.2748407515 0.9920431757 4.7689780669 -0.0315961483 4.2640404247 -0.0280053480 22.7431518023 -1166.2011137735 24.6303638666 6.3040538189 0.157470 0.387039 -0.311414 1.028727 3.437383 0.736127 -0.244512 -3.366900 0.213277 1.402148 -0.388390 -2.322792 0.929977 -0.545322 -0.007074 0.511266 -2.434978 0.338623 -2.058561 -0.272774 -2.183442 -1.204900 2.698846 -1.014957 -1.179468 -2.017998 3.394079 -1.615734 -4.104612 -1.981235 -1.615139 -1.555531 -0.728997 -4.681120 -2.289538 3.176394 -4.339194 0.787279 -0.586559 2.207097
64 992.9112092342 17.0000000000 7.0000000000 1.6995740453 4.0000000000 6.2748407515 0.9920431757 4.7689780669 -0.0315961483 4.2640404247 -0.0280053480 22.7431518023 -1166.2011137735 24.6303638666 6.3040538189 -1.243874 5.000000 -3.465044 -0.445173 1.977337 2.419107 -0.816652 -3.993201 0.962460 -0.883404 0.222884 0.720413 2.288187 1.348961 0.020114 1.253806 -0.566868 -2.890008 -0.660758 -0.968922 0.513014 2.567310 -0.751494 0.317182 -2.190178 2.228733 1.539593 -0.092091 1.079372 2.477209 -0.632790 0.030239 -0.639495 -3.396790 -3.374677 -0.749910 -0.284748 4.163942 2.680954 1.856956
177 929.0299888805 17.0000000000 7.0000000000 1.4106670148 11.0000000000 6.1918079397 0.9786709224 5.8824262171 0.0265635467 5.4279837466 0.0221465452 34.6029381996 -1047.1598074911 24.8397624888 6.3274919827 1.068995 2.058085 -2.522982 -1.350742 4.586033 2.872008 -5.000000 -3.446048 -1.700534 1.332187 -0.052831 0.987318 3.891317 3.588719 2.589389 4.536624 -2.802186 -2.135065 -1.206227 -0.300034 -1.896956 5.000000 0.585137 2.718908 -0.484960 1.486181 2.839834 0.623158 -1.608269 0.317475 -3.058081 -1.567713 -0.633494 -1.428373 -0.969329 1.072487 1.393665 -0.228810 -0.892353 3.816981
375 561.2013680941 17.0000000000 7.0000000000 1.1400713243 24.0000000000 6.0497524354 0.9555837276 4.7371376765 0.0119747159 4.4179795126 0.0244028625 22.4404733662 -926.4997810603 26.0521565629 6.6797111921 2.475258 3.117158 -1.758954 -2.989349 4.783451 1.519756 -1.516474 -3.991812 -0.435660 5.000000 -0.825793 0.198485 2.693438 2.717731 1.627138 2.355727 -2.508325 -4.440317 -0.814220 -2.410436 -3.035106 1.563212 -3.929764 4.035700 0.730764 1.370224 3.231129 -1.734710 2.077197 0.024530 -0.244365 1.863621 0.768723 -3.075661 -5.000000 -3.267604 -2.516095 -0.537965 -0.058758 3.161587
456 527.5449255329 17.0000000000 7.0000000000 1.0571792166 30.0000000000 5.9861778069 0.9452372947 6.3939484244 -0.2176644637 5.6190257684 -0.1826152950 40.8825764534 -850.9359263179 25.2162842216 6.3905194436 0.489037 3.425163 -0.947364 -0.757811 2.642369 2.686231 -3.937662 -2.893726 -1.019650 5.000000 -1.847286 -0.571617 5.000000 2.459446 3.398106 2.613008 -1.051229 -3.910310 -0.115812 -3.414773 -1.148823 0.983641 -3.963725 3.019163 -1.258611 1.920702 2.949687 -3.553138 2.319924 -1.026829 -0.911970 -0.450041 -0.359703 -5.000000 -5.000000 -2.159131 0.396479 -1.249276 -0.812996 3.384494
491 412.4321764121 17.0000000000 7.0000000000 1.0447690862 32.0000000000 5.9646262188 0.9417027136 5.9690918943 -0.1444901306 5.3577799331 -0.1393666639 35.6300580425 -779.2973946140 22.5443128849 5.7445882792 0.724118 3.934187 0.737966 -0.692992 1.478263 2.932085 -3.384831 -2.531563 -0.562931 4.066829 -2.449192 -2.344549 3.162812 2.640221 2.875529 3.015782 -1.847901 -3.655094 -0.714558 -1.102182 -1.138247 -0.749589 -3.365658 1.352870 0.850795 2.437396 3.310170 -4.618124 2.333996 -0.925778 -1.636578 -0.472254 0.047134 -3.906462 -5.000000 -1.561824 -0.653593 -0.376345 -0.937787 2.300274
513 363.0790455962 17.0000000000 7.0000000000 1.0160778393 34.0000000000 5.9403443166 0.9377457259 5.8800886824 -0.1696702898 5.3507731521 -0.1604261594 34.5754429134 -857.8852384753 26.7445628303 6.8284312114 2.792133 2.413944 -0.779439 0.152573 3.753313 3.193645 -3.591641 -3.092275 0.928086 4.596279 -2.179177 -1.935833 3.903014 1.801240 2.094769 3.855029 -2.835493 -2.086203 -0.376830 -0.553107 -1.284124 -1.009099 -1.900017 -0.111571 -1.318374 0.773941 2.602167 -2.531879 2.085547 0.438231 -2.946484 0.353363 -0.020680 -5.000000 -5.000000 0.117119 -3.017760 1.077593 -1.986502 3.003030
1005 431640.3759950457 17.0000000000 7.0000000000 0.7570174257 67.0000000000 5.6050816776 0.8828371055 6.1766207558 -0.0239588568 5.3749158188 0.0154988437 38.1506439612 -577.5459851639 24.7318980097 6.3501295795 0.152988 3.227992 2.576040 -0.685155 2.885563 1.686648 -2.236877 1.987956 2.789143 3.555390 -2.962162 -2.085954 3.742630 4.115378 1.963026 2.792587 -2.200407 0.015086 2.026311 1.204294 -4.083053 -0.720635 -4.670214 -0.184311 1.687177 -1.106736 2.009942 -3.010361 3.540036 0.331716 -2.083087 0.128299 1.296129 -2.313027 -1.082363 0.727790 1.560798 1.366734 0.395989 2.360130
evaluations raw_y rep iid sigma t d_norm d_mean ps_norm ps_mean pc_norm pc_mean ps_squared loglikelihood mhl_norm mhl_mean x0 x1 x2 x3 x4 x5 x6 x7 x8 x9 x10 x11 x12 x13 x14 x15 x16 x17 x18 x19 x20 x21 x22 x23 x24 x25 x26 x27 x28 x29 x30 x31 x32 x33 x34 x35 x36 x37 x38 x39
1 52933997.0085710362 18.0000000000 7.0000000000 0.7570174257 67.0000000000 5.6050816776 0.8828371055 6.1766207558 -0.0239588568 5.3749158188 0.0154988437 38.1506439612 -577.5459851639 24.7318980097 6.3501295795 0.158857 4.380405 -0.269784 0.321036 0.885396 1.246783 2.017807 0.788498 -0.672773 -1.291813 1.610915 0.832886 1.149239 -2.203343 -1.989514 2.691039 1.163736 1.074477 4.134094 -0.580648 1.202730 -1.129054 -2.335903 -2.044004 1.767039 -1.067489 -2.700864 0.460188 1.789710 2.741520 4.927403 2.255803 -1.638428 0.134928 2.154433 -1.107090 1.355235 2.082987 -3.502844 0.237339
2 18593824.9822525606 18.0000000000 7.0000000000 0.7570174257 67.0000000000 5.6050816776 0.8828371055 6.1766207558 -0.0239588568 5.3749158188 0.0154988437 38.1506439612 -577.5459851639 24.7318980097 6.3501295795 2.277402 1.354170 0.612270 -0.030544 4.135977 -0.090536 -3.206250 -0.935504 0.297315 0.705742 -0.501302 0.172256 -0.340330 1.701336 -2.237533 -0.147728 -2.826398 -2.239788 0.744920 -0.886148 1.940151 0.114399 1.068929 2.432949 -1.111856 -4.582294 -3.010252 -2.485479 -0.922775 -2.466883 0.968889 1.176252 -1.083262 1.065766 0.948540 4.128864 4.340174 -0.705943 5.000000 -1.807078
3 296507.4480186609 18.0000000000 7.0000000000 0.7570174257 67.0000000000 5.6050816776 0.8828371055 6.1766207558 -0.0239588568 5.3749158188 0.0154988437 38.1506439612 -577.5459851639 24.7318980097 6.3501295795 -0.174362 1.644271 2.495598 3.301620 1.700529 -1.598621 -3.629665 0.715032 5.000000 -0.919494 0.630584 -1.754030 2.037075 -4.383478 3.329803 -0.372067 2.385558 4.724396 -3.123623 -1.119754 -2.409913 1.493696 2.317411 1.418015 2.406870 0.207203 -1.770732 -0.875081 0.719683 0.534531 -0.005894 2.677875 -3.713073 -1.457597 0.989475 0.064753 2.110180 -1.080551 0.684843 -1.378653
8 7952.3721510878 18.0000000000 7.0000000000 0.7570174257 67.0000000000 5.6050816776 0.8828371055 6.1766207558 -0.0239588568 5.3749158188 0.0154988437 38.1506439612 -577.5459851639 24.7318980097 6.3501295795 2.927242 -0.300644 -4.410839 -0.452569 -1.692160 -2.553686 -1.721457 0.248585 -3.780428 -0.698822 0.702450 -2.014212 0.408729 -0.055282 0.823357 1.427780 -2.469272 1.655109 -0.514712 -2.837529 -2.981342 -1.776009 0.852345 -2.127522 -0.215725 -3.755300 1.391374 -1.931037 -2.127688 -1.769133 1.250241 0.941507 -2.585614 0.888226 -0.112072 -1.421698 -0.972943 0.197319 -1.145406 -0.874721
63 2459.0061603661 18.0000000000 7.0000000000 1.6713761622 4.0000000000 6.2740455602 0.9919239263 4.8757527954 0.0204782353 4.2818104797 0.0073305565 23.7729653223 -1178.2555518678 25.5409954069 6.5356684130 1.006576 -0.046185 2.157900 -2.475655 -3.496775 2.184330 0.170270 2.450373 1.446497 1.533213 3.666474 0.029178 2.091008 -0.334524 -4.594539 -2.506971 1.417056 -2.227771 -1.815310 4.505694 0.784431 1.284186 -3.499024 -0.499409 0.254136 -4.140086 -3.044807 -4.079120 2.640100 3.057355 2.993698 -0.830097 2.464484 -3.939976 0.462504 2.199716 -3.470376 -2.004205 -2.436851 1.851462
85 1753.6384783179 18.0000000000 7.0000000000 1.6420638284 5.0000000000 6.2620046031 0.9899888364 5.3317244751 0.0242716485 4.7180799295 0.0133082291 28.4272858785 -1185.5516114520 26.2574116183 6.7203624203 1.042258 0.246888 1.106971 -0.110843 -5.000000 1.686031 -0.104890 3.343203 1.990435 2.924199 3.736287 2.022276 -0.979714 0.768598 0.877027 -4.106729 0.177548 1.216086 -2.188457 4.369894 2.268618 1.763091 -3.397260 -0.483673 -0.973264 -2.510319 -3.751842 -1.070074 1.135613 2.198686 0.265006 -0.220631 -0.973020 -3.583540 -1.019599 1.911389 -4.295121 -1.114439 -2.013628 2.854031
93 505.2061339720 18.0000000000 7.0000000000 1.6358530738 6.0000000000 6.2508430416 0.9881904485 6.0810033209 0.0656137796 5.4704622055 0.0511273573 36.9786013892 -1144.7246374275 24.8283828363 6.3182527532 1.535585 2.062598 0.635665 0.720315 -2.137029 -0.099081 0.878477 5.000000 3.473247 2.907788 -0.228011 -1.722637 0.843113 -3.050495 0.062987 -5.000000 2.099146 2.575173 -2.605628 5.000000 0.742992 2.145097 -4.088424 -0.375118 -2.870754 -0.830317 -3.508723 -2.943776 1.182236 2.342623 3.287870 -0.738122 -2.635608 -2.901510 1.251724 3.435993 -1.306893 -1.862884 -2.675597 2.704003
288 416.8833559914 18.0000000000 7.0000000000 1.1852891407 19.0000000000 6.0935228896 0.9628816241 5.4451508968 -0.0213743886 4.8917287858 -0.0225576135 29.6496682891 -991.9812512486 27.4059901682 6.9821859517 -0.579336 -3.041570 -1.494320 0.731238 2.061508 -1.943762 -2.265023 0.870537 -1.399292 -2.267232 2.633869 2.005359 0.513991 -4.082231 3.798594 0.919377 2.586754 0.402817 0.176789 2.200148 2.695798 2.957390 -4.103730 -0.664642 -0.706409 0.620075 -2.771751 -0.110870 2.250581 2.312763 0.100649 0.129234 3.008355 1.223356 1.156292 -2.146417 -1.293898 -3.618990 -3.172068 2.010415
350 396.3722825766 18.0000000000 7.0000000000 1.1295711579 23.0000000000 6.0513192814 0.9560244494 5.6010625050 0.1204122013 5.3497112638 0.1064738864 31.3719011852 -907.8882277418 25.5280490880 6.5123816288 -1.642691 -2.160071 -2.482097 1.587295 2.304692 -2.522130 -3.597480 -0.829920 2.306365 -3.662816 -0.153524 2.959130 1.807645 -1.861035 3.013880 2.645240 0.128571 1.689228 2.279698 1.592001 1.406551 4.738672 -3.092551 1.390594 0.571342 -0.741463 -4.092087 0.468017 3.201835 0.556327 -1.475362 1.256973 3.424237 1.171068 0.793598 -0.735076 -1.067044 -2.671850 -5.000000 1.766220
368 357.7400945019 18.0000000000 7.0000000000 1.1197556171 24.0000000000 6.0407562576 0.9542852007 5.8148898956 0.1594188008 5.5720631107 0.1398548858 33.8129444978 -900.8597335406 25.4734765480 6.4692322174 -3.035809 -0.262158 -1.892211 3.707234 3.392321 -1.213048 -3.553526 -0.790609 0.047507 -3.830053 0.641564 1.019812 3.036485 -1.186077 0.437288 -0.011485 1.162835 1.486610 -0.026449 1.704068 2.362463 5.000000 -3.399791 1.586289 -0.709152 -1.531650 -0.209883 0.287421 3.590984 3.334517 0.399962 2.638208 2.621489 1.305820 1.993457 -0.173348 1.160396 -2.949404 -3.763401 3.301500
472 225.5212775719 18.0000000000 7.0000000000 0.9927625643 31.0000000000 5.9684797620 0.9424125788 5.1382314337 0.1669086078 4.8890998645 0.1642352957 26.4014222660 -786.7975408794 24.2114433680 6.1757483494 -1.665849 -1.647178 -1.178868 0.570100 1.528309 -1.121308 -2.465513 -0.806717 0.674273 -1.595745 2.196181 0.331598 2.319138 -2.546378 3.421540 2.187512 -0.592784 2.047120 3.203042 1.904741 1.917645 4.197883 -3.910176 -0.646450 -0.876073 -0.733379 -0.400656 -1.636994 3.260320 2.393920 -0.221455 1.600087 -0.567915 0.133526 -1.153617 -1.512435 -0.990748 -2.583665 -2.149904 1.594118
1005 4703.8698946093 18.0000000000 7.0000000000 0.7386108013 67.0000000000 5.6071021221 0.8832246329 6.3704957326 -0.1000785962 5.7377900693 -0.0796094219 40.5832158790 -547.2785595907 23.8396650440 6.0864319006 -0.017707 -0.939458 -2.859311 0.205263 0.745112 0.478642 -3.323511 -2.054356 2.410011 -0.662585 1.957376 1.206452 3.264294 -4.024312 0.152595 3.023450 -3.681705 4.555381 0.630616 -0.156788 1.779391 0.953554 -3.444650 -2.638195 1.867433 -0.115666 1.488069 -4.052917 2.826456 -1.400854 2.034589 2.641993 2.189001 -2.285465 1.974934 -3.089601 -2.168416 -1.400073 -1.597731 1.487355
evaluations raw_y rep iid sigma t d_norm d_mean ps_norm ps_mean pc_norm pc_mean ps_squared loglikelihood mhl_norm mhl_mean x0 x1 x2 x3 x4 x5 x6 x7 x8 x9 x10 x11 x12 x13 x14 x15 x16 x17 x18 x19 x20 x21 x22 x23 x24 x25 x26 x27 x28 x29 x30 x31 x32 x33 x34 x35 x36 x37 x38 x39
1 8084868.8140578698 19.0000000000 7.0000000000 0.7386108013 67.0000000000 5.6071021221 0.8832246329 6.3704957326 -0.1000785962 5.7377900693 -0.0796094219 40.5832158790 -547.2785595907 23.8396650440 6.0864319006 0.442007 -0.680930 -1.155497 -0.808063 -1.206579 -0.487705 2.070687 1.161507 0.504827 -2.925092 -3.096683 0.530545 -0.001792 -2.031985 0.223979 -2.383904 3.111088 -1.866600 1.053068 -0.299929 1.045571 2.684310 3.117043 2.511988 1.817207 -1.681803 2.011170 -2.047608 0.363548 -0.833362 3.956817 3.834889 -2.062014 -0.966624 -1.290160 0.120696 1.095861 1.690297 -2.414363 0.749681
2 7482993.4792799260 19.0000000000 7.0000000000 0.7386108013 67.0000000000 5.6071021221 0.8832246329 6.3704957326 -0.1000785962 5.7377900693 -0.0796094219 40.5832158790 -547.2785595907 23.8396650440 6.0864319006 1.884696 -0.702528 0.919470 -0.097033 0.830964 -1.403752 0.370929 0.936700 0.079047 1.432281 -0.963377 -0.104982 -0.544557 0.615971 -3.521307 2.300448 -0.435462 -2.441175 -0.687231 3.097524 -0.415951 -0.483348 -0.249192 1.121828 2.617625 1.896513 1.583996 -0.380984 -0.014522 -1.350757 -1.515831 -2.504505 -1.530213 2.654848 0.492101 0.135669 -1.362209 -0.242765 -1.653856 -2.964715
4 1010587.7623579286 19.0000000000 7.0000000000 0.7386108013 67.0000000000 5.6071021221 0.8832246329 6.3704957326 -0.1000785962 5.7377900693 -0.0796094219 40.5832158790 -547.2785595907 23.8396650440 6.0864319006 -4.131995 2.196270 -1.027764 -2.503946 -0.116415 -2.700748 -1.058849 0.411558 3.002041 1.149293 0.084207 2.414102 -0.668492 -0.941660 1.532649 -1.045759 -1.608802 1.728898 -0.729073 1.058439 0.059788 -1.294914 1.897924 -0.106627 1.907699 -0.856539 0.884163 0.689811 -1.541798 -0.518677 -0.381424 -1.949948 -0.099859 -0.545062 -1.686709 -0.111311 1.382976 -1.525134 -0.501758 -2.741899
11 45423.0028346549 19.0000000000 7.0000000000 0.7386108013 67.0000000000 5.6071021221 0.8832246329 6.3704957326 -0.1000785962 5.7377900693 -0.0796094219 40.5832158790 -547.2785595907 23.8396650440 6.0864319006 2.047279 -1.727417 -3.328255 1.744306 1.562503 -5.000000 -2.817384 -1.349274 0.771183 -0.663622 -0.793103 -1.072852 -0.727505 1.101716 -0.227731 1.441999 -2.120964 1.721131 -0.204578 1.826469 -0.904508 -0.620144 -2.234289 0.916792 1.214465 -1.083783 -0.777229 -0.687431 0.769335 -0.742883 -3.037140 -3.716223 -0.513300 1.035506 1.423976 -1.506932 0.875155 0.074857 -0.963217 -2.108285
13 37189.4156953380 19.0000000000 7.0000000000 0.7386108013 67.0000000000 5.6071021221 0.8832246329 6.3704957326 -0.1000785962 5.7377900693 -0.0796094219 40.5832158790 -547.2785595907 23.8396650440 6.0864319006 1.597882 -2.850991 -1.095583 1.423271 -1.359147 4.176986 -3.859698 -0.498081 1.042759 -3.599658 1.976444 -0.368492 1.826986 -1.629593 -0.699634 -2.694445 -0.488552 5.000000 3.253790 1.493081 -1.751097 2.112116 0.744536 -4.372158 2.381095 -1.114946 -2.041455 1.033937 0.705888 3.092725 -2.845735 -0.853034 -3.291823 -2.034819 -0.122434 1.389342 4.355863 -0.342936 0.710334 2.597967
21 16596.8373329563 19.0000000000 7.0000000000 1.8935856776 1.0000000000 6.3106504120 0.9977710643 3.3388109305 -0.0602792918 2.8314375515 -0.0511191121 11.1476584297 -1300.4706212477 27.0947627825 6.9113215798 0.892667 -1.669964 -2.493378 2.179340 1.528027 0.086908 -2.505618 -3.464374 -1.537359 2.513472 -1.524193 1.242079 0.508978 -3.336978 -0.995259 -0.784678 -4.227806 5.000000 0.804415 -2.383429 0.091918 -1.093192 3.187631 -0.102582 1.352388 -0.724045 -3.428126 -0.002076 -3.026212 0.437159 -4.321397 -2.069781 -1.033882 -1.157131 0.194185 4.035201 3.976016 -3.741743 -1.964261 1.916211
57 6435.4673079997 19.0000000000 7.0000000000 1.7737339494 3.0000000000 6.2854070596 0.9937209811 4.8268446343 -0.0729089820 4.2419091867 -0.0691429860 23.2984291237 -1220.4534058068 25.7220978099 6.5391299130 -2.578472 -0.204458 -1.127185 1.954165 1.624259 -0.631773 -0.734239 -5.000000 -2.128669 -1.398010 -0.135529 0.152257 1.617447 -2.382377 1.230605 0.097577 -0.580848 3.674773 2.543906 1.804929 1.031033 -0.670151 2.875277 2.118278 -0.056330 -1.085654 -0.356872 -2.209195 -2.682318 1.864930 -4.640125 2.614387 -0.186481 2.810291 0.692222 -0.149765 5.000000 1.756437 -0.689024 -1.583160
140 5463.7621058853 19.0000000000 7.0000000000 1.5013984446 9.0000000000 6.2060650460 0.9809876172 4.2288547862 -0.0645471044 3.9326910657 -0.0591257059 17.8832128027 -1100.9507101229 25.4527156445 6.4801321119 -4.229965 -0.725381 -2.985370 2.329022 -0.056742 -2.401262 -1.681053 -3.304443 0.081528 -1.709927 -1.937779 -0.040420 1.527447 1.972382 0.157490 -1.795439 2.862623 1.667351 2.505044 0.500446 1.965951 4.224538 -1.873703 -1.557751 3.036991 -1.187353 -0.082807 -0.150915 0.783825 0.600900 1.364451 2.077056 -0.060812 0.088243 0.123048 -0.626783 3.372127 -3.503108 -3.213087 -1.223969
170 904.7231948638 19.0000000000 7.0000000000 1.4217175025 11.0000000000 6.1811142668 0.9769903067 4.9861720840 -0.2448868108 4.5202012488 -0.2144006345 24.8619120513 -1095.0104234478 26.6024420275 6.8064384106 -4.153662 -0.677560 -4.181013 1.755881 1.582468 -1.302940 -0.505954 -4.609604 -0.211191 -3.127141 -2.050586 0.254798 1.582258 2.776999 -3.696324 -2.588407 3.537069 2.579193 5.000000 -1.133852 1.072946 2.364922 0.355694 -1.722486 -0.033774 -2.540797 -2.566028 -0.800573 -2.488502 -1.176178 -3.033420 1.243170 1.773376 -0.859710 1.226861 -2.643324 2.389750 -1.782303 -4.884001 -0.132019
181 767.3544373331 19.0000000000 7.0000000000 1.3764938424 12.0000000000 6.1678132588 0.9748669883 4.5431803377 -0.2646977487 4.2264869127 -0.2349062124 20.6404875806 -1048.7572529387 25.6648717707 6.5313585803 -4.495850 -1.244327 -3.697570 1.562047 0.553233 0.005125 -2.230894 -5.000000 -0.551429 -4.100718 -1.167565 -1.164718 1.708144 -0.236879 -4.860061 -2.689746 1.736038 1.043779 2.893055 0.076029 0.039610 2.117664 -0.176945 -1.036803 -1.749283 -1.410914 0.135968 -0.385709 -0.917081 0.766121 -2.866883 0.525740 -1.080847 0.121366 1.021243 -1.913395 4.099511 -1.229612 -4.700802 -0.858834
299 622.4623572526 19.0000000000 7.0000000000 1.1154232894 19.0000000000 6.0824924734 0.9611949472 4.9664241821 -0.1838607071 4.4655691973 -0.2010385968 24.6653691566 -897.5329125658 25.1394858433 6.4025734953 0.275123 -3.738933 -2.761087 -2.206973 -0.940071 -1.369300 0.308164 -3.614258 0.391033 -2.192350 0.890250 2.785153 0.447660 -0.150260 -4.849334 -3.960398 0.955659 1.295470 1.976180 -1.500067 1.733614 0.864359 -0.313913 -2.861872 -1.817688 -1.667431 -0.418171 -0.532047 -4.602096 -0.094102 -3.662333 1.908883 -0.121814 0.169479 1.431113 -1.731789 -0.783505 -2.184854 -3.893165 -1.672845
303 424.6679606479 19.0000000000 7.0000000000 1.0911574331 20.0000000000 6.0707268039 0.9593041630 5.0999182841 -0.1619782815 4.5624751604 -0.1866023728 26.0091665042 -896.3583838655 25.7380014872 6.5525883885 -1.261873 -4.568122 -1.408957 -0.797606 -1.179912 -2.305983 -0.863186 -2.200685 -0.387648 -1.818814 -0.371970 2.832307 3.435909 0.123495 -3.817073 -3.711416 2.020340 -0.797238 2.330405 -1.446793 0.883051 -0.169985 2.034169 -1.953188 -0.583177 -2.158143 0.082667 0.566950 -5.000000 0.202505 -5.000000 2.693059 -0.774475 1.641924 1.838373 -0.050841 1.932754 -2.483399 -4.865804 -0.869677
606 388.5037938181 19.0000000000 7.0000000000 0.9499620641 40.0000000000 5.8754648297 0.9272159834 6.8652040984 0.2988082356 6.3320995089 0.2477409076 47.1310273124 -728.6559436483 23.3556195072 5.9227731437 1.431097 -5.000000 -0.282272 1.981944 -3.438623 -2.380732 2.255544 -0.498926 -2.380471 -0.594907 -2.336204 1.517378 4.077429 -0.560610 -2.375058 -4.980887 -1.401532 1.717535 3.064354 -2.958877 1.745709 -0.570324 4.440924 0.675322 -1.438482 1.275862 -0.457203 2.041801 -3.046865 2.211874 -4.423987 3.920272 2.361515 0.326197 2.156962 -0.388570 -1.412399 -2.065445 -2.070312 -1.340942
1005 73147.4736459061 19.0000000000 7.0000000000 0.8122841359 67.0000000000 5.6061930460 0.8827329775 6.2302893085 -0.2356597144 5.3103583758 -0.1844401750 38.8165048673 -676.0610421200 27.1808721334 6.9231519925 3.444337 -2.422441 -0.748397 3.344857 -3.238031 -1.052743 4.800443 -3.461539 -3.336507 1.696827 0.405815 -0.145382 3.170261 1.022314 -1.668388 0.114070 -0.363127 3.159910 -0.637700 -0.881010 2.296824 -0.582191 3.677569 3.757931 -2.761759 3.517655 -2.007344 -0.574734 -1.569869 3.262054 -5.000000 5.000000 3.336939 -2.193253 3.730465 -1.327575 -2.389096 -1.100785 -3.258567 -2.042288
