fid,eval,mean_raw_y
1,1,44.938205662045
1,2,29.5056901345975
1,3,26.901961235105
1,4,22.08738149457
1,5,18.9812249012225
1,6,17.431824321697498
1,7,16.075869588495
1,8,15.039276547732502
1,9,13.81414239951
1,10,12.9278111295375
1,11,11.6850947185225
1,12,11.014741498175
1,13,10.260261385515
1,14,9.906943634475
1,15,9.6484242634875
1,16,9.36084752639
1,17,8.1665596464725
1,18,7.719846588275
1,19,7.3348179975875
1,20,7.120463484709999
1,21,6.7824161254524995
1,22,6.706945916867499
1,23,6.347754440425
1,24,6.0365448450925
1,25,5.6583280293025
1,26,5.57296604351
1,27,5.355185535852501
1,28,5.1934485167924995
1,29,4.941666350885
1,30,4.7021023316
1,31,4.565409565885
1,32,4.484975858362501
1,33,4.142404131455001
1,34,4.0699150133925
1,35,3.8331912721875
1,36,3.7272427113125
1,37,3.5957755862474996
1,38,3.3673918204025
1,39,3.3438310524675003
1,40,3.1959122336375
1,41,3.045729598935
1,42,2.83045843269
1,43,2.63811549023
1,44,2.4998129330975
1,45,2.493232052235
1,46,2.3116113726175
1,47,2.2978195981125
1,48,2.1501516830025
1,49,2.1429798491125003
1,50,2.1402488376425
1,51,2.0351900684825
1,52,2.0040982532925
1,53,2.0040982532925
1,54,1.8843587080750002
1,55,1.8461887837475
1,56,1.8109779842200002
1,57,1.8109779842200002
1,58,1.7133810543824999
1,59,1.65420875963
1,60,1.5773880357325
1,61,1.53384438499
1,62,1.53384438499
1,63,1.52562186074
1,64,1.502041806155
1,65,1.4956600150050001
1,66,1.48472616405
1,67,1.48472616405
1,68,1.37378935444
1,69,1.2737386606299999
1,70,1.2165882647075
1,71,1.203193856455
1,72,1.1970590582825
1,73,1.1078430034375
1,74,1.0736576609325001
1,75,1.00804474935
1,76,0.9817135348300001
1,77,0.9817135348300001
1,78,0.83121601714
1,79,0.8289242028525001
1,80,0.8289242028525001
1,81,0.81088394348
1,82,0.755132758285
1,83,0.7421695287475
1,84,0.7231346908325
1,85,0.7101176359225
1,86,0.6875926423075
1,87,0.65908758322
1,88,0.5983835985
1,89,0.5666471252174999
1,90,0.545633513765
1,91,0.5297001478525
1,92,0.5234055053075
1,93,0.51992214618
1,94,0.50632107536
1,95,0.50632107536
1,96,0.49595825333
1,97,0.46934487676750003
1,98,0.44834006742000004
1,99,0.438507894525
1,100,0.43544618599499996
1,101,0.42338815822
1,102,0.39407027028249997
1,103,0.393486571975
1,104,0.393486571975
1,105,0.3807506374325
1,106,0.37938974199
1,107,0.3736030848475
1,108,0.3707683397625
1,109,0.3538024892275
1,110,0.3456852466475
1,111,0.32607030176
1,112,0.325863187885
1,113,0.325182419325
1,114,0.3138692540225
1,115,0.30168385571
1,116,0.30065761356
1,117,0.30004140127
1,118,0.26500215989
1,119,0.2645895328125
1,120,0.26458953280999997
1,121,0.262964505575
1,122,0.24788419708
1,123,0.238790803875
1,124,0.2357442277675
1,125,0.23391165049499998
1,126,0.23391165049499998
1,127,0.23337499846749998
1,128,0.23337499846749998
1,129,0.23237618759499998
1,130,0.23237618758999998
1,131,0.23237618758999998
1,132,0.2315556157925
1,133,0.2315556157925
1,134,0.229613092565
1,135,0.2292799570375
1,136,0.220922803615
1,137,0.21173363674
1,138,0.21099195326250003
1,139,0.20876638488000002
1,140,0.20857067754749997
1,141,0.2077543478925
1,142,0.20479938212499998
1,143,0.20212847175499998
1,144,0.20161980915750002
1,145,0.1968652529725
1,146,0.18793403930750002
1,147,0.18581060706750002
1,148,0.18417318255499998
1,149,0.18417318255499998
1,150,0.18382943437000002
1,151,0.18382943437000002
1,152,0.18382943437000002
1,153,0.1831884513025
1,154,0.1789771184325
1,155,0.1744215106675
1,156,0.17397236625
1,157,0.17344455445
1,158,0.17344455445
1,159,0.1723391902
1,160,0.1718895841375
1,161,0.1697377518925
1,162,0.167096046885
1,163,0.16439561491250002
1,164,0.162829105045
1,165,0.16226227443250002
1,166,0.15857284034000002
1,167,0.15646312143000002
1,168,0.155910772875
1,169,0.15372368396
1,170,0.15372368396
1,171,0.15372368396
1,172,0.153576421135
1,173,0.152186075165
1,174,0.152186075165
1,175,0.152186075165
1,176,0.1518000182275
1,177,0.15108443408
1,178,0.149408526215
1,179,0.149408526215
1,180,0.14894477314000001
1,181,0.14610405473250002
1,182,0.14135234045
1,183,0.14046078316
1,184,0.1401007793925
1,185,0.13875586688500002
1,186,0.1371622279575
1,187,0.1366648801325
1,188,0.1327671574925
1,189,0.1302689697525
1,190,0.128885239685
1,191,0.124381537225
1,192,0.1204646079925
1,193,0.120105018885
1,194,0.11613134831250001
1,195,0.11253616634000001
1,196,0.1064426484625
1,197,0.10601753684
1,198,0.105975986055
1,199,0.10503383908
1,200,0.104619793095
1,201,0.1013328707675
1,202,0.0988125871025
1,203,0.09824412727250001
1,204,0.0975495468625
1,205,0.0969955278825
1,206,0.096970928055
1,207,0.0966166099325
1,208,0.095901259975
1,209,0.09412923894
1,210,0.09412923894
1,211,0.0933840255925
1,212,0.09316616132500001
1,213,0.09276806866500001
1,214,0.09276806866500001
1,215,0.092204861645
1,216,0.0920547869025
1,217,0.09192856139000001
1,218,0.09191080007249999
1,219,0.0918891341975
1,220,0.091264653235
1,221,0.0911561040875
1,222,0.09113226814
1,223,0.0909751170625
1,224,0.0909751170625
1,225,0.0908013595325
1,226,0.09010983778500001
1,227,0.0897027822425
1,228,0.0895689530775
1,229,0.0886245932175
1,230,0.08806051274
1,231,0.0879440085625
1,232,0.08772746766
1,233,0.08739326479000001
1,234,0.08739326479000001
1,235,0.0873147278675
1,236,0.087091810235
1,237,0.0870708669425
1,238,0.0870708669425
1,239,0.0870572304925
1,240,0.08650660393500001
1,241,0.08578315253999999
1,242,0.0857750816475
1,243,0.08575256276000001
1,244,0.0856503309725
1,245,0.0856388417575
1,246,0.0855839741975
1,247,0.0855829434525
1,248,0.08557736432
1,249,0.0854586624225
1,250,0.0854586624225
1,251,0.0854510775775
1,252,0.0854510775775
1,253,0.08539026064750001
1,254,0.08537248009750001
1,255,0.08537248009750001
1,256,0.085372479995
1,257,0.0853624542825
1,258,0.08536245421000001
1,259,0.08535647759000001
1,260,0.0852993253725
1,261,0.08529924650250001
1,262,0.0852992464025
1,263,0.0852992463725
1,264,0.08527530948749999
1,265,0.0851140782575
1,266,0.0849904810925
1,267,0.07991498127999999
1,268,0.0798281954925
1,269,0.0798281954925
1,270,0.0798281954925
1,271,0.0798281954925
1,272,0.079819877745
1,273,0.079799698315
1,274,0.07977319388250001
1,275,0.0796119313925
1,276,0.0796119313925
1,277,0.0796119313925
1,278,0.07957754447250001
1,279,0.079567285325
1,280,0.0795612746625
1,281,0.079557878075
1,282,0.07953216604499999
1,283,0.07950950650250001
1,284,0.0794923113725
1,285,0.079476036915
1,286,0.079451985765
1,287,0.07941979038
1,288,0.079419128295
1,289,0.0794168850725
1,290,0.07927899591750001
1,291,0.07926630558
1,292,0.0792281688125
1,293,0.0792281688125
1,294,0.07922164403250001
1,295,0.07916803180500001
1,296,0.07916803180500001
1,297,0.07915728448750001
1,298,0.0791060386775
1,299,0.079105237185
1,300,0.079092661165
1,301,0.079092661165
1,302,0.0790765564125
1,303,0.079075082765
1,304,0.0790736016525
1,305,0.0790529884775
1,306,0.07905270827000001
1,307,0.0790255793675
1,308,0.0790237335275
1,309,0.07898339347
1,310,0.07898235598
1,311,0.078939761445
1,312,0.078939761445
1,313,0.078939761445
1,314,0.0789362455075
1,315,0.0789356485675
1,316,0.078926548455
1,317,0.078926548455
1,318,0.078926548455
1,319,0.0789244146675
1,320,0.0789244146675
1,321,0.0788961874775
1,322,0.07889564285
1,323,0.078890953485
1,324,0.078890953485
1,325,0.078890953485
1,326,0.07889044587
1,327,0.078873216555
1,328,0.07886639548749999
1,329,0.078861457875
1,330,0.0788588913575
1,331,0.078854717145
1,332,0.078854717145
1,333,0.078854465345
1,334,0.078854465345
1,335,0.0788543793425
1,336,0.0788542360725
1,337,0.0788542360725
1,338,0.07885383274249999
1,339,0.0788524522825
1,340,0.0788524522825
1,341,0.0788494757075
1,342,0.078849138275
1,343,0.0788411309925
1,344,0.0788411309925
1,345,0.07883907143249999
1,346,0.0788375866775
1,347,0.0788355775125
1,348,0.0788355775125
1,349,0.0788355775125
1,350,0.07883299471
1,351,0.07883299471
1,352,0.07883201639750001
1,353,0.0788286737825
1,354,0.078822070355
1,355,0.07882195544250001
1,356,0.07882174414500001
1,357,0.0788192475175
1,358,0.07881783891500001
1,359,0.07722830317
1,360,0.07722795035249999
1,361,0.07722795035249999
1,362,0.0772269837325
1,363,0.0772269837325
1,364,0.0772269837325
1,365,0.051155290230000004
1,366,0.051155290230000004
1,367,0.051154247912500006
1,368,0.051154222315
1,369,0.0511538461225
1,370,0.051152531722500005
1,371,0.04088130297
1,372,0.04088130297
1,373,0.040879032355
1,374,0.040877600150000006
1,375,0.040877600150000006
1,376,0.040688795577500006
1,377,0.019499838715000002
1,378,0.019499818935
1,379,0.0194996415475
1,380,0.01949929227
1,381,0.0194991322725
1,382,0.01949860211
1,383,2.5936792499999998e-05
1,384,2.5936792499999998e-05
1,385,2.5439724999999998e-05
1,386,2.5439724999999998e-05
1,387,2.5439724999999998e-05
1,388,2.4906797499999997e-05
1,389,2.4774474999999996e-05
1,390,2.4774474999999996e-05
1,391,2.4143614999999998e-05
1,392,2.4143614999999998e-05
1,393,2.3499144999999996e-05
1,394,2.3387522499999997e-05
1,395,2.2721867499999998e-05
1,396,1.86062225e-05
1,397,1.86062225e-05
1,398,1.838342e-05
1,399,1.838342e-05
1,400,1.821472e-05
1,401,1.7177165e-05
1,402,1.6001935e-05
1,403,1.516419e-05
1,404,1.516419e-05
1,405,1.516419e-05
1,406,1.48662225e-05
1,407,1.4846042499999998e-05
1,408,1.4846042499999998e-05
1,409,1.4846042499999998e-05
1,410,1.47513175e-05
1,411,1.47513175e-05
1,412,1.47513175e-05
1,413,1.4695242499999997e-05
1,414,1.4495379999999999e-05
1,415,1.4495379999999999e-05
1,416,1.4495379999999999e-05
1,417,1.41409625e-05
1,418,1.32060775e-05
1,419,1.31682325e-05
1,420,1.3035489999999998e-05
1,421,1.11849825e-05
1,422,1.11597575e-05
1,423,1.07861e-05
1,424,1.0470762499999999e-05
1,425,1.03583e-05
1,426,9.559325e-06
1,427,6.736875e-06
1,428,6.6899525e-06
1,429,6.68017e-06
1,430,6.5535625e-06
1,431,6.5535625e-06
1,432,6.4613875e-06
1,433,6.35872e-06
1,434,6.2902675e-06
1,435,6.1799575000000005e-06
1,436,6.1697224999999994e-06
1,437,4.0301025e-06
1,438,3.6065325000000003e-06
1,439,3.5785400000000004e-06
1,440,3.514545e-06
1,441,3.514545e-06
1,442,3.4619425000000003e-06
1,443,3.460155e-06
1,444,3.4295699999999998e-06
1,445,3.3959549999999996e-06
1,446,3.3959549999999996e-06
1,447,3.3897925e-06
1,448,3.3897925e-06
1,449,3.253645e-06
1,450,3.244425e-06
1,451,3.244425e-06
1,452,3.2116800000000004e-06
1,453,3.10983e-06
1,454,3.10983e-06
1,455,3.0618474999999996e-06
1,456,3.03773e-06
1,457,2.6940075e-06
1,458,2.6291125e-06
1,459,2.6291125e-06
1,460,2.6291125e-06
1,461,2.6291125e-06
1,462,2.6291125e-06
1,463,2.6191425e-06
1,464,2.6191425e-06
1,465,2.5983774999999997e-06
1,466,2.5983774999999997e-06
1,467,2.5633499999999998e-06
1,468,2.5633499999999998e-06
1,469,2.4392575e-06
1,470,2.4323725e-06
1,471,2.1570675e-06
1,472,2.1570675e-06
1,473,2.1493e-06
1,474,2.0817449999999997e-06
1,475,2.06806e-06
1,476,2.0646974999999997e-06
1,477,1.242015e-06
1,478,1.2394175000000001e-06
1,479,1.197295e-06
1,480,1.197295e-06
1,481,1.197295e-06
1,482,1.1868575e-06
1,483,1.1835050000000001e-06
1,484,1.1787325e-06
1,485,1.1484275e-06
1,486,1.1484275e-06
1,487,1.0686249999999999e-06
1,488,9.369749999999999e-07
1,489,9.29385e-07
1,490,9.052550000000001e-07
1,491,8.886749999999999e-07
1,492,8.886749999999999e-07
1,493,6.7248e-07
1,494,6.720425e-07
1,495,5.729799999999999e-07
1,496,5.6522e-07
1,497,5.6457e-07
1,498,5.51515e-07
1,499,5.51515e-07
1,500,5.51515e-07
1,501,5.307125e-07
1,502,5.307125e-07
1,503,5.259725e-07
1,504,5.191525e-07
1,505,5.0954e-07
1,506,5.07845e-07
1,507,4.1836e-07
1,508,4.1836e-07
1,509,3.9577999999999996e-07
1,510,3.955625e-07
1,511,3.9346000000000003e-07
1,512,3.921175e-07
1,513,3.921175e-07
1,514,3.769925e-07
1,515,3.769925e-07
1,516,3.7473e-07
1,517,3.7473e-07
1,518,3.696375e-07
1,519,3.696375e-07
1,520,3.675075e-07
1,521,3.66585e-07
1,522,3.615425e-07
1,523,3.615425e-07
1,524,3.615425e-07
1,525,3.4153999999999997e-07
1,526,3.4153999999999997e-07
1,527,3.4153999999999997e-07
1,528,3.4109000000000005e-07
1,529,2.882825e-07
1,530,2.882825e-07
1,531,2.879475e-07
1,532,2.4718e-07
1,533,2.468025e-07
1,534,2.445225e-07
1,535,2.445225e-07
1,536,2.3797500000000004e-07
1,537,1.8873000000000002e-07
1,538,1.8873000000000002e-07
1,539,1.6946750000000003e-07
1,540,1.6843250000000002e-07
1,541,1.6843250000000002e-07
1,542,1.6388e-07
1,543,1.6388e-07
1,544,1.6388e-07
1,545,1.63805e-07
1,546,1.5632e-07
1,547,1.508725e-07
1,548,1.4828e-07
1,549,9.6015e-08
1,550,9.46325e-08
1,551,9.46225e-08
1,552,9.46225e-08
1,553,9.451500000000001e-08
1,554,8.7775e-08
1,555,8.746e-08
1,556,7.145500000000001e-08
1,557,7.145500000000001e-08
1,558,7.08575e-08
1,559,6.9765e-08
1,560,6.951750000000001e-08
1,561,6.9375e-08
1,562,6.88975e-08
1,563,6.765249999999999e-08
1,564,6.31325e-08
1,565,6.31325e-08
1,566,6.31325e-08
1,567,6.31325e-08
1,568,6.31325e-08
1,569,6.13925e-08
1,570,5.4025e-08
1,571,5.33575e-08
1,572,5.33575e-08
1,573,5.33575e-08
1,574,5.230250000000001e-08
1,575,5.230250000000001e-08
1,576,5.1615e-08
1,577,5.03875e-08
1,578,5.03825e-08
1,579,4.9307500000000007e-08
1,580,4.9307500000000007e-08
1,581,4.902000000000001e-08
1,582,4.9007500000000004e-08
1,583,4.9002500000000005e-08
1,584,4.89e-08
1,585,4.8625e-08
1,586,4.713750000000001e-08
1,587,4.713750000000001e-08
1,588,4.713750000000001e-08
1,589,4.713750000000001e-08
1,590,4.6457500000000004e-08
1,591,4.6457500000000004e-08
1,592,4.6457500000000004e-08
1,593,4.4747500000000004e-08
1,594,4.4655000000000005e-08
1,595,4.4075e-08
1,596,4.4020000000000006e-08
1,597,4.3735e-08
1,598,3.71225e-08
1,599,3.69875e-08
1,600,3.69875e-08
1,601,3.69875e-08
1,602,3.6457499999999994e-08
1,603,3.59275e-08
1,604,3.57375e-08
1,605,3.543e-08
1,606,3.543e-08
1,607,3.5152499999999997e-08
1,608,3.4935e-08
1,609,3.49225e-08
1,610,3.49225e-08
1,611,3.4287499999999995e-08
1,612,3.4072499999999996e-08
1,613,1.3992500000000001e-08
1,614,1.3992500000000001e-08
1,615,1.3992500000000001e-08
1,616,1.1425000000000001e-08
1,617,9.9875e-09
1,618,9.9875e-09
1,619,9.7775e-09
1,620,9.7625e-09
1,621,9.4125e-09
1,622,9.305e-09
1,623,9.305e-09
1,624,9.035e-09
1,625,8.99e-09
1,626,8.99e-09
1,627,8.8275e-09
1,628,8.8275e-09
1,629,7.845e-09
1,630,7.7675e-09
1,631,7.755e-09
1,632,7.7375e-09
1,633,7.66e-09
1,634,7.657500000000001e-09
1,635,7.6425e-09
1,636,7.3575e-09
1,637,7.2425e-09
1,638,7.2225e-09
1,639,7.2225e-09
1,640,7.2150000000000004e-09
1,641,7.2150000000000004e-09
1,642,7.205e-09
1,643,7.1000000000000015e-09
1,644,6.9025e-09
1,645,6.7775e-09
1,646,4.36e-09
1,647,4.295e-09
1,648,4.0725000000000006e-09
1,649,4.0725000000000006e-09
1,650,4.0725000000000006e-09
1,651,4.0725000000000006e-09
1,652,4.0299999999999995e-09
1,653,4.0175e-09
1,654,3.939999999999999e-09
1,655,3.215e-09
1,656,3.1299999999999997e-09
1,657,3.1299999999999997e-09
1,658,3.1049999999999995e-09
1,659,2.97e-09
1,660,2.9574999999999998e-09
1,661,2.95e-09
1,662,2.9425e-09
1,663,2.9425e-09
1,664,2.9425e-09
1,665,2.9425e-09
1,666,2.9175e-09
1,667,2.91e-09
1,668,2.91e-09
1,669,1.63e-09
1,670,1.5725e-09
1,671,1.56e-09
1,672,1.5574999999999998e-09
1,673,1.5574999999999998e-09
1,674,1.53e-09
1,675,1.4625e-09
1,676,1.4625e-09
1,677,1.4625e-09
1,678,1.4425e-09
1,679,1.4425e-09
1,680,1.4425e-09
1,681,1.405e-09
1,682,1.33e-09
1,683,1.275e-09
1,684,1.255e-09
1,685,1.25e-09
1,686,1.2475e-09
1,687,1.23e-09
1,688,1.225e-09
1,689,1.225e-09
1,690,1.215e-09
1,691,1.18e-09
1,692,9.625e-10
1,693,9.625e-10
1,694,9.425e-10
1,695,9.425e-10
1,696,9.075e-10
1,697,9.075e-10
1,698,9.075e-10
1,699,9.075e-10
1,700,8.950000000000001e-10
1,701,6.624999999999999e-10
1,702,6.475e-10
1,703,6.475e-10
1,704,6.425e-10
1,705,6.325e-10
1,706,6.3e-10
1,707,6.050000000000001e-10
1,708,5.625000000000001e-10
1,709,5.625000000000001e-10
1,710,5.225e-10
1,711,5.200000000000001e-10
1,712,5.200000000000001e-10
1,713,5.200000000000001e-10
1,714,5.200000000000001e-10
1,715,5.125e-10
1,716,5.125e-10
1,717,5.1e-10
1,718,4.725e-10
1,719,3.325e-10
1,720,2.175e-10
1,721,2.1500000000000003e-10
1,722,1.95e-10
1,723,1.95e-10
1,724,1.9249999999999998e-10
1,725,1.9000000000000002e-10
1,726,1.9000000000000002e-10
1,727,1.9000000000000002e-10
1,728,1.9000000000000002e-10
1,729,1.825e-10
1,730,1.8e-10
1,731,1.8e-10
1,732,1.8e-10
1,733,1.725e-10
1,734,1.725e-10
1,735,1.6999999999999998e-10
1,736,1.6999999999999998e-10
1,737,1.6750000000000002e-10
1,738,1.625e-10
1,739,1.6000000000000002e-10
1,740,1.6000000000000002e-10
1,741,1.6000000000000002e-10
1,742,1.6000000000000002e-10
1,743,1.6000000000000002e-10
1,744,1.6000000000000002e-10
1,745,1.55e-10
1,746,1.55e-10
1,747,1.525e-10
1,748,1.525e-10
1,749,1.525e-10
1,750,1.525e-10
1,751,1.5e-10
1,752,1.5e-10
1,753,1.425e-10
1,754,1.3999999999999998e-10
1,755,1.3999999999999998e-10
1,756,1.35e-10
1,757,1.35e-10
1,758,1.35e-10
1,759,1.35e-10
1,760,1.325e-10
1,761,1.325e-10
1,762,1.325e-10
1,763,1.3000000000000002e-10
1,764,1.3000000000000002e-10
1,765,9.500000000000001e-11
1,766,9.500000000000001e-11
1,767,9.500000000000001e-11
1,768,9.500000000000001e-11
1,769,9.500000000000001e-11
1,770,9e-11
1,771,8.5e-11
1,772,8.5e-11
1,773,8.5e-11
1,774,5.5e-11
1,775,5e-11
1,776,5e-11
1,777,5e-11
1,778,5e-11
1,779,5e-11
1,780,5e-11
1,781,5e-11
1,782,5e-11
1,783,4.0000000000000004e-11
1,784,4.0000000000000004e-11
1,785,4.0000000000000004e-11
1,786,4.0000000000000004e-11
1,787,3.4999999999999995e-11
1,788,3.4999999999999995e-11
1,789,3.4999999999999995e-11
1,790,3.2500000000000004e-11
1,791,3e-11
1,792,3e-11
1,793,2.0000000000000002e-11
1,794,2.0000000000000002e-11
1,795,1.75e-11
1,796,1.75e-11
1,797,1.75e-11
1,798,1.75e-11
1,799,1.75e-11
1,800,1.75e-11
1,801,1.75e-11
1,802,1.75e-11
1,803,1.75e-11
1,804,1.75e-11
1,805,1.75e-11
1,806,1.75e-11
1,807,1.75e-11
1,808,1.75e-11
1,809,1.75e-11
1,810,7.5e-12
1,811,7.5e-12
1,812,7.5e-12
1,813,7.5e-12
1,814,7.5e-12
1,815,7.5e-12
1,816,7.5e-12
1,817,7.5e-12
1,818,5.0000000000000005e-12
1,819,5.0000000000000005e-12
1,820,5.0000000000000005e-12
1,821,5.0000000000000005e-12
1,822,5.0000000000000005e-12
1,823,5.0000000000000005e-12
1,824,5.0000000000000005e-12
1,825,5.0000000000000005e-12
1,826,5.0000000000000005e-12
1,827,5.0000000000000005e-12
1,828,5.0000000000000005e-12
1,829,5.0000000000000005e-12
1,830,5.0000000000000005e-12
1,831,5.0000000000000005e-12
1,832,5.0000000000000005e-12
1,833,5.0000000000000005e-12
1,834,5.0000000000000005e-12
1,835,5.0000000000000005e-12
1,836,5.0000000000000005e-12
1,837,5.0000000000000005e-12
1,838,5.0000000000000005e-12
1,839,5.0000000000000005e-12
1,840,5.0000000000000005e-12
1,841,5.0000000000000005e-12
1,842,5.0000000000000005e-12
1,843,5.0000000000000005e-12
1,844,5.0000000000000005e-12
1,845,5.0000000000000005e-12
1,846,5.0000000000000005e-12
1,847,5.0000000000000005e-12
1,848,5.0000000000000005e-12
1,849,5.0000000000000005e-12
1,850,5.0000000000000005e-12
1,851,2.5000000000000003e-12
1,852,2.5000000000000003e-12
1,853,2.5000000000000003e-12
1,854,2.5000000000000003e-12
1,855,2.5000000000000003e-12
1,856,2.5000000000000003e-12
1,857,2.5000000000000003e-12
1,858,2.5000000000000003e-12
1,859,2.5000000000000003e-12
1,860,2.5000000000000003e-12
1,861,2.5000000000000003e-12
1,862,2.5000000000000003e-12
1,863,2.5000000000000003e-12
1,864,2.5000000000000003e-12
1,865,2.5000000000000003e-12
1,866,2.5000000000000003e-12
1,867,2.5000000000000003e-12
1,868,2.5000000000000003e-12
1,869,2.5000000000000003e-12
1,870,2.5000000000000003e-12
1,871,2.5000000000000003e-12
1,872,2.5000000000000003e-12
1,873,2.5000000000000003e-12
1,874,0.0
1,875,0.0
1,876,0.0
1,877,0.0
1,878,0.0
1,879,0.0
1,880,0.0
1,881,0.0
1,882,0.0
1,883,0.0
1,884,0.0
1,885,0.0
1,886,0.0
1,887,0.0
1,888,0.0
1,889,0.0
1,890,0.0
1,891,0.0
1,892,0.0
1,893,0.0
1,894,0.0
1,895,0.0
1,896,0.0
1,897,0.0
1,898,0.0
1,899,0.0
1,900,0.0
1,901,0.0
1,902,0.0
1,903,0.0
1,904,0.0
1,905,0.0
1,906,0.0
1,907,0.0
1,908,0.0
1,909,0.0
1,910,0.0
1,911,0.0
1,912,0.0
1,913,0.0
1,914,0.0
1,915,0.0
1,916,0.0
1,917,0.0
1,918,0.0
1,919,0.0
1,920,0.0
1,921,0.0
1,922,0.0
1,923,0.0
1,924,0.0
1,925,0.0
1,926,0.0
1,927,0.0
1,928,0.0
1,929,0.0
1,930,0.0
1,931,0.0
1,932,0.0
1,933,0.0
1,934,0.0
1,935,0.0
1,936,0.0
1,937,0.0
1,938,0.0
1,939,0.0
1,940,0.0
1,941,0.0
1,942,0.0
1,943,0.0
1,944,0.0
1,945,0.0
1,946,0.0
1,947,0.0
1,948,0.0
1,949,0.0
1,950,0.0
1,951,0.0
1,952,0.0
1,953,0.0
1,954,0.0
1,955,0.0
1,956,0.0
1,957,0.0
1,958,0.0
1,959,0.0
1,960,0.0
1,961,0.0
1,962,0.0
1,963,0.0
1,964,0.0
1,965,0.0
1,966,0.0
1,967,0.0
1,968,0.0
1,969,0.0
1,970,0.0
1,971,0.0
1,972,0.0
1,973,0.0
1,974,0.0
1,975,0.0
1,976,0.0
1,977,0.0
1,978,0.0
1,979,0.0
1,980,0.0
1,981,0.0
1,982,0.0
1,983,0.0
1,984,0.0
1,985,0.0
1,986,0.0
1,987,0.0
1,988,0.0
1,989,0.0
1,990,0.0
1,991,0.0
1,992,0.0
1,993,0.0
1,994,0.0
1,995,0.0
1,996,0.0
1,997,0.0
1,998,0.0
1,999,0.0
1,1000,0.0
2,1,17016493.498514064
2,2,7148754.452229558
2,3,5342115.30205564
2,4,3980880.4558060043
2,5,2534592.742190081
2,6,2102949.7855819287
2,7,2003460.8578328628
2,8,1776516.4652345658
2,9,1186953.938176517
2,10,992011.8737145003
2,11,814405.9664001256
2,12,681304.7899861818
2,13,586699.1877004626
2,14,583234.428144024
2,15,528907.569145743
2,16,464226.9294841094
2,17,425136.4719870601
2,18,412093.54362154106
2,19,359250.2519516422
2,20,342877.5404079546
2,21,296257.9684519902
2,22,254426.22376732217
2,23,250631.1647077293
2,24,239158.804216408
2,25,237419.8558768931
2,26,221218.64868221682
2,27,216667.41500920718
2,28,211978.10397819808
2,29,201553.1295163611
2,30,201553.1295163611
2,31,201553.1295163611
2,32,200435.79170691507
2,33,188381.54839963265
2,34,188381.54839963265
2,35,172267.87127581384
2,36,164078.3365226395
2,37,162330.52236012428
2,38,155376.14208888603
2,39,153923.8292398262
2,40,153014.59741665726
2,41,151875.94691844992
2,42,151875.94691844992
2,43,151804.0316080093
2,44,146575.48124023312
2,45,144406.27564544586
2,46,125548.06373660764
2,47,124663.36899405552
2,48,123382.41596128717
2,49,119611.5843133002
2,50,115140.82941689149
2,51,113292.12505137359
2,52,113198.383334906
2,53,96746.81774873166
2,54,92967.80768615854
2,55,90832.26232039378
2,56,90292.91791702941
2,57,79479.03734020477
2,58,77571.61302766067
2,59,69112.10301667951
2,60,64601.66470410493
2,61,64580.556272309856
2,62,63585.72509606644
2,63,63585.72509606644
2,64,63585.72509606644
2,65,62838.038838310655
2,66,62193.42192449982
2,67,59854.18495185656
2,68,57058.904207828185
2,69,55557.2650143698
2,70,52552.78337525555
2,71,50684.36514816376
2,72,50274.33319032985
2,73,49839.5912952197
2,74,44493.93394590193
2,75,42002.151474368395
2,76,40840.54224964468
2,77,40840.54224955039
2,78,40840.54224820187
2,79,38804.72271982148
2,80,38776.43162702896
2,81,37878.55840832303
2,82,37126.02989059324
2,83,36545.40169820452
2,84,35375.246456673005
2,85,32629.495433126598
2,86,32629.49540430514
2,87,32371.50297081187
2,88,31722.434575185423
2,89,31425.901641106146
2,90,31425.901641106146
2,91,31425.901641106146
2,92,29692.923808677744
2,93,27990.26768231184
2,94,27615.487924257683
2,95,27615.48792416415
2,96,27177.165398993362
2,97,26709.44651959948
2,98,26709.446489636444
2,99,26709.446489636444
2,100,26709.446489636444
2,101,26103.26837731932
2,102,26086.21479049115
2,103,25890.14629462584
2,104,25890.14629462584
2,105,22770.992325418607
2,106,20966.553155239053
2,107,20936.741382879918
2,108,20908.12986191735
2,109,19977.58920834628
2,110,19533.568695586226
2,111,19012.476524759153
2,112,18554.37553192633
2,113,18431.98933369357
2,114,18140.48124437925
2,115,18134.673527549105
2,116,17501.51183553758
2,117,17389.318173751737
2,118,17359.097886104893
2,119,17169.365964170494
2,120,16740.166975576503
2,121,16740.166975576503
2,122,16623.21020729215
2,123,16623.21020729215
2,124,16623.21020729215
2,125,15539.574169837439
2,126,15183.304127605355
2,127,15110.212428461406
2,128,14292.07699084981
2,129,14094.712152529279
2,130,13007.582730438668
2,131,12986.64466914524
2,132,12986.64466905795
2,133,12663.506310908411
2,134,12663.506303552149
2,135,12270.759167339551
2,136,11729.803685682153
2,137,11257.03658014243
2,138,11140.287202815192
2,139,10308.059827232488
2,140,10182.761704596744
2,141,9450.618863324655
2,142,9418.866049347895
2,143,9269.001841181245
2,144,9199.767260243125
2,145,9163.069920300983
2,146,9054.33406219451
2,147,8703.238511231899
2,148,8703.238511231899
2,149,8528.754558176694
2,150,8528.754558176694
2,151,8528.754558176694
2,152,8471.395200039195
2,153,8449.550347254773
2,154,8449.550347254773
2,155,8423.86994108099
2,156,8242.650924299613
2,157,8223.922577948257
2,158,8021.712758900908
2,159,8021.712589472138
2,160,8021.712589472135
2,161,8002.167566573982
2,162,7943.71187944859
2,163,7807.818857454715
2,164,7795.84581251894
2,165,7728.581432140522
2,166,7679.283774871556
2,167,7601.578539419594
2,168,7601.578538386343
2,169,7389.55800996406
2,170,7323.364785516623
2,171,7218.644408331371
2,172,7122.550724114005
2,173,7102.5006673500375
2,174,7062.19929822494
2,175,7011.659525230025
2,176,7003.846917218328
2,177,6645.239436173928
2,178,6632.382832997175
2,179,6599.272587954487
2,180,6575.433964510786
2,181,6518.084366459305
2,182,6518.084366459305
2,183,6442.8254831827
2,184,6442.8254831827
2,185,6372.21785193316
2,186,6370.481634546018
2,187,6260.755440602257
2,188,6260.755440602257
2,189,6175.071016935308
2,190,6175.071016935308
2,191,6112.229437575696
2,192,6069.801406266002
2,193,5932.073810397962
2,194,5930.93658119005
2,195,5457.84697630792
2,196,5300.2048428393255
2,197,5300.2048428393255
2,198,5247.310646165498
2,199,5247.310646165495
2,200,5230.462722620107
2,201,5229.947596557673
2,202,5212.689577370707
2,203,5208.709260676493
2,204,5187.991292721488
2,205,5187.991292721485
2,206,5187.99129272146
2,207,5141.270327575842
2,208,5075.755853324205
2,209,5047.527969868197
2,210,4956.553363910162
2,211,4831.633913390609
2,212,4755.708122573173
2,213,4747.10910422666
2,214,4731.1487585582345
2,215,4729.5856476263825
2,216,4729.5856476263825
2,217,4648.195939318152
2,218,4642.951953820242
2,219,4611.2368334855255
2,220,4570.024694701117
2,221,4468.172730969998
2,222,4438.86248809768
2,223,4432.703621375215
2,224,4399.056834140143
2,225,4313.183941157547
2,226,4290.08336368207
2,227,4290.067713629737
2,228,4289.961721023145
2,229,4287.73125536119
2,230,4278.301280847847
2,231,4253.930064189122
2,232,4253.930064189122
2,233,4121.191943189775
2,234,4083.4894351456596
2,235,4034.4265560268177
2,236,3997.13249334746
2,237,3971.753639835052
2,238,3864.538225880375
2,239,3805.095096173445
2,240,3788.9011741043273
2,241,3755.1338958661972
2,242,3752.7666734322825
2,243,3741.978216883575
2,244,3717.082081687655
2,245,3702.7638947504674
2,246,3689.0872143934853
2,247,3689.0872143934853
2,248,3610.01510290997
2,249,3557.7813807754524
2,250,3526.3915490860027
2,251,3515.059091760725
2,252,3504.64949031704
2,253,3392.2170681285525
2,254,3369.2228274750123
2,255,3105.1168616851023
2,256,3101.49857090957
2,257,3084.563877357125
2,258,3049.3471485784803
2,259,2992.6648570521347
2,260,2974.05185727231
2,261,2972.3210538964327
2,262,2972.32104688493
2,263,2963.42924394334
2,264,2901.3758005652026
2,265,2872.1652064350424
2,266,2843.0390366478523
2,267,2834.862842058242
2,268,2827.46899403155
2,269,2730.2230330710026
2,270,2667.759222321308
2,271,2659.0629281267147
2,272,2622.3511114390726
2,273,2537.8530935418075
2,274,2531.7527050426525
2,275,2463.0012370374525
2,276,2449.3875527522127
2,277,2416.66150859129
2,278,2404.6372404653175
2,279,2384.2900985834426
2,280,2279.530329493243
2,281,2272.856982382475
2,282,2272.856982382475
2,283,2272.856982382475
2,284,2268.6245758487826
2,285,2233.4110175996548
2,286,2227.4913404136323
2,287,2225.83211522394
2,288,2223.964957125788
2,289,2178.6345843048475
2,290,2178.6345840059153
2,291,2171.683275908815
2,292,2092.9869085210776
2,293,2091.724446588255
2,294,2063.2462991804873
2,295,2061.0804160606576
2,296,1984.9391557881725
2,297,1966.4086646400224
2,298,1933.374787625325
2,299,1877.5759250146025
2,300,1870.6258844650674
2,301,1869.8964780700499
2,302,1869.8964777743774
2,303,1829.2287536702875
2,304,1829.2287536702875
2,305,1683.0575099506073
2,306,1637.018484771625
2,307,1603.7916620532826
2,308,1598.2726707568424
2,309,1534.8887443773351
2,310,1495.7465165933124
2,311,1487.8207249795473
2,312,1487.8207249795473
2,313,1486.58390236431
2,314,1474.7456219352625
2,315,1443.8956819185526
2,316,1429.57871010545
2,317,1428.694571002885
2,318,1423.1116411468524
2,319,1411.6409779685323
2,320,1381.43681894255
2,321,1249.953679740835
2,322,1100.9770084612999
2,323,1091.7755664854226
2,324,1075.03125977472
2,325,1055.1357768033574
2,326,1054.6344021364525
2,327,1053.49587714417
2,328,1053.49587714417
2,329,1046.948129052345
2,330,1018.7970249490174
2,331,1015.8072057795974
2,332,954.82579594933
2,333,950.7385225872025
2,334,950.3983144647625
2,335,949.23211210935
2,336,943.821359241155
2,337,940.4636811564275
2,338,940.0844966905375
2,339,938.0793099462226
2,340,920.26748153341
2,341,913.2491984100476
2,342,906.5305709431275
2,343,903.630938131545
2,344,880.9926891340925
2,345,878.0848743916374
2,346,851.3206260150649
2,347,828.4670464675701
2,348,818.4898288192051
2,349,811.8430772548551
2,350,811.6421404436626
2,351,811.6421404436526
2,352,810.3920394320301
2,353,724.935800585
2,354,720.8716000171551
2,355,712.9996316704826
2,356,699.1113556654125
2,357,692.7979278976175
2,358,642.3254974906424
2,359,640.6602161935775
2,360,612.7697062474025
2,361,612.7697062468875
2,362,610.4285744913075
2,363,607.3460838833324
2,364,607.3460838115875
2,365,607.3437989509
2,366,606.9640970588375
2,367,598.271480529865
2,368,598.1203989216275
2,369,596.881786558605
2,370,561.1445932381275
2,371,545.1358655599726
2,372,543.6406221273126
2,373,543.068364897875
2,374,539.5967945850775
2,375,538.2536726770074
2,376,538.215627947045
2,377,528.2711030708875
2,378,496.82057640423255
2,379,495.09381818559007
2,380,481.955384401595
2,381,469.3974139380475
2,382,465.2066083161575
2,383,464.57803024986754
2,384,464.3086558842575
2,385,462.0123596456575
2,386,461.418870139645
2,387,459.13420995893
2,388,459.04249928771753
2,389,457.66263592562257
2,390,457.44208533352503
2,391,457.038462145755
2,392,457.0384621453225
2,393,454.8153864218425
2,394,452.6412641432
2,395,443.6382433039025
2,396,443.09903948750997
2,397,442.34953472906756
2,398,441.40286941055246
2,399,440.63964238479
2,400,439.00548431613754
2,401,426.0711549030575
2,402,424.2283317352925
2,403,424.1157498524625
2,404,423.0967292473025
2,405,420.5662552321775
2,406,419.52757284418004
2,407,408.0621907081075
2,408,406.741535952555
2,409,405.2027941231575
2,410,404.51333744933
2,411,396.68281637288
2,412,393.53878611774996
2,413,391.1078804496525
2,414,387.901515083615
2,415,387.901515083615
2,416,387.4586145187625
2,417,387.1821566389975
2,418,386.35557834401754
2,419,383.992875674975
2,420,383.715558790405
2,421,383.388675478045
2,422,383.110567293485
2,423,382.8341392624125
2,424,381.371835866395
2,425,381.18423926627
2,426,381.178392058965
2,427,380.8672657215825
2,428,372.9711421084425
2,429,370.3664271193
2,430,369.3124263835125
2,431,369.2793036543225
2,432,368.8086618883725
2,433,358.82313693973754
2,434,352.7324141138175
2,435,348.80645040003753
2,436,348.7295826962325
2,437,347.5253126777875
2,438,347.07637220345
2,439,347.07637220345
2,440,347.00716529966246
2,441,346.04184291012245
2,442,345.836826911655
2,443,345.5989618044725
2,444,345.5989618044725
2,445,345.5989618044725
2,446,344.18059118716
2,447,341.35658842344753
2,448,341.218632715875
2,449,339.35523935124
2,450,337.97070874531
2,451,334.899700626725
2,452,334.54009371326504
2,453,332.3361066505475
2,454,332.07158700331496
2,455,331.4938420650525
2,456,330.25516110765
2,457,329.2412616508275
2,458,326.7889665854275
2,459,321.5426428954325
2,460,321.2786813424375
2,461,318.10815876115
2,462,316.5617811800475
2,463,316.22424549787
2,464,316.2041469628525
2,465,315.0494794796
2,466,307.701950067515
2,467,307.701950067515
2,468,305.633351404645
2,469,304.081825307485
2,470,303.80302724704995
2,471,299.359627801025
2,472,298.2647242790975
2,473,296.0856489454725
2,474,294.982053534635
2,475,294.50191193733497
2,476,292.27227278229
2,477,291.9307589869625
2,478,291.6791458258
2,479,286.332303770925
2,480,285.9067975122225
2,481,284.56718646310753
2,482,284.1127283954275
2,483,282.90241036600753
2,484,282.6072316754975
2,485,281.89195441665254
2,486,280.05159261944
2,487,277.5489011507
2,488,277.412895944475
2,489,276.669492387395
2,490,276.51188235701
2,491,275.9699761844875
2,492,273.5708432116375
2,493,270.54070460728747
2,494,268.82661817050246
2,495,265.24453149704
2,496,265.09035022097
2,497,261.7388464725325
2,498,256.540973178645
2,499,256.42683980275
2,500,256.2577301441675
2,501,255.75920958461
2,502,253.00450004649002
2,503,249.2267847696375
2,504,249.06497386223
2,505,243.463129662945
2,506,242.19500995932998
2,507,241.652904241535
2,508,241.65290392561002
2,509,240.556005130315
2,510,239.47762874023502
2,511,237.33716824641752
2,512,237.1784331043175
2,513,236.41188343231252
2,514,232.189644442715
2,515,229.589152638155
2,516,229.15502898004252
2,517,221.452891001225
2,518,220.3776760327975
2,519,220.051580529185
2,520,219.75864342024002
2,521,218.0382348791
2,522,214.7522055274675
2,523,202.7113828384575
2,524,200.05376947295
2,525,199.417808152465
2,526,198.79311711720499
2,527,198.309450869015
2,528,195.11901118193
2,529,192.69292490252502
2,530,191.66718679701
2,531,191.1644402419925
2,532,189.056551628735
2,533,186.35037609315
2,534,184.9459831849675
2,535,178.61106134527
2,536,178.2000281898625
2,537,177.13570854956998
2,538,172.23087408052498
2,539,170.1912326196125
2,540,168.1482265365725
2,541,157.44231239640752
2,542,156.3837847326225
2,543,154.5714544276025
2,544,152.9410803987025
2,545,152.85524020498502
2,546,151.65135427697
2,547,148.6678932782525
2,548,148.4436381228125
2,549,148.44363807115002
2,550,146.6133564685425
2,551,145.06703256726001
2,552,144.8358243232475
2,553,140.44828577472498
2,554,137.47172827100502
2,555,137.2919201255325
2,556,136.892579647455
2,557,136.8795407822175
2,558,135.883936411835
2,559,131.270812080885
2,560,131.2708120781
2,561,131.10150703913502
2,562,130.747920440895
2,563,129.0129209970275
2,564,129.007814943005
2,565,103.85998068859251
2,566,102.07046020621
2,567,102.06619738185
2,568,102.06619719025
2,569,101.605369539885
2,570,100.93646381723251
2,571,88.7853019569125
2,572,88.21109007872249
2,573,88.19237388863249
2,574,88.19237358462
2,575,87.8350523425825
2,576,87.830874147125
2,577,78.905509710345
2,578,78.90550970463251
2,579,77.1330218050425
2,580,76.80594230753499
2,581,75.84681747626999
2,582,75.844926901645
2,583,72.64576015285999
2,584,72.645760149135
2,585,72.343445155395
2,586,72.34344469466751
2,587,70.58551310474499
2,588,70.5851546006525
2,589,64.4663038044075
2,590,64.46630379993749
2,591,64.46630369654
2,592,64.0943490763725
2,593,64.09195147798
2,594,64.0535881864925
2,595,55.92380086355
2,596,55.92380085858
2,597,55.4187960050525
2,598,54.8272130569575
2,599,54.542134365085
2,600,54.534130755804995
2,601,48.441347268665
2,602,48.43655630972
2,603,48.3702067071375
2,604,48.22740785726
2,605,48.2274066773925
2,606,48.227404130050004
2,607,45.971803604205
2,608,44.197669504699995
2,609,44.1976694775925
2,610,43.7938706036725
2,611,43.71027137704
2,612,43.710268761625
2,613,38.8103439933225
2,614,38.81034398829
2,615,38.5194916279925
2,616,38.519491415415004
2,617,38.39516115082
2,618,36.9688878640725
2,619,32.7531192415975
2,620,32.753119237725
2,621,31.999695031894998
2,622,31.999694875757502
2,623,31.326348489847497
2,624,31.2638602136575
2,625,28.1689809579925
2,626,28.1689809520075
2,627,27.798978629005
2,628,25.37758003397
2,629,24.84822246274
2,630,24.4979605447975
2,631,23.13998873773
2,632,23.1399887333675
2,633,23.0590521870775
2,634,23.01800458911
2,635,22.93422457761
2,636,22.8663633077625
2,637,20.98022551411
2,638,20.8331295624175
2,639,20.833129556575
2,640,20.833129375134998
2,641,19.971308474049998
2,642,19.8537277207075
2,643,18.080322628925
2,644,18.080322624702497
2,645,17.663825369655
2,646,17.1942002991525
2,647,17.194200035445
2,648,17.19419923506
2,649,16.3725433022625
2,650,16.036561401820002
2,651,15.868554601955001
2,652,15.8685543059975
2,653,15.495657319444998
2,654,15.49565424252
2,655,14.266415517837501
2,656,14.266415515745
2,657,14.00620288739
2,658,13.259158036554998
2,659,13.259157763722499
2,660,13.2591558060525
2,661,10.988582711285002
2,662,10.9885818743725
2,663,10.98858186704
2,664,10.988581797670001
2,665,10.6978371629425
2,666,10.697835026865
2,667,9.819100398535001
2,668,9.8191003967925
2,669,9.1156935445425
2,670,9.115693489275
2,671,9.1156933117725
2,672,9.115692115395001
2,673,8.7806450378725
2,674,8.6550383774075
2,675,8.325371344585
2,676,8.3253712444375
2,677,8.3253711995125
2,678,8.325368294045001
2,679,7.8905123422275
2,680,7.8905123416725
2,681,7.6419199480549995
2,682,7.641919917985
2,683,7.602642390002499
2,684,7.602640608189999
2,685,7.302438679262499
2,686,7.302438316097499
2,687,7.0973117491675
2,688,7.0973116914
2,689,7.0973114955875
2,690,7.0677886636675
2,691,6.87120651148
2,692,6.808659695455001
2,693,6.764632475095
2,694,6.7646324335925
2,695,6.764632296465
2,696,6.764631653412499
2,697,6.6583380461849995
2,698,6.49673624713
2,699,6.3771707225675005
2,700,6.37717068932
2,701,6.3771706505075
2,702,6.377169247285
2,703,6.268796523765
2,704,6.266732398
2,705,6.21745094255
2,706,6.2174509209175
2,707,6.2174508562624995
2,708,6.2174492695825
2,709,6.141333989765
2,710,6.064826994540001
2,711,6.03356318046
2,712,6.033563156762499
2,713,5.9856325531225
2,714,5.9856308270175
2,715,5.8893339053475
2,716,5.8863889388875
2,717,5.29264003769
2,718,5.29264001878
2,719,5.292639974485001
2,720,5.2926394208
2,721,5.0958859067725
2,722,5.070171259515
2,723,5.0080084743275
2,724,5.0080084576975
2,725,5.008008379725
2,726,4.9995240986525
2,727,4.9321291916575
2,728,4.932127258755
2,729,4.749983830625
2,730,4.7499838118375
2,731,4.7499836557225
2,732,4.722150862705
2,733,4.6844458335275
2,734,4.6844433615325
2,735,4.54705678096
2,736,4.547056762395
2,737,4.547056688
2,738,4.5470555185425
2,739,4.526819380122499
2,740,4.526818917285
2,741,4.2918073774825
2,742,4.2918073702225
2,743,4.291807198485
2,744,4.2918064293475
2,745,4.2270833483275
2,746,4.227082988449999
2,747,3.8527326711825
2,748,3.8527326615
2,749,3.8527325241775
2,750,3.8527316888125
2,751,3.8085597251300003
2,752,3.8085596348274997
2,753,3.6513474107699997
2,754,3.6513473956124995
2,755,3.6513472690500004
2,756,3.6513459686925005
2,757,3.5870714233000003
2,758,3.5870708167274996
2,759,3.36759707496
2,760,3.367597068305
2,761,3.36759696042
2,762,3.3675966592499997
2,763,3.35231872271
2,764,3.3523186204775
2,765,3.1146286228325
2,766,3.11462862243
2,767,3.1146285492175005
2,768,3.1146283683425002
2,769,3.1065887563
2,770,3.1065885700799996
2,771,2.9315016879224998
2,772,2.9315016787225003
2,773,2.9315016297825003
2,774,2.9315012787200003
2,775,2.9284320246275
2,776,2.9284318660550004
2,777,2.7275506017500004
2,778,2.7275505959600004
2,779,2.7275505512600002
2,780,2.7275504535725
2,781,2.72549958064
2,782,2.7254991462325
2,783,2.387083388205
2,784,2.3870833827125
2,785,2.3870833460300003
2,786,2.38708321829
2,787,2.3828098693374997
2,788,2.3828091432824996
2,789,2.2504869811625
2,790,2.2504869699125
2,791,2.25048695239
2,792,2.2504868098649995
2,793,2.24645419402
2,794,2.246453561315
2,795,2.0446202467325003
2,796,2.0446202428925
2,797,2.0446202271250002
2,798,2.04462009084
2,799,2.04068065922
2,800,2.040679870435
2,801,1.6746379203874997
2,802,1.6746379143549999
2,803,1.6746379068849997
2,804,1.6746377938700001
2,805,1.67028805938
2,806,1.6702873827249998
2,807,1.65461220026
2,808,1.654612198725
2,809,1.6546121913825
2,810,1.6546121730525
2,811,1.64929866911
2,812,1.6492983976775002
2,813,1.5571948774525
2,814,1.5571948729575
2,815,1.5571948543775
2,816,1.5571947592000002
2,817,1.5554050045624999
2,818,1.555404424285
2,819,1.21259116576
2,820,1.21259116349
2,821,1.2125911351525
2,822,1.212591040945
2,823,1.2111703729300003
2,824,1.21116932816
2,825,0.758688504765
2,826,0.75868850124
2,827,0.7586884730100001
2,828,0.7586884357799999
2,829,0.757392230645
2,830,0.7573910429225001
2,831,0.35630373267
2,832,0.3563037311375
2,833,0.356303712965
2,834,0.35630366432000005
2,835,0.35548956943250004
2,836,0.35548807557749995
2,837,0.21368835326249996
2,838,0.213688351925
2,839,0.21368834638999998
2,840,0.213688301965
2,841,0.2128724110725
2,842,0.21287118664750002
2,843,0.16509630596
2,844,0.16509630560250002
2,845,0.16509628671
2,846,0.16509624413500001
2,847,0.16453295779
2,848,0.164531862805
2,849,0.117943600535
2,850,0.1179436004075
2,851,0.1179435818425
2,852,0.1179435729675
2,853,0.11717190023750002
2,854,0.11717124905750001
2,855,0.1105506511775
2,856,0.11055065115
2,857,0.110550638795
2,858,0.110550600145
2,859,0.10939905353000001
2,860,0.10939859425750001
2,861,0.09670862768
2,862,0.0967086276575
2,863,0.09670862184249998
2,864,0.09670854927999999
2,865,0.0939464088325
2,866,0.09394600072
2,867,0.05463662859
2,868,0.05463662857
2,869,0.05463662720000001
2,870,0.054636453640000006
2,871,0.05403333063500001
2,872,0.05403291344750001
2,873,0.028825456657499998
2,874,0.028825456642500004
2,875,0.0288254533175
2,876,0.028825320539999998
2,877,0.0280606535275
2,878,0.028060284932499995
2,879,0.0165236842225
2,880,0.016523684215
2,881,0.0165236810825
2,882,0.016523586745
2,883,0.01650453979
2,884,0.0165042995675
2,885,0.0117338405175
2,886,0.0117338405125
2,887,0.01173383711
2,888,0.011733823697500001
2,889,0.011106409392499999
2,890,0.011106369095
2,891,0.009098641840000001
2,892,0.0090986418275
2,893,0.0090986388425
2,894,0.0090986192475
2,895,0.0090924234775
2,896,0.009092384754999999
2,897,0.006559328017499999
2,898,0.006559327922499999
2,899,0.006559326135
2,900,0.0065593172650000005
2,901,0.00635534651
2,902,0.0063553105375000005
2,903,0.0050635561425
2,904,0.005063556115
2,905,0.0050635545525
2,906,0.0050635497625
2,907,0.004918747135
2,908,0.004918709045
2,909,0.004003789225
2,910,0.0040037892
2,911,0.004003788685
2,912,0.00400377471
2,913,0.003962562184999999
2,914,0.003962484685
2,915,0.0037613210125
2,916,0.003761320995
2,917,0.0037613204574999995
2,918,0.0037613091249999995
2,919,0.0037533980425000003
2,920,0.0037533565150000003
2,921,0.0031301259749999997
2,922,0.0031301259625
2,923,0.0031301255
2,924,0.0031301220925
2,925,0.0031291849375
2,926,0.0031291492625
2,927,0.0030457989374999997
2,928,0.00304579891
2,929,0.0030457984525
2,930,0.0030457970625
2,931,0.0030450663375
2,932,0.00304505373
2,933,0.0029381829775
2,934,0.0029381829575
2,935,0.0029381828025
2,936,0.0029381811675000006
2,937,0.00293812824
2,938,0.0029381089225000005
2,939,0.0025946169799999997
2,940,0.00259461696
2,941,0.002594616915
2,942,0.0025946164775
2,943,0.0025944349925000002
2,944,0.00259442581
2,945,0.0017007247499999999
2,946,0.0017007247125
2,947,0.0017007246775
2,948,0.0017007221625
2,949,0.0017005099275000002
2,950,0.0017004981625000002
2,951,0.0005429069225
2,952,0.000542906875
2,953,0.00054290683
2,954,0.0005429056025
2,955,0.0005427861224999999
2,956,0.0005427727025
2,957,0.0002779737875
2,958,0.0002779737875
2,959,0.00027797361749999996
2,960,0.00027797162249999996
2,961,0.00027791546999999996
2,962,0.00027790756
2,963,0.00023550042
2,964,0.00023550042
2,965,0.00023550026999999998
2,966,0.00023549934999999997
2,967,0.0002354518325
2,968,0.0002354438575
2,969,0.0001863352825
2,970,0.00018633527749999999
2,971,0.0001863351875
2,972,0.0001863347575
2,973,0.0001863261225
2,974,0.0001863216025
2,975,8.488808499999999e-05
2,976,8.48880825e-05
2,977,8.488805e-05
2,978,8.4887485e-05
2,979,8.488266750000001e-05
2,980,8.487472499999999e-05
2,981,3.59713775e-05
2,982,3.59713775e-05
2,983,3.5971365000000004e-05
2,984,3.597119e-05
2,985,3.59505425e-05
2,986,3.5946135e-05
2,987,1.6575287500000003e-05
2,988,1.6575287500000003e-05
2,989,1.657527e-05
2,990,1.6575230000000002e-05
2,991,1.65743925e-05
2,992,1.65694975e-05
2,993,8.044697500000001e-06
2,994,8.044694999999999e-06
2,995,8.044675e-06
2,996,8.044655e-06
2,997,8.0036575e-06
2,998,8.00279e-06
2,999,4.4799925e-06
2,1000,4.47999e-06
3,1,415.77492448549503
3,2,205.2379493182225
3,3,177.3308468894225
3,4,164.186363674365
3,5,157.40157396705249
3,6,153.254954080335
3,7,127.32655246019249
3,8,116.87470937729499
3,9,107.345185860485
3,10,96.3090941468625
3,11,91.69388041114999
3,12,86.9225424136725
3,13,81.21481738602
3,14,77.738928520155
3,15,76.89828619242
3,16,75.0422391647
3,17,74.37966717798
3,18,72.96093850820999
3,19,70.667350854535
3,20,70.667350854535
3,21,67.91743885226
3,22,67.06124610167
3,23,66.7559951470575
3,24,66.4668187242575
3,25,64.592122306885
3,26,63.4074163504525
3,27,61.916672289225005
3,28,60.91985498232
3,29,60.58948383178
3,30,60.274575238800004
3,31,59.57188949203
3,32,58.95945150649
3,33,56.442268005227504
3,34,56.149454505150004
3,35,53.8549417789175
3,36,53.279297263260005
3,37,53.195462447725006
3,38,52.02906516676249
3,39,51.1324545236775
3,40,50.938960066865
3,41,50.042704771812495
3,42,49.35768516319
3,43,47.7874738119375
3,44,47.7874738119375
3,45,46.421797675135004
3,46,45.6169065108225
3,47,45.59047962621
3,48,44.693264954385
3,49,44.35771374115
3,50,43.3525718227575
3,51,42.731358129355
3,52,42.3970021560875
3,53,42.10822202553
3,54,41.4697979230925
3,55,40.74325295195
3,56,40.64689461414
3,57,40.6087497140225
3,58,40.2894340221775
3,59,39.7418942201125
3,60,39.517052794887505
3,61,39.345776741242496
3,62,38.2108490727625
3,63,37.791974070205
3,64,37.38583655854
3,65,35.5627873248975
3,66,35.312880998702504
3,67,35.0268429333025
3,68,35.0268429333025
3,69,34.558311981675004
3,70,34.450201918425
3,71,34.376742234405
3,72,34.3398767819575
3,73,34.16545197315
3,74,33.698119033017505
3,75,33.65325359874
3,76,33.65325359874
3,77,33.65325359874
3,78,32.9304211259525
3,79,32.5927775244675
3,80,32.5733548069175
3,81,32.24895477546
3,82,31.30863544047
3,83,31.30863544047
3,84,30.645306777094998
3,85,30.3773107697475
3,86,30.3773107697475
3,87,30.3773107697475
3,88,30.309912722895
3,89,30.196308742945
3,90,30.086781599507503
3,91,29.88327031695
3,92,29.680099813869997
3,93,29.673970366295
3,94,29.673970366295
3,95,29.673970366295
3,96,29.673970366295
3,97,29.51084622326
3,98,29.301169960242497
3,99,29.214663701185003
3,100,28.9542870622575
3,101,28.9542870622575
3,102,28.48352519959
3,103,28.095395897000003
3,104,27.999162438452498
3,105,27.999162438452498
3,106,27.542150841597497
3,107,27.358250928245003
3,108,27.352396963765
3,109,27.213330249770003
3,110,27.213330249770003
3,111,27.148477656107502
3,112,27.148477656107502
3,113,27.02056469971
3,114,27.015647062927503
3,115,27.015647062927503
3,116,27.015647062927503
3,117,26.5178648732625
3,118,26.5077720391825
3,119,26.5077720391825
3,120,25.832022590242502
3,121,25.29200492152
3,122,24.8033824157475
3,123,24.091609084505002
3,124,24.091609084505002
3,125,24.033223128145
3,126,24.033223128145
3,127,24.0202335539975
3,128,24.0202335539975
3,129,23.797611331885
3,130,23.7436293735725
3,131,23.20698973415
3,132,23.183639161614998
3,133,23.183639161614998
3,134,23.183639161614998
3,135,23.183639161614998
3,136,23.1297498658825
3,137,22.9655015246375
3,138,22.9655015246375
3,139,22.8486988423475
3,140,22.445640839045
3,141,22.379196909515
3,142,22.293798636785
3,143,22.293798636785
3,144,22.136933398855
3,145,21.8314391105975
3,146,21.813832198735
3,147,21.813832198735
3,148,21.7188042983125
3,149,21.707883900102498
3,150,21.6306694924125
3,151,21.6306694924125
3,152,21.529380937982502
3,153,21.5163295277375
3,154,21.5163295277375
3,155,21.3896874244125
3,156,21.317266208699998
3,157,21.317266208699998
3,158,21.291030299
3,159,21.0090124787775
3,160,20.927074379305
3,161,20.927074379305
3,162,20.927074379305
3,163,20.84073745474
3,164,20.77453916811
3,165,20.184215422962502
3,166,19.86672488329
3,167,19.71653274094
3,168,19.4395857259725
3,169,19.4395857259725
3,170,19.39891425317
3,171,19.39891425317
3,172,19.39891425317
3,173,19.2633915400125
3,174,19.2633915400125
3,175,19.1340930262975
3,176,19.1340930262975
3,177,18.6955958689575
3,178,18.69559585976
3,179,18.69559585976
3,180,18.69559585976
3,181,18.69559585976
3,182,18.69559585976
3,183,18.69559585976
3,184,18.5346829198025
3,185,18.5346829198025
3,186,18.5346829198025
3,187,18.362814338507498
3,188,18.362814338507498
3,189,18.335298659305
3,190,18.189452730695002
3,191,18.112643627092503
3,192,18.112643627092503
3,193,17.6378647231375
3,194,17.630622567345
3,195,17.59852327429
3,196,17.598523273047498
3,197,17.598523273047498
3,198,17.598523273047498
3,199,17.5777142409875
3,200,17.3908511897475
3,201,17.3867883763625
3,202,17.3867883763625
3,203,17.308245712515
3,204,17.1295760479725
3,205,16.861227879975
3,206,16.6444528579125
3,207,16.605864385005
3,208,16.6058643836075
3,209,16.6058643836075
3,210,16.539591253545
3,211,16.537979342139998
3,212,16.220924370795
3,213,16.139244121915002
3,214,16.12458786857
3,215,16.12458786857
3,216,16.12458786857
3,217,16.1245878654725
3,218,16.076198260915
3,219,15.9602960542225
3,220,15.960296053457501
3,221,15.960296053457501
3,222,15.7095769401475
3,223,15.709576939735001
3,224,15.467066771185
3,225,15.466898496405
3,226,15.369771625339999
3,227,15.3017039213775
3,228,15.3017039213775
3,229,15.3017039213775
3,230,15.3017039213775
3,231,15.248054459655
3,232,15.235729073729999
3,233,15.14981280873
3,234,15.0985463040875
3,235,15.0985463040875
3,236,15.0985463040875
3,237,15.0985157458325
3,238,15.0735596316725
3,239,15.0735596316725
3,240,15.0735596316725
3,241,15.073559630555
3,242,15.015591940805
3,243,14.940302268727502
3,244,14.94030226868
3,245,14.934598092109999
3,246,14.934598092109999
3,247,14.9345980915025
3,248,14.7893063727375
3,249,14.698569246305002
3,250,14.698569246305002
3,251,14.665104588144999
3,252,14.5804576820925
3,253,14.5785890337875
3,254,14.508898432145
3,255,14.508895001580001
3,256,14.508895001580001
3,257,14.5088950015775
3,258,14.3686463503825
3,259,14.3686463350375
3,260,14.3686463350375
3,261,14.363839383025
3,262,14.2647241308
3,263,14.256943753097499
3,264,14.175263368975001
3,265,14.17526336896
3,266,14.151540555577501
3,267,14.151540547315
3,268,14.122941846402501
3,269,14.07447334264
3,270,14.0051947583725
3,271,13.9817260508
3,272,13.9817260508
3,273,13.931433204345002
3,274,13.931433204345002
3,275,13.702382269067499
3,276,13.7023822335225
3,277,13.70139075966
3,278,13.4115520667325
3,279,13.411552030555
3,280,13.3857382399725
3,281,13.095768818409999
3,282,12.9753796915825
3,283,12.9753796915825
3,284,12.82538610219
3,285,12.811750261592499
3,286,12.7788274526525
3,287,12.4596742400075
3,288,12.451818152487501
3,289,12.4083216399825
3,290,12.406721849362501
3,291,12.38859883611
3,292,12.38859883611
3,293,12.35999115837
3,294,12.29061250276
3,295,12.260218916527501
3,296,12.241497898792499
3,297,12.226746097360001
3,298,12.226746097360001
3,299,12.1231323695525
3,300,12.1231323695525
3,301,12.06280566341
3,302,12.048433843462501
3,303,11.8225197137275
3,304,11.7497906477
3,305,11.690945254515
3,306,11.5808062477925
3,307,11.4601079771025
3,308,11.449182029780001
3,309,11.438943456685
3,310,11.438943456685
3,311,11.34261374556
3,312,11.33866216835
3,313,11.338662164375
3,314,11.3386621612475
3,315,11.3344646635375
3,316,11.2846059614825
3,317,11.2417235602775
3,318,11.2417235602775
3,319,11.2006479196325
3,320,11.200647917202499
3,321,11.16736954455
3,322,11.16415356688
3,323,10.8640607772575
3,324,10.720002400625
3,325,10.7041490228125
3,326,10.67871518293
3,327,10.673167663280001
3,328,10.673167653817499
3,329,10.58343028136
3,330,10.5765989239975
3,331,10.520419021675
3,332,10.516037963135
3,333,10.4985926299875
3,334,10.4441020945125
3,335,10.425569353035
3,336,10.425569350815
3,337,10.4198259739675
3,338,10.409870854554999
3,339,10.40987084378
3,340,10.329099984219999
3,341,10.1168097926
3,342,10.1168097914725
3,343,9.9944679125475
3,344,9.994467892634999
3,345,9.99446788665
3,346,9.959014968904999
3,347,9.95501214158
3,348,9.938467378015
3,349,9.889771611565
3,350,9.889771596285
3,351,9.889771584245
3,352,9.874356161382499
3,353,9.856285832027499
3,354,9.815345770579999
3,355,9.8153457620625
3,356,9.7786984851425
3,357,9.76093126371
3,358,9.7514989618175
3,359,9.747617481967499
3,360,9.729211357812499
3,361,9.60457839516
3,362,9.584479409555
3,363,9.414976066369999
3,364,9.4149760533675
3,365,9.3517718957075
3,366,9.35177189398
3,367,9.336344745695
3,368,9.329482765682501
3,369,9.301205864855
3,370,9.30120585274
3,371,8.99333794456
3,372,8.805722193665
3,373,8.80428980654
3,374,8.803139029352499
3,375,8.768741246614999
3,376,8.7600021806525
3,377,8.5742048755775
3,378,8.52397977729
3,379,8.514725589205
3,380,8.450682542585
3,381,8.4506825423575
3,382,8.450137116432499
3,383,8.393956315872499
3,384,8.376657001862501
3,385,8.362991883225
3,386,8.3337807499275
3,387,8.3325628779375
3,388,8.282100588712499
3,389,8.181054805917501
3,390,8.1810547986025
3,391,8.181054797245
3,392,8.17227744991
3,393,8.1698926709925
3,394,8.133325828385
3,395,8.127474987195
3,396,8.1274749832975
3,397,8.127474983214999
3,398,8.126845398730001
3,399,8.1250862681075
3,400,8.120851758685
3,401,8.1017026897625
3,402,7.998378191157499
3,403,7.991126494984999
3,404,7.990977766935001
3,405,7.990909289597499
3,406,7.9898452679
3,407,7.9732543396599995
3,408,7.830381906715
3,409,7.830301505932501
3,410,7.825435564017499
3,411,7.777778897374999
3,412,7.776434031525
3,413,7.743151762055
3,414,7.743151761782499
3,415,7.742880518465
3,416,7.742880503009999
3,417,7.7379594676225
3,418,7.737404511769999
3,419,7.709404341859999
3,420,7.709393196204999
3,421,7.6606251367725
3,422,7.659239693605
3,423,7.615177073337501
3,424,7.60505078674
3,425,7.521647059625001
3,426,7.5214415514774995
3,427,7.4977673450075
3,428,7.49776734493
3,429,7.49776734493
3,430,7.49776734493
3,431,7.458690236885
3,432,7.458690236885
3,433,7.457446227065001
3,434,7.45722556761
3,435,7.4507426636075
3,436,7.450742663590001
3,437,7.44613857739
3,438,7.4414630314275
3,439,7.4414630314275
3,440,7.4411571161075
3,441,7.441157116067499
3,442,7.4408035979600005
3,443,7.4326335631525
3,444,7.4326335631500005
3,445,7.430590415135001
3,446,7.430368363002501
3,447,7.4303683629975
3,448,7.43019032165
3,449,7.414244265124999
3,450,7.4129120949525005
3,451,7.4129120949525005
3,452,7.41284375033
3,453,7.411997823759999
3,454,7.404203312525
3,455,7.26842537106
3,456,7.26842537106
3,457,7.2683336258899995
3,458,7.2299305641475
3,459,7.219659634805
3,460,7.2191109756725
3,461,7.2113551387724995
3,462,7.210922738997501
3,463,7.210922738997501
3,464,7.1448306139425
3,465,7.1448306139425
3,466,7.1448306133125
3,467,7.136691950305
3,468,7.136691950305
3,469,7.12814806744
3,470,7.112785368702499
3,471,7.112750994290001
3,472,7.112750994290001
3,473,7.11053342113
3,474,7.109873152804999
3,475,7.109853940182499
3,476,7.109601112315
3,477,7.0992722269525
3,478,7.0992722269525
3,479,7.0926083113825005
3,480,7.0926083113825005
3,481,7.090356035265001
3,482,7.090356035265001
3,483,7.088909842067499
3,484,7.087356455097501
3,485,7.0873564515225
3,486,7.08400244635
3,487,7.0823482395425
3,488,7.078871076512501
3,489,7.0760459189575
3,490,7.072951229005
3,491,7.072705857635
3,492,7.06799167456
3,493,7.06628744106
3,494,7.064991917365001
3,495,6.9877800693825
3,496,6.9876797638
3,497,6.987542118092501
3,498,6.9852838391625
3,499,6.9845855346075
3,500,6.981954166782499
3,501,6.98152881909
3,502,6.9805571505975
3,503,6.9801997629675
3,504,6.9773994977000005
3,505,6.977009305519999
3,506,6.9769355445275
3,507,6.970341168632499
3,508,6.97033413689
3,509,6.9645526637724995
3,510,6.96455266377
3,511,6.9643307702375
3,512,6.964086299115
3,513,6.96405933154
3,514,6.9279809043125
3,515,6.9276339240325004
3,516,6.9276339240325004
3,517,6.927510059339999
3,518,6.9275100592325005
3,519,6.9274805155625
3,520,6.926811571785
3,521,6.9260687104750005
3,522,6.926064557015001
3,523,6.924128732622499
3,524,6.924125156475
3,525,6.924117925029999
3,526,6.9241179246149995
3,527,6.9240740563225005
3,528,6.9234273604
3,529,6.92342715763
3,530,6.9227364578324995
3,531,6.921537609405
3,532,6.92054940439
3,533,6.9203590971775
3,534,6.9195135256
3,535,6.9133820893574995
3,536,6.9133675520099995
3,537,6.9128164249775
3,538,6.9128164249775
3,539,6.912621094562501
3,540,6.910420069675
3,541,6.9101590846025
3,542,6.9101487566925
3,543,6.9097780245525
3,544,6.90796589996
3,545,6.907749885345
3,546,6.907049807577499
3,547,6.9042202350699995
3,548,6.904184080407499
3,549,6.90212485913
3,550,6.902045680012501
3,551,6.9014127131875
3,552,6.9014127131875
3,553,6.901412712440001
3,554,6.901409333735001
3,555,6.87344400886
3,556,6.873428364185
3,557,6.8730181326425
3,558,6.8697773237324995
3,559,6.86974860033
3,560,6.86974860033
3,561,6.8697250601899995
3,562,6.8697250601899995
3,563,6.8687239784925
3,564,6.86869288073
3,565,6.8686928795724995
3,566,6.8686928795724995
3,567,6.868263699832499
3,568,6.868263699832499
3,569,6.867922501600001
3,570,6.867910345219999
3,571,6.865951611142501
3,572,6.865179946674999
3,573,6.8651421884475
3,574,6.8651383665750005
3,575,6.861506978917499
3,576,6.858876840745
3,577,6.85887343948
3,578,6.858859869085
3,579,6.858859869085
3,580,6.858803894315
3,581,6.842747878815
3,582,6.8418353687749995
3,583,6.8418353687749995
3,584,6.832477532025
3,585,6.8284567386975
3,586,6.828453025397501
3,587,6.825636901747499
3,588,6.8255909340175
3,589,6.8255819398325
3,590,6.7846459822
3,591,6.7837707397525
3,592,6.7837707397525
3,593,6.7837513930375
3,594,6.78375139301
3,595,6.783751058497499
3,596,6.783751058497499
3,597,6.783751058495
3,598,6.783750773762501
3,599,6.781285834307499
3,600,6.69726805895
3,601,6.6966700166774995
3,602,6.6966462495000005
3,603,6.696645862964999
3,604,6.696644720297501
3,605,6.696561069785
3,606,6.6965610697775
3,607,6.69655998696
3,608,6.6965590400899995
3,609,6.6965519613525
3,610,6.696400856137499
3,611,6.682434342515
3,612,6.6417765294375
3,613,6.6417765294375
3,614,6.6417765294375
3,615,6.6404365542825
3,616,6.6404365542649995
3,617,6.6404354430075
3,618,6.6404353603974995
3,619,6.64034492061
3,620,6.64033818434
3,621,6.64033818434
3,622,6.640338055677501
3,623,6.640293758275
3,624,6.638203375965
3,625,6.637463338950001
3,626,6.637463338950001
3,627,6.6374633389449995
3,628,6.63714853841
3,629,6.63714853841
3,630,6.6371474294625
3,631,6.6370395778625
3,632,6.636871782062499
3,633,6.6368716574199995
3,634,6.6368716574199995
3,635,6.629391493942499
3,636,6.629389392
3,637,6.62938912083
3,638,6.629388920685
3,639,6.629387963547499
3,640,6.62934621222
3,641,6.6293462012974995
3,642,6.623613212775
3,643,6.623613212775
3,644,6.62330949407
3,645,6.623309494065
3,646,6.623309155159999
3,647,6.6232770370425005
3,648,6.6215624353375
3,649,6.6215624353375
3,650,6.6215624353375
3,651,6.6215624353325
3,652,6.6215617083975005
3,653,6.62156162312
3,654,6.62156162312
3,655,6.62156162312
3,656,6.6215615317675
3,657,6.6211880887625
3,658,6.6211779942625
3,659,6.6211778584825
3,660,6.62114851133
3,661,6.62114851133
3,662,6.620968178002499
3,663,6.62096802664
3,664,6.6209679784375
3,665,6.6207936770849996
3,666,6.620786464290001
3,667,6.620517719597499
3,668,6.620517719597499
3,669,6.62049370119
3,670,6.6204936236575
3,671,6.62049358084
3,672,6.6115439068374995
3,673,6.59775196744
3,674,6.59775196744
3,675,6.59775196744
3,676,6.597751865575001
3,677,6.5968327777125
3,678,6.5968323303525
3,679,6.5967736729275
3,680,6.595670941544999
3,681,6.59567059358
3,682,6.5956128420025
3,683,6.595612816707499
3,684,6.59221034364
3,685,6.5921286817975
3,686,6.592128642665
3,687,6.5622093948475
3,688,6.5622093948475
3,689,6.5530450645550005
3,690,6.553044226545
3,691,6.5530441992799995
3,692,6.552989723464999
3,693,6.5529896403775
3,694,6.534272518675
3,695,6.53427251724
3,696,6.53427251724
3,697,6.5341811247575
3,698,6.533779898592501
3,699,6.533779898592501
3,700,6.533779898592501
3,701,6.5337797348175
3,702,6.533774311005
3,703,6.533774311005
3,704,6.533772842075
3,705,6.533766716315
3,706,6.5337666874725
3,707,6.53363184426
3,708,6.533631783039999
3,709,6.533631771874999
3,710,6.533624659180001
3,711,6.5336231309474995
3,712,6.5336231309474995
3,713,6.5336231309474995
3,714,6.5336231309474995
3,715,6.533621252794999
3,716,6.533621252794999
3,717,6.5336193530725
3,718,6.5336193530725
3,719,6.5336193530725
3,720,6.533618494965
3,721,6.533618494965
3,722,6.5333539790175
3,723,6.533353954214999
3,724,6.5295463482425005
3,725,6.523299459835
3,726,6.523299459835
3,727,6.523299380909999
3,728,6.523299292942499
3,729,6.5232992661325
3,730,6.5232949812525
3,731,6.523294977867499
3,732,6.523294977867499
3,733,6.5232941899275
3,734,6.5232941899275
3,735,6.523294180895
3,736,6.523294180895
3,737,6.517525313645
3,738,6.5175252795625
3,739,6.5175252792775
3,740,6.5175252560975
3,741,6.515587718697501
3,742,6.5148845640075
3,743,6.5148838592375
3,744,6.509697414894999
3,745,6.5096973591325
3,746,6.5096973580275
3,747,6.5055062306650004
3,748,6.505506210082499
3,749,6.505506135715
3,750,6.5049909853475
3,751,6.5049909753725
3,752,6.500296394667499
3,753,6.4937522778000005
3,754,6.488939698177499
3,755,6.4848022032025
3,756,6.484802189264999
3,757,6.4848021892575005
3,758,6.481651615465
3,759,6.451660490735
3,760,6.4471319101475
3,761,6.447130368089999
3,762,6.4471303610424995
3,763,6.447116144685
3,764,6.447116144685
3,765,6.44668244109
3,766,6.4466820789775
3,767,6.4466818159349994
3,768,6.4466818023000005
3,769,6.446681802294999
3,770,6.446089574135
3,771,6.4460891658075
3,772,6.4460885026925
3,773,6.446088502615
3,774,6.441250942617501
3,775,6.4412509426149995
3,776,6.441250939664999
3,777,6.441250938685
3,778,6.440394620985001
3,779,6.4403931642700005
3,780,6.4403931642675
3,781,6.4403931642675
3,782,6.440206825692501
3,783,6.4402068033674995
3,784,6.4395368377975
3,785,6.431507651445
3,786,6.4315076514425
3,787,6.429822495950001
3,788,6.429822495950001
3,789,6.429822033255
3,790,6.429822033255
3,791,6.4298220331625
3,792,6.42982203111
3,793,6.42982203111
3,794,6.4298220288625005
3,795,6.429822028845
3,796,6.429822028845
3,797,6.429821442945
3,798,6.4298143575075
3,799,6.4298139504275
3,800,6.427972904684999
3,801,6.427972888385
3,802,6.427972882019999
3,803,6.42797172539
3,804,6.4279629305925
3,805,6.4279629305925
3,806,6.20339405343
3,807,6.203394053417499
3,808,6.203394053417499
3,809,6.2014580307925
3,810,6.198568649389999
3,811,6.1985686440025
3,812,6.198398940900001
3,813,6.198394510255
3,814,6.198393766960001
3,815,6.198393504035
3,816,6.195355098129999
3,817,6.1953549910175
3,818,6.195354990869999
3,819,6.1953549858825
3,820,6.1953549812299995
3,821,6.19535498121
3,822,6.19535498098
3,823,6.19535498098
3,824,6.194878637265
3,825,6.194878637225
3,826,6.1948786363675
3,827,6.194876454275
3,828,6.194876451772499
3,829,6.1948764516349994
3,830,6.194686786205
3,831,6.1946823994975
3,832,6.194634481915
3,833,6.1946302744474995
3,834,6.193638036705
3,835,6.193638036705
3,836,6.193638036705
3,837,6.19289409452
3,838,6.07108467985
3,839,6.0710846788224995
3,840,6.0710744655925
3,841,6.0684287685475
3,842,5.9944490082875
3,843,5.994449006522499
3,844,5.9897506891775
3,845,5.9886037836825
3,846,5.988596698245
3,847,5.988596291165
3,848,5.988596291165
3,849,5.988592989555
3,850,5.98779580463
3,851,5.98779580393
3,852,5.987421716209999
3,853,5.9874217161475
3,854,5.987421659612499
3,855,5.987421659612499
3,856,5.9874216593475
3,857,5.987421659345
3,858,5.98734828113
3,859,5.9873482792725
3,860,5.9865196053125
3,861,5.98625831704
3,862,5.98625831704
3,863,5.9862583170375
3,864,5.9857374446575005
3,865,5.985227577322499
3,866,5.984958432259999
3,867,5.984958432259999
3,868,5.984958430495
3,869,5.98495843049
3,870,5.9848947325049995
3,871,5.9848947216
3,872,5.98480450408
3,873,5.98480449181
3,874,5.98480449173
3,875,5.9831997887175
3,876,5.9831498712924995
3,877,5.9831490082425
3,878,5.983149005207499
3,879,5.98307115266
3,880,5.98307113281
3,881,5.983071132365
3,882,5.983071120305
3,883,5.98307021111
3,884,5.982748772392499
3,885,5.9825628762275
3,886,5.98256287619
3,887,5.98256287619
3,888,5.982547073005
3,889,5.982547073005
3,890,5.982547073005
3,891,5.9824490339125
3,892,5.982448996147499
3,893,5.982448993215
3,894,5.982441437755
3,895,5.9824358187549995
3,896,5.9823745450725
3,897,5.982374545055
3,898,5.982374545
3,899,5.982374544954999
3,900,5.982349490325
3,901,5.982050565075
3,902,5.9820181172075
3,903,5.98201811719
3,904,5.9820181171675
3,905,5.9820181170725
3,906,5.9817566529974995
3,907,5.98175665274
3,908,5.9817566501775
3,909,5.9812395096925
3,910,5.955852187305
3,911,5.954616402455001
3,912,5.954407904602499
3,913,5.954407904602499
3,914,5.954188354315
3,915,5.954188354265
3,916,5.954018650629999
3,917,5.9540143116675
3,918,5.954013406610001
3,919,5.953279554905
3,920,5.9532794743125
3,921,5.9532794743125
3,922,5.9532497541675
3,923,5.9526263080475
3,924,5.952604088709999
3,925,5.952499886902499
3,926,5.952499886852499
3,927,5.952499886852499
3,928,5.9524998851625
3,929,5.9524998851625
3,930,5.9512352524075
3,931,5.951235251335
3,932,5.95067105316
3,933,5.950671053045
3,934,5.950671052935
3,935,5.9506710524225
3,936,5.95067094028
3,937,5.95042960307
3,938,5.950429603065
3,939,5.950429603065
3,940,5.950429603065
3,941,5.950342492347501
3,942,5.950317939165
3,943,5.9502924214475
3,944,5.950292421445
3,945,5.95029242139
3,946,5.95029242139
3,947,5.950292421377499
3,948,5.9502924102375
3,949,5.950183417337501
3,950,5.950055233447499
3,951,5.9499960670375
3,952,5.949996067035
3,953,5.9499958974750005
3,954,5.94985921285
3,955,5.94985921285
3,956,5.94985921285
3,957,5.94985921285
3,958,5.949859212845
3,959,5.9493284121725
3,960,5.94932841181
3,961,5.949314681415
3,962,5.9493146814125
3,963,5.9493033754875
3,964,5.94923540348
3,965,5.9491526360049996
3,966,5.9491312668375
3,967,5.9491312662
3,968,5.9491312662
3,969,5.9491175450525
3,970,5.9490780614825
3,971,5.949076245475
3,972,5.949076245475
3,973,5.949076245475
3,974,5.9490715439025
3,975,5.9490516726875
3,976,5.949051672685
3,977,5.949051672685
3,978,5.9489414185075
3,979,5.948941418495
3,980,5.94894141836
3,981,5.94894141836
3,982,5.94894141833
3,983,5.948941392149999
3,984,5.948941392005
3,985,5.94894135112
3,986,5.9488742502575
3,987,5.9488742502575
3,988,5.9488742502575
3,989,5.9488742502225005
3,990,5.9488568818025005
3,991,5.9488295388875
3,992,5.948806901035
3,993,5.948806901035
3,994,5.948751125679999
3,995,5.948751125679999
3,996,5.948751125679999
3,997,5.948742669725
3,998,5.948742669665
3,999,5.94874266966
3,1000,5.94874266966
4,1,1494.9247700231924
4,2,341.9958307911725
4,3,277.8935347766025
4,4,234.82984627765
4,5,216.954291078905
4,6,168.9490786314825
4,7,144.7227036837
4,8,131.65033913635
4,9,123.05810321411249
4,10,119.6026574009625
4,11,116.7257102928725
4,12,114.45458053427751
4,13,114.45458053427751
4,14,113.2809828599475
4,15,111.95146682945251
4,16,110.249413961335
4,17,106.4045888532875
4,18,105.67697541534251
4,19,105.3936968788925
4,20,104.60012787339001
4,21,100.6384681958375
4,22,100.3366457625
4,23,99.7336865245025
4,24,96.701200868575
4,25,96.45598726553
4,26,95.56824404433999
4,27,94.39642683164
4,28,91.9728427321375
4,29,88.12039679892
4,30,83.69538419484249
4,31,80.7025991562875
4,32,78.986187855185
4,33,76.6341327783325
4,34,76.5113427251575
4,35,75.5631307815
4,36,74.85761554673499
4,37,73.9711150557375
4,38,72.6905969521175
4,39,71.82393327403
4,40,71.572359002055
4,41,70.58351691182
4,42,68.89917450687
4,43,68.89917450687
4,44,67.7563903669775
4,45,67.223892570975
4,46,66.2254884157125
4,47,65.65206127833
4,48,65.264333824655
4,49,64.69848068843001
4,50,63.925175278539996
4,51,62.28274286205
4,52,61.684758451644996
4,53,61.3805675076175
4,54,61.1386217968725
4,55,61.0198952788575
4,56,60.7147834644425
4,57,60.04754642578
4,58,60.04754642578
4,59,58.701108567904996
4,60,56.5780284436475
4,61,56.4676255627975
4,62,55.828330484510005
4,63,54.906955253535
4,64,54.1304700740675
4,65,53.94115286090501
4,66,53.5898660876825
4,67,53.570996695869994
4,68,52.735923138939995
4,69,51.834002644914996
4,70,51.617770513405006
4,71,51.13940631583
4,72,50.5107677706225
4,73,50.307030256115
4,74,50.307030256115
4,75,49.82829316911
4,76,49.82829316911
4,77,49.8056224538825
4,78,49.743788529395
4,79,49.6325972655725
4,80,49.434085771999996
4,81,49.0955088659725
4,82,48.77035587909
4,83,48.655095327957504
4,84,48.3537944184825
4,85,48.064690294502505
4,86,47.9696728412975
4,87,47.92523305772
4,88,47.781901381035
4,89,47.313729622035
4,90,47.04207470078
4,91,47.04207470078
4,92,46.964638730770005
4,93,46.5222564451525
4,94,46.4796547801775
4,95,46.092659782572504
4,96,46.092659782572504
4,97,46.092659782572504
4,98,45.399324294175
4,99,44.99816921177
4,100,44.9839562563325
4,101,44.78727821713
4,102,44.78727821713
4,103,44.78727821713
4,104,44.7587526984975
4,105,44.2029276467625
4,106,44.0078726026625
4,107,43.5637568876325
4,108,43.4130684903825
4,109,43.050854655855
4,110,43.050854655855
4,111,43.050854655855
4,112,43.050854655855
4,113,43.049528540017505
4,114,42.7417991564525
4,115,42.388715429955
4,116,42.1057026752375
4,117,42.1057026752375
4,118,41.950074104505
4,119,41.806988688912504
4,120,41.806988688912504
4,121,41.4877665059375
4,122,41.4055990315525
4,123,41.1739628965
4,124,41.1739628965
4,125,40.817936608960004
4,126,40.73718431642
4,127,40.3868691920375
4,128,40.34244733716
4,129,40.2656156403425
4,130,39.549743101127504
4,131,39.4607356243
4,132,39.4607356243
4,133,39.2281387718925
4,134,38.8584235039625
4,135,38.2966511233375
4,136,37.676736760405
4,137,37.158818123077495
4,138,36.77152998327
4,139,36.6183508441475
4,140,35.804994457565
4,141,35.75627468797
4,142,35.0962915269
4,143,35.018210323607505
4,144,34.7695802378025
4,145,34.530488752192504
4,146,34.3664059181975
4,147,34.2537462266175
4,148,33.719629635765
4,149,33.6368948177925
4,150,33.2865459982275
4,151,33.2719744853575
4,152,32.8885338770225
4,153,32.8703679400725
4,154,32.8529839316475
4,155,32.385483685185
4,156,32.138454498367494
4,157,32.04282692733
4,158,32.04282692733
4,159,31.923850309674997
4,160,31.710909705429998
4,161,31.710909705429998
4,162,31.265335986507502
4,163,30.850190773307496
4,164,30.5873388946175
4,165,30.534879102952498
4,166,30.534879102952498
4,167,30.380592438632497
4,168,30.380592438632497
4,169,30.173062571372498
4,170,30.16438923294
4,171,30.16438923294
4,172,29.784321836215003
4,173,29.633009750474997
4,174,29.351060161647503
4,175,29.351060161647503
4,176,29.351060161647503
4,177,29.351060161647503
4,178,29.088768805245003
4,179,28.7669834432475
4,180,28.6130603291125
4,181,28.514270764395
4,182,28.433204679785
4,183,28.345769807030003
4,184,28.177377283560002
4,185,28.177377283560002
4,186,27.87634975982
4,187,27.87634975982
4,188,27.764366344644998
4,189,27.729631771152498
4,190,27.407729319955003
4,191,27.298690196597498
4,192,27.117373524955003
4,193,27.117373524955003
4,194,27.117373524955003
4,195,27.117373524955003
4,196,26.8908516311225
4,197,26.8908516311225
4,198,26.8325463550125
4,199,26.615768301397498
4,200,26.5549402841525
4,201,26.419758790920003
4,202,26.017593750485002
4,203,25.7280453066375
4,204,25.7280453066375
4,205,25.553107647447497
4,206,25.21993644984
4,207,25.149087968259998
4,208,24.87107707549
4,209,24.8645635946375
4,210,24.6779814246825
4,211,24.5329414602475
4,212,24.384785421802498
4,213,24.384785421802498
4,214,24.3266048499625
4,215,24.3266048499625
4,216,24.3266048499625
4,217,24.3266048499625
4,218,24.3180679913225
4,219,24.3180679913225
4,220,24.3180679913225
4,221,24.2369925183025
4,222,24.2071954473925
4,223,24.098208031779997
4,224,24.098208031779997
4,225,24.098208031779997
4,226,24.098208031779997
4,227,23.789549096254998
4,228,23.6262329594325
4,229,23.565705380525
4,230,23.134701335837498
4,231,23.134701335837498
4,232,23.134701335837498
4,233,23.11989041676
4,234,23.11989041676
4,235,23.0449317581825
4,236,22.9583503610025
4,237,22.93584892197
4,238,22.4127783625725
4,239,22.4127783625725
4,240,22.4127783625725
4,241,22.22444472081
4,242,22.22444472081
4,243,22.22444472081
4,244,22.22444472081
4,245,22.22444472081
4,246,22.1248326185525
4,247,22.1248326185525
4,248,22.1248326185525
4,249,22.1248326185525
4,250,21.87576550042
4,251,21.871461607865
4,252,21.871461607865
4,253,21.748654572442497
4,254,21.748654572442497
4,255,21.748654572442497
4,256,21.748654572442497
4,257,21.5351513873725
4,258,21.4637242240725
4,259,21.217027166450002
4,260,21.11799415463
4,261,20.953274897820002
4,262,20.848469597265
4,263,20.79621472466
4,264,20.7674492048525
4,265,20.7674492048525
4,266,20.760657942919998
4,267,20.6595802386975
4,268,20.649472322115
4,269,20.6243233779925
4,270,20.4682013713975
4,271,20.4682013713975
4,272,20.25039912762
4,273,20.25039910269
4,274,20.2261861689225
4,275,20.1450382463775
4,276,20.008687636937502
4,277,19.9158008679
4,278,19.8533931832375
4,279,19.830793552745
4,280,19.728439125525
4,281,19.579219803335
4,282,19.56459398418
4,283,19.56459398418
4,284,19.420142432165
4,285,19.420142432165
4,286,19.420142432165
4,287,19.4138256755675
4,288,19.307439195522498
4,289,19.30743919463
4,290,19.226076462360002
4,291,19.226076435882497
4,292,19.2172758680925
4,293,19.208399641295
4,294,19.175720233375
4,295,19.173367722407498
4,296,19.173367722407498
4,297,19.17336769553
4,298,19.166381659665
4,299,19.12928145139
4,300,19.084981326704998
4,301,19.084981326704998
4,302,19.014841299225
4,303,19.0148412745
4,304,19.0041455679
4,305,18.9793095504
4,306,18.8565561073
4,307,18.8565561064225
4,308,18.856556069187498
4,309,18.8519123291825
4,310,18.8519123046825
4,311,18.790205152305
4,312,18.670417596675
4,313,18.670417596675
4,314,18.670417596675
4,315,18.6704175745875
4,316,18.487909956935
4,317,18.4555408409575
4,318,18.369150749982502
4,319,18.369150749982502
4,320,18.369150749982502
4,321,18.288789127185
4,322,18.2869445213825
4,323,17.8801025336175
4,324,17.880102519375
4,325,17.8787089796875
4,326,17.8246319103725
4,327,17.8210825652325
4,328,17.8210825233425
4,329,17.733993711775
4,330,17.720807972785
4,331,17.59647056027
4,332,17.59647056027
4,333,17.5732528095975
4,334,17.5732528095975
4,335,17.52569229012
4,336,17.438481997990003
4,337,17.3348273024925
4,338,17.33482729454
4,339,17.33482728513
4,340,17.325518393627497
4,341,17.2762647809
4,342,17.2762647737975
4,343,17.1424468831625
4,344,17.1424468723525
4,345,17.1376342811
4,346,17.085202102817497
4,347,17.0697562338025
4,348,17.0697562335475
4,349,17.064252310355
4,350,16.9481765892075
4,351,16.948176587065
4,352,16.948176587065
4,353,16.9095140741225
4,354,16.906719645585
4,355,16.90671964351
4,356,16.9009887173675
4,357,16.8989627507075
4,358,16.8989627293925
4,359,16.865010173415
4,360,16.8532672339475
4,361,16.8532672308125
4,362,16.770328899035
4,363,16.7157285348025
4,364,16.715728515225003
4,365,16.702128736175002
4,366,16.699397157794998
4,367,16.699397156910003
4,368,16.61050484619
4,369,16.6081060808075
4,370,16.5607174614875
4,371,16.4058619774175
4,372,16.405861977147502
4,373,15.915722378175
4,374,15.7219307778275
4,375,15.721930766395
4,376,15.7219307459925
4,377,15.702427529440001
4,378,15.702427529440001
4,379,15.702028104607502
4,380,15.61208373466
4,381,15.596446407325
4,382,15.587181117755
4,383,15.574534131702501
4,384,15.56982172555
4,385,15.5698217254325
4,386,15.4410181413275
4,387,15.4407191650525
4,388,15.4407191605675
4,389,15.4391190786225
4,390,15.43774498222
4,391,15.437744982009999
4,392,15.434663733645001
4,393,15.434663733010002
4,394,15.4321838967525
4,395,15.425730096005001
4,396,15.425730095750001
4,397,15.424841854050001
4,398,15.424841853915002
4,399,15.422549357932501
4,400,15.422549357932501
4,401,15.417676915140001
4,402,15.393547517544999
4,403,15.390230310142499
4,404,15.39023031012
4,405,15.389785394687502
4,406,15.389785394687502
4,407,15.3897811816125
4,408,15.3768881348775
4,409,15.3768708468325
4,410,15.37524592051
4,411,15.375245920392501
4,412,15.3692595276375
4,413,15.3416640627775
4,414,15.341664062775001
4,415,15.341664062769999
4,416,15.341664062747501
4,417,15.3416640627125
4,418,15.3416360186975
4,419,15.3341815068925
4,420,15.280422276835
4,421,15.2804222768325
4,422,15.278108872115002
4,423,15.2011773389025
4,424,15.095792464475
4,425,15.0957923518075
4,426,15.092878470010001
4,427,15.0802444002675
4,428,15.078174196692501
4,429,15.0778974419625
4,430,15.036485522800001
4,431,15.03648540385
4,432,14.940048680335
4,433,14.9400486803325
4,434,14.937827253430001
4,435,14.937376553819998
4,436,14.9373765536625
4,437,14.930921746472501
4,438,14.91282024571
4,439,14.91282024571
4,440,14.9113696827575
4,441,14.894608832969999
4,442,14.8454008378875
4,443,14.8454003398975
4,444,14.845400339860001
4,445,14.845400339860001
4,446,14.845306837519999
4,447,14.811981245757499
4,448,14.811981245617499
4,449,14.81133259212
4,450,14.811332592087501
4,451,14.805055954265
4,452,14.804244486012498
4,453,14.7707289580575
4,454,14.76781286824
4,455,14.76689298121
4,456,14.764493829845
4,457,14.7629561974275
4,458,14.7629561974275
4,459,14.7629561974275
4,460,14.762117279345
4,461,14.762117269782498
4,462,14.7619220858425
4,463,14.761722167757501
4,464,14.757370793384998
4,465,14.755279348672499
4,466,14.754841936957499
4,467,14.754826135767498
4,468,14.754826135767498
4,469,14.754826135767498
4,470,14.754826135767498
4,471,14.746750930857498
4,472,14.726593211170002
4,473,14.721590643114999
4,474,14.72159064311
4,475,14.72159064311
4,476,14.7204055633125
4,477,14.7204055633125
4,478,14.6453379253275
4,479,14.644476581012501
4,480,14.644476581012501
4,481,14.644476581012501
4,482,14.640888961042501
4,483,14.640888961042501
4,484,14.4391459892
4,485,14.438587832492498
4,486,14.438554862675
4,487,14.395805497724998
4,488,14.395805497724998
4,489,14.395804099847501
4,490,14.283368880925
4,491,14.283185487642502
4,492,14.283185487642502
4,493,14.283185487642502
4,494,14.277716081060001
4,495,14.277716081060001
4,496,14.277324805942499
4,497,14.277324800522498
4,498,14.277324800522498
4,499,14.276931163115
4,500,14.276931163115
4,501,14.276931163112499
4,502,14.251634639375002
4,503,14.251629983472501
4,504,14.2010451888525
4,505,14.13673901272
4,506,14.13673901272
4,507,14.01304096104
4,508,14.0099054804075
4,509,14.009813312312499
4,510,14.009813312312499
4,511,14.009813312312499
4,512,14.009121593922501
4,513,14.008593351095001
4,514,14.00859335109
4,515,14.001928515392501
4,516,14.0019279019475
4,517,14.0019279019475
4,518,13.97412107673
4,519,13.97412107673
4,520,13.97259624296
4,521,13.9651483919925
4,522,13.9651483919925
4,523,13.965126398429998
4,524,13.948211782162499
4,525,13.948211782162499
4,526,13.9246794816375
4,527,13.924616121092502
4,528,13.920683914585002
4,529,13.9206606687975
4,530,13.9206606687975
4,531,13.9206077634775
4,532,13.92060774393
4,533,13.920316578609999
4,534,13.8479717861475
4,535,13.8432802031675
4,536,13.8432099681575
4,537,13.8421180300975
4,538,13.8420863408825
4,539,13.842086340865
4,540,13.807966182397498
4,541,13.8077909616525
4,542,13.8077612240475
4,543,13.798079449560001
4,544,13.7718955680325
4,545,13.77189556803
4,546,13.77182362326
4,547,13.77182321762
4,548,13.7673694799825
4,549,13.744587148685
4,550,13.744564949585001
4,551,13.7301805076925
4,552,13.7301694579675
4,553,13.7301694579675
4,554,13.7301694579675
4,555,13.7301694579675
4,556,13.7301694579675
4,557,13.7300701209175
4,558,13.729606831489999
4,559,13.729606831489999
4,560,13.729606831489999
4,561,13.715954704005
4,562,13.715954704005
4,563,13.715747129830001
4,564,13.712253275270001
4,565,13.712253275270001
4,566,13.597417240370001
4,567,13.5974115117975
4,568,13.587578084057501
4,569,13.587578084057501
4,570,13.5202503362375
4,571,13.49306704638
4,572,13.433540921119999
4,573,13.416429398344999
4,574,13.396524563489999
4,575,13.396077626295
4,576,13.39600933586
4,577,13.395996055712498
4,578,13.3959612639425
4,579,13.3959612639425
4,580,13.3921231371375
4,581,13.3921231371375
4,582,13.377686486655
4,583,13.377686486655
4,584,13.377655889762499
4,585,13.366092541745
4,586,13.3470676036525
4,587,13.3470676036525
4,588,13.346964955875
4,589,13.298580292577501
4,590,13.298580292577501
4,591,13.298580292577501
4,592,13.298580292577501
4,593,13.298580292577501
4,594,13.298580292577501
4,595,13.298442722869998
4,596,13.29842022748
4,597,13.298380939615
4,598,13.2792545841675
4,599,13.27758331679
4,600,13.27758331679
4,601,13.27758331679
4,602,13.26424293717
4,603,13.26424293717
4,604,13.259354992677501
4,605,13.2512668684625
4,606,13.251266862559998
4,607,13.2512569327075
4,608,13.251254216757498
4,609,13.2512109811075
4,610,13.2139145026975
4,611,13.2139145026975
4,612,13.2139145026975
4,613,13.2138743961925
4,614,13.213855493695002
4,615,13.2088980798875
4,616,13.208874190655001
4,617,13.183232853115001
4,618,13.183232853115001
4,619,13.1830706987225
4,620,13.183067833085
4,621,13.141968429055002
4,622,13.1419684289625
4,623,13.13116996409
4,624,13.1311604993
4,625,13.1179220915575
4,626,13.1093501795875
4,627,13.1093501795875
4,628,13.109346724847502
4,629,13.094080257567501
4,630,13.0940447711675
4,631,13.09404391914
4,632,13.09404391912
4,633,13.041062814187502
4,634,13.041062814164999
4,635,13.036432798935
4,636,13.036432797467501
4,637,13.036432797467501
4,638,13.025108423642498
4,639,13.025108423642498
4,640,13.025108423642498
4,641,13.02416074516
4,642,13.00930138857
4,643,12.9852618453825
4,644,12.985261845190001
4,645,12.9605424024825
4,646,12.941549677629999
4,647,12.94002770845
4,648,12.937797891635
4,649,12.937787629402498
4,650,12.93778762915
4,651,12.8960033412975
4,652,12.8960033410725
4,653,12.895946990205
4,654,12.8818235555275
4,655,12.8818235555175
4,656,12.825485026807499
4,657,12.804118520617502
4,658,12.804118520617502
4,659,12.804114950007499
4,660,12.782072208095
4,661,12.7820638190225
4,662,12.7765442651725
4,663,12.7765442651725
4,664,12.7765439814975
4,665,12.776209461259999
4,666,12.7164395871225
4,667,12.7111007133
4,668,12.6993059414125
4,669,12.698044156029999
4,670,12.6980441560325
4,671,12.68403354147
4,672,12.667454662279999
4,673,12.6674546613675
4,674,12.6490604586575
4,675,12.631306023135
4,676,12.631306023135
4,677,12.63130602313
4,678,12.63130602313
4,679,12.631301856615
4,680,12.628015077972501
4,681,12.626630967905
4,682,12.626630967905
4,683,12.626630967905
4,684,12.6120337842675
4,685,12.60834237092
4,686,12.60834237092
4,687,12.60834237092
4,688,12.60834237092
4,689,12.60834237092
4,690,12.60834237092
4,691,12.608342370847499
4,692,12.608342370847499
4,693,12.55313483872
4,694,12.520923319225
4,695,12.520923319225
4,696,12.520923319225
4,697,12.5179489390525
4,698,12.5179489390525
4,699,12.5179489390525
4,700,12.500006072205
4,701,12.499999765205
4,702,12.499999765205
4,703,12.499999765205
4,704,12.499999339797501
4,705,12.49758943425
4,706,12.49754073834
4,707,12.49752695648
4,708,12.497516876035
4,709,12.467441847405
4,710,12.4674416269975
4,711,12.4674416269975
4,712,12.4674416269975
4,713,12.4400826329625
4,714,12.42758014448
4,715,12.389596262805
4,716,12.389596262805
4,717,12.386481105125
4,718,12.386481105125
4,719,12.386469349592499
4,720,12.35880968053
4,721,12.3588091630275
4,722,12.3588091630275
4,723,12.358808887395
4,724,12.358808887395
4,725,12.35532382481
4,726,12.3507354814825
4,727,12.3507354475225
4,728,12.3507354475225
4,729,12.26264785775
4,730,12.1545059317425
4,731,12.119104448175
4,732,12.1128845216275
4,733,12.102557163015
4,734,12.087363400405
4,735,12.08736247685
4,736,12.0873622689725
4,737,12.085486555734999
4,738,12.085486555734999
4,739,12.085486555734999
4,740,12.083292858785
4,741,12.048627786820001
4,742,12.0337914194475
4,743,12.03379133413
4,744,12.0314613141425
4,745,12.031158757235001
4,746,12.03115875383
4,747,12.03115875383
4,748,12.0310124677275
4,749,12.03100723993
4,750,12.0310058058075
4,751,12.0304077101825
4,752,12.0304077101825
4,753,12.0304063500225
4,754,12.0304063480525
4,755,12.0288530866125
4,756,12.003890486775001
4,757,12.003890486775001
4,758,12.003890486775001
4,759,12.0036313655325
4,760,12.003630213745
4,761,11.993308276925
4,762,11.9873521916575
4,763,11.9826277547375
4,764,11.9826277547375
4,765,11.982625514557501
4,766,11.982625098389999
4,767,11.981631688090001
4,768,11.971914466747501
4,769,11.971914466747501
4,770,11.9714283013175
4,771,11.96715176567
4,772,11.965812322715
4,773,11.965812322715
4,774,11.963095109380001
4,775,11.963095109380001
4,776,11.9630949951775
4,777,11.9630944157275
4,778,11.96192289715
4,779,11.9619197231725
4,780,11.9619195455425
4,781,11.9619195455425
4,782,11.961919432085
4,783,11.960931007807499
4,784,11.95975929023
4,785,11.9553700244225
4,786,11.952262610775
4,787,11.9522623504075
4,788,11.952255279812501
4,789,11.952255279487499
4,790,11.9510859689575
4,791,11.9510859689575
4,792,11.9510859689575
4,793,11.93691393621
4,794,11.934862867342499
4,795,11.9258734476575
4,796,11.9239381843425
4,797,11.9238940455975
4,798,11.9238940455975
4,799,11.9238939222975
4,800,11.912836630685
4,801,11.91155404415
4,802,11.91155404415
4,803,11.91155401076
4,804,11.911177814290001
4,805,11.9050702507925
4,806,11.9020989616975
4,807,11.90209758333
4,808,11.90099810503
4,809,11.898227023735
4,810,11.8980326183525
4,811,11.890689335055
4,812,11.8872500451175
4,813,11.886879763487501
4,814,11.886293753055
4,815,11.86792259856
4,816,11.8658236913625
4,817,11.86320980054
4,818,11.860110766445
4,819,11.847614595495
4,820,11.84379449268
4,821,11.84379449268
4,822,11.840364114335
4,823,11.8403641090725
4,824,11.8402832583075
4,825,11.838399156635
4,826,11.837928035987499
4,827,11.82965768654
4,828,11.827909934880001
4,829,11.827909866892501
4,830,11.82789511183
4,831,11.82789511183
4,832,11.82789511183
4,833,11.82789511183
4,834,11.827895091075
4,835,11.8207965512725
4,836,11.819022592007501
4,837,11.8190225789875
4,838,11.8190225789875
4,839,11.8190225788175
4,840,11.81900542268
4,841,11.816874467085
4,842,11.81675902682
4,843,11.816758632505
4,844,11.81519679737
4,845,11.807653785827501
4,846,11.807653785827501
4,847,11.806730679615
4,848,11.763968629139999
4,849,11.763968629139999
4,850,11.763968629139999
4,851,11.762070912745
4,852,11.760625850455
4,853,11.7582642724225
4,854,11.757766367505
4,855,11.756500594710001
4,856,11.756500594710001
4,857,11.7549506499575
4,858,11.7502498113625
4,859,11.750037124035
4,860,11.750037110312501
4,861,11.75002159321
4,862,11.749127432865
4,863,11.749127432865
4,864,11.720437645605
4,865,11.71993417992
4,866,11.719804447375001
4,867,11.70238218881
4,868,11.69771813969
4,869,11.658714102227501
4,870,11.655382326965
4,871,11.6552596639675
4,872,11.6550011293375
4,873,11.643767268815001
4,874,11.643767268815001
4,875,11.643764672260001
4,876,11.643764672260001
4,877,11.643718239115
4,878,11.64149532909
4,879,11.64149532909
4,880,11.6414953212075
4,881,11.6414953165525
4,882,11.6414952949475
4,883,11.64099764328
4,884,11.64099221378
4,885,11.6381860848575
4,886,11.63473492304
4,887,11.63463660106
4,888,11.6328688102425
4,889,11.6328688102425
4,890,11.6326069903775
4,891,11.6326069903775
4,892,11.6321994488025
4,893,11.6321994488025
4,894,11.632125661535
4,895,11.632125661535
4,896,11.63141773289
4,897,11.631158546890001
4,898,11.630777945957501
4,899,11.6175628103175
4,900,11.6173621205525
4,901,11.617362120527499
4,902,11.6173114836925
4,903,11.616935422305001
4,904,11.616935422305001
4,905,11.616935420612501
4,906,11.616860886729999
4,907,11.616860886729999
4,908,11.614393252125002
4,909,11.6142927873675
4,910,11.613571893955001
4,911,11.61327593945
4,912,11.612654624520001
4,913,11.612654623615
4,914,11.612654623615
4,915,11.6124501987
4,916,11.5973019603325
4,917,11.5973019603325
4,918,11.5972721050025
4,919,11.59725795868
4,920,11.595837343674999
4,921,11.59577828629
4,922,11.59215585559
4,923,11.5913060441225
4,924,11.5911312819375
4,925,11.5909974998325
4,926,11.5825243845625
4,927,11.5825073387925
4,928,11.580981881905
4,929,11.5809818810825
4,930,11.580655221635
4,931,11.5803948735725
4,932,11.579965753585
4,933,11.5797775102975
4,934,11.5797775102975
4,935,11.5795983603575
4,936,11.579116596905
4,937,11.578889617645
4,938,11.5786984551425
4,939,11.578698454042499
4,940,11.5785908619075
4,941,11.5785908619075
4,942,11.5759191284275
4,943,11.575830989885
4,944,11.572762144175
4,945,11.572209547922501
4,946,11.572209547922501
4,947,11.571907362180001
4,948,11.5718544864975
4,949,11.5718544864975
4,950,11.5717638122425
4,951,11.5709591147625
4,952,11.5709591145225
4,953,11.5704552832575
4,954,11.5704552832575
4,955,11.570455283255
4,956,11.570445306885
4,957,11.570445306885
4,958,11.568993978245
4,959,11.568949663285
4,960,11.5689496632775
4,961,11.568268424325
4,962,11.5682684241425
4,963,11.5675520435525
4,964,11.5675520435525
4,965,11.5673033561
4,966,11.5673033561
4,967,11.5667815560125
4,968,11.56463969747
4,969,11.564515969915
4,970,11.564511864865
4,971,11.56450195275
4,972,11.56450195275
4,973,11.562642751445
4,974,11.56262998296
4,975,11.5623612277125
4,976,11.5623612277125
4,977,11.5623393645025
4,978,11.56233819773
4,979,11.56217020713
4,980,11.5620861884675
4,981,11.5620860973625
4,982,11.561635628645
4,983,11.5616242496925
4,984,11.561546538555
4,985,11.56085422881
4,986,11.5605973208975
4,987,11.560497196185
4,988,11.560497196185
4,989,11.560497196185
4,990,11.558313627385001
4,991,11.5188301584725
4,992,11.500730147985
4,993,11.500730147985
4,994,11.5000002232775
4,995,11.499494654825
4,996,11.499494654825
4,997,11.4251463348425
4,998,11.42436194918
4,999,11.423307700225
4,1000,11.4226848152675
5,1,102.80638443493748
5,2,88.8168483747125
5,3,85.98856306009
5,4,82.36042958998999
5,5,79.30008815279
5,6,76.7558876407175
5,7,74.2137367424175
5,8,72.20968702219
5,9,66.0046964910625
5,10,62.266226303067505
5,11,57.576787429695
5,12,52.773378817312505
5,13,51.58559862803249
5,14,49.444907882135
5,15,48.7490201262325
5,16,47.5577416389825
5,17,46.0145605436625
5,18,43.373528746995
5,19,40.3234363181425
5,20,38.5236651221475
5,21,36.19672022823
5,22,34.5896377925775
5,23,32.6079973848075
5,24,31.086474575245
5,25,29.481352804367496
5,26,27.001818998494997
5,27,25.3866000773075
5,28,23.856648700055
5,29,23.5943016099225
5,30,23.2692039705275
5,31,22.798565508135
5,32,22.478295966490002
5,33,20.9007689385025
5,34,20.4460774631375
5,35,19.917274552595
5,36,19.557544866755002
5,37,18.112075080317503
5,38,17.443555625365
5,39,16.9609473668275
5,40,16.72042685461
5,41,15.634650834835
5,42,14.702790870717502
5,43,14.188130394495
5,44,14.0313065478325
5,45,13.527534648964998
5,46,13.180385537237502
5,47,13.036229238070002
5,48,12.88461723479
5,49,12.3607523233525
5,50,11.8850106846575
5,51,11.5346332351825
5,52,11.225346925597501
5,53,10.826268994405
5,54,10.3918655934075
5,55,10.36919200288
5,56,10.17863286045
5,57,9.464958006795
5,58,9.3232176720275
5,59,8.969109309597501
5,60,8.7969784644575
5,61,8.66873796921
5,62,8.469464607415
5,63,8.469464607415
5,64,8.4413028088225
5,65,8.2488149933625
5,66,8.0550874004375
5,67,7.4183455820575
5,68,7.1241497739425
5,69,6.808515231094999
5,70,6.511657473095001
5,71,6.477244799947501
5,72,6.477244799947501
5,73,6.4336092565825
5,74,6.335561973187501
5,75,6.2859131267975
5,76,6.2859131267975
5,77,6.015414488759999
5,78,5.9678127084325
5,79,5.655020050645
5,80,5.5553348395299995
5,81,5.460321662115
5,82,5.384974384695
5,83,5.3082823758324995
5,84,5.0899561164525
5,85,5.0817360414625
5,86,4.9900514563875
5,87,4.984428510285
5,88,4.964111702645
5,89,4.9351748960499995
5,90,4.845668528565
5,91,4.804418707562499
5,92,4.7564377304250005
5,93,4.645750338605
5,94,4.5639550684225
5,95,4.444630027640001
5,96,4.3887206046725
5,97,4.2010558919925005
5,98,4.1828949875775
5,99,4.1271376831375
5,100,4.0830758047075
5,101,4.0170421998225
5,102,3.9503905773474997
5,103,3.9307463895300003
5,104,3.9307463895300003
5,105,3.8930197103400004
5,106,3.8564581958125004
5,107,3.679954335485
5,108,3.6598226861125
5,109,3.4153784682
5,110,3.4014595226799997
5,111,3.3646261004599998
5,112,3.3646261004599998
5,113,3.3251712685375
5,114,3.28920599736
5,115,3.24632215301
5,116,3.24632215301
5,117,3.22623807943
5,118,3.1814974908825002
5,119,3.1419401526475
5,120,3.1419401526475
5,121,3.1366406691025
5,122,3.1366406691025
5,123,3.1117943312625003
5,124,3.046913340055
5,125,3.033875309795
5,126,3.033875309795
5,127,3.02706542537
5,128,3.0075962781275
5,129,3.0075962781275
5,130,2.95609938662
5,131,2.947017974525
5,132,2.9193592205425
5,133,2.9193592205425
5,134,2.89345204204
5,135,2.89345204204
5,136,2.88760687768
5,137,2.6243336442925
5,138,2.6243336442925
5,139,2.61095123926
5,140,2.61095123926
5,141,2.61095123926
5,142,2.61095123926
5,143,2.5748496642925
5,144,2.5748496642925
5,145,2.5748496642925
5,146,2.573552873895
5,147,2.573552873895
5,148,2.571086672865
5,149,2.5666959688125
5,150,2.47976107052
5,151,2.4606719073775
5,152,2.4606719073775
5,153,2.45307035891
5,154,2.45307035891
5,155,2.45307035891
5,156,2.3856676377125
5,157,2.377952064695
5,158,2.377952064695
5,159,2.367217684745
5,160,2.367217684745
5,161,2.3204044985075
5,162,2.3204044985075
5,163,2.3204044985075
5,164,2.3138700257725
5,165,2.30102581849
5,166,2.30102581849
5,167,2.30102581849
5,168,2.2825401100825
5,169,2.2825401100825
5,170,2.2825401100825
5,171,2.2825401100825
5,172,2.2825401100825
5,173,2.2709598620125
5,174,2.2709598620125
5,175,2.2709598620125
5,176,2.2639926927825003
5,177,2.2639926927825003
5,178,2.2639926927825003
5,179,2.2166605711175
5,180,2.2166605711175
5,181,2.1879609362975
5,182,2.16136334679
5,183,2.16136334679
5,184,2.16136334679
5,185,2.1369547533975
5,186,2.1369547533975
5,187,2.1369547533975
5,188,2.1369547533975
5,189,2.0968047944825
5,190,2.0968047944825
5,191,2.0727337436949997
5,192,2.0721146026775
5,193,2.0721146026775
5,194,2.0443881139075
5,195,2.0443881139075
5,196,2.0443881139075
5,197,2.04430086074
5,198,2.0278895040775
5,199,2.0236770875325
5,200,2.0236770875325
5,201,2.0173824708974997
5,202,2.0163677008675
5,203,1.99993289959
5,204,1.99993289959
5,205,1.9868254778975
5,206,1.9758274354325
5,207,1.9701177820599998
5,208,1.9701177820599998
5,209,1.9701177820599998
5,210,1.9700455739749998
5,211,1.9693652859225002
5,212,1.9676522016675002
5,213,1.9651618408224998
5,214,1.9651618408224998
5,215,1.9651618408224998
5,216,1.9651618408224998
5,217,1.9508287986175
5,218,1.9508287986175
5,219,1.9508287986175
5,220,1.9369845494625
5,221,1.9313116946325
5,222,1.9302491091699998
5,223,1.926729655275
5,224,1.926729655275
5,225,1.9187204128399997
5,226,1.9182132102025
5,227,1.9182132102025
5,228,1.90494394257
5,229,1.9004745805875
5,230,1.8905846455875
5,231,1.8905846455875
5,232,1.8792525333225
5,233,1.8792525333225
5,234,1.8792525333225
5,235,1.8752151141349997
5,236,1.8744287144674998
5,237,1.8698161392125
5,238,1.86901821383
5,239,1.85214418854
5,240,1.85214418854
5,241,1.80810336854
5,242,1.7983030353425
5,243,1.79200602545
5,244,1.79188054776
5,245,1.79188054776
5,246,1.7879268189424997
5,247,1.7879268189424997
5,248,1.7879268189424997
5,249,1.7865463992325001
5,250,1.7865463992325001
5,251,1.7681431411725002
5,252,1.76233128967
5,253,1.76233128967
5,254,1.7547136920099997
5,255,1.73863670606
5,256,1.73863670606
5,257,1.7196112930649998
5,258,1.7156454739725
5,259,1.7156454739725
5,260,1.7156454739725
5,261,1.7156454739725
5,262,1.7093500505525
5,263,1.7093500505525
5,264,1.70930003595
5,265,1.680276114735
5,266,1.680276114735
5,267,1.648041839475
5,268,1.648041839475
5,269,1.64679713221
5,270,1.64679713221
5,271,1.64679713221
5,272,1.64679713221
5,273,1.6069626871725
5,274,1.6069626871725
5,275,1.5696431083050002
5,276,1.56313011825
5,277,1.549565154445
5,278,1.5431499288050001
5,279,1.5409316306725
5,280,1.5409316306725
5,281,1.53977018215
5,282,1.53977018215
5,283,1.5239588665425
5,284,1.519415153485
5,285,1.519415153485
5,286,1.5183120624325
5,287,1.49426773369
5,288,1.49426773369
5,289,1.4923638339475
5,290,1.451315802675
5,291,1.44532676886
5,292,1.4289832382275
5,293,1.383355857815
5,294,1.377770414695
5,295,1.377770414695
5,296,1.353569088615
5,297,1.3535516069425
5,298,1.34746222803
5,299,1.3406736251525
5,300,1.3288838942849999
5,301,1.3288838942849999
5,302,1.3288838942849999
5,303,1.3261854052925
5,304,1.32010823528
5,305,1.2939292566325
5,306,1.2566045158499999
5,307,1.2537200795749999
5,308,1.2537200795749999
5,309,1.25201902352
5,310,1.25020432613
5,311,1.2458944705800001
5,312,1.2458944705800001
5,313,1.23803095284
5,314,1.2100083325525
5,315,1.2034557550425
5,316,1.1992524864924998
5,317,1.1992524864924998
5,318,1.192662874915
5,319,1.1856772267925
5,320,1.1856772267925
5,321,1.17332400613
5,322,1.1647703496925002
5,323,1.1582151418625
5,324,1.1477852302825
5,325,1.1477852302825
5,326,1.1476434049475
5,327,1.1476434049475
5,328,1.1476434049475
5,329,1.1476434049475
5,330,1.1365415949675
5,331,1.1365415949675
5,332,1.1110705453525
5,333,1.1110705453525
5,334,1.1110705453525
5,335,1.1095103152249999
5,336,1.1083777531124999
5,337,1.095942820765
5,338,1.087119350235
5,339,1.087119350235
5,340,1.087119350235
5,341,1.0859880646125
5,342,1.0859880646125
5,343,1.0859880646125
5,344,1.0746872169150001
5,345,1.068057727335
5,346,1.065610775255
5,347,1.06378079436
5,348,1.0637436801025
5,349,1.0456705547075
5,350,1.0456705547075
5,351,1.03956187791
5,352,1.03956187791
5,353,1.0395240000750001
5,354,1.035022138135
5,355,1.0237246510775
5,356,0.987999066355
5,357,0.987999066355
5,358,0.987999066355
5,359,0.987999066355
5,360,0.987999066355
5,361,0.9869094145325
5,362,0.9840305982249999
5,363,0.982345186795
5,364,0.9816228372425
5,365,0.9816228372425
5,366,0.9816228372425
5,367,0.97380474695
5,368,0.97380474695
5,369,0.9711437382349999
5,370,0.9641551055099999
5,371,0.9488409798899999
5,372,0.9481845495675
5,373,0.9481845495675
5,374,0.9481845495675
5,375,0.9450397108349999
5,376,0.9302417134625
5,377,0.928506531385
5,378,0.9263713535000001
5,379,0.9178351108799999
5,380,0.9178351108799999
5,381,0.8995471884275
5,382,0.8951820130725
5,383,0.8882016211374999
5,384,0.8856509641700001
5,385,0.883795436695
5,386,0.8806123945175
5,387,0.86280454663
5,388,0.8610578093775001
5,389,0.8610578093775001
5,390,0.8610578093775001
5,391,0.8526224804150001
5,392,0.8526224804150001
5,393,0.8526224804150001
5,394,0.8505810204575
5,395,0.8505810204575
5,396,0.8455777785024999
5,397,0.8455777785024999
5,398,0.8316583632124999
5,399,0.8306495719925
5,400,0.8253087738049999
5,401,0.8253087738049999
5,402,0.82476489398
5,403,0.7918432251025
5,404,0.7918432251025
5,405,0.7918432251025
5,406,0.7876427525349999
5,407,0.7876427525349999
5,408,0.7876427525349999
5,409,0.7876427525349999
5,410,0.780716910585
5,411,0.7691036145475
5,412,0.7691036145475
5,413,0.7554723591425
5,414,0.7554723591425
5,415,0.7541610062649999
5,416,0.7519674741125
5,417,0.7519674741125
5,418,0.7519674741125
5,419,0.749715733
5,420,0.749715733
5,421,0.7487303900925
5,422,0.73537756846
5,423,0.7353312378875
5,424,0.7353312378875
5,425,0.7353312378875
5,426,0.694917246555
5,427,0.694917246555
5,428,0.674608967955
5,429,0.6735055601575
5,430,0.6735055601575
5,431,0.66810078004
5,432,0.66810078004
5,433,0.6615675694275
5,434,0.6615675694275
5,435,0.6561923368675
5,436,0.6535197758375
5,437,0.63333752712
5,438,0.6312244194225001
5,439,0.6312244194225001
5,440,0.6312244194225001
5,441,0.6312244194225001
5,442,0.6263526852225
5,443,0.626323658935
5,444,0.6215517775275
5,445,0.6215517775275
5,446,0.6215517775275
5,447,0.6157617521925001
5,448,0.6157617521925001
5,449,0.615005860835
5,450,0.6037919053049999
5,451,0.6037919053049999
5,452,0.5929429718625
5,453,0.5929429718625
5,454,0.5929429718625
5,455,0.5870700032575
5,456,0.5870700032575
5,457,0.5778418220874999
5,458,0.5778418220874999
5,459,0.5778418220874999
5,460,0.574817445545
5,461,0.574817445545
5,462,0.56003512516
5,463,0.56003512516
5,464,0.5566858362175
5,465,0.5406591909399999
5,466,0.535948151365
5,467,0.535948151365
5,468,0.5310127020550001
5,469,0.5310046037125
5,470,0.5310046037125
5,471,0.5286019540675
5,472,0.52433484453
5,473,0.52433484453
5,474,0.52433484453
5,475,0.52433484453
5,476,0.5027136011275
5,477,0.5019611420775
5,478,0.501195986875
5,479,0.501195986875
5,480,0.501195986875
5,481,0.501195986875
5,482,0.49522925537499995
5,483,0.49522925537499995
5,484,0.48931354879499994
5,485,0.4846823603175
5,486,0.482477008735
5,487,0.482477008735
5,488,0.482477008735
5,489,0.482477008735
5,490,0.47884840705
5,491,0.47884840705
5,492,0.47884840705
5,493,0.47884840705
5,494,0.47884840705
5,495,0.47884840705
5,496,0.47884840705
5,497,0.47587292258499997
5,498,0.47587292258499997
5,499,0.47501684062000005
5,500,0.47224101079749997
5,501,0.46563556413749996
5,502,0.46560417246999997
5,503,0.46268393490750004
5,504,0.46268393490750004
5,505,0.4596591871625
5,506,0.4395984278625
5,507,0.4395984278625
5,508,0.4395984278625
5,509,0.4395984278625
5,510,0.4395984278625
5,511,0.4395984278625
5,512,0.43542573192
5,513,0.41395815514
5,514,0.41395815514
5,515,0.41395815514
5,516,0.41340742465
5,517,0.41340742465
5,518,0.41135729899000006
5,519,0.41135729899000006
5,520,0.41135729899000006
5,521,0.41135729899000006
5,522,0.41135729899000006
5,523,0.41135729899000006
5,524,0.41135729899000006
5,525,0.41135729899000006
5,526,0.41135729899000006
5,527,0.40156720779
5,528,0.3907748561625
5,529,0.38583349096749997
5,530,0.374658489785
5,531,0.36305379295
5,532,0.36305379295
5,533,0.36305379295
5,534,0.36305379295
5,535,0.36305379295
5,536,0.36305379295
5,537,0.35180346940499996
5,538,0.35180346940499996
5,539,0.35180346940499996
5,540,0.35180346940499996
5,541,0.35180346940499996
5,542,0.35180346940499996
5,543,0.35180346940499996
5,544,0.35180346940499996
5,545,0.35180346940499996
5,546,0.35180346940499996
5,547,0.34058174134749997
5,548,0.34058174134749997
5,549,0.34058174134749997
5,550,0.34058174134749997
5,551,0.34058174134749997
5,552,0.3398780671375
5,553,0.31127270994
5,554,0.31109599864500004
5,555,0.31109599864500004
5,556,0.31109599864500004
5,557,0.29985872946750003
5,558,0.29985872946750003
5,559,0.29985872946750003
5,560,0.2991578999075
5,561,0.2991578999075
5,562,0.2917569566075
5,563,0.2917569566075
5,564,0.2917569566075
5,565,0.2637004685825
5,566,0.2637004685825
5,567,0.21852277338
5,568,0.21852277338
5,569,0.2049499327875
5,570,0.2049499327875
5,571,0.19901532343
5,572,0.19183793836000002
5,573,0.19183793836000002
5,574,0.18204687718999998
5,575,0.18204687718999998
5,576,0.18204687718999998
5,577,0.18204687718999998
5,578,0.18204687718999998
5,579,0.16834653189749998
5,580,0.16834653189749998
5,581,0.16834653189749998
5,582,0.1549968058825
5,583,0.1549968058825
5,584,0.1549968058825
5,585,0.1549968058825
5,586,0.1549968058825
5,587,0.1549968058825
5,588,0.13687557929
5,589,0.13272053614499998
5,590,0.13272053614499998
5,591,0.13272053614499998
5,592,0.1281318997925
5,593,0.1281318997925
5,594,0.1281318997925
5,595,0.1281318997925
5,596,0.12654016418
5,597,0.123203337705
5,598,0.123203337705
5,599,0.10699782764750002
5,600,0.10699782764750002
5,601,0.10699782764750002
5,602,0.1049304829825
5,603,0.1049304829825
5,604,0.10274748469249999
5,605,0.10274748469249999
5,606,0.10274748469249999
5,607,0.10274748469249999
5,608,0.10274748469249999
5,609,0.10274748469249999
5,610,0.10274748469249999
5,611,0.10274748469249999
5,612,0.10274748469249999
5,613,0.09445630589000001
5,614,0.09445630589000001
5,615,0.09445630589000001
5,616,0.09445630589000001
5,617,0.09445630589000001
5,618,0.0851351834775
5,619,0.0851351834775
5,620,0.0851351834775
5,621,0.0851351834775
5,622,0.0839582772425
5,623,0.0797753699975
5,624,0.07963054748000001
5,625,0.07963054748000001
5,626,0.07963054748000001
5,627,0.07963054748000001
5,628,0.07963054748000001
5,629,0.07963054748000001
5,630,0.07963054748000001
5,631,0.078411665585
5,632,0.078411665585
5,633,0.0773230319125
5,634,0.0773230319125
5,635,0.0773230319125
5,636,0.0773230319125
5,637,0.0773230319125
5,638,0.0773230319125
5,639,0.0773230319125
5,640,0.0773230319125
5,641,0.0773230319125
5,642,0.0773230319125
5,643,0.0773230319125
5,644,0.0773230319125
5,645,0.0773230319125
5,646,0.0773230319125
5,647,0.0773230319125
5,648,0.0773230319125
5,649,0.0773230319125
5,650,0.0773230319125
5,651,0.0773230319125
5,652,0.0773230319125
5,653,0.0773230319125
5,654,0.0773230319125
5,655,0.07653366207750001
5,656,0.07653366207750001
5,657,0.072901139915
5,658,0.072901139915
5,659,0.072901139915
5,660,0.07053217621249999
5,661,0.07053217621249999
5,662,0.07053217621249999
5,663,0.07053217621249999
5,664,0.07053217621249999
5,665,0.07053217621249999
5,666,0.07053217621249999
5,667,0.07053217621249999
5,668,0.07053217621249999
5,669,0.07053217621249999
5,670,0.07053217621249999
5,671,0.07053217621249999
5,672,0.07053217621249999
5,673,0.07053217621249999
5,674,0.07053217621249999
5,675,0.07053217621249999
5,676,0.07053217621249999
5,677,0.07053217621249999
5,678,0.07053217621249999
5,679,0.07053217621249999
5,680,0.07053217621249999
5,681,0.07053217621249999
5,682,0.07053217621249999
5,683,0.070487121155
5,684,0.070487121155
5,685,0.070487121155
5,686,0.070487121155
5,687,0.070487121155
5,688,0.070487121155
5,689,0.070487121155
5,690,0.070487121155
5,691,0.070487121155
5,692,0.06840761200249999
5,693,0.06840761200249999
5,694,0.06832164068999999
5,695,0.06832164068999999
5,696,0.06832164068999999
5,697,0.06832164068999999
5,698,0.06832164068999999
5,699,0.06832164068999999
5,700,0.06825625740499999
5,701,0.06806809614249999
5,702,0.06806809614249999
5,703,0.06806809614249999
5,704,0.06806809614249999
5,705,0.06775822313499999
5,706,0.06775822313499999
5,707,0.06775822313499999
5,708,0.067431057275
5,709,0.067431057275
5,710,0.067431057275
5,711,0.067431057275
5,712,0.067431057275
5,713,0.067431057275
5,714,0.067431057275
5,715,0.06686617105
5,716,0.06647310615999999
5,717,0.06647310615999999
5,718,0.06647310615999999
5,719,0.06647310615999999
5,720,0.06647310615999999
5,721,0.06549973988999999
5,722,0.06549973988999999
5,723,0.06512234351749999
5,724,0.05776538544
5,725,0.05776538544
5,726,0.05776538544
5,727,0.05776538544
5,728,0.05776538544
5,729,0.056939375199999996
5,730,0.056939375199999996
5,731,0.056939375199999996
5,732,0.056939375199999996
5,733,0.056939375199999996
5,734,0.056939375199999996
5,735,0.056939375199999996
5,736,0.056939375199999996
5,737,0.056939375199999996
5,738,0.056559152767499996
5,739,0.056513040169999994
5,740,0.056513040169999994
5,741,0.05637343287
5,742,0.05532402035749999
5,743,0.05532402035749999
5,744,0.05532402035749999
5,745,0.05532402035749999
5,746,0.054626887915
5,747,0.054626887915
5,748,0.05257270186
5,749,0.05257270186
5,750,0.05257270186
5,751,0.05257270186
5,752,0.05257270186
5,753,0.05257270186
5,754,0.05257270186
5,755,0.05257270186
5,756,0.0522946481525
5,757,0.0522946481525
5,758,0.0522946481525
5,759,0.0522946481525
5,760,0.049628900394999995
5,761,0.049628900394999995
5,762,0.049628900394999995
5,763,0.0494458060525
5,764,0.0445232901625
5,765,0.0445232901625
5,766,0.0445232901625
5,767,0.0445232901625
5,768,0.0445232901625
5,769,0.0445232901625
5,770,0.0445232901625
5,771,0.0445232901625
5,772,0.0445232901625
5,773,0.0445232901625
5,774,0.043088209764999996
5,775,0.042759399322499995
5,776,0.042759399322499995
5,777,0.038646455345
5,778,0.038646455345
5,779,0.038646455345
5,780,0.038646455345
5,781,0.038646455345
5,782,0.038646455345
5,783,0.038646455345
5,784,0.038646455345
5,785,0.0297947446625
5,786,0.0297947446625
5,787,0.0297812209725
5,788,0.0297812209725
5,789,0.0297812209725
5,790,0.0297812209725
5,791,0.029777225270000002
5,792,0.029777225270000002
5,793,0.029777225270000002
5,794,0.029777225270000002
5,795,0.029777225270000002
5,796,0.029777225270000002
5,797,0.029777225270000002
5,798,0.029777225270000002
5,799,0.0253641404925
5,800,0.0253641404925
5,801,0.0253641404925
5,802,0.0253641404925
5,803,0.0253641404925
5,804,0.0253641404925
5,805,0.0253641404925
5,806,0.0253641404925
5,807,0.022503100739999997
5,808,0.022503100739999997
5,809,0.022503100739999997
5,810,0.022503100739999997
5,811,0.022503100739999997
5,812,0.022503100739999997
5,813,0.022503100739999997
5,814,0.017778989025
5,815,0.017778989025
5,816,0.017778989025
5,817,0.0117114134975
5,818,0.0117114134975
5,819,0.0117114134975
5,820,0.0117114134975
5,821,0.0117114134975
5,822,0.0117114134975
5,823,0.0117114134975
5,824,0.0117114134975
5,825,0.01106815423
5,826,0.01106815423
5,827,0.01106815423
5,828,0.01106815423
5,829,0.01106815423
5,830,0.01106815423
5,831,0.01106815423
5,832,0.01106815423
5,833,0.01106815423
5,834,0.01106815423
5,835,0.01106815423
5,836,0.009006766135
5,837,0.0086499649225
5,838,0.0086499649225
5,839,0.0025736590425
5,840,0.0025736590425
5,841,0.0025736590425
5,842,0.0025736590425
5,843,0.0025736590425
5,844,0.0025736590425
5,845,0.00257169188
5,846,0.00257169188
5,847,0.001286040385
5,848,0.001286040385
5,849,0.001286040385
5,850,0.001286040385
5,851,0.001286040385
5,852,0.001286040385
5,853,0.001286040385
5,854,0.001013546045
5,855,0.001013546045
5,856,0.0008329448475
5,857,0.0008180996025
5,858,0.0008180996025
5,859,0.0007355407274999999
5,860,0.0006966721875
5,861,0.0006966721875
5,862,0.0006966721875
5,863,0.0006966721875
5,864,0.0006966721875
5,865,0.000299730775
5,866,0.000299730775
5,867,0.000299730775
5,868,0.000299730775
5,869,0.0002135269175
5,870,0.0002135269175
5,871,0.0002135269175
5,872,0.0002135269175
5,873,0.0002135269175
5,874,0.0002135269175
5,875,0.0002135269175
5,876,0.000179954095
5,877,0.000179954095
5,878,0.000179954095
5,879,0.000179954095
5,880,0.000179954095
5,881,0.000179954095
5,882,0.000179954095
5,883,0.000179954095
5,884,0.000179954095
5,885,0.000179954095
5,886,0.000179954095
5,887,0.000179954095
5,888,0.000179954095
5,889,0.000179954095
5,890,0.000179954095
5,891,0.000179954095
5,892,0.000179954095
5,893,0.000179954095
5,894,0.000179954095
5,895,0.000179954095
5,896,0.000179954095
5,897,0.000179954095
5,898,3.7317267500000004e-05
5,899,3.7317267500000004e-05
5,900,3.7317267500000004e-05
5,901,3.7317267500000004e-05
5,902,3.7317267500000004e-05
5,903,3.7317267500000004e-05
5,904,3.7317267500000004e-05
5,905,3.7317267500000004e-05
5,906,3.7317267500000004e-05
5,907,3.7317267500000004e-05
5,908,3.7317267500000004e-05
5,909,3.7317267500000004e-05
5,910,1.6785754999999998e-05
5,911,1.3824797499999998e-05
5,912,1.3824797499999998e-05
5,913,1.3824797499999998e-05
5,914,1.3824797499999998e-05
5,915,1.3824797499999998e-05
5,916,5.346755e-06
5,917,5.346755e-06
5,918,5.346755e-06
5,919,2.7652025e-06
5,920,2.7652025e-06
5,921,2.7652025e-06
5,922,2.7652025e-06
5,923,2.7652025e-06
5,924,2.7652025e-06
5,925,2.7652025e-06
5,926,2.7652025e-06
5,927,2.7652025e-06
5,928,2.7652025e-06
5,929,2.7652025e-06
5,930,2.7652025e-06
5,931,2.7652025e-06
5,932,2.7652025e-06
5,933,2.7652025e-06
5,934,2.7652025e-06
5,935,2.7652025e-06
5,936,1.8714575e-06
5,937,1.8714575e-06
5,938,0.0
5,939,0.0
5,940,0.0
5,941,0.0
5,942,0.0
5,943,0.0
5,944,0.0
5,945,0.0
5,946,0.0
5,947,0.0
5,948,0.0
5,949,0.0
5,950,0.0
5,951,0.0
5,952,0.0
5,953,0.0
5,954,0.0
5,955,0.0
5,956,0.0
5,957,0.0
5,958,0.0
5,959,0.0
5,960,0.0
5,961,0.0
5,962,0.0
5,963,0.0
5,964,0.0
5,965,0.0
5,966,0.0
5,967,0.0
5,968,0.0
5,969,0.0
5,970,0.0
5,971,0.0
5,972,0.0
5,973,0.0
5,974,0.0
5,975,0.0
5,976,0.0
5,977,0.0
5,978,0.0
5,979,0.0
5,980,0.0
5,981,0.0
5,982,0.0
5,983,0.0
5,984,0.0
5,985,0.0
5,986,0.0
5,987,0.0
5,988,0.0
5,989,0.0
5,990,0.0
5,991,0.0
5,992,0.0
5,993,0.0
5,994,0.0
5,995,0.0
5,996,0.0
5,997,0.0
5,998,0.0
5,999,0.0
5,1000,0.0
6,1,295899.0153897534
6,2,177848.56556910562
6,3,149212.1710036209
6,4,125262.62337407384
6,5,103289.49134356886
6,6,96697.2615820556
6,7,82541.79243436623
6,8,78029.40444622585
6,9,67507.47477623665
6,10,61829.11244950849
6,11,57729.910130576776
6,12,49170.14190594083
6,13,36792.277227117986
6,14,31721.159966074272
6,15,31357.88421282447
6,16,31050.280805074894
6,17,27628.3773327107
6,18,24876.29802552395
6,19,21817.866623467395
6,20,21372.424156115347
6,21,20698.228353499184
6,22,17669.076018219057
6,23,17492.69754400087
6,24,15569.75473135098
6,25,14827.942668085112
6,26,12878.668568994797
6,27,11848.46530113607
6,28,9241.77611260294
6,29,8009.325398802185
6,30,7707.027491320443
6,31,6237.775282176238
6,32,6106.11086314112
6,33,5618.7445042866575
6,34,5282.855059612983
6,35,4612.05508247513
6,36,4389.7578938620745
6,37,3914.273996516515
6,38,3322.8687871646725
6,39,3322.8687871646725
6,40,3142.6879005316523
6,41,2985.703111823382
6,42,2972.7117097094
6,43,2543.9764119336423
6,44,2007.45817059449
6,45,1994.7999402861049
6,46,1727.087262071755
6,47,1565.343264000335
6,48,1521.7862107636552
6,49,1185.8169056757474
6,50,1120.6099321045251
6,51,496.20856887719253
6,52,496.20856887719253
6,53,494.79308953772
6,54,383.03911086530746
6,55,383.03911086530746
6,56,334.521437655015
6,57,333.2051634527975
6,58,181.59409382334
6,59,181.402471023495
6,60,181.402471023495
6,61,180.15295249645501
6,62,178.9191282331575
6,63,170.9107302140875
6,64,134.4011670171525
6,65,134.32314811052248
6,66,134.32314811052248
6,67,134.32314811052248
6,68,132.0463475873375
6,69,131.7775347211425
6,70,119.4063013464425
6,71,119.4063013464425
6,72,87.731715624885
6,73,39.124713663375005
6,74,37.7414192115775
6,75,37.3497631249625
6,76,37.34976312333
6,77,36.875407268547505
6,78,36.875407268547505
6,79,35.02307868767
6,80,34.861462923480005
6,81,34.239913890115005
6,82,34.2399138854975
6,83,34.2399138854975
6,84,32.5893549054
6,85,32.5893549054
6,86,32.5893549054
6,87,32.3659541764775
6,88,32.3659541748975
6,89,32.0010431112075
6,90,31.7798798483825
6,91,31.550581640464998
6,92,30.729797713750003
6,93,29.7840790910075
6,94,29.0604678831475
6,95,28.894830592007498
6,96,28.4669430807175
6,97,27.95043855801
6,98,27.806941597029997
6,99,27.7992792503775
6,100,26.609988669335003
6,101,25.9455068289375
6,102,25.861007051732496
6,103,25.4982885112225
6,104,25.4982885112225
6,105,24.842259993557498
6,106,24.69048966991
6,107,24.2438491492825
6,108,23.9433496846375
6,109,23.562516435347497
6,110,23.0709430965075
6,111,21.7372231481175
6,112,21.16586539789
6,113,21.0363861948425
6,114,21.0136015217175
6,115,20.908733199165
6,116,20.78495920757
6,117,20.4381461464275
6,118,20.438146127870002
6,119,20.327962385265
6,120,20.1574880576225
6,121,19.717534578905
6,122,19.50352971469
6,123,19.262682167482502
6,124,19.173563518835
6,125,19.1566700042875
6,126,19.0793281621325
6,127,18.54839494611
6,128,18.444016019067497
6,129,18.266540998434998
6,130,18.03025136421
6,131,17.510150000225
6,132,17.1395669313975
6,133,17.1395669313975
6,134,17.0923607078325
6,135,16.414255222915
6,136,16.3760737583275
6,137,16.1742542031
6,138,15.937944598835
6,139,15.937944597982499
6,140,15.5564933841025
6,141,15.0273174455
6,142,14.8068255983225
6,143,14.806825581410001
6,144,14.577664564542498
6,145,14.4860915007925
6,146,14.3133415450975
6,147,13.413689651647498
6,148,13.360730758125001
6,149,13.151264180647498
6,150,13.13906059478
6,151,12.980408011827501
6,152,12.896204177265
6,153,12.7257773732
6,154,12.725777355015001
6,155,12.54016931498
6,156,12.0807423118475
6,157,12.0807423118475
6,158,11.842598317295
6,159,11.45011293801
6,160,11.4474896793375
6,161,11.0733738137525
6,162,11.07337380978
6,163,11.06445938544
6,164,11.0644593175025
6,165,9.959292956190001
6,166,9.959292936772501
6,167,9.959292843115
6,168,9.935979993790001
6,169,9.928140722345
6,170,9.8521552702425
6,171,9.28912100226
6,172,9.2891209546375
6,173,9.2891208821175
6,174,9.207416125650001
6,175,9.0908268025325
6,176,9.0908266296475
6,177,8.476415358855
6,178,8.4764153430475
6,179,8.4741808627025
6,180,8.4640652214275
6,181,8.3592131710075
6,182,8.2689320211575
6,183,8.10748578857
6,184,7.739490283792501
6,185,7.7304511631474995
6,186,7.7095416028175
6,187,7.709541601902499
6,188,7.57291287686
6,189,7.411191595695
6,190,7.409471054695
6,191,7.390348507244999
6,192,7.1797389017775
6,193,6.84226500633
6,194,6.7794754441950005
6,195,6.690841093737499
6,196,6.6908410770975
6,197,6.690841066965
6,198,6.690841065325
6,199,6.6908410643375005
6,200,6.690841063012501
6,201,6.6203660969475
6,202,6.6203660806475
6,203,6.6203659661900005
6,204,6.612315699807501
6,205,6.5742905915975
6,206,6.52838006164
6,207,6.0601918730975
6,208,6.060191843555
6,209,6.060191744395
6,210,6.0601917396475
6,211,6.0601917387299995
6,212,6.06019165794
6,213,5.5585675117675
6,214,5.5503549043325
6,215,5.5503548149025
6,216,5.5375218388850005
6,217,5.5375218386225
6,218,5.537521737335
6,219,5.2530385033275
6,220,5.2530384172325
6,221,5.136666735992501
6,222,5.1366667273525
6,223,5.1366667257300005
6,224,5.1366667082075
6,225,4.7955118175075
6,226,4.57129190335
6,227,4.57129181278
6,228,4.5609441004099995
6,229,4.5609440996099995
6,230,4.5609440006275
6,231,4.1900981508
6,232,4.1900980842425
6,233,4.175532727715
6,234,4.1535565766725
6,235,4.1535565756274995
6,236,4.1302125359875
6,237,3.9153383788575
6,238,3.915338325375
6,239,3.8913670611625
6,240,3.8913670519825003
6,241,3.891367051795
6,242,3.8871083765725003
6,243,3.6272061842625
6,244,3.6272061481100004
6,245,3.6272060438175004
6,246,3.627206034065
6,247,3.6272060328375
6,248,3.5731782674125
6,249,3.3647280174975003
6,250,3.3535552715575
6,251,3.35355523976
6,252,3.3535552365175
6,253,3.2263472641725004
6,254,3.226347174425
6,255,3.14906917797
6,256,3.1490691653325
6,257,3.149069018335
6,258,3.149069003265
6,259,3.14906900138
6,260,3.14906888933
6,261,2.9972594412075
6,262,2.997259402925
6,263,2.9972593106875
6,264,2.9972593030325
6,265,2.9972593024625
6,266,2.9972592312175
6,267,2.92976561288
6,268,2.9297655706650003
6,269,2.8537854771799998
6,270,2.85378546058
6,271,2.853785458315
6,272,2.8537852929175
6,273,2.782774986105
6,274,2.78277496859
6,275,2.716728937305
6,276,2.7167289280049998
6,277,2.7167289265325
6,278,2.7167287989049997
6,279,2.6842189152575
6,280,2.6842188772175
6,281,2.6842186100575
6,282,2.6842186015825
6,283,2.68421859949
6,284,2.6842184667474998
6,285,2.6268248978425
6,286,2.626824853535
6,287,2.6264446656075
6,288,2.6264446553325
6,289,2.6233890285575
6,290,2.6184016136075003
6,291,2.501925205045
6,292,2.5019251883774998
6,293,2.4988613508175
6,294,2.4988613306125
6,295,2.49886133022
6,296,2.4988611596225
6,297,2.37173196912
6,298,2.3639425630849997
6,299,2.3463678737199998
6,300,2.3463678713275002
6,301,2.346367868
6,302,2.3438687208849998
6,303,2.2509845094225
6,304,2.2509844901975002
6,305,2.2449011569349997
6,306,2.2449011475075
6,307,2.244901144625
6,308,2.244901064755
6,309,2.0930139915325
6,310,2.0930139693800003
6,311,2.0926022291325
6,312,2.092602227545
6,313,2.0926022245525
6,314,2.0926021711525
6,315,1.8530203601325
6,316,1.85302034457
6,317,1.8526337548099998
6,318,1.8526337463725
6,319,1.8526337427975001
6,320,1.85263365743
6,321,1.7447519561675002
6,322,1.7447519464999999
6,323,1.7437724855725
6,324,1.7437724780874997
6,325,1.7434979362149998
6,326,1.7434978990299999
6,327,1.4764200920350001
6,328,1.4743120034150001
6,329,1.474109220335
6,330,1.44864532143
6,331,1.4486453178874998
6,332,1.448645214525
6,333,1.23084287833
6,334,1.2308428706624999
6,335,1.23067139606
6,336,1.2306713903725
6,337,1.23067138524
6,338,1.2306713331674999
6,339,1.1609167523350001
6,340,1.16091673821
6,341,1.1603986515575
6,342,1.160398632635
6,343,1.160398627875
6,344,1.1603985316025
6,345,1.1133185855724999
6,346,1.113318573675
6,347,1.1131640822625
6,348,1.1131640757174999
6,349,1.1131640710925
6,350,1.11316403014
6,351,1.0600744725625
6,352,1.0600744617999998
6,353,1.0600610693374999
6,354,1.0600610559199999
6,355,1.06006105365
6,356,1.0600609264875
6,357,1.0315362070525
6,358,1.0315361992774998
6,359,1.0313611308175
6,360,1.03136112225
6,361,1.0313611192474998
6,362,1.0313610839825
6,363,0.991600190025
6,364,0.9916001803875
6,365,0.99157765682
6,366,0.9915776407575001
6,367,0.9915776393
6,368,0.99157756898
6,369,0.9738342289374999
6,370,0.9738342217625
6,371,0.9738341451425001
6,372,0.9738341276525
6,373,0.97383412762
6,374,0.9708706865125001
6,375,0.8985932677500001
6,376,0.8985932574650001
6,377,0.8883227265925001
6,378,0.8883227139925001
6,379,0.8883227121700001
6,380,0.8883226756325
6,381,0.8346140550525
6,382,0.834614048705
6,383,0.8346085806
6,384,0.8346085685275
6,385,0.8346085679474999
6,386,0.8346084663800001
6,387,0.7751025404424999
6,388,0.7751025362274999
6,389,0.77498527573
6,390,0.7749852561874999
6,391,0.774985255285
6,392,0.77498518793
6,393,0.7372141373175
6,394,0.7372141298199999
6,395,0.7370610135
6,396,0.7370609965125
6,397,0.7370609913774999
6,398,0.7370609079075
6,399,0.6831247115575001
6,400,0.6831247084975
6,401,0.682791846375
6,402,0.6827918360474999
6,403,0.6827918353425
6,404,0.6827917842
6,405,0.67041684628
6,406,0.6704168411775
6,407,0.6692207672125
6,408,0.6692207489174999
6,409,0.6692207478775
6,410,0.66922072747
6,411,0.6291898874124999
6,412,0.6291898847649999
6,413,0.6270285410925001
6,414,0.627028535805
6,415,0.6270285343975
6,416,0.6270284832425
6,417,0.623754044135
6,418,0.623374632045
6,419,0.6227179328575001
6,420,0.6227179254175
6,421,0.61818891461
6,422,0.6181888908300001
6,423,0.600525910355
6,424,0.6003894044275
6,425,0.5966914589225
6,426,0.5966913807324999
6,427,0.5966913804775
6,428,0.5966913138625001
6,429,0.5693915591725
6,430,0.5693915568875
6,431,0.56938309949
6,432,0.5693830348675
6,433,0.56938303121
6,434,0.5693829673899999
6,435,0.5371230786375001
6,436,0.537123077825
6,437,0.5371060296825
6,438,0.53710599124
6,439,0.5371059873674999
6,440,0.5315731565574999
6,441,0.5079604323425
6,442,0.5066356151825
6,443,0.506053118115
6,444,0.5060530807075
6,445,0.50605307705
6,446,0.50605304842
6,447,0.50149638058
6,448,0.5014963794825
6,449,0.50073815017
6,450,0.5007381437575
6,451,0.500738140245
6,452,0.5007381222399999
6,453,0.4847898111675
6,454,0.4847898079025
6,455,0.48373324069749996
6,456,0.483733193795
6,457,0.48373319068000004
6,458,0.48373314789499994
6,459,0.33991197679999996
6,460,0.33991197426249997
6,461,0.3375935547725
6,462,0.33759351538
6,463,0.3375935132475
6,464,0.33759347687
6,465,0.133800625155
6,466,0.1338006248625
6,467,0.1310785373975
6,468,0.1310785293125
6,469,0.13107852872499998
6,470,0.13107850805
6,471,0.12347731656750001
6,472,0.12347731551999999
6,473,0.12301895334249999
6,474,0.12301894757500001
6,475,0.12301894704750001
6,476,0.12301893006
6,477,0.11704693772
6,478,0.11704693668499999
6,479,0.11623273906750001
6,480,0.1162327186975
6,481,0.11623271759
6,482,0.11623269547
6,483,0.11361029885
6,484,0.11361029862750001
6,485,0.10014454584000002
6,486,0.1001445348975
6,487,0.10014453296
6,488,0.1001445208125
6,489,0.0918161688275
6,490,0.0918161686875
6,491,0.0918135787625
6,492,0.0918135526375
6,493,0.0918135526375
6,494,0.091813540535
6,495,0.0891829850525
6,496,0.08918298391
6,497,0.08016894581
6,498,0.08016889648
6,499,0.0801688952675
6,500,0.080168871805
6,501,0.0793338639775
6,502,0.079333863525
6,503,0.071317293985
6,504,0.0713172476875
6,505,0.071317246795
6,506,0.071317231375
6,507,0.07107211597249999
6,508,0.07107211501749999
6,509,0.07107210878
6,510,0.07107206214
6,511,0.0710720619875
6,512,0.07107204845250001
6,513,0.06793110936499999
6,514,0.0674084794575
6,515,0.066576569825
6,516,0.0665765667125
6,517,0.0665765664675
6,518,0.0665765565575
6,519,0.0642896787675
6,520,0.0642896778575
6,521,0.064289661985
6,522,0.06428961388
6,523,0.06428961384000001
6,524,0.064289596675
6,525,0.06392489410499999
6,526,0.062107870877500006
6,527,0.0621054517775
6,528,0.062105404657499995
6,529,0.0621054044975
6,530,0.0621053863725
6,531,0.06108722071
6,532,0.061087219912500004
6,533,0.0610826126725
6,534,0.06108256443
6,535,0.061082564289999995
6,536,0.061082550840000006
6,537,0.0605057253925
6,538,0.060505724925000004
6,539,0.06050255501
6,540,0.060502506997500004
6,541,0.06050250699
6,542,0.0605024943075
6,543,0.0589193172175
6,544,0.0589193162575
6,545,0.058919282100000005
6,546,0.058919234985
6,547,0.05891923496
6,548,0.058919211274999994
6,549,0.056976289475
6,550,0.056976289150000005
6,551,0.05693847513
6,552,0.0569384287125
6,553,0.056652007175
6,554,0.056651989604999994
6,555,0.05394697528
6,556,0.0539469744075
6,557,0.0539349924625
6,558,0.05393496137
6,559,0.053934961329999996
6,560,0.05393495148500001
6,561,0.051230171317499996
6,562,0.051230170534999994
6,563,0.0510485066
6,564,0.0510484959925
6,565,0.0510484958425
6,566,0.051048483825000004
6,567,0.048788946575
6,568,0.048788945694999995
6,569,0.048053257955
6,570,0.048053250060000004
6,571,0.0480532500525
6,572,0.04805324426
6,573,0.047526307045
6,574,0.0475263026525
6,575,0.047520125625
6,576,0.0475201170725
6,577,0.0475201170725
6,578,0.047520107225
6,579,0.0418427050475
6,580,0.041842704125
6,581,0.0418427000525
6,582,0.0418426650875
6,583,0.0418426650825
6,584,0.04184265318
6,585,0.029056297402499997
6,586,0.0290562970925
6,587,0.028997088339999998
6,588,0.028997081995
6,589,0.0289970818325
6,590,0.0289970718675
6,591,0.028682490302500002
6,592,0.0286824890225
6,593,0.0285884712125
6,594,0.028588469365
6,595,0.028588469232500004
6,596,0.0285884537025
6,597,0.027927213075000002
6,598,0.027927207885
6,599,0.0278043090225
6,600,0.027804302465000003
6,601,0.0278043016225
6,602,0.027804274370000003
6,603,0.02615922714
6,604,0.0261592269875
6,605,0.0259791501475
6,606,0.025979144867500005
6,607,0.025979144867500005
6,608,0.0259791350775
6,609,0.025677635112500003
6,610,0.024821925357500003
6,611,0.0246141550175
6,612,0.0246141484325
6,613,0.0246141484325
6,614,0.024614116045000002
6,615,0.0226075690675
6,616,0.022607561637500002
6,617,0.0210585819275
6,618,0.0210585727825
6,619,0.0210585727825
6,620,0.0210585389375
6,621,0.01977884784
6,622,0.01977884182
6,623,0.0194799732475
6,624,0.01947996025
6,625,0.01947996025
6,626,0.0194799270275
6,627,0.018673715067500003
6,628,0.018673711512500003
6,629,0.018672194622500003
6,630,0.0186721909525
6,631,0.0186721909525
6,632,0.0186721717875
6,633,0.01802189438
6,634,0.018021892355
6,635,0.017971295385
6,636,0.01797128361
6,637,0.0179593512025
6,638,0.017959335075
6,639,0.0175087225925
6,640,0.017508721525
6,641,0.0174982463625
6,642,0.01749823403
6,643,0.0174982340275
6,644,0.017498224987499998
6,645,0.017132561567500003
6,646,0.017132560890000002
6,647,0.0171018590275
6,648,0.017101855694999998
6,649,0.0170882985475
6,650,0.017051409435
6,651,0.015694453825
6,652,0.015694452155
6,653,0.0151171850375
6,654,0.015117181895000002
6,655,0.0151171818825
6,656,0.01511716951
6,657,0.0146978843625
6,658,0.014634323097499999
6,659,0.014613570935
6,660,0.014613567405
6,661,0.014613567405
6,662,0.014613557090000001
6,663,0.01418923563
6,664,0.01418923489
6,665,0.01415614325
6,666,0.0141561366025
6,667,0.014116014802499998
6,668,0.014116005012499998
6,669,0.01343325816
6,670,0.0134154958975
6,671,0.013397436212499999
6,672,0.0133974299775
6,673,0.013397429935
6,674,0.0133974265175
6,675,0.013082319775
6,676,0.013055364477500001
6,677,0.0127613382075
6,678,0.012761332682500001
6,679,0.012761332682500001
6,680,0.012761323592500002
6,681,0.0105449064025
6,682,0.0105449048875
6,683,0.00988211709
6,684,0.009664091985000001
6,685,0.009664091925
6,686,0.009664085185
6,687,0.0096088555025
6,688,0.009510507
6,689,0.0095011446825
6,690,0.00950114121
6,691,0.0095011411225
6,692,0.00950113645
6,693,0.008042147199999999
6,694,0.008042146392500001
6,695,0.0080420458625
6,696,0.00804204258
6,697,0.0080420425775
6,698,0.0080420370575
6,699,0.007913246185
6,700,0.0079132457275
6,701,0.00790064312
6,702,0.007875711335
6,703,0.00787571112
6,704,0.0078757054425
6,705,0.0073280660475
6,706,0.007328064992499999
6,707,0.0073174934675
6,708,0.0073174884275
6,709,0.0073174882575
6,710,0.00731748236
6,711,0.0064161621925
6,712,0.006415997682500001
6,713,0.0064159112899999995
6,714,0.006415904792500001
6,715,0.0064159047575
6,716,0.006415897637499999
6,717,0.006378387285
6,718,0.00637838682
6,719,0.0063773788400000005
6,720,0.006377367792500001
6,721,0.0063773677625
6,722,0.0063773653149999995
6,723,0.006316869865000001
6,724,0.0063168685325000005
6,725,0.0063168626575
6,726,0.00629526426
6,727,0.006295264195
6,728,0.0062952603024999994
6,729,0.006083346125000001
6,730,0.0060833455975
6,731,0.0060218489399999995
6,732,0.006021840835
6,733,0.0060218408025
6,734,0.006021836135000001
6,735,0.00566572582
6,736,0.0056657251950000004
6,737,0.005635640575
6,738,0.00563563755
6,739,0.0056356375125000005
6,740,0.005635633655
6,741,0.005114020865000001
6,742,0.0050281315375
6,743,0.005027879167500001
6,744,0.005027875477500001
6,745,0.0050278754425
6,746,0.005027869025
6,747,0.0048051275275
6,748,0.0048051264125
6,749,0.004805055575
6,750,0.0048050515075
6,751,0.004805051435000001
6,752,0.0048050457625
6,753,0.00469535264
6,754,0.00469535149
6,755,0.0046952838275
6,756,0.0046952806899999994
6,757,0.00469528063
6,758,0.00469527704
6,759,0.0044985733275
6,760,0.00449856851
6,761,0.0044985585025000005
6,762,0.0044985577625
6,763,0.004498557555
6,764,0.004498554007500001
6,765,0.0043320200500000005
6,766,0.0043320194525000005
6,767,0.004331982895
6,768,0.004331980082500001
6,769,0.0043319797675
6,770,0.0043319761149999995
6,771,0.0040615944725
6,772,0.00406159376
6,773,0.004061550915
6,774,0.0040597571875000005
6,775,0.004059756685000001
6,776,0.00405975548
6,777,0.0037726428974999998
6,778,0.0037613519875
6,779,0.0037610235199999993
6,780,0.0037610232699999994
6,781,0.0037610232675
6,782,0.0037610203575
6,783,0.0033109328149999997
6,784,0.0033109295125
6,785,0.0033069802125
6,786,0.0033069773750000002
6,787,0.003298642745
6,788,0.0032590375625
6,789,0.0027114163649999998
6,790,0.00270780415
6,791,0.0027077684425000003
6,792,0.0027077676975
6,793,0.0027077676975
6,794,0.0027077672599999996
6,795,0.0021838384375
6,796,0.002181573005
6,797,0.0021633302399999997
6,798,0.0021633276825
6,799,0.0021633276775
6,800,0.0021633248425
6,801,0.002043596715
6,802,0.0020435947775000003
6,803,0.00204124212
6,804,0.002041241775
6,805,0.002041241775
6,806,0.0020412393025
6,807,0.0019193031275000002
6,808,0.0019192993025
6,809,0.00191847905
6,810,0.0019184789325
6,811,0.0019184789250000001
6,812,0.0019184786675000003
6,813,0.00178997513
6,814,0.0017899699549999998
6,815,0.0017868846175000002
6,816,0.0017868840675
6,817,0.0017868840625
6,818,0.0017868817799999998
6,819,0.0017601079175
6,820,0.0017601071925
6,821,0.001747883665
6,822,0.0017478828875000002
6,823,0.0017478828799999998
6,824,0.0017478817274999999
6,825,0.0017048175475
6,826,0.0017048132975000002
6,827,0.00165849533
6,828,0.0016584933399999998
6,829,0.001658493335
6,830,0.0016584928650000001
6,831,0.0015983877075
6,832,0.0015983838699999999
6,833,0.001490203895
6,834,0.001479553065
6,835,0.00147955306
6,836,0.001479552165
6,837,0.0014786269075
6,838,0.0014786266025000002
6,839,0.0013531285825
6,840,0.0013531258025
6,841,0.0013531257949999998
6,842,0.00135271398
6,843,0.0013476578925
6,844,0.0013476543224999998
6,845,0.00132930898
6,846,0.0013293061525
6,847,0.0013293061525
6,848,0.0013293050624999998
6,849,0.0013247389774999998
6,850,0.00132473595
6,851,0.001197239265
6,852,0.0011870458049999999
6,853,0.0011870458025
6,854,0.0011868561950000001
6,855,0.001177437945
6,856,0.0011774354875000001
6,857,0.0005634763
6,858,0.0005634737675000001
6,859,0.0005634737625
6,860,0.0005634721225
6,861,0.0005479823925
6,862,0.000547979735
6,863,0.0005477278775
6,864,0.0005477263075
6,865,0.0005308525875
6,866,0.0005308505725
6,867,0.000493441955
6,868,0.0004934415925
6,869,0.000492775945
6,870,0.0004925719175
6,871,0.0004925719175
6,872,0.000492570305
6,873,0.00047772341000000004
6,874,0.00047772174749999996
6,875,0.00047660694500000004
6,876,0.000476375555
6,877,0.00047637554999999994
6,878,0.0004763743825
6,879,0.00046196236499999996
6,880,0.0004619620725
6,881,0.000461787555
6,882,0.00046178738249999995
6,883,0.0004617873749999999
6,884,0.00046178588999999995
6,885,0.00045700643999999996
6,886,0.00045700582
6,887,0.0002537476325
6,888,0.0002537473875
6,889,0.000253747385
6,890,0.0002537461975
6,891,0.000249756995
6,892,0.0002497566575
6,893,0.00024975525000000003
6,894,0.00024975515250000004
6,895,0.0002497551475
6,896,0.0002497542825
6,897,0.00024159391249999997
6,898,0.00024159385
6,899,0.0002415575675
6,900,0.00024155753749999998
6,901,0.0002415575325
6,902,0.00024155661749999997
6,903,0.00022444976250000004
6,904,0.00022444951000000001
6,905,0.0002243989425
6,906,0.00022439887249999999
6,907,0.00022439887249999999
6,908,0.00022439757250000003
6,909,0.00022390846500000002
6,910,0.000223908365
6,911,0.0001155724725
6,912,0.00011557242
6,913,0.0001155724125
6,914,0.00011557210249999998
6,915,0.0001069077
6,916,0.000106897545
6,917,0.00010088148499999999
6,918,0.0001008814825
6,919,0.00010088147999999999
6,920,0.00010088091499999999
6,921,9.798028249999999e-05
6,922,9.798016249999998e-05
6,923,9.797870750000001e-05
6,924,9.79787e-05
6,925,9.79787e-05
6,926,9.797812750000001e-05
6,927,9.77844175e-05
6,928,9.778436000000001e-05
6,929,9.740443000000001e-05
6,930,9.735177000000001e-05
6,931,9.73517675e-05
6,932,9.735153750000002e-05
6,933,9.67390025e-05
6,934,9.67389475e-05
6,935,9.673369250000002e-05
6,936,9.67336625e-05
6,937,9.67336625e-05
6,938,9.67334125e-05
6,939,9.63534475e-05
6,940,9.635334999999999e-05
6,941,9.62173e-05
6,942,9.621727000000001e-05
6,943,9.621727000000001e-05
6,944,9.621692750000001e-05
6,945,9.523387e-05
6,946,9.523372750000001e-05
6,947,9.52187075e-05
6,948,9.521863750000001e-05
6,949,9.521863750000001e-05
6,950,9.5218345e-05
6,951,9.162646e-05
6,952,9.16262625e-05
6,953,9.1607605e-05
6,954,9.16075275e-05
6,955,9.16075275e-05
6,956,9.16071575e-05
6,957,8.589321e-05
6,958,8.589318750000001e-05
6,959,8.5852915e-05
6,960,8.58528225e-05
6,961,8.58528225e-05
6,962,8.585250000000001e-05
6,963,7.37368125e-05
6,964,7.3736655e-05
6,965,7.3734535e-05
6,966,7.3734505e-05
6,967,7.3734505e-05
6,968,7.373448249999999e-05
6,969,5.063945999999999e-05
6,970,5.063941999999999e-05
6,971,5.0638022500000004e-05
6,972,5.0625037499999996e-05
6,973,5.0465962499999995e-05
6,974,5.0465850000000004e-05
6,975,3.12675525e-05
6,976,3.12673625e-05
6,977,3.12633825e-05
6,978,3.1263355e-05
6,979,3.1263355e-05
6,980,3.1263335e-05
6,981,2.99455e-05
6,982,2.9945437500000002e-05
6,983,2.99452075e-05
6,984,2.99451925e-05
6,985,2.99451925e-05
6,986,2.9945154999999996e-05
6,987,2.98686975e-05
6,988,2.8901722499999993e-05
6,989,2.89014625e-05
6,990,2.8901435e-05
6,991,2.89014325e-05
6,992,2.88104875e-05
6,993,2.8453030000000002e-05
6,994,2.84527725e-05
6,995,2.758214e-05
6,996,2.7582057500000002e-05
6,997,2.7582057500000002e-05
6,998,2.6776125e-05
6,999,1.7064517499999997e-05
6,1000,1.70642125e-05
7,1,481.71018544943
7,2,335.3255429488525
7,3,243.16484740076748
7,4,181.0843727233125
7,5,138.33477352678
7,6,123.8947950214875
7,7,123.28958933794749
7,8,118.98550678716
7,9,101.747930793875
7,10,98.78138812471249
7,11,92.4951349762875
7,12,90.5740361996625
7,13,79.99549402665
7,14,73.910447931005
7,15,71.9726115192925
7,16,70.24816166834499
7,17,66.65059051492
7,18,65.3991968052825
7,19,61.633237914785
7,20,61.442987232315
7,21,61.426792488405
7,22,58.6543653894325
7,23,52.884524615219995
7,24,52.884524615219995
7,25,51.6362195002725
7,26,51.59723937067999
7,27,48.1446563876275
7,28,43.5374579274775
7,29,41.320439578827504
7,30,39.546350564677496
7,31,39.430147608915
7,32,39.274259169105
7,33,36.5247173435625
7,34,34.5153527394925
7,35,33.4689832097875
7,36,33.2434549677575
7,37,32.4064594707025
7,38,31.8642737391575
7,39,31.486161824132502
7,40,31.3876669385425
7,41,31.0345574835925
7,42,30.349813033509996
7,43,29.676484335202503
7,44,26.889736575889998
7,45,26.85221006311
7,46,25.945705904537498
7,47,25.8393368986275
7,48,25.1153910897675
7,49,23.929816971365
7,50,23.446174710464998
7,51,23.339314096805
7,52,22.581129078925
7,53,22.138339240255
7,54,21.008547530415
7,55,20.9809328743175
7,56,20.5848619771475
7,57,20.2991890127625
7,58,19.506256017255
7,59,19.234183685894997
7,60,18.8375950734475
7,61,18.3321357235425
7,62,17.9879145270475
7,63,17.846940295785
7,64,17.13606737094
7,65,16.37157406896
7,66,15.478056596664999
7,67,14.914067891475
7,68,14.687930834990002
7,69,14.6101368234575
7,70,13.759115473825
7,71,13.694855016785002
7,72,13.37457955095
7,73,12.65745833931
7,74,12.59986052421
7,75,12.518771625754999
7,76,12.3189380540675
7,77,12.109115606749999
7,78,11.961602426797501
7,79,11.869431589005
7,80,11.7915182913875
7,81,11.7915182913875
7,82,11.2754762559625
7,83,11.256299068675
7,84,11.0156045189375
7,85,10.8786486620075
7,86,10.36146542491
7,87,10.36146542491
7,88,10.3508831574075
7,89,9.570794563055
7,90,9.3941049204475
7,91,9.3941049204475
7,92,9.2430305468725
7,93,9.097793416615001
7,94,8.8939874011225
7,95,8.733916005565
7,96,8.7092043684125
7,97,8.602250509395
7,98,8.445404573865
7,99,8.445404573865
7,100,8.379703101445
7,101,8.18274638394
7,102,8.0909279304325
7,103,8.0909279304325
7,104,8.0235475859175
7,105,7.7504702340425
7,106,7.618068461595
7,107,7.53948077149
7,108,7.386183281055
7,109,7.382295202382499
7,110,7.269866965285
7,111,7.252851832585
7,112,7.1499204361025
7,113,7.13375375169
7,114,6.989757680085001
7,115,6.983529770884999
7,116,6.983529770884999
7,117,6.9715245381625
7,118,6.952231654349999
7,119,6.785747612644999
7,120,6.6788926815325
7,121,6.66169554593
7,122,6.508177778424999
7,123,6.431426122882501
7,124,6.3941505740475
7,125,6.35825615249
7,126,6.317048635095
7,127,6.272592968935
7,128,6.1977107034075
7,129,6.1328154327
7,130,6.0685818054775
7,131,6.0601091075074995
7,132,5.9889762569225
7,133,5.834572297835
7,134,5.745922485805
7,135,5.7006499370125
7,136,5.6863010571475
7,137,5.5321037308675
7,138,5.4987144975675
7,139,5.435807448135
7,140,5.41829592029
7,141,5.3227358989425
7,142,5.15873552303
7,143,5.15873552303
7,144,5.153917397064999
7,145,5.020477958025
7,146,4.9717187242500005
7,147,4.932644690355
7,148,4.90873846611
7,149,4.90873846611
7,150,4.77211574079
7,151,4.77063586696
7,152,4.629535879835
7,153,4.594247147595
7,154,4.55180987385
7,155,4.4917304341049995
7,156,4.3792664099275
7,157,4.356764512705
7,158,4.2970843747875005
7,159,4.295922722929999
7,160,4.282468199795
7,161,4.2149657198975
7,162,4.2102376475900005
7,163,4.1675208979525005
7,164,4.151356455595
7,165,4.1473039403225
7,166,4.1033781355325
7,167,4.1033781355325
7,168,4.057230982235
7,169,4.033071295365
7,170,3.9769204749875002
7,171,3.8844745552025004
7,172,3.8820711545275004
7,173,3.8820711545275004
7,174,3.7767024199600003
7,175,3.7043112725
7,176,3.6696724477350005
7,177,3.6636635808525
7,178,3.63524613266
7,179,3.592241508675
7,180,3.5698052511949996
7,181,3.48733585545
7,182,3.4665155524824995
7,183,3.3551796398800002
7,184,3.3530191943225
7,185,3.3485969023199997
7,186,3.3151378873299997
7,187,3.18466147067
7,188,3.1777422557825
7,189,3.104876349735
7,190,3.104876349735
7,191,3.0995507209974997
7,192,3.0995507209974997
7,193,3.0850726839225002
7,194,3.0274194277574997
7,195,2.9783148397325
7,196,2.9783148397325
7,197,2.90999676879
7,198,2.9058377875925
7,199,2.86696555794
7,200,2.85449434469
7,201,2.8300072109125
7,202,2.8256203943325002
7,203,2.814553078175
7,204,2.814553078175
7,205,2.73274853929
7,206,2.703929730995
7,207,2.703929730995
7,208,2.6695732044825
7,209,2.66733402409
7,210,2.66733402409
7,211,2.66733402409
7,212,2.6401838589675
7,213,2.62215620604
7,214,2.610820393705
7,215,2.5571892305175
7,216,2.52702497636
7,217,2.500807603965
7,218,2.299262934485
7,219,2.2512050495575
7,220,2.246172998535
7,221,2.2315765271725
7,222,2.2141722603775
7,223,2.1947919480325
7,224,2.1847163168824997
7,225,2.1847163168824997
7,226,2.1847163168824997
7,227,2.1719738611025
7,228,2.15442908699
7,229,2.1471208871425
7,230,2.1362561499525
7,231,2.1362561499525
7,232,2.1172456106624997
7,233,2.077900889515
7,234,2.0773363185525
7,235,2.0773363185525
7,236,2.07694913213
7,237,2.06250235269
7,238,2.0611386166125003
7,239,2.0483657156949997
7,240,2.0471393384375
7,241,2.04039740311
7,242,2.0235406742075
7,243,2.0235406742075
7,244,2.01778070693
7,245,2.0046370019274997
7,246,2.0046370019274997
7,247,1.9894952900775
7,248,1.9832538751200002
7,249,1.9487560858775002
7,250,1.9484090493425001
7,251,1.9484090493425001
7,252,1.942184925315
7,253,1.9272110467425
7,254,1.8845143697775
7,255,1.884042009605
7,256,1.8765026282775001
7,257,1.8624010798575
7,258,1.8002311709375
7,259,1.7952617261525
7,260,1.7927488719825
7,261,1.7819539331674998
7,262,1.7773424822
7,263,1.7742843331975
7,264,1.7742843331975
7,265,1.7540545835599999
7,266,1.7348440293924998
7,267,1.7214278646699999
7,268,1.7022064601625
7,269,1.69257760613
7,270,1.69257760613
7,271,1.6920454909425
7,272,1.6890795835875
7,273,1.684227292875
7,274,1.6778801652750002
7,275,1.6342821585025
7,276,1.6342821585025
7,277,1.633259281405
7,278,1.61738918611
7,279,1.61738918611
7,280,1.61738918611
7,281,1.6109577085224998
7,282,1.6109577085224998
7,283,1.5650931031475
7,284,1.56018978588
7,285,1.5515693110575
7,286,1.5490790720049998
7,287,1.5461892170099998
7,288,1.541300643185
7,289,1.537109245605
7,290,1.5351460744575
7,291,1.5234827148375
7,292,1.514344466995
7,293,1.5104803251525
7,294,1.5104803251525
7,295,1.509237401525
7,296,1.50878870623
7,297,1.47070906385
7,298,1.470466396205
7,299,1.4296760435175
7,300,1.4286317510925
7,301,1.41579954348
7,302,1.41579954348
7,303,1.4126251653875
7,304,1.411413130925
7,305,1.4109199111875
7,306,1.4109199111875
7,307,1.4109199111875
7,308,1.410162558985
7,309,1.4077988662499998
7,310,1.4077988662499998
7,311,1.4077988662499998
7,312,1.38220157674
7,313,1.3802027164825001
7,314,1.3802027164825001
7,315,1.3802027164825001
7,316,1.378460329895
7,317,1.37667924357
7,318,1.37667924357
7,319,1.3762290797324999
7,320,1.3756448870125
7,321,1.3756448870125
7,322,1.3738751463325
7,323,1.3717174961274998
7,324,1.3717174961274998
7,325,1.3342233056050001
7,326,1.333639112885
7,327,1.333639112885
7,328,1.3322032839825
7,329,1.3312015703875
7,330,1.3312015703875
7,331,1.3311636718775
7,332,1.314249935985
7,333,1.2945628146500001
7,334,1.2924724101875
7,335,1.2924724101875
7,336,1.2924724101875
7,337,1.2924724101875
7,338,1.2924724101875
7,339,1.29152910858
7,340,1.29152910858
7,341,1.29152910858
7,342,1.29152910858
7,343,1.28915767363
7,344,1.28915767363
7,345,1.28818222047
7,346,1.28818222047
7,347,1.28818222047
7,348,1.28818222047
7,349,1.28818222047
7,350,1.28818222047
7,351,1.2880337982375
7,352,1.2880337982375
7,353,1.2879988983325
7,354,1.28784808672
7,355,1.28784808672
7,356,1.2827947206175
7,357,1.2770310752675
7,358,1.2770310752675
7,359,1.2770310752675
7,360,1.2769140882
7,361,1.2759689586525
7,362,1.2759689586525
7,363,1.2759689586525
7,364,1.2759689586525
7,365,1.2759689586525
7,366,1.275858381255
7,367,1.275784010005
7,368,1.275784010005
7,369,1.272206950265
7,370,1.272206950265
7,371,1.272206950265
7,372,1.272206950265
7,373,1.272206950265
7,374,1.2721374388025
7,375,1.2721374388025
7,376,1.2608843265275
7,377,1.26014960948
7,378,1.26014960948
7,379,1.25982389377
7,380,1.25982389377
7,381,1.259735135035
7,382,1.259735135035
7,383,1.259735135035
7,384,1.2596321706325
7,385,1.2596321706325
7,386,1.2596321706325
7,387,1.2596321706325
7,388,1.2582252533575
7,389,1.2582252533575
7,390,1.2582252533575
7,391,1.2582252533575
7,392,1.2582252533575
7,393,1.2566686636950002
7,394,1.2566686636950002
7,395,1.2566686636950002
7,396,1.25576934495
7,397,1.25576934495
7,398,1.2430054244700002
7,399,1.2430054244700002
7,400,1.2430054244700002
7,401,1.2430054244700002
7,402,1.2304316558825001
7,403,1.1837354933825002
7,404,1.183654878045
7,405,1.183654878045
7,406,1.1834331780325
7,407,1.1834331780325
7,408,1.183319111955
7,409,1.183319111955
7,410,1.18326934415
7,411,1.18326934415
7,412,1.1822767512449999
7,413,1.18171078178
7,414,1.180676533245
7,415,1.180676533245
7,416,1.180676533245
7,417,1.180676533245
7,418,1.180676533245
7,419,1.180676533245
7,420,1.1787315846075
7,421,1.1786368692725
7,422,1.1786368692725
7,423,1.1786368692725
7,424,1.1786368692725
7,425,1.1786368692725
7,426,1.1786368692725
7,427,1.1786368692725
7,428,1.1786368692725
7,429,1.177778878325
7,430,1.177778878325
7,431,1.177778878325
7,432,1.177778878325
7,433,1.177778878325
7,434,1.177778878325
7,435,1.177778878325
7,436,1.177778878325
7,437,1.177778878325
7,438,1.177778878325
7,439,1.177778878325
7,440,1.177778878325
7,441,1.177778878325
7,442,1.177778878325
7,443,1.177778878325
7,444,1.177778878325
7,445,1.1747598174725
7,446,1.1747598174725
7,447,1.1747598174725
7,448,1.1747598174725
7,449,1.1747598174725
7,450,1.1747598174725
7,451,1.1747598174725
7,452,1.1747598174725
7,453,1.1747598174725
7,454,1.1747598174725
7,455,1.1747598174725
7,456,1.1747598174725
7,457,1.1716998866200001
7,458,1.1653579483025
7,459,1.1653579483025
7,460,1.1653579483025
7,461,1.15879176536
7,462,1.15879176536
7,463,1.15879176536
7,464,1.15879176536
7,465,1.1587750702675002
7,466,1.1587750702675002
7,467,1.1587750702675002
7,468,1.1587750702675002
7,469,1.1587750702675002
7,470,1.13926389588
7,471,1.13858728897
7,472,1.1369624445625
7,473,1.1369624445625
7,474,1.1369624445625
7,475,1.1369624445625
7,476,1.1369624445625
7,477,1.1369624445625
7,478,1.1369624445625
7,479,1.1369624445625
7,480,1.1369624445625
7,481,1.1369624445625
7,482,1.1369624445625
7,483,1.1369624445625
7,484,1.1369624445625
7,485,1.1369624445625
7,486,1.1362555590999999
7,487,1.1362555590999999
7,488,1.1362555590999999
7,489,1.1362555590999999
7,490,1.1362555590999999
7,491,1.1362555590999999
7,492,1.1362555590999999
7,493,1.1362555590999999
7,494,1.136253480665
7,495,1.136253480665
7,496,1.136253480665
7,497,1.136253480665
7,498,1.136253480665
7,499,1.136253480665
7,500,1.136253480665
7,501,1.136253480665
7,502,1.136253480665
7,503,1.136253480665
7,504,1.136253480665
7,505,1.136253480665
7,506,1.136253480665
7,507,1.136253480665
7,508,1.1361228624275
7,509,1.1361228624275
7,510,1.1361228624275
7,511,1.1361228624275
7,512,1.1361228624275
7,513,1.1361228624275
7,514,1.1361228624275
7,515,1.1361228624275
7,516,1.1361228624275
7,517,1.1361228624275
7,518,1.1361228624275
7,519,1.1361228624275
7,520,1.1361228624275
7,521,1.1361228624275
7,522,1.1361228624275
7,523,1.1361228624275
7,524,1.1361228624275
7,525,1.1361228624275
7,526,1.1361228624275
7,527,1.1299362771700001
7,528,1.1280803754500002
7,529,1.1280803754500002
7,530,1.1280803754500002
7,531,1.1277797271424999
7,532,1.1277797271424999
7,533,1.1277797271424999
7,534,1.1277797271424999
7,535,1.1277797271424999
7,536,1.1277797271424999
7,537,1.1277797271424999
7,538,1.1277797271424999
7,539,1.1277797271424999
7,540,1.1277797271424999
7,541,1.1272158088
7,542,1.126973120455
7,543,1.126973120455
7,544,1.126973120455
7,545,1.126852423895
7,546,1.126852423895
7,547,1.126852423895
7,548,1.1137367861325
7,549,1.1137367861325
7,550,1.1137367861325
7,551,1.1137367861325
7,552,1.1137367861325
7,553,1.1137367861325
7,554,1.1137367861325
7,555,1.1137367861325
7,556,1.1137209243825
7,557,1.1137209243825
7,558,1.1137209243825
7,559,1.1137209243825
7,560,1.1137209243825
7,561,1.1113605068574999
7,562,1.1113605068574999
7,563,1.1113605068574999
7,564,1.1113605068574999
7,565,1.1113605068574999
7,566,1.1113605068574999
7,567,1.1113605068574999
7,568,1.1113605068574999
7,569,1.1113605068574999
7,570,1.1113605068574999
7,571,1.1113605068574999
7,572,1.1113605068574999
7,573,1.1113605068574999
7,574,1.1113605068574999
7,575,1.1113605068574999
7,576,1.111157913155
7,577,1.111157913155
7,578,1.111157913155
7,579,1.111157913155
7,580,1.111157913155
7,581,1.111157913155
7,582,1.111157913155
7,583,1.111157913155
7,584,1.111157913155
7,585,1.111157913155
7,586,1.111157913155
7,587,1.111157913155
7,588,1.111157913155
7,589,1.111157913155
7,590,1.111157913155
7,591,1.111157913155
7,592,1.111157913155
7,593,1.111157913155
7,594,1.111157913155
7,595,1.111157913155
7,596,1.111157913155
7,597,1.111157913155
7,598,1.111157913155
7,599,1.111157913155
7,600,1.111157913155
7,601,1.111157913155
7,602,1.111157913155
7,603,1.111157913155
7,604,1.111157913155
7,605,1.111157913155
7,606,1.111157913155
7,607,1.111157913155
7,608,1.111157913155
7,609,1.111157913155
7,610,1.111157913155
7,611,1.111157913155
7,612,1.111157913155
7,613,1.108025390515
7,614,1.108025390515
7,615,1.108025390515
7,616,1.108025390515
7,617,1.108025390515
7,618,1.108025390515
7,619,1.108025390515
7,620,1.108025390515
7,621,1.108025390515
7,622,1.108025390515
7,623,1.108025390515
7,624,1.108025390515
7,625,1.108025390515
7,626,1.108025390515
7,627,1.108025390515
7,628,1.108025390515
7,629,1.0980954458525
7,630,1.0980954458525
7,631,1.0980954458525
7,632,1.0980954458525
7,633,1.0980954458525
7,634,1.0980954458525
7,635,1.0980954458525
7,636,1.0980954458525
7,637,1.0965095076775
7,638,1.0965095076775
7,639,1.0965095076775
7,640,1.0965095076775
7,641,1.0965095076775
7,642,1.0965095076775
7,643,1.0965095076775
7,644,1.0965095076775
7,645,1.0965095076775
7,646,1.0965095076775
7,647,1.09540653056
7,648,1.09540653056
7,649,1.09540653056
7,650,1.09540653056
7,651,1.09540653056
7,652,1.09540653056
7,653,1.094634425445
7,654,1.094634425445
7,655,1.094634425445
7,656,1.094634425445
7,657,1.094634425445
7,658,1.094634425445
7,659,1.094634425445
7,660,1.094634425445
7,661,1.094634425445
7,662,1.094634425445
7,663,1.094634425445
7,664,1.094634425445
7,665,1.094634425445
7,666,1.0943917578
7,667,1.0943917578
7,668,1.0943917578
7,669,1.0943917578
7,670,1.0943917578
7,671,1.0943917578
7,672,1.0943917578
7,673,1.0943917578
7,674,1.0943917578
7,675,1.0943917578
7,676,1.0943917578
7,677,1.0943917578
7,678,1.0943917578
7,679,1.0943917578
7,680,1.0943917578
7,681,1.0943917578
7,682,1.0943917578
7,683,1.0943917578
7,684,1.0943917578
7,685,1.0943917578
7,686,1.0943917578
7,687,1.0943917578
7,688,1.0943917578
7,689,1.0943917578
7,690,1.0943917578
7,691,1.0943917578
7,692,1.0943917578
7,693,1.0943917578
7,694,1.0943917578
7,695,1.0943917578
7,696,1.0943917578
7,697,1.0943917578
7,698,1.0943917578
7,699,1.0943917578
7,700,1.0943917578
7,701,1.0943917578
7,702,1.0943917578
7,703,1.0943917578
7,704,1.0943917578
7,705,1.0943917578
7,706,1.0943917578
7,707,1.0943917578
7,708,1.0943917578
7,709,1.0943917578
7,710,1.0943917578
7,711,1.0943917578
7,712,1.0943917578
7,713,1.0943917578
7,714,1.0943917578
7,715,1.0943917578
7,716,1.0943917578
7,717,1.0943917578
7,718,1.0943917578
7,719,1.0943917578
7,720,1.0943917578
7,721,1.0943917578
7,722,1.0943917578
7,723,1.0943917578
7,724,1.0943917578
7,725,1.0943917578
7,726,1.0943917578
7,727,1.0943917578
7,728,1.0943917578
7,729,1.0943917578
7,730,1.094315352025
7,731,1.094315352025
7,732,1.094315352025
7,733,1.094315352025
7,734,1.094315352025
7,735,1.094315352025
7,736,1.094315352025
7,737,1.094315352025
7,738,1.094315352025
7,739,1.094315352025
7,740,1.094315352025
7,741,1.094315352025
7,742,1.094315352025
7,743,1.094315352025
7,744,1.094315352025
7,745,1.094315352025
7,746,1.094315352025
7,747,1.094315352025
7,748,1.094315352025
7,749,1.094315352025
7,750,1.094315352025
7,751,1.094315352025
7,752,1.094315352025
7,753,1.094315352025
7,754,1.094315352025
7,755,1.094315352025
7,756,1.094315352025
7,757,1.094315352025
7,758,1.094315352025
7,759,1.094315352025
7,760,1.094315352025
7,761,1.094315352025
7,762,1.094315352025
7,763,1.094315352025
7,764,1.094315352025
7,765,1.094315352025
7,766,1.094315352025
7,767,1.094315352025
7,768,1.094315352025
7,769,1.094315352025
7,770,1.094315352025
7,771,1.094315352025
7,772,1.094315352025
7,773,1.094315352025
7,774,1.094315352025
7,775,1.094315352025
7,776,1.094315352025
7,777,1.094315352025
7,778,1.094315352025
7,779,1.094315352025
7,780,1.094315352025
7,781,1.094315352025
7,782,1.094315352025
7,783,1.0944637742575
7,784,1.0944637742575
7,785,1.0944637742575
7,786,1.0944637742575
7,787,1.0944637742575
7,788,1.0944637742575
7,789,1.0944637742575
7,790,1.0944637742575
7,791,1.0944637742575
7,792,1.0944637742575
7,793,1.0944637742575
7,794,1.0944637742575
7,795,1.0944637742575
7,796,1.0944637742575
7,797,1.0944637742575
7,798,1.0944637742575
7,799,1.0944637742575
7,800,1.0944637742575
7,801,1.0944637742575
7,802,1.0944637742575
7,803,1.0943765086125
7,804,1.0943765086125
7,805,1.0943765086125
7,806,1.0943765086125
7,807,1.0943765086125
7,808,1.0943765086125
7,809,1.0943765086125
7,810,1.0943765086125
7,811,1.0943765086125
7,812,1.0943765086125
7,813,1.0943765086125
7,814,1.0943765086125
7,815,1.0943765086125
7,816,1.0943765086125
7,817,1.0943765086125
7,818,1.0943765086125
7,819,1.0943765086125
7,820,1.0943765086125
7,821,1.0943765086125
7,822,1.0943765086125
7,823,1.0943765086125
7,824,1.0943765086125
7,825,1.0943765086125
7,826,1.0943765086125
7,827,1.0943765086125
7,828,1.0943765086125
7,829,1.0943765086125
7,830,1.0943765086125
7,831,1.0941172723750001
7,832,1.0941172723750001
7,833,1.0941172723750001
7,834,1.0941172723750001
7,835,1.0941172723750001
7,836,1.0941172723750001
7,837,1.0941172723750001
7,838,1.0941172723750001
7,839,1.0941172723750001
7,840,1.0941172723750001
7,841,1.0941172723750001
7,842,1.0941172723750001
7,843,1.0941172723750001
7,844,1.0941172723750001
7,845,1.0941172723750001
7,846,1.0941172723750001
7,847,1.0941172723750001
7,848,1.0941172723750001
7,849,1.0941172723750001
7,850,1.0941172723750001
7,851,1.0941172723750001
7,852,1.0941172723750001
7,853,1.0941172723750001
7,854,1.0941172723750001
7,855,1.0941172723750001
7,856,1.0941172723750001
7,857,1.0941172723750001
7,858,1.0941172723750001
7,859,1.0941172723750001
7,860,1.0943291802200001
7,861,1.0943291802200001
7,862,1.0943291802200001
7,863,1.0943291802200001
7,864,1.0943291802200001
7,865,1.0943291802200001
7,866,1.0943291802200001
7,867,1.0943291802200001
7,868,1.0943291802200001
7,869,1.0943291802200001
7,870,1.0943291802200001
7,871,1.0943291802200001
7,872,1.0943291802200001
7,873,1.0943291802200001
7,874,1.0943291802200001
7,875,1.0943291802200001
7,876,1.0943291802200001
7,877,1.0943291802200001
7,878,1.0943291802200001
7,879,1.0943291802200001
7,880,1.0943291802200001
7,881,1.0943291802200001
7,882,1.0943291802200001
7,883,1.0943291802200001
7,884,1.0943291802200001
7,885,1.0943291802200001
7,886,1.0943291802200001
7,887,1.0943291802200001
7,888,1.0943291802200001
7,889,1.0943291802200001
7,890,1.0943291802200001
7,891,1.0943291802200001
7,892,1.0943291802200001
7,893,1.0943291802200001
7,894,1.0943291802200001
7,895,1.0943291802200001
7,896,1.0943291802200001
7,897,1.09342666064
7,898,1.09342666064
7,899,1.09342666064
7,900,1.09342666064
7,901,1.09342666064
7,902,1.09342666064
7,903,1.09342666064
7,904,1.09342666064
7,905,1.09342666064
7,906,1.09342666064
7,907,1.09342666064
7,908,1.09342666064
7,909,1.09342666064
7,910,1.09342666064
7,911,1.09342666064
7,912,1.09342666064
7,913,1.09342666064
7,914,1.09342666064
7,915,1.09342666064
7,916,1.09342666064
7,917,1.09342666064
7,918,1.09342666064
7,919,1.09342666064
7,920,1.09342666064
7,921,1.09342666064
7,922,1.09342666064
7,923,1.09342666064
7,924,1.09342666064
7,925,1.09342666064
7,926,1.09342666064
7,927,1.09342666064
7,928,1.09342666064
7,929,1.09342666064
7,930,1.09342666064
7,931,1.09342666064
7,932,1.09342666064
7,933,1.09342666064
7,934,1.09342666064
7,935,1.09342666064
7,936,1.09342666064
7,937,1.09342666064
7,938,1.09342666064
7,939,1.09342666064
7,940,1.09342666064
7,941,1.09342666064
7,942,1.09342666064
7,943,1.09342666064
7,944,1.09342666064
7,945,1.09342666064
7,946,1.09342666064
7,947,1.09342666064
7,948,1.09342666064
7,949,1.09342666064
7,950,1.09342666064
7,951,1.09342666064
7,952,1.09342666064
7,953,1.09342666064
7,954,1.09342666064
7,955,1.09342666064
7,956,1.09342666064
7,957,1.09342666064
7,958,1.09342666064
7,959,1.09342666064
7,960,1.09342666064
7,961,1.09342666064
7,962,1.09342666064
7,963,1.09342666064
7,964,1.09342666064
7,965,1.09342666064
7,966,1.09342666064
7,967,1.09342666064
7,968,1.09342666064
7,969,1.09342666064
7,970,1.09342666064
7,971,1.09342666064
7,972,1.09342666064
7,973,1.09342666064
7,974,1.09342666064
7,975,1.09342666064
7,976,1.09342666064
7,977,1.09342666064
7,978,1.09342666064
7,979,1.09342666064
7,980,1.09342666064
7,981,1.09342666064
7,982,1.09342666064
7,983,1.09342666064
7,984,1.09342666064
7,985,1.09342666064
7,986,1.09342666064
7,987,1.09342666064
7,988,1.09342666064
7,989,1.09342666064
7,990,1.09342666064
7,991,1.09342666064
7,992,1.09342666064
7,993,1.09342666064
7,994,1.09342666064
7,995,1.09342666064
7,996,1.09342666064
7,997,1.09342666064
7,998,1.09342666064
7,999,1.09342666064
7,1000,1.09342666064
8,1,76752.97707771938
8,2,23196.564609568763
8,3,16675.694695354807
8,4,9704.266366091195
8,5,7933.390828508704
8,6,6550.274991661283
8,7,6429.09425495495
8,8,5429.58378782055
8,9,4583.30742510699
8,10,4050.919137868915
8,11,3596.3488908230624
8,12,3578.8222933145275
8,13,2915.3803815084075
8,14,2712.3220341870724
8,15,2554.0994238606127
8,16,2387.924099239995
8,17,2066.5504689418003
8,18,1890.0664166621023
8,19,1703.8664952309525
8,20,1601.2026687802324
8,21,1444.35013929571
8,22,1373.10772688648
8,23,1273.6881986316025
8,24,1267.1428615772325
8,25,1088.2520571141474
8,26,1065.55843091417
8,27,782.2029234172176
8,28,766.8065548579125
8,29,732.9227263251225
8,30,731.301384511005
8,31,668.6794313354675
8,32,625.2063641974726
8,33,603.4461153435775
8,34,567.6618957562949
8,35,561.3259006950675
8,36,558.74964484162
8,37,547.0102945290225
8,38,515.58267458917
8,39,486.9773767747125
8,40,486.59565807122
8,41,484.05575425612494
8,42,484.05575425612494
8,43,458.84778862606
8,44,442.364379965565
8,45,427.844740311015
8,46,391.54338566627996
8,47,387.994722703825
8,48,369.7137547027575
8,49,354.28892616003
8,50,352.26797852472
8,51,339.6991519276075
8,52,325.1569413513775
8,53,323.7843089493575
8,54,306.37950625997
8,55,300.8537471981425
8,56,300.78996559461
8,57,296.6889255922225
8,58,285.07617798358
8,59,279.9931787592925
8,60,277.15770836337003
8,61,261.8826050255775
8,62,244.15444718819248
8,63,230.516264097895
8,64,214.899729901845
8,65,204.97320704462248
8,66,191.1356150561275
8,67,181.474627080645
8,68,176.08363780753
8,69,155.598655333335
8,70,153.0850239555
8,71,153.0850239297
8,72,152.08328887363
8,73,151.34563353993752
8,74,151.3456335302375
8,75,142.55362886498
8,76,122.42476292515
8,77,122.1087231386025
8,78,121.772501873425
8,79,121.3758695904725
8,80,116.53936821769
8,81,115.09033134865001
8,82,111.721434515555
8,83,107.09530019961501
8,84,105.9117411897125
8,85,102.995579192065
8,86,102.15369082039
8,87,90.59086149744749
8,88,89.88104166777
8,89,88.80221611096
8,90,83.2470524641775
8,91,82.55352983094
8,92,81.2223636835375
8,93,80.39837544355
8,94,80.103350035555
8,95,77.3531821434425
8,96,72.92356880639
8,97,70.37375567494999
8,98,69.30125121828749
8,99,66.7049760315825
8,100,66.44814508178
8,101,65.8843474328
8,102,65.14115312410999
8,103,64.86162566598999
8,104,63.90710773046
8,105,60.547592717135004
8,106,59.00424149342
8,107,58.065820853954996
8,108,57.4665398242675
8,109,57.275395095137505
8,110,55.78070779118
8,111,55.421364108202496
8,112,54.4478878850825
8,113,54.447887872305
8,114,48.423733213154996
8,115,47.1796541354575
8,116,46.8296625882775
8,117,44.6020077429225
8,118,43.840202867575
8,119,43.617732101505
8,120,41.296091789742505
8,121,39.8378973779375
8,122,39.1621550501075
8,123,38.2608957092325
8,124,35.95443326164
8,125,35.7327310358975
8,126,33.75135406679
8,127,32.736043656229995
8,128,31.320665661815003
8,129,30.869484646507498
8,130,28.2658505232025
8,131,28.159767383640002
8,132,26.769059873237502
8,133,25.9869040192375
8,134,25.509294699385002
8,135,24.359023612697502
8,136,24.1305892811775
8,137,23.630888836455
8,138,23.1413477908625
8,139,21.773772287747498
8,140,21.0184926655825
8,141,20.4982374777575
8,142,19.27125276847
8,143,18.86794089815
8,144,17.993550151675002
8,145,16.341504103885
8,146,15.4703858133175
8,147,15.34328240662
8,148,14.8388525182075
8,149,14.8388525170925
8,150,14.556846024315002
8,151,13.847047079212501
8,152,13.3302912260825
8,153,13.205226889975
8,154,13.165704141965
8,155,12.63332509683
8,156,12.514249285344999
8,157,12.318846476105
8,158,12.318846469644999
8,159,12.0222360034325
8,160,12.022236002905
8,161,11.133980108745
8,162,11.1076888620575
8,163,10.9901897655425
8,164,10.9205258611
8,165,9.241996411079999
8,166,9.17807447639
8,167,8.8300719940275
8,168,8.355654763885001
8,169,8.3556547514375
8,170,7.8798236992775
8,171,7.78041638975
8,172,7.42881400439
8,173,7.3120720230775005
8,174,7.29633710671
8,175,7.16005235413
8,176,7.16005235413
8,177,6.72937858457
8,178,6.702127975202499
8,179,6.7021279682375
8,180,6.6998133534475
8,181,6.6372398138449995
8,182,6.5863988947175
8,183,6.5743350313975
8,184,6.521994242822499
8,185,6.4469690811975
8,186,6.3714385218375
8,187,6.3714385218375
8,188,6.37143852089
8,189,6.293309587835
8,190,6.2776783470924995
8,191,6.021341325185
8,192,6.02134132352
8,193,5.894591522585
8,194,5.8676077364824994
8,195,5.8260278027925
8,196,5.6828397940599995
8,197,5.4700980942525
8,198,5.4700980931775
8,199,5.37567063096
8,200,5.3581344255525
8,201,5.1446306144775
8,202,5.14463060577
8,203,5.13524106397
8,204,5.1289556446775
8,205,5.128955644242501
8,206,5.10719994675
8,207,5.0732401268650005
8,208,5.0732401247325
8,209,5.0732401173
8,210,4.97424397029
8,211,4.9550005206075
8,212,4.930338457345
8,213,4.79677420254
8,214,4.7951570252075
8,215,4.7951570140975
8,216,4.677946247745
8,217,4.5721241920899995
8,218,4.4794340915025
8,219,4.431750453395
8,220,4.341263348062499
8,221,4.27919053891
8,222,4.27919053865
8,223,4.277899235095
8,224,4.272584120975
8,225,4.206576468245
8,226,4.11180223471
8,227,4.1049537750975
8,228,4.090780801475
8,229,4.08567467614
8,230,4.0731540547925
8,231,4.031039815465
8,232,4.0108393086775
8,233,3.9355493690000003
8,234,3.931324662235
8,235,3.9268869617875
8,236,3.89452037456
8,237,3.8343815658275
8,238,3.83137139897
8,239,3.7428850240025
8,240,3.7428850201499997
8,241,3.63654076989
8,242,3.60376838496
8,243,3.5218621196975
8,244,3.514108827005
8,245,3.51410881476
8,246,3.5063961611325
8,247,3.4743044245875
8,248,3.4727228003225
8,249,3.2868204680749997
8,250,3.2868204641825
8,251,3.2796880817225
8,252,3.279688070885
8,253,3.24374103994
8,254,3.2437410386800005
8,255,3.1983607133575
8,256,3.19836070793
8,257,3.180512968965
8,258,3.180453786065
8,259,3.18045377767
8,260,3.1708368545625
8,261,3.103604551295
8,262,3.1022861079975
8,263,3.1022860994425
8,264,3.0996869293825
8,265,3.0590793479475
8,266,3.05475966485
8,267,3.001055930445
8,268,2.9815558452674997
8,269,2.8969275256725
8,270,2.888200013875
8,271,2.88820000913
8,272,2.886751050165
8,273,2.8254783910675
8,274,2.8211356624275004
8,275,2.8211356574825
8,276,2.82070748272
8,277,2.81921351403
8,278,2.8143378367125
8,279,2.7758378131674997
8,280,2.7665770182725002
8,281,2.7258871620400003
8,282,2.7159792223975
8,283,2.7159792179
8,284,2.7137374068425
8,285,2.65664841141
8,286,2.6473682068725
8,287,2.6473681923525
8,288,2.6426169794825
8,289,2.6426169790675003
8,290,2.62878245053
8,291,2.591290411605
8,292,2.5861761157075
8,293,2.5806427084325003
8,294,2.5734533918899998
8,295,2.57345338077
8,296,2.5688360297425
8,297,2.5056940083125
8,298,2.49574069792
8,299,2.4920510057625003
8,300,2.489955670505
8,301,2.48653073849
8,302,2.4864922954475
8,303,2.436907466085
8,304,2.4345203647125
8,305,2.429893356495
8,306,2.4294790786325
8,307,2.429479075845
8,308,2.42752729685
8,309,2.3918288247425
8,310,2.3908680198575003
8,311,2.3875284608175003
8,312,2.3875284587725
8,313,2.37768358947
8,314,2.3753734829025
8,315,2.3426403331275
8,316,2.340434653155
8,317,2.3217616569975
8,318,2.3206199762125
8,319,2.31086160639
8,320,2.3099568271075
8,321,2.267657993925
8,322,2.2662222465525
8,323,2.2530355707750003
8,324,2.252227026075
8,325,2.2471534371525
8,326,2.2465679503400002
8,327,2.2099882060775
8,328,2.2040718224
8,329,2.1765993156050003
8,330,2.176446360535
8,331,2.1751583913049997
8,332,2.1735684937375
8,333,2.13832235293
8,334,2.1380163250725
8,335,2.123416394325
8,336,2.122798194425
8,337,2.1148034303675
8,338,2.1022950926775
8,339,2.0787762358224997
8,340,2.0770243124675
8,341,2.0595220129675
8,342,2.0594625688575
8,343,2.0594625672225
8,344,2.057144650595
8,345,2.0327459856675
8,346,2.032544664895
8,347,2.0094185473825
8,348,2.0078260545775
8,349,2.0069303159775
8,350,2.0058425079125
8,351,1.9810783510499999
8,352,1.9801706515425
8,353,1.9654693306550002
8,354,1.9617425536150002
8,355,1.9610175839100001
8,356,1.95799406605
8,357,1.93484695995
8,358,1.9329231727299998
8,359,1.9112060973799998
8,360,1.9070702791399998
8,361,1.9069047525199998
8,362,1.9012812601699998
8,363,1.8876967270424998
8,364,1.8876967252675
8,365,1.8659635100525
8,366,1.86411619233
8,367,1.8641161834175002
8,368,1.86375467931
8,369,1.8458160086275002
8,370,1.8458160068675
8,371,1.8171909445025
8,372,1.8167701284724997
8,373,1.8167701261325
8,374,1.8166372008225
8,375,1.8038552858624999
8,376,1.8028723364375001
8,377,1.773943833105
8,378,1.7739438290425
8,379,1.77273423072
8,380,1.7723668629825
8,381,1.7582941644824999
8,382,1.757436020665
8,383,1.7387559507625
8,384,1.7379481796324998
8,385,1.73644010746
8,386,1.7317403014575
8,387,1.7213349280799999
8,388,1.716141811015
8,389,1.70002972793
8,390,1.6992802225950001
8,391,1.6869473187050001
8,392,1.6850474859625
8,393,1.6775739211449998
8,394,1.674155816045
8,395,1.6486675385400003
8,396,1.6389065163649998
8,397,1.632713642365
8,398,1.6270464903450002
8,399,1.6191384303974998
8,400,1.6137487966225
8,401,1.5888320161975
8,402,1.58718666088
8,403,1.5871866563750001
8,404,1.5871470485199999
8,405,1.581146731095
8,406,1.5809221391775
8,407,1.569985702075
8,408,1.5699857002950002
8,409,1.5655129894175002
8,410,1.5637785385475
8,411,1.5554837122775
8,412,1.55359907616
8,413,1.5455607051175
8,414,1.5449670447000001
8,415,1.5449670429475
8,416,1.5446624005725
8,417,1.535530888615
8,418,1.5333462952725
8,419,1.5207891572499999
8,420,1.5185901368125
8,421,1.5175295735024998
8,422,1.5160295945775
8,423,1.50305193509
8,424,1.4970641894174999
8,425,1.478062944335
8,426,1.4771414302525
8,427,1.47455623983
8,428,1.47455623767
8,429,1.4689064801175
8,430,1.4666325417075001
8,431,1.4483646411275
8,432,1.4482420835975
8,433,1.44409233611
8,434,1.4412103520375
8,435,1.439345222205
8,436,1.4392928509375
8,437,1.413771043365
8,438,1.40562916963
8,439,1.3999301253425
8,440,1.3990703884625
8,441,1.3966861338175
8,442,1.392313851995
8,443,1.3753325419875
8,444,1.3743982773575
8,445,1.3743636950375
8,446,1.3721590188400001
8,447,1.3676285637074999
8,448,1.3675506860125
8,449,1.353591596055
8,450,1.34994292409
8,451,1.34795861387
8,452,1.34664320364
8,453,1.3458324530649999
8,454,1.34583245287
8,455,1.3400988640275
8,456,1.3385447070725
8,457,1.3323101800125001
8,458,1.32840550667
8,459,1.3265698688699998
8,460,1.3213964809649998
8,461,1.31416838979
8,462,1.31079812183
8,463,1.3073116628850001
8,464,1.3068179748825002
8,465,1.305328253385
8,466,1.3031765022750001
8,467,1.2881413583849999
8,468,1.288104587355
8,469,1.2851361317775
8,470,1.2851361299275
8,471,1.2821550600275
8,472,1.281783025365
8,473,1.2646729268125
8,474,1.260357121025
8,475,1.252044637305
8,476,1.2474124514225
8,477,1.2460247873225
8,478,1.24553002811
8,479,1.24059269563
8,480,1.2390832165775
8,481,1.2352251069525
8,482,1.2347269540724999
8,483,1.22218396535
8,484,1.21791749244
8,485,1.211482473305
8,486,1.2087699281200002
8,487,1.2060942266374999
8,488,1.205816644405
8,489,1.203013865105
8,490,1.1994762254975
8,491,1.1911176789725
8,492,1.1896202472225
8,493,1.1874613383925001
8,494,1.1849757895050002
8,495,1.1849750028625
8,496,1.1817588417275
8,497,1.1685529400625
8,498,1.16648936678
8,499,1.1663700378925
8,500,1.1654267981225002
8,501,1.1557488584425
8,502,1.1528636030825
8,503,1.1478065011225
8,504,1.1477668922775002
8,505,1.14364246418
8,506,1.14364246418
8,507,1.1409728972475
8,508,1.1383208935475
8,509,1.1255605848125
8,510,1.119916250575
8,511,1.1199162505725
8,512,1.117455277325
8,513,1.1129077302275001
8,514,1.1123563871375
8,515,1.1060720074225001
8,516,1.10607200734
8,517,1.10399389192
8,518,1.1023231365575001
8,519,1.0932931858875
8,520,1.092330799885
8,521,1.08741573886
8,522,1.07950839601
8,523,1.07821344684
8,524,1.07795363141
8,525,1.07435653391
8,526,1.0731458651349999
8,527,1.0633174118325
8,528,1.0619085899325
8,529,1.0617089748
8,530,1.0588804722099998
8,531,1.056530158335
8,532,1.0486400001775
8,533,1.0447788360624999
8,534,1.0430560295025
8,535,1.0418322999275
8,536,1.03991127865
8,537,1.03991127865
8,538,1.038466590845
8,539,1.035190744915
8,540,1.0290475596025002
8,541,1.0290246342925
8,542,1.02893020086
8,543,1.0253709263125
8,544,1.023777780025
8,545,1.0156348413549998
8,546,1.0109748994275
8,547,1.0076612451
8,548,1.00641816068
8,549,1.0008651266425
8,550,0.9995417176125001
8,551,0.9971783050124999
8,552,0.9971783050124999
8,553,0.9933192840749999
8,554,0.989687388115
8,555,0.9871325630025
8,556,0.987132561845
8,557,0.9814962510499999
8,558,0.978141156965
8,559,0.9769017731774999
8,560,0.9766632687450001
8,561,0.97635216065
8,562,0.97635216006
8,563,0.9752981777
8,564,0.9752981777
8,565,0.9726109660300001
8,566,0.9698571883225
8,567,0.9688811229025
8,568,0.9631685319475001
8,569,0.9589811118749999
8,570,0.953676635555
8,571,0.9502844796375
8,572,0.9492543459125
8,573,0.9465339547475
8,574,0.9465339547475
8,575,0.9409948982625
8,576,0.9409158058425
8,577,0.9365982861475001
8,578,0.9344666341950001
8,579,0.93425145074
8,580,0.9322961127625
8,581,0.9301403878375
8,582,0.9281114022300001
8,583,0.9246261259549999
8,584,0.9216881706700001
8,585,0.9216881694625
8,586,0.9151251282575
8,587,0.9132609340375
8,588,0.9113977770425
8,589,0.9041624912099999
8,590,0.9013489263700001
8,591,0.9013489257025
8,592,0.8979822738475001
8,593,0.8968497041625
8,594,0.890462803565
8,595,0.8784840785575
8,596,0.8779496540549999
8,597,0.8774793576875
8,598,0.876804851795
8,599,0.8761867985425
8,600,0.8694580459275001
8,601,0.8626891029475001
8,602,0.8623616964474999
8,603,0.8484552348575001
8,604,0.84182742766
8,605,0.8391224430825
8,606,0.8391224422175
8,607,0.8378388652450001
8,608,0.8369633407349999
8,609,0.8341904460425
8,610,0.8341904460425
8,611,0.8318272974225
8,612,0.8308856653775001
8,613,0.8273580357775
8,614,0.8263800404525
8,615,0.8263800404525
8,616,0.82570889709
8,617,0.8222983648
8,618,0.8218147182300001
8,619,0.81712796022
8,620,0.81712796001
8,621,0.8129209903
8,622,0.8117230670725
8,623,0.8087493197975
8,624,0.8057745849675
8,625,0.80109339087
8,626,0.8003559473375
8,627,0.799022188215
8,628,0.7987625707875
8,629,0.79805217012
8,630,0.796081472375
8,631,0.79234487596
8,632,0.7923402126775
8,633,0.7923383593475
8,634,0.7878194364175
8,635,0.7875344649925
8,636,0.7864636843475
8,637,0.785327937815
8,638,0.782799744405
8,639,0.780047107735
8,640,0.7794306996975
8,641,0.77622805946
8,642,0.7741052706525
8,643,0.771266057415
8,644,0.76566526667
8,645,0.76404253996
8,646,0.758829999695
8,647,0.7574107815550001
8,648,0.7535916192850001
8,649,0.7475930523675001
8,650,0.7449707035925
8,651,0.7438196488025
8,652,0.7431090388699999
8,653,0.74029552203
8,654,0.7402955204949999
8,655,0.734231806245
8,656,0.7326336234024999
8,657,0.7289773391775001
8,658,0.728977336905
8,659,0.7279302087825
8,660,0.7253761599025
8,661,0.721624385845
8,662,0.7163979473975
8,663,0.7127950284125
8,664,0.7124302341675001
8,665,0.7117896732675
8,666,0.711789671875
8,667,0.7109391313525
8,668,0.7106814244925
8,669,0.7019421579525
8,670,0.701020407985
8,671,0.7004942739775
8,672,0.7000629807125
8,673,0.6979880388575
8,674,0.6979555633225
8,675,0.69145799482
8,676,0.6914579941075
8,677,0.691457992975
8,678,0.6872237334825
8,679,0.686161803365
8,680,0.6848458895975
8,681,0.6811909043475
8,682,0.67992682536
8,683,0.679926824645
8,684,0.6779977527825001
8,685,0.6716559655375
8,686,0.6686569070824999
8,687,0.664142596405
8,688,0.6578890793000001
8,689,0.65652416584
8,690,0.6549353698775
8,691,0.654165918
8,692,0.653953852155
8,693,0.6461655573425
8,694,0.645498099875
8,695,0.64465550514
8,696,0.6422771190575001
8,697,0.641698298825
8,698,0.641698298015
8,699,0.6322240309875
8,700,0.62888773835
8,701,0.6284709510175001
8,702,0.6277341710275001
8,703,0.6277019466025
8,704,0.6256942306025001
8,705,0.620834855675
8,706,0.620834847005
8,707,0.6184297841624999
8,708,0.6176010456200001
8,709,0.617583785005
8,710,0.61758378128
8,711,0.6088311812625
8,712,0.6088311739325001
8,713,0.608590204835
8,714,0.6082424736300001
8,715,0.60780552758
8,716,0.6078055227575
8,717,0.5938618917325
8,718,0.59386188563
8,719,0.5938618795475
8,720,0.5938618767825
8,721,0.591102455715
8,722,0.5911024501275001
8,723,0.576015149815
8,724,0.57601514583
8,725,0.5760151384325
8,726,0.5760151367849999
8,727,0.57601512877
8,728,0.5760151238425
8,729,0.5619580057925
8,730,0.5619579996599999
8,731,0.5619579875925
8,732,0.55988254939
8,733,0.55988254549
8,734,0.5598825430325001
8,735,0.5473205099725
8,736,0.5473205037325
8,737,0.5466126391825
8,738,0.5466126387625
8,739,0.5463394266325
8,740,0.54503708572
8,741,0.5285258311175001
8,742,0.528525825105
8,743,0.52834655343
8,744,0.52834655237
8,745,0.5283465502225
8,746,0.5283465492849999
8,747,0.5081108113524999
8,748,0.50799707348
8,749,0.5052616884825001
8,750,0.5052616864325
8,751,0.505261685465
8,752,0.505261680825
8,753,0.4929556061325
8,754,0.492955599255
8,755,0.4929555856725
8,756,0.49295558264999995
8,757,0.4929555773425
8,758,0.49295557385999994
8,759,0.48164171156
8,760,0.4816417022325
8,761,0.48164169097
8,762,0.4816416873775
8,763,0.48164168100250004
8,764,0.48164167588
8,765,0.46609557889
8,766,0.46609556931250007
8,767,0.46609555683000004
8,768,0.4660955526975
8,769,0.466095546835
8,770,0.46609554354750005
8,771,0.4464734596700001
8,772,0.44647345051750004
8,773,0.4464734402425
8,774,0.446473435335
8,775,0.44647342982750005
8,776,0.4464734275525
8,777,0.425753566915
8,778,0.425753558665
8,779,0.425753547755
8,780,0.42575354350500005
8,781,0.425753538935
8,782,0.4257535358675
8,783,0.4049404555725
8,784,0.40494044759000003
8,785,0.4049404349625
8,786,0.40494043126
8,787,0.40494042804749997
8,788,0.40494042477500003
8,789,0.38555622626499997
8,790,0.3855562201675
8,791,0.3855562078275
8,792,0.385556201175
8,793,0.38555619995
8,794,0.38555619760500004
8,795,0.369168025015
8,796,0.36916801879750005
8,797,0.36916800168499997
8,798,0.3691679928375
8,799,0.3691679924225
8,800,0.36916799034
8,801,0.35602129164499996
8,802,0.3560212856325
8,803,0.35602127376750003
8,804,0.35602126425999997
8,805,0.3560212637725
8,806,0.3560212575775
8,807,0.34364520831
8,808,0.3436452025525
8,809,0.34364519318750003
8,810,0.34364518365499996
8,811,0.343645181375
8,812,0.34364517818249996
8,813,0.32802839904750003
8,814,0.32802839431
8,815,0.32802838695000003
8,816,0.32802837792
8,817,0.32802837581
8,818,0.32802837362
8,819,0.3131026038325
8,820,0.313102598505
8,821,0.3131025944175
8,822,0.3131025857775
8,823,0.313102580985
8,824,0.31310257881000003
8,825,0.30076254002999997
8,826,0.30076253315
8,827,0.30076252866000003
8,828,0.30076252191999997
8,829,0.3007625162675
8,830,0.3007625156525
8,831,0.29098642085000004
8,832,0.290986410915
8,833,0.2909864082
8,834,0.290986404135
8,835,0.2909864003775
8,836,0.29098639857499997
8,837,0.2803266785075
8,838,0.2803266679825
8,839,0.28032666648750004
8,840,0.280326664295
8,841,0.28032666114000004
8,842,0.2803266581125
8,843,0.2671148920875
8,844,0.2671148807275
8,845,0.267114878745
8,846,0.26711487739499995
8,847,0.267114875535
8,848,0.26711487303000003
8,849,0.2535841859775
8,850,0.253584176215
8,851,0.253584175095
8,852,0.25358417407
8,853,0.25358417189
8,854,0.2535841674
8,855,0.24327027237249998
8,856,0.2432702660275
8,857,0.24327026481749997
8,858,0.24327026365
8,859,0.24327026204250002
8,860,0.2432702554925
8,861,0.2340460098625
8,862,0.23404600380499999
8,863,0.23404600267499998
8,864,0.234046000915
8,865,0.234045998195
8,866,0.23404599371499998
8,867,0.2241923219625
8,868,0.22419231512249999
8,869,0.2241923130275
8,870,0.224192310335
8,871,0.2241923073275
8,872,0.224192302765
8,873,0.2175088346975
8,874,0.2175088278275
8,875,0.2175088246125
8,876,0.21750882052750004
8,877,0.217508818045
8,878,0.21750881469750002
8,879,0.21265867481999998
8,880,0.21265866838250003
8,881,0.212658664405
8,882,0.2126586600825
8,883,0.21265865870000003
8,884,0.21265865714000004
8,885,0.208002058195
8,886,0.20800205197000002
8,887,0.208002047005
8,888,0.20800204396750002
8,889,0.20800204314499998
8,890,0.20800204119000001
8,891,0.20190562983500002
8,892,0.20190562302749998
8,893,0.201905617745
8,894,0.2019056162225
8,895,0.20190561574000002
8,896,0.2019056126975
8,897,0.193419150705
8,898,0.19341914310750002
8,899,0.1934191378225
8,900,0.1934191378225
8,901,0.19341913725999998
8,902,0.19341913363750002
8,903,0.182898830345
8,904,0.182898822815
8,905,0.1828988170625
8,906,0.1828988162825
8,907,0.1828988162825
8,908,0.1828988143425
8,909,0.171366627005
8,910,0.17136661989
8,911,0.17136661546
8,912,0.1713666153825
8,913,0.171366615005
8,914,0.1713666133325
8,915,0.1627974755175
8,916,0.162797468125
8,917,0.162797464645
8,918,0.16279746454750002
8,919,0.1627974629875
8,920,0.16279746291500002
8,921,0.1528828283375
8,922,0.15288282094
8,923,0.152882817765
8,924,0.152882817745
8,925,0.1528828169525
8,926,0.152882816935
8,927,0.1454523968325
8,928,0.1454523894075
8,929,0.14545238604250002
8,930,0.14545238604250002
8,931,0.1454523858125
8,932,0.14545238349
8,933,0.1413202170725
8,934,0.14132021107499998
8,935,0.141320207195
8,936,0.141320207195
8,937,0.141320207195
8,938,0.1413202041025
8,939,0.133498416995
8,940,0.13349841266
8,941,0.1334984081
8,942,0.13349840738250002
8,943,0.13349840738250002
8,944,0.13349840700499999
8,945,0.12514536337749999
8,946,0.1251453615175
8,947,0.125145357215
8,948,0.12514535632
8,949,0.12514535632
8,950,0.12514535632
8,951,0.1170981975875
8,952,0.11709819747250001
8,953,0.117098195155
8,954,0.117098194155
8,955,0.117098194155
8,956,0.117098194155
8,957,0.11532171230000002
8,958,0.11532171223250001
8,959,0.1153217114075
8,960,0.1153217097375
8,961,0.1153217097375
8,962,0.115321709415
8,963,0.10985403096499999
8,964,0.1098540307975
8,965,0.10985402986250001
8,966,0.10985402799500002
8,967,0.10985402799500002
8,968,0.1098540273025
8,969,0.10809232716750002
8,970,0.10809232701
8,971,0.108092326775
8,972,0.1080923264425
8,973,0.1080923264425
8,974,0.10809232574750001
8,975,0.10652652519000001
8,976,0.1065265242575
8,977,0.1065265242175
8,978,0.106526523655
8,979,0.106526523655
8,980,0.10652652175499999
8,981,0.10541709705999999
8,982,0.10541709422000001
8,983,0.10541709422000001
8,984,0.1054170942
8,985,0.1054170942
8,986,0.1054170941175
8,987,0.10425091587999999
8,988,0.104250913905
8,989,0.10425091370499999
8,990,0.10425091358250001
8,991,0.104250913525
8,992,0.1042509134625
8,993,0.10265040341000001
8,994,0.1026504022425
8,995,0.10265040222999999
8,996,0.10265040218750002
8,997,0.10265040218750002
8,998,0.10265040189
8,999,0.10076354841999999
8,1000,0.10076354841499999
9,1,32491.068303716187
9,2,10882.315078734504
9,3,5562.88747629704
9,4,2843.0770352771824
9,5,2021.0926344789925
9,6,1443.9850434509
9,7,1252.8097348947827
9,8,1211.6340823596752
9,9,978.3204073050025
9,10,822.7482360842599
9,11,753.4796856348274
9,12,747.494772948495
9,13,681.5537600468225
9,14,681.5537600468225
9,15,632.9640354266024
9,16,630.45449506152
9,17,560.4261066895125
9,18,545.65671602251
9,19,511.09308349882997
9,20,489.8651381582075
9,21,443.36218976223756
9,22,398.910488082825
9,23,396.068335297845
9,24,361.2708120213425
9,25,328.2421535862775
9,26,326.0515070624775
9,27,281.1049645841525
9,28,278.18399799610495
9,29,258.546644368495
9,30,249.0195229847875
9,31,219.74280002911001
9,32,199.38197605304498
9,33,180.1087221617075
9,34,175.2949951286775
9,35,173.202207546925
9,36,167.15833263484
9,37,162.82314432967502
9,38,157.435165973985
9,39,157.38753206243751
9,40,141.4439293856425
9,41,137.24142383746
9,42,133.56417641856999
9,43,130.931506849735
9,44,127.91913382380999
9,45,127.91913382380999
9,46,119.36466040401498
9,47,114.3604115858675
9,48,104.16258262992501
9,49,97.6191294313875
9,50,97.5367279519375
9,51,91.4211948642525
9,52,90.1020537319275
9,53,88.7454870950125
9,54,84.36828182038
9,55,84.06581901301
9,56,80.23131290211249
9,57,80.21256261853499
9,58,79.3524988409025
9,59,75.0703612217675
9,60,73.879396925035
9,61,68.78123481282499
9,62,68.78123481282499
9,63,67.06292387221251
9,64,60.919146848160004
9,65,60.379590025442496
9,66,57.728857896914995
9,67,52.71929690776
9,68,52.36078854187
9,69,52.36078854187
9,70,48.9669246989225
9,71,48.5801770354925
9,72,46.62568399952
9,73,43.4431860237375
9,74,43.4431860237375
9,75,42.6928298626475
9,76,41.543951648115
9,77,40.8256098226325
9,78,39.62084178991
9,79,38.991914830295
9,80,38.503943567952504
9,81,37.88849057864
9,82,35.710921103672504
9,83,32.3745298851375
9,84,32.3745298851375
9,85,32.14789108643
9,86,30.664137582575
9,87,29.21081974229
9,88,26.9245203533025
9,89,26.72962544851
9,90,26.307601237820002
9,91,26.307601237820002
9,92,25.030826136370003
9,93,24.93353483295
9,94,23.8173548930175
9,95,23.4061147605625
9,96,23.1055119925475
9,97,22.725677625465
9,98,21.92274739853
9,99,21.582070705005002
9,100,21.49804181431
9,101,21.2718490321625
9,102,21.065603756735
9,103,20.476603116027498
9,104,20.476603116027498
9,105,20.204606966277503
9,106,19.7566183497075
9,107,18.839761572667502
9,108,18.7849306819075
9,109,18.3830845595375
9,110,17.096718861405
9,111,16.885988126730002
9,112,16.7945964478275
9,113,16.502338380035
9,114,16.277931193
9,115,15.626647257215001
9,116,15.3814451554475
9,117,14.8767859599775
9,118,14.45155556224
9,119,13.571510805617502
9,120,13.4157779180625
9,121,13.268336993385
9,122,12.695375964650001
9,123,12.475083130105
9,124,12.4131219794475
9,125,11.9986894365975
9,126,11.9986894365975
9,127,11.901663922265
9,128,11.7991382146625
9,129,11.6187258135375
9,130,11.6187258135375
9,131,11.4212013752725
9,132,11.3233764904625
9,133,11.06929512453
9,134,11.050884144487501
9,135,10.8321508212825
9,136,10.51627817509
9,137,9.770661242814999
9,138,9.3848521862825
9,139,8.9019252957975
9,140,8.9019252957975
9,141,8.8106141803825
9,142,8.40073615633
9,143,8.140876917555001
9,144,8.0988744315125
9,145,7.910406349592501
9,146,7.84901479925
9,147,7.6452852458325
9,148,7.510923990685001
9,149,7.510923990685001
9,150,7.3275264065575
9,151,7.1504054387050004
9,152,7.1055253667025
9,153,6.9472456539475
9,154,6.3792979352675
9,155,6.3792979352675
9,156,6.2561591442
9,157,6.1797633771475
9,158,6.107090205395
9,159,6.107090205395
9,160,6.0865346407775
9,161,6.0034843704575
9,162,5.917994638135
9,163,5.871786648195
9,164,5.831382403835
9,165,5.48765475986
9,166,5.331601115130001
9,167,5.313371892365
9,168,5.305597653985
9,169,5.2923404619175
9,170,5.24910129598
9,171,5.2370325217025
9,172,5.209216973625
9,173,5.1851211720175
9,174,5.1640364493675
9,175,5.111891779445
9,176,5.0664137663524995
9,177,5.0485843708600004
9,178,4.7822343953474995
9,179,4.7098103653925
9,180,4.705908692322501
9,181,4.697959955497501
9,182,4.62012868601
9,183,4.6023192277275005
9,184,4.5761849709475
9,185,4.49857503653
9,186,4.489530399142501
9,187,4.4824889511125
9,188,4.453741249665
9,189,4.38265390872
9,190,4.36782563784
9,191,4.34090397456
9,192,4.328542935875
9,193,4.3130480775825
9,194,4.3079920822425
9,195,4.27716348171
9,196,4.247641931345
9,197,4.24764193079
9,198,4.230715490850001
9,199,4.1889319159800005
9,200,4.14447975342
9,201,4.0786899779425
9,202,3.9382816594
9,203,3.92842266666
9,204,3.909444315825
9,205,3.9040174903475
9,206,3.9004241606775
9,207,3.8525510591699996
9,208,3.8394784549950005
9,209,3.8249926606075
9,210,3.8056133675574997
9,211,3.7216520730825002
9,212,3.71412852623
9,213,3.7126986628575005
9,214,3.70281810961
9,215,3.6852312189475
9,216,3.6818879197375005
9,217,3.6740907617725
9,218,3.661054078185
9,219,3.6512448039475003
9,220,3.6408291482500004
9,221,3.6377230204025004
9,222,3.5861816903399997
9,223,3.580718515585
9,224,3.56092077933
9,225,3.5430172789350003
9,226,3.5216134912925
9,227,3.5216134912925
9,228,3.5196568779975004
9,229,3.500481125725
9,230,3.495556290135
9,231,3.47785380639
9,232,3.4769559309450004
9,233,3.4745099561324997
9,234,3.47051074247
9,235,3.4394799128625
9,236,3.439107373045
9,237,3.4304554854525002
9,238,3.4225094333649997
9,239,3.4193602094075004
9,240,3.4139829486625004
9,241,3.3852899149850004
9,242,3.3802829654575
9,243,3.371692280805
9,244,3.3698789723625
9,245,3.3659652028400004
9,246,3.3521154427699997
9,247,3.3495902072950003
9,248,3.3444117337975
9,249,3.3302136067875
9,250,3.319398472255
9,251,3.319398472255
9,252,3.319398472255
9,253,3.31067485856
9,254,3.297515639385
9,255,3.2951317668175
9,256,3.29513176556
9,257,3.2744364836999997
9,258,3.26636994276
9,259,3.2632876757349996
9,260,3.24787774068
9,261,3.2362554943825
9,262,3.2298854756099997
9,263,3.2295988075700004
9,264,3.2174589289224995
9,265,3.20842341087
9,266,3.2012880513675
9,267,3.189337074235
9,268,3.189337073125
9,269,3.1819022575475
9,270,3.1763620985100003
9,271,3.17074820856
9,272,3.1681749688575
9,273,3.154966016635
9,274,3.14669957299
9,275,3.13922447744
9,276,3.138639497685
9,277,3.1302899132275
9,278,3.1266669688124997
9,279,3.1161249786025
9,280,3.1143572301424998
9,281,3.1073538159600003
9,282,3.0959557820325
9,283,3.0893011846875003
9,284,3.0865012794875
9,285,3.07132612571
9,286,3.06957180361
9,287,3.057475092155
9,288,3.057475092155
9,289,3.0534100467400003
9,290,3.0436304249950004
9,291,3.0304502485275
9,292,3.0164348081425
9,293,3.0080803943525
9,294,2.9997353648725
9,295,2.996274385255
9,296,2.99279431617
9,297,2.9656833020625
9,298,2.959544959475
9,299,2.951143833115
9,300,2.9469010736975
9,301,2.9439049931525
9,302,2.9438092733975
9,303,2.9293516968174997
9,304,2.9278374909275002
9,305,2.9209385649125
9,306,2.9177114307725
9,307,2.917145557655
9,308,2.91710962002
9,309,2.902914179925
9,310,2.8942631302149997
9,311,2.8887429680250003
9,312,2.8873839621675
9,313,2.8814218544325003
9,314,2.8720335260925003
9,315,2.862531798105
9,316,2.86240951161
9,317,2.84990082806
9,318,2.8490905769625003
9,319,2.8481332574325
9,320,2.8481332574325
9,321,2.8284249728799997
9,322,2.8225166980925
9,323,2.8185178731675
9,324,2.8064099634849997
9,325,2.8061511928625
9,326,2.8033444209550002
9,327,2.801217311205
9,328,2.79549153269
9,329,2.7768974105075
9,330,2.7755405205525
9,331,2.771431879585
9,332,2.7636012782125
9,333,2.7484650542874998
9,334,2.7458020933725
9,335,2.7341763679675
9,336,2.7290508980175003
9,337,2.7262453021425
9,338,2.7255528103374997
9,339,2.71158500316
9,340,2.7109835664275
9,341,2.6990371518650003
9,342,2.698404197915
9,343,2.685641317275
9,344,2.6856413157575
9,345,2.676390714275
9,346,2.6750469266100003
9,347,2.66160260166
9,348,2.6604196291449997
9,349,2.6595697973825
9,350,2.655601095055
9,351,2.6458541706725
9,352,2.6411600162325
9,353,2.62520013916
9,354,2.6157960988125
9,355,2.6129043929625
9,356,2.606472343265
9,357,2.60266030936
9,358,2.6018493713825004
9,359,2.58627768106
9,360,2.5861617575499998
9,361,2.5799121695425002
9,362,2.57812109833
9,363,2.5707294746275
9,364,2.5692563267275004
9,365,2.550469901795
9,366,2.5447364857225
9,367,2.5438018647575
9,368,2.5420399693575
9,369,2.5357357467625
9,370,2.5356406193625
9,371,2.5236929565375
9,372,2.51930397266
9,373,2.5183644801100002
9,374,2.51544459479
9,375,2.5088112697825
9,376,2.5035071400774997
9,377,2.4894012027725
9,378,2.4850422115275004
9,379,2.4811186146175
9,380,2.4766868809175
9,381,2.474439817505
9,382,2.474439817505
9,383,2.4699074435625
9,384,2.4670160136700003
9,385,2.4567412023574997
9,386,2.4536026495575003
9,387,2.4495833313725
9,388,2.448849188735
9,389,2.4425804064425
9,390,2.4348834162974997
9,391,2.43378507785
9,392,2.42859463544
9,393,2.42124771248
9,394,2.4184727228300003
9,395,2.4090561056325
9,396,2.4082134976925
9,397,2.40626147007
9,398,2.4015556351075
9,399,2.3980473338025
9,400,2.396892965955
9,401,2.3894795327250002
9,402,2.37691288227
9,403,2.3743202323199997
9,404,2.3676592870875
9,405,2.36572657794
9,406,2.3657193633675
9,407,2.3589076139975
9,408,2.3566198315825
9,409,2.353913952665
9,410,2.3532311768775
9,411,2.347845474265
9,412,2.333562344875
9,413,2.3303940866625004
9,414,2.3225561312125
9,415,2.3194329604975
9,416,2.3194329597425
9,417,2.3127504448325
9,418,2.3065128977375
9,419,2.3042539501225
9,420,2.3023430491375
9,421,2.2991710111700003
9,422,2.284588722175
9,423,2.2810252468675
9,424,2.2778305311125
9,425,2.272380531045
9,426,2.271240540435
9,427,2.2680517170875
9,428,2.2615239430550003
9,429,2.2608551774350003
9,430,2.2604202570150003
9,431,2.25185537508
9,432,2.246113523415
9,433,2.2358324749
9,434,2.2325942378450003
9,435,2.2320176691149998
9,436,2.231509745575
9,437,2.2238900653575002
9,438,2.2161266991449997
9,439,2.2116087112350002
9,440,2.199814458325
9,441,2.1972649013075
9,442,2.1937566193449998
9,443,2.1833481926675
9,444,2.1832803146275
9,445,2.179179279785
9,446,2.1748273389275
9,447,2.1728972563425
9,448,2.167694941045
9,449,2.15758795289
9,450,2.14984880164
9,451,2.14984880164
9,452,2.1495670201625
9,453,2.1490814439675
9,454,2.1450350555925
9,455,2.143039067795
9,456,2.1425756450375
9,457,2.140480881995
9,458,2.1404808818875
9,459,2.132341141525
9,460,2.1277813596125
9,461,2.12075686168
9,462,2.1182729232499997
9,463,2.1153931735450002
9,464,2.1143721007975
9,465,2.1049103889025
9,466,2.1029802489325
9,467,2.1009829868875
9,468,2.1000070472575
9,469,2.0958872972475
9,470,2.0920411043725
9,471,2.087966278
9,472,2.087966277875
9,473,2.0749941824325
9,474,2.0721761398125
9,475,2.0683778499875
9,476,2.05526960617
9,477,2.0477313163775
9,478,2.044145870825
9,479,2.03870681753
9,480,2.0377001671799997
9,481,2.0332469662325
9,482,2.02880974257
9,483,2.0274184452825
9,484,2.0223352354125
9,485,2.017339684595
9,486,2.0170327284225
9,487,2.0156903225450002
9,488,2.0049280059625003
9,489,1.9959072221475
9,490,1.992970295315
9,491,1.9875122128249998
9,492,1.9840108689
9,493,1.980876797525
9,494,1.977133028675
9,495,1.9726681563225
9,496,1.9714025300075
9,497,1.969375167195
9,498,1.9672664049225
9,499,1.9669116893375
9,500,1.964519480285
9,501,1.9565795241050001
9,502,1.9553196359325
9,503,1.9548502534
9,504,1.9545710452449998
9,505,1.94827365059
9,506,1.9456456872625
9,507,1.9422604585649998
9,508,1.9391426512925
9,509,1.9320399601399998
9,510,1.9233492672775
9,511,1.9211243010524999
9,512,1.9205177239825002
9,513,1.9191368212775
9,514,1.9142572588975
9,515,1.9030888161225001
9,516,1.9025165408549998
9,517,1.898269954265
9,518,1.8926111957324998
9,519,1.8926111955924998
9,520,1.8846539580875
9,521,1.88078404634
9,522,1.8807840457674998
9,523,1.869074886645
9,524,1.8689690896925
9,525,1.86822139029
9,526,1.86822139029
9,527,1.864539533615
9,528,1.8637604116574997
9,529,1.8616664201100002
9,530,1.856347015905
9,531,1.85320566412
9,532,1.8515881721025
9,533,1.8482289718125
9,534,1.847920524305
9,535,1.846464242535
9,536,1.8458959898175
9,537,1.8366846024175
9,538,1.8325802953475
9,539,1.8204789075099999
9,540,1.81734347511
9,541,1.8144658647724998
9,542,1.8128818338350001
9,543,1.81126863803
9,544,1.8049092748525002
9,545,1.799562154025
9,546,1.7950178030225001
9,547,1.790714790135
9,548,1.790240409295
9,549,1.78898588592
9,550,1.7889350641125
9,551,1.7886883031924998
9,552,1.7874101743175
9,553,1.7790499941625
9,554,1.7724807708025
9,555,1.7683599935499998
9,556,1.7642852623349998
9,557,1.76427833944
9,558,1.761563368155
9,559,1.7494632521
9,560,1.748215463255
9,561,1.7458139416725
9,562,1.7415666187725
9,563,1.7368983617875
9,564,1.7337920613024997
9,565,1.7296642586000002
9,566,1.723498221155
9,567,1.7216753913925
9,568,1.7171191813575
9,569,1.7114143349750002
9,570,1.7109710074950002
9,571,1.70173746798
9,572,1.69943775502
9,573,1.6954941991224999
9,574,1.691257610375
9,575,1.6900309317424997
9,576,1.6897300417875
9,577,1.67679334669
9,578,1.6712089977775002
9,579,1.6704045027025
9,580,1.659821621245
9,581,1.65455319969
9,582,1.6523384870649998
9,583,1.645474569135
9,584,1.6410358608875
9,585,1.64064167686
9,586,1.6338711427375
9,587,1.6309859046775
9,588,1.6275222936375002
9,589,1.6213205218375002
9,590,1.6209110202625
9,591,1.6198179719199999
9,592,1.6176937360749999
9,593,1.613343422775
9,594,1.6077607553925
9,595,1.5958298069375
9,596,1.5953502450300001
9,597,1.5871847736925
9,598,1.5871617626075
9,599,1.5869852886475
9,600,1.58329287954
9,601,1.5783575541925
9,602,1.5739244396425
9,603,1.57220829368
9,604,1.559451647885
9,605,1.559299111995
9,606,1.55827422724
9,607,1.549035227275
9,608,1.5478550955725
9,609,1.5445324048325
9,610,1.5441543182925002
9,611,1.5438095842225
9,612,1.5401266914675
9,613,1.530143421295
9,614,1.526718793025
9,615,1.5260023115599999
9,616,1.524177258375
9,617,1.5217996765975
9,618,1.5179540145175001
9,619,1.5037165820775
9,620,1.4971091430599999
9,621,1.493636140035
9,622,1.4928552238675
9,623,1.49106867364
9,624,1.4909805778525
9,625,1.4841727790575
9,626,1.4841676895675
9,627,1.4793388742575
9,628,1.4757607389625
9,629,1.4754646282175001
9,630,1.4721333366275
9,631,1.4673983664025
9,632,1.4612347194325
9,633,1.4603702434575
9,634,1.4539232603375
9,635,1.4495809920875
9,636,1.4459664369624998
9,637,1.43934018294
9,638,1.4365914014099999
9,639,1.432100564645
9,640,1.4320973746125
9,641,1.428522839325
9,642,1.426693998795
9,643,1.409943648245
9,644,1.4095434822725
9,645,1.406382028485
9,646,1.4056280809775
9,647,1.4053755962675
9,648,1.399395104165
9,649,1.3887243637775
9,650,1.387922594185
9,651,1.3851855666025
9,652,1.38312104445
9,653,1.38142531442
9,654,1.3782526068599998
9,655,1.36907216509
9,656,1.3688891641774998
9,657,1.3686603269425
9,658,1.366617757205
9,659,1.3642380190124999
9,660,1.364099083785
9,661,1.3594981745049999
9,662,1.3543457730125001
9,663,1.34827260601
9,664,1.3473332979900001
9,665,1.3461793329999998
9,666,1.3455019754175
9,667,1.3397142349625
9,668,1.3384245415525
9,669,1.3286358323975
9,670,1.3264960863400002
9,671,1.325075511255
9,672,1.32420982181
9,673,1.3163594609975
9,674,1.3138564601525
9,675,1.3080082089925
9,676,1.307722971
9,677,1.3075291854575002
9,678,1.302321410735
9,679,1.2891471623825
9,680,1.287609237735
9,681,1.28366521614
9,682,1.28347638777
9,683,1.2763947792625001
9,684,1.27619327281
9,685,1.26385948718
9,686,1.2614986769774998
9,687,1.2530178569825001
9,688,1.25176695914
9,689,1.247638013235
9,690,1.2474521996625
9,691,1.245929725305
9,692,1.2449306370325002
9,693,1.2339026390124999
9,694,1.2337885478400001
9,695,1.23329887407
9,696,1.225558897095
9,697,1.2177228999275
9,698,1.2159521851475001
9,699,1.20809141738
9,700,1.2078032745875
9,701,1.2050556787375
9,702,1.194015174555
9,703,1.18880684713
9,704,1.188687670465
9,705,1.184147025765
9,706,1.1839885047999998
9,707,1.1820890624375
9,708,1.1817365371925
9,709,1.174298974085
9,710,1.1727622337099999
9,711,1.1649377339425
9,712,1.1649377200225
9,713,1.1649377161949999
9,714,1.1643799379500002
9,715,1.1632133336225
9,716,1.163213327275
9,717,1.145944139155
9,718,1.1433703032725
9,719,1.1429572859200001
9,720,1.1420880161825
9,721,1.138454463985
9,722,1.1359431034275
9,723,1.11345635139
9,724,1.1127450780800001
9,725,1.1113759410025001
9,726,1.11122714112
9,727,1.1075897827225
9,728,1.1075897776775
9,729,1.09262548208
9,730,1.091288952945
9,731,1.0850226242625
9,732,1.0841751475575
9,733,1.081392991095
9,734,1.0811989203999999
9,735,1.064000885615
9,736,1.0640008663175
9,737,1.0640008611975
9,738,1.0627863153125001
9,739,1.0602037837725
9,740,1.0602037798850001
9,741,1.0407225093175
9,742,1.0407224890375
9,743,1.0407224858400002
9,744,1.0407224858400002
9,745,1.03915816147
9,746,1.0391581569275001
9,747,1.01221676109
9,748,1.01221673469
9,749,1.0105685499575001
9,750,1.0102226629025002
9,751,1.008208813615
9,752,1.0082088090175
9,753,0.9893343892475001
9,754,0.989334357565
9,755,0.9893343509175001
9,756,0.9893343501925
9,757,0.9880234304675
9,758,0.988023425525
9,759,0.9689688435775
9,760,0.9689688128625
9,761,0.96896880643
9,762,0.9689688063125
9,763,0.9673620936224999
9,764,0.9673588858000001
9,765,0.942081413425
9,766,0.942081387855
9,767,0.942081381425
9,768,0.9420813813000001
9,769,0.9412981600225001
9,770,0.9412981536875
9,771,0.911532038105
9,772,0.9115320199675001
9,773,0.9115320133200001
9,774,0.91153201248
9,775,0.9108577962750001
9,776,0.910857786305
9,777,0.8845854127475
9,778,0.88458540099
9,779,0.8845853917650001
9,780,0.8845839163175
9,781,0.88446142139
9,782,0.884461410165
9,783,0.8640385765275
9,784,0.8640385664625001
9,785,0.8640385559725001
9,786,0.8640385513650001
9,787,0.8638169502325
9,788,0.8638169414650001
9,789,0.84537628275
9,790,0.84537627277
9,791,0.845376263625
9,792,0.8453762617524999
9,793,0.8453036415899999
9,794,0.8453036305375001
9,795,0.8256168464150001
9,796,0.82561683358
9,797,0.8256168242375
9,798,0.8256168189800001
9,799,0.82553935137
9,800,0.8255393391
9,801,0.8068478110499999
9,802,0.8068477973975
9,803,0.8068477897024999
9,804,0.8068477847075
9,805,0.8068383446
9,806,0.8068383315625001
9,807,0.78765504288
9,808,0.7876550286025
9,809,0.78765502465
9,810,0.787655018935
9,811,0.787637822045
9,812,0.787637809355
9,813,0.7711774643575
9,814,0.77117745139
9,815,0.7711774459475
9,816,0.771177437905
9,817,0.7711722567425
9,818,0.771172248755
9,819,0.75801335694
9,820,0.758013345625
9,821,0.75801333784
9,822,0.7580133288575001
9,823,0.7580087712725001
9,824,0.75800876211
9,825,0.7432446792125
9,826,0.7432446697675
9,827,0.7432446597025
9,828,0.7432446490875
9,829,0.7432413272574999
9,830,0.743241318925
9,831,0.7305813797125
9,832,0.7305813729725
9,833,0.73058136189
9,834,0.73058135473
9,835,0.7305810749825
9,836,0.730581066625
9,837,0.7071499601725
9,838,0.70714994953
9,839,0.7071499387125
9,840,0.7071499316475001
9,841,0.7071499088250001
9,842,0.7071499001925
9,843,0.682785456555
9,844,0.6827854474375
9,845,0.6827854401075
9,846,0.682785436615
9,847,0.68278543254
9,848,0.68278542412
9,849,0.6556544914125
9,850,0.6556544748775
9,851,0.65565446783
9,852,0.6556544641625
9,853,0.6556544629000001
9,854,0.6556544548825001
9,855,0.6286232197025
9,856,0.628623202555
9,857,0.628623196635
9,858,0.62862319594
9,859,0.6286231950625
9,860,0.6286231890575
9,861,0.6102342355075
9,862,0.6102342225974999
9,863,0.6102342190475001
9,864,0.6102342173024999
9,865,0.61023421663
9,866,0.61023421162
9,867,0.5971035193575001
9,868,0.5971035070674999
9,869,0.597103504885
9,870,0.597103503595
9,871,0.59710350225
9,872,0.5971034946875
9,873,0.58577111787
9,874,0.5857711089900001
9,875,0.5857711070475
9,876,0.585771105135
9,877,0.58577110342
9,878,0.5857710983525
9,879,0.574008146985
9,880,0.5740081390075
9,881,0.5740081376575
9,882,0.5740081358675
9,883,0.5740081322625
9,884,0.5740081293525
9,885,0.56375719825
9,886,0.5637571924925
9,887,0.5637571895625
9,888,0.5637571876325
9,889,0.5637571844925
9,890,0.563757181725
9,891,0.556428195265
9,892,0.55642819031
9,893,0.55642818866
9,894,0.55642818777
9,895,0.556428184165
9,896,0.5564281807975
9,897,0.5488873597375
9,898,0.5488873561975
9,899,0.5488873546125
9,900,0.5488873505625
9,901,0.548887348625
9,902,0.5488873472275
9,903,0.5433481029975
9,904,0.54334809911
9,905,0.5433480989275
9,906,0.54334809722
9,907,0.5433480946825
9,908,0.543348094165
9,909,0.53784019107
9,910,0.5378401868725
9,911,0.537840186325
9,912,0.5378401840575
9,913,0.5378401814725
9,914,0.5378401810425
9,915,0.5316344653275
9,916,0.5316344632125001
9,917,0.5316344608300001
9,918,0.5316344578475001
9,919,0.5316344566275
9,920,0.5316344565875
9,921,0.5283937426875001
9,922,0.5283937409475
9,923,0.52839373866
9,924,0.5283937367975
9,925,0.528393735945
9,926,0.5283937358874999
9,927,0.5211376510075001
9,928,0.5211376495650001
9,929,0.521137646885
9,930,0.521137645695
9,931,0.5211376452975001
9,932,0.5211376450725
9,933,0.51193234996
9,934,0.511932348635
9,935,0.5119323474549999
9,936,0.5119323472275
9,937,0.5119323466175001
9,938,0.511932346005
9,939,0.5054417574650001
9,940,0.50544175536
9,941,0.50544175532
9,942,0.5054417552825
9,943,0.505441755245
9,944,0.5054417551625
9,945,0.50138009092
9,946,0.5013800889850001
9,947,0.5013800887675
9,948,0.5013800868625
9,949,0.50138008686
9,950,0.5013800860225001
9,951,0.500296703225
9,952,0.5002967020625
9,953,0.5002967019275
9,954,0.50029670116
9,955,0.50029670116
9,956,0.5002966998125
9,957,0.4985780376625001
9,958,0.4985780367075
9,959,0.49857803652250005
9,960,0.498578035355
9,961,0.49857803534250006
9,962,0.4985780346925
9,963,0.4979391813975
9,964,0.49793918125500003
9,965,0.49793918077
9,966,0.49793918063750003
9,967,0.497939180635
9,968,0.4979391801625
9,969,0.49695724594750007
9,970,0.49695724594250007
9,971,0.49695724567250005
9,972,0.4969572454325
9,973,0.4969572452325
9,974,0.49695724499500005
9,975,0.4956092304475
9,976,0.4956092301775
9,977,0.49560923016
9,978,0.495609229195
9,979,0.495609229195
9,980,0.495609229195
9,981,0.4940635196325
9,982,0.49406351922749997
9,983,0.49406351922749997
9,984,0.49406351881
9,985,0.49406351881
9,986,0.49406351881
9,987,0.49329620055
9,988,0.49329620047
9,989,0.49329620047
9,990,0.49329619913750006
9,991,0.49329619913750006
9,992,0.493296199105
9,993,0.49290416353
9,994,0.492904163445
9,995,0.49290416300500006
9,996,0.4929041630025
9,997,0.4929041630025
9,998,0.4929041630025
9,999,0.492503836795
9,1000,0.4925038366375
10,1,17278171.385879308
10,2,8277545.520744112
10,3,5746570.004997745
10,4,4361485.660095953
10,5,2799059.741043965
10,6,2483409.1997717847
10,7,2232046.381431206
10,8,2072607.8309018533
10,9,1420848.6694738793
10,10,1095340.4878914768
10,11,786925.8095116459
10,12,553881.2777832446
10,13,477039.6706798073
10,14,410502.4351372002
10,15,374065.9517864276
10,16,332418.9898020335
10,17,269773.80485361145
10,18,217905.80969763384
10,19,203200.51679231363
10,20,182589.55831242702
10,21,172399.96551452315
10,22,158698.49269102656
10,23,154373.4490449108
10,24,142837.64555168455
10,25,116835.63154144112
10,26,108901.77829883466
10,27,92196.66875331465
10,28,81767.48520796443
10,29,81767.48520796443
10,30,77411.23269799065
10,31,74566.06406214618
10,32,73557.7377690636
10,33,73468.25220396197
10,34,72195.5029604911
10,35,71022.50062612697
10,36,71022.50062612697
10,37,68842.04829409797
10,38,66559.8360983923
10,39,65113.90146625814
10,40,64688.01227401181
10,41,63199.85401620619
10,42,62139.26420811729
10,43,62139.26420811729
10,44,57799.797557678554
10,45,56840.54635743557
10,46,53422.42931250357
10,47,52314.25214903248
10,48,52034.00193444417
10,49,52034.00193444417
10,50,52034.00193444417
10,51,48353.28556221833
10,52,48353.28556221833
10,53,41588.0835943616
10,54,40440.14856593371
10,55,40440.14856593371
10,56,37510.49594057464
10,57,34904.5538771742
10,58,34549.393885425256
10,59,34242.445589923525
10,60,33746.643690882185
10,61,33746.643690882185
10,62,31518.06294179837
10,63,31314.045353132544
10,64,31259.303655342977
10,65,30747.50560419143
10,66,30747.50560419143
10,67,30632.81927735082
10,68,29991.4301659634
10,69,28876.584679912914
10,70,27759.9440133962
10,71,27759.94400868566
10,72,27007.297580248058
10,73,26019.177201231265
10,74,25880.10707752839
10,75,24578.999536720017
10,76,22960.128516423712
10,77,22844.57778299193
10,78,22844.57778299193
10,79,22844.577782309407
10,80,22633.07667080353
10,81,21578.805896045873
10,82,20925.77542724396
10,83,20805.177915366483
10,84,20790.59488783929
10,85,20790.594879712833
10,86,19664.7656492904
10,87,19430.01778371496
10,88,19430.01778212185
10,89,19349.864980949707
10,90,19332.723605489817
10,91,19237.74964589579
10,92,19237.74964589579
10,93,19044.093347357677
10,94,18556.923268275837
10,95,18398.990296548465
10,96,17963.206586645447
10,97,17963.20658051961
10,98,17963.20658051961
10,99,17424.334424796714
10,100,17311.939947836898
10,101,17049.473809022176
10,102,16313.234271677147
10,103,16313.234267595873
10,104,16179.181370167697
10,105,16043.86646729924
10,106,16026.820784456373
10,107,16025.497546320006
10,108,16025.497502711436
10,109,16025.497488637888
10,110,16025.497477129164
10,111,15959.238356932954
10,112,15743.59227587533
10,113,15709.584121400578
10,114,15355.162051363059
10,115,15194.531431043932
10,116,14400.28294025572
10,117,13971.26251560228
10,118,13762.265487642562
10,119,13452.409815415147
10,120,13452.409787765504
10,121,13452.409787765504
10,122,13452.409779269059
10,123,13284.114367894628
10,124,13242.490325068084
10,125,13116.345381019253
10,126,12696.077358053586
10,127,12498.651488447951
10,128,12342.456079559252
10,129,12206.55464330877
10,130,12190.351007064277
10,131,12132.33996346403
10,132,11985.33589462515
10,133,11979.988354321098
10,134,11979.988352589462
10,135,11496.415173385723
10,136,11437.943337150744
10,137,10999.612135294223
10,138,10688.085232030702
10,139,10181.787877660481
10,140,10116.358358293895
10,141,9846.721856324402
10,142,9846.72185379132
10,143,9669.466969137533
10,144,9352.462090853918
10,145,9352.462081908305
10,146,8721.698261951018
10,147,8418.625493260362
10,148,8418.625491573825
10,149,8303.336274061337
10,150,8269.93307899962
10,151,8213.19974954439
10,152,8185.237502608676
10,153,7997.345045190545
10,154,7952.686993610621
10,155,7643.899673699068
10,156,7643.899619608104
10,157,7633.111674512518
10,158,7469.433769672342
10,159,7321.691732831362
10,160,7225.51899512643
10,161,7195.400938223487
10,162,7139.139083104592
10,163,7139.139074138572
10,164,7139.1390741121795
10,165,6486.834154008093
10,166,6486.8341534535575
10,167,6455.332372661655
10,168,6455.332340051123
10,169,6455.332337118462
10,170,6450.78207114568
10,171,5963.108607212055
10,172,5963.108600353357
10,173,5949.699144040612
10,174,5945.976349587535
10,175,5943.0249232150545
10,176,5941.4476788059
10,177,5638.716180109057
10,178,5499.819834653437
10,179,5479.759463151319
10,180,5354.649644770135
10,181,5331.2433553372675
10,182,5173.77598568404
10,183,5123.163697676905
10,184,5123.1636961421555
10,185,5108.413680101819
10,186,5040.030248911297
10,187,4961.4276367056
10,188,4952.632476965495
10,189,4886.375548980404
10,190,4826.037582921562
10,191,4787.10400245171
10,192,4787.103981469742
10,193,4785.652471292397
10,194,4784.572303269075
10,195,4674.564168813355
10,196,4632.252564079297
10,197,4614.6382231742
10,198,4609.13343199184
10,199,4609.133428802843
10,200,4609.13342429587
10,201,4358.32178105807
10,202,4358.321772636755
10,203,4358.321766462147
10,204,4350.015826736588
10,205,4350.015767145527
10,206,4350.015756530231
10,207,4250.881547705142
10,208,4250.881542770463
10,209,4045.9095296520777
10,210,4045.9095199751328
10,211,4045.9094920826274
10,212,4045.909491388543
10,213,3951.005616563525
10,214,3950.6164488356576
10,215,3835.6034668640023
10,216,3835.6034522861373
10,217,3835.6034375370778
10,218,3060.7322640274
10,219,2937.2034132119798
10,220,2850.502638077825
10,221,2850.5026370477
10,222,2837.4406520144375
10,223,2837.4406474466077
10,224,2834.0818358550923
10,225,2766.4351798698576
10,226,2751.896585210095
10,227,2751.8965850590325
10,228,2693.54223138728
10,229,2693.5422284937526
10,230,2616.5047630978274
10,231,2493.763393066037
10,232,2493.76339184594
10,233,2460.5415538612447
10,234,2416.7335722062876
10,235,2411.7586160909127
10,236,2408.879165912605
10,237,2054.9742275375725
10,238,2054.974226270332
10,239,1820.9148329212326
10,240,1820.9148283343197
10,241,1819.7791194760698
10,242,1819.7791166034276
10,243,1685.01602000157
10,244,1685.0160196510776
10,245,1681.475974415815
10,246,1681.4759719242102
10,247,1681.4759709350324
10,248,1681.4759702337626
10,249,1528.7115851740375
10,250,1528.7115835367126
10,251,1528.71157915619
10,252,1528.7115756939975
10,253,1436.3911473635576
10,254,1407.6705816411475
10,255,1231.2661829671702
10,256,1181.6945879457176
10,257,1179.8988161618076
10,258,1179.898812132505
10,259,1179.89880707854
10,260,1179.8988003369875
10,261,1106.91266528744
10,262,1062.7977883886
10,263,1062.1097911168824
10,264,1062.1097859623549
10,265,1059.255430376595
10,266,1059.2554291200875
10,267,1008.5386850678075
10,268,1008.5386839789049
10,269,983.221534848145
10,270,983.2215318287424
10,271,923.2182428978051
10,272,906.167762290885
10,273,894.3473283272975
10,274,894.347327505365
10,275,885.5194608278625
10,276,874.78655147018
10,277,874.7865507513625
10,278,869.8135886487801
10,279,854.0543211985625
10,280,854.05432068836
10,281,824.7041929290975
10,282,824.70419062232
10,283,824.7041870271399
10,284,824.7041861343499
10,285,808.712766956895
10,286,807.7528183386975
10,287,780.67727984418
10,288,780.6772757422475
10,289,749.1375133487375
10,290,748.591556471345
10,291,743.249402300545
10,292,740.3549982492975
10,293,701.523711955815
10,294,701.52370635643
10,295,701.523703478405
10,296,701.5237034365725
10,297,686.96788263729
10,298,665.8807043552649
10,299,591.9782599677875
10,300,585.0142356261574
10,301,527.9804382817999
10,302,524.980084886975
10,303,523.7509906792175
10,304,519.55118524808
10,305,440.07124222730255
10,306,440.0712404051575
10,307,440.07123961564247
10,308,440.071228277705
10,309,437.58130249457497
10,310,437.58129860790996
10,311,410.51336042219253
10,312,409.3123848997475
10,313,408.5928303418275
10,314,408.5928288192075
10,315,408.195963547725
10,316,407.57159304784506
10,317,262.6959630341875
10,318,262.6959599501625
10,319,261.7085078564975
10,320,261.7085073004
10,321,260.8871336165275
10,322,260.8871336152125
10,323,254.1793709416575
10,324,253.8342759263625
10,325,253.834275838325
10,326,252.44130907745497
10,327,252.44077919798752
10,328,252.44077888759003
10,329,218.38526879286502
10,330,218.3852677123125
10,331,218.3852676265
10,332,218.38526196013248
10,333,218.33136034859498
10,334,217.84214696253247
10,335,197.35775092636248
10,336,197.3577498676825
10,337,197.3577497387725
10,338,197.357747350005
10,339,197.3478227895
10,340,197.34782180461
10,341,189.9033247287425
10,342,189.32166341530498
10,343,189.32166326536998
10,344,189.32166168462248
10,345,188.891675086375
10,346,188.891673772155
10,347,172.7278323742425
10,348,171.6482086900325
10,349,171.6482085540925
10,350,171.648206169305
10,351,171.647944629925
10,352,171.6479431653425
10,353,148.65432776841
10,354,148.65432729699998
10,355,148.6543263589675
10,356,148.6543223887375
10,357,148.65427349571002
10,358,148.30795463519502
10,359,125.8652795030775
10,360,125.8652792330475
10,361,125.865279116655
10,362,125.86527514526001
10,363,125.86518129025251
10,364,125.60655795561999
10,365,91.7028198281925
10,366,91.702819259585
10,367,91.70281877383249
10,368,91.7028154300475
10,369,91.7027931342025
10,370,91.70279280644499
10,371,78.0410894278775
10,372,78.04108894575249
10,373,77.4212717447125
10,374,77.421270767115
10,375,77.421253363125
10,376,77.421253357565
10,377,65.8635967797
10,378,65.8635962683875
10,379,65.8635956645275
10,380,65.86359466884001
10,381,65.8634331739425
10,382,65.8634325697375
10,383,60.9156973512175
10,384,60.915697279935
10,385,60.915696932957495
10,386,60.915696461165
10,387,60.915689563360004
10,388,60.915689108624996
10,389,49.9919023793725
10,390,49.991902218035
10,391,49.991901877894996
10,392,49.991900882135
10,393,49.9918970988075
10,394,49.9918969993825
10,395,34.9527314484625
10,396,34.952731339835
10,397,34.9527312812
10,398,34.952729103665
10,399,34.9527227677675
10,400,34.9527224180475
10,401,33.363771509459994
10,402,33.363770710059995
10,403,33.363770379655
10,404,33.363769366857504
10,405,33.3637662048625
10,406,33.36376595319
10,407,31.572515295722503
10,408,31.572514591600005
10,409,31.5725144750625
10,410,31.572513956909994
10,411,31.5725022426375
10,412,31.572501671625
10,413,25.559079852495
10,414,25.5590789015275
10,415,25.559078410972496
10,416,25.55907780558
10,417,25.5590718304325
10,418,25.55907179824
10,419,10.210913386677499
10,420,10.2109129902275
10,421,10.210912808412498
10,422,10.210912331060001
10,423,10.210889196044999
10,424,10.210889176390001
10,425,9.085980935399999
10,426,9.085980817765
10,427,9.085980812452501
10,428,9.0859805104125
10,429,9.085945378344999
10,430,9.08594504769
10,431,6.751074025595
10,432,6.7510731683475
10,433,6.751072990805
10,434,6.751072845614999
10,435,6.751030691297499
10,436,6.751030531689999
10,437,5.657752998327499
10,438,5.6577529136525
10,439,5.657752876595
10,440,5.65775264717
10,441,5.657750949177499
10,442,5.6577507524675
10,443,3.6870664254975005
10,444,3.687066278905
10,445,3.6870662771200005
10,446,3.6870661549449997
10,447,3.6870626008050005
10,448,3.6870624773099996
10,449,1.09009645332
10,450,1.0900964127075
10,451,1.0900964069549999
10,452,1.0900962619299999
10,453,1.0900869975699998
10,454,1.0900868344124999
10,455,1.0651449849899999
10,456,1.06514494767
10,457,1.0651448831049999
10,458,1.06514472918
10,459,1.06514054839
10,460,1.0651404466624999
10,461,0.3295203006075
10,462,0.3295202386075
10,463,0.32952022952750004
10,464,0.32952011582
10,465,0.32951945987000003
10,466,0.329519418455
10,467,0.2885131888475
10,468,0.28851315171249997
10,469,0.28851315125
10,470,0.28851305660749993
10,471,0.288512854605
10,472,0.288512800155
10,473,0.2551704971675
10,474,0.255170469605
10,475,0.25517046779249997
10,476,0.25517041724499995
10,477,0.2551703937025
10,478,0.2551703135575
10,479,0.182776043935
10,480,0.18277601985999997
10,481,0.18277601807
10,482,0.1827759557825
10,483,0.18277594022
10,484,0.18277588091
10,485,0.07510260085750001
10,486,0.0751025833825
10,487,0.075102577825
10,488,0.075102559235
10,489,0.075102557405
10,490,0.07510254403000001
10,491,0.0646998710375
10,492,0.06469985414
10,493,0.06469985378250001
10,494,0.06469981824000001
10,495,0.0646998082225
10,496,0.064699801545
10,497,0.0639003506175
10,498,0.06390034345250001
10,499,0.06390034325
10,500,0.06390033307500001
10,501,0.063900331995
10,502,0.06390032868
10,503,0.060542706715000005
10,504,0.06054270594000001
10,505,0.0605427048525
10,506,0.06054269174250001
10,507,0.0605426893825
10,508,0.060542688072499996
10,509,0.058539105142500006
10,510,0.05853910409
10,511,0.058539094854999994
10,512,0.05853909154
10,513,0.058539090915
10,514,0.0585390904775
10,515,0.0578116416
10,516,0.057811636
10,517,0.057811633577499986
10,518,0.05781162265749999
10,519,0.05781162199999999
10,520,0.05781162022249999
10,521,0.0558432950825
10,522,0.05584328976249999
10,523,0.05584328883499999
10,524,0.0558432070675
10,525,0.05584320390750001
10,526,0.055843203835
10,527,0.025117098857500002
10,528,0.025117092602500002
10,529,0.02511709177
10,530,0.025117059682499998
10,531,0.0251170386525
10,532,0.025117028992500002
10,533,0.0236922703975
10,534,0.02369226756
10,535,0.0236922669975
10,536,0.023692266085
10,537,0.023692258759999998
10,538,0.0236922116375
10,539,0.015626359155000002
10,540,0.0156263548125
10,541,0.01562634621
10,542,0.015626203885000002
10,543,0.015626093785
10,544,0.0156260934625
10,545,0.012095806895
10,546,0.012095801387499999
10,547,0.0120957961125
10,548,0.012095777475
10,549,0.01209566024
10,550,0.012095645922499999
10,551,0.006226435135
10,552,0.0062264323475
10,553,0.0062264252325
10,554,0.006226413735
10,555,0.0062263148775
10,556,0.006226303444999999
10,557,0.0024292020025
10,558,0.002429196445
10,559,0.0024291808625
10,560,0.0024291594525000003
10,561,0.0024291171375
10,562,0.002429112695
10,563,0.00094324101
10,564,0.0009432406449999999
10,565,0.0009432387425000001
10,566,0.0009432181775
10,567,0.0009432165500000001
10,568,0.0009432030000000001
10,569,0.000700193085
10,570,0.0007001925925
10,571,0.000700189365
10,572,0.00070018929
10,573,0.000700189195
10,574,0.0007001891775000001
10,575,0.000379946725
10,576,0.00037994491500000004
10,577,0.0003799384425
10,578,0.00037992894999999997
10,579,0.0003799141825
10,580,0.0003799141825
10,581,0.000217557545
10,582,0.0002175565925
10,583,0.0002175527875
10,584,0.000217551755
10,585,0.0002175418475
10,586,0.0002175418475
10,587,0.00011988904500000001
10,588,0.00011988877500000001
10,589,0.00011988876500000001
10,590,0.00011988552
10,591,0.00011988047500000002
10,592,0.00011988047500000002
10,593,9.180732749999999e-05
10,594,9.180705e-05
10,595,9.180659e-05
10,596,9.1803515e-05
10,597,9.17999875e-05
10,598,9.17999875e-05
10,599,6.770827e-05
10,600,6.770809999999999e-05
10,601,6.77077575e-05
10,602,6.77015525e-05
10,603,6.769989249999999e-05
10,604,6.769988499999999e-05
10,605,6.06499225e-05
10,606,6.064959500000001e-05
10,607,6.064888500000001e-05
10,608,6.0647187499999987e-05
10,609,6.064690249999999e-05
10,610,6.064690249999999e-05
10,611,3.114661e-05
10,612,3.1146505e-05
10,613,3.11464725e-05
10,614,3.1137379999999996e-05
10,615,3.1137147500000004e-05
10,616,3.1137147500000004e-05
10,617,1.3754017499999999e-05
10,618,1.3753769999999998e-05
10,619,1.3753412499999999e-05
10,620,1.3751192500000001e-05
10,621,1.3751105000000002e-05
10,622,1.3751105000000002e-05
10,623,3.7015925e-06
10,624,3.7014500000000004e-06
10,625,3.7014224999999997e-06
10,626,3.7003775e-06
10,627,3.7002125000000006e-06
10,628,3.7002075000000003e-06
10,629,2.94681e-06
10,630,2.9467200000000002e-06
10,631,2.9466e-06
10,632,2.9460875e-06
10,633,2.94595e-06
10,634,2.94578e-06
10,635,2.6314524999999998e-06
10,636,2.6313625e-06
10,637,2.631195e-06
10,638,2.6310775000000002e-06
10,639,2.6310224999999998e-06
10,640,2.6299475e-06
10,641,2.5662e-06
10,642,2.56619e-06
10,643,2.56619e-06
10,644,2.5658175e-06
10,645,2.5658150000000003e-06
10,646,2.5658025000000002e-06
10,647,2.5070825e-06
10,648,2.50708e-06
10,649,2.50708e-06
10,650,2.5070099999999997e-06
10,651,2.5069975e-06
10,652,2.5069825e-06
10,653,2.4946875e-06
10,654,2.4946675000000003e-06
10,655,2.494665e-06
10,656,2.4946375e-06
10,657,2.4946325e-06
10,658,2.4946325e-06
10,659,2.4799025e-06
10,660,2.4798825e-06
10,661,2.4798825e-06
10,662,2.47979e-06
10,663,2.4797875e-06
10,664,2.479785e-06
10,665,2.43469e-06
10,666,2.43468e-06
10,667,2.4346775e-06
10,668,2.4345974999999998e-06
10,669,2.434575e-06
10,670,2.434575e-06
10,671,2.2704675e-06
10,672,2.270455e-06
10,673,2.2703750000000003e-06
10,674,2.2703375e-06
10,675,2.2703375e-06
10,676,2.270235e-06
10,677,2.268475e-06
10,678,2.268475e-06
10,679,2.268475e-06
10,680,2.2683625e-06
10,681,2.2683625e-06
10,682,2.2683625e-06
10,683,2.2141775e-06
10,684,2.2141775e-06
10,685,2.214055e-06
10,686,2.2138300000000003e-06
10,687,2.2138300000000003e-06
10,688,2.2136774999999998e-06
10,689,2.2058225e-06
10,690,2.2058225e-06
10,691,2.2058225e-06
10,692,2.2055575e-06
10,693,2.2055575e-06
10,694,2.2055575e-06
10,695,2.197135e-06
10,696,2.197135e-06
10,697,2.197135e-06
10,698,2.1970925e-06
10,699,2.19709e-06
10,700,2.19709e-06
10,701,2.1960975e-06
10,702,2.1960975e-06
10,703,2.1960975e-06
10,704,2.19607e-06
10,705,2.19607e-06
10,706,2.19607e-06
10,707,2.1952800000000003e-06
10,708,2.195275e-06
10,709,2.195275e-06
10,710,2.195275e-06
10,711,2.195275e-06
10,712,2.195275e-06
10,713,2.1930725e-06
10,714,2.1930675e-06
10,715,2.1930675e-06
10,716,2.1930675e-06
10,717,2.1930675e-06
10,718,2.1930675e-06
10,719,2.19152e-06
10,720,2.1915175e-06
10,721,2.19151e-06
10,722,2.19151e-06
10,723,2.19151e-06
10,724,2.19151e-06
10,725,2.19151e-06
10,726,2.19151e-06
10,727,2.19151e-06
10,728,2.19151e-06
10,729,2.19151e-06
10,730,2.19151e-06
10,731,2.19136e-06
10,732,2.1913575000000003e-06
10,733,2.1913475e-06
10,734,2.1913475e-06
10,735,2.1913475e-06
10,736,2.1913475e-06
10,737,2.1913475e-06
10,738,2.1913475e-06
10,739,2.1913475e-06
10,740,2.1913475e-06
10,741,2.1913475e-06
10,742,2.1913475e-06
10,743,2.1913475e-06
10,744,2.191345e-06
10,745,2.1913375e-06
10,746,2.1913375e-06
10,747,2.1913375e-06
10,748,2.1913375e-06
10,749,2.1913375e-06
10,750,2.1913375e-06
10,751,2.1913375e-06
10,752,2.1913375e-06
10,753,2.1913375e-06
10,754,2.1913375e-06
10,755,2.1913375e-06
10,756,2.1913375e-06
10,757,2.1913375e-06
10,758,2.1913375e-06
10,759,2.1913375e-06
10,760,2.1913375e-06
10,761,2.1913375e-06
10,762,2.1913375e-06
10,763,2.1913375e-06
10,764,2.1913375e-06
10,765,2.1913375e-06
10,766,2.1913375e-06
10,767,2.1913375e-06
10,768,2.1913375e-06
10,769,2.1913375e-06
10,770,2.1913375e-06
10,771,2.1913375e-06
10,772,2.1913375e-06
10,773,2.1913375e-06
10,774,2.1913375e-06
10,775,2.1913375e-06
10,776,2.1913375e-06
10,777,2.1913375e-06
10,778,2.1913375e-06
10,779,2.1913375e-06
10,780,2.1913375e-06
10,781,2.1913375e-06
10,782,2.1913375e-06
10,783,2.1913375e-06
10,784,2.1913375e-06
10,785,2.1913375e-06
10,786,2.1913375e-06
10,787,2.1913375e-06
10,788,2.1913375e-06
10,789,2.1913375e-06
10,790,2.1913375e-06
10,791,2.1913375e-06
10,792,2.1913375e-06
10,793,2.19133e-06
10,794,2.19133e-06
10,795,2.19133e-06
10,796,2.19133e-06
10,797,2.19132e-06
10,798,2.1913175e-06
10,799,2.191305e-06
10,800,2.191305e-06
10,801,2.191305e-06
10,802,2.191305e-06
10,803,2.1912274999999997e-06
10,804,2.191225e-06
10,805,2.1912125000000003e-06
10,806,2.1912125000000003e-06
10,807,2.1912125000000003e-06
10,808,2.1912125000000003e-06
10,809,2.1908675e-06
10,810,2.1908649999999997e-06
10,811,2.190855e-06
10,812,2.190855e-06
10,813,2.190855e-06
10,814,2.190855e-06
10,815,2.1898800000000003e-06
10,816,2.1898775e-06
10,817,2.1898675e-06
10,818,2.1898424999999998e-06
10,819,2.1898424999999998e-06
10,820,2.1898424999999998e-06
10,821,2.1872475e-06
10,822,2.187245e-06
10,823,2.1872425e-06
10,824,2.1872425e-06
10,825,2.1872425e-06
10,826,2.1872425e-06
10,827,2.18671e-06
10,828,2.18671e-06
10,829,2.18671e-06
10,830,2.1867075000000003e-06
10,831,2.1867075000000003e-06
10,832,2.1867075000000003e-06
10,833,2.1867075000000003e-06
10,834,2.1867075000000003e-06
10,835,2.1867075000000003e-06
10,836,2.1867075000000003e-06
10,837,2.1867075000000003e-06
10,838,2.1867075000000003e-06
10,839,2.1867075000000003e-06
10,840,2.1867075000000003e-06
10,841,2.1867075000000003e-06
10,842,2.1867075000000003e-06
10,843,2.1867075000000003e-06
10,844,2.1867075000000003e-06
10,845,2.1867075000000003e-06
10,846,2.1867075000000003e-06
10,847,2.1867075000000003e-06
10,848,2.1867075000000003e-06
10,849,2.1867075000000003e-06
10,850,2.1867075000000003e-06
10,851,2.1867075000000003e-06
10,852,2.1867075000000003e-06
10,853,2.1867075000000003e-06
10,854,2.1867075000000003e-06
10,855,2.1867075000000003e-06
10,856,2.1867075000000003e-06
10,857,2.1867075000000003e-06
10,858,2.1867075000000003e-06
10,859,2.1867075000000003e-06
10,860,2.1867075000000003e-06
10,861,2.1867075000000003e-06
10,862,2.1867075000000003e-06
10,863,2.1867075000000003e-06
10,864,2.1867075000000003e-06
10,865,2.1867075000000003e-06
10,866,2.1867075000000003e-06
10,867,2.1867075000000003e-06
10,868,2.1867075000000003e-06
10,869,2.1867075000000003e-06
10,870,2.1867075000000003e-06
10,871,2.1867075000000003e-06
10,872,2.1867075000000003e-06
10,873,2.1867075000000003e-06
10,874,2.1867075000000003e-06
10,875,2.1867075000000003e-06
10,876,2.1867075000000003e-06
10,877,2.1867075000000003e-06
10,878,2.1867075000000003e-06
10,879,2.1867075000000003e-06
10,880,2.1867075000000003e-06
10,881,2.1867075000000003e-06
10,882,2.1867075000000003e-06
10,883,2.1867075000000003e-06
10,884,2.1867075000000003e-06
10,885,2.1867075000000003e-06
10,886,2.1867075000000003e-06
10,887,2.1867075000000003e-06
10,888,2.1867075000000003e-06
10,889,2.1867075000000003e-06
10,890,2.1867075000000003e-06
10,891,2.1867075000000003e-06
10,892,2.1867075000000003e-06
10,893,2.1867075000000003e-06
10,894,2.1867075000000003e-06
10,895,2.1867075000000003e-06
10,896,2.1867075000000003e-06
10,897,2.1867075000000003e-06
10,898,2.1867075000000003e-06
10,899,2.1867075000000003e-06
10,900,2.1867075000000003e-06
10,901,2.1867075000000003e-06
10,902,2.1867075000000003e-06
10,903,2.1867075000000003e-06
10,904,2.1867075000000003e-06
10,905,2.1867075000000003e-06
10,906,2.1867075000000003e-06
10,907,2.1867075000000003e-06
10,908,2.1867075000000003e-06
10,909,2.1867075000000003e-06
10,910,2.1867075000000003e-06
10,911,2.1867075000000003e-06
10,912,2.1867075000000003e-06
10,913,2.1867075000000003e-06
10,914,2.1867075000000003e-06
10,915,2.1867075000000003e-06
10,916,2.1867075000000003e-06
10,917,2.1867075000000003e-06
10,918,2.1867075000000003e-06
10,919,2.1867075000000003e-06
10,920,2.1867075000000003e-06
10,921,2.1867075000000003e-06
10,922,2.1867075000000003e-06
10,923,2.1867075000000003e-06
10,924,2.1867075000000003e-06
10,925,2.1867075000000003e-06
10,926,2.1867075000000003e-06
10,927,2.1867075000000003e-06
10,928,2.1867075000000003e-06
10,929,2.1867075000000003e-06
10,930,2.1867075000000003e-06
10,931,2.1867075000000003e-06
10,932,2.1867075000000003e-06
10,933,2.1867075000000003e-06
10,934,2.1867075000000003e-06
10,935,2.1867075000000003e-06
10,936,2.1867075000000003e-06
10,937,2.1867075000000003e-06
10,938,2.1867075000000003e-06
10,939,2.1867075000000003e-06
10,940,2.1867075000000003e-06
10,941,2.1867075000000003e-06
10,942,2.1867075000000003e-06
10,943,2.1867075000000003e-06
10,944,2.1867075000000003e-06
10,945,2.1867075000000003e-06
10,946,2.1867075000000003e-06
10,947,2.1867075000000003e-06
10,948,2.1867075000000003e-06
10,949,2.1867075000000003e-06
10,950,2.1867075000000003e-06
10,951,2.1867075000000003e-06
10,952,2.1867075000000003e-06
10,953,2.1867075000000003e-06
10,954,2.1867075000000003e-06
10,955,2.1867075000000003e-06
10,956,2.1867075000000003e-06
10,957,2.1867075000000003e-06
10,958,2.1867075000000003e-06
10,959,2.1867075000000003e-06
10,960,2.1867075000000003e-06
10,961,2.1867075000000003e-06
10,962,2.1867075000000003e-06
10,963,2.1867075000000003e-06
10,964,2.1867075000000003e-06
10,965,2.1867075000000003e-06
10,966,2.1867075000000003e-06
10,967,2.1867075000000003e-06
10,968,2.1867075000000003e-06
10,969,2.1867075000000003e-06
10,970,2.1867075000000003e-06
10,971,2.1867075000000003e-06
10,972,2.1867075000000003e-06
10,973,2.1867075000000003e-06
10,974,2.1867075000000003e-06
10,975,2.1867075000000003e-06
10,976,2.1867075000000003e-06
10,977,2.1867075000000003e-06
10,978,2.1867075000000003e-06
10,979,2.1867075000000003e-06
10,980,2.1867075000000003e-06
10,981,2.1867075000000003e-06
10,982,2.1867075000000003e-06
10,983,2.1867075000000003e-06
10,984,2.1867075000000003e-06
10,985,2.1867075000000003e-06
10,986,2.1867075000000003e-06
10,987,2.1867075000000003e-06
10,988,2.1867075000000003e-06
10,989,2.1867075000000003e-06
10,990,2.1867075000000003e-06
10,991,2.1867075000000003e-06
10,992,2.1867075000000003e-06
10,993,2.1867075000000003e-06
10,994,2.1867075000000003e-06
10,995,2.1867075000000003e-06
10,996,2.1867075000000003e-06
10,997,2.1867075000000003e-06
10,998,2.1867075000000003e-06
10,999,2.1867075000000003e-06
10,1000,2.1867075000000003e-06
11,1,9537526.302232895
11,2,4898165.655136919
11,3,2646994.098085458
11,4,1837524.4829636936
11,5,949015.59532468
11,6,895612.2551769612
11,7,774837.3128037641
11,8,560297.6067826624
11,9,362883.5760497979
11,10,358199.0652777774
11,11,164850.34223351761
11,12,149802.1836101297
11,13,135578.53984131498
11,14,135464.899995989
11,15,123514.91848985446
11,16,103250.31105831744
11,17,93049.24441210959
11,18,69369.5393191152
11,19,36947.75704046091
11,20,31302.067617680616
11,21,23061.79330613125
11,22,21586.530610940117
11,23,20424.156517094736
11,24,20424.156517094736
11,25,15871.037965265696
11,26,13134.472053608795
11,27,10384.098546934129
11,28,9985.688212782878
11,29,9668.664658856665
11,30,9156.816019592694
11,31,9046.397999066354
11,32,8644.017176998575
11,33,7814.050189239288
11,34,7558.2018680703695
11,35,6609.422167087467
11,36,6609.422167087467
11,37,6428.14829846883
11,38,6428.14829846883
11,39,5661.460649142702
11,40,5602.521835858437
11,41,4961.189989618199
11,42,4922.410151513594
11,43,4890.125707257205
11,44,4687.95658144013
11,45,2341.59936801714
11,46,2341.59936801714
11,47,2248.0258372662
11,48,1356.7677574568002
11,49,1356.7677574568002
11,50,1356.7677574568002
11,51,1023.82438874341
11,52,1023.82438874341
11,53,927.5448445775476
11,54,927.5448445775476
11,55,905.1286173527949
11,56,905.1286173527949
11,57,904.02318265549
11,58,879.5179021252001
11,59,857.4522648344349
11,60,836.17107798452
11,61,836.1710677291725
11,62,794.72280273258
11,63,766.4392925665526
11,64,766.43458933103
11,65,766.43458933103
11,66,702.6161576171374
11,67,702.6161576171374
11,68,695.7327366587875
11,69,610.77902630471
11,70,610.7790204228925
11,71,610.7790204228925
11,72,580.4677090290326
11,73,580.4677090290326
11,74,567.5340472233075
11,75,467.04320220306755
11,76,357.3148717288575
11,77,357.3148717288575
11,78,357.3148717008425
11,79,323.48357417688
11,80,323.48357416047753
11,81,310.191748052575
11,82,307.0591448015175
11,83,297.24312106332
11,84,286.152417096065
11,85,277.772008508535
11,86,277.601150526415
11,87,273.550366570675
11,88,260.9682996440025
11,89,242.81645508629248
11,90,234.25142989032253
11,91,226.30419874413252
11,92,175.2359874353775
11,93,173.3650988154075
11,94,173.365098741225
11,95,173.3650987409275
11,96,173.3650985541375
11,97,173.3650983586025
11,98,173.36509800389248
11,99,172.782386851715
11,100,169.184041847905
11,101,169.18404183300248
11,102,169.18404181297998
11,103,169.18404179357748
11,104,169.18404175680502
11,105,168.7526756196275
11,106,167.93015490555499
11,107,167.93015468831248
11,108,167.930153888805
11,109,166.0203838916075
11,110,162.99757045167001
11,111,162.04429755856
11,112,162.04429652339
11,113,162.0442965064975
11,114,159.030141755825
11,115,159.030141681675
11,116,159.0301415505175
11,117,158.83045527278
11,118,158.8304552365375
11,119,158.830455219135
11,120,158.8304552173625
11,121,122.75780399466501
11,122,113.160192698975
11,123,100.97891996005
11,124,100.046358034115
11,125,100.04635801352501
11,126,93.0957786121225
11,127,93.095778500815
11,128,93.0957784841375
11,129,86.849121612745
11,130,86.84912057029752
11,131,86.849120566875
11,132,84.1490795074275
11,133,72.20086950006001
11,134,72.20086950006001
11,135,71.87667899658251
11,136,59.15030196694251
11,137,54.70841606437
11,138,53.32027898926
11,139,52.5421576186025
11,140,52.5421575926375
11,141,50.2612742562425
11,142,48.30322450748
11,143,48.30322449847
11,144,48.30322448895
11,145,48.3032244690825
11,146,44.8930333037725
11,147,44.72014310182
11,148,44.72014288405
11,149,44.72014288127
11,150,44.720142847714996
11,151,44.677546240854994
11,152,44.677546173785
11,153,44.5650688479825
11,154,44.0457115069175
11,155,43.4031752303325
11,156,43.40317257793
11,157,43.3823274709475
11,158,43.3823225563325
11,159,43.324685618535
11,160,43.324684844257504
11,161,39.0935977336225
11,162,39.093597707114995
11,163,39.0935976752225
11,164,39.0935976306625
11,165,39.03536845848
11,166,39.0353683639275
11,167,38.9005459630875
11,168,38.9005459563625
11,169,38.9005459486325
11,170,38.9005459358775
11,171,31.244178448245002
11,172,29.947303438582498
11,173,29.9473034371975
11,174,29.947303430305
11,175,29.9473034159875
11,176,29.9473033946925
11,177,29.326464793215003
11,178,29.32646438488
11,179,29.326464383965003
11,180,29.117072135605003
11,181,29.117072055407498
11,182,28.4767706796575
11,183,27.638023868624998
11,184,27.63802345959
11,185,25.744845834655003
11,186,25.744845739155
11,187,25.7276417667175
11,188,25.727641585042498
11,189,25.49472286968
11,190,25.4947214920225
11,191,25.4947214920225
11,192,25.494721430167502
11,193,25.4875236349225
11,194,25.487523520295
11,195,24.5982063044225
11,196,24.562492187162498
11,197,23.6280889635625
11,198,23.5512887493075
11,199,22.9089163498175
11,200,22.4016150969975
11,201,22.234625076507502
11,202,22.23462283216
11,203,22.234622717262503
11,204,22.234622496515
11,205,22.234622267349998
11,206,22.2346218540425
11,207,22.136755098875
11,208,22.13675498194
11,209,22.1367549819375
11,210,22.1155713038725
11,211,22.115571295665
11,212,22.1155712951025
11,213,22.09821635095
11,214,21.862360955935
11,215,21.54460541817
11,216,21.4301564585125
11,217,21.430156455555
11,218,21.3594784256775
11,219,19.652801539334998
11,220,19.652800278045
11,221,19.65280026153
11,222,19.652800179525
11,223,19.65279999089
11,224,19.6527999708325
11,225,17.465563486275
11,226,17.465563047929997
11,227,17.0992315843275
11,228,17.09923154997
11,229,17.007802684855
11,230,16.9162354361725
11,231,15.180546686695
11,232,15.18054654581
11,233,15.18054654255
11,234,15.180546522872499
11,235,15.1805464979975
11,236,15.1805464797475
11,237,14.0710349632725
11,238,14.0710348374925
11,239,14.071034834455
11,240,14.0354219481575
11,241,14.035421930835
11,242,14.0354219285975
11,243,13.5643815393825
11,244,13.564381483324999
11,245,13.56438148256
11,246,13.564381479599998
11,247,13.564381472685
11,248,13.278026799405001
11,249,13.1050877480175
11,250,13.1050877024675
11,251,13.1050877009875
11,252,13.105087699397501
11,253,13.100152255832501
11,254,13.10015225495
11,255,13.0007530021575
11,256,13.000752997054999
11,257,12.918205224634999
11,258,12.918201618755
11,259,12.918201597300001
11,260,12.91820131614
11,261,11.7880520585525
11,262,11.78805191212
11,263,11.788051909877499
11,264,11.7880519091725
11,265,11.78805190784
11,266,11.788051906075001
11,267,11.763204693030001
11,268,11.763204662255001
11,269,11.7621046158175
11,270,11.7407231100975
11,271,11.7407231028475
11,272,11.740723100924999
11,273,11.726048691985001
11,274,11.726048659695
11,275,11.154298633042501
11,276,11.1542982401625
11,277,11.15429822692
11,278,11.154298216152501
11,279,11.152080927945
11,280,11.0427739000125
11,281,10.33609616001
11,282,10.33609580003
11,283,10.336095791315
11,284,10.33609578215
11,285,10.32385703365
11,286,10.3238570022125
11,287,9.526039093407501
11,288,9.5260388163375
11,289,9.5256510203325
11,290,9.525651012375
11,291,9.509702174385001
11,292,9.50970211636
11,293,8.67940787303
11,294,8.6794076654525
11,295,8.6794076530225
11,296,8.679407629475
11,297,8.6400716964475
11,298,8.640071622635
11,299,7.535001381220001
11,300,7.521269464242501
11,301,7.5212694523325
11,302,7.5212694239675
11,303,7.5147836379
11,304,7.51478360239
11,305,6.549076718655
11,306,6.5490765064825
11,307,6.54907650452
11,308,6.549076480889999
11,309,6.500330158315
11,310,6.44070972471
11,311,5.76311492802
11,312,5.7631148588375
11,313,5.7631148569875
11,314,5.76311484129
11,315,5.76262505938
11,316,5.762625032527501
11,317,5.131387127465
11,318,5.1313867266175
11,319,5.1313867248075
11,320,5.1313867047925
11,321,5.13111103723
11,322,5.13111099743
11,323,4.9295014406875
11,324,4.9295013707275
11,325,4.9295013663875
11,326,4.929501292325
11,327,4.9294667058899995
11,328,4.929466560014999
11,329,4.807717088665
11,330,4.80771703742
11,331,4.8077170347575
11,332,4.80771703344
11,333,4.807705183605
11,334,4.80770517607
11,335,4.769172010875
11,336,4.7691719490775
11,337,4.76917194756
11,338,4.7691719472025
11,339,4.7691713061800005
11,340,4.7691712962274995
11,341,4.7260908750225
11,342,4.72609084957
11,343,4.7260908476275
11,344,4.7260908468475
11,345,4.72608932252
11,346,4.726089316585
11,347,4.6162509324575
11,348,4.6162508883525
11,349,4.616250886502501
11,350,4.6162508839925005
11,351,4.61625009216
11,352,4.61625008391
11,353,4.3384608819825
11,354,4.338459859817499
11,355,4.3384598580925005
11,356,4.3384598353075
11,357,4.338459430955
11,358,4.3384594285825
11,359,4.1435695592725
11,360,4.13597600376
11,361,4.1359760037225
11,362,4.1359759978024995
11,363,4.1359759189275005
11,364,4.1359759175825
11,365,4.0091331757825
11,366,4.0091331110025
11,367,4.0091331107425
11,368,4.009132920567501
11,369,4.009132620207501
11,370,4.0091322683175
11,371,3.92759575728
11,372,3.9275954244875004
11,373,3.9275954241525
11,374,3.927595410145
11,375,3.9275952344025002
11,376,3.92759520506
11,377,3.7421127669425
11,378,3.74211271553
11,379,3.732216302565
11,380,3.7322161077325
11,381,3.732215854225
11,382,3.7322154914975
11,383,3.4329332616899997
11,384,3.4329332282975002
11,385,3.4329332281325002
11,386,3.4329331942175
11,387,3.4329331051449996
11,388,3.3851096109625005
11,389,3.1191080766925
11,390,3.119107885305
11,391,3.11910788457
11,392,3.11910787396
11,393,3.1191078334725
11,394,3.1191078151025
11,395,2.5934262995925
11,396,2.5934262042849996
11,397,2.5934262020374996
11,398,2.59342619613
11,399,2.593426155955
11,400,2.5934261430024996
11,401,1.8065958536449997
11,402,1.8065958008825
11,403,1.8065957985324999
11,404,1.8065957961624999
11,405,1.8065957692049999
11,406,1.8065957645224997
11,407,1.6112304922074998
11,408,1.6112304698925002
11,409,1.6112304694625
11,410,1.6112304504225001
11,411,1.6112304095774999
11,412,1.6112303801524999
11,413,1.27953951176
11,414,1.2795394885025
11,415,1.2795394871999999
11,416,1.2795394704949998
11,417,1.27953943211
11,418,1.2795394016875
11,419,1.23687963161
11,420,1.2368796309074999
11,421,1.23687963045
11,422,1.2368795509825
11,423,1.236879445075
11,424,1.2368792965900002
11,425,1.177075668545
11,426,1.17707558434
11,427,1.1770755840749998
11,428,1.177075583295
11,429,1.17707558041
11,430,1.1770755803349997
11,431,1.1215655958175
11,432,1.1215655375275
11,433,1.07851147802
11,434,1.07851147513
11,435,1.0785114607725002
11,436,1.07851145747
11,437,1.02302904731
11,438,1.02302902858
11,439,1.0230290283325
11,440,1.0230290199475
11,441,1.0230289985725
11,442,1.0230289849025003
11,443,1.0144004504400002
11,444,1.0144003911675
11,445,1.0144003907775
11,446,1.0144003856975001
11,447,1.0144003426900001
11,448,1.01440033539
11,449,1.0095386964325002
11,450,1.0095386855825
11,451,1.0095386852825001
11,452,1.009538676615
11,453,1.00953866529
11,454,1.009538651245
11,455,1.0039063640750001
11,456,1.0039063629475
11,457,1.0039063628525002
11,458,1.0039061511600003
11,459,1.0039061359925001
11,460,1.0039061229825
11,461,0.9993879008625001
11,462,0.9993878993975001
11,463,0.9993878986075
11,464,0.9993878964000003
11,465,0.9993878666024999
11,466,0.9993878637625
11,467,0.9957703652775001
11,468,0.9957703639275002
11,469,0.9817755327700001
11,470,0.9817753733875
11,471,0.9817753418925002
11,472,0.9817753330075
11,473,0.9794106519850002
11,474,0.97941065057
11,475,0.9519676846275
11,476,0.9519676612775001
11,477,0.9519676513375002
11,478,0.9519676509950001
11,479,0.9516339824525
11,480,0.9516339747449999
11,481,0.8433416502000002
11,482,0.8433416501400002
11,483,0.8433416409325
11,484,0.84334164071
11,485,0.8417259928974999
11,486,0.8417259825025001
11,487,0.61805088567
11,488,0.61805088516
11,489,0.6180508661524999
11,490,0.618050866125
11,491,0.6174766817825
11,492,0.6174766628825
11,493,0.593728580395
11,494,0.59372738688
11,495,0.5937273836
11,496,0.59372730636
11,497,0.5934775207849999
11,498,0.5934775100474999
11,499,0.4372530795249999
11,500,0.4372530685849999
11,501,0.43725306619
11,502,0.4372530652999999
11,503,0.4368074680575
11,504,0.4368074080925
11,505,0.37602046394
11,506,0.3760204599775
11,507,0.3760204499075
11,508,0.376020449795
11,509,0.3759002618825
11,510,0.3759002617825
11,511,0.268870949035
11,512,0.2688709490275
11,513,0.2688709449575
11,514,0.268870944915
11,515,0.26871267669500004
11,516,0.2687126677975
11,517,0.12059470828999999
11,518,0.12059470758249999
11,519,0.12059466553249998
11,520,0.12059466525999998
11,521,0.12054922548
11,522,0.1205492112325
11,523,0.10602636082500001
11,524,0.10602631186249997
11,525,0.10602630957749999
11,526,0.10602630499499999
11,527,0.1059634002825
11,528,0.10596339011
11,529,0.05156819848250001
11,530,0.05156818796
11,531,0.051568186035
11,532,0.05156818406999999
11,533,0.05155305844000001
11,534,0.05155305605250001
11,535,0.05155305605000001
11,536,0.05155305593
11,537,0.05155305560500001
11,538,0.05155305560500001
11,539,0.05154766771000001
11,540,0.051547666895
11,541,0.038155618407499994
11,542,0.0381556182375
11,543,0.03815561645
11,544,0.03815561615
11,545,0.03815383437000001
11,546,0.038153829015
11,547,0.029578440584999997
11,548,0.02957844011
11,549,0.029578438914999998
11,550,0.0295784386275
11,551,0.029578369957499996
11,552,0.029578369582499996
11,553,0.016734139609999997
11,554,0.01673413114
11,555,0.016734130595
11,556,0.0167341300175
11,557,0.016733583242500003
11,558,0.0167335820925
11,559,0.0167335820825
11,560,0.016733582005
11,561,0.016733580015
11,562,0.01673357998
11,563,0.01673325319
11,564,0.0167332522725
11,565,0.0124286320625
11,566,0.012428597035
11,567,0.01242859076
11,568,0.0124285877525
11,569,0.012428195745
11,570,0.012428195159999999
11,571,0.00884396262
11,572,0.00884396258
11,573,0.0088439620625
11,574,0.0088439620625
11,575,0.00884396172
11,576,0.0088439617
11,577,0.0037677508699999994
11,578,0.0037677508299999996
11,579,0.0037677470175
11,580,0.0037677469075
11,581,0.0037677407325000002
11,582,0.0037677402275
11,583,0.0019564386599999995
11,584,0.0019564385925
11,585,0.001956438135
11,586,0.00195643803
11,587,0.00195643721
11,588,0.00195643721
11,589,0.0010623003024999998
11,590,0.0010622869049999998
11,591,0.00106228685
11,592,0.00106228579
11,593,0.00106228213
11,594,0.00106228164
11,595,0.00046367149249999996
11,596,0.00046365050499999996
11,597,0.0004636503749999999
11,598,0.00046364889
11,599,0.0004636410475
11,600,0.00046364055749999997
11,601,0.00031196237
11,602,0.00031194953250000005
11,603,0.00031194938000000006
11,604,0.00031194854500000003
11,605,0.00031193917750000006
11,606,0.00031193866500000005
11,607,0.00031193866500000005
11,608,0.00031193863
11,609,0.0003119385525
11,610,0.0003119385525
11,611,0.000311923045
11,612,0.00031192245250000005
11,613,0.00030686628500000004
11,614,0.0003068603175
11,615,0.000306860225
11,616,0.0003068598525
11,617,0.0003068220975
11,618,0.00030682083
11,619,0.000296333505
11,620,0.00029632731000000005
11,621,0.0002963271175
11,622,0.00029632673
11,623,0.0002960938425
11,624,0.00029609246499999995
11,625,0.0002712949125
11,626,0.00027129482499999995
11,627,0.00027129457
11,628,0.00027129457
11,629,0.00027129457
11,630,0.00027129457
11,631,0.00027129457
11,632,0.00027129457
11,633,0.00027129457
11,634,0.00027129457
11,635,0.0002712803375
11,636,0.0002712798775
11,637,0.0002513779775
11,638,0.00025137795
11,639,0.00025137767249999997
11,640,0.00025137767249999997
11,641,0.00025134657749999997
11,642,0.000251346115
11,643,0.000249446555
11,644,0.00024944652749999996
11,645,0.0002494462525
11,646,0.0002494462525
11,647,0.0002493473525
11,648,0.0002493468675
11,649,0.0002456305975
11,650,0.00024563056749999995
11,651,0.0002456302875
11,652,0.0002456302875
11,653,0.00024544593000000003
11,654,0.00024544539
11,655,0.00023291898749999997
11,656,0.00023291895499999996
11,657,0.000232918655
11,658,0.000232918655
11,659,0.0002328282775
11,660,0.0002328282775
11,661,0.000210582385
11,662,0.000210582385
11,663,0.0002105822975
11,664,0.0002105822975
11,665,0.0002105023475
11,666,0.0002105023475
11,667,0.0002027590575
11,668,0.0002027582375
11,669,0.0002027582375
11,670,0.00020275818
11,671,0.00020275806
11,672,0.00020275806
11,673,0.000191647645
11,674,0.000191644585
11,675,0.000191644585
11,676,0.0001916443725
11,677,0.0001916251575
11,678,0.0001916251575
11,679,0.00018458863999999998
11,680,0.0001845858
11,681,0.0001845858
11,682,0.00018458561250000001
11,683,0.00018454666999999998
11,684,0.00018454656750000001
11,685,0.00017808855249999998
11,686,0.0001780863175
11,687,0.000178086305
11,688,0.0001780861675
11,689,0.0001780858325
11,690,0.0001780858325
11,691,0.0001563571925
11,692,0.0001563571925
11,693,0.000156357085
11,694,0.000156357085
11,695,0.0001563531575
11,696,0.0001563529125
11,697,0.0001563529125
11,698,0.0001563528975
11,699,0.00015635286
11,700,0.00015635286
11,701,0.0001563516225
11,702,0.0001563512825
11,703,0.00012225804749999998
11,704,0.000122258025
11,705,0.00012225782
11,706,0.00012225782
11,707,0.00012174191249999998
11,708,0.0001217414175
11,709,0.00010870881250000001
11,710,0.00010870878999999999
11,711,0.000108708555
11,712,0.000108708555
11,713,0.00010869964750000001
11,714,0.00010869932250000001
11,715,0.00010869932250000001
11,716,0.0001086993025
11,717,0.000108699255
11,718,0.000108699255
11,719,0.0001086873425
11,720,0.0001086871725
11,721,0.00010238065000000001
11,722,0.00010238064000000001
11,723,0.0001023804275
11,724,0.0001023804275
11,725,0.00010237433
11,726,0.0001023742825
11,727,8.64378475e-05
11,728,8.643410750000001e-05
11,729,8.64341e-05
11,730,8.64338525e-05
11,731,8.642688e-05
11,732,8.642684e-05
11,733,7.48569775e-05
11,734,7.4849855e-05
11,735,7.484984999999999e-05
11,736,7.48493975e-05
11,737,7.484831000000001e-05
11,738,7.484831000000001e-05
11,739,6.68008925e-05
11,740,6.679655e-05
11,741,6.679655e-05
11,742,6.679627749999999e-05
11,743,6.67956175e-05
11,744,6.67956175e-05
11,745,6.61608225e-05
11,746,6.61608225e-05
11,747,6.6160755e-05
11,748,6.6160755e-05
11,749,6.6155095e-05
11,750,6.61550275e-05
11,751,6.525397e-05
11,752,6.5253965e-05
11,753,6.5253915e-05
11,754,6.5253915e-05
11,755,6.5253915e-05
11,756,6.5253915e-05
11,757,6.4392295e-05
11,758,6.4392295e-05
11,759,6.43922775e-05
11,760,6.43922775e-05
11,761,6.43922775e-05
11,762,6.43922775e-05
11,763,6.43922775e-05
11,764,6.43922775e-05
11,765,6.43922775e-05
11,766,6.43922775e-05
11,767,6.439143e-05
11,768,6.4391315e-05
11,769,6.4112635e-05
11,770,6.411179499999999e-05
11,771,6.411178e-05
11,772,6.4111735e-05
11,773,6.41116075e-05
11,774,6.41116075e-05
11,775,6.316446e-05
11,776,6.31636175e-05
11,777,6.31636175e-05
11,778,6.316357e-05
11,779,6.31632675e-05
11,780,6.316317250000001e-05
11,781,6.137385500000001e-05
11,782,6.137305500000001e-05
11,783,6.13730425e-05
11,784,6.1372995e-05
11,785,6.13727575e-05
11,786,6.13727325e-05
11,787,6.13216725e-05
11,788,6.132167e-05
11,789,6.132166e-05
11,790,6.132166e-05
11,791,6.13215475e-05
11,792,6.132153249999999e-05
11,793,6.1222455e-05
11,794,6.12224525e-05
11,795,6.12224425e-05
11,796,6.12224425e-05
11,797,6.122242250000001e-05
11,798,6.1222405e-05
11,799,6.10754775e-05
11,800,6.107547499999999e-05
11,801,6.107546750000001e-05
11,802,6.107546750000001e-05
11,803,6.107546750000001e-05
11,804,6.107546750000001e-05
11,805,6.1015442500000005e-05
11,806,6.1015442500000005e-05
11,807,6.1015442500000005e-05
11,808,6.1015442500000005e-05
11,809,6.1015442500000005e-05
11,810,6.1015442500000005e-05
11,811,6.0899125e-05
11,812,6.0899095e-05
11,813,6.0899095e-05
11,814,6.08990925e-05
11,815,6.089909e-05
11,816,6.089909e-05
11,817,6.089322250000001e-05
11,818,6.089322250000001e-05
11,819,6.089322250000001e-05
11,820,6.089322250000001e-05
11,821,6.089322250000001e-05
11,822,6.089322250000001e-05
11,823,6.0879580000000004e-05
11,824,6.0879580000000004e-05
11,825,6.08795775e-05
11,826,6.08795775e-05
11,827,6.08795775e-05
11,828,6.08795775e-05
11,829,6.0868695e-05
11,830,6.0868695e-05
11,831,6.08686925e-05
11,832,6.08686925e-05
11,833,6.08686925e-05
11,834,6.08686925e-05
11,835,6.08661e-05
11,836,6.0866095e-05
11,837,6.0866095e-05
11,838,6.0866095e-05
11,839,6.0866095e-05
11,840,6.0866095e-05
11,841,6.08638e-05
11,842,6.08637675e-05
11,843,6.08637675e-05
11,844,6.0863764999999996e-05
11,845,6.0863759999999995e-05
11,846,6.0863759999999995e-05
11,847,6.086286000000001e-05
11,848,6.0862855e-05
11,849,6.0862855e-05
11,850,6.0862855e-05
11,851,6.0862855e-05
11,852,6.0862855e-05
11,853,6.08612025e-05
11,854,6.08612025e-05
11,855,6.08612025e-05
11,856,6.08612025e-05
11,857,6.08612025e-05
11,858,6.08612025e-05
11,859,6.08604625e-05
11,860,6.08604625e-05
11,861,6.08604625e-05
11,862,6.08604625e-05
11,863,6.08604625e-05
11,864,6.08604625e-05
11,865,6.08604625e-05
11,866,6.08604625e-05
11,867,6.08604625e-05
11,868,6.08604625e-05
11,869,6.08604625e-05
11,870,6.08604625e-05
11,871,6.0860435e-05
11,872,6.0860435e-05
11,873,6.08604325e-05
11,874,6.08604325e-05
11,875,6.08604325e-05
11,876,6.08604325e-05
11,877,6.0860382500000006e-05
11,878,6.0860382500000006e-05
11,879,6.0860382500000006e-05
11,880,6.0860382500000006e-05
11,881,6.0860382500000006e-05
11,882,6.0860382500000006e-05
11,883,6.08602675e-05
11,884,6.08602675e-05
11,885,6.08602675e-05
11,886,6.08602675e-05
11,887,6.08602675e-05
11,888,6.08602675e-05
11,889,6.08602175e-05
11,890,6.08602075e-05
11,891,6.08602075e-05
11,892,6.08602075e-05
11,893,6.08602075e-05
11,894,6.08602075e-05
11,895,6.08602025e-05
11,896,6.08602025e-05
11,897,6.08602025e-05
11,898,6.08602025e-05
11,899,6.08602025e-05
11,900,6.08602025e-05
11,901,6.086019250000001e-05
11,902,6.086019250000001e-05
11,903,6.086019250000001e-05
11,904,6.086019e-05
11,905,6.086019e-05
11,906,6.086019e-05
11,907,6.086019e-05
11,908,6.086019e-05
11,909,6.086019e-05
11,910,6.086019e-05
11,911,6.086019e-05
11,912,6.086019e-05
11,913,6.086019e-05
11,914,6.086019e-05
11,915,6.086019e-05
11,916,6.086019e-05
11,917,6.086019e-05
11,918,6.086019e-05
11,919,6.08601775e-05
11,920,6.0860175e-05
11,921,6.0860175e-05
11,922,6.0860175e-05
11,923,6.0860175e-05
11,924,6.0860175e-05
11,925,6.0860175e-05
11,926,6.0860175e-05
11,927,6.0860175e-05
11,928,6.0860175e-05
11,929,6.0860175e-05
11,930,6.0860175e-05
11,931,6.0860175e-05
11,932,6.08601725e-05
11,933,6.08601725e-05
11,934,6.08601725e-05
11,935,6.08601725e-05
11,936,6.08601725e-05
11,937,6.08601725e-05
11,938,6.08601725e-05
11,939,6.08601725e-05
11,940,6.08601725e-05
11,941,6.08601725e-05
11,942,6.08601725e-05
11,943,6.08601725e-05
11,944,6.0860169999999995e-05
11,945,6.0860169999999995e-05
11,946,6.0860169999999995e-05
11,947,6.0860169999999995e-05
11,948,6.0860169999999995e-05
11,949,6.0860169999999995e-05
11,950,6.08601675e-05
11,951,6.08601675e-05
11,952,6.08601675e-05
11,953,6.08601675e-05
11,954,6.08601675e-05
11,955,6.08601675e-05
11,956,6.0860164999999995e-05
11,957,6.0860164999999995e-05
11,958,6.0860164999999995e-05
11,959,6.0860164999999995e-05
11,960,6.0860164999999995e-05
11,961,6.0860164999999995e-05
11,962,6.0860164999999995e-05
11,963,6.0860164999999995e-05
11,964,6.0860164999999995e-05
11,965,6.0860164999999995e-05
11,966,6.0860164999999995e-05
11,967,6.0860164999999995e-05
11,968,6.0860164999999995e-05
11,969,6.0860164999999995e-05
11,970,6.0860164999999995e-05
11,971,6.0860164999999995e-05
11,972,6.0860164999999995e-05
11,973,6.0860164999999995e-05
11,974,6.0860164999999995e-05
11,975,6.0860164999999995e-05
11,976,6.0860164999999995e-05
11,977,6.0860164999999995e-05
11,978,6.0860164999999995e-05
11,979,6.0860164999999995e-05
11,980,6.0860164999999995e-05
11,981,6.0860164999999995e-05
11,982,6.0860164999999995e-05
11,983,6.0860164999999995e-05
11,984,6.0860164999999995e-05
11,985,6.0860164999999995e-05
11,986,6.0860164999999995e-05
11,987,6.0860164999999995e-05
11,988,6.0860164999999995e-05
11,989,6.0860164999999995e-05
11,990,6.0860164999999995e-05
11,991,6.08601625e-05
11,992,6.08601625e-05
11,993,6.08601625e-05
11,994,6.08601625e-05
11,995,6.08601625e-05
11,996,6.08601625e-05
11,997,6.0860157500000004e-05
11,998,6.0860157500000004e-05
11,999,6.0860157500000004e-05
11,1000,6.0860157500000004e-05
12,1,4072417301.5302453
12,2,461467075.20224416
12,3,391249991.5485875
12,4,115102257.50283603
12,5,86875030.8046582
12,6,67575808.30832514
12,7,60956032.966315925
12,8,53936761.85479138
12,9,42899851.43512766
12,10,41203377.30200199
12,11,35077232.957810976
12,12,30325295.95265478
12,13,27703902.47519958
12,14,22083536.33461002
12,15,19727809.44378392
12,16,18440148.18243234
12,17,16140628.173372915
12,18,14403040.649515107
12,19,13066702.780189076
12,20,12259578.372312084
12,21,12234511.04548648
12,22,11345650.447684823
12,23,9275735.263475573
12,24,8675149.59213571
12,25,7948849.314778251
12,26,7818220.109533822
12,27,7041334.631849472
12,28,6759439.285619669
12,29,6600532.809127206
12,30,6318925.9132938525
12,31,6109749.93661459
12,32,6016311.168666611
12,33,5171909.518349305
12,34,4598616.89482055
12,35,4553257.176195966
12,36,4276621.985770176
12,37,4096778.774339421
12,38,3833760.39909372
12,39,3804842.4120654613
12,40,3789559.683234693
12,41,3492707.5899010347
12,42,3289552.3947844147
12,43,3087776.754013025
12,44,2774079.718701346
12,45,2592000.891871228
12,46,2494657.315318996
12,47,2466742.3210288575
12,48,2381079.034017256
12,49,2335013.1670652744
12,50,2316896.3586562765
12,51,2234691.5168891368
12,52,2222447.7700528293
12,53,2102213.2128234887
12,54,2000411.009672942
12,55,1943112.519573658
12,56,1851641.1447231472
12,57,1851641.1447231472
12,58,1851641.1411103676
12,59,1838467.0039900963
12,60,1838467.0023188894
12,61,1784131.4607206758
12,62,1758563.296657322
12,63,1361827.8799163771
12,64,1290663.709946244
12,65,1261603.1562539635
12,66,1239381.6492147695
12,67,1203821.9036406144
12,68,1197115.092752542
12,69,1099407.0438692863
12,70,1058706.6418128852
12,71,1058706.6418128852
12,72,1053845.8434531502
12,73,1031181.2155880036
12,74,1013595.609651909
12,75,947714.476186084
12,76,903822.8813839778
12,77,891237.2492954917
12,78,828582.8474964269
12,79,812945.5273064311
12,80,800068.7275351428
12,81,742456.0529871691
12,82,705075.4156518623
12,83,689609.8560361799
12,84,647050.5386447355
12,85,642152.3481671021
12,86,607722.6195413177
12,87,575024.160002658
12,88,562693.1710858748
12,89,512588.7288321309
12,90,489675.6108770076
12,91,463953.8445229903
12,92,457094.41970320384
12,93,451205.3566308793
12,94,451205.35619745665
12,95,447318.4272853209
12,96,441812.8905905921
12,97,427511.6109685694
12,98,421469.544308957
12,99,420428.0248639834
12,100,420390.8944217074
12,101,387501.74840981554
12,102,375041.5655840158
12,103,372863.62751008326
12,104,369188.02619559254
12,105,362653.4302412805
12,106,351014.7152615894
12,107,351002.0226755937
12,108,328231.95075728267
12,109,326271.3246622122
12,110,318028.1658933927
12,111,254952.13416787557
12,112,254952.1331630738
12,113,242323.5144892061
12,114,242323.5144892061
12,115,235632.95392599562
12,116,235632.95382370148
12,117,176434.00711040615
12,118,176434.0058107849
12,119,171780.66359874074
12,120,171780.66355697793
12,121,164456.14407824806
12,122,157045.26882003548
12,123,147524.95168892236
12,124,147524.95065998108
12,125,147524.95058728865
12,126,139233.97701195368
12,127,138183.8830749587
12,128,138183.88298064802
12,129,131380.16407535828
12,130,131029.38598765325
12,131,130219.14478555605
12,132,129261.65397290979
12,133,129261.65390736288
12,134,129261.65390096357
12,135,118931.25623176184
12,136,118931.25527833476
12,137,115461.4218711372
12,138,111897.64039777585
12,139,111759.5228114976
12,140,111759.52271170465
12,141,94442.59929223417
12,142,94442.5982684767
12,143,94442.5982576406
12,144,94286.18023437785
12,145,94215.25287434488
12,146,93512.46425957669
12,147,68372.80658534684
12,148,65915.49763031778
12,149,62637.54755735361
12,150,61224.29195069956
12,151,59599.932278653934
12,152,54721.39332992925
12,153,41984.52835891192
12,154,41984.527919286076
12,155,41984.527441367194
12,156,41088.737122953884
12,157,40812.96584618684
12,158,37990.287573115565
12,159,35342.676876560035
12,160,35284.691618400524
12,161,33414.271364147244
12,162,33414.27134069719
12,163,33414.27129362441
12,164,33414.271210296094
12,165,11970.122119022815
12,166,11970.122002647637
12,167,11047.841012090417
12,168,10715.178002239514
12,169,10585.303235754804
12,170,8796.036908533802
12,171,7939.790002221393
12,172,7939.789997460064
12,173,7929.046136049782
12,174,7929.046120743915
12,175,7929.046107687655
12,176,7657.287949111165
12,177,6231.500007335827
12,178,6231.499988516495
12,179,6231.4999805809375
12,180,6231.499964963935
12,181,6231.499903988415
12,182,6231.499902301248
12,183,6129.898542990768
12,184,6129.898540081628
12,185,5919.6720994969
12,186,5850.61849329987
12,187,5850.618487171682
12,188,5721.290889711872
12,189,5543.264907221693
12,190,5287.09974565238
12,191,5206.418819921901
12,192,5165.64708969489
12,193,4990.061452771963
12,194,4990.06138490481
12,195,4988.371566648602
12,196,4957.018271395955
12,197,4831.9177603228545
12,198,4780.195831430848
12,199,4755.6570967645
12,200,4755.657096761593
12,201,4743.768942848181
12,202,4743.768897923308
12,203,4743.768806707293
12,204,4743.768602947513
12,205,4743.76852735413
12,206,4743.76842432352
12,207,4501.168376903713
12,208,4501.1683692928045
12,209,4501.168364386285
12,210,4501.1683503753475
12,211,4501.168332965713
12,212,4501.168269637902
12,213,847.781798422995
12,214,847.7817331689675
12,215,847.7816877040675
12,216,847.78165445847
12,217,847.7816305254725
12,218,847.7815832926824
12,219,541.937726645935
12,220,541.9377120297424
12,221,541.937706963915
12,222,541.9376975830075
12,223,541.93768198234
12,224,541.937681803645
12,225,87.15672900971751
12,226,87.15670954734
12,227,87.15670634271001
12,228,87.1566774605075
12,229,87.15664775953749
12,230,87.156647499045
12,231,70.46187001859501
12,232,70.46186705897
12,233,70.461866578465
12,234,70.46186368537249
12,235,70.4618542167575
12,236,70.46185394867
12,237,38.333388203485
12,238,38.333379382565
12,239,38.33337595384
12,240,38.33336152192
12,241,38.3333543603525
12,242,38.3333501711925
12,243,27.065233747260002
12,244,27.065230966395
12,245,27.06522828968
12,246,27.0652264698725
12,247,27.0652247440275
12,248,27.065224391722502
12,249,19.10985469733
12,250,19.1098490950275
12,251,19.10984682544
12,252,19.109836401335
12,253,19.109831623345
12,254,19.109830774305
12,255,15.765478964467501
12,256,15.7654721673775
12,257,15.7654694122975
12,258,15.765460983765
12,259,15.7654587171975
12,260,15.765458717195
12,261,13.6258688067175
12,262,13.625863764330001
12,263,13.625861132765
12,264,13.625853257094999
12,265,13.6258517393375
12,266,13.6258517184525
12,267,12.0164170750425
12,268,12.016414207732499
12,269,12.016413979162499
12,270,12.0164052157675
12,271,12.0164051230225
12,272,12.016405102067498
12,273,11.015358671715
12,274,11.015355340555
12,275,11.01535491684
12,276,11.015346852755
12,277,11.015345796270001
12,278,11.0153457958175
12,279,8.4054763210825
12,280,8.405473212667498
12,281,8.4054717645475
12,282,8.4054652627425
12,283,8.405464453675
12,284,8.405464453157501
12,285,3.63932417926
12,286,3.6393224905575003
12,287,3.63932095894
12,288,3.639318226245
12,289,3.6393176672324996
12,290,3.6393175771800004
12,291,2.5893347189124998
12,292,2.58933379114
12,293,2.5893320714925
12,294,2.5893317832675
12,295,2.58933086227
12,296,2.5893307419675002
12,297,2.3577062119675
12,298,2.357705266485
12,299,2.35770418446
12,300,2.357703961985
12,301,2.3577032744425
12,302,2.3577031305875
12,303,2.0019795209975
12,304,2.0019790604849996
12,305,2.0019782713875
12,306,2.001978064265
12,307,2.0019775584925
12,308,2.00197736953
12,309,1.8943503103350001
12,310,1.8943497174800001
12,311,1.8943496387625
12,312,1.8943494276175
12,313,1.8943491876699998
12,314,1.89434918672
12,315,1.8054497403475
12,316,1.805449453085
12,317,1.8054493966675
12,318,1.8054489043700002
12,319,1.805448463785
12,320,1.8054484628499998
12,321,1.7472719192099997
12,322,1.7472714032375003
12,323,1.747271236665
12,324,1.7472707653775
12,325,1.7472704421099998
12,326,1.7472704181824998
12,327,1.6980686086024999
12,328,1.698068267385
12,329,1.6980682571799999
12,330,1.698067859395
12,331,1.6980675567374999
12,332,1.6980675567374999
12,333,1.66954866833
12,334,1.6695482126425003
12,335,1.669548042565
12,336,1.6695476576650001
12,337,1.6695474406775
12,338,1.66954728459
12,339,1.6240725540174998
12,340,1.62407216294
12,341,1.6240721360150001
12,342,1.6240718840875001
12,343,1.62407159833
12,344,1.6240715964025
12,345,1.58511443744
12,346,1.585113718695
12,347,1.5851137132225
12,348,1.58511358441
12,349,1.5851132259725
12,350,1.5851132239325
12,351,1.5384868352475
12,352,1.53848612853
12,353,1.5384861052049998
12,354,1.5384858236274999
12,355,1.5384853931425
12,356,1.538485370105
12,357,1.486416850725
12,358,1.486416196345
12,359,1.4864161832199998
12,360,1.48641590675
12,361,1.4864151778649999
12,362,1.4864151778649999
12,363,1.4240691156775
12,364,1.4240687053524999
12,365,1.4240687048824998
12,366,1.4240684301225
12,367,1.4240679954825
12,368,1.4240679954825
12,369,1.3778784867399998
12,370,1.3778780505675
12,371,1.3778778263925
12,372,1.377877665815
12,373,1.377877192625
12,374,1.3778771860424999
12,375,1.3139067861475
12,376,1.3139065205825
12,377,1.3139063818775
12,378,1.313906151645
12,379,1.313905663795
12,380,1.3139056562475
12,381,1.26461219906
12,382,1.2646119824825
12,383,1.2646117880849999
12,384,1.264611525075
12,385,1.26461111865
12,386,1.2646111149275001
12,387,1.220148505625
12,388,1.220148317045
12,389,1.2201482607425
12,390,1.22014809624
12,391,1.22014773347
12,392,1.2201477171375
12,393,1.190686517165
12,394,1.1906862205475
12,395,1.190686128045
12,396,1.190685867975
12,397,1.190685365625
12,398,1.1906853535525
12,399,1.161423062315
12,400,1.1614228466225
12,401,1.1614228334825
12,402,1.16142264917
12,403,1.1614222836399999
12,404,1.161422275415
12,405,1.124486388615
12,406,1.1244861469425
12,407,1.1244861418999998
12,408,1.124485920455
12,409,1.1244855620675
12,410,1.124485561225
12,411,1.0733933337825001
12,412,1.073393171765
12,413,1.0733931522025002
12,414,1.07339287148
12,415,1.073392503835
12,416,1.0733925026125
12,417,1.036587220535
12,418,1.03658696933
12,419,1.0365869387975
12,420,1.036586821195
12,421,1.0365866335849998
12,422,1.0365865840575
12,423,1.0070410381825001
12,424,1.0070407047725
12,425,1.0070406184125
12,426,1.0070404620575
12,427,1.0070402552625
12,428,1.007040146065
12,429,0.97151112126
12,430,0.9715106953999999
12,431,0.97151061502
12,432,0.9715103466175
12,433,0.9715101615
12,434,0.9715100799925
12,435,0.9316044500449999
12,436,0.9316041323325
12,437,0.9316040798575
12,438,0.9316039038475001
12,439,0.931603699695
12,440,0.9316036983975
12,441,0.9174695828724999
12,442,0.91746929022
12,443,0.91746927324
12,444,0.917469084935
12,445,0.9174689863625
12,446,0.9174689858375
12,447,0.8948096018099999
12,448,0.894809453665
12,449,0.8948094257675001
12,450,0.8948092143350002
12,451,0.8948089238825
12,452,0.8948089189324999
12,453,0.8647937743
12,454,0.8647934838825
12,455,0.86479347128
12,456,0.864793283845
12,457,0.86479291035
12,458,0.8647929100325001
12,459,0.8337024305425
12,460,0.8337023019400001
12,461,0.8337022860950001
12,462,0.83370213869
12,463,0.8337018521475
12,464,0.8337018489475
12,465,0.8036569471225
12,466,0.8036567166575
12,467,0.8036567057999999
12,468,0.8036565329725001
12,469,0.803656264075
12,470,0.8036562632225
12,471,0.7614677286825
12,472,0.7614675234174999
12,473,0.7614674247125
12,474,0.7614672741774999
12,475,0.76146714605
12,476,0.7614671045875
12,477,0.73819115077
12,478,0.7381909659975
12,479,0.738190950685
12,480,0.738190768625
12,481,0.73819064258
12,482,0.738190641955
12,483,0.7118531662550001
12,484,0.7118530907875
12,485,0.7118530634175
12,486,0.7118529048875001
12,487,0.711852729595
12,488,0.7118527286125
12,489,0.6939744633325
12,490,0.6939742966025
12,491,0.6939742493125001
12,492,0.6939741996375001
12,493,0.69397405538
12,494,0.69397404055
12,495,0.67540074955
12,496,0.675400595135
12,497,0.675400587795
12,498,0.6754004376849999
12,499,0.6754001345325
12,500,0.67540013425
12,501,0.6545989305725
12,502,0.654598703155
12,503,0.6545986998625
12,504,0.6545985398924999
12,505,0.6545981804250001
12,506,0.6545981800675
12,507,0.6290663281825
12,508,0.6290660520175
12,509,0.6290660366624999
12,510,0.62906588399
12,511,0.6290656928225
12,512,0.629065679945
12,513,0.603188619635
12,514,0.6031884279075
12,515,0.6031883733875001
12,516,0.6031882245575
12,517,0.60318806769
12,518,0.603188066055
12,519,0.5752080565775
12,520,0.5752077293375
12,521,0.5752076906825
12,522,0.5752076723074999
12,523,0.5752075671025001
12,524,0.575207552705
12,525,0.5637027619575
12,526,0.56370270023
12,527,0.56370267169
12,528,0.5637025675499999
12,529,0.5637024240199999
12,530,0.563702419475
12,531,0.549832100185
12,532,0.5498318241575
12,533,0.549831803605
12,534,0.5498316970549999
12,535,0.549831468805
12,536,0.54983146806
12,537,0.5299971811924999
12,538,0.5299969657175
12,539,0.5299969464300001
12,540,0.52999675674
12,541,0.5299964642125
12,542,0.5299964638300001
12,543,0.5090480440849999
12,544,0.5090479208875001
12,545,0.5090479038775
12,546,0.5090477473024999
12,547,0.5090474744825
12,548,0.5090474732750001
12,549,0.4887411634
12,550,0.488741070815
12,551,0.488741026935
12,552,0.488740938265
12,553,0.48874072704250004
12,554,0.48874071885500003
12,555,0.47163269902749994
12,556,0.47163255962249995
12,557,0.47163254878
12,558,0.4716323672825
12,559,0.47163214107749996
12,560,0.4716321393625
12,561,0.44931950624250006
12,562,0.4493193778775
12,563,0.44931935681999996
12,564,0.44931925059
12,565,0.449319083565
12,566,0.44931907682750005
12,567,0.430993957145
12,568,0.43099389678
12,569,0.430993870995
12,570,0.43099381979249995
12,571,0.43099366428249997
12,572,0.43099366249250004
12,573,0.4172860652475
12,574,0.41728591288
12,575,0.41728589905749996
12,576,0.41728581322
12,577,0.41728561009250004
12,578,0.41728560920249996
12,579,0.39958200430999996
12,580,0.3995819203
12,581,0.39958189766749996
12,582,0.3995818230925
12,583,0.39958173375999995
12,584,0.399581732585
12,585,0.38912464819750003
12,586,0.3891244975325
12,587,0.3891244902825
12,588,0.3891244531425
12,589,0.3891242892125
12,590,0.3891242880775
12,591,0.37933820120500006
12,592,0.3793380589825
12,593,0.3793380123525
12,594,0.379337970425
12,595,0.37933783770249996
12,596,0.37933780939
12,597,0.36355519413500004
12,598,0.363555053845
12,599,0.3635550313175
12,600,0.363554956685
12,601,0.3635547752375
12,602,0.363554771275
12,603,0.35030954133750003
12,604,0.3503094674625
12,605,0.35030944594749996
12,606,0.35030939584250004
12,607,0.3503092902475
12,608,0.3503092832775
12,609,0.3405194647525
12,610,0.34051931344
12,611,0.34051930254
12,612,0.34051923519250005
12,613,0.340519147015
12,614,0.34051914494
12,615,0.33249426412250005
12,616,0.33249423558
12,617,0.3324942166425
12,618,0.33249410787
12,619,0.332493948295
12,620,0.332493942805
12,621,0.31828809533249997
12,622,0.31828798321249996
12,623,0.31828796233
12,624,0.3182878262625
12,625,0.3182876860675
12,626,0.31828768269499996
12,627,0.3069831736025
12,628,0.3069830809875
12,629,0.3069830551225
12,630,0.30698297826500004
12,631,0.3069829331725
12,632,0.3069829305775
12,633,0.30145967823
12,634,0.30145964549250004
12,635,0.30145963414000004
12,636,0.30145952531
12,637,0.301459445825
12,638,0.301459444825
12,639,0.2891760217825
12,640,0.289175997475
12,641,0.289175982045
12,642,0.2891758321025
12,643,0.2891756934225
12,644,0.2891756915125
12,645,0.2738962498975
12,646,0.2738961992975
12,647,0.2738961716825
12,648,0.27389606890249996
12,649,0.27389591735
12,650,0.27389591632
12,651,0.2637549816
12,652,0.263754925505
12,653,0.26375490199249996
12,654,0.26375487045
12,655,0.2637548406925
12,656,0.2637547837575
12,657,0.25977356916
12,658,0.2597735109225
12,659,0.2597734834775
12,660,0.25977344963250004
12,661,0.25977337415
12,662,0.25977330920499997
12,663,0.2485449266975
12,664,0.24854475312250002
12,665,0.248544737965
12,666,0.2485446831175
12,667,0.24854454870249998
12,668,0.24854454052499997
12,669,0.2406078256775
12,670,0.240607701275
12,671,0.24060768723999998
12,672,0.24060764067
12,673,0.2406075773725
12,674,0.24060757490499998
12,675,0.2354546144475
12,676,0.23545450407250001
12,677,0.2354544967725
12,678,0.23545446116999996
12,679,0.2354542971325
12,680,0.23545429584750002
12,681,0.22914817099249998
12,682,0.2291480125525
12,683,0.22914799394250002
12,684,0.22914797011000002
12,685,0.22914790149000003
12,686,0.229147899655
12,687,0.2179128958075
12,688,0.217912802285
12,689,0.21791278352250001
12,690,0.21791277341
12,691,0.21791272149750002
12,692,0.217912720635
12,693,0.20634362453750002
12,694,0.20634355578750002
12,695,0.206343530535
12,696,0.2063434928725
12,697,0.2063434516325
12,698,0.20634345031499998
12,699,0.196668503145
12,700,0.1966684107225
12,701,0.19666836851
12,702,0.1966683507575
12,703,0.196668341975
12,704,0.1966683393075
12,705,0.19292906994
12,706,0.19292896308250002
12,707,0.1929289564625
12,708,0.192928912515
12,709,0.19292887336
12,710,0.192928872545
12,711,0.1874402192675
12,712,0.18744013103999999
12,713,0.1874401215325
12,714,0.18744000285
12,715,0.1874398764975
12,716,0.18743987165749998
12,717,0.18336864702
12,718,0.18336862065499998
12,719,0.18336861703250001
12,720,0.18336855507
12,721,0.1833684574225
12,722,0.18336845559749998
12,723,0.1765973252375
12,724,0.17659730539250001
12,725,0.176597297975
12,726,0.1765971859925
12,727,0.17659707916249998
12,728,0.17659707604500002
12,729,0.1706201119775
12,730,0.1706200906475
12,731,0.1706200811325
12,732,0.1706200104925
12,733,0.170619926815
12,734,0.170619923935
12,735,0.16199177937
12,736,0.1619917378975
12,737,0.1619917249025
12,738,0.16199163867750002
12,739,0.1619915285825
12,740,0.161991526755
12,741,0.156364536055
12,742,0.1563645063275
12,743,0.1563644930325
12,744,0.1563644517925
12,745,0.156364410625
12,746,0.156364409265
12,747,0.151921626345
12,748,0.15192157772
12,749,0.151921571375
12,750,0.15192155457
12,751,0.1519214711825
12,752,0.15192147089
12,753,0.14635070907999997
12,754,0.1463506100525
12,755,0.14635060578749998
12,756,0.14635059418750002
12,757,0.14635052396999998
12,758,0.14635052363999998
12,759,0.14114076819750002
12,760,0.141140524855
12,761,0.141140520535
12,762,0.1411405036225
12,763,0.1411404327975
12,764,0.1411404326625
12,765,0.13864873552749998
12,766,0.13864861459
12,767,0.1386486122
12,768,0.138648585645
12,769,0.13864854955
12,770,0.13864854934999998
12,771,0.13466437877249998
12,772,0.13466422169499997
12,773,0.1346642199925
12,774,0.13466419698999998
12,775,0.13466416814499998
12,776,0.13466416802
12,777,0.129247659535
12,778,0.12924743863250002
12,779,0.1292474287975
12,780,0.1292473985775
12,781,0.12924739678000002
12,782,0.129247396615
12,783,0.1216624352175
12,784,0.121662299445
12,785,0.12166229743999998
12,786,0.121662285725
12,787,0.121662285725
12,788,0.12166228542499999
12,789,0.11568552005250002
12,790,0.1156854699875
12,791,0.11568544243500001
12,792,0.11568538539749999
12,793,0.11568530775750001
12,794,0.11568530730000001
12,795,0.1098143334825
12,796,0.10981433327750001
12,797,0.109814204415
12,798,0.1098141466275
12,799,0.10981408784499999
12,800,0.10981406785749999
12,801,0.10340907347499999
12,802,0.10340906738
12,803,0.10340903157
12,804,0.1034089471475
12,805,0.10340885580749999
12,806,0.10340885549749998
12,807,0.10035528765749999
12,808,0.10035527856
12,809,0.10035526179000001
12,810,0.10035521171499999
12,811,0.1003551489475
12,812,0.10035514692
12,813,0.09671289281249999
12,814,0.0967128883325
12,815,0.09671288507
12,816,0.0967128266725
12,817,0.09671275898250001
12,818,0.09671275846499999
12,819,0.0931664258475
12,820,0.09316639794750001
12,821,0.0931663865325
12,822,0.09316634339999999
12,823,0.0931662583025
12,824,0.093166257215
12,825,0.0908446462125
12,826,0.09084452281
12,827,0.0908445100775
12,828,0.09084447401
12,829,0.0908444272
12,830,0.09084442684749999
12,831,0.0875731589125
12,832,0.08757299812
12,833,0.08757299199
12,834,0.0875729658175
12,835,0.08757293833749999
12,836,0.087572938055
12,837,0.0841471737575
12,838,0.08414694444000001
12,839,0.0841469402975
12,840,0.08414691926
12,841,0.0841468980575
12,842,0.08414689720749999
12,843,0.08039375911499999
12,844,0.08039351902
12,845,0.08039351090249999
12,846,0.0803934993575
12,847,0.0803934993425
12,848,0.08039349915
12,849,0.08015481989
12,850,0.080154816625
12,851,0.08015480478
12,852,0.08015479053999999
12,853,0.08015478870500001
12,854,0.08015478579
12,855,0.0785227357675
12,856,0.0785224764525
12,857,0.0785224627225
12,858,0.078522462685
12,859,0.0785224592025
12,860,0.0785224556075
12,861,0.076324263805
12,862,0.07632406354500001
12,863,0.07632405256250001
12,864,0.076324035165
12,865,0.07632403491
12,866,0.0763240331775
12,867,0.07304089194249999
12,868,0.07304081462
12,869,0.0730408065825
12,870,0.07304080374250001
12,871,0.07304075934250001
12,872,0.07304075796500001
12,873,0.0697477174475
12,874,0.06974768323
12,875,0.06974767432
12,876,0.06974762413499999
12,877,0.069747560335
12,878,0.06974755970749999
12,879,0.06805267282500001
12,880,0.0680526689075
12,881,0.068052661505
12,882,0.06805261968
12,883,0.0680525971975
12,884,0.068052596955
12,885,0.066624856105
12,886,0.06662483093
12,887,0.0666248279825
12,888,0.0666247689825
12,889,0.0666247186225
12,890,0.06662471849
12,891,0.06411776917999999
12,892,0.06411776583499999
12,893,0.0641177611475
12,894,0.0641177097325
12,895,0.0641176311775
12,896,0.0641176298825
12,897,0.0602117474875
12,898,0.060211742235
12,899,0.0602117386825
12,900,0.0602117105525
12,901,0.0602116647075
12,902,0.060211664092500006
12,903,0.0569849229025
12,904,0.0569848683925
12,905,0.0569848632025
12,906,0.056984834385
12,907,0.05698481646
12,908,0.05698481533250001
12,909,0.05397471013999999
12,910,0.053974627404999996
12,911,0.053974588115
12,912,0.053974581695
12,913,0.05397458157
12,914,0.053974579184999996
12,915,0.0536826931975
12,916,0.05368266551999999
12,917,0.0536826621025
12,918,0.053682642530000005
12,919,0.053682642530000005
12,920,0.053682642062499994
12,921,0.051796941492500005
12,922,0.05179681664
12,923,0.051796812022500006
12,924,0.0517967825875
12,925,0.051796775159999996
12,926,0.051796774342500004
12,927,0.0502871441525
12,928,0.0502870564825
12,929,0.0502870511
12,930,0.050287041925
12,931,0.050287040704999994
12,932,0.050287040232500003
12,933,0.04783537088999999
12,934,0.0478353574875
12,935,0.0478353552725
12,936,0.04783532221499999
12,937,0.047835269787499995
12,938,0.0478352694175
12,939,0.046080168455
12,940,0.046080165345
12,941,0.046080163032499996
12,942,0.04608011849
12,943,0.04608003329
12,944,0.046080032879999996
12,945,0.043554926310000006
12,946,0.0435549245325
12,947,0.04355492223
12,948,0.043554891605
12,949,0.043554861619999996
12,950,0.04355486116
12,951,0.0417491953325
12,952,0.0417491582075
12,953,0.04174915471
12,954,0.041749123285
12,955,0.04174909427
12,956,0.0417490938975
12,957,0.03949728918
12,958,0.0394972178275
12,959,0.039497216915
12,960,0.0394972031275
12,961,0.0394971844175
12,962,0.0394971842675
12,963,0.0375392153275
12,964,0.03753909406
12,965,0.037539090139999995
12,966,0.03753908305
12,967,0.0375390685425
12,968,0.037539068165
12,969,0.0359192949275
12,970,0.03591915718
12,971,0.035919148227499996
12,972,0.035919140244999995
12,973,0.03591914012
12,974,0.0359191391625
12,975,0.0349745828625
12,976,0.03497447375
12,977,0.034974471805000004
12,978,0.03497446491
12,979,0.03497445788
12,980,0.0349744575125
12,981,0.033732119402499997
12,982,0.033732041554999995
12,983,0.033732038395
12,984,0.03373202214
12,985,0.033732009599999994
12,986,0.0337320090675
12,987,0.032031745505
12,988,0.03203171011
12,989,0.032031708665
12,990,0.03203169323
12,991,0.032031670945
12,992,0.032031670685
12,993,0.029740550047499998
12,994,0.029740525205
12,995,0.029740523715
12,996,0.029740489895
12,997,0.0297404524475
12,998,0.02974045207
12,999,0.028575162339999998
12,1000,0.0285751428225
13,1,1205.3804043381526
13,2,921.13139100312
13,3,797.70041044272
13,4,714.39819407806
13,5,625.9689443372374
13,6,576.5146671658275
13,7,547.5435042448125
13,8,533.3291812192875
13,9,505.2392744668925
13,10,490.4199385181175
13,11,455.90473751952504
13,12,427.59031597535994
13,13,419.81187053100246
13,14,414.1854978940325
13,15,395.958016853165
13,16,384.11355197033
13,17,373.1189096260425
13,18,371.380632980585
13,19,364.7382834444175
13,20,354.84267947276
13,21,344.0801354236125
13,22,339.7209577582475
13,23,338.8722352310775
13,24,334.08488966132
13,25,322.058737493555
13,26,313.0143033544475
13,27,312.47794704889503
13,28,312.47794704889503
13,29,312.47794704889503
13,30,302.26955287012004
13,31,297.4972941952175
13,32,294.8022222242175
13,33,290.53525651636
13,34,283.0980673846775
13,35,282.98979482062
13,36,281.80368785961
13,37,279.4875988365
13,38,265.70853410745497
13,39,264.68840623826
13,40,259.9944409307325
13,41,259.31705155541
13,42,252.89352886898251
13,43,250.73544880219
13,44,244.85458508033497
13,45,244.85458508033497
13,46,236.9610756924225
13,47,234.7043189844375
13,48,230.80766622870752
13,49,228.4403879131125
13,50,221.395337909985
13,51,221.0712647236575
13,52,218.36787484738753
13,53,206.2731423539125
13,54,202.42521089038502
13,55,202.42521089038502
13,56,194.91477434043
13,57,194.91477434043
13,58,188.4406418227175
13,59,185.36081241957498
13,60,181.6592430464125
13,61,176.1760596087775
13,62,175.8983159768375
13,63,173.90725597375248
13,64,171.61446620275
13,65,170.1047584982525
13,66,163.225068742905
13,67,156.81161078418
13,68,156.75290000582748
13,69,152.19550931660999
13,70,148.5472817161375
13,71,147.39910407237
13,72,146.134184467465
13,73,141.64146728231748
13,74,139.8386994920525
13,75,136.62615782165
13,76,135.651985812905
13,77,133.21820357424
13,78,133.033509287425
13,79,132.19228061927998
13,80,132.063418775375
13,81,131.7020816833875
13,82,131.129723023575
13,83,126.88772800874749
13,84,124.92860095717
13,85,123.72380390675751
13,86,122.32248377183751
13,87,116.78136758129749
13,88,114.385718965405
13,89,112.06609356352001
13,90,108.74065282105
13,91,106.79768867719
13,92,103.3761645285975
13,93,101.164582546925
13,94,100.94050603120749
13,95,100.581580761795
13,96,100.0816976561625
13,97,99.9941280693125
13,98,99.70394083404
13,99,99.69212742324501
13,100,97.7968065079625
13,101,94.7038245564475
13,102,93.02005211682
13,103,91.17167755447
13,104,87.9160098799
13,105,87.892292493875
13,106,85.14706628944
13,107,83.52367594
13,108,82.00814441351
13,109,81.196430094655
13,110,81.045458698475
13,111,78.994799349985
13,112,78.29717967355751
13,113,77.512142578205
13,114,76.92705938049251
13,115,76.92705932884249
13,116,75.1200596945325
13,117,72.065742488835
13,118,69.61225139754251
13,119,68.804164850225
13,120,68.0158007409725
13,121,65.9117319351775
13,122,65.26893838477
13,123,63.9635906642675
13,124,62.4849491619925
13,125,61.164499299060004
13,126,60.25329034521
13,127,60.215273935455
13,128,59.9182188677175
13,129,58.53756071431
13,130,57.00194604211
13,131,55.9391215925775
13,132,55.57289720065501
13,133,54.635825344032504
13,134,53.47546610388
13,135,52.71998151309
13,136,52.71261024905
13,137,52.5672621960725
13,138,51.08304117826
13,139,51.0669063322175
13,140,50.011063889362504
13,141,48.181667562487505
13,142,48.1816674634275
13,143,47.023897844895
13,144,46.82048408421
13,145,46.2069496037975
13,146,45.4297155269525
13,147,44.89146656398
13,148,44.8914665196675
13,149,44.8221271441475
13,150,44.3506483087625
13,151,44.115376438285
13,152,43.9882704689075
13,153,42.99912262683
13,154,42.886837401884996
13,155,42.51576086246
13,156,42.013142424390004
13,157,41.8594001750925
13,158,41.483177439357505
13,159,41.39178365272
13,160,41.3917835457325
13,161,41.39178350574
13,162,40.9713341517
13,163,40.441634582895
13,164,40.2417952558175
13,165,34.081153794955
13,166,33.8051934961825
13,167,33.483921028219996
13,168,33.017875764055
13,169,32.854927141044996
13,170,32.54901805299
13,171,32.199954737092504
13,172,31.9405925936225
13,173,31.2185343399725
13,174,30.96133098954
13,175,30.3849119463675
13,176,30.149268608517502
13,177,28.933019190685002
13,178,28.785886085515
13,179,28.6469789476725
13,180,27.86316586666
13,181,27.317327082472502
13,182,26.6068948591225
13,183,26.4022052082725
13,184,25.47422100479
13,185,25.192626525592498
13,186,24.749436438955
13,187,24.6098451512075
13,188,24.53939326563
13,189,24.368255753619998
13,190,24.3682556592325
13,191,24.352683487205002
13,192,24.32438769899
13,193,23.711380581692502
13,194,23.536626658942502
13,195,22.9988863953875
13,196,22.672815509385
13,197,21.96637617927
13,198,21.8874031832625
13,199,21.7564892702025
13,200,21.674150832182498
13,201,21.31846093563
13,202,20.58332714334
13,203,20.5577272632
13,204,20.3583603996025
13,205,20.348320512242502
13,206,20.34832030072
13,207,19.62850518358
13,208,19.6203937742275
13,209,19.6013116772675
13,210,19.5467520038675
13,211,19.3923566969775
13,212,19.27760096591
13,213,16.948446634987498
13,214,16.94844645843
13,215,16.781808459105
13,216,16.78180837559
13,217,16.7818082671875
13,218,16.483393328635
13,219,14.68403465815
13,220,14.676895247370002
13,221,14.67689514623
13,222,14.49223457393
13,223,14.49223446
13,224,14.492234413962501
13,225,13.995295230932502
13,226,13.963242593197501
13,227,13.89184942914
13,228,13.891849426445
13,229,13.785931096517501
13,230,13.75856672933
13,231,13.03544995964
13,232,13.0354497135075
13,233,12.9926765464425
13,234,12.992676434305
13,235,12.947881172152501
13,236,12.852775962575
13,237,12.5014049864425
13,238,12.5001327788775
13,239,12.3665012488025
13,240,12.3665011977975
13,241,12.3213166379225
13,242,12.261205156635
13,243,11.8701909460125
13,244,11.8568324061
13,245,11.8568323042925
13,246,11.8568322016775
13,247,11.6241244685125
13,248,11.6241244065
13,249,11.37583770093
13,250,11.3212772799925
13,251,11.1496261845725
13,252,11.066773672815
13,253,11.06677366321
13,254,10.62244430668
13,255,10.2021332377375
13,256,10.20213300558
13,257,10.2021329296025
13,258,10.202132826765
13,259,10.108753616905
13,260,10.108753508514999
13,261,9.350619723555
13,262,9.35061943821
13,263,9.3506193647
13,264,9.2914871630425
13,265,9.291487138427499
13,266,9.240651355885
13,267,8.834915226035
13,268,8.7764420610825
13,269,8.7585023572125
13,270,8.758502284992499
13,271,8.7585022675025
13,272,8.749140468532499
13,273,7.9083002646575
13,274,7.878333162542499
13,275,7.035510655582501
13,276,6.997022674315
13,277,6.9531509602075
13,278,6.9396297501125
13,279,6.462483264137499
13,280,6.462483152292501
13,281,6.4081505750625
13,282,6.3683897647825
13,283,6.3683896502175
13,284,6.319775467145
13,285,6.004053562835
13,286,5.9789835800925
13,287,5.856301117065
13,288,5.85630092162
13,289,5.841235706692499
13,290,5.796619311075
13,291,5.701352604555
13,292,5.66593210746
13,293,5.599123795485
13,294,5.5964966058125
13,295,5.57314772981
13,296,5.548089781
13,297,5.476160240957499
13,298,5.4541920198675005
13,299,5.4431581346875
13,300,5.4431580284425
13,301,5.41224533902
13,302,5.412245215245
13,303,5.3640200743949995
13,304,5.3628049091725
13,305,5.3255973363425
13,306,5.3255971740275
13,307,5.325596880647501
13,308,5.325596642245
13,309,5.30966618028
13,310,5.3095020201250005
13,311,5.2277246942375
13,312,5.227724458045
13,313,5.2277242696325
13,314,5.2238344412925
13,315,5.20318814206
13,316,5.169981446125
13,317,4.9488361609525
13,318,4.760960610515
13,319,4.7504393253825
13,320,4.750439193905001
13,321,4.7426814752299995
13,322,4.74268140044
13,323,4.419733295652501
13,324,4.4197330530975005
13,325,4.4033756473975
13,326,4.3999025718175
13,327,4.378460148745
13,328,4.3784600371549995
13,329,3.73084150711
13,330,3.7308412835975
13,331,3.7308411840699995
13,332,3.730840942805
13,333,3.726156245555
13,334,3.7261559969075
13,335,2.956295586655
13,336,2.944146456125
13,337,2.94414634428
13,338,2.9441462707725004
13,339,2.93982028721
13,340,2.939820087165
13,341,1.923478773635
13,342,1.9175996293025002
13,343,1.9175995416550002
13,344,1.9175992179525
13,345,1.9115308979224999
13,346,1.91153068731
13,347,1.7933282910425
13,348,1.7933280173575
13,349,1.7933279033224998
13,350,1.78964324688
13,351,1.7870060066874998
13,352,1.787005902585
13,353,1.754146725635
13,354,1.7541465173825
13,355,1.754146417075
13,356,1.7541462358075002
13,357,1.7520905341925002
13,358,1.75209029998
13,359,1.712362215285
13,360,1.7123620129725001
13,361,1.7123619005675
13,362,1.7123616781225
13,363,1.7116184339575
13,364,1.71161819042
13,365,1.7034879303275001
13,366,1.7034877298675
13,367,1.703487677215
13,368,1.7034875361975002
13,369,1.7025007173225
13,370,1.6762417062875001
13,371,1.65092768646
13,372,1.646266831205
13,373,1.6462666400850001
13,374,1.6441192666125002
13,375,1.643135906185
13,376,1.643135764605
13,377,1.526036613025
13,378,1.5260363725475
13,379,1.5260362353325
13,380,1.51840305609
13,381,1.5181797344299999
13,382,1.51817942682
13,383,1.3732041412325
13,384,1.3732039800675
13,385,1.3732038515325
13,386,1.3695218759925
13,387,1.369081973775
13,388,1.36908183143
13,389,1.16295339693
13,390,1.1501801970275
13,391,1.1501799561000001
13,392,1.1501798298
13,393,1.1500484104875
13,394,1.1500482878975
13,395,1.10788070024
13,396,1.107880412005
13,397,1.107880260725
13,398,1.10788020739
13,399,1.1077083182325
13,400,1.099880504285
13,401,1.0930423184650002
13,402,1.093041993035
13,403,1.093041807915
13,404,1.0930417653075
13,405,1.0929204887475001
13,406,1.0929202201000001
13,407,1.08808417396
13,408,1.0880840048475
13,409,1.0880838784725
13,410,1.0880838265275
13,411,1.0880159593775
13,412,1.0842404829099999
13,413,1.07685615062
13,414,1.0768558991000001
13,415,1.076855808565
13,416,1.0768557794425
13,417,1.0768338982525
13,418,1.0768337881624999
13,419,1.0195716183925
13,420,1.0195714984825002
13,421,1.01957140167
13,422,1.01957127907
13,423,1.01953397631
13,424,1.0195339213449999
13,425,0.9509188451850001
13,426,0.94547983599
13,427,0.9454797765624999
13,428,0.945479652725
13,429,0.94544517131
13,430,0.94544513149
13,431,0.810784933745
13,432,0.8107847281025
13,433,0.8107846944575
13,434,0.8107845411550001
13,435,0.8107570186674999
13,436,0.8107569448925
13,437,0.7481382542999999
13,438,0.736218532985
13,439,0.7362184576849999
13,440,0.736218354255
13,441,0.736209563005
13,442,0.7362094899175
13,443,0.7321159725749999
13,444,0.7321158455325
13,445,0.7302789941775
13,446,0.7302789170174999
13,447,0.7302745884849999
13,448,0.730274527995
13,449,0.7197422936175
13,450,0.71974212624
13,451,0.7197421092424999
13,452,0.7197418500099999
13,453,0.7197398535649999
13,454,0.71973975788
13,455,0.7011029099550001
13,456,0.7011028153275001
13,457,0.70110275086
13,458,0.70110267342
13,459,0.7010967749275
13,460,0.7010967316650001
13,461,0.6527388809875
13,462,0.6527386500575
13,463,0.652738621575
13,464,0.6527384586649999
13,465,0.6527384522399999
13,466,0.65273843034
13,467,0.5696092796775
13,468,0.56960903118
13,469,0.5696089022499999
13,470,0.5696088165225001
13,471,0.569607306735
13,472,0.5696073004300001
13,473,0.4706089928525
13,474,0.47060892832749995
13,475,0.47060878708500004
13,476,0.47060870069750005
13,477,0.47060859640999997
13,478,0.47060854993999995
13,479,0.43423586962
13,480,0.4342357251475
13,481,0.42364189572
13,482,0.42364180815749997
13,483,0.42364170722749994
13,484,0.42364170722749994
13,485,0.42203098657
13,486,0.42203091357250005
13,487,0.42203087297
13,488,0.422030824235
13,489,0.42202999902
13,490,0.42202996931500003
13,491,0.41263945783499995
13,492,0.41263925856499994
13,493,0.41154898720000005
13,494,0.41117327462500003
13,495,0.4111710518675
13,496,0.411170991305
13,497,0.3898061908675
13,498,0.38980604329249996
13,499,0.38980600866
13,500,0.38894285725749994
13,501,0.38894005432
13,502,0.38894000532749995
13,503,0.33360062134249996
13,504,0.33303733587249995
13,505,0.33263621503
13,506,0.33263613408500003
13,507,0.332636062815
13,508,0.3326360114175
13,509,0.239517371115
13,510,0.2395173373325
13,511,0.23872072807749997
13,512,0.23872063679499997
13,513,0.23871954889499997
13,514,0.23871949353499997
13,515,0.13760813254999998
13,516,0.13760808780249997
13,517,0.13469052900999998
13,518,0.134690431355
13,519,0.1346903883875
13,520,0.1346903883875
13,521,0.1333506994975
13,522,0.133350599135
13,523,0.1259855392575
13,524,0.12598545117749999
13,525,0.1259852892725
13,526,0.1259852314925
13,527,0.1258500983875
13,528,0.12584997929500003
13,529,0.09814052578000002
13,530,0.09814038177000001
13,531,0.09814038177000001
13,532,0.09814029757250001
13,533,0.09800646561000001
13,534,0.0980064302575
13,535,0.0500243962225
13,536,0.050024336759999996
13,537,0.050024336759999996
13,538,0.050024277782499994
13,539,0.04989128238
13,540,0.0498912351775
13,541,0.017757168849999998
13,542,0.017757012630000003
13,543,0.017756857545
13,544,0.0177567967
13,545,0.017493999025
13,546,0.017493995645000003
13,547,0.0174939250875
13,548,0.017493818805
13,549,0.017493813482500002
13,550,0.0174937627875
13,551,0.01748967967
13,552,0.01748967967
13,553,0.016330959
13,554,0.016330879175
13,555,0.0163308365975
13,556,0.016330806740000002
13,557,0.016208551082499998
13,558,0.016208517999999998
13,559,0.0158824327325
13,560,0.015882380415
13,561,0.015882380415
13,562,0.015882339012500003
13,563,0.0158813562675
13,564,0.0158813562675
13,565,0.015162389272499998
13,566,0.01516235426
13,567,0.015162331545000001
13,568,0.015162298545000003
13,569,0.015127752662499999
13,570,0.015127694057499998
13,571,0.012623714427499998
13,572,0.012623685574999998
13,573,0.012623677417499998
13,574,0.012623594375
13,575,0.01261737316
13,576,0.01261737316
13,577,0.0073090171275
13,578,0.0073089704100000015
13,579,0.0073089704100000015
13,580,0.00730892779
13,581,0.007299339102499999
13,582,0.0072993379525
13,583,0.0041200826
13,584,0.0041200826
13,585,0.0041200233775000004
13,586,0.0041199894450000005
13,587,0.0041199894450000005
13,588,0.0041199894450000005
13,589,0.0019031915375
13,590,0.0019031802424999997
13,591,0.0019031802424999997
13,592,0.0019020701125
13,593,0.0018961303525
13,594,0.0018961053575
13,595,0.00189607588
13,596,0.0018960493125000002
13,597,0.0018960493125000002
13,598,0.0018960408925000002
13,599,0.0018960408925000002
13,600,0.0018960408925000002
13,601,0.0013588136475
13,602,0.0013587518125
13,603,0.0013587518125
13,604,0.0013587145475
13,605,0.001358689585
13,606,0.0013586892075
13,607,0.0013535250775
13,608,0.0013534969925
13,609,0.0013534969925
13,610,0.0013534969925
13,611,0.0013534438775
13,612,0.0013534438775
13,613,0.0011340473225
13,614,0.0011339507425
13,615,0.0011339507425
13,616,0.0011339289449999999
13,617,0.0011339289449999999
13,618,0.0011339289449999999
13,619,0.001109681245
13,620,0.001109681245
13,621,0.00110966304
13,622,0.00110966304
13,623,0.0011096552225
13,624,0.00110961424
13,625,0.001060229045
13,626,0.0010601829525
13,627,0.0010601649975
13,628,0.0010601635449999998
13,629,0.0010601635449999998
13,630,0.0010601229125
13,631,0.0008969575475
13,632,0.0008969134800000001
13,633,0.000896910775
13,634,0.000896910775
13,635,0.0008969099924999999
13,636,0.00089689889
13,637,0.00089689889
13,638,0.00089689889
13,639,0.00089689889
13,640,0.0008968973575000001
13,641,0.0008968973575000001
13,642,0.0008968973575000001
13,643,0.0008968973575000001
13,644,0.0008968973575000001
13,645,0.0008968973575000001
13,646,0.0008968973575000001
13,647,0.0008968973575000001
13,648,0.0008968973575000001
13,649,0.000882335265
13,650,0.0008822932824999999
13,651,0.0008822932824999999
13,652,0.0008822790824999999
13,653,0.00088226204
13,654,0.00088226204
13,655,0.000881877465
13,656,0.0008818354974999999
13,657,0.0008818354974999999
13,658,0.0008818354974999999
13,659,0.000881834055
13,660,0.000881834055
13,661,0.0008753006725
13,662,0.0008752593475000001
13,663,0.0008752593475000001
13,664,0.000875259255
13,665,0.0008752149549999999
13,666,0.0008752149549999999
13,667,0.0008686941624999999
13,668,0.0008686941624999999
13,669,0.0008686941624999999
13,670,0.0008686941624999999
13,671,0.0008686515125
13,672,0.0008686515125
13,673,0.00086755309
13,674,0.0008675464000000001
13,675,0.0008675464000000001
13,676,0.0008675464000000001
13,677,0.0008675051325000001
13,678,0.0008675051325000001
13,679,0.0008639659024999999
13,680,0.0008639537799999999
13,681,0.0008639537799999999
13,682,0.0008639537774999999
13,683,0.0008638667725
13,684,0.0008638667725
13,685,0.0008593993875
13,686,0.0008593921424999999
13,687,0.000859381215
13,688,0.0008593798499999999
13,689,0.00085933011
13,690,0.0008593287074999999
13,691,0.0008589808925
13,692,0.0008589708775
13,693,0.0008589708775
13,694,0.0008589377225
13,695,0.0008589377225
13,696,0.0008589377225
13,697,0.0008589377225
13,698,0.0008589377225
13,699,0.0008589377225
13,700,0.0008589377225
13,701,0.0008589377225
13,702,0.0008589377225
13,703,0.0008587762625
13,704,0.0008587762625
13,705,0.0008587601875
13,706,0.0008587601875
13,707,0.0008587601875
13,708,0.0008587496925000001
13,709,0.00085871023
13,710,0.00085871023
13,711,0.0008586901500000001
13,712,0.0008586901500000001
13,713,0.0008586901500000001
13,714,0.000858680765
13,715,0.000858680765
13,716,0.000858680765
13,717,0.000858680765
13,718,0.000858680765
13,719,0.000858680765
13,720,0.000858680765
13,721,0.000858680765
13,722,0.000858680765
13,723,0.000858680765
13,724,0.000858680765
13,725,0.000858680765
13,726,0.0008586730174999999
13,727,0.0008586730174999999
13,728,0.0008586730174999999
13,729,0.0008586730174999999
13,730,0.0008586730174999999
13,731,0.0008586730174999999
13,732,0.0008586730174999999
13,733,0.0008586730174999999
13,734,0.0008586730174999999
13,735,0.0008586730174999999
13,736,0.0008586730174999999
13,737,0.0008586730174999999
13,738,0.0008586730174999999
13,739,0.0008586730174999999
13,740,0.0008586730174999999
13,741,0.0008586730174999999
13,742,0.0008586730174999999
13,743,0.0008586730174999999
13,744,0.0008586729899999999
13,745,0.0008586729899999999
13,746,0.0008586729899999999
13,747,0.0008586729899999999
13,748,0.0008586729899999999
13,749,0.0008586729899999999
13,750,0.0008586729899999999
13,751,0.0008586729899999999
13,752,0.0008586729899999999
13,753,0.0008586729899999999
13,754,0.0008586729899999999
13,755,0.0008586729899999999
13,756,0.0008586729899999999
13,757,0.0008586729899999999
13,758,0.0008586729899999999
13,759,0.0008586729899999999
13,760,0.0008586729899999999
13,761,0.0008586729899999999
13,762,0.0008586729899999999
13,763,0.0008586729899999999
13,764,0.0008586729899999999
13,765,0.0008586729899999999
13,766,0.0008586729899999999
13,767,0.0008586729899999999
13,768,0.0008586729899999999
13,769,0.0008586729899999999
13,770,0.0008586729899999999
13,771,0.0008586729899999999
13,772,0.0008586729899999999
13,773,0.0008586729899999999
13,774,0.0008586729899999999
13,775,0.0008586729899999999
13,776,0.0008586729899999999
13,777,0.0008586729899999999
13,778,0.0008586729899999999
13,779,0.0008586729899999999
13,780,0.0008586729899999999
13,781,0.0008586729899999999
13,782,0.0008586729899999999
13,783,0.0008586729899999999
13,784,0.0008586729899999999
13,785,0.0008586729899999999
13,786,0.0008586729899999999
13,787,0.0008586729899999999
13,788,0.0008586729899999999
13,789,0.0008586729899999999
13,790,0.0008586729899999999
13,791,0.0008586729899999999
13,792,0.0008586729899999999
13,793,0.0008586729899999999
13,794,0.0008586729899999999
13,795,0.0008586729899999999
13,796,0.0008586729899999999
13,797,0.0008586729899999999
13,798,0.0008586729899999999
13,799,0.0008586729899999999
13,800,0.0008586729899999999
13,801,0.0008586729899999999
13,802,0.0008586729899999999
13,803,0.0008586729899999999
13,804,0.0008586729899999999
13,805,0.0008586729899999999
13,806,0.0008586729899999999
13,807,0.0008586729899999999
13,808,0.0008586729899999999
13,809,0.0008586729899999999
13,810,0.0008586729899999999
13,811,0.0008586729899999999
13,812,0.0008586729899999999
13,813,0.0008586729899999999
13,814,0.0008586729899999999
13,815,0.0008586729899999999
13,816,0.0008586729899999999
13,817,0.0008586729899999999
13,818,0.0008586729899999999
13,819,0.0008586729899999999
13,820,0.0008586729899999999
13,821,0.0008586729899999999
13,822,0.0008586729899999999
13,823,0.0008586729899999999
13,824,0.0008586729899999999
13,825,0.0008586729899999999
13,826,0.0008586729899999999
13,827,0.0008586729899999999
13,828,0.0008586729899999999
13,829,0.0008586729899999999
13,830,0.0008586729899999999
13,831,0.0008586729899999999
13,832,0.0008586729899999999
13,833,0.0008586729899999999
13,834,0.0008586729899999999
13,835,0.0008586729899999999
13,836,0.0008586729899999999
13,837,0.0008586729899999999
13,838,0.0008586729899999999
13,839,0.0008586729899999999
13,840,0.0008586729899999999
13,841,0.0008586729899999999
13,842,0.0008586729899999999
13,843,0.0008586729899999999
13,844,0.0008586729899999999
13,845,0.0008586729899999999
13,846,0.0008586729899999999
13,847,0.0008586729899999999
13,848,0.0008586729899999999
13,849,0.0008586729899999999
13,850,0.0008586729899999999
13,851,0.0008586729899999999
13,852,0.0008586729899999999
13,853,0.0008586729899999999
13,854,0.0008586729899999999
13,855,0.0008586729899999999
13,856,0.0008586729899999999
13,857,0.0008586729899999999
13,858,0.0008586729899999999
13,859,0.0008586729899999999
13,860,0.0008586729899999999
13,861,0.0008586729899999999
13,862,0.0008586729899999999
13,863,0.0008586729899999999
13,864,0.0008586729899999999
13,865,0.0008586729899999999
13,866,0.0008586729899999999
13,867,0.0008586729899999999
13,868,0.0008586729899999999
13,869,0.0008586729899999999
13,870,0.0008586729899999999
13,871,0.0008586729899999999
13,872,0.0008586729899999999
13,873,0.0008586729899999999
13,874,0.0008586729899999999
13,875,0.0008586729899999999
13,876,0.0008586729899999999
13,877,0.0008586729899999999
13,878,0.0008586729899999999
13,879,0.0008586729899999999
13,880,0.0008586729899999999
13,881,0.0008586729899999999
13,882,0.0008586729899999999
13,883,0.0008586729899999999
13,884,0.0008586729899999999
13,885,0.0008586729899999999
13,886,0.0008586729899999999
13,887,0.0008586729899999999
13,888,0.0008586729899999999
13,889,0.0008586729899999999
13,890,0.0008586729899999999
13,891,0.0008586729899999999
13,892,0.0008586729899999999
13,893,0.0008586729899999999
13,894,0.0008586729899999999
13,895,0.0008586729899999999
13,896,0.0008586729899999999
13,897,0.0008586729899999999
13,898,0.0008586729899999999
13,899,0.0008586729899999999
13,900,0.0008586729899999999
13,901,0.0008586729899999999
13,902,0.0008586729899999999
13,903,0.0008586729899999999
13,904,0.0008586729899999999
13,905,0.0008586729899999999
13,906,0.0008586729899999999
13,907,0.0008586729899999999
13,908,0.0008586729899999999
13,909,0.0008586729899999999
13,910,0.0008586729899999999
13,911,0.0008586729899999999
13,912,0.0008586729899999999
13,913,0.0008586729899999999
13,914,0.0008586729899999999
13,915,0.0008586729899999999
13,916,0.0008586729899999999
13,917,0.0008586729899999999
13,918,0.0008586729899999999
13,919,0.0008586729899999999
13,920,0.0008586729899999999
13,921,0.0008586729899999999
13,922,0.0008586729899999999
13,923,0.0008586729899999999
13,924,0.0008586729899999999
13,925,0.0008586729899999999
13,926,0.0008586729899999999
13,927,0.0008586729899999999
13,928,0.0008586729899999999
13,929,0.0008586729899999999
13,930,0.0008586729899999999
13,931,0.0008586729899999999
13,932,0.0008586729899999999
13,933,0.0008586729899999999
13,934,0.0008586729899999999
13,935,0.0008586729899999999
13,936,0.0008586729899999999
13,937,0.0008586729899999999
13,938,0.0008586729899999999
13,939,0.0008586729899999999
13,940,0.0008586729899999999
13,941,0.0008586729899999999
13,942,0.0008586729899999999
13,943,0.0008586729899999999
13,944,0.0008586729899999999
13,945,0.0008586729899999999
13,946,0.0008586729899999999
13,947,0.0008586729899999999
13,948,0.0008586729899999999
13,949,0.0008586729899999999
13,950,0.0008586729899999999
13,951,0.0008586729899999999
13,952,0.0008586729899999999
13,953,0.0008586729899999999
13,954,0.0008586729899999999
13,955,0.0008586729899999999
13,956,0.0008586729899999999
13,957,0.0008586729899999999
13,958,0.0008586729899999999
13,959,0.0008586729899999999
13,960,0.0008586729899999999
13,961,0.0008586729899999999
13,962,0.0008586729899999999
13,963,0.0008586729899999999
13,964,0.0008586729899999999
13,965,0.0008586729899999999
13,966,0.0008586729899999999
13,967,0.0008586729899999999
13,968,0.0008586729899999999
13,969,0.0008586729899999999
13,970,0.0008586729899999999
13,971,0.0008586729899999999
13,972,0.0008586729899999999
13,973,0.0008586729899999999
13,974,0.0008586729899999999
13,975,0.0008586729899999999
13,976,0.0008586729899999999
13,977,0.0008586729899999999
13,978,0.0008586729899999999
13,979,0.0008586729899999999
13,980,0.0008586729899999999
13,981,0.0008586729899999999
13,982,0.0008586729899999999
13,983,0.0008586729899999999
13,984,0.0008586729899999999
13,985,0.0008586729899999999
13,986,0.0008586729899999999
13,987,0.0008586729899999999
13,988,0.0008586729899999999
13,989,0.0008586729899999999
13,990,0.0008586729899999999
13,991,0.0008586729899999999
13,992,0.0008586729899999999
13,993,0.0008586729899999999
13,994,0.0008586729899999999
13,995,0.0008586729899999999
13,996,0.0008586729899999999
13,997,0.0008586729899999999
13,998,0.0008586729899999999
13,999,0.0008586729899999999
13,1000,0.0008586729899999999
14,1,61.653177119969996
14,2,23.591096784675
14,3,17.792850123195002
14,4,12.046016375335
14,5,9.7560051221625
14,6,8.756614174095
14,7,8.1833041710675
14,8,7.579508482327499
14,9,6.742130023494999
14,10,6.484306549347499
14,11,6.2565750383975
14,12,5.8833421837149995
14,13,5.8159256362575
14,14,5.6566350265575
14,15,5.3276869377275
14,16,5.219570426024999
14,17,4.8889244897725
14,18,4.797115762020001
14,19,4.544446558685
14,20,4.3862964949025
14,21,4.35170684187
14,22,4.3126560775775
14,23,4.1548142808775
14,24,4.0464723904225
14,25,3.9025108265150004
14,26,3.88477307681
14,27,3.638785378995
14,28,3.5669362271624996
14,29,3.5387352826125005
14,30,3.41399666
14,31,3.1485688180349998
14,32,3.0971572790925
14,33,2.9660476501525
14,34,2.945754656535
14,35,2.7913281686125
14,36,2.778836484525
14,37,2.64454079955
14,38,2.6137570529925
14,39,2.5581729587425
14,40,2.5417819344375
14,41,2.4317012741875
14,42,2.3516559787525
14,43,2.2659372580525
14,44,2.1978867869675
14,45,2.15428924206
14,46,2.1526958221575
14,47,2.1119583968524998
14,48,2.0386074008675
14,49,1.94617537608
14,50,1.928251980145
14,51,1.7761888759175002
14,52,1.7079016623649999
14,53,1.6928092984325
14,54,1.60645087356
14,55,1.60645087356
14,56,1.5591063963775
14,57,1.5109587747
14,58,1.5095042414475
14,59,1.4841806348475
14,60,1.4216370796175
14,61,1.3558947115625
14,62,1.3505000244574998
14,63,1.3220568519725
14,64,1.3115765965925
14,65,1.284657486055
14,66,1.2226979546999999
14,67,1.1842202608499999
14,68,1.1621730488775
14,69,1.152565882835
14,70,1.117522221235
14,71,1.117522221235
14,72,1.117522221235
14,73,1.1000308298675
14,74,1.0817484606399999
14,75,1.0485066998475001
14,76,1.0263135559525
14,77,1.0263135559525
14,78,0.9988120919225001
14,79,0.9548061599775
14,80,0.9473841157724999
14,81,0.9372662618975
14,82,0.853783353875
14,83,0.8402397888475001
14,84,0.817803699485
14,85,0.8027706852050001
14,86,0.8021996723325
14,87,0.773260003735
14,88,0.7580355038875
14,89,0.7050082575600001
14,90,0.70226503295
14,91,0.6965163445025
14,92,0.6965163445025
14,93,0.69484544406
14,94,0.6765758801199999
14,95,0.6569787611375
14,96,0.6351176987875
14,97,0.5903853886625
14,98,0.5772127308325
14,99,0.55976545385
14,100,0.55454283241
14,101,0.55153017222
14,102,0.5447342819325
14,103,0.5392071306474999
14,104,0.5266692262725
14,105,0.517834455495
14,106,0.5055064946425001
14,107,0.48419482367000005
14,108,0.48419482367000005
14,109,0.47321009859499996
14,110,0.47181465539499995
14,111,0.4520880380875
14,112,0.45208803787749996
14,113,0.41202267774
14,114,0.40823107653
14,115,0.40172577120749997
14,116,0.39650890693249996
14,117,0.3798290184575
14,118,0.358355232685
14,119,0.35826208152
14,120,0.35583001055999997
14,121,0.340996812055
14,122,0.3325078227125
14,123,0.31868779567
14,124,0.289143567615
14,125,0.284015779245
14,126,0.28325828143500004
14,127,0.2766722793975
14,128,0.2766722793975
14,129,0.270759798745
14,130,0.23892644061
14,131,0.23798008719250002
14,132,0.2352754860425
14,133,0.22692339153500002
14,134,0.22386785482
14,135,0.2211638356325
14,136,0.21571032092249998
14,137,0.2107270047
14,138,0.2075263926
14,139,0.19770969528
14,140,0.19770969528
14,141,0.1949856693925
14,142,0.1869541277725
14,143,0.1855264974625
14,144,0.1855264974625
14,145,0.18026137471249998
14,146,0.161288688275
14,147,0.157683224505
14,148,0.1541545920075
14,149,0.148989508765
14,150,0.14684030462
14,151,0.145019794845
14,152,0.145019794845
14,153,0.1415081523975
14,154,0.129639959985
14,155,0.1254228492125
14,156,0.12016000199000001
14,157,0.12016000199000001
14,158,0.1191630591425
14,159,0.11402859411499999
14,160,0.1114436952325
14,161,0.10866144389500001
14,162,0.107275199465
14,163,0.10631061772000001
14,164,0.10537773614750001
14,165,0.10382572719750001
14,166,0.1026881927375
14,167,0.0992798801425
14,168,0.0973069585525
14,169,0.092891827735
14,170,0.08832934607000001
14,171,0.08281589307750001
14,172,0.077146071765
14,173,0.0751023948175
14,174,0.07510239477
14,175,0.0728843929725
14,176,0.07120168368499999
14,177,0.0665818677525
14,178,0.06466936281499999
14,179,0.0643602116225
14,180,0.06183470303000001
14,181,0.06133762939
14,182,0.0604318060275
14,183,0.060209983460000005
14,184,0.05731822806
14,185,0.054974393350000005
14,186,0.0542659434375
14,187,0.0541944076725
14,188,0.0509052782675
14,189,0.0505609824775
14,190,0.0495313639275
14,191,0.0484173314425
14,192,0.04809986687
14,193,0.0473813772475
14,194,0.04316520942
14,195,0.040861607995
14,196,0.0399894812775
14,197,0.039898413522499995
14,198,0.0382455675175
14,199,0.0376132076025
14,200,0.037487088445
14,201,0.037337276165
14,202,0.037337275695
14,203,0.0373372752325
14,204,0.036794643865
14,205,0.0367946434175
14,206,0.03669045291
14,207,0.032701542875
14,208,0.032445269625
14,209,0.032088249995
14,210,0.032017140945
14,211,0.0319709739725
14,212,0.031571034055
14,213,0.02576841264
14,214,0.025768412215
14,215,0.0250602521425
14,216,0.0250602519575
14,217,0.02503020614
14,218,0.0250302060275
14,219,0.0222286414625
14,220,0.0219131690475
14,221,0.02156600102
14,222,0.0215660008125
14,223,0.021427986915
14,224,0.021303136495
14,225,0.0196207460725
14,226,0.019620745835
14,227,0.019485562212499998
14,228,0.019316754125
14,229,0.019316753515
14,230,0.01912902106
14,231,0.017680177935
14,232,0.017680177705
14,233,0.017388313305
14,234,0.01738831315
14,235,0.01716499685
14,236,0.0171006562875
14,237,0.01617308301
14,238,0.0160709827225
14,239,0.0158246620825
14,240,0.0153821003375
14,241,0.01482095517
14,242,0.01445448392
14,243,0.0137375720275
14,244,0.0135712013875
14,245,0.013266700355
14,246,0.013174333925
14,247,0.013174333702499999
14,248,0.013098229792499999
14,249,0.01136981592
14,250,0.010843870697499999
14,251,0.01084387045
14,252,0.01084387027
14,253,0.0108363660725
14,254,0.010517853435
14,255,0.0101656986625
14,256,0.01014779188
14,257,0.010141544277500001
14,258,0.0099508218175
14,259,0.009544349047500001
14,260,0.00927546586
14,261,0.0091628757625
14,262,0.0089154249875
14,263,0.008695110207499999
14,264,0.0085744643675
14,265,0.0085744640175
14,266,0.00829597958
14,267,0.00812521739
14,268,0.008065140129999999
14,269,0.007693222035
14,270,0.0072609931925
14,271,0.007260992954999999
14,272,0.006973720547499999
14,273,0.0066742585625
14,274,0.006544946655
14,275,0.0063719405575
14,276,0.0063719404525
14,277,0.0061410378625
14,278,0.006141037760000001
14,279,0.0058909454625
14,280,0.0058909452800000005
14,281,0.005788691045000001
14,282,0.005775705105
14,283,0.00574945606
14,284,0.005749455935
14,285,0.0054667251325
14,286,0.005466724885
14,287,0.00522313519
14,288,0.005153537875
14,289,0.0050879023125
14,290,0.00503309843
14,291,0.00471853855
14,292,0.004718538395
14,293,0.0046336902075
14,294,0.0046336901525
14,295,0.004593481240000001
14,296,0.004593481045
14,297,0.0044021756175
14,298,0.0043987533725
14,299,0.0042255323225
14,300,0.00407701931
14,301,0.0040770189625
14,302,0.0040770187675
14,303,0.00403101439
14,304,0.0040310142775
14,305,0.004000439965
14,306,0.0040004398975
14,307,0.004000439595
14,308,0.0040004393475
14,309,0.0039131739275
14,310,0.0037211245425
14,311,0.0036606236124999995
14,312,0.0036606235275000003
14,313,0.0036504022325000002
14,314,0.00365040212
14,315,0.0036363474549999998
14,316,0.0036315133899999996
14,317,0.0035310276750000003
14,318,0.00352050482
14,319,0.0035205044025
14,320,0.0035055191925
14,321,0.003496601405
14,322,0.0034011333275
14,323,0.003190508475
14,324,0.0031905083825
14,325,0.002870359945
14,326,0.0028659648199999997
14,327,0.0028601839
14,328,0.0027485149825
14,329,0.0024088634799999996
14,330,0.002163953595
14,331,0.0021484291375
14,332,0.002148428845
14,333,0.0021454922875
14,334,0.0021454920475
14,335,0.00206628905
14,336,0.0020662889275
14,337,0.0020620547525
14,338,0.0020620545325
14,339,0.0020606516924999998
14,340,0.0020606514375
14,341,0.0018836939675000001
14,342,0.0017449962449999998
14,343,0.001657502945
14,344,0.0016575027450000002
14,345,0.0016553673875
14,346,0.001486872795
14,347,0.0014619695
14,348,0.00146196942
14,349,0.0013678246875
14,350,0.00136287735
14,351,0.0013613814
14,352,0.0013613812224999998
14,353,0.0013246319775
14,354,0.00131209579
14,355,0.0013120953725000001
14,356,0.0011885609875
14,357,0.001178836485
14,358,0.001178836255
14,359,0.0011000012525
14,360,0.0011000009875
14,361,0.0011000005575
14,362,0.001100000265
14,363,0.0010985379800000001
14,364,0.00109800133
14,365,0.0010207649175
14,366,0.0010207646625000001
14,367,0.0010207643400000001
14,368,0.0009210848549999999
14,369,0.0009201971375
14,370,0.0009179914674999999
14,371,0.0008742378675
14,372,0.0008742374800000001
14,373,0.00087423734
14,374,0.0008742372075000001
14,375,0.0008733386325
14,376,0.0008677337400000001
14,377,0.0008323969699999999
14,378,0.000832396705
14,379,0.0008323964624999999
14,380,0.0008292091374999999
14,381,0.0008145488649999999
14,382,0.0008145486174999999
14,383,0.0007745952825000001
14,384,0.0007713179575000001
14,385,0.0007713177700000001
14,386,0.00077131768
14,387,0.00076873758
14,388,0.0007687373075
14,389,0.0007288201325
14,390,0.0007288200175000001
14,391,0.00072881979
14,392,0.000728819725
14,393,0.0007132800525
14,394,0.000687853065
14,395,0.0006476936550000001
14,396,0.0006345120549999999
14,397,0.0006345118125
14,398,0.0006345116774999999
14,399,0.0006342083125
14,400,0.00063420784
14,401,0.00061320584
14,402,0.000608825685
14,403,0.0006088250150000001
14,404,0.0006088249725
14,405,0.000595923905
14,406,0.00059592346
14,407,0.0005332111125
14,408,0.00053321095
14,409,0.0005332107775
14,410,0.0005332107425
14,411,0.0005331422250000001
14,412,0.0005331420499999999
14,413,0.0005150146675
14,414,0.0005150146324999999
14,415,0.000515014375
14,416,0.0005150142625000001
14,417,0.0005149264025
14,418,0.0005149261125
14,419,0.0004930681775
14,420,0.0004926417849999999
14,421,0.0004926415699999999
14,422,0.0004926414625
14,423,0.0004926363000000001
14,424,0.000492144455
14,425,0.00045542854000000003
14,426,0.0004554284875
14,427,0.00045542839
14,428,0.00045542837250000005
14,429,0.00045542687999999994
14,430,0.00045542671750000005
14,431,0.00040619660000000004
14,432,0.0004061965325
14,433,0.00040619648500000007
14,434,0.00040619645499999997
14,435,0.00040619454249999997
14,436,0.0004061943925
14,437,0.00035931327250000004
14,438,0.00035781634
14,439,0.000357816285
14,440,0.0003578162375
14,441,0.000357815495
14,442,0.0003578152825
14,443,0.0003479560475
14,444,0.00034795592750000003
14,445,0.00034795584500000004
14,446,0.000334197655
14,447,0.000332122795
14,448,0.00033212274499999997
14,449,0.0003248479925
14,450,0.0003230004625
14,451,0.000323000385
14,452,0.000323000365
14,453,0.0003230003125
14,454,0.000323000275
14,455,0.00031073684250000004
14,456,0.0003107368225
14,457,0.0003107367825
14,458,0.00031073674
14,459,0.0003107364425
14,460,0.0003107362925
14,461,0.00029276271
14,462,0.00029276252999999996
14,463,0.00028332684749999995
14,464,0.0002817166825
14,465,0.0002817163825
14,466,0.00028171634000000005
14,467,0.000269531245
14,468,0.0002695311625
14,469,0.0002667853575
14,470,0.00026678531
14,471,0.00026678505499999996
14,472,0.0002667849425
14,473,0.000262561435
14,474,0.00026256133
14,475,0.000259862015
14,476,0.000259861975
14,477,0.0002598616275
14,478,0.00025986151499999996
14,479,0.00025639289
14,480,0.00025639284250000003
14,481,0.00024959536749999997
14,482,0.00024959533750000003
14,483,0.0002495949975
14,484,0.000247830875
14,485,0.000244810375
14,486,0.00024481027499999997
14,487,0.00023572426499999998
14,488,0.00023572425
14,489,0.00023572412
14,490,0.00023572393999999998
14,491,0.00023150356000000002
14,492,0.0002289978525
14,493,0.00021711062499999998
14,494,0.00021711060250000002
14,495,0.00021711047250000002
14,496,0.00021711032500000002
14,497,0.000205658505
14,498,0.00020565833499999996
14,499,0.00020008035
14,500,0.00019892079500000002
14,501,0.0001989205975
14,502,0.00019892049
14,503,0.0001913764225
14,504,0.0001913763375
14,505,0.000187832665
14,506,0.00018783260500000002
14,507,0.00018783226500000003
14,508,0.000187832155
14,509,0.00018631938750000003
14,510,0.0001787226025
14,511,0.000176771435
14,512,0.0001767713875
14,513,0.00017677133500000004
14,514,0.00017677126500000002
14,515,0.00017474691250000002
14,516,0.00017474685
14,517,0.00017149613
14,518,0.00017149607499999998
14,519,0.0001632402675
14,520,0.0001632402575
14,521,0.0001619444175
14,522,0.00016194434999999998
14,523,0.00014140952
14,524,0.00014140943
14,525,0.000141409305
14,526,0.0001414092825
14,527,0.000139498285
14,528,0.00013949821
14,529,0.00013242094
14,530,0.00013242081250000002
14,531,0.0001324206725
14,532,0.00013242062999999999
14,533,0.000130993005
14,534,0.00013099294
14,535,0.00012546763749999998
14,536,0.00012362192
14,537,0.00010304636000000001
14,538,0.0001030462925
14,539,0.000101279635
14,540,0.00010127954500000001
14,541,9.831665000000002e-05
14,542,9.83165575e-05
14,543,9.831636e-05
14,544,9.83162775e-05
14,545,9.69687025e-05
14,546,9.69686975e-05
14,547,9.562660750000001e-05
14,548,9.5626595e-05
14,549,9.562656000000001e-05
14,550,9.562652250000001e-05
14,551,9.457249e-05
14,552,8.455873e-05
14,553,8.1548285e-05
14,554,8.154827999999999e-05
14,555,8.154825999999999e-05
14,556,8.15482175e-05
14,557,8.098556499999999e-05
14,558,8.098548e-05
14,559,7.708747e-05
14,560,7.708746749999999e-05
14,561,7.70874425e-05
14,562,7.708742749999999e-05
14,563,7.673203e-05
14,564,6.4985215e-05
14,565,6.351833e-05
14,566,6.3518315e-05
14,567,6.35182825e-05
14,568,6.35182125e-05
14,569,6.334595e-05
14,570,6.33459025e-05
14,571,6.14412575e-05
14,572,6.14412125e-05
14,573,6.1441155e-05
14,574,6.1441155e-05
14,575,6.11638025e-05
14,576,6.116379499999999e-05
14,577,5.924649e-05
14,578,5.92464275e-05
14,579,5.92463e-05
14,580,5.9246227499999994e-05
14,581,5.9107194999999995e-05
14,582,5.9107184999999994e-05
14,583,5.72471425e-05
14,584,5.7247095e-05
14,585,5.7246999999999996e-05
14,586,5.7246904999999996e-05
14,587,5.71469125e-05
14,588,5.7146855e-05
14,589,5.5529639999999994e-05
14,590,5.552962999999999e-05
14,591,5.5529579999999996e-05
14,592,5.5529579999999996e-05
14,593,4.941657e-05
14,594,4.94165e-05
14,595,4.79136225e-05
14,596,4.791361249999999e-05
14,597,4.7913599999999995e-05
14,598,4.791359e-05
14,599,4.739162499999999e-05
14,600,4.739157249999999e-05
14,601,4.4145017499999996e-05
14,602,4.4144997499999995e-05
14,603,4.414496e-05
14,604,4.4144954999999995e-05
14,605,4.25076275e-05
14,606,3.0442320000000003e-05
14,607,2.5400935000000005e-05
14,608,2.540091e-05
14,609,2.5400905000000003e-05
14,610,2.54008775e-05
14,611,2.36827275e-05
14,612,2.3682545000000002e-05
14,613,1.8634875000000002e-05
14,614,1.86348475e-05
14,615,1.86347125e-05
14,616,1.8634702500000003e-05
14,617,1.8633445e-05
14,618,1.863335e-05
14,619,1.8453160000000002e-05
14,620,1.845314e-05
14,621,1.845314e-05
14,622,1.845313e-05
14,623,1.8131372500000002e-05
14,624,1.8131325000000002e-05
14,625,1.7488520000000002e-05
14,626,1.74885175e-05
14,627,1.74884525e-05
14,628,1.5434605000000003e-05
14,629,1.0387032500000001e-05
14,630,1.0386885000000001e-05
14,631,1.033725e-05
14,632,1.03372225e-05
14,633,1.033722e-05
14,634,1.033722e-05
14,635,1.0267867500000002e-05
14,636,1.02678575e-05
14,637,1.02001225e-05
14,638,1.0200102500000001e-05
14,639,1.0200022499999999e-05
14,640,1.01999425e-05
14,641,1.01414825e-05
14,642,1.0141365e-05
14,643,1.012186e-05
14,644,1.012181e-05
14,645,1.0121805e-05
14,646,1.0121805e-05
14,647,1.0064555e-05
14,648,1.0064547500000002e-05
14,649,1.005469e-05
14,650,1.00546775e-05
14,651,1.0054635e-05
14,652,1.00546e-05
14,653,1.0052485e-05
14,654,1.0052480000000001e-05
14,655,1.0040085000000001e-05
14,656,1.0040042500000002e-05
14,657,1.0040035000000001e-05
14,658,1.0040035000000001e-05
14,659,1.0037672499999999e-05
14,660,1.003767e-05
14,661,1.001918e-05
14,662,1.0019167499999998e-05
14,663,1.0019165e-05
14,664,1.0019165e-05
14,665,1.0017222500000001e-05
14,666,1.0017220000000001e-05
14,667,9.984680000000001e-06
14,668,9.98466e-06
14,669,9.98466e-06
14,670,9.98466e-06
14,671,9.982827499999999e-06
14,672,9.982825e-06
14,673,9.924605e-06
14,674,9.9245775e-06
14,675,9.6357e-06
14,676,9.6357e-06
14,677,9.634949999999998e-06
14,678,9.6349475e-06
14,679,9.5728025e-06
14,680,9.572757500000001e-06
14,681,9.572755e-06
14,682,9.572752500000001e-06
14,683,9.5720825e-06
14,684,9.57208e-06
14,685,9.480715e-06
14,686,9.48065e-06
14,687,9.48064e-06
14,688,9.480637500000001e-06
14,689,9.4784275e-06
14,690,9.478424999999999e-06
14,691,9.316475e-06
14,692,9.3163775e-06
14,693,9.3163625e-06
14,694,9.3163525e-06
14,695,9.314862499999999e-06
14,696,9.31486e-06
14,697,9.15798e-06
14,698,9.157877500000001e-06
14,699,9.1578625e-06
14,700,9.1578525e-06
14,701,9.1578525e-06
14,702,9.157849999999999e-06
14,703,9.1370375e-06
14,704,9.1370375e-06
14,705,9.137035e-06
14,706,9.137035e-06
14,707,9.13614e-06
14,708,8.724665e-06
14,709,8.7039075e-06
14,710,8.7038475e-06
14,711,8.235929999999999e-06
14,712,8.23592e-06
14,713,8.23507e-06
14,714,8.23507e-06
14,715,8.18382e-06
14,716,8.183814999999999e-06
14,717,8.183797500000001e-06
14,718,8.1837825e-06
14,719,8.18361e-06
14,720,8.183605e-06
14,721,8.16637e-06
14,722,8.1663675e-06
14,723,8.16635e-06
14,724,8.1663375e-06
14,725,8.1663375e-06
14,726,8.1663375e-06
14,727,8.159404999999999e-06
14,728,8.159404999999999e-06
14,729,8.1594025e-06
14,730,8.1593975e-06
14,731,8.1593775e-06
14,732,8.159365e-06
14,733,8.153655e-06
14,734,8.1536525e-06
14,735,8.153637499999999e-06
14,736,8.153619999999999e-06
14,737,8.153525000000001e-06
14,738,8.15351e-06
14,739,8.145437500000001e-06
14,740,8.145435e-06
14,741,8.1454175e-06
14,742,8.145402499999998e-06
14,743,8.145044999999999e-06
14,744,8.145035e-06
14,745,8.137907500000001e-06
14,746,8.137902499999999e-06
14,747,8.137889999999998e-06
14,748,8.1378775e-06
14,749,7.894232499999999e-06
14,750,7.894232499999999e-06
14,751,7.8826225e-06
14,752,7.88262e-06
14,753,7.88261e-06
14,754,7.8826025e-06
14,755,7.88241e-06
14,756,7.882400000000001e-06
14,757,7.8639375e-06
14,758,7.863935e-06
14,759,7.629310000000001e-06
14,760,7.6293025e-06
14,761,7.6289350000000015e-06
14,762,7.484290000000001e-06
14,763,7.455735000000001e-06
14,764,7.4557325e-06
14,765,7.4557275e-06
14,766,7.4557224999999995e-06
14,767,7.45547e-06
14,768,7.45547e-06
14,769,7.4114825e-06
14,770,7.4114825e-06
14,771,7.332519999999999e-06
14,772,7.332514999999999e-06
14,773,6.815445000000001e-06
14,774,6.815445000000001e-06
14,775,6.745325e-06
14,776,6.7453225e-06
14,777,6.745319999999999e-06
14,778,6.745319999999999e-06
14,779,6.744127499999999e-06
14,780,6.744012499999999e-06
14,781,6.63002e-06
14,782,6.63002e-06
14,783,6.6300175000000004e-06
14,784,6.6299925e-06
14,785,5.9629925e-06
14,786,5.962667499999999e-06
14,787,5.786797499999999e-06
14,788,5.786795e-06
14,789,5.7867825e-06
14,790,5.786755e-06
14,791,5.7852925e-06
14,792,5.7851225e-06
14,793,5.751259999999999e-06
14,794,5.751259999999999e-06
14,795,5.7512575e-06
14,796,5.7512225e-06
14,797,5.7510525e-06
14,798,5.7510525e-06
14,799,5.699582499999999e-06
14,800,5.699582499999999e-06
14,801,5.6139475e-06
14,802,5.6139425e-06
14,803,5.613832500000001e-06
14,804,5.6138025000000005e-06
14,805,5.60714e-06
14,806,5.6071325e-06
14,807,5.6069775e-06
14,808,5.6069775e-06
14,809,5.219165e-06
14,810,5.21896e-06
14,811,5.2059525e-06
14,812,5.205945e-06
14,813,5.2058025e-06
14,814,5.205785e-06
14,815,5.205785e-06
14,816,5.2054650000000005e-06
14,817,5.186275000000001e-06
14,818,5.186275000000001e-06
14,819,5.186275000000001e-06
14,820,5.1862575e-06
14,821,5.18618e-06
14,822,5.185555e-06
14,823,5.185555e-06
14,824,5.1365725e-06
14,825,5.1365725e-06
14,826,5.136565e-06
14,827,5.136565e-06
14,828,4.699915e-06
14,829,4.699915e-06
14,830,4.699915e-06
14,831,4.6999125000000005e-06
14,832,4.69991e-06
14,833,4.69991e-06
14,834,4.69946e-06
14,835,4.69946e-06
14,836,4.699445e-06
14,837,4.699445e-06
14,838,4.699445e-06
14,839,4.6994375e-06
14,840,4.69861e-06
14,841,4.6986075e-06
14,842,4.6985875e-06
14,843,4.6985875e-06
14,844,4.6985875e-06
14,845,4.69858e-06
14,846,4.6971075e-06
14,847,4.697105000000001e-06
14,848,4.6970625e-06
14,849,4.35699e-06
14,850,4.35699e-06
14,851,4.34149e-06
14,852,4.339775e-06
14,853,4.2150775e-06
14,854,4.2150275e-06
14,855,4.2150275e-06
14,856,4.2150275e-06
14,857,4.21501e-06
14,858,4.2144100000000005e-06
14,859,4.2144075e-06
14,860,4.2143575e-06
14,861,4.2143575e-06
14,862,3.60493e-06
14,863,3.6049125e-06
14,864,3.6049125e-06
14,865,3.6049125e-06
14,866,3.6049125e-06
14,867,3.6049125e-06
14,868,3.6049125e-06
14,869,3.6049125e-06
14,870,3.6049125e-06
14,871,3.6049125e-06
14,872,3.6049125e-06
14,873,3.6049125e-06
14,874,3.6049125e-06
14,875,3.5856674999999997e-06
14,876,3.5856674999999997e-06
14,877,3.5856674999999997e-06
14,878,3.5856674999999997e-06
14,879,3.5856674999999997e-06
14,880,3.5856674999999997e-06
14,881,3.5856674999999997e-06
14,882,3.5856674999999997e-06
14,883,3.5856674999999997e-06
14,884,3.5856674999999997e-06
14,885,3.5856674999999997e-06
14,886,3.5856674999999997e-06
14,887,3.5856674999999997e-06
14,888,3.5603225e-06
14,889,3.5603225e-06
14,890,3.5603225e-06
14,891,3.5603225e-06
14,892,2.7316899999999998e-06
14,893,2.7316899999999998e-06
14,894,2.7316899999999998e-06
14,895,2.7316899999999998e-06
14,896,2.7316899999999998e-06
14,897,2.7316899999999998e-06
14,898,2.7316899999999998e-06
14,899,2.7316899999999998e-06
14,900,2.7316899999999998e-06
14,901,2.7316899999999998e-06
14,902,2.7316899999999998e-06
14,903,2.7316899999999998e-06
14,904,2.7316899999999998e-06
14,905,2.7316899999999998e-06
14,906,2.7316899999999998e-06
14,907,2.7316899999999998e-06
14,908,2.7316899999999998e-06
14,909,2.7316899999999998e-06
14,910,2.7316899999999998e-06
14,911,2.7314925e-06
14,912,2.7314899999999997e-06
14,913,2.7314825e-06
14,914,2.7314825e-06
14,915,2.7314825e-06
14,916,2.7314775e-06
14,917,2.7297224999999998e-06
14,918,2.7297224999999998e-06
14,919,2.7297125000000003e-06
14,920,2.7297125000000003e-06
14,921,2.7297125000000003e-06
14,922,2.7297075e-06
14,923,2.724435e-06
14,924,2.7244325000000003e-06
14,925,2.7244249999999998e-06
14,926,2.7244249999999998e-06
14,927,2.7244249999999998e-06
14,928,2.7244175e-06
14,929,2.7244175e-06
14,930,2.7244175e-06
14,931,2.7244175e-06
14,932,2.7244175e-06
14,933,2.7244175e-06
14,934,2.7244175e-06
14,935,2.7244175e-06
14,936,2.7244175e-06
14,937,2.7244175e-06
14,938,2.7244175e-06
14,939,2.7244175e-06
14,940,2.7244175e-06
14,941,2.7244175e-06
14,942,2.7244175e-06
14,943,2.7244175e-06
14,944,2.7244175e-06
14,945,2.7244175e-06
14,946,2.7244175e-06
14,947,2.7244175e-06
14,948,2.7244175e-06
14,949,2.7244175e-06
14,950,2.7244175e-06
14,951,2.7244175e-06
14,952,2.7244175e-06
14,953,2.7244175e-06
14,954,2.7244175e-06
14,955,2.7244175e-06
14,956,2.7244175e-06
14,957,2.7244175e-06
14,958,2.7244175e-06
14,959,2.7244175e-06
14,960,2.7244175e-06
14,961,2.7244175e-06
14,962,2.7244175e-06
14,963,2.7244175e-06
14,964,2.7244175e-06
14,965,2.7244175e-06
14,966,2.7244175e-06
14,967,2.7244175e-06
14,968,2.7244175e-06
14,969,2.5960299999999998e-06
14,970,2.5960299999999998e-06
14,971,2.5960299999999998e-06
14,972,2.5960299999999998e-06
14,973,2.5960299999999998e-06
14,974,2.5960299999999998e-06
14,975,2.5960299999999998e-06
14,976,2.5960299999999998e-06
14,977,2.5960299999999998e-06
14,978,2.5960299999999998e-06
14,979,2.5960299999999998e-06
14,980,2.5960299999999998e-06
14,981,2.5960299999999998e-06
14,982,2.5960299999999998e-06
14,983,2.5960299999999998e-06
14,984,2.5960299999999998e-06
14,985,2.5960299999999998e-06
14,986,2.5960299999999998e-06
14,987,2.5960299999999998e-06
14,988,2.5960299999999998e-06
14,989,2.5960299999999998e-06
14,990,2.5960299999999998e-06
14,991,2.5960299999999998e-06
14,992,2.5960299999999998e-06
14,993,2.5960299999999998e-06
14,994,2.5960299999999998e-06
14,995,2.5960299999999998e-06
14,996,2.5960299999999998e-06
14,997,2.5960299999999998e-06
14,998,2.5960299999999998e-06
14,999,2.5960299999999998e-06
14,1000,2.5960299999999998e-06
15,1,531.6399173718276
15,2,322.940089717185
15,3,268.5596286456525
15,4,227.791858133325
15,5,201.42249465592002
15,6,187.721791592995
15,7,175.4611021466025
15,8,164.4726107420375
15,9,145.71235737710998
15,10,139.1404011186675
15,11,128.102502609975
15,12,121.07275856435999
15,13,116.43777448869
15,14,113.62456206715001
15,15,106.2282022573675
15,16,102.93661501327749
15,17,97.386451067655
15,18,94.9784236465925
15,19,91.6879914582375
15,20,90.8792233217875
15,21,86.73063472211001
15,22,86.33325328777501
15,23,83.68780458248
15,24,83.52484508418999
15,25,81.4605944144725
15,26,79.313309310045
15,27,78.036089450615
15,28,74.6859267365375
15,29,72.67618288385499
15,30,70.214530345785
15,31,67.30410522623501
15,32,67.13092044200751
15,33,63.98550154108
15,34,62.4507564549775
15,35,62.4507564549775
15,36,62.325271360942494
15,37,61.57387095619
15,38,61.010264652805006
15,39,60.783082115495006
15,40,60.41151109587501
15,41,59.07354378951
15,42,58.2196979047
15,43,55.3434427634925
15,44,55.239618183642506
15,45,55.103012281270004
15,46,54.589718710839996
15,47,53.229867320062496
15,48,52.261918387565004
15,49,51.25157547608249
15,50,50.372109497745
15,51,49.363845143587504
15,52,48.8758209992325
15,53,47.33672409733
15,54,46.7530644941775
15,55,45.21184676336
15,56,44.566423203565
15,57,44.150607373822496
15,58,44.05244432879
15,59,43.523520076699995
15,60,43.32153110483
15,61,42.6704403625775
15,62,42.4335932394275
15,63,42.1217362662125
15,64,42.1217362662125
15,65,41.8410674597425
15,66,41.7949240535925
15,67,41.7600144496825
15,68,41.674250597745
15,69,40.16401597
15,70,39.6465230596375
15,71,39.598596367615
15,72,38.768270285454996
15,73,38.0389428558625
15,74,37.3784560909175
15,75,37.3784560909175
15,76,37.110706999185
15,77,36.5045046902625
15,78,36.030914163969996
15,79,36.030914163969996
15,80,36.029911351975
15,81,35.8468292472725
15,82,35.613469200245
15,83,34.992925715835
15,84,34.6608872573875
15,85,34.545667720105
15,86,34.099501452969996
15,87,33.482880996925005
15,88,32.989954790489996
15,89,32.899571514659996
15,90,32.792445919705
15,91,32.08482226955
15,92,31.2457413870625
15,93,31.202577985317497
15,94,30.6215650586825
15,95,30.527482534675
15,96,30.527482534675
15,97,30.4453036756125
15,98,29.3930000251
15,99,29.3930000251
15,100,29.2724078963075
15,101,29.024461272035
15,102,29.024461272035
15,103,28.872157186007502
15,104,28.872157186007502
15,105,28.486174246617498
15,106,28.486174246617498
15,107,28.486174246617498
15,108,28.486174246617498
15,109,28.468236680297498
15,110,28.395653305872496
15,111,28.1875915311675
15,112,27.78977186627
15,113,27.5718884588775
15,114,27.5626804946125
15,115,27.5626804946125
15,116,27.5626804946125
15,117,27.410305359645
15,118,27.155364981717504
15,119,27.012387594165
15,120,26.8124092604275
15,121,26.8124092604275
15,122,26.744969328899998
15,123,26.7360681153975
15,124,26.731760245735
15,125,26.7213089374225
15,126,26.7213089374225
15,127,26.429670618517502
15,128,26.18358361667
15,129,26.18358361667
15,130,26.0520023748025
15,131,26.0520023748025
15,132,26.0520023748025
15,133,26.005431888427502
15,134,26.005431888427502
15,135,25.996568336132498
15,136,25.996568336132498
15,137,25.996568336132498
15,138,25.6512323664975
15,139,25.3747661343725
15,140,25.177519451534998
15,141,24.956025805175
15,142,24.956025805175
15,143,24.837225960575
15,144,24.837225960575
15,145,24.7240186601625
15,146,24.6528666881025
15,147,24.6528666881025
15,148,24.6528666881025
15,149,24.637659020454997
15,150,24.637659020454997
15,151,24.637659020454997
15,152,24.637659020454997
15,153,24.349612408995
15,154,24.349612408995
15,155,24.3420588371175
15,156,24.3046878941475
15,157,24.215102844137498
15,158,24.159558991015
15,159,24.080146681415
15,160,24.080146681415
15,161,23.9369738747025
15,162,23.9369738747025
15,163,23.9369738747025
15,164,23.311297453455
15,165,23.311297453455
15,166,23.311297453455
15,167,23.311297453455
15,168,23.311297453455
15,169,23.311297453455
15,170,23.239014178127498
15,171,23.239014178127498
15,172,23.239014178127498
15,173,23.079266998315
15,174,23.079266998315
15,175,23.079266998315
15,176,22.8045681410925
15,177,22.8045681410925
15,178,22.610397579205
15,179,22.400700764345
15,180,22.37249210289
15,181,22.37249210289
15,182,22.37249210289
15,183,22.37249210289
15,184,22.1740780664725
15,185,22.1740780664725
15,186,22.022349798695
15,187,22.022349798695
15,188,22.022349798695
15,189,22.022349798695
15,190,22.022349798695
15,191,21.9900898063
15,192,21.9900898063
15,193,21.9900898063
15,194,21.668259279187502
15,195,21.668259279187502
15,196,21.668259279187502
15,197,21.563788197547503
15,198,21.5559548087825
15,199,21.1211343590725
15,200,21.1211343590725
15,201,21.1211343590725
15,202,21.11612020301
15,203,21.11612020301
15,204,21.11612020301
15,205,20.991161593045
15,206,20.970595736305
15,207,20.854996126259998
15,208,20.846669793442498
15,209,20.32214686533
15,210,20.32214686533
15,211,20.32214686533
15,212,20.32214686533
15,213,20.14841206352
15,214,19.997740674655
15,215,19.997740674655
15,216,19.997740674655
15,217,19.997740674655
15,218,19.33984488923
15,219,19.33984488923
15,220,19.33984488923
15,221,19.33984488923
15,222,19.0862344645625
15,223,19.03692433701
15,224,19.03692433701
15,225,19.03692433701
15,226,19.015804833202502
15,227,18.784090451135
15,228,18.5775104489225
15,229,18.413269474852502
15,230,18.378270515849998
15,231,18.378270515849998
15,232,18.378270515849998
15,233,18.378270515849998
15,234,18.259267614287502
15,235,18.2286327491075
15,236,18.2286327491075
15,237,18.2286327491075
15,238,18.2286327491075
15,239,18.2286327491075
15,240,18.2286327491075
15,241,18.090009847655
15,242,18.090009847655
15,243,18.0851991358125
15,244,18.0851991358125
15,245,17.588153203215
15,246,17.513223741490002
15,247,17.48073861568
15,248,17.48073861568
15,249,17.48073861568
15,250,17.428043562005
15,251,17.428043562005
15,252,17.351643312780002
15,253,17.23191729872
15,254,17.23191729872
15,255,17.23191729872
15,256,17.129319057365002
15,257,17.129319057365002
15,258,17.121941333005
15,259,17.121941313057498
15,260,17.1151289497325
15,261,17.0469647420775
15,262,16.8945785896775
15,263,16.8945785896775
15,264,16.8945785896775
15,265,16.820234261675
15,266,16.7591672607525
15,267,16.4001555383425
15,268,16.204944378114998
15,269,16.1027405130575
15,270,15.96025685103
15,271,15.96025685103
15,272,15.96025685103
15,273,15.538892599842502
15,274,15.384993517289999
15,275,14.554978243849998
15,276,14.5549782054
15,277,14.5549782054
15,278,14.515072284997501
15,279,14.51507223694
15,280,14.515072229775
15,281,14.2659230669725
15,282,14.1145066002275
15,283,14.1145066002275
15,284,14.1145066002275
15,285,14.073087208725
15,286,14.07308720621
15,287,13.907387276522499
15,288,13.6315279856275
15,289,13.6315279856275
15,290,13.6213924565025
15,291,13.548478702315
15,292,13.5484787015475
15,293,13.269261895882499
15,294,13.269261855089999
15,295,13.269261853662499
15,296,13.269261851184998
15,297,13.2565119918975
15,298,13.256511984669999
15,299,13.1801648366525
15,300,13.180164821650001
15,301,13.180164795815
15,302,13.108362450907501
15,303,13.108362439595002
15,304,13.065584746045
15,305,12.9735815890125
15,306,12.973581523244999
15,307,12.9735815154525
15,308,12.954180305009999
15,309,12.7481309719575
15,310,12.7481309637325
15,311,12.7205976918275
15,312,12.720597672275
15,313,12.72059764329
15,314,12.72059764329
15,315,12.7205976344125
15,316,12.702767326115
15,317,12.6720431063825
15,318,12.67204309041
15,319,12.672043057189999
15,320,12.672043057189999
15,321,12.6720430325
15,322,12.672043019724999
15,323,12.448088517215
15,324,12.4196269801125
15,325,12.4196269656675
15,326,12.4196269584525
15,327,12.3045044371325
15,328,12.28224074811
15,329,11.982368476922499
15,330,11.982368464945
15,331,11.8360555889075
15,332,11.836055581855
15,333,11.8360555458025
15,334,11.8360555247625
15,335,11.578264493252501
15,336,11.57826448963
15,337,11.578264488505
15,338,11.28807740517
15,339,11.2600770027375
15,340,11.26007699506
15,341,11.209298894535
15,342,11.2092988924925
15,343,11.2092988773775
15,344,11.209298875165
15,345,11.209298874949999
15,346,11.209298842559999
15,347,11.11885691599
15,348,11.1188569156375
15,349,11.1188569105925
15,350,11.111045240047499
15,351,11.111045231705
15,352,11.1110452226875
15,353,11.105095770350001
15,354,11.08188482756
15,355,10.776133197045
15,356,10.587867582107501
15,357,10.486658500385001
15,358,10.236682665630001
15,359,10.20180733551
15,360,10.2001595285475
15,361,10.2001595219675
15,362,10.181356847630001
15,363,10.173462463212498
15,364,10.1734624580575
15,365,10.02576247877
15,366,10.025762478685
15,367,10.02504907978
15,368,10.025049043065
15,369,9.9680763148575
15,370,9.9680763103025
15,371,9.5987622309025
15,372,9.598762191665
15,373,9.598762186685
15,374,9.598762182002499
15,375,9.5987621588925
15,376,9.598762155627501
15,377,9.3305138856
15,378,9.330513862195
15,379,9.330513862130001
15,380,9.2756404184075
15,381,9.2756404120575
15,382,9.2756404120575
15,383,9.262807501065
15,384,9.261981781989999
15,385,9.204976687599999
15,386,9.1813808230375
15,387,9.169871668595
15,388,9.118876497295
15,389,9.098002167845
15,390,9.098002146235
15,391,9.098002146235
15,392,9.0980021461525
15,393,9.097351645395
15,394,9.09479520086
15,395,9.010674085302501
15,396,8.935236460599999
15,397,8.8975091766925
15,398,8.84453800456
15,399,8.844537999509999
15,400,8.844307313785
15,401,8.804751603455
15,402,8.7957561471
15,403,8.7955949238
15,404,8.795594909155
15,405,8.7740354656925
15,406,8.7740354655825
15,407,8.748961723055
15,408,8.7141265069775
15,409,8.7113288754975
15,410,8.704889750455
15,411,8.704889750445
15,412,8.7048897504375
15,413,8.651632073435
15,414,8.651632073432499
15,415,8.651632073432499
15,416,8.6516320703375
15,417,8.6516320559675
15,418,8.6516320559675
15,419,8.6208216692675
15,420,8.62082165422
15,421,8.611032323989999
15,422,8.611032323989999
15,423,8.6073988150125
15,424,8.6073988150125
15,425,8.596825121675
15,426,8.4480201142325
15,427,8.4480201068225
15,428,8.4418377915575
15,429,8.39948126309
15,430,8.396793649372501
15,431,8.378735199405
15,432,8.37873519251
15,433,8.3782622770475
15,434,8.3763948235125
15,435,8.37639481399
15,436,8.340635555275
15,437,8.3281982869225
15,438,8.29452500459
15,439,8.29452500459
15,440,8.250172704215
15,441,8.250172696105
15,442,8.24910171653
15,443,8.216133532855
15,444,8.1404845486
15,445,8.140484548269999
15,446,8.140484548235
15,447,8.138440856665
15,448,8.138440856665
15,449,8.1352410504325
15,450,8.132597050167501
15,451,8.1325970501375
15,452,8.034640060674999
15,453,8.020467556035
15,454,8.01822212403
15,455,8.0128884798725
15,456,8.0064821008125
15,457,7.9932119470925
15,458,7.993148716129999
15,459,7.9931487005775
15,460,7.99206951329
15,461,7.99139865775
15,462,7.99139865751
15,463,7.9913986574725
15,464,7.991394496667501
15,465,7.9898016461475
15,466,7.771244365755
15,467,7.7711371574625
15,468,7.76843299461
15,469,7.748268370245
15,470,7.748268369675
15,471,7.748268369555001
15,472,7.748268359997501
15,473,7.748203416562499
15,474,7.7482034156325
15,475,7.714309463127501
15,476,7.7014072053525
15,477,7.7014072053525
15,478,7.701407203652501
15,479,7.70117243688
15,480,7.6932712500500005
15,481,7.6878961268575
15,482,7.6608700295175
15,483,7.660870028854999
15,484,7.660833644495
15,485,7.66079912828
15,486,7.66079912828
15,487,7.65979733102
15,488,7.658294709602499
15,489,7.6474853125325
15,490,7.6474853074875
15,491,7.643816385012501
15,492,7.643816385012501
15,493,7.6347063601575
15,494,7.634706356415
15,495,7.6037153022325
15,496,7.603671441505
15,497,7.603671313047501
15,498,7.603671313045
15,499,7.602297948417499
15,500,7.6022979456275
15,501,7.6022597091424995
15,502,7.6018538124025
15,503,7.5569038244249995
15,504,7.5569038244249995
15,505,7.554702431085
15,506,7.553759574014999
15,507,7.552392830547499
15,508,7.5244129391025
15,509,7.524412938725
15,510,7.5244129349049995
15,511,7.5240449595825
15,512,7.5237436860399995
15,513,7.49339841993
15,514,7.49338394335
15,515,7.4933839430275
15,516,7.4928233702425
15,517,7.492228522165
15,518,7.4922285219299996
15,519,7.492228521905
15,520,7.492228521505
15,521,7.48382289953
15,522,7.483073274964999
15,523,7.463230359982501
15,524,7.463230359975
15,525,7.463230359975
15,526,7.463230359832499
15,527,7.463230351655
15,528,7.463217018637501
15,529,7.413660883817501
15,530,7.413655988637499
15,531,7.4010834408825
15,532,7.32160463709
15,533,7.3214989231225
15,534,7.3214989197525
15,535,7.319608273622499
15,536,7.31717657371
15,537,7.315724396407499
15,538,7.315691232602499
15,539,7.3108135930175
15,540,7.299715159305
15,541,7.28099094647
15,542,7.20397197122
15,543,7.20397197033
15,544,7.2004732074125
15,545,7.199107950825
15,546,7.1958278214025
15,547,7.18654664517
15,548,7.18654664517
15,549,7.1630730083375
15,550,7.15499991601
15,551,7.154999910422499
15,552,7.154999910422499
15,553,7.10461999364
15,554,7.104619986725
15,555,7.10461998442
15,556,7.09221782471
15,557,7.082102493272499
15,558,7.082102493272499
15,559,7.0770893740175
15,560,7.077089370685
15,561,7.07671803841
15,562,7.0767180382975
15,563,7.075703331232501
15,564,7.075688040915
15,565,7.0610501997499995
15,566,7.0594245865625
15,567,7.058906924825
15,568,7.058906924825
15,569,7.0535057797950005
15,570,7.052211491577499
15,571,7.0504370916650005
15,572,7.0504370916650005
15,573,7.0483054059
15,574,7.0483054028175
15,575,7.0483054028175
15,576,7.029259782254999
15,577,7.0199409275899995
15,578,7.0199119656799995
15,579,7.0197996049575
15,580,7.014948057460001
15,581,7.011250792379999
15,582,7.011250792379999
15,583,7.010949464495001
15,584,7.010949464495001
15,585,7.0109494642025
15,586,6.924753173852499
15,587,6.917891856855
15,588,6.917891856855
15,589,6.9178866092975
15,590,6.9178866092125
15,591,6.9178866092125
15,592,6.9178866092125
15,593,6.917879997745
15,594,6.900019141357499
15,595,6.8947267121674995
15,596,6.8947267121674995
15,597,6.8947267121674995
15,598,6.8732028326600005
15,599,6.8731969012825
15,600,6.8731969012825
15,601,6.873196885564999
15,602,6.873196885564999
15,603,6.8731879965625
15,604,6.869077128479999
15,605,6.869077128479999
15,606,6.869062874927501
15,607,6.869062874825
15,608,6.8690242787399995
15,609,6.8690242787399995
15,610,6.8636098067175
15,611,6.8635952386025
15,612,6.8635952386025
15,613,6.8635952386
15,614,6.8635952386
15,615,6.8635952386
15,616,6.8635952386
15,617,6.82269717999
15,618,6.82269717999
15,619,6.82269717999
15,620,6.82269717999
15,621,6.8224672766125
15,622,6.8224672766125
15,623,6.7943849825100004
15,624,6.7943849825100004
15,625,6.7943849825100004
15,626,6.7943849825100004
15,627,6.7943849825100004
15,628,6.7683949887775
15,629,6.767664831649999
15,630,6.757686554907499
15,631,6.757686554907499
15,632,6.757686554907499
15,633,6.7434928537975
15,634,6.7434928537975
15,635,6.743147310454999
15,636,6.7431470962275
15,637,6.7431470962275
15,638,6.7379893370175
15,639,6.7379893370175
15,640,6.7379893370175
15,641,6.7379822391649995
15,642,6.7379822391649995
15,643,6.7379822391649995
15,644,6.7379822391649995
15,645,6.7379822391649995
15,646,6.737968721395001
15,647,6.737968721395001
15,648,6.737968721395001
15,649,6.737968721395001
15,650,6.737968721395001
15,651,6.737968721395001
15,652,6.732127768924999
15,653,6.732127768924999
15,654,6.72992456139
15,655,6.7106368443725
15,656,6.710622688917501
15,657,6.708720073995001
15,658,6.7086240944975
15,659,6.708624093392499
15,660,6.708624093392499
15,661,6.70679698186
15,662,6.70679698186
15,663,6.6981649569925
15,664,6.6981649569925
15,665,6.698161522935
15,666,6.69814525283
15,667,6.6934213120325
15,668,6.6934213120325
15,669,6.5739552469775
15,670,6.573929692157501
15,671,6.5739296659825
15,672,6.5739296659825
15,673,6.568140813705
15,674,6.568135816295
15,675,6.534961158475001
15,676,6.534961158475001
15,677,6.534961158475001
15,678,6.5349611494275
15,679,6.534961120309999
15,680,6.534961120309999
15,681,6.48795486595
15,682,6.48795486595
15,683,6.46115811937
15,684,6.461019232997501
15,685,6.461019207075
15,686,6.461019153175
15,687,6.409084998237501
15,688,6.409084998237501
15,689,6.4090846332349996
15,690,6.408965747745
15,691,6.408965747745
15,692,6.40896193542
15,693,6.40896193542
15,694,6.40896193542
15,695,6.40896141805
15,696,6.40896141805
15,697,6.40896035273
15,698,6.40896035273
15,699,6.385567543612501
15,700,6.3855673985750006
15,701,6.38556739666
15,702,6.38556739666
15,703,6.3687422418325
15,704,6.3687422418325
15,705,6.3421055650075
15,706,6.3421055650075
15,707,6.335954689785
15,708,6.3359497611975
15,709,6.33590734429
15,710,6.3358766924425
15,711,6.3346383974375
15,712,6.3346383974375
15,713,6.3346383968349995
15,714,6.3346383968349995
15,715,6.3281337382725
15,716,6.3281337382725
15,717,6.3278947988
15,718,6.3278947988
15,719,6.317209373205
15,720,6.3171017477574996
15,721,6.3171010612175005
15,722,6.3170484506474995
15,723,6.3170307375874994
15,724,6.3170307375874994
15,725,6.3170307375325
15,726,6.3170307151000005
15,727,6.3170307151000005
15,728,6.309864585425
15,729,6.309712314935
15,730,6.3097122893825
15,731,6.309711982285
15,732,6.307032309405001
15,733,6.307032169475
15,734,6.2979022693274995
15,735,6.2979022571275
15,736,6.2979022571275
15,737,6.2952345603
15,738,6.291600012477501
15,739,6.2915973195124995
15,740,6.2915973195124995
15,741,6.2915970286650005
15,742,6.291596759787501
15,743,6.281225036115
15,744,6.2811095812825
15,745,6.2811095812825
15,746,6.2811095812825
15,747,6.2811095812825
15,748,6.2811095445
15,749,6.2811095445
15,750,6.280991704355
15,751,6.2809916448975
15,752,6.2809916138625
15,753,6.280908610387501
15,754,6.2764183004025
15,755,6.2691468429025
15,756,6.2691169592425
15,757,6.2691169592425
15,758,6.2691169592425
15,759,6.2691169592425
15,760,6.2691169535625
15,761,6.266761642720001
15,762,6.266761642720001
15,763,6.2667600622175
15,764,6.2666989444325
15,765,6.266646070255
15,766,6.266577766605
15,767,6.266577766605
15,768,6.266540340815
15,769,6.2665403103475
15,770,6.26649734862
15,771,6.26649734862
15,772,6.2633779375775
15,773,6.2633779375775
15,774,6.2537746899925
15,775,6.2537746899925
15,776,6.2536472335
15,777,6.2532142197375
15,778,6.2532142197375
15,779,6.252592620465
15,780,6.252592620465
15,781,6.252592620465
15,782,6.252592581497501
15,783,6.2525906576175005
15,784,6.2525906576175005
15,785,6.2525906576175005
15,786,6.2525906576175005
15,787,6.2525307693325
15,788,6.25239726882
15,789,6.25239726882
15,790,6.249170973695
15,791,6.249170973695
15,792,6.2491709607775
15,793,6.249167896225
15,794,6.248268320599999
15,795,6.2402382582375
15,796,6.2402382582375
15,797,6.2402382582375
15,798,6.2402382582375
15,799,6.2398405266525
15,800,6.234736291867501
15,801,6.2329983905974995
15,802,6.2329983905974995
15,803,6.229187525625
15,804,6.22911905206
15,805,6.22905336637
15,806,6.22905336637
15,807,6.2210252990249995
15,808,6.22059533144
15,809,6.22059533144
15,810,6.2205953281975
15,811,6.2205953239800005
15,812,6.2205953239800005
15,813,6.2205953239800005
15,814,6.2205953239800005
15,815,6.2204062970725
15,816,6.2204062970725
15,817,6.2116378446925
15,818,6.20810814206
15,819,6.198327568802499
15,820,6.1927096657625
15,821,6.1927096657625
15,822,6.182145514029999
15,823,6.182145514029999
15,824,6.1821330127700005
15,825,6.182133005747501
15,826,6.180064585785
15,827,6.180064585785
15,828,6.1800642263225
15,829,6.178672528965
15,830,6.1786725285775
15,831,6.1786725285775
15,832,6.1784992112175
15,833,6.1770146991225
15,834,6.1763700095025005
15,835,6.1753718038775
15,836,6.1731248611525
15,837,6.1712254719825
15,838,6.16479810141
15,839,6.16478248923
15,840,6.16478244563
15,841,6.1641156740375
15,842,6.1641156635575
15,843,6.1641156635575
15,844,6.1641156635575
15,845,6.164115658625
15,846,6.163228518895
15,847,6.1607423538025
15,848,6.1593518216200005
15,849,6.1587898808525
15,850,6.155803602840001
15,851,6.155803602840001
15,852,6.155717402875
15,853,6.1150880939
15,854,6.115087178307499
15,855,6.1141810946124995
15,856,6.1141810946124995
15,857,6.1141810946124995
15,858,6.11378237193
15,859,6.11378236817
15,860,6.11378236817
15,861,6.1134105954375
15,862,6.1115945751825
15,863,6.110939434785
15,864,6.10993709042
15,865,6.10993709042
15,866,6.10993709042
15,867,6.10993709042
15,868,6.10993709042
15,869,6.1088184326475
15,870,6.1088184326475
15,871,6.1088184326475
15,872,6.1088184326475
15,873,6.10835651963
15,874,6.1078722730149995
15,875,6.1078722730149995
15,876,6.1076844425775
15,877,6.107684322845
15,878,6.1072350366225
15,879,6.106469278477499
15,880,6.10142219618
15,881,6.10142219618
15,882,6.10142219618
15,883,6.0993860705825
15,884,6.0993860705825
15,885,6.09935716436
15,886,6.0962034577325
15,887,6.09620261277
15,888,6.094430888165
15,889,6.093627387325
15,890,6.093627387325
15,891,6.093627387325
15,892,6.0933302818525
15,893,6.0933302818525
15,894,6.0933302818525
15,895,6.0932573565675
15,896,6.0929189436825
15,897,6.0929189436775
15,898,6.0922643634075
15,899,6.0922643634075
15,900,6.0922643633625
15,901,6.0922643633625
15,902,6.0922643633625
15,903,6.0922464470025
15,904,6.09184806851
15,905,6.091846537717499
15,906,6.091846537717499
15,907,6.091846462955
15,908,6.0915834931225
15,909,6.0915804466075
15,910,6.0913728235975
15,911,6.0912966402275
15,912,6.0910119813375
15,913,6.0910119813375
15,914,6.0910119813375
15,915,6.090806092015
15,916,6.08966977616
15,917,6.08966977616
15,918,6.08966977616
15,919,6.08966977616
15,920,6.0896581936350005
15,921,6.089658178605
15,922,6.089658178605
15,923,6.08954165865
15,924,6.0895394976825
15,925,6.08953949748
15,926,6.0895394970675
15,927,6.0895394970675
15,928,6.08937680204
15,929,6.0893719630125
15,930,6.0893719630125
15,931,6.0893719630125
15,932,6.0892125368175005
15,933,6.0892125368175005
15,934,6.089212528545
15,935,6.089212528545
15,936,6.0892125281
15,937,6.0892125273975
15,938,6.08920761934
15,939,6.0891280591525
15,940,6.089128051585
15,941,6.089128051585
15,942,6.088374286177499
15,943,6.0882940232475
15,944,6.08804888343
15,945,6.0879834450825
15,946,6.087983444985
15,947,6.0823330354575
15,948,6.08232964729
15,949,6.081835613985
15,950,6.081690937595
15,951,6.081690937595
15,952,6.0816797672625
15,953,6.0747996871600005
15,954,6.0744711142675
15,955,6.0743938603975
15,956,6.073464814665
15,957,6.073464814549999
15,958,6.073464814549999
15,959,6.0732857315875
15,960,6.0732857315875
15,961,6.072877805305
15,962,6.072811497395
15,963,6.0725699332875
15,964,6.0725699332875
15,965,6.07252842462
15,966,6.07252842424
15,967,6.07252842424
15,968,6.0723818077125005
15,969,6.0720511128225
15,970,6.072051028224999
15,971,6.072051028224999
15,972,6.0720510278425
15,973,6.0720423481025
15,974,6.0716718846225
15,975,6.07148645324
15,976,6.071486453192501
15,977,6.0710386744675
15,978,6.07103867426
15,979,6.0709086419925
15,980,6.07090145709
15,981,6.070561121955
15,982,6.0705553831825
15,983,6.0705348198625
15,984,6.0703354176675
15,985,6.0703354175775
15,986,6.070292818557499
15,987,6.0702916219775
15,988,6.0702916219775
15,989,6.0702916219775
15,990,6.070283074745
15,991,6.0702830747375
15,992,6.0702711758875
15,993,6.0702709773
15,994,6.07007071784
15,995,6.0700540101825
15,996,6.0700438267375
15,997,6.070043826242499
15,998,6.07003402247
15,999,6.0700340222225
15,1000,6.0700340222225
16,1,77.8520502761625
16,2,60.34127419385
16,3,48.895545205935
16,4,43.4919577330125
16,5,40.135146125670005
16,6,37.1773301811425
16,7,33.474721580425
16,8,31.919267949455
16,9,28.972179893267498
16,10,27.677587546225
16,11,26.252745504785004
16,12,26.2527263413425
16,13,25.09708156146
16,14,24.929644172125002
16,15,24.66738077555
16,16,23.4194189888675
16,17,23.205757572665
16,18,22.6522357226325
16,19,22.6522357226325
16,20,20.844221760875
16,21,20.2401093811025
16,22,20.2104492360825
16,23,19.501039772835
16,24,19.4749706861325
16,25,19.2195819971475
16,26,18.7638002815575
16,27,18.7638002815575
16,28,18.109087969627502
16,29,17.2896307385475
16,30,16.7369500645925
16,31,16.7369500645925
16,32,16.4890372077975
16,33,16.2321726432325
16,34,16.065319839215
16,35,16.065319839215
16,36,15.613031167387499
16,37,15.4733732933775
16,38,15.14811262145
16,39,15.14811262145
16,40,15.121839661620001
16,41,14.969031383090002
16,42,14.969031383090002
16,43,14.63726391132
16,44,14.63726391132
16,45,14.63726391132
16,46,14.49196053524
16,47,14.49196053524
16,48,14.4201897616225
16,49,14.25387085125
16,50,13.988437774765
16,51,13.876850076810001
16,52,13.876850076810001
16,53,13.876850076810001
16,54,13.876850076810001
16,55,13.718839875354998
16,56,13.718839875354998
16,57,13.718839875354998
16,58,13.4434400206725
16,59,13.372412190395
16,60,13.372412190395
16,61,13.302869944047501
16,62,13.204629016160002
16,63,13.05354928346
16,64,13.05354928346
16,65,13.034964457929998
16,66,13.034964457929998
16,67,12.84561716797
16,68,12.84561716797
16,69,12.81282273526
16,70,12.81282273526
16,71,12.81282273526
16,72,12.81282273526
16,73,12.81282273526
16,74,12.81282273526
16,75,12.79593244874
16,76,12.56328693319
16,77,12.520651686594999
16,78,12.520651686594999
16,79,12.520651686594999
16,80,12.520651686594999
16,81,12.520651686594999
16,82,12.5015492721075
16,83,12.438348426602499
16,84,12.438348426602499
16,85,12.438348426602499
16,86,12.438348426602499
16,87,12.438348426602499
16,88,12.438348426602499
16,89,12.311362521015
16,90,12.311362521015
16,91,12.30806908136
16,92,12.30806908136
16,93,12.30806908136
16,94,12.105119749825
16,95,11.692906842502499
16,96,11.692906842502499
16,97,11.692906842502499
16,98,11.692906842502499
16,99,11.692906842502499
16,100,11.617950105164999
16,101,11.517352343635
16,102,11.3504560689675
16,103,11.3504560689675
16,104,11.3504560689675
16,105,11.3504560689675
16,106,11.2966392287375
16,107,11.09556382119
16,108,10.7225095681625
16,109,10.7225095681625
16,110,10.7225095681625
16,111,10.649428672245
16,112,10.649428672245
16,113,10.457384134817499
16,114,10.457384134817499
16,115,10.457384134817499
16,116,10.457384134817499
16,117,10.366291480695
16,118,10.366291480695
16,119,10.0313161841825
16,120,10.0313161841825
16,121,10.0313161841825
16,122,10.0313161841825
16,123,9.9151669771325
16,124,9.9151669771325
16,125,9.804163799247501
16,126,9.804163799247501
16,127,9.804163799247501
16,128,9.804163799247501
16,129,9.6815160014275
16,130,9.6815160014275
16,131,9.6815160014275
16,132,9.6815160014275
16,133,9.652531872915
16,134,9.565982072359999
16,135,9.553023868145
16,136,9.47904588078
16,137,9.4668283517925
16,138,9.4156857982625
16,139,9.4156857982625
16,140,9.4156857982625
16,141,9.4156857982625
16,142,9.4156857982625
16,143,9.4156857982625
16,144,9.4156857982625
16,145,9.4156857982625
16,146,9.37973901948
16,147,9.37973901948
16,148,9.3441767112775
16,149,9.3441767112775
16,150,9.3441767112775
16,151,9.3306868835175
16,152,9.3306868835175
16,153,9.3306868835175
16,154,9.31785763367
16,155,9.17911033102
16,156,9.17911033102
16,157,9.17911033102
16,158,9.17911033102
16,159,9.17911033102
16,160,9.17911033102
16,161,9.17911033102
16,162,9.17911033102
16,163,9.1435304416725
16,164,9.137365417655001
16,165,9.1045242709425
16,166,8.839317032945
16,167,8.839317032945
16,168,8.839317032945
16,169,8.839317032945
16,170,8.839317032945
16,171,8.83675613732
16,172,8.8175214898875
16,173,8.81027875507
16,174,8.80132814325
16,175,8.80132814325
16,176,8.794882649415
16,177,8.794882649415
16,178,8.7086457600275
16,179,8.611860636285
16,180,8.611860636285
16,181,8.606911461985
16,182,8.580875144195
16,183,8.5010216289675
16,184,8.5010216289675
16,185,8.4483191064775
16,186,8.4417583275825
16,187,8.4377389393675
16,188,8.4377389393675
16,189,8.4158480323975
16,190,8.4158480323975
16,191,8.4158480323975
16,192,8.4158480323975
16,193,8.4158480323975
16,194,8.385323044302499
16,195,8.319353151495
16,196,8.319353151495
16,197,8.319353151495
16,198,8.319353151495
16,199,8.319353151495
16,200,8.219399354255
16,201,8.2044500463325
16,202,8.2044500463325
16,203,8.2044500463325
16,204,8.18973253251
16,205,8.155460013555
16,206,8.155460013555
16,207,8.155460013555
16,208,8.1182010854875
16,209,8.106017831539999
16,210,7.9621406158675
16,211,7.9621406158675
16,212,7.932390454775001
16,213,7.9220026604825
16,214,7.8392587005425
16,215,7.723556285127501
16,216,7.719748372822499
16,217,7.709825130772501
16,218,7.6895384193525
16,219,7.6895384193525
16,220,7.670340244685001
16,221,7.66087797344
16,222,7.6468234196325
16,223,7.6382440770675
16,224,7.549295362274999
16,225,7.549295362274999
16,226,7.5240771717024995
16,227,7.519442879695001
16,228,7.5143065470925
16,229,7.5143065470925
16,230,7.5110315446975
16,231,7.490846101312501
16,232,7.4664948551175
16,233,7.410183409780001
16,234,7.230286299099999
16,235,7.209359931932499
16,236,7.1999235510625
16,237,7.161190231365
16,238,7.157956787070001
16,239,7.1226373752450005
16,240,7.1226373752450005
16,241,7.0813465828424995
16,242,7.018628836645
16,243,7.018628836645
16,244,6.99639522341
16,245,6.967336276965
16,246,6.967336276965
16,247,6.942408068420001
16,248,6.942408068420001
16,249,6.92106448355
16,250,6.92106448355
16,251,6.8908586766275
16,252,6.772195269732499
16,253,6.772195269732499
16,254,6.772195269732499
16,255,6.75516490669
16,256,6.659781955135
16,257,6.659781955135
16,258,6.659781955135
16,259,6.615655590359999
16,260,6.615655590359999
16,261,6.615655590359999
16,262,6.513656653525
16,263,6.439771877309999
16,264,6.3865665442825
16,265,6.383979049700001
16,266,6.383979049700001
16,267,6.383979049700001
16,268,6.365373748345
16,269,6.365373748345
16,270,6.3042740730524995
16,271,6.25683001268
16,272,6.2546165558
16,273,6.2546165558
16,274,6.2096737578875
16,275,6.2096737578875
16,276,6.18516671192
16,277,6.1640803116675
16,278,6.0123246104025
16,279,5.935346145555
16,280,5.8742243540775
16,281,5.852435461895
16,282,5.74174502515
16,283,5.702983764495
16,284,5.702983764495
16,285,5.6923591540425
16,286,5.6923591540425
16,287,5.6923591540425
16,288,5.6736785748
16,289,5.553426646955
16,290,5.5442251604275
16,291,5.4885966660325005
16,292,5.44796937949
16,293,5.44796937949
16,294,5.4449816840875
16,295,5.3321223046575
16,296,5.3321223046575
16,297,5.331018529795
16,298,5.3280601767975
16,299,5.310884717945
16,300,5.2752618248675
16,301,5.162104032189999
16,302,5.089668218845
16,303,5.0790406979675
16,304,5.0790406979675
16,305,5.01459901623
16,306,5.01459901623
16,307,4.980007364205
16,308,4.9720086074325
16,309,4.9720086074325
16,310,4.945394449905001
16,311,4.945394449905001
16,312,4.868878181005
16,313,4.868878181005
16,314,4.868878181005
16,315,4.76318563346
16,316,4.742310519565001
16,317,4.742310519565001
16,318,4.742310519565001
16,319,4.7105607638225
16,320,4.7105607638225
16,321,4.7048872566124995
16,322,4.621289396035
16,323,4.61728182867
16,324,4.612301018295
16,325,4.612301018295
16,326,4.5899238213925
16,327,4.5897376490925
16,328,4.5848182749275
16,329,4.564076122662501
16,330,4.4794661211425
16,331,4.4794661211425
16,332,4.4794661211425
16,333,4.45380458039
16,334,4.3726771731600005
16,335,4.3726771731600005
16,336,4.3726771731600005
16,337,4.367682581685
16,338,4.3441668805399996
16,339,4.2683720488925
16,340,4.2683720488925
16,341,4.2599092916775
16,342,4.25364465799
16,343,4.1967103608750005
16,344,4.1685622093675
16,345,4.1685622093675
16,346,4.14456229679
16,347,4.14382349525
16,348,4.14382349525
16,349,4.14143504615
16,350,4.1408448588275
16,351,4.0941881241825
16,352,4.04397190545
16,353,3.9910339399000003
16,354,3.967401974015
16,355,3.93409304566
16,356,3.9189579555000003
16,357,3.90077468598
16,358,3.8676898562875004
16,359,3.8676898562875004
16,360,3.8669724964300003
16,361,3.8669724964300003
16,362,3.8664975941249997
16,363,3.8614104728400003
16,364,3.80406711512
16,365,3.7935729849650004
16,366,3.7501268965625
16,367,3.7333499709024998
16,368,3.6660399960775
16,369,3.6542432313175
16,370,3.64711310442
16,371,3.4613224758575
16,372,3.4029514433549997
16,373,3.39977645823
16,374,3.39977645823
16,375,3.25803147453
16,376,3.2441405942149997
16,377,3.239936286085
16,378,3.239936286085
16,379,3.23992620925
16,380,3.22320736618
16,381,3.2163194790375003
16,382,3.2163194790375003
16,383,3.1398366010225
16,384,3.1398366010225
16,385,3.1386003329400003
16,386,3.13490337951
16,387,3.1001360636975
16,388,3.1000359613875
16,389,3.0574600735575
16,390,2.9851474719374997
16,391,2.9756946214949997
16,392,2.9756946214949997
16,393,2.9695562162674998
16,394,2.9456990704425
16,395,2.9409294244725
16,396,2.8285361170025
16,397,2.8285361170025
16,398,2.8158140947
16,399,2.8158140947
16,400,2.782932471515
16,401,2.7714222600925
16,402,2.7714222600925
16,403,2.6296798890625
16,404,2.6296798890625
16,405,2.6138810567524997
16,406,2.6092020756075
16,407,2.607897090565
16,408,2.59945023715
16,409,2.5689430741825
16,410,2.542048995355
16,411,2.5419512362775003
16,412,2.50927354055
16,413,2.5040875380125
16,414,2.489940286475
16,415,2.48866764825
16,416,2.48866764825
16,417,2.44058517873
16,418,2.43982480342
16,419,2.4048244759325
16,420,2.4042437111925
16,421,2.4042437111925
16,422,2.3893153771575
16,423,2.389190157145
16,424,2.389190157145
16,425,2.387998342205
16,426,2.369234158475
16,427,2.3598778710925
16,428,2.3598778710925
16,429,2.3598778710925
16,430,2.3561476355425
16,431,2.3561476355425
16,432,2.3561476355425
16,433,2.2213934960275
16,434,2.2213934960275
16,435,2.221340291225
16,436,2.22080668991
16,437,2.2207895435625002
16,438,2.21962344193
16,439,2.1911880946825
16,440,2.1911880946825
16,441,2.16378539889
16,442,2.1099578085
16,443,2.09951991511
16,444,2.09614311797
16,445,2.096137364285
16,446,2.0611828589075
16,447,2.04797814592
16,448,2.04797814592
16,449,2.0462116573275
16,450,2.0450493291375
16,451,2.0277819641025
16,452,2.02107829539
16,453,2.0190381355725
16,454,2.0187836434925
16,455,2.015531473335
16,456,2.015531473335
16,457,1.9174781343574998
16,458,1.91023265936
16,459,1.9006957138650002
16,460,1.8990683727875002
16,461,1.8990683727875002
16,462,1.8492639858825002
16,463,1.8492551157350001
16,464,1.8471588329825
16,465,1.79491783098
16,466,1.79458404353
16,467,1.7452507673775
16,468,1.7352802779625
16,469,1.7352802779625
16,470,1.7352802779625
16,471,1.7352802779625
16,472,1.7352802779625
16,473,1.7341416883674998
16,474,1.7217107526500002
16,475,1.7098927292425
16,476,1.6938540724950002
16,477,1.6902809385075
16,478,1.6877408944375003
16,479,1.68266147367
16,480,1.6825539619299998
16,481,1.68042689871
16,482,1.6744196583800002
16,483,1.6682391275125
16,484,1.66679405597
16,485,1.663637756205
16,486,1.659806605985
16,487,1.658622071185
16,488,1.6576783750575
16,489,1.6536876803975002
16,490,1.6531924404624998
16,491,1.6459527871
16,492,1.6351846231925002
16,493,1.6351846231925002
16,494,1.6344942390975
16,495,1.6323128192475
16,496,1.6316120064250001
16,497,1.6309983015899998
16,498,1.6309983015899998
16,499,1.630992513305
16,500,1.6294364009950002
16,501,1.6121309271075
16,502,1.6105343296474999
16,503,1.607773011265
16,504,1.60710223289
16,505,1.60125686513
16,506,1.5981425293325
16,507,1.5981425293325
16,508,1.5969052950475
16,509,1.5939922489925
16,510,1.5925399590975
16,511,1.5863272757925
16,512,1.5863272757925
16,513,1.5678612972225001
16,514,1.563873565625
16,515,1.5637660653675
16,516,1.56289780145
16,517,1.5588162593250001
16,518,1.5525652512224999
16,519,1.5451830805375
16,520,1.5451830805375
16,521,1.537692653385
16,522,1.53215882285
16,523,1.52781771681
16,524,1.52781771681
16,525,1.5276967845625
16,526,1.5276967845625
16,527,1.5171096530625001
16,528,1.5167237967725
16,529,1.5116886871225002
16,530,1.47285807629
16,531,1.4723674520025
16,532,1.46934792869
16,533,1.46934792869
16,534,1.4693169148
16,535,1.46611736305
16,536,1.4655564392475
16,537,1.4655564392475
16,538,1.4655564392475
16,539,1.4554906484149999
16,540,1.4304162704999999
16,541,1.4268029298825
16,542,1.4227053918575001
16,543,1.4227053918575001
16,544,1.4227053918575001
16,545,1.421921845075
16,546,1.4209037281975
16,547,1.409616212295
16,548,1.4085318917275
16,549,1.4085318917275
16,550,1.4069730455075
16,551,1.4064100221775
16,552,1.406408928045
16,553,1.406408928045
16,554,1.403277620875
16,555,1.39867573444
16,556,1.395363833065
16,557,1.39445784663
16,558,1.3933580058525
16,559,1.3929138443025
16,560,1.3929138443025
16,561,1.3905707598875001
16,562,1.390483428055
16,563,1.380889336215
16,564,1.38040089762
16,565,1.3779559623300002
16,566,1.3779559623300002
16,567,1.3726722944
16,568,1.3692332872625
16,569,1.368729757995
16,570,1.36704665335
16,571,1.36626012559
16,572,1.3503011846950002
16,573,1.3503011846950002
16,574,1.349440909955
16,575,1.349440909955
16,576,1.349440909955
16,577,1.3476036621775
16,578,1.34730964211
16,579,1.3424558564475
16,580,1.3403140563825
16,581,1.3403140563825
16,582,1.3403140563825
16,583,1.339704970565
16,584,1.339704970565
16,585,1.33853448975
16,586,1.3381434382775
16,587,1.3373990357775
16,588,1.3331637138499999
16,589,1.3216551600000002
16,590,1.32111546442
16,591,1.3197279983574999
16,592,1.3194414644749999
16,593,1.3180379422925
16,594,1.3178413309650001
16,595,1.3166674709375
16,596,1.3069454216024998
16,597,1.3054182352375
16,598,1.28431337959
16,599,1.28431337959
16,600,1.28431337959
16,601,1.2834862403025
16,602,1.2702969900425
16,603,1.269907312615
16,604,1.2357461836424999
16,605,1.2296433878025002
16,606,1.2296433878025002
16,607,1.2283815280400001
16,608,1.2283815280400001
16,609,1.2283573800899998
16,610,1.2283573800899998
16,611,1.227691330995
16,612,1.227691330995
16,613,1.2272935912
16,614,1.2246938627625001
16,615,1.2246938627625001
16,616,1.219646945405
16,617,1.219607642045
16,618,1.2190791728225
16,619,1.2173546362774998
16,620,1.2173546362774998
16,621,1.2173546362774998
16,622,1.2167245796550001
16,623,1.2167245796550001
16,624,1.214707890075
16,625,1.21451440361
16,626,1.2131394747175
16,627,1.2131394747175
16,628,1.212320368715
16,629,1.2122444745025
16,630,1.2090944847125
16,631,1.2025343212075001
16,632,1.2019184135425
16,633,1.2019184135425
16,634,1.1954101200725
16,635,1.1939762391625002
16,636,1.1938936682499999
16,637,1.1938934684725
16,638,1.1938934684725
16,639,1.19388709674
16,640,1.19388709674
16,641,1.1796363781574999
16,642,1.1758530048
16,643,1.1755275914475
16,644,1.1755275914475
16,645,1.175520298145
16,646,1.175520298145
16,647,1.1636988865275
16,648,1.16359102727
16,649,1.16200132998
16,650,1.155406469385
16,651,1.1552404896725
16,652,1.15523587735
16,653,1.1546964087875
16,654,1.1546962788175
16,655,1.1546962788175
16,656,1.1525107804299999
16,657,1.1524558068175002
16,658,1.1524343835825
16,659,1.1516403097399999
16,660,1.1516403097399999
16,661,1.1433667298775
16,662,1.1408238480950001
16,663,1.097833076235
16,664,1.097831534655
16,665,1.0970209977725
16,666,1.0969528095925
16,667,1.0950046251049999
16,668,1.0949841660875
16,669,1.0949841660875
16,670,1.0949841660875
16,671,1.0949841660875
16,672,1.09429078406
16,673,1.0867932899725
16,674,1.08668405936
16,675,1.08667264625
16,676,1.0864507423899998
16,677,1.0864505611275
16,678,1.0757414569475
16,679,1.0757414569475
16,680,1.075702143415
16,681,1.07463476168
16,682,1.0727200720824999
16,683,1.0719896171475
16,684,1.071565706345
16,685,1.070671727805
16,686,1.070671727805
16,687,1.0687524952375
16,688,1.0687524952375
16,689,1.068728813065
16,690,1.068728813065
16,691,1.068707010355
16,692,1.0643390616825
16,693,1.0643085205925
16,694,1.0643085205925
16,695,1.064273668415
16,696,1.0615813747825
16,697,1.06138087494
16,698,1.06057118081
16,699,1.06057118081
16,700,1.0602526003275001
16,701,1.06007320658
16,702,1.0562137038725
16,703,1.0562137038725
16,704,1.055874843485
16,705,1.0366010276575
16,706,1.0336988887475
16,707,1.03369511602
16,708,1.03369511602
16,709,1.0333810193575002
16,710,1.03305850426
16,711,1.032972073225
16,712,1.0328661275950002
16,713,1.0319938172925
16,714,1.018209505925
16,715,1.018209505925
16,716,1.01735445329
16,717,1.017340637025
16,718,1.017156978015
16,719,1.0171507090675
16,720,0.9998299174899999
16,721,0.9940798743325001
16,722,0.9938597978575
16,723,0.9938089297425
16,724,0.9796239145925
16,725,0.97961742425
16,726,0.9795119748725
16,727,0.9793879293125001
16,728,0.9793871786275
16,729,0.97938617341
16,730,0.9779804618275
16,731,0.9775204176975001
16,732,0.9775204176975001
16,733,0.9756427550625
16,734,0.9749425751024999
16,735,0.9749397735399998
16,736,0.9738728737225
16,737,0.9731153530200001
16,738,0.9650139147374999
16,739,0.9649906493549999
16,740,0.9649897520899999
16,741,0.9637332085300001
16,742,0.9591890227125
16,743,0.9585841793724998
16,744,0.955970517245
16,745,0.9548906351625
16,746,0.95394617361
16,747,0.9515357431175
16,748,0.9514821338099999
16,749,0.9514815010175
16,750,0.9499358357025001
16,751,0.9499358357025001
16,752,0.9490466292799999
16,753,0.9487555959749999
16,754,0.9486904643224999
16,755,0.94867129139
16,756,0.94845633701
16,757,0.947127270195
16,758,0.94021548406
16,759,0.9397826874249999
16,760,0.9397826874249999
16,761,0.9394142536524999
16,762,0.9394142536524999
16,763,0.9391430170174999
16,764,0.9376981978025001
16,765,0.9373070578775
16,766,0.9372325794774999
16,767,0.9372325794774999
16,768,0.93719786331
16,769,0.93719786331
16,770,0.9330441347475
16,771,0.933040079885
16,772,0.9314780198099999
16,773,0.930909763885
16,774,0.9299601652574999
16,775,0.9299046087775
16,776,0.9299046087775
16,777,0.9298251205025
16,778,0.9292371798374999
16,779,0.92849003179
16,780,0.9284870062325
16,781,0.9274477621700001
16,782,0.9247540699950001
16,783,0.9232886255025001
16,784,0.9232886255025001
16,785,0.9228441777375
16,786,0.9227538574724999
16,787,0.9227402118324999
16,788,0.9221263678625
16,789,0.9199202351024999
16,790,0.9199202351024999
16,791,0.918438856655
16,792,0.9130366800675
16,793,0.9110464128875
16,794,0.9030368589225001
16,795,0.901791126885
16,796,0.9006690482374999
16,797,0.8932900613174999
16,798,0.8932900613074999
16,799,0.8932900613074999
16,800,0.8931563196999999
16,801,0.8841924700049999
16,802,0.8840944346975
16,803,0.88405702823
16,804,0.8835026052225
16,805,0.8830742819999999
16,806,0.883040295965
16,807,0.8829878996249999
16,808,0.8825807651925001
16,809,0.8819984209099999
16,810,0.8787299903499999
16,811,0.878705655945
16,812,0.8773391462625
16,813,0.8764769526875
16,814,0.876070981725
16,815,0.8756115877324999
16,816,0.87491895123
16,817,0.8748376327624999
16,818,0.872392610835
16,819,0.869459123665
16,820,0.8689691240125
16,821,0.86896897967
16,822,0.8674805974299999
16,823,0.866896513625
16,824,0.8657709555125
16,825,0.8656580869799999
16,826,0.8656006651624999
16,827,0.8656006355724999
16,828,0.865476224685
16,829,0.862150166145
16,830,0.8621501661425001
16,831,0.8621459750974999
16,832,0.8612969041699999
16,833,0.861283273175
16,834,0.8611117291374999
16,835,0.8611117291374999
16,836,0.8606823838275
16,837,0.8604640803300001
16,838,0.8604288094375001
16,839,0.8590451889049999
16,840,0.8588737182524999
16,841,0.85886419008
16,842,0.8577252927575
16,843,0.8577252927325001
16,844,0.8573919887124999
16,845,0.8570786337625
16,846,0.8570786337625
16,847,0.8566607104824999
16,848,0.8566568967249999
16,849,0.8566085105000001
16,850,0.8565386615999999
16,851,0.8564591233349999
16,852,0.856145102785
16,853,0.8561435829875
16,854,0.8547618508575001
16,855,0.8547286218849999
16,856,0.8543110538875001
16,857,0.8543110538875001
16,858,0.854198448695
16,859,0.85378679428
16,860,0.852623580215
16,861,0.85258232601
16,862,0.8479822510750001
16,863,0.8479822510750001
16,864,0.8477595954950001
16,865,0.8477453359675
16,866,0.84656322829
16,867,0.846408145765
16,868,0.8463795810625001
16,869,0.8463772038750002
16,870,0.8463772038750002
16,871,0.846188677115
16,872,0.8460740011924999
16,873,0.8460463371025
16,874,0.8456358057275001
16,875,0.84561212183
16,876,0.8456121093824999
16,877,0.84523904288
16,878,0.8421758845399999
16,879,0.8416033174375
16,880,0.8413996876875001
16,881,0.8413355492225
16,882,0.8413355492225
16,883,0.84120387022
16,884,0.841181877705
16,885,0.8411159002199999
16,886,0.8411159002199999
16,887,0.8410897343175
16,888,0.8406068428525
16,889,0.8406019088125
16,890,0.84033936954
16,891,0.8403393626850001
16,892,0.839585546615
16,893,0.839585546615
16,894,0.8395774597799999
16,895,0.8395768461099999
16,896,0.8388395554075
16,897,0.837276954855
16,898,0.837276954855
16,899,0.8371956356449999
16,900,0.8371653953275
16,901,0.8371155316325
16,902,0.8363210875149999
16,903,0.8362043975975
16,904,0.8362043975975
16,905,0.83320261183
16,906,0.8330787680825
16,907,0.8328278464900001
16,908,0.83279634535
16,909,0.8327685628975001
16,910,0.829951147335
16,911,0.8295002842375
16,912,0.828737102525
16,913,0.8286125613124999
16,914,0.82794692929
16,915,0.82782496352
16,916,0.827811844015
16,917,0.8278068488624999
16,918,0.8277830631349999
16,919,0.82774747054
16,920,0.8276949014774999
16,921,0.8265509715049999
16,922,0.826542998865
16,923,0.8264065226825
16,924,0.8263490820725
16,925,0.8259835995625
16,926,0.8259429428024999
16,927,0.8255146765225
16,928,0.8255146765225
16,929,0.8254903714175
16,930,0.82548578895
16,931,0.82547592588
16,932,0.8254075091524999
16,933,0.8225415632575
16,934,0.8225415224775
16,935,0.8225415224775
16,936,0.8202259562825001
16,937,0.8202250850275
16,938,0.8201401330174999
16,939,0.8201374037725
16,940,0.8201374037725
16,941,0.81961342953
16,942,0.8195339847074999
16,943,0.8194226784499999
16,944,0.8193309107375001
16,945,0.8191870134025001
16,946,0.8180802712750002
16,947,0.81789843248
16,948,0.817155761025
16,949,0.8171379798649999
16,950,0.8171195376249999
16,951,0.8170297658675001
16,952,0.8170297658675001
16,953,0.8169559709499999
16,954,0.8169449018925
16,955,0.8168932977899999
16,956,0.8168932973975
16,957,0.8168865025125
16,958,0.8168859527300001
16,959,0.8165084065249999
16,960,0.816508241475
16,961,0.816494681885
16,962,0.81638296685
16,963,0.8163796625299999
16,964,0.81615329705
16,965,0.81612421877
16,966,0.8161210784974999
16,967,0.8160770701425
16,968,0.8159286620125
16,969,0.81582774266
16,970,0.8156315669499999
16,971,0.8156313525325001
16,972,0.814351942465
16,973,0.814351942465
16,974,0.81416073132
16,975,0.8140877626774999
16,976,0.8129389273450001
16,977,0.81293892656
16,978,0.81267755996
16,979,0.8124184301774999
16,980,0.8123281798725
16,981,0.812322016185
16,982,0.8111978671725
16,983,0.8111975526050001
16,984,0.8111972135425001
16,985,0.8104557449425001
16,986,0.8103635447450002
16,987,0.8103635447450002
16,988,0.8101383566900001
16,989,0.8101330845275001
16,990,0.80995429047
16,991,0.8099493985775
16,992,0.80992919114
16,993,0.8089051751899999
16,994,0.8086043735575
16,995,0.8084834227825001
16,996,0.80843928253
16,997,0.808439221315
16,998,0.8074482689750001
16,999,0.8065762225675
16,1000,0.8065196370900001
17,1,25.5949780685075
17,2,14.921924485525
17,3,12.896202507165
17,4,11.06002197175
17,5,10.200109919425
17,6,9.853879901875
17,7,9.397461417799999
17,8,9.057753830900001
17,9,8.3628865282825
17,10,7.51084572954
17,11,7.47098192874
17,12,7.148376114535
17,13,6.9875972636274994
17,14,6.80920228964
17,15,6.4868203493225
17,16,6.374504787245
17,17,6.17535739104
17,18,6.05948149074
17,19,5.92477047105
17,20,5.9097363890425
17,21,5.7426339285525
17,22,5.692429081065
17,23,5.5957733638625005
17,24,5.45237329525
17,25,5.242764396465001
17,26,5.21398288137
17,27,5.07855063381
17,28,5.0356409114
17,29,4.983091432325
17,30,4.94437445154
17,31,4.757305246905
17,32,4.6921965682349995
17,33,4.66584260686
17,34,4.6001898488525
17,35,4.55473687633
17,36,4.3232237924875
17,37,4.2293692501899995
17,38,4.2292880280775
17,39,4.1841674681525
17,40,4.1841674681525
17,41,4.0831816011725
17,42,3.9686280831700005
17,43,3.92268855791
17,44,3.887451440295
17,45,3.8710523497375
17,46,3.8675471705874997
17,47,3.81790024652
17,48,3.6771293276275
17,49,3.5548451298125
17,50,3.52788294507
17,51,3.46957633354
17,52,3.45489191828
17,53,3.3902193889925
17,54,3.3835816700000003
17,55,3.3835816700000003
17,56,3.3710927281825
17,57,3.3677700639075
17,58,3.3163389442175
17,59,3.2767475539849995
17,60,3.25333869245
17,61,3.1893257828425
17,62,3.1450481206475
17,63,3.0623434521275
17,64,2.9816722338525
17,65,2.979544852345
17,66,2.9566343653125
17,67,2.9354732326625
17,68,2.9073670834325
17,69,2.766609375485
17,70,2.688771146415
17,71,2.6695127599774997
17,72,2.6463913610475
17,73,2.6457446972375
17,74,2.6292061802625
17,75,2.5844710052125
17,76,2.528065213305
17,77,2.51253566476
17,78,2.490354610215
17,79,2.4661913325025
17,80,2.4527388386325
17,81,2.4135211377849997
17,82,2.3745210261075
17,83,2.3745210261075
17,84,2.3529228635174997
17,85,2.3478564028525
17,86,2.3344385950875
17,87,2.253176921615
17,88,2.203627681395
17,89,2.1991135817775
17,90,2.122064146305
17,91,1.9862800489925
17,92,1.919452344395
17,93,1.8808397744324998
17,94,1.87603373829
17,95,1.856672056995
17,96,1.8317764893050001
17,97,1.80642329378
17,98,1.8038495192900001
17,99,1.7892142470025
17,100,1.7613675470299999
17,101,1.734407019955
17,102,1.694327259905
17,103,1.6937816639499998
17,104,1.6937816639499998
17,105,1.6671113197025
17,106,1.6592618085225
17,107,1.6132050023000002
17,108,1.610198030395
17,109,1.610198030395
17,110,1.610198030395
17,111,1.5833360384325
17,112,1.5792957968425
17,113,1.547462907605
17,114,1.547462907605
17,115,1.5118411866700001
17,116,1.4946363184675
17,117,1.4887500325275
17,118,1.4798039145375
17,119,1.4770389815725
17,120,1.44084693056
17,121,1.4400821636874999
17,122,1.4375631195375
17,123,1.431444404295
17,124,1.428305132825
17,125,1.428305132825
17,126,1.4260638069225
17,127,1.4250377353850001
17,128,1.3880331141225
17,129,1.3673196285325
17,130,1.3462010363624999
17,131,1.3369775102374999
17,132,1.3110969383425
17,133,1.2866386159175
17,134,1.269394657865
17,135,1.2587516437175001
17,136,1.235038226425
17,137,1.2316692421725
17,138,1.2179454975925
17,139,1.2105641064800001
17,140,1.2105641064800001
17,141,1.2086831384749999
17,142,1.15613741549
17,143,1.1409915192075
17,144,1.13215234627
17,145,1.118196017935
17,146,1.0951070722025
17,147,1.0951070722025
17,148,1.06684009637
17,149,1.0615075457674998
17,150,1.052405101895
17,151,1.05218626898
17,152,1.014116648015
17,153,1.0113397415
17,154,1.0113397415
17,155,1.00768554852
17,156,1.000963140455
17,157,0.99505833714
17,158,0.9825386852025
17,159,0.9418696542225
17,160,0.9356308187250001
17,161,0.9236040464849999
17,162,0.8999285562924999
17,163,0.8999285562924999
17,164,0.8999285562924999
17,165,0.8930422315675
17,166,0.8930422315675
17,167,0.8930422315675
17,168,0.8870946100074999
17,169,0.86707663351
17,170,0.8637944886125
17,171,0.858611998295
17,172,0.8557292663875
17,173,0.85407801533
17,174,0.8447714017025
17,175,0.8417628242699999
17,176,0.840187539595
17,177,0.8369060254975
17,178,0.8169740675625
17,179,0.8133140353425
17,180,0.8100018667700001
17,181,0.7978024962925
17,182,0.7882092505775
17,183,0.7882092505775
17,184,0.7826732783675
17,185,0.77330426629
17,186,0.7607320881125
17,187,0.7585172424025
17,188,0.73958815506
17,189,0.7310719403775
17,190,0.7172823309674999
17,191,0.7117380569175
17,192,0.7063421234325
17,193,0.6922683666525
17,194,0.6871475429625
17,195,0.6863554475625
17,196,0.6863554475625
17,197,0.6825196984599999
17,198,0.671262901585
17,199,0.6605563529849999
17,200,0.653639511505
17,201,0.6433684771875
17,202,0.6433684771875
17,203,0.64310001064
17,204,0.63801030772
17,205,0.627092651255
17,206,0.6121280902425
17,207,0.6119553844725
17,208,0.611655196065
17,209,0.5972753455725
17,210,0.586511045505
17,211,0.586511045505
17,212,0.583172801825
17,213,0.583172801825
17,214,0.5797859748399999
17,215,0.577482121005
17,216,0.577482121005
17,217,0.57512331629
17,218,0.5655657922725
17,219,0.5586625410175
17,220,0.5448153964825
17,221,0.542334937515
17,222,0.542334937515
17,223,0.542334937515
17,224,0.531297195265
17,225,0.525918370935
17,226,0.52285081104
17,227,0.51971490077
17,228,0.50669285409
17,229,0.5032185768975
17,230,0.5032185768975
17,231,0.4970664003975
17,232,0.49462636469500004
17,233,0.49033963020750004
17,234,0.4852010778625
17,235,0.480947967735
17,236,0.47660099372250003
17,237,0.47658992926000004
17,238,0.47567033762250005
17,239,0.47567033762250005
17,240,0.47348911213499995
17,241,0.47348911213499995
17,242,0.46787405692000006
17,243,0.46738230823500004
17,244,0.4663337298575
17,245,0.4603479398275
17,246,0.45992794051499997
17,247,0.456134819685
17,248,0.445682213135
17,249,0.44499215925
17,250,0.44485822401
17,251,0.44361621395000006
17,252,0.43632876102499996
17,253,0.4318399107775
17,254,0.42860503944
17,255,0.42860503944
17,256,0.4283797371425
17,257,0.425364830825
17,258,0.42536482640499995
17,259,0.42536482640499995
17,260,0.4253648262825
17,261,0.42333781730000003
17,262,0.4214171862625
17,263,0.4214171862625
17,264,0.4214171862625
17,265,0.4214171862625
17,266,0.42133645715499995
17,267,0.4211453837425
17,268,0.4211453837425
17,269,0.4170477424675
17,270,0.416547060305
17,271,0.41184093542
17,272,0.41184093542
17,273,0.40815853984999995
17,274,0.40815853984999995
17,275,0.40069274082
17,276,0.40069274082
17,277,0.3995290876675
17,278,0.398471325305
17,279,0.39287513507250005
17,280,0.3856588211675
17,281,0.3839369712325
17,282,0.38244063969750003
17,283,0.3822579853275
17,284,0.37769185475
17,285,0.37499372374
17,286,0.37393339407
17,287,0.3689004070175
17,288,0.3667218890525
17,289,0.3622589009425
17,290,0.3594160741525
17,291,0.3546439345175
17,292,0.35387672944
17,293,0.3445882466
17,294,0.3300109069275
17,295,0.3287752666925
17,296,0.3287752664425
17,297,0.3225978166975
17,298,0.3193343017425
17,299,0.3155902163175
17,300,0.3134921107525
17,301,0.3134921107525
17,302,0.3063783087575
17,303,0.304079186655
17,304,0.30345749486
17,305,0.30258421308999994
17,306,0.30016569934
17,307,0.2994915323025
17,308,0.29949153188
17,309,0.297032418895
17,310,0.29546533992
17,311,0.29367759049500003
17,312,0.2936775903975
17,313,0.2925188683
17,314,0.28749468125
17,315,0.28749468125
17,316,0.28352182087
17,317,0.2818159649875
17,318,0.28181596488
17,319,0.28181596488
17,320,0.28175957825500003
17,321,0.2798827843925
17,322,0.2789509437875
17,323,0.2757007232775
17,324,0.27516664164
17,325,0.27474670685999997
17,326,0.27458358823
17,327,0.27398898616
17,328,0.27166338026000003
17,329,0.27166247562
17,330,0.26937265909749997
17,331,0.268253149875
17,332,0.268253149875
17,333,0.264703902285
17,334,0.263857942895
17,335,0.26365978081999997
17,336,0.26292086069
17,337,0.26254547848
17,338,0.26030915505749996
17,339,0.26030915505749996
17,340,0.2587591735575
17,341,0.25793762611000004
17,342,0.25793762611000004
17,343,0.25684977261249997
17,344,0.255318180535
17,345,0.2524251019425
17,346,0.25210610128
17,347,0.2520724000925
17,348,0.25105511024
17,349,0.2505887883875
17,350,0.250548719225
17,351,0.2497336791725
17,352,0.2497336791725
17,353,0.24712171062000002
17,354,0.2425517611
17,355,0.23896186462000002
17,356,0.23703142158
17,357,0.2360673236325
17,358,0.23511845280750002
17,359,0.226523790255
17,360,0.226523790255
17,361,0.22519793019
17,362,0.2249923306325
17,363,0.2249923306325
17,364,0.2249923306325
17,365,0.2228558441825
17,366,0.222042912245
17,367,0.222042912245
17,368,0.222042912245
17,369,0.22127788414
17,370,0.22083587752999997
17,371,0.21940748569
17,372,0.21749106354499997
17,373,0.21749106354499997
17,374,0.21749106354499997
17,375,0.21749106354499997
17,376,0.21654108369
17,377,0.21649590338250002
17,378,0.21583172845999998
17,379,0.2146391186575
17,380,0.21373130416000002
17,381,0.21228536859
17,382,0.21228536859
17,383,0.21228536859
17,384,0.2120236259675
17,385,0.2120236259675
17,386,0.211189475985
17,387,0.2104352462225
17,388,0.207579064315
17,389,0.207579064315
17,390,0.207579064315
17,391,0.207271768575
17,392,0.207271768575
17,393,0.20695312716249997
17,394,0.20634646014250002
17,395,0.20634646014250002
17,396,0.20539778315
17,397,0.2052190827
17,398,0.20373673341499998
17,399,0.20296664733749997
17,400,0.20296664733749997
17,401,0.20296664733749997
17,402,0.20244878079
17,403,0.20177669252250002
17,404,0.20150444844
17,405,0.200358244845
17,406,0.1992371466425
17,407,0.1971554544675
17,408,0.1970298545725
17,409,0.19662375591499998
17,410,0.19662375591499998
17,411,0.1956749553925
17,412,0.1952076671925
17,413,0.19482944309
17,414,0.19482944309
17,415,0.19482944309
17,416,0.19421346941
17,417,0.1937484417575
17,418,0.19358776247
17,419,0.1920438377175
17,420,0.1920438377175
17,421,0.19197788755
17,422,0.1919656299875
17,423,0.1912864731625
17,424,0.190713501785
17,425,0.1896299128075
17,426,0.189586882615
17,427,0.18618848727749998
17,428,0.1854847019725
17,429,0.18508315852999999
17,430,0.18504254688
17,431,0.18471217340999999
17,432,0.18471217340999999
17,433,0.1843114119575
17,434,0.18329176243
17,435,0.18274039876
17,436,0.1806470143675
17,437,0.180414814555
17,438,0.179659502665
17,439,0.1795461332675
17,440,0.1795461332675
17,441,0.179335345995
17,442,0.179335345995
17,443,0.17732411209
17,444,0.17692987537
17,445,0.17692987537
17,446,0.17689729755
17,447,0.176408085585
17,448,0.1753088021475
17,449,0.1753088021475
17,450,0.1753088021475
17,451,0.1753088021475
17,452,0.17528875467
17,453,0.17528875467
17,454,0.1751763026275
17,455,0.174257889445
17,456,0.17395310167
17,457,0.1735995747775
17,458,0.1733276740825
17,459,0.16919346502250002
17,460,0.16895440419250002
17,461,0.1689330628125
17,462,0.1687163257425
17,463,0.1687163257425
17,464,0.16869563437
17,465,0.1683165539175
17,466,0.1683165539175
17,467,0.1682645684825
17,468,0.1681418135425
17,469,0.1680102959025
17,470,0.1679707160675
17,471,0.1677745797
17,472,0.1677745797
17,473,0.16736424014
17,474,0.166541053835
17,475,0.16565828565250001
17,476,0.1650554710025
17,477,0.165042486495
17,478,0.1646683916225
17,479,0.1635602675275
17,480,0.1635298553675
17,481,0.16311724686
17,482,0.16311724686
17,483,0.16273145438
17,484,0.1625654226075
17,485,0.162297806535
17,486,0.16176945978249999
17,487,0.1616511395875
17,488,0.16164431349
17,489,0.16147635262249999
17,490,0.1613533574
17,491,0.1608856846525
17,492,0.1608383753175
17,493,0.1607955679525
17,494,0.16031665968
17,495,0.160297213805
17,496,0.1595712762275
17,497,0.1595712762275
17,498,0.1595712762275
17,499,0.15930541005
17,500,0.1591593605625
17,501,0.15907714852250002
17,502,0.15907714852250002
17,503,0.15865090089
17,504,0.158074087905
17,505,0.1576920575925
17,506,0.157021131285
17,507,0.1568561809175
17,508,0.1567365787925
17,509,0.15639346045
17,510,0.1563127775375
17,511,0.15584032329
17,512,0.155544740275
17,513,0.15527762883750001
17,514,0.15525234368750002
17,515,0.15525234368750002
17,516,0.15524935104499998
17,517,0.15524615932500002
17,518,0.15472395692250002
17,519,0.1547096154625
17,520,0.154637331305
17,521,0.15402837321750001
17,522,0.15402837321750001
17,523,0.153883399285
17,524,0.15323581809
17,525,0.15313298791750002
17,526,0.15313298791750002
17,527,0.1529008394425
17,528,0.1529008394425
17,529,0.1521864153625
17,530,0.1520899233675
17,531,0.1519259843875
17,532,0.15189174299000002
17,533,0.15146419976
17,534,0.151392301535
17,535,0.1513054375425
17,536,0.1512320672425
17,537,0.1506659946325
17,538,0.15028138336500002
17,539,0.1500229544025
17,540,0.1500229544025
17,541,0.1500229544025
17,542,0.149721567285
17,543,0.149721567285
17,544,0.149704547715
17,545,0.14967407583
17,546,0.14961927883999998
17,547,0.14952235224
17,548,0.1494665257425
17,549,0.1494665257425
17,550,0.1494486098825
17,551,0.1492619444025
17,552,0.1490950770375
17,553,0.148993863055
17,554,0.1489219748025
17,555,0.14864634804500002
17,556,0.148644642505
17,557,0.1484844503275
17,558,0.1484844503275
17,559,0.1483913794525
17,560,0.14837413223
17,561,0.14817322417
17,562,0.14798314215000002
17,563,0.147639683835
17,564,0.14751066875750002
17,565,0.14751066875750002
17,566,0.14744756109
17,567,0.14744756109
17,568,0.14741639485
17,569,0.147029026535
17,570,0.1465233523575
17,571,0.1465233523575
17,572,0.1464697853875
17,573,0.146363491885
17,574,0.14615150159
17,575,0.1460237500025
17,576,0.146011951635
17,577,0.14591975030249998
17,578,0.1456753498925
17,579,0.1456753498925
17,580,0.14548020169
17,581,0.1453298781825
17,582,0.1453171726875
17,583,0.1452868890975
17,584,0.1449149499225
17,585,0.1448861550125
17,586,0.144749824025
17,587,0.14434914505500002
17,588,0.144279067535
17,589,0.144279067535
17,590,0.144118558065
17,591,0.14396826597
17,592,0.14394238476000001
17,593,0.14394238476000001
17,594,0.14394238476000001
17,595,0.1435525595775
17,596,0.1435525595775
17,597,0.1435525595775
17,598,0.1435525595775
17,599,0.1433029107125
17,600,0.1430755378725
17,601,0.14307520468499998
17,602,0.14297753255
17,603,0.142776428885
17,604,0.1426826141675
17,605,0.1426826141675
17,606,0.14266068275250002
17,607,0.14254285737
17,608,0.1425140073525
17,609,0.1425069094275
17,610,0.14241531458
17,611,0.14219274803249998
17,612,0.14219274803249998
17,613,0.14219274803249998
17,614,0.14217845041000002
17,615,0.14217845041000002
17,616,0.14216997834
17,617,0.142162060015
17,618,0.142162060015
17,619,0.14214739272750002
17,620,0.14213997896000002
17,621,0.1421333617725
17,622,0.1420865681625
17,623,0.1420865681625
17,624,0.1420826870775
17,625,0.14201176306750002
17,626,0.1419887957475
17,627,0.141967412675
17,628,0.141889242885
17,629,0.141858695875
17,630,0.141858695875
17,631,0.1417691770375
17,632,0.14173785458500002
17,633,0.1415000017875
17,634,0.141441266545
17,635,0.1414355216375
17,636,0.1413966562225
17,637,0.1413498082425
17,638,0.141330629265
17,639,0.1413185336
17,640,0.1412809220325
17,641,0.14107029268
17,642,0.14107029268
17,643,0.1410597440975
17,644,0.1410597440975
17,645,0.141058558055
17,646,0.14105152944
17,647,0.14105152944
17,648,0.1410443867225
17,649,0.14098911709
17,650,0.1408763682025
17,651,0.1408427561875
17,652,0.14080009236
17,653,0.14058302155
17,654,0.14051937992250002
17,655,0.14051840407
17,656,0.1405094592875
17,657,0.1404026385825
17,658,0.140290204365
17,659,0.140206598425
17,660,0.1400864113425
17,661,0.14005226984250002
17,662,0.14005226984250002
17,663,0.1398812548925
17,664,0.1398203572125
17,665,0.139663895105
17,666,0.139663895105
17,667,0.139657688345
17,668,0.139645209365
17,669,0.139626267355
17,670,0.139626267355
17,671,0.139626267355
17,672,0.1396045691525
17,673,0.13926727039
17,674,0.1392549943175
17,675,0.13921141581250002
17,676,0.13915603733999998
17,677,0.13915603733999998
17,678,0.13915603733999998
17,679,0.1391006026275
17,680,0.13909867522
17,681,0.13909867522
17,682,0.13909867522
17,683,0.13905527501999998
17,684,0.1390337873725
17,685,0.13903303016
17,686,0.13902832873749998
17,687,0.139011122935
17,688,0.137879237215
17,689,0.1378254264525
17,690,0.137796886615
17,691,0.1377964971675
17,692,0.1376781836925
17,693,0.137636129735
17,694,0.137636129735
17,695,0.1376142477875
17,696,0.13719546377
17,697,0.1371950659375
17,698,0.1371950659375
17,699,0.13700644819500002
17,700,0.13699050827749998
17,701,0.13680920272
17,702,0.1367364326125
17,703,0.1367245465725
17,704,0.1367245465725
17,705,0.13668755839
17,706,0.13662934669
17,707,0.136576482315
17,708,0.136571324385
17,709,0.13648647159
17,710,0.1364141525575
17,711,0.1363820721525
17,712,0.1363820721525
17,713,0.1363231217825
17,714,0.1363088395275
17,715,0.1363088219025
17,716,0.1363088219025
17,717,0.1363088217875
17,718,0.1362691160475
17,719,0.1362676412575
17,720,0.1361941867775
17,721,0.13619244999
17,722,0.1361886467925
17,723,0.1361870099775
17,724,0.13616574747000001
17,725,0.1360936029775
17,726,0.138363132885
17,727,0.138363132885
17,728,0.13829110886
17,729,0.1382890392525
17,730,0.13823440916250002
17,731,0.1382312114725
17,732,0.1382312114725
17,733,0.1382020709025
17,734,0.1381961961275
17,735,0.1381850066525
17,736,0.1381850066525
17,737,0.1381251960475
17,738,0.13702436284
17,739,0.1369684919125
17,740,0.13692923668999998
17,741,0.13692923668999998
17,742,0.13692834137
17,743,0.13690963279499999
17,744,0.13690502339
17,745,0.13683102521249998
17,746,0.1368192177725
17,747,0.136797699185
17,748,0.1367704002275
17,749,0.13674214913
17,750,0.13664486721
17,751,0.13664486721
17,752,0.1366340186925
17,753,0.1366331070125
17,754,0.1366324306075
17,755,0.13659515846249998
17,756,0.13659515846249998
17,757,0.13651646340999998
17,758,0.13651587973499998
17,759,0.1365099550475
17,760,0.1365099550475
17,761,0.1365097898825
17,762,0.136492003
17,763,0.1364894701575
17,764,0.13648470960999998
17,765,0.13648205155749998
17,766,0.13645177724
17,767,0.13645177724
17,768,0.136447611705
17,769,0.136447611705
17,770,0.136447611705
17,771,0.1364178153375
17,772,0.13641206244749998
17,773,0.1363993507675
17,774,0.1362754842025
17,775,0.136271753685
17,776,0.13627135654
17,777,0.13627135654
17,778,0.136259592435
17,779,0.136259592435
17,780,0.136256178025
17,781,0.136256178025
17,782,0.136227381645
17,783,0.136226827665
17,784,0.1362122931525
17,785,0.136167420305
17,786,0.1361605655825
17,787,0.13614359743749999
17,788,0.13614359743749999
17,789,0.1361341023725
17,790,0.1361237578775
17,791,0.1361237578775
17,792,0.1361237578775
17,793,0.136112057895
17,794,0.136112057895
17,795,0.1360659065175
17,796,0.1360635448475
17,797,0.13604017211000002
17,798,0.13604017211000002
17,799,0.13603711419
17,800,0.13603518851500002
17,801,0.13603518851500002
17,802,0.1360075844225
17,803,0.135998098765
17,804,0.135998098765
17,805,0.135998098765
17,806,0.135998098765
17,807,0.1359846734775
17,808,0.135961882005
17,809,0.1359588012175
17,810,0.1359588012175
17,811,0.13437780908250002
17,812,0.13434802645000002
17,813,0.13433618214
17,814,0.13432961904750002
17,815,0.1342980479575
17,816,0.13429517703
17,817,0.1342884993125
17,818,0.1342884993125
17,819,0.1342884993125
17,820,0.13428327295
17,821,0.1342719053375
17,822,0.1342496950025
17,823,0.1342493621025
17,824,0.134229132095
17,825,0.13422117344
17,826,0.1342206008225
17,827,0.1341801648525
17,828,0.1341801648525
17,829,0.1341801541625
17,830,0.1341791390375
17,831,0.13413438815
17,832,0.13413438815
17,833,0.13412589098
17,834,0.13412589098
17,835,0.13411517622
17,836,0.13411517622
17,837,0.13411517622
17,838,0.1341139578825
17,839,0.1341096275675
17,840,0.1341096275675
17,841,0.1341061428075
17,842,0.1341061428075
17,843,0.134058525945
17,844,0.1340557676525
17,845,0.13404996469000002
17,846,0.13402192648
17,847,0.1340088800675
17,848,0.1340011257375
17,849,0.1339820296025
17,850,0.1339820296025
17,851,0.1339820296025
17,852,0.1339820296025
17,853,0.1339777564075
17,854,0.1339774634425
17,855,0.1339738900475
17,856,0.1339738900475
17,857,0.1339738827975
17,858,0.13396915339999999
17,859,0.1339623485025
17,860,0.1339623485025
17,861,0.1339524241625
17,862,0.13394317851749998
17,863,0.1339430470575
17,864,0.1339334253975
17,865,0.1339334253975
17,866,0.1339334253975
17,867,0.1338812951925
17,868,0.133879321565
17,869,0.1338615787975
17,870,0.1338609236525
17,871,0.1338358822275
17,872,0.13383102122249999
17,873,0.1337951719575
17,874,0.1337951719575
17,875,0.13379059826
17,876,0.13378472524
17,877,0.13375582309
17,878,0.133750626445
17,879,0.1337482370225
17,880,0.1337470123375
17,881,0.1308015149725
17,882,0.1307884909175
17,883,0.1307884909175
17,884,0.1307884909175
17,885,0.13077632718
17,886,0.1307564651675
17,887,0.130746015035
17,888,0.130737934015
17,889,0.130737934015
17,890,0.13073643713
17,891,0.1307248594775
17,892,0.13071694752750002
17,893,0.1307071996475
17,894,0.1307071996475
17,895,0.13070100728
17,896,0.1306941883375
17,897,0.1306231471375
17,898,0.1306230243525
17,899,0.13062203649499998
17,900,0.13062134148
17,901,0.1306027386075
17,902,0.13059670126
17,903,0.13059171681499998
17,904,0.13059171681499998
17,905,0.130580993895
17,906,0.13056304941750002
17,907,0.13056304941750002
17,908,0.130563048685
17,909,0.130560689305
17,910,0.1305551210375
17,911,0.13055130253
17,912,0.13055130161
17,913,0.1305453063575
17,914,0.13053803692000002
17,915,0.1305311257325
17,916,0.13052690881
17,917,0.13052690881
17,918,0.130526908285
17,919,0.13050552438500002
17,920,0.130505523705
17,921,0.13049602870000002
17,922,0.130495981365
17,923,0.1304843544325
17,924,0.13047460930000002
17,925,0.13045335791749998
17,926,0.1304533561375
17,927,0.130448618455
17,928,0.130437735785
17,929,0.130434136015
17,930,0.130434136015
17,931,0.130434136015
17,932,0.1304341357475
17,933,0.130426978705
17,934,0.1304190851375
17,935,0.1303994942625
17,936,0.13039945083499999
17,937,0.13039811664
17,938,0.13039325824249998
17,939,0.13038787284
17,940,0.13038786280749998
17,941,0.13038559382999998
17,942,0.1299062188475
17,943,0.1299062188475
17,944,0.12990620049749999
17,945,0.12989910492499998
17,946,0.12989909688499998
17,947,0.12989812276749998
17,948,0.12989812276749998
17,949,0.1298900261625
17,950,0.1298900261625
17,951,0.12988269711
17,952,0.129878269655
17,953,0.129878269655
17,954,0.12987268933
17,955,0.12987157383
17,956,0.1298623934575
17,957,0.12985533178
17,958,0.1298553256725
17,959,0.129850638015
17,960,0.129850638015
17,961,0.12984393988
17,962,0.129835715935
17,963,0.1298250022725
17,964,0.1298250020375
17,965,0.1298247847425
17,966,0.12980594388
17,967,0.1297998178375
17,968,0.1297998178375
17,969,0.12978351278
17,970,0.12978349149249999
17,971,0.12978055473
17,972,0.1297790510125
17,973,0.129775047215
17,974,0.1297746270875
17,975,0.12976135225250002
17,976,0.1297605202175
17,977,0.1297605192275
17,978,0.12973210687249997
17,979,0.129720464155
17,980,0.129720464155
17,981,0.1297149258175
17,982,0.1297149258175
17,983,0.1297124703625
17,984,0.12971061888
17,985,0.129708245675
17,986,0.129705242615
17,987,0.12970011270749998
17,988,0.1296983684375
17,989,0.1296983684375
17,990,0.12969030161
17,991,0.12969030161
17,992,0.129689184415
17,993,0.1296884456975
17,994,0.129688444755
17,995,0.1296874413375
17,996,0.12968663982
17,997,0.12968663982
17,998,0.12968663982
17,999,0.1296838084825
17,1000,0.12968360745500002
18,1,122.7788695972625
18,2,71.3284468643325
18,3,57.202454512452505
18,4,50.047623047635
18,5,46.701729953985
18,6,44.83446093266
18,7,40.948152389615004
18,8,39.68531003657
18,9,34.6423641052925
18,10,32.8485960226675
18,11,31.76628270336
18,12,30.880208426807503
18,13,29.707802026845002
18,14,29.3027802045
18,15,28.161774868884997
18,16,27.52001536433
18,17,27.1499571484925
18,18,26.24381715176
18,19,26.1331484856775
18,20,25.7792188630225
18,21,24.5762320551175
18,22,23.22766819888
18,23,22.885448157652498
18,24,22.619636050329998
18,25,22.1350958861275
18,26,22.034676669495
18,27,21.069925561010002
18,28,20.49136032122
18,29,20.225576981302503
18,30,19.7061562633575
18,31,19.4560082883975
18,32,19.43057720453
18,33,18.561860092994998
18,34,18.2636779711275
18,35,18.032637219995003
18,36,17.7332033339625
18,37,17.7258940036475
18,38,17.260592081742498
18,39,16.86714548063
18,40,16.62117116852
18,41,15.8755233650675
18,42,15.3198523183575
18,43,15.2784219560475
18,44,14.9723818294675
18,45,14.815327992562501
18,46,14.714045136524998
18,47,14.430731546977501
18,48,14.425655650427501
18,49,14.203687152825001
18,50,14.203687152825001
18,51,14.203687152825001
18,52,13.9559177449275
18,53,13.8507702990125
18,54,13.652906507275
18,55,13.50946911024
18,56,13.211194164919998
18,57,12.815802214237499
18,58,12.710062280205
18,59,12.505361353455
18,60,12.35290175536
18,61,12.35290175536
18,62,12.2721522267775
18,63,12.0100857845575
18,64,11.9606844162375
18,65,11.184798316175
18,66,10.762715628295
18,67,10.65203842605
18,68,10.5605635303
18,69,10.498291961685
18,70,10.498291961685
18,71,10.4429853752775
18,72,10.320806577645
18,73,10.263232323092499
18,74,9.797446156315
18,75,9.630680422074999
18,76,9.575095273045
18,77,9.5722562343275
18,78,9.545974304175001
18,79,9.253406326482501
18,80,9.180911499155
18,81,9.095440122395
18,82,9.041372554505
18,83,8.832954056930001
18,84,8.800953884415
18,85,8.792068955545
18,86,8.75651044349
18,87,8.5544408812125
18,88,8.410720765805
18,89,7.914720262925
18,90,7.544220940524999
18,91,7.3971702222825
18,92,7.3971702222825
18,93,7.32338924502
18,94,7.232485309882501
18,95,7.21152235289
18,96,7.149831204605
18,97,7.149831204605
18,98,7.1152796041499995
18,99,7.06843424594
18,100,6.967350911782501
18,101,6.8634720771749995
18,102,6.8634720771749995
18,103,6.77080630654
18,104,6.7678450425625005
18,105,6.7237819327325
18,106,6.693256398652499
18,107,6.64037199444
18,108,6.64037199444
18,109,6.542286507567501
18,110,6.4985767530375
18,111,6.300566467995
18,112,6.2508671455250004
18,113,6.0304942658575005
18,114,5.934750776135
18,115,5.9056177062875
18,116,5.8722711219025
18,117,5.8722711219025
18,118,5.834847530975
18,119,5.834847530975
18,120,5.7487675395575
18,121,5.5722747275025
18,122,5.4588047380325
18,123,5.4588047380325
18,124,5.3391064841275
18,125,5.3091999697525
18,126,4.99228408354
18,127,4.99228408354
18,128,4.99228408354
18,129,4.955270522145
18,130,4.955270522145
18,131,4.8581734561275
18,132,4.7971758963074995
18,133,4.7660971687875
18,134,4.6888728251525
18,135,4.662782158225
18,136,4.588813410255
18,137,4.588813410255
18,138,4.54991831897
18,139,4.54991831897
18,140,4.4938835457525
18,141,4.4938835457525
18,142,4.301108038295
18,143,4.301108038295
18,144,4.2599998530725
18,145,4.2599998530725
18,146,4.2599998530725
18,147,4.25455720027
18,148,4.1603773754075
18,149,4.1603773754075
18,150,4.14914639385
18,151,4.103196692135
18,152,4.07471097608
18,153,4.070290973085
18,154,4.0610919900575
18,155,4.0197946403625
18,156,3.9610355826899997
18,157,3.9499105004975
18,158,3.8462097789749996
18,159,3.8462097789749996
18,160,3.80947138542
18,161,3.7562400459375
18,162,3.7562400459375
18,163,3.6956038228300003
18,164,3.6807308240875
18,165,3.6807308240875
18,166,3.6081656462625
18,167,3.5524886508050004
18,168,3.4600522253475
18,169,3.424520353735
18,170,3.414520438145
18,171,3.3904773502025
18,172,3.3487368538475004
18,173,3.3277167582725
18,174,3.3277167582725
18,175,3.28977746621
18,176,3.273855034005
18,177,3.2472196642975
18,178,3.2265830788275
18,179,3.1964968774525
18,180,3.1964968774525
18,181,3.13221004538
18,182,3.1310343560725
18,183,3.128776031085
18,184,3.094838065435
18,185,3.094838065435
18,186,3.065748048245
18,187,2.98608329806
18,188,2.98608329806
18,189,2.8860169108225002
18,190,2.8670896242275
18,191,2.8564221232249998
18,192,2.8564221232249998
18,193,2.83446002935
18,194,2.7058192443025
18,195,2.6461703513575
18,196,2.6410892243525
18,197,2.6410892243525
18,198,2.62996404675
18,199,2.5815721006474996
18,200,2.5815721006474996
18,201,2.532457847445
18,202,2.5320747741150003
18,203,2.4689176503425
18,204,2.4689176503425
18,205,2.4689176503425
18,206,2.4639415415399997
18,207,2.451723250015
18,208,2.446845311755
18,209,2.43020400658
18,210,2.43020400658
18,211,2.43020400658
18,212,2.3985640272825
18,213,2.2946496003775
18,214,2.258694277005
18,215,2.2577927715725
18,216,2.2577927715725
18,217,2.1386068847125
18,218,2.07595492564
18,219,2.07229661407
18,220,2.0589981899275
18,221,1.993558593045
18,222,1.958580749475
18,223,1.924964761755
18,224,1.924964761755
18,225,1.9180888123300002
18,226,1.8823410047825
18,227,1.8459668474025002
18,228,1.8219100576974998
18,229,1.82053722486
18,230,1.8203638872574999
18,231,1.8179746682025002
18,232,1.8175997721025
18,233,1.785562568445
18,234,1.78521434909
18,235,1.7726499105750002
18,236,1.75476813814
18,237,1.7238092711250002
18,238,1.7238092711250002
18,239,1.7140191416450001
18,240,1.7063079637474998
18,241,1.705767164545
18,242,1.702167504205
18,243,1.652817952885
18,244,1.6438464139725
18,245,1.6438464139725
18,246,1.6212808853325
18,247,1.6212808853325
18,248,1.5968136776575
18,249,1.5909474300725
18,250,1.59036624392
18,251,1.5792416350775
18,252,1.5686486403325
18,253,1.565992747595
18,254,1.5558571357325
18,255,1.5388805132049999
18,256,1.5388805132049999
18,257,1.5201251230925
18,258,1.5151124917275
18,259,1.5104163824849999
18,260,1.4926976657900002
18,261,1.47922220774
18,262,1.470376365555
18,263,1.4580895089525001
18,264,1.4580895089525001
18,265,1.45785401366
18,266,1.4416930036325
18,267,1.4416930036325
18,268,1.4416930036325
18,269,1.4124052389200001
18,270,1.40807265101
18,271,1.399228766955
18,272,1.390540401635
18,273,1.3850400192124999
18,274,1.3683790115824999
18,275,1.3596664576775
18,276,1.3502892667125
18,277,1.34981906595
18,278,1.3389815399775
18,279,1.3365424579975
18,280,1.3329963725875
18,281,1.32815328046
18,282,1.3224763528525
18,283,1.3224763528525
18,284,1.31529377866
18,285,1.3133044322575
18,286,1.3083277119849999
18,287,1.29648952669
18,288,1.2870196081725
18,289,1.2777285900125
18,290,1.2777285900125
18,291,1.275274345855
18,292,1.2648372103425
18,293,1.2543731449675
18,294,1.25063981863
18,295,1.2237409291724999
18,296,1.2231098725725
18,297,1.21293120749
18,298,1.2109919148125
18,299,1.1993533762450002
18,300,1.19019879918
18,301,1.19019879918
18,302,1.16173786627
18,303,1.1504890916800001
18,304,1.1504890916800001
18,305,1.147725154045
18,306,1.147725154045
18,307,1.147725154045
18,308,1.147725154045
18,309,1.1436052820675
18,310,1.1276934758725
18,311,1.120716549205
18,312,1.119421189785
18,313,1.10527418482
18,314,1.0934820087725001
18,315,1.0743803735575
18,316,1.068974069215
18,317,1.06747694869
18,318,1.059479439645
18,319,1.058226200895
18,320,1.04570387874
18,321,1.0374138889975
18,322,1.0368371482675
18,323,1.0349158849525
18,324,1.0327036392950002
18,325,1.0315074568175
18,326,1.03028119986
18,327,1.0220830325225
18,328,0.9790910942475
18,329,0.97827525072
18,330,0.9758652896875001
18,331,0.9711270593975
18,332,0.9609873118550001
18,333,0.9544348036724999
18,334,0.950675602425
18,335,0.950675602425
18,336,0.95020754999
18,337,0.95020754999
18,338,0.94499815261
18,339,0.94499815261
18,340,0.9440358497349999
18,341,0.939188949145
18,342,0.9330061083200001
18,343,0.9259715833575001
18,344,0.9103913069675
18,345,0.9103913069675
18,346,0.908648980505
18,347,0.9082076228525
18,348,0.8929729416025
18,349,0.892055769025
18,350,0.8904126290275001
18,351,0.8822356924425
18,352,0.88193322232
18,353,0.8754555268075
18,354,0.86538119967
18,355,0.86538119967
18,356,0.8625456574099999
18,357,0.8579649003725001
18,358,0.8552746127024999
18,359,0.8485355355224999
18,360,0.848072317755
18,361,0.839843487015
18,362,0.837867193895
18,363,0.82939473743
18,364,0.8184539457325
18,365,0.8157112385975
18,366,0.8062796499300001
18,367,0.8062796499300001
18,368,0.7927991004625
18,369,0.7778317946250001
18,370,0.7652859633725
18,371,0.7600728116325001
18,372,0.7600728116325001
18,373,0.7587606823499999
18,374,0.7563891068224999
18,375,0.7517302617125
18,376,0.7482538235175
18,377,0.7452388454625
18,378,0.7452388454625
18,379,0.74263178849
18,380,0.7319511450025
18,381,0.7307173020325
18,382,0.7307173020325
18,383,0.7193878845125
18,384,0.718884406645
18,385,0.7160369118675
18,386,0.715995040635
18,387,0.7142526635675
18,388,0.7141740396649999
18,389,0.712140571685
18,390,0.707364608955
18,391,0.6893333935775
18,392,0.6893333935775
18,393,0.6840238719425
18,394,0.683764227395
18,395,0.679290658685
18,396,0.667803960435
18,397,0.6668119461225
18,398,0.6639434392325
18,399,0.6634874875650001
18,400,0.653887551555
18,401,0.6453729628075
18,402,0.6427452480975
18,403,0.6427452480975
18,404,0.6427452480975
18,405,0.6411669404325
18,406,0.637388139985
18,407,0.6343262948599999
18,408,0.6343262948599999
18,409,0.633094184755
18,410,0.6321620273575
18,411,0.629527819695
18,412,0.629527819695
18,413,0.621676129915
18,414,0.617345683675
18,415,0.617345683675
18,416,0.617345683675
18,417,0.614778087275
18,418,0.6134800949175
18,419,0.6120946500625
18,420,0.5950881340749999
18,421,0.59246343917
18,422,0.58936816656
18,423,0.589088093565
18,424,0.5745668193225
18,425,0.566400032225
18,426,0.566400032225
18,427,0.566400032225
18,428,0.5632642784425
18,429,0.5620619874375
18,430,0.5620619874375
18,431,0.5620619874375
18,432,0.5577597395175
18,433,0.55280615063
18,434,0.5509169194575
18,435,0.549652769735
18,436,0.5493465239275
18,437,0.5493465239275
18,438,0.5493465239275
18,439,0.5454669921149999
18,440,0.5454669921149999
18,441,0.5454669921149999
18,442,0.5451963585699999
18,443,0.5450317578375
18,444,0.541698040575
18,445,0.5406102329725
18,446,0.5406102329725
18,447,0.5383288690075
18,448,0.535061731705
18,449,0.533410062375
18,450,0.5312355513125
18,451,0.5305317227299999
18,452,0.5291572066775
18,453,0.5286891159675
18,454,0.5286891159675
18,455,0.52739844567
18,456,0.5256354861425
18,457,0.5252560147475
18,458,0.524945528945
18,459,0.5232924658825
18,460,0.52281970527
18,461,0.522028581695
18,462,0.5189916261825
18,463,0.5189916261825
18,464,0.51835171792
18,465,0.517920567725
18,466,0.517920567725
18,467,0.5165538857625
18,468,0.515991315435
18,469,0.515991315435
18,470,0.515991315435
18,471,0.5154517464425
18,472,0.5154517464425
18,473,0.5150806216125
18,474,0.5150806216125
18,475,0.5138751363575
18,476,0.51327127098
18,477,0.5125111462799999
18,478,0.51097124651
18,479,0.51097124651
18,480,0.5089951425525
18,481,0.5066551614375
18,482,0.5049916119
18,483,0.50248987934
18,484,0.502485316215
18,485,0.501789902125
18,486,0.4994937999275
18,487,0.49532972501500006
18,488,0.49497596183750003
18,489,0.48733310707749994
18,490,0.486617778725
18,491,0.48588458962500003
18,492,0.48588458962500003
18,493,0.48560406717750004
18,494,0.48554560268499997
18,495,0.484428153695
18,496,0.47859791148999997
18,497,0.47651740536
18,498,0.475402858065
18,499,0.474639770845
18,500,0.4735826990625
18,501,0.47348758494250004
18,502,0.4734685966975
18,503,0.4734685966975
18,504,0.47272035980249993
18,505,0.47148630282
18,506,0.4707515898575
18,507,0.46939812265749997
18,508,0.4693042776525
18,509,0.4693042776525
18,510,0.466546345975
18,511,0.46278205319000004
18,512,0.46148322410000003
18,513,0.460769431425
18,514,0.460769431425
18,515,0.460769431425
18,516,0.46056960099
18,517,0.46056960099
18,518,0.46056960099
18,519,0.45555097921
18,520,0.452596759705
18,521,0.45082743711999995
18,522,0.44935664777250006
18,523,0.44935664777250006
18,524,0.44913574701750003
18,525,0.4446018287175
18,526,0.44408481750249995
18,527,0.44408481750249995
18,528,0.444076100795
18,529,0.44400511274500004
18,530,0.4440001567149999
18,531,0.443496867855
18,532,0.4432982154899999
18,533,0.4424831790025
18,534,0.4424831790025
18,535,0.4424127013525
18,536,0.44174618188
18,537,0.44052637765249997
18,538,0.43977868049
18,539,0.4388812212675
18,540,0.4376947712775
18,541,0.43651836072999994
18,542,0.43651836072999994
18,543,0.4363299557825
18,544,0.4357990838825
18,545,0.43520204657
18,546,0.43428266913
18,547,0.4339121642225
18,548,0.43348155958
18,549,0.43348155958
18,550,0.4333877851275
18,551,0.43302113819250004
18,552,0.4324264273025
18,553,0.43201514292
18,554,0.4314357288475
18,555,0.43066977795500005
18,556,0.430520929895
18,557,0.43036066204
18,558,0.43036066204
18,559,0.43029130753
18,560,0.43029130753
18,561,0.430032658165
18,562,0.42853796203499994
18,563,0.42692474336249997
18,564,0.42582201112
18,565,0.425760801865
18,566,0.4257200123625
18,567,0.4257200123625
18,568,0.42461198905
18,569,0.42344070346749996
18,570,0.4234098963875
18,571,0.42338501546999996
18,572,0.42312596605749997
18,573,0.4211703847525
18,574,0.419794532455
18,575,0.41947528243
18,576,0.41947528243
18,577,0.418868458995
18,578,0.418673001035
18,579,0.41850996266500007
18,580,0.41839611475
18,581,0.41696185866
18,582,0.4166459662125
18,583,0.41643862085250005
18,584,0.4150354034025
18,585,0.4143776445175
18,586,0.4138261207975
18,587,0.413744993125
18,588,0.41243013851250004
18,589,0.412337046985
18,590,0.41181268685
18,591,0.41181268685
18,592,0.41181268685
18,593,0.41141329814749994
18,594,0.41030040004
18,595,0.41030040004
18,596,0.41030040004
18,597,0.41017676173249995
18,598,0.4101227214725
18,599,0.40992711974
18,600,0.4095010885825
18,601,0.4095010885825
18,602,0.4075785343525
18,603,0.4072336729875
18,604,0.406464477055
18,605,0.405658615545
18,606,0.40564673051250005
18,607,0.40510859088749995
18,608,0.40510859088749995
18,609,0.40497098221499994
18,610,0.40490918524
18,611,0.40467650776999997
18,612,0.40467650776999997
18,613,0.40466700441
18,614,0.4029792021775
18,615,0.40263236202749997
18,616,0.4023483521375
18,617,0.40195866947000003
18,618,0.4007411827975
18,619,0.4007411827975
18,620,0.40066386715249996
18,621,0.40065087204000005
18,622,0.40050241182499996
18,623,0.399317110875
18,624,0.3992919632325
18,625,0.3991083565625
18,626,0.399063428845
18,627,0.399063428845
18,628,0.3989605241775
18,629,0.3989605241775
18,630,0.3979990121025
18,631,0.3979592260225
18,632,0.39698672303000004
18,633,0.3969485317325
18,634,0.39689947270000003
18,635,0.3968060097125
18,636,0.396654376575
18,637,0.39661031849
18,638,0.395621822755
18,639,0.39544922712249997
18,640,0.39544430086750004
18,641,0.3932727357275
18,642,0.3927255884175
18,643,0.39234022081250003
18,644,0.39194719653
18,645,0.391652446365
18,646,0.3914257807575
18,647,0.39137675386250004
18,648,0.39137675386250004
18,649,0.391174871685
18,650,0.391097486835
18,651,0.391097486835
18,652,0.3910969662925
18,653,0.3910969662925
18,654,0.3906839161825
18,655,0.3905952251925
18,656,0.3894297350375
18,657,0.3891473219325
18,658,0.38758354375250004
18,659,0.386958548355
18,660,0.3869585371075
18,661,0.3869585371075
18,662,0.3869009223625
18,663,0.38685487736499996
18,664,0.38685036263
18,665,0.38678152292499995
18,666,0.3865880994675
18,667,0.38655777807749997
18,668,0.38627656802
18,669,0.38627656802
18,670,0.38627656802
18,671,0.3861525920925
18,672,0.3859703898575
18,673,0.38437852915500004
18,674,0.38416991875
18,675,0.38407387224
18,676,0.383815093935
18,677,0.38274795321
18,678,0.3827460747575
18,679,0.3827460747575
18,680,0.38269105899
18,681,0.382384612475
18,682,0.3821028527
18,683,0.38196880580750003
18,684,0.3818750813475
18,685,0.3818732790975
18,686,0.3815993609825
18,687,0.3815705727275
18,688,0.381499809855
18,689,0.3814429589125
18,690,0.3811310518425
18,691,0.381067544445
18,692,0.381049890915
18,693,0.380996261655
18,694,0.3807169031175
18,695,0.38071690178
18,696,0.3803430951875
18,697,0.38031438146749996
18,698,0.380184332215
18,699,0.37984987086
18,700,0.379628400335
18,701,0.3795799394375
18,702,0.3795198032775
18,703,0.3795198009875
18,704,0.3795198009875
18,705,0.378881425005
18,706,0.378726938985
18,707,0.3786295724925
18,708,0.3786295724925
18,709,0.3784222251125
18,710,0.37806912967
18,711,0.3779882518625
18,712,0.377950638455
18,713,0.37771542455499996
18,714,0.3766242187725
18,715,0.3766242187725
18,716,0.3765750672525
18,717,0.376536071235
18,718,0.376294107275
18,719,0.3761412239875
18,720,0.3761345470775
18,721,0.3759351759525
18,722,0.3759351759525
18,723,0.3759273471325
18,724,0.373973346385
18,725,0.373973346385
18,726,0.37370196190750005
18,727,0.37370196190750005
18,728,0.3732952069125
18,729,0.3728620278675
18,730,0.372598133055
18,731,0.3725675960775
18,732,0.3725675960775
18,733,0.37241952606
18,734,0.37238664171
18,735,0.372095685885
18,736,0.37208915093
18,737,0.3719401211425
18,738,0.371910857835
18,739,0.3718906177325
18,740,0.37137507777
18,741,0.3710146539675
18,742,0.37101457390000003
18,743,0.370821196115
18,744,0.370821196115
18,745,0.370821196115
18,746,0.37050079343250003
18,747,0.3704104696125
18,748,0.3704090329125
18,749,0.3696766062225
18,750,0.369676564395
18,751,0.36966959103999997
18,752,0.36953339511000005
18,753,0.369222698995
18,754,0.36921350189
18,755,0.36917765294750005
18,756,0.3691589228075
18,757,0.368872936915
18,758,0.3688521877475
18,759,0.3688521877475
18,760,0.368809488695
18,761,0.3679060839375
18,762,0.3679060839375
18,763,0.3679060839375
18,764,0.3678830892725
18,765,0.36785365136750003
18,766,0.3678343515075
18,767,0.3676954440475
18,768,0.367651622615
18,769,0.367651622615
18,770,0.3676422157975
18,771,0.3667491625
18,772,0.36670434905000004
18,773,0.3666967290425
18,774,0.36669667021499996
18,775,0.3666646107225
18,776,0.3665897081275
18,777,0.36618349914000003
18,778,0.366183497315
18,779,0.366183496155
18,780,0.36618335918
18,781,0.3661313638475
18,782,0.3660919029775
18,783,0.365926943885
18,784,0.365926943885
18,785,0.36585227309
18,786,0.36585227309
18,787,0.3658194616625
18,788,0.36581735651249997
18,789,0.3657479653075
18,790,0.36555472056
18,791,0.36555472056
18,792,0.3655334667525
18,793,0.3654856230175
18,794,0.3653912687625
18,795,0.3653239888125
18,796,0.36516276216
18,797,0.3651627458575
18,798,0.3651447856825
18,799,0.364945305695
18,800,0.3649302412325
18,801,0.3648876178725
18,802,0.36488754969750004
18,803,0.36488753351250003
18,804,0.3648875312325
18,805,0.364782649385
18,806,0.36478264925000004
18,807,0.36457727276499996
18,808,0.3645754542775
18,809,0.364569447055
18,810,0.36444267465499997
18,811,0.36437706858999996
18,812,0.36433369717999997
18,813,0.364115905345
18,814,0.36396738924
18,815,0.363645808355
18,816,0.3636286949325
18,817,0.3636286949325
18,818,0.363443687395
18,819,0.3633302233075
18,820,0.3633302233075
18,821,0.3633302170175
18,822,0.3633240901975
18,823,0.3630771565725
18,824,0.3630740779325
18,825,0.36276216235250003
18,826,0.3626395886575
18,827,0.362434171305
18,828,0.3624150288725
18,829,0.3624150249675
18,830,0.3623765868025
18,831,0.362294994065
18,832,0.3622780379225
18,833,0.36223738397250005
18,834,0.36220167276000004
18,835,0.3614939814075
18,836,0.3612814777
18,837,0.361239560545
18,838,0.36091079345
18,839,0.36091078723750003
18,840,0.3609107668
18,841,0.36090616137000003
18,842,0.3609061383075
18,843,0.36077690965
18,844,0.360732849855
18,845,0.36072840732
18,846,0.3607226280875
18,847,0.3606821617775
18,848,0.36066795413
18,849,0.360595329535
18,850,0.3605711930925
18,851,0.3604755293225
18,852,0.3604755293225
18,853,0.3604750598425
18,854,0.360359936175
18,855,0.36034897201
18,856,0.3602949826675
18,857,0.36020333597
18,858,0.36020333597
18,859,0.36020333597
18,860,0.3601986557975
18,861,0.36017687244999996
18,862,0.36017042844749997
18,863,0.360128210765
18,864,0.360128210765
18,865,0.3601281008975
18,866,0.36008444504
18,867,0.36006638353
18,868,0.35993162347749996
18,869,0.35993162175750004
18,870,0.359931613175
18,871,0.359923724865
18,872,0.35989798525
18,873,0.35988680629249997
18,874,0.3598752008875
18,875,0.35985047383
18,876,0.3598463425975
18,877,0.3596232446625
18,878,0.3595515298175
18,879,0.3595374789725
18,880,0.3595091255825
18,881,0.35943604653
18,882,0.3594334413075
18,883,0.3593540707725
18,884,0.359219858945
18,885,0.359205352625
18,886,0.359205352235
18,887,0.359205352235
18,888,0.359202669895
18,889,0.35916228083
18,890,0.35915346989749997
18,891,0.35915085074499997
18,892,0.3591508495675
18,893,0.35915018070250004
18,894,0.3591439184875
18,895,0.35903954985
18,896,0.35900341991749996
18,897,0.3589674005275
18,898,0.3589636684375
18,899,0.3589620692275
18,900,0.3589606129725
18,901,0.35894802508
18,902,0.35894802508
18,903,0.358947406975
18,904,0.3588872308675
18,905,0.358886788865
18,906,0.3588762913975
18,907,0.3588762907175
18,908,0.3588760201925
18,909,0.3588757272475
18,910,0.35887572692249997
18,911,0.3588732743175
18,912,0.35886676772000003
18,913,0.35886676735
18,914,0.358866578445
18,915,0.35883603699
18,916,0.3588309337675
18,917,0.3588084875025
18,918,0.358762341885
18,919,0.358762341885
18,920,0.358762341885
18,921,0.358753687175
18,922,0.35869488287499995
18,923,0.35865806626999996
18,924,0.3586568150225
18,925,0.35844306870500003
18,926,0.35844074587249997
18,927,0.3584107510275
18,928,0.35838703997
18,929,0.3583147795625
18,930,0.35831428330000004
18,931,0.358308254255
18,932,0.358308254255
18,933,0.35830720731
18,934,0.35830720731
18,935,0.358307206355
18,936,0.358300373045
18,937,0.358296938365
18,938,0.3582661870525
18,939,0.3582263267325
18,940,0.3582263267325
18,941,0.358209118535
18,942,0.358201054545
18,943,0.3581948701275
18,944,0.3581948701275
18,945,0.3581948701275
18,946,0.358162674605
18,947,0.3581506794475
18,948,0.358145136625
18,949,0.358145136625
18,950,0.35814512077500005
18,951,0.3581447867025
18,952,0.3581447541075
18,953,0.3581161913625
18,954,0.3578144561325
18,955,0.3578144561325
18,956,0.35781291528
18,957,0.3578090133925
18,958,0.3577728353375
18,959,0.3577700474175
18,960,0.35775353641
18,961,0.3577527382825
18,962,0.357745325335
18,963,0.357745325335
18,964,0.357745325335
18,965,0.357735751445
18,966,0.357735751445
18,967,0.3576950881325
18,968,0.3576950881325
18,969,0.35766958075
18,970,0.3575316100875
18,971,0.3575316027575
18,972,0.3575310214025
18,973,0.357487054835
18,974,0.3574854287825
18,975,0.3574751324375
18,976,0.357458458635
18,977,0.35743748414
18,978,0.3574352930225
18,979,0.3574303781625
18,980,0.3574303781625
18,981,0.35742860404
18,982,0.3574246492275
18,983,0.3574246402825
18,984,0.357419089635
18,985,0.35741364869500003
18,986,0.3573719328
18,987,0.3573678399225
18,988,0.357366711145
18,989,0.3573608988725
18,990,0.3573318817
18,991,0.3573301488725
18,992,0.3572516233225
18,993,0.357236485615
18,994,0.357232703075
18,995,0.35723255215250005
18,996,0.357232547945
18,997,0.3572220070275
18,998,0.3572220070275
18,999,0.3572217401
18,1000,0.3572217401
19,1,25.523256150745
19,2,13.956185592825
19,3,13.375543847394999
19,4,11.658672195769999
19,5,10.62961791855
19,6,10.1658819021375
19,7,9.99824892933
19,8,9.1702213502675
19,9,8.3388902604975
19,10,8.12141818948
19,11,7.870624044794999
19,12,7.43832928233
19,13,7.38293179505
19,14,7.222932742599999
19,15,6.767309699387501
19,16,6.569336392015001
19,17,6.4109908075925
19,18,6.377988373215
19,19,6.04719805352
19,20,6.04719805352
19,21,5.8918496927225
19,22,5.8175937069175
19,23,5.5126525682275
19,24,5.5126525682275
19,25,5.4601625114125
19,26,5.424971525795
19,27,5.3911546397175005
19,28,5.3001828375
19,29,5.3001828375
19,30,5.125400984840001
19,31,4.874254985575
19,32,4.789723695625
19,33,4.762980093855
19,34,4.703418219875
19,35,4.5817216988575
19,36,4.519743527505
19,37,4.48219919053
19,38,4.48219919053
19,39,4.457027177125
19,40,4.457027177125
19,41,4.259375911105
19,42,4.20148957417
19,43,4.1577884523675
19,44,4.0096263371725005
19,45,3.8460205449775002
19,46,3.7208286871349996
19,47,3.649256472875
19,48,3.5256504166225
19,49,3.5017487094225004
19,50,3.4801972428075003
19,51,3.4801972428075003
19,52,3.4343841329425002
19,53,3.2786217079675
19,54,3.2567572232675
19,55,3.2567572232675
19,56,3.2567572232675
19,57,3.2567572232675
19,58,3.2567572232675
19,59,3.2567572232675
19,60,3.2567572232675
19,61,3.2567572232675
19,62,3.167569259485
19,63,3.167569259485
19,64,3.1480929369424997
19,65,3.1480929369424997
19,66,3.142248912345
19,67,3.1352428310400002
19,68,3.04066002312
19,69,3.02886636577
19,70,3.02886636577
19,71,3.02886636577
19,72,3.02886636577
19,73,3.02886636577
19,74,3.02886636577
19,75,3.02886636577
19,76,3.02886636577
19,77,3.02886636577
19,78,3.02886636577
19,79,2.92325952785
19,80,2.92325952785
19,81,2.8748682178575
19,82,2.8748682178575
19,83,2.8355152587975
19,84,2.8355152587975
19,85,2.8355152587975
19,86,2.8355152587975
19,87,2.8339074792575003
19,88,2.787677491955
19,89,2.787677491955
19,90,2.787677491955
19,91,2.787677491955
19,92,2.787677491955
19,93,2.7128524446149997
19,94,2.7128524446149997
19,95,2.6625439711375
19,96,2.6625439711375
19,97,2.6625439711375
19,98,2.5871680765625
19,99,2.507669081185
19,100,2.507669081185
19,101,2.4620049778925
19,102,2.4620049778925
19,103,2.4620049778925
19,104,2.40544894044
19,105,2.40544894044
19,106,2.3899099693025
19,107,2.3899097438599997
19,108,2.3746969350000002
19,109,2.3746969350000002
19,110,2.3746969350000002
19,111,2.3665565370899997
19,112,2.3665565370899997
19,113,2.3665565370899997
19,114,2.3665565370899997
19,115,2.3665565370899997
19,116,2.3665565370899997
19,117,2.3562530839
19,118,2.333687648275
19,119,2.333687648275
19,120,2.333687648275
19,121,2.333687648275
19,122,2.333687648275
19,123,2.333687648275
19,124,2.333687648275
19,125,2.333687648275
19,126,2.3292587245275
19,127,2.3292587245275
19,128,2.3281946855225
19,129,2.3020685502975
19,130,2.2962326067425
19,131,2.2962326067425
19,132,2.2814516838900003
19,133,2.2814516838900003
19,134,2.2431212323375
19,135,2.2431212323375
19,136,2.2431212323375
19,137,2.2431212323375
19,138,2.2431212323375
19,139,2.2431212323375
19,140,2.2431212323375
19,141,2.2431212323375
19,142,2.2431212323375
19,143,2.2431212323375
19,144,2.2431212323375
19,145,2.2349877880675
19,146,2.234294583675
19,147,2.22522536528
19,148,2.22522521499
19,149,2.225225185005
19,150,2.225225185005
19,151,2.225225185005
19,152,2.1912648102750003
19,153,2.18297417096
19,154,2.18297356444
19,155,2.182973511435
19,156,2.12944533928
19,157,2.129445295795
19,158,2.12944516357
19,159,2.12567864648
19,160,2.12567864648
19,161,2.12567864648
19,162,2.1256786104
19,163,2.1256786104
19,164,2.12486146964
19,165,2.09230891298
19,166,2.09230891298
19,167,2.09230891298
19,168,2.09230891298
19,169,2.09230891298
19,170,2.09230891298
19,171,2.09165329336
19,172,2.09165329336
19,173,2.09165329336
19,174,2.0916532644775
19,175,2.0916532644775
19,176,2.0916532634075002
19,177,2.075511997825
19,178,2.075511997825
19,179,2.075511997825
19,180,2.0755119785775
19,181,2.0755119785775
19,182,2.0755119780499998
19,183,1.9972635006200001
19,184,1.9972634613125
19,185,1.9967915505074998
19,186,1.9967914991874998
19,187,1.9967914991874998
19,188,1.9967914991874998
19,189,1.943086586915
19,190,1.9430865505675001
19,191,1.943086406535
19,192,1.94308640288
19,193,1.94308640112
19,194,1.9430864007450002
19,195,1.9192888993250001
19,196,1.9192888895900002
19,197,1.91928888102
19,198,1.91928888102
19,199,1.91928888102
19,200,1.91928888102
19,201,1.8592452768325
19,202,1.8478624378475001
19,203,1.84786125545
19,204,1.8478608968025
19,205,1.8303413145899998
19,206,1.8303412636825
19,207,1.7776365785175
19,208,1.7776363117125
19,209,1.7776361681425001
19,210,1.7776361681425001
19,211,1.77763615219
19,212,1.76182416695
19,213,1.719380838315
19,214,1.7193806079575
19,215,1.7193806040750002
19,216,1.7193806040750002
19,217,1.7193805718225001
19,218,1.70359224702
19,219,1.6944118286024998
19,220,1.6944117400774998
19,221,1.6944115956924999
19,222,1.6944115956924999
19,223,1.6944115956924999
19,224,1.6871862250149998
19,225,1.6371736998775
19,226,1.637173418215
19,227,1.63717321154
19,228,1.6371731876199997
19,229,1.637173164935
19,230,1.6371731476474998
19,231,1.5730888198075
19,232,1.5730886864075
19,233,1.573088543625
19,234,1.562710423705
19,235,1.562710414265
19,236,1.562710414265
19,237,1.51815834316
19,238,1.5181582039575
19,239,1.51815787547
19,240,1.5181578750975
19,241,1.5181578712975
19,242,1.5181578485075
19,243,1.4682419492075
19,244,1.46824179337
19,245,1.468241604575
19,246,1.46824159442
19,247,1.468241591055
19,248,1.4682415238825
19,249,1.4462368202025
19,250,1.4462367820525
19,251,1.4462364532524998
19,252,1.4462364409675001
19,253,1.4462364409625
19,254,1.4462364409625
19,255,1.43754431417
19,256,1.4375441877325001
19,257,1.4375439825225
19,258,1.4375433433625
19,259,1.437542258595
19,260,1.43754207149
19,261,1.4245777262025
19,262,1.4245774951925
19,263,1.42431074302
19,264,1.4243107375575002
19,265,1.4243107291750001
19,266,1.4243107021249999
19,267,1.4202546376899998
19,268,1.4202545380125
19,269,1.42025451881
19,270,1.420254516035
19,271,1.4202545160225
19,272,1.4202545160225
19,273,1.4155267560025
19,274,1.41552668118
19,275,1.4155264203725
19,276,1.4155264056649999
19,277,1.4155264056649999
19,278,1.41552638066
19,279,1.4125211673475
19,280,1.412521126405
19,281,1.41252088753
19,282,1.4125208853425
19,283,1.4125208851375
19,284,1.4125208602900001
19,285,1.4105465091775
19,286,1.41054645544
19,287,1.3970839881275
19,288,1.3970838804899999
19,289,1.397083813415
19,290,1.39708378907
19,291,1.393943419895
19,292,1.39394337566
19,293,1.3684315533725
19,294,1.3684314112475
19,295,1.368431323925
19,296,1.3684312642549998
19,297,1.365600384555
19,298,1.3656003211825
19,299,1.28298488082
19,300,1.28298430678
19,301,1.2829841481075
19,302,1.2829837009175
19,303,1.282567405585
19,304,1.2825672319175
19,305,1.2350753773325
19,306,1.2350738325275
19,307,1.2350736352
19,308,1.235073570005
19,309,1.2346321473
19,310,1.2346321192774998
19,311,1.19782347667
19,312,1.19782210418
19,313,1.1978216069225
19,314,1.19782149566
19,315,1.1973608431925
19,316,1.197360818315
19,317,1.15218982709
19,318,1.1521893404449999
19,319,1.1521890472025
19,320,1.152188920515
19,321,1.151825969785
19,322,1.151825927415
19,323,1.1169910398325
19,324,1.1169900147375
19,325,1.1169899864475
19,326,1.1169898561975
19,327,1.10926828501
19,328,1.1092682730849999
19,329,1.0881632688
19,330,1.088162830095
19,331,1.08816254988
19,332,1.0881625237225
19,333,1.08772312142
19,334,1.0877230966275
19,335,1.0765732529875
19,336,1.076571857335
19,337,1.0765716364525
19,338,1.076571511465
19,339,1.07632505098
19,340,1.0763250312675
19,341,1.07195708201
19,342,1.071955707615
19,343,1.07195541056
19,344,1.07195540237
19,345,1.0716083466025
19,346,1.0716083407950001
19,347,1.0485786609
19,348,1.0485773259125
19,349,1.0485769754625
19,350,1.035328295065
19,351,1.035005381335
19,352,1.0350053296500001
19,353,1.0164087995625
19,354,1.01640725487
19,355,1.0164069812075
19,356,1.0164065801725
19,357,1.0031218155575001
19,358,1.0031216368825
19,359,0.973623053395
19,360,0.9736219748825
19,361,0.973621803925
19,362,0.9736217301750001
19,363,0.9735850383100001
19,364,0.9735850319700001
19,365,0.937307052655
19,366,0.9373064716349999
19,367,0.937306393535
19,368,0.9373063438525
19,369,0.9370490280025001
19,370,0.9370490131125001
19,371,0.936530952855
19,372,0.9365308291425001
19,373,0.9365308054074999
19,374,0.9365308054050001
19,375,0.9195771962525001
19,376,0.91957711482
19,377,0.9081827519825
19,378,0.9081822836625
19,379,0.9081821764175
19,380,0.9081821586175
19,381,0.9080360690625
19,382,0.9080360508649999
19,383,0.8988722566425
19,384,0.8988721231874999
19,385,0.89887209516
19,386,0.8988720898324999
19,387,0.89871597792
19,388,0.8987159629075
19,389,0.8468272559100001
19,390,0.8468272052525
19,391,0.8468272040924999
19,392,0.8468271820975
19,393,0.846637824085
19,394,0.8466377565400001
19,395,0.8465448876074999
19,396,0.846544884085
19,397,0.8465448835275
19,398,0.846544873415
19,399,0.84641875542
19,400,0.84641874987
19,401,0.8193093451075001
19,402,0.8193089795424999
19,403,0.8193089795
19,404,0.8193084964524999
19,405,0.8190453874999999
19,406,0.81904502773
19,407,0.77674834744
19,408,0.7767481630249999
19,409,0.7767481630025
19,410,0.7767481445275
19,411,0.776641704535
19,412,0.7766416587225
19,413,0.7751720803725
19,414,0.775172079695
19,415,0.775172079695
19,416,0.775172079695
19,417,0.7750225487675
19,418,0.775022464205
19,419,0.7718292999674999
19,420,0.7718291342825
19,421,0.7718291093275
19,422,0.7718291082475
19,423,0.7716227571450001
19,424,0.771622660955
19,425,0.7663305722825
19,426,0.7663304066550001
19,427,0.7663303839475
19,428,0.766330378625
19,429,0.7662785336825
19,430,0.766278472085
19,431,0.7632901203975
19,432,0.7632899694075
19,433,0.7632899485125
19,434,0.7632899442525
19,435,0.7631778668925
19,436,0.76317784518
19,437,0.7275206211625
19,438,0.7275204155924999
19,439,0.72752036802
19,440,0.727520364065
19,441,0.7274101996125
19,442,0.727410130095
19,443,0.71968496473
19,444,0.719684940645
19,445,0.71968493448
19,446,0.719684904585
19,447,0.7196051587700001
19,448,0.7196051513175
19,449,0.7146899896125001
19,450,0.7146899387675
19,451,0.71468990278
19,452,0.714689899065
19,453,0.7146603632925
19,454,0.7146603060775
19,455,0.7081067672025
19,456,0.70810663523
19,457,0.7081066351699999
19,458,0.7081059952375
19,459,0.70801792904
19,460,0.7080179159675
19,461,0.708016611775
19,462,0.7080166104
19,463,0.7080166104
19,464,0.7080166103975
19,465,0.7079108325825
19,466,0.7079108193575
19,467,0.7077460050475
19,468,0.707745896895
19,469,0.707745896895
19,470,0.707745896895
19,471,0.7076611688275
19,472,0.7076611598825
19,473,0.70749957488
19,474,0.7074995163925
19,475,0.7074995163925
19,476,0.7074995163925
19,477,0.7073361684324999
19,478,0.7073361540525
19,479,0.70713528754
19,480,0.7071352518325
19,481,0.7071352518325
19,482,0.7071352502175
19,483,0.7069751375925
19,484,0.7069751314825
19,485,0.706785510295
19,486,0.7067854742525
19,487,0.70678547363
19,488,0.70678547363
19,489,0.7067152423375
19,490,0.7067152402475
19,491,0.7060005389475
19,492,0.7060005050225
19,493,0.7060005050225
19,494,0.7060005050225
19,495,0.7059292281675
19,496,0.705929225605
19,497,0.70350929388
19,498,0.7035092672925
19,499,0.68139757639
19,500,0.6813975759225
19,501,0.681352815705
19,502,0.6813527982074999
19,503,0.6785488285975
19,504,0.6785488271425
19,505,0.6648798651825
19,506,0.6648794180400001
19,507,0.6648234825275
19,508,0.6648234202375
19,509,0.66480024108
19,510,0.6648002399424999
19,511,0.6560927463725
19,512,0.656092675585
19,513,0.6560035566675
19,514,0.6560035478825
19,515,0.6560028282725
19,516,0.6560028266275
19,517,0.647257980935
19,518,0.6472578625525001
19,519,0.6472143548325
19,520,0.6472143457249999
19,521,0.64721283996
19,522,0.64721283827
19,523,0.6464747354075
19,524,0.6464747354075
19,525,0.646376054625
19,526,0.646376040935
19,527,0.6463739124725001
19,528,0.64637391167
19,529,0.6451391537575
19,530,0.645139035885
19,531,0.645042283545
19,532,0.645042270085
19,533,0.645039830975
19,534,0.64503982989
19,535,0.6346645546
19,536,0.634664212115
19,537,0.6345985958375
19,538,0.6345985871175001
19,539,0.634598101765
19,540,0.6345981007875
19,541,0.6342665752775
19,542,0.6342664790675
19,543,0.6341943525825
19,544,0.63419434988
19,545,0.6341925272175
19,546,0.6341925254725
19,547,0.6330867355249999
19,548,0.6330865938175
19,549,0.6330468436825
19,550,0.6330468251275
19,551,0.6330449025775
19,552,0.6330448780225
19,553,0.6320358383025
19,554,0.632035732865
19,555,0.63202230173
19,556,0.6320222956075
19,557,0.6320201908525
19,558,0.6320201815925
19,559,0.6305744492675001
19,560,0.63057433969
19,561,0.63056437329
19,562,0.630564371785
19,563,0.630562829205
19,564,0.63056281921
19,565,0.6263794404499999
19,566,0.6263793426750001
19,567,0.6263414445525
19,568,0.6263414325725
19,569,0.62634024069
19,570,0.62634023175
19,571,0.6238786240525
19,572,0.6238786185249999
19,573,0.6238233457225
19,574,0.623823329755
19,575,0.623821594245
19,576,0.6238215927825
19,577,0.623763142475
19,578,0.62376313704
19,579,0.6236900193975
19,580,0.623690013505
19,581,0.62368988821
19,582,0.62368988678
19,583,0.6236423045549999
19,584,0.6236422953324999
19,585,0.62359792069
19,586,0.6235979034825
19,587,0.6235967147475
19,588,0.6235967131325
19,589,0.6235729494825
19,590,0.623572949455
19,591,0.6235178709125
19,592,0.6235178603725
19,593,0.623516168005
19,594,0.6235161658474999
19,595,0.6234764270225
19,596,0.62347642699
19,597,0.6234347949075001
19,598,0.6234347774375
19,599,0.6234327443675001
19,600,0.62343274284
19,601,0.62343274284
19,602,0.6234327167275
19,603,0.6233791255475001
19,604,0.6233791168025
19,605,0.6233785629625
19,606,0.6233785615925
19,607,0.6233649331775
19,608,0.623364927
19,609,0.6233047902175
19,610,0.6233047747975
19,611,0.6165145617050001
19,612,0.616514560335
19,613,0.6165095701475
19,614,0.61650954977
19,615,0.6165000876525
19,616,0.61650008003
19,617,0.6164987976325
19,618,0.6164987962349999
19,619,0.6164893560925
19,620,0.6164893408275
19,621,0.616424120365
19,622,0.616424112145
19,623,0.616421685795
19,624,0.6164216848949999
19,625,0.6164086423849999
19,626,0.6164086423849999
19,627,0.6163489586399999
19,628,0.6163489472825
19,629,0.6163479077674999
19,630,0.61634790681
19,631,0.6163351762725
19,632,0.6163351762725
19,633,0.6162965952825
19,634,0.616296594505
19,635,0.61629508495
19,636,0.6162950839875
19,637,0.6162814442625
19,638,0.6162814442625
19,639,0.616236209875
19,640,0.6162362026625
19,641,0.6162352150325
19,642,0.6162352127474999
19,643,0.610928868285
19,644,0.610928828475
19,645,0.610902864015
19,646,0.6109028564575001
19,647,0.6109014134399999
19,648,0.6109014116625
19,649,0.6042845957
19,650,0.6042845907250001
19,651,0.6042435192875
19,652,0.6042435109525
19,653,0.6042419431525
19,654,0.6042419414425
19,655,0.6025396977049999
19,656,0.6025396977049999
19,657,0.6025037666074999
19,658,0.602503763075
19,659,0.6025019819475
19,660,0.602501980275
19,661,0.6018810628125
19,662,0.601881054465
19,663,0.601856663865
19,664,0.6018566494375001
19,665,0.6018550354525
19,666,0.6018550344375
19,667,0.6006864036225
19,668,0.6006863955424999
19,669,0.600646915335
19,670,0.60064691287
19,671,0.6006466017250001
19,672,0.6006466002925
19,673,0.5967197291899999
19,674,0.5967197167925
19,675,0.596703341065
19,676,0.5967033334474999
19,677,0.5967025245975
19,678,0.5967025232400001
19,679,0.5920850826149999
19,680,0.5920850696025
19,681,0.59205729008
19,682,0.5920572768575
19,683,0.59205608148
19,684,0.5920560807274999
19,685,0.5919871872675
19,686,0.5919871732775001
19,687,0.59195023885
19,688,0.59195022963
19,689,0.59194950093
19,690,0.59194950007
19,691,0.5919417884675
19,692,0.5919417745675
19,693,0.575929833185
19,694,0.5759297196075
19,695,0.5759288795899999
19,696,0.57592887869
19,697,0.575919455235
19,698,0.5759194435975
19,699,0.57590711083
19,700,0.5759071073725
19,701,0.5759063167725
19,702,0.57590631599
19,703,0.57589418413
19,704,0.5758941727075
19,705,0.5711854397425
19,706,0.5711854313425
19,707,0.5711844909775
19,708,0.57118448958
19,709,0.5711710785374999
19,710,0.571171071435
19,711,0.5702964024075
19,712,0.5702963856875
19,713,0.570294981615
19,714,0.570294979965
19,715,0.5702787002325
19,716,0.5702786953400001
19,717,0.56823064381
19,718,0.5682306320625
19,719,0.56823021631
19,720,0.5682302146975
19,721,0.5682302146975
19,722,0.5682302146975
19,723,0.5678633056425
19,724,0.5678632940674999
19,725,0.56786247836
19,726,0.5678624773275
19,727,0.5678575857425
19,728,0.5678575798425001
19,729,0.5677047958525
19,730,0.5677047921075
19,731,0.56770381653
19,732,0.56770381555
19,733,0.5676989548675
19,734,0.56769895257
19,735,0.5676378462325
19,736,0.567637845995
19,737,0.5676365626925
19,738,0.56763656109
19,739,0.5676309475525
19,740,0.5676309468575
19,741,0.5676050293175
19,742,0.5676050264
19,743,0.567603991495
19,744,0.5676039897725
19,745,0.567597233205
19,746,0.567597233205
19,747,0.5675904838725
19,748,0.5675904818574999
19,749,0.5675894339224999
19,750,0.5675894328525001
19,751,0.56758221423
19,752,0.56758221423
19,753,0.5675710505775
19,754,0.5675710387749999
19,755,0.5675702301625
19,756,0.5675702286675
19,757,0.5675620272425
19,758,0.5675620272425
19,759,0.5675447448125001
19,760,0.56754473514
19,761,0.5675438476525
19,762,0.5675438462975
19,763,0.56753932047
19,764,0.5675393192275
19,765,0.5675105877075
19,766,0.5675105804475
19,767,0.56750909479
19,768,0.567509093455
19,769,0.567503397425
19,770,0.5675033951225
19,771,0.5674821212125
19,772,0.5674821084275
19,773,0.5674816883075
19,774,0.5674816873374999
19,775,0.5674748567075
19,776,0.5674748567075
19,777,0.56745392661
19,778,0.567453915445
19,779,0.5674531959725
19,780,0.5674531952849999
19,781,0.56744708844
19,782,0.5674470871775
19,783,0.5674185960075
19,784,0.56741859212
19,785,0.56741796249
19,786,0.5674179613175
19,787,0.5674107813075
19,788,0.5674107794800001
19,789,0.5673810377749999
19,790,0.5673810274175
19,791,0.5673801610475
19,792,0.56738015984
19,793,0.56737693466
19,794,0.5673769313475
19,795,0.5673437154100001
19,796,0.5450061043375001
19,797,0.54500496646
19,798,0.5450049657775
19,799,0.5450016205325
19,800,0.545001617865
19,801,0.54499594189
19,802,0.54499593717
19,803,0.5449951155025
19,804,0.54499511389
19,805,0.5449909803499999
19,806,0.5449909779050001
19,807,0.5449759377350001
19,808,0.5449759281825
19,809,0.5449753077
19,810,0.5449753067675001
19,811,0.54497164677
19,812,0.544971642975
19,813,0.544950540555
19,814,0.5449505328925001
19,815,0.5449499452050001
19,816,0.5449499438550001
19,817,0.5449460184325
19,818,0.544946015575
19,819,0.5449178234025001
19,820,0.5449178152075
19,821,0.54491720976
19,822,0.544917208635
19,823,0.5449141893775
19,824,0.544914184785
19,825,0.5448844954900001
19,826,0.5448844857824999
19,827,0.54488381055
19,828,0.54488380968
19,829,0.5448806775925
19,830,0.5448806731
19,831,0.544848764665
19,832,0.5448487573925
19,833,0.5448480061525001
19,834,0.544848005565
19,835,0.5448453259625
19,836,0.5448453208324999
19,837,0.5448374729775
19,838,0.5448374712325
19,839,0.54483678778
19,840,0.544836786645
19,841,0.544834004845
19,842,0.5448340000974999
19,843,0.544817433705
19,844,0.5448174282975
19,845,0.5443829060375001
19,846,0.5443829048075
19,847,0.54438066209
19,848,0.5443806571425001
19,849,0.544367195835
19,850,0.54436718069
19,851,0.5443664516975
19,852,0.5443664508575
19,853,0.5443641235050001
19,854,0.544364118775
19,855,0.5443462622524999
19,856,0.5443462560175
19,857,0.544345649715
19,858,0.54434564817
19,859,0.5443436112275
19,860,0.54434360641
19,861,0.54433517583
19,862,0.544178980795
19,863,0.544178226285
19,864,0.5441782253949999
19,865,0.5441761374999999
19,866,0.544176133005
19,867,0.544161144645
19,868,0.5441611358225
19,869,0.544159999045
19,870,0.5441599978875
19,871,0.5441552931675
19,872,0.5441552878075
19,873,0.54268363303
19,874,0.54268362223
19,875,0.54268277721
19,876,0.5426827760974999
19,877,0.5426765915975
19,878,0.5426765874674999
19,879,0.542652395065
19,880,0.5426523905875
19,881,0.542652032015
19,882,0.5426520313225
19,883,0.54264683855
19,884,0.5426468345925001
19,885,0.5426413337625
19,886,0.5426413291800001
19,887,0.5426409730049999
19,888,0.5426409723975001
19,889,0.54263596571
19,890,0.5426359643825001
19,891,0.5426216867075
19,892,0.5426216797525
19,893,0.5426208755424999
19,894,0.5426208747675
19,895,0.54261910235
19,896,0.5426190991700001
19,897,0.5426017035974999
19,898,0.5426016940275
19,899,0.5426010469875
19,900,0.5426010461825
19,901,0.5425444930200001
19,902,0.5425444893875
19,903,0.54252077549
19,904,0.54252077068
19,905,0.541722273505
19,906,0.5417222723174999
19,907,0.541721130035
19,908,0.5417211266775
19,909,0.54170660099
19,910,0.54170659034
19,911,0.5417056461649999
19,912,0.54170564532
19,913,0.5406888110275
19,914,0.540688808095
19,915,0.5406715369249999
19,916,0.5406715261225
19,917,0.540671031135
19,918,0.5406710298924999
19,919,0.5406671572025
19,920,0.5406671549875
19,921,0.5406467086275
19,922,0.5406467011325
19,923,0.54064625785
19,924,0.54064625678
19,925,0.540643169445
19,926,0.540643168425
19,927,0.54062700164
19,928,0.5406269975675
19,929,0.5406264095175
19,930,0.5406264086525
19,931,0.5406235993374999
19,932,0.5406235984675
19,933,0.540598443645
19,934,0.5405984411925
19,935,0.54059792059
19,936,0.5405979186525001
19,937,0.5405971080475
19,938,0.540597107365
19,939,0.5405936534025
19,940,0.540593651945
19,941,0.5405927201275
19,942,0.540592719055
19,943,0.5405919490575
19,944,0.5405919488275
19,945,0.540584309845
19,946,0.5405843049675
19,947,0.5405834436625
19,948,0.5405834429575
19,949,0.5405812505325
19,950,0.5405812505325
19,951,0.5405762187525001
19,952,0.54057621276
19,953,0.5405757908975
19,954,0.5405757901275
19,955,0.5405734004175
19,956,0.540573400225
19,957,0.5405661522125
19,958,0.540566145275
19,959,0.5405657396525
19,960,0.5405657381175
19,961,0.540563918525
19,962,0.5405639184375
19,963,0.5405534516375
19,964,0.5405534448675
19,965,0.5405022830274999
19,966,0.54050228146
19,967,0.5405010774425
19,968,0.5405010774425
19,969,0.5404865647225
19,970,0.5401102206524999
19,971,0.54010977473
19,972,0.5401097735075
19,973,0.5401086503575
19,974,0.5401086503575
19,975,0.5398994520225
19,976,0.539899445385
19,977,0.5398990733175
19,978,0.53989907228
19,979,0.5396510443225
19,980,0.5396510443225
19,981,0.5396376101025
19,982,0.5396376088075
19,983,0.5396367421125
19,984,0.5396367410525
19,985,0.5396367408925
19,986,0.5396367408925
19,987,0.5396247160925001
19,988,0.5396247110475001
19,989,0.539624501455
19,990,0.539624501455
19,991,0.53962417068
19,992,0.53962417068
19,993,0.53961683284
19,994,0.5396168292100001
19,995,0.5396164152325
19,996,0.5394852537425
19,997,0.53948502383
19,998,0.53948502361
19,999,0.5394746242574999
19,1000,0.5394746183825
20,1,39181.18993476833
20,2,13488.9669726768
20,3,9341.448241494172
20,4,6923.3302202370905
20,5,3844.434750091145
20,6,3530.0206549304203
20,7,3159.5132687563028
20,8,2599.94364416857
20,9,2029.7620353802074
20,10,1681.6318824103478
20,11,1514.3786058347375
20,12,1360.97461242676
20,13,1254.7847425835876
20,14,1018.0719731342726
20,15,896.5974569202575
20,16,701.6986023774475
20,17,661.1031744864974
20,18,461.36293319050003
20,19,451.17671936556496
20,20,426.379739022645
20,21,245.95643528289003
20,22,245.95643528289003
20,23,175.3106999752
20,24,175.3106999752
20,25,114.66943734179499
20,26,96.04631791575
20,27,89.41259619502
20,28,89.39371321818251
20,29,89.39371321818251
20,30,89.0719463244325
20,31,62.523923047530005
20,32,62.50128370712999
20,33,54.63762736572001
20,34,36.142230177585006
20,35,28.343739191872498
20,36,28.343739191872498
20,37,28.2836631454925
20,38,28.0010837946325
20,39,26.215011666225003
20,40,26.212491260360004
20,41,26.179262165772503
20,42,22.9245548266
20,43,22.8225158392025
20,44,22.8225158392025
20,45,22.814337998950002
20,46,22.79996231471
20,47,8.6142167009475
20,48,7.672582062182499
20,49,7.6086216049274995
20,50,7.6086216049274995
20,51,6.940259578507501
20,52,6.940259578507501
20,53,6.927537914277499
20,54,6.923393949815001
20,55,4.3540747529149995
20,56,4.3387077955375
20,57,4.3240279522575005
20,58,4.3240279522575005
20,59,4.308733312665
20,60,4.2295299593274995
20,61,4.210580140165
20,62,4.210580137707501
20,63,3.2584908460374997
20,64,3.2277118233175
20,65,3.20593825022
20,66,3.19543277534
20,67,3.172432427115
20,68,3.172432427115
20,69,3.1668643357775
20,70,3.125161590415
20,71,3.1104451022574997
20,72,3.0250850222375
20,73,3.0198186850925
20,74,3.0155241379725
20,75,3.0092086005425
20,76,2.9791717108349998
20,77,2.92822669052
20,78,2.9059774393224997
20,79,2.9059774393224997
20,80,2.8861815365925
20,81,2.871903798995
20,82,2.867915782855
20,83,2.8257966037475
20,84,2.8257966037475
20,85,2.8257966037475
20,86,2.8257966037475
20,87,2.7949532387600002
20,88,2.7949532387600002
20,89,2.7949532387600002
20,90,2.7949532387600002
20,91,2.7949532387600002
20,92,2.7949532387600002
20,93,2.7885058842149997
20,94,2.7705426877325
20,95,2.7669995087699997
20,96,2.760392375805
20,97,2.75345455816
20,98,2.74111261439
20,99,2.7113044795274996
20,100,2.654749720325
20,101,2.6422373348450003
20,102,2.6421712909700004
20,103,2.6421712909700004
20,104,2.6421712909700004
20,105,2.6386778822925
20,106,2.6303420914975
20,107,2.6019525901000002
20,108,2.6019525871024998
20,109,2.6019525868
20,110,2.58963212927
20,111,2.5749365484525
20,112,2.5743207159274997
20,113,2.5743207159274997
20,114,2.569845029895
20,115,2.569845029895
20,116,2.5698450281225
20,117,2.53754197746
20,118,2.5375419762174998
20,119,2.537541976055
20,120,2.521836712535
20,121,2.5218367124225
20,122,2.5218367124225
20,123,2.48050231659
20,124,2.46926750661
20,125,2.4672330264475
20,126,2.4672330264475
20,127,2.43189776567
20,128,2.431897763595
20,129,2.4139426586075
20,130,2.4042111120625
20,131,2.3827741337925
20,132,2.3523543869775
20,133,2.35235438585
20,134,2.3523543857475
20,135,2.3396574045325
20,136,2.3396574024175
20,137,2.3236336669125
20,138,2.3236336669125
20,139,2.3236336669125
20,140,2.3236336666825
20,141,2.31059600717
20,142,2.3043880237225
20,143,2.2962788861
20,144,2.2962788861
20,145,2.2830230245525
20,146,2.2830230223325
20,147,2.267829666375
20,148,2.2678296638925
20,149,2.2678296624775003
20,150,2.2597565544825
20,151,2.2576158628375
20,152,2.2576158628375
20,153,2.210039166165
20,154,2.20106727547
20,155,2.192139041085
20,156,2.1921390407325
20,157,2.1874321796825003
20,158,2.1868073406125
20,159,2.17482521265
20,160,2.17451796302
20,161,2.174517961665
20,162,2.1731967599299997
20,163,2.1731967567600003
20,164,2.1731967565275
20,165,2.11805550531
20,166,2.1146328849900002
20,167,2.1146328849900002
20,168,2.1146328842225
20,169,2.11463287831
20,170,2.11463287831
20,171,2.1040830916825
20,172,2.100532812935
20,173,2.0978975273075
20,174,2.0978975271549998
20,175,2.097897527105
20,176,2.0886353111975002
20,177,2.0733876792375
20,178,2.0733876781
20,179,2.073387678095
20,180,2.07338767785
20,181,2.07338767367
20,182,2.0549865710775
20,183,2.0501267890275
20,184,2.05012678872
20,185,2.05012678872
20,186,2.05012678857
20,187,2.05012678857
20,188,2.0325272548375
20,189,2.0283665918475
20,190,2.02340603972
20,191,2.0201612300325
20,192,2.0201612297875
20,193,2.0163596824775
20,194,2.016359681315
20,195,2.01068297242
20,196,2.006897378385
20,197,2.006897378385
20,198,2.0068973783675004
20,199,2.0063707419025
20,200,2.0063707417975
20,201,1.9802666796575
20,202,1.957056950585
20,203,1.9415857571775
20,204,1.9382803575825
20,205,1.9178573116175
20,206,1.9178573116150002
20,207,1.917384953965
20,208,1.9116557040425
20,209,1.90987523454
20,210,1.9088479845775002
20,211,1.90884798456
20,212,1.9016367958625
20,213,1.8840003060425001
20,214,1.8840003060250001
20,215,1.8840003059800001
20,216,1.8832147809775002
20,217,1.8767993192224999
20,218,1.8767993191275
20,219,1.8614540556049999
20,220,1.8614540553499999
20,221,1.8555168551874999
20,222,1.8555168550925
20,223,1.8359743524224998
20,224,1.8359743524224998
20,225,1.8359409217675
20,226,1.8349643677374998
20,227,1.8242457731175001
20,228,1.8242457731150001
20,229,1.82424577307
20,230,1.82424577307
20,231,1.8242333711874998
20,232,1.816795311365
20,233,1.8167953113625
20,234,1.811339780835
20,235,1.8058236911424999
20,236,1.8033960733124998
20,237,1.78399803726
20,238,1.78399803726
20,239,1.78399803726
20,240,1.7819915285299999
20,241,1.7801035509824998
20,242,1.778016480295
20,243,1.7780164774325002
20,244,1.776230531085
20,245,1.776230531085
20,246,1.776230531085
20,247,1.7709105629925
20,248,1.7709105629925
20,249,1.7709105629725002
20,250,1.7686743645349998
20,251,1.7686743645349998
20,252,1.7686743645349998
20,253,1.7686743645349998
20,254,1.7686743645349998
20,255,1.7686743645349998
20,256,1.7686743645349998
20,257,1.7686743645349998
20,258,1.7686743645349998
20,259,1.7685652171850001
20,260,1.7612842455900002
20,261,1.7612842447225
20,262,1.7612842447225
20,263,1.7612842447225
20,264,1.74491236578
20,265,1.74491236578
20,266,1.7219775129375001
20,267,1.716993782275
20,268,1.716993782275
20,269,1.6983872558550002
20,270,1.6983872556375001
20,271,1.6983872555525
20,272,1.6893221685675002
20,273,1.6893221685675002
20,274,1.689322167065
20,275,1.67592026158
20,276,1.67592026158
20,277,1.6735242367775
20,278,1.6735242367775
20,279,1.6735242367775
20,280,1.6684391872700002
20,281,1.666042997445
20,282,1.6660429972350002
20,283,1.6660429972350002
20,284,1.6660429972300002
20,285,1.6656364272875
20,286,1.6656364272875
20,287,1.6656364272875
20,288,1.6656364272875
20,289,1.6656364272875
20,290,1.6653046494525001
20,291,1.6653046494525001
20,292,1.6605862908325002
20,293,1.6600575207375001
20,294,1.660038090655
20,295,1.660038090655
20,296,1.660038090655
20,297,1.6600380905775
20,298,1.6600232796875
20,299,1.6599112198225001
20,300,1.6599112197025
20,301,1.6599112196549999
20,302,1.65991121964
20,303,1.6591075654225
20,304,1.6591038221874999
20,305,1.6590751972300002
20,306,1.6590751971925002
20,307,1.6590751971925002
20,308,1.6589174466425
20,309,1.6589174466425
20,310,1.65823054094
20,311,1.65113883939
20,312,1.6511388393800002
20,313,1.6511388393800002
20,314,1.6511388393575
20,315,1.64380658883
20,316,1.6437257018
20,317,1.6437064224
20,318,1.6383502982349998
20,319,1.6382159434599999
20,320,1.6382159434599999
20,321,1.63621720203
20,322,1.6306697770349998
20,323,1.6306665613825
20,324,1.63066656138
20,325,1.63066656138
20,326,1.6306665613775
20,327,1.6306665613775
20,328,1.6306546979675
20,329,1.6301894803324999
20,330,1.6301894803324999
20,331,1.63014510804
20,332,1.63014510804
20,333,1.63014510804
20,334,1.63014510804
20,335,1.630145107425
20,336,1.6296708908775
20,337,1.6296708908775
20,338,1.6291246504324999
20,339,1.6291246504324999
20,340,1.6291246504324999
20,341,1.6291246504324999
20,342,1.6291246504324999
20,343,1.6291246504324999
20,344,1.6171638872550003
20,345,1.6171638872550003
20,346,1.6171638872550003
20,347,1.61694268363
20,348,1.6167502891074998
20,349,1.6167502891074998
20,350,1.5842939637275
20,351,1.5842939637275
20,352,1.5842939637275
20,353,1.58375488622
20,354,1.58375488622
20,355,1.58375488622
20,356,1.58369781206
20,357,1.5832327471825
20,358,1.5832327471825
20,359,1.5832327471825
20,360,1.5819629878625001
20,361,1.5729859672675
20,362,1.57037734709
20,363,1.57037734709
20,364,1.57037734709
20,365,1.57037734709
20,366,1.5633804260075
20,367,1.5633804260075
20,368,1.5633804260075
20,369,1.5589654268975
20,370,1.5589654268975
20,371,1.558572759235
20,372,1.5574665209625
20,373,1.5574665209625
20,374,1.54872942559
20,375,1.54872942559
20,376,1.54872942559
20,377,1.54872942559
20,378,1.54872942559
20,379,1.54872942559
20,380,1.548725954435
20,381,1.548725954435
20,382,1.548725954435
20,383,1.548725954435
20,384,1.54535483123
20,385,1.5420413787225
20,386,1.5420413787225
20,387,1.5420413787225
20,388,1.5420413787225
20,389,1.5420413787225
20,390,1.541699330995
20,391,1.5416946475025
20,392,1.540966230095
20,393,1.540966230095
20,394,1.539711331
20,395,1.53968261783
20,396,1.53968261783
20,397,1.53968261783
20,398,1.53968261783
20,399,1.53968261783
20,400,1.53968261783
20,401,1.5394169279774998
20,402,1.539206278565
20,403,1.539206278565
20,404,1.5392053606175
20,405,1.5392053606175
20,406,1.5385856872975001
20,407,1.5385856872975001
20,408,1.530875872195
20,409,1.5307482457075001
20,410,1.5307482457075001
20,411,1.5297593690275
20,412,1.52973457541
20,413,1.52973457541
20,414,1.52973457541
20,415,1.52973457541
20,416,1.529734183505
20,417,1.529734183505
20,418,1.5297175322875
20,419,1.5297175322875
20,420,1.5297175322875
20,421,1.5296515023625
20,422,1.5292999703299999
20,423,1.52928638158
20,424,1.529277956685
20,425,1.5289512804125
20,426,1.5289205789075
20,427,1.5289205789075
20,428,1.525181516405
20,429,1.525181516405
20,430,1.525181516405
20,431,1.517530677215
20,432,1.517530677215
20,433,1.5148361163225001
20,434,1.5148361163225001
20,435,1.514835782345
20,436,1.5148344500625002
20,437,1.5148344500625002
20,438,1.5146988703925
20,439,1.5146988703925
20,440,1.5146988703925
20,441,1.514696002615
20,442,1.514696002615
20,443,1.514526351135
20,444,1.514526351135
20,445,1.5145263511275
20,446,1.5101865529825
20,447,1.51018655296
20,448,1.51018655296
20,449,1.5101804998400001
20,450,1.5101797809800002
20,451,1.50997694971
20,452,1.5074056061925
20,453,1.5071087248825
20,454,1.5071087248825
20,455,1.506549354835
20,456,1.5061081412225001
20,457,1.5061081412225001
20,458,1.50609975739
20,459,1.504964585255
20,460,1.5049547999525
20,461,1.5049544027375
20,462,1.5049543808599999
20,463,1.5049543808599999
20,464,1.5044827003974999
20,465,1.5044741938350001
20,466,1.5044741938350001
20,467,1.5044737827249999
20,468,1.5044737827249999
20,469,1.5044737827249999
20,470,1.50362258772
20,471,1.503620100095
20,472,1.499438398355
20,473,1.4993520764
20,474,1.499304784665
20,475,1.499304784665
20,476,1.4993013526825
20,477,1.4993013526825
20,478,1.4993013526825
20,479,1.49930135173
20,480,1.499292562695
20,481,1.499292324195
20,482,1.4929132311750002
20,483,1.4918836884375
20,484,1.4863706815725002
20,485,1.4863706815725002
20,486,1.4862752367325
20,487,1.4862752367325
20,488,1.4862752367325
20,489,1.4862752367325
20,490,1.4862752169975
20,491,1.486252139225
20,492,1.486252139225
20,493,1.486252139225
20,494,1.4862521284099999
20,495,1.4862521279475
20,496,1.4862521279475
20,497,1.4862521279475
20,498,1.4828496581550001
20,499,1.4828496581550001
20,500,1.4809141588724999
20,501,1.4809141588724999
20,502,1.4809141588724999
20,503,1.480912946955
20,504,1.4786024925974999
20,505,1.4785884867025
20,506,1.4785884363925
20,507,1.4785884363925
20,508,1.4785884363925
20,509,1.4785884363925
20,510,1.4785884363925
20,511,1.4785884363925
20,512,1.4785469873575
20,513,1.4785469752475
20,514,1.4785469752475
20,515,1.47854675784
20,516,1.47854675784
20,517,1.4785448621200001
20,518,1.4785448621200001
20,519,1.4785448621200001
20,520,1.4761421445925
20,521,1.4761421445925
20,522,1.4761421445925
20,523,1.4746577553025
20,524,1.47465722996
20,525,1.47465722996
20,526,1.4744908535849999
20,527,1.474488433505
20,528,1.474488433505
20,529,1.47447178742
20,530,1.4744710451475
20,531,1.4744710332775
20,532,1.4744710332775
20,533,1.4743072829125
20,534,1.4743072829125
20,535,1.4743072829125
20,536,1.4741515961375
20,537,1.4740486969175
20,538,1.4735856705050001
20,539,1.4735856569624999
20,540,1.4735856569624999
20,541,1.4734318651025
20,542,1.4734318651025
20,543,1.4639708025775
20,544,1.4639708025775
20,545,1.4639708025775
20,546,1.4634046742025
20,547,1.4634046742025
20,548,1.4633918720375
20,549,1.463137526455
20,550,1.463137526455
20,551,1.4612349734025
20,552,1.4612349734025
20,553,1.4612349734025
20,554,1.4612203300675
20,555,1.4612203300675
20,556,1.4594426888725
20,557,1.4594426888725
20,558,1.4594426888725
20,559,1.4593771690700001
20,560,1.4593771690700001
20,561,1.4593771690700001
20,562,1.4593052747550002
20,563,1.459298888775
20,564,1.4592948097975
20,565,1.4592948097975
20,566,1.45892771382
20,567,1.45892771382
20,568,1.45892770498
20,569,1.45892770498
20,570,1.45892770498
20,571,1.4589275014575
20,572,1.4589275014575
20,573,1.45234884671
20,574,1.4523165104675
20,575,1.4522204241875
20,576,1.452219266865
20,577,1.452219006625
20,578,1.452219006625
20,579,1.452219006625
20,580,1.452219006625
20,581,1.45221900651
20,582,1.452218938675
20,583,1.452218938675
20,584,1.4510080830375
20,585,1.450439375585
20,586,1.450439375585
20,587,1.4489440881375
20,588,1.4488621645625002
20,589,1.4488621645625002
20,590,1.448072575905
20,591,1.448072575905
20,592,1.4480718820575
20,593,1.4474136139625
20,594,1.4410869857550002
20,595,1.4410869857550002
20,596,1.440026176585
20,597,1.439601125425
20,598,1.4395621105575
20,599,1.4395618746025
20,600,1.4395167735325
20,601,1.4326676587375
20,602,1.4326676587375
20,603,1.4326676587375
20,604,1.431916775105
20,605,1.43191677509
20,606,1.4319150983475
20,607,1.43191509834
20,608,1.43146702873
20,609,1.4296339851925
20,610,1.4296339851925
20,611,1.429173942535
20,612,1.4288847857525
20,613,1.4261712955425
20,614,1.4261712955425
20,615,1.4261712955425
20,616,1.4185397671925
20,617,1.416042143295
20,618,1.416041715035
20,619,1.4160417150325
20,620,1.4151096488775
20,621,1.4151060931175
20,622,1.4139106903425
20,623,1.4135256011300001
20,624,1.4119845638000001
20,625,1.4119845638000001
20,626,1.4119845638000001
20,627,1.411982843035
20,628,1.4119676741425
20,629,1.4119676741425
20,630,1.411967665015
20,631,1.4072842603125
20,632,1.4072842603125
20,633,1.4033180093975
20,634,1.4033180093975
20,635,1.4033180093975
20,636,1.40025077078
20,637,1.3999481717550002
20,638,1.397672532
20,639,1.39564282194
20,640,1.39564282194
20,641,1.3916345791425
20,642,1.3916345779475
20,643,1.3916345741725
20,644,1.3916286635875
20,645,1.38896540774
20,646,1.38896540774
20,647,1.3881136487224999
20,648,1.3863637667100002
20,649,1.386363111395
20,650,1.3855780549125
20,651,1.3855780549125
20,652,1.3848288255949999
20,653,1.3848288255949999
20,654,1.3848288232275
20,655,1.3843966885425
20,656,1.38437529871
20,657,1.3791473630625
20,658,1.3780555907875
20,659,1.3780555907875
20,660,1.3780555816025
20,661,1.3780555815225
20,662,1.3780555815225
20,663,1.3780555815225
20,664,1.3780555815225
20,665,1.3780555815225
20,666,1.37764045572
20,667,1.37764045572
20,668,1.37764045572
20,669,1.37764045572
20,670,1.37764045572
20,671,1.37764045572
20,672,1.3750876381625
20,673,1.3750876381425
20,674,1.3750876381425
20,675,1.37508592345
20,676,1.37508592345
20,677,1.3750859234425001
20,678,1.3715286323275
20,679,1.3715272118525
20,680,1.3699563653375
20,681,1.3689168880775
20,682,1.3689168880775
20,683,1.3689168880775
20,684,1.3687638551024999
20,685,1.3685029064049998
20,686,1.368281802015
20,687,1.368281802015
20,688,1.368281802015
20,689,1.36810704857
20,690,1.3681062608625
20,691,1.3681062608625
20,692,1.3681062608625
20,693,1.36769832932
20,694,1.367698285615
20,695,1.3676982852950001
20,696,1.367302575205
20,697,1.367268426585
20,698,1.367268426585
20,699,1.367268426585
20,700,1.3671022027675002
20,701,1.365504630595
20,702,1.365504630595
20,703,1.365504630595
20,704,1.36550463005
20,705,1.36550463005
20,706,1.3655045795025
20,707,1.3652298680425
20,708,1.3652298680425
20,709,1.36522937096
20,710,1.3648330005925
20,711,1.3645255993499998
20,712,1.3645255993499998
20,713,1.3640175072375
20,714,1.3640175072375
20,715,1.3640175072325
20,716,1.3640175072325
20,717,1.3627005482775
20,718,1.3627005482775
20,719,1.362700491895
20,720,1.3627004616125
20,721,1.3614193136000001
20,722,1.3577551698249999
20,723,1.35743928191
20,724,1.3573568111349998
20,725,1.3573568111349998
20,726,1.3573568111349998
20,727,1.35735642967
20,728,1.35735642967
20,729,1.3573562754800002
20,730,1.35735617959
20,731,1.3559447669725
20,732,1.3528551191525
20,733,1.3517314218925
20,734,1.3515585953725
20,735,1.3515585953725
20,736,1.3515585953725
20,737,1.3513074718225
20,738,1.350703612575
20,739,1.3463488503824999
20,740,1.34280157293
20,741,1.3427170962775
20,742,1.3427167339875
20,743,1.3427167339875
20,744,1.3427167339875
20,745,1.34245848898
20,746,1.3415067511649998
20,747,1.3415067511649998
20,748,1.3415067173475
20,749,1.34070045889
20,750,1.3395731940375
20,751,1.339195387195
20,752,1.3391086868525002
20,753,1.3379466948325
20,754,1.3376489850825
20,755,1.3374571240225
20,756,1.333006116345
20,757,1.333006116345
20,758,1.333006116345
20,759,1.333006116345
20,760,1.3324073332425
20,761,1.3324072887325
20,762,1.3324072819325
20,763,1.3322141863275
20,764,1.3322141863275
20,765,1.3318749688875
20,766,1.3309700949725
20,767,1.3309700949725
20,768,1.3309700949725
20,769,1.3305103893925
20,770,1.3305103893925
20,771,1.3305103893925
20,772,1.3299214740025
20,773,1.3299017852075
20,774,1.3296557545124998
20,775,1.3296273692425
20,776,1.329457920165
20,777,1.3294034803024999
20,778,1.3294034802675
20,779,1.3294034802675
20,780,1.3293797652575
20,781,1.329352147955
20,782,1.329257872745
20,783,1.32711369765
20,784,1.3271136968825001
20,785,1.3265244591625
20,786,1.32622264682
20,787,1.3260828813574999
20,788,1.3260828813574999
20,789,1.32608288123
20,790,1.32607103274
20,791,1.32607103274
20,792,1.325992747465
20,793,1.32599274746
20,794,1.325801614265
20,795,1.325801614245
20,796,1.3254871196475
20,797,1.3254871144525
20,798,1.3254786383325
20,799,1.3254786383175001
20,800,1.3254786383175001
20,801,1.3254785485525
20,802,1.3253948973675
20,803,1.32539485949
20,804,1.32539485949
20,805,1.32442115847
20,806,1.3244211550675
20,807,1.32374025322
20,808,1.3228387369574999
20,809,1.3228387369574999
20,810,1.3228387369574999
20,811,1.322260190665
20,812,1.3222601895375
20,813,1.32183611719
20,814,1.3218209912424999
20,815,1.32182091478
20,816,1.32182091478
20,817,1.3218143155425
20,818,1.3218143155425
20,819,1.321814313095
20,820,1.321814313095
20,821,1.3207399659249999
20,822,1.3207399659249999
20,823,1.320618632965
20,824,1.320618632965
20,825,1.320444408595
20,826,1.3201554922
20,827,1.3201554922
20,828,1.3200220546575
20,829,1.3197288803175
20,830,1.3197064691725
20,831,1.3197064690425
20,832,1.3197064690425
20,833,1.3197064690425
20,834,1.3194820235825
20,835,1.31947191142
20,836,1.31873861385
20,837,1.31873861385
20,838,1.31870751689
20,839,1.31870751689
20,840,1.31870751689
20,841,1.31870751689
20,842,1.3186646495625
20,843,1.31855391416
20,844,1.318290242115
20,845,1.3182455023675002
20,846,1.3179720425075
20,847,1.3179720425075
20,848,1.3179302045649999
20,849,1.3178981353575001
20,850,1.31787490175
20,851,1.3178559032125
20,852,1.31777799027
20,853,1.3177104220625
20,854,1.3177104220625
20,855,1.31764621722
20,856,1.31764621722
20,857,1.3176451497375
20,858,1.3176451496025001
20,859,1.3176451496025001
20,860,1.3176006375125
20,861,1.3176006375125
20,862,1.3176006375075
20,863,1.31753711323
20,864,1.31753711323
20,865,1.3174727616575
20,866,1.31743908483
20,867,1.3164413482075
20,868,1.3164413482075
20,869,1.3164216483825
20,870,1.31629650355
20,871,1.3161689462275
20,872,1.31605560863
20,873,1.31605560863
20,874,1.3160556086075
20,875,1.3160556086075
20,876,1.3160556080799999
20,877,1.3160556080799999
20,878,1.3160556080799999
20,879,1.3160556080799999
20,880,1.316055607995
20,881,1.3160135232874999
20,882,1.31589282026
20,883,1.31589282026
20,884,1.31584277418
20,885,1.31584277418
20,886,1.31583996534
20,887,1.3158399592849999
20,888,1.315829711675
20,889,1.315829711675
20,890,1.3158240613325
20,891,1.3158240613325
20,892,1.3158218934300001
20,893,1.3158218934300001
20,894,1.31582189342
20,895,1.31578863918
20,896,1.3157886391775
20,897,1.3157886391775
20,898,1.3157886391775
20,899,1.3157877167775
20,900,1.3157719308675
20,901,1.3157719301475
20,902,1.3157719301475
20,903,1.3157416449025
20,904,1.3157416449025
20,905,1.3157241773700001
20,906,1.315724177205
20,907,1.3157205202175
20,908,1.3156034722525
20,909,1.3155874661425
20,910,1.315587466115
20,911,1.3155257609225
20,912,1.3155257609225
20,913,1.3153894690874999
20,914,1.315365196765
20,915,1.31536519669
20,916,1.31536519669
20,917,1.31536519638
20,918,1.3153626726375
20,919,1.3153611028725
20,920,1.315353802725
20,921,1.3153269554875
20,922,1.3153182175675
20,923,1.315318217415
20,924,1.315318217415
20,925,1.3150661989999999
20,926,1.31490705436
20,927,1.314892833605
20,928,1.3147247235325001
20,929,1.3146474205
20,930,1.31458717898
20,931,1.314578375235
20,932,1.3145677120625001
20,933,1.3145677120600001
20,934,1.314567709015
20,935,1.3145549161649999
20,936,1.31454863524
20,937,1.314544827735
20,938,1.3145397331825
20,939,1.31453973315
20,940,1.3145397308575
20,941,1.3145302863075001
20,942,1.3145214821975
20,943,1.31449248396
20,944,1.31449248396
20,945,1.31449248396
20,946,1.3144366722625
20,947,1.314424350565
20,948,1.31442435049
20,949,1.3144126254675002
20,950,1.3144091328725
20,951,1.3142022765374999
20,952,1.3142022765374999
20,953,1.3141041872424999
20,954,1.314074614745
20,955,1.314074614745
20,956,1.314074614745
20,957,1.3138372706
20,958,1.3138307146875001
20,959,1.3138307146875001
20,960,1.3138307146875001
20,961,1.3138251565975
20,962,1.313798607845
20,963,1.3137906586174999
20,964,1.313786148945
20,965,1.3137841309925
20,966,1.3136978460850002
20,967,1.3136978460850002
20,968,1.31369784608
20,969,1.313644299785
20,970,1.313644299785
20,971,1.313635108675
20,972,1.313605506855
20,973,1.313605506855
20,974,1.3136037758249999
20,975,1.3135989127375
20,976,1.31359318209
20,977,1.31359318209
20,978,1.3135931820825
20,979,1.3135931820725
20,980,1.30701230879
20,981,1.30701193786
20,982,1.3069881496825
20,983,1.3069858577825
20,984,1.3069858577775
20,985,1.3069815554275
20,986,1.3069815554275
20,987,1.3069814644925
20,988,1.3069776696525
20,989,1.3069776696525
20,990,1.3069726818075
20,991,1.30697074368
20,992,1.3049749336975
20,993,1.3036226983324999
20,994,1.3036226983275
20,995,1.3036226983275
20,996,1.3036205005375001
20,997,1.3036205003624999
20,998,1.3036205003624999
20,999,1.3035936434150002
20,1000,1.3035910733725
21,1,54.92209312784
21,2,41.912067247917506
21,3,36.804449771322496
21,4,32.2115086778825
21,5,29.759208946715
21,6,28.575167221890002
21,7,27.3420510547175
21,8,25.565515630664997
21,9,25.10819263063
21,10,22.7045988596975
21,11,22.00546438692
21,12,21.209970699212498
21,13,20.244068406732502
21,14,19.569965939545
21,15,19.569965939545
21,16,19.3452433694425
21,17,19.186948521755
21,18,18.5308294025175
21,19,17.604094850665
21,20,17.4338916270075
21,21,17.3656405913925
21,22,16.810953264170003
21,23,16.278650483395
21,24,16.278650483395
21,25,15.246568719377501
21,26,15.0955048132825
21,27,14.766294831815
21,28,14.5718931712275
21,29,14.5391059835125
21,30,14.419746586375002
21,31,14.124546147404999
21,32,13.822769185305
21,33,12.64949602806
21,34,12.64949602806
21,35,12.64949602806
21,36,12.255813603990001
21,37,12.14843602381
21,38,11.884454265495
21,39,11.8251369753075
21,40,11.7494480709575
21,41,11.7494480709575
21,42,11.23188513824
21,43,11.09562342822
21,44,10.8885455401675
21,45,10.7723544523575
21,46,10.4788485132175
21,47,10.34112230309
21,48,10.147531049247501
21,49,9.7014615925375
21,50,9.7014615925375
21,51,9.7014615925375
21,52,9.547761849745
21,53,9.530137634134999
21,54,9.364369155664999
21,55,9.364369155664999
21,56,8.99665002622
21,57,8.90737450402
21,58,8.90737450402
21,59,8.755972236615
21,60,8.5724455230525
21,61,8.4103542173275
21,62,8.2718140121375
21,63,8.140057626947499
21,64,8.024628302802501
21,65,7.83375819636
21,66,7.7586330879275
21,67,7.7002151347375
21,68,7.621845740915001
21,69,7.5879119311675
21,70,7.5879119311675
21,71,7.497986009665
21,72,7.1962965699999994
21,73,6.811117405797501
21,74,6.7335398859549995
21,75,6.707542028580001
21,76,6.687881575235001
21,77,6.56503282783
21,78,6.5536703906025
21,79,6.5536703906025
21,80,6.5536703906025
21,81,6.530952117610001
21,82,6.4104064365275
21,83,6.235239027597499
21,84,6.203338477675
21,85,6.1171671715725
21,86,6.053963036195
21,87,5.9493607029525
21,88,5.902502968395
21,89,5.84788773637
21,90,5.82176071528
21,91,5.8119561698425
21,92,5.8119561698425
21,93,5.699710486495
21,94,5.699710486495
21,95,5.6789711804525
21,96,5.6407269090225
21,97,5.59217867351
21,98,5.4051132119975005
21,99,5.3308946592025
21,100,5.2800484068975
21,101,5.2246365978625
21,102,5.037982065055
21,103,5.037982065055
21,104,5.013782809355
21,105,4.9462877185025
21,106,4.910682281950001
21,107,4.8874709325025005
21,108,4.860983466412501
21,109,4.8578346153025
21,110,4.836703756272501
21,111,4.754070355430001
21,112,4.7297335424075
21,113,4.64511619586
21,114,4.5317085393125
21,115,4.525423572675
21,116,4.3489127757574995
21,117,4.1309693988100005
21,118,3.9952612661975
21,119,3.986876234605
21,120,3.977766287485
21,121,3.9355799793475
21,122,3.8759491639099997
21,123,3.8449304185949997
21,124,3.7875952337424996
21,125,3.7719028153875
21,126,3.7626586693375
21,127,3.75808564417
21,128,3.7494098669025
21,129,3.7056167021675
21,130,3.61254370718
21,131,3.59678652175
21,132,3.50893379802
21,133,3.453986348225
21,134,3.4415302535225
21,135,3.4026056229524997
21,136,3.3559173983325
21,137,3.3506669451524997
21,138,3.3409415737624997
21,139,3.29617710753
21,140,3.29617710753
21,141,3.2681677678125
21,142,3.2614454730449998
21,143,3.2515550935524997
21,144,3.251417642925
21,145,3.20980351969
21,146,3.197435627985
21,147,3.1915737691699997
21,148,3.17989709665
21,149,3.1798776154625
21,150,3.17908774103
21,151,3.16461849605
21,152,3.1462831476275
21,153,3.0846585858449997
21,154,3.0649942516724997
21,155,3.0217474291624997
21,156,2.9790021953875
21,157,2.9554598733349997
21,158,2.935658986825
21,159,2.93499249708
21,160,2.931246513845
21,161,2.9239366909499998
21,162,2.9237555931425
21,163,2.921975885575
21,164,2.915223062955
21,165,2.833233644825
21,166,2.8238514497125
21,167,2.80427613649
21,168,2.800309457475
21,169,2.77906869399
21,170,2.773005563875
21,171,2.7569168333275
21,172,2.7342574485925
21,173,2.674876443445
21,174,2.6737747527574998
21,175,2.67238533865
21,176,2.67238533865
21,177,2.6501202733575
21,178,2.6427920250875
21,179,2.6189278978725
21,180,2.61051474764
21,181,2.6032934882825
21,182,2.5922952596075
21,183,2.5867067863775
21,184,2.5822636306425
21,185,2.557886284945
21,186,2.5571555222825
21,187,2.555306143505
21,188,2.546768340945
21,189,2.5360084009375
21,190,2.5345573565325
21,191,2.53353392366
21,192,2.53353392366
21,193,2.5296763059125
21,194,2.51715538132
21,195,2.511937309975
21,196,2.49593247359
21,197,2.4953055146
21,198,2.4924791173324996
21,199,2.49169654464
21,200,2.484519352165
21,201,2.4620003852525
21,202,2.4607966295824997
21,203,2.4607966295824997
21,204,2.46002076597
21,205,2.3600403838424997
21,206,2.303166993535
21,207,2.303164974275
21,208,2.2965393370325
21,209,2.269424831485
21,210,2.269424831485
21,211,2.269424831485
21,212,2.2691707349475
21,213,2.2677932470725
21,214,2.2504215227425
21,215,2.2500200257375
21,216,2.2488397022049997
21,217,2.248091316055
21,218,2.2472461919575
21,219,2.2467169187775
21,220,2.24304706221
21,221,2.241476202235
21,222,2.2393934569025
21,223,2.238178429405
21,224,2.238178429405
21,225,2.2279120508975003
21,226,2.227035687825
21,227,2.216659188575
21,228,2.21471339745
21,229,2.2008042811825
21,230,2.19397451499
21,231,2.1938926153725
21,232,2.19190058527
21,233,2.191046441445
21,234,2.1899804277725
21,235,2.189420126235
21,236,2.185444343575
21,237,2.1824989725875
21,238,2.182375187695
21,239,2.1811261107975
21,240,2.1760515843975
21,241,2.1742784552899996
21,242,2.1729554250825
21,243,2.1727219033525
21,244,2.164538850395
21,245,2.164237852975
21,246,2.1625848519125
21,247,2.162532964005
21,248,2.1619330308375
21,249,2.1617715842750003
21,250,2.15925614429
21,251,2.1591558861225
21,252,2.1562047574675
21,253,2.15599306579
21,254,2.1551678691475002
21,255,2.148870155905
21,256,2.1476885174875
21,257,2.14603104523
21,258,2.1448219593125
21,259,2.1425422703174997
21,260,2.1412142904075
21,261,2.140237135305
21,262,2.13936305426
21,263,2.13935909667
21,264,2.1392431709
21,265,2.1391829190575
21,266,2.13330488095
21,267,2.132706329715
21,268,2.132543785325
21,269,2.1317812624225
21,270,2.1315250152325
21,271,2.1313805195575
21,272,2.13125738682
21,273,2.13095235543
21,274,2.13095235543
21,275,2.1242624522475
21,276,2.1242229487
21,277,2.1238256259524997
21,278,2.12369647871
21,279,2.12369647871
21,280,2.123304091945
21,281,2.123304091945
21,282,2.122406260455
21,283,2.122314118635
21,284,2.1222984762749997
21,285,2.1222716719825003
21,286,2.1221353650525
21,287,2.1220853220399998
21,288,2.1220853220399998
21,289,2.1216301012825
21,290,2.12138529945
21,291,2.12079950271
21,292,2.120697666365
21,293,2.1183262742699998
21,294,2.1178419442475
21,295,2.117671178635
21,296,2.1176133967775
21,297,2.11756716857
21,298,2.1171859012125003
21,299,2.1171640908125
21,300,2.11675413626
21,301,2.1107165547625
21,302,2.11064429397
21,303,2.1102218744275
21,304,2.1095173931074997
21,305,2.1092822549025003
21,306,2.1092597850450003
21,307,2.109215956905
21,308,2.10917159072
21,309,2.1090875694499998
21,310,2.1090347119099997
21,311,2.1089591446875002
21,312,2.108955284855
21,313,2.1088272527075
21,314,2.1079125450225
21,315,2.1079100298175
21,316,2.107798882415
21,317,2.107798882415
21,318,2.1077677598675
21,319,2.1077677598675
21,320,2.1077055272700003
21,321,2.107688917685
21,322,2.1076755575100004
21,323,2.1076240897325
21,324,2.1053906490900003
21,325,2.105175413895
21,326,2.1051721841725
21,327,2.105132641105
21,328,2.1050582421325
21,329,2.10173054322
21,330,2.10022279164
21,331,2.10008895855
21,332,2.10008895855
21,333,2.09993254232
21,334,2.0998894775075003
21,335,2.0998839838175
21,336,2.099139960515
21,337,2.0990274111375
21,338,2.0989990431549996
21,339,2.09805168711
21,340,2.0979796809425
21,341,2.0979794406875003
21,342,2.0970575433175
21,343,2.09703111659
21,344,2.0970130273225
21,345,2.09699014407
21,346,2.0969874557125
21,347,2.096355934115
21,348,2.09630211299
21,349,2.0962463863525
21,350,2.09593009352
21,351,2.095834803995
21,352,2.0957962813625
21,353,2.09570386074
21,354,2.09569904292
21,355,2.09565231152
21,356,2.0956502208775
21,357,2.0956227341024998
21,358,2.0955816752675
21,359,2.0955675290175
21,360,2.0955674912175
21,361,2.0950146576249997
21,362,2.09501407081
21,363,2.0950042889950002
21,364,2.094908887415
21,365,2.0907685382275
21,366,2.0907571410825
21,367,2.090723138435
21,368,2.0907189991550004
21,369,2.0905920452925
21,370,2.09053038653
21,371,2.08359037975
21,372,2.0835850729575
21,373,2.0834488317649997
21,374,2.0834479903625
21,375,2.08316545285
21,376,2.0826282422125
21,377,2.0746684720025
21,378,2.0746647769775
21,379,2.074623605815
21,380,2.071711232095
21,381,2.071663513255
21,382,2.057403120085
21,383,2.055490496725
21,384,2.055490496725
21,385,2.0554740963675
21,386,2.055428532275
21,387,2.0554248707075002
21,388,2.0554022615675
21,389,2.05238015203
21,390,2.0523801506675
21,391,2.0523786608999997
21,392,2.0523777783124997
21,393,2.0523611928875
21,394,2.050885423145
21,395,2.0476256788975
21,396,2.04761456702
21,397,2.0476145663825003
21,398,2.0476071878975
21,399,2.0475969955325
21,400,2.0475948473625
21,401,2.0456498939
21,402,2.0453835953399997
21,403,2.04538287751
21,404,2.0453735767775
21,405,2.045358359725
21,406,2.04535572027
21,407,2.042605692615
21,408,2.0425690887775003
21,409,2.04256839834
21,410,2.04242874115
21,411,2.0424197965
21,412,2.0424101689425003
21,413,2.0392470551375
21,414,2.03922687082
21,415,2.0392268704900003
21,416,2.0392265897375
21,417,2.039226589735
21,418,2.039226585805
21,419,2.0361689760425
21,420,2.036168882415
21,421,2.0361584755425
21,422,2.036157677635
21,423,2.036157677635
21,424,2.036157677635
21,425,2.03455340206
21,426,2.034552740065
21,427,2.0345336409275
21,428,2.0345336409175
21,429,2.0345335707375
21,430,2.034533320785
21,431,2.0341165779975
21,432,2.03409719717
21,433,2.0340958547375
21,434,2.0340868385275
21,435,2.034086146005
21,436,2.0340458671225
21,437,2.0339525563325003
21,438,2.033949632535
21,439,2.0339469729650004
21,440,2.0339453147225
21,441,2.0339453147225
21,442,2.0338026245425
21,443,2.0337972100075
21,444,2.03378981402
21,445,2.033784633825
21,446,2.033784450655
21,447,2.033782567795
21,448,2.03377983542
21,449,2.03377690103
21,450,2.0332475695675
21,451,2.03243358981
21,452,2.0323303512125
21,453,2.0323303512125
21,454,2.03232702844
21,455,2.02911261569
21,456,2.02911261569
21,457,2.02909149704
21,458,2.0290796866675
21,459,2.0290792772625
21,460,2.0290791003175004
21,461,2.0290736498
21,462,2.0290722351925004
21,463,2.0290201661325
21,464,2.0290141036925
21,465,2.0290087920874997
21,466,2.0290085371825
21,467,2.02899903713
21,468,2.0289989025075004
21,469,2.028978465245
21,470,2.0289665361175
21,471,2.02331799535
21,472,2.023317995185
21,473,2.0233036495425
21,474,2.0233002614099997
21,475,2.0232696421175
21,476,2.02326960169
21,477,2.0232659431825
21,478,2.02288494482
21,479,2.0228593727225
21,480,2.0228592935625
21,481,2.0228592812675
21,482,2.02009797832
21,483,2.02009793979
21,484,2.0200906243950003
21,485,2.0200467348549997
21,486,2.0200466469925002
21,487,2.020043566945
21,488,2.020043324135
21,489,2.020043318825
21,490,2.0200428591325
21,491,2.019554428445
21,492,2.019542276965
21,493,2.0195422769349998
21,494,2.019533905075
21,495,2.0195326950675
21,496,2.0195326943825003
21,497,2.019450273645
21,498,2.01945023868
21,499,2.0194502377425
21,500,2.01944960387
21,501,2.01944827827
21,502,2.0194482657175
21,503,2.0193885230174997
21,504,2.0193885230174997
21,505,2.019386339465
21,506,2.019386308925
21,507,2.0193758323925
21,508,2.01937390754
21,509,2.019333128195
21,510,2.019333079065
21,511,2.019333043355
21,512,2.019333043355
21,513,2.019333043355
21,514,2.0193329902175003
21,515,2.0193264500525
21,516,2.0193264500525
21,517,2.0193264358425003
21,518,2.0193264028674998
21,519,2.0193264028674998
21,520,2.0193255777475
21,521,2.0193250534125
21,522,2.0193249642125
21,523,2.0193249488825
21,524,2.019323338995
21,525,2.019322565645
21,526,2.019322565645
21,527,2.0193225594825
21,528,2.0193223324675
21,529,2.019321024135
21,530,2.0193210059999998
21,531,2.019319786295
21,532,2.0193063729175003
21,533,2.0193063704675
21,534,2.0193063704675
21,535,2.019304568765
21,536,2.0193045638875
21,537,2.01930454833
21,538,2.019301931705
21,539,2.0193019296349997
21,540,2.019301910785
21,541,2.0193018901675
21,542,2.0193018901675
21,543,2.01930188953
21,544,2.01930188953
21,545,2.0193018740225
21,546,2.0193006181824997
21,547,2.0193004824900003
21,548,2.0192989217874997
21,549,2.019258793155
21,550,2.0192587637475
21,551,2.0192587632325
21,552,2.0192587613075
21,553,2.0192587599725003
21,554,2.01925875961
21,555,2.019258173665
21,556,2.0192577253175
21,557,2.0192576959175
21,558,2.0192575221125
21,559,2.0192575059575
21,560,2.0192575059575
21,561,2.01925728525
21,562,2.0192572655875
21,563,2.0192541676625
21,564,2.0192541671725
21,565,2.0192540173575
21,566,2.0192539587025
21,567,2.0192539580225
21,568,2.0192539446925
21,569,2.019253932965
21,570,2.019253932965
21,571,2.0192539296125
21,572,2.0192539275800003
21,573,2.01925391566
21,574,2.019253915495
21,575,2.019253915495
21,576,2.019253915495
21,577,2.0192539119774997
21,578,2.0192538573625
21,579,2.0192538573625
21,580,2.0192538020125
21,581,2.019253799355
21,582,2.0192537988600003
21,583,2.019253762805
21,584,2.0192537624875
21,585,2.01925376219
21,586,2.0192537605600003
21,587,2.0192537605525
21,588,2.0192537603925
21,589,2.0192537470125
21,590,2.019253744495
21,591,2.01925373714
21,592,2.0192537349925
21,593,2.019253672265
21,594,2.019253672265
21,595,2.0192536654824997
21,596,2.0192536594425
21,597,2.0192536594425
21,598,2.019253658575
21,599,2.0192536569525
21,600,2.0192534148525
21,601,2.0192534146975
21,602,2.01925341417
21,603,2.0192534127725
21,604,2.0192533253075
21,605,2.0192533245125
21,606,2.0192533036699998
21,607,2.0192530952574996
21,608,2.0192530952574996
21,609,2.0192530951525
21,610,2.019253091445
21,611,2.0192530720725
21,612,2.0192530717575
21,613,2.0192529925825
21,614,2.0192529925825
21,615,2.0192529925825
21,616,2.0192529908075
21,617,2.0192529908075
21,618,2.0192529873950003
21,619,2.0192525879399996
21,620,2.0192525879399996
21,621,2.0192524536975
21,622,2.01925232829
21,623,2.0192523272500003
21,624,2.0192523272375
21,625,2.0192523270725
21,626,2.0192523268375
21,627,2.0192523268375
21,628,2.0192523233025
21,629,2.0192520049625
21,630,2.0192519621375
21,631,2.0192519620875
21,632,2.019251962045
21,633,2.019251932385
21,634,2.0192517112825
21,635,2.019251565115
21,636,2.0191472239375
21,637,2.01914722343
21,638,2.01914722343
21,639,2.0191472232575
21,640,2.0191472232575
21,641,2.01914719099
21,642,2.0191415273625
21,643,2.0191414072000002
21,644,2.0191414071975
21,645,2.0191414071975
21,646,2.01914137806
21,647,2.01914137806
21,648,2.0191408642475
21,649,2.019140830855
21,650,2.0191408308525
21,651,2.01914079412
21,652,2.01914068507
21,653,2.019140672895
21,654,2.01913884302
21,655,2.01913884302
21,656,2.01913884302
21,657,2.01913884302
21,658,2.0191388428425
21,659,2.0191387841775
21,660,2.0191368888300003
21,661,2.0191368877675
21,662,2.0191367982675
21,663,2.0191367946825
21,664,2.0191367557625
21,665,2.0191367549425
21,666,2.0191351127775
21,667,2.01913511229
21,668,2.019135100195
21,669,2.019133584035
21,670,2.0191335466575002
21,671,2.019133523615
21,672,2.0191333335525
21,673,2.0191294696525
21,674,2.0191294696325
21,675,2.0191294692675
21,676,2.0191294690125
21,677,2.01912946874
21,678,2.0191290256125
21,679,2.0191285169425
21,680,2.01912837484
21,681,2.019128348045
21,682,2.0191283478199997
21,683,2.0191283478199997
21,684,2.0191282363075
21,685,2.01912821815
21,686,2.019128216765
21,687,2.019128216765
21,688,2.01912821668
21,689,2.01912821668
21,690,2.0191281732175
21,691,2.0191281722100003
21,692,2.01912816464
21,693,2.019128164245
21,694,2.0191281343675
21,695,2.019128131845
21,696,2.0191281268375
21,697,2.019128126805
21,698,2.019128126375
21,699,2.01912812064
21,700,2.01912810663
21,701,2.01912810522
21,702,2.01912810522
21,703,2.01912810522
21,704,2.0191274851100003
21,705,2.019127468575
21,706,2.0191274682075
21,707,2.019127468205
21,708,2.0191274681925
21,709,2.0191274619475
21,710,2.01912746149
21,711,2.01912746149
21,712,2.019127461475
21,713,2.019127461445
21,714,2.019104268675
21,715,2.01910055397
21,716,2.01910055397
21,717,2.01910055396
21,718,2.019100553855
21,719,2.0191005538525
21,720,2.0191005510825
21,721,2.0191003361625
21,722,2.0191003358425
21,723,2.019100335825
21,724,2.0191003354949997
21,725,2.0191003354349997
21,726,2.0191003354175
21,727,2.0191003325275
21,728,2.0191003325275
21,729,2.0191003325225
21,730,2.0191003314975
21,731,2.0191003311025
21,732,2.0191003310725
21,733,2.01910033067
21,734,2.01910033067
21,735,2.01910033067
21,736,2.01910033067
21,737,2.01910033055
21,738,2.019100326085
21,739,2.01910032606
21,740,2.0191003260350002
21,741,2.019100326025
21,742,2.0191003242825003
21,743,2.0191003242825003
21,744,2.0191003242825003
21,745,2.01910032197
21,746,2.019100321965
21,747,2.01910032179
21,748,2.0191003217875
21,749,2.019100321785
21,750,2.019093303155
21,751,2.01909330283
21,752,2.0190933028124998
21,753,2.0190933024025
21,754,2.0190933023875
21,755,2.0190933023875
21,756,2.01909330238
21,757,2.01909330238
21,758,2.01909330238
21,759,2.0190933023774997
21,760,2.0190933023774997
21,761,2.019093302185
21,762,2.01909330217
21,763,2.019093302165
21,764,2.0190918958375
21,765,2.019081901875
21,766,2.019081901755
21,767,2.019081901715
21,768,2.01908190171
21,769,2.019081901695
21,770,2.019081901695
21,771,2.0190819013974997
21,772,2.01908190136
21,773,2.019081901305
21,774,2.0190819013025
21,775,2.0190819013025
21,776,2.0190819013025
21,777,2.0190819012150003
21,778,2.0190819012125
21,779,2.0190819010825
21,780,2.0190819010825
21,781,2.01908190108
21,782,2.01908190055
21,783,2.0190818985125
21,784,2.0190818985125
21,785,2.0190818985125
21,786,2.0190818985125
21,787,2.0190818985125
21,788,2.0190818985125
21,789,2.019081897325
21,790,2.019081897075
21,791,2.019081897075
21,792,2.01908189698
21,793,2.0190818966975
21,794,2.0190818966925
21,795,2.019081894855
21,796,2.01908189485
21,797,2.01908189485
21,798,2.01908189485
21,799,2.0190818945475
21,800,2.0190818945475
21,801,2.01908189452
21,802,2.01908189452
21,803,2.01908189452
21,804,2.01908189452
21,805,2.0190818941125
21,806,2.0190818941125
21,807,2.019081893765
21,808,2.01908189313
21,809,2.0190818930975
21,810,2.0190818930749996
21,811,2.01908189261
21,812,2.019081892545
21,813,2.019081892545
21,814,2.019081892545
21,815,2.0190818925425
21,816,2.0190818925425
21,817,2.0190818925425
21,818,2.01908189252
21,819,2.0190818925175
21,820,2.0190818925175
21,821,2.019081892515
21,822,2.0190818925125003
21,823,2.0190818925125003
21,824,2.0190818920575
21,825,2.019081892015
21,826,2.019081892015
21,827,2.019081892015
21,828,2.0190818920125
21,829,2.0190818920125
21,830,2.0190816504674998
21,831,2.0190816504674998
21,832,2.0190816504524998
21,833,2.0190816504524998
21,834,2.0190816504524998
21,835,2.0190816504524998
21,836,2.0190816504524998
21,837,2.0190816504524998
21,838,2.0190816504524998
21,839,2.0190816504524998
21,840,2.0190816504375
21,841,2.019081650435
21,842,2.0190816504324998
21,843,2.01908165043
21,844,2.0190816504074998
21,845,2.0190816504074998
21,846,2.019081650405
21,847,2.019081650405
21,848,2.019081650405
21,849,2.0190816503674998
21,850,2.01908165036
21,851,2.01908165036
21,852,2.01908165036
21,853,2.0190816503524998
21,854,2.0190816503524998
21,855,2.0190816503474998
21,856,2.0190816503474998
21,857,2.0190816503474998
21,858,2.0190816503225
21,859,2.0190814895774998
21,860,2.0190814895774998
21,861,2.0190814895574998
21,862,2.0190814895325
21,863,2.0190814895325
21,864,2.0190814895325
21,865,2.0190814895325
21,866,2.0190814895325
21,867,2.0190814894475
21,868,2.0190803685025
21,869,2.0190803674074997
21,870,2.0190803674074997
21,871,2.0190803674074997
21,872,2.0190803674074997
21,873,2.01908036733
21,874,2.01908036733
21,875,2.01908036733
21,876,2.01908036733
21,877,2.01908036733
21,878,2.01908036733
21,879,2.019080367305
21,880,2.019080367305
21,881,2.0190803672674997
21,882,2.0190803672674997
21,883,2.0190803672674997
21,884,2.0190803672674997
21,885,2.01907559289
21,886,2.01907559289
21,887,2.01907559289
21,888,2.01907559289
21,889,2.0190755928849997
21,890,2.0190755927725
21,891,2.01907559275
21,892,2.01907559275
21,893,2.0190755927475
21,894,2.0190755927475
21,895,2.0190755927475
21,896,2.0190755927475
21,897,2.0190755927375
21,898,2.0190755927375
21,899,2.0190755927375
21,900,2.0190755927375
21,901,2.0190755927375
21,902,2.0190755927375
21,903,2.0190755927225
21,904,2.0190755927225
21,905,2.0190755927225
21,906,2.0190755927175
21,907,2.01907559271
21,908,2.01907559271
21,909,2.0190755642725002
21,910,2.0190755642725002
21,911,2.0190755642725002
21,912,2.0190755642725002
21,913,2.01907478836
21,914,2.01907478836
21,915,2.01907478834
21,916,2.01907478834
21,917,2.01907478834
21,918,2.01907478834
21,919,2.01907478834
21,920,2.0190747883375
21,921,2.0190747883325
21,922,2.0190747883325
21,923,2.01907449585
21,924,2.01907449585
21,925,2.0190741021875
21,926,2.0190741021875
21,927,2.0190741021875
21,928,2.0190741021875
21,929,2.0190739691074997
21,930,2.0190739691074997
21,931,2.0190739691074997
21,932,2.0190739691074997
21,933,2.0190739691074997
21,934,2.0190739691074997
21,935,2.0190739691074997
21,936,2.0190739691074997
21,937,2.0190739691074997
21,938,2.0190739691074997
21,939,2.0190739691074997
21,940,2.0190739691074997
21,941,2.0190739691074997
21,942,2.019073969105
21,943,2.019073969105
21,944,2.019073969105
21,945,2.019073969105
21,946,2.019073969105
21,947,2.019073969105
21,948,2.019073969105
21,949,2.019073969105
21,950,2.019073969105
21,951,2.019073969105
21,952,2.019073969105
21,953,2.019073969105
21,954,2.0190738809975
21,955,2.0190738809949997
21,956,2.0190738809949997
21,957,2.0190738809949997
21,958,2.0190738809949997
21,959,2.0190738809949997
21,960,2.0190738809949997
21,961,2.0190738809949997
21,962,2.0190738809949997
21,963,2.0190738809949997
21,964,2.0190738809949997
21,965,2.0190738809949997
21,966,2.0190738809949997
21,967,2.0190738809949997
21,968,2.0190738809949997
21,969,2.0190738809949997
21,970,2.0190738809949997
21,971,2.0190738809949997
21,972,2.0190738809949997
21,973,2.0190738809925
21,974,2.0190738809925
21,975,2.0190738809925
21,976,2.0190738809925
21,977,2.0190738809925
21,978,2.0190738809925
21,979,2.0190738809925
21,980,2.0190738809949997
21,981,2.0190738809949997
21,982,2.0190738809949997
21,983,2.0190738809949997
21,984,2.0190738809949997
21,985,2.0190738809949997
21,986,2.0190738809949997
21,987,2.0190738809949997
21,988,2.0190738809949997
21,989,2.0190738809949997
21,990,2.0190738809949997
21,991,2.0190738809949997
21,992,2.0190738809949997
21,993,2.0190738809949997
21,994,2.019073843885
21,995,2.019073843885
21,996,2.019073843885
21,997,2.019073843885
21,998,2.019073843885
21,999,2.019073843885
21,1000,2.019073843885
22,1,68.591521025715
22,2,59.067395147255
22,3,55.194556352997495
22,4,49.259505766565
22,5,46.5708714991125
22,6,44.89009205539
22,7,44.5632687141475
22,8,42.749256548172504
22,9,40.5044479891625
22,10,38.166970580185
22,11,37.5724866335825
22,12,36.1173008451075
22,13,35.236465894735
22,14,33.97572703962
22,15,32.8228447075525
22,16,30.536503599702502
22,17,28.4706502495
22,18,27.837873001462498
22,19,27.2918678400675
22,20,25.7743701551875
22,21,25.4660903567025
22,22,24.448699432239998
22,23,24.357521982374998
22,24,24.3312573533175
22,25,23.6273155849375
22,26,23.2281208050175
22,27,22.404706596585
22,28,22.404706596585
22,29,22.01328795821
22,30,21.487470340865
22,31,20.604122136415
22,32,20.604122136415
22,33,20.2688886711125
22,34,19.928545444450002
22,35,19.252519681979997
22,36,18.97624235795
22,37,17.81130348621
22,38,17.2762503893075
22,39,17.107631901734997
22,40,16.4566427370875
22,41,16.2781209485
22,42,16.038266075275
22,43,15.968952906437499
22,44,15.968952906437499
22,45,15.888068855592499
22,46,15.847333243222499
22,47,15.624342475155
22,48,15.570880719805
22,49,15.316927012585001
22,50,14.988623020115
22,51,14.589195312600001
22,52,14.550626664577498
22,53,14.38360546216
22,54,13.952159578864999
22,55,13.571979910100001
22,56,13.2883160751775
22,57,13.0896210804725
22,58,13.00357684514
22,59,12.524369516985
22,60,12.0541547253375
22,61,12.049378105385
22,62,11.6495666261525
22,63,11.415713335125
22,64,11.415713335125
22,65,11.3524109833225
22,66,10.6148504365125
22,67,10.160445595655
22,68,9.6611944810825
22,69,9.469550886579999
22,70,9.2864533310425
22,71,9.2864533310425
22,72,9.16797813822
22,73,9.152559044345
22,74,9.042098736564999
22,75,8.4904654165925
22,76,8.4904654165925
22,77,8.4904654165925
22,78,8.310159497034999
22,79,8.284633612595
22,80,8.17772423053
22,81,8.11278998595
22,82,8.103206618025
22,83,7.9352620896
22,84,7.9197347185
22,85,7.8831302374800005
22,86,7.8640329215875
22,87,7.707083283897499
22,88,7.676903959175
22,89,7.672413665639999
22,90,7.60242523149
22,91,7.56373313834
22,92,7.4845498617274995
22,93,7.423876593219999
22,94,7.307942174035
22,95,7.230527536495001
22,96,7.009519659065001
22,97,6.9187121604124995
22,98,6.895809183712499
22,99,6.895809183712499
22,100,6.8869834078
22,101,6.650319796902499
22,102,6.550804568777499
22,103,6.550804568777499
22,104,6.550804568777499
22,105,6.505897410887501
22,106,6.42345393242
22,107,6.398311609475
22,108,6.3395904370675
22,109,6.26152839301
22,110,6.253800985170001
22,111,6.114620280065
22,112,6.0846113633225
22,113,6.084611363245
22,114,6.002096059432501
22,115,6.002096059315
22,116,6.002096058845
22,117,5.86970625816
22,118,5.866355483565
22,119,5.84468395814
22,120,5.815288734875
22,121,5.7564033962475
22,122,5.7564033962475
22,123,5.727473157355
22,124,5.664590895735
22,125,5.62372444123
22,126,5.6237244411375
22,127,5.6220634934675
22,128,5.60285722988
22,129,5.5666794874875
22,130,5.51371199385
22,131,5.5137119906775
22,132,5.47963221337
22,133,5.4433236175849995
22,134,5.4433236175849995
22,135,5.4021688423475
22,136,5.4007164896025
22,137,5.3709044162
22,138,5.35573110408
22,139,5.3313407648824995
22,140,5.302761468735
22,141,5.1782621348
22,142,5.0668571344475
22,143,5.0668571307575
22,144,5.0444573078375
22,145,5.0277550283875
22,146,4.9907897945075
22,147,4.946445084135
22,148,4.9342150106650005
22,149,4.9333699303925
22,150,4.930962326525
22,151,4.930962326525
22,152,4.9292149803075
22,153,4.8950459044225
22,154,4.8862346177775
22,155,4.886234617205
22,156,4.873578927875
22,157,4.8603145157625
22,158,4.8603145157625
22,159,4.848858647425
22,160,4.8462938586425
22,161,4.8384397338375
22,162,4.83150573308
22,163,4.82573784582
22,164,4.82322045957
22,165,4.792567998645
22,166,4.79256799862
22,167,4.7910710679625
22,168,4.7581181376675
22,169,4.7556092891
22,170,4.74538946668
22,171,4.6801707091075
22,172,4.6753280133574995
22,173,4.6750619887775
22,174,4.670910138355
22,175,4.670910138355
22,176,4.6555333535225
22,177,4.6492431269225
22,178,4.6454095405475
22,179,4.6300723924125
22,180,4.619094029895001
22,181,4.61877638334
22,182,4.588431247375
22,183,4.5824747406475
22,184,4.5819559805525
22,185,4.5501852806925
22,186,4.545521959565
22,187,4.545021497697499
22,188,4.51518411069
22,189,4.4911718302275
22,190,4.487587878525
22,191,4.4838058862875005
22,192,4.468301733145
22,193,4.4609144400975
22,194,4.4575964638775
22,195,4.4490989450375
22,196,4.4426404284975
22,197,4.4409876489725
22,198,4.409660923415
22,199,4.409323862485
22,200,4.40357745891
22,201,4.3974605758525005
22,202,4.390129681565
22,203,4.38915299528
22,204,4.388742468255
22,205,4.388112196
22,206,4.386488320515
22,207,4.386011051984999
22,208,4.38443700035
22,209,4.3813726784725
22,210,4.3809656369875
22,211,4.37964958546
22,212,4.3748990389775
22,213,4.3718282769725
22,214,4.3718282769725
22,215,4.3718282769700005
22,216,4.3164257038775
22,217,4.2903040284475
22,218,4.2650307132
22,219,4.22486889457
22,220,4.2236153004525
22,221,4.2234426529825
22,222,4.2223873458975
22,223,4.2158381484475
22,224,4.214561313500001
22,225,4.2126707624925
22,226,4.21251815969
22,227,4.2124578183725
22,228,4.21124037497
22,229,4.2106532836425
22,230,4.2099312353925
22,231,4.2093846484099995
22,232,4.2093846484099995
22,233,4.2002682815200005
22,234,4.19845449252
22,235,4.197521535077501
22,236,4.19281845775
22,237,4.1927587836199995
22,238,4.1927587836199995
22,239,4.188490042494999
22,240,4.1884856787375
22,241,4.188232190295
22,242,4.1874668249175
22,243,4.1867850866200005
22,244,4.18621263916
22,245,4.185574566470001
22,246,4.168797591015
22,247,4.1496470517725
22,248,4.1496448896725
22,249,4.14947177913
22,250,4.135385155915
22,251,4.1326107175399995
22,252,4.131401216545
22,253,4.1262626274275
22,254,4.126242152225
22,255,4.1260697360425
22,256,4.1260697360425
22,257,4.125949741405
22,258,4.120106696172501
22,259,4.1192763451275
22,260,4.1169435693775
22,261,4.11684533698
22,262,4.116834703915
22,263,4.11681608643
22,264,4.095744288105
22,265,4.0812573890075
22,266,4.0808448029975
22,267,4.0808011819550005
22,268,4.0807159658475
22,269,4.075097552085
22,270,4.07488780576
22,271,4.0748878057475
22,272,4.074872284842501
22,273,4.07258457121
22,274,4.0724586702700005
22,275,4.072179888745
22,276,4.071717521865
22,277,4.052661945935
22,278,4.0525972183725
22,279,4.050527449905
22,280,4.047703209850001
22,281,4.047702584355
22,282,4.0476906839625
22,283,4.0476513193025
22,284,4.04740247055
22,285,4.0131672364275
22,286,4.0116733052299995
22,287,4.0111991124749995
22,288,4.0111991124749995
22,289,4.00048433209
22,290,4.00015355409
22,291,3.99104232165
22,292,3.99104232165
22,293,3.987627376765
22,294,3.9870407391800002
22,295,3.986721769895
22,296,3.98671249517
22,297,3.98481285369
22,298,3.9768525645175004
22,299,3.9768413726575
22,300,3.9760270776375
22,301,3.9760071848225005
22,302,3.97595251691
22,303,3.9737176338225
22,304,3.9446547069574995
22,305,3.9419771925625
22,306,3.94197427625
22,307,3.9419735927474995
22,308,3.9411489186099997
22,309,3.9384602575525003
22,310,3.9384602575525003
22,311,3.9384429561325
22,312,3.9384429561174996
22,313,3.9384197780775
22,314,3.9383784952725
22,315,3.9383782694725
22,316,3.937963073885
22,317,3.9378974926250003
22,318,3.9339471662925
22,319,3.933893611445
22,320,3.9338840520875005
22,321,3.93385789501
22,322,3.9334554076175
22,323,3.933270632045
22,324,3.9287959617299997
22,325,3.9263276241850003
22,326,3.9260563578800003
22,327,3.9246345533025
22,328,3.9246345533025
22,329,3.9242448914925
22,330,3.924207313925
22,331,3.924190694685
22,332,3.92418246255
22,333,3.9199251701549995
22,334,3.90872197776
22,335,3.9086855231724997
22,336,3.9086546901925
22,337,3.9081952641699997
22,338,3.90817958414
22,339,3.9081721597250003
22,340,3.9081643638475
22,341,3.9079564692699997
22,342,3.9070273080325
22,343,3.90702730803
22,344,3.9054181545200004
22,345,3.9001225658175
22,346,3.9000634359125
22,347,3.8999632858475004
22,348,3.89609978047
22,349,3.8960941479924998
22,350,3.8912527651224997
22,351,3.89125265464
22,352,3.891251915745
22,353,3.8912503647400003
22,354,3.8910765159599996
22,355,3.89083902788
22,356,3.8908381979699995
22,357,3.8908271816
22,358,3.8908257697775
22,359,3.89077905667
22,360,3.8907337038975003
22,361,3.8907313906275
22,362,3.890731050955
22,363,3.8907110467825
22,364,3.8907105839250002
22,365,3.8906029044299997
22,366,3.890590187745
22,367,3.8905894898150004
22,368,3.8905893955125004
22,369,3.89056048543
22,370,3.89056048543
22,371,3.8905369426450003
22,372,3.8905363510925
22,373,3.8831335490275003
22,374,3.8831271479050002
22,375,3.8831271479050002
22,376,3.8831271479050002
22,377,3.8830852453725
22,378,3.8830808797225
22,379,3.8830805611750003
22,380,3.88307372184
22,381,3.8827915344975006
22,382,3.8827895545274997
22,383,3.8827789811324998
22,384,3.8827784396775002
22,385,3.8827304295375002
22,386,3.8827260860800004
22,387,3.8827057497250004
22,388,3.8827057497250004
22,389,3.88270423422
22,390,3.8827024844775004
22,391,3.88270207634
22,392,3.88250098452
22,393,3.8795204170275
22,394,3.879320750815
22,395,3.87911156778
22,396,3.87911156778
22,397,3.8791113207450003
22,398,3.8791010032949997
22,399,3.8791001284075
22,400,3.8785960260075
22,401,3.8785935245174996
22,402,3.878590210205
22,403,3.878580747745
22,404,3.8770322215900004
22,405,3.8770297846174997
22,406,3.8770294119299997
22,407,3.8770102680550003
22,408,3.8770081744525
22,409,3.8769950028949998
22,410,3.8769929998325003
22,411,3.8769924818250003
22,412,3.8759765053125
22,413,3.8758516244825003
22,414,3.875851289875
22,415,3.8758511126675
22,416,3.875848849575
22,417,3.8758488250900003
22,418,3.87584635268
22,419,3.8758455555899998
22,420,3.8758436004049996
22,421,3.87582953704
22,422,3.875829452855
22,423,3.87582668973
22,424,3.8758207243625002
22,425,3.8758196026649996
22,426,3.87581865275
22,427,3.8758185416975004
22,428,3.8758038871075002
22,429,3.8758022759275
22,430,3.87576328132
22,431,3.87576235424
22,432,3.87576235254
22,433,3.8757617371625
22,434,3.8757607764474997
22,435,3.8757607473325004
22,436,3.8757603445324995
22,437,3.8757566733899997
22,438,3.8757550419025
22,439,3.8757547418325005
22,440,3.875734674855
22,441,3.8757062032625003
22,442,3.8757058561825
22,443,3.8757057293324997
22,444,3.875705626555
22,445,3.8756886606774996
22,446,3.87568638555
22,447,3.8756859857075
22,448,3.8756859857075
22,449,3.8756859268725004
22,450,3.8756855176925002
22,451,3.8756854810925
22,452,3.8756854810925
22,453,3.8756850876824998
22,454,3.8756850861975005
22,455,3.8756730307600002
22,456,3.8756729401975
22,457,3.87567091666
22,458,3.8756684441325
22,459,3.875668176915
22,460,3.875668176915
22,461,3.8756663843775003
22,462,3.8756661782824997
22,463,3.8636555997899995
22,464,3.86365446657
22,465,3.8636529450175
22,466,3.863535709795
22,467,3.86353570913
22,468,3.8635326806949997
22,469,3.84523202565
22,470,3.8452319253575
22,471,3.8452307018150003
22,472,3.8452307018150003
22,473,3.8452284655275
22,474,3.8452266830325
22,475,3.8346058720450005
22,476,3.834605507415
22,477,3.8346055060674997
22,478,3.834605486795
22,479,3.83448857661
22,480,3.83448857661
22,481,3.8304949486825004
22,482,3.8304670866075
22,483,3.8304664182300003
22,484,3.8304658200125
22,485,3.8304657562199997
22,486,3.830465673965
22,487,3.82422612698
22,488,3.8241620079649996
22,489,3.8241619809525
22,490,3.8241618613100004
22,491,3.8241318442375003
22,492,3.8241318442375003
22,493,3.8170080445575003
22,494,3.817008043795
22,495,3.8170080435000004
22,496,3.8170079374925003
22,497,3.817007935145
22,498,3.8170065578625
22,499,3.8092312567124997
22,500,3.809231240005
22,501,3.80921822074
22,502,3.8092182139275
22,503,3.8092182139275
22,504,3.80921772251
22,505,3.7953065315499996
22,506,3.7953065014375
22,507,3.7953065014375
22,508,3.7952950628525004
22,509,3.7952950080150005
22,510,3.795295005235
22,511,3.7701614386925
22,512,3.7701614386925
22,513,3.7701179270224996
22,514,3.7701178609125003
22,515,3.7701173818
22,516,3.7701173139825004
22,517,3.7256022795074997
22,518,3.7256022762249996
22,519,3.7256022762249996
22,520,3.725561329495
22,521,3.7255613119875
22,522,3.72556122982
22,523,3.6564903972025
22,524,3.65649013357
22,525,3.65649013355
22,526,3.6564803382425
22,527,3.6564802544449995
22,528,3.6564801888225
22,529,3.6003103822200004
22,530,3.6003103822200004
22,531,3.600221783995
22,532,3.60022123134
22,533,3.6002212093300003
22,534,3.6002211805475
22,535,3.5788891737524997
22,536,3.578889097075
22,537,3.57888769507
22,538,3.578887694075
22,539,3.5788876907674996
22,540,3.578887617865
22,541,3.5690937185025
22,542,3.5690937137525
22,543,3.5690935654050002
22,544,3.5690935634175
22,545,3.56909356272
22,546,3.569093533215
22,547,3.5686268907
22,548,3.5686268500025
22,549,3.5686268499575
22,550,3.5686266320899995
22,551,3.5686265278950002
22,552,3.5686257061175
22,553,3.568288949105
22,554,3.5682887931375
22,555,3.5682887924874995
22,556,3.5682887924874995
22,557,3.5682887921149997
22,558,3.56828874754
22,559,3.567715362565
22,560,3.5677061900675
22,561,3.567689229815
22,562,3.5676892287125
22,563,3.5676825950925
22,564,3.5676825628674997
22,565,3.5666845136
22,566,3.5666845132150002
22,567,3.5666842854450005
22,568,3.5666842839975006
22,569,3.5666720048325
22,570,3.566672003915
22,571,3.5651265280475
22,572,3.5651116350625003
22,573,3.5651114192024997
22,574,3.5651113501275
22,575,3.5651113501275
22,576,3.56511134077
22,577,3.56394691598
22,578,3.5639468647125
22,579,3.5639468646175
22,580,3.5639468646175
22,581,3.5639468491025
22,582,3.5639468490975
22,583,3.563643789385
22,584,3.5636437892825
22,585,3.5636416224925
22,586,3.5636416085050002
22,587,3.5636414976974997
22,588,3.5636414910124996
22,589,3.5635480611775003
22,590,3.5635480611775003
22,591,3.5635480545875
22,592,3.5635480545550005
22,593,3.5635480389775
22,594,3.5635480382324998
22,595,3.5635432767425
22,596,3.5635245938975
22,597,3.5635223210799998
22,598,3.5635223203575004
22,599,3.5635223202799997
22,600,3.5635223202725
22,601,3.5635208305550004
22,602,3.56352082918
22,603,3.56350759448
22,604,3.5634643223799998
22,605,3.5634643173675
22,606,3.563464316905
22,607,3.5634616226225
22,608,3.5634616226225
22,609,3.5634616197650004
22,610,3.5634616197524998
22,611,3.5634615976200004
22,612,3.5634615889425
22,613,3.5634565901050004
22,614,3.5634565876624995
22,615,3.56345658764
22,616,3.5634565869349997
22,617,3.563456581745
22,618,3.5634560479125
22,619,3.5634467409975
22,620,3.5634467409975
22,621,3.5634467409825
22,622,3.5634463112574997
22,623,3.5634463109225
22,624,3.5634463108650003
22,625,3.5634180146375
22,626,3.5634180146375
22,627,3.5634180146375
22,628,3.56341801263
22,629,3.5634178575699997
22,630,3.5634160739625003
22,631,3.5633853141425
22,632,3.563384758135
22,633,3.5633847575525004
22,634,3.5633847565675
22,635,3.5633847565675
22,636,3.5633847372524996
22,637,3.5633325325500005
22,638,3.563305634285
22,639,3.5633056342650002
22,640,3.5633056337625
22,641,3.5633056335625
22,642,3.56330557247
22,643,3.5632258651600006
22,644,3.5632258649999997
22,645,3.56322586499
22,646,3.56322586499
22,647,3.5632252224875005
22,648,3.5632252207725004
22,649,3.5631400096225
22,650,3.5631400094425
22,651,3.5631400092299996
22,652,3.5631400060325
22,653,3.563139998405
22,654,3.5631399937675
22,655,3.5630581455075
22,656,3.5630581455075
22,657,3.5630581452450003
22,658,3.5630496730925003
22,659,3.5630495154374997
22,660,3.5630495110075002
22,661,3.56299017667
22,662,3.5629901766025
22,663,3.5629901766000005
22,664,3.562990176145
22,665,3.56297657228
22,666,3.56297657169
22,667,3.5629639727624998
22,668,3.5629639725624997
22,669,3.5629639721175
22,670,3.5629639721175
22,671,3.5629639716725
22,672,3.5629639716024997
22,673,3.5629545322275
22,674,3.5629545315125
22,675,3.5629545308875
22,676,3.562954530735
22,677,3.5629545305824997
22,678,3.5629545305575
22,679,3.5629545121875
22,680,3.562954398045
22,681,3.562954354715
22,682,3.5629542920775004
22,683,3.5629542920475004
22,684,3.56295429193
22,685,3.5629542918225
22,686,3.56295429174
22,687,3.5629542458575
22,688,3.5629542417475
22,689,3.56291931263
22,690,3.56291931261
22,691,3.5629169019850004
22,692,3.562916901725
22,693,3.5629169017075
22,694,3.5629169017075
22,695,3.5629169017075
22,696,3.5629169017075
22,697,3.5629140939425
22,698,3.5628882278725
22,699,3.5628882278325
22,700,3.5628848868725003
22,701,3.5628848868725003
22,702,3.5628848865425
22,703,3.5628848612325
22,704,3.5628848611725
22,705,3.5628848560199997
22,706,3.4982604628725
22,707,3.4982604628725
22,708,3.4982587575399995
22,709,3.4982587575350004
22,710,3.4982587575350004
22,711,3.498258757515
22,712,3.498258757515
22,713,3.4982587574074997
22,714,3.4982587573775
22,715,3.49825799679
22,716,3.4982579967875
22,717,3.4982579967725003
22,718,3.4982579967725003
22,719,3.4982579967725003
22,720,3.4982579967725003
22,721,3.498255724645
22,722,3.4982557245724997
22,723,3.4982557245475
22,724,3.4982557245475
22,725,3.4982557245475
22,726,3.4982557243750003
22,727,3.49825572431
22,728,3.49825572431
22,729,3.498255724235
22,730,3.4982557038849995
22,731,3.4982557037974997
22,732,3.4788773693975004
22,733,3.4788773693325
22,734,3.4788773693325
22,735,3.4788773691725
22,736,3.4788773691725
22,737,3.4788773691725
22,738,3.4788617756100004
22,739,3.4788617755974998
22,740,3.4788617755974998
22,741,3.478860411775
22,742,3.47885959024
22,743,3.4788595902125
22,744,3.4788455447274997
22,745,3.4788109481175
22,746,3.4788109481175
22,747,3.4788109480475002
22,748,3.4788109480475002
22,749,3.4788109480400005
22,750,3.4788109480375
22,751,3.4788109480275
22,752,3.4788109480275
22,753,3.478810947945
22,754,3.4787949425549995
22,755,3.4787949425549995
22,756,3.4787949425549995
22,757,3.47879494253
22,758,3.47879494253
22,759,3.4787949417175
22,760,3.4787943021925
22,761,3.47879430046
22,762,3.4787943000775003
22,763,3.478787580715
22,764,3.478787580715
22,765,3.4787875805375004
22,766,3.4787875805375004
22,767,3.4787875805175
22,768,3.4787875796875
22,769,3.4787875796674994
22,770,3.47878757964
22,771,3.4787875791749996
22,772,3.4787875791749996
22,773,3.4787875791625
22,774,3.4787875791625
22,775,3.4787875791625
22,776,3.4787875791625
22,777,3.478787579125
22,778,3.478761509895
22,779,3.4787615098925
22,780,3.478761491195
22,781,3.465968572435
22,782,3.4659685702624996
22,783,3.4659685702325
22,784,3.4659685702325
22,785,3.4659685702325
22,786,3.4659685702325
22,787,3.4659685584875
22,788,3.4659685584875
22,789,3.44357911451
22,790,3.4425519175124997
22,791,3.41661339857
22,792,3.4115268493024997
22,793,3.4115268418425004
22,794,3.4082012453025
22,795,3.4082012453025
22,796,3.4082012453025
22,797,3.4082012452925
22,798,3.4068846443
22,799,3.4068846443
22,800,3.4068846443
22,801,3.4068846443
22,802,3.4068846442900003
22,803,3.4068846437225
22,804,3.4068846434575
22,805,3.4068846434549998
22,806,3.4068833364474997
22,807,3.40688333644
22,808,3.4068833363849995
22,809,3.4068830356824997
22,810,3.4068830356775
22,811,3.4068830356775
22,812,3.40688303556
22,813,3.40688303556
22,814,3.40688303556
22,815,3.406883035555
22,816,3.406883035555
22,817,3.406883035555
22,818,3.4068765790124997
22,819,3.4068721022
22,820,3.4068721022
22,821,3.4068721022
22,822,3.4068721022
22,823,3.4068720637075005
22,824,3.4068720637075005
22,825,3.4068720636925
22,826,3.4064017257350003
22,827,3.4064017046350004
22,828,3.4064017046324997
22,829,3.4064017046324997
22,830,3.4064017046324997
22,831,3.406401703245
22,832,3.4064017030825
22,833,3.3997377065750003
22,834,3.3997360609575
22,835,3.3997360609575
22,836,3.3997360609575
22,837,3.3970551403275
22,838,3.3970013572125
22,839,3.39700135721
22,840,3.39700135721
22,841,3.3970013567849997
22,842,3.3970013411899997
22,843,3.3970013411149997
22,844,3.3970013411149997
22,845,3.3970013411149997
22,846,3.3970013411149997
22,847,3.3970013411149997
22,848,3.3970013411149997
22,849,3.397001334715
22,850,3.397001334715
22,851,3.397001334715
22,852,3.397001334715
22,853,3.397001334715
22,854,3.3970013193125
22,855,3.3970013193125
22,856,3.3970013193125
22,857,3.3970013193125
22,858,3.39699702292
22,859,3.396997022915
22,860,3.396997020985
22,861,3.396997020985
22,862,3.396997020985
22,863,3.396605298315
22,864,3.3965994194399998
22,865,3.3965994194399998
22,866,3.3965994194399998
22,867,3.3965994194399998
22,868,3.3965994194399998
22,869,3.3965994194399998
22,870,3.3965958462300003
22,871,3.3965958462300003
22,872,3.3953139926325
22,873,3.3953139926299998
22,874,3.395313490455
22,875,3.395313490455
22,876,3.39531288166
22,877,3.39531288166
22,878,3.39531288166
22,879,3.3953128784199995
22,880,3.3953128739625003
22,881,3.3953128739625003
22,882,3.3953128739625003
22,883,3.3953128739375
22,884,3.395312873935
22,885,3.395312873935
22,886,3.395312873935
22,887,3.395312873935
22,888,3.395312873935
22,889,3.395312873935
22,890,3.395312873935
22,891,3.395312873935
22,892,3.395312873935
22,893,3.395312873935
22,894,3.395312873935
22,895,3.395312873935
22,896,3.3953128739325003
22,897,3.3953128739325003
22,898,3.3953128739275003
22,899,3.3953128739275003
22,900,3.3953128739075
22,901,3.3953128739075
22,902,3.395312873905
22,903,3.395312873905
22,904,3.3953121825099997
22,905,3.3950605115225003
22,906,3.3950605115225003
22,907,3.3950605115225003
22,908,3.3950605115225003
22,909,3.3950605115225003
22,910,3.3950598757525
22,911,3.3950598757525
22,912,3.3950598757525
22,913,3.3950598757525
22,914,3.3950598757525
22,915,3.39505938983
22,916,3.3950593861675005
22,917,3.3950593861675005
22,918,3.3950593861675005
22,919,3.3950593861675005
22,920,3.3950593861675005
22,921,3.3950593861675005
22,922,3.3950593861675005
22,923,3.395058767665
22,924,3.3950587676375
22,925,3.3950587676375
22,926,3.3950587676375
22,927,3.3950587676375
22,928,3.3950587676375
22,929,3.3950587676375
22,930,3.3950575694825
22,931,3.39505756948
22,932,3.39505756948
22,933,3.3950575694725
22,934,3.3950575694725
22,935,3.3950575680524997
22,936,3.3950575680524997
22,937,3.3950575680524997
22,938,3.3950575680524997
22,939,3.395057566405
22,940,3.395057566405
22,941,3.395057566405
22,942,3.395057566405
22,943,3.395057566405
22,944,3.395057566405
22,945,3.39505756369
22,946,3.39505756369
22,947,3.39505756369
22,948,3.39505756369
22,949,3.39505756369
22,950,3.39505756369
22,951,3.39505756369
22,952,3.39505756369
22,953,3.390437011585
22,954,3.390437011585
22,955,3.390437011585
22,956,3.390437011585
22,957,3.390437011585
22,958,3.390437011585
22,959,3.390437010825
22,960,3.390437010825
22,961,3.390437010825
22,962,3.39043701079
22,963,3.3904361378175
22,964,3.3904361378175
22,965,3.3904361374425003
22,966,3.3904361374425003
22,967,3.3904361374425003
22,968,3.3904361374425003
22,969,3.3904361374425003
22,970,3.3904359049874997
22,971,3.3904359049874997
22,972,3.3904359049874997
22,973,3.3904359049874997
22,974,3.3904359042375
22,975,3.3904359042375
22,976,3.3904359042375
22,977,3.3904359042375
22,978,3.3904359042375
22,979,3.3904359042375
22,980,3.3904359042375
22,981,3.3904359042375
22,982,3.3904359042375
22,983,3.3904359042375
22,984,3.3904359042375
22,985,3.3904359042350003
22,986,3.3904359042350003
22,987,3.3904359042350003
22,988,3.3904359042350003
22,989,3.3904359042350003
22,990,3.3904359042350003
22,991,3.3904359042350003
22,992,3.3904359042350003
22,993,3.3904359042350003
22,994,3.3904359042350003
22,995,3.3904359042350003
22,996,3.3904359042350003
22,997,3.3904359042350003
22,998,3.3904359042350003
22,999,3.3904359042350003
22,1000,3.3904359042350003
23,1,22.98208461621
23,2,16.0481697528525
23,3,12.640085551275
23,4,10.880027168722501
23,5,9.133342049027501
23,6,8.506799802749999
23,7,8.1946486925425
23,8,8.15238334396
23,9,8.069095714655
23,10,7.8447115266125
23,11,7.6224862203249995
23,12,7.0926510227875
23,13,6.993069562005
23,14,6.84553092907
23,15,6.7269210205575005
23,16,6.5808381361825
23,17,6.43206057152
23,18,6.38193654994
23,19,6.3623405725349995
23,20,6.2750870319625
23,21,6.266418790415
23,22,6.1983280962975
23,23,6.1625015518825
23,24,5.9560691465675
23,25,5.955655234155
23,26,5.8682646343950005
23,27,5.735463026765
23,28,5.620585726334999
23,29,5.550760792655
23,30,5.550760792655
23,31,5.53722097132
23,32,5.37329192398
23,33,5.25621950788
23,34,5.1665870564775
23,35,5.1665870564775
23,36,5.156080832015
23,37,5.138303733415
23,38,5.138303733415
23,39,5.0023366170450005
23,40,5.0023366170450005
23,41,4.9455649721375
23,42,4.9098039055000005
23,43,4.8410907476950005
23,44,4.8106731097474995
23,45,4.8106731097474995
23,46,4.8106731097474995
23,47,4.79771622633
23,48,4.7740566354025
23,49,4.6269999315525
23,50,4.57311841782
23,51,4.55412115966
23,52,4.4454458766025
23,53,4.3122241229725
23,54,4.2367321118575
23,55,4.2367321118575
23,56,4.1928790010100006
23,57,4.1928790010100006
23,58,4.1928790010100006
23,59,4.1508249632725
23,60,4.1508249632725
23,61,4.0935180562074995
23,62,4.0935180562074995
23,63,4.088325530640001
23,64,4.088325530640001
23,65,4.03634853407
23,66,4.03634853407
23,67,4.0238576878400005
23,68,4.0238576878400005
23,69,4.0238576878400005
23,70,3.9279223342425
23,71,3.90507366604
23,72,3.88443558488
23,73,3.8249969732899998
23,74,3.8037724705775
23,75,3.71574479003
23,76,3.71574479003
23,77,3.71574479003
23,78,3.6285817766725
23,79,3.6285817766725
23,80,3.6285817766725
23,81,3.6285817766725
23,82,3.59794817863
23,83,3.5815684131300003
23,84,3.5334412744375
23,85,3.5334412744375
23,86,3.5274498221875
23,87,3.4998392285149995
23,88,3.4998392285149995
23,89,3.4998392285149995
23,90,3.4747612785100004
23,91,3.4668061409875
23,92,3.4668061409875
23,93,3.4668061409875
23,94,3.4668061409875
23,95,3.4668061409875
23,96,3.4668061409875
23,97,3.4668061409875
23,98,3.4011046869049997
23,99,3.4011046869049997
23,100,3.3734931715825
23,101,3.3517258935900003
23,102,3.3517258935900003
23,103,3.3517258935900003
23,104,3.27329582875
23,105,3.27329582875
23,106,3.2558614937525
23,107,3.2558614937525
23,108,3.2558614937525
23,109,3.2002853867425003
23,110,3.2002853867425003
23,111,3.2002853867425003
23,112,3.2002853867425003
23,113,3.2002853867425003
23,114,3.2002853867425003
23,115,3.2002853867425003
23,116,3.2002853867425003
23,117,3.2002853867425003
23,118,3.195765718455
23,119,3.195765718455
23,120,3.15939002537
23,121,3.14746366149
23,122,3.14746366149
23,123,3.14746366149
23,124,3.14746366149
23,125,3.14746366149
23,126,3.14746366149
23,127,3.14746366149
23,128,3.14746366149
23,129,3.14746366149
23,130,3.137505318975
23,131,3.137505318975
23,132,3.096798720715
23,133,3.096798720715
23,134,3.096798720715
23,135,3.096798720715
23,136,3.096798720715
23,137,3.096798720715
23,138,3.08588184123
23,139,3.08588184123
23,140,3.08588184123
23,141,3.08588184123
23,142,3.08588184123
23,143,3.08588184123
23,144,3.08588184123
23,145,3.08588184123
23,146,3.08588184123
23,147,3.08588184123
23,148,3.08588184123
23,149,3.08588184123
23,150,3.08588184123
23,151,3.082517002045
23,152,3.082517002045
23,153,3.080084079245
23,154,3.078901582525
23,155,3.078901582525
23,156,3.078901582525
23,157,3.078901582525
23,158,3.078901582525
23,159,3.059936197745
23,160,3.059936197745
23,161,3.0495477974675
23,162,3.0495477974675
23,163,3.0495477974675
23,164,3.0495477974675
23,165,3.0495477974675
23,166,3.0495477974675
23,167,3.0495477974675
23,168,2.9961473809825003
23,169,2.9961473809825003
23,170,2.9961473809825003
23,171,2.9858174938575
23,172,2.9858174938575
23,173,2.9858174938575
23,174,2.9858174938575
23,175,2.9858174938575
23,176,2.9742083799175
23,177,2.9742083799175
23,178,2.9742083799175
23,179,2.9742083799175
23,180,2.9742083799175
23,181,2.9742083799175
23,182,2.9742083799175
23,183,2.9742083799175
23,184,2.9742083799175
23,185,2.95823297996
23,186,2.9379778814475
23,187,2.9379778814475
23,188,2.9379778814475
23,189,2.9379778814475
23,190,2.9379778814475
23,191,2.9305744993925
23,192,2.9305744993925
23,193,2.9305744993925
23,194,2.8886856104475003
23,195,2.8811529866025003
23,196,2.8811529866025003
23,197,2.8811529866025003
23,198,2.8811529866025003
23,199,2.848157875655
23,200,2.848157875655
23,201,2.8408608743725
23,202,2.8408608743725
23,203,2.8408608743725
23,204,2.8224248721025
23,205,2.80709267326
23,206,2.7938709849174996
23,207,2.7938709849174996
23,208,2.7938709849174996
23,209,2.7938709849174996
23,210,2.76476933996
23,211,2.7453340318775
23,212,2.7438891338125
23,213,2.7438891338125
23,214,2.7438891338125
23,215,2.711040514635
23,216,2.711040514635
23,217,2.711040514635
23,218,2.711040514635
23,219,2.711040514635
23,220,2.711040514635
23,221,2.711040514635
23,222,2.711040514635
23,223,2.711040514635
23,224,2.711040514635
23,225,2.711040514635
23,226,2.711040514635
23,227,2.711040514635
23,228,2.711040514635
23,229,2.711040514635
23,230,2.711040514635
23,231,2.711040514635
23,232,2.711040514635
23,233,2.711040514635
23,234,2.711040514635
23,235,2.711040514635
23,236,2.711040514635
23,237,2.711040514635
23,238,2.69465819898
23,239,2.69465819898
23,240,2.69465819898
23,241,2.69465819898
23,242,2.69465819898
23,243,2.69465819898
23,244,2.69465819898
23,245,2.69465819898
23,246,2.69465819898
23,247,2.69465819898
23,248,2.6825747425425
23,249,2.6825747425425
23,250,2.6825747425425
23,251,2.65294067254
23,252,2.65294067254
23,253,2.65294067254
23,254,2.65294067254
23,255,2.65294067254
23,256,2.65294067254
23,257,2.6529404998025
23,258,2.652940497355
23,259,2.6529404683799997
23,260,2.65294046721
23,261,2.65294046721
23,262,2.65294046721
23,263,2.65294046721
23,264,2.65294046721
23,265,2.65294046721
23,266,2.65294046721
23,267,2.635666400965
23,268,2.635666400965
23,269,2.635666400965
23,270,2.635666400965
23,271,2.635666400965
23,272,2.635666400965
23,273,2.635666400965
23,274,2.635666400965
23,275,2.635666400965
23,276,2.635666400965
23,277,2.635666400965
23,278,2.635666400965
23,279,2.635666400965
23,280,2.635666400965
23,281,2.635666400965
23,282,2.635666400965
23,283,2.635666400965
23,284,2.627123759505
23,285,2.5956207964724998
23,286,2.5956207964724998
23,287,2.5956207964724998
23,288,2.59562079375
23,289,2.5956207615625
23,290,2.595620493315
23,291,2.5893067616325
23,292,2.5893067616325
23,293,2.58841125673
23,294,2.58841125673
23,295,2.58269542796
23,296,2.58269542796
23,297,2.58269542796
23,298,2.58269542796
23,299,2.58269542796
23,300,2.58269542796
23,301,2.58269542796
23,302,2.58269542796
23,303,2.5767475254275
23,304,2.5767474701024997
23,305,2.5767474701024997
23,306,2.5767474701024997
23,307,2.576747405935
23,308,2.576747351645
23,309,2.5762378991075
23,310,2.5762378537025
23,311,2.576237658775
23,312,2.576237658775
23,313,2.576237658775
23,314,2.576237658775
23,315,2.57402880248
23,316,2.5740287846024996
23,317,2.570217375115
23,318,2.5702173036150002
23,319,2.5702173036150002
23,320,2.5702173036150002
23,321,2.568713254675
23,322,2.5423746982375
23,323,2.54237442298
23,324,2.5423743518424997
23,325,2.5423743518424997
23,326,2.5423743144025
23,327,2.5389874830575
23,328,2.538987440055
23,329,2.5389873222599997
23,330,2.5389873222599997
23,331,2.5389873222599997
23,332,2.5389873222599997
23,333,2.4721641000999997
23,334,2.4721641000999997
23,335,2.4721641000999997
23,336,2.4721641000999997
23,337,2.4721641000999997
23,338,2.4721643918825
23,339,2.470100110145
23,340,2.470100085415
23,341,2.4654801442850003
23,342,2.4654801442850003
23,343,2.4654800534724997
23,344,2.46548001927
23,345,2.46548001927
23,346,2.457382712525
23,347,2.457382712525
23,348,2.456646863235
23,349,2.456646863235
23,350,2.44549159526
23,351,2.4450071536775
23,352,2.4427929706275
23,353,2.44279255806
23,354,2.44279255806
23,355,2.44279255806
23,356,2.44279255806
23,357,2.44279255806
23,358,2.44279255806
23,359,2.44279255806
23,360,2.44279255806
23,361,2.44279255806
23,362,2.44279255806
23,363,2.4422916761225
23,364,2.4301422819925
23,365,2.4301422819925
23,366,2.4301422819925
23,367,2.4301421311649998
23,368,2.4301418273475
23,369,2.4299940519375
23,370,2.4299939611549997
23,371,2.4299937511375
23,372,2.4299937511375
23,373,2.4299937511375
23,374,2.4299937511375
23,375,2.4299937511375
23,376,2.4299937511375
23,377,2.4299937511375
23,378,2.4299937511375
23,379,2.4299937511375
23,380,2.4299937511375
23,381,2.4299937511375
23,382,2.4299937511375
23,383,2.4299937511375
23,384,2.4299937511375
23,385,2.4139354369549997
23,386,2.4139354369549997
23,387,2.413567716985
23,388,2.413567716985
23,389,2.413567716985
23,390,2.413567716985
23,391,2.4028524908725
23,392,2.402852303535
23,393,2.402852303535
23,394,2.3857341117825
23,395,2.3857341117825
23,396,2.3857341117825
23,397,2.3857341117825
23,398,2.3857341117825
23,399,2.3854765696099998
23,400,2.3854765188325002
23,401,2.3854765188325002
23,402,2.3791108070475
23,403,2.37911064827
23,404,2.37911064827
23,405,2.3790949970875
23,406,2.3790949970875
23,407,2.3790949970875
23,408,2.3790949970875
23,409,2.379094853765
23,410,2.3790947015625
23,411,2.37906385114
23,412,2.3790637919275
23,413,2.3790637919275
23,414,2.3790637919275
23,415,2.3790637919275
23,416,2.3790637919275
23,417,2.3790637919275
23,418,2.3790637919275
23,419,2.3790637919275
23,420,2.3790637919275
23,421,2.3790637919275
23,422,2.3790637919275
23,423,2.3788650744525
23,424,2.3788650203549997
23,425,2.378864955425
23,426,2.378864955425
23,427,2.3404950792425003
23,428,2.3404950792425003
23,429,2.3403829414275
23,430,2.340382886835
23,431,2.34038265499
23,432,2.309957445925
23,433,2.309957445925
23,434,2.309957445925
23,435,2.309957445925
23,436,2.309957445925
23,437,2.2941707718
23,438,2.2941707718
23,439,2.2941707718
23,440,2.2941707718
23,441,2.2941707718
23,442,2.2941707718
23,443,2.2941707718
23,444,2.2941707718
23,445,2.2941707718
23,446,2.2941707718
23,447,2.2941707718
23,448,2.2941707718
23,449,2.2941707718
23,450,2.2941707718
23,451,2.2941707718
23,452,2.2941707718
23,453,2.2941707718
23,454,2.2941707718
23,455,2.2941707718
23,456,2.2941707718
23,457,2.2941707718
23,458,2.2941707718
23,459,2.2941391433725
23,460,2.2941391019725
23,461,2.2941389611225
23,462,2.2941389611225
23,463,2.2941389611225
23,464,2.2941389611225
23,465,2.2941252586425
23,466,2.2941252237375
23,467,2.2941250941
23,468,2.2941250941
23,469,2.2941250773575
23,470,2.2941247675925
23,471,2.293215537835
23,472,2.29321545061
23,473,2.2932152390675
23,474,2.2852040852475
23,475,2.2852040852475
23,476,2.27929074281
23,477,2.2792879517925
23,478,2.2288149309625
23,479,2.2288149309625
23,480,2.2288149309625
23,481,2.2288148838
23,482,2.22881481945
23,483,2.22881324722
23,484,2.2288132136125
23,485,2.2288129987325
23,486,2.2288129987325
23,487,2.2288129987325
23,488,2.2288129987325
23,489,2.22881146988
23,490,2.228811451075
23,491,2.2288113116075
23,492,2.2288113116075
23,493,2.2288113116075
23,494,2.2288113116075
23,495,2.2288113116075
23,496,2.2288113116075
23,497,2.2288113116075
23,498,2.2288113116075
23,499,2.2288113116075
23,500,2.2288113116075
23,501,2.2288113116075
23,502,2.2288113116075
23,503,2.2288113116075
23,504,2.2288113116075
23,505,2.2288113116075
23,506,2.2288112661149997
23,507,2.2288112661149997
23,508,2.2288111112375
23,509,2.2288110906425
23,510,2.2288110858975
23,511,2.2288110858975
23,512,2.2288110858975
23,513,2.2288110858975
23,514,2.2288110858975
23,515,2.2288110858975
23,516,2.2288110858975
23,517,2.2288110858975
23,518,2.22881096757
23,519,2.22881096757
23,520,2.22881096757
23,521,2.22881096757
23,522,2.22881096757
23,523,2.22881096757
23,524,2.22881096757
23,525,2.22881096757
23,526,2.22881096757
23,527,2.22881096757
23,528,2.22881096757
23,529,2.22881096757
23,530,2.22881096757
23,531,2.22881096757
23,532,2.22881096757
23,533,2.22881096757
23,534,2.22881096757
23,535,2.22881096757
23,536,2.2256115675925
23,537,2.2256115675925
23,538,2.2256115675925
23,539,2.2256115675925
23,540,2.2256115675925
23,541,2.2250142198
23,542,2.225014212705
23,543,2.225014186725
23,544,2.225014186725
23,545,2.225014186725
23,546,2.225014186725
23,547,2.2234916241225
23,548,2.2234916241225
23,549,2.2234915472475
23,550,2.223491344585
23,551,2.2234912693725
23,552,2.2234912693725
23,553,2.222480127015
23,554,2.22248011332
23,555,2.2224799698575
23,556,2.222479850685
23,557,2.222479661015
23,558,2.222479661015
23,559,2.222424835245
23,560,2.222424835245
23,561,2.222424835245
23,562,2.222424835245
23,563,2.222424835245
23,564,2.2093719785925
23,565,2.2092242400499997
23,566,2.20922422747
23,567,2.2092240529150002
23,568,2.20922394955
23,569,2.2092238434125
23,570,2.2092238434125
23,571,2.2092218057124997
23,572,2.2092218057124997
23,573,2.2092218057124997
23,574,2.2092217216775003
23,575,2.2092216720374998
23,576,2.2092216720374998
23,577,2.2089852047025
23,578,2.2089852047025
23,579,2.2089851531975
23,580,2.2089849537025
23,581,2.2089849537025
23,582,2.2089849537025
23,583,2.2089849537025
23,584,2.2089849537025
23,585,2.1967113532525
23,586,2.1967113532525
23,587,2.1967113532525
23,588,2.1777460223775
23,589,2.177684123485
23,590,2.17768404985
23,591,2.17768404985
23,592,2.177684011325
23,593,2.1776835897274998
23,594,2.1776835897274998
23,595,2.1776835897274998
23,596,2.1776835897274998
23,597,2.1776835897274998
23,598,2.1776835897274998
23,599,2.1776835118249998
23,600,2.1776835118249998
23,601,2.1776484697925
23,602,2.1776484355475
23,603,2.1776483259350004
23,604,2.1776482378275
23,605,2.1776482378275
23,606,2.1776482378275
23,607,2.1776322091524998
23,608,2.1776322091524998
23,609,2.177632176545
23,610,2.17763195167
23,611,2.17763195167
23,612,2.17763195167
23,613,2.17267682044
23,614,2.17267682044
23,615,2.1726767968275
23,616,2.1726767968275
23,617,2.1680218152125
23,618,2.1680218152125
23,619,2.1680139314474998
23,620,2.1680139314474998
23,621,2.1680138236975
23,622,2.168013808545
23,623,2.168013808545
23,624,2.1680138038625
23,625,2.1680099061975
23,626,2.1680099061975
23,627,2.1649634547575003
23,628,2.1649633540125
23,629,2.1649633540125
23,630,2.1649633540125
23,631,2.16496330426
23,632,2.16496330426
23,633,2.16496321814
23,634,2.1649631402575
23,635,2.1649631394825
23,636,2.1649631394825
23,637,2.159619624865
23,638,2.159619624865
23,639,2.1596195058575
23,640,2.1596195058575
23,641,2.1596195058575
23,642,2.1596195058575
23,643,2.1596184080625003
23,644,2.1596184080625003
23,645,2.1596182897625
23,646,2.15961822477
23,647,2.15961822477
23,648,2.15961822477
23,649,2.15961822477
23,650,2.15961822477
23,651,2.15961822477
23,652,2.1468942160925
23,653,2.1468942160925
23,654,2.1468942160925
23,655,2.14594801963
23,656,2.14594801963
23,657,2.14594785067
23,658,2.1459477658825
23,659,2.1459477658825
23,660,2.1459477658825
23,661,2.1459477658825
23,662,2.1459477658825
23,663,2.145947642345
23,664,2.14594758573
23,665,2.1382478705775
23,666,2.1064446289700003
23,667,2.1064446289700003
23,668,2.0993515389575
23,669,2.0993515389575
23,670,2.09017407957
23,671,2.09017407957
23,672,2.09017407957
23,673,2.0899315409175
23,674,2.0899315409175
23,675,2.0899314070774997
23,676,2.0798873749725
23,677,2.0798873749725
23,678,2.0798873749725
23,679,2.0798873636149997
23,680,2.0798873636149997
23,681,2.0798872141149998
23,682,2.0798871989350003
23,683,2.078923113755
23,684,2.078923083895
23,685,2.078923083895
23,686,2.078923083895
23,687,2.078923083895
23,688,2.078923083895
23,689,2.078923083895
23,690,2.074518296565
23,691,2.072959682835
23,692,2.072959682835
23,693,2.072959682835
23,694,2.0573599432175
23,695,2.0573599432175
23,696,2.037268988385
23,697,2.0372641743125
23,698,2.037264125255
23,699,2.037264091445
23,700,2.0333830330275
23,701,2.0333830330275
23,702,2.0333830330275
23,703,2.027334031925
23,704,2.0273342313850002
23,705,2.0273342313850002
23,706,2.0273342313850002
23,707,2.0273342313850002
23,708,2.0273342313850002
23,709,2.0273342313850002
23,710,2.0273342313850002
23,711,2.0273342313850002
23,712,2.0273342108175
23,713,2.0273342108175
23,714,2.01183844921
23,715,2.01183844921
23,716,2.01183844921
23,717,2.01183844921
23,718,2.0118384463675
23,719,2.0118384463675
23,720,2.0053458903825
23,721,2.0053458903825
23,722,2.0053458903825
23,723,2.0053458903825
23,724,2.0053458903825
23,725,2.0053458903825
23,726,2.0024180074475
23,727,1.981615614415
23,728,1.981615614415
23,729,1.981615614415
23,730,1.9816155997174998
23,731,1.9816155997174998
23,732,1.9816155997174998
23,733,1.9816155997174998
23,734,1.9816155997174998
23,735,1.9816155997174998
23,736,1.9816155992775002
23,737,1.9816155992775002
23,738,1.98111450639
23,739,1.98111450639
23,740,1.98111450639
23,741,1.98111450639
23,742,1.98111445523
23,743,1.98111445523
23,744,1.96710667031
23,745,1.96710667031
23,746,1.96710667031
23,747,1.96710667031
23,748,1.96710667031
23,749,1.96710667031
23,750,1.96710667031
23,751,1.9621613114075
23,752,1.9615261121924998
23,753,1.9615261121924998
23,754,1.9615261121924998
23,755,1.9584621646625
23,756,1.9540489681
23,757,1.9540488197750001
23,758,1.9540488197750001
23,759,1.9540488197750001
23,760,1.9540488197750001
23,761,1.9540488197750001
23,762,1.9540488197750001
23,763,1.9540488197750001
23,764,1.9540488197750001
23,765,1.9540488197750001
23,766,1.9540488197750001
23,767,1.9464567316275
23,768,1.9464567316275
23,769,1.9464567316275
23,770,1.9464567316275
23,771,1.9280012520349998
23,772,1.9280012516825
23,773,1.9275862953175
23,774,1.9275862953175
23,775,1.9275862953175
23,776,1.9269978841625002
23,777,1.9268816213975
23,778,1.9268816213975
23,779,1.92586443632
23,780,1.92586443632
23,781,1.925864284875
23,782,1.925676111805
23,783,1.925676111805
23,784,1.925676111805
23,785,1.9246766222600002
23,786,1.9246766222600002
23,787,1.923514209775
23,788,1.923514209775
23,789,1.9104545430875
23,790,1.910454512455
23,791,1.910454512455
23,792,1.9095508405425001
23,793,1.9095505451975001
23,794,1.9095505451975001
23,795,1.89813763861
23,796,1.8981376246175
23,797,1.8981376246175
23,798,1.89813746886
23,799,1.8935914890374999
23,800,1.8935914890374999
23,801,1.87905878445
23,802,1.8790587435075001
23,803,1.8790586892549999
23,804,1.8784599452725002
23,805,1.8778702574775
23,806,1.8774086781175001
23,807,1.8772293414974999
23,808,1.8772293414974999
23,809,1.8771560801625
23,810,1.8771560801625
23,811,1.8771560801625
23,812,1.8771560801625
23,813,1.8672876597375
23,814,1.8672876597375
23,815,1.8672876597375
23,816,1.8672876597375
23,817,1.8672876597375
23,818,1.8650185726725
23,819,1.809351468175
23,820,1.809351468175
23,821,1.809351468175
23,822,1.809351468175
23,823,1.8092888935875
23,824,1.8084258208375001
23,825,1.7902770103599999
23,826,1.7902770103599999
23,827,1.786104075795
23,828,1.786104075795
23,829,1.786104075795
23,830,1.786104075795
23,831,1.7830576581500002
23,832,1.77746128101
23,833,1.7774611431699998
23,834,1.7774611431699998
23,835,1.7774611431699998
23,836,1.777461142655
23,837,1.777455211705
23,838,1.777455211705
23,839,1.777455211705
23,840,1.7741277766925
23,841,1.77397913095
23,842,1.7739790778524998
23,843,1.7739767419974999
23,844,1.7739767419974999
23,845,1.7739767419974999
23,846,1.7739767419974999
23,847,1.7739765311549998
23,848,1.7739764935275002
23,849,1.7739764935275002
23,850,1.7739764935275002
23,851,1.77299689868
23,852,1.77299689868
23,853,1.77299689868
23,854,1.77299689868
23,855,1.7729966926025
23,856,1.7729966926025
23,857,1.77175898419
23,858,1.7673772929624998
23,859,1.7673772929624998
23,860,1.7673772391575
23,861,1.76737668896
23,862,1.76737668896
23,863,1.76737668896
23,864,1.76737668896
23,865,1.76737648355
23,866,1.7673764209200002
23,867,1.7673750684000002
23,868,1.7673750684000002
23,869,1.767357364335
23,870,1.7658947096025
23,871,1.7448986137225
23,872,1.7426657055124999
23,873,1.74243817807
23,874,1.74243817807
23,875,1.7424380151074998
23,876,1.7424380151074998
23,877,1.7424380151074998
23,878,1.7424379825574998
23,879,1.7424379825574998
23,880,1.7424379825574998
23,881,1.7424379825574998
23,882,1.7424379825574998
23,883,1.7424379825574998
23,884,1.7424379720125
23,885,1.7424337640449998
23,886,1.7424337044049998
23,887,1.7424337044049998
23,888,1.7418232929175002
23,889,1.74182303711
23,890,1.741163082185
23,891,1.7411629566875
23,892,1.7411629566875
23,893,1.7403008382
23,894,1.74030073861
23,895,1.73954321652
23,896,1.73954321652
23,897,1.739542856025
23,898,1.739542856025
23,899,1.73954265213
23,900,1.73954265213
23,901,1.73954265213
23,902,1.7395426451550002
23,903,1.7395426451550002
23,904,1.7395426451550002
23,905,1.7395426451550002
23,906,1.7395426451550002
23,907,1.7395426336375
23,908,1.7395426336375
23,909,1.7395425608625001
23,910,1.7395425608625001
23,911,1.7395425608625001
23,912,1.7395425608625001
23,913,1.7395425608625001
23,914,1.7395425608625001
23,915,1.739531959245
23,916,1.739531959245
23,917,1.739531959245
23,918,1.739531959245
23,919,1.739531959245
23,920,1.739531959245
23,921,1.7395265155250001
23,922,1.7395265155250001
23,923,1.7395265155250001
23,924,1.7390619426975
23,925,1.7390619426975
23,926,1.7390619426975
23,927,1.7387374834774998
23,928,1.7387374834774998
23,929,1.7373793532225001
23,930,1.7373793532225001
23,931,1.73733339381
23,932,1.73733339381
23,933,1.73733339381
23,934,1.73733339381
23,935,1.7373011819425
23,936,1.7364091086625
23,937,1.72513320297
23,938,1.7249175074524998
23,939,1.7249175074524998
23,940,1.72486697255
23,941,1.72486697255
23,942,1.72486697255
23,943,1.7245567456
23,944,1.7245567456
23,945,1.7244787909500001
23,946,1.7244787909500001
23,947,1.7244787909500001
23,948,1.7244787835875002
23,949,1.7211513979525002
23,950,1.7211513979525002
23,951,1.7211513979525002
23,952,1.7211513979525002
23,953,1.7211513979525002
23,954,1.7211513979525002
23,955,1.7211513979525002
23,956,1.7211513979525002
23,957,1.7211513979525002
23,958,1.7198501240275
23,959,1.7198501240275
23,960,1.7198501240275
23,961,1.7198501240275
23,962,1.7198501240275
23,963,1.7198501240275
23,964,1.7198501240275
23,965,1.71308609037
23,966,1.71308609037
23,967,1.71308609037
23,968,1.71308609037
23,969,1.71308609037
23,970,1.7107074488624998
23,971,1.7103668177724998
23,972,1.710261307115
23,973,1.710261307115
23,974,1.71023608167
23,975,1.71023608167
23,976,1.698315036835
23,977,1.6983022446349998
23,978,1.6922800755825
23,979,1.6922800755825
23,980,1.6839595277125
23,981,1.6839595277125
23,982,1.6781120385825
23,983,1.6781120385825
23,984,1.6779335583375001
23,985,1.6768949010299998
23,986,1.6766158266024997
23,987,1.6766158266024997
23,988,1.6766158266024997
23,989,1.67651844968
23,990,1.67651844968
23,991,1.6720742706525002
23,992,1.6720742706525002
23,993,1.6720742706525002
23,994,1.66686217998
23,995,1.66686217998
23,996,1.66686217998
23,997,1.6668012695049998
23,998,1.6599606540275
23,999,1.6598990232425
23,1000,1.65981791934
24,1,105.5022091475925
24,2,86.4011676752275
24,3,78.43262214737
24,4,72.6239641302675
24,5,70.426210831305
24,6,68.106389949185
24,7,66.057172566195
24,8,63.849388928085
24,9,62.39197693576
24,10,61.8113124555825
24,11,60.78166492458
24,12,59.3392749046875
24,13,58.571646439172504
24,14,58.0835857825575
24,15,57.39354121676
24,16,56.841126180915
24,17,54.66147242011
24,18,53.50606560830751
24,19,51.1073900938825
24,20,50.637902444495
24,21,49.7128906827325
24,22,49.483350639375
24,23,47.86254506513
24,24,46.166592658025
24,25,46.0257073936
24,26,45.752822997867504
24,27,45.35261928743
24,28,45.3524387634425
24,29,45.244655234265004
24,30,44.812089307525
24,31,44.3740365641725
24,32,44.3740365641725
24,33,43.7232229310475
24,34,42.8536698473625
24,35,42.4709799205575
24,36,41.9004956060325
24,37,41.9004956060325
24,38,41.15919362104
24,39,40.6929428822325
24,40,40.6929428822325
24,41,39.9773162674675
24,42,39.391423697885
24,43,39.391423697885
24,44,38.7524099061625
24,45,38.7524099061625
24,46,38.7480531266375
24,47,38.67877001035
24,48,38.442780667630004
24,49,37.513444960905005
24,50,37.21389162882
24,51,36.6242562119375
24,52,36.482301147484996
24,53,36.000540950905005
24,54,35.7792237782525
24,55,35.5258968733175
24,56,35.4950670023075
24,57,35.2825735273425
24,58,35.2615780864175
24,59,35.14446840677
24,60,35.14446840677
24,61,34.3120218223275
24,62,34.3120218223275
24,63,33.399565400055
24,64,33.14052587992
24,65,32.983487537784995
24,66,32.8877739379525
24,67,32.4694550233975
24,68,32.4694550233975
24,69,32.38685754398
24,70,32.328181153405
24,71,31.877092105945003
24,72,31.877092105945003
24,73,31.7703613991225
24,74,31.632675061015
24,75,31.632675061015
24,76,31.632675061015
24,77,31.300161536602502
24,78,31.300161536602502
24,79,31.270693834142502
24,80,31.270693834142502
24,81,31.270693834142502
24,82,31.063807980925002
24,83,31.063807980925002
24,84,30.308033238460002
24,85,29.654183222145
24,86,29.380686062835004
24,87,29.2930175309025
24,88,29.2930175309025
24,89,29.2930175309025
24,90,29.2930175309025
24,91,29.2930175309025
24,92,29.160767046697497
24,93,29.160767046697497
24,94,29.160767046697497
24,95,28.8046012878375
24,96,28.8046012878375
24,97,28.8046012878375
24,98,28.8046012878375
24,99,28.65579784079
24,100,28.65579784079
24,101,28.628175874902503
24,102,28.628175874902503
24,103,28.628175874902503
24,104,28.628175874902503
24,105,28.628175874902503
24,106,28.5604963828625
24,107,28.5604963828625
24,108,28.1642040657025
24,109,28.073158887047498
24,110,28.073158887047498
24,111,27.604120830404998
24,112,27.586606860030003
24,113,27.586606860030003
24,114,27.586606860030003
24,115,27.586606860030003
24,116,27.586606860030003
24,117,27.586606860030003
24,118,27.586606860030003
24,119,27.501338099052496
24,120,27.493147471715
24,121,27.493147471715
24,122,27.493147471715
24,123,27.493147471715
24,124,27.4347021014775
24,125,27.374891345465
24,126,27.2962933738375
24,127,27.1186056117825
24,128,27.1186056117825
24,129,26.967605587912498
24,130,26.886592833439998
24,131,26.886592833439998
24,132,26.886592833439998
24,133,26.886592833439998
24,134,26.8229765621275
24,135,26.6615840491575
24,136,26.6615840022675
24,137,26.6615840022675
24,138,26.6615840022675
24,139,26.6615839982375
24,140,26.6615839982375
24,141,26.3833064028975
24,142,26.383306199639996
24,143,26.383306199639996
24,144,26.3333667964725
24,145,26.3333667964725
24,146,26.3333667964725
24,147,26.267507276472497
24,148,26.26750714738
24,149,25.4033211813925
24,150,25.2458732019225
24,151,25.2458732019225
24,152,24.9120728010325
24,153,24.812563862855
24,154,24.81256377297
24,155,24.812563768995
24,156,24.812563768995
24,157,24.812563755725
24,158,24.812563755725
24,159,24.812563755725
24,160,24.496349072832498
24,161,24.496349072832498
24,162,24.4888677247075
24,163,24.302628334137502
24,164,24.302628334137502
24,165,24.08288035572
24,166,24.082880323974997
24,167,23.9686987117475
24,168,23.9686987117475
24,169,23.903668810265
24,170,23.83151356789
24,171,23.83151356789
24,172,23.83151356789
24,173,23.5053481457325
24,174,23.5053481457325
24,175,23.5053481457325
24,176,23.5053481457325
24,177,23.43243667457
24,178,23.43243645282
24,179,23.4248945964925
24,180,23.4248945964925
24,181,23.2057209023675
24,182,23.1717880852825
24,183,22.795465101765
24,184,22.76117907501
24,185,22.488958817105
24,186,22.488958817105
24,187,22.488958817105
24,188,22.488958817105
24,189,22.3841235694825
24,190,22.209100599835
24,191,22.209100599835
24,192,22.2091005565175
24,193,22.209100531915
24,194,22.209100531915
24,195,22.2091004951
24,196,22.033761921517502
24,197,21.6938385479175
24,198,21.4580028303475
24,199,21.4580028303475
24,200,21.4580028303475
24,201,21.410069011682502
24,202,21.4100689660575
24,203,21.4100689660575
24,204,21.18559403239
24,205,21.183091252507502
24,206,21.178306001607503
24,207,21.178306001607503
24,208,21.178306001607503
24,209,21.178306001607503
24,210,21.178306001607503
24,211,21.178306001607503
24,212,21.178306001607503
24,213,21.158663079945
24,214,21.1586630358725
24,215,21.1586630358725
24,216,21.158662976135
24,217,21.158662976135
24,218,21.158662976135
24,219,21.1248805542075
24,220,20.9951421355225
24,221,20.85382742128
24,222,20.248039692725
24,223,19.8540651352925
24,224,19.8540651352925
24,225,19.82133883128
24,226,19.8213388289325
24,227,19.821338827135
24,228,19.821338827135
24,229,19.7214341552525
24,230,19.7214341552525
24,231,19.721323317955
24,232,19.519013020142502
24,233,19.5190130199025
24,234,19.5190130199025
24,235,19.341510689925
24,236,19.3415106898525
24,237,19.2477988024375
24,238,19.2477988023975
24,239,19.2477988023975
24,240,19.2477988023675
24,241,19.1997846294575
24,242,19.1997846294575
24,243,19.19978462134
24,244,19.107838432815
24,245,19.107838432815
24,246,19.107838432815
24,247,19.107838432815
24,248,19.107838432815
24,249,19.107838432784998
24,250,19.0250637020525
24,251,19.0250637020525
24,252,19.0250637020525
24,253,19.0250637020525
24,254,19.0250637020525
24,255,19.0250637020525
24,256,19.0250637020525
24,257,19.0250637020525
24,258,19.0250637020525
24,259,19.0250637020525
24,260,19.0250637020525
24,261,19.0250637020525
24,262,19.0250637020525
24,263,19.0250637020525
24,264,19.0250637020525
24,265,19.0250637020525
24,266,19.0250637020525
24,267,18.9105003302
24,268,18.9105003302
24,269,18.9105003302
24,270,18.755220808925
24,271,18.755220808925
24,272,18.755220808925
24,273,18.755220808925
24,274,18.755220808925
24,275,18.755220808925
24,276,18.6933220849325
24,277,18.6933220849325
24,278,18.6933220849325
24,279,18.6933220849325
24,280,18.6933220849325
24,281,18.6933220849325
24,282,18.6933220849325
24,283,18.6933220849325
24,284,18.6933220849325
24,285,18.6933220849325
24,286,18.6933220849325
24,287,18.6933220849325
24,288,18.6933220849325
24,289,18.6933220849325
24,290,18.6933220849325
24,291,18.6933220849325
24,292,18.6230134109575
24,293,18.6230134109575
24,294,18.6230134109575
24,295,18.4641403247625
24,296,18.4641403247625
24,297,18.4641403247625
24,298,18.4641403247625
24,299,18.4641403247625
24,300,18.4641403247625
24,301,18.4641403247625
24,302,18.4641403247625
24,303,18.4641403247625
24,304,18.4641403247625
24,305,18.4641403247625
24,306,18.367921090735003
24,307,18.367921090735003
24,308,18.367921090735003
24,309,18.367920954255002
24,310,18.367920954255002
24,311,18.367920954255002
24,312,18.256351800235002
24,313,18.256351800235002
24,314,18.256351800235002
24,315,18.256351800235002
24,316,18.15952280303
24,317,18.15952280303
24,318,18.15952280303
24,319,18.15952280303
24,320,17.7933367024
24,321,17.7933367024
24,322,17.7933367024
24,323,17.7933367024
24,324,17.7933367024
24,325,17.7933367024
24,326,17.7933367024
24,327,17.7933367024
24,328,17.7933367024
24,329,17.6455956886525
24,330,17.6455956531275
24,331,17.6455956531275
24,332,17.544262676112503
24,333,17.5442626467375
24,334,17.5442626467375
24,335,17.5442626467375
24,336,17.5442626467375
24,337,17.5442626467375
24,338,17.5442626467375
24,339,17.5442626467375
24,340,17.5442626467375
24,341,17.535654525135
24,342,17.535654525135
24,343,17.5356544935225
24,344,17.5356544935225
24,345,17.5356544609925
24,346,17.46036676477
24,347,17.444366501855
24,348,17.3998640252375
24,349,17.399864000450002
24,350,17.326225824675
24,351,17.326225787715
24,352,17.326225787715
24,353,17.29852340613
24,354,17.29852320652
24,355,17.29852278802
24,356,17.29852278802
24,357,17.0676763431175
24,358,17.0676763431175
24,359,17.0270133475175
24,360,17.0270133475175
24,361,17.027013331115
24,362,17.027013331115
24,363,17.027013301540002
24,364,17.027013301540002
24,365,16.94503840438
24,366,16.8205123898375
24,367,16.8205123898375
24,368,16.8205123898375
24,369,16.8205123737125
24,370,16.8205123737125
24,371,16.811654561185
24,372,16.811654561045
24,373,16.811654560855
24,374,16.811654560792498
24,375,16.811654560792498
24,376,16.811654560792498
24,377,16.57870255783
24,378,16.578702422117498
24,379,16.578702383945
24,380,16.578702383945
24,381,16.5787022771675
24,382,16.578702241555
24,383,16.34410215355
24,384,16.2393712380625
24,385,16.239371063255
24,386,16.2052918977425
24,387,16.2052918977425
24,388,16.205291864484998
24,389,16.057843219155
24,390,16.057843219155
24,391,16.0578431766425
24,392,16.0578431766425
24,393,16.0578431000575
24,394,16.0578431000575
24,395,15.945404589825
24,396,15.945404538575
24,397,15.94540446355
24,398,15.945404455312502
24,399,15.8641233715875
24,400,15.8641233715875
24,401,15.790426136295
24,402,15.790425513935
24,403,15.7904252913325
24,404,15.790425243735001
24,405,15.790425222775
24,406,15.790425222775
24,407,15.73083286845
24,408,15.730832861442499
24,409,15.730832861442499
24,410,15.730832861442499
24,411,15.730832861442499
24,412,15.730832848875
24,413,15.686662123562499
24,414,15.686662123562499
24,415,15.6866620335525
24,416,15.6866620335525
24,417,15.6866620335525
24,418,15.6866620335525
24,419,15.657234551254998
24,420,15.657234495532501
24,421,15.6572344247475
24,422,15.6572344247475
24,423,15.6572344247475
24,424,15.580919987025002
24,425,15.3144767174775
24,426,15.31447671407
24,427,15.28178769267
24,428,15.235746876242498
24,429,15.235746876242498
24,430,15.2357468762
24,431,14.867042954965001
24,432,14.867042772475
24,433,14.86704269276
24,434,14.867042630744999
24,435,14.867042622955001
24,436,14.867042622955001
24,437,14.745348436622502
24,438,14.745348251595
24,439,14.7453482244925
24,440,14.745348221164999
24,441,14.745348130779998
24,442,14.745348130779998
24,443,14.627360053355
24,444,14.6273597925175
24,445,14.627359640424999
24,446,14.627359605827499
24,447,14.6273595714675
24,448,14.6273595714675
24,449,14.53955629201
24,450,14.539556165545
24,451,14.5395560334025
24,452,14.539556020512501
24,453,14.53955602051
24,454,14.53955602051
24,455,14.4915613571825
24,456,14.491561164735
24,457,14.4915611404675
24,458,14.491560544345
24,459,14.491560530445
24,460,14.491560507705
24,461,14.427909670315
24,462,14.362581445025
24,463,14.3625812909025
24,464,14.312388913812502
24,465,14.312388913812502
24,466,14.312388913812502
24,467,14.222413267605
24,468,14.2224131774
24,469,14.2224130442975
24,470,14.222413033185001
24,471,14.222413032472499
24,472,14.222413032472499
24,473,14.124221332134999
24,474,14.124221286042502
24,475,14.1242211964875
24,476,14.124221189485002
24,477,14.124221189485002
24,478,14.1242211893525
24,479,14.0642463664875
24,480,14.0642463653775
24,481,14.009003766557502
24,482,14.0090037544675
24,483,14.0090037535275
24,484,14.009003714645
24,485,14.0086648631
24,486,14.008664855887499
24,487,13.849603515457499
24,488,13.8496034620325
24,489,13.849603314212501
24,490,13.849603298545
24,491,13.7909646432025
24,492,13.7909646188125
24,493,13.6295822602025
24,494,13.629582204702501
24,495,13.629582083362502
24,496,13.629582083362502
24,497,13.6295820240825
24,498,13.62958202408
24,499,13.469628100705
24,500,13.4696280583
24,501,13.469627898477501
24,502,13.469627898477501
24,503,13.46962789845
24,504,13.46962785794
24,505,13.264917733594999
24,506,13.264917629909998
24,507,13.2649174214075
24,508,13.264917400384999
24,509,13.2649173477375
24,510,13.2649173092625
24,511,13.176223989542502
24,512,13.1762239813875
24,513,13.176223816244999
24,514,13.176223816244999
24,515,13.08660441337
24,516,13.0312398532825
24,517,12.954094851612501
24,518,12.954094802235
24,519,12.9470742701625
24,520,12.947074251965
24,521,12.947074208465
24,522,12.947074208465
24,523,12.834564649057501
24,524,12.834564629725
24,525,12.8345645900525
24,526,12.834564577415
24,527,12.8345645480375
24,528,12.834564527927501
24,529,12.769379380705
24,530,12.74985790323
24,531,12.74985781051
24,532,12.74985781051
24,533,12.74985781051
24,534,12.749857791255
24,535,12.659033056462501
24,536,12.6590330436025
24,537,12.659032994932499
24,538,12.659032994739999
24,539,12.659032994739999
24,540,12.6590329899675
24,541,12.571861572387501
24,542,12.5718615723425
24,543,12.571861460895
24,544,12.571861460860001
24,545,12.571861460860001
24,546,12.5718614608075
24,547,12.57175341067
24,548,12.5717534105125
24,549,12.5717534105125
24,550,12.5717534105125
24,551,12.57175341051
24,552,12.57175341051
24,553,12.558322638135
24,554,12.5193549237075
24,555,12.5193547819125
24,556,12.5193547819125
24,557,12.5193547077975
24,558,12.519354687875
24,559,12.502067251225
24,560,12.5020672397775
24,561,12.5020671863225
24,562,12.5020671863225
24,563,12.5020671863225
24,564,12.5020671863225
24,565,12.4740935634925
24,566,12.4740935543025
24,567,12.474093526345
24,568,12.474093526345
24,569,12.4688151102075
24,570,12.4688151102075
24,571,12.453588416550001
24,572,12.453588416550001
24,573,12.453588416550001
24,574,12.4535884162075
24,575,12.4535884157725
24,576,12.4535884157725
24,577,12.282629427345
24,578,12.2826292888425
24,579,12.2826291844925
24,580,12.282629091815
24,581,12.282629011352501
24,582,12.282629011352501
24,583,12.229301398125
24,584,12.2293013868825
24,585,12.2260513693675
24,586,12.2260513693675
24,587,12.2260513161625
24,588,12.225834355995001
24,589,12.126237598215
24,590,12.1262374186625
24,591,12.1262373197025
24,592,12.1262373052775
24,593,12.1262372226
24,594,12.1262372226
24,595,12.099211897450001
24,596,12.0992117245575
24,597,12.0992117245575
24,598,11.9327430323475
24,599,11.9327430323475
24,600,11.9327430323475
24,601,11.892043655445
24,602,11.8920434126
24,603,11.892043253205
24,604,11.8920432173875
24,605,11.891610250185
24,606,11.891610250185
24,607,11.8271781714475
24,608,11.82717802824
24,609,11.827177861532501
24,610,11.827177808970001
24,611,11.827177770567499
24,612,11.786746154422499
24,613,11.654374139115001
24,614,11.654374012482501
24,615,11.6543738254625
24,616,11.654373781035
24,617,11.6543737727775
24,618,11.6543737727775
24,619,11.60718089809
24,620,11.607180806355
24,621,11.6071808033575
24,622,11.5564300576325
24,623,11.5564300576325
24,624,11.5564300576325
24,625,11.367869654477499
24,626,11.367869524949999
24,627,11.36786933554
24,628,11.36786933181
24,629,11.3678693192
24,630,11.35573339335
24,631,11.23068672772
24,632,11.23068672772
24,633,11.230686490557499
24,634,11.230686490557499
24,635,11.230686490557499
24,636,11.230686490435001
24,637,11.1776478028175
24,638,11.17764762563
24,639,11.1753962939025
24,640,11.1753962939025
24,641,11.1753962939
24,642,11.174946510962501
24,643,11.09918724175
24,644,11.0805661779425
24,645,11.0805661779425
24,646,11.0805661779425
24,647,11.0638120306975
24,648,11.0638120306975
24,649,11.053647653110001
24,650,11.0440156116775
24,651,11.043895714642499
24,652,11.04389571464
24,653,11.04389571464
24,654,11.042115644105
24,655,11.0176934949375
24,656,11.017693465845
24,657,11.017693451935
24,658,11.017693451935
24,659,11.0084271459375
24,660,11.0084271459375
24,661,10.9693841356425
24,662,10.960713532745
24,663,10.960713521432499
24,664,10.960713521432499
24,665,10.960713511485
24,666,10.960713511485
24,667,10.904878693852499
24,668,10.900263565029999
24,669,10.857491265122501
24,670,10.857491265122501
24,671,10.8350450137
24,672,10.8350450137
24,673,10.710436142679999
24,674,10.7104361422575
24,675,10.70848112842
24,676,10.705059405455
24,677,10.69288253849
24,678,10.69288253849
24,679,10.6928687069375
24,680,10.6928687068475
24,681,10.687967623185
24,682,10.687967623185
24,683,10.687967623185
24,684,10.687967623185
24,685,10.687967549855
24,686,10.68018841578
24,687,10.6705326534175
24,688,10.666676354165
24,689,10.63419670091
24,690,10.634196700905
24,691,10.6341966998175
24,692,10.6305371915525
24,693,10.5884066522975
24,694,10.5884066522975
24,695,10.5783412578925
24,696,10.5783412578925
24,697,10.5783412578925
24,698,10.5783412578925
24,699,10.546471168915
24,700,10.546471168915
24,701,10.546471168915
24,702,10.5258205755525
24,703,10.5258205367725
24,704,10.5258205216575
24,705,10.501847493365
24,706,10.50073097474
24,707,10.5007307607125
24,708,10.5007307607125
24,709,10.50073073858
24,710,10.5007306674275
24,711,10.4952400636975
24,712,10.4947672004325
24,713,10.4895980636025
24,714,10.4895980636025
24,715,10.4793125358275
24,716,10.46064227425
24,717,10.406888591045
24,718,10.40668634349
24,719,10.40668634349
24,720,10.406686341615
24,721,10.4066863396125
24,722,10.406686294775
24,723,10.29897798126
24,724,10.29897798126
24,725,10.29897798126
24,726,10.29897798126
24,727,10.261261051485
24,728,10.261261022815
24,729,10.245722885252501
24,730,10.24572288311
24,731,10.2457228823975
24,732,10.2457228823975
24,733,10.2457228823975
24,734,10.2457228823975
24,735,10.147799333085
24,736,10.147799333085
24,737,10.13941903814
24,738,10.13941903814
24,739,10.04536161547
24,740,10.04536161547
24,741,9.97435777276
24,742,9.974357692735001
24,743,9.97435759876
24,744,9.9739991123925
24,745,9.96567505691
24,746,9.965675056805
24,747,9.937182664377499
24,748,9.9371826578075
24,749,9.93718264285
24,750,9.93718264285
24,751,9.9330742419875
24,752,9.9330742419875
24,753,9.8998377800075
24,754,9.898392641365
24,755,9.898392641365
24,756,9.898392641365
24,757,9.898392641360001
24,758,9.8983926412025
24,759,9.846817000369999
24,760,9.840087969952501
24,761,9.8400879518975
24,762,9.8400879518975
24,763,9.8400879518975
24,764,9.837560790645
24,765,9.81530470177
24,766,9.815304647080001
24,767,9.815304647080001
24,768,9.8095185229375
24,769,9.809518522925
24,770,9.8053610677875
24,771,9.777334759275
24,772,9.7730233520175
24,773,9.77302334243
24,774,9.7730233187375
24,775,9.7730233187375
24,776,9.7730233138925
24,777,9.7421710089775
24,778,9.7416361645425
24,779,9.741636159710001
24,780,9.730896842037499
24,781,9.73089683889
24,782,9.7308968360875
24,783,9.7287840331825
24,784,9.7287840331525
24,785,9.7257264177275
24,786,9.7245128813625
24,787,9.7245128813625
24,788,9.72451288034
24,789,9.7242824169125
24,790,9.72428241654
24,791,9.7242824165175
24,792,9.7242824165175
24,793,9.72356281862
24,794,9.72356281862
24,795,9.7219856300175
24,796,9.720670859224999
24,797,9.720670859224999
24,798,9.720670859224999
24,799,9.72067085918
24,800,9.7206708591625
24,801,9.7206708110275
24,802,9.709804998365
24,803,9.709804998365
24,804,9.709804998365
24,805,9.709804998365
24,806,9.7039919383775
24,807,9.7039919383725
24,808,9.7039919383725
24,809,9.7039919383725
24,810,9.701027028965
24,811,9.699664886457501
24,812,9.699664886457501
24,813,9.699664886457501
24,814,9.699664886457501
24,815,9.699664886457501
24,816,9.698567008655
24,817,9.698567008655
24,818,9.694032901507502
24,819,9.694032901507502
24,820,9.694032901507502
24,821,9.694032901507502
24,822,9.694032901507502
24,823,9.691787944767501
24,824,9.6905028599225
24,825,9.68752618645
24,826,9.68752618645
24,827,9.68752618645
24,828,9.68752618645
24,829,9.68752618645
24,830,9.683376475142499
24,831,9.683376475142499
24,832,9.679556497685
24,833,9.679556497685
24,834,9.679556497685
24,835,9.679556497685
24,836,9.679556497685
24,837,9.679556497685
24,838,9.6614770584575
24,839,9.6614770584575
24,840,9.6614770584575
24,841,9.6614770584575
24,842,9.6614770584575
24,843,9.6614770584575
24,844,9.6614770584575
24,845,9.6612939222125
24,846,9.6612939222125
24,847,9.6612939222125
24,848,9.6612939222125
24,849,9.65968157319
24,850,9.65968157319
24,851,9.6592611621725
24,852,9.6592611621725
24,853,9.658378175855
24,854,9.658378175855
24,855,9.658378175855
24,856,9.658378175855
24,857,9.658128171755
24,858,9.658128171755
24,859,9.658128171755
24,860,9.658128171755
24,861,9.658128171755
24,862,9.658128171755
24,863,9.658128171755
24,864,9.658128171755
24,865,9.658128171755
24,866,9.658128171755
24,867,9.658128171755
24,868,9.6554246615425
24,869,9.6553492759525
24,870,9.6553492759525
24,871,9.65460669368
24,872,9.65460669368
24,873,9.653463445075001
24,874,9.653463445075001
24,875,9.653463445075001
24,876,9.653411810525
24,877,9.653411810525
24,878,9.653411810525
24,879,9.649013180845
24,880,9.649013180845
24,881,9.649013180845
24,882,9.649013180845
24,883,9.649013180845
24,884,9.649013180845
24,885,9.64900890769
24,886,9.648746791547499
24,887,9.648746791547499
24,888,9.648746791547499
24,889,9.648746791547499
24,890,9.6456102838
24,891,9.6456102838
24,892,9.6456102838
24,893,9.6456102838
24,894,9.6456102838
24,895,9.6456102838
24,896,9.6456102838
24,897,9.6454351471675
24,898,9.6454351471675
24,899,9.645420019885
24,900,9.645420019885
24,901,9.645420019885
24,902,9.64503194791
24,903,9.64503194791
24,904,9.64503194791
24,905,9.64503194791
24,906,9.64503194791
24,907,9.6450290728775
24,908,9.6450290728775
24,909,9.644468837265
24,910,9.644468837265
24,911,9.643790623552501
24,912,9.643790623552501
24,913,9.6436363997075
24,914,9.6436363997075
24,915,9.6433823919075
24,916,9.6433018433675
24,917,9.6433018433675
24,918,9.643281352212501
24,919,9.643281352212501
24,920,9.643281352212501
24,921,9.6430106877675
24,922,9.6430106877675
24,923,9.6430106877675
24,924,9.6430106877675
24,925,9.6430106877675
24,926,9.6430106877675
24,927,9.6430106877675
24,928,9.6430106877675
24,929,9.6430106877675
24,930,9.6430106877675
24,931,9.6429769431075
24,932,9.6429769431075
24,933,9.6429769431075
24,934,9.6429769431075
24,935,9.6429769431075
24,936,9.6429769431075
24,937,9.6429769431075
24,938,9.6429769431075
24,939,9.6429769431075
24,940,9.6429769431075
24,941,9.6429769431075
24,942,9.6429769431075
24,943,9.6429769431075
24,944,9.6429769431075
24,945,9.6428231183625
24,946,9.6428231183625
24,947,9.6428231183625
24,948,9.6428231183625
24,949,9.6428231183625
24,950,9.570302327925
24,951,9.570302327925
24,952,9.570164215424999
24,953,9.570164215424999
24,954,9.4920927665425
24,955,9.49195561021
24,956,9.49195561021
24,957,9.49195561021
24,958,9.49195561021
24,959,9.491854774924999
24,960,9.491854774924999
24,961,9.49168037523
24,962,9.49168037523
24,963,9.49168037523
24,964,9.4916667793625
24,965,9.4916667793625
24,966,9.4916667793625
24,967,9.4916667793625
24,968,9.4916667793625
24,969,9.4915870854525
24,970,9.4915870854525
24,971,9.4915870854525
24,972,9.4915870854525
24,973,9.49153802432
24,974,9.49153802432
24,975,9.49153802432
24,976,9.49153802432
24,977,9.49153802432
24,978,9.49153802432
24,979,9.491517308372499
24,980,9.491517308372499
24,981,9.491517308372499
24,982,9.4914320776025
24,983,9.4914320776025
24,984,9.4914260808975
24,985,9.491358493045
24,986,9.491358493045
24,987,9.491358493045
24,988,9.491358493045
24,989,9.491358493045
24,990,9.491358493045
24,991,9.49129896963
24,992,9.49129896963
24,993,9.49129896963
24,994,9.49129896963
24,995,9.49128629953
24,996,9.49128629953
24,997,9.49128629953
24,998,9.49128629953
24,999,9.491277346539999
24,1000,9.491253071942499
