Running function 1 instance 6 repetition 0 with A2 MLSL, budget 50, run_from_scratch=True
Initial population: [], Initial fitness: []
Maximum number of function evaluations has been exceeded
Evaluations: 1085
Running function 1 instance 6 repetition 1 with A2 MLSL, budget 50, run_from_scratch=True
Initial population: [], Initial fitness: []
Maximum number of function evaluations has been exceeded
Evaluations: 1085
Running function 1 instance 6 repetition 2 with A2 MLSL, budget 50, run_from_scratch=True
Initial population: [], Initial fitness: []
Maximum number of function evaluations has been exceeded
Evaluations: 1085
Running function 1 instance 6 repetition 3 with A2 MLSL, budget 50, run_from_scratch=True
Initial population: [], Initial fitness: []
Maximum number of function evaluations has been exceeded
Evaluations: 1085
Running function 1 instance 6 repetition 4 with A2 MLSL, budget 50, run_from_scratch=True
Initial population: [], Initial fitness: []
Maximum number of function evaluations has been exceeded
Evaluations: 1085
Running function 1 instance 6 repetition 5 with A2 MLSL, budget 50, run_from_scratch=True
Initial population: [], Initial fitness: []
Maximum number of function evaluations has been exceeded
Evaluations: 1085
Running function 1 instance 6 repetition 6 with A2 MLSL, budget 50, run_from_scratch=True
Initial population: [], Initial fitness: []
Maximum number of function evaluations has been exceeded
Evaluations: 1085
Running function 1 instance 6 repetition 7 with A2 MLSL, budget 50, run_from_scratch=True
Initial population: [], Initial fitness: []
Maximum number of function evaluations has been exceeded
Evaluations: 1085
Running function 1 instance 6 repetition 8 with A2 MLSL, budget 50, run_from_scratch=True
Initial population: [], Initial fitness: []
Maximum number of function evaluations has been exceeded
Evaluations: 1085
Running function 1 instance 6 repetition 9 with A2 MLSL, budget 50, run_from_scratch=True
Initial population: [], Initial fitness: []
Maximum number of function evaluations has been exceeded
Evaluations: 1085
Running function 1 instance 6 repetition 10 with A2 MLSL, budget 50, run_from_scratch=True
Initial population: [], Initial fitness: []
Maximum number of function evaluations has been exceeded
Evaluations: 1085
Running function 1 instance 6 repetition 11 with A2 MLSL, budget 50, run_from_scratch=True
Initial population: [], Initial fitness: []
Maximum number of function evaluations has been exceeded
Evaluations: 1085
Running function 1 instance 6 repetition 12 with A2 MLSL, budget 50, run_from_scratch=True
Initial population: [], Initial fitness: []
Maximum number of function evaluations has been exceeded
Evaluations: 1085
Running function 1 instance 6 repetition 13 with A2 MLSL, budget 50, run_from_scratch=True
Initial population: [], Initial fitness: []
Maximum number of function evaluations has been exceeded
Evaluations: 1085
Running function 1 instance 6 repetition 14 with A2 MLSL, budget 50, run_from_scratch=True
Initial population: [], Initial fitness: []
Maximum number of function evaluations has been exceeded
Evaluations: 1085
Running function 1 instance 6 repetition 15 with A2 MLSL, budget 50, run_from_scratch=True
Initial population: [], Initial fitness: []
Maximum number of function evaluations has been exceeded
Evaluations: 1085
Running function 1 instance 6 repetition 16 with A2 MLSL, budget 50, run_from_scratch=True
Initial population: [], Initial fitness: []
Maximum number of function evaluations has been exceeded
Evaluations: 1085
Running function 1 instance 6 repetition 17 with A2 MLSL, budget 50, run_from_scratch=True
Initial population: [], Initial fitness: []
Maximum number of function evaluations has been exceeded
Evaluations: 1085
Running function 1 instance 6 repetition 18 with A2 MLSL, budget 50, run_from_scratch=True
Initial population: [], Initial fitness: []
Maximum number of function evaluations has been exceeded
Evaluations: 1085
Running function 1 instance 6 repetition 19 with A2 MLSL, budget 50, run_from_scratch=True
Initial population: [], Initial fitness: []
Maximum number of function evaluations has been exceeded
Evaluations: 1085
Running function 1 instance 7 repetition 0 with A2 MLSL, budget 50, run_from_scratch=True
Initial population: [], Initial fitness: []
Evaluations: 1085
Running function 1 instance 7 repetition 1 with A2 MLSL, budget 50, run_from_scratch=True
Initial population: [], Initial fitness: []
Maximum number of function evaluations has been exceeded
Evaluations: 1085
Running function 1 instance 7 repetition 2 with A2 MLSL, budget 50, run_from_scratch=True
Initial population: [], Initial fitness: []
Maximum number of function evaluations has been exceeded
Evaluations: 1085
Running function 1 instance 7 repetition 3 with A2 MLSL, budget 50, run_from_scratch=True
Initial population: [], Initial fitness: []
Maximum number of function evaluations has been exceeded
Evaluations: 1085
Running function 1 instance 7 repetition 4 with A2 MLSL, budget 50, run_from_scratch=True
Initial population: [], Initial fitness: []
Maximum number of function evaluations has been exceeded
Evaluations: 1085
Running function 1 instance 7 repetition 5 with A2 MLSL, budget 50, run_from_scratch=True
Initial population: [], Initial fitness: []
Maximum number of function evaluations has been exceeded
Evaluations: 1085
Running function 1 instance 7 repetition 6 with A2 MLSL, budget 50, run_from_scratch=True
Initial population: [], Initial fitness: []
Maximum number of function evaluations has been exceeded
Evaluations: 1085
Running function 1 instance 7 repetition 7 with A2 MLSL, budget 50, run_from_scratch=True
Initial population: [], Initial fitness: []
Maximum number of function evaluations has been exceeded
Evaluations: 1085
Running function 1 instance 7 repetition 8 with A2 MLSL, budget 50, run_from_scratch=True
Initial population: [], Initial fitness: []
Maximum number of function evaluations has been exceeded
Evaluations: 1085
Running function 1 instance 7 repetition 9 with A2 MLSL, budget 50, run_from_scratch=True
Initial population: [], Initial fitness: []
Maximum number of function evaluations has been exceeded
Evaluations: 1085
Running function 1 instance 7 repetition 10 with A2 MLSL, budget 50, run_from_scratch=True
Initial population: [], Initial fitness: []
Maximum number of function evaluations has been exceeded
Evaluations: 1085
Running function 1 instance 7 repetition 11 with A2 MLSL, budget 50, run_from_scratch=True
Initial population: [], Initial fitness: []
Maximum number of function evaluations has been exceeded
Evaluations: 1085
Running function 1 instance 7 repetition 12 with A2 MLSL, budget 50, run_from_scratch=True
Initial population: [], Initial fitness: []
Maximum number of function evaluations has been exceeded
Evaluations: 1085
Running function 1 instance 7 repetition 13 with A2 MLSL, budget 50, run_from_scratch=True
Initial population: [], Initial fitness: []
Maximum number of function evaluations has been exceeded
Evaluations: 1085
Running function 1 instance 7 repetition 14 with A2 MLSL, budget 50, run_from_scratch=True
Initial population: [], Initial fitness: []
Maximum number of function evaluations has been exceeded
Evaluations: 1085
Running function 1 instance 7 repetition 15 with A2 MLSL, budget 50, run_from_scratch=True
Initial population: [], Initial fitness: []
Maximum number of function evaluations has been exceeded
Evaluations: 1085
Running function 1 instance 7 repetition 16 with A2 MLSL, budget 50, run_from_scratch=True
Initial population: [], Initial fitness: []
Maximum number of function evaluations has been exceeded
Evaluations: 1085
Running function 1 instance 7 repetition 17 with A2 MLSL, budget 50, run_from_scratch=True
Initial population: [], Initial fitness: []
Maximum number of function evaluations has been exceeded
Evaluations: 1085
Running function 1 instance 7 repetition 18 with A2 MLSL, budget 50, run_from_scratch=True
Initial population: [], Initial fitness: []
Maximum number of function evaluations has been exceeded
Evaluations: 1085
Running function 1 instance 7 repetition 19 with A2 MLSL, budget 50, run_from_scratch=True
Initial population: [], Initial fitness: []
Maximum number of function evaluations has been exceeded
Evaluations: 1085
Running function 2 instance 6 repetition 0 with A2 MLSL, budget 50, run_from_scratch=True
Initial population: [], Initial fitness: []
Maximum number of function evaluations has been exceeded
Evaluations: 1085
Running function 2 instance 6 repetition 1 with A2 MLSL, budget 50, run_from_scratch=True
Initial population: [], Initial fitness: []
Maximum number of function evaluations has been exceeded
Evaluations: 1085
Running function 2 instance 6 repetition 2 with A2 MLSL, budget 50, run_from_scratch=True
Initial population: [], Initial fitness: []
Maximum number of function evaluations has been exceeded
Evaluations: 1085
Running function 2 instance 6 repetition 3 with A2 MLSL, budget 50, run_from_scratch=True
Initial population: [], Initial fitness: []
Maximum number of function evaluations has been exceeded
Evaluations: 1085
Running function 2 instance 6 repetition 4 with A2 MLSL, budget 50, run_from_scratch=True
Initial population: [], Initial fitness: []
Maximum number of function evaluations has been exceeded
Evaluations: 1085
Running function 2 instance 6 repetition 5 with A2 MLSL, budget 50, run_from_scratch=True
Initial population: [], Initial fitness: []
Maximum number of function evaluations has been exceeded
Evaluations: 1085
Running function 2 instance 6 repetition 6 with A2 MLSL, budget 50, run_from_scratch=True
Initial population: [], Initial fitness: []
Maximum number of function evaluations has been exceeded
Evaluations: 1085
Running function 2 instance 6 repetition 7 with A2 MLSL, budget 50, run_from_scratch=True
Initial population: [], Initial fitness: []
Maximum number of function evaluations has been exceeded
Evaluations: 1085
Running function 2 instance 6 repetition 8 with A2 MLSL, budget 50, run_from_scratch=True
Initial population: [], Initial fitness: []
Maximum number of function evaluations has been exceeded
Evaluations: 1085
Running function 2 instance 6 repetition 9 with A2 MLSL, budget 50, run_from_scratch=True
Initial population: [], Initial fitness: []
Maximum number of function evaluations has been exceeded
Evaluations: 1085
Running function 2 instance 6 repetition 10 with A2 MLSL, budget 50, run_from_scratch=True
Initial population: [], Initial fitness: []
Maximum number of function evaluations has been exceeded
Evaluations: 1085
Running function 2 instance 6 repetition 11 with A2 MLSL, budget 50, run_from_scratch=True
Initial population: [], Initial fitness: []
Maximum number of function evaluations has been exceeded
Evaluations: 1085
Running function 2 instance 6 repetition 12 with A2 MLSL, budget 50, run_from_scratch=True
Initial population: [], Initial fitness: []
Maximum number of function evaluations has been exceeded
Evaluations: 1085
Running function 2 instance 6 repetition 13 with A2 MLSL, budget 50, run_from_scratch=True
Initial population: [], Initial fitness: []
Maximum number of function evaluations has been exceeded
Evaluations: 1085
Running function 2 instance 6 repetition 14 with A2 MLSL, budget 50, run_from_scratch=True
Initial population: [], Initial fitness: []
Maximum number of function evaluations has been exceeded
Evaluations: 1085
Running function 2 instance 6 repetition 15 with A2 MLSL, budget 50, run_from_scratch=True
Initial population: [], Initial fitness: []
Maximum number of function evaluations has been exceeded
Evaluations: 1085
Running function 2 instance 6 repetition 16 with A2 MLSL, budget 50, run_from_scratch=True
Initial population: [], Initial fitness: []
Maximum number of function evaluations has been exceeded
Evaluations: 1085
Running function 2 instance 6 repetition 17 with A2 MLSL, budget 50, run_from_scratch=True
Initial population: [], Initial fitness: []
Maximum number of function evaluations has been exceeded
Evaluations: 1085
Running function 2 instance 6 repetition 18 with A2 MLSL, budget 50, run_from_scratch=True
Initial population: [], Initial fitness: []
Maximum number of function evaluations has been exceeded
Evaluations: 1085
Running function 2 instance 6 repetition 19 with A2 MLSL, budget 50, run_from_scratch=True
Initial population: [], Initial fitness: []
Maximum number of function evaluations has been exceeded
Evaluations: 1085
Running function 2 instance 7 repetition 0 with A2 MLSL, budget 50, run_from_scratch=True
Initial population: [], Initial fitness: []
Maximum number of function evaluations has been exceeded
Evaluations: 1085
Running function 2 instance 7 repetition 1 with A2 MLSL, budget 50, run_from_scratch=True
Initial population: [], Initial fitness: []
Maximum number of function evaluations has been exceeded
Evaluations: 1085
Running function 2 instance 7 repetition 2 with A2 MLSL, budget 50, run_from_scratch=True
Initial population: [], Initial fitness: []
Maximum number of function evaluations has been exceeded
Evaluations: 1085
Running function 2 instance 7 repetition 3 with A2 MLSL, budget 50, run_from_scratch=True
Initial population: [], Initial fitness: []
Maximum number of function evaluations has been exceeded
Evaluations: 1085
Running function 2 instance 7 repetition 4 with A2 MLSL, budget 50, run_from_scratch=True
Initial population: [], Initial fitness: []
Maximum number of function evaluations has been exceeded
Evaluations: 1085
Running function 2 instance 7 repetition 5 with A2 MLSL, budget 50, run_from_scratch=True
Initial population: [], Initial fitness: []
Maximum number of function evaluations has been exceeded
Evaluations: 1085
Running function 2 instance 7 repetition 6 with A2 MLSL, budget 50, run_from_scratch=True
Initial population: [], Initial fitness: []
Maximum number of function evaluations has been exceeded
Evaluations: 1085
Running function 2 instance 7 repetition 7 with A2 MLSL, budget 50, run_from_scratch=True
Initial population: [], Initial fitness: []
Maximum number of function evaluations has been exceeded
Evaluations: 1085
Running function 2 instance 7 repetition 8 with A2 MLSL, budget 50, run_from_scratch=True
Initial population: [], Initial fitness: []
Maximum number of function evaluations has been exceeded
Evaluations: 1085
Running function 2 instance 7 repetition 9 with A2 MLSL, budget 50, run_from_scratch=True
Initial population: [], Initial fitness: []
Maximum number of function evaluations has been exceeded
Evaluations: 1085
Running function 2 instance 7 repetition 10 with A2 MLSL, budget 50, run_from_scratch=True
Initial population: [], Initial fitness: []
Maximum number of function evaluations has been exceeded
Evaluations: 1085
Running function 2 instance 7 repetition 11 with A2 MLSL, budget 50, run_from_scratch=True
Initial population: [], Initial fitness: []
Maximum number of function evaluations has been exceeded
Evaluations: 1085
Running function 2 instance 7 repetition 12 with A2 MLSL, budget 50, run_from_scratch=True
Initial population: [], Initial fitness: []
Maximum number of function evaluations has been exceeded
Evaluations: 1085
Running function 2 instance 7 repetition 13 with A2 MLSL, budget 50, run_from_scratch=True
Initial population: [], Initial fitness: []
Maximum number of function evaluations has been exceeded
Evaluations: 1085
Running function 2 instance 7 repetition 14 with A2 MLSL, budget 50, run_from_scratch=True
Initial population: [], Initial fitness: []
Maximum number of function evaluations has been exceeded
Evaluations: 1085
Running function 2 instance 7 repetition 15 with A2 MLSL, budget 50, run_from_scratch=True
Initial population: [], Initial fitness: []
Maximum number of function evaluations has been exceeded
Evaluations: 1085
Running function 2 instance 7 repetition 16 with A2 MLSL, budget 50, run_from_scratch=True
Initial population: [], Initial fitness: []
Maximum number of function evaluations has been exceeded
Evaluations: 1085
Running function 2 instance 7 repetition 17 with A2 MLSL, budget 50, run_from_scratch=True
Initial population: [], Initial fitness: []
Maximum number of function evaluations has been exceeded
Evaluations: 1085
Running function 2 instance 7 repetition 18 with A2 MLSL, budget 50, run_from_scratch=True
Initial population: [], Initial fitness: []
Maximum number of function evaluations has been exceeded
Evaluations: 1085
Running function 2 instance 7 repetition 19 with A2 MLSL, budget 50, run_from_scratch=True
Initial population: [], Initial fitness: []
Maximum number of function evaluations has been exceeded
Evaluations: 1085
Running function 3 instance 6 repetition 0 with A2 MLSL, budget 50, run_from_scratch=True
Initial population: [], Initial fitness: []
Maximum number of function evaluations has been exceeded
Evaluations: 1085
Running function 3 instance 6 repetition 1 with A2 MLSL, budget 50, run_from_scratch=True
Initial population: [], Initial fitness: []
Maximum number of function evaluations has been exceeded
Evaluations: 1085
Running function 3 instance 6 repetition 2 with A2 MLSL, budget 50, run_from_scratch=True
Initial population: [], Initial fitness: []
Maximum number of function evaluations has been exceeded
Evaluations: 1085
Running function 3 instance 6 repetition 3 with A2 MLSL, budget 50, run_from_scratch=True
Initial population: [], Initial fitness: []
Maximum number of function evaluations has been exceeded
Evaluations: 1085
Running function 3 instance 6 repetition 4 with A2 MLSL, budget 50, run_from_scratch=True
Initial population: [], Initial fitness: []
Maximum number of function evaluations has been exceeded
Evaluations: 1085
Running function 3 instance 6 repetition 5 with A2 MLSL, budget 50, run_from_scratch=True
Initial population: [], Initial fitness: []
Maximum number of function evaluations has been exceeded
Evaluations: 1085
Running function 3 instance 6 repetition 6 with A2 MLSL, budget 50, run_from_scratch=True
Initial population: [], Initial fitness: []
Maximum number of function evaluations has been exceeded
Evaluations: 1085
Running function 3 instance 6 repetition 7 with A2 MLSL, budget 50, run_from_scratch=True
Initial population: [], Initial fitness: []
Maximum number of function evaluations has been exceeded
Evaluations: 1085
Running function 3 instance 6 repetition 8 with A2 MLSL, budget 50, run_from_scratch=True
Initial population: [], Initial fitness: []
Maximum number of function evaluations has been exceeded
Evaluations: 1085
Running function 3 instance 6 repetition 9 with A2 MLSL, budget 50, run_from_scratch=True
Initial population: [], Initial fitness: []
Maximum number of function evaluations has been exceeded
Evaluations: 1085
Running function 3 instance 6 repetition 10 with A2 MLSL, budget 50, run_from_scratch=True
Initial population: [], Initial fitness: []
Maximum number of function evaluations has been exceeded
Evaluations: 1085
Running function 3 instance 6 repetition 11 with A2 MLSL, budget 50, run_from_scratch=True
Initial population: [], Initial fitness: []
Maximum number of function evaluations has been exceeded
Evaluations: 1085
Running function 3 instance 6 repetition 12 with A2 MLSL, budget 50, run_from_scratch=True
Initial population: [], Initial fitness: []
Maximum number of function evaluations has been exceeded
Evaluations: 1085
Running function 3 instance 6 repetition 13 with A2 MLSL, budget 50, run_from_scratch=True
Initial population: [], Initial fitness: []
Maximum number of function evaluations has been exceeded
Evaluations: 1085
Running function 3 instance 6 repetition 14 with A2 MLSL, budget 50, run_from_scratch=True
Initial population: [], Initial fitness: []
Maximum number of function evaluations has been exceeded
Evaluations: 1085
Running function 3 instance 6 repetition 15 with A2 MLSL, budget 50, run_from_scratch=True
Initial population: [], Initial fitness: []
Maximum number of function evaluations has been exceeded
Evaluations: 1085
Running function 3 instance 6 repetition 16 with A2 MLSL, budget 50, run_from_scratch=True
Initial population: [], Initial fitness: []
Maximum number of function evaluations has been exceeded
Evaluations: 1085
Running function 3 instance 6 repetition 17 with A2 MLSL, budget 50, run_from_scratch=True
Initial population: [], Initial fitness: []
Maximum number of function evaluations has been exceeded
Evaluations: 1085
Running function 3 instance 6 repetition 18 with A2 MLSL, budget 50, run_from_scratch=True
Initial population: [], Initial fitness: []
Maximum number of function evaluations has been exceeded
Evaluations: 1085
Running function 3 instance 6 repetition 19 with A2 MLSL, budget 50, run_from_scratch=True
Initial population: [], Initial fitness: []
Maximum number of function evaluations has been exceeded
Evaluations: 1085
Running function 3 instance 7 repetition 0 with A2 MLSL, budget 50, run_from_scratch=True
Initial population: [], Initial fitness: []
Maximum number of function evaluations has been exceeded
Evaluations: 1085
Running function 3 instance 7 repetition 1 with A2 MLSL, budget 50, run_from_scratch=True
Initial population: [], Initial fitness: []
Maximum number of function evaluations has been exceeded
Evaluations: 1085
Running function 3 instance 7 repetition 2 with A2 MLSL, budget 50, run_from_scratch=True
Initial population: [], Initial fitness: []
Maximum number of function evaluations has been exceeded
Evaluations: 1085
Running function 3 instance 7 repetition 3 with A2 MLSL, budget 50, run_from_scratch=True
Initial population: [], Initial fitness: []
Maximum number of function evaluations has been exceeded
Evaluations: 1085
Running function 3 instance 7 repetition 4 with A2 MLSL, budget 50, run_from_scratch=True
Initial population: [], Initial fitness: []
Maximum number of function evaluations has been exceeded
Evaluations: 1085
Running function 3 instance 7 repetition 5 with A2 MLSL, budget 50, run_from_scratch=True
Initial population: [], Initial fitness: []
Maximum number of function evaluations has been exceeded
Evaluations: 1085
Running function 3 instance 7 repetition 6 with A2 MLSL, budget 50, run_from_scratch=True
Initial population: [], Initial fitness: []
Maximum number of function evaluations has been exceeded
Evaluations: 1085
Running function 3 instance 7 repetition 7 with A2 MLSL, budget 50, run_from_scratch=True
Initial population: [], Initial fitness: []
Maximum number of function evaluations has been exceeded
Evaluations: 1085
Running function 3 instance 7 repetition 8 with A2 MLSL, budget 50, run_from_scratch=True
Initial population: [], Initial fitness: []
Maximum number of function evaluations has been exceeded
Evaluations: 1085
Running function 3 instance 7 repetition 9 with A2 MLSL, budget 50, run_from_scratch=True
Initial population: [], Initial fitness: []
Maximum number of function evaluations has been exceeded
Evaluations: 1085
Running function 3 instance 7 repetition 10 with A2 MLSL, budget 50, run_from_scratch=True
Initial population: [], Initial fitness: []
Maximum number of function evaluations has been exceeded
Evaluations: 1085
Running function 3 instance 7 repetition 11 with A2 MLSL, budget 50, run_from_scratch=True
Initial population: [], Initial fitness: []
Maximum number of function evaluations has been exceeded
Evaluations: 1085
Running function 3 instance 7 repetition 12 with A2 MLSL, budget 50, run_from_scratch=True
Initial population: [], Initial fitness: []
Maximum number of function evaluations has been exceeded
Evaluations: 1085
Running function 3 instance 7 repetition 13 with A2 MLSL, budget 50, run_from_scratch=True
Initial population: [], Initial fitness: []
Maximum number of function evaluations has been exceeded
Evaluations: 1085
Running function 3 instance 7 repetition 14 with A2 MLSL, budget 50, run_from_scratch=True
Initial population: [], Initial fitness: []
Maximum number of function evaluations has been exceeded
Evaluations: 1085
Running function 3 instance 7 repetition 15 with A2 MLSL, budget 50, run_from_scratch=True
Initial population: [], Initial fitness: []
Maximum number of function evaluations has been exceeded
Evaluations: 1085
Running function 3 instance 7 repetition 16 with A2 MLSL, budget 50, run_from_scratch=True
Initial population: [], Initial fitness: []
Maximum number of function evaluations has been exceeded
Evaluations: 1085
Running function 3 instance 7 repetition 17 with A2 MLSL, budget 50, run_from_scratch=True
Initial population: [], Initial fitness: []
Maximum number of function evaluations has been exceeded
Evaluations: 1085
Running function 3 instance 7 repetition 18 with A2 MLSL, budget 50, run_from_scratch=True
Initial population: [], Initial fitness: []
Maximum number of function evaluations has been exceeded
Evaluations: 1085
Running function 3 instance 7 repetition 19 with A2 MLSL, budget 50, run_from_scratch=True
Initial population: [], Initial fitness: []
Maximum number of function evaluations has been exceeded
Evaluations: 1085
Running function 4 instance 6 repetition 0 with A2 MLSL, budget 50, run_from_scratch=True
Initial population: [], Initial fitness: []
Maximum number of function evaluations has been exceeded
Evaluations: 1085
Running function 4 instance 6 repetition 1 with A2 MLSL, budget 50, run_from_scratch=True
Initial population: [], Initial fitness: []
Maximum number of function evaluations has been exceeded
Evaluations: 1085
Running function 4 instance 6 repetition 2 with A2 MLSL, budget 50, run_from_scratch=True
Initial population: [], Initial fitness: []
Maximum number of function evaluations has been exceeded
Evaluations: 1085
Running function 4 instance 6 repetition 3 with A2 MLSL, budget 50, run_from_scratch=True
Initial population: [], Initial fitness: []
Maximum number of function evaluations has been exceeded
Evaluations: 1085
Running function 4 instance 6 repetition 4 with A2 MLSL, budget 50, run_from_scratch=True
Initial population: [], Initial fitness: []
Maximum number of function evaluations has been exceeded
Evaluations: 1085
Running function 4 instance 6 repetition 5 with A2 MLSL, budget 50, run_from_scratch=True
Initial population: [], Initial fitness: []
Maximum number of function evaluations has been exceeded
Evaluations: 1085
Running function 4 instance 6 repetition 6 with A2 MLSL, budget 50, run_from_scratch=True
Initial population: [], Initial fitness: []
Maximum number of function evaluations has been exceeded
Evaluations: 1085
Running function 4 instance 6 repetition 7 with A2 MLSL, budget 50, run_from_scratch=True
Initial population: [], Initial fitness: []
Maximum number of function evaluations has been exceeded
Evaluations: 1085
Running function 4 instance 6 repetition 8 with A2 MLSL, budget 50, run_from_scratch=True
Initial population: [], Initial fitness: []
Maximum number of function evaluations has been exceeded
Evaluations: 1085
Running function 4 instance 6 repetition 9 with A2 MLSL, budget 50, run_from_scratch=True
Initial population: [], Initial fitness: []
Maximum number of function evaluations has been exceeded
Evaluations: 1085
Running function 4 instance 6 repetition 10 with A2 MLSL, budget 50, run_from_scratch=True
Initial population: [], Initial fitness: []
Maximum number of function evaluations has been exceeded
Evaluations: 1085
Running function 4 instance 6 repetition 11 with A2 MLSL, budget 50, run_from_scratch=True
Initial population: [], Initial fitness: []
Maximum number of function evaluations has been exceeded
Evaluations: 1085
Running function 4 instance 6 repetition 12 with A2 MLSL, budget 50, run_from_scratch=True
Initial population: [], Initial fitness: []
Maximum number of function evaluations has been exceeded
Evaluations: 1085
Running function 4 instance 6 repetition 13 with A2 MLSL, budget 50, run_from_scratch=True
Initial population: [], Initial fitness: []
Maximum number of function evaluations has been exceeded
Evaluations: 1085
Running function 4 instance 6 repetition 14 with A2 MLSL, budget 50, run_from_scratch=True
Initial population: [], Initial fitness: []
Maximum number of function evaluations has been exceeded
Evaluations: 1085
Running function 4 instance 6 repetition 15 with A2 MLSL, budget 50, run_from_scratch=True
Initial population: [], Initial fitness: []
Maximum number of function evaluations has been exceeded
Evaluations: 1085
Running function 4 instance 6 repetition 16 with A2 MLSL, budget 50, run_from_scratch=True
Initial population: [], Initial fitness: []
Maximum number of function evaluations has been exceeded
Evaluations: 1085
Running function 4 instance 6 repetition 17 with A2 MLSL, budget 50, run_from_scratch=True
Initial population: [], Initial fitness: []
Maximum number of function evaluations has been exceeded
Evaluations: 1085
Running function 4 instance 6 repetition 18 with A2 MLSL, budget 50, run_from_scratch=True
Initial population: [], Initial fitness: []
Maximum number of function evaluations has been exceeded
Evaluations: 1085
Running function 4 instance 6 repetition 19 with A2 MLSL, budget 50, run_from_scratch=True
Initial population: [], Initial fitness: []
Maximum number of function evaluations has been exceeded
Evaluations: 1085
Running function 4 instance 7 repetition 0 with A2 MLSL, budget 50, run_from_scratch=True
Initial population: [], Initial fitness: []
Maximum number of function evaluations has been exceeded
Evaluations: 1085
Running function 4 instance 7 repetition 1 with A2 MLSL, budget 50, run_from_scratch=True
Initial population: [], Initial fitness: []
Maximum number of function evaluations has been exceeded
Evaluations: 1085
Running function 4 instance 7 repetition 2 with A2 MLSL, budget 50, run_from_scratch=True
Initial population: [], Initial fitness: []
Maximum number of function evaluations has been exceeded
Evaluations: 1085
Running function 4 instance 7 repetition 3 with A2 MLSL, budget 50, run_from_scratch=True
Initial population: [], Initial fitness: []
Maximum number of function evaluations has been exceeded
Evaluations: 1085
Running function 4 instance 7 repetition 4 with A2 MLSL, budget 50, run_from_scratch=True
Initial population: [], Initial fitness: []
Maximum number of function evaluations has been exceeded
Evaluations: 1085
Running function 4 instance 7 repetition 5 with A2 MLSL, budget 50, run_from_scratch=True
Initial population: [], Initial fitness: []
Maximum number of function evaluations has been exceeded
Evaluations: 1085
Running function 4 instance 7 repetition 6 with A2 MLSL, budget 50, run_from_scratch=True
Initial population: [], Initial fitness: []
Maximum number of function evaluations has been exceeded
Evaluations: 1085
Running function 4 instance 7 repetition 7 with A2 MLSL, budget 50, run_from_scratch=True
Initial population: [], Initial fitness: []
Maximum number of function evaluations has been exceeded
Evaluations: 1085
Running function 4 instance 7 repetition 8 with A2 MLSL, budget 50, run_from_scratch=True
Initial population: [], Initial fitness: []
Maximum number of function evaluations has been exceeded
Evaluations: 1085
Running function 4 instance 7 repetition 9 with A2 MLSL, budget 50, run_from_scratch=True
Initial population: [], Initial fitness: []
Maximum number of function evaluations has been exceeded
Evaluations: 1085
Running function 4 instance 7 repetition 10 with A2 MLSL, budget 50, run_from_scratch=True
Initial population: [], Initial fitness: []
Maximum number of function evaluations has been exceeded
Evaluations: 1085
Running function 4 instance 7 repetition 11 with A2 MLSL, budget 50, run_from_scratch=True
Initial population: [], Initial fitness: []
Maximum number of function evaluations has been exceeded
Evaluations: 1085
Running function 4 instance 7 repetition 12 with A2 MLSL, budget 50, run_from_scratch=True
Initial population: [], Initial fitness: []
Maximum number of function evaluations has been exceeded
Evaluations: 1085
Running function 4 instance 7 repetition 13 with A2 MLSL, budget 50, run_from_scratch=True
Initial population: [], Initial fitness: []
Maximum number of function evaluations has been exceeded
Evaluations: 1085
Running function 4 instance 7 repetition 14 with A2 MLSL, budget 50, run_from_scratch=True
Initial population: [], Initial fitness: []
Maximum number of function evaluations has been exceeded
Evaluations: 1085
Running function 4 instance 7 repetition 15 with A2 MLSL, budget 50, run_from_scratch=True
Initial population: [], Initial fitness: []
Maximum number of function evaluations has been exceeded
Evaluations: 1085
Running function 4 instance 7 repetition 16 with A2 MLSL, budget 50, run_from_scratch=True
Initial population: [], Initial fitness: []
Maximum number of function evaluations has been exceeded
Evaluations: 1085
Running function 4 instance 7 repetition 17 with A2 MLSL, budget 50, run_from_scratch=True
Initial population: [], Initial fitness: []
Maximum number of function evaluations has been exceeded
Evaluations: 1085
Running function 4 instance 7 repetition 18 with A2 MLSL, budget 50, run_from_scratch=True
Initial population: [], Initial fitness: []
Maximum number of function evaluations has been exceeded
Evaluations: 1085
Running function 4 instance 7 repetition 19 with A2 MLSL, budget 50, run_from_scratch=True
Initial population: [], Initial fitness: []
Maximum number of function evaluations has been exceeded
Evaluations: 1085
Running function 5 instance 6 repetition 0 with A2 MLSL, budget 50, run_from_scratch=True
Initial population: [], Initial fitness: []
Maximum number of function evaluations has been exceeded
Evaluations: 1085
Running function 5 instance 6 repetition 1 with A2 MLSL, budget 50, run_from_scratch=True
Initial population: [], Initial fitness: []
Maximum number of function evaluations has been exceeded
Evaluations: 1085
Running function 5 instance 6 repetition 2 with A2 MLSL, budget 50, run_from_scratch=True
Initial population: [], Initial fitness: []
Maximum number of function evaluations has been exceeded
Evaluations: 1085
Running function 5 instance 6 repetition 3 with A2 MLSL, budget 50, run_from_scratch=True
Initial population: [], Initial fitness: []
Maximum number of function evaluations has been exceeded
Evaluations: 1085
Running function 5 instance 6 repetition 4 with A2 MLSL, budget 50, run_from_scratch=True
Initial population: [], Initial fitness: []
Maximum number of function evaluations has been exceeded
Evaluations: 1085
Running function 5 instance 6 repetition 5 with A2 MLSL, budget 50, run_from_scratch=True
Initial population: [], Initial fitness: []
Maximum number of function evaluations has been exceeded
Evaluations: 1085
Running function 5 instance 6 repetition 6 with A2 MLSL, budget 50, run_from_scratch=True
Initial population: [], Initial fitness: []
Maximum number of function evaluations has been exceeded
Evaluations: 1085
Running function 5 instance 6 repetition 7 with A2 MLSL, budget 50, run_from_scratch=True
Initial population: [], Initial fitness: []
Maximum number of function evaluations has been exceeded
Evaluations: 1085
Running function 5 instance 6 repetition 8 with A2 MLSL, budget 50, run_from_scratch=True
Initial population: [], Initial fitness: []
Maximum number of function evaluations has been exceeded
Evaluations: 1085
Running function 5 instance 6 repetition 9 with A2 MLSL, budget 50, run_from_scratch=True
Initial population: [], Initial fitness: []
Maximum number of function evaluations has been exceeded
Evaluations: 1085
Running function 5 instance 6 repetition 10 with A2 MLSL, budget 50, run_from_scratch=True
Initial population: [], Initial fitness: []
Maximum number of function evaluations has been exceeded
Evaluations: 1085
Running function 5 instance 6 repetition 11 with A2 MLSL, budget 50, run_from_scratch=True
Initial population: [], Initial fitness: []
Maximum number of function evaluations has been exceeded
Evaluations: 1085
Running function 5 instance 6 repetition 12 with A2 MLSL, budget 50, run_from_scratch=True
Initial population: [], Initial fitness: []
Maximum number of function evaluations has been exceeded
Evaluations: 1085
Running function 5 instance 6 repetition 13 with A2 MLSL, budget 50, run_from_scratch=True
Initial population: [], Initial fitness: []
Maximum number of function evaluations has been exceeded
Evaluations: 1085
Running function 5 instance 6 repetition 14 with A2 MLSL, budget 50, run_from_scratch=True
Initial population: [], Initial fitness: []
Maximum number of function evaluations has been exceeded
Evaluations: 1085
Running function 5 instance 6 repetition 15 with A2 MLSL, budget 50, run_from_scratch=True
Initial population: [], Initial fitness: []
Maximum number of function evaluations has been exceeded
Evaluations: 1085
Running function 5 instance 6 repetition 16 with A2 MLSL, budget 50, run_from_scratch=True
Initial population: [], Initial fitness: []
Maximum number of function evaluations has been exceeded
Evaluations: 1085
Running function 5 instance 6 repetition 17 with A2 MLSL, budget 50, run_from_scratch=True
Initial population: [], Initial fitness: []
Maximum number of function evaluations has been exceeded
Evaluations: 1085
Running function 5 instance 6 repetition 18 with A2 MLSL, budget 50, run_from_scratch=True
Initial population: [], Initial fitness: []
Maximum number of function evaluations has been exceeded
Evaluations: 1085
Running function 5 instance 6 repetition 19 with A2 MLSL, budget 50, run_from_scratch=True
Initial population: [], Initial fitness: []
Maximum number of function evaluations has been exceeded
Evaluations: 1085
Running function 5 instance 7 repetition 0 with A2 MLSL, budget 50, run_from_scratch=True
Initial population: [], Initial fitness: []
Maximum number of function evaluations has been exceeded
Evaluations: 1085
Running function 5 instance 7 repetition 1 with A2 MLSL, budget 50, run_from_scratch=True
Initial population: [], Initial fitness: []
Maximum number of function evaluations has been exceeded
Evaluations: 1085
Running function 5 instance 7 repetition 2 with A2 MLSL, budget 50, run_from_scratch=True
Initial population: [], Initial fitness: []
Maximum number of function evaluations has been exceeded
Evaluations: 1085
Running function 5 instance 7 repetition 3 with A2 MLSL, budget 50, run_from_scratch=True
Initial population: [], Initial fitness: []
Maximum number of function evaluations has been exceeded
Evaluations: 1085
Running function 5 instance 7 repetition 4 with A2 MLSL, budget 50, run_from_scratch=True
Initial population: [], Initial fitness: []
Maximum number of function evaluations has been exceeded
Evaluations: 1085
Running function 5 instance 7 repetition 5 with A2 MLSL, budget 50, run_from_scratch=True
Initial population: [], Initial fitness: []
Maximum number of function evaluations has been exceeded
Evaluations: 1085
Running function 5 instance 7 repetition 6 with A2 MLSL, budget 50, run_from_scratch=True
Initial population: [], Initial fitness: []
Maximum number of function evaluations has been exceeded
Evaluations: 1085
Running function 5 instance 7 repetition 7 with A2 MLSL, budget 50, run_from_scratch=True
Initial population: [], Initial fitness: []
Maximum number of function evaluations has been exceeded
Evaluations: 1085
Running function 5 instance 7 repetition 8 with A2 MLSL, budget 50, run_from_scratch=True
Initial population: [], Initial fitness: []
Maximum number of function evaluations has been exceeded
Evaluations: 1085
Running function 5 instance 7 repetition 9 with A2 MLSL, budget 50, run_from_scratch=True
Initial population: [], Initial fitness: []
Maximum number of function evaluations has been exceeded
Evaluations: 1085
Running function 5 instance 7 repetition 10 with A2 MLSL, budget 50, run_from_scratch=True
Initial population: [], Initial fitness: []
Maximum number of function evaluations has been exceeded
Evaluations: 1085
Running function 5 instance 7 repetition 11 with A2 MLSL, budget 50, run_from_scratch=True
Initial population: [], Initial fitness: []
Maximum number of function evaluations has been exceeded
Evaluations: 1085
Running function 5 instance 7 repetition 12 with A2 MLSL, budget 50, run_from_scratch=True
Initial population: [], Initial fitness: []
Maximum number of function evaluations has been exceeded
Evaluations: 1085
Running function 5 instance 7 repetition 13 with A2 MLSL, budget 50, run_from_scratch=True
Initial population: [], Initial fitness: []
Maximum number of function evaluations has been exceeded
Evaluations: 1085
Running function 5 instance 7 repetition 14 with A2 MLSL, budget 50, run_from_scratch=True
Initial population: [], Initial fitness: []
Maximum number of function evaluations has been exceeded
Evaluations: 1085
Running function 5 instance 7 repetition 15 with A2 MLSL, budget 50, run_from_scratch=True
Initial population: [], Initial fitness: []
Maximum number of function evaluations has been exceeded
Evaluations: 1085
Running function 5 instance 7 repetition 16 with A2 MLSL, budget 50, run_from_scratch=True
Initial population: [], Initial fitness: []
Maximum number of function evaluations has been exceeded
Evaluations: 1085
Running function 5 instance 7 repetition 17 with A2 MLSL, budget 50, run_from_scratch=True
Initial population: [], Initial fitness: []
Maximum number of function evaluations has been exceeded
Evaluations: 1085
Running function 5 instance 7 repetition 18 with A2 MLSL, budget 50, run_from_scratch=True
Initial population: [], Initial fitness: []
Maximum number of function evaluations has been exceeded
Evaluations: 1085
Running function 5 instance 7 repetition 19 with A2 MLSL, budget 50, run_from_scratch=True
Initial population: [], Initial fitness: []
Maximum number of function evaluations has been exceeded
Evaluations: 1085
Running function 6 instance 6 repetition 0 with A2 MLSL, budget 50, run_from_scratch=True
Initial population: [], Initial fitness: []
Maximum number of function evaluations has been exceeded
Evaluations: 1085
Running function 6 instance 6 repetition 1 with A2 MLSL, budget 50, run_from_scratch=True
Initial population: [], Initial fitness: []
Maximum number of function evaluations has been exceeded
Evaluations: 1085
Running function 6 instance 6 repetition 2 with A2 MLSL, budget 50, run_from_scratch=True
Initial population: [], Initial fitness: []
Maximum number of function evaluations has been exceeded
Evaluations: 1085
Running function 6 instance 6 repetition 3 with A2 MLSL, budget 50, run_from_scratch=True
Initial population: [], Initial fitness: []
Maximum number of function evaluations has been exceeded
Evaluations: 1085
Running function 6 instance 6 repetition 4 with A2 MLSL, budget 50, run_from_scratch=True
Initial population: [], Initial fitness: []
Maximum number of function evaluations has been exceeded
Evaluations: 1085
Running function 6 instance 6 repetition 5 with A2 MLSL, budget 50, run_from_scratch=True
Initial population: [], Initial fitness: []
Maximum number of function evaluations has been exceeded
Evaluations: 1085
Running function 6 instance 6 repetition 6 with A2 MLSL, budget 50, run_from_scratch=True
Initial population: [], Initial fitness: []
Maximum number of function evaluations has been exceeded
Evaluations: 1085
Running function 6 instance 6 repetition 7 with A2 MLSL, budget 50, run_from_scratch=True
Initial population: [], Initial fitness: []
Maximum number of function evaluations has been exceeded
Evaluations: 1085
Running function 6 instance 6 repetition 8 with A2 MLSL, budget 50, run_from_scratch=True
Initial population: [], Initial fitness: []
Maximum number of function evaluations has been exceeded
Evaluations: 1085
Running function 6 instance 6 repetition 9 with A2 MLSL, budget 50, run_from_scratch=True
Initial population: [], Initial fitness: []
Maximum number of function evaluations has been exceeded
Evaluations: 1085
Running function 6 instance 6 repetition 10 with A2 MLSL, budget 50, run_from_scratch=True
Initial population: [], Initial fitness: []
Maximum number of function evaluations has been exceeded
Evaluations: 1085
Running function 6 instance 6 repetition 11 with A2 MLSL, budget 50, run_from_scratch=True
Initial population: [], Initial fitness: []
Maximum number of function evaluations has been exceeded
Evaluations: 1085
Running function 6 instance 6 repetition 12 with A2 MLSL, budget 50, run_from_scratch=True
Initial population: [], Initial fitness: []
Maximum number of function evaluations has been exceeded
Evaluations: 1085
Running function 6 instance 6 repetition 13 with A2 MLSL, budget 50, run_from_scratch=True
Initial population: [], Initial fitness: []
Maximum number of function evaluations has been exceeded
Evaluations: 1085
Running function 6 instance 6 repetition 14 with A2 MLSL, budget 50, run_from_scratch=True
Initial population: [], Initial fitness: []
Maximum number of function evaluations has been exceeded
Evaluations: 1085
Running function 6 instance 6 repetition 15 with A2 MLSL, budget 50, run_from_scratch=True
Initial population: [], Initial fitness: []
Maximum number of function evaluations has been exceeded
Evaluations: 1085
Running function 6 instance 6 repetition 16 with A2 MLSL, budget 50, run_from_scratch=True
Initial population: [], Initial fitness: []
Maximum number of function evaluations has been exceeded
Evaluations: 1085
Running function 6 instance 6 repetition 17 with A2 MLSL, budget 50, run_from_scratch=True
Initial population: [], Initial fitness: []
Maximum number of function evaluations has been exceeded
Evaluations: 1085
Running function 6 instance 6 repetition 18 with A2 MLSL, budget 50, run_from_scratch=True
Initial population: [], Initial fitness: []
Maximum number of function evaluations has been exceeded
Evaluations: 1085
Running function 6 instance 6 repetition 19 with A2 MLSL, budget 50, run_from_scratch=True
Initial population: [], Initial fitness: []
Maximum number of function evaluations has been exceeded
Evaluations: 1085
Running function 6 instance 7 repetition 0 with A2 MLSL, budget 50, run_from_scratch=True
Initial population: [], Initial fitness: []
Maximum number of function evaluations has been exceeded
Evaluations: 1085
Running function 6 instance 7 repetition 1 with A2 MLSL, budget 50, run_from_scratch=True
Initial population: [], Initial fitness: []
Maximum number of function evaluations has been exceeded
Evaluations: 1085
Running function 6 instance 7 repetition 2 with A2 MLSL, budget 50, run_from_scratch=True
Initial population: [], Initial fitness: []
Maximum number of function evaluations has been exceeded
Evaluations: 1085
Running function 6 instance 7 repetition 3 with A2 MLSL, budget 50, run_from_scratch=True
Initial population: [], Initial fitness: []
Evaluations: 1085
Running function 6 instance 7 repetition 4 with A2 MLSL, budget 50, run_from_scratch=True
Initial population: [], Initial fitness: []
Maximum number of function evaluations has been exceeded
Evaluations: 1085
Running function 6 instance 7 repetition 5 with A2 MLSL, budget 50, run_from_scratch=True
Initial population: [], Initial fitness: []
Maximum number of function evaluations has been exceeded
Evaluations: 1085
Running function 6 instance 7 repetition 6 with A2 MLSL, budget 50, run_from_scratch=True
Initial population: [], Initial fitness: []
Maximum number of function evaluations has been exceeded
Evaluations: 1085
Running function 6 instance 7 repetition 7 with A2 MLSL, budget 50, run_from_scratch=True
Initial population: [], Initial fitness: []
Maximum number of function evaluations has been exceeded
Evaluations: 1085
Running function 6 instance 7 repetition 8 with A2 MLSL, budget 50, run_from_scratch=True
Initial population: [], Initial fitness: []
Maximum number of function evaluations has been exceeded
Evaluations: 1085
Running function 6 instance 7 repetition 9 with A2 MLSL, budget 50, run_from_scratch=True
Initial population: [], Initial fitness: []
Maximum number of function evaluations has been exceeded
Evaluations: 1085
Running function 6 instance 7 repetition 10 with A2 MLSL, budget 50, run_from_scratch=True
Initial population: [], Initial fitness: []
Maximum number of function evaluations has been exceeded
Evaluations: 1085
Running function 6 instance 7 repetition 11 with A2 MLSL, budget 50, run_from_scratch=True
Initial population: [], Initial fitness: []
Maximum number of function evaluations has been exceeded
Evaluations: 1085
Running function 6 instance 7 repetition 12 with A2 MLSL, budget 50, run_from_scratch=True
Initial population: [], Initial fitness: []
Maximum number of function evaluations has been exceeded
Evaluations: 1085
Running function 6 instance 7 repetition 13 with A2 MLSL, budget 50, run_from_scratch=True
Initial population: [], Initial fitness: []
Maximum number of function evaluations has been exceeded
Evaluations: 1085
Running function 6 instance 7 repetition 14 with A2 MLSL, budget 50, run_from_scratch=True
Initial population: [], Initial fitness: []
Maximum number of function evaluations has been exceeded
Evaluations: 1085
Running function 6 instance 7 repetition 15 with A2 MLSL, budget 50, run_from_scratch=True
Initial population: [], Initial fitness: []
Maximum number of function evaluations has been exceeded
Evaluations: 1085
Running function 6 instance 7 repetition 16 with A2 MLSL, budget 50, run_from_scratch=True
Initial population: [], Initial fitness: []
Maximum number of function evaluations has been exceeded
Evaluations: 1085
Running function 6 instance 7 repetition 17 with A2 MLSL, budget 50, run_from_scratch=True
Initial population: [], Initial fitness: []
Maximum number of function evaluations has been exceeded
Evaluations: 1085
Running function 6 instance 7 repetition 18 with A2 MLSL, budget 50, run_from_scratch=True
Initial population: [], Initial fitness: []
Maximum number of function evaluations has been exceeded
Evaluations: 1085
Running function 6 instance 7 repetition 19 with A2 MLSL, budget 50, run_from_scratch=True
Initial population: [], Initial fitness: []
Maximum number of function evaluations has been exceeded
Evaluations: 1085
Running function 7 instance 6 repetition 0 with A2 MLSL, budget 50, run_from_scratch=True
Initial population: [], Initial fitness: []
Maximum number of function evaluations has been exceeded
Evaluations: 1085
Running function 7 instance 6 repetition 1 with A2 MLSL, budget 50, run_from_scratch=True
Initial population: [], Initial fitness: []
Maximum number of function evaluations has been exceeded
Evaluations: 1085
Running function 7 instance 6 repetition 2 with A2 MLSL, budget 50, run_from_scratch=True
Initial population: [], Initial fitness: []
Maximum number of function evaluations has been exceeded
Evaluations: 1085
Running function 7 instance 6 repetition 3 with A2 MLSL, budget 50, run_from_scratch=True
Initial population: [], Initial fitness: []
Maximum number of function evaluations has been exceeded
Evaluations: 1085
Running function 7 instance 6 repetition 4 with A2 MLSL, budget 50, run_from_scratch=True
Initial population: [], Initial fitness: []
Maximum number of function evaluations has been exceeded
Evaluations: 1085
Running function 7 instance 6 repetition 5 with A2 MLSL, budget 50, run_from_scratch=True
Initial population: [], Initial fitness: []
Maximum number of function evaluations has been exceeded
Evaluations: 1085
Running function 7 instance 6 repetition 6 with A2 MLSL, budget 50, run_from_scratch=True
Initial population: [], Initial fitness: []
Maximum number of function evaluations has been exceeded
Evaluations: 1085
Running function 7 instance 6 repetition 7 with A2 MLSL, budget 50, run_from_scratch=True
Initial population: [], Initial fitness: []
Maximum number of function evaluations has been exceeded
Evaluations: 1085
Running function 7 instance 6 repetition 8 with A2 MLSL, budget 50, run_from_scratch=True
Initial population: [], Initial fitness: []
Maximum number of function evaluations has been exceeded
Evaluations: 1085
Running function 7 instance 6 repetition 9 with A2 MLSL, budget 50, run_from_scratch=True
Initial population: [], Initial fitness: []
Maximum number of function evaluations has been exceeded
Evaluations: 1085
Running function 7 instance 6 repetition 10 with A2 MLSL, budget 50, run_from_scratch=True
Initial population: [], Initial fitness: []
Maximum number of function evaluations has been exceeded
Evaluations: 1085
Running function 7 instance 6 repetition 11 with A2 MLSL, budget 50, run_from_scratch=True
Initial population: [], Initial fitness: []
Maximum number of function evaluations has been exceeded
Evaluations: 1085
Running function 7 instance 6 repetition 12 with A2 MLSL, budget 50, run_from_scratch=True
Initial population: [], Initial fitness: []
Maximum number of function evaluations has been exceeded
Evaluations: 1085
Running function 7 instance 6 repetition 13 with A2 MLSL, budget 50, run_from_scratch=True
Initial population: [], Initial fitness: []
Maximum number of function evaluations has been exceeded
Evaluations: 1085
Running function 7 instance 6 repetition 14 with A2 MLSL, budget 50, run_from_scratch=True
Initial population: [], Initial fitness: []
Maximum number of function evaluations has been exceeded
Evaluations: 1085
Running function 7 instance 6 repetition 15 with A2 MLSL, budget 50, run_from_scratch=True
Initial population: [], Initial fitness: []
Maximum number of function evaluations has been exceeded
Evaluations: 1085
Running function 7 instance 6 repetition 16 with A2 MLSL, budget 50, run_from_scratch=True
Initial population: [], Initial fitness: []
Maximum number of function evaluations has been exceeded
Evaluations: 1085
Running function 7 instance 6 repetition 17 with A2 MLSL, budget 50, run_from_scratch=True
Initial population: [], Initial fitness: []
Maximum number of function evaluations has been exceeded
Evaluations: 1085
Running function 7 instance 6 repetition 18 with A2 MLSL, budget 50, run_from_scratch=True
Initial population: [], Initial fitness: []
Maximum number of function evaluations has been exceeded
Evaluations: 1085
Running function 7 instance 6 repetition 19 with A2 MLSL, budget 50, run_from_scratch=True
Initial population: [], Initial fitness: []
Maximum number of function evaluations has been exceeded
Evaluations: 1085
Running function 7 instance 7 repetition 0 with A2 MLSL, budget 50, run_from_scratch=True
Initial population: [], Initial fitness: []
Maximum number of function evaluations has been exceeded
Evaluations: 1085
Running function 7 instance 7 repetition 1 with A2 MLSL, budget 50, run_from_scratch=True
Initial population: [], Initial fitness: []
Maximum number of function evaluations has been exceeded
Evaluations: 1085
Running function 7 instance 7 repetition 2 with A2 MLSL, budget 50, run_from_scratch=True
Initial population: [], Initial fitness: []
Maximum number of function evaluations has been exceeded
Evaluations: 1085
Running function 7 instance 7 repetition 3 with A2 MLSL, budget 50, run_from_scratch=True
Initial population: [], Initial fitness: []
Maximum number of function evaluations has been exceeded
Evaluations: 1085
Running function 7 instance 7 repetition 4 with A2 MLSL, budget 50, run_from_scratch=True
Initial population: [], Initial fitness: []
Maximum number of function evaluations has been exceeded
Evaluations: 1085
Running function 7 instance 7 repetition 5 with A2 MLSL, budget 50, run_from_scratch=True
Initial population: [], Initial fitness: []
Maximum number of function evaluations has been exceeded
Evaluations: 1085
Running function 7 instance 7 repetition 6 with A2 MLSL, budget 50, run_from_scratch=True
Initial population: [], Initial fitness: []
Maximum number of function evaluations has been exceeded
Evaluations: 1085
Running function 7 instance 7 repetition 7 with A2 MLSL, budget 50, run_from_scratch=True
Initial population: [], Initial fitness: []
Maximum number of function evaluations has been exceeded
Evaluations: 1085
Running function 7 instance 7 repetition 8 with A2 MLSL, budget 50, run_from_scratch=True
Initial population: [], Initial fitness: []
Maximum number of function evaluations has been exceeded
Evaluations: 1085
Running function 7 instance 7 repetition 9 with A2 MLSL, budget 50, run_from_scratch=True
Initial population: [], Initial fitness: []
Maximum number of function evaluations has been exceeded
Evaluations: 1085
Running function 7 instance 7 repetition 10 with A2 MLSL, budget 50, run_from_scratch=True
Initial population: [], Initial fitness: []
Maximum number of function evaluations has been exceeded
Evaluations: 1085
Running function 7 instance 7 repetition 11 with A2 MLSL, budget 50, run_from_scratch=True
Initial population: [], Initial fitness: []
Maximum number of function evaluations has been exceeded
Evaluations: 1085
Running function 7 instance 7 repetition 12 with A2 MLSL, budget 50, run_from_scratch=True
Initial population: [], Initial fitness: []
Maximum number of function evaluations has been exceeded
Evaluations: 1085
Running function 7 instance 7 repetition 13 with A2 MLSL, budget 50, run_from_scratch=True
Initial population: [], Initial fitness: []
Maximum number of function evaluations has been exceeded
Evaluations: 1085
Running function 7 instance 7 repetition 14 with A2 MLSL, budget 50, run_from_scratch=True
Initial population: [], Initial fitness: []
Maximum number of function evaluations has been exceeded
Evaluations: 1085
Running function 7 instance 7 repetition 15 with A2 MLSL, budget 50, run_from_scratch=True
Initial population: [], Initial fitness: []
Maximum number of function evaluations has been exceeded
Evaluations: 1085
Running function 7 instance 7 repetition 16 with A2 MLSL, budget 50, run_from_scratch=True
Initial population: [], Initial fitness: []
Maximum number of function evaluations has been exceeded
Evaluations: 1085
Running function 7 instance 7 repetition 17 with A2 MLSL, budget 50, run_from_scratch=True
Initial population: [], Initial fitness: []
Maximum number of function evaluations has been exceeded
Evaluations: 1085
Running function 7 instance 7 repetition 18 with A2 MLSL, budget 50, run_from_scratch=True
Initial population: [], Initial fitness: []
Maximum number of function evaluations has been exceeded
Evaluations: 1085
Running function 7 instance 7 repetition 19 with A2 MLSL, budget 50, run_from_scratch=True
Initial population: [], Initial fitness: []
Maximum number of function evaluations has been exceeded
Evaluations: 1085
Running function 8 instance 6 repetition 0 with A2 MLSL, budget 50, run_from_scratch=True
Initial population: [], Initial fitness: []
Maximum number of function evaluations has been exceeded
Evaluations: 1085
Running function 8 instance 6 repetition 1 with A2 MLSL, budget 50, run_from_scratch=True
Initial population: [], Initial fitness: []
Maximum number of function evaluations has been exceeded
Evaluations: 1085
Running function 8 instance 6 repetition 2 with A2 MLSL, budget 50, run_from_scratch=True
Initial population: [], Initial fitness: []
Maximum number of function evaluations has been exceeded
Evaluations: 1085
Running function 8 instance 6 repetition 3 with A2 MLSL, budget 50, run_from_scratch=True
Initial population: [], Initial fitness: []
Maximum number of function evaluations has been exceeded
Evaluations: 1085
Running function 8 instance 6 repetition 4 with A2 MLSL, budget 50, run_from_scratch=True
Initial population: [], Initial fitness: []
Maximum number of function evaluations has been exceeded
Evaluations: 1085
Running function 8 instance 6 repetition 5 with A2 MLSL, budget 50, run_from_scratch=True
Initial population: [], Initial fitness: []
Maximum number of function evaluations has been exceeded
Evaluations: 1085
Running function 8 instance 6 repetition 6 with A2 MLSL, budget 50, run_from_scratch=True
Initial population: [], Initial fitness: []
Maximum number of function evaluations has been exceeded
Evaluations: 1085
Running function 8 instance 6 repetition 7 with A2 MLSL, budget 50, run_from_scratch=True
Initial population: [], Initial fitness: []
Maximum number of function evaluations has been exceeded
Evaluations: 1085
Running function 8 instance 6 repetition 8 with A2 MLSL, budget 50, run_from_scratch=True
Initial population: [], Initial fitness: []
Maximum number of function evaluations has been exceeded
Evaluations: 1085
Running function 8 instance 6 repetition 9 with A2 MLSL, budget 50, run_from_scratch=True
Initial population: [], Initial fitness: []
Maximum number of function evaluations has been exceeded
Evaluations: 1085
Running function 8 instance 6 repetition 10 with A2 MLSL, budget 50, run_from_scratch=True
Initial population: [], Initial fitness: []
Maximum number of function evaluations has been exceeded
Evaluations: 1085
Running function 8 instance 6 repetition 11 with A2 MLSL, budget 50, run_from_scratch=True
Initial population: [], Initial fitness: []
Maximum number of function evaluations has been exceeded
Evaluations: 1085
Running function 8 instance 6 repetition 12 with A2 MLSL, budget 50, run_from_scratch=True
Initial population: [], Initial fitness: []
Maximum number of function evaluations has been exceeded
Evaluations: 1085
Running function 8 instance 6 repetition 13 with A2 MLSL, budget 50, run_from_scratch=True
Initial population: [], Initial fitness: []
Maximum number of function evaluations has been exceeded
Evaluations: 1085
Running function 8 instance 6 repetition 14 with A2 MLSL, budget 50, run_from_scratch=True
Initial population: [], Initial fitness: []
Maximum number of function evaluations has been exceeded
Evaluations: 1085
Running function 8 instance 6 repetition 15 with A2 MLSL, budget 50, run_from_scratch=True
Initial population: [], Initial fitness: []
Maximum number of function evaluations has been exceeded
Evaluations: 1085
Running function 8 instance 6 repetition 16 with A2 MLSL, budget 50, run_from_scratch=True
Initial population: [], Initial fitness: []
Maximum number of function evaluations has been exceeded
Evaluations: 1085
Running function 8 instance 6 repetition 17 with A2 MLSL, budget 50, run_from_scratch=True
Initial population: [], Initial fitness: []
Maximum number of function evaluations has been exceeded
Evaluations: 1085
Running function 8 instance 6 repetition 18 with A2 MLSL, budget 50, run_from_scratch=True
Initial population: [], Initial fitness: []
Maximum number of function evaluations has been exceeded
Evaluations: 1085
Running function 8 instance 6 repetition 19 with A2 MLSL, budget 50, run_from_scratch=True
Initial population: [], Initial fitness: []
Maximum number of function evaluations has been exceeded
Evaluations: 1085
Running function 8 instance 7 repetition 0 with A2 MLSL, budget 50, run_from_scratch=True
Initial population: [], Initial fitness: []
Maximum number of function evaluations has been exceeded
Evaluations: 1085
Running function 8 instance 7 repetition 1 with A2 MLSL, budget 50, run_from_scratch=True
Initial population: [], Initial fitness: []
Maximum number of function evaluations has been exceeded
Evaluations: 1085
Running function 8 instance 7 repetition 2 with A2 MLSL, budget 50, run_from_scratch=True
Initial population: [], Initial fitness: []
Maximum number of function evaluations has been exceeded
Evaluations: 1085
Running function 8 instance 7 repetition 3 with A2 MLSL, budget 50, run_from_scratch=True
Initial population: [], Initial fitness: []
Maximum number of function evaluations has been exceeded
Evaluations: 1085
Running function 8 instance 7 repetition 4 with A2 MLSL, budget 50, run_from_scratch=True
Initial population: [], Initial fitness: []
Maximum number of function evaluations has been exceeded
Evaluations: 1085
Running function 8 instance 7 repetition 5 with A2 MLSL, budget 50, run_from_scratch=True
Initial population: [], Initial fitness: []
Maximum number of function evaluations has been exceeded
Evaluations: 1085
Running function 8 instance 7 repetition 6 with A2 MLSL, budget 50, run_from_scratch=True
Initial population: [], Initial fitness: []
Maximum number of function evaluations has been exceeded
Evaluations: 1085
Running function 8 instance 7 repetition 7 with A2 MLSL, budget 50, run_from_scratch=True
Initial population: [], Initial fitness: []
Maximum number of function evaluations has been exceeded
Evaluations: 1085
Running function 8 instance 7 repetition 8 with A2 MLSL, budget 50, run_from_scratch=True
Initial population: [], Initial fitness: []
Maximum number of function evaluations has been exceeded
Evaluations: 1085
Running function 8 instance 7 repetition 9 with A2 MLSL, budget 50, run_from_scratch=True
Initial population: [], Initial fitness: []
Maximum number of function evaluations has been exceeded
Evaluations: 1085
Running function 8 instance 7 repetition 10 with A2 MLSL, budget 50, run_from_scratch=True
Initial population: [], Initial fitness: []
Maximum number of function evaluations has been exceeded
Evaluations: 1085
Running function 8 instance 7 repetition 11 with A2 MLSL, budget 50, run_from_scratch=True
Initial population: [], Initial fitness: []
Maximum number of function evaluations has been exceeded
Evaluations: 1085
Running function 8 instance 7 repetition 12 with A2 MLSL, budget 50, run_from_scratch=True
Initial population: [], Initial fitness: []
Maximum number of function evaluations has been exceeded
Evaluations: 1085
Running function 8 instance 7 repetition 13 with A2 MLSL, budget 50, run_from_scratch=True
Initial population: [], Initial fitness: []
Maximum number of function evaluations has been exceeded
Evaluations: 1085
Running function 8 instance 7 repetition 14 with A2 MLSL, budget 50, run_from_scratch=True
Initial population: [], Initial fitness: []
Maximum number of function evaluations has been exceeded
Evaluations: 1085
Running function 8 instance 7 repetition 15 with A2 MLSL, budget 50, run_from_scratch=True
Initial population: [], Initial fitness: []
Maximum number of function evaluations has been exceeded
Evaluations: 1085
Running function 8 instance 7 repetition 16 with A2 MLSL, budget 50, run_from_scratch=True
Initial population: [], Initial fitness: []
Maximum number of function evaluations has been exceeded
Evaluations: 1085
Running function 8 instance 7 repetition 17 with A2 MLSL, budget 50, run_from_scratch=True
Initial population: [], Initial fitness: []
Maximum number of function evaluations has been exceeded
Evaluations: 1085
Running function 8 instance 7 repetition 18 with A2 MLSL, budget 50, run_from_scratch=True
Initial population: [], Initial fitness: []
Maximum number of function evaluations has been exceeded
Evaluations: 1085
Running function 8 instance 7 repetition 19 with A2 MLSL, budget 50, run_from_scratch=True
Initial population: [], Initial fitness: []
Maximum number of function evaluations has been exceeded
Evaluations: 1085
Running function 9 instance 6 repetition 0 with A2 MLSL, budget 50, run_from_scratch=True
Initial population: [], Initial fitness: []
Maximum number of function evaluations has been exceeded
Evaluations: 1085
Running function 9 instance 6 repetition 1 with A2 MLSL, budget 50, run_from_scratch=True
Initial population: [], Initial fitness: []
Maximum number of function evaluations has been exceeded
Evaluations: 1085
Running function 9 instance 6 repetition 2 with A2 MLSL, budget 50, run_from_scratch=True
Initial population: [], Initial fitness: []
Maximum number of function evaluations has been exceeded
Evaluations: 1085
Running function 9 instance 6 repetition 3 with A2 MLSL, budget 50, run_from_scratch=True
Initial population: [], Initial fitness: []
Maximum number of function evaluations has been exceeded
Evaluations: 1085
Running function 9 instance 6 repetition 4 with A2 MLSL, budget 50, run_from_scratch=True
Initial population: [], Initial fitness: []
Maximum number of function evaluations has been exceeded
Evaluations: 1085
Running function 9 instance 6 repetition 5 with A2 MLSL, budget 50, run_from_scratch=True
Initial population: [], Initial fitness: []
Maximum number of function evaluations has been exceeded
Evaluations: 1085
Running function 9 instance 6 repetition 6 with A2 MLSL, budget 50, run_from_scratch=True
Initial population: [], Initial fitness: []
Maximum number of function evaluations has been exceeded
Evaluations: 1085
Running function 9 instance 6 repetition 7 with A2 MLSL, budget 50, run_from_scratch=True
Initial population: [], Initial fitness: []
Maximum number of function evaluations has been exceeded
Evaluations: 1085
Running function 9 instance 6 repetition 8 with A2 MLSL, budget 50, run_from_scratch=True
Initial population: [], Initial fitness: []
Maximum number of function evaluations has been exceeded
Evaluations: 1085
Running function 9 instance 6 repetition 9 with A2 MLSL, budget 50, run_from_scratch=True
Initial population: [], Initial fitness: []
Maximum number of function evaluations has been exceeded
Evaluations: 1085
Running function 9 instance 6 repetition 10 with A2 MLSL, budget 50, run_from_scratch=True
Initial population: [], Initial fitness: []
Maximum number of function evaluations has been exceeded
Evaluations: 1085
Running function 9 instance 6 repetition 11 with A2 MLSL, budget 50, run_from_scratch=True
Initial population: [], Initial fitness: []
Maximum number of function evaluations has been exceeded
Evaluations: 1085
Running function 9 instance 6 repetition 12 with A2 MLSL, budget 50, run_from_scratch=True
Initial population: [], Initial fitness: []
Maximum number of function evaluations has been exceeded
Evaluations: 1085
Running function 9 instance 6 repetition 13 with A2 MLSL, budget 50, run_from_scratch=True
Initial population: [], Initial fitness: []
Maximum number of function evaluations has been exceeded
Evaluations: 1085
Running function 9 instance 6 repetition 14 with A2 MLSL, budget 50, run_from_scratch=True
Initial population: [], Initial fitness: []
Maximum number of function evaluations has been exceeded
Evaluations: 1085
Running function 9 instance 6 repetition 15 with A2 MLSL, budget 50, run_from_scratch=True
Initial population: [], Initial fitness: []
Maximum number of function evaluations has been exceeded
Evaluations: 1085
Running function 9 instance 6 repetition 16 with A2 MLSL, budget 50, run_from_scratch=True
Initial population: [], Initial fitness: []
Maximum number of function evaluations has been exceeded
Evaluations: 1085
Running function 9 instance 6 repetition 17 with A2 MLSL, budget 50, run_from_scratch=True
Initial population: [], Initial fitness: []
Maximum number of function evaluations has been exceeded
Evaluations: 1085
Running function 9 instance 6 repetition 18 with A2 MLSL, budget 50, run_from_scratch=True
Initial population: [], Initial fitness: []
Maximum number of function evaluations has been exceeded
Evaluations: 1085
Running function 9 instance 6 repetition 19 with A2 MLSL, budget 50, run_from_scratch=True
Initial population: [], Initial fitness: []
Maximum number of function evaluations has been exceeded
Evaluations: 1085
Running function 9 instance 7 repetition 0 with A2 MLSL, budget 50, run_from_scratch=True
Initial population: [], Initial fitness: []
Maximum number of function evaluations has been exceeded
Evaluations: 1085
Running function 9 instance 7 repetition 1 with A2 MLSL, budget 50, run_from_scratch=True
Initial population: [], Initial fitness: []
Maximum number of function evaluations has been exceeded
Evaluations: 1085
Running function 9 instance 7 repetition 2 with A2 MLSL, budget 50, run_from_scratch=True
Initial population: [], Initial fitness: []
Maximum number of function evaluations has been exceeded
Evaluations: 1085
Running function 9 instance 7 repetition 3 with A2 MLSL, budget 50, run_from_scratch=True
Initial population: [], Initial fitness: []
Maximum number of function evaluations has been exceeded
Evaluations: 1085
Running function 9 instance 7 repetition 4 with A2 MLSL, budget 50, run_from_scratch=True
Initial population: [], Initial fitness: []
Maximum number of function evaluations has been exceeded
Evaluations: 1085
Running function 9 instance 7 repetition 5 with A2 MLSL, budget 50, run_from_scratch=True
Initial population: [], Initial fitness: []
Maximum number of function evaluations has been exceeded
Evaluations: 1085
Running function 9 instance 7 repetition 6 with A2 MLSL, budget 50, run_from_scratch=True
Initial population: [], Initial fitness: []
Maximum number of function evaluations has been exceeded
Evaluations: 1085
Running function 9 instance 7 repetition 7 with A2 MLSL, budget 50, run_from_scratch=True
Initial population: [], Initial fitness: []
Maximum number of function evaluations has been exceeded
Evaluations: 1085
Running function 9 instance 7 repetition 8 with A2 MLSL, budget 50, run_from_scratch=True
Initial population: [], Initial fitness: []
Maximum number of function evaluations has been exceeded
Evaluations: 1085
Running function 9 instance 7 repetition 9 with A2 MLSL, budget 50, run_from_scratch=True
Initial population: [], Initial fitness: []
Maximum number of function evaluations has been exceeded
Evaluations: 1085
Running function 9 instance 7 repetition 10 with A2 MLSL, budget 50, run_from_scratch=True
Initial population: [], Initial fitness: []
Maximum number of function evaluations has been exceeded
Evaluations: 1085
Running function 9 instance 7 repetition 11 with A2 MLSL, budget 50, run_from_scratch=True
Initial population: [], Initial fitness: []
Maximum number of function evaluations has been exceeded
Evaluations: 1085
Running function 9 instance 7 repetition 12 with A2 MLSL, budget 50, run_from_scratch=True
Initial population: [], Initial fitness: []
Maximum number of function evaluations has been exceeded
Evaluations: 1085
Running function 9 instance 7 repetition 13 with A2 MLSL, budget 50, run_from_scratch=True
Initial population: [], Initial fitness: []
Maximum number of function evaluations has been exceeded
Evaluations: 1085
Running function 9 instance 7 repetition 14 with A2 MLSL, budget 50, run_from_scratch=True
Initial population: [], Initial fitness: []
Maximum number of function evaluations has been exceeded
Evaluations: 1085
Running function 9 instance 7 repetition 15 with A2 MLSL, budget 50, run_from_scratch=True
Initial population: [], Initial fitness: []
Maximum number of function evaluations has been exceeded
Evaluations: 1085
Running function 9 instance 7 repetition 16 with A2 MLSL, budget 50, run_from_scratch=True
Initial population: [], Initial fitness: []
Maximum number of function evaluations has been exceeded
Evaluations: 1085
Running function 9 instance 7 repetition 17 with A2 MLSL, budget 50, run_from_scratch=True
Initial population: [], Initial fitness: []
Maximum number of function evaluations has been exceeded
Evaluations: 1085
Running function 9 instance 7 repetition 18 with A2 MLSL, budget 50, run_from_scratch=True
Initial population: [], Initial fitness: []
Maximum number of function evaluations has been exceeded
Evaluations: 1085
Running function 9 instance 7 repetition 19 with A2 MLSL, budget 50, run_from_scratch=True
Initial population: [], Initial fitness: []
Maximum number of function evaluations has been exceeded
Evaluations: 1085
Running function 10 instance 6 repetition 0 with A2 MLSL, budget 50, run_from_scratch=True
Initial population: [], Initial fitness: []
Maximum number of function evaluations has been exceeded
Evaluations: 1085
Running function 10 instance 6 repetition 1 with A2 MLSL, budget 50, run_from_scratch=True
Initial population: [], Initial fitness: []
Maximum number of function evaluations has been exceeded
Evaluations: 1085
Running function 10 instance 6 repetition 2 with A2 MLSL, budget 50, run_from_scratch=True
Initial population: [], Initial fitness: []
Maximum number of function evaluations has been exceeded
Evaluations: 1085
Running function 10 instance 6 repetition 3 with A2 MLSL, budget 50, run_from_scratch=True
Initial population: [], Initial fitness: []
Maximum number of function evaluations has been exceeded
Evaluations: 1085
Running function 10 instance 6 repetition 4 with A2 MLSL, budget 50, run_from_scratch=True
Initial population: [], Initial fitness: []
Maximum number of function evaluations has been exceeded
Evaluations: 1085
Running function 10 instance 6 repetition 5 with A2 MLSL, budget 50, run_from_scratch=True
Initial population: [], Initial fitness: []
Maximum number of function evaluations has been exceeded
Evaluations: 1085
Running function 10 instance 6 repetition 6 with A2 MLSL, budget 50, run_from_scratch=True
Initial population: [], Initial fitness: []
Maximum number of function evaluations has been exceeded
Evaluations: 1085
Running function 10 instance 6 repetition 7 with A2 MLSL, budget 50, run_from_scratch=True
Initial population: [], Initial fitness: []
Maximum number of function evaluations has been exceeded
Evaluations: 1085
Running function 10 instance 6 repetition 8 with A2 MLSL, budget 50, run_from_scratch=True
Initial population: [], Initial fitness: []
Maximum number of function evaluations has been exceeded
Evaluations: 1085
Running function 10 instance 6 repetition 9 with A2 MLSL, budget 50, run_from_scratch=True
Initial population: [], Initial fitness: []
Maximum number of function evaluations has been exceeded
Evaluations: 1085
Running function 10 instance 6 repetition 10 with A2 MLSL, budget 50, run_from_scratch=True
Initial population: [], Initial fitness: []
Maximum number of function evaluations has been exceeded
Evaluations: 1085
Running function 10 instance 6 repetition 11 with A2 MLSL, budget 50, run_from_scratch=True
Initial population: [], Initial fitness: []
Maximum number of function evaluations has been exceeded
Evaluations: 1085
Running function 10 instance 6 repetition 12 with A2 MLSL, budget 50, run_from_scratch=True
Initial population: [], Initial fitness: []
Maximum number of function evaluations has been exceeded
Evaluations: 1085
Running function 10 instance 6 repetition 13 with A2 MLSL, budget 50, run_from_scratch=True
Initial population: [], Initial fitness: []
Maximum number of function evaluations has been exceeded
Evaluations: 1085
Running function 10 instance 6 repetition 14 with A2 MLSL, budget 50, run_from_scratch=True
Initial population: [], Initial fitness: []
Maximum number of function evaluations has been exceeded
Evaluations: 1085
Running function 10 instance 6 repetition 15 with A2 MLSL, budget 50, run_from_scratch=True
Initial population: [], Initial fitness: []
Maximum number of function evaluations has been exceeded
Evaluations: 1085
Running function 10 instance 6 repetition 16 with A2 MLSL, budget 50, run_from_scratch=True
Initial population: [], Initial fitness: []
Maximum number of function evaluations has been exceeded
Evaluations: 1085
Running function 10 instance 6 repetition 17 with A2 MLSL, budget 50, run_from_scratch=True
Initial population: [], Initial fitness: []
Maximum number of function evaluations has been exceeded
Evaluations: 1085
Running function 10 instance 6 repetition 18 with A2 MLSL, budget 50, run_from_scratch=True
Initial population: [], Initial fitness: []
Maximum number of function evaluations has been exceeded
Evaluations: 1085
Running function 10 instance 6 repetition 19 with A2 MLSL, budget 50, run_from_scratch=True
Initial population: [], Initial fitness: []
Maximum number of function evaluations has been exceeded
Evaluations: 1085
Running function 10 instance 7 repetition 0 with A2 MLSL, budget 50, run_from_scratch=True
Initial population: [], Initial fitness: []
Maximum number of function evaluations has been exceeded
Evaluations: 1085
Running function 10 instance 7 repetition 1 with A2 MLSL, budget 50, run_from_scratch=True
Initial population: [], Initial fitness: []
Maximum number of function evaluations has been exceeded
Evaluations: 1085
Running function 10 instance 7 repetition 2 with A2 MLSL, budget 50, run_from_scratch=True
Initial population: [], Initial fitness: []
Maximum number of function evaluations has been exceeded
Evaluations: 1085
Running function 10 instance 7 repetition 3 with A2 MLSL, budget 50, run_from_scratch=True
Initial population: [], Initial fitness: []
Maximum number of function evaluations has been exceeded
Evaluations: 1085
Running function 10 instance 7 repetition 4 with A2 MLSL, budget 50, run_from_scratch=True
Initial population: [], Initial fitness: []
Maximum number of function evaluations has been exceeded
Evaluations: 1085
Running function 10 instance 7 repetition 5 with A2 MLSL, budget 50, run_from_scratch=True
Initial population: [], Initial fitness: []
Maximum number of function evaluations has been exceeded
Evaluations: 1085
Running function 10 instance 7 repetition 6 with A2 MLSL, budget 50, run_from_scratch=True
Initial population: [], Initial fitness: []
Maximum number of function evaluations has been exceeded
Evaluations: 1085
Running function 10 instance 7 repetition 7 with A2 MLSL, budget 50, run_from_scratch=True
Initial population: [], Initial fitness: []
Maximum number of function evaluations has been exceeded
Evaluations: 1085
Running function 10 instance 7 repetition 8 with A2 MLSL, budget 50, run_from_scratch=True
Initial population: [], Initial fitness: []
Maximum number of function evaluations has been exceeded
Evaluations: 1085
Running function 10 instance 7 repetition 9 with A2 MLSL, budget 50, run_from_scratch=True
Initial population: [], Initial fitness: []
Maximum number of function evaluations has been exceeded
Evaluations: 1085
Running function 10 instance 7 repetition 10 with A2 MLSL, budget 50, run_from_scratch=True
Initial population: [], Initial fitness: []
Maximum number of function evaluations has been exceeded
Evaluations: 1085
Running function 10 instance 7 repetition 11 with A2 MLSL, budget 50, run_from_scratch=True
Initial population: [], Initial fitness: []
Maximum number of function evaluations has been exceeded
Evaluations: 1085
Running function 10 instance 7 repetition 12 with A2 MLSL, budget 50, run_from_scratch=True
Initial population: [], Initial fitness: []
Maximum number of function evaluations has been exceeded
Evaluations: 1085
Running function 10 instance 7 repetition 13 with A2 MLSL, budget 50, run_from_scratch=True
Initial population: [], Initial fitness: []
Maximum number of function evaluations has been exceeded
Evaluations: 1085
Running function 10 instance 7 repetition 14 with A2 MLSL, budget 50, run_from_scratch=True
Initial population: [], Initial fitness: []
Maximum number of function evaluations has been exceeded
Evaluations: 1085
Running function 10 instance 7 repetition 15 with A2 MLSL, budget 50, run_from_scratch=True
Initial population: [], Initial fitness: []
Maximum number of function evaluations has been exceeded
Evaluations: 1085
Running function 10 instance 7 repetition 16 with A2 MLSL, budget 50, run_from_scratch=True
Initial population: [], Initial fitness: []
Maximum number of function evaluations has been exceeded
Evaluations: 1085
Running function 10 instance 7 repetition 17 with A2 MLSL, budget 50, run_from_scratch=True
Initial population: [], Initial fitness: []
Maximum number of function evaluations has been exceeded
Evaluations: 1085
Running function 10 instance 7 repetition 18 with A2 MLSL, budget 50, run_from_scratch=True
Initial population: [], Initial fitness: []
Maximum number of function evaluations has been exceeded
Evaluations: 1085
Running function 10 instance 7 repetition 19 with A2 MLSL, budget 50, run_from_scratch=True
Initial population: [], Initial fitness: []
Maximum number of function evaluations has been exceeded
Evaluations: 1085
Running function 11 instance 6 repetition 0 with A2 MLSL, budget 50, run_from_scratch=True
Initial population: [], Initial fitness: []
Maximum number of function evaluations has been exceeded
Evaluations: 1085
Running function 11 instance 6 repetition 1 with A2 MLSL, budget 50, run_from_scratch=True
Initial population: [], Initial fitness: []
Maximum number of function evaluations has been exceeded
Evaluations: 1085
Running function 11 instance 6 repetition 2 with A2 MLSL, budget 50, run_from_scratch=True
Initial population: [], Initial fitness: []
Maximum number of function evaluations has been exceeded
Evaluations: 1085
Running function 11 instance 6 repetition 3 with A2 MLSL, budget 50, run_from_scratch=True
Initial population: [], Initial fitness: []
Maximum number of function evaluations has been exceeded
Evaluations: 1085
Running function 11 instance 6 repetition 4 with A2 MLSL, budget 50, run_from_scratch=True
Initial population: [], Initial fitness: []
Maximum number of function evaluations has been exceeded
Evaluations: 1085
Running function 11 instance 6 repetition 5 with A2 MLSL, budget 50, run_from_scratch=True
Initial population: [], Initial fitness: []
Maximum number of function evaluations has been exceeded
Evaluations: 1085
Running function 11 instance 6 repetition 6 with A2 MLSL, budget 50, run_from_scratch=True
Initial population: [], Initial fitness: []
Maximum number of function evaluations has been exceeded
Evaluations: 1085
Running function 11 instance 6 repetition 7 with A2 MLSL, budget 50, run_from_scratch=True
Initial population: [], Initial fitness: []
Maximum number of function evaluations has been exceeded
Evaluations: 1085
Running function 11 instance 6 repetition 8 with A2 MLSL, budget 50, run_from_scratch=True
Initial population: [], Initial fitness: []
Maximum number of function evaluations has been exceeded
Evaluations: 1085
Running function 11 instance 6 repetition 9 with A2 MLSL, budget 50, run_from_scratch=True
Initial population: [], Initial fitness: []
Maximum number of function evaluations has been exceeded
Evaluations: 1085
Running function 11 instance 6 repetition 10 with A2 MLSL, budget 50, run_from_scratch=True
Initial population: [], Initial fitness: []
Maximum number of function evaluations has been exceeded
Evaluations: 1085
Running function 11 instance 6 repetition 11 with A2 MLSL, budget 50, run_from_scratch=True
Initial population: [], Initial fitness: []
Maximum number of function evaluations has been exceeded
Evaluations: 1085
Running function 11 instance 6 repetition 12 with A2 MLSL, budget 50, run_from_scratch=True
Initial population: [], Initial fitness: []
Maximum number of function evaluations has been exceeded
Evaluations: 1085
Running function 11 instance 6 repetition 13 with A2 MLSL, budget 50, run_from_scratch=True
Initial population: [], Initial fitness: []
Maximum number of function evaluations has been exceeded
Evaluations: 1085
Running function 11 instance 6 repetition 14 with A2 MLSL, budget 50, run_from_scratch=True
Initial population: [], Initial fitness: []
Maximum number of function evaluations has been exceeded
Evaluations: 1085
Running function 11 instance 6 repetition 15 with A2 MLSL, budget 50, run_from_scratch=True
Initial population: [], Initial fitness: []
Maximum number of function evaluations has been exceeded
Evaluations: 1085
Running function 11 instance 6 repetition 16 with A2 MLSL, budget 50, run_from_scratch=True
Initial population: [], Initial fitness: []
Maximum number of function evaluations has been exceeded
Evaluations: 1085
Running function 11 instance 6 repetition 17 with A2 MLSL, budget 50, run_from_scratch=True
Initial population: [], Initial fitness: []
Maximum number of function evaluations has been exceeded
Evaluations: 1085
Running function 11 instance 6 repetition 18 with A2 MLSL, budget 50, run_from_scratch=True
Initial population: [], Initial fitness: []
Maximum number of function evaluations has been exceeded
Evaluations: 1085
Running function 11 instance 6 repetition 19 with A2 MLSL, budget 50, run_from_scratch=True
Initial population: [], Initial fitness: []
Maximum number of function evaluations has been exceeded
Evaluations: 1085
Running function 11 instance 7 repetition 0 with A2 MLSL, budget 50, run_from_scratch=True
Initial population: [], Initial fitness: []
Maximum number of function evaluations has been exceeded
Evaluations: 1085
Running function 11 instance 7 repetition 1 with A2 MLSL, budget 50, run_from_scratch=True
Initial population: [], Initial fitness: []
Maximum number of function evaluations has been exceeded
Evaluations: 1085
Running function 11 instance 7 repetition 2 with A2 MLSL, budget 50, run_from_scratch=True
Initial population: [], Initial fitness: []
Maximum number of function evaluations has been exceeded
Evaluations: 1085
Running function 11 instance 7 repetition 3 with A2 MLSL, budget 50, run_from_scratch=True
Initial population: [], Initial fitness: []
Maximum number of function evaluations has been exceeded
Evaluations: 1085
Running function 11 instance 7 repetition 4 with A2 MLSL, budget 50, run_from_scratch=True
Initial population: [], Initial fitness: []
Maximum number of function evaluations has been exceeded
Evaluations: 1085
Running function 11 instance 7 repetition 5 with A2 MLSL, budget 50, run_from_scratch=True
Initial population: [], Initial fitness: []
Maximum number of function evaluations has been exceeded
Evaluations: 1085
Running function 11 instance 7 repetition 6 with A2 MLSL, budget 50, run_from_scratch=True
Initial population: [], Initial fitness: []
Maximum number of function evaluations has been exceeded
Evaluations: 1085
Running function 11 instance 7 repetition 7 with A2 MLSL, budget 50, run_from_scratch=True
Initial population: [], Initial fitness: []
Maximum number of function evaluations has been exceeded
Evaluations: 1085
Running function 11 instance 7 repetition 8 with A2 MLSL, budget 50, run_from_scratch=True
Initial population: [], Initial fitness: []
Maximum number of function evaluations has been exceeded
Evaluations: 1085
Running function 11 instance 7 repetition 9 with A2 MLSL, budget 50, run_from_scratch=True
Initial population: [], Initial fitness: []
Maximum number of function evaluations has been exceeded
Evaluations: 1085
Running function 11 instance 7 repetition 10 with A2 MLSL, budget 50, run_from_scratch=True
Initial population: [], Initial fitness: []
Maximum number of function evaluations has been exceeded
Evaluations: 1085
Running function 11 instance 7 repetition 11 with A2 MLSL, budget 50, run_from_scratch=True
Initial population: [], Initial fitness: []
Maximum number of function evaluations has been exceeded
Evaluations: 1085
Running function 11 instance 7 repetition 12 with A2 MLSL, budget 50, run_from_scratch=True
Initial population: [], Initial fitness: []
Maximum number of function evaluations has been exceeded
Evaluations: 1085
Running function 11 instance 7 repetition 13 with A2 MLSL, budget 50, run_from_scratch=True
Initial population: [], Initial fitness: []
Maximum number of function evaluations has been exceeded
Evaluations: 1085
Running function 11 instance 7 repetition 14 with A2 MLSL, budget 50, run_from_scratch=True
Initial population: [], Initial fitness: []
Maximum number of function evaluations has been exceeded
Evaluations: 1085
Running function 11 instance 7 repetition 15 with A2 MLSL, budget 50, run_from_scratch=True
Initial population: [], Initial fitness: []
Maximum number of function evaluations has been exceeded
Evaluations: 1085
Running function 11 instance 7 repetition 16 with A2 MLSL, budget 50, run_from_scratch=True
Initial population: [], Initial fitness: []
Maximum number of function evaluations has been exceeded
Evaluations: 1085
Running function 11 instance 7 repetition 17 with A2 MLSL, budget 50, run_from_scratch=True
Initial population: [], Initial fitness: []
Maximum number of function evaluations has been exceeded
Evaluations: 1085
Running function 11 instance 7 repetition 18 with A2 MLSL, budget 50, run_from_scratch=True
Initial population: [], Initial fitness: []
Maximum number of function evaluations has been exceeded
Evaluations: 1085
Running function 11 instance 7 repetition 19 with A2 MLSL, budget 50, run_from_scratch=True
Initial population: [], Initial fitness: []
Maximum number of function evaluations has been exceeded
Evaluations: 1085
Running function 12 instance 6 repetition 0 with A2 MLSL, budget 50, run_from_scratch=True
Initial population: [], Initial fitness: []
Maximum number of function evaluations has been exceeded
Evaluations: 1085
Running function 12 instance 6 repetition 1 with A2 MLSL, budget 50, run_from_scratch=True
Initial population: [], Initial fitness: []
Maximum number of function evaluations has been exceeded
Evaluations: 1085
Running function 12 instance 6 repetition 2 with A2 MLSL, budget 50, run_from_scratch=True
Initial population: [], Initial fitness: []
Maximum number of function evaluations has been exceeded
Evaluations: 1085
Running function 12 instance 6 repetition 3 with A2 MLSL, budget 50, run_from_scratch=True
Initial population: [], Initial fitness: []
Maximum number of function evaluations has been exceeded
Evaluations: 1085
Running function 12 instance 6 repetition 4 with A2 MLSL, budget 50, run_from_scratch=True
Initial population: [], Initial fitness: []
Maximum number of function evaluations has been exceeded
Evaluations: 1085
Running function 12 instance 6 repetition 5 with A2 MLSL, budget 50, run_from_scratch=True
Initial population: [], Initial fitness: []
Maximum number of function evaluations has been exceeded
Evaluations: 1085
Running function 12 instance 6 repetition 6 with A2 MLSL, budget 50, run_from_scratch=True
Initial population: [], Initial fitness: []
Maximum number of function evaluations has been exceeded
Evaluations: 1085
Running function 12 instance 6 repetition 7 with A2 MLSL, budget 50, run_from_scratch=True
Initial population: [], Initial fitness: []
Maximum number of function evaluations has been exceeded
Evaluations: 1085
Running function 12 instance 6 repetition 8 with A2 MLSL, budget 50, run_from_scratch=True
Initial population: [], Initial fitness: []
Maximum number of function evaluations has been exceeded
Evaluations: 1085
Running function 12 instance 6 repetition 9 with A2 MLSL, budget 50, run_from_scratch=True
Initial population: [], Initial fitness: []
Maximum number of function evaluations has been exceeded
Evaluations: 1085
Running function 12 instance 6 repetition 10 with A2 MLSL, budget 50, run_from_scratch=True
Initial population: [], Initial fitness: []
Maximum number of function evaluations has been exceeded
Evaluations: 1085
Running function 12 instance 6 repetition 11 with A2 MLSL, budget 50, run_from_scratch=True
Initial population: [], Initial fitness: []
Maximum number of function evaluations has been exceeded
Evaluations: 1085
Running function 12 instance 6 repetition 12 with A2 MLSL, budget 50, run_from_scratch=True
Initial population: [], Initial fitness: []
Maximum number of function evaluations has been exceeded
Evaluations: 1085
Running function 12 instance 6 repetition 13 with A2 MLSL, budget 50, run_from_scratch=True
Initial population: [], Initial fitness: []
Maximum number of function evaluations has been exceeded
Evaluations: 1085
Running function 12 instance 6 repetition 14 with A2 MLSL, budget 50, run_from_scratch=True
Initial population: [], Initial fitness: []
Maximum number of function evaluations has been exceeded
Evaluations: 1085
Running function 12 instance 6 repetition 15 with A2 MLSL, budget 50, run_from_scratch=True
Initial population: [], Initial fitness: []
Maximum number of function evaluations has been exceeded
Evaluations: 1085
Running function 12 instance 6 repetition 16 with A2 MLSL, budget 50, run_from_scratch=True
Initial population: [], Initial fitness: []
Maximum number of function evaluations has been exceeded
Evaluations: 1085
Running function 12 instance 6 repetition 17 with A2 MLSL, budget 50, run_from_scratch=True
Initial population: [], Initial fitness: []
Maximum number of function evaluations has been exceeded
Evaluations: 1085
Running function 12 instance 6 repetition 18 with A2 MLSL, budget 50, run_from_scratch=True
Initial population: [], Initial fitness: []
Maximum number of function evaluations has been exceeded
Evaluations: 1085
Running function 12 instance 6 repetition 19 with A2 MLSL, budget 50, run_from_scratch=True
Initial population: [], Initial fitness: []
Maximum number of function evaluations has been exceeded
Evaluations: 1085
Running function 12 instance 7 repetition 0 with A2 MLSL, budget 50, run_from_scratch=True
Initial population: [], Initial fitness: []
Maximum number of function evaluations has been exceeded
Evaluations: 1085
Running function 12 instance 7 repetition 1 with A2 MLSL, budget 50, run_from_scratch=True
Initial population: [], Initial fitness: []
Maximum number of function evaluations has been exceeded
Evaluations: 1085
Running function 12 instance 7 repetition 2 with A2 MLSL, budget 50, run_from_scratch=True
Initial population: [], Initial fitness: []
Maximum number of function evaluations has been exceeded
Evaluations: 1085
Running function 12 instance 7 repetition 3 with A2 MLSL, budget 50, run_from_scratch=True
Initial population: [], Initial fitness: []
Maximum number of function evaluations has been exceeded
Evaluations: 1085
Running function 12 instance 7 repetition 4 with A2 MLSL, budget 50, run_from_scratch=True
Initial population: [], Initial fitness: []
Maximum number of function evaluations has been exceeded
Evaluations: 1085
Running function 12 instance 7 repetition 5 with A2 MLSL, budget 50, run_from_scratch=True
Initial population: [], Initial fitness: []
Maximum number of function evaluations has been exceeded
Evaluations: 1085
Running function 12 instance 7 repetition 6 with A2 MLSL, budget 50, run_from_scratch=True
Initial population: [], Initial fitness: []
Maximum number of function evaluations has been exceeded
Evaluations: 1085
Running function 12 instance 7 repetition 7 with A2 MLSL, budget 50, run_from_scratch=True
Initial population: [], Initial fitness: []
Maximum number of function evaluations has been exceeded
Evaluations: 1085
Running function 12 instance 7 repetition 8 with A2 MLSL, budget 50, run_from_scratch=True
Initial population: [], Initial fitness: []
Maximum number of function evaluations has been exceeded
Evaluations: 1085
Running function 12 instance 7 repetition 9 with A2 MLSL, budget 50, run_from_scratch=True
Initial population: [], Initial fitness: []
Maximum number of function evaluations has been exceeded
Evaluations: 1085
Running function 12 instance 7 repetition 10 with A2 MLSL, budget 50, run_from_scratch=True
Initial population: [], Initial fitness: []
Maximum number of function evaluations has been exceeded
Evaluations: 1085
Running function 12 instance 7 repetition 11 with A2 MLSL, budget 50, run_from_scratch=True
Initial population: [], Initial fitness: []
Maximum number of function evaluations has been exceeded
Evaluations: 1085
Running function 12 instance 7 repetition 12 with A2 MLSL, budget 50, run_from_scratch=True
Initial population: [], Initial fitness: []
Maximum number of function evaluations has been exceeded
Evaluations: 1085
Running function 12 instance 7 repetition 13 with A2 MLSL, budget 50, run_from_scratch=True
Initial population: [], Initial fitness: []
Maximum number of function evaluations has been exceeded
Evaluations: 1085
Running function 12 instance 7 repetition 14 with A2 MLSL, budget 50, run_from_scratch=True
Initial population: [], Initial fitness: []
Maximum number of function evaluations has been exceeded
Evaluations: 1085
Running function 12 instance 7 repetition 15 with A2 MLSL, budget 50, run_from_scratch=True
Initial population: [], Initial fitness: []
Maximum number of function evaluations has been exceeded
Evaluations: 1085
Running function 12 instance 7 repetition 16 with A2 MLSL, budget 50, run_from_scratch=True
Initial population: [], Initial fitness: []
Maximum number of function evaluations has been exceeded
Evaluations: 1085
Running function 12 instance 7 repetition 17 with A2 MLSL, budget 50, run_from_scratch=True
Initial population: [], Initial fitness: []
Maximum number of function evaluations has been exceeded
Evaluations: 1085
Running function 12 instance 7 repetition 18 with A2 MLSL, budget 50, run_from_scratch=True
Initial population: [], Initial fitness: []
Maximum number of function evaluations has been exceeded
Evaluations: 1085
Running function 12 instance 7 repetition 19 with A2 MLSL, budget 50, run_from_scratch=True
Initial population: [], Initial fitness: []
Maximum number of function evaluations has been exceeded
Evaluations: 1085
Running function 13 instance 6 repetition 0 with A2 MLSL, budget 50, run_from_scratch=True
Initial population: [], Initial fitness: []
Maximum number of function evaluations has been exceeded
Evaluations: 1085
Running function 13 instance 6 repetition 1 with A2 MLSL, budget 50, run_from_scratch=True
Initial population: [], Initial fitness: []
Maximum number of function evaluations has been exceeded
Evaluations: 1085
Running function 13 instance 6 repetition 2 with A2 MLSL, budget 50, run_from_scratch=True
Initial population: [], Initial fitness: []
Maximum number of function evaluations has been exceeded
Evaluations: 1085
Running function 13 instance 6 repetition 3 with A2 MLSL, budget 50, run_from_scratch=True
Initial population: [], Initial fitness: []
Maximum number of function evaluations has been exceeded
Evaluations: 1085
Running function 13 instance 6 repetition 4 with A2 MLSL, budget 50, run_from_scratch=True
Initial population: [], Initial fitness: []
Maximum number of function evaluations has been exceeded
Evaluations: 1085
Running function 13 instance 6 repetition 5 with A2 MLSL, budget 50, run_from_scratch=True
Initial population: [], Initial fitness: []
Maximum number of function evaluations has been exceeded
Evaluations: 1085
Running function 13 instance 6 repetition 6 with A2 MLSL, budget 50, run_from_scratch=True
Initial population: [], Initial fitness: []
Maximum number of function evaluations has been exceeded
Evaluations: 1085
Running function 13 instance 6 repetition 7 with A2 MLSL, budget 50, run_from_scratch=True
Initial population: [], Initial fitness: []
Maximum number of function evaluations has been exceeded
Evaluations: 1085
Running function 13 instance 6 repetition 8 with A2 MLSL, budget 50, run_from_scratch=True
Initial population: [], Initial fitness: []
Maximum number of function evaluations has been exceeded
Evaluations: 1085
Running function 13 instance 6 repetition 9 with A2 MLSL, budget 50, run_from_scratch=True
Initial population: [], Initial fitness: []
Maximum number of function evaluations has been exceeded
Evaluations: 1085
Running function 13 instance 6 repetition 10 with A2 MLSL, budget 50, run_from_scratch=True
Initial population: [], Initial fitness: []
Maximum number of function evaluations has been exceeded
Evaluations: 1085
Running function 13 instance 6 repetition 11 with A2 MLSL, budget 50, run_from_scratch=True
Initial population: [], Initial fitness: []
Maximum number of function evaluations has been exceeded
Evaluations: 1085
Running function 13 instance 6 repetition 12 with A2 MLSL, budget 50, run_from_scratch=True
Initial population: [], Initial fitness: []
Maximum number of function evaluations has been exceeded
Evaluations: 1085
Running function 13 instance 6 repetition 13 with A2 MLSL, budget 50, run_from_scratch=True
Initial population: [], Initial fitness: []
Maximum number of function evaluations has been exceeded
Evaluations: 1085
Running function 13 instance 6 repetition 14 with A2 MLSL, budget 50, run_from_scratch=True
Initial population: [], Initial fitness: []
Maximum number of function evaluations has been exceeded
Evaluations: 1085
Running function 13 instance 6 repetition 15 with A2 MLSL, budget 50, run_from_scratch=True
Initial population: [], Initial fitness: []
Maximum number of function evaluations has been exceeded
Evaluations: 1085
Running function 13 instance 6 repetition 16 with A2 MLSL, budget 50, run_from_scratch=True
Initial population: [], Initial fitness: []
Maximum number of function evaluations has been exceeded
Evaluations: 1085
Running function 13 instance 6 repetition 17 with A2 MLSL, budget 50, run_from_scratch=True
Initial population: [], Initial fitness: []
Maximum number of function evaluations has been exceeded
Evaluations: 1085
Running function 13 instance 6 repetition 18 with A2 MLSL, budget 50, run_from_scratch=True
Initial population: [], Initial fitness: []
Maximum number of function evaluations has been exceeded
Evaluations: 1085
Running function 13 instance 6 repetition 19 with A2 MLSL, budget 50, run_from_scratch=True
Initial population: [], Initial fitness: []
Maximum number of function evaluations has been exceeded
Evaluations: 1085
Running function 13 instance 7 repetition 0 with A2 MLSL, budget 50, run_from_scratch=True
Initial population: [], Initial fitness: []
Maximum number of function evaluations has been exceeded
Evaluations: 1085
Running function 13 instance 7 repetition 1 with A2 MLSL, budget 50, run_from_scratch=True
Initial population: [], Initial fitness: []
Maximum number of function evaluations has been exceeded
Evaluations: 1085
Running function 13 instance 7 repetition 2 with A2 MLSL, budget 50, run_from_scratch=True
Initial population: [], Initial fitness: []
Maximum number of function evaluations has been exceeded
Evaluations: 1085
Running function 13 instance 7 repetition 3 with A2 MLSL, budget 50, run_from_scratch=True
Initial population: [], Initial fitness: []
Maximum number of function evaluations has been exceeded
Evaluations: 1085
Running function 13 instance 7 repetition 4 with A2 MLSL, budget 50, run_from_scratch=True
Initial population: [], Initial fitness: []
Maximum number of function evaluations has been exceeded
Evaluations: 1085
Running function 13 instance 7 repetition 5 with A2 MLSL, budget 50, run_from_scratch=True
Initial population: [], Initial fitness: []
Maximum number of function evaluations has been exceeded
Evaluations: 1085
Running function 13 instance 7 repetition 6 with A2 MLSL, budget 50, run_from_scratch=True
Initial population: [], Initial fitness: []
Maximum number of function evaluations has been exceeded
Evaluations: 1085
Running function 13 instance 7 repetition 7 with A2 MLSL, budget 50, run_from_scratch=True
Initial population: [], Initial fitness: []
Maximum number of function evaluations has been exceeded
Evaluations: 1085
Running function 13 instance 7 repetition 8 with A2 MLSL, budget 50, run_from_scratch=True
Initial population: [], Initial fitness: []
Maximum number of function evaluations has been exceeded
Evaluations: 1085
Running function 13 instance 7 repetition 9 with A2 MLSL, budget 50, run_from_scratch=True
Initial population: [], Initial fitness: []
Maximum number of function evaluations has been exceeded
Evaluations: 1085
Running function 13 instance 7 repetition 10 with A2 MLSL, budget 50, run_from_scratch=True
Initial population: [], Initial fitness: []
Maximum number of function evaluations has been exceeded
Evaluations: 1085
Running function 13 instance 7 repetition 11 with A2 MLSL, budget 50, run_from_scratch=True
Initial population: [], Initial fitness: []
Maximum number of function evaluations has been exceeded
Evaluations: 1085
Running function 13 instance 7 repetition 12 with A2 MLSL, budget 50, run_from_scratch=True
Initial population: [], Initial fitness: []
Maximum number of function evaluations has been exceeded
Evaluations: 1085
Running function 13 instance 7 repetition 13 with A2 MLSL, budget 50, run_from_scratch=True
Initial population: [], Initial fitness: []
Maximum number of function evaluations has been exceeded
Evaluations: 1085
Running function 13 instance 7 repetition 14 with A2 MLSL, budget 50, run_from_scratch=True
Initial population: [], Initial fitness: []
Maximum number of function evaluations has been exceeded
Evaluations: 1085
Running function 13 instance 7 repetition 15 with A2 MLSL, budget 50, run_from_scratch=True
Initial population: [], Initial fitness: []
Maximum number of function evaluations has been exceeded
Evaluations: 1085
Running function 13 instance 7 repetition 16 with A2 MLSL, budget 50, run_from_scratch=True
Initial population: [], Initial fitness: []
Maximum number of function evaluations has been exceeded
Evaluations: 1085
Running function 13 instance 7 repetition 17 with A2 MLSL, budget 50, run_from_scratch=True
Initial population: [], Initial fitness: []
Maximum number of function evaluations has been exceeded
Evaluations: 1085
Running function 13 instance 7 repetition 18 with A2 MLSL, budget 50, run_from_scratch=True
Initial population: [], Initial fitness: []
Maximum number of function evaluations has been exceeded
Evaluations: 1085
Running function 13 instance 7 repetition 19 with A2 MLSL, budget 50, run_from_scratch=True
Initial population: [], Initial fitness: []
Maximum number of function evaluations has been exceeded
Evaluations: 1085
Running function 14 instance 6 repetition 0 with A2 MLSL, budget 50, run_from_scratch=True
Initial population: [], Initial fitness: []
Maximum number of function evaluations has been exceeded
Evaluations: 1085
Running function 14 instance 6 repetition 1 with A2 MLSL, budget 50, run_from_scratch=True
Initial population: [], Initial fitness: []
Maximum number of function evaluations has been exceeded
Evaluations: 1085
Running function 14 instance 6 repetition 2 with A2 MLSL, budget 50, run_from_scratch=True
Initial population: [], Initial fitness: []
Maximum number of function evaluations has been exceeded
Evaluations: 1085
Running function 14 instance 6 repetition 3 with A2 MLSL, budget 50, run_from_scratch=True
Initial population: [], Initial fitness: []
Maximum number of function evaluations has been exceeded
Evaluations: 1085
Running function 14 instance 6 repetition 4 with A2 MLSL, budget 50, run_from_scratch=True
Initial population: [], Initial fitness: []
Maximum number of function evaluations has been exceeded
Evaluations: 1085
Running function 14 instance 6 repetition 5 with A2 MLSL, budget 50, run_from_scratch=True
Initial population: [], Initial fitness: []
Maximum number of function evaluations has been exceeded
Evaluations: 1085
Running function 14 instance 6 repetition 6 with A2 MLSL, budget 50, run_from_scratch=True
Initial population: [], Initial fitness: []
Maximum number of function evaluations has been exceeded
Evaluations: 1085
Running function 14 instance 6 repetition 7 with A2 MLSL, budget 50, run_from_scratch=True
Initial population: [], Initial fitness: []
Maximum number of function evaluations has been exceeded
Evaluations: 1085
Running function 14 instance 6 repetition 8 with A2 MLSL, budget 50, run_from_scratch=True
Initial population: [], Initial fitness: []
Maximum number of function evaluations has been exceeded
Evaluations: 1085
Running function 14 instance 6 repetition 9 with A2 MLSL, budget 50, run_from_scratch=True
Initial population: [], Initial fitness: []
Maximum number of function evaluations has been exceeded
Evaluations: 1085
Running function 14 instance 6 repetition 10 with A2 MLSL, budget 50, run_from_scratch=True
Initial population: [], Initial fitness: []
Maximum number of function evaluations has been exceeded
Evaluations: 1085
Running function 14 instance 6 repetition 11 with A2 MLSL, budget 50, run_from_scratch=True
Initial population: [], Initial fitness: []
Maximum number of function evaluations has been exceeded
Evaluations: 1085
Running function 14 instance 6 repetition 12 with A2 MLSL, budget 50, run_from_scratch=True
Initial population: [], Initial fitness: []
Maximum number of function evaluations has been exceeded
Evaluations: 1085
Running function 14 instance 6 repetition 13 with A2 MLSL, budget 50, run_from_scratch=True
Initial population: [], Initial fitness: []
Maximum number of function evaluations has been exceeded
Evaluations: 1085
Running function 14 instance 6 repetition 14 with A2 MLSL, budget 50, run_from_scratch=True
Initial population: [], Initial fitness: []
Maximum number of function evaluations has been exceeded
Evaluations: 1085
Running function 14 instance 6 repetition 15 with A2 MLSL, budget 50, run_from_scratch=True
Initial population: [], Initial fitness: []
Maximum number of function evaluations has been exceeded
Evaluations: 1085
Running function 14 instance 6 repetition 16 with A2 MLSL, budget 50, run_from_scratch=True
Initial population: [], Initial fitness: []
Maximum number of function evaluations has been exceeded
Evaluations: 1085
Running function 14 instance 6 repetition 17 with A2 MLSL, budget 50, run_from_scratch=True
Initial population: [], Initial fitness: []
Maximum number of function evaluations has been exceeded
Evaluations: 1085
Running function 14 instance 6 repetition 18 with A2 MLSL, budget 50, run_from_scratch=True
Initial population: [], Initial fitness: []
Maximum number of function evaluations has been exceeded
Evaluations: 1085
Running function 14 instance 6 repetition 19 with A2 MLSL, budget 50, run_from_scratch=True
Initial population: [], Initial fitness: []
Maximum number of function evaluations has been exceeded
Evaluations: 1085
Running function 14 instance 7 repetition 0 with A2 MLSL, budget 50, run_from_scratch=True
Initial population: [], Initial fitness: []
Maximum number of function evaluations has been exceeded
Evaluations: 1085
Running function 14 instance 7 repetition 1 with A2 MLSL, budget 50, run_from_scratch=True
Initial population: [], Initial fitness: []
Maximum number of function evaluations has been exceeded
Evaluations: 1085
Running function 14 instance 7 repetition 2 with A2 MLSL, budget 50, run_from_scratch=True
Initial population: [], Initial fitness: []
Maximum number of function evaluations has been exceeded
Evaluations: 1085
Running function 14 instance 7 repetition 3 with A2 MLSL, budget 50, run_from_scratch=True
Initial population: [], Initial fitness: []
Maximum number of function evaluations has been exceeded
Evaluations: 1085
Running function 14 instance 7 repetition 4 with A2 MLSL, budget 50, run_from_scratch=True
Initial population: [], Initial fitness: []
Maximum number of function evaluations has been exceeded
Evaluations: 1085
Running function 14 instance 7 repetition 5 with A2 MLSL, budget 50, run_from_scratch=True
Initial population: [], Initial fitness: []
Maximum number of function evaluations has been exceeded
Evaluations: 1085
Running function 14 instance 7 repetition 6 with A2 MLSL, budget 50, run_from_scratch=True
Initial population: [], Initial fitness: []
Maximum number of function evaluations has been exceeded
Evaluations: 1085
Running function 14 instance 7 repetition 7 with A2 MLSL, budget 50, run_from_scratch=True
Initial population: [], Initial fitness: []
Maximum number of function evaluations has been exceeded
Evaluations: 1085
Running function 14 instance 7 repetition 8 with A2 MLSL, budget 50, run_from_scratch=True
Initial population: [], Initial fitness: []
Maximum number of function evaluations has been exceeded
Evaluations: 1085
Running function 14 instance 7 repetition 9 with A2 MLSL, budget 50, run_from_scratch=True
Initial population: [], Initial fitness: []
Maximum number of function evaluations has been exceeded
Evaluations: 1085
Running function 14 instance 7 repetition 10 with A2 MLSL, budget 50, run_from_scratch=True
Initial population: [], Initial fitness: []
Maximum number of function evaluations has been exceeded
Evaluations: 1085
Running function 14 instance 7 repetition 11 with A2 MLSL, budget 50, run_from_scratch=True
Initial population: [], Initial fitness: []
Maximum number of function evaluations has been exceeded
Evaluations: 1085
Running function 14 instance 7 repetition 12 with A2 MLSL, budget 50, run_from_scratch=True
Initial population: [], Initial fitness: []
Maximum number of function evaluations has been exceeded
Evaluations: 1085
Running function 14 instance 7 repetition 13 with A2 MLSL, budget 50, run_from_scratch=True
Initial population: [], Initial fitness: []
Maximum number of function evaluations has been exceeded
Evaluations: 1085
Running function 14 instance 7 repetition 14 with A2 MLSL, budget 50, run_from_scratch=True
Initial population: [], Initial fitness: []
Maximum number of function evaluations has been exceeded
Evaluations: 1085
Running function 14 instance 7 repetition 15 with A2 MLSL, budget 50, run_from_scratch=True
Initial population: [], Initial fitness: []
Maximum number of function evaluations has been exceeded
Evaluations: 1085
Running function 14 instance 7 repetition 16 with A2 MLSL, budget 50, run_from_scratch=True
Initial population: [], Initial fitness: []
Maximum number of function evaluations has been exceeded
Evaluations: 1085
Running function 14 instance 7 repetition 17 with A2 MLSL, budget 50, run_from_scratch=True
Initial population: [], Initial fitness: []
Maximum number of function evaluations has been exceeded
Evaluations: 1085
Running function 14 instance 7 repetition 18 with A2 MLSL, budget 50, run_from_scratch=True
Initial population: [], Initial fitness: []
Maximum number of function evaluations has been exceeded
Evaluations: 1085
Running function 14 instance 7 repetition 19 with A2 MLSL, budget 50, run_from_scratch=True
Initial population: [], Initial fitness: []
Maximum number of function evaluations has been exceeded
Evaluations: 1085
Running function 15 instance 6 repetition 0 with A2 MLSL, budget 50, run_from_scratch=True
Initial population: [], Initial fitness: []
Maximum number of function evaluations has been exceeded
Evaluations: 1085
Running function 15 instance 6 repetition 1 with A2 MLSL, budget 50, run_from_scratch=True
Initial population: [], Initial fitness: []
Maximum number of function evaluations has been exceeded
Evaluations: 1085
Running function 15 instance 6 repetition 2 with A2 MLSL, budget 50, run_from_scratch=True
Initial population: [], Initial fitness: []
Maximum number of function evaluations has been exceeded
Evaluations: 1085
Running function 15 instance 6 repetition 3 with A2 MLSL, budget 50, run_from_scratch=True
Initial population: [], Initial fitness: []
Maximum number of function evaluations has been exceeded
Evaluations: 1085
Running function 15 instance 6 repetition 4 with A2 MLSL, budget 50, run_from_scratch=True
Initial population: [], Initial fitness: []
Maximum number of function evaluations has been exceeded
Evaluations: 1085
Running function 15 instance 6 repetition 5 with A2 MLSL, budget 50, run_from_scratch=True
Initial population: [], Initial fitness: []
Maximum number of function evaluations has been exceeded
Evaluations: 1085
Running function 15 instance 6 repetition 6 with A2 MLSL, budget 50, run_from_scratch=True
Initial population: [], Initial fitness: []
Maximum number of function evaluations has been exceeded
Evaluations: 1085
Running function 15 instance 6 repetition 7 with A2 MLSL, budget 50, run_from_scratch=True
Initial population: [], Initial fitness: []
Maximum number of function evaluations has been exceeded
Evaluations: 1085
Running function 15 instance 6 repetition 8 with A2 MLSL, budget 50, run_from_scratch=True
Initial population: [], Initial fitness: []
Maximum number of function evaluations has been exceeded
Evaluations: 1085
Running function 15 instance 6 repetition 9 with A2 MLSL, budget 50, run_from_scratch=True
Initial population: [], Initial fitness: []
Maximum number of function evaluations has been exceeded
Evaluations: 1085
Running function 15 instance 6 repetition 10 with A2 MLSL, budget 50, run_from_scratch=True
Initial population: [], Initial fitness: []
Maximum number of function evaluations has been exceeded
Evaluations: 1085
Running function 15 instance 6 repetition 11 with A2 MLSL, budget 50, run_from_scratch=True
Initial population: [], Initial fitness: []
Maximum number of function evaluations has been exceeded
Evaluations: 1085
Running function 15 instance 6 repetition 12 with A2 MLSL, budget 50, run_from_scratch=True
Initial population: [], Initial fitness: []
Maximum number of function evaluations has been exceeded
Evaluations: 1085
Running function 15 instance 6 repetition 13 with A2 MLSL, budget 50, run_from_scratch=True
Initial population: [], Initial fitness: []
Maximum number of function evaluations has been exceeded
Evaluations: 1085
Running function 15 instance 6 repetition 14 with A2 MLSL, budget 50, run_from_scratch=True
Initial population: [], Initial fitness: []
Maximum number of function evaluations has been exceeded
Evaluations: 1085
Running function 15 instance 6 repetition 15 with A2 MLSL, budget 50, run_from_scratch=True
Initial population: [], Initial fitness: []
Maximum number of function evaluations has been exceeded
Evaluations: 1085
Running function 15 instance 6 repetition 16 with A2 MLSL, budget 50, run_from_scratch=True
Initial population: [], Initial fitness: []
Maximum number of function evaluations has been exceeded
Evaluations: 1085
Running function 15 instance 6 repetition 17 with A2 MLSL, budget 50, run_from_scratch=True
Initial population: [], Initial fitness: []
Maximum number of function evaluations has been exceeded
Evaluations: 1085
Running function 15 instance 6 repetition 18 with A2 MLSL, budget 50, run_from_scratch=True
Initial population: [], Initial fitness: []
Maximum number of function evaluations has been exceeded
Evaluations: 1085
Running function 15 instance 6 repetition 19 with A2 MLSL, budget 50, run_from_scratch=True
Initial population: [], Initial fitness: []
Maximum number of function evaluations has been exceeded
Evaluations: 1085
Running function 15 instance 7 repetition 0 with A2 MLSL, budget 50, run_from_scratch=True
Initial population: [], Initial fitness: []
Maximum number of function evaluations has been exceeded
Evaluations: 1085
Running function 15 instance 7 repetition 1 with A2 MLSL, budget 50, run_from_scratch=True
Initial population: [], Initial fitness: []
Maximum number of function evaluations has been exceeded
Evaluations: 1085
Running function 15 instance 7 repetition 2 with A2 MLSL, budget 50, run_from_scratch=True
Initial population: [], Initial fitness: []
Maximum number of function evaluations has been exceeded
Evaluations: 1085
Running function 15 instance 7 repetition 3 with A2 MLSL, budget 50, run_from_scratch=True
Initial population: [], Initial fitness: []
Maximum number of function evaluations has been exceeded
Evaluations: 1085
Running function 15 instance 7 repetition 4 with A2 MLSL, budget 50, run_from_scratch=True
Initial population: [], Initial fitness: []
Maximum number of function evaluations has been exceeded
Evaluations: 1085
Running function 15 instance 7 repetition 5 with A2 MLSL, budget 50, run_from_scratch=True
Initial population: [], Initial fitness: []
Maximum number of function evaluations has been exceeded
Evaluations: 1085
Running function 15 instance 7 repetition 6 with A2 MLSL, budget 50, run_from_scratch=True
Initial population: [], Initial fitness: []
Maximum number of function evaluations has been exceeded
Evaluations: 1085
Running function 15 instance 7 repetition 7 with A2 MLSL, budget 50, run_from_scratch=True
Initial population: [], Initial fitness: []
Maximum number of function evaluations has been exceeded
Evaluations: 1085
Running function 15 instance 7 repetition 8 with A2 MLSL, budget 50, run_from_scratch=True
Initial population: [], Initial fitness: []
Maximum number of function evaluations has been exceeded
Evaluations: 1085
Running function 15 instance 7 repetition 9 with A2 MLSL, budget 50, run_from_scratch=True
Initial population: [], Initial fitness: []
Maximum number of function evaluations has been exceeded
Evaluations: 1085
Running function 15 instance 7 repetition 10 with A2 MLSL, budget 50, run_from_scratch=True
Initial population: [], Initial fitness: []
Maximum number of function evaluations has been exceeded
Evaluations: 1085
Running function 15 instance 7 repetition 11 with A2 MLSL, budget 50, run_from_scratch=True
Initial population: [], Initial fitness: []
Maximum number of function evaluations has been exceeded
Evaluations: 1085
Running function 15 instance 7 repetition 12 with A2 MLSL, budget 50, run_from_scratch=True
Initial population: [], Initial fitness: []
Maximum number of function evaluations has been exceeded
Evaluations: 1085
Running function 15 instance 7 repetition 13 with A2 MLSL, budget 50, run_from_scratch=True
Initial population: [], Initial fitness: []
Maximum number of function evaluations has been exceeded
Evaluations: 1085
Running function 15 instance 7 repetition 14 with A2 MLSL, budget 50, run_from_scratch=True
Initial population: [], Initial fitness: []
Maximum number of function evaluations has been exceeded
Evaluations: 1085
Running function 15 instance 7 repetition 15 with A2 MLSL, budget 50, run_from_scratch=True
Initial population: [], Initial fitness: []
Maximum number of function evaluations has been exceeded
Evaluations: 1085
Running function 15 instance 7 repetition 16 with A2 MLSL, budget 50, run_from_scratch=True
Initial population: [], Initial fitness: []
Maximum number of function evaluations has been exceeded
Evaluations: 1085
Running function 15 instance 7 repetition 17 with A2 MLSL, budget 50, run_from_scratch=True
Initial population: [], Initial fitness: []
Maximum number of function evaluations has been exceeded
Evaluations: 1085
Running function 15 instance 7 repetition 18 with A2 MLSL, budget 50, run_from_scratch=True
Initial population: [], Initial fitness: []
Maximum number of function evaluations has been exceeded
Evaluations: 1085
Running function 15 instance 7 repetition 19 with A2 MLSL, budget 50, run_from_scratch=True
Initial population: [], Initial fitness: []
Maximum number of function evaluations has been exceeded
Evaluations: 1085
Running function 16 instance 6 repetition 0 with A2 MLSL, budget 50, run_from_scratch=True
Initial population: [], Initial fitness: []
Maximum number of function evaluations has been exceeded
Evaluations: 1085
Running function 16 instance 6 repetition 1 with A2 MLSL, budget 50, run_from_scratch=True
Initial population: [], Initial fitness: []
Maximum number of function evaluations has been exceeded
Evaluations: 1085
Running function 16 instance 6 repetition 2 with A2 MLSL, budget 50, run_from_scratch=True
Initial population: [], Initial fitness: []
Maximum number of function evaluations has been exceeded
Evaluations: 1085
Running function 16 instance 6 repetition 3 with A2 MLSL, budget 50, run_from_scratch=True
Initial population: [], Initial fitness: []
Maximum number of function evaluations has been exceeded
Evaluations: 1085
Running function 16 instance 6 repetition 4 with A2 MLSL, budget 50, run_from_scratch=True
Initial population: [], Initial fitness: []
Maximum number of function evaluations has been exceeded
Evaluations: 1085
Running function 16 instance 6 repetition 5 with A2 MLSL, budget 50, run_from_scratch=True
Initial population: [], Initial fitness: []
Maximum number of function evaluations has been exceeded
Evaluations: 1085
Running function 16 instance 6 repetition 6 with A2 MLSL, budget 50, run_from_scratch=True
Initial population: [], Initial fitness: []
Maximum number of function evaluations has been exceeded
Evaluations: 1085
Running function 16 instance 6 repetition 7 with A2 MLSL, budget 50, run_from_scratch=True
Initial population: [], Initial fitness: []
Maximum number of function evaluations has been exceeded
Evaluations: 1085
Running function 16 instance 6 repetition 8 with A2 MLSL, budget 50, run_from_scratch=True
Initial population: [], Initial fitness: []
Maximum number of function evaluations has been exceeded
Evaluations: 1085
Running function 16 instance 6 repetition 9 with A2 MLSL, budget 50, run_from_scratch=True
Initial population: [], Initial fitness: []
Maximum number of function evaluations has been exceeded
Evaluations: 1085
Running function 16 instance 6 repetition 10 with A2 MLSL, budget 50, run_from_scratch=True
Initial population: [], Initial fitness: []
Maximum number of function evaluations has been exceeded
Evaluations: 1085
Running function 16 instance 6 repetition 11 with A2 MLSL, budget 50, run_from_scratch=True
Initial population: [], Initial fitness: []
Maximum number of function evaluations has been exceeded
Evaluations: 1085
Running function 16 instance 6 repetition 12 with A2 MLSL, budget 50, run_from_scratch=True
Initial population: [], Initial fitness: []
Maximum number of function evaluations has been exceeded
Evaluations: 1085
Running function 16 instance 6 repetition 13 with A2 MLSL, budget 50, run_from_scratch=True
Initial population: [], Initial fitness: []
Maximum number of function evaluations has been exceeded
Evaluations: 1085
Running function 16 instance 6 repetition 14 with A2 MLSL, budget 50, run_from_scratch=True
Initial population: [], Initial fitness: []
Maximum number of function evaluations has been exceeded
Evaluations: 1085
Running function 16 instance 6 repetition 15 with A2 MLSL, budget 50, run_from_scratch=True
Initial population: [], Initial fitness: []
Maximum number of function evaluations has been exceeded
Evaluations: 1085
Running function 16 instance 6 repetition 16 with A2 MLSL, budget 50, run_from_scratch=True
Initial population: [], Initial fitness: []
Maximum number of function evaluations has been exceeded
Evaluations: 1085
Running function 16 instance 6 repetition 17 with A2 MLSL, budget 50, run_from_scratch=True
Initial population: [], Initial fitness: []
Maximum number of function evaluations has been exceeded
Evaluations: 1085
Running function 16 instance 6 repetition 18 with A2 MLSL, budget 50, run_from_scratch=True
Initial population: [], Initial fitness: []
Maximum number of function evaluations has been exceeded
Evaluations: 1085
Running function 16 instance 6 repetition 19 with A2 MLSL, budget 50, run_from_scratch=True
Initial population: [], Initial fitness: []
Maximum number of function evaluations has been exceeded
Evaluations: 1085
Running function 16 instance 7 repetition 0 with A2 MLSL, budget 50, run_from_scratch=True
Initial population: [], Initial fitness: []
Maximum number of function evaluations has been exceeded
Evaluations: 1085
Running function 16 instance 7 repetition 1 with A2 MLSL, budget 50, run_from_scratch=True
Initial population: [], Initial fitness: []
Maximum number of function evaluations has been exceeded
Evaluations: 1085
Running function 16 instance 7 repetition 2 with A2 MLSL, budget 50, run_from_scratch=True
Initial population: [], Initial fitness: []
Maximum number of function evaluations has been exceeded
Evaluations: 1085
Running function 16 instance 7 repetition 3 with A2 MLSL, budget 50, run_from_scratch=True
Initial population: [], Initial fitness: []
Maximum number of function evaluations has been exceeded
Evaluations: 1085
Running function 16 instance 7 repetition 4 with A2 MLSL, budget 50, run_from_scratch=True
Initial population: [], Initial fitness: []
Maximum number of function evaluations has been exceeded
Evaluations: 1085
Running function 16 instance 7 repetition 5 with A2 MLSL, budget 50, run_from_scratch=True
Initial population: [], Initial fitness: []
Maximum number of function evaluations has been exceeded
Evaluations: 1085
Running function 16 instance 7 repetition 6 with A2 MLSL, budget 50, run_from_scratch=True
Initial population: [], Initial fitness: []
Maximum number of function evaluations has been exceeded
Evaluations: 1085
Running function 16 instance 7 repetition 7 with A2 MLSL, budget 50, run_from_scratch=True
Initial population: [], Initial fitness: []
Maximum number of function evaluations has been exceeded
Evaluations: 1085
Running function 16 instance 7 repetition 8 with A2 MLSL, budget 50, run_from_scratch=True
Initial population: [], Initial fitness: []
Maximum number of function evaluations has been exceeded
Evaluations: 1085
Running function 16 instance 7 repetition 9 with A2 MLSL, budget 50, run_from_scratch=True
Initial population: [], Initial fitness: []
Maximum number of function evaluations has been exceeded
Evaluations: 1085
Running function 16 instance 7 repetition 10 with A2 MLSL, budget 50, run_from_scratch=True
Initial population: [], Initial fitness: []
Maximum number of function evaluations has been exceeded
Evaluations: 1085
Running function 16 instance 7 repetition 11 with A2 MLSL, budget 50, run_from_scratch=True
Initial population: [], Initial fitness: []
Maximum number of function evaluations has been exceeded
Evaluations: 1085
Running function 16 instance 7 repetition 12 with A2 MLSL, budget 50, run_from_scratch=True
Initial population: [], Initial fitness: []
Maximum number of function evaluations has been exceeded
Evaluations: 1085
Running function 16 instance 7 repetition 13 with A2 MLSL, budget 50, run_from_scratch=True
Initial population: [], Initial fitness: []
Maximum number of function evaluations has been exceeded
Evaluations: 1085
Running function 16 instance 7 repetition 14 with A2 MLSL, budget 50, run_from_scratch=True
Initial population: [], Initial fitness: []
Maximum number of function evaluations has been exceeded
Evaluations: 1085
Running function 16 instance 7 repetition 15 with A2 MLSL, budget 50, run_from_scratch=True
Initial population: [], Initial fitness: []
Maximum number of function evaluations has been exceeded
Evaluations: 1085
Running function 16 instance 7 repetition 16 with A2 MLSL, budget 50, run_from_scratch=True
Initial population: [], Initial fitness: []
Maximum number of function evaluations has been exceeded
Evaluations: 1085
Running function 16 instance 7 repetition 17 with A2 MLSL, budget 50, run_from_scratch=True
Initial population: [], Initial fitness: []
Maximum number of function evaluations has been exceeded
Evaluations: 1085
Running function 16 instance 7 repetition 18 with A2 MLSL, budget 50, run_from_scratch=True
Initial population: [], Initial fitness: []
Maximum number of function evaluations has been exceeded
Evaluations: 1085
Running function 16 instance 7 repetition 19 with A2 MLSL, budget 50, run_from_scratch=True
Initial population: [], Initial fitness: []
Maximum number of function evaluations has been exceeded
Evaluations: 1085
Running function 17 instance 6 repetition 0 with A2 MLSL, budget 50, run_from_scratch=True
Initial population: [], Initial fitness: []
Maximum number of function evaluations has been exceeded
Evaluations: 1085
Running function 17 instance 6 repetition 1 with A2 MLSL, budget 50, run_from_scratch=True
Initial population: [], Initial fitness: []
Maximum number of function evaluations has been exceeded
Evaluations: 1085
Running function 17 instance 6 repetition 2 with A2 MLSL, budget 50, run_from_scratch=True
Initial population: [], Initial fitness: []
Maximum number of function evaluations has been exceeded
Evaluations: 1085
Running function 17 instance 6 repetition 3 with A2 MLSL, budget 50, run_from_scratch=True
Initial population: [], Initial fitness: []
Maximum number of function evaluations has been exceeded
Evaluations: 1085
Running function 17 instance 6 repetition 4 with A2 MLSL, budget 50, run_from_scratch=True
Initial population: [], Initial fitness: []
Maximum number of function evaluations has been exceeded
Evaluations: 1085
Running function 17 instance 6 repetition 5 with A2 MLSL, budget 50, run_from_scratch=True
Initial population: [], Initial fitness: []
Maximum number of function evaluations has been exceeded
Evaluations: 1085
Running function 17 instance 6 repetition 6 with A2 MLSL, budget 50, run_from_scratch=True
Initial population: [], Initial fitness: []
Maximum number of function evaluations has been exceeded
Evaluations: 1085
Running function 17 instance 6 repetition 7 with A2 MLSL, budget 50, run_from_scratch=True
Initial population: [], Initial fitness: []
Maximum number of function evaluations has been exceeded
Evaluations: 1085
Running function 17 instance 6 repetition 8 with A2 MLSL, budget 50, run_from_scratch=True
Initial population: [], Initial fitness: []
Maximum number of function evaluations has been exceeded
Evaluations: 1085
Running function 17 instance 6 repetition 9 with A2 MLSL, budget 50, run_from_scratch=True
Initial population: [], Initial fitness: []
Maximum number of function evaluations has been exceeded
Evaluations: 1085
Running function 17 instance 6 repetition 10 with A2 MLSL, budget 50, run_from_scratch=True
Initial population: [], Initial fitness: []
Maximum number of function evaluations has been exceeded
Evaluations: 1085
Running function 17 instance 6 repetition 11 with A2 MLSL, budget 50, run_from_scratch=True
Initial population: [], Initial fitness: []
Maximum number of function evaluations has been exceeded
Evaluations: 1085
Running function 17 instance 6 repetition 12 with A2 MLSL, budget 50, run_from_scratch=True
Initial population: [], Initial fitness: []
Maximum number of function evaluations has been exceeded
Evaluations: 1085
Running function 17 instance 6 repetition 13 with A2 MLSL, budget 50, run_from_scratch=True
Initial population: [], Initial fitness: []
Maximum number of function evaluations has been exceeded
Evaluations: 1085
Running function 17 instance 6 repetition 14 with A2 MLSL, budget 50, run_from_scratch=True
Initial population: [], Initial fitness: []
Maximum number of function evaluations has been exceeded
Evaluations: 1085
Running function 17 instance 6 repetition 15 with A2 MLSL, budget 50, run_from_scratch=True
Initial population: [], Initial fitness: []
Maximum number of function evaluations has been exceeded
Evaluations: 1085
Running function 17 instance 6 repetition 16 with A2 MLSL, budget 50, run_from_scratch=True
Initial population: [], Initial fitness: []
Maximum number of function evaluations has been exceeded
Evaluations: 1085
Running function 17 instance 6 repetition 17 with A2 MLSL, budget 50, run_from_scratch=True
Initial population: [], Initial fitness: []
Maximum number of function evaluations has been exceeded
Evaluations: 1085
Running function 17 instance 6 repetition 18 with A2 MLSL, budget 50, run_from_scratch=True
Initial population: [], Initial fitness: []
Maximum number of function evaluations has been exceeded
Evaluations: 1085
Running function 17 instance 6 repetition 19 with A2 MLSL, budget 50, run_from_scratch=True
Initial population: [], Initial fitness: []
Maximum number of function evaluations has been exceeded
Evaluations: 1085
Running function 17 instance 7 repetition 0 with A2 MLSL, budget 50, run_from_scratch=True
Initial population: [], Initial fitness: []
Maximum number of function evaluations has been exceeded
Evaluations: 1085
Running function 17 instance 7 repetition 1 with A2 MLSL, budget 50, run_from_scratch=True
Initial population: [], Initial fitness: []
Maximum number of function evaluations has been exceeded
Evaluations: 1085
Running function 17 instance 7 repetition 2 with A2 MLSL, budget 50, run_from_scratch=True
Initial population: [], Initial fitness: []
Maximum number of function evaluations has been exceeded
Evaluations: 1085
Running function 17 instance 7 repetition 3 with A2 MLSL, budget 50, run_from_scratch=True
Initial population: [], Initial fitness: []
Maximum number of function evaluations has been exceeded
Evaluations: 1085
Running function 17 instance 7 repetition 4 with A2 MLSL, budget 50, run_from_scratch=True
Initial population: [], Initial fitness: []
Maximum number of function evaluations has been exceeded
Evaluations: 1085
Running function 17 instance 7 repetition 5 with A2 MLSL, budget 50, run_from_scratch=True
Initial population: [], Initial fitness: []
Maximum number of function evaluations has been exceeded
Evaluations: 1085
Running function 17 instance 7 repetition 6 with A2 MLSL, budget 50, run_from_scratch=True
Initial population: [], Initial fitness: []
Maximum number of function evaluations has been exceeded
Evaluations: 1085
Running function 17 instance 7 repetition 7 with A2 MLSL, budget 50, run_from_scratch=True
Initial population: [], Initial fitness: []
Maximum number of function evaluations has been exceeded
Evaluations: 1085
Running function 17 instance 7 repetition 8 with A2 MLSL, budget 50, run_from_scratch=True
Initial population: [], Initial fitness: []
Maximum number of function evaluations has been exceeded
Evaluations: 1085
Running function 17 instance 7 repetition 9 with A2 MLSL, budget 50, run_from_scratch=True
Initial population: [], Initial fitness: []
Maximum number of function evaluations has been exceeded
Evaluations: 1085
Running function 17 instance 7 repetition 10 with A2 MLSL, budget 50, run_from_scratch=True
Initial population: [], Initial fitness: []
Maximum number of function evaluations has been exceeded
Evaluations: 1085
Running function 17 instance 7 repetition 11 with A2 MLSL, budget 50, run_from_scratch=True
Initial population: [], Initial fitness: []
Maximum number of function evaluations has been exceeded
Evaluations: 1085
Running function 17 instance 7 repetition 12 with A2 MLSL, budget 50, run_from_scratch=True
Initial population: [], Initial fitness: []
Maximum number of function evaluations has been exceeded
Evaluations: 1085
Running function 17 instance 7 repetition 13 with A2 MLSL, budget 50, run_from_scratch=True
Initial population: [], Initial fitness: []
Maximum number of function evaluations has been exceeded
Evaluations: 1085
Running function 17 instance 7 repetition 14 with A2 MLSL, budget 50, run_from_scratch=True
Initial population: [], Initial fitness: []
Maximum number of function evaluations has been exceeded
Evaluations: 1085
Running function 17 instance 7 repetition 15 with A2 MLSL, budget 50, run_from_scratch=True
Initial population: [], Initial fitness: []
Maximum number of function evaluations has been exceeded
Evaluations: 1085
Running function 17 instance 7 repetition 16 with A2 MLSL, budget 50, run_from_scratch=True
Initial population: [], Initial fitness: []
Maximum number of function evaluations has been exceeded
Evaluations: 1085
Running function 17 instance 7 repetition 17 with A2 MLSL, budget 50, run_from_scratch=True
Initial population: [], Initial fitness: []
Maximum number of function evaluations has been exceeded
Evaluations: 1085
Running function 17 instance 7 repetition 18 with A2 MLSL, budget 50, run_from_scratch=True
Initial population: [], Initial fitness: []
Maximum number of function evaluations has been exceeded
Evaluations: 1085
Running function 17 instance 7 repetition 19 with A2 MLSL, budget 50, run_from_scratch=True
Initial population: [], Initial fitness: []
Maximum number of function evaluations has been exceeded
Evaluations: 1085
Running function 18 instance 6 repetition 0 with A2 MLSL, budget 50, run_from_scratch=True
Initial population: [], Initial fitness: []
Maximum number of function evaluations has been exceeded
Evaluations: 1085
Running function 18 instance 6 repetition 1 with A2 MLSL, budget 50, run_from_scratch=True
Initial population: [], Initial fitness: []
Maximum number of function evaluations has been exceeded
Evaluations: 1085
Running function 18 instance 6 repetition 2 with A2 MLSL, budget 50, run_from_scratch=True
Initial population: [], Initial fitness: []
Maximum number of function evaluations has been exceeded
Evaluations: 1085
Running function 18 instance 6 repetition 3 with A2 MLSL, budget 50, run_from_scratch=True
Initial population: [], Initial fitness: []
Maximum number of function evaluations has been exceeded
Evaluations: 1085
Running function 18 instance 6 repetition 4 with A2 MLSL, budget 50, run_from_scratch=True
Initial population: [], Initial fitness: []
Maximum number of function evaluations has been exceeded
Evaluations: 1085
Running function 18 instance 6 repetition 5 with A2 MLSL, budget 50, run_from_scratch=True
Initial population: [], Initial fitness: []
Maximum number of function evaluations has been exceeded
Evaluations: 1085
Running function 18 instance 6 repetition 6 with A2 MLSL, budget 50, run_from_scratch=True
Initial population: [], Initial fitness: []
Maximum number of function evaluations has been exceeded
Evaluations: 1085
Running function 18 instance 6 repetition 7 with A2 MLSL, budget 50, run_from_scratch=True
Initial population: [], Initial fitness: []
Maximum number of function evaluations has been exceeded
Evaluations: 1085
Running function 18 instance 6 repetition 8 with A2 MLSL, budget 50, run_from_scratch=True
Initial population: [], Initial fitness: []
Maximum number of function evaluations has been exceeded
Evaluations: 1085
Running function 18 instance 6 repetition 9 with A2 MLSL, budget 50, run_from_scratch=True
Initial population: [], Initial fitness: []
Maximum number of function evaluations has been exceeded
Evaluations: 1085
Running function 18 instance 6 repetition 10 with A2 MLSL, budget 50, run_from_scratch=True
Initial population: [], Initial fitness: []
Maximum number of function evaluations has been exceeded
Evaluations: 1085
Running function 18 instance 6 repetition 11 with A2 MLSL, budget 50, run_from_scratch=True
Initial population: [], Initial fitness: []
Maximum number of function evaluations has been exceeded
Evaluations: 1085
Running function 18 instance 6 repetition 12 with A2 MLSL, budget 50, run_from_scratch=True
Initial population: [], Initial fitness: []
Maximum number of function evaluations has been exceeded
Evaluations: 1085
Running function 18 instance 6 repetition 13 with A2 MLSL, budget 50, run_from_scratch=True
Initial population: [], Initial fitness: []
Maximum number of function evaluations has been exceeded
Evaluations: 1085
Running function 18 instance 6 repetition 14 with A2 MLSL, budget 50, run_from_scratch=True
Initial population: [], Initial fitness: []
Maximum number of function evaluations has been exceeded
Evaluations: 1085
Running function 18 instance 6 repetition 15 with A2 MLSL, budget 50, run_from_scratch=True
Initial population: [], Initial fitness: []
Maximum number of function evaluations has been exceeded
Evaluations: 1085
Running function 18 instance 6 repetition 16 with A2 MLSL, budget 50, run_from_scratch=True
Initial population: [], Initial fitness: []
Maximum number of function evaluations has been exceeded
Evaluations: 1085
Running function 18 instance 6 repetition 17 with A2 MLSL, budget 50, run_from_scratch=True
Initial population: [], Initial fitness: []
Maximum number of function evaluations has been exceeded
Evaluations: 1085
Running function 18 instance 6 repetition 18 with A2 MLSL, budget 50, run_from_scratch=True
Initial population: [], Initial fitness: []
Maximum number of function evaluations has been exceeded
Evaluations: 1085
Running function 18 instance 6 repetition 19 with A2 MLSL, budget 50, run_from_scratch=True
Initial population: [], Initial fitness: []
Maximum number of function evaluations has been exceeded
Evaluations: 1085
Running function 18 instance 7 repetition 0 with A2 MLSL, budget 50, run_from_scratch=True
Initial population: [], Initial fitness: []
Maximum number of function evaluations has been exceeded
Evaluations: 1085
Running function 18 instance 7 repetition 1 with A2 MLSL, budget 50, run_from_scratch=True
Initial population: [], Initial fitness: []
Maximum number of function evaluations has been exceeded
Evaluations: 1085
Running function 18 instance 7 repetition 2 with A2 MLSL, budget 50, run_from_scratch=True
Initial population: [], Initial fitness: []
Maximum number of function evaluations has been exceeded
Evaluations: 1085
Running function 18 instance 7 repetition 3 with A2 MLSL, budget 50, run_from_scratch=True
Initial population: [], Initial fitness: []
Maximum number of function evaluations has been exceeded
Evaluations: 1085
Running function 18 instance 7 repetition 4 with A2 MLSL, budget 50, run_from_scratch=True
Initial population: [], Initial fitness: []
Maximum number of function evaluations has been exceeded
Evaluations: 1085
Running function 18 instance 7 repetition 5 with A2 MLSL, budget 50, run_from_scratch=True
Initial population: [], Initial fitness: []
Maximum number of function evaluations has been exceeded
Evaluations: 1085
Running function 18 instance 7 repetition 6 with A2 MLSL, budget 50, run_from_scratch=True
Initial population: [], Initial fitness: []
Maximum number of function evaluations has been exceeded
Evaluations: 1085
Running function 18 instance 7 repetition 7 with A2 MLSL, budget 50, run_from_scratch=True
Initial population: [], Initial fitness: []
Maximum number of function evaluations has been exceeded
Evaluations: 1085
Running function 18 instance 7 repetition 8 with A2 MLSL, budget 50, run_from_scratch=True
Initial population: [], Initial fitness: []
Maximum number of function evaluations has been exceeded
Evaluations: 1085
Running function 18 instance 7 repetition 9 with A2 MLSL, budget 50, run_from_scratch=True
Initial population: [], Initial fitness: []
Maximum number of function evaluations has been exceeded
Evaluations: 1085
Running function 18 instance 7 repetition 10 with A2 MLSL, budget 50, run_from_scratch=True
Initial population: [], Initial fitness: []
Maximum number of function evaluations has been exceeded
Evaluations: 1085
Running function 18 instance 7 repetition 11 with A2 MLSL, budget 50, run_from_scratch=True
Initial population: [], Initial fitness: []
Maximum number of function evaluations has been exceeded
Evaluations: 1085
Running function 18 instance 7 repetition 12 with A2 MLSL, budget 50, run_from_scratch=True
Initial population: [], Initial fitness: []
Evaluations: 1085
Running function 18 instance 7 repetition 13 with A2 MLSL, budget 50, run_from_scratch=True
Initial population: [], Initial fitness: []
Maximum number of function evaluations has been exceeded
Evaluations: 1085
Running function 18 instance 7 repetition 14 with A2 MLSL, budget 50, run_from_scratch=True
Initial population: [], Initial fitness: []
Evaluations: 1085
Running function 18 instance 7 repetition 15 with A2 MLSL, budget 50, run_from_scratch=True
Initial population: [], Initial fitness: []
Maximum number of function evaluations has been exceeded
Evaluations: 1085
Running function 18 instance 7 repetition 16 with A2 MLSL, budget 50, run_from_scratch=True
Initial population: [], Initial fitness: []
Maximum number of function evaluations has been exceeded
Evaluations: 1085
Running function 18 instance 7 repetition 17 with A2 MLSL, budget 50, run_from_scratch=True
Initial population: [], Initial fitness: []
Maximum number of function evaluations has been exceeded
Evaluations: 1085
Running function 18 instance 7 repetition 18 with A2 MLSL, budget 50, run_from_scratch=True
Initial population: [], Initial fitness: []
Maximum number of function evaluations has been exceeded
Evaluations: 1085
Running function 18 instance 7 repetition 19 with A2 MLSL, budget 50, run_from_scratch=True
Initial population: [], Initial fitness: []
Maximum number of function evaluations has been exceeded
Evaluations: 1085
Running function 19 instance 6 repetition 0 with A2 MLSL, budget 50, run_from_scratch=True
Initial population: [], Initial fitness: []
Maximum number of function evaluations has been exceeded
Evaluations: 1085
Running function 19 instance 6 repetition 1 with A2 MLSL, budget 50, run_from_scratch=True
Initial population: [], Initial fitness: []
Maximum number of function evaluations has been exceeded
Evaluations: 1085
Running function 19 instance 6 repetition 2 with A2 MLSL, budget 50, run_from_scratch=True
Initial population: [], Initial fitness: []
Maximum number of function evaluations has been exceeded
Evaluations: 1085
Running function 19 instance 6 repetition 3 with A2 MLSL, budget 50, run_from_scratch=True
Initial population: [], Initial fitness: []
Maximum number of function evaluations has been exceeded
Evaluations: 1085
Running function 19 instance 6 repetition 4 with A2 MLSL, budget 50, run_from_scratch=True
Initial population: [], Initial fitness: []
Maximum number of function evaluations has been exceeded
Evaluations: 1085
Running function 19 instance 6 repetition 5 with A2 MLSL, budget 50, run_from_scratch=True
Initial population: [], Initial fitness: []
Maximum number of function evaluations has been exceeded
Evaluations: 1085
Running function 19 instance 6 repetition 6 with A2 MLSL, budget 50, run_from_scratch=True
Initial population: [], Initial fitness: []
Maximum number of function evaluations has been exceeded
Evaluations: 1085
Running function 19 instance 6 repetition 7 with A2 MLSL, budget 50, run_from_scratch=True
Initial population: [], Initial fitness: []
Maximum number of function evaluations has been exceeded
Evaluations: 1085
Running function 19 instance 6 repetition 8 with A2 MLSL, budget 50, run_from_scratch=True
Initial population: [], Initial fitness: []
Maximum number of function evaluations has been exceeded
Evaluations: 1085
Running function 19 instance 6 repetition 9 with A2 MLSL, budget 50, run_from_scratch=True
Initial population: [], Initial fitness: []
Maximum number of function evaluations has been exceeded
Evaluations: 1085
Running function 19 instance 6 repetition 10 with A2 MLSL, budget 50, run_from_scratch=True
Initial population: [], Initial fitness: []
Maximum number of function evaluations has been exceeded
Evaluations: 1085
Running function 19 instance 6 repetition 11 with A2 MLSL, budget 50, run_from_scratch=True
Initial population: [], Initial fitness: []
Maximum number of function evaluations has been exceeded
Evaluations: 1085
Running function 19 instance 6 repetition 12 with A2 MLSL, budget 50, run_from_scratch=True
Initial population: [], Initial fitness: []
Maximum number of function evaluations has been exceeded
Evaluations: 1085
Running function 19 instance 6 repetition 13 with A2 MLSL, budget 50, run_from_scratch=True
Initial population: [], Initial fitness: []
Maximum number of function evaluations has been exceeded
Evaluations: 1085
Running function 19 instance 6 repetition 14 with A2 MLSL, budget 50, run_from_scratch=True
Initial population: [], Initial fitness: []
Maximum number of function evaluations has been exceeded
Evaluations: 1085
Running function 19 instance 6 repetition 15 with A2 MLSL, budget 50, run_from_scratch=True
Initial population: [], Initial fitness: []
Maximum number of function evaluations has been exceeded
Evaluations: 1085
Running function 19 instance 6 repetition 16 with A2 MLSL, budget 50, run_from_scratch=True
Initial population: [], Initial fitness: []
Maximum number of function evaluations has been exceeded
Evaluations: 1085
Running function 19 instance 6 repetition 17 with A2 MLSL, budget 50, run_from_scratch=True
Initial population: [], Initial fitness: []
Maximum number of function evaluations has been exceeded
Evaluations: 1085
Running function 19 instance 6 repetition 18 with A2 MLSL, budget 50, run_from_scratch=True
Initial population: [], Initial fitness: []
Maximum number of function evaluations has been exceeded
Evaluations: 1085
Running function 19 instance 6 repetition 19 with A2 MLSL, budget 50, run_from_scratch=True
Initial population: [], Initial fitness: []
Maximum number of function evaluations has been exceeded
Evaluations: 1085
Running function 19 instance 7 repetition 0 with A2 MLSL, budget 50, run_from_scratch=True
Initial population: [], Initial fitness: []
Maximum number of function evaluations has been exceeded
Evaluations: 1085
Running function 19 instance 7 repetition 1 with A2 MLSL, budget 50, run_from_scratch=True
Initial population: [], Initial fitness: []
Maximum number of function evaluations has been exceeded
Evaluations: 1085
Running function 19 instance 7 repetition 2 with A2 MLSL, budget 50, run_from_scratch=True
Initial population: [], Initial fitness: []
Maximum number of function evaluations has been exceeded
Evaluations: 1085
Running function 19 instance 7 repetition 3 with A2 MLSL, budget 50, run_from_scratch=True
Initial population: [], Initial fitness: []
Maximum number of function evaluations has been exceeded
Evaluations: 1085
Running function 19 instance 7 repetition 4 with A2 MLSL, budget 50, run_from_scratch=True
Initial population: [], Initial fitness: []
Maximum number of function evaluations has been exceeded
Evaluations: 1085
Running function 19 instance 7 repetition 5 with A2 MLSL, budget 50, run_from_scratch=True
Initial population: [], Initial fitness: []
Maximum number of function evaluations has been exceeded
Evaluations: 1085
Running function 19 instance 7 repetition 6 with A2 MLSL, budget 50, run_from_scratch=True
Initial population: [], Initial fitness: []
Maximum number of function evaluations has been exceeded
Evaluations: 1085
Running function 19 instance 7 repetition 7 with A2 MLSL, budget 50, run_from_scratch=True
Initial population: [], Initial fitness: []
Maximum number of function evaluations has been exceeded
Evaluations: 1085
Running function 19 instance 7 repetition 8 with A2 MLSL, budget 50, run_from_scratch=True
Initial population: [], Initial fitness: []
Maximum number of function evaluations has been exceeded
Evaluations: 1085
Running function 19 instance 7 repetition 9 with A2 MLSL, budget 50, run_from_scratch=True
Initial population: [], Initial fitness: []
Maximum number of function evaluations has been exceeded
Evaluations: 1085
Running function 19 instance 7 repetition 10 with A2 MLSL, budget 50, run_from_scratch=True
Initial population: [], Initial fitness: []
Maximum number of function evaluations has been exceeded
Evaluations: 1085
Running function 19 instance 7 repetition 11 with A2 MLSL, budget 50, run_from_scratch=True
Initial population: [], Initial fitness: []
Maximum number of function evaluations has been exceeded
Evaluations: 1085
Running function 19 instance 7 repetition 12 with A2 MLSL, budget 50, run_from_scratch=True
Initial population: [], Initial fitness: []
Maximum number of function evaluations has been exceeded
Evaluations: 1085
Running function 19 instance 7 repetition 13 with A2 MLSL, budget 50, run_from_scratch=True
Initial population: [], Initial fitness: []
Maximum number of function evaluations has been exceeded
Evaluations: 1085
Running function 19 instance 7 repetition 14 with A2 MLSL, budget 50, run_from_scratch=True
Initial population: [], Initial fitness: []
Maximum number of function evaluations has been exceeded
Evaluations: 1085
Running function 19 instance 7 repetition 15 with A2 MLSL, budget 50, run_from_scratch=True
Initial population: [], Initial fitness: []
Maximum number of function evaluations has been exceeded
Evaluations: 1085
Running function 19 instance 7 repetition 16 with A2 MLSL, budget 50, run_from_scratch=True
Initial population: [], Initial fitness: []
Maximum number of function evaluations has been exceeded
Evaluations: 1085
Running function 19 instance 7 repetition 17 with A2 MLSL, budget 50, run_from_scratch=True
Initial population: [], Initial fitness: []
Maximum number of function evaluations has been exceeded
Evaluations: 1085
Running function 19 instance 7 repetition 18 with A2 MLSL, budget 50, run_from_scratch=True
Initial population: [], Initial fitness: []
Maximum number of function evaluations has been exceeded
Evaluations: 1085
Running function 19 instance 7 repetition 19 with A2 MLSL, budget 50, run_from_scratch=True
Initial population: [], Initial fitness: []
Maximum number of function evaluations has been exceeded
Evaluations: 1085
Running function 20 instance 6 repetition 0 with A2 MLSL, budget 50, run_from_scratch=True
Initial population: [], Initial fitness: []
Maximum number of function evaluations has been exceeded
Evaluations: 1085
Running function 20 instance 6 repetition 1 with A2 MLSL, budget 50, run_from_scratch=True
Initial population: [], Initial fitness: []
Maximum number of function evaluations has been exceeded
Evaluations: 1085
Running function 20 instance 6 repetition 2 with A2 MLSL, budget 50, run_from_scratch=True
Initial population: [], Initial fitness: []
Maximum number of function evaluations has been exceeded
Evaluations: 1085
Running function 20 instance 6 repetition 3 with A2 MLSL, budget 50, run_from_scratch=True
Initial population: [], Initial fitness: []
Maximum number of function evaluations has been exceeded
Evaluations: 1085
Running function 20 instance 6 repetition 4 with A2 MLSL, budget 50, run_from_scratch=True
Initial population: [], Initial fitness: []
Maximum number of function evaluations has been exceeded
Evaluations: 1085
Running function 20 instance 6 repetition 5 with A2 MLSL, budget 50, run_from_scratch=True
Initial population: [], Initial fitness: []
Maximum number of function evaluations has been exceeded
Evaluations: 1085
Running function 20 instance 6 repetition 6 with A2 MLSL, budget 50, run_from_scratch=True
Initial population: [], Initial fitness: []
Maximum number of function evaluations has been exceeded
Evaluations: 1085
Running function 20 instance 6 repetition 7 with A2 MLSL, budget 50, run_from_scratch=True
Initial population: [], Initial fitness: []
Maximum number of function evaluations has been exceeded
Evaluations: 1085
Running function 20 instance 6 repetition 8 with A2 MLSL, budget 50, run_from_scratch=True
Initial population: [], Initial fitness: []
Maximum number of function evaluations has been exceeded
Evaluations: 1085
Running function 20 instance 6 repetition 9 with A2 MLSL, budget 50, run_from_scratch=True
Initial population: [], Initial fitness: []
Maximum number of function evaluations has been exceeded
Evaluations: 1085
Running function 20 instance 6 repetition 10 with A2 MLSL, budget 50, run_from_scratch=True
Initial population: [], Initial fitness: []
Maximum number of function evaluations has been exceeded
Evaluations: 1085
Running function 20 instance 6 repetition 11 with A2 MLSL, budget 50, run_from_scratch=True
Initial population: [], Initial fitness: []
Maximum number of function evaluations has been exceeded
Evaluations: 1085
Running function 20 instance 6 repetition 12 with A2 MLSL, budget 50, run_from_scratch=True
Initial population: [], Initial fitness: []
Maximum number of function evaluations has been exceeded
Evaluations: 1085
Running function 20 instance 6 repetition 13 with A2 MLSL, budget 50, run_from_scratch=True
Initial population: [], Initial fitness: []
Maximum number of function evaluations has been exceeded
Evaluations: 1085
Running function 20 instance 6 repetition 14 with A2 MLSL, budget 50, run_from_scratch=True
Initial population: [], Initial fitness: []
Maximum number of function evaluations has been exceeded
Evaluations: 1085
Running function 20 instance 6 repetition 15 with A2 MLSL, budget 50, run_from_scratch=True
Initial population: [], Initial fitness: []
Maximum number of function evaluations has been exceeded
Evaluations: 1085
Running function 20 instance 6 repetition 16 with A2 MLSL, budget 50, run_from_scratch=True
Initial population: [], Initial fitness: []
Maximum number of function evaluations has been exceeded
Evaluations: 1085
Running function 20 instance 6 repetition 17 with A2 MLSL, budget 50, run_from_scratch=True
Initial population: [], Initial fitness: []
Maximum number of function evaluations has been exceeded
Evaluations: 1085
Running function 20 instance 6 repetition 18 with A2 MLSL, budget 50, run_from_scratch=True
Initial population: [], Initial fitness: []
Maximum number of function evaluations has been exceeded
Evaluations: 1085
Running function 20 instance 6 repetition 19 with A2 MLSL, budget 50, run_from_scratch=True
Initial population: [], Initial fitness: []
Maximum number of function evaluations has been exceeded
Evaluations: 1085
Running function 20 instance 7 repetition 0 with A2 MLSL, budget 50, run_from_scratch=True
Initial population: [], Initial fitness: []
Maximum number of function evaluations has been exceeded
Evaluations: 1085
Running function 20 instance 7 repetition 1 with A2 MLSL, budget 50, run_from_scratch=True
Initial population: [], Initial fitness: []
Maximum number of function evaluations has been exceeded
Evaluations: 1085
Running function 20 instance 7 repetition 2 with A2 MLSL, budget 50, run_from_scratch=True
Initial population: [], Initial fitness: []
Maximum number of function evaluations has been exceeded
Evaluations: 1085
Running function 20 instance 7 repetition 3 with A2 MLSL, budget 50, run_from_scratch=True
Initial population: [], Initial fitness: []
Maximum number of function evaluations has been exceeded
Evaluations: 1085
Running function 20 instance 7 repetition 4 with A2 MLSL, budget 50, run_from_scratch=True
Initial population: [], Initial fitness: []
Maximum number of function evaluations has been exceeded
Evaluations: 1085
Running function 20 instance 7 repetition 5 with A2 MLSL, budget 50, run_from_scratch=True
Initial population: [], Initial fitness: []
Maximum number of function evaluations has been exceeded
Evaluations: 1085
Running function 20 instance 7 repetition 6 with A2 MLSL, budget 50, run_from_scratch=True
Initial population: [], Initial fitness: []
Maximum number of function evaluations has been exceeded
Evaluations: 1085
Running function 20 instance 7 repetition 7 with A2 MLSL, budget 50, run_from_scratch=True
Initial population: [], Initial fitness: []
Maximum number of function evaluations has been exceeded
Evaluations: 1085
Running function 20 instance 7 repetition 8 with A2 MLSL, budget 50, run_from_scratch=True
Initial population: [], Initial fitness: []
Maximum number of function evaluations has been exceeded
Evaluations: 1085
Running function 20 instance 7 repetition 9 with A2 MLSL, budget 50, run_from_scratch=True
Initial population: [], Initial fitness: []
Maximum number of function evaluations has been exceeded
Evaluations: 1085
Running function 20 instance 7 repetition 10 with A2 MLSL, budget 50, run_from_scratch=True
Initial population: [], Initial fitness: []
Maximum number of function evaluations has been exceeded
Evaluations: 1085
Running function 20 instance 7 repetition 11 with A2 MLSL, budget 50, run_from_scratch=True
Initial population: [], Initial fitness: []
Maximum number of function evaluations has been exceeded
Evaluations: 1085
Running function 20 instance 7 repetition 12 with A2 MLSL, budget 50, run_from_scratch=True
Initial population: [], Initial fitness: []
Maximum number of function evaluations has been exceeded
Evaluations: 1085
Running function 20 instance 7 repetition 13 with A2 MLSL, budget 50, run_from_scratch=True
Initial population: [], Initial fitness: []
Maximum number of function evaluations has been exceeded
Evaluations: 1085
Running function 20 instance 7 repetition 14 with A2 MLSL, budget 50, run_from_scratch=True
Initial population: [], Initial fitness: []
Maximum number of function evaluations has been exceeded
Evaluations: 1085
Running function 20 instance 7 repetition 15 with A2 MLSL, budget 50, run_from_scratch=True
Initial population: [], Initial fitness: []
Maximum number of function evaluations has been exceeded
Evaluations: 1085
Running function 20 instance 7 repetition 16 with A2 MLSL, budget 50, run_from_scratch=True
Initial population: [], Initial fitness: []
Maximum number of function evaluations has been exceeded
Evaluations: 1085
Running function 20 instance 7 repetition 17 with A2 MLSL, budget 50, run_from_scratch=True
Initial population: [], Initial fitness: []
Maximum number of function evaluations has been exceeded
Evaluations: 1085
Running function 20 instance 7 repetition 18 with A2 MLSL, budget 50, run_from_scratch=True
Initial population: [], Initial fitness: []
Maximum number of function evaluations has been exceeded
Evaluations: 1085
Running function 20 instance 7 repetition 19 with A2 MLSL, budget 50, run_from_scratch=True
Initial population: [], Initial fitness: []
Maximum number of function evaluations has been exceeded
Evaluations: 1085
Running function 21 instance 6 repetition 0 with A2 MLSL, budget 50, run_from_scratch=True
Initial population: [], Initial fitness: []
Maximum number of function evaluations has been exceeded
Evaluations: 1085
Running function 21 instance 6 repetition 1 with A2 MLSL, budget 50, run_from_scratch=True
Initial population: [], Initial fitness: []
Maximum number of function evaluations has been exceeded
Evaluations: 1085
Running function 21 instance 6 repetition 2 with A2 MLSL, budget 50, run_from_scratch=True
Initial population: [], Initial fitness: []
Maximum number of function evaluations has been exceeded
Evaluations: 1085
Running function 21 instance 6 repetition 3 with A2 MLSL, budget 50, run_from_scratch=True
Initial population: [], Initial fitness: []
Maximum number of function evaluations has been exceeded
Evaluations: 1085
Running function 21 instance 6 repetition 4 with A2 MLSL, budget 50, run_from_scratch=True
Initial population: [], Initial fitness: []
Maximum number of function evaluations has been exceeded
Evaluations: 1085
Running function 21 instance 6 repetition 5 with A2 MLSL, budget 50, run_from_scratch=True
Initial population: [], Initial fitness: []
Maximum number of function evaluations has been exceeded
Evaluations: 1085
Running function 21 instance 6 repetition 6 with A2 MLSL, budget 50, run_from_scratch=True
Initial population: [], Initial fitness: []
Maximum number of function evaluations has been exceeded
Evaluations: 1085
Running function 21 instance 6 repetition 7 with A2 MLSL, budget 50, run_from_scratch=True
Initial population: [], Initial fitness: []
Maximum number of function evaluations has been exceeded
Evaluations: 1085
Running function 21 instance 6 repetition 8 with A2 MLSL, budget 50, run_from_scratch=True
Initial population: [], Initial fitness: []
Maximum number of function evaluations has been exceeded
Evaluations: 1085
Running function 21 instance 6 repetition 9 with A2 MLSL, budget 50, run_from_scratch=True
Initial population: [], Initial fitness: []
Maximum number of function evaluations has been exceeded
Evaluations: 1085
Running function 21 instance 6 repetition 10 with A2 MLSL, budget 50, run_from_scratch=True
Initial population: [], Initial fitness: []
Maximum number of function evaluations has been exceeded
Evaluations: 1085
Running function 21 instance 6 repetition 11 with A2 MLSL, budget 50, run_from_scratch=True
Initial population: [], Initial fitness: []
Maximum number of function evaluations has been exceeded
Evaluations: 1085
Running function 21 instance 6 repetition 12 with A2 MLSL, budget 50, run_from_scratch=True
Initial population: [], Initial fitness: []
Maximum number of function evaluations has been exceeded
Evaluations: 1085
Running function 21 instance 6 repetition 13 with A2 MLSL, budget 50, run_from_scratch=True
Initial population: [], Initial fitness: []
Maximum number of function evaluations has been exceeded
Evaluations: 1085
Running function 21 instance 6 repetition 14 with A2 MLSL, budget 50, run_from_scratch=True
Initial population: [], Initial fitness: []
Maximum number of function evaluations has been exceeded
Evaluations: 1085
Running function 21 instance 6 repetition 15 with A2 MLSL, budget 50, run_from_scratch=True
Initial population: [], Initial fitness: []
Maximum number of function evaluations has been exceeded
Evaluations: 1085
Running function 21 instance 6 repetition 16 with A2 MLSL, budget 50, run_from_scratch=True
Initial population: [], Initial fitness: []
Maximum number of function evaluations has been exceeded
Evaluations: 1085
Running function 21 instance 6 repetition 17 with A2 MLSL, budget 50, run_from_scratch=True
Initial population: [], Initial fitness: []
Maximum number of function evaluations has been exceeded
Evaluations: 1085
Running function 21 instance 6 repetition 18 with A2 MLSL, budget 50, run_from_scratch=True
Initial population: [], Initial fitness: []
Maximum number of function evaluations has been exceeded
Evaluations: 1085
Running function 21 instance 6 repetition 19 with A2 MLSL, budget 50, run_from_scratch=True
Initial population: [], Initial fitness: []
Maximum number of function evaluations has been exceeded
Evaluations: 1085
Running function 21 instance 7 repetition 0 with A2 MLSL, budget 50, run_from_scratch=True
Initial population: [], Initial fitness: []
Maximum number of function evaluations has been exceeded
Evaluations: 1085
Running function 21 instance 7 repetition 1 with A2 MLSL, budget 50, run_from_scratch=True
Initial population: [], Initial fitness: []
Maximum number of function evaluations has been exceeded
Evaluations: 1085
Running function 21 instance 7 repetition 2 with A2 MLSL, budget 50, run_from_scratch=True
Initial population: [], Initial fitness: []
Maximum number of function evaluations has been exceeded
Evaluations: 1085
Running function 21 instance 7 repetition 3 with A2 MLSL, budget 50, run_from_scratch=True
Initial population: [], Initial fitness: []
Maximum number of function evaluations has been exceeded
Evaluations: 1085
Running function 21 instance 7 repetition 4 with A2 MLSL, budget 50, run_from_scratch=True
Initial population: [], Initial fitness: []
Maximum number of function evaluations has been exceeded
Evaluations: 1085
Running function 21 instance 7 repetition 5 with A2 MLSL, budget 50, run_from_scratch=True
Initial population: [], Initial fitness: []
Maximum number of function evaluations has been exceeded
Evaluations: 1085
Running function 21 instance 7 repetition 6 with A2 MLSL, budget 50, run_from_scratch=True
Initial population: [], Initial fitness: []
Maximum number of function evaluations has been exceeded
Evaluations: 1085
Running function 21 instance 7 repetition 7 with A2 MLSL, budget 50, run_from_scratch=True
Initial population: [], Initial fitness: []
Maximum number of function evaluations has been exceeded
Evaluations: 1085
Running function 21 instance 7 repetition 8 with A2 MLSL, budget 50, run_from_scratch=True
Initial population: [], Initial fitness: []
Maximum number of function evaluations has been exceeded
Evaluations: 1085
Running function 21 instance 7 repetition 9 with A2 MLSL, budget 50, run_from_scratch=True
Initial population: [], Initial fitness: []
Maximum number of function evaluations has been exceeded
Evaluations: 1085
Running function 21 instance 7 repetition 10 with A2 MLSL, budget 50, run_from_scratch=True
Initial population: [], Initial fitness: []
Maximum number of function evaluations has been exceeded
Evaluations: 1085
Running function 21 instance 7 repetition 11 with A2 MLSL, budget 50, run_from_scratch=True
Initial population: [], Initial fitness: []
Maximum number of function evaluations has been exceeded
Evaluations: 1085
Running function 21 instance 7 repetition 12 with A2 MLSL, budget 50, run_from_scratch=True
Initial population: [], Initial fitness: []
Maximum number of function evaluations has been exceeded
Evaluations: 1085
Running function 21 instance 7 repetition 13 with A2 MLSL, budget 50, run_from_scratch=True
Initial population: [], Initial fitness: []
Maximum number of function evaluations has been exceeded
Evaluations: 1085
Running function 21 instance 7 repetition 14 with A2 MLSL, budget 50, run_from_scratch=True
Initial population: [], Initial fitness: []
Maximum number of function evaluations has been exceeded
Evaluations: 1085
Running function 21 instance 7 repetition 15 with A2 MLSL, budget 50, run_from_scratch=True
Initial population: [], Initial fitness: []
Maximum number of function evaluations has been exceeded
Evaluations: 1085
Running function 21 instance 7 repetition 16 with A2 MLSL, budget 50, run_from_scratch=True
Initial population: [], Initial fitness: []
Maximum number of function evaluations has been exceeded
Evaluations: 1085
Running function 21 instance 7 repetition 17 with A2 MLSL, budget 50, run_from_scratch=True
Initial population: [], Initial fitness: []
Maximum number of function evaluations has been exceeded
Evaluations: 1085
Running function 21 instance 7 repetition 18 with A2 MLSL, budget 50, run_from_scratch=True
Initial population: [], Initial fitness: []
Maximum number of function evaluations has been exceeded
Evaluations: 1085
Running function 21 instance 7 repetition 19 with A2 MLSL, budget 50, run_from_scratch=True
Initial population: [], Initial fitness: []
Maximum number of function evaluations has been exceeded
Evaluations: 1085
Running function 22 instance 6 repetition 0 with A2 MLSL, budget 50, run_from_scratch=True
Initial population: [], Initial fitness: []
Maximum number of function evaluations has been exceeded
Evaluations: 1085
Running function 22 instance 6 repetition 1 with A2 MLSL, budget 50, run_from_scratch=True
Initial population: [], Initial fitness: []
Maximum number of function evaluations has been exceeded
Evaluations: 1085
Running function 22 instance 6 repetition 2 with A2 MLSL, budget 50, run_from_scratch=True
Initial population: [], Initial fitness: []
Maximum number of function evaluations has been exceeded
Evaluations: 1085
Running function 22 instance 6 repetition 3 with A2 MLSL, budget 50, run_from_scratch=True
Initial population: [], Initial fitness: []
Maximum number of function evaluations has been exceeded
Evaluations: 1085
Running function 22 instance 6 repetition 4 with A2 MLSL, budget 50, run_from_scratch=True
Initial population: [], Initial fitness: []
Maximum number of function evaluations has been exceeded
Evaluations: 1085
Running function 22 instance 6 repetition 5 with A2 MLSL, budget 50, run_from_scratch=True
Initial population: [], Initial fitness: []
Maximum number of function evaluations has been exceeded
Evaluations: 1085
Running function 22 instance 6 repetition 6 with A2 MLSL, budget 50, run_from_scratch=True
Initial population: [], Initial fitness: []
Maximum number of function evaluations has been exceeded
Evaluations: 1085
Running function 22 instance 6 repetition 7 with A2 MLSL, budget 50, run_from_scratch=True
Initial population: [], Initial fitness: []
Maximum number of function evaluations has been exceeded
Evaluations: 1085
Running function 22 instance 6 repetition 8 with A2 MLSL, budget 50, run_from_scratch=True
Initial population: [], Initial fitness: []
Maximum number of function evaluations has been exceeded
Evaluations: 1085
Running function 22 instance 6 repetition 9 with A2 MLSL, budget 50, run_from_scratch=True
Initial population: [], Initial fitness: []
Maximum number of function evaluations has been exceeded
Evaluations: 1085
Running function 22 instance 6 repetition 10 with A2 MLSL, budget 50, run_from_scratch=True
Initial population: [], Initial fitness: []
Maximum number of function evaluations has been exceeded
Evaluations: 1085
Running function 22 instance 6 repetition 11 with A2 MLSL, budget 50, run_from_scratch=True
Initial population: [], Initial fitness: []
Maximum number of function evaluations has been exceeded
Evaluations: 1085
Running function 22 instance 6 repetition 12 with A2 MLSL, budget 50, run_from_scratch=True
Initial population: [], Initial fitness: []
Maximum number of function evaluations has been exceeded
Evaluations: 1085
Running function 22 instance 6 repetition 13 with A2 MLSL, budget 50, run_from_scratch=True
Initial population: [], Initial fitness: []
Maximum number of function evaluations has been exceeded
Evaluations: 1085
Running function 22 instance 6 repetition 14 with A2 MLSL, budget 50, run_from_scratch=True
Initial population: [], Initial fitness: []
Maximum number of function evaluations has been exceeded
Evaluations: 1085
Running function 22 instance 6 repetition 15 with A2 MLSL, budget 50, run_from_scratch=True
Initial population: [], Initial fitness: []
Maximum number of function evaluations has been exceeded
Evaluations: 1085
Running function 22 instance 6 repetition 16 with A2 MLSL, budget 50, run_from_scratch=True
Initial population: [], Initial fitness: []
Maximum number of function evaluations has been exceeded
Evaluations: 1085
Running function 22 instance 6 repetition 17 with A2 MLSL, budget 50, run_from_scratch=True
Initial population: [], Initial fitness: []
Maximum number of function evaluations has been exceeded
Evaluations: 1085
Running function 22 instance 6 repetition 18 with A2 MLSL, budget 50, run_from_scratch=True
Initial population: [], Initial fitness: []
Maximum number of function evaluations has been exceeded
Evaluations: 1085
Running function 22 instance 6 repetition 19 with A2 MLSL, budget 50, run_from_scratch=True
Initial population: [], Initial fitness: []
Maximum number of function evaluations has been exceeded
Evaluations: 1085
Running function 22 instance 7 repetition 0 with A2 MLSL, budget 50, run_from_scratch=True
Initial population: [], Initial fitness: []
Maximum number of function evaluations has been exceeded
Evaluations: 1085
Running function 22 instance 7 repetition 1 with A2 MLSL, budget 50, run_from_scratch=True
Initial population: [], Initial fitness: []
Maximum number of function evaluations has been exceeded
Evaluations: 1085
Running function 22 instance 7 repetition 2 with A2 MLSL, budget 50, run_from_scratch=True
Initial population: [], Initial fitness: []
Maximum number of function evaluations has been exceeded
Evaluations: 1085
Running function 22 instance 7 repetition 3 with A2 MLSL, budget 50, run_from_scratch=True
Initial population: [], Initial fitness: []
Maximum number of function evaluations has been exceeded
Evaluations: 1085
Running function 22 instance 7 repetition 4 with A2 MLSL, budget 50, run_from_scratch=True
Initial population: [], Initial fitness: []
Maximum number of function evaluations has been exceeded
Evaluations: 1085
Running function 22 instance 7 repetition 5 with A2 MLSL, budget 50, run_from_scratch=True
Initial population: [], Initial fitness: []
Maximum number of function evaluations has been exceeded
Evaluations: 1085
Running function 22 instance 7 repetition 6 with A2 MLSL, budget 50, run_from_scratch=True
Initial population: [], Initial fitness: []
Maximum number of function evaluations has been exceeded
Evaluations: 1085
Running function 22 instance 7 repetition 7 with A2 MLSL, budget 50, run_from_scratch=True
Initial population: [], Initial fitness: []
Maximum number of function evaluations has been exceeded
Evaluations: 1085
Running function 22 instance 7 repetition 8 with A2 MLSL, budget 50, run_from_scratch=True
Initial population: [], Initial fitness: []
Maximum number of function evaluations has been exceeded
Evaluations: 1085
Running function 22 instance 7 repetition 9 with A2 MLSL, budget 50, run_from_scratch=True
Initial population: [], Initial fitness: []
Maximum number of function evaluations has been exceeded
Evaluations: 1085
Running function 22 instance 7 repetition 10 with A2 MLSL, budget 50, run_from_scratch=True
Initial population: [], Initial fitness: []
Maximum number of function evaluations has been exceeded
Evaluations: 1085
Running function 22 instance 7 repetition 11 with A2 MLSL, budget 50, run_from_scratch=True
Initial population: [], Initial fitness: []
Maximum number of function evaluations has been exceeded
Evaluations: 1085
Running function 22 instance 7 repetition 12 with A2 MLSL, budget 50, run_from_scratch=True
Initial population: [], Initial fitness: []
Maximum number of function evaluations has been exceeded
Evaluations: 1085
Running function 22 instance 7 repetition 13 with A2 MLSL, budget 50, run_from_scratch=True
Initial population: [], Initial fitness: []
Maximum number of function evaluations has been exceeded
Evaluations: 1085
Running function 22 instance 7 repetition 14 with A2 MLSL, budget 50, run_from_scratch=True
Initial population: [], Initial fitness: []
Maximum number of function evaluations has been exceeded
Evaluations: 1085
Running function 22 instance 7 repetition 15 with A2 MLSL, budget 50, run_from_scratch=True
Initial population: [], Initial fitness: []
Maximum number of function evaluations has been exceeded
Evaluations: 1085
Running function 22 instance 7 repetition 16 with A2 MLSL, budget 50, run_from_scratch=True
Initial population: [], Initial fitness: []
Maximum number of function evaluations has been exceeded
Evaluations: 1085
Running function 22 instance 7 repetition 17 with A2 MLSL, budget 50, run_from_scratch=True
Initial population: [], Initial fitness: []
Maximum number of function evaluations has been exceeded
Evaluations: 1085
Running function 22 instance 7 repetition 18 with A2 MLSL, budget 50, run_from_scratch=True
Initial population: [], Initial fitness: []
Maximum number of function evaluations has been exceeded
Evaluations: 1085
Running function 22 instance 7 repetition 19 with A2 MLSL, budget 50, run_from_scratch=True
Initial population: [], Initial fitness: []
Maximum number of function evaluations has been exceeded
Evaluations: 1085
Running function 23 instance 6 repetition 0 with A2 MLSL, budget 50, run_from_scratch=True
Initial population: [], Initial fitness: []
Maximum number of function evaluations has been exceeded
Evaluations: 1085
Running function 23 instance 6 repetition 1 with A2 MLSL, budget 50, run_from_scratch=True
Initial population: [], Initial fitness: []
Maximum number of function evaluations has been exceeded
Evaluations: 1085
Running function 23 instance 6 repetition 2 with A2 MLSL, budget 50, run_from_scratch=True
Initial population: [], Initial fitness: []
Maximum number of function evaluations has been exceeded
Evaluations: 1085
Running function 23 instance 6 repetition 3 with A2 MLSL, budget 50, run_from_scratch=True
Initial population: [], Initial fitness: []
Maximum number of function evaluations has been exceeded
Evaluations: 1085
Running function 23 instance 6 repetition 4 with A2 MLSL, budget 50, run_from_scratch=True
Initial population: [], Initial fitness: []
Maximum number of function evaluations has been exceeded
Evaluations: 1085
Running function 23 instance 6 repetition 5 with A2 MLSL, budget 50, run_from_scratch=True
Initial population: [], Initial fitness: []
Maximum number of function evaluations has been exceeded
Evaluations: 1085
Running function 23 instance 6 repetition 6 with A2 MLSL, budget 50, run_from_scratch=True
Initial population: [], Initial fitness: []
Maximum number of function evaluations has been exceeded
Evaluations: 1085
Running function 23 instance 6 repetition 7 with A2 MLSL, budget 50, run_from_scratch=True
Initial population: [], Initial fitness: []
Maximum number of function evaluations has been exceeded
Evaluations: 1085
Running function 23 instance 6 repetition 8 with A2 MLSL, budget 50, run_from_scratch=True
Initial population: [], Initial fitness: []
Maximum number of function evaluations has been exceeded
Evaluations: 1085
Running function 23 instance 6 repetition 9 with A2 MLSL, budget 50, run_from_scratch=True
Initial population: [], Initial fitness: []
Maximum number of function evaluations has been exceeded
Evaluations: 1085
Running function 23 instance 6 repetition 10 with A2 MLSL, budget 50, run_from_scratch=True
Initial population: [], Initial fitness: []
Maximum number of function evaluations has been exceeded
Evaluations: 1085
Running function 23 instance 6 repetition 11 with A2 MLSL, budget 50, run_from_scratch=True
Initial population: [], Initial fitness: []
Maximum number of function evaluations has been exceeded
Evaluations: 1085
Running function 23 instance 6 repetition 12 with A2 MLSL, budget 50, run_from_scratch=True
Initial population: [], Initial fitness: []
Maximum number of function evaluations has been exceeded
Evaluations: 1085
Running function 23 instance 6 repetition 13 with A2 MLSL, budget 50, run_from_scratch=True
Initial population: [], Initial fitness: []
Maximum number of function evaluations has been exceeded
Evaluations: 1085
Running function 23 instance 6 repetition 14 with A2 MLSL, budget 50, run_from_scratch=True
Initial population: [], Initial fitness: []
Maximum number of function evaluations has been exceeded
Evaluations: 1085
Running function 23 instance 6 repetition 15 with A2 MLSL, budget 50, run_from_scratch=True
Initial population: [], Initial fitness: []
Maximum number of function evaluations has been exceeded
Evaluations: 1085
Running function 23 instance 6 repetition 16 with A2 MLSL, budget 50, run_from_scratch=True
Initial population: [], Initial fitness: []
Maximum number of function evaluations has been exceeded
Evaluations: 1085
Running function 23 instance 6 repetition 17 with A2 MLSL, budget 50, run_from_scratch=True
Initial population: [], Initial fitness: []
Maximum number of function evaluations has been exceeded
Evaluations: 1085
Running function 23 instance 6 repetition 18 with A2 MLSL, budget 50, run_from_scratch=True
Initial population: [], Initial fitness: []
Maximum number of function evaluations has been exceeded
Evaluations: 1085
Running function 23 instance 6 repetition 19 with A2 MLSL, budget 50, run_from_scratch=True
Initial population: [], Initial fitness: []
Maximum number of function evaluations has been exceeded
Evaluations: 1085
Running function 23 instance 7 repetition 0 with A2 MLSL, budget 50, run_from_scratch=True
Initial population: [], Initial fitness: []
Maximum number of function evaluations has been exceeded
Evaluations: 1085
Running function 23 instance 7 repetition 1 with A2 MLSL, budget 50, run_from_scratch=True
Initial population: [], Initial fitness: []
Maximum number of function evaluations has been exceeded
Evaluations: 1085
Running function 23 instance 7 repetition 2 with A2 MLSL, budget 50, run_from_scratch=True
Initial population: [], Initial fitness: []
Maximum number of function evaluations has been exceeded
Evaluations: 1085
Running function 23 instance 7 repetition 3 with A2 MLSL, budget 50, run_from_scratch=True
Initial population: [], Initial fitness: []
Maximum number of function evaluations has been exceeded
Evaluations: 1085
Running function 23 instance 7 repetition 4 with A2 MLSL, budget 50, run_from_scratch=True
Initial population: [], Initial fitness: []
Maximum number of function evaluations has been exceeded
Evaluations: 1085
Running function 23 instance 7 repetition 5 with A2 MLSL, budget 50, run_from_scratch=True
Initial population: [], Initial fitness: []
Maximum number of function evaluations has been exceeded
Evaluations: 1085
Running function 23 instance 7 repetition 6 with A2 MLSL, budget 50, run_from_scratch=True
Initial population: [], Initial fitness: []
Maximum number of function evaluations has been exceeded
Evaluations: 1085
Running function 23 instance 7 repetition 7 with A2 MLSL, budget 50, run_from_scratch=True
Initial population: [], Initial fitness: []
Maximum number of function evaluations has been exceeded
Evaluations: 1085
Running function 23 instance 7 repetition 8 with A2 MLSL, budget 50, run_from_scratch=True
Initial population: [], Initial fitness: []
Maximum number of function evaluations has been exceeded
Evaluations: 1085
Running function 23 instance 7 repetition 9 with A2 MLSL, budget 50, run_from_scratch=True
Initial population: [], Initial fitness: []
Maximum number of function evaluations has been exceeded
Evaluations: 1085
Running function 23 instance 7 repetition 10 with A2 MLSL, budget 50, run_from_scratch=True
Initial population: [], Initial fitness: []
Maximum number of function evaluations has been exceeded
Evaluations: 1085
Running function 23 instance 7 repetition 11 with A2 MLSL, budget 50, run_from_scratch=True
Initial population: [], Initial fitness: []
Maximum number of function evaluations has been exceeded
Evaluations: 1085
Running function 23 instance 7 repetition 12 with A2 MLSL, budget 50, run_from_scratch=True
Initial population: [], Initial fitness: []
Maximum number of function evaluations has been exceeded
Evaluations: 1085
Running function 23 instance 7 repetition 13 with A2 MLSL, budget 50, run_from_scratch=True
Initial population: [], Initial fitness: []
Maximum number of function evaluations has been exceeded
Evaluations: 1085
Running function 23 instance 7 repetition 14 with A2 MLSL, budget 50, run_from_scratch=True
Initial population: [], Initial fitness: []
Maximum number of function evaluations has been exceeded
Evaluations: 1085
Running function 23 instance 7 repetition 15 with A2 MLSL, budget 50, run_from_scratch=True
Initial population: [], Initial fitness: []
Maximum number of function evaluations has been exceeded
Evaluations: 1085
Running function 23 instance 7 repetition 16 with A2 MLSL, budget 50, run_from_scratch=True
Initial population: [], Initial fitness: []
Maximum number of function evaluations has been exceeded
Evaluations: 1085
Running function 23 instance 7 repetition 17 with A2 MLSL, budget 50, run_from_scratch=True
Initial population: [], Initial fitness: []
Maximum number of function evaluations has been exceeded
Evaluations: 1085
Running function 23 instance 7 repetition 18 with A2 MLSL, budget 50, run_from_scratch=True
Initial population: [], Initial fitness: []
Maximum number of function evaluations has been exceeded
Evaluations: 1085
Running function 23 instance 7 repetition 19 with A2 MLSL, budget 50, run_from_scratch=True
Initial population: [], Initial fitness: []
Maximum number of function evaluations has been exceeded
Evaluations: 1085
Running function 24 instance 6 repetition 0 with A2 MLSL, budget 50, run_from_scratch=True
Initial population: [], Initial fitness: []
Maximum number of function evaluations has been exceeded
Evaluations: 1085
Running function 24 instance 6 repetition 1 with A2 MLSL, budget 50, run_from_scratch=True
Initial population: [], Initial fitness: []
Maximum number of function evaluations has been exceeded
Evaluations: 1085
Running function 24 instance 6 repetition 2 with A2 MLSL, budget 50, run_from_scratch=True
Initial population: [], Initial fitness: []
Maximum number of function evaluations has been exceeded
Evaluations: 1085
Running function 24 instance 6 repetition 3 with A2 MLSL, budget 50, run_from_scratch=True
Initial population: [], Initial fitness: []
Maximum number of function evaluations has been exceeded
Evaluations: 1085
Running function 24 instance 6 repetition 4 with A2 MLSL, budget 50, run_from_scratch=True
Initial population: [], Initial fitness: []
Maximum number of function evaluations has been exceeded
Evaluations: 1085
Running function 24 instance 6 repetition 5 with A2 MLSL, budget 50, run_from_scratch=True
Initial population: [], Initial fitness: []
Maximum number of function evaluations has been exceeded
Evaluations: 1085
Running function 24 instance 6 repetition 6 with A2 MLSL, budget 50, run_from_scratch=True
Initial population: [], Initial fitness: []
Maximum number of function evaluations has been exceeded
Evaluations: 1085
Running function 24 instance 6 repetition 7 with A2 MLSL, budget 50, run_from_scratch=True
Initial population: [], Initial fitness: []
Maximum number of function evaluations has been exceeded
Evaluations: 1085
Running function 24 instance 6 repetition 8 with A2 MLSL, budget 50, run_from_scratch=True
Initial population: [], Initial fitness: []
Maximum number of function evaluations has been exceeded
Evaluations: 1085
Running function 24 instance 6 repetition 9 with A2 MLSL, budget 50, run_from_scratch=True
Initial population: [], Initial fitness: []
Maximum number of function evaluations has been exceeded
Evaluations: 1085
Running function 24 instance 6 repetition 10 with A2 MLSL, budget 50, run_from_scratch=True
Initial population: [], Initial fitness: []
Maximum number of function evaluations has been exceeded
Evaluations: 1085
Running function 24 instance 6 repetition 11 with A2 MLSL, budget 50, run_from_scratch=True
Initial population: [], Initial fitness: []
Maximum number of function evaluations has been exceeded
Evaluations: 1085
Running function 24 instance 6 repetition 12 with A2 MLSL, budget 50, run_from_scratch=True
Initial population: [], Initial fitness: []
Maximum number of function evaluations has been exceeded
Evaluations: 1085
Running function 24 instance 6 repetition 13 with A2 MLSL, budget 50, run_from_scratch=True
Initial population: [], Initial fitness: []
Maximum number of function evaluations has been exceeded
Evaluations: 1085
Running function 24 instance 6 repetition 14 with A2 MLSL, budget 50, run_from_scratch=True
Initial population: [], Initial fitness: []
Maximum number of function evaluations has been exceeded
Evaluations: 1085
Running function 24 instance 6 repetition 15 with A2 MLSL, budget 50, run_from_scratch=True
Initial population: [], Initial fitness: []
Maximum number of function evaluations has been exceeded
Evaluations: 1085
Running function 24 instance 6 repetition 16 with A2 MLSL, budget 50, run_from_scratch=True
Initial population: [], Initial fitness: []
Maximum number of function evaluations has been exceeded
Evaluations: 1085
Running function 24 instance 6 repetition 17 with A2 MLSL, budget 50, run_from_scratch=True
Initial population: [], Initial fitness: []
Maximum number of function evaluations has been exceeded
Evaluations: 1085
Running function 24 instance 6 repetition 18 with A2 MLSL, budget 50, run_from_scratch=True
Initial population: [], Initial fitness: []
Maximum number of function evaluations has been exceeded
Evaluations: 1085
Running function 24 instance 6 repetition 19 with A2 MLSL, budget 50, run_from_scratch=True
Initial population: [], Initial fitness: []
Maximum number of function evaluations has been exceeded
Evaluations: 1085
Running function 24 instance 7 repetition 0 with A2 MLSL, budget 50, run_from_scratch=True
Initial population: [], Initial fitness: []
Maximum number of function evaluations has been exceeded
Evaluations: 1085
Running function 24 instance 7 repetition 1 with A2 MLSL, budget 50, run_from_scratch=True
Initial population: [], Initial fitness: []
Maximum number of function evaluations has been exceeded
Evaluations: 1085
Running function 24 instance 7 repetition 2 with A2 MLSL, budget 50, run_from_scratch=True
Initial population: [], Initial fitness: []
Maximum number of function evaluations has been exceeded
Evaluations: 1085
Running function 24 instance 7 repetition 3 with A2 MLSL, budget 50, run_from_scratch=True
Initial population: [], Initial fitness: []
Maximum number of function evaluations has been exceeded
Evaluations: 1085
Running function 24 instance 7 repetition 4 with A2 MLSL, budget 50, run_from_scratch=True
Initial population: [], Initial fitness: []
Maximum number of function evaluations has been exceeded
Evaluations: 1085
Running function 24 instance 7 repetition 5 with A2 MLSL, budget 50, run_from_scratch=True
Initial population: [], Initial fitness: []
Maximum number of function evaluations has been exceeded
Evaluations: 1085
Running function 24 instance 7 repetition 6 with A2 MLSL, budget 50, run_from_scratch=True
Initial population: [], Initial fitness: []
Maximum number of function evaluations has been exceeded
Evaluations: 1085
Running function 24 instance 7 repetition 7 with A2 MLSL, budget 50, run_from_scratch=True
Initial population: [], Initial fitness: []
Maximum number of function evaluations has been exceeded
Evaluations: 1085
Running function 24 instance 7 repetition 8 with A2 MLSL, budget 50, run_from_scratch=True
Initial population: [], Initial fitness: []
Maximum number of function evaluations has been exceeded
Evaluations: 1085
Running function 24 instance 7 repetition 9 with A2 MLSL, budget 50, run_from_scratch=True
Initial population: [], Initial fitness: []
Maximum number of function evaluations has been exceeded
Evaluations: 1085
Running function 24 instance 7 repetition 10 with A2 MLSL, budget 50, run_from_scratch=True
Initial population: [], Initial fitness: []
Maximum number of function evaluations has been exceeded
Evaluations: 1085
Running function 24 instance 7 repetition 11 with A2 MLSL, budget 50, run_from_scratch=True
Initial population: [], Initial fitness: []
Maximum number of function evaluations has been exceeded
Evaluations: 1085
Running function 24 instance 7 repetition 12 with A2 MLSL, budget 50, run_from_scratch=True
Initial population: [], Initial fitness: []
Maximum number of function evaluations has been exceeded
Evaluations: 1085
Running function 24 instance 7 repetition 13 with A2 MLSL, budget 50, run_from_scratch=True
Initial population: [], Initial fitness: []
Maximum number of function evaluations has been exceeded
Evaluations: 1085
Running function 24 instance 7 repetition 14 with A2 MLSL, budget 50, run_from_scratch=True
Initial population: [], Initial fitness: []
Maximum number of function evaluations has been exceeded
Evaluations: 1085
Running function 24 instance 7 repetition 15 with A2 MLSL, budget 50, run_from_scratch=True
Initial population: [], Initial fitness: []
Maximum number of function evaluations has been exceeded
Evaluations: 1085
Running function 24 instance 7 repetition 16 with A2 MLSL, budget 50, run_from_scratch=True
Initial population: [], Initial fitness: []
Maximum number of function evaluations has been exceeded
Evaluations: 1085
Running function 24 instance 7 repetition 17 with A2 MLSL, budget 50, run_from_scratch=True
Initial population: [], Initial fitness: []
Maximum number of function evaluations has been exceeded
Evaluations: 1085
Running function 24 instance 7 repetition 18 with A2 MLSL, budget 50, run_from_scratch=True
Initial population: [], Initial fitness: []
Maximum number of function evaluations has been exceeded
Evaluations: 1085
Running function 24 instance 7 repetition 19 with A2 MLSL, budget 50, run_from_scratch=True
Initial population: [], Initial fitness: []
Maximum number of function evaluations has been exceeded
Evaluations: 1085
Running function 1 instance 6 repetition 0 with A2 DE, budget 50, run_from_scratch=True
Evaluations: 549
Running function 1 instance 6 repetition 1 with A2 DE, budget 50, run_from_scratch=True
Evaluations: 768
Running function 1 instance 6 repetition 2 with A2 DE, budget 50, run_from_scratch=True
Evaluations: 699
Running function 1 instance 6 repetition 3 with A2 DE, budget 50, run_from_scratch=True
Evaluations: 693
Running function 1 instance 6 repetition 4 with A2 DE, budget 50, run_from_scratch=True
Evaluations: 774
Running function 1 instance 6 repetition 5 with A2 DE, budget 50, run_from_scratch=True
Evaluations: 618
Running function 1 instance 6 repetition 6 with A2 DE, budget 50, run_from_scratch=True
Evaluations: 618
Running function 1 instance 6 repetition 7 with A2 DE, budget 50, run_from_scratch=True
Evaluations: 618
Running function 1 instance 6 repetition 8 with A2 DE, budget 50, run_from_scratch=True
Evaluations: 768
Running function 1 instance 6 repetition 9 with A2 DE, budget 50, run_from_scratch=True
Evaluations: 618
Running function 1 instance 6 repetition 10 with A2 DE, budget 50, run_from_scratch=True
Evaluations: 699
Running function 1 instance 6 repetition 11 with A2 DE, budget 50, run_from_scratch=True
Evaluations: 699
Running function 1 instance 6 repetition 12 with A2 DE, budget 50, run_from_scratch=True
Evaluations: 618
Running function 1 instance 6 repetition 13 with A2 DE, budget 50, run_from_scratch=True
Evaluations: 693
Running function 1 instance 6 repetition 14 with A2 DE, budget 50, run_from_scratch=True
Evaluations: 624
Running function 1 instance 6 repetition 15 with A2 DE, budget 50, run_from_scratch=True
Evaluations: 699
Running function 1 instance 6 repetition 16 with A2 DE, budget 50, run_from_scratch=True
Evaluations: 624
Running function 1 instance 6 repetition 17 with A2 DE, budget 50, run_from_scratch=True
Evaluations: 618
Running function 1 instance 6 repetition 18 with A2 DE, budget 50, run_from_scratch=True
Evaluations: 699
Running function 1 instance 6 repetition 19 with A2 DE, budget 50, run_from_scratch=True
Evaluations: 624
Running function 1 instance 7 repetition 0 with A2 DE, budget 50, run_from_scratch=True
Evaluations: 399
Running function 1 instance 7 repetition 1 with A2 DE, budget 50, run_from_scratch=True
Evaluations: 330
Running function 1 instance 7 repetition 2 with A2 DE, budget 50, run_from_scratch=True
Evaluations: 468
Running function 1 instance 7 repetition 3 with A2 DE, budget 50, run_from_scratch=True
Evaluations: 318
Running function 1 instance 7 repetition 4 with A2 DE, budget 50, run_from_scratch=True
Evaluations: 405
Running function 1 instance 7 repetition 5 with A2 DE, budget 50, run_from_scratch=True
Evaluations: 399
Running function 1 instance 7 repetition 6 with A2 DE, budget 50, run_from_scratch=True
Evaluations: 474
Running function 1 instance 7 repetition 7 with A2 DE, budget 50, run_from_scratch=True
Evaluations: 330
Running function 1 instance 7 repetition 8 with A2 DE, budget 50, run_from_scratch=True
Evaluations: 330
Running function 1 instance 7 repetition 9 with A2 DE, budget 50, run_from_scratch=True
Evaluations: 324
Running function 1 instance 7 repetition 10 with A2 DE, budget 50, run_from_scratch=True
Evaluations: 336
Running function 1 instance 7 repetition 11 with A2 DE, budget 50, run_from_scratch=True
Evaluations: 324
Running function 1 instance 7 repetition 12 with A2 DE, budget 50, run_from_scratch=True
Evaluations: 324
Running function 1 instance 7 repetition 13 with A2 DE, budget 50, run_from_scratch=True
Evaluations: 324
Running function 1 instance 7 repetition 14 with A2 DE, budget 50, run_from_scratch=True
Evaluations: 324
Running function 1 instance 7 repetition 15 with A2 DE, budget 50, run_from_scratch=True
Evaluations: 543
Running function 1 instance 7 repetition 16 with A2 DE, budget 50, run_from_scratch=True
Evaluations: 324
Running function 1 instance 7 repetition 17 with A2 DE, budget 50, run_from_scratch=True
Evaluations: 405
Running function 1 instance 7 repetition 18 with A2 DE, budget 50, run_from_scratch=True
Evaluations: 399
Running function 1 instance 7 repetition 19 with A2 DE, budget 50, run_from_scratch=True
Evaluations: 324
Running function 2 instance 6 repetition 0 with A2 DE, budget 50, run_from_scratch=True
Evaluations: 1439
Running function 2 instance 6 repetition 1 with A2 DE, budget 50, run_from_scratch=True
Evaluations: 1385
Running function 2 instance 6 repetition 2 with A2 DE, budget 50, run_from_scratch=True
Evaluations: 1511
Running function 2 instance 6 repetition 3 with A2 DE, budget 50, run_from_scratch=True
Evaluations: 1355
Running function 2 instance 6 repetition 4 with A2 DE, budget 50, run_from_scratch=True
Evaluations: 1343
Running function 2 instance 6 repetition 5 with A2 DE, budget 50, run_from_scratch=True
Evaluations: 1511
Running function 2 instance 6 repetition 6 with A2 DE, budget 50, run_from_scratch=True
Evaluations: 1337
Running function 2 instance 6 repetition 7 with A2 DE, budget 50, run_from_scratch=True
Evaluations: 1193
Running function 2 instance 6 repetition 8 with A2 DE, budget 50, run_from_scratch=True
Evaluations: 1451
Running function 2 instance 6 repetition 9 with A2 DE, budget 50, run_from_scratch=True
Evaluations: 1415
Running function 2 instance 6 repetition 10 with A2 DE, budget 50, run_from_scratch=True
Evaluations: 1637
Running function 2 instance 6 repetition 11 with A2 DE, budget 50, run_from_scratch=True
Evaluations: 1457
Running function 2 instance 6 repetition 12 with A2 DE, budget 50, run_from_scratch=True
Evaluations: 1247
Running function 2 instance 6 repetition 13 with A2 DE, budget 50, run_from_scratch=True
Evaluations: 1349
Running function 2 instance 6 repetition 14 with A2 DE, budget 50, run_from_scratch=True
Evaluations: 1361
Running function 2 instance 6 repetition 15 with A2 DE, budget 50, run_from_scratch=True
Evaluations: 1331
Running function 2 instance 6 repetition 16 with A2 DE, budget 50, run_from_scratch=True
Evaluations: 1469
Running function 2 instance 6 repetition 17 with A2 DE, budget 50, run_from_scratch=True
Evaluations: 1415
Running function 2 instance 6 repetition 18 with A2 DE, budget 50, run_from_scratch=True
Evaluations: 1301
Running function 2 instance 6 repetition 19 with A2 DE, budget 50, run_from_scratch=True
Evaluations: 1529
Running function 2 instance 7 repetition 0 with A2 DE, budget 50, run_from_scratch=True
Evaluations: 1439
Running function 2 instance 7 repetition 1 with A2 DE, budget 50, run_from_scratch=True
Evaluations: 1427
Running function 2 instance 7 repetition 2 with A2 DE, budget 50, run_from_scratch=True
Evaluations: 1343
Running function 2 instance 7 repetition 3 with A2 DE, budget 50, run_from_scratch=True
Evaluations: 1517
Running function 2 instance 7 repetition 4 with A2 DE, budget 50, run_from_scratch=True
Evaluations: 1385
Running function 2 instance 7 repetition 5 with A2 DE, budget 50, run_from_scratch=True
Evaluations: 1427
Running function 2 instance 7 repetition 6 with A2 DE, budget 50, run_from_scratch=True
Evaluations: 1469
Running function 2 instance 7 repetition 7 with A2 DE, budget 50, run_from_scratch=True
Evaluations: 1493
Running function 2 instance 7 repetition 8 with A2 DE, budget 50, run_from_scratch=True
Evaluations: 1565
Running function 2 instance 7 repetition 9 with A2 DE, budget 50, run_from_scratch=True
Evaluations: 1409
Running function 2 instance 7 repetition 10 with A2 DE, budget 50, run_from_scratch=True
Evaluations: 1751
Running function 2 instance 7 repetition 11 with A2 DE, budget 50, run_from_scratch=True
Evaluations: 1535
Running function 2 instance 7 repetition 12 with A2 DE, budget 50, run_from_scratch=True
Evaluations: 1409
Running function 2 instance 7 repetition 13 with A2 DE, budget 50, run_from_scratch=True
Evaluations: 1571
Running function 2 instance 7 repetition 14 with A2 DE, budget 50, run_from_scratch=True
Evaluations: 1487
Running function 2 instance 7 repetition 15 with A2 DE, budget 50, run_from_scratch=True
Evaluations: 1361
Running function 2 instance 7 repetition 16 with A2 DE, budget 50, run_from_scratch=True
Evaluations: 1343
Running function 2 instance 7 repetition 17 with A2 DE, budget 50, run_from_scratch=True
Evaluations: 1337
Running function 2 instance 7 repetition 18 with A2 DE, budget 50, run_from_scratch=True
Evaluations: 1619
Running function 2 instance 7 repetition 19 with A2 DE, budget 50, run_from_scratch=True
Evaluations: 1493
Running function 3 instance 6 repetition 0 with A2 DE, budget 50, run_from_scratch=True
Evaluations: 989
Running function 3 instance 6 repetition 1 with A2 DE, budget 50, run_from_scratch=True
Evaluations: 1001
Running function 3 instance 6 repetition 2 with A2 DE, budget 50, run_from_scratch=True
Evaluations: 959
Running function 3 instance 6 repetition 3 with A2 DE, budget 50, run_from_scratch=True
Evaluations: 1031
Running function 3 instance 6 repetition 4 with A2 DE, budget 50, run_from_scratch=True
Evaluations: 953
Running function 3 instance 6 repetition 5 with A2 DE, budget 50, run_from_scratch=True
Evaluations: 959
Running function 3 instance 6 repetition 6 with A2 DE, budget 50, run_from_scratch=True
Evaluations: 935
Running function 3 instance 6 repetition 7 with A2 DE, budget 50, run_from_scratch=True
Evaluations: 977
Running function 3 instance 6 repetition 8 with A2 DE, budget 50, run_from_scratch=True
Evaluations: 971
Running function 3 instance 6 repetition 9 with A2 DE, budget 50, run_from_scratch=True
Evaluations: 1001
Running function 3 instance 6 repetition 10 with A2 DE, budget 50, run_from_scratch=True
Evaluations: 1007
Running function 3 instance 6 repetition 11 with A2 DE, budget 50, run_from_scratch=True
Evaluations: 935
Running function 3 instance 6 repetition 12 with A2 DE, budget 50, run_from_scratch=True
Evaluations: 1001
Running function 3 instance 6 repetition 13 with A2 DE, budget 50, run_from_scratch=True
Evaluations: 959
Running function 3 instance 6 repetition 14 with A2 DE, budget 50, run_from_scratch=True
Evaluations: 947
Running function 3 instance 6 repetition 15 with A2 DE, budget 50, run_from_scratch=True
Evaluations: 977
Running function 3 instance 6 repetition 16 with A2 DE, budget 50, run_from_scratch=True
Evaluations: 941
Running function 3 instance 6 repetition 17 with A2 DE, budget 50, run_from_scratch=True
Evaluations: 1019
Running function 3 instance 6 repetition 18 with A2 DE, budget 50, run_from_scratch=True
Evaluations: 953
Running function 3 instance 6 repetition 19 with A2 DE, budget 50, run_from_scratch=True
Evaluations: 1025
Running function 3 instance 7 repetition 0 with A2 DE, budget 50, run_from_scratch=True
Evaluations: 971
Running function 3 instance 7 repetition 1 with A2 DE, budget 50, run_from_scratch=True
Evaluations: 1025
Running function 3 instance 7 repetition 2 with A2 DE, budget 50, run_from_scratch=True
Evaluations: 989
Running function 3 instance 7 repetition 3 with A2 DE, budget 50, run_from_scratch=True
Evaluations: 947
Running function 3 instance 7 repetition 4 with A2 DE, budget 50, run_from_scratch=True
Evaluations: 983
Running function 3 instance 7 repetition 5 with A2 DE, budget 50, run_from_scratch=True
Evaluations: 971
Running function 3 instance 7 repetition 6 with A2 DE, budget 50, run_from_scratch=True
Evaluations: 971
Running function 3 instance 7 repetition 7 with A2 DE, budget 50, run_from_scratch=True
Evaluations: 971
Running function 3 instance 7 repetition 8 with A2 DE, budget 50, run_from_scratch=True
Evaluations: 935
Running function 3 instance 7 repetition 9 with A2 DE, budget 50, run_from_scratch=True
Evaluations: 953
Running function 3 instance 7 repetition 10 with A2 DE, budget 50, run_from_scratch=True
Evaluations: 983
Running function 3 instance 7 repetition 11 with A2 DE, budget 50, run_from_scratch=True
Evaluations: 977
Running function 3 instance 7 repetition 12 with A2 DE, budget 50, run_from_scratch=True
Evaluations: 983
Running function 3 instance 7 repetition 13 with A2 DE, budget 50, run_from_scratch=True
Evaluations: 947
Running function 3 instance 7 repetition 14 with A2 DE, budget 50, run_from_scratch=True
Evaluations: 983
Running function 3 instance 7 repetition 15 with A2 DE, budget 50, run_from_scratch=True
Evaluations: 941
Running function 3 instance 7 repetition 16 with A2 DE, budget 50, run_from_scratch=True
Evaluations: 947
Running function 3 instance 7 repetition 17 with A2 DE, budget 50, run_from_scratch=True
Evaluations: 959
Running function 3 instance 7 repetition 18 with A2 DE, budget 50, run_from_scratch=True
Evaluations: 953
Running function 3 instance 7 repetition 19 with A2 DE, budget 50, run_from_scratch=True
Evaluations: 965
Running function 4 instance 6 repetition 0 with A2 DE, budget 50, run_from_scratch=True
Evaluations: 1031
Running function 4 instance 6 repetition 1 with A2 DE, budget 50, run_from_scratch=True
Evaluations: 1055
Running function 4 instance 6 repetition 2 with A2 DE, budget 50, run_from_scratch=True
Evaluations: 959
Running function 4 instance 6 repetition 3 with A2 DE, budget 50, run_from_scratch=True
Evaluations: 1229
Running function 4 instance 6 repetition 4 with A2 DE, budget 50, run_from_scratch=True
Evaluations: 977
Running function 4 instance 6 repetition 5 with A2 DE, budget 50, run_from_scratch=True
Evaluations: 1103
Running function 4 instance 6 repetition 6 with A2 DE, budget 50, run_from_scratch=True
Evaluations: 941
Running function 4 instance 6 repetition 7 with A2 DE, budget 50, run_from_scratch=True
Evaluations: 935
Running function 4 instance 6 repetition 8 with A2 DE, budget 50, run_from_scratch=True
Evaluations: 1013
Running function 4 instance 6 repetition 9 with A2 DE, budget 50, run_from_scratch=True
Evaluations: 965
Running function 4 instance 6 repetition 10 with A2 DE, budget 50, run_from_scratch=True
Evaluations: 941
Running function 4 instance 6 repetition 11 with A2 DE, budget 50, run_from_scratch=True
Evaluations: 1163
Running function 4 instance 6 repetition 12 with A2 DE, budget 50, run_from_scratch=True
Evaluations: 1019
Running function 4 instance 6 repetition 13 with A2 DE, budget 50, run_from_scratch=True
Evaluations: 929
Running function 4 instance 6 repetition 14 with A2 DE, budget 50, run_from_scratch=True
Evaluations: 941
Running function 4 instance 6 repetition 15 with A2 DE, budget 50, run_from_scratch=True
Evaluations: 1091
Running function 4 instance 6 repetition 16 with A2 DE, budget 50, run_from_scratch=True
Evaluations: 1049
Running function 4 instance 6 repetition 17 with A2 DE, budget 50, run_from_scratch=True
Evaluations: 1133
Running function 4 instance 6 repetition 18 with A2 DE, budget 50, run_from_scratch=True
Evaluations: 1115
Running function 4 instance 6 repetition 19 with A2 DE, budget 50, run_from_scratch=True
Evaluations: 1073
Running function 4 instance 7 repetition 0 with A2 DE, budget 50, run_from_scratch=True
Evaluations: 965
Running function 4 instance 7 repetition 1 with A2 DE, budget 50, run_from_scratch=True
Evaluations: 1097
Running function 4 instance 7 repetition 2 with A2 DE, budget 50, run_from_scratch=True
Evaluations: 941
Running function 4 instance 7 repetition 3 with A2 DE, budget 50, run_from_scratch=True
Evaluations: 1343
Running function 4 instance 7 repetition 4 with A2 DE, budget 50, run_from_scratch=True
Evaluations: 935
Running function 4 instance 7 repetition 5 with A2 DE, budget 50, run_from_scratch=True
Evaluations: 1121
Running function 4 instance 7 repetition 6 with A2 DE, budget 50, run_from_scratch=True
Evaluations: 947
Running function 4 instance 7 repetition 7 with A2 DE, budget 50, run_from_scratch=True
Evaluations: 1169
Running function 4 instance 7 repetition 8 with A2 DE, budget 50, run_from_scratch=True
Evaluations: 1031
Running function 4 instance 7 repetition 9 with A2 DE, budget 50, run_from_scratch=True
Evaluations: 1157
Running function 4 instance 7 repetition 10 with A2 DE, budget 50, run_from_scratch=True
Evaluations: 1037
Running function 4 instance 7 repetition 11 with A2 DE, budget 50, run_from_scratch=True
Evaluations: 989
Running function 4 instance 7 repetition 12 with A2 DE, budget 50, run_from_scratch=True
Evaluations: 941
Running function 4 instance 7 repetition 13 with A2 DE, budget 50, run_from_scratch=True
Evaluations: 1091
Running function 4 instance 7 repetition 14 with A2 DE, budget 50, run_from_scratch=True
Evaluations: 1115
Running function 4 instance 7 repetition 15 with A2 DE, budget 50, run_from_scratch=True
Evaluations: 1037
Running function 4 instance 7 repetition 16 with A2 DE, budget 50, run_from_scratch=True
Evaluations: 1103
Running function 4 instance 7 repetition 17 with A2 DE, budget 50, run_from_scratch=True
Evaluations: 1061
Running function 4 instance 7 repetition 18 with A2 DE, budget 50, run_from_scratch=True
Evaluations: 1097
Running function 4 instance 7 repetition 19 with A2 DE, budget 50, run_from_scratch=True
Evaluations: 965
Running function 5 instance 6 repetition 0 with A2 DE, budget 50, run_from_scratch=True
Evaluations: 869
Running function 5 instance 6 repetition 1 with A2 DE, budget 50, run_from_scratch=True
Evaluations: 869
Running function 5 instance 6 repetition 2 with A2 DE, budget 50, run_from_scratch=True
Evaluations: 863
Running function 5 instance 6 repetition 3 with A2 DE, budget 50, run_from_scratch=True
Evaluations: 869
Running function 5 instance 6 repetition 4 with A2 DE, budget 50, run_from_scratch=True
Evaluations: 869
Running function 5 instance 6 repetition 5 with A2 DE, budget 50, run_from_scratch=True
Evaluations: 863
Running function 5 instance 6 repetition 6 with A2 DE, budget 50, run_from_scratch=True
Evaluations: 863
Running function 5 instance 6 repetition 7 with A2 DE, budget 50, run_from_scratch=True
Evaluations: 875
Running function 5 instance 6 repetition 8 with A2 DE, budget 50, run_from_scratch=True
Evaluations: 869
Running function 5 instance 6 repetition 9 with A2 DE, budget 50, run_from_scratch=True
Evaluations: 869
Running function 5 instance 6 repetition 10 with A2 DE, budget 50, run_from_scratch=True
Evaluations: 863
Running function 5 instance 6 repetition 11 with A2 DE, budget 50, run_from_scratch=True
Evaluations: 863
Running function 5 instance 6 repetition 12 with A2 DE, budget 50, run_from_scratch=True
Evaluations: 863
Running function 5 instance 6 repetition 13 with A2 DE, budget 50, run_from_scratch=True
Evaluations: 869
Running function 5 instance 6 repetition 14 with A2 DE, budget 50, run_from_scratch=True
Evaluations: 863
Running function 5 instance 6 repetition 15 with A2 DE, budget 50, run_from_scratch=True
Evaluations: 863
Running function 5 instance 6 repetition 16 with A2 DE, budget 50, run_from_scratch=True
Evaluations: 869
Running function 5 instance 6 repetition 17 with A2 DE, budget 50, run_from_scratch=True
Evaluations: 863
Running function 5 instance 6 repetition 18 with A2 DE, budget 50, run_from_scratch=True
Evaluations: 863
Running function 5 instance 6 repetition 19 with A2 DE, budget 50, run_from_scratch=True
Evaluations: 869
Running function 5 instance 7 repetition 0 with A2 DE, budget 50, run_from_scratch=True
Evaluations: 863
Running function 5 instance 7 repetition 1 with A2 DE, budget 50, run_from_scratch=True
Evaluations: 869
Running function 5 instance 7 repetition 2 with A2 DE, budget 50, run_from_scratch=True
Evaluations: 869
Running function 5 instance 7 repetition 3 with A2 DE, budget 50, run_from_scratch=True
Evaluations: 875
Running function 5 instance 7 repetition 4 with A2 DE, budget 50, run_from_scratch=True
Evaluations: 863
Running function 5 instance 7 repetition 5 with A2 DE, budget 50, run_from_scratch=True
Evaluations: 863
Running function 5 instance 7 repetition 6 with A2 DE, budget 50, run_from_scratch=True
Evaluations: 863
Running function 5 instance 7 repetition 7 with A2 DE, budget 50, run_from_scratch=True
Evaluations: 875
Running function 5 instance 7 repetition 8 with A2 DE, budget 50, run_from_scratch=True
Evaluations: 869
Running function 5 instance 7 repetition 9 with A2 DE, budget 50, run_from_scratch=True
Evaluations: 863
Running function 5 instance 7 repetition 10 with A2 DE, budget 50, run_from_scratch=True
Evaluations: 863
Running function 5 instance 7 repetition 11 with A2 DE, budget 50, run_from_scratch=True
Evaluations: 863
Running function 5 instance 7 repetition 12 with A2 DE, budget 50, run_from_scratch=True
Evaluations: 863
Running function 5 instance 7 repetition 13 with A2 DE, budget 50, run_from_scratch=True
Evaluations: 863
Running function 5 instance 7 repetition 14 with A2 DE, budget 50, run_from_scratch=True
Evaluations: 869
Running function 5 instance 7 repetition 15 with A2 DE, budget 50, run_from_scratch=True
Evaluations: 863
Running function 5 instance 7 repetition 16 with A2 DE, budget 50, run_from_scratch=True
Evaluations: 875
Running function 5 instance 7 repetition 17 with A2 DE, budget 50, run_from_scratch=True
Evaluations: 863
Running function 5 instance 7 repetition 18 with A2 DE, budget 50, run_from_scratch=True
Evaluations: 863
Running function 5 instance 7 repetition 19 with A2 DE, budget 50, run_from_scratch=True
Evaluations: 863
Running function 6 instance 6 repetition 0 with A2 DE, budget 50, run_from_scratch=True
Evaluations: 1457
Running function 6 instance 6 repetition 1 with A2 DE, budget 50, run_from_scratch=True
Evaluations: 2639
Running function 6 instance 6 repetition 2 with A2 DE, budget 50, run_from_scratch=True
Evaluations: 1961
Running function 6 instance 6 repetition 3 with A2 DE, budget 50, run_from_scratch=True
Evaluations: 2327
Running function 6 instance 6 repetition 4 with A2 DE, budget 50, run_from_scratch=True
Evaluations: 2171
Running function 6 instance 6 repetition 5 with A2 DE, budget 50, run_from_scratch=True
Evaluations: 977
Running function 6 instance 6 repetition 6 with A2 DE, budget 50, run_from_scratch=True
Evaluations: 2009
Running function 6 instance 6 repetition 7 with A2 DE, budget 50, run_from_scratch=True
Evaluations: 2171
Running function 6 instance 6 repetition 8 with A2 DE, budget 50, run_from_scratch=True
Evaluations: 2267
Running function 6 instance 6 repetition 9 with A2 DE, budget 50, run_from_scratch=True
Evaluations: 2153
Running function 6 instance 6 repetition 10 with A2 DE, budget 50, run_from_scratch=True
Evaluations: 1751
Running function 6 instance 6 repetition 11 with A2 DE, budget 50, run_from_scratch=True
Evaluations: 1973
Running function 6 instance 6 repetition 12 with A2 DE, budget 50, run_from_scratch=True
Evaluations: 2567
Running function 6 instance 6 repetition 13 with A2 DE, budget 50, run_from_scratch=True
Evaluations: 2471
Running function 6 instance 6 repetition 14 with A2 DE, budget 50, run_from_scratch=True
Evaluations: 1619
Running function 6 instance 6 repetition 15 with A2 DE, budget 50, run_from_scratch=True
Evaluations: 2009
Running function 6 instance 6 repetition 16 with A2 DE, budget 50, run_from_scratch=True
Evaluations: 1901
Running function 6 instance 6 repetition 17 with A2 DE, budget 50, run_from_scratch=True
Evaluations: 2855
Running function 6 instance 6 repetition 18 with A2 DE, budget 50, run_from_scratch=True
Evaluations: 2051
Running function 6 instance 6 repetition 19 with A2 DE, budget 50, run_from_scratch=True
Evaluations: 1475
Running function 6 instance 7 repetition 0 with A2 DE, budget 50, run_from_scratch=True
Evaluations: 2333
Running function 6 instance 7 repetition 1 with A2 DE, budget 50, run_from_scratch=True
Evaluations: 2213
Running function 6 instance 7 repetition 2 with A2 DE, budget 50, run_from_scratch=True
Evaluations: 2009
Running function 6 instance 7 repetition 3 with A2 DE, budget 50, run_from_scratch=True
Evaluations: 2033
Running function 6 instance 7 repetition 4 with A2 DE, budget 50, run_from_scratch=True
Evaluations: 1667
Running function 6 instance 7 repetition 5 with A2 DE, budget 50, run_from_scratch=True
Evaluations: 1373
Running function 6 instance 7 repetition 6 with A2 DE, budget 50, run_from_scratch=True
Evaluations: 1799
Running function 6 instance 7 repetition 7 with A2 DE, budget 50, run_from_scratch=True
Evaluations: 1553
Running function 6 instance 7 repetition 8 with A2 DE, budget 50, run_from_scratch=True
Evaluations: 1649
Running function 6 instance 7 repetition 9 with A2 DE, budget 50, run_from_scratch=True
Evaluations: 2261
Running function 6 instance 7 repetition 10 with A2 DE, budget 50, run_from_scratch=True
Evaluations: 2381
Running function 6 instance 7 repetition 11 with A2 DE, budget 50, run_from_scratch=True
Evaluations: 2063
Running function 6 instance 7 repetition 12 with A2 DE, budget 50, run_from_scratch=True
Evaluations: 1955
Running function 6 instance 7 repetition 13 with A2 DE, budget 50, run_from_scratch=True
Evaluations: 1721
Running function 6 instance 7 repetition 14 with A2 DE, budget 50, run_from_scratch=True
Evaluations: 1565
Running function 6 instance 7 repetition 15 with A2 DE, budget 50, run_from_scratch=True
Evaluations: 1553
Running function 6 instance 7 repetition 16 with A2 DE, budget 50, run_from_scratch=True
Evaluations: 1511
Running function 6 instance 7 repetition 17 with A2 DE, budget 50, run_from_scratch=True
Evaluations: 1769
Running function 6 instance 7 repetition 18 with A2 DE, budget 50, run_from_scratch=True
Evaluations: 1691
Running function 6 instance 7 repetition 19 with A2 DE, budget 50, run_from_scratch=True
Evaluations: 2153
Running function 7 instance 6 repetition 0 with A2 DE, budget 50, run_from_scratch=True
Evaluations: 857
Running function 7 instance 6 repetition 1 with A2 DE, budget 50, run_from_scratch=True
Evaluations: 857
Running function 7 instance 6 repetition 2 with A2 DE, budget 50, run_from_scratch=True
Evaluations: 857
Running function 7 instance 6 repetition 3 with A2 DE, budget 50, run_from_scratch=True
Evaluations: 857
Running function 7 instance 6 repetition 4 with A2 DE, budget 50, run_from_scratch=True
Evaluations: 857
Running function 7 instance 6 repetition 5 with A2 DE, budget 50, run_from_scratch=True
Evaluations: 857
Running function 7 instance 6 repetition 6 with A2 DE, budget 50, run_from_scratch=True
Evaluations: 857
Running function 7 instance 6 repetition 7 with A2 DE, budget 50, run_from_scratch=True
Evaluations: 857
Running function 7 instance 6 repetition 8 with A2 DE, budget 50, run_from_scratch=True
Evaluations: 857
Running function 7 instance 6 repetition 9 with A2 DE, budget 50, run_from_scratch=True
Evaluations: 857
Running function 7 instance 6 repetition 10 with A2 DE, budget 50, run_from_scratch=True
Evaluations: 857
Running function 7 instance 6 repetition 11 with A2 DE, budget 50, run_from_scratch=True
Evaluations: 857
Running function 7 instance 6 repetition 12 with A2 DE, budget 50, run_from_scratch=True
Evaluations: 857
Running function 7 instance 6 repetition 13 with A2 DE, budget 50, run_from_scratch=True
Evaluations: 857
Running function 7 instance 6 repetition 14 with A2 DE, budget 50, run_from_scratch=True
Evaluations: 857
Running function 7 instance 6 repetition 15 with A2 DE, budget 50, run_from_scratch=True
Evaluations: 857
Running function 7 instance 6 repetition 16 with A2 DE, budget 50, run_from_scratch=True
Evaluations: 857
Running function 7 instance 6 repetition 17 with A2 DE, budget 50, run_from_scratch=True
Evaluations: 857
Running function 7 instance 6 repetition 18 with A2 DE, budget 50, run_from_scratch=True
Evaluations: 857
Running function 7 instance 6 repetition 19 with A2 DE, budget 50, run_from_scratch=True
Evaluations: 857
Running function 7 instance 7 repetition 0 with A2 DE, budget 50, run_from_scratch=True
Evaluations: 857
Running function 7 instance 7 repetition 1 with A2 DE, budget 50, run_from_scratch=True
Evaluations: 857
Running function 7 instance 7 repetition 2 with A2 DE, budget 50, run_from_scratch=True
Evaluations: 857
Running function 7 instance 7 repetition 3 with A2 DE, budget 50, run_from_scratch=True
Evaluations: 857
Running function 7 instance 7 repetition 4 with A2 DE, budget 50, run_from_scratch=True
Evaluations: 857
Running function 7 instance 7 repetition 5 with A2 DE, budget 50, run_from_scratch=True
Evaluations: 857
Running function 7 instance 7 repetition 6 with A2 DE, budget 50, run_from_scratch=True
Evaluations: 857
Running function 7 instance 7 repetition 7 with A2 DE, budget 50, run_from_scratch=True
Evaluations: 857
Running function 7 instance 7 repetition 8 with A2 DE, budget 50, run_from_scratch=True
Evaluations: 857
Running function 7 instance 7 repetition 9 with A2 DE, budget 50, run_from_scratch=True
Evaluations: 857
Running function 7 instance 7 repetition 10 with A2 DE, budget 50, run_from_scratch=True
Evaluations: 857
Running function 7 instance 7 repetition 11 with A2 DE, budget 50, run_from_scratch=True
Evaluations: 857
Running function 7 instance 7 repetition 12 with A2 DE, budget 50, run_from_scratch=True
Evaluations: 857
Running function 7 instance 7 repetition 13 with A2 DE, budget 50, run_from_scratch=True
Evaluations: 857
Running function 7 instance 7 repetition 14 with A2 DE, budget 50, run_from_scratch=True
Evaluations: 857
Running function 7 instance 7 repetition 15 with A2 DE, budget 50, run_from_scratch=True
Evaluations: 857
Running function 7 instance 7 repetition 16 with A2 DE, budget 50, run_from_scratch=True
Evaluations: 857
Running function 7 instance 7 repetition 17 with A2 DE, budget 50, run_from_scratch=True
Evaluations: 857
Running function 7 instance 7 repetition 18 with A2 DE, budget 50, run_from_scratch=True
Evaluations: 857
Running function 7 instance 7 repetition 19 with A2 DE, budget 50, run_from_scratch=True
Evaluations: 857
Running function 8 instance 6 repetition 0 with A2 DE, budget 50, run_from_scratch=True
Evaluations: 1007
Running function 8 instance 6 repetition 1 with A2 DE, budget 50, run_from_scratch=True
Evaluations: 1127
Running function 8 instance 6 repetition 2 with A2 DE, budget 50, run_from_scratch=True
Evaluations: 1031
Running function 8 instance 6 repetition 3 with A2 DE, budget 50, run_from_scratch=True
Evaluations: 1121
Running function 8 instance 6 repetition 4 with A2 DE, budget 50, run_from_scratch=True
Evaluations: 1115
Running function 8 instance 6 repetition 5 with A2 DE, budget 50, run_from_scratch=True
Evaluations: 1139
Running function 8 instance 6 repetition 6 with A2 DE, budget 50, run_from_scratch=True
Evaluations: 1061
Running function 8 instance 6 repetition 7 with A2 DE, budget 50, run_from_scratch=True
Evaluations: 989
Running function 8 instance 6 repetition 8 with A2 DE, budget 50, run_from_scratch=True
Evaluations: 1091
Running function 8 instance 6 repetition 9 with A2 DE, budget 50, run_from_scratch=True
Evaluations: 1271
Running function 8 instance 6 repetition 10 with A2 DE, budget 50, run_from_scratch=True
Evaluations: 1001
Running function 8 instance 6 repetition 11 with A2 DE, budget 50, run_from_scratch=True
Evaluations: 1037
Running function 8 instance 6 repetition 12 with A2 DE, budget 50, run_from_scratch=True
Evaluations: 1013
Running function 8 instance 6 repetition 13 with A2 DE, budget 50, run_from_scratch=True
Evaluations: 1079
Running function 8 instance 6 repetition 14 with A2 DE, budget 50, run_from_scratch=True
Evaluations: 1121
Running function 8 instance 6 repetition 15 with A2 DE, budget 50, run_from_scratch=True
Evaluations: 1025
Running function 8 instance 6 repetition 16 with A2 DE, budget 50, run_from_scratch=True
Evaluations: 1037
Running function 8 instance 6 repetition 17 with A2 DE, budget 50, run_from_scratch=True
Evaluations: 1145
Running function 8 instance 6 repetition 18 with A2 DE, budget 50, run_from_scratch=True
Evaluations: 1037
Running function 8 instance 6 repetition 19 with A2 DE, budget 50, run_from_scratch=True
Evaluations: 1079
Running function 8 instance 7 repetition 0 with A2 DE, budget 50, run_from_scratch=True
Evaluations: 1025
Running function 8 instance 7 repetition 1 with A2 DE, budget 50, run_from_scratch=True
Evaluations: 1037
Running function 8 instance 7 repetition 2 with A2 DE, budget 50, run_from_scratch=True
Evaluations: 1187
Running function 8 instance 7 repetition 3 with A2 DE, budget 50, run_from_scratch=True
Evaluations: 1073
Running function 8 instance 7 repetition 4 with A2 DE, budget 50, run_from_scratch=True
Evaluations: 1175
Running function 8 instance 7 repetition 5 with A2 DE, budget 50, run_from_scratch=True
Evaluations: 1103
Running function 8 instance 7 repetition 6 with A2 DE, budget 50, run_from_scratch=True
Evaluations: 1025
Running function 8 instance 7 repetition 7 with A2 DE, budget 50, run_from_scratch=True
Evaluations: 1079
Running function 8 instance 7 repetition 8 with A2 DE, budget 50, run_from_scratch=True
Evaluations: 1061
Running function 8 instance 7 repetition 9 with A2 DE, budget 50, run_from_scratch=True
Evaluations: 1067
Running function 8 instance 7 repetition 10 with A2 DE, budget 50, run_from_scratch=True
Evaluations: 1097
Running function 8 instance 7 repetition 11 with A2 DE, budget 50, run_from_scratch=True
Evaluations: 1007
Running function 8 instance 7 repetition 12 with A2 DE, budget 50, run_from_scratch=True
Evaluations: 1139
Running function 8 instance 7 repetition 13 with A2 DE, budget 50, run_from_scratch=True
Evaluations: 1055
Running function 8 instance 7 repetition 14 with A2 DE, budget 50, run_from_scratch=True
Evaluations: 1073
Running function 8 instance 7 repetition 15 with A2 DE, budget 50, run_from_scratch=True
Evaluations: 1253
Running function 8 instance 7 repetition 16 with A2 DE, budget 50, run_from_scratch=True
Evaluations: 1097
Running function 8 instance 7 repetition 17 with A2 DE, budget 50, run_from_scratch=True
Evaluations: 1091
Running function 8 instance 7 repetition 18 with A2 DE, budget 50, run_from_scratch=True
Evaluations: 1061
Running function 8 instance 7 repetition 19 with A2 DE, budget 50, run_from_scratch=True
Evaluations: 1025
Running function 9 instance 6 repetition 0 with A2 DE, budget 50, run_from_scratch=True
Evaluations: 1181
Running function 9 instance 6 repetition 1 with A2 DE, budget 50, run_from_scratch=True
Evaluations: 1169
Running function 9 instance 6 repetition 2 with A2 DE, budget 50, run_from_scratch=True
Evaluations: 1055
Running function 9 instance 6 repetition 3 with A2 DE, budget 50, run_from_scratch=True
Evaluations: 1085
Running function 9 instance 6 repetition 4 with A2 DE, budget 50, run_from_scratch=True
Evaluations: 1181
Running function 9 instance 6 repetition 5 with A2 DE, budget 50, run_from_scratch=True
Evaluations: 1121
Running function 9 instance 6 repetition 6 with A2 DE, budget 50, run_from_scratch=True
Evaluations: 1193
Running function 9 instance 6 repetition 7 with A2 DE, budget 50, run_from_scratch=True
Evaluations: 1103
Running function 9 instance 6 repetition 8 with A2 DE, budget 50, run_from_scratch=True
Evaluations: 983
Running function 9 instance 6 repetition 9 with A2 DE, budget 50, run_from_scratch=True
Evaluations: 1097
Running function 9 instance 6 repetition 10 with A2 DE, budget 50, run_from_scratch=True
Evaluations: 1061
Running function 9 instance 6 repetition 11 with A2 DE, budget 50, run_from_scratch=True
Evaluations: 1199
Running function 9 instance 6 repetition 12 with A2 DE, budget 50, run_from_scratch=True
Evaluations: 1037
Running function 9 instance 6 repetition 13 with A2 DE, budget 50, run_from_scratch=True
Evaluations: 1103
Running function 9 instance 6 repetition 14 with A2 DE, budget 50, run_from_scratch=True
Evaluations: 1115
Running function 9 instance 6 repetition 15 with A2 DE, budget 50, run_from_scratch=True
Evaluations: 1067
Running function 9 instance 6 repetition 16 with A2 DE, budget 50, run_from_scratch=True
Evaluations: 1127
Running function 9 instance 6 repetition 17 with A2 DE, budget 50, run_from_scratch=True
Evaluations: 1085
Running function 9 instance 6 repetition 18 with A2 DE, budget 50, run_from_scratch=True
Evaluations: 1085
Running function 9 instance 6 repetition 19 with A2 DE, budget 50, run_from_scratch=True
Evaluations: 1103
Running function 9 instance 7 repetition 0 with A2 DE, budget 50, run_from_scratch=True
Evaluations: 1139
Running function 9 instance 7 repetition 1 with A2 DE, budget 50, run_from_scratch=True
Evaluations: 1067
Running function 9 instance 7 repetition 2 with A2 DE, budget 50, run_from_scratch=True
Evaluations: 1067
Running function 9 instance 7 repetition 3 with A2 DE, budget 50, run_from_scratch=True
Evaluations: 1103
Running function 9 instance 7 repetition 4 with A2 DE, budget 50, run_from_scratch=True
Evaluations: 1169
Running function 9 instance 7 repetition 5 with A2 DE, budget 50, run_from_scratch=True
Evaluations: 1103
Running function 9 instance 7 repetition 6 with A2 DE, budget 50, run_from_scratch=True
Evaluations: 1049
Running function 9 instance 7 repetition 7 with A2 DE, budget 50, run_from_scratch=True
Evaluations: 1055
Running function 9 instance 7 repetition 8 with A2 DE, budget 50, run_from_scratch=True
Evaluations: 1007
Running function 9 instance 7 repetition 9 with A2 DE, budget 50, run_from_scratch=True
Evaluations: 1049
Running function 9 instance 7 repetition 10 with A2 DE, budget 50, run_from_scratch=True
Evaluations: 1199
Running function 9 instance 7 repetition 11 with A2 DE, budget 50, run_from_scratch=True
Evaluations: 1091
Running function 9 instance 7 repetition 12 with A2 DE, budget 50, run_from_scratch=True
Evaluations: 1085
Running function 9 instance 7 repetition 13 with A2 DE, budget 50, run_from_scratch=True
Evaluations: 1139
Running function 9 instance 7 repetition 14 with A2 DE, budget 50, run_from_scratch=True
Evaluations: 1139
Running function 9 instance 7 repetition 15 with A2 DE, budget 50, run_from_scratch=True
Evaluations: 1205
Running function 9 instance 7 repetition 16 with A2 DE, budget 50, run_from_scratch=True
Evaluations: 1079
Running function 9 instance 7 repetition 17 with A2 DE, budget 50, run_from_scratch=True
Evaluations: 1121
Running function 9 instance 7 repetition 18 with A2 DE, budget 50, run_from_scratch=True
Evaluations: 1139
Running function 9 instance 7 repetition 19 with A2 DE, budget 50, run_from_scratch=True
Evaluations: 1061
Running function 10 instance 6 repetition 0 with A2 DE, budget 50, run_from_scratch=True
Evaluations: 1625
Running function 10 instance 6 repetition 1 with A2 DE, budget 50, run_from_scratch=True
Evaluations: 1415
Running function 10 instance 6 repetition 2 with A2 DE, budget 50, run_from_scratch=True
Evaluations: 1691
Running function 10 instance 6 repetition 3 with A2 DE, budget 50, run_from_scratch=True
Evaluations: 1481
Running function 10 instance 6 repetition 4 with A2 DE, budget 50, run_from_scratch=True
Evaluations: 1889
Running function 10 instance 6 repetition 5 with A2 DE, budget 50, run_from_scratch=True
Evaluations: 1523
Running function 10 instance 6 repetition 6 with A2 DE, budget 50, run_from_scratch=True
Evaluations: 1595
Running function 10 instance 6 repetition 7 with A2 DE, budget 50, run_from_scratch=True
Evaluations: 1721
Running function 10 instance 6 repetition 8 with A2 DE, budget 50, run_from_scratch=True
Evaluations: 1331
Running function 10 instance 6 repetition 9 with A2 DE, budget 50, run_from_scratch=True
Evaluations: 1625
Running function 10 instance 6 repetition 10 with A2 DE, budget 50, run_from_scratch=True
Evaluations: 1493
Running function 10 instance 6 repetition 11 with A2 DE, budget 50, run_from_scratch=True
Evaluations: 1607
Running function 10 instance 6 repetition 12 with A2 DE, budget 50, run_from_scratch=True
Evaluations: 1571
Running function 10 instance 6 repetition 13 with A2 DE, budget 50, run_from_scratch=True
Evaluations: 1469
Running function 10 instance 6 repetition 14 with A2 DE, budget 50, run_from_scratch=True
Evaluations: 1649
Running function 10 instance 6 repetition 15 with A2 DE, budget 50, run_from_scratch=True
Evaluations: 1295
Running function 10 instance 6 repetition 16 with A2 DE, budget 50, run_from_scratch=True
Evaluations: 1523
Running function 10 instance 6 repetition 17 with A2 DE, budget 50, run_from_scratch=True
Evaluations: 1397
Running function 10 instance 6 repetition 18 with A2 DE, budget 50, run_from_scratch=True
Evaluations: 1859
Running function 10 instance 6 repetition 19 with A2 DE, budget 50, run_from_scratch=True
Evaluations: 1553
Running function 10 instance 7 repetition 0 with A2 DE, budget 50, run_from_scratch=True
Evaluations: 1889
Running function 10 instance 7 repetition 1 with A2 DE, budget 50, run_from_scratch=True
Evaluations: 1757
Running function 10 instance 7 repetition 2 with A2 DE, budget 50, run_from_scratch=True
Evaluations: 1457
Running function 10 instance 7 repetition 3 with A2 DE, budget 50, run_from_scratch=True
Evaluations: 1715
Running function 10 instance 7 repetition 4 with A2 DE, budget 50, run_from_scratch=True
Evaluations: 1301
Running function 10 instance 7 repetition 5 with A2 DE, budget 50, run_from_scratch=True
Evaluations: 2009
Running function 10 instance 7 repetition 6 with A2 DE, budget 50, run_from_scratch=True
Evaluations: 1421
Running function 10 instance 7 repetition 7 with A2 DE, budget 50, run_from_scratch=True
Evaluations: 1361
Running function 10 instance 7 repetition 8 with A2 DE, budget 50, run_from_scratch=True
Evaluations: 1439
Running function 10 instance 7 repetition 9 with A2 DE, budget 50, run_from_scratch=True
Evaluations: 1061
Running function 10 instance 7 repetition 10 with A2 DE, budget 50, run_from_scratch=True
Evaluations: 1451
Running function 10 instance 7 repetition 11 with A2 DE, budget 50, run_from_scratch=True
Evaluations: 1787
Running function 10 instance 7 repetition 12 with A2 DE, budget 50, run_from_scratch=True
Evaluations: 1727
Running function 10 instance 7 repetition 13 with A2 DE, budget 50, run_from_scratch=True
Evaluations: 1775
Running function 10 instance 7 repetition 14 with A2 DE, budget 50, run_from_scratch=True
Evaluations: 1511
Running function 10 instance 7 repetition 15 with A2 DE, budget 50, run_from_scratch=True
Evaluations: 1619
Running function 10 instance 7 repetition 16 with A2 DE, budget 50, run_from_scratch=True
Evaluations: 1667
Running function 10 instance 7 repetition 17 with A2 DE, budget 50, run_from_scratch=True
Evaluations: 1103
Running function 10 instance 7 repetition 18 with A2 DE, budget 50, run_from_scratch=True
Evaluations: 1673
Running function 10 instance 7 repetition 19 with A2 DE, budget 50, run_from_scratch=True
Evaluations: 1625
Running function 11 instance 6 repetition 0 with A2 DE, budget 50, run_from_scratch=True
Evaluations: 1355
Running function 11 instance 6 repetition 1 with A2 DE, budget 50, run_from_scratch=True
Evaluations: 1199
Running function 11 instance 6 repetition 2 with A2 DE, budget 50, run_from_scratch=True
Evaluations: 1127
Running function 11 instance 6 repetition 3 with A2 DE, budget 50, run_from_scratch=True
Evaluations: 1235
Running function 11 instance 6 repetition 4 with A2 DE, budget 50, run_from_scratch=True
Evaluations: 1433
Running function 11 instance 6 repetition 5 with A2 DE, budget 50, run_from_scratch=True
Evaluations: 1385
Running function 11 instance 6 repetition 6 with A2 DE, budget 50, run_from_scratch=True
Evaluations: 1151
Running function 11 instance 6 repetition 7 with A2 DE, budget 50, run_from_scratch=True
Evaluations: 1235
Running function 11 instance 6 repetition 8 with A2 DE, budget 50, run_from_scratch=True
Evaluations: 1439
Running function 11 instance 6 repetition 9 with A2 DE, budget 50, run_from_scratch=True
Evaluations: 1379
Running function 11 instance 6 repetition 10 with A2 DE, budget 50, run_from_scratch=True
Evaluations: 1247
Running function 11 instance 6 repetition 11 with A2 DE, budget 50, run_from_scratch=True
Evaluations: 1271
Running function 11 instance 6 repetition 12 with A2 DE, budget 50, run_from_scratch=True
Evaluations: 1781
Running function 11 instance 6 repetition 13 with A2 DE, budget 50, run_from_scratch=True
Evaluations: 1349
Running function 11 instance 6 repetition 14 with A2 DE, budget 50, run_from_scratch=True
Evaluations: 1439
Running function 11 instance 6 repetition 15 with A2 DE, budget 50, run_from_scratch=True
Evaluations: 1277
Running function 11 instance 6 repetition 16 with A2 DE, budget 50, run_from_scratch=True
Evaluations: 1313
Running function 11 instance 6 repetition 17 with A2 DE, budget 50, run_from_scratch=True
Evaluations: 1373
Running function 11 instance 6 repetition 18 with A2 DE, budget 50, run_from_scratch=True
Evaluations: 1487
Running function 11 instance 6 repetition 19 with A2 DE, budget 50, run_from_scratch=True
Evaluations: 1217
Running function 11 instance 7 repetition 0 with A2 DE, budget 50, run_from_scratch=True
Evaluations: 1607
Running function 11 instance 7 repetition 1 with A2 DE, budget 50, run_from_scratch=True
Evaluations: 1421
Running function 11 instance 7 repetition 2 with A2 DE, budget 50, run_from_scratch=True
Evaluations: 1379
Running function 11 instance 7 repetition 3 with A2 DE, budget 50, run_from_scratch=True
Evaluations: 1397
Running function 11 instance 7 repetition 4 with A2 DE, budget 50, run_from_scratch=True
Evaluations: 1559
Running function 11 instance 7 repetition 5 with A2 DE, budget 50, run_from_scratch=True
Evaluations: 1247
Running function 11 instance 7 repetition 6 with A2 DE, budget 50, run_from_scratch=True
Evaluations: 1427
Running function 11 instance 7 repetition 7 with A2 DE, budget 50, run_from_scratch=True
Evaluations: 1457
Running function 11 instance 7 repetition 8 with A2 DE, budget 50, run_from_scratch=True
Evaluations: 1271
Running function 11 instance 7 repetition 9 with A2 DE, budget 50, run_from_scratch=True
Evaluations: 1481
Running function 11 instance 7 repetition 10 with A2 DE, budget 50, run_from_scratch=True
Evaluations: 1481
Running function 11 instance 7 repetition 11 with A2 DE, budget 50, run_from_scratch=True
Evaluations: 1229
Running function 11 instance 7 repetition 12 with A2 DE, budget 50, run_from_scratch=True
Evaluations: 1193
Running function 11 instance 7 repetition 13 with A2 DE, budget 50, run_from_scratch=True
Evaluations: 1265
Running function 11 instance 7 repetition 14 with A2 DE, budget 50, run_from_scratch=True
Evaluations: 1577
Running function 11 instance 7 repetition 15 with A2 DE, budget 50, run_from_scratch=True
Evaluations: 1631
Running function 11 instance 7 repetition 16 with A2 DE, budget 50, run_from_scratch=True
Evaluations: 1343
Running function 11 instance 7 repetition 17 with A2 DE, budget 50, run_from_scratch=True
Evaluations: 1451
Running function 11 instance 7 repetition 18 with A2 DE, budget 50, run_from_scratch=True
Evaluations: 1553
Running function 11 instance 7 repetition 19 with A2 DE, budget 50, run_from_scratch=True
Evaluations: 1391
Running function 12 instance 6 repetition 0 with A2 DE, budget 50, run_from_scratch=True
Evaluations: 1739
Running function 12 instance 6 repetition 1 with A2 DE, budget 50, run_from_scratch=True
Evaluations: 1433
Running function 12 instance 6 repetition 2 with A2 DE, budget 50, run_from_scratch=True
Evaluations: 1397
Running function 12 instance 6 repetition 3 with A2 DE, budget 50, run_from_scratch=True
Evaluations: 1613
Running function 12 instance 6 repetition 4 with A2 DE, budget 50, run_from_scratch=True
Evaluations: 1565
Running function 12 instance 6 repetition 5 with A2 DE, budget 50, run_from_scratch=True
Evaluations: 1469
Running function 12 instance 6 repetition 6 with A2 DE, budget 50, run_from_scratch=True
Evaluations: 1529
Running function 12 instance 6 repetition 7 with A2 DE, budget 50, run_from_scratch=True
Evaluations: 1481
Running function 12 instance 6 repetition 8 with A2 DE, budget 50, run_from_scratch=True
Evaluations: 1679
Running function 12 instance 6 repetition 9 with A2 DE, budget 50, run_from_scratch=True
Evaluations: 1391
Running function 12 instance 6 repetition 10 with A2 DE, budget 50, run_from_scratch=True
Evaluations: 2369
Running function 12 instance 6 repetition 11 with A2 DE, budget 50, run_from_scratch=True
Evaluations: 2087
Running function 12 instance 6 repetition 12 with A2 DE, budget 50, run_from_scratch=True
Evaluations: 1397
Running function 12 instance 6 repetition 13 with A2 DE, budget 50, run_from_scratch=True
Evaluations: 1517
Running function 12 instance 6 repetition 14 with A2 DE, budget 50, run_from_scratch=True
Evaluations: 1793
Running function 12 instance 6 repetition 15 with A2 DE, budget 50, run_from_scratch=True
Evaluations: 1217
Running function 12 instance 6 repetition 16 with A2 DE, budget 50, run_from_scratch=True
Evaluations: 1829
Running function 12 instance 6 repetition 17 with A2 DE, budget 50, run_from_scratch=True
Evaluations: 2411
Running function 12 instance 6 repetition 18 with A2 DE, budget 50, run_from_scratch=True
Evaluations: 1769
Running function 12 instance 6 repetition 19 with A2 DE, budget 50, run_from_scratch=True
Evaluations: 1625
Running function 12 instance 7 repetition 0 with A2 DE, budget 50, run_from_scratch=True
Evaluations: 1247
Running function 12 instance 7 repetition 1 with A2 DE, budget 50, run_from_scratch=True
Evaluations: 1193
Running function 12 instance 7 repetition 2 with A2 DE, budget 50, run_from_scratch=True
Evaluations: 1163
Running function 12 instance 7 repetition 3 with A2 DE, budget 50, run_from_scratch=True
Evaluations: 1103
Running function 12 instance 7 repetition 4 with A2 DE, budget 50, run_from_scratch=True
Evaluations: 1013
Running function 12 instance 7 repetition 5 with A2 DE, budget 50, run_from_scratch=True
Evaluations: 1073
Running function 12 instance 7 repetition 6 with A2 DE, budget 50, run_from_scratch=True
Evaluations: 1127
Running function 12 instance 7 repetition 7 with A2 DE, budget 50, run_from_scratch=True
Evaluations: 1169
Running function 12 instance 7 repetition 8 with A2 DE, budget 50, run_from_scratch=True
Evaluations: 1139
Running function 12 instance 7 repetition 9 with A2 DE, budget 50, run_from_scratch=True
Evaluations: 2057
Running function 12 instance 7 repetition 10 with A2 DE, budget 50, run_from_scratch=True
Evaluations: 1169
Running function 12 instance 7 repetition 11 with A2 DE, budget 50, run_from_scratch=True
Evaluations: 1253
Running function 12 instance 7 repetition 12 with A2 DE, budget 50, run_from_scratch=True
Evaluations: 917
Running function 12 instance 7 repetition 13 with A2 DE, budget 50, run_from_scratch=True
Evaluations: 2267
Running function 12 instance 7 repetition 14 with A2 DE, budget 50, run_from_scratch=True
Evaluations: 1673
Running function 12 instance 7 repetition 15 with A2 DE, budget 50, run_from_scratch=True
Evaluations: 1157
Running function 12 instance 7 repetition 16 with A2 DE, budget 50, run_from_scratch=True
Evaluations: 1199
Running function 12 instance 7 repetition 17 with A2 DE, budget 50, run_from_scratch=True
Evaluations: 1091
Running function 12 instance 7 repetition 18 with A2 DE, budget 50, run_from_scratch=True
Evaluations: 923
Running function 12 instance 7 repetition 19 with A2 DE, budget 50, run_from_scratch=True
Evaluations: 1181
Running function 13 instance 6 repetition 0 with A2 DE, budget 50, run_from_scratch=True
Evaluations: 1541
Running function 13 instance 6 repetition 1 with A2 DE, budget 50, run_from_scratch=True
Evaluations: 1265
Running function 13 instance 6 repetition 2 with A2 DE, budget 50, run_from_scratch=True
Evaluations: 1307
Running function 13 instance 6 repetition 3 with A2 DE, budget 50, run_from_scratch=True
Evaluations: 1289
Running function 13 instance 6 repetition 4 with A2 DE, budget 50, run_from_scratch=True
Evaluations: 1259
Running function 13 instance 6 repetition 5 with A2 DE, budget 50, run_from_scratch=True
Evaluations: 1295
Running function 13 instance 6 repetition 6 with A2 DE, budget 50, run_from_scratch=True
Evaluations: 1343
Running function 13 instance 6 repetition 7 with A2 DE, budget 50, run_from_scratch=True
Evaluations: 1361
Running function 13 instance 6 repetition 8 with A2 DE, budget 50, run_from_scratch=True
Evaluations: 1283
Running function 13 instance 6 repetition 9 with A2 DE, budget 50, run_from_scratch=True
Evaluations: 1307
Running function 13 instance 6 repetition 10 with A2 DE, budget 50, run_from_scratch=True
Evaluations: 1283
Running function 13 instance 6 repetition 11 with A2 DE, budget 50, run_from_scratch=True
Evaluations: 1259
Running function 13 instance 6 repetition 12 with A2 DE, budget 50, run_from_scratch=True
Evaluations: 1331
Running function 13 instance 6 repetition 13 with A2 DE, budget 50, run_from_scratch=True
Evaluations: 1307
Running function 13 instance 6 repetition 14 with A2 DE, budget 50, run_from_scratch=True
Evaluations: 1277
Running function 13 instance 6 repetition 15 with A2 DE, budget 50, run_from_scratch=True
Evaluations: 1271
Running function 13 instance 6 repetition 16 with A2 DE, budget 50, run_from_scratch=True
Evaluations: 1385
Running function 13 instance 6 repetition 17 with A2 DE, budget 50, run_from_scratch=True
Evaluations: 1325
Running function 13 instance 6 repetition 18 with A2 DE, budget 50, run_from_scratch=True
Evaluations: 1403
Running function 13 instance 6 repetition 19 with A2 DE, budget 50, run_from_scratch=True
Evaluations: 1289
Running function 13 instance 7 repetition 0 with A2 DE, budget 50, run_from_scratch=True
Evaluations: 1331
Running function 13 instance 7 repetition 1 with A2 DE, budget 50, run_from_scratch=True
Evaluations: 1313
Running function 13 instance 7 repetition 2 with A2 DE, budget 50, run_from_scratch=True
Evaluations: 1259
Running function 13 instance 7 repetition 3 with A2 DE, budget 50, run_from_scratch=True
Evaluations: 1343
Running function 13 instance 7 repetition 4 with A2 DE, budget 50, run_from_scratch=True
Evaluations: 1511
Running function 13 instance 7 repetition 5 with A2 DE, budget 50, run_from_scratch=True
Evaluations: 1415
Running function 13 instance 7 repetition 6 with A2 DE, budget 50, run_from_scratch=True
Evaluations: 1361
Running function 13 instance 7 repetition 7 with A2 DE, budget 50, run_from_scratch=True
Evaluations: 1457
Running function 13 instance 7 repetition 8 with A2 DE, budget 50, run_from_scratch=True
Evaluations: 1325
Running function 13 instance 7 repetition 9 with A2 DE, budget 50, run_from_scratch=True
Evaluations: 1337
Running function 13 instance 7 repetition 10 with A2 DE, budget 50, run_from_scratch=True
Evaluations: 1433
Running function 13 instance 7 repetition 11 with A2 DE, budget 50, run_from_scratch=True
Evaluations: 1391
Running function 13 instance 7 repetition 12 with A2 DE, budget 50, run_from_scratch=True
Evaluations: 1403
Running function 13 instance 7 repetition 13 with A2 DE, budget 50, run_from_scratch=True
Evaluations: 1415
Running function 13 instance 7 repetition 14 with A2 DE, budget 50, run_from_scratch=True
Evaluations: 1343
Running function 13 instance 7 repetition 15 with A2 DE, budget 50, run_from_scratch=True
Evaluations: 1487
Running function 13 instance 7 repetition 16 with A2 DE, budget 50, run_from_scratch=True
Evaluations: 1343
Running function 13 instance 7 repetition 17 with A2 DE, budget 50, run_from_scratch=True
Evaluations: 1331
Running function 13 instance 7 repetition 18 with A2 DE, budget 50, run_from_scratch=True
Evaluations: 1337
Running function 13 instance 7 repetition 19 with A2 DE, budget 50, run_from_scratch=True
Evaluations: 1313
Running function 14 instance 6 repetition 0 with A2 DE, budget 50, run_from_scratch=True
Evaluations: 1031
Running function 14 instance 6 repetition 1 with A2 DE, budget 50, run_from_scratch=True
Evaluations: 1073
Running function 14 instance 6 repetition 2 with A2 DE, budget 50, run_from_scratch=True
Evaluations: 983
Running function 14 instance 6 repetition 3 with A2 DE, budget 50, run_from_scratch=True
Evaluations: 1167
Running function 14 instance 6 repetition 4 with A2 DE, budget 50, run_from_scratch=True
Evaluations: 1205
Running function 14 instance 6 repetition 5 with A2 DE, budget 50, run_from_scratch=True
Evaluations: 1043
Running function 14 instance 6 repetition 6 with A2 DE, budget 50, run_from_scratch=True
Evaluations: 1097
Running function 14 instance 6 repetition 7 with A2 DE, budget 50, run_from_scratch=True
Evaluations: 1103
Running function 14 instance 6 repetition 8 with A2 DE, budget 50, run_from_scratch=True
Evaluations: 1037
Running function 14 instance 6 repetition 9 with A2 DE, budget 50, run_from_scratch=True
Evaluations: 1049
Running function 14 instance 6 repetition 10 with A2 DE, budget 50, run_from_scratch=True
Evaluations: 995
Running function 14 instance 6 repetition 11 with A2 DE, budget 50, run_from_scratch=True
Evaluations: 1049
Running function 14 instance 6 repetition 12 with A2 DE, budget 50, run_from_scratch=True
Evaluations: 999
Running function 14 instance 6 repetition 13 with A2 DE, budget 50, run_from_scratch=True
Evaluations: 1211
Running function 14 instance 6 repetition 14 with A2 DE, budget 50, run_from_scratch=True
Evaluations: 993
Running function 14 instance 6 repetition 15 with A2 DE, budget 50, run_from_scratch=True
Evaluations: 1055
Running function 14 instance 6 repetition 16 with A2 DE, budget 50, run_from_scratch=True
Evaluations: 1079
Running function 14 instance 6 repetition 17 with A2 DE, budget 50, run_from_scratch=True
Evaluations: 1115
Running function 14 instance 6 repetition 18 with A2 DE, budget 50, run_from_scratch=True
Evaluations: 1313
Running function 14 instance 6 repetition 19 with A2 DE, budget 50, run_from_scratch=True
Evaluations: 1031
Running function 14 instance 7 repetition 0 with A2 DE, budget 50, run_from_scratch=True
Evaluations: 834
Running function 14 instance 7 repetition 1 with A2 DE, budget 50, run_from_scratch=True
Evaluations: 1017
Running function 14 instance 7 repetition 2 with A2 DE, budget 50, run_from_scratch=True
Evaluations: 1047
Running function 14 instance 7 repetition 3 with A2 DE, budget 50, run_from_scratch=True
Evaluations: 810
Running function 14 instance 7 repetition 4 with A2 DE, budget 50, run_from_scratch=True
Evaluations: 1019
Running function 14 instance 7 repetition 5 with A2 DE, budget 50, run_from_scratch=True
Evaluations: 807
Running function 14 instance 7 repetition 6 with A2 DE, budget 50, run_from_scratch=True
Evaluations: 954
Running function 14 instance 7 repetition 7 with A2 DE, budget 50, run_from_scratch=True
Evaluations: 1014
Running function 14 instance 7 repetition 8 with A2 DE, budget 50, run_from_scratch=True
Evaluations: 966
Running function 14 instance 7 repetition 9 with A2 DE, budget 50, run_from_scratch=True
Evaluations: 999
Running function 14 instance 7 repetition 10 with A2 DE, budget 50, run_from_scratch=True
Evaluations: 849
Running function 14 instance 7 repetition 11 with A2 DE, budget 50, run_from_scratch=True
Evaluations: 1071
Running function 14 instance 7 repetition 12 with A2 DE, budget 50, run_from_scratch=True
Evaluations: 822
Running function 14 instance 7 repetition 13 with A2 DE, budget 50, run_from_scratch=True
Evaluations: 1038
Running function 14 instance 7 repetition 14 with A2 DE, budget 50, run_from_scratch=True
Evaluations: 930
Running function 14 instance 7 repetition 15 with A2 DE, budget 50, run_from_scratch=True
Evaluations: 1091
Running function 14 instance 7 repetition 16 with A2 DE, budget 50, run_from_scratch=True
Evaluations: 852
Running function 14 instance 7 repetition 17 with A2 DE, budget 50, run_from_scratch=True
Evaluations: 930
Running function 14 instance 7 repetition 18 with A2 DE, budget 50, run_from_scratch=True
Evaluations: 792
Running function 14 instance 7 repetition 19 with A2 DE, budget 50, run_from_scratch=True
Evaluations: 954
Running function 15 instance 6 repetition 0 with A2 DE, budget 50, run_from_scratch=True
Evaluations: 1019
Running function 15 instance 6 repetition 1 with A2 DE, budget 50, run_from_scratch=True
Evaluations: 995
Running function 15 instance 6 repetition 2 with A2 DE, budget 50, run_from_scratch=True
Evaluations: 989
Running function 15 instance 6 repetition 3 with A2 DE, budget 50, run_from_scratch=True
Evaluations: 929
Running function 15 instance 6 repetition 4 with A2 DE, budget 50, run_from_scratch=True
Evaluations: 1001
Running function 15 instance 6 repetition 5 with A2 DE, budget 50, run_from_scratch=True
Evaluations: 983
Running function 15 instance 6 repetition 6 with A2 DE, budget 50, run_from_scratch=True
Evaluations: 1001
Running function 15 instance 6 repetition 7 with A2 DE, budget 50, run_from_scratch=True
Evaluations: 1001
Running function 15 instance 6 repetition 8 with A2 DE, budget 50, run_from_scratch=True
Evaluations: 959
Running function 15 instance 6 repetition 9 with A2 DE, budget 50, run_from_scratch=True
Evaluations: 953
Running function 15 instance 6 repetition 10 with A2 DE, budget 50, run_from_scratch=True
Evaluations: 995
Running function 15 instance 6 repetition 11 with A2 DE, budget 50, run_from_scratch=True
Evaluations: 965
Running function 15 instance 6 repetition 12 with A2 DE, budget 50, run_from_scratch=True
Evaluations: 929
Running function 15 instance 6 repetition 13 with A2 DE, budget 50, run_from_scratch=True
Evaluations: 965
Running function 15 instance 6 repetition 14 with A2 DE, budget 50, run_from_scratch=True
Evaluations: 977
Running function 15 instance 6 repetition 15 with A2 DE, budget 50, run_from_scratch=True
Evaluations: 971
Running function 15 instance 6 repetition 16 with A2 DE, budget 50, run_from_scratch=True
Evaluations: 947
Running function 15 instance 6 repetition 17 with A2 DE, budget 50, run_from_scratch=True
Evaluations: 989
Running function 15 instance 6 repetition 18 with A2 DE, budget 50, run_from_scratch=True
Evaluations: 995
Running function 15 instance 6 repetition 19 with A2 DE, budget 50, run_from_scratch=True
Evaluations: 953
Running function 15 instance 7 repetition 0 with A2 DE, budget 50, run_from_scratch=True
Evaluations: 971
Running function 15 instance 7 repetition 1 with A2 DE, budget 50, run_from_scratch=True
Evaluations: 959
Running function 15 instance 7 repetition 2 with A2 DE, budget 50, run_from_scratch=True
Evaluations: 941
Running function 15 instance 7 repetition 3 with A2 DE, budget 50, run_from_scratch=True
Evaluations: 953
Running function 15 instance 7 repetition 4 with A2 DE, budget 50, run_from_scratch=True
Evaluations: 971
Running function 15 instance 7 repetition 5 with A2 DE, budget 50, run_from_scratch=True
Evaluations: 989
Running function 15 instance 7 repetition 6 with A2 DE, budget 50, run_from_scratch=True
Evaluations: 977
Running function 15 instance 7 repetition 7 with A2 DE, budget 50, run_from_scratch=True
Evaluations: 953
Running function 15 instance 7 repetition 8 with A2 DE, budget 50, run_from_scratch=True
Evaluations: 989
Running function 15 instance 7 repetition 9 with A2 DE, budget 50, run_from_scratch=True
Evaluations: 983
Running function 15 instance 7 repetition 10 with A2 DE, budget 50, run_from_scratch=True
Evaluations: 971
Running function 15 instance 7 repetition 11 with A2 DE, budget 50, run_from_scratch=True
Evaluations: 941
Running function 15 instance 7 repetition 12 with A2 DE, budget 50, run_from_scratch=True
Evaluations: 1007
Running function 15 instance 7 repetition 13 with A2 DE, budget 50, run_from_scratch=True
Evaluations: 953
Running function 15 instance 7 repetition 14 with A2 DE, budget 50, run_from_scratch=True
Evaluations: 977
Running function 15 instance 7 repetition 15 with A2 DE, budget 50, run_from_scratch=True
Evaluations: 989
Running function 15 instance 7 repetition 16 with A2 DE, budget 50, run_from_scratch=True
Evaluations: 1007
Running function 15 instance 7 repetition 17 with A2 DE, budget 50, run_from_scratch=True
Evaluations: 959
Running function 15 instance 7 repetition 18 with A2 DE, budget 50, run_from_scratch=True
Evaluations: 983
Running function 15 instance 7 repetition 19 with A2 DE, budget 50, run_from_scratch=True
Evaluations: 965
Running function 16 instance 6 repetition 0 with A2 DE, budget 50, run_from_scratch=True
Evaluations: 1229
Running function 16 instance 6 repetition 1 with A2 DE, budget 50, run_from_scratch=True
Evaluations: 1169
Running function 16 instance 6 repetition 2 with A2 DE, budget 50, run_from_scratch=True
Evaluations: 1217
Running function 16 instance 6 repetition 3 with A2 DE, budget 50, run_from_scratch=True
Evaluations: 1139
Running function 16 instance 6 repetition 4 with A2 DE, budget 50, run_from_scratch=True
Evaluations: 1103
Running function 16 instance 6 repetition 5 with A2 DE, budget 50, run_from_scratch=True
Evaluations: 1169
Running function 16 instance 6 repetition 6 with A2 DE, budget 50, run_from_scratch=True
Evaluations: 1133
Running function 16 instance 6 repetition 7 with A2 DE, budget 50, run_from_scratch=True
Evaluations: 1205
Running function 16 instance 6 repetition 8 with A2 DE, budget 50, run_from_scratch=True
Evaluations: 1133
Running function 16 instance 6 repetition 9 with A2 DE, budget 50, run_from_scratch=True
Evaluations: 1253
Running function 16 instance 6 repetition 10 with A2 DE, budget 50, run_from_scratch=True
Evaluations: 1133
Running function 16 instance 6 repetition 11 with A2 DE, budget 50, run_from_scratch=True
Evaluations: 1097
Running function 16 instance 6 repetition 12 with A2 DE, budget 50, run_from_scratch=True
Evaluations: 1127
Running function 16 instance 6 repetition 13 with A2 DE, budget 50, run_from_scratch=True
Evaluations: 1349
Running function 16 instance 6 repetition 14 with A2 DE, budget 50, run_from_scratch=True
Evaluations: 1151
Running function 16 instance 6 repetition 15 with A2 DE, budget 50, run_from_scratch=True
Evaluations: 1145
Running function 16 instance 6 repetition 16 with A2 DE, budget 50, run_from_scratch=True
Evaluations: 1163
Running function 16 instance 6 repetition 17 with A2 DE, budget 50, run_from_scratch=True
Evaluations: 1217
Running function 16 instance 6 repetition 18 with A2 DE, budget 50, run_from_scratch=True
Evaluations: 1073
Running function 16 instance 6 repetition 19 with A2 DE, budget 50, run_from_scratch=True
Evaluations: 1241
Running function 16 instance 7 repetition 0 with A2 DE, budget 50, run_from_scratch=True
Evaluations: 1097
Running function 16 instance 7 repetition 1 with A2 DE, budget 50, run_from_scratch=True
Evaluations: 1325
Running function 16 instance 7 repetition 2 with A2 DE, budget 50, run_from_scratch=True
Evaluations: 1169
Running function 16 instance 7 repetition 3 with A2 DE, budget 50, run_from_scratch=True
Evaluations: 1151
Running function 16 instance 7 repetition 4 with A2 DE, budget 50, run_from_scratch=True
Evaluations: 1115
Running function 16 instance 7 repetition 5 with A2 DE, budget 50, run_from_scratch=True
Evaluations: 1211
Running function 16 instance 7 repetition 6 with A2 DE, budget 50, run_from_scratch=True
Evaluations: 1289
Running function 16 instance 7 repetition 7 with A2 DE, budget 50, run_from_scratch=True
Evaluations: 1367
Running function 16 instance 7 repetition 8 with A2 DE, budget 50, run_from_scratch=True
Evaluations: 1199
Running function 16 instance 7 repetition 9 with A2 DE, budget 50, run_from_scratch=True
Evaluations: 1157
Running function 16 instance 7 repetition 10 with A2 DE, budget 50, run_from_scratch=True
Evaluations: 1151
Running function 16 instance 7 repetition 11 with A2 DE, budget 50, run_from_scratch=True
Evaluations: 1133
Running function 16 instance 7 repetition 12 with A2 DE, budget 50, run_from_scratch=True
Evaluations: 1289
Running function 16 instance 7 repetition 13 with A2 DE, budget 50, run_from_scratch=True
Evaluations: 1163
Running function 16 instance 7 repetition 14 with A2 DE, budget 50, run_from_scratch=True
Evaluations: 1313
Running function 16 instance 7 repetition 15 with A2 DE, budget 50, run_from_scratch=True
Evaluations: 1277
Running function 16 instance 7 repetition 16 with A2 DE, budget 50, run_from_scratch=True
Evaluations: 1163
Running function 16 instance 7 repetition 17 with A2 DE, budget 50, run_from_scratch=True
Evaluations: 1217
Running function 16 instance 7 repetition 18 with A2 DE, budget 50, run_from_scratch=True
Evaluations: 1301
Running function 16 instance 7 repetition 19 with A2 DE, budget 50, run_from_scratch=True
Evaluations: 1151
Running function 17 instance 6 repetition 0 with A2 DE, budget 50, run_from_scratch=True
Evaluations: 627
Running function 17 instance 6 repetition 1 with A2 DE, budget 50, run_from_scratch=True
Evaluations: 672
Running function 17 instance 6 repetition 2 with A2 DE, budget 50, run_from_scratch=True
Evaluations: 864
Running function 17 instance 6 repetition 3 with A2 DE, budget 50, run_from_scratch=True
Evaluations: 684
Running function 17 instance 6 repetition 4 with A2 DE, budget 50, run_from_scratch=True
Evaluations: 660
Running function 17 instance 6 repetition 5 with A2 DE, budget 50, run_from_scratch=True
Evaluations: 989
Running function 17 instance 6 repetition 6 with A2 DE, budget 50, run_from_scratch=True
Evaluations: 801
Running function 17 instance 6 repetition 7 with A2 DE, budget 50, run_from_scratch=True
Evaluations: 942
Running function 17 instance 6 repetition 8 with A2 DE, budget 50, run_from_scratch=True
Evaluations: 953
Running function 17 instance 6 repetition 9 with A2 DE, budget 50, run_from_scratch=True
Evaluations: 807
Running function 17 instance 6 repetition 10 with A2 DE, budget 50, run_from_scratch=True
Evaluations: 876
Running function 17 instance 6 repetition 11 with A2 DE, budget 50, run_from_scratch=True
Evaluations: 774
Running function 17 instance 6 repetition 12 with A2 DE, budget 50, run_from_scratch=True
Evaluations: 807
Running function 17 instance 6 repetition 13 with A2 DE, budget 50, run_from_scratch=True
Evaluations: 789
Running function 17 instance 6 repetition 14 with A2 DE, budget 50, run_from_scratch=True
Evaluations: 822
Running function 17 instance 6 repetition 15 with A2 DE, budget 50, run_from_scratch=True
Evaluations: 840
Running function 17 instance 6 repetition 16 with A2 DE, budget 50, run_from_scratch=True
Evaluations: 995
Running function 17 instance 6 repetition 17 with A2 DE, budget 50, run_from_scratch=True
Evaluations: 831
Running function 17 instance 6 repetition 18 with A2 DE, budget 50, run_from_scratch=True
Evaluations: 711
Running function 17 instance 6 repetition 19 with A2 DE, budget 50, run_from_scratch=True
Evaluations: 969
Running function 17 instance 7 repetition 0 with A2 DE, budget 50, run_from_scratch=True
Evaluations: 990
Running function 17 instance 7 repetition 1 with A2 DE, budget 50, run_from_scratch=True
Evaluations: 929
Running function 17 instance 7 repetition 2 with A2 DE, budget 50, run_from_scratch=True
Evaluations: 941
Running function 17 instance 7 repetition 3 with A2 DE, budget 50, run_from_scratch=True
Evaluations: 1121
Running function 17 instance 7 repetition 4 with A2 DE, budget 50, run_from_scratch=True
Evaluations: 965
Running function 17 instance 7 repetition 5 with A2 DE, budget 50, run_from_scratch=True
Evaluations: 918
Running function 17 instance 7 repetition 6 with A2 DE, budget 50, run_from_scratch=True
Evaluations: 941
Running function 17 instance 7 repetition 7 with A2 DE, budget 50, run_from_scratch=True
Evaluations: 690
Running function 17 instance 7 repetition 8 with A2 DE, budget 50, run_from_scratch=True
Evaluations: 917
Running function 17 instance 7 repetition 9 with A2 DE, budget 50, run_from_scratch=True
Evaluations: 945
Running function 17 instance 7 repetition 10 with A2 DE, budget 50, run_from_scratch=True
Evaluations: 1049
Running function 17 instance 7 repetition 11 with A2 DE, budget 50, run_from_scratch=True
Evaluations: 953
Running function 17 instance 7 repetition 12 with A2 DE, budget 50, run_from_scratch=True
Evaluations: 977
Running function 17 instance 7 repetition 13 with A2 DE, budget 50, run_from_scratch=True
Evaluations: 989
Running function 17 instance 7 repetition 14 with A2 DE, budget 50, run_from_scratch=True
Evaluations: 1109
Running function 17 instance 7 repetition 15 with A2 DE, budget 50, run_from_scratch=True
Evaluations: 965
Running function 17 instance 7 repetition 16 with A2 DE, budget 50, run_from_scratch=True
Evaluations: 888
Running function 17 instance 7 repetition 17 with A2 DE, budget 50, run_from_scratch=True
Evaluations: 965
Running function 17 instance 7 repetition 18 with A2 DE, budget 50, run_from_scratch=True
Evaluations: 941
Running function 17 instance 7 repetition 19 with A2 DE, budget 50, run_from_scratch=True
Evaluations: 1001
Running function 18 instance 6 repetition 0 with A2 DE, budget 50, run_from_scratch=True
Evaluations: 965
Running function 18 instance 6 repetition 1 with A2 DE, budget 50, run_from_scratch=True
Evaluations: 905
Running function 18 instance 6 repetition 2 with A2 DE, budget 50, run_from_scratch=True
Evaluations: 1349
Running function 18 instance 6 repetition 3 with A2 DE, budget 50, run_from_scratch=True
Evaluations: 971
Running function 18 instance 6 repetition 4 with A2 DE, budget 50, run_from_scratch=True
Evaluations: 1043
Running function 18 instance 6 repetition 5 with A2 DE, budget 50, run_from_scratch=True
Evaluations: 959
Running function 18 instance 6 repetition 6 with A2 DE, budget 50, run_from_scratch=True
Evaluations: 1259
Running function 18 instance 6 repetition 7 with A2 DE, budget 50, run_from_scratch=True
Evaluations: 1547
Running function 18 instance 6 repetition 8 with A2 DE, budget 50, run_from_scratch=True
Evaluations: 1121
Running function 18 instance 6 repetition 9 with A2 DE, budget 50, run_from_scratch=True
Evaluations: 989
Running function 18 instance 6 repetition 10 with A2 DE, budget 50, run_from_scratch=True
Evaluations: 1001
Running function 18 instance 6 repetition 11 with A2 DE, budget 50, run_from_scratch=True
Evaluations: 1031
Running function 18 instance 6 repetition 12 with A2 DE, budget 50, run_from_scratch=True
Evaluations: 1253
Running function 18 instance 6 repetition 13 with A2 DE, budget 50, run_from_scratch=True
Evaluations: 1013
Running function 18 instance 6 repetition 14 with A2 DE, budget 50, run_from_scratch=True
Evaluations: 1109
Running function 18 instance 6 repetition 15 with A2 DE, budget 50, run_from_scratch=True
Evaluations: 977
Running function 18 instance 6 repetition 16 with A2 DE, budget 50, run_from_scratch=True
Evaluations: 953
Running function 18 instance 6 repetition 17 with A2 DE, budget 50, run_from_scratch=True
Evaluations: 1043
Running function 18 instance 6 repetition 18 with A2 DE, budget 50, run_from_scratch=True
Evaluations: 1043
Running function 18 instance 6 repetition 19 with A2 DE, budget 50, run_from_scratch=True
Evaluations: 1061
Running function 18 instance 7 repetition 0 with A2 DE, budget 50, run_from_scratch=True
Evaluations: 965
Running function 18 instance 7 repetition 1 with A2 DE, budget 50, run_from_scratch=True
Evaluations: 953
Running function 18 instance 7 repetition 2 with A2 DE, budget 50, run_from_scratch=True
Evaluations: 965
Running function 18 instance 7 repetition 3 with A2 DE, budget 50, run_from_scratch=True
Evaluations: 1103
Running function 18 instance 7 repetition 4 with A2 DE, budget 50, run_from_scratch=True
Evaluations: 983
Running function 18 instance 7 repetition 5 with A2 DE, budget 50, run_from_scratch=True
Evaluations: 1001
Running function 18 instance 7 repetition 6 with A2 DE, budget 50, run_from_scratch=True
Evaluations: 977
Running function 18 instance 7 repetition 7 with A2 DE, budget 50, run_from_scratch=True
Evaluations: 995
Running function 18 instance 7 repetition 8 with A2 DE, budget 50, run_from_scratch=True
Evaluations: 977
Running function 18 instance 7 repetition 9 with A2 DE, budget 50, run_from_scratch=True
Evaluations: 989
Running function 18 instance 7 repetition 10 with A2 DE, budget 50, run_from_scratch=True
Evaluations: 1037
Running function 18 instance 7 repetition 11 with A2 DE, budget 50, run_from_scratch=True
Evaluations: 983
Running function 18 instance 7 repetition 12 with A2 DE, budget 50, run_from_scratch=True
Evaluations: 947
Running function 18 instance 7 repetition 13 with A2 DE, budget 50, run_from_scratch=True
Evaluations: 1037
Running function 18 instance 7 repetition 14 with A2 DE, budget 50, run_from_scratch=True
Evaluations: 953
Running function 18 instance 7 repetition 15 with A2 DE, budget 50, run_from_scratch=True
Evaluations: 1007
Running function 18 instance 7 repetition 16 with A2 DE, budget 50, run_from_scratch=True
Evaluations: 989
Running function 18 instance 7 repetition 17 with A2 DE, budget 50, run_from_scratch=True
Evaluations: 965
Running function 18 instance 7 repetition 18 with A2 DE, budget 50, run_from_scratch=True
Evaluations: 1127
Running function 18 instance 7 repetition 19 with A2 DE, budget 50, run_from_scratch=True
Evaluations: 971
Running function 19 instance 6 repetition 0 with A2 DE, budget 50, run_from_scratch=True
Evaluations: 1055
Running function 19 instance 6 repetition 1 with A2 DE, budget 50, run_from_scratch=True
Evaluations: 983
Running function 19 instance 6 repetition 2 with A2 DE, budget 50, run_from_scratch=True
Evaluations: 929
Running function 19 instance 6 repetition 3 with A2 DE, budget 50, run_from_scratch=True
Evaluations: 971
Running function 19 instance 6 repetition 4 with A2 DE, budget 50, run_from_scratch=True
Evaluations: 1049
Running function 19 instance 6 repetition 5 with A2 DE, budget 50, run_from_scratch=True
Evaluations: 977
Running function 19 instance 6 repetition 6 with A2 DE, budget 50, run_from_scratch=True
Evaluations: 2333
Running function 19 instance 6 repetition 7 with A2 DE, budget 50, run_from_scratch=True
Evaluations: 935
Running function 19 instance 6 repetition 8 with A2 DE, budget 50, run_from_scratch=True
Evaluations: 971
Running function 19 instance 6 repetition 9 with A2 DE, budget 50, run_from_scratch=True
Evaluations: 1043
Running function 19 instance 6 repetition 10 with A2 DE, budget 50, run_from_scratch=True
Evaluations: 1067
Running function 19 instance 6 repetition 11 with A2 DE, budget 50, run_from_scratch=True
Evaluations: 1001
Running function 19 instance 6 repetition 12 with A2 DE, budget 50, run_from_scratch=True
Evaluations: 977
Running function 19 instance 6 repetition 13 with A2 DE, budget 50, run_from_scratch=True
Evaluations: 959
Running function 19 instance 6 repetition 14 with A2 DE, budget 50, run_from_scratch=True
Evaluations: 995
Running function 19 instance 6 repetition 15 with A2 DE, budget 50, run_from_scratch=True
Evaluations: 971
Running function 19 instance 6 repetition 16 with A2 DE, budget 50, run_from_scratch=True
Evaluations: 971
Running function 19 instance 6 repetition 17 with A2 DE, budget 50, run_from_scratch=True
Evaluations: 1007
Running function 19 instance 6 repetition 18 with A2 DE, budget 50, run_from_scratch=True
Evaluations: 1025
Running function 19 instance 6 repetition 19 with A2 DE, budget 50, run_from_scratch=True
Evaluations: 5339
Running function 19 instance 7 repetition 0 with A2 DE, budget 50, run_from_scratch=True
Evaluations: 971
Running function 19 instance 7 repetition 1 with A2 DE, budget 50, run_from_scratch=True
Evaluations: 1013
Running function 19 instance 7 repetition 2 with A2 DE, budget 50, run_from_scratch=True
Evaluations: 995
Running function 19 instance 7 repetition 3 with A2 DE, budget 50, run_from_scratch=True
Evaluations: 1055
Running function 19 instance 7 repetition 4 with A2 DE, budget 50, run_from_scratch=True
Evaluations: 1001
Running function 19 instance 7 repetition 5 with A2 DE, budget 50, run_from_scratch=True
Evaluations: 983
Running function 19 instance 7 repetition 6 with A2 DE, budget 50, run_from_scratch=True
Evaluations: 995
Running function 19 instance 7 repetition 7 with A2 DE, budget 50, run_from_scratch=True
Evaluations: 1121
Running function 19 instance 7 repetition 8 with A2 DE, budget 50, run_from_scratch=True
Evaluations: 947
Running function 19 instance 7 repetition 9 with A2 DE, budget 50, run_from_scratch=True
Evaluations: 1013
Running function 19 instance 7 repetition 10 with A2 DE, budget 50, run_from_scratch=True
Evaluations: 1001
Running function 19 instance 7 repetition 11 with A2 DE, budget 50, run_from_scratch=True
Evaluations: 947
Running function 19 instance 7 repetition 12 with A2 DE, budget 50, run_from_scratch=True
Evaluations: 1091
Running function 19 instance 7 repetition 13 with A2 DE, budget 50, run_from_scratch=True
Evaluations: 1043
Running function 19 instance 7 repetition 14 with A2 DE, budget 50, run_from_scratch=True
Evaluations: 1001
Running function 19 instance 7 repetition 15 with A2 DE, budget 50, run_from_scratch=True
Evaluations: 1013
Running function 19 instance 7 repetition 16 with A2 DE, budget 50, run_from_scratch=True
Evaluations: 959
Running function 19 instance 7 repetition 17 with A2 DE, budget 50, run_from_scratch=True
Evaluations: 953
Running function 19 instance 7 repetition 18 with A2 DE, budget 50, run_from_scratch=True
Evaluations: 959
Running function 19 instance 7 repetition 19 with A2 DE, budget 50, run_from_scratch=True
Evaluations: 989
Running function 20 instance 6 repetition 0 with A2 DE, budget 50, run_from_scratch=True
Evaluations: 941
Running function 20 instance 6 repetition 1 with A2 DE, budget 50, run_from_scratch=True
Evaluations: 953
Running function 20 instance 6 repetition 2 with A2 DE, budget 50, run_from_scratch=True
Evaluations: 953
Running function 20 instance 6 repetition 3 with A2 DE, budget 50, run_from_scratch=True
Evaluations: 965
Running function 20 instance 6 repetition 4 with A2 DE, budget 50, run_from_scratch=True
Evaluations: 953
Running function 20 instance 6 repetition 5 with A2 DE, budget 50, run_from_scratch=True
Evaluations: 941
Running function 20 instance 6 repetition 6 with A2 DE, budget 50, run_from_scratch=True
Evaluations: 941
Running function 20 instance 6 repetition 7 with A2 DE, budget 50, run_from_scratch=True
Evaluations: 923
Running function 20 instance 6 repetition 8 with A2 DE, budget 50, run_from_scratch=True
Evaluations: 941
Running function 20 instance 6 repetition 9 with A2 DE, budget 50, run_from_scratch=True
Evaluations: 995
Running function 20 instance 6 repetition 10 with A2 DE, budget 50, run_from_scratch=True
Evaluations: 953
Running function 20 instance 6 repetition 11 with A2 DE, budget 50, run_from_scratch=True
Evaluations: 947
Running function 20 instance 6 repetition 12 with A2 DE, budget 50, run_from_scratch=True
Evaluations: 947
Running function 20 instance 6 repetition 13 with A2 DE, budget 50, run_from_scratch=True
Evaluations: 959
Running function 20 instance 6 repetition 14 with A2 DE, budget 50, run_from_scratch=True
Evaluations: 941
Running function 20 instance 6 repetition 15 with A2 DE, budget 50, run_from_scratch=True
Evaluations: 935
Running function 20 instance 6 repetition 16 with A2 DE, budget 50, run_from_scratch=True
Evaluations: 941
Running function 20 instance 6 repetition 17 with A2 DE, budget 50, run_from_scratch=True
Evaluations: 929
Running function 20 instance 6 repetition 18 with A2 DE, budget 50, run_from_scratch=True
Evaluations: 941
Running function 20 instance 6 repetition 19 with A2 DE, budget 50, run_from_scratch=True
Evaluations: 947
Running function 20 instance 7 repetition 0 with A2 DE, budget 50, run_from_scratch=True
Evaluations: 941
Running function 20 instance 7 repetition 1 with A2 DE, budget 50, run_from_scratch=True
Evaluations: 923
Running function 20 instance 7 repetition 2 with A2 DE, budget 50, run_from_scratch=True
Evaluations: 947
Running function 20 instance 7 repetition 3 with A2 DE, budget 50, run_from_scratch=True
Evaluations: 941
Running function 20 instance 7 repetition 4 with A2 DE, budget 50, run_from_scratch=True
Evaluations: 953
Running function 20 instance 7 repetition 5 with A2 DE, budget 50, run_from_scratch=True
Evaluations: 947
Running function 20 instance 7 repetition 6 with A2 DE, budget 50, run_from_scratch=True
Evaluations: 947
Running function 20 instance 7 repetition 7 with A2 DE, budget 50, run_from_scratch=True
Evaluations: 947
Running function 20 instance 7 repetition 8 with A2 DE, budget 50, run_from_scratch=True
Evaluations: 947
Running function 20 instance 7 repetition 9 with A2 DE, budget 50, run_from_scratch=True
Evaluations: 941
Running function 20 instance 7 repetition 10 with A2 DE, budget 50, run_from_scratch=True
Evaluations: 941
Running function 20 instance 7 repetition 11 with A2 DE, budget 50, run_from_scratch=True
Evaluations: 947
Running function 20 instance 7 repetition 12 with A2 DE, budget 50, run_from_scratch=True
Evaluations: 971
Running function 20 instance 7 repetition 13 with A2 DE, budget 50, run_from_scratch=True
Evaluations: 977
Running function 20 instance 7 repetition 14 with A2 DE, budget 50, run_from_scratch=True
Evaluations: 935
Running function 20 instance 7 repetition 15 with A2 DE, budget 50, run_from_scratch=True
Evaluations: 929
Running function 20 instance 7 repetition 16 with A2 DE, budget 50, run_from_scratch=True
Evaluations: 1007
Running function 20 instance 7 repetition 17 with A2 DE, budget 50, run_from_scratch=True
Evaluations: 941
Running function 20 instance 7 repetition 18 with A2 DE, budget 50, run_from_scratch=True
Evaluations: 947
Running function 20 instance 7 repetition 19 with A2 DE, budget 50, run_from_scratch=True
Evaluations: 935
Running function 21 instance 6 repetition 0 with A2 DE, budget 50, run_from_scratch=True
Evaluations: 927
Running function 21 instance 6 repetition 1 with A2 DE, budget 50, run_from_scratch=True
Evaluations: 983
Running function 21 instance 6 repetition 2 with A2 DE, budget 50, run_from_scratch=True
Evaluations: 915
Running function 21 instance 6 repetition 3 with A2 DE, budget 50, run_from_scratch=True
Evaluations: 741
Running function 21 instance 6 repetition 4 with A2 DE, budget 50, run_from_scratch=True
Evaluations: 977
Running function 21 instance 6 repetition 5 with A2 DE, budget 50, run_from_scratch=True
Evaluations: 989
Running function 21 instance 6 repetition 6 with A2 DE, budget 50, run_from_scratch=True
Evaluations: 879
Running function 21 instance 6 repetition 7 with A2 DE, budget 50, run_from_scratch=True
Evaluations: 983
Running function 21 instance 6 repetition 8 with A2 DE, budget 50, run_from_scratch=True
Evaluations: 947
Running function 21 instance 6 repetition 9 with A2 DE, budget 50, run_from_scratch=True
Evaluations: 941
Running function 21 instance 6 repetition 10 with A2 DE, budget 50, run_from_scratch=True
Evaluations: 909
Running function 21 instance 6 repetition 11 with A2 DE, budget 50, run_from_scratch=True
Evaluations: 977
Running function 21 instance 6 repetition 12 with A2 DE, budget 50, run_from_scratch=True
Evaluations: 947
Running function 21 instance 6 repetition 13 with A2 DE, budget 50, run_from_scratch=True
Evaluations: 947
Running function 21 instance 6 repetition 14 with A2 DE, budget 50, run_from_scratch=True
Evaluations: 923
Running function 21 instance 6 repetition 15 with A2 DE, budget 50, run_from_scratch=True
Evaluations: 953
Running function 21 instance 6 repetition 16 with A2 DE, budget 50, run_from_scratch=True
Evaluations: 983
Running function 21 instance 6 repetition 17 with A2 DE, budget 50, run_from_scratch=True
Evaluations: 983
Running function 21 instance 6 repetition 18 with A2 DE, budget 50, run_from_scratch=True
Evaluations: 983
Running function 21 instance 6 repetition 19 with A2 DE, budget 50, run_from_scratch=True
Evaluations: 959
Running function 21 instance 7 repetition 0 with A2 DE, budget 50, run_from_scratch=True
Evaluations: 905
Running function 21 instance 7 repetition 1 with A2 DE, budget 50, run_from_scratch=True
Evaluations: 989
Running function 21 instance 7 repetition 2 with A2 DE, budget 50, run_from_scratch=True
Evaluations: 935
Running function 21 instance 7 repetition 3 with A2 DE, budget 50, run_from_scratch=True
Evaluations: 947
Running function 21 instance 7 repetition 4 with A2 DE, budget 50, run_from_scratch=True
Evaluations: 989
Running function 21 instance 7 repetition 5 with A2 DE, budget 50, run_from_scratch=True
Evaluations: 947
Running function 21 instance 7 repetition 6 with A2 DE, budget 50, run_from_scratch=True
Evaluations: 977
Running function 21 instance 7 repetition 7 with A2 DE, budget 50, run_from_scratch=True
Evaluations: 1001
Running function 21 instance 7 repetition 8 with A2 DE, budget 50, run_from_scratch=True
Evaluations: 911
Running function 21 instance 7 repetition 9 with A2 DE, budget 50, run_from_scratch=True
Evaluations: 995
Running function 21 instance 7 repetition 10 with A2 DE, budget 50, run_from_scratch=True
Evaluations: 935
Running function 21 instance 7 repetition 11 with A2 DE, budget 50, run_from_scratch=True
Evaluations: 995
Running function 21 instance 7 repetition 12 with A2 DE, budget 50, run_from_scratch=True
Evaluations: 905
Running function 21 instance 7 repetition 13 with A2 DE, budget 50, run_from_scratch=True
Evaluations: 911
Running function 21 instance 7 repetition 14 with A2 DE, budget 50, run_from_scratch=True
Evaluations: 923
Running function 21 instance 7 repetition 15 with A2 DE, budget 50, run_from_scratch=True
Evaluations: 995
Running function 21 instance 7 repetition 16 with A2 DE, budget 50, run_from_scratch=True
Evaluations: 941
Running function 21 instance 7 repetition 17 with A2 DE, budget 50, run_from_scratch=True
Evaluations: 965
Running function 21 instance 7 repetition 18 with A2 DE, budget 50, run_from_scratch=True
Evaluations: 989
Running function 21 instance 7 repetition 19 with A2 DE, budget 50, run_from_scratch=True
Evaluations: 995
Running function 22 instance 6 repetition 0 with A2 DE, budget 50, run_from_scratch=True
Evaluations: 905
Running function 22 instance 6 repetition 1 with A2 DE, budget 50, run_from_scratch=True
Evaluations: 1127
Running function 22 instance 6 repetition 2 with A2 DE, budget 50, run_from_scratch=True
Evaluations: 899
Running function 22 instance 6 repetition 3 with A2 DE, budget 50, run_from_scratch=True
Evaluations: 1043
Running function 22 instance 6 repetition 4 with A2 DE, budget 50, run_from_scratch=True
Evaluations: 1157
Running function 22 instance 6 repetition 5 with A2 DE, budget 50, run_from_scratch=True
Evaluations: 959
Running function 22 instance 6 repetition 6 with A2 DE, budget 50, run_from_scratch=True
Evaluations: 929
Running function 22 instance 6 repetition 7 with A2 DE, budget 50, run_from_scratch=True
Evaluations: 905
Running function 22 instance 6 repetition 8 with A2 DE, budget 50, run_from_scratch=True
Evaluations: 941
Running function 22 instance 6 repetition 9 with A2 DE, budget 50, run_from_scratch=True
Evaluations: 899
Running function 22 instance 6 repetition 10 with A2 DE, budget 50, run_from_scratch=True
Evaluations: 971
Running function 22 instance 6 repetition 11 with A2 DE, budget 50, run_from_scratch=True
Evaluations: 899
Running function 22 instance 6 repetition 12 with A2 DE, budget 50, run_from_scratch=True
Evaluations: 899
Running function 22 instance 6 repetition 13 with A2 DE, budget 50, run_from_scratch=True
Evaluations: 899
Running function 22 instance 6 repetition 14 with A2 DE, budget 50, run_from_scratch=True
Evaluations: 1091
Running function 22 instance 6 repetition 15 with A2 DE, budget 50, run_from_scratch=True
Evaluations: 929
Running function 22 instance 6 repetition 16 with A2 DE, budget 50, run_from_scratch=True
Evaluations: 1019
Running function 22 instance 6 repetition 17 with A2 DE, budget 50, run_from_scratch=True
Evaluations: 1079
Running function 22 instance 6 repetition 18 with A2 DE, budget 50, run_from_scratch=True
Evaluations: 1133
Running function 22 instance 6 repetition 19 with A2 DE, budget 50, run_from_scratch=True
Evaluations: 971
Running function 22 instance 7 repetition 0 with A2 DE, budget 50, run_from_scratch=True
Evaluations: 953
Running function 22 instance 7 repetition 1 with A2 DE, budget 50, run_from_scratch=True
Evaluations: 1055
Running function 22 instance 7 repetition 2 with A2 DE, budget 50, run_from_scratch=True
Evaluations: 1025
Running function 22 instance 7 repetition 3 with A2 DE, budget 50, run_from_scratch=True
Evaluations: 989
Running function 22 instance 7 repetition 4 with A2 DE, budget 50, run_from_scratch=True
Evaluations: 1019
Running function 22 instance 7 repetition 5 with A2 DE, budget 50, run_from_scratch=True
Evaluations: 935
Running function 22 instance 7 repetition 6 with A2 DE, budget 50, run_from_scratch=True
Evaluations: 1013
Running function 22 instance 7 repetition 7 with A2 DE, budget 50, run_from_scratch=True
Evaluations: 1055
Running function 22 instance 7 repetition 8 with A2 DE, budget 50, run_from_scratch=True
Evaluations: 1097
Running function 22 instance 7 repetition 9 with A2 DE, budget 50, run_from_scratch=True
Evaluations: 935
Running function 22 instance 7 repetition 10 with A2 DE, budget 50, run_from_scratch=True
Evaluations: 1001
Running function 22 instance 7 repetition 11 with A2 DE, budget 50, run_from_scratch=True
Evaluations: 1007
Running function 22 instance 7 repetition 12 with A2 DE, budget 50, run_from_scratch=True
Evaluations: 935
Running function 22 instance 7 repetition 13 with A2 DE, budget 50, run_from_scratch=True
Evaluations: 1037
Running function 22 instance 7 repetition 14 with A2 DE, budget 50, run_from_scratch=True
Evaluations: 1151
Running function 22 instance 7 repetition 15 with A2 DE, budget 50, run_from_scratch=True
Evaluations: 1103
Running function 22 instance 7 repetition 16 with A2 DE, budget 50, run_from_scratch=True
Evaluations: 977
Running function 22 instance 7 repetition 17 with A2 DE, budget 50, run_from_scratch=True
Evaluations: 1061
Running function 22 instance 7 repetition 18 with A2 DE, budget 50, run_from_scratch=True
Evaluations: 995
Running function 22 instance 7 repetition 19 with A2 DE, budget 50, run_from_scratch=True
Evaluations: 1001
Running function 23 instance 6 repetition 0 with A2 DE, budget 50, run_from_scratch=True
Evaluations: 1259
Running function 23 instance 6 repetition 1 with A2 DE, budget 50, run_from_scratch=True
Evaluations: 1307
Running function 23 instance 6 repetition 2 with A2 DE, budget 50, run_from_scratch=True
Evaluations: 1367
Running function 23 instance 6 repetition 3 with A2 DE, budget 50, run_from_scratch=True
Evaluations: 1259
Running function 23 instance 6 repetition 4 with A2 DE, budget 50, run_from_scratch=True
Evaluations: 1337
Running function 23 instance 6 repetition 5 with A2 DE, budget 50, run_from_scratch=True
Evaluations: 1733
Running function 23 instance 6 repetition 6 with A2 DE, budget 50, run_from_scratch=True
Evaluations: 1283
Running function 23 instance 6 repetition 7 with A2 DE, budget 50, run_from_scratch=True
Evaluations: 1499
Running function 23 instance 6 repetition 8 with A2 DE, budget 50, run_from_scratch=True
Evaluations: 1109
Running function 23 instance 6 repetition 9 with A2 DE, budget 50, run_from_scratch=True
Evaluations: 1607
Running function 23 instance 6 repetition 10 with A2 DE, budget 50, run_from_scratch=True
Evaluations: 1163
Running function 23 instance 6 repetition 11 with A2 DE, budget 50, run_from_scratch=True
Evaluations: 1577
Running function 23 instance 6 repetition 12 with A2 DE, budget 50, run_from_scratch=True
Evaluations: 1493
Running function 23 instance 6 repetition 13 with A2 DE, budget 50, run_from_scratch=True
Evaluations: 1247
Running function 23 instance 6 repetition 14 with A2 DE, budget 50, run_from_scratch=True
Evaluations: 1757
Running function 23 instance 6 repetition 15 with A2 DE, budget 50, run_from_scratch=True
Evaluations: 1139
Running function 23 instance 6 repetition 16 with A2 DE, budget 50, run_from_scratch=True
Evaluations: 1265
Running function 23 instance 6 repetition 17 with A2 DE, budget 50, run_from_scratch=True
Evaluations: 1283
Running function 23 instance 6 repetition 18 with A2 DE, budget 50, run_from_scratch=True
Evaluations: 1685
Running function 23 instance 6 repetition 19 with A2 DE, budget 50, run_from_scratch=True
Evaluations: 1463
Running function 23 instance 7 repetition 0 with A2 DE, budget 50, run_from_scratch=True
Evaluations: 522
Running function 23 instance 7 repetition 1 with A2 DE, budget 50, run_from_scratch=True
Evaluations: 1074
Running function 23 instance 7 repetition 2 with A2 DE, budget 50, run_from_scratch=True
Evaluations: 420
Running function 23 instance 7 repetition 3 with A2 DE, budget 50, run_from_scratch=True
Evaluations: 414
Running function 23 instance 7 repetition 4 with A2 DE, budget 50, run_from_scratch=True
Evaluations: 402
Running function 23 instance 7 repetition 5 with A2 DE, budget 50, run_from_scratch=True
Evaluations: 570
Running function 23 instance 7 repetition 6 with A2 DE, budget 50, run_from_scratch=True
Evaluations: 732
Running function 23 instance 7 repetition 7 with A2 DE, budget 50, run_from_scratch=True
Evaluations: 630
Running function 23 instance 7 repetition 8 with A2 DE, budget 50, run_from_scratch=True
Evaluations: 978
Running function 23 instance 7 repetition 9 with A2 DE, budget 50, run_from_scratch=True
Evaluations: 258
Running function 23 instance 7 repetition 10 with A2 DE, budget 50, run_from_scratch=True
Evaluations: 516
Running function 23 instance 7 repetition 11 with A2 DE, budget 50, run_from_scratch=True
Evaluations: 558
Running function 23 instance 7 repetition 12 with A2 DE, budget 50, run_from_scratch=True
Evaluations: 474
Running function 23 instance 7 repetition 13 with A2 DE, budget 50, run_from_scratch=True
Evaluations: 654
Running function 23 instance 7 repetition 14 with A2 DE, budget 50, run_from_scratch=True
Evaluations: 618
Running function 23 instance 7 repetition 15 with A2 DE, budget 50, run_from_scratch=True
Evaluations: 366
Running function 23 instance 7 repetition 16 with A2 DE, budget 50, run_from_scratch=True
Evaluations: 1212
Running function 23 instance 7 repetition 17 with A2 DE, budget 50, run_from_scratch=True
Evaluations: 1194
Running function 23 instance 7 repetition 18 with A2 DE, budget 50, run_from_scratch=True
Evaluations: 546
Running function 23 instance 7 repetition 19 with A2 DE, budget 50, run_from_scratch=True
Evaluations: 324
Running function 24 instance 6 repetition 0 with A2 DE, budget 50, run_from_scratch=True
Evaluations: 995
Running function 24 instance 6 repetition 1 with A2 DE, budget 50, run_from_scratch=True
Evaluations: 989
Running function 24 instance 6 repetition 2 with A2 DE, budget 50, run_from_scratch=True
Evaluations: 971
Running function 24 instance 6 repetition 3 with A2 DE, budget 50, run_from_scratch=True
Evaluations: 971
Running function 24 instance 6 repetition 4 with A2 DE, budget 50, run_from_scratch=True
Evaluations: 983
Running function 24 instance 6 repetition 5 with A2 DE, budget 50, run_from_scratch=True
Evaluations: 965
Running function 24 instance 6 repetition 6 with A2 DE, budget 50, run_from_scratch=True
Evaluations: 971
Running function 24 instance 6 repetition 7 with A2 DE, budget 50, run_from_scratch=True
Evaluations: 995
Running function 24 instance 6 repetition 8 with A2 DE, budget 50, run_from_scratch=True
Evaluations: 971
Running function 24 instance 6 repetition 9 with A2 DE, budget 50, run_from_scratch=True
Evaluations: 971
Running function 24 instance 6 repetition 10 with A2 DE, budget 50, run_from_scratch=True
Evaluations: 989
Running function 24 instance 6 repetition 11 with A2 DE, budget 50, run_from_scratch=True
Evaluations: 965
Running function 24 instance 6 repetition 12 with A2 DE, budget 50, run_from_scratch=True
Evaluations: 965
Running function 24 instance 6 repetition 13 with A2 DE, budget 50, run_from_scratch=True
Evaluations: 989
Running function 24 instance 6 repetition 14 with A2 DE, budget 50, run_from_scratch=True
Evaluations: 971
Running function 24 instance 6 repetition 15 with A2 DE, budget 50, run_from_scratch=True
Evaluations: 971
Running function 24 instance 6 repetition 16 with A2 DE, budget 50, run_from_scratch=True
Evaluations: 971
Running function 24 instance 6 repetition 17 with A2 DE, budget 50, run_from_scratch=True
Evaluations: 965
Running function 24 instance 6 repetition 18 with A2 DE, budget 50, run_from_scratch=True
Evaluations: 959
Running function 24 instance 6 repetition 19 with A2 DE, budget 50, run_from_scratch=True
Evaluations: 959
Running function 24 instance 7 repetition 0 with A2 DE, budget 50, run_from_scratch=True
Evaluations: 983
Running function 24 instance 7 repetition 1 with A2 DE, budget 50, run_from_scratch=True
Evaluations: 971
Running function 24 instance 7 repetition 2 with A2 DE, budget 50, run_from_scratch=True
Evaluations: 983
Running function 24 instance 7 repetition 3 with A2 DE, budget 50, run_from_scratch=True
Evaluations: 965
Running function 24 instance 7 repetition 4 with A2 DE, budget 50, run_from_scratch=True
Evaluations: 983
Running function 24 instance 7 repetition 5 with A2 DE, budget 50, run_from_scratch=True
Evaluations: 989
Running function 24 instance 7 repetition 6 with A2 DE, budget 50, run_from_scratch=True
Evaluations: 977
Running function 24 instance 7 repetition 7 with A2 DE, budget 50, run_from_scratch=True
Evaluations: 971
Running function 24 instance 7 repetition 8 with A2 DE, budget 50, run_from_scratch=True
Evaluations: 1043
Running function 24 instance 7 repetition 9 with A2 DE, budget 50, run_from_scratch=True
Evaluations: 983
Running function 24 instance 7 repetition 10 with A2 DE, budget 50, run_from_scratch=True
Evaluations: 959
Running function 24 instance 7 repetition 11 with A2 DE, budget 50, run_from_scratch=True
Evaluations: 965
Running function 24 instance 7 repetition 12 with A2 DE, budget 50, run_from_scratch=True
Evaluations: 959
Running function 24 instance 7 repetition 13 with A2 DE, budget 50, run_from_scratch=True
Evaluations: 971
Running function 24 instance 7 repetition 14 with A2 DE, budget 50, run_from_scratch=True
Evaluations: 983
Running function 24 instance 7 repetition 15 with A2 DE, budget 50, run_from_scratch=True
Evaluations: 971
Running function 24 instance 7 repetition 16 with A2 DE, budget 50, run_from_scratch=True
Evaluations: 977
Running function 24 instance 7 repetition 17 with A2 DE, budget 50, run_from_scratch=True
Evaluations: 971
Running function 24 instance 7 repetition 18 with A2 DE, budget 50, run_from_scratch=True
Evaluations: 989
Running function 24 instance 7 repetition 19 with A2 DE, budget 50, run_from_scratch=True
Evaluations: 971
Running function 1 instance 6 repetition 0 with A2 PSO, budget 50, run_from_scratch=True
Evaluations: 880
Running function 1 instance 6 repetition 1 with A2 PSO, budget 50, run_from_scratch=True
Evaluations: 880
Running function 1 instance 6 repetition 2 with A2 PSO, budget 50, run_from_scratch=True
Evaluations: 880
Running function 1 instance 6 repetition 3 with A2 PSO, budget 50, run_from_scratch=True
Evaluations: 880
Running function 1 instance 6 repetition 4 with A2 PSO, budget 50, run_from_scratch=True
Evaluations: 880
Running function 1 instance 6 repetition 5 with A2 PSO, budget 50, run_from_scratch=True
Evaluations: 880
Running function 1 instance 6 repetition 6 with A2 PSO, budget 50, run_from_scratch=True
Evaluations: 880
Running function 1 instance 6 repetition 7 with A2 PSO, budget 50, run_from_scratch=True
Evaluations: 880
Running function 1 instance 6 repetition 8 with A2 PSO, budget 50, run_from_scratch=True
Evaluations: 880
Running function 1 instance 6 repetition 9 with A2 PSO, budget 50, run_from_scratch=True
Evaluations: 880
Running function 1 instance 6 repetition 10 with A2 PSO, budget 50, run_from_scratch=True
Evaluations: 880
Running function 1 instance 6 repetition 11 with A2 PSO, budget 50, run_from_scratch=True
Evaluations: 880
Running function 1 instance 6 repetition 12 with A2 PSO, budget 50, run_from_scratch=True
Evaluations: 880
Running function 1 instance 6 repetition 13 with A2 PSO, budget 50, run_from_scratch=True
Evaluations: 880
Running function 1 instance 6 repetition 14 with A2 PSO, budget 50, run_from_scratch=True
Evaluations: 880
Running function 1 instance 6 repetition 15 with A2 PSO, budget 50, run_from_scratch=True
Evaluations: 880
Running function 1 instance 6 repetition 16 with A2 PSO, budget 50, run_from_scratch=True
Evaluations: 880
Running function 1 instance 6 repetition 17 with A2 PSO, budget 50, run_from_scratch=True
Evaluations: 880
Running function 1 instance 6 repetition 18 with A2 PSO, budget 50, run_from_scratch=True
Evaluations: 880
Running function 1 instance 6 repetition 19 with A2 PSO, budget 50, run_from_scratch=True
Evaluations: 880
Running function 1 instance 7 repetition 0 with A2 PSO, budget 50, run_from_scratch=True
Evaluations: 880
Running function 1 instance 7 repetition 1 with A2 PSO, budget 50, run_from_scratch=True
Evaluations: 880
Running function 1 instance 7 repetition 2 with A2 PSO, budget 50, run_from_scratch=True
Evaluations: 880
Running function 1 instance 7 repetition 3 with A2 PSO, budget 50, run_from_scratch=True
Evaluations: 880
Running function 1 instance 7 repetition 4 with A2 PSO, budget 50, run_from_scratch=True
Evaluations: 880
Running function 1 instance 7 repetition 5 with A2 PSO, budget 50, run_from_scratch=True
Evaluations: 880
Running function 1 instance 7 repetition 6 with A2 PSO, budget 50, run_from_scratch=True
Evaluations: 880
Running function 1 instance 7 repetition 7 with A2 PSO, budget 50, run_from_scratch=True
Evaluations: 880
Running function 1 instance 7 repetition 8 with A2 PSO, budget 50, run_from_scratch=True
Evaluations: 880
Running function 1 instance 7 repetition 9 with A2 PSO, budget 50, run_from_scratch=True
Evaluations: 880
Running function 1 instance 7 repetition 10 with A2 PSO, budget 50, run_from_scratch=True
Evaluations: 880
Running function 1 instance 7 repetition 11 with A2 PSO, budget 50, run_from_scratch=True
Evaluations: 880
Running function 1 instance 7 repetition 12 with A2 PSO, budget 50, run_from_scratch=True
Evaluations: 880
Running function 1 instance 7 repetition 13 with A2 PSO, budget 50, run_from_scratch=True
Evaluations: 880
Running function 1 instance 7 repetition 14 with A2 PSO, budget 50, run_from_scratch=True
Evaluations: 880
Running function 1 instance 7 repetition 15 with A2 PSO, budget 50, run_from_scratch=True
Evaluations: 880
Running function 1 instance 7 repetition 16 with A2 PSO, budget 50, run_from_scratch=True
Evaluations: 880
Running function 1 instance 7 repetition 17 with A2 PSO, budget 50, run_from_scratch=True
Evaluations: 880
Running function 1 instance 7 repetition 18 with A2 PSO, budget 50, run_from_scratch=True
Evaluations: 880
Running function 1 instance 7 repetition 19 with A2 PSO, budget 50, run_from_scratch=True
Evaluations: 880
Running function 2 instance 6 repetition 0 with A2 PSO, budget 50, run_from_scratch=True
Evaluations: 880
Running function 2 instance 6 repetition 1 with A2 PSO, budget 50, run_from_scratch=True
Evaluations: 880
Running function 2 instance 6 repetition 2 with A2 PSO, budget 50, run_from_scratch=True
Evaluations: 880
Running function 2 instance 6 repetition 3 with A2 PSO, budget 50, run_from_scratch=True
Evaluations: 880
Running function 2 instance 6 repetition 4 with A2 PSO, budget 50, run_from_scratch=True
Evaluations: 880
Running function 2 instance 6 repetition 5 with A2 PSO, budget 50, run_from_scratch=True
Evaluations: 880
Running function 2 instance 6 repetition 6 with A2 PSO, budget 50, run_from_scratch=True
Evaluations: 880
Running function 2 instance 6 repetition 7 with A2 PSO, budget 50, run_from_scratch=True
Evaluations: 880
Running function 2 instance 6 repetition 8 with A2 PSO, budget 50, run_from_scratch=True
Evaluations: 880
Running function 2 instance 6 repetition 9 with A2 PSO, budget 50, run_from_scratch=True
Evaluations: 880
Running function 2 instance 6 repetition 10 with A2 PSO, budget 50, run_from_scratch=True
Evaluations: 880
Running function 2 instance 6 repetition 11 with A2 PSO, budget 50, run_from_scratch=True
Evaluations: 880
Running function 2 instance 6 repetition 12 with A2 PSO, budget 50, run_from_scratch=True
Evaluations: 880
Running function 2 instance 6 repetition 13 with A2 PSO, budget 50, run_from_scratch=True
Evaluations: 880
Running function 2 instance 6 repetition 14 with A2 PSO, budget 50, run_from_scratch=True
Evaluations: 880
Running function 2 instance 6 repetition 15 with A2 PSO, budget 50, run_from_scratch=True
Evaluations: 880
Running function 2 instance 6 repetition 16 with A2 PSO, budget 50, run_from_scratch=True
Evaluations: 880
Running function 2 instance 6 repetition 17 with A2 PSO, budget 50, run_from_scratch=True
Evaluations: 880
Running function 2 instance 6 repetition 18 with A2 PSO, budget 50, run_from_scratch=True
Evaluations: 880
Running function 2 instance 6 repetition 19 with A2 PSO, budget 50, run_from_scratch=True
Evaluations: 880
Running function 2 instance 7 repetition 0 with A2 PSO, budget 50, run_from_scratch=True
Evaluations: 880
Running function 2 instance 7 repetition 1 with A2 PSO, budget 50, run_from_scratch=True
Evaluations: 880
Running function 2 instance 7 repetition 2 with A2 PSO, budget 50, run_from_scratch=True
Evaluations: 880
Running function 2 instance 7 repetition 3 with A2 PSO, budget 50, run_from_scratch=True
Evaluations: 880
Running function 2 instance 7 repetition 4 with A2 PSO, budget 50, run_from_scratch=True
Evaluations: 880
Running function 2 instance 7 repetition 5 with A2 PSO, budget 50, run_from_scratch=True
Evaluations: 880
Running function 2 instance 7 repetition 6 with A2 PSO, budget 50, run_from_scratch=True
Evaluations: 880
Running function 2 instance 7 repetition 7 with A2 PSO, budget 50, run_from_scratch=True
Evaluations: 880
Running function 2 instance 7 repetition 8 with A2 PSO, budget 50, run_from_scratch=True
Evaluations: 880
Running function 2 instance 7 repetition 9 with A2 PSO, budget 50, run_from_scratch=True
Evaluations: 880
Running function 2 instance 7 repetition 10 with A2 PSO, budget 50, run_from_scratch=True
Evaluations: 880
Running function 2 instance 7 repetition 11 with A2 PSO, budget 50, run_from_scratch=True
Evaluations: 880
Running function 2 instance 7 repetition 12 with A2 PSO, budget 50, run_from_scratch=True
Evaluations: 880
Running function 2 instance 7 repetition 13 with A2 PSO, budget 50, run_from_scratch=True
Evaluations: 880
Running function 2 instance 7 repetition 14 with A2 PSO, budget 50, run_from_scratch=True
Evaluations: 880
Running function 2 instance 7 repetition 15 with A2 PSO, budget 50, run_from_scratch=True
Evaluations: 880
Running function 2 instance 7 repetition 16 with A2 PSO, budget 50, run_from_scratch=True
Evaluations: 880
Running function 2 instance 7 repetition 17 with A2 PSO, budget 50, run_from_scratch=True
Evaluations: 880
Running function 2 instance 7 repetition 18 with A2 PSO, budget 50, run_from_scratch=True
Evaluations: 880
Running function 2 instance 7 repetition 19 with A2 PSO, budget 50, run_from_scratch=True
Evaluations: 880
Running function 3 instance 6 repetition 0 with A2 PSO, budget 50, run_from_scratch=True
Evaluations: 880
Running function 3 instance 6 repetition 1 with A2 PSO, budget 50, run_from_scratch=True
Evaluations: 880
Running function 3 instance 6 repetition 2 with A2 PSO, budget 50, run_from_scratch=True
Evaluations: 880
Running function 3 instance 6 repetition 3 with A2 PSO, budget 50, run_from_scratch=True
Evaluations: 880
Running function 3 instance 6 repetition 4 with A2 PSO, budget 50, run_from_scratch=True
Evaluations: 880
Running function 3 instance 6 repetition 5 with A2 PSO, budget 50, run_from_scratch=True
Evaluations: 880
Running function 3 instance 6 repetition 6 with A2 PSO, budget 50, run_from_scratch=True
Evaluations: 880
Running function 3 instance 6 repetition 7 with A2 PSO, budget 50, run_from_scratch=True
Evaluations: 880
Running function 3 instance 6 repetition 8 with A2 PSO, budget 50, run_from_scratch=True
Evaluations: 880
Running function 3 instance 6 repetition 9 with A2 PSO, budget 50, run_from_scratch=True
Evaluations: 880
Running function 3 instance 6 repetition 10 with A2 PSO, budget 50, run_from_scratch=True
Evaluations: 880
Running function 3 instance 6 repetition 11 with A2 PSO, budget 50, run_from_scratch=True
Evaluations: 880
Running function 3 instance 6 repetition 12 with A2 PSO, budget 50, run_from_scratch=True
Evaluations: 880
Running function 3 instance 6 repetition 13 with A2 PSO, budget 50, run_from_scratch=True
Evaluations: 880
Running function 3 instance 6 repetition 14 with A2 PSO, budget 50, run_from_scratch=True
Evaluations: 880
Running function 3 instance 6 repetition 15 with A2 PSO, budget 50, run_from_scratch=True
Evaluations: 880
Running function 3 instance 6 repetition 16 with A2 PSO, budget 50, run_from_scratch=True
Evaluations: 880
Running function 3 instance 6 repetition 17 with A2 PSO, budget 50, run_from_scratch=True
Evaluations: 880
Running function 3 instance 6 repetition 18 with A2 PSO, budget 50, run_from_scratch=True
Evaluations: 880
Running function 3 instance 6 repetition 19 with A2 PSO, budget 50, run_from_scratch=True
Evaluations: 880
Running function 3 instance 7 repetition 0 with A2 PSO, budget 50, run_from_scratch=True
Evaluations: 880
Running function 3 instance 7 repetition 1 with A2 PSO, budget 50, run_from_scratch=True
Evaluations: 880
Running function 3 instance 7 repetition 2 with A2 PSO, budget 50, run_from_scratch=True
Evaluations: 880
Running function 3 instance 7 repetition 3 with A2 PSO, budget 50, run_from_scratch=True
Evaluations: 880
Running function 3 instance 7 repetition 4 with A2 PSO, budget 50, run_from_scratch=True
Evaluations: 880
Running function 3 instance 7 repetition 5 with A2 PSO, budget 50, run_from_scratch=True
Evaluations: 880
Running function 3 instance 7 repetition 6 with A2 PSO, budget 50, run_from_scratch=True
Evaluations: 880
Running function 3 instance 7 repetition 7 with A2 PSO, budget 50, run_from_scratch=True
Evaluations: 880
Running function 3 instance 7 repetition 8 with A2 PSO, budget 50, run_from_scratch=True
Evaluations: 880
Running function 3 instance 7 repetition 9 with A2 PSO, budget 50, run_from_scratch=True
Evaluations: 880
Running function 3 instance 7 repetition 10 with A2 PSO, budget 50, run_from_scratch=True
Evaluations: 880
Running function 3 instance 7 repetition 11 with A2 PSO, budget 50, run_from_scratch=True
Evaluations: 880
Running function 3 instance 7 repetition 12 with A2 PSO, budget 50, run_from_scratch=True
Evaluations: 880
Running function 3 instance 7 repetition 13 with A2 PSO, budget 50, run_from_scratch=True
Evaluations: 880
Running function 3 instance 7 repetition 14 with A2 PSO, budget 50, run_from_scratch=True
Evaluations: 880
Running function 3 instance 7 repetition 15 with A2 PSO, budget 50, run_from_scratch=True
Evaluations: 880
Running function 3 instance 7 repetition 16 with A2 PSO, budget 50, run_from_scratch=True
Evaluations: 880
Running function 3 instance 7 repetition 17 with A2 PSO, budget 50, run_from_scratch=True
Evaluations: 880
Running function 3 instance 7 repetition 18 with A2 PSO, budget 50, run_from_scratch=True
Evaluations: 880
Running function 3 instance 7 repetition 19 with A2 PSO, budget 50, run_from_scratch=True
Evaluations: 880
Running function 4 instance 6 repetition 0 with A2 PSO, budget 50, run_from_scratch=True
Evaluations: 880
Running function 4 instance 6 repetition 1 with A2 PSO, budget 50, run_from_scratch=True
Evaluations: 880
Running function 4 instance 6 repetition 2 with A2 PSO, budget 50, run_from_scratch=True
Evaluations: 880
Running function 4 instance 6 repetition 3 with A2 PSO, budget 50, run_from_scratch=True
Evaluations: 880
Running function 4 instance 6 repetition 4 with A2 PSO, budget 50, run_from_scratch=True
Evaluations: 880
Running function 4 instance 6 repetition 5 with A2 PSO, budget 50, run_from_scratch=True
Evaluations: 880
Running function 4 instance 6 repetition 6 with A2 PSO, budget 50, run_from_scratch=True
Evaluations: 880
Running function 4 instance 6 repetition 7 with A2 PSO, budget 50, run_from_scratch=True
Evaluations: 880
Running function 4 instance 6 repetition 8 with A2 PSO, budget 50, run_from_scratch=True
Evaluations: 880
Running function 4 instance 6 repetition 9 with A2 PSO, budget 50, run_from_scratch=True
Evaluations: 880
Running function 4 instance 6 repetition 10 with A2 PSO, budget 50, run_from_scratch=True
Evaluations: 880
Running function 4 instance 6 repetition 11 with A2 PSO, budget 50, run_from_scratch=True
Evaluations: 880
Running function 4 instance 6 repetition 12 with A2 PSO, budget 50, run_from_scratch=True
Evaluations: 880
Running function 4 instance 6 repetition 13 with A2 PSO, budget 50, run_from_scratch=True
Evaluations: 880
Running function 4 instance 6 repetition 14 with A2 PSO, budget 50, run_from_scratch=True
Evaluations: 880
Running function 4 instance 6 repetition 15 with A2 PSO, budget 50, run_from_scratch=True
Evaluations: 880
Running function 4 instance 6 repetition 16 with A2 PSO, budget 50, run_from_scratch=True
Evaluations: 880
Running function 4 instance 6 repetition 17 with A2 PSO, budget 50, run_from_scratch=True
Evaluations: 880
Running function 4 instance 6 repetition 18 with A2 PSO, budget 50, run_from_scratch=True
Evaluations: 880
Running function 4 instance 6 repetition 19 with A2 PSO, budget 50, run_from_scratch=True
Evaluations: 880
Running function 4 instance 7 repetition 0 with A2 PSO, budget 50, run_from_scratch=True
Evaluations: 880
Running function 4 instance 7 repetition 1 with A2 PSO, budget 50, run_from_scratch=True
Evaluations: 880
Running function 4 instance 7 repetition 2 with A2 PSO, budget 50, run_from_scratch=True
Evaluations: 880
Running function 4 instance 7 repetition 3 with A2 PSO, budget 50, run_from_scratch=True
Evaluations: 880
Running function 4 instance 7 repetition 4 with A2 PSO, budget 50, run_from_scratch=True
Evaluations: 880
Running function 4 instance 7 repetition 5 with A2 PSO, budget 50, run_from_scratch=True
Evaluations: 880
Running function 4 instance 7 repetition 6 with A2 PSO, budget 50, run_from_scratch=True
Evaluations: 880
Running function 4 instance 7 repetition 7 with A2 PSO, budget 50, run_from_scratch=True
Evaluations: 880
Running function 4 instance 7 repetition 8 with A2 PSO, budget 50, run_from_scratch=True
Evaluations: 880
Running function 4 instance 7 repetition 9 with A2 PSO, budget 50, run_from_scratch=True
Evaluations: 880
Running function 4 instance 7 repetition 10 with A2 PSO, budget 50, run_from_scratch=True
Evaluations: 880
Running function 4 instance 7 repetition 11 with A2 PSO, budget 50, run_from_scratch=True
Evaluations: 880
Running function 4 instance 7 repetition 12 with A2 PSO, budget 50, run_from_scratch=True
Evaluations: 880
Running function 4 instance 7 repetition 13 with A2 PSO, budget 50, run_from_scratch=True
Evaluations: 880
Running function 4 instance 7 repetition 14 with A2 PSO, budget 50, run_from_scratch=True
Evaluations: 880
Running function 4 instance 7 repetition 15 with A2 PSO, budget 50, run_from_scratch=True
Evaluations: 880
Running function 4 instance 7 repetition 16 with A2 PSO, budget 50, run_from_scratch=True
Evaluations: 880
Running function 4 instance 7 repetition 17 with A2 PSO, budget 50, run_from_scratch=True
Evaluations: 880
Running function 4 instance 7 repetition 18 with A2 PSO, budget 50, run_from_scratch=True
Evaluations: 880
Running function 4 instance 7 repetition 19 with A2 PSO, budget 50, run_from_scratch=True
Evaluations: 880
Running function 5 instance 6 repetition 0 with A2 PSO, budget 50, run_from_scratch=True
Evaluations: 880
Running function 5 instance 6 repetition 1 with A2 PSO, budget 50, run_from_scratch=True
Evaluations: 880
Running function 5 instance 6 repetition 2 with A2 PSO, budget 50, run_from_scratch=True
Evaluations: 880
Running function 5 instance 6 repetition 3 with A2 PSO, budget 50, run_from_scratch=True
Evaluations: 880
Running function 5 instance 6 repetition 4 with A2 PSO, budget 50, run_from_scratch=True
Evaluations: 880
Running function 5 instance 6 repetition 5 with A2 PSO, budget 50, run_from_scratch=True
Evaluations: 880
Running function 5 instance 6 repetition 6 with A2 PSO, budget 50, run_from_scratch=True
Evaluations: 880
Running function 5 instance 6 repetition 7 with A2 PSO, budget 50, run_from_scratch=True
Evaluations: 880
Running function 5 instance 6 repetition 8 with A2 PSO, budget 50, run_from_scratch=True
Evaluations: 880
Running function 5 instance 6 repetition 9 with A2 PSO, budget 50, run_from_scratch=True
Evaluations: 880
Running function 5 instance 6 repetition 10 with A2 PSO, budget 50, run_from_scratch=True
Evaluations: 880
Running function 5 instance 6 repetition 11 with A2 PSO, budget 50, run_from_scratch=True
Evaluations: 880
Running function 5 instance 6 repetition 12 with A2 PSO, budget 50, run_from_scratch=True
Evaluations: 880
Running function 5 instance 6 repetition 13 with A2 PSO, budget 50, run_from_scratch=True
Evaluations: 880
Running function 5 instance 6 repetition 14 with A2 PSO, budget 50, run_from_scratch=True
Evaluations: 880
Running function 5 instance 6 repetition 15 with A2 PSO, budget 50, run_from_scratch=True
Evaluations: 880
Running function 5 instance 6 repetition 16 with A2 PSO, budget 50, run_from_scratch=True
Evaluations: 880
Running function 5 instance 6 repetition 17 with A2 PSO, budget 50, run_from_scratch=True
Evaluations: 880
Running function 5 instance 6 repetition 18 with A2 PSO, budget 50, run_from_scratch=True
Evaluations: 880
Running function 5 instance 6 repetition 19 with A2 PSO, budget 50, run_from_scratch=True
Evaluations: 880
Running function 5 instance 7 repetition 0 with A2 PSO, budget 50, run_from_scratch=True
Evaluations: 880
Running function 5 instance 7 repetition 1 with A2 PSO, budget 50, run_from_scratch=True
Evaluations: 880
Running function 5 instance 7 repetition 2 with A2 PSO, budget 50, run_from_scratch=True
Evaluations: 880
Running function 5 instance 7 repetition 3 with A2 PSO, budget 50, run_from_scratch=True
Evaluations: 880
Running function 5 instance 7 repetition 4 with A2 PSO, budget 50, run_from_scratch=True
Evaluations: 880
Running function 5 instance 7 repetition 5 with A2 PSO, budget 50, run_from_scratch=True
Evaluations: 880
Running function 5 instance 7 repetition 6 with A2 PSO, budget 50, run_from_scratch=True
Evaluations: 880
Running function 5 instance 7 repetition 7 with A2 PSO, budget 50, run_from_scratch=True
Evaluations: 880
Running function 5 instance 7 repetition 8 with A2 PSO, budget 50, run_from_scratch=True
Evaluations: 880
Running function 5 instance 7 repetition 9 with A2 PSO, budget 50, run_from_scratch=True
Evaluations: 880
Running function 5 instance 7 repetition 10 with A2 PSO, budget 50, run_from_scratch=True
Evaluations: 880
Running function 5 instance 7 repetition 11 with A2 PSO, budget 50, run_from_scratch=True
Evaluations: 880
Running function 5 instance 7 repetition 12 with A2 PSO, budget 50, run_from_scratch=True
Evaluations: 880
Running function 5 instance 7 repetition 13 with A2 PSO, budget 50, run_from_scratch=True
Evaluations: 880
Running function 5 instance 7 repetition 14 with A2 PSO, budget 50, run_from_scratch=True
Evaluations: 880
Running function 5 instance 7 repetition 15 with A2 PSO, budget 50, run_from_scratch=True
Evaluations: 880
Running function 5 instance 7 repetition 16 with A2 PSO, budget 50, run_from_scratch=True
Evaluations: 880
Running function 5 instance 7 repetition 17 with A2 PSO, budget 50, run_from_scratch=True
Evaluations: 880
Running function 5 instance 7 repetition 18 with A2 PSO, budget 50, run_from_scratch=True
Evaluations: 880
Running function 5 instance 7 repetition 19 with A2 PSO, budget 50, run_from_scratch=True
Evaluations: 880
Running function 6 instance 6 repetition 0 with A2 PSO, budget 50, run_from_scratch=True
Evaluations: 880
Running function 6 instance 6 repetition 1 with A2 PSO, budget 50, run_from_scratch=True
Evaluations: 880
Running function 6 instance 6 repetition 2 with A2 PSO, budget 50, run_from_scratch=True
Evaluations: 880
Running function 6 instance 6 repetition 3 with A2 PSO, budget 50, run_from_scratch=True
Evaluations: 880
Running function 6 instance 6 repetition 4 with A2 PSO, budget 50, run_from_scratch=True
Evaluations: 880
Running function 6 instance 6 repetition 5 with A2 PSO, budget 50, run_from_scratch=True
Evaluations: 880
Running function 6 instance 6 repetition 6 with A2 PSO, budget 50, run_from_scratch=True
Evaluations: 880
Running function 6 instance 6 repetition 7 with A2 PSO, budget 50, run_from_scratch=True
Evaluations: 880
Running function 6 instance 6 repetition 8 with A2 PSO, budget 50, run_from_scratch=True
Evaluations: 880
Running function 6 instance 6 repetition 9 with A2 PSO, budget 50, run_from_scratch=True
Evaluations: 880
Running function 6 instance 6 repetition 10 with A2 PSO, budget 50, run_from_scratch=True
Evaluations: 880
Running function 6 instance 6 repetition 11 with A2 PSO, budget 50, run_from_scratch=True
Evaluations: 880
Running function 6 instance 6 repetition 12 with A2 PSO, budget 50, run_from_scratch=True
Evaluations: 880
Running function 6 instance 6 repetition 13 with A2 PSO, budget 50, run_from_scratch=True
Evaluations: 880
Running function 6 instance 6 repetition 14 with A2 PSO, budget 50, run_from_scratch=True
Evaluations: 880
Running function 6 instance 6 repetition 15 with A2 PSO, budget 50, run_from_scratch=True
Evaluations: 880
Running function 6 instance 6 repetition 16 with A2 PSO, budget 50, run_from_scratch=True
Evaluations: 880
Running function 6 instance 6 repetition 17 with A2 PSO, budget 50, run_from_scratch=True
Evaluations: 880
Running function 6 instance 6 repetition 18 with A2 PSO, budget 50, run_from_scratch=True
Evaluations: 880
Running function 6 instance 6 repetition 19 with A2 PSO, budget 50, run_from_scratch=True
Evaluations: 880
Running function 6 instance 7 repetition 0 with A2 PSO, budget 50, run_from_scratch=True
Evaluations: 880
Running function 6 instance 7 repetition 1 with A2 PSO, budget 50, run_from_scratch=True
Evaluations: 880
Running function 6 instance 7 repetition 2 with A2 PSO, budget 50, run_from_scratch=True
Evaluations: 880
Running function 6 instance 7 repetition 3 with A2 PSO, budget 50, run_from_scratch=True
Evaluations: 880
Running function 6 instance 7 repetition 4 with A2 PSO, budget 50, run_from_scratch=True
Evaluations: 880
Running function 6 instance 7 repetition 5 with A2 PSO, budget 50, run_from_scratch=True
Evaluations: 880
Running function 6 instance 7 repetition 6 with A2 PSO, budget 50, run_from_scratch=True
Evaluations: 880
Running function 6 instance 7 repetition 7 with A2 PSO, budget 50, run_from_scratch=True
Evaluations: 880
Running function 6 instance 7 repetition 8 with A2 PSO, budget 50, run_from_scratch=True
Evaluations: 880
Running function 6 instance 7 repetition 9 with A2 PSO, budget 50, run_from_scratch=True
Evaluations: 880
Running function 6 instance 7 repetition 10 with A2 PSO, budget 50, run_from_scratch=True
Evaluations: 880
Running function 6 instance 7 repetition 11 with A2 PSO, budget 50, run_from_scratch=True
Evaluations: 880
Running function 6 instance 7 repetition 12 with A2 PSO, budget 50, run_from_scratch=True
Evaluations: 880
Running function 6 instance 7 repetition 13 with A2 PSO, budget 50, run_from_scratch=True
Evaluations: 880
Running function 6 instance 7 repetition 14 with A2 PSO, budget 50, run_from_scratch=True
Evaluations: 880
Running function 6 instance 7 repetition 15 with A2 PSO, budget 50, run_from_scratch=True
Evaluations: 880
Running function 6 instance 7 repetition 16 with A2 PSO, budget 50, run_from_scratch=True
Evaluations: 880
Running function 6 instance 7 repetition 17 with A2 PSO, budget 50, run_from_scratch=True
Evaluations: 880
Running function 6 instance 7 repetition 18 with A2 PSO, budget 50, run_from_scratch=True
Evaluations: 880
Running function 6 instance 7 repetition 19 with A2 PSO, budget 50, run_from_scratch=True
Evaluations: 880
Running function 7 instance 6 repetition 0 with A2 PSO, budget 50, run_from_scratch=True
Evaluations: 880
Running function 7 instance 6 repetition 1 with A2 PSO, budget 50, run_from_scratch=True
Evaluations: 880
Running function 7 instance 6 repetition 2 with A2 PSO, budget 50, run_from_scratch=True
Evaluations: 880
Running function 7 instance 6 repetition 3 with A2 PSO, budget 50, run_from_scratch=True
Evaluations: 880
Running function 7 instance 6 repetition 4 with A2 PSO, budget 50, run_from_scratch=True
Evaluations: 880
Running function 7 instance 6 repetition 5 with A2 PSO, budget 50, run_from_scratch=True
Evaluations: 880
Running function 7 instance 6 repetition 6 with A2 PSO, budget 50, run_from_scratch=True
Evaluations: 880
Running function 7 instance 6 repetition 7 with A2 PSO, budget 50, run_from_scratch=True
Evaluations: 880
Running function 7 instance 6 repetition 8 with A2 PSO, budget 50, run_from_scratch=True
Evaluations: 880
Running function 7 instance 6 repetition 9 with A2 PSO, budget 50, run_from_scratch=True
Evaluations: 880
Running function 7 instance 6 repetition 10 with A2 PSO, budget 50, run_from_scratch=True
Evaluations: 880
Running function 7 instance 6 repetition 11 with A2 PSO, budget 50, run_from_scratch=True
Evaluations: 880
Running function 7 instance 6 repetition 12 with A2 PSO, budget 50, run_from_scratch=True
Evaluations: 880
Running function 7 instance 6 repetition 13 with A2 PSO, budget 50, run_from_scratch=True
Evaluations: 880
Running function 7 instance 6 repetition 14 with A2 PSO, budget 50, run_from_scratch=True
Evaluations: 880
Running function 7 instance 6 repetition 15 with A2 PSO, budget 50, run_from_scratch=True
Evaluations: 880
Running function 7 instance 6 repetition 16 with A2 PSO, budget 50, run_from_scratch=True
Evaluations: 880
Running function 7 instance 6 repetition 17 with A2 PSO, budget 50, run_from_scratch=True
Evaluations: 880
Running function 7 instance 6 repetition 18 with A2 PSO, budget 50, run_from_scratch=True
Evaluations: 880
Running function 7 instance 6 repetition 19 with A2 PSO, budget 50, run_from_scratch=True
Evaluations: 880
Running function 7 instance 7 repetition 0 with A2 PSO, budget 50, run_from_scratch=True
Evaluations: 880
Running function 7 instance 7 repetition 1 with A2 PSO, budget 50, run_from_scratch=True
Evaluations: 880
Running function 7 instance 7 repetition 2 with A2 PSO, budget 50, run_from_scratch=True
Evaluations: 880
Running function 7 instance 7 repetition 3 with A2 PSO, budget 50, run_from_scratch=True
Evaluations: 880
Running function 7 instance 7 repetition 4 with A2 PSO, budget 50, run_from_scratch=True
Evaluations: 880
Running function 7 instance 7 repetition 5 with A2 PSO, budget 50, run_from_scratch=True
Evaluations: 880
Running function 7 instance 7 repetition 6 with A2 PSO, budget 50, run_from_scratch=True
Evaluations: 880
Running function 7 instance 7 repetition 7 with A2 PSO, budget 50, run_from_scratch=True
Evaluations: 880
Running function 7 instance 7 repetition 8 with A2 PSO, budget 50, run_from_scratch=True
Evaluations: 880
Running function 7 instance 7 repetition 9 with A2 PSO, budget 50, run_from_scratch=True
Evaluations: 880
Running function 7 instance 7 repetition 10 with A2 PSO, budget 50, run_from_scratch=True
Evaluations: 880
Running function 7 instance 7 repetition 11 with A2 PSO, budget 50, run_from_scratch=True
Evaluations: 880
Running function 7 instance 7 repetition 12 with A2 PSO, budget 50, run_from_scratch=True
Evaluations: 880
Running function 7 instance 7 repetition 13 with A2 PSO, budget 50, run_from_scratch=True
Evaluations: 880
Running function 7 instance 7 repetition 14 with A2 PSO, budget 50, run_from_scratch=True
Evaluations: 880
Running function 7 instance 7 repetition 15 with A2 PSO, budget 50, run_from_scratch=True
Evaluations: 880
Running function 7 instance 7 repetition 16 with A2 PSO, budget 50, run_from_scratch=True
Evaluations: 880
Running function 7 instance 7 repetition 17 with A2 PSO, budget 50, run_from_scratch=True
Evaluations: 880
Running function 7 instance 7 repetition 18 with A2 PSO, budget 50, run_from_scratch=True
Evaluations: 880
Running function 7 instance 7 repetition 19 with A2 PSO, budget 50, run_from_scratch=True
Evaluations: 880
Running function 8 instance 6 repetition 0 with A2 PSO, budget 50, run_from_scratch=True
Evaluations: 880
Running function 8 instance 6 repetition 1 with A2 PSO, budget 50, run_from_scratch=True
Evaluations: 880
Running function 8 instance 6 repetition 2 with A2 PSO, budget 50, run_from_scratch=True
Evaluations: 880
Running function 8 instance 6 repetition 3 with A2 PSO, budget 50, run_from_scratch=True
Evaluations: 880
Running function 8 instance 6 repetition 4 with A2 PSO, budget 50, run_from_scratch=True
Evaluations: 880
Running function 8 instance 6 repetition 5 with A2 PSO, budget 50, run_from_scratch=True
Evaluations: 880
Running function 8 instance 6 repetition 6 with A2 PSO, budget 50, run_from_scratch=True
Evaluations: 880
Running function 8 instance 6 repetition 7 with A2 PSO, budget 50, run_from_scratch=True
Evaluations: 880
Running function 8 instance 6 repetition 8 with A2 PSO, budget 50, run_from_scratch=True
Evaluations: 880
Running function 8 instance 6 repetition 9 with A2 PSO, budget 50, run_from_scratch=True
Evaluations: 880
Running function 8 instance 6 repetition 10 with A2 PSO, budget 50, run_from_scratch=True
Evaluations: 880
Running function 8 instance 6 repetition 11 with A2 PSO, budget 50, run_from_scratch=True
Evaluations: 880
Running function 8 instance 6 repetition 12 with A2 PSO, budget 50, run_from_scratch=True
Evaluations: 880
Running function 8 instance 6 repetition 13 with A2 PSO, budget 50, run_from_scratch=True
Evaluations: 880
Running function 8 instance 6 repetition 14 with A2 PSO, budget 50, run_from_scratch=True
Evaluations: 880
Running function 8 instance 6 repetition 15 with A2 PSO, budget 50, run_from_scratch=True
Evaluations: 880
Running function 8 instance 6 repetition 16 with A2 PSO, budget 50, run_from_scratch=True
Evaluations: 880
Running function 8 instance 6 repetition 17 with A2 PSO, budget 50, run_from_scratch=True
Evaluations: 880
Running function 8 instance 6 repetition 18 with A2 PSO, budget 50, run_from_scratch=True
Evaluations: 880
Running function 8 instance 6 repetition 19 with A2 PSO, budget 50, run_from_scratch=True
Evaluations: 880
Running function 8 instance 7 repetition 0 with A2 PSO, budget 50, run_from_scratch=True
Evaluations: 880
Running function 8 instance 7 repetition 1 with A2 PSO, budget 50, run_from_scratch=True
Evaluations: 880
Running function 8 instance 7 repetition 2 with A2 PSO, budget 50, run_from_scratch=True
Evaluations: 880
Running function 8 instance 7 repetition 3 with A2 PSO, budget 50, run_from_scratch=True
Evaluations: 880
Running function 8 instance 7 repetition 4 with A2 PSO, budget 50, run_from_scratch=True
Evaluations: 880
Running function 8 instance 7 repetition 5 with A2 PSO, budget 50, run_from_scratch=True
Evaluations: 880
Running function 8 instance 7 repetition 6 with A2 PSO, budget 50, run_from_scratch=True
Evaluations: 880
Running function 8 instance 7 repetition 7 with A2 PSO, budget 50, run_from_scratch=True
Evaluations: 880
Running function 8 instance 7 repetition 8 with A2 PSO, budget 50, run_from_scratch=True
Evaluations: 880
Running function 8 instance 7 repetition 9 with A2 PSO, budget 50, run_from_scratch=True
Evaluations: 880
Running function 8 instance 7 repetition 10 with A2 PSO, budget 50, run_from_scratch=True
Evaluations: 880
Running function 8 instance 7 repetition 11 with A2 PSO, budget 50, run_from_scratch=True
Evaluations: 880
Running function 8 instance 7 repetition 12 with A2 PSO, budget 50, run_from_scratch=True
Evaluations: 880
Running function 8 instance 7 repetition 13 with A2 PSO, budget 50, run_from_scratch=True
Evaluations: 880
Running function 8 instance 7 repetition 14 with A2 PSO, budget 50, run_from_scratch=True
Evaluations: 880
Running function 8 instance 7 repetition 15 with A2 PSO, budget 50, run_from_scratch=True
Evaluations: 880
Running function 8 instance 7 repetition 16 with A2 PSO, budget 50, run_from_scratch=True
Evaluations: 880
Running function 8 instance 7 repetition 17 with A2 PSO, budget 50, run_from_scratch=True
Evaluations: 880
Running function 8 instance 7 repetition 18 with A2 PSO, budget 50, run_from_scratch=True
Evaluations: 880
Running function 8 instance 7 repetition 19 with A2 PSO, budget 50, run_from_scratch=True
Evaluations: 880
Running function 9 instance 6 repetition 0 with A2 PSO, budget 50, run_from_scratch=True
Evaluations: 880
Running function 9 instance 6 repetition 1 with A2 PSO, budget 50, run_from_scratch=True
Evaluations: 880
Running function 9 instance 6 repetition 2 with A2 PSO, budget 50, run_from_scratch=True
Evaluations: 880
Running function 9 instance 6 repetition 3 with A2 PSO, budget 50, run_from_scratch=True
Evaluations: 880
Running function 9 instance 6 repetition 4 with A2 PSO, budget 50, run_from_scratch=True
Evaluations: 880
Running function 9 instance 6 repetition 5 with A2 PSO, budget 50, run_from_scratch=True
Evaluations: 880
Running function 9 instance 6 repetition 6 with A2 PSO, budget 50, run_from_scratch=True
Evaluations: 880
Running function 9 instance 6 repetition 7 with A2 PSO, budget 50, run_from_scratch=True
Evaluations: 880
Running function 9 instance 6 repetition 8 with A2 PSO, budget 50, run_from_scratch=True
Evaluations: 880
Running function 9 instance 6 repetition 9 with A2 PSO, budget 50, run_from_scratch=True
Evaluations: 880
Running function 9 instance 6 repetition 10 with A2 PSO, budget 50, run_from_scratch=True
Evaluations: 880
Running function 9 instance 6 repetition 11 with A2 PSO, budget 50, run_from_scratch=True
Evaluations: 880
Running function 9 instance 6 repetition 12 with A2 PSO, budget 50, run_from_scratch=True
Evaluations: 880
Running function 9 instance 6 repetition 13 with A2 PSO, budget 50, run_from_scratch=True
Evaluations: 880
Running function 9 instance 6 repetition 14 with A2 PSO, budget 50, run_from_scratch=True
Evaluations: 880
Running function 9 instance 6 repetition 15 with A2 PSO, budget 50, run_from_scratch=True
Evaluations: 880
Running function 9 instance 6 repetition 16 with A2 PSO, budget 50, run_from_scratch=True
Evaluations: 880
Running function 9 instance 6 repetition 17 with A2 PSO, budget 50, run_from_scratch=True
Evaluations: 880
Running function 9 instance 6 repetition 18 with A2 PSO, budget 50, run_from_scratch=True
Evaluations: 880
Running function 9 instance 6 repetition 19 with A2 PSO, budget 50, run_from_scratch=True
Evaluations: 880
Running function 9 instance 7 repetition 0 with A2 PSO, budget 50, run_from_scratch=True
Evaluations: 880
Running function 9 instance 7 repetition 1 with A2 PSO, budget 50, run_from_scratch=True
Evaluations: 880
Running function 9 instance 7 repetition 2 with A2 PSO, budget 50, run_from_scratch=True
Evaluations: 880
Running function 9 instance 7 repetition 3 with A2 PSO, budget 50, run_from_scratch=True
Evaluations: 880
Running function 9 instance 7 repetition 4 with A2 PSO, budget 50, run_from_scratch=True
Evaluations: 880
Running function 9 instance 7 repetition 5 with A2 PSO, budget 50, run_from_scratch=True
Evaluations: 880
Running function 9 instance 7 repetition 6 with A2 PSO, budget 50, run_from_scratch=True
Evaluations: 880
Running function 9 instance 7 repetition 7 with A2 PSO, budget 50, run_from_scratch=True
Evaluations: 880
Running function 9 instance 7 repetition 8 with A2 PSO, budget 50, run_from_scratch=True
Evaluations: 880
Running function 9 instance 7 repetition 9 with A2 PSO, budget 50, run_from_scratch=True
Evaluations: 880
Running function 9 instance 7 repetition 10 with A2 PSO, budget 50, run_from_scratch=True
Evaluations: 880
Running function 9 instance 7 repetition 11 with A2 PSO, budget 50, run_from_scratch=True
Evaluations: 880
Running function 9 instance 7 repetition 12 with A2 PSO, budget 50, run_from_scratch=True
Evaluations: 880
Running function 9 instance 7 repetition 13 with A2 PSO, budget 50, run_from_scratch=True
Evaluations: 880
Running function 9 instance 7 repetition 14 with A2 PSO, budget 50, run_from_scratch=True
Evaluations: 880
Running function 9 instance 7 repetition 15 with A2 PSO, budget 50, run_from_scratch=True
Evaluations: 880
Running function 9 instance 7 repetition 16 with A2 PSO, budget 50, run_from_scratch=True
Evaluations: 880
Running function 9 instance 7 repetition 17 with A2 PSO, budget 50, run_from_scratch=True
Evaluations: 880
Running function 9 instance 7 repetition 18 with A2 PSO, budget 50, run_from_scratch=True
Evaluations: 880
Running function 9 instance 7 repetition 19 with A2 PSO, budget 50, run_from_scratch=True
Evaluations: 880
Running function 10 instance 6 repetition 0 with A2 PSO, budget 50, run_from_scratch=True
Evaluations: 880
Running function 10 instance 6 repetition 1 with A2 PSO, budget 50, run_from_scratch=True
Evaluations: 880
Running function 10 instance 6 repetition 2 with A2 PSO, budget 50, run_from_scratch=True
Evaluations: 880
Running function 10 instance 6 repetition 3 with A2 PSO, budget 50, run_from_scratch=True
Evaluations: 880
Running function 10 instance 6 repetition 4 with A2 PSO, budget 50, run_from_scratch=True
Evaluations: 880
Running function 10 instance 6 repetition 5 with A2 PSO, budget 50, run_from_scratch=True
Evaluations: 880
Running function 10 instance 6 repetition 6 with A2 PSO, budget 50, run_from_scratch=True
Evaluations: 880
Running function 10 instance 6 repetition 7 with A2 PSO, budget 50, run_from_scratch=True
Evaluations: 880
Running function 10 instance 6 repetition 8 with A2 PSO, budget 50, run_from_scratch=True
Evaluations: 880
Running function 10 instance 6 repetition 9 with A2 PSO, budget 50, run_from_scratch=True
Evaluations: 880
Running function 10 instance 6 repetition 10 with A2 PSO, budget 50, run_from_scratch=True
Evaluations: 880
Running function 10 instance 6 repetition 11 with A2 PSO, budget 50, run_from_scratch=True
Evaluations: 880
Running function 10 instance 6 repetition 12 with A2 PSO, budget 50, run_from_scratch=True
Evaluations: 880
Running function 10 instance 6 repetition 13 with A2 PSO, budget 50, run_from_scratch=True
Evaluations: 880
Running function 10 instance 6 repetition 14 with A2 PSO, budget 50, run_from_scratch=True
Evaluations: 880
Running function 10 instance 6 repetition 15 with A2 PSO, budget 50, run_from_scratch=True
Evaluations: 880
Running function 10 instance 6 repetition 16 with A2 PSO, budget 50, run_from_scratch=True
Evaluations: 880
Running function 10 instance 6 repetition 17 with A2 PSO, budget 50, run_from_scratch=True
Evaluations: 880
Running function 10 instance 6 repetition 18 with A2 PSO, budget 50, run_from_scratch=True
Evaluations: 880
Running function 10 instance 6 repetition 19 with A2 PSO, budget 50, run_from_scratch=True
Evaluations: 880
Running function 10 instance 7 repetition 0 with A2 PSO, budget 50, run_from_scratch=True
Evaluations: 880
Running function 10 instance 7 repetition 1 with A2 PSO, budget 50, run_from_scratch=True
Evaluations: 880
Running function 10 instance 7 repetition 2 with A2 PSO, budget 50, run_from_scratch=True
Evaluations: 880
Running function 10 instance 7 repetition 3 with A2 PSO, budget 50, run_from_scratch=True
Evaluations: 880
Running function 10 instance 7 repetition 4 with A2 PSO, budget 50, run_from_scratch=True
Evaluations: 880
Running function 10 instance 7 repetition 5 with A2 PSO, budget 50, run_from_scratch=True
Evaluations: 880
Running function 10 instance 7 repetition 6 with A2 PSO, budget 50, run_from_scratch=True
Evaluations: 880
Running function 10 instance 7 repetition 7 with A2 PSO, budget 50, run_from_scratch=True
Evaluations: 880
Running function 10 instance 7 repetition 8 with A2 PSO, budget 50, run_from_scratch=True
Evaluations: 880
Running function 10 instance 7 repetition 9 with A2 PSO, budget 50, run_from_scratch=True
Evaluations: 880
Running function 10 instance 7 repetition 10 with A2 PSO, budget 50, run_from_scratch=True
Evaluations: 880
Running function 10 instance 7 repetition 11 with A2 PSO, budget 50, run_from_scratch=True
Evaluations: 880
Running function 10 instance 7 repetition 12 with A2 PSO, budget 50, run_from_scratch=True
Evaluations: 880
Running function 10 instance 7 repetition 13 with A2 PSO, budget 50, run_from_scratch=True
Evaluations: 880
Running function 10 instance 7 repetition 14 with A2 PSO, budget 50, run_from_scratch=True
Evaluations: 880
Running function 10 instance 7 repetition 15 with A2 PSO, budget 50, run_from_scratch=True
Evaluations: 880
Running function 10 instance 7 repetition 16 with A2 PSO, budget 50, run_from_scratch=True
Evaluations: 880
Running function 10 instance 7 repetition 17 with A2 PSO, budget 50, run_from_scratch=True
Evaluations: 880
Running function 10 instance 7 repetition 18 with A2 PSO, budget 50, run_from_scratch=True
Evaluations: 880
Running function 10 instance 7 repetition 19 with A2 PSO, budget 50, run_from_scratch=True
Evaluations: 880
Running function 11 instance 6 repetition 0 with A2 PSO, budget 50, run_from_scratch=True
Evaluations: 880
Running function 11 instance 6 repetition 1 with A2 PSO, budget 50, run_from_scratch=True
Evaluations: 880
Running function 11 instance 6 repetition 2 with A2 PSO, budget 50, run_from_scratch=True
Evaluations: 880
Running function 11 instance 6 repetition 3 with A2 PSO, budget 50, run_from_scratch=True
Evaluations: 880
Running function 11 instance 6 repetition 4 with A2 PSO, budget 50, run_from_scratch=True
Evaluations: 880
Running function 11 instance 6 repetition 5 with A2 PSO, budget 50, run_from_scratch=True
Evaluations: 880
Running function 11 instance 6 repetition 6 with A2 PSO, budget 50, run_from_scratch=True
Evaluations: 880
Running function 11 instance 6 repetition 7 with A2 PSO, budget 50, run_from_scratch=True
Evaluations: 880
Running function 11 instance 6 repetition 8 with A2 PSO, budget 50, run_from_scratch=True
Evaluations: 880
Running function 11 instance 6 repetition 9 with A2 PSO, budget 50, run_from_scratch=True
Evaluations: 880
Running function 11 instance 6 repetition 10 with A2 PSO, budget 50, run_from_scratch=True
Evaluations: 880
Running function 11 instance 6 repetition 11 with A2 PSO, budget 50, run_from_scratch=True
Evaluations: 880
Running function 11 instance 6 repetition 12 with A2 PSO, budget 50, run_from_scratch=True
Evaluations: 880
Running function 11 instance 6 repetition 13 with A2 PSO, budget 50, run_from_scratch=True
Evaluations: 880
Running function 11 instance 6 repetition 14 with A2 PSO, budget 50, run_from_scratch=True
Evaluations: 880
Running function 11 instance 6 repetition 15 with A2 PSO, budget 50, run_from_scratch=True
Evaluations: 880
Running function 11 instance 6 repetition 16 with A2 PSO, budget 50, run_from_scratch=True
Evaluations: 880
Running function 11 instance 6 repetition 17 with A2 PSO, budget 50, run_from_scratch=True
Evaluations: 880
Running function 11 instance 6 repetition 18 with A2 PSO, budget 50, run_from_scratch=True
Evaluations: 880
Running function 11 instance 6 repetition 19 with A2 PSO, budget 50, run_from_scratch=True
Evaluations: 880
Running function 11 instance 7 repetition 0 with A2 PSO, budget 50, run_from_scratch=True
Evaluations: 880
Running function 11 instance 7 repetition 1 with A2 PSO, budget 50, run_from_scratch=True
Evaluations: 880
Running function 11 instance 7 repetition 2 with A2 PSO, budget 50, run_from_scratch=True
Evaluations: 880
Running function 11 instance 7 repetition 3 with A2 PSO, budget 50, run_from_scratch=True
Evaluations: 880
Running function 11 instance 7 repetition 4 with A2 PSO, budget 50, run_from_scratch=True
Evaluations: 880
Running function 11 instance 7 repetition 5 with A2 PSO, budget 50, run_from_scratch=True
Evaluations: 880
Running function 11 instance 7 repetition 6 with A2 PSO, budget 50, run_from_scratch=True
Evaluations: 880
Running function 11 instance 7 repetition 7 with A2 PSO, budget 50, run_from_scratch=True
Evaluations: 880
Running function 11 instance 7 repetition 8 with A2 PSO, budget 50, run_from_scratch=True
Evaluations: 880
Running function 11 instance 7 repetition 9 with A2 PSO, budget 50, run_from_scratch=True
Evaluations: 880
Running function 11 instance 7 repetition 10 with A2 PSO, budget 50, run_from_scratch=True
Evaluations: 880
Running function 11 instance 7 repetition 11 with A2 PSO, budget 50, run_from_scratch=True
Evaluations: 880
Running function 11 instance 7 repetition 12 with A2 PSO, budget 50, run_from_scratch=True
Evaluations: 880
Running function 11 instance 7 repetition 13 with A2 PSO, budget 50, run_from_scratch=True
Evaluations: 880
Running function 11 instance 7 repetition 14 with A2 PSO, budget 50, run_from_scratch=True
Evaluations: 880
Running function 11 instance 7 repetition 15 with A2 PSO, budget 50, run_from_scratch=True
Evaluations: 880
Running function 11 instance 7 repetition 16 with A2 PSO, budget 50, run_from_scratch=True
Evaluations: 880
Running function 11 instance 7 repetition 17 with A2 PSO, budget 50, run_from_scratch=True
Evaluations: 880
Running function 11 instance 7 repetition 18 with A2 PSO, budget 50, run_from_scratch=True
Evaluations: 880
Running function 11 instance 7 repetition 19 with A2 PSO, budget 50, run_from_scratch=True
Evaluations: 880
Running function 12 instance 6 repetition 0 with A2 PSO, budget 50, run_from_scratch=True
Evaluations: 880
Running function 12 instance 6 repetition 1 with A2 PSO, budget 50, run_from_scratch=True
Evaluations: 880
Running function 12 instance 6 repetition 2 with A2 PSO, budget 50, run_from_scratch=True
Evaluations: 880
Running function 12 instance 6 repetition 3 with A2 PSO, budget 50, run_from_scratch=True
Evaluations: 880
Running function 12 instance 6 repetition 4 with A2 PSO, budget 50, run_from_scratch=True
Evaluations: 880
Running function 12 instance 6 repetition 5 with A2 PSO, budget 50, run_from_scratch=True
Evaluations: 880
Running function 12 instance 6 repetition 6 with A2 PSO, budget 50, run_from_scratch=True
Evaluations: 880
Running function 12 instance 6 repetition 7 with A2 PSO, budget 50, run_from_scratch=True
Evaluations: 880
Running function 12 instance 6 repetition 8 with A2 PSO, budget 50, run_from_scratch=True
Evaluations: 880
Running function 12 instance 6 repetition 9 with A2 PSO, budget 50, run_from_scratch=True
Evaluations: 880
Running function 12 instance 6 repetition 10 with A2 PSO, budget 50, run_from_scratch=True
Evaluations: 880
Running function 12 instance 6 repetition 11 with A2 PSO, budget 50, run_from_scratch=True
Evaluations: 880
Running function 12 instance 6 repetition 12 with A2 PSO, budget 50, run_from_scratch=True
Evaluations: 880
Running function 12 instance 6 repetition 13 with A2 PSO, budget 50, run_from_scratch=True
Evaluations: 880
Running function 12 instance 6 repetition 14 with A2 PSO, budget 50, run_from_scratch=True
Evaluations: 880
Running function 12 instance 6 repetition 15 with A2 PSO, budget 50, run_from_scratch=True
Evaluations: 880
Running function 12 instance 6 repetition 16 with A2 PSO, budget 50, run_from_scratch=True
Evaluations: 880
Running function 12 instance 6 repetition 17 with A2 PSO, budget 50, run_from_scratch=True
Evaluations: 880
Running function 12 instance 6 repetition 18 with A2 PSO, budget 50, run_from_scratch=True
Evaluations: 880
Running function 12 instance 6 repetition 19 with A2 PSO, budget 50, run_from_scratch=True
Evaluations: 880
Running function 12 instance 7 repetition 0 with A2 PSO, budget 50, run_from_scratch=True
Evaluations: 880
Running function 12 instance 7 repetition 1 with A2 PSO, budget 50, run_from_scratch=True
Evaluations: 880
Running function 12 instance 7 repetition 2 with A2 PSO, budget 50, run_from_scratch=True
Evaluations: 880
Running function 12 instance 7 repetition 3 with A2 PSO, budget 50, run_from_scratch=True
Evaluations: 880
Running function 12 instance 7 repetition 4 with A2 PSO, budget 50, run_from_scratch=True
Evaluations: 880
Running function 12 instance 7 repetition 5 with A2 PSO, budget 50, run_from_scratch=True
Evaluations: 880
Running function 12 instance 7 repetition 6 with A2 PSO, budget 50, run_from_scratch=True
Evaluations: 880
Running function 12 instance 7 repetition 7 with A2 PSO, budget 50, run_from_scratch=True
Evaluations: 880
Running function 12 instance 7 repetition 8 with A2 PSO, budget 50, run_from_scratch=True
Evaluations: 880
Running function 12 instance 7 repetition 9 with A2 PSO, budget 50, run_from_scratch=True
Evaluations: 880
Running function 12 instance 7 repetition 10 with A2 PSO, budget 50, run_from_scratch=True
Evaluations: 880
Running function 12 instance 7 repetition 11 with A2 PSO, budget 50, run_from_scratch=True
Evaluations: 880
Running function 12 instance 7 repetition 12 with A2 PSO, budget 50, run_from_scratch=True
Evaluations: 880
Running function 12 instance 7 repetition 13 with A2 PSO, budget 50, run_from_scratch=True
Evaluations: 880
Running function 12 instance 7 repetition 14 with A2 PSO, budget 50, run_from_scratch=True
Evaluations: 880
Running function 12 instance 7 repetition 15 with A2 PSO, budget 50, run_from_scratch=True
Evaluations: 880
Running function 12 instance 7 repetition 16 with A2 PSO, budget 50, run_from_scratch=True
Evaluations: 880
Running function 12 instance 7 repetition 17 with A2 PSO, budget 50, run_from_scratch=True
Evaluations: 880
Running function 12 instance 7 repetition 18 with A2 PSO, budget 50, run_from_scratch=True
Evaluations: 880
Running function 12 instance 7 repetition 19 with A2 PSO, budget 50, run_from_scratch=True
Evaluations: 880
Running function 13 instance 6 repetition 0 with A2 PSO, budget 50, run_from_scratch=True
Evaluations: 880
Running function 13 instance 6 repetition 1 with A2 PSO, budget 50, run_from_scratch=True
Evaluations: 880
Running function 13 instance 6 repetition 2 with A2 PSO, budget 50, run_from_scratch=True
Evaluations: 880
Running function 13 instance 6 repetition 3 with A2 PSO, budget 50, run_from_scratch=True
Evaluations: 880
Running function 13 instance 6 repetition 4 with A2 PSO, budget 50, run_from_scratch=True
Evaluations: 880
Running function 13 instance 6 repetition 5 with A2 PSO, budget 50, run_from_scratch=True
Evaluations: 880
Running function 13 instance 6 repetition 6 with A2 PSO, budget 50, run_from_scratch=True
Evaluations: 880
Running function 13 instance 6 repetition 7 with A2 PSO, budget 50, run_from_scratch=True
Evaluations: 880
Running function 13 instance 6 repetition 8 with A2 PSO, budget 50, run_from_scratch=True
Evaluations: 880
Running function 13 instance 6 repetition 9 with A2 PSO, budget 50, run_from_scratch=True
Evaluations: 880
Running function 13 instance 6 repetition 10 with A2 PSO, budget 50, run_from_scratch=True
Evaluations: 880
Running function 13 instance 6 repetition 11 with A2 PSO, budget 50, run_from_scratch=True
Evaluations: 880
Running function 13 instance 6 repetition 12 with A2 PSO, budget 50, run_from_scratch=True
Evaluations: 880
Running function 13 instance 6 repetition 13 with A2 PSO, budget 50, run_from_scratch=True
Evaluations: 880
Running function 13 instance 6 repetition 14 with A2 PSO, budget 50, run_from_scratch=True
Evaluations: 880
Running function 13 instance 6 repetition 15 with A2 PSO, budget 50, run_from_scratch=True
Evaluations: 880
Running function 13 instance 6 repetition 16 with A2 PSO, budget 50, run_from_scratch=True
Evaluations: 880
Running function 13 instance 6 repetition 17 with A2 PSO, budget 50, run_from_scratch=True
Evaluations: 880
Running function 13 instance 6 repetition 18 with A2 PSO, budget 50, run_from_scratch=True
Evaluations: 880
Running function 13 instance 6 repetition 19 with A2 PSO, budget 50, run_from_scratch=True
Evaluations: 880
Running function 13 instance 7 repetition 0 with A2 PSO, budget 50, run_from_scratch=True
Evaluations: 880
Running function 13 instance 7 repetition 1 with A2 PSO, budget 50, run_from_scratch=True
Evaluations: 880
Running function 13 instance 7 repetition 2 with A2 PSO, budget 50, run_from_scratch=True
Evaluations: 880
Running function 13 instance 7 repetition 3 with A2 PSO, budget 50, run_from_scratch=True
Evaluations: 880
Running function 13 instance 7 repetition 4 with A2 PSO, budget 50, run_from_scratch=True
Evaluations: 880
Running function 13 instance 7 repetition 5 with A2 PSO, budget 50, run_from_scratch=True
Evaluations: 880
Running function 13 instance 7 repetition 6 with A2 PSO, budget 50, run_from_scratch=True
Evaluations: 880
Running function 13 instance 7 repetition 7 with A2 PSO, budget 50, run_from_scratch=True
Evaluations: 880
Running function 13 instance 7 repetition 8 with A2 PSO, budget 50, run_from_scratch=True
Evaluations: 880
Running function 13 instance 7 repetition 9 with A2 PSO, budget 50, run_from_scratch=True
Evaluations: 880
Running function 13 instance 7 repetition 10 with A2 PSO, budget 50, run_from_scratch=True
Evaluations: 880
Running function 13 instance 7 repetition 11 with A2 PSO, budget 50, run_from_scratch=True
Evaluations: 880
Running function 13 instance 7 repetition 12 with A2 PSO, budget 50, run_from_scratch=True
Evaluations: 880
Running function 13 instance 7 repetition 13 with A2 PSO, budget 50, run_from_scratch=True
Evaluations: 880
Running function 13 instance 7 repetition 14 with A2 PSO, budget 50, run_from_scratch=True
Evaluations: 880
Running function 13 instance 7 repetition 15 with A2 PSO, budget 50, run_from_scratch=True
Evaluations: 880
Running function 13 instance 7 repetition 16 with A2 PSO, budget 50, run_from_scratch=True
Evaluations: 880
Running function 13 instance 7 repetition 17 with A2 PSO, budget 50, run_from_scratch=True
Evaluations: 880
Running function 13 instance 7 repetition 18 with A2 PSO, budget 50, run_from_scratch=True
Evaluations: 880
Running function 13 instance 7 repetition 19 with A2 PSO, budget 50, run_from_scratch=True
Evaluations: 880
Running function 14 instance 6 repetition 0 with A2 PSO, budget 50, run_from_scratch=True
Evaluations: 880
Running function 14 instance 6 repetition 1 with A2 PSO, budget 50, run_from_scratch=True
Evaluations: 880
Running function 14 instance 6 repetition 2 with A2 PSO, budget 50, run_from_scratch=True
Evaluations: 880
Running function 14 instance 6 repetition 3 with A2 PSO, budget 50, run_from_scratch=True
Evaluations: 880
Running function 14 instance 6 repetition 4 with A2 PSO, budget 50, run_from_scratch=True
Evaluations: 880
Running function 14 instance 6 repetition 5 with A2 PSO, budget 50, run_from_scratch=True
Evaluations: 880
Running function 14 instance 6 repetition 6 with A2 PSO, budget 50, run_from_scratch=True
Evaluations: 880
Running function 14 instance 6 repetition 7 with A2 PSO, budget 50, run_from_scratch=True
Evaluations: 880
Running function 14 instance 6 repetition 8 with A2 PSO, budget 50, run_from_scratch=True
Evaluations: 880
Running function 14 instance 6 repetition 9 with A2 PSO, budget 50, run_from_scratch=True
Evaluations: 880
Running function 14 instance 6 repetition 10 with A2 PSO, budget 50, run_from_scratch=True
Evaluations: 880
Running function 14 instance 6 repetition 11 with A2 PSO, budget 50, run_from_scratch=True
Evaluations: 880
Running function 14 instance 6 repetition 12 with A2 PSO, budget 50, run_from_scratch=True
Evaluations: 880
Running function 14 instance 6 repetition 13 with A2 PSO, budget 50, run_from_scratch=True
Evaluations: 880
Running function 14 instance 6 repetition 14 with A2 PSO, budget 50, run_from_scratch=True
Evaluations: 880
Running function 14 instance 6 repetition 15 with A2 PSO, budget 50, run_from_scratch=True
Evaluations: 880
Running function 14 instance 6 repetition 16 with A2 PSO, budget 50, run_from_scratch=True
Evaluations: 880
Running function 14 instance 6 repetition 17 with A2 PSO, budget 50, run_from_scratch=True
Evaluations: 880
Running function 14 instance 6 repetition 18 with A2 PSO, budget 50, run_from_scratch=True
Evaluations: 880
Running function 14 instance 6 repetition 19 with A2 PSO, budget 50, run_from_scratch=True
Evaluations: 880
Running function 14 instance 7 repetition 0 with A2 PSO, budget 50, run_from_scratch=True
Evaluations: 880
Running function 14 instance 7 repetition 1 with A2 PSO, budget 50, run_from_scratch=True
Evaluations: 880
Running function 14 instance 7 repetition 2 with A2 PSO, budget 50, run_from_scratch=True
Evaluations: 880
Running function 14 instance 7 repetition 3 with A2 PSO, budget 50, run_from_scratch=True
Evaluations: 880
Running function 14 instance 7 repetition 4 with A2 PSO, budget 50, run_from_scratch=True
Evaluations: 880
Running function 14 instance 7 repetition 5 with A2 PSO, budget 50, run_from_scratch=True
Evaluations: 880
Running function 14 instance 7 repetition 6 with A2 PSO, budget 50, run_from_scratch=True
Evaluations: 880
Running function 14 instance 7 repetition 7 with A2 PSO, budget 50, run_from_scratch=True
Evaluations: 880
Running function 14 instance 7 repetition 8 with A2 PSO, budget 50, run_from_scratch=True
Evaluations: 880
Running function 14 instance 7 repetition 9 with A2 PSO, budget 50, run_from_scratch=True
Evaluations: 880
Running function 14 instance 7 repetition 10 with A2 PSO, budget 50, run_from_scratch=True
Evaluations: 880
Running function 14 instance 7 repetition 11 with A2 PSO, budget 50, run_from_scratch=True
Evaluations: 880
Running function 14 instance 7 repetition 12 with A2 PSO, budget 50, run_from_scratch=True
Evaluations: 880
Running function 14 instance 7 repetition 13 with A2 PSO, budget 50, run_from_scratch=True
Evaluations: 880
Running function 14 instance 7 repetition 14 with A2 PSO, budget 50, run_from_scratch=True
Evaluations: 880
Running function 14 instance 7 repetition 15 with A2 PSO, budget 50, run_from_scratch=True
Evaluations: 880
Running function 14 instance 7 repetition 16 with A2 PSO, budget 50, run_from_scratch=True
Evaluations: 880
Running function 14 instance 7 repetition 17 with A2 PSO, budget 50, run_from_scratch=True
Evaluations: 880
Running function 14 instance 7 repetition 18 with A2 PSO, budget 50, run_from_scratch=True
Evaluations: 880
Running function 14 instance 7 repetition 19 with A2 PSO, budget 50, run_from_scratch=True
Evaluations: 880
Running function 15 instance 6 repetition 0 with A2 PSO, budget 50, run_from_scratch=True
Evaluations: 880
Running function 15 instance 6 repetition 1 with A2 PSO, budget 50, run_from_scratch=True
Evaluations: 880
Running function 15 instance 6 repetition 2 with A2 PSO, budget 50, run_from_scratch=True
Evaluations: 880
Running function 15 instance 6 repetition 3 with A2 PSO, budget 50, run_from_scratch=True
Evaluations: 880
Running function 15 instance 6 repetition 4 with A2 PSO, budget 50, run_from_scratch=True
Evaluations: 880
Running function 15 instance 6 repetition 5 with A2 PSO, budget 50, run_from_scratch=True
Evaluations: 880
Running function 15 instance 6 repetition 6 with A2 PSO, budget 50, run_from_scratch=True
Evaluations: 880
Running function 15 instance 6 repetition 7 with A2 PSO, budget 50, run_from_scratch=True
Evaluations: 880
Running function 15 instance 6 repetition 8 with A2 PSO, budget 50, run_from_scratch=True
Evaluations: 880
Running function 15 instance 6 repetition 9 with A2 PSO, budget 50, run_from_scratch=True
Evaluations: 880
Running function 15 instance 6 repetition 10 with A2 PSO, budget 50, run_from_scratch=True
Evaluations: 880
Running function 15 instance 6 repetition 11 with A2 PSO, budget 50, run_from_scratch=True
Evaluations: 880
Running function 15 instance 6 repetition 12 with A2 PSO, budget 50, run_from_scratch=True
Evaluations: 880
Running function 15 instance 6 repetition 13 with A2 PSO, budget 50, run_from_scratch=True
Evaluations: 880
Running function 15 instance 6 repetition 14 with A2 PSO, budget 50, run_from_scratch=True
Evaluations: 880
Running function 15 instance 6 repetition 15 with A2 PSO, budget 50, run_from_scratch=True
Evaluations: 880
Running function 15 instance 6 repetition 16 with A2 PSO, budget 50, run_from_scratch=True
Evaluations: 880
Running function 15 instance 6 repetition 17 with A2 PSO, budget 50, run_from_scratch=True
Evaluations: 880
Running function 15 instance 6 repetition 18 with A2 PSO, budget 50, run_from_scratch=True
Evaluations: 880
Running function 15 instance 6 repetition 19 with A2 PSO, budget 50, run_from_scratch=True
Evaluations: 880
Running function 15 instance 7 repetition 0 with A2 PSO, budget 50, run_from_scratch=True
Evaluations: 880
Running function 15 instance 7 repetition 1 with A2 PSO, budget 50, run_from_scratch=True
Evaluations: 880
Running function 15 instance 7 repetition 2 with A2 PSO, budget 50, run_from_scratch=True
Evaluations: 880
Running function 15 instance 7 repetition 3 with A2 PSO, budget 50, run_from_scratch=True
Evaluations: 880
Running function 15 instance 7 repetition 4 with A2 PSO, budget 50, run_from_scratch=True
Evaluations: 880
Running function 15 instance 7 repetition 5 with A2 PSO, budget 50, run_from_scratch=True
Evaluations: 880
Running function 15 instance 7 repetition 6 with A2 PSO, budget 50, run_from_scratch=True
Evaluations: 880
Running function 15 instance 7 repetition 7 with A2 PSO, budget 50, run_from_scratch=True
Evaluations: 880
Running function 15 instance 7 repetition 8 with A2 PSO, budget 50, run_from_scratch=True
Evaluations: 880
Running function 15 instance 7 repetition 9 with A2 PSO, budget 50, run_from_scratch=True
Evaluations: 880
Running function 15 instance 7 repetition 10 with A2 PSO, budget 50, run_from_scratch=True
Evaluations: 880
Running function 15 instance 7 repetition 11 with A2 PSO, budget 50, run_from_scratch=True
Evaluations: 880
Running function 15 instance 7 repetition 12 with A2 PSO, budget 50, run_from_scratch=True
Evaluations: 880
Running function 15 instance 7 repetition 13 with A2 PSO, budget 50, run_from_scratch=True
Evaluations: 880
Running function 15 instance 7 repetition 14 with A2 PSO, budget 50, run_from_scratch=True
Evaluations: 880
Running function 15 instance 7 repetition 15 with A2 PSO, budget 50, run_from_scratch=True
Evaluations: 880
Running function 15 instance 7 repetition 16 with A2 PSO, budget 50, run_from_scratch=True
Evaluations: 880
Running function 15 instance 7 repetition 17 with A2 PSO, budget 50, run_from_scratch=True
Evaluations: 880
Running function 15 instance 7 repetition 18 with A2 PSO, budget 50, run_from_scratch=True
Evaluations: 880
Running function 15 instance 7 repetition 19 with A2 PSO, budget 50, run_from_scratch=True
Evaluations: 880
Running function 16 instance 6 repetition 0 with A2 PSO, budget 50, run_from_scratch=True
Evaluations: 880
Running function 16 instance 6 repetition 1 with A2 PSO, budget 50, run_from_scratch=True
Evaluations: 880
Running function 16 instance 6 repetition 2 with A2 PSO, budget 50, run_from_scratch=True
Evaluations: 880
Running function 16 instance 6 repetition 3 with A2 PSO, budget 50, run_from_scratch=True
Evaluations: 880
Running function 16 instance 6 repetition 4 with A2 PSO, budget 50, run_from_scratch=True
Evaluations: 880
Running function 16 instance 6 repetition 5 with A2 PSO, budget 50, run_from_scratch=True
Evaluations: 880
Running function 16 instance 6 repetition 6 with A2 PSO, budget 50, run_from_scratch=True
Evaluations: 880
Running function 16 instance 6 repetition 7 with A2 PSO, budget 50, run_from_scratch=True
Evaluations: 880
Running function 16 instance 6 repetition 8 with A2 PSO, budget 50, run_from_scratch=True
Evaluations: 880
Running function 16 instance 6 repetition 9 with A2 PSO, budget 50, run_from_scratch=True
Evaluations: 880
Running function 16 instance 6 repetition 10 with A2 PSO, budget 50, run_from_scratch=True
Evaluations: 880
Running function 16 instance 6 repetition 11 with A2 PSO, budget 50, run_from_scratch=True
Evaluations: 880
Running function 16 instance 6 repetition 12 with A2 PSO, budget 50, run_from_scratch=True
Evaluations: 880
Running function 16 instance 6 repetition 13 with A2 PSO, budget 50, run_from_scratch=True
Evaluations: 880
Running function 16 instance 6 repetition 14 with A2 PSO, budget 50, run_from_scratch=True
Evaluations: 880
Running function 16 instance 6 repetition 15 with A2 PSO, budget 50, run_from_scratch=True
Evaluations: 880
Running function 16 instance 6 repetition 16 with A2 PSO, budget 50, run_from_scratch=True
Evaluations: 880
Running function 16 instance 6 repetition 17 with A2 PSO, budget 50, run_from_scratch=True
Evaluations: 880
Running function 16 instance 6 repetition 18 with A2 PSO, budget 50, run_from_scratch=True
Evaluations: 880
Running function 16 instance 6 repetition 19 with A2 PSO, budget 50, run_from_scratch=True
Evaluations: 880
Running function 16 instance 7 repetition 0 with A2 PSO, budget 50, run_from_scratch=True
Evaluations: 880
Running function 16 instance 7 repetition 1 with A2 PSO, budget 50, run_from_scratch=True
Evaluations: 880
Running function 16 instance 7 repetition 2 with A2 PSO, budget 50, run_from_scratch=True
Evaluations: 880
Running function 16 instance 7 repetition 3 with A2 PSO, budget 50, run_from_scratch=True
Evaluations: 880
Running function 16 instance 7 repetition 4 with A2 PSO, budget 50, run_from_scratch=True
Evaluations: 880
Running function 16 instance 7 repetition 5 with A2 PSO, budget 50, run_from_scratch=True
Evaluations: 880
Running function 16 instance 7 repetition 6 with A2 PSO, budget 50, run_from_scratch=True
Evaluations: 880
Running function 16 instance 7 repetition 7 with A2 PSO, budget 50, run_from_scratch=True
Evaluations: 880
Running function 16 instance 7 repetition 8 with A2 PSO, budget 50, run_from_scratch=True
Evaluations: 880
Running function 16 instance 7 repetition 9 with A2 PSO, budget 50, run_from_scratch=True
Evaluations: 880
Running function 16 instance 7 repetition 10 with A2 PSO, budget 50, run_from_scratch=True
Evaluations: 880
Running function 16 instance 7 repetition 11 with A2 PSO, budget 50, run_from_scratch=True
Evaluations: 880
Running function 16 instance 7 repetition 12 with A2 PSO, budget 50, run_from_scratch=True
Evaluations: 880
Running function 16 instance 7 repetition 13 with A2 PSO, budget 50, run_from_scratch=True
Evaluations: 880
Running function 16 instance 7 repetition 14 with A2 PSO, budget 50, run_from_scratch=True
Evaluations: 880
Running function 16 instance 7 repetition 15 with A2 PSO, budget 50, run_from_scratch=True
Evaluations: 880
Running function 16 instance 7 repetition 16 with A2 PSO, budget 50, run_from_scratch=True
Evaluations: 880
Running function 16 instance 7 repetition 17 with A2 PSO, budget 50, run_from_scratch=True
Evaluations: 880
Running function 16 instance 7 repetition 18 with A2 PSO, budget 50, run_from_scratch=True
Evaluations: 880
Running function 16 instance 7 repetition 19 with A2 PSO, budget 50, run_from_scratch=True
Evaluations: 880
Running function 17 instance 6 repetition 0 with A2 PSO, budget 50, run_from_scratch=True
Evaluations: 880
Running function 17 instance 6 repetition 1 with A2 PSO, budget 50, run_from_scratch=True
Evaluations: 880
Running function 17 instance 6 repetition 2 with A2 PSO, budget 50, run_from_scratch=True
Evaluations: 880
Running function 17 instance 6 repetition 3 with A2 PSO, budget 50, run_from_scratch=True
Evaluations: 880
Running function 17 instance 6 repetition 4 with A2 PSO, budget 50, run_from_scratch=True
Evaluations: 880
Running function 17 instance 6 repetition 5 with A2 PSO, budget 50, run_from_scratch=True
Evaluations: 880
Running function 17 instance 6 repetition 6 with A2 PSO, budget 50, run_from_scratch=True
Evaluations: 880
Running function 17 instance 6 repetition 7 with A2 PSO, budget 50, run_from_scratch=True
Evaluations: 880
Running function 17 instance 6 repetition 8 with A2 PSO, budget 50, run_from_scratch=True
Evaluations: 880
Running function 17 instance 6 repetition 9 with A2 PSO, budget 50, run_from_scratch=True
Evaluations: 880
Running function 17 instance 6 repetition 10 with A2 PSO, budget 50, run_from_scratch=True
Evaluations: 880
Running function 17 instance 6 repetition 11 with A2 PSO, budget 50, run_from_scratch=True
Evaluations: 880
Running function 17 instance 6 repetition 12 with A2 PSO, budget 50, run_from_scratch=True
Evaluations: 880
Running function 17 instance 6 repetition 13 with A2 PSO, budget 50, run_from_scratch=True
Evaluations: 880
Running function 17 instance 6 repetition 14 with A2 PSO, budget 50, run_from_scratch=True
Evaluations: 880
Running function 17 instance 6 repetition 15 with A2 PSO, budget 50, run_from_scratch=True
Evaluations: 880
Running function 17 instance 6 repetition 16 with A2 PSO, budget 50, run_from_scratch=True
Evaluations: 880
Running function 17 instance 6 repetition 17 with A2 PSO, budget 50, run_from_scratch=True
Evaluations: 880
Running function 17 instance 6 repetition 18 with A2 PSO, budget 50, run_from_scratch=True
Evaluations: 880
Running function 17 instance 6 repetition 19 with A2 PSO, budget 50, run_from_scratch=True
Evaluations: 880
Running function 17 instance 7 repetition 0 with A2 PSO, budget 50, run_from_scratch=True
Evaluations: 880
Running function 17 instance 7 repetition 1 with A2 PSO, budget 50, run_from_scratch=True
Evaluations: 880
Running function 17 instance 7 repetition 2 with A2 PSO, budget 50, run_from_scratch=True
Evaluations: 880
Running function 17 instance 7 repetition 3 with A2 PSO, budget 50, run_from_scratch=True
Evaluations: 880
Running function 17 instance 7 repetition 4 with A2 PSO, budget 50, run_from_scratch=True
Evaluations: 880
Running function 17 instance 7 repetition 5 with A2 PSO, budget 50, run_from_scratch=True
Evaluations: 880
Running function 17 instance 7 repetition 6 with A2 PSO, budget 50, run_from_scratch=True
Evaluations: 880
Running function 17 instance 7 repetition 7 with A2 PSO, budget 50, run_from_scratch=True
Evaluations: 880
Running function 17 instance 7 repetition 8 with A2 PSO, budget 50, run_from_scratch=True
Evaluations: 880
Running function 17 instance 7 repetition 9 with A2 PSO, budget 50, run_from_scratch=True
Evaluations: 880
Running function 17 instance 7 repetition 10 with A2 PSO, budget 50, run_from_scratch=True
Evaluations: 880
Running function 17 instance 7 repetition 11 with A2 PSO, budget 50, run_from_scratch=True
Evaluations: 880
Running function 17 instance 7 repetition 12 with A2 PSO, budget 50, run_from_scratch=True
Evaluations: 880
Running function 17 instance 7 repetition 13 with A2 PSO, budget 50, run_from_scratch=True
Evaluations: 880
Running function 17 instance 7 repetition 14 with A2 PSO, budget 50, run_from_scratch=True
Evaluations: 880
Running function 17 instance 7 repetition 15 with A2 PSO, budget 50, run_from_scratch=True
Evaluations: 880
Running function 17 instance 7 repetition 16 with A2 PSO, budget 50, run_from_scratch=True
Evaluations: 880
Running function 17 instance 7 repetition 17 with A2 PSO, budget 50, run_from_scratch=True
Evaluations: 880
Running function 17 instance 7 repetition 18 with A2 PSO, budget 50, run_from_scratch=True
Evaluations: 880
Running function 17 instance 7 repetition 19 with A2 PSO, budget 50, run_from_scratch=True
Evaluations: 880
Running function 18 instance 6 repetition 0 with A2 PSO, budget 50, run_from_scratch=True
Evaluations: 880
Running function 18 instance 6 repetition 1 with A2 PSO, budget 50, run_from_scratch=True
Evaluations: 880
Running function 18 instance 6 repetition 2 with A2 PSO, budget 50, run_from_scratch=True
Evaluations: 880
Running function 18 instance 6 repetition 3 with A2 PSO, budget 50, run_from_scratch=True
Evaluations: 880
Running function 18 instance 6 repetition 4 with A2 PSO, budget 50, run_from_scratch=True
Evaluations: 880
Running function 18 instance 6 repetition 5 with A2 PSO, budget 50, run_from_scratch=True
Evaluations: 880
Running function 18 instance 6 repetition 6 with A2 PSO, budget 50, run_from_scratch=True
Evaluations: 880
Running function 18 instance 6 repetition 7 with A2 PSO, budget 50, run_from_scratch=True
Evaluations: 880
Running function 18 instance 6 repetition 8 with A2 PSO, budget 50, run_from_scratch=True
Evaluations: 880
Running function 18 instance 6 repetition 9 with A2 PSO, budget 50, run_from_scratch=True
Evaluations: 880
Running function 18 instance 6 repetition 10 with A2 PSO, budget 50, run_from_scratch=True
Evaluations: 880
Running function 18 instance 6 repetition 11 with A2 PSO, budget 50, run_from_scratch=True
Evaluations: 880
Running function 18 instance 6 repetition 12 with A2 PSO, budget 50, run_from_scratch=True
Evaluations: 880
Running function 18 instance 6 repetition 13 with A2 PSO, budget 50, run_from_scratch=True
Evaluations: 880
Running function 18 instance 6 repetition 14 with A2 PSO, budget 50, run_from_scratch=True
Evaluations: 880
Running function 18 instance 6 repetition 15 with A2 PSO, budget 50, run_from_scratch=True
Evaluations: 880
Running function 18 instance 6 repetition 16 with A2 PSO, budget 50, run_from_scratch=True
Evaluations: 880
Running function 18 instance 6 repetition 17 with A2 PSO, budget 50, run_from_scratch=True
Evaluations: 880
Running function 18 instance 6 repetition 18 with A2 PSO, budget 50, run_from_scratch=True
Evaluations: 880
Running function 18 instance 6 repetition 19 with A2 PSO, budget 50, run_from_scratch=True
Evaluations: 880
Running function 18 instance 7 repetition 0 with A2 PSO, budget 50, run_from_scratch=True
Evaluations: 880
Running function 18 instance 7 repetition 1 with A2 PSO, budget 50, run_from_scratch=True
Evaluations: 880
Running function 18 instance 7 repetition 2 with A2 PSO, budget 50, run_from_scratch=True
Evaluations: 880
Running function 18 instance 7 repetition 3 with A2 PSO, budget 50, run_from_scratch=True
Evaluations: 880
Running function 18 instance 7 repetition 4 with A2 PSO, budget 50, run_from_scratch=True
Evaluations: 880
Running function 18 instance 7 repetition 5 with A2 PSO, budget 50, run_from_scratch=True
Evaluations: 880
Running function 18 instance 7 repetition 6 with A2 PSO, budget 50, run_from_scratch=True
Evaluations: 880
Running function 18 instance 7 repetition 7 with A2 PSO, budget 50, run_from_scratch=True
Evaluations: 880
Running function 18 instance 7 repetition 8 with A2 PSO, budget 50, run_from_scratch=True
Evaluations: 880
Running function 18 instance 7 repetition 9 with A2 PSO, budget 50, run_from_scratch=True
Evaluations: 880
Running function 18 instance 7 repetition 10 with A2 PSO, budget 50, run_from_scratch=True
Evaluations: 880
Running function 18 instance 7 repetition 11 with A2 PSO, budget 50, run_from_scratch=True
Evaluations: 880
Running function 18 instance 7 repetition 12 with A2 PSO, budget 50, run_from_scratch=True
Evaluations: 880
Running function 18 instance 7 repetition 13 with A2 PSO, budget 50, run_from_scratch=True
Evaluations: 880
Running function 18 instance 7 repetition 14 with A2 PSO, budget 50, run_from_scratch=True
Evaluations: 880
Running function 18 instance 7 repetition 15 with A2 PSO, budget 50, run_from_scratch=True
Evaluations: 880
Running function 18 instance 7 repetition 16 with A2 PSO, budget 50, run_from_scratch=True
Evaluations: 880
Running function 18 instance 7 repetition 17 with A2 PSO, budget 50, run_from_scratch=True
Evaluations: 880
Running function 18 instance 7 repetition 18 with A2 PSO, budget 50, run_from_scratch=True
Evaluations: 880
Running function 18 instance 7 repetition 19 with A2 PSO, budget 50, run_from_scratch=True
Evaluations: 880
Running function 19 instance 6 repetition 0 with A2 PSO, budget 50, run_from_scratch=True
Evaluations: 880
Running function 19 instance 6 repetition 1 with A2 PSO, budget 50, run_from_scratch=True
Evaluations: 880
Running function 19 instance 6 repetition 2 with A2 PSO, budget 50, run_from_scratch=True
Evaluations: 880
Running function 19 instance 6 repetition 3 with A2 PSO, budget 50, run_from_scratch=True
Evaluations: 880
Running function 19 instance 6 repetition 4 with A2 PSO, budget 50, run_from_scratch=True
Evaluations: 880
Running function 19 instance 6 repetition 5 with A2 PSO, budget 50, run_from_scratch=True
Evaluations: 880
Running function 19 instance 6 repetition 6 with A2 PSO, budget 50, run_from_scratch=True
Evaluations: 880
Running function 19 instance 6 repetition 7 with A2 PSO, budget 50, run_from_scratch=True
Evaluations: 880
Running function 19 instance 6 repetition 8 with A2 PSO, budget 50, run_from_scratch=True
Evaluations: 880
Running function 19 instance 6 repetition 9 with A2 PSO, budget 50, run_from_scratch=True
Evaluations: 880
Running function 19 instance 6 repetition 10 with A2 PSO, budget 50, run_from_scratch=True
Evaluations: 880
Running function 19 instance 6 repetition 11 with A2 PSO, budget 50, run_from_scratch=True
Evaluations: 880
Running function 19 instance 6 repetition 12 with A2 PSO, budget 50, run_from_scratch=True
Evaluations: 880
Running function 19 instance 6 repetition 13 with A2 PSO, budget 50, run_from_scratch=True
Evaluations: 880
Running function 19 instance 6 repetition 14 with A2 PSO, budget 50, run_from_scratch=True
Evaluations: 880
Running function 19 instance 6 repetition 15 with A2 PSO, budget 50, run_from_scratch=True
Evaluations: 880
Running function 19 instance 6 repetition 16 with A2 PSO, budget 50, run_from_scratch=True
Evaluations: 880
Running function 19 instance 6 repetition 17 with A2 PSO, budget 50, run_from_scratch=True
Evaluations: 880
Running function 19 instance 6 repetition 18 with A2 PSO, budget 50, run_from_scratch=True
Evaluations: 880
Running function 19 instance 6 repetition 19 with A2 PSO, budget 50, run_from_scratch=True
Evaluations: 880
Running function 19 instance 7 repetition 0 with A2 PSO, budget 50, run_from_scratch=True
Evaluations: 880
Running function 19 instance 7 repetition 1 with A2 PSO, budget 50, run_from_scratch=True
Evaluations: 880
Running function 19 instance 7 repetition 2 with A2 PSO, budget 50, run_from_scratch=True
Evaluations: 880
Running function 19 instance 7 repetition 3 with A2 PSO, budget 50, run_from_scratch=True
Evaluations: 880
Running function 19 instance 7 repetition 4 with A2 PSO, budget 50, run_from_scratch=True
Evaluations: 880
Running function 19 instance 7 repetition 5 with A2 PSO, budget 50, run_from_scratch=True
Evaluations: 880
Running function 19 instance 7 repetition 6 with A2 PSO, budget 50, run_from_scratch=True
Evaluations: 880
Running function 19 instance 7 repetition 7 with A2 PSO, budget 50, run_from_scratch=True
Evaluations: 880
Running function 19 instance 7 repetition 8 with A2 PSO, budget 50, run_from_scratch=True
Evaluations: 880
Running function 19 instance 7 repetition 9 with A2 PSO, budget 50, run_from_scratch=True
Evaluations: 880
Running function 19 instance 7 repetition 10 with A2 PSO, budget 50, run_from_scratch=True
Evaluations: 880
Running function 19 instance 7 repetition 11 with A2 PSO, budget 50, run_from_scratch=True
Evaluations: 880
Running function 19 instance 7 repetition 12 with A2 PSO, budget 50, run_from_scratch=True
Evaluations: 880
Running function 19 instance 7 repetition 13 with A2 PSO, budget 50, run_from_scratch=True
Evaluations: 880
Running function 19 instance 7 repetition 14 with A2 PSO, budget 50, run_from_scratch=True
Evaluations: 880
Running function 19 instance 7 repetition 15 with A2 PSO, budget 50, run_from_scratch=True
Evaluations: 880
Running function 19 instance 7 repetition 16 with A2 PSO, budget 50, run_from_scratch=True
Evaluations: 880
Running function 19 instance 7 repetition 17 with A2 PSO, budget 50, run_from_scratch=True
Evaluations: 880
Running function 19 instance 7 repetition 18 with A2 PSO, budget 50, run_from_scratch=True
Evaluations: 880
Running function 19 instance 7 repetition 19 with A2 PSO, budget 50, run_from_scratch=True
Evaluations: 880
Running function 20 instance 6 repetition 0 with A2 PSO, budget 50, run_from_scratch=True
Evaluations: 880
Running function 20 instance 6 repetition 1 with A2 PSO, budget 50, run_from_scratch=True
Evaluations: 880
Running function 20 instance 6 repetition 2 with A2 PSO, budget 50, run_from_scratch=True
Evaluations: 880
Running function 20 instance 6 repetition 3 with A2 PSO, budget 50, run_from_scratch=True
Evaluations: 880
Running function 20 instance 6 repetition 4 with A2 PSO, budget 50, run_from_scratch=True
Evaluations: 880
Running function 20 instance 6 repetition 5 with A2 PSO, budget 50, run_from_scratch=True
Evaluations: 880
Running function 20 instance 6 repetition 6 with A2 PSO, budget 50, run_from_scratch=True
Evaluations: 880
Running function 20 instance 6 repetition 7 with A2 PSO, budget 50, run_from_scratch=True
Evaluations: 880
Running function 20 instance 6 repetition 8 with A2 PSO, budget 50, run_from_scratch=True
Evaluations: 880
Running function 20 instance 6 repetition 9 with A2 PSO, budget 50, run_from_scratch=True
Evaluations: 880
Running function 20 instance 6 repetition 10 with A2 PSO, budget 50, run_from_scratch=True
Evaluations: 880
Running function 20 instance 6 repetition 11 with A2 PSO, budget 50, run_from_scratch=True
Evaluations: 880
Running function 20 instance 6 repetition 12 with A2 PSO, budget 50, run_from_scratch=True
Evaluations: 880
Running function 20 instance 6 repetition 13 with A2 PSO, budget 50, run_from_scratch=True
Evaluations: 880
Running function 20 instance 6 repetition 14 with A2 PSO, budget 50, run_from_scratch=True
Evaluations: 880
Running function 20 instance 6 repetition 15 with A2 PSO, budget 50, run_from_scratch=True
Evaluations: 880
Running function 20 instance 6 repetition 16 with A2 PSO, budget 50, run_from_scratch=True
Evaluations: 880
Running function 20 instance 6 repetition 17 with A2 PSO, budget 50, run_from_scratch=True
Evaluations: 880
Running function 20 instance 6 repetition 18 with A2 PSO, budget 50, run_from_scratch=True
Evaluations: 880
Running function 20 instance 6 repetition 19 with A2 PSO, budget 50, run_from_scratch=True
Evaluations: 880
Running function 20 instance 7 repetition 0 with A2 PSO, budget 50, run_from_scratch=True
Evaluations: 880
Running function 20 instance 7 repetition 1 with A2 PSO, budget 50, run_from_scratch=True
Evaluations: 880
Running function 20 instance 7 repetition 2 with A2 PSO, budget 50, run_from_scratch=True
Evaluations: 880
Running function 20 instance 7 repetition 3 with A2 PSO, budget 50, run_from_scratch=True
Evaluations: 880
Running function 20 instance 7 repetition 4 with A2 PSO, budget 50, run_from_scratch=True
Evaluations: 880
Running function 20 instance 7 repetition 5 with A2 PSO, budget 50, run_from_scratch=True
Evaluations: 880
Running function 20 instance 7 repetition 6 with A2 PSO, budget 50, run_from_scratch=True
Evaluations: 880
Running function 20 instance 7 repetition 7 with A2 PSO, budget 50, run_from_scratch=True
Evaluations: 880
Running function 20 instance 7 repetition 8 with A2 PSO, budget 50, run_from_scratch=True
Evaluations: 880
Running function 20 instance 7 repetition 9 with A2 PSO, budget 50, run_from_scratch=True
Evaluations: 880
Running function 20 instance 7 repetition 10 with A2 PSO, budget 50, run_from_scratch=True
Evaluations: 880
Running function 20 instance 7 repetition 11 with A2 PSO, budget 50, run_from_scratch=True
Evaluations: 880
Running function 20 instance 7 repetition 12 with A2 PSO, budget 50, run_from_scratch=True
Evaluations: 880
Running function 20 instance 7 repetition 13 with A2 PSO, budget 50, run_from_scratch=True
Evaluations: 880
Running function 20 instance 7 repetition 14 with A2 PSO, budget 50, run_from_scratch=True
Evaluations: 880
Running function 20 instance 7 repetition 15 with A2 PSO, budget 50, run_from_scratch=True
Evaluations: 880
Running function 20 instance 7 repetition 16 with A2 PSO, budget 50, run_from_scratch=True
Evaluations: 880
Running function 20 instance 7 repetition 17 with A2 PSO, budget 50, run_from_scratch=True
Evaluations: 880
Running function 20 instance 7 repetition 18 with A2 PSO, budget 50, run_from_scratch=True
Evaluations: 880
Running function 20 instance 7 repetition 19 with A2 PSO, budget 50, run_from_scratch=True
Evaluations: 880
Running function 21 instance 6 repetition 0 with A2 PSO, budget 50, run_from_scratch=True
Evaluations: 880
Running function 21 instance 6 repetition 1 with A2 PSO, budget 50, run_from_scratch=True
Evaluations: 880
Running function 21 instance 6 repetition 2 with A2 PSO, budget 50, run_from_scratch=True
Evaluations: 880
Running function 21 instance 6 repetition 3 with A2 PSO, budget 50, run_from_scratch=True
Evaluations: 880
Running function 21 instance 6 repetition 4 with A2 PSO, budget 50, run_from_scratch=True
Evaluations: 880
Running function 21 instance 6 repetition 5 with A2 PSO, budget 50, run_from_scratch=True
Evaluations: 880
Running function 21 instance 6 repetition 6 with A2 PSO, budget 50, run_from_scratch=True
Evaluations: 880
Running function 21 instance 6 repetition 7 with A2 PSO, budget 50, run_from_scratch=True
Evaluations: 880
Running function 21 instance 6 repetition 8 with A2 PSO, budget 50, run_from_scratch=True
Evaluations: 880
Running function 21 instance 6 repetition 9 with A2 PSO, budget 50, run_from_scratch=True
Evaluations: 880
Running function 21 instance 6 repetition 10 with A2 PSO, budget 50, run_from_scratch=True
Evaluations: 880
Running function 21 instance 6 repetition 11 with A2 PSO, budget 50, run_from_scratch=True
Evaluations: 880
Running function 21 instance 6 repetition 12 with A2 PSO, budget 50, run_from_scratch=True
Evaluations: 880
Running function 21 instance 6 repetition 13 with A2 PSO, budget 50, run_from_scratch=True
Evaluations: 880
Running function 21 instance 6 repetition 14 with A2 PSO, budget 50, run_from_scratch=True
Evaluations: 880
Running function 21 instance 6 repetition 15 with A2 PSO, budget 50, run_from_scratch=True
Evaluations: 880
Running function 21 instance 6 repetition 16 with A2 PSO, budget 50, run_from_scratch=True
Evaluations: 880
Running function 21 instance 6 repetition 17 with A2 PSO, budget 50, run_from_scratch=True
Evaluations: 880
Running function 21 instance 6 repetition 18 with A2 PSO, budget 50, run_from_scratch=True
Evaluations: 880
Running function 21 instance 6 repetition 19 with A2 PSO, budget 50, run_from_scratch=True
Evaluations: 880
Running function 21 instance 7 repetition 0 with A2 PSO, budget 50, run_from_scratch=True
Evaluations: 880
Running function 21 instance 7 repetition 1 with A2 PSO, budget 50, run_from_scratch=True
Evaluations: 880
Running function 21 instance 7 repetition 2 with A2 PSO, budget 50, run_from_scratch=True
Evaluations: 880
Running function 21 instance 7 repetition 3 with A2 PSO, budget 50, run_from_scratch=True
Evaluations: 880
Running function 21 instance 7 repetition 4 with A2 PSO, budget 50, run_from_scratch=True
Evaluations: 880
Running function 21 instance 7 repetition 5 with A2 PSO, budget 50, run_from_scratch=True
Evaluations: 880
Running function 21 instance 7 repetition 6 with A2 PSO, budget 50, run_from_scratch=True
Evaluations: 880
Running function 21 instance 7 repetition 7 with A2 PSO, budget 50, run_from_scratch=True
Evaluations: 880
Running function 21 instance 7 repetition 8 with A2 PSO, budget 50, run_from_scratch=True
Evaluations: 880
Running function 21 instance 7 repetition 9 with A2 PSO, budget 50, run_from_scratch=True
Evaluations: 880
Running function 21 instance 7 repetition 10 with A2 PSO, budget 50, run_from_scratch=True
Evaluations: 880
Running function 21 instance 7 repetition 11 with A2 PSO, budget 50, run_from_scratch=True
Evaluations: 880
Running function 21 instance 7 repetition 12 with A2 PSO, budget 50, run_from_scratch=True
Evaluations: 880
Running function 21 instance 7 repetition 13 with A2 PSO, budget 50, run_from_scratch=True
Evaluations: 880
Running function 21 instance 7 repetition 14 with A2 PSO, budget 50, run_from_scratch=True
Evaluations: 880
Running function 21 instance 7 repetition 15 with A2 PSO, budget 50, run_from_scratch=True
Evaluations: 880
Running function 21 instance 7 repetition 16 with A2 PSO, budget 50, run_from_scratch=True
Evaluations: 880
Running function 21 instance 7 repetition 17 with A2 PSO, budget 50, run_from_scratch=True
Evaluations: 880
Running function 21 instance 7 repetition 18 with A2 PSO, budget 50, run_from_scratch=True
Evaluations: 880
Running function 21 instance 7 repetition 19 with A2 PSO, budget 50, run_from_scratch=True
Evaluations: 880
Running function 22 instance 6 repetition 0 with A2 PSO, budget 50, run_from_scratch=True
Evaluations: 880
Running function 22 instance 6 repetition 1 with A2 PSO, budget 50, run_from_scratch=True
Evaluations: 880
Running function 22 instance 6 repetition 2 with A2 PSO, budget 50, run_from_scratch=True
Evaluations: 880
Running function 22 instance 6 repetition 3 with A2 PSO, budget 50, run_from_scratch=True
Evaluations: 880
Running function 22 instance 6 repetition 4 with A2 PSO, budget 50, run_from_scratch=True
Evaluations: 880
Running function 22 instance 6 repetition 5 with A2 PSO, budget 50, run_from_scratch=True
Evaluations: 880
Running function 22 instance 6 repetition 6 with A2 PSO, budget 50, run_from_scratch=True
Evaluations: 880
Running function 22 instance 6 repetition 7 with A2 PSO, budget 50, run_from_scratch=True
Evaluations: 880
Running function 22 instance 6 repetition 8 with A2 PSO, budget 50, run_from_scratch=True
Evaluations: 880
Running function 22 instance 6 repetition 9 with A2 PSO, budget 50, run_from_scratch=True
Evaluations: 880
Running function 22 instance 6 repetition 10 with A2 PSO, budget 50, run_from_scratch=True
Evaluations: 880
Running function 22 instance 6 repetition 11 with A2 PSO, budget 50, run_from_scratch=True
Evaluations: 880
Running function 22 instance 6 repetition 12 with A2 PSO, budget 50, run_from_scratch=True
Evaluations: 880
Running function 22 instance 6 repetition 13 with A2 PSO, budget 50, run_from_scratch=True
Evaluations: 880
Running function 22 instance 6 repetition 14 with A2 PSO, budget 50, run_from_scratch=True
Evaluations: 880
Running function 22 instance 6 repetition 15 with A2 PSO, budget 50, run_from_scratch=True
Evaluations: 880
Running function 22 instance 6 repetition 16 with A2 PSO, budget 50, run_from_scratch=True
Evaluations: 880
Running function 22 instance 6 repetition 17 with A2 PSO, budget 50, run_from_scratch=True
Evaluations: 880
Running function 22 instance 6 repetition 18 with A2 PSO, budget 50, run_from_scratch=True
Evaluations: 880
Running function 22 instance 6 repetition 19 with A2 PSO, budget 50, run_from_scratch=True
Evaluations: 880
Running function 22 instance 7 repetition 0 with A2 PSO, budget 50, run_from_scratch=True
Evaluations: 880
Running function 22 instance 7 repetition 1 with A2 PSO, budget 50, run_from_scratch=True
Evaluations: 880
Running function 22 instance 7 repetition 2 with A2 PSO, budget 50, run_from_scratch=True
Evaluations: 880
Running function 22 instance 7 repetition 3 with A2 PSO, budget 50, run_from_scratch=True
Evaluations: 880
Running function 22 instance 7 repetition 4 with A2 PSO, budget 50, run_from_scratch=True
Evaluations: 880
Running function 22 instance 7 repetition 5 with A2 PSO, budget 50, run_from_scratch=True
Evaluations: 880
Running function 22 instance 7 repetition 6 with A2 PSO, budget 50, run_from_scratch=True
Evaluations: 880
Running function 22 instance 7 repetition 7 with A2 PSO, budget 50, run_from_scratch=True
Evaluations: 880
Running function 22 instance 7 repetition 8 with A2 PSO, budget 50, run_from_scratch=True
Evaluations: 880
Running function 22 instance 7 repetition 9 with A2 PSO, budget 50, run_from_scratch=True
Evaluations: 880
Running function 22 instance 7 repetition 10 with A2 PSO, budget 50, run_from_scratch=True
Evaluations: 880
Running function 22 instance 7 repetition 11 with A2 PSO, budget 50, run_from_scratch=True
Evaluations: 880
Running function 22 instance 7 repetition 12 with A2 PSO, budget 50, run_from_scratch=True
Evaluations: 880
Running function 22 instance 7 repetition 13 with A2 PSO, budget 50, run_from_scratch=True
Evaluations: 880
Running function 22 instance 7 repetition 14 with A2 PSO, budget 50, run_from_scratch=True
Evaluations: 880
Running function 22 instance 7 repetition 15 with A2 PSO, budget 50, run_from_scratch=True
Evaluations: 880
Running function 22 instance 7 repetition 16 with A2 PSO, budget 50, run_from_scratch=True
Evaluations: 880
Running function 22 instance 7 repetition 17 with A2 PSO, budget 50, run_from_scratch=True
Evaluations: 880
Running function 22 instance 7 repetition 18 with A2 PSO, budget 50, run_from_scratch=True
Evaluations: 880
Running function 22 instance 7 repetition 19 with A2 PSO, budget 50, run_from_scratch=True
Evaluations: 880
Running function 23 instance 6 repetition 0 with A2 PSO, budget 50, run_from_scratch=True
Evaluations: 880
Running function 23 instance 6 repetition 1 with A2 PSO, budget 50, run_from_scratch=True
Evaluations: 880
Running function 23 instance 6 repetition 2 with A2 PSO, budget 50, run_from_scratch=True
Evaluations: 880
Running function 23 instance 6 repetition 3 with A2 PSO, budget 50, run_from_scratch=True
Evaluations: 880
Running function 23 instance 6 repetition 4 with A2 PSO, budget 50, run_from_scratch=True
Evaluations: 880
Running function 23 instance 6 repetition 5 with A2 PSO, budget 50, run_from_scratch=True
Evaluations: 880
Running function 23 instance 6 repetition 6 with A2 PSO, budget 50, run_from_scratch=True
Evaluations: 880
Running function 23 instance 6 repetition 7 with A2 PSO, budget 50, run_from_scratch=True
Evaluations: 880
Running function 23 instance 6 repetition 8 with A2 PSO, budget 50, run_from_scratch=True
Evaluations: 880
Running function 23 instance 6 repetition 9 with A2 PSO, budget 50, run_from_scratch=True
Evaluations: 880
Running function 23 instance 6 repetition 10 with A2 PSO, budget 50, run_from_scratch=True
Evaluations: 880
Running function 23 instance 6 repetition 11 with A2 PSO, budget 50, run_from_scratch=True
Evaluations: 880
Running function 23 instance 6 repetition 12 with A2 PSO, budget 50, run_from_scratch=True
Evaluations: 880
Running function 23 instance 6 repetition 13 with A2 PSO, budget 50, run_from_scratch=True
Evaluations: 880
Running function 23 instance 6 repetition 14 with A2 PSO, budget 50, run_from_scratch=True
Evaluations: 880
Running function 23 instance 6 repetition 15 with A2 PSO, budget 50, run_from_scratch=True
Evaluations: 880
Running function 23 instance 6 repetition 16 with A2 PSO, budget 50, run_from_scratch=True
Evaluations: 880
Running function 23 instance 6 repetition 17 with A2 PSO, budget 50, run_from_scratch=True
Evaluations: 880
Running function 23 instance 6 repetition 18 with A2 PSO, budget 50, run_from_scratch=True
Evaluations: 880
Running function 23 instance 6 repetition 19 with A2 PSO, budget 50, run_from_scratch=True
Evaluations: 880
Running function 23 instance 7 repetition 0 with A2 PSO, budget 50, run_from_scratch=True
Evaluations: 880
Running function 23 instance 7 repetition 1 with A2 PSO, budget 50, run_from_scratch=True
Evaluations: 880
Running function 23 instance 7 repetition 2 with A2 PSO, budget 50, run_from_scratch=True
Evaluations: 880
Running function 23 instance 7 repetition 3 with A2 PSO, budget 50, run_from_scratch=True
Evaluations: 880
Running function 23 instance 7 repetition 4 with A2 PSO, budget 50, run_from_scratch=True
Evaluations: 880
Running function 23 instance 7 repetition 5 with A2 PSO, budget 50, run_from_scratch=True
Evaluations: 880
Running function 23 instance 7 repetition 6 with A2 PSO, budget 50, run_from_scratch=True
Evaluations: 880
Running function 23 instance 7 repetition 7 with A2 PSO, budget 50, run_from_scratch=True
Evaluations: 880
Running function 23 instance 7 repetition 8 with A2 PSO, budget 50, run_from_scratch=True
Evaluations: 880
Running function 23 instance 7 repetition 9 with A2 PSO, budget 50, run_from_scratch=True
Evaluations: 880
Running function 23 instance 7 repetition 10 with A2 PSO, budget 50, run_from_scratch=True
Evaluations: 880
Running function 23 instance 7 repetition 11 with A2 PSO, budget 50, run_from_scratch=True
Evaluations: 880
Running function 23 instance 7 repetition 12 with A2 PSO, budget 50, run_from_scratch=True
Evaluations: 880
Running function 23 instance 7 repetition 13 with A2 PSO, budget 50, run_from_scratch=True
Evaluations: 880
Running function 23 instance 7 repetition 14 with A2 PSO, budget 50, run_from_scratch=True
Evaluations: 880
Running function 23 instance 7 repetition 15 with A2 PSO, budget 50, run_from_scratch=True
Evaluations: 880
Running function 23 instance 7 repetition 16 with A2 PSO, budget 50, run_from_scratch=True
Evaluations: 880
Running function 23 instance 7 repetition 17 with A2 PSO, budget 50, run_from_scratch=True
Evaluations: 880
Running function 23 instance 7 repetition 18 with A2 PSO, budget 50, run_from_scratch=True
Evaluations: 880
Running function 23 instance 7 repetition 19 with A2 PSO, budget 50, run_from_scratch=True
Evaluations: 880
Running function 24 instance 6 repetition 0 with A2 PSO, budget 50, run_from_scratch=True
Evaluations: 880
Running function 24 instance 6 repetition 1 with A2 PSO, budget 50, run_from_scratch=True
Evaluations: 880
Running function 24 instance 6 repetition 2 with A2 PSO, budget 50, run_from_scratch=True
Evaluations: 880
Running function 24 instance 6 repetition 3 with A2 PSO, budget 50, run_from_scratch=True
Evaluations: 880
Running function 24 instance 6 repetition 4 with A2 PSO, budget 50, run_from_scratch=True
Evaluations: 880
Running function 24 instance 6 repetition 5 with A2 PSO, budget 50, run_from_scratch=True
Evaluations: 880
Running function 24 instance 6 repetition 6 with A2 PSO, budget 50, run_from_scratch=True
Evaluations: 880
Running function 24 instance 6 repetition 7 with A2 PSO, budget 50, run_from_scratch=True
Evaluations: 880
Running function 24 instance 6 repetition 8 with A2 PSO, budget 50, run_from_scratch=True
Evaluations: 880
Running function 24 instance 6 repetition 9 with A2 PSO, budget 50, run_from_scratch=True
Evaluations: 880
Running function 24 instance 6 repetition 10 with A2 PSO, budget 50, run_from_scratch=True
Evaluations: 880
Running function 24 instance 6 repetition 11 with A2 PSO, budget 50, run_from_scratch=True
Evaluations: 880
Running function 24 instance 6 repetition 12 with A2 PSO, budget 50, run_from_scratch=True
Evaluations: 880
Running function 24 instance 6 repetition 13 with A2 PSO, budget 50, run_from_scratch=True
Evaluations: 880
Running function 24 instance 6 repetition 14 with A2 PSO, budget 50, run_from_scratch=True
Evaluations: 880
Running function 24 instance 6 repetition 15 with A2 PSO, budget 50, run_from_scratch=True
Evaluations: 880
Running function 24 instance 6 repetition 16 with A2 PSO, budget 50, run_from_scratch=True
Evaluations: 880
Running function 24 instance 6 repetition 17 with A2 PSO, budget 50, run_from_scratch=True
Evaluations: 880
Running function 24 instance 6 repetition 18 with A2 PSO, budget 50, run_from_scratch=True
Evaluations: 880
Running function 24 instance 6 repetition 19 with A2 PSO, budget 50, run_from_scratch=True
Evaluations: 880
Running function 24 instance 7 repetition 0 with A2 PSO, budget 50, run_from_scratch=True
Evaluations: 880
Running function 24 instance 7 repetition 1 with A2 PSO, budget 50, run_from_scratch=True
Evaluations: 880
Running function 24 instance 7 repetition 2 with A2 PSO, budget 50, run_from_scratch=True
Evaluations: 880
Running function 24 instance 7 repetition 3 with A2 PSO, budget 50, run_from_scratch=True
Evaluations: 880
Running function 24 instance 7 repetition 4 with A2 PSO, budget 50, run_from_scratch=True
Evaluations: 880
Running function 24 instance 7 repetition 5 with A2 PSO, budget 50, run_from_scratch=True
Evaluations: 880
Running function 24 instance 7 repetition 6 with A2 PSO, budget 50, run_from_scratch=True
Evaluations: 880
Running function 24 instance 7 repetition 7 with A2 PSO, budget 50, run_from_scratch=True
Evaluations: 880
Running function 24 instance 7 repetition 8 with A2 PSO, budget 50, run_from_scratch=True
Evaluations: 880
Running function 24 instance 7 repetition 9 with A2 PSO, budget 50, run_from_scratch=True
Evaluations: 880
Running function 24 instance 7 repetition 10 with A2 PSO, budget 50, run_from_scratch=True
Evaluations: 880
Running function 24 instance 7 repetition 11 with A2 PSO, budget 50, run_from_scratch=True
Evaluations: 880
Running function 24 instance 7 repetition 12 with A2 PSO, budget 50, run_from_scratch=True
Evaluations: 880
Running function 24 instance 7 repetition 13 with A2 PSO, budget 50, run_from_scratch=True
Evaluations: 880
Running function 24 instance 7 repetition 14 with A2 PSO, budget 50, run_from_scratch=True
Evaluations: 880
Running function 24 instance 7 repetition 15 with A2 PSO, budget 50, run_from_scratch=True
Evaluations: 880
Running function 24 instance 7 repetition 16 with A2 PSO, budget 50, run_from_scratch=True
Evaluations: 880
Running function 24 instance 7 repetition 17 with A2 PSO, budget 50, run_from_scratch=True
Evaluations: 880
Running function 24 instance 7 repetition 18 with A2 PSO, budget 50, run_from_scratch=True
Evaluations: 880
Running function 24 instance 7 repetition 19 with A2 PSO, budget 50, run_from_scratch=True
Evaluations: 880
Running function 1 instance 6 repetition 0 with A2 BFGS, budget 50, run_from_scratch=True
Evaluations: 850
Running function 1 instance 6 repetition 1 with A2 BFGS, budget 50, run_from_scratch=True
Evaluations: 850
Running function 1 instance 6 repetition 2 with A2 BFGS, budget 50, run_from_scratch=True
Evaluations: 66
Running function 1 instance 6 repetition 3 with A2 BFGS, budget 50, run_from_scratch=True
Evaluations: 850
Running function 1 instance 6 repetition 4 with A2 BFGS, budget 50, run_from_scratch=True
Evaluations: 850
Running function 1 instance 6 repetition 5 with A2 BFGS, budget 50, run_from_scratch=True
Evaluations: 850
Running function 1 instance 6 repetition 6 with A2 BFGS, budget 50, run_from_scratch=True
Evaluations: 850
Running function 1 instance 6 repetition 7 with A2 BFGS, budget 50, run_from_scratch=True
Evaluations: 850
Running function 1 instance 6 repetition 8 with A2 BFGS, budget 50, run_from_scratch=True
Evaluations: 850
Running function 1 instance 6 repetition 9 with A2 BFGS, budget 50, run_from_scratch=True
Evaluations: 850
Running function 1 instance 6 repetition 10 with A2 BFGS, budget 50, run_from_scratch=True
Evaluations: 850
Running function 1 instance 6 repetition 11 with A2 BFGS, budget 50, run_from_scratch=True
Evaluations: 850
Running function 1 instance 6 repetition 12 with A2 BFGS, budget 50, run_from_scratch=True
Evaluations: 850
Running function 1 instance 6 repetition 13 with A2 BFGS, budget 50, run_from_scratch=True
Evaluations: 850
Running function 1 instance 6 repetition 14 with A2 BFGS, budget 50, run_from_scratch=True
Evaluations: 850
Running function 1 instance 6 repetition 15 with A2 BFGS, budget 50, run_from_scratch=True
Evaluations: 850
Running function 1 instance 6 repetition 16 with A2 BFGS, budget 50, run_from_scratch=True
Evaluations: 850
Running function 1 instance 6 repetition 17 with A2 BFGS, budget 50, run_from_scratch=True
Evaluations: 850
Running function 1 instance 6 repetition 18 with A2 BFGS, budget 50, run_from_scratch=True
Evaluations: 850
Running function 1 instance 6 repetition 19 with A2 BFGS, budget 50, run_from_scratch=True
Evaluations: 850
Running function 1 instance 7 repetition 0 with A2 BFGS, budget 50, run_from_scratch=True
Evaluations: 850
Running function 1 instance 7 repetition 1 with A2 BFGS, budget 50, run_from_scratch=True
Evaluations: 850
Running function 1 instance 7 repetition 2 with A2 BFGS, budget 50, run_from_scratch=True
Evaluations: 850
Running function 1 instance 7 repetition 3 with A2 BFGS, budget 50, run_from_scratch=True
Evaluations: 850
Running function 1 instance 7 repetition 4 with A2 BFGS, budget 50, run_from_scratch=True
Evaluations: 60
Running function 1 instance 7 repetition 5 with A2 BFGS, budget 50, run_from_scratch=True
Evaluations: 850
Running function 1 instance 7 repetition 6 with A2 BFGS, budget 50, run_from_scratch=True
Evaluations: 850
Running function 1 instance 7 repetition 7 with A2 BFGS, budget 50, run_from_scratch=True
Evaluations: 850
Running function 1 instance 7 repetition 8 with A2 BFGS, budget 50, run_from_scratch=True
Evaluations: 850
Running function 1 instance 7 repetition 9 with A2 BFGS, budget 50, run_from_scratch=True
Evaluations: 850
Running function 1 instance 7 repetition 10 with A2 BFGS, budget 50, run_from_scratch=True
Evaluations: 850
Running function 1 instance 7 repetition 11 with A2 BFGS, budget 50, run_from_scratch=True
Evaluations: 850
Running function 1 instance 7 repetition 12 with A2 BFGS, budget 50, run_from_scratch=True
Evaluations: 850
Running function 1 instance 7 repetition 13 with A2 BFGS, budget 50, run_from_scratch=True
Evaluations: 850
Running function 1 instance 7 repetition 14 with A2 BFGS, budget 50, run_from_scratch=True
Evaluations: 850
Running function 1 instance 7 repetition 15 with A2 BFGS, budget 50, run_from_scratch=True
Evaluations: 850
Running function 1 instance 7 repetition 16 with A2 BFGS, budget 50, run_from_scratch=True
Evaluations: 850
Running function 1 instance 7 repetition 17 with A2 BFGS, budget 50, run_from_scratch=True
Evaluations: 850
Running function 1 instance 7 repetition 18 with A2 BFGS, budget 50, run_from_scratch=True
Evaluations: 850
Running function 1 instance 7 repetition 19 with A2 BFGS, budget 50, run_from_scratch=True
Evaluations: 850
Running function 2 instance 6 repetition 0 with A2 BFGS, budget 50, run_from_scratch=True
Evaluations: 540
Running function 2 instance 6 repetition 1 with A2 BFGS, budget 50, run_from_scratch=True
Evaluations: 660
Running function 2 instance 6 repetition 2 with A2 BFGS, budget 50, run_from_scratch=True
Evaluations: 540
Running function 2 instance 6 repetition 3 with A2 BFGS, budget 50, run_from_scratch=True
Evaluations: 516
Running function 2 instance 6 repetition 4 with A2 BFGS, budget 50, run_from_scratch=True
Evaluations: 624
Running function 2 instance 6 repetition 5 with A2 BFGS, budget 50, run_from_scratch=True
Evaluations: 702
Running function 2 instance 6 repetition 6 with A2 BFGS, budget 50, run_from_scratch=True
Evaluations: 870
Running function 2 instance 6 repetition 7 with A2 BFGS, budget 50, run_from_scratch=True
Evaluations: 570
Running function 2 instance 6 repetition 8 with A2 BFGS, budget 50, run_from_scratch=True
Evaluations: 516
Running function 2 instance 6 repetition 9 with A2 BFGS, budget 50, run_from_scratch=True
Evaluations: 720
Running function 2 instance 6 repetition 10 with A2 BFGS, budget 50, run_from_scratch=True
Evaluations: 702
Running function 2 instance 6 repetition 11 with A2 BFGS, budget 50, run_from_scratch=True
Evaluations: 240
Running function 2 instance 6 repetition 12 with A2 BFGS, budget 50, run_from_scratch=True
Evaluations: 504
Running function 2 instance 6 repetition 13 with A2 BFGS, budget 50, run_from_scratch=True
Evaluations: 540
Running function 2 instance 6 repetition 14 with A2 BFGS, budget 50, run_from_scratch=True
Evaluations: 534
Running function 2 instance 6 repetition 15 with A2 BFGS, budget 50, run_from_scratch=True
Evaluations: 582
Running function 2 instance 6 repetition 16 with A2 BFGS, budget 50, run_from_scratch=True
Evaluations: 564
Running function 2 instance 6 repetition 17 with A2 BFGS, budget 50, run_from_scratch=True
Evaluations: 726
Running function 2 instance 6 repetition 18 with A2 BFGS, budget 50, run_from_scratch=True
Evaluations: 900
Running function 2 instance 6 repetition 19 with A2 BFGS, budget 50, run_from_scratch=True
Evaluations: 408
Running function 2 instance 7 repetition 0 with A2 BFGS, budget 50, run_from_scratch=True
Evaluations: 570
Running function 2 instance 7 repetition 1 with A2 BFGS, budget 50, run_from_scratch=True
Evaluations: 636
Running function 2 instance 7 repetition 2 with A2 BFGS, budget 50, run_from_scratch=True
Evaluations: 540
Running function 2 instance 7 repetition 3 with A2 BFGS, budget 50, run_from_scratch=True
Evaluations: 420
Running function 2 instance 7 repetition 4 with A2 BFGS, budget 50, run_from_scratch=True
Evaluations: 810
Running function 2 instance 7 repetition 5 with A2 BFGS, budget 50, run_from_scratch=True
Evaluations: 804
Running function 2 instance 7 repetition 6 with A2 BFGS, budget 50, run_from_scratch=True
Evaluations: 660
Running function 2 instance 7 repetition 7 with A2 BFGS, budget 50, run_from_scratch=True
Evaluations: 396
Running function 2 instance 7 repetition 8 with A2 BFGS, budget 50, run_from_scratch=True
Evaluations: 618
Running function 2 instance 7 repetition 9 with A2 BFGS, budget 50, run_from_scratch=True
Evaluations: 570
Running function 2 instance 7 repetition 10 with A2 BFGS, budget 50, run_from_scratch=True
Evaluations: 564
Running function 2 instance 7 repetition 11 with A2 BFGS, budget 50, run_from_scratch=True
Evaluations: 647
Running function 2 instance 7 repetition 12 with A2 BFGS, budget 50, run_from_scratch=True
Evaluations: 612
Running function 2 instance 7 repetition 13 with A2 BFGS, budget 50, run_from_scratch=True
Evaluations: 570
Running function 2 instance 7 repetition 14 with A2 BFGS, budget 50, run_from_scratch=True
Evaluations: 306
Running function 2 instance 7 repetition 15 with A2 BFGS, budget 50, run_from_scratch=True
Evaluations: 540
Running function 2 instance 7 repetition 16 with A2 BFGS, budget 50, run_from_scratch=True
Evaluations: 750
Running function 2 instance 7 repetition 17 with A2 BFGS, budget 50, run_from_scratch=True
Evaluations: 744
Running function 2 instance 7 repetition 18 with A2 BFGS, budget 50, run_from_scratch=True
Evaluations: 468
Running function 2 instance 7 repetition 19 with A2 BFGS, budget 50, run_from_scratch=True
Evaluations: 1022
Running function 3 instance 6 repetition 0 with A2 BFGS, budget 50, run_from_scratch=True
Evaluations: 850
Running function 3 instance 6 repetition 1 with A2 BFGS, budget 50, run_from_scratch=True
Evaluations: 174
Running function 3 instance 6 repetition 2 with A2 BFGS, budget 50, run_from_scratch=True
Evaluations: 156
Running function 3 instance 6 repetition 3 with A2 BFGS, budget 50, run_from_scratch=True
Evaluations: 174
Running function 3 instance 6 repetition 4 with A2 BFGS, budget 50, run_from_scratch=True
Evaluations: 162
Running function 3 instance 6 repetition 5 with A2 BFGS, budget 50, run_from_scratch=True
Evaluations: 204
Running function 3 instance 6 repetition 6 with A2 BFGS, budget 50, run_from_scratch=True
Evaluations: 180
Running function 3 instance 6 repetition 7 with A2 BFGS, budget 50, run_from_scratch=True
Evaluations: 252
Running function 3 instance 6 repetition 8 with A2 BFGS, budget 50, run_from_scratch=True
Evaluations: 414
Running function 3 instance 6 repetition 9 with A2 BFGS, budget 50, run_from_scratch=True
Evaluations: 360
Running function 3 instance 6 repetition 10 with A2 BFGS, budget 50, run_from_scratch=True
Evaluations: 168
Running function 3 instance 6 repetition 11 with A2 BFGS, budget 50, run_from_scratch=True
Evaluations: 850
Running function 3 instance 6 repetition 12 with A2 BFGS, budget 50, run_from_scratch=True
Evaluations: 850
Running function 3 instance 6 repetition 13 with A2 BFGS, budget 50, run_from_scratch=True
Evaluations: 294
Running function 3 instance 6 repetition 14 with A2 BFGS, budget 50, run_from_scratch=True
Evaluations: 580
Running function 3 instance 6 repetition 15 with A2 BFGS, budget 50, run_from_scratch=True
Evaluations: 222
Running function 3 instance 6 repetition 16 with A2 BFGS, budget 50, run_from_scratch=True
Evaluations: 216
Running function 3 instance 6 repetition 17 with A2 BFGS, budget 50, run_from_scratch=True
Evaluations: 850
Running function 3 instance 6 repetition 18 with A2 BFGS, budget 50, run_from_scratch=True
Evaluations: 216
Running function 3 instance 6 repetition 19 with A2 BFGS, budget 50, run_from_scratch=True
Evaluations: 234
Running function 3 instance 7 repetition 0 with A2 BFGS, budget 50, run_from_scratch=True
Evaluations: 210
Running function 3 instance 7 repetition 1 with A2 BFGS, budget 50, run_from_scratch=True
Evaluations: 168
Running function 3 instance 7 repetition 2 with A2 BFGS, budget 50, run_from_scratch=True
Evaluations: 174
Running function 3 instance 7 repetition 3 with A2 BFGS, budget 50, run_from_scratch=True
Evaluations: 156
Running function 3 instance 7 repetition 4 with A2 BFGS, budget 50, run_from_scratch=True
Evaluations: 162
Running function 3 instance 7 repetition 5 with A2 BFGS, budget 50, run_from_scratch=True
Evaluations: 222
Running function 3 instance 7 repetition 6 with A2 BFGS, budget 50, run_from_scratch=True
Evaluations: 138
Running function 3 instance 7 repetition 7 with A2 BFGS, budget 50, run_from_scratch=True
Evaluations: 162
Running function 3 instance 7 repetition 8 with A2 BFGS, budget 50, run_from_scratch=True
Evaluations: 360
Running function 3 instance 7 repetition 9 with A2 BFGS, budget 50, run_from_scratch=True
Evaluations: 252
Running function 3 instance 7 repetition 10 with A2 BFGS, budget 50, run_from_scratch=True
Evaluations: 228
Running function 3 instance 7 repetition 11 with A2 BFGS, budget 50, run_from_scratch=True
Evaluations: 144
Running function 3 instance 7 repetition 12 with A2 BFGS, budget 50, run_from_scratch=True
Evaluations: 150
Running function 3 instance 7 repetition 13 with A2 BFGS, budget 50, run_from_scratch=True
Evaluations: 156
Running function 3 instance 7 repetition 14 with A2 BFGS, budget 50, run_from_scratch=True
Evaluations: 234
Running function 3 instance 7 repetition 15 with A2 BFGS, budget 50, run_from_scratch=True
Evaluations: 222
Running function 3 instance 7 repetition 16 with A2 BFGS, budget 50, run_from_scratch=True
Evaluations: 306
Running function 3 instance 7 repetition 17 with A2 BFGS, budget 50, run_from_scratch=True
Evaluations: 257
Running function 3 instance 7 repetition 18 with A2 BFGS, budget 50, run_from_scratch=True
Evaluations: 180
Running function 3 instance 7 repetition 19 with A2 BFGS, budget 50, run_from_scratch=True
Evaluations: 850
Running function 4 instance 6 repetition 0 with A2 BFGS, budget 50, run_from_scratch=True
Evaluations: 168
Running function 4 instance 6 repetition 1 with A2 BFGS, budget 50, run_from_scratch=True
Evaluations: 850
Running function 4 instance 6 repetition 2 with A2 BFGS, budget 50, run_from_scratch=True
Evaluations: 467
Running function 4 instance 6 repetition 3 with A2 BFGS, budget 50, run_from_scratch=True
Evaluations: 216
Running function 4 instance 6 repetition 4 with A2 BFGS, budget 50, run_from_scratch=True
Evaluations: 192
Running function 4 instance 6 repetition 5 with A2 BFGS, budget 50, run_from_scratch=True
Evaluations: 192
Running function 4 instance 6 repetition 6 with A2 BFGS, budget 50, run_from_scratch=True
Evaluations: 156
Running function 4 instance 6 repetition 7 with A2 BFGS, budget 50, run_from_scratch=True
Evaluations: 324
Running function 4 instance 6 repetition 8 with A2 BFGS, budget 50, run_from_scratch=True
Evaluations: 234
Running function 4 instance 6 repetition 9 with A2 BFGS, budget 50, run_from_scratch=True
Evaluations: 850
Running function 4 instance 6 repetition 10 with A2 BFGS, budget 50, run_from_scratch=True
Evaluations: 204
Running function 4 instance 6 repetition 11 with A2 BFGS, budget 50, run_from_scratch=True
Evaluations: 252
Running function 4 instance 6 repetition 12 with A2 BFGS, budget 50, run_from_scratch=True
Evaluations: 144
Running function 4 instance 6 repetition 13 with A2 BFGS, budget 50, run_from_scratch=True
Evaluations: 432
Running function 4 instance 6 repetition 14 with A2 BFGS, budget 50, run_from_scratch=True
Evaluations: 162
Running function 4 instance 6 repetition 15 with A2 BFGS, budget 50, run_from_scratch=True
Evaluations: 162
Running function 4 instance 6 repetition 16 with A2 BFGS, budget 50, run_from_scratch=True
Evaluations: 300
Running function 4 instance 6 repetition 17 with A2 BFGS, budget 50, run_from_scratch=True
Evaluations: 615
Running function 4 instance 6 repetition 18 with A2 BFGS, budget 50, run_from_scratch=True
Evaluations: 132
Running function 4 instance 6 repetition 19 with A2 BFGS, budget 50, run_from_scratch=True
Evaluations: 150
Running function 4 instance 7 repetition 0 with A2 BFGS, budget 50, run_from_scratch=True
Evaluations: 156
Running function 4 instance 7 repetition 1 with A2 BFGS, budget 50, run_from_scratch=True
Evaluations: 240
Running function 4 instance 7 repetition 2 with A2 BFGS, budget 50, run_from_scratch=True
Evaluations: 132
Running function 4 instance 7 repetition 3 with A2 BFGS, budget 50, run_from_scratch=True
Evaluations: 455
Running function 4 instance 7 repetition 4 with A2 BFGS, budget 50, run_from_scratch=True
Evaluations: 438
Running function 4 instance 7 repetition 5 with A2 BFGS, budget 50, run_from_scratch=True
Evaluations: 240
Running function 4 instance 7 repetition 6 with A2 BFGS, budget 50, run_from_scratch=True
Evaluations: 282
Running function 4 instance 7 repetition 7 with A2 BFGS, budget 50, run_from_scratch=True
Evaluations: 384
Running function 4 instance 7 repetition 8 with A2 BFGS, budget 50, run_from_scratch=True
Evaluations: 324
Running function 4 instance 7 repetition 9 with A2 BFGS, budget 50, run_from_scratch=True
Evaluations: 270
Running function 4 instance 7 repetition 10 with A2 BFGS, budget 50, run_from_scratch=True
Evaluations: 538
Running function 4 instance 7 repetition 11 with A2 BFGS, budget 50, run_from_scratch=True
Evaluations: 384
Running function 4 instance 7 repetition 12 with A2 BFGS, budget 50, run_from_scratch=True
Evaluations: 288
Running function 4 instance 7 repetition 13 with A2 BFGS, budget 50, run_from_scratch=True
Evaluations: 582
Running function 4 instance 7 repetition 14 with A2 BFGS, budget 50, run_from_scratch=True
Evaluations: 780
Running function 4 instance 7 repetition 15 with A2 BFGS, budget 50, run_from_scratch=True
Evaluations: 354
Running function 4 instance 7 repetition 16 with A2 BFGS, budget 50, run_from_scratch=True
Evaluations: 186
Running function 4 instance 7 repetition 17 with A2 BFGS, budget 50, run_from_scratch=True
Evaluations: 216
Running function 4 instance 7 repetition 18 with A2 BFGS, budget 50, run_from_scratch=True
Evaluations: 228
Running function 4 instance 7 repetition 19 with A2 BFGS, budget 50, run_from_scratch=True
Evaluations: 156
Running function 5 instance 6 repetition 0 with A2 BFGS, budget 50, run_from_scratch=True
Evaluations: 850
Running function 5 instance 6 repetition 1 with A2 BFGS, budget 50, run_from_scratch=True
Evaluations: 850
Running function 5 instance 6 repetition 2 with A2 BFGS, budget 50, run_from_scratch=True
Evaluations: 850
Running function 5 instance 6 repetition 3 with A2 BFGS, budget 50, run_from_scratch=True
Evaluations: 850
Running function 5 instance 6 repetition 4 with A2 BFGS, budget 50, run_from_scratch=True
Evaluations: 850
Running function 5 instance 6 repetition 5 with A2 BFGS, budget 50, run_from_scratch=True
Evaluations: 850
Running function 5 instance 6 repetition 6 with A2 BFGS, budget 50, run_from_scratch=True
Evaluations: 850
Running function 5 instance 6 repetition 7 with A2 BFGS, budget 50, run_from_scratch=True
Evaluations: 850
Running function 5 instance 6 repetition 8 with A2 BFGS, budget 50, run_from_scratch=True
Evaluations: 850
Running function 5 instance 6 repetition 9 with A2 BFGS, budget 50, run_from_scratch=True
Evaluations: 850
Running function 5 instance 6 repetition 10 with A2 BFGS, budget 50, run_from_scratch=True
Evaluations: 850
Running function 5 instance 6 repetition 11 with A2 BFGS, budget 50, run_from_scratch=True
Evaluations: 850
Running function 5 instance 6 repetition 12 with A2 BFGS, budget 50, run_from_scratch=True
Evaluations: 850
Running function 5 instance 6 repetition 13 with A2 BFGS, budget 50, run_from_scratch=True
Evaluations: 850
Running function 5 instance 6 repetition 14 with A2 BFGS, budget 50, run_from_scratch=True
Evaluations: 850
Running function 5 instance 6 repetition 15 with A2 BFGS, budget 50, run_from_scratch=True
Evaluations: 850
Running function 5 instance 6 repetition 16 with A2 BFGS, budget 50, run_from_scratch=True
Evaluations: 850
Running function 5 instance 6 repetition 17 with A2 BFGS, budget 50, run_from_scratch=True
Evaluations: 850
Running function 5 instance 6 repetition 18 with A2 BFGS, budget 50, run_from_scratch=True
Evaluations: 850
Running function 5 instance 6 repetition 19 with A2 BFGS, budget 50, run_from_scratch=True
Evaluations: 850
Running function 5 instance 7 repetition 0 with A2 BFGS, budget 50, run_from_scratch=True
Evaluations: 850
Running function 5 instance 7 repetition 1 with A2 BFGS, budget 50, run_from_scratch=True
Evaluations: 850
Running function 5 instance 7 repetition 2 with A2 BFGS, budget 50, run_from_scratch=True
Evaluations: 850
Running function 5 instance 7 repetition 3 with A2 BFGS, budget 50, run_from_scratch=True
Evaluations: 850
Running function 5 instance 7 repetition 4 with A2 BFGS, budget 50, run_from_scratch=True
Evaluations: 850
Running function 5 instance 7 repetition 5 with A2 BFGS, budget 50, run_from_scratch=True
Evaluations: 850
Running function 5 instance 7 repetition 6 with A2 BFGS, budget 50, run_from_scratch=True
Evaluations: 850
Running function 5 instance 7 repetition 7 with A2 BFGS, budget 50, run_from_scratch=True
Evaluations: 850
Running function 5 instance 7 repetition 8 with A2 BFGS, budget 50, run_from_scratch=True
Evaluations: 850
Running function 5 instance 7 repetition 9 with A2 BFGS, budget 50, run_from_scratch=True
Evaluations: 850
Running function 5 instance 7 repetition 10 with A2 BFGS, budget 50, run_from_scratch=True
Evaluations: 850
Running function 5 instance 7 repetition 11 with A2 BFGS, budget 50, run_from_scratch=True
Evaluations: 850
Running function 5 instance 7 repetition 12 with A2 BFGS, budget 50, run_from_scratch=True
Evaluations: 850
Running function 5 instance 7 repetition 13 with A2 BFGS, budget 50, run_from_scratch=True
Evaluations: 850
Running function 5 instance 7 repetition 14 with A2 BFGS, budget 50, run_from_scratch=True
Evaluations: 850
Running function 5 instance 7 repetition 15 with A2 BFGS, budget 50, run_from_scratch=True
Evaluations: 850
Running function 5 instance 7 repetition 16 with A2 BFGS, budget 50, run_from_scratch=True
Evaluations: 850
Running function 5 instance 7 repetition 17 with A2 BFGS, budget 50, run_from_scratch=True
Evaluations: 850
Running function 5 instance 7 repetition 18 with A2 BFGS, budget 50, run_from_scratch=True
Evaluations: 850
Running function 5 instance 7 repetition 19 with A2 BFGS, budget 50, run_from_scratch=True
Evaluations: 850
Running function 6 instance 6 repetition 0 with A2 BFGS, budget 50, run_from_scratch=True
Evaluations: 888
Running function 6 instance 6 repetition 1 with A2 BFGS, budget 50, run_from_scratch=True
Evaluations: 858
Running function 6 instance 6 repetition 2 with A2 BFGS, budget 50, run_from_scratch=True
Evaluations: 858
Running function 6 instance 6 repetition 3 with A2 BFGS, budget 50, run_from_scratch=True
Evaluations: 864
Running function 6 instance 6 repetition 4 with A2 BFGS, budget 50, run_from_scratch=True
Evaluations: 972
Running function 6 instance 6 repetition 5 with A2 BFGS, budget 50, run_from_scratch=True
Evaluations: 900
Running function 6 instance 6 repetition 6 with A2 BFGS, budget 50, run_from_scratch=True
Evaluations: 882
Running function 6 instance 6 repetition 7 with A2 BFGS, budget 50, run_from_scratch=True
Evaluations: 882
Running function 6 instance 6 repetition 8 with A2 BFGS, budget 50, run_from_scratch=True
Evaluations: 870
Running function 6 instance 6 repetition 9 with A2 BFGS, budget 50, run_from_scratch=True
Evaluations: 990
Running function 6 instance 6 repetition 10 with A2 BFGS, budget 50, run_from_scratch=True
Evaluations: 852
Running function 6 instance 6 repetition 11 with A2 BFGS, budget 50, run_from_scratch=True
Evaluations: 912
Running function 6 instance 6 repetition 12 with A2 BFGS, budget 50, run_from_scratch=True
Evaluations: 876
Running function 6 instance 6 repetition 13 with A2 BFGS, budget 50, run_from_scratch=True
Evaluations: 852
Running function 6 instance 6 repetition 14 with A2 BFGS, budget 50, run_from_scratch=True
Evaluations: 864
Running function 6 instance 6 repetition 15 with A2 BFGS, budget 50, run_from_scratch=True
Evaluations: 870
Running function 6 instance 6 repetition 16 with A2 BFGS, budget 50, run_from_scratch=True
Evaluations: 918
Running function 6 instance 6 repetition 17 with A2 BFGS, budget 50, run_from_scratch=True
Evaluations: 852
Running function 6 instance 6 repetition 18 with A2 BFGS, budget 50, run_from_scratch=True
Evaluations: 852
Running function 6 instance 6 repetition 19 with A2 BFGS, budget 50, run_from_scratch=True
Evaluations: 888
Running function 6 instance 7 repetition 0 with A2 BFGS, budget 50, run_from_scratch=True
Evaluations: 900
Running function 6 instance 7 repetition 1 with A2 BFGS, budget 50, run_from_scratch=True
Evaluations: 870
Running function 6 instance 7 repetition 2 with A2 BFGS, budget 50, run_from_scratch=True
Evaluations: 852
Running function 6 instance 7 repetition 3 with A2 BFGS, budget 50, run_from_scratch=True
Evaluations: 852
Running function 6 instance 7 repetition 4 with A2 BFGS, budget 50, run_from_scratch=True
Evaluations: 906
Running function 6 instance 7 repetition 5 with A2 BFGS, budget 50, run_from_scratch=True
Evaluations: 858
Running function 6 instance 7 repetition 6 with A2 BFGS, budget 50, run_from_scratch=True
Evaluations: 888
Running function 6 instance 7 repetition 7 with A2 BFGS, budget 50, run_from_scratch=True
Evaluations: 882
Running function 6 instance 7 repetition 8 with A2 BFGS, budget 50, run_from_scratch=True
Evaluations: 858
Running function 6 instance 7 repetition 9 with A2 BFGS, budget 50, run_from_scratch=True
Evaluations: 864
Running function 6 instance 7 repetition 10 with A2 BFGS, budget 50, run_from_scratch=True
Evaluations: 852
Running function 6 instance 7 repetition 11 with A2 BFGS, budget 50, run_from_scratch=True
Evaluations: 864
Running function 6 instance 7 repetition 12 with A2 BFGS, budget 50, run_from_scratch=True
Evaluations: 888
Running function 6 instance 7 repetition 13 with A2 BFGS, budget 50, run_from_scratch=True
Evaluations: 894
Running function 6 instance 7 repetition 14 with A2 BFGS, budget 50, run_from_scratch=True
Evaluations: 876
Running function 6 instance 7 repetition 15 with A2 BFGS, budget 50, run_from_scratch=True
Evaluations: 870
Running function 6 instance 7 repetition 16 with A2 BFGS, budget 50, run_from_scratch=True
Evaluations: 852
Running function 6 instance 7 repetition 17 with A2 BFGS, budget 50, run_from_scratch=True
Evaluations: 852
Running function 6 instance 7 repetition 18 with A2 BFGS, budget 50, run_from_scratch=True
Evaluations: 888
Running function 6 instance 7 repetition 19 with A2 BFGS, budget 50, run_from_scratch=True
Evaluations: 852
Running function 7 instance 6 repetition 0 with A2 BFGS, budget 50, run_from_scratch=True
Evaluations: 850
Running function 7 instance 6 repetition 1 with A2 BFGS, budget 50, run_from_scratch=True
Evaluations: 850
Running function 7 instance 6 repetition 2 with A2 BFGS, budget 50, run_from_scratch=True
Evaluations: 850
Running function 7 instance 6 repetition 3 with A2 BFGS, budget 50, run_from_scratch=True
Evaluations: 850
Running function 7 instance 6 repetition 4 with A2 BFGS, budget 50, run_from_scratch=True
Evaluations: 850
Running function 7 instance 6 repetition 5 with A2 BFGS, budget 50, run_from_scratch=True
Evaluations: 850
Running function 7 instance 6 repetition 6 with A2 BFGS, budget 50, run_from_scratch=True
Evaluations: 850
Running function 7 instance 6 repetition 7 with A2 BFGS, budget 50, run_from_scratch=True
Evaluations: 850
Running function 7 instance 6 repetition 8 with A2 BFGS, budget 50, run_from_scratch=True
Evaluations: 850
Running function 7 instance 6 repetition 9 with A2 BFGS, budget 50, run_from_scratch=True
Evaluations: 850
Running function 7 instance 6 repetition 10 with A2 BFGS, budget 50, run_from_scratch=True
Evaluations: 850
Running function 7 instance 6 repetition 11 with A2 BFGS, budget 50, run_from_scratch=True
Evaluations: 850
Running function 7 instance 6 repetition 12 with A2 BFGS, budget 50, run_from_scratch=True
Evaluations: 850
Running function 7 instance 6 repetition 13 with A2 BFGS, budget 50, run_from_scratch=True
Evaluations: 850
Running function 7 instance 6 repetition 14 with A2 BFGS, budget 50, run_from_scratch=True
Evaluations: 850
Running function 7 instance 6 repetition 15 with A2 BFGS, budget 50, run_from_scratch=True
Evaluations: 850
Running function 7 instance 6 repetition 16 with A2 BFGS, budget 50, run_from_scratch=True
Evaluations: 850
Running function 7 instance 6 repetition 17 with A2 BFGS, budget 50, run_from_scratch=True
Evaluations: 850
Running function 7 instance 6 repetition 18 with A2 BFGS, budget 50, run_from_scratch=True
Evaluations: 850
Running function 7 instance 6 repetition 19 with A2 BFGS, budget 50, run_from_scratch=True
Evaluations: 850
Running function 7 instance 7 repetition 0 with A2 BFGS, budget 50, run_from_scratch=True
Evaluations: 850
Running function 7 instance 7 repetition 1 with A2 BFGS, budget 50, run_from_scratch=True
Evaluations: 850
Running function 7 instance 7 repetition 2 with A2 BFGS, budget 50, run_from_scratch=True
Evaluations: 850
Running function 7 instance 7 repetition 3 with A2 BFGS, budget 50, run_from_scratch=True
Evaluations: 850
Running function 7 instance 7 repetition 4 with A2 BFGS, budget 50, run_from_scratch=True
Evaluations: 850
Running function 7 instance 7 repetition 5 with A2 BFGS, budget 50, run_from_scratch=True
Evaluations: 850
Running function 7 instance 7 repetition 6 with A2 BFGS, budget 50, run_from_scratch=True
Evaluations: 850
Running function 7 instance 7 repetition 7 with A2 BFGS, budget 50, run_from_scratch=True
Evaluations: 850
Running function 7 instance 7 repetition 8 with A2 BFGS, budget 50, run_from_scratch=True
Evaluations: 850
Running function 7 instance 7 repetition 9 with A2 BFGS, budget 50, run_from_scratch=True
Evaluations: 850
Running function 7 instance 7 repetition 10 with A2 BFGS, budget 50, run_from_scratch=True
Evaluations: 850
Running function 7 instance 7 repetition 11 with A2 BFGS, budget 50, run_from_scratch=True
Evaluations: 850
Running function 7 instance 7 repetition 12 with A2 BFGS, budget 50, run_from_scratch=True
Evaluations: 850
Running function 7 instance 7 repetition 13 with A2 BFGS, budget 50, run_from_scratch=True
Evaluations: 850
Running function 7 instance 7 repetition 14 with A2 BFGS, budget 50, run_from_scratch=True
Evaluations: 850
Running function 7 instance 7 repetition 15 with A2 BFGS, budget 50, run_from_scratch=True
Evaluations: 850
Running function 7 instance 7 repetition 16 with A2 BFGS, budget 50, run_from_scratch=True
Evaluations: 850
Running function 7 instance 7 repetition 17 with A2 BFGS, budget 50, run_from_scratch=True
Evaluations: 850
Running function 7 instance 7 repetition 18 with A2 BFGS, budget 50, run_from_scratch=True
Evaluations: 850
Running function 7 instance 7 repetition 19 with A2 BFGS, budget 50, run_from_scratch=True
Evaluations: 850
Running function 8 instance 6 repetition 0 with A2 BFGS, budget 50, run_from_scratch=True
Evaluations: 756
Running function 8 instance 6 repetition 1 with A2 BFGS, budget 50, run_from_scratch=True
Evaluations: 714
Running function 8 instance 6 repetition 2 with A2 BFGS, budget 50, run_from_scratch=True
Evaluations: 965
Running function 8 instance 6 repetition 3 with A2 BFGS, budget 50, run_from_scratch=True
Evaluations: 726
Running function 8 instance 6 repetition 4 with A2 BFGS, budget 50, run_from_scratch=True
Evaluations: 1026
Running function 8 instance 6 repetition 5 with A2 BFGS, budget 50, run_from_scratch=True
Evaluations: 834
Running function 8 instance 6 repetition 6 with A2 BFGS, budget 50, run_from_scratch=True
Evaluations: 750
Running function 8 instance 6 repetition 7 with A2 BFGS, budget 50, run_from_scratch=True
Evaluations: 540
Running function 8 instance 6 repetition 8 with A2 BFGS, budget 50, run_from_scratch=True
Evaluations: 870
Running function 8 instance 6 repetition 9 with A2 BFGS, budget 50, run_from_scratch=True
Evaluations: 366
Running function 8 instance 6 repetition 10 with A2 BFGS, budget 50, run_from_scratch=True
Evaluations: 1068
Running function 8 instance 6 repetition 11 with A2 BFGS, budget 50, run_from_scratch=True
Evaluations: 1014
Running function 8 instance 6 repetition 12 with A2 BFGS, budget 50, run_from_scratch=True
Evaluations: 828
Running function 8 instance 6 repetition 13 with A2 BFGS, budget 50, run_from_scratch=True
Evaluations: 1134
Running function 8 instance 6 repetition 14 with A2 BFGS, budget 50, run_from_scratch=True
Evaluations: 840
Running function 8 instance 6 repetition 15 with A2 BFGS, budget 50, run_from_scratch=True
Evaluations: 900
Running function 8 instance 6 repetition 16 with A2 BFGS, budget 50, run_from_scratch=True
Evaluations: 738
Running function 8 instance 6 repetition 17 with A2 BFGS, budget 50, run_from_scratch=True
Evaluations: 750
Running function 8 instance 6 repetition 18 with A2 BFGS, budget 50, run_from_scratch=True
Evaluations: 850
Running function 8 instance 6 repetition 19 with A2 BFGS, budget 50, run_from_scratch=True
Evaluations: 582
Running function 8 instance 7 repetition 0 with A2 BFGS, budget 50, run_from_scratch=True
Evaluations: 750
Running function 8 instance 7 repetition 1 with A2 BFGS, budget 50, run_from_scratch=True
Evaluations: 924
Running function 8 instance 7 repetition 2 with A2 BFGS, budget 50, run_from_scratch=True
Evaluations: 786
Running function 8 instance 7 repetition 3 with A2 BFGS, budget 50, run_from_scratch=True
Evaluations: 672
Running function 8 instance 7 repetition 4 with A2 BFGS, budget 50, run_from_scratch=True
Evaluations: 900
Running function 8 instance 7 repetition 5 with A2 BFGS, budget 50, run_from_scratch=True
Evaluations: 708
Running function 8 instance 7 repetition 6 with A2 BFGS, budget 50, run_from_scratch=True
Evaluations: 744
Running function 8 instance 7 repetition 7 with A2 BFGS, budget 50, run_from_scratch=True
Evaluations: 672
Running function 8 instance 7 repetition 8 with A2 BFGS, budget 50, run_from_scratch=True
Evaluations: 840
Running function 8 instance 7 repetition 9 with A2 BFGS, budget 50, run_from_scratch=True
Evaluations: 726
Running function 8 instance 7 repetition 10 with A2 BFGS, budget 50, run_from_scratch=True
Evaluations: 833
Running function 8 instance 7 repetition 11 with A2 BFGS, budget 50, run_from_scratch=True
Evaluations: 870
Running function 8 instance 7 repetition 12 with A2 BFGS, budget 50, run_from_scratch=True
Evaluations: 666
Running function 8 instance 7 repetition 13 with A2 BFGS, budget 50, run_from_scratch=True
Evaluations: 1038
Running function 8 instance 7 repetition 14 with A2 BFGS, budget 50, run_from_scratch=True
Evaluations: 780
Running function 8 instance 7 repetition 15 with A2 BFGS, budget 50, run_from_scratch=True
Evaluations: 336
Running function 8 instance 7 repetition 16 with A2 BFGS, budget 50, run_from_scratch=True
Evaluations: 743
Running function 8 instance 7 repetition 17 with A2 BFGS, budget 50, run_from_scratch=True
Evaluations: 684
Running function 8 instance 7 repetition 18 with A2 BFGS, budget 50, run_from_scratch=True
Evaluations: 738
Running function 8 instance 7 repetition 19 with A2 BFGS, budget 50, run_from_scratch=True
Evaluations: 826
Running function 9 instance 6 repetition 0 with A2 BFGS, budget 50, run_from_scratch=True
Evaluations: 408
Running function 9 instance 6 repetition 1 with A2 BFGS, budget 50, run_from_scratch=True
Evaluations: 684
Running function 9 instance 6 repetition 2 with A2 BFGS, budget 50, run_from_scratch=True
Evaluations: 708
Running function 9 instance 6 repetition 3 with A2 BFGS, budget 50, run_from_scratch=True
Evaluations: 744
Running function 9 instance 6 repetition 4 with A2 BFGS, budget 50, run_from_scratch=True
Evaluations: 528
Running function 9 instance 6 repetition 5 with A2 BFGS, budget 50, run_from_scratch=True
Evaluations: 696
Running function 9 instance 6 repetition 6 with A2 BFGS, budget 50, run_from_scratch=True
Evaluations: 750
Running function 9 instance 6 repetition 7 with A2 BFGS, budget 50, run_from_scratch=True
Evaluations: 839
Running function 9 instance 6 repetition 8 with A2 BFGS, budget 50, run_from_scratch=True
Evaluations: 636
Running function 9 instance 6 repetition 9 with A2 BFGS, budget 50, run_from_scratch=True
Evaluations: 912
Running function 9 instance 6 repetition 10 with A2 BFGS, budget 50, run_from_scratch=True
Evaluations: 582
Running function 9 instance 6 repetition 11 with A2 BFGS, budget 50, run_from_scratch=True
Evaluations: 624
Running function 9 instance 6 repetition 12 with A2 BFGS, budget 50, run_from_scratch=True
Evaluations: 438
Running function 9 instance 6 repetition 13 with A2 BFGS, budget 50, run_from_scratch=True
Evaluations: 845
Running function 9 instance 6 repetition 14 with A2 BFGS, budget 50, run_from_scratch=True
Evaluations: 498
Running function 9 instance 6 repetition 15 with A2 BFGS, budget 50, run_from_scratch=True
Evaluations: 858
Running function 9 instance 6 repetition 16 with A2 BFGS, budget 50, run_from_scratch=True
Evaluations: 864
Running function 9 instance 6 repetition 17 with A2 BFGS, budget 50, run_from_scratch=True
Evaluations: 474
Running function 9 instance 6 repetition 18 with A2 BFGS, budget 50, run_from_scratch=True
Evaluations: 606
Running function 9 instance 6 repetition 19 with A2 BFGS, budget 50, run_from_scratch=True
Evaluations: 330
Running function 9 instance 7 repetition 0 with A2 BFGS, budget 50, run_from_scratch=True
Evaluations: 330
Running function 9 instance 7 repetition 1 with A2 BFGS, budget 50, run_from_scratch=True
Evaluations: 540
Running function 9 instance 7 repetition 2 with A2 BFGS, budget 50, run_from_scratch=True
Evaluations: 408
Running function 9 instance 7 repetition 3 with A2 BFGS, budget 50, run_from_scratch=True
Evaluations: 618
Running function 9 instance 7 repetition 4 with A2 BFGS, budget 50, run_from_scratch=True
Evaluations: 1044
Running function 9 instance 7 repetition 5 with A2 BFGS, budget 50, run_from_scratch=True
Evaluations: 929
Running function 9 instance 7 repetition 6 with A2 BFGS, budget 50, run_from_scratch=True
Evaluations: 732
Running function 9 instance 7 repetition 7 with A2 BFGS, budget 50, run_from_scratch=True
Evaluations: 834
Running function 9 instance 7 repetition 8 with A2 BFGS, budget 50, run_from_scratch=True
Evaluations: 336
Running function 9 instance 7 repetition 9 with A2 BFGS, budget 50, run_from_scratch=True
Evaluations: 546
Running function 9 instance 7 repetition 10 with A2 BFGS, budget 50, run_from_scratch=True
Evaluations: 666
Running function 9 instance 7 repetition 11 with A2 BFGS, budget 50, run_from_scratch=True
Evaluations: 612
Running function 9 instance 7 repetition 12 with A2 BFGS, budget 50, run_from_scratch=True
Evaluations: 804
Running function 9 instance 7 repetition 13 with A2 BFGS, budget 50, run_from_scratch=True
Evaluations: 714
Running function 9 instance 7 repetition 14 with A2 BFGS, budget 50, run_from_scratch=True
Evaluations: 864
Running function 9 instance 7 repetition 15 with A2 BFGS, budget 50, run_from_scratch=True
Evaluations: 725
Running function 9 instance 7 repetition 16 with A2 BFGS, budget 50, run_from_scratch=True
Evaluations: 516
Running function 9 instance 7 repetition 17 with A2 BFGS, budget 50, run_from_scratch=True
Evaluations: 780
Running function 9 instance 7 repetition 18 with A2 BFGS, budget 50, run_from_scratch=True
Evaluations: 774
Running function 9 instance 7 repetition 19 with A2 BFGS, budget 50, run_from_scratch=True
Evaluations: 876
Running function 10 instance 6 repetition 0 with A2 BFGS, budget 50, run_from_scratch=True
Evaluations: 744
Running function 10 instance 6 repetition 1 with A2 BFGS, budget 50, run_from_scratch=True
Evaluations: 540
Running function 10 instance 6 repetition 2 with A2 BFGS, budget 50, run_from_scratch=True
Evaluations: 694
Running function 10 instance 6 repetition 3 with A2 BFGS, budget 50, run_from_scratch=True
Evaluations: 480
Running function 10 instance 6 repetition 4 with A2 BFGS, budget 50, run_from_scratch=True
Evaluations: 624
Running function 10 instance 6 repetition 5 with A2 BFGS, budget 50, run_from_scratch=True
Evaluations: 852
Running function 10 instance 6 repetition 6 with A2 BFGS, budget 50, run_from_scratch=True
Evaluations: 516
Running function 10 instance 6 repetition 7 with A2 BFGS, budget 50, run_from_scratch=True
Evaluations: 570
Running function 10 instance 6 repetition 8 with A2 BFGS, budget 50, run_from_scratch=True
Evaluations: 815
Running function 10 instance 6 repetition 9 with A2 BFGS, budget 50, run_from_scratch=True
Evaluations: 576
Running function 10 instance 6 repetition 10 with A2 BFGS, budget 50, run_from_scratch=True
Evaluations: 677
Running function 10 instance 6 repetition 11 with A2 BFGS, budget 50, run_from_scratch=True
Evaluations: 569
Running function 10 instance 6 repetition 12 with A2 BFGS, budget 50, run_from_scratch=True
Evaluations: 648
Running function 10 instance 6 repetition 13 with A2 BFGS, budget 50, run_from_scratch=True
Evaluations: 498
Running function 10 instance 6 repetition 14 with A2 BFGS, budget 50, run_from_scratch=True
Evaluations: 1080
Running function 10 instance 6 repetition 15 with A2 BFGS, budget 50, run_from_scratch=True
Evaluations: 955
Running function 10 instance 6 repetition 16 with A2 BFGS, budget 50, run_from_scratch=True
Evaluations: 653
Running function 10 instance 6 repetition 17 with A2 BFGS, budget 50, run_from_scratch=True
Evaluations: 773
Running function 10 instance 6 repetition 18 with A2 BFGS, budget 50, run_from_scratch=True
Evaluations: 564
Running function 10 instance 6 repetition 19 with A2 BFGS, budget 50, run_from_scratch=True
Evaluations: 437
Running function 10 instance 7 repetition 0 with A2 BFGS, budget 50, run_from_scratch=True
Evaluations: 702
Running function 10 instance 7 repetition 1 with A2 BFGS, budget 50, run_from_scratch=True
Evaluations: 522
Running function 10 instance 7 repetition 2 with A2 BFGS, budget 50, run_from_scratch=True
Evaluations: 570
Running function 10 instance 7 repetition 3 with A2 BFGS, budget 50, run_from_scratch=True
Evaluations: 540
Running function 10 instance 7 repetition 4 with A2 BFGS, budget 50, run_from_scratch=True
Evaluations: 540
Running function 10 instance 7 repetition 5 with A2 BFGS, budget 50, run_from_scratch=True
Evaluations: 443
Running function 10 instance 7 repetition 6 with A2 BFGS, budget 50, run_from_scratch=True
Evaluations: 756
Running function 10 instance 7 repetition 7 with A2 BFGS, budget 50, run_from_scratch=True
Evaluations: 563
Running function 10 instance 7 repetition 8 with A2 BFGS, budget 50, run_from_scratch=True
Evaluations: 582
Running function 10 instance 7 repetition 9 with A2 BFGS, budget 50, run_from_scratch=True
Evaluations: 786
Running function 10 instance 7 repetition 10 with A2 BFGS, budget 50, run_from_scratch=True
Evaluations: 522
Running function 10 instance 7 repetition 11 with A2 BFGS, budget 50, run_from_scratch=True
Evaluations: 870
Running function 10 instance 7 repetition 12 with A2 BFGS, budget 50, run_from_scratch=True
Evaluations: 456
Running function 10 instance 7 repetition 13 with A2 BFGS, budget 50, run_from_scratch=True
Evaluations: 359
Running function 10 instance 7 repetition 14 with A2 BFGS, budget 50, run_from_scratch=True
Evaluations: 510
Running function 10 instance 7 repetition 15 with A2 BFGS, budget 50, run_from_scratch=True
Evaluations: 774
Running function 10 instance 7 repetition 16 with A2 BFGS, budget 50, run_from_scratch=True
Evaluations: 396
Running function 10 instance 7 repetition 17 with A2 BFGS, budget 50, run_from_scratch=True
Evaluations: 515
Running function 10 instance 7 repetition 18 with A2 BFGS, budget 50, run_from_scratch=True
Evaluations: 618
Running function 10 instance 7 repetition 19 with A2 BFGS, budget 50, run_from_scratch=True
Evaluations: 594
Running function 11 instance 6 repetition 0 with A2 BFGS, budget 50, run_from_scratch=True
Evaluations: 348
Running function 11 instance 6 repetition 1 with A2 BFGS, budget 50, run_from_scratch=True
Evaluations: 432
Running function 11 instance 6 repetition 2 with A2 BFGS, budget 50, run_from_scratch=True
Evaluations: 330
Running function 11 instance 6 repetition 3 with A2 BFGS, budget 50, run_from_scratch=True
Evaluations: 641
Running function 11 instance 6 repetition 4 with A2 BFGS, budget 50, run_from_scratch=True
Evaluations: 556
Running function 11 instance 6 repetition 5 with A2 BFGS, budget 50, run_from_scratch=True
Evaluations: 420
Running function 11 instance 6 repetition 6 with A2 BFGS, budget 50, run_from_scratch=True
Evaluations: 738
Running function 11 instance 6 repetition 7 with A2 BFGS, budget 50, run_from_scratch=True
Evaluations: 408
Running function 11 instance 6 repetition 8 with A2 BFGS, budget 50, run_from_scratch=True
Evaluations: 486
Running function 11 instance 6 repetition 9 with A2 BFGS, budget 50, run_from_scratch=True
Evaluations: 402
Running function 11 instance 6 repetition 10 with A2 BFGS, budget 50, run_from_scratch=True
Evaluations: 528
Running function 11 instance 6 repetition 11 with A2 BFGS, budget 50, run_from_scratch=True
Evaluations: 966
Running function 11 instance 6 repetition 12 with A2 BFGS, budget 50, run_from_scratch=True
Evaluations: 517
Running function 11 instance 6 repetition 13 with A2 BFGS, budget 50, run_from_scratch=True
Evaluations: 612
Running function 11 instance 6 repetition 14 with A2 BFGS, budget 50, run_from_scratch=True
Evaluations: 311
Running function 11 instance 6 repetition 15 with A2 BFGS, budget 50, run_from_scratch=True
Evaluations: 557
Running function 11 instance 6 repetition 16 with A2 BFGS, budget 50, run_from_scratch=True
Evaluations: 468
Running function 11 instance 6 repetition 17 with A2 BFGS, budget 50, run_from_scratch=True
Evaluations: 293
Running function 11 instance 6 repetition 18 with A2 BFGS, budget 50, run_from_scratch=True
Evaluations: 612
Running function 11 instance 6 repetition 19 with A2 BFGS, budget 50, run_from_scratch=True
Evaluations: 360
Running function 11 instance 7 repetition 0 with A2 BFGS, budget 50, run_from_scratch=True
Evaluations: 384
Running function 11 instance 7 repetition 1 with A2 BFGS, budget 50, run_from_scratch=True
Evaluations: 510
Running function 11 instance 7 repetition 2 with A2 BFGS, budget 50, run_from_scratch=True
Evaluations: 606
Running function 11 instance 7 repetition 3 with A2 BFGS, budget 50, run_from_scratch=True
Evaluations: 498
Running function 11 instance 7 repetition 4 with A2 BFGS, budget 50, run_from_scratch=True
Evaluations: 407
Running function 11 instance 7 repetition 5 with A2 BFGS, budget 50, run_from_scratch=True
Evaluations: 456
Running function 11 instance 7 repetition 6 with A2 BFGS, budget 50, run_from_scratch=True
Evaluations: 702
Running function 11 instance 7 repetition 7 with A2 BFGS, budget 50, run_from_scratch=True
Evaluations: 342
Running function 11 instance 7 repetition 8 with A2 BFGS, budget 50, run_from_scratch=True
Evaluations: 468
Running function 11 instance 7 repetition 9 with A2 BFGS, budget 50, run_from_scratch=True
Evaluations: 612
Running function 11 instance 7 repetition 10 with A2 BFGS, budget 50, run_from_scratch=True
Evaluations: 354
Running function 11 instance 7 repetition 11 with A2 BFGS, budget 50, run_from_scratch=True
Evaluations: 468
Running function 11 instance 7 repetition 12 with A2 BFGS, budget 50, run_from_scratch=True
Evaluations: 618
Running function 11 instance 7 repetition 13 with A2 BFGS, budget 50, run_from_scratch=True
Evaluations: 594
Running function 11 instance 7 repetition 14 with A2 BFGS, budget 50, run_from_scratch=True
Evaluations: 618
Running function 11 instance 7 repetition 15 with A2 BFGS, budget 50, run_from_scratch=True
Evaluations: 461
Running function 11 instance 7 repetition 16 with A2 BFGS, budget 50, run_from_scratch=True
Evaluations: 456
Running function 11 instance 7 repetition 17 with A2 BFGS, budget 50, run_from_scratch=True
Evaluations: 552
Running function 11 instance 7 repetition 18 with A2 BFGS, budget 50, run_from_scratch=True
Evaluations: 360
Running function 11 instance 7 repetition 19 with A2 BFGS, budget 50, run_from_scratch=True
Evaluations: 426
Running function 12 instance 6 repetition 0 with A2 BFGS, budget 50, run_from_scratch=True
Evaluations: 816
Running function 12 instance 6 repetition 1 with A2 BFGS, budget 50, run_from_scratch=True
Evaluations: 852
Running function 12 instance 6 repetition 2 with A2 BFGS, budget 50, run_from_scratch=True
Evaluations: 852
Running function 12 instance 6 repetition 3 with A2 BFGS, budget 50, run_from_scratch=True
Evaluations: 852
Running function 12 instance 6 repetition 4 with A2 BFGS, budget 50, run_from_scratch=True
Evaluations: 852
Running function 12 instance 6 repetition 5 with A2 BFGS, budget 50, run_from_scratch=True
Evaluations: 852
Running function 12 instance 6 repetition 6 with A2 BFGS, budget 50, run_from_scratch=True
Evaluations: 852
Running function 12 instance 6 repetition 7 with A2 BFGS, budget 50, run_from_scratch=True
Evaluations: 852
Running function 12 instance 6 repetition 8 with A2 BFGS, budget 50, run_from_scratch=True
Evaluations: 852
Running function 12 instance 6 repetition 9 with A2 BFGS, budget 50, run_from_scratch=True
Evaluations: 852
Running function 12 instance 6 repetition 10 with A2 BFGS, budget 50, run_from_scratch=True
Evaluations: 852
Running function 12 instance 6 repetition 11 with A2 BFGS, budget 50, run_from_scratch=True
Evaluations: 858
Running function 12 instance 6 repetition 12 with A2 BFGS, budget 50, run_from_scratch=True
Evaluations: 858
Running function 12 instance 6 repetition 13 with A2 BFGS, budget 50, run_from_scratch=True
Evaluations: 852
Running function 12 instance 6 repetition 14 with A2 BFGS, budget 50, run_from_scratch=True
Evaluations: 852
Running function 12 instance 6 repetition 15 with A2 BFGS, budget 50, run_from_scratch=True
Evaluations: 852
Running function 12 instance 6 repetition 16 with A2 BFGS, budget 50, run_from_scratch=True
Evaluations: 852
Running function 12 instance 6 repetition 17 with A2 BFGS, budget 50, run_from_scratch=True
Evaluations: 852
Running function 12 instance 6 repetition 18 with A2 BFGS, budget 50, run_from_scratch=True
Evaluations: 858
Running function 12 instance 6 repetition 19 with A2 BFGS, budget 50, run_from_scratch=True
Evaluations: 852
Running function 12 instance 7 repetition 0 with A2 BFGS, budget 50, run_from_scratch=True
Evaluations: 852
Running function 12 instance 7 repetition 1 with A2 BFGS, budget 50, run_from_scratch=True
Evaluations: 852
Running function 12 instance 7 repetition 2 with A2 BFGS, budget 50, run_from_scratch=True
Evaluations: 792
Running function 12 instance 7 repetition 3 with A2 BFGS, budget 50, run_from_scratch=True
Evaluations: 852
Running function 12 instance 7 repetition 4 with A2 BFGS, budget 50, run_from_scratch=True
Evaluations: 678
Running function 12 instance 7 repetition 5 with A2 BFGS, budget 50, run_from_scratch=True
Evaluations: 852
Running function 12 instance 7 repetition 6 with A2 BFGS, budget 50, run_from_scratch=True
Evaluations: 858
Running function 12 instance 7 repetition 7 with A2 BFGS, budget 50, run_from_scratch=True
Evaluations: 852
Running function 12 instance 7 repetition 8 with A2 BFGS, budget 50, run_from_scratch=True
Evaluations: 942
Running function 12 instance 7 repetition 9 with A2 BFGS, budget 50, run_from_scratch=True
Evaluations: 780
Running function 12 instance 7 repetition 10 with A2 BFGS, budget 50, run_from_scratch=True
Evaluations: 852
Running function 12 instance 7 repetition 11 with A2 BFGS, budget 50, run_from_scratch=True
Evaluations: 852
Running function 12 instance 7 repetition 12 with A2 BFGS, budget 50, run_from_scratch=True
Evaluations: 1056
Running function 12 instance 7 repetition 13 with A2 BFGS, budget 50, run_from_scratch=True
Evaluations: 852
Running function 12 instance 7 repetition 14 with A2 BFGS, budget 50, run_from_scratch=True
Evaluations: 1110
Running function 12 instance 7 repetition 15 with A2 BFGS, budget 50, run_from_scratch=True
Evaluations: 912
Running function 12 instance 7 repetition 16 with A2 BFGS, budget 50, run_from_scratch=True
Evaluations: 864
Running function 12 instance 7 repetition 17 with A2 BFGS, budget 50, run_from_scratch=True
Evaluations: 906
Running function 12 instance 7 repetition 18 with A2 BFGS, budget 50, run_from_scratch=True
Evaluations: 852
Running function 12 instance 7 repetition 19 with A2 BFGS, budget 50, run_from_scratch=True
Evaluations: 929
Running function 13 instance 6 repetition 0 with A2 BFGS, budget 50, run_from_scratch=True
Evaluations: 522
Running function 13 instance 6 repetition 1 with A2 BFGS, budget 50, run_from_scratch=True
Evaluations: 594
Running function 13 instance 6 repetition 2 with A2 BFGS, budget 50, run_from_scratch=True
Evaluations: 510
Running function 13 instance 6 repetition 3 with A2 BFGS, budget 50, run_from_scratch=True
Evaluations: 558
Running function 13 instance 6 repetition 4 with A2 BFGS, budget 50, run_from_scratch=True
Evaluations: 558
Running function 13 instance 6 repetition 5 with A2 BFGS, budget 50, run_from_scratch=True
Evaluations: 593
Running function 13 instance 6 repetition 6 with A2 BFGS, budget 50, run_from_scratch=True
Evaluations: 431
Running function 13 instance 6 repetition 7 with A2 BFGS, budget 50, run_from_scratch=True
Evaluations: 466
Running function 13 instance 6 repetition 8 with A2 BFGS, budget 50, run_from_scratch=True
Evaluations: 540
Running function 13 instance 6 repetition 9 with A2 BFGS, budget 50, run_from_scratch=True
Evaluations: 582
Running function 13 instance 6 repetition 10 with A2 BFGS, budget 50, run_from_scratch=True
Evaluations: 492
Running function 13 instance 6 repetition 11 with A2 BFGS, budget 50, run_from_scratch=True
Evaluations: 454
Running function 13 instance 6 repetition 12 with A2 BFGS, budget 50, run_from_scratch=True
Evaluations: 636
Running function 13 instance 6 repetition 13 with A2 BFGS, budget 50, run_from_scratch=True
Evaluations: 539
Running function 13 instance 6 repetition 14 with A2 BFGS, budget 50, run_from_scratch=True
Evaluations: 522
Running function 13 instance 6 repetition 15 with A2 BFGS, budget 50, run_from_scratch=True
Evaluations: 648
Running function 13 instance 6 repetition 16 with A2 BFGS, budget 50, run_from_scratch=True
Evaluations: 504
Running function 13 instance 6 repetition 17 with A2 BFGS, budget 50, run_from_scratch=True
Evaluations: 570
Running function 13 instance 6 repetition 18 with A2 BFGS, budget 50, run_from_scratch=True
Evaluations: 497
Running function 13 instance 6 repetition 19 with A2 BFGS, budget 50, run_from_scratch=True
Evaluations: 539
Running function 13 instance 7 repetition 0 with A2 BFGS, budget 50, run_from_scratch=True
Evaluations: 528
Running function 13 instance 7 repetition 1 with A2 BFGS, budget 50, run_from_scratch=True
Evaluations: 522
Running function 13 instance 7 repetition 2 with A2 BFGS, budget 50, run_from_scratch=True
Evaluations: 582
Running function 13 instance 7 repetition 3 with A2 BFGS, budget 50, run_from_scratch=True
Evaluations: 564
Running function 13 instance 7 repetition 4 with A2 BFGS, budget 50, run_from_scratch=True
Evaluations: 594
Running function 13 instance 7 repetition 5 with A2 BFGS, budget 50, run_from_scratch=True
Evaluations: 546
Running function 13 instance 7 repetition 6 with A2 BFGS, budget 50, run_from_scratch=True
Evaluations: 576
Running function 13 instance 7 repetition 7 with A2 BFGS, budget 50, run_from_scratch=True
Evaluations: 594
Running function 13 instance 7 repetition 8 with A2 BFGS, budget 50, run_from_scratch=True
Evaluations: 497
Running function 13 instance 7 repetition 9 with A2 BFGS, budget 50, run_from_scratch=True
Evaluations: 450
Running function 13 instance 7 repetition 10 with A2 BFGS, budget 50, run_from_scratch=True
Evaluations: 581
Running function 13 instance 7 repetition 11 with A2 BFGS, budget 50, run_from_scratch=True
Evaluations: 606
Running function 13 instance 7 repetition 12 with A2 BFGS, budget 50, run_from_scratch=True
Evaluations: 558
Running function 13 instance 7 repetition 13 with A2 BFGS, budget 50, run_from_scratch=True
Evaluations: 612
Running function 13 instance 7 repetition 14 with A2 BFGS, budget 50, run_from_scratch=True
Evaluations: 600
Running function 13 instance 7 repetition 15 with A2 BFGS, budget 50, run_from_scratch=True
Evaluations: 510
Running function 13 instance 7 repetition 16 with A2 BFGS, budget 50, run_from_scratch=True
Evaluations: 575
Running function 13 instance 7 repetition 17 with A2 BFGS, budget 50, run_from_scratch=True
Evaluations: 449
Running function 13 instance 7 repetition 18 with A2 BFGS, budget 50, run_from_scratch=True
Evaluations: 510
Running function 13 instance 7 repetition 19 with A2 BFGS, budget 50, run_from_scratch=True
Evaluations: 564
Running function 14 instance 6 repetition 0 with A2 BFGS, budget 50, run_from_scratch=True
Evaluations: 426
Running function 14 instance 6 repetition 1 with A2 BFGS, budget 50, run_from_scratch=True
Evaluations: 473
Running function 14 instance 6 repetition 2 with A2 BFGS, budget 50, run_from_scratch=True
Evaluations: 425
Running function 14 instance 6 repetition 3 with A2 BFGS, budget 50, run_from_scratch=True
Evaluations: 539
Running function 14 instance 6 repetition 4 with A2 BFGS, budget 50, run_from_scratch=True
Evaluations: 582
Running function 14 instance 6 repetition 5 with A2 BFGS, budget 50, run_from_scratch=True
Evaluations: 516
Running function 14 instance 6 repetition 6 with A2 BFGS, budget 50, run_from_scratch=True
Evaluations: 516
Running function 14 instance 6 repetition 7 with A2 BFGS, budget 50, run_from_scratch=True
Evaluations: 546
Running function 14 instance 6 repetition 8 with A2 BFGS, budget 50, run_from_scratch=True
Evaluations: 594
Running function 14 instance 6 repetition 9 with A2 BFGS, budget 50, run_from_scratch=True
Evaluations: 456
Running function 14 instance 6 repetition 10 with A2 BFGS, budget 50, run_from_scratch=True
Evaluations: 498
Running function 14 instance 6 repetition 11 with A2 BFGS, budget 50, run_from_scratch=True
Evaluations: 462
Running function 14 instance 6 repetition 12 with A2 BFGS, budget 50, run_from_scratch=True
Evaluations: 533
Running function 14 instance 6 repetition 13 with A2 BFGS, budget 50, run_from_scratch=True
Evaluations: 503
Running function 14 instance 6 repetition 14 with A2 BFGS, budget 50, run_from_scratch=True
Evaluations: 570
Running function 14 instance 6 repetition 15 with A2 BFGS, budget 50, run_from_scratch=True
Evaluations: 444
Running function 14 instance 6 repetition 16 with A2 BFGS, budget 50, run_from_scratch=True
Evaluations: 528
Running function 14 instance 6 repetition 17 with A2 BFGS, budget 50, run_from_scratch=True
Evaluations: 516
Running function 14 instance 6 repetition 18 with A2 BFGS, budget 50, run_from_scratch=True
Evaluations: 522
Running function 14 instance 6 repetition 19 with A2 BFGS, budget 50, run_from_scratch=True
Evaluations: 516
Running function 14 instance 7 repetition 0 with A2 BFGS, budget 50, run_from_scratch=True
Evaluations: 390
Running function 14 instance 7 repetition 1 with A2 BFGS, budget 50, run_from_scratch=True
Evaluations: 521
Running function 14 instance 7 repetition 2 with A2 BFGS, budget 50, run_from_scratch=True
Evaluations: 456
Running function 14 instance 7 repetition 3 with A2 BFGS, budget 50, run_from_scratch=True
Evaluations: 449
Running function 14 instance 7 repetition 4 with A2 BFGS, budget 50, run_from_scratch=True
Evaluations: 516
Running function 14 instance 7 repetition 5 with A2 BFGS, budget 50, run_from_scratch=True
Evaluations: 450
Running function 14 instance 7 repetition 6 with A2 BFGS, budget 50, run_from_scratch=True
Evaluations: 498
Running function 14 instance 7 repetition 7 with A2 BFGS, budget 50, run_from_scratch=True
Evaluations: 570
Running function 14 instance 7 repetition 8 with A2 BFGS, budget 50, run_from_scratch=True
Evaluations: 510
Running function 14 instance 7 repetition 9 with A2 BFGS, budget 50, run_from_scratch=True
Evaluations: 492
Running function 14 instance 7 repetition 10 with A2 BFGS, budget 50, run_from_scratch=True
Evaluations: 695
Running function 14 instance 7 repetition 11 with A2 BFGS, budget 50, run_from_scratch=True
Evaluations: 450
Running function 14 instance 7 repetition 12 with A2 BFGS, budget 50, run_from_scratch=True
Evaluations: 426
Running function 14 instance 7 repetition 13 with A2 BFGS, budget 50, run_from_scratch=True
Evaluations: 624
Running function 14 instance 7 repetition 14 with A2 BFGS, budget 50, run_from_scratch=True
Evaluations: 588
Running function 14 instance 7 repetition 15 with A2 BFGS, budget 50, run_from_scratch=True
Evaluations: 402
Running function 14 instance 7 repetition 16 with A2 BFGS, budget 50, run_from_scratch=True
Evaluations: 594
Running function 14 instance 7 repetition 17 with A2 BFGS, budget 50, run_from_scratch=True
Evaluations: 534
Running function 14 instance 7 repetition 18 with A2 BFGS, budget 50, run_from_scratch=True
Evaluations: 480
Running function 14 instance 7 repetition 19 with A2 BFGS, budget 50, run_from_scratch=True
Evaluations: 552
Running function 15 instance 6 repetition 0 with A2 BFGS, budget 50, run_from_scratch=True
Evaluations: 850
Running function 15 instance 6 repetition 1 with A2 BFGS, budget 50, run_from_scratch=True
Evaluations: 156
Running function 15 instance 6 repetition 2 with A2 BFGS, budget 50, run_from_scratch=True
Evaluations: 246
Running function 15 instance 6 repetition 3 with A2 BFGS, budget 50, run_from_scratch=True
Evaluations: 234
Running function 15 instance 6 repetition 4 with A2 BFGS, budget 50, run_from_scratch=True
Evaluations: 288
Running function 15 instance 6 repetition 5 with A2 BFGS, budget 50, run_from_scratch=True
Evaluations: 282
Running function 15 instance 6 repetition 6 with A2 BFGS, budget 50, run_from_scratch=True
Evaluations: 258
Running function 15 instance 6 repetition 7 with A2 BFGS, budget 50, run_from_scratch=True
Evaluations: 384
Running function 15 instance 6 repetition 8 with A2 BFGS, budget 50, run_from_scratch=True
Evaluations: 180
Running function 15 instance 6 repetition 9 with A2 BFGS, budget 50, run_from_scratch=True
Evaluations: 204
Running function 15 instance 6 repetition 10 with A2 BFGS, budget 50, run_from_scratch=True
Evaluations: 276
Running function 15 instance 6 repetition 11 with A2 BFGS, budget 50, run_from_scratch=True
Evaluations: 378
Running function 15 instance 6 repetition 12 with A2 BFGS, budget 50, run_from_scratch=True
Evaluations: 414
Running function 15 instance 6 repetition 13 with A2 BFGS, budget 50, run_from_scratch=True
Evaluations: 192
Running function 15 instance 6 repetition 14 with A2 BFGS, budget 50, run_from_scratch=True
Evaluations: 180
Running function 15 instance 6 repetition 15 with A2 BFGS, budget 50, run_from_scratch=True
Evaluations: 162
Running function 15 instance 6 repetition 16 with A2 BFGS, budget 50, run_from_scratch=True
Evaluations: 234
Running function 15 instance 6 repetition 17 with A2 BFGS, budget 50, run_from_scratch=True
Evaluations: 492
Running function 15 instance 6 repetition 18 with A2 BFGS, budget 50, run_from_scratch=True
Evaluations: 246
Running function 15 instance 6 repetition 19 with A2 BFGS, budget 50, run_from_scratch=True
Evaluations: 312
Running function 15 instance 7 repetition 0 with A2 BFGS, budget 50, run_from_scratch=True
Evaluations: 426
Running function 15 instance 7 repetition 1 with A2 BFGS, budget 50, run_from_scratch=True
Evaluations: 312
Running function 15 instance 7 repetition 2 with A2 BFGS, budget 50, run_from_scratch=True
Evaluations: 636
Running function 15 instance 7 repetition 3 with A2 BFGS, budget 50, run_from_scratch=True
Evaluations: 324
Running function 15 instance 7 repetition 4 with A2 BFGS, budget 50, run_from_scratch=True
Evaluations: 324
Running function 15 instance 7 repetition 5 with A2 BFGS, budget 50, run_from_scratch=True
Evaluations: 324
Running function 15 instance 7 repetition 6 with A2 BFGS, budget 50, run_from_scratch=True
Evaluations: 330
Running function 15 instance 7 repetition 7 with A2 BFGS, budget 50, run_from_scratch=True
Evaluations: 324
Running function 15 instance 7 repetition 8 with A2 BFGS, budget 50, run_from_scratch=True
Evaluations: 162
Running function 15 instance 7 repetition 9 with A2 BFGS, budget 50, run_from_scratch=True
Evaluations: 420
Running function 15 instance 7 repetition 10 with A2 BFGS, budget 50, run_from_scratch=True
Evaluations: 281
Running function 15 instance 7 repetition 11 with A2 BFGS, budget 50, run_from_scratch=True
Evaluations: 264
Running function 15 instance 7 repetition 12 with A2 BFGS, budget 50, run_from_scratch=True
Evaluations: 156
Running function 15 instance 7 repetition 13 with A2 BFGS, budget 50, run_from_scratch=True
Evaluations: 264
Running function 15 instance 7 repetition 14 with A2 BFGS, budget 50, run_from_scratch=True
Evaluations: 192
Running function 15 instance 7 repetition 15 with A2 BFGS, budget 50, run_from_scratch=True
Evaluations: 198
Running function 15 instance 7 repetition 16 with A2 BFGS, budget 50, run_from_scratch=True
Evaluations: 420
Running function 15 instance 7 repetition 17 with A2 BFGS, budget 50, run_from_scratch=True
Evaluations: 330
Running function 15 instance 7 repetition 18 with A2 BFGS, budget 50, run_from_scratch=True
Evaluations: 162
Running function 15 instance 7 repetition 19 with A2 BFGS, budget 50, run_from_scratch=True
Evaluations: 228
Running function 16 instance 6 repetition 0 with A2 BFGS, budget 50, run_from_scratch=True
Evaluations: 407
Running function 16 instance 6 repetition 1 with A2 BFGS, budget 50, run_from_scratch=True
Evaluations: 491
Running function 16 instance 6 repetition 2 with A2 BFGS, budget 50, run_from_scratch=True
Evaluations: 642
Running function 16 instance 6 repetition 3 with A2 BFGS, budget 50, run_from_scratch=True
Evaluations: 401
Running function 16 instance 6 repetition 4 with A2 BFGS, budget 50, run_from_scratch=True
Evaluations: 387
Running function 16 instance 6 repetition 5 with A2 BFGS, budget 50, run_from_scratch=True
Evaluations: 719
Running function 16 instance 6 repetition 6 with A2 BFGS, budget 50, run_from_scratch=True
Evaluations: 419
Running function 16 instance 6 repetition 7 with A2 BFGS, budget 50, run_from_scratch=True
Evaluations: 450
Running function 16 instance 6 repetition 8 with A2 BFGS, budget 50, run_from_scratch=True
Evaluations: 407
Running function 16 instance 6 repetition 9 with A2 BFGS, budget 50, run_from_scratch=True
Evaluations: 353
Running function 16 instance 6 repetition 10 with A2 BFGS, budget 50, run_from_scratch=True
Evaluations: 486
Running function 16 instance 6 repetition 11 with A2 BFGS, budget 50, run_from_scratch=True
Evaluations: 612
Running function 16 instance 6 repetition 12 with A2 BFGS, budget 50, run_from_scratch=True
Evaluations: 378
Running function 16 instance 6 repetition 13 with A2 BFGS, budget 50, run_from_scratch=True
Evaluations: 510
Running function 16 instance 6 repetition 14 with A2 BFGS, budget 50, run_from_scratch=True
Evaluations: 467
Running function 16 instance 6 repetition 15 with A2 BFGS, budget 50, run_from_scratch=True
Evaluations: 450
Running function 16 instance 6 repetition 16 with A2 BFGS, budget 50, run_from_scratch=True
Evaluations: 335
Running function 16 instance 6 repetition 17 with A2 BFGS, budget 50, run_from_scratch=True
Evaluations: 401
Running function 16 instance 6 repetition 18 with A2 BFGS, budget 50, run_from_scratch=True
Evaluations: 420
Running function 16 instance 6 repetition 19 with A2 BFGS, budget 50, run_from_scratch=True
Evaluations: 399
Running function 16 instance 7 repetition 0 with A2 BFGS, budget 50, run_from_scratch=True
Evaluations: 389
Running function 16 instance 7 repetition 1 with A2 BFGS, budget 50, run_from_scratch=True
Evaluations: 462
Running function 16 instance 7 repetition 2 with A2 BFGS, budget 50, run_from_scratch=True
Evaluations: 510
Running function 16 instance 7 repetition 3 with A2 BFGS, budget 50, run_from_scratch=True
Evaluations: 322
Running function 16 instance 7 repetition 4 with A2 BFGS, budget 50, run_from_scratch=True
Evaluations: 371
Running function 16 instance 7 repetition 5 with A2 BFGS, budget 50, run_from_scratch=True
Evaluations: 485
Running function 16 instance 7 repetition 6 with A2 BFGS, budget 50, run_from_scratch=True
Evaluations: 390
Running function 16 instance 7 repetition 7 with A2 BFGS, budget 50, run_from_scratch=True
Evaluations: 528
Running function 16 instance 7 repetition 8 with A2 BFGS, budget 50, run_from_scratch=True
Evaluations: 612
Running function 16 instance 7 repetition 9 with A2 BFGS, budget 50, run_from_scratch=True
Evaluations: 408
Running function 16 instance 7 repetition 10 with A2 BFGS, budget 50, run_from_scratch=True
Evaluations: 504
Running function 16 instance 7 repetition 11 with A2 BFGS, budget 50, run_from_scratch=True
Evaluations: 479
Running function 16 instance 7 repetition 12 with A2 BFGS, budget 50, run_from_scratch=True
Evaluations: 383
Running function 16 instance 7 repetition 13 with A2 BFGS, budget 50, run_from_scratch=True
Evaluations: 252
Running function 16 instance 7 repetition 14 with A2 BFGS, budget 50, run_from_scratch=True
Evaluations: 491
Running function 16 instance 7 repetition 15 with A2 BFGS, budget 50, run_from_scratch=True
Evaluations: 377
Running function 16 instance 7 repetition 16 with A2 BFGS, budget 50, run_from_scratch=True
Evaluations: 756
Running function 16 instance 7 repetition 17 with A2 BFGS, budget 50, run_from_scratch=True
Evaluations: 348
Running function 16 instance 7 repetition 18 with A2 BFGS, budget 50, run_from_scratch=True
Evaluations: 396
Running function 16 instance 7 repetition 19 with A2 BFGS, budget 50, run_from_scratch=True
Evaluations: 370
Running function 17 instance 6 repetition 0 with A2 BFGS, budget 50, run_from_scratch=True
Evaluations: 348
Running function 17 instance 6 repetition 1 with A2 BFGS, budget 50, run_from_scratch=True
Evaluations: 144
Running function 17 instance 6 repetition 2 with A2 BFGS, budget 50, run_from_scratch=True
Evaluations: 156
Running function 17 instance 6 repetition 3 with A2 BFGS, budget 50, run_from_scratch=True
Evaluations: 132
Running function 17 instance 6 repetition 4 with A2 BFGS, budget 50, run_from_scratch=True
Evaluations: 114
Running function 17 instance 6 repetition 5 with A2 BFGS, budget 50, run_from_scratch=True
Evaluations: 719
Running function 17 instance 6 repetition 6 with A2 BFGS, budget 50, run_from_scratch=True
Evaluations: 396
Running function 17 instance 6 repetition 7 with A2 BFGS, budget 50, run_from_scratch=True
Evaluations: 288
Running function 17 instance 6 repetition 8 with A2 BFGS, budget 50, run_from_scratch=True
Evaluations: 186
Running function 17 instance 6 repetition 9 with A2 BFGS, budget 50, run_from_scratch=True
Evaluations: 132
Running function 17 instance 6 repetition 10 with A2 BFGS, budget 50, run_from_scratch=True
Evaluations: 240
Running function 17 instance 6 repetition 11 with A2 BFGS, budget 50, run_from_scratch=True
Evaluations: 150
Running function 17 instance 6 repetition 12 with A2 BFGS, budget 50, run_from_scratch=True
Evaluations: 216
Running function 17 instance 6 repetition 13 with A2 BFGS, budget 50, run_from_scratch=True
Evaluations: 162
Running function 17 instance 6 repetition 14 with A2 BFGS, budget 50, run_from_scratch=True
Evaluations: 144
Running function 17 instance 6 repetition 15 with A2 BFGS, budget 50, run_from_scratch=True
Evaluations: 234
Running function 17 instance 6 repetition 16 with A2 BFGS, budget 50, run_from_scratch=True
Evaluations: 348
Running function 17 instance 6 repetition 17 with A2 BFGS, budget 50, run_from_scratch=True
Evaluations: 180
Running function 17 instance 6 repetition 18 with A2 BFGS, budget 50, run_from_scratch=True
Evaluations: 150
Running function 17 instance 6 repetition 19 with A2 BFGS, budget 50, run_from_scratch=True
Evaluations: 850
Running function 17 instance 7 repetition 0 with A2 BFGS, budget 50, run_from_scratch=True
Evaluations: 132
Running function 17 instance 7 repetition 1 with A2 BFGS, budget 50, run_from_scratch=True
Evaluations: 850
Running function 17 instance 7 repetition 2 with A2 BFGS, budget 50, run_from_scratch=True
Evaluations: 336
Running function 17 instance 7 repetition 3 with A2 BFGS, budget 50, run_from_scratch=True
Evaluations: 329
Running function 17 instance 7 repetition 4 with A2 BFGS, budget 50, run_from_scratch=True
Evaluations: 252
Running function 17 instance 7 repetition 5 with A2 BFGS, budget 50, run_from_scratch=True
Evaluations: 366
Running function 17 instance 7 repetition 6 with A2 BFGS, budget 50, run_from_scratch=True
Evaluations: 156
Running function 17 instance 7 repetition 7 with A2 BFGS, budget 50, run_from_scratch=True
Evaluations: 438
Running function 17 instance 7 repetition 8 with A2 BFGS, budget 50, run_from_scratch=True
Evaluations: 648
Running function 17 instance 7 repetition 9 with A2 BFGS, budget 50, run_from_scratch=True
Evaluations: 204
Running function 17 instance 7 repetition 10 with A2 BFGS, budget 50, run_from_scratch=True
Evaluations: 294
Running function 17 instance 7 repetition 11 with A2 BFGS, budget 50, run_from_scratch=True
Evaluations: 294
Running function 17 instance 7 repetition 12 with A2 BFGS, budget 50, run_from_scratch=True
Evaluations: 264
Running function 17 instance 7 repetition 13 with A2 BFGS, budget 50, run_from_scratch=True
Evaluations: 246
Running function 17 instance 7 repetition 14 with A2 BFGS, budget 50, run_from_scratch=True
Evaluations: 366
Running function 17 instance 7 repetition 15 with A2 BFGS, budget 50, run_from_scratch=True
Evaluations: 328
Running function 17 instance 7 repetition 16 with A2 BFGS, budget 50, run_from_scratch=True
Evaluations: 156
Running function 17 instance 7 repetition 17 with A2 BFGS, budget 50, run_from_scratch=True
Evaluations: 276
Running function 17 instance 7 repetition 18 with A2 BFGS, budget 50, run_from_scratch=True
Evaluations: 234
Running function 17 instance 7 repetition 19 with A2 BFGS, budget 50, run_from_scratch=True
Evaluations: 276
Running function 18 instance 6 repetition 0 with A2 BFGS, budget 50, run_from_scratch=True
Evaluations: 324
Running function 18 instance 6 repetition 1 with A2 BFGS, budget 50, run_from_scratch=True
Evaluations: 438
Running function 18 instance 6 repetition 2 with A2 BFGS, budget 50, run_from_scratch=True
Evaluations: 180
Running function 18 instance 6 repetition 3 with A2 BFGS, budget 50, run_from_scratch=True
Evaluations: 371
Running function 18 instance 6 repetition 4 with A2 BFGS, budget 50, run_from_scratch=True
Evaluations: 299
Running function 18 instance 6 repetition 5 with A2 BFGS, budget 50, run_from_scratch=True
Evaluations: 347
Running function 18 instance 6 repetition 6 with A2 BFGS, budget 50, run_from_scratch=True
Evaluations: 401
Running function 18 instance 6 repetition 7 with A2 BFGS, budget 50, run_from_scratch=True
Evaluations: 635
Running function 18 instance 6 repetition 8 with A2 BFGS, budget 50, run_from_scratch=True
Evaluations: 366
Running function 18 instance 6 repetition 9 with A2 BFGS, budget 50, run_from_scratch=True
Evaluations: 317
Running function 18 instance 6 repetition 10 with A2 BFGS, budget 50, run_from_scratch=True
Evaluations: 425
Running function 18 instance 6 repetition 11 with A2 BFGS, budget 50, run_from_scratch=True
Evaluations: 312
Running function 18 instance 6 repetition 12 with A2 BFGS, budget 50, run_from_scratch=True
Evaluations: 366
Running function 18 instance 6 repetition 13 with A2 BFGS, budget 50, run_from_scratch=True
Evaluations: 269
Running function 18 instance 6 repetition 14 with A2 BFGS, budget 50, run_from_scratch=True
Evaluations: 222
Running function 18 instance 6 repetition 15 with A2 BFGS, budget 50, run_from_scratch=True
Evaluations: 287
Running function 18 instance 6 repetition 16 with A2 BFGS, budget 50, run_from_scratch=True
Evaluations: 234
Running function 18 instance 6 repetition 17 with A2 BFGS, budget 50, run_from_scratch=True
Evaluations: 252
Running function 18 instance 6 repetition 18 with A2 BFGS, budget 50, run_from_scratch=True
Evaluations: 168
Running function 18 instance 6 repetition 19 with A2 BFGS, budget 50, run_from_scratch=True
Evaluations: 162
Running function 18 instance 7 repetition 0 with A2 BFGS, budget 50, run_from_scratch=True
Evaluations: 306
Running function 18 instance 7 repetition 1 with A2 BFGS, budget 50, run_from_scratch=True
Evaluations: 300
Running function 18 instance 7 repetition 2 with A2 BFGS, budget 50, run_from_scratch=True
Evaluations: 317
Running function 18 instance 7 repetition 3 with A2 BFGS, budget 50, run_from_scratch=True
Evaluations: 384
Running function 18 instance 7 repetition 4 with A2 BFGS, budget 50, run_from_scratch=True
Evaluations: 408
Running function 18 instance 7 repetition 5 with A2 BFGS, budget 50, run_from_scratch=True
Evaluations: 354
Running function 18 instance 7 repetition 6 with A2 BFGS, budget 50, run_from_scratch=True
Evaluations: 288
Running function 18 instance 7 repetition 7 with A2 BFGS, budget 50, run_from_scratch=True
Evaluations: 378
Running function 18 instance 7 repetition 8 with A2 BFGS, budget 50, run_from_scratch=True
Evaluations: 425
Running function 18 instance 7 repetition 9 with A2 BFGS, budget 50, run_from_scratch=True
Evaluations: 330
Running function 18 instance 7 repetition 10 with A2 BFGS, budget 50, run_from_scratch=True
Evaluations: 138
Running function 18 instance 7 repetition 11 with A2 BFGS, budget 50, run_from_scratch=True
Evaluations: 234
Running function 18 instance 7 repetition 12 with A2 BFGS, budget 50, run_from_scratch=True
Evaluations: 264
Running function 18 instance 7 repetition 13 with A2 BFGS, budget 50, run_from_scratch=True
Evaluations: 414
Running function 18 instance 7 repetition 14 with A2 BFGS, budget 50, run_from_scratch=True
Evaluations: 132
Running function 18 instance 7 repetition 15 with A2 BFGS, budget 50, run_from_scratch=True
Evaluations: 275
Running function 18 instance 7 repetition 16 with A2 BFGS, budget 50, run_from_scratch=True
Evaluations: 359
Running function 18 instance 7 repetition 17 with A2 BFGS, budget 50, run_from_scratch=True
Evaluations: 312
Running function 18 instance 7 repetition 18 with A2 BFGS, budget 50, run_from_scratch=True
Evaluations: 274
Running function 18 instance 7 repetition 19 with A2 BFGS, budget 50, run_from_scratch=True
Evaluations: 312
Running function 19 instance 6 repetition 0 with A2 BFGS, budget 50, run_from_scratch=True
Evaluations: 384
Running function 19 instance 6 repetition 1 with A2 BFGS, budget 50, run_from_scratch=True
Evaluations: 396
Running function 19 instance 6 repetition 2 with A2 BFGS, budget 50, run_from_scratch=True
Evaluations: 462
Running function 19 instance 6 repetition 3 with A2 BFGS, budget 50, run_from_scratch=True
Evaluations: 371
Running function 19 instance 6 repetition 4 with A2 BFGS, budget 50, run_from_scratch=True
Evaluations: 414
Running function 19 instance 6 repetition 5 with A2 BFGS, budget 50, run_from_scratch=True
Evaluations: 288
Running function 19 instance 6 repetition 6 with A2 BFGS, budget 50, run_from_scratch=True
Evaluations: 420
Running function 19 instance 6 repetition 7 with A2 BFGS, budget 50, run_from_scratch=True
Evaluations: 426
Running function 19 instance 6 repetition 8 with A2 BFGS, budget 50, run_from_scratch=True
Evaluations: 510
Running function 19 instance 6 repetition 9 with A2 BFGS, budget 50, run_from_scratch=True
Evaluations: 444
Running function 19 instance 6 repetition 10 with A2 BFGS, budget 50, run_from_scratch=True
Evaluations: 444
Running function 19 instance 6 repetition 11 with A2 BFGS, budget 50, run_from_scratch=True
Evaluations: 366
Running function 19 instance 6 repetition 12 with A2 BFGS, budget 50, run_from_scratch=True
Evaluations: 450
Running function 19 instance 6 repetition 13 with A2 BFGS, budget 50, run_from_scratch=True
Evaluations: 414
Running function 19 instance 6 repetition 14 with A2 BFGS, budget 50, run_from_scratch=True
Evaluations: 342
Running function 19 instance 6 repetition 15 with A2 BFGS, budget 50, run_from_scratch=True
Evaluations: 426
Running function 19 instance 6 repetition 16 with A2 BFGS, budget 50, run_from_scratch=True
Evaluations: 396
Running function 19 instance 6 repetition 17 with A2 BFGS, budget 50, run_from_scratch=True
Evaluations: 450
Running function 19 instance 6 repetition 18 with A2 BFGS, budget 50, run_from_scratch=True
Evaluations: 492
Running function 19 instance 6 repetition 19 with A2 BFGS, budget 50, run_from_scratch=True
Evaluations: 528
Running function 19 instance 7 repetition 0 with A2 BFGS, budget 50, run_from_scratch=True
Evaluations: 438
Running function 19 instance 7 repetition 1 with A2 BFGS, budget 50, run_from_scratch=True
Evaluations: 396
Running function 19 instance 7 repetition 2 with A2 BFGS, budget 50, run_from_scratch=True
Evaluations: 365
Running function 19 instance 7 repetition 3 with A2 BFGS, budget 50, run_from_scratch=True
Evaluations: 360
Running function 19 instance 7 repetition 4 with A2 BFGS, budget 50, run_from_scratch=True
Evaluations: 432
Running function 19 instance 7 repetition 5 with A2 BFGS, budget 50, run_from_scratch=True
Evaluations: 402
Running function 19 instance 7 repetition 6 with A2 BFGS, budget 50, run_from_scratch=True
Evaluations: 281
Running function 19 instance 7 repetition 7 with A2 BFGS, budget 50, run_from_scratch=True
Evaluations: 414
Running function 19 instance 7 repetition 8 with A2 BFGS, budget 50, run_from_scratch=True
Evaluations: 522
Running function 19 instance 7 repetition 9 with A2 BFGS, budget 50, run_from_scratch=True
Evaluations: 323
Running function 19 instance 7 repetition 10 with A2 BFGS, budget 50, run_from_scratch=True
Evaluations: 377
Running function 19 instance 7 repetition 11 with A2 BFGS, budget 50, run_from_scratch=True
Evaluations: 288
Running function 19 instance 7 repetition 12 with A2 BFGS, budget 50, run_from_scratch=True
Evaluations: 408
Running function 19 instance 7 repetition 13 with A2 BFGS, budget 50, run_from_scratch=True
Evaluations: 407
Running function 19 instance 7 repetition 14 with A2 BFGS, budget 50, run_from_scratch=True
Evaluations: 432
Running function 19 instance 7 repetition 15 with A2 BFGS, budget 50, run_from_scratch=True
Evaluations: 366
Running function 19 instance 7 repetition 16 with A2 BFGS, budget 50, run_from_scratch=True
Evaluations: 444
Running function 19 instance 7 repetition 17 with A2 BFGS, budget 50, run_from_scratch=True
Evaluations: 347
Running function 19 instance 7 repetition 18 with A2 BFGS, budget 50, run_from_scratch=True
Evaluations: 408
Running function 19 instance 7 repetition 19 with A2 BFGS, budget 50, run_from_scratch=True
Evaluations: 317
Running function 20 instance 6 repetition 0 with A2 BFGS, budget 50, run_from_scratch=True
Evaluations: 318
Running function 20 instance 6 repetition 1 with A2 BFGS, budget 50, run_from_scratch=True
Evaluations: 306
Running function 20 instance 6 repetition 2 with A2 BFGS, budget 50, run_from_scratch=True
Evaluations: 222
Running function 20 instance 6 repetition 3 with A2 BFGS, budget 50, run_from_scratch=True
Evaluations: 318
Running function 20 instance 6 repetition 4 with A2 BFGS, budget 50, run_from_scratch=True
Evaluations: 407
Running function 20 instance 6 repetition 5 with A2 BFGS, budget 50, run_from_scratch=True
Evaluations: 408
Running function 20 instance 6 repetition 6 with A2 BFGS, budget 50, run_from_scratch=True
Evaluations: 850
Running function 20 instance 6 repetition 7 with A2 BFGS, budget 50, run_from_scratch=True
Evaluations: 558
Running function 20 instance 6 repetition 8 with A2 BFGS, budget 50, run_from_scratch=True
Evaluations: 198
Running function 20 instance 6 repetition 9 with A2 BFGS, budget 50, run_from_scratch=True
Evaluations: 276
Running function 20 instance 6 repetition 10 with A2 BFGS, budget 50, run_from_scratch=True
Evaluations: 291
Running function 20 instance 6 repetition 11 with A2 BFGS, budget 50, run_from_scratch=True
Evaluations: 168
Running function 20 instance 6 repetition 12 with A2 BFGS, budget 50, run_from_scratch=True
Evaluations: 497
Running function 20 instance 6 repetition 13 with A2 BFGS, budget 50, run_from_scratch=True
Evaluations: 850
Running function 20 instance 6 repetition 14 with A2 BFGS, budget 50, run_from_scratch=True
Evaluations: 540
Running function 20 instance 6 repetition 15 with A2 BFGS, budget 50, run_from_scratch=True
Evaluations: 294
Running function 20 instance 6 repetition 16 with A2 BFGS, budget 50, run_from_scratch=True
Evaluations: 294
Running function 20 instance 6 repetition 17 with A2 BFGS, budget 50, run_from_scratch=True
Evaluations: 330
Running function 20 instance 6 repetition 18 with A2 BFGS, budget 50, run_from_scratch=True
Evaluations: 276
Running function 20 instance 6 repetition 19 with A2 BFGS, budget 50, run_from_scratch=True
Evaluations: 490
Running function 20 instance 7 repetition 0 with A2 BFGS, budget 50, run_from_scratch=True
Evaluations: 174
Running function 20 instance 7 repetition 1 with A2 BFGS, budget 50, run_from_scratch=True
Evaluations: 396
Running function 20 instance 7 repetition 2 with A2 BFGS, budget 50, run_from_scratch=True
Evaluations: 354
Running function 20 instance 7 repetition 3 with A2 BFGS, budget 50, run_from_scratch=True
Evaluations: 414
Running function 20 instance 7 repetition 4 with A2 BFGS, budget 50, run_from_scratch=True
Evaluations: 850
Running function 20 instance 7 repetition 5 with A2 BFGS, budget 50, run_from_scratch=True
Evaluations: 330
Running function 20 instance 7 repetition 6 with A2 BFGS, budget 50, run_from_scratch=True
Evaluations: 850
Running function 20 instance 7 repetition 7 with A2 BFGS, budget 50, run_from_scratch=True
Evaluations: 480
Running function 20 instance 7 repetition 8 with A2 BFGS, budget 50, run_from_scratch=True
Evaluations: 312
Running function 20 instance 7 repetition 9 with A2 BFGS, budget 50, run_from_scratch=True
Evaluations: 336
Running function 20 instance 7 repetition 10 with A2 BFGS, budget 50, run_from_scratch=True
Evaluations: 850
Running function 20 instance 7 repetition 11 with A2 BFGS, budget 50, run_from_scratch=True
Evaluations: 850
Running function 20 instance 7 repetition 12 with A2 BFGS, budget 50, run_from_scratch=True
Evaluations: 264
Running function 20 instance 7 repetition 13 with A2 BFGS, budget 50, run_from_scratch=True
Evaluations: 360
Running function 20 instance 7 repetition 14 with A2 BFGS, budget 50, run_from_scratch=True
Evaluations: 850
Running function 20 instance 7 repetition 15 with A2 BFGS, budget 50, run_from_scratch=True
Evaluations: 258
Running function 20 instance 7 repetition 16 with A2 BFGS, budget 50, run_from_scratch=True
Evaluations: 396
Running function 20 instance 7 repetition 17 with A2 BFGS, budget 50, run_from_scratch=True
Evaluations: 498
Running function 20 instance 7 repetition 18 with A2 BFGS, budget 50, run_from_scratch=True
Evaluations: 850
Running function 20 instance 7 repetition 19 with A2 BFGS, budget 50, run_from_scratch=True
Evaluations: 210
Running function 21 instance 6 repetition 0 with A2 BFGS, budget 50, run_from_scratch=True
Evaluations: 850
Running function 21 instance 6 repetition 1 with A2 BFGS, budget 50, run_from_scratch=True
Evaluations: 850
Running function 21 instance 6 repetition 2 with A2 BFGS, budget 50, run_from_scratch=True
Evaluations: 850
Running function 21 instance 6 repetition 3 with A2 BFGS, budget 50, run_from_scratch=True
Evaluations: 850
Running function 21 instance 6 repetition 4 with A2 BFGS, budget 50, run_from_scratch=True
Evaluations: 850
Running function 21 instance 6 repetition 5 with A2 BFGS, budget 50, run_from_scratch=True
Evaluations: 850
Running function 21 instance 6 repetition 6 with A2 BFGS, budget 50, run_from_scratch=True
Evaluations: 850
Running function 21 instance 6 repetition 7 with A2 BFGS, budget 50, run_from_scratch=True
Evaluations: 850
Running function 21 instance 6 repetition 8 with A2 BFGS, budget 50, run_from_scratch=True
Evaluations: 850
Running function 21 instance 6 repetition 9 with A2 BFGS, budget 50, run_from_scratch=True
Evaluations: 850
Running function 21 instance 6 repetition 10 with A2 BFGS, budget 50, run_from_scratch=True
Evaluations: 850
Running function 21 instance 6 repetition 11 with A2 BFGS, budget 50, run_from_scratch=True
Evaluations: 850
Running function 21 instance 6 repetition 12 with A2 BFGS, budget 50, run_from_scratch=True
Evaluations: 850
Running function 21 instance 6 repetition 13 with A2 BFGS, budget 50, run_from_scratch=True
Evaluations: 690
Running function 21 instance 6 repetition 14 with A2 BFGS, budget 50, run_from_scratch=True
Evaluations: 850
Running function 21 instance 6 repetition 15 with A2 BFGS, budget 50, run_from_scratch=True
Evaluations: 850
Running function 21 instance 6 repetition 16 with A2 BFGS, budget 50, run_from_scratch=True
Evaluations: 850
Running function 21 instance 6 repetition 17 with A2 BFGS, budget 50, run_from_scratch=True
Evaluations: 850
Running function 21 instance 6 repetition 18 with A2 BFGS, budget 50, run_from_scratch=True
Evaluations: 850
Running function 21 instance 6 repetition 19 with A2 BFGS, budget 50, run_from_scratch=True
Evaluations: 850
Running function 21 instance 7 repetition 0 with A2 BFGS, budget 50, run_from_scratch=True
Evaluations: 947
Running function 21 instance 7 repetition 1 with A2 BFGS, budget 50, run_from_scratch=True
Evaluations: 850
Running function 21 instance 7 repetition 2 with A2 BFGS, budget 50, run_from_scratch=True
Evaluations: 850
Running function 21 instance 7 repetition 3 with A2 BFGS, budget 50, run_from_scratch=True
Evaluations: 114
Running function 21 instance 7 repetition 4 with A2 BFGS, budget 50, run_from_scratch=True
Evaluations: 850
Running function 21 instance 7 repetition 5 with A2 BFGS, budget 50, run_from_scratch=True
Evaluations: 850
Running function 21 instance 7 repetition 6 with A2 BFGS, budget 50, run_from_scratch=True
Evaluations: 783
Running function 21 instance 7 repetition 7 with A2 BFGS, budget 50, run_from_scratch=True
Evaluations: 850
Running function 21 instance 7 repetition 8 with A2 BFGS, budget 50, run_from_scratch=True
Evaluations: 516
Running function 21 instance 7 repetition 9 with A2 BFGS, budget 50, run_from_scratch=True
Evaluations: 850
Running function 21 instance 7 repetition 10 with A2 BFGS, budget 50, run_from_scratch=True
Evaluations: 850
Running function 21 instance 7 repetition 11 with A2 BFGS, budget 50, run_from_scratch=True
Evaluations: 527
Running function 21 instance 7 repetition 12 with A2 BFGS, budget 50, run_from_scratch=True
Evaluations: 850
Running function 21 instance 7 repetition 13 with A2 BFGS, budget 50, run_from_scratch=True
Evaluations: 850
Running function 21 instance 7 repetition 14 with A2 BFGS, budget 50, run_from_scratch=True
Evaluations: 503
Running function 21 instance 7 repetition 15 with A2 BFGS, budget 50, run_from_scratch=True
Evaluations: 850
Running function 21 instance 7 repetition 16 with A2 BFGS, budget 50, run_from_scratch=True
Evaluations: 126
Running function 21 instance 7 repetition 17 with A2 BFGS, budget 50, run_from_scratch=True
Evaluations: 850
Running function 21 instance 7 repetition 18 with A2 BFGS, budget 50, run_from_scratch=True
Evaluations: 850
Running function 21 instance 7 repetition 19 with A2 BFGS, budget 50, run_from_scratch=True
Evaluations: 850
Running function 22 instance 6 repetition 0 with A2 BFGS, budget 50, run_from_scratch=True
Evaluations: 850
Running function 22 instance 6 repetition 1 with A2 BFGS, budget 50, run_from_scratch=True
Evaluations: 850
Running function 22 instance 6 repetition 2 with A2 BFGS, budget 50, run_from_scratch=True
Evaluations: 144
Running function 22 instance 6 repetition 3 with A2 BFGS, budget 50, run_from_scratch=True
Evaluations: 850
Running function 22 instance 6 repetition 4 with A2 BFGS, budget 50, run_from_scratch=True
Evaluations: 850
Running function 22 instance 6 repetition 5 with A2 BFGS, budget 50, run_from_scratch=True
Evaluations: 850
Running function 22 instance 6 repetition 6 with A2 BFGS, budget 50, run_from_scratch=True
Evaluations: 192
Running function 22 instance 6 repetition 7 with A2 BFGS, budget 50, run_from_scratch=True
Evaluations: 850
Running function 22 instance 6 repetition 8 with A2 BFGS, budget 50, run_from_scratch=True
Evaluations: 162
Running function 22 instance 6 repetition 9 with A2 BFGS, budget 50, run_from_scratch=True
Evaluations: 850
Running function 22 instance 6 repetition 10 with A2 BFGS, budget 50, run_from_scratch=True
Evaluations: 138
Running function 22 instance 6 repetition 11 with A2 BFGS, budget 50, run_from_scratch=True
Evaluations: 850
Running function 22 instance 6 repetition 12 with A2 BFGS, budget 50, run_from_scratch=True
Evaluations: 850
Running function 22 instance 6 repetition 13 with A2 BFGS, budget 50, run_from_scratch=True
Evaluations: 850
Running function 22 instance 6 repetition 14 with A2 BFGS, budget 50, run_from_scratch=True
Evaluations: 516
Running function 22 instance 6 repetition 15 with A2 BFGS, budget 50, run_from_scratch=True
Evaluations: 850
Running function 22 instance 6 repetition 16 with A2 BFGS, budget 50, run_from_scratch=True
Evaluations: 540
Running function 22 instance 6 repetition 17 with A2 BFGS, budget 50, run_from_scratch=True
Evaluations: 850
Running function 22 instance 6 repetition 18 with A2 BFGS, budget 50, run_from_scratch=True
Evaluations: 850
Running function 22 instance 6 repetition 19 with A2 BFGS, budget 50, run_from_scratch=True
Evaluations: 144
Running function 22 instance 7 repetition 0 with A2 BFGS, budget 50, run_from_scratch=True
Evaluations: 168
Running function 22 instance 7 repetition 1 with A2 BFGS, budget 50, run_from_scratch=True
Evaluations: 858
Running function 22 instance 7 repetition 2 with A2 BFGS, budget 50, run_from_scratch=True
Evaluations: 850
Running function 22 instance 7 repetition 3 with A2 BFGS, budget 50, run_from_scratch=True
Evaluations: 180
Running function 22 instance 7 repetition 4 with A2 BFGS, budget 50, run_from_scratch=True
Evaluations: 144
Running function 22 instance 7 repetition 5 with A2 BFGS, budget 50, run_from_scratch=True
Evaluations: 414
Running function 22 instance 7 repetition 6 with A2 BFGS, budget 50, run_from_scratch=True
Evaluations: 850
Running function 22 instance 7 repetition 7 with A2 BFGS, budget 50, run_from_scratch=True
Evaluations: 162
Running function 22 instance 7 repetition 8 with A2 BFGS, budget 50, run_from_scratch=True
Evaluations: 850
Running function 22 instance 7 repetition 9 with A2 BFGS, budget 50, run_from_scratch=True
Evaluations: 850
Running function 22 instance 7 repetition 10 with A2 BFGS, budget 50, run_from_scratch=True
Evaluations: 850
Running function 22 instance 7 repetition 11 with A2 BFGS, budget 50, run_from_scratch=True
Evaluations: 850
Running function 22 instance 7 repetition 12 with A2 BFGS, budget 50, run_from_scratch=True
Evaluations: 726
Running function 22 instance 7 repetition 13 with A2 BFGS, budget 50, run_from_scratch=True
Evaluations: 850
Running function 22 instance 7 repetition 14 with A2 BFGS, budget 50, run_from_scratch=True
Evaluations: 850
Running function 22 instance 7 repetition 15 with A2 BFGS, budget 50, run_from_scratch=True
Evaluations: 174
Running function 22 instance 7 repetition 16 with A2 BFGS, budget 50, run_from_scratch=True
Evaluations: 168
Running function 22 instance 7 repetition 17 with A2 BFGS, budget 50, run_from_scratch=True
Evaluations: 312
Running function 22 instance 7 repetition 18 with A2 BFGS, budget 50, run_from_scratch=True
Evaluations: 850
Running function 22 instance 7 repetition 19 with A2 BFGS, budget 50, run_from_scratch=True
Evaluations: 198
Running function 23 instance 6 repetition 0 with A2 BFGS, budget 50, run_from_scratch=True
Evaluations: 538
Running function 23 instance 6 repetition 1 with A2 BFGS, budget 50, run_from_scratch=True
Evaluations: 323
Running function 23 instance 6 repetition 2 with A2 BFGS, budget 50, run_from_scratch=True
Evaluations: 366
Running function 23 instance 6 repetition 3 with A2 BFGS, budget 50, run_from_scratch=True
Evaluations: 372
Running function 23 instance 6 repetition 4 with A2 BFGS, budget 50, run_from_scratch=True
Evaluations: 330
Running function 23 instance 6 repetition 5 with A2 BFGS, budget 50, run_from_scratch=True
Evaluations: 522
Running function 23 instance 6 repetition 6 with A2 BFGS, budget 50, run_from_scratch=True
Evaluations: 235
Running function 23 instance 6 repetition 7 with A2 BFGS, budget 50, run_from_scratch=True
Evaluations: 390
Running function 23 instance 6 repetition 8 with A2 BFGS, budget 50, run_from_scratch=True
Evaluations: 365
Running function 23 instance 6 repetition 9 with A2 BFGS, budget 50, run_from_scratch=True
Evaluations: 516
Running function 23 instance 6 repetition 10 with A2 BFGS, budget 50, run_from_scratch=True
Evaluations: 377
Running function 23 instance 6 repetition 11 with A2 BFGS, budget 50, run_from_scratch=True
Evaluations: 382
Running function 23 instance 6 repetition 12 with A2 BFGS, budget 50, run_from_scratch=True
Evaluations: 906
Running function 23 instance 6 repetition 13 with A2 BFGS, budget 50, run_from_scratch=True
Evaluations: 369
Running function 23 instance 6 repetition 14 with A2 BFGS, budget 50, run_from_scratch=True
Evaluations: 330
Running function 23 instance 6 repetition 15 with A2 BFGS, budget 50, run_from_scratch=True
Evaluations: 819
Running function 23 instance 6 repetition 16 with A2 BFGS, budget 50, run_from_scratch=True
Evaluations: 230
Running function 23 instance 6 repetition 17 with A2 BFGS, budget 50, run_from_scratch=True
Evaluations: 351
Running function 23 instance 6 repetition 18 with A2 BFGS, budget 50, run_from_scratch=True
Evaluations: 480
Running function 23 instance 6 repetition 19 with A2 BFGS, budget 50, run_from_scratch=True
Evaluations: 433
Running function 23 instance 7 repetition 0 with A2 BFGS, budget 50, run_from_scratch=True
Evaluations: 319
Running function 23 instance 7 repetition 1 with A2 BFGS, budget 50, run_from_scratch=True
Evaluations: 450
Running function 23 instance 7 repetition 2 with A2 BFGS, budget 50, run_from_scratch=True
Evaluations: 396
Running function 23 instance 7 repetition 3 with A2 BFGS, budget 50, run_from_scratch=True
Evaluations: 316
Running function 23 instance 7 repetition 4 with A2 BFGS, budget 50, run_from_scratch=True
Evaluations: 691
Running function 23 instance 7 repetition 5 with A2 BFGS, budget 50, run_from_scratch=True
Evaluations: 290
Running function 23 instance 7 repetition 6 with A2 BFGS, budget 50, run_from_scratch=True
Evaluations: 366
Running function 23 instance 7 repetition 7 with A2 BFGS, budget 50, run_from_scratch=True
Evaluations: 558
Running function 23 instance 7 repetition 8 with A2 BFGS, budget 50, run_from_scratch=True
Evaluations: 377
Running function 23 instance 7 repetition 9 with A2 BFGS, budget 50, run_from_scratch=True
Evaluations: 325
Running function 23 instance 7 repetition 10 with A2 BFGS, budget 50, run_from_scratch=True
Evaluations: 312
Running function 23 instance 7 repetition 11 with A2 BFGS, budget 50, run_from_scratch=True
Evaluations: 274
Running function 23 instance 7 repetition 12 with A2 BFGS, budget 50, run_from_scratch=True
Evaluations: 345
Running function 23 instance 7 repetition 13 with A2 BFGS, budget 50, run_from_scratch=True
Evaluations: 375
Running function 23 instance 7 repetition 14 with A2 BFGS, budget 50, run_from_scratch=True
Evaluations: 268
Running function 23 instance 7 repetition 15 with A2 BFGS, budget 50, run_from_scratch=True
Evaluations: 462
Running function 23 instance 7 repetition 16 with A2 BFGS, budget 50, run_from_scratch=True
Evaluations: 290
Running function 23 instance 7 repetition 17 with A2 BFGS, budget 50, run_from_scratch=True
Evaluations: 384
Running function 23 instance 7 repetition 18 with A2 BFGS, budget 50, run_from_scratch=True
Evaluations: 291
Running function 23 instance 7 repetition 19 with A2 BFGS, budget 50, run_from_scratch=True
Evaluations: 247
Running function 24 instance 6 repetition 0 with A2 BFGS, budget 50, run_from_scratch=True
Evaluations: 288
Running function 24 instance 6 repetition 1 with A2 BFGS, budget 50, run_from_scratch=True
Evaluations: 312
Running function 24 instance 6 repetition 2 with A2 BFGS, budget 50, run_from_scratch=True
Evaluations: 329
Running function 24 instance 6 repetition 3 with A2 BFGS, budget 50, run_from_scratch=True
Evaluations: 281
Running function 24 instance 6 repetition 4 with A2 BFGS, budget 50, run_from_scratch=True
Evaluations: 252
Running function 24 instance 6 repetition 5 with A2 BFGS, budget 50, run_from_scratch=True
Evaluations: 288
Running function 24 instance 6 repetition 6 with A2 BFGS, budget 50, run_from_scratch=True
Evaluations: 138
Running function 24 instance 6 repetition 7 with A2 BFGS, budget 50, run_from_scratch=True
Evaluations: 406
Running function 24 instance 6 repetition 8 with A2 BFGS, budget 50, run_from_scratch=True
Evaluations: 354
Running function 24 instance 6 repetition 9 with A2 BFGS, budget 50, run_from_scratch=True
Evaluations: 372
Running function 24 instance 6 repetition 10 with A2 BFGS, budget 50, run_from_scratch=True
Evaluations: 383
Running function 24 instance 6 repetition 11 with A2 BFGS, budget 50, run_from_scratch=True
Evaluations: 300
Running function 24 instance 6 repetition 12 with A2 BFGS, budget 50, run_from_scratch=True
Evaluations: 335
Running function 24 instance 6 repetition 13 with A2 BFGS, budget 50, run_from_scratch=True
Evaluations: 156
Running function 24 instance 6 repetition 14 with A2 BFGS, budget 50, run_from_scratch=True
Evaluations: 342
Running function 24 instance 6 repetition 15 with A2 BFGS, budget 50, run_from_scratch=True
Evaluations: 321
Running function 24 instance 6 repetition 16 with A2 BFGS, budget 50, run_from_scratch=True
Evaluations: 390
Running function 24 instance 6 repetition 17 with A2 BFGS, budget 50, run_from_scratch=True
Evaluations: 269
Running function 24 instance 6 repetition 18 with A2 BFGS, budget 50, run_from_scratch=True
Evaluations: 365
Running function 24 instance 6 repetition 19 with A2 BFGS, budget 50, run_from_scratch=True
Evaluations: 306
Running function 24 instance 7 repetition 0 with A2 BFGS, budget 50, run_from_scratch=True
Evaluations: 162
Running function 24 instance 7 repetition 1 with A2 BFGS, budget 50, run_from_scratch=True
Evaluations: 215
Running function 24 instance 7 repetition 2 with A2 BFGS, budget 50, run_from_scratch=True
Evaluations: 180
Running function 24 instance 7 repetition 3 with A2 BFGS, budget 50, run_from_scratch=True
Evaluations: 162
Running function 24 instance 7 repetition 4 with A2 BFGS, budget 50, run_from_scratch=True
Evaluations: 240
Running function 24 instance 7 repetition 5 with A2 BFGS, budget 50, run_from_scratch=True
Evaluations: 390
Running function 24 instance 7 repetition 6 with A2 BFGS, budget 50, run_from_scratch=True
Evaluations: 323
Running function 24 instance 7 repetition 7 with A2 BFGS, budget 50, run_from_scratch=True
Evaluations: 174
Running function 24 instance 7 repetition 8 with A2 BFGS, budget 50, run_from_scratch=True
Evaluations: 281
Running function 24 instance 7 repetition 9 with A2 BFGS, budget 50, run_from_scratch=True
Evaluations: 292
Running function 24 instance 7 repetition 10 with A2 BFGS, budget 50, run_from_scratch=True
Evaluations: 214
Running function 24 instance 7 repetition 11 with A2 BFGS, budget 50, run_from_scratch=True
Evaluations: 364
Running function 24 instance 7 repetition 12 with A2 BFGS, budget 50, run_from_scratch=True
Evaluations: 293
Running function 24 instance 7 repetition 13 with A2 BFGS, budget 50, run_from_scratch=True
Evaluations: 294
Running function 24 instance 7 repetition 14 with A2 BFGS, budget 50, run_from_scratch=True
Evaluations: 329
Running function 24 instance 7 repetition 15 with A2 BFGS, budget 50, run_from_scratch=True
Evaluations: 264
Running function 24 instance 7 repetition 16 with A2 BFGS, budget 50, run_from_scratch=True
Evaluations: 294
Running function 24 instance 7 repetition 17 with A2 BFGS, budget 50, run_from_scratch=True
Evaluations: 275
Running function 24 instance 7 repetition 18 with A2 BFGS, budget 50, run_from_scratch=True
Evaluations: 132
Running function 24 instance 7 repetition 19 with A2 BFGS, budget 50, run_from_scratch=True
Evaluations: 258
Running function 1 instance 6 repetition 0 with A2 Non-elitist, budget 50, run_from_scratch=True
Evaluations: 856
Running function 1 instance 6 repetition 1 with A2 Non-elitist, budget 50, run_from_scratch=True
Evaluations: 856
Running function 1 instance 6 repetition 2 with A2 Non-elitist, budget 50, run_from_scratch=True
Evaluations: 856
Running function 1 instance 6 repetition 3 with A2 Non-elitist, budget 50, run_from_scratch=True
Evaluations: 856
Running function 1 instance 6 repetition 4 with A2 Non-elitist, budget 50, run_from_scratch=True
Evaluations: 856
Running function 1 instance 6 repetition 5 with A2 Non-elitist, budget 50, run_from_scratch=True
Evaluations: 856
Running function 1 instance 6 repetition 6 with A2 Non-elitist, budget 50, run_from_scratch=True
Evaluations: 856
Running function 1 instance 6 repetition 7 with A2 Non-elitist, budget 50, run_from_scratch=True
Evaluations: 856
Running function 1 instance 6 repetition 8 with A2 Non-elitist, budget 50, run_from_scratch=True
Evaluations: 856
Running function 1 instance 6 repetition 9 with A2 Non-elitist, budget 50, run_from_scratch=True
Evaluations: 856
Running function 1 instance 6 repetition 10 with A2 Non-elitist, budget 50, run_from_scratch=True
Evaluations: 856
Running function 1 instance 6 repetition 11 with A2 Non-elitist, budget 50, run_from_scratch=True
Evaluations: 856
Running function 1 instance 6 repetition 12 with A2 Non-elitist, budget 50, run_from_scratch=True
Evaluations: 856
Running function 1 instance 6 repetition 13 with A2 Non-elitist, budget 50, run_from_scratch=True
Evaluations: 856
Running function 1 instance 6 repetition 14 with A2 Non-elitist, budget 50, run_from_scratch=True
Evaluations: 856
Running function 1 instance 6 repetition 15 with A2 Non-elitist, budget 50, run_from_scratch=True
Evaluations: 856
Running function 1 instance 6 repetition 16 with A2 Non-elitist, budget 50, run_from_scratch=True
Evaluations: 856
Running function 1 instance 6 repetition 17 with A2 Non-elitist, budget 50, run_from_scratch=True
Evaluations: 856
Running function 1 instance 6 repetition 18 with A2 Non-elitist, budget 50, run_from_scratch=True
Evaluations: 856
Running function 1 instance 6 repetition 19 with A2 Non-elitist, budget 50, run_from_scratch=True
Evaluations: 856
Running function 1 instance 7 repetition 0 with A2 Non-elitist, budget 50, run_from_scratch=True
Evaluations: 856
Running function 1 instance 7 repetition 1 with A2 Non-elitist, budget 50, run_from_scratch=True
Evaluations: 856
Running function 1 instance 7 repetition 2 with A2 Non-elitist, budget 50, run_from_scratch=True
Evaluations: 856
Running function 1 instance 7 repetition 3 with A2 Non-elitist, budget 50, run_from_scratch=True
Evaluations: 856
Running function 1 instance 7 repetition 4 with A2 Non-elitist, budget 50, run_from_scratch=True
Evaluations: 856
Running function 1 instance 7 repetition 5 with A2 Non-elitist, budget 50, run_from_scratch=True
Evaluations: 856
Running function 1 instance 7 repetition 6 with A2 Non-elitist, budget 50, run_from_scratch=True
Evaluations: 856
Running function 1 instance 7 repetition 7 with A2 Non-elitist, budget 50, run_from_scratch=True
Evaluations: 856
Running function 1 instance 7 repetition 8 with A2 Non-elitist, budget 50, run_from_scratch=True
Evaluations: 856
Running function 1 instance 7 repetition 9 with A2 Non-elitist, budget 50, run_from_scratch=True
Evaluations: 856
Running function 1 instance 7 repetition 10 with A2 Non-elitist, budget 50, run_from_scratch=True
Evaluations: 856
Running function 1 instance 7 repetition 11 with A2 Non-elitist, budget 50, run_from_scratch=True
Evaluations: 856
Running function 1 instance 7 repetition 12 with A2 Non-elitist, budget 50, run_from_scratch=True
Evaluations: 856
Running function 1 instance 7 repetition 13 with A2 Non-elitist, budget 50, run_from_scratch=True
Evaluations: 856
Running function 1 instance 7 repetition 14 with A2 Non-elitist, budget 50, run_from_scratch=True
Evaluations: 856
Running function 1 instance 7 repetition 15 with A2 Non-elitist, budget 50, run_from_scratch=True
Evaluations: 856
Running function 1 instance 7 repetition 16 with A2 Non-elitist, budget 50, run_from_scratch=True
Evaluations: 856
Running function 1 instance 7 repetition 17 with A2 Non-elitist, budget 50, run_from_scratch=True
Evaluations: 856
Running function 1 instance 7 repetition 18 with A2 Non-elitist, budget 50, run_from_scratch=True
Evaluations: 856
Running function 1 instance 7 repetition 19 with A2 Non-elitist, budget 50, run_from_scratch=True
Evaluations: 856
Running function 2 instance 6 repetition 0 with A2 Non-elitist, budget 50, run_from_scratch=True
Evaluations: 856
Running function 2 instance 6 repetition 1 with A2 Non-elitist, budget 50, run_from_scratch=True
Evaluations: 856
Running function 2 instance 6 repetition 2 with A2 Non-elitist, budget 50, run_from_scratch=True
Evaluations: 856
Running function 2 instance 6 repetition 3 with A2 Non-elitist, budget 50, run_from_scratch=True
Evaluations: 856
Running function 2 instance 6 repetition 4 with A2 Non-elitist, budget 50, run_from_scratch=True
Evaluations: 856
Running function 2 instance 6 repetition 5 with A2 Non-elitist, budget 50, run_from_scratch=True
Evaluations: 856
Running function 2 instance 6 repetition 6 with A2 Non-elitist, budget 50, run_from_scratch=True
Evaluations: 856
Running function 2 instance 6 repetition 7 with A2 Non-elitist, budget 50, run_from_scratch=True
Evaluations: 856
Running function 2 instance 6 repetition 8 with A2 Non-elitist, budget 50, run_from_scratch=True
Evaluations: 856
Running function 2 instance 6 repetition 9 with A2 Non-elitist, budget 50, run_from_scratch=True
Evaluations: 856
Running function 2 instance 6 repetition 10 with A2 Non-elitist, budget 50, run_from_scratch=True
Evaluations: 856
Running function 2 instance 6 repetition 11 with A2 Non-elitist, budget 50, run_from_scratch=True
Evaluations: 856
Running function 2 instance 6 repetition 12 with A2 Non-elitist, budget 50, run_from_scratch=True
Evaluations: 856
Running function 2 instance 6 repetition 13 with A2 Non-elitist, budget 50, run_from_scratch=True
Evaluations: 856
Running function 2 instance 6 repetition 14 with A2 Non-elitist, budget 50, run_from_scratch=True
Evaluations: 856
Running function 2 instance 6 repetition 15 with A2 Non-elitist, budget 50, run_from_scratch=True
Evaluations: 856
Running function 2 instance 6 repetition 16 with A2 Non-elitist, budget 50, run_from_scratch=True
Evaluations: 856
Running function 2 instance 6 repetition 17 with A2 Non-elitist, budget 50, run_from_scratch=True
Evaluations: 856
Running function 2 instance 6 repetition 18 with A2 Non-elitist, budget 50, run_from_scratch=True
Evaluations: 856
Running function 2 instance 6 repetition 19 with A2 Non-elitist, budget 50, run_from_scratch=True
Evaluations: 856
Running function 2 instance 7 repetition 0 with A2 Non-elitist, budget 50, run_from_scratch=True
Evaluations: 856
Running function 2 instance 7 repetition 1 with A2 Non-elitist, budget 50, run_from_scratch=True
Evaluations: 856
Running function 2 instance 7 repetition 2 with A2 Non-elitist, budget 50, run_from_scratch=True
Evaluations: 856
Running function 2 instance 7 repetition 3 with A2 Non-elitist, budget 50, run_from_scratch=True
Evaluations: 856
Running function 2 instance 7 repetition 4 with A2 Non-elitist, budget 50, run_from_scratch=True
Evaluations: 856
Running function 2 instance 7 repetition 5 with A2 Non-elitist, budget 50, run_from_scratch=True
Evaluations: 856
Running function 2 instance 7 repetition 6 with A2 Non-elitist, budget 50, run_from_scratch=True
Evaluations: 856
Running function 2 instance 7 repetition 7 with A2 Non-elitist, budget 50, run_from_scratch=True
Evaluations: 856
Running function 2 instance 7 repetition 8 with A2 Non-elitist, budget 50, run_from_scratch=True
Evaluations: 856
Running function 2 instance 7 repetition 9 with A2 Non-elitist, budget 50, run_from_scratch=True
Evaluations: 856
Running function 2 instance 7 repetition 10 with A2 Non-elitist, budget 50, run_from_scratch=True
Evaluations: 856
Running function 2 instance 7 repetition 11 with A2 Non-elitist, budget 50, run_from_scratch=True
Evaluations: 856
Running function 2 instance 7 repetition 12 with A2 Non-elitist, budget 50, run_from_scratch=True
Evaluations: 856
Running function 2 instance 7 repetition 13 with A2 Non-elitist, budget 50, run_from_scratch=True
Evaluations: 856
Running function 2 instance 7 repetition 14 with A2 Non-elitist, budget 50, run_from_scratch=True
Evaluations: 856
Running function 2 instance 7 repetition 15 with A2 Non-elitist, budget 50, run_from_scratch=True
Evaluations: 856
Running function 2 instance 7 repetition 16 with A2 Non-elitist, budget 50, run_from_scratch=True
Evaluations: 856
Running function 2 instance 7 repetition 17 with A2 Non-elitist, budget 50, run_from_scratch=True
Evaluations: 856
Running function 2 instance 7 repetition 18 with A2 Non-elitist, budget 50, run_from_scratch=True
Evaluations: 856
Running function 2 instance 7 repetition 19 with A2 Non-elitist, budget 50, run_from_scratch=True
Evaluations: 856
Running function 3 instance 6 repetition 0 with A2 Non-elitist, budget 50, run_from_scratch=True
Evaluations: 856
Running function 3 instance 6 repetition 1 with A2 Non-elitist, budget 50, run_from_scratch=True
Evaluations: 856
Running function 3 instance 6 repetition 2 with A2 Non-elitist, budget 50, run_from_scratch=True
Evaluations: 856
Running function 3 instance 6 repetition 3 with A2 Non-elitist, budget 50, run_from_scratch=True
Evaluations: 856
Running function 3 instance 6 repetition 4 with A2 Non-elitist, budget 50, run_from_scratch=True
Evaluations: 856
Running function 3 instance 6 repetition 5 with A2 Non-elitist, budget 50, run_from_scratch=True
Evaluations: 856
Running function 3 instance 6 repetition 6 with A2 Non-elitist, budget 50, run_from_scratch=True
Evaluations: 856
Running function 3 instance 6 repetition 7 with A2 Non-elitist, budget 50, run_from_scratch=True
Evaluations: 856
Running function 3 instance 6 repetition 8 with A2 Non-elitist, budget 50, run_from_scratch=True
Evaluations: 856
Running function 3 instance 6 repetition 9 with A2 Non-elitist, budget 50, run_from_scratch=True
Evaluations: 856
Running function 3 instance 6 repetition 10 with A2 Non-elitist, budget 50, run_from_scratch=True
Evaluations: 856
Running function 3 instance 6 repetition 11 with A2 Non-elitist, budget 50, run_from_scratch=True
Evaluations: 856
Running function 3 instance 6 repetition 12 with A2 Non-elitist, budget 50, run_from_scratch=True
Evaluations: 856
Running function 3 instance 6 repetition 13 with A2 Non-elitist, budget 50, run_from_scratch=True
Evaluations: 856
Running function 3 instance 6 repetition 14 with A2 Non-elitist, budget 50, run_from_scratch=True
Evaluations: 856
Running function 3 instance 6 repetition 15 with A2 Non-elitist, budget 50, run_from_scratch=True
Evaluations: 856
Running function 3 instance 6 repetition 16 with A2 Non-elitist, budget 50, run_from_scratch=True
Evaluations: 856
Running function 3 instance 6 repetition 17 with A2 Non-elitist, budget 50, run_from_scratch=True
Evaluations: 856
Running function 3 instance 6 repetition 18 with A2 Non-elitist, budget 50, run_from_scratch=True
Evaluations: 856
Running function 3 instance 6 repetition 19 with A2 Non-elitist, budget 50, run_from_scratch=True
Evaluations: 856
Running function 3 instance 7 repetition 0 with A2 Non-elitist, budget 50, run_from_scratch=True
Evaluations: 856
Running function 3 instance 7 repetition 1 with A2 Non-elitist, budget 50, run_from_scratch=True
Evaluations: 856
Running function 3 instance 7 repetition 2 with A2 Non-elitist, budget 50, run_from_scratch=True
Evaluations: 856
Running function 3 instance 7 repetition 3 with A2 Non-elitist, budget 50, run_from_scratch=True
Evaluations: 856
Running function 3 instance 7 repetition 4 with A2 Non-elitist, budget 50, run_from_scratch=True
Evaluations: 856
Running function 3 instance 7 repetition 5 with A2 Non-elitist, budget 50, run_from_scratch=True
Evaluations: 856
Running function 3 instance 7 repetition 6 with A2 Non-elitist, budget 50, run_from_scratch=True
Evaluations: 856
Running function 3 instance 7 repetition 7 with A2 Non-elitist, budget 50, run_from_scratch=True
Evaluations: 856
Running function 3 instance 7 repetition 8 with A2 Non-elitist, budget 50, run_from_scratch=True
Evaluations: 856
Running function 3 instance 7 repetition 9 with A2 Non-elitist, budget 50, run_from_scratch=True
Evaluations: 856
Running function 3 instance 7 repetition 10 with A2 Non-elitist, budget 50, run_from_scratch=True
Evaluations: 856
Running function 3 instance 7 repetition 11 with A2 Non-elitist, budget 50, run_from_scratch=True
Evaluations: 856
Running function 3 instance 7 repetition 12 with A2 Non-elitist, budget 50, run_from_scratch=True
Evaluations: 856
Running function 3 instance 7 repetition 13 with A2 Non-elitist, budget 50, run_from_scratch=True
Evaluations: 856
Running function 3 instance 7 repetition 14 with A2 Non-elitist, budget 50, run_from_scratch=True
Evaluations: 856
Running function 3 instance 7 repetition 15 with A2 Non-elitist, budget 50, run_from_scratch=True
Evaluations: 856
Running function 3 instance 7 repetition 16 with A2 Non-elitist, budget 50, run_from_scratch=True
Evaluations: 856
Running function 3 instance 7 repetition 17 with A2 Non-elitist, budget 50, run_from_scratch=True
Evaluations: 856
Running function 3 instance 7 repetition 18 with A2 Non-elitist, budget 50, run_from_scratch=True
Evaluations: 856
Running function 3 instance 7 repetition 19 with A2 Non-elitist, budget 50, run_from_scratch=True
Evaluations: 856
Running function 4 instance 6 repetition 0 with A2 Non-elitist, budget 50, run_from_scratch=True
Evaluations: 856
Running function 4 instance 6 repetition 1 with A2 Non-elitist, budget 50, run_from_scratch=True
Evaluations: 856
Running function 4 instance 6 repetition 2 with A2 Non-elitist, budget 50, run_from_scratch=True
Evaluations: 856
Running function 4 instance 6 repetition 3 with A2 Non-elitist, budget 50, run_from_scratch=True
Evaluations: 856
Running function 4 instance 6 repetition 4 with A2 Non-elitist, budget 50, run_from_scratch=True
Evaluations: 856
Running function 4 instance 6 repetition 5 with A2 Non-elitist, budget 50, run_from_scratch=True
Evaluations: 856
Running function 4 instance 6 repetition 6 with A2 Non-elitist, budget 50, run_from_scratch=True
Evaluations: 856
Running function 4 instance 6 repetition 7 with A2 Non-elitist, budget 50, run_from_scratch=True
Evaluations: 856
Running function 4 instance 6 repetition 8 with A2 Non-elitist, budget 50, run_from_scratch=True
Evaluations: 856
Running function 4 instance 6 repetition 9 with A2 Non-elitist, budget 50, run_from_scratch=True
Evaluations: 856
Running function 4 instance 6 repetition 10 with A2 Non-elitist, budget 50, run_from_scratch=True
Evaluations: 856
Running function 4 instance 6 repetition 11 with A2 Non-elitist, budget 50, run_from_scratch=True
Evaluations: 856
Running function 4 instance 6 repetition 12 with A2 Non-elitist, budget 50, run_from_scratch=True
Evaluations: 856
Running function 4 instance 6 repetition 13 with A2 Non-elitist, budget 50, run_from_scratch=True
Evaluations: 856
Running function 4 instance 6 repetition 14 with A2 Non-elitist, budget 50, run_from_scratch=True
Evaluations: 856
Running function 4 instance 6 repetition 15 with A2 Non-elitist, budget 50, run_from_scratch=True
Evaluations: 856
Running function 4 instance 6 repetition 16 with A2 Non-elitist, budget 50, run_from_scratch=True
Evaluations: 856
Running function 4 instance 6 repetition 17 with A2 Non-elitist, budget 50, run_from_scratch=True
Evaluations: 856
Running function 4 instance 6 repetition 18 with A2 Non-elitist, budget 50, run_from_scratch=True
Evaluations: 856
Running function 4 instance 6 repetition 19 with A2 Non-elitist, budget 50, run_from_scratch=True
Evaluations: 856
Running function 4 instance 7 repetition 0 with A2 Non-elitist, budget 50, run_from_scratch=True
Evaluations: 856
Running function 4 instance 7 repetition 1 with A2 Non-elitist, budget 50, run_from_scratch=True
Evaluations: 856
Running function 4 instance 7 repetition 2 with A2 Non-elitist, budget 50, run_from_scratch=True
Evaluations: 856
Running function 4 instance 7 repetition 3 with A2 Non-elitist, budget 50, run_from_scratch=True
Evaluations: 856
Running function 4 instance 7 repetition 4 with A2 Non-elitist, budget 50, run_from_scratch=True
Evaluations: 856
Running function 4 instance 7 repetition 5 with A2 Non-elitist, budget 50, run_from_scratch=True
Evaluations: 856
Running function 4 instance 7 repetition 6 with A2 Non-elitist, budget 50, run_from_scratch=True
Evaluations: 856
Running function 4 instance 7 repetition 7 with A2 Non-elitist, budget 50, run_from_scratch=True
Evaluations: 856
Running function 4 instance 7 repetition 8 with A2 Non-elitist, budget 50, run_from_scratch=True
Evaluations: 856
Running function 4 instance 7 repetition 9 with A2 Non-elitist, budget 50, run_from_scratch=True
Evaluations: 856
Running function 4 instance 7 repetition 10 with A2 Non-elitist, budget 50, run_from_scratch=True
Evaluations: 856
Running function 4 instance 7 repetition 11 with A2 Non-elitist, budget 50, run_from_scratch=True
Evaluations: 856
Running function 4 instance 7 repetition 12 with A2 Non-elitist, budget 50, run_from_scratch=True
Evaluations: 856
Running function 4 instance 7 repetition 13 with A2 Non-elitist, budget 50, run_from_scratch=True
Evaluations: 856
Running function 4 instance 7 repetition 14 with A2 Non-elitist, budget 50, run_from_scratch=True
Evaluations: 856
Running function 4 instance 7 repetition 15 with A2 Non-elitist, budget 50, run_from_scratch=True
Evaluations: 856
Running function 4 instance 7 repetition 16 with A2 Non-elitist, budget 50, run_from_scratch=True
Evaluations: 856
Running function 4 instance 7 repetition 17 with A2 Non-elitist, budget 50, run_from_scratch=True
Evaluations: 856
Running function 4 instance 7 repetition 18 with A2 Non-elitist, budget 50, run_from_scratch=True
Evaluations: 856
Running function 4 instance 7 repetition 19 with A2 Non-elitist, budget 50, run_from_scratch=True
Evaluations: 856
Running function 5 instance 6 repetition 0 with A2 Non-elitist, budget 50, run_from_scratch=True
Evaluations: 856
Running function 5 instance 6 repetition 1 with A2 Non-elitist, budget 50, run_from_scratch=True
Evaluations: 856
Running function 5 instance 6 repetition 2 with A2 Non-elitist, budget 50, run_from_scratch=True
Evaluations: 856
Running function 5 instance 6 repetition 3 with A2 Non-elitist, budget 50, run_from_scratch=True
Evaluations: 856
Running function 5 instance 6 repetition 4 with A2 Non-elitist, budget 50, run_from_scratch=True
Evaluations: 856
Running function 5 instance 6 repetition 5 with A2 Non-elitist, budget 50, run_from_scratch=True
Evaluations: 856
Running function 5 instance 6 repetition 6 with A2 Non-elitist, budget 50, run_from_scratch=True
Evaluations: 856
Running function 5 instance 6 repetition 7 with A2 Non-elitist, budget 50, run_from_scratch=True
Evaluations: 856
Running function 5 instance 6 repetition 8 with A2 Non-elitist, budget 50, run_from_scratch=True
Evaluations: 856
Running function 5 instance 6 repetition 9 with A2 Non-elitist, budget 50, run_from_scratch=True
Evaluations: 856
Running function 5 instance 6 repetition 10 with A2 Non-elitist, budget 50, run_from_scratch=True
Evaluations: 856
Running function 5 instance 6 repetition 11 with A2 Non-elitist, budget 50, run_from_scratch=True
Evaluations: 856
Running function 5 instance 6 repetition 12 with A2 Non-elitist, budget 50, run_from_scratch=True
Evaluations: 856
Running function 5 instance 6 repetition 13 with A2 Non-elitist, budget 50, run_from_scratch=True
Evaluations: 856
Running function 5 instance 6 repetition 14 with A2 Non-elitist, budget 50, run_from_scratch=True
Evaluations: 856
Running function 5 instance 6 repetition 15 with A2 Non-elitist, budget 50, run_from_scratch=True
Evaluations: 856
Running function 5 instance 6 repetition 16 with A2 Non-elitist, budget 50, run_from_scratch=True
Evaluations: 856
Running function 5 instance 6 repetition 17 with A2 Non-elitist, budget 50, run_from_scratch=True
Evaluations: 856
Running function 5 instance 6 repetition 18 with A2 Non-elitist, budget 50, run_from_scratch=True
Evaluations: 856
Running function 5 instance 6 repetition 19 with A2 Non-elitist, budget 50, run_from_scratch=True
Evaluations: 856
Running function 5 instance 7 repetition 0 with A2 Non-elitist, budget 50, run_from_scratch=True
Evaluations: 856
Running function 5 instance 7 repetition 1 with A2 Non-elitist, budget 50, run_from_scratch=True
Evaluations: 856
Running function 5 instance 7 repetition 2 with A2 Non-elitist, budget 50, run_from_scratch=True
Evaluations: 856
Running function 5 instance 7 repetition 3 with A2 Non-elitist, budget 50, run_from_scratch=True
Evaluations: 856
Running function 5 instance 7 repetition 4 with A2 Non-elitist, budget 50, run_from_scratch=True
Evaluations: 856
Running function 5 instance 7 repetition 5 with A2 Non-elitist, budget 50, run_from_scratch=True
Evaluations: 856
Running function 5 instance 7 repetition 6 with A2 Non-elitist, budget 50, run_from_scratch=True
Evaluations: 856
Running function 5 instance 7 repetition 7 with A2 Non-elitist, budget 50, run_from_scratch=True
Evaluations: 856
Running function 5 instance 7 repetition 8 with A2 Non-elitist, budget 50, run_from_scratch=True
Evaluations: 856
Running function 5 instance 7 repetition 9 with A2 Non-elitist, budget 50, run_from_scratch=True
Evaluations: 856
Running function 5 instance 7 repetition 10 with A2 Non-elitist, budget 50, run_from_scratch=True
Evaluations: 856
Running function 5 instance 7 repetition 11 with A2 Non-elitist, budget 50, run_from_scratch=True
Evaluations: 856
Running function 5 instance 7 repetition 12 with A2 Non-elitist, budget 50, run_from_scratch=True
Evaluations: 856
Running function 5 instance 7 repetition 13 with A2 Non-elitist, budget 50, run_from_scratch=True
Evaluations: 856
Running function 5 instance 7 repetition 14 with A2 Non-elitist, budget 50, run_from_scratch=True
Evaluations: 856
Running function 5 instance 7 repetition 15 with A2 Non-elitist, budget 50, run_from_scratch=True
Evaluations: 856
Running function 5 instance 7 repetition 16 with A2 Non-elitist, budget 50, run_from_scratch=True
Evaluations: 856
Running function 5 instance 7 repetition 17 with A2 Non-elitist, budget 50, run_from_scratch=True
Evaluations: 856
Running function 5 instance 7 repetition 18 with A2 Non-elitist, budget 50, run_from_scratch=True
Evaluations: 856
Running function 5 instance 7 repetition 19 with A2 Non-elitist, budget 50, run_from_scratch=True
Evaluations: 856
Running function 6 instance 6 repetition 0 with A2 Non-elitist, budget 50, run_from_scratch=True
Evaluations: 856
Running function 6 instance 6 repetition 1 with A2 Non-elitist, budget 50, run_from_scratch=True
Evaluations: 856
Running function 6 instance 6 repetition 2 with A2 Non-elitist, budget 50, run_from_scratch=True
Evaluations: 856
Running function 6 instance 6 repetition 3 with A2 Non-elitist, budget 50, run_from_scratch=True
Evaluations: 856
Running function 6 instance 6 repetition 4 with A2 Non-elitist, budget 50, run_from_scratch=True
Evaluations: 856
Running function 6 instance 6 repetition 5 with A2 Non-elitist, budget 50, run_from_scratch=True
Evaluations: 856
Running function 6 instance 6 repetition 6 with A2 Non-elitist, budget 50, run_from_scratch=True
Evaluations: 856
Running function 6 instance 6 repetition 7 with A2 Non-elitist, budget 50, run_from_scratch=True
Evaluations: 856
Running function 6 instance 6 repetition 8 with A2 Non-elitist, budget 50, run_from_scratch=True
Evaluations: 856
Running function 6 instance 6 repetition 9 with A2 Non-elitist, budget 50, run_from_scratch=True
Evaluations: 856
Running function 6 instance 6 repetition 10 with A2 Non-elitist, budget 50, run_from_scratch=True
Evaluations: 856
Running function 6 instance 6 repetition 11 with A2 Non-elitist, budget 50, run_from_scratch=True
Evaluations: 856
Running function 6 instance 6 repetition 12 with A2 Non-elitist, budget 50, run_from_scratch=True
Evaluations: 856
Running function 6 instance 6 repetition 13 with A2 Non-elitist, budget 50, run_from_scratch=True
Evaluations: 856
Running function 6 instance 6 repetition 14 with A2 Non-elitist, budget 50, run_from_scratch=True
Evaluations: 856
Running function 6 instance 6 repetition 15 with A2 Non-elitist, budget 50, run_from_scratch=True
Evaluations: 856
Running function 6 instance 6 repetition 16 with A2 Non-elitist, budget 50, run_from_scratch=True
Evaluations: 856
Running function 6 instance 6 repetition 17 with A2 Non-elitist, budget 50, run_from_scratch=True
Evaluations: 856
Running function 6 instance 6 repetition 18 with A2 Non-elitist, budget 50, run_from_scratch=True
Evaluations: 856
Running function 6 instance 6 repetition 19 with A2 Non-elitist, budget 50, run_from_scratch=True
Evaluations: 856
Running function 6 instance 7 repetition 0 with A2 Non-elitist, budget 50, run_from_scratch=True
Evaluations: 856
Running function 6 instance 7 repetition 1 with A2 Non-elitist, budget 50, run_from_scratch=True
Evaluations: 856
Running function 6 instance 7 repetition 2 with A2 Non-elitist, budget 50, run_from_scratch=True
Evaluations: 856
Running function 6 instance 7 repetition 3 with A2 Non-elitist, budget 50, run_from_scratch=True
Evaluations: 856
Running function 6 instance 7 repetition 4 with A2 Non-elitist, budget 50, run_from_scratch=True
Evaluations: 856
Running function 6 instance 7 repetition 5 with A2 Non-elitist, budget 50, run_from_scratch=True
Evaluations: 856
Running function 6 instance 7 repetition 6 with A2 Non-elitist, budget 50, run_from_scratch=True
Evaluations: 856
Running function 6 instance 7 repetition 7 with A2 Non-elitist, budget 50, run_from_scratch=True
Evaluations: 856
Running function 6 instance 7 repetition 8 with A2 Non-elitist, budget 50, run_from_scratch=True
Evaluations: 856
Running function 6 instance 7 repetition 9 with A2 Non-elitist, budget 50, run_from_scratch=True
Evaluations: 856
Running function 6 instance 7 repetition 10 with A2 Non-elitist, budget 50, run_from_scratch=True
Evaluations: 856
Running function 6 instance 7 repetition 11 with A2 Non-elitist, budget 50, run_from_scratch=True
Evaluations: 856
Running function 6 instance 7 repetition 12 with A2 Non-elitist, budget 50, run_from_scratch=True
Evaluations: 856
Running function 6 instance 7 repetition 13 with A2 Non-elitist, budget 50, run_from_scratch=True
Evaluations: 856
Running function 6 instance 7 repetition 14 with A2 Non-elitist, budget 50, run_from_scratch=True
Evaluations: 856
Running function 6 instance 7 repetition 15 with A2 Non-elitist, budget 50, run_from_scratch=True
Evaluations: 856
Running function 6 instance 7 repetition 16 with A2 Non-elitist, budget 50, run_from_scratch=True
Evaluations: 856
Running function 6 instance 7 repetition 17 with A2 Non-elitist, budget 50, run_from_scratch=True
Evaluations: 856
Running function 6 instance 7 repetition 18 with A2 Non-elitist, budget 50, run_from_scratch=True
Evaluations: 856
Running function 6 instance 7 repetition 19 with A2 Non-elitist, budget 50, run_from_scratch=True
Evaluations: 856
Running function 7 instance 6 repetition 0 with A2 Non-elitist, budget 50, run_from_scratch=True
Evaluations: 856
Running function 7 instance 6 repetition 1 with A2 Non-elitist, budget 50, run_from_scratch=True
Evaluations: 856
Running function 7 instance 6 repetition 2 with A2 Non-elitist, budget 50, run_from_scratch=True
Evaluations: 856
Running function 7 instance 6 repetition 3 with A2 Non-elitist, budget 50, run_from_scratch=True
Evaluations: 856
Running function 7 instance 6 repetition 4 with A2 Non-elitist, budget 50, run_from_scratch=True
Evaluations: 856
Running function 7 instance 6 repetition 5 with A2 Non-elitist, budget 50, run_from_scratch=True
Evaluations: 856
Running function 7 instance 6 repetition 6 with A2 Non-elitist, budget 50, run_from_scratch=True
Evaluations: 856
Running function 7 instance 6 repetition 7 with A2 Non-elitist, budget 50, run_from_scratch=True
Evaluations: 856
Running function 7 instance 6 repetition 8 with A2 Non-elitist, budget 50, run_from_scratch=True
Evaluations: 856
Running function 7 instance 6 repetition 9 with A2 Non-elitist, budget 50, run_from_scratch=True
Evaluations: 856
Running function 7 instance 6 repetition 10 with A2 Non-elitist, budget 50, run_from_scratch=True
Evaluations: 856
Running function 7 instance 6 repetition 11 with A2 Non-elitist, budget 50, run_from_scratch=True
Evaluations: 856
Running function 7 instance 6 repetition 12 with A2 Non-elitist, budget 50, run_from_scratch=True
Evaluations: 856
Running function 7 instance 6 repetition 13 with A2 Non-elitist, budget 50, run_from_scratch=True
Evaluations: 856
Running function 7 instance 6 repetition 14 with A2 Non-elitist, budget 50, run_from_scratch=True
Evaluations: 856
Running function 7 instance 6 repetition 15 with A2 Non-elitist, budget 50, run_from_scratch=True
Evaluations: 856
Running function 7 instance 6 repetition 16 with A2 Non-elitist, budget 50, run_from_scratch=True
Evaluations: 856
Running function 7 instance 6 repetition 17 with A2 Non-elitist, budget 50, run_from_scratch=True
Evaluations: 856
Running function 7 instance 6 repetition 18 with A2 Non-elitist, budget 50, run_from_scratch=True
Evaluations: 856
Running function 7 instance 6 repetition 19 with A2 Non-elitist, budget 50, run_from_scratch=True
Evaluations: 856
Running function 7 instance 7 repetition 0 with A2 Non-elitist, budget 50, run_from_scratch=True
Evaluations: 856
Running function 7 instance 7 repetition 1 with A2 Non-elitist, budget 50, run_from_scratch=True
Evaluations: 856
Running function 7 instance 7 repetition 2 with A2 Non-elitist, budget 50, run_from_scratch=True
Evaluations: 856
Running function 7 instance 7 repetition 3 with A2 Non-elitist, budget 50, run_from_scratch=True
Evaluations: 856
Running function 7 instance 7 repetition 4 with A2 Non-elitist, budget 50, run_from_scratch=True
Evaluations: 856
Running function 7 instance 7 repetition 5 with A2 Non-elitist, budget 50, run_from_scratch=True
Evaluations: 856
Running function 7 instance 7 repetition 6 with A2 Non-elitist, budget 50, run_from_scratch=True
Evaluations: 856
Running function 7 instance 7 repetition 7 with A2 Non-elitist, budget 50, run_from_scratch=True
Evaluations: 856
Running function 7 instance 7 repetition 8 with A2 Non-elitist, budget 50, run_from_scratch=True
Evaluations: 856
Running function 7 instance 7 repetition 9 with A2 Non-elitist, budget 50, run_from_scratch=True
Evaluations: 856
Running function 7 instance 7 repetition 10 with A2 Non-elitist, budget 50, run_from_scratch=True
Evaluations: 856
Running function 7 instance 7 repetition 11 with A2 Non-elitist, budget 50, run_from_scratch=True
Evaluations: 856
Running function 7 instance 7 repetition 12 with A2 Non-elitist, budget 50, run_from_scratch=True
Evaluations: 856
Running function 7 instance 7 repetition 13 with A2 Non-elitist, budget 50, run_from_scratch=True
Evaluations: 856
Running function 7 instance 7 repetition 14 with A2 Non-elitist, budget 50, run_from_scratch=True
Evaluations: 856
Running function 7 instance 7 repetition 15 with A2 Non-elitist, budget 50, run_from_scratch=True
Evaluations: 856
Running function 7 instance 7 repetition 16 with A2 Non-elitist, budget 50, run_from_scratch=True
Evaluations: 856
Running function 7 instance 7 repetition 17 with A2 Non-elitist, budget 50, run_from_scratch=True
Evaluations: 856
Running function 7 instance 7 repetition 18 with A2 Non-elitist, budget 50, run_from_scratch=True
Evaluations: 856
Running function 7 instance 7 repetition 19 with A2 Non-elitist, budget 50, run_from_scratch=True
Evaluations: 856
Running function 8 instance 6 repetition 0 with A2 Non-elitist, budget 50, run_from_scratch=True
Evaluations: 856
Running function 8 instance 6 repetition 1 with A2 Non-elitist, budget 50, run_from_scratch=True
Evaluations: 856
Running function 8 instance 6 repetition 2 with A2 Non-elitist, budget 50, run_from_scratch=True
Evaluations: 856
Running function 8 instance 6 repetition 3 with A2 Non-elitist, budget 50, run_from_scratch=True
Evaluations: 856
Running function 8 instance 6 repetition 4 with A2 Non-elitist, budget 50, run_from_scratch=True
Evaluations: 856
Running function 8 instance 6 repetition 5 with A2 Non-elitist, budget 50, run_from_scratch=True
Evaluations: 856
Running function 8 instance 6 repetition 6 with A2 Non-elitist, budget 50, run_from_scratch=True
Evaluations: 856
Running function 8 instance 6 repetition 7 with A2 Non-elitist, budget 50, run_from_scratch=True
Evaluations: 856
Running function 8 instance 6 repetition 8 with A2 Non-elitist, budget 50, run_from_scratch=True
Evaluations: 856
Running function 8 instance 6 repetition 9 with A2 Non-elitist, budget 50, run_from_scratch=True
Evaluations: 856
Running function 8 instance 6 repetition 10 with A2 Non-elitist, budget 50, run_from_scratch=True
Evaluations: 856
Running function 8 instance 6 repetition 11 with A2 Non-elitist, budget 50, run_from_scratch=True
Evaluations: 856
Running function 8 instance 6 repetition 12 with A2 Non-elitist, budget 50, run_from_scratch=True
Evaluations: 856
Running function 8 instance 6 repetition 13 with A2 Non-elitist, budget 50, run_from_scratch=True
Evaluations: 856
Running function 8 instance 6 repetition 14 with A2 Non-elitist, budget 50, run_from_scratch=True
Evaluations: 856
Running function 8 instance 6 repetition 15 with A2 Non-elitist, budget 50, run_from_scratch=True
Evaluations: 856
Running function 8 instance 6 repetition 16 with A2 Non-elitist, budget 50, run_from_scratch=True
Evaluations: 856
Running function 8 instance 6 repetition 17 with A2 Non-elitist, budget 50, run_from_scratch=True
Evaluations: 856
Running function 8 instance 6 repetition 18 with A2 Non-elitist, budget 50, run_from_scratch=True
Evaluations: 856
Running function 8 instance 6 repetition 19 with A2 Non-elitist, budget 50, run_from_scratch=True
Evaluations: 856
Running function 8 instance 7 repetition 0 with A2 Non-elitist, budget 50, run_from_scratch=True
Evaluations: 856
Running function 8 instance 7 repetition 1 with A2 Non-elitist, budget 50, run_from_scratch=True
Evaluations: 856
Running function 8 instance 7 repetition 2 with A2 Non-elitist, budget 50, run_from_scratch=True
Evaluations: 856
Running function 8 instance 7 repetition 3 with A2 Non-elitist, budget 50, run_from_scratch=True
Evaluations: 856
Running function 8 instance 7 repetition 4 with A2 Non-elitist, budget 50, run_from_scratch=True
Evaluations: 856
Running function 8 instance 7 repetition 5 with A2 Non-elitist, budget 50, run_from_scratch=True
Evaluations: 856
Running function 8 instance 7 repetition 6 with A2 Non-elitist, budget 50, run_from_scratch=True
Evaluations: 856
Running function 8 instance 7 repetition 7 with A2 Non-elitist, budget 50, run_from_scratch=True
Evaluations: 856
Running function 8 instance 7 repetition 8 with A2 Non-elitist, budget 50, run_from_scratch=True
Evaluations: 856
Running function 8 instance 7 repetition 9 with A2 Non-elitist, budget 50, run_from_scratch=True
Evaluations: 856
Running function 8 instance 7 repetition 10 with A2 Non-elitist, budget 50, run_from_scratch=True
Evaluations: 856
Running function 8 instance 7 repetition 11 with A2 Non-elitist, budget 50, run_from_scratch=True
Evaluations: 856
Running function 8 instance 7 repetition 12 with A2 Non-elitist, budget 50, run_from_scratch=True
Evaluations: 856
Running function 8 instance 7 repetition 13 with A2 Non-elitist, budget 50, run_from_scratch=True
Evaluations: 856
Running function 8 instance 7 repetition 14 with A2 Non-elitist, budget 50, run_from_scratch=True
Evaluations: 856
Running function 8 instance 7 repetition 15 with A2 Non-elitist, budget 50, run_from_scratch=True
Evaluations: 856
Running function 8 instance 7 repetition 16 with A2 Non-elitist, budget 50, run_from_scratch=True
Evaluations: 856
Running function 8 instance 7 repetition 17 with A2 Non-elitist, budget 50, run_from_scratch=True
Evaluations: 856
Running function 8 instance 7 repetition 18 with A2 Non-elitist, budget 50, run_from_scratch=True
Evaluations: 856
Running function 8 instance 7 repetition 19 with A2 Non-elitist, budget 50, run_from_scratch=True
Evaluations: 856
Running function 9 instance 6 repetition 0 with A2 Non-elitist, budget 50, run_from_scratch=True
Evaluations: 856
Running function 9 instance 6 repetition 1 with A2 Non-elitist, budget 50, run_from_scratch=True
Evaluations: 856
Running function 9 instance 6 repetition 2 with A2 Non-elitist, budget 50, run_from_scratch=True
Evaluations: 856
Running function 9 instance 6 repetition 3 with A2 Non-elitist, budget 50, run_from_scratch=True
Evaluations: 856
Running function 9 instance 6 repetition 4 with A2 Non-elitist, budget 50, run_from_scratch=True
Evaluations: 856
Running function 9 instance 6 repetition 5 with A2 Non-elitist, budget 50, run_from_scratch=True
Evaluations: 856
Running function 9 instance 6 repetition 6 with A2 Non-elitist, budget 50, run_from_scratch=True
Evaluations: 856
Running function 9 instance 6 repetition 7 with A2 Non-elitist, budget 50, run_from_scratch=True
Evaluations: 856
Running function 9 instance 6 repetition 8 with A2 Non-elitist, budget 50, run_from_scratch=True
Evaluations: 856
Running function 9 instance 6 repetition 9 with A2 Non-elitist, budget 50, run_from_scratch=True
Evaluations: 856
Running function 9 instance 6 repetition 10 with A2 Non-elitist, budget 50, run_from_scratch=True
Evaluations: 856
Running function 9 instance 6 repetition 11 with A2 Non-elitist, budget 50, run_from_scratch=True
Evaluations: 856
Running function 9 instance 6 repetition 12 with A2 Non-elitist, budget 50, run_from_scratch=True
Evaluations: 856
Running function 9 instance 6 repetition 13 with A2 Non-elitist, budget 50, run_from_scratch=True
Evaluations: 856
Running function 9 instance 6 repetition 14 with A2 Non-elitist, budget 50, run_from_scratch=True
Evaluations: 856
Running function 9 instance 6 repetition 15 with A2 Non-elitist, budget 50, run_from_scratch=True
Evaluations: 856
Running function 9 instance 6 repetition 16 with A2 Non-elitist, budget 50, run_from_scratch=True
Evaluations: 856
Running function 9 instance 6 repetition 17 with A2 Non-elitist, budget 50, run_from_scratch=True
Evaluations: 856
Running function 9 instance 6 repetition 18 with A2 Non-elitist, budget 50, run_from_scratch=True
Evaluations: 856
Running function 9 instance 6 repetition 19 with A2 Non-elitist, budget 50, run_from_scratch=True
Evaluations: 856
Running function 9 instance 7 repetition 0 with A2 Non-elitist, budget 50, run_from_scratch=True
Evaluations: 856
Running function 9 instance 7 repetition 1 with A2 Non-elitist, budget 50, run_from_scratch=True
Evaluations: 856
Running function 9 instance 7 repetition 2 with A2 Non-elitist, budget 50, run_from_scratch=True
Evaluations: 856
Running function 9 instance 7 repetition 3 with A2 Non-elitist, budget 50, run_from_scratch=True
Evaluations: 856
Running function 9 instance 7 repetition 4 with A2 Non-elitist, budget 50, run_from_scratch=True
Evaluations: 856
Running function 9 instance 7 repetition 5 with A2 Non-elitist, budget 50, run_from_scratch=True
Evaluations: 856
Running function 9 instance 7 repetition 6 with A2 Non-elitist, budget 50, run_from_scratch=True
Evaluations: 856
Running function 9 instance 7 repetition 7 with A2 Non-elitist, budget 50, run_from_scratch=True
Evaluations: 856
Running function 9 instance 7 repetition 8 with A2 Non-elitist, budget 50, run_from_scratch=True
Evaluations: 856
Running function 9 instance 7 repetition 9 with A2 Non-elitist, budget 50, run_from_scratch=True
Evaluations: 856
Running function 9 instance 7 repetition 10 with A2 Non-elitist, budget 50, run_from_scratch=True
Evaluations: 856
Running function 9 instance 7 repetition 11 with A2 Non-elitist, budget 50, run_from_scratch=True
Evaluations: 856
Running function 9 instance 7 repetition 12 with A2 Non-elitist, budget 50, run_from_scratch=True
Evaluations: 856
Running function 9 instance 7 repetition 13 with A2 Non-elitist, budget 50, run_from_scratch=True
Evaluations: 856
Running function 9 instance 7 repetition 14 with A2 Non-elitist, budget 50, run_from_scratch=True
Evaluations: 856
Running function 9 instance 7 repetition 15 with A2 Non-elitist, budget 50, run_from_scratch=True
Evaluations: 856
Running function 9 instance 7 repetition 16 with A2 Non-elitist, budget 50, run_from_scratch=True
Evaluations: 856
Running function 9 instance 7 repetition 17 with A2 Non-elitist, budget 50, run_from_scratch=True
Evaluations: 856
Running function 9 instance 7 repetition 18 with A2 Non-elitist, budget 50, run_from_scratch=True
Evaluations: 856
Running function 9 instance 7 repetition 19 with A2 Non-elitist, budget 50, run_from_scratch=True
Evaluations: 856
Running function 10 instance 6 repetition 0 with A2 Non-elitist, budget 50, run_from_scratch=True
Evaluations: 856
Running function 10 instance 6 repetition 1 with A2 Non-elitist, budget 50, run_from_scratch=True
Evaluations: 856
Running function 10 instance 6 repetition 2 with A2 Non-elitist, budget 50, run_from_scratch=True
Evaluations: 856
Running function 10 instance 6 repetition 3 with A2 Non-elitist, budget 50, run_from_scratch=True
Evaluations: 856
Running function 10 instance 6 repetition 4 with A2 Non-elitist, budget 50, run_from_scratch=True
Evaluations: 856
Running function 10 instance 6 repetition 5 with A2 Non-elitist, budget 50, run_from_scratch=True
Evaluations: 856
Running function 10 instance 6 repetition 6 with A2 Non-elitist, budget 50, run_from_scratch=True
Evaluations: 856
Running function 10 instance 6 repetition 7 with A2 Non-elitist, budget 50, run_from_scratch=True
Evaluations: 856
Running function 10 instance 6 repetition 8 with A2 Non-elitist, budget 50, run_from_scratch=True
Evaluations: 856
Running function 10 instance 6 repetition 9 with A2 Non-elitist, budget 50, run_from_scratch=True
Evaluations: 856
Running function 10 instance 6 repetition 10 with A2 Non-elitist, budget 50, run_from_scratch=True
Evaluations: 856
Running function 10 instance 6 repetition 11 with A2 Non-elitist, budget 50, run_from_scratch=True
Evaluations: 856
Running function 10 instance 6 repetition 12 with A2 Non-elitist, budget 50, run_from_scratch=True
Evaluations: 856
Running function 10 instance 6 repetition 13 with A2 Non-elitist, budget 50, run_from_scratch=True
Evaluations: 856
Running function 10 instance 6 repetition 14 with A2 Non-elitist, budget 50, run_from_scratch=True
Evaluations: 856
Running function 10 instance 6 repetition 15 with A2 Non-elitist, budget 50, run_from_scratch=True
Evaluations: 856
Running function 10 instance 6 repetition 16 with A2 Non-elitist, budget 50, run_from_scratch=True
Evaluations: 856
Running function 10 instance 6 repetition 17 with A2 Non-elitist, budget 50, run_from_scratch=True
Evaluations: 856
Running function 10 instance 6 repetition 18 with A2 Non-elitist, budget 50, run_from_scratch=True
Evaluations: 856
Running function 10 instance 6 repetition 19 with A2 Non-elitist, budget 50, run_from_scratch=True
Evaluations: 856
Running function 10 instance 7 repetition 0 with A2 Non-elitist, budget 50, run_from_scratch=True
Evaluations: 856
Running function 10 instance 7 repetition 1 with A2 Non-elitist, budget 50, run_from_scratch=True
Evaluations: 856
Running function 10 instance 7 repetition 2 with A2 Non-elitist, budget 50, run_from_scratch=True
Evaluations: 856
Running function 10 instance 7 repetition 3 with A2 Non-elitist, budget 50, run_from_scratch=True
Evaluations: 856
Running function 10 instance 7 repetition 4 with A2 Non-elitist, budget 50, run_from_scratch=True
Evaluations: 856
Running function 10 instance 7 repetition 5 with A2 Non-elitist, budget 50, run_from_scratch=True
Evaluations: 856
Running function 10 instance 7 repetition 6 with A2 Non-elitist, budget 50, run_from_scratch=True
Evaluations: 856
Running function 10 instance 7 repetition 7 with A2 Non-elitist, budget 50, run_from_scratch=True
Evaluations: 856
Running function 10 instance 7 repetition 8 with A2 Non-elitist, budget 50, run_from_scratch=True
Evaluations: 856
Running function 10 instance 7 repetition 9 with A2 Non-elitist, budget 50, run_from_scratch=True
Evaluations: 856
Running function 10 instance 7 repetition 10 with A2 Non-elitist, budget 50, run_from_scratch=True
Evaluations: 856
Running function 10 instance 7 repetition 11 with A2 Non-elitist, budget 50, run_from_scratch=True
Evaluations: 856
Running function 10 instance 7 repetition 12 with A2 Non-elitist, budget 50, run_from_scratch=True
Evaluations: 856
Running function 10 instance 7 repetition 13 with A2 Non-elitist, budget 50, run_from_scratch=True
Evaluations: 856
Running function 10 instance 7 repetition 14 with A2 Non-elitist, budget 50, run_from_scratch=True
Evaluations: 856
Running function 10 instance 7 repetition 15 with A2 Non-elitist, budget 50, run_from_scratch=True
Evaluations: 856
Running function 10 instance 7 repetition 16 with A2 Non-elitist, budget 50, run_from_scratch=True
Evaluations: 856
Running function 10 instance 7 repetition 17 with A2 Non-elitist, budget 50, run_from_scratch=True
Evaluations: 856
Running function 10 instance 7 repetition 18 with A2 Non-elitist, budget 50, run_from_scratch=True
Evaluations: 856
Running function 10 instance 7 repetition 19 with A2 Non-elitist, budget 50, run_from_scratch=True
Evaluations: 856
Running function 11 instance 6 repetition 0 with A2 Non-elitist, budget 50, run_from_scratch=True
Evaluations: 856
Running function 11 instance 6 repetition 1 with A2 Non-elitist, budget 50, run_from_scratch=True
Evaluations: 856
Running function 11 instance 6 repetition 2 with A2 Non-elitist, budget 50, run_from_scratch=True
Evaluations: 856
Running function 11 instance 6 repetition 3 with A2 Non-elitist, budget 50, run_from_scratch=True
Evaluations: 856
Running function 11 instance 6 repetition 4 with A2 Non-elitist, budget 50, run_from_scratch=True
Evaluations: 856
Running function 11 instance 6 repetition 5 with A2 Non-elitist, budget 50, run_from_scratch=True
Evaluations: 856
Running function 11 instance 6 repetition 6 with A2 Non-elitist, budget 50, run_from_scratch=True
Evaluations: 856
Running function 11 instance 6 repetition 7 with A2 Non-elitist, budget 50, run_from_scratch=True
Evaluations: 856
Running function 11 instance 6 repetition 8 with A2 Non-elitist, budget 50, run_from_scratch=True
Evaluations: 856
Running function 11 instance 6 repetition 9 with A2 Non-elitist, budget 50, run_from_scratch=True
Evaluations: 856
Running function 11 instance 6 repetition 10 with A2 Non-elitist, budget 50, run_from_scratch=True
Evaluations: 856
Running function 11 instance 6 repetition 11 with A2 Non-elitist, budget 50, run_from_scratch=True
Evaluations: 856
Running function 11 instance 6 repetition 12 with A2 Non-elitist, budget 50, run_from_scratch=True
Evaluations: 856
Running function 11 instance 6 repetition 13 with A2 Non-elitist, budget 50, run_from_scratch=True
Evaluations: 856
Running function 11 instance 6 repetition 14 with A2 Non-elitist, budget 50, run_from_scratch=True
Evaluations: 856
Running function 11 instance 6 repetition 15 with A2 Non-elitist, budget 50, run_from_scratch=True
Evaluations: 856
Running function 11 instance 6 repetition 16 with A2 Non-elitist, budget 50, run_from_scratch=True
Evaluations: 856
Running function 11 instance 6 repetition 17 with A2 Non-elitist, budget 50, run_from_scratch=True
Evaluations: 856
Running function 11 instance 6 repetition 18 with A2 Non-elitist, budget 50, run_from_scratch=True
Evaluations: 856
Running function 11 instance 6 repetition 19 with A2 Non-elitist, budget 50, run_from_scratch=True
Evaluations: 856
Running function 11 instance 7 repetition 0 with A2 Non-elitist, budget 50, run_from_scratch=True
Evaluations: 856
Running function 11 instance 7 repetition 1 with A2 Non-elitist, budget 50, run_from_scratch=True
Evaluations: 856
Running function 11 instance 7 repetition 2 with A2 Non-elitist, budget 50, run_from_scratch=True
Evaluations: 856
Running function 11 instance 7 repetition 3 with A2 Non-elitist, budget 50, run_from_scratch=True
Evaluations: 856
Running function 11 instance 7 repetition 4 with A2 Non-elitist, budget 50, run_from_scratch=True
Evaluations: 856
Running function 11 instance 7 repetition 5 with A2 Non-elitist, budget 50, run_from_scratch=True
Evaluations: 856
Running function 11 instance 7 repetition 6 with A2 Non-elitist, budget 50, run_from_scratch=True
Evaluations: 856
Running function 11 instance 7 repetition 7 with A2 Non-elitist, budget 50, run_from_scratch=True
Evaluations: 856
Running function 11 instance 7 repetition 8 with A2 Non-elitist, budget 50, run_from_scratch=True
Evaluations: 856
Running function 11 instance 7 repetition 9 with A2 Non-elitist, budget 50, run_from_scratch=True
Evaluations: 856
Running function 11 instance 7 repetition 10 with A2 Non-elitist, budget 50, run_from_scratch=True
Evaluations: 856
Running function 11 instance 7 repetition 11 with A2 Non-elitist, budget 50, run_from_scratch=True
Evaluations: 856
Running function 11 instance 7 repetition 12 with A2 Non-elitist, budget 50, run_from_scratch=True
Evaluations: 856
Running function 11 instance 7 repetition 13 with A2 Non-elitist, budget 50, run_from_scratch=True
Evaluations: 856
Running function 11 instance 7 repetition 14 with A2 Non-elitist, budget 50, run_from_scratch=True
Evaluations: 856
Running function 11 instance 7 repetition 15 with A2 Non-elitist, budget 50, run_from_scratch=True
Evaluations: 856
Running function 11 instance 7 repetition 16 with A2 Non-elitist, budget 50, run_from_scratch=True
Evaluations: 856
Running function 11 instance 7 repetition 17 with A2 Non-elitist, budget 50, run_from_scratch=True
Evaluations: 856
Running function 11 instance 7 repetition 18 with A2 Non-elitist, budget 50, run_from_scratch=True
Evaluations: 856
Running function 11 instance 7 repetition 19 with A2 Non-elitist, budget 50, run_from_scratch=True
Evaluations: 856
Running function 12 instance 6 repetition 0 with A2 Non-elitist, budget 50, run_from_scratch=True
Evaluations: 856
Running function 12 instance 6 repetition 1 with A2 Non-elitist, budget 50, run_from_scratch=True
Evaluations: 856
Running function 12 instance 6 repetition 2 with A2 Non-elitist, budget 50, run_from_scratch=True
Evaluations: 856
Running function 12 instance 6 repetition 3 with A2 Non-elitist, budget 50, run_from_scratch=True
Evaluations: 856
Running function 12 instance 6 repetition 4 with A2 Non-elitist, budget 50, run_from_scratch=True
Evaluations: 856
Running function 12 instance 6 repetition 5 with A2 Non-elitist, budget 50, run_from_scratch=True
Evaluations: 856
Running function 12 instance 6 repetition 6 with A2 Non-elitist, budget 50, run_from_scratch=True
Evaluations: 856
Running function 12 instance 6 repetition 7 with A2 Non-elitist, budget 50, run_from_scratch=True
Evaluations: 856
Running function 12 instance 6 repetition 8 with A2 Non-elitist, budget 50, run_from_scratch=True
Evaluations: 856
Running function 12 instance 6 repetition 9 with A2 Non-elitist, budget 50, run_from_scratch=True
Evaluations: 856
Running function 12 instance 6 repetition 10 with A2 Non-elitist, budget 50, run_from_scratch=True
Evaluations: 856
Running function 12 instance 6 repetition 11 with A2 Non-elitist, budget 50, run_from_scratch=True
Evaluations: 856
Running function 12 instance 6 repetition 12 with A2 Non-elitist, budget 50, run_from_scratch=True
Evaluations: 856
Running function 12 instance 6 repetition 13 with A2 Non-elitist, budget 50, run_from_scratch=True
Evaluations: 856
Running function 12 instance 6 repetition 14 with A2 Non-elitist, budget 50, run_from_scratch=True
Evaluations: 856
Running function 12 instance 6 repetition 15 with A2 Non-elitist, budget 50, run_from_scratch=True
Evaluations: 856
Running function 12 instance 6 repetition 16 with A2 Non-elitist, budget 50, run_from_scratch=True
Evaluations: 856
Running function 12 instance 6 repetition 17 with A2 Non-elitist, budget 50, run_from_scratch=True
Evaluations: 856
Running function 12 instance 6 repetition 18 with A2 Non-elitist, budget 50, run_from_scratch=True
Evaluations: 856
Running function 12 instance 6 repetition 19 with A2 Non-elitist, budget 50, run_from_scratch=True
Evaluations: 856
Running function 12 instance 7 repetition 0 with A2 Non-elitist, budget 50, run_from_scratch=True
Evaluations: 856
Running function 12 instance 7 repetition 1 with A2 Non-elitist, budget 50, run_from_scratch=True
Evaluations: 856
Running function 12 instance 7 repetition 2 with A2 Non-elitist, budget 50, run_from_scratch=True
Evaluations: 856
Running function 12 instance 7 repetition 3 with A2 Non-elitist, budget 50, run_from_scratch=True
Evaluations: 856
Running function 12 instance 7 repetition 4 with A2 Non-elitist, budget 50, run_from_scratch=True
Evaluations: 856
Running function 12 instance 7 repetition 5 with A2 Non-elitist, budget 50, run_from_scratch=True
Evaluations: 856
Running function 12 instance 7 repetition 6 with A2 Non-elitist, budget 50, run_from_scratch=True
Evaluations: 856
Running function 12 instance 7 repetition 7 with A2 Non-elitist, budget 50, run_from_scratch=True
Evaluations: 856
Running function 12 instance 7 repetition 8 with A2 Non-elitist, budget 50, run_from_scratch=True
Evaluations: 856
Running function 12 instance 7 repetition 9 with A2 Non-elitist, budget 50, run_from_scratch=True
Evaluations: 856
Running function 12 instance 7 repetition 10 with A2 Non-elitist, budget 50, run_from_scratch=True
Evaluations: 856
Running function 12 instance 7 repetition 11 with A2 Non-elitist, budget 50, run_from_scratch=True
Evaluations: 856
Running function 12 instance 7 repetition 12 with A2 Non-elitist, budget 50, run_from_scratch=True
Evaluations: 856
Running function 12 instance 7 repetition 13 with A2 Non-elitist, budget 50, run_from_scratch=True
Evaluations: 856
Running function 12 instance 7 repetition 14 with A2 Non-elitist, budget 50, run_from_scratch=True
Evaluations: 856
Running function 12 instance 7 repetition 15 with A2 Non-elitist, budget 50, run_from_scratch=True
Evaluations: 856
Running function 12 instance 7 repetition 16 with A2 Non-elitist, budget 50, run_from_scratch=True
Evaluations: 856
Running function 12 instance 7 repetition 17 with A2 Non-elitist, budget 50, run_from_scratch=True
Evaluations: 856
Running function 12 instance 7 repetition 18 with A2 Non-elitist, budget 50, run_from_scratch=True
Evaluations: 856
Running function 12 instance 7 repetition 19 with A2 Non-elitist, budget 50, run_from_scratch=True
Evaluations: 856
Running function 13 instance 6 repetition 0 with A2 Non-elitist, budget 50, run_from_scratch=True
Evaluations: 856
Running function 13 instance 6 repetition 1 with A2 Non-elitist, budget 50, run_from_scratch=True
Evaluations: 856
Running function 13 instance 6 repetition 2 with A2 Non-elitist, budget 50, run_from_scratch=True
Evaluations: 856
Running function 13 instance 6 repetition 3 with A2 Non-elitist, budget 50, run_from_scratch=True
Evaluations: 856
Running function 13 instance 6 repetition 4 with A2 Non-elitist, budget 50, run_from_scratch=True
Evaluations: 856
Running function 13 instance 6 repetition 5 with A2 Non-elitist, budget 50, run_from_scratch=True
Evaluations: 856
Running function 13 instance 6 repetition 6 with A2 Non-elitist, budget 50, run_from_scratch=True
Evaluations: 856
Running function 13 instance 6 repetition 7 with A2 Non-elitist, budget 50, run_from_scratch=True
Evaluations: 856
Running function 13 instance 6 repetition 8 with A2 Non-elitist, budget 50, run_from_scratch=True
Evaluations: 856
Running function 13 instance 6 repetition 9 with A2 Non-elitist, budget 50, run_from_scratch=True
Evaluations: 856
Running function 13 instance 6 repetition 10 with A2 Non-elitist, budget 50, run_from_scratch=True
Evaluations: 856
Running function 13 instance 6 repetition 11 with A2 Non-elitist, budget 50, run_from_scratch=True
Evaluations: 856
Running function 13 instance 6 repetition 12 with A2 Non-elitist, budget 50, run_from_scratch=True
Evaluations: 856
Running function 13 instance 6 repetition 13 with A2 Non-elitist, budget 50, run_from_scratch=True
Evaluations: 856
Running function 13 instance 6 repetition 14 with A2 Non-elitist, budget 50, run_from_scratch=True
Evaluations: 856
Running function 13 instance 6 repetition 15 with A2 Non-elitist, budget 50, run_from_scratch=True
Evaluations: 856
Running function 13 instance 6 repetition 16 with A2 Non-elitist, budget 50, run_from_scratch=True
Evaluations: 856
Running function 13 instance 6 repetition 17 with A2 Non-elitist, budget 50, run_from_scratch=True
Evaluations: 856
Running function 13 instance 6 repetition 18 with A2 Non-elitist, budget 50, run_from_scratch=True
Evaluations: 856
Running function 13 instance 6 repetition 19 with A2 Non-elitist, budget 50, run_from_scratch=True
Evaluations: 856
Running function 13 instance 7 repetition 0 with A2 Non-elitist, budget 50, run_from_scratch=True
Evaluations: 856
Running function 13 instance 7 repetition 1 with A2 Non-elitist, budget 50, run_from_scratch=True
Evaluations: 856
Running function 13 instance 7 repetition 2 with A2 Non-elitist, budget 50, run_from_scratch=True
Evaluations: 856
Running function 13 instance 7 repetition 3 with A2 Non-elitist, budget 50, run_from_scratch=True
Evaluations: 856
Running function 13 instance 7 repetition 4 with A2 Non-elitist, budget 50, run_from_scratch=True
Evaluations: 856
Running function 13 instance 7 repetition 5 with A2 Non-elitist, budget 50, run_from_scratch=True
Evaluations: 856
Running function 13 instance 7 repetition 6 with A2 Non-elitist, budget 50, run_from_scratch=True
Evaluations: 856
Running function 13 instance 7 repetition 7 with A2 Non-elitist, budget 50, run_from_scratch=True
Evaluations: 856
Running function 13 instance 7 repetition 8 with A2 Non-elitist, budget 50, run_from_scratch=True
Evaluations: 856
Running function 13 instance 7 repetition 9 with A2 Non-elitist, budget 50, run_from_scratch=True
Evaluations: 856
Running function 13 instance 7 repetition 10 with A2 Non-elitist, budget 50, run_from_scratch=True
Evaluations: 856
Running function 13 instance 7 repetition 11 with A2 Non-elitist, budget 50, run_from_scratch=True
Evaluations: 856
Running function 13 instance 7 repetition 12 with A2 Non-elitist, budget 50, run_from_scratch=True
Evaluations: 856
Running function 13 instance 7 repetition 13 with A2 Non-elitist, budget 50, run_from_scratch=True
Evaluations: 856
Running function 13 instance 7 repetition 14 with A2 Non-elitist, budget 50, run_from_scratch=True
Evaluations: 856
Running function 13 instance 7 repetition 15 with A2 Non-elitist, budget 50, run_from_scratch=True
Evaluations: 856
Running function 13 instance 7 repetition 16 with A2 Non-elitist, budget 50, run_from_scratch=True
Evaluations: 856
Running function 13 instance 7 repetition 17 with A2 Non-elitist, budget 50, run_from_scratch=True
Evaluations: 856
Running function 13 instance 7 repetition 18 with A2 Non-elitist, budget 50, run_from_scratch=True
Evaluations: 856
Running function 13 instance 7 repetition 19 with A2 Non-elitist, budget 50, run_from_scratch=True
Evaluations: 856
Running function 14 instance 6 repetition 0 with A2 Non-elitist, budget 50, run_from_scratch=True
Evaluations: 856
Running function 14 instance 6 repetition 1 with A2 Non-elitist, budget 50, run_from_scratch=True
Evaluations: 856
Running function 14 instance 6 repetition 2 with A2 Non-elitist, budget 50, run_from_scratch=True
Evaluations: 856
Running function 14 instance 6 repetition 3 with A2 Non-elitist, budget 50, run_from_scratch=True
Evaluations: 856
Running function 14 instance 6 repetition 4 with A2 Non-elitist, budget 50, run_from_scratch=True
Evaluations: 856
Running function 14 instance 6 repetition 5 with A2 Non-elitist, budget 50, run_from_scratch=True
Evaluations: 856
Running function 14 instance 6 repetition 6 with A2 Non-elitist, budget 50, run_from_scratch=True
Evaluations: 856
Running function 14 instance 6 repetition 7 with A2 Non-elitist, budget 50, run_from_scratch=True
Evaluations: 856
Running function 14 instance 6 repetition 8 with A2 Non-elitist, budget 50, run_from_scratch=True
Evaluations: 856
Running function 14 instance 6 repetition 9 with A2 Non-elitist, budget 50, run_from_scratch=True
Evaluations: 856
Running function 14 instance 6 repetition 10 with A2 Non-elitist, budget 50, run_from_scratch=True
Evaluations: 856
Running function 14 instance 6 repetition 11 with A2 Non-elitist, budget 50, run_from_scratch=True
Evaluations: 856
Running function 14 instance 6 repetition 12 with A2 Non-elitist, budget 50, run_from_scratch=True
Evaluations: 856
Running function 14 instance 6 repetition 13 with A2 Non-elitist, budget 50, run_from_scratch=True
Evaluations: 856
Running function 14 instance 6 repetition 14 with A2 Non-elitist, budget 50, run_from_scratch=True
Evaluations: 856
Running function 14 instance 6 repetition 15 with A2 Non-elitist, budget 50, run_from_scratch=True
Evaluations: 856
Running function 14 instance 6 repetition 16 with A2 Non-elitist, budget 50, run_from_scratch=True
Evaluations: 856
Running function 14 instance 6 repetition 17 with A2 Non-elitist, budget 50, run_from_scratch=True
Evaluations: 856
Running function 14 instance 6 repetition 18 with A2 Non-elitist, budget 50, run_from_scratch=True
Evaluations: 856
Running function 14 instance 6 repetition 19 with A2 Non-elitist, budget 50, run_from_scratch=True
Evaluations: 856
Running function 14 instance 7 repetition 0 with A2 Non-elitist, budget 50, run_from_scratch=True
Evaluations: 856
Running function 14 instance 7 repetition 1 with A2 Non-elitist, budget 50, run_from_scratch=True
Evaluations: 856
Running function 14 instance 7 repetition 2 with A2 Non-elitist, budget 50, run_from_scratch=True
Evaluations: 856
Running function 14 instance 7 repetition 3 with A2 Non-elitist, budget 50, run_from_scratch=True
Evaluations: 856
Running function 14 instance 7 repetition 4 with A2 Non-elitist, budget 50, run_from_scratch=True
Evaluations: 856
Running function 14 instance 7 repetition 5 with A2 Non-elitist, budget 50, run_from_scratch=True
Evaluations: 856
Running function 14 instance 7 repetition 6 with A2 Non-elitist, budget 50, run_from_scratch=True
Evaluations: 856
Running function 14 instance 7 repetition 7 with A2 Non-elitist, budget 50, run_from_scratch=True
Evaluations: 856
Running function 14 instance 7 repetition 8 with A2 Non-elitist, budget 50, run_from_scratch=True
Evaluations: 856
Running function 14 instance 7 repetition 9 with A2 Non-elitist, budget 50, run_from_scratch=True
Evaluations: 856
Running function 14 instance 7 repetition 10 with A2 Non-elitist, budget 50, run_from_scratch=True
Evaluations: 856
Running function 14 instance 7 repetition 11 with A2 Non-elitist, budget 50, run_from_scratch=True
Evaluations: 856
Running function 14 instance 7 repetition 12 with A2 Non-elitist, budget 50, run_from_scratch=True
Evaluations: 856
Running function 14 instance 7 repetition 13 with A2 Non-elitist, budget 50, run_from_scratch=True
Evaluations: 856
Running function 14 instance 7 repetition 14 with A2 Non-elitist, budget 50, run_from_scratch=True
Evaluations: 856
Running function 14 instance 7 repetition 15 with A2 Non-elitist, budget 50, run_from_scratch=True
Evaluations: 856
Running function 14 instance 7 repetition 16 with A2 Non-elitist, budget 50, run_from_scratch=True
Evaluations: 856
Running function 14 instance 7 repetition 17 with A2 Non-elitist, budget 50, run_from_scratch=True
Evaluations: 856
Running function 14 instance 7 repetition 18 with A2 Non-elitist, budget 50, run_from_scratch=True
Evaluations: 856
Running function 14 instance 7 repetition 19 with A2 Non-elitist, budget 50, run_from_scratch=True
Evaluations: 856
Running function 15 instance 6 repetition 0 with A2 Non-elitist, budget 50, run_from_scratch=True
Evaluations: 856
Running function 15 instance 6 repetition 1 with A2 Non-elitist, budget 50, run_from_scratch=True
Evaluations: 856
Running function 15 instance 6 repetition 2 with A2 Non-elitist, budget 50, run_from_scratch=True
Evaluations: 856
Running function 15 instance 6 repetition 3 with A2 Non-elitist, budget 50, run_from_scratch=True
Evaluations: 856
Running function 15 instance 6 repetition 4 with A2 Non-elitist, budget 50, run_from_scratch=True
Evaluations: 856
Running function 15 instance 6 repetition 5 with A2 Non-elitist, budget 50, run_from_scratch=True
Evaluations: 856
Running function 15 instance 6 repetition 6 with A2 Non-elitist, budget 50, run_from_scratch=True
Evaluations: 856
Running function 15 instance 6 repetition 7 with A2 Non-elitist, budget 50, run_from_scratch=True
Evaluations: 856
Running function 15 instance 6 repetition 8 with A2 Non-elitist, budget 50, run_from_scratch=True
Evaluations: 856
Running function 15 instance 6 repetition 9 with A2 Non-elitist, budget 50, run_from_scratch=True
Evaluations: 856
Running function 15 instance 6 repetition 10 with A2 Non-elitist, budget 50, run_from_scratch=True
Evaluations: 856
Running function 15 instance 6 repetition 11 with A2 Non-elitist, budget 50, run_from_scratch=True
Evaluations: 856
Running function 15 instance 6 repetition 12 with A2 Non-elitist, budget 50, run_from_scratch=True
Evaluations: 856
Running function 15 instance 6 repetition 13 with A2 Non-elitist, budget 50, run_from_scratch=True
Evaluations: 856
Running function 15 instance 6 repetition 14 with A2 Non-elitist, budget 50, run_from_scratch=True
Evaluations: 856
Running function 15 instance 6 repetition 15 with A2 Non-elitist, budget 50, run_from_scratch=True
Evaluations: 856
Running function 15 instance 6 repetition 16 with A2 Non-elitist, budget 50, run_from_scratch=True
Evaluations: 856
Running function 15 instance 6 repetition 17 with A2 Non-elitist, budget 50, run_from_scratch=True
Evaluations: 856
Running function 15 instance 6 repetition 18 with A2 Non-elitist, budget 50, run_from_scratch=True
Evaluations: 856
Running function 15 instance 6 repetition 19 with A2 Non-elitist, budget 50, run_from_scratch=True
Evaluations: 856
Running function 15 instance 7 repetition 0 with A2 Non-elitist, budget 50, run_from_scratch=True
Evaluations: 856
Running function 15 instance 7 repetition 1 with A2 Non-elitist, budget 50, run_from_scratch=True
Evaluations: 856
Running function 15 instance 7 repetition 2 with A2 Non-elitist, budget 50, run_from_scratch=True
Evaluations: 856
Running function 15 instance 7 repetition 3 with A2 Non-elitist, budget 50, run_from_scratch=True
Evaluations: 856
Running function 15 instance 7 repetition 4 with A2 Non-elitist, budget 50, run_from_scratch=True
Evaluations: 856
Running function 15 instance 7 repetition 5 with A2 Non-elitist, budget 50, run_from_scratch=True
Evaluations: 856
Running function 15 instance 7 repetition 6 with A2 Non-elitist, budget 50, run_from_scratch=True
Evaluations: 856
Running function 15 instance 7 repetition 7 with A2 Non-elitist, budget 50, run_from_scratch=True
Evaluations: 856
Running function 15 instance 7 repetition 8 with A2 Non-elitist, budget 50, run_from_scratch=True
Evaluations: 856
Running function 15 instance 7 repetition 9 with A2 Non-elitist, budget 50, run_from_scratch=True
Evaluations: 856
Running function 15 instance 7 repetition 10 with A2 Non-elitist, budget 50, run_from_scratch=True
Evaluations: 856
Running function 15 instance 7 repetition 11 with A2 Non-elitist, budget 50, run_from_scratch=True
Evaluations: 856
Running function 15 instance 7 repetition 12 with A2 Non-elitist, budget 50, run_from_scratch=True
Evaluations: 856
Running function 15 instance 7 repetition 13 with A2 Non-elitist, budget 50, run_from_scratch=True
Evaluations: 856
Running function 15 instance 7 repetition 14 with A2 Non-elitist, budget 50, run_from_scratch=True
Evaluations: 856
Running function 15 instance 7 repetition 15 with A2 Non-elitist, budget 50, run_from_scratch=True
Evaluations: 856
Running function 15 instance 7 repetition 16 with A2 Non-elitist, budget 50, run_from_scratch=True
Evaluations: 856
Running function 15 instance 7 repetition 17 with A2 Non-elitist, budget 50, run_from_scratch=True
Evaluations: 856
Running function 15 instance 7 repetition 18 with A2 Non-elitist, budget 50, run_from_scratch=True
Evaluations: 856
Running function 15 instance 7 repetition 19 with A2 Non-elitist, budget 50, run_from_scratch=True
Evaluations: 856
Running function 16 instance 6 repetition 0 with A2 Non-elitist, budget 50, run_from_scratch=True
Evaluations: 856
Running function 16 instance 6 repetition 1 with A2 Non-elitist, budget 50, run_from_scratch=True
Evaluations: 856
Running function 16 instance 6 repetition 2 with A2 Non-elitist, budget 50, run_from_scratch=True
Evaluations: 856
Running function 16 instance 6 repetition 3 with A2 Non-elitist, budget 50, run_from_scratch=True
Evaluations: 856
Running function 16 instance 6 repetition 4 with A2 Non-elitist, budget 50, run_from_scratch=True
Evaluations: 856
Running function 16 instance 6 repetition 5 with A2 Non-elitist, budget 50, run_from_scratch=True
Evaluations: 856
Running function 16 instance 6 repetition 6 with A2 Non-elitist, budget 50, run_from_scratch=True
Evaluations: 856
Running function 16 instance 6 repetition 7 with A2 Non-elitist, budget 50, run_from_scratch=True
Evaluations: 856
Running function 16 instance 6 repetition 8 with A2 Non-elitist, budget 50, run_from_scratch=True
Evaluations: 856
Running function 16 instance 6 repetition 9 with A2 Non-elitist, budget 50, run_from_scratch=True
Evaluations: 856
Running function 16 instance 6 repetition 10 with A2 Non-elitist, budget 50, run_from_scratch=True
Evaluations: 856
Running function 16 instance 6 repetition 11 with A2 Non-elitist, budget 50, run_from_scratch=True
Evaluations: 856
Running function 16 instance 6 repetition 12 with A2 Non-elitist, budget 50, run_from_scratch=True
Evaluations: 856
Running function 16 instance 6 repetition 13 with A2 Non-elitist, budget 50, run_from_scratch=True
Evaluations: 856
Running function 16 instance 6 repetition 14 with A2 Non-elitist, budget 50, run_from_scratch=True
Evaluations: 856
Running function 16 instance 6 repetition 15 with A2 Non-elitist, budget 50, run_from_scratch=True
Evaluations: 856
Running function 16 instance 6 repetition 16 with A2 Non-elitist, budget 50, run_from_scratch=True
Evaluations: 856
Running function 16 instance 6 repetition 17 with A2 Non-elitist, budget 50, run_from_scratch=True
Evaluations: 856
Running function 16 instance 6 repetition 18 with A2 Non-elitist, budget 50, run_from_scratch=True
Evaluations: 856
Running function 16 instance 6 repetition 19 with A2 Non-elitist, budget 50, run_from_scratch=True
Evaluations: 856
Running function 16 instance 7 repetition 0 with A2 Non-elitist, budget 50, run_from_scratch=True
Evaluations: 856
Running function 16 instance 7 repetition 1 with A2 Non-elitist, budget 50, run_from_scratch=True
Evaluations: 856
Running function 16 instance 7 repetition 2 with A2 Non-elitist, budget 50, run_from_scratch=True
Evaluations: 856
Running function 16 instance 7 repetition 3 with A2 Non-elitist, budget 50, run_from_scratch=True
Evaluations: 856
Running function 16 instance 7 repetition 4 with A2 Non-elitist, budget 50, run_from_scratch=True
Evaluations: 856
Running function 16 instance 7 repetition 5 with A2 Non-elitist, budget 50, run_from_scratch=True
Evaluations: 856
Running function 16 instance 7 repetition 6 with A2 Non-elitist, budget 50, run_from_scratch=True
Evaluations: 856
Running function 16 instance 7 repetition 7 with A2 Non-elitist, budget 50, run_from_scratch=True
Evaluations: 856
Running function 16 instance 7 repetition 8 with A2 Non-elitist, budget 50, run_from_scratch=True
Evaluations: 856
Running function 16 instance 7 repetition 9 with A2 Non-elitist, budget 50, run_from_scratch=True
Evaluations: 856
Running function 16 instance 7 repetition 10 with A2 Non-elitist, budget 50, run_from_scratch=True
Evaluations: 856
Running function 16 instance 7 repetition 11 with A2 Non-elitist, budget 50, run_from_scratch=True
Evaluations: 856
Running function 16 instance 7 repetition 12 with A2 Non-elitist, budget 50, run_from_scratch=True
Evaluations: 856
Running function 16 instance 7 repetition 13 with A2 Non-elitist, budget 50, run_from_scratch=True
Evaluations: 856
Running function 16 instance 7 repetition 14 with A2 Non-elitist, budget 50, run_from_scratch=True
Evaluations: 856
Running function 16 instance 7 repetition 15 with A2 Non-elitist, budget 50, run_from_scratch=True
Evaluations: 856
Running function 16 instance 7 repetition 16 with A2 Non-elitist, budget 50, run_from_scratch=True
Evaluations: 856
Running function 16 instance 7 repetition 17 with A2 Non-elitist, budget 50, run_from_scratch=True
Evaluations: 856
Running function 16 instance 7 repetition 18 with A2 Non-elitist, budget 50, run_from_scratch=True
Evaluations: 856
Running function 16 instance 7 repetition 19 with A2 Non-elitist, budget 50, run_from_scratch=True
Evaluations: 856
Running function 17 instance 6 repetition 0 with A2 Non-elitist, budget 50, run_from_scratch=True
Evaluations: 856
Running function 17 instance 6 repetition 1 with A2 Non-elitist, budget 50, run_from_scratch=True
Evaluations: 856
Running function 17 instance 6 repetition 2 with A2 Non-elitist, budget 50, run_from_scratch=True
Evaluations: 856
Running function 17 instance 6 repetition 3 with A2 Non-elitist, budget 50, run_from_scratch=True
Evaluations: 856
Running function 17 instance 6 repetition 4 with A2 Non-elitist, budget 50, run_from_scratch=True
Evaluations: 856
Running function 17 instance 6 repetition 5 with A2 Non-elitist, budget 50, run_from_scratch=True
Evaluations: 856
Running function 17 instance 6 repetition 6 with A2 Non-elitist, budget 50, run_from_scratch=True
Evaluations: 856
Running function 17 instance 6 repetition 7 with A2 Non-elitist, budget 50, run_from_scratch=True
Evaluations: 856
Running function 17 instance 6 repetition 8 with A2 Non-elitist, budget 50, run_from_scratch=True
Evaluations: 856
Running function 17 instance 6 repetition 9 with A2 Non-elitist, budget 50, run_from_scratch=True
Evaluations: 856
Running function 17 instance 6 repetition 10 with A2 Non-elitist, budget 50, run_from_scratch=True
Evaluations: 856
Running function 17 instance 6 repetition 11 with A2 Non-elitist, budget 50, run_from_scratch=True
Evaluations: 856
Running function 17 instance 6 repetition 12 with A2 Non-elitist, budget 50, run_from_scratch=True
Evaluations: 856
Running function 17 instance 6 repetition 13 with A2 Non-elitist, budget 50, run_from_scratch=True
Evaluations: 856
Running function 17 instance 6 repetition 14 with A2 Non-elitist, budget 50, run_from_scratch=True
Evaluations: 856
Running function 17 instance 6 repetition 15 with A2 Non-elitist, budget 50, run_from_scratch=True
Evaluations: 856
Running function 17 instance 6 repetition 16 with A2 Non-elitist, budget 50, run_from_scratch=True
Evaluations: 856
Running function 17 instance 6 repetition 17 with A2 Non-elitist, budget 50, run_from_scratch=True
Evaluations: 856
Running function 17 instance 6 repetition 18 with A2 Non-elitist, budget 50, run_from_scratch=True
Evaluations: 856
Running function 17 instance 6 repetition 19 with A2 Non-elitist, budget 50, run_from_scratch=True
Evaluations: 856
Running function 17 instance 7 repetition 0 with A2 Non-elitist, budget 50, run_from_scratch=True
Evaluations: 856
Running function 17 instance 7 repetition 1 with A2 Non-elitist, budget 50, run_from_scratch=True
Evaluations: 856
Running function 17 instance 7 repetition 2 with A2 Non-elitist, budget 50, run_from_scratch=True
Evaluations: 856
Running function 17 instance 7 repetition 3 with A2 Non-elitist, budget 50, run_from_scratch=True
Evaluations: 856
Running function 17 instance 7 repetition 4 with A2 Non-elitist, budget 50, run_from_scratch=True
Evaluations: 856
Running function 17 instance 7 repetition 5 with A2 Non-elitist, budget 50, run_from_scratch=True
Evaluations: 856
Running function 17 instance 7 repetition 6 with A2 Non-elitist, budget 50, run_from_scratch=True
Evaluations: 856
Running function 17 instance 7 repetition 7 with A2 Non-elitist, budget 50, run_from_scratch=True
Evaluations: 856
Running function 17 instance 7 repetition 8 with A2 Non-elitist, budget 50, run_from_scratch=True
Evaluations: 856
Running function 17 instance 7 repetition 9 with A2 Non-elitist, budget 50, run_from_scratch=True
Evaluations: 856
Running function 17 instance 7 repetition 10 with A2 Non-elitist, budget 50, run_from_scratch=True
Evaluations: 856
Running function 17 instance 7 repetition 11 with A2 Non-elitist, budget 50, run_from_scratch=True
Evaluations: 856
Running function 17 instance 7 repetition 12 with A2 Non-elitist, budget 50, run_from_scratch=True
Evaluations: 856
Running function 17 instance 7 repetition 13 with A2 Non-elitist, budget 50, run_from_scratch=True
Evaluations: 856
Running function 17 instance 7 repetition 14 with A2 Non-elitist, budget 50, run_from_scratch=True
Evaluations: 856
Running function 17 instance 7 repetition 15 with A2 Non-elitist, budget 50, run_from_scratch=True
Evaluations: 856
Running function 17 instance 7 repetition 16 with A2 Non-elitist, budget 50, run_from_scratch=True
Evaluations: 856
Running function 17 instance 7 repetition 17 with A2 Non-elitist, budget 50, run_from_scratch=True
Evaluations: 856
Running function 17 instance 7 repetition 18 with A2 Non-elitist, budget 50, run_from_scratch=True
Evaluations: 856
Running function 17 instance 7 repetition 19 with A2 Non-elitist, budget 50, run_from_scratch=True
Evaluations: 856
Running function 18 instance 6 repetition 0 with A2 Non-elitist, budget 50, run_from_scratch=True
Evaluations: 856
Running function 18 instance 6 repetition 1 with A2 Non-elitist, budget 50, run_from_scratch=True
Evaluations: 856
Running function 18 instance 6 repetition 2 with A2 Non-elitist, budget 50, run_from_scratch=True
Evaluations: 856
Running function 18 instance 6 repetition 3 with A2 Non-elitist, budget 50, run_from_scratch=True
Evaluations: 856
Running function 18 instance 6 repetition 4 with A2 Non-elitist, budget 50, run_from_scratch=True
Evaluations: 856
Running function 18 instance 6 repetition 5 with A2 Non-elitist, budget 50, run_from_scratch=True
Evaluations: 856
Running function 18 instance 6 repetition 6 with A2 Non-elitist, budget 50, run_from_scratch=True
Evaluations: 856
Running function 18 instance 6 repetition 7 with A2 Non-elitist, budget 50, run_from_scratch=True
Evaluations: 856
Running function 18 instance 6 repetition 8 with A2 Non-elitist, budget 50, run_from_scratch=True
Evaluations: 856
Running function 18 instance 6 repetition 9 with A2 Non-elitist, budget 50, run_from_scratch=True
Evaluations: 856
Running function 18 instance 6 repetition 10 with A2 Non-elitist, budget 50, run_from_scratch=True
Evaluations: 856
Running function 18 instance 6 repetition 11 with A2 Non-elitist, budget 50, run_from_scratch=True
Evaluations: 856
Running function 18 instance 6 repetition 12 with A2 Non-elitist, budget 50, run_from_scratch=True
Evaluations: 856
Running function 18 instance 6 repetition 13 with A2 Non-elitist, budget 50, run_from_scratch=True
Evaluations: 856
Running function 18 instance 6 repetition 14 with A2 Non-elitist, budget 50, run_from_scratch=True
Evaluations: 856
Running function 18 instance 6 repetition 15 with A2 Non-elitist, budget 50, run_from_scratch=True
Evaluations: 856
Running function 18 instance 6 repetition 16 with A2 Non-elitist, budget 50, run_from_scratch=True
Evaluations: 856
Running function 18 instance 6 repetition 17 with A2 Non-elitist, budget 50, run_from_scratch=True
Evaluations: 856
Running function 18 instance 6 repetition 18 with A2 Non-elitist, budget 50, run_from_scratch=True
Evaluations: 856
Running function 18 instance 6 repetition 19 with A2 Non-elitist, budget 50, run_from_scratch=True
Evaluations: 856
Running function 18 instance 7 repetition 0 with A2 Non-elitist, budget 50, run_from_scratch=True
Evaluations: 856
Running function 18 instance 7 repetition 1 with A2 Non-elitist, budget 50, run_from_scratch=True
Evaluations: 856
Running function 18 instance 7 repetition 2 with A2 Non-elitist, budget 50, run_from_scratch=True
Evaluations: 856
Running function 18 instance 7 repetition 3 with A2 Non-elitist, budget 50, run_from_scratch=True
Evaluations: 856
Running function 18 instance 7 repetition 4 with A2 Non-elitist, budget 50, run_from_scratch=True
Evaluations: 856
Running function 18 instance 7 repetition 5 with A2 Non-elitist, budget 50, run_from_scratch=True
Evaluations: 856
Running function 18 instance 7 repetition 6 with A2 Non-elitist, budget 50, run_from_scratch=True
Evaluations: 856
Running function 18 instance 7 repetition 7 with A2 Non-elitist, budget 50, run_from_scratch=True
Evaluations: 856
Running function 18 instance 7 repetition 8 with A2 Non-elitist, budget 50, run_from_scratch=True
Evaluations: 856
Running function 18 instance 7 repetition 9 with A2 Non-elitist, budget 50, run_from_scratch=True
Evaluations: 856
Running function 18 instance 7 repetition 10 with A2 Non-elitist, budget 50, run_from_scratch=True
Evaluations: 856
Running function 18 instance 7 repetition 11 with A2 Non-elitist, budget 50, run_from_scratch=True
Evaluations: 856
Running function 18 instance 7 repetition 12 with A2 Non-elitist, budget 50, run_from_scratch=True
Evaluations: 856
Running function 18 instance 7 repetition 13 with A2 Non-elitist, budget 50, run_from_scratch=True
Evaluations: 856
Running function 18 instance 7 repetition 14 with A2 Non-elitist, budget 50, run_from_scratch=True
Evaluations: 856
Running function 18 instance 7 repetition 15 with A2 Non-elitist, budget 50, run_from_scratch=True
Evaluations: 856
Running function 18 instance 7 repetition 16 with A2 Non-elitist, budget 50, run_from_scratch=True
Evaluations: 856
Running function 18 instance 7 repetition 17 with A2 Non-elitist, budget 50, run_from_scratch=True
Evaluations: 856
Running function 18 instance 7 repetition 18 with A2 Non-elitist, budget 50, run_from_scratch=True
Evaluations: 856
Running function 18 instance 7 repetition 19 with A2 Non-elitist, budget 50, run_from_scratch=True
Evaluations: 856
Running function 19 instance 6 repetition 0 with A2 Non-elitist, budget 50, run_from_scratch=True
Evaluations: 856
Running function 19 instance 6 repetition 1 with A2 Non-elitist, budget 50, run_from_scratch=True
Evaluations: 856
Running function 19 instance 6 repetition 2 with A2 Non-elitist, budget 50, run_from_scratch=True
Evaluations: 856
Running function 19 instance 6 repetition 3 with A2 Non-elitist, budget 50, run_from_scratch=True
Evaluations: 856
Running function 19 instance 6 repetition 4 with A2 Non-elitist, budget 50, run_from_scratch=True
Evaluations: 856
Running function 19 instance 6 repetition 5 with A2 Non-elitist, budget 50, run_from_scratch=True
Evaluations: 856
Running function 19 instance 6 repetition 6 with A2 Non-elitist, budget 50, run_from_scratch=True
Evaluations: 856
Running function 19 instance 6 repetition 7 with A2 Non-elitist, budget 50, run_from_scratch=True
Evaluations: 856
Running function 19 instance 6 repetition 8 with A2 Non-elitist, budget 50, run_from_scratch=True
Evaluations: 856
Running function 19 instance 6 repetition 9 with A2 Non-elitist, budget 50, run_from_scratch=True
Evaluations: 856
Running function 19 instance 6 repetition 10 with A2 Non-elitist, budget 50, run_from_scratch=True
Evaluations: 856
Running function 19 instance 6 repetition 11 with A2 Non-elitist, budget 50, run_from_scratch=True
Evaluations: 856
Running function 19 instance 6 repetition 12 with A2 Non-elitist, budget 50, run_from_scratch=True
Evaluations: 856
Running function 19 instance 6 repetition 13 with A2 Non-elitist, budget 50, run_from_scratch=True
Evaluations: 856
Running function 19 instance 6 repetition 14 with A2 Non-elitist, budget 50, run_from_scratch=True
Evaluations: 856
Running function 19 instance 6 repetition 15 with A2 Non-elitist, budget 50, run_from_scratch=True
Evaluations: 856
Running function 19 instance 6 repetition 16 with A2 Non-elitist, budget 50, run_from_scratch=True
Evaluations: 856
Running function 19 instance 6 repetition 17 with A2 Non-elitist, budget 50, run_from_scratch=True
Evaluations: 856
Running function 19 instance 6 repetition 18 with A2 Non-elitist, budget 50, run_from_scratch=True
Evaluations: 856
Running function 19 instance 6 repetition 19 with A2 Non-elitist, budget 50, run_from_scratch=True
Evaluations: 856
Running function 19 instance 7 repetition 0 with A2 Non-elitist, budget 50, run_from_scratch=True
Evaluations: 856
Running function 19 instance 7 repetition 1 with A2 Non-elitist, budget 50, run_from_scratch=True
Evaluations: 856
Running function 19 instance 7 repetition 2 with A2 Non-elitist, budget 50, run_from_scratch=True
Evaluations: 856
Running function 19 instance 7 repetition 3 with A2 Non-elitist, budget 50, run_from_scratch=True
Evaluations: 856
Running function 19 instance 7 repetition 4 with A2 Non-elitist, budget 50, run_from_scratch=True
Evaluations: 856
Running function 19 instance 7 repetition 5 with A2 Non-elitist, budget 50, run_from_scratch=True
Evaluations: 856
Running function 19 instance 7 repetition 6 with A2 Non-elitist, budget 50, run_from_scratch=True
Evaluations: 856
Running function 19 instance 7 repetition 7 with A2 Non-elitist, budget 50, run_from_scratch=True
Evaluations: 856
Running function 19 instance 7 repetition 8 with A2 Non-elitist, budget 50, run_from_scratch=True
Evaluations: 856
Running function 19 instance 7 repetition 9 with A2 Non-elitist, budget 50, run_from_scratch=True
Evaluations: 856
Running function 19 instance 7 repetition 10 with A2 Non-elitist, budget 50, run_from_scratch=True
Evaluations: 856
Running function 19 instance 7 repetition 11 with A2 Non-elitist, budget 50, run_from_scratch=True
Evaluations: 856
Running function 19 instance 7 repetition 12 with A2 Non-elitist, budget 50, run_from_scratch=True
Evaluations: 856
Running function 19 instance 7 repetition 13 with A2 Non-elitist, budget 50, run_from_scratch=True
Evaluations: 856
Running function 19 instance 7 repetition 14 with A2 Non-elitist, budget 50, run_from_scratch=True
Evaluations: 856
Running function 19 instance 7 repetition 15 with A2 Non-elitist, budget 50, run_from_scratch=True
Evaluations: 856
Running function 19 instance 7 repetition 16 with A2 Non-elitist, budget 50, run_from_scratch=True
Evaluations: 856
Running function 19 instance 7 repetition 17 with A2 Non-elitist, budget 50, run_from_scratch=True
Evaluations: 856
Running function 19 instance 7 repetition 18 with A2 Non-elitist, budget 50, run_from_scratch=True
Evaluations: 856
Running function 19 instance 7 repetition 19 with A2 Non-elitist, budget 50, run_from_scratch=True
Evaluations: 856
Running function 20 instance 6 repetition 0 with A2 Non-elitist, budget 50, run_from_scratch=True
Evaluations: 856
Running function 20 instance 6 repetition 1 with A2 Non-elitist, budget 50, run_from_scratch=True
Evaluations: 856
Running function 20 instance 6 repetition 2 with A2 Non-elitist, budget 50, run_from_scratch=True
Evaluations: 856
Running function 20 instance 6 repetition 3 with A2 Non-elitist, budget 50, run_from_scratch=True
Evaluations: 856
Running function 20 instance 6 repetition 4 with A2 Non-elitist, budget 50, run_from_scratch=True
Evaluations: 856
Running function 20 instance 6 repetition 5 with A2 Non-elitist, budget 50, run_from_scratch=True
Evaluations: 856
Running function 20 instance 6 repetition 6 with A2 Non-elitist, budget 50, run_from_scratch=True
Evaluations: 856
Running function 20 instance 6 repetition 7 with A2 Non-elitist, budget 50, run_from_scratch=True
Evaluations: 856
Running function 20 instance 6 repetition 8 with A2 Non-elitist, budget 50, run_from_scratch=True
Evaluations: 856
Running function 20 instance 6 repetition 9 with A2 Non-elitist, budget 50, run_from_scratch=True
Evaluations: 856
Running function 20 instance 6 repetition 10 with A2 Non-elitist, budget 50, run_from_scratch=True
Evaluations: 856
Running function 20 instance 6 repetition 11 with A2 Non-elitist, budget 50, run_from_scratch=True
Evaluations: 856
Running function 20 instance 6 repetition 12 with A2 Non-elitist, budget 50, run_from_scratch=True
Evaluations: 856
Running function 20 instance 6 repetition 13 with A2 Non-elitist, budget 50, run_from_scratch=True
Evaluations: 856
Running function 20 instance 6 repetition 14 with A2 Non-elitist, budget 50, run_from_scratch=True
Evaluations: 856
Running function 20 instance 6 repetition 15 with A2 Non-elitist, budget 50, run_from_scratch=True
Evaluations: 856
Running function 20 instance 6 repetition 16 with A2 Non-elitist, budget 50, run_from_scratch=True
Evaluations: 856
Running function 20 instance 6 repetition 17 with A2 Non-elitist, budget 50, run_from_scratch=True
Evaluations: 856
Running function 20 instance 6 repetition 18 with A2 Non-elitist, budget 50, run_from_scratch=True
Evaluations: 856
Running function 20 instance 6 repetition 19 with A2 Non-elitist, budget 50, run_from_scratch=True
Evaluations: 856
Running function 20 instance 7 repetition 0 with A2 Non-elitist, budget 50, run_from_scratch=True
Evaluations: 856
Running function 20 instance 7 repetition 1 with A2 Non-elitist, budget 50, run_from_scratch=True
Evaluations: 856
Running function 20 instance 7 repetition 2 with A2 Non-elitist, budget 50, run_from_scratch=True
Evaluations: 856
Running function 20 instance 7 repetition 3 with A2 Non-elitist, budget 50, run_from_scratch=True
Evaluations: 856
Running function 20 instance 7 repetition 4 with A2 Non-elitist, budget 50, run_from_scratch=True
Evaluations: 856
Running function 20 instance 7 repetition 5 with A2 Non-elitist, budget 50, run_from_scratch=True
Evaluations: 856
Running function 20 instance 7 repetition 6 with A2 Non-elitist, budget 50, run_from_scratch=True
Evaluations: 856
Running function 20 instance 7 repetition 7 with A2 Non-elitist, budget 50, run_from_scratch=True
Evaluations: 856
Running function 20 instance 7 repetition 8 with A2 Non-elitist, budget 50, run_from_scratch=True
Evaluations: 856
Running function 20 instance 7 repetition 9 with A2 Non-elitist, budget 50, run_from_scratch=True
Evaluations: 856
Running function 20 instance 7 repetition 10 with A2 Non-elitist, budget 50, run_from_scratch=True
Evaluations: 856
Running function 20 instance 7 repetition 11 with A2 Non-elitist, budget 50, run_from_scratch=True
Evaluations: 856
Running function 20 instance 7 repetition 12 with A2 Non-elitist, budget 50, run_from_scratch=True
Evaluations: 856
Running function 20 instance 7 repetition 13 with A2 Non-elitist, budget 50, run_from_scratch=True
Evaluations: 856
Running function 20 instance 7 repetition 14 with A2 Non-elitist, budget 50, run_from_scratch=True
Evaluations: 856
Running function 20 instance 7 repetition 15 with A2 Non-elitist, budget 50, run_from_scratch=True
Evaluations: 856
Running function 20 instance 7 repetition 16 with A2 Non-elitist, budget 50, run_from_scratch=True
Evaluations: 856
Running function 20 instance 7 repetition 17 with A2 Non-elitist, budget 50, run_from_scratch=True
Evaluations: 856
Running function 20 instance 7 repetition 18 with A2 Non-elitist, budget 50, run_from_scratch=True
Evaluations: 856
Running function 20 instance 7 repetition 19 with A2 Non-elitist, budget 50, run_from_scratch=True
Evaluations: 856
Running function 21 instance 6 repetition 0 with A2 Non-elitist, budget 50, run_from_scratch=True
Evaluations: 856
Running function 21 instance 6 repetition 1 with A2 Non-elitist, budget 50, run_from_scratch=True
Evaluations: 856
Running function 21 instance 6 repetition 2 with A2 Non-elitist, budget 50, run_from_scratch=True
Evaluations: 856
Running function 21 instance 6 repetition 3 with A2 Non-elitist, budget 50, run_from_scratch=True
Evaluations: 856
Running function 21 instance 6 repetition 4 with A2 Non-elitist, budget 50, run_from_scratch=True
Evaluations: 856
Running function 21 instance 6 repetition 5 with A2 Non-elitist, budget 50, run_from_scratch=True
Evaluations: 856
Running function 21 instance 6 repetition 6 with A2 Non-elitist, budget 50, run_from_scratch=True
Evaluations: 856
Running function 21 instance 6 repetition 7 with A2 Non-elitist, budget 50, run_from_scratch=True
Evaluations: 856
Running function 21 instance 6 repetition 8 with A2 Non-elitist, budget 50, run_from_scratch=True
Evaluations: 856
Running function 21 instance 6 repetition 9 with A2 Non-elitist, budget 50, run_from_scratch=True
Evaluations: 856
Running function 21 instance 6 repetition 10 with A2 Non-elitist, budget 50, run_from_scratch=True
Evaluations: 856
Running function 21 instance 6 repetition 11 with A2 Non-elitist, budget 50, run_from_scratch=True
Evaluations: 856
Running function 21 instance 6 repetition 12 with A2 Non-elitist, budget 50, run_from_scratch=True
Evaluations: 856
Running function 21 instance 6 repetition 13 with A2 Non-elitist, budget 50, run_from_scratch=True
Evaluations: 856
Running function 21 instance 6 repetition 14 with A2 Non-elitist, budget 50, run_from_scratch=True
Evaluations: 856
Running function 21 instance 6 repetition 15 with A2 Non-elitist, budget 50, run_from_scratch=True
Evaluations: 856
Running function 21 instance 6 repetition 16 with A2 Non-elitist, budget 50, run_from_scratch=True
Evaluations: 856
Running function 21 instance 6 repetition 17 with A2 Non-elitist, budget 50, run_from_scratch=True
Evaluations: 856
Running function 21 instance 6 repetition 18 with A2 Non-elitist, budget 50, run_from_scratch=True
Evaluations: 856
Running function 21 instance 6 repetition 19 with A2 Non-elitist, budget 50, run_from_scratch=True
Evaluations: 856
Running function 21 instance 7 repetition 0 with A2 Non-elitist, budget 50, run_from_scratch=True
Evaluations: 856
Running function 21 instance 7 repetition 1 with A2 Non-elitist, budget 50, run_from_scratch=True
Evaluations: 856
Running function 21 instance 7 repetition 2 with A2 Non-elitist, budget 50, run_from_scratch=True
Evaluations: 856
Running function 21 instance 7 repetition 3 with A2 Non-elitist, budget 50, run_from_scratch=True
Evaluations: 856
Running function 21 instance 7 repetition 4 with A2 Non-elitist, budget 50, run_from_scratch=True
Evaluations: 856
Running function 21 instance 7 repetition 5 with A2 Non-elitist, budget 50, run_from_scratch=True
Evaluations: 856
Running function 21 instance 7 repetition 6 with A2 Non-elitist, budget 50, run_from_scratch=True
Evaluations: 856
Running function 21 instance 7 repetition 7 with A2 Non-elitist, budget 50, run_from_scratch=True
Evaluations: 856
Running function 21 instance 7 repetition 8 with A2 Non-elitist, budget 50, run_from_scratch=True
Evaluations: 856
Running function 21 instance 7 repetition 9 with A2 Non-elitist, budget 50, run_from_scratch=True
Evaluations: 856
Running function 21 instance 7 repetition 10 with A2 Non-elitist, budget 50, run_from_scratch=True
Evaluations: 856
Running function 21 instance 7 repetition 11 with A2 Non-elitist, budget 50, run_from_scratch=True
Evaluations: 856
Running function 21 instance 7 repetition 12 with A2 Non-elitist, budget 50, run_from_scratch=True
Evaluations: 856
Running function 21 instance 7 repetition 13 with A2 Non-elitist, budget 50, run_from_scratch=True
Evaluations: 856
Running function 21 instance 7 repetition 14 with A2 Non-elitist, budget 50, run_from_scratch=True
Evaluations: 856
Running function 21 instance 7 repetition 15 with A2 Non-elitist, budget 50, run_from_scratch=True
Evaluations: 856
Running function 21 instance 7 repetition 16 with A2 Non-elitist, budget 50, run_from_scratch=True
Evaluations: 856
Running function 21 instance 7 repetition 17 with A2 Non-elitist, budget 50, run_from_scratch=True
Evaluations: 856
Running function 21 instance 7 repetition 18 with A2 Non-elitist, budget 50, run_from_scratch=True
Evaluations: 856
Running function 21 instance 7 repetition 19 with A2 Non-elitist, budget 50, run_from_scratch=True
Evaluations: 856
Running function 22 instance 6 repetition 0 with A2 Non-elitist, budget 50, run_from_scratch=True
Evaluations: 856
Running function 22 instance 6 repetition 1 with A2 Non-elitist, budget 50, run_from_scratch=True
Evaluations: 856
Running function 22 instance 6 repetition 2 with A2 Non-elitist, budget 50, run_from_scratch=True
Evaluations: 856
Running function 22 instance 6 repetition 3 with A2 Non-elitist, budget 50, run_from_scratch=True
Evaluations: 856
Running function 22 instance 6 repetition 4 with A2 Non-elitist, budget 50, run_from_scratch=True
Evaluations: 856
Running function 22 instance 6 repetition 5 with A2 Non-elitist, budget 50, run_from_scratch=True
Evaluations: 856
Running function 22 instance 6 repetition 6 with A2 Non-elitist, budget 50, run_from_scratch=True
Evaluations: 856
Running function 22 instance 6 repetition 7 with A2 Non-elitist, budget 50, run_from_scratch=True
Evaluations: 856
Running function 22 instance 6 repetition 8 with A2 Non-elitist, budget 50, run_from_scratch=True
Evaluations: 856
Running function 22 instance 6 repetition 9 with A2 Non-elitist, budget 50, run_from_scratch=True
Evaluations: 856
Running function 22 instance 6 repetition 10 with A2 Non-elitist, budget 50, run_from_scratch=True
Evaluations: 856
Running function 22 instance 6 repetition 11 with A2 Non-elitist, budget 50, run_from_scratch=True
Evaluations: 856
Running function 22 instance 6 repetition 12 with A2 Non-elitist, budget 50, run_from_scratch=True
Evaluations: 856
Running function 22 instance 6 repetition 13 with A2 Non-elitist, budget 50, run_from_scratch=True
Evaluations: 856
Running function 22 instance 6 repetition 14 with A2 Non-elitist, budget 50, run_from_scratch=True
Evaluations: 856
Running function 22 instance 6 repetition 15 with A2 Non-elitist, budget 50, run_from_scratch=True
Evaluations: 856
Running function 22 instance 6 repetition 16 with A2 Non-elitist, budget 50, run_from_scratch=True
Evaluations: 856
Running function 22 instance 6 repetition 17 with A2 Non-elitist, budget 50, run_from_scratch=True
Evaluations: 856
Running function 22 instance 6 repetition 18 with A2 Non-elitist, budget 50, run_from_scratch=True
Evaluations: 856
Running function 22 instance 6 repetition 19 with A2 Non-elitist, budget 50, run_from_scratch=True
Evaluations: 856
Running function 22 instance 7 repetition 0 with A2 Non-elitist, budget 50, run_from_scratch=True
Evaluations: 856
Running function 22 instance 7 repetition 1 with A2 Non-elitist, budget 50, run_from_scratch=True
Evaluations: 856
Running function 22 instance 7 repetition 2 with A2 Non-elitist, budget 50, run_from_scratch=True
Evaluations: 856
Running function 22 instance 7 repetition 3 with A2 Non-elitist, budget 50, run_from_scratch=True
Evaluations: 856
Running function 22 instance 7 repetition 4 with A2 Non-elitist, budget 50, run_from_scratch=True
Evaluations: 856
Running function 22 instance 7 repetition 5 with A2 Non-elitist, budget 50, run_from_scratch=True
Evaluations: 856
Running function 22 instance 7 repetition 6 with A2 Non-elitist, budget 50, run_from_scratch=True
Evaluations: 856
Running function 22 instance 7 repetition 7 with A2 Non-elitist, budget 50, run_from_scratch=True
Evaluations: 856
Running function 22 instance 7 repetition 8 with A2 Non-elitist, budget 50, run_from_scratch=True
Evaluations: 856
Running function 22 instance 7 repetition 9 with A2 Non-elitist, budget 50, run_from_scratch=True
Evaluations: 856
Running function 22 instance 7 repetition 10 with A2 Non-elitist, budget 50, run_from_scratch=True
Evaluations: 856
Running function 22 instance 7 repetition 11 with A2 Non-elitist, budget 50, run_from_scratch=True
Evaluations: 856
Running function 22 instance 7 repetition 12 with A2 Non-elitist, budget 50, run_from_scratch=True
Evaluations: 856
Running function 22 instance 7 repetition 13 with A2 Non-elitist, budget 50, run_from_scratch=True
Evaluations: 856
Running function 22 instance 7 repetition 14 with A2 Non-elitist, budget 50, run_from_scratch=True
Evaluations: 856
Running function 22 instance 7 repetition 15 with A2 Non-elitist, budget 50, run_from_scratch=True
Evaluations: 856
Running function 22 instance 7 repetition 16 with A2 Non-elitist, budget 50, run_from_scratch=True
Evaluations: 856
Running function 22 instance 7 repetition 17 with A2 Non-elitist, budget 50, run_from_scratch=True
Evaluations: 856
Running function 22 instance 7 repetition 18 with A2 Non-elitist, budget 50, run_from_scratch=True
Evaluations: 856
Running function 22 instance 7 repetition 19 with A2 Non-elitist, budget 50, run_from_scratch=True
Evaluations: 856
Running function 23 instance 6 repetition 0 with A2 Non-elitist, budget 50, run_from_scratch=True
Evaluations: 856
Running function 23 instance 6 repetition 1 with A2 Non-elitist, budget 50, run_from_scratch=True
Evaluations: 856
Running function 23 instance 6 repetition 2 with A2 Non-elitist, budget 50, run_from_scratch=True
Evaluations: 856
Running function 23 instance 6 repetition 3 with A2 Non-elitist, budget 50, run_from_scratch=True
Evaluations: 856
Running function 23 instance 6 repetition 4 with A2 Non-elitist, budget 50, run_from_scratch=True
Evaluations: 856
Running function 23 instance 6 repetition 5 with A2 Non-elitist, budget 50, run_from_scratch=True
Evaluations: 856
Running function 23 instance 6 repetition 6 with A2 Non-elitist, budget 50, run_from_scratch=True
Evaluations: 856
Running function 23 instance 6 repetition 7 with A2 Non-elitist, budget 50, run_from_scratch=True
Evaluations: 856
Running function 23 instance 6 repetition 8 with A2 Non-elitist, budget 50, run_from_scratch=True
Evaluations: 856
Running function 23 instance 6 repetition 9 with A2 Non-elitist, budget 50, run_from_scratch=True
Evaluations: 856
Running function 23 instance 6 repetition 10 with A2 Non-elitist, budget 50, run_from_scratch=True
Evaluations: 856
Running function 23 instance 6 repetition 11 with A2 Non-elitist, budget 50, run_from_scratch=True
Evaluations: 856
Running function 23 instance 6 repetition 12 with A2 Non-elitist, budget 50, run_from_scratch=True
Evaluations: 856
Running function 23 instance 6 repetition 13 with A2 Non-elitist, budget 50, run_from_scratch=True
Evaluations: 856
Running function 23 instance 6 repetition 14 with A2 Non-elitist, budget 50, run_from_scratch=True
Evaluations: 856
Running function 23 instance 6 repetition 15 with A2 Non-elitist, budget 50, run_from_scratch=True
Evaluations: 856
Running function 23 instance 6 repetition 16 with A2 Non-elitist, budget 50, run_from_scratch=True
Evaluations: 856
Running function 23 instance 6 repetition 17 with A2 Non-elitist, budget 50, run_from_scratch=True
Evaluations: 856
Running function 23 instance 6 repetition 18 with A2 Non-elitist, budget 50, run_from_scratch=True
Evaluations: 856
Running function 23 instance 6 repetition 19 with A2 Non-elitist, budget 50, run_from_scratch=True
Evaluations: 856
Running function 23 instance 7 repetition 0 with A2 Non-elitist, budget 50, run_from_scratch=True
Evaluations: 856
Running function 23 instance 7 repetition 1 with A2 Non-elitist, budget 50, run_from_scratch=True
Evaluations: 856
Running function 23 instance 7 repetition 2 with A2 Non-elitist, budget 50, run_from_scratch=True
Evaluations: 856
Running function 23 instance 7 repetition 3 with A2 Non-elitist, budget 50, run_from_scratch=True
Evaluations: 856
Running function 23 instance 7 repetition 4 with A2 Non-elitist, budget 50, run_from_scratch=True
Evaluations: 856
Running function 23 instance 7 repetition 5 with A2 Non-elitist, budget 50, run_from_scratch=True
Evaluations: 856
Running function 23 instance 7 repetition 6 with A2 Non-elitist, budget 50, run_from_scratch=True
Evaluations: 856
Running function 23 instance 7 repetition 7 with A2 Non-elitist, budget 50, run_from_scratch=True
Evaluations: 856
Running function 23 instance 7 repetition 8 with A2 Non-elitist, budget 50, run_from_scratch=True
Evaluations: 856
Running function 23 instance 7 repetition 9 with A2 Non-elitist, budget 50, run_from_scratch=True
Evaluations: 856
Running function 23 instance 7 repetition 10 with A2 Non-elitist, budget 50, run_from_scratch=True
Evaluations: 856
Running function 23 instance 7 repetition 11 with A2 Non-elitist, budget 50, run_from_scratch=True
Evaluations: 856
Running function 23 instance 7 repetition 12 with A2 Non-elitist, budget 50, run_from_scratch=True
Evaluations: 856
Running function 23 instance 7 repetition 13 with A2 Non-elitist, budget 50, run_from_scratch=True
Evaluations: 856
Running function 23 instance 7 repetition 14 with A2 Non-elitist, budget 50, run_from_scratch=True
Evaluations: 856
Running function 23 instance 7 repetition 15 with A2 Non-elitist, budget 50, run_from_scratch=True
Evaluations: 856
Running function 23 instance 7 repetition 16 with A2 Non-elitist, budget 50, run_from_scratch=True
Evaluations: 856
Running function 23 instance 7 repetition 17 with A2 Non-elitist, budget 50, run_from_scratch=True
Evaluations: 856
Running function 23 instance 7 repetition 18 with A2 Non-elitist, budget 50, run_from_scratch=True
Evaluations: 856
Running function 23 instance 7 repetition 19 with A2 Non-elitist, budget 50, run_from_scratch=True
Evaluations: 856
Running function 24 instance 6 repetition 0 with A2 Non-elitist, budget 50, run_from_scratch=True
Evaluations: 856
Running function 24 instance 6 repetition 1 with A2 Non-elitist, budget 50, run_from_scratch=True
Evaluations: 856
Running function 24 instance 6 repetition 2 with A2 Non-elitist, budget 50, run_from_scratch=True
Evaluations: 856
Running function 24 instance 6 repetition 3 with A2 Non-elitist, budget 50, run_from_scratch=True
Evaluations: 856
Running function 24 instance 6 repetition 4 with A2 Non-elitist, budget 50, run_from_scratch=True
Evaluations: 856
Running function 24 instance 6 repetition 5 with A2 Non-elitist, budget 50, run_from_scratch=True
Evaluations: 856
Running function 24 instance 6 repetition 6 with A2 Non-elitist, budget 50, run_from_scratch=True
Evaluations: 856
Running function 24 instance 6 repetition 7 with A2 Non-elitist, budget 50, run_from_scratch=True
Evaluations: 856
Running function 24 instance 6 repetition 8 with A2 Non-elitist, budget 50, run_from_scratch=True
Evaluations: 856
Running function 24 instance 6 repetition 9 with A2 Non-elitist, budget 50, run_from_scratch=True
Evaluations: 856
Running function 24 instance 6 repetition 10 with A2 Non-elitist, budget 50, run_from_scratch=True
Evaluations: 856
Running function 24 instance 6 repetition 11 with A2 Non-elitist, budget 50, run_from_scratch=True
Evaluations: 856
Running function 24 instance 6 repetition 12 with A2 Non-elitist, budget 50, run_from_scratch=True
Evaluations: 856
Running function 24 instance 6 repetition 13 with A2 Non-elitist, budget 50, run_from_scratch=True
Evaluations: 856
Running function 24 instance 6 repetition 14 with A2 Non-elitist, budget 50, run_from_scratch=True
Evaluations: 856
Running function 24 instance 6 repetition 15 with A2 Non-elitist, budget 50, run_from_scratch=True
Evaluations: 856
Running function 24 instance 6 repetition 16 with A2 Non-elitist, budget 50, run_from_scratch=True
Evaluations: 856
Running function 24 instance 6 repetition 17 with A2 Non-elitist, budget 50, run_from_scratch=True
Evaluations: 856
Running function 24 instance 6 repetition 18 with A2 Non-elitist, budget 50, run_from_scratch=True
Evaluations: 856
Running function 24 instance 6 repetition 19 with A2 Non-elitist, budget 50, run_from_scratch=True
Evaluations: 856
Running function 24 instance 7 repetition 0 with A2 Non-elitist, budget 50, run_from_scratch=True
Evaluations: 856
Running function 24 instance 7 repetition 1 with A2 Non-elitist, budget 50, run_from_scratch=True
Evaluations: 856
Running function 24 instance 7 repetition 2 with A2 Non-elitist, budget 50, run_from_scratch=True
Evaluations: 856
Running function 24 instance 7 repetition 3 with A2 Non-elitist, budget 50, run_from_scratch=True
Evaluations: 856
Running function 24 instance 7 repetition 4 with A2 Non-elitist, budget 50, run_from_scratch=True
Evaluations: 856
Running function 24 instance 7 repetition 5 with A2 Non-elitist, budget 50, run_from_scratch=True
Evaluations: 856
Running function 24 instance 7 repetition 6 with A2 Non-elitist, budget 50, run_from_scratch=True
Evaluations: 856
Running function 24 instance 7 repetition 7 with A2 Non-elitist, budget 50, run_from_scratch=True
Evaluations: 856
Running function 24 instance 7 repetition 8 with A2 Non-elitist, budget 50, run_from_scratch=True
Evaluations: 856
Running function 24 instance 7 repetition 9 with A2 Non-elitist, budget 50, run_from_scratch=True
Evaluations: 856
Running function 24 instance 7 repetition 10 with A2 Non-elitist, budget 50, run_from_scratch=True
Evaluations: 856
Running function 24 instance 7 repetition 11 with A2 Non-elitist, budget 50, run_from_scratch=True
Evaluations: 856
Running function 24 instance 7 repetition 12 with A2 Non-elitist, budget 50, run_from_scratch=True
Evaluations: 856
Running function 24 instance 7 repetition 13 with A2 Non-elitist, budget 50, run_from_scratch=True
Evaluations: 856
Running function 24 instance 7 repetition 14 with A2 Non-elitist, budget 50, run_from_scratch=True
Evaluations: 856
Running function 24 instance 7 repetition 15 with A2 Non-elitist, budget 50, run_from_scratch=True
Evaluations: 856
Running function 24 instance 7 repetition 16 with A2 Non-elitist, budget 50, run_from_scratch=True
Evaluations: 856
Running function 24 instance 7 repetition 17 with A2 Non-elitist, budget 50, run_from_scratch=True
Evaluations: 856
Running function 24 instance 7 repetition 18 with A2 Non-elitist, budget 50, run_from_scratch=True
Evaluations: 856
Running function 24 instance 7 repetition 19 with A2 Non-elitist, budget 50, run_from_scratch=True
Evaluations: 856
Running function 1 instance 6 repetition 0 with A2 Elitist, budget 50, run_from_scratch=True
Evaluations: 856
Running function 1 instance 6 repetition 1 with A2 Elitist, budget 50, run_from_scratch=True
Evaluations: 856
Running function 1 instance 6 repetition 2 with A2 Elitist, budget 50, run_from_scratch=True
Evaluations: 856
Running function 1 instance 6 repetition 3 with A2 Elitist, budget 50, run_from_scratch=True
Evaluations: 856
Running function 1 instance 6 repetition 4 with A2 Elitist, budget 50, run_from_scratch=True
Evaluations: 856
Running function 1 instance 6 repetition 5 with A2 Elitist, budget 50, run_from_scratch=True
Evaluations: 856
Running function 1 instance 6 repetition 6 with A2 Elitist, budget 50, run_from_scratch=True
Evaluations: 856
Running function 1 instance 6 repetition 7 with A2 Elitist, budget 50, run_from_scratch=True
Evaluations: 856
Running function 1 instance 6 repetition 8 with A2 Elitist, budget 50, run_from_scratch=True
Evaluations: 856
Running function 1 instance 6 repetition 9 with A2 Elitist, budget 50, run_from_scratch=True
Evaluations: 856
Running function 1 instance 6 repetition 10 with A2 Elitist, budget 50, run_from_scratch=True
Evaluations: 856
Running function 1 instance 6 repetition 11 with A2 Elitist, budget 50, run_from_scratch=True
Evaluations: 856
Running function 1 instance 6 repetition 12 with A2 Elitist, budget 50, run_from_scratch=True
Evaluations: 856
Running function 1 instance 6 repetition 13 with A2 Elitist, budget 50, run_from_scratch=True
Evaluations: 856
Running function 1 instance 6 repetition 14 with A2 Elitist, budget 50, run_from_scratch=True
Evaluations: 856
Running function 1 instance 6 repetition 15 with A2 Elitist, budget 50, run_from_scratch=True
Evaluations: 856
Running function 1 instance 6 repetition 16 with A2 Elitist, budget 50, run_from_scratch=True
Evaluations: 856
Running function 1 instance 6 repetition 17 with A2 Elitist, budget 50, run_from_scratch=True
Evaluations: 856
Running function 1 instance 6 repetition 18 with A2 Elitist, budget 50, run_from_scratch=True
Evaluations: 856
Running function 1 instance 6 repetition 19 with A2 Elitist, budget 50, run_from_scratch=True
Evaluations: 856
Running function 1 instance 7 repetition 0 with A2 Elitist, budget 50, run_from_scratch=True
Evaluations: 856
Running function 1 instance 7 repetition 1 with A2 Elitist, budget 50, run_from_scratch=True
Evaluations: 856
Running function 1 instance 7 repetition 2 with A2 Elitist, budget 50, run_from_scratch=True
Evaluations: 856
Running function 1 instance 7 repetition 3 with A2 Elitist, budget 50, run_from_scratch=True
Evaluations: 856
Running function 1 instance 7 repetition 4 with A2 Elitist, budget 50, run_from_scratch=True
Evaluations: 856
Running function 1 instance 7 repetition 5 with A2 Elitist, budget 50, run_from_scratch=True
Evaluations: 856
Running function 1 instance 7 repetition 6 with A2 Elitist, budget 50, run_from_scratch=True
Evaluations: 856
Running function 1 instance 7 repetition 7 with A2 Elitist, budget 50, run_from_scratch=True
Evaluations: 856
Running function 1 instance 7 repetition 8 with A2 Elitist, budget 50, run_from_scratch=True
Evaluations: 856
Running function 1 instance 7 repetition 9 with A2 Elitist, budget 50, run_from_scratch=True
Evaluations: 856
Running function 1 instance 7 repetition 10 with A2 Elitist, budget 50, run_from_scratch=True
Evaluations: 856
Running function 1 instance 7 repetition 11 with A2 Elitist, budget 50, run_from_scratch=True
Evaluations: 856
Running function 1 instance 7 repetition 12 with A2 Elitist, budget 50, run_from_scratch=True
Evaluations: 856
Running function 1 instance 7 repetition 13 with A2 Elitist, budget 50, run_from_scratch=True
Evaluations: 856
Running function 1 instance 7 repetition 14 with A2 Elitist, budget 50, run_from_scratch=True
Evaluations: 856
Running function 1 instance 7 repetition 15 with A2 Elitist, budget 50, run_from_scratch=True
Evaluations: 856
Running function 1 instance 7 repetition 16 with A2 Elitist, budget 50, run_from_scratch=True
Evaluations: 856
Running function 1 instance 7 repetition 17 with A2 Elitist, budget 50, run_from_scratch=True
Evaluations: 856
Running function 1 instance 7 repetition 18 with A2 Elitist, budget 50, run_from_scratch=True
Evaluations: 856
Running function 1 instance 7 repetition 19 with A2 Elitist, budget 50, run_from_scratch=True
Evaluations: 856
Running function 2 instance 6 repetition 0 with A2 Elitist, budget 50, run_from_scratch=True
Evaluations: 856
Running function 2 instance 6 repetition 1 with A2 Elitist, budget 50, run_from_scratch=True
Evaluations: 856
Running function 2 instance 6 repetition 2 with A2 Elitist, budget 50, run_from_scratch=True
Evaluations: 856
Running function 2 instance 6 repetition 3 with A2 Elitist, budget 50, run_from_scratch=True
Evaluations: 856
Running function 2 instance 6 repetition 4 with A2 Elitist, budget 50, run_from_scratch=True
Evaluations: 856
Running function 2 instance 6 repetition 5 with A2 Elitist, budget 50, run_from_scratch=True
Evaluations: 856
Running function 2 instance 6 repetition 6 with A2 Elitist, budget 50, run_from_scratch=True
Evaluations: 856
Running function 2 instance 6 repetition 7 with A2 Elitist, budget 50, run_from_scratch=True
Evaluations: 856
Running function 2 instance 6 repetition 8 with A2 Elitist, budget 50, run_from_scratch=True
Evaluations: 856
Running function 2 instance 6 repetition 9 with A2 Elitist, budget 50, run_from_scratch=True
Evaluations: 856
Running function 2 instance 6 repetition 10 with A2 Elitist, budget 50, run_from_scratch=True
Evaluations: 856
Running function 2 instance 6 repetition 11 with A2 Elitist, budget 50, run_from_scratch=True
Evaluations: 856
Running function 2 instance 6 repetition 12 with A2 Elitist, budget 50, run_from_scratch=True
Evaluations: 856
Running function 2 instance 6 repetition 13 with A2 Elitist, budget 50, run_from_scratch=True
Evaluations: 856
Running function 2 instance 6 repetition 14 with A2 Elitist, budget 50, run_from_scratch=True
Evaluations: 856
Running function 2 instance 6 repetition 15 with A2 Elitist, budget 50, run_from_scratch=True
Evaluations: 856
Running function 2 instance 6 repetition 16 with A2 Elitist, budget 50, run_from_scratch=True
Evaluations: 856
Running function 2 instance 6 repetition 17 with A2 Elitist, budget 50, run_from_scratch=True
Evaluations: 856
Running function 2 instance 6 repetition 18 with A2 Elitist, budget 50, run_from_scratch=True
Evaluations: 856
Running function 2 instance 6 repetition 19 with A2 Elitist, budget 50, run_from_scratch=True
Evaluations: 856
Running function 2 instance 7 repetition 0 with A2 Elitist, budget 50, run_from_scratch=True
Evaluations: 856
Running function 2 instance 7 repetition 1 with A2 Elitist, budget 50, run_from_scratch=True
Evaluations: 856
Running function 2 instance 7 repetition 2 with A2 Elitist, budget 50, run_from_scratch=True
Evaluations: 856
Running function 2 instance 7 repetition 3 with A2 Elitist, budget 50, run_from_scratch=True
Evaluations: 856
Running function 2 instance 7 repetition 4 with A2 Elitist, budget 50, run_from_scratch=True
Evaluations: 856
Running function 2 instance 7 repetition 5 with A2 Elitist, budget 50, run_from_scratch=True
Evaluations: 856
Running function 2 instance 7 repetition 6 with A2 Elitist, budget 50, run_from_scratch=True
Evaluations: 856
Running function 2 instance 7 repetition 7 with A2 Elitist, budget 50, run_from_scratch=True
Evaluations: 856
Running function 2 instance 7 repetition 8 with A2 Elitist, budget 50, run_from_scratch=True
Evaluations: 856
Running function 2 instance 7 repetition 9 with A2 Elitist, budget 50, run_from_scratch=True
Evaluations: 856
Running function 2 instance 7 repetition 10 with A2 Elitist, budget 50, run_from_scratch=True
Evaluations: 856
Running function 2 instance 7 repetition 11 with A2 Elitist, budget 50, run_from_scratch=True
Evaluations: 856
Running function 2 instance 7 repetition 12 with A2 Elitist, budget 50, run_from_scratch=True
Evaluations: 856
Running function 2 instance 7 repetition 13 with A2 Elitist, budget 50, run_from_scratch=True
Evaluations: 856
Running function 2 instance 7 repetition 14 with A2 Elitist, budget 50, run_from_scratch=True
Evaluations: 856
Running function 2 instance 7 repetition 15 with A2 Elitist, budget 50, run_from_scratch=True
Evaluations: 856
Running function 2 instance 7 repetition 16 with A2 Elitist, budget 50, run_from_scratch=True
Evaluations: 856
Running function 2 instance 7 repetition 17 with A2 Elitist, budget 50, run_from_scratch=True
Evaluations: 856
Running function 2 instance 7 repetition 18 with A2 Elitist, budget 50, run_from_scratch=True
Evaluations: 856
Running function 2 instance 7 repetition 19 with A2 Elitist, budget 50, run_from_scratch=True
Evaluations: 856
Running function 3 instance 6 repetition 0 with A2 Elitist, budget 50, run_from_scratch=True
Evaluations: 856
Running function 3 instance 6 repetition 1 with A2 Elitist, budget 50, run_from_scratch=True
Evaluations: 856
Running function 3 instance 6 repetition 2 with A2 Elitist, budget 50, run_from_scratch=True
Evaluations: 856
Running function 3 instance 6 repetition 3 with A2 Elitist, budget 50, run_from_scratch=True
Evaluations: 856
Running function 3 instance 6 repetition 4 with A2 Elitist, budget 50, run_from_scratch=True
Evaluations: 856
Running function 3 instance 6 repetition 5 with A2 Elitist, budget 50, run_from_scratch=True
Evaluations: 856
Running function 3 instance 6 repetition 6 with A2 Elitist, budget 50, run_from_scratch=True
Evaluations: 856
Running function 3 instance 6 repetition 7 with A2 Elitist, budget 50, run_from_scratch=True
Evaluations: 856
Running function 3 instance 6 repetition 8 with A2 Elitist, budget 50, run_from_scratch=True
Evaluations: 856
Running function 3 instance 6 repetition 9 with A2 Elitist, budget 50, run_from_scratch=True
Evaluations: 856
Running function 3 instance 6 repetition 10 with A2 Elitist, budget 50, run_from_scratch=True
Evaluations: 856
Running function 3 instance 6 repetition 11 with A2 Elitist, budget 50, run_from_scratch=True
Evaluations: 856
Running function 3 instance 6 repetition 12 with A2 Elitist, budget 50, run_from_scratch=True
Evaluations: 856
Running function 3 instance 6 repetition 13 with A2 Elitist, budget 50, run_from_scratch=True
Evaluations: 856
Running function 3 instance 6 repetition 14 with A2 Elitist, budget 50, run_from_scratch=True
Evaluations: 856
Running function 3 instance 6 repetition 15 with A2 Elitist, budget 50, run_from_scratch=True
Evaluations: 856
Running function 3 instance 6 repetition 16 with A2 Elitist, budget 50, run_from_scratch=True
Evaluations: 856
Running function 3 instance 6 repetition 17 with A2 Elitist, budget 50, run_from_scratch=True
Evaluations: 856
Running function 3 instance 6 repetition 18 with A2 Elitist, budget 50, run_from_scratch=True
Evaluations: 856
Running function 3 instance 6 repetition 19 with A2 Elitist, budget 50, run_from_scratch=True
Evaluations: 856
Running function 3 instance 7 repetition 0 with A2 Elitist, budget 50, run_from_scratch=True
Evaluations: 856
Running function 3 instance 7 repetition 1 with A2 Elitist, budget 50, run_from_scratch=True
Evaluations: 856
Running function 3 instance 7 repetition 2 with A2 Elitist, budget 50, run_from_scratch=True
Evaluations: 856
Running function 3 instance 7 repetition 3 with A2 Elitist, budget 50, run_from_scratch=True
Evaluations: 856
Running function 3 instance 7 repetition 4 with A2 Elitist, budget 50, run_from_scratch=True
Evaluations: 856
Running function 3 instance 7 repetition 5 with A2 Elitist, budget 50, run_from_scratch=True
Evaluations: 856
Running function 3 instance 7 repetition 6 with A2 Elitist, budget 50, run_from_scratch=True
Evaluations: 856
Running function 3 instance 7 repetition 7 with A2 Elitist, budget 50, run_from_scratch=True
Evaluations: 856
Running function 3 instance 7 repetition 8 with A2 Elitist, budget 50, run_from_scratch=True
Evaluations: 856
Running function 3 instance 7 repetition 9 with A2 Elitist, budget 50, run_from_scratch=True
Evaluations: 856
Running function 3 instance 7 repetition 10 with A2 Elitist, budget 50, run_from_scratch=True
Evaluations: 856
Running function 3 instance 7 repetition 11 with A2 Elitist, budget 50, run_from_scratch=True
Evaluations: 856
Running function 3 instance 7 repetition 12 with A2 Elitist, budget 50, run_from_scratch=True
Evaluations: 856
Running function 3 instance 7 repetition 13 with A2 Elitist, budget 50, run_from_scratch=True
Evaluations: 856
Running function 3 instance 7 repetition 14 with A2 Elitist, budget 50, run_from_scratch=True
Evaluations: 856
Running function 3 instance 7 repetition 15 with A2 Elitist, budget 50, run_from_scratch=True
Evaluations: 856
Running function 3 instance 7 repetition 16 with A2 Elitist, budget 50, run_from_scratch=True
Evaluations: 856
Running function 3 instance 7 repetition 17 with A2 Elitist, budget 50, run_from_scratch=True
Evaluations: 856
Running function 3 instance 7 repetition 18 with A2 Elitist, budget 50, run_from_scratch=True
Evaluations: 856
Running function 3 instance 7 repetition 19 with A2 Elitist, budget 50, run_from_scratch=True
Evaluations: 856
Running function 4 instance 6 repetition 0 with A2 Elitist, budget 50, run_from_scratch=True
Evaluations: 856
Running function 4 instance 6 repetition 1 with A2 Elitist, budget 50, run_from_scratch=True
Evaluations: 856
Running function 4 instance 6 repetition 2 with A2 Elitist, budget 50, run_from_scratch=True
Evaluations: 856
Running function 4 instance 6 repetition 3 with A2 Elitist, budget 50, run_from_scratch=True
Evaluations: 856
Running function 4 instance 6 repetition 4 with A2 Elitist, budget 50, run_from_scratch=True
Evaluations: 856
Running function 4 instance 6 repetition 5 with A2 Elitist, budget 50, run_from_scratch=True
Evaluations: 856
Running function 4 instance 6 repetition 6 with A2 Elitist, budget 50, run_from_scratch=True
Evaluations: 856
Running function 4 instance 6 repetition 7 with A2 Elitist, budget 50, run_from_scratch=True
Evaluations: 856
Running function 4 instance 6 repetition 8 with A2 Elitist, budget 50, run_from_scratch=True
Evaluations: 856
Running function 4 instance 6 repetition 9 with A2 Elitist, budget 50, run_from_scratch=True
Evaluations: 856
Running function 4 instance 6 repetition 10 with A2 Elitist, budget 50, run_from_scratch=True
Evaluations: 856
Running function 4 instance 6 repetition 11 with A2 Elitist, budget 50, run_from_scratch=True
Evaluations: 856
Running function 4 instance 6 repetition 12 with A2 Elitist, budget 50, run_from_scratch=True
Evaluations: 856
Running function 4 instance 6 repetition 13 with A2 Elitist, budget 50, run_from_scratch=True
Evaluations: 856
Running function 4 instance 6 repetition 14 with A2 Elitist, budget 50, run_from_scratch=True
Evaluations: 856
Running function 4 instance 6 repetition 15 with A2 Elitist, budget 50, run_from_scratch=True
Evaluations: 856
Running function 4 instance 6 repetition 16 with A2 Elitist, budget 50, run_from_scratch=True
Evaluations: 856
Running function 4 instance 6 repetition 17 with A2 Elitist, budget 50, run_from_scratch=True
Evaluations: 856
Running function 4 instance 6 repetition 18 with A2 Elitist, budget 50, run_from_scratch=True
Evaluations: 856
Running function 4 instance 6 repetition 19 with A2 Elitist, budget 50, run_from_scratch=True
Evaluations: 856
Running function 4 instance 7 repetition 0 with A2 Elitist, budget 50, run_from_scratch=True
Evaluations: 856
Running function 4 instance 7 repetition 1 with A2 Elitist, budget 50, run_from_scratch=True
Evaluations: 856
Running function 4 instance 7 repetition 2 with A2 Elitist, budget 50, run_from_scratch=True
Evaluations: 856
Running function 4 instance 7 repetition 3 with A2 Elitist, budget 50, run_from_scratch=True
Evaluations: 856
Running function 4 instance 7 repetition 4 with A2 Elitist, budget 50, run_from_scratch=True
Evaluations: 856
Running function 4 instance 7 repetition 5 with A2 Elitist, budget 50, run_from_scratch=True
Evaluations: 856
Running function 4 instance 7 repetition 6 with A2 Elitist, budget 50, run_from_scratch=True
Evaluations: 856
Running function 4 instance 7 repetition 7 with A2 Elitist, budget 50, run_from_scratch=True
Evaluations: 856
Running function 4 instance 7 repetition 8 with A2 Elitist, budget 50, run_from_scratch=True
Evaluations: 856
Running function 4 instance 7 repetition 9 with A2 Elitist, budget 50, run_from_scratch=True
Evaluations: 856
Running function 4 instance 7 repetition 10 with A2 Elitist, budget 50, run_from_scratch=True
Evaluations: 856
Running function 4 instance 7 repetition 11 with A2 Elitist, budget 50, run_from_scratch=True
Evaluations: 856
Running function 4 instance 7 repetition 12 with A2 Elitist, budget 50, run_from_scratch=True
Evaluations: 856
Running function 4 instance 7 repetition 13 with A2 Elitist, budget 50, run_from_scratch=True
Evaluations: 856
Running function 4 instance 7 repetition 14 with A2 Elitist, budget 50, run_from_scratch=True
Evaluations: 856
Running function 4 instance 7 repetition 15 with A2 Elitist, budget 50, run_from_scratch=True
Evaluations: 856
Running function 4 instance 7 repetition 16 with A2 Elitist, budget 50, run_from_scratch=True
Evaluations: 856
Running function 4 instance 7 repetition 17 with A2 Elitist, budget 50, run_from_scratch=True
Evaluations: 856
Running function 4 instance 7 repetition 18 with A2 Elitist, budget 50, run_from_scratch=True
Evaluations: 856
Running function 4 instance 7 repetition 19 with A2 Elitist, budget 50, run_from_scratch=True
Evaluations: 856
Running function 5 instance 6 repetition 0 with A2 Elitist, budget 50, run_from_scratch=True
Evaluations: 856
Running function 5 instance 6 repetition 1 with A2 Elitist, budget 50, run_from_scratch=True
Evaluations: 856
Running function 5 instance 6 repetition 2 with A2 Elitist, budget 50, run_from_scratch=True
Evaluations: 856
Running function 5 instance 6 repetition 3 with A2 Elitist, budget 50, run_from_scratch=True
Evaluations: 856
Running function 5 instance 6 repetition 4 with A2 Elitist, budget 50, run_from_scratch=True
Evaluations: 856
Running function 5 instance 6 repetition 5 with A2 Elitist, budget 50, run_from_scratch=True
Evaluations: 856
Running function 5 instance 6 repetition 6 with A2 Elitist, budget 50, run_from_scratch=True
Evaluations: 856
Running function 5 instance 6 repetition 7 with A2 Elitist, budget 50, run_from_scratch=True
Evaluations: 856
Running function 5 instance 6 repetition 8 with A2 Elitist, budget 50, run_from_scratch=True
Evaluations: 856
Running function 5 instance 6 repetition 9 with A2 Elitist, budget 50, run_from_scratch=True
Evaluations: 856
Running function 5 instance 6 repetition 10 with A2 Elitist, budget 50, run_from_scratch=True
Evaluations: 856
Running function 5 instance 6 repetition 11 with A2 Elitist, budget 50, run_from_scratch=True
Evaluations: 856
Running function 5 instance 6 repetition 12 with A2 Elitist, budget 50, run_from_scratch=True
Evaluations: 856
Running function 5 instance 6 repetition 13 with A2 Elitist, budget 50, run_from_scratch=True
Evaluations: 856
Running function 5 instance 6 repetition 14 with A2 Elitist, budget 50, run_from_scratch=True
Evaluations: 856
Running function 5 instance 6 repetition 15 with A2 Elitist, budget 50, run_from_scratch=True
Evaluations: 856
Running function 5 instance 6 repetition 16 with A2 Elitist, budget 50, run_from_scratch=True
Evaluations: 856
Running function 5 instance 6 repetition 17 with A2 Elitist, budget 50, run_from_scratch=True
Evaluations: 856
Running function 5 instance 6 repetition 18 with A2 Elitist, budget 50, run_from_scratch=True
Evaluations: 856
Running function 5 instance 6 repetition 19 with A2 Elitist, budget 50, run_from_scratch=True
Evaluations: 856
Running function 5 instance 7 repetition 0 with A2 Elitist, budget 50, run_from_scratch=True
Evaluations: 856
Running function 5 instance 7 repetition 1 with A2 Elitist, budget 50, run_from_scratch=True
Evaluations: 856
Running function 5 instance 7 repetition 2 with A2 Elitist, budget 50, run_from_scratch=True
Evaluations: 856
Running function 5 instance 7 repetition 3 with A2 Elitist, budget 50, run_from_scratch=True
Evaluations: 856
Running function 5 instance 7 repetition 4 with A2 Elitist, budget 50, run_from_scratch=True
Evaluations: 856
Running function 5 instance 7 repetition 5 with A2 Elitist, budget 50, run_from_scratch=True
Evaluations: 856
Running function 5 instance 7 repetition 6 with A2 Elitist, budget 50, run_from_scratch=True
Evaluations: 856
Running function 5 instance 7 repetition 7 with A2 Elitist, budget 50, run_from_scratch=True
Evaluations: 856
Running function 5 instance 7 repetition 8 with A2 Elitist, budget 50, run_from_scratch=True
Evaluations: 856
Running function 5 instance 7 repetition 9 with A2 Elitist, budget 50, run_from_scratch=True
Evaluations: 856
Running function 5 instance 7 repetition 10 with A2 Elitist, budget 50, run_from_scratch=True
Evaluations: 856
Running function 5 instance 7 repetition 11 with A2 Elitist, budget 50, run_from_scratch=True
Evaluations: 856
Running function 5 instance 7 repetition 12 with A2 Elitist, budget 50, run_from_scratch=True
Evaluations: 856
Running function 5 instance 7 repetition 13 with A2 Elitist, budget 50, run_from_scratch=True
Evaluations: 856
Running function 5 instance 7 repetition 14 with A2 Elitist, budget 50, run_from_scratch=True
Evaluations: 856
Running function 5 instance 7 repetition 15 with A2 Elitist, budget 50, run_from_scratch=True
Evaluations: 856
Running function 5 instance 7 repetition 16 with A2 Elitist, budget 50, run_from_scratch=True
Evaluations: 856
Running function 5 instance 7 repetition 17 with A2 Elitist, budget 50, run_from_scratch=True
Evaluations: 856
Running function 5 instance 7 repetition 18 with A2 Elitist, budget 50, run_from_scratch=True
Evaluations: 856
Running function 5 instance 7 repetition 19 with A2 Elitist, budget 50, run_from_scratch=True
Evaluations: 856
Running function 6 instance 6 repetition 0 with A2 Elitist, budget 50, run_from_scratch=True
Evaluations: 856
Running function 6 instance 6 repetition 1 with A2 Elitist, budget 50, run_from_scratch=True
Evaluations: 856
Running function 6 instance 6 repetition 2 with A2 Elitist, budget 50, run_from_scratch=True
Evaluations: 856
Running function 6 instance 6 repetition 3 with A2 Elitist, budget 50, run_from_scratch=True
Evaluations: 856
Running function 6 instance 6 repetition 4 with A2 Elitist, budget 50, run_from_scratch=True
Evaluations: 856
Running function 6 instance 6 repetition 5 with A2 Elitist, budget 50, run_from_scratch=True
Evaluations: 856
Running function 6 instance 6 repetition 6 with A2 Elitist, budget 50, run_from_scratch=True
Evaluations: 856
Running function 6 instance 6 repetition 7 with A2 Elitist, budget 50, run_from_scratch=True
Evaluations: 856
Running function 6 instance 6 repetition 8 with A2 Elitist, budget 50, run_from_scratch=True
Evaluations: 856
Running function 6 instance 6 repetition 9 with A2 Elitist, budget 50, run_from_scratch=True
Evaluations: 856
Running function 6 instance 6 repetition 10 with A2 Elitist, budget 50, run_from_scratch=True
Evaluations: 856
Running function 6 instance 6 repetition 11 with A2 Elitist, budget 50, run_from_scratch=True
Evaluations: 856
Running function 6 instance 6 repetition 12 with A2 Elitist, budget 50, run_from_scratch=True
Evaluations: 856
Running function 6 instance 6 repetition 13 with A2 Elitist, budget 50, run_from_scratch=True
Evaluations: 856
Running function 6 instance 6 repetition 14 with A2 Elitist, budget 50, run_from_scratch=True
Evaluations: 856
Running function 6 instance 6 repetition 15 with A2 Elitist, budget 50, run_from_scratch=True
Evaluations: 856
Running function 6 instance 6 repetition 16 with A2 Elitist, budget 50, run_from_scratch=True
Evaluations: 856
Running function 6 instance 6 repetition 17 with A2 Elitist, budget 50, run_from_scratch=True
Evaluations: 856
Running function 6 instance 6 repetition 18 with A2 Elitist, budget 50, run_from_scratch=True
Evaluations: 856
Running function 6 instance 6 repetition 19 with A2 Elitist, budget 50, run_from_scratch=True
Evaluations: 856
Running function 6 instance 7 repetition 0 with A2 Elitist, budget 50, run_from_scratch=True
Evaluations: 856
Running function 6 instance 7 repetition 1 with A2 Elitist, budget 50, run_from_scratch=True
Evaluations: 856
Running function 6 instance 7 repetition 2 with A2 Elitist, budget 50, run_from_scratch=True
Evaluations: 856
Running function 6 instance 7 repetition 3 with A2 Elitist, budget 50, run_from_scratch=True
Evaluations: 856
Running function 6 instance 7 repetition 4 with A2 Elitist, budget 50, run_from_scratch=True
Evaluations: 856
Running function 6 instance 7 repetition 5 with A2 Elitist, budget 50, run_from_scratch=True
Evaluations: 856
Running function 6 instance 7 repetition 6 with A2 Elitist, budget 50, run_from_scratch=True
Evaluations: 856
Running function 6 instance 7 repetition 7 with A2 Elitist, budget 50, run_from_scratch=True
Evaluations: 856
Running function 6 instance 7 repetition 8 with A2 Elitist, budget 50, run_from_scratch=True
Evaluations: 856
Running function 6 instance 7 repetition 9 with A2 Elitist, budget 50, run_from_scratch=True
Evaluations: 856
Running function 6 instance 7 repetition 10 with A2 Elitist, budget 50, run_from_scratch=True
Evaluations: 856
Running function 6 instance 7 repetition 11 with A2 Elitist, budget 50, run_from_scratch=True
Evaluations: 856
Running function 6 instance 7 repetition 12 with A2 Elitist, budget 50, run_from_scratch=True
Evaluations: 856
Running function 6 instance 7 repetition 13 with A2 Elitist, budget 50, run_from_scratch=True
Evaluations: 856
Running function 6 instance 7 repetition 14 with A2 Elitist, budget 50, run_from_scratch=True
Evaluations: 856
Running function 6 instance 7 repetition 15 with A2 Elitist, budget 50, run_from_scratch=True
Evaluations: 856
Running function 6 instance 7 repetition 16 with A2 Elitist, budget 50, run_from_scratch=True
Evaluations: 856
Running function 6 instance 7 repetition 17 with A2 Elitist, budget 50, run_from_scratch=True
Evaluations: 856
Running function 6 instance 7 repetition 18 with A2 Elitist, budget 50, run_from_scratch=True
Evaluations: 856
Running function 6 instance 7 repetition 19 with A2 Elitist, budget 50, run_from_scratch=True
Evaluations: 856
Running function 7 instance 6 repetition 0 with A2 Elitist, budget 50, run_from_scratch=True
Evaluations: 856
Running function 7 instance 6 repetition 1 with A2 Elitist, budget 50, run_from_scratch=True
Evaluations: 856
Running function 7 instance 6 repetition 2 with A2 Elitist, budget 50, run_from_scratch=True
Evaluations: 856
Running function 7 instance 6 repetition 3 with A2 Elitist, budget 50, run_from_scratch=True
Evaluations: 856
Running function 7 instance 6 repetition 4 with A2 Elitist, budget 50, run_from_scratch=True
Evaluations: 856
Running function 7 instance 6 repetition 5 with A2 Elitist, budget 50, run_from_scratch=True
Evaluations: 856
Running function 7 instance 6 repetition 6 with A2 Elitist, budget 50, run_from_scratch=True
Evaluations: 856
Running function 7 instance 6 repetition 7 with A2 Elitist, budget 50, run_from_scratch=True
Evaluations: 856
Running function 7 instance 6 repetition 8 with A2 Elitist, budget 50, run_from_scratch=True
Evaluations: 856
Running function 7 instance 6 repetition 9 with A2 Elitist, budget 50, run_from_scratch=True
Evaluations: 856
Running function 7 instance 6 repetition 10 with A2 Elitist, budget 50, run_from_scratch=True
Evaluations: 856
Running function 7 instance 6 repetition 11 with A2 Elitist, budget 50, run_from_scratch=True
Evaluations: 856
Running function 7 instance 6 repetition 12 with A2 Elitist, budget 50, run_from_scratch=True
Evaluations: 856
Running function 7 instance 6 repetition 13 with A2 Elitist, budget 50, run_from_scratch=True
Evaluations: 856
Running function 7 instance 6 repetition 14 with A2 Elitist, budget 50, run_from_scratch=True
Evaluations: 856
Running function 7 instance 6 repetition 15 with A2 Elitist, budget 50, run_from_scratch=True
Evaluations: 856
Running function 7 instance 6 repetition 16 with A2 Elitist, budget 50, run_from_scratch=True
Evaluations: 856
Running function 7 instance 6 repetition 17 with A2 Elitist, budget 50, run_from_scratch=True
Evaluations: 856
Running function 7 instance 6 repetition 18 with A2 Elitist, budget 50, run_from_scratch=True
Evaluations: 856
Running function 7 instance 6 repetition 19 with A2 Elitist, budget 50, run_from_scratch=True
Evaluations: 856
Running function 7 instance 7 repetition 0 with A2 Elitist, budget 50, run_from_scratch=True
Evaluations: 856
Running function 7 instance 7 repetition 1 with A2 Elitist, budget 50, run_from_scratch=True
Evaluations: 856
Running function 7 instance 7 repetition 2 with A2 Elitist, budget 50, run_from_scratch=True
Evaluations: 856
Running function 7 instance 7 repetition 3 with A2 Elitist, budget 50, run_from_scratch=True
Evaluations: 856
Running function 7 instance 7 repetition 4 with A2 Elitist, budget 50, run_from_scratch=True
Evaluations: 856
Running function 7 instance 7 repetition 5 with A2 Elitist, budget 50, run_from_scratch=True
Evaluations: 856
Running function 7 instance 7 repetition 6 with A2 Elitist, budget 50, run_from_scratch=True
Evaluations: 856
Running function 7 instance 7 repetition 7 with A2 Elitist, budget 50, run_from_scratch=True
Evaluations: 856
Running function 7 instance 7 repetition 8 with A2 Elitist, budget 50, run_from_scratch=True
Evaluations: 856
Running function 7 instance 7 repetition 9 with A2 Elitist, budget 50, run_from_scratch=True
Evaluations: 856
Running function 7 instance 7 repetition 10 with A2 Elitist, budget 50, run_from_scratch=True
Evaluations: 856
Running function 7 instance 7 repetition 11 with A2 Elitist, budget 50, run_from_scratch=True
Evaluations: 856
Running function 7 instance 7 repetition 12 with A2 Elitist, budget 50, run_from_scratch=True
Evaluations: 856
Running function 7 instance 7 repetition 13 with A2 Elitist, budget 50, run_from_scratch=True
Evaluations: 856
Running function 7 instance 7 repetition 14 with A2 Elitist, budget 50, run_from_scratch=True
Evaluations: 856
Running function 7 instance 7 repetition 15 with A2 Elitist, budget 50, run_from_scratch=True
Evaluations: 856
Running function 7 instance 7 repetition 16 with A2 Elitist, budget 50, run_from_scratch=True
Evaluations: 856
Running function 7 instance 7 repetition 17 with A2 Elitist, budget 50, run_from_scratch=True
Evaluations: 856
Running function 7 instance 7 repetition 18 with A2 Elitist, budget 50, run_from_scratch=True
Evaluations: 856
Running function 7 instance 7 repetition 19 with A2 Elitist, budget 50, run_from_scratch=True
Evaluations: 856
Running function 8 instance 6 repetition 0 with A2 Elitist, budget 50, run_from_scratch=True
Evaluations: 856
Running function 8 instance 6 repetition 1 with A2 Elitist, budget 50, run_from_scratch=True
Evaluations: 856
Running function 8 instance 6 repetition 2 with A2 Elitist, budget 50, run_from_scratch=True
Evaluations: 856
Running function 8 instance 6 repetition 3 with A2 Elitist, budget 50, run_from_scratch=True
Evaluations: 856
Running function 8 instance 6 repetition 4 with A2 Elitist, budget 50, run_from_scratch=True
Evaluations: 856
Running function 8 instance 6 repetition 5 with A2 Elitist, budget 50, run_from_scratch=True
Evaluations: 856
Running function 8 instance 6 repetition 6 with A2 Elitist, budget 50, run_from_scratch=True
Evaluations: 856
Running function 8 instance 6 repetition 7 with A2 Elitist, budget 50, run_from_scratch=True
Evaluations: 856
Running function 8 instance 6 repetition 8 with A2 Elitist, budget 50, run_from_scratch=True
Evaluations: 856
Running function 8 instance 6 repetition 9 with A2 Elitist, budget 50, run_from_scratch=True
Evaluations: 856
Running function 8 instance 6 repetition 10 with A2 Elitist, budget 50, run_from_scratch=True
Evaluations: 856
Running function 8 instance 6 repetition 11 with A2 Elitist, budget 50, run_from_scratch=True
Evaluations: 856
Running function 8 instance 6 repetition 12 with A2 Elitist, budget 50, run_from_scratch=True
Evaluations: 856
Running function 8 instance 6 repetition 13 with A2 Elitist, budget 50, run_from_scratch=True
Evaluations: 856
Running function 8 instance 6 repetition 14 with A2 Elitist, budget 50, run_from_scratch=True
Evaluations: 856
Running function 8 instance 6 repetition 15 with A2 Elitist, budget 50, run_from_scratch=True
Evaluations: 856
Running function 8 instance 6 repetition 16 with A2 Elitist, budget 50, run_from_scratch=True
Evaluations: 856
Running function 8 instance 6 repetition 17 with A2 Elitist, budget 50, run_from_scratch=True
Evaluations: 856
Running function 8 instance 6 repetition 18 with A2 Elitist, budget 50, run_from_scratch=True
Evaluations: 856
Running function 8 instance 6 repetition 19 with A2 Elitist, budget 50, run_from_scratch=True
Evaluations: 856
Running function 8 instance 7 repetition 0 with A2 Elitist, budget 50, run_from_scratch=True
Evaluations: 856
Running function 8 instance 7 repetition 1 with A2 Elitist, budget 50, run_from_scratch=True
Evaluations: 856
Running function 8 instance 7 repetition 2 with A2 Elitist, budget 50, run_from_scratch=True
Evaluations: 856
Running function 8 instance 7 repetition 3 with A2 Elitist, budget 50, run_from_scratch=True
Evaluations: 856
Running function 8 instance 7 repetition 4 with A2 Elitist, budget 50, run_from_scratch=True
Evaluations: 856
Running function 8 instance 7 repetition 5 with A2 Elitist, budget 50, run_from_scratch=True
Evaluations: 856
Running function 8 instance 7 repetition 6 with A2 Elitist, budget 50, run_from_scratch=True
Evaluations: 856
Running function 8 instance 7 repetition 7 with A2 Elitist, budget 50, run_from_scratch=True
Evaluations: 856
Running function 8 instance 7 repetition 8 with A2 Elitist, budget 50, run_from_scratch=True
Evaluations: 856
Running function 8 instance 7 repetition 9 with A2 Elitist, budget 50, run_from_scratch=True
Evaluations: 856
Running function 8 instance 7 repetition 10 with A2 Elitist, budget 50, run_from_scratch=True
Evaluations: 856
Running function 8 instance 7 repetition 11 with A2 Elitist, budget 50, run_from_scratch=True
Evaluations: 856
Running function 8 instance 7 repetition 12 with A2 Elitist, budget 50, run_from_scratch=True
Evaluations: 856
Running function 8 instance 7 repetition 13 with A2 Elitist, budget 50, run_from_scratch=True
Evaluations: 856
Running function 8 instance 7 repetition 14 with A2 Elitist, budget 50, run_from_scratch=True
Evaluations: 856
Running function 8 instance 7 repetition 15 with A2 Elitist, budget 50, run_from_scratch=True
Evaluations: 856
Running function 8 instance 7 repetition 16 with A2 Elitist, budget 50, run_from_scratch=True
Evaluations: 856
Running function 8 instance 7 repetition 17 with A2 Elitist, budget 50, run_from_scratch=True
Evaluations: 856
Running function 8 instance 7 repetition 18 with A2 Elitist, budget 50, run_from_scratch=True
Evaluations: 856
Running function 8 instance 7 repetition 19 with A2 Elitist, budget 50, run_from_scratch=True
Evaluations: 856
Running function 9 instance 6 repetition 0 with A2 Elitist, budget 50, run_from_scratch=True
Evaluations: 856
Running function 9 instance 6 repetition 1 with A2 Elitist, budget 50, run_from_scratch=True
Evaluations: 856
Running function 9 instance 6 repetition 2 with A2 Elitist, budget 50, run_from_scratch=True
Evaluations: 856
Running function 9 instance 6 repetition 3 with A2 Elitist, budget 50, run_from_scratch=True
Evaluations: 856
Running function 9 instance 6 repetition 4 with A2 Elitist, budget 50, run_from_scratch=True
Evaluations: 856
Running function 9 instance 6 repetition 5 with A2 Elitist, budget 50, run_from_scratch=True
Evaluations: 856
Running function 9 instance 6 repetition 6 with A2 Elitist, budget 50, run_from_scratch=True
Evaluations: 856
Running function 9 instance 6 repetition 7 with A2 Elitist, budget 50, run_from_scratch=True
Evaluations: 856
Running function 9 instance 6 repetition 8 with A2 Elitist, budget 50, run_from_scratch=True
Evaluations: 856
Running function 9 instance 6 repetition 9 with A2 Elitist, budget 50, run_from_scratch=True
Evaluations: 856
Running function 9 instance 6 repetition 10 with A2 Elitist, budget 50, run_from_scratch=True
Evaluations: 856
Running function 9 instance 6 repetition 11 with A2 Elitist, budget 50, run_from_scratch=True
Evaluations: 856
Running function 9 instance 6 repetition 12 with A2 Elitist, budget 50, run_from_scratch=True
Evaluations: 856
Running function 9 instance 6 repetition 13 with A2 Elitist, budget 50, run_from_scratch=True
Evaluations: 856
Running function 9 instance 6 repetition 14 with A2 Elitist, budget 50, run_from_scratch=True
Evaluations: 856
Running function 9 instance 6 repetition 15 with A2 Elitist, budget 50, run_from_scratch=True
Evaluations: 856
Running function 9 instance 6 repetition 16 with A2 Elitist, budget 50, run_from_scratch=True
Evaluations: 856
Running function 9 instance 6 repetition 17 with A2 Elitist, budget 50, run_from_scratch=True
Evaluations: 856
Running function 9 instance 6 repetition 18 with A2 Elitist, budget 50, run_from_scratch=True
Evaluations: 856
Running function 9 instance 6 repetition 19 with A2 Elitist, budget 50, run_from_scratch=True
Evaluations: 856
Running function 9 instance 7 repetition 0 with A2 Elitist, budget 50, run_from_scratch=True
Evaluations: 856
Running function 9 instance 7 repetition 1 with A2 Elitist, budget 50, run_from_scratch=True
Evaluations: 856
Running function 9 instance 7 repetition 2 with A2 Elitist, budget 50, run_from_scratch=True
Evaluations: 856
Running function 9 instance 7 repetition 3 with A2 Elitist, budget 50, run_from_scratch=True
Evaluations: 856
Running function 9 instance 7 repetition 4 with A2 Elitist, budget 50, run_from_scratch=True
Evaluations: 856
Running function 9 instance 7 repetition 5 with A2 Elitist, budget 50, run_from_scratch=True
Evaluations: 856
Running function 9 instance 7 repetition 6 with A2 Elitist, budget 50, run_from_scratch=True
Evaluations: 856
Running function 9 instance 7 repetition 7 with A2 Elitist, budget 50, run_from_scratch=True
Evaluations: 856
Running function 9 instance 7 repetition 8 with A2 Elitist, budget 50, run_from_scratch=True
Evaluations: 856
Running function 9 instance 7 repetition 9 with A2 Elitist, budget 50, run_from_scratch=True
Evaluations: 856
Running function 9 instance 7 repetition 10 with A2 Elitist, budget 50, run_from_scratch=True
Evaluations: 856
Running function 9 instance 7 repetition 11 with A2 Elitist, budget 50, run_from_scratch=True
Evaluations: 856
Running function 9 instance 7 repetition 12 with A2 Elitist, budget 50, run_from_scratch=True
Evaluations: 856
Running function 9 instance 7 repetition 13 with A2 Elitist, budget 50, run_from_scratch=True
Evaluations: 856
Running function 9 instance 7 repetition 14 with A2 Elitist, budget 50, run_from_scratch=True
Evaluations: 856
Running function 9 instance 7 repetition 15 with A2 Elitist, budget 50, run_from_scratch=True
Evaluations: 856
Running function 9 instance 7 repetition 16 with A2 Elitist, budget 50, run_from_scratch=True
Evaluations: 856
Running function 9 instance 7 repetition 17 with A2 Elitist, budget 50, run_from_scratch=True
Evaluations: 856
Running function 9 instance 7 repetition 18 with A2 Elitist, budget 50, run_from_scratch=True
Evaluations: 856
Running function 9 instance 7 repetition 19 with A2 Elitist, budget 50, run_from_scratch=True
Evaluations: 856
Running function 10 instance 6 repetition 0 with A2 Elitist, budget 50, run_from_scratch=True
Evaluations: 856
Running function 10 instance 6 repetition 1 with A2 Elitist, budget 50, run_from_scratch=True
Evaluations: 856
Running function 10 instance 6 repetition 2 with A2 Elitist, budget 50, run_from_scratch=True
Evaluations: 856
Running function 10 instance 6 repetition 3 with A2 Elitist, budget 50, run_from_scratch=True
Evaluations: 856
Running function 10 instance 6 repetition 4 with A2 Elitist, budget 50, run_from_scratch=True
Evaluations: 856
Running function 10 instance 6 repetition 5 with A2 Elitist, budget 50, run_from_scratch=True
Evaluations: 856
Running function 10 instance 6 repetition 6 with A2 Elitist, budget 50, run_from_scratch=True
Evaluations: 856
Running function 10 instance 6 repetition 7 with A2 Elitist, budget 50, run_from_scratch=True
Evaluations: 856
Running function 10 instance 6 repetition 8 with A2 Elitist, budget 50, run_from_scratch=True
Evaluations: 856
Running function 10 instance 6 repetition 9 with A2 Elitist, budget 50, run_from_scratch=True
Evaluations: 856
Running function 10 instance 6 repetition 10 with A2 Elitist, budget 50, run_from_scratch=True
Evaluations: 856
Running function 10 instance 6 repetition 11 with A2 Elitist, budget 50, run_from_scratch=True
Evaluations: 856
Running function 10 instance 6 repetition 12 with A2 Elitist, budget 50, run_from_scratch=True
Evaluations: 856
Running function 10 instance 6 repetition 13 with A2 Elitist, budget 50, run_from_scratch=True
Evaluations: 856
Running function 10 instance 6 repetition 14 with A2 Elitist, budget 50, run_from_scratch=True
Evaluations: 856
Running function 10 instance 6 repetition 15 with A2 Elitist, budget 50, run_from_scratch=True
Evaluations: 856
Running function 10 instance 6 repetition 16 with A2 Elitist, budget 50, run_from_scratch=True
Evaluations: 856
Running function 10 instance 6 repetition 17 with A2 Elitist, budget 50, run_from_scratch=True
Evaluations: 856
Running function 10 instance 6 repetition 18 with A2 Elitist, budget 50, run_from_scratch=True
Evaluations: 856
Running function 10 instance 6 repetition 19 with A2 Elitist, budget 50, run_from_scratch=True
Evaluations: 856
Running function 10 instance 7 repetition 0 with A2 Elitist, budget 50, run_from_scratch=True
Evaluations: 856
Running function 10 instance 7 repetition 1 with A2 Elitist, budget 50, run_from_scratch=True
Evaluations: 856
Running function 10 instance 7 repetition 2 with A2 Elitist, budget 50, run_from_scratch=True
Evaluations: 856
Running function 10 instance 7 repetition 3 with A2 Elitist, budget 50, run_from_scratch=True
Evaluations: 856
Running function 10 instance 7 repetition 4 with A2 Elitist, budget 50, run_from_scratch=True
Evaluations: 856
Running function 10 instance 7 repetition 5 with A2 Elitist, budget 50, run_from_scratch=True
Evaluations: 856
Running function 10 instance 7 repetition 6 with A2 Elitist, budget 50, run_from_scratch=True
Evaluations: 856
Running function 10 instance 7 repetition 7 with A2 Elitist, budget 50, run_from_scratch=True
Evaluations: 856
Running function 10 instance 7 repetition 8 with A2 Elitist, budget 50, run_from_scratch=True
Evaluations: 856
Running function 10 instance 7 repetition 9 with A2 Elitist, budget 50, run_from_scratch=True
Evaluations: 856
Running function 10 instance 7 repetition 10 with A2 Elitist, budget 50, run_from_scratch=True
Evaluations: 856
Running function 10 instance 7 repetition 11 with A2 Elitist, budget 50, run_from_scratch=True
Evaluations: 856
Running function 10 instance 7 repetition 12 with A2 Elitist, budget 50, run_from_scratch=True
Evaluations: 856
Running function 10 instance 7 repetition 13 with A2 Elitist, budget 50, run_from_scratch=True
Evaluations: 856
Running function 10 instance 7 repetition 14 with A2 Elitist, budget 50, run_from_scratch=True
Evaluations: 856
Running function 10 instance 7 repetition 15 with A2 Elitist, budget 50, run_from_scratch=True
Evaluations: 856
Running function 10 instance 7 repetition 16 with A2 Elitist, budget 50, run_from_scratch=True
Evaluations: 856
Running function 10 instance 7 repetition 17 with A2 Elitist, budget 50, run_from_scratch=True
Evaluations: 856
Running function 10 instance 7 repetition 18 with A2 Elitist, budget 50, run_from_scratch=True
Evaluations: 856
Running function 10 instance 7 repetition 19 with A2 Elitist, budget 50, run_from_scratch=True
Evaluations: 856
Running function 11 instance 6 repetition 0 with A2 Elitist, budget 50, run_from_scratch=True
Evaluations: 856
Running function 11 instance 6 repetition 1 with A2 Elitist, budget 50, run_from_scratch=True
Evaluations: 856
Running function 11 instance 6 repetition 2 with A2 Elitist, budget 50, run_from_scratch=True
Evaluations: 856
Running function 11 instance 6 repetition 3 with A2 Elitist, budget 50, run_from_scratch=True
Evaluations: 856
Running function 11 instance 6 repetition 4 with A2 Elitist, budget 50, run_from_scratch=True
Evaluations: 856
Running function 11 instance 6 repetition 5 with A2 Elitist, budget 50, run_from_scratch=True
Evaluations: 856
Running function 11 instance 6 repetition 6 with A2 Elitist, budget 50, run_from_scratch=True
Evaluations: 856
Running function 11 instance 6 repetition 7 with A2 Elitist, budget 50, run_from_scratch=True
Evaluations: 856
Running function 11 instance 6 repetition 8 with A2 Elitist, budget 50, run_from_scratch=True
Evaluations: 856
Running function 11 instance 6 repetition 9 with A2 Elitist, budget 50, run_from_scratch=True
Evaluations: 856
Running function 11 instance 6 repetition 10 with A2 Elitist, budget 50, run_from_scratch=True
Evaluations: 856
Running function 11 instance 6 repetition 11 with A2 Elitist, budget 50, run_from_scratch=True
Evaluations: 856
Running function 11 instance 6 repetition 12 with A2 Elitist, budget 50, run_from_scratch=True
Evaluations: 856
Running function 11 instance 6 repetition 13 with A2 Elitist, budget 50, run_from_scratch=True
Evaluations: 856
Running function 11 instance 6 repetition 14 with A2 Elitist, budget 50, run_from_scratch=True
Evaluations: 856
Running function 11 instance 6 repetition 15 with A2 Elitist, budget 50, run_from_scratch=True
Evaluations: 856
Running function 11 instance 6 repetition 16 with A2 Elitist, budget 50, run_from_scratch=True
Evaluations: 856
Running function 11 instance 6 repetition 17 with A2 Elitist, budget 50, run_from_scratch=True
Evaluations: 856
Running function 11 instance 6 repetition 18 with A2 Elitist, budget 50, run_from_scratch=True
Evaluations: 856
Running function 11 instance 6 repetition 19 with A2 Elitist, budget 50, run_from_scratch=True
Evaluations: 856
Running function 11 instance 7 repetition 0 with A2 Elitist, budget 50, run_from_scratch=True
Evaluations: 856
Running function 11 instance 7 repetition 1 with A2 Elitist, budget 50, run_from_scratch=True
Evaluations: 856
Running function 11 instance 7 repetition 2 with A2 Elitist, budget 50, run_from_scratch=True
Evaluations: 856
Running function 11 instance 7 repetition 3 with A2 Elitist, budget 50, run_from_scratch=True
Evaluations: 856
Running function 11 instance 7 repetition 4 with A2 Elitist, budget 50, run_from_scratch=True
Evaluations: 856
Running function 11 instance 7 repetition 5 with A2 Elitist, budget 50, run_from_scratch=True
Evaluations: 856
Running function 11 instance 7 repetition 6 with A2 Elitist, budget 50, run_from_scratch=True
Evaluations: 856
Running function 11 instance 7 repetition 7 with A2 Elitist, budget 50, run_from_scratch=True
Evaluations: 856
Running function 11 instance 7 repetition 8 with A2 Elitist, budget 50, run_from_scratch=True
Evaluations: 856
Running function 11 instance 7 repetition 9 with A2 Elitist, budget 50, run_from_scratch=True
Evaluations: 856
Running function 11 instance 7 repetition 10 with A2 Elitist, budget 50, run_from_scratch=True
Evaluations: 856
Running function 11 instance 7 repetition 11 with A2 Elitist, budget 50, run_from_scratch=True
Evaluations: 856
Running function 11 instance 7 repetition 12 with A2 Elitist, budget 50, run_from_scratch=True
Evaluations: 856
Running function 11 instance 7 repetition 13 with A2 Elitist, budget 50, run_from_scratch=True
Evaluations: 856
Running function 11 instance 7 repetition 14 with A2 Elitist, budget 50, run_from_scratch=True
Evaluations: 856
Running function 11 instance 7 repetition 15 with A2 Elitist, budget 50, run_from_scratch=True
Evaluations: 856
Running function 11 instance 7 repetition 16 with A2 Elitist, budget 50, run_from_scratch=True
Evaluations: 856
Running function 11 instance 7 repetition 17 with A2 Elitist, budget 50, run_from_scratch=True
Evaluations: 856
Running function 11 instance 7 repetition 18 with A2 Elitist, budget 50, run_from_scratch=True
Evaluations: 856
Running function 11 instance 7 repetition 19 with A2 Elitist, budget 50, run_from_scratch=True
Evaluations: 856
Running function 12 instance 6 repetition 0 with A2 Elitist, budget 50, run_from_scratch=True
Evaluations: 856
Running function 12 instance 6 repetition 1 with A2 Elitist, budget 50, run_from_scratch=True
Evaluations: 856
Running function 12 instance 6 repetition 2 with A2 Elitist, budget 50, run_from_scratch=True
Evaluations: 856
Running function 12 instance 6 repetition 3 with A2 Elitist, budget 50, run_from_scratch=True
Evaluations: 856
Running function 12 instance 6 repetition 4 with A2 Elitist, budget 50, run_from_scratch=True
Evaluations: 856
Running function 12 instance 6 repetition 5 with A2 Elitist, budget 50, run_from_scratch=True
Evaluations: 856
Running function 12 instance 6 repetition 6 with A2 Elitist, budget 50, run_from_scratch=True
Evaluations: 856
Running function 12 instance 6 repetition 7 with A2 Elitist, budget 50, run_from_scratch=True
Evaluations: 856
Running function 12 instance 6 repetition 8 with A2 Elitist, budget 50, run_from_scratch=True
Evaluations: 856
Running function 12 instance 6 repetition 9 with A2 Elitist, budget 50, run_from_scratch=True
Evaluations: 856
Running function 12 instance 6 repetition 10 with A2 Elitist, budget 50, run_from_scratch=True
Evaluations: 856
Running function 12 instance 6 repetition 11 with A2 Elitist, budget 50, run_from_scratch=True
Evaluations: 856
Running function 12 instance 6 repetition 12 with A2 Elitist, budget 50, run_from_scratch=True
Evaluations: 856
Running function 12 instance 6 repetition 13 with A2 Elitist, budget 50, run_from_scratch=True
Evaluations: 856
Running function 12 instance 6 repetition 14 with A2 Elitist, budget 50, run_from_scratch=True
Evaluations: 856
Running function 12 instance 6 repetition 15 with A2 Elitist, budget 50, run_from_scratch=True
Evaluations: 856
Running function 12 instance 6 repetition 16 with A2 Elitist, budget 50, run_from_scratch=True
Evaluations: 856
Running function 12 instance 6 repetition 17 with A2 Elitist, budget 50, run_from_scratch=True
Evaluations: 856
Running function 12 instance 6 repetition 18 with A2 Elitist, budget 50, run_from_scratch=True
Evaluations: 856
Running function 12 instance 6 repetition 19 with A2 Elitist, budget 50, run_from_scratch=True
Evaluations: 856
Running function 12 instance 7 repetition 0 with A2 Elitist, budget 50, run_from_scratch=True
Evaluations: 856
Running function 12 instance 7 repetition 1 with A2 Elitist, budget 50, run_from_scratch=True
Evaluations: 856
Running function 12 instance 7 repetition 2 with A2 Elitist, budget 50, run_from_scratch=True
Evaluations: 856
Running function 12 instance 7 repetition 3 with A2 Elitist, budget 50, run_from_scratch=True
Evaluations: 856
Running function 12 instance 7 repetition 4 with A2 Elitist, budget 50, run_from_scratch=True
Evaluations: 856
Running function 12 instance 7 repetition 5 with A2 Elitist, budget 50, run_from_scratch=True
Evaluations: 856
Running function 12 instance 7 repetition 6 with A2 Elitist, budget 50, run_from_scratch=True
Evaluations: 856
Running function 12 instance 7 repetition 7 with A2 Elitist, budget 50, run_from_scratch=True
Evaluations: 856
Running function 12 instance 7 repetition 8 with A2 Elitist, budget 50, run_from_scratch=True
Evaluations: 856
Running function 12 instance 7 repetition 9 with A2 Elitist, budget 50, run_from_scratch=True
Evaluations: 856
Running function 12 instance 7 repetition 10 with A2 Elitist, budget 50, run_from_scratch=True
Evaluations: 856
Running function 12 instance 7 repetition 11 with A2 Elitist, budget 50, run_from_scratch=True
Evaluations: 856
Running function 12 instance 7 repetition 12 with A2 Elitist, budget 50, run_from_scratch=True
Evaluations: 856
Running function 12 instance 7 repetition 13 with A2 Elitist, budget 50, run_from_scratch=True
Evaluations: 856
Running function 12 instance 7 repetition 14 with A2 Elitist, budget 50, run_from_scratch=True
Evaluations: 856
Running function 12 instance 7 repetition 15 with A2 Elitist, budget 50, run_from_scratch=True
Evaluations: 856
Running function 12 instance 7 repetition 16 with A2 Elitist, budget 50, run_from_scratch=True
Evaluations: 856
Running function 12 instance 7 repetition 17 with A2 Elitist, budget 50, run_from_scratch=True
Evaluations: 856
Running function 12 instance 7 repetition 18 with A2 Elitist, budget 50, run_from_scratch=True
Evaluations: 856
Running function 12 instance 7 repetition 19 with A2 Elitist, budget 50, run_from_scratch=True
Evaluations: 856
Running function 13 instance 6 repetition 0 with A2 Elitist, budget 50, run_from_scratch=True
Evaluations: 856
Running function 13 instance 6 repetition 1 with A2 Elitist, budget 50, run_from_scratch=True
Evaluations: 856
Running function 13 instance 6 repetition 2 with A2 Elitist, budget 50, run_from_scratch=True
Evaluations: 856
Running function 13 instance 6 repetition 3 with A2 Elitist, budget 50, run_from_scratch=True
Evaluations: 856
Running function 13 instance 6 repetition 4 with A2 Elitist, budget 50, run_from_scratch=True
Evaluations: 856
Running function 13 instance 6 repetition 5 with A2 Elitist, budget 50, run_from_scratch=True
Evaluations: 856
Running function 13 instance 6 repetition 6 with A2 Elitist, budget 50, run_from_scratch=True
Evaluations: 856
Running function 13 instance 6 repetition 7 with A2 Elitist, budget 50, run_from_scratch=True
Evaluations: 856
Running function 13 instance 6 repetition 8 with A2 Elitist, budget 50, run_from_scratch=True
Evaluations: 856
Running function 13 instance 6 repetition 9 with A2 Elitist, budget 50, run_from_scratch=True
Evaluations: 856
Running function 13 instance 6 repetition 10 with A2 Elitist, budget 50, run_from_scratch=True
Evaluations: 856
Running function 13 instance 6 repetition 11 with A2 Elitist, budget 50, run_from_scratch=True
Evaluations: 856
Running function 13 instance 6 repetition 12 with A2 Elitist, budget 50, run_from_scratch=True
Evaluations: 856
Running function 13 instance 6 repetition 13 with A2 Elitist, budget 50, run_from_scratch=True
Evaluations: 856
Running function 13 instance 6 repetition 14 with A2 Elitist, budget 50, run_from_scratch=True
Evaluations: 856
Running function 13 instance 6 repetition 15 with A2 Elitist, budget 50, run_from_scratch=True
Evaluations: 856
Running function 13 instance 6 repetition 16 with A2 Elitist, budget 50, run_from_scratch=True
Evaluations: 856
Running function 13 instance 6 repetition 17 with A2 Elitist, budget 50, run_from_scratch=True
Evaluations: 856
Running function 13 instance 6 repetition 18 with A2 Elitist, budget 50, run_from_scratch=True
Evaluations: 856
Running function 13 instance 6 repetition 19 with A2 Elitist, budget 50, run_from_scratch=True
Evaluations: 856
Running function 13 instance 7 repetition 0 with A2 Elitist, budget 50, run_from_scratch=True
Evaluations: 856
Running function 13 instance 7 repetition 1 with A2 Elitist, budget 50, run_from_scratch=True
Evaluations: 856
Running function 13 instance 7 repetition 2 with A2 Elitist, budget 50, run_from_scratch=True
Evaluations: 856
Running function 13 instance 7 repetition 3 with A2 Elitist, budget 50, run_from_scratch=True
Evaluations: 856
Running function 13 instance 7 repetition 4 with A2 Elitist, budget 50, run_from_scratch=True
Evaluations: 856
Running function 13 instance 7 repetition 5 with A2 Elitist, budget 50, run_from_scratch=True
Evaluations: 856
Running function 13 instance 7 repetition 6 with A2 Elitist, budget 50, run_from_scratch=True
Evaluations: 856
Running function 13 instance 7 repetition 7 with A2 Elitist, budget 50, run_from_scratch=True
Evaluations: 856
Running function 13 instance 7 repetition 8 with A2 Elitist, budget 50, run_from_scratch=True
Evaluations: 856
Running function 13 instance 7 repetition 9 with A2 Elitist, budget 50, run_from_scratch=True
Evaluations: 856
Running function 13 instance 7 repetition 10 with A2 Elitist, budget 50, run_from_scratch=True
Evaluations: 856
Running function 13 instance 7 repetition 11 with A2 Elitist, budget 50, run_from_scratch=True
Evaluations: 856
Running function 13 instance 7 repetition 12 with A2 Elitist, budget 50, run_from_scratch=True
Evaluations: 856
Running function 13 instance 7 repetition 13 with A2 Elitist, budget 50, run_from_scratch=True
Evaluations: 856
Running function 13 instance 7 repetition 14 with A2 Elitist, budget 50, run_from_scratch=True
Evaluations: 856
Running function 13 instance 7 repetition 15 with A2 Elitist, budget 50, run_from_scratch=True
Evaluations: 856
Running function 13 instance 7 repetition 16 with A2 Elitist, budget 50, run_from_scratch=True
Evaluations: 856
Running function 13 instance 7 repetition 17 with A2 Elitist, budget 50, run_from_scratch=True
Evaluations: 856
Running function 13 instance 7 repetition 18 with A2 Elitist, budget 50, run_from_scratch=True
Evaluations: 856
Running function 13 instance 7 repetition 19 with A2 Elitist, budget 50, run_from_scratch=True
Evaluations: 856
Running function 14 instance 6 repetition 0 with A2 Elitist, budget 50, run_from_scratch=True
Evaluations: 856
Running function 14 instance 6 repetition 1 with A2 Elitist, budget 50, run_from_scratch=True
Evaluations: 856
Running function 14 instance 6 repetition 2 with A2 Elitist, budget 50, run_from_scratch=True
Evaluations: 856
Running function 14 instance 6 repetition 3 with A2 Elitist, budget 50, run_from_scratch=True
Evaluations: 856
Running function 14 instance 6 repetition 4 with A2 Elitist, budget 50, run_from_scratch=True
Evaluations: 856
Running function 14 instance 6 repetition 5 with A2 Elitist, budget 50, run_from_scratch=True
Evaluations: 856
Running function 14 instance 6 repetition 6 with A2 Elitist, budget 50, run_from_scratch=True
Evaluations: 856
Running function 14 instance 6 repetition 7 with A2 Elitist, budget 50, run_from_scratch=True
Evaluations: 856
Running function 14 instance 6 repetition 8 with A2 Elitist, budget 50, run_from_scratch=True
Evaluations: 856
Running function 14 instance 6 repetition 9 with A2 Elitist, budget 50, run_from_scratch=True
Evaluations: 856
Running function 14 instance 6 repetition 10 with A2 Elitist, budget 50, run_from_scratch=True
Evaluations: 856
Running function 14 instance 6 repetition 11 with A2 Elitist, budget 50, run_from_scratch=True
Evaluations: 856
Running function 14 instance 6 repetition 12 with A2 Elitist, budget 50, run_from_scratch=True
Evaluations: 856
Running function 14 instance 6 repetition 13 with A2 Elitist, budget 50, run_from_scratch=True
Evaluations: 856
Running function 14 instance 6 repetition 14 with A2 Elitist, budget 50, run_from_scratch=True
Evaluations: 856
Running function 14 instance 6 repetition 15 with A2 Elitist, budget 50, run_from_scratch=True
Evaluations: 856
Running function 14 instance 6 repetition 16 with A2 Elitist, budget 50, run_from_scratch=True
Evaluations: 856
Running function 14 instance 6 repetition 17 with A2 Elitist, budget 50, run_from_scratch=True
Evaluations: 856
Running function 14 instance 6 repetition 18 with A2 Elitist, budget 50, run_from_scratch=True
Evaluations: 856
Running function 14 instance 6 repetition 19 with A2 Elitist, budget 50, run_from_scratch=True
Evaluations: 856
Running function 14 instance 7 repetition 0 with A2 Elitist, budget 50, run_from_scratch=True
Evaluations: 856
Running function 14 instance 7 repetition 1 with A2 Elitist, budget 50, run_from_scratch=True
Evaluations: 856
Running function 14 instance 7 repetition 2 with A2 Elitist, budget 50, run_from_scratch=True
Evaluations: 856
Running function 14 instance 7 repetition 3 with A2 Elitist, budget 50, run_from_scratch=True
Evaluations: 856
Running function 14 instance 7 repetition 4 with A2 Elitist, budget 50, run_from_scratch=True
Evaluations: 856
Running function 14 instance 7 repetition 5 with A2 Elitist, budget 50, run_from_scratch=True
Evaluations: 856
Running function 14 instance 7 repetition 6 with A2 Elitist, budget 50, run_from_scratch=True
Evaluations: 856
Running function 14 instance 7 repetition 7 with A2 Elitist, budget 50, run_from_scratch=True
Evaluations: 856
Running function 14 instance 7 repetition 8 with A2 Elitist, budget 50, run_from_scratch=True
Evaluations: 856
Running function 14 instance 7 repetition 9 with A2 Elitist, budget 50, run_from_scratch=True
Evaluations: 856
Running function 14 instance 7 repetition 10 with A2 Elitist, budget 50, run_from_scratch=True
Evaluations: 856
Running function 14 instance 7 repetition 11 with A2 Elitist, budget 50, run_from_scratch=True
Evaluations: 856
Running function 14 instance 7 repetition 12 with A2 Elitist, budget 50, run_from_scratch=True
Evaluations: 856
Running function 14 instance 7 repetition 13 with A2 Elitist, budget 50, run_from_scratch=True
Evaluations: 856
Running function 14 instance 7 repetition 14 with A2 Elitist, budget 50, run_from_scratch=True
Evaluations: 856
Running function 14 instance 7 repetition 15 with A2 Elitist, budget 50, run_from_scratch=True
Evaluations: 856
Running function 14 instance 7 repetition 16 with A2 Elitist, budget 50, run_from_scratch=True
Evaluations: 856
Running function 14 instance 7 repetition 17 with A2 Elitist, budget 50, run_from_scratch=True
Evaluations: 856
Running function 14 instance 7 repetition 18 with A2 Elitist, budget 50, run_from_scratch=True
Evaluations: 856
Running function 14 instance 7 repetition 19 with A2 Elitist, budget 50, run_from_scratch=True
Evaluations: 856
Running function 15 instance 6 repetition 0 with A2 Elitist, budget 50, run_from_scratch=True
Evaluations: 856
Running function 15 instance 6 repetition 1 with A2 Elitist, budget 50, run_from_scratch=True
Evaluations: 856
Running function 15 instance 6 repetition 2 with A2 Elitist, budget 50, run_from_scratch=True
Evaluations: 856
Running function 15 instance 6 repetition 3 with A2 Elitist, budget 50, run_from_scratch=True
Evaluations: 856
Running function 15 instance 6 repetition 4 with A2 Elitist, budget 50, run_from_scratch=True
Evaluations: 856
Running function 15 instance 6 repetition 5 with A2 Elitist, budget 50, run_from_scratch=True
Evaluations: 856
Running function 15 instance 6 repetition 6 with A2 Elitist, budget 50, run_from_scratch=True
Evaluations: 856
Running function 15 instance 6 repetition 7 with A2 Elitist, budget 50, run_from_scratch=True
Evaluations: 856
Running function 15 instance 6 repetition 8 with A2 Elitist, budget 50, run_from_scratch=True
Evaluations: 856
Running function 15 instance 6 repetition 9 with A2 Elitist, budget 50, run_from_scratch=True
Evaluations: 856
Running function 15 instance 6 repetition 10 with A2 Elitist, budget 50, run_from_scratch=True
Evaluations: 856
Running function 15 instance 6 repetition 11 with A2 Elitist, budget 50, run_from_scratch=True
Evaluations: 856
Running function 15 instance 6 repetition 12 with A2 Elitist, budget 50, run_from_scratch=True
Evaluations: 856
Running function 15 instance 6 repetition 13 with A2 Elitist, budget 50, run_from_scratch=True
Evaluations: 856
Running function 15 instance 6 repetition 14 with A2 Elitist, budget 50, run_from_scratch=True
Evaluations: 856
Running function 15 instance 6 repetition 15 with A2 Elitist, budget 50, run_from_scratch=True
Evaluations: 856
Running function 15 instance 6 repetition 16 with A2 Elitist, budget 50, run_from_scratch=True
Evaluations: 856
Running function 15 instance 6 repetition 17 with A2 Elitist, budget 50, run_from_scratch=True
Evaluations: 856
Running function 15 instance 6 repetition 18 with A2 Elitist, budget 50, run_from_scratch=True
Evaluations: 856
Running function 15 instance 6 repetition 19 with A2 Elitist, budget 50, run_from_scratch=True
Evaluations: 856
Running function 15 instance 7 repetition 0 with A2 Elitist, budget 50, run_from_scratch=True
Evaluations: 856
Running function 15 instance 7 repetition 1 with A2 Elitist, budget 50, run_from_scratch=True
Evaluations: 856
Running function 15 instance 7 repetition 2 with A2 Elitist, budget 50, run_from_scratch=True
Evaluations: 856
Running function 15 instance 7 repetition 3 with A2 Elitist, budget 50, run_from_scratch=True
Evaluations: 856
Running function 15 instance 7 repetition 4 with A2 Elitist, budget 50, run_from_scratch=True
Evaluations: 856
Running function 15 instance 7 repetition 5 with A2 Elitist, budget 50, run_from_scratch=True
Evaluations: 856
Running function 15 instance 7 repetition 6 with A2 Elitist, budget 50, run_from_scratch=True
Evaluations: 856
Running function 15 instance 7 repetition 7 with A2 Elitist, budget 50, run_from_scratch=True
Evaluations: 856
Running function 15 instance 7 repetition 8 with A2 Elitist, budget 50, run_from_scratch=True
Evaluations: 856
Running function 15 instance 7 repetition 9 with A2 Elitist, budget 50, run_from_scratch=True
Evaluations: 856
Running function 15 instance 7 repetition 10 with A2 Elitist, budget 50, run_from_scratch=True
Evaluations: 856
Running function 15 instance 7 repetition 11 with A2 Elitist, budget 50, run_from_scratch=True
Evaluations: 856
Running function 15 instance 7 repetition 12 with A2 Elitist, budget 50, run_from_scratch=True
Evaluations: 856
Running function 15 instance 7 repetition 13 with A2 Elitist, budget 50, run_from_scratch=True
Evaluations: 856
Running function 15 instance 7 repetition 14 with A2 Elitist, budget 50, run_from_scratch=True
Evaluations: 856
Running function 15 instance 7 repetition 15 with A2 Elitist, budget 50, run_from_scratch=True
Evaluations: 856
Running function 15 instance 7 repetition 16 with A2 Elitist, budget 50, run_from_scratch=True
Evaluations: 856
Running function 15 instance 7 repetition 17 with A2 Elitist, budget 50, run_from_scratch=True
Evaluations: 856
Running function 15 instance 7 repetition 18 with A2 Elitist, budget 50, run_from_scratch=True
Evaluations: 856
Running function 15 instance 7 repetition 19 with A2 Elitist, budget 50, run_from_scratch=True
Evaluations: 856
Running function 16 instance 6 repetition 0 with A2 Elitist, budget 50, run_from_scratch=True
Evaluations: 856
Running function 16 instance 6 repetition 1 with A2 Elitist, budget 50, run_from_scratch=True
Evaluations: 856
Running function 16 instance 6 repetition 2 with A2 Elitist, budget 50, run_from_scratch=True
Evaluations: 856
Running function 16 instance 6 repetition 3 with A2 Elitist, budget 50, run_from_scratch=True
Evaluations: 856
Running function 16 instance 6 repetition 4 with A2 Elitist, budget 50, run_from_scratch=True
Evaluations: 856
Running function 16 instance 6 repetition 5 with A2 Elitist, budget 50, run_from_scratch=True
Evaluations: 856
Running function 16 instance 6 repetition 6 with A2 Elitist, budget 50, run_from_scratch=True
Evaluations: 856
Running function 16 instance 6 repetition 7 with A2 Elitist, budget 50, run_from_scratch=True
Evaluations: 856
Running function 16 instance 6 repetition 8 with A2 Elitist, budget 50, run_from_scratch=True
Evaluations: 856
Running function 16 instance 6 repetition 9 with A2 Elitist, budget 50, run_from_scratch=True
Evaluations: 856
Running function 16 instance 6 repetition 10 with A2 Elitist, budget 50, run_from_scratch=True
Evaluations: 856
Running function 16 instance 6 repetition 11 with A2 Elitist, budget 50, run_from_scratch=True
Evaluations: 856
Running function 16 instance 6 repetition 12 with A2 Elitist, budget 50, run_from_scratch=True
Evaluations: 856
Running function 16 instance 6 repetition 13 with A2 Elitist, budget 50, run_from_scratch=True
Evaluations: 856
Running function 16 instance 6 repetition 14 with A2 Elitist, budget 50, run_from_scratch=True
Evaluations: 856
Running function 16 instance 6 repetition 15 with A2 Elitist, budget 50, run_from_scratch=True
Evaluations: 856
Running function 16 instance 6 repetition 16 with A2 Elitist, budget 50, run_from_scratch=True
Evaluations: 856
Running function 16 instance 6 repetition 17 with A2 Elitist, budget 50, run_from_scratch=True
Evaluations: 856
Running function 16 instance 6 repetition 18 with A2 Elitist, budget 50, run_from_scratch=True
Evaluations: 856
Running function 16 instance 6 repetition 19 with A2 Elitist, budget 50, run_from_scratch=True
Evaluations: 856
Running function 16 instance 7 repetition 0 with A2 Elitist, budget 50, run_from_scratch=True
Evaluations: 856
Running function 16 instance 7 repetition 1 with A2 Elitist, budget 50, run_from_scratch=True
Evaluations: 856
Running function 16 instance 7 repetition 2 with A2 Elitist, budget 50, run_from_scratch=True
Evaluations: 856
Running function 16 instance 7 repetition 3 with A2 Elitist, budget 50, run_from_scratch=True
Evaluations: 856
Running function 16 instance 7 repetition 4 with A2 Elitist, budget 50, run_from_scratch=True
Evaluations: 856
Running function 16 instance 7 repetition 5 with A2 Elitist, budget 50, run_from_scratch=True
Evaluations: 856
Running function 16 instance 7 repetition 6 with A2 Elitist, budget 50, run_from_scratch=True
Evaluations: 856
Running function 16 instance 7 repetition 7 with A2 Elitist, budget 50, run_from_scratch=True
Evaluations: 856
Running function 16 instance 7 repetition 8 with A2 Elitist, budget 50, run_from_scratch=True
Evaluations: 856
Running function 16 instance 7 repetition 9 with A2 Elitist, budget 50, run_from_scratch=True
Evaluations: 856
Running function 16 instance 7 repetition 10 with A2 Elitist, budget 50, run_from_scratch=True
Evaluations: 856
Running function 16 instance 7 repetition 11 with A2 Elitist, budget 50, run_from_scratch=True
Evaluations: 856
Running function 16 instance 7 repetition 12 with A2 Elitist, budget 50, run_from_scratch=True
Evaluations: 856
Running function 16 instance 7 repetition 13 with A2 Elitist, budget 50, run_from_scratch=True
Evaluations: 856
Running function 16 instance 7 repetition 14 with A2 Elitist, budget 50, run_from_scratch=True
Evaluations: 856
Running function 16 instance 7 repetition 15 with A2 Elitist, budget 50, run_from_scratch=True
Evaluations: 856
Running function 16 instance 7 repetition 16 with A2 Elitist, budget 50, run_from_scratch=True
Evaluations: 856
Running function 16 instance 7 repetition 17 with A2 Elitist, budget 50, run_from_scratch=True
Evaluations: 856
Running function 16 instance 7 repetition 18 with A2 Elitist, budget 50, run_from_scratch=True
Evaluations: 856
Running function 16 instance 7 repetition 19 with A2 Elitist, budget 50, run_from_scratch=True
Evaluations: 856
Running function 17 instance 6 repetition 0 with A2 Elitist, budget 50, run_from_scratch=True
Evaluations: 856
Running function 17 instance 6 repetition 1 with A2 Elitist, budget 50, run_from_scratch=True
Evaluations: 856
Running function 17 instance 6 repetition 2 with A2 Elitist, budget 50, run_from_scratch=True
Evaluations: 856
Running function 17 instance 6 repetition 3 with A2 Elitist, budget 50, run_from_scratch=True
Evaluations: 856
Running function 17 instance 6 repetition 4 with A2 Elitist, budget 50, run_from_scratch=True
Evaluations: 856
Running function 17 instance 6 repetition 5 with A2 Elitist, budget 50, run_from_scratch=True
Evaluations: 856
Running function 17 instance 6 repetition 6 with A2 Elitist, budget 50, run_from_scratch=True
Evaluations: 856
Running function 17 instance 6 repetition 7 with A2 Elitist, budget 50, run_from_scratch=True
Evaluations: 856
Running function 17 instance 6 repetition 8 with A2 Elitist, budget 50, run_from_scratch=True
Evaluations: 856
Running function 17 instance 6 repetition 9 with A2 Elitist, budget 50, run_from_scratch=True
Evaluations: 856
Running function 17 instance 6 repetition 10 with A2 Elitist, budget 50, run_from_scratch=True
Evaluations: 856
Running function 17 instance 6 repetition 11 with A2 Elitist, budget 50, run_from_scratch=True
Evaluations: 856
Running function 17 instance 6 repetition 12 with A2 Elitist, budget 50, run_from_scratch=True
Evaluations: 856
Running function 17 instance 6 repetition 13 with A2 Elitist, budget 50, run_from_scratch=True
Evaluations: 856
Running function 17 instance 6 repetition 14 with A2 Elitist, budget 50, run_from_scratch=True
Evaluations: 856
Running function 17 instance 6 repetition 15 with A2 Elitist, budget 50, run_from_scratch=True
Evaluations: 856
Running function 17 instance 6 repetition 16 with A2 Elitist, budget 50, run_from_scratch=True
Evaluations: 856
Running function 17 instance 6 repetition 17 with A2 Elitist, budget 50, run_from_scratch=True
Evaluations: 856
Running function 17 instance 6 repetition 18 with A2 Elitist, budget 50, run_from_scratch=True
Evaluations: 856
Running function 17 instance 6 repetition 19 with A2 Elitist, budget 50, run_from_scratch=True
Evaluations: 856
Running function 17 instance 7 repetition 0 with A2 Elitist, budget 50, run_from_scratch=True
Evaluations: 856
Running function 17 instance 7 repetition 1 with A2 Elitist, budget 50, run_from_scratch=True
Evaluations: 856
Running function 17 instance 7 repetition 2 with A2 Elitist, budget 50, run_from_scratch=True
Evaluations: 856
Running function 17 instance 7 repetition 3 with A2 Elitist, budget 50, run_from_scratch=True
Evaluations: 856
Running function 17 instance 7 repetition 4 with A2 Elitist, budget 50, run_from_scratch=True
Evaluations: 856
Running function 17 instance 7 repetition 5 with A2 Elitist, budget 50, run_from_scratch=True
Evaluations: 856
Running function 17 instance 7 repetition 6 with A2 Elitist, budget 50, run_from_scratch=True
Evaluations: 856
Running function 17 instance 7 repetition 7 with A2 Elitist, budget 50, run_from_scratch=True
Evaluations: 856
Running function 17 instance 7 repetition 8 with A2 Elitist, budget 50, run_from_scratch=True
Evaluations: 856
Running function 17 instance 7 repetition 9 with A2 Elitist, budget 50, run_from_scratch=True
Evaluations: 856
Running function 17 instance 7 repetition 10 with A2 Elitist, budget 50, run_from_scratch=True
Evaluations: 856
Running function 17 instance 7 repetition 11 with A2 Elitist, budget 50, run_from_scratch=True
Evaluations: 856
Running function 17 instance 7 repetition 12 with A2 Elitist, budget 50, run_from_scratch=True
Evaluations: 856
Running function 17 instance 7 repetition 13 with A2 Elitist, budget 50, run_from_scratch=True
Evaluations: 856
Running function 17 instance 7 repetition 14 with A2 Elitist, budget 50, run_from_scratch=True
Evaluations: 856
Running function 17 instance 7 repetition 15 with A2 Elitist, budget 50, run_from_scratch=True
Evaluations: 856
Running function 17 instance 7 repetition 16 with A2 Elitist, budget 50, run_from_scratch=True
Evaluations: 856
Running function 17 instance 7 repetition 17 with A2 Elitist, budget 50, run_from_scratch=True
Evaluations: 856
Running function 17 instance 7 repetition 18 with A2 Elitist, budget 50, run_from_scratch=True
Evaluations: 856
Running function 17 instance 7 repetition 19 with A2 Elitist, budget 50, run_from_scratch=True
Evaluations: 856
Running function 18 instance 6 repetition 0 with A2 Elitist, budget 50, run_from_scratch=True
Evaluations: 856
Running function 18 instance 6 repetition 1 with A2 Elitist, budget 50, run_from_scratch=True
Evaluations: 856
Running function 18 instance 6 repetition 2 with A2 Elitist, budget 50, run_from_scratch=True
Evaluations: 856
Running function 18 instance 6 repetition 3 with A2 Elitist, budget 50, run_from_scratch=True
Evaluations: 856
Running function 18 instance 6 repetition 4 with A2 Elitist, budget 50, run_from_scratch=True
Evaluations: 856
Running function 18 instance 6 repetition 5 with A2 Elitist, budget 50, run_from_scratch=True
Evaluations: 856
Running function 18 instance 6 repetition 6 with A2 Elitist, budget 50, run_from_scratch=True
Evaluations: 856
Running function 18 instance 6 repetition 7 with A2 Elitist, budget 50, run_from_scratch=True
Evaluations: 856
Running function 18 instance 6 repetition 8 with A2 Elitist, budget 50, run_from_scratch=True
Evaluations: 856
Running function 18 instance 6 repetition 9 with A2 Elitist, budget 50, run_from_scratch=True
Evaluations: 856
Running function 18 instance 6 repetition 10 with A2 Elitist, budget 50, run_from_scratch=True
Evaluations: 856
Running function 18 instance 6 repetition 11 with A2 Elitist, budget 50, run_from_scratch=True
Evaluations: 856
Running function 18 instance 6 repetition 12 with A2 Elitist, budget 50, run_from_scratch=True
Evaluations: 856
Running function 18 instance 6 repetition 13 with A2 Elitist, budget 50, run_from_scratch=True
Evaluations: 856
Running function 18 instance 6 repetition 14 with A2 Elitist, budget 50, run_from_scratch=True
Evaluations: 856
Running function 18 instance 6 repetition 15 with A2 Elitist, budget 50, run_from_scratch=True
Evaluations: 856
Running function 18 instance 6 repetition 16 with A2 Elitist, budget 50, run_from_scratch=True
Evaluations: 856
Running function 18 instance 6 repetition 17 with A2 Elitist, budget 50, run_from_scratch=True
Evaluations: 856
Running function 18 instance 6 repetition 18 with A2 Elitist, budget 50, run_from_scratch=True
Evaluations: 856
Running function 18 instance 6 repetition 19 with A2 Elitist, budget 50, run_from_scratch=True
Evaluations: 856
Running function 18 instance 7 repetition 0 with A2 Elitist, budget 50, run_from_scratch=True
Evaluations: 856
Running function 18 instance 7 repetition 1 with A2 Elitist, budget 50, run_from_scratch=True
Evaluations: 856
Running function 18 instance 7 repetition 2 with A2 Elitist, budget 50, run_from_scratch=True
Evaluations: 856
Running function 18 instance 7 repetition 3 with A2 Elitist, budget 50, run_from_scratch=True
Evaluations: 856
Running function 18 instance 7 repetition 4 with A2 Elitist, budget 50, run_from_scratch=True
Evaluations: 856
Running function 18 instance 7 repetition 5 with A2 Elitist, budget 50, run_from_scratch=True
Evaluations: 856
Running function 18 instance 7 repetition 6 with A2 Elitist, budget 50, run_from_scratch=True
Evaluations: 856
Running function 18 instance 7 repetition 7 with A2 Elitist, budget 50, run_from_scratch=True
Evaluations: 856
Running function 18 instance 7 repetition 8 with A2 Elitist, budget 50, run_from_scratch=True
Evaluations: 856
Running function 18 instance 7 repetition 9 with A2 Elitist, budget 50, run_from_scratch=True
Evaluations: 856
Running function 18 instance 7 repetition 10 with A2 Elitist, budget 50, run_from_scratch=True
Evaluations: 856
Running function 18 instance 7 repetition 11 with A2 Elitist, budget 50, run_from_scratch=True
Evaluations: 856
Running function 18 instance 7 repetition 12 with A2 Elitist, budget 50, run_from_scratch=True
Evaluations: 856
Running function 18 instance 7 repetition 13 with A2 Elitist, budget 50, run_from_scratch=True
Evaluations: 856
Running function 18 instance 7 repetition 14 with A2 Elitist, budget 50, run_from_scratch=True
Evaluations: 856
Running function 18 instance 7 repetition 15 with A2 Elitist, budget 50, run_from_scratch=True
Evaluations: 856
Running function 18 instance 7 repetition 16 with A2 Elitist, budget 50, run_from_scratch=True
Evaluations: 856
Running function 18 instance 7 repetition 17 with A2 Elitist, budget 50, run_from_scratch=True
Evaluations: 856
Running function 18 instance 7 repetition 18 with A2 Elitist, budget 50, run_from_scratch=True
Evaluations: 856
Running function 18 instance 7 repetition 19 with A2 Elitist, budget 50, run_from_scratch=True
Evaluations: 856
Running function 19 instance 6 repetition 0 with A2 Elitist, budget 50, run_from_scratch=True
Evaluations: 856
Running function 19 instance 6 repetition 1 with A2 Elitist, budget 50, run_from_scratch=True
Evaluations: 856
Running function 19 instance 6 repetition 2 with A2 Elitist, budget 50, run_from_scratch=True
Evaluations: 856
Running function 19 instance 6 repetition 3 with A2 Elitist, budget 50, run_from_scratch=True
Evaluations: 856
Running function 19 instance 6 repetition 4 with A2 Elitist, budget 50, run_from_scratch=True
Evaluations: 856
Running function 19 instance 6 repetition 5 with A2 Elitist, budget 50, run_from_scratch=True
Evaluations: 856
Running function 19 instance 6 repetition 6 with A2 Elitist, budget 50, run_from_scratch=True
Evaluations: 856
Running function 19 instance 6 repetition 7 with A2 Elitist, budget 50, run_from_scratch=True
Evaluations: 856
Running function 19 instance 6 repetition 8 with A2 Elitist, budget 50, run_from_scratch=True
Evaluations: 856
Running function 19 instance 6 repetition 9 with A2 Elitist, budget 50, run_from_scratch=True
Evaluations: 856
Running function 19 instance 6 repetition 10 with A2 Elitist, budget 50, run_from_scratch=True
Evaluations: 856
Running function 19 instance 6 repetition 11 with A2 Elitist, budget 50, run_from_scratch=True
Evaluations: 856
Running function 19 instance 6 repetition 12 with A2 Elitist, budget 50, run_from_scratch=True
Evaluations: 856
Running function 19 instance 6 repetition 13 with A2 Elitist, budget 50, run_from_scratch=True
Evaluations: 856
Running function 19 instance 6 repetition 14 with A2 Elitist, budget 50, run_from_scratch=True
Evaluations: 856
Running function 19 instance 6 repetition 15 with A2 Elitist, budget 50, run_from_scratch=True
Evaluations: 856
Running function 19 instance 6 repetition 16 with A2 Elitist, budget 50, run_from_scratch=True
Evaluations: 856
Running function 19 instance 6 repetition 17 with A2 Elitist, budget 50, run_from_scratch=True
Evaluations: 856
Running function 19 instance 6 repetition 18 with A2 Elitist, budget 50, run_from_scratch=True
Evaluations: 856
Running function 19 instance 6 repetition 19 with A2 Elitist, budget 50, run_from_scratch=True
Evaluations: 856
Running function 19 instance 7 repetition 0 with A2 Elitist, budget 50, run_from_scratch=True
Evaluations: 856
Running function 19 instance 7 repetition 1 with A2 Elitist, budget 50, run_from_scratch=True
Evaluations: 856
Running function 19 instance 7 repetition 2 with A2 Elitist, budget 50, run_from_scratch=True
Evaluations: 856
Running function 19 instance 7 repetition 3 with A2 Elitist, budget 50, run_from_scratch=True
Evaluations: 856
Running function 19 instance 7 repetition 4 with A2 Elitist, budget 50, run_from_scratch=True
Evaluations: 856
Running function 19 instance 7 repetition 5 with A2 Elitist, budget 50, run_from_scratch=True
Evaluations: 856
Running function 19 instance 7 repetition 6 with A2 Elitist, budget 50, run_from_scratch=True
Evaluations: 856
Running function 19 instance 7 repetition 7 with A2 Elitist, budget 50, run_from_scratch=True
Evaluations: 856
Running function 19 instance 7 repetition 8 with A2 Elitist, budget 50, run_from_scratch=True
Evaluations: 856
Running function 19 instance 7 repetition 9 with A2 Elitist, budget 50, run_from_scratch=True
Evaluations: 856
Running function 19 instance 7 repetition 10 with A2 Elitist, budget 50, run_from_scratch=True
Evaluations: 856
Running function 19 instance 7 repetition 11 with A2 Elitist, budget 50, run_from_scratch=True
Evaluations: 856
Running function 19 instance 7 repetition 12 with A2 Elitist, budget 50, run_from_scratch=True
Evaluations: 856
Running function 19 instance 7 repetition 13 with A2 Elitist, budget 50, run_from_scratch=True
Evaluations: 856
Running function 19 instance 7 repetition 14 with A2 Elitist, budget 50, run_from_scratch=True
Evaluations: 856
Running function 19 instance 7 repetition 15 with A2 Elitist, budget 50, run_from_scratch=True
Evaluations: 856
Running function 19 instance 7 repetition 16 with A2 Elitist, budget 50, run_from_scratch=True
Evaluations: 856
Running function 19 instance 7 repetition 17 with A2 Elitist, budget 50, run_from_scratch=True
Evaluations: 856
Running function 19 instance 7 repetition 18 with A2 Elitist, budget 50, run_from_scratch=True
Evaluations: 856
Running function 19 instance 7 repetition 19 with A2 Elitist, budget 50, run_from_scratch=True
Evaluations: 856
Running function 20 instance 6 repetition 0 with A2 Elitist, budget 50, run_from_scratch=True
Evaluations: 856
Running function 20 instance 6 repetition 1 with A2 Elitist, budget 50, run_from_scratch=True
Evaluations: 856
Running function 20 instance 6 repetition 2 with A2 Elitist, budget 50, run_from_scratch=True
Evaluations: 856
Running function 20 instance 6 repetition 3 with A2 Elitist, budget 50, run_from_scratch=True
Evaluations: 856
Running function 20 instance 6 repetition 4 with A2 Elitist, budget 50, run_from_scratch=True
Evaluations: 856
Running function 20 instance 6 repetition 5 with A2 Elitist, budget 50, run_from_scratch=True
Evaluations: 856
Running function 20 instance 6 repetition 6 with A2 Elitist, budget 50, run_from_scratch=True
Evaluations: 856
Running function 20 instance 6 repetition 7 with A2 Elitist, budget 50, run_from_scratch=True
Evaluations: 856
Running function 20 instance 6 repetition 8 with A2 Elitist, budget 50, run_from_scratch=True
Evaluations: 856
Running function 20 instance 6 repetition 9 with A2 Elitist, budget 50, run_from_scratch=True
Evaluations: 856
Running function 20 instance 6 repetition 10 with A2 Elitist, budget 50, run_from_scratch=True
Evaluations: 856
Running function 20 instance 6 repetition 11 with A2 Elitist, budget 50, run_from_scratch=True
Evaluations: 856
Running function 20 instance 6 repetition 12 with A2 Elitist, budget 50, run_from_scratch=True
Evaluations: 856
Running function 20 instance 6 repetition 13 with A2 Elitist, budget 50, run_from_scratch=True
Evaluations: 856
Running function 20 instance 6 repetition 14 with A2 Elitist, budget 50, run_from_scratch=True
Evaluations: 856
Running function 20 instance 6 repetition 15 with A2 Elitist, budget 50, run_from_scratch=True
Evaluations: 856
Running function 20 instance 6 repetition 16 with A2 Elitist, budget 50, run_from_scratch=True
Evaluations: 856
Running function 20 instance 6 repetition 17 with A2 Elitist, budget 50, run_from_scratch=True
Evaluations: 856
Running function 20 instance 6 repetition 18 with A2 Elitist, budget 50, run_from_scratch=True
Evaluations: 856
Running function 20 instance 6 repetition 19 with A2 Elitist, budget 50, run_from_scratch=True
Evaluations: 856
Running function 20 instance 7 repetition 0 with A2 Elitist, budget 50, run_from_scratch=True
Evaluations: 856
Running function 20 instance 7 repetition 1 with A2 Elitist, budget 50, run_from_scratch=True
Evaluations: 856
Running function 20 instance 7 repetition 2 with A2 Elitist, budget 50, run_from_scratch=True
Evaluations: 856
Running function 20 instance 7 repetition 3 with A2 Elitist, budget 50, run_from_scratch=True
Evaluations: 856
Running function 20 instance 7 repetition 4 with A2 Elitist, budget 50, run_from_scratch=True
Evaluations: 856
Running function 20 instance 7 repetition 5 with A2 Elitist, budget 50, run_from_scratch=True
Evaluations: 856
Running function 20 instance 7 repetition 6 with A2 Elitist, budget 50, run_from_scratch=True
Evaluations: 856
Running function 20 instance 7 repetition 7 with A2 Elitist, budget 50, run_from_scratch=True
Evaluations: 856
Running function 20 instance 7 repetition 8 with A2 Elitist, budget 50, run_from_scratch=True
Evaluations: 856
Running function 20 instance 7 repetition 9 with A2 Elitist, budget 50, run_from_scratch=True
Evaluations: 856
Running function 20 instance 7 repetition 10 with A2 Elitist, budget 50, run_from_scratch=True
Evaluations: 856
Running function 20 instance 7 repetition 11 with A2 Elitist, budget 50, run_from_scratch=True
Evaluations: 856
Running function 20 instance 7 repetition 12 with A2 Elitist, budget 50, run_from_scratch=True
Evaluations: 856
Running function 20 instance 7 repetition 13 with A2 Elitist, budget 50, run_from_scratch=True
Evaluations: 856
Running function 20 instance 7 repetition 14 with A2 Elitist, budget 50, run_from_scratch=True
Evaluations: 856
Running function 20 instance 7 repetition 15 with A2 Elitist, budget 50, run_from_scratch=True
Evaluations: 856
Running function 20 instance 7 repetition 16 with A2 Elitist, budget 50, run_from_scratch=True
Evaluations: 856
Running function 20 instance 7 repetition 17 with A2 Elitist, budget 50, run_from_scratch=True
Evaluations: 856
Running function 20 instance 7 repetition 18 with A2 Elitist, budget 50, run_from_scratch=True
Evaluations: 856
Running function 20 instance 7 repetition 19 with A2 Elitist, budget 50, run_from_scratch=True
Evaluations: 856
Running function 21 instance 6 repetition 0 with A2 Elitist, budget 50, run_from_scratch=True
Evaluations: 856
Running function 21 instance 6 repetition 1 with A2 Elitist, budget 50, run_from_scratch=True
Evaluations: 856
Running function 21 instance 6 repetition 2 with A2 Elitist, budget 50, run_from_scratch=True
Evaluations: 856
Running function 21 instance 6 repetition 3 with A2 Elitist, budget 50, run_from_scratch=True
Evaluations: 856
Running function 21 instance 6 repetition 4 with A2 Elitist, budget 50, run_from_scratch=True
Evaluations: 856
Running function 21 instance 6 repetition 5 with A2 Elitist, budget 50, run_from_scratch=True
Evaluations: 856
Running function 21 instance 6 repetition 6 with A2 Elitist, budget 50, run_from_scratch=True
Evaluations: 856
Running function 21 instance 6 repetition 7 with A2 Elitist, budget 50, run_from_scratch=True
Evaluations: 856
Running function 21 instance 6 repetition 8 with A2 Elitist, budget 50, run_from_scratch=True
Evaluations: 856
Running function 21 instance 6 repetition 9 with A2 Elitist, budget 50, run_from_scratch=True
Evaluations: 856
Running function 21 instance 6 repetition 10 with A2 Elitist, budget 50, run_from_scratch=True
Evaluations: 856
Running function 21 instance 6 repetition 11 with A2 Elitist, budget 50, run_from_scratch=True
Evaluations: 856
Running function 21 instance 6 repetition 12 with A2 Elitist, budget 50, run_from_scratch=True
Evaluations: 856
Running function 21 instance 6 repetition 13 with A2 Elitist, budget 50, run_from_scratch=True
Evaluations: 856
Running function 21 instance 6 repetition 14 with A2 Elitist, budget 50, run_from_scratch=True
Evaluations: 856
Running function 21 instance 6 repetition 15 with A2 Elitist, budget 50, run_from_scratch=True
Evaluations: 856
Running function 21 instance 6 repetition 16 with A2 Elitist, budget 50, run_from_scratch=True
Evaluations: 856
Running function 21 instance 6 repetition 17 with A2 Elitist, budget 50, run_from_scratch=True
Evaluations: 856
Running function 21 instance 6 repetition 18 with A2 Elitist, budget 50, run_from_scratch=True
Evaluations: 856
Running function 21 instance 6 repetition 19 with A2 Elitist, budget 50, run_from_scratch=True
Evaluations: 856
Running function 21 instance 7 repetition 0 with A2 Elitist, budget 50, run_from_scratch=True
Evaluations: 856
Running function 21 instance 7 repetition 1 with A2 Elitist, budget 50, run_from_scratch=True
Evaluations: 856
Running function 21 instance 7 repetition 2 with A2 Elitist, budget 50, run_from_scratch=True
Evaluations: 856
Running function 21 instance 7 repetition 3 with A2 Elitist, budget 50, run_from_scratch=True
Evaluations: 856
Running function 21 instance 7 repetition 4 with A2 Elitist, budget 50, run_from_scratch=True
Evaluations: 856
Running function 21 instance 7 repetition 5 with A2 Elitist, budget 50, run_from_scratch=True
Evaluations: 856
Running function 21 instance 7 repetition 6 with A2 Elitist, budget 50, run_from_scratch=True
Evaluations: 856
Running function 21 instance 7 repetition 7 with A2 Elitist, budget 50, run_from_scratch=True
Evaluations: 856
Running function 21 instance 7 repetition 8 with A2 Elitist, budget 50, run_from_scratch=True
Evaluations: 856
Running function 21 instance 7 repetition 9 with A2 Elitist, budget 50, run_from_scratch=True
Evaluations: 856
Running function 21 instance 7 repetition 10 with A2 Elitist, budget 50, run_from_scratch=True
Evaluations: 856
Running function 21 instance 7 repetition 11 with A2 Elitist, budget 50, run_from_scratch=True
Evaluations: 856
Running function 21 instance 7 repetition 12 with A2 Elitist, budget 50, run_from_scratch=True
Evaluations: 856
Running function 21 instance 7 repetition 13 with A2 Elitist, budget 50, run_from_scratch=True
Evaluations: 856
Running function 21 instance 7 repetition 14 with A2 Elitist, budget 50, run_from_scratch=True
Evaluations: 856
Running function 21 instance 7 repetition 15 with A2 Elitist, budget 50, run_from_scratch=True
Evaluations: 856
Running function 21 instance 7 repetition 16 with A2 Elitist, budget 50, run_from_scratch=True
Evaluations: 856
Running function 21 instance 7 repetition 17 with A2 Elitist, budget 50, run_from_scratch=True
Evaluations: 856
Running function 21 instance 7 repetition 18 with A2 Elitist, budget 50, run_from_scratch=True
Evaluations: 856
Running function 21 instance 7 repetition 19 with A2 Elitist, budget 50, run_from_scratch=True
Evaluations: 856
Running function 22 instance 6 repetition 0 with A2 Elitist, budget 50, run_from_scratch=True
Evaluations: 856
Running function 22 instance 6 repetition 1 with A2 Elitist, budget 50, run_from_scratch=True
Evaluations: 856
Running function 22 instance 6 repetition 2 with A2 Elitist, budget 50, run_from_scratch=True
Evaluations: 856
Running function 22 instance 6 repetition 3 with A2 Elitist, budget 50, run_from_scratch=True
Evaluations: 856
Running function 22 instance 6 repetition 4 with A2 Elitist, budget 50, run_from_scratch=True
Evaluations: 856
Running function 22 instance 6 repetition 5 with A2 Elitist, budget 50, run_from_scratch=True
Evaluations: 856
Running function 22 instance 6 repetition 6 with A2 Elitist, budget 50, run_from_scratch=True
Evaluations: 856
Running function 22 instance 6 repetition 7 with A2 Elitist, budget 50, run_from_scratch=True
Evaluations: 856
Running function 22 instance 6 repetition 8 with A2 Elitist, budget 50, run_from_scratch=True
Evaluations: 856
Running function 22 instance 6 repetition 9 with A2 Elitist, budget 50, run_from_scratch=True
Evaluations: 856
Running function 22 instance 6 repetition 10 with A2 Elitist, budget 50, run_from_scratch=True
Evaluations: 856
Running function 22 instance 6 repetition 11 with A2 Elitist, budget 50, run_from_scratch=True
Evaluations: 856
Running function 22 instance 6 repetition 12 with A2 Elitist, budget 50, run_from_scratch=True
Evaluations: 856
Running function 22 instance 6 repetition 13 with A2 Elitist, budget 50, run_from_scratch=True
Evaluations: 856
Running function 22 instance 6 repetition 14 with A2 Elitist, budget 50, run_from_scratch=True
Evaluations: 856
Running function 22 instance 6 repetition 15 with A2 Elitist, budget 50, run_from_scratch=True
Evaluations: 856
Running function 22 instance 6 repetition 16 with A2 Elitist, budget 50, run_from_scratch=True
Evaluations: 856
Running function 22 instance 6 repetition 17 with A2 Elitist, budget 50, run_from_scratch=True
Evaluations: 856
Running function 22 instance 6 repetition 18 with A2 Elitist, budget 50, run_from_scratch=True
Evaluations: 856
Running function 22 instance 6 repetition 19 with A2 Elitist, budget 50, run_from_scratch=True
Evaluations: 856
Running function 22 instance 7 repetition 0 with A2 Elitist, budget 50, run_from_scratch=True
Evaluations: 856
Running function 22 instance 7 repetition 1 with A2 Elitist, budget 50, run_from_scratch=True
Evaluations: 856
Running function 22 instance 7 repetition 2 with A2 Elitist, budget 50, run_from_scratch=True
Evaluations: 856
Running function 22 instance 7 repetition 3 with A2 Elitist, budget 50, run_from_scratch=True
Evaluations: 856
Running function 22 instance 7 repetition 4 with A2 Elitist, budget 50, run_from_scratch=True
Evaluations: 856
Running function 22 instance 7 repetition 5 with A2 Elitist, budget 50, run_from_scratch=True
Evaluations: 856
Running function 22 instance 7 repetition 6 with A2 Elitist, budget 50, run_from_scratch=True
Evaluations: 856
Running function 22 instance 7 repetition 7 with A2 Elitist, budget 50, run_from_scratch=True
Evaluations: 856
Running function 22 instance 7 repetition 8 with A2 Elitist, budget 50, run_from_scratch=True
Evaluations: 856
Running function 22 instance 7 repetition 9 with A2 Elitist, budget 50, run_from_scratch=True
Evaluations: 856
Running function 22 instance 7 repetition 10 with A2 Elitist, budget 50, run_from_scratch=True
Evaluations: 856
Running function 22 instance 7 repetition 11 with A2 Elitist, budget 50, run_from_scratch=True
Evaluations: 856
Running function 22 instance 7 repetition 12 with A2 Elitist, budget 50, run_from_scratch=True
Evaluations: 856
Running function 22 instance 7 repetition 13 with A2 Elitist, budget 50, run_from_scratch=True
Evaluations: 856
Running function 22 instance 7 repetition 14 with A2 Elitist, budget 50, run_from_scratch=True
Evaluations: 856
Running function 22 instance 7 repetition 15 with A2 Elitist, budget 50, run_from_scratch=True
Evaluations: 856
Running function 22 instance 7 repetition 16 with A2 Elitist, budget 50, run_from_scratch=True
Evaluations: 856
Running function 22 instance 7 repetition 17 with A2 Elitist, budget 50, run_from_scratch=True
Evaluations: 856
Running function 22 instance 7 repetition 18 with A2 Elitist, budget 50, run_from_scratch=True
Evaluations: 856
Running function 22 instance 7 repetition 19 with A2 Elitist, budget 50, run_from_scratch=True
Evaluations: 856
Running function 23 instance 6 repetition 0 with A2 Elitist, budget 50, run_from_scratch=True
Evaluations: 856
Running function 23 instance 6 repetition 1 with A2 Elitist, budget 50, run_from_scratch=True
Evaluations: 856
Running function 23 instance 6 repetition 2 with A2 Elitist, budget 50, run_from_scratch=True
Evaluations: 856
Running function 23 instance 6 repetition 3 with A2 Elitist, budget 50, run_from_scratch=True
Evaluations: 856
Running function 23 instance 6 repetition 4 with A2 Elitist, budget 50, run_from_scratch=True
Evaluations: 856
Running function 23 instance 6 repetition 5 with A2 Elitist, budget 50, run_from_scratch=True
Evaluations: 856
Running function 23 instance 6 repetition 6 with A2 Elitist, budget 50, run_from_scratch=True
Evaluations: 856
Running function 23 instance 6 repetition 7 with A2 Elitist, budget 50, run_from_scratch=True
Evaluations: 856
Running function 23 instance 6 repetition 8 with A2 Elitist, budget 50, run_from_scratch=True
Evaluations: 856
Running function 23 instance 6 repetition 9 with A2 Elitist, budget 50, run_from_scratch=True
Evaluations: 856
Running function 23 instance 6 repetition 10 with A2 Elitist, budget 50, run_from_scratch=True
Evaluations: 856
Running function 23 instance 6 repetition 11 with A2 Elitist, budget 50, run_from_scratch=True
Evaluations: 856
Running function 23 instance 6 repetition 12 with A2 Elitist, budget 50, run_from_scratch=True
Evaluations: 856
Running function 23 instance 6 repetition 13 with A2 Elitist, budget 50, run_from_scratch=True
Evaluations: 856
Running function 23 instance 6 repetition 14 with A2 Elitist, budget 50, run_from_scratch=True
Evaluations: 856
Running function 23 instance 6 repetition 15 with A2 Elitist, budget 50, run_from_scratch=True
Evaluations: 856
Running function 23 instance 6 repetition 16 with A2 Elitist, budget 50, run_from_scratch=True
Evaluations: 856
Running function 23 instance 6 repetition 17 with A2 Elitist, budget 50, run_from_scratch=True
Evaluations: 856
Running function 23 instance 6 repetition 18 with A2 Elitist, budget 50, run_from_scratch=True
Evaluations: 856
Running function 23 instance 6 repetition 19 with A2 Elitist, budget 50, run_from_scratch=True
Evaluations: 856
Running function 23 instance 7 repetition 0 with A2 Elitist, budget 50, run_from_scratch=True
Evaluations: 856
Running function 23 instance 7 repetition 1 with A2 Elitist, budget 50, run_from_scratch=True
Evaluations: 856
Running function 23 instance 7 repetition 2 with A2 Elitist, budget 50, run_from_scratch=True
Evaluations: 856
Running function 23 instance 7 repetition 3 with A2 Elitist, budget 50, run_from_scratch=True
Evaluations: 856
Running function 23 instance 7 repetition 4 with A2 Elitist, budget 50, run_from_scratch=True
Evaluations: 856
Running function 23 instance 7 repetition 5 with A2 Elitist, budget 50, run_from_scratch=True
Evaluations: 856
Running function 23 instance 7 repetition 6 with A2 Elitist, budget 50, run_from_scratch=True
Evaluations: 856
Running function 23 instance 7 repetition 7 with A2 Elitist, budget 50, run_from_scratch=True
Evaluations: 856
Running function 23 instance 7 repetition 8 with A2 Elitist, budget 50, run_from_scratch=True
Evaluations: 856
Running function 23 instance 7 repetition 9 with A2 Elitist, budget 50, run_from_scratch=True
Evaluations: 856
Running function 23 instance 7 repetition 10 with A2 Elitist, budget 50, run_from_scratch=True
Evaluations: 856
Running function 23 instance 7 repetition 11 with A2 Elitist, budget 50, run_from_scratch=True
Evaluations: 856
Running function 23 instance 7 repetition 12 with A2 Elitist, budget 50, run_from_scratch=True
Evaluations: 856
Running function 23 instance 7 repetition 13 with A2 Elitist, budget 50, run_from_scratch=True
Evaluations: 856
Running function 23 instance 7 repetition 14 with A2 Elitist, budget 50, run_from_scratch=True
Evaluations: 856
Running function 23 instance 7 repetition 15 with A2 Elitist, budget 50, run_from_scratch=True
Evaluations: 856
Running function 23 instance 7 repetition 16 with A2 Elitist, budget 50, run_from_scratch=True
Evaluations: 856
Running function 23 instance 7 repetition 17 with A2 Elitist, budget 50, run_from_scratch=True
Evaluations: 856
Running function 23 instance 7 repetition 18 with A2 Elitist, budget 50, run_from_scratch=True
Evaluations: 856
Running function 23 instance 7 repetition 19 with A2 Elitist, budget 50, run_from_scratch=True
Evaluations: 856
Running function 24 instance 6 repetition 0 with A2 Elitist, budget 50, run_from_scratch=True
Evaluations: 856
Running function 24 instance 6 repetition 1 with A2 Elitist, budget 50, run_from_scratch=True
Evaluations: 856
Running function 24 instance 6 repetition 2 with A2 Elitist, budget 50, run_from_scratch=True
Evaluations: 856
Running function 24 instance 6 repetition 3 with A2 Elitist, budget 50, run_from_scratch=True
Evaluations: 856
Running function 24 instance 6 repetition 4 with A2 Elitist, budget 50, run_from_scratch=True
Evaluations: 856
Running function 24 instance 6 repetition 5 with A2 Elitist, budget 50, run_from_scratch=True
Evaluations: 856
Running function 24 instance 6 repetition 6 with A2 Elitist, budget 50, run_from_scratch=True
Evaluations: 856
Running function 24 instance 6 repetition 7 with A2 Elitist, budget 50, run_from_scratch=True
Evaluations: 856
Running function 24 instance 6 repetition 8 with A2 Elitist, budget 50, run_from_scratch=True
Evaluations: 856
Running function 24 instance 6 repetition 9 with A2 Elitist, budget 50, run_from_scratch=True
Evaluations: 856
Running function 24 instance 6 repetition 10 with A2 Elitist, budget 50, run_from_scratch=True
Evaluations: 856
Running function 24 instance 6 repetition 11 with A2 Elitist, budget 50, run_from_scratch=True
Evaluations: 856
Running function 24 instance 6 repetition 12 with A2 Elitist, budget 50, run_from_scratch=True
Evaluations: 856
Running function 24 instance 6 repetition 13 with A2 Elitist, budget 50, run_from_scratch=True
Evaluations: 856
Running function 24 instance 6 repetition 14 with A2 Elitist, budget 50, run_from_scratch=True
Evaluations: 856
Running function 24 instance 6 repetition 15 with A2 Elitist, budget 50, run_from_scratch=True
Evaluations: 856
Running function 24 instance 6 repetition 16 with A2 Elitist, budget 50, run_from_scratch=True
Evaluations: 856
Running function 24 instance 6 repetition 17 with A2 Elitist, budget 50, run_from_scratch=True
Evaluations: 856
Running function 24 instance 6 repetition 18 with A2 Elitist, budget 50, run_from_scratch=True
Evaluations: 856
Running function 24 instance 6 repetition 19 with A2 Elitist, budget 50, run_from_scratch=True
Evaluations: 856
Running function 24 instance 7 repetition 0 with A2 Elitist, budget 50, run_from_scratch=True
Evaluations: 856
Running function 24 instance 7 repetition 1 with A2 Elitist, budget 50, run_from_scratch=True
Evaluations: 856
Running function 24 instance 7 repetition 2 with A2 Elitist, budget 50, run_from_scratch=True
Evaluations: 856
Running function 24 instance 7 repetition 3 with A2 Elitist, budget 50, run_from_scratch=True
Evaluations: 856
Running function 24 instance 7 repetition 4 with A2 Elitist, budget 50, run_from_scratch=True
Evaluations: 856
Running function 24 instance 7 repetition 5 with A2 Elitist, budget 50, run_from_scratch=True
Evaluations: 856
Running function 24 instance 7 repetition 6 with A2 Elitist, budget 50, run_from_scratch=True
Evaluations: 856
Running function 24 instance 7 repetition 7 with A2 Elitist, budget 50, run_from_scratch=True
Evaluations: 856
Running function 24 instance 7 repetition 8 with A2 Elitist, budget 50, run_from_scratch=True
Evaluations: 856
Running function 24 instance 7 repetition 9 with A2 Elitist, budget 50, run_from_scratch=True
Evaluations: 856
Running function 24 instance 7 repetition 10 with A2 Elitist, budget 50, run_from_scratch=True
Evaluations: 856
Running function 24 instance 7 repetition 11 with A2 Elitist, budget 50, run_from_scratch=True
Evaluations: 856
Running function 24 instance 7 repetition 12 with A2 Elitist, budget 50, run_from_scratch=True
Evaluations: 856
Running function 24 instance 7 repetition 13 with A2 Elitist, budget 50, run_from_scratch=True
Evaluations: 856
Running function 24 instance 7 repetition 14 with A2 Elitist, budget 50, run_from_scratch=True
Evaluations: 856
Running function 24 instance 7 repetition 15 with A2 Elitist, budget 50, run_from_scratch=True
Evaluations: 856
Running function 24 instance 7 repetition 16 with A2 Elitist, budget 50, run_from_scratch=True
Evaluations: 856
Running function 24 instance 7 repetition 17 with A2 Elitist, budget 50, run_from_scratch=True
Evaluations: 856
Running function 24 instance 7 repetition 18 with A2 Elitist, budget 50, run_from_scratch=True
Evaluations: 856
Running function 24 instance 7 repetition 19 with A2 Elitist, budget 50, run_from_scratch=True
Evaluations: 856
