evaluations raw_y rep iid sigma t d_norm d_mean ps_norm ps_mean pc_norm pc_mean ps_squared loglikelihood mhl_norm mhl_mean x0 x1 x2 x3 x4 x5 x6 x7 x8 x9 x10 x11 x12 x13 x14 x15 x16 x17 x18 x19 x20 x21 x22 x23 x24 x25 x26 x27 x28 x29 x30 x31 x32 x33 x34 x35 x36 x37 x38 x39
1 16.6407264816 0.0000000000 1.0000000000 0.2783452355 67.0000000000 5.4235377501 0.8559398465 4.4033740439 0.0259504051 3.4196509136 0.0105388359 19.3897029701 -27.1587045146 28.1360175668 7.1234362963 3.528105 0.800314 1.957476 4.481786 3.735116 -1.954556 1.900177 -0.302714 -0.206438 0.821197 0.288087 2.908547 1.522075 0.243350 0.887726 0.667349 2.988158 -0.410317 0.626135 -1.708191 -5.000000 1.307237 1.728872 -1.484330 4.539509 -2.908731 0.091517 -0.374368 3.065558 2.938718 0.309895 0.756325 -1.775571 -3.961593 -0.695824 0.312698 2.460581 2.404760 -0.774654 -0.604606
2 12.2649836914 0.0000000000 1.0000000000 0.2783452355 67.0000000000 5.4235377501 0.8559398465 4.4033740439 0.0259504051 3.4196509136 0.0105388359 19.3897029701 -27.1587045146 28.1360175668 7.1234362963 -2.097106 -2.840036 -3.412540 3.901551 -1.019304 -0.876149 -2.505591 1.554981 -3.227796 -0.425481 -1.790933 0.773805 -1.021610 -2.361264 -0.056364 0.856664 0.133034 0.604944 -1.268644 -0.725482 -1.344921 -0.719106 -1.626293 -3.452565 0.354852 -0.803562 -3.260397 0.925565 -1.814597 0.103891 1.458181 0.257966 2.278801 -2.469652 0.804683 -1.369620 -1.741594 -1.157699 -0.623105 0.112331
7 9.3230285960 0.0000000000 1.0000000000 0.2783452355 67.0000000000 5.4235377501 0.8559398465 4.4033740439 0.0259504051 3.4196509136 0.0105388359 19.3897029701 -27.1587045146 28.1360175668 7.1234362963 -1.274874 -0.794544 -0.265761 -0.595582 -0.618026 -3.352008 2.304663 2.159237 -1.626729 -2.932849 1.042130 -1.151576 0.283906 -0.638657 1.383078 1.389498 -1.451195 -2.766728 -3.165877 1.220759 -2.377719 -1.013633 -1.192628 -0.105135 -3.872560 0.377557 1.047782 0.176844 -0.621772 0.194800 0.798093 -5.000000 3.911825 0.780187 -1.304817 -0.781907 0.987484 -0.232208 -4.061369 4.128986
30 6.7881800093 0.0000000000 1.0000000000 1.9020983259 1.0000000000 6.3124498363 0.9980630857 3.5805290271 -0.1980388399 3.0364236109 -0.1679444028 12.8201881141 -1295.3555615478 26.7882492669 6.8279747649 -0.619717 -1.710346 -4.182736 2.970896 3.413653 -2.431692 -0.116020 3.857449 -3.208424 0.317024 -0.659358 0.967990 5.000000 0.533244 0.207564 -0.485037 -1.364588 -0.737109 -1.261463 -2.704212 -3.643868 0.043925 -1.396427 -0.620866 -0.597344 2.285536 0.669924 -3.997192 2.925569 0.357570 -1.219465 -0.770022 2.812992 2.225865 -3.415578 0.067028 -2.193764 -0.122686 -0.812782 1.124561
205 6.0730001173 0.0000000000 1.0000000000 1.5161595071 13.0000000000 6.1744226620 0.9758875832 5.5094769310 -0.1538455670 4.9261549590 -0.1272902130 30.3543360536 -1096.8744716082 25.1753154213 6.4427199878 -0.734520 -2.388358 -0.254704 -2.015576 1.763079 1.248002 2.023948 2.981422 -0.363165 2.943626 -5.000000 -1.700954 -0.425237 -4.497459 -1.185532 2.483376 -4.458416 -0.765444 5.000000 4.168707 3.197941 -0.480126 0.387485 -1.005211 -3.001293 1.226275 -0.562490 -3.189737 3.493826 0.798075 -0.140205 0.070035 -0.175959 2.928740 -5.000000 1.394844 4.874850 -2.068696 -1.629570 -0.071198
757 5.5788082408 0.0000000000 1.0000000000 0.8693347619 50.0000000000 5.7878564836 0.9134012642 4.7769183094 -0.0544646588 3.9565086073 -0.0504022374 22.8189485345 -743.2186229773 26.9422583469 6.8693466152 3.003929 -1.239705 -5.000000 1.195817 -0.653770 -4.082962 2.642802 1.377502 4.508366 3.075256 -1.306180 -0.875963 -1.739651 -0.398513 -0.739199 -0.833055 -1.221208 1.090742 2.037045 -1.942863 3.894220 4.243993 0.312134 3.164255 -2.871092 0.957917 -4.504212 -1.767707 5.000000 -4.846748 0.090697 -0.359204 2.576955 2.333814 0.581625 -1.791894 4.447120 1.309261 -2.042021 -1.783793
1005 15.8906392371 0.0000000000 1.0000000000 0.6826076544 67.0000000000 5.6192119216 0.8861548176 6.4686159754 -0.2322300050 5.7923861742 -0.2026654096 41.8429926376 -534.0336830474 25.3305100118 6.4815720605 0.935195 -1.933873 -4.426456 -0.062239 0.077880 -4.418912 3.392489 2.988099 2.602761 1.903579 -1.840802 0.400103 0.209855 1.208991 2.785107 0.755100 -0.242103 -0.955990 0.405496 -2.451910 2.263367 1.170228 -0.255941 4.341163 -2.341399 1.601142 -3.643641 -3.324623 2.976261 -3.603612 1.862823 -0.668166 4.115684 3.426265 0.318488 -1.954435 2.901040 0.725580 -1.735385 -0.951426
evaluations raw_y rep iid sigma t d_norm d_mean ps_norm ps_mean pc_norm pc_mean ps_squared loglikelihood mhl_norm mhl_mean x0 x1 x2 x3 x4 x5 x6 x7 x8 x9 x10 x11 x12 x13 x14 x15 x16 x17 x18 x19 x20 x21 x22 x23 x24 x25 x26 x27 x28 x29 x30 x31 x32 x33 x34 x35 x36 x37 x38 x39
1 13.2256770726 1.0000000000 1.0000000000 0.6826076544 67.0000000000 5.6192119216 0.8861548176 6.4686159754 -0.2322300050 5.7923861742 -0.2026654096 41.8429926376 -534.0336830474 25.3305100118 6.4815720605 3.248691 -1.223513 -1.056344 -2.145937 1.730815 -4.603077 3.489624 -1.522414 0.638078 -0.498741 2.924216 -4.120281 -0.644834 -0.768109 2.267539 -2.199783 -0.344856 -1.755717 0.084427 1.165630 -2.201238 2.289447 1.803181 1.004989 1.801712 -1.367456 -0.245780 -1.871539 -0.535776 1.060711 -1.383322 -0.793507 -1.374345 -1.690411 -1.342492 -0.025329 -2.234621 0.468831 3.319604 1.484088
3 8.1191649632 1.0000000000 1.0000000000 0.6826076544 67.0000000000 5.6192119216 0.8861548176 6.4686159754 -0.2322300050 5.7923861742 -0.2026654096 41.8429926376 -534.0336830474 25.3305100118 6.4815720605 -0.444656 -0.401516 0.373123 0.820103 0.396599 0.238017 -1.341325 0.755128 0.243643 2.258968 2.397836 0.370313 -0.750570 -1.277461 0.846989 0.154680 -0.687707 0.087194 -1.240002 1.396064 -0.894257 2.449015 0.806983 1.187157 -2.189824 0.338765 1.481113 -1.907401 -0.532437 0.065229 -2.746235 0.630319 1.692321 -1.719032 0.701092 -2.624567 -0.077391 -3.231545 2.242835 0.817801
140 7.9942347719 1.0000000000 1.0000000000 1.4968127216 9.0000000000 6.2181497279 0.9829127784 5.5763334312 -0.0384265561 5.1766371862 -0.0298120582 31.0954945361 -1088.0327604586 24.8742794658 6.3476099132 -0.921376 -0.194099 -3.185389 1.928381 0.672922 3.045682 -1.622679 2.137177 -1.007503 -0.915609 -3.483302 1.010659 -0.379884 -4.633732 4.109427 1.908128 2.148150 -0.262660 -2.788069 -2.394874 1.797821 -0.065879 3.626227 -0.743173 -4.541867 2.300752 0.864121 2.855227 0.585577 -0.488506 -0.759338 -1.694473 2.699643 3.764210 -4.135393 2.554442 0.280679 0.397829 4.372494 -0.659323
145 6.9125116656 1.0000000000 1.0000000000 1.4968127216 9.0000000000 6.2181497279 0.9829127784 5.5763334312 -0.0384265561 5.1766371862 -0.0298120582 31.0954945361 -1088.0327604586 24.8742794658 6.3476099132 -1.076383 -2.222418 -2.124348 0.173342 1.264285 5.000000 0.808975 0.866032 -1.095699 -3.456144 -1.518694 -0.589179 0.453729 -4.292369 0.089054 0.661279 0.648369 -1.448443 -1.345792 -1.301353 2.669254 -1.466385 3.560117 -0.056768 -5.000000 1.181009 2.960206 0.381758 0.132216 -0.204226 -2.852680 -4.136802 0.379369 2.206173 -1.308644 2.807535 0.143421 1.313902 1.015000 0.035800
149 5.7041189991 1.0000000000 1.0000000000 1.4968127216 9.0000000000 6.2181497279 0.9829127784 5.5763334312 -0.0384265561 5.1766371862 -0.0298120582 31.0954945361 -1088.0327604586 24.8742794658 6.3476099132 -2.209966 -0.012493 -2.859356 0.906258 -1.411401 4.477391 -3.392593 3.609807 -2.646287 -1.475166 -3.124517 1.896547 1.320267 -4.770606 5.000000 4.039934 -1.858851 -2.837094 -1.296254 -2.464308 2.115460 -1.659529 5.000000 1.374690 -5.000000 1.681765 1.473966 1.413949 -0.882096 1.786843 -0.579879 -3.847016 4.932769 0.220362 -1.180695 3.062028 -1.750935 4.258107 0.105458 -0.061014
602 5.5137660774 1.0000000000 1.0000000000 0.9324375482 40.0000000000 5.8915297280 0.9300811462 5.6752819884 -0.0506479609 5.0072607089 -0.0201169499 32.2088256473 -744.2915610813 24.5208016416 6.2787826568 2.802801 -0.706730 -4.481300 0.027130 -3.123317 1.001509 2.674660 0.706692 0.150383 3.589962 -4.683992 0.941901 -2.071410 -4.089719 3.068944 0.746261 -0.680943 -0.874032 -0.402050 -2.355781 0.414288 1.198801 -0.128366 -2.211472 -0.649659 1.468673 2.611733 2.706768 -0.696451 -1.393439 -4.182846 -2.763185 2.749763 1.832956 0.471017 3.017794 -4.387404 1.452561 1.181886 0.057630
1005 14.5962970893 1.0000000000 1.0000000000 0.7292965815 67.0000000000 5.6419938839 0.8895110532 6.4824636265 -0.0614274640 5.9613120237 -0.0546767661 42.0223346692 -583.1750686101 25.5898315601 6.5484503568 0.246136 -1.928756 -2.976596 2.356766 -0.300132 2.708888 0.501517 2.006599 -0.628223 0.233836 -2.749489 0.971156 -0.899536 -3.101945 3.632337 0.885184 -1.121806 2.914374 -1.462974 -0.565901 -1.519416 1.100290 2.379414 -4.899408 -0.514295 1.364756 0.920138 3.088347 -0.243477 -0.713371 -5.000000 -2.739047 2.454412 1.821282 -1.557156 4.274224 -3.368555 4.363083 2.643124 1.192552
evaluations raw_y rep iid sigma t d_norm d_mean ps_norm ps_mean pc_norm pc_mean ps_squared loglikelihood mhl_norm mhl_mean x0 x1 x2 x3 x4 x5 x6 x7 x8 x9 x10 x11 x12 x13 x14 x15 x16 x17 x18 x19 x20 x21 x22 x23 x24 x25 x26 x27 x28 x29 x30 x31 x32 x33 x34 x35 x36 x37 x38 x39
1 15.4776732721 2.0000000000 1.0000000000 0.7292965815 67.0000000000 5.6419938839 0.8895110532 6.4824636265 -0.0614274640 5.9613120237 -0.0546767661 42.0223346692 -583.1750686101 25.5898315601 6.5484503568 -0.833516 -0.112534 -4.272392 3.280542 -3.586871 -1.683495 1.005763 -2.490576 -2.115904 -1.818015 1.102908 4.584416 0.083079 -2.235851 1.078117 -1.192319 -0.038261 2.350002 -1.495742 0.018051 -1.756216 -0.312868 0.513141 -1.977558 -0.677644 -0.472368 -1.275310 -2.375225 -2.842434 -0.306990 -0.538114 4.462734 -4.869535 0.225453 0.740889 2.719268 1.003714 -1.688427 0.000020 1.084705
2 14.1071567040 2.0000000000 1.0000000000 0.7292965815 67.0000000000 5.6419938839 0.8895110532 6.4824636265 -0.0614274640 5.9613120237 -0.0546767661 42.0223346692 -583.1750686101 25.5898315601 6.5484503568 -0.627016 1.542023 -3.736181 3.462369 2.935356 -0.671355 1.222682 0.095941 -1.658271 0.175420 2.000732 -0.762185 -0.751339 -0.148942 0.866993 2.556758 -1.269359 1.016792 0.432232 -3.717225 -0.838633 -0.264658 -0.079140 0.652007 -4.080646 0.092511 -1.355351 -2.878878 1.048593 1.470559 -1.306501 1.684913 -0.763033 0.132978 -2.197478 3.168974 -5.000000 -0.182905 1.390239 -4.066933
4 12.5500287098 2.0000000000 1.0000000000 0.7292965815 67.0000000000 5.6419938839 0.8895110532 6.4824636265 -0.0614274640 5.9613120237 -0.0546767661 42.0223346692 -583.1750686101 25.5898315601 6.5484503568 -2.042829 0.864791 -0.647160 0.847649 1.598360 2.525227 1.503930 -1.987522 2.218287 -3.529835 -0.228843 -0.996348 -2.121598 1.183333 -0.366513 2.039709 -2.964931 1.692624 0.995880 0.253008 -2.837621 -0.503548 -3.093349 -4.165304 5.000000 1.941723 3.585186 -0.858027 1.392396 1.394833 1.203032 0.007319 -0.456495 -4.139225 1.220288 0.846994 2.235773 -0.548484 3.483624 -0.895002
6 11.6871601028 2.0000000000 1.0000000000 0.7292965815 67.0000000000 5.6419938839 0.8895110532 6.4824636265 -0.0614274640 5.9613120237 -0.0546767661 42.0223346692 -583.1750686101 25.5898315601 6.5484503568 -2.302006 -0.853045 -0.296294 3.002874 1.739196 -2.174181 1.328443 1.469769 -2.122731 -0.217034 -3.700808 0.660976 -0.631386 -2.700004 -1.396342 0.479902 -1.105899 0.599054 1.105327 -1.680886 -0.624541 4.289356 0.242211 -1.693658 0.120925 -2.677178 2.265492 0.740610 2.171613 1.804359 0.780593 1.951019 0.383147 -1.324418 -2.047030 -0.896350 -5.000000 3.651989 -3.428135 -0.153279
10 8.4536088863 2.0000000000 1.0000000000 0.7292965815 67.0000000000 5.6419938839 0.8895110532 6.4824636265 -0.0614274640 5.9613120237 -0.0546767661 42.0223346692 -583.1750686101 25.5898315601 6.5484503568 2.496901 -2.491453 -0.334338 -1.153222 0.832043 -0.115695 1.863775 2.936664 -0.442642 -2.346311 1.125338 -0.329030 2.289711 -0.304235 1.659578 0.672132 -0.378088 -0.898657 1.427049 5.000000 1.675232 -0.263365 1.415186 0.228108 -2.561790 0.619693 3.096581 -0.631656 -2.251808 0.976993 3.661893 1.880352 2.037434 4.604757 3.242186 1.425367 -0.417407 0.275236 -0.206704 1.696701
32 8.1543084428 2.0000000000 1.0000000000 1.7923761284 2.0000000000 6.3003721891 0.9961335410 3.9290505230 0.0835198095 3.3779863937 0.0743168274 15.4374380122 -1227.2395309064 25.6305648811 6.5301232344 -0.472685 0.362265 1.728825 1.709925 1.605410 -0.769963 -2.483046 3.052424 -1.629072 -3.515155 -1.912356 1.016669 1.143197 -1.889329 2.211256 -1.530053 -1.614612 -4.033699 -1.075877 2.349856 0.942358 -1.082904 -0.092451 0.527970 1.390884 -1.843129 1.594343 0.992788 0.547246 0.597906 1.200057 0.860145 0.724488 1.343555 -0.378723 1.558631 -0.790908 -0.739579 0.302681 2.956032
167 8.0578135759 2.0000000000 1.0000000000 1.6717106275 11.0000000000 6.2029494371 0.9803106903 5.5427710964 -0.0875000524 5.2680318301 -0.0611306521 30.7223114271 -1139.2946649104 24.4040171245 6.2462475559 2.440677 -4.082657 -0.617001 5.000000 1.381653 -4.736786 -0.788166 -3.109264 -0.434756 -4.119584 -4.689736 0.325784 1.874461 -3.674600 2.177871 -5.000000 -5.000000 3.430475 -3.289280 2.908293 1.090372 -0.861932 -0.774794 -2.249538 3.157668 -0.540139 1.936901 5.000000 -2.967205 5.000000 1.476281 5.000000 1.635373 -2.810731 -0.351988 -0.611365 -0.515369 0.027586 2.313477 3.783488
205 7.4677634124 2.0000000000 1.0000000000 1.6231611091 13.0000000000 6.1807206685 0.9766888871 5.6352049505 -0.0426657327 5.2738976555 -0.0282872437 31.7555348339 -1135.9385602578 25.0779172448 6.3978180348 4.284169 -3.361231 -1.274970 3.642028 -0.062492 -4.510640 0.332654 -5.000000 -0.362659 -2.292441 -0.240739 0.162474 2.380955 0.255866 2.129784 -2.609271 -5.000000 2.210320 -5.000000 5.000000 0.538581 -0.407123 -3.505623 -2.193917 1.667463 -2.251499 0.666239 3.451868 -3.076383 4.165073 2.015724 0.074632 -0.050373 -1.054039 -0.360234 1.538303 -0.624354 0.067487 2.273842 2.265538
218 7.4282956607 2.0000000000 1.0000000000 1.5759647969 14.0000000000 6.1685704166 0.9747474814 4.6950506184 -0.0823074019 4.4490050116 -0.0630396983 22.0435003093 -1059.4624067322 22.6620029125 5.7962743278 0.234233 -3.618570 -0.972315 5.000000 -1.570631 -2.209513 -0.713636 -4.246804 -1.238167 0.265164 -1.790041 0.316464 -0.008003 -1.184587 1.741642 -3.469769 -3.128626 2.172786 -4.654509 5.000000 1.305088 1.716805 -1.239172 -3.896040 3.048705 -0.516612 -3.401746 3.800180 -2.530026 5.000000 0.733411 3.743903 0.047471 -0.759583 -0.400077 -0.355331 -1.092935 2.129466 1.448396 0.310445
233 7.2325387619 2.0000000000 1.0000000000 1.5293942057 15.0000000000 6.1557046550 0.9726846016 4.6687501104 -0.1598709257 4.3951717972 -0.1301774937 21.7972275932 -1098.0158951978 25.2282335986 6.4343213025 1.463165 -1.611730 -1.585580 4.559266 -1.127636 -2.254695 -1.157443 -5.000000 1.230896 -2.803506 -3.141296 3.620410 0.095595 -1.842556 2.181158 -0.769912 -1.298120 1.657446 -4.902162 5.000000 -0.727859 0.590909 -2.674003 -4.129261 -0.237031 -2.402327 -3.138649 2.466186 -3.545319 1.361638 2.357058 2.454600 2.560320 -1.833878 -0.688865 0.858184 -0.430481 1.245531 0.525805 1.699919
271 5.4868099661 2.0000000000 1.0000000000 1.3811119626 18.0000000000 6.1216937873 0.9672433027 3.9742837581 -0.1056104874 3.5135163331 -0.0956146149 15.7949313896 -1024.7447708177 24.8601703006 6.3366026486 0.788115 -2.068264 -0.820302 1.948272 -5.000000 -1.536521 -1.533404 -4.637825 -1.129880 -3.878956 -0.762639 -1.767664 2.517916 1.924531 3.854644 0.612687 0.718351 -1.045965 -4.109930 1.915186 -1.954364 -3.362045 -1.736789 -1.461426 2.591003 0.089244 -2.846837 0.899941 1.013959 2.557247 -0.410411 3.045678 0.764933 -3.304978 -1.601575 2.994945 0.471334 -0.436804 1.983237 2.037301
1005 16.9767311126 2.0000000000 1.0000000000 1.0003504620 67.0000000000 5.6483058204 0.8900827421 5.4805567282 0.0934912342 4.9583034710 0.0764222275 30.0365020515 -766.5881283172 25.4462768549 6.4804339703 5.000000 -3.781912 -3.702803 5.000000 -1.631996 -3.958435 -1.040475 -2.700883 -2.266870 -2.246210 1.183238 -3.233848 3.701906 2.270842 1.397778 2.252523 1.939402 1.097823 2.549596 1.137492 2.071709 0.815312 1.062285 0.979169 0.779814 0.123200 -2.469747 -2.838597 -2.222903 -0.844518 -1.746408 0.563551 -0.587286 -1.544651 -3.352525 3.470495 -0.720843 -1.440299 -1.123168 -1.992378
evaluations raw_y rep iid sigma t d_norm d_mean ps_norm ps_mean pc_norm pc_mean ps_squared loglikelihood mhl_norm mhl_mean x0 x1 x2 x3 x4 x5 x6 x7 x8 x9 x10 x11 x12 x13 x14 x15 x16 x17 x18 x19 x20 x21 x22 x23 x24 x25 x26 x27 x28 x29 x30 x31 x32 x33 x34 x35 x36 x37 x38 x39
1 15.4954598975 3.0000000000 1.0000000000 1.0003504620 67.0000000000 5.6483058204 0.8900827421 5.4805567282 0.0934912342 4.9583034710 0.0764222275 30.0365020515 -766.5881283172 25.4462768549 6.4804339703 3.577257 0.873020 0.192995 -3.726985 -0.554776 -0.709518 -0.165483 -1.254001 -0.087636 -0.954436 -2.627730 1.769245 1.762636 3.419146 0.100067 -0.809355 -1.090720 -3.092955 1.964735 -2.202135 -2.370093 -0.411300 2.972297 0.473433 -2.047570 -1.425986 1.250490 -0.321027 -1.537673 -0.460061 1.490113 3.952222 -2.488247 -1.252834 -1.607532 -4.838166 -1.847584 -2.047752 2.247956 -0.263828
2 14.6079843397 3.0000000000 1.0000000000 1.0003504620 67.0000000000 5.6483058204 0.8900827421 5.4805567282 0.0934912342 4.9583034710 0.0764222275 30.0365020515 -766.5881283172 25.4462768549 6.4804339703 -3.246571 1.293351 -0.712542 -3.486282 -1.193299 -1.177189 -1.747765 0.059428 -4.496516 -0.535524 2.026367 1.705596 2.216375 2.238781 2.975086 -2.236601 1.691667 -3.721779 -1.205770 -3.828944 2.096295 2.667476 -0.394829 3.549290 -1.349455 0.301234 0.305891 -2.128391 0.875893 3.877957 -2.049862 1.798677 -0.309014 3.539255 0.967577 1.352433 1.286327 0.498173 -2.791527 2.783326
4 10.4644189461 3.0000000000 1.0000000000 1.0003504620 67.0000000000 5.6483058204 0.8900827421 5.4805567282 0.0934912342 4.9583034710 0.0764222275 30.0365020515 -766.5881283172 25.4462768549 6.4804339703 -1.356425 0.852870 -1.506670 -3.488221 0.451501 0.574070 -0.154882 0.552137 -1.296822 -1.474930 -0.336180 3.818554 1.629629 -1.039984 1.117426 -0.956729 -0.914522 1.718568 -1.050529 -3.351269 -1.812989 0.176830 0.256016 2.483233 -1.432052 1.462931 0.851933 -0.298028 1.671688 0.984238 -1.724617 2.143368 -2.441804 0.119231 0.004888 0.849271 -1.450867 -0.069887 -0.281240 1.994177
25 9.3165332760 3.0000000000 1.0000000000 1.8814109646 1.0000000000 6.3107092324 0.9977903399 2.9912127704 -0.0343571083 2.5366612063 -0.0291361232 8.9473538377 -1283.2333712035 26.6326868354 6.7981047297 -1.205494 -1.336424 0.283410 0.382679 2.050697 0.823870 1.237536 3.828833 0.145406 0.231901 1.197385 1.588913 3.474155 1.124950 -0.628207 -3.443032 -2.191194 0.344374 -2.681005 -1.640456 -2.154778 0.087223 -0.933620 1.992558 -4.564127 0.790132 1.145424 -1.514125 4.835804 2.485535 -0.416335 3.683620 -1.910839 1.432480 -0.471798 -0.236024 0.242856 3.307590 0.280073 1.418330
30 9.1827300555 3.0000000000 1.0000000000 1.8814109646 1.0000000000 6.3107092324 0.9977903399 2.9912127704 -0.0343571083 2.5366612063 -0.0291361232 8.9473538377 -1283.2333712035 26.6326868354 6.7981047297 -0.475576 2.768850 -0.368479 -1.379295 2.594347 3.597569 -1.132943 4.067269 2.999441 0.668643 1.324939 -0.671298 2.472025 0.567899 0.656533 -2.281443 1.327381 2.241442 -0.196566 -0.305065 -5.000000 -0.131623 0.317368 -1.199607 -1.782994 -1.860279 -1.915407 -2.815225 1.358412 1.242666 1.561344 0.147042 -0.462050 -0.104269 0.501599 1.337718 -2.492376 -2.619470 -1.369430 3.013255
32 8.1258737199 3.0000000000 1.0000000000 1.8112056722 2.0000000000 6.2972281359 0.9956365046 4.2358385102 0.0674313857 3.6423897961 0.0552441917 17.9423278843 -1246.9714783878 26.2082799305 6.6723564663 0.749557 1.377581 -0.325571 0.318342 5.000000 0.167945 2.981372 3.146189 0.403527 1.038562 2.948841 -1.671537 0.651588 1.730577 -1.613407 -0.719423 1.488619 2.821503 0.661176 -0.909048 -5.000000 -3.349793 -1.527676 0.906415 -0.616759 -2.818385 -0.896470 -1.497842 5.000000 3.194052 5.000000 -0.748150 -0.414740 -2.001496 -2.845529 -0.246306 -0.796927 -2.579284 -1.845066 4.155107
33 7.9283630601 3.0000000000 1.0000000000 1.8112056722 2.0000000000 6.2972281359 0.9956365046 4.2358385102 0.0674313857 3.6423897961 0.0552441917 17.9423278843 -1246.9714783878 26.2082799305 6.6723564663 0.240475 -0.744778 -0.053636 0.433580 3.733070 0.150867 -1.669148 4.254110 3.550684 1.494523 -0.485614 0.832766 0.283401 3.360307 -1.690307 0.027013 0.439748 0.978617 -0.475086 -3.928207 2.312123 -1.721731 -2.070535 1.544625 -1.763423 0.877470 -5.000000 -2.396841 4.644281 1.695031 2.059614 -0.136157 1.582145 2.442591 -1.977845 -4.374521 -3.657897 0.836206 -1.147806 1.969253
71 7.6163617348 3.0000000000 1.0000000000 1.7270355949 4.0000000000 6.2778152400 0.9925073888 5.1831007562 0.0142334626 4.6298862607 0.0159595751 26.8645334488 -1180.4940656621 24.7927441031 6.3492361176 -2.160287 3.065111 -1.357833 -2.267533 0.867034 -1.165206 -2.159326 1.958966 5.000000 0.427135 0.929143 2.759541 0.157275 -0.332832 0.038813 -0.162244 -1.792809 1.246733 0.132668 0.923499 -1.502781 -1.856727 -3.651921 -2.063655 -4.585566 -0.574841 -2.385421 -3.947034 1.022167 3.928170 1.858664 -2.628792 2.893699 2.079428 0.407637 -1.401727 -2.696531 0.149925 -0.516374 1.243185
90 7.5254232252 3.0000000000 1.0000000000 1.6739049518 5.0000000000 6.2654490560 0.9905278459 4.6013194611 0.0003724754 4.1740843271 0.0036432364 21.1721407829 -1151.3782748061 24.4713159988 6.2653827663 -0.883738 5.000000 -0.635926 -0.301627 -1.871856 -1.974873 0.687748 4.925257 4.439808 -2.262085 1.506450 3.164940 3.604685 1.180333 1.108295 -3.877606 1.422587 0.660755 -0.237190 0.552201 -0.762200 -3.515901 -4.093474 1.372720 -3.899016 -1.748895 0.710102 0.124183 1.388217 1.899705 5.000000 -0.699866 1.204963 1.775719 1.253968 -4.027735 -2.408700 1.168520 1.500341 1.048876
215 6.5530929324 3.0000000000 1.0000000000 1.4648024316 14.0000000000 6.1712710950 0.9752822841 5.4427264356 0.1691891441 5.1396865020 0.1734697715 29.6232710523 -1068.8712931161 24.9010746051 6.3895928616 0.529289 2.278251 -1.177420 -1.883343 1.684077 1.212140 -2.437020 1.069860 4.137913 2.855646 2.018940 0.132223 -0.293549 -1.384115 1.581588 -1.340268 2.913471 1.222460 0.680290 2.013816 1.254263 -2.220804 -4.604120 3.818358 -3.233485 0.626635 1.491472 -3.909456 1.198463 4.097205 1.809839 -0.485562 0.186810 -1.674666 0.422675 -5.000000 3.415603 5.000000 0.679526 3.159106
749 6.3666310123 3.0000000000 1.0000000000 0.7647940095 49.0000000000 5.7994096072 0.9152433411 5.5404895497 -0.1101351461 4.6839912852 -0.0965416455 30.6970244506 -645.6141933832 26.0190382360 6.6539353022 -1.162397 1.583087 -2.913373 -2.936281 2.409098 0.171790 1.049540 1.347180 3.926057 0.949063 3.653091 -2.493326 -4.825887 0.283608 -1.801344 -3.514382 2.838930 -1.139433 -3.648698 1.448230 2.833483 -1.781475 -2.710222 -1.008226 -0.980682 -0.660051 -1.713310 -1.650704 -0.633816 0.714904 3.035609 0.011199 2.330875 -0.951301 1.941854 -0.847735 1.021950 -0.127230 2.379647 3.776266
871 6.1145429897 3.0000000000 1.0000000000 0.7399143615 58.0000000000 5.7111638049 0.9009224744 6.4331030617 0.0289117303 5.8441102366 -0.0053119183 41.3848150031 -589.2907452993 24.9971981292 6.3769219543 -1.673142 1.868403 -3.562866 -3.624022 4.142262 0.619581 0.219103 2.345885 4.650848 2.659910 4.627739 -5.000000 -1.462824 0.823110 -1.880378 -2.556975 3.643238 1.288118 -5.000000 2.463316 4.484024 -0.722669 -4.323965 -2.577526 1.033222 -0.722011 -1.243258 -1.942978 -1.267248 2.570649 2.016212 1.703946 0.711740 1.814776 2.862118 -0.503081 1.652209 -4.073062 1.945484 5.000000
1005 21.4588568461 3.0000000000 1.0000000000 0.7403228836 67.0000000000 5.6308666348 0.8875091766 5.8783906152 -0.0520508941 5.4603349206 -0.0422860913 34.5554762253 -601.8332840774 26.0971271243 6.6495573944 -1.515967 1.764850 -3.516644 -4.387103 4.703339 0.205894 0.631641 0.930224 4.437157 1.226883 4.463600 -3.606227 -2.565013 1.297787 -2.418679 -0.721692 4.420202 -2.035962 -5.000000 1.882488 4.618783 -1.440586 -5.000000 -1.570371 2.069295 -1.568954 -2.172420 -2.520784 -0.139829 2.504584 0.671878 0.771686 1.764412 2.329974 0.653243 0.379993 1.708389 -5.000000 2.779672 4.232090
evaluations raw_y rep iid sigma t d_norm d_mean ps_norm ps_mean pc_norm pc_mean ps_squared loglikelihood mhl_norm mhl_mean x0 x1 x2 x3 x4 x5 x6 x7 x8 x9 x10 x11 x12 x13 x14 x15 x16 x17 x18 x19 x20 x21 x22 x23 x24 x25 x26 x27 x28 x29 x30 x31 x32 x33 x34 x35 x36 x37 x38 x39
1 23.0880154488 4.0000000000 1.0000000000 0.7403228836 67.0000000000 5.6308666348 0.8875091766 5.8783906152 -0.0520508941 5.4603349206 -0.0422860913 34.5554762253 -601.8332840774 26.0971271243 6.6495573944 0.101123 0.999903 -1.991818 1.387197 -0.836603 -3.169154 -1.295414 1.197150 0.664500 -2.294953 1.237339 -0.175974 0.850145 0.664506 -2.313633 0.701994 -1.213775 3.093959 1.446683 0.092271 -1.965983 0.108865 0.319786 -2.417896 4.446720 0.788590 3.384715 -2.225624 3.271495 -2.721931 -1.302452 1.084903 0.096012 -4.716147 -2.211168 1.675673 4.175742 1.829682 -0.552407 1.593024
2 9.2604408105 4.0000000000 1.0000000000 0.7403228836 67.0000000000 5.6308666348 0.8875091766 5.8783906152 -0.0520508941 5.4603349206 -0.0422860913 34.5554762253 -601.8332840774 26.0971271243 6.6495573944 -2.287597 1.019840 -2.694921 -0.018720 -0.261409 1.604173 -0.605928 2.404005 -0.393491 1.673057 1.573205 -3.681752 0.075095 0.071856 -1.557480 0.358821 -2.911069 1.112370 1.019558 0.600891 4.953168 0.704687 0.134942 -1.464529 0.594282 -1.923554 2.543637 -1.295289 0.316939 3.980166 2.328375 0.485320 2.759840 -0.109117 1.590468 0.038180 -1.810876 0.860543 1.869300 -0.692204
7 8.5479877108 4.0000000000 1.0000000000 0.7403228836 67.0000000000 5.6308666348 0.8875091766 5.8783906152 -0.0520508941 5.4603349206 -0.0422860913 34.5554762253 -601.8332840774 26.0971271243 6.6495573944 1.314928 -0.067931 -0.800786 1.298629 2.756839 -3.859591 0.467747 -0.600931 -1.488459 -0.682512 0.269034 3.739131 0.114114 -0.859534 -2.454380 1.547999 -1.503742 -0.227490 1.426174 0.104741 -0.772457 -0.345440 1.796698 -0.039272 0.485346 0.845697 -0.669079 0.655878 -0.553618 2.267687 1.003621 -3.460676 -0.414708 2.218349 -0.425732 -0.845035 1.987368 -2.165252 0.130070 1.180326
8 8.1367633494 4.0000000000 1.0000000000 0.7403228836 67.0000000000 5.6308666348 0.8875091766 5.8783906152 -0.0520508941 5.4603349206 -0.0422860913 34.5554762253 -601.8332840774 26.0971271243 6.6495573944 1.703855 -2.066700 -2.492424 2.989114 -1.556844 -0.179769 4.862448 -0.930497 -4.404129 5.000000 2.025159 0.717582 5.000000 -0.150532 2.891866 0.024920 -0.551289 1.265029 1.768776 2.564735 2.389033 -0.997441 -0.161479 3.875743 1.217674 0.195078 2.694858 2.800322 2.579957 -1.092370 -0.769573 1.504269 2.384730 -2.390124 -0.910047 -0.459379 2.014494 -2.166005 5.000000 0.180108
52 7.8545875130 4.0000000000 1.0000000000 1.7181493031 3.0000000000 6.2899771192 0.9944672176 3.4098586857 0.1226600698 2.9844335086 0.1143463302 11.6271362564 -1196.9504585254 25.5182904326 6.5071707392 0.223685 0.302897 0.932348 -3.091549 0.699949 0.284929 -2.832742 -2.372098 0.717048 1.070599 1.332973 1.476284 1.632403 -2.722309 -1.945132 1.600834 -2.010537 3.730848 1.247959 -3.072759 -0.427639 -0.952043 2.013242 -0.862202 1.248134 1.694233 0.235710 2.196376 3.109251 -0.214249 1.739882 -1.165518 1.376697 -1.968675 -0.645464 -3.870020 -0.610800 0.810830 0.660942 0.758508
138 6.9011425988 4.0000000000 1.0000000000 1.4428282884 9.0000000000 6.2180996429 0.9829328666 4.5121175864 0.2405392794 4.1904384926 0.2273017353 20.3592051132 -1072.9672707977 25.2205760229 6.4127211006 1.407908 -2.292318 1.607702 -1.044130 -0.767851 1.234870 2.741235 -2.724150 -2.400891 -1.841388 4.691810 -0.916753 2.503773 0.682748 0.312863 1.712538 -2.697900 3.603368 5.000000 -2.298147 -0.933608 -2.399791 -1.720953 3.331737 -0.462199 -0.652402 4.133672 1.345186 4.513723 2.878461 1.514313 4.704036 -0.065831 -0.643584 1.190468 -4.145885 2.983132 1.307164 0.312737 -3.463843
408 6.8570070290 4.0000000000 1.0000000000 1.0706097639 27.0000000000 6.0269861687 0.9519706110 4.9513770077 -0.0668626762 4.3455492909 -0.0445059452 24.5161342728 -838.5468922464 24.0901828493 6.1614710998 3.145495 2.501577 -1.604740 -1.280641 1.412815 0.553943 3.039562 -1.523223 -0.567465 -3.131826 3.471969 1.004412 -0.449289 2.159880 -3.907852 1.068122 -2.505431 1.115231 3.543814 -1.088842 -2.739677 -2.647635 -0.925957 3.402764 4.873171 -1.405812 5.000000 3.003899 0.030522 3.863166 -1.675291 3.830335 -3.660179 1.237699 2.574991 -3.299731 0.426278 1.600041 1.337938 -1.602118
577 6.6139312378 4.0000000000 1.0000000000 0.9036444346 38.0000000000 5.9114808815 0.9332933227 4.6609397015 -0.0550210307 4.3836490678 -0.0480800050 21.7243589011 -753.4151718949 25.5591588766 6.5518758478 2.231431 3.004496 -1.891586 -1.968268 0.706173 -2.050894 1.770538 0.930527 0.193495 -3.559263 3.303187 -0.855364 0.548081 2.807518 -2.117851 2.363004 -2.122175 2.229408 3.606516 -0.192752 -4.876243 -1.099461 -1.471775 4.278507 4.040068 0.373314 3.961215 3.560982 1.541389 2.734737 -1.819006 3.488104 -3.317849 1.499108 0.759806 -3.676482 1.407140 -1.276828 2.486019 -2.304631
680 4.8778764852 4.0000000000 1.0000000000 0.7458824973 45.0000000000 5.8386624006 0.9215081629 4.8779206651 -0.0365465015 4.3804018098 -0.0422669679 23.7941100150 -619.3615033780 25.2923020229 6.4620370589 2.503494 3.872120 -2.070905 -2.280433 -1.685070 -2.682115 2.032764 0.106982 0.462815 -3.589017 3.064733 -0.821530 0.352991 4.457864 -2.545795 2.928797 -2.971927 0.055180 3.885790 -0.506055 -3.509316 -0.164122 -2.423478 3.721516 4.275621 0.622292 2.823307 4.671952 2.524532 2.523554 -2.107068 4.200539 -4.095176 3.451782 1.684825 -5.000000 2.311939 -0.777816 0.927298 -2.806886
1005 18.8505642139 4.0000000000 1.0000000000 0.6562159227 67.0000000000 5.6186794643 0.8859074470 6.3609328112 -0.0024860752 5.6249761208 -0.0385479365 40.4614662285 -491.0583189394 24.5681338674 6.2917802905 0.795326 3.433535 -1.499489 0.868559 -3.395733 -3.958785 2.704642 -3.609891 -0.469841 -5.000000 3.328071 1.857046 -1.414839 2.597767 -2.705001 3.805744 -2.644514 -0.377609 4.489324 0.709854 -2.955775 -0.974658 -0.420494 3.438045 3.742425 0.404555 0.745634 2.095416 2.600006 1.469499 -2.491680 2.919537 -4.432497 2.094813 2.345096 -1.870405 2.472718 1.908479 1.387264 -3.847789
evaluations raw_y rep iid sigma t d_norm d_mean ps_norm ps_mean pc_norm pc_mean ps_squared loglikelihood mhl_norm mhl_mean x0 x1 x2 x3 x4 x5 x6 x7 x8 x9 x10 x11 x12 x13 x14 x15 x16 x17 x18 x19 x20 x21 x22 x23 x24 x25 x26 x27 x28 x29 x30 x31 x32 x33 x34 x35 x36 x37 x38 x39
1 12.3451409685 5.0000000000 1.0000000000 0.6562159227 67.0000000000 5.6186794643 0.8859074470 6.3609328112 -0.0024860752 5.6249761208 -0.0385479365 40.4614662285 -491.0583189394 24.5681338674 6.2917802905 0.882455 -0.661740 4.861542 -0.504184 0.219220 3.164962 -1.818465 -1.183273 0.375206 -0.659740 -2.385529 -0.409753 -0.717658 1.206943 -3.329577 -1.400358 2.302782 3.714662 -3.022359 1.289695 -1.961216 -1.713706 -1.743758 -0.845016 1.992880 1.424843 0.118288 -0.726622 0.006578 -0.211861 1.586107 -1.263143 -0.012390 -0.202135 -0.104616 0.498435 0.395320 2.669697 -0.173751 3.123065
3 11.6984097296 5.0000000000 1.0000000000 0.6562159227 67.0000000000 5.6186794643 0.8859074470 6.3609328112 -0.0024860752 5.6249761208 -0.0385479365 40.4614662285 -491.0583189394 24.5681338674 6.2917802905 4.177029 0.693839 1.491454 1.553815 2.036842 2.122703 -1.420933 -0.430376 -1.521521 -1.422326 2.283015 -1.003511 -0.158303 -1.385653 -1.186806 1.576476 -0.890860 -0.964240 0.987115 1.000975 1.584845 0.341529 -3.507482 1.260593 0.996658 2.036275 -1.692937 5.000000 -2.464772 1.453907 0.091910 -0.974265 1.632265 -0.562860 -4.671244 -2.334557 0.915316 4.475931 -2.962518 -0.033891
6 8.2919244734 5.0000000000 1.0000000000 0.6562159227 67.0000000000 5.6186794643 0.8859074470 6.3609328112 -0.0024860752 5.6249761208 -0.0385479365 40.4614662285 -491.0583189394 24.5681338674 6.2917802905 0.999236 -2.303088 -1.221033 -3.407771 0.388875 0.056482 1.865121 0.424087 -0.735889 4.222977 -2.059147 -2.672561 -1.221135 1.049389 -0.698616 -0.881477 -2.242575 2.945689 -1.246744 -2.161404 -0.245060 -1.615486 -0.465112 2.670301 -0.892913 -0.099577 -0.737090 -0.383479 1.639360 1.063267 -0.683230 -1.861801 -0.268434 1.665187 -0.034707 -0.255316 -3.615833 1.987938 -2.982258 -2.564215
20 7.9243843495 5.0000000000 1.0000000000 1.8740503691 1.0000000000 6.3101017363 0.9976954153 2.7799689494 -0.0542291241 2.3575184816 -0.0459883418 7.7282273598 -1286.6287300957 26.8596976262 6.8527631067 -0.722456 2.668780 2.498233 0.258688 -1.929336 2.998530 -0.492413 1.239017 -0.087260 -1.156440 -3.272958 0.319173 0.546482 3.642024 -0.263513 1.605532 2.166234 1.752721 0.307135 -2.564920 -1.801663 -1.535967 1.413606 -1.976862 0.589849 -1.374129 -1.675953 -3.067602 -0.819649 -1.770983 3.545129 -1.537986 -1.530138 -0.039542 0.344857 3.630880 -1.715000 0.740514 1.838150 1.669805
80 7.0339978749 5.0000000000 1.0000000000 1.6260656385 5.0000000000 6.2622095084 0.9900103685 5.2325829514 -0.0139152775 4.6621581712 -0.0066424964 27.3799243431 -1190.6866285911 26.7035586891 6.8224673255 4.637913 1.361850 2.602140 1.488003 -4.328568 1.448360 -3.206528 0.065800 -0.423621 -3.366205 -2.494835 0.952341 3.287273 2.721368 -1.516989 1.488961 1.120864 -0.737600 -1.323008 4.922273 -1.059407 -5.000000 -1.223554 -3.923539 4.878421 4.571293 0.086037 -1.231757 1.867422 2.931237 0.072905 -0.783837 2.161181 -0.472270 -1.738450 1.108721 -2.059522 -3.103118 -1.877458 -1.730202
243 6.6674331070 5.0000000000 1.0000000000 1.4666334513 16.0000000000 6.1439261906 0.9708003753 5.4335493910 -0.1364537468 5.0804362422 -0.1157197453 29.5234589840 -1054.2880659827 24.4788913932 6.2770244972 1.203900 0.568873 1.393926 -3.665255 -1.919565 1.697306 -3.968016 0.264690 1.336455 -0.360513 -5.000000 -0.872005 -1.890753 3.509291 -2.863581 -0.870931 3.519044 4.646361 2.148054 2.886465 -1.090245 -5.000000 5.000000 0.352040 2.477053 1.517143 2.365069 0.241450 -1.352865 -1.773372 4.747224 -5.000000 -1.001016 3.500035 -2.528630 -0.255094 -0.763856 0.418428 1.387261 -1.339978
328 4.5493446146 5.0000000000 1.0000000000 1.4086881624 21.0000000000 6.0972681951 0.9631445785 6.1915558801 0.0592712657 5.7599803913 0.0477906333 38.3353642161 -1025.4658832363 24.6379455470 6.2866619263 2.330544 -0.356799 1.884843 -5.000000 -1.067541 5.000000 -1.117403 -2.222704 0.759589 4.892335 -2.447288 -0.575309 -3.388893 3.353992 -4.381140 0.218822 3.091960 -0.765338 -1.536467 2.562450 1.461742 -3.594681 2.727749 -0.553443 1.724357 -1.970801 -0.630306 2.355854 -2.693649 -0.618289 1.666561 -5.000000 0.241401 2.622661 -0.858145 0.841970 2.500360 3.048543 2.574174 -4.314056
1005 14.6859831617 5.0000000000 1.0000000000 0.8693853779 67.0000000000 5.6453536985 0.8893777698 6.2959092043 -0.0454710375 5.7258746932 -0.0469349407 39.6384727088 -659.8464584002 24.4084246551 6.2414796448 -4.210192 -3.129474 -0.167758 1.665976 -0.218499 2.463037 -1.292706 -4.264145 -5.000000 2.992706 1.720475 -2.139783 -3.128355 0.346184 1.946986 1.514366 1.225598 -2.286619 -4.477592 -1.966559 2.209911 0.083217 1.256345 -1.784223 2.665697 1.429599 2.067357 2.754781 1.106556 4.697806 3.183559 -2.075959 3.124330 4.189666 -4.741737 -1.062533 -1.591563 0.397892 2.671203 -2.792994
evaluations raw_y rep iid sigma t d_norm d_mean ps_norm ps_mean pc_norm pc_mean ps_squared loglikelihood mhl_norm mhl_mean x0 x1 x2 x3 x4 x5 x6 x7 x8 x9 x10 x11 x12 x13 x14 x15 x16 x17 x18 x19 x20 x21 x22 x23 x24 x25 x26 x27 x28 x29 x30 x31 x32 x33 x34 x35 x36 x37 x38 x39
1 18.1907108169 6.0000000000 1.0000000000 0.8693853779 67.0000000000 5.6453536985 0.8893777698 6.2959092043 -0.0454710375 5.7258746932 -0.0469349407 39.6384727088 -659.8464584002 24.4084246551 6.2414796448 -0.623567 1.458008 0.435642 -1.798184 -4.973561 1.826503 2.254127 -3.028186 3.278582 -0.859787 5.000000 1.203644 -0.671763 2.475476 0.222256 0.258302 0.152255 -0.310256 1.268451 1.621310 0.709617 3.625181 -2.712952 -0.927264 1.649308 -2.352863 3.128979 1.425410 -0.362013 1.068399 -1.173226 -2.963707 1.714495 1.886198 0.228883 -0.043913 -4.254289 -1.668815 -0.931017 0.467421
2 12.5511636423 6.0000000000 1.0000000000 0.8693853779 67.0000000000 5.6453536985 0.8893777698 6.2959092043 -0.0454710375 5.7258746932 -0.0469349407 39.6384727088 -659.8464584002 24.4084246551 6.2414796448 2.770070 -1.039254 -1.560304 1.911219 -0.253473 -2.737226 2.436961 -1.715003 -1.122942 -2.067040 0.717542 2.147363 -0.751009 0.792735 -0.942893 4.673216 3.005571 -1.190919 1.056682 1.879650 0.852571 -1.516314 -0.324734 1.453620 0.888166 -1.713645 0.893857 -2.029296 -4.264647 0.347726 1.902403 0.883795 2.938035 3.499033 0.707061 -1.286675 -0.094474 -2.898080 -0.072380 -0.181694
4 12.0677559592 6.0000000000 1.0000000000 0.8693853779 67.0000000000 5.6453536985 0.8893777698 6.2959092043 -0.0454710375 5.7258746932 -0.0469349407 39.6384727088 -659.8464584002 24.4084246551 6.2414796448 0.573759 0.103719 0.103102 -0.439175 -1.106513 -0.747822 -2.368834 -1.056346 -1.327068 -0.867473 -0.890488 -0.283918 0.904802 -0.618925 0.181594 0.540533 -0.628984 -0.289951 0.710741 -3.397839 1.314515 -0.944751 -5.000000 1.067683 -2.402703 1.783305 -1.969456 -0.421254 1.332316 -1.592496 -1.990840 -0.228254 2.740363 2.199307 2.801163 0.769416 0.976568 2.140619 1.137107 -1.609931
6 6.7120848741 6.0000000000 1.0000000000 0.8693853779 67.0000000000 5.6453536985 0.8893777698 6.2959092043 -0.0454710375 5.7258746932 -0.0469349407 39.6384727088 -659.8464584002 24.4084246551 6.2414796448 -1.008534 2.105020 -2.934107 3.148208 0.944675 3.353860 -3.382422 2.855615 1.857121 0.678940 -1.737564 0.709675 0.525618 -1.218070 -2.742104 -2.137250 -1.061401 2.273885 2.374116 3.381792 0.980563 -2.891060 -1.486202 -2.308089 -0.515348 2.753628 -0.357961 -0.861260 1.058145 1.466728 1.933432 -1.870548 -1.756417 -0.911457 1.486152 0.386596 -1.942647 3.793744 -1.086608 -0.247589
229 6.4475068898 6.0000000000 1.0000000000 1.3609244425 15.0000000000 6.1524291287 0.9723135191 5.6857069991 -0.3176024700 5.1851795387 -0.2556478345 32.3272640792 -1064.0041838512 26.5681663435 6.7580731774 -2.723219 -0.177901 -2.114109 2.305556 -4.448942 0.413096 2.551991 2.089916 -0.343273 4.748920 0.820690 -2.628280 2.506408 4.557509 -2.330529 -0.851269 1.994797 2.876973 5.000000 -0.671667 1.064889 -1.617217 2.964394 1.012216 -3.734168 -2.665645 -3.655850 -2.332924 2.403506 0.128450 -4.017725 1.235600 4.381935 0.171426 2.002495 -0.266545 -4.356065 -1.671325 -2.777204 1.146492
350 6.2871565831 6.0000000000 1.0000000000 1.2561781471 23.0000000000 6.0662733345 0.9583250594 5.5413713436 -0.1378292445 5.1162464727 -0.1296807937 30.7067963679 -966.9260818303 25.2621165975 6.4092454919 -4.910839 0.707414 -2.904279 5.000000 -1.428191 -2.257169 3.559540 0.723182 1.658635 5.000000 -2.264402 1.359964 -1.176576 5.000000 -0.900533 1.460552 2.531703 -2.887562 4.023354 0.413184 2.119733 -2.210065 4.218068 -3.150247 -3.465295 -2.301520 -0.020023 -1.225389 3.581435 -4.049411 -3.045740 -0.759336 0.518872 -0.942907 -1.831804 -1.803396 -3.090823 -2.955432 0.081523 1.063667
375 6.0911032850 6.0000000000 1.0000000000 1.2623709374 24.0000000000 6.0575579063 0.9568785710 6.5502301840 -0.0780294208 6.0022256185 -0.0872314411 42.9055154638 -929.7985439835 23.5269105921 5.9966574624 -5.000000 2.136720 -4.113951 5.000000 -2.690209 -3.053772 3.359427 1.263279 2.083851 2.774606 -0.478822 2.118604 -2.632508 5.000000 -0.264946 1.930980 1.945434 -2.136505 2.091403 0.166212 2.110221 -1.949885 3.892120 -1.612224 -2.795161 -5.000000 -2.583645 -5.000000 2.446971 -5.000000 -0.534099 1.325640 2.179034 -0.101347 -0.123005 -1.788032 -1.016203 -2.279152 1.929013 1.163713
1005 11.3143627996 6.0000000000 1.0000000000 1.0751546018 67.0000000000 5.6351545893 0.8875527290 6.9100535894 -0.0431477779 6.2878054057 0.0190140131 47.7488406087 -816.7999103475 25.7249498626 6.5257355983 1.420619 1.955004 2.374249 -0.666091 -4.916946 2.128585 2.749820 -1.784002 0.910791 2.924318 -0.923966 3.550307 -0.412704 3.800599 4.646116 -0.409239 1.877505 -0.724724 1.429447 -3.854148 2.815788 -1.361826 -1.221597 -5.000000 -5.000000 -0.417301 1.033041 2.032901 -0.126425 4.473345 -0.684922 0.693301 2.352058 0.607745 1.175401 -2.480420 -3.259067 -1.411366 1.357597 -3.654944
evaluations raw_y rep iid sigma t d_norm d_mean ps_norm ps_mean pc_norm pc_mean ps_squared loglikelihood mhl_norm mhl_mean x0 x1 x2 x3 x4 x5 x6 x7 x8 x9 x10 x11 x12 x13 x14 x15 x16 x17 x18 x19 x20 x21 x22 x23 x24 x25 x26 x27 x28 x29 x30 x31 x32 x33 x34 x35 x36 x37 x38 x39
1 10.4473156024 7.0000000000 1.0000000000 1.0751546018 67.0000000000 5.6351545893 0.8875527290 6.9100535894 -0.0431477779 6.2878054057 0.0190140131 47.7488406087 -816.7999103475 25.7249498626 6.5257355983 3.381051 -0.931875 0.065640 0.815033 -1.577846 0.004131 -0.001781 -3.509449 2.035316 1.200997 -1.250858 -0.343097 1.010599 -0.522713 -0.485498 -2.906483 1.109161 0.247762 0.548920 -3.053049 3.301399 0.308671 -0.774280 4.058144 -0.090772 -2.901357 -0.810456 -4.576630 2.098793 -0.832949 -1.485107 2.144940 -3.302151 1.070859 -4.128830 -1.324319 -2.408440 2.923951 3.532322 -0.658828
4 10.0324623023 7.0000000000 1.0000000000 1.0751546018 67.0000000000 5.6351545893 0.8875527290 6.9100535894 -0.0431477779 6.2878054057 0.0190140131 47.7488406087 -816.7999103475 25.7249498626 6.5257355983 -0.780773 -1.691845 1.274226 0.261246 -0.151628 1.562604 0.977251 0.724380 1.928401 0.567273 -1.233844 -0.724564 -1.041945 0.419444 -2.155970 -3.664852 0.176310 -2.673041 -3.903956 0.746662 -1.422106 0.992251 -1.061708 -2.243925 -2.487035 -1.029854 -0.546766 -1.646920 -0.562216 -3.072205 0.028978 -3.587297 -0.387713 1.394588 2.183878 3.428760 -3.112575 1.517450 2.412564 1.961114
9 9.3556825221 7.0000000000 1.0000000000 1.0751546018 67.0000000000 5.6351545893 0.8875527290 6.9100535894 -0.0431477779 6.2878054057 0.0190140131 47.7488406087 -816.7999103475 25.7249498626 6.5257355983 1.276505 0.443364 -1.817252 -2.318374 1.192281 -0.108380 -3.282866 2.342002 1.550658 -0.481908 -0.520528 0.462920 -1.374018 -2.696625 0.645036 -2.878173 0.781454 -2.882415 -0.198418 -0.271289 3.565259 -2.128767 -2.829892 -1.292355 -2.247465 -1.179525 0.841602 1.543955 3.319123 -1.473348 5.000000 3.964371 -0.407054 -4.582840 -0.166225 0.145015 -4.598498 0.147664 -0.400309 -1.571423
14 6.6892704618 7.0000000000 1.0000000000 1.0751546018 67.0000000000 5.6351545893 0.8875527290 6.9100535894 -0.0431477779 6.2878054057 0.0190140131 47.7488406087 -816.7999103475 25.7249498626 6.5257355983 -2.565221 3.352615 -1.494779 -1.565166 0.615516 2.901169 2.647952 -0.975639 0.510856 0.298591 1.059789 0.511409 -1.887657 -2.520380 0.351311 -2.367076 2.726447 0.079860 -2.052155 -0.643270 -1.014615 -0.262480 1.891698 -2.888856 -3.735153 0.676102 -0.354566 0.326450 0.889093 -0.362097 1.599379 -1.786003 0.128755 -1.661524 -2.259811 1.230898 1.138106 -3.883960 -2.243998 0.583969
16 5.1897099851 7.0000000000 1.0000000000 1.8963367566 1.0000000000 6.3125454537 0.9980816622 3.4170469244 -0.1608065523 2.8977846240 -0.1363700192 11.6762096832 -1276.7611029987 26.1662076003 6.6726299157 0.327079 1.881176 2.367198 1.535470 -2.226874 2.065861 1.350187 0.535241 0.713457 0.905313 1.552257 5.000000 -3.036280 -0.579341 -0.313882 -3.817990 0.849805 -0.697097 -3.905963 -2.225390 -2.007549 -3.380698 -1.799582 0.212870 -3.213267 0.025511 0.087878 -1.289942 0.179293 -0.495765 -1.587444 1.530891 -0.891647 -0.933168 -1.557634 -0.182817 -2.715687 1.395116 2.501964 0.956522
1005 14.0371826739 7.0000000000 1.0000000000 0.6237853175 67.0000000000 5.6153881388 0.8853712956 4.5990287991 0.2089126772 3.8977775086 0.2003746882 21.1510658950 -456.2872528041 24.2767472020 6.2056305056 0.877915 3.426491 1.063316 -2.774220 3.232971 4.860987 1.126295 -1.671610 4.295860 -0.931297 5.000000 4.497619 3.499641 2.106880 -3.569297 -0.057936 -1.285159 4.979005 -0.529469 -3.552561 -1.445772 -0.492868 0.614759 -2.783201 2.811652 2.887217 4.133758 0.743701 0.294357 -0.370635 2.222758 3.151012 -3.286292 3.647731 2.737913 -0.657387 0.168717 -1.723694 0.955739 -4.600103
evaluations raw_y rep iid sigma t d_norm d_mean ps_norm ps_mean pc_norm pc_mean ps_squared loglikelihood mhl_norm mhl_mean x0 x1 x2 x3 x4 x5 x6 x7 x8 x9 x10 x11 x12 x13 x14 x15 x16 x17 x18 x19 x20 x21 x22 x23 x24 x25 x26 x27 x28 x29 x30 x31 x32 x33 x34 x35 x36 x37 x38 x39
1 7.8167466615 8.0000000000 1.0000000000 0.6237853175 67.0000000000 5.6153881388 0.8853712956 4.5990287991 0.2089126772 3.8977775086 0.2003746882 21.1510658950 -456.2872528041 24.2767472020 6.2056305056 0.182409 2.182565 -3.893941 -2.772699 -4.592983 4.819669 3.455672 4.409113 1.589655 1.952842 -2.366854 3.832727 -2.246654 -1.328071 -0.756717 -1.583231 1.719096 -0.461578 -0.131322 -0.417272 2.693737 -1.213906 -0.348496 0.848103 -3.291980 -0.967082 1.070937 2.332281 0.323366 -1.345668 2.885048 -0.442961 0.062529 0.363859 -0.125857 -1.083137 0.949037 -2.329182 -1.001819 -0.817122
7 5.7207253524 8.0000000000 1.0000000000 0.6237853175 67.0000000000 5.6153881388 0.8853712956 4.5990287991 0.2089126772 3.8977775086 0.2003746882 21.1510658950 -456.2872528041 24.2767472020 6.2056305056 -2.243547 1.919886 2.582266 -0.483004 0.256999 2.897713 -2.720255 -2.274747 -0.896418 -0.228745 1.074814 0.326141 -3.885801 1.957484 2.266818 -2.088449 0.911016 -1.452350 -1.018342 -1.555627 2.948872 -1.927193 -0.286890 0.909205 -1.926798 -0.700553 -0.398237 3.224781 -2.735749 -0.161472 0.286882 -0.685288 2.595686 -0.134620 -1.001640 1.526683 2.417382 -1.814680 1.638825 1.324355
161 5.1756011163 8.0000000000 1.0000000000 1.6507243557 10.0000000000 6.2099244730 0.9815393123 5.7487881214 0.0448820852 5.3401381841 0.0253615389 33.0485648650 -1101.4340376800 23.0104832858 5.8664434709 -0.112637 4.837734 -4.273493 3.062216 -2.782300 1.966522 -5.000000 -3.682056 0.591672 5.000000 1.750639 4.268862 -3.040073 3.897651 4.239567 -2.251682 5.000000 -1.096957 -0.574590 0.081823 4.310672 -2.532414 -0.871523 1.335033 -4.548871 -2.005017 -5.000000 -0.485147 -2.652810 1.234539 -2.690514 -2.568273 -1.467165 -3.945718 -1.401314 2.864023 3.167644 0.233797 4.539944 -0.098099
1005 12.9055657513 8.0000000000 1.0000000000 0.6596903651 67.0000000000 5.6292813511 0.8870828093 4.7173589636 -0.0212168899 4.1576721296 -0.0237883198 22.2534755914 -558.0457810648 27.2536034979 6.9812567447 -0.302341 4.176078 -5.000000 1.653527 -3.313328 2.298531 -2.931919 -0.370324 -2.313536 1.266248 2.970464 1.073149 -2.210196 -1.196353 0.840226 -3.928368 1.906427 -2.171372 4.297852 -4.311284 0.089984 -4.637519 1.211802 -4.000501 -2.283857 0.855647 -3.104261 2.242408 -0.544522 -1.329350 3.509646 2.311973 -4.276298 1.794620 1.558082 -1.623281 -3.579572 -2.186601 -1.192454 -0.561490
evaluations raw_y rep iid sigma t d_norm d_mean ps_norm ps_mean pc_norm pc_mean ps_squared loglikelihood mhl_norm mhl_mean x0 x1 x2 x3 x4 x5 x6 x7 x8 x9 x10 x11 x12 x13 x14 x15 x16 x17 x18 x19 x20 x21 x22 x23 x24 x25 x26 x27 x28 x29 x30 x31 x32 x33 x34 x35 x36 x37 x38 x39
1 14.3143159912 9.0000000000 1.0000000000 0.6596903651 67.0000000000 5.6292813511 0.8870828093 4.7173589636 -0.0212168899 4.1576721296 -0.0237883198 22.2534755914 -558.0457810648 27.2536034979 6.9812567447 0.002217 -0.579088 -2.232133 -0.025766 -0.756723 -0.962271 -3.034662 -0.981744 -0.481361 -1.295895 1.271782 3.480235 0.593364 1.415007 3.645632 0.861538 3.085459 -1.801442 -0.274250 2.595158 1.350542 0.063916 1.836292 0.761019 1.032735 -0.710479 0.417554 0.656822 -0.996450 -4.183554 -0.165175 4.910365 -5.000000 -1.826559 -0.454629 0.538631 2.260923 2.084795 2.607621 2.778801
2 12.5170233766 9.0000000000 1.0000000000 0.6596903651 67.0000000000 5.6292813511 0.8870828093 4.7173589636 -0.0212168899 4.1576721296 -0.0237883198 22.2534755914 -558.0457810648 27.2536034979 6.9812567447 -1.312905 -0.112515 -0.999805 0.872839 -0.751626 -1.846123 3.834500 -0.300606 -1.277460 1.649541 -2.421677 -1.006811 -1.403831 -3.948542 -5.000000 -0.115364 -1.312373 -1.323413 1.538697 -1.798010 3.387276 -3.394670 -5.000000 -0.452301 0.794858 3.319407 -0.987494 -0.752195 -0.339480 4.834213 -3.617681 0.679502 -0.045460 -1.919994 -0.766229 0.219060 -1.710326 0.000443 1.327710 1.498962
4 11.0069635393 9.0000000000 1.0000000000 0.6596903651 67.0000000000 5.6292813511 0.8870828093 4.7173589636 -0.0212168899 4.1576721296 -0.0237883198 22.2534755914 -558.0457810648 27.2536034979 6.9812567447 -0.803530 3.880641 -2.488809 1.878620 -0.481616 0.541614 -2.191079 4.802686 -0.559819 4.061602 -0.163879 -2.437253 -1.613741 2.636084 -1.157277 0.164105 2.791821 2.163759 -2.033122 -0.583997 3.118716 -1.092600 1.921181 0.422421 -2.490743 0.609090 -1.196761 0.246132 -1.581674 1.287788 -0.119301 1.826493 -2.181155 -0.349701 2.130558 2.474460 2.039592 1.721375 -1.464868 0.880450
7 9.4685849123 9.0000000000 1.0000000000 0.6596903651 67.0000000000 5.6292813511 0.8870828093 4.7173589636 -0.0212168899 4.1576721296 -0.0237883198 22.2534755914 -558.0457810648 27.2536034979 6.9812567447 0.358509 -0.074016 1.685320 -1.626551 -3.345876 -1.701104 -0.563431 3.039863 -1.918388 1.450781 1.110857 1.659500 2.937716 -0.007645 2.114974 -1.967330 2.170721 0.731730 -2.185975 -4.472943 -0.246978 -0.356598 4.432841 4.505963 -2.012749 2.007745 -0.248402 -0.304936 -2.602219 -0.548492 0.742421 -1.242290 1.337779 0.243109 3.509028 1.592565 0.941816 0.317062 -0.750428 1.925895
19 9.4013422435 9.0000000000 1.0000000000 1.9038742142 1.0000000000 6.3125085383 0.9980722135 3.6308192828 0.0979455059 3.0790716437 0.0830614818 13.1828486640 -1316.5326045527 27.5510640821 7.0020604577 0.145075 -0.209713 2.981098 1.948420 -0.414801 -0.453389 1.253016 0.279878 0.989281 -0.465101 1.444600 0.172377 3.193394 2.570530 1.685311 0.606541 0.671169 5.000000 -5.000000 -3.374453 1.873856 -0.347854 3.756067 4.136425 -3.021066 0.058968 -0.771825 0.738633 -3.752892 -0.787282 -1.204281 -1.911315 0.604243 2.600723 -0.567707 1.246513 5.000000 1.712298 1.686414 2.469282
33 9.1211618635 9.0000000000 1.0000000000 1.8355448913 2.0000000000 6.3004959833 0.9961430000 4.3155829634 0.1681460372 3.7602464761 0.1459868219 18.6242563139 -1247.9499041269 25.8965321242 6.5997753692 -2.828044 -0.454261 0.412537 -1.995878 -2.997864 3.798821 2.969616 2.311484 -1.894734 -3.197029 2.453274 2.447615 2.706913 2.328504 -1.957342 -0.843289 -1.190025 0.066674 -2.116921 -3.840259 2.139339 0.401568 1.890628 1.340358 -4.938868 -1.027095 -1.125918 -0.288441 -0.064865 -1.826523 -1.796102 -2.782421 0.175557 0.309517 3.413043 1.784522 1.611393 -0.977539 0.880476 0.428639
43 8.3535083836 9.0000000000 1.0000000000 1.8355448913 2.0000000000 6.3004959833 0.9961430000 4.3155829634 0.1681460372 3.7602464761 0.1459868219 18.6242563139 -1247.9499041269 25.8965321242 6.5997753692 1.929340 2.426621 0.072946 2.036666 -3.242110 -0.184202 -1.279220 0.596631 -2.927350 2.562847 0.155608 -2.055038 0.736267 2.439590 0.669089 0.569976 1.486951 1.310234 -1.791343 -3.142014 4.042809 -2.859383 2.502948 3.628462 -5.000000 0.182201 -1.046991 -0.313904 -0.757248 -1.069307 -1.962233 0.943887 -1.031604 1.050123 -1.150299 -0.839711 1.593025 -0.393273 -1.256388 1.635923
69 7.9275345478 9.0000000000 1.0000000000 1.7165230730 4.0000000000 6.2765248961 0.9923080939 4.5499441766 0.0662329143 4.1253820583 0.0666451023 20.7019920100 -1200.6981395524 25.7610074672 6.5818098888 1.713799 3.967213 2.246190 0.954096 -1.766776 -0.549968 1.585487 1.406966 -0.820685 0.358511 1.803877 -3.044782 0.459180 0.675950 -0.783333 -2.728326 3.318688 0.550611 -4.741178 1.501612 2.453618 -4.853207 1.698758 3.373885 -1.795178 -0.580908 -0.259569 -1.501279 -5.000000 -2.949306 2.961173 0.633545 -0.104072 1.547948 -1.721399 0.704489 1.261523 -0.267137 -1.264162 0.554076
106 7.5426743958 9.0000000000 1.0000000000 1.5729110969 7.0000000000 6.2448318365 0.9872193731 4.5699086387 -0.1020604240 4.1620440154 -0.0792496416 20.8840649657 -1125.8405694768 25.0792468110 6.4193845921 1.239448 4.701235 2.648293 -0.189585 1.229132 3.912053 -0.631681 3.838533 2.733571 0.828368 -0.867900 0.500978 2.695745 2.220280 -2.098916 -0.348768 4.419223 0.847218 -5.000000 -1.517900 1.018685 -0.878309 -0.923409 -0.674405 -2.648782 -0.289514 -0.956917 -3.631383 -3.530144 -0.082100 0.071958 -0.480837 1.280940 -0.908442 1.774148 3.546291 4.656142 -0.778569 -2.024093 1.946126
210 7.1195149381 9.0000000000 1.0000000000 1.3811100431 13.0000000000 6.1744486662 0.9759133182 5.2386249476 -0.3779092427 4.8126030602 -0.3261093382 27.4431913411 -1041.1245438715 25.2609416149 6.4140192938 5.000000 0.788389 -1.779920 -1.742494 3.041840 1.291112 -1.544749 3.385602 0.618616 -0.460910 -0.886271 -4.252303 0.558515 0.954664 1.109356 0.011207 3.245047 0.341377 -3.605479 0.928934 -0.594477 -4.343553 -3.487317 -1.223812 -0.637723 -1.588733 -5.000000 -1.605274 -3.485165 0.054193 -1.433641 0.012936 1.219493 -1.528240 3.493258 0.395270 4.005114 -2.421263 -0.635884 -2.011978
236 7.0322981384 9.0000000000 1.0000000000 1.3458052078 15.0000000000 6.1523834374 0.9723648415 5.6864228307 -0.2539000838 5.2270476297 -0.2372470465 32.3354046092 -1004.3168166524 24.4556052640 6.2262502654 3.496089 1.593893 -1.681374 0.677612 4.644284 -0.295785 -1.637583 4.430860 0.106791 -0.179602 -0.221509 -5.000000 0.883507 -0.094821 0.591308 -1.010344 -2.557873 5.000000 -3.860102 0.006208 -1.390072 -4.147880 -0.890538 -0.395244 -2.579767 -2.830173 -2.190777 -0.834027 -4.535077 0.136046 -2.988744 -2.373891 1.272689 -0.121593 2.998760 -1.646895 2.430531 -2.886780 0.180571 -1.983610
289 6.4872066780 9.0000000000 1.0000000000 1.3364165745 19.0000000000 6.1131163966 0.9659347956 5.7473201310 -0.2463483521 5.5199079999 -0.2485597736 33.0316886883 -1005.0389429586 24.9858911752 6.3844793589 -1.851235 1.866769 -0.986082 0.049083 4.244988 -0.255713 -5.000000 3.590535 1.170913 -0.411276 -1.344174 -1.805909 -0.185218 -0.744499 1.209999 -2.131736 -1.838993 2.616824 -4.236627 -0.542545 -1.251634 -3.574461 -1.113606 -1.996425 0.753954 -3.248537 -5.000000 -4.308032 -4.635847 -0.242149 -2.350336 -0.334778 -0.493543 0.305482 4.327625 1.897271 1.568062 -4.268392 -1.459516 -4.383590
462 5.5578660768 9.0000000000 1.0000000000 1.2701704802 30.0000000000 6.0063510194 0.9484310091 5.9835193439 0.0776088886 5.6686455597 0.0418418584 35.8025037382 -929.0767418061 23.6729803496 6.0414999693 1.473749 2.905625 -3.166189 3.815855 -2.253800 2.025250 0.037768 2.426329 5.000000 -0.624447 0.254792 -1.138109 3.374302 -3.548240 5.000000 -1.712036 -3.255064 4.692185 -1.337312 -1.717819 -0.990344 -3.879241 -1.890473 2.133238 1.460956 -2.522536 -5.000000 -2.797850 -2.161082 2.031208 -3.956763 -2.506819 0.531852 4.944991 2.315468 4.567778 1.450789 -5.000000 3.062947 -2.402391
764 5.3856383112 9.0000000000 1.0000000000 0.9191121247 50.0000000000 5.7955736647 0.9140269183 5.3245973138 0.2054273473 4.8755426171 0.2080395774 28.3513365537 -722.5742803166 24.6390867121 6.2611751578 0.648779 3.395123 -2.814516 5.000000 -4.372840 -0.222130 -0.099530 -3.211213 0.733851 -0.214225 -0.482510 -0.451887 0.714221 1.443416 3.156662 -1.859802 -2.862845 0.946780 -3.534305 -2.512026 0.426884 -2.719046 2.020532 0.826842 1.811867 0.612613 -3.582318 -2.571944 1.236621 0.185117 -2.805529 0.164197 0.670881 3.985567 1.910792 1.440288 3.124073 -4.429413 0.140012 -0.218392
1005 19.5224701131 9.0000000000 1.0000000000 0.8373888718 67.0000000000 5.6333683622 0.8874272209 6.3426090321 -0.0385480438 5.7771410189 0.0105032369 40.2286893339 -637.4547902727 24.5391599866 6.2689969923 2.067226 5.000000 -3.896719 1.949538 -4.676814 1.796970 1.464129 -4.343114 1.929367 1.255164 3.732202 -0.763631 -3.195445 0.143358 1.261213 -0.009121 -1.627013 2.169755 -1.412171 -4.237001 3.462917 -3.438764 0.339383 0.821101 -2.078891 -2.007086 0.766571 -1.154909 1.189028 0.492921 -1.870842 -0.756102 3.595456 1.635718 0.797921 1.623767 5.000000 -3.704150 2.307041 -0.915328
evaluations raw_y rep iid sigma t d_norm d_mean ps_norm ps_mean pc_norm pc_mean ps_squared loglikelihood mhl_norm mhl_mean x0 x1 x2 x3 x4 x5 x6 x7 x8 x9 x10 x11 x12 x13 x14 x15 x16 x17 x18 x19 x20 x21 x22 x23 x24 x25 x26 x27 x28 x29 x30 x31 x32 x33 x34 x35 x36 x37 x38 x39
1 18.1899329601 10.0000000000 1.0000000000 0.8373888718 67.0000000000 5.6333683622 0.8874272209 6.3426090321 -0.0385480438 5.7771410189 0.0105032369 40.2286893339 -637.4547902727 24.5391599866 6.2689969923 2.663173 1.430558 -3.090801 -0.016768 1.242672 -1.440171 0.531023 0.217097 0.008583 -0.349200 0.866052 2.406075 -1.930131 2.056548 0.457260 0.890275 -2.273204 0.270274 2.969074 -2.159610 -3.955457 -3.486745 0.532140 4.769935 2.247383 3.345244 0.198298 2.795993 -0.542496 1.226408 -0.534634 -1.098618 0.265417 -0.952284 2.616946 0.390027 0.800420 -0.675265 2.512945 -1.463939
3 7.6836380466 10.0000000000 1.0000000000 0.8373888718 67.0000000000 5.6333683622 0.8874272209 6.3426090321 -0.0385480438 5.7771410189 0.0105032369 40.2286893339 -637.4547902727 24.5391599866 6.2689969923 3.970169 3.489628 -3.712371 -0.445547 -0.131696 -4.263424 -0.097661 0.786682 0.434530 -3.988788 2.215416 0.489088 -0.123824 -1.507786 1.423918 1.836538 -0.964186 0.179175 1.653997 -3.909024 0.234951 -3.814914 -1.845819 0.939503 -0.288734 -0.800277 -0.591968 1.696417 1.413661 -1.574538 0.585881 -0.941615 4.808651 -1.478713 -0.625658 -0.697764 -0.878052 0.282208 0.546099 -3.237141
18 7.1842938092 10.0000000000 1.0000000000 1.9073658020 1.0000000000 6.3127132140 0.9981061480 3.7295587056 -0.0045285215 3.1628063970 -0.0038403570 13.9096081382 -1248.2796476602 24.9021805817 6.3472547688 -0.051858 2.682608 -4.991600 4.993633 -3.426855 -1.470468 -1.902314 0.966947 1.304155 -3.404705 1.789101 -0.233120 -1.287382 -2.079265 -0.656324 2.520951 -3.014547 1.229770 1.402756 -0.070097 2.300443 -1.235391 -2.087682 2.037863 0.022093 1.509817 -2.016965 0.221130 -2.824529 0.149916 -2.781708 -0.015269 3.601051 -0.009549 -0.319294 1.146431 2.642690 1.731754 -0.051198 -0.925764
24 5.7250613045 10.0000000000 1.0000000000 1.9073658020 1.0000000000 6.3127132140 0.9981061480 3.7295587056 -0.0045285215 3.1628063970 -0.0038403570 13.9096081382 -1248.2796476602 24.9021805817 6.3472547688 2.347999 1.092989 -1.564407 1.733190 -2.085116 -1.656224 -0.600279 -2.570847 0.829042 -4.373386 -2.587738 -0.628693 0.927889 -0.837106 1.089026 2.053214 -0.819982 2.180516 -2.494885 -3.849352 -0.900433 -3.644930 -0.733583 -1.022380 0.916380 3.146252 1.930564 -0.132159 -4.067281 -0.298159 -2.139375 1.197406 0.120491 -0.073165 0.712122 0.574918 -0.705906 -1.129244 -0.744694 -0.229854
384 5.7245660726 10.0000000000 1.0000000000 1.2531695191 25.0000000000 6.0447470040 0.9548055013 6.0514377732 0.1164938375 5.5399531464 0.1126217230 36.6198991226 -1007.9459136303 26.9862264237 6.8528666668 0.942826 1.194217 -3.418390 1.434696 -2.124453 -2.336345 -0.061052 3.649479 3.730591 -4.207921 -3.806189 -0.572534 3.663910 -0.641981 2.335786 -3.315817 -3.000436 0.287955 -1.672111 -3.011484 -2.455993 4.091464 0.858595 -3.089909 -0.575020 0.469342 2.968726 2.996444 1.934522 -0.031576 2.099056 -2.469683 5.000000 -4.806729 -0.629008 5.000000 5.000000 0.643272 2.815314 3.488233
1005 13.0817746729 10.0000000000 1.0000000000 0.9169178857 67.0000000000 5.6501765553 0.8903342529 5.5623151882 -0.0360708885 4.9108179383 -0.0378362991 30.9393502528 -714.9358426972 25.3860745046 6.4581368822 3.307899 4.073386 -1.658354 -1.325708 -2.998385 -1.311992 2.944860 4.398354 3.148458 -2.106487 -1.867663 -2.860650 -0.063267 -3.919157 2.135820 -2.698008 -2.818103 0.852287 -3.679591 -3.358910 -0.122183 2.018415 0.807558 -4.276929 -3.623556 -2.063427 4.219121 -1.796478 1.818722 -1.867809 -4.189733 -0.641184 0.555619 -1.294358 -4.000328 2.198740 4.438934 -4.849332 1.058790 4.536690
evaluations raw_y rep iid sigma t d_norm d_mean ps_norm ps_mean pc_norm pc_mean ps_squared loglikelihood mhl_norm mhl_mean x0 x1 x2 x3 x4 x5 x6 x7 x8 x9 x10 x11 x12 x13 x14 x15 x16 x17 x18 x19 x20 x21 x22 x23 x24 x25 x26 x27 x28 x29 x30 x31 x32 x33 x34 x35 x36 x37 x38 x39
1 17.7921189939 11.0000000000 1.0000000000 0.9169178857 67.0000000000 5.6501765553 0.8903342529 5.5623151882 -0.0360708885 4.9108179383 -0.0378362991 30.9393502528 -714.9358426972 25.3860745046 6.4581368822 3.498909 -0.572146 -0.969130 -5.000000 -0.016569 -0.639263 -1.073259 0.630805 0.842101 -2.131206 -1.772479 -0.951467 1.379365 1.122384 -2.611097 -2.238951 1.473675 3.149268 -0.062150 -1.366893 2.191259 -0.619153 1.451504 3.098143 1.260160 0.146986 1.464543 -1.285151 -0.356186 -1.147909 -0.408751 -0.972990 -0.371551 -0.761073 0.177955 0.127343 0.592694 2.805542 -3.093725 2.591237
2 17.3223927423 11.0000000000 1.0000000000 0.9169178857 67.0000000000 5.6501765553 0.8903342529 5.5623151882 -0.0360708885 4.9108179383 -0.0378362991 30.9393502528 -714.9358426972 25.3860745046 6.4581368822 -0.474501 -2.464692 -0.344840 0.183677 2.135117 -2.123269 0.434696 0.235639 -3.368222 -2.371511 1.200204 1.391135 2.175422 1.067643 0.790424 0.245735 2.418203 -1.686132 -0.283787 0.770708 -3.154989 2.621887 -1.585730 -0.143499 4.313349 -1.658875 -1.058744 3.123407 -2.160388 -0.864115 1.032168 0.910786 1.187372 0.741013 2.690756 2.031884 1.190557 -1.365603 -1.427120 -3.816579
3 16.5170148715 11.0000000000 1.0000000000 0.9169178857 67.0000000000 5.6501765553 0.8903342529 5.5623151882 -0.0360708885 4.9108179383 -0.0378362991 30.9393502528 -714.9358426972 25.3860745046 6.4581368822 1.374625 -3.646019 1.758228 3.692730 -2.123309 -1.368969 -0.952429 1.660621 -1.726705 -0.261083 -1.046175 -0.502554 2.582549 -1.928410 0.143520 0.543213 1.717334 -2.528147 2.229741 0.869554 1.748546 0.143304 -3.278103 -1.294605 1.635539 0.073590 -0.097405 3.583062 4.403713 -0.074134 3.865811 -3.987143 -4.098115 1.734110 -0.523922 1.157942 1.033105 -0.178807 1.364259 0.301444
4 14.7939830320 11.0000000000 1.0000000000 0.9169178857 67.0000000000 5.6501765553 0.8903342529 5.5623151882 -0.0360708885 4.9108179383 -0.0378362991 30.9393502528 -714.9358426972 25.3860745046 6.4581368822 -3.064285 0.437737 0.371327 3.665553 -2.257789 0.033994 -0.848858 -0.265820 3.318409 0.757281 -0.929132 0.307682 1.532321 -1.988055 -0.528685 3.084418 1.712304 -0.089605 -0.954978 -0.308131 -3.102159 1.886072 0.682307 0.276546 -2.594845 -1.429925 1.028959 0.515433 -0.993461 1.010044 1.877566 -1.350041 -1.061716 -1.739724 -2.310528 1.593344 1.020056 0.677428 -2.344240 -2.091935
6 14.4126631140 11.0000000000 1.0000000000 0.9169178857 67.0000000000 5.6501765553 0.8903342529 5.5623151882 -0.0360708885 4.9108179383 -0.0378362991 30.9393502528 -714.9358426972 25.3860745046 6.4581368822 3.196100 3.407444 -3.179040 -0.754493 2.325011 -2.757717 -1.847991 -2.595027 -2.723868 -2.268371 0.353686 2.537851 3.056046 0.023776 -3.941144 -0.113265 -0.678405 0.704642 -0.256826 -3.592226 0.826567 -4.135671 -1.380222 0.623501 0.700733 3.142696 -4.724827 0.679968 1.378761 -0.654428 1.276063 -2.203997 1.314055 1.076430 -1.963259 -1.333280 -0.379648 -1.312171 2.088794 0.350335
8 13.2117617293 11.0000000000 1.0000000000 0.9169178857 67.0000000000 5.6501765553 0.8903342529 5.5623151882 -0.0360708885 4.9108179383 -0.0378362991 30.9393502528 -714.9358426972 25.3860745046 6.4581368822 0.503092 -1.574078 -0.588813 1.479401 -0.191272 1.086106 0.844770 0.063338 0.097662 3.723227 -0.341352 3.255344 -1.828001 1.458801 0.341811 -1.458509 -5.000000 3.189849 -2.310408 -1.926108 0.259260 0.114278 0.557592 -0.508156 -2.999232 1.734025 -1.809374 0.446580 1.148882 2.364450 -0.435807 -0.610878 -0.466624 -3.697170 -1.509633 -2.008768 -2.299726 0.335387 -0.622977 3.192530
10 10.5187104261 11.0000000000 1.0000000000 0.9169178857 67.0000000000 5.6501765553 0.8903342529 5.5623151882 -0.0360708885 4.9108179383 -0.0378362991 30.9393502528 -714.9358426972 25.3860745046 6.4581368822 2.030053 1.654722 -2.948405 4.172755 -0.329335 0.024471 -0.006018 -0.463902 -1.934196 -0.653921 2.644684 -2.724291 -4.864508 1.069946 0.675318 1.455726 3.454381 -1.450582 0.354324 1.005139 2.463248 2.051846 -1.686017 -2.755008 -0.545360 -3.225738 2.219090 -0.789579 -0.712224 -1.779990 3.047086 0.575709 -0.824678 1.222865 -0.170952 1.186996 2.637623 -0.529769 1.024272 0.955771
30 8.5806171320 11.0000000000 1.0000000000 1.8763711466 1.0000000000 6.3120543296 0.9980059340 2.8466630292 0.0634935009 2.4140775758 0.0538448827 8.1034904016 -1284.2265717484 26.7006212080 6.8285628240 1.978487 0.854009 1.064455 -1.083270 -3.024170 4.353469 -0.023864 2.449636 -1.768150 1.427015 1.330057 2.327551 -3.156524 1.113481 1.196250 -0.640166 -1.197509 -3.797624 -3.258285 0.757377 0.661974 1.426884 1.822862 -1.904626 -0.977821 -4.205875 0.709475 -0.072252 -0.027018 -0.289273 5.000000 0.569452 -2.725217 -0.293038 -3.738209 -0.037091 1.401578 -1.796614 -0.844065 3.431345
33 7.8557571075 11.0000000000 1.0000000000 1.7969011650 2.0000000000 6.3002045149 0.9961094684 3.9530915037 0.0469406067 3.4113082744 0.0419901683 15.6269324367 -1249.9868424468 26.4581578960 6.7744645965 3.168957 2.712277 -0.069673 0.004902 0.355077 3.537252 -0.605402 1.258059 0.165053 -0.863729 0.227310 0.386237 1.653211 1.937480 0.739182 -2.344646 -3.816896 -0.100296 -2.170578 3.146643 0.577420 1.905038 1.042268 -0.644894 1.871023 -1.156321 3.947573 0.020192 0.634176 -0.055200 2.375240 -1.370062 -0.898332 0.981073 1.838747 -0.319034 -1.386968 0.885798 -0.608623 4.101328
46 7.7300756551 11.0000000000 1.0000000000 1.7314147690 3.0000000000 6.2876099432 0.9940946701 4.2845826679 0.2076478702 3.7073951487 0.1782104292 18.3576486382 -1257.5854620392 27.6290039496 7.0128459310 2.348082 2.601506 -0.918967 -1.885368 -0.092821 4.464171 0.139169 1.074537 0.708478 1.869843 -0.738536 -0.737192 -0.959114 0.974828 -1.630084 -0.457873 -3.826957 -1.984722 -5.000000 -0.929134 1.418770 1.143337 -0.362895 -4.964507 3.348534 -2.341683 2.812461 -2.110721 -2.702209 1.245966 4.189760 0.179550 -3.725960 1.428695 -2.295375 1.104590 -3.372474 1.130420 1.149235 3.420079
145 7.5864487912 11.0000000000 1.0000000000 1.4650598645 9.0000000000 6.2156696359 0.9825676138 4.5362967986 -0.0042674345 4.1734952484 0.0013530854 20.5779886451 -1075.8439769417 24.9458527295 6.3993535329 -0.851014 2.059222 -2.263912 -0.867223 0.157869 1.497564 -1.396669 -1.683425 -0.796459 0.882331 1.958237 0.357981 -0.514810 2.263360 1.607732 -0.391452 -2.631193 -2.297520 -3.251791 5.000000 0.348640 4.782979 2.131670 -4.676992 1.401472 0.341819 2.259956 -0.785105 0.934726 1.791488 3.846333 0.520421 -5.000000 4.595562 -4.973830 0.329562 1.318041 -2.181024 -0.569512 3.728614
172 6.6133604306 11.0000000000 1.0000000000 1.4140895203 11.0000000000 6.1993620872 0.9799104801 5.9098049587 0.1055838216 5.2933194784 0.0923038828 34.9257946493 -1062.5276164192 25.2617363623 6.5044467367 -2.054931 1.926943 -3.839623 -0.532741 -1.935915 4.237041 0.697465 -3.318800 1.672080 0.639261 0.471527 -1.500379 -2.376706 3.251793 1.569652 0.537764 2.433735 -3.132934 -3.416964 1.896971 2.998901 2.472067 2.090070 -1.693782 -0.881812 -0.295703 -0.245357 2.592812 1.041000 3.118355 3.123787 0.209202 -5.000000 3.995049 -3.438821 0.069795 0.946846 -1.064317 0.110843 4.473180
420 6.3392159544 11.0000000000 1.0000000000 1.2082946845 27.0000000000 6.0317710098 0.9526696745 5.7048645393 0.1245914704 5.2441777811 0.1639752711 32.5454794116 -950.6614503144 25.7091937999 6.5716954550 -2.351709 -2.254346 -0.970102 4.777453 2.980127 0.671473 0.416842 0.457670 3.716155 2.672476 5.000000 3.196865 -2.250403 4.003537 -0.352386 -1.837501 1.344109 -1.217290 -4.315923 2.366584 2.119308 3.690412 2.084001 -3.131084 -0.228757 0.438652 1.205934 3.287285 3.218139 -1.951837 -1.640018 -1.484830 -0.306041 0.912945 -0.241012 1.236647 2.335241 -0.269960 -0.638526 0.330519
482 5.8807446768 11.0000000000 1.0000000000 1.1695842654 32.0000000000 5.9823750574 0.9446741300 5.7947333209 0.1357853701 5.1706646029 0.1579433057 33.5789342605 -897.8108368502 24.6019107575 6.2716095529 -4.304509 -0.894182 -0.305035 3.530863 1.468167 3.259534 1.049768 0.005679 1.531066 2.227832 2.530513 0.734525 1.154147 4.537724 -2.747715 -0.165530 0.922298 -1.265015 -3.706970 3.965732 3.156156 4.393092 2.619133 -3.697644 4.588355 0.528231 0.248860 2.003717 1.081414 -2.714282 0.479489 1.386695 -2.985102 1.436303 -0.046593 2.045419 2.887902 -2.425098 2.641797 -2.270206
1005 16.1731389015 11.0000000000 1.0000000000 0.8841939642 67.0000000000 5.6428303515 0.8894720628 6.8671674616 0.1889513153 5.8381083934 0.1144560344 47.1579889461 -691.0916142140 25.2298108415 6.4781316393 -3.566170 -2.404000 -1.729435 1.507893 0.023060 3.168843 4.872795 -2.015472 1.768462 -1.779520 -1.150268 -0.412931 3.339318 3.206096 -3.020337 0.123094 1.895324 -2.762691 -3.878279 3.524736 1.419855 3.070972 2.095105 1.148575 3.563658 4.904868 -4.378794 2.833760 2.793420 -4.441138 3.281476 3.913233 -1.718022 1.944811 0.320949 -1.029312 2.335687 -1.455418 4.260999 -1.886035
evaluations raw_y rep iid sigma t d_norm d_mean ps_norm ps_mean pc_norm pc_mean ps_squared loglikelihood mhl_norm mhl_mean x0 x1 x2 x3 x4 x5 x6 x7 x8 x9 x10 x11 x12 x13 x14 x15 x16 x17 x18 x19 x20 x21 x22 x23 x24 x25 x26 x27 x28 x29 x30 x31 x32 x33 x34 x35 x36 x37 x38 x39
1 10.4136822849 12.0000000000 1.0000000000 0.8841939642 67.0000000000 5.6428303515 0.8894720628 6.8671674616 0.1889513153 5.8381083934 0.1144560344 47.1579889461 -691.0916142140 25.2298108415 6.4781316393 0.945972 -1.362852 0.484879 -3.401471 1.506286 -3.069443 0.010254 -0.240455 -1.613964 5.000000 -1.195646 0.944914 2.191912 -2.430338 2.684713 -0.244300 2.025031 -1.827738 -2.059060 2.419593 1.003745 0.277692 1.281522 1.054665 -2.308720 -4.426667 -3.363513 -3.576189 -4.437070 -1.294862 -1.056809 -0.078418 0.429952 -0.768718 -0.507808 0.146504 -1.994408 -1.427713 0.070833 -1.355891
24 8.9508590286 12.0000000000 1.0000000000 1.8915659125 1.0000000000 6.3118339078 0.9979661664 3.2812998618 -0.0970540156 2.7826659969 -0.0823054645 10.7669287829 -1289.9470913674 26.7357263646 6.8455093362 0.618950 -2.564203 0.776048 0.372291 -0.513535 -3.776433 0.131995 3.641668 -1.988180 2.339616 1.399125 2.966105 0.300237 0.793634 0.499930 0.517080 1.538243 0.969866 -1.507349 2.408588 1.566728 -3.363555 -0.082482 1.284916 -0.675285 2.463125 1.871934 0.599217 -2.779308 0.423151 -4.048849 -0.379011 2.674989 1.462046 -0.801084 -1.292019 -2.664788 0.897723 -1.422377 -0.956134
32 6.9523316040 12.0000000000 1.0000000000 1.8124684976 2.0000000000 6.2980648217 0.9957686618 3.9833116261 -0.0179826752 3.4561231422 -0.0188961742 15.8667715107 -1267.1469481188 26.9428731140 6.8649371083 -1.741323 -5.000000 1.496697 0.286153 0.519147 -1.814218 -2.123814 0.489818 -4.162413 5.000000 1.387175 0.393535 1.536197 -0.593872 5.000000 3.563583 2.337540 1.088428 1.991678 -0.622133 -0.971170 3.579662 -0.875510 0.969149 0.859280 1.451804 -2.894706 2.442100 -1.570176 -1.242480 -4.841036 -2.979148 -2.179632 -1.598301 0.358779 2.167236 -3.454777 0.511683 2.554068 -0.187934
49 6.9339649999 12.0000000000 1.0000000000 1.7609866340 3.0000000000 6.2865417651 0.9939193776 4.7323641185 0.0538365642 4.1846461887 0.0408898660 22.3952701497 -1196.8295072821 24.9511205197 6.4051392682 -0.045392 -5.000000 -0.075327 -0.758027 1.183345 -2.914740 -0.977256 0.351100 -3.988362 3.469217 -3.866513 1.808665 -0.207742 -2.542173 2.296652 -0.281695 -0.170026 2.042975 0.853601 0.563861 0.958082 5.000000 -0.200539 0.919404 -3.029179 1.758637 -1.052162 1.326085 -2.673115 0.151552 -2.798552 -2.221822 2.679354 -3.254813 0.509370 -0.259087 0.577432 -0.283133 1.970495 -1.903620
162 6.5894072850 12.0000000000 1.0000000000 1.4990556445 10.0000000000 6.2094958297 0.9815090641 4.8273476651 0.0020137027 4.2892043411 -0.0055840346 23.3032854794 -1085.1729009168 24.8024772138 6.3462671498 -2.657480 -1.127397 2.130387 0.800364 -1.440496 0.017440 1.859425 2.131348 -0.127897 3.347445 -1.849818 2.293387 -1.140851 -2.548603 1.979975 -0.069150 -0.444057 -0.372334 0.067019 2.671137 -1.963527 2.148315 -1.479107 1.102157 0.262353 3.211533 0.409492 0.845827 -0.411589 -2.431713 -0.284495 0.697384 -2.965694 -0.368281 0.674126 -0.511557 -3.342836 -1.717437 1.353462 2.686017
275 5.8040857692 12.0000000000 1.0000000000 1.3474316101 18.0000000000 6.1200811824 0.9670053404 6.4344599742 -0.1620319393 6.0976109436 -0.1436932627 41.4022751591 -1001.1755357948 24.4961243837 6.2372049741 -3.574368 -2.013126 2.155843 2.646607 -1.488138 1.935372 1.891659 2.720748 -2.729383 1.114818 -2.046997 -0.571093 -2.139423 -5.000000 3.532844 -1.924723 0.401987 -2.147991 -2.257899 2.161012 -4.403953 3.981604 -0.270280 -1.933881 4.355986 0.064244 2.570463 0.765548 -3.540561 -5.000000 -4.184784 3.001235 1.549660 -1.881848 0.006639 -0.121448 -3.071499 -4.578763 4.199110 0.459466
1005 15.1144830608 12.0000000000 1.0000000000 0.8080317214 67.0000000000 5.6463880655 0.8896976613 5.7264467338 0.3215073804 5.0666360191 0.2678388635 32.7921921949 -629.8887332438 24.7620004929 6.3425069319 -2.741349 0.442748 3.640080 1.984322 2.604753 3.499727 -1.598263 0.672751 -3.724519 0.488383 0.385782 -3.586162 2.303054 -3.311484 4.344749 2.642360 1.546674 -1.164219 -1.908338 4.073213 -1.112314 0.517899 1.063481 -3.698701 -2.271846 -1.822928 1.196784 -0.772972 -1.442592 -2.038668 1.611398 0.260862 -3.361604 -3.488343 3.515657 4.937464 -1.616973 -0.737091 4.213221 2.772098
evaluations raw_y rep iid sigma t d_norm d_mean ps_norm ps_mean pc_norm pc_mean ps_squared loglikelihood mhl_norm mhl_mean x0 x1 x2 x3 x4 x5 x6 x7 x8 x9 x10 x11 x12 x13 x14 x15 x16 x17 x18 x19 x20 x21 x22 x23 x24 x25 x26 x27 x28 x29 x30 x31 x32 x33 x34 x35 x36 x37 x38 x39
1 14.7652474872 13.0000000000 1.0000000000 0.8080317214 67.0000000000 5.6463880655 0.8896976613 5.7264467338 0.3215073804 5.0666360191 0.2678388635 32.7921921949 -629.8887332438 24.7620004929 6.3425069319 -1.424781 1.507533 -0.089006 0.903625 2.690203 1.064676 2.700376 1.722423 2.957371 -2.090754 -1.577978 -2.523212 1.125694 -0.486653 1.827481 0.634702 0.254607 4.300766 1.212577 -0.053543 -1.968322 2.381411 1.905661 -2.174363 -0.290423 0.475716 -3.278187 -0.556269 2.798477 -3.230216 0.981744 3.785484 -1.241959 -0.907505 0.434903 1.028658 0.794483 -3.025690 -1.528068 0.202540
3 11.8573291557 13.0000000000 1.0000000000 0.8080317214 67.0000000000 5.6463880655 0.8896976613 5.7264467338 0.3215073804 5.0666360191 0.2678388635 32.7921921949 -629.8887332438 24.7620004929 6.3425069319 1.629991 -2.370838 -1.537254 1.458331 1.531822 0.415600 -4.374231 1.443930 0.697501 -0.677237 -3.890781 1.661811 3.498484 1.002275 2.660634 -1.315035 0.369892 -1.302113 -2.241014 -0.693214 -1.822690 -1.492271 -1.541937 -0.827907 -0.583623 0.253545 -2.494672 0.634342 -3.636843 0.111384 0.161732 -4.639695 -0.682242 2.179692 0.901062 -0.988597 -1.093153 0.584053 0.308409 1.634611
9 9.0758573925 13.0000000000 1.0000000000 0.8080317214 67.0000000000 5.6463880655 0.8896976613 5.7264467338 0.3215073804 5.0666360191 0.2678388635 32.7921921949 -629.8887332438 24.7620004929 6.3425069319 3.434352 1.555697 1.892696 0.785096 1.724803 1.046490 0.403139 -0.330071 -1.925322 -1.402736 -0.061336 -1.762925 0.706422 -1.782588 1.581940 -2.783532 0.660605 2.559017 1.734425 -1.041918 2.640810 0.081331 0.730104 -0.090412 -3.477036 1.140987 0.869952 1.517789 -1.947676 1.609770 -1.289238 -2.340489 -2.051822 0.411632 -0.808715 3.083615 1.600306 2.294618 -0.324497 -2.149494
13 9.0083914783 13.0000000000 1.0000000000 0.8080317214 67.0000000000 5.6463880655 0.8896976613 5.7264467338 0.3215073804 5.0666360191 0.2678388635 32.7921921949 -629.8887332438 24.7620004929 6.3425069319 1.514223 -2.417145 1.877207 -2.293377 0.461640 1.093516 -0.815233 -1.336616 0.522879 0.937869 0.223261 0.565981 -2.939269 -0.292739 -2.167183 -0.000299 -2.305452 -1.826893 -2.105336 -1.117221 -0.878666 -0.570578 0.823888 -2.222869 2.829007 -1.092530 -1.911739 0.200711 -1.235378 -1.357637 -0.029289 -2.922182 1.594340 -3.143008 -1.780430 1.713620 1.822750 0.282579 -3.231768 -1.175531
22 8.9163941202 13.0000000000 1.0000000000 1.8596749456 1.0000000000 6.3104704899 0.9977595987 2.3650013096 -0.0915398667 2.0056102777 -0.0776292583 5.5932311946 -1233.6049610220 24.9788901646 6.3857575825 2.569020 -2.485047 0.249082 0.788249 1.861814 1.535288 3.658379 -4.027536 2.471408 -0.852157 1.118280 0.560752 4.065649 -0.111688 -2.278793 -3.587609 1.241223 2.511539 0.590564 -3.538483 -2.123680 3.511296 -0.099941 0.045615 -1.475565 1.155466 -0.257907 2.773158 -1.931197 0.482484 0.300856 -1.972752 -0.287628 -0.096239 -2.571579 1.254853 1.032775 2.718632 -2.977981 -0.337233
39 8.7679836509 13.0000000000 1.0000000000 1.7582760381 2.0000000000 6.2973148163 0.9956537926 3.2637460509 -0.1203663130 2.7971661759 -0.1047034038 10.6520382845 -1267.5544721024 27.6228111307 7.0722802841 -0.614858 -3.786600 1.505626 1.171422 1.469302 2.966487 0.899185 1.158322 -0.007370 -0.334373 -0.844838 1.679796 -0.212739 1.567638 -2.459781 -3.684180 -0.098887 5.000000 -0.448241 -5.000000 -3.260731 -1.219610 -0.831450 -1.315810 2.109375 -1.406995 1.739555 2.250042 -2.349812 1.443717 1.925851 -0.702973 -2.798074 1.726169 -2.303297 -0.526507 2.000536 2.517150 0.389504 -1.080393
56 8.2930499504 13.0000000000 1.0000000000 1.7186411338 3.0000000000 6.2869998527 0.9939866127 5.0565427382 -0.1053208406 4.3812406609 -0.0954050821 25.5686244634 -1191.8898362328 25.2865989273 6.4542869773 -3.121242 -2.776400 0.067030 -0.961825 2.080211 1.713621 2.083447 3.006147 1.794552 -3.645359 -0.783193 1.608579 3.187400 0.720617 -3.719352 -1.637302 0.681796 3.628265 -0.519997 -3.032430 -5.000000 -2.049602 0.324385 -0.868704 -0.942157 -0.082995 -0.595591 0.139314 -4.704596 2.717076 3.240935 -1.752287 -2.401050 -0.955816 -0.111999 0.114208 -1.484345 0.035052 -0.981542 1.004989
61 6.7212135110 13.0000000000 1.0000000000 1.6883385485 4.0000000000 6.2754384731 0.9921303877 5.3265754222 -0.1209663974 4.7085987816 -0.1103799187 28.3724057279 -1183.7389617229 25.4733046475 6.5076869135 -1.258729 1.406883 -3.275783 1.989392 2.583188 3.387884 2.928768 0.906826 -1.089296 -1.715081 -1.088471 -1.022041 2.823679 2.265090 -4.038980 -5.000000 3.337315 2.024975 -0.412472 -5.000000 1.640006 0.187353 -0.775801 0.376612 -0.851866 -2.961901 -0.128112 3.265624 -0.393390 0.830320 0.896226 0.149999 1.319375 -0.359673 -0.194264 -0.801832 -1.050707 0.074130 -2.060910 2.668887
78 6.0548068570 13.0000000000 1.0000000000 1.6481433114 5.0000000000 6.2641090434 0.9903019974 4.9867190137 -0.1226910919 4.4529160850 -0.1142479873 24.8673665218 -1197.0697473615 26.6180106539 6.8100151939 -2.269661 -0.550242 -0.491069 -0.186489 -2.450065 4.332944 2.867963 1.755556 2.989814 -1.326481 -1.849712 0.698199 -1.465742 2.842528 -5.000000 -4.514566 5.000000 1.934948 0.230494 -4.559645 -1.959671 2.072994 -0.661914 -1.055184 -3.147460 -1.738107 1.100501 0.796958 -0.584807 3.153085 2.850424 0.247812 1.439685 0.205501 -3.046415 -0.666557 -3.159345 -0.398441 -0.201486 2.228875
92 5.6029272620 13.0000000000 1.0000000000 1.6280367227 6.0000000000 6.2534326817 0.9885771258 5.6237454841 -0.0283974001 5.0825507982 -0.0377646205 31.6265132698 -1148.7714741340 25.0960102184 6.4028424282 -3.819181 -0.410508 0.835939 -0.282198 0.820615 4.203972 1.408882 0.419090 3.629782 0.979869 -3.189299 3.613292 -0.418743 2.286832 -5.000000 -3.490814 2.113505 -0.879986 0.848450 -4.131620 -0.558648 3.539518 0.060747 -1.388349 -2.240227 -2.450579 0.426735 -0.843333 0.316620 -0.207069 2.298488 1.599184 -1.415047 -0.674583 -3.132344 -1.840965 -1.926705 0.464651 1.288225 -0.452328
819 5.0400002472 13.0000000000 1.0000000000 0.8530948821 54.0000000000 5.7641640982 0.9093119058 4.9871321259 0.2669567398 4.5102685153 0.2532431067 24.8714868411 -676.7427631973 24.8178731810 6.3601516110 2.942166 -0.346065 -3.041917 0.964848 -1.260902 4.224434 -1.564101 2.505978 5.000000 -2.429992 -1.285542 -0.557435 -1.415979 2.595126 -2.182523 0.071317 3.682973 1.158118 2.343764 1.595321 3.043926 4.583432 -0.542800 -2.707869 -0.624912 2.644980 -0.721060 -3.114610 3.220999 0.792841 1.454839 3.284307 2.972093 1.236607 0.238657 2.801022 -2.306844 -2.599048 1.399959 -0.509398
1005 12.2080812444 13.0000000000 1.0000000000 0.7248199035 67.0000000000 5.6294942776 0.8874326966 6.3358855959 0.2319037467 5.6214643173 0.2209724332 40.1434462840 -566.7278824593 25.2464209960 6.4440433048 2.659791 0.009465 -5.000000 2.943032 -1.199079 3.656434 -0.831650 3.728295 5.000000 -3.323571 0.845954 -0.271250 0.833928 4.071590 -2.285420 2.436142 2.918247 1.097908 2.197917 2.075685 -1.314639 3.209304 -1.384136 -3.882329 -0.511321 2.622867 -1.994750 -1.711373 5.000000 0.463499 -0.623201 3.579822 0.771955 -0.105942 -1.006600 3.977585 -1.209774 -1.341321 1.491849 -2.439084
evaluations raw_y rep iid sigma t d_norm d_mean ps_norm ps_mean pc_norm pc_mean ps_squared loglikelihood mhl_norm mhl_mean x0 x1 x2 x3 x4 x5 x6 x7 x8 x9 x10 x11 x12 x13 x14 x15 x16 x17 x18 x19 x20 x21 x22 x23 x24 x25 x26 x27 x28 x29 x30 x31 x32 x33 x34 x35 x36 x37 x38 x39
1 17.1002862599 14.0000000000 1.0000000000 0.7248199035 67.0000000000 5.6294942776 0.8874326966 6.3358855959 0.2319037467 5.6214643173 0.2209724332 40.1434462840 -566.7278824593 25.2464209960 6.4440433048 3.102678 0.158372 0.347953 -0.144673 -4.008659 0.289356 -3.002337 0.422219 -1.116410 2.169058 -0.372578 0.029323 -2.151139 1.284504 -0.360673 1.240601 1.621949 1.555872 -0.474979 -3.783825 -2.344244 1.672414 2.018547 2.586199 -1.098662 -1.963426 1.829346 1.746141 0.044222 -0.008287 -2.698252 -0.416436 2.653081 -1.832521 -0.940026 -0.298885 -0.650520 -3.611447 -1.000740 -1.129561
2 13.5810020388 14.0000000000 1.0000000000 0.7248199035 67.0000000000 5.6294942776 0.8874326966 6.3358855959 0.2319037467 5.6214643173 0.2209724332 40.1434462840 -566.7278824593 25.2464209960 6.4440433048 -0.628857 -0.793354 0.011866 -1.994276 3.382195 -0.632882 2.930269 2.927203 0.257823 -2.356486 -4.333018 -3.043626 -0.585776 0.320977 -1.565702 -1.034804 5.000000 0.550408 -2.423185 1.174485 -1.963673 -4.877099 0.272235 -1.615176 0.040162 3.519721 0.105795 -1.799621 3.176899 -4.352323 -2.434431 2.708939 2.954455 -0.652441 -1.567738 0.501862 0.467144 0.151110 -1.135736 -2.784895
5 8.2061906892 14.0000000000 1.0000000000 0.7248199035 67.0000000000 5.6294942776 0.8874326966 6.3358855959 0.2319037467 5.6214643173 0.2209724332 40.1434462840 -566.7278824593 25.2464209960 6.4440433048 -0.886445 -1.276150 -1.341058 -0.323441 -1.456873 -1.719196 -0.043791 -0.185261 -1.287170 0.585548 -1.146496 0.546081 -0.279391 2.042298 -3.905162 3.208169 -1.159593 2.150269 -1.495657 -0.675695 0.570313 -1.170357 -1.422365 -0.794318 2.624183 -3.945430 -0.531741 2.450658 -1.010807 2.723290 -4.965571 -3.194643 -1.496752 -2.195579 -1.955386 0.722552 -2.787243 0.091457 0.023384 -0.905595
10 7.3109218739 14.0000000000 1.0000000000 0.7248199035 67.0000000000 5.6294942776 0.8874326966 6.3358855959 0.2319037467 5.6214643173 0.2209724332 40.1434462840 -566.7278824593 25.2464209960 6.4440433048 2.816760 0.655213 -0.795882 0.079998 -2.374929 -3.811272 -3.276944 0.505320 -2.140447 1.041465 1.559857 0.303679 -1.839793 -1.352217 -1.761890 0.087800 2.254700 0.317521 3.817634 0.706096 -1.194128 -3.065391 -1.893204 -2.985107 0.816396 -0.299958 3.700197 1.339938 1.473366 -1.800008 -1.336137 1.044808 0.250780 -1.615918 -1.021664 0.419781 1.415537 0.789079 -0.613941 -0.509267
26 6.4164240215 14.0000000000 1.0000000000 1.8737625506 1.0000000000 6.3109831152 0.9978356137 2.7716919196 -0.1555879698 2.3504992482 -0.1319444645 7.6822760969 -1280.9719024971 26.6315325345 6.7901864743 2.337359 1.373709 -0.805418 -1.552009 0.992973 -1.163989 -0.865654 4.781786 -0.380934 -0.863317 -0.617210 1.344928 0.098048 -1.363020 -1.092831 2.281449 0.022758 -1.292114 -0.446728 0.279198 -1.457501 -0.819151 1.587927 -2.030797 0.968920 1.355168 -2.638907 -1.157234 0.985502 -1.037530 0.006826 0.397764 -3.594510 -2.442367 3.170850 -1.240529 3.916410 0.715274 0.540206 -4.816398
48 6.1374989524 14.0000000000 1.0000000000 1.7216287010 3.0000000000 6.2855699289 0.9937650849 4.4566319068 -0.0905546045 3.8934420547 -0.0876545542 19.8615679528 -1253.8203251539 27.6188354955 7.0456152486 3.366062 2.572418 -1.786816 -3.275534 -0.905004 -3.624903 -1.286300 -0.487139 -0.496547 -0.763530 1.212853 2.819227 -0.904186 3.397770 -3.293436 0.751345 0.879280 1.183212 1.692341 -2.965778 -1.130350 1.775512 -2.118593 -1.211665 -0.822505 -2.096376 0.252566 -1.262110 -0.854011 1.312286 -2.267345 -1.928553 -2.528300 -3.298444 -0.399526 2.397156 4.089304 3.541938 -0.978948 -3.513261
199 5.6234661271 14.0000000000 1.0000000000 1.2615149768 13.0000000000 6.1685999923 0.9749593882 4.6118912300 0.0102205588 4.2338392965 0.0124927902 21.2695407178 -954.8278531035 23.9370841758 6.1452991018 -0.568697 0.113099 4.440713 -3.391450 1.512064 -3.839213 -1.741747 -1.080333 -1.199615 0.038265 0.763325 -1.793193 -1.326266 3.346448 -2.146294 -1.125372 2.535492 1.104314 0.994030 -0.043146 -0.066209 0.269964 -0.939511 2.469889 -1.542013 -0.880970 -0.269390 -0.150035 1.028677 2.589113 -1.758469 -2.816115 -0.535955 -2.922774 -1.464625 -0.609644 4.586003 5.000000 -0.750803 1.521854
274 4.5182470853 14.0000000000 1.0000000000 1.1536025251 18.0000000000 6.1157937384 0.9664833292 5.8354672983 0.0064367164 5.3909302853 0.0065415875 34.0526785900 -907.0864562096 24.5147388530 6.2859177543 -3.115801 1.689113 3.973637 -3.193490 0.551288 -4.531213 -5.000000 -1.282730 -0.698184 -0.474656 2.176583 1.109156 -0.379552 4.056313 -2.354091 1.405810 3.113008 3.093196 1.358466 -0.979867 -1.272652 0.411020 -5.000000 3.327909 -0.680367 3.130061 -2.086065 0.087799 0.366516 1.772778 -3.434559 -3.243252 -2.925865 0.104614 -1.691344 2.266630 4.883368 5.000000 -0.104741 -1.665012
615 3.8554345276 14.0000000000 1.0000000000 0.8643305940 40.0000000000 5.8807484894 0.9283990644 7.0074235066 -0.0980415009 6.3817833448 -0.0983025638 49.1039842006 -722.1650649962 25.6223432761 6.5419920651 -4.735686 -0.784123 0.276536 -1.986355 3.566994 -3.340865 -3.224369 3.901107 -0.139945 -0.992082 1.746695 0.140583 -0.487562 3.582732 -3.582367 1.075844 -1.145086 1.311369 3.887385 -5.000000 -0.937056 0.454232 -5.000000 3.049062 2.048485 1.712603 -2.094857 -0.434835 -5.000000 1.368960 -2.269064 -2.967178 -0.816569 -1.766332 -0.725051 0.046365 2.915350 3.599315 -2.958951 1.379528
1005 16.2699167681 14.0000000000 1.0000000000 0.7008011647 67.0000000000 5.6258163103 0.8867358860 6.1993607731 -0.0076968547 5.5623509682 -0.0196390345 38.4320739947 -544.7772432702 25.1692801399 6.4244418583 -1.154196 -0.141460 2.281685 -0.370773 -0.953584 -3.990738 -3.976258 2.840306 -0.121058 -1.639273 1.029311 -4.080487 -0.437971 3.751319 -2.356273 3.687662 -0.107368 0.692062 3.331837 -5.000000 0.755229 2.486071 -3.365976 4.121900 1.649235 2.024494 -3.991247 -0.804298 -5.000000 5.000000 -4.106560 -2.025942 -2.974266 -0.905798 0.967824 -0.175023 4.642430 1.821967 0.388630 1.427781
evaluations raw_y rep iid sigma t d_norm d_mean ps_norm ps_mean pc_norm pc_mean ps_squared loglikelihood mhl_norm mhl_mean x0 x1 x2 x3 x4 x5 x6 x7 x8 x9 x10 x11 x12 x13 x14 x15 x16 x17 x18 x19 x20 x21 x22 x23 x24 x25 x26 x27 x28 x29 x30 x31 x32 x33 x34 x35 x36 x37 x38 x39
1 7.5606227211 15.0000000000 1.0000000000 0.7008011647 67.0000000000 5.6258163103 0.8867358860 6.1993607731 -0.0076968547 5.5623509682 -0.0196390345 38.4320739947 -544.7772432702 25.1692801399 6.4244418583 -0.624657 0.678569 -0.311817 -1.003579 0.471138 -3.527211 -2.191724 -2.175531 -0.610340 -0.947497 -0.401189 0.710394 1.379035 0.821179 -1.129957 1.198781 -0.325873 3.200429 1.363254 0.029760 -0.175559 -1.964236 0.243381 -2.274875 0.698005 -3.717026 -2.334364 2.849794 2.993131 2.579864 -3.623491 -2.996614 -2.900286 -3.387814 0.454528 -0.979469 -0.001057 -0.980505 -1.586419 4.097798
151 6.3316200737 15.0000000000 1.0000000000 1.5129624076 10.0000000000 6.2105271646 0.9816503773 4.6275675905 -0.1982285842 4.3195816418 -0.1965229819 21.4143818047 -1077.3827137317 24.2587885365 6.2136345605 -4.965807 1.169583 -1.128653 -4.973353 -1.804942 -0.691272 0.799188 -0.821562 -5.000000 1.854884 -1.593183 -0.029419 4.656689 -2.077552 -2.148161 1.139670 0.144386 -3.124771 0.915961 -0.500102 -4.900668 -0.295275 0.808950 0.463746 -2.340028 1.280842 2.335965 3.811543 1.067773 1.606041 0.790255 -1.247518 2.571119 -4.815959 -0.600818 -5.000000 -5.000000 1.336265 2.387275 2.232173
182 4.9323131076 15.0000000000 1.0000000000 1.4538928793 12.0000000000 6.1886447211 0.9781095989 5.1845938280 -0.2076251131 4.8536774818 -0.2082871787 26.8800131613 -1065.1083167553 24.8979498594 6.3659938882 -5.000000 3.242734 -2.647210 -5.000000 -0.340252 -0.627691 -1.836634 -2.352453 -3.776833 2.942322 -2.423280 1.230032 4.757295 -3.911688 1.715168 2.725494 2.662168 -2.116318 -0.840802 1.389842 -3.812979 3.434811 -1.144688 -0.108286 -5.000000 1.532418 0.882386 2.488070 -0.963621 -3.092621 2.671134 -1.954943 2.971257 -4.185190 -1.414067 0.832141 -5.000000 0.278806 -1.781177 -1.188702
1005 9.5777946105 15.0000000000 1.0000000000 0.7683012739 67.0000000000 5.6339400935 0.8878998696 5.7147684667 0.0858083116 4.8413225543 0.0868838295 32.6585786278 -580.0511348430 24.2220255136 6.2007452571 -4.385096 -2.840303 2.043380 1.596259 0.063665 -2.650219 3.140492 -1.215540 -3.314421 3.240484 3.521843 -4.561127 2.667399 -4.460512 -1.990878 0.503506 2.538339 -1.051652 -2.193113 2.709005 -0.859440 3.184955 -2.393217 -0.039194 -3.033883 3.826004 -3.101889 5.000000 -2.757469 -1.837689 0.634582 -1.351932 -1.191427 1.157770 -0.515796 -3.306157 -2.666518 -2.328328 -0.718023 -1.777459
evaluations raw_y rep iid sigma t d_norm d_mean ps_norm ps_mean pc_norm pc_mean ps_squared loglikelihood mhl_norm mhl_mean x0 x1 x2 x3 x4 x5 x6 x7 x8 x9 x10 x11 x12 x13 x14 x15 x16 x17 x18 x19 x20 x21 x22 x23 x24 x25 x26 x27 x28 x29 x30 x31 x32 x33 x34 x35 x36 x37 x38 x39
1 8.6454269252 16.0000000000 1.0000000000 0.7683012739 67.0000000000 5.6339400935 0.8878998696 5.7147684667 0.0858083116 4.8413225543 0.0868838295 32.6585786278 -580.0511348430 24.2220255136 6.2007452571 0.255897 -3.056947 -1.188936 0.132661 -2.470990 -1.242737 -1.777896 0.997820 -1.573794 0.237487 -1.513726 0.986734 -1.678809 -2.030044 -0.685039 3.768928 -0.541826 -2.903439 -2.160318 5.000000 -0.440446 -0.178801 0.552683 3.224522 1.431930 1.317265 0.421482 -1.128887 0.280372 -0.676896 -2.809655 -4.973284 2.547087 2.159496 1.296805 1.112840 0.467075 -2.157691 -2.363922 -1.406480
38 8.1472829686 16.0000000000 1.0000000000 1.7855150180 2.0000000000 6.2963614108 0.9955036817 3.7210744393 -0.0760949229 3.2029670938 -0.0671336304 13.8463949827 -1269.9536247086 27.3903821847 6.9847027603 1.677849 -4.456544 -0.947690 3.144576 -0.384665 -0.904264 2.632482 0.219862 -0.675808 3.563662 1.513645 -1.082514 0.989772 3.449125 1.135586 2.500158 -0.523860 -3.645240 -4.782521 1.818835 0.964321 -1.998203 -0.233064 0.491117 1.107113 0.858259 -0.644131 -0.549363 -2.212488 1.555491 -1.677666 -2.933666 -1.869344 0.064766 1.084451 1.598631 3.144367 0.304287 -2.307817 0.953073
218 8.0023287788 16.0000000000 1.0000000000 1.4438794491 14.0000000000 6.1631999186 0.9739834180 4.8819087155 0.1967675568 4.3514271972 0.1901015018 23.8330327065 -1072.0950130868 25.5210770153 6.5099703692 3.140381 -4.758375 -0.335431 4.380618 0.736314 0.480565 1.184385 0.027245 3.036410 1.356996 0.625814 5.000000 3.089162 3.816089 -0.539145 1.710463 0.315535 -2.716206 2.123758 -1.126952 0.674617 -1.877482 -2.907671 -0.565870 1.701307 0.738030 -1.072912 -0.794522 0.902221 0.050526 0.064431 0.611695 -2.761177 2.619909 0.337084 5.000000 1.904226 4.978070 3.338463 1.886457
246 7.1096560115 16.0000000000 1.0000000000 1.3982171647 16.0000000000 6.1432170304 0.9707522364 5.7332049388 0.3090650573 5.2105880778 0.2909306499 32.8696388703 -1035.7658678001 24.8606045294 6.3539636289 3.181455 -5.000000 1.905537 1.186135 1.649746 -0.540364 3.875545 -0.638609 -0.959214 -2.337653 1.297111 5.000000 2.640613 2.475331 -2.698701 1.538179 -1.223512 -5.000000 2.104138 -2.024205 -0.006936 -0.219910 -3.844814 -0.848308 3.382754 3.014247 0.787689 0.043279 -2.085126 -0.710466 1.446519 2.870284 -3.647261 2.235580 0.446244 2.951612 2.711767 1.433179 1.924043 0.056151
253 6.8735930587 16.0000000000 1.0000000000 1.3982171647 16.0000000000 6.1432170304 0.9707522364 5.7332049388 0.3090650573 5.2105880778 0.2909306499 32.8696388703 -1035.7658678001 24.8606045294 6.3539636289 4.540604 -5.000000 4.713712 3.158459 1.293535 1.635573 1.469413 0.748259 2.628576 1.260396 3.699150 4.557193 2.271994 3.804332 -2.892063 0.476267 -0.833020 -3.585740 3.225349 -3.138602 -0.023546 -0.552814 -2.840823 0.022060 2.415627 0.785099 -0.358992 -0.276121 -3.395537 0.277463 -0.263304 0.063070 -2.221512 3.051356 2.598974 4.213767 3.765254 2.649330 5.000000 1.801086
425 5.6241930249 16.0000000000 1.0000000000 1.2226124845 28.0000000000 6.0130736018 0.9496395883 5.4581278876 -0.0300196937 4.8910736435 -0.0077101161 29.7911600369 -930.4728792179 24.6303464056 6.2785019463 0.362340 -1.208282 5.000000 3.803745 -1.725551 -1.370776 2.538961 1.378999 3.787988 0.790830 0.534926 2.179761 3.691038 4.262858 -3.077748 3.683152 -0.734815 -0.168665 2.033706 -3.376721 -0.659819 0.490409 -5.000000 1.026132 -0.515688 -0.060122 2.163703 0.039054 -0.990970 0.024862 1.959967 1.952699 -2.179394 4.456631 -0.459701 4.866539 4.331305 1.409650 1.300904 0.929713
896 5.3156129504 16.0000000000 1.0000000000 0.7870924021 59.0000000000 5.6833305506 0.8965872975 5.2708979790 0.2570265746 4.3989052035 0.1959667872 27.7823655051 -669.8649628339 27.1651625289 6.9031875075 2.764840 -3.328037 2.864743 3.716176 -2.751973 -2.736017 3.011115 -2.188932 3.861036 5.000000 2.076272 0.722490 2.147876 2.645388 -3.844837 1.348209 -2.366835 -3.035162 0.526682 -3.187285 -0.519701 3.932663 -3.537422 2.002035 4.399391 -2.269418 4.283673 2.107336 -3.064377 -2.861414 0.731844 -0.243374 -1.299330 5.000000 0.313494 0.934083 3.142290 -0.644156 1.470265 -0.868602
910 5.0634834893 16.0000000000 1.0000000000 0.7770663747 60.0000000000 5.6744818749 0.8951758455 5.5943586592 0.1154247695 4.5595318163 0.0975636207 31.2968488076 -601.9826864756 24.5632190848 6.2399866756 1.866177 -2.673074 3.076234 2.154696 -3.390225 -3.368739 3.761064 -0.437345 2.257373 4.067048 0.812876 0.880178 2.070787 1.684275 -2.582850 0.977015 -2.275189 -3.439946 0.448939 -2.924400 -0.287474 2.541010 -3.839414 1.783707 4.419822 -1.026276 3.335981 1.085105 -4.575499 -2.861355 1.837442 -0.373890 -1.454334 5.000000 1.431530 0.381055 3.722073 -0.054984 1.411044 -0.055077
1005 15.8876795199 16.0000000000 1.0000000000 0.7632213274 67.0000000000 5.6074367123 0.8843253068 6.2697406061 -0.0648850250 5.6150693393 -0.0492846811 39.3096472673 -591.4646477755 25.0155876457 6.3718739518 1.631697 -1.469436 2.020845 1.738035 -4.193499 -3.368131 2.476330 -0.945040 1.924438 3.403305 0.971163 -0.297689 1.523070 2.030796 -4.602415 0.819657 -1.315800 -3.834490 1.513140 -2.103046 -0.081384 2.895676 -4.779658 2.239232 5.000000 0.031807 3.391035 0.955369 -3.129021 -3.905413 3.188354 -0.511689 -0.747720 4.323136 1.419011 0.169899 5.000000 -0.154549 2.036964 -1.467019
evaluations raw_y rep iid sigma t d_norm d_mean ps_norm ps_mean pc_norm pc_mean ps_squared loglikelihood mhl_norm mhl_mean x0 x1 x2 x3 x4 x5 x6 x7 x8 x9 x10 x11 x12 x13 x14 x15 x16 x17 x18 x19 x20 x21 x22 x23 x24 x25 x26 x27 x28 x29 x30 x31 x32 x33 x34 x35 x36 x37 x38 x39
1 8.9486463710 17.0000000000 1.0000000000 0.7632213274 67.0000000000 5.6074367123 0.8843253068 6.2697406061 -0.0648850250 5.6150693393 -0.0492846811 39.3096472673 -591.4646477755 25.0155876457 6.3718739518 0.552532 -3.709256 1.247802 2.290623 2.074381 3.773278 -0.223397 -0.724203 0.297350 -0.875566 4.342514 2.304621 -3.637625 -0.276099 1.079679 -3.550565 2.629753 -0.946896 -2.184460 -0.500055 -1.964589 2.062538 0.982668 -0.893293 -1.612720 0.262536 -2.425120 0.319982 -1.510446 0.699792 1.955084 -0.277170 0.207713 0.601182 1.936411 1.739248 1.135566 0.930565 -2.330746 -4.071990
60 8.8254240682 17.0000000000 1.0000000000 1.7736817439 3.0000000000 6.2867066314 0.9939301438 4.8359700510 0.0123155138 4.2432816200 0.0130678475 23.3866063346 -1234.0563795285 26.2395956934 6.6563165470 3.226473 -0.250598 1.308042 -1.538103 2.353092 -1.408714 0.215801 4.259803 -4.917481 0.100303 0.058437 1.150861 1.243298 -3.494443 -1.471938 -2.487041 -0.371663 -3.492497 -3.265945 1.125560 -5.000000 1.332626 -1.539821 -0.981325 2.910626 1.464216 -2.332601 0.687641 0.532713 -5.000000 -0.071878 -1.042521 0.809671 2.449943 0.083774 2.246319 -2.462371 1.942660 3.622307 -1.500706
67 8.4054634891 17.0000000000 1.0000000000 1.7609648391 4.0000000000 6.2739156910 0.9918721486 5.8974478566 -0.0708853284 5.3036350818 -0.0560675444 34.7798912217 -1193.6973330158 24.8713202841 6.3014779676 0.438015 2.589637 1.845772 0.575769 2.027547 -2.550609 1.316856 3.242555 1.214768 1.525487 1.277038 -2.417522 -0.546988 -1.218059 -2.482299 -2.631259 1.519828 -5.000000 -3.435070 -1.598312 -2.343278 2.860926 -1.603693 1.703579 -1.978521 1.526134 -3.224506 4.830805 -1.246370 -3.727944 1.973691 -0.436529 5.000000 3.390151 -2.370484 3.575866 -1.178346 0.370475 4.627800 -2.020963
132 8.2494201381 17.0000000000 1.0000000000 1.6547014978 8.0000000000 6.2279441856 0.9844402187 5.2487056373 -0.1603877276 5.0030399254 -0.1483804316 27.5489108672 -1142.2700977334 24.6291424156 6.2984153833 0.953105 0.051707 -1.365831 -3.102600 1.700530 -3.117231 -0.593275 0.418998 -2.448065 0.108039 0.193953 -3.166642 3.251065 -0.600497 -3.562633 -1.145340 -0.847505 -4.020943 -2.833963 2.059351 -2.695971 2.351295 -2.545558 -0.724326 1.422953 -2.012987 -1.051375 0.859493 0.344507 -4.345517 0.805435 -0.967018 -0.974057 3.611161 -4.240918 1.412148 -5.000000 1.923788 4.253416 -4.409997
145 7.9396512680 17.0000000000 1.0000000000 1.6087368517 9.0000000000 6.2147109369 0.9823105072 4.7670778555 -0.1988106479 4.5779781155 -0.1836309287 22.7250312807 -1130.0294979432 24.9253703160 6.3436480010 1.992943 2.259734 1.022544 -3.316443 3.659280 1.666469 2.298861 2.664437 -3.455225 0.953424 0.377647 -2.405542 2.366298 -0.075951 -2.188502 -2.669619 -1.422620 -5.000000 -3.031144 2.284195 -1.832208 2.636819 -4.009230 -0.017948 2.468796 -2.033944 -0.209857 1.993278 -1.884890 -3.819320 2.371230 -2.226668 1.225538 1.199346 -0.561239 1.568149 -4.815358 2.961112 5.000000 -4.521081
198 7.6640375735 17.0000000000 1.0000000000 1.4844526731 13.0000000000 6.1683482278 0.9748406161 5.3052768551 0.0454750895 5.0396060658 0.0087732310 28.1459625089 -1080.3389593090 25.0863192292 6.3933744726 3.186367 3.903883 -2.365555 -3.104722 2.653552 -1.402474 -2.212050 1.071470 -2.396039 0.252989 2.014281 -1.271587 5.000000 1.293596 -1.169799 -4.389516 -1.593621 -2.945130 -2.672288 -1.538434 -2.699469 2.614085 -1.869571 3.841407 -0.279993 -0.320669 -1.137609 -0.280307 -1.584604 -0.792619 3.627559 -2.802483 1.838195 1.981850 -3.972501 -1.510561 -1.624539 0.007140 2.811200 -3.450880
202 6.1016418974 17.0000000000 1.0000000000 1.4844526731 13.0000000000 6.1683482278 0.9748406161 5.3052768551 0.0454750895 5.0396060658 0.0087732310 28.1459625089 -1080.3389593090 25.0863192292 6.3933744726 2.933442 2.108598 -4.292043 -3.617421 2.274753 -1.853068 -3.153933 0.015041 -2.858167 1.876811 1.067176 -5.000000 4.363083 1.191332 -2.248705 0.128828 -1.320788 -3.931646 -3.393615 2.593496 -1.771629 1.323919 -3.451741 -0.235944 0.504620 -2.738897 1.713490 -1.112676 0.660434 -1.777971 1.747560 -3.388131 3.443751 4.981681 -1.342718 1.231396 -2.511770 0.426586 2.694105 -4.218449
371 5.4268951140 17.0000000000 1.0000000000 1.2280368795 24.0000000000 6.0498482338 0.9557480917 5.8432482132 0.0970990920 5.3593275242 0.0720216728 34.1435496812 -957.3703395276 25.4871923262 6.5331755310 3.936804 2.412004 -0.542510 0.807394 3.840959 -3.301033 -3.622800 2.772995 -2.223395 3.021568 5.000000 -3.110720 2.012408 -1.663820 -1.867190 -4.024720 -5.000000 -1.348493 -5.000000 4.623870 -4.242925 1.469061 -1.567552 4.979262 -2.262794 3.908323 -2.822804 2.093562 0.881315 -0.822280 -0.944542 -2.154721 0.376639 3.161199 0.974556 -2.965426 -1.274475 -3.971843 1.056187 -1.733923
1005 14.0471197324 17.0000000000 1.0000000000 0.7036974471 67.0000000000 5.6172929665 0.8856447165 4.8538031376 0.0040977967 4.5019063056 0.0246697864 23.5594048981 -548.4992128307 25.2349059090 6.4513892532 3.650026 5.000000 -0.671388 -1.548730 0.540246 -3.419756 -1.942455 -1.672607 -0.586522 2.342875 4.322082 -2.609513 2.519217 -3.365574 -0.738184 -3.703277 -1.285344 -1.371875 -3.192111 1.948585 -2.713773 -1.307333 -1.832559 5.000000 1.334708 2.883460 -0.461442 0.450347 3.439000 0.233121 1.964965 -1.708734 -1.301422 3.752282 -0.370211 -0.297687 2.905013 -0.629209 1.322504 -2.263693
evaluations raw_y rep iid sigma t d_norm d_mean ps_norm ps_mean pc_norm pc_mean ps_squared loglikelihood mhl_norm mhl_mean x0 x1 x2 x3 x4 x5 x6 x7 x8 x9 x10 x11 x12 x13 x14 x15 x16 x17 x18 x19 x20 x21 x22 x23 x24 x25 x26 x27 x28 x29 x30 x31 x32 x33 x34 x35 x36 x37 x38 x39
1 17.6540017366 18.0000000000 1.0000000000 0.7036974471 67.0000000000 5.6172929665 0.8856447165 4.8538031376 0.0040977967 4.5019063056 0.0246697864 23.5594048981 -548.4992128307 25.2349059090 6.4513892532 0.158857 4.380405 -0.269784 0.321036 0.885396 1.246783 2.017807 0.788498 -0.672773 -1.291813 1.610915 0.832886 1.149239 -2.203343 -1.989514 2.691039 1.163736 1.074477 4.134094 -0.580648 1.202730 -1.129054 -2.335903 -2.044004 1.767039 -1.067489 -2.700864 0.460188 1.789710 2.741520 4.927403 2.255803 -1.638428 0.134928 2.154433 -1.107090 1.355235 2.082987 -3.502844 0.237339
2 15.3627976532 18.0000000000 1.0000000000 0.7036974471 67.0000000000 5.6172929665 0.8856447165 4.8538031376 0.0040977967 4.5019063056 0.0246697864 23.5594048981 -548.4992128307 25.2349059090 6.4513892532 2.277402 1.354170 0.612270 -0.030544 4.135977 -0.090536 -3.206250 -0.935504 0.297315 0.705742 -0.501302 0.172256 -0.340330 1.701336 -2.237533 -0.147728 -2.826398 -2.239788 0.744920 -0.886148 1.940151 0.114399 1.068929 2.432949 -1.111856 -4.582294 -3.010252 -2.485479 -0.922775 -2.466883 0.968889 1.176252 -1.083262 1.065766 0.948540 4.128864 4.340174 -0.705943 5.000000 -1.807078
4 13.1670252832 18.0000000000 1.0000000000 0.7036974471 67.0000000000 5.6172929665 0.8856447165 4.8538031376 0.0040977967 4.5019063056 0.0246697864 23.5594048981 -548.4992128307 25.2349059090 6.4513892532 -1.301533 2.919893 1.901549 -2.728160 0.407826 0.618001 1.548280 0.902317 0.407977 -4.176898 1.906919 -0.610301 0.895613 0.358469 1.118302 3.553569 -0.890380 0.230984 0.356020 2.837192 1.949681 -3.084856 -2.103856 -0.302313 1.488085 -0.419696 -0.305568 -4.039975 -1.198828 -1.753427 1.259792 -0.162147 -0.282030 -0.412432 0.862196 0.128764 0.698662 -1.298151 0.123802 3.251490
6 8.0943501543 18.0000000000 1.0000000000 0.7036974471 67.0000000000 5.6172929665 0.8856447165 4.8538031376 0.0040977967 4.5019063056 0.0246697864 23.5594048981 -548.4992128307 25.2349059090 6.4513892532 1.689023 1.087558 -0.936384 -1.498741 -2.352626 2.806540 1.361561 -0.758157 3.883901 0.546218 -0.950802 1.283863 -1.114723 -1.416906 1.573397 -0.529431 1.368263 0.001056 -2.731892 0.914473 2.867268 -1.829772 0.206108 -1.928527 1.339961 0.465556 1.159308 -2.102529 -1.940810 2.085356 0.131708 -2.801878 3.742524 2.703296 2.060785 0.795531 0.495310 -2.619728 -0.121044 -1.109956
19 7.2779180994 18.0000000000 1.0000000000 1.8709147376 1.0000000000 6.3113292576 0.9978881748 2.6897264427 0.0381943855 2.2809894335 0.0323902789 7.2346283366 -1290.9450352989 27.0269592527 6.9132459928 3.583942 -2.051144 0.846944 -1.189702 -4.206310 -0.659023 -2.156942 -1.212381 1.487919 -0.718383 1.181071 -0.304178 0.264064 -5.000000 -2.888776 -0.236094 -0.528987 -1.062003 -1.615564 -1.964338 1.701397 0.610883 0.848308 -1.661794 0.919849 0.043154 2.300734 -1.618831 3.242566 5.000000 1.081925 0.216229 3.372493 2.887632 -0.161423 2.991029 -1.409273 -0.562525 1.889910 0.375338
118 7.2130243766 18.0000000000 1.0000000000 1.4813099235 7.0000000000 6.2346343383 0.9856121170 4.1080402788 -0.0610242864 3.6632010391 -0.0476265968 16.8759949319 -1112.7096866107 26.0136886828 6.6648510159 0.624434 1.787877 3.523645 0.452867 -1.375619 0.352541 -0.525523 2.169489 -0.612436 -1.028786 1.194425 1.024999 -0.193762 0.740096 1.125414 1.693725 -0.247556 -2.427816 -2.974620 -0.918369 0.552784 2.699801 -0.828040 0.559852 1.277057 -0.989645 0.506835 -2.326605 2.973152 -1.243429 -0.995968 -0.895558 1.763582 4.181579 -2.266649 -0.146498 -3.124614 0.895476 -0.860800 -2.404753
128 6.8986606307 18.0000000000 1.0000000000 1.4202900703 8.0000000000 6.2228300389 0.9837122509 4.0183198367 -0.0949646537 3.6510913691 -0.0775245223 16.1468943104 -1081.9940399915 25.8319315594 6.5681164947 -1.202153 -0.227098 1.357213 -0.088371 -2.648924 0.270966 -2.430525 4.081399 -0.499888 0.175796 0.797448 2.278579 1.823213 -2.366742 0.504704 -0.521123 -3.897551 -3.236009 -0.829209 -1.064888 -0.684445 -0.892765 -1.680888 -1.375548 2.926429 -1.479483 2.479838 0.183735 1.500429 -0.133281 2.073712 -0.794519 2.352708 1.450981 -1.976195 -2.340056 -4.149009 -0.284308 -2.107545 -2.507313
156 6.4917047966 18.0000000000 1.0000000000 1.3512921699 10.0000000000 6.1986488693 0.9798493991 5.2533548507 -0.0252078179 4.6923394846 -0.0222018107 27.5977371876 -1025.5444487329 24.9370961511 6.3508809910 2.718884 -1.884686 0.910018 3.193757 -1.467973 -1.981598 -1.966315 0.197519 1.739352 0.291678 0.924900 -0.196370 -0.395911 3.151168 0.389382 1.420600 -1.673932 -0.082339 -3.163358 -1.319459 -1.146441 1.137444 -1.542931 -1.979928 1.135638 0.245335 1.491199 -2.408280 0.039182 -2.136633 -0.892209 -1.358504 4.122635 3.364522 -1.811938 -1.798092 -1.654050 1.838958 -1.483605 -3.427635
190 5.3197946012 18.0000000000 1.0000000000 1.2856319271 12.0000000000 6.1745560277 0.9759764674 4.8124421224 -0.0378023358 4.3778047518 -0.0311871323 23.1595991813 -1017.0955940504 25.9994384489 6.6177558833 1.233771 0.796376 0.066437 2.667577 0.763519 0.788434 -0.430971 0.182593 2.748145 -0.663347 2.150339 -0.229261 1.073263 2.502349 0.783978 -1.215271 0.878409 -2.360908 -1.786305 -0.315276 3.464137 1.473696 -0.960501 -3.863606 -0.318913 0.173447 2.691002 -3.139027 2.208908 0.082468 2.832558 -0.834367 0.678367 3.519371 -4.373036 -0.872993 -0.806873 1.230206 -2.008748 -2.494114
307 5.0833223185 18.0000000000 1.0000000000 1.1129856425 20.0000000000 6.0889033279 0.9621495725 4.7392764928 0.1403421935 4.4075899018 0.1288249328 22.4607416748 -917.6666068136 26.0043922179 6.6378838482 1.291453 1.003707 4.125015 1.189695 -4.566145 -0.084067 -2.310589 0.075322 1.586858 -2.457923 -1.524084 1.357695 3.453204 1.613104 0.905087 3.167717 -3.074424 -3.337060 -0.505395 -2.682883 2.364054 1.651271 -4.603593 -1.016356 1.967963 0.401475 2.800797 -2.865718 2.766128 -1.441322 4.696572 -1.277858 -1.224640 5.000000 -2.966883 -1.581562 -1.471269 -0.564092 -0.842744 -4.514826
1005 11.0087449337 18.0000000000 1.0000000000 0.5958242489 67.0000000000 5.6093410700 0.8845442802 6.4918804475 -0.1361351215 5.6096536588 -0.0973784040 42.1445117448 -423.9859222255 24.0903879237 6.1538512272 1.784308 1.612907 2.403631 -0.115408 -1.975224 3.296725 -1.361927 -0.134246 1.347082 -2.704017 1.246445 -0.649752 0.715522 3.221027 4.075920 2.683482 -1.821785 -1.783890 -2.381546 -1.274025 1.868712 2.239144 -1.591903 0.070221 2.913716 -2.104457 3.779048 -1.088557 0.832400 2.889639 0.343211 -2.881033 -1.002374 4.255826 -4.110985 -4.227725 -0.780340 2.656680 2.056114 -4.109303
evaluations raw_y rep iid sigma t d_norm d_mean ps_norm ps_mean pc_norm pc_mean ps_squared loglikelihood mhl_norm mhl_mean x0 x1 x2 x3 x4 x5 x6 x7 x8 x9 x10 x11 x12 x13 x14 x15 x16 x17 x18 x19 x20 x21 x22 x23 x24 x25 x26 x27 x28 x29 x30 x31 x32 x33 x34 x35 x36 x37 x38 x39
1 9.5204989192 19.0000000000 1.0000000000 0.5958242489 67.0000000000 5.6093410700 0.8845442802 6.4918804475 -0.1361351215 5.6096536588 -0.0973784040 42.1445117448 -423.9859222255 24.0903879237 6.1538512272 0.442007 -0.680930 -1.155497 -0.808063 -1.206579 -0.487705 2.070687 1.161507 0.504827 -2.925092 -3.096683 0.530545 -0.001792 -2.031985 0.223979 -2.383904 3.111088 -1.866600 1.053068 -0.299929 1.045571 2.684310 3.117043 2.511988 1.817207 -1.681803 2.011170 -2.047608 0.363548 -0.833362 3.956817 3.834889 -2.062014 -0.966624 -1.290160 0.120696 1.095861 1.690297 -2.414363 0.749681
7 6.8679383861 19.0000000000 1.0000000000 0.5958242489 67.0000000000 5.6093410700 0.8845442802 6.4918804475 -0.1361351215 5.6096536588 -0.0973784040 42.1445117448 -423.9859222255 24.0903879237 6.1538512272 -0.637305 0.494608 0.969331 1.889753 -1.540507 0.698415 -0.702856 3.033233 1.809130 -1.310077 3.447412 -0.301423 -1.853381 -0.405528 1.431269 -1.369307 -0.056476 3.195928 -0.360540 0.375205 0.376520 1.272677 0.804231 2.390208 0.734695 0.733779 1.445668 -0.382338 -1.835263 -5.000000 -0.457404 0.006385 -1.521497 -3.573020 -0.680178 -1.649042 2.899563 1.115495 -2.163837 1.359142
91 6.3074081594 19.0000000000 1.0000000000 1.6942409729 6.0000000000 6.2527989585 0.9884853755 5.3613757423 -0.1229721775 4.9318443317 -0.1043872359 28.7443498503 -1129.3830842096 23.2994324577 5.9365506502 -2.916895 -1.894754 -2.830965 0.911677 2.315598 -1.059152 5.000000 1.367161 -3.133861 -5.000000 2.764587 -1.796035 0.089652 1.984453 -5.000000 -4.013657 1.858875 -1.304106 3.199443 3.153623 0.464527 -1.794865 1.859466 -0.263707 0.242480 0.227686 0.923711 -0.511671 -4.697676 -3.228331 -0.219822 -1.433292 -5.000000 -0.529016 -3.674882 0.982763 -1.270352 0.837423 -2.514421 1.218903
106 5.7109836966 19.0000000000 1.0000000000 1.6682598683 7.0000000000 6.2410415660 0.9865962709 5.4524209537 -0.2309740593 4.9902984297 -0.1971059197 29.7288942564 -1163.0452504034 25.1554152819 6.4339127998 -4.963150 -3.253083 -0.320137 0.990685 -1.154810 -2.855277 5.000000 1.003849 -2.680936 -3.989744 2.789044 0.576930 -1.444132 1.812014 -5.000000 -4.324697 1.855003 -1.169970 1.859669 4.329637 1.640324 0.660206 -1.739756 0.390129 0.151009 0.429717 0.022361 -0.125516 -1.817159 -3.135058 -3.969817 -2.263269 -3.597868 0.417526 -4.060870 0.429245 1.584775 1.277552 0.816947 2.894111
593 4.6759912870 19.0000000000 1.0000000000 1.1005850350 39.0000000000 5.9053294248 0.9321251964 6.4321166863 0.0286722403 6.1570227713 0.0126293297 41.3721250657 -855.2792391344 24.9241089424 6.3538613688 -3.552394 -4.054433 -2.050210 2.410483 1.883760 2.602657 -2.669475 4.107828 1.401982 -3.174850 1.362071 -4.487090 2.268546 0.972125 0.167620 -4.650538 -3.404653 4.445997 -1.984187 0.658084 -5.000000 0.121719 -2.585014 3.133134 1.141797 -0.303869 -3.151956 -0.186739 -1.242713 -4.414954 -4.934227 -2.101540 -0.353412 -2.998315 -3.908667 1.554319 -4.596020 3.404163 -2.414350 1.942316
1005 13.6214378021 19.0000000000 1.0000000000 0.8953859725 67.0000000000 5.6419533242 0.8892000330 7.4852291940 0.1742523542 6.5520076462 0.1723608422 56.0286560870 -730.7446952760 26.7688356623 6.7844631654 -3.829502 -3.077920 -2.690958 4.062491 3.926220 3.144628 1.925050 3.640137 1.730434 -4.180508 3.178037 -2.770748 -0.872379 -0.399538 -0.422548 -3.333486 -2.821783 1.941038 -1.480906 -2.068164 -2.772673 1.139984 -2.479299 3.194956 0.376848 2.021217 -3.116281 1.233090 0.877404 -2.884020 -3.394108 3.430022 1.800693 0.803704 0.310813 -4.326729 -4.095642 -0.508949 -2.383514 2.123158
evaluations raw_y rep iid sigma t d_norm d_mean ps_norm ps_mean pc_norm pc_mean ps_squared loglikelihood mhl_norm mhl_mean x0 x1 x2 x3 x4 x5 x6 x7 x8 x9 x10 x11 x12 x13 x14 x15 x16 x17 x18 x19 x20 x21 x22 x23 x24 x25 x26 x27 x28 x29 x30 x31 x32 x33 x34 x35 x36 x37 x38 x39
1 11.6422211296 0.0000000000 2.0000000000 0.8953859725 67.0000000000 5.6419533242 0.8892000330 7.4852291940 0.1742523542 6.5520076462 0.1723608422 56.0286560870 -730.7446952760 26.7688356623 6.7844631654 3.528105 0.800314 1.957476 4.481786 3.735116 -1.954556 1.900177 -0.302714 -0.206438 0.821197 0.288087 2.908547 1.522075 0.243350 0.887726 0.667349 2.988158 -0.410317 0.626135 -1.708191 -5.000000 1.307237 1.728872 -1.484330 4.539509 -2.908731 0.091517 -0.374368 3.065558 2.938718 0.309895 0.756325 -1.775571 -3.961593 -0.695824 0.312698 2.460581 2.404760 -0.774654 -0.604606
2 11.0217116573 0.0000000000 2.0000000000 0.8953859725 67.0000000000 5.6419533242 0.8892000330 7.4852291940 0.1742523542 6.5520076462 0.1723608422 56.0286560870 -730.7446952760 26.7688356623 6.7844631654 -2.097106 -2.840036 -3.412540 3.901551 -1.019304 -0.876149 -2.505591 1.554981 -3.227796 -0.425481 -1.790933 0.773805 -1.021610 -2.361264 -0.056364 0.856664 0.133034 0.604944 -1.268644 -0.725482 -1.344921 -0.719106 -1.626293 -3.452565 0.354852 -0.803562 -3.260397 0.925565 -1.814597 0.103891 1.458181 0.257966 2.278801 -2.469652 0.804683 -1.369620 -1.741594 -1.157699 -0.623105 0.112331
6 10.8808497834 0.0000000000 2.0000000000 0.8953859725 67.0000000000 5.6419533242 0.8892000330 7.4852291940 0.1742523542 6.5520076462 0.1723608422 56.0286560870 -730.7446952760 26.7688356623 6.7844631654 -0.738364 -0.478758 2.199319 1.310527 1.280263 -3.233912 -0.048652 -1.476062 0.559849 -0.196301 1.820358 0.634436 1.572656 -0.932838 -1.888893 -0.820099 -0.034041 0.758303 4.518618 -0.084514 -1.911890 -0.691964 -0.927192 0.962963 -3.081594 0.126524 0.313013 0.464362 -1.194632 -0.475843 -2.848122 -0.986640 -1.085723 0.832100 -2.312365 1.562396 2.988969 -4.139970 0.852517 1.353816
8 9.1138023914 0.0000000000 2.0000000000 0.8953859725 67.0000000000 5.6419533242 0.8892000330 7.4852291940 0.1742523542 6.5520076462 0.1723608422 56.0286560870 -730.7446952760 26.7688356623 6.7844631654 -0.221081 2.040345 -1.384100 3.072754 0.572687 1.217688 -2.090507 2.422291 1.379636 2.603692 -1.256175 -0.962054 4.607833 -2.120032 -0.271899 2.273783 0.195450 1.165907 -0.798898 0.740112 -2.613054 3.316261 -0.236328 -1.360356 1.332766 -0.921440 -2.668517 -2.693435 1.387546 -0.319147 -0.267403 2.155488 -2.253652 -1.461356 -0.769760 0.188703 -0.084343 -0.573774 -0.123253 -0.214611
21 7.5511673175 0.0000000000 2.0000000000 1.8782409532 1.0000000000 6.3101284717 0.9977027978 2.9003372110 0.0134671942 2.4595953057 0.0114206885 8.4119559378 -1273.9764636050 26.3322277654 6.7163366314 0.571081 -0.040067 -2.799736 1.470835 -2.160804 2.060871 -1.333717 -1.084053 -1.282154 1.115883 0.913857 -2.844015 3.117749 -0.796667 -0.205582 3.587922 -2.056328 0.089236 1.316805 1.458568 -2.271295 0.301820 -2.922184 1.749639 1.458629 -0.823669 -2.972920 -2.733437 1.683395 1.889761 0.729737 -2.368267 1.395945 -0.018844 -3.895690 0.090841 2.187156 -1.835071 0.902044 -0.084282
65 6.8830606665 0.0000000000 2.0000000000 1.7207539394 4.0000000000 6.2717027407 0.9915629818 5.3249604110 -0.1593842164 4.7447826788 -0.1407393485 28.3552033786 -1166.4902677311 24.3532048472 6.2341989070 -3.307741 -2.031284 -1.084289 2.241607 -0.656455 1.527117 -0.263181 -1.877240 -2.550719 -1.518694 0.506426 0.558752 0.780583 -1.947268 -0.786209 2.030871 -4.060223 2.721988 2.137272 -4.312412 -0.875179 0.436272 1.709116 -4.114704 1.110157 -1.040810 -3.593251 -4.683362 2.719966 -0.391261 0.221464 1.058984 -1.166997 1.910068 -2.443916 -0.276057 0.638776 0.834361 4.771612 -1.971132
617 6.2892474779 0.0000000000 2.0000000000 1.0224968410 41.0000000000 5.8844761343 0.9287857448 5.6314221351 0.0902102053 5.2584396757 0.0889328768 31.7129152639 -784.4684712009 23.9337682400 6.1054677325 4.256987 -0.884584 -0.672937 2.859650 1.990754 3.165610 2.100063 -1.836815 -2.585255 1.132389 -2.130354 1.015451 4.282486 -4.918422 -3.600394 0.455181 -0.940749 1.460321 1.910662 -0.660446 1.531330 -2.808515 -3.701955 -3.944077 -2.575795 3.430358 -0.574239 0.426550 3.538034 -1.644878 -0.801661 -0.383098 -1.900843 -2.442822 -3.611449 -1.436381 1.887323 0.373342 -0.424448 -1.782129
959 5.6499326692 0.0000000000 2.0000000000 0.9707978971 63.0000000000 5.6814244237 0.8954474376 5.4947177840 0.0673012752 4.8906154779 0.0571893193 30.1919235253 -711.5613410842 23.4272518406 5.9857444505 4.510258 -1.500183 -0.780955 0.285601 2.172289 3.509692 3.002461 -0.170243 -2.697897 1.202156 0.415153 -2.345656 4.054133 -2.102869 -4.510616 -3.595427 1.535994 0.979766 4.212074 -0.321656 2.342013 -4.764784 -1.051125 -3.224547 -2.115258 1.901385 -0.751808 -0.136091 5.000000 -4.444011 -0.983999 1.454142 -4.673548 -2.878054 -5.000000 1.817957 5.000000 0.439979 4.094539 -3.273231
986 5.2526782805 0.0000000000 2.0000000000 0.9732600136 65.0000000000 5.6625324030 0.8924079545 6.3115453330 0.1218312216 5.5332545882 0.0915391419 39.8356044900 -709.4095336293 23.4443230034 5.9942835234 3.167480 -2.732228 -2.121382 -0.308477 1.000300 3.892752 3.565046 0.490115 -0.666657 0.916302 0.794775 -2.010202 4.578533 -2.632245 -3.000514 -3.418903 1.824242 -0.662838 3.947612 0.655032 0.629880 -4.944662 -1.589295 -2.924616 -1.944839 1.344531 0.498995 0.188711 5.000000 -3.705803 -0.287068 2.707301 -4.840301 -1.992389 -5.000000 2.292500 5.000000 -0.595081 3.313015 -3.962217
1005 17.1713653748 0.0000000000 2.0000000000 0.9597500920 67.0000000000 5.6408597389 0.8889569843 5.9058838222 0.2856439360 5.1208113333 0.2193076772 34.8794637217 -718.4540717332 24.3233149924 6.1761427141 2.531905 -2.299081 -0.491145 0.097595 1.107512 3.037478 3.143036 -0.739568 -2.490183 2.074418 -0.883900 -0.036068 5.000000 -3.521689 -4.707186 -3.701487 1.301952 0.871497 2.967372 -0.279934 2.286456 -2.985355 -1.521209 -3.672841 -1.873461 0.545386 0.380306 1.585341 4.450641 -2.732751 0.526364 3.879979 -4.825768 -1.102161 -4.853510 1.613970 4.216230 -0.078308 5.000000 -3.166551
evaluations raw_y rep iid sigma t d_norm d_mean ps_norm ps_mean pc_norm pc_mean ps_squared loglikelihood mhl_norm mhl_mean x0 x1 x2 x3 x4 x5 x6 x7 x8 x9 x10 x11 x12 x13 x14 x15 x16 x17 x18 x19 x20 x21 x22 x23 x24 x25 x26 x27 x28 x29 x30 x31 x32 x33 x34 x35 x36 x37 x38 x39
1 15.9344568205 1.0000000000 2.0000000000 0.9597500920 67.0000000000 5.6408597389 0.8889569843 5.9058838222 0.2856439360 5.1208113333 0.2193076772 34.8794637217 -718.4540717332 24.3233149924 6.1761427141 3.248691 -1.223513 -1.056344 -2.145937 1.730815 -4.603077 3.489624 -1.522414 0.638078 -0.498741 2.924216 -4.120281 -0.644834 -0.768109 2.267539 -2.199783 -0.344856 -1.755717 0.084427 1.165630 -2.201238 2.289447 1.803181 1.004989 1.801712 -1.367456 -0.245780 -1.871539 -0.535776 1.060711 -1.383322 -0.793507 -1.374345 -1.690411 -1.342492 -0.025329 -2.234621 0.468831 3.319604 1.484088
3 14.9054154494 1.0000000000 2.0000000000 0.9597500920 67.0000000000 5.6408597389 0.8889569843 5.9058838222 0.2856439360 5.1208113333 0.2193076772 34.8794637217 -718.4540717332 24.3233149924 6.1761427141 -0.444656 -0.401516 0.373123 0.820103 0.396599 0.238017 -1.341325 0.755128 0.243643 2.258968 2.397836 0.370313 -0.750570 -1.277461 0.846989 0.154680 -0.687707 0.087194 -1.240002 1.396064 -0.894257 2.449015 0.806983 1.187157 -2.189824 0.338765 1.481113 -1.907401 -0.532437 0.065229 -2.746235 0.630319 1.692321 -1.719032 0.701092 -2.624567 -0.077391 -3.231545 2.242835 0.817801
5 8.7745917653 1.0000000000 2.0000000000 0.9597500920 67.0000000000 5.6408597389 0.8889569843 5.9058838222 0.2856439360 5.1208113333 0.2193076772 34.8794637217 -718.4540717332 24.3233149924 6.1761427141 -1.034189 -1.994054 0.497598 -0.593282 0.990423 -0.349406 1.972670 0.427068 4.381399 -3.792722 -1.293833 1.802974 5.000000 -0.497270 0.087338 -0.452628 2.662914 -0.574616 1.360140 -0.639603 -2.545118 0.627095 1.006370 2.586452 -0.220894 -1.234724 1.125522 0.481474 0.561330 -0.146225 2.320677 0.738985 3.809317 2.222113 1.318100 -3.254877 1.204639 0.840564 1.621903 2.088884
11 8.2868745594 1.0000000000 2.0000000000 0.9597500920 67.0000000000 5.6408597389 0.8889569843 5.9058838222 0.2856439360 5.1208113333 0.2193076772 34.8794637217 -718.4540717332 24.3233149924 6.1761427141 -2.613068 0.152761 0.734464 2.465798 -0.845714 0.172929 -4.284933 -1.660338 0.903232 2.208349 -0.563473 4.112711 3.520498 -0.121305 -4.827006 -3.555133 -1.555718 2.231682 0.620545 -4.188496 -0.457532 3.226723 -0.749609 -1.499939 4.109248 0.106819 -0.958314 0.700334 0.034329 -0.858285 2.416913 2.231404 1.681723 -0.205774 2.293801 -0.099405 0.933287 2.067374 1.617689 3.579509
33 8.0877140346 1.0000000000 2.0000000000 1.8329916121 2.0000000000 6.2992509975 0.9959513896 4.3573472796 0.1486442763 3.7816303745 0.1294666550 18.9864753148 -1234.1825973379 25.4223169949 6.4852900183 -0.881605 -2.656937 2.023827 -0.900416 1.994850 1.996847 0.492895 2.419478 1.297707 -2.573795 0.870076 2.905495 0.014117 -0.459545 -1.202262 -1.779265 2.626343 2.652861 -1.991223 0.426767 -2.742460 2.205991 -4.372138 -4.254515 -0.476591 0.975829 -0.366394 2.721952 1.309277 -2.175013 2.456773 1.823036 1.048322 4.252184 1.194962 -0.538280 -0.357548 0.903302 1.300046 2.270294
54 8.0661681138 1.0000000000 2.0000000000 1.7786187808 3.0000000000 6.2857746282 0.9937965917 4.6624798361 0.2038979776 4.1269426080 0.1804145231 21.7387182222 -1262.9474047895 27.2580063295 6.9599467781 -2.560365 -2.369645 -0.935524 2.808545 3.096529 2.593002 1.461884 0.255358 2.943317 -2.768585 -0.277950 2.461512 2.767716 -0.657981 3.189631 -3.679932 -0.898953 0.249694 -1.200821 -0.030483 -2.906124 2.124551 -2.420999 -2.172647 3.638200 2.780366 -1.254810 4.213730 -0.546600 -1.053926 3.061485 0.390442 -0.635015 5.000000 -0.219614 -0.436464 1.173058 -3.497518 -2.378013 4.999437
62 7.0703174641 1.0000000000 2.0000000000 1.7442042458 4.0000000000 6.2744473770 0.9919814059 5.2322870296 0.1435945951 4.6584793854 0.1356661337 27.3768275603 -1170.6926939816 24.1684645004 6.2021108832 -1.592221 -3.105244 3.351973 5.000000 5.000000 4.642566 -0.925044 -3.562734 5.000000 -1.102947 0.787283 1.939866 1.368062 -0.170332 -0.759928 -5.000000 -3.571213 1.454434 -4.416094 0.158514 -4.645423 -0.812509 -2.250251 -2.016964 -3.178778 0.685362 0.453082 5.000000 1.195488 -1.221517 1.050916 1.810915 -3.651883 3.889462 0.037060 -3.217218 0.406050 1.471156 1.440190 3.318917
68 6.9462184165 1.0000000000 2.0000000000 1.7442042458 4.0000000000 6.2744473770 0.9919814059 5.2322870296 0.1435945951 4.6584793854 0.1356661337 27.3768275603 -1170.6926939816 24.1684645004 6.2021108832 -1.261023 -4.390070 1.292085 3.764927 4.549399 4.419867 -3.003598 1.424013 2.495104 -3.079874 -1.980903 4.228632 2.881249 1.735778 1.633345 -0.145076 -1.484309 -1.368194 0.514585 -3.396164 0.000271 -1.748083 -0.070746 -1.544093 -0.533310 3.030523 -2.849715 4.486108 0.416852 -3.598239 3.966630 0.719507 0.332029 3.135771 1.591650 -0.218929 1.730151 -0.266639 0.423413 1.382992
73 5.9355099857 1.0000000000 2.0000000000 1.7442042458 4.0000000000 6.2744473770 0.9919814059 5.2322870296 0.1435945951 4.6584793854 0.1356661337 27.3768275603 -1170.6926939816 24.1684645004 6.2021108832 -1.960840 -3.262504 0.096177 -0.099376 3.352182 1.411182 -1.630788 1.145301 1.901635 -3.760719 0.728728 0.286639 1.321211 1.535041 -1.161336 -4.975391 0.065851 -1.324871 -0.379814 1.050063 -1.760477 2.461604 -1.162568 -0.804428 2.296170 1.999339 0.307450 3.769064 3.594972 -0.272075 1.564463 -0.018428 -1.065264 3.408535 4.343892 -0.503434 1.561254 -3.027222 1.788016 5.000000
127 5.1270304189 1.0000000000 2.0000000000 1.6040082128 8.0000000000 6.2316061572 0.9850757827 5.4013291462 -0.0490110067 5.1189682665 -0.0207059180 29.1743565461 -1155.1226308920 25.7979834321 6.5983141993 -0.822757 -4.432383 -2.028802 -0.053746 5.000000 0.598810 0.547007 -0.615041 -0.492258 -1.938420 -1.259034 2.865063 3.437782 1.084967 -1.422527 -3.775922 -0.386038 -0.639269 -1.770864 -3.053235 -1.255924 0.460462 0.749905 -1.793638 -2.689951 5.000000 -0.943264 3.273425 2.612993 -1.224091 0.263981 -1.788810 0.883234 3.853839 -1.016555 -0.687269 -0.285074 -3.493036 -1.187843 1.747381
1005 17.2591617700 1.0000000000 2.0000000000 0.5800056557 67.0000000000 5.6075383466 0.8844310329 5.4299074145 0.2642290214 4.7179770930 0.2070773324 29.4838945305 -443.4747295875 25.7454349434 6.5706212241 -1.403505 -1.059726 1.642129 -5.000000 2.493634 1.156796 -3.626082 -0.550632 5.000000 3.515919 2.941780 1.024281 5.000000 -4.355068 -3.350251 -2.368666 -1.803992 -2.560404 -0.052496 -4.423070 0.743664 4.028673 2.385720 -3.710455 1.307476 3.026495 2.151233 3.205841 5.000000 -2.560833 2.049846 1.763121 0.356435 1.797951 -1.084692 -0.614068 1.935161 -0.550278 1.745174 -0.740575
evaluations raw_y rep iid sigma t d_norm d_mean ps_norm ps_mean pc_norm pc_mean ps_squared loglikelihood mhl_norm mhl_mean x0 x1 x2 x3 x4 x5 x6 x7 x8 x9 x10 x11 x12 x13 x14 x15 x16 x17 x18 x19 x20 x21 x22 x23 x24 x25 x26 x27 x28 x29 x30 x31 x32 x33 x34 x35 x36 x37 x38 x39
1 12.9481316639 2.0000000000 2.0000000000 0.5800056557 67.0000000000 5.6075383466 0.8844310329 5.4299074145 0.2642290214 4.7179770930 0.2070773324 29.4838945305 -443.4747295875 25.7454349434 6.5706212241 -0.833516 -0.112534 -4.272392 3.280542 -3.586871 -1.683495 1.005763 -2.490576 -2.115904 -1.818015 1.102908 4.584416 0.083079 -2.235851 1.078117 -1.192319 -0.038261 2.350002 -1.495742 0.018051 -1.756216 -0.312868 0.513141 -1.977558 -0.677644 -0.472368 -1.275310 -2.375225 -2.842434 -0.306990 -0.538114 4.462734 -4.869535 0.225453 0.740889 2.719268 1.003714 -1.688427 0.000020 1.084705
2 9.8764206040 2.0000000000 2.0000000000 0.5800056557 67.0000000000 5.6075383466 0.8844310329 5.4299074145 0.2642290214 4.7179770930 0.2070773324 29.4838945305 -443.4747295875 25.7454349434 6.5706212241 -0.627016 1.542023 -3.736181 3.462369 2.935356 -0.671355 1.222682 0.095941 -1.658271 0.175420 2.000732 -0.762185 -0.751339 -0.148942 0.866993 2.556758 -1.269359 1.016792 0.432232 -3.717225 -0.838633 -0.264658 -0.079140 0.652007 -4.080646 0.092511 -1.355351 -2.878878 1.048593 1.470559 -1.306501 1.684913 -0.763033 0.132978 -2.197478 3.168974 -5.000000 -0.182905 1.390239 -4.066933
7 8.2506813180 2.0000000000 2.0000000000 0.5800056557 67.0000000000 5.6075383466 0.8844310329 5.4299074145 0.2642290214 4.7179770930 0.2070773324 29.4838945305 -443.4747295875 25.7454349434 6.5706212241 -2.635135 -4.051187 -0.164491 -0.609333 -0.319448 1.097893 -1.236751 0.757589 1.026503 -0.669688 -0.567039 1.076849 0.114502 0.318177 -4.748805 0.117040 0.753092 -0.270960 0.671817 3.808752 0.170729 1.330669 -1.699991 -1.704684 -0.959970 -2.039298 -0.015202 -1.867661 -0.349994 -2.874287 -3.304401 -1.351324 -2.134134 -1.305862 -1.224190 -0.702525 2.090956 2.738032 1.450707 -0.718949
12 8.0649904498 2.0000000000 2.0000000000 0.5800056557 67.0000000000 5.6075383466 0.8844310329 5.4299074145 0.2642290214 4.7179770930 0.2070773324 29.4838945305 -443.4747295875 25.7454349434 6.5706212241 1.153819 1.435611 -1.877998 1.257552 -1.128987 -4.175615 -0.430100 -2.150057 -0.675944 0.686425 4.565079 -0.991558 -0.327926 0.743244 0.373043 -0.316858 -2.165859 -1.913251 -0.366753 -2.319614 -1.315537 -2.502897 2.248966 -2.995680 3.804034 -1.160766 -2.109831 -2.365514 1.558960 2.053196 -1.697332 0.663079 -0.299183 -0.484881 0.302394 1.530139 -3.833261 -4.454683 0.413380 -0.141753
35 7.3025922417 2.0000000000 2.0000000000 1.8271517551 2.0000000000 6.2993761977 0.9959713139 4.5943006563 -0.0440795114 3.9643033495 -0.0446999882 21.1075985204 -1226.8241065617 25.1566327514 6.3961685080 0.172147 3.750769 -2.086095 -2.771377 -3.589573 -0.457447 -4.166107 -3.049634 -0.016959 -1.540826 1.354890 -4.243009 1.798254 1.391196 -1.335811 3.968682 -1.691461 -0.027983 0.792505 4.275490 -1.891245 0.795730 5.000000 -1.014114 3.205006 -2.917390 0.428586 -2.186400 1.871131 -0.873900 -2.046032 2.280478 -0.595639 -2.052904 0.752181 2.914233 -1.008478 -2.145259 4.163297 -5.000000
45 6.5918107460 2.0000000000 2.0000000000 1.8271517551 2.0000000000 6.2993761977 0.9959713139 4.5943006563 -0.0440795114 3.9643033495 -0.0446999882 21.1075985204 -1226.8241065617 25.1566327514 6.3961685080 -5.000000 1.037566 -5.000000 2.094672 -1.570278 3.313800 -1.539803 -3.789439 -0.322022 -1.101869 0.528862 -0.925863 -3.660894 -0.144566 0.728762 2.255615 2.217530 -2.156557 -0.113586 1.900221 -0.810363 -1.857460 2.925625 1.151070 1.549441 -1.297500 -2.225782 -3.621518 1.004151 -1.448394 -3.412787 2.563642 -2.064306 2.213130 -3.512178 -0.489050 -1.743458 -2.602877 0.934291 -1.012978
175 3.9713860390 2.0000000000 2.0000000000 1.6772307430 11.0000000000 6.2045901975 0.9806032470 5.7320616261 -0.0544768329 5.4743560027 -0.0636807123 32.8565304851 -1133.7449051086 24.1085468337 6.1370726153 -5.000000 -1.347199 -0.765802 -2.846780 -1.414392 2.324675 -3.299617 -1.925641 4.091406 4.338049 3.915098 -5.000000 -0.519350 0.169149 0.896739 0.245552 -1.951838 -0.900287 -0.755648 5.000000 -0.290619 -5.000000 -0.322665 2.532166 1.639367 0.813525 -4.363317 3.234430 -0.894052 -4.255506 1.943157 0.564010 0.898599 3.963867 -5.000000 1.677680 -2.169236 -5.000000 -0.127969 -5.000000
1005 14.2493609829 2.0000000000 2.0000000000 0.6348338814 67.0000000000 5.6109547598 0.8846855489 6.3977222329 0.1318401634 5.4370279228 0.1373034853 40.9308497689 -492.4341033052 25.5549775941 6.5101356152 -3.824281 -1.334786 -4.115763 -4.314108 -1.071116 5.000000 -2.758539 -1.390025 4.608489 1.495826 1.286042 -4.044047 1.424120 -2.993170 0.070196 3.231527 0.049001 3.431216 -3.137333 4.789729 -2.497033 2.182437 3.147494 3.492718 -0.673823 3.164470 -0.662727 1.713978 3.539047 -4.165053 3.368549 3.357022 3.289749 3.970932 -4.092383 -2.856059 -3.929974 -1.756304 1.986665 -3.000318
evaluations raw_y rep iid sigma t d_norm d_mean ps_norm ps_mean pc_norm pc_mean ps_squared loglikelihood mhl_norm mhl_mean x0 x1 x2 x3 x4 x5 x6 x7 x8 x9 x10 x11 x12 x13 x14 x15 x16 x17 x18 x19 x20 x21 x22 x23 x24 x25 x26 x27 x28 x29 x30 x31 x32 x33 x34 x35 x36 x37 x38 x39
1 24.0039606855 3.0000000000 2.0000000000 0.6348338814 67.0000000000 5.6109547598 0.8846855489 6.3977222329 0.1318401634 5.4370279228 0.1373034853 40.9308497689 -492.4341033052 25.5549775941 6.5101356152 3.577257 0.873020 0.192995 -3.726985 -0.554776 -0.709518 -0.165483 -1.254001 -0.087636 -0.954436 -2.627730 1.769245 1.762636 3.419146 0.100067 -0.809355 -1.090720 -3.092955 1.964735 -2.202135 -2.370093 -0.411300 2.972297 0.473433 -2.047570 -1.425986 1.250490 -0.321027 -1.537673 -0.460061 1.490113 3.952222 -2.488247 -1.252834 -1.607532 -4.838166 -1.847584 -2.047752 2.247956 -0.263828
2 9.6437249033 3.0000000000 2.0000000000 0.6348338814 67.0000000000 5.6109547598 0.8846855489 6.3977222329 0.1318401634 5.4370279228 0.1373034853 40.9308497689 -492.4341033052 25.5549775941 6.5101356152 -3.246571 1.293351 -0.712542 -3.486282 -1.193299 -1.177189 -1.747765 0.059428 -4.496516 -0.535524 2.026367 1.705596 2.216375 2.238781 2.975086 -2.236601 1.691667 -3.721779 -1.205770 -3.828944 2.096295 2.667476 -0.394829 3.549290 -1.349455 0.301234 0.305891 -2.128391 0.875893 3.877957 -2.049862 1.798677 -0.309014 3.539255 0.967577 1.352433 1.286327 0.498173 -2.791527 2.783326
4 8.8966342308 3.0000000000 2.0000000000 0.6348338814 67.0000000000 5.6109547598 0.8846855489 6.3977222329 0.1318401634 5.4370279228 0.1373034853 40.9308497689 -492.4341033052 25.5549775941 6.5101356152 -1.356425 0.852870 -1.506670 -3.488221 0.451501 0.574070 -0.154882 0.552137 -1.296822 -1.474930 -0.336180 3.818554 1.629629 -1.039984 1.117426 -0.956729 -0.914522 1.718568 -1.050529 -3.351269 -1.812989 0.176830 0.256016 2.483233 -1.432052 1.462931 0.851933 -0.298028 1.671688 0.984238 -1.724617 2.143368 -2.441804 0.119231 0.004888 0.849271 -1.450867 -0.069887 -0.281240 1.994177
6 7.8552546583 3.0000000000 2.0000000000 0.6348338814 67.0000000000 5.6109547598 0.8846855489 6.3977222329 0.1318401634 5.4370279228 0.1373034853 40.9308497689 -492.4341033052 25.5549775941 6.5101356152 -0.643169 0.302261 -0.037255 0.967058 1.537930 2.732486 2.294530 -0.220458 0.776501 -0.774254 -1.174441 3.821654 -0.919692 3.981476 -0.698071 0.505650 2.178819 0.047844 0.786251 -0.482770 -0.951050 -0.331554 -1.299435 3.262766 -0.335397 3.445338 -5.000000 0.036842 1.123903 -0.587642 2.189306 1.279385 -0.549200 0.870019 5.000000 0.503990 0.599005 -0.879983 0.266994 -2.578522
15 7.0738473216 3.0000000000 2.0000000000 0.6348338814 67.0000000000 5.6109547598 0.8846855489 6.3977222329 0.1318401634 5.4370279228 0.1373034853 40.9308497689 -492.4341033052 25.5549775941 6.5101356152 -4.421583 0.283621 1.487274 0.272264 -0.633610 1.536148 -2.206657 1.111090 2.861395 -2.082749 -1.639667 0.271881 1.979146 2.678297 1.361254 -1.339006 -2.228825 0.485957 0.796515 -2.201105 0.119581 0.664475 2.090128 -1.981125 1.113929 -2.338552 -0.853172 -0.156553 3.035833 5.000000 0.507091 0.990583 2.015083 -2.723312 1.531327 -2.483480 3.258224 2.886984 1.003079 -1.613397
268 6.1716292035 3.0000000000 2.0000000000 1.4303067738 17.0000000000 6.1295084140 0.9685805811 5.8260435760 0.0338812447 5.1895693019 0.0388648145 33.9427837490 -1022.6219429496 23.8750382380 6.1128999896 4.811400 2.002197 -0.923128 -0.967439 0.663623 5.000000 2.888001 4.062419 1.018516 -5.000000 0.284514 -1.771610 3.890737 2.859786 3.578704 -0.186374 -3.665573 -2.325373 3.028653 -3.946362 3.529432 -0.340140 -1.823110 0.439639 0.385595 0.218014 -4.226086 -2.197398 4.819928 0.585557 -1.713030 0.969281 -3.036726 -2.401819 -0.599158 -2.685297 4.192533 2.082022 4.331552 5.000000
408 5.9764927973 3.0000000000 2.0000000000 1.2350194621 27.0000000000 6.0253571131 0.9517536350 5.0029848343 -0.1853099045 4.5597149518 -0.1642837317 25.0298572524 -957.0556153309 25.5361557599 6.4698970398 0.806424 -0.959207 -1.162735 -5.000000 1.255858 3.552095 2.467587 2.979565 1.566832 -3.558771 -0.043445 -0.342738 -2.595313 4.845476 2.437778 -4.148613 -1.201718 1.900748 1.062111 -4.183655 2.728482 0.521597 -0.894016 1.781401 4.052347 0.238186 -2.893187 -2.762735 4.944154 0.784252 -1.278377 2.767079 -3.719133 -3.680254 1.394721 -0.616466 3.868498 0.660330 3.047948 2.583045
742 5.6445470912 3.0000000000 2.0000000000 1.0274810651 49.0000000000 5.8062036095 0.9160355905 5.8170371856 -0.1329606396 5.0763485716 -0.1194754142 33.8379216186 -797.8616134063 24.8823495277 6.3113696629 1.091324 2.280918 -1.077909 -4.026192 5.000000 1.848417 3.280048 3.931001 -2.105504 -0.439419 0.095703 0.923226 -1.970532 0.044732 5.000000 -2.320342 -3.854572 3.425012 -1.778300 -2.195714 1.276309 -4.255799 -3.340780 -3.932514 4.256539 -4.398099 -1.759162 -2.058627 4.660164 1.800885 -1.524664 3.440977 -3.627348 -4.385840 0.271240 -1.956380 -0.103444 -0.973078 1.083389 2.137658
991 5.2024724661 3.0000000000 2.0000000000 0.7863083888 66.0000000000 5.6373104085 0.8888456146 5.1766531999 -0.1677202426 4.5693056261 -0.1605159192 26.7977383516 -635.4014513973 25.9039772904 6.6216273634 -0.845730 2.857896 -2.421682 -1.975048 4.062715 3.801835 0.806853 4.277965 -0.164603 -1.492872 0.508137 0.131007 -1.161581 -1.101077 2.952551 -1.052625 -3.344795 3.479317 -3.317911 -5.000000 1.389335 -4.809734 -4.655563 -2.853144 2.988914 -3.494332 -4.447315 -3.632810 2.751289 0.203981 -2.698757 4.132011 -3.211054 -3.750688 1.577537 -2.068555 -0.008389 2.265753 1.814468 3.197838
1005 20.9408239743 3.0000000000 2.0000000000 0.7790718536 67.0000000000 5.6272697705 0.8872512209 5.7869646004 -0.1898325740 4.9638835170 -0.1774346759 33.4889592858 -633.2294795817 26.0952198319 6.6424971547 0.205752 3.324637 -2.463909 -3.403245 3.525559 3.988750 -0.720594 2.767675 -1.435775 -1.771722 -0.176416 -1.537325 -0.947866 -1.323868 4.389041 -1.430437 -4.086422 5.000000 -3.928194 -5.000000 1.648800 -4.425100 -4.848842 -3.123033 4.609614 -3.059425 -2.683412 -3.160101 4.152104 -0.002114 -3.107888 5.000000 -3.124432 -4.600556 0.709805 -3.172811 -2.023391 2.865756 2.211602 3.354507
evaluations raw_y rep iid sigma t d_norm d_mean ps_norm ps_mean pc_norm pc_mean ps_squared loglikelihood mhl_norm mhl_mean x0 x1 x2 x3 x4 x5 x6 x7 x8 x9 x10 x11 x12 x13 x14 x15 x16 x17 x18 x19 x20 x21 x22 x23 x24 x25 x26 x27 x28 x29 x30 x31 x32 x33 x34 x35 x36 x37 x38 x39
1 14.9769748133 4.0000000000 2.0000000000 0.7790718536 67.0000000000 5.6272697705 0.8872512209 5.7869646004 -0.1898325740 4.9638835170 -0.1774346759 33.4889592858 -633.2294795817 26.0952198319 6.6424971547 0.101123 0.999903 -1.991818 1.387197 -0.836603 -3.169154 -1.295414 1.197150 0.664500 -2.294953 1.237339 -0.175974 0.850145 0.664506 -2.313633 0.701994 -1.213775 3.093959 1.446683 0.092271 -1.965983 0.108865 0.319786 -2.417896 4.446720 0.788590 3.384715 -2.225624 3.271495 -2.721931 -1.302452 1.084903 0.096012 -4.716147 -2.211168 1.675673 4.175742 1.829682 -0.552407 1.593024
3 8.7944023738 4.0000000000 2.0000000000 0.7790718536 67.0000000000 5.6272697705 0.8872512209 5.7869646004 -0.1898325740 4.9638835170 -0.1774346759 33.4889592858 -633.2294795817 26.0952198319 6.6424971547 -2.194244 -1.056392 -4.759551 -1.215367 -2.150580 4.044810 -1.129751 -3.085858 1.741684 -0.350421 0.097206 0.377292 0.418627 -0.748890 1.909397 1.046495 -0.991637 -0.342929 -1.888737 0.561729 1.476494 1.301506 1.229481 -0.253137 3.157748 -0.414363 0.060134 -0.672360 0.162528 -0.481048 4.064359 0.851693 -3.365930 -0.867773 -2.832455 1.759798 2.749186 -0.902086 1.227065 -0.420313
35 7.8249557824 4.0000000000 2.0000000000 1.7864450030 2.0000000000 6.3003996396 0.9961458413 3.8577548619 -0.0465014642 3.3207814280 -0.0382568189 14.8822725746 -1219.2282288944 25.4039218262 6.4755163711 0.794354 1.191475 -3.693046 2.209387 -1.546572 -0.159542 -0.814572 -1.148704 0.049839 1.965705 0.867906 0.155853 -1.643679 -1.655248 1.015273 2.577926 -0.217510 -3.226760 0.174139 -0.290854 -4.252636 -0.867765 -1.280266 0.797442 -0.894228 -0.644288 1.963197 -0.666855 0.016674 -2.726976 1.120247 -0.288320 -0.291082 -2.847460 0.603723 -2.440142 1.721990 0.112537 -1.429324 0.057305
66 7.2529652641 4.0000000000 2.0000000000 1.6541856501 4.0000000000 6.2769388604 0.9923964543 4.7923010472 -0.0614887212 4.2046138877 -0.0549994717 22.9661493271 -1165.7784291581 25.2214984451 6.4617660071 -1.263492 3.013565 -2.918476 0.797275 -0.011047 -1.332361 4.270266 0.409325 -1.760121 2.076910 0.210631 2.559330 -2.347803 -5.000000 4.924790 2.852361 0.573041 -0.453783 0.796634 -1.149459 -3.207283 0.272697 1.686200 1.497352 -0.583180 2.464466 3.490517 2.814418 -5.000000 0.305844 3.869296 -2.111002 -0.430682 -1.916422 -1.239757 -3.894263 2.086649 0.625314 -3.729037 -2.240785
84 7.0152603357 4.0000000000 2.0000000000 1.6194680018 5.0000000000 6.2661511330 0.9906615244 5.1421586998 -0.0345875845 4.6017547676 -0.0344502555 26.4417960936 -1152.1668272518 25.2568562848 6.4840479129 -1.203196 1.127623 -2.961239 0.865888 -0.497396 -2.881098 3.392424 3.533405 -2.282998 -0.470307 0.985726 -0.753863 0.587231 -3.813532 5.000000 0.840465 0.331241 1.408402 -0.247954 -1.978280 -1.474541 -0.016932 -1.255768 3.300186 0.236049 2.164254 0.132227 -0.248757 -5.000000 -2.273297 -1.391979 -1.762545 0.287909 -2.340110 0.039900 -0.597789 2.447176 3.256236 -1.962451 -1.452945
137 6.0960141061 4.0000000000 2.0000000000 1.4913538387 9.0000000000 6.2173223795 0.9828023970 4.7199330601 0.0800597083 4.4931521712 0.0638505960 22.2777680922 -1087.0552816845 24.9624121497 6.3638178403 -0.328353 1.444101 -2.587697 2.681961 1.525646 -4.346805 4.623404 -0.192823 1.151447 -1.692163 1.844358 2.939830 -1.286918 -2.694261 3.990943 2.673522 2.210588 -2.973987 0.169916 -2.531591 -5.000000 -0.511820 -0.246013 -0.513889 1.634477 -2.990683 2.904414 -0.571108 -3.761135 -2.826977 4.292608 -1.637174 2.123681 -4.246647 0.719362 -0.670804 2.632738 3.388244 -3.878479 1.076200
1005 18.8709410693 4.0000000000 2.0000000000 0.6803839204 67.0000000000 5.6205188801 0.8857811721 5.6753726351 -0.3479385545 4.7731073012 -0.2872513661 32.2098545477 -529.1350561404 25.3624480519 6.4978416694 0.156578 -0.398973 -0.835419 -1.424212 -1.559192 0.896313 -3.878215 -0.305543 -3.646503 -1.491215 0.486272 -3.811852 -1.292659 -2.007078 -3.806755 2.482096 -4.227583 -1.262446 4.190879 3.127847 -4.147652 -3.743914 -3.384265 -3.527026 2.247288 3.752457 -0.024322 -1.033412 0.138649 -0.639366 1.180948 -4.586648 -0.615483 -3.812651 -3.345571 0.820723 2.042146 3.190778 -0.156087 -2.340250
evaluations raw_y rep iid sigma t d_norm d_mean ps_norm ps_mean pc_norm pc_mean ps_squared loglikelihood mhl_norm mhl_mean x0 x1 x2 x3 x4 x5 x6 x7 x8 x9 x10 x11 x12 x13 x14 x15 x16 x17 x18 x19 x20 x21 x22 x23 x24 x25 x26 x27 x28 x29 x30 x31 x32 x33 x34 x35 x36 x37 x38 x39
1 8.4296463848 5.0000000000 2.0000000000 0.6803839204 67.0000000000 5.6205188801 0.8857811721 5.6753726351 -0.3479385545 4.7731073012 -0.2872513661 32.2098545477 -529.1350561404 25.3624480519 6.4978416694 0.882455 -0.661740 4.861542 -0.504184 0.219220 3.164962 -1.818465 -1.183273 0.375206 -0.659740 -2.385529 -0.409753 -0.717658 1.206943 -3.329577 -1.400358 2.302782 3.714662 -3.022359 1.289695 -1.961216 -1.713706 -1.743758 -0.845016 1.992880 1.424843 0.118288 -0.726622 0.006578 -0.211861 1.586107 -1.263143 -0.012390 -0.202135 -0.104616 0.498435 0.395320 2.669697 -0.173751 3.123065
12 8.2690476343 5.0000000000 2.0000000000 0.6803839204 67.0000000000 5.6205188801 0.8857811721 5.6753726351 -0.3479385545 4.7731073012 -0.2872513661 32.2098545477 -529.1350561404 25.3624480519 6.4978416694 -0.140262 -3.011046 -0.210160 2.593642 1.434385 1.395542 -1.608996 -0.290104 0.404646 1.357399 2.685024 -1.998661 3.399096 -0.572432 -0.503274 -2.416894 -0.135590 -0.456372 -2.469009 -0.582767 0.242714 -0.822868 1.558521 -2.049369 1.779764 -0.371965 0.744540 -3.690370 0.258292 -0.123800 1.871416 -2.359806 2.728083 -2.165262 2.633388 1.156391 -1.508923 4.339523 -2.391249 -0.343948
73 7.1446612962 5.0000000000 2.0000000000 1.6671002117 4.0000000000 6.2718932893 0.9915912521 4.4497809788 0.0113785061 3.9778763973 0.0025429630 19.8005507594 -1185.5462729238 25.8991597200 6.5953223398 -0.192250 0.109376 0.932663 1.187709 1.628354 -0.241546 0.532697 -2.486319 -0.838675 -0.003381 -0.038124 -2.639668 0.416566 -2.240950 0.253044 -1.530398 1.668000 4.248822 -2.338876 0.111941 -4.746955 -1.382179 2.038848 1.059778 2.510780 0.097169 0.397319 -1.102530 -1.918975 0.020422 0.977999 0.067361 0.512559 -2.014869 1.551522 0.509751 -2.061684 0.477593 -2.085898 -1.491701
262 5.6490123101 5.0000000000 2.0000000000 1.2610722574 17.0000000000 6.1224161880 0.9675171152 4.7014723650 -0.1468752418 4.4751531641 -0.1364086992 22.1038423989 -955.6172289932 24.3078646354 6.1951860963 -2.488639 -3.418373 2.733804 3.120821 0.701449 1.267341 -1.834602 0.560487 2.991264 0.190438 2.500422 -3.743391 -2.578252 -5.000000 1.211605 -2.023358 2.698318 3.898451 -5.000000 2.345870 -5.000000 2.446136 1.067875 0.306925 -0.824062 1.341864 -3.013857 0.946666 -1.153279 -3.453319 -2.534555 -0.655989 -1.513209 -4.073480 -4.174745 3.829176 -3.882386 -2.115789 -2.021022 1.504687
519 4.0607631512 5.0000000000 2.0000000000 1.0312181775 34.0000000000 5.9315700242 0.9366275122 6.0048268371 0.2450994416 5.4504744459 0.2431574086 36.0579453437 -809.8315290060 24.4484293509 6.2339753451 -2.772960 -2.130031 5.000000 3.015709 1.982812 0.797012 -3.244994 1.755157 0.705551 -1.137071 3.245876 -5.000000 -1.095566 -0.757276 5.000000 -0.557270 -0.692466 5.000000 -1.235667 2.136696 -1.700759 2.894326 4.120401 1.804621 -1.797826 3.510591 -2.570871 -0.412897 2.611738 -2.101884 -2.337729 -2.775695 2.267945 -1.956592 -2.742049 0.162901 -0.181212 -5.000000 0.064529 1.268101
1005 12.8873413377 5.0000000000 2.0000000000 0.8999310799 67.0000000000 5.6303256336 0.8868713117 4.8569899007 0.0393069699 4.4641177695 -0.0010047785 23.5903508951 -698.2654076925 25.3403374901 6.4579813359 -3.369341 -2.481070 3.811898 2.642168 1.707928 4.173824 -3.915314 -2.172469 3.271778 1.461851 2.474914 -5.000000 -0.634648 -2.431328 3.350832 -0.931697 -1.381515 5.000000 -1.526357 2.547697 -2.140557 1.622977 2.161719 -1.894069 -1.100075 2.819745 -1.611471 -1.311217 3.345353 1.288919 -0.206263 -2.975367 4.637522 -2.779144 -4.471342 -1.783179 -3.178902 -3.664434 2.851609 -3.074955
evaluations raw_y rep iid sigma t d_norm d_mean ps_norm ps_mean pc_norm pc_mean ps_squared loglikelihood mhl_norm mhl_mean x0 x1 x2 x3 x4 x5 x6 x7 x8 x9 x10 x11 x12 x13 x14 x15 x16 x17 x18 x19 x20 x21 x22 x23 x24 x25 x26 x27 x28 x29 x30 x31 x32 x33 x34 x35 x36 x37 x38 x39
1 14.8070265167 6.0000000000 2.0000000000 0.8999310799 67.0000000000 5.6303256336 0.8868713117 4.8569899007 0.0393069699 4.4641177695 -0.0010047785 23.5903508951 -698.2654076925 25.3403374901 6.4579813359 -0.623567 1.458008 0.435642 -1.798184 -4.973561 1.826503 2.254127 -3.028186 3.278582 -0.859787 5.000000 1.203644 -0.671763 2.475476 0.222256 0.258302 0.152255 -0.310256 1.268451 1.621310 0.709617 3.625181 -2.712952 -0.927264 1.649308 -2.352863 3.128979 1.425410 -0.362013 1.068399 -1.173226 -2.963707 1.714495 1.886198 0.228883 -0.043913 -4.254289 -1.668815 -0.931017 0.467421
2 12.3559601065 6.0000000000 2.0000000000 0.8999310799 67.0000000000 5.6303256336 0.8868713117 4.8569899007 0.0393069699 4.4641177695 -0.0010047785 23.5903508951 -698.2654076925 25.3403374901 6.4579813359 2.770070 -1.039254 -1.560304 1.911219 -0.253473 -2.737226 2.436961 -1.715003 -1.122942 -2.067040 0.717542 2.147363 -0.751009 0.792735 -0.942893 4.673216 3.005571 -1.190919 1.056682 1.879650 0.852571 -1.516314 -0.324734 1.453620 0.888166 -1.713645 0.893857 -2.029296 -4.264647 0.347726 1.902403 0.883795 2.938035 3.499033 0.707061 -1.286675 -0.094474 -2.898080 -0.072380 -0.181694
3 11.9090848023 6.0000000000 2.0000000000 0.8999310799 67.0000000000 5.6303256336 0.8868713117 4.8569899007 0.0393069699 4.4641177695 -0.0010047785 23.5903508951 -698.2654076925 25.3403374901 6.4579813359 0.352581 2.189241 -4.252949 1.502898 -1.081214 1.586445 0.347307 -2.070869 1.748537 -1.479144 1.045891 -1.183753 -0.954974 0.225059 3.809485 1.388306 -0.039163 3.325686 0.061217 -0.594998 -1.936275 0.334133 0.233204 -1.364515 -3.828042 -0.279805 0.229849 -0.790009 -1.906633 -2.145655 -0.968891 2.725876 0.305376 -3.265241 1.286603 -0.895790 4.678068 -0.626646 -0.119235 0.388337
19 9.8106985387 6.0000000000 2.0000000000 1.8834600722 1.0000000000 6.3118749483 0.9979781035 3.0498736406 -0.0237878858 2.5864078359 -0.0201730240 9.3017292237 -1257.8979356069 25.6192195059 6.5484097935 -0.207151 0.826186 -0.298892 2.543015 0.525297 -0.544045 0.100281 -2.363416 -2.036329 -0.454369 0.590197 1.433452 -3.346952 0.405953 -0.299467 1.791798 3.060657 -1.311338 -2.688677 -1.573340 -2.113388 3.337591 -0.397920 -2.011844 -2.733173 2.793432 2.788466 -5.000000 -1.218493 -2.243779 -1.063009 -0.908892 3.180119 1.485831 3.306901 2.196932 0.427702 -3.710260 1.312594 -0.663650
35 7.3367853912 6.0000000000 2.0000000000 1.8151906485 2.0000000000 6.2998965135 0.9960652961 4.2956138355 0.0907856470 3.7157157919 0.0762620820 18.4522982237 -1210.8160155671 24.6770633426 6.2806538413 1.426508 -0.750518 -0.182632 3.696016 3.134362 -1.008743 3.038567 3.646126 -0.633536 0.402010 0.503375 -0.626313 -0.939221 0.979869 0.869175 0.282042 2.852026 -0.049284 2.765175 -1.867609 -1.905367 1.430920 -1.399137 -0.224580 -1.317923 -1.837648 3.765843 -1.264184 -2.030847 -1.932119 1.271018 -0.281318 0.815908 -0.332304 2.154482 2.105762 -0.477089 -0.589154 -0.118993 -0.111185
112 4.9503810111 6.0000000000 2.0000000000 1.5793024348 7.0000000000 6.2440002179 0.9870943113 5.2120375723 -0.1372768672 4.7741243035 -0.1080398006 27.1653356546 -1102.9599643993 24.0478442424 6.1500909182 0.600885 -0.797996 -2.180843 -1.569071 3.573979 -0.934578 2.989004 3.522773 -0.186248 0.843303 1.694649 1.639247 4.433154 1.291816 0.700635 -1.456206 0.886670 -1.610634 -0.729851 -3.636422 -1.002276 -1.514534 -3.837344 -2.340392 -3.698521 -1.626756 2.920099 -4.643393 -3.178112 -2.553496 -1.131510 -0.894687 4.910990 -1.972511 -0.338106 0.160359 0.439924 -2.550890 -0.047613 0.792075
1005 10.8500592314 6.0000000000 2.0000000000 0.7158931443 67.0000000000 5.6426934246 0.8895307477 7.0127585487 -0.0586360514 6.0579073702 -0.0089878681 49.1787824620 -560.4162342062 25.0437320360 6.3956551262 -3.625244 -3.870443 0.159326 4.510647 4.574260 -2.694092 4.156047 4.910855 1.106553 0.486718 -2.571858 -0.197884 -1.580155 4.033603 -2.636502 2.559826 1.307841 1.729282 -2.530491 0.239958 -3.556735 2.661882 -1.741529 -3.684504 3.934582 -3.461325 0.188690 1.598083 1.408462 -0.139367 -4.350531 2.443389 0.150810 -0.131485 -0.405427 2.063122 -1.177480 -4.910148 1.102801 -3.885623
evaluations raw_y rep iid sigma t d_norm d_mean ps_norm ps_mean pc_norm pc_mean ps_squared loglikelihood mhl_norm mhl_mean x0 x1 x2 x3 x4 x5 x6 x7 x8 x9 x10 x11 x12 x13 x14 x15 x16 x17 x18 x19 x20 x21 x22 x23 x24 x25 x26 x27 x28 x29 x30 x31 x32 x33 x34 x35 x36 x37 x38 x39
1 19.9756206071 7.0000000000 2.0000000000 0.7158931443 67.0000000000 5.6426934246 0.8895307477 7.0127585487 -0.0586360514 6.0579073702 -0.0089878681 49.1787824620 -560.4162342062 25.0437320360 6.3956551262 3.381051 -0.931875 0.065640 0.815033 -1.577846 0.004131 -0.001781 -3.509449 2.035316 1.200997 -1.250858 -0.343097 1.010599 -0.522713 -0.485498 -2.906483 1.109161 0.247762 0.548920 -3.053049 3.301399 0.308671 -0.774280 4.058144 -0.090772 -2.901357 -0.810456 -4.576630 2.098793 -0.832949 -1.485107 2.144940 -3.302151 1.070859 -4.128830 -1.324319 -2.408440 2.923951 3.532322 -0.658828
2 14.5251045772 7.0000000000 2.0000000000 0.7158931443 67.0000000000 5.6426934246 0.8895307477 7.0127585487 -0.0586360514 6.0579073702 -0.0089878681 49.1787824620 -560.4162342062 25.0437320360 6.3956551262 1.681466 -0.359973 1.136124 -1.505674 -3.416678 -3.606197 0.766244 4.495190 0.538823 -1.049209 3.824038 0.474604 0.202868 0.505155 -0.264754 -0.618953 -2.869927 1.003248 -0.189551 2.386172 -0.737637 -3.812740 -0.199221 3.399075 -0.766846 -1.779714 -2.387184 -2.100034 -0.600387 -2.359964 2.995278 -0.565270 0.217297 2.876479 3.006637 -0.425466 0.663948 1.470053 -0.385711 -3.556026
3 13.6217468939 7.0000000000 2.0000000000 0.7158931443 67.0000000000 5.6426934246 0.8895307477 7.0127585487 -0.0586360514 6.0579073702 -0.0089878681 49.1787824620 -560.4162342062 25.0437320360 6.3956551262 1.309411 1.788705 0.831005 -1.847089 -0.392055 -1.181540 -0.599422 2.593770 3.059159 1.338836 1.097490 1.353258 -0.024484 -0.151327 -1.347290 -0.111735 4.519894 1.738079 -0.684234 -0.943853 -1.728980 0.748741 0.783091 -2.886243 0.972670 -1.138945 2.853442 0.313688 3.435460 -0.916254 -0.575968 0.599617 2.111897 1.131765 -2.467048 0.365801 0.044489 -0.858137 -1.296211 3.495154
4 12.0127493721 7.0000000000 2.0000000000 0.7158931443 67.0000000000 5.6426934246 0.8895307477 7.0127585487 -0.0586360514 6.0579073702 -0.0089878681 49.1787824620 -560.4162342062 25.0437320360 6.3956551262 -0.780773 -1.691845 1.274226 0.261246 -0.151628 1.562604 0.977251 0.724380 1.928401 0.567273 -1.233844 -0.724564 -1.041945 0.419444 -2.155970 -3.664852 0.176310 -2.673041 -3.903956 0.746662 -1.422106 0.992251 -1.061708 -2.243925 -2.487035 -1.029854 -0.546766 -1.646920 -0.562216 -3.072205 0.028978 -3.587297 -0.387713 1.394588 2.183878 3.428760 -3.112575 1.517450 2.412564 1.961114
7 10.8641101558 7.0000000000 2.0000000000 0.7158931443 67.0000000000 5.6426934246 0.8895307477 7.0127585487 -0.0586360514 6.0579073702 -0.0089878681 49.1787824620 -560.4162342062 25.0437320360 6.3956551262 -0.265575 -3.799723 2.550723 0.038723 1.472756 -2.345833 2.576407 -1.176526 -0.215334 -2.802849 -0.333899 -0.459608 -0.370721 0.877009 0.120692 1.951565 -0.936316 -1.992032 -0.038213 1.256736 2.489284 1.627843 -3.530881 0.754117 2.920744 0.125153 -1.032085 0.618322 -1.006484 1.278226 -0.025989 2.786000 0.999005 -1.447769 1.209263 1.872023 -1.136912 -0.851589 -4.610367 1.806812
22 7.8805382129 7.0000000000 2.0000000000 1.8845959943 1.0000000000 6.3114731141 0.9979123432 3.0823647846 -0.0727869419 2.6139615510 -0.0617260710 9.5009726651 -1286.8977392808 26.7120501353 6.8264073620 1.766155 -1.754889 1.592840 -0.145028 -0.790620 0.216723 -1.104892 -2.320391 4.765821 -0.890547 -5.000000 -1.015809 1.596569 2.456286 -3.278549 0.861506 0.442570 -0.948755 -0.413928 0.844090 1.246526 -2.620802 -1.633695 -1.436956 1.551909 1.882477 -1.700075 1.618084 -0.263072 1.126880 -2.622603 3.385722 -0.722486 -4.699369 2.118530 3.315315 0.083271 2.214213 -2.922565 4.143302
38 4.4895663031 7.0000000000 2.0000000000 1.8124144109 2.0000000000 6.3007700965 0.9961978577 4.1806385401 -0.0473716720 3.6163872971 -0.0429074476 17.4777386031 -1222.6424908825 25.1724897506 6.4460144123 0.149795 1.518134 2.318988 1.888820 -1.970354 2.842173 -0.111175 -2.502665 4.200694 1.188826 -4.149249 -2.731066 -0.005929 2.822120 -3.919682 -0.978587 4.697008 -2.566292 -2.383268 3.241128 0.093945 -3.218514 -2.825812 -2.773046 -0.985221 1.065780 1.181518 2.979810 0.888708 2.272407 0.943136 -2.464246 0.396476 -3.286847 2.202409 2.598683 -2.402483 -2.229730 -0.757187 0.083350
331 4.2711179414 7.0000000000 2.0000000000 1.3050044870 22.0000000000 6.0831157356 0.9610227265 6.1841271011 -0.0195524060 5.8018247702 -0.0400317490 38.2434280027 -997.2868123199 25.4333475798 6.4599896620 0.924136 0.252618 4.788598 4.406517 -5.000000 -0.022809 -1.659110 -4.422708 2.226626 2.197914 1.391849 -2.526214 -1.532552 3.509747 -5.000000 -5.000000 -2.511001 -3.711187 0.820538 3.603448 3.535394 -0.850704 -1.493474 -3.355368 -3.402572 -3.273021 -1.324780 0.422092 -2.422244 4.841752 5.000000 0.352087 1.419994 4.141092 -2.800655 2.852158 3.184728 -1.001934 -2.211917 -4.451024
1005 14.4452809804 7.0000000000 2.0000000000 0.6992143119 67.0000000000 5.6270241169 0.8869672231 4.9958739988 -0.0272529517 4.4196806534 -0.0325850573 24.9587570118 -526.6265028444 24.3364537183 6.2297161003 2.706534 2.146662 -0.598327 3.569462 -1.834987 2.579472 -2.211574 -0.232741 4.580409 1.256120 0.640227 -2.349528 -1.861520 3.084780 -3.641551 -2.350510 2.600130 -1.708675 -0.518847 1.457799 4.468793 -1.804008 -2.632810 -1.036832 -1.202927 -2.158549 3.206956 -0.421479 -4.075141 2.082541 4.416172 -1.837197 -1.773405 3.539348 -1.313616 -1.102573 4.470268 -2.030446 -3.241768 1.706939
evaluations raw_y rep iid sigma t d_norm d_mean ps_norm ps_mean pc_norm pc_mean ps_squared loglikelihood mhl_norm mhl_mean x0 x1 x2 x3 x4 x5 x6 x7 x8 x9 x10 x11 x12 x13 x14 x15 x16 x17 x18 x19 x20 x21 x22 x23 x24 x25 x26 x27 x28 x29 x30 x31 x32 x33 x34 x35 x36 x37 x38 x39
1 12.0954910437 8.0000000000 2.0000000000 0.6992143119 67.0000000000 5.6270241169 0.8869672231 4.9958739988 -0.0272529517 4.4196806534 -0.0325850573 24.9587570118 -526.6265028444 24.3364537183 6.2297161003 0.182409 2.182565 -3.893941 -2.772699 -4.592983 4.819669 3.455672 4.409113 1.589655 1.952842 -2.366854 3.832727 -2.246654 -1.328071 -0.756717 -1.583231 1.719096 -0.461578 -0.131322 -0.417272 2.693737 -1.213906 -0.348496 0.848103 -3.291980 -0.967082 1.070937 2.332281 0.323366 -1.345668 2.885048 -0.442961 0.062529 0.363859 -0.125857 -1.083137 0.949037 -2.329182 -1.001819 -0.817122
5 11.3628413832 8.0000000000 2.0000000000 0.6992143119 67.0000000000 5.6270241169 0.8869672231 4.9958739988 -0.0272529517 4.4196806534 -0.0325850573 24.9587570118 -526.6265028444 24.3364537183 6.2297161003 -1.770337 -1.888053 1.469147 5.000000 1.223516 1.315321 0.092092 1.540525 1.186105 -1.866887 0.750866 1.839582 -1.428275 0.749012 2.514398 1.952207 -0.044436 4.131873 2.063813 -0.498669 -3.938112 -0.653937 0.267878 -0.762379 0.049650 3.276221 1.639366 2.692990 -2.749530 0.019262 2.662867 -1.655156 3.869885 -2.549785 -1.313775 3.026456 -4.368461 1.597821 -2.549177 -2.345887
8 9.6707463961 8.0000000000 2.0000000000 0.6992143119 67.0000000000 5.6270241169 0.8869672231 4.9958739988 -0.0272529517 4.4196806534 -0.0325850573 24.9587570118 -526.6265028444 24.3364537183 6.2297161003 -0.176817 -1.680090 1.689648 1.226065 -1.962392 -1.064320 3.447678 -1.372968 -4.157219 -0.645406 0.266598 1.396420 -0.821346 3.918334 -0.988720 0.376310 2.192452 0.148215 -4.829007 1.416393 0.510029 -1.368858 2.295795 2.131873 -1.074542 -2.953132 -3.616770 -0.379325 -1.184647 -0.289607 -5.000000 -0.040481 -2.528541 -0.803672 4.412559 -0.065389 1.975292 0.741982 1.433113 0.285129
11 9.4168426375 8.0000000000 2.0000000000 0.6992143119 67.0000000000 5.6270241169 0.8869672231 4.9958739988 -0.0272529517 4.4196806534 -0.0325850573 24.9587570118 -526.6265028444 24.3364537183 6.2297161003 1.938462 -0.827713 0.549576 -1.574450 1.665343 0.586256 -0.541797 0.775100 -3.587562 -2.009604 -0.004712 2.536211 -1.185450 0.652436 2.334109 -1.392512 0.786705 -1.148609 4.189497 0.290220 1.650111 -1.363743 0.527720 -1.013347 2.535539 -2.495786 3.866283 0.366821 1.187145 -1.313939 0.539443 0.383111 -0.015680 0.789130 -2.745318 -5.000000 1.483674 -3.037487 1.141526 -2.886518
30 6.1700743251 8.0000000000 2.0000000000 1.8780368361 1.0000000000 6.3118839410 0.9979731592 2.8944804780 0.0133044526 2.4546285753 0.0112826775 8.3780172374 -1304.9010464117 27.4679572145 7.0323878613 2.183679 -1.453862 1.856220 -2.265967 -1.330647 2.163080 3.710758 1.784073 1.011951 1.110349 -0.810413 0.789186 -2.862744 4.816813 0.222669 -1.953466 -0.710423 -2.454249 -1.838811 1.054712 1.795033 0.279123 1.078365 -0.340185 -4.268569 -2.141490 1.756769 1.073813 0.233098 -1.220001 4.699988 3.037553 -1.353989 -3.316953 0.764536 0.468341 0.277574 -1.364353 0.516764 -2.374929
35 5.8269478042 8.0000000000 2.0000000000 1.8052215136 2.0000000000 6.3003117496 0.9961177085 4.1542271858 0.1194504067 3.5879950032 0.1014487183 17.2576035112 -1232.4041719521 25.6629369685 6.5837681566 0.897881 3.089782 1.781969 -1.676242 1.263319 0.671631 -1.338895 -0.053477 -1.066219 -2.699157 -1.508325 -0.163478 -1.679257 2.245486 1.383783 -1.438253 2.328646 -4.102927 1.765056 2.033768 -0.006708 -0.945580 1.154438 4.194080 0.287807 -1.507969 0.754737 -1.346778 1.097840 0.443166 1.354966 0.187628 1.171441 1.978320 1.037977 0.213592 -1.519692 -3.573388 0.622662 -0.771528
61 5.6847537474 8.0000000000 2.0000000000 1.7269608086 4.0000000000 6.2769167549 0.9923718531 5.7219725813 0.1139639383 5.1316065958 0.1021042508 32.7409702209 -1191.9929042718 25.2705197433 6.4299167651 -0.166091 1.061477 5.000000 -3.238122 -2.524955 -0.830204 1.456851 0.750670 0.810370 -1.417841 0.128046 1.978623 -2.836301 1.656572 -0.523841 -0.135156 3.280265 -2.869371 3.491892 2.920845 3.743497 -2.220683 -0.443095 1.275389 -3.685089 -1.270114 0.561964 -1.977573 2.227800 1.709929 5.000000 0.211302 1.202926 1.104262 1.350548 -0.726561 -5.000000 -1.933559 1.004935 -3.625017
539 5.5448243814 8.0000000000 2.0000000000 0.9496515063 35.0000000000 5.9368853692 0.9374768534 4.9137261906 0.2424945930 4.5021657576 0.2350117640 24.1447050763 -777.3790685436 25.1435178642 6.4272606977 2.443823 4.059018 3.473692 1.075454 4.901256 -0.646940 4.609660 -1.917564 0.948740 3.100409 1.990630 -1.074169 -2.045263 1.398934 5.000000 2.197732 -1.085240 -3.629943 3.098158 4.673088 -0.238296 -2.402424 2.813049 2.114824 -1.988295 -1.127370 3.840225 -2.276166 2.805553 1.801774 3.726775 -3.728659 -1.549099 -1.775377 1.643521 0.047493 -2.993892 -5.000000 1.782686 1.977076
652 4.7470968962 8.0000000000 2.0000000000 0.9815580578 43.0000000000 5.8678783809 0.9260910994 7.7237918526 -0.2682530406 6.9310355406 -0.1844101142 59.6569605824 -807.1057700601 25.9340453648 6.6351216004 -0.997183 2.369919 3.747064 2.030962 4.653550 -0.754716 5.000000 -2.377851 2.403131 3.040389 -0.164684 -3.557176 -1.321895 -0.970998 3.782141 2.386029 0.091662 -4.138120 3.766324 3.452484 0.789808 -2.146731 2.103758 -0.004121 -2.949206 -0.644295 3.796171 -5.000000 -0.383456 1.079320 2.610012 -4.432969 -3.321165 -0.428900 -0.410809 0.166269 -1.956392 -3.460527 4.231248 1.524957
1005 13.7001473255 8.0000000000 2.0000000000 0.8889807852 67.0000000000 5.6497356497 0.8901464093 6.0779358906 -0.1248928465 5.2125925777 -0.0908085391 36.9413046905 -715.6899142127 26.2374825453 6.6950085963 0.721261 4.498148 2.371519 1.811592 -1.555385 -0.868337 2.850827 -2.898525 2.476985 1.384886 0.223534 -4.563386 -2.043431 0.815637 4.303747 -0.404471 -3.517538 -2.784311 3.718386 2.578039 1.786312 -0.127807 2.581649 -1.207783 -5.000000 0.774450 3.816180 -3.444047 -0.349107 3.646037 3.676085 -3.776210 -3.642816 1.579977 0.724191 0.760001 -0.737301 -2.049852 2.659110 3.991995
evaluations raw_y rep iid sigma t d_norm d_mean ps_norm ps_mean pc_norm pc_mean ps_squared loglikelihood mhl_norm mhl_mean x0 x1 x2 x3 x4 x5 x6 x7 x8 x9 x10 x11 x12 x13 x14 x15 x16 x17 x18 x19 x20 x21 x22 x23 x24 x25 x26 x27 x28 x29 x30 x31 x32 x33 x34 x35 x36 x37 x38 x39
1 15.5751814076 9.0000000000 2.0000000000 0.8889807852 67.0000000000 5.6497356497 0.8901464093 6.0779358906 -0.1248928465 5.2125925777 -0.0908085391 36.9413046905 -715.6899142127 26.2374825453 6.6950085963 0.002217 -0.579088 -2.232133 -0.025766 -0.756723 -0.962271 -3.034662 -0.981744 -0.481361 -1.295895 1.271782 3.480235 0.593364 1.415007 3.645632 0.861538 3.085459 -1.801442 -0.274250 2.595158 1.350542 0.063916 1.836292 0.761019 1.032735 -0.710479 0.417554 0.656822 -0.996450 -4.183554 -0.165175 4.910365 -5.000000 -1.826559 -0.454629 0.538631 2.260923 2.084795 2.607621 2.778801
2 12.4717510788 9.0000000000 2.0000000000 0.8889807852 67.0000000000 5.6497356497 0.8901464093 6.0779358906 -0.1248928465 5.2125925777 -0.0908085391 36.9413046905 -715.6899142127 26.2374825453 6.6950085963 -1.312905 -0.112515 -0.999805 0.872839 -0.751626 -1.846123 3.834500 -0.300606 -1.277460 1.649541 -2.421677 -1.006811 -1.403831 -3.948542 -5.000000 -0.115364 -1.312373 -1.323413 1.538697 -1.798010 3.387276 -3.394670 -5.000000 -0.452301 0.794858 3.319407 -0.987494 -0.752195 -0.339480 4.834213 -3.617681 0.679502 -0.045460 -1.919994 -0.766229 0.219060 -1.710326 0.000443 1.327710 1.498962
22 12.0055423714 9.0000000000 2.0000000000 1.8899797714 1.0000000000 6.3135578713 0.9982374353 3.2360927992 0.0174906289 2.7443287034 0.0148327128 10.4722966051 -1328.5745847421 28.1090646148 7.1885470314 -0.152151 -0.195697 -0.912134 2.712245 -0.326551 1.139788 0.221705 1.344119 -1.835065 3.668820 1.523708 0.171065 -0.526507 1.245014 -0.706276 -0.830436 -0.048650 -0.388208 -0.657022 -1.079061 2.287008 0.575210 -2.301313 2.925700 -2.081027 2.277006 1.142474 0.847565 0.171491 4.501318 -1.828683 -0.818315 -0.617482 -3.999949 0.762458 1.167946 -0.104668 -0.069642 1.198395 -1.242624
26 11.3197544881 9.0000000000 2.0000000000 1.8899797714 1.0000000000 6.3135578713 0.9982374353 3.2360927992 0.0174906289 2.7443287034 0.0148327128 10.4722966051 -1328.5745847421 28.1090646148 7.1885470314 1.902626 5.000000 0.249173 1.317131 0.241053 -0.325239 2.795796 4.237153 1.003011 -2.064441 -1.769852 -3.142530 3.041598 -3.826002 -0.975830 -2.162679 2.013342 -1.792321 -4.330410 0.091324 1.727072 0.443984 -0.868451 -2.102928 -0.396882 0.907859 -0.405210 0.627723 3.867973 2.760876 1.783728 0.000598 0.495658 -1.489075 -0.491684 0.538865 1.939746 2.185047 -0.682648 1.505150
27 9.4215345696 9.0000000000 2.0000000000 1.8899797714 1.0000000000 6.3135578713 0.9982374353 3.2360927992 0.0174906289 2.7443287034 0.0148327128 10.4722966051 -1328.5745847421 28.1090646148 7.1885470314 0.351223 2.800825 -2.034705 1.333562 3.396863 -1.260079 3.021423 1.156398 -1.297725 2.742713 0.693397 -0.711570 -0.278805 1.320464 -1.238829 -0.320096 0.469814 0.536794 -1.712594 -1.572967 1.420724 -0.409866 -0.023151 2.327900 1.907393 1.590919 1.597541 -1.186852 -1.339132 1.797794 -0.826940 -0.131409 -1.616189 -1.866338 1.955166 3.340048 0.783317 3.164927 0.897796 -0.571503
36 7.7550202989 9.0000000000 2.0000000000 1.8095259834 2.0000000000 6.2989566418 0.9959103049 3.9409589065 0.1056238309 3.4112473316 0.0904425513 15.5311571030 -1244.0166001519 26.1098580834 6.6130307089 1.196597 3.409908 0.798347 2.050784 0.770566 -3.570016 4.124836 2.711586 3.121698 1.252271 0.125175 1.895118 0.681643 -2.196924 -0.811075 -0.526841 1.845025 -1.904879 -4.155149 1.876271 1.600769 -2.436996 1.530402 2.028158 -0.981456 4.256650 -1.782579 0.653739 1.362052 2.500021 -3.249245 1.561396 -1.332446 -4.008837 4.520615 1.432917 -0.032299 -0.594184 -1.056551 1.268539
53 7.2308844541 9.0000000000 2.0000000000 1.7565830034 3.0000000000 6.2856265920 0.9937729358 4.6849958629 0.0953466694 4.1245227960 0.0843388808 21.9491862354 -1248.1460905924 26.9960403038 6.9049303994 -3.505360 0.347400 0.186436 1.137926 1.466910 -3.297937 3.334933 0.262980 1.067149 -0.013741 -1.148662 -2.170144 0.786714 1.412055 -3.658096 -2.412757 -0.098322 -4.366552 -4.445291 -0.999032 1.321960 -1.044641 1.438419 3.567497 -0.310918 2.376637 2.733882 -0.746115 -1.067876 -0.065596 -0.625429 2.419113 -0.672469 -1.434262 1.321127 2.187375 1.473474 -0.537687 4.518520 1.485435
63 5.5131566139 9.0000000000 2.0000000000 1.7278862586 4.0000000000 6.2750904465 0.9920832836 5.3975694564 0.0355561898 4.8157268619 0.0370139915 29.1337560362 -1197.1370099859 25.4579033333 6.4863420260 -0.260711 2.033627 -0.197765 -0.408029 1.597610 -0.279618 5.000000 1.428382 1.204099 1.480219 -3.913591 0.323227 -2.353595 0.602234 -2.308264 -4.102129 -2.014513 -3.339932 -3.050804 -2.027889 2.903878 -0.853795 1.584910 2.994958 -1.241576 1.982732 0.600744 3.412124 1.450334 2.953219 -1.418325 1.235535 1.815748 -1.990948 3.488367 1.451574 -1.183129 -1.663636 0.977355 -1.738674
101 5.2670906182 9.0000000000 2.0000000000 1.6410929964 6.0000000000 6.2536045348 0.9886347670 4.8894279403 0.0010754196 4.5372551534 0.0099767907 23.9065055831 -1160.5297324160 25.3433467124 6.4642312400 -1.995899 5.000000 1.026443 -2.490751 2.145230 -0.260969 3.496309 0.195630 1.298386 1.888220 -2.006634 0.762485 1.615390 -2.353042 -5.000000 -2.512438 -0.052435 -5.000000 -3.414243 -0.198452 -1.567474 1.157946 0.225187 0.394478 -0.458922 3.123978 -3.393719 0.360191 -1.290848 2.381467 -2.946850 2.782749 2.058136 -3.213565 1.532771 2.455240 3.890991 2.987306 1.879177 -1.042341
733 4.8926266330 9.0000000000 2.0000000000 0.8795491242 48.0000000000 5.8191877703 0.9180724313 5.3499502137 -0.2450231964 4.7918505473 -0.1931064811 28.6219672887 -714.9482245125 25.3125752973 6.4748263286 1.855210 4.450710 0.522778 -2.881698 -0.752962 -2.351239 3.919659 2.778596 2.707947 2.244925 -2.868988 -3.648149 -3.197785 3.188185 -5.000000 -2.998695 -1.805614 -4.513490 -3.719134 -3.040624 1.597963 2.377744 2.937472 5.000000 1.976287 -0.063131 -1.490829 5.000000 -5.000000 4.009493 -0.210650 1.945686 -0.505273 -5.000000 2.546987 -0.005451 -4.574798 -5.000000 -5.000000 1.526751
1005 13.8385979653 9.0000000000 2.0000000000 0.6638580715 67.0000000000 5.6348080146 0.8880222404 5.4611420037 0.1538904822 4.7903426565 0.1259673713 29.8240719849 -507.5487656202 24.9510228156 6.3951945560 4.056244 4.797462 -3.622501 -0.221715 1.461960 -0.974809 3.968417 2.423827 1.552199 1.330582 -1.194647 -3.020420 -2.684456 3.937996 -3.285320 -4.508028 -3.906976 -1.789018 -4.392089 -3.306099 2.861675 4.278598 4.057166 3.096005 1.800654 -1.114396 -4.128982 3.893987 -2.677745 1.806865 1.886719 5.000000 -2.443449 -3.657719 3.659238 -1.254869 -4.203383 -5.000000 -4.044028 2.862639
evaluations raw_y rep iid sigma t d_norm d_mean ps_norm ps_mean pc_norm pc_mean ps_squared loglikelihood mhl_norm mhl_mean x0 x1 x2 x3 x4 x5 x6 x7 x8 x9 x10 x11 x12 x13 x14 x15 x16 x17 x18 x19 x20 x21 x22 x23 x24 x25 x26 x27 x28 x29 x30 x31 x32 x33 x34 x35 x36 x37 x38 x39
1 12.0269885600 10.0000000000 2.0000000000 0.6638580715 67.0000000000 5.6348080146 0.8880222404 5.4611420037 0.1538904822 4.7903426565 0.1259673713 29.8240719849 -507.5487656202 24.9510228156 6.3951945560 2.663173 1.430558 -3.090801 -0.016768 1.242672 -1.440171 0.531023 0.217097 0.008583 -0.349200 0.866052 2.406075 -1.930131 2.056548 0.457260 0.890275 -2.273204 0.270274 2.969074 -2.159610 -3.955457 -3.486745 0.532140 4.769935 2.247383 3.345244 0.198298 2.795993 -0.542496 1.226408 -0.534634 -1.098618 0.265417 -0.952284 2.616946 0.390027 0.800420 -0.675265 2.512945 -1.463939
2 8.6915742653 10.0000000000 2.0000000000 0.6638580715 67.0000000000 5.6348080146 0.8880222404 5.4611420037 0.1538904822 4.7903426565 0.1259673713 29.8240719849 -507.5487656202 24.9510228156 6.3951945560 1.320463 -0.701744 -1.878867 -0.978674 -1.609182 -0.425395 -0.678280 0.624340 1.130305 -0.294841 -0.051811 0.578188 -1.079758 1.416320 1.684449 0.407162 4.789407 1.834918 -0.224545 -0.724361 -0.464365 -1.003458 2.257570 -1.395620 -0.162244 -1.058592 2.092366 -2.837112 -0.724998 -0.243811 0.638713 0.921806 -0.431580 1.978145 0.629508 4.935302 -3.016643 1.241201 -2.090265 -1.596018
13 7.2003617333 10.0000000000 2.0000000000 0.6638580715 67.0000000000 5.6348080146 0.8880222404 5.4611420037 0.1538904822 4.7903426565 0.1259673713 29.8240719849 -507.5487656202 24.9510228156 6.3951945560 2.055681 -1.605779 -0.856607 -1.510832 0.440994 -2.746228 1.293517 -1.347004 4.483733 -0.492974 -1.527209 0.961577 -1.663598 1.186378 -0.897558 0.975392 0.112629 1.091569 -1.366245 -1.318035 2.878507 2.764293 1.842641 -1.145774 2.550098 -0.657664 -0.292682 2.116873 -0.222161 -0.077762 -0.644727 -1.331531 -1.409240 -0.707525 0.303855 -0.608400 -2.357709 -0.298265 -0.450194 0.140309
14 5.3145058583 10.0000000000 2.0000000000 0.6638580715 67.0000000000 5.6348080146 0.8880222404 5.4611420037 0.1538904822 4.7903426565 0.1259673713 29.8240719849 -507.5487656202 24.9510228156 6.3951945560 0.904134 0.588139 -1.655020 -1.656942 -0.985015 -1.503241 -3.176762 -0.937461 -2.862237 -2.526994 -2.480497 -2.106232 -2.264395 -1.821892 -0.520480 1.629309 -2.694683 2.119057 1.049081 1.066978 -0.507116 0.384245 1.125844 1.254902 -0.679897 1.474358 2.405806 1.941119 1.407757 -1.209975 0.009421 0.294068 -0.925078 0.437118 0.337507 -0.099994 -0.299812 -0.070656 0.067233 -0.733152
269 4.4979055746 10.0000000000 2.0000000000 1.4971939013 17.0000000000 6.1294051602 0.9685027864 5.6914076715 -0.2945479669 5.2073835361 -0.2749400898 32.3921212828 -1060.9785217746 24.3201615795 6.2140248048 2.264437 -2.014085 -2.337059 -1.923417 -0.845675 -3.830675 -1.534795 -3.239372 -0.201634 4.448054 -3.235078 -0.107687 4.610519 -0.654767 1.294403 4.112321 4.927596 2.429614 4.865942 -0.800744 -2.818247 -2.198094 1.845183 -3.233313 0.631923 0.680096 -3.842995 2.552843 -1.982416 -4.332666 -0.857653 -5.000000 0.550132 1.189254 -0.297713 0.361261 -1.185021 2.459421 1.589811 0.030229
1005 11.7765783250 10.0000000000 2.0000000000 0.8975615922 67.0000000000 5.6330652445 0.8874998014 7.2070350179 0.2473723451 6.1442896929 0.2300958349 51.9413537493 -706.8570768665 25.5958962450 6.5099077791 -2.229901 -1.968456 -3.756523 1.379584 -3.212048 -1.144372 -3.997131 0.282461 -1.808830 1.458049 -2.198724 1.583584 -2.319650 0.520014 0.073028 4.326620 5.000000 3.581637 3.467586 -2.556289 -1.659209 -1.021925 2.764481 2.362492 0.468259 -3.043315 3.842901 3.528569 -0.905204 -5.000000 -3.343249 1.338469 1.600424 -2.119493 2.008647 1.294723 -0.686775 3.027277 1.412924 4.493211
evaluations raw_y rep iid sigma t d_norm d_mean ps_norm ps_mean pc_norm pc_mean ps_squared loglikelihood mhl_norm mhl_mean x0 x1 x2 x3 x4 x5 x6 x7 x8 x9 x10 x11 x12 x13 x14 x15 x16 x17 x18 x19 x20 x21 x22 x23 x24 x25 x26 x27 x28 x29 x30 x31 x32 x33 x34 x35 x36 x37 x38 x39
1 13.5850837613 11.0000000000 2.0000000000 0.8975615922 67.0000000000 5.6330652445 0.8874998014 7.2070350179 0.2473723451 6.1442896929 0.2300958349 51.9413537493 -706.8570768665 25.5958962450 6.5099077791 3.498909 -0.572146 -0.969130 -5.000000 -0.016569 -0.639263 -1.073259 0.630805 0.842101 -2.131206 -1.772479 -0.951467 1.379365 1.122384 -2.611097 -2.238951 1.473675 3.149268 -0.062150 -1.366893 2.191259 -0.619153 1.451504 3.098143 1.260160 0.146986 1.464543 -1.285151 -0.356186 -1.147909 -0.408751 -0.972990 -0.371551 -0.761073 0.177955 0.127343 0.592694 2.805542 -3.093725 2.591237
3 12.9374251181 11.0000000000 2.0000000000 0.8975615922 67.0000000000 5.6330652445 0.8874998014 7.2070350179 0.2473723451 6.1442896929 0.2300958349 51.9413537493 -706.8570768665 25.5958962450 6.5099077791 1.374625 -3.646019 1.758228 3.692730 -2.123309 -1.368969 -0.952429 1.660621 -1.726705 -0.261083 -1.046175 -0.502554 2.582549 -1.928410 0.143520 0.543213 1.717334 -2.528147 2.229741 0.869554 1.748546 0.143304 -3.278103 -1.294605 1.635539 0.073590 -0.097405 3.583062 4.403713 -0.074134 3.865811 -3.987143 -4.098115 1.734110 -0.523922 1.157942 1.033105 -0.178807 1.364259 0.301444
6 11.7386372744 11.0000000000 2.0000000000 0.8975615922 67.0000000000 5.6330652445 0.8874998014 7.2070350179 0.2473723451 6.1442896929 0.2300958349 51.9413537493 -706.8570768665 25.5958962450 6.5099077791 3.196100 3.407444 -3.179040 -0.754493 2.325011 -2.757717 -1.847991 -2.595027 -2.723868 -2.268371 0.353686 2.537851 3.056046 0.023776 -3.941144 -0.113265 -0.678405 0.704642 -0.256826 -3.592226 0.826567 -4.135671 -1.380222 0.623501 0.700733 3.142696 -4.724827 0.679968 1.378761 -0.654428 1.276063 -2.203997 1.314055 1.076430 -1.963259 -1.333280 -0.379648 -1.312171 2.088794 0.350335
7 10.5486915457 11.0000000000 2.0000000000 0.8975615922 67.0000000000 5.6330652445 0.8874998014 7.2070350179 0.2473723451 6.1442896929 0.2300958349 51.9413537493 -706.8570768665 25.5958962450 6.5099077791 2.629467 2.350499 0.121694 -0.386209 -1.893311 -1.609221 -1.602382 0.695701 -1.767332 0.157317 0.385178 -0.992469 -0.372449 2.890740 3.223963 -1.565266 -0.389227 -0.744264 -0.551533 3.070276 1.372909 2.519831 3.553759 -0.880627 -0.374415 0.080813 2.052073 -0.181996 1.291573 2.336617 2.326461 0.893358 -1.577431 -3.108204 2.243266 0.913200 -1.874952 -1.010152 -0.897601 -3.349898
16 8.1528259012 11.0000000000 2.0000000000 1.8725285424 1.0000000000 6.3106436372 0.9977835130 2.7361901199 0.0294887540 2.3203923836 0.0250075752 7.4867363720 -1284.0512843514 26.7652931845 6.8472003898 0.005777 1.093899 2.487181 -2.229910 -3.173079 -0.648850 -1.338894 0.500596 -1.734764 0.360848 0.725089 -1.196740 1.428138 0.815051 -0.642062 0.213392 -2.919257 -2.116587 -2.419384 1.296686 0.733583 -0.633075 1.723248 -4.506477 -1.278164 4.164251 -0.632207 2.382540 -3.324331 2.582929 -2.281205 -0.526183 -1.434089 0.078503 -2.586211 1.982630 -4.341422 -0.888963 0.441882 -2.889386
29 7.0948595791 11.0000000000 2.0000000000 1.8725285424 1.0000000000 6.3106436372 0.9977835130 2.7361901199 0.0294887540 2.3203923836 0.0250075752 7.4867363720 -1284.0512843514 26.7652931845 6.8472003898 1.474984 -0.634184 0.032585 0.213216 0.198796 0.633030 -1.190766 1.468662 -3.772900 0.223327 -0.222758 -0.031067 5.000000 3.555824 0.316036 -3.681982 -2.292858 1.430502 -0.335839 1.271801 5.000000 0.119925 2.765723 -4.372407 -0.821947 2.820052 0.857265 2.278699 0.372571 1.719310 2.255884 -1.292816 -3.336110 0.288656 -1.773487 -0.498044 -1.059340 -1.489786 -1.720464 -0.193863
76 3.1138629859 11.0000000000 2.0000000000 1.7365738091 5.0000000000 6.2650608541 0.9904507410 5.6644022057 0.0338079136 5.0780075713 0.0199455807 32.0854523484 -1197.5816352629 25.4135307013 6.4895472851 4.737401 4.211967 -2.581027 -3.184841 -0.579501 0.959593 0.629796 -1.322420 -3.580837 -0.809205 -0.301906 2.641482 1.105964 2.812810 -0.109472 -2.692331 -2.381334 0.513347 -1.160872 -1.997985 0.789505 2.896520 2.304210 -1.335913 -0.967867 -2.213949 2.867609 4.889628 -4.683657 3.926369 0.501392 1.860087 0.100577 2.892874 -1.529925 2.247712 1.094997 -1.704170 0.259303 -0.753250
1005 15.7351066708 11.0000000000 2.0000000000 0.8381947528 67.0000000000 5.6263993962 0.8862747423 6.6106007979 -0.0843352899 6.1216039371 -0.0246737908 43.7000429087 -668.7765749313 25.8272927968 6.5582430672 4.301919 2.998407 -4.264700 2.918747 4.524253 3.479943 -0.183554 -4.392488 0.174970 -2.230671 1.332384 -2.302341 3.246262 1.677013 0.071894 0.904048 -1.331090 -2.558462 3.333238 -0.939369 0.668708 -0.154164 -0.172659 4.926378 -1.727070 1.167241 -4.088300 1.600749 -3.559103 1.799686 2.361198 -4.788272 2.495832 4.770432 -1.509484 3.621237 2.439130 -3.941868 -1.241117 3.478349
evaluations raw_y rep iid sigma t d_norm d_mean ps_norm ps_mean pc_norm pc_mean ps_squared loglikelihood mhl_norm mhl_mean x0 x1 x2 x3 x4 x5 x6 x7 x8 x9 x10 x11 x12 x13 x14 x15 x16 x17 x18 x19 x20 x21 x22 x23 x24 x25 x26 x27 x28 x29 x30 x31 x32 x33 x34 x35 x36 x37 x38 x39
1 12.4899000627 12.0000000000 2.0000000000 0.8381947528 67.0000000000 5.6263993962 0.8862747423 6.6106007979 -0.0843352899 6.1216039371 -0.0246737908 43.7000429087 -668.7765749313 25.8272927968 6.5582430672 0.945972 -1.362852 0.484879 -3.401471 1.506286 -3.069443 0.010254 -0.240455 -1.613964 5.000000 -1.195646 0.944914 2.191912 -2.430338 2.684713 -0.244300 2.025031 -1.827738 -2.059060 2.419593 1.003745 0.277692 1.281522 1.054665 -2.308720 -4.426667 -3.363513 -3.576189 -4.437070 -1.294862 -1.056809 -0.078418 0.429952 -0.768718 -0.507808 0.146504 -1.994408 -1.427713 0.070833 -1.355891
6 11.4718860042 12.0000000000 2.0000000000 0.8381947528 67.0000000000 5.6263993962 0.8862747423 6.6106007979 -0.0843352899 6.1216039371 -0.0246737908 43.7000429087 -668.7765749313 25.8272927968 6.5582430672 1.015045 -1.236741 1.581586 -1.668810 2.618940 -2.477484 -2.405475 1.392293 3.557969 -1.592635 3.139678 3.043327 1.579831 -0.434442 -4.368120 -3.134537 -1.619341 1.000990 -0.387020 -1.328406 0.167054 -3.316851 0.760227 -1.913346 2.539718 0.301039 -1.530263 -1.074041 -3.222590 0.329978 -2.021552 -0.230799 2.280077 0.676005 0.951029 5.000000 1.382215 2.222471 -0.515369 -2.391903
17 7.7314093413 12.0000000000 2.0000000000 1.9015344396 1.0000000000 6.3124816591 0.9980663637 3.5645508674 -0.0652438064 3.0228735290 -0.0553292077 12.7060228864 -1303.5926415968 27.1028197550 6.9316448488 3.865958 -0.126536 3.517649 -0.986300 -0.257032 0.867325 3.004944 2.395835 5.000000 3.394779 2.078196 3.316311 3.376354 1.486062 -2.582669 -2.051620 1.411516 3.309273 1.364413 -0.860192 -3.116334 -0.160816 0.504439 0.886143 0.930338 -3.521994 4.366085 -2.682109 -2.335759 0.776388 -2.407518 -1.491550 2.363524 -1.223852 1.202022 3.396492 3.211969 2.516014 -2.038442 -1.952606
22 6.6950002884 12.0000000000 2.0000000000 1.9015344396 1.0000000000 6.3124816591 0.9980663637 3.5645508674 -0.0652438064 3.0228735290 -0.0553292077 12.7060228864 -1303.5926415968 27.1028197550 6.9316448488 -2.998649 -1.757348 -0.075587 -3.596610 1.144724 -3.441699 2.236655 1.914166 1.262326 -0.234159 0.798985 2.960229 3.531512 0.074926 0.717834 -1.217771 -0.225116 1.776968 0.433142 -1.278569 1.775654 -5.000000 -1.993996 0.263679 4.160480 -0.311211 1.879024 -2.334152 -5.000000 1.921145 0.924559 1.214657 2.070312 -1.981719 -3.820363 3.424950 -0.419832 0.254129 -3.436481 4.366970
66 6.3991399606 12.0000000000 2.0000000000 1.7279452109 4.0000000000 6.2774879147 0.9924398039 4.2599087026 -0.0076243823 3.8454938252 -0.0056356517 18.1468221541 -1182.7924056195 24.9125098240 6.3154979545 0.384790 -3.011200 -1.353531 -2.402786 0.114557 -1.503347 3.489363 -0.433602 -0.068911 -1.342641 5.000000 1.797182 4.187818 1.490574 -2.580343 0.240355 -3.230095 -1.471392 1.746079 -1.277320 1.753950 -4.344541 1.071661 0.536669 -0.346411 0.021193 1.734513 -3.755696 -5.000000 -2.955996 -4.491342 -2.130634 3.264086 -2.886819 -0.852791 4.279327 0.333831 1.559213 -3.473320 -0.686031
198 5.6907666588 12.0000000000 2.0000000000 1.4146885955 13.0000000000 6.1777210387 0.9763766011 5.0630462709 -0.0989488796 4.7503827763 -0.0874641188 25.6344375411 -1037.6762491791 24.4794435990 6.2312759926 2.517791 -1.589866 1.403366 -1.518868 2.713124 -2.105426 -2.890817 3.303126 0.501438 -0.972166 2.122852 0.048807 1.836056 -3.345574 0.571400 1.526175 -0.646010 -0.975223 -1.891222 -3.294407 0.462045 -4.936350 -2.797283 2.253844 3.328555 1.955325 -0.013589 -2.786854 -2.045513 -1.095231 0.265685 0.995006 5.000000 -2.138595 -2.673616 3.290989 4.012673 1.774937 1.199364 0.812439
1005 12.2634006087 12.0000000000 2.0000000000 0.6924644091 67.0000000000 5.6480873437 0.8903541929 6.7747718488 -0.0372113124 6.0302545883 -0.0231128486 45.8975336036 -566.8012100653 26.0510519385 6.5903913086 -2.069781 0.518821 -0.985774 -3.076246 2.978914 2.348808 -4.751999 3.006589 0.599371 1.745436 0.871332 -2.857303 -1.040359 -0.711815 2.849385 -4.014130 -1.868132 -4.265095 0.898114 -2.849298 -0.570963 -1.019054 -2.211245 2.416459 2.075596 2.076660 -3.492133 -3.916163 -3.892355 -3.854613 -0.190832 -3.221995 2.020390 -1.382784 -2.162276 4.099916 5.000000 -2.491604 3.487338 -1.746105
evaluations raw_y rep iid sigma t d_norm d_mean ps_norm ps_mean pc_norm pc_mean ps_squared loglikelihood mhl_norm mhl_mean x0 x1 x2 x3 x4 x5 x6 x7 x8 x9 x10 x11 x12 x13 x14 x15 x16 x17 x18 x19 x20 x21 x22 x23 x24 x25 x26 x27 x28 x29 x30 x31 x32 x33 x34 x35 x36 x37 x38 x39
1 11.4052086144 13.0000000000 2.0000000000 0.6924644091 67.0000000000 5.6480873437 0.8903541929 6.7747718488 -0.0372113124 6.0302545883 -0.0231128486 45.8975336036 -566.8012100653 26.0510519385 6.5903913086 -1.424781 1.507533 -0.089006 0.903625 2.690203 1.064676 2.700376 1.722423 2.957371 -2.090754 -1.577978 -2.523212 1.125694 -0.486653 1.827481 0.634702 0.254607 4.300766 1.212577 -0.053543 -1.968322 2.381411 1.905661 -2.174363 -0.290423 0.475716 -3.278187 -0.556269 2.798477 -3.230216 0.981744 3.785484 -1.241959 -0.907505 0.434903 1.028658 0.794483 -3.025690 -1.528068 0.202540
3 11.1405177225 13.0000000000 2.0000000000 0.6924644091 67.0000000000 5.6480873437 0.8903541929 6.7747718488 -0.0372113124 6.0302545883 -0.0231128486 45.8975336036 -566.8012100653 26.0510519385 6.5903913086 1.629991 -2.370838 -1.537254 1.458331 1.531822 0.415600 -4.374231 1.443930 0.697501 -0.677237 -3.890781 1.661811 3.498484 1.002275 2.660634 -1.315035 0.369892 -1.302113 -2.241014 -0.693214 -1.822690 -1.492271 -1.541937 -0.827907 -0.583623 0.253545 -2.494672 0.634342 -3.636843 0.111384 0.161732 -4.639695 -0.682242 2.179692 0.901062 -0.988597 -1.093153 0.584053 0.308409 1.634611
13 6.9121975002 13.0000000000 2.0000000000 0.6924644091 67.0000000000 5.6480873437 0.8903541929 6.7747718488 -0.0372113124 6.0302545883 -0.0231128486 45.8975336036 -566.8012100653 26.0510519385 6.5903913086 1.514223 -2.417145 1.877207 -2.293377 0.461640 1.093516 -0.815233 -1.336616 0.522879 0.937869 0.223261 0.565981 -2.939269 -0.292739 -2.167183 -0.000299 -2.305452 -1.826893 -2.105336 -1.117221 -0.878666 -0.570578 0.823888 -2.222869 2.829007 -1.092530 -1.911739 0.200711 -1.235378 -1.357637 -0.029289 -2.922182 1.594340 -3.143008 -1.780430 1.713620 1.822750 0.282579 -3.231768 -1.175531
208 5.1297244483 13.0000000000 2.0000000000 1.5130558514 13.0000000000 6.1716621758 0.9753782698 4.8055934402 0.1024556867 4.6336670871 0.0980338159 23.0937283125 -1100.3570168783 25.4544295418 6.4405490985 -1.637949 -4.386349 3.671659 1.239866 4.201045 -1.300733 3.164135 3.888107 2.467601 -0.408517 -1.343505 -1.372356 0.324714 -4.597485 -0.739821 1.198240 1.011601 -5.000000 -4.634493 0.103234 3.257083 0.543690 0.016575 0.714276 -1.469041 -0.582915 -1.130930 -0.272411 0.515673 -0.280045 1.070991 3.935190 -2.152799 3.242641 -1.274452 -0.063084 3.179628 2.592183 -3.214808 -1.081587
951 4.9909935908 13.0000000000 2.0000000000 1.0814547399 63.0000000000 5.6869904682 0.8964635608 4.6304030992 -0.0583199538 4.1556696288 -0.0704001478 21.4406328607 -805.3911502375 24.7766069007 6.3488765987 -3.783134 -0.354330 0.253483 -3.284961 5.000000 -0.575531 -1.971498 0.427516 -3.335679 3.108785 -1.215259 -0.654780 -3.071799 -3.178088 4.197708 2.200222 2.097747 -4.491715 -3.723815 5.000000 2.168241 -0.833003 0.720487 -1.619517 -3.566271 -4.171459 -0.190287 1.405153 -0.478951 -3.112188 1.791351 3.525847 1.328448 2.544039 4.491592 1.685598 3.712605 0.181675 -3.148857 -3.544042
1005 8.3771797115 13.0000000000 2.0000000000 1.0191372096 67.0000000000 5.6457891790 0.8898405380 5.3785659406 -0.1383549100 4.7075476622 -0.1323552172 28.9289715770 -763.6122869873 24.8467632678 6.3045946320 -2.020842 -1.814356 -0.655229 -1.941439 4.241385 -0.781174 -3.843032 3.464906 -4.293219 3.126303 -0.145601 -0.035343 -3.984017 -3.477253 1.761166 0.679291 0.742219 -5.000000 -2.875919 4.136280 3.125878 -1.331726 0.047497 -0.818307 -5.000000 -3.681839 2.077469 2.404673 -0.342219 -1.823760 0.592956 0.672881 1.474789 2.134790 5.000000 1.053253 3.748662 -1.744385 -1.876957 -5.000000
evaluations raw_y rep iid sigma t d_norm d_mean ps_norm ps_mean pc_norm pc_mean ps_squared loglikelihood mhl_norm mhl_mean x0 x1 x2 x3 x4 x5 x6 x7 x8 x9 x10 x11 x12 x13 x14 x15 x16 x17 x18 x19 x20 x21 x22 x23 x24 x25 x26 x27 x28 x29 x30 x31 x32 x33 x34 x35 x36 x37 x38 x39
1 19.7219481381 14.0000000000 2.0000000000 1.0191372096 67.0000000000 5.6457891790 0.8898405380 5.3785659406 -0.1383549100 4.7075476622 -0.1323552172 28.9289715770 -763.6122869873 24.8467632678 6.3045946320 3.102678 0.158372 0.347953 -0.144673 -4.008659 0.289356 -3.002337 0.422219 -1.116410 2.169058 -0.372578 0.029323 -2.151139 1.284504 -0.360673 1.240601 1.621949 1.555872 -0.474979 -3.783825 -2.344244 1.672414 2.018547 2.586199 -1.098662 -1.963426 1.829346 1.746141 0.044222 -0.008287 -2.698252 -0.416436 2.653081 -1.832521 -0.940026 -0.298885 -0.650520 -3.611447 -1.000740 -1.129561
2 13.0399474494 14.0000000000 2.0000000000 1.0191372096 67.0000000000 5.6457891790 0.8898405380 5.3785659406 -0.1383549100 4.7075476622 -0.1323552172 28.9289715770 -763.6122869873 24.8467632678 6.3045946320 -0.628857 -0.793354 0.011866 -1.994276 3.382195 -0.632882 2.930269 2.927203 0.257823 -2.356486 -4.333018 -3.043626 -0.585776 0.320977 -1.565702 -1.034804 5.000000 0.550408 -2.423185 1.174485 -1.963673 -4.877099 0.272235 -1.615176 0.040162 3.519721 0.105795 -1.799621 3.176899 -4.352323 -2.434431 2.708939 2.954455 -0.652441 -1.567738 0.501862 0.467144 0.151110 -1.135736 -2.784895
3 8.8496211407 14.0000000000 2.0000000000 1.0191372096 67.0000000000 5.6457891790 0.8898405380 5.3785659406 -0.1383549100 4.7075476622 -0.1323552172 28.9289715770 -763.6122869873 24.8467632678 6.3045946320 -1.632498 -1.022753 -1.019616 -1.546922 -0.497033 -3.801384 1.599640 2.551948 -1.401988 -2.942301 0.522371 0.917017 -0.419033 1.864008 -1.173946 -2.266227 2.969538 -1.021326 -0.896438 -4.659827 -0.786878 -1.277527 -0.077215 1.342406 0.352363 -2.348591 2.080978 0.719458 1.086232 -0.169380 0.153202 -2.810301 -3.112469 -1.384754 -1.472439 0.364633 -5.000000 -1.262037 -1.800881 2.056018
4 7.1265546081 14.0000000000 2.0000000000 1.0191372096 67.0000000000 5.6457891790 0.8898405380 5.3785659406 -0.1383549100 4.7075476622 -0.1323552172 28.9289715770 -763.6122869873 24.8467632678 6.3045946320 -1.298124 -1.247383 -0.069345 0.710076 -4.143550 -2.719459 1.041762 0.386391 -0.234413 2.796801 -3.380460 -0.083700 -1.263860 0.311078 -1.703814 0.298094 4.969216 1.044917 0.284705 3.091047 1.238870 4.274390 -1.787897 -2.217285 -4.146712 -1.916862 -3.893622 3.008469 0.229354 1.075617 0.349972 -0.018303 -0.502274 -3.019552 3.055870 -0.771743 3.567013 1.356884 -2.765422 -0.861437
11 4.7391268924 14.0000000000 2.0000000000 1.0191372096 67.0000000000 5.6457891790 0.8898405380 5.3785659406 -0.1383549100 4.7075476622 -0.1323552172 28.9289715770 -763.6122869873 24.8467632678 6.3045946320 1.317228 0.195578 -2.819187 -1.634307 1.206133 3.116922 1.832111 -1.351856 -2.108428 4.457221 0.729876 -0.706850 0.354926 1.113574 -0.107859 0.216552 3.067863 -1.042300 -0.803606 0.783693 0.155681 -0.294020 0.472268 -1.660578 0.136176 -1.122551 2.873434 -1.285321 -0.010460 1.905077 -1.132806 0.496849 -1.741316 -1.464890 -1.425545 -1.278312 -0.416827 -5.000000 0.038956 -0.260768
1005 16.0929772427 14.0000000000 2.0000000000 0.7893795997 67.0000000000 5.6259964858 0.8871589732 5.9284530556 0.1077248098 4.9164403290 0.0737761771 35.1465556321 -654.3684785362 26.7363615942 6.7865866262 -3.480851 2.487569 2.201444 -3.814239 3.371350 3.345475 2.345156 0.675339 2.774232 -1.114000 -1.756428 -1.787143 -3.205783 0.002224 -5.000000 -1.422380 -1.937092 2.558720 -1.290866 -1.468196 -0.036952 1.766633 -4.377556 0.567571 2.938962 -1.543865 -0.166712 1.885690 -2.839002 1.676862 -3.575904 0.913932 0.341835 -1.617262 -2.306747 -2.798878 0.613333 -5.000000 1.708033 2.391823
evaluations raw_y rep iid sigma t d_norm d_mean ps_norm ps_mean pc_norm pc_mean ps_squared loglikelihood mhl_norm mhl_mean x0 x1 x2 x3 x4 x5 x6 x7 x8 x9 x10 x11 x12 x13 x14 x15 x16 x17 x18 x19 x20 x21 x22 x23 x24 x25 x26 x27 x28 x29 x30 x31 x32 x33 x34 x35 x36 x37 x38 x39
1 19.6444163971 15.0000000000 2.0000000000 0.7893795997 67.0000000000 5.6259964858 0.8871589732 5.9284530556 0.1077248098 4.9164403290 0.0737761771 35.1465556321 -654.3684785362 26.7363615942 6.7865866262 -0.624657 0.678569 -0.311817 -1.003579 0.471138 -3.527211 -2.191724 -2.175531 -0.610340 -0.947497 -0.401189 0.710394 1.379035 0.821179 -1.129957 1.198781 -0.325873 3.200429 1.363254 0.029760 -0.175559 -1.964236 0.243381 -2.274875 0.698005 -3.717026 -2.334364 2.849794 2.993131 2.579864 -3.623491 -2.996614 -2.900286 -3.387814 0.454528 -0.979469 -0.001057 -0.980505 -1.586419 4.097798
2 17.6259892052 15.0000000000 2.0000000000 0.7893795997 67.0000000000 5.6259964858 0.8871589732 5.9284530556 0.1077248098 4.9164403290 0.0737761771 35.1465556321 -654.3684785362 26.7363615942 6.7865866262 1.206371 -1.996404 2.430083 -1.335033 -0.545012 2.833549 -1.565218 -0.500641 -0.616629 3.459376 3.956545 0.439376 3.789640 -2.736199 -0.382611 2.574515 -0.493768 0.685102 0.445434 1.363187 0.502898 -2.963698 -0.773644 -1.467361 1.171956 -3.471578 -1.653390 2.367668 0.710092 4.885700 -0.073851 -5.000000 1.982979 0.384486 -0.705585 -2.679046 -0.377345 1.193173 0.680909 0.166851
4 16.3718667304 15.0000000000 2.0000000000 0.7893795997 67.0000000000 5.6259964858 0.8871589732 5.9284530556 0.1077248098 4.9164403290 0.0737761771 35.1465556321 -654.3684785362 26.7363615942 6.7865866262 -0.951449 0.656766 -0.565611 -1.440438 0.176918 -0.945031 0.259944 -0.213668 -1.408606 1.034355 1.161692 -5.000000 -0.499235 -0.354188 -0.512672 2.543029 0.161957 -0.835881 -1.533899 1.263132 -3.252894 -0.628051 -1.230944 -0.797969 -0.637128 -2.361661 -2.345687 -0.104641 -1.692368 2.828984 0.671707 -2.225721 1.026212 -0.456638 0.467575 3.083187 1.837349 -1.827138 1.004896 -0.856128
5 11.0448975599 15.0000000000 2.0000000000 0.7893795997 67.0000000000 5.6259964858 0.8871589732 5.9284530556 0.1077248098 4.9164403290 0.0737761771 35.1465556321 -654.3684785362 26.7363615942 6.7865866262 2.046024 -0.064441 -3.188604 -5.000000 -1.355721 -1.656542 -1.578284 4.347262 0.233827 1.738420 -1.903945 1.311677 -1.108050 -3.143231 -0.649880 -0.108623 -2.171203 2.859885 0.101367 -3.093037 -4.909517 1.522695 1.582311 1.277504 -1.845371 -1.803924 1.174751 -0.822804 0.010137 1.360148 2.245806 -1.534834 -0.302611 0.537636 -1.211318 1.963152 -2.074587 0.947485 -0.838452 2.581028
6 9.9441404687 15.0000000000 2.0000000000 0.7893795997 67.0000000000 5.6259964858 0.8871589732 5.9284530556 0.1077248098 4.9164403290 0.0737761771 35.1465556321 -654.3684785362 26.7363615942 6.7865866262 0.290384 -1.246103 -0.538511 -2.490270 1.454777 -0.276972 -0.414344 0.941889 1.114105 -0.749541 -2.255765 2.342248 0.904497 0.348233 1.761863 -0.482853 3.208832 -0.322770 -0.409565 0.368063 -0.606846 -0.222886 0.354016 -1.302868 0.957818 0.191370 3.962355 -0.539745 -1.431081 -1.693735 0.903609 0.656999 -1.793227 1.766530 -3.155861 -1.788855 -0.860748 -0.056890 -1.694859 2.814656
17 9.8696769522 15.0000000000 2.0000000000 1.8706391211 1.0000000000 6.3087183655 0.9974758576 2.6817870558 -0.0552737736 2.2742565341 -0.0468742440 7.1919818125 -1289.6678586951 27.0343069322 6.8638521488 0.312550 -3.067805 -2.293076 1.377132 0.315335 -0.232881 -0.545258 1.533647 -1.975773 1.794929 -2.512587 0.856715 -0.348682 -0.200827 -1.368831 -3.130796 2.000220 2.143940 1.248859 -2.427826 -0.873458 -1.182990 2.582800 -2.250791 0.434181 0.340469 0.846712 3.445269 -0.077341 -0.129793 -0.066072 0.133752 0.166948 0.620010 -0.674903 0.773057 1.581675 -1.560436 3.031219 3.945949
33 9.8523065617 15.0000000000 2.0000000000 1.7912921720 2.0000000000 6.2968229167 0.9955725716 3.9494894713 0.0297677285 3.3918642741 0.0232028601 15.5984670836 -1250.3459261351 26.5657198065 6.7999018452 -1.201232 -1.271532 0.143243 -2.318785 -0.302595 1.374116 -2.401017 0.968277 0.435872 2.002677 -1.898799 3.762417 2.079859 1.970754 -1.881339 -1.410788 0.746554 3.917521 1.495257 0.461364 0.326622 2.503856 1.541608 0.918054 2.872852 -2.494150 0.295858 2.215791 2.509639 -2.139909 -1.433919 0.317817 -1.153660 2.961166 -2.026168 -2.989106 0.291076 -2.552065 -2.802008 0.714861
37 6.5679284189 15.0000000000 2.0000000000 1.7912921720 2.0000000000 6.2968229167 0.9955725716 3.9494894713 0.0297677285 3.3918642741 0.0232028601 15.5984670836 -1250.3459261351 26.5657198065 6.7999018452 2.317386 -2.336742 -1.004078 0.127571 1.381797 2.708214 -3.734391 1.399629 1.000094 -1.734480 -0.900829 1.819868 1.960829 -0.626724 -0.176085 -3.387506 0.367017 5.000000 0.603047 0.298963 -0.459166 -2.351000 1.169545 -0.320108 0.491335 -0.175177 0.329109 -0.865815 -1.874937 1.235938 0.041898 -3.633208 -0.833399 3.122231 -3.748685 -3.609445 3.014907 3.799504 1.545321 1.252591
114 6.3173194359 15.0000000000 2.0000000000 1.5280094328 7.0000000000 6.2384554389 0.9862085410 4.9556868195 -0.1189335325 4.4054987436 -0.0998069948 24.5588318527 -1133.6207288253 26.0653403660 6.6316334789 -3.055195 -3.447778 2.930224 0.240111 -0.334072 2.131088 -1.221420 0.378524 0.553046 -2.214562 -2.664415 3.289020 2.334464 1.555537 -0.442723 -0.754413 -0.614298 1.635886 1.625782 -0.502182 -3.750572 -1.481504 -0.659203 -1.161714 -1.723378 -0.521252 0.458551 2.679945 -3.403927 0.927092 -0.898865 -2.651004 -0.454695 -0.229100 -1.587821 0.018330 -0.808754 -0.509059 -1.379633 2.739312
491 6.1169329806 15.0000000000 2.0000000000 0.9008057258 32.0000000000 5.9651573049 0.9421536804 5.2042699532 -0.0952657252 4.6031858104 -0.0632380738 27.0844257455 -784.3593783545 26.4838950678 6.7457536864 -2.463499 -1.022927 2.172788 3.237230 0.331097 3.925062 0.117925 -0.241837 2.883220 -1.195287 -1.990386 1.030859 -0.703539 0.386935 0.432210 -1.391159 -2.038726 5.000000 4.175785 -2.932858 -2.199846 -2.377425 -1.766742 -1.747842 2.283938 -0.955747 2.092465 -0.460190 -3.889218 -2.468314 0.333375 -3.425026 -1.741689 -1.326282 -0.326358 2.743609 1.621408 -2.264817 1.671316 4.696779
835 5.9984900706 15.0000000000 2.0000000000 0.6918311269 55.0000000000 5.7322729458 0.9044204938 6.2074637746 0.2184693467 5.4129085686 0.1661862761 38.5326065136 -525.2439787863 23.7905959637 6.0842005747 -1.568521 -2.387796 2.805961 2.175539 1.993451 2.401893 -2.711549 -1.462292 4.066582 -0.281424 -0.758207 1.564065 -3.208138 0.338173 1.387613 -1.219882 -3.178789 2.124101 -0.563625 -0.043810 -1.658590 -2.503015 1.227441 -1.533321 0.046048 -1.157311 3.390232 -0.325047 -2.685175 -0.818202 1.973829 -1.677168 0.336810 -2.590005 -1.859964 0.310533 3.833804 1.478918 0.805594 2.730461
970 5.9224116828 15.0000000000 2.0000000000 0.7668456651 64.0000000000 5.6642519652 0.8926663571 6.6024086537 0.0036729414 6.4405269648 0.0376569789 43.5918000309 -590.3011222961 24.4679323269 6.2325550112 -0.541941 -1.945590 2.049877 1.971968 0.662451 4.427034 -2.788344 -0.110308 2.179937 0.800730 -1.859403 2.026438 -4.541191 0.047465 0.209136 -0.406539 -2.588701 0.450682 -0.912200 0.226907 -3.337689 -4.591842 0.156053 -3.868807 0.225224 -0.438217 3.594714 -0.117616 -2.800022 0.309439 1.456315 -2.266973 0.452613 -1.289730 -2.949097 1.786605 4.032169 0.900622 0.261064 1.455375
1005 18.1036153655 15.0000000000 2.0000000000 0.7629396709 67.0000000000 5.6360679742 0.8878153262 5.9388467648 0.0118601278 5.7123630018 0.0276447025 35.2699008958 -580.1434489746 24.4420159085 6.2357529208 0.128180 -1.752915 2.123772 3.477309 1.113204 4.620781 -4.718373 -0.494602 0.747679 2.584837 -2.926200 1.296555 -4.412377 -0.207222 0.539445 0.540546 -2.608954 -0.625316 -0.257299 1.588973 -4.021126 -4.011052 0.878943 -2.705606 0.100635 0.276790 4.060198 0.892522 -2.276480 0.069145 0.584086 -2.535270 0.078890 -1.974864 -2.483002 1.979558 4.847645 1.866238 -0.220147 -0.028201
evaluations raw_y rep iid sigma t d_norm d_mean ps_norm ps_mean pc_norm pc_mean ps_squared loglikelihood mhl_norm mhl_mean x0 x1 x2 x3 x4 x5 x6 x7 x8 x9 x10 x11 x12 x13 x14 x15 x16 x17 x18 x19 x20 x21 x22 x23 x24 x25 x26 x27 x28 x29 x30 x31 x32 x33 x34 x35 x36 x37 x38 x39
1 13.6165918240 16.0000000000 2.0000000000 0.7629396709 67.0000000000 5.6360679742 0.8878153262 5.9388467648 0.0118601278 5.7123630018 0.0276447025 35.2699008958 -580.1434489746 24.4420159085 6.2357529208 0.255897 -3.056947 -1.188936 0.132661 -2.470990 -1.242737 -1.777896 0.997820 -1.573794 0.237487 -1.513726 0.986734 -1.678809 -2.030044 -0.685039 3.768928 -0.541826 -2.903439 -2.160318 5.000000 -0.440446 -0.178801 0.552683 3.224522 1.431930 1.317265 0.421482 -1.128887 0.280372 -0.676896 -2.809655 -4.973284 2.547087 2.159496 1.296805 1.112840 0.467075 -2.157691 -2.363922 -1.406480
3 11.4057937684 16.0000000000 2.0000000000 0.7629396709 67.0000000000 5.6360679742 0.8878153262 5.9388467648 0.0118601278 5.7123630018 0.0276447025 35.2699008958 -580.1434489746 24.4420159085 6.2357529208 1.442551 -0.209734 -2.063124 1.827044 1.018541 -2.096844 -2.146696 0.803199 1.300040 -3.218136 -0.652171 -1.098613 -0.407079 1.096462 3.611066 -1.642602 3.187427 2.203320 4.568750 0.239071 0.692346 2.137668 0.916449 3.649586 1.031948 2.225693 1.211335 -1.340746 1.884942 -0.835912 0.254897 -0.085747 1.240700 -2.479343 2.617236 1.821041 0.342891 -1.771437 -2.091865 -0.490074
9 11.1027917059 16.0000000000 2.0000000000 0.7629396709 67.0000000000 5.6360679742 0.8878153262 5.9388467648 0.0118601278 5.7123630018 0.0276447025 35.2699008958 -580.1434489746 24.4420159085 6.2357529208 -0.950084 -3.574946 -1.187079 -0.417450 -0.566501 -1.330216 -1.415077 -1.672711 4.075918 -1.008479 -1.122022 -5.000000 1.492491 -0.419817 -1.183421 -1.409853 -1.387332 2.496488 -0.906707 3.615147 2.428110 -0.358526 -2.315837 1.924843 -0.291217 -0.628145 1.041494 3.323049 -4.300144 -2.516693 -1.840305 2.672750 -0.735683 2.190460 3.076647 -1.055264 -0.227399 0.171235 0.802290 -0.256075
11 8.5111060283 16.0000000000 2.0000000000 0.7629396709 67.0000000000 5.6360679742 0.8878153262 5.9388467648 0.0118601278 5.7123630018 0.0276447025 35.2699008958 -580.1434489746 24.4420159085 6.2357529208 -0.858031 -1.907308 -0.556867 -1.926745 0.203192 -4.174971 0.632764 0.576036 -0.431047 3.814198 0.626255 2.521047 1.874061 -0.053267 -1.562278 -0.978858 -0.079419 -1.602394 -0.091744 0.105869 -1.781973 0.401802 -1.481831 3.025502 -1.762635 0.404237 -0.991884 -5.000000 -2.677692 -0.923227 -1.705410 2.787453 -1.042794 0.729585 -0.026157 -0.318007 -0.072986 0.914235 0.698236 -1.976591
15 8.1738956280 16.0000000000 2.0000000000 0.7629396709 67.0000000000 5.6360679742 0.8878153262 5.9388467648 0.0118601278 5.7123630018 0.0276447025 35.2699008958 -580.1434489746 24.4420159085 6.2357529208 -1.275352 -2.546948 1.770380 2.693743 0.116102 -3.953173 0.806748 5.000000 -2.744104 -3.509908 0.230379 0.376358 -0.507071 0.650871 2.935827 -2.858433 3.458125 2.865546 4.160393 -0.722332 0.522180 -2.032223 -0.281299 -0.116166 -3.491957 -1.959980 0.971046 -1.550006 0.759009 2.235534 0.192980 -1.919497 -1.974062 -0.662274 0.615591 2.451051 0.200522 -0.032447 -0.040156 4.643288
31 6.9233164485 16.0000000000 2.0000000000 1.8305440123 2.0000000000 6.3025777258 0.9964791847 4.5502688696 0.1444287757 3.9360822387 0.1219137533 20.7049467856 -1260.6531324937 26.4317733769 6.7437400474 1.255302 -1.811782 0.275074 2.242057 1.636479 -2.647514 0.053232 2.787085 2.932936 0.493658 -3.435728 -0.196879 0.207578 1.884212 -0.692121 -2.745071 0.750488 2.206680 3.704732 0.817987 -2.383103 -0.984683 3.190253 1.799407 -1.283865 4.508238 0.132830 1.324570 -5.000000 0.053718 -2.805163 1.017730 -1.570898 -1.754314 0.098229 -0.681175 3.333893 1.834051 0.252325 0.494122
66 6.8628177582 16.0000000000 2.0000000000 1.7559785951 4.0000000000 6.2829474206 0.9932983444 5.3024895984 0.0817823871 4.7617068447 0.0766239037 28.1163959412 -1227.4288013585 26.2234778865 6.7154139069 -1.398880 -3.292883 1.674679 2.262122 -2.226851 -2.105451 1.888406 5.000000 1.794701 0.069101 0.185460 -2.338859 5.000000 0.126435 -5.000000 -2.133536 2.863104 4.205992 2.390301 1.093851 -3.596369 -0.957581 1.321300 -1.767744 -0.779160 1.474844 2.431094 2.289568 -5.000000 -2.296074 -3.560808 0.798073 -2.483216 -5.000000 -0.130374 1.491987 0.999724 4.112857 5.000000 0.346201
210 5.7689402525 16.0000000000 2.0000000000 1.5205202733 13.0000000000 6.1901352371 0.9783051493 6.0670799618 -0.0606240965 5.5270511206 -0.0254374501 36.8094592633 -1081.2554567195 24.4124162130 6.2469026812 1.891351 -3.247570 0.940817 2.663782 -2.931568 -0.857183 3.167570 2.128789 0.650492 2.291785 0.033736 -0.671325 1.590768 1.184527 0.422408 -0.115814 3.515822 2.462183 -1.072083 0.428095 -0.380321 -2.144790 1.060709 -0.058500 -5.000000 3.027054 -1.609427 -1.766211 -1.137603 -0.559729 1.153185 2.408596 3.239769 -5.000000 -3.976192 1.675104 0.745449 3.925906 3.762671 2.242792
1005 9.1416735564 16.0000000000 2.0000000000 0.7725859737 67.0000000000 5.6535389119 0.8914514406 5.3479286831 -0.0969099510 4.5866123745 -0.0480157431 28.6003411998 -616.1330109013 25.5674935044 6.5104565780 -1.646534 0.344062 2.406434 -0.090932 -0.783745 -4.087035 1.707262 3.080769 4.628047 2.266526 5.000000 1.575755 0.376445 1.330952 -4.369774 -1.623285 0.615741 -1.213768 4.195018 -3.808059 0.987915 -2.817280 -2.050825 -2.742635 -5.000000 2.618256 -1.213911 -2.292033 -1.133563 -1.854070 1.599434 0.832474 1.704042 -1.179378 -2.779517 0.797984 -2.912948 2.899339 1.121446 4.342767
evaluations raw_y rep iid sigma t d_norm d_mean ps_norm ps_mean pc_norm pc_mean ps_squared loglikelihood mhl_norm mhl_mean x0 x1 x2 x3 x4 x5 x6 x7 x8 x9 x10 x11 x12 x13 x14 x15 x16 x17 x18 x19 x20 x21 x22 x23 x24 x25 x26 x27 x28 x29 x30 x31 x32 x33 x34 x35 x36 x37 x38 x39
1 13.2775743160 17.0000000000 2.0000000000 0.7725859737 67.0000000000 5.6535389119 0.8914514406 5.3479286831 -0.0969099510 4.5866123745 -0.0480157431 28.6003411998 -616.1330109013 25.5674935044 6.5104565780 0.552532 -3.709256 1.247802 2.290623 2.074381 3.773278 -0.223397 -0.724203 0.297350 -0.875566 4.342514 2.304621 -3.637625 -0.276099 1.079679 -3.550565 2.629753 -0.946896 -2.184460 -0.500055 -1.964589 2.062538 0.982668 -0.893293 -1.612720 0.262536 -2.425120 0.319982 -1.510446 0.699792 1.955084 -0.277170 0.207713 0.601182 1.936411 1.739248 1.135566 0.930565 -2.330746 -4.071990
2 9.1509911712 17.0000000000 2.0000000000 0.7725859737 67.0000000000 5.6535389119 0.8914514406 5.3479286831 -0.0969099510 4.5866123745 -0.0480157431 28.6003411998 -616.1330109013 25.5674935044 6.5104565780 -2.310827 5.000000 0.253454 -1.388358 1.115349 0.198293 1.275852 1.406221 -1.832186 -1.572028 2.238364 -1.966792 0.489040 -1.162819 0.859128 1.596804 -1.220140 2.370808 -1.421668 -1.562258 -0.460746 0.240390 -1.576940 -5.000000 -1.591162 0.569164 1.045075 0.167109 5.000000 1.222016 -1.671888 -0.007392 0.786189 1.368990 1.550403 1.112006 -1.081960 3.048834 2.416770 0.102555
18 8.8935552898 17.0000000000 2.0000000000 1.8988852414 1.0000000000 6.3122527627 0.9980264786 3.4894202837 0.1291608163 2.9591599614 0.1095332420 12.1760539164 -1297.3564577668 26.9162114955 6.8745002258 -2.841048 4.836000 -1.755621 2.717323 3.548351 -1.180230 -5.000000 4.008379 -0.569626 0.919058 -0.325657 2.205844 3.828890 -4.323276 -2.286381 1.597864 0.808492 2.073308 -1.065380 -3.052280 -1.883928 -0.068689 1.610264 -3.820190 2.885058 3.419351 -2.263626 3.718239 5.000000 0.721994 -0.207295 0.985797 -3.059581 3.985241 2.575235 -0.287349 -0.820228 0.201492 2.935909 -3.846014
19 8.3608043123 17.0000000000 2.0000000000 1.8988852414 1.0000000000 6.3122527627 0.9980264786 3.4894202837 0.1291608163 2.9591599614 0.1095332420 12.1760539164 -1297.3564577668 26.9162114955 6.8745002258 0.717799 1.841574 -0.550549 -0.355675 2.009561 -0.666638 -1.972184 3.548896 -2.154430 -0.131773 0.782445 -1.205129 -1.140336 -1.911303 0.346020 -1.773318 2.610224 -1.626382 1.300705 -0.788498 -0.142623 1.671005 0.427729 -4.824381 2.319129 -1.456027 1.999551 -1.079093 4.480203 -1.628318 3.196688 1.417605 -0.684010 3.145876 1.485488 0.626770 1.036240 4.565775 2.637167 -2.063809
25 8.2952344434 17.0000000000 2.0000000000 1.8988852414 1.0000000000 6.3122527627 0.9980264786 3.4894202837 0.1291608163 2.9591599614 0.1095332420 12.1760539164 -1297.3564577668 26.9162114955 6.8745002258 -1.957647 4.331887 -0.008488 -1.259306 0.075229 -0.495821 -0.470325 -0.384588 -1.521793 -0.266062 -1.851645 -0.345965 -1.361237 -2.032500 1.107494 2.105860 -1.166432 0.439048 -2.782412 -1.233250 -2.498020 0.884137 -4.695979 -2.979993 -0.304675 -0.179507 -1.918453 0.303627 1.811472 -1.926555 0.949473 2.151222 -0.178699 0.930353 3.636748 0.064920 -0.468553 2.010837 -0.781749 -0.142167
45 5.9994140440 17.0000000000 2.0000000000 1.8379443541 2.0000000000 6.2998752733 0.9960441416 4.5273813854 0.0574661214 3.9187073971 0.0533709508 20.4971822092 -1275.6293538081 26.9034068083 6.8372580726 -1.254180 0.818455 -1.445255 0.063694 0.152858 1.204051 -2.708722 3.368161 -1.756135 -3.747810 0.088017 1.168308 -1.955231 0.388824 -0.170568 3.074444 1.317969 -0.734870 -2.893600 -3.797028 0.886412 -0.385563 -3.080309 -2.493941 1.979903 -2.665553 -0.250489 0.120053 -0.983828 -1.948081 2.103459 1.016268 0.990919 -0.483139 2.182754 0.658402 -0.165067 0.077648 -1.501500 -0.810396
149 5.8484236739 17.0000000000 2.0000000000 1.5603382991 9.0000000000 6.2204298760 0.9833019194 5.3751477238 -0.2352101591 4.9887739061 -0.2136346095 28.8922130523 -1105.8350471451 24.6130228629 6.2985730300 2.475183 2.827538 -2.263882 -0.726688 -0.638869 3.826035 -1.268884 2.583279 -5.000000 -1.468309 0.870035 -4.796359 -2.706481 -1.050933 -2.262557 -1.660062 0.845898 -0.434449 -2.841272 -3.632350 -4.108262 1.311648 -2.143631 -3.342613 0.810031 -2.291528 -2.423034 1.550574 -3.273761 -4.282740 3.406894 -0.707376 -0.189828 1.557359 4.974742 -1.429420 -2.062190 2.600579 -2.320724 0.010989
571 5.2793800321 17.0000000000 2.0000000000 0.9492439505 38.0000000000 5.9094263252 0.9329746953 6.4277963976 0.0463304915 5.8424488096 0.0641248676 41.3165665288 -762.4804730719 24.6596855574 6.2268514443 2.679967 3.025446 2.955050 -1.377930 -2.965625 1.179631 -1.838561 3.955389 -4.272296 -2.042132 0.555510 -0.163724 -3.587671 -1.195746 2.225953 0.610753 1.792016 2.072867 -4.316398 -4.991531 -2.773721 1.725691 -2.775852 -3.547923 -2.714253 -1.105572 -4.373608 4.827683 2.486740 2.211009 3.268773 -0.846431 2.605575 2.708803 2.074944 -5.000000 2.554129 4.072678 -3.044699 3.254067
1005 8.5630898314 17.0000000000 2.0000000000 0.7349262389 67.0000000000 5.6289013496 0.8872969813 6.4462038097 -0.0614081137 5.7270163158 -0.0013610886 41.5535435567 -563.0860939214 24.6775669673 6.3355208484 4.928792 1.459186 2.953945 -1.938925 -1.288398 3.414388 -3.035057 2.149855 -2.906403 -0.464286 0.575607 -0.182775 -2.350697 -4.782537 4.035525 1.357118 3.324796 2.535104 -2.999507 -0.855036 -1.243261 1.389009 -3.503328 -2.510529 -1.815875 -1.083658 -4.745722 3.605909 1.730626 3.709670 1.025645 1.811211 4.088774 -2.755958 3.443676 -3.813417 1.500500 2.404705 -1.975445 2.231459
evaluations raw_y rep iid sigma t d_norm d_mean ps_norm ps_mean pc_norm pc_mean ps_squared loglikelihood mhl_norm mhl_mean x0 x1 x2 x3 x4 x5 x6 x7 x8 x9 x10 x11 x12 x13 x14 x15 x16 x17 x18 x19 x20 x21 x22 x23 x24 x25 x26 x27 x28 x29 x30 x31 x32 x33 x34 x35 x36 x37 x38 x39
1 18.9589979713 18.0000000000 2.0000000000 0.7349262389 67.0000000000 5.6289013496 0.8872969813 6.4462038097 -0.0614081137 5.7270163158 -0.0013610886 41.5535435567 -563.0860939214 24.6775669673 6.3355208484 0.158857 4.380405 -0.269784 0.321036 0.885396 1.246783 2.017807 0.788498 -0.672773 -1.291813 1.610915 0.832886 1.149239 -2.203343 -1.989514 2.691039 1.163736 1.074477 4.134094 -0.580648 1.202730 -1.129054 -2.335903 -2.044004 1.767039 -1.067489 -2.700864 0.460188 1.789710 2.741520 4.927403 2.255803 -1.638428 0.134928 2.154433 -1.107090 1.355235 2.082987 -3.502844 0.237339
2 10.3655606675 18.0000000000 2.0000000000 0.7349262389 67.0000000000 5.6289013496 0.8872969813 6.4462038097 -0.0614081137 5.7270163158 -0.0013610886 41.5535435567 -563.0860939214 24.6775669673 6.3355208484 2.277402 1.354170 0.612270 -0.030544 4.135977 -0.090536 -3.206250 -0.935504 0.297315 0.705742 -0.501302 0.172256 -0.340330 1.701336 -2.237533 -0.147728 -2.826398 -2.239788 0.744920 -0.886148 1.940151 0.114399 1.068929 2.432949 -1.111856 -4.582294 -3.010252 -2.485479 -0.922775 -2.466883 0.968889 1.176252 -1.083262 1.065766 0.948540 4.128864 4.340174 -0.705943 5.000000 -1.807078
4 7.4812567932 18.0000000000 2.0000000000 0.7349262389 67.0000000000 5.6289013496 0.8872969813 6.4462038097 -0.0614081137 5.7270163158 -0.0013610886 41.5535435567 -563.0860939214 24.6775669673 6.3355208484 -1.301533 2.919893 1.901549 -2.728160 0.407826 0.618001 1.548280 0.902317 0.407977 -4.176898 1.906919 -0.610301 0.895613 0.358469 1.118302 3.553569 -0.890380 0.230984 0.356020 2.837192 1.949681 -3.084856 -2.103856 -0.302313 1.488085 -0.419696 -0.305568 -4.039975 -1.198828 -1.753427 1.259792 -0.162147 -0.282030 -0.412432 0.862196 0.128764 0.698662 -1.298151 0.123802 3.251490
141 7.2931140659 18.0000000000 2.0000000000 1.4918501881 9.0000000000 6.2144432264 0.9823621014 4.4352923820 -0.0209035064 4.0201382149 -0.0046555109 19.6718185137 -1110.8484723980 25.9101867848 6.6318636750 -3.413716 4.314261 2.561533 -0.427007 1.418426 -2.356851 -2.079532 1.145432 -1.711450 0.407113 -1.165358 1.767408 0.946464 0.263152 -2.349497 1.587862 0.136087 -1.397313 -2.280001 -1.293723 4.149616 -1.743927 0.355381 -0.684963 0.850020 2.166981 -0.453946 -0.242736 1.761364 3.243600 2.244780 0.473576 5.000000 3.837910 0.697451 5.000000 1.174157 -4.006731 -1.877405 0.209927
299 6.6107573240 18.0000000000 2.0000000000 1.2803058495 19.0000000000 6.1083584215 0.9651858312 5.0164663053 0.0657159212 4.6747869151 0.0509052094 25.1649341926 -1011.9577445015 26.2868153577 6.7161060496 -2.560549 5.000000 1.301764 -3.815870 3.765035 -0.378606 -2.793462 4.958084 -2.259025 2.690769 -0.042163 2.352646 2.151015 -1.313447 -1.877410 3.656719 1.224216 -4.754260 -2.585427 -0.246546 3.082861 0.280538 2.716768 1.014077 1.874901 -3.113755 1.727173 -0.875752 0.385422 1.832927 1.950796 1.141892 4.749342 4.281230 -1.992964 2.583237 0.119207 -1.897163 -2.854465 -2.884796
411 4.2340498914 18.0000000000 2.0000000000 1.1854301079 27.0000000000 6.0245286301 0.9516475796 6.2676619284 0.1514413285 5.7142485656 0.1468835932 39.2835860493 -922.2334174509 25.0323542232 6.3896685607 -1.151797 1.395652 2.836683 -3.257868 4.130308 1.545781 -2.091934 0.248215 0.841662 3.214839 -3.235812 2.254381 4.244821 -4.770153 -1.368967 3.323608 -1.551766 -0.518426 -2.639684 0.088295 1.320394 3.704576 -1.772643 0.015417 4.265003 -1.823861 -1.105973 -2.687437 -0.034818 0.764676 0.823019 4.072494 4.874256 2.655575 -3.366411 2.319451 4.839898 -5.000000 -2.590954 -0.276943
939 4.0218058474 18.0000000000 2.0000000000 0.8078779333 62.0000000000 5.6661637216 0.8933172719 5.3935700297 -0.0493092845 4.4763748615 -0.0226057358 29.0905976649 -644.6177115861 25.5231549481 6.4845682342 0.971477 1.099130 2.553458 -1.906072 2.899738 -1.504958 -3.613776 2.090983 1.584633 2.632095 -2.155123 2.597094 4.692534 -3.419365 -2.681215 4.235117 -1.101707 2.111942 -1.855530 3.055261 3.534683 2.892580 -1.272959 -2.166504 3.763214 -0.539475 -1.717644 -5.000000 0.578288 0.947372 3.932714 -0.291967 2.816770 5.000000 -1.913347 1.741616 2.974954 -5.000000 1.677814 4.543952
1005 12.5825945178 18.0000000000 2.0000000000 0.7113407906 67.0000000000 5.6129697502 0.8848021664 5.5420125086 -0.0736456947 4.5225587592 -0.0576932362 30.7139026450 -545.3912263467 24.7397166911 6.3231591810 0.272366 1.198100 1.627154 -1.078191 1.531285 -1.374065 -3.815890 1.860286 -0.489688 1.178131 -1.971930 3.445031 4.885665 -3.739629 -2.265613 4.589227 -1.627272 2.412719 -3.212254 1.782999 3.369399 1.926903 -1.140543 -2.685039 3.498037 -1.767523 -1.826194 -4.500175 -0.274912 -0.683083 2.822705 -0.862772 0.348645 5.000000 -0.984290 2.167977 2.768985 -3.117507 2.165719 3.564720
evaluations raw_y rep iid sigma t d_norm d_mean ps_norm ps_mean pc_norm pc_mean ps_squared loglikelihood mhl_norm mhl_mean x0 x1 x2 x3 x4 x5 x6 x7 x8 x9 x10 x11 x12 x13 x14 x15 x16 x17 x18 x19 x20 x21 x22 x23 x24 x25 x26 x27 x28 x29 x30 x31 x32 x33 x34 x35 x36 x37 x38 x39
1 12.4575364037 19.0000000000 2.0000000000 0.7113407906 67.0000000000 5.6129697502 0.8848021664 5.5420125086 -0.0736456947 4.5225587592 -0.0576932362 30.7139026450 -545.3912263467 24.7397166911 6.3231591810 0.442007 -0.680930 -1.155497 -0.808063 -1.206579 -0.487705 2.070687 1.161507 0.504827 -2.925092 -3.096683 0.530545 -0.001792 -2.031985 0.223979 -2.383904 3.111088 -1.866600 1.053068 -0.299929 1.045571 2.684310 3.117043 2.511988 1.817207 -1.681803 2.011170 -2.047608 0.363548 -0.833362 3.956817 3.834889 -2.062014 -0.966624 -1.290160 0.120696 1.095861 1.690297 -2.414363 0.749681
5 11.7129740507 19.0000000000 2.0000000000 0.7113407906 67.0000000000 5.6129697502 0.8848021664 5.5420125086 -0.0736456947 4.5225587592 -0.0576932362 30.7139026450 -545.3912263467 24.7397166911 6.3231591810 -2.274300 -1.378652 -1.696507 -0.890320 0.818042 4.385120 0.311166 -0.305202 -2.325430 1.424437 -5.000000 -3.807251 -1.641872 0.384375 4.207011 0.626611 -0.277998 -5.000000 2.316806 -1.283598 -1.827067 -0.323076 2.628880 -2.077430 -2.259129 -0.538758 -0.574820 3.310136 -0.536976 -1.964941 0.856444 -2.613699 -0.230495 1.311856 1.120600 1.146814 1.489367 -3.124358 -3.919436 1.464530
12 9.7661843928 19.0000000000 2.0000000000 0.7113407906 67.0000000000 5.6129697502 0.8848021664 5.5420125086 -0.0736456947 4.5225587592 -0.0576932362 30.7139026450 -545.3912263467 24.7397166911 6.3231591810 -0.801274 -1.358306 0.211836 -0.242415 0.182935 1.705633 5.000000 3.834646 1.109399 2.411712 -2.419304 0.781576 -3.618073 -1.713305 -4.290671 -0.236779 2.994655 -0.500138 0.719619 2.589974 2.311735 -1.446583 -1.003237 -0.125012 -0.644681 -0.195511 -3.833539 0.878992 -2.133722 -3.094878 -1.004497 0.756729 -0.240321 -2.965528 2.964107 1.853150 0.160069 2.067514 -2.107939 -0.800173
14 8.0923205043 19.0000000000 2.0000000000 0.7113407906 67.0000000000 5.6129697502 0.8848021664 5.5420125086 -0.0736456947 4.5225587592 -0.0576932362 30.7139026450 -545.3912263467 24.7397166911 6.3231591810 -2.801380 -2.698476 0.232879 1.251080 0.434926 -1.355664 1.903756 0.213303 2.671441 -0.712574 0.226592 -1.060449 -0.178431 -0.739991 -2.746765 -1.521302 2.306061 -1.011409 -0.398997 -0.525645 1.709635 1.290757 -4.399580 1.080294 -1.782222 -0.093596 2.731622 2.721124 -0.929377 0.155713 2.481273 -4.256577 0.327034 -0.436940 -0.268490 -1.393006 -1.355245 2.290857 0.268739 3.187366
51 6.2849259835 19.0000000000 2.0000000000 1.7685030013 3.0000000000 6.2906032516 0.9945702632 4.4799794989 -0.1095487806 3.9623395265 -0.0980852623 20.0702163101 -1216.0141025715 25.5950366592 6.5510577915 -0.429349 -4.874187 0.115385 -2.049739 4.047248 2.654246 -2.448141 -0.127780 -2.784936 -0.966397 -1.343957 2.393472 -1.507271 -5.000000 1.404691 -2.326551 1.607517 1.602333 1.345040 1.428007 -1.879633 1.294153 -1.355290 -0.720401 1.570529 -3.621591 0.100302 1.946232 -2.541170 5.000000 3.398801 -3.692245 1.556742 -4.096633 3.749362 -0.541292 3.192835 5.000000 2.139807 -0.187334
333 6.2825715642 19.0000000000 2.0000000000 1.2355166565 22.0000000000 6.0731891312 0.9594945218 5.8263859103 0.2063031488 5.2993744890 0.1841246607 33.9467727758 -964.7045915579 25.4127454182 6.4889401676 0.914164 -1.769614 -1.696626 3.227006 -4.860105 4.158631 3.976407 1.885823 4.882123 -2.213768 -3.537756 2.168646 -1.139589 -1.570963 -2.849335 -3.274230 2.143477 3.521890 2.127781 -1.554270 -3.866842 1.625477 -0.865258 1.753327 -0.579630 0.542622 1.742191 1.858038 2.152210 1.441582 4.497239 -0.282205 1.300493 1.676749 3.147152 2.282412 1.013036 3.401805 -0.811109 -1.745752
416 5.9314157574 19.0000000000 2.0000000000 1.1346534043 27.0000000000 6.0195519471 0.9508359722 5.2511505175 0.1532905488 4.8002106564 0.1515683949 27.5745817571 -852.1214763640 23.1788598188 5.9324713450 0.677937 -2.905483 -2.697495 -0.089916 -4.411944 0.665258 3.954461 -0.800346 2.911575 -3.481053 -3.236811 0.409580 -4.092336 0.289484 -4.182259 -3.117688 1.037712 5.000000 -1.836863 -2.151767 -1.558044 2.473062 -3.297932 4.789770 0.022446 0.555557 2.019797 1.855109 0.345280 2.029794 3.719859 0.090090 0.588520 1.643406 5.000000 1.939084 -0.257546 5.000000 -4.843551 -3.100906
474 5.8107222613 19.0000000000 2.0000000000 1.0428187897 31.0000000000 5.9765706633 0.9439355845 5.2695364974 -0.3314160970 4.6348894074 -0.2575178615 27.7680148969 -806.1053439410 23.7809216478 6.0272440004 0.366430 -3.362292 -3.132146 2.748229 -4.229784 1.397907 3.347980 -1.666683 1.381489 -3.293697 -5.000000 -0.643163 -3.826721 -2.730813 -2.475572 -4.272435 2.340265 2.816224 -2.568300 -2.204406 -4.778448 0.829784 -1.840559 1.486118 -0.895453 0.608136 2.293601 1.057139 -0.063300 3.185248 5.000000 -0.071850 0.099470 2.676847 2.573781 2.078724 0.003606 3.264192 -4.290385 -1.305145
947 5.5303091117 19.0000000000 2.0000000000 0.6752079587 63.0000000000 5.6490914251 0.8909316327 5.6061319758 0.2868678508 5.3595740257 0.2847113963 31.4287157304 -502.0379157005 24.0001815360 6.0931976292 4.230015 -1.040847 -2.262999 3.061965 -1.259096 4.593978 2.863533 -3.461670 1.727463 0.170706 -4.961657 2.142591 -3.650002 -3.038335 -1.191833 -0.743023 1.464816 3.331438 -0.549837 -0.109660 -2.055539 3.479609 -1.688818 -1.162923 -0.938158 -0.302794 1.313978 4.129050 5.000000 2.600234 4.613224 -2.626235 0.094576 1.204654 3.953476 3.517912 3.301693 5.000000 -2.735145 -4.468546
1005 9.7112816010 19.0000000000 2.0000000000 0.6177962350 67.0000000000 5.6114407792 0.8847185780 5.0369991822 0.0603666554 4.5808461080 0.1149089707 25.3713607618 -522.2296949581 27.4755303208 7.0084009454 3.269759 -0.728991 -2.456782 3.393640 -0.989964 4.115781 3.112873 -3.443188 2.325617 -0.516112 -5.000000 1.369874 -4.508518 -3.224578 -1.435404 -1.402773 1.780214 4.095161 -2.311685 -0.088547 -1.112486 2.140520 -2.621344 -1.532084 -1.439835 -0.785101 0.897096 4.540202 4.286089 2.407210 4.197338 -2.532311 -0.213104 -0.151406 4.426229 3.717352 2.646552 3.007646 -4.519794 -4.059696
evaluations raw_y rep iid sigma t d_norm d_mean ps_norm ps_mean pc_norm pc_mean ps_squared loglikelihood mhl_norm mhl_mean x0 x1 x2 x3 x4 x5 x6 x7 x8 x9 x10 x11 x12 x13 x14 x15 x16 x17 x18 x19 x20 x21 x22 x23 x24 x25 x26 x27 x28 x29 x30 x31 x32 x33 x34 x35 x36 x37 x38 x39
1 12.9379652732 0.0000000000 3.0000000000 0.6177962350 67.0000000000 5.6114407792 0.8847185780 5.0369991822 0.0603666554 4.5808461080 0.1149089707 25.3713607618 -522.2296949581 27.4755303208 7.0084009454 3.528105 0.800314 1.957476 4.481786 3.735116 -1.954556 1.900177 -0.302714 -0.206438 0.821197 0.288087 2.908547 1.522075 0.243350 0.887726 0.667349 2.988158 -0.410317 0.626135 -1.708191 -5.000000 1.307237 1.728872 -1.484330 4.539509 -2.908731 0.091517 -0.374368 3.065558 2.938718 0.309895 0.756325 -1.775571 -3.961593 -0.695824 0.312698 2.460581 2.404760 -0.774654 -0.604606
4 12.8205934715 0.0000000000 3.0000000000 0.6177962350 67.0000000000 5.6114407792 0.8847185780 5.0369991822 0.0603666554 4.5808461080 0.1149089707 25.3713607618 -522.2296949581 27.4755303208 7.0084009454 0.752851 -2.198802 0.596476 2.652772 -1.389136 -0.299269 -0.870307 3.698527 1.344590 0.814924 -1.539832 1.078498 -1.348665 0.063661 -1.271692 1.352867 1.153182 -0.416598 0.792013 -2.186123 -2.982515 0.878783 0.333347 1.270063 4.766290 1.888959 -1.825644 2.234033 -2.631815 -0.923169 -0.136483 3.426685 -1.489510 -1.652877 -0.196905 -1.326957 2.253272 -2.159863 -2.294937 -0.875640
22 6.7462162919 0.0000000000 3.0000000000 1.8946246464 1.0000000000 6.3122577953 0.9980351469 3.3683707792 0.0708307590 2.8565054177 0.0600671541 11.3459217063 -1304.3673074934 27.2065777199 6.9118631698 -0.999714 -3.052876 0.188190 -2.367308 2.348574 -2.505519 4.135552 0.687580 0.895573 -3.285948 -1.962823 0.772623 3.938066 0.690016 -0.605262 0.426621 1.493630 0.404542 -0.887404 -0.342398 -1.312124 -0.828788 -1.549747 0.897582 1.999280 -1.359540 1.260013 1.668424 -1.873326 -1.298492 -1.519225 0.580939 0.390987 -0.583912 -0.687858 -0.318182 0.674920 -1.427604 0.174175 1.760769
126 5.6953769879 0.0000000000 3.0000000000 1.6261338867 8.0000000000 6.2332201441 0.9853256609 5.1388651323 -0.1540060828 4.8778451512 -0.1372685955 26.4079348476 -1128.8627299539 24.4685172989 6.2647689914 2.414468 -2.794534 -0.806095 2.508597 -0.432376 -2.922764 2.237815 3.347774 2.240299 -2.680707 -5.000000 3.638796 2.770655 1.379893 4.306002 -1.573858 4.859693 0.671670 1.380226 1.957420 -2.779704 0.738487 -4.938456 4.771453 -5.000000 0.068222 -0.385174 -3.365636 1.343787 -2.140086 1.357617 2.912750 -4.973811 -1.101849 5.000000 1.117305 3.544325 1.557397 -0.885395 -1.632911
479 5.6419329326 0.0000000000 3.0000000000 0.9759422601 31.0000000000 5.9862785685 0.9454546624 5.2307699704 -0.0318425365 4.9917286717 -0.0284920914 27.3609544830 -769.1684137326 23.7206911228 6.0457626349 -2.435901 0.268052 1.899380 1.979363 -5.000000 -3.449338 -0.229695 4.507987 3.368156 -2.988825 -2.765774 2.529944 -4.792781 -1.176603 4.866955 -2.176893 1.958027 0.377299 1.304480 -0.621229 -3.900892 -1.383024 -2.816092 3.505104 -2.699507 2.937152 -3.253594 1.058139 -1.428906 3.975874 -2.440041 2.050212 -2.502778 -4.023373 3.781254 0.359983 2.583882 -0.956315 -0.833085 2.051515
1005 11.2081795693 0.0000000000 3.0000000000 0.5862780407 67.0000000000 5.6255248820 0.8873395431 5.6062216805 0.1642309231 4.8322486425 0.1076728395 31.4297215310 -440.0648047042 25.2058921886 6.4474324262 -3.356577 -0.276142 3.972882 -0.871374 -2.447408 -2.572349 -0.586787 3.147390 4.254441 -1.484244 -3.186807 1.231185 -3.516224 -0.840009 2.093951 -2.239160 2.766720 0.394624 -1.287279 -1.693011 -3.077020 -3.521396 -2.328609 2.559087 -2.430558 -3.098931 -0.492418 -1.025420 -3.699947 5.000000 -3.937423 0.538490 -4.050202 -4.186117 4.812813 1.343600 3.328442 -1.953944 0.439086 5.000000
evaluations raw_y rep iid sigma t d_norm d_mean ps_norm ps_mean pc_norm pc_mean ps_squared loglikelihood mhl_norm mhl_mean x0 x1 x2 x3 x4 x5 x6 x7 x8 x9 x10 x11 x12 x13 x14 x15 x16 x17 x18 x19 x20 x21 x22 x23 x24 x25 x26 x27 x28 x29 x30 x31 x32 x33 x34 x35 x36 x37 x38 x39
1 11.6841114163 1.0000000000 3.0000000000 0.5862780407 67.0000000000 5.6255248820 0.8873395431 5.6062216805 0.1642309231 4.8322486425 0.1076728395 31.4297215310 -440.0648047042 25.2058921886 6.4474324262 3.248691 -1.223513 -1.056344 -2.145937 1.730815 -4.603077 3.489624 -1.522414 0.638078 -0.498741 2.924216 -4.120281 -0.644834 -0.768109 2.267539 -2.199783 -0.344856 -1.755717 0.084427 1.165630 -2.201238 2.289447 1.803181 1.004989 1.801712 -1.367456 -0.245780 -1.871539 -0.535776 1.060711 -1.383322 -0.793507 -1.374345 -1.690411 -1.342492 -0.025329 -2.234621 0.468831 3.319604 1.484088
3 10.3432937482 1.0000000000 3.0000000000 0.5862780407 67.0000000000 5.6255248820 0.8873395431 5.6062216805 0.1642309231 4.8322486425 0.1076728395 31.4297215310 -440.0648047042 25.2058921886 6.4474324262 -0.444656 -0.401516 0.373123 0.820103 0.396599 0.238017 -1.341325 0.755128 0.243643 2.258968 2.397836 0.370313 -0.750570 -1.277461 0.846989 0.154680 -0.687707 0.087194 -1.240002 1.396064 -0.894257 2.449015 0.806983 1.187157 -2.189824 0.338765 1.481113 -1.907401 -0.532437 0.065229 -2.746235 0.630319 1.692321 -1.719032 0.701092 -2.624567 -0.077391 -3.231545 2.242835 0.817801
16 10.1457165970 1.0000000000 3.0000000000 1.8754727587 1.0000000000 6.3095414906 0.9976095632 2.8208551124 0.0699072738 2.3921914894 0.0592840039 7.9572235651 -1284.8684858142 26.7826747610 6.8161515172 0.228644 -0.570936 -2.291951 -0.213156 -0.189581 1.180805 2.595540 0.096059 2.434539 0.887895 -1.221034 1.199814 1.754937 -0.161626 0.610505 1.329986 0.213111 1.651353 -3.785450 -0.481250 -2.512330 2.602135 0.949374 0.851497 -0.783290 -0.071875 1.492597 -2.162490 0.643471 -2.756827 -1.348804 1.958937 4.616723 -2.826473 0.110236 -0.502201 -2.952143 0.258461 5.000000 -1.992689
19 9.1595937817 1.0000000000 3.0000000000 1.8754727587 1.0000000000 6.3095414906 0.9976095632 2.8208551124 0.0699072738 2.3921914894 0.0592840039 7.9572235651 -1284.8684858142 26.7826747610 6.8161515172 -1.594436 0.311233 -0.330371 2.235799 -0.585195 1.908689 2.377987 0.989234 4.835941 0.643106 -0.982423 0.744553 0.406251 1.657856 2.870311 -1.256380 -0.532229 -2.165900 -0.669899 -0.251945 -2.226485 1.572196 0.355875 2.445201 1.686367 -0.931272 1.501845 -2.613482 4.117937 0.719447 0.272436 4.527550 -0.491359 -1.630366 2.938471 4.350573 -2.086855 -1.075520 3.193617 3.569853
58 7.5503548681 1.0000000000 3.0000000000 1.7683831471 3.0000000000 6.2878103393 0.9941164955 5.0450625894 0.1101253984 4.4237246652 0.1004470135 25.4526565308 -1258.9064629132 27.1801604022 6.9691211196 0.345974 1.659474 -2.827208 2.232256 -0.959728 0.130665 1.325972 -2.015152 2.018111 1.637557 2.075488 -1.440236 3.677765 -0.185173 2.162696 1.695768 -0.204625 0.863643 -5.000000 3.470786 1.629472 2.529474 1.340378 3.499986 -0.504185 -0.812654 0.906857 2.511927 -0.430953 -1.113725 -1.279269 1.199714 1.066062 -3.288134 1.894957 1.113312 -2.327938 1.225734 4.230952 2.742186
106 6.5959015271 1.0000000000 3.0000000000 1.5542715821 7.0000000000 6.2387130825 0.9862525609 4.8477499163 -0.0180796389 4.4687481949 -0.0055924554 23.5006792510 -1124.5214697331 25.3469426981 6.4799244084 -2.105365 -1.614826 -3.908319 -2.103701 -0.054729 1.327264 0.547000 -1.281092 4.250674 0.281201 2.161416 2.808898 5.000000 2.267597 1.079096 0.179850 -0.196906 0.956435 -5.000000 1.586150 4.492320 3.365708 0.019369 -0.607304 4.162952 -3.273036 -2.037765 0.960636 -1.393156 -0.987754 1.482504 -3.211414 -5.000000 -1.934139 -1.994808 2.514084 0.223595 1.069145 3.118904 4.020492
245 6.2933219320 1.0000000000 3.0000000000 1.3525315647 16.0000000000 6.1422188940 0.9706817920 5.3965733217 -0.0811734695 4.9388503999 -0.0764949251 29.1230036163 -987.2193987874 23.7085304081 6.0368579705 -3.436447 -3.701099 -0.686915 0.217997 -1.066094 1.587615 -0.720614 -1.101102 -0.382130 -2.392401 -0.513524 -2.558394 4.550596 -0.520705 -1.951958 0.722866 -2.249437 1.076996 -0.184040 5.000000 3.707053 1.323107 -0.527840 0.601976 2.541746 -0.832479 -1.825344 -0.322468 -1.522470 -2.973279 3.335488 0.044205 -3.992092 -2.512411 -3.825510 3.246940 -2.593192 -4.647643 2.759076 1.993086
254 5.3106035397 1.0000000000 3.0000000000 1.3525315647 16.0000000000 6.1422188940 0.9706817920 5.3965733217 -0.0811734695 4.9388503999 -0.0764949251 29.1230036163 -987.2193987874 23.7085304081 6.0368579705 -4.226980 -4.052965 -0.187206 -0.154848 -0.953428 2.875324 0.096643 -1.138625 1.962095 -2.693734 -1.450625 -5.000000 5.000000 -4.549570 1.419300 -1.122357 -4.952819 1.576495 -0.851983 2.892782 2.994010 4.316981 -0.275332 0.642424 3.325174 -0.349406 -0.748101 0.794946 -0.439122 -5.000000 2.546306 -1.444067 -4.001045 0.346922 -4.466613 1.033131 -3.861789 -3.921806 0.542242 2.841105
951 4.4807458072 1.0000000000 3.0000000000 0.8069382472 63.0000000000 5.6777282717 0.8953263481 6.2102497536 -0.1267820701 5.8201756565 -0.1220500086 38.5672020026 -615.5691466754 24.1326434897 6.1599968868 -1.290194 -2.378116 5.000000 -3.148234 4.552794 1.982319 -1.727409 -1.506984 5.000000 -2.787472 -0.689720 -0.867790 3.138858 -3.246609 0.392661 -3.581017 -2.882130 2.088002 -0.389775 -2.759275 1.538736 2.476202 -2.198965 -3.922848 1.127563 3.261522 0.446353 2.157091 -4.418067 -3.385266 3.416312 -2.033048 1.579501 0.407139 -4.562113 2.162303 -1.344988 -3.203668 5.000000 2.148439
1005 16.4926877058 1.0000000000 3.0000000000 0.8128230214 67.0000000000 5.6460171933 0.8899921660 6.8801798258 -0.0280731496 6.3303571206 -0.0451472101 47.3368744359 -639.2584819358 25.2385377773 6.4633596956 -0.751062 -2.218889 4.915616 -3.066259 4.240809 -0.814306 -2.875912 -2.105952 5.000000 -3.802461 -1.692232 -0.151094 4.538473 -4.550396 1.346503 -3.664390 -4.574654 2.460692 -0.466865 -3.365918 0.224661 3.305239 -2.164548 -3.773181 0.837682 2.733717 -0.556282 1.456483 -4.073655 -4.274471 4.921458 -2.586519 1.678204 1.727294 -4.296587 3.946175 -1.518504 -2.361531 4.327753 2.669377
evaluations raw_y rep iid sigma t d_norm d_mean ps_norm ps_mean pc_norm pc_mean ps_squared loglikelihood mhl_norm mhl_mean x0 x1 x2 x3 x4 x5 x6 x7 x8 x9 x10 x11 x12 x13 x14 x15 x16 x17 x18 x19 x20 x21 x22 x23 x24 x25 x26 x27 x28 x29 x30 x31 x32 x33 x34 x35 x36 x37 x38 x39
1 14.1985778695 2.0000000000 3.0000000000 0.8128230214 67.0000000000 5.6460171933 0.8899921660 6.8801798258 -0.0280731496 6.3303571206 -0.0451472101 47.3368744359 -639.2584819358 25.2385377773 6.4633596956 -0.833516 -0.112534 -4.272392 3.280542 -3.586871 -1.683495 1.005763 -2.490576 -2.115904 -1.818015 1.102908 4.584416 0.083079 -2.235851 1.078117 -1.192319 -0.038261 2.350002 -1.495742 0.018051 -1.756216 -0.312868 0.513141 -1.977558 -0.677644 -0.472368 -1.275310 -2.375225 -2.842434 -0.306990 -0.538114 4.462734 -4.869535 0.225453 0.740889 2.719268 1.003714 -1.688427 0.000020 1.084705
2 14.0648277026 2.0000000000 3.0000000000 0.8128230214 67.0000000000 5.6460171933 0.8899921660 6.8801798258 -0.0280731496 6.3303571206 -0.0451472101 47.3368744359 -639.2584819358 25.2385377773 6.4633596956 -0.627016 1.542023 -3.736181 3.462369 2.935356 -0.671355 1.222682 0.095941 -1.658271 0.175420 2.000732 -0.762185 -0.751339 -0.148942 0.866993 2.556758 -1.269359 1.016792 0.432232 -3.717225 -0.838633 -0.264658 -0.079140 0.652007 -4.080646 0.092511 -1.355351 -2.878878 1.048593 1.470559 -1.306501 1.684913 -0.763033 0.132978 -2.197478 3.168974 -5.000000 -0.182905 1.390239 -4.066933
3 11.6231048448 2.0000000000 3.0000000000 0.8128230214 67.0000000000 5.6460171933 0.8899921660 6.8801798258 -0.0280731496 6.3303571206 -0.0451472101 47.3368744359 -639.2584819358 25.2385377773 6.4633596956 -0.378939 -0.154437 1.649406 2.496426 -0.807785 -2.769037 2.734471 2.435771 -0.924011 0.701777 0.763732 1.132551 0.408416 2.813392 -3.475919 2.081648 0.760944 -0.434271 2.347063 -4.687206 2.323043 0.772156 -2.266267 0.866185 -0.608173 5.000000 3.670665 0.881380 -1.438508 -1.166829 -0.650099 -1.120469 -1.804492 -1.181945 -0.552359 -1.033768 -1.397180 -1.857784 5.000000 -2.946346
17 10.4975513158 2.0000000000 3.0000000000 1.9000682266 1.0000000000 6.3143265621 0.9983554262 3.5229823874 0.0611730614 2.9876218907 0.0518770625 12.4114049020 -1311.2948784972 27.3752573234 7.0155440289 0.837219 3.002048 -1.039016 -2.230302 4.163455 1.673271 3.491688 0.082163 0.460554 -0.119870 1.438481 3.612328 1.986435 -1.747709 -2.085953 2.190747 -0.033272 -1.788253 -0.219082 -3.526857 -2.008979 2.936260 0.447242 0.544272 -0.695991 2.113278 0.120794 1.576939 1.853060 -2.135473 1.221093 -0.909121 -2.827369 -0.887087 2.280131 -1.264338 0.889282 -1.370953 2.635417 -0.906551
30 8.6229202211 2.0000000000 3.0000000000 1.9000682266 1.0000000000 6.3143265621 0.9983554262 3.5229823874 0.0611730614 2.9876218907 0.0518770625 12.4114049020 -1311.2948784972 27.3752573234 7.0155440289 -0.157435 2.620670 -1.677729 2.219028 1.699407 -2.566354 0.154117 1.017020 1.953450 2.105046 0.455624 -0.132360 -2.030016 0.421813 0.879139 0.841715 1.398922 -0.858426 -1.800876 -2.022080 -0.111391 5.000000 -2.054760 0.597280 0.400357 1.322349 -0.056166 -1.087209 -3.645086 0.539308 -1.798348 2.200375 -0.672882 -1.562007 3.412638 0.844432 -4.142602 1.405926 0.015413 -5.000000
48 8.4283287614 2.0000000000 3.0000000000 1.7810551528 3.0000000000 6.2905430648 0.9945487222 5.1425728276 0.1729342553 4.5225576478 0.1524613568 26.4460552875 -1210.8662257505 25.2175845681 6.4495334035 0.184852 5.000000 -0.379336 -1.008813 2.070367 0.749351 0.908728 2.234076 2.915663 -0.673556 2.143686 1.392389 -1.364722 -1.348022 -0.909099 2.487369 -1.724525 1.589160 0.674357 -3.998999 0.432371 -0.302317 0.874601 -1.543751 3.459586 2.182485 4.844151 -0.115788 -0.737863 -1.034415 -0.087996 5.000000 -0.268533 -3.547526 1.610467 -0.693024 -2.619692 -0.886119 1.534444 -4.442786
86 8.1285424869 2.0000000000 3.0000000000 1.6920285418 5.0000000000 6.2631728548 0.9901639379 4.5500831577 0.0960915745 4.1567303313 0.0963008952 20.7032567424 -1221.4525271120 26.9628380364 6.8716967827 -1.738126 4.844737 2.070160 -0.212801 2.988970 0.107285 1.408492 2.450927 3.715059 -3.376936 -0.142668 1.905434 1.122599 1.527609 0.747478 -1.677583 1.132316 1.292780 -1.408911 -1.072953 4.144028 -3.892188 -1.324404 -0.700925 5.000000 1.982805 2.550483 -1.911577 -0.538985 -2.557831 -0.354688 3.772017 0.633391 -3.007707 4.778148 0.771440 -1.721282 1.237100 0.148789 -2.167763
117 7.2442418009 2.0000000000 3.0000000000 1.6263878067 7.0000000000 6.2434279473 0.9869825337 5.0247688586 0.1784302338 4.6391556084 0.1719514528 25.2483020819 -1128.7197363125 24.3873768878 6.2565359062 -1.994234 5.000000 1.511840 2.542508 3.879352 2.061604 3.304177 -3.108945 0.995047 -3.586294 -4.522507 -0.409243 -2.094405 -2.239973 1.869440 1.112603 -1.870727 3.795052 0.406392 -1.669531 1.763250 -2.686995 -2.919309 0.778379 2.356487 4.652122 2.102163 0.875842 -0.561168 -2.111858 -0.190512 3.331251 0.012868 -3.431296 1.961508 2.452463 -3.150025 0.324626 3.546024 -4.209275
175 6.6613765848 2.0000000000 3.0000000000 1.5962814887 11.0000000000 6.2016963315 0.9802057003 5.9757041592 -0.0203211894 5.4893078799 0.0086593052 35.7090401983 -1126.9540605648 25.0447205061 6.3937763307 0.987105 3.472528 1.006001 2.858905 2.534839 1.013144 5.000000 -4.232225 -1.899353 -2.342612 -0.073246 -5.000000 -0.611036 1.338283 3.519677 0.814310 1.540943 3.450916 2.213644 -4.672576 3.183172 -1.888957 -0.285902 2.839742 1.074462 3.111997 -0.534536 2.801721 -3.348519 1.940244 -1.483983 5.000000 3.076275 -3.879493 1.380620 4.815067 -0.968126 2.657751 2.705331 -4.822203
215 5.2099976284 2.0000000000 3.0000000000 1.5309828173 14.0000000000 6.1677525350 0.9747339273 5.2189255799 0.0578751374 4.7286380636 0.0668802861 27.2371842083 -1057.5983824374 23.3441001697 5.9733035465 1.867035 2.361914 0.337708 4.058785 1.907693 5.000000 3.942222 -1.534264 -0.910435 -3.187651 -0.125580 -5.000000 1.223948 0.674623 4.610329 1.568166 1.204930 2.670607 2.416478 -4.731724 0.012493 -1.854547 1.321712 -0.804987 1.400831 2.900782 1.410899 3.971950 -4.875792 -1.943280 -3.311447 3.787044 1.186819 -4.124267 0.489186 0.948426 -1.348056 -3.704049 4.451796 -4.223087
293 4.6019707429 2.0000000000 3.0000000000 1.3611786859 19.0000000000 6.1106722627 0.9655839838 5.0981456324 -0.0614089634 4.5120422402 -0.0382309749 25.9910888894 -1067.6614065218 27.0556948975 6.8784590324 1.567327 -1.364959 0.688107 2.615664 3.169966 1.171340 2.480303 -1.519300 -0.339812 -0.218226 1.110304 -4.473494 0.004434 2.100140 3.170212 0.791750 1.792073 3.196325 2.763250 -3.550731 0.501925 -1.462584 1.523837 -1.486580 1.577788 0.590478 1.147376 2.166259 -5.000000 -1.512194 -4.339333 2.882778 0.482597 -4.375191 2.098501 2.946151 -2.980811 -0.328672 2.191266 -4.269560
1005 11.0508106056 2.0000000000 3.0000000000 0.7072361173 67.0000000000 5.6156218618 0.8854589305 5.5835769291 0.2124038576 4.7817714769 0.1414727875 31.1763313230 -565.0648508878 25.8611346584 6.5621675023 0.095962 -1.998080 -4.596167 1.254542 5.000000 3.960179 3.397923 -1.875350 -2.626743 1.225067 1.920027 -1.281038 1.423236 0.735251 3.428647 -1.812373 2.713705 -1.112174 -2.476714 -1.459083 -0.175766 -0.976283 0.858914 -0.732023 -3.821340 -0.563611 4.199097 3.001147 -3.495308 -3.136639 -4.899093 3.622978 3.386781 -2.410340 0.271782 3.677267 1.540101 -2.338241 1.358119 -1.905337
evaluations raw_y rep iid sigma t d_norm d_mean ps_norm ps_mean pc_norm pc_mean ps_squared loglikelihood mhl_norm mhl_mean x0 x1 x2 x3 x4 x5 x6 x7 x8 x9 x10 x11 x12 x13 x14 x15 x16 x17 x18 x19 x20 x21 x22 x23 x24 x25 x26 x27 x28 x29 x30 x31 x32 x33 x34 x35 x36 x37 x38 x39
1 11.4176897835 3.0000000000 3.0000000000 0.7072361173 67.0000000000 5.6156218618 0.8854589305 5.5835769291 0.2124038576 4.7817714769 0.1414727875 31.1763313230 -565.0648508878 25.8611346584 6.5621675023 3.577257 0.873020 0.192995 -3.726985 -0.554776 -0.709518 -0.165483 -1.254001 -0.087636 -0.954436 -2.627730 1.769245 1.762636 3.419146 0.100067 -0.809355 -1.090720 -3.092955 1.964735 -2.202135 -2.370093 -0.411300 2.972297 0.473433 -2.047570 -1.425986 1.250490 -0.321027 -1.537673 -0.460061 1.490113 3.952222 -2.488247 -1.252834 -1.607532 -4.838166 -1.847584 -2.047752 2.247956 -0.263828
5 10.1729972409 3.0000000000 3.0000000000 0.7072361173 67.0000000000 5.6156218618 0.8854589305 5.5835769291 0.2124038576 4.7817714769 0.1414727875 31.1763313230 -565.0648508878 25.8611346584 6.5621675023 -1.591829 0.145491 -0.522481 -2.596093 5.000000 -0.142438 -2.973316 2.817254 -2.141171 0.741740 1.725664 -1.296864 -0.861780 -1.080541 -0.258722 -3.244922 -2.471273 -0.281573 2.077904 1.263488 3.458835 1.388105 -1.022258 -0.245687 -4.060787 -1.921550 -2.040719 0.541187 1.295660 -1.120747 -1.177003 -3.093112 -0.255524 0.496336 0.891562 -1.565418 3.976979 2.390117 -0.190475 -1.054376
12 7.0273178018 3.0000000000 3.0000000000 0.7072361173 67.0000000000 5.6156218618 0.8854589305 5.5835769291 0.2124038576 4.7817714769 0.1414727875 31.1763313230 -565.0648508878 25.8611346584 6.5621675023 3.662724 -0.675018 3.739015 1.331810 -2.718402 1.523219 -0.704560 1.038153 -0.205048 2.416477 0.513120 -0.565010 1.929932 0.512444 -0.825913 2.554549 -0.816690 -1.274270 -1.079149 -2.930944 -1.106414 3.721755 -1.816568 0.016838 -2.216367 -1.222706 3.037384 1.792711 -1.220501 0.012440 -1.652008 -1.568411 -1.829644 -1.794280 0.651899 1.193586 0.976485 -0.338874 -2.716090 -0.134221
120 6.9107832392 3.0000000000 3.0000000000 1.5214567348 7.0000000000 6.2402852339 0.9864867773 4.6993117304 -0.0772349135 4.1862278589 -0.0677270660 22.0835307392 -1154.8688786748 26.9291945759 6.8536137588 -0.706221 0.899691 2.027390 -4.715983 0.067687 -1.814900 0.004075 3.124914 0.797012 0.062434 -3.784046 -1.807113 3.743060 3.169088 5.000000 -2.083138 -0.573187 -0.692820 -1.193120 -5.000000 1.539453 -1.985581 -0.783924 -1.885678 1.022487 0.910487 1.194077 -2.962710 -0.191135 -0.316463 -0.625216 -0.381511 -0.293003 -0.708811 -1.058121 -2.365403 -1.817306 1.941537 -1.402460 -0.394974
155 6.0885717292 3.0000000000 3.0000000000 1.4602705547 10.0000000000 6.2070820573 0.9811382790 5.4065162111 0.0954053628 4.9687199394 0.0763595744 29.2304175411 -1088.0141766923 25.5379022636 6.5188392639 2.890031 2.580488 2.408867 -0.004871 2.386257 0.064086 1.370723 3.870374 -1.991117 4.225478 -2.689768 -0.289069 1.158138 4.295239 1.490361 -2.051201 3.826927 -1.142197 -3.484904 -0.827947 1.893747 -1.281278 -3.371084 -2.182131 1.050803 1.716866 -0.026301 -0.543166 -0.646061 0.303237 -0.133178 -0.482092 0.205171 -0.302397 1.183117 0.319865 0.343401 -2.043892 -4.049998 0.456872
261 4.8450166373 3.0000000000 3.0000000000 1.2388152791 17.0000000000 6.1332613198 0.9692193238 4.8758934948 0.0693379153 4.3526310333 0.0653738340 23.7743373722 -965.0098418463 25.0307828481 6.4007673250 0.915867 2.926237 2.610481 0.757367 3.994993 0.336142 -0.908461 5.000000 -1.633354 -0.946150 -3.549544 2.997464 -1.035992 0.880689 0.884103 -2.876134 1.594169 -3.326610 -4.272828 -2.101717 0.338072 1.336542 -2.096532 -2.996467 0.143042 2.943660 2.190769 1.906301 0.691464 -0.949276 -2.043586 1.222573 1.702833 -1.285031 -3.023173 0.372416 -0.644396 -1.899190 -1.954492 1.060475
1005 22.4695730541 3.0000000000 3.0000000000 0.8991175454 67.0000000000 5.6403159787 0.8889133741 6.8910529028 -0.0594135692 6.0454778560 -0.0572441151 47.4866101097 -708.6236018084 25.5472287080 6.5347773862 -0.280596 -0.166205 4.217269 0.220215 -3.592454 0.656563 -4.616157 4.253719 0.026100 -1.932004 -4.616244 0.631801 4.036271 4.339476 -4.046230 4.345574 2.022377 -3.857581 0.503560 1.509797 -3.798289 3.283191 1.601685 0.027485 4.478662 5.000000 1.491740 3.215666 3.749314 -0.681615 -0.325659 -4.603905 3.107580 -1.075237 -0.731275 0.928559 -0.906623 3.550413 -1.186862 -2.347038
evaluations raw_y rep iid sigma t d_norm d_mean ps_norm ps_mean pc_norm pc_mean ps_squared loglikelihood mhl_norm mhl_mean x0 x1 x2 x3 x4 x5 x6 x7 x8 x9 x10 x11 x12 x13 x14 x15 x16 x17 x18 x19 x20 x21 x22 x23 x24 x25 x26 x27 x28 x29 x30 x31 x32 x33 x34 x35 x36 x37 x38 x39
1 10.6345416619 4.0000000000 3.0000000000 0.8991175454 67.0000000000 5.6403159787 0.8889133741 6.8910529028 -0.0594135692 6.0454778560 -0.0572441151 47.4866101097 -708.6236018084 25.5472287080 6.5347773862 0.101123 0.999903 -1.991818 1.387197 -0.836603 -3.169154 -1.295414 1.197150 0.664500 -2.294953 1.237339 -0.175974 0.850145 0.664506 -2.313633 0.701994 -1.213775 3.093959 1.446683 0.092271 -1.965983 0.108865 0.319786 -2.417896 4.446720 0.788590 3.384715 -2.225624 3.271495 -2.721931 -1.302452 1.084903 0.096012 -4.716147 -2.211168 1.675673 4.175742 1.829682 -0.552407 1.593024
3 10.3655240170 4.0000000000 3.0000000000 0.8991175454 67.0000000000 5.6403159787 0.8889133741 6.8910529028 -0.0594135692 6.0454778560 -0.0572441151 47.4866101097 -708.6236018084 25.5472287080 6.5347773862 -2.194244 -1.056392 -4.759551 -1.215367 -2.150580 4.044810 -1.129751 -3.085858 1.741684 -0.350421 0.097206 0.377292 0.418627 -0.748890 1.909397 1.046495 -0.991637 -0.342929 -1.888737 0.561729 1.476494 1.301506 1.229481 -0.253137 3.157748 -0.414363 0.060134 -0.672360 0.162528 -0.481048 4.064359 0.851693 -3.365930 -0.867773 -2.832455 1.759798 2.749186 -0.902086 1.227065 -0.420313
15 10.2256990954 4.0000000000 3.0000000000 0.8991175454 67.0000000000 5.6403159787 0.8889133741 6.8910529028 -0.0594135692 6.0454778560 -0.0572441151 47.4866101097 -708.6236018084 25.5472287080 6.5347773862 -1.561170 2.672395 -1.076828 1.585150 -2.007947 1.331979 0.228665 3.211722 1.567784 -1.701313 0.702783 -1.265010 0.440215 3.129252 3.195846 0.409457 -1.529161 0.237957 4.215017 -0.172560 -2.802194 -2.662285 -2.281546 2.230570 -0.592391 -1.394405 0.782281 1.998684 -0.218599 -1.512772 0.499587 1.699261 -3.206826 -2.706706 4.032693 0.932401 0.791215 -2.693970 -1.882203 -0.449637
29 8.1514851626 4.0000000000 3.0000000000 1.8932706472 1.0000000000 6.3111736720 0.9978629593 3.3298447490 0.0410767232 2.8238338915 0.0348346099 11.0878660523 -1278.0145023837 26.2788213507 6.6882878504 0.589442 1.420113 -4.941652 -2.189382 1.449225 2.058669 -2.258086 -0.982978 0.126686 -1.016198 0.904932 -1.756672 -1.999642 -3.284964 2.970521 0.503281 0.420507 -0.647974 1.715301 -4.118791 1.334025 -4.352724 -3.794571 0.558252 1.798848 -0.973061 1.691645 0.889625 -0.826658 -0.949710 -0.233678 -1.765254 1.246035 -1.291222 -0.649500 0.741541 0.905230 -3.076775 -2.871827 -0.438050
89 6.2737405273 4.0000000000 3.0000000000 1.6805805333 5.0000000000 6.2672263002 0.9908035733 4.4107094004 -0.0843668877 4.0488767698 -0.0780640631 19.4543574146 -1185.7944509577 25.6990505611 6.5726706458 -1.869866 1.853800 -0.062396 0.897479 -2.249813 1.605681 -0.982996 2.778677 2.776860 0.419178 2.745137 -1.469361 -0.689200 -4.209547 1.960876 -0.443834 -3.210957 -1.031812 -0.117923 -0.931416 -0.328153 -1.062503 -0.586130 2.868778 3.166788 1.301157 2.821684 -0.538377 1.939204 1.445275 -0.119932 -1.935818 2.593659 -1.327466 -1.672146 0.444467 2.803499 -2.317032 -1.482699 0.145661
213 5.6227940310 4.0000000000 3.0000000000 1.3388841797 14.0000000000 6.1623103638 0.9739186160 5.2831551330 0.1154018082 4.9413017354 0.0996619432 27.9117281589 -1074.9936075936 27.2948112329 6.9597829765 -3.868070 2.711755 -4.761061 1.150932 -0.327208 2.587394 -3.101324 1.703843 -0.985799 1.628316 -2.863855 -3.299154 0.764184 -2.111711 4.066275 1.861734 -1.952846 -0.792381 -0.007900 0.460202 -3.019791 0.346334 -1.883331 2.825435 3.106644 -1.679563 2.102894 1.739555 2.024564 3.375556 0.262702 -4.331147 0.594960 -3.582784 -0.774437 0.191803 4.584405 -5.000000 -1.558252 2.248754
1005 14.5155814534 4.0000000000 3.0000000000 0.5769528219 67.0000000000 5.6159976170 0.8855948042 5.5873234236 -0.0535830512 4.7493608846 -0.0474512812 31.2181830398 -431.9461685756 25.3872329477 6.4627151985 -0.294870 1.832378 -4.619505 1.634468 2.935418 3.423973 -4.682972 4.412715 -1.005014 2.178735 -5.000000 -3.539822 1.597805 4.280762 4.443806 4.318323 -3.436785 -0.898604 -1.108553 -1.480904 -3.987037 -0.736383 -0.915525 0.411058 -0.394436 0.182214 2.070067 4.438993 0.362445 1.613096 -3.212800 0.070060 3.040515 -1.235551 3.437126 -0.034807 1.815783 -0.606075 -2.334192 4.337983
evaluations raw_y rep iid sigma t d_norm d_mean ps_norm ps_mean pc_norm pc_mean ps_squared loglikelihood mhl_norm mhl_mean x0 x1 x2 x3 x4 x5 x6 x7 x8 x9 x10 x11 x12 x13 x14 x15 x16 x17 x18 x19 x20 x21 x22 x23 x24 x25 x26 x27 x28 x29 x30 x31 x32 x33 x34 x35 x36 x37 x38 x39
1 7.3970592327 5.0000000000 3.0000000000 0.5769528219 67.0000000000 5.6159976170 0.8855948042 5.5873234236 -0.0535830512 4.7493608846 -0.0474512812 31.2181830398 -431.9461685756 25.3872329477 6.4627151985 0.882455 -0.661740 4.861542 -0.504184 0.219220 3.164962 -1.818465 -1.183273 0.375206 -0.659740 -2.385529 -0.409753 -0.717658 1.206943 -3.329577 -1.400358 2.302782 3.714662 -3.022359 1.289695 -1.961216 -1.713706 -1.743758 -0.845016 1.992880 1.424843 0.118288 -0.726622 0.006578 -0.211861 1.586107 -1.263143 -0.012390 -0.202135 -0.104616 0.498435 0.395320 2.669697 -0.173751 3.123065
4 5.9794873047 5.0000000000 3.0000000000 0.5769528219 67.0000000000 5.6159976170 0.8855948042 5.5873234236 -0.0535830512 4.7493608846 -0.0474512812 31.2181830398 -431.9461685756 25.3872329477 6.4627151985 2.901467 1.213741 -0.751242 -2.843849 -3.562303 -1.495812 -0.736819 -4.498236 -3.387350 0.607297 -0.817985 -1.509661 -0.815038 -1.625250 1.855032 3.279908 4.147231 1.419596 1.494305 2.926191 3.476898 2.930410 2.424567 -1.269305 -3.199397 1.754306 -0.187665 -0.111342 -1.778841 -2.601903 2.804333 0.930202 -2.130065 0.780841 0.611200 1.043699 4.466542 -0.069404 -2.559246 0.073085
703 5.8718823081 5.0000000000 3.0000000000 1.0074052571 46.0000000000 5.8355544276 0.9209023624 6.0745312940 0.1141427665 5.2775192061 0.0844327665 36.8999304421 -801.6676654503 25.3068945529 6.4999278758 5.000000 2.335207 2.526464 2.288381 -0.701275 -0.714664 -2.816464 -5.000000 -4.182541 -2.351898 3.088547 0.096496 -1.683488 -3.950940 -2.389209 -2.074196 4.357917 4.145931 0.444600 0.330404 0.551390 -0.802224 -0.950202 2.004988 0.769398 3.313894 2.933476 -0.746278 -4.639407 -1.135425 -1.519651 -2.263606 -5.000000 3.997073 2.983707 0.083175 3.044865 0.961279 -0.894094 4.006726
1005 13.2388739484 5.0000000000 3.0000000000 0.7769352651 67.0000000000 5.6283592355 0.8872860597 5.9228808297 -0.2227322496 4.9798207770 -0.1744754200 35.0805173233 -606.0682759382 25.1142298328 6.3958946998 3.116315 0.875649 1.690650 4.248572 3.654025 -1.136296 -2.130985 -3.035762 -4.424835 -4.055654 4.578264 0.757447 -3.200350 -0.942712 -3.892867 -2.704144 4.367245 3.747035 -0.588331 -2.380066 1.492885 -0.486522 0.457036 1.911689 -0.498383 1.183896 4.573490 -1.599183 -3.387588 -0.601944 -1.172423 -3.702272 -2.365343 1.983385 3.015722 -3.357757 2.860984 -0.042548 0.066219 2.978046
evaluations raw_y rep iid sigma t d_norm d_mean ps_norm ps_mean pc_norm pc_mean ps_squared loglikelihood mhl_norm mhl_mean x0 x1 x2 x3 x4 x5 x6 x7 x8 x9 x10 x11 x12 x13 x14 x15 x16 x17 x18 x19 x20 x21 x22 x23 x24 x25 x26 x27 x28 x29 x30 x31 x32 x33 x34 x35 x36 x37 x38 x39
1 12.1824717245 6.0000000000 3.0000000000 0.7769352651 67.0000000000 5.6283592355 0.8872860597 5.9228808297 -0.2227322496 4.9798207770 -0.1744754200 35.0805173233 -606.0682759382 25.1142298328 6.3958946998 -0.623567 1.458008 0.435642 -1.798184 -4.973561 1.826503 2.254127 -3.028186 3.278582 -0.859787 5.000000 1.203644 -0.671763 2.475476 0.222256 0.258302 0.152255 -0.310256 1.268451 1.621310 0.709617 3.625181 -2.712952 -0.927264 1.649308 -2.352863 3.128979 1.425410 -0.362013 1.068399 -1.173226 -2.963707 1.714495 1.886198 0.228883 -0.043913 -4.254289 -1.668815 -0.931017 0.467421
3 12.0689883796 6.0000000000 3.0000000000 0.7769352651 67.0000000000 5.6283592355 0.8872860597 5.9228808297 -0.2227322496 4.9798207770 -0.1744754200 35.0805173233 -606.0682759382 25.1142298328 6.3958946998 0.352581 2.189241 -4.252949 1.502898 -1.081214 1.586445 0.347307 -2.070869 1.748537 -1.479144 1.045891 -1.183753 -0.954974 0.225059 3.809485 1.388306 -0.039163 3.325686 0.061217 -0.594998 -1.936275 0.334133 0.233204 -1.364515 -3.828042 -0.279805 0.229849 -0.790009 -1.906633 -2.145655 -0.968891 2.725876 0.305376 -3.265241 1.286603 -0.895790 4.678068 -0.626646 -0.119235 0.388337
6 9.1703524875 6.0000000000 3.0000000000 0.7769352651 67.0000000000 5.6283592355 0.8872860597 5.9228808297 -0.2227322496 4.9798207770 -0.1744754200 35.0805173233 -606.0682759382 25.1142298328 6.3958946998 -1.008534 2.105020 -2.934107 3.148208 0.944675 3.353860 -3.382422 2.855615 1.857121 0.678940 -1.737564 0.709675 0.525618 -1.218070 -2.742104 -2.137250 -1.061401 2.273885 2.374116 3.381792 0.980563 -2.891060 -1.486202 -2.308089 -0.515348 2.753628 -0.357961 -0.861260 1.058145 1.466728 1.933432 -1.870548 -1.756417 -0.911457 1.486152 0.386596 -1.942647 3.793744 -1.086608 -0.247589
17 7.4662241971 6.0000000000 3.0000000000 1.8711908482 1.0000000000 6.3122408184 0.9980376928 2.6976788910 0.0088632432 2.2877334096 0.0075163644 7.2774713992 -1252.2076778166 25.5365616287 6.5506161415 -0.245193 0.947386 -2.646534 -2.488462 -2.287042 1.485264 1.643555 4.433840 -0.636818 0.570372 3.145688 -1.223435 1.269783 2.071987 -0.314837 -1.729215 3.048788 3.626327 2.097428 2.977875 2.295993 -1.712132 0.772081 -0.615583 -4.924886 0.028360 -1.390274 -0.300698 -2.247357 2.054401 -0.019006 2.534114 1.222172 0.802066 -0.203321 -1.109725 -2.395266 -0.808294 -0.833453 1.276970
28 6.6484270270 6.0000000000 3.0000000000 1.8711908482 1.0000000000 6.3122408184 0.9980376928 2.6976788910 0.0088632432 2.2877334096 0.0075163644 7.2774713992 -1252.2076778166 25.5365616287 6.5506161415 -3.306546 1.139112 -0.310847 4.392126 -0.159793 2.200615 -1.552821 1.759362 2.733836 -1.726421 0.987449 4.475569 2.590221 2.207217 0.780178 -1.180801 -1.338836 1.426878 3.051976 3.086782 0.617715 -1.478568 -0.413901 -2.073194 -2.528771 -2.392671 -1.971090 0.998337 -0.230919 0.505277 1.036468 -1.332964 -0.537783 4.295478 5.000000 -0.233696 -0.445416 0.933446 -1.299142 -1.497014
84 6.4907986076 6.0000000000 3.0000000000 1.6508354726 5.0000000000 6.2611827794 0.9898692668 4.9796174284 0.1879473423 4.4926079765 0.1767589220 24.7965897336 -1133.0269688720 24.0515778334 6.1182123370 -2.684333 1.395278 -1.181200 -0.616667 -1.006479 2.519120 0.802481 3.319812 0.475292 -0.558900 1.614038 1.206636 3.520697 -0.388926 -0.891707 0.786808 0.975534 3.692937 1.991577 0.459554 0.793454 -1.513391 -1.182335 -2.141039 -2.472987 0.444703 -1.355643 -3.648994 0.671346 2.191793 3.579590 -2.314268 2.002187 3.946369 -0.857940 0.052564 -3.483656 2.951731 -2.988887 0.909326
330 5.6458551250 6.0000000000 3.0000000000 1.1189155155 21.0000000000 6.0772241031 0.9602985674 5.3866764662 0.1804215720 4.8812504861 0.1580667959 29.0162833519 -886.7581516577 24.6921192579 6.2969869889 -2.021672 -3.748914 -0.482129 2.099431 -1.707322 4.546615 1.512551 1.743813 5.000000 2.090767 -1.416331 4.014501 2.406457 1.614639 -0.637741 -0.724678 -1.314688 2.014924 -4.742286 1.843055 4.440469 0.949136 -2.982043 -1.585833 -1.079979 2.010441 0.161348 -2.453278 -1.020997 0.679929 1.599796 0.163780 1.325064 3.251393 0.245826 0.755621 0.921509 -1.036157 0.082459 -4.769459
559 4.5814700435 6.0000000000 3.0000000000 0.9161411269 37.0000000000 5.9075527712 0.9328607948 5.4716747748 -0.0250229527 4.8076824149 -0.0378746955 29.9392248411 -732.9809910109 24.3136564485 6.1805583927 -4.864775 -4.874970 -3.551679 4.105724 0.805821 3.769778 0.559404 -0.348646 3.131564 2.775323 -1.740233 3.713711 3.053142 3.998189 -1.302786 -2.697652 -0.264320 0.691553 -3.123477 0.812695 1.123335 0.981304 -3.374690 -1.439087 -3.625431 -1.152075 0.807810 -4.787652 1.065973 1.028411 0.163994 3.537782 5.000000 1.693640 -0.731215 0.873744 0.855914 -0.178900 0.988508 -5.000000
1005 10.4767639819 6.0000000000 3.0000000000 0.8243842926 67.0000000000 5.6382573583 0.8888424118 7.6403472752 0.0239916935 6.5166849043 -0.0008065869 58.3749064857 -644.2250972336 25.0137295745 6.3951520001 -3.727698 -4.437242 -3.932211 2.344299 2.416554 4.423108 2.306152 2.425057 1.657660 0.520652 -3.385721 5.000000 4.571954 2.547396 -2.605804 -3.736691 0.037854 1.152368 -2.076684 1.756116 -4.038987 -0.290686 -4.267226 -1.866357 -3.251337 -0.422029 1.874618 -3.565286 5.000000 3.406533 -0.575457 0.699725 3.914560 -1.308702 -4.105334 1.566456 4.514274 -1.761401 4.144237 -2.322833
evaluations raw_y rep iid sigma t d_norm d_mean ps_norm ps_mean pc_norm pc_mean ps_squared loglikelihood mhl_norm mhl_mean x0 x1 x2 x3 x4 x5 x6 x7 x8 x9 x10 x11 x12 x13 x14 x15 x16 x17 x18 x19 x20 x21 x22 x23 x24 x25 x26 x27 x28 x29 x30 x31 x32 x33 x34 x35 x36 x37 x38 x39
1 10.7875548852 7.0000000000 3.0000000000 0.8243842926 67.0000000000 5.6382573583 0.8888424118 7.6403472752 0.0239916935 6.5166849043 -0.0008065869 58.3749064857 -644.2250972336 25.0137295745 6.3951520001 3.381051 -0.931875 0.065640 0.815033 -1.577846 0.004131 -0.001781 -3.509449 2.035316 1.200997 -1.250858 -0.343097 1.010599 -0.522713 -0.485498 -2.906483 1.109161 0.247762 0.548920 -3.053049 3.301399 0.308671 -0.774280 4.058144 -0.090772 -2.901357 -0.810456 -4.576630 2.098793 -0.832949 -1.485107 2.144940 -3.302151 1.070859 -4.128830 -1.324319 -2.408440 2.923951 3.532322 -0.658828
10 10.5911913742 7.0000000000 3.0000000000 0.8243842926 67.0000000000 5.6382573583 0.8888424118 7.6403472752 0.0239916935 6.5166849043 -0.0008065869 58.3749064857 -644.2250972336 25.0137295745 6.3951520001 1.253258 2.010697 -0.972354 0.458960 -1.309584 -1.573211 0.158993 1.046843 -1.126586 -4.427340 1.171570 -3.193116 0.243997 3.558052 -0.033659 -2.379500 -2.922358 2.340923 -0.033897 1.079477 1.852604 -0.098005 -0.617208 -1.894695 -5.000000 -3.036001 -0.139187 -0.350524 0.807120 -0.253374 0.318715 1.575598 -1.770090 -0.574316 -3.214426 1.945786 0.076836 0.979644 3.084966 2.159092
28 9.3375039013 7.0000000000 3.0000000000 1.8912130716 1.0000000000 6.3133030297 0.9981990626 3.2712467210 -0.0965461426 2.7741405545 -0.0818747690 10.7010551098 -1285.6621218417 26.5432003185 6.7874773233 5.000000 2.521325 -1.948074 1.335070 0.830040 -0.697141 1.149016 -0.064207 -1.910647 3.197312 -0.512835 -1.345768 -0.775272 2.723566 2.399784 -2.741337 -1.181141 0.249087 -1.289370 -0.527563 -2.875190 -0.731006 -1.496311 3.407925 -0.811715 -4.271930 1.290358 0.935150 -2.916673 -4.803547 -1.701411 0.818597 -1.596030 1.222702 -2.294496 2.998679 2.677333 0.407433 2.596789 -1.805976
35 7.4461800125 7.0000000000 3.0000000000 1.8349871257 2.0000000000 6.3044485515 0.9967753919 4.6587776877 -0.1032106352 4.0086225260 -0.0912470010 21.7042095432 -1241.5098903666 25.5788959956 6.5183753304 0.997881 1.974911 0.369669 2.348984 -1.345510 0.207470 1.069162 -1.676213 -3.523100 -0.738105 2.019361 -2.056035 -3.776589 0.247274 -1.695177 -1.138056 1.550310 2.434137 -1.319647 -0.359669 0.186234 -3.519797 -1.986125 2.338179 -0.335067 -2.984273 -2.125848 -2.963055 -3.076857 -3.706549 1.617272 -0.565376 -0.427583 -0.200703 -4.482839 0.847321 0.880664 0.351277 3.254110 0.873683
146 6.6120851210 7.0000000000 3.0000000000 1.6348685870 9.0000000000 6.2261654705 0.9841654801 5.6509163865 0.0562879287 5.2561435187 0.0458538857 31.9328560076 -1115.0039151130 23.7564367134 6.0901886254 5.000000 1.873895 -2.329712 -2.858984 0.468854 -2.666569 4.257905 1.487619 1.877256 -0.422866 2.481405 1.925179 -1.800383 1.531140 -0.392570 0.527341 -1.953027 2.702328 5.000000 0.165704 -2.639821 2.873403 1.420337 2.020094 -1.685183 -0.173550 4.717500 -5.000000 0.476447 -0.231225 3.249678 -5.000000 -1.381855 -1.249586 -3.272710 5.000000 -3.221520 1.674837 0.135171 -3.077877
270 4.6896314706 7.0000000000 3.0000000000 1.4517008912 17.0000000000 6.1380371977 0.9698847417 5.4366996334 0.1784861765 4.9507052444 0.1781963146 29.5577029040 -1045.0059979815 24.3336019801 6.2310863705 3.147131 1.624867 -0.887380 -0.953055 -3.005654 -1.670416 2.975341 0.366231 1.344271 -0.899783 2.229325 2.719100 -2.452143 -1.271904 -1.285800 -2.082852 -1.594226 3.144383 1.332663 4.171522 -3.986323 0.241844 2.707237 2.811431 -0.331595 2.272524 4.287950 -5.000000 0.713736 -1.645184 5.000000 -3.852434 3.127206 -0.899354 -5.000000 1.939534 -0.919030 1.778396 -1.320033 -2.509282
1005 17.7181286274 7.0000000000 3.0000000000 0.7335989367 67.0000000000 5.6416061500 0.8894535942 6.6415079645 0.2398336152 6.1081727695 0.2170817267 44.1096280423 -546.5724474805 23.6659806010 6.0455427173 3.527280 2.186292 1.049753 4.721657 -0.190218 1.399192 4.390711 -3.051624 3.484412 -2.417201 0.997376 2.726645 -4.350591 -0.686885 -1.783905 2.127295 -0.847947 2.720096 -2.974580 0.484663 -4.502047 -0.851251 -0.648353 3.789789 -2.644599 3.199532 3.170796 -2.719665 1.010148 -3.870462 1.858762 -1.742034 4.098610 -1.470842 -1.863618 4.580233 -2.752007 -0.165093 4.755403 1.275458
evaluations raw_y rep iid sigma t d_norm d_mean ps_norm ps_mean pc_norm pc_mean ps_squared loglikelihood mhl_norm mhl_mean x0 x1 x2 x3 x4 x5 x6 x7 x8 x9 x10 x11 x12 x13 x14 x15 x16 x17 x18 x19 x20 x21 x22 x23 x24 x25 x26 x27 x28 x29 x30 x31 x32 x33 x34 x35 x36 x37 x38 x39
1 10.0811512597 8.0000000000 3.0000000000 0.7335989367 67.0000000000 5.6416061500 0.8894535942 6.6415079645 0.2398336152 6.1081727695 0.2170817267 44.1096280423 -546.5724474805 23.6659806010 6.0455427173 0.182409 2.182565 -3.893941 -2.772699 -4.592983 4.819669 3.455672 4.409113 1.589655 1.952842 -2.366854 3.832727 -2.246654 -1.328071 -0.756717 -1.583231 1.719096 -0.461578 -0.131322 -0.417272 2.693737 -1.213906 -0.348496 0.848103 -3.291980 -0.967082 1.070937 2.332281 0.323366 -1.345668 2.885048 -0.442961 0.062529 0.363859 -0.125857 -1.083137 0.949037 -2.329182 -1.001819 -0.817122
10 6.7376194431 8.0000000000 3.0000000000 0.7335989367 67.0000000000 5.6416061500 0.8894535942 6.6415079645 0.2398336152 6.1081727695 0.2170817267 44.1096280423 -546.5724474805 23.6659806010 6.0455427173 1.131634 -1.981041 0.144970 -0.745415 0.205526 -0.807319 -1.555679 5.000000 -0.732836 -3.674564 -0.896966 2.251139 0.926722 -1.750397 2.028221 4.445203 -2.880650 -0.015734 1.440918 2.438958 0.599696 1.892311 -2.228238 2.986440 -1.730244 -3.971862 0.234744 0.016112 -1.967862 -1.082628 0.721987 -0.946044 -1.340006 1.540610 1.125374 -1.986676 -0.089528 -1.384906 0.422768 1.420563
90 6.2000710514 8.0000000000 3.0000000000 1.6827764908 5.0000000000 6.2645948630 0.9904102781 4.6508074733 -0.1269507058 4.2439376673 -0.1150930293 21.6300101537 -1135.2243915869 23.6823399380 6.0563376518 -2.110109 -0.117433 0.806075 -0.260622 -5.000000 3.372131 -0.659181 3.138633 1.171492 -0.486823 -1.334401 1.529366 -1.798286 -1.042474 -1.964134 0.201983 -0.394491 0.933953 2.181471 -1.173691 2.698557 -1.784446 -3.171318 2.146519 -4.660093 -5.000000 -1.541132 2.613959 -1.851969 1.261723 2.148120 1.691423 1.279352 3.646221 -4.593039 0.694466 -0.133882 -1.309965 -3.053461 -2.647118
176 6.1765400031 8.0000000000 3.0000000000 1.4841184216 11.0000000000 6.1992738366 0.9798872750 5.0281854700 0.1332896264 4.7119168701 0.0984974606 25.2826491212 -1064.4162722554 24.2943943465 6.1762482910 -0.668860 -0.037230 5.000000 -3.254721 -1.654226 2.299355 -0.853203 4.588454 4.476535 -1.297713 -5.000000 -1.097015 2.483673 -1.730055 -0.404494 1.712477 2.735817 1.656272 1.642928 -2.444794 5.000000 -0.572457 -2.523971 0.400078 -3.833778 -2.445459 -1.918294 0.288638 -2.868098 3.731743 3.899868 -2.325269 0.715779 1.916899 -2.591710 -3.435288 -0.447675 -0.022649 -3.941824 -3.296418
232 6.1420996278 8.0000000000 3.0000000000 1.3038107546 15.0000000000 6.1503389592 0.9719969332 4.1337733358 -0.0211456532 3.9836450576 -0.0188691922 17.0880819914 -1043.9076212791 26.8257121209 6.8011173942 -2.661709 1.374858 4.620074 0.349511 -2.572145 2.163435 0.201439 1.446857 5.000000 -0.367528 -2.508796 -1.359213 -0.042824 -3.669265 1.354839 0.428468 0.208027 5.000000 0.998581 -2.849619 2.434734 -0.593413 -1.564512 1.748974 -2.692391 -4.029174 -1.787886 1.528486 -4.605859 0.984472 4.045823 0.763812 -0.926220 2.344708 -1.317532 -4.318235 0.324251 0.167403 -2.583256 -3.753419
244 5.9757639604 8.0000000000 3.0000000000 1.2637012019 16.0000000000 6.1397410813 0.9702818394 4.6013609093 -0.1661378135 4.3245570020 -0.1426703752 21.1725222176 -1024.2548600207 26.8442111201 6.8301070581 -0.611858 2.041775 1.255458 -2.361736 -2.364727 0.363764 0.007524 3.657104 2.834937 0.217335 -2.993316 -1.566614 1.844809 -1.239380 -0.842895 3.856136 0.636133 0.722271 1.576397 -1.887135 2.075652 -0.692258 -2.093570 2.052928 -1.720521 -3.482865 -1.397710 0.698669 -3.107394 1.363924 2.673754 -3.200568 -2.064091 4.465476 -1.963308 -4.762463 -0.934381 -2.271000 -3.726452 -4.820278
1005 13.0607738371 8.0000000000 3.0000000000 0.8973442263 67.0000000000 5.6394101938 0.8886388950 6.4802919716 -0.1384211202 5.5614553303 -0.1142859330 41.9941840377 -708.7494167545 25.7844555854 6.5635869831 2.027198 -1.785738 3.941053 1.387789 -4.039898 1.389799 -0.452985 0.357849 3.590853 -0.728597 0.916903 2.894592 -0.646859 -3.614547 -3.376692 0.816315 -2.689112 2.621142 3.073757 0.470271 -3.301236 -2.724601 0.969190 -1.486101 -0.849609 -1.537303 -1.945823 -3.290368 -1.374403 3.266753 0.831335 -1.268895 0.524283 0.145300 -3.636476 -3.763637 -3.361783 5.000000 -2.707409 -4.198577
evaluations raw_y rep iid sigma t d_norm d_mean ps_norm ps_mean pc_norm pc_mean ps_squared loglikelihood mhl_norm mhl_mean x0 x1 x2 x3 x4 x5 x6 x7 x8 x9 x10 x11 x12 x13 x14 x15 x16 x17 x18 x19 x20 x21 x22 x23 x24 x25 x26 x27 x28 x29 x30 x31 x32 x33 x34 x35 x36 x37 x38 x39
1 19.8805278957 9.0000000000 3.0000000000 0.8973442263 67.0000000000 5.6394101938 0.8886388950 6.4802919716 -0.1384211202 5.5614553303 -0.1142859330 41.9941840377 -708.7494167545 25.7844555854 6.5635869831 0.002217 -0.579088 -2.232133 -0.025766 -0.756723 -0.962271 -3.034662 -0.981744 -0.481361 -1.295895 1.271782 3.480235 0.593364 1.415007 3.645632 0.861538 3.085459 -1.801442 -0.274250 2.595158 1.350542 0.063916 1.836292 0.761019 1.032735 -0.710479 0.417554 0.656822 -0.996450 -4.183554 -0.165175 4.910365 -5.000000 -1.826559 -0.454629 0.538631 2.260923 2.084795 2.607621 2.778801
2 16.0536832946 9.0000000000 3.0000000000 0.8973442263 67.0000000000 5.6394101938 0.8886388950 6.4802919716 -0.1384211202 5.5614553303 -0.1142859330 41.9941840377 -708.7494167545 25.7844555854 6.5635869831 -1.312905 -0.112515 -0.999805 0.872839 -0.751626 -1.846123 3.834500 -0.300606 -1.277460 1.649541 -2.421677 -1.006811 -1.403831 -3.948542 -5.000000 -0.115364 -1.312373 -1.323413 1.538697 -1.798010 3.387276 -3.394670 -5.000000 -0.452301 0.794858 3.319407 -0.987494 -0.752195 -0.339480 4.834213 -3.617681 0.679502 -0.045460 -1.919994 -0.766229 0.219060 -1.710326 0.000443 1.327710 1.498962
3 11.8562365609 9.0000000000 3.0000000000 0.8973442263 67.0000000000 5.6394101938 0.8886388950 6.4802919716 -0.1384211202 5.5614553303 -0.1142859330 41.9941840377 -708.7494167545 25.7844555854 6.5635869831 -0.931637 -0.554879 0.070999 1.696442 0.325997 2.417247 1.005042 -3.167644 2.046067 -1.306035 1.074090 -0.015954 1.849568 0.093217 0.284040 -3.307323 2.735984 0.050212 -0.790965 2.568775 1.122554 0.479451 0.959798 0.123506 -2.141025 -2.546420 1.840152 2.109837 1.080576 0.618127 1.941722 2.309448 0.845218 1.998418 1.767040 -1.060398 1.628270 -2.039768 -4.516474 1.359910
7 8.7233649076 9.0000000000 3.0000000000 0.8973442263 67.0000000000 5.6394101938 0.8886388950 6.4802919716 -0.1384211202 5.5614553303 -0.1142859330 41.9941840377 -708.7494167545 25.7844555854 6.5635869831 0.358509 -0.074016 1.685320 -1.626551 -3.345876 -1.701104 -0.563431 3.039863 -1.918388 1.450781 1.110857 1.659500 2.937716 -0.007645 2.114974 -1.967330 2.170721 0.731730 -2.185975 -4.472943 -0.246978 -0.356598 4.432841 4.505963 -2.012749 2.007745 -0.248402 -0.304936 -2.602219 -0.548492 0.742421 -1.242290 1.337779 0.243109 3.509028 1.592565 0.941816 0.317062 -0.750428 1.925895
52 8.2945866524 9.0000000000 3.0000000000 1.7332497305 3.0000000000 6.2892538023 0.9943475754 4.1245695349 -0.0771763256 3.6065933604 -0.0603472865 17.0120738479 -1246.5672319231 27.1847040351 6.9522799801 -2.283057 -0.934370 1.680073 0.040429 -2.772409 2.779298 -0.063719 4.810931 1.255358 0.330110 3.133099 2.729910 1.542946 -1.719982 0.087994 -2.560553 2.729584 0.433193 -1.614868 -5.000000 -1.697850 -0.351519 -3.162745 1.645921 -1.069139 -2.455290 -0.052129 2.309087 -0.024161 -1.668992 1.629266 -5.000000 -0.611018 -2.307786 -2.190623 0.751499 1.608778 0.102622 -3.029688 2.405977
123 7.7766135195 9.0000000000 3.0000000000 1.4879659317 8.0000000000 6.2375626790 0.9860323879 4.6011134201 0.1656793734 4.2570044686 0.1448892073 21.1702447046 -1117.4426385164 26.0601028327 6.6603538342 2.494743 2.856861 2.430586 -1.555938 -0.978343 2.358360 0.680931 -0.488794 -5.000000 3.012120 0.989371 2.869721 0.908681 0.194031 -3.902696 -2.771472 1.826026 0.675675 1.900291 -0.771574 -1.452743 -2.240342 -0.346084 1.243065 1.161554 0.090043 -2.516221 4.679056 -0.320598 2.885617 -0.132253 -1.519049 -1.575582 -2.409139 -1.585057 3.001567 -0.118737 -0.258127 -0.396814 2.210618
201 6.1013910636 9.0000000000 3.0000000000 1.4388003006 13.0000000000 6.1876445054 0.9779284614 6.2837798026 0.2735611845 5.8705430840 0.2637265663 39.4858886079 -1039.1636760708 24.0833615398 6.1370386188 3.197721 2.822009 0.171983 1.876701 -3.540560 5.000000 3.797581 3.272661 -1.039210 2.174128 0.640564 -0.210249 -0.504063 -0.513432 -5.000000 -1.031189 4.543613 1.785423 3.123102 -3.121929 0.969637 0.943983 -1.462147 0.970214 1.895003 2.889087 -1.631384 5.000000 -1.466583 4.069037 -0.786588 1.494401 1.484504 -1.891176 0.008669 1.992107 -2.870794 0.494792 5.000000 0.477963
457 6.0584756298 9.0000000000 3.0000000000 1.0624164436 30.0000000000 6.0026326990 0.9480390710 4.8740885601 0.0112551506 4.3741274997 0.0474285114 23.7567392919 -843.9887618730 24.6188841765 6.2556975086 3.924719 1.819783 0.800007 0.380297 0.451431 4.208831 3.093951 3.246758 -0.876946 1.584698 -5.000000 0.483760 -0.138169 2.456648 -1.312257 0.943619 2.741988 3.738378 0.062039 -2.986639 1.079889 0.482753 -0.076641 3.562328 -0.893663 1.521870 -0.584465 0.764650 -5.000000 2.585344 -1.477787 5.000000 -0.336704 -2.101955 0.071375 0.121658 2.041151 3.417074 2.933855 -2.100176
555 4.2126096391 9.0000000000 3.0000000000 0.9186875330 36.0000000000 5.9371458030 0.9374861841 4.7294980973 -0.2091184068 4.3625738943 -0.1619080646 22.3681522522 -778.6207171720 26.0110446214 6.6496366535 2.506128 2.770919 1.954615 -2.028680 -0.044727 4.757669 1.043433 1.178458 -2.955712 2.289009 -3.140647 0.921326 2.047971 3.698901 -2.843972 -0.482476 3.346860 2.671770 2.196602 -2.662983 0.781557 2.791568 1.010780 2.010998 -1.741726 2.311704 -0.170857 0.119282 -5.000000 0.473065 0.516796 3.653255 -0.625374 -3.645434 1.648002 -0.406211 0.173485 4.233463 4.074102 -2.407017
1005 17.3080746192 9.0000000000 3.0000000000 0.7852025172 67.0000000000 5.6559844882 0.8913284568 6.6281772417 0.1529684893 5.8662412423 0.0978861905 43.9327335477 -622.1717487888 25.4751192225 6.4713571716 3.277189 4.629470 2.635492 -1.120742 0.363368 0.120410 -0.622489 0.973091 -5.000000 -0.495225 -3.998338 0.730185 3.665331 3.318767 0.697125 0.161450 1.628333 3.617902 0.431389 -3.850956 2.689478 2.096196 0.762372 1.078941 -1.284975 2.718552 1.912848 0.986562 -4.702195 -0.078254 -1.388122 3.371763 -2.345888 -1.677774 2.026059 -2.400850 3.324162 2.182537 4.306051 -1.474015
evaluations raw_y rep iid sigma t d_norm d_mean ps_norm ps_mean pc_norm pc_mean ps_squared loglikelihood mhl_norm mhl_mean x0 x1 x2 x3 x4 x5 x6 x7 x8 x9 x10 x11 x12 x13 x14 x15 x16 x17 x18 x19 x20 x21 x22 x23 x24 x25 x26 x27 x28 x29 x30 x31 x32 x33 x34 x35 x36 x37 x38 x39
1 21.6255582621 10.0000000000 3.0000000000 0.7852025172 67.0000000000 5.6559844882 0.8913284568 6.6281772417 0.1529684893 5.8662412423 0.0978861905 43.9327335477 -622.1717487888 25.4751192225 6.4713571716 2.663173 1.430558 -3.090801 -0.016768 1.242672 -1.440171 0.531023 0.217097 0.008583 -0.349200 0.866052 2.406075 -1.930131 2.056548 0.457260 0.890275 -2.273204 0.270274 2.969074 -2.159610 -3.955457 -3.486745 0.532140 4.769935 2.247383 3.345244 0.198298 2.795993 -0.542496 1.226408 -0.534634 -1.098618 0.265417 -0.952284 2.616946 0.390027 0.800420 -0.675265 2.512945 -1.463939
2 8.3691929823 10.0000000000 3.0000000000 0.7852025172 67.0000000000 5.6559844882 0.8913284568 6.6281772417 0.1529684893 5.8662412423 0.0978861905 43.9327335477 -622.1717487888 25.4751192225 6.4713571716 1.320463 -0.701744 -1.878867 -0.978674 -1.609182 -0.425395 -0.678280 0.624340 1.130305 -0.294841 -0.051811 0.578188 -1.079758 1.416320 1.684449 0.407162 4.789407 1.834918 -0.224545 -0.724361 -0.464365 -1.003458 2.257570 -1.395620 -0.162244 -1.058592 2.092366 -2.837112 -0.724998 -0.243811 0.638713 0.921806 -0.431580 1.978145 0.629508 4.935302 -3.016643 1.241201 -2.090265 -1.596018
7 5.0066050028 10.0000000000 3.0000000000 0.7852025172 67.0000000000 5.6559844882 0.8913284568 6.6281772417 0.1529684893 5.8662412423 0.0978861905 43.9327335477 -622.1717487888 25.4751192225 6.4713571716 -4.035437 1.081081 -2.884598 -3.217701 -2.013137 -0.515067 1.461015 -3.396803 3.348151 2.327447 -0.265147 -0.580492 -1.907065 1.176081 0.137603 2.824129 -1.372431 1.095888 -0.072765 -1.694033 3.804608 0.559211 1.240509 -2.137135 -1.445241 0.168279 -1.168910 1.204045 0.876730 -1.564686 0.385872 0.008050 -0.328151 -2.297625 -1.671017 0.420901 2.027969 -1.940396 2.434363 0.365295
997 4.9813001952 10.0000000000 3.0000000000 0.7726195168 66.0000000000 5.6328552998 0.8880265608 7.1257268265 -0.1029953096 6.1933644926 -0.1067402252 50.7759828065 -591.1557883531 24.5010731390 6.2843530831 4.278520 1.766771 -3.395925 2.239158 4.901615 4.569787 4.158871 3.265320 0.595962 4.572630 3.671598 1.615025 -2.813996 -3.306935 3.936806 2.391029 -1.020220 -2.983727 0.577246 -4.076953 -1.336352 3.164168 2.813772 -5.000000 -4.855769 -2.244580 -0.349069 1.534474 -3.589063 -0.106397 0.471815 3.220278 -0.823312 -1.882618 1.742346 0.717294 2.303800 -2.148385 4.868551 -0.969074
1005 12.2787795111 10.0000000000 3.0000000000 0.7924833558 67.0000000000 5.6228293337 0.8863401566 7.6531877430 -0.0213192757 6.6327384555 -0.0490086127 58.5712826294 -597.3087235635 24.1526629877 6.1459633268 3.675515 0.769855 -1.271299 1.168951 4.265769 4.777743 4.674121 2.809569 0.775477 4.013492 4.051331 2.330976 -3.639175 -2.547671 3.936946 3.064871 -0.504893 -3.107531 -0.419718 -4.165918 -1.166720 1.613653 1.404983 -3.290799 -4.209976 -4.320072 -0.466333 1.568979 -2.280678 -0.588777 0.449786 3.961457 -0.619536 -0.839095 1.001157 0.313469 1.502631 -1.368121 5.000000 -2.081535
evaluations raw_y rep iid sigma t d_norm d_mean ps_norm ps_mean pc_norm pc_mean ps_squared loglikelihood mhl_norm mhl_mean x0 x1 x2 x3 x4 x5 x6 x7 x8 x9 x10 x11 x12 x13 x14 x15 x16 x17 x18 x19 x20 x21 x22 x23 x24 x25 x26 x27 x28 x29 x30 x31 x32 x33 x34 x35 x36 x37 x38 x39
1 18.8121468350 11.0000000000 3.0000000000 0.7924833558 67.0000000000 5.6228293337 0.8863401566 7.6531877430 -0.0213192757 6.6327384555 -0.0490086127 58.5712826294 -597.3087235635 24.1526629877 6.1459633268 3.498909 -0.572146 -0.969130 -5.000000 -0.016569 -0.639263 -1.073259 0.630805 0.842101 -2.131206 -1.772479 -0.951467 1.379365 1.122384 -2.611097 -2.238951 1.473675 3.149268 -0.062150 -1.366893 2.191259 -0.619153 1.451504 3.098143 1.260160 0.146986 1.464543 -1.285151 -0.356186 -1.147909 -0.408751 -0.972990 -0.371551 -0.761073 0.177955 0.127343 0.592694 2.805542 -3.093725 2.591237
2 12.8865889487 11.0000000000 3.0000000000 0.7924833558 67.0000000000 5.6228293337 0.8863401566 7.6531877430 -0.0213192757 6.6327384555 -0.0490086127 58.5712826294 -597.3087235635 24.1526629877 6.1459633268 -0.474501 -2.464692 -0.344840 0.183677 2.135117 -2.123269 0.434696 0.235639 -3.368222 -2.371511 1.200204 1.391135 2.175422 1.067643 0.790424 0.245735 2.418203 -1.686132 -0.283787 0.770708 -3.154989 2.621887 -1.585730 -0.143499 4.313349 -1.658875 -1.058744 3.123407 -2.160388 -0.864115 1.032168 0.910786 1.187372 0.741013 2.690756 2.031884 1.190557 -1.365603 -1.427120 -3.816579
4 11.5214789309 11.0000000000 3.0000000000 0.7924833558 67.0000000000 5.6228293337 0.8863401566 7.6531877430 -0.0213192757 6.6327384555 -0.0490086127 58.5712826294 -597.3087235635 24.1526629877 6.1459633268 -3.064285 0.437737 0.371327 3.665553 -2.257789 0.033994 -0.848858 -0.265820 3.318409 0.757281 -0.929132 0.307682 1.532321 -1.988055 -0.528685 3.084418 1.712304 -0.089605 -0.954978 -0.308131 -3.102159 1.886072 0.682307 0.276546 -2.594845 -1.429925 1.028959 0.515433 -0.993461 1.010044 1.877566 -1.350041 -1.061716 -1.739724 -2.310528 1.593344 1.020056 0.677428 -2.344240 -2.091935
10 9.4053806283 11.0000000000 3.0000000000 0.7924833558 67.0000000000 5.6228293337 0.8863401566 7.6531877430 -0.0213192757 6.6327384555 -0.0490086127 58.5712826294 -597.3087235635 24.1526629877 6.1459633268 2.030053 1.654722 -2.948405 4.172755 -0.329335 0.024471 -0.006018 -0.463902 -1.934196 -0.653921 2.644684 -2.724291 -4.864508 1.069946 0.675318 1.455726 3.454381 -1.450582 0.354324 1.005139 2.463248 2.051846 -1.686017 -2.755008 -0.545360 -3.225738 2.219090 -0.789579 -0.712224 -1.779990 3.047086 0.575709 -0.824678 1.222865 -0.170952 1.186996 2.637623 -0.529769 1.024272 0.955771
13 6.0421117773 11.0000000000 3.0000000000 0.7924833558 67.0000000000 5.6228293337 0.8863401566 7.6531877430 -0.0213192757 6.6327384555 -0.0490086127 58.5712826294 -597.3087235635 24.1526629877 6.1459633268 0.060302 -1.308314 1.780851 -1.180584 -0.339601 1.682725 0.445851 2.243123 -0.461066 -0.867355 0.933927 0.427238 2.369458 0.810581 -0.053974 0.897748 1.309447 -2.242678 -0.286858 -0.669145 2.400341 -0.970269 2.127100 -2.529991 -0.111037 2.134331 -0.521632 2.305116 -4.054613 0.054353 0.322568 -0.251010 -3.016776 1.332264 -4.660623 1.897019 0.583476 1.974259 -0.507762 -2.221925
490 5.3791670458 11.0000000000 3.0000000000 1.1078112500 32.0000000000 5.9750132622 0.9435219038 5.3677702924 -0.3123110134 5.0185130160 -0.2652894337 28.8129579115 -840.0934836525 23.5556905807 6.0028724279 4.443234 2.319970 -4.477319 0.733529 -3.383359 3.245183 2.861261 0.194703 5.000000 0.118669 -1.725967 3.505647 -1.106383 -3.710544 -3.160022 0.850001 2.345630 3.532659 -3.825504 -2.898174 -0.271782 -3.162433 3.403008 4.537899 0.825201 -4.874832 -4.584207 2.528991 -0.806443 -2.326210 3.301124 -4.179196 -1.429221 -3.158233 0.091583 -2.287268 -0.742584 2.641977 -5.000000 -1.307843
1005 10.3996863993 11.0000000000 3.0000000000 0.6944039258 67.0000000000 5.6330311743 0.8882193386 5.6690761120 -0.0906580605 4.7547171375 -0.0437092959 32.1384239635 -561.1486623128 26.0041254561 6.6193357174 1.117203 3.803692 -4.228642 2.512017 -4.565310 3.251986 1.189542 -3.988191 4.022389 -0.156024 1.864494 4.533148 -4.938380 -3.136634 -2.486279 1.586355 3.911727 3.280645 -1.434383 -1.908458 0.262632 -3.106043 4.538815 1.354154 -0.599241 -3.021069 -3.342250 3.901169 -1.850085 -4.585087 2.417628 -3.359370 -2.826995 -4.820950 -1.549166 2.552144 -1.419206 5.000000 -2.701733 -1.570841
evaluations raw_y rep iid sigma t d_norm d_mean ps_norm ps_mean pc_norm pc_mean ps_squared loglikelihood mhl_norm mhl_mean x0 x1 x2 x3 x4 x5 x6 x7 x8 x9 x10 x11 x12 x13 x14 x15 x16 x17 x18 x19 x20 x21 x22 x23 x24 x25 x26 x27 x28 x29 x30 x31 x32 x33 x34 x35 x36 x37 x38 x39
1 12.9826293235 12.0000000000 3.0000000000 0.6944039258 67.0000000000 5.6330311743 0.8882193386 5.6690761120 -0.0906580605 4.7547171375 -0.0437092959 32.1384239635 -561.1486623128 26.0041254561 6.6193357174 0.945972 -1.362852 0.484879 -3.401471 1.506286 -3.069443 0.010254 -0.240455 -1.613964 5.000000 -1.195646 0.944914 2.191912 -2.430338 2.684713 -0.244300 2.025031 -1.827738 -2.059060 2.419593 1.003745 0.277692 1.281522 1.054665 -2.308720 -4.426667 -3.363513 -3.576189 -4.437070 -1.294862 -1.056809 -0.078418 0.429952 -0.768718 -0.507808 0.146504 -1.994408 -1.427713 0.070833 -1.355891
3 10.6280311002 12.0000000000 3.0000000000 0.6944039258 67.0000000000 5.6330311743 0.8882193386 5.6690761120 -0.0906580605 4.7547171375 -0.0437092959 32.1384239635 -561.1486623128 26.0041254561 6.6193357174 -2.678778 -3.379306 -0.398655 0.515545 3.657641 -2.002003 -4.183382 0.293119 -0.932702 0.712446 -0.795759 -2.518447 -1.377757 1.605261 0.544782 -1.938353 1.743936 -2.892719 -1.072963 0.395841 -2.731280 -2.388889 0.031869 -0.160087 -0.501605 -1.130286 -2.205344 -1.564565 5.000000 -1.252162 3.011802 -1.174672 2.731706 2.464090 0.901778 -1.282820 -2.755192 1.931493 -2.568007 -2.549144
5 9.3505667937 12.0000000000 3.0000000000 0.6944039258 67.0000000000 5.6330311743 0.8882193386 5.6690761120 -0.0906580605 4.7547171375 -0.0437092959 32.1384239635 -561.1486623128 26.0041254561 6.6193357174 0.629014 -4.976009 1.191817 -4.071724 -2.276563 2.115285 1.305537 -1.288934 -1.766924 0.691385 -3.593655 0.821419 -0.583647 1.468295 -0.250991 -2.177035 0.404462 -0.699669 -2.842554 -2.327177 -2.013353 0.100044 1.530860 -0.057030 -2.411291 -0.763090 1.133687 2.154673 -1.880717 0.567214 -0.780641 -4.308249 -2.589367 -1.132441 -1.035418 -0.791757 -1.207390 0.734786 -1.918024 -3.190593
33 6.2419135284 12.0000000000 3.0000000000 1.8137282470 2.0000000000 6.3005038215 0.9961550136 4.0241186228 -0.1449149161 3.4834738182 -0.1291532171 16.1935306900 -1251.4893381623 26.3287126502 6.7115132934 -0.268127 -2.769726 2.473596 -2.681514 1.947855 -1.508619 -2.785507 -1.703968 -0.565372 -0.354431 -1.025801 -0.219700 1.039461 -0.643267 0.014836 -1.812673 1.828953 -1.050295 1.524388 0.297639 -3.921276 -3.024516 3.380481 0.039902 -0.949867 1.518818 -3.820124 0.374719 -0.841271 -3.518396 -1.096102 -4.498636 -3.240641 -2.197585 -2.005697 0.098255 -0.386425 1.076463 3.437220 0.513731
52 4.9442112175 12.0000000000 3.0000000000 1.7547076240 3.0000000000 6.2877193848 0.9941133643 4.5024287325 -0.1653090845 3.9753684782 -0.1505821482 20.2718644911 -1209.8541019932 25.5534660292 6.5311757737 -2.877150 -1.519737 0.194223 -2.272078 0.779797 -2.198180 -2.122341 -4.421231 -1.575726 -3.167195 -0.918541 0.758581 -0.002299 -0.071095 1.207145 -3.997474 2.396899 -0.114838 -0.214807 0.226025 -4.478179 -0.293828 4.645396 -1.367627 -0.496541 2.182296 -5.000000 0.887417 1.474452 -1.884803 1.078634 -3.264457 -4.243360 -3.473994 -4.668561 -0.165696 0.048400 -2.169375 0.526998 -1.220169
1005 10.8771578080 12.0000000000 3.0000000000 0.7060873996 67.0000000000 5.6243926427 0.8865690123 5.9504013387 0.1718929999 5.3144552903 0.1595021288 35.4072760918 -545.0895789926 24.7401682069 6.2875578431 -1.924182 -4.464761 2.677105 -0.303189 2.443989 1.698446 -4.084270 -2.665484 -4.375122 3.848686 -1.392197 3.817156 1.240438 3.553939 -3.626455 -2.627118 2.992470 0.636474 -4.779716 4.930906 -3.889235 4.335963 2.404802 2.988805 3.909015 1.691508 0.077157 -4.430027 -1.120675 2.496188 3.107682 -4.956209 1.264847 -1.594130 -5.000000 3.473124 -1.158485 4.153131 3.029434 -2.820696
evaluations raw_y rep iid sigma t d_norm d_mean ps_norm ps_mean pc_norm pc_mean ps_squared loglikelihood mhl_norm mhl_mean x0 x1 x2 x3 x4 x5 x6 x7 x8 x9 x10 x11 x12 x13 x14 x15 x16 x17 x18 x19 x20 x21 x22 x23 x24 x25 x26 x27 x28 x29 x30 x31 x32 x33 x34 x35 x36 x37 x38 x39
1 16.5347240178 13.0000000000 3.0000000000 0.7060873996 67.0000000000 5.6243926427 0.8865690123 5.9504013387 0.1718929999 5.3144552903 0.1595021288 35.4072760918 -545.0895789926 24.7401682069 6.2875578431 -1.424781 1.507533 -0.089006 0.903625 2.690203 1.064676 2.700376 1.722423 2.957371 -2.090754 -1.577978 -2.523212 1.125694 -0.486653 1.827481 0.634702 0.254607 4.300766 1.212577 -0.053543 -1.968322 2.381411 1.905661 -2.174363 -0.290423 0.475716 -3.278187 -0.556269 2.798477 -3.230216 0.981744 3.785484 -1.241959 -0.907505 0.434903 1.028658 0.794483 -3.025690 -1.528068 0.202540
3 14.2220921268 13.0000000000 3.0000000000 0.7060873996 67.0000000000 5.6243926427 0.8865690123 5.9504013387 0.1718929999 5.3144552903 0.1595021288 35.4072760918 -545.0895789926 24.7401682069 6.2875578431 1.629991 -2.370838 -1.537254 1.458331 1.531822 0.415600 -4.374231 1.443930 0.697501 -0.677237 -3.890781 1.661811 3.498484 1.002275 2.660634 -1.315035 0.369892 -1.302113 -2.241014 -0.693214 -1.822690 -1.492271 -1.541937 -0.827907 -0.583623 0.253545 -2.494672 0.634342 -3.636843 0.111384 0.161732 -4.639695 -0.682242 2.179692 0.901062 -0.988597 -1.093153 0.584053 0.308409 1.634611
4 7.5079194066 13.0000000000 3.0000000000 0.7060873996 67.0000000000 5.6243926427 0.8865690123 5.9504013387 0.1718929999 5.3144552903 0.1595021288 35.4072760918 -545.0895789926 24.7401682069 6.2875578431 0.287512 1.810343 0.801347 -1.529188 -2.034004 -1.053979 0.817317 -1.735600 1.783588 -3.078128 -0.528495 -1.864719 0.625757 0.273581 -0.303400 -2.473675 -1.764981 -1.321265 1.985898 -1.287594 1.002335 1.839970 -1.688953 -1.032886 -4.413734 -0.806258 1.426651 -1.893273 0.702723 1.577141 0.720064 -0.876403 0.456670 -1.350750 -0.838521 4.773492 -1.016686 -1.372473 0.309807 0.555672
47 4.4869891147 13.0000000000 3.0000000000 1.6711372569 3.0000000000 6.2877141451 0.9941159457 4.0472567762 -0.0240745978 3.5045262594 -0.0264371622 16.3802874129 -1190.2087111677 25.9283712162 6.6317447514 1.878945 -2.582877 -1.238841 -0.740617 -2.791263 -0.802267 2.088818 -0.563853 2.068285 -1.467463 -2.577954 -1.296233 2.788000 0.636787 -1.346461 -1.890354 0.668699 -2.619525 0.692184 -2.887490 2.092494 -2.213687 -0.553665 -0.457134 0.288416 3.893760 1.599520 0.892885 2.432147 1.023262 -1.240573 -0.704049 2.646256 0.292137 0.808352 5.000000 -0.374637 2.516987 -2.689616 1.031420
1005 11.6779151969 13.0000000000 3.0000000000 0.6438583924 67.0000000000 5.6539643479 0.8913702922 5.2425704450 -0.0436572383 4.4924256428 -0.0506100668 27.4845448710 -525.5984756304 26.3658480912 6.7030726857 -2.436892 -3.473983 0.760696 -0.311048 3.444625 0.012383 2.392077 0.488094 -2.902377 0.260878 -3.573978 2.772913 -3.685080 1.561746 4.242323 3.466380 2.591600 -3.264414 3.627375 -4.459280 -2.255481 2.543341 2.030785 3.912801 -4.800816 0.132678 2.601971 5.000000 4.831471 2.508214 4.293917 -2.573446 -3.764483 2.670869 -4.352746 -0.761766 2.880124 2.046408 -4.148242 3.151435
evaluations raw_y rep iid sigma t d_norm d_mean ps_norm ps_mean pc_norm pc_mean ps_squared loglikelihood mhl_norm mhl_mean x0 x1 x2 x3 x4 x5 x6 x7 x8 x9 x10 x11 x12 x13 x14 x15 x16 x17 x18 x19 x20 x21 x22 x23 x24 x25 x26 x27 x28 x29 x30 x31 x32 x33 x34 x35 x36 x37 x38 x39
1 13.4250756475 14.0000000000 3.0000000000 0.6438583924 67.0000000000 5.6539643479 0.8913702922 5.2425704450 -0.0436572383 4.4924256428 -0.0506100668 27.4845448710 -525.5984756304 26.3658480912 6.7030726857 3.102678 0.158372 0.347953 -0.144673 -4.008659 0.289356 -3.002337 0.422219 -1.116410 2.169058 -0.372578 0.029323 -2.151139 1.284504 -0.360673 1.240601 1.621949 1.555872 -0.474979 -3.783825 -2.344244 1.672414 2.018547 2.586199 -1.098662 -1.963426 1.829346 1.746141 0.044222 -0.008287 -2.698252 -0.416436 2.653081 -1.832521 -0.940026 -0.298885 -0.650520 -3.611447 -1.000740 -1.129561
8 7.7251590042 14.0000000000 3.0000000000 0.6438583924 67.0000000000 5.6539643479 0.8913702922 5.2425704450 -0.0436572383 4.4924256428 -0.0506100668 27.4845448710 -525.5984756304 26.3658480912 6.7030726857 -1.351581 -3.265244 -5.000000 -3.831654 0.721020 0.261158 -1.336746 0.196759 3.740590 0.027086 -0.884800 5.000000 0.425645 -1.139635 2.922818 -1.266542 0.315491 0.864494 3.249269 -1.143863 1.860439 -2.651710 0.084500 0.545703 1.034076 4.606336 0.039596 -0.002499 -0.393130 -0.344111 1.319211 0.740435 2.686968 -0.575729 1.784279 1.381397 0.608764 1.172018 0.801868 -0.098659
28 7.5003755735 14.0000000000 3.0000000000 1.8822074243 1.0000000000 6.3134375976 0.9982194932 3.0140210221 0.0056973358 2.5560034637 0.0048315556 9.0843227216 -1304.3193216055 27.3573294116 7.0175761495 0.935596 -4.203446 -2.593313 -3.275023 3.058399 -2.193302 -4.490709 -2.311248 3.961359 -3.785421 -0.477520 4.682524 -0.583571 -1.730110 2.313836 0.149913 2.910720 -1.278737 1.316374 -1.087743 -1.982326 -1.582798 3.022628 1.893613 -2.040594 -0.231445 -1.690646 -0.536499 -0.749855 2.932896 1.502811 -0.633605 3.618567 -0.818259 2.815255 0.111643 -3.205846 0.379910 0.898378 0.949326
60 7.4052218550 14.0000000000 3.0000000000 1.7711944417 3.0000000000 6.2886166740 0.9942354419 4.7595630439 0.1238281642 4.2211914917 0.1080785054 22.6534403691 -1230.2326525024 26.1212628486 6.6821674924 0.322761 -3.356013 -1.449928 -4.100686 0.862012 -1.986259 -3.135623 -1.732986 0.583019 -0.626625 1.518750 1.103960 4.554870 0.426323 3.862918 -2.870858 -1.840882 0.306805 1.487196 0.117724 -1.578651 -0.330421 4.206201 3.282107 -0.277148 2.097429 1.710647 -0.703373 -2.943801 5.000000 0.801070 0.541450 5.000000 1.151788 -0.298012 0.141673 0.818201 1.715505 1.036201 0.369851
63 5.6785557853 14.0000000000 3.0000000000 1.7378499626 4.0000000000 6.2778899319 0.9925120767 5.2610217455 0.1445397824 4.7159333173 0.1288797992 27.6783498067 -1194.8294276248 25.2119345118 6.4160170947 0.423453 -3.403699 0.040437 -3.674431 -0.218807 -2.701398 -3.529406 -1.934165 -0.061958 0.720553 1.227797 -1.752095 3.772519 -1.912534 1.300488 -1.004550 0.402284 -1.187439 0.073719 -1.148472 -0.375605 3.989957 4.372402 1.880299 0.553748 2.568649 -1.410202 0.503964 -2.695402 2.940334 1.471671 -2.081471 3.430396 0.371479 1.488866 0.964245 0.398632 3.489908 0.839697 2.688169
145 5.6267131650 14.0000000000 3.0000000000 1.5852144285 9.0000000000 6.2262390262 0.9841829148 5.7180248849 -0.0278571815 5.3532356263 -0.0134852593 32.6958085839 -1149.4457373811 25.9193550324 6.5835227811 2.840298 -3.039792 -0.173610 -4.224659 -0.044666 -2.144265 -5.000000 -3.511817 3.649644 3.695537 1.660962 -3.234754 5.000000 1.272521 1.316931 -0.166221 -0.502215 2.670028 0.933369 -3.097489 1.670780 -1.039390 2.191113 2.139804 -4.148743 0.035045 -1.289625 -2.011633 -2.861388 5.000000 0.117208 -4.980256 2.414170 -0.029338 3.488154 2.088085 -1.856934 0.393634 -2.209634 -2.249947
222 5.5124504801 14.0000000000 3.0000000000 1.5004829904 14.0000000000 6.1718876723 0.9753579308 5.5053902540 0.0019313282 5.1465139840 0.0058268103 30.3093218487 -1081.6543954501 24.8808187673 6.3357741904 2.847451 -2.168590 -4.141523 -4.218972 -2.659983 -2.768046 -2.256065 -3.389338 4.315913 2.731325 -1.932986 -4.329781 2.083895 2.806440 2.132583 -4.576517 -4.378319 1.041306 0.062319 -0.584843 -3.312384 1.070400 3.339533 3.235532 -3.163781 -0.522226 -0.567159 0.762465 -2.943284 3.971080 1.959913 0.452276 4.974333 -0.109564 3.367951 5.000000 -1.374793 3.762831 0.818341 -1.506012
1005 13.2223062920 14.0000000000 3.0000000000 0.6764036067 67.0000000000 5.6300496013 0.8876386256 5.4983656017 0.0015061732 4.8124773401 0.0288540449 30.2320242894 -554.9159059417 26.5510926285 6.7383012397 2.940028 -0.122671 -4.229411 -2.329510 -1.227603 0.857428 -0.978979 -1.057042 2.449585 -2.314783 -1.311248 2.755831 -0.440206 -4.174232 1.188723 0.486646 -4.179187 0.698892 1.864818 -3.237955 -5.000000 1.596143 4.357238 4.607640 -0.248648 1.688099 2.579195 1.064331 -1.035785 4.419771 4.435073 -1.534154 -0.003018 0.453230 4.864545 -2.077154 -1.266690 0.656132 -2.688608 -1.179902
evaluations raw_y rep iid sigma t d_norm d_mean ps_norm ps_mean pc_norm pc_mean ps_squared loglikelihood mhl_norm mhl_mean x0 x1 x2 x3 x4 x5 x6 x7 x8 x9 x10 x11 x12 x13 x14 x15 x16 x17 x18 x19 x20 x21 x22 x23 x24 x25 x26 x27 x28 x29 x30 x31 x32 x33 x34 x35 x36 x37 x38 x39
1 16.6078823373 15.0000000000 3.0000000000 0.6764036067 67.0000000000 5.6300496013 0.8876386256 5.4983656017 0.0015061732 4.8124773401 0.0288540449 30.2320242894 -554.9159059417 26.5510926285 6.7383012397 -0.624657 0.678569 -0.311817 -1.003579 0.471138 -3.527211 -2.191724 -2.175531 -0.610340 -0.947497 -0.401189 0.710394 1.379035 0.821179 -1.129957 1.198781 -0.325873 3.200429 1.363254 0.029760 -0.175559 -1.964236 0.243381 -2.274875 0.698005 -3.717026 -2.334364 2.849794 2.993131 2.579864 -3.623491 -2.996614 -2.900286 -3.387814 0.454528 -0.979469 -0.001057 -0.980505 -1.586419 4.097798
2 11.2451120550 15.0000000000 3.0000000000 0.6764036067 67.0000000000 5.6300496013 0.8876386256 5.4983656017 0.0015061732 4.8124773401 0.0288540449 30.2320242894 -554.9159059417 26.5510926285 6.7383012397 1.206371 -1.996404 2.430083 -1.335033 -0.545012 2.833549 -1.565218 -0.500641 -0.616629 3.459376 3.956545 0.439376 3.789640 -2.736199 -0.382611 2.574515 -0.493768 0.685102 0.445434 1.363187 0.502898 -2.963698 -0.773644 -1.467361 1.171956 -3.471578 -1.653390 2.367668 0.710092 4.885700 -0.073851 -5.000000 1.982979 0.384486 -0.705585 -2.679046 -0.377345 1.193173 0.680909 0.166851
12 10.4973648067 15.0000000000 3.0000000000 0.6764036067 67.0000000000 5.6300496013 0.8876386256 5.4983656017 0.0015061732 4.8124773401 0.0288540449 30.2320242894 -554.9159059417 26.5510926285 6.7383012397 -0.854667 -0.678403 -0.041221 -0.595486 -1.691802 0.057348 -1.029766 -0.193198 -1.730454 2.699831 2.414204 2.311659 -2.243056 0.383239 -0.753085 0.013268 0.952650 1.619648 -1.773315 2.451549 2.560123 2.347332 -1.364301 0.405795 0.001326 -1.520205 -1.721485 -0.145301 -2.128895 -2.853926 -0.574206 -0.181115 1.717553 3.208782 -2.597197 0.486435 1.208428 -2.084840 -0.857500 0.092988
14 9.5668995069 15.0000000000 3.0000000000 0.6764036067 67.0000000000 5.6300496013 0.8876386256 5.4983656017 0.0015061732 4.8124773401 0.0288540449 30.2320242894 -554.9159059417 26.5510926285 6.7383012397 -2.617591 0.119401 -0.129042 -0.157645 -3.838218 -0.008314 -0.335359 -0.126426 -0.129508 -1.415063 -2.759263 0.564623 -2.359088 -1.934380 -0.058560 3.335984 1.058080 2.073113 -0.659893 -0.563616 0.913868 0.552991 0.468696 0.828507 -0.672164 -0.074388 -0.018612 3.270074 -0.201760 0.163432 1.600431 1.581215 1.552163 -3.481093 -0.272606 -0.523244 -0.394139 0.553007 1.662052 0.644603
50 8.3637034737 15.0000000000 3.0000000000 1.7131552432 3.0000000000 6.2851429918 0.9937062467 4.2715719257 0.0170787007 3.7167637073 0.0144362150 18.2463267165 -1208.9772070709 26.0922502578 6.6692284226 2.226088 0.305860 1.502140 0.260628 -1.118964 2.882138 1.875397 -1.503750 2.690646 -2.904398 1.833790 0.837411 1.222062 -1.346953 3.333146 4.364879 -1.366614 0.668706 -2.931139 -0.859491 -0.795057 2.133974 -4.691339 2.244960 2.771917 1.667330 0.272488 1.746037 -3.981433 0.727673 0.588486 -0.488241 1.022376 0.676721 0.254382 -5.000000 1.254086 1.170652 -0.148531 0.029952
65 4.8272265732 15.0000000000 3.0000000000 1.6557309853 4.0000000000 6.2722448363 0.9916477821 4.4478946093 0.0877770785 3.9290126348 0.0745113493 19.7837664550 -1179.9672051834 25.8417471120 6.5621789736 1.307090 2.670544 2.796213 0.038820 1.670432 1.193696 0.771500 0.037853 2.316169 -3.451738 -1.287599 2.841220 -0.752255 2.382132 -0.069331 3.240373 -0.873104 5.000000 -2.748584 0.346442 0.979271 -0.211662 -4.514062 0.076436 3.203831 0.107390 2.679632 2.630987 -2.829019 3.421492 0.383079 0.081644 3.957563 -0.653728 0.259855 -5.000000 0.292706 -1.935622 0.693557 -0.594839
1005 15.7590140519 15.0000000000 3.0000000000 0.9390552477 67.0000000000 5.6456053533 0.8896800982 5.1603457716 0.2566699944 4.7513746937 0.1734422343 26.6291684830 -710.5618727790 24.6207584260 6.2745656401 -3.639056 -3.868199 0.466741 2.931628 2.104060 -2.873139 2.338449 3.969380 3.402114 0.860233 0.050842 0.996006 -2.722376 -1.901470 -4.608306 2.124491 3.402650 2.665453 -0.539845 0.573428 2.180512 -1.657502 -5.000000 -1.127030 -0.969711 2.463698 -2.824730 3.558113 -4.169165 4.598075 0.512676 -2.094857 2.553308 -2.673974 4.046987 -4.328257 -2.440453 4.090741 1.406833 -5.000000
evaluations raw_y rep iid sigma t d_norm d_mean ps_norm ps_mean pc_norm pc_mean ps_squared loglikelihood mhl_norm mhl_mean x0 x1 x2 x3 x4 x5 x6 x7 x8 x9 x10 x11 x12 x13 x14 x15 x16 x17 x18 x19 x20 x21 x22 x23 x24 x25 x26 x27 x28 x29 x30 x31 x32 x33 x34 x35 x36 x37 x38 x39
1 12.2872958433 16.0000000000 3.0000000000 0.9390552477 67.0000000000 5.6456053533 0.8896800982 5.1603457716 0.2566699944 4.7513746937 0.1734422343 26.6291684830 -710.5618727790 24.6207584260 6.2745656401 0.255897 -3.056947 -1.188936 0.132661 -2.470990 -1.242737 -1.777896 0.997820 -1.573794 0.237487 -1.513726 0.986734 -1.678809 -2.030044 -0.685039 3.768928 -0.541826 -2.903439 -2.160318 5.000000 -0.440446 -0.178801 0.552683 3.224522 1.431930 1.317265 0.421482 -1.128887 0.280372 -0.676896 -2.809655 -4.973284 2.547087 2.159496 1.296805 1.112840 0.467075 -2.157691 -2.363922 -1.406480
4 11.2697913047 16.0000000000 3.0000000000 0.9390552477 67.0000000000 5.6456053533 0.8896800982 5.1603457716 0.2566699944 4.7513746937 0.1734422343 26.6291684830 -710.5618727790 24.6207584260 6.2745656401 -1.483704 0.060040 0.825211 1.255622 0.221882 -2.003700 3.447928 3.721118 -1.606971 -0.666321 4.510377 2.957759 0.441151 1.446785 -2.722532 -0.037876 2.519495 -3.854248 1.153076 -2.054473 3.622231 -2.246609 -2.423953 -1.245523 -1.350911 0.486168 2.502407 -2.539410 -0.853848 0.907031 -2.024236 1.324722 0.883576 0.943326 -0.016886 1.410469 2.679896 -0.157846 2.467135 0.444042
7 9.7671641380 16.0000000000 3.0000000000 0.9390552477 67.0000000000 5.6456053533 0.8896800982 5.1603457716 0.2566699944 4.7513746937 0.1734422343 26.6291684830 -710.5618727790 24.6207584260 6.2745656401 -0.136609 -0.760622 -0.734638 -0.462814 -1.943550 0.645485 0.971420 -1.130366 -1.281493 -0.994173 -1.388055 0.260246 1.204419 0.884040 1.571110 -1.920914 1.656214 -0.607146 -0.007018 -1.182587 -1.584640 -0.883148 -1.935105 -1.833396 -3.107206 1.862899 2.802322 0.113155 -2.928841 0.129112 2.957113 -2.324218 2.804424 0.900575 -4.495087 0.945259 0.404860 -0.692424 -3.064750 -1.078260
10 9.2355115522 16.0000000000 3.0000000000 0.9390552477 67.0000000000 5.6456053533 0.8896800982 5.1603457716 0.2566699944 4.7513746937 0.1734422343 26.6291684830 -710.5618727790 24.6207584260 6.2745656401 0.642227 -3.865483 -1.455404 -2.560395 1.685715 -1.193702 -1.769139 -0.572859 1.569046 2.953533 -2.198030 -0.550149 1.993218 -1.117220 2.646204 -0.360858 2.767278 2.032246 0.525310 -0.892540 -2.373808 -0.303564 3.738579 -2.638544 0.692420 -0.260642 0.981801 -0.535489 0.255343 -0.824053 2.182538 -1.276742 -1.473962 3.160710 -0.546677 0.759477 -1.998574 -1.608722 0.164155 -1.768441
20 8.7797992081 16.0000000000 3.0000000000 1.8883224936 1.0000000000 6.3135717477 0.9982465808 3.1888176997 -0.0386493351 2.7042376366 -0.0327760933 10.1685583222 -1247.9015024047 25.1197644402 6.4176376918 2.444310 -1.293076 1.506534 -0.042135 0.498920 -1.375709 2.224559 2.599909 -1.881032 1.945888 0.127568 2.638005 -1.062115 -1.852760 2.346934 -1.173689 3.949218 0.097548 0.709276 -3.422561 1.760747 -3.623643 -1.437680 -1.209499 -3.172174 -0.979400 0.230157 3.210431 -4.164828 -0.560801 0.351276 -3.515080 0.358646 -0.161062 -0.623159 0.954135 -1.177751 -2.618506 2.154703 2.101599
30 5.2792688567 16.0000000000 3.0000000000 1.8883224936 1.0000000000 6.3135717477 0.9982465808 3.1888176997 -0.0386493351 2.7042376366 -0.0327760933 10.1685583222 -1247.9015024047 25.1197644402 6.4176376918 -1.584210 -2.609610 0.009281 0.441027 -2.855148 -4.091184 -0.144343 -0.219153 -1.000117 -2.047714 -0.627188 0.115416 -2.278440 -3.197039 0.726762 -4.621454 3.331317 2.779455 -0.178143 -0.408283 0.525551 -1.619745 -0.766678 -0.963888 -1.571462 -0.730553 3.035429 0.655459 -2.166934 -1.242150 4.613249 -0.918691 -2.382181 2.391546 -0.338987 0.613554 1.787501 -2.619655 -0.140979 -0.051905
224 5.2262724512 16.0000000000 3.0000000000 1.4433102897 14.0000000000 6.1648103036 0.9742641884 4.9223141382 0.0905382075 4.5627602021 0.0781705585 24.2291764754 -1057.1083057697 24.9104856159 6.3587028745 1.637989 -5.000000 -1.817176 0.094274 4.097726 -0.397793 3.298267 -0.151583 2.353591 2.145170 -0.850675 1.935847 -4.469839 -2.548718 4.363952 -1.292124 2.887791 -2.683502 4.566866 0.596613 -1.536553 -1.446073 0.021211 -2.308508 -4.616407 0.479602 2.626043 -1.481751 -1.314313 3.160526 4.097862 -1.756831 -4.186379 -2.852180 0.348558 3.230908 -1.393766 -2.400222 -1.035491 -4.903824
1005 17.8597168037 16.0000000000 3.0000000000 0.6447054319 67.0000000000 5.6190797427 0.8859549437 6.8799320497 0.0142485744 5.9290709020 0.0205518937 47.3334650091 -497.4997842332 25.3040161486 6.4708746606 3.898136 -2.830922 -2.751023 -0.254047 0.896748 2.621500 0.833075 -3.262819 2.664758 -2.907022 2.402861 0.954154 -1.229608 3.780731 1.749127 -2.583893 1.832827 -5.000000 1.112752 0.877233 2.397490 1.755066 2.749618 -0.996854 -4.528629 0.393765 0.059664 3.229255 1.304003 3.851016 3.839595 -3.087082 -5.000000 -4.231541 1.648291 4.757078 -4.309623 4.296787 -0.159901 0.997857
evaluations raw_y rep iid sigma t d_norm d_mean ps_norm ps_mean pc_norm pc_mean ps_squared loglikelihood mhl_norm mhl_mean x0 x1 x2 x3 x4 x5 x6 x7 x8 x9 x10 x11 x12 x13 x14 x15 x16 x17 x18 x19 x20 x21 x22 x23 x24 x25 x26 x27 x28 x29 x30 x31 x32 x33 x34 x35 x36 x37 x38 x39
1 11.9879388580 17.0000000000 3.0000000000 0.6447054319 67.0000000000 5.6190797427 0.8859549437 6.8799320497 0.0142485744 5.9290709020 0.0205518937 47.3334650091 -497.4997842332 25.3040161486 6.4708746606 0.552532 -3.709256 1.247802 2.290623 2.074381 3.773278 -0.223397 -0.724203 0.297350 -0.875566 4.342514 2.304621 -3.637625 -0.276099 1.079679 -3.550565 2.629753 -0.946896 -2.184460 -0.500055 -1.964589 2.062538 0.982668 -0.893293 -1.612720 0.262536 -2.425120 0.319982 -1.510446 0.699792 1.955084 -0.277170 0.207713 0.601182 1.936411 1.739248 1.135566 0.930565 -2.330746 -4.071990
4 11.7195827636 17.0000000000 3.0000000000 0.6447054319 67.0000000000 5.6190797427 0.8859549437 6.8799320497 0.0142485744 5.9290709020 0.0205518937 47.3334650091 -497.4997842332 25.3040161486 6.4708746606 -4.196252 -0.515548 2.047250 -0.629321 2.145812 0.065204 5.000000 -0.349807 -1.683917 0.153202 -1.342466 -0.634319 -1.250714 -2.115265 2.112276 0.008983 0.427660 -3.391432 2.696158 -3.928023 -0.463311 0.088770 -3.424574 3.224231 -1.323695 -1.158337 0.348774 1.597745 1.074793 -1.647740 0.292323 -0.181264 1.882719 2.354677 0.049803 0.610000 1.909148 -0.012913 0.429733 2.484851
8 11.6017051002 17.0000000000 3.0000000000 0.6447054319 67.0000000000 5.6190797427 0.8859549437 6.8799320497 0.0142485744 5.9290709020 0.0205518937 47.3334650091 -497.4997842332 25.3040161486 6.4708746606 -2.475088 -2.584701 -3.998467 -0.147643 -0.553636 -2.720545 1.171145 -1.950576 -3.288103 -2.542496 -2.105993 0.558600 -1.650140 0.642213 -0.227488 2.715890 -0.230901 -1.527427 -5.000000 -0.312345 1.688364 -0.191667 -0.094005 0.553599 -0.251997 1.079693 -1.662494 -0.399243 -1.106135 1.792436 3.144534 3.265200 -0.951963 -0.033165 1.084640 -0.541497 -2.316438 0.254862 -0.598649 -2.202653
21 7.6065251353 17.0000000000 3.0000000000 1.8687673347 1.0000000000 6.3114517804 0.9979046786 2.6278375523 -0.0957718215 2.2285053211 -0.0812181155 6.9055302014 -1297.8672595257 27.3120104014 7.0077865189 0.956571 -4.826934 -1.224411 -0.005040 -0.631888 -0.680050 -2.650905 0.998834 -1.545478 -1.854262 0.529323 0.757742 -2.497815 -0.711165 -2.309482 2.785964 2.248559 -0.842660 -0.843387 -0.974689 0.661905 2.988830 2.207740 1.562812 -1.985453 -2.535585 -3.370946 0.389199 2.837478 -1.516116 1.163100 -0.600288 1.852811 2.002173 0.688058 -1.272691 4.882549 -2.061340 -1.214703 -0.733263
58 7.0227824232 17.0000000000 3.0000000000 1.7473396806 3.0000000000 6.2911756682 0.9946421533 4.5907921895 -0.1318859696 4.0245763544 -0.1211749197 21.0753729268 -1224.9277018027 26.1733755426 6.7302506206 0.937770 -3.778506 -5.000000 -1.678091 0.408266 -2.440381 -1.652972 -0.612669 -0.666817 1.055646 2.827486 0.864972 -3.841449 1.659605 -2.326669 -0.150424 3.508228 -3.945291 -1.139755 1.686840 1.566130 1.810943 0.715348 0.433393 -1.293522 0.693553 -0.886477 -0.623293 -2.436125 0.111565 -0.144863 -0.963140 -2.165111 1.291589 1.330807 -1.572412 0.608396 1.702525 -3.728582 -0.888881
112 5.6276381922 17.0000000000 3.0000000000 1.5242070084 7.0000000000 6.2385564025 0.9862279469 4.6619501819 -0.0455005020 4.1910131794 -0.0577633698 21.7337794981 -1088.4860497837 24.3268296893 6.2246076116 -1.847321 -5.000000 -2.866387 1.017665 -2.323546 -2.878685 -2.177277 2.675323 -2.077384 2.638149 2.183574 -1.467139 -2.762440 -1.692365 -0.358894 -3.307392 -0.065582 -0.018110 -2.702886 2.248439 1.266549 1.078754 -1.050772 -0.852684 2.284769 -2.909374 -3.091934 -1.835527 4.708072 -3.154008 -1.262735 -0.063391 0.452981 0.547143 -1.525158 0.509772 2.297594 1.080998 -0.640376 -1.088223
539 5.6106217000 17.0000000000 3.0000000000 1.0650544125 35.0000000000 5.9455971076 0.9387394505 6.7764440628 -0.0338501258 6.1480413362 -0.0281938580 45.9201941369 -845.6954695592 25.0142907963 6.3569145048 -0.531627 -2.645182 -3.120023 -1.239582 0.979606 -3.395736 0.791320 -3.443846 -2.326249 3.908054 2.951405 1.798411 -1.182147 -0.028465 5.000000 0.302528 1.102332 -1.917228 -2.932242 3.297982 -4.316363 0.570896 -0.875967 -0.670733 -1.249519 -0.589005 -2.275627 -4.138368 0.449106 1.990346 2.568713 1.666639 4.335607 -0.369385 -1.171030 0.566880 -0.077444 -0.160956 3.741347 -4.050986
811 5.5485196669 17.0000000000 3.0000000000 1.0020726725 54.0000000000 5.7654123973 0.9092686742 6.6612019700 -0.0608468352 5.9709986615 -0.0546897389 44.3716116849 -781.7104616013 25.1699979813 6.4220209237 -3.599886 -0.405540 -1.691575 -0.711944 -0.919637 -5.000000 -0.956567 -2.631715 -2.868234 3.096296 1.911653 2.703155 -0.224786 -2.618553 3.051519 -1.332099 3.212614 -3.291622 -3.648887 3.279861 -3.386933 -5.000000 0.481904 -0.838906 -1.379363 0.549200 -0.311498 -3.515128 4.656257 0.722092 5.000000 0.844990 -3.292810 1.442384 -3.390933 -4.119043 0.368165 1.204879 0.446466 -3.006336
1005 18.2737896192 17.0000000000 3.0000000000 0.9048842643 67.0000000000 5.6369913026 0.8882640861 5.9115261076 -0.0635535655 5.1004896182 -0.0807890888 34.9461409209 -701.2555065811 25.2233418285 6.4397586907 -3.632849 -0.904673 -1.611914 -1.660691 -0.354559 -4.522821 0.336863 -0.838147 -3.738042 1.871908 2.562889 3.399974 -2.847254 -3.126482 2.368960 -3.157651 2.703784 -2.857510 -3.173271 4.153887 -2.176087 -3.722290 0.346608 -0.860410 -1.166870 -0.975758 1.226179 -3.146185 2.227044 0.162204 4.821084 -0.440041 -5.000000 0.076912 -3.411965 -2.829379 -1.715072 3.640542 1.601278 -4.090918
evaluations raw_y rep iid sigma t d_norm d_mean ps_norm ps_mean pc_norm pc_mean ps_squared loglikelihood mhl_norm mhl_mean x0 x1 x2 x3 x4 x5 x6 x7 x8 x9 x10 x11 x12 x13 x14 x15 x16 x17 x18 x19 x20 x21 x22 x23 x24 x25 x26 x27 x28 x29 x30 x31 x32 x33 x34 x35 x36 x37 x38 x39
1 10.6228601889 18.0000000000 3.0000000000 0.9048842643 67.0000000000 5.6369913026 0.8882640861 5.9115261076 -0.0635535655 5.1004896182 -0.0807890888 34.9461409209 -701.2555065811 25.2233418285 6.4397586907 0.158857 4.380405 -0.269784 0.321036 0.885396 1.246783 2.017807 0.788498 -0.672773 -1.291813 1.610915 0.832886 1.149239 -2.203343 -1.989514 2.691039 1.163736 1.074477 4.134094 -0.580648 1.202730 -1.129054 -2.335903 -2.044004 1.767039 -1.067489 -2.700864 0.460188 1.789710 2.741520 4.927403 2.255803 -1.638428 0.134928 2.154433 -1.107090 1.355235 2.082987 -3.502844 0.237339
7 10.4303681038 18.0000000000 3.0000000000 0.9048842643 67.0000000000 5.6369913026 0.8882640861 5.9115261076 -0.0635535655 5.1004896182 -0.0807890888 34.9461409209 -701.2555065811 25.2233418285 6.4397586907 2.878756 -1.762203 2.615818 0.340366 2.425353 -2.091294 -3.743706 -0.851685 -1.065276 0.659589 0.632458 -2.739329 1.888339 0.776091 -0.847765 0.062577 -1.646793 2.130542 2.808900 0.098217 1.580845 -0.115711 -0.972182 -1.055767 -2.591232 -1.561735 3.399076 3.034500 0.335030 -0.712388 0.505075 0.069852 -4.034984 -4.016450 2.374792 -0.242760 -2.992480 1.025529 -3.897295 -3.953031
18 9.8464579631 18.0000000000 3.0000000000 1.8857826044 1.0000000000 6.3099951164 0.9976698319 3.1162848664 -0.0153504249 2.6427270593 -0.0130177391 9.7112313685 -1294.6550578007 27.0074817532 6.8883195998 2.655027 2.476252 -0.879107 -0.401754 -1.731668 -0.323698 2.540629 -0.042057 -1.818572 0.153683 2.908392 -0.970880 -0.432064 2.803941 2.142931 0.170532 0.546254 -1.502116 4.011203 -0.655905 -0.773043 -0.405342 -3.072997 -3.665226 -1.899922 -3.777114 -1.126117 -0.356224 0.684666 -4.987404 0.114647 -0.704971 -1.748556 -3.711556 0.802901 -1.593937 -4.570856 2.178407 -2.607797 -3.058951
23 9.8189022017 18.0000000000 3.0000000000 1.8857826044 1.0000000000 6.3099951164 0.9976698319 3.1162848664 -0.0153504249 2.6427270593 -0.0130177391 9.7112313685 -1294.6550578007 27.0074817532 6.8883195998 -1.108700 0.362296 -1.673327 0.112910 0.044445 -0.902328 -0.901647 -4.606340 0.237031 0.182387 -1.064726 -0.222250 0.263164 3.232690 -3.035928 -0.090524 -1.277775 -2.857248 5.000000 -1.062189 -1.803002 -1.042280 -2.847962 -0.629381 0.905385 -2.932176 1.948617 0.384137 1.596904 1.868899 0.202655 0.818126 -4.179799 -1.274689 3.256202 1.643418 -2.222637 0.068798 0.584159 0.076050
36 9.3523607094 18.0000000000 3.0000000000 1.8204668747 2.0000000000 6.2963404515 0.9954849130 4.3856162213 -0.1303038942 3.7818416057 -0.1103909896 19.2336296409 -1274.6067061203 27.1220756318 6.8866523782 2.594720 3.428418 0.221188 -2.146661 2.803312 -1.369111 -0.280826 -0.445914 -1.384564 -1.304745 -0.479385 -0.650573 0.296047 2.125730 2.682622 -0.726763 -1.264553 -0.851085 3.929108 1.742170 -0.918438 0.459573 -4.649435 0.158197 2.538286 -1.008274 0.276620 -4.541758 0.179257 -4.309368 2.180321 2.069417 -3.220233 0.516616 5.000000 -3.163972 -2.971709 0.546728 0.450795 -5.000000
52 6.8660324995 18.0000000000 3.0000000000 1.7879473884 3.0000000000 6.2861043583 0.9938347712 5.3138715701 -0.1213185652 4.6657588707 -0.1089784975 28.2372310636 -1215.8285057793 25.3289829777 6.4718716606 3.396749 -1.411155 -0.423568 0.217867 3.419956 -3.884900 0.398864 0.113348 -3.525577 -2.117572 3.840140 0.028113 0.672511 -0.071952 0.549873 -3.160192 0.680229 -1.231018 2.595839 -0.542314 2.203868 1.240957 -5.000000 -3.750441 -1.057366 -2.642362 0.873316 -0.242013 0.809703 -2.490985 -1.515673 -1.472853 -1.624596 -0.317801 4.796371 0.105208 0.574565 1.060252 0.573668 -3.378210
310 6.5757082769 18.0000000000 3.0000000000 1.3169988483 20.0000000000 6.1019084996 0.9640337714 5.0975417801 0.2535812809 4.7461535348 0.2704814364 25.9849321995 -996.7090302078 25.0164896503 6.3741785000 2.709845 5.000000 0.842364 2.327161 2.425664 2.166067 1.311430 -1.128800 -2.420233 -4.677107 2.912163 3.610260 1.571841 3.822579 5.000000 1.025768 -0.773510 1.969176 4.641515 0.073640 3.089193 -0.621228 -1.161079 -3.879937 3.521444 -1.048908 -1.266471 3.938700 1.853650 -1.016467 4.430281 -4.940787 0.947470 -3.209662 -2.480441 2.943334 1.181867 0.865659 0.194185 -3.076635
448 6.1145154645 18.0000000000 3.0000000000 1.1851271796 29.0000000000 6.0064512119 0.9485280829 6.1665096589 0.1518371755 5.7403056280 0.2029326478 38.0258413733 -903.7307171973 24.4369961159 6.2659201607 1.449358 1.512751 0.762173 4.320574 -0.451042 2.494405 3.081918 -1.009691 -3.741854 -2.980166 4.884717 0.708252 2.408997 0.823718 5.000000 1.798575 0.284532 -0.830604 2.950858 0.810525 0.647057 -0.444362 0.080707 -2.105880 2.250112 1.896477 -0.081629 1.862320 -0.303965 -1.594747 5.000000 1.072793 3.332297 -1.930116 -0.958452 -0.891660 3.276181 -2.186168 2.644023 -5.000000
792 5.1026023973 18.0000000000 3.0000000000 0.9473627857 52.0000000000 5.7743153084 0.9107704571 5.4044929929 0.0538573552 4.8217295735 0.0473095716 29.2085445108 -741.2653884990 24.8297548580 6.3318820838 3.843943 2.813533 -3.159873 -0.806166 2.521458 1.251712 4.069621 3.144935 -2.078690 -0.403474 0.609420 2.785964 3.747281 3.180979 2.657057 0.327648 -0.670966 1.637788 -2.190476 -0.994733 4.305244 0.344640 5.000000 -2.301037 2.928241 -1.909216 -1.226067 1.915278 -1.558308 -3.398540 2.086426 0.803080 2.819489 -1.174468 3.008780 -3.360209 5.000000 2.560064 -0.215523 -5.000000
1005 15.0812846984 18.0000000000 3.0000000000 0.8302255267 67.0000000000 5.6317939211 0.8876500354 5.4511215766 0.1031043153 4.6265871886 0.0898241597 29.7147264431 -620.0020500740 23.7618233688 6.0969491616 3.653852 3.537890 -1.230645 -0.462555 3.509358 3.918961 2.390888 4.119496 -2.884846 0.825684 -1.832649 2.389449 3.572038 2.948135 3.210760 1.766426 -0.453253 -0.232828 -1.278356 0.269050 3.295088 2.190073 0.478614 -1.196861 1.970016 -1.968220 -3.355047 1.029969 -3.860811 -3.191958 3.300517 2.954835 3.672577 -1.325043 0.214698 -2.040390 3.786641 3.219178 0.757719 -4.204426
evaluations raw_y rep iid sigma t d_norm d_mean ps_norm ps_mean pc_norm pc_mean ps_squared loglikelihood mhl_norm mhl_mean x0 x1 x2 x3 x4 x5 x6 x7 x8 x9 x10 x11 x12 x13 x14 x15 x16 x17 x18 x19 x20 x21 x22 x23 x24 x25 x26 x27 x28 x29 x30 x31 x32 x33 x34 x35 x36 x37 x38 x39
1 14.6356576721 19.0000000000 3.0000000000 0.8302255267 67.0000000000 5.6317939211 0.8876500354 5.4511215766 0.1031043153 4.6265871886 0.0898241597 29.7147264431 -620.0020500740 23.7618233688 6.0969491616 0.442007 -0.680930 -1.155497 -0.808063 -1.206579 -0.487705 2.070687 1.161507 0.504827 -2.925092 -3.096683 0.530545 -0.001792 -2.031985 0.223979 -2.383904 3.111088 -1.866600 1.053068 -0.299929 1.045571 2.684310 3.117043 2.511988 1.817207 -1.681803 2.011170 -2.047608 0.363548 -0.833362 3.956817 3.834889 -2.062014 -0.966624 -1.290160 0.120696 1.095861 1.690297 -2.414363 0.749681
2 9.8230859917 19.0000000000 3.0000000000 0.8302255267 67.0000000000 5.6317939211 0.8876500354 5.4511215766 0.1031043153 4.6265871886 0.0898241597 29.7147264431 -620.0020500740 23.7618233688 6.0969491616 1.884696 -0.702528 0.919470 -0.097033 0.830964 -1.403752 0.370929 0.936700 0.079047 1.432281 -0.963377 -0.104982 -0.544557 0.615971 -3.521307 2.300448 -0.435462 -2.441175 -0.687231 3.097524 -0.415951 -0.483348 -0.249192 1.121828 2.617625 1.896513 1.583996 -0.380984 -0.014522 -1.350757 -1.515831 -2.504505 -1.530213 2.654848 0.492101 0.135669 -1.362209 -0.242765 -1.653856 -2.964715
25 8.5919202470 19.0000000000 3.0000000000 1.8665427414 1.0000000000 6.3099029992 0.9976706385 2.5636489668 -0.0553294383 2.1740709805 -0.0469214498 6.5722960251 -1256.2309132018 25.7959890511 6.5563536800 -2.200055 1.903527 -0.551272 -2.076547 -1.465458 -0.238436 1.798708 0.588164 1.968438 2.249796 -3.488944 -1.674801 0.397136 1.161935 0.239060 0.631740 1.143235 -0.495606 2.947628 0.601750 -0.172037 0.341881 1.388451 4.543588 -1.880391 -0.440602 2.743819 2.335804 -2.243717 -0.790079 3.144733 -1.591451 -1.151374 -0.110364 0.992747 -1.863016 1.801710 -0.599047 2.956326 1.790577
64 7.4381092447 19.0000000000 3.0000000000 1.6267053014 4.0000000000 6.2692454114 0.9911715718 4.3248429606 0.0926167799 3.8084977907 0.0787610121 18.7042666337 -1234.8514391618 28.3160913103 7.2396549603 -0.894571 -1.561857 2.820605 2.231810 -1.309884 -0.273097 3.102994 3.734461 0.586356 1.161071 -0.592325 0.287417 2.452304 -1.423899 -0.736377 -0.633909 -1.630132 1.409004 -0.122826 -1.230386 0.323083 -0.029726 3.632612 1.633600 -2.686249 -0.474696 -1.674382 -0.297316 0.492042 -1.283474 5.000000 -2.691820 -2.038682 3.394764 1.080812 -3.774383 3.580094 -0.341655 -2.106544 0.164899
81 6.9943608824 19.0000000000 3.0000000000 1.5910374849 5.0000000000 6.2574544319 0.9892777777 5.0904657735 0.0941710351 4.5394825385 0.0828098635 25.9128417908 -1150.4665119824 25.6677308598 6.5512117791 1.153020 -3.029689 1.563343 0.851856 1.582000 0.629402 1.492375 1.066909 2.882817 -2.510330 -3.528760 0.460707 -0.823718 1.931090 -2.546058 -1.393817 0.925824 0.056127 0.179513 -0.205231 1.651218 -0.106324 5.000000 3.351063 -1.929972 -3.669092 -1.261186 -0.429712 2.681768 -2.598238 5.000000 -3.563481 -2.540526 1.301758 2.155979 -2.809099 3.535111 0.751746 -1.187552 1.583002
152 6.0785235255 19.0000000000 3.0000000000 1.5048178498 10.0000000000 6.2083389925 0.9813374257 5.9863318361 0.2839185600 5.5600941631 0.2639579344 35.8361688517 -1038.9182286838 22.7671986344 5.7905515612 -1.552199 -0.216410 2.021425 2.186685 0.761472 2.563785 2.579990 3.307362 -1.559501 -2.166944 0.868447 0.567857 -3.290200 2.581773 3.998219 -0.740944 2.212970 0.410483 1.666162 -0.500459 1.650494 1.691246 4.276494 0.293583 -1.412556 -2.343242 -2.184615 -0.943796 0.634067 0.862061 4.404434 -4.861438 -3.972356 2.409718 1.081253 -2.545220 3.663134 0.486371 0.715045 2.891495
428 5.2599683473 19.0000000000 3.0000000000 1.0919461074 28.0000000000 6.0106676701 0.9494717677 4.5523697048 -0.0443668495 4.0838439728 -0.0413624025 20.7240699290 -899.8247536124 26.2328115393 6.6995963692 3.243935 -1.307745 -0.007712 -2.090712 3.012561 1.244806 1.454859 1.072270 -3.490012 -0.691614 -3.780689 -0.987017 -5.000000 2.335895 1.576615 -2.556946 0.333236 2.569243 -0.126153 -0.244091 -2.531362 0.696487 3.739298 4.526485 -1.779545 2.236201 -1.060775 -0.759234 1.735952 0.614736 4.384133 -3.076055 -1.116677 4.498742 0.950899 -3.634107 -0.215150 -1.214381 -0.688142 2.132710
1005 11.5395221905 19.0000000000 3.0000000000 0.5759939193 67.0000000000 5.6241292486 0.8869356509 4.7482108861 -0.0978980442 4.1272209680 -0.0935443455 22.5455066193 -491.2144207880 27.8480230337 7.1145861006 2.384909 -0.660950 -4.268410 -3.683178 -0.767961 1.808939 0.293645 1.065912 -2.648067 -2.353849 -0.276225 0.191325 -4.045446 -0.077806 1.740219 -2.842011 2.560351 3.051717 1.162857 -1.523121 -2.091124 1.820954 3.447264 4.697822 -0.552915 0.489599 -2.399478 -2.422046 1.259880 2.740362 2.957640 -4.636419 -2.828622 4.942142 2.079994 -2.795488 -1.699553 -1.965142 1.242366 4.221476
evaluations raw_y rep iid sigma t d_norm d_mean ps_norm ps_mean pc_norm pc_mean ps_squared loglikelihood mhl_norm mhl_mean x0 x1 x2 x3 x4 x5 x6 x7 x8 x9 x10 x11 x12 x13 x14 x15 x16 x17 x18 x19 x20 x21 x22 x23 x24 x25 x26 x27 x28 x29 x30 x31 x32 x33 x34 x35 x36 x37 x38 x39
1 13.8224225026 0.0000000000 4.0000000000 0.5759939193 67.0000000000 5.6241292486 0.8869356509 4.7482108861 -0.0978980442 4.1272209680 -0.0935443455 22.5455066193 -491.2144207880 27.8480230337 7.1145861006 3.528105 0.800314 1.957476 4.481786 3.735116 -1.954556 1.900177 -0.302714 -0.206438 0.821197 0.288087 2.908547 1.522075 0.243350 0.887726 0.667349 2.988158 -0.410317 0.626135 -1.708191 -5.000000 1.307237 1.728872 -1.484330 4.539509 -2.908731 0.091517 -0.374368 3.065558 2.938718 0.309895 0.756325 -1.775571 -3.961593 -0.695824 0.312698 2.460581 2.404760 -0.774654 -0.604606
4 7.8725718720 0.0000000000 4.0000000000 0.5759939193 67.0000000000 5.6241292486 0.8869356509 4.7482108861 -0.0978980442 4.1272209680 -0.0935443455 22.5455066193 -491.2144207880 27.8480230337 7.1145861006 0.752851 -2.198802 0.596476 2.652772 -1.389136 -0.299269 -0.870307 3.698527 1.344590 0.814924 -1.539832 1.078498 -1.348665 0.063661 -1.271692 1.352867 1.153182 -0.416598 0.792013 -2.186123 -2.982515 0.878783 0.333347 1.270063 4.766290 1.888959 -1.825644 2.234033 -2.631815 -0.923169 -0.136483 3.426685 -1.489510 -1.652877 -0.196905 -1.326957 2.253272 -2.159863 -2.294937 -0.875640
82 7.5885567299 0.0000000000 4.0000000000 1.6585497815 5.0000000000 6.2626395913 0.9900961073 4.8952813272 -0.0839320246 4.4304997455 -0.0812426788 23.9637792720 -1125.0753576720 23.6199746416 6.0376416465 2.831835 0.224025 -1.647566 -0.807089 -2.521907 -1.536983 0.874708 0.674468 -3.846239 -2.017346 3.785266 0.990115 0.053575 -3.838998 -0.501693 -0.738373 -0.167273 -0.641810 1.098781 -2.091962 1.833470 3.011237 0.410026 3.433424 0.061075 4.621050 -0.531227 -2.204962 -0.678459 -1.252685 1.384366 1.960830 -5.000000 -0.039820 -0.832468 -2.248469 -2.089831 -3.224124 -2.522327 1.768931
192 6.3873313470 0.0000000000 4.0000000000 1.4932616370 12.0000000000 6.1864473980 0.9778110730 5.2120274125 0.1719254612 4.8050584133 0.1419777597 27.1652297486 -1042.5546624679 23.2557330230 5.9464998095 4.196643 0.591172 0.771854 -0.600582 -1.372945 -1.560160 -3.246532 4.465794 -0.225064 -2.271479 -2.475353 1.540492 3.293388 -4.957042 -0.485447 -1.039058 -2.957738 1.705487 -0.688087 -1.366574 3.557025 3.697471 2.796333 -0.331884 0.810584 4.234746 1.764377 -0.195059 2.227632 -3.021010 -1.967809 3.180423 -4.083934 1.928426 1.729883 1.608105 -1.968144 -5.000000 -2.060961 2.454178
199 6.0582186119 0.0000000000 4.0000000000 1.4441683635 13.0000000000 6.1723306005 0.9755467419 4.4837381423 0.0750287889 4.2102511985 0.0672829293 20.1039077285 -1070.0899741447 25.3635632273 6.4748576766 4.830620 0.805108 3.167845 -1.212726 -4.448339 -3.999701 -1.207181 3.432922 -0.776261 -1.471822 -2.151876 0.835469 2.285198 -2.955778 -0.636393 2.538816 -4.107498 1.786654 -2.134542 -1.796971 -0.215131 2.435873 3.537472 -2.171342 1.106783 2.273417 3.493335 0.274743 1.189246 -2.767487 -1.075974 3.144139 -0.810029 1.994878 1.174120 1.018054 -0.189466 -3.589413 -3.408115 1.383877
631 5.9277108782 0.0000000000 4.0000000000 0.8116202334 42.0000000000 5.8548405055 0.9242779281 6.6118759578 0.1452798819 6.1340792530 0.1003615029 43.7169036807 -650.2360778170 24.1831646565 6.1944155304 -0.075558 1.329547 3.338999 -2.098320 0.457214 0.593978 -2.916260 4.766323 1.671909 -0.281606 1.586718 -0.435893 -1.292811 -2.789168 4.288312 2.275321 -1.715703 2.592358 0.522371 -3.408308 -2.883588 0.733982 3.919949 -0.037098 -0.331055 -2.085594 1.885480 -2.322911 0.797611 4.493710 -1.874904 -2.284407 -2.443079 2.656931 -2.749462 0.405071 0.680159 -3.682300 -0.843936 2.344961
763 5.1892890623 0.0000000000 4.0000000000 0.8937828420 50.0000000000 5.7967016185 0.9143848700 6.6219427713 0.1545737774 6.2563029648 0.1391721257 43.8501260668 -724.8148558006 25.4218615637 6.5027096770 0.172653 1.159502 2.506094 -1.703854 0.199386 0.005713 -2.237678 3.469398 0.446314 0.913000 1.508653 0.285463 0.825531 -2.812366 -0.368629 0.503014 -1.794208 4.486901 1.191823 -4.368798 -2.759363 2.477708 0.668298 -1.273277 0.147823 -2.212554 3.158540 -4.464199 1.751254 3.660502 -0.259610 -3.361356 0.779604 3.277723 -2.255774 -2.680431 2.890692 -4.275085 -0.391106 3.053623
1005 17.0510696005 0.0000000000 4.0000000000 0.9610232278 67.0000000000 5.6618227129 0.8916297114 5.7802929275 0.0038118992 5.2809806423 0.0162064480 33.4117863279 -735.3198547830 24.9633612586 6.3734324633 4.999003 4.701591 1.625338 -2.924729 -1.644147 0.903907 -4.781428 3.929886 2.595477 -1.267781 0.940112 0.909720 -0.952465 -3.806048 1.171359 2.179825 -2.771332 5.000000 1.608135 -3.586316 2.015293 0.876352 0.386356 -1.347347 -0.633906 -2.075726 3.250710 -3.553151 -2.482648 3.430285 1.402944 -1.194970 1.589365 4.159298 -4.193799 -0.593831 0.822927 -0.790454 1.510271 -0.246716
evaluations raw_y rep iid sigma t d_norm d_mean ps_norm ps_mean pc_norm pc_mean ps_squared loglikelihood mhl_norm mhl_mean x0 x1 x2 x3 x4 x5 x6 x7 x8 x9 x10 x11 x12 x13 x14 x15 x16 x17 x18 x19 x20 x21 x22 x23 x24 x25 x26 x27 x28 x29 x30 x31 x32 x33 x34 x35 x36 x37 x38 x39
1 16.0657387120 1.0000000000 4.0000000000 0.9610232278 67.0000000000 5.6618227129 0.8916297114 5.7802929275 0.0038118992 5.2809806423 0.0162064480 33.4117863279 -735.3198547830 24.9633612586 6.3734324633 3.248691 -1.223513 -1.056344 -2.145937 1.730815 -4.603077 3.489624 -1.522414 0.638078 -0.498741 2.924216 -4.120281 -0.644834 -0.768109 2.267539 -2.199783 -0.344856 -1.755717 0.084427 1.165630 -2.201238 2.289447 1.803181 1.004989 1.801712 -1.367456 -0.245780 -1.871539 -0.535776 1.060711 -1.383322 -0.793507 -1.374345 -1.690411 -1.342492 -0.025329 -2.234621 0.468831 3.319604 1.484088
2 14.0775428900 1.0000000000 4.0000000000 0.9610232278 67.0000000000 5.6618227129 0.8916297114 5.7802929275 0.0038118992 5.2809806423 0.0162064480 33.4117863279 -735.3198547830 24.9633612586 6.3734324633 -0.383671 -1.775258 -1.494317 3.384909 0.101616 -1.273991 0.381831 4.200510 0.240318 1.234406 0.600341 -0.704500 -2.285036 -0.698685 -0.417788 1.173246 1.677967 1.862204 0.571175 1.770282 -1.508796 2.505736 1.025860 -0.596186 0.977036 -0.151143 2.263259 3.039634 4.371151 -2.792993 -2.888228 -1.008932 0.320074 1.752338 0.631270 -4.044402 -0.612408 1.655949 0.460189 1.524022
3 12.2721260241 1.0000000000 4.0000000000 0.9610232278 67.0000000000 5.6618227129 0.8916297114 5.7802929275 0.0038118992 5.2809806423 0.0162064480 33.4117863279 -735.3198547830 24.9633612586 6.3734324633 -0.444656 -0.401516 0.373123 0.820103 0.396599 0.238017 -1.341325 0.755128 0.243643 2.258968 2.397836 0.370313 -0.750570 -1.277461 0.846989 0.154680 -0.687707 0.087194 -1.240002 1.396064 -0.894257 2.449015 0.806983 1.187157 -2.189824 0.338765 1.481113 -1.907401 -0.532437 0.065229 -2.746235 0.630319 1.692321 -1.719032 0.701092 -2.624567 -0.077391 -3.231545 2.242835 0.817801
5 8.4245335653 1.0000000000 4.0000000000 0.9610232278 67.0000000000 5.6618227129 0.8916297114 5.7802929275 0.0038118992 5.2809806423 0.0162064480 33.4117863279 -735.3198547830 24.9633612586 6.3734324633 -1.034189 -1.994054 0.497598 -0.593282 0.990423 -0.349406 1.972670 0.427068 4.381399 -3.792722 -1.293833 1.802974 5.000000 -0.497270 0.087338 -0.452628 2.662914 -0.574616 1.360140 -0.639603 -2.545118 0.627095 1.006370 2.586452 -0.220894 -1.234724 1.125522 0.481474 0.561330 -0.146225 2.320677 0.738985 3.809317 2.222113 1.318100 -3.254877 1.204639 0.840564 1.621903 2.088884
60 7.1176554009 1.0000000000 4.0000000000 1.7883527153 3.0000000000 6.2873544124 0.9940433696 5.2794191925 0.0991044358 4.6370960124 0.0922564167 27.8722670104 -1253.3922504074 26.7321325003 6.8462538823 -0.373702 -4.822756 -4.364456 0.921652 1.443907 3.753084 0.951940 0.768149 4.178481 0.458004 -1.961114 -4.652358 1.677385 3.929131 3.163330 3.117774 0.546025 -4.128963 -0.900372 -1.910589 -5.000000 -0.693533 -1.407672 1.073740 -1.130676 -1.204167 -1.158544 2.444442 -1.076783 0.283620 2.993194 0.317115 2.607957 -1.777767 -1.563849 -4.719920 -1.905610 2.639328 2.009180 2.733899
97 6.1233964529 1.0000000000 4.0000000000 1.7349928287 6.0000000000 6.2539858978 0.9886662381 5.4291329874 -0.0780830858 5.0161089759 -0.0569770976 29.4754849946 -1166.6601078951 24.2857646120 6.2009459118 3.408956 -1.504034 -1.592147 0.935776 0.225184 0.729199 1.409252 1.205784 2.833683 -0.927471 -4.572130 -5.000000 3.132924 3.024240 5.000000 2.198471 -0.313660 -3.510080 0.618347 0.585332 -4.957900 -3.126003 0.563058 -2.187669 1.204895 -0.479204 -1.168611 3.814799 -0.202760 -0.436647 0.026708 -3.366063 0.107165 1.421890 4.722458 -4.925724 -4.510451 4.516153 1.275124 1.972224
508 6.1224547676 1.0000000000 4.0000000000 0.9167581096 33.0000000000 5.9696977564 0.9427514146 4.7385717555 0.0434449379 4.5687217672 0.0367247631 22.4540622817 -786.0574225518 26.1241098127 6.6950670988 0.644898 -4.492300 -2.683628 3.563284 1.719505 -3.506435 -0.903426 -4.155077 2.371329 5.000000 -2.205723 0.295348 2.551349 0.143846 0.735834 1.147791 0.561159 1.061509 -1.681456 3.493713 -2.354374 -0.724740 2.073699 2.654352 1.941628 0.157587 -1.541761 2.211537 -3.117083 -0.206781 -4.231693 -2.251009 0.892349 -2.483057 -0.978587 2.332127 -0.185454 0.371320 -1.671247 1.318359
895 5.3948129038 1.0000000000 4.0000000000 0.8668597093 59.0000000000 5.7222596047 0.9019730035 6.9896892315 -0.2930292457 6.1802990319 -0.2571874708 48.8557555533 -642.8127670225 23.1805575838 5.8563777039 1.435894 -4.275075 -4.431661 1.162354 -3.954331 -2.841424 -4.027005 -3.461511 3.491205 3.825167 0.445203 2.336037 2.620546 -2.617386 -0.548777 0.306040 3.023059 -1.728041 -4.532264 -0.586923 -0.898293 -0.740981 3.797643 5.000000 2.428538 -1.454729 1.914403 -0.955905 -3.246572 -0.879747 -3.145525 -1.316951 -2.240537 -1.112230 -1.573227 2.218465 -3.395454 -1.041619 -1.139454 -0.866970
1005 11.1274983844 1.0000000000 4.0000000000 0.8934081879 67.0000000000 5.6514894494 0.8903361430 6.7427401285 -0.2507576695 6.2936112594 -0.2431125032 45.4645444409 -688.7171442463 24.9162795313 6.3585837807 1.081868 -2.886922 -3.248238 1.275059 -1.046499 -2.886089 -1.965828 -1.215003 2.052720 0.263760 0.652121 4.366158 2.282550 -2.723662 -1.675026 -1.602231 2.796700 -0.631219 -3.105343 -2.002090 -1.043821 -0.083594 1.826607 5.000000 1.351125 -1.707063 0.233424 -3.816745 -1.541564 -0.018200 -1.425158 -1.386414 -3.484084 -0.781907 -2.862707 -0.442458 -5.000000 -0.954262 -0.012390 -1.211963
evaluations raw_y rep iid sigma t d_norm d_mean ps_norm ps_mean pc_norm pc_mean ps_squared loglikelihood mhl_norm mhl_mean x0 x1 x2 x3 x4 x5 x6 x7 x8 x9 x10 x11 x12 x13 x14 x15 x16 x17 x18 x19 x20 x21 x22 x23 x24 x25 x26 x27 x28 x29 x30 x31 x32 x33 x34 x35 x36 x37 x38 x39
1 12.3723855109 2.0000000000 4.0000000000 0.8934081879 67.0000000000 5.6514894494 0.8903361430 6.7427401285 -0.2507576695 6.2936112594 -0.2431125032 45.4645444409 -688.7171442463 24.9162795313 6.3585837807 -0.833516 -0.112534 -4.272392 3.280542 -3.586871 -1.683495 1.005763 -2.490576 -2.115904 -1.818015 1.102908 4.584416 0.083079 -2.235851 1.078117 -1.192319 -0.038261 2.350002 -1.495742 0.018051 -1.756216 -0.312868 0.513141 -1.977558 -0.677644 -0.472368 -1.275310 -2.375225 -2.842434 -0.306990 -0.538114 4.462734 -4.869535 0.225453 0.740889 2.719268 1.003714 -1.688427 0.000020 1.084705
4 11.7267984456 2.0000000000 4.0000000000 0.8934081879 67.0000000000 5.6514894494 0.8903361430 6.7427401285 -0.2507576695 6.2936112594 -0.2431125032 45.4645444409 -688.7171442463 24.9162795313 6.3585837807 -2.042829 0.864791 -0.647160 0.847649 1.598360 2.525227 1.503930 -1.987522 2.218287 -3.529835 -0.228843 -0.996348 -2.121598 1.183333 -0.366513 2.039709 -2.964931 1.692624 0.995880 0.253008 -2.837621 -0.503548 -3.093349 -4.165304 5.000000 1.941723 3.585186 -0.858027 1.392396 1.394833 1.203032 0.007319 -0.456495 -4.139225 1.220288 0.846994 2.235773 -0.548484 3.483624 -0.895002
9 10.4097144882 2.0000000000 4.0000000000 0.8934081879 67.0000000000 5.6514894494 0.8903361430 6.7427401285 -0.2507576695 6.2936112594 -0.2431125032 45.4645444409 -688.7171442463 24.9162795313 6.3585837807 -0.743038 5.000000 0.219902 -3.827046 1.199641 1.098769 2.767562 0.296698 -1.307083 2.817668 1.424122 -3.601432 1.495198 -0.465794 2.221291 -0.746678 1.572292 0.388337 1.172408 -0.040775 -0.828817 0.134627 1.263598 0.835185 3.230353 0.851212 1.270728 4.204459 0.132253 1.071117 -1.206282 0.083915 3.283829 0.623395 2.902340 -2.129856 -2.801691 0.615051 -2.739277 5.000000
39 7.9023890393 2.0000000000 4.0000000000 1.8102003789 2.0000000000 6.3000434599 0.9960770167 4.0756373396 0.0143215230 3.5236760255 0.0145899808 16.6108197240 -1220.3360252075 25.1396992025 6.3997901461 0.993745 2.058680 -0.369062 -4.122307 3.650049 0.415207 2.506421 -1.023745 1.303987 -0.959465 1.532673 -0.966061 -0.519157 1.547392 -2.846909 2.497994 -2.556123 0.867483 0.861379 -2.495141 -1.493557 -0.974756 3.065309 -1.336982 0.749052 -0.331849 0.456066 2.509525 -1.994344 -0.396418 1.720531 0.669155 -1.653679 -0.030548 1.928308 -1.376110 1.339621 -4.130238 1.244423 0.579687
49 7.4289025935 2.0000000000 4.0000000000 1.7473473112 3.0000000000 6.2870559952 0.9939993299 4.3808301266 0.0198519622 3.8303919218 0.0198403503 19.1916725983 -1216.5253964719 25.9112202890 6.5912614647 1.689776 -3.086471 -2.810958 -2.713887 1.858816 -0.874413 3.538790 -0.475882 -0.336511 2.856436 1.326080 -0.815849 -1.382210 -1.515355 -5.000000 1.458794 -0.019716 2.392819 3.754988 -0.400677 -4.581814 0.768740 3.195933 0.647979 0.253881 0.041820 2.031913 -1.716922 -2.805245 0.642321 -0.438402 0.736905 -0.588556 -0.855075 0.364239 0.089232 -5.000000 -2.636748 -1.440241 0.599736
112 5.0930873153 2.0000000000 4.0000000000 1.6027261045 7.0000000000 6.2428751554 0.9868914039 5.6256214217 0.0767584161 5.0888587484 0.0743542352 31.6476163801 -1151.3818272070 25.6214203446 6.5378472482 -0.182956 2.171747 -0.760879 -1.337170 3.529606 0.994583 0.472866 0.949373 0.956690 -5.000000 5.000000 -0.643628 -0.385930 1.614960 -4.243330 3.686856 0.089313 5.000000 2.550209 0.098455 1.535708 -0.964843 3.576341 -1.841175 -0.230891 2.491184 4.738730 -0.421960 -2.284157 -0.958067 -3.047778 5.000000 -3.513394 -3.064745 1.542255 -3.757319 -2.484264 -0.374962 -0.415695 3.434718
1005 15.9292896325 2.0000000000 4.0000000000 0.6865311009 67.0000000000 5.6228372378 0.8864521477 6.1500497441 -0.2686388818 5.5214635453 -0.2604906745 37.8231118547 -535.4022358958 25.3292841052 6.4813065815 0.057077 -3.665897 5.000000 -4.155130 -0.905439 -0.448759 1.957625 2.657839 -1.659094 -3.922574 -2.179078 -5.000000 0.554986 -0.257855 -4.799293 -3.401006 -2.936439 -3.215000 1.892152 -0.506237 4.535323 -0.254869 -0.949429 -2.576221 -5.000000 2.389308 2.856643 2.745241 2.616001 2.437010 -0.599647 0.296589 -0.575019 -2.092196 -3.174159 -3.620921 -2.075505 -2.359333 4.486692 1.565430
evaluations raw_y rep iid sigma t d_norm d_mean ps_norm ps_mean pc_norm pc_mean ps_squared loglikelihood mhl_norm mhl_mean x0 x1 x2 x3 x4 x5 x6 x7 x8 x9 x10 x11 x12 x13 x14 x15 x16 x17 x18 x19 x20 x21 x22 x23 x24 x25 x26 x27 x28 x29 x30 x31 x32 x33 x34 x35 x36 x37 x38 x39
1 11.4045972326 3.0000000000 4.0000000000 0.6865311009 67.0000000000 5.6228372378 0.8864521477 6.1500497441 -0.2686388818 5.5214635453 -0.2604906745 37.8231118547 -535.4022358958 25.3292841052 6.4813065815 3.577257 0.873020 0.192995 -3.726985 -0.554776 -0.709518 -0.165483 -1.254001 -0.087636 -0.954436 -2.627730 1.769245 1.762636 3.419146 0.100067 -0.809355 -1.090720 -3.092955 1.964735 -2.202135 -2.370093 -0.411300 2.972297 0.473433 -2.047570 -1.425986 1.250490 -0.321027 -1.537673 -0.460061 1.490113 3.952222 -2.488247 -1.252834 -1.607532 -4.838166 -1.847584 -2.047752 2.247956 -0.263828
9 10.1717997726 3.0000000000 4.0000000000 0.6865311009 67.0000000000 5.6228372378 0.8864521477 6.1500497441 -0.2686388818 5.5214635453 -0.2604906745 37.8231118547 -535.4022358958 25.3292841052 6.4813065815 4.039301 0.652525 1.722715 1.838016 -2.648977 -4.563585 -0.659156 1.794299 0.182069 1.570864 1.873265 -2.984794 0.575367 3.932949 -1.141065 -4.058144 -0.463809 -0.929337 0.836762 -1.784813 0.181434 -4.434835 1.707927 3.173733 2.595755 -3.030431 0.638392 -5.000000 0.566372 -0.128720 -1.991588 0.687589 0.276029 1.879006 0.254617 0.470054 -3.890145 -2.319446 -0.951799 0.593689
20 7.9956115264 3.0000000000 4.0000000000 1.9162410869 1.0000000000 6.3128221269 0.9981134988 3.9797335544 -0.0831339492 3.3749641011 -0.0705007233 15.8382791644 -1332.0007436615 27.9242443242 7.1107580081 1.024876 0.877876 0.098668 0.643231 -1.265213 -1.736093 -0.091780 -1.162220 -0.754370 1.527842 -0.961883 0.556612 0.811147 4.033975 -1.360489 -2.798220 -0.022565 -0.604993 -1.235072 1.335100 1.701030 1.844408 0.551954 1.696391 2.360091 -5.000000 0.121733 -1.202148 1.243842 0.850262 -0.012800 1.580593 -2.241827 0.248462 0.488793 1.095520 -1.872776 1.775169 -0.965657 2.695290
27 7.6026015803 3.0000000000 4.0000000000 1.9162410869 1.0000000000 6.3128221269 0.9981134988 3.9797335544 -0.0831339492 3.3749641011 -0.0705007233 15.8382791644 -1332.0007436615 27.9242443242 7.1107580081 3.724516 -0.431110 2.771083 1.122395 -3.168004 -4.606323 0.905529 -1.440167 -5.000000 -0.768464 2.515032 1.812012 1.949483 -0.173966 -1.865349 2.085062 0.267164 -0.849992 -3.873940 -2.203319 0.300159 1.207160 -2.633837 1.963489 -1.357775 -4.025395 1.065764 -2.882100 1.155183 -3.104774 2.249590 0.327706 -4.061750 -3.008726 0.576977 0.789548 -2.272103 -1.086506 1.652587 -1.683173
28 7.2419046205 3.0000000000 4.0000000000 1.9162410869 1.0000000000 6.3128221269 0.9981134988 3.9797335544 -0.0831339492 3.3749641011 -0.0705007233 15.8382791644 -1332.0007436615 27.9242443242 7.1107580081 1.880937 2.305272 -0.347427 -1.492041 -4.149015 -3.025167 1.247867 -0.167420 -1.986198 -1.613727 0.308066 0.987004 0.376538 5.000000 -0.865076 -5.000000 0.318000 2.262288 0.760781 -1.666911 1.386106 0.279546 1.480322 1.578742 0.337333 1.328741 4.640582 -0.200528 -0.136661 0.023196 1.158412 -0.453393 -1.510106 -0.270423 0.534392 0.563535 1.323884 -1.839018 -2.325758 2.380492
74 7.0205621856 3.0000000000 4.0000000000 1.7475648570 4.0000000000 6.2770457411 0.9923798253 5.1318087509 0.0946661050 4.5592688738 0.0767284515 26.3354610557 -1184.0695245335 24.6865634786 6.3236476898 2.597868 2.062749 -1.569833 3.156125 0.776014 -1.845568 -1.383120 1.263753 -3.425839 -2.960217 -4.318986 0.448404 3.250456 2.455857 -2.410452 -1.183917 -0.527116 0.340576 1.841503 2.625844 0.148803 1.529650 -2.078458 0.770337 0.658958 -1.890930 2.909372 0.023142 1.423449 -0.761316 3.182328 -0.939517 -0.311006 1.325707 1.855706 1.837308 2.159867 -0.473686 -1.346491 2.528214
123 5.8883422737 3.0000000000 4.0000000000 1.6042379137 8.0000000000 6.2314359210 0.9850548315 5.7765837660 0.0462006295 5.2319163172 0.0416934131 33.3689200056 -1123.5981649295 24.6015969092 6.2900580988 0.784515 1.998549 -4.186214 -2.482898 -0.637143 -0.678072 -3.560025 -1.687365 -3.302584 -3.851648 -3.094767 2.818728 3.318001 0.938944 -4.774609 -3.513227 3.188682 2.118611 1.274370 -0.260859 -2.045251 1.397043 0.490328 0.892670 1.755595 -1.146785 0.174934 -0.260726 4.308746 0.505108 3.086521 -1.663268 -2.549129 -1.507186 1.722878 -0.787768 -1.278913 -1.433541 -2.228564 0.591019
238 5.6810535893 3.0000000000 4.0000000000 1.4038006325 15.0000000000 6.1520157144 0.9722162047 5.1102889012 -0.0553141335 4.8992870409 -0.0535495680 26.1150526536 -1017.3182065451 23.9900229463 6.1499639837 -0.313073 0.401477 0.074189 -2.633512 -0.568461 -1.800224 -3.507365 2.094670 -3.718071 -0.451843 -4.273268 4.273890 4.451419 4.088228 -2.770331 -1.481178 3.591873 0.134197 1.511707 -3.593228 -3.350516 1.932360 0.907475 4.030672 -1.889030 0.521988 -0.984479 -0.304537 3.292052 -4.744216 -2.054583 1.586062 -2.365564 -5.000000 2.533438 -1.934711 1.546791 -5.000000 -1.397791 0.864560
814 4.8770820440 3.0000000000 4.0000000000 0.6789489052 54.0000000000 5.7355829452 0.9051755070 5.3935470324 -0.2613398771 4.5547743053 -0.2265134987 29.0903495905 -589.7060568632 27.0480721185 6.8880493373 -4.238442 -1.367081 -3.117482 -0.795008 1.316042 2.943106 -1.941279 0.076119 -4.249421 -3.117281 -0.791028 2.201619 2.946092 0.628588 -1.822447 -3.614294 1.823025 0.411883 2.709862 -2.881931 0.004305 1.300861 2.917808 2.626946 -0.495783 1.403193 -1.100557 1.152061 2.693910 -3.579938 -1.741753 0.543286 0.785168 -0.696193 -0.421771 -4.835666 3.855555 -3.187707 0.423385 -0.736938
1005 16.9808790522 3.0000000000 4.0000000000 0.6934885584 67.0000000000 5.6246736116 0.8866927080 6.2262903951 0.0168561111 5.7162360101 -0.0115422463 38.7666920845 -561.5539481460 25.9352104180 6.6131705251 -2.401144 -1.267464 -4.289511 -2.146154 -0.705251 2.730179 -4.284883 -0.458900 -3.779838 -0.803103 -0.625153 2.437191 2.096856 1.106785 -0.439855 -1.471806 1.380292 1.924952 2.140657 -4.539947 0.135775 1.789876 4.708054 3.840639 0.699703 3.414816 0.646974 1.141408 2.456094 -3.623979 0.160185 -0.053534 1.974728 -2.426543 -0.931997 -4.169512 3.314627 -3.217399 0.222900 -0.014637
evaluations raw_y rep iid sigma t d_norm d_mean ps_norm ps_mean pc_norm pc_mean ps_squared loglikelihood mhl_norm mhl_mean x0 x1 x2 x3 x4 x5 x6 x7 x8 x9 x10 x11 x12 x13 x14 x15 x16 x17 x18 x19 x20 x21 x22 x23 x24 x25 x26 x27 x28 x29 x30 x31 x32 x33 x34 x35 x36 x37 x38 x39
1 17.9699810058 4.0000000000 4.0000000000 0.6934885584 67.0000000000 5.6246736116 0.8866927080 6.2262903951 0.0168561111 5.7162360101 -0.0115422463 38.7666920845 -561.5539481460 25.9352104180 6.6131705251 0.101123 0.999903 -1.991818 1.387197 -0.836603 -3.169154 -1.295414 1.197150 0.664500 -2.294953 1.237339 -0.175974 0.850145 0.664506 -2.313633 0.701994 -1.213775 3.093959 1.446683 0.092271 -1.965983 0.108865 0.319786 -2.417896 4.446720 0.788590 3.384715 -2.225624 3.271495 -2.721931 -1.302452 1.084903 0.096012 -4.716147 -2.211168 1.675673 4.175742 1.829682 -0.552407 1.593024
2 14.3880323939 4.0000000000 4.0000000000 0.6934885584 67.0000000000 5.6246736116 0.8866927080 6.2262903951 0.0168561111 5.7162360101 -0.0115422463 38.7666920845 -561.5539481460 25.9352104180 6.6131705251 -2.287597 1.019840 -2.694921 -0.018720 -0.261409 1.604173 -0.605928 2.404005 -0.393491 1.673057 1.573205 -3.681752 0.075095 0.071856 -1.557480 0.358821 -2.911069 1.112370 1.019558 0.600891 4.953168 0.704687 0.134942 -1.464529 0.594282 -1.923554 2.543637 -1.295289 0.316939 3.980166 2.328375 0.485320 2.759840 -0.109117 1.590468 0.038180 -1.810876 0.860543 1.869300 -0.692204
5 10.1681379986 4.0000000000 4.0000000000 0.6934885584 67.0000000000 5.6246736116 0.8866927080 6.2262903951 0.0168561111 5.7162360101 -0.0115422463 38.7666920845 -561.5539481460 25.9352104180 6.6131705251 -0.802354 1.790209 -2.991705 -1.390794 -0.238823 -2.089647 0.721276 -3.029809 0.110355 -2.880530 -0.290493 1.016147 4.407128 2.155269 3.234482 0.135944 4.231472 -0.482517 -0.504395 -2.564166 0.444503 2.107201 -1.267716 -0.741204 -0.927090 -0.662905 -1.180767 -2.700079 2.761936 -3.943506 -1.854164 0.687483 2.023123 -0.417202 -0.566493 0.098953 -0.522624 1.753485 -0.965757 -1.970837
6 9.9137517068 4.0000000000 4.0000000000 0.6934885584 67.0000000000 5.6246736116 0.8866927080 6.2262903951 0.0168561111 5.7162360101 -0.0115422463 38.7666920845 -561.5539481460 25.9352104180 6.6131705251 -0.945326 0.192536 2.458427 3.199755 -0.798829 -2.928367 -2.767733 4.250644 -0.805740 0.915812 3.834570 -1.360232 -0.389148 -1.161190 -2.191832 1.599511 2.131400 -3.747477 1.963421 -0.471934 0.367253 0.395738 -2.613077 -0.621742 -1.981826 3.830503 4.371696 0.168067 -2.357912 2.312112 -0.380004 3.490889 3.937439 3.345813 -0.790519 -1.996150 -1.326100 -0.192690 -1.847615 2.386737
18 9.2413286586 4.0000000000 4.0000000000 1.8775526072 1.0000000000 6.3111456377 0.9978530797 2.8805839479 0.0519772723 2.4428437938 0.0440786866 8.2977638810 -1289.3770793896 26.8786676673 6.8765030247 0.956737 1.280523 1.283191 2.258981 -0.803506 -1.719420 -5.000000 0.396183 -0.234903 0.393163 3.283270 1.440221 3.070545 -1.023313 1.945484 -2.356071 2.654318 -2.719140 1.311035 -4.347618 -5.000000 2.299340 1.962885 -3.008172 1.909807 0.946717 3.821160 -2.401524 -0.513982 0.916088 -1.348123 2.512306 2.862331 2.275791 3.123038 0.001509 -0.935313 3.856268 2.870840 2.354635
28 8.5147877690 4.0000000000 4.0000000000 1.8775526072 1.0000000000 6.3111456377 0.9978530797 2.8805839479 0.0519772723 2.4428437938 0.0440786866 8.2977638810 -1289.3770793896 26.8786676673 6.8765030247 -0.702686 0.797504 -1.541797 0.722497 -1.129362 0.141995 2.874846 0.585567 -3.011526 -4.191606 1.532413 -1.187477 1.079762 1.577946 0.356699 -2.836309 1.997737 0.779945 -1.716499 -1.314766 -0.110959 0.386410 -1.709781 0.868004 0.395196 2.682445 -0.068511 0.342499 -2.067157 1.753809 -0.163864 0.574260 2.602981 -1.758162 -0.338072 -2.025720 -2.569639 1.048858 -1.643416 0.054398
33 8.3083954618 4.0000000000 4.0000000000 1.7801788851 2.0000000000 6.3003450385 0.9961280260 3.4153176484 0.0606970555 2.9640725098 0.0528577978 11.6643946394 -1207.7267698113 25.0319264726 6.4149503215 -1.164024 0.352295 -0.287404 2.985440 0.078777 -3.204758 3.431046 -0.467626 -2.134461 -4.411954 -1.389780 2.473354 1.442255 0.353455 -1.380363 1.766562 2.669173 -1.863074 1.920542 -0.143257 -3.068717 3.971917 -0.396258 -3.559532 -0.942495 -1.722034 -0.948159 -1.706530 3.453865 -1.941935 -1.035383 0.466027 2.511027 0.485537 -2.536749 -2.727700 -0.132497 3.193959 1.572663 1.401378
83 7.5881344009 4.0000000000 4.0000000000 1.6273443953 5.0000000000 6.2681247194 0.9909683694 4.8902839826 0.0815029259 4.3908216977 0.0790543567 23.9148774301 -1167.2680174085 25.7332008696 6.6092655350 3.389730 -1.469072 -0.245031 2.680287 2.353774 -1.259831 -0.914476 -0.916093 -1.811618 -0.009359 3.549302 1.983108 0.025860 -1.134379 1.068472 0.512871 1.038796 -1.203830 4.252377 -0.104917 -3.771654 3.220765 1.806179 -3.029549 5.000000 -4.342892 0.982270 0.494590 2.694770 -2.941535 -1.331315 -0.877217 0.213368 -1.272166 -1.507615 1.890242 0.812053 4.738072 0.857550 2.468420
112 5.0919675792 4.0000000000 4.0000000000 1.5944936933 7.0000000000 6.2455087304 0.9873310722 5.8979240192 -0.0613794229 5.4064941500 -0.0378751635 34.7855077360 -1129.4554301426 24.9067107508 6.3047455626 -0.756301 -2.231164 3.427366 2.858319 -1.185721 -1.739797 0.390631 -1.601251 -2.047151 -3.303269 4.668964 0.115176 1.804453 0.823302 1.825531 0.335919 1.638342 -3.655472 3.352657 -0.068818 1.849998 0.510508 -0.148345 -2.360534 2.770517 -3.785229 0.413527 2.274329 -2.539091 -1.662433 -1.529283 -3.058671 0.654978 -1.910202 -5.000000 3.131372 -4.848463 4.557561 0.696967 2.290409
164 4.6413800891 4.0000000000 4.0000000000 1.5407452097 10.0000000000 6.2157246437 0.9825019660 5.7879497705 -0.0904152241 5.4621484767 -0.0723827427 33.5003625460 -1103.8850135261 24.8576789840 6.3732209637 -1.048113 -2.928374 2.134395 4.179836 -2.032849 -1.632606 -1.128192 -3.976934 -2.529518 -2.837250 5.000000 2.133595 3.712493 -0.180798 4.003506 -2.545451 1.214814 -1.785304 1.230036 -1.601637 3.065899 1.697490 -0.453952 -0.792367 0.124504 -1.029331 3.131763 1.129973 1.333818 -4.778140 -1.228549 -2.411613 -0.980999 -2.799547 -3.243974 -0.273689 -4.319040 5.000000 3.848323 1.878194
1005 11.7747616121 4.0000000000 4.0000000000 0.6379427082 67.0000000000 5.6314837715 0.8877703034 5.6302760292 0.1153552033 4.8634117240 0.0764781688 31.7000081646 -519.5087989767 26.4346456950 6.7659902898 3.346175 0.002760 2.903318 3.841045 -1.179293 -0.546992 -2.151542 -2.383786 -3.581489 -3.578494 0.926112 2.699635 -3.050631 0.824528 2.600695 -2.185150 1.638449 -0.442344 2.981152 -4.521547 0.156350 3.529922 1.733163 -4.028880 2.388513 1.585115 3.122018 -0.037241 1.013865 -3.178810 -4.585822 1.888800 3.413279 -1.891740 -3.816782 1.341726 2.176352 3.481412 0.122917 0.898373
evaluations raw_y rep iid sigma t d_norm d_mean ps_norm ps_mean pc_norm pc_mean ps_squared loglikelihood mhl_norm mhl_mean x0 x1 x2 x3 x4 x5 x6 x7 x8 x9 x10 x11 x12 x13 x14 x15 x16 x17 x18 x19 x20 x21 x22 x23 x24 x25 x26 x27 x28 x29 x30 x31 x32 x33 x34 x35 x36 x37 x38 x39
1 10.8550418886 5.0000000000 4.0000000000 0.6379427082 67.0000000000 5.6314837715 0.8877703034 5.6302760292 0.1153552033 4.8634117240 0.0764781688 31.7000081646 -519.5087989767 26.4346456950 6.7659902898 0.882455 -0.661740 4.861542 -0.504184 0.219220 3.164962 -1.818465 -1.183273 0.375206 -0.659740 -2.385529 -0.409753 -0.717658 1.206943 -3.329577 -1.400358 2.302782 3.714662 -3.022359 1.289695 -1.961216 -1.713706 -1.743758 -0.845016 1.992880 1.424843 0.118288 -0.726622 0.006578 -0.211861 1.586107 -1.263143 -0.012390 -0.202135 -0.104616 0.498435 0.395320 2.669697 -0.173751 3.123065
5 7.3825932816 5.0000000000 4.0000000000 0.6379427082 67.0000000000 5.6314837715 0.8877703034 5.6302760292 0.1153552033 4.8634117240 0.0764781688 31.7000081646 -519.5087989767 26.4346456950 6.7659902898 -1.292713 1.097136 0.421085 0.693004 -1.134102 0.827358 -1.020512 1.034519 -0.602010 -2.236813 0.997047 -1.412188 2.887762 0.885913 0.935410 0.202690 -0.118704 -4.773395 2.444341 -1.627824 1.912524 -1.277021 -0.286253 -0.448380 -2.076990 -0.343418 0.952692 -0.828357 -2.528167 -1.146431 0.499635 2.294404 1.671888 0.574807 -1.991193 1.813779 0.048421 -0.479963 1.820221 1.235690
149 6.0059635294 5.0000000000 4.0000000000 1.5324458319 9.0000000000 6.2163441230 0.9826175058 5.3485891483 -0.1644593264 4.7860999621 -0.1432623112 28.6074058777 -1104.8815808702 25.0370621390 6.3993738246 -3.861719 0.986714 0.914782 2.446895 -4.340277 -0.172086 -0.773522 2.112368 3.424323 0.233900 2.591110 2.027783 1.258549 1.709180 1.237475 -3.155244 -1.072109 -1.539143 -1.508979 -0.605419 0.266206 -2.937202 0.687555 1.535778 0.080204 0.611973 -0.007927 -1.141060 2.207367 -2.030304 -0.709904 -1.668342 -3.672476 0.746472 2.461560 0.736180 3.640880 -4.788326 -3.085433 -0.971868
281 5.5541681702 5.0000000000 4.0000000000 1.2893134806 18.0000000000 6.1173971790 0.9666739961 5.2419390935 -0.0167828422 4.6739027879 -0.0223563472 27.4779254596 -1010.1636779552 26.0131148565 6.6364853569 -5.000000 3.315828 1.324997 2.731385 -2.591607 -1.156516 -4.081937 3.958773 0.632392 -2.138841 1.734739 0.368938 1.988764 2.109512 -2.175114 -1.695706 0.402250 2.980228 -1.035025 -1.656096 -0.852500 -4.321049 -1.696615 2.603112 -0.802779 2.196068 -3.672477 -0.331676 1.207359 -1.566961 -0.357542 -1.649766 -2.772201 1.012896 -1.300678 -2.961263 2.275755 -1.359089 -0.329352 2.480419
291 5.5286635795 5.0000000000 4.0000000000 1.2637659160 19.0000000000 6.1069933985 0.9650099628 5.2066819712 -0.1143242350 4.6289908864 -0.1006960966 27.1095371490 -962.3648206006 24.5821277680 6.2572242990 -3.763680 0.336302 1.526674 2.588677 -2.952499 -3.898562 -2.884336 3.144058 1.106736 -2.935120 2.510210 -0.327579 3.073710 1.707734 -1.587154 -1.325473 -1.557633 2.300883 0.263766 -5.000000 0.020138 -4.274580 -0.561782 2.210754 -0.778751 1.235803 -2.240010 0.427928 0.130536 0.496392 -1.613023 -1.141812 -2.952918 0.143971 -1.646163 -2.189537 4.232480 0.709073 -0.960898 0.128209
1005 12.1389322740 5.0000000000 4.0000000000 0.8799963545 67.0000000000 5.6381368550 0.8884184080 5.2518897395 0.1637864954 4.6377892516 0.1445412661 27.5823458356 -680.9423933118 25.1040865990 6.4244178346 -0.538252 5.000000 1.821296 1.946832 -4.725763 0.579865 -2.244345 2.894529 0.669040 -2.799334 1.652215 -1.886490 -1.904953 -0.615978 0.367939 3.586050 -5.000000 -1.712218 2.409062 -3.359161 -2.353262 -1.121550 -1.980894 4.629531 4.055062 -2.433790 -0.913832 -2.851006 2.179185 2.710551 -1.280243 0.896031 -0.622629 4.808318 3.034037 -1.356036 1.703169 2.246826 -0.872180 2.462657
evaluations raw_y rep iid sigma t d_norm d_mean ps_norm ps_mean pc_norm pc_mean ps_squared loglikelihood mhl_norm mhl_mean x0 x1 x2 x3 x4 x5 x6 x7 x8 x9 x10 x11 x12 x13 x14 x15 x16 x17 x18 x19 x20 x21 x22 x23 x24 x25 x26 x27 x28 x29 x30 x31 x32 x33 x34 x35 x36 x37 x38 x39
1 16.0618804227 6.0000000000 4.0000000000 0.8799963545 67.0000000000 5.6381368550 0.8884184080 5.2518897395 0.1637864954 4.6377892516 0.1445412661 27.5823458356 -680.9423933118 25.1040865990 6.4244178346 -0.623567 1.458008 0.435642 -1.798184 -4.973561 1.826503 2.254127 -3.028186 3.278582 -0.859787 5.000000 1.203644 -0.671763 2.475476 0.222256 0.258302 0.152255 -0.310256 1.268451 1.621310 0.709617 3.625181 -2.712952 -0.927264 1.649308 -2.352863 3.128979 1.425410 -0.362013 1.068399 -1.173226 -2.963707 1.714495 1.886198 0.228883 -0.043913 -4.254289 -1.668815 -0.931017 0.467421
2 12.8716175832 6.0000000000 4.0000000000 0.8799963545 67.0000000000 5.6381368550 0.8884184080 5.2518897395 0.1637864954 4.6377892516 0.1445412661 27.5823458356 -680.9423933118 25.1040865990 6.4244178346 2.770070 -1.039254 -1.560304 1.911219 -0.253473 -2.737226 2.436961 -1.715003 -1.122942 -2.067040 0.717542 2.147363 -0.751009 0.792735 -0.942893 4.673216 3.005571 -1.190919 1.056682 1.879650 0.852571 -1.516314 -0.324734 1.453620 0.888166 -1.713645 0.893857 -2.029296 -4.264647 0.347726 1.902403 0.883795 2.938035 3.499033 0.707061 -1.286675 -0.094474 -2.898080 -0.072380 -0.181694
3 12.0853544786 6.0000000000 4.0000000000 0.8799963545 67.0000000000 5.6381368550 0.8884184080 5.2518897395 0.1637864954 4.6377892516 0.1445412661 27.5823458356 -680.9423933118 25.1040865990 6.4244178346 0.352581 2.189241 -4.252949 1.502898 -1.081214 1.586445 0.347307 -2.070869 1.748537 -1.479144 1.045891 -1.183753 -0.954974 0.225059 3.809485 1.388306 -0.039163 3.325686 0.061217 -0.594998 -1.936275 0.334133 0.233204 -1.364515 -3.828042 -0.279805 0.229849 -0.790009 -1.906633 -2.145655 -0.968891 2.725876 0.305376 -3.265241 1.286603 -0.895790 4.678068 -0.626646 -0.119235 0.388337
7 9.2318697715 6.0000000000 4.0000000000 0.8799963545 67.0000000000 5.6381368550 0.8884184080 5.2518897395 0.1637864954 4.6377892516 0.1445412661 27.5823458356 -680.9423933118 25.1040865990 6.4244178346 -0.193158 -1.640029 -0.071153 0.112701 0.523976 0.631144 -1.065581 -1.850605 2.187840 -0.436033 2.195475 0.906839 5.000000 -0.191816 -3.308350 -0.630768 2.423292 3.802355 3.501616 1.337847 3.207448 -1.959714 -1.102449 -1.822040 1.242795 2.665061 0.140719 0.903644 -0.843604 -0.660024 0.328181 3.168606 1.034573 1.117463 2.237257 1.375677 -1.351425 3.569351 -0.182632 0.122346
23 8.0520694309 6.0000000000 4.0000000000 1.8804881995 1.0000000000 6.3118152237 0.9979654718 2.9647754257 0.1013919538 2.5142413412 0.0859841996 8.7898933248 -1250.7451753942 25.3802423256 6.5088496419 3.211586 -1.887911 -1.640203 0.958652 -0.748331 1.441417 0.237161 -0.691567 -1.638012 3.154428 -0.045270 1.216420 5.000000 1.573719 -0.233658 -0.818633 -1.501141 -1.642531 0.535926 0.819897 0.441984 -0.930481 1.693621 -3.457330 -0.733784 2.977294 1.057543 -2.792683 1.000256 -1.346572 -2.351893 -0.208069 -0.731500 0.125575 2.739109 -2.225339 3.053964 -0.209434 -1.117957 -2.718971
25 7.0784291433 6.0000000000 4.0000000000 1.8804881995 1.0000000000 6.3118152237 0.9979654718 2.9647754257 0.1013919538 2.5142413412 0.0859841996 8.7898933248 -1250.7451753942 25.3802423256 6.5088496419 1.621167 0.210001 2.962513 1.514969 -0.290243 3.520646 3.001052 -0.133537 3.439970 2.436369 1.430205 0.296388 1.952324 4.510034 0.644271 0.556964 4.064635 0.433786 1.701721 -1.338109 0.268241 -0.328434 -2.169248 -0.984391 -4.881920 -1.131329 1.556212 2.169443 -2.051729 -0.540448 1.454424 2.375743 2.493622 1.944909 1.637117 -1.358713 1.001165 -3.776489 -1.221186 1.782155
132 6.3612099998 6.0000000000 4.0000000000 1.5371436468 8.0000000000 6.2274304482 0.9844495735 5.3832765118 0.0073226735 5.0174884083 0.0068441054 28.9796660023 -1108.9037613993 25.0527803950 6.3947816095 -0.766189 -1.965508 0.994844 -0.001062 -0.106652 -3.429235 4.020875 -4.646756 3.069217 4.466069 1.668673 0.035751 3.305236 1.685205 -1.626312 5.000000 0.590251 2.363533 2.134759 5.000000 -0.351702 -5.000000 -2.194777 -1.771510 0.241598 2.535977 2.221211 -4.317388 -4.945274 -0.888246 0.096197 -0.994711 2.089389 3.069520 2.494307 1.820075 1.553344 -1.233214 -2.057597 -4.806492
793 6.1580441243 6.0000000000 4.0000000000 0.7822750595 52.0000000000 5.7759135760 0.9114264437 5.7085247025 -0.0814311044 5.0989101047 -0.0865063332 32.5872542790 -620.8028817471 24.4728549319 6.2313104927 0.031062 -3.337155 3.980208 -3.964368 -5.000000 -5.000000 2.221854 -2.528892 -0.452015 1.125254 3.605682 1.549287 2.732763 4.008966 -0.349481 -0.960510 0.725037 3.427507 -4.835948 2.316769 -0.718407 0.172336 -2.537992 -1.939679 -2.931549 0.768785 4.719397 -0.222669 -2.365949 2.758767 2.609352 -0.896566 -1.569749 0.092140 1.456417 1.360051 0.064229 -2.472031 0.752170 -1.232576
846 5.6867550434 6.0000000000 4.0000000000 0.7376106394 56.0000000000 5.7371480187 0.9051158216 5.4338669762 -0.1396931778 4.6744161495 -0.1203040551 29.5269103145 -610.5559540271 25.7852441369 6.5851791742 1.092305 -4.022210 4.439466 -3.928233 -5.000000 -4.898618 1.530284 -1.498369 -0.998650 2.304785 3.182943 1.455001 3.201493 3.286437 0.404215 -1.349701 2.342529 2.570707 -3.251370 2.991811 0.181314 -0.908019 -3.344508 -2.666140 -3.194046 1.040112 2.721789 -1.415369 -2.436316 1.882403 1.625544 -2.553055 -1.355465 0.922125 2.697039 1.826012 0.300525 -1.877570 0.433173 -0.647272
1005 11.5510610826 6.0000000000 4.0000000000 0.6079167062 67.0000000000 5.6258667766 0.8870992135 5.7898763309 -0.1617550903 4.8025503069 -0.1413839678 33.5226679269 -499.5497557428 26.7809769821 6.8247959256 0.837569 -2.907537 3.709534 -3.545240 -3.410052 -4.861020 1.587288 -3.011394 -0.820012 1.845364 4.003732 2.298812 3.216324 2.952945 -0.283783 -1.662525 2.281234 3.190319 -3.278643 3.837516 -0.691768 -1.013822 -3.195428 -2.772304 -3.526287 -0.209649 2.868975 -2.005836 -2.914713 2.352334 2.549246 -3.195646 -2.692127 -0.737279 1.642459 -0.359497 -1.278457 -2.553007 2.787724 -2.749853
evaluations raw_y rep iid sigma t d_norm d_mean ps_norm ps_mean pc_norm pc_mean ps_squared loglikelihood mhl_norm mhl_mean x0 x1 x2 x3 x4 x5 x6 x7 x8 x9 x10 x11 x12 x13 x14 x15 x16 x17 x18 x19 x20 x21 x22 x23 x24 x25 x26 x27 x28 x29 x30 x31 x32 x33 x34 x35 x36 x37 x38 x39
1 7.7818820254 7.0000000000 4.0000000000 0.6079167062 67.0000000000 5.6258667766 0.8870992135 5.7898763309 -0.1617550903 4.8025503069 -0.1413839678 33.5226679269 -499.5497557428 26.7809769821 6.8247959256 3.381051 -0.931875 0.065640 0.815033 -1.577846 0.004131 -0.001781 -3.509449 2.035316 1.200997 -1.250858 -0.343097 1.010599 -0.522713 -0.485498 -2.906483 1.109161 0.247762 0.548920 -3.053049 3.301399 0.308671 -0.774280 4.058144 -0.090772 -2.901357 -0.810456 -4.576630 2.098793 -0.832949 -1.485107 2.144940 -3.302151 1.070859 -4.128830 -1.324319 -2.408440 2.923951 3.532322 -0.658828
73 6.8552195735 7.0000000000 4.0000000000 1.7187243355 4.0000000000 6.2759991189 0.9922040543 4.9943915640 0.1044098507 4.4120037829 0.0793333568 24.9439470950 -1234.8263499714 27.0039397184 6.8920110165 1.219007 1.034876 2.448975 2.123726 3.994264 -0.360794 2.464054 1.821071 -0.141084 -2.862507 0.621669 -0.050957 1.137782 -4.611217 1.993795 -1.196845 1.744341 -3.524747 2.255089 2.340310 3.463738 -4.140858 -1.129571 -1.596332 -3.015202 1.461544 -0.934573 -3.302000 3.793891 1.604781 1.795712 -3.478352 -2.857852 -0.479221 -0.534718 2.377572 -1.076505 3.698519 1.474637 2.628491
79 6.4706156442 7.0000000000 4.0000000000 1.6761831550 5.0000000000 6.2656839145 0.9905481893 4.9345796899 0.0443518711 4.4346120083 0.0334128456 24.3500767163 -1148.4876837458 24.3037788910 6.2461676354 -0.538000 1.638370 1.954412 -0.678954 1.176241 -1.570524 3.209350 0.033825 -1.828457 1.691596 2.557007 -0.142939 1.989240 -4.953763 -0.212316 -0.031589 1.217574 -2.268811 -0.362001 1.603764 1.642077 -3.745768 -1.930808 2.419239 -0.017383 1.107251 -1.311309 -5.000000 2.679367 3.158541 -4.296481 -3.212669 -5.000000 2.732637 0.192049 0.312221 0.750777 4.660067 -3.639533 -2.732871
146 6.2784392356 7.0000000000 4.0000000000 1.4970699679 9.0000000000 6.2196986859 0.9831655127 4.5870555088 0.0237541221 4.1439395974 0.0247568278 21.0410782406 -1090.0591337959 24.9813201666 6.3793986809 1.445488 0.105495 -1.724153 -1.903454 -1.309178 1.178754 3.521653 0.309915 -4.448358 -1.097447 2.347163 2.693032 3.786635 -3.347320 0.175502 -2.599260 3.833056 -3.468712 3.727467 -2.033640 3.745256 -0.971104 -2.182927 -0.036826 -1.076664 -2.282771 0.544251 -3.742272 0.049028 5.000000 0.373706 -2.762222 -2.887326 -1.868498 -1.902995 0.284998 -1.055445 1.710611 -1.360973 2.254331
224 6.1963252849 7.0000000000 4.0000000000 1.3455302944 14.0000000000 6.1612033850 0.9737911078 4.8578844193 -0.0483276078 4.5100373746 -0.0414281208 23.5990410317 -1001.6361872954 24.3116775161 6.1525898164 1.034313 0.416284 1.083128 -0.950949 -2.178739 1.590630 1.650343 1.359188 -1.497138 -0.276769 3.602186 1.564196 2.659510 -0.770124 -3.927174 -1.350871 2.284040 -3.097206 4.143549 -0.635130 2.636579 -2.846431 -1.998646 -0.772752 -1.810271 -4.327488 -1.720568 -3.055868 0.911808 2.578696 0.669404 -1.899525 -4.490723 -2.379241 -1.023561 1.892069 -1.735137 0.652649 1.690671 2.610371
332 5.9220550135 7.0000000000 4.0000000000 1.0585136379 22.0000000000 6.0681189393 0.9588414064 5.6638522103 -0.0941886183 5.2529320386 -0.0743636456 32.0792218598 -866.0820466749 25.2732052697 6.4599165389 1.899972 -0.269454 -1.466988 0.595218 0.205407 2.068845 2.454322 0.715367 -3.868549 3.531394 2.863260 -1.696672 2.198942 -1.122712 -5.000000 -4.394115 0.441780 -3.869243 2.871929 -0.420560 5.000000 -2.557208 -3.430795 -3.771911 -1.877197 -0.463493 -1.892978 -2.882799 2.331923 1.260486 2.602130 -0.366612 -5.000000 2.363737 0.550862 2.309812 -3.536224 4.180308 2.019474 3.430493
1005 14.8246950316 7.0000000000 4.0000000000 0.5390168776 67.0000000000 5.6178141325 0.8858897182 6.2630899819 -0.0219602991 5.2742554657 -0.0310561148 39.2262961214 -358.5584415139 23.8190404165 6.0876809821 -0.020710 3.135097 1.399887 -0.296754 -1.005259 1.314668 2.737153 1.817714 -4.569176 4.261600 -0.414905 -4.319709 2.088240 1.686216 -3.645576 -3.476960 0.664058 -3.221081 3.872407 0.926753 1.144186 -4.010670 -3.160446 0.171539 -0.787988 0.477137 -1.471816 -1.244059 1.718844 1.132626 3.296387 -3.859138 -1.300275 -0.562946 0.490509 2.974687 -4.352782 3.094876 0.318001 3.771140
evaluations raw_y rep iid sigma t d_norm d_mean ps_norm ps_mean pc_norm pc_mean ps_squared loglikelihood mhl_norm mhl_mean x0 x1 x2 x3 x4 x5 x6 x7 x8 x9 x10 x11 x12 x13 x14 x15 x16 x17 x18 x19 x20 x21 x22 x23 x24 x25 x26 x27 x28 x29 x30 x31 x32 x33 x34 x35 x36 x37 x38 x39
1 13.8548138246 8.0000000000 4.0000000000 0.5390168776 67.0000000000 5.6178141325 0.8858897182 6.2630899819 -0.0219602991 5.2742554657 -0.0310561148 39.2262961214 -358.5584415139 23.8190404165 6.0876809821 0.182409 2.182565 -3.893941 -2.772699 -4.592983 4.819669 3.455672 4.409113 1.589655 1.952842 -2.366854 3.832727 -2.246654 -1.328071 -0.756717 -1.583231 1.719096 -0.461578 -0.131322 -0.417272 2.693737 -1.213906 -0.348496 0.848103 -3.291980 -0.967082 1.070937 2.332281 0.323366 -1.345668 2.885048 -0.442961 0.062529 0.363859 -0.125857 -1.083137 0.949037 -2.329182 -1.001819 -0.817122
2 10.1330752517 8.0000000000 4.0000000000 0.5390168776 67.0000000000 5.6178141325 0.8858897182 6.2630899819 -0.0219602991 5.2742554657 -0.0310561148 39.2262961214 -358.5584415139 23.8190404165 6.0876809821 -1.868697 0.169020 0.287382 0.151099 -0.311290 1.101700 3.404060 2.012187 -5.000000 2.279067 -3.739599 -3.558226 0.255526 -2.702036 3.107934 1.393932 -1.622922 -3.286502 0.661318 2.449913 0.192343 3.753631 1.067561 1.596720 -0.612149 0.755948 -0.452956 -3.771489 4.945022 -0.293713 0.231298 2.660861 0.219189 0.430958 0.858140 -2.302531 3.049507 0.721072 -1.221786 1.860492
10 6.6893142075 8.0000000000 4.0000000000 0.5390168776 67.0000000000 5.6178141325 0.8858897182 6.2630899819 -0.0219602991 5.2742554657 -0.0310561148 39.2262961214 -358.5584415139 23.8190404165 6.0876809821 1.131634 -1.981041 0.144970 -0.745415 0.205526 -0.807319 -1.555679 5.000000 -0.732836 -3.674564 -0.896966 2.251139 0.926722 -1.750397 2.028221 4.445203 -2.880650 -0.015734 1.440918 2.438958 0.599696 1.892311 -2.228238 2.986440 -1.730244 -3.971862 0.234744 0.016112 -1.967862 -1.082628 0.721987 -0.946044 -1.340006 1.540610 1.125374 -1.986676 -0.089528 -1.384906 0.422768 1.420563
32 6.6660333012 8.0000000000 4.0000000000 1.8074263396 2.0000000000 6.2996621952 0.9960271562 3.8207057058 -0.0260270482 3.2963024035 -0.0194969878 14.5977920901 -1227.4437834713 25.4700959093 6.5076366493 -0.789578 -2.128882 0.605197 -1.872442 -0.138551 1.502453 -0.917441 -0.552241 -3.427299 -3.057134 -1.235956 0.426360 -5.000000 4.092334 1.331458 2.367076 -2.342390 -1.185544 -0.071277 2.850815 1.319466 0.305671 2.222383 3.647966 2.309337 2.150880 1.927872 0.488439 4.532833 3.032090 0.274501 -2.778525 -4.036129 -3.812789 -1.330409 -1.452918 0.409605 -1.509840 3.744634 -2.066192
121 5.4334981270 8.0000000000 4.0000000000 1.5938983551 8.0000000000 6.2293534514 0.9847300838 4.9665785936 -0.0032611750 4.5268368451 0.0068030924 24.6669029261 -1152.1486102575 25.8926485139 6.5867545597 -0.481478 2.503632 -0.458295 -1.233688 3.202550 3.491351 -2.210634 1.979334 -3.260641 -3.032919 -3.055365 0.756509 3.629961 -3.080046 3.578411 -2.758147 3.734727 0.945006 0.788943 1.829620 -0.450342 -3.268768 0.813818 0.892602 1.071179 -0.752973 2.304765 -1.831512 0.255027 3.915273 3.885906 -1.499722 -0.534981 -0.869500 0.727332 -1.048344 1.620138 -4.285964 4.785515 -3.062852
1005 17.8781096171 8.0000000000 4.0000000000 0.8229419680 67.0000000000 5.6549430193 0.8909927574 5.9516155830 -0.0096462826 5.6466207591 0.0399524306 35.4217280476 -645.5801195796 25.1161698329 6.4409254859 1.679575 3.860673 -2.720028 4.133340 -3.048720 -2.845928 4.321727 3.107326 -2.912469 -2.477582 2.196180 1.079369 1.188045 -3.818142 -1.001720 4.596721 -2.115007 0.326093 -0.776390 0.861035 4.200244 -3.803853 3.701511 4.334775 2.915127 -2.590860 5.000000 3.567842 2.379651 3.514614 1.824834 -0.907103 -3.902080 -0.282372 4.292292 1.496719 -3.138087 -3.920373 -0.816283 0.312793
evaluations raw_y rep iid sigma t d_norm d_mean ps_norm ps_mean pc_norm pc_mean ps_squared loglikelihood mhl_norm mhl_mean x0 x1 x2 x3 x4 x5 x6 x7 x8 x9 x10 x11 x12 x13 x14 x15 x16 x17 x18 x19 x20 x21 x22 x23 x24 x25 x26 x27 x28 x29 x30 x31 x32 x33 x34 x35 x36 x37 x38 x39
1 13.0662871195 9.0000000000 4.0000000000 0.8229419680 67.0000000000 5.6549430193 0.8909927574 5.9516155830 -0.0096462826 5.6466207591 0.0399524306 35.4217280476 -645.5801195796 25.1161698329 6.4409254859 0.002217 -0.579088 -2.232133 -0.025766 -0.756723 -0.962271 -3.034662 -0.981744 -0.481361 -1.295895 1.271782 3.480235 0.593364 1.415007 3.645632 0.861538 3.085459 -1.801442 -0.274250 2.595158 1.350542 0.063916 1.836292 0.761019 1.032735 -0.710479 0.417554 0.656822 -0.996450 -4.183554 -0.165175 4.910365 -5.000000 -1.826559 -0.454629 0.538631 2.260923 2.084795 2.607621 2.778801
4 12.8669663017 9.0000000000 4.0000000000 0.8229419680 67.0000000000 5.6549430193 0.8909927574 5.9516155830 -0.0096462826 5.6466207591 0.0399524306 35.4217280476 -645.5801195796 25.1161698329 6.4409254859 -0.803530 3.880641 -2.488809 1.878620 -0.481616 0.541614 -2.191079 4.802686 -0.559819 4.061602 -0.163879 -2.437253 -1.613741 2.636084 -1.157277 0.164105 2.791821 2.163759 -2.033122 -0.583997 3.118716 -1.092600 1.921181 0.422421 -2.490743 0.609090 -1.196761 0.246132 -1.581674 1.287788 -0.119301 1.826493 -2.181155 -0.349701 2.130558 2.474460 2.039592 1.721375 -1.464868 0.880450
7 12.7789802455 9.0000000000 4.0000000000 0.8229419680 67.0000000000 5.6549430193 0.8909927574 5.9516155830 -0.0096462826 5.6466207591 0.0399524306 35.4217280476 -645.5801195796 25.1161698329 6.4409254859 0.358509 -0.074016 1.685320 -1.626551 -3.345876 -1.701104 -0.563431 3.039863 -1.918388 1.450781 1.110857 1.659500 2.937716 -0.007645 2.114974 -1.967330 2.170721 0.731730 -2.185975 -4.472943 -0.246978 -0.356598 4.432841 4.505963 -2.012749 2.007745 -0.248402 -0.304936 -2.602219 -0.548492 0.742421 -1.242290 1.337779 0.243109 3.509028 1.592565 0.941816 0.317062 -0.750428 1.925895
10 10.8528262589 9.0000000000 4.0000000000 0.8229419680 67.0000000000 5.6549430193 0.8909927574 5.9516155830 -0.0096462826 5.6466207591 0.0399524306 35.4217280476 -645.5801195796 25.1161698329 6.4409254859 0.735906 -1.088674 -3.000663 2.551682 -2.134092 0.305426 -2.085416 0.535965 2.365272 0.638741 -1.244594 -0.257775 0.714955 -2.920469 1.079275 0.275722 -0.609113 1.160077 1.059732 0.053922 -0.399619 -1.162289 0.829780 3.214522 1.155340 1.486001 -2.532479 -3.070440 1.323505 -1.169709 2.323599 -0.435081 -0.299935 0.849091 -0.746720 -4.525641 2.685713 -0.627151 0.875967 -1.202106
13 9.5569671785 9.0000000000 4.0000000000 0.8229419680 67.0000000000 5.6549430193 0.8909927574 5.9516155830 -0.0096462826 5.6466207591 0.0399524306 35.4217280476 -645.5801195796 25.1161698329 6.4409254859 0.847714 4.230242 2.851352 2.011619 -0.043939 0.603648 -1.534746 3.516492 -0.901855 -0.724849 -0.236863 -0.350168 -1.230450 -0.233695 -0.658753 1.258843 1.421958 -0.333778 -0.479013 -5.000000 0.024743 -1.521762 -2.021217 1.950380 -1.412623 -0.124635 3.142806 1.587902 -0.040453 -0.866749 -0.087397 -5.000000 1.521246 -0.032808 2.687790 1.655531 1.182403 5.000000 0.805927 0.770246
22 5.9325097759 9.0000000000 4.0000000000 1.9029799980 1.0000000000 6.3121262715 0.9980060010 3.6055024080 0.0522343997 3.0576019794 0.0442967404 12.9996476138 -1327.2392450708 27.9522240661 7.1371826207 0.984749 1.907942 -0.406266 0.163652 -3.468944 -1.030504 -1.140595 1.608408 2.268385 1.890795 -0.692939 0.843417 3.234527 1.486319 -1.025274 2.341487 -0.461552 0.478293 -1.168958 -0.935218 0.153813 -3.971158 -2.727170 2.239859 -3.479663 -0.393047 1.909750 -0.497937 0.718989 -2.301615 -0.165880 1.258374 2.637206 1.635267 2.274227 0.456409 0.878759 2.286190 0.805735 0.253069
24 5.3917636068 9.0000000000 4.0000000000 1.9029799980 1.0000000000 6.3121262715 0.9980060010 3.6055024080 0.0522343997 3.0576019794 0.0442967404 12.9996476138 -1327.2392450708 27.9522240661 7.1371826207 1.025647 1.663152 -0.694003 0.603519 -3.769256 0.238673 -1.579890 2.185546 1.205649 0.880708 1.492463 0.463531 -3.249094 0.735562 0.128248 -0.210684 -2.999483 0.168003 1.645329 -2.459687 -0.486472 -2.998264 3.065280 -0.288450 -1.290955 -1.068563 5.000000 -2.529483 2.860644 0.618661 1.876774 3.010456 1.992717 -3.842404 0.035762 2.590182 1.188624 0.139364 -0.426057 -2.151905
884 5.0157958803 9.0000000000 4.0000000000 1.0884430005 58.0000000000 5.7414852160 0.9049632252 7.1510079417 0.1707254101 6.5249903147 0.1405909816 51.1369145816 -799.0034768236 23.9146733517 6.1087166769 0.450672 1.878478 1.692998 -2.461457 -3.866689 -0.075832 -4.509382 3.316129 5.000000 -0.617201 -2.497003 0.162221 1.247748 1.670400 5.000000 -0.152329 -1.009426 4.720277 1.298007 2.373272 1.050766 -3.479042 2.095490 1.505603 -2.878405 1.397590 -4.286916 -1.636902 3.270285 -1.372773 0.215367 1.733363 3.940740 3.065251 -1.630396 -3.780780 2.904630 1.555502 1.690563 4.099487
1005 16.4951344449 9.0000000000 4.0000000000 0.9054061797 67.0000000000 5.6508155993 0.8902163716 4.6610462919 0.1973022821 4.3763191378 0.1662531021 21.7253525353 -714.5760474614 25.8257682665 6.5831635890 -2.837180 2.112958 3.647251 -2.674246 -5.000000 -0.061444 -1.960293 2.261624 5.000000 3.092306 -1.880846 -0.171269 1.606809 3.249978 4.415321 -1.098443 -0.150695 4.587708 0.426984 1.465517 1.317745 -2.757673 3.792861 -2.552091 -4.737186 2.533773 -3.876779 -0.656404 2.319330 -1.346184 -1.344450 3.626727 0.555505 1.270838 -0.348110 -5.000000 2.719159 3.211048 0.701194 4.976138
evaluations raw_y rep iid sigma t d_norm d_mean ps_norm ps_mean pc_norm pc_mean ps_squared loglikelihood mhl_norm mhl_mean x0 x1 x2 x3 x4 x5 x6 x7 x8 x9 x10 x11 x12 x13 x14 x15 x16 x17 x18 x19 x20 x21 x22 x23 x24 x25 x26 x27 x28 x29 x30 x31 x32 x33 x34 x35 x36 x37 x38 x39
1 15.3099588693 10.0000000000 4.0000000000 0.9054061797 67.0000000000 5.6508155993 0.8902163716 4.6610462919 0.1973022821 4.3763191378 0.1662531021 21.7253525353 -714.5760474614 25.8257682665 6.5831635890 2.663173 1.430558 -3.090801 -0.016768 1.242672 -1.440171 0.531023 0.217097 0.008583 -0.349200 0.866052 2.406075 -1.930131 2.056548 0.457260 0.890275 -2.273204 0.270274 2.969074 -2.159610 -3.955457 -3.486745 0.532140 4.769935 2.247383 3.345244 0.198298 2.795993 -0.542496 1.226408 -0.534634 -1.098618 0.265417 -0.952284 2.616946 0.390027 0.800420 -0.675265 2.512945 -1.463939
2 14.0816324792 10.0000000000 4.0000000000 0.9054061797 67.0000000000 5.6508155993 0.8902163716 4.6610462919 0.1973022821 4.3763191378 0.1662531021 21.7253525353 -714.5760474614 25.8257682665 6.5831635890 1.320463 -0.701744 -1.878867 -0.978674 -1.609182 -0.425395 -0.678280 0.624340 1.130305 -0.294841 -0.051811 0.578188 -1.079758 1.416320 1.684449 0.407162 4.789407 1.834918 -0.224545 -0.724361 -0.464365 -1.003458 2.257570 -1.395620 -0.162244 -1.058592 2.092366 -2.837112 -0.724998 -0.243811 0.638713 0.921806 -0.431580 1.978145 0.629508 4.935302 -3.016643 1.241201 -2.090265 -1.596018
3 13.7873857990 10.0000000000 4.0000000000 0.9054061797 67.0000000000 5.6508155993 0.8902163716 4.6610462919 0.1973022821 4.3763191378 0.1662531021 21.7253525353 -714.5760474614 25.8257682665 6.5831635890 3.970169 3.489628 -3.712371 -0.445547 -0.131696 -4.263424 -0.097661 0.786682 0.434530 -3.988788 2.215416 0.489088 -0.123824 -1.507786 1.423918 1.836538 -0.964186 0.179175 1.653997 -3.909024 0.234951 -3.814914 -1.845819 0.939503 -0.288734 -0.800277 -0.591968 1.696417 1.413661 -1.574538 0.585881 -0.941615 4.808651 -1.478713 -0.625658 -0.697764 -0.878052 0.282208 0.546099 -3.237141
7 11.1877589983 10.0000000000 4.0000000000 0.9054061797 67.0000000000 5.6508155993 0.8902163716 4.6610462919 0.1973022821 4.3763191378 0.1662531021 21.7253525353 -714.5760474614 25.8257682665 6.5831635890 -4.035437 1.081081 -2.884598 -3.217701 -2.013137 -0.515067 1.461015 -3.396803 3.348151 2.327447 -0.265147 -0.580492 -1.907065 1.176081 0.137603 2.824129 -1.372431 1.095888 -0.072765 -1.694033 3.804608 0.559211 1.240509 -2.137135 -1.445241 0.168279 -1.168910 1.204045 0.876730 -1.564686 0.385872 0.008050 -0.328151 -2.297625 -1.671017 0.420901 2.027969 -1.940396 2.434363 0.365295
10 8.3918437136 10.0000000000 4.0000000000 0.9054061797 67.0000000000 5.6508155993 0.8902163716 4.6610462919 0.1973022821 4.3763191378 0.1662531021 21.7253525353 -714.5760474614 25.8257682665 6.5831635890 0.378840 0.089549 1.589371 -0.986281 -2.523179 -0.438521 0.394544 -0.510561 0.051615 4.401933 1.768735 -2.773645 1.307325 -4.353217 1.237898 0.954469 0.052193 -1.939411 -1.967456 0.825065 -1.228610 1.674164 -1.247238 -0.726372 1.518943 -0.067854 -0.332801 0.539145 0.750611 -0.167830 0.452253 -0.231761 0.823205 0.575621 1.008543 1.608535 -2.061216 -2.715395 -0.533004 -0.342586
97 7.1281340008 10.0000000000 4.0000000000 1.5758360558 6.0000000000 6.2514376960 0.9883131987 5.4353767242 -0.1128814115 4.9127472002 -0.1056552670 29.5433201343 -1147.1386418940 25.8161319417 6.5851235240 -4.234186 -1.764649 -1.859429 -1.849632 -0.928140 -2.009251 4.212213 1.499727 3.549965 0.507866 -0.686694 -2.521954 0.791309 -1.419573 1.968990 5.000000 -3.400920 -2.093305 3.637329 -2.251728 3.776012 1.302276 -3.232650 -0.742682 -2.370613 -2.715486 2.635666 4.604867 -0.068943 0.400389 3.368466 -0.713760 -0.670985 -0.182987 -4.043614 0.101951 -5.000000 -5.000000 -1.160166 2.178668
146 5.7502501115 10.0000000000 4.0000000000 1.5202863339 9.0000000000 6.2162555472 0.9826378612 5.1947687422 -0.0251632686 4.8806953395 -0.0402223106 26.9856222854 -1059.9997294993 23.3597168519 5.9328184657 -2.702342 0.602109 -2.249531 -3.942093 0.866877 -0.875438 1.129655 -0.486212 3.014611 -1.687580 -1.562760 -1.966557 -0.624114 2.621429 -0.226451 3.381566 -2.623101 -0.362380 0.068368 -3.136191 0.988957 0.452976 -2.093326 -0.447383 -2.567334 -2.783321 2.836897 3.275188 0.018296 0.626639 3.903830 -0.252550 1.070740 0.566983 -2.076628 -1.025208 -3.610784 -3.934822 -0.387171 -1.331154
819 5.6912021643 10.0000000000 4.0000000000 0.7020943957 54.0000000000 5.7430379760 0.9061570053 5.8816850663 -0.1457952704 5.0810417383 -0.0926458650 34.5942192194 -555.1327033441 24.6986402971 6.2916465053 -0.299840 0.018547 -4.812780 -0.794634 -4.585117 -1.523571 3.877835 2.920130 0.987203 1.380003 -1.108026 -2.553053 1.422992 2.799667 -1.657156 3.993208 -1.963193 -0.345592 0.549926 -3.970325 3.046156 2.914296 -2.813083 -2.941805 -1.191909 -3.712167 2.566757 4.820764 -3.231429 4.723056 1.644077 -3.220025 -1.628115 -3.132321 1.569322 -2.236815 -2.690862 2.064680 2.033444 0.377185
1005 11.2958858135 10.0000000000 4.0000000000 0.7065014791 67.0000000000 5.6303723005 0.8876771071 6.3536579804 0.0184663131 5.7556666910 0.0175594321 40.3689697313 -555.5247457186 25.3209909177 6.3846262188 -0.360854 -0.166151 -4.456117 -1.300336 -3.513667 -0.785901 3.703807 4.538832 0.879237 2.475512 0.278623 -3.094344 1.974959 2.579191 -1.125980 1.499038 -0.363140 0.114025 1.070227 -3.428174 2.281792 2.695981 -3.236095 -2.653145 -2.934761 -2.911315 1.621364 3.517627 -2.536368 4.200689 -0.236744 -3.296446 0.918109 -3.717237 1.993423 -4.794204 -3.453249 -0.006145 2.910456 1.189014
evaluations raw_y rep iid sigma t d_norm d_mean ps_norm ps_mean pc_norm pc_mean ps_squared loglikelihood mhl_norm mhl_mean x0 x1 x2 x3 x4 x5 x6 x7 x8 x9 x10 x11 x12 x13 x14 x15 x16 x17 x18 x19 x20 x21 x22 x23 x24 x25 x26 x27 x28 x29 x30 x31 x32 x33 x34 x35 x36 x37 x38 x39
1 9.0116884697 11.0000000000 4.0000000000 0.7065014791 67.0000000000 5.6303723005 0.8876771071 6.3536579804 0.0184663131 5.7556666910 0.0175594321 40.3689697313 -555.5247457186 25.3209909177 6.3846262188 3.498909 -0.572146 -0.969130 -5.000000 -0.016569 -0.639263 -1.073259 0.630805 0.842101 -2.131206 -1.772479 -0.951467 1.379365 1.122384 -2.611097 -2.238951 1.473675 3.149268 -0.062150 -1.366893 2.191259 -0.619153 1.451504 3.098143 1.260160 0.146986 1.464543 -1.285151 -0.356186 -1.147909 -0.408751 -0.972990 -0.371551 -0.761073 0.177955 0.127343 0.592694 2.805542 -3.093725 2.591237
6 7.5273138723 11.0000000000 4.0000000000 0.7065014791 67.0000000000 5.6303723005 0.8876771071 6.3536579804 0.0184663131 5.7556666910 0.0175594321 40.3689697313 -555.5247457186 25.3209909177 6.3846262188 3.196100 3.407444 -3.179040 -0.754493 2.325011 -2.757717 -1.847991 -2.595027 -2.723868 -2.268371 0.353686 2.537851 3.056046 0.023776 -3.941144 -0.113265 -0.678405 0.704642 -0.256826 -3.592226 0.826567 -4.135671 -1.380222 0.623501 0.700733 3.142696 -4.724827 0.679968 1.378761 -0.654428 1.276063 -2.203997 1.314055 1.076430 -1.963259 -1.333280 -0.379648 -1.312171 2.088794 0.350335
47 6.6550468068 11.0000000000 4.0000000000 1.7409326600 3.0000000000 6.2857622696 0.9937963373 4.5478049475 0.0475771241 4.0237444729 0.0375726522 20.6825298405 -1218.4298358921 26.0894512984 6.6947493358 4.523150 -1.989339 0.899818 0.030247 -2.296221 -0.897004 -1.475859 0.275956 0.297708 -1.801403 -2.050391 4.296933 3.240846 -5.000000 0.261141 0.497519 -2.699569 5.000000 0.887657 -3.082785 3.782108 -2.361195 -2.245489 -1.162251 1.358696 1.068015 -2.047651 2.362129 -4.725208 -2.638748 -0.875338 -5.000000 0.205470 0.583411 0.053209 0.441282 1.269777 4.583158 1.792103 2.820521
56 5.5369044195 11.0000000000 4.0000000000 1.7409326600 3.0000000000 6.2857622696 0.9937963373 4.5478049475 0.0475771241 4.0237444729 0.0375726522 20.6825298405 -1218.4298358921 26.0894512984 6.6947493358 4.167932 -1.130479 -0.433774 2.269406 -0.497373 -1.068841 0.422651 -1.900970 -0.373715 -1.250155 1.629033 1.180348 4.248848 -0.345837 0.458417 -0.903656 2.518297 3.889177 0.132270 -0.437943 -0.159066 -2.653600 -0.391492 -0.694222 -2.865721 4.358517 1.218128 0.962832 -1.750867 0.684339 3.526297 -3.199695 -0.164105 -1.683298 -2.355791 2.987294 -1.812996 3.231738 0.857141 2.328936
176 5.2282068304 11.0000000000 4.0000000000 1.4736823436 11.0000000000 6.1965771651 0.9794303339 5.3770136265 -0.1257149104 4.8101583582 -0.0944557847 28.9122755398 -1082.7082721603 25.1124619646 6.4562723107 1.684750 -3.482224 0.349144 -0.958466 -0.193772 0.139488 -3.076740 0.462139 0.851563 0.233153 -5.000000 3.218258 5.000000 -3.980672 -0.544618 -1.424421 4.066935 1.760313 0.598176 0.539981 0.241097 -2.145981 -0.854405 -0.141094 -4.903387 0.808814 -1.193995 -0.520332 -4.066847 -0.230922 -0.648967 -4.015613 -1.775532 -0.131110 0.677559 2.825244 1.500919 5.000000 0.002563 -2.165806
404 4.8619101494 11.0000000000 4.0000000000 1.1690413588 26.0000000000 6.0381803984 0.9538330330 5.7256836496 -0.0804094580 5.2043410193 -0.0701815435 32.7834532549 -934.9781782999 25.9181582205 6.6182391199 5.000000 -3.168356 0.726728 -0.127800 -1.146187 0.951660 1.140563 -0.790812 4.263731 -1.911395 -3.789824 4.349892 0.404355 -1.683466 -1.197329 -0.662549 1.168047 1.085080 0.064929 1.946747 0.036034 -1.762451 2.898641 -2.570880 -1.627400 -0.055308 -3.256717 -2.337931 2.172947 -0.058585 -3.424481 -5.000000 1.356179 -0.040646 0.403254 1.937638 3.081934 2.743718 -2.816506 -1.656978
1005 14.7687652581 11.0000000000 4.0000000000 0.7243828560 67.0000000000 5.6257796187 0.8869245616 6.3857955818 0.1196135810 5.6709103926 0.1039232399 40.7783852130 -578.5106794573 25.7268237083 6.5547851497 3.930334 -3.754185 1.870743 2.556939 1.035014 2.946929 4.035662 -0.001114 1.255065 -1.170871 -4.257805 4.766147 -0.095949 -4.782742 -2.673915 -2.504763 4.660385 1.227325 -0.491219 -2.607711 1.531533 -1.927705 1.874932 4.983029 -0.548806 1.945722 0.701664 -3.382303 0.509678 -0.910086 -2.804952 -1.440096 -1.384241 -1.128105 2.734540 1.799150 1.016156 2.936181 -1.615319 -1.752571
evaluations raw_y rep iid sigma t d_norm d_mean ps_norm ps_mean pc_norm pc_mean ps_squared loglikelihood mhl_norm mhl_mean x0 x1 x2 x3 x4 x5 x6 x7 x8 x9 x10 x11 x12 x13 x14 x15 x16 x17 x18 x19 x20 x21 x22 x23 x24 x25 x26 x27 x28 x29 x30 x31 x32 x33 x34 x35 x36 x37 x38 x39
1 10.4436146254 12.0000000000 4.0000000000 0.7243828560 67.0000000000 5.6257796187 0.8869245616 6.3857955818 0.1196135810 5.6709103926 0.1039232399 40.7783852130 -578.5106794573 25.7268237083 6.5547851497 0.945972 -1.362852 0.484879 -3.401471 1.506286 -3.069443 0.010254 -0.240455 -1.613964 5.000000 -1.195646 0.944914 2.191912 -2.430338 2.684713 -0.244300 2.025031 -1.827738 -2.059060 2.419593 1.003745 0.277692 1.281522 1.054665 -2.308720 -4.426667 -3.363513 -3.576189 -4.437070 -1.294862 -1.056809 -0.078418 0.429952 -0.768718 -0.507808 0.146504 -1.994408 -1.427713 0.070833 -1.355891
4 9.2660588018 12.0000000000 4.0000000000 0.7243828560 67.0000000000 5.6257796187 0.8869245616 6.3857955818 0.1196135810 5.6709103926 0.1039232399 40.7783852130 -578.5106794573 25.7268237083 6.5547851497 3.045684 2.923765 0.075312 -0.492394 -1.328595 0.702671 -0.968063 -3.026175 -1.527061 0.498406 -3.179617 -1.959052 0.245523 3.378584 0.355500 0.064012 3.866431 -2.124189 -1.465258 1.685483 2.153480 0.915381 -5.000000 1.478093 1.335002 0.092805 1.332155 2.815897 0.102298 -1.871950 -3.678219 0.127557 -1.427936 -1.123769 -2.264938 0.548582 1.471824 0.868637 -2.240082 1.778189
19 7.2311562674 12.0000000000 4.0000000000 1.8887866931 1.0000000000 6.3114865204 0.9979137482 3.2020635238 -0.0776449537 2.7154705948 -0.0658458481 10.2532108104 -1299.6644907178 27.1310121455 6.9298933731 3.611748 0.826118 -2.203845 -4.432103 -0.975951 -0.539818 0.857305 -2.081880 -2.171495 3.664964 -1.435232 2.178912 3.257152 2.032597 0.433904 2.164209 2.454260 2.320317 -0.322393 -2.851779 -1.783400 2.467271 -1.170646 1.658614 3.027286 -0.466243 0.731708 -0.128417 -2.833823 0.572374 -3.669426 -3.400747 -0.050779 -0.015527 -1.224492 -1.018715 -0.938412 -0.473326 -1.764642 -0.064977
96 6.7958122936 12.0000000000 4.0000000000 1.5959885367 6.0000000000 6.2512488315 0.9882726729 4.9724761047 -0.0583725352 4.4735316329 -0.0633379847 24.7255186120 -1148.3850909762 25.5841193715 6.5541966800 -0.048827 0.369800 -3.419800 2.622276 -2.914787 2.677025 0.313723 3.471184 -0.876886 2.795493 -1.034643 3.179318 -0.860068 -2.993135 -1.236034 3.189975 0.788874 -2.283087 -3.784755 -1.841900 0.383796 1.731156 -1.563398 2.974320 0.614390 -2.471642 -0.013226 -1.242494 -3.313896 -1.352436 -1.136997 -1.111171 -0.352182 -1.831258 -3.651634 1.160400 2.089054 -2.659707 0.283531 1.474186
185 5.5597210521 12.0000000000 4.0000000000 1.4057867857 12.0000000000 6.1796257149 0.9767773085 5.5087675839 -0.2046754651 5.1093109170 -0.1889598707 30.3465202934 -1058.6928299575 25.5002187341 6.4845356397 0.282003 0.568496 -3.331624 -0.897489 -4.938898 2.105208 -0.176311 -0.266600 3.052317 5.000000 -5.000000 2.551295 -0.726837 -4.775237 0.213053 1.226332 2.267392 -1.888969 -4.057648 -0.784524 -0.754527 -3.392678 0.821962 0.385005 -0.073203 -1.696749 1.767477 0.647166 -0.288262 -0.266960 -2.366918 -1.548250 3.096858 -4.480583 -1.778333 0.335151 -0.777019 -2.162726 2.866361 -0.490140
914 4.5362158481 12.0000000000 4.0000000000 0.7798201007 60.0000000000 5.6937496709 0.8979287109 8.0129658698 0.0288417116 7.1841493896 0.0753862647 64.2076220312 -577.5983503850 23.1521404985 5.8887897801 4.032421 3.597677 -4.621621 -1.030091 -0.947272 3.134617 3.827908 -1.999313 1.256722 1.595950 -2.195888 4.096006 -2.624068 -3.032078 -5.000000 -0.135529 -1.629970 5.000000 -1.274616 0.758496 2.769614 -2.547918 2.719468 1.581467 1.059334 -0.341023 2.471549 5.000000 3.424518 -2.745524 -0.262982 3.033539 -1.356636 -1.097807 -1.102225 3.443057 -1.562908 -2.733821 -2.158063 4.674551
1005 15.1289187425 12.0000000000 4.0000000000 0.9269240899 67.0000000000 5.6461332829 0.8894243118 6.0373290757 -0.1132191491 5.7388551280 -0.0601609576 36.4493423687 -700.4748920922 24.2737743738 6.2125870243 3.150019 2.743144 -4.463502 -0.647442 -3.235979 2.008048 4.470056 -1.008443 2.959486 1.287967 -2.170106 2.452732 -4.529359 -3.322988 -3.587968 1.131942 -0.941357 5.000000 1.064649 0.953284 1.664489 -2.528904 3.327801 1.819970 1.393050 -0.449106 4.040161 4.012410 1.163372 -2.216241 -2.279738 2.516368 -1.907838 -2.356960 0.121904 5.000000 -3.155976 -3.869586 -5.000000 4.526610
evaluations raw_y rep iid sigma t d_norm d_mean ps_norm ps_mean pc_norm pc_mean ps_squared loglikelihood mhl_norm mhl_mean x0 x1 x2 x3 x4 x5 x6 x7 x8 x9 x10 x11 x12 x13 x14 x15 x16 x17 x18 x19 x20 x21 x22 x23 x24 x25 x26 x27 x28 x29 x30 x31 x32 x33 x34 x35 x36 x37 x38 x39
1 19.1374054835 13.0000000000 4.0000000000 0.9269240899 67.0000000000 5.6461332829 0.8894243118 6.0373290757 -0.1132191491 5.7388551280 -0.0601609576 36.4493423687 -700.4748920922 24.2737743738 6.2125870243 -1.424781 1.507533 -0.089006 0.903625 2.690203 1.064676 2.700376 1.722423 2.957371 -2.090754 -1.577978 -2.523212 1.125694 -0.486653 1.827481 0.634702 0.254607 4.300766 1.212577 -0.053543 -1.968322 2.381411 1.905661 -2.174363 -0.290423 0.475716 -3.278187 -0.556269 2.798477 -3.230216 0.981744 3.785484 -1.241959 -0.907505 0.434903 1.028658 0.794483 -3.025690 -1.528068 0.202540
2 13.6746178639 13.0000000000 4.0000000000 0.9269240899 67.0000000000 5.6461332829 0.8894243118 6.0373290757 -0.1132191491 5.7388551280 -0.0601609576 36.4493423687 -700.4748920922 24.2737743738 6.2125870243 -0.634532 2.276666 -0.644247 -0.740232 3.699225 -0.163303 -1.960549 -0.004778 -0.464852 1.421950 0.906317 -0.665352 -0.768915 -1.060655 2.700612 4.030442 -0.115065 1.129309 0.719065 -1.023930 -1.046328 -0.962743 -3.848319 -1.514906 0.906962 1.844688 -0.414699 -0.751840 1.279768 4.107386 -1.856670 -1.549320 -0.874291 1.095837 -1.708286 0.931316 -1.441999 1.124523 -0.629716 -0.859794
4 12.0285302394 13.0000000000 4.0000000000 0.9269240899 67.0000000000 5.6461332829 0.8894243118 6.0373290757 -0.1132191491 5.7388551280 -0.0601609576 36.4493423687 -700.4748920922 24.2737743738 6.2125870243 0.287512 1.810343 0.801347 -1.529188 -2.034004 -1.053979 0.817317 -1.735600 1.783588 -3.078128 -0.528495 -1.864719 0.625757 0.273581 -0.303400 -2.473675 -1.764981 -1.321265 1.985898 -1.287594 1.002335 1.839970 -1.688953 -1.032886 -4.413734 -0.806258 1.426651 -1.893273 0.702723 1.577141 0.720064 -0.876403 0.456670 -1.350750 -0.838521 4.773492 -1.016686 -1.372473 0.309807 0.555672
8 8.4711688046 13.0000000000 4.0000000000 0.9269240899 67.0000000000 5.6461332829 0.8894243118 6.0373290757 -0.1132191491 5.7388551280 -0.0601609576 36.4493423687 -700.4748920922 24.2737743738 6.2125870243 -1.734031 0.742319 -0.322548 0.899033 -4.653852 -0.831623 5.000000 0.749536 1.999048 0.678243 -0.698438 1.687684 1.483801 -0.703994 -0.380992 1.344544 -1.599374 -1.689385 2.344555 2.298126 -0.387610 3.133280 1.715810 0.819531 -1.018002 1.543774 -1.067687 -0.142302 -1.238369 2.425190 0.281228 0.039784 1.358641 4.979415 2.105064 -3.068193 0.030350 0.234105 -1.115369 -1.914131
58 7.6128444165 13.0000000000 4.0000000000 1.7190760106 3.0000000000 6.2822742601 0.9932537435 4.3935396908 -0.1243379631 3.8513173790 -0.1092748409 19.3031910147 -1189.8559668393 25.3007206742 6.4630307174 -5.000000 1.005918 -1.297871 1.110392 -3.521985 -2.262144 1.373331 1.807582 -1.869402 -0.010485 1.487913 2.801311 -0.253478 1.648061 0.678533 -3.420450 -0.090219 2.806596 5.000000 0.649548 1.337705 -0.107081 -3.621785 -1.970876 -5.000000 -1.005101 -1.200152 2.648868 -2.778643 3.760562 -0.640299 2.685175 2.419920 -0.413850 1.413766 -2.427809 0.417055 1.658869 1.517653 -1.599384
64 6.9687531372 13.0000000000 4.0000000000 1.6763113545 4.0000000000 6.2703588719 0.9913401364 4.9276757489 0.0124985982 4.3717040941 0.0021854609 24.2819882867 -1178.7059922358 25.4799503656 6.4784140571 -0.838342 -0.984668 1.223097 1.622467 -3.944994 -1.777993 1.697016 -2.301853 -1.887159 0.663453 2.661575 -2.289846 -0.103916 3.476694 2.186154 1.120065 1.988311 3.119352 3.024488 -1.470563 2.626958 2.184800 -5.000000 1.513106 -0.960584 0.556266 -4.117836 -0.474799 -1.040713 2.939825 -0.949739 3.829541 3.900323 1.909286 4.633801 -3.859263 -2.712246 2.360095 1.050471 -1.576688
133 6.2665114273 13.0000000000 4.0000000000 1.5502712871 8.0000000000 6.2288786925 0.9846434635 5.2902255189 0.1648449843 4.8300169629 0.1423616014 27.9864860406 -1110.3315676311 24.9238864336 6.3574602086 -3.132606 1.924879 2.467648 -1.547062 -2.375785 0.378776 0.893189 0.018279 -3.172275 1.473397 4.861342 -4.773248 0.599763 -1.864953 0.543765 -0.214713 0.272589 -0.748707 2.835815 1.872013 1.151839 -0.077001 0.258769 1.480726 0.501254 -1.098061 -2.409158 -3.314261 -2.808663 3.141572 -0.418876 5.000000 3.460203 1.794321 -0.618685 -0.316900 -1.111717 3.347886 -1.750999 -1.398109
1005 19.5424044465 13.0000000000 4.0000000000 0.8176043382 67.0000000000 5.6480747877 0.8898146791 6.0184478311 -0.2261983569 5.2754071212 -0.1885185959 36.2217142962 -638.1426279694 25.1283167343 6.4115821351 -3.035183 3.234413 0.627071 2.892956 -4.097814 -1.576704 -2.267321 0.515399 -2.996232 2.980202 3.599405 -0.668215 -3.895737 -0.279529 0.985038 -4.273608 0.918989 -1.760896 -0.650025 2.794118 2.922856 -1.798349 -1.260770 -0.671614 -4.187100 2.662925 2.687220 1.977897 -4.468348 4.364570 2.129449 1.566282 -1.371092 3.067700 -1.537736 0.380918 4.154460 -0.629143 -2.643800 0.359661
evaluations raw_y rep iid sigma t d_norm d_mean ps_norm ps_mean pc_norm pc_mean ps_squared loglikelihood mhl_norm mhl_mean x0 x1 x2 x3 x4 x5 x6 x7 x8 x9 x10 x11 x12 x13 x14 x15 x16 x17 x18 x19 x20 x21 x22 x23 x24 x25 x26 x27 x28 x29 x30 x31 x32 x33 x34 x35 x36 x37 x38 x39
1 21.8056590624 14.0000000000 4.0000000000 0.8176043382 67.0000000000 5.6480747877 0.8898146791 6.0184478311 -0.2261983569 5.2754071212 -0.1885185959 36.2217142962 -638.1426279694 25.1283167343 6.4115821351 3.102678 0.158372 0.347953 -0.144673 -4.008659 0.289356 -3.002337 0.422219 -1.116410 2.169058 -0.372578 0.029323 -2.151139 1.284504 -0.360673 1.240601 1.621949 1.555872 -0.474979 -3.783825 -2.344244 1.672414 2.018547 2.586199 -1.098662 -1.963426 1.829346 1.746141 0.044222 -0.008287 -2.698252 -0.416436 2.653081 -1.832521 -0.940026 -0.298885 -0.650520 -3.611447 -1.000740 -1.129561
2 17.8915636890 14.0000000000 4.0000000000 0.8176043382 67.0000000000 5.6480747877 0.8898146791 6.0184478311 -0.2261983569 5.2754071212 -0.1885185959 36.2217142962 -638.1426279694 25.1283167343 6.4115821351 -0.628857 -0.793354 0.011866 -1.994276 3.382195 -0.632882 2.930269 2.927203 0.257823 -2.356486 -4.333018 -3.043626 -0.585776 0.320977 -1.565702 -1.034804 5.000000 0.550408 -2.423185 1.174485 -1.963673 -4.877099 0.272235 -1.615176 0.040162 3.519721 0.105795 -1.799621 3.176899 -4.352323 -2.434431 2.708939 2.954455 -0.652441 -1.567738 0.501862 0.467144 0.151110 -1.135736 -2.784895
3 9.6872989936 14.0000000000 4.0000000000 0.8176043382 67.0000000000 5.6480747877 0.8898146791 6.0184478311 -0.2261983569 5.2754071212 -0.1885185959 36.2217142962 -638.1426279694 25.1283167343 6.4115821351 -1.632498 -1.022753 -1.019616 -1.546922 -0.497033 -3.801384 1.599640 2.551948 -1.401988 -2.942301 0.522371 0.917017 -0.419033 1.864008 -1.173946 -2.266227 2.969538 -1.021326 -0.896438 -4.659827 -0.786878 -1.277527 -0.077215 1.342406 0.352363 -2.348591 2.080978 0.719458 1.086232 -0.169380 0.153202 -2.810301 -3.112469 -1.384754 -1.472439 0.364633 -5.000000 -1.262037 -1.800881 2.056018
31 7.5979067660 14.0000000000 4.0000000000 1.8243613541 2.0000000000 6.3006031562 0.9961643943 4.3055241720 -0.1885482508 3.7164683240 -0.1649568943 18.5375383957 -1257.0805645104 26.3760992027 6.7493190066 -0.564377 -1.777917 -2.782558 -1.478063 -0.798277 -0.460538 0.579007 -0.028567 1.468686 0.269181 -1.877811 1.511648 -0.746196 3.431693 -2.970387 2.279927 2.141943 -3.351506 -1.796529 -4.360355 -1.468381 -0.810223 2.475748 -0.674020 0.816428 -2.336097 5.000000 3.021450 0.310898 -5.000000 1.667957 -4.188432 -3.271402 -2.011252 1.359137 -0.850874 1.729205 1.451802 -1.435350 4.249732
78 7.1214316427 14.0000000000 4.0000000000 1.7053967220 5.0000000000 6.2676689185 0.9908644062 4.9753866037 -0.1066149413 4.5028456429 -0.1044802781 24.7544718565 -1219.4755727956 26.6446478399 6.7918877947 -2.329753 -0.535877 -3.365578 -1.739133 -0.567817 -1.209408 -2.513274 1.859675 1.130058 -1.907108 0.102705 1.633120 1.063046 2.128329 -1.929746 -1.298044 1.084644 -4.263059 -0.660163 -2.708607 -5.000000 -0.342998 -0.424404 1.563681 -1.587660 -0.949565 0.655319 4.647043 1.800894 -2.966828 -1.715852 1.428646 -2.007261 2.886444 0.069016 0.873558 -3.487645 2.423330 -0.516449 -0.716270
111 5.8107970643 14.0000000000 4.0000000000 1.5955379042 7.0000000000 6.2447088662 0.9871650896 4.0782486814 0.0192246213 3.7316578903 0.0012587288 16.6321123075 -1136.2750146901 25.1409840677 6.4303865390 -1.529647 0.298899 0.047561 -2.804812 0.505994 -0.475323 -2.182388 2.997596 5.000000 -2.234759 -1.351622 2.636422 -0.067697 4.841316 -2.313193 -2.915283 3.890830 -1.403241 -1.832515 -1.417843 -1.587327 -2.178538 -0.826827 0.850061 -2.912723 -2.190698 0.293165 4.095973 2.299791 -4.414771 -3.242971 -1.962271 -0.725588 3.259642 1.721399 -1.905309 -5.000000 -0.474076 1.267078 -1.299272
637 5.3615814431 14.0000000000 4.0000000000 0.9240347142 42.0000000000 5.8621919399 0.9252259322 6.5976042125 -0.1356927368 6.1984745043 -0.1175504670 43.5283813445 -708.6268039622 23.2632772329 5.9007710291 -1.649276 1.323490 -3.588117 -4.560333 4.967611 2.692883 3.608482 5.000000 2.223693 2.006172 -3.251903 4.042394 1.910524 4.310006 2.563291 -3.158168 4.351595 -2.993820 -4.926748 3.970796 0.069011 0.784019 -2.908112 -0.926360 -1.166166 -4.974019 2.478822 -1.820084 -2.254342 -2.788915 -2.725573 -3.038309 -3.461472 1.986795 -4.326586 -4.167352 -1.638187 -4.794210 -3.327213 0.024314
1005 18.3803153148 14.0000000000 4.0000000000 0.7817522187 67.0000000000 5.6177562772 0.8853047023 5.5303938794 0.2380850796 4.7043283032 0.1741913285 30.5852564613 -654.2706335912 27.0665555826 6.8630471248 -1.123943 2.156752 -2.040515 -4.250444 1.674343 1.649184 2.369859 2.749561 0.592543 4.120515 -1.908910 2.832789 -2.778489 3.763769 4.032262 -3.712345 1.293468 -2.434360 -2.757797 3.126593 0.578255 1.077337 -5.000000 1.348898 -2.583497 -2.144796 4.219648 -0.662498 -2.968612 -0.273608 -5.000000 -5.000000 -1.154111 2.203199 -5.000000 -3.121047 -1.344081 -2.559231 -2.942696 0.857079
evaluations raw_y rep iid sigma t d_norm d_mean ps_norm ps_mean pc_norm pc_mean ps_squared loglikelihood mhl_norm mhl_mean x0 x1 x2 x3 x4 x5 x6 x7 x8 x9 x10 x11 x12 x13 x14 x15 x16 x17 x18 x19 x20 x21 x22 x23 x24 x25 x26 x27 x28 x29 x30 x31 x32 x33 x34 x35 x36 x37 x38 x39
1 16.0556171952 15.0000000000 4.0000000000 0.7817522187 67.0000000000 5.6177562772 0.8853047023 5.5303938794 0.2380850796 4.7043283032 0.1741913285 30.5852564613 -654.2706335912 27.0665555826 6.8630471248 -0.624657 0.678569 -0.311817 -1.003579 0.471138 -3.527211 -2.191724 -2.175531 -0.610340 -0.947497 -0.401189 0.710394 1.379035 0.821179 -1.129957 1.198781 -0.325873 3.200429 1.363254 0.029760 -0.175559 -1.964236 0.243381 -2.274875 0.698005 -3.717026 -2.334364 2.849794 2.993131 2.579864 -3.623491 -2.996614 -2.900286 -3.387814 0.454528 -0.979469 -0.001057 -0.980505 -1.586419 4.097798
2 13.8050215270 15.0000000000 4.0000000000 0.7817522187 67.0000000000 5.6177562772 0.8853047023 5.5303938794 0.2380850796 4.7043283032 0.1741913285 30.5852564613 -654.2706335912 27.0665555826 6.8630471248 1.206371 -1.996404 2.430083 -1.335033 -0.545012 2.833549 -1.565218 -0.500641 -0.616629 3.459376 3.956545 0.439376 3.789640 -2.736199 -0.382611 2.574515 -0.493768 0.685102 0.445434 1.363187 0.502898 -2.963698 -0.773644 -1.467361 1.171956 -3.471578 -1.653390 2.367668 0.710092 4.885700 -0.073851 -5.000000 1.982979 0.384486 -0.705585 -2.679046 -0.377345 1.193173 0.680909 0.166851
6 6.9814149090 15.0000000000 4.0000000000 0.7817522187 67.0000000000 5.6177562772 0.8853047023 5.5303938794 0.2380850796 4.7043283032 0.1741913285 30.5852564613 -654.2706335912 27.0665555826 6.8630471248 0.290384 -1.246103 -0.538511 -2.490270 1.454777 -0.276972 -0.414344 0.941889 1.114105 -0.749541 -2.255765 2.342248 0.904497 0.348233 1.761863 -0.482853 3.208832 -0.322770 -0.409565 0.368063 -0.606846 -0.222886 0.354016 -1.302868 0.957818 0.191370 3.962355 -0.539745 -1.431081 -1.693735 0.903609 0.656999 -1.793227 1.766530 -3.155861 -1.788855 -0.860748 -0.056890 -1.694859 2.814656
44 6.3189554722 15.0000000000 4.0000000000 1.7996499738 2.0000000000 6.2991935712 0.9959521075 4.2124696884 -0.1402589460 3.6143932282 -0.1190956969 17.7449008754 -1263.9701083212 26.9543992866 6.8322980592 0.408149 -2.186999 -1.751487 -1.498140 1.015473 1.656090 -3.411310 -1.160879 -2.269945 1.115252 -3.601219 -0.374668 1.978391 1.321566 3.338676 0.947067 3.244490 2.280580 -2.677670 0.140766 -3.042400 1.343573 -2.338445 1.717213 -1.245652 2.215399 3.356072 1.595766 -4.951200 -1.094260 2.567968 3.132027 3.237437 -0.228476 0.972616 -1.543007 0.687212 0.999591 -0.800215 -1.606515
180 6.0272573298 15.0000000000 4.0000000000 1.5317107579 11.0000000000 6.1924099049 0.9787639784 5.1025324907 -0.1076023606 4.7090097305 -0.1252771352 26.0358378183 -1087.0631762706 24.4538655452 6.1901662532 -1.646826 -0.780457 -2.412082 -3.910354 0.029981 -0.569118 -2.757672 -0.343921 1.249111 -0.526662 -5.000000 -3.069446 4.273926 -0.624476 0.759745 -1.902717 1.954205 3.234321 1.184343 -0.842384 -4.969979 -1.622709 -1.019952 2.246148 -0.216915 4.602528 2.452658 1.272179 -4.234405 -2.463206 -1.752527 -0.061098 -1.405443 -3.885869 -0.760033 -1.427989 -0.528136 -1.629497 -1.828188 -0.621855
350 5.2028668945 15.0000000000 4.0000000000 1.2253051065 23.0000000000 6.0650306569 0.9581868624 5.2958194769 0.0585021657 5.0030878005 0.0593764096 28.0457039324 -956.8793910052 25.3611214466 6.5049733737 2.660497 -2.613841 -1.930284 -1.771339 -1.022159 -4.605441 -2.379446 2.057082 3.034099 -0.158657 -0.688757 -0.353149 -0.081862 -1.589376 1.282187 -2.426449 4.559096 4.913104 1.010206 -2.569613 -0.938147 1.737892 -0.127190 2.796449 -0.453134 -3.843446 5.000000 4.934364 -2.765323 0.635277 3.983437 -0.624705 2.237127 -4.054971 0.416777 -2.125161 -4.161406 -2.226505 0.269136 -2.751571
1005 6.5191975347 15.0000000000 4.0000000000 0.7806348408 67.0000000000 5.6327800163 0.8879667241 6.2182576777 -0.1249218524 5.2800812357 -0.1004628294 38.6667285463 -589.9718464997 24.2137264571 6.2176451627 -1.957303 -2.898273 -3.985109 1.755952 -1.106261 -0.071619 -4.279930 -1.595882 3.537965 -0.265640 0.074612 1.519080 -2.045102 -2.432923 4.160691 -4.618713 1.171756 4.614920 2.142549 0.868877 -1.999057 0.760865 -3.925034 1.828109 -2.894227 -2.884998 -1.441353 4.902958 -3.459905 4.133724 2.445806 -2.461643 1.802064 0.827809 2.259770 -1.119092 0.526534 -3.458650 0.039204 -1.096284
evaluations raw_y rep iid sigma t d_norm d_mean ps_norm ps_mean pc_norm pc_mean ps_squared loglikelihood mhl_norm mhl_mean x0 x1 x2 x3 x4 x5 x6 x7 x8 x9 x10 x11 x12 x13 x14 x15 x16 x17 x18 x19 x20 x21 x22 x23 x24 x25 x26 x27 x28 x29 x30 x31 x32 x33 x34 x35 x36 x37 x38 x39
1 12.3704793643 16.0000000000 4.0000000000 0.7806348408 67.0000000000 5.6327800163 0.8879667241 6.2182576777 -0.1249218524 5.2800812357 -0.1004628294 38.6667285463 -589.9718464997 24.2137264571 6.2176451627 0.255897 -3.056947 -1.188936 0.132661 -2.470990 -1.242737 -1.777896 0.997820 -1.573794 0.237487 -1.513726 0.986734 -1.678809 -2.030044 -0.685039 3.768928 -0.541826 -2.903439 -2.160318 5.000000 -0.440446 -0.178801 0.552683 3.224522 1.431930 1.317265 0.421482 -1.128887 0.280372 -0.676896 -2.809655 -4.973284 2.547087 2.159496 1.296805 1.112840 0.467075 -2.157691 -2.363922 -1.406480
3 10.7138716330 16.0000000000 4.0000000000 0.7806348408 67.0000000000 5.6327800163 0.8879667241 6.2182576777 -0.1249218524 5.2800812357 -0.1004628294 38.6667285463 -589.9718464997 24.2137264571 6.2176451627 1.442551 -0.209734 -2.063124 1.827044 1.018541 -2.096844 -2.146696 0.803199 1.300040 -3.218136 -0.652171 -1.098613 -0.407079 1.096462 3.611066 -1.642602 3.187427 2.203320 4.568750 0.239071 0.692346 2.137668 0.916449 3.649586 1.031948 2.225693 1.211335 -1.340746 1.884942 -0.835912 0.254897 -0.085747 1.240700 -2.479343 2.617236 1.821041 0.342891 -1.771437 -2.091865 -0.490074
4 8.1563292803 16.0000000000 4.0000000000 0.7806348408 67.0000000000 5.6327800163 0.8879667241 6.2182576777 -0.1249218524 5.2800812357 -0.1004628294 38.6667285463 -589.9718464997 24.2137264571 6.2176451627 -1.483704 0.060040 0.825211 1.255622 0.221882 -2.003700 3.447928 3.721118 -1.606971 -0.666321 4.510377 2.957759 0.441151 1.446785 -2.722532 -0.037876 2.519495 -3.854248 1.153076 -2.054473 3.622231 -2.246609 -2.423953 -1.245523 -1.350911 0.486168 2.502407 -2.539410 -0.853848 0.907031 -2.024236 1.324722 0.883576 0.943326 -0.016886 1.410469 2.679896 -0.157846 2.467135 0.444042
88 7.2958222904 16.0000000000 4.0000000000 1.6658452849 5.0000000000 6.2627261442 0.9900839532 4.5709516741 0.0612481127 4.1814597651 0.0577463176 20.8935992069 -1193.2566450865 26.2322724066 6.6999393010 2.291302 -2.366534 -1.930346 2.677024 -0.910650 -0.012624 3.554406 0.314173 -2.268775 -0.416555 0.533462 -0.869750 0.358275 3.405159 -1.183725 1.864317 5.000000 -1.630100 0.818897 -5.000000 5.000000 1.193322 0.026162 -2.757746 -2.719013 -1.897267 0.544843 -2.977541 0.454999 3.004056 0.359808 2.646316 2.568994 0.256404 -0.734720 -1.181115 -0.002159 1.859479 2.767426 1.182983
145 6.8197389210 16.0000000000 4.0000000000 1.5421723538 9.0000000000 6.2156351329 0.9824848399 5.4868176469 0.1046151042 5.1388802563 0.0977289081 30.1051678902 -1138.8292802336 26.2186794199 6.6704971320 0.415650 -3.306686 -0.890070 1.786594 2.084943 -1.643389 0.989888 1.151651 -1.966303 -2.657267 1.847872 1.930973 1.043531 3.227897 -0.293465 -2.881704 5.000000 -1.629301 1.896205 -0.199386 5.000000 0.626585 1.241230 -3.607151 3.384264 -4.436772 1.670531 -0.592434 2.519788 4.335605 -0.952607 0.313413 2.012080 -1.728165 -1.900263 -2.981693 -0.050212 0.008165 4.841695 2.523043
215 6.6816018802 16.0000000000 4.0000000000 1.4444911292 14.0000000000 6.1583986835 0.9731993678 4.9743171549 -0.0111337753 4.5723673799 -0.0048032519 24.7438311580 -1088.4227579181 26.1901149806 6.6845004510 -3.810263 -1.900130 -1.807838 3.600645 -1.837257 -0.412055 -1.893298 4.156134 -2.787838 -5.000000 1.511869 5.000000 -0.077099 5.000000 0.945719 -0.887925 0.759335 1.581340 1.595391 1.352464 4.788026 -1.295110 1.945726 -1.664903 -0.621741 -4.070149 -0.668236 -3.188805 -0.881437 1.917297 -3.854491 -0.995588 0.582857 0.093168 -3.927055 -2.497532 2.450669 -0.977748 2.084416 1.492286
391 6.6800415353 16.0000000000 4.0000000000 1.3213695981 26.0000000000 6.0284048511 0.9520402557 6.2305650146 -0.0056050036 5.7555678105 -0.0288537615 38.8199404018 -966.0328871244 24.1030310005 6.1872361792 -3.240036 -1.994620 0.959774 3.783701 1.179290 1.370763 -1.462699 1.262384 -0.711114 1.378362 2.229771 0.816438 -2.882843 -2.089169 -2.990418 -1.431348 0.818753 -1.439211 0.114382 4.817491 2.838842 -2.848818 -2.918115 1.520312 -0.528566 -2.313773 -3.273539 0.703235 0.484114 -1.999201 -3.538828 1.420769 1.357847 2.933055 -0.123005 -0.166068 1.976158 -3.249011 -1.082527 2.650774
608 6.2635689695 16.0000000000 4.0000000000 1.0417834779 40.0000000000 5.8790332019 0.9278640502 6.2391215627 0.0852030508 5.5303937189 0.0715558566 38.9266378743 -785.3671533140 23.4578681495 5.9711871645 -2.619049 0.099412 -2.979909 5.000000 -0.022237 -0.658891 -0.481180 4.628288 -0.520934 3.488666 -1.384805 3.293374 -1.512835 -0.831514 0.962172 -3.558296 -0.089680 1.913483 -0.450623 4.875238 1.126952 -0.045162 1.078113 -2.450061 -1.049706 -2.837291 -4.182761 -0.172854 -2.491394 -3.608528 -3.728231 2.453048 1.077487 -0.166247 -1.857425 2.768184 -0.647300 1.735541 -0.624138 2.541473
655 4.9252007093 16.0000000000 4.0000000000 1.0218205169 43.0000000000 5.8496344245 0.9230480201 6.0963549178 0.1872603317 5.5547221734 0.1660854399 37.1655432836 -784.6461045749 24.1659681446 6.2026937610 -2.390123 -0.058892 -2.788467 4.474876 -2.221069 -0.304481 -2.002591 2.528612 0.247205 4.303197 -2.651735 4.378738 -2.674805 -0.423757 0.851310 -3.040771 0.604535 1.415967 -0.674989 5.000000 -1.198330 -1.078075 0.786558 -2.293707 -1.307241 -2.795560 -5.000000 1.065406 -1.993148 -3.218810 -2.269571 3.794141 1.105781 1.374726 -1.752141 2.064734 -0.720520 4.020893 -0.424313 3.724710
1005 19.0607378860 16.0000000000 4.0000000000 0.8573826818 67.0000000000 5.6244099322 0.8858790128 5.5664873074 -0.1940767512 5.3194267657 -0.2056734319 30.9857809436 -665.5222647511 25.2404176372 6.4486664620 1.929431 -1.966692 -0.726373 3.925368 -3.276679 -0.376451 -0.842370 0.760748 -5.000000 2.784289 -3.113139 0.618561 -1.583044 -2.290206 2.048966 -5.000000 -2.225549 2.436823 1.108074 3.588682 -1.367009 -2.517777 -1.064375 -2.187077 1.063687 -2.319483 -4.478262 0.975872 -2.908147 -4.075745 -2.444890 3.688135 3.335147 -1.085253 -0.610061 -1.501268 -2.520454 3.682556 -2.535849 4.108716
evaluations raw_y rep iid sigma t d_norm d_mean ps_norm ps_mean pc_norm pc_mean ps_squared loglikelihood mhl_norm mhl_mean x0 x1 x2 x3 x4 x5 x6 x7 x8 x9 x10 x11 x12 x13 x14 x15 x16 x17 x18 x19 x20 x21 x22 x23 x24 x25 x26 x27 x28 x29 x30 x31 x32 x33 x34 x35 x36 x37 x38 x39
1 15.7266577025 17.0000000000 4.0000000000 0.8573826818 67.0000000000 5.6244099322 0.8858790128 5.5664873074 -0.1940767512 5.3194267657 -0.2056734319 30.9857809436 -665.5222647511 25.2404176372 6.4486664620 0.552532 -3.709256 1.247802 2.290623 2.074381 3.773278 -0.223397 -0.724203 0.297350 -0.875566 4.342514 2.304621 -3.637625 -0.276099 1.079679 -3.550565 2.629753 -0.946896 -2.184460 -0.500055 -1.964589 2.062538 0.982668 -0.893293 -1.612720 0.262536 -2.425120 0.319982 -1.510446 0.699792 1.955084 -0.277170 0.207713 0.601182 1.936411 1.739248 1.135566 0.930565 -2.330746 -4.071990
2 8.1374549075 17.0000000000 4.0000000000 0.8573826818 67.0000000000 5.6244099322 0.8858790128 5.5664873074 -0.1940767512 5.3194267657 -0.2056734319 30.9857809436 -665.5222647511 25.2404176372 6.4486664620 -2.310827 5.000000 0.253454 -1.388358 1.115349 0.198293 1.275852 1.406221 -1.832186 -1.572028 2.238364 -1.966792 0.489040 -1.162819 0.859128 1.596804 -1.220140 2.370808 -1.421668 -1.562258 -0.460746 0.240390 -1.576940 -5.000000 -1.591162 0.569164 1.045075 0.167109 5.000000 1.222016 -1.671888 -0.007392 0.786189 1.368990 1.550403 1.112006 -1.081960 3.048834 2.416770 0.102555
37 6.8898178480 17.0000000000 4.0000000000 1.7578755768 2.0000000000 6.2985790566 0.9958484507 2.9695171540 0.0268898928 2.5513743406 0.0221315733 8.8180321281 -1268.0146275879 27.6151433826 7.0464930684 -4.060676 4.385554 -4.152552 2.326186 0.585616 -0.289682 -0.061806 0.934241 1.572709 -4.948468 -1.140996 1.804892 -1.920829 0.943262 2.121878 0.298250 -3.172488 3.523487 -0.456705 -1.798397 1.861983 -2.922432 -1.617060 -2.351003 -1.354141 0.212842 0.661684 -0.005360 0.465666 1.489043 2.698992 2.547912 0.004142 0.686395 -2.919298 5.000000 -1.214554 0.455062 -4.294536 -1.792555
191 6.7913208209 17.0000000000 4.0000000000 1.3826679766 12.0000000000 6.1869789749 0.9778987198 5.0092621811 0.0899979327 4.5707880415 0.0727430094 25.0927075986 -1054.1062302205 25.6477605822 6.5498006555 0.375671 2.026692 -1.675175 -2.102086 3.164942 -1.330322 -2.287085 0.928814 3.244234 -0.724832 -0.827686 -1.651869 0.438595 0.214905 3.162823 -1.305127 0.353859 3.197776 0.397921 -0.916964 1.615628 -2.000670 -1.461944 -2.465956 1.101223 0.773917 4.690077 2.720642 -0.569034 3.733940 4.304326 0.491823 -3.362763 -2.900322 -4.311500 -2.921222 2.281782 -1.204995 -5.000000 -1.541926
239 5.8927620159 17.0000000000 4.0000000000 1.3549087743 15.0000000000 6.1557842106 0.9728460960 6.0733112388 0.0829254709 5.7319284238 0.0739116233 36.8851094036 -1022.6364132236 25.0314397535 6.4010012260 -0.187370 1.959504 0.006187 0.799370 2.265213 -1.315868 -1.465843 -1.418738 4.686109 -3.500917 1.125167 -0.467087 0.418470 1.313602 3.322653 -1.010724 -1.052890 2.805029 1.534672 -0.106304 2.806626 -0.976691 -4.140426 -0.367058 1.176935 0.859908 5.000000 3.264925 0.395783 3.988744 2.950780 0.432850 -5.000000 -3.114899 -3.695608 -3.306770 0.831997 -1.736886 -5.000000 -0.576487
282 5.3866923694 17.0000000000 4.0000000000 1.2754271335 18.0000000000 6.1188471521 0.9668823396 5.0043187473 0.1646562110 4.7015888431 0.1441563401 25.0432061248 -998.7696089196 25.7572155590 6.5788758169 0.335570 -0.266888 -1.464524 1.109270 0.566335 -1.098784 0.752904 -2.484455 3.016133 -2.478254 0.232577 -2.946636 0.030643 -0.309288 2.028311 -0.213018 -0.921084 3.612771 -0.355745 -0.245399 2.122941 -3.201855 -2.513850 -2.490806 0.808811 1.652547 5.000000 0.700578 1.064021 0.950746 4.062792 0.319207 -3.185147 -0.400577 -3.996437 -3.485276 2.726359 0.704084 -5.000000 0.348769
765 4.7667853476 17.0000000000 4.0000000000 0.7517359476 50.0000000000 5.7859654991 0.9128413843 5.6426463569 -0.1164308816 5.3266082546 -0.1003352635 31.8394579094 -598.9863986463 24.5455441388 6.2474747307 -3.922062 1.875110 -3.616691 0.603180 1.643382 -3.183217 -1.890677 0.243215 2.500583 -2.775573 -2.588367 -2.222502 0.775157 0.912370 -1.773226 -1.322563 0.404316 3.384877 -1.529079 -0.745608 3.598200 1.061595 -3.832643 4.491603 -0.815845 2.308449 4.044016 2.917585 -1.323052 3.919583 2.867180 0.106876 -4.129716 -5.000000 -5.000000 -3.673943 1.339187 2.019541 -4.207821 -3.443692
1005 16.9243285169 17.0000000000 4.0000000000 0.5529526479 67.0000000000 5.6064714453 0.8838971119 5.6062013476 -0.3068786526 4.7752314123 -0.2981969568 31.4294935502 -402.1356935989 25.2598828286 6.4834723457 -3.428719 1.400774 -3.714186 -0.745953 3.034844 -2.757912 -2.210580 -1.350387 -0.302199 -3.495706 -2.056131 -0.846597 0.563909 0.517775 -0.625685 -0.104165 -1.520096 2.783472 -3.403114 -0.322704 2.577242 -1.631484 -3.345611 3.820080 -0.579408 2.289748 2.917322 2.310601 -2.912859 4.616409 0.925552 -0.540543 -3.573718 -4.632001 -4.240533 -3.070288 1.859189 1.497171 -2.954883 -2.274393
evaluations raw_y rep iid sigma t d_norm d_mean ps_norm ps_mean pc_norm pc_mean ps_squared loglikelihood mhl_norm mhl_mean x0 x1 x2 x3 x4 x5 x6 x7 x8 x9 x10 x11 x12 x13 x14 x15 x16 x17 x18 x19 x20 x21 x22 x23 x24 x25 x26 x27 x28 x29 x30 x31 x32 x33 x34 x35 x36 x37 x38 x39
1 15.3824394354 18.0000000000 4.0000000000 0.5529526479 67.0000000000 5.6064714453 0.8838971119 5.6062013476 -0.3068786526 4.7752314123 -0.2981969568 31.4294935502 -402.1356935989 25.2598828286 6.4834723457 0.158857 4.380405 -0.269784 0.321036 0.885396 1.246783 2.017807 0.788498 -0.672773 -1.291813 1.610915 0.832886 1.149239 -2.203343 -1.989514 2.691039 1.163736 1.074477 4.134094 -0.580648 1.202730 -1.129054 -2.335903 -2.044004 1.767039 -1.067489 -2.700864 0.460188 1.789710 2.741520 4.927403 2.255803 -1.638428 0.134928 2.154433 -1.107090 1.355235 2.082987 -3.502844 0.237339
3 15.3550886793 18.0000000000 4.0000000000 0.5529526479 67.0000000000 5.6064714453 0.8838971119 5.6062013476 -0.3068786526 4.7752314123 -0.2981969568 31.4294935502 -402.1356935989 25.2598828286 6.4834723457 -0.174362 1.644271 2.495598 3.301620 1.700529 -1.598621 -3.629665 0.715032 5.000000 -0.919494 0.630584 -1.754030 2.037075 -4.383478 3.329803 -0.372067 2.385558 4.724396 -3.123623 -1.119754 -2.409913 1.493696 2.317411 1.418015 2.406870 0.207203 -1.770732 -0.875081 0.719683 0.534531 -0.005894 2.677875 -3.713073 -1.457597 0.989475 0.064753 2.110180 -1.080551 0.684843 -1.378653
5 8.3961893624 18.0000000000 4.0000000000 0.5529526479 67.0000000000 5.6064714453 0.8838971119 5.6062013476 -0.3068786526 4.7752314123 -0.2981969568 31.4294935502 -402.1356935989 25.2598828286 6.4834723457 0.458894 0.255044 1.169474 -2.540526 -1.469287 3.328159 -0.047687 -1.258820 -0.111461 -0.315369 -0.458703 0.244351 -1.993578 -1.187680 0.391943 -3.733941 -0.578322 -0.065602 -3.355772 2.484676 0.266535 3.563969 -1.512968 0.285648 -0.067488 2.994481 3.431006 0.626419 -1.287168 0.522236 2.266876 1.500993 -1.705709 1.277911 1.149158 0.496943 0.466138 2.412958 -2.264591 -2.384350
6 6.7887100223 18.0000000000 4.0000000000 0.5529526479 67.0000000000 5.6064714453 0.8838971119 5.6062013476 -0.3068786526 4.7752314123 -0.2981969568 31.4294935502 -402.1356935989 25.2598828286 6.4834723457 1.689023 1.087558 -0.936384 -1.498741 -2.352626 2.806540 1.361561 -0.758157 3.883901 0.546218 -0.950802 1.283863 -1.114723 -1.416906 1.573397 -0.529431 1.368263 0.001056 -2.731892 0.914473 2.867268 -1.829772 0.206108 -1.928527 1.339961 0.465556 1.159308 -2.102529 -1.940810 2.085356 0.131708 -2.801878 3.742524 2.703296 2.060785 0.795531 0.495310 -2.619728 -0.121044 -1.109956
18 6.2736253625 18.0000000000 4.0000000000 1.8816826086 1.0000000000 6.3120097615 0.9979970642 2.9989929357 0.0234153432 2.5432590798 0.0198570939 8.9939586286 -1311.3561829914 27.6229848165 7.0332672366 2.601487 0.700524 1.123955 2.578286 -4.539099 4.206543 -1.726935 1.989058 -1.981383 -0.850568 2.766380 3.426382 -0.035352 -0.351375 -0.324619 1.536889 1.692842 -1.816552 3.227532 0.039864 2.242720 -0.907829 0.021058 -2.965813 2.333686 1.280491 1.083214 3.768593 -1.068960 4.524243 -2.448971 -0.813493 0.047000 0.262524 -1.206406 2.617866 -1.182382 -1.591259 0.672966 -3.137652
23 4.9365471628 18.0000000000 4.0000000000 1.8816826086 1.0000000000 6.3120097615 0.9979970642 2.9989929357 0.0234153432 2.5432590798 0.0198570939 8.9939586286 -1311.3561829914 27.6229848165 7.0332672366 0.523707 -1.552832 1.039826 0.929384 0.405960 3.345195 2.375660 1.094802 0.952068 1.996231 -1.388618 2.239750 -1.382460 1.921010 -0.570907 0.659103 -3.406321 0.009951 -1.509233 -1.355530 1.225106 1.476171 0.863853 -2.681489 -0.167496 5.000000 3.185087 1.036534 -2.497772 4.774100 -3.181204 0.857109 4.077466 -1.408191 -0.869800 -0.310731 0.774477 -3.414442 1.270369 0.363149
1005 10.8920588424 18.0000000000 4.0000000000 0.7598984662 67.0000000000 5.6422578604 0.8895411659 6.2051338161 -0.1487168938 5.4993972736 -0.1536437420 38.5036856756 -573.0447972725 24.0025827205 6.1212399604 2.687366 2.946132 -0.431097 -3.786302 -0.175130 2.209633 1.248968 -3.979650 -2.037747 2.528424 -2.028101 2.961009 -1.575535 -4.340670 -0.843996 0.395395 -1.440513 0.761959 2.440693 0.064514 -3.982246 0.844251 1.457768 3.503808 -2.832784 3.286524 -1.377444 1.598131 0.288594 2.733328 3.747376 2.250613 -2.878695 -3.928930 -3.920397 0.610648 0.333142 -1.559602 -0.085649 0.035480
evaluations raw_y rep iid sigma t d_norm d_mean ps_norm ps_mean pc_norm pc_mean ps_squared loglikelihood mhl_norm mhl_mean x0 x1 x2 x3 x4 x5 x6 x7 x8 x9 x10 x11 x12 x13 x14 x15 x16 x17 x18 x19 x20 x21 x22 x23 x24 x25 x26 x27 x28 x29 x30 x31 x32 x33 x34 x35 x36 x37 x38 x39
1 16.8246493425 19.0000000000 4.0000000000 0.7598984662 67.0000000000 5.6422578604 0.8895411659 6.2051338161 -0.1487168938 5.4993972736 -0.1536437420 38.5036856756 -573.0447972725 24.0025827205 6.1212399604 0.442007 -0.680930 -1.155497 -0.808063 -1.206579 -0.487705 2.070687 1.161507 0.504827 -2.925092 -3.096683 0.530545 -0.001792 -2.031985 0.223979 -2.383904 3.111088 -1.866600 1.053068 -0.299929 1.045571 2.684310 3.117043 2.511988 1.817207 -1.681803 2.011170 -2.047608 0.363548 -0.833362 3.956817 3.834889 -2.062014 -0.966624 -1.290160 0.120696 1.095861 1.690297 -2.414363 0.749681
2 7.1313258905 19.0000000000 4.0000000000 0.7598984662 67.0000000000 5.6422578604 0.8895411659 6.2051338161 -0.1487168938 5.4993972736 -0.1536437420 38.5036856756 -573.0447972725 24.0025827205 6.1212399604 1.884696 -0.702528 0.919470 -0.097033 0.830964 -1.403752 0.370929 0.936700 0.079047 1.432281 -0.963377 -0.104982 -0.544557 0.615971 -3.521307 2.300448 -0.435462 -2.441175 -0.687231 3.097524 -0.415951 -0.483348 -0.249192 1.121828 2.617625 1.896513 1.583996 -0.380984 -0.014522 -1.350757 -1.515831 -2.504505 -1.530213 2.654848 0.492101 0.135669 -1.362209 -0.242765 -1.653856 -2.964715
115 6.2686299400 19.0000000000 4.0000000000 1.6763384445 7.0000000000 6.2418763234 0.9867101534 5.9656635767 0.0749473558 5.4448592471 0.0577276410 35.5891419104 -1157.3592854822 24.8338155723 6.3014753995 -5.000000 0.486080 2.089073 -0.030140 0.169701 -0.718480 1.783427 4.794214 -2.986169 -3.397148 0.180018 4.399503 -5.000000 1.510930 -1.807623 3.045205 0.623145 -2.338635 1.579642 -4.344184 -5.000000 0.402012 2.487332 0.283851 1.355262 -0.749897 -0.458719 -0.229102 2.283830 -1.514684 2.741091 -4.219057 -3.584498 1.196795 4.423131 -2.632346 -0.961493 -0.749461 2.756285 0.934824
149 5.9706447680 19.0000000000 4.0000000000 1.6319259529 9.0000000000 6.2191108268 0.9830339302 5.2999444289 0.0243781584 5.0316317622 0.0214916919 28.0894109498 -1135.8472358569 24.7637125740 6.3253209333 -4.981732 3.089311 3.539172 2.877012 -0.832867 -3.937736 2.545920 -0.579685 -0.258484 -0.178404 0.438638 2.619253 -3.925507 4.619743 -1.807150 5.000000 2.511669 -0.006753 4.448676 -4.078706 -5.000000 -1.222773 3.608570 4.350374 0.725620 1.808274 1.765722 0.933221 4.813742 -0.732473 -0.227986 0.709070 -2.470334 -1.460650 2.757169 -2.208100 0.434552 -0.322931 1.179090 -0.144100
317 5.9426581222 19.0000000000 4.0000000000 1.3607009298 21.0000000000 6.0897997199 0.9620812770 5.1923924746 0.2746610394 4.7868387038 0.2514518436 26.9609396103 -1031.8949146370 25.7427984598 6.5585424549 -1.378678 2.358011 3.744380 5.000000 0.527786 -2.268791 0.260307 1.551262 -5.000000 -3.309112 0.480777 3.108293 -2.955705 3.588557 -0.624427 3.311884 -3.784795 -0.275908 2.001182 0.282864 -2.980063 1.803729 0.706560 2.040412 -0.776162 4.380886 2.192155 -0.999232 1.912496 0.249392 1.264524 -0.113507 0.285324 -0.845288 3.346138 1.738710 -3.625623 -1.241153 -1.280431 -1.672270
677 5.5539313936 19.0000000000 4.0000000000 0.8658943152 45.0000000000 5.8324013193 0.9206373993 5.0677268781 0.1160533692 4.4301484223 0.0854518080 25.6818557106 -680.3627609605 23.9806869343 6.0717935465 -1.982696 5.000000 0.544075 1.080263 2.028614 3.113998 1.125296 2.724441 -4.265687 -3.147992 -3.846755 2.256566 -2.477347 4.320093 4.139124 2.684516 -1.706863 0.126711 1.552728 -3.742004 -1.625745 -0.548643 1.680199 3.220434 2.742347 1.089898 -0.427533 -2.655443 2.724513 0.657215 3.766355 -0.511612 -0.431728 -3.413674 2.630608 1.069418 -3.103052 -4.371204 4.162083 -0.019777
1005 17.9712740803 19.0000000000 4.0000000000 0.7202334293 67.0000000000 5.6245107358 0.8866124614 4.3075348128 -0.0784423654 3.9116764262 -0.0602145751 18.5548561636 -629.3788830793 27.9942008570 7.1693730969 -1.468725 5.000000 0.996079 1.881433 -1.526347 2.026446 3.915821 4.584279 -0.122015 -3.539055 -4.894483 1.542242 -3.999741 2.433087 4.113732 3.216831 -0.836371 3.067367 0.782415 -1.208698 -3.240922 1.687846 4.293245 3.225041 2.496251 -2.148807 -2.346512 -0.857625 1.748891 -0.085704 4.914648 -0.594691 -2.054603 -4.480855 1.604407 4.787813 -1.711276 -1.165469 3.902002 0.123485
evaluations raw_y rep iid sigma t d_norm d_mean ps_norm ps_mean pc_norm pc_mean ps_squared loglikelihood mhl_norm mhl_mean x0 x1 x2 x3 x4 x5 x6 x7 x8 x9 x10 x11 x12 x13 x14 x15 x16 x17 x18 x19 x20 x21 x22 x23 x24 x25 x26 x27 x28 x29 x30 x31 x32 x33 x34 x35 x36 x37 x38 x39
1 20.7585661067 0.0000000000 5.0000000000 0.7202334293 67.0000000000 5.6245107358 0.8866124614 4.3075348128 -0.0784423654 3.9116764262 -0.0602145751 18.5548561636 -629.3788830793 27.9942008570 7.1693730969 3.528105 0.800314 1.957476 4.481786 3.735116 -1.954556 1.900177 -0.302714 -0.206438 0.821197 0.288087 2.908547 1.522075 0.243350 0.887726 0.667349 2.988158 -0.410317 0.626135 -1.708191 -5.000000 1.307237 1.728872 -1.484330 4.539509 -2.908731 0.091517 -0.374368 3.065558 2.938718 0.309895 0.756325 -1.775571 -3.961593 -0.695824 0.312698 2.460581 2.404760 -0.774654 -0.604606
2 14.4212026445 0.0000000000 5.0000000000 0.7202334293 67.0000000000 5.6245107358 0.8866124614 4.3075348128 -0.0784423654 3.9116764262 -0.0602145751 18.5548561636 -629.3788830793 27.9942008570 7.1693730969 -2.097106 -2.840036 -3.412540 3.901551 -1.019304 -0.876149 -2.505591 1.554981 -3.227796 -0.425481 -1.790933 0.773805 -1.021610 -2.361264 -0.056364 0.856664 0.133034 0.604944 -1.268644 -0.725482 -1.344921 -0.719106 -1.626293 -3.452565 0.354852 -0.803562 -3.260397 0.925565 -1.814597 0.103891 1.458181 0.257966 2.278801 -2.469652 0.804683 -1.369620 -1.741594 -1.157699 -0.623105 0.112331
4 9.8147789283 0.0000000000 5.0000000000 0.7202334293 67.0000000000 5.6245107358 0.8866124614 4.3075348128 -0.0784423654 3.9116764262 -0.0602145751 18.5548561636 -629.3788830793 27.9942008570 7.1693730969 0.752851 -2.198802 0.596476 2.652772 -1.389136 -0.299269 -0.870307 3.698527 1.344590 0.814924 -1.539832 1.078498 -1.348665 0.063661 -1.271692 1.352867 1.153182 -0.416598 0.792013 -2.186123 -2.982515 0.878783 0.333347 1.270063 4.766290 1.888959 -1.825644 2.234033 -2.631815 -0.923169 -0.136483 3.426685 -1.489510 -1.652877 -0.196905 -1.326957 2.253272 -2.159863 -2.294937 -0.875640
19 9.1971138694 0.0000000000 5.0000000000 1.8904577536 1.0000000000 6.3109612693 0.9978308517 3.2497199009 -0.0792168347 2.7558849994 -0.0671788625 10.5606794343 -1289.8368305622 26.7620748897 6.8105244030 0.479018 -0.667914 -3.838865 2.647103 0.215798 2.256636 2.344598 4.383163 -1.112771 -0.270632 -3.740773 1.008499 0.793122 0.613333 -1.125355 2.614472 3.078842 0.960084 -2.606042 2.118622 -5.000000 -1.773307 -0.208209 3.506348 4.534833 3.330455 -4.188100 1.410647 0.981994 0.219320 -4.916309 -1.017640 1.019854 -2.439977 -1.558415 0.839860 0.751077 -1.419566 -1.614873 1.780217
47 8.9540792125 0.0000000000 5.0000000000 1.7518876679 3.0000000000 6.2889540213 0.9943025636 4.0865417521 -0.0088172710 3.6307706612 -0.0126150288 16.6998234919 -1205.2240604961 25.3846923507 6.5195225780 1.456908 0.959180 -0.370225 2.693573 -0.772326 -0.566093 -0.859190 2.001037 -1.983057 0.660584 -1.539110 -2.065400 1.500966 0.271181 -0.624802 1.213910 2.682963 0.469789 -0.926356 -0.951111 -1.466854 -1.895863 -0.901897 -1.032211 0.692669 1.313674 -1.621248 -0.310851 -1.559988 1.060208 -2.432133 -1.342151 -0.637925 -4.736154 -0.217966 3.451659 -1.267305 -3.020061 -1.838445 -0.718413
56 8.5093974752 0.0000000000 5.0000000000 1.7518876679 3.0000000000 6.2889540213 0.9943025636 4.0865417521 -0.0088172710 3.6307706612 -0.0126150288 16.6998234919 -1205.2240604961 25.3846923507 6.5195225780 -1.447028 0.160263 1.091675 4.230529 -0.480734 -0.647310 -0.518729 5.000000 -1.397600 0.021720 -2.307697 -0.677844 -1.341629 3.423304 -1.499720 -1.315231 1.491689 1.674327 1.547214 -1.222642 -3.961088 1.787193 -1.171210 -0.936048 1.639295 5.000000 1.441292 0.640141 -3.359025 2.024326 -1.950056 0.266059 -0.149715 -0.600971 -0.561629 0.192964 0.652642 0.884816 -2.024195 -2.554126
57 8.0860558350 0.0000000000 5.0000000000 1.7518876679 3.0000000000 6.2889540213 0.9943025636 4.0865417521 -0.0088172710 3.6307706612 -0.0126150288 16.6998234919 -1205.2240604961 25.3846923507 6.5195225780 0.779647 1.544971 -2.244378 3.062217 -2.083941 -1.256513 -0.734750 3.885803 -1.106366 2.606702 0.947796 -1.924375 -0.996967 2.883894 3.496921 1.492964 0.581270 -3.611727 1.702198 -0.473056 -5.000000 1.468406 2.393149 3.379097 2.356436 5.000000 -0.959567 -0.098130 -2.424453 1.926287 -2.279259 0.245538 0.744877 -3.817546 -0.432891 1.780219 0.953934 2.428069 -1.995108 0.775936
117 5.4590045734 0.0000000000 5.0000000000 1.5671915371 7.0000000000 6.2434446453 0.9870057330 5.0103042014 0.0538485349 4.5910171804 0.0495000906 25.1031481905 -1119.6640609759 24.8827703862 6.3789640760 -0.216813 2.320691 -3.234343 2.890165 -0.229428 -1.266551 -1.059164 4.766835 -4.581465 2.034176 2.604438 0.179330 -1.642735 0.686525 2.242988 -1.434771 -0.197360 -1.294160 0.543950 -1.930120 -1.707748 0.221032 1.355984 2.828593 0.797026 1.034041 -3.246863 -0.704696 -1.555189 -0.467393 -5.000000 1.250606 1.636950 -2.582445 -2.054707 5.000000 -2.172381 3.341170 2.089601 -1.021077
1005 11.5723346525 0.0000000000 5.0000000000 0.9260398004 67.0000000000 5.6388205324 0.8890005602 5.5752275384 -0.1428273215 4.7517225832 -0.0949839023 31.0831621047 -707.3788596891 24.8095394622 6.3440342074 4.237629 -3.774169 -1.930855 2.870324 2.139224 0.545915 -0.611680 -2.510339 -0.521379 1.525378 2.879935 1.974470 -0.046219 -1.015028 2.770398 -0.367458 -2.259423 -2.598748 -1.216112 -2.893167 -2.040835 3.070003 4.186971 2.591748 0.308207 3.015884 1.320987 0.130847 0.843779 -1.209826 0.913297 2.130167 0.520952 -0.862739 0.603157 1.113849 4.421140 -0.659286 -1.532257 3.888784
evaluations raw_y rep iid sigma t d_norm d_mean ps_norm ps_mean pc_norm pc_mean ps_squared loglikelihood mhl_norm mhl_mean x0 x1 x2 x3 x4 x5 x6 x7 x8 x9 x10 x11 x12 x13 x14 x15 x16 x17 x18 x19 x20 x21 x22 x23 x24 x25 x26 x27 x28 x29 x30 x31 x32 x33 x34 x35 x36 x37 x38 x39
1 9.9117673415 1.0000000000 5.0000000000 0.9260398004 67.0000000000 5.6388205324 0.8890005602 5.5752275384 -0.1428273215 4.7517225832 -0.0949839023 31.0831621047 -707.3788596891 24.8095394622 6.3440342074 3.248691 -1.223513 -1.056344 -2.145937 1.730815 -4.603077 3.489624 -1.522414 0.638078 -0.498741 2.924216 -4.120281 -0.644834 -0.768109 2.267539 -2.199783 -0.344856 -1.755717 0.084427 1.165630 -2.201238 2.289447 1.803181 1.004989 1.801712 -1.367456 -0.245780 -1.871539 -0.535776 1.060711 -1.383322 -0.793507 -1.374345 -1.690411 -1.342492 -0.025329 -2.234621 0.468831 3.319604 1.484088
5 7.6161979631 1.0000000000 5.0000000000 0.9260398004 67.0000000000 5.6388205324 0.8890005602 5.5752275384 -0.1428273215 4.7517225832 -0.0949839023 31.0831621047 -707.3788596891 24.8095394622 6.3440342074 -1.034189 -1.994054 0.497598 -0.593282 0.990423 -0.349406 1.972670 0.427068 4.381399 -3.792722 -1.293833 1.802974 5.000000 -0.497270 0.087338 -0.452628 2.662914 -0.574616 1.360140 -0.639603 -2.545118 0.627095 1.006370 2.586452 -0.220894 -1.234724 1.125522 0.481474 0.561330 -0.146225 2.320677 0.738985 3.809317 2.222113 1.318100 -3.254877 1.204639 0.840564 1.621903 2.088884
46 7.0480858210 1.0000000000 5.0000000000 1.6922208360 3.0000000000 6.2860765219 0.9938539632 3.7891820465 0.1115261821 3.3159564788 0.1027758313 14.3579005816 -1236.4240676876 27.3818083837 7.0199330008 -0.777716 0.221270 -0.057233 1.472083 0.107801 -0.365885 5.000000 1.135372 1.986446 -2.630452 -2.166028 -3.809964 1.727354 -2.335632 1.522669 1.741864 4.958131 3.947658 -1.658192 -1.696288 2.112771 -0.532042 1.607119 1.777633 -2.338179 -1.961381 -1.255988 -0.496195 1.467189 -3.387688 -0.593704 0.052328 3.522245 1.419883 1.696691 -3.020222 -1.102378 0.684815 -2.171478 -0.902685
53 6.5855408558 1.0000000000 5.0000000000 1.6922208360 3.0000000000 6.2860765219 0.9938539632 3.7891820465 0.1115261821 3.3159564788 0.1027758313 14.3579005816 -1236.4240676876 27.3818083837 7.0199330008 -2.829789 -0.095412 -0.538307 1.810220 3.373729 -1.698774 0.774880 -0.567617 -2.183697 -3.585255 1.362568 -3.563383 2.058662 -2.871138 4.667555 0.128800 2.415931 2.981329 -1.673255 -0.343705 1.338404 -1.527286 1.602288 0.495755 1.075223 -1.097987 0.711841 1.811939 -0.531106 -1.466049 -1.471019 -0.560045 0.425584 0.135681 3.108719 -2.761285 -1.039506 5.000000 -2.444582 -0.879176
80 5.3945865706 1.0000000000 5.0000000000 1.6400221704 5.0000000000 6.2636413995 0.9902496432 5.4095484872 0.0585470357 4.8131396276 0.0628507618 29.2632148353 -1129.5042868018 24.0536622603 6.1512809226 -1.466170 0.808337 2.248980 -1.000628 1.963446 0.563912 3.392919 2.051791 2.482908 -2.568066 -1.397487 -1.973062 2.566608 -2.305250 3.101253 0.431210 4.894115 4.764283 -0.461998 -3.650166 0.509846 -0.342375 0.836063 2.185743 0.806673 -0.230653 2.614850 -2.344614 0.386072 -2.022204 -1.797504 -0.800909 -1.763609 4.432440 1.638376 -2.658503 -1.779344 3.168321 -2.612105 -4.146892
880 5.2269133549 1.0000000000 5.0000000000 0.7869694627 58.0000000000 5.7127187988 0.9006197055 5.6929554579 0.0904446125 5.4412945509 0.1028830199 32.4097418451 -626.7441589275 25.1175933663 6.4233749027 -0.769505 -4.213115 0.513948 4.059390 -3.461965 2.272029 4.326606 3.052660 3.692587 3.238325 -0.007248 3.345573 2.101150 0.552511 -0.965272 -4.264969 2.405360 -3.580845 1.647222 2.072809 0.752698 3.775642 -0.936591 3.157727 0.580362 -3.133940 4.941171 4.087406 -3.443589 -1.547633 0.835768 -0.198264 0.890145 -1.032215 3.372094 -0.259028 2.683143 -0.221982 -3.630905 -0.381055
1005 11.2821505554 1.0000000000 5.0000000000 0.6569746405 67.0000000000 5.6225455635 0.8859614910 5.6051930859 0.2527091866 4.8935551155 0.2255033148 31.4181895303 -517.2747172418 25.6831145313 6.5662107254 -0.001272 -3.157732 2.116069 3.237327 -4.103101 2.676770 5.000000 2.540632 4.037990 4.233022 1.934721 4.030083 4.160850 -1.132243 -2.603879 -4.057110 1.216466 -3.517925 0.397318 2.867356 1.589820 4.936205 -0.850764 4.091989 -1.294798 -2.956505 5.000000 4.979928 -3.297168 -3.675391 3.365517 -0.852895 -0.086868 -1.816264 2.723385 -0.714010 3.037006 -0.862655 -3.443798 0.247180
evaluations raw_y rep iid sigma t d_norm d_mean ps_norm ps_mean pc_norm pc_mean ps_squared loglikelihood mhl_norm mhl_mean x0 x1 x2 x3 x4 x5 x6 x7 x8 x9 x10 x11 x12 x13 x14 x15 x16 x17 x18 x19 x20 x21 x22 x23 x24 x25 x26 x27 x28 x29 x30 x31 x32 x33 x34 x35 x36 x37 x38 x39
1 20.5210950339 2.0000000000 5.0000000000 0.6569746405 67.0000000000 5.6225455635 0.8859614910 5.6051930859 0.2527091866 4.8935551155 0.2255033148 31.4181895303 -517.2747172418 25.6831145313 6.5662107254 -0.833516 -0.112534 -4.272392 3.280542 -3.586871 -1.683495 1.005763 -2.490576 -2.115904 -1.818015 1.102908 4.584416 0.083079 -2.235851 1.078117 -1.192319 -0.038261 2.350002 -1.495742 0.018051 -1.756216 -0.312868 0.513141 -1.977558 -0.677644 -0.472368 -1.275310 -2.375225 -2.842434 -0.306990 -0.538114 4.462734 -4.869535 0.225453 0.740889 2.719268 1.003714 -1.688427 0.000020 1.084705
2 17.6513870882 2.0000000000 5.0000000000 0.6569746405 67.0000000000 5.6225455635 0.8859614910 5.6051930859 0.2527091866 4.8935551155 0.2255033148 31.4181895303 -517.2747172418 25.6831145313 6.5662107254 -0.627016 1.542023 -3.736181 3.462369 2.935356 -0.671355 1.222682 0.095941 -1.658271 0.175420 2.000732 -0.762185 -0.751339 -0.148942 0.866993 2.556758 -1.269359 1.016792 0.432232 -3.717225 -0.838633 -0.264658 -0.079140 0.652007 -4.080646 0.092511 -1.355351 -2.878878 1.048593 1.470559 -1.306501 1.684913 -0.763033 0.132978 -2.197478 3.168974 -5.000000 -0.182905 1.390239 -4.066933
3 17.0588554850 2.0000000000 5.0000000000 0.6569746405 67.0000000000 5.6225455635 0.8859614910 5.6051930859 0.2527091866 4.8935551155 0.2255033148 31.4181895303 -517.2747172418 25.6831145313 6.5662107254 -0.378939 -0.154437 1.649406 2.496426 -0.807785 -2.769037 2.734471 2.435771 -0.924011 0.701777 0.763732 1.132551 0.408416 2.813392 -3.475919 2.081648 0.760944 -0.434271 2.347063 -4.687206 2.323043 0.772156 -2.266267 0.866185 -0.608173 5.000000 3.670665 0.881380 -1.438508 -1.166829 -0.650099 -1.120469 -1.804492 -1.181945 -0.552359 -1.033768 -1.397180 -1.857784 5.000000 -2.946346
4 9.3553531876 2.0000000000 5.0000000000 0.6569746405 67.0000000000 5.6225455635 0.8859614910 5.6051930859 0.2527091866 4.8935551155 0.2255033148 31.4181895303 -517.2747172418 25.6831145313 6.5662107254 -2.042829 0.864791 -0.647160 0.847649 1.598360 2.525227 1.503930 -1.987522 2.218287 -3.529835 -0.228843 -0.996348 -2.121598 1.183333 -0.366513 2.039709 -2.964931 1.692624 0.995880 0.253008 -2.837621 -0.503548 -3.093349 -4.165304 5.000000 1.941723 3.585186 -0.858027 1.392396 1.394833 1.203032 0.007319 -0.456495 -4.139225 1.220288 0.846994 2.235773 -0.548484 3.483624 -0.895002
7 8.9027420546 2.0000000000 5.0000000000 0.6569746405 67.0000000000 5.6225455635 0.8859614910 5.6051930859 0.2527091866 4.8935551155 0.2255033148 31.4181895303 -517.2747172418 25.6831145313 6.5662107254 -2.635135 -4.051187 -0.164491 -0.609333 -0.319448 1.097893 -1.236751 0.757589 1.026503 -0.669688 -0.567039 1.076849 0.114502 0.318177 -4.748805 0.117040 0.753092 -0.270960 0.671817 3.808752 0.170729 1.330669 -1.699991 -1.704684 -0.959970 -2.039298 -0.015202 -1.867661 -0.349994 -2.874287 -3.304401 -1.351324 -2.134134 -1.305862 -1.224190 -0.702525 2.090956 2.738032 1.450707 -0.718949
20 8.5118354442 2.0000000000 5.0000000000 1.8814264131 1.0000000000 6.3103896199 0.9977367193 2.9916552602 -0.1109188799 2.5370364543 -0.0940633921 8.9500011958 -1322.4198421226 28.0688711497 7.1592909962 -4.773852 0.299462 -0.625860 1.862463 -2.084612 4.375061 -1.920930 -1.477930 3.602662 1.541671 0.508209 -2.279192 -1.646208 2.428455 2.919427 -1.585197 0.647566 0.271112 0.799053 2.575525 2.903574 -2.118613 -0.092107 -2.812427 -0.675233 -0.443358 2.621311 5.000000 -2.242400 -1.224290 -1.325758 -1.091778 0.965919 0.642665 0.489922 -0.709877 0.117173 1.536520 -1.342049 -2.402837
80 6.4010228127 2.0000000000 5.0000000000 1.6945528979 5.0000000000 6.2700513462 0.9912417895 5.6158111818 0.0225903700 5.1344113224 0.0112328967 31.5373352300 -1207.6323306388 26.3374622507 6.7546931034 -1.970328 1.683908 -2.683357 0.750884 3.009667 3.598869 0.075595 -1.625716 5.000000 -0.116125 3.168723 -2.301497 -3.178542 1.767784 -1.134237 -2.138450 5.000000 4.338703 1.565864 2.177438 -0.305517 0.339662 -0.272861 -0.181640 4.104706 -0.556300 5.000000 1.574681 -3.511965 -3.863184 0.937229 -2.672273 2.422563 -5.000000 -3.590986 3.613318 -2.398488 1.600556 2.692845 -5.000000
98 6.3282928396 2.0000000000 5.0000000000 1.6814241914 6.0000000000 6.2622096214 0.9899526203 5.8660757287 0.1532256357 5.3605821277 0.1212015753 34.4108444548 -1189.5394958436 25.8638241135 6.6355284609 -3.252463 1.492426 -5.000000 4.565808 -1.472963 2.583707 2.245321 -0.813622 5.000000 0.822683 1.136380 0.325716 -3.612737 2.471573 -0.864175 -4.445486 5.000000 1.393844 2.651343 1.343191 -0.377799 -2.692783 2.021071 -1.747348 2.374653 1.083516 5.000000 2.448535 -3.027346 -5.000000 0.282262 1.139629 1.659454 -1.079135 -3.648944 2.967870 -0.900660 3.894822 -0.589843 -5.000000
175 4.3101553764 2.0000000000 5.0000000000 1.5886206252 11.0000000000 6.2071722391 0.9810452569 6.0610269641 0.2098958270 5.7116074541 0.2067248443 36.7360478601 -1114.3998573305 24.6080792471 6.2116451894 -2.134745 0.920771 -2.606800 5.000000 1.503445 0.170601 2.175761 -2.728134 5.000000 -0.895364 5.000000 -0.051309 -1.375199 5.000000 -0.177051 -0.339417 2.527028 3.088359 1.849465 3.185965 0.476292 0.767654 0.700396 -1.093249 0.426554 -1.557486 3.685084 -0.923333 2.251313 -3.457212 2.596829 2.012021 0.772885 -4.067795 -3.935650 3.169648 4.076926 4.884088 2.980972 -3.457178
1005 11.9361177009 2.0000000000 5.0000000000 0.7234407924 67.0000000000 5.6389060839 0.8892425342 6.6600174996 -0.2200950957 5.8936606708 -0.1924126255 44.3558330955 -567.6619146194 25.2154571355 6.4298610290 -0.552205 2.274354 3.227938 5.000000 1.023269 -0.772387 1.317273 -4.202987 2.290286 3.420282 3.109992 -3.990015 -2.246332 1.501451 1.953486 -2.883522 1.266467 -0.315274 -1.769219 0.201392 -0.904268 -2.852346 4.050290 1.069101 1.880216 -0.884567 3.057005 -2.102465 -3.041592 -1.400154 2.760579 2.470230 -3.927469 -3.977305 -4.774467 2.234767 4.185189 2.732019 -0.322177 -3.001945
evaluations raw_y rep iid sigma t d_norm d_mean ps_norm ps_mean pc_norm pc_mean ps_squared loglikelihood mhl_norm mhl_mean x0 x1 x2 x3 x4 x5 x6 x7 x8 x9 x10 x11 x12 x13 x14 x15 x16 x17 x18 x19 x20 x21 x22 x23 x24 x25 x26 x27 x28 x29 x30 x31 x32 x33 x34 x35 x36 x37 x38 x39
1 15.5936684068 3.0000000000 5.0000000000 0.7234407924 67.0000000000 5.6389060839 0.8892425342 6.6600174996 -0.2200950957 5.8936606708 -0.1924126255 44.3558330955 -567.6619146194 25.2154571355 6.4298610290 3.577257 0.873020 0.192995 -3.726985 -0.554776 -0.709518 -0.165483 -1.254001 -0.087636 -0.954436 -2.627730 1.769245 1.762636 3.419146 0.100067 -0.809355 -1.090720 -3.092955 1.964735 -2.202135 -2.370093 -0.411300 2.972297 0.473433 -2.047570 -1.425986 1.250490 -0.321027 -1.537673 -0.460061 1.490113 3.952222 -2.488247 -1.252834 -1.607532 -4.838166 -1.847584 -2.047752 2.247956 -0.263828
3 10.6935284160 3.0000000000 5.0000000000 0.7234407924 67.0000000000 5.6389060839 0.8892425342 6.6600174996 -0.2200950957 5.8936606708 -0.1924126255 44.3558330955 -567.6619146194 25.2154571355 6.4298610290 -2.741338 0.477126 1.228154 -1.675825 0.290126 2.335765 -0.048209 -1.777315 -5.000000 -1.943681 -1.182157 -1.032835 -1.919992 0.754590 -1.149417 -0.218909 1.358143 -1.710874 -0.600412 4.316299 1.748571 -2.587073 -0.159482 1.128971 2.466942 0.297973 -1.061164 -1.461053 1.290124 0.626121 -1.033296 -0.378143 -0.832396 1.449315 -1.379921 0.972829 1.703038 0.972499 -1.668480 2.689985
9 10.4998379258 3.0000000000 5.0000000000 0.7234407924 67.0000000000 5.6389060839 0.8892425342 6.6600174996 -0.2200950957 5.8936606708 -0.1924126255 44.3558330955 -567.6619146194 25.2154571355 6.4298610290 4.039301 0.652525 1.722715 1.838016 -2.648977 -4.563585 -0.659156 1.794299 0.182069 1.570864 1.873265 -2.984794 0.575367 3.932949 -1.141065 -4.058144 -0.463809 -0.929337 0.836762 -1.784813 0.181434 -4.434835 1.707927 3.173733 2.595755 -3.030431 0.638392 -5.000000 0.566372 -0.128720 -1.991588 0.687589 0.276029 1.879006 0.254617 0.470054 -3.890145 -2.319446 -0.951799 0.593689
23 7.4661934418 3.0000000000 5.0000000000 1.8859457029 1.0000000000 6.3120243309 0.9979920589 3.1209454827 -0.0302323741 2.6466794376 -0.0256381930 9.7403007058 -1301.2072938243 27.2101999155 6.9780637548 0.783266 3.234497 -0.867003 -1.183950 2.338438 2.049871 0.680124 4.247538 -2.601596 0.549279 0.127182 -1.618099 -0.603923 0.700308 0.257662 -0.385437 0.499891 -1.240284 1.754811 -0.509533 0.835658 -0.022526 0.216160 0.905043 -1.425042 -1.086145 -2.003204 -4.437292 0.605881 1.347310 -3.258366 -4.058454 -1.300219 -0.426087 0.203712 2.397556 0.341727 -3.134167 -0.385070 -1.744854
118 5.4012647409 3.0000000000 5.0000000000 1.6496931665 7.0000000000 6.2493528466 0.9879124688 5.3969307550 -0.0865749472 4.9281104652 -0.0842438270 29.1268615741 -1168.8617138363 25.5784502977 6.5544375943 1.977569 4.246493 -4.659119 4.253154 -0.411972 -0.151931 -4.925510 2.067540 -1.661779 -1.380607 2.719632 -3.107030 -1.308398 -2.195495 1.183836 0.085434 -4.285506 -3.597488 4.859248 1.134921 -1.130025 -5.000000 0.862467 1.788593 -1.169456 -3.340680 0.307408 -0.682860 3.336968 0.485617 -5.000000 2.206270 -0.478727 -1.737593 -2.172301 0.030607 0.403725 0.157610 4.818046 -1.568050
550 4.6972137916 3.0000000000 5.0000000000 1.1821021386 36.0000000000 5.9510810784 0.9394990542 6.3761702937 0.0848048232 5.6829179196 0.0352785704 40.6555476145 -901.7067530992 24.8048998233 6.3364396676 1.404162 1.095301 1.735251 1.961435 2.499913 1.083920 -5.000000 0.162844 -0.700606 1.217535 2.624550 0.563988 -1.240103 -2.296452 -3.220646 -0.606675 -1.344704 -0.143138 5.000000 1.849982 -1.973797 -3.922765 -3.726661 2.371399 -3.189257 -2.263256 1.232535 -1.915484 -1.200295 -3.688476 -2.379956 1.263629 -2.895779 0.345775 -0.749720 2.147689 2.701190 2.393048 -1.308932 -1.197982
1005 13.3171041614 3.0000000000 5.0000000000 0.7411595114 67.0000000000 5.6455717959 0.8897697934 5.3390983721 -0.0680849405 4.6953698292 -0.0479507050 28.5059714269 -607.4820669472 26.0863215098 6.6718041658 1.654949 1.358599 -4.575073 4.813609 4.518295 -1.830338 -3.889468 1.721653 -1.375478 2.174380 5.000000 -2.121100 -2.132334 -4.173602 -4.075482 -0.974361 0.425075 -0.408574 3.902119 0.826573 -4.563808 -3.341840 -4.291527 2.145068 -2.966058 -3.345600 0.802000 -0.052001 1.498387 0.290658 -3.209416 0.728162 -3.620524 0.937331 -2.601259 1.021453 2.355992 3.766397 1.225933 -2.883789
evaluations raw_y rep iid sigma t d_norm d_mean ps_norm ps_mean pc_norm pc_mean ps_squared loglikelihood mhl_norm mhl_mean x0 x1 x2 x3 x4 x5 x6 x7 x8 x9 x10 x11 x12 x13 x14 x15 x16 x17 x18 x19 x20 x21 x22 x23 x24 x25 x26 x27 x28 x29 x30 x31 x32 x33 x34 x35 x36 x37 x38 x39
1 13.3631432923 4.0000000000 5.0000000000 0.7411595114 67.0000000000 5.6455717959 0.8897697934 5.3390983721 -0.0680849405 4.6953698292 -0.0479507050 28.5059714269 -607.4820669472 26.0863215098 6.6718041658 0.101123 0.999903 -1.991818 1.387197 -0.836603 -3.169154 -1.295414 1.197150 0.664500 -2.294953 1.237339 -0.175974 0.850145 0.664506 -2.313633 0.701994 -1.213775 3.093959 1.446683 0.092271 -1.965983 0.108865 0.319786 -2.417896 4.446720 0.788590 3.384715 -2.225624 3.271495 -2.721931 -1.302452 1.084903 0.096012 -4.716147 -2.211168 1.675673 4.175742 1.829682 -0.552407 1.593024
6 12.9659132976 4.0000000000 5.0000000000 0.7411595114 67.0000000000 5.6455717959 0.8897697934 5.3390983721 -0.0680849405 4.6953698292 -0.0479507050 28.5059714269 -607.4820669472 26.0863215098 6.6718041658 -0.945326 0.192536 2.458427 3.199755 -0.798829 -2.928367 -2.767733 4.250644 -0.805740 0.915812 3.834570 -1.360232 -0.389148 -1.161190 -2.191832 1.599511 2.131400 -3.747477 1.963421 -0.471934 0.367253 0.395738 -2.613077 -0.621742 -1.981826 3.830503 4.371696 0.168067 -2.357912 2.312112 -0.380004 3.490889 3.937439 3.345813 -0.790519 -1.996150 -1.326100 -0.192690 -1.847615 2.386737
7 11.2663180761 4.0000000000 5.0000000000 0.7411595114 67.0000000000 5.6455717959 0.8897697934 5.3390983721 -0.0680849405 4.6953698292 -0.0479507050 28.5059714269 -607.4820669472 26.0863215098 6.6718041658 1.314928 -0.067931 -0.800786 1.298629 2.756839 -3.859591 0.467747 -0.600931 -1.488459 -0.682512 0.269034 3.739131 0.114114 -0.859534 -2.454380 1.547999 -1.503742 -0.227490 1.426174 0.104741 -0.772457 -0.345440 1.796698 -0.039272 0.485346 0.845697 -0.669079 0.655878 -0.553618 2.267687 1.003621 -3.460676 -0.414708 2.218349 -0.425732 -0.845035 1.987368 -2.165252 0.130070 1.180326
12 10.0256997648 4.0000000000 5.0000000000 0.7411595114 67.0000000000 5.6455717959 0.8897697934 5.3390983721 -0.0680849405 4.6953698292 -0.0479507050 28.5059714269 -607.4820669472 26.0863215098 6.6718041658 0.764562 0.809387 -2.299298 0.362714 0.317741 1.565951 1.386967 3.095370 -1.561309 -0.240745 0.448394 -1.227890 -0.511657 -0.708551 -0.921894 4.539144 -0.124412 2.948571 -1.665447 0.588396 -1.222806 0.704515 3.339458 3.890606 1.654127 0.950492 0.058640 0.822228 2.774413 -3.159648 -0.547944 -1.866086 2.052168 -2.393763 1.717482 -2.220221 -2.067630 3.030773 2.079008 -1.711859
29 8.7088984324 4.0000000000 5.0000000000 1.8869685434 1.0000000000 6.3123964030 0.9980607220 3.1501644459 0.1580553444 2.6714582201 0.1340368912 9.9235360364 -1285.2852999451 26.6021525811 6.7830439440 -0.898943 3.200575 2.091239 4.617545 1.751636 -0.071869 5.000000 0.318598 -1.972803 -0.985140 -0.430810 0.918640 1.980990 -0.393308 -3.524630 1.373792 -4.777354 -0.414164 1.026978 -0.128329 -2.053189 2.776021 1.102588 3.347747 0.148350 0.049275 2.400923 0.955317 -0.405212 -1.530374 -3.173178 -0.252672 -0.905242 1.695368 -0.211166 -2.064338 0.812866 0.758221 -1.807611 -0.193062
64 8.2288359035 4.0000000000 5.0000000000 1.6958726696 4.0000000000 6.2802002478 0.9929119457 4.8950417829 0.3145978814 4.3618717157 0.2836334966 23.9614340562 -1164.0486939181 24.5459238167 6.3044494058 0.208702 0.362490 0.279913 1.782872 -1.513829 1.074261 2.156110 -1.246901 2.010322 0.624601 -2.249434 3.677139 3.788221 -1.849878 -1.406059 2.493627 -0.406801 1.961667 1.157085 -1.588493 1.822791 1.279390 2.480812 4.721024 1.854145 5.000000 2.485325 0.399732 1.359874 -3.283373 0.249594 -0.226931 2.886484 2.701678 0.213324 -0.608954 3.139214 -2.967577 -0.965951 2.628671
96 7.9999924123 4.0000000000 5.0000000000 1.5919745955 6.0000000000 6.2603502142 0.9897199101 4.4393036545 0.2485651648 4.0297386646 0.2415404339 19.7074169370 -1182.0259268863 26.8290334733 6.9118913469 2.330667 -0.215760 -0.248419 1.764005 -1.609001 -0.581399 1.965001 -0.005476 0.027218 0.803387 2.488281 4.175984 0.713113 -1.642584 -3.480066 3.071885 -2.373968 3.349598 -0.182073 0.349237 -0.356341 2.658676 -0.654591 2.543694 -0.450923 0.347209 2.979808 0.514362 0.464226 -3.643964 0.748456 4.118360 0.979756 0.490608 3.629476 0.007387 2.793333 0.554235 -2.173156 0.273271
110 5.9794774782 4.0000000000 5.0000000000 1.5438974437 7.0000000000 6.2486874059 0.9878558481 4.6326893546 0.1577459751 4.1617928168 0.1684258443 21.4618106565 -1103.9617698834 24.6157053517 6.2845322217 1.980017 3.265228 1.869746 0.817762 -0.679146 0.038915 2.384517 1.479873 0.180099 0.535802 0.575079 2.399232 3.657709 -1.396416 -1.178011 0.206251 -1.847123 3.846357 0.155036 1.673211 2.221956 2.528917 -0.008534 0.935341 1.105130 2.859212 0.702983 2.500063 2.496027 -3.915519 -3.380616 3.722609 -1.058414 1.206037 0.509097 -2.674845 1.486136 -0.591756 -0.369875 -0.700360
439 5.8567405606 4.0000000000 5.0000000000 1.0542889257 29.0000000000 6.0116140779 0.9495368194 5.2316035880 -0.0824185430 4.8241755708 -0.0362764242 27.3696761023 -868.4056336898 25.8830738362 6.5547375505 1.762491 -2.482641 5.000000 1.278280 0.149465 -1.747284 -2.800128 3.745501 -0.051442 2.287445 5.000000 -1.287285 -1.084213 2.232470 -1.520879 3.278425 0.909542 -0.173993 -0.659295 4.166497 2.467868 4.334150 -4.645856 3.005159 0.187633 0.222776 3.874616 -2.280583 1.195576 -2.316408 -0.261614 5.000000 3.272121 -1.563835 1.301280 -3.434410 3.130014 -0.999001 -3.175668 4.204250
1005 17.2207331743 4.0000000000 5.0000000000 0.7434948958 67.0000000000 5.6435757759 0.8898500484 6.5455699795 -0.2858910742 5.6734016274 -0.2697315117 42.8444863571 -568.8563630063 24.5704855108 6.2457025832 0.646399 -2.659728 0.513078 -3.017277 3.077329 1.592369 1.790541 2.748718 -2.967104 1.489289 3.405125 0.673707 -4.322364 4.377521 0.562898 2.690317 -1.489945 2.028861 -1.903140 2.441190 -2.622065 2.169248 -3.678160 3.009810 2.222792 -0.524494 1.241182 -1.415608 3.302994 -2.308775 1.319499 3.905029 2.603640 -0.934630 0.851121 -1.775041 3.641598 1.542879 -3.687787 1.374032
evaluations raw_y rep iid sigma t d_norm d_mean ps_norm ps_mean pc_norm pc_mean ps_squared loglikelihood mhl_norm mhl_mean x0 x1 x2 x3 x4 x5 x6 x7 x8 x9 x10 x11 x12 x13 x14 x15 x16 x17 x18 x19 x20 x21 x22 x23 x24 x25 x26 x27 x28 x29 x30 x31 x32 x33 x34 x35 x36 x37 x38 x39
1 12.7418033823 5.0000000000 5.0000000000 0.7434948958 67.0000000000 5.6435757759 0.8898500484 6.5455699795 -0.2858910742 5.6734016274 -0.2697315117 42.8444863571 -568.8563630063 24.5704855108 6.2457025832 0.882455 -0.661740 4.861542 -0.504184 0.219220 3.164962 -1.818465 -1.183273 0.375206 -0.659740 -2.385529 -0.409753 -0.717658 1.206943 -3.329577 -1.400358 2.302782 3.714662 -3.022359 1.289695 -1.961216 -1.713706 -1.743758 -0.845016 1.992880 1.424843 0.118288 -0.726622 0.006578 -0.211861 1.586107 -1.263143 -0.012390 -0.202135 -0.104616 0.498435 0.395320 2.669697 -0.173751 3.123065
2 12.4563837455 5.0000000000 5.0000000000 0.7434948958 67.0000000000 5.6435757759 0.8898500484 6.5455699795 -0.2858910742 5.6734016274 -0.2697315117 42.8444863571 -568.8563630063 24.5704855108 6.2457025832 -0.611706 -0.955463 0.201476 0.710877 0.539225 2.583927 2.278686 0.988881 -0.672673 -0.201229 2.826796 0.442508 -2.621546 -1.379130 -1.155026 2.304410 -0.214328 4.520214 1.313239 0.249614 -0.871408 1.944359 -0.481422 -1.648247 1.136265 0.025517 2.378121 -0.147187 -5.000000 1.578733 -3.755482 3.077512 3.642729 -0.854063 -2.329404 -2.794148 1.745309 -0.404236 -1.196720 -0.486839
3 11.8441885190 5.0000000000 5.0000000000 0.7434948958 67.0000000000 5.6435757759 0.8898500484 6.5455699795 -0.2858910742 5.6734016274 -0.2697315117 42.8444863571 -568.8563630063 24.5704855108 6.2457025832 4.177029 0.693839 1.491454 1.553815 2.036842 2.122703 -1.420933 -0.430376 -1.521521 -1.422326 2.283015 -1.003511 -0.158303 -1.385653 -1.186806 1.576476 -0.890860 -0.964240 0.987115 1.000975 1.584845 0.341529 -3.507482 1.260593 0.996658 2.036275 -1.692937 5.000000 -2.464772 1.453907 0.091910 -0.974265 1.632265 -0.562860 -4.671244 -2.334557 0.915316 4.475931 -2.962518 -0.033891
7 11.2223888574 5.0000000000 5.0000000000 0.7434948958 67.0000000000 5.6435757759 0.8898500484 6.5455699795 -0.2858910742 5.6734016274 -0.2697315117 42.8444863571 -568.8563630063 24.5704855108 6.2457025832 -0.751415 0.069288 0.090156 -1.527494 -0.626277 -1.213979 -3.619102 -0.511035 -1.387599 0.838396 -0.290400 1.927603 1.392444 1.798811 2.416756 1.386507 -0.332721 2.706226 -1.857253 -0.070945 1.719292 -0.574993 1.429900 -1.606905 -1.080964 1.092355 1.423779 2.394309 -0.140134 0.596454 1.252385 0.934864 -2.605243 -1.140179 2.885900 -2.487990 1.257761 -0.851184 2.006419 -1.556355
8 7.6553272334 5.0000000000 5.0000000000 0.7434948958 67.0000000000 5.6435757759 0.8898500484 6.5455699795 -0.2858910742 5.6734016274 -0.2697315117 42.8444863571 -568.8563630063 24.5704855108 6.2457025832 0.097889 -4.052804 -0.083873 2.149086 -3.001719 2.371489 -1.430162 -0.102477 -5.000000 2.157256 -1.751372 -1.076219 -2.556431 -1.985539 2.286856 -1.018145 1.790002 -0.352407 0.692167 -1.012620 0.854328 5.000000 1.305786 1.011680 -0.951902 2.021817 2.718402 -3.404180 -2.760664 4.203553 0.851798 0.258400 1.125925 2.193529 1.601638 -0.446167 4.127341 0.025247 -1.749548 -1.114159
251 6.7021962140 5.0000000000 5.0000000000 1.4005767121 16.0000000000 6.1342457696 0.9693141594 5.2914001979 -0.1349029009 4.8549256088 -0.1157952280 27.9989160543 -1037.8545790025 24.9797940914 6.3959041053 -0.210146 -1.476003 -0.022161 0.264388 1.466638 2.480315 -2.847862 -2.824486 -4.257277 -0.097444 1.757764 2.514934 -1.501336 3.908106 2.456843 -3.480083 1.214574 -2.450343 3.399412 1.073776 -2.485650 0.117000 -1.194396 -0.780122 1.972413 3.885646 -2.326859 -5.000000 2.363964 1.103405 1.517341 -3.713371 1.580556 -3.492908 2.751490 -3.002097 2.054971 -1.224887 4.634737 0.517204
703 6.5110118122 5.0000000000 5.0000000000 1.0864715109 46.0000000000 5.8396715670 0.9215059664 6.2439646836 -0.3411611223 5.6522976188 -0.2629057663 38.9870949696 -863.4329834377 25.9836602891 6.6524523766 -0.294120 -0.250673 0.602161 2.865050 -3.383250 3.043106 -4.675280 -5.000000 -4.089624 -1.782079 2.147245 -1.833217 -2.254018 -3.004829 3.023380 -0.170828 -1.166266 -2.079472 2.408786 -0.623419 4.492386 -4.952553 1.507104 -0.701307 -1.408808 4.862731 -2.633277 -3.132305 0.308561 2.787121 4.260961 -0.647179 0.501195 -2.372627 4.398871 -0.615643 4.805399 -1.212607 3.578993 0.346405
721 4.7338382102 5.0000000000 5.0000000000 1.0528655221 48.0000000000 5.8174808655 0.9179501361 5.1035418453 -0.0804933132 4.5965547493 -0.0680344541 26.0461393664 -843.1316761587 26.1843705789 6.6730514176 0.740753 1.638759 0.022135 2.360776 -2.041542 2.268445 -2.924029 -3.845881 -3.458710 -2.243904 2.647284 -1.045308 -1.295602 -1.721520 3.119331 0.857903 -1.756723 -2.926897 3.229524 0.638496 4.031513 -2.844350 1.474659 -2.307258 1.862300 4.012000 -4.646968 -1.448771 -0.469693 3.042353 5.000000 -0.713353 1.087877 -4.109691 5.000000 0.437233 3.373996 -1.082802 4.843249 -0.617430
1005 10.9929234035 5.0000000000 5.0000000000 0.7983664676 67.0000000000 5.6306003235 0.8875254870 6.1523569102 -0.0099666909 5.3703158966 -0.0061285651 37.8514955505 -631.6826577222 25.5093693679 6.5313751292 2.010546 1.217821 -0.065541 5.000000 -0.185849 1.870605 -4.409796 -3.948821 -4.609959 -1.872389 0.848234 -0.467083 -1.208775 -0.751242 -1.062041 -0.741985 0.253917 -1.314131 2.311670 -0.359820 3.943743 -3.934918 2.062178 -0.321560 -2.949045 4.666715 -0.267944 -1.809154 1.226501 1.031558 1.978481 1.159346 -0.462948 -4.283897 0.977695 -1.467334 5.000000 -3.729516 4.154082 3.038079
evaluations raw_y rep iid sigma t d_norm d_mean ps_norm ps_mean pc_norm pc_mean ps_squared loglikelihood mhl_norm mhl_mean x0 x1 x2 x3 x4 x5 x6 x7 x8 x9 x10 x11 x12 x13 x14 x15 x16 x17 x18 x19 x20 x21 x22 x23 x24 x25 x26 x27 x28 x29 x30 x31 x32 x33 x34 x35 x36 x37 x38 x39
1 22.5156122367 6.0000000000 5.0000000000 0.7983664676 67.0000000000 5.6306003235 0.8875254870 6.1523569102 -0.0099666909 5.3703158966 -0.0061285651 37.8514955505 -631.6826577222 25.5093693679 6.5313751292 -0.623567 1.458008 0.435642 -1.798184 -4.973561 1.826503 2.254127 -3.028186 3.278582 -0.859787 5.000000 1.203644 -0.671763 2.475476 0.222256 0.258302 0.152255 -0.310256 1.268451 1.621310 0.709617 3.625181 -2.712952 -0.927264 1.649308 -2.352863 3.128979 1.425410 -0.362013 1.068399 -1.173226 -2.963707 1.714495 1.886198 0.228883 -0.043913 -4.254289 -1.668815 -0.931017 0.467421
2 19.2623042859 6.0000000000 5.0000000000 0.7983664676 67.0000000000 5.6306003235 0.8875254870 6.1523569102 -0.0099666909 5.3703158966 -0.0061285651 37.8514955505 -631.6826577222 25.5093693679 6.5313751292 2.770070 -1.039254 -1.560304 1.911219 -0.253473 -2.737226 2.436961 -1.715003 -1.122942 -2.067040 0.717542 2.147363 -0.751009 0.792735 -0.942893 4.673216 3.005571 -1.190919 1.056682 1.879650 0.852571 -1.516314 -0.324734 1.453620 0.888166 -1.713645 0.893857 -2.029296 -4.264647 0.347726 1.902403 0.883795 2.938035 3.499033 0.707061 -1.286675 -0.094474 -2.898080 -0.072380 -0.181694
4 13.2494595279 6.0000000000 5.0000000000 0.7983664676 67.0000000000 5.6306003235 0.8875254870 6.1523569102 -0.0099666909 5.3703158966 -0.0061285651 37.8514955505 -631.6826577222 25.5093693679 6.5313751292 0.573759 0.103719 0.103102 -0.439175 -1.106513 -0.747822 -2.368834 -1.056346 -1.327068 -0.867473 -0.890488 -0.283918 0.904802 -0.618925 0.181594 0.540533 -0.628984 -0.289951 0.710741 -3.397839 1.314515 -0.944751 -5.000000 1.067683 -2.402703 1.783305 -1.969456 -0.421254 1.332316 -1.592496 -1.990840 -0.228254 2.740363 2.199307 2.801163 0.769416 0.976568 2.140619 1.137107 -1.609931
14 10.4126943096 6.0000000000 5.0000000000 0.7983664676 67.0000000000 5.6306003235 0.8875254870 6.1523569102 -0.0099666909 5.3703158966 -0.0061285651 37.8514955505 -631.6826577222 25.5093693679 6.5313751292 2.120004 1.338479 2.963063 -1.258942 -1.569872 -0.496725 0.044606 -0.320637 -3.784612 -0.331526 0.380064 0.810964 -0.710286 -0.127922 2.188964 2.414075 0.122048 -0.041978 0.009958 1.656642 0.313205 0.308366 2.776036 -1.178625 -2.003486 -0.229681 3.521336 1.025608 -3.078328 1.713252 0.400839 0.531345 -3.072190 -1.376481 -1.132171 1.570107 -1.770202 -1.828820 -3.018949 1.424481
15 8.6906328842 6.0000000000 5.0000000000 0.7983664676 67.0000000000 5.6306003235 0.8875254870 6.1523569102 -0.0099666909 5.3703158966 -0.0061285651 37.8514955505 -631.6826577222 25.5093693679 6.5313751292 -0.871655 1.443639 -0.272981 1.124385 -1.673267 1.109111 -1.104233 -1.505527 1.909151 -2.460108 0.234434 0.663400 0.492514 0.127548 2.006134 -1.275880 2.967130 2.877568 0.573105 -0.128719 -2.267263 -1.788934 -1.359818 0.379771 3.166912 -3.083853 1.867046 0.360250 0.729547 0.375372 -1.292290 -0.674847 0.221438 2.334913 -0.479585 2.758198 2.316952 -0.399751 0.786499 2.532495
34 7.4666295891 6.0000000000 5.0000000000 1.7728199586 2.0000000000 6.2968702032 0.9955894269 3.8275281796 0.0382357132 3.2883728695 0.0329169701 14.6499719657 -1209.8440190309 25.2309231181 6.4333572017 -1.481824 0.861196 1.188739 -2.118825 0.369478 0.910677 -2.951841 -2.587303 3.357847 -2.646764 2.828451 -1.697658 -2.726357 2.359915 4.301043 -1.851167 0.783966 1.572458 -1.946012 1.085459 -1.066738 -3.250306 -2.717612 0.561399 0.245449 -2.305193 1.682869 0.931178 -2.397126 -0.565740 -0.333258 0.176415 -2.241493 0.856459 0.611404 -0.539956 -0.636450 -0.173024 -1.708367 0.919173
87 6.9948050614 6.0000000000 5.0000000000 1.5940893427 5.0000000000 6.2571000981 0.9892404337 4.3580064640 -0.0760011396 3.8994790653 -0.0677977611 18.9922203400 -1116.3601203891 24.2806176747 6.1825451903 -0.501001 3.771720 0.162423 -1.892016 -2.284007 1.780740 0.779700 -1.693970 0.825621 -2.560224 0.943951 -1.601461 1.912398 1.576451 5.000000 -1.982576 4.269870 2.747586 -1.604923 0.696584 -2.466169 0.924943 -0.291525 -1.020213 -0.284332 -2.753163 0.455083 -1.604597 -0.796851 -1.805263 -5.000000 2.338330 -1.391616 1.996543 -1.250837 0.164037 0.553101 0.570804 -2.621082 -1.441234
231 5.7145087394 6.0000000000 5.0000000000 1.3249355710 15.0000000000 6.1483938909 0.9717410592 6.4071698343 0.0253990124 5.7900749023 -0.0092991390 41.0518252850 -1049.2899875312 26.6289187526 6.8046777141 2.271995 1.758449 -1.138850 1.229078 -2.977655 2.479776 -3.001516 -4.820741 0.524338 -2.287020 3.669004 -3.731188 -0.342826 1.125954 0.658970 4.639598 0.855044 1.303612 1.349435 -2.601798 -3.074505 1.550094 0.052374 2.225077 -0.634379 -1.103394 -0.655433 -3.370530 -4.463717 0.092775 -3.501969 2.192668 -1.544412 -0.468239 0.650646 4.127618 -1.107463 -0.943019 0.840589 -0.118653
394 5.6248731525 6.0000000000 5.0000000000 1.1633910601 26.0000000000 6.0359791670 0.9535091333 6.2853684391 0.2979381130 5.6163070108 0.2604328496 39.5058564155 -925.1302965018 25.5442949534 6.5326924432 1.006461 2.211065 0.398217 0.521545 -1.731003 4.179839 -2.868071 -2.567830 -3.619736 -2.265697 5.000000 -5.000000 2.443771 -0.678611 -0.207341 4.302879 -1.931600 1.713149 1.620430 -3.014768 -4.307846 0.835713 1.628504 3.687497 0.792728 -1.389882 1.218354 -2.003457 -4.642864 -1.374952 -1.121495 1.233438 -3.228578 3.913327 4.180438 3.074429 -3.733118 3.138361 4.415090 3.095069
443 4.7984402386 6.0000000000 5.0000000000 1.1887128933 29.0000000000 6.0081047048 0.9489079102 6.9985832833 0.0854581249 6.4855395242 0.1125293629 48.9801679735 -892.6726059364 23.8300420146 6.0763265109 1.899424 -0.322957 -0.882617 0.741677 -0.155610 2.230390 -1.237417 -2.754604 -3.906732 -3.907473 1.848778 -0.196957 1.361694 -2.012663 -2.002388 2.428882 -0.186386 0.169664 2.908033 -0.056978 -5.000000 1.559504 1.043022 5.000000 0.251428 -2.597215 0.474700 -0.557342 -5.000000 -1.899646 -4.546374 -1.502903 -3.534855 3.487671 3.259505 2.876833 -2.757010 4.035002 0.575673 1.701411
1005 13.0145916903 6.0000000000 5.0000000000 0.9281286307 67.0000000000 5.6479017769 0.8897268692 6.2895133706 0.2514846317 5.2201663630 0.1969647711 39.5579784388 -744.7402044748 26.2894829020 6.6644625591 4.341491 -0.444249 -1.590942 -2.652663 -0.281029 1.067389 -3.273826 3.096144 -4.303062 -1.666957 -0.330230 -1.179636 4.728835 -2.267255 -5.000000 2.215055 0.349135 1.549091 3.629857 0.794175 -1.618242 -0.447158 1.860696 3.246805 0.069611 0.175524 -0.932812 2.589188 -0.722266 1.411327 -0.051163 -1.731262 -3.459864 2.661658 -1.075814 5.000000 -1.245486 -0.752309 5.000000 -1.219909
evaluations raw_y rep iid sigma t d_norm d_mean ps_norm ps_mean pc_norm pc_mean ps_squared loglikelihood mhl_norm mhl_mean x0 x1 x2 x3 x4 x5 x6 x7 x8 x9 x10 x11 x12 x13 x14 x15 x16 x17 x18 x19 x20 x21 x22 x23 x24 x25 x26 x27 x28 x29 x30 x31 x32 x33 x34 x35 x36 x37 x38 x39
1 17.1297459924 7.0000000000 5.0000000000 0.9281286307 67.0000000000 5.6479017769 0.8897268692 6.2895133706 0.2514846317 5.2201663630 0.1969647711 39.5579784388 -744.7402044748 26.2894829020 6.6644625591 3.381051 -0.931875 0.065640 0.815033 -1.577846 0.004131 -0.001781 -3.509449 2.035316 1.200997 -1.250858 -0.343097 1.010599 -0.522713 -0.485498 -2.906483 1.109161 0.247762 0.548920 -3.053049 3.301399 0.308671 -0.774280 4.058144 -0.090772 -2.901357 -0.810456 -4.576630 2.098793 -0.832949 -1.485107 2.144940 -3.302151 1.070859 -4.128830 -1.324319 -2.408440 2.923951 3.532322 -0.658828
2 14.7135299786 7.0000000000 5.0000000000 0.9281286307 67.0000000000 5.6479017769 0.8897268692 6.2895133706 0.2514846317 5.2201663630 0.1969647711 39.5579784388 -744.7402044748 26.2894829020 6.6644625591 1.681466 -0.359973 1.136124 -1.505674 -3.416678 -3.606197 0.766244 4.495190 0.538823 -1.049209 3.824038 0.474604 0.202868 0.505155 -0.264754 -0.618953 -2.869927 1.003248 -0.189551 2.386172 -0.737637 -3.812740 -0.199221 3.399075 -0.766846 -1.779714 -2.387184 -2.100034 -0.600387 -2.359964 2.995278 -0.565270 0.217297 2.876479 3.006637 -0.425466 0.663948 1.470053 -0.385711 -3.556026
3 9.4189951258 7.0000000000 5.0000000000 0.9281286307 67.0000000000 5.6479017769 0.8897268692 6.2895133706 0.2514846317 5.2201663630 0.1969647711 39.5579784388 -744.7402044748 26.2894829020 6.6644625591 1.309411 1.788705 0.831005 -1.847089 -0.392055 -1.181540 -0.599422 2.593770 3.059159 1.338836 1.097490 1.353258 -0.024484 -0.151327 -1.347290 -0.111735 4.519894 1.738079 -0.684234 -0.943853 -1.728980 0.748741 0.783091 -2.886243 0.972670 -1.138945 2.853442 0.313688 3.435460 -0.916254 -0.575968 0.599617 2.111897 1.131765 -2.467048 0.365801 0.044489 -0.858137 -1.296211 3.495154
7 5.0685903982 7.0000000000 5.0000000000 0.9281286307 67.0000000000 5.6479017769 0.8897268692 6.2895133706 0.2514846317 5.2201663630 0.1969647711 39.5579784388 -744.7402044748 26.2894829020 6.6644625591 -0.265575 -3.799723 2.550723 0.038723 1.472756 -2.345833 2.576407 -1.176526 -0.215334 -2.802849 -0.333899 -0.459608 -0.370721 0.877009 0.120692 1.951565 -0.936316 -1.992032 -0.038213 1.256736 2.489284 1.627843 -3.530881 0.754117 2.920744 0.125153 -1.032085 0.618322 -1.006484 1.278226 -0.025989 2.786000 0.999005 -1.447769 1.209263 1.872023 -1.136912 -0.851589 -4.610367 1.806812
536 4.7735449106 7.0000000000 5.0000000000 0.9127846109 35.0000000000 5.9271145992 0.9361443327 5.9624600197 -0.0595290887 5.3297441913 -0.0693583515 35.5509294860 -738.9478137003 24.5780265816 6.2586923712 -0.030554 -3.527817 -1.059466 -0.275246 -1.892953 0.417610 0.710694 4.916351 -3.292778 -2.502073 -1.967172 3.158006 0.918914 -1.218473 -2.580773 4.011110 -5.000000 -0.879406 2.660011 1.482420 -0.621241 0.506843 -4.464574 -3.646778 2.688981 2.270544 0.957625 0.269930 -0.532261 0.761608 -2.273650 -2.948636 0.987515 -2.829482 -3.377932 -0.363635 2.886736 1.684477 1.105325 1.796533
1005 10.6033360667 7.0000000000 5.0000000000 0.6199607335 67.0000000000 5.5909879300 0.8817968626 5.6802351667 -0.1394669903 4.6558354023 -0.1063367101 32.2650715493 -455.8827604996 24.5530441254 6.2704321237 -0.524983 -2.520365 -1.324619 2.988914 0.816094 -1.099509 -1.957314 2.825847 -3.530759 -4.125611 -3.883126 3.757348 1.813088 -3.305691 -3.067039 5.000000 -3.158701 -0.536041 0.673007 1.534473 -3.890166 1.405877 -0.476369 -4.304354 2.693332 1.764633 0.901587 4.275973 -1.855286 -1.459079 -3.927653 -3.734393 1.671197 -1.832522 -3.846098 1.700271 3.520489 5.000000 2.843722 3.097261
evaluations raw_y rep iid sigma t d_norm d_mean ps_norm ps_mean pc_norm pc_mean ps_squared loglikelihood mhl_norm mhl_mean x0 x1 x2 x3 x4 x5 x6 x7 x8 x9 x10 x11 x12 x13 x14 x15 x16 x17 x18 x19 x20 x21 x22 x23 x24 x25 x26 x27 x28 x29 x30 x31 x32 x33 x34 x35 x36 x37 x38 x39
1 13.7902674476 8.0000000000 5.0000000000 0.6199607335 67.0000000000 5.5909879300 0.8817968626 5.6802351667 -0.1394669903 4.6558354023 -0.1063367101 32.2650715493 -455.8827604996 24.5530441254 6.2704321237 0.182409 2.182565 -3.893941 -2.772699 -4.592983 4.819669 3.455672 4.409113 1.589655 1.952842 -2.366854 3.832727 -2.246654 -1.328071 -0.756717 -1.583231 1.719096 -0.461578 -0.131322 -0.417272 2.693737 -1.213906 -0.348496 0.848103 -3.291980 -0.967082 1.070937 2.332281 0.323366 -1.345668 2.885048 -0.442961 0.062529 0.363859 -0.125857 -1.083137 0.949037 -2.329182 -1.001819 -0.817122
2 10.7789006904 8.0000000000 5.0000000000 0.6199607335 67.0000000000 5.5909879300 0.8817968626 5.6802351667 -0.1394669903 4.6558354023 -0.1063367101 32.2650715493 -455.8827604996 24.5530441254 6.2704321237 -1.868697 0.169020 0.287382 0.151099 -0.311290 1.101700 3.404060 2.012187 -5.000000 2.279067 -3.739599 -3.558226 0.255526 -2.702036 3.107934 1.393932 -1.622922 -3.286502 0.661318 2.449913 0.192343 3.753631 1.067561 1.596720 -0.612149 0.755948 -0.452956 -3.771489 4.945022 -0.293713 0.231298 2.660861 0.219189 0.430958 0.858140 -2.302531 3.049507 0.721072 -1.221786 1.860492
3 7.4937464505 8.0000000000 5.0000000000 0.6199607335 67.0000000000 5.5909879300 0.8817968626 5.6802351667 -0.1394669903 4.6558354023 -0.1063367101 32.2650715493 -455.8827604996 24.5530441254 6.2704321237 0.713026 -1.904321 0.303856 0.001270 0.670046 0.749599 1.427632 -2.401627 0.002762 -1.842920 0.992456 -2.663333 -4.381141 -0.872144 5.000000 2.300163 0.168891 4.972496 -0.388711 -0.372427 1.707726 0.614757 -0.144484 -0.937695 -0.130878 2.105222 -2.619266 -1.337453 2.682748 5.000000 -3.681097 0.810082 3.264601 -0.445478 -1.155598 2.484352 -1.106942 -1.445379 -1.143099 -2.780006
4 7.0415873295 8.0000000000 5.0000000000 0.6199607335 67.0000000000 5.5909879300 0.8817968626 5.6802351667 -0.1394669903 4.6558354023 -0.1063367101 32.2650715493 -455.8827604996 24.5530441254 6.2704321237 -4.790426 2.308033 3.376190 0.447571 -0.403231 0.999290 -0.362676 -3.499631 -2.420834 0.848483 -0.777603 -3.113072 -2.878418 1.897855 -3.053064 2.273740 0.969051 -2.003673 -0.636910 0.316252 0.721720 0.510917 2.852116 1.854501 -1.021127 -0.343134 -1.820792 -1.045762 0.147980 -4.693566 0.199492 -0.092760 -0.495272 -2.610738 -1.152598 -1.528941 -0.121499 -4.868965 -0.661973 0.945283
38 6.6637361868 8.0000000000 5.0000000000 1.8163603499 2.0000000000 6.2996961044 0.9960226204 4.2326543229 -0.0967160048 3.6565214034 -0.0868221130 17.9153626172 -1234.0947052424 25.5979801716 6.5453675739 0.958130 1.850563 1.350307 -1.265155 2.740327 0.296714 1.380425 -4.270563 1.199826 2.286330 -0.299962 0.668619 -0.636802 0.654414 2.868651 4.440840 1.968200 0.460624 -0.998847 3.121631 0.727746 0.812513 1.457384 -0.617852 1.254534 0.108060 -0.812659 1.296202 0.202241 -5.000000 0.238358 2.456044 0.715431 -0.696930 -3.165100 -2.200212 1.063111 -5.000000 -3.598741 1.169844
51 5.8600223712 8.0000000000 5.0000000000 1.7846130083 3.0000000000 6.2879946029 0.9941439816 5.3349768274 0.0247507481 4.6611147778 0.0118318861 28.4619777489 -1212.3818272056 25.2361648939 6.4234233408 -0.799300 -1.334455 2.036126 -2.347801 2.937217 3.169138 4.667041 -1.571957 -0.943081 0.313090 -1.936345 -5.000000 -3.326041 1.626816 3.342867 4.041489 0.904898 1.549195 -0.433478 1.751183 -0.752545 -0.744491 2.525440 0.315217 0.272591 0.078709 0.368417 -1.351469 1.457640 -2.855127 3.289939 2.547007 0.522259 -3.208707 -4.217351 -3.505047 0.406572 -4.696630 -3.686823 1.483836
1005 17.4887146130 8.0000000000 5.0000000000 0.8855964271 67.0000000000 5.6509810564 0.8908163838 6.7674692022 0.2084425690 5.6320387988 0.1694373633 45.7986394025 -712.0215702143 26.1081835861 6.6923770661 2.074569 -1.436352 -0.101769 0.506716 0.765885 2.207570 2.889713 0.079444 4.084641 4.217763 -3.867468 0.324778 -3.572401 1.172090 1.255160 2.656561 0.142347 -1.847594 -0.505460 0.285106 -1.496305 0.479656 2.771124 -2.776978 0.169594 -1.792097 -2.771225 1.366800 1.863893 3.132453 1.154146 1.325239 4.251505 0.346218 -2.282410 2.888894 -1.465304 -0.081879 1.604260 -2.290886
evaluations raw_y rep iid sigma t d_norm d_mean ps_norm ps_mean pc_norm pc_mean ps_squared loglikelihood mhl_norm mhl_mean x0 x1 x2 x3 x4 x5 x6 x7 x8 x9 x10 x11 x12 x13 x14 x15 x16 x17 x18 x19 x20 x21 x22 x23 x24 x25 x26 x27 x28 x29 x30 x31 x32 x33 x34 x35 x36 x37 x38 x39
1 8.7028469812 9.0000000000 5.0000000000 0.8855964271 67.0000000000 5.6509810564 0.8908163838 6.7674692022 0.2084425690 5.6320387988 0.1694373633 45.7986394025 -712.0215702143 26.1081835861 6.6923770661 0.002217 -0.579088 -2.232133 -0.025766 -0.756723 -0.962271 -3.034662 -0.981744 -0.481361 -1.295895 1.271782 3.480235 0.593364 1.415007 3.645632 0.861538 3.085459 -1.801442 -0.274250 2.595158 1.350542 0.063916 1.836292 0.761019 1.032735 -0.710479 0.417554 0.656822 -0.996450 -4.183554 -0.165175 4.910365 -5.000000 -1.826559 -0.454629 0.538631 2.260923 2.084795 2.607621 2.778801
34 8.0867443767 9.0000000000 5.0000000000 1.8390029062 2.0000000000 6.2978827704 0.9957352303 4.6188740253 0.2043994543 4.0117611867 0.1766306494 21.3339972618 -1241.8940818446 25.6488975750 6.4880982357 -0.703841 3.854804 -1.634304 -1.414960 2.114340 2.778373 -0.006746 0.824343 -1.991606 -0.218292 0.008206 1.291733 3.974954 1.837443 0.040441 1.266398 3.952467 1.285486 -1.493954 -3.584711 -1.962477 -0.293400 2.881725 2.899706 0.842323 2.139023 4.522079 2.376811 -0.791650 -2.764110 0.946799 -1.271244 0.206259 0.984431 -2.350389 2.996399 4.556338 2.618847 4.536087 0.015148
54 7.2295496433 9.0000000000 5.0000000000 1.7733638925 3.0000000000 6.2837749802 0.9934774328 4.3265877566 0.2327136619 3.8346320477 0.2059679363 18.7193616152 -1259.8751938191 27.2417689549 6.9710667051 0.501468 1.733306 2.434571 1.733059 -0.035761 -2.647179 1.657786 3.545618 1.311169 -1.381233 1.514097 5.000000 -0.600544 -0.543407 2.186774 0.030816 3.048997 -1.072233 -3.136471 -1.561648 -1.882104 0.181388 3.441726 2.266826 0.851256 1.318891 5.000000 1.170134 -1.284106 -4.136319 1.970393 2.921600 -1.564336 -0.330332 0.160226 3.565729 3.259070 1.478867 0.172675 -0.700182
81 7.1532390457 9.0000000000 5.0000000000 1.6787341824 5.0000000000 6.2603602963 0.9897226613 4.9071069017 0.0986534398 4.4087090953 0.1031311156 24.0796981448 -1158.6278328846 24.7002003187 6.3129593638 -2.949589 -0.162230 -2.170029 -0.546893 2.397862 1.102767 -0.298211 1.031282 1.100862 -4.986736 -2.449538 2.527367 2.851987 2.377111 2.842466 1.238191 -0.667975 3.070986 -3.634975 -3.859168 -2.414564 -2.675889 2.344366 2.395448 1.150184 -0.714423 5.000000 1.447244 -1.559231 -3.291317 -0.967227 0.568348 -0.732563 0.961997 -0.401043 3.320620 5.000000 3.148032 3.897952 1.355691
142 6.0605555322 9.0000000000 5.0000000000 1.5542837395 9.0000000000 6.2140157222 0.9822639909 4.9360701532 0.0529612296 4.6471840394 0.0608062530 24.3647885568 -1102.8003399975 24.6304385310 6.2597360330 -2.209709 0.447371 -1.317058 -0.044706 -3.535733 0.406456 0.127078 1.215766 0.131826 -4.969445 -3.726219 3.386732 2.264479 -2.260607 -0.868884 -0.733431 1.284773 0.259539 -2.829137 -1.031397 -2.989711 0.369028 2.318693 3.265062 4.138972 -0.590710 1.858067 1.958181 -2.846761 -4.668584 0.883408 0.284505 -4.198193 1.499466 -0.454908 1.124134 3.683773 5.000000 3.872722 2.066243
537 4.4089620129 9.0000000000 5.0000000000 1.1170898507 35.0000000000 5.9469550489 0.9387625093 6.5428678455 -0.1914888180 6.0760147388 -0.1972093469 42.8091196437 -828.7418886613 23.1246103764 5.8980052022 -0.947099 0.046907 -4.568767 1.416824 0.482501 1.984294 1.116397 4.513950 -2.474738 -3.548547 -3.779799 1.790186 3.070849 -3.276005 -2.709988 -0.650820 -1.799919 1.161958 -4.385214 -2.673348 -4.315107 3.454809 -5.000000 0.964428 -2.971232 1.941625 1.572180 3.554665 -2.517453 0.717236 2.291392 -0.392177 -1.547146 3.390153 -3.809017 -0.902564 5.000000 3.126867 1.723827 5.000000
1005 17.5244266478 9.0000000000 5.0000000000 0.9515698147 67.0000000000 5.6494052167 0.8899507290 5.6112250762 -0.1668906288 5.0098617099 -0.1369068046 31.4858468552 -723.0942104210 24.8353418879 6.3275780347 -3.405133 0.651540 -2.629980 0.569418 0.534525 3.421806 1.074748 3.505936 4.528091 0.683164 -2.747183 -2.532337 1.158871 -3.107509 -4.182674 3.294195 -1.910474 4.689434 -1.834555 3.154254 -2.944258 0.981410 -5.000000 3.243006 -2.382944 0.406663 2.946055 4.404760 -1.123380 -0.459714 0.623831 1.313930 -5.000000 2.215441 -3.142393 -0.093435 -1.778552 1.262805 -5.000000 3.039155
evaluations raw_y rep iid sigma t d_norm d_mean ps_norm ps_mean pc_norm pc_mean ps_squared loglikelihood mhl_norm mhl_mean x0 x1 x2 x3 x4 x5 x6 x7 x8 x9 x10 x11 x12 x13 x14 x15 x16 x17 x18 x19 x20 x21 x22 x23 x24 x25 x26 x27 x28 x29 x30 x31 x32 x33 x34 x35 x36 x37 x38 x39
1 16.6384606875 10.0000000000 5.0000000000 0.9515698147 67.0000000000 5.6494052167 0.8899507290 5.6112250762 -0.1668906288 5.0098617099 -0.1369068046 31.4858468552 -723.0942104210 24.8353418879 6.3275780347 2.663173 1.430558 -3.090801 -0.016768 1.242672 -1.440171 0.531023 0.217097 0.008583 -0.349200 0.866052 2.406075 -1.930131 2.056548 0.457260 0.890275 -2.273204 0.270274 2.969074 -2.159610 -3.955457 -3.486745 0.532140 4.769935 2.247383 3.345244 0.198298 2.795993 -0.542496 1.226408 -0.534634 -1.098618 0.265417 -0.952284 2.616946 0.390027 0.800420 -0.675265 2.512945 -1.463939
2 11.0331481441 10.0000000000 5.0000000000 0.9515698147 67.0000000000 5.6494052167 0.8899507290 5.6112250762 -0.1668906288 5.0098617099 -0.1369068046 31.4858468552 -723.0942104210 24.8353418879 6.3275780347 1.320463 -0.701744 -1.878867 -0.978674 -1.609182 -0.425395 -0.678280 0.624340 1.130305 -0.294841 -0.051811 0.578188 -1.079758 1.416320 1.684449 0.407162 4.789407 1.834918 -0.224545 -0.724361 -0.464365 -1.003458 2.257570 -1.395620 -0.162244 -1.058592 2.092366 -2.837112 -0.724998 -0.243811 0.638713 0.921806 -0.431580 1.978145 0.629508 4.935302 -3.016643 1.241201 -2.090265 -1.596018
4 8.8730030353 10.0000000000 5.0000000000 0.9515698147 67.0000000000 5.6494052167 0.8899507290 5.6112250762 -0.1668906288 5.0098617099 -0.1369068046 31.4858468552 -723.0942104210 24.8353418879 6.3275780347 -1.146227 -2.640895 2.472411 4.930650 2.766464 0.692466 2.045032 0.333621 3.313433 1.335779 -0.459893 -2.259102 -1.279925 0.627661 -2.451672 -0.443586 2.679853 0.058619 3.970771 2.894331 -0.575259 -2.718621 -0.096083 -0.961575 0.755506 3.228816 -2.246208 -0.777456 0.664700 2.269946 1.021429 0.828595 2.689099 0.987031 -0.474008 0.114570 -1.414143 1.093330 1.885001 -5.000000
13 7.5016909980 10.0000000000 5.0000000000 0.9515698147 67.0000000000 5.6494052167 0.8899507290 5.6112250762 -0.1668906288 5.0098617099 -0.1369068046 31.4858468552 -723.0942104210 24.8353418879 6.3275780347 2.055681 -1.605779 -0.856607 -1.510832 0.440994 -2.746228 1.293517 -1.347004 4.483733 -0.492974 -1.527209 0.961577 -1.663598 1.186378 -0.897558 0.975392 0.112629 1.091569 -1.366245 -1.318035 2.878507 2.764293 1.842641 -1.145774 2.550098 -0.657664 -0.292682 2.116873 -0.222161 -0.077762 -0.644727 -1.331531 -1.409240 -0.707525 0.303855 -0.608400 -2.357709 -0.298265 -0.450194 0.140309
66 7.4497312857 10.0000000000 5.0000000000 1.6517479803 4.0000000000 6.2723474760 0.9916635094 4.0056690107 -0.1442881260 3.5646327756 -0.1258223084 16.0453842235 -1172.2038875501 25.5855721701 6.5356165942 -2.939492 -0.968177 0.187758 -5.000000 2.572760 -0.018042 -2.130001 -0.958609 4.363502 2.369177 -0.608605 -2.573045 -2.282394 4.010081 -0.412137 -3.847983 0.169132 -0.606636 -1.837843 0.627667 0.018016 0.496214 0.646292 -2.750487 1.194625 2.173613 -4.171064 -2.064877 0.642405 -0.282423 -1.815861 -1.471331 -4.539781 1.197235 -0.251912 -0.312247 0.634461 -2.150255 -3.080417 -4.963168
163 6.5364892352 10.0000000000 5.0000000000 1.4439637261 10.0000000000 6.2041910458 0.9807038088 5.4165925572 -0.0842925016 4.9567824246 -0.1133329992 29.3394749310 -1077.2561137149 25.4248729907 6.4714341988 -3.128084 -2.007629 1.977377 -1.087430 -1.989473 -1.985669 -2.924261 -1.344844 2.885865 0.506317 -5.000000 0.394045 -0.407094 5.000000 -2.685864 -4.095875 0.231003 1.168053 -1.714265 -0.654167 -2.866538 -0.512621 -0.212739 -1.635502 -0.468904 3.341353 -2.659777 -4.714553 1.162934 -2.623472 -2.372220 3.234229 -1.958497 3.501269 -1.712498 1.957100 -2.583265 2.340828 -3.356271 0.112136
164 6.1119758192 10.0000000000 5.0000000000 1.4439637261 10.0000000000 6.2041910458 0.9807038088 5.4165925572 -0.0842925016 4.9567824246 -0.1133329992 29.3394749310 -1077.2561137149 25.4248729907 6.4714341988 -0.110391 -0.321021 5.000000 -0.635933 -3.462954 0.440857 -1.125634 -2.703691 2.781308 1.219885 -2.208719 1.014072 -0.812149 4.811681 -0.420187 -1.237610 -1.381310 0.861521 1.992274 -0.081462 -0.212373 1.891536 -1.126638 -1.038411 0.284242 3.129125 -4.840907 -0.799137 -0.667682 -2.624764 -1.945039 1.248086 -0.594500 1.896449 1.939608 1.594206 -3.366075 -0.999627 -4.328705 -1.502148
376 5.9921174881 10.0000000000 5.0000000000 1.2116810750 25.0000000000 6.0416371332 0.9542727648 6.1061789117 0.2478516568 5.8241264366 0.2101102989 37.2854209021 -970.7396629302 26.4130430234 6.7018902427 -0.081035 -2.259296 0.475348 -1.596221 -1.202592 -1.935849 -2.507673 0.712926 3.264263 -1.475341 -2.379793 2.379421 -5.000000 1.365247 4.574917 0.635717 2.723652 -0.354555 1.151556 3.323095 -2.869323 -2.316963 2.023539 1.211226 3.900422 3.782472 -3.778406 -2.297875 -1.751489 1.688709 -0.185644 2.798156 0.500591 0.789025 2.615528 -2.271795 -5.000000 -1.781571 -3.444209 -3.646369
624 5.7265016362 10.0000000000 5.0000000000 1.0126437187 41.0000000000 5.8767541938 0.9275674753 6.1770208641 0.2932160597 5.5205220962 0.2439050122 38.1555867560 -777.5470836491 23.8129968623 6.0872708686 -3.323816 -2.426185 2.322437 2.328729 -4.989928 2.995996 -1.252171 -1.957518 1.887249 1.890492 -1.513705 0.146305 -1.568454 1.086641 -0.476918 1.383526 -0.209567 -0.249190 2.234695 5.000000 -2.357023 -0.795517 -0.512894 1.424395 2.533561 3.116634 -2.163744 0.430090 -2.556411 0.255085 -1.974028 3.163771 1.223815 0.054115 3.708973 -1.069317 -0.528553 3.196754 -0.334802 -2.716427
723 4.7351826097 10.0000000000 5.0000000000 1.0119442709 48.0000000000 5.8083508848 0.9162947163 6.8264789517 0.1427464566 6.3614841735 0.1362600775 46.6008148782 -820.3105919920 26.1015270370 6.6369036545 0.143010 -1.034288 1.642013 0.657150 -3.346878 4.139608 0.001930 0.171671 3.185061 3.991402 -2.795826 -1.213734 0.415796 2.307803 0.466287 -0.387989 -1.139998 0.106197 0.967298 4.833450 -5.000000 -1.232023 -0.892414 0.959377 4.287610 2.467593 -1.758785 -0.015288 -3.499498 1.064342 -3.527061 4.630697 0.654502 0.347824 2.836652 -0.580570 -1.231682 5.000000 -1.643956 -3.967163
1005 16.5142911830 10.0000000000 5.0000000000 1.0203196609 67.0000000000 5.6424070856 0.8885751764 5.5244036175 0.0254795677 4.6294673965 0.0221658552 30.5190353294 -787.3268637413 25.7843690876 6.5878152714 0.062351 1.374938 3.509881 -2.569223 -3.467851 2.773722 -0.406505 2.015277 0.978683 3.897684 -5.000000 0.541156 -0.144304 2.362601 0.019896 -0.011500 -1.051061 1.800144 -1.321447 2.553455 -3.423548 -0.980042 -0.846175 3.477171 4.415138 2.085200 -3.848841 -0.464728 -3.539648 -2.280616 -3.682103 2.551271 1.342519 4.367204 3.476223 -0.016962 -1.451321 2.850336 -0.694869 -1.688906
evaluations raw_y rep iid sigma t d_norm d_mean ps_norm ps_mean pc_norm pc_mean ps_squared loglikelihood mhl_norm mhl_mean x0 x1 x2 x3 x4 x5 x6 x7 x8 x9 x10 x11 x12 x13 x14 x15 x16 x17 x18 x19 x20 x21 x22 x23 x24 x25 x26 x27 x28 x29 x30 x31 x32 x33 x34 x35 x36 x37 x38 x39
1 11.6091000123 11.0000000000 5.0000000000 1.0203196609 67.0000000000 5.6424070856 0.8885751764 5.5244036175 0.0254795677 4.6294673965 0.0221658552 30.5190353294 -787.3268637413 25.7843690876 6.5878152714 3.498909 -0.572146 -0.969130 -5.000000 -0.016569 -0.639263 -1.073259 0.630805 0.842101 -2.131206 -1.772479 -0.951467 1.379365 1.122384 -2.611097 -2.238951 1.473675 3.149268 -0.062150 -1.366893 2.191259 -0.619153 1.451504 3.098143 1.260160 0.146986 1.464543 -1.285151 -0.356186 -1.147909 -0.408751 -0.972990 -0.371551 -0.761073 0.177955 0.127343 0.592694 2.805542 -3.093725 2.591237
5 11.2073375792 11.0000000000 5.0000000000 1.0203196609 67.0000000000 5.6424070856 0.8885751764 5.5244036175 0.0254795677 4.6294673965 0.0221658552 30.5190353294 -787.3268637413 25.7843690876 6.5878152714 -0.135337 -0.826420 0.240166 -1.397943 1.308050 3.598960 3.093212 3.219748 0.142040 1.843150 -0.753660 1.839965 -0.756845 -0.977951 -1.288788 1.398282 0.550813 0.372651 -2.279611 0.283610 -2.881439 2.953026 -0.263107 0.388858 -0.210299 -3.167925 -2.743547 -0.056637 2.984943 -2.230474 -1.410828 -0.094465 -3.374561 -3.394684 -0.822908 -0.090550 -0.782346 3.068445 -0.328386 0.720733
6 7.4592415549 11.0000000000 5.0000000000 1.0203196609 67.0000000000 5.6424070856 0.8885751764 5.5244036175 0.0254795677 4.6294673965 0.0221658552 30.5190353294 -787.3268637413 25.7843690876 6.5878152714 3.196100 3.407444 -3.179040 -0.754493 2.325011 -2.757717 -1.847991 -2.595027 -2.723868 -2.268371 0.353686 2.537851 3.056046 0.023776 -3.941144 -0.113265 -0.678405 0.704642 -0.256826 -3.592226 0.826567 -4.135671 -1.380222 0.623501 0.700733 3.142696 -4.724827 0.679968 1.378761 -0.654428 1.276063 -2.203997 1.314055 1.076430 -1.963259 -1.333280 -0.379648 -1.312171 2.088794 0.350335
35 7.4139369018 11.0000000000 5.0000000000 1.7934115409 2.0000000000 6.2968580441 0.9955736847 3.4527323226 -0.1245146456 2.9762643393 -0.1096372247 11.9213604917 -1267.1197274504 27.2025084367 6.9004539548 5.000000 2.173755 -0.321683 1.132203 -1.192433 4.243614 -1.621909 -1.867082 -0.240151 0.802801 0.861548 -1.565874 -0.060697 -0.998608 -2.197991 -3.333136 0.204414 0.166025 -2.980668 -0.539872 1.776298 -1.051160 2.904436 0.145917 -3.518628 -0.844139 -2.015074 -2.249116 1.025058 -1.836793 5.000000 2.121007 -4.006835 -0.265226 -1.001583 -1.190719 -3.017377 -1.580944 0.671023 0.238180
97 5.6869167493 11.0000000000 5.0000000000 1.6170955879 6.0000000000 6.2498691466 0.9880260283 5.2550399051 -0.1905759997 4.7898417553 -0.1790430690 27.6154444044 -1150.8736485374 25.3762984082 6.4862177148 0.400538 0.857280 -2.108785 -3.119481 0.542156 -1.340901 -0.046435 2.261665 5.000000 -2.371902 -1.521521 0.990970 0.607381 0.166390 0.302107 -3.731994 0.344802 1.181626 1.806119 -2.772850 -2.450774 -2.949658 5.000000 -1.042545 -1.933216 0.975449 -3.826184 0.657624 0.545439 -0.260235 -0.766872 0.078334 -3.288892 -2.282623 0.751918 -3.401241 2.917629 0.915380 -1.210967 0.096365
393 5.6429230799 11.0000000000 5.0000000000 1.1512641204 26.0000000000 6.0379419769 0.9537647347 5.2299348633 0.0968564782 4.8035508361 0.0882387150 27.3522186742 -897.7226856178 24.7142708049 6.3234163728 1.165756 0.133048 2.715229 -3.717635 3.098982 -3.387000 2.551610 1.960579 3.239030 -3.433056 0.927156 -3.145976 -1.476593 2.670439 -4.420480 -4.905655 -3.122821 1.985018 2.983255 -3.187950 3.435721 -3.324933 4.052504 2.683984 0.710776 0.248331 -1.500176 -2.343847 5.000000 0.243843 4.253410 -1.040716 -5.000000 -3.387904 2.583018 -2.613036 -0.159251 -1.176919 2.618694 0.153161
1005 10.0237660579 11.0000000000 5.0000000000 0.7886370559 67.0000000000 5.6174714133 0.8853955961 6.0301395931 -0.1306029720 5.2293849472 -0.0836911659 36.3625835127 -629.6201453282 25.7843394694 6.6028684787 2.109430 -2.940473 2.038471 -2.223436 1.134483 3.317962 1.913958 -0.698444 2.988252 -2.495389 4.243686 -3.988463 -1.707809 -0.602970 -2.895430 -3.861567 -2.085243 3.171803 1.443618 -2.007484 1.519721 -2.173503 3.590817 4.166178 -1.183023 -3.109107 -0.738427 2.245287 -0.410781 -2.674535 2.125791 -2.177679 -1.902978 -0.254051 2.060373 1.225987 1.732837 -0.325165 1.900061 0.531974
evaluations raw_y rep iid sigma t d_norm d_mean ps_norm ps_mean pc_norm pc_mean ps_squared loglikelihood mhl_norm mhl_mean x0 x1 x2 x3 x4 x5 x6 x7 x8 x9 x10 x11 x12 x13 x14 x15 x16 x17 x18 x19 x20 x21 x22 x23 x24 x25 x26 x27 x28 x29 x30 x31 x32 x33 x34 x35 x36 x37 x38 x39
1 21.3892093477 12.0000000000 5.0000000000 0.7886370559 67.0000000000 5.6174714133 0.8853955961 6.0301395931 -0.1306029720 5.2293849472 -0.0836911659 36.3625835127 -629.6201453282 25.7843394694 6.6028684787 0.945972 -1.362852 0.484879 -3.401471 1.506286 -3.069443 0.010254 -0.240455 -1.613964 5.000000 -1.195646 0.944914 2.191912 -2.430338 2.684713 -0.244300 2.025031 -1.827738 -2.059060 2.419593 1.003745 0.277692 1.281522 1.054665 -2.308720 -4.426667 -3.363513 -3.576189 -4.437070 -1.294862 -1.056809 -0.078418 0.429952 -0.768718 -0.507808 0.146504 -1.994408 -1.427713 0.070833 -1.355891
2 12.4309630458 12.0000000000 5.0000000000 0.7886370559 67.0000000000 5.6174714133 0.8853955961 6.0301395931 -0.1306029720 5.2293849472 -0.0836911659 36.3625835127 -629.6201453282 25.7843394694 6.6028684787 -1.143762 -0.211725 2.671663 0.637331 -0.675191 -1.170537 -0.229840 4.483636 -5.000000 1.070272 0.464981 1.735224 -2.296425 4.228688 2.001886 -0.102830 0.319575 -1.432527 0.101046 -0.286675 1.887151 0.715288 -0.166898 1.355612 1.112121 0.445439 -3.057971 2.058422 -2.332518 -2.019123 -0.210536 1.024044 2.815456 -3.375393 2.942468 3.272926 -0.922790 -0.402725 -1.143633 -1.206598
6 11.6989259948 12.0000000000 5.0000000000 0.7886370559 67.0000000000 5.6174714133 0.8853955961 6.0301395931 -0.1306029720 5.2293849472 -0.0836911659 36.3625835127 -629.6201453282 25.7843394694 6.6028684787 1.015045 -1.236741 1.581586 -1.668810 2.618940 -2.477484 -2.405475 1.392293 3.557969 -1.592635 3.139678 3.043327 1.579831 -0.434442 -4.368120 -3.134537 -1.619341 1.000990 -0.387020 -1.328406 0.167054 -3.316851 0.760227 -1.913346 2.539718 0.301039 -1.530263 -1.074041 -3.222590 0.329978 -2.021552 -0.230799 2.280077 0.676005 0.951029 5.000000 1.382215 2.222471 -0.515369 -2.391903
9 10.5042800093 12.0000000000 5.0000000000 0.7886370559 67.0000000000 5.6174714133 0.8853955961 6.0301395931 -0.1306029720 5.2293849472 -0.0836911659 36.3625835127 -629.6201453282 25.7843394694 6.6028684787 -1.022727 -1.385679 -0.367033 3.364755 5.000000 0.401923 0.752958 -0.386675 -1.072746 1.780730 -0.811541 -2.074878 1.278096 -0.313032 0.662786 0.642133 1.961978 1.273631 1.866525 -0.165367 -0.154993 0.820862 0.550555 1.050414 0.797416 4.386901 -0.318566 1.029418 0.336596 2.741060 -1.457601 -2.407808 2.458590 1.559100 0.431473 -1.463673 2.581637 0.910502 -1.142656 -0.930801
14 10.0686222414 12.0000000000 5.0000000000 0.7886370559 67.0000000000 5.6174714133 0.8853955961 6.0301395931 -0.1306029720 5.2293849472 -0.0836911659 36.3625835127 -629.6201453282 25.7843394694 6.6028684787 4.399661 -1.818813 -0.361606 -1.828812 0.090273 1.726521 1.743810 0.904998 2.614973 0.065796 1.394871 -1.929167 2.123439 -1.174417 2.648475 -2.025988 0.690131 0.658111 0.652373 -0.244148 3.192123 0.857245 -2.250972 -0.984873 2.536193 -1.748048 3.718561 -0.689949 -3.625692 1.833007 -1.777280 -5.000000 0.063766 -2.579118 0.379118 1.386967 1.603902 -0.459455 -3.208326 2.583585
17 8.9296830865 12.0000000000 5.0000000000 1.8886068503 1.0000000000 6.3123796029 0.9980506214 3.1969321374 0.1048397283 2.7111189857 0.0889080424 10.2203750911 -1296.7643825272 27.0040504656 6.9113180525 1.850306 3.889977 1.869008 2.292318 5.000000 3.470498 -1.513662 4.115966 -0.517531 0.964833 -1.538052 -1.058522 0.159584 -1.264884 4.180176 -1.859929 0.160895 -1.271580 1.730691 -2.532524 2.372669 1.582059 1.822770 0.357604 2.872640 -1.900273 2.124452 -1.231008 -2.655029 0.154253 -2.503171 -3.333926 2.927479 -2.608252 0.900001 5.000000 3.702503 -1.530039 -0.462905 1.804186
25 7.2661281192 12.0000000000 5.0000000000 1.8886068503 1.0000000000 6.3123796029 0.9980506214 3.1969321374 0.1048397283 2.7111189857 0.0889080424 10.2203750911 -1296.7643825272 27.0040504656 6.9113180525 -1.178875 -1.128366 0.825160 -0.256923 1.592156 -3.519421 -0.549000 -1.269163 0.993045 -1.862457 0.634112 -2.187084 2.109265 -0.737460 2.694368 -1.620083 -1.262686 -1.546248 -0.601260 1.212872 4.542705 -0.097193 -2.780734 -0.950880 1.726863 3.070259 0.574417 0.887327 0.040606 -3.610692 -1.467847 -0.299626 1.762599 -1.089923 -0.860320 5.000000 -0.216372 0.039331 1.946331 0.753416
53 5.7999193682 12.0000000000 5.0000000000 1.7683159772 3.0000000000 6.2865230737 0.9939074886 4.7248188175 0.1271287648 4.1604868363 0.1136749851 22.3239128579 -1205.0678800051 25.2027417725 6.4407694510 1.809979 -0.440848 2.388961 2.746543 0.554343 0.361455 -1.449065 0.676819 2.173054 0.560488 1.238093 -1.884187 1.258806 0.467647 5.000000 1.319718 0.691291 -2.641768 0.713085 -0.635547 4.520428 3.658716 -0.448511 -2.365523 -2.564123 2.771953 -0.116303 -1.070888 -3.643176 1.031219 -1.021970 -2.959762 3.399181 -0.776044 -0.684862 2.616421 1.275314 -2.033266 -2.684042 -2.180157
80 5.7510247182 12.0000000000 5.0000000000 1.6910686846 5.0000000000 6.2616053324 0.9899110729 5.2815862345 0.0467228164 4.7882190465 0.0525880387 27.8951531524 -1158.9090049348 24.5219572554 6.2724459891 0.111478 -0.325024 1.899344 2.716059 3.580243 -0.501073 -2.554909 -3.866650 3.111488 1.909736 1.695114 -3.180060 2.906868 3.104269 2.485041 -1.338913 -3.257211 -1.877955 0.705157 -1.654611 2.344751 0.686324 -2.041766 -0.473041 -0.853702 2.226367 1.819877 0.219921 -4.669739 3.355988 -2.630122 -2.209930 2.769989 -0.986550 -3.623739 5.000000 3.733017 -2.375301 0.099235 0.414804
125 5.1530518604 12.0000000000 5.0000000000 1.5740454399 8.0000000000 6.2272646746 0.9843846283 4.9193681030 0.0138126015 4.5664765761 0.0238241166 24.2001825328 -1138.8698389641 25.6966493966 6.5457355500 0.849020 5.000000 3.062545 4.679402 3.371673 -2.960474 -1.323198 -2.109680 3.903683 1.921438 -1.625153 -3.992077 2.653641 1.770568 1.310341 3.814900 -0.162603 -3.442225 2.212021 -5.000000 2.623278 2.639405 0.585285 -2.633724 -1.629975 1.339298 2.017317 2.846584 -3.717498 -0.320764 -4.591761 -1.372155 2.826063 -5.000000 -5.000000 4.823304 2.767895 -0.205770 -2.896999 2.012038
1005 17.3908556986 12.0000000000 5.0000000000 0.8143937809 67.0000000000 5.6349653625 0.8885797164 5.7868759473 0.0631966221 5.2456428447 0.0897166039 33.4879332300 -646.5441586074 25.4263820696 6.4650403348 1.780571 -0.235372 -2.967006 -1.457288 2.781526 -5.000000 -0.520120 -1.019261 4.234992 4.754410 1.629380 -2.523830 4.899872 3.891909 2.401291 1.466281 -0.731484 -0.343292 4.480739 -0.504338 -3.664328 -0.533243 -3.693795 -2.323625 -1.743912 1.518444 2.940131 1.826538 -4.319721 0.414939 -2.363794 -1.379615 -1.030049 -0.902697 3.567218 0.852886 -3.007578 1.128263 -2.187300 0.879215
evaluations raw_y rep iid sigma t d_norm d_mean ps_norm ps_mean pc_norm pc_mean ps_squared loglikelihood mhl_norm mhl_mean x0 x1 x2 x3 x4 x5 x6 x7 x8 x9 x10 x11 x12 x13 x14 x15 x16 x17 x18 x19 x20 x21 x22 x23 x24 x25 x26 x27 x28 x29 x30 x31 x32 x33 x34 x35 x36 x37 x38 x39
1 15.1721443788 13.0000000000 5.0000000000 0.8143937809 67.0000000000 5.6349653625 0.8885797164 5.7868759473 0.0631966221 5.2456428447 0.0897166039 33.4879332300 -646.5441586074 25.4263820696 6.4650403348 -1.424781 1.507533 -0.089006 0.903625 2.690203 1.064676 2.700376 1.722423 2.957371 -2.090754 -1.577978 -2.523212 1.125694 -0.486653 1.827481 0.634702 0.254607 4.300766 1.212577 -0.053543 -1.968322 2.381411 1.905661 -2.174363 -0.290423 0.475716 -3.278187 -0.556269 2.798477 -3.230216 0.981744 3.785484 -1.241959 -0.907505 0.434903 1.028658 0.794483 -3.025690 -1.528068 0.202540
2 14.7187120624 13.0000000000 5.0000000000 0.8143937809 67.0000000000 5.6349653625 0.8885797164 5.7868759473 0.0631966221 5.2456428447 0.0897166039 33.4879332300 -646.5441586074 25.4263820696 6.4650403348 -0.634532 2.276666 -0.644247 -0.740232 3.699225 -0.163303 -1.960549 -0.004778 -0.464852 1.421950 0.906317 -0.665352 -0.768915 -1.060655 2.700612 4.030442 -0.115065 1.129309 0.719065 -1.023930 -1.046328 -0.962743 -3.848319 -1.514906 0.906962 1.844688 -0.414699 -0.751840 1.279768 4.107386 -1.856670 -1.549320 -0.874291 1.095837 -1.708286 0.931316 -1.441999 1.124523 -0.629716 -0.859794
3 7.4057945472 13.0000000000 5.0000000000 0.8143937809 67.0000000000 5.6349653625 0.8885797164 5.7868759473 0.0631966221 5.2456428447 0.0897166039 33.4879332300 -646.5441586074 25.4263820696 6.4650403348 1.629991 -2.370838 -1.537254 1.458331 1.531822 0.415600 -4.374231 1.443930 0.697501 -0.677237 -3.890781 1.661811 3.498484 1.002275 2.660634 -1.315035 0.369892 -1.302113 -2.241014 -0.693214 -1.822690 -1.492271 -1.541937 -0.827907 -0.583623 0.253545 -2.494672 0.634342 -3.636843 0.111384 0.161732 -4.639695 -0.682242 2.179692 0.901062 -0.988597 -1.093153 0.584053 0.308409 1.634611
80 5.1235690112 13.0000000000 5.0000000000 1.6656673257 5.0000000000 6.2576601917 0.9892889588 4.8866665198 0.0018879227 4.4271131323 -0.0056669595 23.8795096759 -1195.4188567929 26.4065137840 6.6856390821 -1.041942 -4.558320 -5.000000 0.952324 2.657920 -2.249108 2.609537 2.492039 -1.783859 -1.528061 -3.870449 -1.722994 1.575600 -0.710637 0.549387 -3.796958 -1.256663 2.118035 -4.689288 -0.401799 -2.301081 2.071604 3.257696 -1.716100 0.833338 1.943317 -1.395543 0.186506 -2.718443 2.617211 -0.516993 -5.000000 1.701699 4.929973 -3.801082 -4.526976 3.620171 3.291732 2.343122 2.542867
1005 20.2093692375 13.0000000000 5.0000000000 0.6239527486 67.0000000000 5.6124435708 0.8851095825 6.3018886273 0.0044660059 5.2722882735 -0.0144870671 39.7138002706 -490.6139665001 25.8960158406 6.6195940272 -3.598332 -4.742484 -1.672497 0.481660 -1.441582 1.425776 0.811621 -2.170701 0.754221 0.022334 -3.317965 1.853349 1.253452 -0.586204 2.806780 -0.363899 2.950732 -4.528497 -2.765641 2.371072 3.869193 -1.523082 4.822586 -2.058826 -2.540116 0.536087 -1.842815 -0.753307 -1.244713 -4.259396 -0.311559 -4.567993 0.462651 -2.608674 -1.477082 0.332626 3.098277 3.866068 -2.280087 -0.331135
evaluations raw_y rep iid sigma t d_norm d_mean ps_norm ps_mean pc_norm pc_mean ps_squared loglikelihood mhl_norm mhl_mean x0 x1 x2 x3 x4 x5 x6 x7 x8 x9 x10 x11 x12 x13 x14 x15 x16 x17 x18 x19 x20 x21 x22 x23 x24 x25 x26 x27 x28 x29 x30 x31 x32 x33 x34 x35 x36 x37 x38 x39
1 17.6596358284 14.0000000000 5.0000000000 0.6239527486 67.0000000000 5.6124435708 0.8851095825 6.3018886273 0.0044660059 5.2722882735 -0.0144870671 39.7138002706 -490.6139665001 25.8960158406 6.6195940272 3.102678 0.158372 0.347953 -0.144673 -4.008659 0.289356 -3.002337 0.422219 -1.116410 2.169058 -0.372578 0.029323 -2.151139 1.284504 -0.360673 1.240601 1.621949 1.555872 -0.474979 -3.783825 -2.344244 1.672414 2.018547 2.586199 -1.098662 -1.963426 1.829346 1.746141 0.044222 -0.008287 -2.698252 -0.416436 2.653081 -1.832521 -0.940026 -0.298885 -0.650520 -3.611447 -1.000740 -1.129561
2 8.6296189427 14.0000000000 5.0000000000 0.6239527486 67.0000000000 5.6124435708 0.8851095825 6.3018886273 0.0044660059 5.2722882735 -0.0144870671 39.7138002706 -490.6139665001 25.8960158406 6.6195940272 -0.628857 -0.793354 0.011866 -1.994276 3.382195 -0.632882 2.930269 2.927203 0.257823 -2.356486 -4.333018 -3.043626 -0.585776 0.320977 -1.565702 -1.034804 5.000000 0.550408 -2.423185 1.174485 -1.963673 -4.877099 0.272235 -1.615176 0.040162 3.519721 0.105795 -1.799621 3.176899 -4.352323 -2.434431 2.708939 2.954455 -0.652441 -1.567738 0.501862 0.467144 0.151110 -1.135736 -2.784895
51 8.0229753123 14.0000000000 5.0000000000 1.7995080011 3.0000000000 6.2885321500 0.9942172812 4.9835609756 -0.0679624471 4.3872119035 -0.0652256229 24.8358799971 -1252.5400707755 26.5834620039 6.7613283494 -2.067280 2.503721 0.425624 -0.453665 4.340761 -2.007018 1.034257 1.790792 2.602054 -3.853103 -4.277683 -3.755826 0.144050 0.971104 0.656239 0.390744 1.033747 0.144697 0.390794 0.406362 -0.783554 2.024112 2.400263 -0.966777 -0.345988 0.943223 -0.288282 -1.408650 -4.349134 -3.598252 -2.178510 -0.911156 0.994611 -0.853864 -3.505068 -0.351357 1.589217 1.031249 -0.815175 2.326387
90 6.6140186843 14.0000000000 5.0000000000 1.7335385725 5.0000000000 6.2646624032 0.9903771115 5.1912024599 -0.0212733359 4.7515162234 -0.0287574488 26.9485829800 -1186.9342174043 25.0940805068 6.3821874430 -0.262528 -1.107487 2.367984 -0.370202 5.000000 -0.372203 0.931757 2.708398 -0.395441 -2.369288 -4.075398 -0.824688 -3.725317 0.106310 3.670048 1.322465 1.584773 -2.567484 -3.030280 3.794188 0.328834 1.772005 1.393523 -1.699193 -1.279925 1.009094 -1.173713 -0.176175 -2.472804 -5.000000 -1.861907 -0.588614 0.751338 -1.366470 -2.225098 0.855065 0.521924 0.911749 -0.756341 0.672869
179 6.3053871144 14.0000000000 5.0000000000 1.5206168385 11.0000000000 6.2028252799 0.9803753936 5.3065313500 0.1132055034 4.7958795678 0.0923532531 28.1592749690 -1078.5368097213 24.2471575001 6.1932976393 -0.554478 -0.861465 0.791514 -3.122661 2.710558 -2.181586 0.644677 3.586837 2.535981 -3.574018 1.177251 -1.646405 -5.000000 -0.502001 -0.409847 0.940172 1.908702 0.687356 -4.830805 1.943884 -2.615675 -2.546079 3.596436 -1.091525 -1.312107 2.991908 2.091898 3.725585 -0.882578 -1.066845 -3.076766 0.418799 1.187626 -0.806545 -0.597960 -0.829219 -1.105083 -1.224492 2.119635 1.498252
215 4.9891704169 14.0000000000 5.0000000000 1.4418761736 14.0000000000 6.1690281695 0.9749327200 5.4798420834 0.0635732721 4.9280900778 0.0635552041 30.0286692591 -1068.9959250340 25.3348695352 6.4469015725 -3.818649 -0.814346 2.817079 -1.692869 3.906864 -0.048199 1.895779 5.000000 -0.547420 -4.859980 0.448468 0.363163 -4.340732 0.927873 1.449049 -1.780705 3.281778 3.502911 -3.254151 4.085200 -4.347435 -3.354544 2.568800 -2.784162 -0.402837 2.887741 2.052949 5.000000 -1.506809 -2.666470 -3.417134 1.949034 0.308094 -1.951938 -2.891112 3.223223 -1.599611 -1.303203 0.925710 -1.280628
1005 15.8444008949 14.0000000000 5.0000000000 0.6743673033 67.0000000000 5.6153113276 0.8850738044 6.4203921096 0.2606296668 5.8606000638 0.2121134008 41.2214348407 -560.9510755214 26.9135702758 6.8614196154 2.125517 -3.710519 4.065341 -1.837586 -2.828859 -3.029288 3.699658 4.401042 -3.280566 -4.977693 2.267013 2.487396 -3.115275 0.605938 -1.097999 -1.913796 4.056905 -1.501517 -3.535821 0.176978 -3.759160 0.194171 2.459107 -1.337648 -4.956322 2.781428 0.320151 1.105722 3.878032 2.724414 -3.050776 -1.212161 -4.592389 -3.016612 -2.946081 -2.345473 0.353457 -1.427316 3.001242 3.744274
evaluations raw_y rep iid sigma t d_norm d_mean ps_norm ps_mean pc_norm pc_mean ps_squared loglikelihood mhl_norm mhl_mean x0 x1 x2 x3 x4 x5 x6 x7 x8 x9 x10 x11 x12 x13 x14 x15 x16 x17 x18 x19 x20 x21 x22 x23 x24 x25 x26 x27 x28 x29 x30 x31 x32 x33 x34 x35 x36 x37 x38 x39
1 12.8882086714 15.0000000000 5.0000000000 0.6743673033 67.0000000000 5.6153113276 0.8850738044 6.4203921096 0.2606296668 5.8606000638 0.2121134008 41.2214348407 -560.9510755214 26.9135702758 6.8614196154 -0.624657 0.678569 -0.311817 -1.003579 0.471138 -3.527211 -2.191724 -2.175531 -0.610340 -0.947497 -0.401189 0.710394 1.379035 0.821179 -1.129957 1.198781 -0.325873 3.200429 1.363254 0.029760 -0.175559 -1.964236 0.243381 -2.274875 0.698005 -3.717026 -2.334364 2.849794 2.993131 2.579864 -3.623491 -2.996614 -2.900286 -3.387814 0.454528 -0.979469 -0.001057 -0.980505 -1.586419 4.097798
2 11.6509835226 15.0000000000 5.0000000000 0.6743673033 67.0000000000 5.6153113276 0.8850738044 6.4203921096 0.2606296668 5.8606000638 0.2121134008 41.2214348407 -560.9510755214 26.9135702758 6.8614196154 1.206371 -1.996404 2.430083 -1.335033 -0.545012 2.833549 -1.565218 -0.500641 -0.616629 3.459376 3.956545 0.439376 3.789640 -2.736199 -0.382611 2.574515 -0.493768 0.685102 0.445434 1.363187 0.502898 -2.963698 -0.773644 -1.467361 1.171956 -3.471578 -1.653390 2.367668 0.710092 4.885700 -0.073851 -5.000000 1.982979 0.384486 -0.705585 -2.679046 -0.377345 1.193173 0.680909 0.166851
11 8.6412832213 15.0000000000 5.0000000000 0.6743673033 67.0000000000 5.6153113276 0.8850738044 6.4203921096 0.2606296668 5.8606000638 0.2121134008 41.2214348407 -560.9510755214 26.9135702758 6.8614196154 3.376448 0.081560 3.218440 -1.949795 2.131751 -0.108092 1.359268 -1.155137 2.270243 4.147492 -1.618261 -1.849627 4.133053 -2.391568 -0.467350 -1.448452 -3.305303 -1.044389 -0.437567 -4.671266 2.068047 0.081933 -5.000000 -0.104147 4.255864 -2.116336 0.032038 3.312067 -4.912190 2.456148 3.745373 3.001253 -2.623389 1.481042 -0.459328 3.035583 2.263663 -0.896880 -0.164749 -1.929172
13 8.5385543287 15.0000000000 5.0000000000 0.6743673033 67.0000000000 5.6153113276 0.8850738044 6.4203921096 0.2606296668 5.8606000638 0.2121134008 41.2214348407 -560.9510755214 26.9135702758 6.8614196154 -0.596852 1.415228 3.303980 3.884535 -0.376204 -0.831919 1.950812 -0.490863 -0.172935 1.490924 -1.802271 2.988292 -0.721373 0.662469 -1.276850 0.575210 -1.727368 -3.682288 -1.328213 0.914388 -3.200114 1.045753 3.350811 -0.626322 1.549531 -0.629016 1.914116 -0.471756 -4.451192 -1.045179 2.485694 -0.328709 -1.567154 0.536406 -2.954300 3.389447 -2.023575 1.022274 0.569659 -0.743459
28 7.4939116389 15.0000000000 5.0000000000 1.8922285782 1.0000000000 6.3125001625 0.9980681316 3.3001754603 0.0302305102 2.7986732161 0.0256366124 10.8911580685 -1299.8656997981 27.0627787461 6.9178902325 1.987507 2.435158 3.266567 0.803207 0.336985 0.428810 4.848212 -0.246070 0.363337 2.079110 -2.378638 0.322912 3.259188 1.954783 -1.486397 -2.724635 3.950426 0.171603 -1.133169 1.923044 1.474728 -0.799652 0.491276 -1.135156 0.143986 -2.886235 2.521503 1.304698 1.287403 0.098301 2.519265 3.251209 -2.600931 0.838591 -4.862731 2.487347 4.244690 2.450886 -0.154982 0.007601
64 7.2332293571 15.0000000000 5.0000000000 1.7265493880 4.0000000000 6.2755876441 0.9921493907 4.9317118578 0.0527960969 4.4079588348 0.0508621472 24.3217818480 -1186.4564580545 25.0774707491 6.3665328921 -1.735358 4.097255 -0.855008 2.905203 -2.590598 1.820451 1.945637 1.451273 2.359199 4.685246 -4.930398 1.851183 0.189342 0.949898 0.302551 1.670835 3.167501 -1.904280 -0.907073 2.767715 -1.317923 -2.579895 2.544761 -1.887401 -3.458616 -3.046816 -0.637918 -0.533439 -0.711119 -2.278044 2.448177 5.000000 -0.878316 1.903589 -3.790210 4.522473 -3.978926 2.624397 -3.150414 3.363597
112 6.9803873006 15.0000000000 5.0000000000 1.6506566695 7.0000000000 6.2453728391 0.9872663317 5.2356676297 0.0979650141 4.7278607174 0.0946895930 27.4122155283 -1169.0208763039 25.5930631553 6.5177550427 -1.171604 1.223004 2.800495 -0.839033 -1.260310 -1.499119 1.728867 1.136243 2.751651 4.601351 -3.724653 -0.035479 -0.334568 4.028481 2.840409 0.508825 2.135291 -3.815937 0.578018 2.866111 2.695557 -0.101644 3.543301 -3.317831 0.248484 -2.501329 0.455129 -1.374604 4.243706 -2.401813 0.949224 -1.069642 -0.206151 1.445440 -4.492010 3.284716 2.370528 0.991375 -3.269660 0.311201
212 6.7081375112 15.0000000000 5.0000000000 1.4709121118 14.0000000000 6.1680959227 0.9747720581 5.5195351325 0.0441232831 5.2928304642 0.0625183221 30.4652680791 -1064.0681980292 24.5671078187 6.2963275145 -1.868559 1.015822 1.571273 0.952832 0.741102 0.852234 -1.274486 0.957952 0.508869 5.000000 -2.089690 -1.843733 1.015805 4.889530 -0.579204 -0.291414 2.268619 -5.000000 0.402996 -0.624371 1.556737 2.565068 0.199935 -4.742308 -1.233445 -1.398827 0.931012 -4.767803 1.721908 -2.238467 4.108023 0.419179 -2.252557 1.343884 -4.595978 -1.353267 -1.058367 4.868729 -2.969882 1.455388
266 6.6866250873 15.0000000000 5.0000000000 1.3380458670 17.0000000000 6.1328144872 0.9690699859 4.4045217425 -0.0070207023 4.2782082812 0.0121904982 19.3998117802 -1024.7674192057 25.5831265700 6.5412512407 -1.291743 2.445195 3.729365 0.702356 0.297047 0.077166 0.140828 0.669374 -1.522682 5.000000 -1.070942 -4.136347 -1.809826 1.749017 2.390282 2.747519 2.497497 -2.941719 0.908608 0.738681 2.552417 2.484008 3.139459 -3.450825 -0.514231 -2.229441 -0.712198 -1.268281 4.947259 -1.733741 3.032845 -1.654108 -3.003046 0.529999 -3.182973 1.429909 2.143963 5.000000 -2.694996 1.305547
322 6.0309509456 15.0000000000 5.0000000000 1.1648292523 21.0000000000 6.0878162121 0.9618280260 4.2872262926 -0.1409131287 3.8442992609 -0.1094879058 18.3803092841 -925.1295628719 25.1863100283 6.4624268054 -2.150322 -1.054631 1.529515 -0.749630 1.637860 -1.465581 1.433006 1.807964 -1.023348 5.000000 -2.563716 -4.032618 -3.284321 3.526949 1.902750 -0.883120 2.680328 -2.228768 0.370843 0.952219 2.045520 4.084439 0.690558 -2.196039 -2.583460 -1.503665 -3.255092 -1.628843 3.996602 -0.464284 1.593043 -1.777820 -3.649472 4.000643 -3.183370 0.990914 2.069004 2.453523 -3.328211 2.702819
726 6.0295211055 15.0000000000 5.0000000000 0.9571940301 48.0000000000 5.8136972434 0.9171076790 7.3069539229 0.0876970066 6.6287297106 0.0598299472 53.3915756315 -739.7000115484 24.0789089741 6.1245055502 -1.753085 -1.771328 -0.300179 2.813589 2.503316 -2.712464 3.299235 -0.449356 0.658641 4.294583 -2.767704 -1.559196 -1.795494 4.161955 0.202297 -1.200147 3.336756 -1.291778 -3.590410 2.364002 0.429094 -1.840376 0.760074 0.172270 -0.701973 1.087526 -3.812317 -0.014890 1.018477 1.512070 2.584779 -4.474005 2.794660 2.589671 -3.268037 0.417961 2.363070 2.627731 -0.978004 1.658480
1005 16.2080006202 15.0000000000 5.0000000000 0.8140857910 67.0000000000 5.6369469354 0.8882607039 5.4437878504 0.1691289127 4.4622051966 0.1498010287 29.6348261602 -622.7357184813 24.5244403101 6.2354854660 -2.042489 -0.054803 2.282981 3.482879 2.061702 0.648333 4.333125 1.186834 -2.609664 1.905447 -1.936519 0.697151 -3.266390 4.388545 -0.027995 -1.022320 5.000000 -1.376950 -4.290675 0.747560 0.936342 -0.619717 0.509309 -0.004202 -2.680445 1.563497 -3.399412 -1.005861 1.175598 -0.689477 2.992065 -1.608570 1.023894 3.970499 -0.740700 -0.019068 1.724163 2.377377 -1.813618 4.479678
evaluations raw_y rep iid sigma t d_norm d_mean ps_norm ps_mean pc_norm pc_mean ps_squared loglikelihood mhl_norm mhl_mean x0 x1 x2 x3 x4 x5 x6 x7 x8 x9 x10 x11 x12 x13 x14 x15 x16 x17 x18 x19 x20 x21 x22 x23 x24 x25 x26 x27 x28 x29 x30 x31 x32 x33 x34 x35 x36 x37 x38 x39
1 13.1995865424 16.0000000000 5.0000000000 0.8140857910 67.0000000000 5.6369469354 0.8882607039 5.4437878504 0.1691289127 4.4622051966 0.1498010287 29.6348261602 -622.7357184813 24.5244403101 6.2354854660 0.255897 -3.056947 -1.188936 0.132661 -2.470990 -1.242737 -1.777896 0.997820 -1.573794 0.237487 -1.513726 0.986734 -1.678809 -2.030044 -0.685039 3.768928 -0.541826 -2.903439 -2.160318 5.000000 -0.440446 -0.178801 0.552683 3.224522 1.431930 1.317265 0.421482 -1.128887 0.280372 -0.676896 -2.809655 -4.973284 2.547087 2.159496 1.296805 1.112840 0.467075 -2.157691 -2.363922 -1.406480
2 12.4155672195 16.0000000000 5.0000000000 0.8140857910 67.0000000000 5.6369469354 0.8882607039 5.4437878504 0.1691289127 4.4622051966 0.1498010287 29.6348261602 -622.7357184813 24.5244403101 6.2354854660 -1.277032 -1.684140 -2.676349 1.159413 1.072829 3.086069 3.348664 -1.278580 1.097330 -0.166243 0.618127 4.020870 3.349421 1.006387 2.054518 1.270389 -0.343567 -0.442144 -1.458929 3.042315 -1.882076 -0.873356 -0.402930 -1.735154 3.106977 1.070189 -4.507749 -2.011533 1.743754 -1.067730 0.329807 0.507891 0.327217 -1.332258 -0.061314 0.204309 -1.674566 0.684482 0.213746 0.652277
7 10.4588290083 16.0000000000 5.0000000000 0.8140857910 67.0000000000 5.6369469354 0.8882607039 5.4437878504 0.1691289127 4.4622051966 0.1498010287 29.6348261602 -622.7357184813 24.5244403101 6.2354854660 -0.136609 -0.760622 -0.734638 -0.462814 -1.943550 0.645485 0.971420 -1.130366 -1.281493 -0.994173 -1.388055 0.260246 1.204419 0.884040 1.571110 -1.920914 1.656214 -0.607146 -0.007018 -1.182587 -1.584640 -0.883148 -1.935105 -1.833396 -3.107206 1.862899 2.802322 0.113155 -2.928841 0.129112 2.957113 -2.324218 2.804424 0.900575 -4.495087 0.945259 0.404860 -0.692424 -3.064750 -1.078260
11 6.1236192288 16.0000000000 5.0000000000 0.8140857910 67.0000000000 5.6369469354 0.8882607039 5.4437878504 0.1691289127 4.4622051966 0.1498010287 29.6348261602 -622.7357184813 24.5244403101 6.2354854660 -0.858031 -1.907308 -0.556867 -1.926745 0.203192 -4.174971 0.632764 0.576036 -0.431047 3.814198 0.626255 2.521047 1.874061 -0.053267 -1.562278 -0.978858 -0.079419 -1.602394 -0.091744 0.105869 -1.781973 0.401802 -1.481831 3.025502 -1.762635 0.404237 -0.991884 -5.000000 -2.677692 -0.923227 -1.705410 2.787453 -1.042794 0.729585 -0.026157 -0.318007 -0.072986 0.914235 0.698236 -1.976591
108 4.9820737502 16.0000000000 5.0000000000 1.5814843440 7.0000000000 6.2365993781 0.9858993607 5.2320401203 0.1117627610 4.8125469198 0.0938590363 27.3742438209 -1133.8492348292 25.3108573759 6.4647616050 2.004000 3.254015 -1.582449 2.404755 -3.864074 2.814549 2.409512 -1.477818 -3.662499 2.906435 -3.079476 1.416113 0.436655 2.600594 0.493495 -2.148468 -2.938552 5.000000 1.771122 -4.121258 -1.217045 -1.719373 -0.262260 1.054776 1.085152 -2.312512 -2.167327 3.304999 -5.000000 -0.493156 -0.050853 1.377939 1.281129 1.923607 -1.096055 4.500759 1.289163 1.935243 1.394828 -4.314117
1005 14.4203811147 16.0000000000 5.0000000000 0.6374666836 67.0000000000 5.6177470177 0.8857836072 5.2566723891 0.0836944895 4.5470638980 0.0729622604 27.6326046060 -493.4129623258 25.3805856414 6.4690782902 2.707998 4.327512 -3.022376 -0.367771 -2.619288 1.705333 1.760899 -2.531682 -5.000000 -1.300910 -4.188962 0.212870 0.595567 3.281105 0.546854 -3.533399 2.382237 3.076787 2.346175 -1.640715 3.210492 -4.527117 -0.852376 3.682228 0.375037 -4.076355 -2.792872 4.213242 1.985463 3.508937 -4.654183 0.315346 2.578983 0.053021 1.018711 5.000000 -3.762873 2.633366 -2.667850 -1.527345
evaluations raw_y rep iid sigma t d_norm d_mean ps_norm ps_mean pc_norm pc_mean ps_squared loglikelihood mhl_norm mhl_mean x0 x1 x2 x3 x4 x5 x6 x7 x8 x9 x10 x11 x12 x13 x14 x15 x16 x17 x18 x19 x20 x21 x22 x23 x24 x25 x26 x27 x28 x29 x30 x31 x32 x33 x34 x35 x36 x37 x38 x39
1 14.5562804206 17.0000000000 5.0000000000 0.6374666836 67.0000000000 5.6177470177 0.8857836072 5.2566723891 0.0836944895 4.5470638980 0.0729622604 27.6326046060 -493.4129623258 25.3805856414 6.4690782902 0.552532 -3.709256 1.247802 2.290623 2.074381 3.773278 -0.223397 -0.724203 0.297350 -0.875566 4.342514 2.304621 -3.637625 -0.276099 1.079679 -3.550565 2.629753 -0.946896 -2.184460 -0.500055 -1.964589 2.062538 0.982668 -0.893293 -1.612720 0.262536 -2.425120 0.319982 -1.510446 0.699792 1.955084 -0.277170 0.207713 0.601182 1.936411 1.739248 1.135566 0.930565 -2.330746 -4.071990
2 13.1938613552 17.0000000000 5.0000000000 0.6374666836 67.0000000000 5.6177470177 0.8857836072 5.2566723891 0.0836944895 4.5470638980 0.0729622604 27.6326046060 -493.4129623258 25.3805856414 6.4690782902 -2.310827 5.000000 0.253454 -1.388358 1.115349 0.198293 1.275852 1.406221 -1.832186 -1.572028 2.238364 -1.966792 0.489040 -1.162819 0.859128 1.596804 -1.220140 2.370808 -1.421668 -1.562258 -0.460746 0.240390 -1.576940 -5.000000 -1.591162 0.569164 1.045075 0.167109 5.000000 1.222016 -1.671888 -0.007392 0.786189 1.368990 1.550403 1.112006 -1.081960 3.048834 2.416770 0.102555
6 11.4986116966 17.0000000000 5.0000000000 0.6374666836 67.0000000000 5.6177470177 0.8857836072 5.2566723891 0.0836944895 4.5470638980 0.0729622604 27.6326046060 -493.4129623258 25.3805856414 6.4690782902 3.209920 2.197724 -3.206350 -1.642125 1.117771 3.637752 -3.061925 0.174978 2.675903 2.260785 -2.883595 -1.373610 0.932265 -1.103611 1.245022 -0.054292 2.484800 -3.307779 -0.676820 2.811223 -2.255537 1.293502 -1.422324 -0.960372 2.615991 1.912938 2.049808 -2.590322 0.674659 0.531396 1.992861 2.513553 -4.432248 -0.657419 0.243036 1.011515 -1.044670 -1.183547 0.016585 0.803359
11 9.4817069313 17.0000000000 5.0000000000 0.6374666836 67.0000000000 5.6177470177 0.8857836072 5.2566723891 0.0836944895 4.5470638980 0.0729622604 27.6326046060 -493.4129623258 25.3805856414 6.4690782902 3.391183 1.469671 -3.849952 2.693387 1.554036 -1.424652 -2.108912 -0.001624 -1.437086 0.671327 3.036312 -2.924413 -0.061304 3.256839 3.981382 0.746203 -1.173560 1.216901 -1.747107 -1.765952 2.577839 0.399561 1.083236 -2.115279 -0.719057 -0.947853 -1.878202 0.902106 0.340962 -1.809979 1.979573 -0.848703 -2.561832 -1.130047 0.261881 -0.007145 -0.737772 1.553415 0.813790 -3.258837
62 5.9274897871 17.0000000000 5.0000000000 1.7245942882 4.0000000000 6.2731126299 0.9917507687 5.1948326685 0.0947825214 4.6508963396 0.0833093521 26.9862864539 -1180.6194658347 24.8712033139 6.3710991382 2.502690 3.143668 -2.852023 -1.636808 -0.323579 -1.419494 -0.193168 0.985522 1.428664 -4.445765 3.624969 -2.012815 -1.725898 0.564517 0.903788 0.637077 0.071711 -1.411452 5.000000 -0.096819 0.527248 -1.028892 -3.394029 -2.571322 4.333207 -1.215477 2.847913 2.984280 1.916165 -4.200605 0.514227 -0.435796 -1.239880 0.486357 0.732208 1.171945 2.226792 2.805226 -1.369342 -1.639099
1005 16.7668802834 17.0000000000 5.0000000000 0.9684255907 67.0000000000 5.6472956757 0.8898824276 6.1902953450 -0.0937584312 5.6485023954 -0.1150203565 38.3197564583 -725.5218503319 24.4758813979 6.2639729427 -4.896599 2.710725 2.018318 1.901810 -0.470368 -2.456502 -0.501708 0.005009 2.631256 -1.755980 0.991289 2.359997 -4.944530 0.708839 -4.489836 -2.187907 1.047993 -2.026058 0.429077 4.152350 -2.903977 0.681797 4.155635 -1.334416 2.640315 -0.829033 -3.302072 -1.695832 -4.814824 -2.220416 2.014535 2.825837 3.639301 1.622727 -2.982473 1.704831 -1.066765 0.459805 -1.128574 -2.574540
evaluations raw_y rep iid sigma t d_norm d_mean ps_norm ps_mean pc_norm pc_mean ps_squared loglikelihood mhl_norm mhl_mean x0 x1 x2 x3 x4 x5 x6 x7 x8 x9 x10 x11 x12 x13 x14 x15 x16 x17 x18 x19 x20 x21 x22 x23 x24 x25 x26 x27 x28 x29 x30 x31 x32 x33 x34 x35 x36 x37 x38 x39
1 19.5475973020 18.0000000000 5.0000000000 0.9684255907 67.0000000000 5.6472956757 0.8898824276 6.1902953450 -0.0937584312 5.6485023954 -0.1150203565 38.3197564583 -725.5218503319 24.4758813979 6.2639729427 0.158857 4.380405 -0.269784 0.321036 0.885396 1.246783 2.017807 0.788498 -0.672773 -1.291813 1.610915 0.832886 1.149239 -2.203343 -1.989514 2.691039 1.163736 1.074477 4.134094 -0.580648 1.202730 -1.129054 -2.335903 -2.044004 1.767039 -1.067489 -2.700864 0.460188 1.789710 2.741520 4.927403 2.255803 -1.638428 0.134928 2.154433 -1.107090 1.355235 2.082987 -3.502844 0.237339
2 11.5394977218 18.0000000000 5.0000000000 0.9684255907 67.0000000000 5.6472956757 0.8898824276 6.1902953450 -0.0937584312 5.6485023954 -0.1150203565 38.3197564583 -725.5218503319 24.4758813979 6.2639729427 2.277402 1.354170 0.612270 -0.030544 4.135977 -0.090536 -3.206250 -0.935504 0.297315 0.705742 -0.501302 0.172256 -0.340330 1.701336 -2.237533 -0.147728 -2.826398 -2.239788 0.744920 -0.886148 1.940151 0.114399 1.068929 2.432949 -1.111856 -4.582294 -3.010252 -2.485479 -0.922775 -2.466883 0.968889 1.176252 -1.083262 1.065766 0.948540 4.128864 4.340174 -0.705943 5.000000 -1.807078
22 10.5634432332 18.0000000000 5.0000000000 1.8924496893 1.0000000000 6.3131161617 0.9981670716 3.3064721975 -0.0129146818 2.8040130866 -0.0109521370 10.9327583926 -1311.1198398654 27.4809387426 7.0296453058 0.151134 4.361987 -1.509276 1.735671 -0.955556 1.243254 -0.550632 -1.075875 3.168201 1.582351 -0.621705 -0.727749 -0.204799 3.428636 -1.174368 1.931622 -2.038198 -4.009751 0.486998 -1.184059 0.351742 -1.762266 0.526485 4.418076 -0.441458 4.249547 -0.786278 -0.294775 0.993388 1.236820 0.575446 -0.781942 2.853970 -0.671849 -1.377779 5.000000 5.000000 0.749770 4.487103 0.692681
24 9.3310672987 18.0000000000 5.0000000000 1.8924496893 1.0000000000 6.3131161617 0.9981670716 3.3064721975 -0.0129146818 2.8040130866 -0.0109521370 10.9327583926 -1311.1198398654 27.4809387426 7.0296453058 3.121450 0.171714 3.051038 -1.264935 0.485580 5.000000 -0.213047 -2.879933 -2.587116 1.597675 -1.732273 -1.695676 -0.056640 -0.539205 -0.392843 -0.200386 2.205461 -3.064531 0.964315 0.392351 1.683857 -1.384257 0.459107 -1.855595 1.661704 -2.533216 1.816730 -5.000000 -4.143598 -1.973453 -2.267263 -1.195556 -1.781938 -2.985090 2.208168 3.979584 2.871992 -3.675363 4.457516 1.280741
54 7.3282746463 18.0000000000 5.0000000000 1.8009387366 3.0000000000 6.2918315615 0.9947441538 5.5282728631 0.1132246470 4.8627463329 0.0926710283 30.5618008494 -1215.0918553717 25.1080988043 6.4143227760 1.013170 1.091346 0.788561 2.270789 0.445950 2.708631 0.399310 -4.019151 1.922729 1.992221 3.913780 -3.220419 0.547079 0.895399 -1.845727 -0.345691 2.029146 -5.000000 -2.020141 -0.376345 1.058249 -1.864547 0.025209 1.634574 3.524244 -4.692017 -0.093979 -4.818504 1.234020 0.365008 -1.563556 -1.650656 -2.513589 1.385856 -1.033365 4.518743 -0.049181 -5.000000 3.136364 2.318940
68 6.8412949525 18.0000000000 5.0000000000 1.7764971305 4.0000000000 6.2827407993 0.9932714101 5.5488410882 -0.0664372951 4.9882494813 -0.0547020156 30.7896374226 -1214.3702061914 25.4322509387 6.5216668248 1.237123 1.325166 1.050015 1.962213 2.535909 2.688053 -2.457743 -4.900184 2.729983 4.173263 -1.040377 -5.000000 -0.639043 1.056261 0.652437 2.180485 -0.723336 -5.000000 -0.584132 -0.039720 1.450838 -5.000000 2.349242 -2.759478 1.390165 -1.906856 0.396709 -4.189602 1.117866 -1.738564 -4.471624 1.820703 0.428660 -0.667043 0.706945 5.000000 1.658630 -3.684783 1.554802 2.480688
227 6.1987255053 18.0000000000 5.0000000000 1.3533858481 15.0000000000 6.1613973757 0.9736697190 4.7743198737 -0.1037314246 4.4905425253 -0.1124597919 22.7941302562 -1032.0008169036 25.3818117128 6.5099030075 2.470172 1.414904 3.689496 -0.900964 1.928565 1.203268 -0.464969 -3.635212 -4.039539 2.286556 -1.595432 -2.830953 -1.075877 4.309153 -0.694953 -5.000000 2.409763 -0.796075 4.356762 -1.998343 2.134194 -3.100886 1.121113 0.956285 5.000000 -3.677307 0.458201 -3.528878 -3.051856 -1.901799 -1.433179 -0.729299 -0.934974 -4.135390 -0.194999 3.431280 0.848480 -4.327807 -2.447212 0.268625
422 5.7017796760 18.0000000000 5.0000000000 1.1182890329 28.0000000000 6.0299698870 0.9524386035 5.5182052217 0.1806918132 5.0275772511 0.1800763179 30.4505888687 -862.0570968791 23.9140453885 6.0942799317 2.719883 -3.986879 4.616007 2.818723 5.000000 -0.693557 0.555388 -0.876142 -2.151628 0.312111 0.267970 0.079553 -3.081896 3.218489 -0.497099 -3.786996 2.334536 -1.913066 3.248580 -2.812042 4.016945 -3.093831 4.875363 1.725612 0.983315 -0.769061 5.000000 -2.833125 3.395569 -0.077468 -2.578441 2.772095 0.263843 -3.371638 -4.232306 3.199280 2.199566 -2.849541 -3.303872 2.079962
882 5.4085987752 18.0000000000 5.0000000000 0.9672347306 58.0000000000 5.7358015348 0.9042746547 6.6508616866 -0.2749052641 5.9671014085 -0.2528536158 44.2339611743 -728.7482388833 23.8775820991 6.1378523283 3.770867 -0.583107 1.503418 3.546901 -0.151008 3.583974 1.132123 -2.013664 -4.089814 4.512783 -2.607051 -0.337733 -4.417752 2.885359 -2.546601 -3.428494 2.234613 -4.068752 2.252136 0.714834 -3.715095 -4.924087 3.096096 -0.286810 2.412964 -0.058665 0.719938 3.736976 1.855652 -2.775397 -3.094245 0.977898 -0.473296 -5.000000 -4.236091 -0.689949 0.396124 -2.873831 0.289903 3.484599
1005 8.8163284013 18.0000000000 5.0000000000 0.9648924265 67.0000000000 5.6591408485 0.8916216761 5.0512702796 -0.2621811069 4.4745829146 -0.2230918232 25.5153314371 -721.0639437475 24.1560189757 6.1321381416 2.806372 -2.349446 2.512126 3.550079 -0.601438 0.884078 -1.342054 -0.698988 -3.105721 1.496038 -2.388812 -1.622678 -3.886677 3.598157 -2.825904 -4.029304 1.898367 -5.000000 2.823796 0.621681 -1.387754 -4.835207 2.541718 -0.764387 2.279093 0.994156 3.017955 4.298262 1.038985 -4.660631 -3.084261 -0.496103 -1.530205 -4.475231 -3.822792 -2.519923 1.880881 -0.846676 -1.242611 2.524948
evaluations raw_y rep iid sigma t d_norm d_mean ps_norm ps_mean pc_norm pc_mean ps_squared loglikelihood mhl_norm mhl_mean x0 x1 x2 x3 x4 x5 x6 x7 x8 x9 x10 x11 x12 x13 x14 x15 x16 x17 x18 x19 x20 x21 x22 x23 x24 x25 x26 x27 x28 x29 x30 x31 x32 x33 x34 x35 x36 x37 x38 x39
1 13.8688194533 19.0000000000 5.0000000000 0.9648924265 67.0000000000 5.6591408485 0.8916216761 5.0512702796 -0.2621811069 4.4745829146 -0.2230918232 25.5153314371 -721.0639437475 24.1560189757 6.1321381416 0.442007 -0.680930 -1.155497 -0.808063 -1.206579 -0.487705 2.070687 1.161507 0.504827 -2.925092 -3.096683 0.530545 -0.001792 -2.031985 0.223979 -2.383904 3.111088 -1.866600 1.053068 -0.299929 1.045571 2.684310 3.117043 2.511988 1.817207 -1.681803 2.011170 -2.047608 0.363548 -0.833362 3.956817 3.834889 -2.062014 -0.966624 -1.290160 0.120696 1.095861 1.690297 -2.414363 0.749681
4 13.1398638265 19.0000000000 5.0000000000 0.9648924265 67.0000000000 5.6591408485 0.8916216761 5.0512702796 -0.2621811069 4.4745829146 -0.2230918232 25.5153314371 -721.0639437475 24.1560189757 6.1321381416 -4.131995 2.196270 -1.027764 -2.503946 -0.116415 -2.700748 -1.058849 0.411558 3.002041 1.149293 0.084207 2.414102 -0.668492 -0.941660 1.532649 -1.045759 -1.608802 1.728898 -0.729073 1.058439 0.059788 -1.294914 1.897924 -0.106627 1.907699 -0.856539 0.884163 0.689811 -1.541798 -0.518677 -0.381424 -1.949948 -0.099859 -0.545062 -1.686709 -0.111311 1.382976 -1.525134 -0.501758 -2.741899
9 8.6020029410 19.0000000000 5.0000000000 0.9648924265 67.0000000000 5.6591408485 0.8916216761 5.0512702796 -0.2621811069 4.4745829146 -0.2230918232 25.5153314371 -721.0639437475 24.1560189757 6.1321381416 2.232897 -0.973441 0.578767 2.416675 -1.868079 0.215620 2.626368 -0.383970 2.999500 -0.451252 0.248129 0.848591 -0.177960 -0.472336 -4.840597 -1.711728 3.222040 0.808181 -1.689550 -3.162880 1.546827 -1.335918 -1.721324 0.159398 -0.291607 -1.007712 0.393468 1.559983 -3.245090 2.397419 2.433952 1.532351 -2.605776 0.683776 0.958950 -2.362182 -2.723913 -1.189477 -0.078146 -0.576984
20 7.9310425241 19.0000000000 5.0000000000 1.9010204630 1.0000000000 6.3118849829 0.9979771628 3.5499828105 -0.0413450334 3.0105192675 -0.0350621471 12.6023779552 -1283.3376104394 26.3534863148 6.6794613254 -1.833627 -0.913897 -1.027585 -0.637198 -1.721263 -1.848719 -0.999077 1.380007 0.652195 -2.486739 -4.158589 -0.728153 0.523711 -2.315162 -1.167352 -0.725039 0.390314 0.936014 -3.591230 -1.744010 -1.148170 -0.723295 -2.593514 1.313975 -1.350780 0.182641 0.596934 -0.709713 -1.780576 -0.385095 0.601338 1.255371 0.474724 0.009752 3.268892 -0.597861 0.123120 0.689502 2.316292 0.654981
22 5.5296709093 19.0000000000 5.0000000000 1.9010204630 1.0000000000 6.3118849829 0.9979771628 3.5499828105 -0.0413450334 3.0105192675 -0.0350621471 12.6023779552 -1283.3376104394 26.3534863148 6.6794613254 1.328165 -3.011607 -3.316698 -0.640302 -0.573349 -2.069478 1.152654 3.149145 0.501122 -1.174157 1.214968 -0.072988 -3.782535 -3.552645 -1.356834 -1.972116 -0.082621 -1.664235 -2.035575 -4.080882 2.055172 -0.933443 -3.569952 -2.576822 -0.306639 1.433112 -1.817534 -1.024131 -3.860862 -2.144944 -1.652784 -2.642550 -1.765760 -1.836933 -0.012137 -2.389748 4.031428 2.584452 -3.255127 0.882190
364 5.1952125062 19.0000000000 5.0000000000 1.1273693688 24.0000000000 6.0380619325 0.9539059722 5.4996068706 0.0288724969 4.9577480670 0.0586419188 30.2456757315 -899.5683586369 25.2406438940 6.4181682140 0.671913 -4.402390 -3.614049 -0.645994 -1.544518 -3.062478 2.141384 0.236271 2.006425 2.296368 -0.859103 0.805689 -2.159468 1.821139 1.248785 -1.231212 0.383871 5.000000 -0.433876 -3.309943 1.430791 -2.937818 1.057452 0.150055 0.918398 3.860562 -0.063591 4.248231 -4.800045 -2.411413 0.752948 0.034495 -3.390953 -1.604893 4.887025 0.548221 -2.711506 0.378745 -0.924025 -0.855528
1005 18.1256309474 19.0000000000 5.0000000000 0.7675600670 67.0000000000 5.6194429952 0.8858273954 5.4659156151 0.1540435782 4.7446302786 0.1112676056 29.8762335118 -652.0588009769 27.4170299034 6.9836215657 -1.362257 -0.999986 -1.104763 -1.396231 -2.173482 2.070445 1.661512 1.807367 1.190630 2.315779 1.823922 -0.194386 -3.552165 -1.397255 3.382270 0.012822 0.533856 1.838737 -3.302199 -4.169911 -0.302693 -2.726676 1.134717 -0.427433 0.877268 3.098088 -1.705991 2.660092 -1.815989 -4.395029 3.738761 -4.582200 -4.900342 -2.499559 4.120315 0.196270 -2.582861 -1.226052 1.776243 1.366042
evaluations raw_y rep iid sigma t d_norm d_mean ps_norm ps_mean pc_norm pc_mean ps_squared loglikelihood mhl_norm mhl_mean x0 x1 x2 x3 x4 x5 x6 x7 x8 x9 x10 x11 x12 x13 x14 x15 x16 x17 x18 x19 x20 x21 x22 x23 x24 x25 x26 x27 x28 x29 x30 x31 x32 x33 x34 x35 x36 x37 x38 x39
1 16.1204176232 0.0000000000 6.0000000000 0.7675600670 67.0000000000 5.6194429952 0.8858273954 5.4659156151 0.1540435782 4.7446302786 0.1112676056 29.8762335118 -652.0588009769 27.4170299034 6.9836215657 3.528105 0.800314 1.957476 4.481786 3.735116 -1.954556 1.900177 -0.302714 -0.206438 0.821197 0.288087 2.908547 1.522075 0.243350 0.887726 0.667349 2.988158 -0.410317 0.626135 -1.708191 -5.000000 1.307237 1.728872 -1.484330 4.539509 -2.908731 0.091517 -0.374368 3.065558 2.938718 0.309895 0.756325 -1.775571 -3.961593 -0.695824 0.312698 2.460581 2.404760 -0.774654 -0.604606
2 11.6355299594 0.0000000000 6.0000000000 0.7675600670 67.0000000000 5.6194429952 0.8858273954 5.4659156151 0.1540435782 4.7446302786 0.1112676056 29.8762335118 -652.0588009769 27.4170299034 6.9836215657 -2.097106 -2.840036 -3.412540 3.901551 -1.019304 -0.876149 -2.505591 1.554981 -3.227796 -0.425481 -1.790933 0.773805 -1.021610 -2.361264 -0.056364 0.856664 0.133034 0.604944 -1.268644 -0.725482 -1.344921 -0.719106 -1.626293 -3.452565 0.354852 -0.803562 -3.260397 0.925565 -1.814597 0.103891 1.458181 0.257966 2.278801 -2.469652 0.804683 -1.369620 -1.741594 -1.157699 -0.623105 0.112331
6 11.0285481501 0.0000000000 6.0000000000 0.7675600670 67.0000000000 5.6194429952 0.8858273954 5.4659156151 0.1540435782 4.7446302786 0.1112676056 29.8762335118 -652.0588009769 27.4170299034 6.9836215657 -0.738364 -0.478758 2.199319 1.310527 1.280263 -3.233912 -0.048652 -1.476062 0.559849 -0.196301 1.820358 0.634436 1.572656 -0.932838 -1.888893 -0.820099 -0.034041 0.758303 4.518618 -0.084514 -1.911890 -0.691964 -0.927192 0.962963 -3.081594 0.126524 0.313013 0.464362 -1.194632 -0.475843 -2.848122 -0.986640 -1.085723 0.832100 -2.312365 1.562396 2.988969 -4.139970 0.852517 1.353816
27 10.4752060677 0.0000000000 6.0000000000 1.8754855951 1.0000000000 6.3097804498 0.9976467848 2.8212239497 -0.1248270817 2.3925042773 -0.1058580716 7.9593045746 -1269.6789818086 26.2233145002 6.6916499332 0.930549 -0.597329 -0.461498 0.390009 1.429050 -1.167834 -0.829231 -3.566771 0.421522 0.478271 -1.023959 -0.651105 1.764138 -1.074256 -1.425307 0.512497 0.194132 -0.709791 1.570781 -0.160416 -2.052170 1.144370 1.728817 0.987816 -1.515741 -2.350962 -3.017514 0.110283 -4.246982 -2.520684 0.176138 -1.019102 -5.000000 -0.538033 1.234327 -3.308887 0.753382 1.310867 -0.551207 1.904995
44 7.0602219157 0.0000000000 6.0000000000 1.8148046652 2.0000000000 6.2972428922 0.9956433672 4.5128032207 -0.2503153625 3.8878268807 -0.2159997675 20.3653929087 -1208.3048626742 24.6137167902 6.2636812469 -2.587719 -1.767531 -1.629576 1.716400 -0.609680 -1.278464 -1.964314 -4.982550 -5.000000 2.118033 -3.231153 -1.324443 1.459861 1.200390 -3.711140 1.575168 1.011839 -1.565103 4.244245 3.009734 -1.736259 2.360740 1.439177 -0.111876 -5.000000 -0.936043 -1.965207 -0.086591 0.121401 -1.009634 -2.442643 1.328102 -2.657801 -4.048408 -0.980456 0.068356 1.035370 -4.681802 -0.006205 4.618877
54 6.3401345041 0.0000000000 6.0000000000 1.7726502942 3.0000000000 6.2870545412 0.9940033382 5.0187012241 -0.2399775489 4.4344593263 -0.2157793501 25.1873619766 -1216.7564532003 25.5617355122 6.5500310110 -1.804469 -2.667422 -0.224331 1.594543 2.956009 -0.631542 -1.543630 -3.663429 -2.753744 -0.700712 -1.845100 0.507155 2.434537 -0.129717 -1.076381 5.000000 1.638532 0.627287 3.131745 2.258002 -4.169547 -1.414112 -2.130844 -0.209941 0.433218 -1.540187 -0.254471 -1.824104 -3.212850 -0.975548 1.397049 -0.929051 -2.824486 -2.942753 1.531206 -0.626920 -0.583829 0.334776 1.048605 -1.020842
73 5.9565619946 0.0000000000 6.0000000000 1.7163804404 4.0000000000 6.2725391119 0.9916856551 4.5468441562 -0.1270260369 4.0978185485 -0.1269086753 20.6737917812 -1176.2908335979 24.8462498304 6.3174530499 1.202358 -3.225608 0.652681 2.586231 5.000000 -1.012488 0.027598 -2.548587 -2.844888 0.403395 -1.544470 2.590325 2.480098 0.708873 -4.449135 0.988058 2.841993 0.080137 3.313845 0.589851 -2.543066 2.928505 -0.437281 1.577899 -2.363685 -2.256090 -2.014721 -2.667343 -0.697286 0.391646 -3.129553 2.877445 -1.251582 -4.545978 -1.437427 -2.156525 2.621157 -0.527492 3.380419 2.076975
532 5.8586652150 0.0000000000 6.0000000000 1.0231267125 35.0000000000 5.9414067669 0.9382107310 6.9851936733 0.2828684302 6.4099905663 0.2738356369 48.7929306539 -838.7610636411 25.7859239246 6.5720428156 -0.228730 -1.085800 0.199824 1.118893 -0.867893 2.103328 0.050851 -0.316396 0.881530 3.060917 2.851466 4.446331 5.000000 0.051922 -1.292529 1.689595 2.113185 2.896467 2.609499 2.509864 -2.109352 -1.466553 1.156665 -3.169380 -1.658034 -0.360450 -1.430488 4.172689 -0.668102 2.384926 2.685229 -1.543576 -3.600433 2.189672 -1.628064 2.407604 0.421384 -1.931490 -1.456471 4.442362
911 4.4484424671 0.0000000000 6.0000000000 1.1132545379 60.0000000000 5.7313939728 0.9032061747 5.4886430243 -0.0455341837 4.8795078230 -0.0549674914 30.1252022486 -843.9292706792 25.4092376163 6.4996052769 -1.576515 -1.018584 1.329848 -0.634190 -1.579815 -1.108235 -2.136790 1.212065 -0.781754 1.280719 2.314201 5.000000 3.723192 -0.382629 -4.593403 0.557229 -1.159774 5.000000 2.938764 1.857030 -3.350854 -2.050115 2.756134 -5.000000 2.861913 -0.460729 -4.311732 2.650839 3.488633 0.100223 0.085830 -0.345514 0.436767 0.235969 -1.385509 2.913567 -4.080151 -1.785287 4.030603 3.753225
1005 8.0081847606 0.0000000000 6.0000000000 1.0564609115 67.0000000000 5.6636977537 0.8921701170 6.6296945523 -0.1747414006 5.5856441975 -0.1574413768 43.9528498563 -801.6409084053 25.2188975664 6.4259007853 -2.909569 1.767187 -2.020005 -3.815970 -3.185420 0.988866 -1.969922 0.302997 0.565877 1.643120 3.218971 3.801555 5.000000 -0.320835 -3.341083 -1.701508 -0.701057 1.472689 3.807344 3.948381 -2.713668 -3.704574 -0.495859 -3.457243 4.000663 1.650306 -2.767077 0.968076 1.328657 -1.530847 2.195521 -3.608389 0.452565 0.179673 -1.552734 0.862629 -3.325016 -1.551293 2.341891 3.417571
evaluations raw_y rep iid sigma t d_norm d_mean ps_norm ps_mean pc_norm pc_mean ps_squared loglikelihood mhl_norm mhl_mean x0 x1 x2 x3 x4 x5 x6 x7 x8 x9 x10 x11 x12 x13 x14 x15 x16 x17 x18 x19 x20 x21 x22 x23 x24 x25 x26 x27 x28 x29 x30 x31 x32 x33 x34 x35 x36 x37 x38 x39
1 6.9114114074 1.0000000000 6.0000000000 1.0564609115 67.0000000000 5.6636977537 0.8921701170 6.6296945523 -0.1747414006 5.5856441975 -0.1574413768 43.9528498563 -801.6409084053 25.2188975664 6.4259007853 3.248691 -1.223513 -1.056344 -2.145937 1.730815 -4.603077 3.489624 -1.522414 0.638078 -0.498741 2.924216 -4.120281 -0.644834 -0.768109 2.267539 -2.199783 -0.344856 -1.755717 0.084427 1.165630 -2.201238 2.289447 1.803181 1.004989 1.801712 -1.367456 -0.245780 -1.871539 -0.535776 1.060711 -1.383322 -0.793507 -1.374345 -1.690411 -1.342492 -0.025329 -2.234621 0.468831 3.319604 1.484088
8 6.8488304657 1.0000000000 6.0000000000 1.0564609115 67.0000000000 5.6636977537 0.8921701170 6.6296945523 -0.1747414006 5.5856441975 -0.1574413768 43.9528498563 -801.6409084053 25.2188975664 6.4259007853 -1.563823 -0.875018 0.190850 1.842900 0.121500 0.422250 0.033055 0.354375 -2.232940 0.161854 -0.373158 -0.113649 0.984673 -1.361356 -0.169016 -0.594724 0.834604 1.569541 -1.910851 1.171821 4.131567 -2.942314 -1.660344 -1.761155 -0.558195 3.245698 0.026705 -1.389387 1.243607 -1.199609 2.246824 0.610534 2.777559 -1.322688 5.000000 1.649169 1.309160 -0.102377 -1.451194 -1.735537
170 6.7396215482 1.0000000000 6.0000000000 1.5147845717 11.0000000000 6.1881835730 0.9781094895 4.9547758097 0.0210421913 4.7208149161 0.0395857643 24.5498033245 -1085.8371265696 24.7104486521 6.3104903837 -0.405087 -3.219257 0.498835 -0.804456 0.308365 -3.344395 5.000000 1.222276 2.391496 3.005542 3.475887 -3.733767 -1.667507 0.858865 -3.819693 -0.619841 2.540438 -0.724990 1.654826 -1.736241 -0.787058 0.066265 -0.135896 -0.120412 1.214925 2.111395 3.658371 -3.006313 1.049846 -4.753355 3.934353 -0.374514 0.743906 0.376883 4.901523 -2.284079 0.109023 2.598445 -2.367640 -0.827791
210 6.5697562295 1.0000000000 6.0000000000 1.4468120965 13.0000000000 6.1636423713 0.9741615275 4.9716800755 0.0275444601 4.4072885763 0.0397442172 24.7176027732 -1087.3112883017 26.0154606839 6.6066899710 1.540820 0.168393 -2.905419 -0.814617 0.016817 -3.864321 1.987552 1.932007 2.313779 5.000000 1.583178 -1.676064 -2.031678 0.235442 -1.858143 -1.683799 2.079057 -0.194066 2.386405 -2.119824 -1.998047 0.897534 4.543902 -2.661063 1.659732 2.735832 2.912788 0.162374 2.255811 -3.908388 2.951774 1.116744 -0.605968 -0.718691 4.143647 -1.378611 2.036208 4.332381 -0.605572 -4.680068
218 6.1621094402 1.0000000000 6.0000000000 1.4163623232 14.0000000000 6.1533899851 0.9725132233 5.1389463832 0.0533427540 4.5329317014 0.0586560265 26.4087699294 -1055.4043168019 25.3258951772 6.4691396312 3.035479 -0.300665 -3.771109 -0.530802 -0.186736 -4.896489 4.827477 -0.519929 -1.103646 4.709493 2.480021 -1.739568 1.669838 -0.391660 -3.997891 -1.234588 1.128649 0.476321 -0.270317 -3.205243 0.771875 2.348318 3.300752 -3.653236 3.473593 3.173195 3.907868 -1.305819 2.331353 -2.351946 5.000000 -0.364649 -0.869449 3.140588 4.326675 -3.279496 3.224390 3.653390 -2.652358 -4.691763
265 6.0593325617 1.0000000000 6.0000000000 1.3172500007 17.0000000000 6.1179003416 0.9668184979 4.7161527640 0.1069091285 4.2622710859 0.1022335917 22.2420968932 -977.7023984638 24.1156848043 6.1766135080 2.655087 0.580693 -2.977624 -1.601390 -3.885652 -4.939765 2.517093 0.653998 1.548764 3.354306 3.033961 -0.733499 -0.057908 -1.926627 -2.392905 -1.462136 -0.009624 1.000424 -0.267114 -2.474386 3.003155 2.102449 3.983625 -4.475984 3.895235 2.467045 2.237167 0.634825 2.743530 -5.000000 4.065099 -0.687926 1.810918 -0.502432 5.000000 -1.028281 -1.063431 4.152839 -2.338609 -1.701992
455 3.4539398933 1.0000000000 6.0000000000 1.0444150203 30.0000000000 5.9712409372 0.9431451596 5.4358097863 0.2472954950 4.7910936787 0.2345965472 29.5480280333 -832.9030366093 24.8171228702 6.3409475919 0.859105 -0.290152 -3.305818 1.413727 2.087188 -4.098486 2.920376 3.011667 2.472539 1.881882 2.425043 -3.111054 3.473636 0.091983 1.486739 -1.544489 1.815372 2.605117 2.843770 -1.922752 3.013006 1.464613 4.084127 -3.269587 0.395947 3.695572 3.868713 3.098715 0.232019 -4.360657 3.208190 1.260572 4.144518 1.234417 4.463586 -2.940355 -2.000284 2.000996 -2.083601 -3.547081
1005 16.3834077739 1.0000000000 6.0000000000 0.8387619017 67.0000000000 5.6111934383 0.8843767154 6.5530316729 0.0988590413 6.2109601697 0.0906710100 42.9422241059 -658.6024956674 25.5745194675 6.5431734227 -0.873889 -0.398663 0.761415 1.684597 1.989236 -2.756248 3.281064 2.629867 3.260349 4.763853 2.374510 -1.649086 4.317149 -1.938725 -2.460134 1.915559 -0.278863 3.111724 0.274622 2.755689 1.867653 1.335426 4.096805 -2.482017 -5.000000 2.473053 3.810425 3.300338 2.838330 2.851933 -0.082551 3.088165 1.730394 0.810580 0.945950 -0.712203 -4.126678 2.230848 -2.565366 2.617919
evaluations raw_y rep iid sigma t d_norm d_mean ps_norm ps_mean pc_norm pc_mean ps_squared loglikelihood mhl_norm mhl_mean x0 x1 x2 x3 x4 x5 x6 x7 x8 x9 x10 x11 x12 x13 x14 x15 x16 x17 x18 x19 x20 x21 x22 x23 x24 x25 x26 x27 x28 x29 x30 x31 x32 x33 x34 x35 x36 x37 x38 x39
1 14.4832731444 2.0000000000 6.0000000000 0.8387619017 67.0000000000 5.6111934383 0.8843767154 6.5530316729 0.0988590413 6.2109601697 0.0906710100 42.9422241059 -658.6024956674 25.5745194675 6.5431734227 -0.833516 -0.112534 -4.272392 3.280542 -3.586871 -1.683495 1.005763 -2.490576 -2.115904 -1.818015 1.102908 4.584416 0.083079 -2.235851 1.078117 -1.192319 -0.038261 2.350002 -1.495742 0.018051 -1.756216 -0.312868 0.513141 -1.977558 -0.677644 -0.472368 -1.275310 -2.375225 -2.842434 -0.306990 -0.538114 4.462734 -4.869535 0.225453 0.740889 2.719268 1.003714 -1.688427 0.000020 1.084705
3 13.7234179332 2.0000000000 6.0000000000 0.8387619017 67.0000000000 5.6111934383 0.8843767154 6.5530316729 0.0988590413 6.2109601697 0.0906710100 42.9422241059 -658.6024956674 25.5745194675 6.5431734227 -0.378939 -0.154437 1.649406 2.496426 -0.807785 -2.769037 2.734471 2.435771 -0.924011 0.701777 0.763732 1.132551 0.408416 2.813392 -3.475919 2.081648 0.760944 -0.434271 2.347063 -4.687206 2.323043 0.772156 -2.266267 0.866185 -0.608173 5.000000 3.670665 0.881380 -1.438508 -1.166829 -0.650099 -1.120469 -1.804492 -1.181945 -0.552359 -1.033768 -1.397180 -1.857784 5.000000 -2.946346
5 11.6363844192 2.0000000000 6.0000000000 0.8387619017 67.0000000000 5.6111934383 0.8843767154 6.5530316729 0.0988590413 6.2109601697 0.0906710100 42.9422241059 -658.6024956674 25.5745194675 6.5431734227 -2.510854 1.876327 -0.936693 -2.509441 0.249647 1.513004 0.482879 0.994851 5.000000 1.642242 3.063521 -3.971692 0.730107 1.548164 -0.728958 -1.751959 0.793040 -0.629235 -1.187511 2.299001 2.671132 0.605259 -0.908456 1.028741 1.658917 1.261244 -2.906729 -0.676036 0.718267 1.244441 1.921564 1.516741 -2.268637 -1.414842 -2.442858 3.608953 0.360820 1.106329 2.066058 -0.658005
7 10.6682838561 2.0000000000 6.0000000000 0.8387619017 67.0000000000 5.6111934383 0.8843767154 6.5530316729 0.0988590413 6.2109601697 0.0906710100 42.9422241059 -658.6024956674 25.5745194675 6.5431734227 -2.635135 -4.051187 -0.164491 -0.609333 -0.319448 1.097893 -1.236751 0.757589 1.026503 -0.669688 -0.567039 1.076849 0.114502 0.318177 -4.748805 0.117040 0.753092 -0.270960 0.671817 3.808752 0.170729 1.330669 -1.699991 -1.704684 -0.959970 -2.039298 -0.015202 -1.867661 -0.349994 -2.874287 -3.304401 -1.351324 -2.134134 -1.305862 -1.224190 -0.702525 2.090956 2.738032 1.450707 -0.718949
35 9.4734807168 2.0000000000 6.0000000000 1.7759602786 2.0000000000 6.2958820126 0.9954298688 3.3845349352 -0.0982422072 2.9087475303 -0.0869713030 11.4550767279 -1204.2210923529 24.9769116484 6.3217359009 -2.735434 -5.000000 0.869860 -2.452189 2.279919 -0.677285 0.784521 -2.069203 3.566890 1.578556 0.444919 -4.039183 -2.398758 -0.374868 -0.732727 -0.262670 -3.738027 -2.493998 -0.734928 3.528537 -1.540006 1.569839 -3.031312 0.283143 -0.910416 -1.633233 -2.838122 -1.579075 -1.970748 3.811691 -1.336107 2.683843 1.066847 -0.328154 -2.888492 -0.683320 1.546628 -0.036575 -4.012216 -0.610856
88 6.9640138106 2.0000000000 6.0000000000 1.6664846722 5.0000000000 6.2619589568 0.9899785001 5.7619494209 -0.3695256415 5.1625179683 -0.3261662673 33.2000611286 -1185.2334508316 25.9445887272 6.6234563256 2.340821 -3.568033 0.339341 -2.428410 3.078078 -1.364787 2.197673 5.000000 2.121958 1.855011 -1.171755 -1.970788 1.256408 -0.116307 -5.000000 1.196280 -4.001263 -3.602603 -0.022951 -1.056329 0.699728 -0.177806 -0.666800 2.937838 -2.606394 1.423153 -1.407059 -2.783993 1.939069 2.370306 0.749079 0.991281 -0.560925 -1.293867 -4.037379 -1.519449 -4.360744 3.492981 -3.374499 -3.472361
130 6.3516446512 2.0000000000 6.0000000000 1.6122045345 8.0000000000 6.2293158695 0.9846967698 5.9100569659 -0.0800922399 5.5804802311 -0.1045350399 34.9287733400 -1100.9903387547 23.5404201800 6.0346766169 -2.247382 -3.875521 0.221892 -2.871619 3.298859 -0.605450 4.677062 2.107507 0.105725 1.921335 -0.682131 -2.113134 -0.267964 0.422438 -2.552965 -0.497982 2.314058 -4.634064 -0.037334 -2.986355 -1.767287 1.128513 2.493081 1.589463 -1.617292 -0.470386 -3.484716 -1.687584 0.086544 3.187264 1.175130 2.376365 -3.111618 -0.900136 -3.762314 -3.277290 -4.815243 4.537498 -3.471167 -4.918788
362 5.1997150841 2.0000000000 6.0000000000 1.3791802092 24.0000000000 6.0628193445 0.9576980226 7.3923972729 -0.0199849373 6.7303889002 -0.0243577893 54.6475374396 -994.9462974457 24.1077841360 6.1758320572 -4.237518 -2.813428 -2.352902 0.758945 -0.717714 -2.988390 -1.790067 2.461142 -0.696878 1.084178 -3.416844 -0.111359 0.237178 3.306976 -0.862237 1.709572 -2.941101 -4.452816 4.318694 -0.804660 3.399829 3.524201 -2.739417 -0.804738 -0.417409 -2.528241 -2.043134 -1.682069 -0.888735 3.226151 -1.662961 -2.149737 -1.132628 -1.539258 0.405964 0.453477 -3.630409 -0.667236 0.760085 -2.455985
677 4.8102651114 2.0000000000 6.0000000000 1.2224644759 45.0000000000 5.8614041148 0.9244487765 5.2056704900 0.0126744870 4.9232843552 -0.0098276034 27.0990052504 -925.7678856121 25.6252404612 6.5708130042 1.434584 -2.586306 -1.655287 2.813817 -0.108113 -0.124394 1.176829 4.253840 3.035726 -1.510500 -4.455096 0.271581 -5.000000 -0.878141 -2.001920 -2.588761 2.940540 -1.646222 0.102257 -2.547196 -1.031720 3.825506 0.744832 -1.222113 -2.364581 -3.412738 0.677677 -2.793498 -3.453529 0.503689 -1.327396 -0.434539 4.036212 -0.790103 3.406682 2.980753 -4.524763 -2.845142 3.724086 -2.261795
1005 11.9436359352 2.0000000000 6.0000000000 1.1007901272 67.0000000000 5.6528926650 0.8902598645 6.8788759929 0.0928690602 6.3882446913 0.1197516861 47.3189349261 -803.0223812193 24.4490243909 6.1873937510 -1.265848 -5.000000 1.902357 -1.768941 2.470783 2.164140 3.767645 0.146999 5.000000 -2.102154 -1.670631 1.491222 -1.086040 -1.082024 -4.152034 -1.713355 1.705187 -2.970856 -1.590393 -1.079091 -0.327395 4.275694 -1.436628 -4.202905 2.470740 0.325293 -1.265721 -1.558248 -0.745696 0.731805 -5.000000 3.338679 2.741542 -3.504480 3.865195 -1.367957 -3.538492 0.782658 -0.118344 1.979806
evaluations raw_y rep iid sigma t d_norm d_mean ps_norm ps_mean pc_norm pc_mean ps_squared loglikelihood mhl_norm mhl_mean x0 x1 x2 x3 x4 x5 x6 x7 x8 x9 x10 x11 x12 x13 x14 x15 x16 x17 x18 x19 x20 x21 x22 x23 x24 x25 x26 x27 x28 x29 x30 x31 x32 x33 x34 x35 x36 x37 x38 x39
1 8.3723108394 3.0000000000 6.0000000000 1.1007901272 67.0000000000 5.6528926650 0.8902598645 6.8788759929 0.0928690602 6.3882446913 0.1197516861 47.3189349261 -803.0223812193 24.4490243909 6.1873937510 3.577257 0.873020 0.192995 -3.726985 -0.554776 -0.709518 -0.165483 -1.254001 -0.087636 -0.954436 -2.627730 1.769245 1.762636 3.419146 0.100067 -0.809355 -1.090720 -3.092955 1.964735 -2.202135 -2.370093 -0.411300 2.972297 0.473433 -2.047570 -1.425986 1.250490 -0.321027 -1.537673 -0.460061 1.490113 3.952222 -2.488247 -1.252834 -1.607532 -4.838166 -1.847584 -2.047752 2.247956 -0.263828
2 8.3337439386 3.0000000000 6.0000000000 1.1007901272 67.0000000000 5.6528926650 0.8902598645 6.8788759929 0.0928690602 6.3882446913 0.1197516861 47.3189349261 -803.0223812193 24.4490243909 6.1873937510 -3.246571 1.293351 -0.712542 -3.486282 -1.193299 -1.177189 -1.747765 0.059428 -4.496516 -0.535524 2.026367 1.705596 2.216375 2.238781 2.975086 -2.236601 1.691667 -3.721779 -1.205770 -3.828944 2.096295 2.667476 -0.394829 3.549290 -1.349455 0.301234 0.305891 -2.128391 0.875893 3.877957 -2.049862 1.798677 -0.309014 3.539255 0.967577 1.352433 1.286327 0.498173 -2.791527 2.783326
16 8.1110285247 3.0000000000 6.0000000000 1.9147273425 1.0000000000 6.3119582466 0.9979784826 3.9371464807 -0.0549132464 3.3388486570 -0.0465685033 15.5011224108 -1314.6577633614 27.3536587854 6.9448625860 0.131449 -1.171048 -2.345937 -0.732371 0.748220 -1.411012 0.451963 1.467916 0.448860 -0.651818 0.017522 2.949187 0.234860 0.755795 1.268821 -3.111939 2.246888 1.956636 -0.689861 -3.379776 2.839314 0.795599 2.170307 2.593080 -2.210643 -0.841912 -0.787479 -3.054407 1.682432 1.493434 -1.424749 0.063318 -2.714762 0.340303 -1.512298 -1.054944 -0.597271 2.439595 -0.597510 4.217633
33 6.3117706560 3.0000000000 6.0000000000 1.8518006522 2.0000000000 6.2979188766 0.9957405039 4.4844050470 0.0003116985 3.8892270854 -0.0011844903 20.1098886252 -1233.6569074119 25.1811538476 6.4140628104 2.528473 -2.477574 -3.017872 -2.356979 -4.116852 -1.966791 -2.160716 1.841173 -3.319444 1.506665 -1.521310 2.078021 2.642352 4.684637 -0.200783 -3.900108 0.463214 0.912700 -1.025865 -0.123569 2.591183 2.076854 -2.555342 3.831231 -2.341601 0.749592 -3.112317 -4.525748 0.805307 3.370881 2.201937 3.375592 -2.563293 -1.340739 0.591674 -2.757638 -5.000000 5.000000 -3.071594 -0.347533
165 5.6102190488 3.0000000000 6.0000000000 1.5395002652 10.0000000000 6.2067445553 0.9810721566 5.2416148118 -0.1460286231 4.8672660677 -0.1318641485 27.4745258357 -1101.1660271813 24.8422369651 6.3683427479 1.199469 2.190026 -5.000000 -5.000000 -4.362847 -0.126478 2.351156 3.667012 -3.833508 -0.891836 -2.358468 4.379434 1.693242 5.000000 -1.050788 -2.259812 -2.087370 2.846853 1.273351 1.616807 0.718767 1.257028 1.034940 1.390190 -1.857024 1.739484 -0.778494 -3.892592 -1.009593 -1.840651 1.378380 -1.426717 2.838866 0.165653 -4.102865 -2.433549 -1.041630 0.894870 -0.156307 1.074789
1005 11.1681037920 3.0000000000 6.0000000000 0.6639887864 67.0000000000 5.6286807308 0.8872093064 6.2218463727 0.0481569621 5.7816821161 0.0354988709 38.7113722857 -540.1248909221 26.1093298149 6.6798535645 2.015023 -0.331222 -1.575921 -4.863881 -4.923363 -1.233824 3.849705 3.444572 -1.376648 -4.146134 -4.595552 3.123837 3.490391 2.289300 -1.238382 0.314543 -1.219917 1.644532 3.034602 1.820482 0.431000 -4.270167 3.316363 -0.869589 -5.000000 -1.760995 -4.836482 -5.000000 -5.000000 -2.416698 -0.141662 1.907823 4.220263 -1.344327 -1.474420 -3.425688 -0.443538 2.236205 -1.276894 -4.269440
evaluations raw_y rep iid sigma t d_norm d_mean ps_norm ps_mean pc_norm pc_mean ps_squared loglikelihood mhl_norm mhl_mean x0 x1 x2 x3 x4 x5 x6 x7 x8 x9 x10 x11 x12 x13 x14 x15 x16 x17 x18 x19 x20 x21 x22 x23 x24 x25 x26 x27 x28 x29 x30 x31 x32 x33 x34 x35 x36 x37 x38 x39
1 14.0167294132 4.0000000000 6.0000000000 0.6639887864 67.0000000000 5.6286807308 0.8872093064 6.2218463727 0.0481569621 5.7816821161 0.0354988709 38.7113722857 -540.1248909221 26.1093298149 6.6798535645 0.101123 0.999903 -1.991818 1.387197 -0.836603 -3.169154 -1.295414 1.197150 0.664500 -2.294953 1.237339 -0.175974 0.850145 0.664506 -2.313633 0.701994 -1.213775 3.093959 1.446683 0.092271 -1.965983 0.108865 0.319786 -2.417896 4.446720 0.788590 3.384715 -2.225624 3.271495 -2.721931 -1.302452 1.084903 0.096012 -4.716147 -2.211168 1.675673 4.175742 1.829682 -0.552407 1.593024
2 10.5831120734 4.0000000000 6.0000000000 0.6639887864 67.0000000000 5.6286807308 0.8872093064 6.2218463727 0.0481569621 5.7816821161 0.0354988709 38.7113722857 -540.1248909221 26.1093298149 6.6798535645 -2.287597 1.019840 -2.694921 -0.018720 -0.261409 1.604173 -0.605928 2.404005 -0.393491 1.673057 1.573205 -3.681752 0.075095 0.071856 -1.557480 0.358821 -2.911069 1.112370 1.019558 0.600891 4.953168 0.704687 0.134942 -1.464529 0.594282 -1.923554 2.543637 -1.295289 0.316939 3.980166 2.328375 0.485320 2.759840 -0.109117 1.590468 0.038180 -1.810876 0.860543 1.869300 -0.692204
11 9.3533114542 4.0000000000 6.0000000000 0.6639887864 67.0000000000 5.6286807308 0.8872093064 6.2218463727 0.0481569621 5.7816821161 0.0354988709 38.7113722857 -540.1248909221 26.1093298149 6.6798535645 0.601200 1.390185 2.401018 0.943322 -1.552827 -0.964887 0.450777 0.623395 2.042076 -3.727662 -1.407405 -2.270080 2.166731 1.547981 0.681526 1.628202 -1.106746 1.067470 0.147644 0.212298 -0.219866 1.923707 2.141253 -2.810569 -1.019112 0.189541 1.163695 -3.170602 -1.811479 -0.591149 3.492850 -1.703321 -0.759671 -0.043813 -0.188148 0.323708 -0.041788 -0.358372 0.577493 0.561495
31 7.4655392245 4.0000000000 6.0000000000 1.8005276409 2.0000000000 6.2947994101 0.9952612912 3.9311772915 -0.0323859752 3.4046436737 -0.0243558174 15.4541548970 -1210.7407199183 24.9493017714 6.3494329093 -2.064456 -0.783656 -0.352501 -2.328748 2.117693 0.517296 2.269256 0.888874 0.650169 -5.000000 1.405136 1.758822 0.210964 2.276406 -1.128871 4.537548 -3.534380 3.644225 -2.443424 -2.367013 0.553054 0.405682 1.771645 0.527028 2.283029 -0.356688 1.432883 -1.837148 -0.881862 -0.179815 2.685061 -0.203078 -2.256206 -0.148782 -1.222896 0.973769 1.496413 1.568086 -3.225624 3.844074
68 6.6803970263 4.0000000000 6.0000000000 1.6712845661 4.0000000000 6.2736809818 0.9918806084 4.4390249736 -0.0080320258 3.9450967768 -0.0035481888 19.7049427164 -1167.6275419610 25.0953211620 6.4324219128 -1.981097 -0.058473 1.925055 -0.311033 -1.148995 -2.025723 -2.169074 1.963421 1.934117 -1.620294 -1.419517 -0.844587 -0.114473 5.000000 -3.853386 0.475235 -1.562560 3.326622 -1.879770 -3.446603 1.394973 1.105740 -1.405812 2.364323 0.519529 -2.554030 0.078863 -1.026642 -1.640581 -1.541855 0.913042 -0.635839 -0.438954 1.689007 -2.085981 -0.548462 -0.695323 -2.046259 0.146341 2.171809
334 6.3188961511 4.0000000000 6.0000000000 1.2683948663 22.0000000000 6.0918122885 0.9623933563 5.6539957959 0.0069040584 5.2226212557 0.0113985950 31.9676684603 -1007.9083272101 26.3767241321 6.7762011787 1.732568 4.475367 3.137067 1.400705 -2.024459 -0.095795 -1.137325 -2.245649 -0.117178 -1.855784 -2.656785 0.620377 -2.855350 2.297438 2.837968 2.505421 2.029259 3.946178 0.340138 -1.942779 -0.510885 3.778991 1.863529 -2.380213 1.340393 -2.791453 -0.952218 1.630436 4.065001 -4.095106 -2.031191 1.337221 -2.486983 -0.417602 -2.608881 0.185989 2.546329 5.000000 -2.544201 -0.150735
381 5.1152968737 4.0000000000 6.0000000000 1.1947069529 25.0000000000 6.0600015288 0.9572727620 5.1177807260 -0.0774809336 4.4994162587 -0.0523144061 26.1916795589 -943.0725000166 25.4328730499 6.4924793597 0.301432 2.386076 1.593188 3.814047 0.068777 -2.194625 -2.619551 -2.625762 -2.707151 -4.866295 -1.290364 3.200332 0.527936 0.457313 1.935073 4.039389 5.000000 2.370414 1.264926 -2.054064 -0.183906 2.668648 3.005263 -1.924119 2.105436 -3.259350 0.433193 -2.457558 3.013455 -2.090303 -2.051472 1.035522 -1.367605 -1.915409 -0.776707 0.623101 2.942855 3.682662 -3.228348 -2.466070
705 4.9912058447 4.0000000000 6.0000000000 0.9586440939 46.0000000000 5.8449118396 0.9223500287 6.1584581615 0.2382925502 5.3740389797 0.2054723590 37.9266069265 -748.5718265410 24.2402090225 6.2060412539 2.723493 0.985001 2.428147 2.532132 -1.195892 -0.823785 0.947078 1.156433 -2.650081 -3.067833 -1.306279 3.337247 0.287951 -0.267585 2.794569 2.856936 3.152079 1.498646 -0.729190 -0.450500 -3.184201 3.925115 2.143010 -1.206354 0.496446 -3.339561 3.763215 -2.677328 3.477789 -2.649734 -3.527496 2.862605 -1.622319 -1.209819 -1.120908 2.186401 3.206415 4.668429 -1.954508 0.399188
1005 14.7265407630 4.0000000000 6.0000000000 1.0069888760 67.0000000000 5.6523813474 0.8905777472 6.2822298885 0.2210224953 5.6755375875 0.1948185367 39.4664123725 -745.4553127654 24.3810518980 6.1840654366 -2.230684 2.117058 4.811090 0.644300 -5.000000 -0.429786 3.142918 4.138074 -5.000000 -2.907795 0.036672 4.554150 1.422858 -0.181031 3.700803 4.230060 3.001581 3.071872 1.439932 -0.940892 -0.095163 2.196033 -3.470820 -5.000000 -0.435041 -0.891253 4.035523 -2.274188 5.000000 -3.027291 -5.000000 3.741519 0.980253 -1.141625 -0.808052 0.769188 3.125779 3.877884 -2.768957 1.751805
evaluations raw_y rep iid sigma t d_norm d_mean ps_norm ps_mean pc_norm pc_mean ps_squared loglikelihood mhl_norm mhl_mean x0 x1 x2 x3 x4 x5 x6 x7 x8 x9 x10 x11 x12 x13 x14 x15 x16 x17 x18 x19 x20 x21 x22 x23 x24 x25 x26 x27 x28 x29 x30 x31 x32 x33 x34 x35 x36 x37 x38 x39
1 14.2217064965 5.0000000000 6.0000000000 1.0069888760 67.0000000000 5.6523813474 0.8905777472 6.2822298885 0.2210224953 5.6755375875 0.1948185367 39.4664123725 -745.4553127654 24.3810518980 6.1840654366 0.882455 -0.661740 4.861542 -0.504184 0.219220 3.164962 -1.818465 -1.183273 0.375206 -0.659740 -2.385529 -0.409753 -0.717658 1.206943 -3.329577 -1.400358 2.302782 3.714662 -3.022359 1.289695 -1.961216 -1.713706 -1.743758 -0.845016 1.992880 1.424843 0.118288 -0.726622 0.006578 -0.211861 1.586107 -1.263143 -0.012390 -0.202135 -0.104616 0.498435 0.395320 2.669697 -0.173751 3.123065
2 6.5558351469 5.0000000000 6.0000000000 1.0069888760 67.0000000000 5.6523813474 0.8905777472 6.2822298885 0.2210224953 5.6755375875 0.1948185367 39.4664123725 -745.4553127654 24.3810518980 6.1840654366 -0.611706 -0.955463 0.201476 0.710877 0.539225 2.583927 2.278686 0.988881 -0.672673 -0.201229 2.826796 0.442508 -2.621546 -1.379130 -1.155026 2.304410 -0.214328 4.520214 1.313239 0.249614 -0.871408 1.944359 -0.481422 -1.648247 1.136265 0.025517 2.378121 -0.147187 -5.000000 1.578733 -3.755482 3.077512 3.642729 -0.854063 -2.329404 -2.794148 1.745309 -0.404236 -1.196720 -0.486839
40 3.8129005641 5.0000000000 6.0000000000 1.8042283514 2.0000000000 6.2991794299 0.9959438426 3.8672140857 -0.1253557547 3.3667898210 -0.1054387424 14.9553447849 -1229.0639388264 25.5629552074 6.5537316586 -0.800846 0.575073 4.520345 0.537654 -2.552965 1.059949 0.771645 -0.665588 1.235212 -0.208780 2.927722 -2.346316 1.893154 0.763648 -0.597290 4.764864 1.036315 -1.020177 -1.595259 2.976679 1.072328 1.351242 -2.858294 -2.205368 1.585426 -2.117491 -1.430462 2.593474 0.353318 -0.355253 -1.067068 1.464440 3.799718 -0.541512 0.386332 -1.020703 0.089185 -1.480475 -1.040482 -1.579212
1005 18.1991131381 5.0000000000 6.0000000000 0.7230368059 67.0000000000 5.6299674038 0.8873868521 5.6333231821 0.1375964632 5.2033870308 0.1721276104 31.7343300742 -575.1916506548 25.6417125518 6.5365317982 2.976886 3.462363 4.108438 3.232511 0.536612 2.813573 -0.585281 0.085597 2.874159 -2.774435 0.984014 2.387859 4.418736 -2.427018 -0.502159 2.238069 -0.605714 4.420860 0.803212 -1.796183 0.059927 2.077221 -1.952646 -2.144251 -0.893066 -1.640567 -2.934559 -0.643102 -0.022335 3.715339 4.377743 -3.174710 4.554983 0.046923 0.597055 1.376581 1.992304 -0.821542 0.174191 5.000000
evaluations raw_y rep iid sigma t d_norm d_mean ps_norm ps_mean pc_norm pc_mean ps_squared loglikelihood mhl_norm mhl_mean x0 x1 x2 x3 x4 x5 x6 x7 x8 x9 x10 x11 x12 x13 x14 x15 x16 x17 x18 x19 x20 x21 x22 x23 x24 x25 x26 x27 x28 x29 x30 x31 x32 x33 x34 x35 x36 x37 x38 x39
1 19.0801261782 6.0000000000 6.0000000000 0.7230368059 67.0000000000 5.6299674038 0.8873868521 5.6333231821 0.1375964632 5.2033870308 0.1721276104 31.7343300742 -575.1916506548 25.6417125518 6.5365317982 -0.623567 1.458008 0.435642 -1.798184 -4.973561 1.826503 2.254127 -3.028186 3.278582 -0.859787 5.000000 1.203644 -0.671763 2.475476 0.222256 0.258302 0.152255 -0.310256 1.268451 1.621310 0.709617 3.625181 -2.712952 -0.927264 1.649308 -2.352863 3.128979 1.425410 -0.362013 1.068399 -1.173226 -2.963707 1.714495 1.886198 0.228883 -0.043913 -4.254289 -1.668815 -0.931017 0.467421
2 15.8631488978 6.0000000000 6.0000000000 0.7230368059 67.0000000000 5.6299674038 0.8873868521 5.6333231821 0.1375964632 5.2033870308 0.1721276104 31.7343300742 -575.1916506548 25.6417125518 6.5365317982 2.770070 -1.039254 -1.560304 1.911219 -0.253473 -2.737226 2.436961 -1.715003 -1.122942 -2.067040 0.717542 2.147363 -0.751009 0.792735 -0.942893 4.673216 3.005571 -1.190919 1.056682 1.879650 0.852571 -1.516314 -0.324734 1.453620 0.888166 -1.713645 0.893857 -2.029296 -4.264647 0.347726 1.902403 0.883795 2.938035 3.499033 0.707061 -1.286675 -0.094474 -2.898080 -0.072380 -0.181694
3 10.5565678985 6.0000000000 6.0000000000 0.7230368059 67.0000000000 5.6299674038 0.8873868521 5.6333231821 0.1375964632 5.2033870308 0.1721276104 31.7343300742 -575.1916506548 25.6417125518 6.5365317982 0.352581 2.189241 -4.252949 1.502898 -1.081214 1.586445 0.347307 -2.070869 1.748537 -1.479144 1.045891 -1.183753 -0.954974 0.225059 3.809485 1.388306 -0.039163 3.325686 0.061217 -0.594998 -1.936275 0.334133 0.233204 -1.364515 -3.828042 -0.279805 0.229849 -0.790009 -1.906633 -2.145655 -0.968891 2.725876 0.305376 -3.265241 1.286603 -0.895790 4.678068 -0.626646 -0.119235 0.388337
6 9.8613198441 6.0000000000 6.0000000000 0.7230368059 67.0000000000 5.6299674038 0.8873868521 5.6333231821 0.1375964632 5.2033870308 0.1721276104 31.7343300742 -575.1916506548 25.6417125518 6.5365317982 -1.008534 2.105020 -2.934107 3.148208 0.944675 3.353860 -3.382422 2.855615 1.857121 0.678940 -1.737564 0.709675 0.525618 -1.218070 -2.742104 -2.137250 -1.061401 2.273885 2.374116 3.381792 0.980563 -2.891060 -1.486202 -2.308089 -0.515348 2.753628 -0.357961 -0.861260 1.058145 1.466728 1.933432 -1.870548 -1.756417 -0.911457 1.486152 0.386596 -1.942647 3.793744 -1.086608 -0.247589
33 9.8498404476 6.0000000000 6.0000000000 1.8052827408 2.0000000000 6.2964409712 0.9955131859 4.3777105913 0.1365947940 3.7754327089 0.1161388731 19.1643500214 -1210.6902893277 24.8458022187 6.3062580167 -1.599610 -0.390363 -0.266846 -1.673421 -0.608828 1.030205 1.621174 1.818301 0.371834 -1.865261 0.094593 0.937964 -1.121901 0.398131 -3.201751 -0.028438 4.613752 1.335502 3.667047 5.000000 -2.874392 -1.055664 -1.283083 -0.539425 -3.134400 1.154259 0.791607 -0.501451 0.236703 0.511702 -2.358454 0.042834 -0.750513 3.018281 2.056186 2.497113 -0.241494 -0.987991 -2.861188 -1.427191
48 8.4659890616 6.0000000000 6.0000000000 1.7440861298 3.0000000000 6.2860709734 0.9938490248 4.4267556901 0.0823787449 3.8743438101 0.0744572273 19.5961659398 -1214.1759889598 25.8216209120 6.6176161711 -0.235082 1.204485 3.541783 -2.947378 -1.206396 3.688120 0.928598 4.204659 -1.724892 -4.328834 -0.849063 0.516032 2.572308 1.399756 2.080703 -0.167174 0.907425 3.953682 3.783596 4.138034 -0.412045 -1.818816 -5.000000 -0.991994 -5.000000 0.526121 -0.262433 -0.249333 -1.564532 -0.906973 -0.760730 3.424775 0.034607 2.070378 2.102084 -0.795329 -0.868780 -2.165165 -0.082453 -3.160562
76 6.2023240317 6.0000000000 6.0000000000 1.7072052985 5.0000000000 6.2632202456 0.9901665924 5.6181300857 -0.1336926643 5.0754306359 -0.1033332075 31.5633856602 -1154.9192611848 24.0890431156 6.1574445878 1.242550 -1.480218 2.834871 -4.620465 -1.726754 2.356706 0.789415 4.203259 -0.739939 -3.976214 -1.362570 1.149286 5.000000 -0.630165 1.198546 -0.292427 0.749326 4.699572 4.468161 4.192480 0.442097 -1.468630 -4.042345 -0.351247 -3.634090 0.908418 -1.190356 -2.104858 -0.275335 -1.428533 -0.044988 0.885282 -0.879117 -0.099325 3.036460 0.230735 0.588300 -2.619447 1.282852 0.056704
358 6.1717967896 6.0000000000 6.0000000000 1.2844830371 23.0000000000 6.0561425849 0.9567632965 5.7714044641 -0.0717774796 5.2072272567 -0.0608398543 33.3091094885 -954.9022413862 24.2532990983 6.1846849640 -3.561592 -1.417342 0.025885 1.470322 0.523199 0.733363 2.768785 -1.971558 0.724032 -5.000000 0.369796 -4.262070 -4.346551 -1.701991 1.976490 0.622206 1.253443 4.429584 5.000000 2.056471 -1.958471 -1.877895 0.250339 -3.368363 -1.536577 -1.354620 1.165658 1.996944 3.849898 -1.699842 -2.529708 -0.154577 -2.402148 1.977030 2.810222 2.090265 2.267761 2.167338 -0.797425 -1.629635
643 6.1130448554 6.0000000000 6.0000000000 0.9072735209 42.0000000000 5.8523947678 0.9238714983 5.5725467265 0.1379676604 4.8418741620 0.1278054564 31.0532770194 -769.5035207923 26.4533114491 6.7624808245 -2.144309 -1.448470 0.439038 -2.165016 1.584490 0.483759 0.865746 3.044126 -0.368350 -1.814034 1.761308 -2.396611 2.001506 3.415667 2.817382 -0.535909 1.435711 1.617016 4.113633 0.410535 1.029444 -0.217192 0.087613 -3.589264 -0.955380 -1.951568 -1.328291 2.137670 1.437449 -3.358741 -3.089971 -2.637714 -2.281983 3.767333 2.719799 2.741437 0.227877 0.229638 -3.135633 -3.035716
875 5.4797535057 6.0000000000 6.0000000000 0.7442439202 58.0000000000 5.7004530814 0.8991321556 6.4567002027 -0.0662709251 5.7262589598 -0.0504283561 41.6889775071 -596.3036623386 25.2553548047 6.4596219509 -1.587697 -1.407034 0.073958 -3.737297 -0.087778 -0.891624 0.760229 2.275272 0.655269 -1.384951 3.453912 -2.841725 3.920536 -1.414987 2.723001 -1.265197 -1.337213 5.000000 5.000000 2.252763 -1.594053 -0.040539 -1.628821 -2.354579 -3.289408 -2.227763 2.400079 2.903135 -0.148933 -4.129130 -4.340065 -2.705854 -0.617220 3.471231 2.293202 -0.988423 1.808229 0.288332 -3.761924 -1.995446
1005 9.1903055837 6.0000000000 6.0000000000 0.7413186042 67.0000000000 5.6256225078 0.8865338763 5.6123542297 -0.3229448851 5.2954529496 -0.2714252951 31.4985199999 -604.4776425325 26.2667998795 6.6945500238 -1.495285 -0.504222 0.159333 -4.918721 -0.171398 -1.286166 0.723007 2.614773 0.376987 -1.749075 3.108673 -1.372711 3.474025 -1.155768 2.275488 -2.534839 -1.090841 4.392972 4.024284 2.596382 -2.757584 -0.042680 -3.883816 0.252050 -3.750374 -0.419246 0.917045 2.969249 -1.448306 -5.000000 -4.858138 -2.244613 -1.364157 1.035866 2.678940 -1.421628 0.439612 0.400122 -3.282436 -0.740907
evaluations raw_y rep iid sigma t d_norm d_mean ps_norm ps_mean pc_norm pc_mean ps_squared loglikelihood mhl_norm mhl_mean x0 x1 x2 x3 x4 x5 x6 x7 x8 x9 x10 x11 x12 x13 x14 x15 x16 x17 x18 x19 x20 x21 x22 x23 x24 x25 x26 x27 x28 x29 x30 x31 x32 x33 x34 x35 x36 x37 x38 x39
1 18.9023113463 7.0000000000 6.0000000000 0.7413186042 67.0000000000 5.6256225078 0.8865338763 5.6123542297 -0.3229448851 5.2954529496 -0.2714252951 31.4985199999 -604.4776425325 26.2667998795 6.6945500238 3.381051 -0.931875 0.065640 0.815033 -1.577846 0.004131 -0.001781 -3.509449 2.035316 1.200997 -1.250858 -0.343097 1.010599 -0.522713 -0.485498 -2.906483 1.109161 0.247762 0.548920 -3.053049 3.301399 0.308671 -0.774280 4.058144 -0.090772 -2.901357 -0.810456 -4.576630 2.098793 -0.832949 -1.485107 2.144940 -3.302151 1.070859 -4.128830 -1.324319 -2.408440 2.923951 3.532322 -0.658828
2 16.0050026569 7.0000000000 6.0000000000 0.7413186042 67.0000000000 5.6256225078 0.8865338763 5.6123542297 -0.3229448851 5.2954529496 -0.2714252951 31.4985199999 -604.4776425325 26.2667998795 6.6945500238 1.681466 -0.359973 1.136124 -1.505674 -3.416678 -3.606197 0.766244 4.495190 0.538823 -1.049209 3.824038 0.474604 0.202868 0.505155 -0.264754 -0.618953 -2.869927 1.003248 -0.189551 2.386172 -0.737637 -3.812740 -0.199221 3.399075 -0.766846 -1.779714 -2.387184 -2.100034 -0.600387 -2.359964 2.995278 -0.565270 0.217297 2.876479 3.006637 -0.425466 0.663948 1.470053 -0.385711 -3.556026
3 15.4855156141 7.0000000000 6.0000000000 0.7413186042 67.0000000000 5.6256225078 0.8865338763 5.6123542297 -0.3229448851 5.2954529496 -0.2714252951 31.4985199999 -604.4776425325 26.2667998795 6.6945500238 1.309411 1.788705 0.831005 -1.847089 -0.392055 -1.181540 -0.599422 2.593770 3.059159 1.338836 1.097490 1.353258 -0.024484 -0.151327 -1.347290 -0.111735 4.519894 1.738079 -0.684234 -0.943853 -1.728980 0.748741 0.783091 -2.886243 0.972670 -1.138945 2.853442 0.313688 3.435460 -0.916254 -0.575968 0.599617 2.111897 1.131765 -2.467048 0.365801 0.044489 -0.858137 -1.296211 3.495154
5 13.8182975906 7.0000000000 6.0000000000 0.7413186042 67.0000000000 5.6256225078 0.8865338763 5.6123542297 -0.3229448851 5.2954529496 -0.2714252951 31.4985199999 -604.4776425325 26.2667998795 6.6945500238 -1.858648 0.823594 3.720111 -2.994547 0.952675 2.224581 -1.393182 1.165941 -2.141785 -1.624417 -1.634160 0.384615 -0.181963 1.908230 -1.880558 -0.262551 1.922153 1.121554 -2.649283 1.330407 -0.956836 0.770773 0.601361 2.438638 0.233120 -3.707612 -2.739719 1.462309 -0.516633 2.275958 0.546878 -1.498131 2.164814 -1.614795 -4.105271 4.127591 -3.821498 1.272826 1.877704 0.294132
9 8.5969414318 7.0000000000 6.0000000000 0.7413186042 67.0000000000 5.6256225078 0.8865338763 5.6123542297 -0.3229448851 5.2954529496 -0.2714252951 31.4985199999 -604.4776425325 26.2667998795 6.6945500238 1.276505 0.443364 -1.817252 -2.318374 1.192281 -0.108380 -3.282866 2.342002 1.550658 -0.481908 -0.520528 0.462920 -1.374018 -2.696625 0.645036 -2.878173 0.781454 -2.882415 -0.198418 -0.271289 3.565259 -2.128767 -2.829892 -1.292355 -2.247465 -1.179525 0.841602 1.543955 3.319123 -1.473348 5.000000 3.964371 -0.407054 -4.582840 -0.166225 0.145015 -4.598498 0.147664 -0.400309 -1.571423
11 7.7235567248 7.0000000000 6.0000000000 0.7413186042 67.0000000000 5.6256225078 0.8865338763 5.6123542297 -0.3229448851 5.2954529496 -0.2714252951 31.4985199999 -604.4776425325 26.2667998795 6.6945500238 -0.120003 1.575371 -2.863408 0.867819 0.277820 -3.236538 2.674640 -1.408154 1.366457 -0.839870 1.987086 2.624524 -1.660099 -3.060797 -0.262820 1.697833 -0.742624 -1.227047 0.976565 -5.000000 -1.329431 -2.767593 0.589627 -1.472499 -2.230335 -0.707662 -2.936817 -0.026247 -1.364745 -0.754838 -1.434276 1.824526 -0.217707 1.049024 0.959571 -1.612302 1.139947 0.698217 0.627297 -0.797387
48 6.8826606218 7.0000000000 6.0000000000 1.7296570836 3.0000000000 6.2910602890 0.9946365036 4.1532779677 -0.1770508762 3.6041896345 -0.1583599410 17.2497178769 -1234.6924798191 26.7652052730 6.8522097532 1.157699 1.155373 0.580204 -0.383405 5.000000 -1.887075 0.277272 -0.005138 -0.373021 -2.381873 -1.271638 2.590584 -0.728247 0.610268 -2.099732 0.174434 1.972092 0.216635 -1.697973 -1.544141 -3.243750 -2.072298 -0.598653 -0.305087 4.072447 -0.304388 -3.424172 0.705524 3.542457 -2.383712 1.952578 -1.800701 -1.171425 0.968417 -1.882900 -2.630966 -4.949590 -2.061342 1.354433 0.846267
97 6.8202224104 7.0000000000 6.0000000000 1.5890731521 6.0000000000 6.2575086442 0.9892514423 5.0097433716 0.0041500432 4.4465943874 -0.0127613247 25.0975286490 -1147.2382447243 25.5802372297 6.5658877483 -3.523928 1.254521 -2.337315 1.146773 0.738099 -2.589781 -0.170140 -2.081903 -0.142986 -0.677930 0.317342 -1.666913 0.513310 0.987816 -2.184764 3.568565 -1.045065 -1.540374 3.564053 0.798711 -4.084502 -2.727593 -0.757770 -3.095754 2.037823 -0.789476 -1.546433 -1.327041 2.644948 -0.153987 0.587244 4.473957 -4.162597 -1.158719 3.221340 -4.164768 0.929884 -2.438672 0.134916 -2.828429
214 6.1251710630 7.0000000000 6.0000000000 1.3401598766 14.0000000000 6.1699844912 0.9751697338 5.1124262953 -0.0912266773 4.7485341527 -0.0789114059 26.1369026247 -995.2016251840 24.0472341696 6.1666072871 -1.292292 1.248371 -4.765325 1.106055 0.682300 -0.930748 0.601406 0.133270 0.207104 -1.392182 -0.527879 -2.407426 -1.668359 -0.229107 -2.056662 4.268771 -1.457884 -0.701319 2.491646 -4.010338 -3.018238 -5.000000 -1.145975 -1.550305 -1.370025 -3.405067 -1.590581 -0.081718 3.014861 -3.340951 -2.101026 5.000000 -5.000000 -0.170164 5.000000 -4.064100 -1.752622 -1.844135 -0.918078 -2.859695
229 5.8226458693 7.0000000000 6.0000000000 1.3105564011 15.0000000000 6.1604704452 0.9736152902 5.0814789028 -0.2164085448 4.7127522440 -0.1912603866 25.8214278394 -1015.4807582488 25.5130205184 6.5300145909 -2.124735 1.723962 -2.144050 -0.509740 2.052000 -1.422460 0.827470 -0.758885 -1.479833 0.978046 1.235818 -3.240623 -0.645137 0.660548 -5.000000 2.311877 -1.168298 -1.970982 4.001347 -0.940278 -2.726233 -3.369881 -1.383981 -1.321240 -2.287845 -1.911307 -1.559378 -3.414671 3.537301 -1.357346 -1.135950 3.939909 -4.094039 -0.367308 3.307941 -4.427596 -0.108811 1.135787 -2.909250 -3.020460
774 5.5032700059 7.0000000000 6.0000000000 0.7331526506 51.0000000000 5.7819229651 0.9123955484 5.3263413295 -0.1800548757 4.5310449992 -0.1551947232 28.3699119582 -649.3828570145 27.2458474230 6.9556401522 -1.630578 2.893241 -1.535968 1.472976 -0.749064 -4.805382 -1.249739 1.784700 -2.743885 -3.966404 -3.352773 -0.342188 -0.499102 3.309747 -3.955578 5.000000 -3.252371 -0.659563 2.900976 -3.097871 -3.860192 -2.978544 -1.765285 -0.240692 0.062583 -1.582699 2.569648 -0.801740 3.759837 1.234034 3.266537 -0.961619 -2.001928 3.653466 3.248986 -3.221054 -3.013198 -4.793049 -2.251220 -3.388464
1005 10.3289000609 7.0000000000 6.0000000000 0.5174809629 67.0000000000 5.6223394629 0.8867024194 5.4268448909 0.1367086810 4.6482144986 0.1124353701 29.4506454700 -346.4481927144 24.3688610351 6.2472858025 -1.992667 3.093545 -1.188455 2.409599 1.265352 -3.629488 -1.383344 2.477920 -3.327698 -1.863767 -2.331173 1.525829 -0.998107 2.921342 -4.086659 3.819615 -2.458382 -0.233151 2.877805 -2.197152 -3.981706 -2.890679 -4.748134 -0.089469 0.774313 -0.670109 2.231706 -0.467597 4.245614 -0.468994 3.094910 -0.150707 -2.063337 4.691066 3.622042 -4.311150 -3.689900 -4.854844 -1.770696 -3.832311
evaluations raw_y rep iid sigma t d_norm d_mean ps_norm ps_mean pc_norm pc_mean ps_squared loglikelihood mhl_norm mhl_mean x0 x1 x2 x3 x4 x5 x6 x7 x8 x9 x10 x11 x12 x13 x14 x15 x16 x17 x18 x19 x20 x21 x22 x23 x24 x25 x26 x27 x28 x29 x30 x31 x32 x33 x34 x35 x36 x37 x38 x39
1 14.1250033999 8.0000000000 6.0000000000 0.5174809629 67.0000000000 5.6223394629 0.8867024194 5.4268448909 0.1367086810 4.6482144986 0.1124353701 29.4506454700 -346.4481927144 24.3688610351 6.2472858025 0.182409 2.182565 -3.893941 -2.772699 -4.592983 4.819669 3.455672 4.409113 1.589655 1.952842 -2.366854 3.832727 -2.246654 -1.328071 -0.756717 -1.583231 1.719096 -0.461578 -0.131322 -0.417272 2.693737 -1.213906 -0.348496 0.848103 -3.291980 -0.967082 1.070937 2.332281 0.323366 -1.345668 2.885048 -0.442961 0.062529 0.363859 -0.125857 -1.083137 0.949037 -2.329182 -1.001819 -0.817122
4 11.4786978675 8.0000000000 6.0000000000 0.5174809629 67.0000000000 5.6223394629 0.8867024194 5.4268448909 0.1367086810 4.6482144986 0.1124353701 29.4506454700 -346.4481927144 24.3688610351 6.2472858025 -4.790426 2.308033 3.376190 0.447571 -0.403231 0.999290 -0.362676 -3.499631 -2.420834 0.848483 -0.777603 -3.113072 -2.878418 1.897855 -3.053064 2.273740 0.969051 -2.003673 -0.636910 0.316252 0.721720 0.510917 2.852116 1.854501 -1.021127 -0.343134 -1.820792 -1.045762 0.147980 -4.693566 0.199492 -0.092760 -0.495272 -2.610738 -1.152598 -1.528941 -0.121499 -4.868965 -0.661973 0.945283
6 7.3133292065 8.0000000000 6.0000000000 0.5174809629 67.0000000000 5.6223394629 0.8867024194 5.4268448909 0.1367086810 4.6482144986 0.1124353701 29.4506454700 -346.4481927144 24.3688610351 6.2472858025 0.059111 -0.148086 1.085662 -0.337767 -0.640518 -2.389105 0.522916 -5.000000 1.244308 0.384447 2.707172 2.783017 -2.889830 1.150071 -1.630181 -1.043770 1.518821 0.885009 0.875863 -0.181566 0.354081 -2.268281 -1.305441 1.183509 -2.379631 -1.297899 1.471238 -0.111818 -1.678491 0.565519 2.580724 -1.991433 -3.068473 0.210608 -1.769135 -0.735113 -1.157261 -1.816086 -0.125537 0.335981
75 6.3301623073 8.0000000000 6.0000000000 1.7828854281 4.0000000000 6.2754576388 0.9921320958 6.0447581025 -0.2019147000 5.4045587842 -0.1807768550 36.5391005182 -1210.6495768145 25.2427934625 6.4396878782 -5.000000 5.000000 2.881015 0.906393 5.000000 4.416474 1.577612 -4.828661 -1.837795 5.000000 1.011342 1.240602 -3.016623 1.506932 -1.399137 1.260121 -1.424491 -3.359239 2.408300 -2.705610 0.280382 -4.252378 2.788796 0.443521 -1.610269 1.440805 2.410419 1.743918 -2.494932 0.509386 -0.268478 0.132688 -3.501475 -4.116513 -0.973893 0.346743 0.900598 -2.267431 -4.646224 -5.000000
90 5.5127718578 8.0000000000 6.0000000000 1.7951665344 5.0000000000 6.2660025751 0.9905877524 6.6551508731 -0.1519261714 6.0946788145 -0.1433032235 44.2910331437 -1153.3009140664 22.7168390704 5.7905705827 -2.879560 3.171540 4.260073 0.758275 3.136263 1.643918 3.618760 -5.000000 0.519958 1.897249 -0.204743 1.445466 -3.823698 4.466067 1.096129 -0.072852 -4.372501 -4.232496 2.358958 -1.466002 2.846372 -5.000000 5.000000 2.417776 -2.251186 2.229030 2.498865 2.194422 2.759195 -0.516982 1.822482 -1.230237 -5.000000 -4.868225 -1.791394 0.555486 -0.606794 -1.117996 -4.286328 -5.000000
163 3.4745975629 8.0000000000 6.0000000000 1.7494188685 10.0000000000 6.2120713886 0.9817638564 5.4649088772 -0.0679199241 5.3267082923 -0.0597619778 29.8652290356 -1111.0792607081 21.8476688835 5.5934633796 -3.829266 3.114818 3.369034 5.000000 1.673726 -1.208360 0.864379 -3.786739 -3.483871 2.551386 1.742759 3.692882 2.896642 3.889757 -2.943403 -0.443911 -2.247769 -2.298300 5.000000 -4.030024 0.895934 -3.965949 4.396943 -0.733781 -1.909196 -1.898022 5.000000 5.000000 -3.772335 0.264913 -2.762062 -1.519323 -1.441376 -3.781757 -4.815388 3.055187 -2.090654 1.141273 -5.000000 -5.000000
1005 18.7185988214 8.0000000000 6.0000000000 0.8458210744 67.0000000000 5.6547743992 0.8911261503 5.6445011942 0.1310903592 4.8234497526 0.1231629857 31.8603937315 -680.1095068938 25.9249232366 6.6524967907 -2.416258 5.000000 4.371756 -1.142629 3.639256 -0.021447 -0.555964 -3.557865 -1.026808 3.411684 2.306298 1.830051 -1.400944 1.419429 -0.040471 -2.759080 0.274829 -3.762852 -2.440837 1.540147 -1.322991 1.923237 3.219428 3.149138 2.213389 2.667235 4.781329 3.325441 1.723028 0.160168 -1.759469 -3.502954 -1.298547 1.036454 -1.063694 0.779106 -0.646440 4.732200 -1.310372 0.711666
evaluations raw_y rep iid sigma t d_norm d_mean ps_norm ps_mean pc_norm pc_mean ps_squared loglikelihood mhl_norm mhl_mean x0 x1 x2 x3 x4 x5 x6 x7 x8 x9 x10 x11 x12 x13 x14 x15 x16 x17 x18 x19 x20 x21 x22 x23 x24 x25 x26 x27 x28 x29 x30 x31 x32 x33 x34 x35 x36 x37 x38 x39
1 21.8289390994 9.0000000000 6.0000000000 0.8458210744 67.0000000000 5.6547743992 0.8911261503 5.6445011942 0.1310903592 4.8234497526 0.1231629857 31.8603937315 -680.1095068938 25.9249232366 6.6524967907 0.002217 -0.579088 -2.232133 -0.025766 -0.756723 -0.962271 -3.034662 -0.981744 -0.481361 -1.295895 1.271782 3.480235 0.593364 1.415007 3.645632 0.861538 3.085459 -1.801442 -0.274250 2.595158 1.350542 0.063916 1.836292 0.761019 1.032735 -0.710479 0.417554 0.656822 -0.996450 -4.183554 -0.165175 4.910365 -5.000000 -1.826559 -0.454629 0.538631 2.260923 2.084795 2.607621 2.778801
2 10.5008478508 9.0000000000 6.0000000000 0.8458210744 67.0000000000 5.6547743992 0.8911261503 5.6445011942 0.1310903592 4.8234497526 0.1231629857 31.8603937315 -680.1095068938 25.9249232366 6.6524967907 -1.312905 -0.112515 -0.999805 0.872839 -0.751626 -1.846123 3.834500 -0.300606 -1.277460 1.649541 -2.421677 -1.006811 -1.403831 -3.948542 -5.000000 -0.115364 -1.312373 -1.323413 1.538697 -1.798010 3.387276 -3.394670 -5.000000 -0.452301 0.794858 3.319407 -0.987494 -0.752195 -0.339480 4.834213 -3.617681 0.679502 -0.045460 -1.919994 -0.766229 0.219060 -1.710326 0.000443 1.327710 1.498962
17 10.4753089526 9.0000000000 6.0000000000 1.9017824354 1.0000000000 6.3130996421 0.9981556428 3.5715786083 -0.0843192287 3.0288333182 -0.0715058850 12.7561737553 -1350.5940192624 28.7391628529 7.3560672057 -0.348348 0.452870 -5.000000 0.762300 -1.041834 -2.402775 4.043555 -1.225532 1.428621 -1.175537 -4.022334 1.368166 -3.060018 -2.929393 -1.283862 3.422322 -0.635983 -0.190471 -0.558222 -1.973638 -2.987745 -0.665183 -3.868432 0.572729 -1.186306 -1.221589 2.558957 -0.234716 -1.871226 2.968073 2.296380 -2.466141 2.504110 1.948595 0.123988 -4.228554 -0.840275 -1.921150 -1.937439 2.646084
31 8.6614036180 9.0000000000 6.0000000000 1.8474000164 2.0000000000 6.3033521181 0.9965890233 4.7217571206 -0.1643194586 4.0910256831 -0.1422440290 22.2949903059 -1240.4381850663 25.4190628526 6.5010018442 0.859744 -2.380070 -3.271973 3.771546 -1.858098 -1.248631 2.753756 -1.758986 -1.038470 -1.832762 -5.000000 1.391972 -3.114353 -5.000000 -3.382906 2.850578 -0.063537 2.375819 1.884976 -2.677216 1.263847 -4.939296 -2.790661 -1.176121 -4.949284 0.214835 1.445543 3.735650 -0.837833 5.000000 2.387282 1.226499 -1.027924 1.306047 -0.846579 -4.946290 0.016746 0.086722 -0.653837 0.361447
69 6.9889880254 9.0000000000 6.0000000000 1.7761239170 4.0000000000 6.2840405297 0.9934723106 5.1119119254 -0.0979683441 4.6435351498 -0.0948934908 26.1316435334 -1199.5337773772 24.8497904025 6.3659157240 -2.230287 -1.528016 -5.000000 3.242359 -3.078282 -1.700917 2.136168 0.993712 0.870831 0.432674 -2.677438 0.532692 -2.186698 -2.210504 2.903628 2.977995 0.083357 1.304304 1.876289 -0.214913 -0.834889 -1.087631 -5.000000 2.078463 -3.099504 2.252914 0.642834 2.886402 -3.123376 -0.346846 2.766539 1.228729 4.062344 4.309788 -0.420235 -1.156280 0.558109 0.837390 2.243795 1.018697
219 5.5635684028 9.0000000000 6.0000000000 1.3886552010 14.0000000000 6.1673303203 0.9747159258 4.4509838337 -0.0126199230 4.0757576292 -0.0231499241 19.8112570879 -1011.2057468750 23.8771844689 6.0978936043 3.086585 -3.670208 -3.548812 4.722380 -2.815199 -1.988753 2.992794 -2.911499 2.208446 -2.644314 -0.076555 4.271792 -1.856063 -1.820855 -1.097643 1.277887 -1.904638 1.790970 3.277699 -3.026246 0.587043 -2.758229 -2.097840 5.000000 -1.882525 2.435044 -3.974921 -1.563464 1.241475 2.730107 -1.060910 4.253360 1.645188 -1.016740 1.841066 -2.926797 2.806528 -3.463138 -1.059487 3.422042
391 5.4915591572 9.0000000000 6.0000000000 1.0449778681 26.0000000000 6.0306162592 0.9526893028 4.4746924734 -0.0244547220 3.8873816390 -0.0481356920 20.0228727314 -861.0131827930 25.6506624472 6.5022827306 2.148092 -3.511476 -4.649144 2.710629 -2.466269 -4.010802 4.568729 -3.648093 2.734710 -1.382025 0.372467 -0.775594 -2.533333 -0.696238 -2.482785 0.314258 -0.090952 0.902236 4.602747 -2.254858 0.051743 -2.246600 -1.858208 0.620383 -3.004696 -0.079818 -2.771843 0.189605 0.111799 -0.741945 -1.224228 2.295607 0.334779 3.129042 2.118015 -5.000000 0.986683 -2.921044 -0.477170 0.186261
1005 10.5663960249 9.0000000000 6.0000000000 0.8164101027 67.0000000000 5.6368166880 0.8883152328 6.1238878225 -0.0941964178 5.5653858983 -0.0633304521 37.5020020631 -644.5785491283 25.4580689109 6.4745546410 -3.137748 -3.015456 -1.410109 -1.157661 -3.125954 -1.116406 0.650677 -3.066923 -2.093044 1.081235 4.365215 -2.197604 0.888596 -1.828525 -1.312592 -1.931246 -2.380394 -1.099137 3.896898 3.004625 -4.524140 -3.101502 -2.586955 0.027130 -4.163855 1.676074 -3.647604 3.323455 -0.526345 0.427291 2.577397 0.023161 4.985587 3.484334 0.827639 -4.355591 -0.033317 -3.741803 -2.835708 0.548380
evaluations raw_y rep iid sigma t d_norm d_mean ps_norm ps_mean pc_norm pc_mean ps_squared loglikelihood mhl_norm mhl_mean x0 x1 x2 x3 x4 x5 x6 x7 x8 x9 x10 x11 x12 x13 x14 x15 x16 x17 x18 x19 x20 x21 x22 x23 x24 x25 x26 x27 x28 x29 x30 x31 x32 x33 x34 x35 x36 x37 x38 x39
1 12.0247794301 10.0000000000 6.0000000000 0.8164101027 67.0000000000 5.6368166880 0.8883152328 6.1238878225 -0.0941964178 5.5653858983 -0.0633304521 37.5020020631 -644.5785491283 25.4580689109 6.4745546410 2.663173 1.430558 -3.090801 -0.016768 1.242672 -1.440171 0.531023 0.217097 0.008583 -0.349200 0.866052 2.406075 -1.930131 2.056548 0.457260 0.890275 -2.273204 0.270274 2.969074 -2.159610 -3.955457 -3.486745 0.532140 4.769935 2.247383 3.345244 0.198298 2.795993 -0.542496 1.226408 -0.534634 -1.098618 0.265417 -0.952284 2.616946 0.390027 0.800420 -0.675265 2.512945 -1.463939
4 10.0029454369 10.0000000000 6.0000000000 0.8164101027 67.0000000000 5.6368166880 0.8883152328 6.1238878225 -0.0941964178 5.5653858983 -0.0633304521 37.5020020631 -644.5785491283 25.4580689109 6.4745546410 -1.146227 -2.640895 2.472411 4.930650 2.766464 0.692466 2.045032 0.333621 3.313433 1.335779 -0.459893 -2.259102 -1.279925 0.627661 -2.451672 -0.443586 2.679853 0.058619 3.970771 2.894331 -0.575259 -2.718621 -0.096083 -0.961575 0.755506 3.228816 -2.246208 -0.777456 0.664700 2.269946 1.021429 0.828595 2.689099 0.987031 -0.474008 0.114570 -1.414143 1.093330 1.885001 -5.000000
7 9.6219168467 10.0000000000 6.0000000000 0.8164101027 67.0000000000 5.6368166880 0.8883152328 6.1238878225 -0.0941964178 5.5653858983 -0.0633304521 37.5020020631 -644.5785491283 25.4580689109 6.4745546410 -4.035437 1.081081 -2.884598 -3.217701 -2.013137 -0.515067 1.461015 -3.396803 3.348151 2.327447 -0.265147 -0.580492 -1.907065 1.176081 0.137603 2.824129 -1.372431 1.095888 -0.072765 -1.694033 3.804608 0.559211 1.240509 -2.137135 -1.445241 0.168279 -1.168910 1.204045 0.876730 -1.564686 0.385872 0.008050 -0.328151 -2.297625 -1.671017 0.420901 2.027969 -1.940396 2.434363 0.365295
19 7.8302864907 10.0000000000 6.0000000000 1.8854112381 1.0000000000 6.3128028028 0.9981244954 3.1056713953 0.0128964031 2.6337264356 0.0109366361 9.6451948156 -1249.4881776582 25.2411072875 6.4484029721 -1.750738 1.641883 -0.886108 -0.796152 -4.801945 0.826498 2.575251 -2.261170 2.813250 -1.532446 0.221289 2.084458 -1.580575 -0.244512 2.751126 0.161954 2.594430 3.228417 0.318436 1.135339 3.922483 -0.738699 0.615529 -1.626856 -2.905750 3.002438 -3.370526 -1.349033 2.896497 4.756563 -2.162523 2.061479 -0.153069 -1.309605 -0.785082 -0.229188 1.280218 0.067062 1.245394 -1.603103
153 7.8161043497 10.0000000000 6.0000000000 1.6154489237 10.0000000000 6.2149940955 0.9823303637 5.7091370091 0.1377883054 5.2632787188 0.1142556085 32.5942453891 -1130.2607442398 24.7604061242 6.3070242803 -0.787367 0.542126 1.543946 0.460597 -2.521170 0.474284 2.174527 -5.000000 1.627293 1.445537 1.145092 0.639308 1.328219 -0.245004 4.735561 0.163652 -0.644534 3.114535 -0.106421 2.330820 -1.047740 0.594167 -3.479400 0.464264 -4.356488 4.481940 -4.155520 2.467423 -3.737419 3.035644 -1.765746 1.210167 -2.021018 5.000000 -2.847367 1.297198 3.881339 0.536428 -1.585491 2.972478
165 7.5024497043 10.0000000000 6.0000000000 1.6154489237 10.0000000000 6.2149940955 0.9823303637 5.7091370091 0.1377883054 5.2632787188 0.1142556085 32.5942453891 -1130.2607442398 24.7604061242 6.3070242803 -2.373640 0.426383 1.855303 1.452281 -1.737542 2.090008 3.375331 -3.779257 2.116406 0.044927 -1.196109 -0.820426 -1.742673 -1.361173 0.891186 0.846679 1.248706 2.134056 -1.718873 4.794284 -2.630245 -0.985066 -4.373331 -2.519298 -4.360739 4.959276 -0.361702 1.666645 -2.963332 3.334684 -2.091139 1.863532 -4.192740 5.000000 -4.201769 1.549681 2.709346 -0.984079 0.567218 3.587906
281 7.4689799238 10.0000000000 6.0000000000 1.4237221899 18.0000000000 6.1253153266 0.9678438974 5.2223590191 0.1717677369 4.7576193020 0.1768194951 27.2730337243 -1014.9059171450 23.7275995110 6.0856592992 0.987602 -0.208208 2.888292 -1.584712 -1.906969 -1.692435 3.470085 -1.497349 2.248954 2.433252 -1.233745 4.430558 -2.556731 -3.954756 -1.498260 -0.223675 0.471045 5.000000 0.752591 2.767543 -1.921582 4.215723 -3.651674 -0.275562 -1.618303 5.000000 1.561426 3.431972 -3.310010 5.000000 -1.869628 3.882957 -0.906435 4.161255 -3.844505 0.469720 2.831934 1.208243 0.040024 0.553429
311 6.7733037450 10.0000000000 6.0000000000 1.3688437112 20.0000000000 6.1004281124 0.9638287969 5.1250714710 0.0846281493 4.6957807447 0.1075678293 26.2663575826 -1036.2211135653 25.7624569115 6.6009303933 1.074011 0.201442 2.821518 -1.958423 -0.730055 -2.984237 3.125204 -2.639820 2.595398 1.339229 1.165863 -0.663772 -3.064127 -2.932121 1.488337 -0.635144 3.678627 4.622975 3.025833 2.932665 -4.964606 3.709457 -4.105735 -0.498979 -1.925084 3.946198 0.961843 4.432730 -2.614589 3.148434 -0.953518 3.217579 -3.187644 2.896455 -2.558856 -0.178279 3.861358 2.816794 -0.147919 2.582015
515 6.2778840425 10.0000000000 6.0000000000 1.0088717436 34.0000000000 5.9463361831 0.9390346122 4.5691045331 -0.0739095455 4.0628266700 -0.0631371881 20.8767162343 -848.2452393532 26.5287147574 6.7553727466 1.069608 0.697721 3.143145 -3.038602 -3.029741 -1.762797 2.237983 -5.000000 5.000000 2.437556 0.909017 1.364650 -4.365076 -1.627676 -2.058622 -1.804535 0.326446 3.324923 1.685633 2.728319 0.108765 3.248999 -2.230240 -0.061049 -3.784151 2.846580 -3.676722 4.561041 -4.832538 1.464051 -0.526237 3.068209 -2.972686 3.259204 -3.770109 -3.048834 3.400256 1.877984 2.842072 -0.216643
556 4.6554312084 10.0000000000 6.0000000000 0.9400410378 37.0000000000 5.9121289917 0.9335488645 5.1217072663 -0.1746162048 4.3377108924 -0.1467966845 26.2318853214 -789.9737291488 26.0720910987 6.6700755007 0.611458 1.112815 1.664329 -1.057044 -4.722285 -3.420591 1.108320 -3.475791 4.388362 2.169383 0.212259 1.697922 -3.816500 -3.455394 -0.099978 -2.256916 1.989600 2.049630 2.041197 3.274209 0.343655 2.310948 -2.005622 0.626497 -2.634829 3.353147 -3.949056 4.683127 -0.886450 1.676442 -2.306546 2.898798 -2.968611 3.669691 -2.843475 -2.125619 4.023317 0.751845 2.222053 1.883844
957 4.5720701471 10.0000000000 6.0000000000 0.5966578874 63.0000000000 5.6451243779 0.8904877912 4.8506118586 -0.0473151852 4.1951269116 -0.0413389847 23.5284354029 -477.5591547649 26.1771235129 6.7077439621 2.258961 1.174737 0.361393 -1.630832 -2.754945 -2.482376 -0.366622 -3.208002 4.952821 3.570921 0.530014 0.323204 -3.884786 -2.301731 2.113563 -2.923791 -0.879424 1.190089 3.059948 3.247161 -0.131332 4.349294 -3.177184 0.281219 -2.693921 3.837142 -3.497976 4.820601 -3.894324 1.984731 -2.402239 1.831585 -0.923456 3.455352 -4.106376 0.138132 3.704903 3.848242 1.756959 1.541752
1005 13.6620014931 10.0000000000 6.0000000000 0.5566481902 67.0000000000 5.6045386435 0.8839958805 4.8698001483 0.0209664082 4.1005679054 0.0140539095 23.7149534846 -445.4979608650 26.8554956510 6.8266052733 2.118327 1.516484 1.286804 -1.578646 -1.059250 -1.045262 -1.175363 -3.257777 4.503893 3.559340 0.938792 0.594394 -4.371477 -2.127585 0.926264 -1.978448 -0.208562 2.380028 2.127000 4.104000 0.062576 4.829378 -2.980084 0.760277 -2.252711 3.170979 -4.188584 3.861749 -3.732140 1.387923 -1.945302 0.171250 -0.959511 4.178562 -3.984478 0.018100 3.155058 2.739374 0.654739 1.359465
evaluations raw_y rep iid sigma t d_norm d_mean ps_norm ps_mean pc_norm pc_mean ps_squared loglikelihood mhl_norm mhl_mean x0 x1 x2 x3 x4 x5 x6 x7 x8 x9 x10 x11 x12 x13 x14 x15 x16 x17 x18 x19 x20 x21 x22 x23 x24 x25 x26 x27 x28 x29 x30 x31 x32 x33 x34 x35 x36 x37 x38 x39
1 11.9414250143 11.0000000000 6.0000000000 0.5566481902 67.0000000000 5.6045386435 0.8839958805 4.8698001483 0.0209664082 4.1005679054 0.0140539095 23.7149534846 -445.4979608650 26.8554956510 6.8266052733 3.498909 -0.572146 -0.969130 -5.000000 -0.016569 -0.639263 -1.073259 0.630805 0.842101 -2.131206 -1.772479 -0.951467 1.379365 1.122384 -2.611097 -2.238951 1.473675 3.149268 -0.062150 -1.366893 2.191259 -0.619153 1.451504 3.098143 1.260160 0.146986 1.464543 -1.285151 -0.356186 -1.147909 -0.408751 -0.972990 -0.371551 -0.761073 0.177955 0.127343 0.592694 2.805542 -3.093725 2.591237
2 9.7196990366 11.0000000000 6.0000000000 0.5566481902 67.0000000000 5.6045386435 0.8839958805 4.8698001483 0.0209664082 4.1005679054 0.0140539095 23.7149534846 -445.4979608650 26.8554956510 6.8266052733 -0.474501 -2.464692 -0.344840 0.183677 2.135117 -2.123269 0.434696 0.235639 -3.368222 -2.371511 1.200204 1.391135 2.175422 1.067643 0.790424 0.245735 2.418203 -1.686132 -0.283787 0.770708 -3.154989 2.621887 -1.585730 -0.143499 4.313349 -1.658875 -1.058744 3.123407 -2.160388 -0.864115 1.032168 0.910786 1.187372 0.741013 2.690756 2.031884 1.190557 -1.365603 -1.427120 -3.816579
9 8.0328957377 11.0000000000 6.0000000000 0.5566481902 67.0000000000 5.6045386435 0.8839958805 4.8698001483 0.0209664082 4.1005679054 0.0140539095 23.7149534846 -445.4979608650 26.8554956510 6.8266052733 2.977918 -3.764898 0.245158 -2.002329 1.112381 0.316240 1.861034 0.621666 1.522413 -0.597141 -5.000000 -2.370166 -1.709864 -0.980299 -2.024325 3.266363 -0.336313 2.592102 -0.676546 3.308538 -2.400553 1.199321 -2.659928 0.884115 3.173409 -3.267989 -1.743955 0.490490 -0.371856 -2.738088 2.313378 0.104630 2.587102 0.637245 -2.306797 -0.962484 2.764197 -2.771717 -0.931594 1.201249
32 7.2086980191 11.0000000000 6.0000000000 1.8239585953 2.0000000000 6.2983901502 0.9958153041 4.0443776921 0.1092524208 3.5022568182 0.0927009110 16.3569909163 -1257.2286988912 26.4189052960 6.7536013771 -0.377422 -0.586283 1.904811 -1.307835 4.329381 -0.674207 -0.204016 5.000000 1.870936 2.159823 -1.547430 -1.213694 0.394927 -4.431643 -0.276349 2.840963 2.656821 4.618286 2.441679 -0.991317 -3.401059 3.624233 2.235313 -3.175318 5.000000 1.661495 -0.148580 0.934612 -3.670880 0.397636 2.110245 -2.761832 0.173635 -4.255153 -1.983792 2.377982 1.628346 -2.142634 3.576922 0.617608
48 7.0088976260 11.0000000000 6.0000000000 1.8015141177 3.0000000000 6.2893947933 0.9943572132 5.6179717987 0.1753156759 4.9110745388 0.1525715828 31.5616071305 -1271.6296260381 27.2159871753 6.9374184905 1.368762 1.087600 0.695355 -3.232822 2.947967 -4.187878 0.831754 5.000000 4.610531 -1.456242 2.096794 1.139656 -0.487025 -2.175362 0.838080 1.972948 4.185879 0.769441 1.002256 2.882246 0.008743 1.273528 3.316377 -4.854357 2.836043 0.932081 2.113882 3.803038 -1.557053 0.255411 -1.729802 -3.659030 1.418342 -1.544749 -3.696787 1.262104 3.968913 0.430506 -0.066786 0.136780
134 6.2044480687 11.0000000000 6.0000000000 1.6690791538 8.0000000000 6.2335680584 0.9853425620 5.5930436780 0.1702092805 5.0539978700 0.1669781907 31.2821375835 -1166.8709042262 25.2757799014 6.4683242039 -1.988180 -2.867248 1.850133 -3.007662 -0.197910 -4.239244 -1.177944 2.330516 -3.336155 5.000000 2.177183 -0.876570 1.906951 -1.251599 2.168939 2.173031 0.849028 -1.075849 3.229201 -0.075977 -0.262250 4.065974 2.547741 4.094899 5.000000 2.061426 -1.429587 -0.151801 -4.874480 -0.228489 -4.110171 -4.500850 2.670290 -4.898370 -2.323133 5.000000 -2.972448 2.793126 -3.308655 3.921406
217 5.9601686059 11.0000000000 6.0000000000 1.6125734243 14.0000000000 6.1707672368 0.9751315101 5.5101039839 0.0144409410 5.1771229387 0.0425926247 30.3612459132 -1076.3119150835 22.7880915851 5.8206390077 -0.570125 -4.756400 2.192357 -5.000000 4.830920 -3.660064 -0.426978 3.553342 -1.404652 5.000000 3.860768 2.618501 3.209024 -1.168485 4.615896 2.939999 5.000000 -3.683466 1.444736 -1.784948 -1.034894 1.427917 -0.577035 5.000000 3.154811 -4.042131 0.569990 -1.768569 -2.208698 0.512664 -0.204720 -3.550328 -0.964334 -4.521048 -3.987935 5.000000 -1.771256 0.182865 -0.908562 3.458319
339 5.2823159657 11.0000000000 6.0000000000 1.3339514776 22.0000000000 6.0835298862 0.9610279876 5.9036049740 -0.1518204095 5.2946973269 -0.1161511866 34.8525516887 -972.9252072918 23.7234647582 6.0397623367 -2.935380 -3.241825 2.913386 -1.591740 4.337619 -1.794945 -1.477155 3.828948 -1.964825 2.559410 3.207906 2.675037 2.160999 -4.215543 5.000000 3.052926 3.908405 -1.248017 -2.154954 0.956820 -1.388412 2.307570 -1.466032 3.033593 2.855543 -2.147521 1.293485 1.746667 -3.119918 2.024583 -0.260132 -1.410110 1.351131 -3.438659 -4.097034 3.881367 -2.092698 3.174349 0.360283 3.029327
507 5.1193225979 11.0000000000 6.0000000000 1.0458580378 33.0000000000 5.9693882406 0.9426395250 6.1063549419 -0.1062296174 5.2549201392 -0.0944421330 37.2875706768 -838.3453284011 25.0267923536 6.3515304538 -2.513792 -2.383660 -0.806616 -0.663831 1.218498 -3.509275 -0.705607 4.166305 -4.307943 2.206355 1.592217 -1.498957 3.669315 -1.733250 1.639694 1.897760 4.767365 0.982734 -4.301411 0.762352 -1.021025 3.072902 -2.583613 0.612571 3.083277 -1.062893 1.133605 -0.879159 -2.700346 2.789218 0.972796 0.687576 0.129912 0.816075 -2.854582 2.617774 -1.875200 3.484391 1.792515 5.000000
1005 9.5589684570 11.0000000000 6.0000000000 0.7189895083 67.0000000000 5.6318025823 0.8879690052 6.6043895197 -0.0760911620 5.7954419376 -0.0305215393 43.6179609283 -584.8999849627 26.0975360296 6.6557566479 1.034583 -0.420962 -0.322298 1.377047 4.062793 -0.958487 1.225499 1.843210 -3.206285 1.354223 3.924847 -0.757605 4.690648 0.903285 -0.445598 1.708657 2.626931 -0.937216 -1.558046 1.383139 -1.599389 1.191503 -2.763673 1.591076 3.422670 -0.529031 0.044745 -2.193651 -1.933082 2.493140 1.538714 1.336858 2.345482 -1.792218 -1.383264 0.893119 1.992609 1.862108 4.212924 5.000000
evaluations raw_y rep iid sigma t d_norm d_mean ps_norm ps_mean pc_norm pc_mean ps_squared loglikelihood mhl_norm mhl_mean x0 x1 x2 x3 x4 x5 x6 x7 x8 x9 x10 x11 x12 x13 x14 x15 x16 x17 x18 x19 x20 x21 x22 x23 x24 x25 x26 x27 x28 x29 x30 x31 x32 x33 x34 x35 x36 x37 x38 x39
1 19.9909792595 12.0000000000 6.0000000000 0.7189895083 67.0000000000 5.6318025823 0.8879690052 6.6043895197 -0.0760911620 5.7954419376 -0.0305215393 43.6179609283 -584.8999849627 26.0975360296 6.6557566479 0.945972 -1.362852 0.484879 -3.401471 1.506286 -3.069443 0.010254 -0.240455 -1.613964 5.000000 -1.195646 0.944914 2.191912 -2.430338 2.684713 -0.244300 2.025031 -1.827738 -2.059060 2.419593 1.003745 0.277692 1.281522 1.054665 -2.308720 -4.426667 -3.363513 -3.576189 -4.437070 -1.294862 -1.056809 -0.078418 0.429952 -0.768718 -0.507808 0.146504 -1.994408 -1.427713 0.070833 -1.355891
2 15.4845634679 12.0000000000 6.0000000000 0.7189895083 67.0000000000 5.6318025823 0.8879690052 6.6043895197 -0.0760911620 5.7954419376 -0.0305215393 43.6179609283 -584.8999849627 26.0975360296 6.6557566479 -1.143762 -0.211725 2.671663 0.637331 -0.675191 -1.170537 -0.229840 4.483636 -5.000000 1.070272 0.464981 1.735224 -2.296425 4.228688 2.001886 -0.102830 0.319575 -1.432527 0.101046 -0.286675 1.887151 0.715288 -0.166898 1.355612 1.112121 0.445439 -3.057971 2.058422 -2.332518 -2.019123 -0.210536 1.024044 2.815456 -3.375393 2.942468 3.272926 -0.922790 -0.402725 -1.143633 -1.206598
4 11.7166878764 12.0000000000 6.0000000000 0.7189895083 67.0000000000 5.6318025823 0.8879690052 6.6043895197 -0.0760911620 5.7954419376 -0.0305215393 43.6179609283 -584.8999849627 26.0975360296 6.6557566479 3.045684 2.923765 0.075312 -0.492394 -1.328595 0.702671 -0.968063 -3.026175 -1.527061 0.498406 -3.179617 -1.959052 0.245523 3.378584 0.355500 0.064012 3.866431 -2.124189 -1.465258 1.685483 2.153480 0.915381 -5.000000 1.478093 1.335002 0.092805 1.332155 2.815897 0.102298 -1.871950 -3.678219 0.127557 -1.427936 -1.123769 -2.264938 0.548582 1.471824 0.868637 -2.240082 1.778189
14 9.3285401255 12.0000000000 6.0000000000 0.7189895083 67.0000000000 5.6318025823 0.8879690052 6.6043895197 -0.0760911620 5.7954419376 -0.0305215393 43.6179609283 -584.8999849627 26.0975360296 6.6557566479 4.399661 -1.818813 -0.361606 -1.828812 0.090273 1.726521 1.743810 0.904998 2.614973 0.065796 1.394871 -1.929167 2.123439 -1.174417 2.648475 -2.025988 0.690131 0.658111 0.652373 -0.244148 3.192123 0.857245 -2.250972 -0.984873 2.536193 -1.748048 3.718561 -0.689949 -3.625692 1.833007 -1.777280 -5.000000 0.063766 -2.579118 0.379118 1.386967 1.603902 -0.459455 -3.208326 2.583585
17 6.3259302838 12.0000000000 6.0000000000 1.8936482617 1.0000000000 6.3130869447 0.9981585211 3.3405919768 -0.0285341610 2.8329479459 -0.0241980444 11.1595547556 -1297.9028427604 26.9739717232 6.8912573695 2.683500 -1.058994 0.658969 -4.681383 -2.366774 0.899567 -2.169462 0.217325 0.656688 0.475855 0.021746 -3.722534 -0.190398 4.646818 0.723565 -0.432090 -0.366074 -0.144332 -2.040045 -0.126530 0.741280 1.490156 -4.027755 0.618085 2.088016 2.400151 -0.730970 2.604568 -5.000000 2.276789 0.284587 -3.344261 1.057666 0.422711 2.759831 0.537828 0.348460 -1.379962 -5.000000 3.819779
367 6.0784423821 12.0000000000 6.0000000000 1.1799923289 24.0000000000 6.0587809177 0.9571766098 5.2864215791 0.0432739914 4.7019953349 0.0490035654 27.9462531120 -924.7360135580 25.0871963730 6.3933685059 -1.460004 -3.629392 3.887403 4.964936 2.294068 3.420839 -0.104645 1.203759 -2.240909 3.255597 4.080168 1.696734 0.849224 1.166158 -0.175625 1.682775 -1.692378 -2.421522 1.489026 2.563115 -3.812046 -0.302427 -0.862269 1.689018 -3.090271 2.633144 0.122188 0.754692 -1.165869 0.274909 -0.372184 0.493575 1.406543 2.353534 0.306159 3.686180 -4.163743 -0.946375 0.556027 2.765445
774 6.0285385614 12.0000000000 6.0000000000 1.0903124342 51.0000000000 5.7943477108 0.9139943422 6.6563008120 0.0542633048 5.9187517960 0.0168516828 44.3063404999 -832.0382361160 24.9125389752 6.3422155933 3.708039 -2.822457 1.095543 1.921668 -0.673004 3.842856 0.661899 -2.543158 1.268595 0.748839 5.000000 -2.227618 4.451242 1.429212 -3.108178 0.131625 -2.727340 1.191044 2.186339 0.664894 -1.086333 3.548563 1.204507 0.301268 -4.435790 0.939098 2.894686 2.210946 5.000000 -2.723722 -1.457778 -3.024482 3.928044 -0.031576 1.317417 2.785469 -1.801302 -0.961142 -1.862959 3.232075
869 5.9455732276 12.0000000000 6.0000000000 1.0137513501 57.0000000000 5.7364542282 0.9046568356 5.7682546026 -0.0853978209 4.7742732715 -0.0660533419 33.2727611602 -804.2833987610 26.0381565514 6.6206832913 3.667421 -5.000000 3.242477 -0.268809 -1.927989 2.071099 -1.502631 0.404437 -1.487619 0.814022 5.000000 -2.815600 2.330096 0.203899 -3.028090 -0.218592 -2.850766 -0.568628 1.575932 1.269233 -0.914762 0.395401 0.917760 -0.421146 -2.834635 2.028568 2.904107 -0.284345 2.244499 -0.101898 -3.333097 -3.987497 3.234910 -0.539974 1.643819 0.615992 -0.107073 1.122483 -0.152092 4.564070
1005 12.3620219624 12.0000000000 6.0000000000 0.9674610119 67.0000000000 5.6352973678 0.8882675084 6.6460571361 0.1277223235 5.6651730987 0.1046770385 44.1700754566 -729.7744862400 24.5585662385 6.2608808430 1.452915 -2.962936 1.374104 3.002768 0.054675 1.360517 -1.589883 2.359648 -1.555280 4.366089 4.674534 -1.941936 2.748305 -1.366437 -3.637317 1.521873 -1.990026 0.337496 0.493396 -0.284510 -1.934520 1.472819 0.116591 0.298554 -4.521583 0.515229 1.669578 3.230817 2.630419 1.957067 -3.399024 -5.000000 5.000000 -2.200718 1.155247 2.139601 3.236489 2.836854 -0.304649 4.964553
evaluations raw_y rep iid sigma t d_norm d_mean ps_norm ps_mean pc_norm pc_mean ps_squared loglikelihood mhl_norm mhl_mean x0 x1 x2 x3 x4 x5 x6 x7 x8 x9 x10 x11 x12 x13 x14 x15 x16 x17 x18 x19 x20 x21 x22 x23 x24 x25 x26 x27 x28 x29 x30 x31 x32 x33 x34 x35 x36 x37 x38 x39
1 13.0982049202 13.0000000000 6.0000000000 0.9674610119 67.0000000000 5.6352973678 0.8882675084 6.6460571361 0.1277223235 5.6651730987 0.1046770385 44.1700754566 -729.7744862400 24.5585662385 6.2608808430 -1.424781 1.507533 -0.089006 0.903625 2.690203 1.064676 2.700376 1.722423 2.957371 -2.090754 -1.577978 -2.523212 1.125694 -0.486653 1.827481 0.634702 0.254607 4.300766 1.212577 -0.053543 -1.968322 2.381411 1.905661 -2.174363 -0.290423 0.475716 -3.278187 -0.556269 2.798477 -3.230216 0.981744 3.785484 -1.241959 -0.907505 0.434903 1.028658 0.794483 -3.025690 -1.528068 0.202540
2 8.1438041999 13.0000000000 6.0000000000 0.9674610119 67.0000000000 5.6352973678 0.8882675084 6.6460571361 0.1277223235 5.6651730987 0.1046770385 44.1700754566 -729.7744862400 24.5585662385 6.2608808430 -0.634532 2.276666 -0.644247 -0.740232 3.699225 -0.163303 -1.960549 -0.004778 -0.464852 1.421950 0.906317 -0.665352 -0.768915 -1.060655 2.700612 4.030442 -0.115065 1.129309 0.719065 -1.023930 -1.046328 -0.962743 -3.848319 -1.514906 0.906962 1.844688 -0.414699 -0.751840 1.279768 4.107386 -1.856670 -1.549320 -0.874291 1.095837 -1.708286 0.931316 -1.441999 1.124523 -0.629716 -0.859794
7 5.9886157661 13.0000000000 6.0000000000 0.9674610119 67.0000000000 5.6352973678 0.8882675084 6.6460571361 0.1277223235 5.6651730987 0.1046770385 44.1700754566 -729.7744862400 24.5585662385 6.2608808430 -0.356612 -3.046427 -1.464117 1.150302 -0.206437 -2.158025 1.311723 -0.449358 -1.027358 -2.514507 1.004572 1.678387 -2.111318 -0.616752 -0.568208 0.300067 -2.188519 3.965850 0.535220 1.756920 -0.664819 4.184337 0.881615 -3.624049 1.992419 -0.099905 -2.134080 -0.118522 -1.808210 1.405507 1.217185 -2.787050 1.317332 2.092329 -4.991506 2.608716 1.321807 1.644945 2.853453 -0.097395
33 5.8410606812 13.0000000000 6.0000000000 1.8060078807 2.0000000000 6.2970540040 0.9956082625 3.9047447558 -0.0341666236 3.3861328015 -0.0301405615 15.2470316079 -1258.7890400872 26.7095202442 6.8408823923 3.274126 -3.850273 -1.931916 -1.954947 1.311645 -2.308630 -2.657888 0.826117 -1.642091 -1.935262 -0.852785 0.317831 0.143546 -3.197602 2.665710 -0.279992 -5.000000 1.139680 1.596389 1.019852 0.049985 2.062469 -1.509354 -1.381448 -0.358116 -0.244367 -0.804434 -0.888700 -0.229950 -1.516571 -0.305489 -3.590474 4.101300 1.475394 -1.015790 4.568572 0.270547 2.538954 -1.045422 -0.285498
437 5.8086678777 13.0000000000 6.0000000000 1.1231108029 29.0000000000 5.9882107400 0.9458722679 5.4238408560 -0.0852011778 4.9150890907 -0.0495038164 29.4180496310 -860.4705269874 24.0313640925 6.1430681385 4.070209 -1.005896 0.577071 1.553714 2.985459 -2.842852 -4.255404 -0.938207 -0.736452 -3.705034 -2.759735 0.924730 -0.671716 2.232416 2.933676 3.279764 -0.154305 2.424924 -4.362037 0.111261 -0.485562 5.000000 -0.948517 -2.598229 4.287201 3.764738 -4.437066 -2.122519 -1.204093 -0.471800 -5.000000 2.748121 2.549884 1.974153 -0.945596 -0.377087 4.799912 1.769326 0.128686 1.550629
634 5.8086269673 13.0000000000 6.0000000000 0.9196094585 42.0000000000 5.8546525624 0.9243104714 6.3751121845 -0.0226845513 5.7965766207 -0.0515937276 40.6420553655 -725.7943095364 24.3741460439 6.2115643199 4.683825 -1.742971 0.184369 -0.664224 1.008977 -1.233523 -3.691748 0.712345 0.573688 -3.245145 -3.103280 3.149234 -1.389476 -1.772700 1.891875 4.020064 0.000398 2.929874 -3.483102 -0.824992 -1.229689 2.798387 -0.740036 -1.468404 0.928223 2.314869 -2.317837 -0.209542 -2.723402 -4.583782 -3.663493 0.726371 4.244256 4.170626 -0.402366 0.352520 3.727249 2.856534 -0.812951 -0.895054
1005 12.9772827596 13.0000000000 6.0000000000 0.8184945971 67.0000000000 5.6209175401 0.8861369194 6.7034231226 0.1235660978 6.0288430545 0.1018845062 44.9358815601 -639.4709208894 25.2545014380 6.4607410911 3.655739 1.650772 -3.010473 -0.231911 2.135630 -2.645286 -4.465151 2.088423 -1.353905 -0.748308 0.645296 2.833980 -0.919926 -1.478606 2.752410 2.351390 2.118411 3.617145 -2.128037 -2.652541 1.106728 3.396912 -3.947849 -4.294957 -0.887254 2.080119 -0.147478 -0.426113 -0.031770 -3.213223 -3.631726 -2.694794 3.715860 4.053092 -3.264687 3.086464 2.726896 2.748362 -0.709744 -1.410738
evaluations raw_y rep iid sigma t d_norm d_mean ps_norm ps_mean pc_norm pc_mean ps_squared loglikelihood mhl_norm mhl_mean x0 x1 x2 x3 x4 x5 x6 x7 x8 x9 x10 x11 x12 x13 x14 x15 x16 x17 x18 x19 x20 x21 x22 x23 x24 x25 x26 x27 x28 x29 x30 x31 x32 x33 x34 x35 x36 x37 x38 x39
1 19.2434169931 14.0000000000 6.0000000000 0.8184945971 67.0000000000 5.6209175401 0.8861369194 6.7034231226 0.1235660978 6.0288430545 0.1018845062 44.9358815601 -639.4709208894 25.2545014380 6.4607410911 3.102678 0.158372 0.347953 -0.144673 -4.008659 0.289356 -3.002337 0.422219 -1.116410 2.169058 -0.372578 0.029323 -2.151139 1.284504 -0.360673 1.240601 1.621949 1.555872 -0.474979 -3.783825 -2.344244 1.672414 2.018547 2.586199 -1.098662 -1.963426 1.829346 1.746141 0.044222 -0.008287 -2.698252 -0.416436 2.653081 -1.832521 -0.940026 -0.298885 -0.650520 -3.611447 -1.000740 -1.129561
3 12.3107680889 14.0000000000 6.0000000000 0.8184945971 67.0000000000 5.6209175401 0.8861369194 6.7034231226 0.1235660978 6.0288430545 0.1018845062 44.9358815601 -639.4709208894 25.2545014380 6.4607410911 -1.632498 -1.022753 -1.019616 -1.546922 -0.497033 -3.801384 1.599640 2.551948 -1.401988 -2.942301 0.522371 0.917017 -0.419033 1.864008 -1.173946 -2.266227 2.969538 -1.021326 -0.896438 -4.659827 -0.786878 -1.277527 -0.077215 1.342406 0.352363 -2.348591 2.080978 0.719458 1.086232 -0.169380 0.153202 -2.810301 -3.112469 -1.384754 -1.472439 0.364633 -5.000000 -1.262037 -1.800881 2.056018
6 11.7359931707 14.0000000000 6.0000000000 0.8184945971 67.0000000000 5.6209175401 0.8861369194 6.7034231226 0.1235660978 6.0288430545 0.1018845062 44.9358815601 -639.4709208894 25.2545014380 6.4607410911 3.840656 -1.242649 3.787949 -1.753720 0.580048 0.245954 -2.019925 1.085484 2.179795 1.047308 -0.254063 2.447635 1.154325 0.464254 -5.000000 -0.791909 1.333925 -2.841158 -5.000000 -2.336607 -0.977685 -4.040573 -1.557237 0.002279 -2.612040 -1.861930 2.155538 -0.858056 -2.914058 0.305109 0.690809 -0.367439 -0.687326 -2.008720 5.000000 -2.332927 -0.128273 0.783400 1.953746 -0.990727
7 10.5035837944 14.0000000000 6.0000000000 0.8184945971 67.0000000000 5.6209175401 0.8861369194 6.7034231226 0.1235660978 6.0288430545 0.1018845062 44.9358815601 -639.4709208894 25.2545014380 6.4607410911 0.377573 -1.371006 0.589138 -3.946942 2.376597 0.525074 1.324387 -0.540737 -4.371036 -2.215581 -0.864489 2.653104 -0.445369 1.899533 -0.078091 -1.842042 -1.060827 0.805874 1.157295 -1.911458 -0.006664 0.063183 1.302508 2.418949 -2.853445 -1.865910 -4.029437 3.477639 0.037267 -3.323695 4.134324 -0.612094 0.023908 0.403418 1.359952 -4.112547 -0.486807 1.431781 0.640398 -0.379033
12 7.9476606889 14.0000000000 6.0000000000 0.8184945971 67.0000000000 5.6209175401 0.8861369194 6.7034231226 0.1235660978 6.0288430545 0.1018845062 44.9358815601 -639.4709208894 25.2545014380 6.4607410911 -1.678279 -2.267055 -0.324640 -0.864549 4.303551 2.131062 -0.154846 -1.205648 0.385038 -3.141821 -2.726077 0.871664 -4.222762 -1.093260 -2.118769 -0.394032 0.372881 -1.014326 1.546074 -0.339794 2.072498 0.225000 3.276322 3.476127 0.158770 -5.000000 -1.695024 -0.555961 -3.138601 -1.731179 2.029767 -1.658931 -0.564918 2.409056 -2.722009 -2.430440 0.041542 -2.721179 0.088810 1.340923
39 6.9796937584 14.0000000000 6.0000000000 1.8495842121 2.0000000000 6.2990123711 0.9959020836 4.7895623226 -0.1613075547 4.1401163883 -0.1412166321 22.9399072423 -1274.7082760811 26.7309953794 6.8181383824 0.936498 0.682853 -1.492700 -3.462335 3.158253 -2.118996 -2.927195 0.626037 0.941249 3.128009 -5.000000 2.168325 -0.539654 0.816778 -1.860331 -2.144043 2.971445 3.369669 0.298490 1.347399 3.449814 0.135156 -2.784895 5.000000 0.462498 -2.855275 0.330166 -3.860749 3.050349 1.444933 2.712555 -3.972543 -1.901996 0.489089 0.833371 0.740329 -4.304935 1.550226 -1.867418 4.359793
45 6.6604431482 14.0000000000 6.0000000000 1.8495842121 2.0000000000 6.2990123711 0.9959020836 4.7895623226 -0.1613075547 4.1401163883 -0.1412166321 22.9399072423 -1274.7082760811 26.7309953794 6.8181383824 2.543420 -0.130974 -1.225214 0.539725 2.982460 -2.691193 -2.450867 -0.143554 -0.831539 1.424473 -2.531072 -4.239498 2.180870 0.573195 -1.410928 -2.811322 2.084510 1.886655 0.431730 1.624808 1.496013 -1.287044 0.734944 1.572486 -4.307933 0.522507 0.775220 -4.824476 -1.668841 -1.081593 2.057173 -3.453306 -2.526740 1.127684 1.532448 -3.702543 2.474806 -2.122498 -1.032310 2.973905
81 6.5412580953 14.0000000000 6.0000000000 1.7051680915 5.0000000000 6.2669809651 0.9907545300 4.3921563094 -0.1155393079 4.0414868096 -0.1079601954 19.2910370462 -1207.5819471776 26.2530544230 6.6952201594 -0.594331 -0.557554 1.822089 -1.788722 5.000000 0.479464 -0.625200 3.346300 0.189794 -0.057311 -5.000000 -3.238226 -4.462336 1.348860 -2.994842 -0.598689 -1.853709 0.084846 -1.442697 4.711133 2.413969 -2.202379 0.997529 3.056244 -0.674478 -1.149427 0.292426 -1.645293 -2.016450 -0.116247 4.593799 -4.595018 -1.438872 1.966871 -2.144616 1.370092 3.381616 0.443781 -3.527641 2.848862
135 5.6293361473 14.0000000000 6.0000000000 1.6453478545 8.0000000000 6.2378957136 0.9860431083 5.6748750739 0.1184598238 5.2103209582 0.0855404568 32.2042071049 -1136.4743723010 24.4321478066 6.2702518296 2.262902 1.222392 3.915467 -5.000000 3.044416 -0.342589 -2.484642 5.000000 1.646664 -2.642983 -2.424007 -2.784908 -4.628779 0.889681 -2.701757 -0.327892 -1.851495 2.151409 -1.522220 5.000000 1.294745 -1.587430 4.837626 -0.346508 -1.243486 -0.714424 -3.746125 -1.872838 2.528248 -3.816586 3.034168 -4.725869 -0.764000 5.000000 -2.671999 -0.127287 2.967099 -1.579657 0.764415 -3.224955
484 4.9551629643 14.0000000000 6.0000000000 1.1760898148 32.0000000000 5.9766414071 0.9437204920 5.4658880693 -0.0442453191 5.3734676240 -0.0315064912 29.8759323865 -885.9388352782 24.0558677919 6.1583081753 -0.203975 -3.138983 1.275326 2.447180 1.789903 4.152799 -4.909456 0.472058 0.907588 -3.943371 -2.581876 -1.274567 -0.467692 -4.410701 -5.000000 2.057690 1.826251 -4.602476 -0.533707 2.762477 -2.795684 -0.657344 4.969784 -0.094262 2.165523 5.000000 2.250415 -4.590972 3.934314 -4.477996 -2.946999 -3.853666 -4.460699 -3.423800 -3.476312 3.313699 3.917525 -4.731706 -0.585199 4.395441
845 4.6815056856 14.0000000000 6.0000000000 0.7660576692 56.0000000000 5.7335912931 0.9038800934 5.3939237916 0.0798984939 4.7185468939 0.0671282057 29.0944138696 -623.5099376294 25.5900079568 6.5201342743 -1.049484 -2.600737 0.168132 4.850592 -1.040765 3.548474 -2.817167 -2.002838 2.788482 -0.577138 -1.497677 -0.431834 2.667237 -0.390739 -4.119304 4.065464 3.316152 -2.500358 -0.817142 -2.272436 -1.742846 3.993321 2.615425 3.342996 2.269960 3.646524 -1.116078 -2.636749 3.145491 -1.405814 0.044507 -2.741533 -1.444788 -3.866449 -4.412613 3.535073 5.000000 -4.679245 -0.103093 4.098004
1005 14.2632635526 14.0000000000 6.0000000000 0.6483516740 67.0000000000 5.6279832258 0.8865852819 6.1037018457 0.0852902388 5.9173843930 0.0877256041 37.2551762207 -517.8585714338 26.0136379030 6.6189269026 -1.381566 -2.382317 -1.418438 4.745451 -2.210312 4.899478 -2.582161 -0.932983 3.221494 -2.022767 -1.853916 0.600118 0.764772 -0.364717 -3.670893 4.247432 2.148700 -1.862311 -1.143140 -2.119659 -1.268219 2.815834 2.102846 5.000000 2.189196 3.929130 -2.775174 -2.927716 1.964400 0.307390 -0.203024 -3.004338 -2.776314 -3.510645 -4.003479 2.557027 4.701370 -4.294791 1.881215 3.968171
evaluations raw_y rep iid sigma t d_norm d_mean ps_norm ps_mean pc_norm pc_mean ps_squared loglikelihood mhl_norm mhl_mean x0 x1 x2 x3 x4 x5 x6 x7 x8 x9 x10 x11 x12 x13 x14 x15 x16 x17 x18 x19 x20 x21 x22 x23 x24 x25 x26 x27 x28 x29 x30 x31 x32 x33 x34 x35 x36 x37 x38 x39
1 21.0043275093 15.0000000000 6.0000000000 0.6483516740 67.0000000000 5.6279832258 0.8865852819 6.1037018457 0.0852902388 5.9173843930 0.0877256041 37.2551762207 -517.8585714338 26.0136379030 6.6189269026 -0.624657 0.678569 -0.311817 -1.003579 0.471138 -3.527211 -2.191724 -2.175531 -0.610340 -0.947497 -0.401189 0.710394 1.379035 0.821179 -1.129957 1.198781 -0.325873 3.200429 1.363254 0.029760 -0.175559 -1.964236 0.243381 -2.274875 0.698005 -3.717026 -2.334364 2.849794 2.993131 2.579864 -3.623491 -2.996614 -2.900286 -3.387814 0.454528 -0.979469 -0.001057 -0.980505 -1.586419 4.097798
2 12.2340427644 15.0000000000 6.0000000000 0.6483516740 67.0000000000 5.6279832258 0.8865852819 6.1037018457 0.0852902388 5.9173843930 0.0877256041 37.2551762207 -517.8585714338 26.0136379030 6.6189269026 1.206371 -1.996404 2.430083 -1.335033 -0.545012 2.833549 -1.565218 -0.500641 -0.616629 3.459376 3.956545 0.439376 3.789640 -2.736199 -0.382611 2.574515 -0.493768 0.685102 0.445434 1.363187 0.502898 -2.963698 -0.773644 -1.467361 1.171956 -3.471578 -1.653390 2.367668 0.710092 4.885700 -0.073851 -5.000000 1.982979 0.384486 -0.705585 -2.679046 -0.377345 1.193173 0.680909 0.166851
5 11.2054712011 15.0000000000 6.0000000000 0.6483516740 67.0000000000 5.6279832258 0.8865852819 6.1037018457 0.0852902388 5.9173843930 0.0877256041 37.2551762207 -517.8585714338 26.0136379030 6.6189269026 2.046024 -0.064441 -3.188604 -5.000000 -1.355721 -1.656542 -1.578284 4.347262 0.233827 1.738420 -1.903945 1.311677 -1.108050 -3.143231 -0.649880 -0.108623 -2.171203 2.859885 0.101367 -3.093037 -4.909517 1.522695 1.582311 1.277504 -1.845371 -1.803924 1.174751 -0.822804 0.010137 1.360148 2.245806 -1.534834 -0.302611 0.537636 -1.211318 1.963152 -2.074587 0.947485 -0.838452 2.581028
6 9.4538737456 15.0000000000 6.0000000000 0.6483516740 67.0000000000 5.6279832258 0.8865852819 6.1037018457 0.0852902388 5.9173843930 0.0877256041 37.2551762207 -517.8585714338 26.0136379030 6.6189269026 0.290384 -1.246103 -0.538511 -2.490270 1.454777 -0.276972 -0.414344 0.941889 1.114105 -0.749541 -2.255765 2.342248 0.904497 0.348233 1.761863 -0.482853 3.208832 -0.322770 -0.409565 0.368063 -0.606846 -0.222886 0.354016 -1.302868 0.957818 0.191370 3.962355 -0.539745 -1.431081 -1.693735 0.903609 0.656999 -1.793227 1.766530 -3.155861 -1.788855 -0.860748 -0.056890 -1.694859 2.814656
35 7.8724700811 15.0000000000 6.0000000000 1.8172461723 2.0000000000 6.2966519849 0.9955400471 4.5883749312 0.0164113125 3.9366230016 0.0127160468 21.0531845091 -1263.5232702963 26.7181467446 6.7946245277 2.101736 2.602935 0.897212 -0.273531 -2.901594 2.528374 -3.594265 3.803667 1.602335 3.139891 -1.490471 3.514608 -2.801907 2.620284 0.844348 -0.242292 -0.204864 5.000000 1.071779 1.040181 -1.065485 0.521554 1.871111 -1.022977 0.138109 -1.485585 -0.368992 -2.020403 -1.844702 -1.412529 1.938468 1.666801 -2.478867 -0.654985 -1.039662 -2.203507 -3.723483 -4.124524 -4.044846 4.517603
36 7.0089659354 15.0000000000 6.0000000000 1.8172461723 2.0000000000 6.2966519849 0.9955400471 4.5883749312 0.0164113125 3.9366230016 0.0127160468 21.0531845091 -1263.5232702963 26.7181467446 6.7946245277 0.548954 -0.987657 -1.139568 1.086318 2.807325 -0.937157 -0.799414 4.800852 0.462053 1.531307 -0.633975 -0.997300 -2.574653 0.769613 0.350850 -1.239575 0.773385 5.000000 0.658542 0.306553 3.407639 3.091999 0.460251 -0.197299 -0.719134 -1.833533 4.456261 0.681959 -4.702594 1.952008 0.580682 -3.361325 0.120322 3.952436 2.261123 0.334693 2.491746 -0.397623 -2.806165 3.387934
104 6.9147449889 15.0000000000 6.0000000000 1.6553303098 6.0000000000 6.2502108847 0.9880722948 4.9959227139 0.0083676756 4.5582117784 0.0167665785 24.9592437632 -1167.5783831613 25.4569730326 6.5174170234 0.950334 -0.194956 1.740628 0.580989 3.203421 -0.305643 -3.915557 -1.378468 3.782414 3.404131 -1.819981 -1.390624 -3.755111 2.127971 -1.498316 1.210467 -1.282190 4.497257 0.680216 2.126868 0.695618 3.584191 0.900073 -0.214432 -1.703227 0.254908 1.680898 -1.700067 -1.594448 -0.240613 4.821943 0.304116 -1.569593 4.524456 -1.630261 -0.574540 0.763286 0.735026 -3.621815 -0.832341
114 5.5091130446 15.0000000000 6.0000000000 1.6119815844 7.0000000000 6.2395638570 0.9863610761 4.8551854935 0.1034571156 4.4130485541 0.0947082875 23.5728261761 -1154.4126400105 25.6022540215 6.5427425878 3.616441 0.360262 -0.233655 -0.544460 -0.488317 2.190092 -0.567992 0.963238 3.570762 2.151633 0.199822 -1.490641 0.097200 4.195015 -3.550637 -0.726972 -0.361132 3.540062 1.238432 -0.508117 1.410517 3.101387 3.893030 0.165962 -0.293018 -0.632622 2.269150 -0.505230 -2.464590 -1.076529 4.127244 -0.391044 -1.389587 3.477741 0.094791 -0.686319 -1.177135 -1.115335 0.344550 -3.208093
1005 18.5047639466 15.0000000000 6.0000000000 0.9578641348 67.0000000000 5.6571418654 0.8913409143 5.7467279050 -0.2793651585 5.4832827715 -0.2646250585 33.0248816139 -727.5560424465 24.8157647503 6.3035828286 -0.907227 4.024014 2.081362 -4.862406 -1.881027 1.991485 -0.697288 -3.339235 5.000000 -4.096550 2.560469 2.834871 -3.102399 3.762313 0.286923 -1.202093 -2.883304 -0.882536 3.065990 -4.317145 -3.460339 1.587908 3.886833 0.778467 0.007666 4.083532 -1.170669 -0.441163 -1.536435 -2.899448 1.797030 -1.262907 1.400912 2.849918 1.451351 -0.843260 -2.826158 2.713587 0.768056 0.554266
evaluations raw_y rep iid sigma t d_norm d_mean ps_norm ps_mean pc_norm pc_mean ps_squared loglikelihood mhl_norm mhl_mean x0 x1 x2 x3 x4 x5 x6 x7 x8 x9 x10 x11 x12 x13 x14 x15 x16 x17 x18 x19 x20 x21 x22 x23 x24 x25 x26 x27 x28 x29 x30 x31 x32 x33 x34 x35 x36 x37 x38 x39
1 16.8223382981 16.0000000000 6.0000000000 0.9578641348 67.0000000000 5.6571418654 0.8913409143 5.7467279050 -0.2793651585 5.4832827715 -0.2646250585 33.0248816139 -727.5560424465 24.8157647503 6.3035828286 0.255897 -3.056947 -1.188936 0.132661 -2.470990 -1.242737 -1.777896 0.997820 -1.573794 0.237487 -1.513726 0.986734 -1.678809 -2.030044 -0.685039 3.768928 -0.541826 -2.903439 -2.160318 5.000000 -0.440446 -0.178801 0.552683 3.224522 1.431930 1.317265 0.421482 -1.128887 0.280372 -0.676896 -2.809655 -4.973284 2.547087 2.159496 1.296805 1.112840 0.467075 -2.157691 -2.363922 -1.406480
2 13.7928922058 16.0000000000 6.0000000000 0.9578641348 67.0000000000 5.6571418654 0.8913409143 5.7467279050 -0.2793651585 5.4832827715 -0.2646250585 33.0248816139 -727.5560424465 24.8157647503 6.3035828286 -1.277032 -1.684140 -2.676349 1.159413 1.072829 3.086069 3.348664 -1.278580 1.097330 -0.166243 0.618127 4.020870 3.349421 1.006387 2.054518 1.270389 -0.343567 -0.442144 -1.458929 3.042315 -1.882076 -0.873356 -0.402930 -1.735154 3.106977 1.070189 -4.507749 -2.011533 1.743754 -1.067730 0.329807 0.507891 0.327217 -1.332258 -0.061314 0.204309 -1.674566 0.684482 0.213746 0.652277
4 10.7301177816 16.0000000000 6.0000000000 0.9578641348 67.0000000000 5.6571418654 0.8913409143 5.7467279050 -0.2793651585 5.4832827715 -0.2646250585 33.0248816139 -727.5560424465 24.8157647503 6.3035828286 -1.483704 0.060040 0.825211 1.255622 0.221882 -2.003700 3.447928 3.721118 -1.606971 -0.666321 4.510377 2.957759 0.441151 1.446785 -2.722532 -0.037876 2.519495 -3.854248 1.153076 -2.054473 3.622231 -2.246609 -2.423953 -1.245523 -1.350911 0.486168 2.502407 -2.539410 -0.853848 0.907031 -2.024236 1.324722 0.883576 0.943326 -0.016886 1.410469 2.679896 -0.157846 2.467135 0.444042
7 9.0820982746 16.0000000000 6.0000000000 0.9578641348 67.0000000000 5.6571418654 0.8913409143 5.7467279050 -0.2793651585 5.4832827715 -0.2646250585 33.0248816139 -727.5560424465 24.8157647503 6.3035828286 -0.136609 -0.760622 -0.734638 -0.462814 -1.943550 0.645485 0.971420 -1.130366 -1.281493 -0.994173 -1.388055 0.260246 1.204419 0.884040 1.571110 -1.920914 1.656214 -0.607146 -0.007018 -1.182587 -1.584640 -0.883148 -1.935105 -1.833396 -3.107206 1.862899 2.802322 0.113155 -2.928841 0.129112 2.957113 -2.324218 2.804424 0.900575 -4.495087 0.945259 0.404860 -0.692424 -3.064750 -1.078260
18 7.5690326695 16.0000000000 6.0000000000 1.8745123137 1.0000000000 6.3111275384 0.9978625255 2.7932508102 -0.1051262746 2.3687820003 -0.0891510444 7.8022500887 -1247.5359816877 25.3278144108 6.4608027018 -1.599816 0.075326 -1.228706 -1.112804 1.896087 -2.040160 3.191382 -0.888473 0.730567 0.520662 -3.466730 -1.519215 2.529581 -3.482174 -2.662678 -0.218536 1.579576 -3.194153 1.325650 -1.803994 -0.765570 0.393734 -3.748270 -0.134825 -0.261140 1.781501 1.662998 2.347646 4.230664 -2.437950 2.628365 -1.381755 2.613295 0.173093 -2.170730 1.776458 -2.064275 -2.180224 1.761058 -0.106012
116 6.7691574273 16.0000000000 6.0000000000 1.5131636284 7.0000000000 6.2370962756 0.9860073596 4.8397749346 0.1195011686 4.3295313083 0.0965968517 23.4234214171 -1099.8426836184 24.9821106227 6.4102152076 2.536906 -3.366782 -0.173599 1.324631 -1.481769 -0.295073 1.420945 -0.305339 1.708321 0.730900 0.131213 -1.741932 4.526586 3.261978 -1.352611 1.715232 4.044493 -1.177973 1.935866 -1.717910 -1.732851 0.405959 -1.394186 1.148835 -0.995485 3.147348 0.117275 2.464311 -0.421167 -5.000000 -0.988318 0.295071 2.008314 0.453904 -0.107799 1.011206 3.095964 -3.345254 0.468151 -3.674194
501 6.3680946905 16.0000000000 6.0000000000 0.9113087512 33.0000000000 5.9533530724 0.9401653778 5.6917098430 0.1840032078 5.1805119001 0.1622229562 32.3955609364 -751.4293765736 24.9682344342 6.3473602404 -2.097228 -2.018544 -2.476680 1.101421 2.383648 -0.316359 1.920750 -2.964478 -1.841444 1.833094 0.874363 0.938964 4.630244 -3.219232 5.000000 -1.998215 3.316326 -2.904928 4.763470 -0.596974 1.399188 -0.234016 -1.750343 1.871645 0.343350 2.950694 -1.157273 2.370398 0.079168 0.441658 2.382003 -0.606522 2.280799 1.855661 -1.208321 -0.637687 2.651823 -5.000000 2.103457 -5.000000
515 5.2201834845 16.0000000000 6.0000000000 0.9018537227 34.0000000000 5.9446540657 0.9387546724 5.7231794409 0.0713312584 5.1663981850 0.0795586089 32.7547829122 -735.4546075694 24.6024253531 6.2904277472 -1.142407 -2.559905 -1.638485 3.824399 1.812490 -0.634687 4.152310 -4.000444 -2.078883 3.538559 0.881849 1.138590 3.455970 -2.054730 5.000000 -1.580717 4.910793 -3.554987 5.000000 -1.047991 0.528695 -1.725678 -1.447278 2.390630 1.169175 2.332323 -1.558880 2.889500 0.575321 -0.202758 1.341045 -3.408245 1.461105 0.651176 -1.633505 -2.163732 3.500717 -4.500348 2.242123 -3.831068
1005 16.8284419077 16.0000000000 6.0000000000 0.5970322057 67.0000000000 5.6327930572 0.8876697473 4.2294670921 -0.1327205529 4.0128250066 -0.1493361349 17.8883918836 -480.0420007467 26.5040565430 6.7394134665 -0.814659 -4.066260 -3.202885 1.538686 0.266533 -3.925139 4.710209 -3.038569 -1.128199 -2.497714 0.954032 4.261099 2.815971 -3.444264 0.994095 -0.784092 3.735379 -3.929745 3.867985 2.026854 -0.926653 -2.211919 -1.383152 1.426382 -0.890489 1.970438 -3.547726 4.521348 -2.695538 -4.393928 0.854162 -2.834221 2.469603 -1.165830 0.347729 0.215377 3.281792 -2.339372 2.837889 -3.900888
evaluations raw_y rep iid sigma t d_norm d_mean ps_norm ps_mean pc_norm pc_mean ps_squared loglikelihood mhl_norm mhl_mean x0 x1 x2 x3 x4 x5 x6 x7 x8 x9 x10 x11 x12 x13 x14 x15 x16 x17 x18 x19 x20 x21 x22 x23 x24 x25 x26 x27 x28 x29 x30 x31 x32 x33 x34 x35 x36 x37 x38 x39
1 14.9511000922 17.0000000000 6.0000000000 0.5970322057 67.0000000000 5.6327930572 0.8876697473 4.2294670921 -0.1327205529 4.0128250066 -0.1493361349 17.8883918836 -480.0420007467 26.5040565430 6.7394134665 0.552532 -3.709256 1.247802 2.290623 2.074381 3.773278 -0.223397 -0.724203 0.297350 -0.875566 4.342514 2.304621 -3.637625 -0.276099 1.079679 -3.550565 2.629753 -0.946896 -2.184460 -0.500055 -1.964589 2.062538 0.982668 -0.893293 -1.612720 0.262536 -2.425120 0.319982 -1.510446 0.699792 1.955084 -0.277170 0.207713 0.601182 1.936411 1.739248 1.135566 0.930565 -2.330746 -4.071990
3 12.5138089840 17.0000000000 6.0000000000 0.5970322057 67.0000000000 5.6327930572 0.8876697473 4.2294670921 -0.1327205529 4.0128250066 -0.1493361349 17.8883918836 -480.0420007467 26.5040565430 6.7394134665 -0.853262 1.615880 0.114560 -2.080343 1.868296 -0.240069 4.414033 -5.000000 2.467058 -1.175762 -1.953874 0.936141 5.000000 -2.416171 2.007206 2.261453 1.120079 -1.236795 -0.449597 4.431803 -0.308517 0.575214 1.158722 1.866500 3.339237 3.434479 -0.507301 -2.326097 1.068903 -2.818062 -2.119540 -0.892245 -2.324898 -1.243985 1.218663 1.230439 1.008596 -1.351405 2.627032 1.806749
4 9.7907974019 17.0000000000 6.0000000000 0.5970322057 67.0000000000 5.6327930572 0.8876697473 4.2294670921 -0.1327205529 4.0128250066 -0.1493361349 17.8883918836 -480.0420007467 26.5040565430 6.7394134665 -4.196252 -0.515548 2.047250 -0.629321 2.145812 0.065204 5.000000 -0.349807 -1.683917 0.153202 -1.342466 -0.634319 -1.250714 -2.115265 2.112276 0.008983 0.427660 -3.391432 2.696158 -3.928023 -0.463311 0.088770 -3.424574 3.224231 -1.323695 -1.158337 0.348774 1.597745 1.074793 -1.647740 0.292323 -0.181264 1.882719 2.354677 0.049803 0.610000 1.909148 -0.012913 0.429733 2.484851
39 9.5039007553 17.0000000000 6.0000000000 1.8028948205 2.0000000000 6.2994637604 0.9959792891 4.1496803483 -0.0372702499 3.5852444190 -0.0331110126 17.2198469929 -1272.0662100016 27.2202793492 6.9403890779 -1.745798 -0.171054 2.419377 0.970816 2.481944 -1.822630 0.749258 -2.217821 0.485115 1.288082 -1.086796 -0.093263 0.643088 -3.576910 3.687278 2.388930 -2.664116 -5.000000 -4.439062 -3.512051 0.363639 -1.503608 -0.167026 -0.154483 -2.587898 -1.199030 -1.925880 1.306896 0.604154 0.690307 1.106740 0.262815 1.941247 2.672287 -2.967585 0.483611 3.102669 3.658195 -0.232466 1.781390
48 6.7458650103 17.0000000000 6.0000000000 1.7635251607 3.0000000000 6.2854502496 0.9937312052 5.0953968475 -0.0485372992 4.4612525953 -0.0436459450 25.9630690335 -1226.8335213141 26.1129199099 6.6129886586 -2.443556 -0.318335 0.227541 1.483781 1.953018 1.266465 5.000000 -1.290969 -0.580918 -1.020508 -3.895369 -0.742733 -0.019489 -3.189439 3.389088 -0.284659 -0.182926 -1.802320 -3.604700 -2.220936 -0.734787 0.190612 -3.979917 1.604698 -3.517655 -0.258189 0.036922 4.475100 1.035328 1.476445 1.559921 -1.760185 0.689343 5.000000 -0.715620 1.119498 -0.333208 0.074173 -0.014728 3.662540
266 5.9099762952 17.0000000000 6.0000000000 1.2930151006 17.0000000000 6.1278045205 0.9683511693 5.8315336236 -0.0327175218 5.3785046530 -0.0420631525 34.0067844027 -968.0748928874 24.1149173190 6.0944265318 -2.758315 -0.495791 1.059550 1.473948 2.333177 -3.392073 0.554554 -3.288504 3.550861 -0.840260 0.688745 -0.719097 -0.861227 -1.528844 -2.853326 0.960356 3.258475 -1.731280 -0.430070 -2.122501 -0.247444 -1.598410 1.088338 -3.171957 -0.497722 3.293185 -2.485387 1.940368 4.736136 -5.000000 -1.785966 1.985131 2.658825 0.949113 -2.177495 1.260367 -1.561622 -1.652032 -1.031473 0.074028
518 5.8596067623 17.0000000000 6.0000000000 1.0524783995 34.0000000000 5.9597603091 0.9409097324 5.8169114723 0.0779750839 5.4790693931 0.0584417996 33.8364590767 -921.8615026430 28.2182455830 7.2059188229 -4.862785 -2.083554 3.190066 0.927761 4.260602 -3.963130 0.380531 -1.262686 4.137373 0.007332 -0.038021 -0.921784 2.273647 2.833635 -5.000000 -0.419500 -0.053736 0.955656 -0.867432 2.099879 -2.119385 -4.110453 -0.577802 -4.103786 2.449127 4.748810 0.485581 0.569025 3.307946 -5.000000 -0.806115 1.736968 3.298687 -0.386987 -1.378317 0.228615 -2.129972 -5.000000 -1.623948 -1.732585
1005 19.6316697980 17.0000000000 6.0000000000 0.8035129818 67.0000000000 5.6400626115 0.8888934230 6.2356520235 0.2928733819 5.5385170749 0.2459072698 38.8833561577 -588.6894993055 23.3516853728 5.9922080291 -4.318101 -2.454661 4.392387 -1.079503 2.518863 -2.081950 -0.079303 0.036272 3.481368 -2.327010 4.936769 -4.368478 5.000000 3.314866 0.249693 -1.855912 0.286505 -4.085763 0.895649 0.708989 -0.812469 -0.935220 -0.668473 -2.402179 1.768624 5.000000 -3.147985 1.703471 1.197350 0.090771 -3.401476 4.646928 3.891491 -0.393902 -3.109566 0.475766 -4.048446 -4.204458 -2.615806 -4.609608
evaluations raw_y rep iid sigma t d_norm d_mean ps_norm ps_mean pc_norm pc_mean ps_squared loglikelihood mhl_norm mhl_mean x0 x1 x2 x3 x4 x5 x6 x7 x8 x9 x10 x11 x12 x13 x14 x15 x16 x17 x18 x19 x20 x21 x22 x23 x24 x25 x26 x27 x28 x29 x30 x31 x32 x33 x34 x35 x36 x37 x38 x39
1 7.7275924350 18.0000000000 6.0000000000 0.8035129818 67.0000000000 5.6400626115 0.8888934230 6.2356520235 0.2928733819 5.5385170749 0.2459072698 38.8833561577 -588.6894993055 23.3516853728 5.9922080291 0.158857 4.380405 -0.269784 0.321036 0.885396 1.246783 2.017807 0.788498 -0.672773 -1.291813 1.610915 0.832886 1.149239 -2.203343 -1.989514 2.691039 1.163736 1.074477 4.134094 -0.580648 1.202730 -1.129054 -2.335903 -2.044004 1.767039 -1.067489 -2.700864 0.460188 1.789710 2.741520 4.927403 2.255803 -1.638428 0.134928 2.154433 -1.107090 1.355235 2.082987 -3.502844 0.237339
8 6.7110364503 18.0000000000 6.0000000000 0.8035129818 67.0000000000 5.6400626115 0.8888934230 6.2356520235 0.2928733819 5.5385170749 0.2459072698 38.8833561577 -588.6894993055 23.3516853728 5.9922080291 2.927242 -0.300644 -4.410839 -0.452569 -1.692160 -2.553686 -1.721457 0.248585 -3.780428 -0.698822 0.702450 -2.014212 0.408729 -0.055282 0.823357 1.427780 -2.469272 1.655109 -0.514712 -2.837529 -2.981342 -1.776009 0.852345 -2.127522 -0.215725 -3.755300 1.391374 -1.931037 -2.127688 -1.769133 1.250241 0.941507 -2.585614 0.888226 -0.112072 -1.421698 -0.972943 0.197319 -1.145406 -0.874721
295 5.4233217589 18.0000000000 6.0000000000 1.2475705789 19.0000000000 6.0979437121 0.9635204682 5.7911226040 -0.2173214588 5.3605327930 -0.1779331959 33.5371010144 -1016.1130385247 27.1535255240 6.8773715508 2.378760 -0.553017 -1.439850 -3.368296 0.397801 1.948776 -2.669538 3.050640 -1.667249 -1.533102 1.171332 -0.760655 -2.393032 -0.352006 2.551243 0.615115 -1.804711 -1.474372 0.939383 -1.788953 2.590861 1.760339 -1.739307 -0.281358 -1.032424 4.169850 2.803314 2.029077 -2.365323 0.020928 0.469412 2.921431 -1.348054 -4.088886 4.571408 1.438978 4.297646 1.659616 4.898289 -4.003317
304 5.0981194742 18.0000000000 6.0000000000 1.2252557825 20.0000000000 6.0867877172 0.9617146954 5.3125912735 -0.0496613315 4.9777945544 -0.0456263940 28.2236260396 -948.3656113622 24.9212816786 6.3741454410 4.305404 -1.037590 -1.857488 -3.847769 -2.049538 -0.460789 -0.896488 2.558283 0.743264 0.532688 0.994564 -3.984087 -2.146721 -2.370176 1.524874 1.225329 -2.100410 -1.401323 0.521024 -2.389987 4.382739 2.670722 -3.097745 0.761952 -2.415212 2.943431 5.000000 1.700913 -4.865177 0.532793 -0.358640 1.215537 -0.692088 -5.000000 2.221618 0.581121 2.672149 3.471012 3.424800 -4.150201
1005 7.4554914770 18.0000000000 6.0000000000 0.7656521103 67.0000000000 5.6199535967 0.8858354567 6.3016177438 -0.2611765119 5.5328343932 -0.2249130045 39.7103861888 -572.6751187723 23.9660462104 6.0969460375 2.697799 0.449061 -1.947653 -4.397825 -1.883938 1.868611 -1.900557 2.093709 -2.558278 0.750627 -1.485139 2.993726 -2.972975 -3.044562 1.449847 -1.918250 -3.469441 -4.658867 0.290867 -2.833147 0.051285 3.498469 -4.283830 2.623398 -1.712392 3.644656 4.643410 -3.449547 -1.231946 1.523878 -0.998875 -0.440391 -1.285592 -4.886331 3.041336 1.500050 2.012850 0.677566 0.659787 -3.421059
evaluations raw_y rep iid sigma t d_norm d_mean ps_norm ps_mean pc_norm pc_mean ps_squared loglikelihood mhl_norm mhl_mean x0 x1 x2 x3 x4 x5 x6 x7 x8 x9 x10 x11 x12 x13 x14 x15 x16 x17 x18 x19 x20 x21 x22 x23 x24 x25 x26 x27 x28 x29 x30 x31 x32 x33 x34 x35 x36 x37 x38 x39
1 23.5199070902 19.0000000000 6.0000000000 0.7656521103 67.0000000000 5.6199535967 0.8858354567 6.3016177438 -0.2611765119 5.5328343932 -0.2249130045 39.7103861888 -572.6751187723 23.9660462104 6.0969460375 0.442007 -0.680930 -1.155497 -0.808063 -1.206579 -0.487705 2.070687 1.161507 0.504827 -2.925092 -3.096683 0.530545 -0.001792 -2.031985 0.223979 -2.383904 3.111088 -1.866600 1.053068 -0.299929 1.045571 2.684310 3.117043 2.511988 1.817207 -1.681803 2.011170 -2.047608 0.363548 -0.833362 3.956817 3.834889 -2.062014 -0.966624 -1.290160 0.120696 1.095861 1.690297 -2.414363 0.749681
2 9.9811906317 19.0000000000 6.0000000000 0.7656521103 67.0000000000 5.6199535967 0.8858354567 6.3016177438 -0.2611765119 5.5328343932 -0.2249130045 39.7103861888 -572.6751187723 23.9660462104 6.0969460375 1.884696 -0.702528 0.919470 -0.097033 0.830964 -1.403752 0.370929 0.936700 0.079047 1.432281 -0.963377 -0.104982 -0.544557 0.615971 -3.521307 2.300448 -0.435462 -2.441175 -0.687231 3.097524 -0.415951 -0.483348 -0.249192 1.121828 2.617625 1.896513 1.583996 -0.380984 -0.014522 -1.350757 -1.515831 -2.504505 -1.530213 2.654848 0.492101 0.135669 -1.362209 -0.242765 -1.653856 -2.964715
12 9.7165934983 19.0000000000 6.0000000000 0.7656521103 67.0000000000 5.6199535967 0.8858354567 6.3016177438 -0.2611765119 5.5328343932 -0.2249130045 39.7103861888 -572.6751187723 23.9660462104 6.0969460375 -0.801274 -1.358306 0.211836 -0.242415 0.182935 1.705633 5.000000 3.834646 1.109399 2.411712 -2.419304 0.781576 -3.618073 -1.713305 -4.290671 -0.236779 2.994655 -0.500138 0.719619 2.589974 2.311735 -1.446583 -1.003237 -0.125012 -0.644681 -0.195511 -3.833539 0.878992 -2.133722 -3.094878 -1.004497 0.756729 -0.240321 -2.965528 2.964107 1.853150 0.160069 2.067514 -2.107939 -0.800173
28 7.1113138607 19.0000000000 6.0000000000 1.8911248288 1.0000000000 6.3110783171 0.9978474861 3.2687322155 -0.0706582517 2.7720081590 -0.0599208614 10.6846102966 -1275.7181880754 26.2115526586 6.6732808765 0.840768 -0.771863 -0.590181 -2.783541 -0.003257 -1.350734 -0.539496 1.554454 4.172380 2.051099 0.176063 0.352952 -1.561391 1.730174 0.943024 1.614722 -0.198325 -3.894099 0.513234 0.368136 -1.858749 -1.899462 -5.000000 5.000000 -3.873982 3.151912 -3.814147 0.819668 -4.436793 -0.662258 1.079761 -0.648358 -4.176275 -1.762999 2.505879 1.172197 0.658743 1.526329 -3.890578 1.819370
34 6.8418118852 19.0000000000 6.0000000000 1.8355429767 2.0000000000 6.3009015214 0.9962092240 4.6776138191 -0.0316557891 4.0468507098 -0.0290661000 21.8800710405 -1244.2290510144 25.7342323676 6.6035549036 1.461235 0.681855 2.311499 1.864289 0.754922 -2.329572 2.264181 3.289780 0.357583 0.483614 1.526649 4.744003 -0.568885 -1.929318 -1.244870 -0.926241 1.093973 -4.249740 3.322204 2.410555 -1.274807 0.629543 -3.870366 4.433273 -1.664654 2.384300 0.046577 1.336300 -1.200916 -5.000000 -1.968113 -2.082769 -5.000000 -2.646235 2.080364 2.655867 5.000000 4.095276 -4.342763 -0.397631
124 6.3893528154 19.0000000000 6.0000000000 1.6829139016 8.0000000000 6.2317814740 0.9850190604 5.4063863365 0.0778603215 4.9632250521 0.0692483741 29.2290132190 -1148.7135503476 24.4681941782 6.2431976452 -0.544794 3.560947 3.170799 -1.050395 0.212334 1.921461 1.115485 1.841703 1.361154 -0.882866 1.264109 3.094363 -1.436548 -5.000000 -1.847581 2.699554 3.519188 -4.076608 3.208794 -0.788840 5.000000 -2.725794 -5.000000 5.000000 -2.657940 3.121703 -2.295488 0.955387 -0.661137 -1.220177 0.479503 1.269650 -3.699039 -1.575737 2.366306 0.205334 1.101557 0.552546 -1.494738 4.467574
251 6.2835283367 19.0000000000 6.0000000000 1.4451738794 16.0000000000 6.1410861402 0.9704230932 5.1565892452 0.0195829638 4.6924919664 0.0186342847 26.5904126434 -1012.2667577758 23.0831710154 5.8311364980 1.509176 0.193970 -0.067371 0.779703 -1.503289 -1.313963 4.451043 2.419815 2.755645 -2.301568 -2.787145 3.971837 -3.578301 -0.314863 -1.409759 2.402541 5.000000 -3.347356 -2.653498 3.217959 2.671346 3.030839 -2.979197 3.025699 -3.308212 1.139236 -4.255355 1.421651 -1.935853 -2.124110 3.703983 -1.939616 -5.000000 -0.845956 -1.119564 2.952615 2.511001 -4.067649 -3.537215 3.467887
330 6.1413118459 19.0000000000 6.0000000000 1.3561604050 21.0000000000 6.0855418053 0.9614567985 5.0529602234 0.0651709464 4.6487631119 0.0519443308 25.5324070192 -1014.2418223696 25.1496887369 6.4143773957 -0.009451 -1.003509 1.662511 -2.988686 -0.962464 -5.000000 5.000000 3.414715 0.201826 -5.000000 -1.663136 5.000000 -1.567121 2.121922 1.959408 3.708737 2.065934 -3.181091 1.808062 5.000000 4.177393 2.279405 -3.552599 1.976077 -1.154578 -0.850629 -1.961678 -0.081711 -5.000000 -3.452616 0.872748 -1.946749 -3.847776 -0.608145 -0.707329 2.461906 2.347624 -2.188456 0.475861 4.734513
849 6.1246037896 19.0000000000 6.0000000000 0.9060598877 56.0000000000 5.7398420041 0.9051185047 6.9255098816 -0.2394507720 6.2792271582 -0.1754074895 47.9626871204 -676.6075470279 23.2649593257 5.9432869289 3.831216 -1.349555 0.059208 1.586206 4.636348 2.487251 -0.831886 2.020363 -3.609222 -3.177798 -2.743740 2.713080 -1.817193 2.794878 4.690753 3.148339 2.610873 -2.601204 4.201944 5.000000 4.137855 -0.601335 -4.339323 2.927281 -3.007492 -2.190052 -2.364127 -4.857252 -0.050816 -5.000000 4.095016 -5.000000 -3.448152 2.026904 -0.966816 0.175786 4.536778 1.080684 3.871764 4.151728
1005 13.0193723213 19.0000000000 6.0000000000 0.7539407332 67.0000000000 5.6283687275 0.8870365432 5.7033081540 0.1086705567 5.1693789915 0.0969424536 32.5277238995 -602.5754819202 25.7183250521 6.5782403996 2.502833 -0.354194 -1.814242 2.188711 2.901738 2.490830 -1.127007 2.710776 -3.239681 -3.105301 -1.102113 4.073646 -2.831388 -0.125081 3.076711 5.000000 2.488446 -2.528650 5.000000 4.582018 3.517783 0.806777 -3.869750 2.127399 -3.151347 -0.834960 -1.202053 -5.000000 -1.155103 -3.337839 3.917681 -4.321788 -4.209322 0.433897 0.148807 2.680513 4.109892 1.393498 4.255387 4.135613
evaluations raw_y rep iid sigma t d_norm d_mean ps_norm ps_mean pc_norm pc_mean ps_squared loglikelihood mhl_norm mhl_mean x0 x1 x2 x3 x4 x5 x6 x7 x8 x9 x10 x11 x12 x13 x14 x15 x16 x17 x18 x19 x20 x21 x22 x23 x24 x25 x26 x27 x28 x29 x30 x31 x32 x33 x34 x35 x36 x37 x38 x39
1 23.1365706950 0.0000000000 7.0000000000 0.7539407332 67.0000000000 5.6283687275 0.8870365432 5.7033081540 0.1086705567 5.1693789915 0.0969424536 32.5277238995 -602.5754819202 25.7183250521 6.5782403996 3.528105 0.800314 1.957476 4.481786 3.735116 -1.954556 1.900177 -0.302714 -0.206438 0.821197 0.288087 2.908547 1.522075 0.243350 0.887726 0.667349 2.988158 -0.410317 0.626135 -1.708191 -5.000000 1.307237 1.728872 -1.484330 4.539509 -2.908731 0.091517 -0.374368 3.065558 2.938718 0.309895 0.756325 -1.775571 -3.961593 -0.695824 0.312698 2.460581 2.404760 -0.774654 -0.604606
2 7.7382507349 0.0000000000 7.0000000000 0.7539407332 67.0000000000 5.6283687275 0.8870365432 5.7033081540 0.1086705567 5.1693789915 0.0969424536 32.5277238995 -602.5754819202 25.7183250521 6.5782403996 -2.097106 -2.840036 -3.412540 3.901551 -1.019304 -0.876149 -2.505591 1.554981 -3.227796 -0.425481 -1.790933 0.773805 -1.021610 -2.361264 -0.056364 0.856664 0.133034 0.604944 -1.268644 -0.725482 -1.344921 -0.719106 -1.626293 -3.452565 0.354852 -0.803562 -3.260397 0.925565 -1.814597 0.103891 1.458181 0.257966 2.278801 -2.469652 0.804683 -1.369620 -1.741594 -1.157699 -0.623105 0.112331
113 7.1382676086 0.0000000000 7.0000000000 1.5976368281 7.0000000000 6.2452571867 0.9872872059 5.2426300069 0.1105847020 4.8248239799 0.0880180599 27.4851693893 -1128.3934955015 24.7648803670 6.3411537533 -2.823767 -3.439582 -3.843180 -1.751734 -1.231010 -0.065650 2.623297 4.885386 1.495591 0.690305 3.764447 1.160270 5.000000 -1.487711 -3.151893 2.417690 2.937128 3.115538 0.129456 -4.892929 -2.697115 0.864483 -1.514171 -1.727507 0.797600 1.089554 0.629209 -0.953178 -3.016341 1.779064 1.046558 -2.690666 1.775493 -2.298808 0.769070 -0.262749 0.919696 -2.613996 1.231174 1.175902
225 7.1151556136 0.0000000000 7.0000000000 1.5601367660 14.0000000000 6.1773885600 0.9762537830 6.7642820355 0.1945828960 6.2574654677 0.1871525548 45.7555114561 -1051.7914837490 22.5389790919 5.7756438962 -2.850905 1.300197 -2.894111 -1.699953 -4.051940 -1.778035 -0.312605 3.879006 -2.211631 3.490470 4.227634 3.259769 3.036990 -0.768882 3.449303 -0.499102 4.336345 4.967126 2.020369 -5.000000 -1.844484 1.561636 -4.005255 1.560159 -1.461693 2.830186 -3.460265 0.819738 -2.854118 1.567307 -0.905301 -1.447908 -1.875876 2.867252 0.112440 0.970029 -0.520722 -5.000000 0.243325 -1.608117
296 6.9681175912 0.0000000000 7.0000000000 1.4237514501 19.0000000000 6.1279938537 0.9682198869 4.5827615033 -0.0251947647 4.1625597618 0.0033778514 21.0017029960 -1048.5735825746 25.1011714155 6.4103885030 -2.290934 -1.611378 -0.465864 -2.249151 -2.151493 0.180145 -2.504021 -0.297912 -3.213191 0.468413 4.211077 3.306334 -0.882918 1.866949 2.091720 0.932468 0.681370 -1.073471 0.210930 -2.155400 -5.000000 0.282673 0.630051 0.044619 4.864031 4.990923 -0.742406 0.166663 -2.645990 4.090219 0.625514 -1.150451 -2.626607 3.093695 0.315097 2.900744 0.653073 -3.470061 1.890074 -1.869700
304 6.0838090600 0.0000000000 7.0000000000 1.4036648655 20.0000000000 6.1187681460 0.9667123236 5.5195171998 -0.0804726084 4.8203177317 -0.0481388568 30.4650701193 -1043.9370678418 25.2681866116 6.4843983710 -3.366485 -2.445337 -0.357799 -2.292176 -4.058730 0.039749 -1.497795 2.350619 -1.030378 2.789935 4.851245 1.569866 0.920127 -2.268622 0.936915 2.084656 3.331338 1.964230 2.185682 -2.637029 -3.141315 2.417504 -0.989374 -0.062165 4.033247 3.073591 -1.197088 0.902496 -3.180374 0.710094 1.968179 -2.245489 -0.741384 2.171925 1.308778 3.669470 0.049878 -5.000000 -1.509800 -3.563939
525 4.8502875775 0.0000000000 7.0000000000 1.0794814520 34.0000000000 5.9634410194 0.9417270299 6.6146445379 0.1041551226 5.8994018488 0.0832048773 43.7535223632 -830.3038619913 23.9178253636 6.0874064145 -0.805321 -2.960255 0.474369 -2.881592 -0.837807 -0.755820 -1.836781 -1.534404 -1.767955 1.822416 1.803617 4.495712 1.028994 -5.000000 3.432524 2.126230 2.017708 -0.475325 -0.024372 -1.951738 -2.095836 1.629533 -0.346000 -1.543460 4.295337 0.463823 1.022674 -0.348975 -0.462661 1.359643 0.160079 0.075269 2.749630 3.825638 4.269266 3.937518 -1.427030 -3.020581 5.000000 -2.277524
1005 12.0803850739 0.0000000000 7.0000000000 0.7493608882 67.0000000000 5.6375612513 0.8888156342 5.5434270823 -0.0049990951 4.6488998387 -0.0481882657 30.7295838172 -578.4121898131 24.7639533248 6.3394216002 -3.160218 -5.000000 -1.286111 -2.597978 1.126982 -0.114103 -1.304293 -0.780356 -1.442058 1.076672 3.217854 3.040144 1.259126 -2.313959 -0.534937 0.547187 -0.646656 -1.766914 -2.175673 -3.272767 -0.215946 3.901832 -2.850271 -3.518576 3.961383 0.597900 3.134170 -2.780422 -0.679541 1.420628 -2.424005 3.944652 1.475265 4.285027 4.099088 5.000000 -2.322276 -2.847113 1.575819 -4.657710
evaluations raw_y rep iid sigma t d_norm d_mean ps_norm ps_mean pc_norm pc_mean ps_squared loglikelihood mhl_norm mhl_mean x0 x1 x2 x3 x4 x5 x6 x7 x8 x9 x10 x11 x12 x13 x14 x15 x16 x17 x18 x19 x20 x21 x22 x23 x24 x25 x26 x27 x28 x29 x30 x31 x32 x33 x34 x35 x36 x37 x38 x39
1 16.7154636280 1.0000000000 7.0000000000 0.7493608882 67.0000000000 5.6375612513 0.8888156342 5.5434270823 -0.0049990951 4.6488998387 -0.0481882657 30.7295838172 -578.4121898131 24.7639533248 6.3394216002 3.248691 -1.223513 -1.056344 -2.145937 1.730815 -4.603077 3.489624 -1.522414 0.638078 -0.498741 2.924216 -4.120281 -0.644834 -0.768109 2.267539 -2.199783 -0.344856 -1.755717 0.084427 1.165630 -2.201238 2.289447 1.803181 1.004989 1.801712 -1.367456 -0.245780 -1.871539 -0.535776 1.060711 -1.383322 -0.793507 -1.374345 -1.690411 -1.342492 -0.025329 -2.234621 0.468831 3.319604 1.484088
3 16.1256840448 1.0000000000 7.0000000000 0.7493608882 67.0000000000 5.6375612513 0.8888156342 5.5434270823 -0.0049990951 4.6488998387 -0.0481882657 30.7295838172 -578.4121898131 24.7639533248 6.3394216002 -0.444656 -0.401516 0.373123 0.820103 0.396599 0.238017 -1.341325 0.755128 0.243643 2.258968 2.397836 0.370313 -0.750570 -1.277461 0.846989 0.154680 -0.687707 0.087194 -1.240002 1.396064 -0.894257 2.449015 0.806983 1.187157 -2.189824 0.338765 1.481113 -1.907401 -0.532437 0.065229 -2.746235 0.630319 1.692321 -1.719032 0.701092 -2.624567 -0.077391 -3.231545 2.242835 0.817801
4 14.4750390316 1.0000000000 7.0000000000 0.7493608882 67.0000000000 5.6375612513 0.8888156342 5.5434270823 -0.0049990951 4.6488998387 -0.0481882657 30.7295838172 -578.4121898131 24.7639533248 6.3394216002 -0.049234 -1.550323 2.547512 3.934203 -3.715964 2.472328 3.255302 0.676023 -2.398536 1.726691 -0.361841 -1.207841 -2.460116 1.101075 1.585614 -1.247061 1.041153 -2.288683 1.603722 0.093135 -0.373140 -0.203492 1.737772 1.500823 1.058931 0.275402 0.155642 1.236761 0.464989 1.365103 -0.620234 -4.869676 2.077649 4.373959 0.882729 -0.200310 -0.272889 -0.238108 0.034819 -2.244037
5 12.6360313864 1.0000000000 7.0000000000 0.7493608882 67.0000000000 5.6375612513 0.8888156342 5.5434270823 -0.0049990951 4.6488998387 -0.0481882657 30.7295838172 -578.4121898131 24.7639533248 6.3394216002 -1.034189 -1.994054 0.497598 -0.593282 0.990423 -0.349406 1.972670 0.427068 4.381399 -3.792722 -1.293833 1.802974 5.000000 -0.497270 0.087338 -0.452628 2.662914 -0.574616 1.360140 -0.639603 -2.545118 0.627095 1.006370 2.586452 -0.220894 -1.234724 1.125522 0.481474 0.561330 -0.146225 2.320677 0.738985 3.809317 2.222113 1.318100 -3.254877 1.204639 0.840564 1.621903 2.088884
11 12.3169132458 1.0000000000 7.0000000000 0.7493608882 67.0000000000 5.6375612513 0.8888156342 5.5434270823 -0.0049990951 4.6488998387 -0.0481882657 30.7295838172 -578.4121898131 24.7639533248 6.3394216002 -2.613068 0.152761 0.734464 2.465798 -0.845714 0.172929 -4.284933 -1.660338 0.903232 2.208349 -0.563473 4.112711 3.520498 -0.121305 -4.827006 -3.555133 -1.555718 2.231682 0.620545 -4.188496 -0.457532 3.226723 -0.749609 -1.499939 4.109248 0.106819 -0.958314 0.700334 0.034329 -0.858285 2.416913 2.231404 1.681723 -0.205774 2.293801 -0.099405 0.933287 2.067374 1.617689 3.579509
12 11.9307984516 1.0000000000 7.0000000000 0.7493608882 67.0000000000 5.6375612513 0.8888156342 5.5434270823 -0.0049990951 4.6488998387 -0.0481882657 30.7295838172 -578.4121898131 24.7639533248 6.3394216002 0.902568 -3.368120 -2.320340 2.700214 -0.662566 0.773078 -1.702911 2.001763 -0.769664 2.916216 -1.064468 2.236267 1.348792 -1.444784 2.197993 -1.803269 -1.644934 1.443423 -1.250684 -1.187686 -0.687801 -2.000338 2.089989 1.217029 -0.138657 -0.216784 0.900311 3.530670 1.741940 -1.016914 1.554838 -0.237542 -0.397996 3.732943 -0.837876 -0.958370 -3.904211 -2.804658 0.902246 -1.389842
13 11.4383913248 1.0000000000 7.0000000000 0.7493608882 67.0000000000 5.6375612513 0.8888156342 5.5434270823 -0.0049990951 4.6488998387 -0.0481882657 30.7295838172 -578.4121898131 24.7639533248 6.3394216002 1.030828 -2.229742 -1.534620 1.349141 2.921785 1.184946 2.395662 3.409188 2.080178 -1.836880 -0.210689 1.260391 -0.829694 0.903892 -3.158313 -1.657256 1.057759 -4.474173 -2.215425 -0.035437 -3.438789 0.114242 -1.599095 -0.583189 -0.517966 0.378586 -1.127577 0.179373 -1.202314 1.112147 3.387618 0.393740 0.339739 -2.328016 1.386732 -1.516135 -1.617694 1.114879 0.362077 2.214351
19 9.8597851063 1.0000000000 7.0000000000 1.8900959977 1.0000000000 6.3121341736 0.9980184679 3.2394066875 0.0584962357 2.7471390056 0.0496070133 10.4937556868 -1280.1190690459 26.3782970459 6.7308746530 -0.387388 -1.081177 0.248325 3.841638 1.566906 -1.438027 0.910230 2.249368 4.214357 -0.594002 1.744121 -0.354738 3.010848 -3.148061 -2.014804 -4.706163 -0.554237 0.856536 -0.871228 0.003419 -0.824437 0.281081 -4.457311 2.853351 -1.552544 1.263652 1.526965 2.508668 -0.285675 0.556885 2.551605 -0.135240 -1.801848 0.009087 1.091773 2.064118 3.208683 -2.312663 2.975477 3.700684
31 8.9110446035 1.0000000000 7.0000000000 1.8102160174 2.0000000000 6.2995109905 0.9960017567 3.9581909878 0.1740513131 3.4199769987 0.1494447554 15.6672758959 -1227.3861998277 25.4279495872 6.4974247058 -0.626379 -0.897559 0.163594 3.289335 2.987328 -3.384356 1.089987 -2.916060 5.000000 -1.158549 0.996286 0.544440 3.745787 -2.368842 0.393160 -4.316328 -0.217928 2.115685 -0.590358 1.273985 -2.240137 -0.078154 -3.432689 0.522495 -2.955778 0.631519 0.288179 -0.062512 1.862295 0.835660 2.578456 1.231516 3.052709 2.756875 3.968013 -0.036606 -2.642873 -0.882556 2.527530 4.079602
39 7.9468307549 1.0000000000 7.0000000000 1.8102160174 2.0000000000 6.2995109905 0.9960017567 3.9581909878 0.1740513131 3.4199769987 0.1494447554 15.6672758959 -1227.3861998277 25.4279495872 6.4974247058 1.426767 -1.105512 -2.958176 3.580106 -1.387139 -3.204496 2.408614 3.211767 0.001181 -3.698478 -1.536217 -0.543981 0.881630 -0.018913 -2.670320 -0.714855 -1.290076 2.556863 -0.831224 0.228509 -1.064799 -0.459276 -3.949911 -0.149819 0.349010 2.503725 -0.580670 0.070143 0.920740 -1.988315 -1.086818 -1.454175 -2.724786 2.626092 -1.224997 3.594228 0.305576 1.939666 3.329750 4.760608
98 7.8055876642 1.0000000000 7.0000000000 1.6101026177 6.0000000000 6.2509395506 0.9882092373 4.7931954703 -0.2428298692 4.3511512700 -0.2036715410 22.9747228169 -1156.1109585933 25.6871815846 6.5900884769 2.641931 -3.275320 0.866277 -0.037769 1.976185 2.224972 -0.792330 -4.687492 0.342359 -0.484702 3.860394 -2.794876 5.000000 1.595493 0.034594 -1.757598 0.815768 -2.464833 -5.000000 -0.128760 -1.336386 -2.059707 -5.000000 0.207462 -0.320793 1.355735 -1.699929 0.056467 3.169425 -1.184431 0.420836 0.171682 -1.042841 0.597020 1.650032 -1.052810 2.114523 -0.734052 1.390268 2.760319
130 6.2787995668 1.0000000000 7.0000000000 1.5367373767 8.0000000000 6.2299246654 0.9848273291 5.4214895639 -0.1391066127 4.8827046437 -0.1255495700 29.3925490918 -1126.0390323395 25.7120549160 6.5685117570 1.659927 0.030251 -0.790840 -0.070196 0.690455 1.848737 -0.098379 -0.463968 -1.181606 -3.424607 2.588991 -1.911724 3.024046 -0.033320 1.376191 -1.487629 3.599764 -2.259046 -5.000000 0.333446 -2.356230 -4.671724 -5.000000 -2.675520 1.182484 1.719859 -2.499112 -2.366581 3.110390 -2.791798 3.594194 -3.704895 -5.000000 1.973047 3.845602 0.642697 1.600777 -2.476853 -0.698626 0.753050
346 6.1711321078 1.0000000000 7.0000000000 1.2462278970 23.0000000000 6.0706822256 0.9590653699 4.8081038348 -0.0330753342 4.4758991973 -0.0546525111 23.1178624863 -953.3074101425 24.7978601715 6.3545807860 -0.712905 -5.000000 -2.486600 5.000000 -2.039098 -1.120616 -1.623095 1.993811 -2.217061 -3.688500 -0.574156 4.127567 4.178155 -0.172902 1.869670 -3.037223 0.100550 -2.687253 -3.963652 -2.125663 -2.319776 -3.939519 -1.538135 4.380573 1.642151 0.618941 -0.450312 -3.312415 1.689647 -4.118556 0.231020 -1.952044 2.991060 1.751749 2.411386 -0.330632 3.263754 -4.384233 -2.387931 3.284837
410 5.7224842038 1.0000000000 7.0000000000 1.1667174010 27.0000000000 6.0327344773 0.9529164387 5.1244980178 -0.0250579210 4.6798482710 -0.0480066347 26.2604799341 -906.8366103152 24.7253114180 6.3416557034 -0.877350 -2.952114 -3.386927 2.757918 -0.878192 -0.821682 -3.250132 3.275336 1.203473 -3.561056 -1.491230 4.739707 1.525762 -2.433484 1.240612 -1.551238 -1.218970 -3.242772 -3.150195 -0.725051 -2.335564 -2.717092 -2.040468 4.388280 -0.465152 2.975122 1.451641 -2.517242 2.916581 -2.527810 2.613190 -4.198792 -0.546137 0.954698 2.060215 -1.949292 2.948476 -4.718467 -4.295965 3.451456
1005 14.6646745776 1.0000000000 7.0000000000 0.6502527198 67.0000000000 5.6162506926 0.8856442901 6.4550789926 0.0785908479 5.6784507702 0.0833033688 41.6680448005 -496.1484590660 25.0378852807 6.3824805566 -3.487647 -1.918806 -2.192637 0.362375 -2.905305 -1.272437 -2.971707 4.591316 0.145091 -4.469215 2.046718 2.299249 -1.440754 2.642481 -0.632115 -4.867650 1.955039 -2.049237 -3.900231 1.537965 -2.404303 -1.340789 1.064611 3.330134 1.405510 4.880458 1.413929 -3.759686 3.640949 -2.154388 0.518754 -3.464301 0.958674 3.987648 2.538619 -2.761704 1.158679 0.687080 -3.406471 -0.214314
evaluations raw_y rep iid sigma t d_norm d_mean ps_norm ps_mean pc_norm pc_mean ps_squared loglikelihood mhl_norm mhl_mean x0 x1 x2 x3 x4 x5 x6 x7 x8 x9 x10 x11 x12 x13 x14 x15 x16 x17 x18 x19 x20 x21 x22 x23 x24 x25 x26 x27 x28 x29 x30 x31 x32 x33 x34 x35 x36 x37 x38 x39
1 10.8544402383 2.0000000000 7.0000000000 0.6502527198 67.0000000000 5.6162506926 0.8856442901 6.4550789926 0.0785908479 5.6784507702 0.0833033688 41.6680448005 -496.1484590660 25.0378852807 6.3824805566 -0.833516 -0.112534 -4.272392 3.280542 -3.586871 -1.683495 1.005763 -2.490576 -2.115904 -1.818015 1.102908 4.584416 0.083079 -2.235851 1.078117 -1.192319 -0.038261 2.350002 -1.495742 0.018051 -1.756216 -0.312868 0.513141 -1.977558 -0.677644 -0.472368 -1.275310 -2.375225 -2.842434 -0.306990 -0.538114 4.462734 -4.869535 0.225453 0.740889 2.719268 1.003714 -1.688427 0.000020 1.084705
6 8.7416260819 2.0000000000 7.0000000000 0.6502527198 67.0000000000 5.6162506926 0.8856442901 6.4550789926 0.0785908479 5.6784507702 0.0833033688 41.6680448005 -496.1484590660 25.0378852807 6.3824805566 -2.302006 -0.853045 -0.296294 3.002874 1.739196 -2.174181 1.328443 1.469769 -2.122731 -0.217034 -3.700808 0.660976 -0.631386 -2.700004 -1.396342 0.479902 -1.105899 0.599054 1.105327 -1.680886 -0.624541 4.289356 0.242211 -1.693658 0.120925 -2.677178 2.265492 0.740610 2.171613 1.804359 0.780593 1.951019 0.383147 -1.324418 -2.047030 -0.896350 -5.000000 3.651989 -3.428135 -0.153279
27 7.9714136581 2.0000000000 7.0000000000 1.9053411071 1.0000000000 6.3126419360 0.9980903379 3.6723239285 -0.1251850812 3.1142691481 -0.1061616687 13.4859630356 -1318.4083031270 27.5891626135 7.0519395121 -4.073158 -2.751912 -4.849472 4.103850 -0.617854 -5.000000 -2.251881 -1.909658 1.581582 -1.482411 -2.310799 -0.561978 1.376415 -1.310139 -1.840642 -3.051244 1.840533 1.051393 -0.355419 -1.587631 -2.093340 1.052755 -1.734325 -1.346406 2.067765 -0.204293 -1.235077 -0.778007 -0.818711 2.246208 2.744186 0.961677 -4.793838 -2.345658 -3.022262 2.394163 -5.000000 0.145936 -1.947616 -2.678142
37 5.9719999554 2.0000000000 7.0000000000 1.8518763325 2.0000000000 6.3011783722 0.9962487728 4.7514299350 -0.2691897208 4.1269251743 -0.2324990916 22.5760864275 -1224.2214560208 24.7378475559 6.3067688434 -2.432120 0.371072 -3.092971 5.000000 1.096086 -5.000000 1.184221 -1.467265 -2.193329 -1.190512 -0.191616 -2.620528 0.956093 -0.753625 0.347060 -0.760517 3.287759 1.461728 0.011179 1.176282 -2.227152 2.322854 1.702834 0.177359 0.673166 -0.053568 0.987484 1.603284 -1.827672 -3.188779 0.175174 1.787165 -2.021986 1.115301 0.852198 -3.413035 -0.359714 -0.598778 -3.767884 1.808427
712 5.8936974844 2.0000000000 7.0000000000 0.8044000665 47.0000000000 5.8241771800 0.9190955602 6.2632416288 -0.1851435349 5.5554499590 -0.1277806628 39.2281957008 -643.7757626556 24.4644980576 6.2713212154 0.600134 -1.037986 -0.387645 5.000000 1.970524 -2.117166 -0.976970 -3.041034 3.902431 1.425711 -1.870887 -0.464837 2.962364 -0.261442 -3.091765 -1.928959 0.860155 1.350606 2.815155 -1.807001 -1.948594 1.969571 2.820273 0.105935 0.098479 -0.358190 0.340148 3.611920 -0.106407 -1.170234 -2.520734 -1.943248 1.125915 -2.740913 -3.609999 -0.592711 -2.005462 -2.145673 -0.244529 -1.317172
1005 13.8536435592 2.0000000000 7.0000000000 0.9240896078 67.0000000000 5.6585435226 0.8912005656 6.2985790169 0.1041452976 5.4278282701 0.0423333964 39.6720976317 -720.1845279081 25.4492347407 6.4820926274 1.693549 -1.842390 -0.952853 3.707815 1.291587 -2.332888 -4.575743 -2.552574 4.524797 -1.407171 -1.197276 1.398513 3.127448 -0.833330 -2.482778 -1.731121 0.761214 0.932665 4.832602 2.974779 -3.380207 1.039437 2.307498 -0.280661 1.958365 -4.608758 -2.496064 2.878154 -0.604188 -1.567114 -3.977287 0.361521 4.362715 -0.886657 -5.000000 -0.851951 2.134222 -2.462317 -1.698669 -3.513382
evaluations raw_y rep iid sigma t d_norm d_mean ps_norm ps_mean pc_norm pc_mean ps_squared loglikelihood mhl_norm mhl_mean x0 x1 x2 x3 x4 x5 x6 x7 x8 x9 x10 x11 x12 x13 x14 x15 x16 x17 x18 x19 x20 x21 x22 x23 x24 x25 x26 x27 x28 x29 x30 x31 x32 x33 x34 x35 x36 x37 x38 x39
1 19.1261697490 3.0000000000 7.0000000000 0.9240896078 67.0000000000 5.6585435226 0.8912005656 6.2985790169 0.1041452976 5.4278282701 0.0423333964 39.6720976317 -720.1845279081 25.4492347407 6.4820926274 3.577257 0.873020 0.192995 -3.726985 -0.554776 -0.709518 -0.165483 -1.254001 -0.087636 -0.954436 -2.627730 1.769245 1.762636 3.419146 0.100067 -0.809355 -1.090720 -3.092955 1.964735 -2.202135 -2.370093 -0.411300 2.972297 0.473433 -2.047570 -1.425986 1.250490 -0.321027 -1.537673 -0.460061 1.490113 3.952222 -2.488247 -1.252834 -1.607532 -4.838166 -1.847584 -2.047752 2.247956 -0.263828
2 7.9205756376 3.0000000000 7.0000000000 0.9240896078 67.0000000000 5.6585435226 0.8912005656 6.2985790169 0.1041452976 5.4278282701 0.0423333964 39.6720976317 -720.1845279081 25.4492347407 6.4820926274 -3.246571 1.293351 -0.712542 -3.486282 -1.193299 -1.177189 -1.747765 0.059428 -4.496516 -0.535524 2.026367 1.705596 2.216375 2.238781 2.975086 -2.236601 1.691667 -3.721779 -1.205770 -3.828944 2.096295 2.667476 -0.394829 3.549290 -1.349455 0.301234 0.305891 -2.128391 0.875893 3.877957 -2.049862 1.798677 -0.309014 3.539255 0.967577 1.352433 1.286327 0.498173 -2.791527 2.783326
50 7.3726822633 3.0000000000 7.0000000000 1.7709348397 3.0000000000 6.2841690870 0.9935409737 4.5793637388 0.0101332821 4.0461507955 0.0117086469 20.9705722522 -1235.5312305594 26.3183881786 6.7030273482 -0.037236 -0.163419 -4.285725 -1.181562 0.446244 1.229046 2.634215 -2.222629 0.359183 4.340346 -0.131809 -2.247776 3.916301 1.936962 -0.677060 4.442056 -1.983509 -5.000000 -0.302764 -3.181469 -2.929653 4.107012 2.489747 2.357568 0.347319 -0.369028 1.109745 -0.273470 2.529696 0.885650 -3.330848 3.204777 -4.712518 2.211692 1.827364 0.393336 0.814376 0.683394 -3.752519 2.081897
71 6.3220548216 3.0000000000 7.0000000000 1.7200741711 4.0000000000 6.2743403788 0.9919610919 4.7148680946 0.0238657238 4.2342080851 0.0233228759 22.2299811492 -1180.9356862774 24.9400192236 6.4120147785 -0.199842 -1.226644 -3.431213 -4.090227 -0.026102 -0.859379 3.635501 0.729766 2.249709 1.180238 4.352368 1.460262 1.226476 0.399095 2.877487 3.358627 -2.117442 -1.976481 -5.000000 -2.469926 -0.991036 3.565732 1.292104 3.115673 1.112668 0.924396 -0.188758 1.576586 3.034935 1.312782 -1.646959 4.962676 -3.382499 2.717977 1.277786 2.500479 -0.734798 -1.687076 -2.035725 -0.774944
256 6.3106209175 3.0000000000 7.0000000000 1.3173553899 17.0000000000 6.1219759283 0.9673776786 5.3022379841 0.1872518056 4.7444064883 0.1556800239 28.1137276396 -977.6055102637 24.1262727938 6.1668322070 -2.598775 -0.566619 0.198748 -3.829984 -1.318862 2.153487 2.776155 -4.691063 0.620344 -0.604970 4.341062 0.414544 -2.460910 -0.418607 -4.131491 -0.754992 -2.814720 -4.304023 -2.367029 -1.689305 -0.054188 1.805444 -0.223155 4.543499 0.140240 -0.290465 -0.574279 2.037732 3.294956 2.376718 0.083212 1.468469 1.779437 1.247722 3.366779 -0.772165 0.658907 -0.352581 -1.480595 0.265436
298 5.4897198917 3.0000000000 7.0000000000 1.2727584265 19.0000000000 6.0969166918 0.9633212593 5.5746702295 -0.1215459787 5.0235345601 -0.0963095733 31.0769481675 -977.7392456065 25.1234484763 6.3806169555 -3.131287 1.297500 -0.645933 -4.915692 -0.437497 1.004205 0.897466 -2.476044 1.033037 -0.525409 2.972687 -0.142288 -0.334256 0.028491 -0.902827 -0.114546 -3.649586 -2.259310 0.488678 -0.743506 -0.308338 2.466214 -2.888965 3.783366 2.989564 -0.430792 -1.009234 1.756643 2.351292 0.790516 1.778620 0.876451 2.977491 0.913993 3.238179 -0.592819 0.251107 -0.755108 -3.900432 -0.143786
538 4.9985787935 3.0000000000 7.0000000000 0.9250221402 35.0000000000 5.9238058235 0.9354679772 5.3230508160 -0.0733184351 4.6660125071 -0.0517625980 28.3348699895 -780.5737513448 25.9441222558 6.6311194901 -1.801682 -0.520187 -0.705715 -3.775890 -2.542778 -0.877930 4.205043 -0.363370 1.485412 2.560587 -0.076909 -0.307181 -2.071873 3.016438 -3.543585 1.392232 -5.000000 -2.358223 -1.340067 1.433231 -1.530890 4.870803 -0.320259 1.528939 1.668885 1.333922 1.356338 -0.209594 -1.957786 3.039780 2.610601 4.898853 1.676815 -0.421962 1.385811 -0.067879 3.057169 -0.077784 -3.793519 -0.468301
1005 7.3113077753 3.0000000000 7.0000000000 0.6724142624 67.0000000000 5.6191538856 0.8858897024 5.1765168174 -0.0094387781 4.6239723673 -0.0157189613 26.7963263604 -542.3196962160 26.0753161817 6.6333250319 -1.774931 -2.922388 -2.475014 -3.856120 -0.010522 -1.295759 2.905518 1.379076 2.592095 3.849397 1.941990 -1.283558 -3.998364 -0.774822 -1.367742 3.019016 -4.443929 -3.117492 -1.649286 -1.792834 -1.725813 3.369140 0.893991 0.299576 -0.264315 -0.247648 3.007300 -1.205852 -3.310672 2.663838 2.892292 2.717946 2.831310 2.015946 -1.177720 1.442231 2.701535 2.193290 -5.000000 0.540422
evaluations raw_y rep iid sigma t d_norm d_mean ps_norm ps_mean pc_norm pc_mean ps_squared loglikelihood mhl_norm mhl_mean x0 x1 x2 x3 x4 x5 x6 x7 x8 x9 x10 x11 x12 x13 x14 x15 x16 x17 x18 x19 x20 x21 x22 x23 x24 x25 x26 x27 x28 x29 x30 x31 x32 x33 x34 x35 x36 x37 x38 x39
1 10.8505146965 4.0000000000 7.0000000000 0.6724142624 67.0000000000 5.6191538856 0.8858897024 5.1765168174 -0.0094387781 4.6239723673 -0.0157189613 26.7963263604 -542.3196962160 26.0753161817 6.6333250319 0.101123 0.999903 -1.991818 1.387197 -0.836603 -3.169154 -1.295414 1.197150 0.664500 -2.294953 1.237339 -0.175974 0.850145 0.664506 -2.313633 0.701994 -1.213775 3.093959 1.446683 0.092271 -1.965983 0.108865 0.319786 -2.417896 4.446720 0.788590 3.384715 -2.225624 3.271495 -2.721931 -1.302452 1.084903 0.096012 -4.716147 -2.211168 1.675673 4.175742 1.829682 -0.552407 1.593024
7 7.4480878935 4.0000000000 7.0000000000 0.6724142624 67.0000000000 5.6191538856 0.8858897024 5.1765168174 -0.0094387781 4.6239723673 -0.0157189613 26.7963263604 -542.3196962160 26.0753161817 6.6333250319 1.314928 -0.067931 -0.800786 1.298629 2.756839 -3.859591 0.467747 -0.600931 -1.488459 -0.682512 0.269034 3.739131 0.114114 -0.859534 -2.454380 1.547999 -1.503742 -0.227490 1.426174 0.104741 -0.772457 -0.345440 1.796698 -0.039272 0.485346 0.845697 -0.669079 0.655878 -0.553618 2.267687 1.003621 -3.460676 -0.414708 2.218349 -0.425732 -0.845035 1.987368 -2.165252 0.130070 1.180326
40 7.1649075204 4.0000000000 7.0000000000 1.7957039983 2.0000000000 6.2989203438 0.9959095626 4.0601288873 0.1207749513 3.4909004605 0.1031227312 16.4846465818 -1233.8415993171 25.8442088403 6.6091350031 -3.003946 2.191749 -2.922082 5.000000 0.390117 -2.036403 -1.137830 1.334187 -2.095589 0.768095 0.477577 3.042917 -1.925654 1.770934 1.886136 1.879569 0.697219 -2.385000 -0.280901 -5.000000 -2.050292 2.840833 2.961585 1.547080 2.007338 -0.129387 2.644231 2.049956 -0.426474 1.699104 0.947569 -1.675567 -2.253097 0.520650 -0.657744 2.325003 3.600951 -2.321938 1.009230 -4.783330
177 6.6968388169 4.0000000000 7.0000000000 1.5636464758 11.0000000000 6.2004840495 0.9800344786 5.4423824634 0.1030050189 5.2225794096 0.1201250630 29.6195268778 -1090.0727804308 24.0118430054 6.1373647752 2.066318 4.524886 1.277327 5.000000 -0.797448 -4.896095 -5.000000 5.000000 1.101635 -1.328221 -2.628407 1.281364 -1.738121 3.122241 1.310871 1.469422 1.218756 -2.002289 -2.837250 -2.472107 -0.352499 5.000000 1.409275 3.186660 -5.000000 -0.222426 3.072896 4.538622 -1.268741 -0.094726 2.047057 1.673494 1.919270 -0.542169 -2.706708 2.433651 3.636835 -2.727672 1.494654 2.330994
374 6.0782994814 4.0000000000 7.0000000000 1.0969675064 24.0000000000 6.0527528483 0.9562282751 4.6267514975 -0.1083671996 4.0424643199 -0.0730685804 21.4068294200 -874.3178908674 24.8156044974 6.2817226278 2.433542 2.763251 0.563085 5.000000 0.611070 -4.320473 -3.275679 0.183828 2.638435 1.816929 -1.565394 3.409239 -1.087123 -0.325914 2.258200 3.114649 0.825254 -0.378762 -4.228316 -0.066094 -4.364614 2.841161 1.430280 -0.039546 -3.449154 -2.068625 3.732596 3.917358 -2.045521 -0.242094 0.087946 -1.106909 1.195122 1.163116 -2.674272 2.200508 5.000000 -0.454833 3.256547 2.826438
645 5.8594152338 4.0000000000 7.0000000000 0.9118531461 42.0000000000 5.8733720210 0.9272266635 6.3695587095 -0.3015739426 5.8828024904 -0.3126736765 40.5712781540 -733.6351544008 24.7365729472 6.3179117670 1.410118 2.675342 -2.279961 2.485744 0.441087 -4.740928 -1.356468 -1.906039 1.039109 1.557234 -5.000000 0.716108 -5.000000 -1.581193 1.198085 3.024723 1.268630 -3.875994 -1.282840 -1.101319 -0.688787 0.686960 1.588088 -0.326560 -0.787149 -5.000000 3.079111 1.086997 -3.652344 2.668859 -0.090671 -2.783138 -1.701688 -1.404702 -3.201495 -0.593450 3.799050 1.405006 2.144853 3.045957
1005 10.4078293923 4.0000000000 7.0000000000 0.9203978904 67.0000000000 5.6536924671 0.8904358201 4.6611473262 -0.1066017605 3.9330369396 -0.1033679409 21.7262943969 -743.7499937874 26.5188354463 6.8012840978 2.808248 1.748030 -1.115653 2.013459 1.370495 -3.896609 -5.000000 -3.403860 -1.104559 0.410552 -3.688799 0.275393 -2.829301 0.034903 1.054843 3.299074 -1.725298 -4.411415 -0.045794 -4.348307 -2.817769 -1.120555 3.876119 -2.625297 0.049036 -0.332850 3.355324 -3.034253 -1.766837 3.006044 -1.688436 -0.194391 -4.369877 1.112332 -1.059787 -0.595474 1.836082 3.355964 3.182482 1.964472
evaluations raw_y rep iid sigma t d_norm d_mean ps_norm ps_mean pc_norm pc_mean ps_squared loglikelihood mhl_norm mhl_mean x0 x1 x2 x3 x4 x5 x6 x7 x8 x9 x10 x11 x12 x13 x14 x15 x16 x17 x18 x19 x20 x21 x22 x23 x24 x25 x26 x27 x28 x29 x30 x31 x32 x33 x34 x35 x36 x37 x38 x39
1 12.0178869214 5.0000000000 7.0000000000 0.9203978904 67.0000000000 5.6536924671 0.8904358201 4.6611473262 -0.1066017605 3.9330369396 -0.1033679409 21.7262943969 -743.7499937874 26.5188354463 6.8012840978 0.882455 -0.661740 4.861542 -0.504184 0.219220 3.164962 -1.818465 -1.183273 0.375206 -0.659740 -2.385529 -0.409753 -0.717658 1.206943 -3.329577 -1.400358 2.302782 3.714662 -3.022359 1.289695 -1.961216 -1.713706 -1.743758 -0.845016 1.992880 1.424843 0.118288 -0.726622 0.006578 -0.211861 1.586107 -1.263143 -0.012390 -0.202135 -0.104616 0.498435 0.395320 2.669697 -0.173751 3.123065
4 9.9984861893 5.0000000000 7.0000000000 0.9203978904 67.0000000000 5.6536924671 0.8904358201 4.6611473262 -0.1066017605 3.9330369396 -0.1033679409 21.7262943969 -743.7499937874 26.5188354463 6.8012840978 2.901467 1.213741 -0.751242 -2.843849 -3.562303 -1.495812 -0.736819 -4.498236 -3.387350 0.607297 -0.817985 -1.509661 -0.815038 -1.625250 1.855032 3.279908 4.147231 1.419596 1.494305 2.926191 3.476898 2.930410 2.424567 -1.269305 -3.199397 1.754306 -0.187665 -0.111342 -1.778841 -2.601903 2.804333 0.930202 -2.130065 0.780841 0.611200 1.043699 4.466542 -0.069404 -2.559246 0.073085
8 7.5425668797 5.0000000000 7.0000000000 0.9203978904 67.0000000000 5.6536924671 0.8904358201 4.6611473262 -0.1066017605 3.9330369396 -0.1033679409 21.7262943969 -743.7499937874 26.5188354463 6.8012840978 0.097889 -4.052804 -0.083873 2.149086 -3.001719 2.371489 -1.430162 -0.102477 -5.000000 2.157256 -1.751372 -1.076219 -2.556431 -1.985539 2.286856 -1.018145 1.790002 -0.352407 0.692167 -1.012620 0.854328 5.000000 1.305786 1.011680 -0.951902 2.021817 2.718402 -3.404180 -2.760664 4.203553 0.851798 0.258400 1.125925 2.193529 1.601638 -0.446167 4.127341 0.025247 -1.749548 -1.114159
121 7.4171263684 5.0000000000 7.0000000000 1.6865334928 8.0000000000 6.2339543842 0.9854178617 5.5226609110 0.2121913107 5.1821783831 0.2065819255 30.4997835377 -1155.3533942247 24.6456581874 6.2724302157 0.663531 1.466276 5.000000 -2.164426 5.000000 1.888535 4.102155 -3.358230 -1.038411 2.508251 3.534320 0.168207 -5.000000 -1.784384 -0.531620 -1.471828 4.105069 1.732530 -1.501991 -3.579835 2.820259 4.365735 3.339337 2.080039 -3.859865 2.543585 1.997870 1.832099 1.144892 2.290607 3.436098 1.034038 -2.217906 -4.974953 2.208819 3.993591 4.349260 3.890808 -2.105514 -0.200375
145 7.2258705758 5.0000000000 7.0000000000 1.6941236067 9.0000000000 6.2247020984 0.9839021058 6.5271963215 0.1431110733 6.0304970733 0.1550081505 42.6042918188 -1130.7994576312 23.4912400722 6.0013389596 -0.751662 1.671457 5.000000 -1.650192 1.236498 3.038434 1.808062 -0.506014 -1.977135 1.497362 3.485061 1.375073 -4.559483 -4.178663 -0.576735 -0.452868 2.228948 0.319088 -2.432129 -2.151263 -0.382890 1.126004 4.024806 0.158044 -3.994042 0.218572 2.941102 1.091718 0.641260 1.731832 4.647963 1.202011 -5.000000 -4.574410 3.351430 1.322306 1.885780 5.000000 -3.523714 0.165499
180 6.0660490395 5.0000000000 7.0000000000 1.6531223662 11.0000000000 6.2040081070 0.9805387366 5.5682579873 0.2135945409 5.3194600291 0.2136823936 31.0054970133 -1113.5002408914 23.5966710712 6.0503068700 -2.519498 5.000000 2.628981 -4.555109 4.109785 1.838226 4.894337 -2.511332 -1.544313 3.144431 2.143998 1.246643 -3.049384 -1.942102 0.900193 0.513502 2.762906 2.120660 -2.967174 -1.718185 1.086238 5.000000 2.353192 2.470911 -2.815757 0.734646 -0.157351 0.418082 1.001350 3.283659 3.965612 1.955773 -1.716976 -3.367887 1.949413 2.099675 5.000000 2.514376 -5.000000 -1.672675
216 5.4415053196 5.0000000000 7.0000000000 1.5536519329 14.0000000000 6.1710472589 0.9751981306 5.0765694152 0.2270080945 4.8645007664 0.2347005486 25.7715570274 -1134.4588592765 26.1708130373 6.6754110215 1.339958 4.945901 -0.326723 -3.767877 1.732819 0.511312 3.652659 -3.046856 -0.039357 2.111066 3.607161 1.262116 -5.000000 -0.390338 0.602660 -1.539000 1.211825 4.644525 -3.923542 -0.844831 1.360834 2.854618 0.891290 3.534770 -4.402163 2.616022 3.365611 4.692149 2.737034 2.976555 4.267252 4.789285 0.220821 -3.360045 3.607391 1.936844 5.000000 4.180725 0.545872 -2.668855
1005 18.7716408609 5.0000000000 7.0000000000 0.7274643629 67.0000000000 5.6277215084 0.8873045353 6.0853231389 0.0336654044 5.5452742453 0.0207842828 37.0311577051 -568.2216746786 25.0955571707 6.4166484409 1.161386 -1.376665 1.537038 0.514261 3.585749 -1.084585 -1.362449 1.482932 1.989862 0.563842 1.733992 0.961382 -1.794746 -2.531071 2.957430 0.135172 -1.802445 -1.901330 -4.794666 -2.172740 5.000000 1.351559 0.402939 4.863392 -2.445222 4.529286 5.000000 3.947249 0.103903 2.758518 0.302710 0.595573 -0.898897 -0.615805 -0.054980 -0.421243 0.363824 -0.765560 -1.326739 3.669995
evaluations raw_y rep iid sigma t d_norm d_mean ps_norm ps_mean pc_norm pc_mean ps_squared loglikelihood mhl_norm mhl_mean x0 x1 x2 x3 x4 x5 x6 x7 x8 x9 x10 x11 x12 x13 x14 x15 x16 x17 x18 x19 x20 x21 x22 x23 x24 x25 x26 x27 x28 x29 x30 x31 x32 x33 x34 x35 x36 x37 x38 x39
1 11.9495698141 6.0000000000 7.0000000000 0.7274643629 67.0000000000 5.6277215084 0.8873045353 6.0853231389 0.0336654044 5.5452742453 0.0207842828 37.0311577051 -568.2216746786 25.0955571707 6.4166484409 -0.623567 1.458008 0.435642 -1.798184 -4.973561 1.826503 2.254127 -3.028186 3.278582 -0.859787 5.000000 1.203644 -0.671763 2.475476 0.222256 0.258302 0.152255 -0.310256 1.268451 1.621310 0.709617 3.625181 -2.712952 -0.927264 1.649308 -2.352863 3.128979 1.425410 -0.362013 1.068399 -1.173226 -2.963707 1.714495 1.886198 0.228883 -0.043913 -4.254289 -1.668815 -0.931017 0.467421
4 11.5160441600 6.0000000000 7.0000000000 0.7274643629 67.0000000000 5.6277215084 0.8873045353 6.0853231389 0.0336654044 5.5452742453 0.0207842828 37.0311577051 -568.2216746786 25.0955571707 6.4166484409 0.573759 0.103719 0.103102 -0.439175 -1.106513 -0.747822 -2.368834 -1.056346 -1.327068 -0.867473 -0.890488 -0.283918 0.904802 -0.618925 0.181594 0.540533 -0.628984 -0.289951 0.710741 -3.397839 1.314515 -0.944751 -5.000000 1.067683 -2.402703 1.783305 -1.969456 -0.421254 1.332316 -1.592496 -1.990840 -0.228254 2.740363 2.199307 2.801163 0.769416 0.976568 2.140619 1.137107 -1.609931
21 11.3584372786 6.0000000000 7.0000000000 1.8801395444 1.0000000000 6.3113659900 0.9978936273 2.9547830334 0.0294203738 2.5057674158 0.0249495862 8.7307427745 -1251.1847449391 25.4038830172 6.5041499889 0.457975 -0.551237 0.028623 -1.656593 -2.429086 1.465042 -1.005050 -2.405938 2.980923 -0.262563 2.035157 1.562628 0.992778 0.367768 -1.748804 -2.397594 3.698355 -2.425760 1.957008 -0.028226 1.087943 -1.299422 -3.956773 -0.289044 -3.701555 0.508355 0.177487 -1.018288 -1.494721 -1.029812 -1.547497 -1.743825 2.238630 0.305504 1.548036 3.853123 1.838853 -1.557580 -0.533587 1.523050
23 8.6598387701 6.0000000000 7.0000000000 1.8801395444 1.0000000000 6.3113659900 0.9978936273 2.9547830334 0.0294203738 2.5057674158 0.0249495862 8.7307427745 -1251.1847449391 25.4038830172 6.5041499889 -1.114338 -4.506242 2.502413 -1.562401 0.626484 -0.860882 0.339612 -0.639057 -2.650900 0.949537 3.835938 1.038886 2.334150 -0.875179 -1.271729 1.972041 3.978643 0.330906 1.342948 0.939827 -0.492021 1.959423 -2.413874 -0.355873 -0.821589 1.310500 0.772007 2.870601 -0.511127 2.526726 -3.840938 -3.060593 0.209273 0.099652 -0.830823 -1.192704 -1.580042 2.341983 -1.014884 1.148965
29 5.4223708093 6.0000000000 7.0000000000 1.8801395444 1.0000000000 6.3113659900 0.9978936273 2.9547830334 0.0294203738 2.5057674158 0.0249495862 8.7307427745 -1251.1847449391 25.4038830172 6.5041499889 -0.272309 -1.677255 1.682524 -3.859621 -3.489985 1.425275 -1.135381 -3.211441 1.537364 -0.640768 2.368374 -1.724858 3.627365 -1.004736 1.228703 -0.615739 1.156643 2.588900 1.670261 1.266810 0.330420 -2.562453 -0.882135 -2.298489 -3.845904 -0.897973 -2.808276 2.294157 0.154650 -1.580075 0.795293 -0.492278 3.004093 1.388439 1.623687 -0.119688 -2.678084 1.277866 -0.496084 -2.799056
729 4.7142532528 6.0000000000 7.0000000000 1.0206469937 48.0000000000 5.8329046671 0.9204506675 5.8027469036 0.0200318710 5.2228775486 0.0054593447 33.6718716276 -796.1139008202 24.7566909877 6.3308356752 -1.334655 2.783641 1.005424 0.466928 -3.224765 2.812744 2.549973 -0.863484 0.649417 -0.843663 -2.685171 0.671945 -0.470615 -2.470814 3.492304 2.542922 1.817794 0.357870 0.887110 -0.360886 2.045463 1.397505 -3.567226 2.316040 3.608456 4.406633 2.295396 5.000000 1.564097 -3.896740 0.002170 -0.202430 -0.320687 0.109895 0.054054 -4.775117 3.262214 -2.110126 3.210656 -0.067195
1005 17.0414731793 6.0000000000 7.0000000000 0.7993034900 67.0000000000 5.6393083367 0.8891501049 6.0546326290 0.0549765051 5.4114356206 0.0603345046 36.6585762722 -636.9570415671 25.5919374571 6.5114992743 -2.582627 0.800092 0.991159 0.753137 -2.254524 2.073338 1.942667 -2.080074 2.883108 -3.189749 -3.862899 1.963227 0.860166 -2.750883 5.000000 3.512307 0.124349 2.914321 2.422409 -0.564968 2.312667 2.933858 -2.481951 3.519892 4.064026 4.321866 2.678722 4.690186 -2.976701 -2.487820 -2.180136 -1.824042 -0.686668 0.504062 2.093614 -1.415916 2.099437 -3.084091 3.415208 0.378019
evaluations raw_y rep iid sigma t d_norm d_mean ps_norm ps_mean pc_norm pc_mean ps_squared loglikelihood mhl_norm mhl_mean x0 x1 x2 x3 x4 x5 x6 x7 x8 x9 x10 x11 x12 x13 x14 x15 x16 x17 x18 x19 x20 x21 x22 x23 x24 x25 x26 x27 x28 x29 x30 x31 x32 x33 x34 x35 x36 x37 x38 x39
1 10.7719649288 7.0000000000 7.0000000000 0.7993034900 67.0000000000 5.6393083367 0.8891501049 6.0546326290 0.0549765051 5.4114356206 0.0603345046 36.6585762722 -636.9570415671 25.5919374571 6.5114992743 3.381051 -0.931875 0.065640 0.815033 -1.577846 0.004131 -0.001781 -3.509449 2.035316 1.200997 -1.250858 -0.343097 1.010599 -0.522713 -0.485498 -2.906483 1.109161 0.247762 0.548920 -3.053049 3.301399 0.308671 -0.774280 4.058144 -0.090772 -2.901357 -0.810456 -4.576630 2.098793 -0.832949 -1.485107 2.144940 -3.302151 1.070859 -4.128830 -1.324319 -2.408440 2.923951 3.532322 -0.658828
6 9.6513825540 7.0000000000 7.0000000000 0.7993034900 67.0000000000 5.6393083367 0.8891501049 6.0546326290 0.0549765051 5.4114356206 0.0603345046 36.6585762722 -636.9570415671 25.5919374571 6.5114992743 -3.366794 2.030030 -2.883087 -2.687257 -0.723337 1.577009 0.600228 1.621537 -0.887288 -0.344367 -2.274274 -0.633731 1.186256 -0.599656 0.950919 -1.146549 -1.184783 0.078337 -0.389763 1.184770 0.356580 3.480693 -0.438989 -0.454505 -2.080262 0.045556 1.365658 -1.480591 -0.099345 1.437114 -0.253818 -1.038275 1.946186 0.194039 0.793129 2.342787 2.290632 -0.694408 -1.050859 0.568618
7 8.1217487099 7.0000000000 7.0000000000 0.7993034900 67.0000000000 5.6393083367 0.8891501049 6.0546326290 0.0549765051 5.4114356206 0.0603345046 36.6585762722 -636.9570415671 25.5919374571 6.5114992743 -0.265575 -3.799723 2.550723 0.038723 1.472756 -2.345833 2.576407 -1.176526 -0.215334 -2.802849 -0.333899 -0.459608 -0.370721 0.877009 0.120692 1.951565 -0.936316 -1.992032 -0.038213 1.256736 2.489284 1.627843 -3.530881 0.754117 2.920744 0.125153 -1.032085 0.618322 -1.006484 1.278226 -0.025989 2.786000 0.999005 -1.447769 1.209263 1.872023 -1.136912 -0.851589 -4.610367 1.806812
22 8.0457447667 7.0000000000 7.0000000000 1.8613516709 1.0000000000 6.3104039422 0.9977461147 2.4135673807 -0.0541285955 2.0467961370 -0.0459030898 5.8253075013 -1280.1073685805 26.7544123115 6.8480101348 -1.201063 -0.080767 -2.207177 0.033321 -1.166320 -2.867990 0.516965 -0.762039 -1.484192 -3.278093 -2.375303 -0.982554 0.360033 0.155626 -0.978861 -0.701357 3.514081 1.566250 0.771342 0.069262 -1.767978 4.262981 -1.999297 1.788768 0.907049 -4.897362 1.521076 0.726968 1.665700 2.841480 -1.983586 1.552017 -3.081932 -3.305988 0.651264 -0.389202 -2.605332 2.031209 -0.595555 0.392610
48 7.0875229987 7.0000000000 7.0000000000 1.7153712868 3.0000000000 6.2875467267 0.9940800389 4.2409519567 -0.0453201977 3.6888404678 -0.0448049551 17.9856734991 -1222.6616147834 26.5410794923 6.8042207741 -1.511363 -0.400905 4.980641 -1.516900 2.558415 -2.186040 0.952251 -3.004292 1.214214 -2.217043 1.246001 -1.806995 -0.010840 -4.269333 0.928188 0.342176 1.881284 1.754542 -3.473942 1.025126 -0.250441 -0.356567 -1.030712 1.296122 2.688781 -1.554388 1.632688 -0.576446 2.327886 3.030630 -1.409357 2.616416 -3.063395 -4.298063 1.112539 2.287395 -0.239368 2.218243 -0.536085 -1.276184
98 6.8913987466 7.0000000000 7.0000000000 1.6486131304 6.0000000000 6.2557479789 0.9889516010 5.9305285006 0.0727707240 5.4762867672 0.0554358454 35.1711682968 -1132.7559978233 24.1341399755 6.1666640492 -0.101111 -4.222205 0.943556 -1.983212 0.149774 -3.025978 2.734985 -2.567874 1.488660 1.240157 3.562812 -0.019544 3.528769 -2.940731 -0.014465 -1.270982 3.639785 -0.098005 -3.076590 1.107967 1.416400 2.945668 -0.248380 -0.321015 2.186647 -3.547457 2.380143 -0.716851 0.639471 4.352048 0.691770 3.647143 -2.701881 -2.914044 1.620444 3.523448 1.718677 2.090156 -4.439806 -4.516121
308 6.1272190219 7.0000000000 7.0000000000 1.3389249084 20.0000000000 6.1107346772 0.9655103224 6.1717151181 -0.0664316507 5.5134441971 -0.0628488976 38.0900674984 -989.3194047352 24.2742353164 6.2037781016 -2.162393 -2.649812 5.000000 -0.308143 1.695056 -5.000000 3.763057 -5.000000 -1.197368 -4.749827 3.540381 1.552047 -1.953125 -1.541867 0.221067 -0.967013 1.904140 0.840341 -4.485942 -2.235100 1.893189 2.269792 -3.670462 -2.346432 -0.303076 4.802276 0.592223 -2.912049 0.542651 5.000000 -1.775592 -0.202353 -0.237974 -1.009861 -3.363798 0.600560 -2.572235 1.344652 -2.971650 -2.142143
341 5.6608429115 7.0000000000 7.0000000000 1.3245604464 22.0000000000 6.0887809021 0.9619478764 5.9238690326 -0.0653399071 5.4113828796 -0.0636233957 35.0922243149 -989.2610857272 24.7096866159 6.3071445016 -1.862121 1.093534 2.112197 -0.418606 2.775356 -3.444667 3.500236 -2.758899 -2.074615 -0.082063 3.795708 -2.018406 -2.549928 -1.522638 1.109966 -3.086363 2.234888 0.349277 -3.265622 -1.532081 2.716117 1.845605 -3.247240 -2.521023 -0.059898 4.977086 1.978738 -3.463886 -0.306789 4.905289 -0.504443 -0.367400 0.947461 -2.701014 -4.157629 0.512949 -1.059339 -0.038698 -2.306349 -0.176684
1005 11.4308743561 7.0000000000 7.0000000000 0.7418596279 67.0000000000 5.6351674429 0.8881125987 5.8950026274 -0.0390961928 5.1336150497 -0.0326187248 34.7510559773 -549.0932279950 23.6574715262 6.0321144035 1.855550 -3.766379 0.067281 -2.383264 4.096891 -1.833673 4.530173 0.644514 -3.206257 -1.775141 3.380528 -4.131852 -2.614721 -3.124523 3.451935 3.715455 1.042740 2.336600 -4.021846 0.676679 2.820984 -0.480092 -0.326996 -1.351966 3.762023 1.947719 -2.778740 -0.152962 0.919041 -0.807393 0.073485 -1.723097 1.692369 -1.007954 -2.470550 3.224658 0.939340 2.444721 -0.285348 -0.832028
evaluations raw_y rep iid sigma t d_norm d_mean ps_norm ps_mean pc_norm pc_mean ps_squared loglikelihood mhl_norm mhl_mean x0 x1 x2 x3 x4 x5 x6 x7 x8 x9 x10 x11 x12 x13 x14 x15 x16 x17 x18 x19 x20 x21 x22 x23 x24 x25 x26 x27 x28 x29 x30 x31 x32 x33 x34 x35 x36 x37 x38 x39
1 19.6894314990 8.0000000000 7.0000000000 0.7418596279 67.0000000000 5.6351674429 0.8881125987 5.8950026274 -0.0390961928 5.1336150497 -0.0326187248 34.7510559773 -549.0932279950 23.6574715262 6.0321144035 0.182409 2.182565 -3.893941 -2.772699 -4.592983 4.819669 3.455672 4.409113 1.589655 1.952842 -2.366854 3.832727 -2.246654 -1.328071 -0.756717 -1.583231 1.719096 -0.461578 -0.131322 -0.417272 2.693737 -1.213906 -0.348496 0.848103 -3.291980 -0.967082 1.070937 2.332281 0.323366 -1.345668 2.885048 -0.442961 0.062529 0.363859 -0.125857 -1.083137 0.949037 -2.329182 -1.001819 -0.817122
2 12.7661448298 8.0000000000 7.0000000000 0.7418596279 67.0000000000 5.6351674429 0.8881125987 5.8950026274 -0.0390961928 5.1336150497 -0.0326187248 34.7510559773 -549.0932279950 23.6574715262 6.0321144035 -1.868697 0.169020 0.287382 0.151099 -0.311290 1.101700 3.404060 2.012187 -5.000000 2.279067 -3.739599 -3.558226 0.255526 -2.702036 3.107934 1.393932 -1.622922 -3.286502 0.661318 2.449913 0.192343 3.753631 1.067561 1.596720 -0.612149 0.755948 -0.452956 -3.771489 4.945022 -0.293713 0.231298 2.660861 0.219189 0.430958 0.858140 -2.302531 3.049507 0.721072 -1.221786 1.860492
3 9.0014805121 8.0000000000 7.0000000000 0.7418596279 67.0000000000 5.6351674429 0.8881125987 5.8950026274 -0.0390961928 5.1336150497 -0.0326187248 34.7510559773 -549.0932279950 23.6574715262 6.0321144035 0.713026 -1.904321 0.303856 0.001270 0.670046 0.749599 1.427632 -2.401627 0.002762 -1.842920 0.992456 -2.663333 -4.381141 -0.872144 5.000000 2.300163 0.168891 4.972496 -0.388711 -0.372427 1.707726 0.614757 -0.144484 -0.937695 -0.130878 2.105222 -2.619266 -1.337453 2.682748 5.000000 -3.681097 0.810082 3.264601 -0.445478 -1.155598 2.484352 -1.106942 -1.445379 -1.143099 -2.780006
6 8.5136378235 8.0000000000 7.0000000000 0.7418596279 67.0000000000 5.6351674429 0.8881125987 5.8950026274 -0.0390961928 5.1336150497 -0.0326187248 34.7510559773 -549.0932279950 23.6574715262 6.0321144035 0.059111 -0.148086 1.085662 -0.337767 -0.640518 -2.389105 0.522916 -5.000000 1.244308 0.384447 2.707172 2.783017 -2.889830 1.150071 -1.630181 -1.043770 1.518821 0.885009 0.875863 -0.181566 0.354081 -2.268281 -1.305441 1.183509 -2.379631 -1.297899 1.471238 -0.111818 -1.678491 0.565519 2.580724 -1.991433 -3.068473 0.210608 -1.769135 -0.735113 -1.157261 -1.816086 -0.125537 0.335981
34 7.0443675143 8.0000000000 7.0000000000 1.7873074978 2.0000000000 6.2977603122 0.9957211479 3.7698015404 0.0506320053 3.2283201893 0.0417853151 14.2114036537 -1222.7614410356 25.5346878588 6.5399203870 -1.710580 2.391634 -2.793962 -1.742888 -0.580726 -2.708160 0.797839 -2.847679 -3.219445 -1.623423 0.948558 2.027937 -0.721574 -0.661196 -0.566886 0.912032 1.872517 0.524734 3.496303 1.423973 0.598014 4.374174 3.305561 -1.113126 -3.221429 0.629727 -0.702279 3.782735 -0.461287 4.126833 1.458118 -0.369846 -0.198577 3.063378 -3.238955 -3.874247 0.311806 2.697709 1.501177 0.048683
101 5.5643202470 8.0000000000 7.0000000000 1.6221027803 6.0000000000 6.2486495321 0.9878375104 4.6421946216 -0.1302709537 4.3261132986 -0.1108998734 21.5499709050 -1174.5055522920 26.2648383536 6.6793057458 -1.034622 0.107891 -0.331967 0.593167 -3.528170 -4.021073 0.586239 -2.198519 -3.474930 -2.466618 3.028960 2.593934 -2.354281 1.859274 1.392983 0.258070 2.377289 1.599105 1.786624 0.874847 -3.034638 1.775544 1.186837 -1.791515 -3.129385 1.153598 0.207799 0.644599 -3.153282 3.367982 2.321572 -5.000000 -2.218563 5.000000 1.665845 -2.341324 2.279783 -0.660313 0.525669 -3.664123
899 5.5601278623 8.0000000000 7.0000000000 0.7529399545 59.0000000000 5.7004196225 0.8988461809 5.6053410941 0.0199990418 5.0316456005 0.0124514795 31.4198487816 -616.0682407899 25.8008083292 6.5812093646 0.298680 1.580366 1.805326 0.007397 2.647896 -2.327036 -2.937012 0.799891 -1.316666 -1.180154 3.125218 -5.000000 -0.849283 4.016750 2.050246 4.450920 4.271679 2.812930 2.740906 -3.593957 -4.498551 2.274117 -0.444851 -1.438287 1.692362 -4.831084 -0.999855 -4.765592 0.032919 -1.982774 3.445855 2.607273 1.814007 4.442120 -1.196624 -2.768107 3.308045 -2.012645 -2.937577 -1.805712
1005 13.1766852471 8.0000000000 7.0000000000 0.7128544026 67.0000000000 5.6280749519 0.8870502241 6.3700907705 0.3205062815 5.3184136507 0.2597046872 40.5780564238 -567.3143495376 25.6492737156 6.5450900331 -2.072002 3.047200 3.456624 0.521955 2.280399 -2.618167 -2.612106 -0.491527 0.448366 -2.950683 2.970913 -5.000000 -0.514547 3.399420 1.810334 4.796881 2.818556 4.260551 2.575449 -2.345663 -5.000000 3.791166 -0.594887 -0.827421 2.981008 -5.000000 0.575208 -4.516831 -0.307550 -2.681765 4.115673 2.782781 2.130645 5.000000 1.022954 -1.819522 3.694519 -0.945713 -3.389776 0.300288
evaluations raw_y rep iid sigma t d_norm d_mean ps_norm ps_mean pc_norm pc_mean ps_squared loglikelihood mhl_norm mhl_mean x0 x1 x2 x3 x4 x5 x6 x7 x8 x9 x10 x11 x12 x13 x14 x15 x16 x17 x18 x19 x20 x21 x22 x23 x24 x25 x26 x27 x28 x29 x30 x31 x32 x33 x34 x35 x36 x37 x38 x39
1 11.1672491176 9.0000000000 7.0000000000 0.7128544026 67.0000000000 5.6280749519 0.8870502241 6.3700907705 0.3205062815 5.3184136507 0.2597046872 40.5780564238 -567.3143495376 25.6492737156 6.5450900331 0.002217 -0.579088 -2.232133 -0.025766 -0.756723 -0.962271 -3.034662 -0.981744 -0.481361 -1.295895 1.271782 3.480235 0.593364 1.415007 3.645632 0.861538 3.085459 -1.801442 -0.274250 2.595158 1.350542 0.063916 1.836292 0.761019 1.032735 -0.710479 0.417554 0.656822 -0.996450 -4.183554 -0.165175 4.910365 -5.000000 -1.826559 -0.454629 0.538631 2.260923 2.084795 2.607621 2.778801
7 7.9341483135 9.0000000000 7.0000000000 0.7128544026 67.0000000000 5.6280749519 0.8870502241 6.3700907705 0.3205062815 5.3184136507 0.2597046872 40.5780564238 -567.3143495376 25.6492737156 6.5450900331 0.358509 -0.074016 1.685320 -1.626551 -3.345876 -1.701104 -0.563431 3.039863 -1.918388 1.450781 1.110857 1.659500 2.937716 -0.007645 2.114974 -1.967330 2.170721 0.731730 -2.185975 -4.472943 -0.246978 -0.356598 4.432841 4.505963 -2.012749 2.007745 -0.248402 -0.304936 -2.602219 -0.548492 0.742421 -1.242290 1.337779 0.243109 3.509028 1.592565 0.941816 0.317062 -0.750428 1.925895
91 7.1197934681 9.0000000000 7.0000000000 1.6659109423 6.0000000000 6.2527372555 0.9884695678 5.7718204249 0.0684156496 5.1968332754 0.0670282424 33.3139110174 -1166.9572677569 25.2597266494 6.4470039793 -1.989985 -1.980746 5.000000 -1.685926 -2.612578 1.702292 -5.000000 -1.488070 -5.000000 1.842016 -3.559473 -1.264676 -0.874505 2.999825 2.502708 -0.000236 1.103814 -1.521876 1.226680 -1.813067 -1.521019 3.006871 2.314557 -0.056490 0.179149 2.836619 -1.616088 2.740756 -1.645065 0.893333 -3.323509 -0.520426 -3.657723 2.391232 -0.144400 1.193304 2.373305 -3.405943 1.161431 -2.104125
98 6.7405491953 9.0000000000 7.0000000000 1.6659109423 6.0000000000 6.2527372555 0.9884695678 5.7718204249 0.0684156496 5.1968332754 0.0670282424 33.3139110174 -1166.9572677569 25.2597266494 6.4470039793 -0.256701 0.588722 1.523185 -0.806766 -0.811696 0.228489 -4.377086 1.638555 -4.050635 -0.738036 -4.369782 -0.319751 1.592534 1.366393 1.037132 -0.510023 -1.314361 1.775304 0.160673 -3.216848 -0.380724 2.302504 1.817076 4.688020 0.725877 -0.249447 -0.306811 -0.046949 2.267321 1.144110 -1.384426 0.346691 -0.896723 -3.096560 -0.026009 3.078608 0.837769 -3.163945 3.416878 -0.770603
145 5.0387338955 9.0000000000 7.0000000000 1.5748259828 9.0000000000 6.2219672440 0.9835075779 5.8892627622 0.0790594458 5.4200417623 0.0808959400 34.6834158827 -1110.9777546026 24.5507633928 6.2562199416 -2.487865 0.345257 2.269922 -1.455732 -3.552917 2.971041 -2.075144 -0.497449 -3.742654 1.551557 -3.151424 0.004904 -0.458591 3.191894 0.560963 1.813703 0.707587 0.556200 0.935818 -1.978687 -1.453155 2.954240 4.677357 -0.070940 1.502290 -0.365747 -1.922446 2.926623 -2.060089 -0.968818 -0.657283 2.786814 -0.729628 -1.985360 -2.333025 5.000000 1.670587 -4.624964 1.055366 1.817436
1005 14.0757707974 9.0000000000 7.0000000000 0.7258908324 67.0000000000 5.6304361560 0.8875544271 5.6355764368 -0.1112706792 5.1608171635 -0.1322456372 31.7597217753 -559.4924657752 24.8899752664 6.3446878893 -0.404028 -1.259877 3.501577 0.493285 -1.727423 1.909445 -1.997164 -4.794087 -2.058323 4.802331 -3.396999 -1.750273 3.101724 1.310735 0.266427 2.503663 1.268472 1.608659 -2.036455 -1.876126 -2.000229 -0.824089 2.422846 3.378113 -1.069371 -3.931430 -4.176854 -3.213458 -1.748503 -2.821438 -4.050296 0.415107 0.177542 -4.550531 3.688951 3.848744 1.972587 -3.587509 -4.564469 -4.070466
evaluations raw_y rep iid sigma t d_norm d_mean ps_norm ps_mean pc_norm pc_mean ps_squared loglikelihood mhl_norm mhl_mean x0 x1 x2 x3 x4 x5 x6 x7 x8 x9 x10 x11 x12 x13 x14 x15 x16 x17 x18 x19 x20 x21 x22 x23 x24 x25 x26 x27 x28 x29 x30 x31 x32 x33 x34 x35 x36 x37 x38 x39
1 14.7295063790 10.0000000000 7.0000000000 0.7258908324 67.0000000000 5.6304361560 0.8875544271 5.6355764368 -0.1112706792 5.1608171635 -0.1322456372 31.7597217753 -559.4924657752 24.8899752664 6.3446878893 2.663173 1.430558 -3.090801 -0.016768 1.242672 -1.440171 0.531023 0.217097 0.008583 -0.349200 0.866052 2.406075 -1.930131 2.056548 0.457260 0.890275 -2.273204 0.270274 2.969074 -2.159610 -3.955457 -3.486745 0.532140 4.769935 2.247383 3.345244 0.198298 2.795993 -0.542496 1.226408 -0.534634 -1.098618 0.265417 -0.952284 2.616946 0.390027 0.800420 -0.675265 2.512945 -1.463939
2 11.8023579413 10.0000000000 7.0000000000 0.7258908324 67.0000000000 5.6304361560 0.8875544271 5.6355764368 -0.1112706792 5.1608171635 -0.1322456372 31.7597217753 -559.4924657752 24.8899752664 6.3446878893 1.320463 -0.701744 -1.878867 -0.978674 -1.609182 -0.425395 -0.678280 0.624340 1.130305 -0.294841 -0.051811 0.578188 -1.079758 1.416320 1.684449 0.407162 4.789407 1.834918 -0.224545 -0.724361 -0.464365 -1.003458 2.257570 -1.395620 -0.162244 -1.058592 2.092366 -2.837112 -0.724998 -0.243811 0.638713 0.921806 -0.431580 1.978145 0.629508 4.935302 -3.016643 1.241201 -2.090265 -1.596018
3 10.9815132708 10.0000000000 7.0000000000 0.7258908324 67.0000000000 5.6304361560 0.8875544271 5.6355764368 -0.1112706792 5.1608171635 -0.1322456372 31.7597217753 -559.4924657752 24.8899752664 6.3446878893 3.970169 3.489628 -3.712371 -0.445547 -0.131696 -4.263424 -0.097661 0.786682 0.434530 -3.988788 2.215416 0.489088 -0.123824 -1.507786 1.423918 1.836538 -0.964186 0.179175 1.653997 -3.909024 0.234951 -3.814914 -1.845819 0.939503 -0.288734 -0.800277 -0.591968 1.696417 1.413661 -1.574538 0.585881 -0.941615 4.808651 -1.478713 -0.625658 -0.697764 -0.878052 0.282208 0.546099 -3.237141
21 10.1339211594 10.0000000000 7.0000000000 1.8975609163 1.0000000000 6.3126299850 0.9980962079 3.4518234589 -0.0389596786 2.9272764365 -0.0330392764 11.9150851917 -1244.0308501191 24.8670000015 6.3411854853 4.167299 0.507262 0.700256 0.744480 3.195058 -4.017629 -2.426474 3.083014 0.346166 -0.220001 -1.060642 -0.155489 1.059476 -0.654958 1.257118 4.031356 -1.606388 3.491371 2.083927 0.100641 0.145133 -1.776739 1.046992 -0.024310 -2.177561 -2.393918 -0.257633 0.267204 1.482665 -0.704374 -4.249628 -1.994148 2.120120 3.569912 3.205644 1.357442 1.253753 2.037274 -0.007995 -0.428163
23 9.4550370636 10.0000000000 7.0000000000 1.8975609163 1.0000000000 6.3126299850 0.9980962079 3.4518234589 -0.0389596786 2.9272764365 -0.0330392764 11.9150851917 -1244.0308501191 24.8670000015 6.3411854853 -0.388376 2.552877 -3.420969 -1.974479 -0.439884 -3.494114 1.520364 -0.577501 3.344893 -1.006964 -1.342202 3.684916 0.672373 1.804141 -0.666691 -0.318713 0.063537 2.026927 1.231164 0.327895 4.019155 -3.082893 1.814811 -2.070444 -0.658318 0.633571 -0.034305 -1.621485 -1.400939 0.542667 1.214962 -1.758536 2.249922 0.026118 2.060877 -0.671219 -1.177719 -1.661896 0.610697 1.369861
41 9.0381680009 10.0000000000 7.0000000000 1.8011696291 2.0000000000 6.2991605227 0.9959489126 3.4757914375 0.0253284984 3.0204817113 0.0203194453 12.0811261173 -1212.1024827986 24.9645700833 6.4016982722 2.278466 3.481493 -1.107142 -3.937468 0.637690 -3.466516 -2.120823 2.045854 2.041488 -0.170312 -0.975446 -0.400670 1.328740 1.360797 -2.835430 -0.327315 0.348851 1.077111 -3.278030 -0.858604 1.412338 -1.900117 2.352134 -0.537460 -1.596271 0.238879 -1.334256 -1.495308 1.375298 -1.725091 0.375556 -0.995786 1.202263 0.445616 2.846006 -1.983416 -5.000000 -5.000000 0.992820 2.533072
44 8.0114729326 10.0000000000 7.0000000000 1.8011696291 2.0000000000 6.2991605227 0.9959489126 3.4757914375 0.0253284984 3.0204817113 0.0203194453 12.0811261173 -1212.1024827986 24.9645700833 6.4016982722 1.018204 0.869195 -2.972728 -1.678013 2.353245 -3.646525 0.964877 0.062710 1.094932 -5.000000 -1.090017 -2.594460 0.081351 3.120176 -1.640388 2.752648 -1.838056 1.311266 -0.819258 -3.545772 0.582831 -5.000000 4.166490 1.083428 1.463879 -3.273480 -1.630033 2.459053 0.109587 -1.852822 1.783443 -0.186336 1.309969 1.020263 2.665473 -2.938391 -0.555896 -0.677003 -1.007864 -0.003963
57 6.6185945034 10.0000000000 7.0000000000 1.7400472991 3.0000000000 6.2874051241 0.9940693412 4.4247380889 -0.0965097237 3.8822907912 -0.0816246410 19.5783071551 -1202.7037410031 25.4582482737 6.5133411776 -0.090097 2.280912 -3.825192 -4.160553 0.861073 -1.750100 3.934619 1.975089 5.000000 -2.290354 -1.755182 -0.589026 2.042067 1.291552 1.201248 0.104732 0.645433 2.933222 -3.073074 -3.627791 0.885966 -3.751192 2.579676 -0.137758 1.084763 -0.709969 -2.035844 -1.640531 0.368276 -2.482336 -1.318904 1.218924 2.968318 2.720985 2.039220 -1.344673 0.803732 0.290273 2.209155 1.670618
256 6.4136017109 10.0000000000 7.0000000000 1.2286122431 17.0000000000 6.1226715365 0.9676172552 4.2970659584 -0.0623434576 4.0798128479 -0.0633676657 18.4647758505 -944.0907563091 24.4884621644 6.2569489999 -2.582325 0.271607 -1.956173 -2.885192 3.424867 -1.083078 0.924247 2.502966 1.978804 3.290372 -0.947918 -3.929883 2.329200 3.324096 -1.650052 -3.502955 1.455250 -0.891445 -1.983231 -2.809260 1.373988 -3.263470 4.311953 -0.604119 -3.788866 -1.067039 -2.132064 -1.087529 4.187315 -4.896857 1.147545 3.249099 5.000000 3.474388 4.792820 -0.623347 -1.540175 3.768390 -0.454108 -0.541381
441 6.1808420231 10.0000000000 7.0000000000 1.2287079563 29.0000000000 6.0056053038 0.9484786984 7.5709608875 -0.0088899842 6.9246370474 -0.0397623596 57.3194487596 -932.0378408378 24.7578720969 6.3464667496 -5.000000 2.546265 -4.203593 -2.345870 2.543852 1.540315 3.535122 3.974157 0.170962 -4.495218 0.518827 -2.936568 -0.655256 3.785665 -1.346339 -4.167138 2.791268 -0.225473 -0.121475 -4.780104 3.280164 -4.622344 2.603609 2.876132 -3.016533 0.371277 -0.342541 2.707683 4.916200 -1.274298 -3.236332 -2.879675 1.087657 2.889481 2.368894 2.429235 -0.668322 0.015941 -2.159261 -2.133947
660 5.0505806675 10.0000000000 7.0000000000 0.9905135873 43.0000000000 5.8653977851 0.9256461092 5.2326363021 -0.0308671817 4.8170464257 -0.0245943237 27.3804826700 -790.3689381185 25.0580355265 6.4047835668 -4.965541 0.608126 -2.300189 -3.607432 1.924842 2.914926 3.843480 1.398216 -1.570066 -4.077063 -0.877965 -4.002357 -3.826705 3.263709 -0.144181 -5.000000 0.681642 -0.970751 1.924941 -4.289299 1.831093 -5.000000 2.908956 2.754416 -4.227812 4.672805 -1.032537 -0.469343 1.282563 0.228490 -0.355024 -2.884144 -3.996002 4.794879 1.456318 2.116477 -3.002408 0.800229 -2.299382 0.225103
1005 12.1023045575 10.0000000000 7.0000000000 0.7083302113 67.0000000000 5.6245813696 0.8868544116 5.1753620775 -0.0138647900 4.3205695911 -0.0105996580 26.7843726328 -573.3128086142 26.0820516255 6.6414451588 -3.788462 3.312197 -0.752681 -1.710990 2.501358 1.797416 0.624156 0.514437 -2.277715 -0.554476 -3.628104 -3.286881 -1.022800 1.085728 0.139568 -2.737705 2.659310 -3.566460 -2.264416 -4.436408 3.527894 -5.000000 0.828305 1.916852 -1.910014 0.644904 -1.323471 0.529422 0.575512 0.050441 1.551643 -3.512849 -3.026308 4.394637 2.720682 1.208822 -1.951097 2.021882 -1.835569 -0.460744
evaluations raw_y rep iid sigma t d_norm d_mean ps_norm ps_mean pc_norm pc_mean ps_squared loglikelihood mhl_norm mhl_mean x0 x1 x2 x3 x4 x5 x6 x7 x8 x9 x10 x11 x12 x13 x14 x15 x16 x17 x18 x19 x20 x21 x22 x23 x24 x25 x26 x27 x28 x29 x30 x31 x32 x33 x34 x35 x36 x37 x38 x39
1 16.3818204697 11.0000000000 7.0000000000 0.7083302113 67.0000000000 5.6245813696 0.8868544116 5.1753620775 -0.0138647900 4.3205695911 -0.0105996580 26.7843726328 -573.3128086142 26.0820516255 6.6414451588 3.498909 -0.572146 -0.969130 -5.000000 -0.016569 -0.639263 -1.073259 0.630805 0.842101 -2.131206 -1.772479 -0.951467 1.379365 1.122384 -2.611097 -2.238951 1.473675 3.149268 -0.062150 -1.366893 2.191259 -0.619153 1.451504 3.098143 1.260160 0.146986 1.464543 -1.285151 -0.356186 -1.147909 -0.408751 -0.972990 -0.371551 -0.761073 0.177955 0.127343 0.592694 2.805542 -3.093725 2.591237
2 10.1624095063 11.0000000000 7.0000000000 0.7083302113 67.0000000000 5.6245813696 0.8868544116 5.1753620775 -0.0138647900 4.3205695911 -0.0105996580 26.7843726328 -573.3128086142 26.0820516255 6.6414451588 -0.474501 -2.464692 -0.344840 0.183677 2.135117 -2.123269 0.434696 0.235639 -3.368222 -2.371511 1.200204 1.391135 2.175422 1.067643 0.790424 0.245735 2.418203 -1.686132 -0.283787 0.770708 -3.154989 2.621887 -1.585730 -0.143499 4.313349 -1.658875 -1.058744 3.123407 -2.160388 -0.864115 1.032168 0.910786 1.187372 0.741013 2.690756 2.031884 1.190557 -1.365603 -1.427120 -3.816579
8 8.6263500350 11.0000000000 7.0000000000 0.7083302113 67.0000000000 5.6245813696 0.8868544116 5.1753620775 -0.0138647900 4.3205695911 -0.0105996580 26.7843726328 -573.3128086142 26.0820516255 6.6414451588 0.503092 -1.574078 -0.588813 1.479401 -0.191272 1.086106 0.844770 0.063338 0.097662 3.723227 -0.341352 3.255344 -1.828001 1.458801 0.341811 -1.458509 -5.000000 3.189849 -2.310408 -1.926108 0.259260 0.114278 0.557592 -0.508156 -2.999232 1.734025 -1.809374 0.446580 1.148882 2.364450 -0.435807 -0.610878 -0.466624 -3.697170 -1.509633 -2.008768 -2.299726 0.335387 -0.622977 3.192530
36 7.5316191647 11.0000000000 7.0000000000 1.7818736590 2.0000000000 6.2996048375 0.9960097179 4.0486096833 0.0997700594 3.4764918736 0.0855293253 16.3912403675 -1256.1061584713 26.8515241890 6.8843726986 -0.249784 -1.867049 -0.902725 3.054403 -1.234038 -1.898272 -3.341993 -0.883032 -0.747275 -0.512204 -1.071710 1.073962 -0.555381 -0.004272 0.202291 0.697662 -2.430219 -4.395003 2.150750 1.114235 -2.040586 0.912210 3.709584 -3.869795 1.501382 -0.215263 -0.322756 5.000000 -4.130585 0.058728 -0.734972 2.668722 -2.419045 -2.415169 -1.912071 1.280198 0.589631 0.842924 -0.901117 2.220126
43 5.9246447909 11.0000000000 7.0000000000 1.7818736590 2.0000000000 6.2996048375 0.9960097179 4.0486096833 0.0997700594 3.4764918736 0.0855293253 16.3912403675 -1256.1061584713 26.8515241890 6.8843726986 -0.762251 -1.563951 -2.632382 4.773298 -2.339762 2.530578 -0.337912 0.794340 -2.105332 0.563026 1.756265 0.440887 0.271347 -0.537049 3.464475 -0.614821 -1.022157 -1.607281 -2.477200 0.867298 4.568596 -0.310302 -0.951970 -4.906946 -2.750115 -4.615128 0.063795 1.427947 0.286932 -0.164435 -0.250749 1.068614 1.965124 -2.491049 -2.341867 -0.273171 -0.997402 -0.706643 -0.061413 4.427980
1005 11.5533806294 11.0000000000 7.0000000000 0.8017526471 67.0000000000 5.6377069399 0.8883986030 5.5697976011 -0.3205593355 5.0340023177 -0.2869002515 31.0226453173 -656.3134455028 26.3668735978 6.7344837739 -0.859216 4.036150 -1.403675 2.163182 1.738038 -1.193080 -0.122341 -1.991914 0.627004 1.643156 -0.922134 -1.713586 -0.430865 0.478067 -4.336947 -4.396699 -3.530188 0.538176 4.537735 0.891389 -2.389817 2.490208 3.689432 0.724449 -2.032832 -1.108885 3.653815 0.343241 1.657875 2.981188 3.461798 -3.803095 -0.950430 1.151774 4.711806 -1.871065 4.288087 2.556824 0.997757 3.823061
evaluations raw_y rep iid sigma t d_norm d_mean ps_norm ps_mean pc_norm pc_mean ps_squared loglikelihood mhl_norm mhl_mean x0 x1 x2 x3 x4 x5 x6 x7 x8 x9 x10 x11 x12 x13 x14 x15 x16 x17 x18 x19 x20 x21 x22 x23 x24 x25 x26 x27 x28 x29 x30 x31 x32 x33 x34 x35 x36 x37 x38 x39
1 19.2148183720 12.0000000000 7.0000000000 0.8017526471 67.0000000000 5.6377069399 0.8883986030 5.5697976011 -0.3205593355 5.0340023177 -0.2869002515 31.0226453173 -656.3134455028 26.3668735978 6.7344837739 0.945972 -1.362852 0.484879 -3.401471 1.506286 -3.069443 0.010254 -0.240455 -1.613964 5.000000 -1.195646 0.944914 2.191912 -2.430338 2.684713 -0.244300 2.025031 -1.827738 -2.059060 2.419593 1.003745 0.277692 1.281522 1.054665 -2.308720 -4.426667 -3.363513 -3.576189 -4.437070 -1.294862 -1.056809 -0.078418 0.429952 -0.768718 -0.507808 0.146504 -1.994408 -1.427713 0.070833 -1.355891
2 9.4878906532 12.0000000000 7.0000000000 0.8017526471 67.0000000000 5.6377069399 0.8883986030 5.5697976011 -0.3205593355 5.0340023177 -0.2869002515 31.0226453173 -656.3134455028 26.3668735978 6.7344837739 -1.143762 -0.211725 2.671663 0.637331 -0.675191 -1.170537 -0.229840 4.483636 -5.000000 1.070272 0.464981 1.735224 -2.296425 4.228688 2.001886 -0.102830 0.319575 -1.432527 0.101046 -0.286675 1.887151 0.715288 -0.166898 1.355612 1.112121 0.445439 -3.057971 2.058422 -2.332518 -2.019123 -0.210536 1.024044 2.815456 -3.375393 2.942468 3.272926 -0.922790 -0.402725 -1.143633 -1.206598
11 8.3405171947 12.0000000000 7.0000000000 0.8017526471 67.0000000000 5.6377069399 0.8883986030 5.5697976011 -0.3205593355 5.0340023177 -0.2869002515 31.0226453173 -656.3134455028 26.3668735978 6.7344837739 0.601748 1.735519 1.416325 -0.810166 -1.678339 -2.368771 4.279087 2.271114 2.909401 -0.294458 4.054898 1.028554 0.475938 -1.051301 -2.823503 1.365831 0.149439 -0.007263 -2.697830 -4.004379 -2.219703 1.773504 3.807876 -1.304756 -0.658830 -3.140089 -2.023669 0.639530 -1.546446 0.204053 2.465019 -0.375216 -2.319979 3.327423 1.213886 0.410209 0.631770 -0.434736 1.382947 -2.780913
18 7.3266103034 12.0000000000 7.0000000000 1.8885038084 1.0000000000 6.3121990100 0.9980235295 3.1939918631 0.0000694684 2.7086255222 0.0000589118 10.2015840213 -1294.2548793054 26.9164608406 6.8899875509 3.550870 0.771922 -0.367855 0.030722 -0.266323 -5.000000 3.796159 4.117217 0.723215 -0.989655 -0.013321 3.752547 1.391939 -1.531475 -3.092886 0.109182 -0.278175 0.011651 -0.525239 -2.275871 -1.297328 -2.013030 0.150198 -2.518692 0.140275 -1.572871 -2.263548 3.303479 0.533271 1.132032 2.417868 1.625572 -3.770501 0.706664 4.302752 1.610907 0.876135 1.310759 -0.164864 -0.163073
213 7.0317358815 12.0000000000 7.0000000000 1.4301730349 14.0000000000 6.1592374160 0.9734302214 5.5982033136 0.0024706619 5.0406012395 0.0279645936 31.3398803399 -1037.7151789825 24.3509082163 6.2344335440 0.572326 -1.994836 3.627258 3.805579 0.048397 -1.434038 1.229451 1.994733 -2.231458 3.204007 1.101367 3.692883 -1.992420 -2.089781 -0.608785 0.506788 2.391449 -2.219558 -2.906728 -1.471153 -2.838521 2.011947 0.128534 -2.609694 -0.707609 -2.113227 -0.690576 1.413816 -0.587599 3.258359 -3.716891 2.849247 -4.823387 3.096788 2.340763 2.532223 -0.750296 -0.703315 5.000000 -0.886695
353 6.7653804161 12.0000000000 7.0000000000 1.2302991230 23.0000000000 6.0622350102 0.9577407269 4.6729398050 0.0258971576 4.2415219263 0.0112868547 21.8363664214 -927.7592817530 24.1056705994 6.1532919592 0.838224 -0.677098 2.872609 4.588335 -1.314869 -2.188169 4.082878 3.455145 -0.716201 3.883220 1.928804 0.858215 -3.131506 -0.696283 3.067560 0.672934 0.289991 -2.600012 -4.382931 -1.919875 -1.938100 2.893254 -3.423922 -3.120951 0.925487 -0.424103 -0.958841 -0.237572 -0.330705 -0.537825 -3.366170 5.000000 0.378893 3.323300 2.470498 5.000000 -2.222429 -0.053194 2.144198 -2.540027
427 6.5109408355 12.0000000000 7.0000000000 1.2064859042 28.0000000000 6.0116456367 0.9495247703 6.5137101211 -0.0948338764 5.8582080933 -0.0790976520 42.4284195413 -910.8753798721 24.1914169711 6.1758181246 1.742471 0.252643 3.545019 2.542085 -2.685939 -0.324393 4.916015 4.318325 -1.291108 3.663360 2.017081 2.273343 -2.273966 -0.810436 3.649638 -1.308883 -2.204647 -2.312197 -1.442792 -3.665342 -3.896088 2.375268 -4.359963 -2.352348 -0.329236 -3.767293 -3.230846 -1.612305 -1.319243 1.210355 -4.146471 5.000000 -3.799492 3.467328 1.827830 4.226665 -2.394433 -0.929161 1.826725 -3.848891
623 5.4693343152 12.0000000000 7.0000000000 1.0188586364 41.0000000000 5.8799498426 0.9281874838 5.2935360245 -0.1822091769 4.8287415661 -0.1838267295 28.0215236432 -804.3283401950 24.8886592465 6.3282970447 -1.220780 2.553081 4.541574 3.735028 -4.310956 0.433941 3.701782 3.430822 -0.627928 3.141038 2.701197 4.779803 -4.174656 -0.091457 1.993860 -1.710692 0.627807 -0.203977 -4.291012 0.195140 -3.369685 1.301559 -3.334586 -5.000000 -1.448227 -4.399571 -2.276958 0.214294 -0.847066 -3.351590 -1.983116 2.792226 -1.033232 4.326248 2.435840 3.947328 -1.455082 -1.718590 3.332881 -3.049406
1005 11.0237090579 12.0000000000 7.0000000000 0.7251775937 67.0000000000 5.6181950703 0.8859723085 6.2715053652 -0.1695930733 5.5234723928 -0.1760356904 39.3317795455 -550.4610383289 24.3479621053 6.1978199663 -2.760994 1.488471 4.346815 -2.101775 -4.108721 3.352963 3.605631 4.090811 -1.371806 4.553178 1.279003 2.969360 -5.000000 0.389987 2.444910 -3.410970 0.491190 1.464579 -0.527611 -4.379094 -3.578543 1.759323 -3.147211 -3.712557 -4.705948 -4.687483 -1.944520 -2.968679 -0.613962 -3.431978 -2.261757 1.414885 -2.853844 2.807549 2.401392 1.656780 -0.971389 -0.410466 1.679493 -3.772698
evaluations raw_y rep iid sigma t d_norm d_mean ps_norm ps_mean pc_norm pc_mean ps_squared loglikelihood mhl_norm mhl_mean x0 x1 x2 x3 x4 x5 x6 x7 x8 x9 x10 x11 x12 x13 x14 x15 x16 x17 x18 x19 x20 x21 x22 x23 x24 x25 x26 x27 x28 x29 x30 x31 x32 x33 x34 x35 x36 x37 x38 x39
1 15.9522777388 13.0000000000 7.0000000000 0.7251775937 67.0000000000 5.6181950703 0.8859723085 6.2715053652 -0.1695930733 5.5234723928 -0.1760356904 39.3317795455 -550.4610383289 24.3479621053 6.1978199663 -1.424781 1.507533 -0.089006 0.903625 2.690203 1.064676 2.700376 1.722423 2.957371 -2.090754 -1.577978 -2.523212 1.125694 -0.486653 1.827481 0.634702 0.254607 4.300766 1.212577 -0.053543 -1.968322 2.381411 1.905661 -2.174363 -0.290423 0.475716 -3.278187 -0.556269 2.798477 -3.230216 0.981744 3.785484 -1.241959 -0.907505 0.434903 1.028658 0.794483 -3.025690 -1.528068 0.202540
2 11.1323795318 13.0000000000 7.0000000000 0.7251775937 67.0000000000 5.6181950703 0.8859723085 6.2715053652 -0.1695930733 5.5234723928 -0.1760356904 39.3317795455 -550.4610383289 24.3479621053 6.1978199663 -0.634532 2.276666 -0.644247 -0.740232 3.699225 -0.163303 -1.960549 -0.004778 -0.464852 1.421950 0.906317 -0.665352 -0.768915 -1.060655 2.700612 4.030442 -0.115065 1.129309 0.719065 -1.023930 -1.046328 -0.962743 -3.848319 -1.514906 0.906962 1.844688 -0.414699 -0.751840 1.279768 4.107386 -1.856670 -1.549320 -0.874291 1.095837 -1.708286 0.931316 -1.441999 1.124523 -0.629716 -0.859794
6 11.1104453416 13.0000000000 7.0000000000 0.7251775937 67.0000000000 5.6181950703 0.8859723085 6.2715053652 -0.1695930733 5.5234723928 -0.1760356904 39.3317795455 -550.4610383289 24.3479621053 6.1978199663 1.487090 -1.325162 -0.610362 0.082895 -2.133926 5.000000 1.050659 -2.553756 -2.828309 0.253460 -0.769698 -3.101914 -3.441591 0.035964 -0.930883 0.800955 -0.234479 2.201673 -3.660708 1.203871 -1.627068 -1.871910 1.926063 -3.855755 -0.176193 -0.723696 2.390051 -2.923012 0.700426 0.946951 -0.036844 0.215349 -0.311599 -2.926956 -1.066989 -3.864712 1.879958 1.901214 -2.822485 2.409487
8 9.8266339390 13.0000000000 7.0000000000 0.7251775937 67.0000000000 5.6181950703 0.8859723085 6.2715053652 -0.1695930733 5.5234723928 -0.1760356904 39.3317795455 -550.4610383289 24.3479621053 6.1978199663 -1.734031 0.742319 -0.322548 0.899033 -4.653852 -0.831623 5.000000 0.749536 1.999048 0.678243 -0.698438 1.687684 1.483801 -0.703994 -0.380992 1.344544 -1.599374 -1.689385 2.344555 2.298126 -0.387610 3.133280 1.715810 0.819531 -1.018002 1.543774 -1.067687 -0.142302 -1.238369 2.425190 0.281228 0.039784 1.358641 4.979415 2.105064 -3.068193 0.030350 0.234105 -1.115369 -1.914131
12 8.3722150707 13.0000000000 7.0000000000 0.7251775937 67.0000000000 5.6181950703 0.8859723085 6.2715053652 -0.1695930733 5.5234723928 -0.1760356904 39.3317795455 -550.4610383289 24.3479621053 6.1978199663 -1.746518 1.112036 0.534764 -2.063870 -1.271806 0.399558 -0.393033 -0.529782 -1.072337 -5.000000 0.962680 0.616182 -0.275057 -3.600731 -0.839972 -0.057067 -0.463626 -0.233150 -4.472108 1.166655 1.085088 1.252335 2.514251 0.364964 2.623236 -2.509721 1.270174 -0.537757 2.722742 -1.045270 -1.134479 -1.369580 0.880758 -1.676960 1.599753 1.358053 -0.002481 0.162687 -1.374294 3.673348
60 7.4950798612 13.0000000000 7.0000000000 1.7227350738 3.0000000000 6.2896077137 0.9944021028 4.1597850640 -0.0469643852 3.6215132116 -0.0458234260 17.3038117788 -1212.7119035887 26.0684036162 6.6821022125 -2.842634 -1.719549 -2.365839 -3.723066 2.178185 3.312045 -2.606587 -1.985118 -2.297111 -1.216100 1.990622 -0.694053 -3.024638 0.128722 -2.129587 2.898241 2.742648 -0.928152 -0.804904 0.400206 -0.167560 0.423770 0.256793 0.658498 -0.785294 0.214210 -0.779716 -2.233456 -0.484715 2.564542 -1.124849 -0.697710 0.212450 0.438616 0.528810 0.422897 -0.934901 -0.346283 -1.386068 2.531784
66 5.1214442182 13.0000000000 7.0000000000 1.6519779042 4.0000000000 6.2761696925 0.9922571895 4.0250973484 -0.0965071083 3.5486377844 -0.0887384202 16.2014086641 -1187.9680818643 26.1541397321 6.6313135113 -2.447524 -4.850473 -2.705120 -1.812530 -1.469818 5.000000 -1.489274 1.437624 1.373089 -0.137483 1.045764 0.303578 -0.408898 -2.153629 -0.243432 2.641660 2.592881 -0.828237 -1.526359 1.942503 0.824883 0.125527 -0.388432 -2.217898 2.470735 -0.234398 1.820232 -4.396967 0.551659 1.747695 3.495527 -3.042050 -3.140392 -0.379763 -2.172973 1.048969 2.292381 0.807942 -2.869558 3.140703
1005 8.1996221750 13.0000000000 7.0000000000 0.8751686336 67.0000000000 5.6188791050 0.8854210660 5.7495707088 -0.0557013908 5.0370034459 -0.0472316181 33.0575633350 -685.0510486629 25.5550784628 6.4826529942 -2.868637 5.000000 1.970874 -3.290239 1.064714 -0.639407 0.254937 3.034577 -3.459499 3.573839 2.678261 0.172734 0.386084 -1.113871 -0.762334 -4.805654 -2.760587 -0.468359 -4.551146 -2.762856 4.339132 2.863412 3.124989 -3.474635 1.592848 -0.660837 -2.616538 3.181044 3.249007 0.685697 -2.005265 -3.919745 -3.664678 -2.112362 -3.088161 2.587222 -0.893706 2.135835 -1.268885 2.164306
evaluations raw_y rep iid sigma t d_norm d_mean ps_norm ps_mean pc_norm pc_mean ps_squared loglikelihood mhl_norm mhl_mean x0 x1 x2 x3 x4 x5 x6 x7 x8 x9 x10 x11 x12 x13 x14 x15 x16 x17 x18 x19 x20 x21 x22 x23 x24 x25 x26 x27 x28 x29 x30 x31 x32 x33 x34 x35 x36 x37 x38 x39
1 17.8959153689 14.0000000000 7.0000000000 0.8751686336 67.0000000000 5.6188791050 0.8854210660 5.7495707088 -0.0557013908 5.0370034459 -0.0472316181 33.0575633350 -685.0510486629 25.5550784628 6.4826529942 3.102678 0.158372 0.347953 -0.144673 -4.008659 0.289356 -3.002337 0.422219 -1.116410 2.169058 -0.372578 0.029323 -2.151139 1.284504 -0.360673 1.240601 1.621949 1.555872 -0.474979 -3.783825 -2.344244 1.672414 2.018547 2.586199 -1.098662 -1.963426 1.829346 1.746141 0.044222 -0.008287 -2.698252 -0.416436 2.653081 -1.832521 -0.940026 -0.298885 -0.650520 -3.611447 -1.000740 -1.129561
3 17.2280032703 14.0000000000 7.0000000000 0.8751686336 67.0000000000 5.6188791050 0.8854210660 5.7495707088 -0.0557013908 5.0370034459 -0.0472316181 33.0575633350 -685.0510486629 25.5550784628 6.4826529942 -1.632498 -1.022753 -1.019616 -1.546922 -0.497033 -3.801384 1.599640 2.551948 -1.401988 -2.942301 0.522371 0.917017 -0.419033 1.864008 -1.173946 -2.266227 2.969538 -1.021326 -0.896438 -4.659827 -0.786878 -1.277527 -0.077215 1.342406 0.352363 -2.348591 2.080978 0.719458 1.086232 -0.169380 0.153202 -2.810301 -3.112469 -1.384754 -1.472439 0.364633 -5.000000 -1.262037 -1.800881 2.056018
4 16.6480082328 14.0000000000 7.0000000000 0.8751686336 67.0000000000 5.6188791050 0.8854210660 5.7495707088 -0.0557013908 5.0370034459 -0.0472316181 33.0575633350 -685.0510486629 25.5550784628 6.4826529942 -1.298124 -1.247383 -0.069345 0.710076 -4.143550 -2.719459 1.041762 0.386391 -0.234413 2.796801 -3.380460 -0.083700 -1.263860 0.311078 -1.703814 0.298094 4.969216 1.044917 0.284705 3.091047 1.238870 4.274390 -1.787897 -2.217285 -4.146712 -1.916862 -3.893622 3.008469 0.229354 1.075617 0.349972 -0.018303 -0.502274 -3.019552 3.055870 -0.771743 3.567013 1.356884 -2.765422 -0.861437
5 11.0733455833 14.0000000000 7.0000000000 0.8751686336 67.0000000000 5.6188791050 0.8854210660 5.7495707088 -0.0557013908 5.0370034459 -0.0472316181 33.0575633350 -685.0510486629 25.5550784628 6.4826529942 -0.886445 -1.276150 -1.341058 -0.323441 -1.456873 -1.719196 -0.043791 -0.185261 -1.287170 0.585548 -1.146496 0.546081 -0.279391 2.042298 -3.905162 3.208169 -1.159593 2.150269 -1.495657 -0.675695 0.570313 -1.170357 -1.422365 -0.794318 2.624183 -3.945430 -0.531741 2.450658 -1.010807 2.723290 -4.965571 -3.194643 -1.496752 -2.195579 -1.955386 0.722552 -2.787243 0.091457 0.023384 -0.905595
15 10.1761590176 14.0000000000 7.0000000000 0.8751686336 67.0000000000 5.6188791050 0.8854210660 5.7495707088 -0.0557013908 5.0370034459 -0.0472316181 33.0575633350 -685.0510486629 25.5550784628 6.4826529942 3.829557 -2.530119 1.114151 1.140417 0.906047 0.260836 -1.807462 -0.990521 1.807190 -2.134616 -1.220896 -1.967559 1.456655 2.372345 -2.272664 -1.437160 -5.000000 1.911042 2.601697 1.333753 -2.182402 1.078842 4.299685 -2.199766 -1.324967 2.591686 -1.031743 1.965357 -1.301233 -0.462759 -3.362864 -1.164611 0.675882 0.508010 2.646798 1.793114 -0.282362 2.727385 2.926465 0.154409
22 8.0700119768 14.0000000000 7.0000000000 1.8886941377 1.0000000000 6.3109051414 0.9978180246 3.1994227372 -0.1108127888 2.7132311082 -0.0939734229 10.2363058514 -1308.8372178477 27.4695788004 7.0221271480 -2.722694 -2.513981 -3.219151 -0.729830 -1.030989 0.783357 0.714528 1.473675 -0.266834 -0.824819 -2.053396 1.759326 3.255325 3.388990 -2.855167 -1.073652 -0.980926 2.151566 -1.113443 -2.276556 -0.187166 -1.165057 5.000000 -3.623149 3.225220 -4.330048 1.118738 1.050931 1.881550 -3.649643 -4.344196 -1.571828 0.287343 -1.596552 -0.930693 2.224230 3.275891 -3.556730 -2.117660 0.154931
50 7.2689868271 14.0000000000 7.0000000000 1.7571629887 3.0000000000 6.2877751189 0.9941057155 4.6228339138 -0.1140885233 4.0826869652 -0.1015079320 21.3705933946 -1221.0488004714 25.9326042329 6.6145819578 2.015840 -2.511500 -0.539272 -2.196104 -3.496547 -4.218323 -0.400166 2.297636 3.622891 2.272366 -0.691953 0.238488 1.012735 2.636610 -4.198696 0.342394 -2.433295 -0.487110 -2.081981 -3.211898 0.494574 1.772056 4.609816 -0.743601 0.603657 -4.845331 -0.235853 4.616858 -0.273434 -4.319310 -0.599953 0.011176 -1.693601 4.011445 2.939555 0.666729 3.532631 1.958390 1.036210 5.000000
78 6.8312702906 14.0000000000 7.0000000000 1.6536359572 5.0000000000 6.2654578395 0.9905197024 4.0159819965 0.0204062158 3.6542663343 0.0093053541 16.1281113965 -1181.9030768346 25.9866739016 6.6397778977 5.000000 -1.870355 -2.714512 -0.144437 -1.003377 -2.774877 0.838656 1.577944 1.935175 -0.663098 -1.437173 0.471291 1.686406 1.414418 -1.625205 -0.265639 -4.376130 0.133420 -1.970091 -1.292635 0.488943 -1.540189 3.457293 0.724907 1.435481 -2.968103 2.199558 0.043146 -1.457938 -0.775065 1.781172 -1.011033 2.672217 0.310458 -1.753366 0.630513 2.682039 1.721215 -1.954968 4.019336
82 6.4450064392 14.0000000000 7.0000000000 1.6536359572 5.0000000000 6.2654578395 0.9905197024 4.0159819965 0.0204062158 3.6542663343 0.0093053541 16.1281113965 -1181.9030768346 25.9866739016 6.6397778977 1.032975 -0.909397 -2.251917 0.791481 2.960779 -4.164758 -0.738186 1.152934 -3.361416 -1.365089 -1.387458 0.246355 1.697343 0.918193 -0.738109 -1.789669 -4.881234 -1.036243 -0.775522 -1.521691 -1.785378 -0.506138 1.460751 -1.432603 1.763254 -1.752175 -0.627814 2.425599 -2.908829 -1.442172 1.430023 -5.000000 -1.130035 1.790418 2.020251 4.498162 3.332809 4.004398 -2.350606 1.460210
421 5.1938926836 14.0000000000 7.0000000000 1.0559917883 28.0000000000 6.0131067155 0.9498465575 5.1940202250 -0.0244169341 4.8242380093 -0.0504657443 26.9778460978 -848.5157850919 24.9681062155 6.3720991964 2.034051 -2.540454 -0.226693 -1.407389 0.865641 -1.631731 -3.214030 -0.635404 1.908995 -2.363759 -4.604195 -1.203381 -1.878814 2.587063 -3.485918 -1.152733 -4.153758 -1.229885 0.539111 0.987372 -0.250797 3.563385 0.154598 0.395118 3.443944 -2.086440 2.011962 5.000000 -1.234769 -4.048106 1.832128 -3.880295 -0.392587 -3.165991 -2.658578 4.758166 -1.086015 1.980476 -0.112353 3.500316
1005 15.5198935618 14.0000000000 7.0000000000 0.8289750056 67.0000000000 5.6312841437 0.8879145927 6.5291578963 0.2471095978 5.4772495522 0.2494246684 42.6299028344 -668.5945018688 26.1337475939 6.6570687568 0.429261 -1.463008 4.858353 0.953183 -3.082393 -3.646578 -2.949477 -1.329838 1.962540 -1.121952 -3.921214 -3.689709 -0.534988 0.520931 -0.354241 2.002186 -2.632293 -0.151963 1.394595 -1.841077 4.643206 4.858958 0.722238 0.612985 0.559362 -3.035966 2.825927 3.738337 -0.973625 -3.250752 0.284906 0.359330 -1.169007 -5.000000 -1.565606 4.710392 3.940293 2.714068 1.483039 3.110634
evaluations raw_y rep iid sigma t d_norm d_mean ps_norm ps_mean pc_norm pc_mean ps_squared loglikelihood mhl_norm mhl_mean x0 x1 x2 x3 x4 x5 x6 x7 x8 x9 x10 x11 x12 x13 x14 x15 x16 x17 x18 x19 x20 x21 x22 x23 x24 x25 x26 x27 x28 x29 x30 x31 x32 x33 x34 x35 x36 x37 x38 x39
1 12.1003058332 15.0000000000 7.0000000000 0.8289750056 67.0000000000 5.6312841437 0.8879145927 6.5291578963 0.2471095978 5.4772495522 0.2494246684 42.6299028344 -668.5945018688 26.1337475939 6.6570687568 -0.624657 0.678569 -0.311817 -1.003579 0.471138 -3.527211 -2.191724 -2.175531 -0.610340 -0.947497 -0.401189 0.710394 1.379035 0.821179 -1.129957 1.198781 -0.325873 3.200429 1.363254 0.029760 -0.175559 -1.964236 0.243381 -2.274875 0.698005 -3.717026 -2.334364 2.849794 2.993131 2.579864 -3.623491 -2.996614 -2.900286 -3.387814 0.454528 -0.979469 -0.001057 -0.980505 -1.586419 4.097798
3 10.7799002909 15.0000000000 7.0000000000 0.8289750056 67.0000000000 5.6312841437 0.8879145927 6.5291578963 0.2471095978 5.4772495522 0.2494246684 42.6299028344 -668.5945018688 26.1337475939 6.6570687568 1.211984 0.337874 -2.077783 0.570476 1.004783 3.867750 0.096650 -2.103537 2.333165 1.470934 -1.126260 -2.426016 3.096256 -3.395751 -1.263586 0.572733 -2.095944 -0.372900 0.995110 -0.809004 -2.568209 -1.228514 -0.215739 2.267246 -2.072493 3.022715 -1.736548 2.784461 4.350186 2.598042 -0.376163 3.338047 2.309148 0.963605 -0.356074 -0.772366 -0.260149 4.719247 1.033999 0.882709
4 9.2149296072 15.0000000000 7.0000000000 0.8289750056 67.0000000000 5.6312841437 0.8879145927 6.5291578963 0.2471095978 5.4772495522 0.2494246684 42.6299028344 -668.5945018688 26.1337475939 6.6570687568 -0.951449 0.656766 -0.565611 -1.440438 0.176918 -0.945031 0.259944 -0.213668 -1.408606 1.034355 1.161692 -5.000000 -0.499235 -0.354188 -0.512672 2.543029 0.161957 -0.835881 -1.533899 1.263132 -3.252894 -0.628051 -1.230944 -0.797969 -0.637128 -2.361661 -2.345687 -0.104641 -1.692368 2.828984 0.671707 -2.225721 1.026212 -0.456638 0.467575 3.083187 1.837349 -1.827138 1.004896 -0.856128
5 8.5805203139 15.0000000000 7.0000000000 0.8289750056 67.0000000000 5.6312841437 0.8879145927 6.5291578963 0.2471095978 5.4772495522 0.2494246684 42.6299028344 -668.5945018688 26.1337475939 6.6570687568 2.046024 -0.064441 -3.188604 -5.000000 -1.355721 -1.656542 -1.578284 4.347262 0.233827 1.738420 -1.903945 1.311677 -1.108050 -3.143231 -0.649880 -0.108623 -2.171203 2.859885 0.101367 -3.093037 -4.909517 1.522695 1.582311 1.277504 -1.845371 -1.803924 1.174751 -0.822804 0.010137 1.360148 2.245806 -1.534834 -0.302611 0.537636 -1.211318 1.963152 -2.074587 0.947485 -0.838452 2.581028
62 8.5147708383 15.0000000000 7.0000000000 1.7387057078 4.0000000000 6.2806633925 0.9929576553 4.9737122942 0.0542584428 4.4177196022 0.0470340373 24.7378139857 -1188.9216098032 24.9542702111 6.3865564848 0.672067 0.637681 5.000000 -1.348245 1.508617 -2.360434 -1.778386 2.500232 -1.266164 2.475093 -4.040168 0.424836 -0.988948 -3.177585 1.607778 -0.723467 1.576116 1.263168 0.693295 3.849208 -3.712881 -1.132179 2.686709 -1.683496 2.192654 -0.652444 -1.462912 -0.980143 -1.953913 0.166534 0.457779 -2.137462 -0.131844 4.899982 -1.703364 0.509334 -1.331519 0.376884 -1.421400 1.881510
98 6.6466929456 15.0000000000 7.0000000000 1.6545262726 6.0000000000 6.2539201639 0.9886791247 4.8764980363 0.1354375444 4.3101557561 0.1198507185 23.7802330979 -1197.0808563086 26.6230473324 6.7564602221 0.765746 -1.891988 4.334920 0.613052 1.451210 -3.356688 -0.482853 0.635940 -1.822382 2.397885 -2.499143 0.364766 0.737947 -2.137124 -3.998934 -0.735986 1.145840 2.002422 0.046417 -2.336558 -3.910058 0.057435 3.024185 -2.682905 1.950435 0.687088 -1.310316 -1.789720 -0.369255 -0.811315 -1.384061 2.726649 -4.064795 4.343903 -0.515686 2.676030 -2.876280 0.757121 -2.266339 -2.487535
213 5.4502877245 15.0000000000 7.0000000000 1.4614721472 14.0000000000 6.1639261429 0.9741458689 5.1708044209 -0.0060365904 4.7203780964 -0.0183640393 26.7372183591 -1068.2794899028 25.0107944533 6.3999246815 -3.217616 -3.516710 -0.923985 -0.547567 2.070594 -4.646631 -1.549650 0.954387 -0.830598 -0.349057 1.820473 2.170967 2.803426 0.188953 0.439166 -2.504503 2.494613 -0.948157 1.519110 -1.044742 -4.527265 1.838166 3.743184 -2.690932 3.788520 1.319215 -1.966587 3.189227 -1.182473 2.604283 -2.749692 -1.909252 -3.226921 0.711551 0.547634 1.016504 -1.513585 2.840683 -3.044812 -0.074002
232 3.9704949573 15.0000000000 7.0000000000 1.4199496556 15.0000000000 6.1528343705 0.9723503879 4.7319684069 -0.0494023661 4.2459267494 -0.0518775820 22.3915250043 -1062.6145201043 25.5255604919 6.5174178973 -2.304996 -0.729854 0.743174 -1.612564 4.029088 -5.000000 -2.309539 2.294180 -1.605315 -0.738298 2.214530 2.977395 1.051812 -0.844618 -1.414173 -2.184075 3.327319 -0.033871 0.608824 1.919209 -0.407297 1.356749 2.362322 -3.218408 2.909624 -1.293816 -0.676679 0.804464 0.526530 1.970921 -3.494087 -1.396626 -0.436298 1.438815 -1.569773 1.761924 1.019206 5.000000 -2.417626 0.384032
1005 12.2312310257 15.0000000000 7.0000000000 0.6846229798 67.0000000000 5.6284528103 0.8874264603 4.5263286494 -0.2754089343 3.9759699897 -0.2100895635 20.4876510421 -533.4088825255 25.2582826357 6.4373094713 1.599983 -1.719233 2.553811 3.506380 -2.139760 3.093980 0.766363 3.311247 1.199324 1.367557 -3.868202 3.149995 4.449109 2.704882 -0.347560 -3.946562 1.317472 -2.172368 -1.752888 1.215646 -1.115382 -2.747123 1.327350 -1.014943 3.594011 1.258940 4.356154 4.048177 1.154886 -3.761684 -4.213906 -3.211436 -4.707033 1.463385 -0.827859 -0.293927 -0.551636 1.217575 -2.647389 0.792713
evaluations raw_y rep iid sigma t d_norm d_mean ps_norm ps_mean pc_norm pc_mean ps_squared loglikelihood mhl_norm mhl_mean x0 x1 x2 x3 x4 x5 x6 x7 x8 x9 x10 x11 x12 x13 x14 x15 x16 x17 x18 x19 x20 x21 x22 x23 x24 x25 x26 x27 x28 x29 x30 x31 x32 x33 x34 x35 x36 x37 x38 x39
1 14.4166606266 16.0000000000 7.0000000000 0.6846229798 67.0000000000 5.6284528103 0.8874264603 4.5263286494 -0.2754089343 3.9759699897 -0.2100895635 20.4876510421 -533.4088825255 25.2582826357 6.4373094713 0.255897 -3.056947 -1.188936 0.132661 -2.470990 -1.242737 -1.777896 0.997820 -1.573794 0.237487 -1.513726 0.986734 -1.678809 -2.030044 -0.685039 3.768928 -0.541826 -2.903439 -2.160318 5.000000 -0.440446 -0.178801 0.552683 3.224522 1.431930 1.317265 0.421482 -1.128887 0.280372 -0.676896 -2.809655 -4.973284 2.547087 2.159496 1.296805 1.112840 0.467075 -2.157691 -2.363922 -1.406480
4 10.5010445185 16.0000000000 7.0000000000 0.6846229798 67.0000000000 5.6284528103 0.8874264603 4.5263286494 -0.2754089343 3.9759699897 -0.2100895635 20.4876510421 -533.4088825255 25.2582826357 6.4373094713 -1.483704 0.060040 0.825211 1.255622 0.221882 -2.003700 3.447928 3.721118 -1.606971 -0.666321 4.510377 2.957759 0.441151 1.446785 -2.722532 -0.037876 2.519495 -3.854248 1.153076 -2.054473 3.622231 -2.246609 -2.423953 -1.245523 -1.350911 0.486168 2.502407 -2.539410 -0.853848 0.907031 -2.024236 1.324722 0.883576 0.943326 -0.016886 1.410469 2.679896 -0.157846 2.467135 0.444042
5 8.5753138899 16.0000000000 7.0000000000 0.6846229798 67.0000000000 5.6284528103 0.8874264603 4.5263286494 -0.2754089343 3.9759699897 -0.2100895635 20.4876510421 -533.4088825255 25.2582826357 6.4373094713 -3.142300 2.719217 0.768025 2.743870 -0.679769 0.306433 -0.811641 -2.477117 0.731471 3.320709 0.595833 -0.377271 -1.067235 -2.362511 0.690623 1.427211 -0.570297 -0.657573 -1.099045 -1.877326 2.867636 1.666791 0.241682 -2.166164 -0.854145 2.104184 2.003532 5.000000 1.771628 0.300687 0.018955 -3.589009 1.684791 -3.365703 -0.158149 -0.671479 1.038498 1.414213 1.729558 1.420746
20 8.0264985490 16.0000000000 7.0000000000 1.8624830000 1.0000000000 6.3110818743 0.9978537988 2.4463114313 0.0288548080 2.0745643264 0.0244699651 5.9844396187 -1245.2621035897 25.3819285375 6.4906964731 1.616091 -1.732339 -2.295315 0.003454 -3.716442 0.282752 -1.436816 0.948271 -0.301717 2.502678 -2.725435 2.409535 -0.591220 -0.877846 1.085588 -0.327843 2.180166 1.201619 -1.953564 -0.103504 1.017163 0.256048 1.373275 0.240269 1.609663 0.892727 4.752271 -0.188337 -1.412906 1.469746 0.659727 -3.473383 0.619539 -2.349820 1.602632 2.191660 1.914808 -1.193098 -1.848534 -0.721137
31 6.7719369461 16.0000000000 7.0000000000 1.7621300511 2.0000000000 6.2978487848 0.9957423399 3.3004284240 0.0249898262 2.8376355005 0.0215288774 10.8928277821 -1255.1332140510 27.1266078804 6.9181351473 3.721230 1.172725 -0.853048 3.232685 0.174211 -3.210501 -0.409020 1.737492 1.943924 0.472256 -1.287507 -0.538864 -0.522078 1.494758 0.702006 0.594518 0.001247 -0.354590 1.847758 1.877271 1.129308 1.694303 5.000000 -1.295699 2.741246 1.687288 1.396466 -2.253472 -2.641499 0.012766 -1.356049 -4.878225 1.938851 -2.652663 3.909902 0.922856 2.387384 -1.613993 -0.813753 1.501884
38 6.2025415516 16.0000000000 7.0000000000 1.7621300511 2.0000000000 6.2978487848 0.9957423399 3.3004284240 0.0249898262 2.8376355005 0.0215288774 10.8928277821 -1255.1332140510 27.1266078804 6.9181351473 -1.453961 -3.083153 -0.081163 0.750550 0.546854 -0.975918 -2.520520 1.882601 -0.784361 1.276404 -2.121335 2.208009 0.055269 0.099875 0.103426 -2.711892 1.540340 -0.526986 0.989623 -0.045103 3.261599 -1.062893 -0.222799 -3.485353 0.671152 -0.087918 1.171916 -1.953280 -1.332628 0.991569 -3.165670 -1.131258 -0.539068 -1.747236 0.531563 -0.676433 0.064210 -4.896336 1.231065 -0.232920
197 6.1912561330 16.0000000000 7.0000000000 1.3575152773 13.0000000000 6.1706633568 0.9752832139 5.0036156740 0.0778675073 4.5986002841 0.0505946087 25.0361698126 -1025.5507777005 25.0204302772 6.4369201183 -4.424752 -2.946581 2.472346 0.224152 -3.696369 1.721561 0.927288 -0.998205 2.957081 2.315184 -3.625275 5.000000 0.408559 -0.011283 2.180484 1.419421 1.285856 3.059406 1.685535 -0.815572 2.299097 0.019319 5.000000 -4.186484 -0.651600 0.563179 1.113563 -0.896347 -2.467398 0.418833 -2.651323 -0.003554 -2.105967 -2.679869 -3.603510 3.159685 2.210369 -5.000000 1.039294 1.651984
311 5.9480440863 16.0000000000 7.0000000000 1.2054258042 20.0000000000 6.0996875974 0.9638380563 6.3730416936 0.0152259357 5.5776918297 0.0211833550 40.6156604284 -930.2088522473 24.4880648919 6.2516127315 -5.000000 0.184028 4.405815 1.010250 -2.335004 -2.341206 -3.291175 2.364321 -1.976828 0.960870 -3.165544 1.947874 5.000000 -2.808728 4.201142 0.737445 -2.706062 5.000000 3.197577 -2.063854 3.042421 2.369895 3.591999 -1.424668 -1.204538 1.490149 -0.467075 -1.013088 -3.846793 2.039541 0.044544 -1.556256 -2.042477 -3.214047 -0.979618 3.866989 0.796617 -3.133270 1.118329 -0.448440
714 5.8893459871 16.0000000000 7.0000000000 1.0253115218 47.0000000000 5.8344418352 0.9202503925 6.4383458053 0.0404288242 6.2998886017 0.0728965882 41.4522967084 -783.7243631434 24.1769554053 6.1605808675 -4.481426 1.118220 -0.058918 -0.331740 5.000000 -3.186387 -0.501118 -0.945717 -3.334011 -3.705467 0.140737 -1.438382 5.000000 -3.725964 4.137371 2.085962 -0.319115 -0.011469 4.222342 2.240297 3.756331 -0.745956 -0.038462 0.064769 -3.202894 -3.332820 0.234458 4.599285 -1.743467 4.069346 -0.791582 -0.689311 -3.818781 0.358754 0.502643 2.237871 0.274662 1.705897 3.628932 2.197545
932 5.8440644765 16.0000000000 7.0000000000 1.0531988362 62.0000000000 5.7064537535 0.8985840872 6.5206865917 0.0230335208 5.8012522673 -0.0156385752 42.5193536277 -788.3869206802 24.4999824400 6.2632326815 -2.271504 3.925725 -1.319511 0.043786 5.000000 -1.526345 3.023741 -3.352148 -3.449838 -3.097010 -4.302554 0.465232 4.202868 -1.458473 4.162927 3.903090 -3.856953 -0.518753 4.618260 4.251292 2.933822 -2.082567 0.591233 -2.281499 -4.481787 -3.402066 1.130735 3.769520 -2.072381 5.000000 -2.834950 -4.628033 -3.283464 3.764991 0.944612 1.406176 0.144471 0.074640 5.000000 4.129621
1005 15.7636148107 16.0000000000 7.0000000000 0.9802823479 67.0000000000 5.6539309942 0.8900604852 4.8830284920 -0.1611903684 4.4015144952 -0.1554512494 23.8439672536 -778.8057259867 26.4531519641 6.7328989949 -2.221847 3.541860 -0.054679 1.069669 2.470024 0.347262 2.769303 -3.183121 -3.141294 -3.491699 -4.251636 1.343586 3.007369 0.323620 3.444363 2.933644 -2.770359 -0.557428 4.795151 3.558786 2.691678 -1.597170 -2.221413 -2.266965 -5.000000 -4.291725 2.702310 2.974555 -2.304618 3.234146 -3.349238 -3.829915 -2.629074 3.369402 -0.915931 -0.798407 0.299504 -0.914526 3.695375 5.000000
evaluations raw_y rep iid sigma t d_norm d_mean ps_norm ps_mean pc_norm pc_mean ps_squared loglikelihood mhl_norm mhl_mean x0 x1 x2 x3 x4 x5 x6 x7 x8 x9 x10 x11 x12 x13 x14 x15 x16 x17 x18 x19 x20 x21 x22 x23 x24 x25 x26 x27 x28 x29 x30 x31 x32 x33 x34 x35 x36 x37 x38 x39
1 17.9604775195 17.0000000000 7.0000000000 0.9802823479 67.0000000000 5.6539309942 0.8900604852 4.8830284920 -0.1611903684 4.4015144952 -0.1554512494 23.8439672536 -778.8057259867 26.4531519641 6.7328989949 0.552532 -3.709256 1.247802 2.290623 2.074381 3.773278 -0.223397 -0.724203 0.297350 -0.875566 4.342514 2.304621 -3.637625 -0.276099 1.079679 -3.550565 2.629753 -0.946896 -2.184460 -0.500055 -1.964589 2.062538 0.982668 -0.893293 -1.612720 0.262536 -2.425120 0.319982 -1.510446 0.699792 1.955084 -0.277170 0.207713 0.601182 1.936411 1.739248 1.135566 0.930565 -2.330746 -4.071990
2 12.7543383323 17.0000000000 7.0000000000 0.9802823479 67.0000000000 5.6539309942 0.8900604852 4.8830284920 -0.1611903684 4.4015144952 -0.1554512494 23.8439672536 -778.8057259867 26.4531519641 6.7328989949 -2.310827 5.000000 0.253454 -1.388358 1.115349 0.198293 1.275852 1.406221 -1.832186 -1.572028 2.238364 -1.966792 0.489040 -1.162819 0.859128 1.596804 -1.220140 2.370808 -1.421668 -1.562258 -0.460746 0.240390 -1.576940 -5.000000 -1.591162 0.569164 1.045075 0.167109 5.000000 1.222016 -1.671888 -0.007392 0.786189 1.368990 1.550403 1.112006 -1.081960 3.048834 2.416770 0.102555
5 12.4400266300 17.0000000000 7.0000000000 0.9802823479 67.0000000000 5.6539309942 0.8900604852 4.8830284920 -0.1611903684 4.4015144952 -0.1554512494 23.8439672536 -778.8057259867 26.4531519641 6.7328989949 0.293813 0.585117 -1.262101 -0.818094 0.074755 1.867740 -2.757204 -0.655961 0.783612 1.496644 0.321071 -1.224186 1.376991 0.364170 0.936116 -1.431423 0.446975 -0.459108 -0.819845 -2.389461 -2.429198 -3.327470 2.576619 -1.250526 3.910551 -3.789582 -0.497270 2.589940 -2.554287 -2.461377 0.676576 1.020571 0.100827 -1.624627 -0.293592 4.104608 2.290745 0.152960 -1.721311 -0.775398
8 12.2444788898 17.0000000000 7.0000000000 0.9802823479 67.0000000000 5.6539309942 0.8900604852 4.8830284920 -0.1611903684 4.4015144952 -0.1554512494 23.8439672536 -778.8057259867 26.4531519641 6.7328989949 -2.475088 -2.584701 -3.998467 -0.147643 -0.553636 -2.720545 1.171145 -1.950576 -3.288103 -2.542496 -2.105993 0.558600 -1.650140 0.642213 -0.227488 2.715890 -0.230901 -1.527427 -5.000000 -0.312345 1.688364 -0.191667 -0.094005 0.553599 -0.251997 1.079693 -1.662494 -0.399243 -1.106135 1.792436 3.144534 3.265200 -0.951963 -0.033165 1.084640 -0.541497 -2.316438 0.254862 -0.598649 -2.202653
11 9.4922594686 17.0000000000 7.0000000000 0.9802823479 67.0000000000 5.6539309942 0.8900604852 4.8830284920 -0.1611903684 4.4015144952 -0.1554512494 23.8439672536 -778.8057259867 26.4531519641 6.7328989949 3.391183 1.469671 -3.849952 2.693387 1.554036 -1.424652 -2.108912 -0.001624 -1.437086 0.671327 3.036312 -2.924413 -0.061304 3.256839 3.981382 0.746203 -1.173560 1.216901 -1.747107 -1.765952 2.577839 0.399561 1.083236 -2.115279 -0.719057 -0.947853 -1.878202 0.902106 0.340962 -1.809979 1.979573 -0.848703 -2.561832 -1.130047 0.261881 -0.007145 -0.737772 1.553415 0.813790 -3.258837
21 9.1116299981 17.0000000000 7.0000000000 1.8912845769 1.0000000000 6.3095038661 0.9975965178 3.2732842026 -0.0067789952 2.7758684157 -0.0057488435 10.7143894711 -1303.7857484777 27.2871841914 6.9206943700 -0.063211 1.576912 -1.661495 -0.691840 -1.873083 1.563070 -1.790336 -2.720011 0.150470 0.491163 2.808535 -1.609330 3.898934 0.532595 4.962899 3.035519 -1.008648 -1.315743 -2.860846 -1.953851 -0.520842 -3.775919 -1.940866 -3.270986 2.541247 -1.088064 -0.969808 -0.715595 -0.789749 -1.435517 2.239416 4.194855 1.388549 3.469369 -0.318609 -3.213733 -0.110633 2.120366 2.316823 -2.458860
63 9.0630718235 17.0000000000 7.0000000000 1.7668299041 4.0000000000 6.2729554579 0.9917258079 5.7115304618 -0.0624716707 5.1603288305 -0.0576011222 32.6215802159 -1172.2394337171 23.9297017994 6.0857269385 3.142915 3.589358 -1.876969 1.097054 1.698394 -2.039464 -0.707775 -1.438060 -1.916603 -0.537485 3.380547 -1.864637 -3.460703 -0.927048 5.000000 1.086187 1.732979 -2.024161 -2.239073 -1.165743 1.117963 -3.911698 2.049579 -0.273699 1.984283 -3.122194 -3.015057 1.684784 -1.508647 -1.280827 4.683275 -0.671796 -0.586586 2.001040 3.559503 -0.955353 -0.780392 1.158735 -4.325536 0.928440
65 8.7482121680 17.0000000000 7.0000000000 1.7668299041 4.0000000000 6.2729554579 0.9917258079 5.7115304618 -0.0624716707 5.1603288305 -0.0576011222 32.6215802159 -1172.2394337171 23.9297017994 6.0857269385 4.475483 5.000000 -3.719978 -0.992779 1.005035 -0.745034 -3.222034 -3.672330 -1.238935 2.221475 -2.368096 -2.839010 0.813211 -3.349729 4.843000 2.924181 -1.522732 0.013546 0.376674 -0.192723 0.601558 0.797102 0.882768 -1.934743 3.225152 -3.431756 -4.174486 1.836988 -1.891296 -0.524998 5.000000 1.271543 1.203877 -1.828717 1.541185 0.167140 0.221993 2.498428 -3.922254 -1.550815
90 6.7834093122 17.0000000000 7.0000000000 1.7347736574 5.0000000000 6.2624135563 0.9900320537 5.2985003089 -0.0374260603 4.8797002193 -0.0391928779 28.0741055235 -1147.7181152662 23.4413855121 5.9860883898 5.000000 -0.006482 -5.000000 -3.339006 2.906044 -1.458494 -2.901390 -3.876427 -0.381741 3.621342 2.039179 -2.571851 -2.101900 -1.099556 1.981070 2.396219 -5.000000 -2.419051 -1.614714 -1.431921 0.624783 2.133172 -0.264250 -2.193888 2.883342 -5.000000 -1.613990 1.690288 -3.063489 -0.042967 3.072588 1.541607 0.807376 -0.112992 1.873002 -1.027217 -0.155994 1.571550 -2.570828 -1.294819
102 6.5121557801 17.0000000000 7.0000000000 1.6924883618 6.0000000000 6.2515148595 0.9882767117 4.9553796472 -0.1144137312 4.6296303833 -0.1035905272 24.5557874476 -1198.4948108697 26.1519917510 6.6839397429 4.185634 -1.190911 -4.583392 -0.334024 -1.276713 -4.014473 -2.061559 -2.562559 -1.234436 2.535071 -1.484750 -3.743832 0.056061 -3.991000 3.935089 0.950431 -1.996598 -1.014767 -0.242014 2.342399 4.691629 -1.060320 2.858509 0.986137 4.403067 -1.937241 -1.443772 -0.330100 -2.745469 -1.248138 5.000000 1.658956 2.868019 0.638239 1.502324 -1.896422 -0.166576 -0.259233 -1.503052 -1.125847
133 6.0121944557 17.0000000000 7.0000000000 1.6200978214 8.0000000000 6.2299606369 0.9847958740 5.3957794719 -0.0658369624 4.9789119234 -0.0658703907 29.1144361093 -1136.0921518939 24.8256997682 6.3587150729 1.788511 1.278328 -3.598080 -2.269979 0.253541 -1.590991 -2.664730 -1.461623 -1.701750 4.213419 -1.150374 -2.662770 0.709464 -2.216278 2.977989 -0.187634 -2.125148 -3.077262 0.032553 1.484622 2.483993 -2.333060 2.243471 -2.579046 4.073078 -1.416961 -1.193529 0.420898 -3.251879 -1.820672 4.112094 3.252599 2.477473 0.556831 -0.398415 -2.466253 -2.371038 -0.989096 -0.212324 -5.000000
177 5.7151438521 17.0000000000 7.0000000000 1.5261332061 11.0000000000 6.1948321565 0.9791620247 5.1340147354 -0.0737760838 4.7591821778 -0.0835802975 26.3581073028 -1102.0231772010 25.1206332409 6.3960563138 3.476159 1.768566 -4.679156 -0.273087 -0.537485 -2.128986 0.962117 -2.851670 -0.017269 2.858762 -2.540519 -3.735720 -1.010646 -1.124748 -1.200908 0.019137 -3.087447 1.147012 0.610480 1.054291 0.275271 -1.155962 3.418068 -2.389154 4.018147 -2.984208 1.203817 1.350197 -2.016718 -3.004710 5.000000 4.198680 2.570682 -3.400525 4.356290 -3.480995 -1.611080 0.601303 -0.264509 -2.228399
1005 14.3589087323 17.0000000000 7.0000000000 0.6806124780 67.0000000000 5.6264805803 0.8871895268 5.3289579770 -0.0741425294 4.6464993436 -0.0452267762 28.3977931203 -533.7464720359 25.4407931659 6.5157296662 1.777410 2.392445 -2.122442 -1.186615 3.787266 -4.436089 -3.891405 -0.601399 -0.132098 4.777610 -3.628807 1.061236 3.936654 -1.156431 -1.869018 0.212412 -2.494307 -1.439964 -1.107698 1.092228 0.647771 -1.674939 5.000000 -5.000000 2.729036 -4.753291 3.030842 0.843439 3.215883 -4.598436 0.305881 3.155297 2.840448 -5.000000 3.461012 3.472989 -3.057263 0.428961 1.806232 -1.985256
evaluations raw_y rep iid sigma t d_norm d_mean ps_norm ps_mean pc_norm pc_mean ps_squared loglikelihood mhl_norm mhl_mean x0 x1 x2 x3 x4 x5 x6 x7 x8 x9 x10 x11 x12 x13 x14 x15 x16 x17 x18 x19 x20 x21 x22 x23 x24 x25 x26 x27 x28 x29 x30 x31 x32 x33 x34 x35 x36 x37 x38 x39
1 10.3568345145 18.0000000000 7.0000000000 0.6806124780 67.0000000000 5.6264805803 0.8871895268 5.3289579770 -0.0741425294 4.6464993436 -0.0452267762 28.3977931203 -533.7464720359 25.4407931659 6.5157296662 0.158857 4.380405 -0.269784 0.321036 0.885396 1.246783 2.017807 0.788498 -0.672773 -1.291813 1.610915 0.832886 1.149239 -2.203343 -1.989514 2.691039 1.163736 1.074477 4.134094 -0.580648 1.202730 -1.129054 -2.335903 -2.044004 1.767039 -1.067489 -2.700864 0.460188 1.789710 2.741520 4.927403 2.255803 -1.638428 0.134928 2.154433 -1.107090 1.355235 2.082987 -3.502844 0.237339
4 8.3388708634 18.0000000000 7.0000000000 0.6806124780 67.0000000000 5.6264805803 0.8871895268 5.3289579770 -0.0741425294 4.6464993436 -0.0452267762 28.3977931203 -533.7464720359 25.4407931659 6.5157296662 -1.301533 2.919893 1.901549 -2.728160 0.407826 0.618001 1.548280 0.902317 0.407977 -4.176898 1.906919 -0.610301 0.895613 0.358469 1.118302 3.553569 -0.890380 0.230984 0.356020 2.837192 1.949681 -3.084856 -2.103856 -0.302313 1.488085 -0.419696 -0.305568 -4.039975 -1.198828 -1.753427 1.259792 -0.162147 -0.282030 -0.412432 0.862196 0.128764 0.698662 -1.298151 0.123802 3.251490
12 7.1828735252 18.0000000000 7.0000000000 0.6806124780 67.0000000000 5.6264805803 0.8871895268 5.3289579770 -0.0741425294 4.6464993436 -0.0452267762 28.3977931203 -533.7464720359 25.4407931659 6.5157296662 3.129063 0.677220 -1.106545 0.479290 -2.621723 -0.425269 -0.842275 2.688712 -2.071224 0.739920 1.722371 1.989662 2.328300 0.901235 0.218101 -0.195228 -1.478523 -3.843397 2.402091 2.271540 -1.606796 2.825367 -0.896706 -0.045412 0.320326 1.201419 -1.687384 0.159104 0.665658 -1.103144 -0.794358 -2.819023 0.952001 -0.579374 -0.534102 -0.854432 1.655793 -2.415134 0.743025 -5.000000
16 7.0432490881 18.0000000000 7.0000000000 1.8769487507 1.0000000000 6.3110923813 0.9978526210 2.8632492893 -0.0048406943 2.4281433498 -0.0041050912 8.1981964928 -1305.2626145528 27.5043642567 7.0139371992 1.620633 -1.039415 2.555282 -0.017944 -0.854008 -0.262171 -0.456866 5.000000 -1.162387 5.000000 2.046068 1.799071 0.923696 -0.117627 2.568548 2.809287 0.837794 -1.389438 -0.182602 -2.750879 -0.513320 -2.282225 -3.842801 -0.001854 0.331584 -1.957404 2.774161 1.778366 0.504229 -2.583159 0.253982 -0.162229 -2.881616 1.942122 -4.137992 1.741410 2.132329 -2.645377 -1.518144 2.485302
28 6.5818894036 18.0000000000 7.0000000000 1.8769487507 1.0000000000 6.3110923813 0.9978526210 2.8632492893 -0.0048406943 2.4281433498 -0.0041050912 8.1981964928 -1305.2626145528 27.5043642567 7.0139371992 -1.640804 3.858006 1.976063 2.051674 -3.151390 -0.344118 0.941220 0.434979 0.322313 -1.928625 -0.851439 -1.019023 0.659728 -0.228786 -4.381225 4.295251 0.959956 -1.796086 1.013426 3.462314 0.568569 -3.090158 -1.385698 -4.141419 -1.048016 1.341078 1.256546 -3.178523 0.656012 -1.725567 -1.190910 -1.847622 0.820324 1.213725 -0.078245 -1.838439 -0.321798 -0.236187 -2.513506 1.229903
798 5.7680789988 18.0000000000 7.0000000000 0.8095605689 53.0000000000 5.7590072886 0.9086230362 5.3190066364 -0.0090103203 4.6770949215 -0.0039102953 28.2918315983 -677.3538795149 26.2057258186 6.7174502748 -0.962403 3.313031 -1.408408 2.202549 2.752691 -1.263790 -2.144492 -0.239793 1.340081 -4.874968 0.120100 -1.412514 -3.902366 -1.388407 -1.888182 3.718257 -3.800069 1.350395 -1.720203 2.476621 -4.177344 4.106082 -2.282365 1.540168 -2.836331 -2.924248 -1.416919 -0.104304 1.227167 -3.548788 0.994955 3.798469 -3.760433 1.859292 -2.499407 0.118839 0.968679 3.702425 -0.814067 0.595941
1003 5.6518667111 18.0000000000 7.0000000000 0.7188240617 66.0000000000 5.6414301132 0.8893112992 5.0128548151 -0.1470077720 4.6042722918 -0.1347188230 25.1287133973 -614.1862888279 27.3778144172 6.9761988904 -1.625868 2.974423 -1.525260 2.625213 1.496592 -1.899877 -3.250871 0.380423 0.097143 -4.286462 -0.729751 -0.343055 -3.173991 -0.535800 -0.948785 2.085275 -3.258114 1.543654 -4.704405 1.264152 -3.836526 1.848092 -2.775321 1.560428 -3.507721 -3.983713 -1.244641 -2.593334 0.557450 -2.336839 -0.707159 3.205550 -3.458104 2.232957 -1.223619 -0.309502 0.650326 4.056070 -1.035055 0.510507
1005 9.7354855037 18.0000000000 7.0000000000 0.7051176670 67.0000000000 5.6315773033 0.8877320060 5.2477386724 -0.2112658017 4.6171926197 -0.1833507257 27.5387611736 -540.7747952649 24.6504903096 6.3017469731 -0.654735 2.430327 -1.572528 1.981624 3.553995 -2.143145 -3.901016 0.122544 -0.360067 -4.724539 0.014827 -0.484490 -2.822239 -1.464969 -0.316471 2.090638 -3.915815 2.739846 -3.745809 1.037781 -4.915165 4.643079 -3.809715 0.358451 -2.985496 -3.068566 -1.200819 -1.362810 0.943232 -2.436563 -0.722608 2.824223 -3.803924 2.520368 -1.088859 -0.620035 1.065611 4.273021 -1.337463 0.674473
evaluations raw_y rep iid sigma t d_norm d_mean ps_norm ps_mean pc_norm pc_mean ps_squared loglikelihood mhl_norm mhl_mean x0 x1 x2 x3 x4 x5 x6 x7 x8 x9 x10 x11 x12 x13 x14 x15 x16 x17 x18 x19 x20 x21 x22 x23 x24 x25 x26 x27 x28 x29 x30 x31 x32 x33 x34 x35 x36 x37 x38 x39
1 10.6810676042 19.0000000000 7.0000000000 0.7051176670 67.0000000000 5.6315773033 0.8877320060 5.2477386724 -0.2112658017 4.6171926197 -0.1833507257 27.5387611736 -540.7747952649 24.6504903096 6.3017469731 0.442007 -0.680930 -1.155497 -0.808063 -1.206579 -0.487705 2.070687 1.161507 0.504827 -2.925092 -3.096683 0.530545 -0.001792 -2.031985 0.223979 -2.383904 3.111088 -1.866600 1.053068 -0.299929 1.045571 2.684310 3.117043 2.511988 1.817207 -1.681803 2.011170 -2.047608 0.363548 -0.833362 3.956817 3.834889 -2.062014 -0.966624 -1.290160 0.120696 1.095861 1.690297 -2.414363 0.749681
2 7.1639426831 19.0000000000 7.0000000000 0.7051176670 67.0000000000 5.6315773033 0.8877320060 5.2477386724 -0.2112658017 4.6171926197 -0.1833507257 27.5387611736 -540.7747952649 24.6504903096 6.3017469731 1.884696 -0.702528 0.919470 -0.097033 0.830964 -1.403752 0.370929 0.936700 0.079047 1.432281 -0.963377 -0.104982 -0.544557 0.615971 -3.521307 2.300448 -0.435462 -2.441175 -0.687231 3.097524 -0.415951 -0.483348 -0.249192 1.121828 2.617625 1.896513 1.583996 -0.380984 -0.014522 -1.350757 -1.515831 -2.504505 -1.530213 2.654848 0.492101 0.135669 -1.362209 -0.242765 -1.653856 -2.964715
78 6.3944403023 19.0000000000 7.0000000000 1.6401735440 5.0000000000 6.2577813536 0.9893272108 5.1898180363 -0.0942350208 4.6380685506 -0.0847346835 26.9342112498 -1174.5834466389 25.8721953786 6.6127038058 -1.834533 2.272668 1.288455 0.648489 0.102100 -2.643768 1.251921 1.847667 -1.922898 4.816049 -1.672360 0.980255 -2.589884 -5.000000 -3.623225 0.405453 2.240013 0.399968 -0.350065 -2.974529 -2.519782 2.684644 2.304094 3.373119 3.911737 2.076413 -1.934940 -1.037247 -2.406696 -2.770561 0.133722 -1.135199 -3.297726 -1.738984 -2.064481 -1.872089 -0.531197 1.793994 -1.200475 -0.062683
378 5.7178214373 19.0000000000 7.0000000000 1.2483673714 25.0000000000 6.0420550292 0.9544116778 4.6828492713 0.0560725570 4.3439292360 0.0328738866 21.9290772977 -986.9521508166 26.3466927429 6.7154213375 0.582429 -3.746999 3.220648 -1.055399 -2.313014 -4.010828 4.187102 -1.212955 -3.854699 1.139030 0.459958 0.763531 -1.024585 -3.481992 -0.774126 2.946562 3.431811 -0.574546 1.322854 -2.246328 2.703328 3.083040 3.924925 -0.450861 2.854732 2.876530 -4.856668 -4.178181 -1.613881 -3.953768 1.098022 -3.335847 3.072904 -3.838367 -2.710734 -3.708872 3.918985 -0.439190 -3.769148 0.199067
423 4.7455217938 19.0000000000 7.0000000000 1.1703311651 28.0000000000 6.0121649750 0.9495860591 5.2008877073 0.1540012307 4.8310622239 0.1260503760 27.0492329436 -945.9385697782 26.3824708166 6.7401577079 1.196083 0.770399 4.063016 -0.477223 -1.620954 -4.761781 1.939122 -0.740650 -3.983644 2.118891 0.785250 2.292705 0.192062 -0.857454 1.412809 0.153013 0.933692 0.284277 2.658946 -2.443275 2.624116 4.936083 5.000000 -1.006399 3.589032 3.207278 -2.891427 -3.925230 -0.773443 -2.854702 0.378483 -3.201317 0.267340 -4.590827 -2.297078 -2.575270 5.000000 -0.073422 -4.606492 1.016813
1005 24.9252869147 19.0000000000 7.0000000000 0.6385250497 67.0000000000 5.6130794629 0.8851004240 6.4558765038 -0.0813734705 5.5007702648 -0.0670543225 41.6783414325 -519.2824684577 26.5874460829 6.7987021882 4.008957 3.361543 0.932513 0.058875 -0.055845 -4.351332 4.530655 -0.963449 -2.961017 0.635045 0.016306 3.010313 0.354593 2.745944 -0.962844 1.179263 1.541848 -0.334502 4.037874 -2.861127 2.782171 2.767509 3.550642 -2.068113 -0.363585 0.872364 -4.507647 -1.095264 -2.274635 -0.781982 2.876332 -4.369675 4.195874 -0.248390 -2.735739 -0.048496 3.370462 -0.950963 -4.019167 -2.160294
