Loading models...
Switching model dir: ../data/trained_models/auc/switching_models_lookahead_auc_17
Selector model dir: ../data/trained_models/algo_performance_models_trained_algo_features
{'bootstrap': np.False_, 'ccp_alpha': 0.0, 'class_weight': None, 'criterion': 'gini', 'max_depth': None, 'max_features': 0.9892003384497, 'max_leaf_nodes': None, 'max_samples': None, 'min_impurity_decrease': 0.0, 'min_samples_leaf': 1, 'min_samples_split': 2, 'min_weight_fraction_leaf': 0.0, 'monotonic_cst': None, 'n_estimators': 17, 'n_jobs': None, 'oob_score': False, 'random_state': 42, 'verbose': 0, 'warm_start': False}
Loaded switching model for budget 300
{'bootstrap': np.False_, 'ccp_alpha': 0.0, 'class_weight': None, 'criterion': 'gini', 'max_depth': None, 'max_features': 0.9892003384497, 'max_leaf_nodes': None, 'max_samples': None, 'min_impurity_decrease': 0.0, 'min_samples_leaf': 1, 'min_samples_split': 2, 'min_weight_fraction_leaf': 0.0, 'monotonic_cst': None, 'n_estimators': 17, 'n_jobs': None, 'oob_score': False, 'random_state': 42, 'verbose': 0, 'warm_start': False}
Loaded switching model for budget 650
{'bootstrap': np.False_, 'ccp_alpha': 0.0, 'class_weight': None, 'criterion': 'gini', 'max_depth': None, 'max_features': 0.9892003384497, 'max_leaf_nodes': None, 'max_samples': None, 'min_impurity_decrease': 0.0, 'min_samples_leaf': 1, 'min_samples_split': 2, 'min_weight_fraction_leaf': 0.0, 'monotonic_cst': None, 'n_estimators': 17, 'n_jobs': None, 'oob_score': False, 'random_state': 42, 'verbose': 0, 'warm_start': False}
Loaded switching model for budget 800
{'bootstrap': np.False_, 'ccp_alpha': 0.0, 'class_weight': None, 'criterion': 'gini', 'max_depth': None, 'max_features': 0.9892003384497, 'max_leaf_nodes': None, 'max_samples': None, 'min_impurity_decrease': 0.0, 'min_samples_leaf': 1, 'min_samples_split': 2, 'min_weight_fraction_leaf': 0.0, 'monotonic_cst': None, 'n_estimators': 17, 'n_jobs': None, 'oob_score': False, 'random_state': 42, 'verbose': 0, 'warm_start': False}
Loaded switching model for budget 500
{'bootstrap': np.False_, 'ccp_alpha': 0.0, 'class_weight': None, 'criterion': 'gini', 'max_depth': None, 'max_features': 0.9892003384497, 'max_leaf_nodes': None, 'max_samples': None, 'min_impurity_decrease': 0.0, 'min_samples_leaf': 1, 'min_samples_split': 2, 'min_weight_fraction_leaf': 0.0, 'monotonic_cst': None, 'n_estimators': 17, 'n_jobs': None, 'oob_score': False, 'random_state': 42, 'verbose': 0, 'warm_start': False}
Loaded switching model for budget 700
{'bootstrap': np.False_, 'ccp_alpha': 0.0, 'class_weight': None, 'criterion': 'gini', 'max_depth': None, 'max_features': 0.9892003384497, 'max_leaf_nodes': None, 'max_samples': None, 'min_impurity_decrease': 0.0, 'min_samples_leaf': 1, 'min_samples_split': 2, 'min_weight_fraction_leaf': 0.0, 'monotonic_cst': None, 'n_estimators': 17, 'n_jobs': None, 'oob_score': False, 'random_state': 42, 'verbose': 0, 'warm_start': False}
Loaded switching model for budget 550
{'bootstrap': np.False_, 'ccp_alpha': 0.0, 'class_weight': None, 'criterion': 'gini', 'max_depth': None, 'max_features': 0.9892003384497, 'max_leaf_nodes': None, 'max_samples': None, 'min_impurity_decrease': 0.0, 'min_samples_leaf': 1, 'min_samples_split': 2, 'min_weight_fraction_leaf': 0.0, 'monotonic_cst': None, 'n_estimators': 17, 'n_jobs': None, 'oob_score': False, 'random_state': 42, 'verbose': 0, 'warm_start': False}
Loaded switching model for budget 450
{'bootstrap': np.False_, 'ccp_alpha': 0.0, 'class_weight': None, 'criterion': 'gini', 'max_depth': None, 'max_features': 0.9892003384497, 'max_leaf_nodes': None, 'max_samples': None, 'min_impurity_decrease': 0.0, 'min_samples_leaf': 1, 'min_samples_split': 2, 'min_weight_fraction_leaf': 0.0, 'monotonic_cst': None, 'n_estimators': 17, 'n_jobs': None, 'oob_score': False, 'random_state': 42, 'verbose': 0, 'warm_start': False}
Loaded switching model for budget 950
{'bootstrap': np.False_, 'ccp_alpha': 0.0, 'class_weight': None, 'criterion': 'gini', 'max_depth': None, 'max_features': 0.9892003384497, 'max_leaf_nodes': None, 'max_samples': None, 'min_impurity_decrease': 0.0, 'min_samples_leaf': 1, 'min_samples_split': 2, 'min_weight_fraction_leaf': 0.0, 'monotonic_cst': None, 'n_estimators': 17, 'n_jobs': None, 'oob_score': False, 'random_state': 42, 'verbose': 0, 'warm_start': False}
Loaded switching model for budget 250
{'bootstrap': np.False_, 'ccp_alpha': 0.0, 'class_weight': None, 'criterion': 'gini', 'max_depth': None, 'max_features': 0.9892003384497, 'max_leaf_nodes': None, 'max_samples': None, 'min_impurity_decrease': 0.0, 'min_samples_leaf': 1, 'min_samples_split': 2, 'min_weight_fraction_leaf': 0.0, 'monotonic_cst': None, 'n_estimators': 17, 'n_jobs': None, 'oob_score': False, 'random_state': 42, 'verbose': 0, 'warm_start': False}
Loaded switching model for budget 200
{'bootstrap': np.False_, 'ccp_alpha': 0.0, 'class_weight': None, 'criterion': 'gini', 'max_depth': None, 'max_features': 0.9892003384497, 'max_leaf_nodes': None, 'max_samples': None, 'min_impurity_decrease': 0.0, 'min_samples_leaf': 1, 'min_samples_split': 2, 'min_weight_fraction_leaf': 0.0, 'monotonic_cst': None, 'n_estimators': 17, 'n_jobs': None, 'oob_score': False, 'random_state': 42, 'verbose': 0, 'warm_start': False}
Loaded switching model for budget 350
{'bootstrap': np.False_, 'ccp_alpha': 0.0, 'class_weight': None, 'criterion': 'gini', 'max_depth': None, 'max_features': 0.9892003384497, 'max_leaf_nodes': None, 'max_samples': None, 'min_impurity_decrease': 0.0, 'min_samples_leaf': 1, 'min_samples_split': 2, 'min_weight_fraction_leaf': 0.0, 'monotonic_cst': None, 'n_estimators': 17, 'n_jobs': None, 'oob_score': False, 'random_state': 42, 'verbose': 0, 'warm_start': False}
Loaded switching model for budget 100
{'bootstrap': np.False_, 'ccp_alpha': 0.0, 'class_weight': None, 'criterion': 'gini', 'max_depth': None, 'max_features': 0.9892003384497, 'max_leaf_nodes': None, 'max_samples': None, 'min_impurity_decrease': 0.0, 'min_samples_leaf': 1, 'min_samples_split': 2, 'min_weight_fraction_leaf': 0.0, 'monotonic_cst': None, 'n_estimators': 17, 'n_jobs': None, 'oob_score': False, 'random_state': 42, 'verbose': 0, 'warm_start': False}
Loaded switching model for budget 900
{'bootstrap': np.False_, 'ccp_alpha': 0.0, 'class_weight': None, 'criterion': 'gini', 'max_depth': None, 'max_features': 0.9892003384497, 'max_leaf_nodes': None, 'max_samples': None, 'min_impurity_decrease': 0.0, 'min_samples_leaf': 1, 'min_samples_split': 2, 'min_weight_fraction_leaf': 0.0, 'monotonic_cst': None, 'n_estimators': 17, 'n_jobs': None, 'oob_score': False, 'random_state': 42, 'verbose': 0, 'warm_start': False}
Loaded switching model for budget 600
{'bootstrap': np.False_, 'ccp_alpha': 0.0, 'class_weight': None, 'criterion': 'gini', 'max_depth': None, 'max_features': 0.9892003384497, 'max_leaf_nodes': None, 'max_samples': None, 'min_impurity_decrease': 0.0, 'min_samples_leaf': 1, 'min_samples_split': 2, 'min_weight_fraction_leaf': 0.0, 'monotonic_cst': None, 'n_estimators': 17, 'n_jobs': None, 'oob_score': False, 'random_state': 42, 'verbose': 0, 'warm_start': False}
Loaded switching model for budget 750
{'bootstrap': np.False_, 'ccp_alpha': 0.0, 'class_weight': None, 'criterion': 'gini', 'max_depth': None, 'max_features': 0.9892003384497, 'max_leaf_nodes': None, 'max_samples': None, 'min_impurity_decrease': 0.0, 'min_samples_leaf': 1, 'min_samples_split': 2, 'min_weight_fraction_leaf': 0.0, 'monotonic_cst': None, 'n_estimators': 17, 'n_jobs': None, 'oob_score': False, 'random_state': 42, 'verbose': 0, 'warm_start': False}
Loaded switching model for budget 850
{'bootstrap': np.False_, 'ccp_alpha': 0.0, 'class_weight': None, 'criterion': 'gini', 'max_depth': None, 'max_features': 0.9892003384497, 'max_leaf_nodes': None, 'max_samples': None, 'min_impurity_decrease': 0.0, 'min_samples_leaf': 1, 'min_samples_split': 2, 'min_weight_fraction_leaf': 0.0, 'monotonic_cst': None, 'n_estimators': 17, 'n_jobs': None, 'oob_score': False, 'random_state': 42, 'verbose': 0, 'warm_start': False}
Loaded switching model for budget 150
{'bootstrap': np.False_, 'ccp_alpha': 0.0, 'class_weight': None, 'criterion': 'gini', 'max_depth': None, 'max_features': 0.9892003384497, 'max_leaf_nodes': None, 'max_samples': None, 'min_impurity_decrease': 0.0, 'min_samples_leaf': 1, 'min_samples_split': 2, 'min_weight_fraction_leaf': 0.0, 'monotonic_cst': None, 'n_estimators': 17, 'n_jobs': None, 'oob_score': False, 'random_state': 42, 'verbose': 0, 'warm_start': False}
Loaded switching model for budget 400
{'bootstrap': np.False_, 'ccp_alpha': 0.0, 'class_weight': None, 'criterion': 'gini', 'max_depth': None, 'max_features': 0.9892003384497, 'max_leaf_nodes': None, 'max_samples': None, 'min_impurity_decrease': 0.0, 'min_samples_leaf': 1, 'min_samples_split': 2, 'min_weight_fraction_leaf': 0.0, 'monotonic_cst': None, 'n_estimators': 17, 'n_jobs': None, 'oob_score': False, 'random_state': 42, 'verbose': 0, 'warm_start': False}
Loaded switching model for budget 50
Loaded lookahead model for budget (150, 0): 
{'bootstrap': np.False_, 'ccp_alpha': 0.0, 'criterion': 'squared_error', 'max_depth': None, 'max_features': 0.2982217572148, 'max_leaf_nodes': None, 'max_samples': None, 'min_impurity_decrease': 0.0, 'min_samples_leaf': 4, 'min_samples_split': 19, 'min_weight_fraction_leaf': 0.0, 'monotonic_cst': None, 'n_estimators': 103, 'n_jobs': None, 'oob_score': False, 'random_state': 42, 'verbose': 0, 'warm_start': False}
Loaded lookahead model for budget (750, 0): 
{'bootstrap': np.False_, 'ccp_alpha': 0.0, 'criterion': 'squared_error', 'max_depth': None, 'max_features': 0.3149622615709, 'max_leaf_nodes': None, 'max_samples': None, 'min_impurity_decrease': 0.0, 'min_samples_leaf': 2, 'min_samples_split': 16, 'min_weight_fraction_leaf': 0.0, 'monotonic_cst': None, 'n_estimators': 43, 'n_jobs': None, 'oob_score': False, 'random_state': 42, 'verbose': 0, 'warm_start': False}
Loaded lookahead model for budget (900, 0): 
{'bootstrap': np.False_, 'ccp_alpha': 0.0, 'criterion': 'squared_error', 'max_depth': None, 'max_features': 0.1918851867729, 'max_leaf_nodes': None, 'max_samples': None, 'min_impurity_decrease': 0.0, 'min_samples_leaf': 2, 'min_samples_split': 2, 'min_weight_fraction_leaf': 0.0, 'monotonic_cst': None, 'n_estimators': 39, 'n_jobs': None, 'oob_score': False, 'random_state': 42, 'verbose': 0, 'warm_start': False}
Loaded lookahead model for budget (350, 0): 
{'bootstrap': np.False_, 'ccp_alpha': 0.0, 'criterion': 'squared_error', 'max_depth': None, 'max_features': 0.5793424759652, 'max_leaf_nodes': None, 'max_samples': None, 'min_impurity_decrease': 0.0, 'min_samples_leaf': 1, 'min_samples_split': 4, 'min_weight_fraction_leaf': 0.0, 'monotonic_cst': None, 'n_estimators': 72, 'n_jobs': None, 'oob_score': False, 'random_state': 42, 'verbose': 0, 'warm_start': False}
Loaded lookahead model for budget (600, 0): 
{'bootstrap': np.False_, 'ccp_alpha': 0.0, 'criterion': 'squared_error', 'max_depth': None, 'max_features': 0.3675566956309, 'max_leaf_nodes': None, 'max_samples': None, 'min_impurity_decrease': 0.0, 'min_samples_leaf': 2, 'min_samples_split': 2, 'min_weight_fraction_leaf': 0.0, 'monotonic_cst': None, 'n_estimators': 42, 'n_jobs': None, 'oob_score': False, 'random_state': 42, 'verbose': 0, 'warm_start': False}
Loaded lookahead model for budget (50, 0): 
{'bootstrap': np.False_, 'ccp_alpha': 0.0, 'criterion': 'squared_error', 'max_depth': None, 'max_features': 0.3277124575328, 'max_leaf_nodes': None, 'max_samples': None, 'min_impurity_decrease': 0.0, 'min_samples_leaf': 4, 'min_samples_split': 4, 'min_weight_fraction_leaf': 0.0, 'monotonic_cst': None, 'n_estimators': 67, 'n_jobs': None, 'oob_score': False, 'random_state': 42, 'verbose': 0, 'warm_start': False}
Loaded lookahead model for budget (650, 0): 
{'bootstrap': np.False_, 'ccp_alpha': 0.0, 'criterion': 'squared_error', 'max_depth': None, 'max_features': 0.3707172840794, 'max_leaf_nodes': None, 'max_samples': None, 'min_impurity_decrease': 0.0, 'min_samples_leaf': 3, 'min_samples_split': 9, 'min_weight_fraction_leaf': 0.0, 'monotonic_cst': None, 'n_estimators': 38, 'n_jobs': None, 'oob_score': False, 'random_state': 42, 'verbose': 0, 'warm_start': False}
Loaded lookahead model for budget (850, 0): 
{'bootstrap': np.False_, 'ccp_alpha': 0.0, 'criterion': 'squared_error', 'max_depth': None, 'max_features': 0.3538767176581, 'max_leaf_nodes': None, 'max_samples': None, 'min_impurity_decrease': 0.0, 'min_samples_leaf': 2, 'min_samples_split': 3, 'min_weight_fraction_leaf': 0.0, 'monotonic_cst': None, 'n_estimators': 109, 'n_jobs': None, 'oob_score': False, 'random_state': 42, 'verbose': 0, 'warm_start': False}
Loaded lookahead model for budget (400, 0): 
{'bootstrap': np.False_, 'ccp_alpha': 0.0, 'criterion': 'squared_error', 'max_depth': None, 'max_features': 0.6008110255182, 'max_leaf_nodes': None, 'max_samples': None, 'min_impurity_decrease': 0.0, 'min_samples_leaf': 1, 'min_samples_split': 5, 'min_weight_fraction_leaf': 0.0, 'monotonic_cst': None, 'n_estimators': 76, 'n_jobs': None, 'oob_score': False, 'random_state': 42, 'verbose': 0, 'warm_start': False}
Loaded lookahead model for budget (700, 0): 
{'bootstrap': np.False_, 'ccp_alpha': 0.0, 'criterion': 'squared_error', 'max_depth': None, 'max_features': 0.5683567298652, 'max_leaf_nodes': None, 'max_samples': None, 'min_impurity_decrease': 0.0, 'min_samples_leaf': 4, 'min_samples_split': 12, 'min_weight_fraction_leaf': 0.0, 'monotonic_cst': None, 'n_estimators': 17, 'n_jobs': None, 'oob_score': False, 'random_state': 42, 'verbose': 0, 'warm_start': False}
Loaded lookahead model for budget (100, 0): 
{'bootstrap': np.False_, 'ccp_alpha': 0.0, 'criterion': 'squared_error', 'max_depth': None, 'max_features': 0.3574440922944, 'max_leaf_nodes': None, 'max_samples': None, 'min_impurity_decrease': 0.0, 'min_samples_leaf': 8, 'min_samples_split': 2, 'min_weight_fraction_leaf': 0.0, 'monotonic_cst': None, 'n_estimators': 108, 'n_jobs': None, 'oob_score': False, 'random_state': 42, 'verbose': 0, 'warm_start': False}
Loaded lookahead model for budget (300, 0): 
{'bootstrap': np.False_, 'ccp_alpha': 0.0, 'criterion': 'squared_error', 'max_depth': None, 'max_features': 0.3155177193789, 'max_leaf_nodes': None, 'max_samples': None, 'min_impurity_decrease': 0.0, 'min_samples_leaf': 2, 'min_samples_split': 2, 'min_weight_fraction_leaf': 0.0, 'monotonic_cst': None, 'n_estimators': 45, 'n_jobs': None, 'oob_score': False, 'random_state': 42, 'verbose': 0, 'warm_start': False}
Loaded lookahead model for budget (800, 0): 
{'bootstrap': np.False_, 'ccp_alpha': 0.0, 'criterion': 'squared_error', 'max_depth': None, 'max_features': 0.3666148259687, 'max_leaf_nodes': None, 'max_samples': None, 'min_impurity_decrease': 0.0, 'min_samples_leaf': 3, 'min_samples_split': 6, 'min_weight_fraction_leaf': 0.0, 'monotonic_cst': None, 'n_estimators': 37, 'n_jobs': None, 'oob_score': False, 'random_state': 42, 'verbose': 0, 'warm_start': False}
Loaded lookahead model for budget (450, 0): 
{'bootstrap': np.False_, 'ccp_alpha': 0.0, 'criterion': 'squared_error', 'max_depth': None, 'max_features': 0.3693043143977, 'max_leaf_nodes': None, 'max_samples': None, 'min_impurity_decrease': 0.0, 'min_samples_leaf': 2, 'min_samples_split': 2, 'min_weight_fraction_leaf': 0.0, 'monotonic_cst': None, 'n_estimators': 46, 'n_jobs': None, 'oob_score': False, 'random_state': 42, 'verbose': 0, 'warm_start': False}
Loaded lookahead model for budget (550, 0): 
{'bootstrap': np.False_, 'ccp_alpha': 0.0, 'criterion': 'squared_error', 'max_depth': None, 'max_features': 0.3878857807561, 'max_leaf_nodes': None, 'max_samples': None, 'min_impurity_decrease': 0.0, 'min_samples_leaf': 1, 'min_samples_split': 6, 'min_weight_fraction_leaf': 0.0, 'monotonic_cst': None, 'n_estimators': 52, 'n_jobs': None, 'oob_score': False, 'random_state': 42, 'verbose': 0, 'warm_start': False}
Loaded lookahead model for budget (500, 0): 
{'bootstrap': np.False_, 'ccp_alpha': 0.0, 'criterion': 'squared_error', 'max_depth': None, 'max_features': 0.379299782306, 'max_leaf_nodes': None, 'max_samples': None, 'min_impurity_decrease': 0.0, 'min_samples_leaf': 2, 'min_samples_split': 2, 'min_weight_fraction_leaf': 0.0, 'monotonic_cst': None, 'n_estimators': 35, 'n_jobs': None, 'oob_score': False, 'random_state': 42, 'verbose': 0, 'warm_start': False}
Loaded lookahead model for budget (950, 0): 
{'bootstrap': np.False_, 'ccp_alpha': 0.0, 'criterion': 'squared_error', 'max_depth': None, 'max_features': 0.2045766438165, 'max_leaf_nodes': None, 'max_samples': None, 'min_impurity_decrease': 0.0, 'min_samples_leaf': 2, 'min_samples_split': 2, 'min_weight_fraction_leaf': 0.0, 'monotonic_cst': None, 'n_estimators': 51, 'n_jobs': None, 'oob_score': False, 'random_state': 42, 'verbose': 0, 'warm_start': False}
Loaded lookahead model for budget (250, 0): 
{'bootstrap': np.False_, 'ccp_alpha': 0.0, 'criterion': 'squared_error', 'max_depth': None, 'max_features': 0.2022716812943, 'max_leaf_nodes': None, 'max_samples': None, 'min_impurity_decrease': 0.0, 'min_samples_leaf': 3, 'min_samples_split': 14, 'min_weight_fraction_leaf': 0.0, 'monotonic_cst': None, 'n_estimators': 57, 'n_jobs': None, 'oob_score': False, 'random_state': 42, 'verbose': 0, 'warm_start': False}
Loaded lookahead model for budget (200, 0): 
{'bootstrap': np.False_, 'ccp_alpha': 0.0, 'criterion': 'squared_error', 'max_depth': None, 'max_features': 0.3160351226865, 'max_leaf_nodes': None, 'max_samples': None, 'min_impurity_decrease': 0.0, 'min_samples_leaf': 8, 'min_samples_split': 2, 'min_weight_fraction_leaf': 0.0, 'monotonic_cst': None, 'n_estimators': 94, 'n_jobs': None, 'oob_score': False, 'random_state': 42, 'verbose': 0, 'warm_start': False}
Loaded lookahead model for budget (800, 1): 
{'bootstrap': np.False_, 'ccp_alpha': 0.0, 'criterion': 'squared_error', 'max_depth': None, 'max_features': 0.3719289435658, 'max_leaf_nodes': None, 'max_samples': None, 'min_impurity_decrease': 0.0, 'min_samples_leaf': 1, 'min_samples_split': 3, 'min_weight_fraction_leaf': 0.0, 'monotonic_cst': None, 'n_estimators': 40, 'n_jobs': None, 'oob_score': False, 'random_state': 42, 'verbose': 0, 'warm_start': False}
Loaded lookahead model for budget (900, 1): 
{'bootstrap': np.False_, 'ccp_alpha': 0.0, 'criterion': 'squared_error', 'max_depth': None, 'max_features': 0.3657104094171, 'max_leaf_nodes': None, 'max_samples': None, 'min_impurity_decrease': 0.0, 'min_samples_leaf': 2, 'min_samples_split': 3, 'min_weight_fraction_leaf': 0.0, 'monotonic_cst': None, 'n_estimators': 22, 'n_jobs': None, 'oob_score': False, 'random_state': 42, 'verbose': 0, 'warm_start': False}
Loaded lookahead model for budget (300, 1): 
{'bootstrap': np.False_, 'ccp_alpha': 0.0, 'criterion': 'squared_error', 'max_depth': None, 'max_features': 0.3336936393977, 'max_leaf_nodes': None, 'max_samples': None, 'min_impurity_decrease': 0.0, 'min_samples_leaf': 1, 'min_samples_split': 10, 'min_weight_fraction_leaf': 0.0, 'monotonic_cst': None, 'n_estimators': 25, 'n_jobs': None, 'oob_score': False, 'random_state': 42, 'verbose': 0, 'warm_start': False}
Loaded lookahead model for budget (600, 1): 
{'bootstrap': np.False_, 'ccp_alpha': 0.0, 'criterion': 'squared_error', 'max_depth': None, 'max_features': 0.3810533555924, 'max_leaf_nodes': None, 'max_samples': None, 'min_impurity_decrease': 0.0, 'min_samples_leaf': 2, 'min_samples_split': 2, 'min_weight_fraction_leaf': 0.0, 'monotonic_cst': None, 'n_estimators': 50, 'n_jobs': None, 'oob_score': False, 'random_state': 42, 'verbose': 0, 'warm_start': False}
Loaded lookahead model for budget (550, 1): 
{'bootstrap': np.False_, 'ccp_alpha': 0.0, 'criterion': 'squared_error', 'max_depth': None, 'max_features': 0.5675751558801, 'max_leaf_nodes': None, 'max_samples': None, 'min_impurity_decrease': 0.0, 'min_samples_leaf': 1, 'min_samples_split': 3, 'min_weight_fraction_leaf': 0.0, 'monotonic_cst': None, 'n_estimators': 67, 'n_jobs': None, 'oob_score': False, 'random_state': 42, 'verbose': 0, 'warm_start': False}
Loaded lookahead model for budget (100, 1): 
{'bootstrap': np.False_, 'ccp_alpha': 0.0, 'criterion': 'squared_error', 'max_depth': None, 'max_features': 0.2412254012185, 'max_leaf_nodes': None, 'max_samples': None, 'min_impurity_decrease': 0.0, 'min_samples_leaf': 5, 'min_samples_split': 12, 'min_weight_fraction_leaf': 0.0, 'monotonic_cst': None, 'n_estimators': 87, 'n_jobs': None, 'oob_score': False, 'random_state': 42, 'verbose': 0, 'warm_start': False}
Loaded lookahead model for budget (950, 1): 
{'bootstrap': np.False_, 'ccp_alpha': 0.0, 'criterion': 'squared_error', 'max_depth': None, 'max_features': 0.2319795454294, 'max_leaf_nodes': None, 'max_samples': None, 'min_impurity_decrease': 0.0, 'min_samples_leaf': 2, 'min_samples_split': 2, 'min_weight_fraction_leaf': 0.0, 'monotonic_cst': None, 'n_estimators': 36, 'n_jobs': None, 'oob_score': False, 'random_state': 42, 'verbose': 0, 'warm_start': False}
Loaded lookahead model for budget (150, 1): 
{'bootstrap': np.False_, 'ccp_alpha': 0.0, 'criterion': 'squared_error', 'max_depth': None, 'max_features': 0.170768193385, 'max_leaf_nodes': None, 'max_samples': None, 'min_impurity_decrease': 0.0, 'min_samples_leaf': 3, 'min_samples_split': 13, 'min_weight_fraction_leaf': 0.0, 'monotonic_cst': None, 'n_estimators': 101, 'n_jobs': None, 'oob_score': False, 'random_state': 42, 'verbose': 0, 'warm_start': False}
Loaded lookahead model for budget (50, 1): 
{'bootstrap': np.False_, 'ccp_alpha': 0.0, 'criterion': 'squared_error', 'max_depth': None, 'max_features': 0.3894612423413, 'max_leaf_nodes': None, 'max_samples': None, 'min_impurity_decrease': 0.0, 'min_samples_leaf': 4, 'min_samples_split': 18, 'min_weight_fraction_leaf': 0.0, 'monotonic_cst': None, 'n_estimators': 44, 'n_jobs': None, 'oob_score': False, 'random_state': 42, 'verbose': 0, 'warm_start': False}
Loaded lookahead model for budget (450, 1): 
{'bootstrap': np.True_, 'ccp_alpha': 0.0, 'criterion': 'squared_error', 'max_depth': None, 'max_features': 0.7710091501298, 'max_leaf_nodes': None, 'max_samples': None, 'min_impurity_decrease': 0.0, 'min_samples_leaf': 1, 'min_samples_split': 4, 'min_weight_fraction_leaf': 0.0, 'monotonic_cst': None, 'n_estimators': 85, 'n_jobs': None, 'oob_score': False, 'random_state': 42, 'verbose': 0, 'warm_start': False}
Loaded lookahead model for budget (250, 1): 
{'bootstrap': np.False_, 'ccp_alpha': 0.0, 'criterion': 'squared_error', 'max_depth': None, 'max_features': 0.2629694135143, 'max_leaf_nodes': None, 'max_samples': None, 'min_impurity_decrease': 0.0, 'min_samples_leaf': 5, 'min_samples_split': 13, 'min_weight_fraction_leaf': 0.0, 'monotonic_cst': None, 'n_estimators': 109, 'n_jobs': None, 'oob_score': False, 'random_state': 42, 'verbose': 0, 'warm_start': False}
Loaded lookahead model for budget (350, 1): 
{'bootstrap': np.False_, 'ccp_alpha': 0.0, 'criterion': 'squared_error', 'max_depth': None, 'max_features': 0.3878857807561, 'max_leaf_nodes': None, 'max_samples': None, 'min_impurity_decrease': 0.0, 'min_samples_leaf': 1, 'min_samples_split': 6, 'min_weight_fraction_leaf': 0.0, 'monotonic_cst': None, 'n_estimators': 52, 'n_jobs': None, 'oob_score': False, 'random_state': 42, 'verbose': 0, 'warm_start': False}
Loaded lookahead model for budget (500, 1): 
{'bootstrap': np.False_, 'ccp_alpha': 0.0, 'criterion': 'squared_error', 'max_depth': None, 'max_features': 0.3703574070618, 'max_leaf_nodes': None, 'max_samples': None, 'min_impurity_decrease': 0.0, 'min_samples_leaf': 2, 'min_samples_split': 2, 'min_weight_fraction_leaf': 0.0, 'monotonic_cst': None, 'n_estimators': 41, 'n_jobs': None, 'oob_score': False, 'random_state': 42, 'verbose': 0, 'warm_start': False}
Loaded lookahead model for budget (750, 1): 
{'bootstrap': np.False_, 'ccp_alpha': 0.0, 'criterion': 'squared_error', 'max_depth': None, 'max_features': 0.2290654629595, 'max_leaf_nodes': None, 'max_samples': None, 'min_impurity_decrease': 0.0, 'min_samples_leaf': 3, 'min_samples_split': 2, 'min_weight_fraction_leaf': 0.0, 'monotonic_cst': None, 'n_estimators': 41, 'n_jobs': None, 'oob_score': False, 'random_state': 42, 'verbose': 0, 'warm_start': False}
Loaded lookahead model for budget (400, 1): 
{'bootstrap': np.False_, 'ccp_alpha': 0.0, 'criterion': 'squared_error', 'max_depth': None, 'max_features': 0.6039897885097, 'max_leaf_nodes': None, 'max_samples': None, 'min_impurity_decrease': 0.0, 'min_samples_leaf': 3, 'min_samples_split': 5, 'min_weight_fraction_leaf': 0.0, 'monotonic_cst': None, 'n_estimators': 46, 'n_jobs': None, 'oob_score': False, 'random_state': 42, 'verbose': 0, 'warm_start': False}
Loaded lookahead model for budget (650, 1): 
{'bootstrap': np.False_, 'ccp_alpha': 0.0, 'criterion': 'squared_error', 'max_depth': None, 'max_features': 0.2056282132138, 'max_leaf_nodes': None, 'max_samples': None, 'min_impurity_decrease': 0.0, 'min_samples_leaf': 3, 'min_samples_split': 2, 'min_weight_fraction_leaf': 0.0, 'monotonic_cst': None, 'n_estimators': 46, 'n_jobs': None, 'oob_score': False, 'random_state': 42, 'verbose': 0, 'warm_start': False}
Loaded lookahead model for budget (700, 1): 
{'bootstrap': np.False_, 'ccp_alpha': 0.0, 'criterion': 'squared_error', 'max_depth': None, 'max_features': 0.3267840514409, 'max_leaf_nodes': None, 'max_samples': None, 'min_impurity_decrease': 0.0, 'min_samples_leaf': 2, 'min_samples_split': 9, 'min_weight_fraction_leaf': 0.0, 'monotonic_cst': None, 'n_estimators': 41, 'n_jobs': None, 'oob_score': False, 'random_state': 42, 'verbose': 0, 'warm_start': False}
Loaded lookahead model for budget (200, 1): 
{'bootstrap': np.False_, 'ccp_alpha': 0.0, 'criterion': 'squared_error', 'max_depth': None, 'max_features': 0.2709934208522, 'max_leaf_nodes': None, 'max_samples': None, 'min_impurity_decrease': 0.0, 'min_samples_leaf': 6, 'min_samples_split': 6, 'min_weight_fraction_leaf': 0.0, 'monotonic_cst': None, 'n_estimators': 87, 'n_jobs': None, 'oob_score': False, 'random_state': 42, 'verbose': 0, 'warm_start': False}
Loaded lookahead model for budget (850, 1): 
{'bootstrap': np.False_, 'ccp_alpha': 0.0, 'criterion': 'squared_error', 'max_depth': None, 'max_features': 0.2191559073966, 'max_leaf_nodes': None, 'max_samples': None, 'min_impurity_decrease': 0.0, 'min_samples_leaf': 3, 'min_samples_split': 2, 'min_weight_fraction_leaf': 0.0, 'monotonic_cst': None, 'n_estimators': 116, 'n_jobs': None, 'oob_score': False, 'random_state': 42, 'verbose': 0, 'warm_start': False}
Loaded lookahead model for budget (450, 2): 
{'bootstrap': np.False_, 'ccp_alpha': 0.0, 'criterion': 'squared_error', 'max_depth': None, 'max_features': 0.3878857807561, 'max_leaf_nodes': None, 'max_samples': None, 'min_impurity_decrease': 0.0, 'min_samples_leaf': 1, 'min_samples_split': 6, 'min_weight_fraction_leaf': 0.0, 'monotonic_cst': None, 'n_estimators': 52, 'n_jobs': None, 'oob_score': False, 'random_state': 42, 'verbose': 0, 'warm_start': False}
Loaded lookahead model for budget (250, 2): 
{'bootstrap': np.False_, 'ccp_alpha': 0.0, 'criterion': 'squared_error', 'max_depth': None, 'max_features': 0.3133643234045, 'max_leaf_nodes': None, 'max_samples': None, 'min_impurity_decrease': 0.0, 'min_samples_leaf': 2, 'min_samples_split': 2, 'min_weight_fraction_leaf': 0.0, 'monotonic_cst': None, 'n_estimators': 64, 'n_jobs': None, 'oob_score': False, 'random_state': 42, 'verbose': 0, 'warm_start': False}
Loaded lookahead model for budget (100, 2): 
{'bootstrap': np.False_, 'ccp_alpha': 0.0, 'criterion': 'squared_error', 'max_depth': None, 'max_features': 0.2842492408088, 'max_leaf_nodes': None, 'max_samples': None, 'min_impurity_decrease': 0.0, 'min_samples_leaf': 4, 'min_samples_split': 6, 'min_weight_fraction_leaf': 0.0, 'monotonic_cst': None, 'n_estimators': 109, 'n_jobs': None, 'oob_score': False, 'random_state': 42, 'verbose': 0, 'warm_start': False}
Loaded lookahead model for budget (850, 2): 
{'bootstrap': np.False_, 'ccp_alpha': 0.0, 'criterion': 'squared_error', 'max_depth': None, 'max_features': 0.3808258650352, 'max_leaf_nodes': None, 'max_samples': None, 'min_impurity_decrease': 0.0, 'min_samples_leaf': 2, 'min_samples_split': 2, 'min_weight_fraction_leaf': 0.0, 'monotonic_cst': None, 'n_estimators': 37, 'n_jobs': None, 'oob_score': False, 'random_state': 42, 'verbose': 0, 'warm_start': False}
Loaded lookahead model for budget (800, 2): 
{'bootstrap': np.False_, 'ccp_alpha': 0.0, 'criterion': 'squared_error', 'max_depth': None, 'max_features': 0.2226394971987, 'max_leaf_nodes': None, 'max_samples': None, 'min_impurity_decrease': 0.0, 'min_samples_leaf': 1, 'min_samples_split': 2, 'min_weight_fraction_leaf': 0.0, 'monotonic_cst': None, 'n_estimators': 35, 'n_jobs': None, 'oob_score': False, 'random_state': 42, 'verbose': 0, 'warm_start': False}
Loaded lookahead model for budget (150, 2): 
{'bootstrap': np.False_, 'ccp_alpha': 0.0, 'criterion': 'squared_error', 'max_depth': None, 'max_features': 0.191596252354, 'max_leaf_nodes': None, 'max_samples': None, 'min_impurity_decrease': 0.0, 'min_samples_leaf': 2, 'min_samples_split': 15, 'min_weight_fraction_leaf': 0.0, 'monotonic_cst': None, 'n_estimators': 57, 'n_jobs': None, 'oob_score': False, 'random_state': 42, 'verbose': 0, 'warm_start': False}
Loaded lookahead model for budget (650, 2): 
{'bootstrap': np.False_, 'ccp_alpha': 0.0, 'criterion': 'squared_error', 'max_depth': None, 'max_features': 0.2848316700626, 'max_leaf_nodes': None, 'max_samples': None, 'min_impurity_decrease': 0.0, 'min_samples_leaf': 1, 'min_samples_split': 2, 'min_weight_fraction_leaf': 0.0, 'monotonic_cst': None, 'n_estimators': 38, 'n_jobs': None, 'oob_score': False, 'random_state': 42, 'verbose': 0, 'warm_start': False}
Loaded lookahead model for budget (300, 2): 
{'bootstrap': np.False_, 'ccp_alpha': 0.0, 'criterion': 'squared_error', 'max_depth': None, 'max_features': 0.3261844327584, 'max_leaf_nodes': None, 'max_samples': None, 'min_impurity_decrease': 0.0, 'min_samples_leaf': 3, 'min_samples_split': 3, 'min_weight_fraction_leaf': 0.0, 'monotonic_cst': None, 'n_estimators': 105, 'n_jobs': None, 'oob_score': False, 'random_state': 42, 'verbose': 0, 'warm_start': False}
Loaded lookahead model for budget (900, 2): 
{'bootstrap': np.False_, 'ccp_alpha': 0.0, 'criterion': 'squared_error', 'max_depth': None, 'max_features': 0.1890852053631, 'max_leaf_nodes': None, 'max_samples': None, 'min_impurity_decrease': 0.0, 'min_samples_leaf': 2, 'min_samples_split': 2, 'min_weight_fraction_leaf': 0.0, 'monotonic_cst': None, 'n_estimators': 51, 'n_jobs': None, 'oob_score': False, 'random_state': 42, 'verbose': 0, 'warm_start': False}
Loaded lookahead model for budget (750, 2): 
{'bootstrap': np.False_, 'ccp_alpha': 0.0, 'criterion': 'squared_error', 'max_depth': None, 'max_features': 0.2882980562477, 'max_leaf_nodes': None, 'max_samples': None, 'min_impurity_decrease': 0.0, 'min_samples_leaf': 3, 'min_samples_split': 2, 'min_weight_fraction_leaf': 0.0, 'monotonic_cst': None, 'n_estimators': 26, 'n_jobs': None, 'oob_score': False, 'random_state': 42, 'verbose': 0, 'warm_start': False}
Loaded lookahead model for budget (700, 2): 
{'bootstrap': np.False_, 'ccp_alpha': 0.0, 'criterion': 'squared_error', 'max_depth': None, 'max_features': 0.3959678549856, 'max_leaf_nodes': None, 'max_samples': None, 'min_impurity_decrease': 0.0, 'min_samples_leaf': 3, 'min_samples_split': 2, 'min_weight_fraction_leaf': 0.0, 'monotonic_cst': None, 'n_estimators': 36, 'n_jobs': None, 'oob_score': False, 'random_state': 42, 'verbose': 0, 'warm_start': False}
Loaded lookahead model for budget (350, 2): 
{'bootstrap': np.False_, 'ccp_alpha': 0.0, 'criterion': 'squared_error', 'max_depth': None, 'max_features': 0.248626646777, 'max_leaf_nodes': None, 'max_samples': None, 'min_impurity_decrease': 0.0, 'min_samples_leaf': 1, 'min_samples_split': 4, 'min_weight_fraction_leaf': 0.0, 'monotonic_cst': None, 'n_estimators': 36, 'n_jobs': None, 'oob_score': False, 'random_state': 42, 'verbose': 0, 'warm_start': False}
Loaded lookahead model for budget (200, 2): 
{'bootstrap': np.True_, 'ccp_alpha': 0.0, 'criterion': 'squared_error', 'max_depth': None, 'max_features': 0.3395181648703, 'max_leaf_nodes': None, 'max_samples': None, 'min_impurity_decrease': 0.0, 'min_samples_leaf': 4, 'min_samples_split': 9, 'min_weight_fraction_leaf': 0.0, 'monotonic_cst': None, 'n_estimators': 106, 'n_jobs': None, 'oob_score': False, 'random_state': 42, 'verbose': 0, 'warm_start': False}
Loaded lookahead model for budget (500, 2): 
{'bootstrap': np.False_, 'ccp_alpha': 0.0, 'criterion': 'squared_error', 'max_depth': None, 'max_features': 0.4363417497535, 'max_leaf_nodes': None, 'max_samples': None, 'min_impurity_decrease': 0.0, 'min_samples_leaf': 2, 'min_samples_split': 2, 'min_weight_fraction_leaf': 0.0, 'monotonic_cst': None, 'n_estimators': 35, 'n_jobs': None, 'oob_score': False, 'random_state': 42, 'verbose': 0, 'warm_start': False}
Loaded lookahead model for budget (550, 2): 
{'bootstrap': np.False_, 'ccp_alpha': 0.0, 'criterion': 'squared_error', 'max_depth': None, 'max_features': 0.3884662345496, 'max_leaf_nodes': None, 'max_samples': None, 'min_impurity_decrease': 0.0, 'min_samples_leaf': 3, 'min_samples_split': 2, 'min_weight_fraction_leaf': 0.0, 'monotonic_cst': None, 'n_estimators': 29, 'n_jobs': None, 'oob_score': False, 'random_state': 42, 'verbose': 0, 'warm_start': False}
Loaded lookahead model for budget (50, 2): 
{'bootstrap': np.False_, 'ccp_alpha': 0.0, 'criterion': 'squared_error', 'max_depth': None, 'max_features': 0.3270780152722, 'max_leaf_nodes': None, 'max_samples': None, 'min_impurity_decrease': 0.0, 'min_samples_leaf': 3, 'min_samples_split': 10, 'min_weight_fraction_leaf': 0.0, 'monotonic_cst': None, 'n_estimators': 49, 'n_jobs': None, 'oob_score': False, 'random_state': 42, 'verbose': 0, 'warm_start': False}
Loaded lookahead model for budget (600, 2): 
{'bootstrap': np.False_, 'ccp_alpha': 0.0, 'criterion': 'squared_error', 'max_depth': None, 'max_features': 0.3763073063731, 'max_leaf_nodes': None, 'max_samples': None, 'min_impurity_decrease': 0.0, 'min_samples_leaf': 2, 'min_samples_split': 2, 'min_weight_fraction_leaf': 0.0, 'monotonic_cst': None, 'n_estimators': 40, 'n_jobs': None, 'oob_score': False, 'random_state': 42, 'verbose': 0, 'warm_start': False}
Loaded lookahead model for budget (400, 2): 
{'bootstrap': np.False_, 'ccp_alpha': 0.0, 'criterion': 'squared_error', 'max_depth': None, 'max_features': 0.300049254473, 'max_leaf_nodes': None, 'max_samples': None, 'min_impurity_decrease': 0.0, 'min_samples_leaf': 1, 'min_samples_split': 2, 'min_weight_fraction_leaf': 0.0, 'monotonic_cst': None, 'n_estimators': 22, 'n_jobs': None, 'oob_score': False, 'random_state': 42, 'verbose': 0, 'warm_start': False}
Loaded lookahead model for budget (250, 3): 
{'bootstrap': np.False_, 'ccp_alpha': 0.0, 'criterion': 'squared_error', 'max_depth': None, 'max_features': 0.3703574070618, 'max_leaf_nodes': None, 'max_samples': None, 'min_impurity_decrease': 0.0, 'min_samples_leaf': 3, 'min_samples_split': 2, 'min_weight_fraction_leaf': 0.0, 'monotonic_cst': None, 'n_estimators': 38, 'n_jobs': None, 'oob_score': False, 'random_state': 42, 'verbose': 0, 'warm_start': False}
Loaded lookahead model for budget (200, 3): 
{'bootstrap': np.False_, 'ccp_alpha': 0.0, 'criterion': 'squared_error', 'max_depth': None, 'max_features': 0.1316673402408, 'max_leaf_nodes': None, 'max_samples': None, 'min_impurity_decrease': 0.0, 'min_samples_leaf': 5, 'min_samples_split': 15, 'min_weight_fraction_leaf': 0.0, 'monotonic_cst': None, 'n_estimators': 81, 'n_jobs': None, 'oob_score': False, 'random_state': 42, 'verbose': 0, 'warm_start': False}
Loaded lookahead model for budget (700, 3): 
{'bootstrap': np.False_, 'ccp_alpha': 0.0, 'criterion': 'squared_error', 'max_depth': None, 'max_features': 0.2706998445769, 'max_leaf_nodes': None, 'max_samples': None, 'min_impurity_decrease': 0.0, 'min_samples_leaf': 1, 'min_samples_split': 2, 'min_weight_fraction_leaf': 0.0, 'monotonic_cst': None, 'n_estimators': 26, 'n_jobs': None, 'oob_score': False, 'random_state': 42, 'verbose': 0, 'warm_start': False}
Loaded lookahead model for budget (400, 3): 
{'bootstrap': np.False_, 'ccp_alpha': 0.0, 'criterion': 'squared_error', 'max_depth': None, 'max_features': 0.5758642799682, 'max_leaf_nodes': None, 'max_samples': None, 'min_impurity_decrease': 0.0, 'min_samples_leaf': 2, 'min_samples_split': 2, 'min_weight_fraction_leaf': 0.0, 'monotonic_cst': None, 'n_estimators': 47, 'n_jobs': None, 'oob_score': False, 'random_state': 42, 'verbose': 0, 'warm_start': False}
Loaded lookahead model for budget (600, 3): 
{'bootstrap': np.False_, 'ccp_alpha': 0.0, 'criterion': 'squared_error', 'max_depth': None, 'max_features': 0.3878857807561, 'max_leaf_nodes': None, 'max_samples': None, 'min_impurity_decrease': 0.0, 'min_samples_leaf': 1, 'min_samples_split': 6, 'min_weight_fraction_leaf': 0.0, 'monotonic_cst': None, 'n_estimators': 52, 'n_jobs': None, 'oob_score': False, 'random_state': 42, 'verbose': 0, 'warm_start': False}
Loaded lookahead model for budget (50, 3): 
{'bootstrap': np.False_, 'ccp_alpha': 0.0, 'criterion': 'squared_error', 'max_depth': None, 'max_features': 0.3658704318705, 'max_leaf_nodes': None, 'max_samples': None, 'min_impurity_decrease': 0.0, 'min_samples_leaf': 3, 'min_samples_split': 18, 'min_weight_fraction_leaf': 0.0, 'monotonic_cst': None, 'n_estimators': 40, 'n_jobs': None, 'oob_score': False, 'random_state': 42, 'verbose': 0, 'warm_start': False}
Loaded lookahead model for budget (800, 3): 
{'bootstrap': np.False_, 'ccp_alpha': 0.0, 'criterion': 'squared_error', 'max_depth': None, 'max_features': 0.3703365850488, 'max_leaf_nodes': None, 'max_samples': None, 'min_impurity_decrease': 0.0, 'min_samples_leaf': 3, 'min_samples_split': 2, 'min_weight_fraction_leaf': 0.0, 'monotonic_cst': None, 'n_estimators': 39, 'n_jobs': None, 'oob_score': False, 'random_state': 42, 'verbose': 0, 'warm_start': False}
Loaded lookahead model for budget (450, 3): 
{'bootstrap': np.False_, 'ccp_alpha': 0.0, 'criterion': 'squared_error', 'max_depth': None, 'max_features': 0.6229769158831, 'max_leaf_nodes': None, 'max_samples': None, 'min_impurity_decrease': 0.0, 'min_samples_leaf': 4, 'min_samples_split': 2, 'min_weight_fraction_leaf': 0.0, 'monotonic_cst': None, 'n_estimators': 81, 'n_jobs': None, 'oob_score': False, 'random_state': 42, 'verbose': 0, 'warm_start': False}
Loaded lookahead model for budget (300, 3): 
{'bootstrap': np.False_, 'ccp_alpha': 0.0, 'criterion': 'squared_error', 'max_depth': None, 'max_features': 0.3825206648727, 'max_leaf_nodes': None, 'max_samples': None, 'min_impurity_decrease': 0.0, 'min_samples_leaf': 4, 'min_samples_split': 2, 'min_weight_fraction_leaf': 0.0, 'monotonic_cst': None, 'n_estimators': 39, 'n_jobs': None, 'oob_score': False, 'random_state': 42, 'verbose': 0, 'warm_start': False}
Loaded lookahead model for budget (500, 3): 
{'bootstrap': np.False_, 'ccp_alpha': 0.0, 'criterion': 'squared_error', 'max_depth': None, 'max_features': 0.3055377018201, 'max_leaf_nodes': None, 'max_samples': None, 'min_impurity_decrease': 0.0, 'min_samples_leaf': 3, 'min_samples_split': 2, 'min_weight_fraction_leaf': 0.0, 'monotonic_cst': None, 'n_estimators': 42, 'n_jobs': None, 'oob_score': False, 'random_state': 42, 'verbose': 0, 'warm_start': False}
Loaded lookahead model for budget (750, 3): 
{'bootstrap': np.False_, 'ccp_alpha': 0.0, 'criterion': 'squared_error', 'max_depth': None, 'max_features': 0.360562627645, 'max_leaf_nodes': None, 'max_samples': None, 'min_impurity_decrease': 0.0, 'min_samples_leaf': 3, 'min_samples_split': 2, 'min_weight_fraction_leaf': 0.0, 'monotonic_cst': None, 'n_estimators': 40, 'n_jobs': None, 'oob_score': False, 'random_state': 42, 'verbose': 0, 'warm_start': False}
Loaded lookahead model for budget (100, 3): 
{'bootstrap': np.False_, 'ccp_alpha': 0.0, 'criterion': 'squared_error', 'max_depth': None, 'max_features': 0.3138149370984, 'max_leaf_nodes': None, 'max_samples': None, 'min_impurity_decrease': 0.0, 'min_samples_leaf': 3, 'min_samples_split': 2, 'min_weight_fraction_leaf': 0.0, 'monotonic_cst': None, 'n_estimators': 103, 'n_jobs': None, 'oob_score': False, 'random_state': 42, 'verbose': 0, 'warm_start': False}
Loaded lookahead model for budget (850, 3): 
{'bootstrap': np.False_, 'ccp_alpha': 0.0, 'criterion': 'squared_error', 'max_depth': None, 'max_features': 0.2355619583442, 'max_leaf_nodes': None, 'max_samples': None, 'min_impurity_decrease': 0.0, 'min_samples_leaf': 2, 'min_samples_split': 2, 'min_weight_fraction_leaf': 0.0, 'monotonic_cst': None, 'n_estimators': 68, 'n_jobs': None, 'oob_score': False, 'random_state': 42, 'verbose': 0, 'warm_start': False}
Loaded lookahead model for budget (650, 3): 
{'bootstrap': np.False_, 'ccp_alpha': 0.0, 'criterion': 'squared_error', 'max_depth': None, 'max_features': 0.3817701427497, 'max_leaf_nodes': None, 'max_samples': None, 'min_impurity_decrease': 0.0, 'min_samples_leaf': 5, 'min_samples_split': 2, 'min_weight_fraction_leaf': 0.0, 'monotonic_cst': None, 'n_estimators': 37, 'n_jobs': None, 'oob_score': False, 'random_state': 42, 'verbose': 0, 'warm_start': False}
Loaded lookahead model for budget (350, 3): 
{'bootstrap': np.False_, 'ccp_alpha': 0.0, 'criterion': 'squared_error', 'max_depth': None, 'max_features': 0.2472667165433, 'max_leaf_nodes': None, 'max_samples': None, 'min_impurity_decrease': 0.0, 'min_samples_leaf': 1, 'min_samples_split': 15, 'min_weight_fraction_leaf': 0.0, 'monotonic_cst': None, 'n_estimators': 48, 'n_jobs': None, 'oob_score': False, 'random_state': 42, 'verbose': 0, 'warm_start': False}
Loaded lookahead model for budget (550, 3): 
{'bootstrap': np.False_, 'ccp_alpha': 0.0, 'criterion': 'squared_error', 'max_depth': None, 'max_features': 0.3987028921157, 'max_leaf_nodes': None, 'max_samples': None, 'min_impurity_decrease': 0.0, 'min_samples_leaf': 3, 'min_samples_split': 2, 'min_weight_fraction_leaf': 0.0, 'monotonic_cst': None, 'n_estimators': 38, 'n_jobs': None, 'oob_score': False, 'random_state': 42, 'verbose': 0, 'warm_start': False}
Loaded lookahead model for budget (150, 3): 
{'bootstrap': np.False_, 'ccp_alpha': 0.0, 'criterion': 'squared_error', 'max_depth': None, 'max_features': 0.2282434433557, 'max_leaf_nodes': None, 'max_samples': None, 'min_impurity_decrease': 0.0, 'min_samples_leaf': 5, 'min_samples_split': 20, 'min_weight_fraction_leaf': 0.0, 'monotonic_cst': None, 'n_estimators': 114, 'n_jobs': None, 'oob_score': False, 'random_state': 42, 'verbose': 0, 'warm_start': False}
Loaded lookahead model for budget (500, 4): 
{'bootstrap': np.False_, 'ccp_alpha': 0.0, 'criterion': 'squared_error', 'max_depth': None, 'max_features': 0.3825779688019, 'max_leaf_nodes': None, 'max_samples': None, 'min_impurity_decrease': 0.0, 'min_samples_leaf': 3, 'min_samples_split': 2, 'min_weight_fraction_leaf': 0.0, 'monotonic_cst': None, 'n_estimators': 61, 'n_jobs': None, 'oob_score': False, 'random_state': 42, 'verbose': 0, 'warm_start': False}
Loaded lookahead model for budget (750, 4): 
{'bootstrap': np.False_, 'ccp_alpha': 0.0, 'criterion': 'squared_error', 'max_depth': None, 'max_features': 0.3703574070618, 'max_leaf_nodes': None, 'max_samples': None, 'min_impurity_decrease': 0.0, 'min_samples_leaf': 3, 'min_samples_split': 2, 'min_weight_fraction_leaf': 0.0, 'monotonic_cst': None, 'n_estimators': 38, 'n_jobs': None, 'oob_score': False, 'random_state': 42, 'verbose': 0, 'warm_start': False}
Loaded lookahead model for budget (700, 4): 
{'bootstrap': np.False_, 'ccp_alpha': 0.0, 'criterion': 'squared_error', 'max_depth': None, 'max_features': 0.4552163283149, 'max_leaf_nodes': None, 'max_samples': None, 'min_impurity_decrease': 0.0, 'min_samples_leaf': 2, 'min_samples_split': 2, 'min_weight_fraction_leaf': 0.0, 'monotonic_cst': None, 'n_estimators': 22, 'n_jobs': None, 'oob_score': False, 'random_state': 42, 'verbose': 0, 'warm_start': False}
Loaded lookahead model for budget (300, 4): 
{'bootstrap': np.False_, 'ccp_alpha': 0.0, 'criterion': 'squared_error', 'max_depth': None, 'max_features': 0.3669146106009, 'max_leaf_nodes': None, 'max_samples': None, 'min_impurity_decrease': 0.0, 'min_samples_leaf': 2, 'min_samples_split': 2, 'min_weight_fraction_leaf': 0.0, 'monotonic_cst': None, 'n_estimators': 44, 'n_jobs': None, 'oob_score': False, 'random_state': 42, 'verbose': 0, 'warm_start': False}
Loaded lookahead model for budget (400, 4): 
{'bootstrap': np.False_, 'ccp_alpha': 0.0, 'criterion': 'squared_error', 'max_depth': None, 'max_features': 0.2476387451429, 'max_leaf_nodes': None, 'max_samples': None, 'min_impurity_decrease': 0.0, 'min_samples_leaf': 1, 'min_samples_split': 4, 'min_weight_fraction_leaf': 0.0, 'monotonic_cst': None, 'n_estimators': 71, 'n_jobs': None, 'oob_score': False, 'random_state': 42, 'verbose': 0, 'warm_start': False}
Loaded lookahead model for budget (200, 4): 
{'bootstrap': np.False_, 'ccp_alpha': 0.0, 'criterion': 'squared_error', 'max_depth': None, 'max_features': 0.3123002237692, 'max_leaf_nodes': None, 'max_samples': None, 'min_impurity_decrease': 0.0, 'min_samples_leaf': 6, 'min_samples_split': 17, 'min_weight_fraction_leaf': 0.0, 'monotonic_cst': None, 'n_estimators': 94, 'n_jobs': None, 'oob_score': False, 'random_state': 42, 'verbose': 0, 'warm_start': False}
Loaded lookahead model for budget (550, 4): 
{'bootstrap': np.False_, 'ccp_alpha': 0.0, 'criterion': 'squared_error', 'max_depth': None, 'max_features': 0.3878857807561, 'max_leaf_nodes': None, 'max_samples': None, 'min_impurity_decrease': 0.0, 'min_samples_leaf': 1, 'min_samples_split': 6, 'min_weight_fraction_leaf': 0.0, 'monotonic_cst': None, 'n_estimators': 52, 'n_jobs': None, 'oob_score': False, 'random_state': 42, 'verbose': 0, 'warm_start': False}
Loaded lookahead model for budget (250, 4): 
{'bootstrap': np.False_, 'ccp_alpha': 0.0, 'criterion': 'squared_error', 'max_depth': None, 'max_features': 0.2187633927576, 'max_leaf_nodes': None, 'max_samples': None, 'min_impurity_decrease': 0.0, 'min_samples_leaf': 2, 'min_samples_split': 8, 'min_weight_fraction_leaf': 0.0, 'monotonic_cst': None, 'n_estimators': 100, 'n_jobs': None, 'oob_score': False, 'random_state': 42, 'verbose': 0, 'warm_start': False}
Loaded lookahead model for budget (350, 4): 
{'bootstrap': np.False_, 'ccp_alpha': 0.0, 'criterion': 'squared_error', 'max_depth': None, 'max_features': 0.3934495309005, 'max_leaf_nodes': None, 'max_samples': None, 'min_impurity_decrease': 0.0, 'min_samples_leaf': 1, 'min_samples_split': 2, 'min_weight_fraction_leaf': 0.0, 'monotonic_cst': None, 'n_estimators': 50, 'n_jobs': None, 'oob_score': False, 'random_state': 42, 'verbose': 0, 'warm_start': False}
Loaded lookahead model for budget (100, 4): 
{'bootstrap': np.False_, 'ccp_alpha': 0.0, 'criterion': 'squared_error', 'max_depth': None, 'max_features': 0.225283436027, 'max_leaf_nodes': None, 'max_samples': None, 'min_impurity_decrease': 0.0, 'min_samples_leaf': 4, 'min_samples_split': 2, 'min_weight_fraction_leaf': 0.0, 'monotonic_cst': None, 'n_estimators': 82, 'n_jobs': None, 'oob_score': False, 'random_state': 42, 'verbose': 0, 'warm_start': False}
Loaded lookahead model for budget (150, 4): 
{'bootstrap': np.False_, 'ccp_alpha': 0.0, 'criterion': 'squared_error', 'max_depth': None, 'max_features': 0.1480268986592, 'max_leaf_nodes': None, 'max_samples': None, 'min_impurity_decrease': 0.0, 'min_samples_leaf': 2, 'min_samples_split': 11, 'min_weight_fraction_leaf': 0.0, 'monotonic_cst': None, 'n_estimators': 111, 'n_jobs': None, 'oob_score': False, 'random_state': 42, 'verbose': 0, 'warm_start': False}
Loaded lookahead model for budget (650, 4): 
{'bootstrap': np.False_, 'ccp_alpha': 0.0, 'criterion': 'squared_error', 'max_depth': None, 'max_features': 0.3583494546837, 'max_leaf_nodes': None, 'max_samples': None, 'min_impurity_decrease': 0.0, 'min_samples_leaf': 2, 'min_samples_split': 2, 'min_weight_fraction_leaf': 0.0, 'monotonic_cst': None, 'n_estimators': 27, 'n_jobs': None, 'oob_score': False, 'random_state': 42, 'verbose': 0, 'warm_start': False}
Loaded lookahead model for budget (450, 4): 
{'bootstrap': np.False_, 'ccp_alpha': 0.0, 'criterion': 'squared_error', 'max_depth': None, 'max_features': 0.5971262094263, 'max_leaf_nodes': None, 'max_samples': None, 'min_impurity_decrease': 0.0, 'min_samples_leaf': 1, 'min_samples_split': 4, 'min_weight_fraction_leaf': 0.0, 'monotonic_cst': None, 'n_estimators': 71, 'n_jobs': None, 'oob_score': False, 'random_state': 42, 'verbose': 0, 'warm_start': False}
Loaded lookahead model for budget (600, 4): 
{'bootstrap': np.False_, 'ccp_alpha': 0.0, 'criterion': 'squared_error', 'max_depth': None, 'max_features': 0.3455588130471, 'max_leaf_nodes': None, 'max_samples': None, 'min_impurity_decrease': 0.0, 'min_samples_leaf': 2, 'min_samples_split': 5, 'min_weight_fraction_leaf': 0.0, 'monotonic_cst': None, 'n_estimators': 105, 'n_jobs': None, 'oob_score': False, 'random_state': 42, 'verbose': 0, 'warm_start': False}
Loaded lookahead model for budget (50, 4): 
{'bootstrap': np.False_, 'ccp_alpha': 0.0, 'criterion': 'squared_error', 'max_depth': None, 'max_features': 0.3280029718741, 'max_leaf_nodes': None, 'max_samples': None, 'min_impurity_decrease': 0.0, 'min_samples_leaf': 2, 'min_samples_split': 2, 'min_weight_fraction_leaf': 0.0, 'monotonic_cst': None, 'n_estimators': 53, 'n_jobs': None, 'oob_score': False, 'random_state': 42, 'verbose': 0, 'warm_start': False}
Loaded lookahead model for budget (800, 4): 
{'bootstrap': np.False_, 'ccp_alpha': 0.0, 'criterion': 'squared_error', 'max_depth': None, 'max_features': 0.3651139716274, 'max_leaf_nodes': None, 'max_samples': None, 'min_impurity_decrease': 0.0, 'min_samples_leaf': 2, 'min_samples_split': 5, 'min_weight_fraction_leaf': 0.0, 'monotonic_cst': None, 'n_estimators': 41, 'n_jobs': None, 'oob_score': False, 'random_state': 42, 'verbose': 0, 'warm_start': False}
Loaded lookahead model for budget (550, 5): 
{'bootstrap': np.False_, 'ccp_alpha': 0.0, 'criterion': 'squared_error', 'max_depth': None, 'max_features': 0.2881700684889, 'max_leaf_nodes': None, 'max_samples': None, 'min_impurity_decrease': 0.0, 'min_samples_leaf': 1, 'min_samples_split': 13, 'min_weight_fraction_leaf': 0.0, 'monotonic_cst': None, 'n_estimators': 46, 'n_jobs': None, 'oob_score': False, 'random_state': 42, 'verbose': 0, 'warm_start': False}
Loaded lookahead model for budget (150, 5): 
{'bootstrap': np.False_, 'ccp_alpha': 0.0, 'criterion': 'squared_error', 'max_depth': None, 'max_features': 0.2672074934468, 'max_leaf_nodes': None, 'max_samples': None, 'min_impurity_decrease': 0.0, 'min_samples_leaf': 4, 'min_samples_split': 8, 'min_weight_fraction_leaf': 0.0, 'monotonic_cst': None, 'n_estimators': 100, 'n_jobs': None, 'oob_score': False, 'random_state': 42, 'verbose': 0, 'warm_start': False}
Loaded lookahead model for budget (50, 5): 
{'bootstrap': np.False_, 'ccp_alpha': 0.0, 'criterion': 'squared_error', 'max_depth': None, 'max_features': 0.3124792855189, 'max_leaf_nodes': None, 'max_samples': None, 'min_impurity_decrease': 0.0, 'min_samples_leaf': 2, 'min_samples_split': 17, 'min_weight_fraction_leaf': 0.0, 'monotonic_cst': None, 'n_estimators': 21, 'n_jobs': None, 'oob_score': False, 'random_state': 42, 'verbose': 0, 'warm_start': False}
Loaded lookahead model for budget (300, 5): 
{'bootstrap': np.False_, 'ccp_alpha': 0.0, 'criterion': 'squared_error', 'max_depth': None, 'max_features': 0.3701710904557, 'max_leaf_nodes': None, 'max_samples': None, 'min_impurity_decrease': 0.0, 'min_samples_leaf': 3, 'min_samples_split': 2, 'min_weight_fraction_leaf': 0.0, 'monotonic_cst': None, 'n_estimators': 37, 'n_jobs': None, 'oob_score': False, 'random_state': 42, 'verbose': 0, 'warm_start': False}
Loaded lookahead model for budget (500, 5): 
{'bootstrap': np.False_, 'ccp_alpha': 0.0, 'criterion': 'squared_error', 'max_depth': None, 'max_features': 0.3703574070618, 'max_leaf_nodes': None, 'max_samples': None, 'min_impurity_decrease': 0.0, 'min_samples_leaf': 3, 'min_samples_split': 2, 'min_weight_fraction_leaf': 0.0, 'monotonic_cst': None, 'n_estimators': 38, 'n_jobs': None, 'oob_score': False, 'random_state': 42, 'verbose': 0, 'warm_start': False}
Loaded lookahead model for budget (400, 5): 
{'bootstrap': np.False_, 'ccp_alpha': 0.0, 'criterion': 'squared_error', 'max_depth': None, 'max_features': 0.5635731476622, 'max_leaf_nodes': None, 'max_samples': None, 'min_impurity_decrease': 0.0, 'min_samples_leaf': 2, 'min_samples_split': 8, 'min_weight_fraction_leaf': 0.0, 'monotonic_cst': None, 'n_estimators': 51, 'n_jobs': None, 'oob_score': False, 'random_state': 42, 'verbose': 0, 'warm_start': False}
Loaded lookahead model for budget (450, 5): 
{'bootstrap': np.False_, 'ccp_alpha': 0.0, 'criterion': 'squared_error', 'max_depth': None, 'max_features': 0.5598402550368, 'max_leaf_nodes': None, 'max_samples': None, 'min_impurity_decrease': 0.0, 'min_samples_leaf': 1, 'min_samples_split': 2, 'min_weight_fraction_leaf': 0.0, 'monotonic_cst': None, 'n_estimators': 42, 'n_jobs': None, 'oob_score': False, 'random_state': 42, 'verbose': 0, 'warm_start': False}
Loaded lookahead model for budget (350, 5): 
{'bootstrap': np.False_, 'ccp_alpha': 0.0, 'criterion': 'squared_error', 'max_depth': None, 'max_features': 0.3237876438561, 'max_leaf_nodes': None, 'max_samples': None, 'min_impurity_decrease': 0.0, 'min_samples_leaf': 1, 'min_samples_split': 11, 'min_weight_fraction_leaf': 0.0, 'monotonic_cst': None, 'n_estimators': 49, 'n_jobs': None, 'oob_score': False, 'random_state': 42, 'verbose': 0, 'warm_start': False}
Loaded lookahead model for budget (600, 5): 
{'bootstrap': np.False_, 'ccp_alpha': 0.0, 'criterion': 'squared_error', 'max_depth': None, 'max_features': 0.3856643951269, 'max_leaf_nodes': None, 'max_samples': None, 'min_impurity_decrease': 0.0, 'min_samples_leaf': 1, 'min_samples_split': 2, 'min_weight_fraction_leaf': 0.0, 'monotonic_cst': None, 'n_estimators': 33, 'n_jobs': None, 'oob_score': False, 'random_state': 42, 'verbose': 0, 'warm_start': False}
Loaded lookahead model for budget (250, 5): 
{'bootstrap': np.False_, 'ccp_alpha': 0.0, 'criterion': 'squared_error', 'max_depth': None, 'max_features': 0.2022716812943, 'max_leaf_nodes': None, 'max_samples': None, 'min_impurity_decrease': 0.0, 'min_samples_leaf': 3, 'min_samples_split': 14, 'min_weight_fraction_leaf': 0.0, 'monotonic_cst': None, 'n_estimators': 57, 'n_jobs': None, 'oob_score': False, 'random_state': 42, 'verbose': 0, 'warm_start': False}
Loaded lookahead model for budget (100, 5): 
{'bootstrap': np.False_, 'ccp_alpha': 0.0, 'criterion': 'squared_error', 'max_depth': None, 'max_features': 0.3020299200908, 'max_leaf_nodes': None, 'max_samples': None, 'min_impurity_decrease': 0.0, 'min_samples_leaf': 3, 'min_samples_split': 13, 'min_weight_fraction_leaf': 0.0, 'monotonic_cst': None, 'n_estimators': 96, 'n_jobs': None, 'oob_score': False, 'random_state': 42, 'verbose': 0, 'warm_start': False}
Loaded lookahead model for budget (700, 5): 
{'bootstrap': np.False_, 'ccp_alpha': 0.0, 'criterion': 'squared_error', 'max_depth': None, 'max_features': 0.4028369420154, 'max_leaf_nodes': None, 'max_samples': None, 'min_impurity_decrease': 0.0, 'min_samples_leaf': 1, 'min_samples_split': 2, 'min_weight_fraction_leaf': 0.0, 'monotonic_cst': None, 'n_estimators': 68, 'n_jobs': None, 'oob_score': False, 'random_state': 42, 'verbose': 0, 'warm_start': False}
Loaded lookahead model for budget (650, 5): 
{'bootstrap': np.False_, 'ccp_alpha': 0.0, 'criterion': 'squared_error', 'max_depth': None, 'max_features': 0.3909860273021, 'max_leaf_nodes': None, 'max_samples': None, 'min_impurity_decrease': 0.0, 'min_samples_leaf': 2, 'min_samples_split': 3, 'min_weight_fraction_leaf': 0.0, 'monotonic_cst': None, 'n_estimators': 67, 'n_jobs': None, 'oob_score': False, 'random_state': 42, 'verbose': 0, 'warm_start': False}
Loaded lookahead model for budget (750, 5): 
{'bootstrap': np.False_, 'ccp_alpha': 0.0, 'criterion': 'squared_error', 'max_depth': None, 'max_features': 0.3096812237074, 'max_leaf_nodes': None, 'max_samples': None, 'min_impurity_decrease': 0.0, 'min_samples_leaf': 2, 'min_samples_split': 6, 'min_weight_fraction_leaf': 0.0, 'monotonic_cst': None, 'n_estimators': 64, 'n_jobs': None, 'oob_score': False, 'random_state': 42, 'verbose': 0, 'warm_start': False}
Loaded lookahead model for budget (200, 5): 
{'bootstrap': np.False_, 'ccp_alpha': 0.0, 'criterion': 'squared_error', 'max_depth': None, 'max_features': 0.1099694953649, 'max_leaf_nodes': None, 'max_samples': None, 'min_impurity_decrease': 0.0, 'min_samples_leaf': 4, 'min_samples_split': 4, 'min_weight_fraction_leaf': 0.0, 'monotonic_cst': None, 'n_estimators': 95, 'n_jobs': None, 'oob_score': False, 'random_state': 42, 'verbose': 0, 'warm_start': False}
Loaded lookahead model for budget (500, 6): 
{'bootstrap': np.False_, 'ccp_alpha': 0.0, 'criterion': 'squared_error', 'max_depth': None, 'max_features': 0.3207561126637, 'max_leaf_nodes': None, 'max_samples': None, 'min_impurity_decrease': 0.0, 'min_samples_leaf': 1, 'min_samples_split': 2, 'min_weight_fraction_leaf': 0.0, 'monotonic_cst': None, 'n_estimators': 30, 'n_jobs': None, 'oob_score': False, 'random_state': 42, 'verbose': 0, 'warm_start': False}
Loaded lookahead model for budget (450, 6): 
{'bootstrap': np.False_, 'ccp_alpha': 0.0, 'criterion': 'squared_error', 'max_depth': None, 'max_features': 0.5571223659592, 'max_leaf_nodes': None, 'max_samples': None, 'min_impurity_decrease': 0.0, 'min_samples_leaf': 3, 'min_samples_split': 2, 'min_weight_fraction_leaf': 0.0, 'monotonic_cst': None, 'n_estimators': 44, 'n_jobs': None, 'oob_score': False, 'random_state': 42, 'verbose': 0, 'warm_start': False}
Loaded lookahead model for budget (600, 6): 
{'bootstrap': np.False_, 'ccp_alpha': 0.0, 'criterion': 'squared_error', 'max_depth': None, 'max_features': 0.3878857807561, 'max_leaf_nodes': None, 'max_samples': None, 'min_impurity_decrease': 0.0, 'min_samples_leaf': 1, 'min_samples_split': 6, 'min_weight_fraction_leaf': 0.0, 'monotonic_cst': None, 'n_estimators': 52, 'n_jobs': None, 'oob_score': False, 'random_state': 42, 'verbose': 0, 'warm_start': False}
Loaded lookahead model for budget (400, 6): 
{'bootstrap': np.False_, 'ccp_alpha': 0.0, 'criterion': 'squared_error', 'max_depth': None, 'max_features': 0.56648356436, 'max_leaf_nodes': None, 'max_samples': None, 'min_impurity_decrease': 0.0, 'min_samples_leaf': 4, 'min_samples_split': 5, 'min_weight_fraction_leaf': 0.0, 'monotonic_cst': None, 'n_estimators': 52, 'n_jobs': None, 'oob_score': False, 'random_state': 42, 'verbose': 0, 'warm_start': False}
Loaded lookahead model for budget (550, 6): 
{'bootstrap': np.False_, 'ccp_alpha': 0.0, 'criterion': 'squared_error', 'max_depth': None, 'max_features': 0.3226239592496, 'max_leaf_nodes': None, 'max_samples': None, 'min_impurity_decrease': 0.0, 'min_samples_leaf': 1, 'min_samples_split': 2, 'min_weight_fraction_leaf': 0.0, 'monotonic_cst': None, 'n_estimators': 71, 'n_jobs': None, 'oob_score': False, 'random_state': 42, 'verbose': 0, 'warm_start': False}
Loaded lookahead model for budget (250, 6): 
{'bootstrap': np.False_, 'ccp_alpha': 0.0, 'criterion': 'squared_error', 'max_depth': None, 'max_features': 0.2264131701343, 'max_leaf_nodes': None, 'max_samples': None, 'min_impurity_decrease': 0.0, 'min_samples_leaf': 3, 'min_samples_split': 13, 'min_weight_fraction_leaf': 0.0, 'monotonic_cst': None, 'n_estimators': 54, 'n_jobs': None, 'oob_score': False, 'random_state': 42, 'verbose': 0, 'warm_start': False}
Loaded lookahead model for budget (650, 6): 
{'bootstrap': np.False_, 'ccp_alpha': 0.0, 'criterion': 'squared_error', 'max_depth': None, 'max_features': 0.5724044056301, 'max_leaf_nodes': None, 'max_samples': None, 'min_impurity_decrease': 0.0, 'min_samples_leaf': 4, 'min_samples_split': 2, 'min_weight_fraction_leaf': 0.0, 'monotonic_cst': None, 'n_estimators': 65, 'n_jobs': None, 'oob_score': False, 'random_state': 42, 'verbose': 0, 'warm_start': False}
Loaded lookahead model for budget (100, 6): 
{'bootstrap': np.False_, 'ccp_alpha': 0.0, 'criterion': 'squared_error', 'max_depth': None, 'max_features': 0.1607678973889, 'max_leaf_nodes': None, 'max_samples': None, 'min_impurity_decrease': 0.0, 'min_samples_leaf': 3, 'min_samples_split': 5, 'min_weight_fraction_leaf': 0.0, 'monotonic_cst': None, 'n_estimators': 75, 'n_jobs': None, 'oob_score': False, 'random_state': 42, 'verbose': 0, 'warm_start': False}
Loaded lookahead model for budget (50, 6): 
{'bootstrap': np.True_, 'ccp_alpha': 0.0, 'criterion': 'squared_error', 'max_depth': None, 'max_features': 0.4142782951011, 'max_leaf_nodes': None, 'max_samples': None, 'min_impurity_decrease': 0.0, 'min_samples_leaf': 2, 'min_samples_split': 2, 'min_weight_fraction_leaf': 0.0, 'monotonic_cst': None, 'n_estimators': 37, 'n_jobs': None, 'oob_score': False, 'random_state': 42, 'verbose': 0, 'warm_start': False}
Loaded lookahead model for budget (350, 6): 
{'bootstrap': np.False_, 'ccp_alpha': 0.0, 'criterion': 'squared_error', 'max_depth': None, 'max_features': 0.3725486107082, 'max_leaf_nodes': None, 'max_samples': None, 'min_impurity_decrease': 0.0, 'min_samples_leaf': 1, 'min_samples_split': 2, 'min_weight_fraction_leaf': 0.0, 'monotonic_cst': None, 'n_estimators': 51, 'n_jobs': None, 'oob_score': False, 'random_state': 42, 'verbose': 0, 'warm_start': False}
Loaded lookahead model for budget (300, 6): 
{'bootstrap': np.False_, 'ccp_alpha': 0.0, 'criterion': 'squared_error', 'max_depth': None, 'max_features': 0.3632934000911, 'max_leaf_nodes': None, 'max_samples': None, 'min_impurity_decrease': 0.0, 'min_samples_leaf': 2, 'min_samples_split': 17, 'min_weight_fraction_leaf': 0.0, 'monotonic_cst': None, 'n_estimators': 38, 'n_jobs': None, 'oob_score': False, 'random_state': 42, 'verbose': 0, 'warm_start': False}
Loaded lookahead model for budget (700, 6): 
{'bootstrap': np.False_, 'ccp_alpha': 0.0, 'criterion': 'squared_error', 'max_depth': None, 'max_features': 0.2194745124535, 'max_leaf_nodes': None, 'max_samples': None, 'min_impurity_decrease': 0.0, 'min_samples_leaf': 1, 'min_samples_split': 4, 'min_weight_fraction_leaf': 0.0, 'monotonic_cst': None, 'n_estimators': 31, 'n_jobs': None, 'oob_score': False, 'random_state': 42, 'verbose': 0, 'warm_start': False}
Loaded lookahead model for budget (200, 6): 
{'bootstrap': np.False_, 'ccp_alpha': 0.0, 'criterion': 'squared_error', 'max_depth': None, 'max_features': 0.2634851496034, 'max_leaf_nodes': None, 'max_samples': None, 'min_impurity_decrease': 0.0, 'min_samples_leaf': 8, 'min_samples_split': 3, 'min_weight_fraction_leaf': 0.0, 'monotonic_cst': None, 'n_estimators': 50, 'n_jobs': None, 'oob_score': False, 'random_state': 42, 'verbose': 0, 'warm_start': False}
Loaded lookahead model for budget (150, 6): 
{'bootstrap': np.False_, 'ccp_alpha': 0.0, 'criterion': 'squared_error', 'max_depth': None, 'max_features': 0.2239228579202, 'max_leaf_nodes': None, 'max_samples': None, 'min_impurity_decrease': 0.0, 'min_samples_leaf': 4, 'min_samples_split': 14, 'min_weight_fraction_leaf': 0.0, 'monotonic_cst': None, 'n_estimators': 114, 'n_jobs': None, 'oob_score': False, 'random_state': 42, 'verbose': 0, 'warm_start': False}
Loaded lookahead model for budget (650, 7): 
{'bootstrap': np.False_, 'ccp_alpha': 0.0, 'criterion': 'squared_error', 'max_depth': None, 'max_features': 0.5284075572181, 'max_leaf_nodes': None, 'max_samples': None, 'min_impurity_decrease': 0.0, 'min_samples_leaf': 4, 'min_samples_split': 5, 'min_weight_fraction_leaf': 0.0, 'monotonic_cst': None, 'n_estimators': 57, 'n_jobs': None, 'oob_score': False, 'random_state': 42, 'verbose': 0, 'warm_start': False}
Loaded lookahead model for budget (150, 7): 
{'bootstrap': np.False_, 'ccp_alpha': 0.0, 'criterion': 'squared_error', 'max_depth': None, 'max_features': 0.291271720038, 'max_leaf_nodes': None, 'max_samples': None, 'min_impurity_decrease': 0.0, 'min_samples_leaf': 7, 'min_samples_split': 2, 'min_weight_fraction_leaf': 0.0, 'monotonic_cst': None, 'n_estimators': 103, 'n_jobs': None, 'oob_score': False, 'random_state': 42, 'verbose': 0, 'warm_start': False}
Loaded lookahead model for budget (300, 7): 
{'bootstrap': np.False_, 'ccp_alpha': 0.0, 'criterion': 'squared_error', 'max_depth': None, 'max_features': 0.2606148085389, 'max_leaf_nodes': None, 'max_samples': None, 'min_impurity_decrease': 0.0, 'min_samples_leaf': 2, 'min_samples_split': 7, 'min_weight_fraction_leaf': 0.0, 'monotonic_cst': None, 'n_estimators': 102, 'n_jobs': None, 'oob_score': False, 'random_state': 42, 'verbose': 0, 'warm_start': False}
Loaded lookahead model for budget (50, 7): 
{'bootstrap': np.False_, 'ccp_alpha': 0.0, 'criterion': 'squared_error', 'max_depth': None, 'max_features': 0.3229680712009, 'max_leaf_nodes': None, 'max_samples': None, 'min_impurity_decrease': 0.0, 'min_samples_leaf': 3, 'min_samples_split': 12, 'min_weight_fraction_leaf': 0.0, 'monotonic_cst': None, 'n_estimators': 41, 'n_jobs': None, 'oob_score': False, 'random_state': 42, 'verbose': 0, 'warm_start': False}
Loaded lookahead model for budget (600, 7): 
{'bootstrap': np.False_, 'ccp_alpha': 0.0, 'criterion': 'squared_error', 'max_depth': None, 'max_features': 0.3616646518013, 'max_leaf_nodes': None, 'max_samples': None, 'min_impurity_decrease': 0.0, 'min_samples_leaf': 2, 'min_samples_split': 4, 'min_weight_fraction_leaf': 0.0, 'monotonic_cst': None, 'n_estimators': 39, 'n_jobs': None, 'oob_score': False, 'random_state': 42, 'verbose': 0, 'warm_start': False}
Loaded lookahead model for budget (450, 7): 
{'bootstrap': np.False_, 'ccp_alpha': 0.0, 'criterion': 'squared_error', 'max_depth': None, 'max_features': 0.2841982806636, 'max_leaf_nodes': None, 'max_samples': None, 'min_impurity_decrease': 0.0, 'min_samples_leaf': 1, 'min_samples_split': 19, 'min_weight_fraction_leaf': 0.0, 'monotonic_cst': None, 'n_estimators': 42, 'n_jobs': None, 'oob_score': False, 'random_state': 42, 'verbose': 0, 'warm_start': False}
Loaded lookahead model for budget (500, 7): 
{'bootstrap': np.False_, 'ccp_alpha': 0.0, 'criterion': 'squared_error', 'max_depth': None, 'max_features': 0.3478852285273, 'max_leaf_nodes': None, 'max_samples': None, 'min_impurity_decrease': 0.0, 'min_samples_leaf': 2, 'min_samples_split': 2, 'min_weight_fraction_leaf': 0.0, 'monotonic_cst': None, 'n_estimators': 31, 'n_jobs': None, 'oob_score': False, 'random_state': 42, 'verbose': 0, 'warm_start': False}
Loaded lookahead model for budget (400, 7): 
{'bootstrap': np.False_, 'ccp_alpha': 0.0, 'criterion': 'squared_error', 'max_depth': None, 'max_features': 0.3134373390359, 'max_leaf_nodes': None, 'max_samples': None, 'min_impurity_decrease': 0.0, 'min_samples_leaf': 1, 'min_samples_split': 3, 'min_weight_fraction_leaf': 0.0, 'monotonic_cst': None, 'n_estimators': 108, 'n_jobs': None, 'oob_score': False, 'random_state': 42, 'verbose': 0, 'warm_start': False}
Loaded lookahead model for budget (250, 7): 
{'bootstrap': np.False_, 'ccp_alpha': 0.0, 'criterion': 'squared_error', 'max_depth': None, 'max_features': 0.2534819727852, 'max_leaf_nodes': None, 'max_samples': None, 'min_impurity_decrease': 0.0, 'min_samples_leaf': 4, 'min_samples_split': 8, 'min_weight_fraction_leaf': 0.0, 'monotonic_cst': None, 'n_estimators': 112, 'n_jobs': None, 'oob_score': False, 'random_state': 42, 'verbose': 0, 'warm_start': False}
Loaded lookahead model for budget (550, 7): 
{'bootstrap': np.False_, 'ccp_alpha': 0.0, 'criterion': 'squared_error', 'max_depth': None, 'max_features': 0.174850431034, 'max_leaf_nodes': None, 'max_samples': None, 'min_impurity_decrease': 0.0, 'min_samples_leaf': 1, 'min_samples_split': 2, 'min_weight_fraction_leaf': 0.0, 'monotonic_cst': None, 'n_estimators': 31, 'n_jobs': None, 'oob_score': False, 'random_state': 42, 'verbose': 0, 'warm_start': False}
Loaded lookahead model for budget (100, 7): 
{'bootstrap': np.False_, 'ccp_alpha': 0.0, 'criterion': 'squared_error', 'max_depth': None, 'max_features': 0.2077421206329, 'max_leaf_nodes': None, 'max_samples': None, 'min_impurity_decrease': 0.0, 'min_samples_leaf': 3, 'min_samples_split': 5, 'min_weight_fraction_leaf': 0.0, 'monotonic_cst': None, 'n_estimators': 115, 'n_jobs': None, 'oob_score': False, 'random_state': 42, 'verbose': 0, 'warm_start': False}
Loaded lookahead model for budget (350, 7): 
{'bootstrap': np.False_, 'ccp_alpha': 0.0, 'criterion': 'squared_error', 'max_depth': None, 'max_features': 0.2983618649309, 'max_leaf_nodes': None, 'max_samples': None, 'min_impurity_decrease': 0.0, 'min_samples_leaf': 2, 'min_samples_split': 6, 'min_weight_fraction_leaf': 0.0, 'monotonic_cst': None, 'n_estimators': 105, 'n_jobs': None, 'oob_score': False, 'random_state': 42, 'verbose': 0, 'warm_start': False}
Loaded lookahead model for budget (200, 7): 
{'bootstrap': np.False_, 'ccp_alpha': 0.0, 'criterion': 'squared_error', 'max_depth': None, 'max_features': 0.3061334157014, 'max_leaf_nodes': None, 'max_samples': None, 'min_impurity_decrease': 0.0, 'min_samples_leaf': 5, 'min_samples_split': 2, 'min_weight_fraction_leaf': 0.0, 'monotonic_cst': None, 'n_estimators': 91, 'n_jobs': None, 'oob_score': False, 'random_state': 42, 'verbose': 0, 'warm_start': False}
Loaded lookahead model for budget (150, 8): 
{'bootstrap': np.False_, 'ccp_alpha': 0.0, 'criterion': 'squared_error', 'max_depth': None, 'max_features': 0.267135038313, 'max_leaf_nodes': None, 'max_samples': None, 'min_impurity_decrease': 0.0, 'min_samples_leaf': 4, 'min_samples_split': 20, 'min_weight_fraction_leaf': 0.0, 'monotonic_cst': None, 'n_estimators': 109, 'n_jobs': None, 'oob_score': False, 'random_state': 42, 'verbose': 0, 'warm_start': False}
Loaded lookahead model for budget (100, 8): 
{'bootstrap': np.True_, 'ccp_alpha': 0.0, 'criterion': 'squared_error', 'max_depth': None, 'max_features': 0.5258769932757, 'max_leaf_nodes': None, 'max_samples': None, 'min_impurity_decrease': 0.0, 'min_samples_leaf': 4, 'min_samples_split': 2, 'min_weight_fraction_leaf': 0.0, 'monotonic_cst': None, 'n_estimators': 82, 'n_jobs': None, 'oob_score': False, 'random_state': 42, 'verbose': 0, 'warm_start': False}
Loaded lookahead model for budget (600, 8): 
{'bootstrap': np.False_, 'ccp_alpha': 0.0, 'criterion': 'squared_error', 'max_depth': None, 'max_features': 0.231978934612, 'max_leaf_nodes': None, 'max_samples': None, 'min_impurity_decrease': 0.0, 'min_samples_leaf': 1, 'min_samples_split': 2, 'min_weight_fraction_leaf': 0.0, 'monotonic_cst': None, 'n_estimators': 89, 'n_jobs': None, 'oob_score': False, 'random_state': 42, 'verbose': 0, 'warm_start': False}
Loaded lookahead model for budget (50, 8): 
{'bootstrap': np.False_, 'ccp_alpha': 0.0, 'criterion': 'squared_error', 'max_depth': None, 'max_features': 0.3739811899768, 'max_leaf_nodes': None, 'max_samples': None, 'min_impurity_decrease': 0.0, 'min_samples_leaf': 3, 'min_samples_split': 2, 'min_weight_fraction_leaf': 0.0, 'monotonic_cst': None, 'n_estimators': 39, 'n_jobs': None, 'oob_score': False, 'random_state': 42, 'verbose': 0, 'warm_start': False}
Loaded lookahead model for budget (500, 8): 
{'bootstrap': np.False_, 'ccp_alpha': 0.0, 'criterion': 'squared_error', 'max_depth': None, 'max_features': 0.3878857807561, 'max_leaf_nodes': None, 'max_samples': None, 'min_impurity_decrease': 0.0, 'min_samples_leaf': 1, 'min_samples_split': 6, 'min_weight_fraction_leaf': 0.0, 'monotonic_cst': None, 'n_estimators': 52, 'n_jobs': None, 'oob_score': False, 'random_state': 42, 'verbose': 0, 'warm_start': False}
Loaded lookahead model for budget (400, 8): 
{'bootstrap': np.False_, 'ccp_alpha': 0.0, 'criterion': 'squared_error', 'max_depth': None, 'max_features': 0.158037055617, 'max_leaf_nodes': None, 'max_samples': None, 'min_impurity_decrease': 0.0, 'min_samples_leaf': 1, 'min_samples_split': 3, 'min_weight_fraction_leaf': 0.0, 'monotonic_cst': None, 'n_estimators': 101, 'n_jobs': None, 'oob_score': False, 'random_state': 42, 'verbose': 0, 'warm_start': False}
Loaded lookahead model for budget (450, 8): 
{'bootstrap': np.False_, 'ccp_alpha': 0.0, 'criterion': 'squared_error', 'max_depth': None, 'max_features': 0.3665283166805, 'max_leaf_nodes': None, 'max_samples': None, 'min_impurity_decrease': 0.0, 'min_samples_leaf': 4, 'min_samples_split': 2, 'min_weight_fraction_leaf': 0.0, 'monotonic_cst': None, 'n_estimators': 63, 'n_jobs': None, 'oob_score': False, 'random_state': 42, 'verbose': 0, 'warm_start': False}
Loaded lookahead model for budget (300, 8): 
{'bootstrap': np.False_, 'ccp_alpha': 0.0, 'criterion': 'squared_error', 'max_depth': None, 'max_features': 0.3150263697748, 'max_leaf_nodes': None, 'max_samples': None, 'min_impurity_decrease': 0.0, 'min_samples_leaf': 3, 'min_samples_split': 4, 'min_weight_fraction_leaf': 0.0, 'monotonic_cst': None, 'n_estimators': 93, 'n_jobs': None, 'oob_score': False, 'random_state': 42, 'verbose': 0, 'warm_start': False}
Loaded lookahead model for budget (200, 8): 
{'bootstrap': np.False_, 'ccp_alpha': 0.0, 'criterion': 'squared_error', 'max_depth': None, 'max_features': 0.4204474229797, 'max_leaf_nodes': None, 'max_samples': None, 'min_impurity_decrease': 0.0, 'min_samples_leaf': 6, 'min_samples_split': 4, 'min_weight_fraction_leaf': 0.0, 'monotonic_cst': None, 'n_estimators': 39, 'n_jobs': None, 'oob_score': False, 'random_state': 42, 'verbose': 0, 'warm_start': False}
Loaded lookahead model for budget (550, 8): 
{'bootstrap': np.False_, 'ccp_alpha': 0.0, 'criterion': 'squared_error', 'max_depth': None, 'max_features': 0.177427772477, 'max_leaf_nodes': None, 'max_samples': None, 'min_impurity_decrease': 0.0, 'min_samples_leaf': 2, 'min_samples_split': 2, 'min_weight_fraction_leaf': 0.0, 'monotonic_cst': None, 'n_estimators': 104, 'n_jobs': None, 'oob_score': False, 'random_state': 42, 'verbose': 0, 'warm_start': False}
Loaded lookahead model for budget (250, 8): 
{'bootstrap': np.False_, 'ccp_alpha': 0.0, 'criterion': 'squared_error', 'max_depth': None, 'max_features': 0.1978888986009, 'max_leaf_nodes': None, 'max_samples': None, 'min_impurity_decrease': 0.0, 'min_samples_leaf': 5, 'min_samples_split': 4, 'min_weight_fraction_leaf': 0.0, 'monotonic_cst': None, 'n_estimators': 110, 'n_jobs': None, 'oob_score': False, 'random_state': 42, 'verbose': 0, 'warm_start': False}
Loaded lookahead model for budget (350, 8): 
{'bootstrap': np.False_, 'ccp_alpha': 0.0, 'criterion': 'squared_error', 'max_depth': None, 'max_features': 0.257529473999, 'max_leaf_nodes': None, 'max_samples': None, 'min_impurity_decrease': 0.0, 'min_samples_leaf': 4, 'min_samples_split': 3, 'min_weight_fraction_leaf': 0.0, 'monotonic_cst': None, 'n_estimators': 21, 'n_jobs': None, 'oob_score': False, 'random_state': 42, 'verbose': 0, 'warm_start': False}
Loaded lookahead model for budget (550, 9): 
{'bootstrap': np.False_, 'ccp_alpha': 0.0, 'criterion': 'squared_error', 'max_depth': None, 'max_features': 0.3290376841827, 'max_leaf_nodes': None, 'max_samples': None, 'min_impurity_decrease': 0.0, 'min_samples_leaf': 3, 'min_samples_split': 2, 'min_weight_fraction_leaf': 0.0, 'monotonic_cst': None, 'n_estimators': 56, 'n_jobs': None, 'oob_score': False, 'random_state': 42, 'verbose': 0, 'warm_start': False}
Loaded lookahead model for budget (150, 9): 
{'bootstrap': np.False_, 'ccp_alpha': 0.0, 'criterion': 'squared_error', 'max_depth': None, 'max_features': 0.2718742585329, 'max_leaf_nodes': None, 'max_samples': None, 'min_impurity_decrease': 0.0, 'min_samples_leaf': 5, 'min_samples_split': 3, 'min_weight_fraction_leaf': 0.0, 'monotonic_cst': None, 'n_estimators': 105, 'n_jobs': None, 'oob_score': False, 'random_state': 42, 'verbose': 0, 'warm_start': False}
Loaded lookahead model for budget (300, 9): 
{'bootstrap': np.False_, 'ccp_alpha': 0.0, 'criterion': 'squared_error', 'max_depth': None, 'max_features': 0.2985579212479, 'max_leaf_nodes': None, 'max_samples': None, 'min_impurity_decrease': 0.0, 'min_samples_leaf': 2, 'min_samples_split': 19, 'min_weight_fraction_leaf': 0.0, 'monotonic_cst': None, 'n_estimators': 33, 'n_jobs': None, 'oob_score': False, 'random_state': 42, 'verbose': 0, 'warm_start': False}
Loaded lookahead model for budget (350, 9): 
{'bootstrap': np.False_, 'ccp_alpha': 0.0, 'criterion': 'squared_error', 'max_depth': None, 'max_features': 0.2232745026924, 'max_leaf_nodes': None, 'max_samples': None, 'min_impurity_decrease': 0.0, 'min_samples_leaf': 2, 'min_samples_split': 15, 'min_weight_fraction_leaf': 0.0, 'monotonic_cst': None, 'n_estimators': 99, 'n_jobs': None, 'oob_score': False, 'random_state': 42, 'verbose': 0, 'warm_start': False}
Loaded lookahead model for budget (250, 9): 
{'bootstrap': np.False_, 'ccp_alpha': 0.0, 'criterion': 'squared_error', 'max_depth': None, 'max_features': 0.3835838377736, 'max_leaf_nodes': None, 'max_samples': None, 'min_impurity_decrease': 0.0, 'min_samples_leaf': 3, 'min_samples_split': 2, 'min_weight_fraction_leaf': 0.0, 'monotonic_cst': None, 'n_estimators': 111, 'n_jobs': None, 'oob_score': False, 'random_state': 42, 'verbose': 0, 'warm_start': False}
Loaded lookahead model for budget (50, 9): 
{'bootstrap': np.False_, 'ccp_alpha': 0.0, 'criterion': 'squared_error', 'max_depth': None, 'max_features': 0.3460682134063, 'max_leaf_nodes': None, 'max_samples': None, 'min_impurity_decrease': 0.0, 'min_samples_leaf': 4, 'min_samples_split': 2, 'min_weight_fraction_leaf': 0.0, 'monotonic_cst': None, 'n_estimators': 107, 'n_jobs': None, 'oob_score': False, 'random_state': 42, 'verbose': 0, 'warm_start': False}
Loaded lookahead model for budget (400, 9): 
{'bootstrap': np.False_, 'ccp_alpha': 0.0, 'criterion': 'squared_error', 'max_depth': None, 'max_features': 0.3265213675855, 'max_leaf_nodes': None, 'max_samples': None, 'min_impurity_decrease': 0.0, 'min_samples_leaf': 2, 'min_samples_split': 10, 'min_weight_fraction_leaf': 0.0, 'monotonic_cst': None, 'n_estimators': 45, 'n_jobs': None, 'oob_score': False, 'random_state': 42, 'verbose': 0, 'warm_start': False}
Loaded lookahead model for budget (500, 9): 
{'bootstrap': np.False_, 'ccp_alpha': 0.0, 'criterion': 'squared_error', 'max_depth': None, 'max_features': 0.2272806170856, 'max_leaf_nodes': None, 'max_samples': None, 'min_impurity_decrease': 0.0, 'min_samples_leaf': 1, 'min_samples_split': 3, 'min_weight_fraction_leaf': 0.0, 'monotonic_cst': None, 'n_estimators': 92, 'n_jobs': None, 'oob_score': False, 'random_state': 42, 'verbose': 0, 'warm_start': False}
Loaded lookahead model for budget (450, 9): 
{'bootstrap': np.False_, 'ccp_alpha': 0.0, 'criterion': 'squared_error', 'max_depth': None, 'max_features': 0.1640568443185, 'max_leaf_nodes': None, 'max_samples': None, 'min_impurity_decrease': 0.0, 'min_samples_leaf': 1, 'min_samples_split': 3, 'min_weight_fraction_leaf': 0.0, 'monotonic_cst': None, 'n_estimators': 37, 'n_jobs': None, 'oob_score': False, 'random_state': 42, 'verbose': 0, 'warm_start': False}
Loaded lookahead model for budget (100, 9): 
{'bootstrap': np.False_, 'ccp_alpha': 0.0, 'criterion': 'squared_error', 'max_depth': None, 'max_features': 0.2368024373841, 'max_leaf_nodes': None, 'max_samples': None, 'min_impurity_decrease': 0.0, 'min_samples_leaf': 2, 'min_samples_split': 5, 'min_weight_fraction_leaf': 0.0, 'monotonic_cst': None, 'n_estimators': 115, 'n_jobs': None, 'oob_score': False, 'random_state': 42, 'verbose': 0, 'warm_start': False}
Loaded lookahead model for budget (200, 9): 
{'bootstrap': np.False_, 'ccp_alpha': 0.0, 'criterion': 'squared_error', 'max_depth': None, 'max_features': 0.1616233377054, 'max_leaf_nodes': None, 'max_samples': None, 'min_impurity_decrease': 0.0, 'min_samples_leaf': 4, 'min_samples_split': 10, 'min_weight_fraction_leaf': 0.0, 'monotonic_cst': None, 'n_estimators': 43, 'n_jobs': None, 'oob_score': False, 'random_state': 42, 'verbose': 0, 'warm_start': False}
Loaded lookahead model for budget (350, 10): 
{'bootstrap': np.False_, 'ccp_alpha': 0.0, 'criterion': 'squared_error', 'max_depth': None, 'max_features': 0.3265318459303, 'max_leaf_nodes': None, 'max_samples': None, 'min_impurity_decrease': 0.0, 'min_samples_leaf': 2, 'min_samples_split': 20, 'min_weight_fraction_leaf': 0.0, 'monotonic_cst': None, 'n_estimators': 51, 'n_jobs': None, 'oob_score': False, 'random_state': 42, 'verbose': 0, 'warm_start': False}
Loaded lookahead model for budget (500, 10): 
{'bootstrap': np.False_, 'ccp_alpha': 0.0, 'criterion': 'squared_error', 'max_depth': None, 'max_features': 0.2171204765511, 'max_leaf_nodes': None, 'max_samples': None, 'min_impurity_decrease': 0.0, 'min_samples_leaf': 1, 'min_samples_split': 5, 'min_weight_fraction_leaf': 0.0, 'monotonic_cst': None, 'n_estimators': 34, 'n_jobs': None, 'oob_score': False, 'random_state': 42, 'verbose': 0, 'warm_start': False}
Loaded lookahead model for budget (50, 10): 
{'bootstrap': np.False_, 'ccp_alpha': 0.0, 'criterion': 'squared_error', 'max_depth': None, 'max_features': 0.3043213209153, 'max_leaf_nodes': None, 'max_samples': None, 'min_impurity_decrease': 0.0, 'min_samples_leaf': 2, 'min_samples_split': 7, 'min_weight_fraction_leaf': 0.0, 'monotonic_cst': None, 'n_estimators': 78, 'n_jobs': None, 'oob_score': False, 'random_state': 42, 'verbose': 0, 'warm_start': False}
Loaded lookahead model for budget (250, 10): 
{'bootstrap': np.False_, 'ccp_alpha': 0.0, 'criterion': 'squared_error', 'max_depth': None, 'max_features': 0.267646104443, 'max_leaf_nodes': None, 'max_samples': None, 'min_impurity_decrease': 0.0, 'min_samples_leaf': 4, 'min_samples_split': 18, 'min_weight_fraction_leaf': 0.0, 'monotonic_cst': None, 'n_estimators': 106, 'n_jobs': None, 'oob_score': False, 'random_state': 42, 'verbose': 0, 'warm_start': False}
Loaded lookahead model for budget (450, 10): 
{'bootstrap': np.False_, 'ccp_alpha': 0.0, 'criterion': 'squared_error', 'max_depth': None, 'max_features': 0.2338672047124, 'max_leaf_nodes': None, 'max_samples': None, 'min_impurity_decrease': 0.0, 'min_samples_leaf': 1, 'min_samples_split': 8, 'min_weight_fraction_leaf': 0.0, 'monotonic_cst': None, 'n_estimators': 95, 'n_jobs': None, 'oob_score': False, 'random_state': 42, 'verbose': 0, 'warm_start': False}
Loaded lookahead model for budget (400, 10): 
{'bootstrap': np.False_, 'ccp_alpha': 0.0, 'criterion': 'squared_error', 'max_depth': None, 'max_features': 0.2217970876487, 'max_leaf_nodes': None, 'max_samples': None, 'min_impurity_decrease': 0.0, 'min_samples_leaf': 1, 'min_samples_split': 5, 'min_weight_fraction_leaf': 0.0, 'monotonic_cst': None, 'n_estimators': 37, 'n_jobs': None, 'oob_score': False, 'random_state': 42, 'verbose': 0, 'warm_start': False}
Loaded lookahead model for budget (200, 10): 
{'bootstrap': np.False_, 'ccp_alpha': 0.0, 'criterion': 'squared_error', 'max_depth': None, 'max_features': 0.3818842024107, 'max_leaf_nodes': None, 'max_samples': None, 'min_impurity_decrease': 0.0, 'min_samples_leaf': 7, 'min_samples_split': 9, 'min_weight_fraction_leaf': 0.0, 'monotonic_cst': None, 'n_estimators': 81, 'n_jobs': None, 'oob_score': False, 'random_state': 42, 'verbose': 0, 'warm_start': False}
Loaded lookahead model for budget (150, 10): 
{'bootstrap': np.False_, 'ccp_alpha': 0.0, 'criterion': 'squared_error', 'max_depth': None, 'max_features': 0.1683131976638, 'max_leaf_nodes': None, 'max_samples': None, 'min_impurity_decrease': 0.0, 'min_samples_leaf': 3, 'min_samples_split': 4, 'min_weight_fraction_leaf': 0.0, 'monotonic_cst': None, 'n_estimators': 93, 'n_jobs': None, 'oob_score': False, 'random_state': 42, 'verbose': 0, 'warm_start': False}
Loaded lookahead model for budget (100, 10): 
{'bootstrap': np.False_, 'ccp_alpha': 0.0, 'criterion': 'squared_error', 'max_depth': None, 'max_features': 0.2550366704415, 'max_leaf_nodes': None, 'max_samples': None, 'min_impurity_decrease': 0.0, 'min_samples_leaf': 3, 'min_samples_split': 2, 'min_weight_fraction_leaf': 0.0, 'monotonic_cst': None, 'n_estimators': 108, 'n_jobs': None, 'oob_score': False, 'random_state': 42, 'verbose': 0, 'warm_start': False}
Loaded lookahead model for budget (300, 10): 
{'bootstrap': np.False_, 'ccp_alpha': 0.0, 'criterion': 'squared_error', 'max_depth': None, 'max_features': 0.2851791377788, 'max_leaf_nodes': None, 'max_samples': None, 'min_impurity_decrease': 0.0, 'min_samples_leaf': 4, 'min_samples_split': 2, 'min_weight_fraction_leaf': 0.0, 'monotonic_cst': None, 'n_estimators': 29, 'n_jobs': None, 'oob_score': False, 'random_state': 42, 'verbose': 0, 'warm_start': False}
Loaded lookahead model for budget (400, 11): 
{'bootstrap': np.False_, 'ccp_alpha': 0.0, 'criterion': 'squared_error', 'max_depth': None, 'max_features': 0.2616345353059, 'max_leaf_nodes': None, 'max_samples': None, 'min_impurity_decrease': 0.0, 'min_samples_leaf': 3, 'min_samples_split': 4, 'min_weight_fraction_leaf': 0.0, 'monotonic_cst': None, 'n_estimators': 40, 'n_jobs': None, 'oob_score': False, 'random_state': 42, 'verbose': 0, 'warm_start': False}
Loaded lookahead model for budget (150, 11): 
{'bootstrap': np.False_, 'ccp_alpha': 0.0, 'criterion': 'squared_error', 'max_depth': None, 'max_features': 0.1836786916301, 'max_leaf_nodes': None, 'max_samples': None, 'min_impurity_decrease': 0.0, 'min_samples_leaf': 7, 'min_samples_split': 9, 'min_weight_fraction_leaf': 0.0, 'monotonic_cst': None, 'n_estimators': 99, 'n_jobs': None, 'oob_score': False, 'random_state': 42, 'verbose': 0, 'warm_start': False}
Loaded lookahead model for budget (350, 11): 
{'bootstrap': np.False_, 'ccp_alpha': 0.0, 'criterion': 'squared_error', 'max_depth': None, 'max_features': 0.1809770563825, 'max_leaf_nodes': None, 'max_samples': None, 'min_impurity_decrease': 0.0, 'min_samples_leaf': 1, 'min_samples_split': 9, 'min_weight_fraction_leaf': 0.0, 'monotonic_cst': None, 'n_estimators': 108, 'n_jobs': None, 'oob_score': False, 'random_state': 42, 'verbose': 0, 'warm_start': False}
Loaded lookahead model for budget (250, 11): 
{'bootstrap': np.False_, 'ccp_alpha': 0.0, 'criterion': 'squared_error', 'max_depth': None, 'max_features': 0.2372548846402, 'max_leaf_nodes': None, 'max_samples': None, 'min_impurity_decrease': 0.0, 'min_samples_leaf': 2, 'min_samples_split': 13, 'min_weight_fraction_leaf': 0.0, 'monotonic_cst': None, 'n_estimators': 101, 'n_jobs': None, 'oob_score': False, 'random_state': 42, 'verbose': 0, 'warm_start': False}
Loaded lookahead model for budget (450, 11): 
{'bootstrap': np.False_, 'ccp_alpha': 0.0, 'criterion': 'squared_error', 'max_depth': None, 'max_features': 0.2981343647257, 'max_leaf_nodes': None, 'max_samples': None, 'min_impurity_decrease': 0.0, 'min_samples_leaf': 2, 'min_samples_split': 12, 'min_weight_fraction_leaf': 0.0, 'monotonic_cst': None, 'n_estimators': 49, 'n_jobs': None, 'oob_score': False, 'random_state': 42, 'verbose': 0, 'warm_start': False}
Loaded lookahead model for budget (50, 11): 
{'bootstrap': np.False_, 'ccp_alpha': 0.0, 'criterion': 'squared_error', 'max_depth': None, 'max_features': 0.3695209272846, 'max_leaf_nodes': None, 'max_samples': None, 'min_impurity_decrease': 0.0, 'min_samples_leaf': 3, 'min_samples_split': 2, 'min_weight_fraction_leaf': 0.0, 'monotonic_cst': None, 'n_estimators': 36, 'n_jobs': None, 'oob_score': False, 'random_state': 42, 'verbose': 0, 'warm_start': False}
Loaded lookahead model for budget (200, 11): 
{'bootstrap': np.False_, 'ccp_alpha': 0.0, 'criterion': 'squared_error', 'max_depth': None, 'max_features': 0.315723229747, 'max_leaf_nodes': None, 'max_samples': None, 'min_impurity_decrease': 0.0, 'min_samples_leaf': 8, 'min_samples_split': 18, 'min_weight_fraction_leaf': 0.0, 'monotonic_cst': None, 'n_estimators': 92, 'n_jobs': None, 'oob_score': False, 'random_state': 42, 'verbose': 0, 'warm_start': False}
Loaded lookahead model for budget (300, 11): 
{'bootstrap': np.False_, 'ccp_alpha': 0.0, 'criterion': 'squared_error', 'max_depth': None, 'max_features': 0.2692009483942, 'max_leaf_nodes': None, 'max_samples': None, 'min_impurity_decrease': 0.0, 'min_samples_leaf': 5, 'min_samples_split': 6, 'min_weight_fraction_leaf': 0.0, 'monotonic_cst': None, 'n_estimators': 108, 'n_jobs': None, 'oob_score': False, 'random_state': 42, 'verbose': 0, 'warm_start': False}
Loaded lookahead model for budget (100, 11): 
{'bootstrap': np.False_, 'ccp_alpha': 0.0, 'criterion': 'squared_error', 'max_depth': None, 'max_features': 0.2658596288938, 'max_leaf_nodes': None, 'max_samples': None, 'min_impurity_decrease': 0.0, 'min_samples_leaf': 4, 'min_samples_split': 20, 'min_weight_fraction_leaf': 0.0, 'monotonic_cst': None, 'n_estimators': 109, 'n_jobs': None, 'oob_score': False, 'random_state': 42, 'verbose': 0, 'warm_start': False}
Loaded lookahead model for budget (50, 12): 
{'bootstrap': np.True_, 'ccp_alpha': 0.0, 'criterion': 'squared_error', 'max_depth': None, 'max_features': 0.5435674491166, 'max_leaf_nodes': None, 'max_samples': None, 'min_impurity_decrease': 0.0, 'min_samples_leaf': 5, 'min_samples_split': 10, 'min_weight_fraction_leaf': 0.0, 'monotonic_cst': None, 'n_estimators': 93, 'n_jobs': None, 'oob_score': False, 'random_state': 42, 'verbose': 0, 'warm_start': False}
Loaded lookahead model for budget (100, 12): 
{'bootstrap': np.True_, 'ccp_alpha': 0.0, 'criterion': 'squared_error', 'max_depth': None, 'max_features': 0.4250976338157, 'max_leaf_nodes': None, 'max_samples': None, 'min_impurity_decrease': 0.0, 'min_samples_leaf': 4, 'min_samples_split': 3, 'min_weight_fraction_leaf': 0.0, 'monotonic_cst': None, 'n_estimators': 84, 'n_jobs': None, 'oob_score': False, 'random_state': 42, 'verbose': 0, 'warm_start': False}
Loaded lookahead model for budget (200, 12): 
{'bootstrap': np.False_, 'ccp_alpha': 0.0, 'criterion': 'squared_error', 'max_depth': None, 'max_features': 0.2575433170774, 'max_leaf_nodes': None, 'max_samples': None, 'min_impurity_decrease': 0.0, 'min_samples_leaf': 7, 'min_samples_split': 5, 'min_weight_fraction_leaf': 0.0, 'monotonic_cst': None, 'n_estimators': 108, 'n_jobs': None, 'oob_score': False, 'random_state': 42, 'verbose': 0, 'warm_start': False}
Loaded lookahead model for budget (250, 12): 
{'bootstrap': np.False_, 'ccp_alpha': 0.0, 'criterion': 'squared_error', 'max_depth': None, 'max_features': 0.2349468053836, 'max_leaf_nodes': None, 'max_samples': None, 'min_impurity_decrease': 0.0, 'min_samples_leaf': 1, 'min_samples_split': 18, 'min_weight_fraction_leaf': 0.0, 'monotonic_cst': None, 'n_estimators': 102, 'n_jobs': None, 'oob_score': False, 'random_state': 42, 'verbose': 0, 'warm_start': False}
Loaded lookahead model for budget (400, 12): 
{'bootstrap': np.False_, 'ccp_alpha': 0.0, 'criterion': 'squared_error', 'max_depth': None, 'max_features': 0.1364759638197, 'max_leaf_nodes': None, 'max_samples': None, 'min_impurity_decrease': 0.0, 'min_samples_leaf': 1, 'min_samples_split': 6, 'min_weight_fraction_leaf': 0.0, 'monotonic_cst': None, 'n_estimators': 38, 'n_jobs': None, 'oob_score': False, 'random_state': 42, 'verbose': 0, 'warm_start': False}
Loaded lookahead model for budget (150, 12): 
{'bootstrap': np.True_, 'ccp_alpha': 0.0, 'criterion': 'squared_error', 'max_depth': None, 'max_features': 0.4049305450371, 'max_leaf_nodes': None, 'max_samples': None, 'min_impurity_decrease': 0.0, 'min_samples_leaf': 4, 'min_samples_split': 3, 'min_weight_fraction_leaf': 0.0, 'monotonic_cst': None, 'n_estimators': 90, 'n_jobs': None, 'oob_score': False, 'random_state': 42, 'verbose': 0, 'warm_start': False}
Loaded lookahead model for budget (300, 12): 
{'bootstrap': np.False_, 'ccp_alpha': 0.0, 'criterion': 'squared_error', 'max_depth': None, 'max_features': 0.2556230782949, 'max_leaf_nodes': None, 'max_samples': None, 'min_impurity_decrease': 0.0, 'min_samples_leaf': 4, 'min_samples_split': 8, 'min_weight_fraction_leaf': 0.0, 'monotonic_cst': None, 'n_estimators': 97, 'n_jobs': None, 'oob_score': False, 'random_state': 42, 'verbose': 0, 'warm_start': False}
Loaded lookahead model for budget (350, 12): 
{'bootstrap': np.False_, 'ccp_alpha': 0.0, 'criterion': 'squared_error', 'max_depth': None, 'max_features': 0.1768159603342, 'max_leaf_nodes': None, 'max_samples': None, 'min_impurity_decrease': 0.0, 'min_samples_leaf': 2, 'min_samples_split': 5, 'min_weight_fraction_leaf': 0.0, 'monotonic_cst': None, 'n_estimators': 82, 'n_jobs': None, 'oob_score': False, 'random_state': 42, 'verbose': 0, 'warm_start': False}
Loaded lookahead model for budget (50, 13): 
{'bootstrap': np.False_, 'ccp_alpha': 0.0, 'criterion': 'squared_error', 'max_depth': None, 'max_features': 0.3204704546507, 'max_leaf_nodes': None, 'max_samples': None, 'min_impurity_decrease': 0.0, 'min_samples_leaf': 3, 'min_samples_split': 16, 'min_weight_fraction_leaf': 0.0, 'monotonic_cst': None, 'n_estimators': 111, 'n_jobs': None, 'oob_score': False, 'random_state': 42, 'verbose': 0, 'warm_start': False}
Loaded lookahead model for budget (150, 13): 
{'bootstrap': np.True_, 'ccp_alpha': 0.0, 'criterion': 'squared_error', 'max_depth': None, 'max_features': 0.3632049168014, 'max_leaf_nodes': None, 'max_samples': None, 'min_impurity_decrease': 0.0, 'min_samples_leaf': 6, 'min_samples_split': 5, 'min_weight_fraction_leaf': 0.0, 'monotonic_cst': None, 'n_estimators': 114, 'n_jobs': None, 'oob_score': False, 'random_state': 42, 'verbose': 0, 'warm_start': False}
Loaded lookahead model for budget (300, 13): 
{'bootstrap': np.False_, 'ccp_alpha': 0.0, 'criterion': 'squared_error', 'max_depth': None, 'max_features': 0.2672074934468, 'max_leaf_nodes': None, 'max_samples': None, 'min_impurity_decrease': 0.0, 'min_samples_leaf': 4, 'min_samples_split': 20, 'min_weight_fraction_leaf': 0.0, 'monotonic_cst': None, 'n_estimators': 107, 'n_jobs': None, 'oob_score': False, 'random_state': 42, 'verbose': 0, 'warm_start': False}
Loaded lookahead model for budget (200, 13): 
{'bootstrap': np.False_, 'ccp_alpha': 0.0, 'criterion': 'squared_error', 'max_depth': None, 'max_features': 0.1726590778387, 'max_leaf_nodes': None, 'max_samples': None, 'min_impurity_decrease': 0.0, 'min_samples_leaf': 4, 'min_samples_split': 9, 'min_weight_fraction_leaf': 0.0, 'monotonic_cst': None, 'n_estimators': 106, 'n_jobs': None, 'oob_score': False, 'random_state': 42, 'verbose': 0, 'warm_start': False}
Loaded lookahead model for budget (100, 13): 
{'bootstrap': np.True_, 'ccp_alpha': 0.0, 'criterion': 'squared_error', 'max_depth': None, 'max_features': 0.4049305450371, 'max_leaf_nodes': None, 'max_samples': None, 'min_impurity_decrease': 0.0, 'min_samples_leaf': 4, 'min_samples_split': 3, 'min_weight_fraction_leaf': 0.0, 'monotonic_cst': None, 'n_estimators': 90, 'n_jobs': None, 'oob_score': False, 'random_state': 42, 'verbose': 0, 'warm_start': False}
Loaded lookahead model for budget (350, 13): 
{'bootstrap': np.False_, 'ccp_alpha': 0.0, 'criterion': 'squared_error', 'max_depth': None, 'max_features': 0.2602937968797, 'max_leaf_nodes': None, 'max_samples': None, 'min_impurity_decrease': 0.0, 'min_samples_leaf': 3, 'min_samples_split': 13, 'min_weight_fraction_leaf': 0.0, 'monotonic_cst': None, 'n_estimators': 48, 'n_jobs': None, 'oob_score': False, 'random_state': 42, 'verbose': 0, 'warm_start': False}
Loaded lookahead model for budget (250, 13): 
{'bootstrap': np.False_, 'ccp_alpha': 0.0, 'criterion': 'squared_error', 'max_depth': None, 'max_features': 0.1656624442332, 'max_leaf_nodes': None, 'max_samples': None, 'min_impurity_decrease': 0.0, 'min_samples_leaf': 4, 'min_samples_split': 4, 'min_weight_fraction_leaf': 0.0, 'monotonic_cst': None, 'n_estimators': 103, 'n_jobs': None, 'oob_score': False, 'random_state': 42, 'verbose': 0, 'warm_start': False}
Loaded lookahead model for budget (250, 14): 
{'bootstrap': np.False_, 'ccp_alpha': 0.0, 'criterion': 'squared_error', 'max_depth': None, 'max_features': 0.2324791423691, 'max_leaf_nodes': None, 'max_samples': None, 'min_impurity_decrease': 0.0, 'min_samples_leaf': 2, 'min_samples_split': 3, 'min_weight_fraction_leaf': 0.0, 'monotonic_cst': None, 'n_estimators': 95, 'n_jobs': None, 'oob_score': False, 'random_state': 42, 'verbose': 0, 'warm_start': False}
Loaded lookahead model for budget (200, 14): 
{'bootstrap': np.False_, 'ccp_alpha': 0.0, 'criterion': 'squared_error', 'max_depth': None, 'max_features': 0.2696933681899, 'max_leaf_nodes': None, 'max_samples': None, 'min_impurity_decrease': 0.0, 'min_samples_leaf': 8, 'min_samples_split': 3, 'min_weight_fraction_leaf': 0.0, 'monotonic_cst': None, 'n_estimators': 111, 'n_jobs': None, 'oob_score': False, 'random_state': 42, 'verbose': 0, 'warm_start': False}
Loaded lookahead model for budget (150, 14): 
{'bootstrap': np.False_, 'ccp_alpha': 0.0, 'criterion': 'squared_error', 'max_depth': None, 'max_features': 0.4493532763, 'max_leaf_nodes': None, 'max_samples': None, 'min_impurity_decrease': 0.0, 'min_samples_leaf': 10, 'min_samples_split': 3, 'min_weight_fraction_leaf': 0.0, 'monotonic_cst': None, 'n_estimators': 47, 'n_jobs': None, 'oob_score': False, 'random_state': 42, 'verbose': 0, 'warm_start': False}
Loaded lookahead model for budget (300, 14): 
{'bootstrap': np.False_, 'ccp_alpha': 0.0, 'criterion': 'squared_error', 'max_depth': None, 'max_features': 0.2680640876934, 'max_leaf_nodes': None, 'max_samples': None, 'min_impurity_decrease': 0.0, 'min_samples_leaf': 3, 'min_samples_split': 3, 'min_weight_fraction_leaf': 0.0, 'monotonic_cst': None, 'n_estimators': 70, 'n_jobs': None, 'oob_score': False, 'random_state': 42, 'verbose': 0, 'warm_start': False}
Loaded lookahead model for budget (50, 14): 
{'bootstrap': np.False_, 'ccp_alpha': 0.0, 'criterion': 'squared_error', 'max_depth': None, 'max_features': 0.2599148075631, 'max_leaf_nodes': None, 'max_samples': None, 'min_impurity_decrease': 0.0, 'min_samples_leaf': 4, 'min_samples_split': 3, 'min_weight_fraction_leaf': 0.0, 'monotonic_cst': None, 'n_estimators': 121, 'n_jobs': None, 'oob_score': False, 'random_state': 42, 'verbose': 0, 'warm_start': False}
Loaded lookahead model for budget (100, 14): 
{'bootstrap': np.True_, 'ccp_alpha': 0.0, 'criterion': 'squared_error', 'max_depth': None, 'max_features': 0.5460348367053, 'max_leaf_nodes': None, 'max_samples': None, 'min_impurity_decrease': 0.0, 'min_samples_leaf': 8, 'min_samples_split': 13, 'min_weight_fraction_leaf': 0.0, 'monotonic_cst': None, 'n_estimators': 94, 'n_jobs': None, 'oob_score': False, 'random_state': 42, 'verbose': 0, 'warm_start': False}
Loaded lookahead model for budget (200, 15): 
{'bootstrap': np.False_, 'ccp_alpha': 0.0, 'criterion': 'squared_error', 'max_depth': None, 'max_features': 0.262836376052, 'max_leaf_nodes': None, 'max_samples': None, 'min_impurity_decrease': 0.0, 'min_samples_leaf': 4, 'min_samples_split': 10, 'min_weight_fraction_leaf': 0.0, 'monotonic_cst': None, 'n_estimators': 70, 'n_jobs': None, 'oob_score': False, 'random_state': 42, 'verbose': 0, 'warm_start': False}
Loaded lookahead model for budget (250, 15): 
{'bootstrap': np.False_, 'ccp_alpha': 0.0, 'criterion': 'squared_error', 'max_depth': None, 'max_features': 0.2152388670568, 'max_leaf_nodes': None, 'max_samples': None, 'min_impurity_decrease': 0.0, 'min_samples_leaf': 2, 'min_samples_split': 19, 'min_weight_fraction_leaf': 0.0, 'monotonic_cst': None, 'n_estimators': 106, 'n_jobs': None, 'oob_score': False, 'random_state': 42, 'verbose': 0, 'warm_start': False}
Loaded lookahead model for budget (50, 15): 
{'bootstrap': np.False_, 'ccp_alpha': 0.0, 'criterion': 'squared_error', 'max_depth': None, 'max_features': 0.231921502189, 'max_leaf_nodes': None, 'max_samples': None, 'min_impurity_decrease': 0.0, 'min_samples_leaf': 5, 'min_samples_split': 16, 'min_weight_fraction_leaf': 0.0, 'monotonic_cst': None, 'n_estimators': 105, 'n_jobs': None, 'oob_score': False, 'random_state': 42, 'verbose': 0, 'warm_start': False}
Loaded lookahead model for budget (150, 15): 
{'bootstrap': np.True_, 'ccp_alpha': 0.0, 'criterion': 'squared_error', 'max_depth': None, 'max_features': 0.4049305450371, 'max_leaf_nodes': None, 'max_samples': None, 'min_impurity_decrease': 0.0, 'min_samples_leaf': 4, 'min_samples_split': 3, 'min_weight_fraction_leaf': 0.0, 'monotonic_cst': None, 'n_estimators': 90, 'n_jobs': None, 'oob_score': False, 'random_state': 42, 'verbose': 0, 'warm_start': False}
Loaded lookahead model for budget (100, 15): 
{'bootstrap': np.False_, 'ccp_alpha': 0.0, 'criterion': 'squared_error', 'max_depth': None, 'max_features': 0.3150479373309, 'max_leaf_nodes': None, 'max_samples': None, 'min_impurity_decrease': 0.0, 'min_samples_leaf': 6, 'min_samples_split': 6, 'min_weight_fraction_leaf': 0.0, 'monotonic_cst': None, 'n_estimators': 101, 'n_jobs': None, 'oob_score': False, 'random_state': 42, 'verbose': 0, 'warm_start': False}
Loaded lookahead model for budget (50, 16): 
{'bootstrap': np.True_, 'ccp_alpha': 0.0, 'criterion': 'squared_error', 'max_depth': None, 'max_features': 0.3341699690516, 'max_leaf_nodes': None, 'max_samples': None, 'min_impurity_decrease': 0.0, 'min_samples_leaf': 3, 'min_samples_split': 17, 'min_weight_fraction_leaf': 0.0, 'monotonic_cst': None, 'n_estimators': 48, 'n_jobs': None, 'oob_score': False, 'random_state': 42, 'verbose': 0, 'warm_start': False}
Loaded lookahead model for budget (200, 16): 
{'bootstrap': np.False_, 'ccp_alpha': 0.0, 'criterion': 'squared_error', 'max_depth': None, 'max_features': 0.2931650790085, 'max_leaf_nodes': None, 'max_samples': None, 'min_impurity_decrease': 0.0, 'min_samples_leaf': 6, 'min_samples_split': 20, 'min_weight_fraction_leaf': 0.0, 'monotonic_cst': None, 'n_estimators': 116, 'n_jobs': None, 'oob_score': False, 'random_state': 42, 'verbose': 0, 'warm_start': False}
Loaded lookahead model for budget (100, 16): 
{'bootstrap': np.False_, 'ccp_alpha': 0.0, 'criterion': 'squared_error', 'max_depth': None, 'max_features': 0.2493139452246, 'max_leaf_nodes': None, 'max_samples': None, 'min_impurity_decrease': 0.0, 'min_samples_leaf': 8, 'min_samples_split': 13, 'min_weight_fraction_leaf': 0.0, 'monotonic_cst': None, 'n_estimators': 91, 'n_jobs': None, 'oob_score': False, 'random_state': 42, 'verbose': 0, 'warm_start': False}
Loaded lookahead model for budget (150, 16): 
{'bootstrap': np.True_, 'ccp_alpha': 0.0, 'criterion': 'squared_error', 'max_depth': None, 'max_features': 0.5437377341661, 'max_leaf_nodes': None, 'max_samples': None, 'min_impurity_decrease': 0.0, 'min_samples_leaf': 5, 'min_samples_split': 9, 'min_weight_fraction_leaf': 0.0, 'monotonic_cst': None, 'n_estimators': 76, 'n_jobs': None, 'oob_score': False, 'random_state': 42, 'verbose': 0, 'warm_start': False}
Loaded lookahead model for budget (100, 17): 
{'bootstrap': np.True_, 'ccp_alpha': 0.0, 'criterion': 'squared_error', 'max_depth': None, 'max_features': 0.5425957454164, 'max_leaf_nodes': None, 'max_samples': None, 'min_impurity_decrease': 0.0, 'min_samples_leaf': 5, 'min_samples_split': 4, 'min_weight_fraction_leaf': 0.0, 'monotonic_cst': None, 'n_estimators': 80, 'n_jobs': None, 'oob_score': False, 'random_state': 42, 'verbose': 0, 'warm_start': False}
Loaded lookahead model for budget (50, 17): 
{'bootstrap': np.False_, 'ccp_alpha': 0.0, 'criterion': 'squared_error', 'max_depth': None, 'max_features': 0.3259633528825, 'max_leaf_nodes': None, 'max_samples': None, 'min_impurity_decrease': 0.0, 'min_samples_leaf': 3, 'min_samples_split': 19, 'min_weight_fraction_leaf': 0.0, 'monotonic_cst': None, 'n_estimators': 82, 'n_jobs': None, 'oob_score': False, 'random_state': 42, 'verbose': 0, 'warm_start': False}
Loaded lookahead model for budget (150, 17): 
{'bootstrap': np.False_, 'ccp_alpha': 0.0, 'criterion': 'squared_error', 'max_depth': None, 'max_features': 0.3253785161044, 'max_leaf_nodes': None, 'max_samples': None, 'min_impurity_decrease': 0.0, 'min_samples_leaf': 10, 'min_samples_split': 13, 'min_weight_fraction_leaf': 0.0, 'monotonic_cst': None, 'n_estimators': 82, 'n_jobs': None, 'oob_score': False, 'random_state': 42, 'verbose': 0, 'warm_start': False}
Loaded performance model for budget 50: 
{'bootstrap': np.True_, 'ccp_alpha': 0.0, 'criterion': 'squared_error', 'max_depth': None, 'max_features': 0.1293185010788, 'max_leaf_nodes': None, 'max_samples': None, 'min_impurity_decrease': 0.0, 'min_samples_leaf': 18, 'min_samples_split': 20, 'min_weight_fraction_leaf': 0.0, 'monotonic_cst': None, 'n_estimators': 25, 'n_jobs': None, 'oob_score': False, 'random_state': 42, 'verbose': 0, 'warm_start': False}
Loaded performance model for budget 800: 
{'bootstrap': np.False_, 'ccp_alpha': 0.0, 'criterion': 'squared_error', 'max_depth': None, 'max_features': 0.1797566362658, 'max_leaf_nodes': None, 'max_samples': None, 'min_impurity_decrease': 0.0, 'min_samples_leaf': 13, 'min_samples_split': 8, 'min_weight_fraction_leaf': 0.0, 'monotonic_cst': None, 'n_estimators': 59, 'n_jobs': None, 'oob_score': False, 'random_state': 42, 'verbose': 0, 'warm_start': False}
Loaded performance model for budget 100: 
{'bootstrap': np.True_, 'ccp_alpha': 0.0, 'criterion': 'squared_error', 'max_depth': None, 'max_features': 0.4950703450479, 'max_leaf_nodes': None, 'max_samples': None, 'min_impurity_decrease': 0.0, 'min_samples_leaf': 13, 'min_samples_split': 8, 'min_weight_fraction_leaf': 0.0, 'monotonic_cst': None, 'n_estimators': 116, 'n_jobs': None, 'oob_score': False, 'random_state': 42, 'verbose': 0, 'warm_start': False}
Loaded performance model for budget 350: 
{'bootstrap': np.True_, 'ccp_alpha': 0.0, 'criterion': 'squared_error', 'max_depth': None, 'max_features': 0.1233142927741, 'max_leaf_nodes': None, 'max_samples': None, 'min_impurity_decrease': 0.0, 'min_samples_leaf': 3, 'min_samples_split': 13, 'min_weight_fraction_leaf': 0.0, 'monotonic_cst': None, 'n_estimators': 84, 'n_jobs': None, 'oob_score': False, 'random_state': 42, 'verbose': 0, 'warm_start': False}
Loaded performance model for budget 650: 
{'bootstrap': np.False_, 'ccp_alpha': 0.0, 'criterion': 'squared_error', 'max_depth': None, 'max_features': 0.1136584474052, 'max_leaf_nodes': None, 'max_samples': None, 'min_impurity_decrease': 0.0, 'min_samples_leaf': 7, 'min_samples_split': 3, 'min_weight_fraction_leaf': 0.0, 'monotonic_cst': None, 'n_estimators': 61, 'n_jobs': None, 'oob_score': False, 'random_state': 42, 'verbose': 0, 'warm_start': False}
Loaded performance model for budget 750: 
{'bootstrap': np.False_, 'ccp_alpha': 0.0, 'criterion': 'squared_error', 'max_depth': None, 'max_features': 0.2990319402284, 'max_leaf_nodes': None, 'max_samples': None, 'min_impurity_decrease': 0.0, 'min_samples_leaf': 14, 'min_samples_split': 20, 'min_weight_fraction_leaf': 0.0, 'monotonic_cst': None, 'n_estimators': 68, 'n_jobs': None, 'oob_score': False, 'random_state': 42, 'verbose': 0, 'warm_start': False}
Loaded performance model for budget 500: 
{'bootstrap': np.True_, 'ccp_alpha': 0.0, 'criterion': 'squared_error', 'max_depth': None, 'max_features': 0.2740092406682, 'max_leaf_nodes': None, 'max_samples': None, 'min_impurity_decrease': 0.0, 'min_samples_leaf': 18, 'min_samples_split': 8, 'min_weight_fraction_leaf': 0.0, 'monotonic_cst': None, 'n_estimators': 117, 'n_jobs': None, 'oob_score': False, 'random_state': 42, 'verbose': 0, 'warm_start': False}
Loaded performance model for budget 400: 
{'bootstrap': np.True_, 'ccp_alpha': 0.0, 'criterion': 'squared_error', 'max_depth': None, 'max_features': 0.4947068876741, 'max_leaf_nodes': None, 'max_samples': None, 'min_impurity_decrease': 0.0, 'min_samples_leaf': 13, 'min_samples_split': 15, 'min_weight_fraction_leaf': 0.0, 'monotonic_cst': None, 'n_estimators': 117, 'n_jobs': None, 'oob_score': False, 'random_state': 42, 'verbose': 0, 'warm_start': False}
Loaded performance model for budget 700: 
{'bootstrap': np.False_, 'ccp_alpha': 0.0, 'criterion': 'squared_error', 'max_depth': None, 'max_features': 0.4772663801283, 'max_leaf_nodes': None, 'max_samples': None, 'min_impurity_decrease': 0.0, 'min_samples_leaf': 2, 'min_samples_split': 5, 'min_weight_fraction_leaf': 0.0, 'monotonic_cst': None, 'n_estimators': 51, 'n_jobs': None, 'oob_score': False, 'random_state': 42, 'verbose': 0, 'warm_start': False}
Loaded performance model for budget 300: 
{'bootstrap': np.True_, 'ccp_alpha': 0.0, 'criterion': 'squared_error', 'max_depth': None, 'max_features': 0.1944641485112, 'max_leaf_nodes': None, 'max_samples': None, 'min_impurity_decrease': 0.0, 'min_samples_leaf': 15, 'min_samples_split': 8, 'min_weight_fraction_leaf': 0.0, 'monotonic_cst': None, 'n_estimators': 106, 'n_jobs': None, 'oob_score': False, 'random_state': 42, 'verbose': 0, 'warm_start': False}
Loaded performance model for budget 600: 
{'bootstrap': np.True_, 'ccp_alpha': 0.0, 'criterion': 'squared_error', 'max_depth': None, 'max_features': 0.2150967139138, 'max_leaf_nodes': None, 'max_samples': None, 'min_impurity_decrease': 0.0, 'min_samples_leaf': 1, 'min_samples_split': 4, 'min_weight_fraction_leaf': 0.0, 'monotonic_cst': None, 'n_estimators': 58, 'n_jobs': None, 'oob_score': False, 'random_state': 42, 'verbose': 0, 'warm_start': False}
Loaded performance model for budget 900: 
{'bootstrap': np.False_, 'ccp_alpha': 0.0, 'criterion': 'squared_error', 'max_depth': None, 'max_features': 0.2657704719977, 'max_leaf_nodes': None, 'max_samples': None, 'min_impurity_decrease': 0.0, 'min_samples_leaf': 6, 'min_samples_split': 17, 'min_weight_fraction_leaf': 0.0, 'monotonic_cst': None, 'n_estimators': 127, 'n_jobs': None, 'oob_score': False, 'random_state': 42, 'verbose': 0, 'warm_start': False}
Loaded performance model for budget 950: 
{'bootstrap': np.False_, 'ccp_alpha': 0.0, 'criterion': 'squared_error', 'max_depth': None, 'max_features': 0.3647878636671, 'max_leaf_nodes': None, 'max_samples': None, 'min_impurity_decrease': 0.0, 'min_samples_leaf': 14, 'min_samples_split': 6, 'min_weight_fraction_leaf': 0.0, 'monotonic_cst': None, 'n_estimators': 75, 'n_jobs': None, 'oob_score': False, 'random_state': 42, 'verbose': 0, 'warm_start': False}
Loaded performance model for budget 850: 
{'bootstrap': np.True_, 'ccp_alpha': 0.0, 'criterion': 'squared_error', 'max_depth': None, 'max_features': 0.2889234137775, 'max_leaf_nodes': None, 'max_samples': None, 'min_impurity_decrease': 0.0, 'min_samples_leaf': 8, 'min_samples_split': 19, 'min_weight_fraction_leaf': 0.0, 'monotonic_cst': None, 'n_estimators': 75, 'n_jobs': None, 'oob_score': False, 'random_state': 42, 'verbose': 0, 'warm_start': False}
Loaded performance model for budget 550: 
{'bootstrap': np.True_, 'ccp_alpha': 0.0, 'criterion': 'squared_error', 'max_depth': None, 'max_features': 0.1563091088638, 'max_leaf_nodes': None, 'max_samples': None, 'min_impurity_decrease': 0.0, 'min_samples_leaf': 7, 'min_samples_split': 16, 'min_weight_fraction_leaf': 0.0, 'monotonic_cst': None, 'n_estimators': 47, 'n_jobs': None, 'oob_score': False, 'random_state': 42, 'verbose': 0, 'warm_start': False}
Loaded performance model for budget 200: 
{'bootstrap': np.True_, 'ccp_alpha': 0.0, 'criterion': 'squared_error', 'max_depth': None, 'max_features': 0.1266362499132, 'max_leaf_nodes': None, 'max_samples': None, 'min_impurity_decrease': 0.0, 'min_samples_leaf': 1, 'min_samples_split': 20, 'min_weight_fraction_leaf': 0.0, 'monotonic_cst': None, 'n_estimators': 83, 'n_jobs': None, 'oob_score': False, 'random_state': 42, 'verbose': 0, 'warm_start': False}
Loaded performance model for budget 250: 
{'bootstrap': np.True_, 'ccp_alpha': 0.0, 'criterion': 'squared_error', 'max_depth': None, 'max_features': 0.1175143981562, 'max_leaf_nodes': None, 'max_samples': None, 'min_impurity_decrease': 0.0, 'min_samples_leaf': 9, 'min_samples_split': 11, 'min_weight_fraction_leaf': 0.0, 'monotonic_cst': None, 'n_estimators': 69, 'n_jobs': None, 'oob_score': False, 'random_state': 42, 'verbose': 0, 'warm_start': False}
Loaded performance model for budget 450: 
{'bootstrap': np.False_, 'ccp_alpha': 0.0, 'criterion': 'squared_error', 'max_depth': None, 'max_features': 0.2827800997834, 'max_leaf_nodes': None, 'max_samples': None, 'min_impurity_decrease': 0.0, 'min_samples_leaf': 9, 'min_samples_split': 15, 'min_weight_fraction_leaf': 0.0, 'monotonic_cst': None, 'n_estimators': 61, 'n_jobs': None, 'oob_score': False, 'random_state': 42, 'verbose': 0, 'warm_start': False}
Loaded performance model for budget 150: 
{'bootstrap': np.True_, 'ccp_alpha': 0.0, 'criterion': 'squared_error', 'max_depth': None, 'max_features': 0.1492034611027, 'max_leaf_nodes': None, 'max_samples': None, 'min_impurity_decrease': 0.0, 'min_samples_leaf': 1, 'min_samples_split': 20, 'min_weight_fraction_leaf': 0.0, 'monotonic_cst': None, 'n_estimators': 53, 'n_jobs': None, 'oob_score': False, 'random_state': 42, 'verbose': 0, 'warm_start': False}
Processing (fid=1, iid=6, rep=0)...
Processing (fid=1, iid=6, rep=1)...
Processing (fid=1, iid=6, rep=2)...
Processing (fid=1, iid=6, rep=3)...
Processing (fid=1, iid=6, rep=4)...
Processing (fid=1, iid=6, rep=5)...
Processing (fid=1, iid=6, rep=6)...
Processing (fid=1, iid=6, rep=7)...
Processing (fid=1, iid=6, rep=8)...
Processing (fid=1, iid=6, rep=9)...
Processing (fid=1, iid=6, rep=10)...
Processing (fid=1, iid=6, rep=11)...
Processing (fid=1, iid=6, rep=12)...
Processing (fid=1, iid=6, rep=13)...
Processing (fid=1, iid=6, rep=14)...
Processing (fid=1, iid=6, rep=15)...
Processing (fid=1, iid=6, rep=16)...
Processing (fid=1, iid=6, rep=17)...
Processing (fid=1, iid=6, rep=18)...
Processing (fid=1, iid=6, rep=19)...
Processing (fid=1, iid=7, rep=0)...
Processing (fid=1, iid=7, rep=1)...
Processing (fid=1, iid=7, rep=2)...
Processing (fid=1, iid=7, rep=3)...
Processing (fid=1, iid=7, rep=4)...
Processing (fid=1, iid=7, rep=5)...
Processing (fid=1, iid=7, rep=6)...
Processing (fid=1, iid=7, rep=7)...
Processing (fid=1, iid=7, rep=8)...
Processing (fid=1, iid=7, rep=9)...
Processing (fid=1, iid=7, rep=10)...
Processing (fid=1, iid=7, rep=11)...
Processing (fid=1, iid=7, rep=12)...
Processing (fid=1, iid=7, rep=13)...
Processing (fid=1, iid=7, rep=14)...
Processing (fid=1, iid=7, rep=15)...
Processing (fid=1, iid=7, rep=16)...
Processing (fid=1, iid=7, rep=17)...
Processing (fid=1, iid=7, rep=18)...
Processing (fid=1, iid=7, rep=19)...
Processing (fid=2, iid=6, rep=0)...
Processing (fid=2, iid=6, rep=1)...
Processing (fid=2, iid=6, rep=2)...
Processing (fid=2, iid=6, rep=3)...
Processing (fid=2, iid=6, rep=4)...
Processing (fid=2, iid=6, rep=5)...
Processing (fid=2, iid=6, rep=6)...
Processing (fid=2, iid=6, rep=7)...
Processing (fid=2, iid=6, rep=8)...
Processing (fid=2, iid=6, rep=9)...
Processing (fid=2, iid=6, rep=10)...
Processing (fid=2, iid=6, rep=11)...
Processing (fid=2, iid=6, rep=12)...
Processing (fid=2, iid=6, rep=13)...
Processing (fid=2, iid=6, rep=14)...
Processing (fid=2, iid=6, rep=15)...
Processing (fid=2, iid=6, rep=16)...
Processing (fid=2, iid=6, rep=17)...
Processing (fid=2, iid=6, rep=18)...
Processing (fid=2, iid=6, rep=19)...
Processing (fid=2, iid=7, rep=0)...
Processing (fid=2, iid=7, rep=1)...
Processing (fid=2, iid=7, rep=2)...
Processing (fid=2, iid=7, rep=3)...
Processing (fid=2, iid=7, rep=4)...
Processing (fid=2, iid=7, rep=5)...
Processing (fid=2, iid=7, rep=6)...
Processing (fid=2, iid=7, rep=7)...
Processing (fid=2, iid=7, rep=8)...
Processing (fid=2, iid=7, rep=9)...
Processing (fid=2, iid=7, rep=10)...
Processing (fid=2, iid=7, rep=11)...
Processing (fid=2, iid=7, rep=12)...
Processing (fid=2, iid=7, rep=13)...
Processing (fid=2, iid=7, rep=14)...
Processing (fid=2, iid=7, rep=15)...
Processing (fid=2, iid=7, rep=16)...
Processing (fid=2, iid=7, rep=17)...
Processing (fid=2, iid=7, rep=18)...
Processing (fid=2, iid=7, rep=19)...
Processing (fid=3, iid=6, rep=0)...
Processing (fid=3, iid=6, rep=1)...
Processing (fid=3, iid=6, rep=2)...
Processing (fid=3, iid=6, rep=3)...
Processing (fid=3, iid=6, rep=4)...
Processing (fid=3, iid=6, rep=5)...
Processing (fid=3, iid=6, rep=6)...
Processing (fid=3, iid=6, rep=7)...
Processing (fid=3, iid=6, rep=8)...
Processing (fid=3, iid=6, rep=9)...
Processing (fid=3, iid=6, rep=10)...
Processing (fid=3, iid=6, rep=11)...
Processing (fid=3, iid=6, rep=12)...
Processing (fid=3, iid=6, rep=13)...
Processing (fid=3, iid=6, rep=14)...
Processing (fid=3, iid=6, rep=15)...
Processing (fid=3, iid=6, rep=16)...
Processing (fid=3, iid=6, rep=17)...
Processing (fid=3, iid=6, rep=18)...
Processing (fid=3, iid=6, rep=19)...
Processing (fid=3, iid=7, rep=0)...
Processing (fid=3, iid=7, rep=1)...
Processing (fid=3, iid=7, rep=2)...
Processing (fid=3, iid=7, rep=3)...
Processing (fid=3, iid=7, rep=4)...
Processing (fid=3, iid=7, rep=5)...
Processing (fid=3, iid=7, rep=6)...
Processing (fid=3, iid=7, rep=7)...
Processing (fid=3, iid=7, rep=8)...
Processing (fid=3, iid=7, rep=9)...
Processing (fid=3, iid=7, rep=10)...
Processing (fid=3, iid=7, rep=11)...
Processing (fid=3, iid=7, rep=12)...
Processing (fid=3, iid=7, rep=13)...
Processing (fid=3, iid=7, rep=14)...
Processing (fid=3, iid=7, rep=15)...
Processing (fid=3, iid=7, rep=16)...
Processing (fid=3, iid=7, rep=17)...
Processing (fid=3, iid=7, rep=18)...
Processing (fid=3, iid=7, rep=19)...
Processing (fid=4, iid=6, rep=0)...
Processing (fid=4, iid=6, rep=1)...
Processing (fid=4, iid=6, rep=2)...
Processing (fid=4, iid=6, rep=3)...
Processing (fid=4, iid=6, rep=4)...
Processing (fid=4, iid=6, rep=5)...
Processing (fid=4, iid=6, rep=6)...
Processing (fid=4, iid=6, rep=7)...
Processing (fid=4, iid=6, rep=8)...
Processing (fid=4, iid=6, rep=9)...
Processing (fid=4, iid=6, rep=10)...
Processing (fid=4, iid=6, rep=11)...
Processing (fid=4, iid=6, rep=12)...
Processing (fid=4, iid=6, rep=13)...
Processing (fid=4, iid=6, rep=14)...
Processing (fid=4, iid=6, rep=15)...
Processing (fid=4, iid=6, rep=16)...
Processing (fid=4, iid=6, rep=17)...
Processing (fid=4, iid=6, rep=18)...
Processing (fid=4, iid=6, rep=19)...
Processing (fid=4, iid=7, rep=0)...
Processing (fid=4, iid=7, rep=1)...
Processing (fid=4, iid=7, rep=2)...
Processing (fid=4, iid=7, rep=3)...
Processing (fid=4, iid=7, rep=4)...
Processing (fid=4, iid=7, rep=5)...
Processing (fid=4, iid=7, rep=6)...
Processing (fid=4, iid=7, rep=7)...
Processing (fid=4, iid=7, rep=8)...
Processing (fid=4, iid=7, rep=9)...
Processing (fid=4, iid=7, rep=10)...
Processing (fid=4, iid=7, rep=11)...
Processing (fid=4, iid=7, rep=12)...
Processing (fid=4, iid=7, rep=13)...
Processing (fid=4, iid=7, rep=14)...
Processing (fid=4, iid=7, rep=15)...
Processing (fid=4, iid=7, rep=16)...
Processing (fid=4, iid=7, rep=17)...
Processing (fid=4, iid=7, rep=18)...
Processing (fid=4, iid=7, rep=19)...
Processing (fid=5, iid=6, rep=0)...
Processing (fid=5, iid=6, rep=1)...
Processing (fid=5, iid=6, rep=2)...
Processing (fid=5, iid=6, rep=3)...
Processing (fid=5, iid=6, rep=4)...
Processing (fid=5, iid=6, rep=5)...
Processing (fid=5, iid=6, rep=6)...
Processing (fid=5, iid=6, rep=7)...
Processing (fid=5, iid=6, rep=8)...
Processing (fid=5, iid=6, rep=9)...
Processing (fid=5, iid=6, rep=10)...
Processing (fid=5, iid=6, rep=11)...
Processing (fid=5, iid=6, rep=12)...
Processing (fid=5, iid=6, rep=13)...
Processing (fid=5, iid=6, rep=14)...
Processing (fid=5, iid=6, rep=15)...
Processing (fid=5, iid=6, rep=16)...
Processing (fid=5, iid=6, rep=17)...
Processing (fid=5, iid=6, rep=18)...
Processing (fid=5, iid=6, rep=19)...
Processing (fid=5, iid=7, rep=0)...
Processing (fid=5, iid=7, rep=1)...
Processing (fid=5, iid=7, rep=2)...
Processing (fid=5, iid=7, rep=3)...
Processing (fid=5, iid=7, rep=4)...
Processing (fid=5, iid=7, rep=5)...
Processing (fid=5, iid=7, rep=6)...
Processing (fid=5, iid=7, rep=7)...
Processing (fid=5, iid=7, rep=8)...
Processing (fid=5, iid=7, rep=9)...
Processing (fid=5, iid=7, rep=10)...
Processing (fid=5, iid=7, rep=11)...
Processing (fid=5, iid=7, rep=12)...
Processing (fid=5, iid=7, rep=13)...
Processing (fid=5, iid=7, rep=14)...
Processing (fid=5, iid=7, rep=15)...
Processing (fid=5, iid=7, rep=16)...
Processing (fid=5, iid=7, rep=17)...
Processing (fid=5, iid=7, rep=18)...
Processing (fid=5, iid=7, rep=19)...
Processing (fid=6, iid=6, rep=0)...
Processing (fid=6, iid=6, rep=1)...
Processing (fid=6, iid=6, rep=2)...
Processing (fid=6, iid=6, rep=3)...
Processing (fid=6, iid=6, rep=4)...
Processing (fid=6, iid=6, rep=5)...
Processing (fid=6, iid=6, rep=6)...
Processing (fid=6, iid=6, rep=7)...
Processing (fid=6, iid=6, rep=8)...
Processing (fid=6, iid=6, rep=9)...
Processing (fid=6, iid=6, rep=10)...
Processing (fid=6, iid=6, rep=11)...
Processing (fid=6, iid=6, rep=12)...
Processing (fid=6, iid=6, rep=13)...
Processing (fid=6, iid=6, rep=14)...
Processing (fid=6, iid=6, rep=15)...
Processing (fid=6, iid=6, rep=16)...
Processing (fid=6, iid=6, rep=17)...
Processing (fid=6, iid=6, rep=18)...
Processing (fid=6, iid=6, rep=19)...
Processing (fid=6, iid=7, rep=0)...
Processing (fid=6, iid=7, rep=1)...
Processing (fid=6, iid=7, rep=2)...
Processing (fid=6, iid=7, rep=3)...
Processing (fid=6, iid=7, rep=4)...
Processing (fid=6, iid=7, rep=5)...
Processing (fid=6, iid=7, rep=6)...
Processing (fid=6, iid=7, rep=7)...
Processing (fid=6, iid=7, rep=8)...
Processing (fid=6, iid=7, rep=9)...
Processing (fid=6, iid=7, rep=10)...
Processing (fid=6, iid=7, rep=11)...
Processing (fid=6, iid=7, rep=12)...
Processing (fid=6, iid=7, rep=13)...
Processing (fid=6, iid=7, rep=14)...
Processing (fid=6, iid=7, rep=15)...
Processing (fid=6, iid=7, rep=16)...
Processing (fid=6, iid=7, rep=17)...
Processing (fid=6, iid=7, rep=18)...
Processing (fid=6, iid=7, rep=19)...
Processing (fid=7, iid=6, rep=0)...
Processing (fid=7, iid=6, rep=1)...
Processing (fid=7, iid=6, rep=2)...
Processing (fid=7, iid=6, rep=3)...
Processing (fid=7, iid=6, rep=4)...
Processing (fid=7, iid=6, rep=5)...
Processing (fid=7, iid=6, rep=6)...
Processing (fid=7, iid=6, rep=7)...
Processing (fid=7, iid=6, rep=8)...
Processing (fid=7, iid=6, rep=9)...
Processing (fid=7, iid=6, rep=10)...
Processing (fid=7, iid=6, rep=11)...
Processing (fid=7, iid=6, rep=12)...
Processing (fid=7, iid=6, rep=13)...
Processing (fid=7, iid=6, rep=14)...
Processing (fid=7, iid=6, rep=15)...
Processing (fid=7, iid=6, rep=16)...
Processing (fid=7, iid=6, rep=17)...
Processing (fid=7, iid=6, rep=18)...
Processing (fid=7, iid=6, rep=19)...
Processing (fid=7, iid=7, rep=0)...
Processing (fid=7, iid=7, rep=1)...
Processing (fid=7, iid=7, rep=2)...
Processing (fid=7, iid=7, rep=3)...
Processing (fid=7, iid=7, rep=4)...
Processing (fid=7, iid=7, rep=5)...
Processing (fid=7, iid=7, rep=6)...
Processing (fid=7, iid=7, rep=7)...
Processing (fid=7, iid=7, rep=8)...
Processing (fid=7, iid=7, rep=9)...
Processing (fid=7, iid=7, rep=10)...
Processing (fid=7, iid=7, rep=11)...
Processing (fid=7, iid=7, rep=12)...
Processing (fid=7, iid=7, rep=13)...
Processing (fid=7, iid=7, rep=14)...
Processing (fid=7, iid=7, rep=15)...
Processing (fid=7, iid=7, rep=16)...
Processing (fid=7, iid=7, rep=17)...
Processing (fid=7, iid=7, rep=18)...
Processing (fid=7, iid=7, rep=19)...
Processing (fid=8, iid=6, rep=0)...
Processing (fid=8, iid=6, rep=1)...
Processing (fid=8, iid=6, rep=2)...
Processing (fid=8, iid=6, rep=3)...
Processing (fid=8, iid=6, rep=4)...
Processing (fid=8, iid=6, rep=5)...
Processing (fid=8, iid=6, rep=6)...
Processing (fid=8, iid=6, rep=7)...
Processing (fid=8, iid=6, rep=8)...
Processing (fid=8, iid=6, rep=9)...
Processing (fid=8, iid=6, rep=10)...
Processing (fid=8, iid=6, rep=11)...
Processing (fid=8, iid=6, rep=12)...
Processing (fid=8, iid=6, rep=13)...
Processing (fid=8, iid=6, rep=14)...
Processing (fid=8, iid=6, rep=15)...
Processing (fid=8, iid=6, rep=16)...
Processing (fid=8, iid=6, rep=17)...
Processing (fid=8, iid=6, rep=18)...
Processing (fid=8, iid=6, rep=19)...
Processing (fid=8, iid=7, rep=0)...
Processing (fid=8, iid=7, rep=1)...
Processing (fid=8, iid=7, rep=2)...
Processing (fid=8, iid=7, rep=3)...
Processing (fid=8, iid=7, rep=4)...
Processing (fid=8, iid=7, rep=5)...
Processing (fid=8, iid=7, rep=6)...
Processing (fid=8, iid=7, rep=7)...
Processing (fid=8, iid=7, rep=8)...
Processing (fid=8, iid=7, rep=9)...
Processing (fid=8, iid=7, rep=10)...
Processing (fid=8, iid=7, rep=11)...
Processing (fid=8, iid=7, rep=12)...
Processing (fid=8, iid=7, rep=13)...
Processing (fid=8, iid=7, rep=14)...
Processing (fid=8, iid=7, rep=15)...
Processing (fid=8, iid=7, rep=16)...
Processing (fid=8, iid=7, rep=17)...
Processing (fid=8, iid=7, rep=18)...
Processing (fid=8, iid=7, rep=19)...
Processing (fid=9, iid=6, rep=0)...
Processing (fid=9, iid=6, rep=1)...
Processing (fid=9, iid=6, rep=2)...
Processing (fid=9, iid=6, rep=3)...
Processing (fid=9, iid=6, rep=4)...
Processing (fid=9, iid=6, rep=5)...
Processing (fid=9, iid=6, rep=6)...
Processing (fid=9, iid=6, rep=7)...
Processing (fid=9, iid=6, rep=8)...
Processing (fid=9, iid=6, rep=9)...
Processing (fid=9, iid=6, rep=10)...
Processing (fid=9, iid=6, rep=11)...
Processing (fid=9, iid=6, rep=12)...
Processing (fid=9, iid=6, rep=13)...
Processing (fid=9, iid=6, rep=14)...
Processing (fid=9, iid=6, rep=15)...
Processing (fid=9, iid=6, rep=16)...
Processing (fid=9, iid=6, rep=17)...
Processing (fid=9, iid=6, rep=18)...
Processing (fid=9, iid=6, rep=19)...
Processing (fid=9, iid=7, rep=0)...
Processing (fid=9, iid=7, rep=1)...
Processing (fid=9, iid=7, rep=2)...
Processing (fid=9, iid=7, rep=3)...
Processing (fid=9, iid=7, rep=4)...
Processing (fid=9, iid=7, rep=5)...
Processing (fid=9, iid=7, rep=6)...
Processing (fid=9, iid=7, rep=7)...
Processing (fid=9, iid=7, rep=8)...
Processing (fid=9, iid=7, rep=9)...
Processing (fid=9, iid=7, rep=10)...
Processing (fid=9, iid=7, rep=11)...
Processing (fid=9, iid=7, rep=12)...
Processing (fid=9, iid=7, rep=13)...
Processing (fid=9, iid=7, rep=14)...
Processing (fid=9, iid=7, rep=15)...
Processing (fid=9, iid=7, rep=16)...
Processing (fid=9, iid=7, rep=17)...
Processing (fid=9, iid=7, rep=18)...
Processing (fid=9, iid=7, rep=19)...
Processing (fid=10, iid=6, rep=0)...
Processing (fid=10, iid=6, rep=1)...
Processing (fid=10, iid=6, rep=2)...
Processing (fid=10, iid=6, rep=3)...
Processing (fid=10, iid=6, rep=4)...
Processing (fid=10, iid=6, rep=5)...
Processing (fid=10, iid=6, rep=6)...
Processing (fid=10, iid=6, rep=7)...
Processing (fid=10, iid=6, rep=8)...
Processing (fid=10, iid=6, rep=9)...
Processing (fid=10, iid=6, rep=10)...
Processing (fid=10, iid=6, rep=11)...
Processing (fid=10, iid=6, rep=12)...
Processing (fid=10, iid=6, rep=13)...
Processing (fid=10, iid=6, rep=14)...
Processing (fid=10, iid=6, rep=15)...
Processing (fid=10, iid=6, rep=16)...
Processing (fid=10, iid=6, rep=17)...
Processing (fid=10, iid=6, rep=18)...
Processing (fid=10, iid=6, rep=19)...
Processing (fid=10, iid=7, rep=0)...
Processing (fid=10, iid=7, rep=1)...
Processing (fid=10, iid=7, rep=2)...
Processing (fid=10, iid=7, rep=3)...
Processing (fid=10, iid=7, rep=4)...
Processing (fid=10, iid=7, rep=5)...
Processing (fid=10, iid=7, rep=6)...
Processing (fid=10, iid=7, rep=7)...
Processing (fid=10, iid=7, rep=8)...
Processing (fid=10, iid=7, rep=9)...
Processing (fid=10, iid=7, rep=10)...
Processing (fid=10, iid=7, rep=11)...
Processing (fid=10, iid=7, rep=12)...
Processing (fid=10, iid=7, rep=13)...
Processing (fid=10, iid=7, rep=14)...
Processing (fid=10, iid=7, rep=15)...
Processing (fid=10, iid=7, rep=16)...
Processing (fid=10, iid=7, rep=17)...
Processing (fid=10, iid=7, rep=18)...
Processing (fid=10, iid=7, rep=19)...
Processing (fid=11, iid=6, rep=0)...
Processing (fid=11, iid=6, rep=1)...
Processing (fid=11, iid=6, rep=2)...
Processing (fid=11, iid=6, rep=3)...
Processing (fid=11, iid=6, rep=4)...
Processing (fid=11, iid=6, rep=5)...
Processing (fid=11, iid=6, rep=6)...
Processing (fid=11, iid=6, rep=7)...
Processing (fid=11, iid=6, rep=8)...
Processing (fid=11, iid=6, rep=9)...
Processing (fid=11, iid=6, rep=10)...
Processing (fid=11, iid=6, rep=11)...
Processing (fid=11, iid=6, rep=12)...
Processing (fid=11, iid=6, rep=13)...
Processing (fid=11, iid=6, rep=14)...
Processing (fid=11, iid=6, rep=15)...
Processing (fid=11, iid=6, rep=16)...
Processing (fid=11, iid=6, rep=17)...
Processing (fid=11, iid=6, rep=18)...
Processing (fid=11, iid=6, rep=19)...
Processing (fid=11, iid=7, rep=0)...
Processing (fid=11, iid=7, rep=1)...
Processing (fid=11, iid=7, rep=2)...
Processing (fid=11, iid=7, rep=3)...
Processing (fid=11, iid=7, rep=4)...
Processing (fid=11, iid=7, rep=5)...
Processing (fid=11, iid=7, rep=6)...
Processing (fid=11, iid=7, rep=7)...
Processing (fid=11, iid=7, rep=8)...
Processing (fid=11, iid=7, rep=9)...
Processing (fid=11, iid=7, rep=10)...
Processing (fid=11, iid=7, rep=11)...
Processing (fid=11, iid=7, rep=12)...
Processing (fid=11, iid=7, rep=13)...
Processing (fid=11, iid=7, rep=14)...
Processing (fid=11, iid=7, rep=15)...
Processing (fid=11, iid=7, rep=16)...
Processing (fid=11, iid=7, rep=17)...
Processing (fid=11, iid=7, rep=18)...
Processing (fid=11, iid=7, rep=19)...
Processing (fid=12, iid=6, rep=0)...
Processing (fid=12, iid=6, rep=1)...
Processing (fid=12, iid=6, rep=2)...
Processing (fid=12, iid=6, rep=3)...
Processing (fid=12, iid=6, rep=4)...
Processing (fid=12, iid=6, rep=5)...
Processing (fid=12, iid=6, rep=6)...
Processing (fid=12, iid=6, rep=7)...
Processing (fid=12, iid=6, rep=8)...
Processing (fid=12, iid=6, rep=9)...
Processing (fid=12, iid=6, rep=10)...
Processing (fid=12, iid=6, rep=11)...
Processing (fid=12, iid=6, rep=12)...
Processing (fid=12, iid=6, rep=13)...
Processing (fid=12, iid=6, rep=14)...
Processing (fid=12, iid=6, rep=15)...
Processing (fid=12, iid=6, rep=16)...
Processing (fid=12, iid=6, rep=17)...
Processing (fid=12, iid=6, rep=18)...
Processing (fid=12, iid=6, rep=19)...
Processing (fid=12, iid=7, rep=0)...
Processing (fid=12, iid=7, rep=1)...
Processing (fid=12, iid=7, rep=2)...
Processing (fid=12, iid=7, rep=3)...
Processing (fid=12, iid=7, rep=4)...
Processing (fid=12, iid=7, rep=5)...
Processing (fid=12, iid=7, rep=6)...
Processing (fid=12, iid=7, rep=7)...
Processing (fid=12, iid=7, rep=8)...
Processing (fid=12, iid=7, rep=9)...
Processing (fid=12, iid=7, rep=10)...
Processing (fid=12, iid=7, rep=11)...
Processing (fid=12, iid=7, rep=12)...
Processing (fid=12, iid=7, rep=13)...
Processing (fid=12, iid=7, rep=14)...
Processing (fid=12, iid=7, rep=15)...
Processing (fid=12, iid=7, rep=16)...
Processing (fid=12, iid=7, rep=17)...
Processing (fid=12, iid=7, rep=18)...
Processing (fid=12, iid=7, rep=19)...
Processing (fid=13, iid=6, rep=0)...
Processing (fid=13, iid=6, rep=1)...
Processing (fid=13, iid=6, rep=2)...
Processing (fid=13, iid=6, rep=3)...
Processing (fid=13, iid=6, rep=4)...
Processing (fid=13, iid=6, rep=5)...
Processing (fid=13, iid=6, rep=6)...
Processing (fid=13, iid=6, rep=7)...
Processing (fid=13, iid=6, rep=8)...
Processing (fid=13, iid=6, rep=9)...
Processing (fid=13, iid=6, rep=10)...
Processing (fid=13, iid=6, rep=11)...
Processing (fid=13, iid=6, rep=12)...
Processing (fid=13, iid=6, rep=13)...
Processing (fid=13, iid=6, rep=14)...
Processing (fid=13, iid=6, rep=15)...
Processing (fid=13, iid=6, rep=16)...
Processing (fid=13, iid=6, rep=17)...
Processing (fid=13, iid=6, rep=18)...
Processing (fid=13, iid=6, rep=19)...
Processing (fid=13, iid=7, rep=0)...
Processing (fid=13, iid=7, rep=1)...
Processing (fid=13, iid=7, rep=2)...
Processing (fid=13, iid=7, rep=3)...
Processing (fid=13, iid=7, rep=4)...
Processing (fid=13, iid=7, rep=5)...
Processing (fid=13, iid=7, rep=6)...
Processing (fid=13, iid=7, rep=7)...
Processing (fid=13, iid=7, rep=8)...
Processing (fid=13, iid=7, rep=9)...
Processing (fid=13, iid=7, rep=10)...
Processing (fid=13, iid=7, rep=11)...
Processing (fid=13, iid=7, rep=12)...
Processing (fid=13, iid=7, rep=13)...
Processing (fid=13, iid=7, rep=14)...
Processing (fid=13, iid=7, rep=15)...
Processing (fid=13, iid=7, rep=16)...
Processing (fid=13, iid=7, rep=17)...
Processing (fid=13, iid=7, rep=18)...
Processing (fid=13, iid=7, rep=19)...
Processing (fid=14, iid=6, rep=0)...
Processing (fid=14, iid=6, rep=1)...
Processing (fid=14, iid=6, rep=2)...
Processing (fid=14, iid=6, rep=3)...
Processing (fid=14, iid=6, rep=4)...
Processing (fid=14, iid=6, rep=5)...
Processing (fid=14, iid=6, rep=6)...
Processing (fid=14, iid=6, rep=7)...
Processing (fid=14, iid=6, rep=8)...
Processing (fid=14, iid=6, rep=9)...
Processing (fid=14, iid=6, rep=10)...
Processing (fid=14, iid=6, rep=11)...
Processing (fid=14, iid=6, rep=12)...
Processing (fid=14, iid=6, rep=13)...
Processing (fid=14, iid=6, rep=14)...
Processing (fid=14, iid=6, rep=15)...
Processing (fid=14, iid=6, rep=16)...
Processing (fid=14, iid=6, rep=17)...
Processing (fid=14, iid=6, rep=18)...
Processing (fid=14, iid=6, rep=19)...
Processing (fid=14, iid=7, rep=0)...
Processing (fid=14, iid=7, rep=1)...
Processing (fid=14, iid=7, rep=2)...
Processing (fid=14, iid=7, rep=3)...
Processing (fid=14, iid=7, rep=4)...
Processing (fid=14, iid=7, rep=5)...
Processing (fid=14, iid=7, rep=6)...
Processing (fid=14, iid=7, rep=7)...
Processing (fid=14, iid=7, rep=8)...
Processing (fid=14, iid=7, rep=9)...
Processing (fid=14, iid=7, rep=10)...
Processing (fid=14, iid=7, rep=11)...
Processing (fid=14, iid=7, rep=12)...
Processing (fid=14, iid=7, rep=13)...
Processing (fid=14, iid=7, rep=14)...
Processing (fid=14, iid=7, rep=15)...
Processing (fid=14, iid=7, rep=16)...
Processing (fid=14, iid=7, rep=17)...
Processing (fid=14, iid=7, rep=18)...
Processing (fid=14, iid=7, rep=19)...
Processing (fid=15, iid=6, rep=0)...
Processing (fid=15, iid=6, rep=1)...
Processing (fid=15, iid=6, rep=2)...
Processing (fid=15, iid=6, rep=3)...
Processing (fid=15, iid=6, rep=4)...
Processing (fid=15, iid=6, rep=5)...
Processing (fid=15, iid=6, rep=6)...
Processing (fid=15, iid=6, rep=7)...
Processing (fid=15, iid=6, rep=8)...
Processing (fid=15, iid=6, rep=9)...
Processing (fid=15, iid=6, rep=10)...
Processing (fid=15, iid=6, rep=11)...
Processing (fid=15, iid=6, rep=12)...
Processing (fid=15, iid=6, rep=13)...
Processing (fid=15, iid=6, rep=14)...
Processing (fid=15, iid=6, rep=15)...
Processing (fid=15, iid=6, rep=16)...
Processing (fid=15, iid=6, rep=17)...
Processing (fid=15, iid=6, rep=18)...
Processing (fid=15, iid=6, rep=19)...
Processing (fid=15, iid=7, rep=0)...
Processing (fid=15, iid=7, rep=1)...
Processing (fid=15, iid=7, rep=2)...
Processing (fid=15, iid=7, rep=3)...
Processing (fid=15, iid=7, rep=4)...
Processing (fid=15, iid=7, rep=5)...
Processing (fid=15, iid=7, rep=6)...
Processing (fid=15, iid=7, rep=7)...
Processing (fid=15, iid=7, rep=8)...
Processing (fid=15, iid=7, rep=9)...
Processing (fid=15, iid=7, rep=10)...
Processing (fid=15, iid=7, rep=11)...
Processing (fid=15, iid=7, rep=12)...
Processing (fid=15, iid=7, rep=13)...
Processing (fid=15, iid=7, rep=14)...
Processing (fid=15, iid=7, rep=15)...
Processing (fid=15, iid=7, rep=16)...
Processing (fid=15, iid=7, rep=17)...
Processing (fid=15, iid=7, rep=18)...
Processing (fid=15, iid=7, rep=19)...
Processing (fid=16, iid=6, rep=0)...
Processing (fid=16, iid=6, rep=1)...
Processing (fid=16, iid=6, rep=2)...
Processing (fid=16, iid=6, rep=3)...
Processing (fid=16, iid=6, rep=4)...
Processing (fid=16, iid=6, rep=5)...
Processing (fid=16, iid=6, rep=6)...
Processing (fid=16, iid=6, rep=7)...
Processing (fid=16, iid=6, rep=8)...
Processing (fid=16, iid=6, rep=9)...
Processing (fid=16, iid=6, rep=10)...
Processing (fid=16, iid=6, rep=11)...
Processing (fid=16, iid=6, rep=12)...
Processing (fid=16, iid=6, rep=13)...
Processing (fid=16, iid=6, rep=14)...
Processing (fid=16, iid=6, rep=15)...
Processing (fid=16, iid=6, rep=16)...
Processing (fid=16, iid=6, rep=17)...
Processing (fid=16, iid=6, rep=18)...
Processing (fid=16, iid=6, rep=19)...
Processing (fid=16, iid=7, rep=0)...
Processing (fid=16, iid=7, rep=1)...
Processing (fid=16, iid=7, rep=2)...
Processing (fid=16, iid=7, rep=3)...
Processing (fid=16, iid=7, rep=4)...
Processing (fid=16, iid=7, rep=5)...
Processing (fid=16, iid=7, rep=6)...
Processing (fid=16, iid=7, rep=7)...
Processing (fid=16, iid=7, rep=8)...
Processing (fid=16, iid=7, rep=9)...
Processing (fid=16, iid=7, rep=10)...
Processing (fid=16, iid=7, rep=11)...
Processing (fid=16, iid=7, rep=12)...
Processing (fid=16, iid=7, rep=13)...
Processing (fid=16, iid=7, rep=14)...
Processing (fid=16, iid=7, rep=15)...
Processing (fid=16, iid=7, rep=16)...
Processing (fid=16, iid=7, rep=17)...
Processing (fid=16, iid=7, rep=18)...
Processing (fid=16, iid=7, rep=19)...
Processing (fid=17, iid=6, rep=0)...
Processing (fid=17, iid=6, rep=1)...
Processing (fid=17, iid=6, rep=2)...
Processing (fid=17, iid=6, rep=3)...
Processing (fid=17, iid=6, rep=4)...
Processing (fid=17, iid=6, rep=5)...
Processing (fid=17, iid=6, rep=6)...
Processing (fid=17, iid=6, rep=7)...
Processing (fid=17, iid=6, rep=8)...
Processing (fid=17, iid=6, rep=9)...
Processing (fid=17, iid=6, rep=10)...
Processing (fid=17, iid=6, rep=11)...
Processing (fid=17, iid=6, rep=12)...
Processing (fid=17, iid=6, rep=13)...
Processing (fid=17, iid=6, rep=14)...
Processing (fid=17, iid=6, rep=15)...
Processing (fid=17, iid=6, rep=16)...
Processing (fid=17, iid=6, rep=17)...
Processing (fid=17, iid=6, rep=18)...
Processing (fid=17, iid=6, rep=19)...
Processing (fid=17, iid=7, rep=0)...
Processing (fid=17, iid=7, rep=1)...
Processing (fid=17, iid=7, rep=2)...
Processing (fid=17, iid=7, rep=3)...
Processing (fid=17, iid=7, rep=4)...
Processing (fid=17, iid=7, rep=5)...
Processing (fid=17, iid=7, rep=6)...
Processing (fid=17, iid=7, rep=7)...
Processing (fid=17, iid=7, rep=8)...
Processing (fid=17, iid=7, rep=9)...
Processing (fid=17, iid=7, rep=10)...
Processing (fid=17, iid=7, rep=11)...
Processing (fid=17, iid=7, rep=12)...
Processing (fid=17, iid=7, rep=13)...
Processing (fid=17, iid=7, rep=14)...
Processing (fid=17, iid=7, rep=15)...
Processing (fid=17, iid=7, rep=16)...
Processing (fid=17, iid=7, rep=17)...
Processing (fid=17, iid=7, rep=18)...
Processing (fid=17, iid=7, rep=19)...
Processing (fid=18, iid=6, rep=0)...
Processing (fid=18, iid=6, rep=1)...
Processing (fid=18, iid=6, rep=2)...
Processing (fid=18, iid=6, rep=3)...
Processing (fid=18, iid=6, rep=4)...
Processing (fid=18, iid=6, rep=5)...
Processing (fid=18, iid=6, rep=6)...
Processing (fid=18, iid=6, rep=7)...
Processing (fid=18, iid=6, rep=8)...
Processing (fid=18, iid=6, rep=9)...
Processing (fid=18, iid=6, rep=10)...
Processing (fid=18, iid=6, rep=11)...
Processing (fid=18, iid=6, rep=12)...
Processing (fid=18, iid=6, rep=13)...
Processing (fid=18, iid=6, rep=14)...
Processing (fid=18, iid=6, rep=15)...
Processing (fid=18, iid=6, rep=16)...
Processing (fid=18, iid=6, rep=17)...
Processing (fid=18, iid=6, rep=18)...
Processing (fid=18, iid=6, rep=19)...
Processing (fid=18, iid=7, rep=0)...
Processing (fid=18, iid=7, rep=1)...
Processing (fid=18, iid=7, rep=2)...
Processing (fid=18, iid=7, rep=3)...
Processing (fid=18, iid=7, rep=4)...
Processing (fid=18, iid=7, rep=5)...
Processing (fid=18, iid=7, rep=6)...
Processing (fid=18, iid=7, rep=7)...
Processing (fid=18, iid=7, rep=8)...
Processing (fid=18, iid=7, rep=9)...
Processing (fid=18, iid=7, rep=10)...
Processing (fid=18, iid=7, rep=11)...
Processing (fid=18, iid=7, rep=12)...
Processing (fid=18, iid=7, rep=13)...
Processing (fid=18, iid=7, rep=14)...
Processing (fid=18, iid=7, rep=15)...
Processing (fid=18, iid=7, rep=16)...
Processing (fid=18, iid=7, rep=17)...
Processing (fid=18, iid=7, rep=18)...
Processing (fid=18, iid=7, rep=19)...
Processing (fid=19, iid=6, rep=0)...
Processing (fid=19, iid=6, rep=1)...
Processing (fid=19, iid=6, rep=2)...
Processing (fid=19, iid=6, rep=3)...
Processing (fid=19, iid=6, rep=4)...
Processing (fid=19, iid=6, rep=5)...
Processing (fid=19, iid=6, rep=6)...
Processing (fid=19, iid=6, rep=7)...
Processing (fid=19, iid=6, rep=8)...
Processing (fid=19, iid=6, rep=9)...
Processing (fid=19, iid=6, rep=10)...
Processing (fid=19, iid=6, rep=11)...
Processing (fid=19, iid=6, rep=12)...
Processing (fid=19, iid=6, rep=13)...
Processing (fid=19, iid=6, rep=14)...
Processing (fid=19, iid=6, rep=15)...
Processing (fid=19, iid=6, rep=16)...
Processing (fid=19, iid=6, rep=17)...
Processing (fid=19, iid=6, rep=18)...
Processing (fid=19, iid=6, rep=19)...
Processing (fid=19, iid=7, rep=0)...
Processing (fid=19, iid=7, rep=1)...
Processing (fid=19, iid=7, rep=2)...
Processing (fid=19, iid=7, rep=3)...
Processing (fid=19, iid=7, rep=4)...
Processing (fid=19, iid=7, rep=5)...
Processing (fid=19, iid=7, rep=6)...
Processing (fid=19, iid=7, rep=7)...
Processing (fid=19, iid=7, rep=8)...
Processing (fid=19, iid=7, rep=9)...
Processing (fid=19, iid=7, rep=10)...
Processing (fid=19, iid=7, rep=11)...
Processing (fid=19, iid=7, rep=12)...
Processing (fid=19, iid=7, rep=13)...
Processing (fid=19, iid=7, rep=14)...
Processing (fid=19, iid=7, rep=15)...
Processing (fid=19, iid=7, rep=16)...
Processing (fid=19, iid=7, rep=17)...
Processing (fid=19, iid=7, rep=18)...
Processing (fid=19, iid=7, rep=19)...
Processing (fid=20, iid=6, rep=0)...
Processing (fid=20, iid=6, rep=1)...
Processing (fid=20, iid=6, rep=2)...
Processing (fid=20, iid=6, rep=3)...
Processing (fid=20, iid=6, rep=4)...
Processing (fid=20, iid=6, rep=5)...
Processing (fid=20, iid=6, rep=6)...
Processing (fid=20, iid=6, rep=7)...
Processing (fid=20, iid=6, rep=8)...
Processing (fid=20, iid=6, rep=9)...
Processing (fid=20, iid=6, rep=10)...
Processing (fid=20, iid=6, rep=11)...
Processing (fid=20, iid=6, rep=12)...
Processing (fid=20, iid=6, rep=13)...
Processing (fid=20, iid=6, rep=14)...
Processing (fid=20, iid=6, rep=15)...
Processing (fid=20, iid=6, rep=16)...
Processing (fid=20, iid=6, rep=17)...
Processing (fid=20, iid=6, rep=18)...
Processing (fid=20, iid=6, rep=19)...
Processing (fid=20, iid=7, rep=0)...
Processing (fid=20, iid=7, rep=1)...
Processing (fid=20, iid=7, rep=2)...
Processing (fid=20, iid=7, rep=3)...
Processing (fid=20, iid=7, rep=4)...
Processing (fid=20, iid=7, rep=5)...
Processing (fid=20, iid=7, rep=6)...
Processing (fid=20, iid=7, rep=7)...
Processing (fid=20, iid=7, rep=8)...
Processing (fid=20, iid=7, rep=9)...
Processing (fid=20, iid=7, rep=10)...
Processing (fid=20, iid=7, rep=11)...
Processing (fid=20, iid=7, rep=12)...
Processing (fid=20, iid=7, rep=13)...
Processing (fid=20, iid=7, rep=14)...
Processing (fid=20, iid=7, rep=15)...
Processing (fid=20, iid=7, rep=16)...
Processing (fid=20, iid=7, rep=17)...
Processing (fid=20, iid=7, rep=18)...
Processing (fid=20, iid=7, rep=19)...
Processing (fid=21, iid=6, rep=0)...
Processing (fid=21, iid=6, rep=1)...
Processing (fid=21, iid=6, rep=2)...
Processing (fid=21, iid=6, rep=3)...
Processing (fid=21, iid=6, rep=4)...
Processing (fid=21, iid=6, rep=5)...
Processing (fid=21, iid=6, rep=6)...
Processing (fid=21, iid=6, rep=7)...
Processing (fid=21, iid=6, rep=8)...
Processing (fid=21, iid=6, rep=9)...
Processing (fid=21, iid=6, rep=10)...
Processing (fid=21, iid=6, rep=11)...
Processing (fid=21, iid=6, rep=12)...
Processing (fid=21, iid=6, rep=13)...
Processing (fid=21, iid=6, rep=14)...
Processing (fid=21, iid=6, rep=15)...
Processing (fid=21, iid=6, rep=16)...
Processing (fid=21, iid=6, rep=17)...
Processing (fid=21, iid=6, rep=18)...
Processing (fid=21, iid=6, rep=19)...
Processing (fid=21, iid=7, rep=0)...
Processing (fid=21, iid=7, rep=1)...
Processing (fid=21, iid=7, rep=2)...
Processing (fid=21, iid=7, rep=3)...
Processing (fid=21, iid=7, rep=4)...
Processing (fid=21, iid=7, rep=5)...
Processing (fid=21, iid=7, rep=6)...
Processing (fid=21, iid=7, rep=7)...
Processing (fid=21, iid=7, rep=8)...
Processing (fid=21, iid=7, rep=9)...
Processing (fid=21, iid=7, rep=10)...
Processing (fid=21, iid=7, rep=11)...
Processing (fid=21, iid=7, rep=12)...
Processing (fid=21, iid=7, rep=13)...
Processing (fid=21, iid=7, rep=14)...
Processing (fid=21, iid=7, rep=15)...
Processing (fid=21, iid=7, rep=16)...
Processing (fid=21, iid=7, rep=17)...
Processing (fid=21, iid=7, rep=18)...
Processing (fid=21, iid=7, rep=19)...
Processing (fid=22, iid=6, rep=0)...
Processing (fid=22, iid=6, rep=1)...
Processing (fid=22, iid=6, rep=2)...
Processing (fid=22, iid=6, rep=3)...
Processing (fid=22, iid=6, rep=4)...
Processing (fid=22, iid=6, rep=5)...
Processing (fid=22, iid=6, rep=6)...
Processing (fid=22, iid=6, rep=7)...
Processing (fid=22, iid=6, rep=8)...
Processing (fid=22, iid=6, rep=9)...
Processing (fid=22, iid=6, rep=10)...
Processing (fid=22, iid=6, rep=11)...
Processing (fid=22, iid=6, rep=12)...
Processing (fid=22, iid=6, rep=13)...
Processing (fid=22, iid=6, rep=14)...
Processing (fid=22, iid=6, rep=15)...
Processing (fid=22, iid=6, rep=16)...
Processing (fid=22, iid=6, rep=17)...
Processing (fid=22, iid=6, rep=18)...
Processing (fid=22, iid=6, rep=19)...
Processing (fid=22, iid=7, rep=0)...
Processing (fid=22, iid=7, rep=1)...
Processing (fid=22, iid=7, rep=2)...
Processing (fid=22, iid=7, rep=3)...
Processing (fid=22, iid=7, rep=4)...
Processing (fid=22, iid=7, rep=5)...
Processing (fid=22, iid=7, rep=6)...
Processing (fid=22, iid=7, rep=7)...
Processing (fid=22, iid=7, rep=8)...
Processing (fid=22, iid=7, rep=9)...
Processing (fid=22, iid=7, rep=10)...
Processing (fid=22, iid=7, rep=11)...
Processing (fid=22, iid=7, rep=12)...
Processing (fid=22, iid=7, rep=13)...
Processing (fid=22, iid=7, rep=14)...
Processing (fid=22, iid=7, rep=15)...
Processing (fid=22, iid=7, rep=16)...
Processing (fid=22, iid=7, rep=17)...
Processing (fid=22, iid=7, rep=18)...
Processing (fid=22, iid=7, rep=19)...
Processing (fid=23, iid=6, rep=0)...
Processing (fid=23, iid=6, rep=1)...
Processing (fid=23, iid=6, rep=2)...
Processing (fid=23, iid=6, rep=3)...
Processing (fid=23, iid=6, rep=4)...
Processing (fid=23, iid=6, rep=5)...
Processing (fid=23, iid=6, rep=6)...
Processing (fid=23, iid=6, rep=7)...
Processing (fid=23, iid=6, rep=8)...
Processing (fid=23, iid=6, rep=9)...
Processing (fid=23, iid=6, rep=10)...
Processing (fid=23, iid=6, rep=11)...
Processing (fid=23, iid=6, rep=12)...
Processing (fid=23, iid=6, rep=13)...
Processing (fid=23, iid=6, rep=14)...
Processing (fid=23, iid=6, rep=15)...
Processing (fid=23, iid=6, rep=16)...
Processing (fid=23, iid=6, rep=17)...
Processing (fid=23, iid=6, rep=18)...
Processing (fid=23, iid=6, rep=19)...
Processing (fid=23, iid=7, rep=0)...
Processing (fid=23, iid=7, rep=1)...
Processing (fid=23, iid=7, rep=2)...
Processing (fid=23, iid=7, rep=3)...
Processing (fid=23, iid=7, rep=4)...
Processing (fid=23, iid=7, rep=5)...
Processing (fid=23, iid=7, rep=6)...
Processing (fid=23, iid=7, rep=7)...
Processing (fid=23, iid=7, rep=8)...
Processing (fid=23, iid=7, rep=9)...
Processing (fid=23, iid=7, rep=10)...
Processing (fid=23, iid=7, rep=11)...
Processing (fid=23, iid=7, rep=12)...
Processing (fid=23, iid=7, rep=13)...
Processing (fid=23, iid=7, rep=14)...
Processing (fid=23, iid=7, rep=15)...
Processing (fid=23, iid=7, rep=16)...
Processing (fid=23, iid=7, rep=17)...
Processing (fid=23, iid=7, rep=18)...
Processing (fid=23, iid=7, rep=19)...
Processing (fid=24, iid=6, rep=0)...
Processing (fid=24, iid=6, rep=1)...
Processing (fid=24, iid=6, rep=2)...
Processing (fid=24, iid=6, rep=3)...
Processing (fid=24, iid=6, rep=4)...
Processing (fid=24, iid=6, rep=5)...
Processing (fid=24, iid=6, rep=6)...
Processing (fid=24, iid=6, rep=7)...
Processing (fid=24, iid=6, rep=8)...
Processing (fid=24, iid=6, rep=9)...
Processing (fid=24, iid=6, rep=10)...
Processing (fid=24, iid=6, rep=11)...
Processing (fid=24, iid=6, rep=12)...
Processing (fid=24, iid=6, rep=13)...
Processing (fid=24, iid=6, rep=14)...
Processing (fid=24, iid=6, rep=15)...
Processing (fid=24, iid=6, rep=16)...
Processing (fid=24, iid=6, rep=17)...
Processing (fid=24, iid=6, rep=18)...
Processing (fid=24, iid=6, rep=19)...
Processing (fid=24, iid=7, rep=0)...
Processing (fid=24, iid=7, rep=1)...
Processing (fid=24, iid=7, rep=2)...
Processing (fid=24, iid=7, rep=3)...
Processing (fid=24, iid=7, rep=4)...
Processing (fid=24, iid=7, rep=5)...
Processing (fid=24, iid=7, rep=6)...
Processing (fid=24, iid=7, rep=7)...
Processing (fid=24, iid=7, rep=8)...
Processing (fid=24, iid=7, rep=9)...
Processing (fid=24, iid=7, rep=10)...
Processing (fid=24, iid=7, rep=11)...
Processing (fid=24, iid=7, rep=12)...
Processing (fid=24, iid=7, rep=13)...
Processing (fid=24, iid=7, rep=14)...
Processing (fid=24, iid=7, rep=15)...
Processing (fid=24, iid=7, rep=16)...
Processing (fid=24, iid=7, rep=17)...
Processing (fid=24, iid=7, rep=18)...
Processing (fid=24, iid=7, rep=19)...
Incremental results saved to: ../results/all_epms_auc/selector_results_with_lookahead_all_epms_17.csv
