Loading models...
Selector model dir: ../data/trained_models/untuned_models/switching_models_lookahead_untuned_5
Performance model dir: ../data/trained_models/untuned_models/algo_performance_models_untuned_trained
{'bootstrap': False, 'ccp_alpha': 0.0, 'class_weight': None, 'criterion': 'gini', 'max_depth': None, 'max_features': 0.1705585215975, 'max_leaf_nodes': None, 'max_samples': None, 'min_impurity_decrease': 0.0, 'min_samples_leaf': 2, 'min_samples_split': 2, 'min_weight_fraction_leaf': 0.0, 'monotonic_cst': None, 'n_estimators': 116, 'n_jobs': None, 'oob_score': False, 'random_state': 42, 'verbose': 0, 'warm_start': False}
Loaded switching model for budget 900
{'bootstrap': False, 'ccp_alpha': 0.0, 'class_weight': None, 'criterion': 'gini', 'max_depth': None, 'max_features': 0.1705585215975, 'max_leaf_nodes': None, 'max_samples': None, 'min_impurity_decrease': 0.0, 'min_samples_leaf': 2, 'min_samples_split': 2, 'min_weight_fraction_leaf': 0.0, 'monotonic_cst': None, 'n_estimators': 116, 'n_jobs': None, 'oob_score': False, 'random_state': 42, 'verbose': 0, 'warm_start': False}
Loaded switching model for budget 400
{'bootstrap': False, 'ccp_alpha': 0.0, 'class_weight': None, 'criterion': 'gini', 'max_depth': None, 'max_features': 0.1705585215975, 'max_leaf_nodes': None, 'max_samples': None, 'min_impurity_decrease': 0.0, 'min_samples_leaf': 2, 'min_samples_split': 2, 'min_weight_fraction_leaf': 0.0, 'monotonic_cst': None, 'n_estimators': 116, 'n_jobs': None, 'oob_score': False, 'random_state': 42, 'verbose': 0, 'warm_start': False}
Loaded switching model for budget 600
{'bootstrap': False, 'ccp_alpha': 0.0, 'class_weight': None, 'criterion': 'gini', 'max_depth': None, 'max_features': 0.1705585215975, 'max_leaf_nodes': None, 'max_samples': None, 'min_impurity_decrease': 0.0, 'min_samples_leaf': 2, 'min_samples_split': 2, 'min_weight_fraction_leaf': 0.0, 'monotonic_cst': None, 'n_estimators': 116, 'n_jobs': None, 'oob_score': False, 'random_state': 42, 'verbose': 0, 'warm_start': False}
Loaded switching model for budget 250
{'bootstrap': False, 'ccp_alpha': 0.0, 'class_weight': None, 'criterion': 'gini', 'max_depth': None, 'max_features': 0.1705585215975, 'max_leaf_nodes': None, 'max_samples': None, 'min_impurity_decrease': 0.0, 'min_samples_leaf': 2, 'min_samples_split': 2, 'min_weight_fraction_leaf': 0.0, 'monotonic_cst': None, 'n_estimators': 116, 'n_jobs': None, 'oob_score': False, 'random_state': 42, 'verbose': 0, 'warm_start': False}
Loaded switching model for budget 200
{'bootstrap': False, 'ccp_alpha': 0.0, 'class_weight': None, 'criterion': 'gini', 'max_depth': None, 'max_features': 0.1705585215975, 'max_leaf_nodes': None, 'max_samples': None, 'min_impurity_decrease': 0.0, 'min_samples_leaf': 2, 'min_samples_split': 2, 'min_weight_fraction_leaf': 0.0, 'monotonic_cst': None, 'n_estimators': 116, 'n_jobs': None, 'oob_score': False, 'random_state': 42, 'verbose': 0, 'warm_start': False}
Loaded switching model for budget 950
{'bootstrap': False, 'ccp_alpha': 0.0, 'class_weight': None, 'criterion': 'gini', 'max_depth': None, 'max_features': 0.1705585215975, 'max_leaf_nodes': None, 'max_samples': None, 'min_impurity_decrease': 0.0, 'min_samples_leaf': 2, 'min_samples_split': 2, 'min_weight_fraction_leaf': 0.0, 'monotonic_cst': None, 'n_estimators': 116, 'n_jobs': None, 'oob_score': False, 'random_state': 42, 'verbose': 0, 'warm_start': False}
Loaded switching model for budget 150
{'bootstrap': False, 'ccp_alpha': 0.0, 'class_weight': None, 'criterion': 'gini', 'max_depth': None, 'max_features': 0.1705585215975, 'max_leaf_nodes': None, 'max_samples': None, 'min_impurity_decrease': 0.0, 'min_samples_leaf': 2, 'min_samples_split': 2, 'min_weight_fraction_leaf': 0.0, 'monotonic_cst': None, 'n_estimators': 116, 'n_jobs': None, 'oob_score': False, 'random_state': 42, 'verbose': 0, 'warm_start': False}
Loaded switching model for budget 100
{'bootstrap': False, 'ccp_alpha': 0.0, 'class_weight': None, 'criterion': 'gini', 'max_depth': None, 'max_features': 0.1705585215975, 'max_leaf_nodes': None, 'max_samples': None, 'min_impurity_decrease': 0.0, 'min_samples_leaf': 2, 'min_samples_split': 2, 'min_weight_fraction_leaf': 0.0, 'monotonic_cst': None, 'n_estimators': 116, 'n_jobs': None, 'oob_score': False, 'random_state': 42, 'verbose': 0, 'warm_start': False}
Loaded switching model for budget 800
{'bootstrap': False, 'ccp_alpha': 0.0, 'class_weight': None, 'criterion': 'gini', 'max_depth': None, 'max_features': 0.1705585215975, 'max_leaf_nodes': None, 'max_samples': None, 'min_impurity_decrease': 0.0, 'min_samples_leaf': 2, 'min_samples_split': 2, 'min_weight_fraction_leaf': 0.0, 'monotonic_cst': None, 'n_estimators': 116, 'n_jobs': None, 'oob_score': False, 'random_state': 42, 'verbose': 0, 'warm_start': False}
Loaded switching model for budget 850
{'bootstrap': False, 'ccp_alpha': 0.0, 'class_weight': None, 'criterion': 'gini', 'max_depth': None, 'max_features': 0.1705585215975, 'max_leaf_nodes': None, 'max_samples': None, 'min_impurity_decrease': 0.0, 'min_samples_leaf': 2, 'min_samples_split': 2, 'min_weight_fraction_leaf': 0.0, 'monotonic_cst': None, 'n_estimators': 116, 'n_jobs': None, 'oob_score': False, 'random_state': 42, 'verbose': 0, 'warm_start': False}
Loaded switching model for budget 350
{'bootstrap': False, 'ccp_alpha': 0.0, 'class_weight': None, 'criterion': 'gini', 'max_depth': None, 'max_features': 0.1705585215975, 'max_leaf_nodes': None, 'max_samples': None, 'min_impurity_decrease': 0.0, 'min_samples_leaf': 2, 'min_samples_split': 2, 'min_weight_fraction_leaf': 0.0, 'monotonic_cst': None, 'n_estimators': 116, 'n_jobs': None, 'oob_score': False, 'random_state': 42, 'verbose': 0, 'warm_start': False}
Loaded switching model for budget 550
{'bootstrap': False, 'ccp_alpha': 0.0, 'class_weight': None, 'criterion': 'gini', 'max_depth': None, 'max_features': 0.1705585215975, 'max_leaf_nodes': None, 'max_samples': None, 'min_impurity_decrease': 0.0, 'min_samples_leaf': 2, 'min_samples_split': 2, 'min_weight_fraction_leaf': 0.0, 'monotonic_cst': None, 'n_estimators': 116, 'n_jobs': None, 'oob_score': False, 'random_state': 42, 'verbose': 0, 'warm_start': False}
Loaded switching model for budget 750
{'bootstrap': False, 'ccp_alpha': 0.0, 'class_weight': None, 'criterion': 'gini', 'max_depth': None, 'max_features': 0.1705585215975, 'max_leaf_nodes': None, 'max_samples': None, 'min_impurity_decrease': 0.0, 'min_samples_leaf': 2, 'min_samples_split': 2, 'min_weight_fraction_leaf': 0.0, 'monotonic_cst': None, 'n_estimators': 116, 'n_jobs': None, 'oob_score': False, 'random_state': 42, 'verbose': 0, 'warm_start': False}
Loaded switching model for budget 500
{'bootstrap': False, 'ccp_alpha': 0.0, 'class_weight': None, 'criterion': 'gini', 'max_depth': None, 'max_features': 0.1705585215975, 'max_leaf_nodes': None, 'max_samples': None, 'min_impurity_decrease': 0.0, 'min_samples_leaf': 2, 'min_samples_split': 2, 'min_weight_fraction_leaf': 0.0, 'monotonic_cst': None, 'n_estimators': 116, 'n_jobs': None, 'oob_score': False, 'random_state': 42, 'verbose': 0, 'warm_start': False}
Loaded switching model for budget 300
{'bootstrap': False, 'ccp_alpha': 0.0, 'class_weight': None, 'criterion': 'gini', 'max_depth': None, 'max_features': 0.1705585215975, 'max_leaf_nodes': None, 'max_samples': None, 'min_impurity_decrease': 0.0, 'min_samples_leaf': 2, 'min_samples_split': 2, 'min_weight_fraction_leaf': 0.0, 'monotonic_cst': None, 'n_estimators': 116, 'n_jobs': None, 'oob_score': False, 'random_state': 42, 'verbose': 0, 'warm_start': False}
Loaded switching model for budget 450
{'bootstrap': False, 'ccp_alpha': 0.0, 'class_weight': None, 'criterion': 'gini', 'max_depth': None, 'max_features': 0.1705585215975, 'max_leaf_nodes': None, 'max_samples': None, 'min_impurity_decrease': 0.0, 'min_samples_leaf': 2, 'min_samples_split': 2, 'min_weight_fraction_leaf': 0.0, 'monotonic_cst': None, 'n_estimators': 116, 'n_jobs': None, 'oob_score': False, 'random_state': 42, 'verbose': 0, 'warm_start': False}
Loaded switching model for budget 50
{'bootstrap': False, 'ccp_alpha': 0.0, 'class_weight': None, 'criterion': 'gini', 'max_depth': None, 'max_features': 0.1705585215975, 'max_leaf_nodes': None, 'max_samples': None, 'min_impurity_decrease': 0.0, 'min_samples_leaf': 2, 'min_samples_split': 2, 'min_weight_fraction_leaf': 0.0, 'monotonic_cst': None, 'n_estimators': 116, 'n_jobs': None, 'oob_score': False, 'random_state': 42, 'verbose': 0, 'warm_start': False}
Loaded switching model for budget 700
{'bootstrap': False, 'ccp_alpha': 0.0, 'class_weight': None, 'criterion': 'gini', 'max_depth': None, 'max_features': 0.1705585215975, 'max_leaf_nodes': None, 'max_samples': None, 'min_impurity_decrease': 0.0, 'min_samples_leaf': 2, 'min_samples_split': 2, 'min_weight_fraction_leaf': 0.0, 'monotonic_cst': None, 'n_estimators': 116, 'n_jobs': None, 'oob_score': False, 'random_state': 42, 'verbose': 0, 'warm_start': False}
Loaded switching model for budget 650
Loaded lookahead model for budget (700, 0): 
{'bootstrap': False, 'ccp_alpha': 0.0, 'criterion': 'squared_error', 'max_depth': None, 'max_features': 0.1705585215975, 'max_leaf_nodes': None, 'max_samples': None, 'min_impurity_decrease': 0.0, 'min_samples_leaf': 2, 'min_samples_split': 2, 'min_weight_fraction_leaf': 0.0, 'monotonic_cst': None, 'n_estimators': 116, 'n_jobs': None, 'oob_score': False, 'random_state': 42, 'verbose': 0, 'warm_start': False}
Loaded lookahead model for budget (750, 0): 
{'bootstrap': False, 'ccp_alpha': 0.0, 'criterion': 'squared_error', 'max_depth': None, 'max_features': 0.1705585215975, 'max_leaf_nodes': None, 'max_samples': None, 'min_impurity_decrease': 0.0, 'min_samples_leaf': 2, 'min_samples_split': 2, 'min_weight_fraction_leaf': 0.0, 'monotonic_cst': None, 'n_estimators': 116, 'n_jobs': None, 'oob_score': False, 'random_state': 42, 'verbose': 0, 'warm_start': False}
Loaded lookahead model for budget (500, 0): 
{'bootstrap': False, 'ccp_alpha': 0.0, 'criterion': 'squared_error', 'max_depth': None, 'max_features': 0.1705585215975, 'max_leaf_nodes': None, 'max_samples': None, 'min_impurity_decrease': 0.0, 'min_samples_leaf': 2, 'min_samples_split': 2, 'min_weight_fraction_leaf': 0.0, 'monotonic_cst': None, 'n_estimators': 116, 'n_jobs': None, 'oob_score': False, 'random_state': 42, 'verbose': 0, 'warm_start': False}
Loaded lookahead model for budget (800, 0): 
{'bootstrap': False, 'ccp_alpha': 0.0, 'criterion': 'squared_error', 'max_depth': None, 'max_features': 0.1705585215975, 'max_leaf_nodes': None, 'max_samples': None, 'min_impurity_decrease': 0.0, 'min_samples_leaf': 2, 'min_samples_split': 2, 'min_weight_fraction_leaf': 0.0, 'monotonic_cst': None, 'n_estimators': 116, 'n_jobs': None, 'oob_score': False, 'random_state': 42, 'verbose': 0, 'warm_start': False}
Loaded lookahead model for budget (550, 0): 
{'bootstrap': False, 'ccp_alpha': 0.0, 'criterion': 'squared_error', 'max_depth': None, 'max_features': 0.1705585215975, 'max_leaf_nodes': None, 'max_samples': None, 'min_impurity_decrease': 0.0, 'min_samples_leaf': 2, 'min_samples_split': 2, 'min_weight_fraction_leaf': 0.0, 'monotonic_cst': None, 'n_estimators': 116, 'n_jobs': None, 'oob_score': False, 'random_state': 42, 'verbose': 0, 'warm_start': False}
Loaded lookahead model for budget (200, 0): 
{'bootstrap': False, 'ccp_alpha': 0.0, 'criterion': 'squared_error', 'max_depth': None, 'max_features': 0.1705585215975, 'max_leaf_nodes': None, 'max_samples': None, 'min_impurity_decrease': 0.0, 'min_samples_leaf': 2, 'min_samples_split': 2, 'min_weight_fraction_leaf': 0.0, 'monotonic_cst': None, 'n_estimators': 116, 'n_jobs': None, 'oob_score': False, 'random_state': 42, 'verbose': 0, 'warm_start': False}
Loaded lookahead model for budget (650, 0): 
{'bootstrap': False, 'ccp_alpha': 0.0, 'criterion': 'squared_error', 'max_depth': None, 'max_features': 0.1705585215975, 'max_leaf_nodes': None, 'max_samples': None, 'min_impurity_decrease': 0.0, 'min_samples_leaf': 2, 'min_samples_split': 2, 'min_weight_fraction_leaf': 0.0, 'monotonic_cst': None, 'n_estimators': 116, 'n_jobs': None, 'oob_score': False, 'random_state': 42, 'verbose': 0, 'warm_start': False}
Loaded lookahead model for budget (300, 0): 
{'bootstrap': False, 'ccp_alpha': 0.0, 'criterion': 'squared_error', 'max_depth': None, 'max_features': 0.1705585215975, 'max_leaf_nodes': None, 'max_samples': None, 'min_impurity_decrease': 0.0, 'min_samples_leaf': 2, 'min_samples_split': 2, 'min_weight_fraction_leaf': 0.0, 'monotonic_cst': None, 'n_estimators': 116, 'n_jobs': None, 'oob_score': False, 'random_state': 42, 'verbose': 0, 'warm_start': False}
Loaded lookahead model for budget (400, 0): 
{'bootstrap': False, 'ccp_alpha': 0.0, 'criterion': 'squared_error', 'max_depth': None, 'max_features': 0.1705585215975, 'max_leaf_nodes': None, 'max_samples': None, 'min_impurity_decrease': 0.0, 'min_samples_leaf': 2, 'min_samples_split': 2, 'min_weight_fraction_leaf': 0.0, 'monotonic_cst': None, 'n_estimators': 116, 'n_jobs': None, 'oob_score': False, 'random_state': 42, 'verbose': 0, 'warm_start': False}
Loaded lookahead model for budget (150, 0): 
{'bootstrap': False, 'ccp_alpha': 0.0, 'criterion': 'squared_error', 'max_depth': None, 'max_features': 0.1705585215975, 'max_leaf_nodes': None, 'max_samples': None, 'min_impurity_decrease': 0.0, 'min_samples_leaf': 2, 'min_samples_split': 2, 'min_weight_fraction_leaf': 0.0, 'monotonic_cst': None, 'n_estimators': 116, 'n_jobs': None, 'oob_score': False, 'random_state': 42, 'verbose': 0, 'warm_start': False}
Loaded lookahead model for budget (900, 0): 
{'bootstrap': False, 'ccp_alpha': 0.0, 'criterion': 'squared_error', 'max_depth': None, 'max_features': 0.1705585215975, 'max_leaf_nodes': None, 'max_samples': None, 'min_impurity_decrease': 0.0, 'min_samples_leaf': 2, 'min_samples_split': 2, 'min_weight_fraction_leaf': 0.0, 'monotonic_cst': None, 'n_estimators': 116, 'n_jobs': None, 'oob_score': False, 'random_state': 42, 'verbose': 0, 'warm_start': False}
Loaded lookahead model for budget (350, 0): 
{'bootstrap': False, 'ccp_alpha': 0.0, 'criterion': 'squared_error', 'max_depth': None, 'max_features': 0.1705585215975, 'max_leaf_nodes': None, 'max_samples': None, 'min_impurity_decrease': 0.0, 'min_samples_leaf': 2, 'min_samples_split': 2, 'min_weight_fraction_leaf': 0.0, 'monotonic_cst': None, 'n_estimators': 116, 'n_jobs': None, 'oob_score': False, 'random_state': 42, 'verbose': 0, 'warm_start': False}
Loaded lookahead model for budget (100, 0): 
{'bootstrap': False, 'ccp_alpha': 0.0, 'criterion': 'squared_error', 'max_depth': None, 'max_features': 0.1705585215975, 'max_leaf_nodes': None, 'max_samples': None, 'min_impurity_decrease': 0.0, 'min_samples_leaf': 2, 'min_samples_split': 2, 'min_weight_fraction_leaf': 0.0, 'monotonic_cst': None, 'n_estimators': 116, 'n_jobs': None, 'oob_score': False, 'random_state': 42, 'verbose': 0, 'warm_start': False}
Loaded lookahead model for budget (450, 0): 
{'bootstrap': False, 'ccp_alpha': 0.0, 'criterion': 'squared_error', 'max_depth': None, 'max_features': 0.1705585215975, 'max_leaf_nodes': None, 'max_samples': None, 'min_impurity_decrease': 0.0, 'min_samples_leaf': 2, 'min_samples_split': 2, 'min_weight_fraction_leaf': 0.0, 'monotonic_cst': None, 'n_estimators': 116, 'n_jobs': None, 'oob_score': False, 'random_state': 42, 'verbose': 0, 'warm_start': False}
Loaded lookahead model for budget (850, 0): 
{'bootstrap': False, 'ccp_alpha': 0.0, 'criterion': 'squared_error', 'max_depth': None, 'max_features': 0.1705585215975, 'max_leaf_nodes': None, 'max_samples': None, 'min_impurity_decrease': 0.0, 'min_samples_leaf': 2, 'min_samples_split': 2, 'min_weight_fraction_leaf': 0.0, 'monotonic_cst': None, 'n_estimators': 116, 'n_jobs': None, 'oob_score': False, 'random_state': 42, 'verbose': 0, 'warm_start': False}
Loaded lookahead model for budget (600, 0): 
{'bootstrap': False, 'ccp_alpha': 0.0, 'criterion': 'squared_error', 'max_depth': None, 'max_features': 0.1705585215975, 'max_leaf_nodes': None, 'max_samples': None, 'min_impurity_decrease': 0.0, 'min_samples_leaf': 2, 'min_samples_split': 2, 'min_weight_fraction_leaf': 0.0, 'monotonic_cst': None, 'n_estimators': 116, 'n_jobs': None, 'oob_score': False, 'random_state': 42, 'verbose': 0, 'warm_start': False}
Loaded lookahead model for budget (950, 0): 
{'bootstrap': False, 'ccp_alpha': 0.0, 'criterion': 'squared_error', 'max_depth': None, 'max_features': 0.1705585215975, 'max_leaf_nodes': None, 'max_samples': None, 'min_impurity_decrease': 0.0, 'min_samples_leaf': 2, 'min_samples_split': 2, 'min_weight_fraction_leaf': 0.0, 'monotonic_cst': None, 'n_estimators': 116, 'n_jobs': None, 'oob_score': False, 'random_state': 42, 'verbose': 0, 'warm_start': False}
Loaded lookahead model for budget (250, 0): 
{'bootstrap': False, 'ccp_alpha': 0.0, 'criterion': 'squared_error', 'max_depth': None, 'max_features': 0.1705585215975, 'max_leaf_nodes': None, 'max_samples': None, 'min_impurity_decrease': 0.0, 'min_samples_leaf': 2, 'min_samples_split': 2, 'min_weight_fraction_leaf': 0.0, 'monotonic_cst': None, 'n_estimators': 116, 'n_jobs': None, 'oob_score': False, 'random_state': 42, 'verbose': 0, 'warm_start': False}
Loaded lookahead model for budget (50, 0): 
{'bootstrap': False, 'ccp_alpha': 0.0, 'criterion': 'squared_error', 'max_depth': None, 'max_features': 0.1705585215975, 'max_leaf_nodes': None, 'max_samples': None, 'min_impurity_decrease': 0.0, 'min_samples_leaf': 2, 'min_samples_split': 2, 'min_weight_fraction_leaf': 0.0, 'monotonic_cst': None, 'n_estimators': 116, 'n_jobs': None, 'oob_score': False, 'random_state': 42, 'verbose': 0, 'warm_start': False}
Loaded lookahead model for budget (600, 1): 
{'bootstrap': False, 'ccp_alpha': 0.0, 'criterion': 'squared_error', 'max_depth': None, 'max_features': 0.1705585215975, 'max_leaf_nodes': None, 'max_samples': None, 'min_impurity_decrease': 0.0, 'min_samples_leaf': 2, 'min_samples_split': 2, 'min_weight_fraction_leaf': 0.0, 'monotonic_cst': None, 'n_estimators': 116, 'n_jobs': None, 'oob_score': False, 'random_state': 42, 'verbose': 0, 'warm_start': False}
Loaded lookahead model for budget (250, 1): 
{'bootstrap': False, 'ccp_alpha': 0.0, 'criterion': 'squared_error', 'max_depth': None, 'max_features': 0.1705585215975, 'max_leaf_nodes': None, 'max_samples': None, 'min_impurity_decrease': 0.0, 'min_samples_leaf': 2, 'min_samples_split': 2, 'min_weight_fraction_leaf': 0.0, 'monotonic_cst': None, 'n_estimators': 116, 'n_jobs': None, 'oob_score': False, 'random_state': 42, 'verbose': 0, 'warm_start': False}
Loaded lookahead model for budget (350, 1): 
{'bootstrap': False, 'ccp_alpha': 0.0, 'criterion': 'squared_error', 'max_depth': None, 'max_features': 0.1705585215975, 'max_leaf_nodes': None, 'max_samples': None, 'min_impurity_decrease': 0.0, 'min_samples_leaf': 2, 'min_samples_split': 2, 'min_weight_fraction_leaf': 0.0, 'monotonic_cst': None, 'n_estimators': 116, 'n_jobs': None, 'oob_score': False, 'random_state': 42, 'verbose': 0, 'warm_start': False}
Loaded lookahead model for budget (750, 1): 
{'bootstrap': False, 'ccp_alpha': 0.0, 'criterion': 'squared_error', 'max_depth': None, 'max_features': 0.1705585215975, 'max_leaf_nodes': None, 'max_samples': None, 'min_impurity_decrease': 0.0, 'min_samples_leaf': 2, 'min_samples_split': 2, 'min_weight_fraction_leaf': 0.0, 'monotonic_cst': None, 'n_estimators': 116, 'n_jobs': None, 'oob_score': False, 'random_state': 42, 'verbose': 0, 'warm_start': False}
Loaded lookahead model for budget (950, 1): 
{'bootstrap': False, 'ccp_alpha': 0.0, 'criterion': 'squared_error', 'max_depth': None, 'max_features': 0.1705585215975, 'max_leaf_nodes': None, 'max_samples': None, 'min_impurity_decrease': 0.0, 'min_samples_leaf': 2, 'min_samples_split': 2, 'min_weight_fraction_leaf': 0.0, 'monotonic_cst': None, 'n_estimators': 116, 'n_jobs': None, 'oob_score': False, 'random_state': 42, 'verbose': 0, 'warm_start': False}
Loaded lookahead model for budget (900, 1): 
{'bootstrap': False, 'ccp_alpha': 0.0, 'criterion': 'squared_error', 'max_depth': None, 'max_features': 0.1705585215975, 'max_leaf_nodes': None, 'max_samples': None, 'min_impurity_decrease': 0.0, 'min_samples_leaf': 2, 'min_samples_split': 2, 'min_weight_fraction_leaf': 0.0, 'monotonic_cst': None, 'n_estimators': 116, 'n_jobs': None, 'oob_score': False, 'random_state': 42, 'verbose': 0, 'warm_start': False}
Loaded lookahead model for budget (650, 1): 
{'bootstrap': False, 'ccp_alpha': 0.0, 'criterion': 'squared_error', 'max_depth': None, 'max_features': 0.1705585215975, 'max_leaf_nodes': None, 'max_samples': None, 'min_impurity_decrease': 0.0, 'min_samples_leaf': 2, 'min_samples_split': 2, 'min_weight_fraction_leaf': 0.0, 'monotonic_cst': None, 'n_estimators': 116, 'n_jobs': None, 'oob_score': False, 'random_state': 42, 'verbose': 0, 'warm_start': False}
Loaded lookahead model for budget (200, 1): 
{'bootstrap': False, 'ccp_alpha': 0.0, 'criterion': 'squared_error', 'max_depth': None, 'max_features': 0.1705585215975, 'max_leaf_nodes': None, 'max_samples': None, 'min_impurity_decrease': 0.0, 'min_samples_leaf': 2, 'min_samples_split': 2, 'min_weight_fraction_leaf': 0.0, 'monotonic_cst': None, 'n_estimators': 116, 'n_jobs': None, 'oob_score': False, 'random_state': 42, 'verbose': 0, 'warm_start': False}
Loaded lookahead model for budget (850, 1): 
{'bootstrap': False, 'ccp_alpha': 0.0, 'criterion': 'squared_error', 'max_depth': None, 'max_features': 0.1705585215975, 'max_leaf_nodes': None, 'max_samples': None, 'min_impurity_decrease': 0.0, 'min_samples_leaf': 2, 'min_samples_split': 2, 'min_weight_fraction_leaf': 0.0, 'monotonic_cst': None, 'n_estimators': 116, 'n_jobs': None, 'oob_score': False, 'random_state': 42, 'verbose': 0, 'warm_start': False}
Loaded lookahead model for budget (50, 1): 
{'bootstrap': False, 'ccp_alpha': 0.0, 'criterion': 'squared_error', 'max_depth': None, 'max_features': 0.1705585215975, 'max_leaf_nodes': None, 'max_samples': None, 'min_impurity_decrease': 0.0, 'min_samples_leaf': 2, 'min_samples_split': 2, 'min_weight_fraction_leaf': 0.0, 'monotonic_cst': None, 'n_estimators': 116, 'n_jobs': None, 'oob_score': False, 'random_state': 42, 'verbose': 0, 'warm_start': False}
Loaded lookahead model for budget (700, 1): 
{'bootstrap': False, 'ccp_alpha': 0.0, 'criterion': 'squared_error', 'max_depth': None, 'max_features': 0.1705585215975, 'max_leaf_nodes': None, 'max_samples': None, 'min_impurity_decrease': 0.0, 'min_samples_leaf': 2, 'min_samples_split': 2, 'min_weight_fraction_leaf': 0.0, 'monotonic_cst': None, 'n_estimators': 116, 'n_jobs': None, 'oob_score': False, 'random_state': 42, 'verbose': 0, 'warm_start': False}
Loaded lookahead model for budget (150, 1): 
{'bootstrap': False, 'ccp_alpha': 0.0, 'criterion': 'squared_error', 'max_depth': None, 'max_features': 0.1705585215975, 'max_leaf_nodes': None, 'max_samples': None, 'min_impurity_decrease': 0.0, 'min_samples_leaf': 2, 'min_samples_split': 2, 'min_weight_fraction_leaf': 0.0, 'monotonic_cst': None, 'n_estimators': 116, 'n_jobs': None, 'oob_score': False, 'random_state': 42, 'verbose': 0, 'warm_start': False}
Loaded lookahead model for budget (300, 1): 
{'bootstrap': False, 'ccp_alpha': 0.0, 'criterion': 'squared_error', 'max_depth': None, 'max_features': 0.1705585215975, 'max_leaf_nodes': None, 'max_samples': None, 'min_impurity_decrease': 0.0, 'min_samples_leaf': 2, 'min_samples_split': 2, 'min_weight_fraction_leaf': 0.0, 'monotonic_cst': None, 'n_estimators': 116, 'n_jobs': None, 'oob_score': False, 'random_state': 42, 'verbose': 0, 'warm_start': False}
Loaded lookahead model for budget (500, 1): 
{'bootstrap': False, 'ccp_alpha': 0.0, 'criterion': 'squared_error', 'max_depth': None, 'max_features': 0.1705585215975, 'max_leaf_nodes': None, 'max_samples': None, 'min_impurity_decrease': 0.0, 'min_samples_leaf': 2, 'min_samples_split': 2, 'min_weight_fraction_leaf': 0.0, 'monotonic_cst': None, 'n_estimators': 116, 'n_jobs': None, 'oob_score': False, 'random_state': 42, 'verbose': 0, 'warm_start': False}
Loaded lookahead model for budget (800, 1): 
{'bootstrap': False, 'ccp_alpha': 0.0, 'criterion': 'squared_error', 'max_depth': None, 'max_features': 0.1705585215975, 'max_leaf_nodes': None, 'max_samples': None, 'min_impurity_decrease': 0.0, 'min_samples_leaf': 2, 'min_samples_split': 2, 'min_weight_fraction_leaf': 0.0, 'monotonic_cst': None, 'n_estimators': 116, 'n_jobs': None, 'oob_score': False, 'random_state': 42, 'verbose': 0, 'warm_start': False}
Loaded lookahead model for budget (100, 1): 
{'bootstrap': False, 'ccp_alpha': 0.0, 'criterion': 'squared_error', 'max_depth': None, 'max_features': 0.1705585215975, 'max_leaf_nodes': None, 'max_samples': None, 'min_impurity_decrease': 0.0, 'min_samples_leaf': 2, 'min_samples_split': 2, 'min_weight_fraction_leaf': 0.0, 'monotonic_cst': None, 'n_estimators': 116, 'n_jobs': None, 'oob_score': False, 'random_state': 42, 'verbose': 0, 'warm_start': False}
Loaded lookahead model for budget (550, 1): 
{'bootstrap': False, 'ccp_alpha': 0.0, 'criterion': 'squared_error', 'max_depth': None, 'max_features': 0.1705585215975, 'max_leaf_nodes': None, 'max_samples': None, 'min_impurity_decrease': 0.0, 'min_samples_leaf': 2, 'min_samples_split': 2, 'min_weight_fraction_leaf': 0.0, 'monotonic_cst': None, 'n_estimators': 116, 'n_jobs': None, 'oob_score': False, 'random_state': 42, 'verbose': 0, 'warm_start': False}
Loaded lookahead model for budget (400, 1): 
{'bootstrap': False, 'ccp_alpha': 0.0, 'criterion': 'squared_error', 'max_depth': None, 'max_features': 0.1705585215975, 'max_leaf_nodes': None, 'max_samples': None, 'min_impurity_decrease': 0.0, 'min_samples_leaf': 2, 'min_samples_split': 2, 'min_weight_fraction_leaf': 0.0, 'monotonic_cst': None, 'n_estimators': 116, 'n_jobs': None, 'oob_score': False, 'random_state': 42, 'verbose': 0, 'warm_start': False}
Loaded lookahead model for budget (450, 1): 
{'bootstrap': False, 'ccp_alpha': 0.0, 'criterion': 'squared_error', 'max_depth': None, 'max_features': 0.1705585215975, 'max_leaf_nodes': None, 'max_samples': None, 'min_impurity_decrease': 0.0, 'min_samples_leaf': 2, 'min_samples_split': 2, 'min_weight_fraction_leaf': 0.0, 'monotonic_cst': None, 'n_estimators': 116, 'n_jobs': None, 'oob_score': False, 'random_state': 42, 'verbose': 0, 'warm_start': False}
Loaded lookahead model for budget (300, 2): 
{'bootstrap': False, 'ccp_alpha': 0.0, 'criterion': 'squared_error', 'max_depth': None, 'max_features': 0.1705585215975, 'max_leaf_nodes': None, 'max_samples': None, 'min_impurity_decrease': 0.0, 'min_samples_leaf': 2, 'min_samples_split': 2, 'min_weight_fraction_leaf': 0.0, 'monotonic_cst': None, 'n_estimators': 116, 'n_jobs': None, 'oob_score': False, 'random_state': 42, 'verbose': 0, 'warm_start': False}
Loaded lookahead model for budget (50, 2): 
{'bootstrap': False, 'ccp_alpha': 0.0, 'criterion': 'squared_error', 'max_depth': None, 'max_features': 0.1705585215975, 'max_leaf_nodes': None, 'max_samples': None, 'min_impurity_decrease': 0.0, 'min_samples_leaf': 2, 'min_samples_split': 2, 'min_weight_fraction_leaf': 0.0, 'monotonic_cst': None, 'n_estimators': 116, 'n_jobs': None, 'oob_score': False, 'random_state': 42, 'verbose': 0, 'warm_start': False}
Loaded lookahead model for budget (650, 2): 
{'bootstrap': False, 'ccp_alpha': 0.0, 'criterion': 'squared_error', 'max_depth': None, 'max_features': 0.1705585215975, 'max_leaf_nodes': None, 'max_samples': None, 'min_impurity_decrease': 0.0, 'min_samples_leaf': 2, 'min_samples_split': 2, 'min_weight_fraction_leaf': 0.0, 'monotonic_cst': None, 'n_estimators': 116, 'n_jobs': None, 'oob_score': False, 'random_state': 42, 'verbose': 0, 'warm_start': False}
Loaded lookahead model for budget (450, 2): 
{'bootstrap': False, 'ccp_alpha': 0.0, 'criterion': 'squared_error', 'max_depth': None, 'max_features': 0.1705585215975, 'max_leaf_nodes': None, 'max_samples': None, 'min_impurity_decrease': 0.0, 'min_samples_leaf': 2, 'min_samples_split': 2, 'min_weight_fraction_leaf': 0.0, 'monotonic_cst': None, 'n_estimators': 116, 'n_jobs': None, 'oob_score': False, 'random_state': 42, 'verbose': 0, 'warm_start': False}
Loaded lookahead model for budget (750, 2): 
{'bootstrap': False, 'ccp_alpha': 0.0, 'criterion': 'squared_error', 'max_depth': None, 'max_features': 0.1705585215975, 'max_leaf_nodes': None, 'max_samples': None, 'min_impurity_decrease': 0.0, 'min_samples_leaf': 2, 'min_samples_split': 2, 'min_weight_fraction_leaf': 0.0, 'monotonic_cst': None, 'n_estimators': 116, 'n_jobs': None, 'oob_score': False, 'random_state': 42, 'verbose': 0, 'warm_start': False}
Loaded lookahead model for budget (550, 2): 
{'bootstrap': False, 'ccp_alpha': 0.0, 'criterion': 'squared_error', 'max_depth': None, 'max_features': 0.1705585215975, 'max_leaf_nodes': None, 'max_samples': None, 'min_impurity_decrease': 0.0, 'min_samples_leaf': 2, 'min_samples_split': 2, 'min_weight_fraction_leaf': 0.0, 'monotonic_cst': None, 'n_estimators': 116, 'n_jobs': None, 'oob_score': False, 'random_state': 42, 'verbose': 0, 'warm_start': False}
Loaded lookahead model for budget (800, 2): 
{'bootstrap': False, 'ccp_alpha': 0.0, 'criterion': 'squared_error', 'max_depth': None, 'max_features': 0.1705585215975, 'max_leaf_nodes': None, 'max_samples': None, 'min_impurity_decrease': 0.0, 'min_samples_leaf': 2, 'min_samples_split': 2, 'min_weight_fraction_leaf': 0.0, 'monotonic_cst': None, 'n_estimators': 116, 'n_jobs': None, 'oob_score': False, 'random_state': 42, 'verbose': 0, 'warm_start': False}
Loaded lookahead model for budget (700, 2): 
{'bootstrap': False, 'ccp_alpha': 0.0, 'criterion': 'squared_error', 'max_depth': None, 'max_features': 0.1705585215975, 'max_leaf_nodes': None, 'max_samples': None, 'min_impurity_decrease': 0.0, 'min_samples_leaf': 2, 'min_samples_split': 2, 'min_weight_fraction_leaf': 0.0, 'monotonic_cst': None, 'n_estimators': 116, 'n_jobs': None, 'oob_score': False, 'random_state': 42, 'verbose': 0, 'warm_start': False}
Loaded lookahead model for budget (900, 2): 
{'bootstrap': False, 'ccp_alpha': 0.0, 'criterion': 'squared_error', 'max_depth': None, 'max_features': 0.1705585215975, 'max_leaf_nodes': None, 'max_samples': None, 'min_impurity_decrease': 0.0, 'min_samples_leaf': 2, 'min_samples_split': 2, 'min_weight_fraction_leaf': 0.0, 'monotonic_cst': None, 'n_estimators': 116, 'n_jobs': None, 'oob_score': False, 'random_state': 42, 'verbose': 0, 'warm_start': False}
Loaded lookahead model for budget (250, 2): 
{'bootstrap': False, 'ccp_alpha': 0.0, 'criterion': 'squared_error', 'max_depth': None, 'max_features': 0.1705585215975, 'max_leaf_nodes': None, 'max_samples': None, 'min_impurity_decrease': 0.0, 'min_samples_leaf': 2, 'min_samples_split': 2, 'min_weight_fraction_leaf': 0.0, 'monotonic_cst': None, 'n_estimators': 116, 'n_jobs': None, 'oob_score': False, 'random_state': 42, 'verbose': 0, 'warm_start': False}
Loaded lookahead model for budget (150, 2): 
{'bootstrap': False, 'ccp_alpha': 0.0, 'criterion': 'squared_error', 'max_depth': None, 'max_features': 0.1705585215975, 'max_leaf_nodes': None, 'max_samples': None, 'min_impurity_decrease': 0.0, 'min_samples_leaf': 2, 'min_samples_split': 2, 'min_weight_fraction_leaf': 0.0, 'monotonic_cst': None, 'n_estimators': 116, 'n_jobs': None, 'oob_score': False, 'random_state': 42, 'verbose': 0, 'warm_start': False}
Loaded lookahead model for budget (200, 2): 
{'bootstrap': False, 'ccp_alpha': 0.0, 'criterion': 'squared_error', 'max_depth': None, 'max_features': 0.1705585215975, 'max_leaf_nodes': None, 'max_samples': None, 'min_impurity_decrease': 0.0, 'min_samples_leaf': 2, 'min_samples_split': 2, 'min_weight_fraction_leaf': 0.0, 'monotonic_cst': None, 'n_estimators': 116, 'n_jobs': None, 'oob_score': False, 'random_state': 42, 'verbose': 0, 'warm_start': False}
Loaded lookahead model for budget (350, 2): 
{'bootstrap': False, 'ccp_alpha': 0.0, 'criterion': 'squared_error', 'max_depth': None, 'max_features': 0.1705585215975, 'max_leaf_nodes': None, 'max_samples': None, 'min_impurity_decrease': 0.0, 'min_samples_leaf': 2, 'min_samples_split': 2, 'min_weight_fraction_leaf': 0.0, 'monotonic_cst': None, 'n_estimators': 116, 'n_jobs': None, 'oob_score': False, 'random_state': 42, 'verbose': 0, 'warm_start': False}
Loaded lookahead model for budget (500, 2): 
{'bootstrap': False, 'ccp_alpha': 0.0, 'criterion': 'squared_error', 'max_depth': None, 'max_features': 0.1705585215975, 'max_leaf_nodes': None, 'max_samples': None, 'min_impurity_decrease': 0.0, 'min_samples_leaf': 2, 'min_samples_split': 2, 'min_weight_fraction_leaf': 0.0, 'monotonic_cst': None, 'n_estimators': 116, 'n_jobs': None, 'oob_score': False, 'random_state': 42, 'verbose': 0, 'warm_start': False}
Loaded lookahead model for budget (850, 2): 
{'bootstrap': False, 'ccp_alpha': 0.0, 'criterion': 'squared_error', 'max_depth': None, 'max_features': 0.1705585215975, 'max_leaf_nodes': None, 'max_samples': None, 'min_impurity_decrease': 0.0, 'min_samples_leaf': 2, 'min_samples_split': 2, 'min_weight_fraction_leaf': 0.0, 'monotonic_cst': None, 'n_estimators': 116, 'n_jobs': None, 'oob_score': False, 'random_state': 42, 'verbose': 0, 'warm_start': False}
Loaded lookahead model for budget (100, 2): 
{'bootstrap': False, 'ccp_alpha': 0.0, 'criterion': 'squared_error', 'max_depth': None, 'max_features': 0.1705585215975, 'max_leaf_nodes': None, 'max_samples': None, 'min_impurity_decrease': 0.0, 'min_samples_leaf': 2, 'min_samples_split': 2, 'min_weight_fraction_leaf': 0.0, 'monotonic_cst': None, 'n_estimators': 116, 'n_jobs': None, 'oob_score': False, 'random_state': 42, 'verbose': 0, 'warm_start': False}
Loaded lookahead model for budget (400, 2): 
{'bootstrap': False, 'ccp_alpha': 0.0, 'criterion': 'squared_error', 'max_depth': None, 'max_features': 0.1705585215975, 'max_leaf_nodes': None, 'max_samples': None, 'min_impurity_decrease': 0.0, 'min_samples_leaf': 2, 'min_samples_split': 2, 'min_weight_fraction_leaf': 0.0, 'monotonic_cst': None, 'n_estimators': 116, 'n_jobs': None, 'oob_score': False, 'random_state': 42, 'verbose': 0, 'warm_start': False}
Loaded lookahead model for budget (600, 2): 
{'bootstrap': False, 'ccp_alpha': 0.0, 'criterion': 'squared_error', 'max_depth': None, 'max_features': 0.1705585215975, 'max_leaf_nodes': None, 'max_samples': None, 'min_impurity_decrease': 0.0, 'min_samples_leaf': 2, 'min_samples_split': 2, 'min_weight_fraction_leaf': 0.0, 'monotonic_cst': None, 'n_estimators': 116, 'n_jobs': None, 'oob_score': False, 'random_state': 42, 'verbose': 0, 'warm_start': False}
Loaded lookahead model for budget (350, 3): 
{'bootstrap': False, 'ccp_alpha': 0.0, 'criterion': 'squared_error', 'max_depth': None, 'max_features': 0.1705585215975, 'max_leaf_nodes': None, 'max_samples': None, 'min_impurity_decrease': 0.0, 'min_samples_leaf': 2, 'min_samples_split': 2, 'min_weight_fraction_leaf': 0.0, 'monotonic_cst': None, 'n_estimators': 116, 'n_jobs': None, 'oob_score': False, 'random_state': 42, 'verbose': 0, 'warm_start': False}
Loaded lookahead model for budget (100, 3): 
{'bootstrap': False, 'ccp_alpha': 0.0, 'criterion': 'squared_error', 'max_depth': None, 'max_features': 0.1705585215975, 'max_leaf_nodes': None, 'max_samples': None, 'min_impurity_decrease': 0.0, 'min_samples_leaf': 2, 'min_samples_split': 2, 'min_weight_fraction_leaf': 0.0, 'monotonic_cst': None, 'n_estimators': 116, 'n_jobs': None, 'oob_score': False, 'random_state': 42, 'verbose': 0, 'warm_start': False}
Loaded lookahead model for budget (400, 3): 
{'bootstrap': False, 'ccp_alpha': 0.0, 'criterion': 'squared_error', 'max_depth': None, 'max_features': 0.1705585215975, 'max_leaf_nodes': None, 'max_samples': None, 'min_impurity_decrease': 0.0, 'min_samples_leaf': 2, 'min_samples_split': 2, 'min_weight_fraction_leaf': 0.0, 'monotonic_cst': None, 'n_estimators': 116, 'n_jobs': None, 'oob_score': False, 'random_state': 42, 'verbose': 0, 'warm_start': False}
Loaded lookahead model for budget (600, 3): 
{'bootstrap': False, 'ccp_alpha': 0.0, 'criterion': 'squared_error', 'max_depth': None, 'max_features': 0.1705585215975, 'max_leaf_nodes': None, 'max_samples': None, 'min_impurity_decrease': 0.0, 'min_samples_leaf': 2, 'min_samples_split': 2, 'min_weight_fraction_leaf': 0.0, 'monotonic_cst': None, 'n_estimators': 116, 'n_jobs': None, 'oob_score': False, 'random_state': 42, 'verbose': 0, 'warm_start': False}
Loaded lookahead model for budget (500, 3): 
{'bootstrap': False, 'ccp_alpha': 0.0, 'criterion': 'squared_error', 'max_depth': None, 'max_features': 0.1705585215975, 'max_leaf_nodes': None, 'max_samples': None, 'min_impurity_decrease': 0.0, 'min_samples_leaf': 2, 'min_samples_split': 2, 'min_weight_fraction_leaf': 0.0, 'monotonic_cst': None, 'n_estimators': 116, 'n_jobs': None, 'oob_score': False, 'random_state': 42, 'verbose': 0, 'warm_start': False}
Loaded lookahead model for budget (700, 3): 
{'bootstrap': False, 'ccp_alpha': 0.0, 'criterion': 'squared_error', 'max_depth': None, 'max_features': 0.1705585215975, 'max_leaf_nodes': None, 'max_samples': None, 'min_impurity_decrease': 0.0, 'min_samples_leaf': 2, 'min_samples_split': 2, 'min_weight_fraction_leaf': 0.0, 'monotonic_cst': None, 'n_estimators': 116, 'n_jobs': None, 'oob_score': False, 'random_state': 42, 'verbose': 0, 'warm_start': False}
Loaded lookahead model for budget (50, 3): 
{'bootstrap': False, 'ccp_alpha': 0.0, 'criterion': 'squared_error', 'max_depth': None, 'max_features': 0.1705585215975, 'max_leaf_nodes': None, 'max_samples': None, 'min_impurity_decrease': 0.0, 'min_samples_leaf': 2, 'min_samples_split': 2, 'min_weight_fraction_leaf': 0.0, 'monotonic_cst': None, 'n_estimators': 116, 'n_jobs': None, 'oob_score': False, 'random_state': 42, 'verbose': 0, 'warm_start': False}
Loaded lookahead model for budget (800, 3): 
{'bootstrap': False, 'ccp_alpha': 0.0, 'criterion': 'squared_error', 'max_depth': None, 'max_features': 0.1705585215975, 'max_leaf_nodes': None, 'max_samples': None, 'min_impurity_decrease': 0.0, 'min_samples_leaf': 2, 'min_samples_split': 2, 'min_weight_fraction_leaf': 0.0, 'monotonic_cst': None, 'n_estimators': 116, 'n_jobs': None, 'oob_score': False, 'random_state': 42, 'verbose': 0, 'warm_start': False}
Loaded lookahead model for budget (150, 3): 
{'bootstrap': False, 'ccp_alpha': 0.0, 'criterion': 'squared_error', 'max_depth': None, 'max_features': 0.1705585215975, 'max_leaf_nodes': None, 'max_samples': None, 'min_impurity_decrease': 0.0, 'min_samples_leaf': 2, 'min_samples_split': 2, 'min_weight_fraction_leaf': 0.0, 'monotonic_cst': None, 'n_estimators': 116, 'n_jobs': None, 'oob_score': False, 'random_state': 42, 'verbose': 0, 'warm_start': False}
Loaded lookahead model for budget (850, 3): 
{'bootstrap': False, 'ccp_alpha': 0.0, 'criterion': 'squared_error', 'max_depth': None, 'max_features': 0.1705585215975, 'max_leaf_nodes': None, 'max_samples': None, 'min_impurity_decrease': 0.0, 'min_samples_leaf': 2, 'min_samples_split': 2, 'min_weight_fraction_leaf': 0.0, 'monotonic_cst': None, 'n_estimators': 116, 'n_jobs': None, 'oob_score': False, 'random_state': 42, 'verbose': 0, 'warm_start': False}
Loaded lookahead model for budget (250, 3): 
{'bootstrap': False, 'ccp_alpha': 0.0, 'criterion': 'squared_error', 'max_depth': None, 'max_features': 0.1705585215975, 'max_leaf_nodes': None, 'max_samples': None, 'min_impurity_decrease': 0.0, 'min_samples_leaf': 2, 'min_samples_split': 2, 'min_weight_fraction_leaf': 0.0, 'monotonic_cst': None, 'n_estimators': 116, 'n_jobs': None, 'oob_score': False, 'random_state': 42, 'verbose': 0, 'warm_start': False}
Loaded lookahead model for budget (650, 3): 
{'bootstrap': False, 'ccp_alpha': 0.0, 'criterion': 'squared_error', 'max_depth': None, 'max_features': 0.1705585215975, 'max_leaf_nodes': None, 'max_samples': None, 'min_impurity_decrease': 0.0, 'min_samples_leaf': 2, 'min_samples_split': 2, 'min_weight_fraction_leaf': 0.0, 'monotonic_cst': None, 'n_estimators': 116, 'n_jobs': None, 'oob_score': False, 'random_state': 42, 'verbose': 0, 'warm_start': False}
Loaded lookahead model for budget (550, 3): 
{'bootstrap': False, 'ccp_alpha': 0.0, 'criterion': 'squared_error', 'max_depth': None, 'max_features': 0.1705585215975, 'max_leaf_nodes': None, 'max_samples': None, 'min_impurity_decrease': 0.0, 'min_samples_leaf': 2, 'min_samples_split': 2, 'min_weight_fraction_leaf': 0.0, 'monotonic_cst': None, 'n_estimators': 116, 'n_jobs': None, 'oob_score': False, 'random_state': 42, 'verbose': 0, 'warm_start': False}
Loaded lookahead model for budget (200, 3): 
{'bootstrap': False, 'ccp_alpha': 0.0, 'criterion': 'squared_error', 'max_depth': None, 'max_features': 0.1705585215975, 'max_leaf_nodes': None, 'max_samples': None, 'min_impurity_decrease': 0.0, 'min_samples_leaf': 2, 'min_samples_split': 2, 'min_weight_fraction_leaf': 0.0, 'monotonic_cst': None, 'n_estimators': 116, 'n_jobs': None, 'oob_score': False, 'random_state': 42, 'verbose': 0, 'warm_start': False}
Loaded lookahead model for budget (300, 3): 
{'bootstrap': False, 'ccp_alpha': 0.0, 'criterion': 'squared_error', 'max_depth': None, 'max_features': 0.1705585215975, 'max_leaf_nodes': None, 'max_samples': None, 'min_impurity_decrease': 0.0, 'min_samples_leaf': 2, 'min_samples_split': 2, 'min_weight_fraction_leaf': 0.0, 'monotonic_cst': None, 'n_estimators': 116, 'n_jobs': None, 'oob_score': False, 'random_state': 42, 'verbose': 0, 'warm_start': False}
Loaded lookahead model for budget (450, 3): 
{'bootstrap': False, 'ccp_alpha': 0.0, 'criterion': 'squared_error', 'max_depth': None, 'max_features': 0.1705585215975, 'max_leaf_nodes': None, 'max_samples': None, 'min_impurity_decrease': 0.0, 'min_samples_leaf': 2, 'min_samples_split': 2, 'min_weight_fraction_leaf': 0.0, 'monotonic_cst': None, 'n_estimators': 116, 'n_jobs': None, 'oob_score': False, 'random_state': 42, 'verbose': 0, 'warm_start': False}
Loaded lookahead model for budget (750, 3): 
{'bootstrap': False, 'ccp_alpha': 0.0, 'criterion': 'squared_error', 'max_depth': None, 'max_features': 0.1705585215975, 'max_leaf_nodes': None, 'max_samples': None, 'min_impurity_decrease': 0.0, 'min_samples_leaf': 2, 'min_samples_split': 2, 'min_weight_fraction_leaf': 0.0, 'monotonic_cst': None, 'n_estimators': 116, 'n_jobs': None, 'oob_score': False, 'random_state': 42, 'verbose': 0, 'warm_start': False}
Loaded lookahead model for budget (50, 4): 
{'bootstrap': False, 'ccp_alpha': 0.0, 'criterion': 'squared_error', 'max_depth': None, 'max_features': 0.1705585215975, 'max_leaf_nodes': None, 'max_samples': None, 'min_impurity_decrease': 0.0, 'min_samples_leaf': 2, 'min_samples_split': 2, 'min_weight_fraction_leaf': 0.0, 'monotonic_cst': None, 'n_estimators': 116, 'n_jobs': None, 'oob_score': False, 'random_state': 42, 'verbose': 0, 'warm_start': False}
Loaded lookahead model for budget (550, 4): 
{'bootstrap': False, 'ccp_alpha': 0.0, 'criterion': 'squared_error', 'max_depth': None, 'max_features': 0.1705585215975, 'max_leaf_nodes': None, 'max_samples': None, 'min_impurity_decrease': 0.0, 'min_samples_leaf': 2, 'min_samples_split': 2, 'min_weight_fraction_leaf': 0.0, 'monotonic_cst': None, 'n_estimators': 116, 'n_jobs': None, 'oob_score': False, 'random_state': 42, 'verbose': 0, 'warm_start': False}
Loaded lookahead model for budget (250, 4): 
{'bootstrap': False, 'ccp_alpha': 0.0, 'criterion': 'squared_error', 'max_depth': None, 'max_features': 0.1705585215975, 'max_leaf_nodes': None, 'max_samples': None, 'min_impurity_decrease': 0.0, 'min_samples_leaf': 2, 'min_samples_split': 2, 'min_weight_fraction_leaf': 0.0, 'monotonic_cst': None, 'n_estimators': 116, 'n_jobs': None, 'oob_score': False, 'random_state': 42, 'verbose': 0, 'warm_start': False}
Loaded lookahead model for budget (800, 4): 
{'bootstrap': False, 'ccp_alpha': 0.0, 'criterion': 'squared_error', 'max_depth': None, 'max_features': 0.1705585215975, 'max_leaf_nodes': None, 'max_samples': None, 'min_impurity_decrease': 0.0, 'min_samples_leaf': 2, 'min_samples_split': 2, 'min_weight_fraction_leaf': 0.0, 'monotonic_cst': None, 'n_estimators': 116, 'n_jobs': None, 'oob_score': False, 'random_state': 42, 'verbose': 0, 'warm_start': False}
Loaded lookahead model for budget (450, 4): 
{'bootstrap': False, 'ccp_alpha': 0.0, 'criterion': 'squared_error', 'max_depth': None, 'max_features': 0.1705585215975, 'max_leaf_nodes': None, 'max_samples': None, 'min_impurity_decrease': 0.0, 'min_samples_leaf': 2, 'min_samples_split': 2, 'min_weight_fraction_leaf': 0.0, 'monotonic_cst': None, 'n_estimators': 116, 'n_jobs': None, 'oob_score': False, 'random_state': 42, 'verbose': 0, 'warm_start': False}
Loaded lookahead model for budget (400, 4): 
{'bootstrap': False, 'ccp_alpha': 0.0, 'criterion': 'squared_error', 'max_depth': None, 'max_features': 0.1705585215975, 'max_leaf_nodes': None, 'max_samples': None, 'min_impurity_decrease': 0.0, 'min_samples_leaf': 2, 'min_samples_split': 2, 'min_weight_fraction_leaf': 0.0, 'monotonic_cst': None, 'n_estimators': 116, 'n_jobs': None, 'oob_score': False, 'random_state': 42, 'verbose': 0, 'warm_start': False}
Loaded lookahead model for budget (150, 4): 
{'bootstrap': False, 'ccp_alpha': 0.0, 'criterion': 'squared_error', 'max_depth': None, 'max_features': 0.1705585215975, 'max_leaf_nodes': None, 'max_samples': None, 'min_impurity_decrease': 0.0, 'min_samples_leaf': 2, 'min_samples_split': 2, 'min_weight_fraction_leaf': 0.0, 'monotonic_cst': None, 'n_estimators': 116, 'n_jobs': None, 'oob_score': False, 'random_state': 42, 'verbose': 0, 'warm_start': False}
Loaded lookahead model for budget (100, 4): 
{'bootstrap': False, 'ccp_alpha': 0.0, 'criterion': 'squared_error', 'max_depth': None, 'max_features': 0.1705585215975, 'max_leaf_nodes': None, 'max_samples': None, 'min_impurity_decrease': 0.0, 'min_samples_leaf': 2, 'min_samples_split': 2, 'min_weight_fraction_leaf': 0.0, 'monotonic_cst': None, 'n_estimators': 116, 'n_jobs': None, 'oob_score': False, 'random_state': 42, 'verbose': 0, 'warm_start': False}
Loaded lookahead model for budget (650, 4): 
{'bootstrap': False, 'ccp_alpha': 0.0, 'criterion': 'squared_error', 'max_depth': None, 'max_features': 0.1705585215975, 'max_leaf_nodes': None, 'max_samples': None, 'min_impurity_decrease': 0.0, 'min_samples_leaf': 2, 'min_samples_split': 2, 'min_weight_fraction_leaf': 0.0, 'monotonic_cst': None, 'n_estimators': 116, 'n_jobs': None, 'oob_score': False, 'random_state': 42, 'verbose': 0, 'warm_start': False}
Loaded lookahead model for budget (500, 4): 
{'bootstrap': False, 'ccp_alpha': 0.0, 'criterion': 'squared_error', 'max_depth': None, 'max_features': 0.1705585215975, 'max_leaf_nodes': None, 'max_samples': None, 'min_impurity_decrease': 0.0, 'min_samples_leaf': 2, 'min_samples_split': 2, 'min_weight_fraction_leaf': 0.0, 'monotonic_cst': None, 'n_estimators': 116, 'n_jobs': None, 'oob_score': False, 'random_state': 42, 'verbose': 0, 'warm_start': False}
Loaded lookahead model for budget (200, 4): 
{'bootstrap': False, 'ccp_alpha': 0.0, 'criterion': 'squared_error', 'max_depth': None, 'max_features': 0.1705585215975, 'max_leaf_nodes': None, 'max_samples': None, 'min_impurity_decrease': 0.0, 'min_samples_leaf': 2, 'min_samples_split': 2, 'min_weight_fraction_leaf': 0.0, 'monotonic_cst': None, 'n_estimators': 116, 'n_jobs': None, 'oob_score': False, 'random_state': 42, 'verbose': 0, 'warm_start': False}
Loaded lookahead model for budget (300, 4): 
{'bootstrap': False, 'ccp_alpha': 0.0, 'criterion': 'squared_error', 'max_depth': None, 'max_features': 0.1705585215975, 'max_leaf_nodes': None, 'max_samples': None, 'min_impurity_decrease': 0.0, 'min_samples_leaf': 2, 'min_samples_split': 2, 'min_weight_fraction_leaf': 0.0, 'monotonic_cst': None, 'n_estimators': 116, 'n_jobs': None, 'oob_score': False, 'random_state': 42, 'verbose': 0, 'warm_start': False}
Loaded lookahead model for budget (750, 4): 
{'bootstrap': False, 'ccp_alpha': 0.0, 'criterion': 'squared_error', 'max_depth': None, 'max_features': 0.1705585215975, 'max_leaf_nodes': None, 'max_samples': None, 'min_impurity_decrease': 0.0, 'min_samples_leaf': 2, 'min_samples_split': 2, 'min_weight_fraction_leaf': 0.0, 'monotonic_cst': None, 'n_estimators': 116, 'n_jobs': None, 'oob_score': False, 'random_state': 42, 'verbose': 0, 'warm_start': False}
Loaded lookahead model for budget (600, 4): 
{'bootstrap': False, 'ccp_alpha': 0.0, 'criterion': 'squared_error', 'max_depth': None, 'max_features': 0.1705585215975, 'max_leaf_nodes': None, 'max_samples': None, 'min_impurity_decrease': 0.0, 'min_samples_leaf': 2, 'min_samples_split': 2, 'min_weight_fraction_leaf': 0.0, 'monotonic_cst': None, 'n_estimators': 116, 'n_jobs': None, 'oob_score': False, 'random_state': 42, 'verbose': 0, 'warm_start': False}
Loaded lookahead model for budget (350, 4): 
{'bootstrap': False, 'ccp_alpha': 0.0, 'criterion': 'squared_error', 'max_depth': None, 'max_features': 0.1705585215975, 'max_leaf_nodes': None, 'max_samples': None, 'min_impurity_decrease': 0.0, 'min_samples_leaf': 2, 'min_samples_split': 2, 'min_weight_fraction_leaf': 0.0, 'monotonic_cst': None, 'n_estimators': 116, 'n_jobs': None, 'oob_score': False, 'random_state': 42, 'verbose': 0, 'warm_start': False}
Loaded lookahead model for budget (700, 4): 
{'bootstrap': False, 'ccp_alpha': 0.0, 'criterion': 'squared_error', 'max_depth': None, 'max_features': 0.1705585215975, 'max_leaf_nodes': None, 'max_samples': None, 'min_impurity_decrease': 0.0, 'min_samples_leaf': 2, 'min_samples_split': 2, 'min_weight_fraction_leaf': 0.0, 'monotonic_cst': None, 'n_estimators': 116, 'n_jobs': None, 'oob_score': False, 'random_state': 42, 'verbose': 0, 'warm_start': False}
Loaded lookahead model for budget (150, 5): 
{'bootstrap': False, 'ccp_alpha': 0.0, 'criterion': 'squared_error', 'max_depth': None, 'max_features': 0.1705585215975, 'max_leaf_nodes': None, 'max_samples': None, 'min_impurity_decrease': 0.0, 'min_samples_leaf': 2, 'min_samples_split': 2, 'min_weight_fraction_leaf': 0.0, 'monotonic_cst': None, 'n_estimators': 116, 'n_jobs': None, 'oob_score': False, 'random_state': 42, 'verbose': 0, 'warm_start': False}
Loaded lookahead model for budget (350, 5): 
{'bootstrap': False, 'ccp_alpha': 0.0, 'criterion': 'squared_error', 'max_depth': None, 'max_features': 0.1705585215975, 'max_leaf_nodes': None, 'max_samples': None, 'min_impurity_decrease': 0.0, 'min_samples_leaf': 2, 'min_samples_split': 2, 'min_weight_fraction_leaf': 0.0, 'monotonic_cst': None, 'n_estimators': 116, 'n_jobs': None, 'oob_score': False, 'random_state': 42, 'verbose': 0, 'warm_start': False}
Loaded lookahead model for budget (750, 5): 
{'bootstrap': False, 'ccp_alpha': 0.0, 'criterion': 'squared_error', 'max_depth': None, 'max_features': 0.1705585215975, 'max_leaf_nodes': None, 'max_samples': None, 'min_impurity_decrease': 0.0, 'min_samples_leaf': 2, 'min_samples_split': 2, 'min_weight_fraction_leaf': 0.0, 'monotonic_cst': None, 'n_estimators': 116, 'n_jobs': None, 'oob_score': False, 'random_state': 42, 'verbose': 0, 'warm_start': False}
Loaded lookahead model for budget (550, 5): 
{'bootstrap': False, 'ccp_alpha': 0.0, 'criterion': 'squared_error', 'max_depth': None, 'max_features': 0.1705585215975, 'max_leaf_nodes': None, 'max_samples': None, 'min_impurity_decrease': 0.0, 'min_samples_leaf': 2, 'min_samples_split': 2, 'min_weight_fraction_leaf': 0.0, 'monotonic_cst': None, 'n_estimators': 116, 'n_jobs': None, 'oob_score': False, 'random_state': 42, 'verbose': 0, 'warm_start': False}
Loaded lookahead model for budget (700, 5): 
{'bootstrap': False, 'ccp_alpha': 0.0, 'criterion': 'squared_error', 'max_depth': None, 'max_features': 0.1705585215975, 'max_leaf_nodes': None, 'max_samples': None, 'min_impurity_decrease': 0.0, 'min_samples_leaf': 2, 'min_samples_split': 2, 'min_weight_fraction_leaf': 0.0, 'monotonic_cst': None, 'n_estimators': 116, 'n_jobs': None, 'oob_score': False, 'random_state': 42, 'verbose': 0, 'warm_start': False}
Loaded lookahead model for budget (600, 5): 
{'bootstrap': False, 'ccp_alpha': 0.0, 'criterion': 'squared_error', 'max_depth': None, 'max_features': 0.1705585215975, 'max_leaf_nodes': None, 'max_samples': None, 'min_impurity_decrease': 0.0, 'min_samples_leaf': 2, 'min_samples_split': 2, 'min_weight_fraction_leaf': 0.0, 'monotonic_cst': None, 'n_estimators': 116, 'n_jobs': None, 'oob_score': False, 'random_state': 42, 'verbose': 0, 'warm_start': False}
Loaded lookahead model for budget (450, 5): 
{'bootstrap': False, 'ccp_alpha': 0.0, 'criterion': 'squared_error', 'max_depth': None, 'max_features': 0.1705585215975, 'max_leaf_nodes': None, 'max_samples': None, 'min_impurity_decrease': 0.0, 'min_samples_leaf': 2, 'min_samples_split': 2, 'min_weight_fraction_leaf': 0.0, 'monotonic_cst': None, 'n_estimators': 116, 'n_jobs': None, 'oob_score': False, 'random_state': 42, 'verbose': 0, 'warm_start': False}
Loaded lookahead model for budget (200, 5): 
{'bootstrap': False, 'ccp_alpha': 0.0, 'criterion': 'squared_error', 'max_depth': None, 'max_features': 0.1705585215975, 'max_leaf_nodes': None, 'max_samples': None, 'min_impurity_decrease': 0.0, 'min_samples_leaf': 2, 'min_samples_split': 2, 'min_weight_fraction_leaf': 0.0, 'monotonic_cst': None, 'n_estimators': 116, 'n_jobs': None, 'oob_score': False, 'random_state': 42, 'verbose': 0, 'warm_start': False}
Loaded lookahead model for budget (300, 5): 
{'bootstrap': False, 'ccp_alpha': 0.0, 'criterion': 'squared_error', 'max_depth': None, 'max_features': 0.1705585215975, 'max_leaf_nodes': None, 'max_samples': None, 'min_impurity_decrease': 0.0, 'min_samples_leaf': 2, 'min_samples_split': 2, 'min_weight_fraction_leaf': 0.0, 'monotonic_cst': None, 'n_estimators': 116, 'n_jobs': None, 'oob_score': False, 'random_state': 42, 'verbose': 0, 'warm_start': False}
Loaded lookahead model for budget (50, 5): 
{'bootstrap': False, 'ccp_alpha': 0.0, 'criterion': 'squared_error', 'max_depth': None, 'max_features': 0.1705585215975, 'max_leaf_nodes': None, 'max_samples': None, 'min_impurity_decrease': 0.0, 'min_samples_leaf': 2, 'min_samples_split': 2, 'min_weight_fraction_leaf': 0.0, 'monotonic_cst': None, 'n_estimators': 116, 'n_jobs': None, 'oob_score': False, 'random_state': 42, 'verbose': 0, 'warm_start': False}
Loaded lookahead model for budget (650, 5): 
{'bootstrap': False, 'ccp_alpha': 0.0, 'criterion': 'squared_error', 'max_depth': None, 'max_features': 0.1705585215975, 'max_leaf_nodes': None, 'max_samples': None, 'min_impurity_decrease': 0.0, 'min_samples_leaf': 2, 'min_samples_split': 2, 'min_weight_fraction_leaf': 0.0, 'monotonic_cst': None, 'n_estimators': 116, 'n_jobs': None, 'oob_score': False, 'random_state': 42, 'verbose': 0, 'warm_start': False}
Loaded lookahead model for budget (500, 5): 
{'bootstrap': False, 'ccp_alpha': 0.0, 'criterion': 'squared_error', 'max_depth': None, 'max_features': 0.1705585215975, 'max_leaf_nodes': None, 'max_samples': None, 'min_impurity_decrease': 0.0, 'min_samples_leaf': 2, 'min_samples_split': 2, 'min_weight_fraction_leaf': 0.0, 'monotonic_cst': None, 'n_estimators': 116, 'n_jobs': None, 'oob_score': False, 'random_state': 42, 'verbose': 0, 'warm_start': False}
Loaded lookahead model for budget (250, 5): 
{'bootstrap': False, 'ccp_alpha': 0.0, 'criterion': 'squared_error', 'max_depth': None, 'max_features': 0.1705585215975, 'max_leaf_nodes': None, 'max_samples': None, 'min_impurity_decrease': 0.0, 'min_samples_leaf': 2, 'min_samples_split': 2, 'min_weight_fraction_leaf': 0.0, 'monotonic_cst': None, 'n_estimators': 116, 'n_jobs': None, 'oob_score': False, 'random_state': 42, 'verbose': 0, 'warm_start': False}
Loaded lookahead model for budget (100, 5): 
{'bootstrap': False, 'ccp_alpha': 0.0, 'criterion': 'squared_error', 'max_depth': None, 'max_features': 0.1705585215975, 'max_leaf_nodes': None, 'max_samples': None, 'min_impurity_decrease': 0.0, 'min_samples_leaf': 2, 'min_samples_split': 2, 'min_weight_fraction_leaf': 0.0, 'monotonic_cst': None, 'n_estimators': 116, 'n_jobs': None, 'oob_score': False, 'random_state': 42, 'verbose': 0, 'warm_start': False}
Loaded lookahead model for budget (400, 5): 
{'bootstrap': False, 'ccp_alpha': 0.0, 'criterion': 'squared_error', 'max_depth': None, 'max_features': 0.1705585215975, 'max_leaf_nodes': None, 'max_samples': None, 'min_impurity_decrease': 0.0, 'min_samples_leaf': 2, 'min_samples_split': 2, 'min_weight_fraction_leaf': 0.0, 'monotonic_cst': None, 'n_estimators': 116, 'n_jobs': None, 'oob_score': False, 'random_state': 42, 'verbose': 0, 'warm_start': False}
Loaded performance model for budget 800: 
{'bootstrap': False, 'ccp_alpha': 0.0, 'criterion': 'squared_error', 'max_depth': None, 'max_features': 0.1705585215975, 'max_leaf_nodes': None, 'max_samples': None, 'min_impurity_decrease': 0.0, 'min_samples_leaf': 2, 'min_samples_split': 2, 'min_weight_fraction_leaf': 0.0, 'monotonic_cst': None, 'n_estimators': 116, 'n_jobs': None, 'oob_score': False, 'random_state': 42, 'verbose': 0, 'warm_start': False}
Loaded performance model for budget 900: 
{'bootstrap': False, 'ccp_alpha': 0.0, 'criterion': 'squared_error', 'max_depth': None, 'max_features': 0.1705585215975, 'max_leaf_nodes': None, 'max_samples': None, 'min_impurity_decrease': 0.0, 'min_samples_leaf': 2, 'min_samples_split': 2, 'min_weight_fraction_leaf': 0.0, 'monotonic_cst': None, 'n_estimators': 116, 'n_jobs': None, 'oob_score': False, 'random_state': 42, 'verbose': 0, 'warm_start': False}
Loaded performance model for budget 650: 
{'bootstrap': False, 'ccp_alpha': 0.0, 'criterion': 'squared_error', 'max_depth': None, 'max_features': 0.1705585215975, 'max_leaf_nodes': None, 'max_samples': None, 'min_impurity_decrease': 0.0, 'min_samples_leaf': 2, 'min_samples_split': 2, 'min_weight_fraction_leaf': 0.0, 'monotonic_cst': None, 'n_estimators': 116, 'n_jobs': None, 'oob_score': False, 'random_state': 42, 'verbose': 0, 'warm_start': False}
Loaded performance model for budget 100: 
{'bootstrap': False, 'ccp_alpha': 0.0, 'criterion': 'squared_error', 'max_depth': None, 'max_features': 0.1705585215975, 'max_leaf_nodes': None, 'max_samples': None, 'min_impurity_decrease': 0.0, 'min_samples_leaf': 2, 'min_samples_split': 2, 'min_weight_fraction_leaf': 0.0, 'monotonic_cst': None, 'n_estimators': 116, 'n_jobs': None, 'oob_score': False, 'random_state': 42, 'verbose': 0, 'warm_start': False}
Loaded performance model for budget 300: 
{'bootstrap': False, 'ccp_alpha': 0.0, 'criterion': 'squared_error', 'max_depth': None, 'max_features': 0.1705585215975, 'max_leaf_nodes': None, 'max_samples': None, 'min_impurity_decrease': 0.0, 'min_samples_leaf': 2, 'min_samples_split': 2, 'min_weight_fraction_leaf': 0.0, 'monotonic_cst': None, 'n_estimators': 116, 'n_jobs': None, 'oob_score': False, 'random_state': 42, 'verbose': 0, 'warm_start': False}
Loaded performance model for budget 950: 
{'bootstrap': False, 'ccp_alpha': 0.0, 'criterion': 'squared_error', 'max_depth': None, 'max_features': 0.1705585215975, 'max_leaf_nodes': None, 'max_samples': None, 'min_impurity_decrease': 0.0, 'min_samples_leaf': 2, 'min_samples_split': 2, 'min_weight_fraction_leaf': 0.0, 'monotonic_cst': None, 'n_estimators': 116, 'n_jobs': None, 'oob_score': False, 'random_state': 42, 'verbose': 0, 'warm_start': False}
Loaded performance model for budget 700: 
{'bootstrap': False, 'ccp_alpha': 0.0, 'criterion': 'squared_error', 'max_depth': None, 'max_features': 0.1705585215975, 'max_leaf_nodes': None, 'max_samples': None, 'min_impurity_decrease': 0.0, 'min_samples_leaf': 2, 'min_samples_split': 2, 'min_weight_fraction_leaf': 0.0, 'monotonic_cst': None, 'n_estimators': 116, 'n_jobs': None, 'oob_score': False, 'random_state': 42, 'verbose': 0, 'warm_start': False}
Loaded performance model for budget 350: 
{'bootstrap': False, 'ccp_alpha': 0.0, 'criterion': 'squared_error', 'max_depth': None, 'max_features': 0.1705585215975, 'max_leaf_nodes': None, 'max_samples': None, 'min_impurity_decrease': 0.0, 'min_samples_leaf': 2, 'min_samples_split': 2, 'min_weight_fraction_leaf': 0.0, 'monotonic_cst': None, 'n_estimators': 116, 'n_jobs': None, 'oob_score': False, 'random_state': 42, 'verbose': 0, 'warm_start': False}
Loaded performance model for budget 150: 
{'bootstrap': False, 'ccp_alpha': 0.0, 'criterion': 'squared_error', 'max_depth': None, 'max_features': 0.1705585215975, 'max_leaf_nodes': None, 'max_samples': None, 'min_impurity_decrease': 0.0, 'min_samples_leaf': 2, 'min_samples_split': 2, 'min_weight_fraction_leaf': 0.0, 'monotonic_cst': None, 'n_estimators': 116, 'n_jobs': None, 'oob_score': False, 'random_state': 42, 'verbose': 0, 'warm_start': False}
Loaded performance model for budget 600: 
{'bootstrap': False, 'ccp_alpha': 0.0, 'criterion': 'squared_error', 'max_depth': None, 'max_features': 0.1705585215975, 'max_leaf_nodes': None, 'max_samples': None, 'min_impurity_decrease': 0.0, 'min_samples_leaf': 2, 'min_samples_split': 2, 'min_weight_fraction_leaf': 0.0, 'monotonic_cst': None, 'n_estimators': 116, 'n_jobs': None, 'oob_score': False, 'random_state': 42, 'verbose': 0, 'warm_start': False}
Loaded performance model for budget 850: 
{'bootstrap': False, 'ccp_alpha': 0.0, 'criterion': 'squared_error', 'max_depth': None, 'max_features': 0.1705585215975, 'max_leaf_nodes': None, 'max_samples': None, 'min_impurity_decrease': 0.0, 'min_samples_leaf': 2, 'min_samples_split': 2, 'min_weight_fraction_leaf': 0.0, 'monotonic_cst': None, 'n_estimators': 116, 'n_jobs': None, 'oob_score': False, 'random_state': 42, 'verbose': 0, 'warm_start': False}
Loaded performance model for budget 500: 
{'bootstrap': False, 'ccp_alpha': 0.0, 'criterion': 'squared_error', 'max_depth': None, 'max_features': 0.1705585215975, 'max_leaf_nodes': None, 'max_samples': None, 'min_impurity_decrease': 0.0, 'min_samples_leaf': 2, 'min_samples_split': 2, 'min_weight_fraction_leaf': 0.0, 'monotonic_cst': None, 'n_estimators': 116, 'n_jobs': None, 'oob_score': False, 'random_state': 42, 'verbose': 0, 'warm_start': False}
Loaded performance model for budget 50: 
{'bootstrap': False, 'ccp_alpha': 0.0, 'criterion': 'squared_error', 'max_depth': None, 'max_features': 0.1705585215975, 'max_leaf_nodes': None, 'max_samples': None, 'min_impurity_decrease': 0.0, 'min_samples_leaf': 2, 'min_samples_split': 2, 'min_weight_fraction_leaf': 0.0, 'monotonic_cst': None, 'n_estimators': 116, 'n_jobs': None, 'oob_score': False, 'random_state': 42, 'verbose': 0, 'warm_start': False}
Loaded performance model for budget 750: 
{'bootstrap': False, 'ccp_alpha': 0.0, 'criterion': 'squared_error', 'max_depth': None, 'max_features': 0.1705585215975, 'max_leaf_nodes': None, 'max_samples': None, 'min_impurity_decrease': 0.0, 'min_samples_leaf': 2, 'min_samples_split': 2, 'min_weight_fraction_leaf': 0.0, 'monotonic_cst': None, 'n_estimators': 116, 'n_jobs': None, 'oob_score': False, 'random_state': 42, 'verbose': 0, 'warm_start': False}
Loaded performance model for budget 450: 
{'bootstrap': False, 'ccp_alpha': 0.0, 'criterion': 'squared_error', 'max_depth': None, 'max_features': 0.1705585215975, 'max_leaf_nodes': None, 'max_samples': None, 'min_impurity_decrease': 0.0, 'min_samples_leaf': 2, 'min_samples_split': 2, 'min_weight_fraction_leaf': 0.0, 'monotonic_cst': None, 'n_estimators': 116, 'n_jobs': None, 'oob_score': False, 'random_state': 42, 'verbose': 0, 'warm_start': False}
Loaded performance model for budget 200: 
{'bootstrap': False, 'ccp_alpha': 0.0, 'criterion': 'squared_error', 'max_depth': None, 'max_features': 0.1705585215975, 'max_leaf_nodes': None, 'max_samples': None, 'min_impurity_decrease': 0.0, 'min_samples_leaf': 2, 'min_samples_split': 2, 'min_weight_fraction_leaf': 0.0, 'monotonic_cst': None, 'n_estimators': 116, 'n_jobs': None, 'oob_score': False, 'random_state': 42, 'verbose': 0, 'warm_start': False}
Loaded performance model for budget 550: 
{'bootstrap': False, 'ccp_alpha': 0.0, 'criterion': 'squared_error', 'max_depth': None, 'max_features': 0.1705585215975, 'max_leaf_nodes': None, 'max_samples': None, 'min_impurity_decrease': 0.0, 'min_samples_leaf': 2, 'min_samples_split': 2, 'min_weight_fraction_leaf': 0.0, 'monotonic_cst': None, 'n_estimators': 116, 'n_jobs': None, 'oob_score': False, 'random_state': 42, 'verbose': 0, 'warm_start': False}
Loaded performance model for budget 400: 
{'bootstrap': False, 'ccp_alpha': 0.0, 'criterion': 'squared_error', 'max_depth': None, 'max_features': 0.1705585215975, 'max_leaf_nodes': None, 'max_samples': None, 'min_impurity_decrease': 0.0, 'min_samples_leaf': 2, 'min_samples_split': 2, 'min_weight_fraction_leaf': 0.0, 'monotonic_cst': None, 'n_estimators': 116, 'n_jobs': None, 'oob_score': False, 'random_state': 42, 'verbose': 0, 'warm_start': False}
Loaded performance model for budget 250: 
{'bootstrap': False, 'ccp_alpha': 0.0, 'criterion': 'squared_error', 'max_depth': None, 'max_features': 0.1705585215975, 'max_leaf_nodes': None, 'max_samples': None, 'min_impurity_decrease': 0.0, 'min_samples_leaf': 2, 'min_samples_split': 2, 'min_weight_fraction_leaf': 0.0, 'monotonic_cst': None, 'n_estimators': 116, 'n_jobs': None, 'oob_score': False, 'random_state': 42, 'verbose': 0, 'warm_start': False}
Processing (fid=1, iid=6, rep=0)...
Processing (fid=1, iid=6, rep=1)...
Processing (fid=1, iid=6, rep=2)...
Processing (fid=1, iid=6, rep=3)...
Processing (fid=1, iid=6, rep=4)...
Processing (fid=1, iid=6, rep=5)...
Processing (fid=1, iid=6, rep=6)...
Processing (fid=1, iid=6, rep=7)...
Processing (fid=1, iid=6, rep=8)...
Processing (fid=1, iid=6, rep=9)...
Processing (fid=1, iid=6, rep=10)...
Processing (fid=1, iid=6, rep=11)...
Processing (fid=1, iid=6, rep=12)...
Processing (fid=1, iid=6, rep=13)...
Processing (fid=1, iid=6, rep=14)...
Processing (fid=1, iid=6, rep=15)...
Processing (fid=1, iid=6, rep=16)...
Processing (fid=1, iid=6, rep=17)...
Processing (fid=1, iid=6, rep=18)...
Processing (fid=1, iid=6, rep=19)...
Processing (fid=1, iid=7, rep=0)...
Processing (fid=1, iid=7, rep=1)...
Processing (fid=1, iid=7, rep=2)...
Processing (fid=1, iid=7, rep=3)...
Processing (fid=1, iid=7, rep=4)...
Processing (fid=1, iid=7, rep=5)...
Processing (fid=1, iid=7, rep=6)...
Processing (fid=1, iid=7, rep=7)...
Processing (fid=1, iid=7, rep=8)...
Processing (fid=1, iid=7, rep=9)...
Processing (fid=1, iid=7, rep=10)...
Processing (fid=1, iid=7, rep=11)...
Processing (fid=1, iid=7, rep=12)...
Processing (fid=1, iid=7, rep=13)...
Processing (fid=1, iid=7, rep=14)...
Processing (fid=1, iid=7, rep=15)...
Processing (fid=1, iid=7, rep=16)...
Processing (fid=1, iid=7, rep=17)...
Processing (fid=1, iid=7, rep=18)...
Processing (fid=1, iid=7, rep=19)...
Processing (fid=2, iid=6, rep=0)...
Processing (fid=2, iid=6, rep=1)...
Processing (fid=2, iid=6, rep=2)...
Processing (fid=2, iid=6, rep=3)...
Processing (fid=2, iid=6, rep=4)...
Processing (fid=2, iid=6, rep=5)...
Processing (fid=2, iid=6, rep=6)...
Processing (fid=2, iid=6, rep=7)...
Processing (fid=2, iid=6, rep=8)...
Processing (fid=2, iid=6, rep=9)...
Processing (fid=2, iid=6, rep=10)...
Processing (fid=2, iid=6, rep=11)...
Processing (fid=2, iid=6, rep=12)...
Processing (fid=2, iid=6, rep=13)...
Processing (fid=2, iid=6, rep=14)...
Processing (fid=2, iid=6, rep=15)...
Processing (fid=2, iid=6, rep=16)...
Processing (fid=2, iid=6, rep=17)...
Processing (fid=2, iid=6, rep=18)...
Processing (fid=2, iid=6, rep=19)...
Processing (fid=2, iid=7, rep=0)...
Processing (fid=2, iid=7, rep=1)...
Processing (fid=2, iid=7, rep=2)...
Processing (fid=2, iid=7, rep=3)...
Processing (fid=2, iid=7, rep=4)...
Processing (fid=2, iid=7, rep=5)...
Processing (fid=2, iid=7, rep=6)...
Processing (fid=2, iid=7, rep=7)...
Processing (fid=2, iid=7, rep=8)...
Processing (fid=2, iid=7, rep=9)...
Processing (fid=2, iid=7, rep=10)...
Processing (fid=2, iid=7, rep=11)...
Processing (fid=2, iid=7, rep=12)...
Processing (fid=2, iid=7, rep=13)...
Processing (fid=2, iid=7, rep=14)...
Processing (fid=2, iid=7, rep=15)...
Processing (fid=2, iid=7, rep=16)...
Processing (fid=2, iid=7, rep=17)...
Processing (fid=2, iid=7, rep=18)...
Processing (fid=2, iid=7, rep=19)...
Processing (fid=3, iid=6, rep=0)...
Processing (fid=3, iid=6, rep=1)...
Processing (fid=3, iid=6, rep=2)...
Processing (fid=3, iid=6, rep=3)...
Processing (fid=3, iid=6, rep=4)...
Processing (fid=3, iid=6, rep=5)...
Processing (fid=3, iid=6, rep=6)...
Processing (fid=3, iid=6, rep=7)...
Processing (fid=3, iid=6, rep=8)...
Processing (fid=3, iid=6, rep=9)...
Processing (fid=3, iid=6, rep=10)...
Processing (fid=3, iid=6, rep=11)...
Processing (fid=3, iid=6, rep=12)...
Processing (fid=3, iid=6, rep=13)...
Processing (fid=3, iid=6, rep=14)...
Processing (fid=3, iid=6, rep=15)...
Processing (fid=3, iid=6, rep=16)...
Processing (fid=3, iid=6, rep=17)...
Processing (fid=3, iid=6, rep=18)...
Processing (fid=3, iid=6, rep=19)...
Processing (fid=3, iid=7, rep=0)...
Processing (fid=3, iid=7, rep=1)...
Processing (fid=3, iid=7, rep=2)...
Processing (fid=3, iid=7, rep=3)...
Processing (fid=3, iid=7, rep=4)...
Processing (fid=3, iid=7, rep=5)...
Processing (fid=3, iid=7, rep=6)...
Processing (fid=3, iid=7, rep=7)...
Processing (fid=3, iid=7, rep=8)...
Processing (fid=3, iid=7, rep=9)...
Processing (fid=3, iid=7, rep=10)...
Processing (fid=3, iid=7, rep=11)...
Processing (fid=3, iid=7, rep=12)...
Processing (fid=3, iid=7, rep=13)...
Processing (fid=3, iid=7, rep=14)...
Processing (fid=3, iid=7, rep=15)...
Processing (fid=3, iid=7, rep=16)...
Processing (fid=3, iid=7, rep=17)...
Processing (fid=3, iid=7, rep=18)...
Processing (fid=3, iid=7, rep=19)...
Processing (fid=4, iid=6, rep=0)...
Processing (fid=4, iid=6, rep=1)...
Processing (fid=4, iid=6, rep=2)...
Processing (fid=4, iid=6, rep=3)...
Processing (fid=4, iid=6, rep=4)...
Processing (fid=4, iid=6, rep=5)...
Processing (fid=4, iid=6, rep=6)...
Processing (fid=4, iid=6, rep=7)...
Processing (fid=4, iid=6, rep=8)...
Processing (fid=4, iid=6, rep=9)...
Processing (fid=4, iid=6, rep=10)...
Processing (fid=4, iid=6, rep=11)...
Processing (fid=4, iid=6, rep=12)...
Processing (fid=4, iid=6, rep=13)...
Processing (fid=4, iid=6, rep=14)...
Processing (fid=4, iid=6, rep=15)...
Processing (fid=4, iid=6, rep=16)...
Processing (fid=4, iid=6, rep=17)...
Processing (fid=4, iid=6, rep=18)...
Processing (fid=4, iid=6, rep=19)...
Processing (fid=4, iid=7, rep=0)...
Processing (fid=4, iid=7, rep=1)...
Processing (fid=4, iid=7, rep=2)...
Processing (fid=4, iid=7, rep=3)...
Processing (fid=4, iid=7, rep=4)...
Processing (fid=4, iid=7, rep=5)...
Processing (fid=4, iid=7, rep=6)...
Processing (fid=4, iid=7, rep=7)...
Processing (fid=4, iid=7, rep=8)...
Processing (fid=4, iid=7, rep=9)...
Processing (fid=4, iid=7, rep=10)...
Processing (fid=4, iid=7, rep=11)...
Processing (fid=4, iid=7, rep=12)...
Processing (fid=4, iid=7, rep=13)...
Processing (fid=4, iid=7, rep=14)...
Processing (fid=4, iid=7, rep=15)...
Processing (fid=4, iid=7, rep=16)...
Processing (fid=4, iid=7, rep=17)...
Processing (fid=4, iid=7, rep=18)...
Processing (fid=4, iid=7, rep=19)...
Processing (fid=5, iid=6, rep=0)...
Processing (fid=5, iid=6, rep=1)...
Processing (fid=5, iid=6, rep=2)...
Processing (fid=5, iid=6, rep=3)...
Processing (fid=5, iid=6, rep=4)...
Processing (fid=5, iid=6, rep=5)...
Processing (fid=5, iid=6, rep=6)...
Processing (fid=5, iid=6, rep=7)...
Processing (fid=5, iid=6, rep=8)...
Processing (fid=5, iid=6, rep=9)...
Processing (fid=5, iid=6, rep=10)...
Processing (fid=5, iid=6, rep=11)...
Processing (fid=5, iid=6, rep=12)...
Processing (fid=5, iid=6, rep=13)...
Processing (fid=5, iid=6, rep=14)...
Processing (fid=5, iid=6, rep=15)...
Processing (fid=5, iid=6, rep=16)...
Processing (fid=5, iid=6, rep=17)...
Processing (fid=5, iid=6, rep=18)...
Processing (fid=5, iid=6, rep=19)...
Processing (fid=5, iid=7, rep=0)...
Processing (fid=5, iid=7, rep=1)...
Processing (fid=5, iid=7, rep=2)...
Processing (fid=5, iid=7, rep=3)...
Processing (fid=5, iid=7, rep=4)...
Processing (fid=5, iid=7, rep=5)...
Processing (fid=5, iid=7, rep=6)...
Processing (fid=5, iid=7, rep=7)...
Processing (fid=5, iid=7, rep=8)...
Processing (fid=5, iid=7, rep=9)...
Processing (fid=5, iid=7, rep=10)...
Processing (fid=5, iid=7, rep=11)...
Processing (fid=5, iid=7, rep=12)...
Processing (fid=5, iid=7, rep=13)...
Processing (fid=5, iid=7, rep=14)...
Processing (fid=5, iid=7, rep=15)...
Processing (fid=5, iid=7, rep=16)...
Processing (fid=5, iid=7, rep=17)...
Processing (fid=5, iid=7, rep=18)...
Processing (fid=5, iid=7, rep=19)...
Processing (fid=6, iid=6, rep=0)...
Processing (fid=6, iid=6, rep=1)...
Processing (fid=6, iid=6, rep=2)...
Processing (fid=6, iid=6, rep=3)...
Processing (fid=6, iid=6, rep=4)...
Processing (fid=6, iid=6, rep=5)...
Processing (fid=6, iid=6, rep=6)...
Processing (fid=6, iid=6, rep=7)...
Processing (fid=6, iid=6, rep=8)...
Processing (fid=6, iid=6, rep=9)...
Processing (fid=6, iid=6, rep=10)...
Processing (fid=6, iid=6, rep=11)...
Processing (fid=6, iid=6, rep=12)...
Processing (fid=6, iid=6, rep=13)...
Processing (fid=6, iid=6, rep=14)...
Processing (fid=6, iid=6, rep=15)...
Processing (fid=6, iid=6, rep=16)...
Processing (fid=6, iid=6, rep=17)...
Processing (fid=6, iid=6, rep=18)...
Processing (fid=6, iid=6, rep=19)...
Processing (fid=6, iid=7, rep=0)...
Processing (fid=6, iid=7, rep=1)...
Processing (fid=6, iid=7, rep=2)...
Processing (fid=6, iid=7, rep=3)...
Processing (fid=6, iid=7, rep=4)...
Processing (fid=6, iid=7, rep=5)...
Processing (fid=6, iid=7, rep=6)...
Processing (fid=6, iid=7, rep=7)...
Processing (fid=6, iid=7, rep=8)...
Processing (fid=6, iid=7, rep=9)...
Processing (fid=6, iid=7, rep=10)...
Processing (fid=6, iid=7, rep=11)...
Processing (fid=6, iid=7, rep=12)...
Processing (fid=6, iid=7, rep=13)...
Processing (fid=6, iid=7, rep=14)...
Processing (fid=6, iid=7, rep=15)...
Processing (fid=6, iid=7, rep=16)...
Processing (fid=6, iid=7, rep=17)...
Processing (fid=6, iid=7, rep=18)...
Processing (fid=6, iid=7, rep=19)...
Processing (fid=7, iid=6, rep=0)...
Processing (fid=7, iid=6, rep=1)...
Processing (fid=7, iid=6, rep=2)...
Processing (fid=7, iid=6, rep=3)...
Processing (fid=7, iid=6, rep=4)...
Processing (fid=7, iid=6, rep=5)...
Processing (fid=7, iid=6, rep=6)...
Processing (fid=7, iid=6, rep=7)...
Processing (fid=7, iid=6, rep=8)...
Processing (fid=7, iid=6, rep=9)...
Processing (fid=7, iid=6, rep=10)...
Processing (fid=7, iid=6, rep=11)...
Processing (fid=7, iid=6, rep=12)...
Processing (fid=7, iid=6, rep=13)...
Processing (fid=7, iid=6, rep=14)...
Processing (fid=7, iid=6, rep=15)...
Processing (fid=7, iid=6, rep=16)...
Processing (fid=7, iid=6, rep=17)...
Processing (fid=7, iid=6, rep=18)...
Processing (fid=7, iid=6, rep=19)...
Processing (fid=7, iid=7, rep=0)...
Processing (fid=7, iid=7, rep=1)...
Processing (fid=7, iid=7, rep=2)...
Processing (fid=7, iid=7, rep=3)...
Processing (fid=7, iid=7, rep=4)...
Processing (fid=7, iid=7, rep=5)...
Processing (fid=7, iid=7, rep=6)...
Processing (fid=7, iid=7, rep=7)...
Processing (fid=7, iid=7, rep=8)...
Processing (fid=7, iid=7, rep=9)...
Processing (fid=7, iid=7, rep=10)...
Processing (fid=7, iid=7, rep=11)...
Processing (fid=7, iid=7, rep=12)...
Processing (fid=7, iid=7, rep=13)...
Processing (fid=7, iid=7, rep=14)...
Processing (fid=7, iid=7, rep=15)...
Processing (fid=7, iid=7, rep=16)...
Processing (fid=7, iid=7, rep=17)...
Processing (fid=7, iid=7, rep=18)...
Processing (fid=7, iid=7, rep=19)...
Processing (fid=8, iid=6, rep=0)...
Processing (fid=8, iid=6, rep=1)...
Processing (fid=8, iid=6, rep=2)...
Processing (fid=8, iid=6, rep=3)...
Processing (fid=8, iid=6, rep=4)...
Processing (fid=8, iid=6, rep=5)...
Processing (fid=8, iid=6, rep=6)...
Processing (fid=8, iid=6, rep=7)...
Processing (fid=8, iid=6, rep=8)...
Processing (fid=8, iid=6, rep=9)...
Processing (fid=8, iid=6, rep=10)...
Processing (fid=8, iid=6, rep=11)...
Processing (fid=8, iid=6, rep=12)...
Processing (fid=8, iid=6, rep=13)...
Processing (fid=8, iid=6, rep=14)...
Processing (fid=8, iid=6, rep=15)...
Processing (fid=8, iid=6, rep=16)...
Processing (fid=8, iid=6, rep=17)...
Processing (fid=8, iid=6, rep=18)...
Processing (fid=8, iid=6, rep=19)...
Processing (fid=8, iid=7, rep=0)...
Processing (fid=8, iid=7, rep=1)...
Processing (fid=8, iid=7, rep=2)...
Processing (fid=8, iid=7, rep=3)...
Processing (fid=8, iid=7, rep=4)...
Processing (fid=8, iid=7, rep=5)...
Processing (fid=8, iid=7, rep=6)...
Processing (fid=8, iid=7, rep=7)...
Processing (fid=8, iid=7, rep=8)...
Processing (fid=8, iid=7, rep=9)...
Processing (fid=8, iid=7, rep=10)...
Processing (fid=8, iid=7, rep=11)...
Processing (fid=8, iid=7, rep=12)...
Processing (fid=8, iid=7, rep=13)...
Processing (fid=8, iid=7, rep=14)...
Processing (fid=8, iid=7, rep=15)...
Processing (fid=8, iid=7, rep=16)...
Processing (fid=8, iid=7, rep=17)...
Processing (fid=8, iid=7, rep=18)...
Processing (fid=8, iid=7, rep=19)...
Processing (fid=9, iid=6, rep=0)...
Processing (fid=9, iid=6, rep=1)...
Processing (fid=9, iid=6, rep=2)...
Processing (fid=9, iid=6, rep=3)...
Processing (fid=9, iid=6, rep=4)...
Processing (fid=9, iid=6, rep=5)...
Processing (fid=9, iid=6, rep=6)...
Processing (fid=9, iid=6, rep=7)...
Processing (fid=9, iid=6, rep=8)...
Processing (fid=9, iid=6, rep=9)...
Processing (fid=9, iid=6, rep=10)...
Processing (fid=9, iid=6, rep=11)...
Processing (fid=9, iid=6, rep=12)...
Processing (fid=9, iid=6, rep=13)...
Processing (fid=9, iid=6, rep=14)...
Processing (fid=9, iid=6, rep=15)...
Processing (fid=9, iid=6, rep=16)...
Processing (fid=9, iid=6, rep=17)...
Processing (fid=9, iid=6, rep=18)...
Processing (fid=9, iid=6, rep=19)...
Processing (fid=9, iid=7, rep=0)...
Processing (fid=9, iid=7, rep=1)...
Processing (fid=9, iid=7, rep=2)...
Processing (fid=9, iid=7, rep=3)...
Processing (fid=9, iid=7, rep=4)...
Processing (fid=9, iid=7, rep=5)...
Processing (fid=9, iid=7, rep=6)...
Processing (fid=9, iid=7, rep=7)...
Processing (fid=9, iid=7, rep=8)...
Processing (fid=9, iid=7, rep=9)...
Processing (fid=9, iid=7, rep=10)...
Processing (fid=9, iid=7, rep=11)...
Processing (fid=9, iid=7, rep=12)...
Processing (fid=9, iid=7, rep=13)...
Processing (fid=9, iid=7, rep=14)...
Processing (fid=9, iid=7, rep=15)...
Processing (fid=9, iid=7, rep=16)...
Processing (fid=9, iid=7, rep=17)...
Processing (fid=9, iid=7, rep=18)...
Processing (fid=9, iid=7, rep=19)...
Processing (fid=10, iid=6, rep=0)...
Processing (fid=10, iid=6, rep=1)...
Processing (fid=10, iid=6, rep=2)...
Processing (fid=10, iid=6, rep=3)...
Processing (fid=10, iid=6, rep=4)...
Processing (fid=10, iid=6, rep=5)...
Processing (fid=10, iid=6, rep=6)...
Processing (fid=10, iid=6, rep=7)...
Processing (fid=10, iid=6, rep=8)...
Processing (fid=10, iid=6, rep=9)...
Processing (fid=10, iid=6, rep=10)...
Processing (fid=10, iid=6, rep=11)...
Processing (fid=10, iid=6, rep=12)...
Processing (fid=10, iid=6, rep=13)...
Processing (fid=10, iid=6, rep=14)...
Processing (fid=10, iid=6, rep=15)...
Processing (fid=10, iid=6, rep=16)...
Processing (fid=10, iid=6, rep=17)...
Processing (fid=10, iid=6, rep=18)...
Processing (fid=10, iid=6, rep=19)...
Processing (fid=10, iid=7, rep=0)...
Processing (fid=10, iid=7, rep=1)...
Processing (fid=10, iid=7, rep=2)...
Processing (fid=10, iid=7, rep=3)...
Processing (fid=10, iid=7, rep=4)...
Processing (fid=10, iid=7, rep=5)...
Processing (fid=10, iid=7, rep=6)...
Processing (fid=10, iid=7, rep=7)...
Processing (fid=10, iid=7, rep=8)...
Processing (fid=10, iid=7, rep=9)...
Processing (fid=10, iid=7, rep=10)...
Processing (fid=10, iid=7, rep=11)...
Processing (fid=10, iid=7, rep=12)...
Processing (fid=10, iid=7, rep=13)...
Processing (fid=10, iid=7, rep=14)...
Processing (fid=10, iid=7, rep=15)...
Processing (fid=10, iid=7, rep=16)...
Processing (fid=10, iid=7, rep=17)...
Processing (fid=10, iid=7, rep=18)...
Processing (fid=10, iid=7, rep=19)...
Processing (fid=11, iid=6, rep=0)...
Processing (fid=11, iid=6, rep=1)...
Processing (fid=11, iid=6, rep=2)...
Processing (fid=11, iid=6, rep=3)...
Processing (fid=11, iid=6, rep=4)...
Processing (fid=11, iid=6, rep=5)...
Processing (fid=11, iid=6, rep=6)...
Processing (fid=11, iid=6, rep=7)...
Processing (fid=11, iid=6, rep=8)...
Processing (fid=11, iid=6, rep=9)...
Processing (fid=11, iid=6, rep=10)...
Processing (fid=11, iid=6, rep=11)...
Processing (fid=11, iid=6, rep=12)...
Processing (fid=11, iid=6, rep=13)...
Processing (fid=11, iid=6, rep=14)...
Processing (fid=11, iid=6, rep=15)...
Processing (fid=11, iid=6, rep=16)...
Processing (fid=11, iid=6, rep=17)...
Processing (fid=11, iid=6, rep=18)...
Processing (fid=11, iid=6, rep=19)...
Processing (fid=11, iid=7, rep=0)...
Processing (fid=11, iid=7, rep=1)...
Processing (fid=11, iid=7, rep=2)...
Processing (fid=11, iid=7, rep=3)...
Processing (fid=11, iid=7, rep=4)...
Processing (fid=11, iid=7, rep=5)...
Processing (fid=11, iid=7, rep=6)...
Processing (fid=11, iid=7, rep=7)...
Processing (fid=11, iid=7, rep=8)...
Processing (fid=11, iid=7, rep=9)...
Processing (fid=11, iid=7, rep=10)...
Processing (fid=11, iid=7, rep=11)...
Processing (fid=11, iid=7, rep=12)...
Processing (fid=11, iid=7, rep=13)...
Processing (fid=11, iid=7, rep=14)...
Processing (fid=11, iid=7, rep=15)...
Processing (fid=11, iid=7, rep=16)...
Processing (fid=11, iid=7, rep=17)...
Processing (fid=11, iid=7, rep=18)...
Processing (fid=11, iid=7, rep=19)...
Processing (fid=12, iid=6, rep=0)...
Processing (fid=12, iid=6, rep=1)...
Processing (fid=12, iid=6, rep=2)...
Processing (fid=12, iid=6, rep=3)...
Processing (fid=12, iid=6, rep=4)...
Processing (fid=12, iid=6, rep=5)...
Processing (fid=12, iid=6, rep=6)...
Processing (fid=12, iid=6, rep=7)...
Processing (fid=12, iid=6, rep=8)...
Processing (fid=12, iid=6, rep=9)...
Processing (fid=12, iid=6, rep=10)...
Processing (fid=12, iid=6, rep=11)...
Processing (fid=12, iid=6, rep=12)...
Processing (fid=12, iid=6, rep=13)...
Processing (fid=12, iid=6, rep=14)...
Processing (fid=12, iid=6, rep=15)...
Processing (fid=12, iid=6, rep=16)...
Processing (fid=12, iid=6, rep=17)...
Processing (fid=12, iid=6, rep=18)...
Processing (fid=12, iid=6, rep=19)...
Processing (fid=12, iid=7, rep=0)...
Processing (fid=12, iid=7, rep=1)...
Processing (fid=12, iid=7, rep=2)...
Processing (fid=12, iid=7, rep=3)...
Processing (fid=12, iid=7, rep=4)...
Processing (fid=12, iid=7, rep=5)...
Processing (fid=12, iid=7, rep=6)...
Processing (fid=12, iid=7, rep=7)...
Processing (fid=12, iid=7, rep=8)...
Processing (fid=12, iid=7, rep=9)...
Processing (fid=12, iid=7, rep=10)...
Processing (fid=12, iid=7, rep=11)...
Processing (fid=12, iid=7, rep=12)...
Processing (fid=12, iid=7, rep=13)...
Processing (fid=12, iid=7, rep=14)...
Processing (fid=12, iid=7, rep=15)...
Processing (fid=12, iid=7, rep=16)...
Processing (fid=12, iid=7, rep=17)...
Processing (fid=12, iid=7, rep=18)...
Processing (fid=12, iid=7, rep=19)...
Processing (fid=13, iid=6, rep=0)...
Processing (fid=13, iid=6, rep=1)...
Processing (fid=13, iid=6, rep=2)...
Processing (fid=13, iid=6, rep=3)...
Processing (fid=13, iid=6, rep=4)...
Processing (fid=13, iid=6, rep=5)...
Processing (fid=13, iid=6, rep=6)...
Processing (fid=13, iid=6, rep=7)...
Processing (fid=13, iid=6, rep=8)...
Processing (fid=13, iid=6, rep=9)...
Processing (fid=13, iid=6, rep=10)...
Processing (fid=13, iid=6, rep=11)...
Processing (fid=13, iid=6, rep=12)...
Processing (fid=13, iid=6, rep=13)...
Processing (fid=13, iid=6, rep=14)...
Processing (fid=13, iid=6, rep=15)...
Processing (fid=13, iid=6, rep=16)...
Processing (fid=13, iid=6, rep=17)...
Processing (fid=13, iid=6, rep=18)...
Processing (fid=13, iid=6, rep=19)...
Processing (fid=13, iid=7, rep=0)...
Processing (fid=13, iid=7, rep=1)...
Processing (fid=13, iid=7, rep=2)...
Processing (fid=13, iid=7, rep=3)...
Processing (fid=13, iid=7, rep=4)...
Processing (fid=13, iid=7, rep=5)...
Processing (fid=13, iid=7, rep=6)...
Processing (fid=13, iid=7, rep=7)...
Processing (fid=13, iid=7, rep=8)...
Processing (fid=13, iid=7, rep=9)...
Processing (fid=13, iid=7, rep=10)...
Processing (fid=13, iid=7, rep=11)...
Processing (fid=13, iid=7, rep=12)...
Processing (fid=13, iid=7, rep=13)...
Processing (fid=13, iid=7, rep=14)...
Processing (fid=13, iid=7, rep=15)...
Processing (fid=13, iid=7, rep=16)...
Processing (fid=13, iid=7, rep=17)...
Processing (fid=13, iid=7, rep=18)...
Processing (fid=13, iid=7, rep=19)...
Processing (fid=14, iid=6, rep=0)...
Processing (fid=14, iid=6, rep=1)...
Processing (fid=14, iid=6, rep=2)...
Processing (fid=14, iid=6, rep=3)...
Processing (fid=14, iid=6, rep=4)...
Processing (fid=14, iid=6, rep=5)...
Processing (fid=14, iid=6, rep=6)...
Processing (fid=14, iid=6, rep=7)...
Processing (fid=14, iid=6, rep=8)...
Processing (fid=14, iid=6, rep=9)...
Processing (fid=14, iid=6, rep=10)...
Processing (fid=14, iid=6, rep=11)...
Processing (fid=14, iid=6, rep=12)...
Processing (fid=14, iid=6, rep=13)...
Processing (fid=14, iid=6, rep=14)...
Processing (fid=14, iid=6, rep=15)...
Processing (fid=14, iid=6, rep=16)...
Processing (fid=14, iid=6, rep=17)...
Processing (fid=14, iid=6, rep=18)...
Processing (fid=14, iid=6, rep=19)...
Processing (fid=14, iid=7, rep=0)...
Processing (fid=14, iid=7, rep=1)...
Processing (fid=14, iid=7, rep=2)...
Processing (fid=14, iid=7, rep=3)...
Processing (fid=14, iid=7, rep=4)...
Processing (fid=14, iid=7, rep=5)...
Processing (fid=14, iid=7, rep=6)...
Processing (fid=14, iid=7, rep=7)...
Processing (fid=14, iid=7, rep=8)...
Processing (fid=14, iid=7, rep=9)...
Processing (fid=14, iid=7, rep=10)...
Processing (fid=14, iid=7, rep=11)...
Processing (fid=14, iid=7, rep=12)...
Processing (fid=14, iid=7, rep=13)...
Processing (fid=14, iid=7, rep=14)...
Processing (fid=14, iid=7, rep=15)...
Processing (fid=14, iid=7, rep=16)...
Processing (fid=14, iid=7, rep=17)...
Processing (fid=14, iid=7, rep=18)...
Processing (fid=14, iid=7, rep=19)...
Processing (fid=15, iid=6, rep=0)...
Processing (fid=15, iid=6, rep=1)...
Processing (fid=15, iid=6, rep=2)...
Processing (fid=15, iid=6, rep=3)...
Processing (fid=15, iid=6, rep=4)...
Processing (fid=15, iid=6, rep=5)...
Processing (fid=15, iid=6, rep=6)...
Processing (fid=15, iid=6, rep=7)...
Processing (fid=15, iid=6, rep=8)...
Processing (fid=15, iid=6, rep=9)...
Processing (fid=15, iid=6, rep=10)...
Processing (fid=15, iid=6, rep=11)...
Processing (fid=15, iid=6, rep=12)...
Processing (fid=15, iid=6, rep=13)...
Processing (fid=15, iid=6, rep=14)...
Processing (fid=15, iid=6, rep=15)...
Processing (fid=15, iid=6, rep=16)...
Processing (fid=15, iid=6, rep=17)...
Processing (fid=15, iid=6, rep=18)...
Processing (fid=15, iid=6, rep=19)...
Processing (fid=15, iid=7, rep=0)...
Processing (fid=15, iid=7, rep=1)...
Processing (fid=15, iid=7, rep=2)...
Processing (fid=15, iid=7, rep=3)...
Processing (fid=15, iid=7, rep=4)...
Processing (fid=15, iid=7, rep=5)...
Processing (fid=15, iid=7, rep=6)...
Processing (fid=15, iid=7, rep=7)...
Processing (fid=15, iid=7, rep=8)...
Processing (fid=15, iid=7, rep=9)...
Processing (fid=15, iid=7, rep=10)...
Processing (fid=15, iid=7, rep=11)...
Processing (fid=15, iid=7, rep=12)...
Processing (fid=15, iid=7, rep=13)...
Processing (fid=15, iid=7, rep=14)...
Processing (fid=15, iid=7, rep=15)...
Processing (fid=15, iid=7, rep=16)...
Processing (fid=15, iid=7, rep=17)...
Processing (fid=15, iid=7, rep=18)...
Processing (fid=15, iid=7, rep=19)...
Processing (fid=16, iid=6, rep=0)...
Processing (fid=16, iid=6, rep=1)...
Processing (fid=16, iid=6, rep=2)...
Processing (fid=16, iid=6, rep=3)...
Processing (fid=16, iid=6, rep=4)...
Processing (fid=16, iid=6, rep=5)...
Processing (fid=16, iid=6, rep=6)...
Processing (fid=16, iid=6, rep=7)...
Processing (fid=16, iid=6, rep=8)...
Processing (fid=16, iid=6, rep=9)...
Processing (fid=16, iid=6, rep=10)...
Processing (fid=16, iid=6, rep=11)...
Processing (fid=16, iid=6, rep=12)...
Processing (fid=16, iid=6, rep=13)...
Processing (fid=16, iid=6, rep=14)...
Processing (fid=16, iid=6, rep=15)...
Processing (fid=16, iid=6, rep=16)...
Processing (fid=16, iid=6, rep=17)...
Processing (fid=16, iid=6, rep=18)...
Processing (fid=16, iid=6, rep=19)...
Processing (fid=16, iid=7, rep=0)...
Processing (fid=16, iid=7, rep=1)...
Processing (fid=16, iid=7, rep=2)...
Processing (fid=16, iid=7, rep=3)...
Processing (fid=16, iid=7, rep=4)...
Processing (fid=16, iid=7, rep=5)...
Processing (fid=16, iid=7, rep=6)...
Processing (fid=16, iid=7, rep=7)...
Processing (fid=16, iid=7, rep=8)...
Processing (fid=16, iid=7, rep=9)...
Processing (fid=16, iid=7, rep=10)...
Processing (fid=16, iid=7, rep=11)...
Processing (fid=16, iid=7, rep=12)...
Processing (fid=16, iid=7, rep=13)...
Processing (fid=16, iid=7, rep=14)...
Processing (fid=16, iid=7, rep=15)...
Processing (fid=16, iid=7, rep=16)...
Processing (fid=16, iid=7, rep=17)...
Processing (fid=16, iid=7, rep=18)...
Processing (fid=16, iid=7, rep=19)...
Processing (fid=17, iid=6, rep=0)...
Processing (fid=17, iid=6, rep=1)...
Processing (fid=17, iid=6, rep=2)...
Processing (fid=17, iid=6, rep=3)...
Processing (fid=17, iid=6, rep=4)...
Processing (fid=17, iid=6, rep=5)...
Processing (fid=17, iid=6, rep=6)...
Processing (fid=17, iid=6, rep=7)...
Processing (fid=17, iid=6, rep=8)...
Processing (fid=17, iid=6, rep=9)...
Processing (fid=17, iid=6, rep=10)...
Processing (fid=17, iid=6, rep=11)...
Processing (fid=17, iid=6, rep=12)...
Processing (fid=17, iid=6, rep=13)...
Processing (fid=17, iid=6, rep=14)...
Processing (fid=17, iid=6, rep=15)...
Processing (fid=17, iid=6, rep=16)...
Processing (fid=17, iid=6, rep=17)...
Processing (fid=17, iid=6, rep=18)...
Processing (fid=17, iid=6, rep=19)...
Processing (fid=17, iid=7, rep=0)...
Processing (fid=17, iid=7, rep=1)...
Processing (fid=17, iid=7, rep=2)...
Processing (fid=17, iid=7, rep=3)...
Processing (fid=17, iid=7, rep=4)...
Processing (fid=17, iid=7, rep=5)...
Processing (fid=17, iid=7, rep=6)...
Processing (fid=17, iid=7, rep=7)...
Processing (fid=17, iid=7, rep=8)...
Processing (fid=17, iid=7, rep=9)...
Processing (fid=17, iid=7, rep=10)...
Processing (fid=17, iid=7, rep=11)...
Processing (fid=17, iid=7, rep=12)...
Processing (fid=17, iid=7, rep=13)...
Processing (fid=17, iid=7, rep=14)...
Processing (fid=17, iid=7, rep=15)...
Processing (fid=17, iid=7, rep=16)...
Processing (fid=17, iid=7, rep=17)...
Processing (fid=17, iid=7, rep=18)...
Processing (fid=17, iid=7, rep=19)...
Processing (fid=18, iid=6, rep=0)...
Processing (fid=18, iid=6, rep=1)...
Processing (fid=18, iid=6, rep=2)...
Processing (fid=18, iid=6, rep=3)...
Processing (fid=18, iid=6, rep=4)...
Processing (fid=18, iid=6, rep=5)...
Processing (fid=18, iid=6, rep=6)...
Processing (fid=18, iid=6, rep=7)...
Processing (fid=18, iid=6, rep=8)...
Processing (fid=18, iid=6, rep=9)...
Processing (fid=18, iid=6, rep=10)...
Processing (fid=18, iid=6, rep=11)...
Processing (fid=18, iid=6, rep=12)...
Processing (fid=18, iid=6, rep=13)...
Processing (fid=18, iid=6, rep=14)...
Processing (fid=18, iid=6, rep=15)...
Processing (fid=18, iid=6, rep=16)...
Processing (fid=18, iid=6, rep=17)...
Processing (fid=18, iid=6, rep=18)...
Processing (fid=18, iid=6, rep=19)...
Processing (fid=18, iid=7, rep=0)...
Processing (fid=18, iid=7, rep=1)...
Processing (fid=18, iid=7, rep=2)...
Processing (fid=18, iid=7, rep=3)...
Processing (fid=18, iid=7, rep=4)...
Processing (fid=18, iid=7, rep=5)...
Processing (fid=18, iid=7, rep=6)...
Processing (fid=18, iid=7, rep=7)...
Processing (fid=18, iid=7, rep=8)...
Processing (fid=18, iid=7, rep=9)...
Processing (fid=18, iid=7, rep=10)...
Processing (fid=18, iid=7, rep=11)...
Processing (fid=18, iid=7, rep=12)...
Processing (fid=18, iid=7, rep=13)...
Processing (fid=18, iid=7, rep=14)...
Processing (fid=18, iid=7, rep=15)...
Processing (fid=18, iid=7, rep=16)...
Processing (fid=18, iid=7, rep=17)...
Processing (fid=18, iid=7, rep=18)...
Processing (fid=18, iid=7, rep=19)...
Processing (fid=19, iid=6, rep=0)...
Processing (fid=19, iid=6, rep=1)...
Processing (fid=19, iid=6, rep=2)...
Processing (fid=19, iid=6, rep=3)...
Processing (fid=19, iid=6, rep=4)...
Processing (fid=19, iid=6, rep=5)...
Processing (fid=19, iid=6, rep=6)...
Processing (fid=19, iid=6, rep=7)...
Processing (fid=19, iid=6, rep=8)...
Processing (fid=19, iid=6, rep=9)...
Processing (fid=19, iid=6, rep=10)...
Processing (fid=19, iid=6, rep=11)...
Processing (fid=19, iid=6, rep=12)...
Processing (fid=19, iid=6, rep=13)...
Processing (fid=19, iid=6, rep=14)...
Processing (fid=19, iid=6, rep=15)...
Processing (fid=19, iid=6, rep=16)...
Processing (fid=19, iid=6, rep=17)...
Processing (fid=19, iid=6, rep=18)...
Processing (fid=19, iid=6, rep=19)...
Processing (fid=19, iid=7, rep=0)...
Processing (fid=19, iid=7, rep=1)...
Processing (fid=19, iid=7, rep=2)...
Processing (fid=19, iid=7, rep=3)...
Processing (fid=19, iid=7, rep=4)...
Processing (fid=19, iid=7, rep=5)...
Processing (fid=19, iid=7, rep=6)...
Processing (fid=19, iid=7, rep=7)...
Processing (fid=19, iid=7, rep=8)...
Processing (fid=19, iid=7, rep=9)...
Processing (fid=19, iid=7, rep=10)...
Processing (fid=19, iid=7, rep=11)...
Processing (fid=19, iid=7, rep=12)...
Processing (fid=19, iid=7, rep=13)...
Processing (fid=19, iid=7, rep=14)...
Processing (fid=19, iid=7, rep=15)...
Processing (fid=19, iid=7, rep=16)...
Processing (fid=19, iid=7, rep=17)...
Processing (fid=19, iid=7, rep=18)...
Processing (fid=19, iid=7, rep=19)...
Processing (fid=20, iid=6, rep=0)...
Processing (fid=20, iid=6, rep=1)...
Processing (fid=20, iid=6, rep=2)...
Processing (fid=20, iid=6, rep=3)...
Processing (fid=20, iid=6, rep=4)...
Processing (fid=20, iid=6, rep=5)...
Processing (fid=20, iid=6, rep=6)...
Processing (fid=20, iid=6, rep=7)...
Processing (fid=20, iid=6, rep=8)...
Processing (fid=20, iid=6, rep=9)...
Processing (fid=20, iid=6, rep=10)...
Processing (fid=20, iid=6, rep=11)...
Processing (fid=20, iid=6, rep=12)...
Processing (fid=20, iid=6, rep=13)...
Processing (fid=20, iid=6, rep=14)...
Processing (fid=20, iid=6, rep=15)...
Processing (fid=20, iid=6, rep=16)...
Processing (fid=20, iid=6, rep=17)...
Processing (fid=20, iid=6, rep=18)...
Processing (fid=20, iid=6, rep=19)...
Processing (fid=20, iid=7, rep=0)...
Processing (fid=20, iid=7, rep=1)...
Processing (fid=20, iid=7, rep=2)...
Processing (fid=20, iid=7, rep=3)...
Processing (fid=20, iid=7, rep=4)...
Processing (fid=20, iid=7, rep=5)...
Processing (fid=20, iid=7, rep=6)...
Processing (fid=20, iid=7, rep=7)...
Processing (fid=20, iid=7, rep=8)...
Processing (fid=20, iid=7, rep=9)...
Processing (fid=20, iid=7, rep=10)...
Processing (fid=20, iid=7, rep=11)...
Processing (fid=20, iid=7, rep=12)...
Processing (fid=20, iid=7, rep=13)...
Processing (fid=20, iid=7, rep=14)...
Processing (fid=20, iid=7, rep=15)...
Processing (fid=20, iid=7, rep=16)...
Processing (fid=20, iid=7, rep=17)...
Processing (fid=20, iid=7, rep=18)...
Processing (fid=20, iid=7, rep=19)...
Processing (fid=21, iid=6, rep=0)...
Processing (fid=21, iid=6, rep=1)...
Processing (fid=21, iid=6, rep=2)...
Processing (fid=21, iid=6, rep=3)...
Processing (fid=21, iid=6, rep=4)...
Processing (fid=21, iid=6, rep=5)...
Processing (fid=21, iid=6, rep=6)...
Processing (fid=21, iid=6, rep=7)...
Processing (fid=21, iid=6, rep=8)...
Processing (fid=21, iid=6, rep=9)...
Processing (fid=21, iid=6, rep=10)...
Processing (fid=21, iid=6, rep=11)...
Processing (fid=21, iid=6, rep=12)...
Processing (fid=21, iid=6, rep=13)...
Processing (fid=21, iid=6, rep=14)...
Processing (fid=21, iid=6, rep=15)...
Processing (fid=21, iid=6, rep=16)...
Processing (fid=21, iid=6, rep=17)...
Processing (fid=21, iid=6, rep=18)...
Processing (fid=21, iid=6, rep=19)...
Processing (fid=21, iid=7, rep=0)...
Processing (fid=21, iid=7, rep=1)...
Processing (fid=21, iid=7, rep=2)...
Processing (fid=21, iid=7, rep=3)...
Processing (fid=21, iid=7, rep=4)...
Processing (fid=21, iid=7, rep=5)...
Processing (fid=21, iid=7, rep=6)...
Processing (fid=21, iid=7, rep=7)...
Processing (fid=21, iid=7, rep=8)...
Processing (fid=21, iid=7, rep=9)...
Processing (fid=21, iid=7, rep=10)...
Processing (fid=21, iid=7, rep=11)...
Processing (fid=21, iid=7, rep=12)...
Processing (fid=21, iid=7, rep=13)...
Processing (fid=21, iid=7, rep=14)...
Processing (fid=21, iid=7, rep=15)...
Processing (fid=21, iid=7, rep=16)...
Processing (fid=21, iid=7, rep=17)...
Processing (fid=21, iid=7, rep=18)...
Processing (fid=21, iid=7, rep=19)...
Processing (fid=22, iid=6, rep=0)...
Processing (fid=22, iid=6, rep=1)...
Processing (fid=22, iid=6, rep=2)...
Processing (fid=22, iid=6, rep=3)...
Processing (fid=22, iid=6, rep=4)...
Processing (fid=22, iid=6, rep=5)...
Processing (fid=22, iid=6, rep=6)...
Processing (fid=22, iid=6, rep=7)...
Processing (fid=22, iid=6, rep=8)...
Processing (fid=22, iid=6, rep=9)...
Processing (fid=22, iid=6, rep=10)...
Processing (fid=22, iid=6, rep=11)...
Processing (fid=22, iid=6, rep=12)...
Processing (fid=22, iid=6, rep=13)...
Processing (fid=22, iid=6, rep=14)...
Processing (fid=22, iid=6, rep=15)...
Processing (fid=22, iid=6, rep=16)...
Processing (fid=22, iid=6, rep=17)...
Processing (fid=22, iid=6, rep=18)...
Processing (fid=22, iid=6, rep=19)...
Processing (fid=22, iid=7, rep=0)...
Processing (fid=22, iid=7, rep=1)...
Processing (fid=22, iid=7, rep=2)...
Processing (fid=22, iid=7, rep=3)...
Processing (fid=22, iid=7, rep=4)...
Processing (fid=22, iid=7, rep=5)...
Processing (fid=22, iid=7, rep=6)...
Processing (fid=22, iid=7, rep=7)...
Processing (fid=22, iid=7, rep=8)...
Processing (fid=22, iid=7, rep=9)...
Processing (fid=22, iid=7, rep=10)...
Processing (fid=22, iid=7, rep=11)...
Processing (fid=22, iid=7, rep=12)...
Processing (fid=22, iid=7, rep=13)...
Processing (fid=22, iid=7, rep=14)...
Processing (fid=22, iid=7, rep=15)...
Processing (fid=22, iid=7, rep=16)...
Processing (fid=22, iid=7, rep=17)...
Processing (fid=22, iid=7, rep=18)...
Processing (fid=22, iid=7, rep=19)...
Processing (fid=23, iid=6, rep=0)...
Processing (fid=23, iid=6, rep=1)...
Processing (fid=23, iid=6, rep=2)...
Processing (fid=23, iid=6, rep=3)...
Processing (fid=23, iid=6, rep=4)...
Processing (fid=23, iid=6, rep=5)...
Processing (fid=23, iid=6, rep=6)...
Processing (fid=23, iid=6, rep=7)...
Processing (fid=23, iid=6, rep=8)...
Processing (fid=23, iid=6, rep=9)...
Processing (fid=23, iid=6, rep=10)...
Processing (fid=23, iid=6, rep=11)...
Processing (fid=23, iid=6, rep=12)...
Processing (fid=23, iid=6, rep=13)...
Processing (fid=23, iid=6, rep=14)...
Processing (fid=23, iid=6, rep=15)...
Processing (fid=23, iid=6, rep=16)...
Processing (fid=23, iid=6, rep=17)...
Processing (fid=23, iid=6, rep=18)...
Processing (fid=23, iid=6, rep=19)...
Processing (fid=23, iid=7, rep=0)...
Processing (fid=23, iid=7, rep=1)...
Processing (fid=23, iid=7, rep=2)...
Processing (fid=23, iid=7, rep=3)...
Processing (fid=23, iid=7, rep=4)...
Processing (fid=23, iid=7, rep=5)...
Processing (fid=23, iid=7, rep=6)...
Processing (fid=23, iid=7, rep=7)...
Processing (fid=23, iid=7, rep=8)...
Processing (fid=23, iid=7, rep=9)...
Processing (fid=23, iid=7, rep=10)...
Processing (fid=23, iid=7, rep=11)...
Processing (fid=23, iid=7, rep=12)...
Processing (fid=23, iid=7, rep=13)...
Processing (fid=23, iid=7, rep=14)...
Processing (fid=23, iid=7, rep=15)...
Processing (fid=23, iid=7, rep=16)...
Processing (fid=23, iid=7, rep=17)...
Processing (fid=23, iid=7, rep=18)...
Processing (fid=23, iid=7, rep=19)...
Processing (fid=24, iid=6, rep=0)...
Processing (fid=24, iid=6, rep=1)...
Processing (fid=24, iid=6, rep=2)...
Processing (fid=24, iid=6, rep=3)...
Processing (fid=24, iid=6, rep=4)...
Processing (fid=24, iid=6, rep=5)...
Processing (fid=24, iid=6, rep=6)...
Processing (fid=24, iid=6, rep=7)...
Processing (fid=24, iid=6, rep=8)...
Processing (fid=24, iid=6, rep=9)...
Processing (fid=24, iid=6, rep=10)...
Processing (fid=24, iid=6, rep=11)...
Processing (fid=24, iid=6, rep=12)...
Processing (fid=24, iid=6, rep=13)...
Processing (fid=24, iid=6, rep=14)...
Processing (fid=24, iid=6, rep=15)...
Processing (fid=24, iid=6, rep=16)...
Processing (fid=24, iid=6, rep=17)...
Processing (fid=24, iid=6, rep=18)...
Processing (fid=24, iid=6, rep=19)...
Processing (fid=24, iid=7, rep=0)...
Processing (fid=24, iid=7, rep=1)...
Processing (fid=24, iid=7, rep=2)...
Processing (fid=24, iid=7, rep=3)...
Processing (fid=24, iid=7, rep=4)...
Processing (fid=24, iid=7, rep=5)...
Processing (fid=24, iid=7, rep=6)...
Processing (fid=24, iid=7, rep=7)...
Processing (fid=24, iid=7, rep=8)...
Processing (fid=24, iid=7, rep=9)...
Processing (fid=24, iid=7, rep=10)...
Processing (fid=24, iid=7, rep=11)...
Processing (fid=24, iid=7, rep=12)...
Processing (fid=24, iid=7, rep=13)...
Processing (fid=24, iid=7, rep=14)...
Processing (fid=24, iid=7, rep=15)...
Processing (fid=24, iid=7, rep=16)...
Processing (fid=24, iid=7, rep=17)...
Processing (fid=24, iid=7, rep=18)...
Processing (fid=24, iid=7, rep=19)...
Incremental results saved to: ../results/all_epms_untuned/selector_results_with_lookahead_all_epms_5.csv
