Loading models...
Selector model dir: ../data/trained_models/switching_models_lookahead_all_epms_lowest/switching_models_lookahead_lowest_9
Performance model dir: ../data/trained_models/algo_performance_models_trained_algo_features
{'bootstrap': np.False_, 'ccp_alpha': 0.0, 'class_weight': None, 'criterion': 'gini', 'max_depth': None, 'max_features': 0.6713778025471, 'max_leaf_nodes': None, 'max_samples': None, 'min_impurity_decrease': 0.0, 'min_samples_leaf': 19, 'min_samples_split': 14, 'min_weight_fraction_leaf': 0.0, 'monotonic_cst': None, 'n_estimators': 42, 'n_jobs': None, 'oob_score': False, 'random_state': 42, 'verbose': 0, 'warm_start': False}
Loaded switching model for budget 300
{'bootstrap': np.False_, 'ccp_alpha': 0.0, 'class_weight': None, 'criterion': 'gini', 'max_depth': None, 'max_features': 0.6713778025471, 'max_leaf_nodes': None, 'max_samples': None, 'min_impurity_decrease': 0.0, 'min_samples_leaf': 19, 'min_samples_split': 14, 'min_weight_fraction_leaf': 0.0, 'monotonic_cst': None, 'n_estimators': 42, 'n_jobs': None, 'oob_score': False, 'random_state': 42, 'verbose': 0, 'warm_start': False}
Loaded switching model for budget 650
{'bootstrap': np.False_, 'ccp_alpha': 0.0, 'class_weight': None, 'criterion': 'gini', 'max_depth': None, 'max_features': 0.6713778025471, 'max_leaf_nodes': None, 'max_samples': None, 'min_impurity_decrease': 0.0, 'min_samples_leaf': 19, 'min_samples_split': 14, 'min_weight_fraction_leaf': 0.0, 'monotonic_cst': None, 'n_estimators': 42, 'n_jobs': None, 'oob_score': False, 'random_state': 42, 'verbose': 0, 'warm_start': False}
Loaded switching model for budget 800
{'bootstrap': np.False_, 'ccp_alpha': 0.0, 'class_weight': None, 'criterion': 'gini', 'max_depth': None, 'max_features': 0.6713778025471, 'max_leaf_nodes': None, 'max_samples': None, 'min_impurity_decrease': 0.0, 'min_samples_leaf': 19, 'min_samples_split': 14, 'min_weight_fraction_leaf': 0.0, 'monotonic_cst': None, 'n_estimators': 42, 'n_jobs': None, 'oob_score': False, 'random_state': 42, 'verbose': 0, 'warm_start': False}
Loaded switching model for budget 500
{'bootstrap': np.False_, 'ccp_alpha': 0.0, 'class_weight': None, 'criterion': 'gini', 'max_depth': None, 'max_features': 0.6713778025471, 'max_leaf_nodes': None, 'max_samples': None, 'min_impurity_decrease': 0.0, 'min_samples_leaf': 19, 'min_samples_split': 14, 'min_weight_fraction_leaf': 0.0, 'monotonic_cst': None, 'n_estimators': 42, 'n_jobs': None, 'oob_score': False, 'random_state': 42, 'verbose': 0, 'warm_start': False}
Loaded switching model for budget 700
{'bootstrap': np.False_, 'ccp_alpha': 0.0, 'class_weight': None, 'criterion': 'gini', 'max_depth': None, 'max_features': 0.6713778025471, 'max_leaf_nodes': None, 'max_samples': None, 'min_impurity_decrease': 0.0, 'min_samples_leaf': 19, 'min_samples_split': 14, 'min_weight_fraction_leaf': 0.0, 'monotonic_cst': None, 'n_estimators': 42, 'n_jobs': None, 'oob_score': False, 'random_state': 42, 'verbose': 0, 'warm_start': False}
Loaded switching model for budget 550
{'bootstrap': np.False_, 'ccp_alpha': 0.0, 'class_weight': None, 'criterion': 'gini', 'max_depth': None, 'max_features': 0.6713778025471, 'max_leaf_nodes': None, 'max_samples': None, 'min_impurity_decrease': 0.0, 'min_samples_leaf': 19, 'min_samples_split': 14, 'min_weight_fraction_leaf': 0.0, 'monotonic_cst': None, 'n_estimators': 42, 'n_jobs': None, 'oob_score': False, 'random_state': 42, 'verbose': 0, 'warm_start': False}
Loaded switching model for budget 450
{'bootstrap': np.False_, 'ccp_alpha': 0.0, 'class_weight': None, 'criterion': 'gini', 'max_depth': None, 'max_features': 0.6713778025471, 'max_leaf_nodes': None, 'max_samples': None, 'min_impurity_decrease': 0.0, 'min_samples_leaf': 19, 'min_samples_split': 14, 'min_weight_fraction_leaf': 0.0, 'monotonic_cst': None, 'n_estimators': 42, 'n_jobs': None, 'oob_score': False, 'random_state': 42, 'verbose': 0, 'warm_start': False}
Loaded switching model for budget 950
{'bootstrap': np.False_, 'ccp_alpha': 0.0, 'class_weight': None, 'criterion': 'gini', 'max_depth': None, 'max_features': 0.6713778025471, 'max_leaf_nodes': None, 'max_samples': None, 'min_impurity_decrease': 0.0, 'min_samples_leaf': 19, 'min_samples_split': 14, 'min_weight_fraction_leaf': 0.0, 'monotonic_cst': None, 'n_estimators': 42, 'n_jobs': None, 'oob_score': False, 'random_state': 42, 'verbose': 0, 'warm_start': False}
Loaded switching model for budget 250
{'bootstrap': np.False_, 'ccp_alpha': 0.0, 'class_weight': None, 'criterion': 'gini', 'max_depth': None, 'max_features': 0.6713778025471, 'max_leaf_nodes': None, 'max_samples': None, 'min_impurity_decrease': 0.0, 'min_samples_leaf': 19, 'min_samples_split': 14, 'min_weight_fraction_leaf': 0.0, 'monotonic_cst': None, 'n_estimators': 42, 'n_jobs': None, 'oob_score': False, 'random_state': 42, 'verbose': 0, 'warm_start': False}
Loaded switching model for budget 200
{'bootstrap': np.False_, 'ccp_alpha': 0.0, 'class_weight': None, 'criterion': 'gini', 'max_depth': None, 'max_features': 0.6713778025471, 'max_leaf_nodes': None, 'max_samples': None, 'min_impurity_decrease': 0.0, 'min_samples_leaf': 19, 'min_samples_split': 14, 'min_weight_fraction_leaf': 0.0, 'monotonic_cst': None, 'n_estimators': 42, 'n_jobs': None, 'oob_score': False, 'random_state': 42, 'verbose': 0, 'warm_start': False}
Loaded switching model for budget 350
{'bootstrap': np.False_, 'ccp_alpha': 0.0, 'class_weight': None, 'criterion': 'gini', 'max_depth': None, 'max_features': 0.6713778025471, 'max_leaf_nodes': None, 'max_samples': None, 'min_impurity_decrease': 0.0, 'min_samples_leaf': 19, 'min_samples_split': 14, 'min_weight_fraction_leaf': 0.0, 'monotonic_cst': None, 'n_estimators': 42, 'n_jobs': None, 'oob_score': False, 'random_state': 42, 'verbose': 0, 'warm_start': False}
Loaded switching model for budget 100
{'bootstrap': np.False_, 'ccp_alpha': 0.0, 'class_weight': None, 'criterion': 'gini', 'max_depth': None, 'max_features': 0.6713778025471, 'max_leaf_nodes': None, 'max_samples': None, 'min_impurity_decrease': 0.0, 'min_samples_leaf': 19, 'min_samples_split': 14, 'min_weight_fraction_leaf': 0.0, 'monotonic_cst': None, 'n_estimators': 42, 'n_jobs': None, 'oob_score': False, 'random_state': 42, 'verbose': 0, 'warm_start': False}
Loaded switching model for budget 900
{'bootstrap': np.False_, 'ccp_alpha': 0.0, 'class_weight': None, 'criterion': 'gini', 'max_depth': None, 'max_features': 0.6713778025471, 'max_leaf_nodes': None, 'max_samples': None, 'min_impurity_decrease': 0.0, 'min_samples_leaf': 19, 'min_samples_split': 14, 'min_weight_fraction_leaf': 0.0, 'monotonic_cst': None, 'n_estimators': 42, 'n_jobs': None, 'oob_score': False, 'random_state': 42, 'verbose': 0, 'warm_start': False}
Loaded switching model for budget 600
{'bootstrap': np.False_, 'ccp_alpha': 0.0, 'class_weight': None, 'criterion': 'gini', 'max_depth': None, 'max_features': 0.6713778025471, 'max_leaf_nodes': None, 'max_samples': None, 'min_impurity_decrease': 0.0, 'min_samples_leaf': 19, 'min_samples_split': 14, 'min_weight_fraction_leaf': 0.0, 'monotonic_cst': None, 'n_estimators': 42, 'n_jobs': None, 'oob_score': False, 'random_state': 42, 'verbose': 0, 'warm_start': False}
Loaded switching model for budget 750
{'bootstrap': np.False_, 'ccp_alpha': 0.0, 'class_weight': None, 'criterion': 'gini', 'max_depth': None, 'max_features': 0.6713778025471, 'max_leaf_nodes': None, 'max_samples': None, 'min_impurity_decrease': 0.0, 'min_samples_leaf': 19, 'min_samples_split': 14, 'min_weight_fraction_leaf': 0.0, 'monotonic_cst': None, 'n_estimators': 42, 'n_jobs': None, 'oob_score': False, 'random_state': 42, 'verbose': 0, 'warm_start': False}
Loaded switching model for budget 850
{'bootstrap': np.False_, 'ccp_alpha': 0.0, 'class_weight': None, 'criterion': 'gini', 'max_depth': None, 'max_features': 0.6713778025471, 'max_leaf_nodes': None, 'max_samples': None, 'min_impurity_decrease': 0.0, 'min_samples_leaf': 19, 'min_samples_split': 14, 'min_weight_fraction_leaf': 0.0, 'monotonic_cst': None, 'n_estimators': 42, 'n_jobs': None, 'oob_score': False, 'random_state': 42, 'verbose': 0, 'warm_start': False}
Loaded switching model for budget 150
{'bootstrap': np.False_, 'ccp_alpha': 0.0, 'class_weight': None, 'criterion': 'gini', 'max_depth': None, 'max_features': 0.6713778025471, 'max_leaf_nodes': None, 'max_samples': None, 'min_impurity_decrease': 0.0, 'min_samples_leaf': 19, 'min_samples_split': 14, 'min_weight_fraction_leaf': 0.0, 'monotonic_cst': None, 'n_estimators': 42, 'n_jobs': None, 'oob_score': False, 'random_state': 42, 'verbose': 0, 'warm_start': False}
Loaded switching model for budget 400
{'bootstrap': np.False_, 'ccp_alpha': 0.0, 'class_weight': None, 'criterion': 'gini', 'max_depth': None, 'max_features': 0.6713778025471, 'max_leaf_nodes': None, 'max_samples': None, 'min_impurity_decrease': 0.0, 'min_samples_leaf': 19, 'min_samples_split': 14, 'min_weight_fraction_leaf': 0.0, 'monotonic_cst': None, 'n_estimators': 42, 'n_jobs': None, 'oob_score': False, 'random_state': 42, 'verbose': 0, 'warm_start': False}
Loaded switching model for budget 50
Loaded performance model for budget 50: 
{'bootstrap': np.True_, 'ccp_alpha': 0.0, 'criterion': 'squared_error', 'max_depth': None, 'max_features': 0.1293185010788, 'max_leaf_nodes': None, 'max_samples': None, 'min_impurity_decrease': 0.0, 'min_samples_leaf': 18, 'min_samples_split': 20, 'min_weight_fraction_leaf': 0.0, 'monotonic_cst': None, 'n_estimators': 25, 'n_jobs': None, 'oob_score': False, 'random_state': 42, 'verbose': 0, 'warm_start': False}
Loaded performance model for budget 800: 
{'bootstrap': np.False_, 'ccp_alpha': 0.0, 'criterion': 'squared_error', 'max_depth': None, 'max_features': 0.1797566362658, 'max_leaf_nodes': None, 'max_samples': None, 'min_impurity_decrease': 0.0, 'min_samples_leaf': 13, 'min_samples_split': 8, 'min_weight_fraction_leaf': 0.0, 'monotonic_cst': None, 'n_estimators': 59, 'n_jobs': None, 'oob_score': False, 'random_state': 42, 'verbose': 0, 'warm_start': False}
Loaded performance model for budget 100: 
{'bootstrap': np.True_, 'ccp_alpha': 0.0, 'criterion': 'squared_error', 'max_depth': None, 'max_features': 0.4950703450479, 'max_leaf_nodes': None, 'max_samples': None, 'min_impurity_decrease': 0.0, 'min_samples_leaf': 13, 'min_samples_split': 8, 'min_weight_fraction_leaf': 0.0, 'monotonic_cst': None, 'n_estimators': 116, 'n_jobs': None, 'oob_score': False, 'random_state': 42, 'verbose': 0, 'warm_start': False}
Loaded performance model for budget 350: 
{'bootstrap': np.True_, 'ccp_alpha': 0.0, 'criterion': 'squared_error', 'max_depth': None, 'max_features': 0.1233142927741, 'max_leaf_nodes': None, 'max_samples': None, 'min_impurity_decrease': 0.0, 'min_samples_leaf': 3, 'min_samples_split': 13, 'min_weight_fraction_leaf': 0.0, 'monotonic_cst': None, 'n_estimators': 84, 'n_jobs': None, 'oob_score': False, 'random_state': 42, 'verbose': 0, 'warm_start': False}
Loaded performance model for budget 650: 
{'bootstrap': np.False_, 'ccp_alpha': 0.0, 'criterion': 'squared_error', 'max_depth': None, 'max_features': 0.1136584474052, 'max_leaf_nodes': None, 'max_samples': None, 'min_impurity_decrease': 0.0, 'min_samples_leaf': 7, 'min_samples_split': 3, 'min_weight_fraction_leaf': 0.0, 'monotonic_cst': None, 'n_estimators': 61, 'n_jobs': None, 'oob_score': False, 'random_state': 42, 'verbose': 0, 'warm_start': False}
Loaded performance model for budget 750: 
{'bootstrap': np.False_, 'ccp_alpha': 0.0, 'criterion': 'squared_error', 'max_depth': None, 'max_features': 0.2990319402284, 'max_leaf_nodes': None, 'max_samples': None, 'min_impurity_decrease': 0.0, 'min_samples_leaf': 14, 'min_samples_split': 20, 'min_weight_fraction_leaf': 0.0, 'monotonic_cst': None, 'n_estimators': 68, 'n_jobs': None, 'oob_score': False, 'random_state': 42, 'verbose': 0, 'warm_start': False}
Loaded performance model for budget 500: 
{'bootstrap': np.True_, 'ccp_alpha': 0.0, 'criterion': 'squared_error', 'max_depth': None, 'max_features': 0.2740092406682, 'max_leaf_nodes': None, 'max_samples': None, 'min_impurity_decrease': 0.0, 'min_samples_leaf': 18, 'min_samples_split': 8, 'min_weight_fraction_leaf': 0.0, 'monotonic_cst': None, 'n_estimators': 117, 'n_jobs': None, 'oob_score': False, 'random_state': 42, 'verbose': 0, 'warm_start': False}
Loaded performance model for budget 400: 
{'bootstrap': np.True_, 'ccp_alpha': 0.0, 'criterion': 'squared_error', 'max_depth': None, 'max_features': 0.4947068876741, 'max_leaf_nodes': None, 'max_samples': None, 'min_impurity_decrease': 0.0, 'min_samples_leaf': 13, 'min_samples_split': 15, 'min_weight_fraction_leaf': 0.0, 'monotonic_cst': None, 'n_estimators': 117, 'n_jobs': None, 'oob_score': False, 'random_state': 42, 'verbose': 0, 'warm_start': False}
Loaded performance model for budget 700: 
{'bootstrap': np.False_, 'ccp_alpha': 0.0, 'criterion': 'squared_error', 'max_depth': None, 'max_features': 0.4772663801283, 'max_leaf_nodes': None, 'max_samples': None, 'min_impurity_decrease': 0.0, 'min_samples_leaf': 2, 'min_samples_split': 5, 'min_weight_fraction_leaf': 0.0, 'monotonic_cst': None, 'n_estimators': 51, 'n_jobs': None, 'oob_score': False, 'random_state': 42, 'verbose': 0, 'warm_start': False}
Loaded performance model for budget 300: 
{'bootstrap': np.True_, 'ccp_alpha': 0.0, 'criterion': 'squared_error', 'max_depth': None, 'max_features': 0.1944641485112, 'max_leaf_nodes': None, 'max_samples': None, 'min_impurity_decrease': 0.0, 'min_samples_leaf': 15, 'min_samples_split': 8, 'min_weight_fraction_leaf': 0.0, 'monotonic_cst': None, 'n_estimators': 106, 'n_jobs': None, 'oob_score': False, 'random_state': 42, 'verbose': 0, 'warm_start': False}
Loaded performance model for budget 600: 
{'bootstrap': np.True_, 'ccp_alpha': 0.0, 'criterion': 'squared_error', 'max_depth': None, 'max_features': 0.2150967139138, 'max_leaf_nodes': None, 'max_samples': None, 'min_impurity_decrease': 0.0, 'min_samples_leaf': 1, 'min_samples_split': 4, 'min_weight_fraction_leaf': 0.0, 'monotonic_cst': None, 'n_estimators': 58, 'n_jobs': None, 'oob_score': False, 'random_state': 42, 'verbose': 0, 'warm_start': False}
Loaded performance model for budget 900: 
{'bootstrap': np.False_, 'ccp_alpha': 0.0, 'criterion': 'squared_error', 'max_depth': None, 'max_features': 0.2657704719977, 'max_leaf_nodes': None, 'max_samples': None, 'min_impurity_decrease': 0.0, 'min_samples_leaf': 6, 'min_samples_split': 17, 'min_weight_fraction_leaf': 0.0, 'monotonic_cst': None, 'n_estimators': 127, 'n_jobs': None, 'oob_score': False, 'random_state': 42, 'verbose': 0, 'warm_start': False}
Loaded performance model for budget 950: 
{'bootstrap': np.False_, 'ccp_alpha': 0.0, 'criterion': 'squared_error', 'max_depth': None, 'max_features': 0.3647878636671, 'max_leaf_nodes': None, 'max_samples': None, 'min_impurity_decrease': 0.0, 'min_samples_leaf': 14, 'min_samples_split': 6, 'min_weight_fraction_leaf': 0.0, 'monotonic_cst': None, 'n_estimators': 75, 'n_jobs': None, 'oob_score': False, 'random_state': 42, 'verbose': 0, 'warm_start': False}
Loaded performance model for budget 850: 
{'bootstrap': np.True_, 'ccp_alpha': 0.0, 'criterion': 'squared_error', 'max_depth': None, 'max_features': 0.2889234137775, 'max_leaf_nodes': None, 'max_samples': None, 'min_impurity_decrease': 0.0, 'min_samples_leaf': 8, 'min_samples_split': 19, 'min_weight_fraction_leaf': 0.0, 'monotonic_cst': None, 'n_estimators': 75, 'n_jobs': None, 'oob_score': False, 'random_state': 42, 'verbose': 0, 'warm_start': False}
Loaded performance model for budget 550: 
{'bootstrap': np.True_, 'ccp_alpha': 0.0, 'criterion': 'squared_error', 'max_depth': None, 'max_features': 0.1563091088638, 'max_leaf_nodes': None, 'max_samples': None, 'min_impurity_decrease': 0.0, 'min_samples_leaf': 7, 'min_samples_split': 16, 'min_weight_fraction_leaf': 0.0, 'monotonic_cst': None, 'n_estimators': 47, 'n_jobs': None, 'oob_score': False, 'random_state': 42, 'verbose': 0, 'warm_start': False}
Loaded performance model for budget 200: 
{'bootstrap': np.True_, 'ccp_alpha': 0.0, 'criterion': 'squared_error', 'max_depth': None, 'max_features': 0.1266362499132, 'max_leaf_nodes': None, 'max_samples': None, 'min_impurity_decrease': 0.0, 'min_samples_leaf': 1, 'min_samples_split': 20, 'min_weight_fraction_leaf': 0.0, 'monotonic_cst': None, 'n_estimators': 83, 'n_jobs': None, 'oob_score': False, 'random_state': 42, 'verbose': 0, 'warm_start': False}
Loaded performance model for budget 250: 
{'bootstrap': np.True_, 'ccp_alpha': 0.0, 'criterion': 'squared_error', 'max_depth': None, 'max_features': 0.1175143981562, 'max_leaf_nodes': None, 'max_samples': None, 'min_impurity_decrease': 0.0, 'min_samples_leaf': 9, 'min_samples_split': 11, 'min_weight_fraction_leaf': 0.0, 'monotonic_cst': None, 'n_estimators': 69, 'n_jobs': None, 'oob_score': False, 'random_state': 42, 'verbose': 0, 'warm_start': False}
Loaded performance model for budget 450: 
{'bootstrap': np.False_, 'ccp_alpha': 0.0, 'criterion': 'squared_error', 'max_depth': None, 'max_features': 0.2827800997834, 'max_leaf_nodes': None, 'max_samples': None, 'min_impurity_decrease': 0.0, 'min_samples_leaf': 9, 'min_samples_split': 15, 'min_weight_fraction_leaf': 0.0, 'monotonic_cst': None, 'n_estimators': 61, 'n_jobs': None, 'oob_score': False, 'random_state': 42, 'verbose': 0, 'warm_start': False}
Loaded performance model for budget 150: 
{'bootstrap': np.True_, 'ccp_alpha': 0.0, 'criterion': 'squared_error', 'max_depth': None, 'max_features': 0.1492034611027, 'max_leaf_nodes': None, 'max_samples': None, 'min_impurity_decrease': 0.0, 'min_samples_leaf': 1, 'min_samples_split': 20, 'min_weight_fraction_leaf': 0.0, 'monotonic_cst': None, 'n_estimators': 53, 'n_jobs': None, 'oob_score': False, 'random_state': 42, 'verbose': 0, 'warm_start': False}
Loaded lookahead model for budget (150, 0): 
{'bootstrap': np.False_, 'ccp_alpha': 0.0, 'criterion': 'squared_error', 'max_depth': None, 'max_features': 0.1507376801559, 'max_leaf_nodes': None, 'max_samples': None, 'min_impurity_decrease': 0.0, 'min_samples_leaf': 4, 'min_samples_split': 15, 'min_weight_fraction_leaf': 0.0, 'monotonic_cst': None, 'n_estimators': 106, 'n_jobs': None, 'oob_score': False, 'random_state': 42, 'verbose': 0, 'warm_start': False}
Loaded lookahead model for budget (750, 0): 
{'bootstrap': np.False_, 'ccp_alpha': 0.0, 'criterion': 'squared_error', 'max_depth': None, 'max_features': 0.2866180988111, 'max_leaf_nodes': None, 'max_samples': None, 'min_impurity_decrease': 0.0, 'min_samples_leaf': 1, 'min_samples_split': 6, 'min_weight_fraction_leaf': 0.0, 'monotonic_cst': None, 'n_estimators': 106, 'n_jobs': None, 'oob_score': False, 'random_state': 42, 'verbose': 0, 'warm_start': False}
Loaded lookahead model for budget (900, 0): 
{'bootstrap': np.False_, 'ccp_alpha': 0.0, 'criterion': 'squared_error', 'max_depth': None, 'max_features': 0.3402248641932, 'max_leaf_nodes': None, 'max_samples': None, 'min_impurity_decrease': 0.0, 'min_samples_leaf': 1, 'min_samples_split': 2, 'min_weight_fraction_leaf': 0.0, 'monotonic_cst': None, 'n_estimators': 25, 'n_jobs': None, 'oob_score': False, 'random_state': 42, 'verbose': 0, 'warm_start': False}
Loaded lookahead model for budget (350, 0): 
{'bootstrap': np.False_, 'ccp_alpha': 0.0, 'criterion': 'squared_error', 'max_depth': None, 'max_features': 0.3309912731559, 'max_leaf_nodes': None, 'max_samples': None, 'min_impurity_decrease': 0.0, 'min_samples_leaf': 1, 'min_samples_split': 6, 'min_weight_fraction_leaf': 0.0, 'monotonic_cst': None, 'n_estimators': 67, 'n_jobs': None, 'oob_score': False, 'random_state': 42, 'verbose': 0, 'warm_start': False}
Loaded lookahead model for budget (600, 0): 
{'bootstrap': np.False_, 'ccp_alpha': 0.0, 'criterion': 'squared_error', 'max_depth': None, 'max_features': 0.2812110218043, 'max_leaf_nodes': None, 'max_samples': None, 'min_impurity_decrease': 0.0, 'min_samples_leaf': 1, 'min_samples_split': 3, 'min_weight_fraction_leaf': 0.0, 'monotonic_cst': None, 'n_estimators': 99, 'n_jobs': None, 'oob_score': False, 'random_state': 42, 'verbose': 0, 'warm_start': False}
Loaded lookahead model for budget (50, 0): 
{'bootstrap': np.False_, 'ccp_alpha': 0.0, 'criterion': 'squared_error', 'max_depth': None, 'max_features': 0.5081102957131, 'max_leaf_nodes': None, 'max_samples': None, 'min_impurity_decrease': 0.0, 'min_samples_leaf': 9, 'min_samples_split': 4, 'min_weight_fraction_leaf': 0.0, 'monotonic_cst': None, 'n_estimators': 77, 'n_jobs': None, 'oob_score': False, 'random_state': 42, 'verbose': 0, 'warm_start': False}
Loaded lookahead model for budget (650, 0): 
{'bootstrap': np.False_, 'ccp_alpha': 0.0, 'criterion': 'squared_error', 'max_depth': None, 'max_features': 0.3656295323962, 'max_leaf_nodes': None, 'max_samples': None, 'min_impurity_decrease': 0.0, 'min_samples_leaf': 2, 'min_samples_split': 2, 'min_weight_fraction_leaf': 0.0, 'monotonic_cst': None, 'n_estimators': 50, 'n_jobs': None, 'oob_score': False, 'random_state': 42, 'verbose': 0, 'warm_start': False}
Loaded lookahead model for budget (850, 0): 
{'bootstrap': np.False_, 'ccp_alpha': 0.0, 'criterion': 'squared_error', 'max_depth': None, 'max_features': 0.2353265733963, 'max_leaf_nodes': None, 'max_samples': None, 'min_impurity_decrease': 0.0, 'min_samples_leaf': 3, 'min_samples_split': 13, 'min_weight_fraction_leaf': 0.0, 'monotonic_cst': None, 'n_estimators': 45, 'n_jobs': None, 'oob_score': False, 'random_state': 42, 'verbose': 0, 'warm_start': False}
Loaded lookahead model for budget (400, 0): 
{'bootstrap': np.False_, 'ccp_alpha': 0.0, 'criterion': 'squared_error', 'max_depth': None, 'max_features': 0.4399595228167, 'max_leaf_nodes': None, 'max_samples': None, 'min_impurity_decrease': 0.0, 'min_samples_leaf': 2, 'min_samples_split': 2, 'min_weight_fraction_leaf': 0.0, 'monotonic_cst': None, 'n_estimators': 75, 'n_jobs': None, 'oob_score': False, 'random_state': 42, 'verbose': 0, 'warm_start': False}
Loaded lookahead model for budget (700, 0): 
{'bootstrap': np.False_, 'ccp_alpha': 0.0, 'criterion': 'squared_error', 'max_depth': None, 'max_features': 0.3812444177941, 'max_leaf_nodes': None, 'max_samples': None, 'min_impurity_decrease': 0.0, 'min_samples_leaf': 3, 'min_samples_split': 2, 'min_weight_fraction_leaf': 0.0, 'monotonic_cst': None, 'n_estimators': 35, 'n_jobs': None, 'oob_score': False, 'random_state': 42, 'verbose': 0, 'warm_start': False}
Loaded lookahead model for budget (100, 0): 
{'bootstrap': np.True_, 'ccp_alpha': 0.0, 'criterion': 'squared_error', 'max_depth': None, 'max_features': 0.3811118646895, 'max_leaf_nodes': None, 'max_samples': None, 'min_impurity_decrease': 0.0, 'min_samples_leaf': 5, 'min_samples_split': 10, 'min_weight_fraction_leaf': 0.0, 'monotonic_cst': None, 'n_estimators': 114, 'n_jobs': None, 'oob_score': False, 'random_state': 42, 'verbose': 0, 'warm_start': False}
Loaded lookahead model for budget (300, 0): 
{'bootstrap': np.False_, 'ccp_alpha': 0.0, 'criterion': 'squared_error', 'max_depth': None, 'max_features': 0.3175227346817, 'max_leaf_nodes': None, 'max_samples': None, 'min_impurity_decrease': 0.0, 'min_samples_leaf': 3, 'min_samples_split': 2, 'min_weight_fraction_leaf': 0.0, 'monotonic_cst': None, 'n_estimators': 37, 'n_jobs': None, 'oob_score': False, 'random_state': 42, 'verbose': 0, 'warm_start': False}
Loaded lookahead model for budget (800, 0): 
{'bootstrap': np.False_, 'ccp_alpha': 0.0, 'criterion': 'squared_error', 'max_depth': None, 'max_features': 0.3099450077667, 'max_leaf_nodes': None, 'max_samples': None, 'min_impurity_decrease': 0.0, 'min_samples_leaf': 3, 'min_samples_split': 2, 'min_weight_fraction_leaf': 0.0, 'monotonic_cst': None, 'n_estimators': 42, 'n_jobs': None, 'oob_score': False, 'random_state': 42, 'verbose': 0, 'warm_start': False}
Loaded lookahead model for budget (450, 0): 
{'bootstrap': np.False_, 'ccp_alpha': 0.0, 'criterion': 'squared_error', 'max_depth': None, 'max_features': 0.3686993461196, 'max_leaf_nodes': None, 'max_samples': None, 'min_impurity_decrease': 0.0, 'min_samples_leaf': 3, 'min_samples_split': 2, 'min_weight_fraction_leaf': 0.0, 'monotonic_cst': None, 'n_estimators': 41, 'n_jobs': None, 'oob_score': False, 'random_state': 42, 'verbose': 0, 'warm_start': False}
Loaded lookahead model for budget (550, 0): 
{'bootstrap': np.False_, 'ccp_alpha': 0.0, 'criterion': 'squared_error', 'max_depth': None, 'max_features': 0.2554598765747, 'max_leaf_nodes': None, 'max_samples': None, 'min_impurity_decrease': 0.0, 'min_samples_leaf': 1, 'min_samples_split': 12, 'min_weight_fraction_leaf': 0.0, 'monotonic_cst': None, 'n_estimators': 88, 'n_jobs': None, 'oob_score': False, 'random_state': 42, 'verbose': 0, 'warm_start': False}
Loaded lookahead model for budget (500, 0): 
{'bootstrap': np.False_, 'ccp_alpha': 0.0, 'criterion': 'squared_error', 'max_depth': None, 'max_features': 0.3878857807561, 'max_leaf_nodes': None, 'max_samples': None, 'min_impurity_decrease': 0.0, 'min_samples_leaf': 1, 'min_samples_split': 6, 'min_weight_fraction_leaf': 0.0, 'monotonic_cst': None, 'n_estimators': 52, 'n_jobs': None, 'oob_score': False, 'random_state': 42, 'verbose': 0, 'warm_start': False}
Loaded lookahead model for budget (950, 0): 
{'bootstrap': np.False_, 'ccp_alpha': 0.0, 'criterion': 'squared_error', 'max_depth': None, 'max_features': 0.2345484533065, 'max_leaf_nodes': None, 'max_samples': None, 'min_impurity_decrease': 0.0, 'min_samples_leaf': 1, 'min_samples_split': 2, 'min_weight_fraction_leaf': 0.0, 'monotonic_cst': None, 'n_estimators': 60, 'n_jobs': None, 'oob_score': False, 'random_state': 42, 'verbose': 0, 'warm_start': False}
Loaded lookahead model for budget (250, 0): 
{'bootstrap': np.False_, 'ccp_alpha': 0.0, 'criterion': 'squared_error', 'max_depth': None, 'max_features': 0.2603550845643, 'max_leaf_nodes': None, 'max_samples': None, 'min_impurity_decrease': 0.0, 'min_samples_leaf': 3, 'min_samples_split': 7, 'min_weight_fraction_leaf': 0.0, 'monotonic_cst': None, 'n_estimators': 38, 'n_jobs': None, 'oob_score': False, 'random_state': 42, 'verbose': 0, 'warm_start': False}
Loaded lookahead model for budget (200, 0): 
{'bootstrap': np.False_, 'ccp_alpha': 0.0, 'criterion': 'squared_error', 'max_depth': None, 'max_features': 0.2255845951476, 'max_leaf_nodes': None, 'max_samples': None, 'min_impurity_decrease': 0.0, 'min_samples_leaf': 7, 'min_samples_split': 10, 'min_weight_fraction_leaf': 0.0, 'monotonic_cst': None, 'n_estimators': 117, 'n_jobs': None, 'oob_score': False, 'random_state': 42, 'verbose': 0, 'warm_start': False}
Loaded lookahead model for budget (800, 1): 
{'bootstrap': np.False_, 'ccp_alpha': 0.0, 'criterion': 'squared_error', 'max_depth': None, 'max_features': 0.2293417686471, 'max_leaf_nodes': None, 'max_samples': None, 'min_impurity_decrease': 0.0, 'min_samples_leaf': 5, 'min_samples_split': 6, 'min_weight_fraction_leaf': 0.0, 'monotonic_cst': None, 'n_estimators': 19, 'n_jobs': None, 'oob_score': False, 'random_state': 42, 'verbose': 0, 'warm_start': False}
Loaded lookahead model for budget (900, 1): 
{'bootstrap': np.False_, 'ccp_alpha': 0.0, 'criterion': 'squared_error', 'max_depth': None, 'max_features': 0.2734902921975, 'max_leaf_nodes': None, 'max_samples': None, 'min_impurity_decrease': 0.0, 'min_samples_leaf': 2, 'min_samples_split': 2, 'min_weight_fraction_leaf': 0.0, 'monotonic_cst': None, 'n_estimators': 61, 'n_jobs': None, 'oob_score': False, 'random_state': 42, 'verbose': 0, 'warm_start': False}
Loaded lookahead model for budget (300, 1): 
{'bootstrap': np.False_, 'ccp_alpha': 0.0, 'criterion': 'squared_error', 'max_depth': None, 'max_features': 0.3772242530965, 'max_leaf_nodes': None, 'max_samples': None, 'min_impurity_decrease': 0.0, 'min_samples_leaf': 3, 'min_samples_split': 2, 'min_weight_fraction_leaf': 0.0, 'monotonic_cst': None, 'n_estimators': 49, 'n_jobs': None, 'oob_score': False, 'random_state': 42, 'verbose': 0, 'warm_start': False}
Loaded lookahead model for budget (600, 1): 
{'bootstrap': np.False_, 'ccp_alpha': 0.0, 'criterion': 'squared_error', 'max_depth': None, 'max_features': 0.3017983229043, 'max_leaf_nodes': None, 'max_samples': None, 'min_impurity_decrease': 0.0, 'min_samples_leaf': 1, 'min_samples_split': 11, 'min_weight_fraction_leaf': 0.0, 'monotonic_cst': None, 'n_estimators': 83, 'n_jobs': None, 'oob_score': False, 'random_state': 42, 'verbose': 0, 'warm_start': False}
Loaded lookahead model for budget (550, 1): 
{'bootstrap': np.False_, 'ccp_alpha': 0.0, 'criterion': 'squared_error', 'max_depth': None, 'max_features': 0.3389249009808, 'max_leaf_nodes': None, 'max_samples': None, 'min_impurity_decrease': 0.0, 'min_samples_leaf': 1, 'min_samples_split': 2, 'min_weight_fraction_leaf': 0.0, 'monotonic_cst': None, 'n_estimators': 58, 'n_jobs': None, 'oob_score': False, 'random_state': 42, 'verbose': 0, 'warm_start': False}
Loaded lookahead model for budget (100, 1): 
{'bootstrap': np.False_, 'ccp_alpha': 0.0, 'criterion': 'squared_error', 'max_depth': None, 'max_features': 0.2674088561509, 'max_leaf_nodes': None, 'max_samples': None, 'min_impurity_decrease': 0.0, 'min_samples_leaf': 4, 'min_samples_split': 13, 'min_weight_fraction_leaf': 0.0, 'monotonic_cst': None, 'n_estimators': 106, 'n_jobs': None, 'oob_score': False, 'random_state': 42, 'verbose': 0, 'warm_start': False}
Loaded lookahead model for budget (950, 1): 
{'bootstrap': np.False_, 'ccp_alpha': 0.0, 'criterion': 'squared_error', 'max_depth': None, 'max_features': 0.3649691712531, 'max_leaf_nodes': None, 'max_samples': None, 'min_impurity_decrease': 0.0, 'min_samples_leaf': 3, 'min_samples_split': 2, 'min_weight_fraction_leaf': 0.0, 'monotonic_cst': None, 'n_estimators': 33, 'n_jobs': None, 'oob_score': False, 'random_state': 42, 'verbose': 0, 'warm_start': False}
Loaded lookahead model for budget (150, 1): 
{'bootstrap': np.False_, 'ccp_alpha': 0.0, 'criterion': 'squared_error', 'max_depth': None, 'max_features': 0.2018712084362, 'max_leaf_nodes': None, 'max_samples': None, 'min_impurity_decrease': 0.0, 'min_samples_leaf': 7, 'min_samples_split': 5, 'min_weight_fraction_leaf': 0.0, 'monotonic_cst': None, 'n_estimators': 23, 'n_jobs': None, 'oob_score': False, 'random_state': 42, 'verbose': 0, 'warm_start': False}
Loaded lookahead model for budget (50, 1): 
{'bootstrap': np.False_, 'ccp_alpha': 0.0, 'criterion': 'squared_error', 'max_depth': None, 'max_features': 0.321299581277, 'max_leaf_nodes': None, 'max_samples': None, 'min_impurity_decrease': 0.0, 'min_samples_leaf': 5, 'min_samples_split': 7, 'min_weight_fraction_leaf': 0.0, 'monotonic_cst': None, 'n_estimators': 88, 'n_jobs': None, 'oob_score': False, 'random_state': 42, 'verbose': 0, 'warm_start': False}
Loaded lookahead model for budget (450, 1): 
{'bootstrap': np.False_, 'ccp_alpha': 0.0, 'criterion': 'squared_error', 'max_depth': None, 'max_features': 0.319293887687, 'max_leaf_nodes': None, 'max_samples': None, 'min_impurity_decrease': 0.0, 'min_samples_leaf': 2, 'min_samples_split': 2, 'min_weight_fraction_leaf': 0.0, 'monotonic_cst': None, 'n_estimators': 66, 'n_jobs': None, 'oob_score': False, 'random_state': 42, 'verbose': 0, 'warm_start': False}
Loaded lookahead model for budget (250, 1): 
{'bootstrap': np.False_, 'ccp_alpha': 0.0, 'criterion': 'squared_error', 'max_depth': None, 'max_features': 0.2104724760352, 'max_leaf_nodes': None, 'max_samples': None, 'min_impurity_decrease': 0.0, 'min_samples_leaf': 3, 'min_samples_split': 7, 'min_weight_fraction_leaf': 0.0, 'monotonic_cst': None, 'n_estimators': 111, 'n_jobs': None, 'oob_score': False, 'random_state': 42, 'verbose': 0, 'warm_start': False}
Loaded lookahead model for budget (350, 1): 
{'bootstrap': np.False_, 'ccp_alpha': 0.0, 'criterion': 'squared_error', 'max_depth': None, 'max_features': 0.3709340876409, 'max_leaf_nodes': None, 'max_samples': None, 'min_impurity_decrease': 0.0, 'min_samples_leaf': 1, 'min_samples_split': 5, 'min_weight_fraction_leaf': 0.0, 'monotonic_cst': None, 'n_estimators': 46, 'n_jobs': None, 'oob_score': False, 'random_state': 42, 'verbose': 0, 'warm_start': False}
Loaded lookahead model for budget (500, 1): 
{'bootstrap': np.False_, 'ccp_alpha': 0.0, 'criterion': 'squared_error', 'max_depth': None, 'max_features': 0.2170669774511, 'max_leaf_nodes': None, 'max_samples': None, 'min_impurity_decrease': 0.0, 'min_samples_leaf': 1, 'min_samples_split': 5, 'min_weight_fraction_leaf': 0.0, 'monotonic_cst': None, 'n_estimators': 102, 'n_jobs': None, 'oob_score': False, 'random_state': 42, 'verbose': 0, 'warm_start': False}
Loaded lookahead model for budget (750, 1): 
{'bootstrap': np.False_, 'ccp_alpha': 0.0, 'criterion': 'squared_error', 'max_depth': None, 'max_features': 0.2258645821211, 'max_leaf_nodes': None, 'max_samples': None, 'min_impurity_decrease': 0.0, 'min_samples_leaf': 2, 'min_samples_split': 3, 'min_weight_fraction_leaf': 0.0, 'monotonic_cst': None, 'n_estimators': 104, 'n_jobs': None, 'oob_score': False, 'random_state': 42, 'verbose': 0, 'warm_start': False}
Loaded lookahead model for budget (400, 1): 
{'bootstrap': np.False_, 'ccp_alpha': 0.0, 'criterion': 'squared_error', 'max_depth': None, 'max_features': 0.3816198182884, 'max_leaf_nodes': None, 'max_samples': None, 'min_impurity_decrease': 0.0, 'min_samples_leaf': 3, 'min_samples_split': 2, 'min_weight_fraction_leaf': 0.0, 'monotonic_cst': None, 'n_estimators': 40, 'n_jobs': None, 'oob_score': False, 'random_state': 42, 'verbose': 0, 'warm_start': False}
Loaded lookahead model for budget (650, 1): 
{'bootstrap': np.False_, 'ccp_alpha': 0.0, 'criterion': 'squared_error', 'max_depth': None, 'max_features': 0.3703574070618, 'max_leaf_nodes': None, 'max_samples': None, 'min_impurity_decrease': 0.0, 'min_samples_leaf': 3, 'min_samples_split': 2, 'min_weight_fraction_leaf': 0.0, 'monotonic_cst': None, 'n_estimators': 38, 'n_jobs': None, 'oob_score': False, 'random_state': 42, 'verbose': 0, 'warm_start': False}
Loaded lookahead model for budget (700, 1): 
{'bootstrap': np.False_, 'ccp_alpha': 0.0, 'criterion': 'squared_error', 'max_depth': None, 'max_features': 0.2819602482114, 'max_leaf_nodes': None, 'max_samples': None, 'min_impurity_decrease': 0.0, 'min_samples_leaf': 3, 'min_samples_split': 6, 'min_weight_fraction_leaf': 0.0, 'monotonic_cst': None, 'n_estimators': 110, 'n_jobs': None, 'oob_score': False, 'random_state': 42, 'verbose': 0, 'warm_start': False}
Loaded lookahead model for budget (200, 1): 
{'bootstrap': np.True_, 'ccp_alpha': 0.0, 'criterion': 'squared_error', 'max_depth': None, 'max_features': 0.4049305450371, 'max_leaf_nodes': None, 'max_samples': None, 'min_impurity_decrease': 0.0, 'min_samples_leaf': 4, 'min_samples_split': 3, 'min_weight_fraction_leaf': 0.0, 'monotonic_cst': None, 'n_estimators': 90, 'n_jobs': None, 'oob_score': False, 'random_state': 42, 'verbose': 0, 'warm_start': False}
Loaded lookahead model for budget (850, 1): 
{'bootstrap': np.False_, 'ccp_alpha': 0.0, 'criterion': 'squared_error', 'max_depth': None, 'max_features': 0.2080199289635, 'max_leaf_nodes': None, 'max_samples': None, 'min_impurity_decrease': 0.0, 'min_samples_leaf': 1, 'min_samples_split': 2, 'min_weight_fraction_leaf': 0.0, 'monotonic_cst': None, 'n_estimators': 104, 'n_jobs': None, 'oob_score': False, 'random_state': 42, 'verbose': 0, 'warm_start': False}
Loaded lookahead model for budget (450, 2): 
{'bootstrap': np.False_, 'ccp_alpha': 0.0, 'criterion': 'squared_error', 'max_depth': None, 'max_features': 0.3056383204776, 'max_leaf_nodes': None, 'max_samples': None, 'min_impurity_decrease': 0.0, 'min_samples_leaf': 1, 'min_samples_split': 5, 'min_weight_fraction_leaf': 0.0, 'monotonic_cst': None, 'n_estimators': 42, 'n_jobs': None, 'oob_score': False, 'random_state': 42, 'verbose': 0, 'warm_start': False}
Loaded lookahead model for budget (250, 2): 
{'bootstrap': np.False_, 'ccp_alpha': 0.0, 'criterion': 'squared_error', 'max_depth': None, 'max_features': 0.2022716812943, 'max_leaf_nodes': None, 'max_samples': None, 'min_impurity_decrease': 0.0, 'min_samples_leaf': 3, 'min_samples_split': 14, 'min_weight_fraction_leaf': 0.0, 'monotonic_cst': None, 'n_estimators': 57, 'n_jobs': None, 'oob_score': False, 'random_state': 42, 'verbose': 0, 'warm_start': False}
Loaded lookahead model for budget (100, 2): 
{'bootstrap': np.False_, 'ccp_alpha': 0.0, 'criterion': 'squared_error', 'max_depth': None, 'max_features': 0.2891729961755, 'max_leaf_nodes': None, 'max_samples': None, 'min_impurity_decrease': 0.0, 'min_samples_leaf': 4, 'min_samples_split': 9, 'min_weight_fraction_leaf': 0.0, 'monotonic_cst': None, 'n_estimators': 111, 'n_jobs': None, 'oob_score': False, 'random_state': 42, 'verbose': 0, 'warm_start': False}
Loaded lookahead model for budget (850, 2): 
{'bootstrap': np.False_, 'ccp_alpha': 0.0, 'criterion': 'squared_error', 'max_depth': None, 'max_features': 0.435823714951, 'max_leaf_nodes': None, 'max_samples': None, 'min_impurity_decrease': 0.0, 'min_samples_leaf': 1, 'min_samples_split': 2, 'min_weight_fraction_leaf': 0.0, 'monotonic_cst': None, 'n_estimators': 29, 'n_jobs': None, 'oob_score': False, 'random_state': 42, 'verbose': 0, 'warm_start': False}
Loaded lookahead model for budget (800, 2): 
{'bootstrap': np.False_, 'ccp_alpha': 0.0, 'criterion': 'squared_error', 'max_depth': None, 'max_features': 0.2962097201122, 'max_leaf_nodes': None, 'max_samples': None, 'min_impurity_decrease': 0.0, 'min_samples_leaf': 3, 'min_samples_split': 2, 'min_weight_fraction_leaf': 0.0, 'monotonic_cst': None, 'n_estimators': 40, 'n_jobs': None, 'oob_score': False, 'random_state': 42, 'verbose': 0, 'warm_start': False}
Loaded lookahead model for budget (150, 2): 
{'bootstrap': np.False_, 'ccp_alpha': 0.0, 'criterion': 'squared_error', 'max_depth': None, 'max_features': 0.3174233159997, 'max_leaf_nodes': None, 'max_samples': None, 'min_impurity_decrease': 0.0, 'min_samples_leaf': 8, 'min_samples_split': 19, 'min_weight_fraction_leaf': 0.0, 'monotonic_cst': None, 'n_estimators': 113, 'n_jobs': None, 'oob_score': False, 'random_state': 42, 'verbose': 0, 'warm_start': False}
Loaded lookahead model for budget (650, 2): 
{'bootstrap': np.False_, 'ccp_alpha': 0.0, 'criterion': 'squared_error', 'max_depth': None, 'max_features': 0.3644732278665, 'max_leaf_nodes': None, 'max_samples': None, 'min_impurity_decrease': 0.0, 'min_samples_leaf': 3, 'min_samples_split': 2, 'min_weight_fraction_leaf': 0.0, 'monotonic_cst': None, 'n_estimators': 72, 'n_jobs': None, 'oob_score': False, 'random_state': 42, 'verbose': 0, 'warm_start': False}
Loaded lookahead model for budget (300, 2): 
{'bootstrap': np.False_, 'ccp_alpha': 0.0, 'criterion': 'squared_error', 'max_depth': None, 'max_features': 0.2547091578361, 'max_leaf_nodes': None, 'max_samples': None, 'min_impurity_decrease': 0.0, 'min_samples_leaf': 1, 'min_samples_split': 7, 'min_weight_fraction_leaf': 0.0, 'monotonic_cst': None, 'n_estimators': 48, 'n_jobs': None, 'oob_score': False, 'random_state': 42, 'verbose': 0, 'warm_start': False}
Loaded lookahead model for budget (900, 2): 
{'bootstrap': np.False_, 'ccp_alpha': 0.0, 'criterion': 'squared_error', 'max_depth': None, 'max_features': 0.3711866644092, 'max_leaf_nodes': None, 'max_samples': None, 'min_impurity_decrease': 0.0, 'min_samples_leaf': 2, 'min_samples_split': 2, 'min_weight_fraction_leaf': 0.0, 'monotonic_cst': None, 'n_estimators': 37, 'n_jobs': None, 'oob_score': False, 'random_state': 42, 'verbose': 0, 'warm_start': False}
Loaded lookahead model for budget (750, 2): 
{'bootstrap': np.False_, 'ccp_alpha': 0.0, 'criterion': 'squared_error', 'max_depth': None, 'max_features': 0.1506168621596, 'max_leaf_nodes': None, 'max_samples': None, 'min_impurity_decrease': 0.0, 'min_samples_leaf': 2, 'min_samples_split': 2, 'min_weight_fraction_leaf': 0.0, 'monotonic_cst': None, 'n_estimators': 73, 'n_jobs': None, 'oob_score': False, 'random_state': 42, 'verbose': 0, 'warm_start': False}
Loaded lookahead model for budget (700, 2): 
{'bootstrap': np.False_, 'ccp_alpha': 0.0, 'criterion': 'squared_error', 'max_depth': None, 'max_features': 0.2655421789224, 'max_leaf_nodes': None, 'max_samples': None, 'min_impurity_decrease': 0.0, 'min_samples_leaf': 1, 'min_samples_split': 9, 'min_weight_fraction_leaf': 0.0, 'monotonic_cst': None, 'n_estimators': 39, 'n_jobs': None, 'oob_score': False, 'random_state': 42, 'verbose': 0, 'warm_start': False}
Loaded lookahead model for budget (350, 2): 
{'bootstrap': np.False_, 'ccp_alpha': 0.0, 'criterion': 'squared_error', 'max_depth': None, 'max_features': 0.2804822995171, 'max_leaf_nodes': None, 'max_samples': None, 'min_impurity_decrease': 0.0, 'min_samples_leaf': 1, 'min_samples_split': 6, 'min_weight_fraction_leaf': 0.0, 'monotonic_cst': None, 'n_estimators': 78, 'n_jobs': None, 'oob_score': False, 'random_state': 42, 'verbose': 0, 'warm_start': False}
Loaded lookahead model for budget (200, 2): 
{'bootstrap': np.True_, 'ccp_alpha': 0.0, 'criterion': 'squared_error', 'max_depth': None, 'max_features': 0.3777554640245, 'max_leaf_nodes': None, 'max_samples': None, 'min_impurity_decrease': 0.0, 'min_samples_leaf': 5, 'min_samples_split': 3, 'min_weight_fraction_leaf': 0.0, 'monotonic_cst': None, 'n_estimators': 88, 'n_jobs': None, 'oob_score': False, 'random_state': 42, 'verbose': 0, 'warm_start': False}
Loaded lookahead model for budget (500, 2): 
{'bootstrap': np.False_, 'ccp_alpha': 0.0, 'criterion': 'squared_error', 'max_depth': None, 'max_features': 0.3225559552895, 'max_leaf_nodes': None, 'max_samples': None, 'min_impurity_decrease': 0.0, 'min_samples_leaf': 1, 'min_samples_split': 8, 'min_weight_fraction_leaf': 0.0, 'monotonic_cst': None, 'n_estimators': 46, 'n_jobs': None, 'oob_score': False, 'random_state': 42, 'verbose': 0, 'warm_start': False}
Loaded lookahead model for budget (550, 2): 
{'bootstrap': np.False_, 'ccp_alpha': 0.0, 'criterion': 'squared_error', 'max_depth': None, 'max_features': 0.3703574070618, 'max_leaf_nodes': None, 'max_samples': None, 'min_impurity_decrease': 0.0, 'min_samples_leaf': 3, 'min_samples_split': 2, 'min_weight_fraction_leaf': 0.0, 'monotonic_cst': None, 'n_estimators': 38, 'n_jobs': None, 'oob_score': False, 'random_state': 42, 'verbose': 0, 'warm_start': False}
Loaded lookahead model for budget (50, 2): 
{'bootstrap': np.True_, 'ccp_alpha': 0.0, 'criterion': 'squared_error', 'max_depth': None, 'max_features': 0.6059890063552, 'max_leaf_nodes': None, 'max_samples': None, 'min_impurity_decrease': 0.0, 'min_samples_leaf': 5, 'min_samples_split': 8, 'min_weight_fraction_leaf': 0.0, 'monotonic_cst': None, 'n_estimators': 90, 'n_jobs': None, 'oob_score': False, 'random_state': 42, 'verbose': 0, 'warm_start': False}
Loaded lookahead model for budget (600, 2): 
{'bootstrap': np.False_, 'ccp_alpha': 0.0, 'criterion': 'squared_error', 'max_depth': None, 'max_features': 0.3703574070618, 'max_leaf_nodes': None, 'max_samples': None, 'min_impurity_decrease': 0.0, 'min_samples_leaf': 3, 'min_samples_split': 2, 'min_weight_fraction_leaf': 0.0, 'monotonic_cst': None, 'n_estimators': 38, 'n_jobs': None, 'oob_score': False, 'random_state': 42, 'verbose': 0, 'warm_start': False}
Loaded lookahead model for budget (400, 2): 
{'bootstrap': np.False_, 'ccp_alpha': 0.0, 'criterion': 'squared_error', 'max_depth': None, 'max_features': 0.3262073957748, 'max_leaf_nodes': None, 'max_samples': None, 'min_impurity_decrease': 0.0, 'min_samples_leaf': 1, 'min_samples_split': 3, 'min_weight_fraction_leaf': 0.0, 'monotonic_cst': None, 'n_estimators': 89, 'n_jobs': None, 'oob_score': False, 'random_state': 42, 'verbose': 0, 'warm_start': False}
Loaded lookahead model for budget (250, 3): 
{'bootstrap': np.False_, 'ccp_alpha': 0.0, 'criterion': 'squared_error', 'max_depth': None, 'max_features': 0.2532453600749, 'max_leaf_nodes': None, 'max_samples': None, 'min_impurity_decrease': 0.0, 'min_samples_leaf': 2, 'min_samples_split': 2, 'min_weight_fraction_leaf': 0.0, 'monotonic_cst': None, 'n_estimators': 104, 'n_jobs': None, 'oob_score': False, 'random_state': 42, 'verbose': 0, 'warm_start': False}
Loaded lookahead model for budget (200, 3): 
{'bootstrap': np.True_, 'ccp_alpha': 0.0, 'criterion': 'squared_error', 'max_depth': None, 'max_features': 0.3815734093684, 'max_leaf_nodes': None, 'max_samples': None, 'min_impurity_decrease': 0.0, 'min_samples_leaf': 5, 'min_samples_split': 7, 'min_weight_fraction_leaf': 0.0, 'monotonic_cst': None, 'n_estimators': 83, 'n_jobs': None, 'oob_score': False, 'random_state': 42, 'verbose': 0, 'warm_start': False}
Loaded lookahead model for budget (700, 3): 
{'bootstrap': np.False_, 'ccp_alpha': 0.0, 'criterion': 'squared_error', 'max_depth': None, 'max_features': 0.3703574070618, 'max_leaf_nodes': None, 'max_samples': None, 'min_impurity_decrease': 0.0, 'min_samples_leaf': 3, 'min_samples_split': 2, 'min_weight_fraction_leaf': 0.0, 'monotonic_cst': None, 'n_estimators': 38, 'n_jobs': None, 'oob_score': False, 'random_state': 42, 'verbose': 0, 'warm_start': False}
Loaded lookahead model for budget (400, 3): 
{'bootstrap': np.False_, 'ccp_alpha': 0.0, 'criterion': 'squared_error', 'max_depth': None, 'max_features': 0.2806622467328, 'max_leaf_nodes': None, 'max_samples': None, 'min_impurity_decrease': 0.0, 'min_samples_leaf': 1, 'min_samples_split': 3, 'min_weight_fraction_leaf': 0.0, 'monotonic_cst': None, 'n_estimators': 103, 'n_jobs': None, 'oob_score': False, 'random_state': 42, 'verbose': 0, 'warm_start': False}
Loaded lookahead model for budget (600, 3): 
{'bootstrap': np.False_, 'ccp_alpha': 0.0, 'criterion': 'squared_error', 'max_depth': None, 'max_features': 0.3663633798881, 'max_leaf_nodes': None, 'max_samples': None, 'min_impurity_decrease': 0.0, 'min_samples_leaf': 2, 'min_samples_split': 2, 'min_weight_fraction_leaf': 0.0, 'monotonic_cst': None, 'n_estimators': 42, 'n_jobs': None, 'oob_score': False, 'random_state': 42, 'verbose': 0, 'warm_start': False}
Loaded lookahead model for budget (50, 3): 
{'bootstrap': np.True_, 'ccp_alpha': 0.0, 'criterion': 'squared_error', 'max_depth': None, 'max_features': 0.5354855074999, 'max_leaf_nodes': None, 'max_samples': None, 'min_impurity_decrease': 0.0, 'min_samples_leaf': 5, 'min_samples_split': 3, 'min_weight_fraction_leaf': 0.0, 'monotonic_cst': None, 'n_estimators': 88, 'n_jobs': None, 'oob_score': False, 'random_state': 42, 'verbose': 0, 'warm_start': False}
Loaded lookahead model for budget (800, 3): 
{'bootstrap': np.False_, 'ccp_alpha': 0.0, 'criterion': 'squared_error', 'max_depth': None, 'max_features': 0.565545744837, 'max_leaf_nodes': None, 'max_samples': None, 'min_impurity_decrease': 0.0, 'min_samples_leaf': 2, 'min_samples_split': 2, 'min_weight_fraction_leaf': 0.0, 'monotonic_cst': None, 'n_estimators': 50, 'n_jobs': None, 'oob_score': False, 'random_state': 42, 'verbose': 0, 'warm_start': False}
Loaded lookahead model for budget (450, 3): 
{'bootstrap': np.False_, 'ccp_alpha': 0.0, 'criterion': 'squared_error', 'max_depth': None, 'max_features': 0.3355315528549, 'max_leaf_nodes': None, 'max_samples': None, 'min_impurity_decrease': 0.0, 'min_samples_leaf': 2, 'min_samples_split': 6, 'min_weight_fraction_leaf': 0.0, 'monotonic_cst': None, 'n_estimators': 44, 'n_jobs': None, 'oob_score': False, 'random_state': 42, 'verbose': 0, 'warm_start': False}
Loaded lookahead model for budget (300, 3): 
{'bootstrap': np.False_, 'ccp_alpha': 0.0, 'criterion': 'squared_error', 'max_depth': None, 'max_features': 0.3727224024291, 'max_leaf_nodes': None, 'max_samples': None, 'min_impurity_decrease': 0.0, 'min_samples_leaf': 3, 'min_samples_split': 2, 'min_weight_fraction_leaf': 0.0, 'monotonic_cst': None, 'n_estimators': 37, 'n_jobs': None, 'oob_score': False, 'random_state': 42, 'verbose': 0, 'warm_start': False}
Loaded lookahead model for budget (500, 3): 
{'bootstrap': np.False_, 'ccp_alpha': 0.0, 'criterion': 'squared_error', 'max_depth': None, 'max_features': 0.3273153140547, 'max_leaf_nodes': None, 'max_samples': None, 'min_impurity_decrease': 0.0, 'min_samples_leaf': 1, 'min_samples_split': 5, 'min_weight_fraction_leaf': 0.0, 'monotonic_cst': None, 'n_estimators': 38, 'n_jobs': None, 'oob_score': False, 'random_state': 42, 'verbose': 0, 'warm_start': False}
Loaded lookahead model for budget (750, 3): 
{'bootstrap': np.False_, 'ccp_alpha': 0.0, 'criterion': 'squared_error', 'max_depth': None, 'max_features': 0.2802965177874, 'max_leaf_nodes': None, 'max_samples': None, 'min_impurity_decrease': 0.0, 'min_samples_leaf': 2, 'min_samples_split': 3, 'min_weight_fraction_leaf': 0.0, 'monotonic_cst': None, 'n_estimators': 36, 'n_jobs': None, 'oob_score': False, 'random_state': 42, 'verbose': 0, 'warm_start': False}
Loaded lookahead model for budget (100, 3): 
{'bootstrap': np.True_, 'ccp_alpha': 0.0, 'criterion': 'squared_error', 'max_depth': None, 'max_features': 0.5355787152159, 'max_leaf_nodes': None, 'max_samples': None, 'min_impurity_decrease': 0.0, 'min_samples_leaf': 5, 'min_samples_split': 9, 'min_weight_fraction_leaf': 0.0, 'monotonic_cst': None, 'n_estimators': 81, 'n_jobs': None, 'oob_score': False, 'random_state': 42, 'verbose': 0, 'warm_start': False}
Loaded lookahead model for budget (850, 3): 
{'bootstrap': np.False_, 'ccp_alpha': 0.0, 'criterion': 'squared_error', 'max_depth': None, 'max_features': 0.3106747575575, 'max_leaf_nodes': None, 'max_samples': None, 'min_impurity_decrease': 0.0, 'min_samples_leaf': 3, 'min_samples_split': 2, 'min_weight_fraction_leaf': 0.0, 'monotonic_cst': None, 'n_estimators': 44, 'n_jobs': None, 'oob_score': False, 'random_state': 42, 'verbose': 0, 'warm_start': False}
Loaded lookahead model for budget (650, 3): 
{'bootstrap': np.False_, 'ccp_alpha': 0.0, 'criterion': 'squared_error', 'max_depth': None, 'max_features': 0.3793091238016, 'max_leaf_nodes': None, 'max_samples': None, 'min_impurity_decrease': 0.0, 'min_samples_leaf': 4, 'min_samples_split': 2, 'min_weight_fraction_leaf': 0.0, 'monotonic_cst': None, 'n_estimators': 59, 'n_jobs': None, 'oob_score': False, 'random_state': 42, 'verbose': 0, 'warm_start': False}
Loaded lookahead model for budget (350, 3): 
{'bootstrap': np.False_, 'ccp_alpha': 0.0, 'criterion': 'squared_error', 'max_depth': None, 'max_features': 0.4013490040197, 'max_leaf_nodes': None, 'max_samples': None, 'min_impurity_decrease': 0.0, 'min_samples_leaf': 1, 'min_samples_split': 2, 'min_weight_fraction_leaf': 0.0, 'monotonic_cst': None, 'n_estimators': 41, 'n_jobs': None, 'oob_score': False, 'random_state': 42, 'verbose': 0, 'warm_start': False}
Loaded lookahead model for budget (550, 3): 
{'bootstrap': np.False_, 'ccp_alpha': 0.0, 'criterion': 'squared_error', 'max_depth': None, 'max_features': 0.3495494849226, 'max_leaf_nodes': None, 'max_samples': None, 'min_impurity_decrease': 0.0, 'min_samples_leaf': 2, 'min_samples_split': 3, 'min_weight_fraction_leaf': 0.0, 'monotonic_cst': None, 'n_estimators': 38, 'n_jobs': None, 'oob_score': False, 'random_state': 42, 'verbose': 0, 'warm_start': False}
Loaded lookahead model for budget (150, 3): 
{'bootstrap': np.False_, 'ccp_alpha': 0.0, 'criterion': 'squared_error', 'max_depth': None, 'max_features': 0.2596328871449, 'max_leaf_nodes': None, 'max_samples': None, 'min_impurity_decrease': 0.0, 'min_samples_leaf': 8, 'min_samples_split': 5, 'min_weight_fraction_leaf': 0.0, 'monotonic_cst': None, 'n_estimators': 114, 'n_jobs': None, 'oob_score': False, 'random_state': 42, 'verbose': 0, 'warm_start': False}
Loaded lookahead model for budget (500, 4): 
{'bootstrap': np.False_, 'ccp_alpha': 0.0, 'criterion': 'squared_error', 'max_depth': None, 'max_features': 0.3413877947296, 'max_leaf_nodes': None, 'max_samples': None, 'min_impurity_decrease': 0.0, 'min_samples_leaf': 2, 'min_samples_split': 2, 'min_weight_fraction_leaf': 0.0, 'monotonic_cst': None, 'n_estimators': 38, 'n_jobs': None, 'oob_score': False, 'random_state': 42, 'verbose': 0, 'warm_start': False}
Loaded lookahead model for budget (750, 4): 
{'bootstrap': np.False_, 'ccp_alpha': 0.0, 'criterion': 'squared_error', 'max_depth': None, 'max_features': 0.3703574070618, 'max_leaf_nodes': None, 'max_samples': None, 'min_impurity_decrease': 0.0, 'min_samples_leaf': 3, 'min_samples_split': 2, 'min_weight_fraction_leaf': 0.0, 'monotonic_cst': None, 'n_estimators': 38, 'n_jobs': None, 'oob_score': False, 'random_state': 42, 'verbose': 0, 'warm_start': False}
Loaded lookahead model for budget (700, 4): 
{'bootstrap': np.False_, 'ccp_alpha': 0.0, 'criterion': 'squared_error', 'max_depth': None, 'max_features': 0.309319539559, 'max_leaf_nodes': None, 'max_samples': None, 'min_impurity_decrease': 0.0, 'min_samples_leaf': 1, 'min_samples_split': 2, 'min_weight_fraction_leaf': 0.0, 'monotonic_cst': None, 'n_estimators': 88, 'n_jobs': None, 'oob_score': False, 'random_state': 42, 'verbose': 0, 'warm_start': False}
Loaded lookahead model for budget (300, 4): 
{'bootstrap': np.False_, 'ccp_alpha': 0.0, 'criterion': 'squared_error', 'max_depth': None, 'max_features': 0.3069334118238, 'max_leaf_nodes': None, 'max_samples': None, 'min_impurity_decrease': 0.0, 'min_samples_leaf': 1, 'min_samples_split': 20, 'min_weight_fraction_leaf': 0.0, 'monotonic_cst': None, 'n_estimators': 85, 'n_jobs': None, 'oob_score': False, 'random_state': 42, 'verbose': 0, 'warm_start': False}
Loaded lookahead model for budget (400, 4): 
{'bootstrap': np.False_, 'ccp_alpha': 0.0, 'criterion': 'squared_error', 'max_depth': None, 'max_features': 0.3703654984833, 'max_leaf_nodes': None, 'max_samples': None, 'min_impurity_decrease': 0.0, 'min_samples_leaf': 3, 'min_samples_split': 2, 'min_weight_fraction_leaf': 0.0, 'monotonic_cst': None, 'n_estimators': 39, 'n_jobs': None, 'oob_score': False, 'random_state': 42, 'verbose': 0, 'warm_start': False}
Loaded lookahead model for budget (200, 4): 
{'bootstrap': np.False_, 'ccp_alpha': 0.0, 'criterion': 'squared_error', 'max_depth': None, 'max_features': 0.215651477282, 'max_leaf_nodes': None, 'max_samples': None, 'min_impurity_decrease': 0.0, 'min_samples_leaf': 6, 'min_samples_split': 20, 'min_weight_fraction_leaf': 0.0, 'monotonic_cst': None, 'n_estimators': 94, 'n_jobs': None, 'oob_score': False, 'random_state': 42, 'verbose': 0, 'warm_start': False}
Loaded lookahead model for budget (550, 4): 
{'bootstrap': np.False_, 'ccp_alpha': 0.0, 'criterion': 'squared_error', 'max_depth': None, 'max_features': 0.3719293590753, 'max_leaf_nodes': None, 'max_samples': None, 'min_impurity_decrease': 0.0, 'min_samples_leaf': 2, 'min_samples_split': 2, 'min_weight_fraction_leaf': 0.0, 'monotonic_cst': None, 'n_estimators': 46, 'n_jobs': None, 'oob_score': False, 'random_state': 42, 'verbose': 0, 'warm_start': False}
Loaded lookahead model for budget (250, 4): 
{'bootstrap': np.False_, 'ccp_alpha': 0.0, 'criterion': 'squared_error', 'max_depth': None, 'max_features': 0.17638767299, 'max_leaf_nodes': None, 'max_samples': None, 'min_impurity_decrease': 0.0, 'min_samples_leaf': 3, 'min_samples_split': 7, 'min_weight_fraction_leaf': 0.0, 'monotonic_cst': None, 'n_estimators': 76, 'n_jobs': None, 'oob_score': False, 'random_state': 42, 'verbose': 0, 'warm_start': False}
Loaded lookahead model for budget (350, 4): 
{'bootstrap': np.False_, 'ccp_alpha': 0.0, 'criterion': 'squared_error', 'max_depth': None, 'max_features': 0.3366508958548, 'max_leaf_nodes': None, 'max_samples': None, 'min_impurity_decrease': 0.0, 'min_samples_leaf': 2, 'min_samples_split': 2, 'min_weight_fraction_leaf': 0.0, 'monotonic_cst': None, 'n_estimators': 105, 'n_jobs': None, 'oob_score': False, 'random_state': 42, 'verbose': 0, 'warm_start': False}
Loaded lookahead model for budget (100, 4): 
{'bootstrap': np.False_, 'ccp_alpha': 0.0, 'criterion': 'squared_error', 'max_depth': None, 'max_features': 0.304282729046, 'max_leaf_nodes': None, 'max_samples': None, 'min_impurity_decrease': 0.0, 'min_samples_leaf': 2, 'min_samples_split': 2, 'min_weight_fraction_leaf': 0.0, 'monotonic_cst': None, 'n_estimators': 92, 'n_jobs': None, 'oob_score': False, 'random_state': 42, 'verbose': 0, 'warm_start': False}
Loaded lookahead model for budget (150, 4): 
{'bootstrap': np.False_, 'ccp_alpha': 0.0, 'criterion': 'squared_error', 'max_depth': None, 'max_features': 0.3079665192417, 'max_leaf_nodes': None, 'max_samples': None, 'min_impurity_decrease': 0.0, 'min_samples_leaf': 6, 'min_samples_split': 9, 'min_weight_fraction_leaf': 0.0, 'monotonic_cst': None, 'n_estimators': 105, 'n_jobs': None, 'oob_score': False, 'random_state': 42, 'verbose': 0, 'warm_start': False}
Loaded lookahead model for budget (650, 4): 
{'bootstrap': np.False_, 'ccp_alpha': 0.0, 'criterion': 'squared_error', 'max_depth': None, 'max_features': 0.5559558845499, 'max_leaf_nodes': None, 'max_samples': None, 'min_impurity_decrease': 0.0, 'min_samples_leaf': 5, 'min_samples_split': 2, 'min_weight_fraction_leaf': 0.0, 'monotonic_cst': None, 'n_estimators': 70, 'n_jobs': None, 'oob_score': False, 'random_state': 42, 'verbose': 0, 'warm_start': False}
Loaded lookahead model for budget (450, 4): 
{'bootstrap': np.False_, 'ccp_alpha': 0.0, 'criterion': 'squared_error', 'max_depth': None, 'max_features': 0.3193472145908, 'max_leaf_nodes': None, 'max_samples': None, 'min_impurity_decrease': 0.0, 'min_samples_leaf': 2, 'min_samples_split': 3, 'min_weight_fraction_leaf': 0.0, 'monotonic_cst': None, 'n_estimators': 33, 'n_jobs': None, 'oob_score': False, 'random_state': 42, 'verbose': 0, 'warm_start': False}
Loaded lookahead model for budget (600, 4): 
{'bootstrap': np.False_, 'ccp_alpha': 0.0, 'criterion': 'squared_error', 'max_depth': None, 'max_features': 0.4977780971291, 'max_leaf_nodes': None, 'max_samples': None, 'min_impurity_decrease': 0.0, 'min_samples_leaf': 4, 'min_samples_split': 3, 'min_weight_fraction_leaf': 0.0, 'monotonic_cst': None, 'n_estimators': 50, 'n_jobs': None, 'oob_score': False, 'random_state': 42, 'verbose': 0, 'warm_start': False}
Loaded lookahead model for budget (50, 4): 
{'bootstrap': np.False_, 'ccp_alpha': 0.0, 'criterion': 'squared_error', 'max_depth': None, 'max_features': 0.3240309586075, 'max_leaf_nodes': None, 'max_samples': None, 'min_impurity_decrease': 0.0, 'min_samples_leaf': 4, 'min_samples_split': 5, 'min_weight_fraction_leaf': 0.0, 'monotonic_cst': None, 'n_estimators': 43, 'n_jobs': None, 'oob_score': False, 'random_state': 42, 'verbose': 0, 'warm_start': False}
Loaded lookahead model for budget (800, 4): 
{'bootstrap': np.False_, 'ccp_alpha': 0.0, 'criterion': 'squared_error', 'max_depth': None, 'max_features': 0.4138601100446, 'max_leaf_nodes': None, 'max_samples': None, 'min_impurity_decrease': 0.0, 'min_samples_leaf': 3, 'min_samples_split': 7, 'min_weight_fraction_leaf': 0.0, 'monotonic_cst': None, 'n_estimators': 34, 'n_jobs': None, 'oob_score': False, 'random_state': 42, 'verbose': 0, 'warm_start': False}
Loaded lookahead model for budget (550, 5): 
{'bootstrap': np.False_, 'ccp_alpha': 0.0, 'criterion': 'squared_error', 'max_depth': None, 'max_features': 0.3822200804657, 'max_leaf_nodes': None, 'max_samples': None, 'min_impurity_decrease': 0.0, 'min_samples_leaf': 3, 'min_samples_split': 2, 'min_weight_fraction_leaf': 0.0, 'monotonic_cst': None, 'n_estimators': 44, 'n_jobs': None, 'oob_score': False, 'random_state': 42, 'verbose': 0, 'warm_start': False}
Loaded lookahead model for budget (150, 5): 
{'bootstrap': np.False_, 'ccp_alpha': 0.0, 'criterion': 'squared_error', 'max_depth': None, 'max_features': 0.2603255365397, 'max_leaf_nodes': None, 'max_samples': None, 'min_impurity_decrease': 0.0, 'min_samples_leaf': 4, 'min_samples_split': 20, 'min_weight_fraction_leaf': 0.0, 'monotonic_cst': None, 'n_estimators': 66, 'n_jobs': None, 'oob_score': False, 'random_state': 42, 'verbose': 0, 'warm_start': False}
Loaded lookahead model for budget (50, 5): 
{'bootstrap': np.False_, 'ccp_alpha': 0.0, 'criterion': 'squared_error', 'max_depth': None, 'max_features': 0.370944639895, 'max_leaf_nodes': None, 'max_samples': None, 'min_impurity_decrease': 0.0, 'min_samples_leaf': 10, 'min_samples_split': 2, 'min_weight_fraction_leaf': 0.0, 'monotonic_cst': None, 'n_estimators': 36, 'n_jobs': None, 'oob_score': False, 'random_state': 42, 'verbose': 0, 'warm_start': False}
Loaded lookahead model for budget (300, 5): 
{'bootstrap': np.False_, 'ccp_alpha': 0.0, 'criterion': 'squared_error', 'max_depth': None, 'max_features': 0.218376238086, 'max_leaf_nodes': None, 'max_samples': None, 'min_impurity_decrease': 0.0, 'min_samples_leaf': 1, 'min_samples_split': 9, 'min_weight_fraction_leaf': 0.0, 'monotonic_cst': None, 'n_estimators': 87, 'n_jobs': None, 'oob_score': False, 'random_state': 42, 'verbose': 0, 'warm_start': False}
Loaded lookahead model for budget (500, 5): 
{'bootstrap': np.False_, 'ccp_alpha': 0.0, 'criterion': 'squared_error', 'max_depth': None, 'max_features': 0.3472034941463, 'max_leaf_nodes': None, 'max_samples': None, 'min_impurity_decrease': 0.0, 'min_samples_leaf': 2, 'min_samples_split': 4, 'min_weight_fraction_leaf': 0.0, 'monotonic_cst': None, 'n_estimators': 101, 'n_jobs': None, 'oob_score': False, 'random_state': 42, 'verbose': 0, 'warm_start': False}
Loaded lookahead model for budget (400, 5): 
{'bootstrap': np.False_, 'ccp_alpha': 0.0, 'criterion': 'squared_error', 'max_depth': None, 'max_features': 0.2543711282406, 'max_leaf_nodes': None, 'max_samples': None, 'min_impurity_decrease': 0.0, 'min_samples_leaf': 2, 'min_samples_split': 10, 'min_weight_fraction_leaf': 0.0, 'monotonic_cst': None, 'n_estimators': 57, 'n_jobs': None, 'oob_score': False, 'random_state': 42, 'verbose': 0, 'warm_start': False}
Loaded lookahead model for budget (450, 5): 
{'bootstrap': np.False_, 'ccp_alpha': 0.0, 'criterion': 'squared_error', 'max_depth': None, 'max_features': 0.3703574070618, 'max_leaf_nodes': None, 'max_samples': None, 'min_impurity_decrease': 0.0, 'min_samples_leaf': 3, 'min_samples_split': 2, 'min_weight_fraction_leaf': 0.0, 'monotonic_cst': None, 'n_estimators': 38, 'n_jobs': None, 'oob_score': False, 'random_state': 42, 'verbose': 0, 'warm_start': False}
Loaded lookahead model for budget (350, 5): 
{'bootstrap': np.False_, 'ccp_alpha': 0.0, 'criterion': 'squared_error', 'max_depth': None, 'max_features': 0.3490749817497, 'max_leaf_nodes': None, 'max_samples': None, 'min_impurity_decrease': 0.0, 'min_samples_leaf': 2, 'min_samples_split': 16, 'min_weight_fraction_leaf': 0.0, 'monotonic_cst': None, 'n_estimators': 19, 'n_jobs': None, 'oob_score': False, 'random_state': 42, 'verbose': 0, 'warm_start': False}
Loaded lookahead model for budget (600, 5): 
{'bootstrap': np.False_, 'ccp_alpha': 0.0, 'criterion': 'squared_error', 'max_depth': None, 'max_features': 0.5991316108498, 'max_leaf_nodes': None, 'max_samples': None, 'min_impurity_decrease': 0.0, 'min_samples_leaf': 5, 'min_samples_split': 2, 'min_weight_fraction_leaf': 0.0, 'monotonic_cst': None, 'n_estimators': 79, 'n_jobs': None, 'oob_score': False, 'random_state': 42, 'verbose': 0, 'warm_start': False}
Loaded lookahead model for budget (250, 5): 
{'bootstrap': np.False_, 'ccp_alpha': 0.0, 'criterion': 'squared_error', 'max_depth': None, 'max_features': 0.3657244707734, 'max_leaf_nodes': None, 'max_samples': None, 'min_impurity_decrease': 0.0, 'min_samples_leaf': 4, 'min_samples_split': 2, 'min_weight_fraction_leaf': 0.0, 'monotonic_cst': None, 'n_estimators': 36, 'n_jobs': None, 'oob_score': False, 'random_state': 42, 'verbose': 0, 'warm_start': False}
Loaded lookahead model for budget (100, 5): 
{'bootstrap': np.False_, 'ccp_alpha': 0.0, 'criterion': 'squared_error', 'max_depth': None, 'max_features': 0.3139348524048, 'max_leaf_nodes': None, 'max_samples': None, 'min_impurity_decrease': 0.0, 'min_samples_leaf': 5, 'min_samples_split': 18, 'min_weight_fraction_leaf': 0.0, 'monotonic_cst': None, 'n_estimators': 71, 'n_jobs': None, 'oob_score': False, 'random_state': 42, 'verbose': 0, 'warm_start': False}
Loaded lookahead model for budget (700, 5): 
{'bootstrap': np.False_, 'ccp_alpha': 0.0, 'criterion': 'squared_error', 'max_depth': None, 'max_features': 0.3591164054601, 'max_leaf_nodes': None, 'max_samples': None, 'min_impurity_decrease': 0.0, 'min_samples_leaf': 2, 'min_samples_split': 2, 'min_weight_fraction_leaf': 0.0, 'monotonic_cst': None, 'n_estimators': 39, 'n_jobs': None, 'oob_score': False, 'random_state': 42, 'verbose': 0, 'warm_start': False}
Loaded lookahead model for budget (650, 5): 
{'bootstrap': np.False_, 'ccp_alpha': 0.0, 'criterion': 'squared_error', 'max_depth': None, 'max_features': 0.5711781028217, 'max_leaf_nodes': None, 'max_samples': None, 'min_impurity_decrease': 0.0, 'min_samples_leaf': 4, 'min_samples_split': 2, 'min_weight_fraction_leaf': 0.0, 'monotonic_cst': None, 'n_estimators': 39, 'n_jobs': None, 'oob_score': False, 'random_state': 42, 'verbose': 0, 'warm_start': False}
Loaded lookahead model for budget (750, 5): 
{'bootstrap': np.False_, 'ccp_alpha': 0.0, 'criterion': 'squared_error', 'max_depth': None, 'max_features': 0.3773368678223, 'max_leaf_nodes': None, 'max_samples': None, 'min_impurity_decrease': 0.0, 'min_samples_leaf': 2, 'min_samples_split': 4, 'min_weight_fraction_leaf': 0.0, 'monotonic_cst': None, 'n_estimators': 19, 'n_jobs': None, 'oob_score': False, 'random_state': 42, 'verbose': 0, 'warm_start': False}
Loaded lookahead model for budget (200, 5): 
{'bootstrap': np.False_, 'ccp_alpha': 0.0, 'criterion': 'squared_error', 'max_depth': None, 'max_features': 0.1877981124835, 'max_leaf_nodes': None, 'max_samples': None, 'min_impurity_decrease': 0.0, 'min_samples_leaf': 2, 'min_samples_split': 3, 'min_weight_fraction_leaf': 0.0, 'monotonic_cst': None, 'n_estimators': 106, 'n_jobs': None, 'oob_score': False, 'random_state': 42, 'verbose': 0, 'warm_start': False}
Loaded lookahead model for budget (500, 6): 
{'bootstrap': np.False_, 'ccp_alpha': 0.0, 'criterion': 'squared_error', 'max_depth': None, 'max_features': 0.3706283971166, 'max_leaf_nodes': None, 'max_samples': None, 'min_impurity_decrease': 0.0, 'min_samples_leaf': 1, 'min_samples_split': 2, 'min_weight_fraction_leaf': 0.0, 'monotonic_cst': None, 'n_estimators': 35, 'n_jobs': None, 'oob_score': False, 'random_state': 42, 'verbose': 0, 'warm_start': False}
Loaded lookahead model for budget (450, 6): 
{'bootstrap': np.False_, 'ccp_alpha': 0.0, 'criterion': 'squared_error', 'max_depth': None, 'max_features': 0.3878857807561, 'max_leaf_nodes': None, 'max_samples': None, 'min_impurity_decrease': 0.0, 'min_samples_leaf': 1, 'min_samples_split': 6, 'min_weight_fraction_leaf': 0.0, 'monotonic_cst': None, 'n_estimators': 52, 'n_jobs': None, 'oob_score': False, 'random_state': 42, 'verbose': 0, 'warm_start': False}
Loaded lookahead model for budget (600, 6): 
{'bootstrap': np.False_, 'ccp_alpha': 0.0, 'criterion': 'squared_error', 'max_depth': None, 'max_features': 0.5458313916456, 'max_leaf_nodes': None, 'max_samples': None, 'min_impurity_decrease': 0.0, 'min_samples_leaf': 5, 'min_samples_split': 5, 'min_weight_fraction_leaf': 0.0, 'monotonic_cst': None, 'n_estimators': 80, 'n_jobs': None, 'oob_score': False, 'random_state': 42, 'verbose': 0, 'warm_start': False}
Loaded lookahead model for budget (400, 6): 
{'bootstrap': np.False_, 'ccp_alpha': 0.0, 'criterion': 'squared_error', 'max_depth': None, 'max_features': 0.3222912470171, 'max_leaf_nodes': None, 'max_samples': None, 'min_impurity_decrease': 0.0, 'min_samples_leaf': 4, 'min_samples_split': 12, 'min_weight_fraction_leaf': 0.0, 'monotonic_cst': None, 'n_estimators': 42, 'n_jobs': None, 'oob_score': False, 'random_state': 42, 'verbose': 0, 'warm_start': False}
Loaded lookahead model for budget (550, 6): 
{'bootstrap': np.False_, 'ccp_alpha': 0.0, 'criterion': 'squared_error', 'max_depth': None, 'max_features': 0.7018328966201, 'max_leaf_nodes': None, 'max_samples': None, 'min_impurity_decrease': 0.0, 'min_samples_leaf': 4, 'min_samples_split': 5, 'min_weight_fraction_leaf': 0.0, 'monotonic_cst': None, 'n_estimators': 71, 'n_jobs': None, 'oob_score': False, 'random_state': 42, 'verbose': 0, 'warm_start': False}
Loaded lookahead model for budget (250, 6): 
{'bootstrap': np.False_, 'ccp_alpha': 0.0, 'criterion': 'squared_error', 'max_depth': None, 'max_features': 0.264800535688, 'max_leaf_nodes': None, 'max_samples': None, 'min_impurity_decrease': 0.0, 'min_samples_leaf': 4, 'min_samples_split': 20, 'min_weight_fraction_leaf': 0.0, 'monotonic_cst': None, 'n_estimators': 108, 'n_jobs': None, 'oob_score': False, 'random_state': 42, 'verbose': 0, 'warm_start': False}
Loaded lookahead model for budget (650, 6): 
{'bootstrap': np.False_, 'ccp_alpha': 0.0, 'criterion': 'squared_error', 'max_depth': None, 'max_features': 0.3066872041443, 'max_leaf_nodes': None, 'max_samples': None, 'min_impurity_decrease': 0.0, 'min_samples_leaf': 1, 'min_samples_split': 2, 'min_weight_fraction_leaf': 0.0, 'monotonic_cst': None, 'n_estimators': 36, 'n_jobs': None, 'oob_score': False, 'random_state': 42, 'verbose': 0, 'warm_start': False}
Loaded lookahead model for budget (100, 6): 
{'bootstrap': np.False_, 'ccp_alpha': 0.0, 'criterion': 'squared_error', 'max_depth': None, 'max_features': 0.2386666661191, 'max_leaf_nodes': None, 'max_samples': None, 'min_impurity_decrease': 0.0, 'min_samples_leaf': 2, 'min_samples_split': 6, 'min_weight_fraction_leaf': 0.0, 'monotonic_cst': None, 'n_estimators': 107, 'n_jobs': None, 'oob_score': False, 'random_state': 42, 'verbose': 0, 'warm_start': False}
Loaded lookahead model for budget (50, 6): 
{'bootstrap': np.True_, 'ccp_alpha': 0.0, 'criterion': 'squared_error', 'max_depth': None, 'max_features': 0.5368230848439, 'max_leaf_nodes': None, 'max_samples': None, 'min_impurity_decrease': 0.0, 'min_samples_leaf': 5, 'min_samples_split': 11, 'min_weight_fraction_leaf': 0.0, 'monotonic_cst': None, 'n_estimators': 81, 'n_jobs': None, 'oob_score': False, 'random_state': 42, 'verbose': 0, 'warm_start': False}
Loaded lookahead model for budget (350, 6): 
{'bootstrap': np.False_, 'ccp_alpha': 0.0, 'criterion': 'squared_error', 'max_depth': None, 'max_features': 0.3878857807561, 'max_leaf_nodes': None, 'max_samples': None, 'min_impurity_decrease': 0.0, 'min_samples_leaf': 1, 'min_samples_split': 6, 'min_weight_fraction_leaf': 0.0, 'monotonic_cst': None, 'n_estimators': 52, 'n_jobs': None, 'oob_score': False, 'random_state': 42, 'verbose': 0, 'warm_start': False}
Loaded lookahead model for budget (300, 6): 
{'bootstrap': np.False_, 'ccp_alpha': 0.0, 'criterion': 'squared_error', 'max_depth': None, 'max_features': 0.2021638212181, 'max_leaf_nodes': None, 'max_samples': None, 'min_impurity_decrease': 0.0, 'min_samples_leaf': 3, 'min_samples_split': 14, 'min_weight_fraction_leaf': 0.0, 'monotonic_cst': None, 'n_estimators': 54, 'n_jobs': None, 'oob_score': False, 'random_state': 42, 'verbose': 0, 'warm_start': False}
Loaded lookahead model for budget (700, 6): 
{'bootstrap': np.False_, 'ccp_alpha': 0.0, 'criterion': 'squared_error', 'max_depth': None, 'max_features': 0.6752818864511, 'max_leaf_nodes': None, 'max_samples': None, 'min_impurity_decrease': 0.0, 'min_samples_leaf': 2, 'min_samples_split': 4, 'min_weight_fraction_leaf': 0.0, 'monotonic_cst': None, 'n_estimators': 53, 'n_jobs': None, 'oob_score': False, 'random_state': 42, 'verbose': 0, 'warm_start': False}
Loaded lookahead model for budget (200, 6): 
{'bootstrap': np.False_, 'ccp_alpha': 0.0, 'criterion': 'squared_error', 'max_depth': None, 'max_features': 0.421719995971, 'max_leaf_nodes': None, 'max_samples': None, 'min_impurity_decrease': 0.0, 'min_samples_leaf': 5, 'min_samples_split': 13, 'min_weight_fraction_leaf': 0.0, 'monotonic_cst': None, 'n_estimators': 107, 'n_jobs': None, 'oob_score': False, 'random_state': 42, 'verbose': 0, 'warm_start': False}
Loaded lookahead model for budget (150, 6): 
{'bootstrap': np.False_, 'ccp_alpha': 0.0, 'criterion': 'squared_error', 'max_depth': None, 'max_features': 0.2663921849381, 'max_leaf_nodes': None, 'max_samples': None, 'min_impurity_decrease': 0.0, 'min_samples_leaf': 5, 'min_samples_split': 3, 'min_weight_fraction_leaf': 0.0, 'monotonic_cst': None, 'n_estimators': 126, 'n_jobs': None, 'oob_score': False, 'random_state': 42, 'verbose': 0, 'warm_start': False}
Loaded lookahead model for budget (650, 7): 
{'bootstrap': np.False_, 'ccp_alpha': 0.0, 'criterion': 'squared_error', 'max_depth': None, 'max_features': 0.4743114069796, 'max_leaf_nodes': None, 'max_samples': None, 'min_impurity_decrease': 0.0, 'min_samples_leaf': 2, 'min_samples_split': 3, 'min_weight_fraction_leaf': 0.0, 'monotonic_cst': None, 'n_estimators': 31, 'n_jobs': None, 'oob_score': False, 'random_state': 42, 'verbose': 0, 'warm_start': False}
Loaded lookahead model for budget (150, 7): 
{'bootstrap': np.False_, 'ccp_alpha': 0.0, 'criterion': 'squared_error', 'max_depth': None, 'max_features': 0.2022716812943, 'max_leaf_nodes': None, 'max_samples': None, 'min_impurity_decrease': 0.0, 'min_samples_leaf': 3, 'min_samples_split': 14, 'min_weight_fraction_leaf': 0.0, 'monotonic_cst': None, 'n_estimators': 57, 'n_jobs': None, 'oob_score': False, 'random_state': 42, 'verbose': 0, 'warm_start': False}
Loaded lookahead model for budget (300, 7): 
{'bootstrap': np.False_, 'ccp_alpha': 0.0, 'criterion': 'squared_error', 'max_depth': None, 'max_features': 0.5683567298652, 'max_leaf_nodes': None, 'max_samples': None, 'min_impurity_decrease': 0.0, 'min_samples_leaf': 4, 'min_samples_split': 12, 'min_weight_fraction_leaf': 0.0, 'monotonic_cst': None, 'n_estimators': 17, 'n_jobs': None, 'oob_score': False, 'random_state': 42, 'verbose': 0, 'warm_start': False}
Loaded lookahead model for budget (50, 7): 
{'bootstrap': np.False_, 'ccp_alpha': 0.0, 'criterion': 'squared_error', 'max_depth': None, 'max_features': 0.3114053447734, 'max_leaf_nodes': None, 'max_samples': None, 'min_impurity_decrease': 0.0, 'min_samples_leaf': 8, 'min_samples_split': 9, 'min_weight_fraction_leaf': 0.0, 'monotonic_cst': None, 'n_estimators': 79, 'n_jobs': None, 'oob_score': False, 'random_state': 42, 'verbose': 0, 'warm_start': False}
Loaded lookahead model for budget (600, 7): 
{'bootstrap': np.False_, 'ccp_alpha': 0.0, 'criterion': 'squared_error', 'max_depth': None, 'max_features': 0.4198205212141, 'max_leaf_nodes': None, 'max_samples': None, 'min_impurity_decrease': 0.0, 'min_samples_leaf': 3, 'min_samples_split': 2, 'min_weight_fraction_leaf': 0.0, 'monotonic_cst': None, 'n_estimators': 45, 'n_jobs': None, 'oob_score': False, 'random_state': 42, 'verbose': 0, 'warm_start': False}
Loaded lookahead model for budget (450, 7): 
{'bootstrap': np.False_, 'ccp_alpha': 0.0, 'criterion': 'squared_error', 'max_depth': None, 'max_features': 0.4429493884676, 'max_leaf_nodes': None, 'max_samples': None, 'min_impurity_decrease': 0.0, 'min_samples_leaf': 1, 'min_samples_split': 4, 'min_weight_fraction_leaf': 0.0, 'monotonic_cst': None, 'n_estimators': 77, 'n_jobs': None, 'oob_score': False, 'random_state': 42, 'verbose': 0, 'warm_start': False}
Loaded lookahead model for budget (500, 7): 
{'bootstrap': np.False_, 'ccp_alpha': 0.0, 'criterion': 'squared_error', 'max_depth': None, 'max_features': 0.3451347858321, 'max_leaf_nodes': None, 'max_samples': None, 'min_impurity_decrease': 0.0, 'min_samples_leaf': 1, 'min_samples_split': 2, 'min_weight_fraction_leaf': 0.0, 'monotonic_cst': None, 'n_estimators': 49, 'n_jobs': None, 'oob_score': False, 'random_state': 42, 'verbose': 0, 'warm_start': False}
Loaded lookahead model for budget (400, 7): 
{'bootstrap': np.False_, 'ccp_alpha': 0.0, 'criterion': 'squared_error', 'max_depth': None, 'max_features': 0.1807081271355, 'max_leaf_nodes': None, 'max_samples': None, 'min_impurity_decrease': 0.0, 'min_samples_leaf': 2, 'min_samples_split': 2, 'min_weight_fraction_leaf': 0.0, 'monotonic_cst': None, 'n_estimators': 92, 'n_jobs': None, 'oob_score': False, 'random_state': 42, 'verbose': 0, 'warm_start': False}
Loaded lookahead model for budget (250, 7): 
{'bootstrap': np.False_, 'ccp_alpha': 0.0, 'criterion': 'squared_error', 'max_depth': None, 'max_features': 0.2593577156939, 'max_leaf_nodes': None, 'max_samples': None, 'min_impurity_decrease': 0.0, 'min_samples_leaf': 4, 'min_samples_split': 3, 'min_weight_fraction_leaf': 0.0, 'monotonic_cst': None, 'n_estimators': 50, 'n_jobs': None, 'oob_score': False, 'random_state': 42, 'verbose': 0, 'warm_start': False}
Loaded lookahead model for budget (550, 7): 
{'bootstrap': np.False_, 'ccp_alpha': 0.0, 'criterion': 'squared_error', 'max_depth': None, 'max_features': 0.6093135320316, 'max_leaf_nodes': None, 'max_samples': None, 'min_impurity_decrease': 0.0, 'min_samples_leaf': 3, 'min_samples_split': 5, 'min_weight_fraction_leaf': 0.0, 'monotonic_cst': None, 'n_estimators': 39, 'n_jobs': None, 'oob_score': False, 'random_state': 42, 'verbose': 0, 'warm_start': False}
Loaded lookahead model for budget (100, 7): 
{'bootstrap': np.True_, 'ccp_alpha': 0.0, 'criterion': 'squared_error', 'max_depth': None, 'max_features': 0.4049305450371, 'max_leaf_nodes': None, 'max_samples': None, 'min_impurity_decrease': 0.0, 'min_samples_leaf': 4, 'min_samples_split': 3, 'min_weight_fraction_leaf': 0.0, 'monotonic_cst': None, 'n_estimators': 90, 'n_jobs': None, 'oob_score': False, 'random_state': 42, 'verbose': 0, 'warm_start': False}
Loaded lookahead model for budget (350, 7): 
{'bootstrap': np.False_, 'ccp_alpha': 0.0, 'criterion': 'squared_error', 'max_depth': None, 'max_features': 0.3732118648794, 'max_leaf_nodes': None, 'max_samples': None, 'min_impurity_decrease': 0.0, 'min_samples_leaf': 3, 'min_samples_split': 2, 'min_weight_fraction_leaf': 0.0, 'monotonic_cst': None, 'n_estimators': 37, 'n_jobs': None, 'oob_score': False, 'random_state': 42, 'verbose': 0, 'warm_start': False}
Loaded lookahead model for budget (200, 7): 
{'bootstrap': np.False_, 'ccp_alpha': 0.0, 'criterion': 'squared_error', 'max_depth': None, 'max_features': 0.2701303751679, 'max_leaf_nodes': None, 'max_samples': None, 'min_impurity_decrease': 0.0, 'min_samples_leaf': 5, 'min_samples_split': 4, 'min_weight_fraction_leaf': 0.0, 'monotonic_cst': None, 'n_estimators': 101, 'n_jobs': None, 'oob_score': False, 'random_state': 42, 'verbose': 0, 'warm_start': False}
Loaded lookahead model for budget (150, 8): 
{'bootstrap': np.False_, 'ccp_alpha': 0.0, 'criterion': 'squared_error', 'max_depth': None, 'max_features': 0.2650111223663, 'max_leaf_nodes': None, 'max_samples': None, 'min_impurity_decrease': 0.0, 'min_samples_leaf': 8, 'min_samples_split': 9, 'min_weight_fraction_leaf': 0.0, 'monotonic_cst': None, 'n_estimators': 111, 'n_jobs': None, 'oob_score': False, 'random_state': 42, 'verbose': 0, 'warm_start': False}
Loaded lookahead model for budget (100, 8): 
{'bootstrap': np.True_, 'ccp_alpha': 0.0, 'criterion': 'squared_error', 'max_depth': None, 'max_features': 0.5484705651187, 'max_leaf_nodes': None, 'max_samples': None, 'min_impurity_decrease': 0.0, 'min_samples_leaf': 7, 'min_samples_split': 9, 'min_weight_fraction_leaf': 0.0, 'monotonic_cst': None, 'n_estimators': 90, 'n_jobs': None, 'oob_score': False, 'random_state': 42, 'verbose': 0, 'warm_start': False}
Loaded lookahead model for budget (600, 8): 
{'bootstrap': np.False_, 'ccp_alpha': 0.0, 'criterion': 'squared_error', 'max_depth': None, 'max_features': 0.4088303467947, 'max_leaf_nodes': None, 'max_samples': None, 'min_impurity_decrease': 0.0, 'min_samples_leaf': 1, 'min_samples_split': 3, 'min_weight_fraction_leaf': 0.0, 'monotonic_cst': None, 'n_estimators': 35, 'n_jobs': None, 'oob_score': False, 'random_state': 42, 'verbose': 0, 'warm_start': False}
Loaded lookahead model for budget (50, 8): 
{'bootstrap': np.False_, 'ccp_alpha': 0.0, 'criterion': 'squared_error', 'max_depth': None, 'max_features': 0.3254840500191, 'max_leaf_nodes': None, 'max_samples': None, 'min_impurity_decrease': 0.0, 'min_samples_leaf': 3, 'min_samples_split': 7, 'min_weight_fraction_leaf': 0.0, 'monotonic_cst': None, 'n_estimators': 29, 'n_jobs': None, 'oob_score': False, 'random_state': 42, 'verbose': 0, 'warm_start': False}
Loaded lookahead model for budget (500, 8): 
{'bootstrap': np.False_, 'ccp_alpha': 0.0, 'criterion': 'squared_error', 'max_depth': None, 'max_features': 0.1458795546361, 'max_leaf_nodes': None, 'max_samples': None, 'min_impurity_decrease': 0.0, 'min_samples_leaf': 1, 'min_samples_split': 2, 'min_weight_fraction_leaf': 0.0, 'monotonic_cst': None, 'n_estimators': 92, 'n_jobs': None, 'oob_score': False, 'random_state': 42, 'verbose': 0, 'warm_start': False}
Loaded lookahead model for budget (400, 8): 
{'bootstrap': np.False_, 'ccp_alpha': 0.0, 'criterion': 'squared_error', 'max_depth': None, 'max_features': 0.215438639376, 'max_leaf_nodes': None, 'max_samples': None, 'min_impurity_decrease': 0.0, 'min_samples_leaf': 2, 'min_samples_split': 2, 'min_weight_fraction_leaf': 0.0, 'monotonic_cst': None, 'n_estimators': 33, 'n_jobs': None, 'oob_score': False, 'random_state': 42, 'verbose': 0, 'warm_start': False}
Loaded lookahead model for budget (450, 8): 
{'bootstrap': np.False_, 'ccp_alpha': 0.0, 'criterion': 'squared_error', 'max_depth': None, 'max_features': 0.3563690237107, 'max_leaf_nodes': None, 'max_samples': None, 'min_impurity_decrease': 0.0, 'min_samples_leaf': 3, 'min_samples_split': 3, 'min_weight_fraction_leaf': 0.0, 'monotonic_cst': None, 'n_estimators': 37, 'n_jobs': None, 'oob_score': False, 'random_state': 42, 'verbose': 0, 'warm_start': False}
Loaded lookahead model for budget (300, 8): 
{'bootstrap': np.False_, 'ccp_alpha': 0.0, 'criterion': 'squared_error', 'max_depth': None, 'max_features': 0.3291804932773, 'max_leaf_nodes': None, 'max_samples': None, 'min_impurity_decrease': 0.0, 'min_samples_leaf': 2, 'min_samples_split': 3, 'min_weight_fraction_leaf': 0.0, 'monotonic_cst': None, 'n_estimators': 44, 'n_jobs': None, 'oob_score': False, 'random_state': 42, 'verbose': 0, 'warm_start': False}
Loaded lookahead model for budget (200, 8): 
{'bootstrap': np.False_, 'ccp_alpha': 0.0, 'criterion': 'squared_error', 'max_depth': None, 'max_features': 0.3703574070618, 'max_leaf_nodes': None, 'max_samples': None, 'min_impurity_decrease': 0.0, 'min_samples_leaf': 3, 'min_samples_split': 2, 'min_weight_fraction_leaf': 0.0, 'monotonic_cst': None, 'n_estimators': 38, 'n_jobs': None, 'oob_score': False, 'random_state': 42, 'verbose': 0, 'warm_start': False}
Loaded lookahead model for budget (550, 8): 
{'bootstrap': np.False_, 'ccp_alpha': 0.0, 'criterion': 'squared_error', 'max_depth': None, 'max_features': 0.44552472903, 'max_leaf_nodes': None, 'max_samples': None, 'min_impurity_decrease': 0.0, 'min_samples_leaf': 2, 'min_samples_split': 2, 'min_weight_fraction_leaf': 0.0, 'monotonic_cst': None, 'n_estimators': 26, 'n_jobs': None, 'oob_score': False, 'random_state': 42, 'verbose': 0, 'warm_start': False}
Loaded lookahead model for budget (250, 8): 
{'bootstrap': np.False_, 'ccp_alpha': 0.0, 'criterion': 'squared_error', 'max_depth': None, 'max_features': 0.3705844272567, 'max_leaf_nodes': None, 'max_samples': None, 'min_impurity_decrease': 0.0, 'min_samples_leaf': 3, 'min_samples_split': 4, 'min_weight_fraction_leaf': 0.0, 'monotonic_cst': None, 'n_estimators': 36, 'n_jobs': None, 'oob_score': False, 'random_state': 42, 'verbose': 0, 'warm_start': False}
Loaded lookahead model for budget (350, 8): 
{'bootstrap': np.False_, 'ccp_alpha': 0.0, 'criterion': 'squared_error', 'max_depth': None, 'max_features': 0.3725893507586, 'max_leaf_nodes': None, 'max_samples': None, 'min_impurity_decrease': 0.0, 'min_samples_leaf': 4, 'min_samples_split': 8, 'min_weight_fraction_leaf': 0.0, 'monotonic_cst': None, 'n_estimators': 43, 'n_jobs': None, 'oob_score': False, 'random_state': 42, 'verbose': 0, 'warm_start': False}
Loaded lookahead model for budget (550, 9): 
{'bootstrap': np.False_, 'ccp_alpha': 0.0, 'criterion': 'squared_error', 'max_depth': None, 'max_features': 0.3210826317844, 'max_leaf_nodes': None, 'max_samples': None, 'min_impurity_decrease': 0.0, 'min_samples_leaf': 3, 'min_samples_split': 5, 'min_weight_fraction_leaf': 0.0, 'monotonic_cst': None, 'n_estimators': 55, 'n_jobs': None, 'oob_score': False, 'random_state': 42, 'verbose': 0, 'warm_start': False}
Loaded lookahead model for budget (150, 9): 
{'bootstrap': np.False_, 'ccp_alpha': 0.0, 'criterion': 'squared_error', 'max_depth': None, 'max_features': 0.1906892795324, 'max_leaf_nodes': None, 'max_samples': None, 'min_impurity_decrease': 0.0, 'min_samples_leaf': 4, 'min_samples_split': 2, 'min_weight_fraction_leaf': 0.0, 'monotonic_cst': None, 'n_estimators': 80, 'n_jobs': None, 'oob_score': False, 'random_state': 42, 'verbose': 0, 'warm_start': False}
Loaded lookahead model for budget (300, 9): 
{'bootstrap': np.False_, 'ccp_alpha': 0.0, 'criterion': 'squared_error', 'max_depth': None, 'max_features': 0.3265367062762, 'max_leaf_nodes': None, 'max_samples': None, 'min_impurity_decrease': 0.0, 'min_samples_leaf': 3, 'min_samples_split': 17, 'min_weight_fraction_leaf': 0.0, 'monotonic_cst': None, 'n_estimators': 45, 'n_jobs': None, 'oob_score': False, 'random_state': 42, 'verbose': 0, 'warm_start': False}
Loaded lookahead model for budget (350, 9): 
{'bootstrap': np.False_, 'ccp_alpha': 0.0, 'criterion': 'squared_error', 'max_depth': None, 'max_features': 0.2506889953522, 'max_leaf_nodes': None, 'max_samples': None, 'min_impurity_decrease': 0.0, 'min_samples_leaf': 4, 'min_samples_split': 7, 'min_weight_fraction_leaf': 0.0, 'monotonic_cst': None, 'n_estimators': 101, 'n_jobs': None, 'oob_score': False, 'random_state': 42, 'verbose': 0, 'warm_start': False}
Loaded lookahead model for budget (250, 9): 
{'bootstrap': np.False_, 'ccp_alpha': 0.0, 'criterion': 'squared_error', 'max_depth': None, 'max_features': 0.2022716812943, 'max_leaf_nodes': None, 'max_samples': None, 'min_impurity_decrease': 0.0, 'min_samples_leaf': 3, 'min_samples_split': 14, 'min_weight_fraction_leaf': 0.0, 'monotonic_cst': None, 'n_estimators': 57, 'n_jobs': None, 'oob_score': False, 'random_state': 42, 'verbose': 0, 'warm_start': False}
Loaded lookahead model for budget (50, 9): 
{'bootstrap': np.False_, 'ccp_alpha': 0.0, 'criterion': 'squared_error', 'max_depth': None, 'max_features': 0.3372003307902, 'max_leaf_nodes': None, 'max_samples': None, 'min_impurity_decrease': 0.0, 'min_samples_leaf': 4, 'min_samples_split': 17, 'min_weight_fraction_leaf': 0.0, 'monotonic_cst': None, 'n_estimators': 88, 'n_jobs': None, 'oob_score': False, 'random_state': 42, 'verbose': 0, 'warm_start': False}
Loaded lookahead model for budget (400, 9): 
{'bootstrap': np.False_, 'ccp_alpha': 0.0, 'criterion': 'squared_error', 'max_depth': None, 'max_features': 0.1489689700485, 'max_leaf_nodes': None, 'max_samples': None, 'min_impurity_decrease': 0.0, 'min_samples_leaf': 1, 'min_samples_split': 19, 'min_weight_fraction_leaf': 0.0, 'monotonic_cst': None, 'n_estimators': 105, 'n_jobs': None, 'oob_score': False, 'random_state': 42, 'verbose': 0, 'warm_start': False}
Loaded lookahead model for budget (500, 9): 
{'bootstrap': np.False_, 'ccp_alpha': 0.0, 'criterion': 'squared_error', 'max_depth': None, 'max_features': 0.3711334875027, 'max_leaf_nodes': None, 'max_samples': None, 'min_impurity_decrease': 0.0, 'min_samples_leaf': 3, 'min_samples_split': 2, 'min_weight_fraction_leaf': 0.0, 'monotonic_cst': None, 'n_estimators': 58, 'n_jobs': None, 'oob_score': False, 'random_state': 42, 'verbose': 0, 'warm_start': False}
Loaded lookahead model for budget (450, 9): 
{'bootstrap': np.False_, 'ccp_alpha': 0.0, 'criterion': 'squared_error', 'max_depth': None, 'max_features': 0.3145563228785, 'max_leaf_nodes': None, 'max_samples': None, 'min_impurity_decrease': 0.0, 'min_samples_leaf': 2, 'min_samples_split': 2, 'min_weight_fraction_leaf': 0.0, 'monotonic_cst': None, 'n_estimators': 34, 'n_jobs': None, 'oob_score': False, 'random_state': 42, 'verbose': 0, 'warm_start': False}
Loaded lookahead model for budget (100, 9): 
{'bootstrap': np.True_, 'ccp_alpha': 0.0, 'criterion': 'squared_error', 'max_depth': None, 'max_features': 0.5438950528176, 'max_leaf_nodes': None, 'max_samples': None, 'min_impurity_decrease': 0.0, 'min_samples_leaf': 5, 'min_samples_split': 10, 'min_weight_fraction_leaf': 0.0, 'monotonic_cst': None, 'n_estimators': 64, 'n_jobs': None, 'oob_score': False, 'random_state': 42, 'verbose': 0, 'warm_start': False}
Loaded lookahead model for budget (200, 9): 
{'bootstrap': np.False_, 'ccp_alpha': 0.0, 'criterion': 'squared_error', 'max_depth': None, 'max_features': 0.2710277017106, 'max_leaf_nodes': None, 'max_samples': None, 'min_impurity_decrease': 0.0, 'min_samples_leaf': 3, 'min_samples_split': 15, 'min_weight_fraction_leaf': 0.0, 'monotonic_cst': None, 'n_estimators': 93, 'n_jobs': None, 'oob_score': False, 'random_state': 42, 'verbose': 0, 'warm_start': False}
Processing (fid=1, iid=6, rep=0)...
Processing (fid=1, iid=6, rep=1)...
Processing (fid=1, iid=6, rep=2)...
Processing (fid=1, iid=6, rep=3)...
Processing (fid=1, iid=6, rep=4)...
Processing (fid=1, iid=6, rep=5)...
Processing (fid=1, iid=6, rep=6)...
Processing (fid=1, iid=6, rep=7)...
Processing (fid=1, iid=6, rep=8)...
Processing (fid=1, iid=6, rep=9)...
Processing (fid=1, iid=6, rep=10)...
Processing (fid=1, iid=6, rep=11)...
Processing (fid=1, iid=6, rep=12)...
Processing (fid=1, iid=6, rep=13)...
Processing (fid=1, iid=6, rep=14)...
Processing (fid=1, iid=6, rep=15)...
Processing (fid=1, iid=6, rep=16)...
Processing (fid=1, iid=6, rep=17)...
Processing (fid=1, iid=6, rep=18)...
Processing (fid=1, iid=6, rep=19)...
Processing (fid=1, iid=7, rep=0)...
Processing (fid=1, iid=7, rep=1)...
Processing (fid=1, iid=7, rep=2)...
Processing (fid=1, iid=7, rep=3)...
Processing (fid=1, iid=7, rep=4)...
Processing (fid=1, iid=7, rep=5)...
Processing (fid=1, iid=7, rep=6)...
Processing (fid=1, iid=7, rep=7)...
Processing (fid=1, iid=7, rep=8)...
Processing (fid=1, iid=7, rep=9)...
Processing (fid=1, iid=7, rep=10)...
Processing (fid=1, iid=7, rep=11)...
Processing (fid=1, iid=7, rep=12)...
Processing (fid=1, iid=7, rep=13)...
Processing (fid=1, iid=7, rep=14)...
Processing (fid=1, iid=7, rep=15)...
Processing (fid=1, iid=7, rep=16)...
Processing (fid=1, iid=7, rep=17)...
Processing (fid=1, iid=7, rep=18)...
Processing (fid=1, iid=7, rep=19)...
Processing (fid=2, iid=6, rep=0)...
Processing (fid=2, iid=6, rep=1)...
Processing (fid=2, iid=6, rep=2)...
Processing (fid=2, iid=6, rep=3)...
Processing (fid=2, iid=6, rep=4)...
Processing (fid=2, iid=6, rep=5)...
Processing (fid=2, iid=6, rep=6)...
Processing (fid=2, iid=6, rep=7)...
Processing (fid=2, iid=6, rep=8)...
Processing (fid=2, iid=6, rep=9)...
Processing (fid=2, iid=6, rep=10)...
Processing (fid=2, iid=6, rep=11)...
Processing (fid=2, iid=6, rep=12)...
Processing (fid=2, iid=6, rep=13)...
Processing (fid=2, iid=6, rep=14)...
Processing (fid=2, iid=6, rep=15)...
Processing (fid=2, iid=6, rep=16)...
Processing (fid=2, iid=6, rep=17)...
Processing (fid=2, iid=6, rep=18)...
Processing (fid=2, iid=6, rep=19)...
Processing (fid=2, iid=7, rep=0)...
Processing (fid=2, iid=7, rep=1)...
Processing (fid=2, iid=7, rep=2)...
Processing (fid=2, iid=7, rep=3)...
Processing (fid=2, iid=7, rep=4)...
Processing (fid=2, iid=7, rep=5)...
Processing (fid=2, iid=7, rep=6)...
Processing (fid=2, iid=7, rep=7)...
Processing (fid=2, iid=7, rep=8)...
Processing (fid=2, iid=7, rep=9)...
Processing (fid=2, iid=7, rep=10)...
Processing (fid=2, iid=7, rep=11)...
Processing (fid=2, iid=7, rep=12)...
Processing (fid=2, iid=7, rep=13)...
Processing (fid=2, iid=7, rep=14)...
Processing (fid=2, iid=7, rep=15)...
Processing (fid=2, iid=7, rep=16)...
Processing (fid=2, iid=7, rep=17)...
Processing (fid=2, iid=7, rep=18)...
Processing (fid=2, iid=7, rep=19)...
Processing (fid=3, iid=6, rep=0)...
Processing (fid=3, iid=6, rep=1)...
Processing (fid=3, iid=6, rep=2)...
Processing (fid=3, iid=6, rep=3)...
Processing (fid=3, iid=6, rep=4)...
Processing (fid=3, iid=6, rep=5)...
Processing (fid=3, iid=6, rep=6)...
Processing (fid=3, iid=6, rep=7)...
Processing (fid=3, iid=6, rep=8)...
Processing (fid=3, iid=6, rep=9)...
Processing (fid=3, iid=6, rep=10)...
Processing (fid=3, iid=6, rep=11)...
Processing (fid=3, iid=6, rep=12)...
Processing (fid=3, iid=6, rep=13)...
Processing (fid=3, iid=6, rep=14)...
Processing (fid=3, iid=6, rep=15)...
Processing (fid=3, iid=6, rep=16)...
Processing (fid=3, iid=6, rep=17)...
Processing (fid=3, iid=6, rep=18)...
Processing (fid=3, iid=6, rep=19)...
Processing (fid=3, iid=7, rep=0)...
Processing (fid=3, iid=7, rep=1)...
Processing (fid=3, iid=7, rep=2)...
Processing (fid=3, iid=7, rep=3)...
Processing (fid=3, iid=7, rep=4)...
Processing (fid=3, iid=7, rep=5)...
Processing (fid=3, iid=7, rep=6)...
Processing (fid=3, iid=7, rep=7)...
Processing (fid=3, iid=7, rep=8)...
Processing (fid=3, iid=7, rep=9)...
Processing (fid=3, iid=7, rep=10)...
Processing (fid=3, iid=7, rep=11)...
Processing (fid=3, iid=7, rep=12)...
Processing (fid=3, iid=7, rep=13)...
Processing (fid=3, iid=7, rep=14)...
Processing (fid=3, iid=7, rep=15)...
Processing (fid=3, iid=7, rep=16)...
Processing (fid=3, iid=7, rep=17)...
Processing (fid=3, iid=7, rep=18)...
Processing (fid=3, iid=7, rep=19)...
Processing (fid=4, iid=6, rep=0)...
Processing (fid=4, iid=6, rep=1)...
Processing (fid=4, iid=6, rep=2)...
Processing (fid=4, iid=6, rep=3)...
Processing (fid=4, iid=6, rep=4)...
Processing (fid=4, iid=6, rep=5)...
Processing (fid=4, iid=6, rep=6)...
Processing (fid=4, iid=6, rep=7)...
Processing (fid=4, iid=6, rep=8)...
Processing (fid=4, iid=6, rep=9)...
Processing (fid=4, iid=6, rep=10)...
Processing (fid=4, iid=6, rep=11)...
Processing (fid=4, iid=6, rep=12)...
Processing (fid=4, iid=6, rep=13)...
Processing (fid=4, iid=6, rep=14)...
Processing (fid=4, iid=6, rep=15)...
Processing (fid=4, iid=6, rep=16)...
Processing (fid=4, iid=6, rep=17)...
Processing (fid=4, iid=6, rep=18)...
Processing (fid=4, iid=6, rep=19)...
Processing (fid=4, iid=7, rep=0)...
Processing (fid=4, iid=7, rep=1)...
Processing (fid=4, iid=7, rep=2)...
Processing (fid=4, iid=7, rep=3)...
Processing (fid=4, iid=7, rep=4)...
Processing (fid=4, iid=7, rep=5)...
Processing (fid=4, iid=7, rep=6)...
Processing (fid=4, iid=7, rep=7)...
Processing (fid=4, iid=7, rep=8)...
Processing (fid=4, iid=7, rep=9)...
Processing (fid=4, iid=7, rep=10)...
Processing (fid=4, iid=7, rep=11)...
Processing (fid=4, iid=7, rep=12)...
Processing (fid=4, iid=7, rep=13)...
Processing (fid=4, iid=7, rep=14)...
Processing (fid=4, iid=7, rep=15)...
Processing (fid=4, iid=7, rep=16)...
Processing (fid=4, iid=7, rep=17)...
Processing (fid=4, iid=7, rep=18)...
Processing (fid=4, iid=7, rep=19)...
Processing (fid=5, iid=6, rep=0)...
Processing (fid=5, iid=6, rep=1)...
Processing (fid=5, iid=6, rep=2)...
Processing (fid=5, iid=6, rep=3)...
Processing (fid=5, iid=6, rep=4)...
Processing (fid=5, iid=6, rep=5)...
Processing (fid=5, iid=6, rep=6)...
Processing (fid=5, iid=6, rep=7)...
Processing (fid=5, iid=6, rep=8)...
Processing (fid=5, iid=6, rep=9)...
Processing (fid=5, iid=6, rep=10)...
Processing (fid=5, iid=6, rep=11)...
Processing (fid=5, iid=6, rep=12)...
Processing (fid=5, iid=6, rep=13)...
Processing (fid=5, iid=6, rep=14)...
Processing (fid=5, iid=6, rep=15)...
Processing (fid=5, iid=6, rep=16)...
Processing (fid=5, iid=6, rep=17)...
Processing (fid=5, iid=6, rep=18)...
Processing (fid=5, iid=6, rep=19)...
Processing (fid=5, iid=7, rep=0)...
Processing (fid=5, iid=7, rep=1)...
Processing (fid=5, iid=7, rep=2)...
Processing (fid=5, iid=7, rep=3)...
Processing (fid=5, iid=7, rep=4)...
Processing (fid=5, iid=7, rep=5)...
Processing (fid=5, iid=7, rep=6)...
Processing (fid=5, iid=7, rep=7)...
Processing (fid=5, iid=7, rep=8)...
Processing (fid=5, iid=7, rep=9)...
Processing (fid=5, iid=7, rep=10)...
Processing (fid=5, iid=7, rep=11)...
Processing (fid=5, iid=7, rep=12)...
Processing (fid=5, iid=7, rep=13)...
Processing (fid=5, iid=7, rep=14)...
Processing (fid=5, iid=7, rep=15)...
Processing (fid=5, iid=7, rep=16)...
Processing (fid=5, iid=7, rep=17)...
Processing (fid=5, iid=7, rep=18)...
Processing (fid=5, iid=7, rep=19)...
Processing (fid=6, iid=6, rep=0)...
Processing (fid=6, iid=6, rep=1)...
Processing (fid=6, iid=6, rep=2)...
Processing (fid=6, iid=6, rep=3)...
Processing (fid=6, iid=6, rep=4)...
Processing (fid=6, iid=6, rep=5)...
Processing (fid=6, iid=6, rep=6)...
Processing (fid=6, iid=6, rep=7)...
Processing (fid=6, iid=6, rep=8)...
Processing (fid=6, iid=6, rep=9)...
Processing (fid=6, iid=6, rep=10)...
Processing (fid=6, iid=6, rep=11)...
Processing (fid=6, iid=6, rep=12)...
Processing (fid=6, iid=6, rep=13)...
Processing (fid=6, iid=6, rep=14)...
Processing (fid=6, iid=6, rep=15)...
Processing (fid=6, iid=6, rep=16)...
Processing (fid=6, iid=6, rep=17)...
Processing (fid=6, iid=6, rep=18)...
Processing (fid=6, iid=6, rep=19)...
Processing (fid=6, iid=7, rep=0)...
Processing (fid=6, iid=7, rep=1)...
Processing (fid=6, iid=7, rep=2)...
Processing (fid=6, iid=7, rep=3)...
Processing (fid=6, iid=7, rep=4)...
Processing (fid=6, iid=7, rep=5)...
Processing (fid=6, iid=7, rep=6)...
Processing (fid=6, iid=7, rep=7)...
Processing (fid=6, iid=7, rep=8)...
Processing (fid=6, iid=7, rep=9)...
Processing (fid=6, iid=7, rep=10)...
Processing (fid=6, iid=7, rep=11)...
Processing (fid=6, iid=7, rep=12)...
Processing (fid=6, iid=7, rep=13)...
Processing (fid=6, iid=7, rep=14)...
Processing (fid=6, iid=7, rep=15)...
Processing (fid=6, iid=7, rep=16)...
Processing (fid=6, iid=7, rep=17)...
Processing (fid=6, iid=7, rep=18)...
Processing (fid=6, iid=7, rep=19)...
Processing (fid=7, iid=6, rep=0)...
Processing (fid=7, iid=6, rep=1)...
Processing (fid=7, iid=6, rep=2)...
Processing (fid=7, iid=6, rep=3)...
Processing (fid=7, iid=6, rep=4)...
Processing (fid=7, iid=6, rep=5)...
Processing (fid=7, iid=6, rep=6)...
Processing (fid=7, iid=6, rep=7)...
Processing (fid=7, iid=6, rep=8)...
Processing (fid=7, iid=6, rep=9)...
Processing (fid=7, iid=6, rep=10)...
Processing (fid=7, iid=6, rep=11)...
Processing (fid=7, iid=6, rep=12)...
Processing (fid=7, iid=6, rep=13)...
Processing (fid=7, iid=6, rep=14)...
Processing (fid=7, iid=6, rep=15)...
Processing (fid=7, iid=6, rep=16)...
Processing (fid=7, iid=6, rep=17)...
Processing (fid=7, iid=6, rep=18)...
Processing (fid=7, iid=6, rep=19)...
Processing (fid=7, iid=7, rep=0)...
Processing (fid=7, iid=7, rep=1)...
Processing (fid=7, iid=7, rep=2)...
Processing (fid=7, iid=7, rep=3)...
Processing (fid=7, iid=7, rep=4)...
Processing (fid=7, iid=7, rep=5)...
Processing (fid=7, iid=7, rep=6)...
Processing (fid=7, iid=7, rep=7)...
Processing (fid=7, iid=7, rep=8)...
Processing (fid=7, iid=7, rep=9)...
Processing (fid=7, iid=7, rep=10)...
Processing (fid=7, iid=7, rep=11)...
Processing (fid=7, iid=7, rep=12)...
Processing (fid=7, iid=7, rep=13)...
Processing (fid=7, iid=7, rep=14)...
Processing (fid=7, iid=7, rep=15)...
Processing (fid=7, iid=7, rep=16)...
Processing (fid=7, iid=7, rep=17)...
Processing (fid=7, iid=7, rep=18)...
Processing (fid=7, iid=7, rep=19)...
Processing (fid=8, iid=6, rep=0)...
Processing (fid=8, iid=6, rep=1)...
Processing (fid=8, iid=6, rep=2)...
Processing (fid=8, iid=6, rep=3)...
Processing (fid=8, iid=6, rep=4)...
Processing (fid=8, iid=6, rep=5)...
Processing (fid=8, iid=6, rep=6)...
Processing (fid=8, iid=6, rep=7)...
Processing (fid=8, iid=6, rep=8)...
Processing (fid=8, iid=6, rep=9)...
Processing (fid=8, iid=6, rep=10)...
Processing (fid=8, iid=6, rep=11)...
Processing (fid=8, iid=6, rep=12)...
Processing (fid=8, iid=6, rep=13)...
Processing (fid=8, iid=6, rep=14)...
Processing (fid=8, iid=6, rep=15)...
Processing (fid=8, iid=6, rep=16)...
Processing (fid=8, iid=6, rep=17)...
Processing (fid=8, iid=6, rep=18)...
Processing (fid=8, iid=6, rep=19)...
Processing (fid=8, iid=7, rep=0)...
Processing (fid=8, iid=7, rep=1)...
Processing (fid=8, iid=7, rep=2)...
Processing (fid=8, iid=7, rep=3)...
Processing (fid=8, iid=7, rep=4)...
Processing (fid=8, iid=7, rep=5)...
Processing (fid=8, iid=7, rep=6)...
Processing (fid=8, iid=7, rep=7)...
Processing (fid=8, iid=7, rep=8)...
Processing (fid=8, iid=7, rep=9)...
Processing (fid=8, iid=7, rep=10)...
Processing (fid=8, iid=7, rep=11)...
Processing (fid=8, iid=7, rep=12)...
Processing (fid=8, iid=7, rep=13)...
Processing (fid=8, iid=7, rep=14)...
Processing (fid=8, iid=7, rep=15)...
Processing (fid=8, iid=7, rep=16)...
Processing (fid=8, iid=7, rep=17)...
Processing (fid=8, iid=7, rep=18)...
Processing (fid=8, iid=7, rep=19)...
Processing (fid=9, iid=6, rep=0)...
Processing (fid=9, iid=6, rep=1)...
Processing (fid=9, iid=6, rep=2)...
Processing (fid=9, iid=6, rep=3)...
Processing (fid=9, iid=6, rep=4)...
Processing (fid=9, iid=6, rep=5)...
Processing (fid=9, iid=6, rep=6)...
Processing (fid=9, iid=6, rep=7)...
Processing (fid=9, iid=6, rep=8)...
Processing (fid=9, iid=6, rep=9)...
Processing (fid=9, iid=6, rep=10)...
Processing (fid=9, iid=6, rep=11)...
Processing (fid=9, iid=6, rep=12)...
Processing (fid=9, iid=6, rep=13)...
Processing (fid=9, iid=6, rep=14)...
Processing (fid=9, iid=6, rep=15)...
Processing (fid=9, iid=6, rep=16)...
Processing (fid=9, iid=6, rep=17)...
Processing (fid=9, iid=6, rep=18)...
Processing (fid=9, iid=6, rep=19)...
Processing (fid=9, iid=7, rep=0)...
Processing (fid=9, iid=7, rep=1)...
Processing (fid=9, iid=7, rep=2)...
Processing (fid=9, iid=7, rep=3)...
Processing (fid=9, iid=7, rep=4)...
Processing (fid=9, iid=7, rep=5)...
Processing (fid=9, iid=7, rep=6)...
Processing (fid=9, iid=7, rep=7)...
Processing (fid=9, iid=7, rep=8)...
Processing (fid=9, iid=7, rep=9)...
Processing (fid=9, iid=7, rep=10)...
Processing (fid=9, iid=7, rep=11)...
Processing (fid=9, iid=7, rep=12)...
Processing (fid=9, iid=7, rep=13)...
Processing (fid=9, iid=7, rep=14)...
Processing (fid=9, iid=7, rep=15)...
Processing (fid=9, iid=7, rep=16)...
Processing (fid=9, iid=7, rep=17)...
Processing (fid=9, iid=7, rep=18)...
Processing (fid=9, iid=7, rep=19)...
Processing (fid=10, iid=6, rep=0)...
Processing (fid=10, iid=6, rep=1)...
Processing (fid=10, iid=6, rep=2)...
Processing (fid=10, iid=6, rep=3)...
Processing (fid=10, iid=6, rep=4)...
Processing (fid=10, iid=6, rep=5)...
Processing (fid=10, iid=6, rep=6)...
Processing (fid=10, iid=6, rep=7)...
Processing (fid=10, iid=6, rep=8)...
Processing (fid=10, iid=6, rep=9)...
Processing (fid=10, iid=6, rep=10)...
Processing (fid=10, iid=6, rep=11)...
Processing (fid=10, iid=6, rep=12)...
Processing (fid=10, iid=6, rep=13)...
Processing (fid=10, iid=6, rep=14)...
Processing (fid=10, iid=6, rep=15)...
Processing (fid=10, iid=6, rep=16)...
Processing (fid=10, iid=6, rep=17)...
Processing (fid=10, iid=6, rep=18)...
Processing (fid=10, iid=6, rep=19)...
Processing (fid=10, iid=7, rep=0)...
Processing (fid=10, iid=7, rep=1)...
Processing (fid=10, iid=7, rep=2)...
Processing (fid=10, iid=7, rep=3)...
Processing (fid=10, iid=7, rep=4)...
Processing (fid=10, iid=7, rep=5)...
Processing (fid=10, iid=7, rep=6)...
Processing (fid=10, iid=7, rep=7)...
Processing (fid=10, iid=7, rep=8)...
Processing (fid=10, iid=7, rep=9)...
Processing (fid=10, iid=7, rep=10)...
Processing (fid=10, iid=7, rep=11)...
Processing (fid=10, iid=7, rep=12)...
Processing (fid=10, iid=7, rep=13)...
Processing (fid=10, iid=7, rep=14)...
Processing (fid=10, iid=7, rep=15)...
Processing (fid=10, iid=7, rep=16)...
Processing (fid=10, iid=7, rep=17)...
Processing (fid=10, iid=7, rep=18)...
Processing (fid=10, iid=7, rep=19)...
Processing (fid=11, iid=6, rep=0)...
Processing (fid=11, iid=6, rep=1)...
Processing (fid=11, iid=6, rep=2)...
Processing (fid=11, iid=6, rep=3)...
Processing (fid=11, iid=6, rep=4)...
Processing (fid=11, iid=6, rep=5)...
Processing (fid=11, iid=6, rep=6)...
Processing (fid=11, iid=6, rep=7)...
Processing (fid=11, iid=6, rep=8)...
Processing (fid=11, iid=6, rep=9)...
Processing (fid=11, iid=6, rep=10)...
Processing (fid=11, iid=6, rep=11)...
Processing (fid=11, iid=6, rep=12)...
Processing (fid=11, iid=6, rep=13)...
Processing (fid=11, iid=6, rep=14)...
Processing (fid=11, iid=6, rep=15)...
Processing (fid=11, iid=6, rep=16)...
Processing (fid=11, iid=6, rep=17)...
Processing (fid=11, iid=6, rep=18)...
Processing (fid=11, iid=6, rep=19)...
Processing (fid=11, iid=7, rep=0)...
Processing (fid=11, iid=7, rep=1)...
Processing (fid=11, iid=7, rep=2)...
Processing (fid=11, iid=7, rep=3)...
Processing (fid=11, iid=7, rep=4)...
Processing (fid=11, iid=7, rep=5)...
Processing (fid=11, iid=7, rep=6)...
Processing (fid=11, iid=7, rep=7)...
Processing (fid=11, iid=7, rep=8)...
Processing (fid=11, iid=7, rep=9)...
Processing (fid=11, iid=7, rep=10)...
Processing (fid=11, iid=7, rep=11)...
Processing (fid=11, iid=7, rep=12)...
Processing (fid=11, iid=7, rep=13)...
Processing (fid=11, iid=7, rep=14)...
Processing (fid=11, iid=7, rep=15)...
Processing (fid=11, iid=7, rep=16)...
Processing (fid=11, iid=7, rep=17)...
Processing (fid=11, iid=7, rep=18)...
Processing (fid=11, iid=7, rep=19)...
Processing (fid=12, iid=6, rep=0)...
Processing (fid=12, iid=6, rep=1)...
Processing (fid=12, iid=6, rep=2)...
Processing (fid=12, iid=6, rep=3)...
Processing (fid=12, iid=6, rep=4)...
Processing (fid=12, iid=6, rep=5)...
Processing (fid=12, iid=6, rep=6)...
Processing (fid=12, iid=6, rep=7)...
Processing (fid=12, iid=6, rep=8)...
Processing (fid=12, iid=6, rep=9)...
Processing (fid=12, iid=6, rep=10)...
Processing (fid=12, iid=6, rep=11)...
Processing (fid=12, iid=6, rep=12)...
Processing (fid=12, iid=6, rep=13)...
Processing (fid=12, iid=6, rep=14)...
Processing (fid=12, iid=6, rep=15)...
Processing (fid=12, iid=6, rep=16)...
Processing (fid=12, iid=6, rep=17)...
Processing (fid=12, iid=6, rep=18)...
Processing (fid=12, iid=6, rep=19)...
Processing (fid=12, iid=7, rep=0)...
Processing (fid=12, iid=7, rep=1)...
Processing (fid=12, iid=7, rep=2)...
Processing (fid=12, iid=7, rep=3)...
Processing (fid=12, iid=7, rep=4)...
Processing (fid=12, iid=7, rep=5)...
Processing (fid=12, iid=7, rep=6)...
Processing (fid=12, iid=7, rep=7)...
Processing (fid=12, iid=7, rep=8)...
Processing (fid=12, iid=7, rep=9)...
Processing (fid=12, iid=7, rep=10)...
Processing (fid=12, iid=7, rep=11)...
Processing (fid=12, iid=7, rep=12)...
Processing (fid=12, iid=7, rep=13)...
Processing (fid=12, iid=7, rep=14)...
Processing (fid=12, iid=7, rep=15)...
Processing (fid=12, iid=7, rep=16)...
Processing (fid=12, iid=7, rep=17)...
Processing (fid=12, iid=7, rep=18)...
Processing (fid=12, iid=7, rep=19)...
Processing (fid=13, iid=6, rep=0)...
Processing (fid=13, iid=6, rep=1)...
Processing (fid=13, iid=6, rep=2)...
Processing (fid=13, iid=6, rep=3)...
Processing (fid=13, iid=6, rep=4)...
Processing (fid=13, iid=6, rep=5)...
Processing (fid=13, iid=6, rep=6)...
Processing (fid=13, iid=6, rep=7)...
Processing (fid=13, iid=6, rep=8)...
Processing (fid=13, iid=6, rep=9)...
Processing (fid=13, iid=6, rep=10)...
Processing (fid=13, iid=6, rep=11)...
Processing (fid=13, iid=6, rep=12)...
Processing (fid=13, iid=6, rep=13)...
Processing (fid=13, iid=6, rep=14)...
Processing (fid=13, iid=6, rep=15)...
Processing (fid=13, iid=6, rep=16)...
Processing (fid=13, iid=6, rep=17)...
Processing (fid=13, iid=6, rep=18)...
Processing (fid=13, iid=6, rep=19)...
Processing (fid=13, iid=7, rep=0)...
Processing (fid=13, iid=7, rep=1)...
Processing (fid=13, iid=7, rep=2)...
Processing (fid=13, iid=7, rep=3)...
Processing (fid=13, iid=7, rep=4)...
Processing (fid=13, iid=7, rep=5)...
Processing (fid=13, iid=7, rep=6)...
Processing (fid=13, iid=7, rep=7)...
Processing (fid=13, iid=7, rep=8)...
Processing (fid=13, iid=7, rep=9)...
Processing (fid=13, iid=7, rep=10)...
Processing (fid=13, iid=7, rep=11)...
Processing (fid=13, iid=7, rep=12)...
Processing (fid=13, iid=7, rep=13)...
Processing (fid=13, iid=7, rep=14)...
Processing (fid=13, iid=7, rep=15)...
Processing (fid=13, iid=7, rep=16)...
Processing (fid=13, iid=7, rep=17)...
Processing (fid=13, iid=7, rep=18)...
Processing (fid=13, iid=7, rep=19)...
Processing (fid=14, iid=6, rep=0)...
Processing (fid=14, iid=6, rep=1)...
Processing (fid=14, iid=6, rep=2)...
Processing (fid=14, iid=6, rep=3)...
Processing (fid=14, iid=6, rep=4)...
Processing (fid=14, iid=6, rep=5)...
Processing (fid=14, iid=6, rep=6)...
Processing (fid=14, iid=6, rep=7)...
Processing (fid=14, iid=6, rep=8)...
Processing (fid=14, iid=6, rep=9)...
Processing (fid=14, iid=6, rep=10)...
Processing (fid=14, iid=6, rep=11)...
Processing (fid=14, iid=6, rep=12)...
Processing (fid=14, iid=6, rep=13)...
Processing (fid=14, iid=6, rep=14)...
Processing (fid=14, iid=6, rep=15)...
Processing (fid=14, iid=6, rep=16)...
Processing (fid=14, iid=6, rep=17)...
Processing (fid=14, iid=6, rep=18)...
Processing (fid=14, iid=6, rep=19)...
Processing (fid=14, iid=7, rep=0)...
Processing (fid=14, iid=7, rep=1)...
Processing (fid=14, iid=7, rep=2)...
Processing (fid=14, iid=7, rep=3)...
Processing (fid=14, iid=7, rep=4)...
Processing (fid=14, iid=7, rep=5)...
Processing (fid=14, iid=7, rep=6)...
Processing (fid=14, iid=7, rep=7)...
Processing (fid=14, iid=7, rep=8)...
Processing (fid=14, iid=7, rep=9)...
Processing (fid=14, iid=7, rep=10)...
Processing (fid=14, iid=7, rep=11)...
Processing (fid=14, iid=7, rep=12)...
Processing (fid=14, iid=7, rep=13)...
Processing (fid=14, iid=7, rep=14)...
Processing (fid=14, iid=7, rep=15)...
Processing (fid=14, iid=7, rep=16)...
Processing (fid=14, iid=7, rep=17)...
Processing (fid=14, iid=7, rep=18)...
Processing (fid=14, iid=7, rep=19)...
Processing (fid=15, iid=6, rep=0)...
Processing (fid=15, iid=6, rep=1)...
Processing (fid=15, iid=6, rep=2)...
Processing (fid=15, iid=6, rep=3)...
Processing (fid=15, iid=6, rep=4)...
Processing (fid=15, iid=6, rep=5)...
Processing (fid=15, iid=6, rep=6)...
Processing (fid=15, iid=6, rep=7)...
Processing (fid=15, iid=6, rep=8)...
Processing (fid=15, iid=6, rep=9)...
Processing (fid=15, iid=6, rep=10)...
Processing (fid=15, iid=6, rep=11)...
Processing (fid=15, iid=6, rep=12)...
Processing (fid=15, iid=6, rep=13)...
Processing (fid=15, iid=6, rep=14)...
Processing (fid=15, iid=6, rep=15)...
Processing (fid=15, iid=6, rep=16)...
Processing (fid=15, iid=6, rep=17)...
Processing (fid=15, iid=6, rep=18)...
Processing (fid=15, iid=6, rep=19)...
Processing (fid=15, iid=7, rep=0)...
Processing (fid=15, iid=7, rep=1)...
Processing (fid=15, iid=7, rep=2)...
Processing (fid=15, iid=7, rep=3)...
Processing (fid=15, iid=7, rep=4)...
Processing (fid=15, iid=7, rep=5)...
Processing (fid=15, iid=7, rep=6)...
Processing (fid=15, iid=7, rep=7)...
Processing (fid=15, iid=7, rep=8)...
Processing (fid=15, iid=7, rep=9)...
Processing (fid=15, iid=7, rep=10)...
Processing (fid=15, iid=7, rep=11)...
Processing (fid=15, iid=7, rep=12)...
Processing (fid=15, iid=7, rep=13)...
Processing (fid=15, iid=7, rep=14)...
Processing (fid=15, iid=7, rep=15)...
Processing (fid=15, iid=7, rep=16)...
Processing (fid=15, iid=7, rep=17)...
Processing (fid=15, iid=7, rep=18)...
Processing (fid=15, iid=7, rep=19)...
Processing (fid=16, iid=6, rep=0)...
Processing (fid=16, iid=6, rep=1)...
Processing (fid=16, iid=6, rep=2)...
Processing (fid=16, iid=6, rep=3)...
Processing (fid=16, iid=6, rep=4)...
Processing (fid=16, iid=6, rep=5)...
Processing (fid=16, iid=6, rep=6)...
Processing (fid=16, iid=6, rep=7)...
Processing (fid=16, iid=6, rep=8)...
Processing (fid=16, iid=6, rep=9)...
Processing (fid=16, iid=6, rep=10)...
Processing (fid=16, iid=6, rep=11)...
Processing (fid=16, iid=6, rep=12)...
Processing (fid=16, iid=6, rep=13)...
Processing (fid=16, iid=6, rep=14)...
Processing (fid=16, iid=6, rep=15)...
Processing (fid=16, iid=6, rep=16)...
Processing (fid=16, iid=6, rep=17)...
Processing (fid=16, iid=6, rep=18)...
Processing (fid=16, iid=6, rep=19)...
Processing (fid=16, iid=7, rep=0)...
Processing (fid=16, iid=7, rep=1)...
Processing (fid=16, iid=7, rep=2)...
Processing (fid=16, iid=7, rep=3)...
Processing (fid=16, iid=7, rep=4)...
Processing (fid=16, iid=7, rep=5)...
Processing (fid=16, iid=7, rep=6)...
Processing (fid=16, iid=7, rep=7)...
Processing (fid=16, iid=7, rep=8)...
Processing (fid=16, iid=7, rep=9)...
Processing (fid=16, iid=7, rep=10)...
Processing (fid=16, iid=7, rep=11)...
Processing (fid=16, iid=7, rep=12)...
Processing (fid=16, iid=7, rep=13)...
Processing (fid=16, iid=7, rep=14)...
Processing (fid=16, iid=7, rep=15)...
Processing (fid=16, iid=7, rep=16)...
Processing (fid=16, iid=7, rep=17)...
Processing (fid=16, iid=7, rep=18)...
Processing (fid=16, iid=7, rep=19)...
Processing (fid=17, iid=6, rep=0)...
Processing (fid=17, iid=6, rep=1)...
Processing (fid=17, iid=6, rep=2)...
Processing (fid=17, iid=6, rep=3)...
Processing (fid=17, iid=6, rep=4)...
Processing (fid=17, iid=6, rep=5)...
Processing (fid=17, iid=6, rep=6)...
Processing (fid=17, iid=6, rep=7)...
Processing (fid=17, iid=6, rep=8)...
Processing (fid=17, iid=6, rep=9)...
Processing (fid=17, iid=6, rep=10)...
Processing (fid=17, iid=6, rep=11)...
Processing (fid=17, iid=6, rep=12)...
Processing (fid=17, iid=6, rep=13)...
Processing (fid=17, iid=6, rep=14)...
Processing (fid=17, iid=6, rep=15)...
Processing (fid=17, iid=6, rep=16)...
Processing (fid=17, iid=6, rep=17)...
Processing (fid=17, iid=6, rep=18)...
Processing (fid=17, iid=6, rep=19)...
Processing (fid=17, iid=7, rep=0)...
Processing (fid=17, iid=7, rep=1)...
Processing (fid=17, iid=7, rep=2)...
Processing (fid=17, iid=7, rep=3)...
Processing (fid=17, iid=7, rep=4)...
Processing (fid=17, iid=7, rep=5)...
Processing (fid=17, iid=7, rep=6)...
Processing (fid=17, iid=7, rep=7)...
Processing (fid=17, iid=7, rep=8)...
Processing (fid=17, iid=7, rep=9)...
Processing (fid=17, iid=7, rep=10)...
Processing (fid=17, iid=7, rep=11)...
Processing (fid=17, iid=7, rep=12)...
Processing (fid=17, iid=7, rep=13)...
Processing (fid=17, iid=7, rep=14)...
Processing (fid=17, iid=7, rep=15)...
Processing (fid=17, iid=7, rep=16)...
Processing (fid=17, iid=7, rep=17)...
Processing (fid=17, iid=7, rep=18)...
Processing (fid=17, iid=7, rep=19)...
Processing (fid=18, iid=6, rep=0)...
Processing (fid=18, iid=6, rep=1)...
Processing (fid=18, iid=6, rep=2)...
Processing (fid=18, iid=6, rep=3)...
Processing (fid=18, iid=6, rep=4)...
Processing (fid=18, iid=6, rep=5)...
Processing (fid=18, iid=6, rep=6)...
Processing (fid=18, iid=6, rep=7)...
Processing (fid=18, iid=6, rep=8)...
Processing (fid=18, iid=6, rep=9)...
Processing (fid=18, iid=6, rep=10)...
Processing (fid=18, iid=6, rep=11)...
Processing (fid=18, iid=6, rep=12)...
Processing (fid=18, iid=6, rep=13)...
Processing (fid=18, iid=6, rep=14)...
Processing (fid=18, iid=6, rep=15)...
Processing (fid=18, iid=6, rep=16)...
Processing (fid=18, iid=6, rep=17)...
Processing (fid=18, iid=6, rep=18)...
Processing (fid=18, iid=6, rep=19)...
Processing (fid=18, iid=7, rep=0)...
Processing (fid=18, iid=7, rep=1)...
Processing (fid=18, iid=7, rep=2)...
Processing (fid=18, iid=7, rep=3)...
Processing (fid=18, iid=7, rep=4)...
Processing (fid=18, iid=7, rep=5)...
Processing (fid=18, iid=7, rep=6)...
Processing (fid=18, iid=7, rep=7)...
Processing (fid=18, iid=7, rep=8)...
Processing (fid=18, iid=7, rep=9)...
Processing (fid=18, iid=7, rep=10)...
Processing (fid=18, iid=7, rep=11)...
Processing (fid=18, iid=7, rep=12)...
Processing (fid=18, iid=7, rep=13)...
Processing (fid=18, iid=7, rep=14)...
Processing (fid=18, iid=7, rep=15)...
Processing (fid=18, iid=7, rep=16)...
Processing (fid=18, iid=7, rep=17)...
Processing (fid=18, iid=7, rep=18)...
Processing (fid=18, iid=7, rep=19)...
Processing (fid=19, iid=6, rep=0)...
Processing (fid=19, iid=6, rep=1)...
Processing (fid=19, iid=6, rep=2)...
Processing (fid=19, iid=6, rep=3)...
Processing (fid=19, iid=6, rep=4)...
Processing (fid=19, iid=6, rep=5)...
Processing (fid=19, iid=6, rep=6)...
Processing (fid=19, iid=6, rep=7)...
Processing (fid=19, iid=6, rep=8)...
Processing (fid=19, iid=6, rep=9)...
Processing (fid=19, iid=6, rep=10)...
Processing (fid=19, iid=6, rep=11)...
Processing (fid=19, iid=6, rep=12)...
Processing (fid=19, iid=6, rep=13)...
Processing (fid=19, iid=6, rep=14)...
Processing (fid=19, iid=6, rep=15)...
Processing (fid=19, iid=6, rep=16)...
Processing (fid=19, iid=6, rep=17)...
Processing (fid=19, iid=6, rep=18)...
Processing (fid=19, iid=6, rep=19)...
Processing (fid=19, iid=7, rep=0)...
Processing (fid=19, iid=7, rep=1)...
Processing (fid=19, iid=7, rep=2)...
Processing (fid=19, iid=7, rep=3)...
Processing (fid=19, iid=7, rep=4)...
Processing (fid=19, iid=7, rep=5)...
Processing (fid=19, iid=7, rep=6)...
Processing (fid=19, iid=7, rep=7)...
Processing (fid=19, iid=7, rep=8)...
Processing (fid=19, iid=7, rep=9)...
Processing (fid=19, iid=7, rep=10)...
Processing (fid=19, iid=7, rep=11)...
Processing (fid=19, iid=7, rep=12)...
Processing (fid=19, iid=7, rep=13)...
Processing (fid=19, iid=7, rep=14)...
Processing (fid=19, iid=7, rep=15)...
Processing (fid=19, iid=7, rep=16)...
Processing (fid=19, iid=7, rep=17)...
Processing (fid=19, iid=7, rep=18)...
Processing (fid=19, iid=7, rep=19)...
Processing (fid=20, iid=6, rep=0)...
Processing (fid=20, iid=6, rep=1)...
Processing (fid=20, iid=6, rep=2)...
Processing (fid=20, iid=6, rep=3)...
Processing (fid=20, iid=6, rep=4)...
Processing (fid=20, iid=6, rep=5)...
Processing (fid=20, iid=6, rep=6)...
Processing (fid=20, iid=6, rep=7)...
Processing (fid=20, iid=6, rep=8)...
Processing (fid=20, iid=6, rep=9)...
Processing (fid=20, iid=6, rep=10)...
Processing (fid=20, iid=6, rep=11)...
Processing (fid=20, iid=6, rep=12)...
Processing (fid=20, iid=6, rep=13)...
Processing (fid=20, iid=6, rep=14)...
Processing (fid=20, iid=6, rep=15)...
Processing (fid=20, iid=6, rep=16)...
Processing (fid=20, iid=6, rep=17)...
Processing (fid=20, iid=6, rep=18)...
Processing (fid=20, iid=6, rep=19)...
Processing (fid=20, iid=7, rep=0)...
Processing (fid=20, iid=7, rep=1)...
Processing (fid=20, iid=7, rep=2)...
Processing (fid=20, iid=7, rep=3)...
Processing (fid=20, iid=7, rep=4)...
Processing (fid=20, iid=7, rep=5)...
Processing (fid=20, iid=7, rep=6)...
Processing (fid=20, iid=7, rep=7)...
Processing (fid=20, iid=7, rep=8)...
Processing (fid=20, iid=7, rep=9)...
Processing (fid=20, iid=7, rep=10)...
Processing (fid=20, iid=7, rep=11)...
Processing (fid=20, iid=7, rep=12)...
Processing (fid=20, iid=7, rep=13)...
Processing (fid=20, iid=7, rep=14)...
Processing (fid=20, iid=7, rep=15)...
Processing (fid=20, iid=7, rep=16)...
Processing (fid=20, iid=7, rep=17)...
Processing (fid=20, iid=7, rep=18)...
Processing (fid=20, iid=7, rep=19)...
Processing (fid=21, iid=6, rep=0)...
Processing (fid=21, iid=6, rep=1)...
Processing (fid=21, iid=6, rep=2)...
Processing (fid=21, iid=6, rep=3)...
Processing (fid=21, iid=6, rep=4)...
Processing (fid=21, iid=6, rep=5)...
Processing (fid=21, iid=6, rep=6)...
Processing (fid=21, iid=6, rep=7)...
Processing (fid=21, iid=6, rep=8)...
Processing (fid=21, iid=6, rep=9)...
Processing (fid=21, iid=6, rep=10)...
Processing (fid=21, iid=6, rep=11)...
Processing (fid=21, iid=6, rep=12)...
Processing (fid=21, iid=6, rep=13)...
Processing (fid=21, iid=6, rep=14)...
Processing (fid=21, iid=6, rep=15)...
Processing (fid=21, iid=6, rep=16)...
Processing (fid=21, iid=6, rep=17)...
Processing (fid=21, iid=6, rep=18)...
Processing (fid=21, iid=6, rep=19)...
Processing (fid=21, iid=7, rep=0)...
Processing (fid=21, iid=7, rep=1)...
Processing (fid=21, iid=7, rep=2)...
Processing (fid=21, iid=7, rep=3)...
Processing (fid=21, iid=7, rep=4)...
Processing (fid=21, iid=7, rep=5)...
Processing (fid=21, iid=7, rep=6)...
Processing (fid=21, iid=7, rep=7)...
Processing (fid=21, iid=7, rep=8)...
Processing (fid=21, iid=7, rep=9)...
Processing (fid=21, iid=7, rep=10)...
Processing (fid=21, iid=7, rep=11)...
Processing (fid=21, iid=7, rep=12)...
Processing (fid=21, iid=7, rep=13)...
Processing (fid=21, iid=7, rep=14)...
Processing (fid=21, iid=7, rep=15)...
Processing (fid=21, iid=7, rep=16)...
Processing (fid=21, iid=7, rep=17)...
Processing (fid=21, iid=7, rep=18)...
Processing (fid=21, iid=7, rep=19)...
Processing (fid=22, iid=6, rep=0)...
Processing (fid=22, iid=6, rep=1)...
Processing (fid=22, iid=6, rep=2)...
Processing (fid=22, iid=6, rep=3)...
Processing (fid=22, iid=6, rep=4)...
Processing (fid=22, iid=6, rep=5)...
Processing (fid=22, iid=6, rep=6)...
Processing (fid=22, iid=6, rep=7)...
Processing (fid=22, iid=6, rep=8)...
Processing (fid=22, iid=6, rep=9)...
Processing (fid=22, iid=6, rep=10)...
Processing (fid=22, iid=6, rep=11)...
Processing (fid=22, iid=6, rep=12)...
Processing (fid=22, iid=6, rep=13)...
Processing (fid=22, iid=6, rep=14)...
Processing (fid=22, iid=6, rep=15)...
Processing (fid=22, iid=6, rep=16)...
Processing (fid=22, iid=6, rep=17)...
Processing (fid=22, iid=6, rep=18)...
Processing (fid=22, iid=6, rep=19)...
Processing (fid=22, iid=7, rep=0)...
Processing (fid=22, iid=7, rep=1)...
Processing (fid=22, iid=7, rep=2)...
Processing (fid=22, iid=7, rep=3)...
Processing (fid=22, iid=7, rep=4)...
Processing (fid=22, iid=7, rep=5)...
Processing (fid=22, iid=7, rep=6)...
Processing (fid=22, iid=7, rep=7)...
Processing (fid=22, iid=7, rep=8)...
Processing (fid=22, iid=7, rep=9)...
Processing (fid=22, iid=7, rep=10)...
Processing (fid=22, iid=7, rep=11)...
Processing (fid=22, iid=7, rep=12)...
Processing (fid=22, iid=7, rep=13)...
Processing (fid=22, iid=7, rep=14)...
Processing (fid=22, iid=7, rep=15)...
Processing (fid=22, iid=7, rep=16)...
Processing (fid=22, iid=7, rep=17)...
Processing (fid=22, iid=7, rep=18)...
Processing (fid=22, iid=7, rep=19)...
Processing (fid=23, iid=6, rep=0)...
Processing (fid=23, iid=6, rep=1)...
Processing (fid=23, iid=6, rep=2)...
Processing (fid=23, iid=6, rep=3)...
Processing (fid=23, iid=6, rep=4)...
Processing (fid=23, iid=6, rep=5)...
Processing (fid=23, iid=6, rep=6)...
Processing (fid=23, iid=6, rep=7)...
Processing (fid=23, iid=6, rep=8)...
Processing (fid=23, iid=6, rep=9)...
Processing (fid=23, iid=6, rep=10)...
Processing (fid=23, iid=6, rep=11)...
Processing (fid=23, iid=6, rep=12)...
Processing (fid=23, iid=6, rep=13)...
Processing (fid=23, iid=6, rep=14)...
Processing (fid=23, iid=6, rep=15)...
Processing (fid=23, iid=6, rep=16)...
Processing (fid=23, iid=6, rep=17)...
Processing (fid=23, iid=6, rep=18)...
Processing (fid=23, iid=6, rep=19)...
Processing (fid=23, iid=7, rep=0)...
Processing (fid=23, iid=7, rep=1)...
Processing (fid=23, iid=7, rep=2)...
Processing (fid=23, iid=7, rep=3)...
Processing (fid=23, iid=7, rep=4)...
Processing (fid=23, iid=7, rep=5)...
Processing (fid=23, iid=7, rep=6)...
Processing (fid=23, iid=7, rep=7)...
Processing (fid=23, iid=7, rep=8)...
Processing (fid=23, iid=7, rep=9)...
Processing (fid=23, iid=7, rep=10)...
Processing (fid=23, iid=7, rep=11)...
Processing (fid=23, iid=7, rep=12)...
Processing (fid=23, iid=7, rep=13)...
Processing (fid=23, iid=7, rep=14)...
Processing (fid=23, iid=7, rep=15)...
Processing (fid=23, iid=7, rep=16)...
Processing (fid=23, iid=7, rep=17)...
Processing (fid=23, iid=7, rep=18)...
Processing (fid=23, iid=7, rep=19)...
Processing (fid=24, iid=6, rep=0)...
Processing (fid=24, iid=6, rep=1)...
Processing (fid=24, iid=6, rep=2)...
Processing (fid=24, iid=6, rep=3)...
Processing (fid=24, iid=6, rep=4)...
Processing (fid=24, iid=6, rep=5)...
Processing (fid=24, iid=6, rep=6)...
Processing (fid=24, iid=6, rep=7)...
Processing (fid=24, iid=6, rep=8)...
Processing (fid=24, iid=6, rep=9)...
Processing (fid=24, iid=6, rep=10)...
Processing (fid=24, iid=6, rep=11)...
Processing (fid=24, iid=6, rep=12)...
Processing (fid=24, iid=6, rep=13)...
Processing (fid=24, iid=6, rep=14)...
Processing (fid=24, iid=6, rep=15)...
Processing (fid=24, iid=6, rep=16)...
Processing (fid=24, iid=6, rep=17)...
Processing (fid=24, iid=6, rep=18)...
Processing (fid=24, iid=6, rep=19)...
Processing (fid=24, iid=7, rep=0)...
Processing (fid=24, iid=7, rep=1)...
Processing (fid=24, iid=7, rep=2)...
Processing (fid=24, iid=7, rep=3)...
Processing (fid=24, iid=7, rep=4)...
Processing (fid=24, iid=7, rep=5)...
Processing (fid=24, iid=7, rep=6)...
Processing (fid=24, iid=7, rep=7)...
Processing (fid=24, iid=7, rep=8)...
Processing (fid=24, iid=7, rep=9)...
Processing (fid=24, iid=7, rep=10)...
Processing (fid=24, iid=7, rep=11)...
Processing (fid=24, iid=7, rep=12)...
Processing (fid=24, iid=7, rep=13)...
Processing (fid=24, iid=7, rep=14)...
Processing (fid=24, iid=7, rep=15)...
Processing (fid=24, iid=7, rep=16)...
Processing (fid=24, iid=7, rep=17)...
Processing (fid=24, iid=7, rep=18)...
Processing (fid=24, iid=7, rep=19)...
Incremental results saved to: ../results/all_epms_lowest/selector_results_with_lookahead_all_epms_9.csv
