evaluations raw_y rep iid sigma t d_norm d_mean ps_norm ps_mean pc_norm pc_mean ps_squared loglikelihood mhl_norm mhl_mean x0 x1 x2 x3 x4 x5 x6 x7 x8 x9 x10 x11 x12 x13 x14 x15 x16 x17 x18 x19 x20 x21 x22 x23 x24 x25 x26 x27 x28 x29 x30 x31 x32 x33 x34 x35 x36 x37 x38 x39
1 74.6983072793 0.0000000000 1.0000000000 0.4349679348 67.0000000000 5.5058299821 0.8687041431 5.4293333619 -0.1846380845 4.4950227474 -0.1318052495 29.4776607549 -294.8473294992 27.5465114712 7.0251537275 3.528105 0.800314 1.957476 4.481786 3.735116 -1.954556 1.900177 -0.302714 -0.206438 0.821197 0.288087 2.908547 1.522075 0.243350 0.887726 0.667349 2.988158 -0.410317 0.626135 -1.708191 -5.000000 1.307237 1.728872 -1.484330 4.539509 -2.908731 0.091517 -0.374368 3.065558 2.938718 0.309895 0.756325 -1.775571 -3.961593 -0.695824 0.312698 2.460581 2.404760 -0.774654 -0.604606
2 69.8686128553 0.0000000000 1.0000000000 0.4349679348 67.0000000000 5.5058299821 0.8687041431 5.4293333619 -0.1846380845 4.4950227474 -0.1318052495 29.4776607549 -294.8473294992 27.5465114712 7.0251537275 -2.097106 -2.840036 -3.412540 3.901551 -1.019304 -0.876149 -2.505591 1.554981 -3.227796 -0.425481 -1.790933 0.773805 -1.021610 -2.361264 -0.056364 0.856664 0.133034 0.604944 -1.268644 -0.725482 -1.344921 -0.719106 -1.626293 -3.452565 0.354852 -0.803562 -3.260397 0.925565 -1.814597 0.103891 1.458181 0.257966 2.278801 -2.469652 0.804683 -1.369620 -1.741594 -1.157699 -0.623105 0.112331
3 66.1753563244 0.0000000000 1.0000000000 0.4349679348 67.0000000000 5.5058299821 0.8687041431 5.4293333619 -0.1846380845 4.4950227474 -0.1318052495 29.4776607549 -294.8473294992 27.5465114712 7.0251537275 -2.330300 1.801653 0.931325 -3.072487 2.976504 3.791778 2.357559 -0.359850 -2.141505 2.108903 -0.806354 2.444890 0.416550 1.953278 0.712733 1.413146 0.021000 3.571741 0.253824 0.803979 3.766301 -2.695518 -2.540970 1.938793 -2.346247 3.887242 -0.827238 -1.494910 3.845884 2.961030 3.735118 1.812089 -1.722451 3.820130 -0.536007 1.604913 1.894504 -0.310020 1.228159 1.844413
4 64.0699796189 0.0000000000 1.0000000000 0.4349679348 67.0000000000 5.5058299821 0.8687041431 5.4293333619 -0.1846380845 4.4950227474 -0.1318052495 29.4776607549 -294.8473294992 27.5465114712 7.0251537275 0.752851 -2.198802 0.596476 2.652772 -1.389136 -0.299269 -0.870307 3.698527 1.344590 0.814924 -1.539832 1.078498 -1.348665 0.063661 -1.271692 1.352867 1.153182 -0.416598 0.792013 -2.186123 -2.982515 0.878783 0.333347 1.270063 4.766290 1.888959 -1.825644 2.234033 -2.631815 -0.923169 -0.136483 3.426685 -1.489510 -1.652877 -0.196905 -1.326957 2.253272 -2.159863 -2.294937 -0.875640
9 61.2654171651 0.0000000000 1.0000000000 0.4349679348 67.0000000000 5.5058299821 0.8687041431 5.4293333619 -0.1846380845 4.4950227474 -0.1318052495 29.4776607549 -294.8473294992 27.5465114712 7.0251537275 -1.439209 -1.625986 0.549033 -1.781830 -2.314711 -0.624585 -0.315334 4.513447 -1.409401 1.886521 1.494377 -2.377890 1.546506 -2.367761 -5.000000 1.212639 -3.511781 0.901869 -1.368022 3.319102 2.137019 -0.906772 -1.375675 -2.428155 -0.881845 -0.560711 -0.729387 0.313408 1.157043 0.699309 -1.528288 -2.875583 2.729064 -1.378898 -1.304587 -1.042379 -3.686139 -0.955948 -0.959312 1.240717
20 58.3423466156 0.0000000000 1.0000000000 1.8687930064 1.0000000000 6.3116778941 0.9979430920 2.6285778401 -0.0455213508 2.2291331130 -0.0386038218 6.9094214613 -1272.0049513184 26.3427056783 6.7498064855 -1.532845 -2.055867 3.674033 -1.335441 0.714599 0.144564 -1.346815 -0.029088 1.588415 0.614522 0.659509 -0.037910 -0.822503 2.584862 -1.465725 2.983500 0.308579 -1.770020 -1.771090 1.956632 -1.348483 1.990044 0.535325 -0.329298 0.781971 -0.065500 -2.440706 -3.779383 1.515267 2.189642 0.665327 -0.496511 -0.136275 -0.948301 -2.177199 0.490476 -1.540793 1.700315 0.515787 0.848071
22 50.4071691167 0.0000000000 1.0000000000 1.8687930064 1.0000000000 6.3116778941 0.9979430920 2.6285778401 -0.0455213508 2.2291331130 -0.0386038218 6.9094214613 -1272.0049513184 26.3427056783 6.7498064855 -1.922555 -1.058160 0.190676 0.194438 0.911713 -1.392772 -0.710345 -2.094811 -2.072459 0.891790 -2.960166 1.606173 -0.219005 1.656424 -0.655996 1.482932 -2.465020 -0.610103 -3.698319 -1.027353 -2.636607 -1.034235 -1.567530 2.071234 1.188001 -2.698740 -2.144093 -0.792149 3.289839 2.962139 -0.483276 -0.521849 0.426114 -1.588822 1.702629 -2.126307 0.967462 -1.439585 0.111647 -0.964671
79 43.6864650145 0.0000000000 1.0000000000 1.6031686196 5.0000000000 6.2637649991 0.9902819528 4.9981600901 -0.0929967770 4.4916446628 -0.0878958674 24.9816042860 -1106.0133772226 23.6529132358 6.0614116908 -0.590458 -0.623441 0.089321 -3.606759 3.423061 -2.400402 2.748493 -2.915021 -1.818507 -0.638440 -1.626564 -0.028165 -1.574280 -1.121248 -1.580941 1.647397 0.824885 -0.488422 -4.095039 1.062112 1.683142 0.848443 1.792829 2.385728 0.832058 0.006031 -1.642946 -4.078759 0.724375 0.651154 2.959398 2.523340 0.009710 0.354777 -1.505569 -2.144150 -1.259079 -3.453721 -4.265572 -0.445444
163 40.3999948349 0.0000000000 1.0000000000 1.5115124129 10.0000000000 6.2097816047 0.9815552202 6.4226996415 -0.1007134112 5.9354347852 -0.0958565469 41.2510706846 -1084.3812856334 24.5156473638 6.2635414219 -2.047124 -0.762354 -3.462128 -5.000000 1.314624 -5.000000 2.090436 0.577387 -0.207737 -1.566934 -3.539701 1.065391 4.781183 -3.502268 -1.028103 1.891936 -0.208610 0.607133 -4.567111 1.935077 5.000000 2.366520 -0.785985 4.190788 -0.622506 4.639270 -2.527044 -3.565756 -0.380513 -1.212593 -0.347415 4.435883 -0.119708 -1.661821 0.889589 4.052787 -2.574836 -3.572770 -1.259421 0.019511
1005 98.9525725847 0.0000000000 1.0000000000 0.8508019558 67.0000000000 5.6061522252 0.8836958417 5.4659370596 0.1200186472 4.5279552572 0.0660250671 29.8764679397 -650.7452530280 24.7989471717 6.3345107710 3.317131 -3.129316 4.181071 -1.021813 -1.486381 -5.000000 2.274710 1.891639 4.852975 -1.223867 -2.388517 5.000000 3.421804 -2.703618 1.995267 -3.132509 3.934811 -1.808775 -0.270328 -3.105851 3.078518 2.735067 -2.927585 2.983557 -3.821198 -1.281970 -3.566575 -2.964395 -3.330050 -1.508594 -1.045559 -3.385624 -1.968218 -1.224421 -3.468604 3.721132 2.051129 -4.094205 3.502531 1.294774
evaluations raw_y rep iid sigma t d_norm d_mean ps_norm ps_mean pc_norm pc_mean ps_squared loglikelihood mhl_norm mhl_mean x0 x1 x2 x3 x4 x5 x6 x7 x8 x9 x10 x11 x12 x13 x14 x15 x16 x17 x18 x19 x20 x21 x22 x23 x24 x25 x26 x27 x28 x29 x30 x31 x32 x33 x34 x35 x36 x37 x38 x39
1 104.6870979286 1.0000000000 1.0000000000 0.8508019558 67.0000000000 5.6061522252 0.8836958417 5.4659370596 0.1200186472 4.5279552572 0.0660250671 29.8764679397 -650.7452530280 24.7989471717 6.3345107710 3.248691 -1.223513 -1.056344 -2.145937 1.730815 -4.603077 3.489624 -1.522414 0.638078 -0.498741 2.924216 -4.120281 -0.644834 -0.768109 2.267539 -2.199783 -0.344856 -1.755717 0.084427 1.165630 -2.201238 2.289447 1.803181 1.004989 1.801712 -1.367456 -0.245780 -1.871539 -0.535776 1.060711 -1.383322 -0.793507 -1.374345 -1.690411 -1.342492 -0.025329 -2.234621 0.468831 3.319604 1.484088
2 81.4301078890 1.0000000000 1.0000000000 0.8508019558 67.0000000000 5.6061522252 0.8836958417 5.4659370596 0.1200186472 4.5279552572 0.0660250671 29.8764679397 -650.7452530280 24.7989471717 6.3345107710 -0.383671 -1.775258 -1.494317 3.384909 0.101616 -1.273991 0.381831 4.200510 0.240318 1.234406 0.600341 -0.704500 -2.285036 -0.698685 -0.417788 1.173246 1.677967 1.862204 0.571175 1.770282 -1.508796 2.505736 1.025860 -0.596186 0.977036 -0.151143 2.263259 3.039634 4.371151 -2.792993 -2.888228 -1.008932 0.320074 1.752338 0.631270 -4.044402 -0.612408 1.655949 0.460189 1.524022
4 64.5754046573 1.0000000000 1.0000000000 0.8508019558 67.0000000000 5.6061522252 0.8836958417 5.4659370596 0.1200186472 4.5279552572 0.0660250671 29.8764679397 -650.7452530280 24.7989471717 6.3345107710 -0.049234 -1.550323 2.547512 3.934203 -3.715964 2.472328 3.255302 0.676023 -2.398536 1.726691 -0.361841 -1.207841 -2.460116 1.101075 1.585614 -1.247061 1.041153 -2.288683 1.603722 0.093135 -0.373140 -0.203492 1.737772 1.500823 1.058931 0.275402 0.155642 1.236761 0.464989 1.365103 -0.620234 -4.869676 2.077649 4.373959 0.882729 -0.200310 -0.272889 -0.238108 0.034819 -2.244037
15 60.9607149783 1.0000000000 1.0000000000 0.8508019558 67.0000000000 5.6061522252 0.8836958417 5.4659370596 0.1200186472 4.5279552572 0.0660250671 29.8764679397 -650.7452530280 24.7989471717 6.3345107710 1.706564 -0.279423 2.772629 1.096259 -3.274899 5.000000 1.297287 0.214687 -2.797626 0.163536 -0.919886 1.288707 0.743341 3.706019 0.284503 1.027011 0.744914 -0.296980 -0.366800 2.202000 1.560054 -1.258883 -2.226872 -0.134820 2.322880 -0.055059 3.492870 -1.550141 0.283281 -5.000000 -1.191336 -0.618243 1.021876 3.421324 0.069887 2.907835 1.323362 1.972704 -0.932310 2.769983
24 56.3296667236 1.0000000000 1.0000000000 1.9072741882 1.0000000000 6.3138419778 0.9982796806 3.7269702476 0.1416697153 3.1606112871 0.1201412599 13.8903072266 -1298.5433933970 26.8156229405 6.8314304441 2.711201 -0.945738 1.534940 2.986819 -2.578812 4.370642 2.174302 2.630392 -5.000000 -1.243363 -1.612208 -1.029640 1.829359 0.573431 4.285518 0.024004 1.655678 0.059828 0.441585 4.085130 0.738221 -4.193614 -1.850295 -1.575070 -0.607548 0.322993 -0.774707 -0.591487 -0.640042 -1.060926 -0.914646 -1.722021 -1.983502 4.047961 0.991461 -0.360633 0.098336 1.225603 -1.361793 0.588941
51 55.9022780982 1.0000000000 1.0000000000 1.8234431468 3.0000000000 6.2907408530 0.9945731640 5.5701278423 -0.0577732383 4.8798732156 -0.0452821828 31.0263241792 -1276.9355978771 27.1388757141 6.9119516129 -1.449598 1.930719 2.475365 4.530992 -0.329618 2.743080 3.234211 1.178276 -1.337927 -0.352515 -1.893439 -2.229534 1.647906 1.891094 2.525502 -3.307544 -0.859402 0.287211 -1.261292 5.000000 0.455498 -5.000000 1.878670 0.344852 -1.343544 -1.384696 -0.772052 2.529487 -0.374404 -1.728697 -0.060201 -4.814063 0.128383 3.641571 -4.277221 -0.784134 -0.030027 1.472682 -0.216274 3.910408
57 53.4987250579 1.0000000000 1.0000000000 1.8234431468 3.0000000000 6.2907408530 0.9945731640 5.5701278423 -0.0577732383 4.8798732156 -0.0452821828 31.0263241792 -1276.9355978771 27.1388757141 6.9119516129 2.118233 0.626777 2.817182 -1.008381 -0.868993 -0.380993 -1.388961 3.179726 -4.341428 -1.975728 1.467023 -3.007091 -0.532439 1.964491 5.000000 -0.270537 -0.876640 1.179414 1.209112 3.641354 0.263831 -3.215980 2.387116 -2.008624 -2.713352 -2.189879 -1.313176 5.000000 -3.270664 -4.290339 -0.101586 -3.453102 -4.256628 -0.307392 0.669774 -1.121310 2.062177 1.731451 -3.406094 1.023067
102 51.7690288629 1.0000000000 1.0000000000 1.7908222463 6.0000000000 6.2590090127 0.9894272765 6.0008914596 -0.0053034207 5.4722120132 -0.0063860333 36.0106983100 -1197.1303207067 24.7065450437 6.3185716752 2.158068 1.298119 2.873991 2.347140 -0.400902 -0.148678 -1.268954 5.000000 0.437251 -2.546916 4.095639 -2.753016 0.029775 -1.397430 2.449867 -2.283154 -0.243464 -0.604601 2.964885 2.432847 -0.368261 -4.095976 3.334163 -2.482511 -4.647629 -1.498990 -1.653911 3.688085 -4.334474 -5.000000 -0.846793 -3.195075 -5.000000 0.499358 -0.961816 -1.526972 -1.509485 3.145736 -2.602122 2.381973
232 50.4751594065 1.0000000000 1.0000000000 1.4445584586 15.0000000000 6.1518283143 0.9721847317 5.0341838459 0.1017084720 4.4805078527 0.0687448578 25.3430069940 -1106.8518603648 26.8270552946 6.8059059131 -0.624428 -0.825765 5.000000 3.340590 2.900046 1.656228 -2.374023 0.516322 -0.868445 0.353772 0.252729 1.108783 5.000000 1.274741 2.450735 -2.122645 2.179683 -2.515834 -3.942223 3.065994 4.762995 -3.114981 0.611453 -5.000000 -3.289911 -3.334651 0.457343 -1.123104 -5.000000 -4.483103 -1.702690 -0.193480 -0.528059 2.106099 2.106373 -0.792751 -1.480266 0.321348 -4.265467 -0.335400
278 44.6921066585 1.0000000000 1.0000000000 1.3676101320 18.0000000000 6.1182852969 0.9668096330 5.0454189459 0.0919949320 4.6154994059 0.0739180686 25.4562523398 -1050.2725611064 26.1939927421 6.6529139045 0.529785 -0.924239 1.561810 0.152292 0.461882 3.248494 -0.992482 1.839324 3.263212 0.762568 -0.250482 -0.876064 5.000000 0.936592 2.024009 -3.175064 -0.591508 -3.517336 -2.216090 3.545097 4.279188 0.366890 1.874895 -4.101750 -2.000648 -1.648732 0.569877 -1.055309 -5.000000 -1.718490 -0.382699 -1.396513 -1.015973 3.787173 -0.274525 -0.924562 -0.085410 1.300581 -4.214876 -2.016978
285 38.7033623564 1.0000000000 1.0000000000 1.3676101320 18.0000000000 6.1182852969 0.9668096330 5.0454189459 0.0919949320 4.6154994059 0.0739180686 25.4562523398 -1050.2725611064 26.1939927421 6.6529139045 -0.106929 -3.299431 5.000000 0.963227 0.677161 2.666068 2.187763 3.373250 -2.530324 -1.863276 0.925599 -2.414809 2.862871 4.763308 1.504509 1.250323 -0.613303 -1.673830 -1.108935 5.000000 3.870566 -0.389488 0.804114 -4.637275 -4.692297 -0.995642 0.794973 1.314748 -4.715751 -2.260245 -0.565775 -0.356910 -0.910161 5.000000 2.629037 -0.686450 0.424292 1.682517 -3.871484 -0.954597
1005 66.2678448525 1.0000000000 1.0000000000 0.8470608113 67.0000000000 5.6350020756 0.8883069935 4.9988299787 0.0007731567 4.4453846959 -0.0076814520 24.9883011559 -665.3555539258 25.3532327702 6.5050909520 0.761666 -0.235734 1.031985 -4.707685 0.487097 -0.206356 -3.126580 3.756016 0.282368 1.569861 -0.386994 -0.944600 4.340691 3.638753 -3.363794 -2.591180 -0.584680 -2.338111 1.639500 2.361906 -0.374249 0.125303 1.991797 -3.353843 -1.337891 -0.355180 -2.540736 -1.515880 -2.363676 -3.903528 -2.345227 -0.282570 0.054233 -0.672245 -4.956480 -3.079152 -0.260923 1.457591 -4.982495 0.265300
evaluations raw_y rep iid sigma t d_norm d_mean ps_norm ps_mean pc_norm pc_mean ps_squared loglikelihood mhl_norm mhl_mean x0 x1 x2 x3 x4 x5 x6 x7 x8 x9 x10 x11 x12 x13 x14 x15 x16 x17 x18 x19 x20 x21 x22 x23 x24 x25 x26 x27 x28 x29 x30 x31 x32 x33 x34 x35 x36 x37 x38 x39
1 67.2455671487 2.0000000000 1.0000000000 0.8470608113 67.0000000000 5.6350020756 0.8883069935 4.9988299787 0.0007731567 4.4453846959 -0.0076814520 24.9883011559 -665.3555539258 25.3532327702 6.5050909520 -0.833516 -0.112534 -4.272392 3.280542 -3.586871 -1.683495 1.005763 -2.490576 -2.115904 -1.818015 1.102908 4.584416 0.083079 -2.235851 1.078117 -1.192319 -0.038261 2.350002 -1.495742 0.018051 -1.756216 -0.312868 0.513141 -1.977558 -0.677644 -0.472368 -1.275310 -2.375225 -2.842434 -0.306990 -0.538114 4.462734 -4.869535 0.225453 0.740889 2.719268 1.003714 -1.688427 0.000020 1.084705
5 60.8684623313 2.0000000000 1.0000000000 0.8470608113 67.0000000000 5.6350020756 0.8883069935 4.9988299787 0.0007731567 4.4453846959 -0.0076814520 24.9883011559 -665.3555539258 25.3532327702 6.5050909520 -2.510854 1.876327 -0.936693 -2.509441 0.249647 1.513004 0.482879 0.994851 5.000000 1.642242 3.063521 -3.971692 0.730107 1.548164 -0.728958 -1.751959 0.793040 -0.629235 -1.187511 2.299001 2.671132 0.605259 -0.908456 1.028741 1.658917 1.261244 -2.906729 -0.676036 0.718267 1.244441 1.921564 1.516741 -2.268637 -1.414842 -2.442858 3.608953 0.360820 1.106329 2.066058 -0.658005
9 55.3725283691 2.0000000000 1.0000000000 0.8470608113 67.0000000000 5.6350020756 0.8883069935 4.9988299787 0.0007731567 4.4453846959 -0.0076814520 24.9883011559 -665.3555539258 25.3532327702 6.5050909520 -0.743038 5.000000 0.219902 -3.827046 1.199641 1.098769 2.767562 0.296698 -1.307083 2.817668 1.424122 -3.601432 1.495198 -0.465794 2.221291 -0.746678 1.572292 0.388337 1.172408 -0.040775 -0.828817 0.134627 1.263598 0.835185 3.230353 0.851212 1.270728 4.204459 0.132253 1.071117 -1.206282 0.083915 3.283829 0.623395 2.902340 -2.129856 -2.801691 0.615051 -2.739277 5.000000
19 53.9414105714 2.0000000000 1.0000000000 1.8885656261 1.0000000000 6.3136043757 0.9982444337 3.1957558344 0.0651759428 2.7101214364 0.0552716568 10.2128553528 -1314.3270178925 27.6289833043 7.0493224633 -0.807720 2.535315 -0.001944 -2.937143 -2.953905 -2.040222 -0.066806 -2.011598 -1.649193 -0.795568 2.654644 -1.568018 0.787864 -1.051529 -1.465184 -0.475502 0.186065 -0.068610 1.571162 -1.220188 -3.142983 -1.944869 1.838095 -1.680563 3.907263 -1.047326 -1.416165 2.845654 -0.729091 -1.638598 -1.943481 0.884036 -0.105930 -2.239990 3.101785 -1.712808 -0.964702 -2.996608 0.551065 1.516406
24 48.4019051880 2.0000000000 1.0000000000 1.8885656261 1.0000000000 6.3136043757 0.9982444337 3.1957558344 0.0651759428 2.7101214364 0.0552716568 10.2128553528 -1314.3270178925 27.6289833043 7.0493224633 -0.517423 1.235122 0.724692 -3.152342 2.710647 1.891378 -0.789874 0.404256 2.107921 1.576267 1.447477 -0.662312 -0.819431 0.469137 2.203305 1.208836 -1.813793 3.011976 -0.616912 -0.249909 -3.878099 -0.979112 1.966584 3.663585 5.000000 -2.583198 0.116397 0.542420 4.575136 -1.143022 -3.587736 0.094828 -0.384230 2.189927 1.512671 1.842100 -1.298721 -3.838890 1.117838 0.396440
78 46.9583333753 2.0000000000 1.0000000000 1.6683004788 5.0000000000 6.2702033084 0.9912680517 5.1778146081 -0.0783389300 4.6665524846 -0.0733233849 26.8097641154 -1199.6565322362 26.3941286312 6.7384772820 -4.389558 1.373830 -4.642173 -0.948978 0.473728 1.995340 -3.526225 -5.000000 2.971554 4.500511 2.737245 -1.058871 1.570242 0.157236 1.501277 -2.324429 -4.534679 0.479817 2.151825 0.711002 -2.789574 2.066610 2.720463 0.280202 2.556365 -2.520218 -0.944351 1.313785 3.230742 1.832522 -0.937142 2.922763 -1.900637 -1.816731 1.617421 -1.542303 -1.319151 -2.383556 2.139390 -1.678217
122 39.6910545218 2.0000000000 1.0000000000 1.6173281714 8.0000000000 6.2374468775 0.9859613233 5.9785852840 -0.0437013330 5.5997273323 -0.0458374774 35.7434819979 -1097.7857562597 23.2429765935 5.9225572266 -5.000000 1.675887 1.578052 -3.834019 -0.719108 -2.294520 -1.361975 -2.989195 1.491713 1.030592 5.000000 -0.714574 3.258036 -5.000000 0.290426 1.293437 -2.493740 1.115588 2.373502 -5.000000 -5.000000 2.025052 4.691882 -4.303849 1.595065 -2.139832 -2.473163 1.959193 2.023594 4.584798 -5.000000 3.366987 -2.784369 -2.563414 -1.022300 1.433998 -0.786837 -2.374736 1.504034 1.481192
869 33.6113809024 2.0000000000 1.0000000000 0.8380087688 57.0000000000 5.7284793525 0.9034559563 5.4217217132 -0.1396631490 4.9049102903 -0.1186705434 29.3950663354 -684.0191510941 25.7659240761 6.5259757959 0.922620 2.784154 -4.699385 1.768080 1.787068 3.355353 -0.971627 -3.244480 -1.976997 -1.192088 3.456879 -0.235191 3.847830 -2.935294 5.000000 -2.496937 -3.171944 -4.895543 3.947311 -0.259858 -1.291750 4.005025 2.535127 -2.048931 2.691648 -1.617508 -2.187639 -1.157298 2.823864 1.583790 -3.173417 0.498324 -2.160519 2.670121 2.530154 -2.240791 1.892776 -0.389980 0.917915 2.050341
1005 91.8000181256 2.0000000000 1.0000000000 0.7461114424 67.0000000000 5.6287313088 0.8872195403 5.5021416565 -0.0434205789 4.8725397996 -0.0430088243 30.2735628084 -592.0908148960 25.6307382520 6.5419219406 -1.884528 3.193762 -1.780950 2.151266 0.392405 4.724286 -0.725281 -3.320804 -2.053016 -2.120617 4.367062 -2.495226 3.949592 -1.976488 3.164788 -1.602586 -3.624193 -4.967147 3.030068 0.394143 -1.759587 4.336634 3.158419 -2.551109 3.884540 0.723888 -2.036755 0.551977 2.188146 2.510057 -3.411941 -0.261729 -2.584856 4.828221 1.947892 -2.326644 4.033273 -2.370869 0.290961 2.804117
evaluations raw_y rep iid sigma t d_norm d_mean ps_norm ps_mean pc_norm pc_mean ps_squared loglikelihood mhl_norm mhl_mean x0 x1 x2 x3 x4 x5 x6 x7 x8 x9 x10 x11 x12 x13 x14 x15 x16 x17 x18 x19 x20 x21 x22 x23 x24 x25 x26 x27 x28 x29 x30 x31 x32 x33 x34 x35 x36 x37 x38 x39
1 79.6498530437 3.0000000000 1.0000000000 0.7461114424 67.0000000000 5.6287313088 0.8872195403 5.5021416565 -0.0434205789 4.8725397996 -0.0430088243 30.2735628084 -592.0908148960 25.6307382520 6.5419219406 3.577257 0.873020 0.192995 -3.726985 -0.554776 -0.709518 -0.165483 -1.254001 -0.087636 -0.954436 -2.627730 1.769245 1.762636 3.419146 0.100067 -0.809355 -1.090720 -3.092955 1.964735 -2.202135 -2.370093 -0.411300 2.972297 0.473433 -2.047570 -1.425986 1.250490 -0.321027 -1.537673 -0.460061 1.490113 3.952222 -2.488247 -1.252834 -1.607532 -4.838166 -1.847584 -2.047752 2.247956 -0.263828
3 65.4251098037 3.0000000000 1.0000000000 0.7461114424 67.0000000000 5.6287313088 0.8872195403 5.5021416565 -0.0434205789 4.8725397996 -0.0430088243 30.2735628084 -592.0908148960 25.6307382520 6.5419219406 -2.741338 0.477126 1.228154 -1.675825 0.290126 2.335765 -0.048209 -1.777315 -5.000000 -1.943681 -1.182157 -1.032835 -1.919992 0.754590 -1.149417 -0.218909 1.358143 -1.710874 -0.600412 4.316299 1.748571 -2.587073 -0.159482 1.128971 2.466942 0.297973 -1.061164 -1.461053 1.290124 0.626121 -1.033296 -0.378143 -0.832396 1.449315 -1.379921 0.972829 1.703038 0.972499 -1.668480 2.689985
22 57.7968477307 3.0000000000 1.0000000000 1.8643781693 1.0000000000 6.3091472294 0.9975394782 2.5011187582 -0.0556044072 2.1210430061 -0.0471546338 6.2555950428 -1287.7073800259 27.0404484958 6.9027607090 0.233343 -0.170959 0.486755 -4.325776 -4.029272 -2.245054 -0.572891 3.956636 -0.509471 -0.109574 -0.433576 1.600040 3.029960 -1.826396 0.129239 -1.850223 -2.464531 -3.710472 -3.149602 -2.344151 -1.013379 -3.364775 -0.638572 -2.579710 -1.175475 -1.511398 -0.361255 0.343284 1.985388 -0.579941 2.646417 -0.546358 -0.972554 2.255968 -0.921660 -0.867781 1.642634 -1.311321 -0.365880 0.528102
28 51.8193873025 3.0000000000 1.0000000000 1.8643781693 1.0000000000 6.3091472294 0.9975394782 2.5011187582 -0.0556044072 2.1210430061 -0.0471546338 6.2555950428 -1287.7073800259 27.0404484958 6.9027607090 -1.216196 2.401459 -2.048754 -0.102385 -0.159326 -0.507664 -0.464812 0.283833 -2.058787 -1.543918 -1.422808 0.401474 -2.592041 -1.089263 -2.021966 0.550960 -0.323136 -0.178628 1.793754 -0.180063 -1.753947 2.557334 -1.897886 0.001868 -3.466898 1.480294 0.514350 2.136790 -1.171234 3.706749 -0.690849 -1.133393 -1.009531 5.000000 0.348480 1.463495 1.960883 2.180024 -3.705936 1.881216
90 49.4314806351 3.0000000000 1.0000000000 1.5886721860 5.0000000000 6.2590550359 0.9895247594 4.3428808001 0.0139191937 3.9166676906 0.0000496287 18.8606136440 -1121.7735191928 24.5821691537 6.2880204755 -1.617002 2.182405 2.111734 0.891589 0.509046 -1.345316 -2.133027 1.147451 -0.603479 -3.025585 1.295877 3.399299 -0.876011 -0.059597 -0.313686 0.889798 -5.000000 1.546768 -3.130558 -3.011232 1.231659 -0.238843 -0.952639 1.548657 -4.568096 1.065104 -5.000000 1.326903 -0.528092 2.249941 1.125382 -2.443122 -2.950667 4.092536 0.586398 -0.864105 3.582547 3.901625 -4.470936 2.470085
163 47.0986396335 3.0000000000 1.0000000000 1.4351598913 10.0000000000 6.2029190190 0.9804823700 5.2679384197 0.0776969307 4.9110052296 0.0649609616 27.7511751942 -1075.7332315919 25.4970966805 6.5234442161 -3.502948 -2.932982 0.296167 -1.662010 -0.623555 -4.860759 -1.293042 1.872940 3.340062 -4.262819 1.080784 3.058635 0.695500 2.183791 1.197222 0.840770 -1.444763 2.104213 -1.036566 -0.053148 -0.093251 -2.187621 0.243981 1.791150 -1.889490 -0.020951 0.792974 4.085131 -0.776872 3.761207 1.775635 1.587909 -0.646665 1.984237 3.054113 -0.317094 1.848438 1.157306 -3.195105 -0.456239
192 43.2361062353 3.0000000000 1.0000000000 1.3783048652 12.0000000000 6.1806510471 0.9769076209 5.0951170847 0.2064461732 4.7478602968 0.1781979926 25.9602181067 -1055.6531841099 25.7962766665 6.5803784478 -1.769881 -3.895027 1.007299 -0.989237 -2.342848 -4.617692 -2.699143 0.078799 0.287447 -3.808866 0.183234 1.928102 -3.737501 3.448748 2.440806 4.198830 -5.000000 3.564980 -0.462973 -2.022228 -2.410190 -1.806316 1.126300 1.897587 -1.455865 -1.630601 1.217571 2.180779 -2.719207 1.851040 -0.211922 1.443033 0.148768 2.042657 3.275843 1.113212 3.491872 3.660594 -0.608990 3.082902
320 42.2947691185 3.0000000000 1.0000000000 1.1816633306 21.0000000000 6.0807047556 0.9607810547 5.7648225784 0.2367652729 4.9993654077 0.2134810439 33.2331793609 -953.7374268022 26.0161863650 6.6307197044 -3.225041 -1.145006 0.862741 -3.751802 -0.846521 -2.608562 0.672883 -1.934194 1.501246 0.015278 2.021196 3.852214 1.874515 -0.414217 2.250001 -1.169998 -0.837878 1.078170 -2.082713 -2.419717 -1.654337 -0.582732 0.728424 2.778974 -2.462395 -0.003616 -1.143242 2.263269 -1.673133 4.809038 0.751517 -0.872764 3.136016 -0.839933 3.312476 -2.765118 1.953746 4.854556 1.002936 0.547006
1005 88.2362999438 3.0000000000 1.0000000000 0.9590295010 67.0000000000 5.6561103804 0.8909192219 5.3615995821 -0.2166348177 4.8752459284 -0.1775619867 28.7467500792 -759.0485608633 26.0244741303 6.5949680926 -0.135114 -3.500842 -1.011374 0.604601 1.716683 -5.000000 1.047875 -3.250525 -0.570156 3.639938 -1.930062 3.754216 0.390181 -1.565424 4.595547 -1.469416 1.999137 2.671201 3.597138 -2.232555 -0.506668 -4.210036 1.030998 -2.061707 -1.029707 0.304798 1.243722 -1.547360 -5.000000 3.569559 4.548071 -3.210319 3.383750 -1.270365 -3.440801 3.613333 0.742127 2.827283 0.584617 3.697647
evaluations raw_y rep iid sigma t d_norm d_mean ps_norm ps_mean pc_norm pc_mean ps_squared loglikelihood mhl_norm mhl_mean x0 x1 x2 x3 x4 x5 x6 x7 x8 x9 x10 x11 x12 x13 x14 x15 x16 x17 x18 x19 x20 x21 x22 x23 x24 x25 x26 x27 x28 x29 x30 x31 x32 x33 x34 x35 x36 x37 x38 x39
1 53.5886002162 4.0000000000 1.0000000000 0.9590295010 67.0000000000 5.6561103804 0.8909192219 5.3615995821 -0.2166348177 4.8752459284 -0.1775619867 28.7467500792 -759.0485608633 26.0244741303 6.5949680926 0.101123 0.999903 -1.991818 1.387197 -0.836603 -3.169154 -1.295414 1.197150 0.664500 -2.294953 1.237339 -0.175974 0.850145 0.664506 -2.313633 0.701994 -1.213775 3.093959 1.446683 0.092271 -1.965983 0.108865 0.319786 -2.417896 4.446720 0.788590 3.384715 -2.225624 3.271495 -2.721931 -1.302452 1.084903 0.096012 -4.716147 -2.211168 1.675673 4.175742 1.829682 -0.552407 1.593024
53 52.5891174577 4.0000000000 1.0000000000 1.7563250636 3.0000000000 6.2853550174 0.9937418812 4.8117386995 0.1747223441 4.2127124631 0.1505686155 23.1528293119 -1206.8124906507 25.4046182708 6.4620116470 1.752533 0.958275 -0.267768 0.876940 -2.413277 -3.839835 0.236103 2.304437 1.764811 0.891165 2.905471 0.843970 0.576883 4.667235 0.091085 5.000000 1.120603 -2.008932 3.539294 1.422421 -1.952910 -3.539356 2.244772 -1.411947 1.381947 0.223346 1.460007 -1.721228 1.883568 0.907945 0.365301 -0.224803 -2.909721 -1.292070 2.070277 2.452452 1.204966 -2.425917 -2.543422 2.541635
58 43.0529836439 4.0000000000 1.0000000000 1.7563250636 3.0000000000 6.2853550174 0.9937418812 4.8117386995 0.1747223441 4.2127124631 0.1505686155 23.1528293119 -1206.8124906507 25.4046182708 6.4620116470 1.651638 1.486738 -0.144011 1.823947 -0.653016 -0.218577 -0.949428 4.421362 0.148067 -3.028180 -2.693394 -0.717057 5.000000 5.000000 -3.840061 1.501512 -3.008731 -4.310151 -0.660981 1.701787 -3.397989 -0.972904 0.320998 -1.229892 0.151995 1.129707 -1.632086 -1.658986 3.357646 0.393837 -2.090849 0.902785 0.076162 0.271992 -2.132110 3.507714 2.134598 -2.761587 -0.404676 1.224024
59 43.0365026869 4.0000000000 1.0000000000 1.7563250636 3.0000000000 6.2853550174 0.9937418812 4.8117386995 0.1747223441 4.2127124631 0.1505686155 23.1528293119 -1206.8124906507 25.4046182708 6.4620116470 2.344251 2.024336 -1.259140 3.685451 -2.311073 -1.289863 -1.350107 -1.092265 1.602003 0.946990 -1.035615 2.329660 4.289710 2.622232 -3.511655 4.480656 -2.133474 -1.870504 0.293339 1.343910 -4.923561 0.097325 1.592521 -1.367608 1.867420 -0.804281 0.280849 0.131912 3.017403 -1.149978 -2.224663 -1.210436 -0.046896 -3.728881 1.565814 2.777173 1.770139 0.118086 -4.313703 2.321739
226 32.1163514452 4.0000000000 1.0000000000 1.3011655526 15.0000000000 6.1439615146 0.9710385770 5.6142064789 -0.2151799676 4.9048395890 -0.1824083534 31.5193143873 -988.3224007092 24.7051123341 6.3353613168 1.064584 1.684005 4.317358 0.255268 -1.314844 1.209481 -0.389587 4.688180 0.859850 -3.135256 -2.755005 -3.020161 -0.486841 4.060438 -1.928676 -4.877684 0.398423 -1.560543 1.020422 1.304177 -1.862947 -1.255253 0.549029 -1.294275 1.504827 2.852121 2.033641 -1.269424 -2.058912 -0.145753 -1.508750 -0.206403 0.691544 -4.584321 -2.070663 1.772429 1.649950 -3.409310 -2.903465 -1.510243
1005 73.2158107635 4.0000000000 1.0000000000 0.7580301974 67.0000000000 5.6262681346 0.8866432259 5.5074860820 -0.0527703630 4.9070258813 -0.0029647685 30.3324029429 -600.4108781390 25.6270884989 6.5164558641 2.013509 0.938457 0.564017 5.000000 0.953474 -0.597961 -2.114463 5.000000 4.032583 -2.903672 1.134584 -2.624542 1.161006 2.543947 -0.058148 2.159535 4.223390 -5.000000 -0.724294 0.903768 -3.302073 -1.834240 0.954529 0.447599 4.211478 -0.038255 1.136452 0.040318 2.687429 -2.067928 2.776407 4.636602 1.339592 -2.745917 1.130678 -1.502543 2.832491 -4.841249 0.088295 -3.887594
evaluations raw_y rep iid sigma t d_norm d_mean ps_norm ps_mean pc_norm pc_mean ps_squared loglikelihood mhl_norm mhl_mean x0 x1 x2 x3 x4 x5 x6 x7 x8 x9 x10 x11 x12 x13 x14 x15 x16 x17 x18 x19 x20 x21 x22 x23 x24 x25 x26 x27 x28 x29 x30 x31 x32 x33 x34 x35 x36 x37 x38 x39
1 85.9743678388 5.0000000000 1.0000000000 0.7580301974 67.0000000000 5.6262681346 0.8866432259 5.5074860820 -0.0527703630 4.9070258813 -0.0029647685 30.3324029429 -600.4108781390 25.6270884989 6.5164558641 0.882455 -0.661740 4.861542 -0.504184 0.219220 3.164962 -1.818465 -1.183273 0.375206 -0.659740 -2.385529 -0.409753 -0.717658 1.206943 -3.329577 -1.400358 2.302782 3.714662 -3.022359 1.289695 -1.961216 -1.713706 -1.743758 -0.845016 1.992880 1.424843 0.118288 -0.726622 0.006578 -0.211861 1.586107 -1.263143 -0.012390 -0.202135 -0.104616 0.498435 0.395320 2.669697 -0.173751 3.123065
3 75.5429470028 5.0000000000 1.0000000000 0.7580301974 67.0000000000 5.6262681346 0.8866432259 5.5074860820 -0.0527703630 4.9070258813 -0.0029647685 30.3324029429 -600.4108781390 25.6270884989 6.5164558641 4.177029 0.693839 1.491454 1.553815 2.036842 2.122703 -1.420933 -0.430376 -1.521521 -1.422326 2.283015 -1.003511 -0.158303 -1.385653 -1.186806 1.576476 -0.890860 -0.964240 0.987115 1.000975 1.584845 0.341529 -3.507482 1.260593 0.996658 2.036275 -1.692937 5.000000 -2.464772 1.453907 0.091910 -0.974265 1.632265 -0.562860 -4.671244 -2.334557 0.915316 4.475931 -2.962518 -0.033891
12 71.1793034914 5.0000000000 1.0000000000 0.7580301974 67.0000000000 5.6262681346 0.8866432259 5.5074860820 -0.0527703630 4.9070258813 -0.0029647685 30.3324029429 -600.4108781390 25.6270884989 6.5164558641 -0.140262 -3.011046 -0.210160 2.593642 1.434385 1.395542 -1.608996 -0.290104 0.404646 1.357399 2.685024 -1.998661 3.399096 -0.572432 -0.503274 -2.416894 -0.135590 -0.456372 -2.469009 -0.582767 0.242714 -0.822868 1.558521 -2.049369 1.779764 -0.371965 0.744540 -3.690370 0.258292 -0.123800 1.871416 -2.359806 2.728083 -2.165262 2.633388 1.156391 -1.508923 4.339523 -2.391249 -0.343948
14 59.7977016042 5.0000000000 1.0000000000 0.7580301974 67.0000000000 5.6262681346 0.8866432259 5.5074860820 -0.0527703630 4.9070258813 -0.0029647685 30.3324029429 -600.4108781390 25.6270884989 6.5164558641 0.410019 -0.359302 -2.067932 1.051075 -0.963341 -1.376832 1.318386 -0.167203 -1.399027 1.878576 -1.180835 -0.062702 1.468445 1.887419 2.400320 3.313488 0.089966 -1.596353 3.296068 2.783215 -0.598723 1.402410 -0.755203 -3.114602 2.076351 0.692104 0.244764 3.380012 2.865424 -1.283247 -2.217052 -3.789407 0.012445 -0.772249 0.726394 0.025697 -1.312665 -0.808699 -3.116013 2.456760
38 55.6961344494 5.0000000000 1.0000000000 1.8053143046 2.0000000000 6.2987795826 0.9958806374 4.1236813585 0.1282358798 3.5390500029 0.1085241602 17.0047479468 -1266.4748678337 26.9590191253 6.8705754304 1.224293 0.012972 2.901894 2.472076 -0.782065 2.045841 0.287227 0.711891 0.913868 1.710237 1.298792 0.897348 2.685223 1.567848 -4.627635 4.852285 2.325842 -0.708570 2.773776 0.893129 1.739099 0.711186 2.500806 -3.504343 1.373972 0.085157 1.041667 -1.237335 0.549935 0.463571 -0.252513 1.437781 -4.696147 -1.758564 0.016139 -0.267131 -0.681623 0.212013 -2.438116 0.171812
136 50.5538863547 5.0000000000 1.0000000000 1.4553694115 9.0000000000 6.2180054714 0.9829385858 4.2848308386 -0.0204788639 3.8389452358 -0.0170827757 18.3597753156 -1105.3523047207 26.2483865302 6.7322808136 -1.346998 2.271561 2.120226 2.514229 0.710526 0.250151 0.143125 0.985977 2.993531 0.496244 0.043248 -0.706373 0.314755 -2.765063 -0.398331 0.689056 1.581933 1.486634 -0.118672 -1.018757 0.246814 0.451988 2.667735 -0.718375 -2.276388 -2.189859 -1.468630 -1.506164 -3.173055 1.524918 0.230460 -1.384257 1.181303 -3.099478 -0.750356 1.406890 -1.305413 2.760347 -0.572219 0.229778
233 37.1942464889 5.0000000000 1.0000000000 1.2641568465 15.0000000000 6.1549767919 0.9727862120 5.8772261540 0.0472747346 5.2685578525 0.0336671857 34.5417872650 -982.9940785850 25.1981678991 6.4450401411 1.025531 0.134288 5.000000 1.525929 -0.503006 -1.977967 1.053564 0.730885 -1.401950 -1.333390 3.604274 -0.215435 1.651775 1.382753 3.126448 0.844909 3.009434 -4.428510 -0.060651 0.114259 -0.000254 2.428192 4.462994 1.691825 0.229858 -3.191411 1.391633 1.745064 0.203271 1.418839 -4.629674 -1.119515 1.662974 -5.000000 0.710703 0.440495 0.505442 3.349203 -2.296153 0.342416
1005 82.0717546330 5.0000000000 1.0000000000 0.9995835201 67.0000000000 5.6495737765 0.8901505862 5.8648100480 -0.3125292079 5.1234727112 -0.2497545496 34.3959968994 -747.9114963210 24.5196739211 6.2748164014 1.436486 1.138507 3.772102 -1.347505 0.764500 -3.377135 -3.604049 -1.257766 -0.437032 -4.881136 1.856813 0.250881 -3.764298 -2.673159 -1.880471 4.022585 -2.251027 1.084379 -1.641676 3.466495 1.000416 1.745501 3.707089 -2.666546 -3.962814 4.302329 1.142059 -2.840823 -3.219056 -5.000000 -5.000000 -3.357224 0.795216 1.550165 -0.293579 -1.268581 -0.669430 4.185591 0.432127 -2.226373
evaluations raw_y rep iid sigma t d_norm d_mean ps_norm ps_mean pc_norm pc_mean ps_squared loglikelihood mhl_norm mhl_mean x0 x1 x2 x3 x4 x5 x6 x7 x8 x9 x10 x11 x12 x13 x14 x15 x16 x17 x18 x19 x20 x21 x22 x23 x24 x25 x26 x27 x28 x29 x30 x31 x32 x33 x34 x35 x36 x37 x38 x39
1 62.7013859511 6.0000000000 1.0000000000 0.9995835201 67.0000000000 5.6495737765 0.8901505862 5.8648100480 -0.3125292079 5.1234727112 -0.2497545496 34.3959968994 -747.9114963210 24.5196739211 6.2748164014 -0.623567 1.458008 0.435642 -1.798184 -4.973561 1.826503 2.254127 -3.028186 3.278582 -0.859787 5.000000 1.203644 -0.671763 2.475476 0.222256 0.258302 0.152255 -0.310256 1.268451 1.621310 0.709617 3.625181 -2.712952 -0.927264 1.649308 -2.352863 3.128979 1.425410 -0.362013 1.068399 -1.173226 -2.963707 1.714495 1.886198 0.228883 -0.043913 -4.254289 -1.668815 -0.931017 0.467421
2 59.7078385328 6.0000000000 1.0000000000 0.9995835201 67.0000000000 5.6495737765 0.8901505862 5.8648100480 -0.3125292079 5.1234727112 -0.2497545496 34.3959968994 -747.9114963210 24.5196739211 6.2748164014 2.770070 -1.039254 -1.560304 1.911219 -0.253473 -2.737226 2.436961 -1.715003 -1.122942 -2.067040 0.717542 2.147363 -0.751009 0.792735 -0.942893 4.673216 3.005571 -1.190919 1.056682 1.879650 0.852571 -1.516314 -0.324734 1.453620 0.888166 -1.713645 0.893857 -2.029296 -4.264647 0.347726 1.902403 0.883795 2.938035 3.499033 0.707061 -1.286675 -0.094474 -2.898080 -0.072380 -0.181694
4 56.1442087884 6.0000000000 1.0000000000 0.9995835201 67.0000000000 5.6495737765 0.8901505862 5.8648100480 -0.3125292079 5.1234727112 -0.2497545496 34.3959968994 -747.9114963210 24.5196739211 6.2748164014 0.573759 0.103719 0.103102 -0.439175 -1.106513 -0.747822 -2.368834 -1.056346 -1.327068 -0.867473 -0.890488 -0.283918 0.904802 -0.618925 0.181594 0.540533 -0.628984 -0.289951 0.710741 -3.397839 1.314515 -0.944751 -5.000000 1.067683 -2.402703 1.783305 -1.969456 -0.421254 1.332316 -1.592496 -1.990840 -0.228254 2.740363 2.199307 2.801163 0.769416 0.976568 2.140619 1.137107 -1.609931
51 50.0408771914 6.0000000000 1.0000000000 1.7695819759 3.0000000000 6.2870444050 0.9940017360 5.0880443902 0.0687258943 4.4825815551 0.0614913859 25.8881957162 -1219.2217131712 25.7091664841 6.5843225583 -1.613691 1.626676 2.277745 2.627167 -0.706289 -4.423435 1.948294 -4.039192 -0.311696 -2.548944 -1.415677 4.095738 1.103786 2.510426 -4.109149 -0.770776 1.741147 0.879229 2.470841 -0.815526 1.296074 -0.096324 -2.678627 -1.618607 -0.158633 4.743606 -1.594878 -2.302498 -0.117848 -0.939073 -2.209095 -0.191083 1.087138 5.000000 2.182503 -1.249311 2.892796 0.963147 -2.863849 -0.149062
158 44.2672789239 6.0000000000 1.0000000000 1.6503652242 10.0000000000 6.2167256107 0.9825833595 6.1626607705 -0.0121579664 5.8676073900 -0.0234339251 37.9783877724 -1142.5222015791 24.6944267969 6.3539431532 0.264000 4.286826 1.038596 1.009096 -1.371634 1.037829 -0.579111 -0.787539 -2.530318 -3.266751 -2.257553 1.774566 1.725881 1.327164 -4.929389 -0.106878 4.545547 -5.000000 2.151842 -3.482816 3.775086 -5.000000 -0.171477 -3.648731 -0.381718 -0.106198 -1.506825 -4.101486 1.729276 0.908469 -5.000000 3.696947 3.839959 2.865078 2.942917 1.498049 -2.939623 0.952192 -2.943354 -1.925905
292 37.7789238843 6.0000000000 1.0000000000 1.3490179777 19.0000000000 6.1154114860 0.9662364896 5.6450109640 -0.1350887586 4.9671827716 -0.1188986071 31.8661487839 -987.5007200147 23.9795707093 6.1164154670 -3.143304 1.872472 0.239275 0.577961 -1.251595 1.113586 -1.462450 -1.789465 0.242038 -2.939393 -1.796327 -0.504309 1.519895 1.893206 -1.446359 2.703119 3.534938 -2.200010 1.129740 -3.789841 2.876195 -4.449330 -3.401257 -0.222667 0.746689 -3.173426 -0.656821 -1.320503 0.736038 -1.896034 -1.524726 3.643148 -1.199888 1.697824 1.568234 -0.294881 2.743381 -1.690486 -0.629207 -3.133305
1005 80.6060067199 6.0000000000 1.0000000000 0.9285199276 67.0000000000 5.6440333419 0.8895450775 7.1434262677 0.0799530275 6.1678981158 0.1098292959 51.0285388426 -716.4826897427 25.0427095085 6.4150238357 -0.237679 1.230754 -2.054476 0.253235 -5.000000 -0.399376 -3.895557 2.640753 1.769395 1.099164 -1.391376 2.151601 3.002319 2.656822 0.415934 1.471061 -3.695636 -1.959166 1.223607 -1.974241 2.936516 -3.845999 -3.251006 3.084906 2.755561 -2.446393 -4.266182 -4.171440 3.378465 -2.358466 0.164095 -1.022494 -0.994790 -0.495304 5.000000 -3.474782 1.838458 -5.000000 2.133929 -0.662780
evaluations raw_y rep iid sigma t d_norm d_mean ps_norm ps_mean pc_norm pc_mean ps_squared loglikelihood mhl_norm mhl_mean x0 x1 x2 x3 x4 x5 x6 x7 x8 x9 x10 x11 x12 x13 x14 x15 x16 x17 x18 x19 x20 x21 x22 x23 x24 x25 x26 x27 x28 x29 x30 x31 x32 x33 x34 x35 x36 x37 x38 x39
1 110.8618686130 7.0000000000 1.0000000000 0.9285199276 67.0000000000 5.6440333419 0.8895450775 7.1434262677 0.0799530275 6.1678981158 0.1098292959 51.0285388426 -716.4826897427 25.0427095085 6.4150238357 3.381051 -0.931875 0.065640 0.815033 -1.577846 0.004131 -0.001781 -3.509449 2.035316 1.200997 -1.250858 -0.343097 1.010599 -0.522713 -0.485498 -2.906483 1.109161 0.247762 0.548920 -3.053049 3.301399 0.308671 -0.774280 4.058144 -0.090772 -2.901357 -0.810456 -4.576630 2.098793 -0.832949 -1.485107 2.144940 -3.302151 1.070859 -4.128830 -1.324319 -2.408440 2.923951 3.532322 -0.658828
2 88.5856938117 7.0000000000 1.0000000000 0.9285199276 67.0000000000 5.6440333419 0.8895450775 7.1434262677 0.0799530275 6.1678981158 0.1098292959 51.0285388426 -716.4826897427 25.0427095085 6.4150238357 1.681466 -0.359973 1.136124 -1.505674 -3.416678 -3.606197 0.766244 4.495190 0.538823 -1.049209 3.824038 0.474604 0.202868 0.505155 -0.264754 -0.618953 -2.869927 1.003248 -0.189551 2.386172 -0.737637 -3.812740 -0.199221 3.399075 -0.766846 -1.779714 -2.387184 -2.100034 -0.600387 -2.359964 2.995278 -0.565270 0.217297 2.876479 3.006637 -0.425466 0.663948 1.470053 -0.385711 -3.556026
3 62.2868366914 7.0000000000 1.0000000000 0.9285199276 67.0000000000 5.6440333419 0.8895450775 7.1434262677 0.0799530275 6.1678981158 0.1098292959 51.0285388426 -716.4826897427 25.0427095085 6.4150238357 1.309411 1.788705 0.831005 -1.847089 -0.392055 -1.181540 -0.599422 2.593770 3.059159 1.338836 1.097490 1.353258 -0.024484 -0.151327 -1.347290 -0.111735 4.519894 1.738079 -0.684234 -0.943853 -1.728980 0.748741 0.783091 -2.886243 0.972670 -1.138945 2.853442 0.313688 3.435460 -0.916254 -0.575968 0.599617 2.111897 1.131765 -2.467048 0.365801 0.044489 -0.858137 -1.296211 3.495154
4 46.9064190377 7.0000000000 1.0000000000 0.9285199276 67.0000000000 5.6440333419 0.8895450775 7.1434262677 0.0799530275 6.1678981158 0.1098292959 51.0285388426 -716.4826897427 25.0427095085 6.4150238357 -0.780773 -1.691845 1.274226 0.261246 -0.151628 1.562604 0.977251 0.724380 1.928401 0.567273 -1.233844 -0.724564 -1.041945 0.419444 -2.155970 -3.664852 0.176310 -2.673041 -3.903956 0.746662 -1.422106 0.992251 -1.061708 -2.243925 -2.487035 -1.029854 -0.546766 -1.646920 -0.562216 -3.072205 0.028978 -3.587297 -0.387713 1.394588 2.183878 3.428760 -3.112575 1.517450 2.412564 1.961114
476 44.7086698985 7.0000000000 1.0000000000 0.9604588192 31.0000000000 5.9802924885 0.9444826640 5.4770715590 -0.2258420896 5.0670858613 -0.2187044494 29.9983128621 -792.0470921321 25.1900453302 6.4344372258 3.828585 -1.778223 2.186485 -3.659836 -1.139838 -2.251475 0.083475 1.894373 2.319716 3.959038 -1.974615 -3.862684 1.553915 1.128164 1.238553 -1.716601 -3.818143 0.750202 -4.049007 -2.651933 -3.385352 1.721873 -0.976438 1.975629 -4.710769 -3.785656 -1.204454 2.554628 2.092326 -3.376162 1.357554 3.334053 -5.000000 -2.229652 -1.428358 -0.001587 0.548972 -1.684908 3.659781 -4.696858
777 34.7988596917 7.0000000000 1.0000000000 0.6615424835 51.0000000000 5.7710425792 0.9106996941 5.6874595242 0.0351989014 4.9820748190 0.0410203143 32.3471958396 -562.3209412267 26.2969299463 6.7291702979 3.716018 -3.134169 2.651368 -2.079421 -0.761752 -1.738852 1.520564 3.175906 4.009125 3.940251 -0.555048 -3.866467 1.850701 0.660401 1.877602 -2.090245 -2.013080 3.488955 -2.620239 -2.956225 -3.765295 1.998369 -1.689684 1.146792 -0.668036 -0.197977 0.778407 0.263679 1.162293 -3.293403 -0.923978 0.388671 -4.691165 -3.216996 -1.002042 -1.073873 1.117620 -1.760187 0.870807 -5.000000
1005 78.1599055105 7.0000000000 1.0000000000 0.6047211486 67.0000000000 5.6046015781 0.8835286134 5.9341604742 -0.1050314439 5.0878072628 -0.1055344053 35.2142605338 -438.8749838802 24.4044613950 6.2292103930 3.253085 -3.358615 -0.035691 -3.449246 -1.065374 -3.663196 1.854267 2.479579 4.704707 0.715893 -1.785969 -5.000000 2.311987 -0.717826 3.421510 -0.196484 -1.675230 2.919562 -3.803311 -2.750774 -4.722009 3.174970 -1.012516 0.459425 -0.829441 1.615374 -0.303080 1.126541 2.491466 -4.673111 -3.275608 1.793312 -4.572107 -4.001483 -1.482887 -0.150246 -0.045764 -2.731993 1.951718 -4.234033
evaluations raw_y rep iid sigma t d_norm d_mean ps_norm ps_mean pc_norm pc_mean ps_squared loglikelihood mhl_norm mhl_mean x0 x1 x2 x3 x4 x5 x6 x7 x8 x9 x10 x11 x12 x13 x14 x15 x16 x17 x18 x19 x20 x21 x22 x23 x24 x25 x26 x27 x28 x29 x30 x31 x32 x33 x34 x35 x36 x37 x38 x39
1 87.2888680328 8.0000000000 1.0000000000 0.6047211486 67.0000000000 5.6046015781 0.8835286134 5.9341604742 -0.1050314439 5.0878072628 -0.1055344053 35.2142605338 -438.8749838802 24.4044613950 6.2292103930 0.182409 2.182565 -3.893941 -2.772699 -4.592983 4.819669 3.455672 4.409113 1.589655 1.952842 -2.366854 3.832727 -2.246654 -1.328071 -0.756717 -1.583231 1.719096 -0.461578 -0.131322 -0.417272 2.693737 -1.213906 -0.348496 0.848103 -3.291980 -0.967082 1.070937 2.332281 0.323366 -1.345668 2.885048 -0.442961 0.062529 0.363859 -0.125857 -1.083137 0.949037 -2.329182 -1.001819 -0.817122
2 67.8381656077 8.0000000000 1.0000000000 0.6047211486 67.0000000000 5.6046015781 0.8835286134 5.9341604742 -0.1050314439 5.0878072628 -0.1055344053 35.2142605338 -438.8749838802 24.4044613950 6.2292103930 -1.868697 0.169020 0.287382 0.151099 -0.311290 1.101700 3.404060 2.012187 -5.000000 2.279067 -3.739599 -3.558226 0.255526 -2.702036 3.107934 1.393932 -1.622922 -3.286502 0.661318 2.449913 0.192343 3.753631 1.067561 1.596720 -0.612149 0.755948 -0.452956 -3.771489 4.945022 -0.293713 0.231298 2.660861 0.219189 0.430958 0.858140 -2.302531 3.049507 0.721072 -1.221786 1.860492
5 63.5076229021 8.0000000000 1.0000000000 0.6047211486 67.0000000000 5.6046015781 0.8835286134 5.9341604742 -0.1050314439 5.0878072628 -0.1055344053 35.2142605338 -438.8749838802 24.4044613950 6.2292103930 -1.770337 -1.888053 1.469147 5.000000 1.223516 1.315321 0.092092 1.540525 1.186105 -1.866887 0.750866 1.839582 -1.428275 0.749012 2.514398 1.952207 -0.044436 4.131873 2.063813 -0.498669 -3.938112 -0.653937 0.267878 -0.762379 0.049650 3.276221 1.639366 2.692990 -2.749530 0.019262 2.662867 -1.655156 3.869885 -2.549785 -1.313775 3.026456 -4.368461 1.597821 -2.549177 -2.345887
19 61.7474272047 8.0000000000 1.0000000000 1.8691901214 1.0000000000 6.3120319950 0.9979943667 2.6400280308 0.0748132044 2.2388433064 0.0634444180 6.9697480032 -1325.6116953423 28.2697309429 7.2474863329 -1.766099 1.319938 -0.891688 2.988342 1.331616 -1.722602 0.205245 1.051097 -1.359173 -0.716499 -3.419583 0.612733 -0.308052 -3.216780 0.434229 1.331993 -2.448275 -0.773926 1.272460 0.358810 -2.185764 -1.241582 -0.912303 -0.360228 -0.578834 0.075555 3.128427 -3.109597 -3.267432 0.583968 3.645270 0.563727 -0.188936 3.457687 -1.564161 2.483583 1.302023 -2.183007 -2.615719 2.373253
24 55.3769998069 8.0000000000 1.0000000000 1.8691901214 1.0000000000 6.3120319950 0.9979943667 2.6400280308 0.0748132044 2.2388433064 0.0634444180 6.9697480032 -1325.6116953423 28.2697309429 7.2474863329 -0.412832 -1.469458 2.089313 2.076815 -1.098877 -0.149952 0.325069 2.439434 2.556750 1.614873 -0.822615 4.542245 0.772295 4.422100 0.092254 2.304872 1.367055 1.332292 2.285861 4.515273 -2.451877 -2.884607 -0.128336 1.967373 -1.523500 -2.019957 -1.371788 0.412052 -1.610011 0.252099 4.742256 -2.623159 -0.171652 -1.593082 -0.341253 2.374617 -1.219372 1.693816 -0.785615 -1.926082
38 51.7630725122 8.0000000000 1.0000000000 1.7908545267 2.0000000000 6.2995317084 0.9959971886 3.9780807099 0.0577746186 3.4414499652 0.0515926758 15.8251261346 -1218.7781713721 25.3347126913 6.4860261989 -2.677744 -5.000000 3.380861 0.844134 -1.590040 3.973106 0.268219 0.982773 1.012324 1.514621 -1.283261 4.356227 2.283517 1.032492 0.924391 0.476258 2.182201 3.510920 4.293226 -0.352299 0.038024 -0.861546 -2.174889 -2.594218 -1.176704 -1.904409 2.743114 1.026078 0.687561 -0.764143 3.059024 -1.926766 1.605426 1.926950 0.537234 -0.746540 0.413516 0.814754 -2.343199 -1.593957
42 51.1405861870 8.0000000000 1.0000000000 1.7908545267 2.0000000000 6.2995317084 0.9959971886 3.9780807099 0.0577746186 3.4414499652 0.0515926758 15.8251261346 -1218.7781713721 25.3347126913 6.4860261989 -2.827857 -2.269754 0.068412 5.000000 -0.562034 2.815954 0.593998 0.203408 -0.887885 0.748805 -2.145546 2.225270 1.661095 4.320405 2.095973 2.733245 -4.520832 2.650371 1.531622 4.450362 -1.752628 2.314571 1.551309 1.787287 0.520957 -1.197006 0.437711 0.846237 -0.648801 1.402563 2.658493 -3.899087 3.734782 0.032603 -0.855180 2.468915 0.078068 0.525787 -0.295113 -1.392284
198 47.0245013869 8.0000000000 1.0000000000 1.4532261559 13.0000000000 6.1711932893 0.9753584672 4.6058506002 -0.1582687738 4.3732912925 -0.1417166914 21.2138597515 -1050.6949702979 24.3648284447 6.2489880965 -3.873636 -2.323853 -1.710035 1.358505 -4.155659 1.120700 2.897868 -1.612068 -0.223711 1.083947 2.273273 2.590942 3.713777 -1.723872 -0.742195 0.345878 -5.000000 -0.443171 4.333525 2.677597 -2.511966 -0.138642 -1.110696 0.253648 -1.034416 2.300899 -0.232196 1.109810 -1.668977 2.025374 4.700053 -3.795864 -4.917035 0.495940 -0.235326 0.098372 -1.049852 -2.393555 -1.228451 2.185864
224 44.3368947879 8.0000000000 1.0000000000 1.4163096343 14.0000000000 6.1593905790 0.9734555303 4.8985649743 -0.1681184700 4.4937506314 -0.1529586407 23.9959388071 -1067.3517146831 25.7665785947 6.5596968510 -4.419044 -0.277381 0.706971 1.930954 -4.277453 -0.598582 5.000000 0.795987 2.325356 1.887677 -0.541945 -0.255263 4.286875 -2.271581 -0.685920 -3.481194 -0.499903 -0.111401 4.145917 3.116226 -2.406607 -0.012414 -2.267497 1.471345 -2.223187 0.464290 -1.330083 -1.362208 -2.077828 0.547732 2.897118 -1.786908 -3.149317 1.648896 0.976111 1.201521 2.515841 -3.777227 2.642564 0.649632
483 41.1837078443 8.0000000000 1.0000000000 1.0294997468 32.0000000000 5.9557113433 0.9406685897 5.8961043030 0.0228314576 5.0628615466 0.0192387600 34.7640459516 -816.4739268565 24.6290075512 6.2890195869 -3.902155 -3.079736 -4.719556 0.952772 -0.850296 1.940303 3.465231 0.860213 0.436066 3.099005 2.478923 3.110694 1.110109 1.565702 -0.651519 -3.893784 -2.947465 0.082789 3.021076 2.139600 -4.407608 0.893237 -3.776712 2.694087 -1.514864 -0.429324 -4.446017 -2.023883 -0.888818 4.702015 1.558875 -2.054564 -1.271831 1.407582 0.511145 -3.083957 1.991991 -4.773419 4.257961 2.888309
1005 62.0725176784 8.0000000000 1.0000000000 0.8714075433 67.0000000000 5.6130821217 0.8847343756 5.6581257150 0.1242136453 5.1105369834 0.0959655178 32.0143866062 -693.7891132198 26.0347743831 6.6297737285 -1.443525 -1.501082 -3.702603 0.024529 -4.831743 -0.284640 -0.358651 4.600724 2.736901 2.877068 1.437010 -1.500915 1.246523 2.208150 1.221510 -2.970214 0.163007 -1.403275 0.513282 1.158754 -4.770705 3.166578 -4.658085 2.356495 -3.547449 1.507334 -1.907478 2.175185 3.828378 3.307059 1.540636 -4.308547 -2.662458 2.783049 2.765163 -3.064971 1.519020 -2.344349 1.350885 1.016435
evaluations raw_y rep iid sigma t d_norm d_mean ps_norm ps_mean pc_norm pc_mean ps_squared loglikelihood mhl_norm mhl_mean x0 x1 x2 x3 x4 x5 x6 x7 x8 x9 x10 x11 x12 x13 x14 x15 x16 x17 x18 x19 x20 x21 x22 x23 x24 x25 x26 x27 x28 x29 x30 x31 x32 x33 x34 x35 x36 x37 x38 x39
1 74.3995946818 9.0000000000 1.0000000000 0.8714075433 67.0000000000 5.6130821217 0.8847343756 5.6581257150 0.1242136453 5.1105369834 0.0959655178 32.0143866062 -693.7891132198 26.0347743831 6.6297737285 0.002217 -0.579088 -2.232133 -0.025766 -0.756723 -0.962271 -3.034662 -0.981744 -0.481361 -1.295895 1.271782 3.480235 0.593364 1.415007 3.645632 0.861538 3.085459 -1.801442 -0.274250 2.595158 1.350542 0.063916 1.836292 0.761019 1.032735 -0.710479 0.417554 0.656822 -0.996450 -4.183554 -0.165175 4.910365 -5.000000 -1.826559 -0.454629 0.538631 2.260923 2.084795 2.607621 2.778801
3 51.5024997204 9.0000000000 1.0000000000 0.8714075433 67.0000000000 5.6130821217 0.8847343756 5.6581257150 0.1242136453 5.1105369834 0.0959655178 32.0143866062 -693.7891132198 26.0347743831 6.6297737285 -0.931637 -0.554879 0.070999 1.696442 0.325997 2.417247 1.005042 -3.167644 2.046067 -1.306035 1.074090 -0.015954 1.849568 0.093217 0.284040 -3.307323 2.735984 0.050212 -0.790965 2.568775 1.122554 0.479451 0.959798 0.123506 -2.141025 -2.546420 1.840152 2.109837 1.080576 0.618127 1.941722 2.309448 0.845218 1.998418 1.767040 -1.060398 1.628270 -2.039768 -4.516474 1.359910
13 50.4675243413 9.0000000000 1.0000000000 0.8714075433 67.0000000000 5.6130821217 0.8847343756 5.6581257150 0.1242136453 5.1105369834 0.0959655178 32.0143866062 -693.7891132198 26.0347743831 6.6297737285 0.847714 4.230242 2.851352 2.011619 -0.043939 0.603648 -1.534746 3.516492 -0.901855 -0.724849 -0.236863 -0.350168 -1.230450 -0.233695 -0.658753 1.258843 1.421958 -0.333778 -0.479013 -5.000000 0.024743 -1.521762 -2.021217 1.950380 -1.412623 -0.124635 3.142806 1.587902 -0.040453 -0.866749 -0.087397 -5.000000 1.521246 -0.032808 2.687790 1.655531 1.182403 5.000000 0.805927 0.770246
112 41.6085307191 9.0000000000 1.0000000000 1.6077023840 7.0000000000 6.2462340747 0.9874115677 5.1540094954 -0.0539433542 4.7684365061 -0.0243589981 26.5638138792 -1144.7798883450 25.2984703403 6.4600904180 0.396306 -2.196614 0.952092 -0.779073 -2.181143 0.496748 2.152864 0.089336 3.241209 5.000000 4.580551 -2.494313 -2.816454 3.777655 1.066506 2.881322 0.807687 0.109889 -1.566689 -1.672911 0.881284 -3.446053 3.878776 -1.449139 2.048932 -1.000887 3.088127 1.169692 -1.100708 1.401947 -0.096337 -2.072722 -1.422262 -5.000000 0.374405 0.151698 1.543294 3.585824 -0.639013 -1.934126
584 40.2059328211 9.0000000000 1.0000000000 1.0349669519 38.0000000000 5.9243010751 0.9352207755 5.3678366129 0.1097717018 4.8720817425 0.0488246668 28.8136699025 -846.0383878586 25.9309353502 6.6047807023 -0.665973 -4.390988 0.409659 -2.241094 -5.000000 0.813432 3.445367 1.117509 4.021107 1.739663 3.097584 -3.697420 -3.578864 2.233335 3.963808 4.758417 1.364009 2.529262 -2.584428 -1.580226 -4.561950 -4.804715 1.332538 -1.056503 1.436349 1.080564 -4.918732 2.540090 4.459099 3.545460 -2.589360 -0.371407 1.336857 -2.466786 -2.584864 -5.000000 -3.836570 0.831642 1.596223 0.756743
1005 70.9795529649 9.0000000000 1.0000000000 0.8169742854 67.0000000000 5.6371206770 0.8886024650 6.7059010926 -0.2062081917 5.5718442406 -0.1588737807 44.9691094637 -621.8733728120 24.4648561056 6.2512821940 -1.557667 -0.857492 0.874699 0.159739 -3.875007 0.736321 3.778786 -0.461263 5.000000 2.543351 0.665526 -4.247770 -4.082116 3.372716 4.060039 3.050806 3.374515 3.643299 -2.796316 -3.711679 -4.704920 -2.889608 2.579226 -2.740770 2.682690 1.150124 -2.169834 3.996636 1.411969 0.314089 -0.525626 -1.766025 -0.265349 -2.430775 -0.996913 -5.000000 -0.280447 4.325477 1.028552 -2.774421
evaluations raw_y rep iid sigma t d_norm d_mean ps_norm ps_mean pc_norm pc_mean ps_squared loglikelihood mhl_norm mhl_mean x0 x1 x2 x3 x4 x5 x6 x7 x8 x9 x10 x11 x12 x13 x14 x15 x16 x17 x18 x19 x20 x21 x22 x23 x24 x25 x26 x27 x28 x29 x30 x31 x32 x33 x34 x35 x36 x37 x38 x39
1 76.8543389921 10.0000000000 1.0000000000 0.8169742854 67.0000000000 5.6371206770 0.8886024650 6.7059010926 -0.2062081917 5.5718442406 -0.1588737807 44.9691094637 -621.8733728120 24.4648561056 6.2512821940 2.663173 1.430558 -3.090801 -0.016768 1.242672 -1.440171 0.531023 0.217097 0.008583 -0.349200 0.866052 2.406075 -1.930131 2.056548 0.457260 0.890275 -2.273204 0.270274 2.969074 -2.159610 -3.955457 -3.486745 0.532140 4.769935 2.247383 3.345244 0.198298 2.795993 -0.542496 1.226408 -0.534634 -1.098618 0.265417 -0.952284 2.616946 0.390027 0.800420 -0.675265 2.512945 -1.463939
4 71.4384283800 10.0000000000 1.0000000000 0.8169742854 67.0000000000 5.6371206770 0.8886024650 6.7059010926 -0.2062081917 5.5718442406 -0.1588737807 44.9691094637 -621.8733728120 24.4648561056 6.2512821940 -1.146227 -2.640895 2.472411 4.930650 2.766464 0.692466 2.045032 0.333621 3.313433 1.335779 -0.459893 -2.259102 -1.279925 0.627661 -2.451672 -0.443586 2.679853 0.058619 3.970771 2.894331 -0.575259 -2.718621 -0.096083 -0.961575 0.755506 3.228816 -2.246208 -0.777456 0.664700 2.269946 1.021429 0.828595 2.689099 0.987031 -0.474008 0.114570 -1.414143 1.093330 1.885001 -5.000000
7 64.3424301543 10.0000000000 1.0000000000 0.8169742854 67.0000000000 5.6371206770 0.8886024650 6.7059010926 -0.2062081917 5.5718442406 -0.1588737807 44.9691094637 -621.8733728120 24.4648561056 6.2512821940 -4.035437 1.081081 -2.884598 -3.217701 -2.013137 -0.515067 1.461015 -3.396803 3.348151 2.327447 -0.265147 -0.580492 -1.907065 1.176081 0.137603 2.824129 -1.372431 1.095888 -0.072765 -1.694033 3.804608 0.559211 1.240509 -2.137135 -1.445241 0.168279 -1.168910 1.204045 0.876730 -1.564686 0.385872 0.008050 -0.328151 -2.297625 -1.671017 0.420901 2.027969 -1.940396 2.434363 0.365295
12 42.2121442721 10.0000000000 1.0000000000 0.8169742854 67.0000000000 5.6371206770 0.8886024650 6.7059010926 -0.2062081917 5.5718442406 -0.1588737807 44.9691094637 -621.8733728120 24.4648561056 6.2512821940 -3.360892 1.353416 0.121456 -0.046082 -1.106637 -2.212246 -0.434270 -1.750845 0.021563 -1.812494 -2.831506 0.189417 0.387601 1.086470 0.112672 2.931310 -1.271938 2.219010 -1.985265 -1.364683 -0.818538 -0.494951 3.055702 -1.298877 -2.538031 1.509752 -0.047817 -3.115085 0.692703 1.884729 -0.770954 3.120418 3.090324 -1.383375 1.729037 -4.195584 0.340589 -1.515659 1.935621 -1.749050
119 31.9551013906 10.0000000000 1.0000000000 1.5681681148 7.0000000000 6.2422030708 0.9868085383 4.6793553667 0.1093808581 4.2006687822 0.0898199477 21.8963666477 -1155.7200612868 26.3080548592 6.7294034871 -1.809397 -0.522481 2.254925 -0.421540 -0.427172 -2.606389 4.536861 0.460094 5.000000 -0.035754 0.136637 -1.009354 -0.621692 1.265540 2.509469 2.836644 -4.374380 2.097856 -2.629880 -1.207977 -3.548675 -0.043356 1.174946 -0.920521 -4.632453 1.968937 1.747516 2.170844 -5.000000 0.765909 1.626542 -2.793959 2.372780 -2.107191 -0.310849 -2.755690 0.367954 -1.079823 -2.743361 1.797796
1005 66.5754806538 10.0000000000 1.0000000000 0.7282776719 67.0000000000 5.6098864241 0.8843530402 5.8238631031 0.0652891525 5.0030363759 0.0256106182 33.9173814441 -576.4971389627 25.5920289019 6.4976059743 -1.426977 -3.004331 2.571350 1.481573 -1.513707 -1.002834 -0.094777 -0.280700 -4.506187 -3.098100 0.939358 -2.044200 2.044655 1.800767 -1.839313 4.253843 -4.971076 2.707676 2.417785 -1.181975 -1.333949 -3.887116 -3.294453 -0.321614 -0.664425 1.791360 3.051640 2.475769 -4.326778 0.814753 1.858309 -2.853508 1.360546 -2.055685 -1.648784 -0.654451 2.426570 -1.797877 1.860562 2.518002
evaluations raw_y rep iid sigma t d_norm d_mean ps_norm ps_mean pc_norm pc_mean ps_squared loglikelihood mhl_norm mhl_mean x0 x1 x2 x3 x4 x5 x6 x7 x8 x9 x10 x11 x12 x13 x14 x15 x16 x17 x18 x19 x20 x21 x22 x23 x24 x25 x26 x27 x28 x29 x30 x31 x32 x33 x34 x35 x36 x37 x38 x39
1 75.7714788512 11.0000000000 1.0000000000 0.7282776719 67.0000000000 5.6098864241 0.8843530402 5.8238631031 0.0652891525 5.0030363759 0.0256106182 33.9173814441 -576.4971389627 25.5920289019 6.4976059743 3.498909 -0.572146 -0.969130 -5.000000 -0.016569 -0.639263 -1.073259 0.630805 0.842101 -2.131206 -1.772479 -0.951467 1.379365 1.122384 -2.611097 -2.238951 1.473675 3.149268 -0.062150 -1.366893 2.191259 -0.619153 1.451504 3.098143 1.260160 0.146986 1.464543 -1.285151 -0.356186 -1.147909 -0.408751 -0.972990 -0.371551 -0.761073 0.177955 0.127343 0.592694 2.805542 -3.093725 2.591237
3 60.5707547272 11.0000000000 1.0000000000 0.7282776719 67.0000000000 5.6098864241 0.8843530402 5.8238631031 0.0652891525 5.0030363759 0.0256106182 33.9173814441 -576.4971389627 25.5920289019 6.4976059743 1.374625 -3.646019 1.758228 3.692730 -2.123309 -1.368969 -0.952429 1.660621 -1.726705 -0.261083 -1.046175 -0.502554 2.582549 -1.928410 0.143520 0.543213 1.717334 -2.528147 2.229741 0.869554 1.748546 0.143304 -3.278103 -1.294605 1.635539 0.073590 -0.097405 3.583062 4.403713 -0.074134 3.865811 -3.987143 -4.098115 1.734110 -0.523922 1.157942 1.033105 -0.178807 1.364259 0.301444
12 41.7393503080 11.0000000000 1.0000000000 0.7282776719 67.0000000000 5.6098864241 0.8843530402 5.8238631031 0.0652891525 5.0030363759 0.0256106182 33.9173814441 -576.4971389627 25.5920289019 6.4976059743 -2.783433 0.498623 -0.548138 -1.979655 1.535712 2.173753 2.617422 -0.801493 -0.018345 0.451403 0.110516 2.036535 -0.986388 0.735943 -4.425425 1.505799 3.274879 -0.057555 2.070053 -3.328314 -0.670451 -3.088111 0.633971 1.041588 -2.745412 -1.697233 -1.174486 4.841723 -0.149758 0.237391 0.718336 0.592462 -0.481216 -2.665397 -1.361945 3.265985 0.509502 -0.747562 -2.709142 -0.114817
722 41.4005419080 11.0000000000 1.0000000000 0.7434666520 48.0000000000 5.7992452135 0.9152092101 5.0139672184 -0.3354560205 4.4842350972 -0.2777831784 25.1398672677 -604.0565883783 25.0531617319 6.4223312826 -1.749708 0.495887 -0.460857 2.108853 -2.321982 -5.000000 -3.178806 -1.568123 4.713709 -0.573436 -3.560700 2.070377 0.897085 -1.603920 -0.126324 0.793031 4.266393 2.878295 -2.213513 2.790733 -3.776116 -1.255337 3.194031 2.832703 -1.368445 0.066901 -3.601623 -0.119157 -2.235611 2.580714 1.211465 0.455147 4.117285 -1.102654 -1.266194 3.554427 -1.610434 0.529364 0.045295 0.559031
974 38.2011878863 11.0000000000 1.0000000000 0.5453687438 64.0000000000 5.6245149277 0.8869731556 4.5472669193 -0.0885411822 3.9099586535 -0.0874133433 20.6776364350 -453.9739152365 27.5271338508 7.0476947168 -2.550486 0.775661 -1.399627 1.892908 -3.801595 -3.904448 -1.846629 -0.969788 3.186150 -1.866555 -2.371373 1.834884 1.964901 -2.301228 0.134004 -0.343446 3.384630 2.676660 -2.479794 3.301432 -2.298611 -2.511490 2.554372 0.919567 -1.787503 0.965085 -3.674551 -0.603234 -3.115099 2.374786 -0.912362 0.822466 3.495684 -0.824436 -0.659210 3.780896 -1.225398 1.827577 1.080492 2.665861
995 34.7916539346 11.0000000000 1.0000000000 0.5219784417 66.0000000000 5.6026600153 0.8834813583 4.9559974557 0.0300664105 4.0626022381 0.0006512785 24.5619107807 -400.6656520268 26.8322186232 6.8283552576 -2.331592 1.540126 -0.738800 2.280892 -4.426601 -3.958849 -1.605988 -0.514653 3.429774 -2.299205 -2.393717 2.513212 1.812307 -1.422082 -0.438759 0.426958 2.517365 3.616893 -2.166832 2.715211 -2.488602 -1.864376 2.761102 1.333370 -1.563955 1.665030 -3.163754 0.062077 -3.432968 1.304571 -0.644923 1.900066 3.783886 -1.465369 -0.761953 3.388677 -1.809515 0.664492 0.140594 2.572644
1005 42.1498812172 11.0000000000 1.0000000000 0.5055461384 67.0000000000 5.5905936548 0.8815592368 4.5614540848 0.0334955653 3.9950829066 0.0063194784 20.8068633679 -393.8666682938 27.2255031940 6.9288858062 -1.730373 1.358651 -0.754734 2.203743 -4.987487 -3.687809 -2.760511 -0.873765 3.529416 -1.939322 -2.974073 2.691724 2.477780 -1.710396 -1.205386 0.393131 3.344909 3.000443 -2.405104 3.164438 -2.140267 -1.543739 2.016566 1.784805 -1.497086 1.367800 -3.432320 -0.269437 -2.689114 1.523802 -0.702800 0.895983 3.479506 -0.503691 -0.410177 4.039293 -1.509384 0.793023 0.815829 3.362483
evaluations raw_y rep iid sigma t d_norm d_mean ps_norm ps_mean pc_norm pc_mean ps_squared loglikelihood mhl_norm mhl_mean x0 x1 x2 x3 x4 x5 x6 x7 x8 x9 x10 x11 x12 x13 x14 x15 x16 x17 x18 x19 x20 x21 x22 x23 x24 x25 x26 x27 x28 x29 x30 x31 x32 x33 x34 x35 x36 x37 x38 x39
1 78.5850798338 12.0000000000 1.0000000000 0.5055461384 67.0000000000 5.5905936548 0.8815592368 4.5614540848 0.0334955653 3.9950829066 0.0063194784 20.8068633679 -393.8666682938 27.2255031940 6.9288858062 0.945972 -1.362852 0.484879 -3.401471 1.506286 -3.069443 0.010254 -0.240455 -1.613964 5.000000 -1.195646 0.944914 2.191912 -2.430338 2.684713 -0.244300 2.025031 -1.827738 -2.059060 2.419593 1.003745 0.277692 1.281522 1.054665 -2.308720 -4.426667 -3.363513 -3.576189 -4.437070 -1.294862 -1.056809 -0.078418 0.429952 -0.768718 -0.507808 0.146504 -1.994408 -1.427713 0.070833 -1.355891
2 52.8822055758 12.0000000000 1.0000000000 0.5055461384 67.0000000000 5.5905936548 0.8815592368 4.5614540848 0.0334955653 3.9950829066 0.0063194784 20.8068633679 -393.8666682938 27.2255031940 6.9288858062 -1.143762 -0.211725 2.671663 0.637331 -0.675191 -1.170537 -0.229840 4.483636 -5.000000 1.070272 0.464981 1.735224 -2.296425 4.228688 2.001886 -0.102830 0.319575 -1.432527 0.101046 -0.286675 1.887151 0.715288 -0.166898 1.355612 1.112121 0.445439 -3.057971 2.058422 -2.332518 -2.019123 -0.210536 1.024044 2.815456 -3.375393 2.942468 3.272926 -0.922790 -0.402725 -1.143633 -1.206598
8 52.5208201316 12.0000000000 1.0000000000 0.5055461384 67.0000000000 5.5905936548 0.8815592368 4.5614540848 0.0334955653 3.9950829066 0.0063194784 20.8068633679 -393.8666682938 27.2255031940 6.9288858062 -0.977642 3.264245 -0.802451 2.018720 -3.155037 -1.576647 -2.312895 0.821091 -1.266425 -1.301717 -1.850118 0.286327 1.951024 -1.199510 1.214198 -0.037206 -1.243119 0.693221 2.674983 -5.000000 1.390495 3.531743 -0.346634 1.526871 1.953874 1.035213 0.498342 2.608906 2.233087 0.372311 1.325968 -1.809817 -0.317877 0.263731 -0.087704 -1.332711 2.530596 0.701254 1.475343 -2.600303
33 46.8821961685 12.0000000000 1.0000000000 1.7973461198 2.0000000000 6.2974236448 0.9956641650 3.9201803463 0.0777800343 3.3896434336 0.0678462317 15.3678139479 -1256.5155498731 26.7435781339 6.8273444171 4.167007 0.568125 -2.302747 2.254169 -0.530775 -1.541162 0.439940 2.049280 -2.068869 0.543247 1.424332 2.278517 3.343026 3.041208 0.889351 1.762200 -1.892934 -3.217173 2.442098 -1.187916 1.859843 2.243899 -1.023891 1.131924 1.180009 2.024108 0.816436 2.118760 -1.966432 -1.353754 1.048782 -1.123527 -1.404167 -0.125870 0.660114 -4.511839 1.126283 -1.326757 -1.600614 -1.639685
85 44.8679329211 12.0000000000 1.0000000000 1.6532990769 5.0000000000 6.2614274912 0.9899055372 5.2165525627 0.0064729812 4.6454906136 0.0131744268 27.2124206396 -1147.6079948451 24.6211524974 6.3148943800 0.975417 -1.859038 0.764264 -3.398998 -0.714502 -2.647418 -0.654267 0.871852 -2.331390 -3.061524 1.874646 4.066194 2.260630 1.565949 0.311405 1.728882 -3.680473 -2.060766 0.182068 0.099923 1.947080 1.187031 -1.528110 1.876061 1.382319 2.411932 -1.087288 -0.821915 -1.962326 2.513151 -0.552535 0.636576 0.893645 -0.631792 1.378791 -3.723643 3.407788 -3.087862 1.001203 0.596203
440 37.7957048778 12.0000000000 1.0000000000 1.0503716723 29.0000000000 5.9959111258 0.9471128961 6.1014674697 -0.0579590801 5.3734163108 -0.0419494781 37.2279052843 -861.1874713400 25.6268123488 6.5472156790 -1.210880 -0.693805 3.754491 2.442900 1.127884 -0.656770 2.795423 1.307242 -2.532612 -5.000000 0.317067 2.127477 -0.861420 -0.648077 -3.899521 1.542917 -3.677810 -0.608517 2.023465 -2.244775 -2.666365 -0.689015 -0.378300 4.111166 2.731846 1.844638 -2.959722 4.615523 -1.963968 0.925111 -5.000000 3.341071 2.062778 4.342129 -1.624153 -4.192740 3.990631 -2.488150 1.116103 -4.059840
1005 85.2129199047 12.0000000000 1.0000000000 0.9216488699 67.0000000000 5.6446455622 0.8894148813 6.1829027284 0.0320289219 5.9532050438 0.0591116612 38.2282861484 -696.8995937471 24.2751791365 6.2222911212 -2.813678 4.403165 1.085182 3.206544 -2.417405 -0.941912 0.810329 4.610521 -0.713164 -3.804391 -5.000000 4.120482 0.562182 -0.082468 -4.652572 -0.872322 -1.789633 1.910206 4.298267 1.572202 -1.133208 1.989156 0.816051 4.125128 2.722081 -2.241054 -0.216718 4.336757 -2.815032 3.829573 -3.131769 -3.598512 4.996722 -0.853723 2.163043 1.351070 1.386830 -4.513281 -2.101155 -1.837625
evaluations raw_y rep iid sigma t d_norm d_mean ps_norm ps_mean pc_norm pc_mean ps_squared loglikelihood mhl_norm mhl_mean x0 x1 x2 x3 x4 x5 x6 x7 x8 x9 x10 x11 x12 x13 x14 x15 x16 x17 x18 x19 x20 x21 x22 x23 x24 x25 x26 x27 x28 x29 x30 x31 x32 x33 x34 x35 x36 x37 x38 x39
1 58.1147640083 13.0000000000 1.0000000000 0.9216488699 67.0000000000 5.6446455622 0.8894148813 6.1829027284 0.0320289219 5.9532050438 0.0591116612 38.2282861484 -696.8995937471 24.2751791365 6.2222911212 -1.424781 1.507533 -0.089006 0.903625 2.690203 1.064676 2.700376 1.722423 2.957371 -2.090754 -1.577978 -2.523212 1.125694 -0.486653 1.827481 0.634702 0.254607 4.300766 1.212577 -0.053543 -1.968322 2.381411 1.905661 -2.174363 -0.290423 0.475716 -3.278187 -0.556269 2.798477 -3.230216 0.981744 3.785484 -1.241959 -0.907505 0.434903 1.028658 0.794483 -3.025690 -1.528068 0.202540
20 57.1808438355 13.0000000000 1.0000000000 1.8887749136 1.0000000000 6.3130286218 0.9981582317 3.2017274382 -0.0218889435 2.7151855816 -0.0185626494 10.2510585884 -1256.1144092586 25.4480200276 6.5219948033 -4.361740 1.690213 -1.724679 0.536952 -2.559274 -3.418212 5.000000 1.695726 -1.061751 -4.093689 -2.439860 1.482475 -4.118196 -0.613219 1.436291 -0.233569 1.460662 2.336980 -0.768687 -1.762671 1.071219 2.094051 -0.883551 -2.976562 -2.476931 0.183189 -3.531632 0.277131 1.262510 -1.861476 2.247926 2.376763 -0.935666 1.523361 2.809705 0.593865 -0.053944 0.735529 -1.044669 0.861840
59 45.2558180436 13.0000000000 1.0000000000 1.7705030832 3.0000000000 6.2876768109 0.9940928006 4.8616463069 -0.0559662767 4.2963385553 -0.0492522774 23.6356048133 -1204.6325993210 25.1630678142 6.4287673690 -2.233502 -1.899969 -0.320524 -2.009437 0.068409 0.830740 3.094314 0.026973 -1.491381 -1.184359 -0.456043 -2.324379 -0.323646 -1.809090 0.708620 5.000000 -1.898814 3.931330 -0.951634 -2.508580 -1.387279 0.554963 -2.204250 -1.882465 -1.986035 0.346190 -0.740315 0.119364 -1.098490 -0.533596 1.996077 -0.817332 0.045032 -3.179077 3.520433 -0.669291 0.328953 -1.358194 -1.189795 4.690354
159 41.9335724423 13.0000000000 1.0000000000 1.5356848030 10.0000000000 6.2125906848 0.9819683203 5.0466470379 -0.1461261865 4.7565365898 -0.1329367207 25.4686463253 -1097.1638477592 24.7173799420 6.2722001541 -3.932751 -2.293744 2.200993 -1.518242 2.896906 1.527081 5.000000 -4.052775 -0.622048 -3.350732 0.099608 -2.242840 -1.812806 -0.849580 -2.264161 2.746289 -5.000000 4.105531 -3.212879 -2.551816 -2.445460 3.643372 0.426636 0.412708 -3.853584 -2.755647 -1.088881 2.049102 0.989721 -0.448511 2.930048 -0.165950 -1.909160 2.916556 3.572275 -3.613512 -4.255628 -0.752097 -2.523868 0.945054
285 39.3769810729 13.0000000000 1.0000000000 1.3072434504 18.0000000000 6.1167827178 0.9665753650 5.1456805825 -0.1870470775 4.8392689408 -0.2010728981 26.4780286573 -990.1744885506 24.8738983024 6.2858487551 -4.890743 -1.414499 4.374310 -2.396815 3.584715 -0.245276 -1.542433 -2.756108 -3.758982 -4.252924 -2.988543 -0.587726 -2.528980 -0.638346 1.368878 2.541694 -0.613545 3.624143 -0.943228 -3.045596 0.037239 2.732314 -0.495962 -1.285571 -2.040217 -0.719523 -1.727954 -1.137037 2.808197 -0.353783 -2.953181 -4.707967 -2.799290 4.195844 4.006271 -3.937112 -4.270244 0.971328 -4.348518 -0.399224
1005 67.9395741852 13.0000000000 1.0000000000 1.1490413305 67.0000000000 5.6700911940 0.8925471974 5.6630904856 0.0027656011 5.4323360444 0.0063759166 32.0705938485 -849.9634662600 25.3595208419 6.4612408340 2.766796 0.961024 0.465480 -1.589104 -2.301166 -1.609280 -1.864322 0.035039 2.653874 -4.643106 -2.653455 -5.000000 -0.088984 0.036681 -1.729211 -3.720218 -4.010534 4.383054 0.636990 0.466459 -1.425650 0.358212 1.007606 1.158522 2.791950 3.107636 0.357426 -1.419929 -1.953220 1.546323 -0.089954 3.505186 -4.470046 1.116073 -0.183256 -3.359559 2.429853 2.782087 0.376086 5.000000
evaluations raw_y rep iid sigma t d_norm d_mean ps_norm ps_mean pc_norm pc_mean ps_squared loglikelihood mhl_norm mhl_mean x0 x1 x2 x3 x4 x5 x6 x7 x8 x9 x10 x11 x12 x13 x14 x15 x16 x17 x18 x19 x20 x21 x22 x23 x24 x25 x26 x27 x28 x29 x30 x31 x32 x33 x34 x35 x36 x37 x38 x39
1 60.5871947407 14.0000000000 1.0000000000 1.1490413305 67.0000000000 5.6700911940 0.8925471974 5.6630904856 0.0027656011 5.4323360444 0.0063759166 32.0705938485 -849.9634662600 25.3595208419 6.4612408340 3.102678 0.158372 0.347953 -0.144673 -4.008659 0.289356 -3.002337 0.422219 -1.116410 2.169058 -0.372578 0.029323 -2.151139 1.284504 -0.360673 1.240601 1.621949 1.555872 -0.474979 -3.783825 -2.344244 1.672414 2.018547 2.586199 -1.098662 -1.963426 1.829346 1.746141 0.044222 -0.008287 -2.698252 -0.416436 2.653081 -1.832521 -0.940026 -0.298885 -0.650520 -3.611447 -1.000740 -1.129561
6 48.1320214826 14.0000000000 1.0000000000 1.1490413305 67.0000000000 5.6700911940 0.8925471974 5.6630904856 0.0027656011 5.4323360444 0.0063759166 32.0705938485 -849.9634662600 25.3595208419 6.4612408340 3.840656 -1.242649 3.787949 -1.753720 0.580048 0.245954 -2.019925 1.085484 2.179795 1.047308 -0.254063 2.447635 1.154325 0.464254 -5.000000 -0.791909 1.333925 -2.841158 -5.000000 -2.336607 -0.977685 -4.040573 -1.557237 0.002279 -2.612040 -1.861930 2.155538 -0.858056 -2.914058 0.305109 0.690809 -0.367439 -0.687326 -2.008720 5.000000 -2.332927 -0.128273 0.783400 1.953746 -0.990727
380 42.4282424239 14.0000000000 1.0000000000 1.2038674755 25.0000000000 6.0382038145 0.9537380022 5.8541529258 -0.0422759979 5.2939302493 -0.0594021678 34.2711064782 -932.9693935710 24.9954231295 6.4224933854 2.036951 0.982388 0.568510 -3.004608 -4.570687 0.703081 -3.046154 -2.410109 -3.242789 1.862505 -3.094402 -5.000000 0.575657 -2.444806 -3.207332 0.346710 -1.651785 1.666602 -1.716291 -2.060528 2.819998 2.722312 0.503891 -2.779749 1.234084 2.142019 1.582925 1.716009 1.135284 0.330820 -1.625549 -3.167067 2.134028 2.340062 -3.392335 -0.471242 1.965518 1.500957 -1.190942 0.891652
924 40.1864117284 14.0000000000 1.0000000000 0.8049538744 61.0000000000 5.6771958225 0.8947779478 6.0111463606 0.0675244597 5.5552379353 0.1372524865 36.1338805686 -627.2117463109 24.7042719668 6.2939135570 4.865029 0.414861 -2.454638 1.570304 -4.615661 2.329098 -0.756738 -4.524210 -1.899102 0.496805 0.303076 -1.370960 2.177956 1.422096 1.116658 3.082908 -0.864125 1.861631 -2.067953 -1.103597 0.874822 4.339106 -5.000000 -3.877639 2.733489 0.549995 -3.521128 1.995144 -2.750721 1.718399 0.777563 1.092687 2.479798 5.000000 -1.388175 -3.981201 -0.065186 3.459300 1.544883 3.895985
948 35.3548546333 14.0000000000 1.0000000000 0.7987855223 63.0000000000 5.6589884618 0.8917954167 6.0695027576 -0.0361841873 5.5062541310 0.0474645478 36.8388637241 -624.7938547114 24.9595863230 6.3586044066 5.000000 -2.466461 -2.882844 2.091587 -4.522767 2.900549 0.125541 -4.309336 -1.444242 -1.750797 0.290345 -1.353099 1.599945 -0.064526 -0.623943 4.360460 -1.700595 3.014124 -0.996714 -0.590714 1.213848 2.922553 -5.000000 -3.651203 2.789928 -0.320355 -3.801268 1.168716 -3.217349 2.437665 1.759140 1.459778 1.943401 4.619954 1.002831 -4.309082 -1.995205 1.964581 1.913760 5.000000
1005 71.0311772917 14.0000000000 1.0000000000 0.8336583373 67.0000000000 5.6294208639 0.8867305560 6.7407327662 -0.0013575423 6.2301231043 0.0635142695 45.4374782256 -657.5088332056 25.4674297302 6.5069732625 4.432039 -1.103793 -2.343807 2.494922 -4.850004 3.293835 0.447246 -4.686181 -1.308939 -1.435168 1.677398 0.369299 1.951254 0.136199 1.274884 5.000000 -1.730915 0.916052 -1.693936 0.656030 1.635982 3.773527 -5.000000 -3.530985 2.329155 -0.097722 -5.000000 2.066795 -3.431922 0.849526 2.473069 0.812329 2.280895 4.878537 0.111516 -3.863670 0.515985 2.053810 1.191782 4.108464
evaluations raw_y rep iid sigma t d_norm d_mean ps_norm ps_mean pc_norm pc_mean ps_squared loglikelihood mhl_norm mhl_mean x0 x1 x2 x3 x4 x5 x6 x7 x8 x9 x10 x11 x12 x13 x14 x15 x16 x17 x18 x19 x20 x21 x22 x23 x24 x25 x26 x27 x28 x29 x30 x31 x32 x33 x34 x35 x36 x37 x38 x39
1 60.3694010320 15.0000000000 1.0000000000 0.8336583373 67.0000000000 5.6294208639 0.8867305560 6.7407327662 -0.0013575423 6.2301231043 0.0635142695 45.4374782256 -657.5088332056 25.4674297302 6.5069732625 -0.624657 0.678569 -0.311817 -1.003579 0.471138 -3.527211 -2.191724 -2.175531 -0.610340 -0.947497 -0.401189 0.710394 1.379035 0.821179 -1.129957 1.198781 -0.325873 3.200429 1.363254 0.029760 -0.175559 -1.964236 0.243381 -2.274875 0.698005 -3.717026 -2.334364 2.849794 2.993131 2.579864 -3.623491 -2.996614 -2.900286 -3.387814 0.454528 -0.979469 -0.001057 -0.980505 -1.586419 4.097798
49 60.0476609585 15.0000000000 1.0000000000 1.7102573936 3.0000000000 6.2845408510 0.9936093722 3.9531890272 -0.0902425077 3.4539141376 -0.0805524620 15.6277034846 -1216.4804720969 26.3963313549 6.7487888785 1.637828 -2.416842 -0.016608 -0.158594 2.469616 1.967343 1.363849 -0.591492 1.376629 -2.032876 1.542012 -0.262831 0.154956 -0.592621 -3.783572 1.876860 0.922376 2.896274 -0.526375 -0.091045 -3.979567 1.704025 -1.119258 -0.787335 -2.571317 -3.440424 -0.043454 1.935984 2.659989 0.917534 -1.814277 -3.013506 -2.370595 -1.494281 -0.649383 -1.487122 -5.000000 0.264245 2.521030 1.321375
50 55.9627806338 15.0000000000 1.0000000000 1.7102573936 3.0000000000 6.2845408510 0.9936093722 3.9531890272 -0.0902425077 3.4539141376 -0.0805524620 15.6277034846 -1216.4804720969 26.3963313549 6.7487888785 0.117485 0.068849 1.611103 -0.172684 0.257086 0.133273 -0.973491 -1.931514 -0.073603 0.880025 -3.590787 4.797088 1.607397 -2.907669 -1.127614 -0.287745 -3.088867 4.792037 -0.073903 0.890258 -4.688640 0.100847 -1.732700 -1.199619 -4.177249 -2.156211 -3.868194 -0.330901 -1.594895 5.000000 3.235832 0.915707 -1.105672 -3.501444 -0.715130 -0.611682 2.615305 -0.281754 -1.277359 2.119232
123 51.2527934275 15.0000000000 1.0000000000 1.5478992891 8.0000000000 6.2337302973 0.9854282433 5.2537836667 -0.0237405273 4.7844414438 -0.0392949605 27.6022428165 -1142.8605604567 26.1679659597 6.7001785420 2.040921 -2.734691 2.329929 -2.316890 1.075629 -2.743114 -1.022750 -3.209228 -0.740347 -4.852595 0.490741 3.360688 4.792723 -0.688081 -0.640984 1.998850 0.431138 2.518527 0.504937 0.722415 -0.898526 1.984510 -1.062186 -2.436390 -2.581378 -5.000000 0.229377 1.133330 -1.697581 1.348501 2.214084 1.869607 -3.683262 -3.103201 -1.366601 1.468638 -0.110645 0.966966 -1.249827 3.625669
237 45.9660359148 15.0000000000 1.0000000000 1.3856294029 15.0000000000 6.1582622306 0.9732586661 5.2830856150 0.1223092763 4.9341625233 0.1184454862 27.9109936156 -1035.3217508465 25.0615990837 6.3785367191 2.754337 -0.814547 2.756346 -3.017643 2.277237 0.328006 -0.626495 -2.816550 -3.603278 -4.984479 3.876173 1.599375 1.002280 -2.259144 -0.034000 -0.663690 -2.408365 3.116055 -0.396700 1.177278 -2.247055 1.244956 0.087848 -5.000000 -0.818726 -5.000000 -5.000000 4.234415 3.821920 1.043934 4.953131 4.222821 -3.197152 -1.977137 -2.219962 1.586618 -0.617314 -0.293099 3.093367 5.000000
323 45.1214039203 15.0000000000 1.0000000000 1.2934392869 21.0000000000 6.0997013768 0.9637287326 5.4673013681 0.1269893855 5.0258553056 0.1337213622 29.8913842500 -975.5085448906 24.5993618170 6.2945871877 1.690929 -1.941107 0.348599 -1.254024 1.654021 1.569588 -2.101128 -1.161484 -1.245116 -2.178791 2.385177 -0.540791 2.524560 -0.427844 -0.720492 5.000000 -0.913075 2.220455 -0.793334 0.171699 -1.260226 -1.593581 -3.963402 -2.998814 1.312496 1.393696 -3.943934 1.048988 4.895356 3.213022 1.809149 4.481231 -1.606044 0.036720 -2.199487 -0.681307 -1.898589 0.156821 0.855038 2.939549
493 43.6469572033 15.0000000000 1.0000000000 1.1807241601 32.0000000000 5.9846838064 0.9449620974 6.6627295887 -0.0669374960 6.0007873787 -0.0728414951 44.3919655717 -899.8143368690 24.4253980647 6.2482664616 2.905256 -2.160202 -1.313748 -0.333711 2.371853 2.901876 0.302433 -3.810132 -3.219920 -1.246378 1.890888 -3.046691 -0.386098 -0.219964 -3.741347 1.485103 -1.775065 4.287398 0.545068 -0.724242 -2.105491 -2.609502 -4.159136 -3.618001 0.873468 2.797837 -5.000000 -0.384856 2.959170 4.402746 0.945531 2.552742 -0.725066 -4.019237 -1.791533 -2.847825 1.470328 0.279526 -0.444759 3.338154
542 43.6164643935 15.0000000000 1.0000000000 1.2146969443 36.0000000000 5.9469274506 0.9387488257 6.6533612675 -0.0724108404 6.1865728889 -0.0765682818 44.2672161563 -935.1912730285 25.5172369080 6.5460465779 2.490419 -1.996835 -3.354929 0.165851 0.512317 3.899311 -0.320864 -1.105189 -3.717809 -3.668144 3.716615 -2.043956 0.206366 -1.465295 -3.928728 -0.256676 -2.807168 3.955895 1.078468 -2.422310 -3.425734 -1.459017 -2.281162 -4.838236 0.384413 1.194474 -5.000000 -1.640596 3.016077 4.952664 3.633177 3.004774 0.292845 -3.978658 -2.608946 -3.017998 1.031220 2.618520 -2.327708 2.036481
842 40.9767971879 15.0000000000 1.0000000000 0.9445831609 56.0000000000 5.7397270928 0.9051519247 5.4851783581 -0.1158056356 4.8785433581 -0.1064829807 30.0871816197 -733.5104887741 24.8078100625 6.3452367986 -0.706247 -1.375840 -3.981906 -1.687706 1.680253 3.000634 0.546600 -0.826253 2.070297 -1.428875 3.804001 -3.424282 -2.941878 1.355428 -2.736956 1.052879 -3.664732 0.180568 4.711524 -0.669245 -2.341307 -4.813605 -2.534442 -2.703224 3.926659 4.163037 -5.000000 -1.023318 3.790698 4.199850 4.082832 4.141776 -0.016480 -3.095799 -1.574656 -0.173689 -3.431640 1.610290 -5.000000 1.297660
1005 51.5276263245 15.0000000000 1.0000000000 0.8319626081 67.0000000000 5.6306568836 0.8875362097 6.2317909611 -0.2015517349 5.2691745980 -0.1708129896 38.8352185829 -618.8196549337 23.8153654676 6.0936939602 0.589344 -2.704663 -4.209392 -0.876106 2.252436 2.406038 -0.529771 -2.423010 -2.005183 -3.023655 3.531069 -1.044713 -0.213008 2.337187 -3.223357 1.461309 -4.041256 -0.692525 3.810825 0.429748 -4.715737 -3.403167 -3.359452 -1.437173 4.398628 1.493487 -2.283819 -0.352776 4.758382 3.186431 3.765021 3.111541 0.216799 -4.874146 -2.588816 -1.028466 -3.135320 -0.904594 -2.047883 0.883645
evaluations raw_y rep iid sigma t d_norm d_mean ps_norm ps_mean pc_norm pc_mean ps_squared loglikelihood mhl_norm mhl_mean x0 x1 x2 x3 x4 x5 x6 x7 x8 x9 x10 x11 x12 x13 x14 x15 x16 x17 x18 x19 x20 x21 x22 x23 x24 x25 x26 x27 x28 x29 x30 x31 x32 x33 x34 x35 x36 x37 x38 x39
1 83.6074253403 16.0000000000 1.0000000000 0.8319626081 67.0000000000 5.6306568836 0.8875362097 6.2317909611 -0.2015517349 5.2691745980 -0.1708129896 38.8352185829 -618.8196549337 23.8153654676 6.0936939602 0.255897 -3.056947 -1.188936 0.132661 -2.470990 -1.242737 -1.777896 0.997820 -1.573794 0.237487 -1.513726 0.986734 -1.678809 -2.030044 -0.685039 3.768928 -0.541826 -2.903439 -2.160318 5.000000 -0.440446 -0.178801 0.552683 3.224522 1.431930 1.317265 0.421482 -1.128887 0.280372 -0.676896 -2.809655 -4.973284 2.547087 2.159496 1.296805 1.112840 0.467075 -2.157691 -2.363922 -1.406480
3 54.5102454356 16.0000000000 1.0000000000 0.8319626081 67.0000000000 5.6306568836 0.8875362097 6.2317909611 -0.2015517349 5.2691745980 -0.1708129896 38.8352185829 -618.8196549337 23.8153654676 6.0936939602 1.442551 -0.209734 -2.063124 1.827044 1.018541 -2.096844 -2.146696 0.803199 1.300040 -3.218136 -0.652171 -1.098613 -0.407079 1.096462 3.611066 -1.642602 3.187427 2.203320 4.568750 0.239071 0.692346 2.137668 0.916449 3.649586 1.031948 2.225693 1.211335 -1.340746 1.884942 -0.835912 0.254897 -0.085747 1.240700 -2.479343 2.617236 1.821041 0.342891 -1.771437 -2.091865 -0.490074
15 49.6070573858 16.0000000000 1.0000000000 0.8319626081 67.0000000000 5.6306568836 0.8875362097 6.2317909611 -0.2015517349 5.2691745980 -0.1708129896 38.8352185829 -618.8196549337 23.8153654676 6.0936939602 -1.275352 -2.546948 1.770380 2.693743 0.116102 -3.953173 0.806748 5.000000 -2.744104 -3.509908 0.230379 0.376358 -0.507071 0.650871 2.935827 -2.858433 3.458125 2.865546 4.160393 -0.722332 0.522180 -2.032223 -0.281299 -0.116166 -3.491957 -1.959980 0.971046 -1.550006 0.759009 2.235534 0.192980 -1.919497 -1.974062 -0.662274 0.615591 2.451051 0.200522 -0.032447 -0.040156 4.643288
239 49.5820721838 16.0000000000 1.0000000000 1.4916742733 15.0000000000 6.1633227367 0.9738992098 5.1650537168 -0.0542672134 4.9389541968 -0.0479757922 26.6777798974 -1014.7292654119 22.1910078669 5.6578294189 3.583489 -2.647250 1.927126 2.101376 -0.967285 -2.842789 0.655696 1.060214 0.904775 -5.000000 -3.878914 4.613769 4.959329 -1.768223 5.000000 -5.000000 0.065737 5.000000 3.253899 -0.561637 -0.760553 -0.134768 1.326201 5.000000 -1.701054 5.000000 -5.000000 5.000000 -5.000000 -1.283952 1.319745 4.803060 0.602793 -2.525216 2.381299 2.982002 -3.173012 -1.522514 0.700799 0.174354
316 47.8401250512 16.0000000000 1.0000000000 1.2389750808 21.0000000000 6.0908211911 0.9622275806 5.0969358454 -0.2458243297 4.4295422922 -0.2043209458 25.9787550117 -963.3717167854 25.2231872086 6.4108232366 1.328681 -3.369213 -1.212830 -1.897015 1.023682 -3.106785 0.031321 2.154960 -1.374806 -5.000000 -5.000000 3.511976 -0.847657 -1.216898 0.810034 -4.829335 -1.233114 3.863183 2.660079 -1.561358 0.069316 3.021537 1.086877 4.424245 -1.022958 -0.395600 -2.696286 3.659132 -5.000000 -1.314726 1.015283 4.585315 -0.171217 -0.151147 0.835759 3.562257 -0.596223 -5.000000 -3.155173 -1.137527
458 43.0718480670 16.0000000000 1.0000000000 1.0413487338 30.0000000000 5.9899811815 0.9459883559 5.4402302440 -0.2154482731 4.8966594063 -0.2219467769 29.5961051082 -841.6091874507 25.1462218167 6.3870311953 0.821451 -3.577776 -1.838323 -0.687754 2.098564 -3.309094 -0.679261 0.188289 0.858303 -3.256054 -5.000000 4.768915 -0.842245 -3.510454 0.280278 -4.167623 0.252850 3.275697 2.302378 -3.535688 -2.350910 1.824179 0.878654 4.374597 -1.314110 0.348298 -1.738900 3.579003 -5.000000 -5.000000 2.575140 1.849853 -1.378555 -2.381951 -2.433709 4.616152 -0.373194 -1.680880 -1.888126 -1.643779
626 42.6888342038 16.0000000000 1.0000000000 0.9954305185 41.0000000000 5.8875858963 0.9291557707 6.3966009031 -0.0275427553 5.9561331537 -0.0527272347 40.9165031140 -800.3344913621 25.3037578188 6.4824871645 4.363367 -3.886585 -3.883868 -0.462501 3.482245 -3.883978 -2.747702 0.801513 1.590547 -1.942150 -5.000000 2.778330 -3.042428 -3.576657 1.858353 -3.837937 0.969735 3.729500 5.000000 -5.000000 0.486828 1.921577 0.298240 3.330936 0.317773 -1.277194 -0.923373 3.462789 -2.675229 -3.185802 2.600195 4.246075 -1.335641 -3.012783 -2.458608 2.375711 -0.088694 -1.309304 -1.778257 0.230256
827 39.4173741345 16.0000000000 1.0000000000 0.7732354872 55.0000000000 5.7450045892 0.9058329137 5.4117142319 -0.1655739491 5.2336836506 -0.1806912480 29.2866509276 -608.4959624393 24.5042093228 6.2613279951 4.350742 -2.221252 -3.629933 -2.239382 0.713277 -3.080332 -5.000000 0.577294 2.143215 -2.506375 -3.305558 2.360001 -4.150752 -3.630470 2.122260 -3.401377 0.502752 1.839854 3.724412 -4.377283 -1.089907 3.093686 -1.228724 4.587041 -1.732958 -3.550609 -0.799005 3.804308 -3.747384 -4.637990 3.225170 4.983306 -2.915201 -3.721683 -2.066976 3.339528 1.257508 -1.818519 -4.229779 -1.154371
907 38.7342728774 16.0000000000 1.0000000000 0.7315505725 60.0000000000 5.6994017517 0.8982031329 5.4189201815 0.0544464083 5.2297075897 0.0005456374 29.3646959337 -547.0459866376 23.5427005561 5.9866931952 3.656336 -2.733796 -3.324932 -1.969655 0.128384 -2.722878 -4.541275 1.687503 2.429274 -2.992093 -3.182259 3.312376 -4.789454 -4.481087 2.454981 -2.218035 -0.068339 0.823407 3.724790 -3.407784 -2.724614 3.508301 -1.657575 4.354577 -1.532421 -4.924064 -1.024553 3.358052 -4.175085 -4.142254 2.808184 4.622292 -2.154834 -2.568378 -1.393765 3.224412 2.225318 -0.488112 -5.000000 -1.761533
915 31.3261351176 16.0000000000 1.0000000000 0.7315505725 60.0000000000 5.6994017517 0.8982031329 5.4189201815 0.0544464083 5.2297075897 0.0005456374 29.3646959337 -547.0459866376 23.5427005561 5.9866931952 4.088159 -3.121450 -3.757332 -1.107168 1.832566 -4.471117 -4.029040 1.470726 2.709021 -2.478982 -3.469527 1.475013 -3.958749 -2.642673 2.279326 -2.521182 0.186607 1.758553 2.720497 -4.088600 -1.792506 2.036103 -1.371590 4.870772 -0.843095 -3.927068 0.302834 2.462409 -3.758363 -3.662804 3.400137 4.684511 -3.036699 -2.915484 -1.873376 3.129035 1.663780 -1.028402 -4.161773 -0.938129
1005 41.1044592706 16.0000000000 1.0000000000 0.6691616076 67.0000000000 5.6280795167 0.8864171648 5.8182091488 0.2711177558 5.1766764874 0.2074994590 33.8515576989 -523.1760953011 25.4263562731 6.5140758391 4.095696 -1.618772 -3.140281 -1.057470 1.783689 -4.015096 -3.081587 2.160185 2.115244 -2.051615 -2.939282 3.283184 -4.391272 -4.028398 3.131532 -2.227489 0.909453 1.113203 3.584906 -2.772383 -2.969437 3.817951 -1.667798 4.374611 -0.953987 -4.185933 -0.229360 3.104663 -3.052696 -2.505901 3.983188 5.000000 -2.235833 -2.411193 -3.010335 3.687396 1.392570 0.036239 -3.931872 -2.148108
evaluations raw_y rep iid sigma t d_norm d_mean ps_norm ps_mean pc_norm pc_mean ps_squared loglikelihood mhl_norm mhl_mean x0 x1 x2 x3 x4 x5 x6 x7 x8 x9 x10 x11 x12 x13 x14 x15 x16 x17 x18 x19 x20 x21 x22 x23 x24 x25 x26 x27 x28 x29 x30 x31 x32 x33 x34 x35 x36 x37 x38 x39
1 94.2494040107 17.0000000000 1.0000000000 0.6691616076 67.0000000000 5.6280795167 0.8864171648 5.8182091488 0.2711177558 5.1766764874 0.2074994590 33.8515576989 -523.1760953011 25.4263562731 6.5140758391 0.552532 -3.709256 1.247802 2.290623 2.074381 3.773278 -0.223397 -0.724203 0.297350 -0.875566 4.342514 2.304621 -3.637625 -0.276099 1.079679 -3.550565 2.629753 -0.946896 -2.184460 -0.500055 -1.964589 2.062538 0.982668 -0.893293 -1.612720 0.262536 -2.425120 0.319982 -1.510446 0.699792 1.955084 -0.277170 0.207713 0.601182 1.936411 1.739248 1.135566 0.930565 -2.330746 -4.071990
3 87.3404835259 17.0000000000 1.0000000000 0.6691616076 67.0000000000 5.6280795167 0.8864171648 5.8182091488 0.2711177558 5.1766764874 0.2074994590 33.8515576989 -523.1760953011 25.4263562731 6.5140758391 -0.853262 1.615880 0.114560 -2.080343 1.868296 -0.240069 4.414033 -5.000000 2.467058 -1.175762 -1.953874 0.936141 5.000000 -2.416171 2.007206 2.261453 1.120079 -1.236795 -0.449597 4.431803 -0.308517 0.575214 1.158722 1.866500 3.339237 3.434479 -0.507301 -2.326097 1.068903 -2.818062 -2.119540 -0.892245 -2.324898 -1.243985 1.218663 1.230439 1.008596 -1.351405 2.627032 1.806749
5 79.2300574561 17.0000000000 1.0000000000 0.6691616076 67.0000000000 5.6280795167 0.8864171648 5.8182091488 0.2711177558 5.1766764874 0.2074994590 33.8515576989 -523.1760953011 25.4263562731 6.5140758391 0.293813 0.585117 -1.262101 -0.818094 0.074755 1.867740 -2.757204 -0.655961 0.783612 1.496644 0.321071 -1.224186 1.376991 0.364170 0.936116 -1.431423 0.446975 -0.459108 -0.819845 -2.389461 -2.429198 -3.327470 2.576619 -1.250526 3.910551 -3.789582 -0.497270 2.589940 -2.554287 -2.461377 0.676576 1.020571 0.100827 -1.624627 -0.293592 4.104608 2.290745 0.152960 -1.721311 -0.775398
10 64.0091068751 17.0000000000 1.0000000000 0.6691616076 67.0000000000 5.6280795167 0.8864171648 5.8182091488 0.2711177558 5.1766764874 0.2074994590 33.8515576989 -523.1760953011 25.4263562731 6.5140758391 1.531807 0.080688 0.326325 -4.826465 5.000000 0.564356 -3.093857 -0.538963 -1.917426 0.714294 -2.065842 0.583477 0.595117 -1.188023 1.180770 -0.065766 -1.301192 -0.199631 -0.077635 -0.326728 0.038938 -0.643396 2.281949 0.347296 2.076395 2.610003 0.119793 1.799881 -0.129093 -0.754940 2.583236 1.367863 0.200646 -1.300791 0.890121 1.187068 -0.475068 0.170830 0.534204 -3.264980
16 58.5597455464 17.0000000000 1.0000000000 1.8941721811 1.0000000000 6.3118964814 0.9979778598 3.3554996185 0.0547789909 2.8455901881 0.0464546496 11.2593776895 -1280.5367616668 26.3466331144 6.7077346766 -0.322378 5.000000 -0.401555 -2.547537 3.674698 2.133704 -3.639101 -2.845875 -1.399303 2.669998 -3.490367 0.987015 3.015147 -2.457550 -0.561986 0.631991 -0.887913 3.880203 2.699519 -0.645792 -1.738184 0.253294 1.555642 1.199913 1.928892 4.427191 2.196171 2.652406 0.006603 -2.619409 1.737770 1.978700 1.388295 0.090548 -0.020020 4.745159 -0.904507 -0.495375 1.978849 -2.926957
27 54.2158480922 17.0000000000 1.0000000000 1.8941721811 1.0000000000 6.3118964814 0.9979778598 3.3554996185 0.0547789909 2.8455901881 0.0464546496 11.2593776895 -1280.5367616668 26.3466331144 6.7077346766 2.224482 1.849761 2.977444 -0.507229 2.800501 1.671101 -3.666656 0.010756 3.708195 0.859651 0.372495 2.000525 0.844736 -1.859615 -1.568585 -1.339893 -0.435411 0.191099 -1.999684 -0.922374 1.164511 -1.810593 1.689436 -3.049577 -0.012413 1.117083 -3.148453 4.231016 -0.007829 0.698236 3.474644 -2.086573 -0.721653 -1.813134 3.220725 -1.402797 2.341103 -1.756020 -3.337237 -3.803690
43 50.7203056030 17.0000000000 1.0000000000 1.8305849940 2.0000000000 6.2966581664 0.9955411315 4.4450887341 0.1051815453 3.8641397682 0.0908751969 19.7588138540 -1266.2027325139 26.7089010808 6.7710539353 1.487769 4.716291 -4.444417 1.698551 5.000000 -0.466472 -2.396591 0.043618 2.821103 0.247257 -1.131843 2.847956 -1.808028 0.560731 -3.340125 -1.277997 -0.586526 1.951255 -0.791051 1.757192 -5.000000 -1.750237 0.008907 0.180449 0.379951 4.283362 -1.426854 4.398843 2.569973 4.354452 5.000000 -4.922054 -0.340178 0.200919 1.092966 -0.330143 0.664058 -1.170418 -1.094970 -2.659689
44 48.1821138511 17.0000000000 1.0000000000 1.8305849940 2.0000000000 6.2966581664 0.9955411315 4.4450887341 0.1051815453 3.8641397682 0.0908751969 19.7588138540 -1266.2027325139 26.7089010808 6.7710539353 -0.863952 5.000000 1.584426 -0.903909 4.898624 -0.564887 -3.989662 -2.318218 -0.317552 1.316820 0.316330 -1.596879 2.267424 -3.275241 -2.494513 -0.121618 2.984325 1.288055 -3.934419 -0.457355 -3.100548 -1.062970 3.283673 -0.496894 5.000000 0.299302 0.085968 1.920174 -1.870052 -3.538700 1.288726 0.913659 -2.592321 -3.828646 -0.338926 3.579979 0.974325 1.899619 0.001934 -1.482216
382 47.5898310096 17.0000000000 1.0000000000 1.1094931548 25.0000000000 6.0419608604 0.9544539604 5.3912898499 -0.1152065532 4.9069888146 -0.1104398213 29.0660062454 -875.3321657087 24.6383710756 6.3001977442 -3.477907 4.688961 0.665821 1.201330 2.921850 2.204349 -4.464850 -1.170951 2.337910 -2.714428 -2.478783 3.923051 1.427847 -5.000000 -4.270578 -0.643998 1.968026 -0.595260 -0.618233 0.248522 -3.189847 -0.736763 4.375844 1.484709 -4.286665 4.045794 -4.164798 0.770332 2.614193 -5.000000 0.392568 -0.749848 -0.327924 -1.477752 2.314420 -0.749923 4.756362 -1.433598 -0.130967 -3.715819
454 44.0323662160 17.0000000000 1.0000000000 1.0167330521 30.0000000000 5.9849803208 0.9452440624 4.7469973174 -0.0980719271 4.2905312580 -0.1103291131 22.5339835317 -831.7687844397 25.3361919224 6.4568625796 -3.923314 4.861054 2.186399 -3.339739 1.230438 2.757664 -3.725313 -1.516023 3.617256 -4.255687 -3.124536 3.916023 1.917713 -2.897012 -2.611999 1.866981 -2.056459 -1.943706 -1.558096 3.805098 -4.493277 -2.000042 4.706849 -0.594429 -3.165402 2.806227 -3.240879 -1.089110 3.533823 -3.450245 2.409421 -0.862388 1.062274 -3.990231 1.992920 0.839140 5.000000 -2.245235 1.746990 -2.536552
752 41.5538908807 17.0000000000 1.0000000000 0.8238412141 50.0000000000 5.7863839480 0.9129424922 5.7507678074 0.0270488975 5.3689704101 0.0054104490 33.0713303745 -683.8181458897 25.8330277636 6.6130255478 -4.099625 5.000000 -0.256888 -4.468896 4.848434 0.712698 -4.433136 0.225820 4.451416 -3.194439 -4.242558 3.734325 -1.004445 -4.534421 -3.497311 1.504252 2.306563 -0.161823 -3.615384 2.087017 -3.500431 -3.221432 1.136421 -0.116897 -3.576867 2.307577 3.061572 0.532964 2.549323 -2.412211 1.381312 0.759181 3.579560 -3.394777 5.000000 0.637575 3.786923 -3.124306 2.337601 -0.218611
1005 54.1693539723 17.0000000000 1.0000000000 0.6486822933 67.0000000000 5.6180128895 0.8850498245 4.5459792921 -0.0587888880 3.8316630075 -0.0429841566 20.6659277242 -514.5898404221 25.9336285669 6.6444914785 -2.738195 4.220676 -1.060575 -3.260625 1.773431 -0.193336 -4.464762 1.033513 3.524445 -4.560653 -3.749150 4.435797 -0.793886 -4.760295 -3.640344 2.143944 3.537779 -0.181794 -3.462991 0.521196 -3.608134 -2.559831 -0.315430 -1.645531 -3.245017 3.175098 1.752198 -0.174514 2.037240 -4.437532 0.729808 1.766472 3.390111 -3.479241 4.164578 -1.627063 2.514411 -3.273684 4.303636 1.263626
evaluations raw_y rep iid sigma t d_norm d_mean ps_norm ps_mean pc_norm pc_mean ps_squared loglikelihood mhl_norm mhl_mean x0 x1 x2 x3 x4 x5 x6 x7 x8 x9 x10 x11 x12 x13 x14 x15 x16 x17 x18 x19 x20 x21 x22 x23 x24 x25 x26 x27 x28 x29 x30 x31 x32 x33 x34 x35 x36 x37 x38 x39
1 87.4553361088 18.0000000000 1.0000000000 0.6486822933 67.0000000000 5.6180128895 0.8850498245 4.5459792921 -0.0587888880 3.8316630075 -0.0429841566 20.6659277242 -514.5898404221 25.9336285669 6.6444914785 0.158857 4.380405 -0.269784 0.321036 0.885396 1.246783 2.017807 0.788498 -0.672773 -1.291813 1.610915 0.832886 1.149239 -2.203343 -1.989514 2.691039 1.163736 1.074477 4.134094 -0.580648 1.202730 -1.129054 -2.335903 -2.044004 1.767039 -1.067489 -2.700864 0.460188 1.789710 2.741520 4.927403 2.255803 -1.638428 0.134928 2.154433 -1.107090 1.355235 2.082987 -3.502844 0.237339
2 64.9855202393 18.0000000000 1.0000000000 0.6486822933 67.0000000000 5.6180128895 0.8850498245 4.5459792921 -0.0587888880 3.8316630075 -0.0429841566 20.6659277242 -514.5898404221 25.9336285669 6.6444914785 2.277402 1.354170 0.612270 -0.030544 4.135977 -0.090536 -3.206250 -0.935504 0.297315 0.705742 -0.501302 0.172256 -0.340330 1.701336 -2.237533 -0.147728 -2.826398 -2.239788 0.744920 -0.886148 1.940151 0.114399 1.068929 2.432949 -1.111856 -4.582294 -3.010252 -2.485479 -0.922775 -2.466883 0.968889 1.176252 -1.083262 1.065766 0.948540 4.128864 4.340174 -0.705943 5.000000 -1.807078
9 60.8847808284 18.0000000000 1.0000000000 0.6486822933 67.0000000000 5.6180128895 0.8850498245 4.5459792921 -0.0587888880 3.8316630075 -0.0429841566 20.6659277242 -514.5898404221 25.9336285669 6.6444914785 -1.101999 0.034039 2.478488 -0.045228 -0.357461 -0.252806 1.977281 -1.116527 -2.768999 -2.523433 1.078555 2.454126 -3.429098 -0.667773 1.498514 2.271459 -5.000000 -0.674698 1.299123 -3.762915 5.000000 -1.929898 2.413297 0.563033 1.403225 4.838130 -0.501393 0.498251 1.181354 1.145022 1.318216 2.280896 -0.172143 -0.637262 -3.721856 3.264161 1.189667 -2.606414 3.718333 3.107814
17 60.8307664771 18.0000000000 1.0000000000 1.8948753645 1.0000000000 6.3149417625 0.9984443803 3.3755015685 0.0976466675 2.8625525959 0.0828080556 11.3940108391 -1298.1843408878 26.9408106400 6.9101869110 1.928734 0.877040 3.766319 -2.319640 0.684987 4.013887 -3.844671 -2.797402 -0.204445 0.133980 -0.645018 4.205486 -0.290944 -0.190622 -5.000000 0.759610 -1.028245 -1.986980 -0.811907 -0.479429 2.656052 -1.735658 2.421016 -0.103535 -0.262979 0.861959 0.134773 -0.555999 1.798010 1.440775 -1.791668 2.358322 1.745999 -0.088847 3.317556 4.707909 -2.015086 -2.870262 0.729129 -3.456800
29 58.5233716944 18.0000000000 1.0000000000 1.8948753645 1.0000000000 6.3149417625 0.9984443803 3.3755015685 0.0976466675 2.8625525959 0.0828080556 11.3940108391 -1298.1843408878 26.9408106400 6.9101869110 -0.529465 1.523486 2.867957 -0.267669 5.000000 1.690821 -0.078788 -1.076218 2.949013 -2.585694 -5.000000 0.274538 -1.541765 1.190455 -0.331932 -0.622018 -5.000000 -0.684789 1.481853 1.004404 3.541009 -0.872091 0.616690 -0.295572 1.701184 -1.003313 -1.172627 0.195995 0.129782 2.267548 2.921175 -1.462629 -3.123489 -2.108616 -1.232639 1.532750 -1.373879 1.130592 1.481605 0.527151
48 58.2704424183 18.0000000000 1.0000000000 1.7776413931 3.0000000000 6.2905868151 0.9945383577 4.7343971228 0.0786384378 4.2022154398 0.0694317754 22.4145161164 -1217.4287399919 25.5426465575 6.4913782675 -2.025241 1.959775 2.737321 -2.695149 1.501807 -0.684927 -1.623410 -1.021835 1.096511 1.641145 1.031532 -0.884596 2.467912 1.327493 -0.943892 1.385718 -1.159014 -0.852441 1.245415 -1.517929 1.178374 0.660107 1.270809 3.969799 1.088277 0.812264 0.527675 0.415808 1.339824 0.333300 4.484067 -0.509331 -1.760149 0.517686 0.724287 0.858362 0.663824 -0.419338 0.295822 0.853045
53 56.3931833281 18.0000000000 1.0000000000 1.7776413931 3.0000000000 6.2905868151 0.9945383577 4.7343971228 0.0786384378 4.2022154398 0.0694317754 22.4145161164 -1217.4287399919 25.5426465575 6.4913782675 0.863208 -1.214347 3.768790 -2.294269 4.442884 0.308566 -1.742433 0.954322 -1.139027 -3.163262 2.105348 -0.217529 2.001894 -0.296045 0.144008 -1.743982 -5.000000 0.215111 1.214713 3.253518 4.533393 -1.534959 3.728640 -0.654860 -0.009053 0.245204 -0.637381 0.464150 1.207584 -1.609206 0.707770 2.415681 0.631497 3.176455 -1.335152 0.063882 -5.000000 -1.893276 3.338237 -2.465165
62 43.2067786015 18.0000000000 1.0000000000 1.7097681404 4.0000000000 6.2785683388 0.9926059837 4.1873171428 0.1114350257 3.7082522720 0.0985680245 17.5336248540 -1201.5355531290 25.8926946205 6.6131946963 0.532339 1.689722 3.808937 -0.501381 1.325501 2.590421 1.769328 -0.559621 -2.134190 -0.596308 -1.642418 -0.060425 -0.629106 0.316005 0.355833 -1.218775 -3.259273 -1.852126 -2.204298 2.294538 1.566958 -1.866626 4.376860 1.460703 -1.653562 -1.370367 0.624038 0.789491 -0.247936 -2.936719 0.790576 -0.696702 0.746561 0.127496 -0.178156 -0.354611 -3.395976 1.045158 1.960345 2.838654
866 39.7021557714 18.0000000000 1.0000000000 0.8033146911 57.0000000000 5.7133315930 0.9009755635 6.3217055749 0.1115879286 5.5444179173 0.0925300521 39.9639613752 -625.1357483012 24.4167014911 6.2339810016 2.307014 4.650465 -5.000000 -1.817411 0.479440 -0.492710 0.676249 -2.062804 1.217391 0.826444 -0.673963 4.236231 0.369305 0.748782 1.981372 -2.601270 -2.258595 2.817215 1.073931 -2.226591 -4.022367 3.434624 -2.839606 -1.048530 0.612075 -2.072512 0.747816 3.541839 -3.987639 0.091728 3.406195 0.053845 -2.804293 -1.694541 -2.826753 -2.353767 -5.000000 -1.073655 4.010907 0.974005
1005 69.2494030963 18.0000000000 1.0000000000 0.7073908016 67.0000000000 5.6123655856 0.8846487522 5.7727542448 0.1972018568 4.9089290226 0.1161635417 33.3246915704 -529.5896021262 24.2197210922 6.1883492684 2.993698 2.843365 -3.612388 -1.954025 1.143215 -0.854484 -1.018854 -0.271609 1.424676 -0.982783 -0.592374 4.320509 0.329684 -0.646023 2.263507 -3.420754 -1.471351 1.561053 1.956723 -1.641445 -5.000000 2.852754 -4.958790 0.143482 0.755717 -3.303231 1.531038 2.138730 -2.479655 -0.680389 2.294419 1.130689 -2.459461 -3.373006 -0.542076 -4.164661 -3.285978 -0.357385 3.932284 -0.729984
evaluations raw_y rep iid sigma t d_norm d_mean ps_norm ps_mean pc_norm pc_mean ps_squared loglikelihood mhl_norm mhl_mean x0 x1 x2 x3 x4 x5 x6 x7 x8 x9 x10 x11 x12 x13 x14 x15 x16 x17 x18 x19 x20 x21 x22 x23 x24 x25 x26 x27 x28 x29 x30 x31 x32 x33 x34 x35 x36 x37 x38 x39
1 80.2003627950 19.0000000000 1.0000000000 0.7073908016 67.0000000000 5.6123655856 0.8846487522 5.7727542448 0.1972018568 4.9089290226 0.1161635417 33.3246915704 -529.5896021262 24.2197210922 6.1883492684 0.442007 -0.680930 -1.155497 -0.808063 -1.206579 -0.487705 2.070687 1.161507 0.504827 -2.925092 -3.096683 0.530545 -0.001792 -2.031985 0.223979 -2.383904 3.111088 -1.866600 1.053068 -0.299929 1.045571 2.684310 3.117043 2.511988 1.817207 -1.681803 2.011170 -2.047608 0.363548 -0.833362 3.956817 3.834889 -2.062014 -0.966624 -1.290160 0.120696 1.095861 1.690297 -2.414363 0.749681
2 76.4294934782 19.0000000000 1.0000000000 0.7073908016 67.0000000000 5.6123655856 0.8846487522 5.7727542448 0.1972018568 4.9089290226 0.1161635417 33.3246915704 -529.5896021262 24.2197210922 6.1883492684 1.884696 -0.702528 0.919470 -0.097033 0.830964 -1.403752 0.370929 0.936700 0.079047 1.432281 -0.963377 -0.104982 -0.544557 0.615971 -3.521307 2.300448 -0.435462 -2.441175 -0.687231 3.097524 -0.415951 -0.483348 -0.249192 1.121828 2.617625 1.896513 1.583996 -0.380984 -0.014522 -1.350757 -1.515831 -2.504505 -1.530213 2.654848 0.492101 0.135669 -1.362209 -0.242765 -1.653856 -2.964715
6 56.5975821654 19.0000000000 1.0000000000 0.7073908016 67.0000000000 5.6123655856 0.8846487522 5.7727542448 0.1972018568 4.9089290226 0.1161635417 33.3246915704 -529.5896021262 24.2197210922 6.1883492684 -2.852197 2.753943 0.584211 0.997895 2.198996 0.747925 2.332179 1.900287 1.480360 1.815100 -2.400208 -1.378884 0.827646 -0.695475 0.630636 3.411335 0.291518 -2.854247 1.817775 -1.098493 3.188779 1.203599 -1.296939 -1.029604 1.245426 0.898566 -3.179810 -2.194255 -0.729907 0.668714 0.026888 -2.029729 -3.311668 2.534671 -0.566250 -2.614393 -0.273734 -3.334760 -0.653283 1.538526
34 40.0794292918 19.0000000000 1.0000000000 1.7782980704 2.0000000000 6.2991393057 0.9959408654 3.5510171472 0.0267747619 3.0443713285 0.0211304664 12.6097227799 -1257.2662458816 26.9739290034 6.9135008139 -0.921562 3.038551 -2.809964 -1.907200 0.550703 2.645008 -5.000000 -1.034095 1.113295 -0.363957 -0.645121 0.365221 -1.657323 2.445787 2.869307 2.073899 1.424999 -1.249496 -2.031551 0.050268 4.574107 1.765018 -2.322652 -0.276406 3.690878 1.458471 -0.528022 -3.098730 -0.050595 2.122055 0.135443 3.388574 3.982199 -0.915334 0.495005 -1.701649 -0.666424 1.662350 -3.092446 -2.269662
756 33.6707331503 19.0000000000 1.0000000000 0.7406086527 50.0000000000 5.7755077441 0.9115230215 5.4670538914 0.0998893788 4.6356368918 0.0910429828 29.8886782515 -616.5290637033 25.8109542580 6.5727394042 -0.591670 -2.761665 -2.165198 -0.586759 -0.153554 -1.726863 1.809322 2.931504 2.182628 2.384812 2.646523 -1.090638 -0.144481 -2.608327 0.575395 -0.821314 1.981619 -2.295912 -0.338690 -1.042044 3.216821 1.361237 -2.622330 3.545184 -3.944931 2.442857 1.641818 4.535456 -2.490136 3.540500 1.735138 3.465633 3.658218 -1.965454 4.340559 -3.371963 -1.150437 -0.261505 2.073624 2.275291
1005 51.0686116236 19.0000000000 1.0000000000 0.6908742250 67.0000000000 5.6009992609 0.8831050007 5.2854058455 -0.0957940328 4.9337364777 -0.1103487706 27.9355149518 -568.6815885321 26.7550262666 6.8205643343 -3.738794 -2.297437 -2.926477 2.012059 -0.194584 -2.171135 -0.345871 2.790144 3.063067 2.020139 0.533088 -0.897145 0.076563 -1.709852 0.428317 0.359785 2.629481 -3.608248 -2.627341 -2.114933 3.260238 2.410689 -3.425568 2.860587 -5.000000 5.000000 3.237639 3.585053 -0.929723 3.467237 1.812236 3.488590 2.063112 -4.792720 4.460602 -3.566311 -3.442581 -1.105081 2.229684 -1.734127
evaluations raw_y rep iid sigma t d_norm d_mean ps_norm ps_mean pc_norm pc_mean ps_squared loglikelihood mhl_norm mhl_mean x0 x1 x2 x3 x4 x5 x6 x7 x8 x9 x10 x11 x12 x13 x14 x15 x16 x17 x18 x19 x20 x21 x22 x23 x24 x25 x26 x27 x28 x29 x30 x31 x32 x33 x34 x35 x36 x37 x38 x39
1 67.4713771158 0.0000000000 2.0000000000 0.6908742250 67.0000000000 5.6009992609 0.8831050007 5.2854058455 -0.0957940328 4.9337364777 -0.1103487706 27.9355149518 -568.6815885321 26.7550262666 6.8205643343 3.528105 0.800314 1.957476 4.481786 3.735116 -1.954556 1.900177 -0.302714 -0.206438 0.821197 0.288087 2.908547 1.522075 0.243350 0.887726 0.667349 2.988158 -0.410317 0.626135 -1.708191 -5.000000 1.307237 1.728872 -1.484330 4.539509 -2.908731 0.091517 -0.374368 3.065558 2.938718 0.309895 0.756325 -1.775571 -3.961593 -0.695824 0.312698 2.460581 2.404760 -0.774654 -0.604606
2 64.0319149518 0.0000000000 2.0000000000 0.6908742250 67.0000000000 5.6009992609 0.8831050007 5.2854058455 -0.0957940328 4.9337364777 -0.1103487706 27.9355149518 -568.6815885321 26.7550262666 6.8205643343 -2.097106 -2.840036 -3.412540 3.901551 -1.019304 -0.876149 -2.505591 1.554981 -3.227796 -0.425481 -1.790933 0.773805 -1.021610 -2.361264 -0.056364 0.856664 0.133034 0.604944 -1.268644 -0.725482 -1.344921 -0.719106 -1.626293 -3.452565 0.354852 -0.803562 -3.260397 0.925565 -1.814597 0.103891 1.458181 0.257966 2.278801 -2.469652 0.804683 -1.369620 -1.741594 -1.157699 -0.623105 0.112331
11 54.9909940641 0.0000000000 2.0000000000 0.6908742250 67.0000000000 5.6009992609 0.8831050007 5.2854058455 -0.0957940328 4.9337364777 -0.1103487706 27.9355149518 -568.6815885321 26.7550262666 6.8205643343 -1.197308 -2.231794 1.533326 0.712586 -3.537077 0.710964 1.629040 0.117851 -0.370107 -1.615297 -2.893069 1.600596 -0.618229 -0.466933 3.465442 1.369002 0.741650 0.284124 3.039990 3.439179 1.859010 1.164449 -4.189206 0.247444 -0.260214 0.187906 1.886092 -5.000000 -1.138624 0.539809 -0.933691 -2.833812 1.737927 0.553744 -1.942209 0.629634 1.643171 0.010585 1.601130 0.156520
13 50.3576099936 0.0000000000 2.0000000000 0.6908742250 67.0000000000 5.6009992609 0.8831050007 5.2854058455 -0.0957940328 4.9337364777 -0.1103487706 27.9355149518 -568.6815885321 26.7550262666 6.8205643343 1.542812 2.058878 -1.817526 -0.848635 1.725192 -5.000000 3.026656 1.106264 -0.091408 0.441015 -2.059871 -0.699887 2.200569 2.596044 5.000000 -0.147849 -1.317106 -1.028468 -2.036084 -0.155710 0.765465 -0.068485 2.192694 -0.468432 -0.694901 -1.162537 -3.265269 -3.135535 -2.358316 2.602856 1.790521 2.749928 -2.664423 -3.937249 -1.320113 0.351638 0.997381 2.095944 0.568559 3.485338
211 48.7617492735 0.0000000000 2.0000000000 1.5159244049 14.0000000000 6.1732028048 0.9755703153 6.1422140468 -0.2485812682 5.7895612703 -0.2566935035 37.7267933972 -1043.3991538141 22.9682279428 5.8781767145 1.770030 -3.857692 -0.938424 0.499496 1.606699 1.158147 0.505551 3.064940 -2.238726 -0.145677 -0.169451 -4.202464 -0.827772 1.650280 0.677269 1.044720 -3.810419 3.456329 -3.892073 -2.114970 -2.675203 -4.422464 -3.389465 -3.858279 -2.944780 -3.342871 3.493457 -2.766113 -3.044442 1.577757 -3.094143 -2.944536 -3.190266 -2.462023 -1.173370 -0.701637 1.233695 -0.038755 3.250492 1.249307
534 46.5304465258 0.0000000000 2.0000000000 1.0751989711 35.0000000000 5.9531639965 0.9398267303 6.3652306863 0.1412896013 6.0168545053 0.1362830557 40.5161616892 -867.3380256105 25.7033007647 6.5665044467 -1.000478 0.965179 -1.062831 3.157705 -1.201021 1.445432 -0.834116 0.960044 -3.731528 -4.571772 0.031774 0.462056 2.057126 1.086527 2.232868 -2.221334 -0.005246 1.783223 -5.000000 -0.334336 -2.439605 -3.813600 -2.339535 -2.589375 1.390154 1.633480 1.129559 -2.898368 -3.293492 -1.520212 -0.236623 -2.345186 -3.270806 0.944077 -1.613992 -3.208340 1.719604 3.515708 2.301060 1.470049
538 45.0446734012 0.0000000000 2.0000000000 1.0751989711 35.0000000000 5.9531639965 0.9398267303 6.3652306863 0.1412896013 6.0168545053 0.1362830557 40.5161616892 -867.3380256105 25.7033007647 6.5665044467 -0.888012 1.446038 0.254015 3.220970 -1.246011 2.465713 -2.289238 -0.121241 -5.000000 -4.822255 -1.059684 0.641021 2.128482 1.660381 1.832968 -3.774660 1.064137 0.957855 -5.000000 -2.424787 -3.884640 -4.320887 -2.053898 -3.159334 2.606775 2.766657 2.440290 -2.071864 -3.645522 -1.912376 -1.538841 -2.396019 -1.816189 0.025144 -3.082750 -2.970588 0.157908 -0.565432 0.745151 2.944795
1001 38.6789451586 0.0000000000 2.0000000000 0.8116336569 66.0000000000 5.6472590465 0.8893933892 4.7152328852 -0.0398570350 4.0870758281 -0.0419994249 22.2334211613 -678.8329231549 26.8822112725 6.8483938914 -1.364666 4.588956 1.937209 2.984683 -1.595150 3.025705 -4.433054 1.529540 -0.922006 -1.543446 -3.096320 0.256786 4.310164 -0.688020 -1.036332 -2.741114 0.378001 -1.642296 -4.300797 0.170916 -0.842624 -2.265215 -3.239772 -2.400972 1.288491 0.899830 -1.817949 -0.505081 -4.033033 -4.267286 -2.012561 -1.595629 1.166317 0.577795 -1.970851 -1.658356 -1.125641 -0.170025 -0.494640 2.064414
1005 88.2745446629 0.0000000000 2.0000000000 0.7953682394 67.0000000000 5.6369301111 0.8877357845 5.1942836422 -0.0083197788 4.2586995214 -0.0180771907 26.9805825560 -639.1456902625 25.8442163449 6.6127932878 -1.500017 4.247535 1.458919 1.932553 -1.376802 2.005686 -3.481551 1.251568 -0.967438 -3.559585 -1.589574 -0.336807 3.316798 1.173726 -0.640953 -5.000000 -1.031478 -1.151068 -3.337779 -0.356830 -2.170802 -3.002776 -2.204558 -4.041487 2.568621 -0.454805 -1.536283 -1.166746 -3.650496 -3.780418 -1.968842 -1.966264 -1.006774 0.233660 -1.190203 -2.851749 1.029125 -0.159810 -0.689515 1.438322
evaluations raw_y rep iid sigma t d_norm d_mean ps_norm ps_mean pc_norm pc_mean ps_squared loglikelihood mhl_norm mhl_mean x0 x1 x2 x3 x4 x5 x6 x7 x8 x9 x10 x11 x12 x13 x14 x15 x16 x17 x18 x19 x20 x21 x22 x23 x24 x25 x26 x27 x28 x29 x30 x31 x32 x33 x34 x35 x36 x37 x38 x39
1 96.7738727649 1.0000000000 2.0000000000 0.7953682394 67.0000000000 5.6369301111 0.8877357845 5.1942836422 -0.0083197788 4.2586995214 -0.0180771907 26.9805825560 -639.1456902625 25.8442163449 6.6127932878 3.248691 -1.223513 -1.056344 -2.145937 1.730815 -4.603077 3.489624 -1.522414 0.638078 -0.498741 2.924216 -4.120281 -0.644834 -0.768109 2.267539 -2.199783 -0.344856 -1.755717 0.084427 1.165630 -2.201238 2.289447 1.803181 1.004989 1.801712 -1.367456 -0.245780 -1.871539 -0.535776 1.060711 -1.383322 -0.793507 -1.374345 -1.690411 -1.342492 -0.025329 -2.234621 0.468831 3.319604 1.484088
2 48.8909212693 1.0000000000 2.0000000000 0.7953682394 67.0000000000 5.6369301111 0.8877357845 5.1942836422 -0.0083197788 4.2586995214 -0.0180771907 26.9805825560 -639.1456902625 25.8442163449 6.6127932878 -0.383671 -1.775258 -1.494317 3.384909 0.101616 -1.273991 0.381831 4.200510 0.240318 1.234406 0.600341 -0.704500 -2.285036 -0.698685 -0.417788 1.173246 1.677967 1.862204 0.571175 1.770282 -1.508796 2.505736 1.025860 -0.596186 0.977036 -0.151143 2.263259 3.039634 4.371151 -2.792993 -2.888228 -1.008932 0.320074 1.752338 0.631270 -4.044402 -0.612408 1.655949 0.460189 1.524022
45 45.2875406650 1.0000000000 2.0000000000 1.8242388218 2.0000000000 6.2979066535 0.9957433424 4.3111168309 0.1110175618 3.7489325297 0.0969708356 18.5857283297 -1233.9147224590 25.5441213011 6.4920134816 0.863523 0.107490 0.136583 3.639212 1.452697 0.136328 0.824811 1.101808 0.880846 5.000000 1.120235 -1.271660 0.569621 -2.571241 3.429932 4.071770 4.085576 0.669070 4.510521 4.612971 -0.860867 3.276906 -2.034202 -1.633547 -5.000000 0.904206 -0.334817 4.335342 -0.303981 -2.175703 -0.223529 -3.003806 2.671904 2.930632 -2.024633 1.141456 -2.083531 1.773395 -3.600231 1.048072
56 44.4396640300 1.0000000000 2.0000000000 1.7952033845 3.0000000000 6.2852475741 0.9937073084 5.4205859951 0.2622100907 4.7709639573 0.2283131275 29.3827525301 -1270.4907142883 27.3253321428 6.9566313394 2.089764 -0.086192 1.190592 2.877892 2.966361 -1.226719 3.134106 1.264353 1.729309 5.000000 1.645981 1.847270 -0.536408 2.635056 0.478228 1.697698 -0.076396 -2.137669 0.583130 1.085757 -0.924185 -1.153227 -2.072282 0.441648 -4.394973 4.112336 1.288732 -4.055674 -1.883667 -2.899911 3.242192 -0.838340 3.841126 1.478464 1.992736 0.308662 -0.106906 0.549667 -1.400298 -0.652316
442 42.3159895479 1.0000000000 2.0000000000 1.0879679266 29.0000000000 5.9951876072 0.9469351643 5.7334163277 0.0542860380 5.1485507151 0.0497924363 32.8720627864 -911.0534348739 26.8149299604 6.8664082990 -0.263326 -2.480257 3.398667 -0.043485 4.308570 -2.618446 3.656076 2.798691 -1.987486 0.842436 0.882944 -0.582269 0.229502 3.194247 4.188158 3.348669 2.180807 -3.556101 -2.399044 4.500444 -2.153864 -2.112074 -2.583168 -3.680903 -1.097630 0.173621 -1.414694 -3.637274 3.183894 -1.957991 1.453597 2.630837 0.653765 0.766247 -1.681878 2.013206 2.492239 -1.552162 -2.108452 0.881601
856 41.4021642015 1.0000000000 2.0000000000 0.7186681083 57.0000000000 5.6943761344 0.8983941971 5.2993711609 0.1058211641 4.7201454271 0.0659975360 28.0833347012 -569.1797690219 25.0415934429 6.4074407896 -0.546723 -3.440447 0.798510 -0.479709 2.691865 -4.906021 3.569472 0.116638 -1.134336 -1.477104 -0.464920 1.560789 0.247853 -3.137684 0.475918 5.000000 2.822168 -4.924598 -3.904943 3.001349 -1.563429 -2.514380 2.190038 -1.496195 -0.195320 -0.589275 0.564051 -2.685137 0.683731 -1.312884 3.296208 1.902900 0.511695 2.761652 1.260806 3.509636 2.990210 -1.033452 -0.233362 0.908713
1005 93.9100509487 1.0000000000 2.0000000000 0.6611146513 67.0000000000 5.5887228174 0.8812211636 5.8652538353 0.2390844741 5.4279335169 0.2268399732 34.4012025519 -515.7797964328 25.6305410197 6.5330628452 1.436510 -3.567234 0.244039 0.440595 1.570156 -5.000000 1.815349 0.838799 -2.220480 -0.343154 2.032162 2.805623 0.171450 -4.679038 1.025687 4.615873 3.344068 -3.618736 -0.935865 4.606301 -2.225348 -3.297326 4.131940 -1.321672 1.664331 -0.488032 2.257848 -3.645180 0.538081 -0.479341 2.858156 2.397768 1.718219 3.437957 1.424402 3.392316 3.369886 -0.722159 0.205986 -0.847660
evaluations raw_y rep iid sigma t d_norm d_mean ps_norm ps_mean pc_norm pc_mean ps_squared loglikelihood mhl_norm mhl_mean x0 x1 x2 x3 x4 x5 x6 x7 x8 x9 x10 x11 x12 x13 x14 x15 x16 x17 x18 x19 x20 x21 x22 x23 x24 x25 x26 x27 x28 x29 x30 x31 x32 x33 x34 x35 x36 x37 x38 x39
1 123.8828620213 2.0000000000 2.0000000000 0.6611146513 67.0000000000 5.5887228174 0.8812211636 5.8652538353 0.2390844741 5.4279335169 0.2268399732 34.4012025519 -515.7797964328 25.6305410197 6.5330628452 -0.833516 -0.112534 -4.272392 3.280542 -3.586871 -1.683495 1.005763 -2.490576 -2.115904 -1.818015 1.102908 4.584416 0.083079 -2.235851 1.078117 -1.192319 -0.038261 2.350002 -1.495742 0.018051 -1.756216 -0.312868 0.513141 -1.977558 -0.677644 -0.472368 -1.275310 -2.375225 -2.842434 -0.306990 -0.538114 4.462734 -4.869535 0.225453 0.740889 2.719268 1.003714 -1.688427 0.000020 1.084705
2 74.1305239968 2.0000000000 2.0000000000 0.6611146513 67.0000000000 5.5887228174 0.8812211636 5.8652538353 0.2390844741 5.4279335169 0.2268399732 34.4012025519 -515.7797964328 25.6305410197 6.5330628452 -0.627016 1.542023 -3.736181 3.462369 2.935356 -0.671355 1.222682 0.095941 -1.658271 0.175420 2.000732 -0.762185 -0.751339 -0.148942 0.866993 2.556758 -1.269359 1.016792 0.432232 -3.717225 -0.838633 -0.264658 -0.079140 0.652007 -4.080646 0.092511 -1.355351 -2.878878 1.048593 1.470559 -1.306501 1.684913 -0.763033 0.132978 -2.197478 3.168974 -5.000000 -0.182905 1.390239 -4.066933
3 50.0254019693 2.0000000000 2.0000000000 0.6611146513 67.0000000000 5.5887228174 0.8812211636 5.8652538353 0.2390844741 5.4279335169 0.2268399732 34.4012025519 -515.7797964328 25.6305410197 6.5330628452 -0.378939 -0.154437 1.649406 2.496426 -0.807785 -2.769037 2.734471 2.435771 -0.924011 0.701777 0.763732 1.132551 0.408416 2.813392 -3.475919 2.081648 0.760944 -0.434271 2.347063 -4.687206 2.323043 0.772156 -2.266267 0.866185 -0.608173 5.000000 3.670665 0.881380 -1.438508 -1.166829 -0.650099 -1.120469 -1.804492 -1.181945 -0.552359 -1.033768 -1.397180 -1.857784 5.000000 -2.946346
83 47.8916524863 2.0000000000 2.0000000000 1.6263786581 5.0000000000 6.2617579960 0.9899484513 4.9719097774 0.0554696824 4.4599441187 0.0558876402 24.7198868350 -1174.7446614503 26.1132604229 6.6801192547 1.118767 1.481972 -0.873589 3.533272 0.471056 0.438505 0.453393 0.826719 -1.786978 -2.779540 -0.199116 -2.003999 1.233296 0.701379 -5.000000 1.873926 1.101883 -4.822363 -2.779333 -1.209732 2.353947 -1.459619 0.399054 2.998657 0.039216 -0.107917 2.070675 -0.836526 -0.038217 3.378970 -0.357096 4.794045 -0.819667 1.099004 3.542084 0.753585 -1.420307 -2.044264 4.146502 -1.250399
138 43.6176960981 2.0000000000 2.0000000000 1.5620718396 9.0000000000 6.2189302184 0.9829951420 5.7584136327 -0.0955870900 5.4551416671 -0.0745840566 33.1593275657 -1094.1057683812 24.1101445547 6.1502355872 -1.686412 2.741370 -2.280504 3.563093 1.150759 0.179777 1.988126 -1.336331 -3.478303 -4.676190 0.519478 -1.814332 1.226531 2.396329 -2.074129 4.290866 0.376474 -0.321293 -2.507912 -0.750952 1.645076 -0.494686 -1.756059 -0.045410 -2.840226 0.152672 -3.331915 0.179819 -3.026073 1.399987 -2.942790 1.924256 1.665291 2.652735 4.993512 -0.473748 -1.639109 -0.354428 1.967420 -3.362685
187 36.1630958223 2.0000000000 2.0000000000 1.5019824458 12.0000000000 6.1867894702 0.9777646807 5.1319511780 -0.1610166785 4.9299868931 -0.1468453479 26.3369228935 -1077.3434441637 24.5248025357 6.2797293011 0.665350 2.317575 -4.229230 0.964857 0.297640 -0.127729 3.107101 -1.980968 0.412558 -2.453717 0.335104 -0.830028 3.233683 4.170218 -3.925021 5.000000 -2.914118 -1.391561 -1.700330 -1.676513 5.000000 -5.000000 -1.469807 1.275856 -3.390740 0.465710 -3.191887 2.820192 -4.692281 -0.861008 -0.827041 5.000000 -1.152821 2.895993 1.808378 -3.315377 0.422222 -1.313594 5.000000 -2.168135
1005 70.4690688879 2.0000000000 2.0000000000 0.9836123007 67.0000000000 5.6438744135 0.8889530728 5.5157929185 -0.0547611390 5.0377586635 -0.0174753190 30.4239715202 -739.7444946707 24.7486670072 6.3301735896 3.076741 -3.901620 -3.549249 1.774728 -0.078664 0.171989 2.365043 -1.749811 2.866591 0.137652 4.779810 2.876794 3.310761 -0.411599 2.246492 1.007655 -2.641603 -1.235325 4.976725 -4.086034 3.601361 -1.900432 -0.341555 5.000000 -0.311017 1.139869 1.141862 0.907297 1.028043 -2.353567 3.155068 -2.821634 -5.000000 -2.627040 4.477429 0.348142 4.219638 2.615847 -2.588614 2.272429
evaluations raw_y rep iid sigma t d_norm d_mean ps_norm ps_mean pc_norm pc_mean ps_squared loglikelihood mhl_norm mhl_mean x0 x1 x2 x3 x4 x5 x6 x7 x8 x9 x10 x11 x12 x13 x14 x15 x16 x17 x18 x19 x20 x21 x22 x23 x24 x25 x26 x27 x28 x29 x30 x31 x32 x33 x34 x35 x36 x37 x38 x39
1 76.8466223835 3.0000000000 2.0000000000 0.9836123007 67.0000000000 5.6438744135 0.8889530728 5.5157929185 -0.0547611390 5.0377586635 -0.0174753190 30.4239715202 -739.7444946707 24.7486670072 6.3301735896 3.577257 0.873020 0.192995 -3.726985 -0.554776 -0.709518 -0.165483 -1.254001 -0.087636 -0.954436 -2.627730 1.769245 1.762636 3.419146 0.100067 -0.809355 -1.090720 -3.092955 1.964735 -2.202135 -2.370093 -0.411300 2.972297 0.473433 -2.047570 -1.425986 1.250490 -0.321027 -1.537673 -0.460061 1.490113 3.952222 -2.488247 -1.252834 -1.607532 -4.838166 -1.847584 -2.047752 2.247956 -0.263828
3 72.1082741059 3.0000000000 2.0000000000 0.9836123007 67.0000000000 5.6438744135 0.8889530728 5.5157929185 -0.0547611390 5.0377586635 -0.0174753190 30.4239715202 -739.7444946707 24.7486670072 6.3301735896 -2.741338 0.477126 1.228154 -1.675825 0.290126 2.335765 -0.048209 -1.777315 -5.000000 -1.943681 -1.182157 -1.032835 -1.919992 0.754590 -1.149417 -0.218909 1.358143 -1.710874 -0.600412 4.316299 1.748571 -2.587073 -0.159482 1.128971 2.466942 0.297973 -1.061164 -1.461053 1.290124 0.626121 -1.033296 -0.378143 -0.832396 1.449315 -1.379921 0.972829 1.703038 0.972499 -1.668480 2.689985
5 61.6620808616 3.0000000000 2.0000000000 0.9836123007 67.0000000000 5.6438744135 0.8889530728 5.5157929185 -0.0547611390 5.0377586635 -0.0174753190 30.4239715202 -739.7444946707 24.7486670072 6.3301735896 -1.591829 0.145491 -0.522481 -2.596093 5.000000 -0.142438 -2.973316 2.817254 -2.141171 0.741740 1.725664 -1.296864 -0.861780 -1.080541 -0.258722 -3.244922 -2.471273 -0.281573 2.077904 1.263488 3.458835 1.388105 -1.022258 -0.245687 -4.060787 -1.921550 -2.040719 0.541187 1.295660 -1.120747 -1.177003 -3.093112 -0.255524 0.496336 0.891562 -1.565418 3.976979 2.390117 -0.190475 -1.054376
25 60.4527731570 3.0000000000 2.0000000000 1.8907602832 1.0000000000 6.3133860933 0.9982134188 3.2583431307 -0.0208525000 2.7631978234 -0.0176837062 10.6167999575 -1300.5361520888 27.1127438076 6.9381367892 0.953486 2.648619 -0.928762 -0.325356 -0.505976 2.510488 1.940678 4.279360 -2.694345 0.519891 0.777979 -0.943104 1.922044 -0.475332 2.212833 -0.835461 2.349686 -1.510386 3.720598 0.104036 0.461817 1.214203 1.587154 2.603653 -2.539839 0.724834 -0.493749 1.635978 0.818642 -3.780209 -3.572134 0.825277 0.380752 0.866170 2.461688 -1.007015 1.614124 -0.061689 1.790753 0.504123
55 49.0138953969 3.0000000000 2.0000000000 1.7278474186 3.0000000000 6.2870014470 0.9939923186 3.8409397822 -0.0954587955 3.3219585858 -0.0808237019 14.7528184107 -1259.2994716005 27.6941272083 7.0310223315 2.672198 -0.758602 -2.808526 1.220289 2.199579 1.577969 -1.553378 -0.248456 -1.859796 -0.039216 -1.004388 -0.469912 2.222280 -2.158408 -2.104008 -1.126306 0.276929 -3.428327 2.045045 -0.312169 -0.312761 -2.548883 0.548430 1.753089 0.337857 -2.961726 0.387997 1.707900 -0.348266 -3.242833 0.586810 0.968492 -4.755514 -2.913028 3.723632 -1.902705 -1.954381 0.161145 -3.805405 0.388393
131 48.9568658738 3.0000000000 2.0000000000 1.5157641585 8.0000000000 6.2266529399 0.9843214791 5.4289759082 0.1365176791 4.9790717104 0.1041982690 29.4737794122 -1109.9963761117 25.4167062773 6.5182298202 -0.686586 4.584476 -0.253245 2.967989 0.342881 2.047570 1.625942 2.214669 -2.885388 3.260572 0.416008 -3.455866 1.855272 -0.641842 -2.822369 0.315059 0.149002 -1.673736 4.457306 3.928873 2.104515 2.108532 -1.256099 1.632338 -4.188504 -1.457472 -2.063215 -1.041329 3.194814 -3.548810 0.839240 -0.086732 -1.935001 -3.985678 2.206248 -2.263671 -1.825819 -0.853591 -4.874897 3.866603
385 43.7917772047 3.0000000000 2.0000000000 1.0873802065 25.0000000000 6.0438119080 0.9548586472 6.0893226428 -0.0451114023 5.5464311451 -0.0319621523 37.0798502483 -924.9884360431 27.1165507781 6.8761414048 0.122037 2.535803 -4.876970 -1.849326 0.871891 4.609161 1.852539 0.981406 -2.958649 -1.998571 -0.537545 0.511158 3.865172 1.572280 -3.967733 -1.125954 -2.402632 -3.099748 3.247361 2.314217 2.408413 -2.248306 -0.638173 -3.317325 0.780691 -1.284332 1.865762 3.673121 1.033436 -0.462050 -0.590534 -0.150816 -2.667885 -0.868646 2.908196 1.245331 1.949539 2.340684 -0.000189 -0.310133
512 37.9202371863 3.0000000000 2.0000000000 1.0204063571 34.0000000000 5.9482184778 0.9392642660 6.0053772776 0.0360810999 5.7825648003 0.0090849396 36.0645562467 -811.6778946050 24.7040946675 6.3123382212 -0.699572 1.204575 -0.045801 -4.624333 -2.515325 4.848722 1.763949 2.208460 -4.158149 -4.118137 -1.210969 0.216802 0.637395 3.763473 -3.463853 1.291165 -4.018010 -3.179269 3.700657 1.854642 1.790641 -5.000000 -2.795828 -3.090713 3.026671 -3.121236 3.757951 2.859049 -0.630931 0.020472 -1.807925 3.347121 -3.182453 -1.522121 5.000000 3.374927 2.387176 0.808072 3.200619 -2.672891
1005 72.0625743629 3.0000000000 2.0000000000 0.6627903873 67.0000000000 5.6045312051 0.8836535061 4.7634239271 0.0189527405 4.3709876625 0.0217479281 22.6902075095 -532.9446847647 26.1257890372 6.6809648075 -1.393958 0.362458 -1.693461 -3.565444 -0.088832 4.438007 1.307469 -0.294893 -2.434200 -1.376239 -0.806534 -3.354305 3.698398 1.067479 -4.592227 -2.559369 -0.855635 -1.355521 3.438443 5.000000 1.684686 -0.848324 -3.394965 -1.248559 1.185011 -0.597573 1.023911 3.939426 -0.576092 0.658700 -1.058557 1.312915 -2.554020 -0.687514 3.045101 1.077584 1.319373 1.002523 0.323399 -1.357924
evaluations raw_y rep iid sigma t d_norm d_mean ps_norm ps_mean pc_norm pc_mean ps_squared loglikelihood mhl_norm mhl_mean x0 x1 x2 x3 x4 x5 x6 x7 x8 x9 x10 x11 x12 x13 x14 x15 x16 x17 x18 x19 x20 x21 x22 x23 x24 x25 x26 x27 x28 x29 x30 x31 x32 x33 x34 x35 x36 x37 x38 x39
1 107.8479667716 4.0000000000 2.0000000000 0.6627903873 67.0000000000 5.6045312051 0.8836535061 4.7634239271 0.0189527405 4.3709876625 0.0217479281 22.6902075095 -532.9446847647 26.1257890372 6.6809648075 0.101123 0.999903 -1.991818 1.387197 -0.836603 -3.169154 -1.295414 1.197150 0.664500 -2.294953 1.237339 -0.175974 0.850145 0.664506 -2.313633 0.701994 -1.213775 3.093959 1.446683 0.092271 -1.965983 0.108865 0.319786 -2.417896 4.446720 0.788590 3.384715 -2.225624 3.271495 -2.721931 -1.302452 1.084903 0.096012 -4.716147 -2.211168 1.675673 4.175742 1.829682 -0.552407 1.593024
2 63.8362813362 4.0000000000 2.0000000000 0.6627903873 67.0000000000 5.6045312051 0.8836535061 4.7634239271 0.0189527405 4.3709876625 0.0217479281 22.6902075095 -532.9446847647 26.1257890372 6.6809648075 -2.287597 1.019840 -2.694921 -0.018720 -0.261409 1.604173 -0.605928 2.404005 -0.393491 1.673057 1.573205 -3.681752 0.075095 0.071856 -1.557480 0.358821 -2.911069 1.112370 1.019558 0.600891 4.953168 0.704687 0.134942 -1.464529 0.594282 -1.923554 2.543637 -1.295289 0.316939 3.980166 2.328375 0.485320 2.759840 -0.109117 1.590468 0.038180 -1.810876 0.860543 1.869300 -0.692204
12 56.5381299627 4.0000000000 2.0000000000 0.6627903873 67.0000000000 5.6045312051 0.8836535061 4.7634239271 0.0189527405 4.3709876625 0.0217479281 22.6902075095 -532.9446847647 26.1257890372 6.6809648075 0.764562 0.809387 -2.299298 0.362714 0.317741 1.565951 1.386967 3.095370 -1.561309 -0.240745 0.448394 -1.227890 -0.511657 -0.708551 -0.921894 4.539144 -0.124412 2.948571 -1.665447 0.588396 -1.222806 0.704515 3.339458 3.890606 1.654127 0.950492 0.058640 0.822228 2.774413 -3.159648 -0.547944 -1.866086 2.052168 -2.393763 1.717482 -2.220221 -2.067630 3.030773 2.079008 -1.711859
15 49.7089163288 4.0000000000 2.0000000000 0.6627903873 67.0000000000 5.6045312051 0.8836535061 4.7634239271 0.0189527405 4.3709876625 0.0217479281 22.6902075095 -532.9446847647 26.1257890372 6.6809648075 -1.561170 2.672395 -1.076828 1.585150 -2.007947 1.331979 0.228665 3.211722 1.567784 -1.701313 0.702783 -1.265010 0.440215 3.129252 3.195846 0.409457 -1.529161 0.237957 4.215017 -0.172560 -2.802194 -2.662285 -2.281546 2.230570 -0.592391 -1.394405 0.782281 1.998684 -0.218599 -1.512772 0.499587 1.699261 -3.206826 -2.706706 4.032693 0.932401 0.791215 -2.693970 -1.882203 -0.449637
17 47.2657858742 4.0000000000 2.0000000000 1.8832032051 1.0000000000 6.3102877560 0.9977213493 3.0425236706 0.1045128770 2.5801747842 0.0886308601 9.2569502859 -1266.0662101502 25.9619149699 6.6309336536 -3.529732 2.221954 -3.192663 -1.900523 -2.800342 -0.654244 1.241092 2.790068 3.183307 1.780684 -0.105939 1.394198 1.578850 0.204394 0.320123 1.001976 -0.551016 1.548074 -0.876539 -0.510377 0.818977 -2.610380 1.284717 1.078510 1.852910 1.299285 1.122771 -3.060052 -2.185175 0.520113 1.097466 2.042772 -0.383137 -2.686716 0.226229 1.207149 1.844723 0.653074 -1.704438 1.767019
38 45.0345352253 4.0000000000 2.0000000000 1.7893387001 2.0000000000 6.2964056342 0.9955088472 3.5299522953 0.1168330298 3.0548155007 0.1023575570 12.4605632074 -1223.0079329527 25.5687627432 6.5226220412 -0.663899 0.909560 -1.653567 -0.490258 -4.241637 1.439129 -0.528850 5.000000 -1.345553 -0.746651 0.864921 -0.909980 2.048963 -1.083470 1.158868 1.854713 -2.113102 2.227590 -1.307946 0.710563 1.702735 -2.001538 -2.067522 0.534680 0.120223 -1.715692 -0.888731 1.183145 0.065715 -0.449880 -0.090918 0.619184 0.461438 -0.643028 2.777764 2.907581 3.961905 -1.280561 -2.655977 -1.828888
217 41.7275413101 4.0000000000 2.0000000000 1.4714895418 14.0000000000 6.1582714887 0.9732351725 5.9881185787 0.0638606212 5.5951369529 0.0571847566 35.8575641130 -1110.5656295981 26.5726598710 6.7297733730 -2.315499 4.310242 0.829824 -2.004900 -5.000000 -1.354253 -0.426328 4.835151 -1.534960 -0.059236 -1.016616 -2.934963 1.714211 -1.587526 1.782050 -1.243125 0.484163 4.549582 4.479046 -0.934814 -3.397530 -2.914716 0.261908 -2.453014 2.440803 -1.051033 -0.225898 -4.812711 3.827345 1.907141 -5.000000 -0.376746 3.712680 1.624235 0.593755 2.790723 2.603932 1.070640 -1.848450 4.257457
519 37.3745821748 4.0000000000 2.0000000000 0.9867689074 34.0000000000 5.9362016292 0.9374205542 5.8407355878 -0.1246110738 5.3444622086 -0.1098412962 34.1141922067 -805.9222670698 25.3876474200 6.4482081512 -3.101666 1.399005 2.196417 -4.841180 -3.042500 2.491295 0.026209 0.214340 -2.069364 -2.721800 -0.228165 -3.691798 0.490611 -0.112023 4.835174 -2.156164 0.859091 1.393223 2.826362 -1.005340 -3.673970 1.117612 -1.745524 0.990713 -1.201021 -2.571949 -2.387288 -2.604171 1.588022 1.224282 -0.994675 -2.237799 2.074971 3.046596 0.888603 4.700835 4.072003 4.237376 3.449203 2.512807
1005 89.6298564906 4.0000000000 2.0000000000 0.7057341287 67.0000000000 5.6002657446 0.8828322963 5.4925092504 0.0285938718 4.9470701803 0.0152111165 30.1676578653 -544.9683757869 25.2268848579 6.4559646708 0.570906 2.035284 4.573347 -1.663554 -2.060767 4.020602 -4.287608 4.591492 -4.836806 -1.927013 0.869783 -3.423412 -1.696219 -1.331347 1.814848 -1.257793 1.255550 0.819582 4.183349 0.557074 -4.498332 1.240949 0.029550 2.858423 -0.420421 -3.586165 -1.083849 -0.334123 2.443885 3.914190 -1.548433 -2.108076 2.989761 2.832638 0.634662 0.578821 1.313247 1.446712 3.933824 1.392421
evaluations raw_y rep iid sigma t d_norm d_mean ps_norm ps_mean pc_norm pc_mean ps_squared loglikelihood mhl_norm mhl_mean x0 x1 x2 x3 x4 x5 x6 x7 x8 x9 x10 x11 x12 x13 x14 x15 x16 x17 x18 x19 x20 x21 x22 x23 x24 x25 x26 x27 x28 x29 x30 x31 x32 x33 x34 x35 x36 x37 x38 x39
1 100.6125024134 5.0000000000 2.0000000000 0.7057341287 67.0000000000 5.6002657446 0.8828322963 5.4925092504 0.0285938718 4.9470701803 0.0152111165 30.1676578653 -544.9683757869 25.2268848579 6.4559646708 0.882455 -0.661740 4.861542 -0.504184 0.219220 3.164962 -1.818465 -1.183273 0.375206 -0.659740 -2.385529 -0.409753 -0.717658 1.206943 -3.329577 -1.400358 2.302782 3.714662 -3.022359 1.289695 -1.961216 -1.713706 -1.743758 -0.845016 1.992880 1.424843 0.118288 -0.726622 0.006578 -0.211861 1.586107 -1.263143 -0.012390 -0.202135 -0.104616 0.498435 0.395320 2.669697 -0.173751 3.123065
2 97.7779464748 5.0000000000 2.0000000000 0.7057341287 67.0000000000 5.6002657446 0.8828322963 5.4925092504 0.0285938718 4.9470701803 0.0152111165 30.1676578653 -544.9683757869 25.2268848579 6.4559646708 -0.611706 -0.955463 0.201476 0.710877 0.539225 2.583927 2.278686 0.988881 -0.672673 -0.201229 2.826796 0.442508 -2.621546 -1.379130 -1.155026 2.304410 -0.214328 4.520214 1.313239 0.249614 -0.871408 1.944359 -0.481422 -1.648247 1.136265 0.025517 2.378121 -0.147187 -5.000000 1.578733 -3.755482 3.077512 3.642729 -0.854063 -2.329404 -2.794148 1.745309 -0.404236 -1.196720 -0.486839
3 92.2498063719 5.0000000000 2.0000000000 0.7057341287 67.0000000000 5.6002657446 0.8828322963 5.4925092504 0.0285938718 4.9470701803 0.0152111165 30.1676578653 -544.9683757869 25.2268848579 6.4559646708 4.177029 0.693839 1.491454 1.553815 2.036842 2.122703 -1.420933 -0.430376 -1.521521 -1.422326 2.283015 -1.003511 -0.158303 -1.385653 -1.186806 1.576476 -0.890860 -0.964240 0.987115 1.000975 1.584845 0.341529 -3.507482 1.260593 0.996658 2.036275 -1.692937 5.000000 -2.464772 1.453907 0.091910 -0.974265 1.632265 -0.562860 -4.671244 -2.334557 0.915316 4.475931 -2.962518 -0.033891
4 71.9974653537 5.0000000000 2.0000000000 0.7057341287 67.0000000000 5.6002657446 0.8828322963 5.4925092504 0.0285938718 4.9470701803 0.0152111165 30.1676578653 -544.9683757869 25.2268848579 6.4559646708 2.901467 1.213741 -0.751242 -2.843849 -3.562303 -1.495812 -0.736819 -4.498236 -3.387350 0.607297 -0.817985 -1.509661 -0.815038 -1.625250 1.855032 3.279908 4.147231 1.419596 1.494305 2.926191 3.476898 2.930410 2.424567 -1.269305 -3.199397 1.754306 -0.187665 -0.111342 -1.778841 -2.601903 2.804333 0.930202 -2.130065 0.780841 0.611200 1.043699 4.466542 -0.069404 -2.559246 0.073085
10 68.0356738042 5.0000000000 2.0000000000 0.7057341287 67.0000000000 5.6002657446 0.8828322963 5.4925092504 0.0285938718 4.9470701803 0.0152111165 30.1676578653 -544.9683757869 25.2268848579 6.4559646708 0.847735 -0.774663 -1.713736 1.630628 -0.331632 5.000000 -0.498940 -1.434676 -1.098995 0.742174 -1.394692 -2.526602 3.278425 -2.480289 3.027292 0.282113 -2.124196 3.332761 -0.406907 -2.015095 0.130819 2.572891 1.367487 1.652490 3.508673 0.429128 0.751630 -0.451968 -2.909388 -0.289069 3.233958 -3.462107 2.687892 0.523079 -1.821039 0.130939 3.552644 -1.146266 1.581187 2.263028
12 65.6246439386 5.0000000000 2.0000000000 0.7057341287 67.0000000000 5.6002657446 0.8828322963 5.4925092504 0.0285938718 4.9470701803 0.0152111165 30.1676578653 -544.9683757869 25.2268848579 6.4559646708 -0.140262 -3.011046 -0.210160 2.593642 1.434385 1.395542 -1.608996 -0.290104 0.404646 1.357399 2.685024 -1.998661 3.399096 -0.572432 -0.503274 -2.416894 -0.135590 -0.456372 -2.469009 -0.582767 0.242714 -0.822868 1.558521 -2.049369 1.779764 -0.371965 0.744540 -3.690370 0.258292 -0.123800 1.871416 -2.359806 2.728083 -2.165262 2.633388 1.156391 -1.508923 4.339523 -2.391249 -0.343948
18 64.7429790713 5.0000000000 2.0000000000 1.8946268448 1.0000000000 6.3132377632 0.9981918646 3.3684333091 -0.0046882773 2.8565584453 -0.0039758360 11.3463429576 -1277.3250462840 26.2000568827 6.7039906688 2.325281 -2.343815 -2.406570 3.210566 0.571778 -0.665113 -4.841216 1.579741 -0.892465 -4.015353 -0.721533 -3.100821 1.065251 -1.217203 1.129402 -0.922145 1.453587 0.568805 -1.055657 -0.555095 -0.540435 -1.363034 1.307567 1.122105 0.670608 -1.151516 2.059552 -2.777547 3.269182 -2.869498 2.002788 1.803613 -0.128404 -1.456508 0.858955 -0.058272 -0.721876 0.991087 1.491690 0.291837
23 54.8848971632 5.0000000000 2.0000000000 1.8946268448 1.0000000000 6.3132377632 0.9981918646 3.3684333091 -0.0046882773 2.8565584453 -0.0039758360 11.3463429576 -1277.3250462840 26.2000568827 6.7039906688 0.805766 -3.034920 -4.776869 0.461373 0.276977 1.640068 -5.000000 0.800890 -2.334038 0.227328 0.074121 -2.870125 1.088679 -1.864714 1.524029 -1.694187 1.381378 -0.271848 -0.353226 -3.120831 2.499443 -0.826788 4.836206 2.408315 -1.342902 -3.116881 0.432623 0.083462 -1.913619 -2.714981 0.706631 -2.526682 -0.482957 0.164437 1.083387 1.111918 -1.499088 0.763943 -1.865556 -0.420477
80 49.8657870763 5.0000000000 2.0000000000 1.7162900367 5.0000000000 6.2648963324 0.9904323318 5.9071123367 0.1510593614 5.3520367375 0.1294484393 34.8939761586 -1176.4358435227 24.8470419344 6.3669297111 2.166373 -0.359308 -0.511904 0.872708 3.846860 3.310979 -2.121231 -0.762561 -0.925140 1.245367 1.849698 0.763896 3.303360 -1.448221 1.354959 0.219240 1.020458 4.039112 2.811084 -5.000000 3.615890 2.522198 2.389739 -3.069262 3.548720 2.640161 1.073865 -2.318185 -1.041258 -1.225063 5.000000 0.593221 1.585883 1.716606 0.663161 0.163080 -4.649390 3.728263 1.611385 1.839376
126 46.7608242056 5.0000000000 2.0000000000 1.6656688990 8.0000000000 6.2314934349 0.9850260791 5.6743564815 0.1810691308 5.2791980545 0.1743293962 32.1983214789 -1150.8450959343 24.8060134200 6.3013298848 2.636237 2.046244 0.500965 -0.892124 4.292357 4.719344 -0.804222 0.590989 -3.536833 2.268331 -0.689118 -0.145667 2.759065 1.139406 2.212342 -0.662180 -4.843899 2.435286 2.286558 -2.861375 5.000000 0.994897 1.998447 -3.449817 0.545334 -0.105336 1.299368 -3.938602 0.445808 -1.357862 2.739491 2.214485 3.746280 0.909688 1.234854 2.734071 -5.000000 4.558251 0.211867 2.517846
303 44.3008973521 5.0000000000 2.0000000000 1.3282702741 20.0000000000 6.1016058214 0.9640413238 6.3444313290 0.0777834948 5.8869836411 0.0837478425 40.2518088882 -979.5681873752 24.0786536657 6.1432635033 -0.178245 3.308303 -3.343044 -1.470432 0.567099 3.531990 2.341247 0.320725 -2.222583 2.667516 -1.303374 -0.356016 -2.078339 -3.202903 3.900746 -0.964314 0.035691 -0.413579 3.095598 -1.444775 5.000000 -5.000000 4.484122 1.007255 -1.571089 0.275502 -1.099090 0.242557 0.066679 2.441691 5.000000 -2.127278 1.822330 -1.315934 -1.287988 0.140219 -1.524995 3.277688 -0.943943 4.233726
540 42.5291685107 5.0000000000 2.0000000000 1.0986263218 35.0000000000 5.9373139918 0.9374812469 4.8737593905 -0.0847407633 4.3910791301 -0.0560353210 23.7535305966 -870.4982025607 25.3956931038 6.4821345266 -0.623338 0.960725 -1.858378 4.183592 0.947855 4.005499 2.113745 4.243376 -2.446973 2.446869 -2.151930 2.358925 -0.179312 1.248629 4.513917 2.874689 0.039007 -2.425400 1.619143 -3.943897 3.312388 -3.692946 -1.295907 -0.187080 -5.000000 2.878558 0.027534 1.290228 2.017009 1.407140 2.398082 -2.666322 -0.870832 -2.887462 0.329080 4.861191 -3.339623 1.832627 -0.769459 0.032125
782 38.4490815115 5.0000000000 2.0000000000 0.8943361538 52.0000000000 5.7678772859 0.9099697635 4.7678256868 -0.2244189093 3.9900487524 -0.2181129897 22.7321617799 -693.8933861665 24.2376707076 6.1759503288 0.759735 0.223514 -0.850765 2.955294 0.199965 0.885207 -0.700333 2.803998 -1.955274 0.693112 -1.197241 -0.873016 -3.469065 0.102585 1.115289 -1.266340 -1.019619 -2.855992 3.035106 -3.046423 1.015940 -4.173383 -2.068983 1.072486 -2.929226 4.964278 -0.909041 -1.862741 1.604788 2.287081 3.921466 -2.223877 -1.517415 -3.229447 -1.487841 5.000000 -2.954221 -0.914924 -0.868333 2.335671
1005 83.5947624050 5.0000000000 2.0000000000 0.6819496616 67.0000000000 5.6096391987 0.8844106740 4.8144018502 0.0459651261 4.0723450164 0.0121024865 23.1784651751 -554.5984099352 26.3904588143 6.6834263635 1.881810 1.610928 -3.089102 2.379228 1.403461 2.202518 -1.126716 2.910022 -3.067301 -2.001642 -3.171680 1.636940 -1.746525 0.101485 0.781674 -1.032356 -1.984619 -3.599556 3.382855 -3.328994 1.816954 -3.047938 -2.308186 0.996312 -2.521293 3.251485 -1.399070 -2.292647 2.119171 1.067535 2.361908 0.621119 -2.458359 -2.185932 -2.392020 2.554676 -3.324595 -2.006536 -1.722667 3.265492
evaluations raw_y rep iid sigma t d_norm d_mean ps_norm ps_mean pc_norm pc_mean ps_squared loglikelihood mhl_norm mhl_mean x0 x1 x2 x3 x4 x5 x6 x7 x8 x9 x10 x11 x12 x13 x14 x15 x16 x17 x18 x19 x20 x21 x22 x23 x24 x25 x26 x27 x28 x29 x30 x31 x32 x33 x34 x35 x36 x37 x38 x39
1 53.3293707044 6.0000000000 2.0000000000 0.6819496616 67.0000000000 5.6096391987 0.8844106740 4.8144018502 0.0459651261 4.0723450164 0.0121024865 23.1784651751 -554.5984099352 26.3904588143 6.6834263635 -0.623567 1.458008 0.435642 -1.798184 -4.973561 1.826503 2.254127 -3.028186 3.278582 -0.859787 5.000000 1.203644 -0.671763 2.475476 0.222256 0.258302 0.152255 -0.310256 1.268451 1.621310 0.709617 3.625181 -2.712952 -0.927264 1.649308 -2.352863 3.128979 1.425410 -0.362013 1.068399 -1.173226 -2.963707 1.714495 1.886198 0.228883 -0.043913 -4.254289 -1.668815 -0.931017 0.467421
24 44.1908017428 6.0000000000 2.0000000000 1.8866657776 1.0000000000 6.3126478677 0.9980983415 3.1415171392 0.0326983717 2.6641249779 0.0277294520 9.8691299358 -1263.9826809911 25.7863644363 6.6044506272 4.151587 4.067450 1.547634 1.001382 -2.063732 0.437218 0.792680 1.966786 -1.798169 -0.701455 -0.053106 -0.660892 -1.475764 -0.326844 -0.868487 -0.425194 -1.117834 2.021406 1.427539 1.200717 -0.728348 -1.187129 -0.158841 -2.033354 0.264915 -1.992458 1.979534 4.180379 1.927163 -0.215760 -0.766541 -2.538594 -1.631824 1.344067 1.121609 4.421666 -2.650454 0.971091 -2.745544 -1.705278
76 42.7629296956 6.0000000000 2.0000000000 1.6503497259 5.0000000000 6.2688003619 0.9910701719 5.1995663824 0.0443886115 4.6584641998 0.0518467324 27.0354905653 -1134.5799964862 24.0805087417 6.1783259439 1.920757 2.590212 -3.230841 -2.412721 -3.814348 0.556897 1.679118 0.707913 -0.740158 -1.038646 -2.520014 1.831098 2.801908 0.637725 -2.232613 0.763623 -2.160619 -0.308294 2.249926 3.612250 -2.101676 -0.000739 -4.524685 0.216466 3.841561 -0.551731 1.696503 0.612204 -0.091904 0.386083 0.901251 -1.222302 0.422749 4.062667 0.377698 5.000000 -0.218519 2.008166 -2.370908 2.440843
355 38.5292615172 6.0000000000 2.0000000000 1.2360843592 23.0000000000 6.0736734908 0.9594545647 5.1495573604 0.0701352484 4.8000087232 0.0790126302 26.5179410085 -957.4320404020 25.2709787290 6.4525911509 3.110117 0.750697 -0.615356 -1.977213 -3.994712 -1.029257 4.867481 -3.476983 -0.882609 0.356322 0.958560 2.071819 0.879919 -2.277091 4.564607 -4.212684 4.282968 3.928841 3.601263 4.230329 3.342807 0.068717 -5.000000 -2.211877 4.075530 4.097740 1.027105 -0.418250 1.829052 -1.423017 2.104609 -4.021794 2.302258 4.256376 -2.565595 4.285783 0.224132 1.972092 -3.351331 3.901086
635 37.5996299545 6.0000000000 2.0000000000 1.0883468754 42.0000000000 5.8857423243 0.9287477477 5.7179751236 -0.0813001148 5.2066590260 -0.0726790850 32.6952395137 -871.2286018424 25.9254552205 6.6433828614 0.282511 0.314791 0.343832 -0.340900 -2.373837 -0.006405 1.363230 -4.155127 -0.745718 -0.820193 -4.371319 1.695632 -2.531063 0.948500 1.661886 0.406810 5.000000 2.231127 3.269920 5.000000 0.939468 1.473675 -1.642804 2.088475 1.393847 1.313192 -1.204495 2.686234 0.407848 -0.626606 1.705514 1.205785 1.121478 3.315885 -1.655572 3.629201 -1.571828 0.582131 -2.456444 -1.727456
1005 112.4789998202 6.0000000000 2.0000000000 0.8952524173 67.0000000000 5.6454172349 0.8892317945 5.7518592076 0.0677235100 4.6616106846 0.0340404093 33.0838843438 -728.6440743260 26.5649724336 6.7758999855 4.286337 1.250875 -0.673106 3.398528 -3.600516 0.255675 -0.670056 1.254313 -4.958595 -0.473024 -1.713538 1.420370 -1.997201 1.864560 2.427940 1.178610 4.566819 1.347848 0.604775 3.318212 -1.810536 4.959880 -1.011472 1.196130 2.850632 -2.686679 -2.270426 2.317444 -2.610565 1.001489 0.828471 0.019459 1.471446 3.628218 1.851037 2.630931 -2.815128 2.939761 -2.888657 0.400032
evaluations raw_y rep iid sigma t d_norm d_mean ps_norm ps_mean pc_norm pc_mean ps_squared loglikelihood mhl_norm mhl_mean x0 x1 x2 x3 x4 x5 x6 x7 x8 x9 x10 x11 x12 x13 x14 x15 x16 x17 x18 x19 x20 x21 x22 x23 x24 x25 x26 x27 x28 x29 x30 x31 x32 x33 x34 x35 x36 x37 x38 x39
1 90.2076498681 7.0000000000 2.0000000000 0.8952524173 67.0000000000 5.6454172349 0.8892317945 5.7518592076 0.0677235100 4.6616106846 0.0340404093 33.0838843438 -728.6440743260 26.5649724336 6.7758999855 3.381051 -0.931875 0.065640 0.815033 -1.577846 0.004131 -0.001781 -3.509449 2.035316 1.200997 -1.250858 -0.343097 1.010599 -0.522713 -0.485498 -2.906483 1.109161 0.247762 0.548920 -3.053049 3.301399 0.308671 -0.774280 4.058144 -0.090772 -2.901357 -0.810456 -4.576630 2.098793 -0.832949 -1.485107 2.144940 -3.302151 1.070859 -4.128830 -1.324319 -2.408440 2.923951 3.532322 -0.658828
2 64.7266817167 7.0000000000 2.0000000000 0.8952524173 67.0000000000 5.6454172349 0.8892317945 5.7518592076 0.0677235100 4.6616106846 0.0340404093 33.0838843438 -728.6440743260 26.5649724336 6.7758999855 1.681466 -0.359973 1.136124 -1.505674 -3.416678 -3.606197 0.766244 4.495190 0.538823 -1.049209 3.824038 0.474604 0.202868 0.505155 -0.264754 -0.618953 -2.869927 1.003248 -0.189551 2.386172 -0.737637 -3.812740 -0.199221 3.399075 -0.766846 -1.779714 -2.387184 -2.100034 -0.600387 -2.359964 2.995278 -0.565270 0.217297 2.876479 3.006637 -0.425466 0.663948 1.470053 -0.385711 -3.556026
5 57.7222161782 7.0000000000 2.0000000000 0.8952524173 67.0000000000 5.6454172349 0.8892317945 5.7518592076 0.0677235100 4.6616106846 0.0340404093 33.0838843438 -728.6440743260 26.5649724336 6.7758999855 -1.858648 0.823594 3.720111 -2.994547 0.952675 2.224581 -1.393182 1.165941 -2.141785 -1.624417 -1.634160 0.384615 -0.181963 1.908230 -1.880558 -0.262551 1.922153 1.121554 -2.649283 1.330407 -0.956836 0.770773 0.601361 2.438638 0.233120 -3.707612 -2.739719 1.462309 -0.516633 2.275958 0.546878 -1.498131 2.164814 -1.614795 -4.105271 4.127591 -3.821498 1.272826 1.877704 0.294132
11 57.1651357478 7.0000000000 2.0000000000 0.8952524173 67.0000000000 5.6454172349 0.8892317945 5.7518592076 0.0677235100 4.6616106846 0.0340404093 33.0838843438 -728.6440743260 26.5649724336 6.7758999855 -0.120003 1.575371 -2.863408 0.867819 0.277820 -3.236538 2.674640 -1.408154 1.366457 -0.839870 1.987086 2.624524 -1.660099 -3.060797 -0.262820 1.697833 -0.742624 -1.227047 0.976565 -5.000000 -1.329431 -2.767593 0.589627 -1.472499 -2.230335 -0.707662 -2.936817 -0.026247 -1.364745 -0.754838 -1.434276 1.824526 -0.217707 1.049024 0.959571 -1.612302 1.139947 0.698217 0.627297 -0.797387
15 55.4995464766 7.0000000000 2.0000000000 0.8952524173 67.0000000000 5.6454172349 0.8892317945 5.7518592076 0.0677235100 4.6616106846 0.0340404093 33.0838843438 -728.6440743260 26.5649724336 6.7758999855 2.140464 -1.331921 -0.367620 -2.826693 5.000000 0.950242 1.789226 1.316042 1.866487 1.216166 -0.670375 1.488026 0.158280 2.593152 -1.471096 -1.082521 1.322308 2.559291 0.290323 -1.425055 -0.237912 -0.996448 3.793675 1.797418 2.528886 0.603089 -1.110246 2.346527 3.307899 1.163919 -0.048505 2.161948 -0.742230 1.529081 -1.423168 -1.940732 1.132890 0.675860 3.808613 -0.560214
35 53.2722751763 7.0000000000 2.0000000000 1.7967363081 2.0000000000 6.3003426936 0.9961299249 4.0210352175 0.2048044472 3.4547837599 0.1752991531 16.1687242201 -1228.0424003940 25.5955815649 6.5584933134 2.966908 1.581772 3.323147 -0.150343 3.460834 -2.785818 2.036379 -0.914374 1.205696 0.668862 3.507335 3.468837 0.136792 1.736391 -0.461658 1.058468 1.344755 -1.759858 3.421940 1.408503 0.331338 -2.120092 -0.788333 -0.123206 0.411469 -1.027966 -3.359671 -3.287718 -0.189596 3.327802 1.636713 -0.769201 -2.137898 -0.162197 1.394542 -1.128778 2.465055 -0.086551 0.811346 -3.260987
39 43.6115180175 7.0000000000 2.0000000000 1.7967363081 2.0000000000 6.3003426936 0.9961299249 4.0210352175 0.2048044472 3.4547837599 0.1752991531 16.1687242201 -1228.0424003940 25.5955815649 6.5584933134 -3.087895 3.344921 -1.602258 -1.193211 1.733861 2.615310 1.002277 2.166073 -2.289613 0.580651 4.359736 2.389886 -0.832772 0.493229 -2.264657 0.659872 0.296410 1.448036 1.092019 -0.447494 -0.173226 -1.717895 -0.865543 -0.379238 -1.733224 -2.703664 -0.524932 -1.477261 -3.381441 2.240133 3.142605 0.549919 2.089626 1.549118 0.960364 2.406591 -1.109996 -0.557492 0.122130 -1.780783
107 41.0437321031 7.0000000000 2.0000000000 1.6030034451 7.0000000000 6.2426252289 0.9868540287 6.0982564457 0.0759182609 5.5488886135 0.0644496771 37.1887316779 -1121.7849845898 24.4466658023 6.2220662872 -1.398313 -4.330177 1.456190 2.030655 5.000000 -1.906007 2.524748 3.724053 0.062378 2.265538 4.252874 1.409325 -2.746581 3.735604 0.064368 -1.742573 0.934348 -2.749330 -0.487382 -1.519370 1.563851 1.619667 -0.450850 -1.292980 -1.963152 -4.731690 -0.952396 -3.322815 -0.089294 -0.002332 1.033556 0.892258 2.523548 0.921242 0.622385 4.813340 1.061348 2.992034 -0.844797 -4.020351
871 39.7281871008 7.0000000000 2.0000000000 0.7533581441 58.0000000000 5.7210493125 0.9021626424 5.1544518996 0.1177446094 4.4756453437 0.1244676078 26.5683743854 -642.3835885077 26.6670654526 6.7914036930 -0.379791 2.092370 -4.112327 1.781630 3.186862 -2.365025 0.218003 0.907451 2.794322 5.000000 3.922047 2.142210 -0.106339 0.183811 4.762181 1.081821 0.027420 -2.480599 5.000000 1.459867 0.574071 3.403887 -2.870868 -3.399675 -1.578453 1.050909 -0.742890 0.498600 -1.947891 1.633528 3.977473 -1.470363 -3.685328 4.780348 1.057509 4.844091 3.245970 1.493531 -4.115985 1.993978
1005 98.1253027911 7.0000000000 2.0000000000 0.5332062199 67.0000000000 5.6175984943 0.8855627219 4.5430544889 0.0590571755 3.6945290878 0.0664824390 20.6393440891 -379.1501609449 25.0866158396 6.3817484406 -1.597241 -0.009652 -3.628152 0.135290 4.433348 -2.394872 -0.029463 1.276559 3.487500 4.068490 4.267464 2.480976 -0.261327 -0.157512 2.858342 0.039169 1.959196 -4.477187 3.656274 1.459989 0.461453 2.465561 -3.520014 -3.470397 -2.411151 0.974327 0.833351 0.294360 -2.185337 0.464701 3.924365 -1.258296 -2.893101 4.618579 2.541029 3.590249 0.746350 0.874568 -2.578401 1.560276
evaluations raw_y rep iid sigma t d_norm d_mean ps_norm ps_mean pc_norm pc_mean ps_squared loglikelihood mhl_norm mhl_mean x0 x1 x2 x3 x4 x5 x6 x7 x8 x9 x10 x11 x12 x13 x14 x15 x16 x17 x18 x19 x20 x21 x22 x23 x24 x25 x26 x27 x28 x29 x30 x31 x32 x33 x34 x35 x36 x37 x38 x39
1 63.5052016589 8.0000000000 2.0000000000 0.5332062199 67.0000000000 5.6175984943 0.8855627219 4.5430544889 0.0590571755 3.6945290878 0.0664824390 20.6393440891 -379.1501609449 25.0866158396 6.3817484406 0.182409 2.182565 -3.893941 -2.772699 -4.592983 4.819669 3.455672 4.409113 1.589655 1.952842 -2.366854 3.832727 -2.246654 -1.328071 -0.756717 -1.583231 1.719096 -0.461578 -0.131322 -0.417272 2.693737 -1.213906 -0.348496 0.848103 -3.291980 -0.967082 1.070937 2.332281 0.323366 -1.345668 2.885048 -0.442961 0.062529 0.363859 -0.125857 -1.083137 0.949037 -2.329182 -1.001819 -0.817122
2 60.5743844835 8.0000000000 2.0000000000 0.5332062199 67.0000000000 5.6175984943 0.8855627219 4.5430544889 0.0590571755 3.6945290878 0.0664824390 20.6393440891 -379.1501609449 25.0866158396 6.3817484406 -1.868697 0.169020 0.287382 0.151099 -0.311290 1.101700 3.404060 2.012187 -5.000000 2.279067 -3.739599 -3.558226 0.255526 -2.702036 3.107934 1.393932 -1.622922 -3.286502 0.661318 2.449913 0.192343 3.753631 1.067561 1.596720 -0.612149 0.755948 -0.452956 -3.771489 4.945022 -0.293713 0.231298 2.660861 0.219189 0.430958 0.858140 -2.302531 3.049507 0.721072 -1.221786 1.860492
5 60.1286505744 8.0000000000 2.0000000000 0.5332062199 67.0000000000 5.6175984943 0.8855627219 4.5430544889 0.0590571755 3.6945290878 0.0664824390 20.6393440891 -379.1501609449 25.0866158396 6.3817484406 -1.770337 -1.888053 1.469147 5.000000 1.223516 1.315321 0.092092 1.540525 1.186105 -1.866887 0.750866 1.839582 -1.428275 0.749012 2.514398 1.952207 -0.044436 4.131873 2.063813 -0.498669 -3.938112 -0.653937 0.267878 -0.762379 0.049650 3.276221 1.639366 2.692990 -2.749530 0.019262 2.662867 -1.655156 3.869885 -2.549785 -1.313775 3.026456 -4.368461 1.597821 -2.549177 -2.345887
15 58.9106593206 8.0000000000 2.0000000000 0.5332062199 67.0000000000 5.6175984943 0.8855627219 4.5430544889 0.0590571755 3.6945290878 0.0664824390 20.6393440891 -379.1501609449 25.0866158396 6.3817484406 -0.743167 1.548209 -3.245941 -1.924028 1.786556 -0.562464 0.719483 -3.204329 1.169485 2.966536 1.823972 1.253816 0.755382 1.032187 1.216439 4.749966 3.367261 0.147273 0.550904 0.034765 -1.913331 0.885232 -0.487008 2.156097 -0.267367 0.537221 1.521690 -1.214938 1.559641 -2.175801 0.631430 -1.880024 -2.606626 0.304642 -1.866121 -3.327744 -2.662461 -2.166487 0.111049 -3.221907
69 52.7393099499 8.0000000000 2.0000000000 1.6683032219 4.0000000000 6.2745598134 0.9920040262 4.4234922534 -0.0883272047 3.8796443416 -0.0660425441 19.5672837156 -1187.0258967831 25.8730025313 6.6379969964 -2.436119 -0.583500 -0.780966 -2.993277 2.240340 2.032536 -0.767208 -5.000000 -1.153417 0.466338 -2.349031 2.281315 -3.357397 -0.900688 5.000000 5.000000 2.305879 1.582800 0.088532 -0.095414 -2.761480 1.536902 3.086170 1.285121 -0.040089 0.580618 -2.734866 1.420134 2.746061 -3.974293 1.535736 -2.915922 1.411846 0.321929 -1.115847 0.036666 -5.000000 -1.889693 -2.520266 0.245507
78 52.0845821228 8.0000000000 2.0000000000 1.6358770415 5.0000000000 6.2643126530 0.9903488963 5.2274729462 -0.0640728698 4.6715245624 -0.0481210935 27.3264734034 -1139.4356764921 24.5173949428 6.2609074310 -2.002681 -0.281843 -0.362797 -2.291940 1.494546 -0.065408 0.764211 -1.178507 0.648249 -1.491096 -3.049693 2.910959 -0.054038 3.030801 3.659640 1.000817 -1.250663 2.082008 3.345714 -5.000000 -1.148892 -3.029983 -0.123336 4.109055 -0.782793 -0.805064 0.192592 0.195588 -1.497385 -2.728391 1.666355 -3.382188 -2.398055 -0.878518 -4.302132 -0.564233 -3.566327 -2.716086 -3.203680 0.698281
138 38.4750521505 8.0000000000 2.0000000000 1.4781463804 9.0000000000 6.2192470340 0.9830857377 4.4735302231 -0.0619501116 4.1719976802 -0.0569266591 20.0124726573 -1114.3364405789 26.2622674925 6.7141270851 0.310594 0.323979 -1.797480 -2.074635 1.027497 1.764856 1.944813 -0.903441 -0.096735 1.276827 1.085324 1.983067 -4.867589 -0.487994 3.277714 1.138192 5.000000 3.528948 0.792118 0.628474 1.178370 -3.085662 3.089401 1.880052 -1.955804 -4.024907 -2.990649 -0.704481 3.292836 -1.542156 -0.928424 -0.410704 0.999340 1.650886 -1.289719 0.946802 -0.873375 -1.928272 -4.845426 -0.543581
1005 103.6443698229 8.0000000000 2.0000000000 0.6934549974 67.0000000000 5.6116228413 0.8845971556 5.6529795417 -0.2342433840 5.0024450218 -0.2058600438 31.9561776988 -555.3483379616 25.9685765005 6.5963031959 4.329733 4.585672 -5.000000 -3.347520 -0.233107 1.967208 3.957209 1.137652 -3.997447 2.753767 -3.913867 -3.374157 -2.360405 1.336657 0.591179 4.071679 1.425837 0.718243 -1.834841 -3.422675 -5.000000 -2.037165 3.347478 0.218610 -3.516526 1.026351 2.075811 -3.575324 0.331588 -3.012123 0.404361 -3.181290 2.161927 -3.343697 -3.638776 0.247606 -3.201660 -1.238058 -3.497665 0.236450
evaluations raw_y rep iid sigma t d_norm d_mean ps_norm ps_mean pc_norm pc_mean ps_squared loglikelihood mhl_norm mhl_mean x0 x1 x2 x3 x4 x5 x6 x7 x8 x9 x10 x11 x12 x13 x14 x15 x16 x17 x18 x19 x20 x21 x22 x23 x24 x25 x26 x27 x28 x29 x30 x31 x32 x33 x34 x35 x36 x37 x38 x39
1 65.9058738121 9.0000000000 2.0000000000 0.6934549974 67.0000000000 5.6116228413 0.8845971556 5.6529795417 -0.2342433840 5.0024450218 -0.2058600438 31.9561776988 -555.3483379616 25.9685765005 6.5963031959 0.002217 -0.579088 -2.232133 -0.025766 -0.756723 -0.962271 -3.034662 -0.981744 -0.481361 -1.295895 1.271782 3.480235 0.593364 1.415007 3.645632 0.861538 3.085459 -1.801442 -0.274250 2.595158 1.350542 0.063916 1.836292 0.761019 1.032735 -0.710479 0.417554 0.656822 -0.996450 -4.183554 -0.165175 4.910365 -5.000000 -1.826559 -0.454629 0.538631 2.260923 2.084795 2.607621 2.778801
2 58.4325821960 9.0000000000 2.0000000000 0.6934549974 67.0000000000 5.6116228413 0.8845971556 5.6529795417 -0.2342433840 5.0024450218 -0.2058600438 31.9561776988 -555.3483379616 25.9685765005 6.5963031959 -1.312905 -0.112515 -0.999805 0.872839 -0.751626 -1.846123 3.834500 -0.300606 -1.277460 1.649541 -2.421677 -1.006811 -1.403831 -3.948542 -5.000000 -0.115364 -1.312373 -1.323413 1.538697 -1.798010 3.387276 -3.394670 -5.000000 -0.452301 0.794858 3.319407 -0.987494 -0.752195 -0.339480 4.834213 -3.617681 0.679502 -0.045460 -1.919994 -0.766229 0.219060 -1.710326 0.000443 1.327710 1.498962
25 55.5302767744 9.0000000000 2.0000000000 1.8846282596 1.0000000000 6.3128126514 0.9981160355 3.0832873944 -0.0608269403 2.6147439589 -0.0515835387 9.5066611563 -1313.2289803165 27.6568775174 7.0901072368 2.312060 -2.593835 0.372149 0.805128 -1.194735 -0.939693 -4.329613 -0.142187 -1.398305 -3.009412 -0.964312 0.590208 -1.572358 -0.862777 -0.504738 -2.826209 -1.247615 0.259430 5.000000 -0.630704 2.816668 1.940101 -0.679586 2.714744 -2.148560 0.654076 -2.473119 -0.428764 0.425308 3.635378 -2.138450 3.828694 0.449890 -0.320844 -0.790018 4.293013 3.180486 1.020400 2.956137 1.827517
38 50.5121240217 9.0000000000 2.0000000000 1.8331947291 2.0000000000 6.3030821740 0.9965515357 4.7940726223 -0.0286957648 4.1375386217 -0.0261621294 22.9831323079 -1255.0047324440 26.1443736749 6.6681715456 1.930217 -0.481975 1.689698 1.272383 -3.140589 -2.039478 -0.926632 -2.978343 2.842901 0.995641 -2.132784 -0.570306 0.441933 0.774957 -5.000000 -3.739135 2.770956 1.195060 2.695979 -1.601633 0.549506 0.681992 0.051015 -1.766871 1.587527 0.651021 -2.416844 1.010126 -1.552248 -0.187841 -1.476627 5.000000 -2.852034 -3.851826 -4.498788 -1.854922 1.113282 -0.770140 2.251969 2.739367
53 49.6809751602 9.0000000000 2.0000000000 1.7723141211 3.0000000000 6.2930691981 0.9949385588 4.4651475769 -0.1262954038 3.9626458292 -0.1092699622 19.9375428839 -1241.2926179580 26.4605999655 6.7812927580 2.066401 -2.226498 1.721165 2.237987 -3.531467 -4.520295 -5.000000 0.438686 0.464771 -1.203764 -2.106994 -0.662214 1.472211 -0.623824 -2.278515 0.033168 -0.012331 4.348319 0.244698 -0.446153 -0.151137 -1.125742 0.312914 -2.951426 -1.443022 2.959791 -3.722165 -0.006228 0.752903 0.744149 0.029349 5.000000 -0.909852 -0.933957 -1.600369 2.496499 1.273103 1.896084 3.499197 1.793755
132 46.7234038345 9.0000000000 2.0000000000 1.5684165856 8.0000000000 6.2298301724 0.9847935557 4.8913296929 -0.0339930507 4.5291288814 -0.0358253096 23.9251061651 -1133.9175899677 25.5171345917 6.5221541588 3.571243 3.579290 -0.517253 4.193301 -2.000693 -0.433845 -4.664331 0.678592 -2.787015 -0.134441 0.502206 0.734527 3.626079 0.243854 -1.297836 0.656478 0.976829 1.016638 2.703548 0.080046 1.096111 -2.661794 -0.557432 -0.033729 -1.946854 0.169997 -3.904251 4.661332 -4.121474 0.483582 -0.898166 1.349057 -0.570775 -4.430814 0.385725 -0.252708 2.855852 -0.135038 4.733019 -0.788551
400 44.7548454012 9.0000000000 2.0000000000 1.1433568925 26.0000000000 6.0339518335 0.9530743015 6.0651021218 0.0445085240 5.6945737318 0.0395089082 36.7854637480 -912.4934493324 25.5314442028 6.4946608324 2.114583 1.920077 0.083834 1.570318 -4.272656 -4.399934 -0.112107 0.751290 -1.322648 -1.978172 3.607146 -1.539010 1.527374 -0.804534 -0.047416 -1.716409 1.138720 -0.162110 1.618781 1.765175 -1.443134 -2.042903 3.336222 -2.593199 -3.185958 1.379121 -0.728338 1.323255 -4.805886 3.364668 -2.936842 -2.061882 -0.216901 -3.070830 1.952405 -4.670015 1.990760 0.652409 4.264016 0.654925
429 39.7652458685 9.0000000000 2.0000000000 1.1203728296 28.0000000000 6.0150359528 0.9499851515 5.6970989515 -0.1160823188 5.4446599743 -0.0922232579 32.4569364627 -875.9122995447 24.6389725838 6.3135622189 3.543029 2.381918 1.263131 0.916064 -5.000000 -4.319248 0.927651 -1.439970 0.916175 -1.936682 1.372833 0.348204 -0.356192 -0.109500 0.892266 -3.615034 -0.273671 0.302059 2.149079 -2.341351 -2.315247 -1.904724 2.149901 -2.931953 -4.140298 1.384482 1.941478 -1.602924 -5.000000 3.561625 -2.759230 -3.482958 -2.018283 -2.472273 1.905894 -2.693443 2.479744 1.653278 3.927183 -1.036719
631 35.0162954166 9.0000000000 2.0000000000 0.9672996747 42.0000000000 5.8702461271 0.9265524777 5.7704866755 0.0357620366 5.0953759222 0.0260569064 33.2985164719 -752.8017283246 24.1055524631 6.1499203110 2.662163 3.656235 0.595001 2.300506 -1.730862 -1.685584 1.466014 -0.417930 -1.959674 -1.280272 2.376496 -0.451182 2.038275 -0.239951 -0.233466 -0.545732 -0.664103 1.718805 4.983998 -3.488931 -1.893199 -1.373028 0.709905 -1.817101 -3.448760 3.373771 1.027594 -0.524164 -2.242573 0.733587 -3.979590 -4.204932 3.001512 -4.556556 2.223985 -5.000000 -0.137896 -0.853531 2.957178 -0.563890
1005 67.9024251481 9.0000000000 2.0000000000 0.7924382904 67.0000000000 5.6275433976 0.8870703984 6.4452915588 -0.1527306677 5.8297018591 -0.1583937222 41.5417832773 -590.4509605508 23.9561529629 6.1234890956 1.367892 1.166712 2.663545 3.142919 -2.707481 -3.145254 -0.953284 0.597463 -3.532745 -2.400546 0.077082 -4.193489 -1.273375 -2.734709 -2.080155 3.742461 -0.580148 2.456834 4.183786 -3.663505 -2.173119 -1.893660 0.844925 -3.152743 -4.583098 0.181830 3.059986 -0.637359 1.180658 2.824910 -3.186087 -3.854748 1.937374 -4.698342 0.787776 -2.989962 0.837607 0.482733 3.876564 -4.538230
evaluations raw_y rep iid sigma t d_norm d_mean ps_norm ps_mean pc_norm pc_mean ps_squared loglikelihood mhl_norm mhl_mean x0 x1 x2 x3 x4 x5 x6 x7 x8 x9 x10 x11 x12 x13 x14 x15 x16 x17 x18 x19 x20 x21 x22 x23 x24 x25 x26 x27 x28 x29 x30 x31 x32 x33 x34 x35 x36 x37 x38 x39
1 111.7710309917 10.0000000000 2.0000000000 0.7924382904 67.0000000000 5.6275433976 0.8870703984 6.4452915588 -0.1527306677 5.8297018591 -0.1583937222 41.5417832773 -590.4509605508 23.9561529629 6.1234890956 2.663173 1.430558 -3.090801 -0.016768 1.242672 -1.440171 0.531023 0.217097 0.008583 -0.349200 0.866052 2.406075 -1.930131 2.056548 0.457260 0.890275 -2.273204 0.270274 2.969074 -2.159610 -3.955457 -3.486745 0.532140 4.769935 2.247383 3.345244 0.198298 2.795993 -0.542496 1.226408 -0.534634 -1.098618 0.265417 -0.952284 2.616946 0.390027 0.800420 -0.675265 2.512945 -1.463939
2 72.3040734551 10.0000000000 2.0000000000 0.7924382904 67.0000000000 5.6275433976 0.8870703984 6.4452915588 -0.1527306677 5.8297018591 -0.1583937222 41.5417832773 -590.4509605508 23.9561529629 6.1234890956 1.320463 -0.701744 -1.878867 -0.978674 -1.609182 -0.425395 -0.678280 0.624340 1.130305 -0.294841 -0.051811 0.578188 -1.079758 1.416320 1.684449 0.407162 4.789407 1.834918 -0.224545 -0.724361 -0.464365 -1.003458 2.257570 -1.395620 -0.162244 -1.058592 2.092366 -2.837112 -0.724998 -0.243811 0.638713 0.921806 -0.431580 1.978145 0.629508 4.935302 -3.016643 1.241201 -2.090265 -1.596018
3 63.9598538897 10.0000000000 2.0000000000 0.7924382904 67.0000000000 5.6275433976 0.8870703984 6.4452915588 -0.1527306677 5.8297018591 -0.1583937222 41.5417832773 -590.4509605508 23.9561529629 6.1234890956 3.970169 3.489628 -3.712371 -0.445547 -0.131696 -4.263424 -0.097661 0.786682 0.434530 -3.988788 2.215416 0.489088 -0.123824 -1.507786 1.423918 1.836538 -0.964186 0.179175 1.653997 -3.909024 0.234951 -3.814914 -1.845819 0.939503 -0.288734 -0.800277 -0.591968 1.696417 1.413661 -1.574538 0.585881 -0.941615 4.808651 -1.478713 -0.625658 -0.697764 -0.878052 0.282208 0.546099 -3.237141
8 58.9700129628 10.0000000000 2.0000000000 0.7924382904 67.0000000000 5.6275433976 0.8870703984 6.4452915588 -0.1527306677 5.8297018591 -0.1583937222 41.5417832773 -590.4509605508 23.9561529629 6.1234890956 -2.539639 0.646780 1.771550 0.528789 4.638255 0.617335 1.785128 0.022045 1.960148 -4.791144 -1.715045 -0.728556 1.007854 0.376662 2.170454 0.713878 0.414659 -0.290129 0.327809 1.659025 1.510600 1.758971 -0.479913 -1.390113 -0.942800 0.698953 3.222915 0.478679 0.970005 -3.317209 5.000000 -2.207044 3.635565 -1.112095 1.915422 1.630441 0.128639 -0.332811 -1.881420 -0.107189
16 51.6436527133 10.0000000000 2.0000000000 1.8903713797 1.0000000000 6.3119722125 0.9979921560 3.2472576672 0.0611165970 2.7537969324 0.0518291785 10.5446823569 -1251.7319947360 25.2750794474 6.4590936802 -1.077616 2.195132 -2.700444 -1.669755 -3.758798 -0.520966 0.770984 2.296387 -0.853342 -0.711153 -1.412791 -3.155296 -1.803242 3.135960 2.340863 -3.488980 -0.312392 1.448728 2.494547 -1.843520 -0.437995 -0.934437 -3.515015 -1.183525 -0.611444 1.392265 -1.661594 -0.147830 -0.548136 0.029119 1.780177 -3.341972 0.459993 1.429453 2.216298 2.939310 0.561183 0.585663 -1.182645 -0.950320
107 46.9055633218 10.0000000000 2.0000000000 1.5512028402 7.0000000000 6.2434583693 0.9870217479 4.9221797086 0.0875980132 4.4468230568 0.0730093285 24.2278530834 -1132.3309422218 25.6528561368 6.5804574597 -4.211662 1.391991 -2.172701 -1.192468 1.797747 -0.394084 -0.743336 -1.425583 -1.326549 3.025437 -1.451349 -2.270084 0.474208 1.726799 -1.515971 -0.896703 -2.822432 1.372915 -0.506449 -0.226986 1.769378 -1.599930 -3.205654 -1.936840 1.297718 2.898945 0.804972 2.367253 2.648014 -2.018665 2.941786 -4.149933 1.330908 -0.818292 -1.112768 5.000000 -2.493539 0.181176 1.375948 -0.894887
309 40.6013525556 10.0000000000 2.0000000000 1.2729387007 20.0000000000 6.1045805205 0.9645985476 5.9283558533 -0.1789618985 5.4051723756 -0.1618310612 35.1454031238 -983.2549175483 25.3462456523 6.4834924628 -5.000000 0.972770 -4.512344 -1.796465 2.310163 -0.823281 0.794546 -4.954620 -2.245800 2.667436 -1.673110 -0.416594 5.000000 -0.142017 -2.436933 -1.017697 -2.769187 2.557651 4.166079 -0.895103 -4.328170 2.940997 -4.465085 2.123280 -2.160888 -0.978930 -1.693357 5.000000 2.196610 1.041844 3.727035 -1.221429 -0.772372 1.153154 -3.615519 4.016131 -2.454234 2.226149 0.218662 -4.654869
380 39.5016199861 10.0000000000 2.0000000000 1.2478227698 25.0000000000 6.0535339849 0.9562184824 6.0327915539 0.0227000829 5.8730118238 -0.0063383388 36.3945739325 -974.7510703614 25.7239810704 6.5344285142 -3.266933 2.767569 -2.413191 -0.946218 3.351159 -3.267584 -0.073528 -4.162905 -1.597339 3.107844 -3.331036 0.366649 3.588751 -1.677999 -2.870782 -1.662521 -3.970012 1.679103 3.399392 -5.000000 -2.914025 -0.040788 -3.960704 2.975606 -1.906419 1.498945 -1.312864 4.003790 -0.228796 0.275766 5.000000 -2.708105 -1.352895 2.106374 -2.254347 4.447788 -3.147232 0.636766 -0.698630 -5.000000
776 37.0008636063 10.0000000000 2.0000000000 1.0879662539 51.0000000000 5.8006397658 0.9148785651 6.1068589298 0.0869809843 5.5318000268 0.0312938409 37.2937259889 -852.6778237877 25.8342536585 6.5845312776 -4.415534 -1.065441 -0.716400 -4.052059 0.957538 -2.467653 0.111489 -3.047715 1.303314 2.510582 -3.463633 3.460212 0.366472 -1.649651 -0.067872 1.337445 -0.770732 2.242396 4.816528 -2.977833 0.103999 2.943049 -4.598784 1.717048 -4.364388 -0.500118 -5.000000 1.323325 -3.405950 -0.170494 3.569331 -0.311234 -3.268717 0.908874 -4.376491 5.000000 -3.463202 2.045815 3.996612 -0.168720
1005 76.7656734052 10.0000000000 2.0000000000 0.9671294166 67.0000000000 5.6446875750 0.8892850427 5.0244285235 -0.2957922082 4.4325752632 -0.2602554449 25.2448819876 -737.8659213423 24.9778726108 6.4064744577 -3.422369 -1.708538 0.759600 -3.600711 -0.378089 -1.211931 -2.088170 -4.059202 0.064725 -3.811072 -3.177311 4.522970 -2.310025 -2.506324 0.144920 0.708765 0.171538 1.777773 5.000000 -3.129416 -1.573992 0.636007 -3.187838 -1.146404 -3.080920 3.044287 -3.934850 -0.667627 -3.019997 -1.695888 0.582051 0.068270 -5.000000 2.164858 -3.080604 3.597851 -3.857105 1.683237 2.489016 -3.376943
evaluations raw_y rep iid sigma t d_norm d_mean ps_norm ps_mean pc_norm pc_mean ps_squared loglikelihood mhl_norm mhl_mean x0 x1 x2 x3 x4 x5 x6 x7 x8 x9 x10 x11 x12 x13 x14 x15 x16 x17 x18 x19 x20 x21 x22 x23 x24 x25 x26 x27 x28 x29 x30 x31 x32 x33 x34 x35 x36 x37 x38 x39
1 103.3895514755 11.0000000000 2.0000000000 0.9671294166 67.0000000000 5.6446875750 0.8892850427 5.0244285235 -0.2957922082 4.4325752632 -0.2602554449 25.2448819876 -737.8659213423 24.9778726108 6.4064744577 3.498909 -0.572146 -0.969130 -5.000000 -0.016569 -0.639263 -1.073259 0.630805 0.842101 -2.131206 -1.772479 -0.951467 1.379365 1.122384 -2.611097 -2.238951 1.473675 3.149268 -0.062150 -1.366893 2.191259 -0.619153 1.451504 3.098143 1.260160 0.146986 1.464543 -1.285151 -0.356186 -1.147909 -0.408751 -0.972990 -0.371551 -0.761073 0.177955 0.127343 0.592694 2.805542 -3.093725 2.591237
2 59.9721894108 11.0000000000 2.0000000000 0.9671294166 67.0000000000 5.6446875750 0.8892850427 5.0244285235 -0.2957922082 4.4325752632 -0.2602554449 25.2448819876 -737.8659213423 24.9778726108 6.4064744577 -0.474501 -2.464692 -0.344840 0.183677 2.135117 -2.123269 0.434696 0.235639 -3.368222 -2.371511 1.200204 1.391135 2.175422 1.067643 0.790424 0.245735 2.418203 -1.686132 -0.283787 0.770708 -3.154989 2.621887 -1.585730 -0.143499 4.313349 -1.658875 -1.058744 3.123407 -2.160388 -0.864115 1.032168 0.910786 1.187372 0.741013 2.690756 2.031884 1.190557 -1.365603 -1.427120 -3.816579
8 54.8974115178 11.0000000000 2.0000000000 0.9671294166 67.0000000000 5.6446875750 0.8892850427 5.0244285235 -0.2957922082 4.4325752632 -0.2602554449 25.2448819876 -737.8659213423 24.9778726108 6.4064744577 0.503092 -1.574078 -0.588813 1.479401 -0.191272 1.086106 0.844770 0.063338 0.097662 3.723227 -0.341352 3.255344 -1.828001 1.458801 0.341811 -1.458509 -5.000000 3.189849 -2.310408 -1.926108 0.259260 0.114278 0.557592 -0.508156 -2.999232 1.734025 -1.809374 0.446580 1.148882 2.364450 -0.435807 -0.610878 -0.466624 -3.697170 -1.509633 -2.008768 -2.299726 0.335387 -0.622977 3.192530
15 46.9439713884 11.0000000000 2.0000000000 0.9671294166 67.0000000000 5.6446875750 0.8892850427 5.0244285235 -0.2957922082 4.4325752632 -0.2602554449 25.2448819876 -737.8659213423 24.9778726108 6.4064744577 -1.286510 0.179090 4.724086 -0.552785 -0.865231 0.977900 4.321765 -1.049987 -0.493959 0.204930 1.636977 4.490898 -2.359541 -3.187206 0.454529 1.214410 -4.311652 -1.073365 2.077214 -0.891178 1.132236 0.516504 1.473109 1.041902 0.699740 2.672362 -0.938093 0.434460 2.448175 -0.926871 -0.545485 -1.306842 -1.677015 4.247955 1.145827 3.959878 1.672843 0.363870 -0.352021 0.739644
182 46.4534682565 11.0000000000 2.0000000000 1.5587922866 12.0000000000 6.1905788610 0.9783965030 6.2047079142 -0.0273609748 5.8446993560 -0.0349673471 38.4984003001 -1066.5331461815 23.1054741101 5.8962260293 -2.338079 -2.597890 -0.272851 -3.350246 -0.296561 -1.779206 1.925972 -3.813631 -0.360467 5.000000 1.303521 1.255996 -0.566632 0.935532 -5.000000 5.000000 -5.000000 3.572406 1.557594 2.169639 -1.348732 -1.288976 4.814159 -4.106050 -0.065110 1.261185 -2.950052 -5.000000 1.875099 -2.224613 -4.793493 3.496398 0.169653 3.150028 2.078486 -2.304687 -3.294388 -1.216266 5.000000 -0.456264
257 44.3126846481 11.0000000000 2.0000000000 1.4667056731 17.0000000000 6.1389919226 0.9699971820 5.5364147101 0.0108511573 5.0407760461 0.0044575174 30.6518878424 -1046.5041284533 24.1186828904 6.1395234380 -2.386091 -4.350397 1.000050 0.137295 2.914976 3.176664 1.916042 -5.000000 -0.074651 2.546569 -0.915151 -1.619501 -2.435597 1.104821 -2.555260 0.958281 -4.563646 3.432356 3.896181 -0.595143 -3.729107 -3.989514 5.000000 -2.801134 -1.175011 3.453350 0.077484 -2.493389 0.722896 -0.755033 -4.778660 -0.759245 3.678093 3.526234 0.090681 -0.753041 -3.094763 3.564653 1.736164 2.117552
676 42.3328686787 11.0000000000 2.0000000000 0.8959433823 45.0000000000 5.8346782885 0.9208832880 4.9189741518 -0.0256869294 4.3928845728 -0.0144810230 24.1963067058 -720.5404418633 24.7752932191 6.3466732982 0.724970 -5.000000 -2.483538 1.932019 5.000000 -0.515141 -2.253858 -2.298465 1.010484 3.451369 -2.994541 1.948076 -3.265963 5.000000 -3.937658 5.000000 -3.360508 2.727778 0.752104 -3.978145 -4.054600 1.592795 5.000000 1.045910 -0.159169 3.974989 -0.033471 -2.883228 -0.588666 -2.642457 -3.205824 -3.240073 3.464517 3.980348 1.906128 -0.186152 -1.998887 3.905508 2.006203 0.001074
723 40.4513636126 11.0000000000 2.0000000000 0.8503883352 48.0000000000 5.8005340964 0.9153689129 5.6249433512 0.0362499611 4.9376105797 0.0287919755 31.6399877045 -673.8139416301 24.5778692742 6.3101025821 -0.579718 -4.366316 -3.199717 2.370446 4.261050 -1.159103 -1.761305 -2.053368 1.855212 1.572772 -2.667842 2.622306 -3.853340 5.000000 -3.548737 4.760353 -3.368086 2.601657 0.607526 -4.338041 -2.699222 2.367300 4.646823 0.033571 0.828270 4.313510 -1.166655 -2.904936 -0.764254 -1.312276 -2.536441 -3.087469 4.087229 5.000000 1.631463 -2.230535 -0.289439 3.046398 1.686140 0.494672
924 37.4386238194 11.0000000000 2.0000000000 0.6637840545 61.0000000000 5.6599644054 0.8927168806 4.9134818458 -0.1504309304 4.4008257293 -0.1261323826 24.1423038487 -547.4508907070 26.4439035555 6.7217729580 -0.752301 -3.041731 -4.782387 3.719639 3.993179 -3.026334 -1.043997 -3.680869 3.080342 2.246233 -4.502357 1.453419 -3.585639 3.430364 -3.563950 5.000000 -2.647210 1.849267 1.389986 -1.229664 -3.352931 3.569809 3.045313 1.374982 0.286662 3.249213 -0.834431 -2.525496 -1.819969 -0.204022 -2.390583 -3.948688 4.433330 3.118512 0.339617 -0.391696 -0.578075 4.492396 0.328864 0.588908
993 33.9888786957 11.0000000000 2.0000000000 0.5890130478 66.0000000000 5.6061516243 0.8840175343 5.9017627013 0.1814950036 5.2441031529 0.1203340084 34.8308029823 -455.2828360484 25.9240655958 6.5965646248 -0.880683 -3.090115 -3.551685 2.015294 3.914072 -3.542037 -1.283022 -3.841741 2.534347 1.592208 -3.379794 1.659565 -3.356045 4.820005 -3.037178 4.227671 -3.353286 1.359690 -0.017931 -0.063538 -4.920041 2.632106 2.979516 1.067200 0.476097 3.256847 1.161606 -3.008746 -1.575354 -0.443402 -2.629767 -3.953256 3.906024 3.947083 -0.576984 0.136518 -0.843045 4.021516 1.414152 0.034710
1005 58.0443717098 11.0000000000 2.0000000000 0.5741934556 67.0000000000 5.5933873051 0.8819783959 4.9120058051 0.1457041308 4.2435948925 0.0927876003 24.1278010292 -439.9036417475 25.9198319993 6.6175787379 -0.352354 -3.391027 -3.454917 2.330865 3.549951 -3.326178 -2.303763 -4.207614 2.378477 1.782906 -4.793447 1.839130 -4.020302 4.054353 -4.196176 4.694206 -2.820928 2.011273 0.314555 0.079485 -4.317827 3.042588 2.641780 0.126951 -0.321785 3.421581 0.012487 -3.320157 -0.855098 0.585100 -2.494162 -3.866262 3.458037 5.000000 -0.971452 0.533673 -0.596739 4.658292 0.943916 0.778250
evaluations raw_y rep iid sigma t d_norm d_mean ps_norm ps_mean pc_norm pc_mean ps_squared loglikelihood mhl_norm mhl_mean x0 x1 x2 x3 x4 x5 x6 x7 x8 x9 x10 x11 x12 x13 x14 x15 x16 x17 x18 x19 x20 x21 x22 x23 x24 x25 x26 x27 x28 x29 x30 x31 x32 x33 x34 x35 x36 x37 x38 x39
1 86.8973556038 12.0000000000 2.0000000000 0.5741934556 67.0000000000 5.5933873051 0.8819783959 4.9120058051 0.1457041308 4.2435948925 0.0927876003 24.1278010292 -439.9036417475 25.9198319993 6.6175787379 0.945972 -1.362852 0.484879 -3.401471 1.506286 -3.069443 0.010254 -0.240455 -1.613964 5.000000 -1.195646 0.944914 2.191912 -2.430338 2.684713 -0.244300 2.025031 -1.827738 -2.059060 2.419593 1.003745 0.277692 1.281522 1.054665 -2.308720 -4.426667 -3.363513 -3.576189 -4.437070 -1.294862 -1.056809 -0.078418 0.429952 -0.768718 -0.507808 0.146504 -1.994408 -1.427713 0.070833 -1.355891
2 59.2236521811 12.0000000000 2.0000000000 0.5741934556 67.0000000000 5.5933873051 0.8819783959 4.9120058051 0.1457041308 4.2435948925 0.0927876003 24.1278010292 -439.9036417475 25.9198319993 6.6175787379 -1.143762 -0.211725 2.671663 0.637331 -0.675191 -1.170537 -0.229840 4.483636 -5.000000 1.070272 0.464981 1.735224 -2.296425 4.228688 2.001886 -0.102830 0.319575 -1.432527 0.101046 -0.286675 1.887151 0.715288 -0.166898 1.355612 1.112121 0.445439 -3.057971 2.058422 -2.332518 -2.019123 -0.210536 1.024044 2.815456 -3.375393 2.942468 3.272926 -0.922790 -0.402725 -1.143633 -1.206598
11 51.3100837495 12.0000000000 2.0000000000 0.5741934556 67.0000000000 5.5933873051 0.8819783959 4.9120058051 0.1457041308 4.2435948925 0.0927876003 24.1278010292 -439.9036417475 25.9198319993 6.6175787379 0.601748 1.735519 1.416325 -0.810166 -1.678339 -2.368771 4.279087 2.271114 2.909401 -0.294458 4.054898 1.028554 0.475938 -1.051301 -2.823503 1.365831 0.149439 -0.007263 -2.697830 -4.004379 -2.219703 1.773504 3.807876 -1.304756 -0.658830 -3.140089 -2.023669 0.639530 -1.546446 0.204053 2.465019 -0.375216 -2.319979 3.327423 1.213886 0.410209 0.631770 -0.434736 1.382947 -2.780913
29 49.3874662523 12.0000000000 2.0000000000 1.8886157579 1.0000000000 6.3115859004 0.9979265180 3.1971863061 -0.0565804704 2.7113345304 -0.0479823721 10.2220002760 -1290.2664723728 26.7847922255 6.8609097048 1.869110 1.241402 -1.039494 1.312191 -0.231263 -0.564090 2.566912 3.916090 -0.184587 0.498325 -0.104571 1.250608 -1.870134 3.094876 -1.192323 -0.843826 -3.121021 -2.805562 1.597712 -2.766111 -0.275431 0.056793 4.998146 -0.481734 0.656456 -0.891784 0.797004 -3.823718 -2.800019 -0.932575 0.474398 -1.071088 -1.144546 -0.303721 -0.229856 -0.556890 -0.413353 1.139350 0.064656 -0.240935
46 46.2717975500 12.0000000000 2.0000000000 1.7650796760 3.0000000000 6.2868824004 0.9939777567 4.4821837636 -0.1789903014 3.9666418979 -0.1529717934 20.0899712903 -1213.2837146705 25.5515273690 6.5236247854 0.624054 -0.332437 -1.873401 2.193385 -1.134502 -5.000000 2.841550 4.864503 0.495693 2.317926 4.905068 2.847799 1.630642 1.567825 1.671294 -0.525701 -0.040044 -5.000000 1.985379 -4.312160 0.222739 -0.369701 2.837521 0.222361 -0.424944 -2.126344 0.008346 -3.651834 -5.000000 0.130423 -0.257095 -3.615588 -1.549662 -3.534735 0.906630 0.679939 1.943152 -2.166738 -0.051235 -1.029202
335 45.8048279501 12.0000000000 2.0000000000 1.1801145463 22.0000000000 6.0759339089 0.9600095967 6.6753541589 0.0003344523 5.9298119468 0.0351582657 44.5603531462 -910.5551551877 24.2893311149 6.1794983389 3.569822 0.962794 -3.532684 4.502193 4.400556 -0.923474 3.459294 2.143956 0.519122 1.908381 2.210365 1.980786 1.340448 1.741368 -1.531836 -0.232959 -2.663787 -0.575384 -0.584137 -1.923772 0.869915 -1.597095 0.255184 0.347173 2.815206 2.166020 2.740252 1.891300 -1.401928 3.462129 4.125340 -2.615114 -2.288285 -0.772396 3.938213 1.767312 1.745153 1.399409 4.256690 -3.085576
555 40.9573101746 12.0000000000 2.0000000000 0.9882978371 36.0000000000 5.9228456747 0.9352355247 5.4412597283 0.0118710940 5.1298730032 0.0003370132 29.6073074311 -811.3621785273 25.6528300942 6.5700480301 3.102789 -4.618965 -2.714554 4.427700 3.730140 -1.081264 1.699767 2.972777 0.994052 -1.490169 2.271157 1.014682 2.539369 1.610087 -3.566968 -1.424193 -1.775648 1.377497 -2.520908 -3.211710 -0.583642 0.103350 -2.438463 -1.587373 -0.857943 1.483463 0.958895 4.023513 -4.127749 4.807537 0.854281 -2.657410 -2.781439 -2.431634 3.179604 3.232859 3.217612 2.206801 3.554890 -1.240007
1005 97.4024656273 12.0000000000 2.0000000000 0.7834731514 67.0000000000 5.6176728714 0.8853454104 5.5084537874 0.1350085315 4.7425225134 0.0707574935 30.3430631282 -626.2599219904 25.6160710424 6.5248152259 0.948012 -2.711109 0.637829 2.176438 1.107883 1.246752 -3.915559 4.221033 -0.835540 -1.055321 0.507545 3.842850 2.830956 1.542027 -0.189112 -2.681209 -0.308120 -2.325693 -1.832958 -4.485687 0.574933 0.387641 0.726333 -3.939973 1.259894 1.146437 0.120195 3.840799 -1.592073 4.711648 3.446456 -3.083482 -2.016623 -2.912180 1.569395 0.710641 2.205277 1.323851 -0.114839 -4.013187
evaluations raw_y rep iid sigma t d_norm d_mean ps_norm ps_mean pc_norm pc_mean ps_squared loglikelihood mhl_norm mhl_mean x0 x1 x2 x3 x4 x5 x6 x7 x8 x9 x10 x11 x12 x13 x14 x15 x16 x17 x18 x19 x20 x21 x22 x23 x24 x25 x26 x27 x28 x29 x30 x31 x32 x33 x34 x35 x36 x37 x38 x39
1 78.2329942449 13.0000000000 2.0000000000 0.7834731514 67.0000000000 5.6176728714 0.8853454104 5.5084537874 0.1350085315 4.7425225134 0.0707574935 30.3430631282 -626.2599219904 25.6160710424 6.5248152259 -1.424781 1.507533 -0.089006 0.903625 2.690203 1.064676 2.700376 1.722423 2.957371 -2.090754 -1.577978 -2.523212 1.125694 -0.486653 1.827481 0.634702 0.254607 4.300766 1.212577 -0.053543 -1.968322 2.381411 1.905661 -2.174363 -0.290423 0.475716 -3.278187 -0.556269 2.798477 -3.230216 0.981744 3.785484 -1.241959 -0.907505 0.434903 1.028658 0.794483 -3.025690 -1.528068 0.202540
4 65.3544377496 13.0000000000 2.0000000000 0.7834731514 67.0000000000 5.6176728714 0.8853454104 5.5084537874 0.1350085315 4.7425225134 0.0707574935 30.3430631282 -626.2599219904 25.6160710424 6.5248152259 0.287512 1.810343 0.801347 -1.529188 -2.034004 -1.053979 0.817317 -1.735600 1.783588 -3.078128 -0.528495 -1.864719 0.625757 0.273581 -0.303400 -2.473675 -1.764981 -1.321265 1.985898 -1.287594 1.002335 1.839970 -1.688953 -1.032886 -4.413734 -0.806258 1.426651 -1.893273 0.702723 1.577141 0.720064 -0.876403 0.456670 -1.350750 -0.838521 4.773492 -1.016686 -1.372473 0.309807 0.555672
24 47.6052420508 13.0000000000 2.0000000000 1.8685072614 1.0000000000 6.3106535180 0.9977876865 2.6203373223 -0.0866294130 2.2221448432 -0.0734650084 6.8661676824 -1242.4071876036 25.2142673495 6.4367115492 -3.602948 -1.779934 -1.168038 -1.305574 -2.535962 4.297739 2.896318 1.434624 0.406124 -2.563100 2.954650 -2.676899 -1.669601 -1.981930 5.000000 2.159466 0.046987 -2.113736 -0.959612 3.211667 -0.266496 3.774232 -1.956971 -2.595913 -0.683471 -2.334385 1.856316 -2.685124 0.126503 0.773556 -1.919510 -2.805257 1.952189 0.391295 0.207024 0.143936 3.531735 3.765846 -3.087637 -1.541999
262 45.8725173244 13.0000000000 2.0000000000 1.3176442486 17.0000000000 6.1316628296 0.9690063838 5.2816131109 -0.1278613302 4.8378518360 -0.1043417701 27.8954370532 -980.2136252345 24.1582048220 6.1832868586 -2.123923 2.070921 -2.114634 0.444369 -2.108031 3.527280 0.513332 1.286261 -1.885354 3.133036 0.702998 -2.848535 -2.083359 -1.468456 0.411985 0.049647 -3.404053 -0.562414 -2.032252 1.147693 -3.622636 2.400136 -4.368557 -4.273156 -3.619878 -1.797248 -5.000000 -0.534985 1.808026 -5.000000 0.012427 1.882575 2.101645 2.576098 0.127647 -0.213745 0.941069 2.658058 -1.592703 -0.540912
279 42.2559462033 13.0000000000 2.0000000000 1.3025243009 18.0000000000 6.1187852589 0.9669441893 5.6632590522 -0.3121830223 5.1330533800 -0.2595458500 32.0725030928 -1004.4276252166 25.5366830892 6.4604099038 -1.306413 1.582022 -1.453154 0.454904 -2.067303 1.329233 1.015691 0.379752 -1.374866 4.130664 -0.453041 -3.284757 -3.602558 -0.684365 1.374021 -0.777005 -1.456142 1.289150 0.350702 1.678543 -4.396098 2.287757 -4.962107 -1.878761 -4.512088 -1.064952 -3.231230 -2.381012 0.559138 -3.724273 -0.226434 0.385451 1.578614 3.378407 0.184099 -0.075155 0.623873 0.516989 -1.028216 -0.444168
347 40.1856069376 13.0000000000 2.0000000000 1.2311598239 23.0000000000 6.0688623256 0.9588504297 5.6909231246 -0.0797208642 5.1280170327 -0.0968627248 32.3866060098 -950.2574314064 25.0099929032 6.3918789074 -2.867538 2.872518 1.021579 0.507512 -1.123687 4.211658 -0.929898 1.415274 -3.383801 5.000000 3.186597 -0.029289 -3.780386 -0.630663 -0.084189 -4.846562 -2.744223 -1.547777 -1.000044 3.587505 -2.326504 3.769915 -3.223933 -4.871200 -4.913421 -0.855150 -2.138559 -2.704929 4.693221 -3.007834 -1.452957 0.714305 0.217159 1.699305 4.442586 -1.808133 2.157354 2.520356 -0.988692 -2.150873
496 37.5611429038 13.0000000000 2.0000000000 1.0627653842 33.0000000000 5.9570434282 0.9408118638 5.7953058135 -0.0358055396 5.0290306396 -0.0460977438 33.5855694715 -849.6300485311 25.2252347936 6.4606024780 2.102451 1.740713 1.386088 -0.722000 -2.130229 4.047569 0.062330 -1.363819 -0.400442 4.152013 -0.154511 -0.384440 -4.053863 -2.204274 -2.770593 -5.000000 -1.096868 -1.199221 -1.207990 3.730363 -4.329720 1.040731 -4.864558 -2.914796 -0.353005 0.266344 -3.986378 -4.758603 1.647408 -3.397294 -0.347909 -0.790819 -0.113603 2.705942 1.026943 -0.510547 -0.992816 0.468377 3.776881 -2.402249
1005 51.2791857493 13.0000000000 2.0000000000 0.6926100932 67.0000000000 5.6132796583 0.8852814321 6.4379755924 -0.1043531417 5.4227957617 -0.0642438348 41.4475297285 -542.8208809738 25.4395761208 6.4824686415 3.452633 0.188215 1.611674 -4.692752 0.270003 2.480494 2.096977 -0.159144 -0.263779 1.503636 3.824687 -0.827017 -0.329821 0.453473 -1.082749 -2.625093 1.780382 -0.380687 -1.704549 5.000000 -3.899585 -1.428480 -2.866075 -4.241020 -1.782252 -1.835681 -4.011604 -3.978620 1.539493 -1.687665 -3.159493 -0.421193 0.936755 3.635024 0.241091 1.288808 0.709660 1.210481 -0.680166 -1.953640
evaluations raw_y rep iid sigma t d_norm d_mean ps_norm ps_mean pc_norm pc_mean ps_squared loglikelihood mhl_norm mhl_mean x0 x1 x2 x3 x4 x5 x6 x7 x8 x9 x10 x11 x12 x13 x14 x15 x16 x17 x18 x19 x20 x21 x22 x23 x24 x25 x26 x27 x28 x29 x30 x31 x32 x33 x34 x35 x36 x37 x38 x39
1 95.3852271031 14.0000000000 2.0000000000 0.6926100932 67.0000000000 5.6132796583 0.8852814321 6.4379755924 -0.1043531417 5.4227957617 -0.0642438348 41.4475297285 -542.8208809738 25.4395761208 6.4824686415 3.102678 0.158372 0.347953 -0.144673 -4.008659 0.289356 -3.002337 0.422219 -1.116410 2.169058 -0.372578 0.029323 -2.151139 1.284504 -0.360673 1.240601 1.621949 1.555872 -0.474979 -3.783825 -2.344244 1.672414 2.018547 2.586199 -1.098662 -1.963426 1.829346 1.746141 0.044222 -0.008287 -2.698252 -0.416436 2.653081 -1.832521 -0.940026 -0.298885 -0.650520 -3.611447 -1.000740 -1.129561
3 48.4398305294 14.0000000000 2.0000000000 0.6926100932 67.0000000000 5.6132796583 0.8852814321 6.4379755924 -0.1043531417 5.4227957617 -0.0642438348 41.4475297285 -542.8208809738 25.4395761208 6.4824686415 -1.632498 -1.022753 -1.019616 -1.546922 -0.497033 -3.801384 1.599640 2.551948 -1.401988 -2.942301 0.522371 0.917017 -0.419033 1.864008 -1.173946 -2.266227 2.969538 -1.021326 -0.896438 -4.659827 -0.786878 -1.277527 -0.077215 1.342406 0.352363 -2.348591 2.080978 0.719458 1.086232 -0.169380 0.153202 -2.810301 -3.112469 -1.384754 -1.472439 0.364633 -5.000000 -1.262037 -1.800881 2.056018
72 46.7590028021 14.0000000000 2.0000000000 1.7653250320 4.0000000000 6.2788519754 0.9926553349 5.2460235317 -0.2574140918 4.7486663654 -0.2413355353 27.5207628949 -1174.2864603382 24.0207823350 6.1433537381 -2.961501 1.657110 0.320695 -1.452927 -5.000000 -3.829096 5.000000 3.346655 5.000000 -3.227022 -1.679645 2.062052 0.970520 1.639365 -0.185740 0.031476 5.000000 -0.440165 -3.174164 -3.778240 -2.441083 -2.775488 3.122261 -3.342277 -5.000000 -2.361736 2.226461 0.568408 0.374439 -1.309362 2.703177 -1.632718 -4.336933 -0.480328 -1.879620 2.940688 0.322191 2.109796 -1.256440 2.672196
217 46.0097019686 14.0000000000 2.0000000000 1.4900201830 14.0000000000 6.1730238163 0.9754901467 4.8192827260 -0.0162654403 4.5055121509 -0.0407397126 23.2254859930 -1052.0190999561 23.7932758664 6.0580678919 0.737463 2.215079 -1.764095 -3.621865 -4.759849 -0.941412 0.720179 1.994349 2.780931 -5.000000 -0.125904 3.847032 2.423605 3.272407 2.334607 0.005892 0.402672 -5.000000 -3.451050 -5.000000 0.721901 -0.203681 3.120631 -4.863495 -1.484296 -1.625158 3.842387 -1.735227 -2.399840 -1.581739 -0.321780 -0.784255 -3.296883 0.351076 -1.839038 -1.037961 3.771615 0.684570 -1.093944 4.131250
273 44.5966680839 14.0000000000 2.0000000000 1.3898854211 18.0000000000 6.1314118273 0.9687747073 6.2929107626 0.2046106959 5.6184972883 0.1582398788 39.6007258663 -1020.2990994830 24.4181969978 6.2583529481 -0.915869 -1.925716 -0.900500 -3.406087 -4.213687 0.478480 0.967985 0.694661 1.162073 -4.150477 1.635810 5.000000 5.000000 2.776877 2.606901 -3.350141 2.202602 -3.111598 -2.862201 -5.000000 0.067219 -3.498430 4.026829 -1.688461 -1.991562 -4.980481 4.464353 -3.530266 0.198181 -3.400523 1.672297 2.115082 -3.552318 0.838041 -0.117740 0.225072 2.054856 0.851038 -1.120144 4.617754
284 41.2746132342 14.0000000000 2.0000000000 1.3898854211 18.0000000000 6.1314118273 0.9687747073 6.2929107626 0.2046106959 5.6184972883 0.1582398788 39.6007258663 -1020.2990994830 24.4181969978 6.2583529481 1.949456 -0.379535 0.853770 -3.606243 -3.817478 0.881561 -2.153360 -1.495321 1.621998 -3.864514 -1.387883 4.094570 3.653584 1.791239 4.366895 -0.704519 0.997085 -0.822876 -0.290913 -4.389163 2.051183 -0.968411 3.668527 -0.127283 -2.858697 -5.000000 1.202221 0.140265 -0.927720 -3.524471 2.925791 0.614570 -1.456112 2.725124 -4.335991 -0.085780 3.774548 0.155488 -0.537238 3.845676
543 40.9554150665 14.0000000000 2.0000000000 1.1416155642 36.0000000000 5.9442692165 0.9385050177 5.7975496797 0.0188636942 5.3237008607 0.0418785096 33.6115822882 -866.5898415143 24.2301200492 6.1908991072 -0.222211 -0.595022 3.719916 -3.130603 0.181587 1.273055 -1.979020 0.006097 1.297921 -4.175991 -1.506841 3.105556 3.357225 -1.102817 -1.206147 -2.780233 3.940950 -3.578912 -2.236942 -4.764731 3.292535 -3.797961 2.089686 1.034754 -2.172519 -1.974109 3.945285 3.097785 0.670196 -3.751665 2.622822 -4.510381 2.546865 3.885569 -3.169975 -2.958731 4.141412 4.355754 3.299823 2.948973
940 39.1547336538 14.0000000000 2.0000000000 0.9235851132 62.0000000000 5.6878817868 0.8966684831 6.3130048035 -0.0088095702 5.4439573596 -0.0108520763 39.8540296493 -720.5533358574 25.1575118566 6.4016627863 0.105914 -1.265307 1.151018 -1.579832 1.494558 1.064692 -1.715971 0.090654 0.125246 -2.884646 -2.671412 3.640933 2.512710 -1.578604 -1.043680 -0.333075 1.071038 -4.666116 -3.187124 -3.226528 3.820146 -3.150658 0.265718 0.051964 -1.627614 -1.797089 2.603685 3.097895 0.495312 -4.025095 3.234263 0.321381 2.921591 1.835076 2.507597 -4.118615 5.000000 3.329279 4.321578 4.772580
1005 56.4033447140 14.0000000000 2.0000000000 0.8595994285 67.0000000000 5.6378584615 0.8885881390 5.4288926162 -0.1649195708 4.5356526739 -0.1357678921 29.4728750378 -701.3948180695 26.6257323193 6.7711427827 2.606009 -0.541945 1.952738 -3.318591 2.323423 2.341727 -1.965342 1.237250 1.115909 -2.537584 -3.421684 -0.270598 1.479591 -1.665100 -2.187191 -2.850995 0.467217 -2.441699 -2.759428 -4.287214 2.710856 -3.846969 -0.112413 -0.157730 -1.567627 -2.810417 2.326918 3.240303 -0.868228 -2.728522 1.714765 -1.992936 1.771351 2.753269 1.316928 -4.317343 4.476305 3.867021 2.252003 2.067169
evaluations raw_y rep iid sigma t d_norm d_mean ps_norm ps_mean pc_norm pc_mean ps_squared loglikelihood mhl_norm mhl_mean x0 x1 x2 x3 x4 x5 x6 x7 x8 x9 x10 x11 x12 x13 x14 x15 x16 x17 x18 x19 x20 x21 x22 x23 x24 x25 x26 x27 x28 x29 x30 x31 x32 x33 x34 x35 x36 x37 x38 x39
1 58.0804030212 15.0000000000 2.0000000000 0.8595994285 67.0000000000 5.6378584615 0.8885881390 5.4288926162 -0.1649195708 4.5356526739 -0.1357678921 29.4728750378 -701.3948180695 26.6257323193 6.7711427827 -0.624657 0.678569 -0.311817 -1.003579 0.471138 -3.527211 -2.191724 -2.175531 -0.610340 -0.947497 -0.401189 0.710394 1.379035 0.821179 -1.129957 1.198781 -0.325873 3.200429 1.363254 0.029760 -0.175559 -1.964236 0.243381 -2.274875 0.698005 -3.717026 -2.334364 2.849794 2.993131 2.579864 -3.623491 -2.996614 -2.900286 -3.387814 0.454528 -0.979469 -0.001057 -0.980505 -1.586419 4.097798
27 54.7783433027 15.0000000000 2.0000000000 1.8903036787 1.0000000000 6.3124807468 0.9980725157 3.2453276554 -0.0693186735 2.7521602096 -0.0587848487 10.5321515909 -1289.0762179157 26.7001344298 6.7913363791 0.154752 0.359815 -0.320633 3.174536 -3.111591 0.115377 -1.997393 -1.536758 -0.949481 0.792603 2.278228 2.081033 0.283606 -0.251707 -3.556516 0.134350 5.000000 5.000000 0.355671 -3.136042 1.462964 -5.000000 -0.486666 0.050398 2.250152 -1.842752 0.241602 1.972862 0.465380 2.400945 1.414616 1.142053 -1.160450 -0.231073 -2.504215 -1.782633 -2.781936 -0.112089 2.072334 -0.629698
30 48.6572630321 15.0000000000 2.0000000000 1.8903036787 1.0000000000 6.3124807468 0.9980725157 3.2453276554 -0.0693186735 2.7521602096 -0.0587848487 10.5321515909 -1289.0762179157 26.7001344298 6.7913363791 -1.606062 3.713370 -1.605261 -1.555721 1.542566 -2.766550 1.010157 -2.274595 1.337591 -1.020978 -2.274013 -4.200845 1.773391 -0.934735 -1.526338 2.176956 3.954793 0.865632 -0.606269 -2.097664 -0.446389 1.772319 -1.803356 -3.058113 3.212542 -0.690999 -0.095600 0.795728 2.828564 2.647824 -2.124224 -1.254359 -1.670785 2.061705 -0.007454 -0.120520 -0.812676 2.553047 0.457677 3.717884
168 47.9401910536 15.0000000000 2.0000000000 1.6258080134 11.0000000000 6.2054997411 0.9807571660 5.0588323711 0.0798903100 4.8521008787 0.0588849183 25.5917849589 -1114.2489032048 24.0191960013 6.1395484984 0.722552 5.000000 -0.490831 0.260854 -2.921020 -1.450536 -0.443566 -1.951734 -2.354772 0.432825 -1.126328 3.478608 -1.097765 4.303936 -1.491924 2.196213 1.313780 0.266493 0.990777 -4.274895 0.185860 -1.440295 -0.017626 -2.303188 0.937452 0.263091 3.558718 3.522758 -3.342597 2.729725 1.029065 1.861292 0.901962 1.179253 -2.361045 -2.590500 -1.936572 -1.039554 -2.957893 -0.824089
387 39.8497545582 15.0000000000 2.0000000000 1.2757171201 25.0000000000 6.0642063000 0.9579102266 5.7979288325 0.1603936337 5.1628074538 0.1170300947 33.6159787469 -991.2977898609 25.8267518532 6.6100305863 -0.765370 2.979891 -1.197537 1.596887 -2.485384 -4.802355 -3.860407 -0.491729 -0.295278 0.986077 2.255219 0.997092 2.453100 2.588238 -5.000000 2.454093 1.677328 -2.988563 3.785311 -4.957270 2.148564 -2.889502 -0.425799 -0.225456 -0.861730 -3.440027 -0.676607 1.095916 -3.995274 3.145088 3.201549 4.698851 2.095223 -0.095164 -3.706821 -2.945718 1.066185 -1.263980 -4.249714 2.649292
601 39.7527143712 15.0000000000 2.0000000000 1.0177053063 40.0000000000 5.9128248284 0.9333959253 4.5049202329 -0.0234094907 4.0466818229 -0.0009766345 20.2943063050 -864.5980102325 27.1752763258 6.9518030687 1.613642 3.429369 -1.612193 0.608705 0.193528 -4.441942 -2.168992 -2.152427 -0.906655 0.296820 -0.172491 3.879769 -0.660943 2.882213 -1.596503 -0.630431 0.190096 -0.448499 1.220561 -4.074367 2.708881 -0.359620 -2.176046 -1.325752 -2.743415 -0.778691 -2.911935 0.856867 -4.815901 1.489060 3.806495 4.664848 3.062495 -1.135697 -1.497766 -4.679314 2.124790 0.348866 -3.331843 1.010684
1005 99.7635828981 15.0000000000 2.0000000000 0.8205025853 67.0000000000 5.6507227286 0.8905151293 6.3017752107 0.4191224461 5.6454917532 0.3669427702 39.7123708059 -621.8446519298 24.2299719699 6.1865604762 5.000000 2.555492 -3.723165 3.524937 1.129054 -2.720167 -0.577252 -0.358837 -2.753583 2.055157 0.630866 3.452639 2.836796 3.510679 1.137865 0.220604 -0.215576 -3.191535 5.000000 -1.016509 0.341937 4.177728 -3.946101 -0.158333 -1.780833 -0.034016 -0.710073 0.556309 -1.364197 -0.083494 2.617945 2.866733 4.143146 -0.517610 2.118480 -2.125769 -0.037882 -1.110226 -2.804533 1.496418
evaluations raw_y rep iid sigma t d_norm d_mean ps_norm ps_mean pc_norm pc_mean ps_squared loglikelihood mhl_norm mhl_mean x0 x1 x2 x3 x4 x5 x6 x7 x8 x9 x10 x11 x12 x13 x14 x15 x16 x17 x18 x19 x20 x21 x22 x23 x24 x25 x26 x27 x28 x29 x30 x31 x32 x33 x34 x35 x36 x37 x38 x39
1 64.9625301467 16.0000000000 2.0000000000 0.8205025853 67.0000000000 5.6507227286 0.8905151293 6.3017752107 0.4191224461 5.6454917532 0.3669427702 39.7123708059 -621.8446519298 24.2299719699 6.1865604762 0.255897 -3.056947 -1.188936 0.132661 -2.470990 -1.242737 -1.777896 0.997820 -1.573794 0.237487 -1.513726 0.986734 -1.678809 -2.030044 -0.685039 3.768928 -0.541826 -2.903439 -2.160318 5.000000 -0.440446 -0.178801 0.552683 3.224522 1.431930 1.317265 0.421482 -1.128887 0.280372 -0.676896 -2.809655 -4.973284 2.547087 2.159496 1.296805 1.112840 0.467075 -2.157691 -2.363922 -1.406480
5 64.5069349308 16.0000000000 2.0000000000 0.8205025853 67.0000000000 5.6507227286 0.8905151293 6.3017752107 0.4191224461 5.6454917532 0.3669427702 39.7123708059 -621.8446519298 24.2299719699 6.1865604762 -3.142300 2.719217 0.768025 2.743870 -0.679769 0.306433 -0.811641 -2.477117 0.731471 3.320709 0.595833 -0.377271 -1.067235 -2.362511 0.690623 1.427211 -0.570297 -0.657573 -1.099045 -1.877326 2.867636 1.666791 0.241682 -2.166164 -0.854145 2.104184 2.003532 5.000000 1.771628 0.300687 0.018955 -3.589009 1.684791 -3.365703 -0.158149 -0.671479 1.038498 1.414213 1.729558 1.420746
9 52.7416041667 16.0000000000 2.0000000000 0.8205025853 67.0000000000 5.6507227286 0.8905151293 6.3017752107 0.4191224461 5.6454917532 0.3669427702 39.7123708059 -621.8446519298 24.2299719699 6.1865604762 -0.950084 -3.574946 -1.187079 -0.417450 -0.566501 -1.330216 -1.415077 -1.672711 4.075918 -1.008479 -1.122022 -5.000000 1.492491 -0.419817 -1.183421 -1.409853 -1.387332 2.496488 -0.906707 3.615147 2.428110 -0.358526 -2.315837 1.924843 -0.291217 -0.628145 1.041494 3.323049 -4.300144 -2.516693 -1.840305 2.672750 -0.735683 2.190460 3.076647 -1.055264 -0.227399 0.171235 0.802290 -0.256075
123 51.2019550494 16.0000000000 2.0000000000 1.4611534933 8.0000000000 6.2266871741 0.9843344790 3.9949969202 -0.0212725550 3.6552457248 -0.0359028081 15.9600003924 -1098.8085094942 25.8578094130 6.6123494832 2.679871 -2.330480 -1.863217 4.140874 -2.544788 2.106631 -0.685895 -3.071251 0.579065 -0.630814 -0.817157 0.646491 5.000000 0.603467 -0.051442 -3.720900 0.968736 1.422215 2.963280 -0.323288 -0.437379 -2.233926 -0.263133 4.128197 -5.000000 2.948286 -2.771935 -1.377141 -2.414928 -5.000000 -2.783920 -1.050794 -0.197102 3.193623 0.044845 2.074008 -1.846353 -0.091355 0.696323 -1.021243
175 41.3084085348 16.0000000000 2.0000000000 1.3463218966 11.0000000000 6.1896626364 0.9784004480 5.1865039234 0.0300251628 4.6344991296 0.0128793529 26.8998229474 -1041.9543320666 25.8095337901 6.5900066042 -1.505906 -3.485623 -3.387854 -0.070017 -1.789479 2.350709 1.149555 -2.576363 -0.146150 0.133275 2.014018 -2.887831 2.432416 1.660998 -1.603865 -4.674928 0.312989 1.286286 4.003343 2.263681 -0.358968 -1.162391 -3.171849 4.554919 -1.576341 4.564217 -0.402340 1.377812 -2.683940 -3.897461 -1.507441 -2.874065 1.366044 3.134305 0.401618 -1.972931 -0.655508 -0.094376 1.418299 -0.287809
698 38.4391941276 16.0000000000 2.0000000000 0.6818236703 46.0000000000 5.8007589105 0.9157835280 5.9199467184 0.1083530645 5.1517203582 0.0938684149 35.0457691492 -565.2256632769 25.4847342886 6.5273006456 -0.159835 -1.495071 0.288348 1.169923 -0.040691 3.343229 0.115906 -2.593194 -2.938183 2.771817 0.533919 -2.068260 -2.232368 0.115621 -3.242699 -1.130997 3.264696 0.321443 2.206472 -1.857658 -1.128626 -2.247566 -4.509805 2.254735 -4.393848 2.333021 -2.230446 -2.410502 -1.344074 -1.494530 -0.889307 -0.378127 3.639446 1.606203 3.854982 0.865493 -0.949381 2.432156 1.010794 -0.481903
818 37.0670253124 16.0000000000 2.0000000000 0.5914953409 54.0000000000 5.7106458056 0.9011596183 4.8443122926 0.1083441353 4.3676626717 0.1172125073 23.4673615881 -470.7511999649 25.6599453014 6.5146636693 -0.182730 -0.840824 -0.969306 2.383538 -0.299550 4.062175 0.447583 -3.499008 -2.753708 1.832497 -0.207382 -1.285468 -1.723357 0.803473 -3.632395 0.034346 3.426988 -0.307917 1.654113 -0.267998 -1.190622 -3.405703 -4.324292 3.695706 -4.229302 2.080865 -2.189789 -3.826330 -2.607942 -1.691041 -0.159439 -0.536823 4.152851 1.392907 4.327043 0.860305 -0.261799 1.972520 0.961910 -0.851954
857 36.5716179389 16.0000000000 2.0000000000 0.5419300148 57.0000000000 5.6765698349 0.8956802340 5.0588001112 0.0572933734 4.4474067584 0.0737120429 25.5914585649 -397.2622466930 25.0491072761 6.3847449301 -0.938990 -1.232055 -0.205996 3.191980 0.903946 4.016594 0.735074 -3.514430 -2.109918 2.149930 0.599462 -0.898995 -0.880952 -0.806563 -3.120036 1.087232 3.721549 -0.708258 2.860718 -0.596395 -1.340478 -2.964443 -3.968826 3.987220 -3.349239 2.860933 -1.522763 -4.629881 -2.848481 -1.099458 1.414629 -1.155600 3.385234 2.926494 3.380639 1.055333 0.151604 3.058152 -0.016778 -0.148313
876 30.7449945857 16.0000000000 2.0000000000 0.5366025933 58.0000000000 5.6637122173 0.8936034270 5.7528358395 0.1514033233 5.0867227025 0.1438404720 33.0951201961 -444.1861851995 27.3754877656 6.9302741014 0.222779 -0.916765 -0.268691 2.477176 0.852134 4.723366 -0.475414 -2.886433 -2.414726 1.953356 0.141546 -1.116615 -1.494641 -0.941646 -3.703294 0.578150 2.997620 0.748594 1.980307 -1.614956 -1.484104 -2.295662 -4.474416 3.737000 -3.088105 3.062721 -2.446107 -5.000000 -3.481768 -1.305510 1.267373 -1.745340 3.721583 2.131002 3.135894 1.179941 0.667437 3.182316 0.337574 -0.820610
1005 46.8231243878 16.0000000000 2.0000000000 0.5257887168 67.0000000000 5.5669636088 0.8777900086 6.1433759307 0.0630971971 5.6312643950 0.0772169875 37.7410678265 -375.4977045640 25.7074578452 6.5286150369 0.786822 -0.649117 -0.714684 2.108038 1.365445 3.617135 1.302649 -3.792336 -2.739648 2.530139 -0.364138 -1.034944 -0.999232 0.309963 -1.902300 -0.571030 2.190815 -2.181438 2.762160 -1.502602 -0.669864 -3.333210 -2.964077 5.000000 -4.090705 3.081659 -1.022012 -4.782277 -2.874806 -1.447562 1.491547 -2.620706 4.540969 3.286987 3.340862 1.816161 1.477949 3.277360 -0.079414 -1.265820
evaluations raw_y rep iid sigma t d_norm d_mean ps_norm ps_mean pc_norm pc_mean ps_squared loglikelihood mhl_norm mhl_mean x0 x1 x2 x3 x4 x5 x6 x7 x8 x9 x10 x11 x12 x13 x14 x15 x16 x17 x18 x19 x20 x21 x22 x23 x24 x25 x26 x27 x28 x29 x30 x31 x32 x33 x34 x35 x36 x37 x38 x39
1 97.2116764796 17.0000000000 2.0000000000 0.5257887168 67.0000000000 5.5669636088 0.8777900086 6.1433759307 0.0630971971 5.6312643950 0.0772169875 37.7410678265 -375.4977045640 25.7074578452 6.5286150369 0.552532 -3.709256 1.247802 2.290623 2.074381 3.773278 -0.223397 -0.724203 0.297350 -0.875566 4.342514 2.304621 -3.637625 -0.276099 1.079679 -3.550565 2.629753 -0.946896 -2.184460 -0.500055 -1.964589 2.062538 0.982668 -0.893293 -1.612720 0.262536 -2.425120 0.319982 -1.510446 0.699792 1.955084 -0.277170 0.207713 0.601182 1.936411 1.739248 1.135566 0.930565 -2.330746 -4.071990
2 89.4810002297 17.0000000000 2.0000000000 0.5257887168 67.0000000000 5.5669636088 0.8777900086 6.1433759307 0.0630971971 5.6312643950 0.0772169875 37.7410678265 -375.4977045640 25.7074578452 6.5286150369 -2.310827 5.000000 0.253454 -1.388358 1.115349 0.198293 1.275852 1.406221 -1.832186 -1.572028 2.238364 -1.966792 0.489040 -1.162819 0.859128 1.596804 -1.220140 2.370808 -1.421668 -1.562258 -0.460746 0.240390 -1.576940 -5.000000 -1.591162 0.569164 1.045075 0.167109 5.000000 1.222016 -1.671888 -0.007392 0.786189 1.368990 1.550403 1.112006 -1.081960 3.048834 2.416770 0.102555
3 83.2819382608 17.0000000000 2.0000000000 0.5257887168 67.0000000000 5.5669636088 0.8777900086 6.1433759307 0.0630971971 5.6312643950 0.0772169875 37.7410678265 -375.4977045640 25.7074578452 6.5286150369 -0.853262 1.615880 0.114560 -2.080343 1.868296 -0.240069 4.414033 -5.000000 2.467058 -1.175762 -1.953874 0.936141 5.000000 -2.416171 2.007206 2.261453 1.120079 -1.236795 -0.449597 4.431803 -0.308517 0.575214 1.158722 1.866500 3.339237 3.434479 -0.507301 -2.326097 1.068903 -2.818062 -2.119540 -0.892245 -2.324898 -1.243985 1.218663 1.230439 1.008596 -1.351405 2.627032 1.806749
4 76.7312584455 17.0000000000 2.0000000000 0.5257887168 67.0000000000 5.5669636088 0.8777900086 6.1433759307 0.0630971971 5.6312643950 0.0772169875 37.7410678265 -375.4977045640 25.7074578452 6.5286150369 -4.196252 -0.515548 2.047250 -0.629321 2.145812 0.065204 5.000000 -0.349807 -1.683917 0.153202 -1.342466 -0.634319 -1.250714 -2.115265 2.112276 0.008983 0.427660 -3.391432 2.696158 -3.928023 -0.463311 0.088770 -3.424574 3.224231 -1.323695 -1.158337 0.348774 1.597745 1.074793 -1.647740 0.292323 -0.181264 1.882719 2.354677 0.049803 0.610000 1.909148 -0.012913 0.429733 2.484851
5 58.7160551588 17.0000000000 2.0000000000 0.5257887168 67.0000000000 5.5669636088 0.8777900086 6.1433759307 0.0630971971 5.6312643950 0.0772169875 37.7410678265 -375.4977045640 25.7074578452 6.5286150369 0.293813 0.585117 -1.262101 -0.818094 0.074755 1.867740 -2.757204 -0.655961 0.783612 1.496644 0.321071 -1.224186 1.376991 0.364170 0.936116 -1.431423 0.446975 -0.459108 -0.819845 -2.389461 -2.429198 -3.327470 2.576619 -1.250526 3.910551 -3.789582 -0.497270 2.589940 -2.554287 -2.461377 0.676576 1.020571 0.100827 -1.624627 -0.293592 4.104608 2.290745 0.152960 -1.721311 -0.775398
31 57.2854335625 17.0000000000 2.0000000000 1.7734311117 2.0000000000 6.2976511066 0.9957110265 3.3196643993 -0.0290333375 2.8623952641 -0.0252683615 11.0201717241 -1250.4730465325 26.8092233421 6.8352705395 3.697719 -1.196133 -2.507118 0.812104 4.173906 2.358346 -1.844183 -2.046074 1.903587 1.739512 2.460548 2.764608 -0.867576 -3.107893 -0.922601 -2.463309 -4.019192 -2.820038 1.629133 -2.014226 -1.462770 2.025824 -0.456238 -1.253173 3.560608 -0.318094 -4.317081 2.248239 3.914551 -2.382155 0.005351 1.141431 1.887262 1.352755 1.107445 0.795876 3.180302 -0.691460 -2.461284 2.585542
33 56.1888689375 17.0000000000 2.0000000000 1.7734311117 2.0000000000 6.2976511066 0.9957110265 3.3196643993 -0.0290333375 2.8623952641 -0.0252683615 11.0201717241 -1250.4730465325 26.8092233421 6.8352705395 -3.135406 0.824865 -1.118350 -1.030702 0.192866 3.592242 0.606600 -1.804408 -1.191240 1.021158 -0.515434 -1.109295 0.924532 -1.357014 -1.544184 2.119459 -3.461418 1.398093 -2.307004 0.632114 1.172353 -1.075445 -4.032223 1.861444 4.034212 -2.774262 -2.483716 -1.914544 -1.032020 -1.520985 0.127978 -1.047051 0.298213 0.079213 2.372690 0.290960 0.549684 -3.856546 -0.683409 -0.348384
72 55.8320739237 17.0000000000 2.0000000000 1.6784666547 4.0000000000 6.2724486680 0.9916753332 5.2664746474 -0.1312632640 4.6653819736 -0.1148855270 27.7357552120 -1174.9178611932 25.2843621765 6.4513251347 0.587425 1.160677 1.016996 -5.000000 0.176487 5.000000 0.337080 -2.613306 -1.743976 -0.211843 -0.969555 -0.724498 0.248752 -1.280743 -4.356744 -2.405176 -4.759199 2.234524 1.809651 1.005332 -3.144958 -0.567289 -3.030200 -0.082589 5.000000 -3.353870 -0.795113 -2.818613 0.753558 -2.622731 1.843670 -1.804814 0.059330 0.154348 -1.993266 -0.884004 2.054214 -3.990058 -0.231646 1.660224
98 51.5611945046 17.0000000000 2.0000000000 1.6168739018 6.0000000000 6.2526530663 0.9884716476 5.2766768672 -0.2346319271 4.7847062579 -0.2093770114 27.8433187608 -1213.8001759498 27.6878529597 7.0803433337 2.818969 3.197201 0.020312 0.298403 1.695870 2.657539 0.380658 -0.536533 -1.019534 0.947633 0.952530 -2.540277 -0.275682 -0.257405 -5.000000 2.024046 -5.000000 -0.002905 -0.433508 2.256280 -2.166971 -4.045742 -3.418238 3.993327 3.683266 -3.704444 0.374724 -1.220761 2.895878 -2.551012 3.468531 -1.804495 -0.562813 -2.025832 -1.743393 0.447841 1.215804 -4.279340 -3.578482 -0.128206
221 39.2921275686 17.0000000000 2.0000000000 1.4088033289 14.0000000000 6.1689123331 0.9749399344 5.0594351293 0.0222118100 4.6303425510 0.0066644985 25.5978838279 -1046.9855859259 25.0165999057 6.4236316059 -1.655835 4.675337 -0.566493 -2.684335 -0.358151 2.340616 0.968124 2.260821 1.382200 2.870796 3.364806 -1.623173 -5.000000 2.972614 -1.762339 0.083314 -4.624305 4.253016 0.352530 -2.783255 2.429730 -3.737849 -4.027827 1.577415 2.841340 -0.990691 2.027807 -3.045768 -1.987679 -2.729986 -0.111187 0.188914 1.754910 1.751441 -1.295604 1.364789 1.657550 -2.206171 -2.616509 2.532256
598 36.5190875959 17.0000000000 2.0000000000 0.9180127869 39.0000000000 5.8961685642 0.9309519594 5.2910295865 -0.1386238194 4.6126911734 -0.1406424621 27.9949940850 -747.9727164096 25.1041424947 6.3691444945 -3.539733 0.182657 -3.258421 0.353008 0.669717 3.244028 0.948286 2.697345 -1.595915 0.197869 -1.654617 -3.852105 -2.277151 1.114010 -3.251373 -1.065115 -2.423397 2.401856 -1.366750 -2.955389 3.578349 -1.032060 -3.058421 3.554481 3.696358 -1.596600 -1.206202 -2.758928 -3.292432 -1.607091 1.712079 1.361103 4.059465 2.029487 -3.817299 1.320070 4.323367 -0.869036 -3.749378 0.312010
997 33.6397784429 17.0000000000 2.0000000000 0.8112361382 66.0000000000 5.6381337214 0.8886921779 6.1208472024 -0.0129745670 5.4077918721 0.0373385395 37.4647704747 -616.9762956280 24.3598524778 6.2284342235 -4.132286 5.000000 -0.755833 1.493832 2.125484 1.330964 0.407843 3.841669 -0.291368 -1.133307 -0.337417 -3.388722 -0.185802 1.269221 -3.808754 -2.011447 -5.000000 -2.161334 1.243301 0.137465 2.508158 -0.368528 -3.317089 3.856605 1.021720 -1.094164 -0.395208 -1.280744 -5.000000 -4.941344 3.761958 1.681576 2.896705 3.699903 -5.000000 3.755750 2.084608 1.086145 -4.317260 1.155808
1005 69.5750578137 17.0000000000 2.0000000000 0.8107679218 67.0000000000 5.6291215162 0.8872051620 6.2541030385 -0.0931042468 5.6086385797 -0.0304195389 39.1138048167 -623.5373903814 24.7442448942 6.3010618401 -3.950108 2.978124 0.563760 1.348750 0.564462 3.369894 1.304069 3.846374 -0.968417 -1.382393 -0.515135 -3.646482 0.513051 2.102542 -5.000000 -1.295724 -4.147524 -2.032675 2.980907 -0.812010 1.623804 -0.123660 -4.046657 5.000000 1.370015 -1.464864 0.507672 -0.792676 -4.480214 -3.127590 4.681463 1.481230 2.738126 5.000000 -3.442470 3.945258 1.631337 2.017697 -4.079757 0.005043
evaluations raw_y rep iid sigma t d_norm d_mean ps_norm ps_mean pc_norm pc_mean ps_squared loglikelihood mhl_norm mhl_mean x0 x1 x2 x3 x4 x5 x6 x7 x8 x9 x10 x11 x12 x13 x14 x15 x16 x17 x18 x19 x20 x21 x22 x23 x24 x25 x26 x27 x28 x29 x30 x31 x32 x33 x34 x35 x36 x37 x38 x39
1 92.7731487974 18.0000000000 2.0000000000 0.8107679218 67.0000000000 5.6291215162 0.8872051620 6.2541030385 -0.0931042468 5.6086385797 -0.0304195389 39.1138048167 -623.5373903814 24.7442448942 6.3010618401 0.158857 4.380405 -0.269784 0.321036 0.885396 1.246783 2.017807 0.788498 -0.672773 -1.291813 1.610915 0.832886 1.149239 -2.203343 -1.989514 2.691039 1.163736 1.074477 4.134094 -0.580648 1.202730 -1.129054 -2.335903 -2.044004 1.767039 -1.067489 -2.700864 0.460188 1.789710 2.741520 4.927403 2.255803 -1.638428 0.134928 2.154433 -1.107090 1.355235 2.082987 -3.502844 0.237339
3 56.5400344143 18.0000000000 2.0000000000 0.8107679218 67.0000000000 5.6291215162 0.8872051620 6.2541030385 -0.0931042468 5.6086385797 -0.0304195389 39.1138048167 -623.5373903814 24.7442448942 6.3010618401 -0.174362 1.644271 2.495598 3.301620 1.700529 -1.598621 -3.629665 0.715032 5.000000 -0.919494 0.630584 -1.754030 2.037075 -4.383478 3.329803 -0.372067 2.385558 4.724396 -3.123623 -1.119754 -2.409913 1.493696 2.317411 1.418015 2.406870 0.207203 -1.770732 -0.875081 0.719683 0.534531 -0.005894 2.677875 -3.713073 -1.457597 0.989475 0.064753 2.110180 -1.080551 0.684843 -1.378653
6 45.2252176464 18.0000000000 2.0000000000 0.8107679218 67.0000000000 5.6291215162 0.8872051620 6.2541030385 -0.0931042468 5.6086385797 -0.0304195389 39.1138048167 -623.5373903814 24.7442448942 6.3010618401 1.689023 1.087558 -0.936384 -1.498741 -2.352626 2.806540 1.361561 -0.758157 3.883901 0.546218 -0.950802 1.283863 -1.114723 -1.416906 1.573397 -0.529431 1.368263 0.001056 -2.731892 0.914473 2.867268 -1.829772 0.206108 -1.928527 1.339961 0.465556 1.159308 -2.102529 -1.940810 2.085356 0.131708 -2.801878 3.742524 2.703296 2.060785 0.795531 0.495310 -2.619728 -0.121044 -1.109956
55 45.0216966800 18.0000000000 2.0000000000 1.7193003048 3.0000000000 6.2825629961 0.9932962972 4.2526582414 0.0675602979 3.7220824231 0.0595583091 18.0851021185 -1204.2331538835 25.8547061119 6.5584420597 2.272375 -4.329424 0.023630 -1.473793 -0.438889 1.623776 -0.296921 1.986519 -0.259503 -2.915548 -1.114688 0.229672 -0.802086 -1.282816 0.004212 3.029500 -1.238834 -3.985705 -3.820820 0.767409 1.502335 -2.317509 0.353112 -0.665379 2.574567 -1.483237 -1.381406 -4.719020 -0.818873 0.966053 -1.487083 -2.307793 0.938354 -1.407652 -2.556221 -0.930876 3.114490 -2.664551 -0.032003 -1.296646
340 41.8309478978 18.0000000000 2.0000000000 1.2149452070 22.0000000000 6.0723608134 0.9593790534 5.1031269093 -0.1161923540 4.5682221048 -0.1320269727 26.0419042525 -920.8064354865 24.0505999336 6.1361553212 3.676397 -2.503266 -0.748917 3.055080 0.007301 5.000000 1.137654 1.912385 -4.634280 -1.468250 4.220968 -2.745333 -0.237046 -3.165103 -3.404687 1.591897 0.967946 -2.921612 -3.751934 -2.348267 0.610015 -5.000000 -3.823455 -2.641930 2.746774 -2.403293 -1.405841 -3.935211 2.314095 -2.118366 -3.219576 2.103651 -2.275873 0.770863 -0.317858 0.016540 0.912985 0.247710 -5.000000 0.938717
377 38.1223479338 18.0000000000 2.0000000000 1.1759580656 25.0000000000 6.0433995154 0.9546597494 5.8834956582 -0.1030384080 5.3536461156 -0.1339918360 34.6155211606 -909.0572280953 24.4974851108 6.2626072249 -0.021818 -3.011300 -0.987664 2.454203 2.773607 2.245043 5.000000 3.717544 -4.763569 -0.264852 1.896918 -2.656968 -0.038551 -3.874518 -2.016734 1.881893 1.831313 -4.925146 -5.000000 -4.827439 -0.197115 -2.073065 -3.890337 -2.812011 2.477346 -3.110593 -2.865378 -4.846331 -0.133590 -2.972335 -2.616804 2.074811 -3.766482 3.782850 0.558138 0.884137 1.118875 -1.293207 -4.660338 1.259561
1005 92.3232037537 18.0000000000 2.0000000000 0.7231921178 67.0000000000 5.6067138575 0.8839192121 5.3268012433 0.0556762603 4.5400287567 0.0666277925 28.3748114851 -557.9313255695 24.9252896222 6.3610588667 1.152097 -3.565864 2.502230 3.010198 3.286874 2.236893 -1.338269 2.433306 -3.180603 -1.102811 0.134044 0.556755 4.372547 -1.797377 0.102583 3.216867 2.585815 -1.947202 -3.896758 -3.687682 -2.449684 -2.542506 0.651061 -4.598543 4.180481 -2.826424 -4.837708 -2.316945 1.676654 -1.276804 -4.046684 -2.581697 -3.495308 2.107367 2.819592 3.952072 3.055366 3.081030 0.176530 -2.986671
evaluations raw_y rep iid sigma t d_norm d_mean ps_norm ps_mean pc_norm pc_mean ps_squared loglikelihood mhl_norm mhl_mean x0 x1 x2 x3 x4 x5 x6 x7 x8 x9 x10 x11 x12 x13 x14 x15 x16 x17 x18 x19 x20 x21 x22 x23 x24 x25 x26 x27 x28 x29 x30 x31 x32 x33 x34 x35 x36 x37 x38 x39
1 107.8650302710 19.0000000000 2.0000000000 0.7231921178 67.0000000000 5.6067138575 0.8839192121 5.3268012433 0.0556762603 4.5400287567 0.0666277925 28.3748114851 -557.9313255695 24.9252896222 6.3610588667 0.442007 -0.680930 -1.155497 -0.808063 -1.206579 -0.487705 2.070687 1.161507 0.504827 -2.925092 -3.096683 0.530545 -0.001792 -2.031985 0.223979 -2.383904 3.111088 -1.866600 1.053068 -0.299929 1.045571 2.684310 3.117043 2.511988 1.817207 -1.681803 2.011170 -2.047608 0.363548 -0.833362 3.956817 3.834889 -2.062014 -0.966624 -1.290160 0.120696 1.095861 1.690297 -2.414363 0.749681
2 71.4234170917 19.0000000000 2.0000000000 0.7231921178 67.0000000000 5.6067138575 0.8839192121 5.3268012433 0.0556762603 4.5400287567 0.0666277925 28.3748114851 -557.9313255695 24.9252896222 6.3610588667 1.884696 -0.702528 0.919470 -0.097033 0.830964 -1.403752 0.370929 0.936700 0.079047 1.432281 -0.963377 -0.104982 -0.544557 0.615971 -3.521307 2.300448 -0.435462 -2.441175 -0.687231 3.097524 -0.415951 -0.483348 -0.249192 1.121828 2.617625 1.896513 1.583996 -0.380984 -0.014522 -1.350757 -1.515831 -2.504505 -1.530213 2.654848 0.492101 0.135669 -1.362209 -0.242765 -1.653856 -2.964715
3 67.2930287155 19.0000000000 2.0000000000 0.7231921178 67.0000000000 5.6067138575 0.8839192121 5.3268012433 0.0556762603 4.5400287567 0.0666277925 28.3748114851 -557.9313255695 24.9252896222 6.3610588667 0.904479 0.916412 2.467994 -2.345355 1.446211 0.625442 2.493022 -2.886419 -1.060698 -2.177859 -0.437805 0.407340 1.486318 0.883542 0.659916 0.806712 -1.806701 -0.101681 2.106765 -2.779372 -3.154332 1.137469 -2.110791 -2.462959 -0.487851 -0.472062 1.172666 -3.678947 -2.594238 -2.617865 -1.325683 0.350740 -3.289920 1.706522 0.341217 -3.320893 4.198935 2.542746 -1.417901 0.352400
11 66.3806126013 19.0000000000 2.0000000000 0.7231921178 67.0000000000 5.6067138575 0.8839192121 5.3268012433 0.0556762603 4.5400287567 0.0666277925 28.3748114851 -557.9313255695 24.9252896222 6.3610588667 2.047279 -1.727417 -3.328255 1.744306 1.562503 -5.000000 -2.817384 -1.349274 0.771183 -0.663622 -0.793103 -1.072852 -0.727505 1.101716 -0.227731 1.441999 -2.120964 1.721131 -0.204578 1.826469 -0.904508 -0.620144 -2.234289 0.916792 1.214465 -1.083783 -0.777229 -0.687431 0.769335 -0.742883 -3.037140 -3.716223 -0.513300 1.035506 1.423976 -1.506932 0.875155 0.074857 -0.963217 -2.108285
12 52.6690842111 19.0000000000 2.0000000000 0.7231921178 67.0000000000 5.6067138575 0.8839192121 5.3268012433 0.0556762603 4.5400287567 0.0666277925 28.3748114851 -557.9313255695 24.9252896222 6.3610588667 -0.801274 -1.358306 0.211836 -0.242415 0.182935 1.705633 5.000000 3.834646 1.109399 2.411712 -2.419304 0.781576 -3.618073 -1.713305 -4.290671 -0.236779 2.994655 -0.500138 0.719619 2.589974 2.311735 -1.446583 -1.003237 -0.125012 -0.644681 -0.195511 -3.833539 0.878992 -2.133722 -3.094878 -1.004497 0.756729 -0.240321 -2.965528 2.964107 1.853150 0.160069 2.067514 -2.107939 -0.800173
30 44.1982663761 19.0000000000 2.0000000000 1.8819167523 1.0000000000 6.3119431351 0.9979831210 3.0056981547 -0.1014794776 2.5489453583 -0.0860584231 9.0342213972 -1267.0133346412 25.9900690730 6.6456193829 1.509812 0.569013 -2.385350 -0.681614 -1.593056 -3.730801 1.998505 -0.214527 -0.372770 1.674041 -0.631534 -3.650989 2.286418 -2.134790 0.154958 2.480217 3.875187 -1.150120 0.646618 0.879021 -2.270858 0.603839 -3.763726 -2.545706 -1.562372 -2.635127 0.444675 -0.509400 -2.867491 -3.787369 -1.351386 -3.662180 2.006022 -0.316474 1.873821 0.784019 -0.464918 2.310788 -5.000000 0.938116
687 38.6406100837 19.0000000000 2.0000000000 0.9443812783 45.0000000000 5.8251588353 0.9190606491 5.3998379548 0.0776034542 5.0409243601 0.0471893878 29.1582499378 -711.7254286949 23.0985494008 5.8613263648 2.839202 -4.392838 -0.587077 1.316170 -3.186987 4.963236 -2.684619 3.094457 -3.877197 3.564445 4.874873 -2.406854 5.000000 3.904871 3.479764 -1.321798 -3.959975 2.694689 -3.333278 -2.046364 -5.000000 -1.541323 0.638333 2.557356 -0.195144 0.826945 -2.430673 -2.479814 -1.138008 0.232240 -3.954697 -5.000000 0.960894 -3.212357 -3.206201 -2.364186 1.854322 -3.139522 -2.990658 0.530508
1005 61.7899571083 19.0000000000 2.0000000000 0.8834134726 67.0000000000 5.6046966142 0.8832161843 5.7243360520 0.1944288733 4.8199733512 0.1552080415 32.7680232362 -714.2300644310 26.6352938290 6.7607849854 3.854385 -3.121119 -1.914952 3.471975 -5.000000 4.425695 -3.623348 1.964897 2.900507 2.769357 4.981540 -1.532114 3.037183 4.134399 5.000000 -3.279198 -4.409237 0.533909 -2.729307 -4.744438 -5.000000 -1.245949 0.399539 -0.079947 0.607686 1.156065 -4.139116 -3.280562 -2.098580 1.949155 -3.862673 -4.461062 4.215128 0.218854 -4.817100 -3.806157 2.525637 -0.262695 -4.773256 1.972714
evaluations raw_y rep iid sigma t d_norm d_mean ps_norm ps_mean pc_norm pc_mean ps_squared loglikelihood mhl_norm mhl_mean x0 x1 x2 x3 x4 x5 x6 x7 x8 x9 x10 x11 x12 x13 x14 x15 x16 x17 x18 x19 x20 x21 x22 x23 x24 x25 x26 x27 x28 x29 x30 x31 x32 x33 x34 x35 x36 x37 x38 x39
1 95.0212907026 0.0000000000 3.0000000000 0.8834134726 67.0000000000 5.6046966142 0.8832161843 5.7243360520 0.1944288733 4.8199733512 0.1552080415 32.7680232362 -714.2300644310 26.6352938290 6.7607849854 3.528105 0.800314 1.957476 4.481786 3.735116 -1.954556 1.900177 -0.302714 -0.206438 0.821197 0.288087 2.908547 1.522075 0.243350 0.887726 0.667349 2.988158 -0.410317 0.626135 -1.708191 -5.000000 1.307237 1.728872 -1.484330 4.539509 -2.908731 0.091517 -0.374368 3.065558 2.938718 0.309895 0.756325 -1.775571 -3.961593 -0.695824 0.312698 2.460581 2.404760 -0.774654 -0.604606
2 93.4340499922 0.0000000000 3.0000000000 0.8834134726 67.0000000000 5.6046966142 0.8832161843 5.7243360520 0.1944288733 4.8199733512 0.1552080415 32.7680232362 -714.2300644310 26.6352938290 6.7607849854 -2.097106 -2.840036 -3.412540 3.901551 -1.019304 -0.876149 -2.505591 1.554981 -3.227796 -0.425481 -1.790933 0.773805 -1.021610 -2.361264 -0.056364 0.856664 0.133034 0.604944 -1.268644 -0.725482 -1.344921 -0.719106 -1.626293 -3.452565 0.354852 -0.803562 -3.260397 0.925565 -1.814597 0.103891 1.458181 0.257966 2.278801 -2.469652 0.804683 -1.369620 -1.741594 -1.157699 -0.623105 0.112331
3 65.8124744111 0.0000000000 3.0000000000 0.8834134726 67.0000000000 5.6046966142 0.8832161843 5.7243360520 0.1944288733 4.8199733512 0.1552080415 32.7680232362 -714.2300644310 26.6352938290 6.7607849854 -2.330300 1.801653 0.931325 -3.072487 2.976504 3.791778 2.357559 -0.359850 -2.141505 2.108903 -0.806354 2.444890 0.416550 1.953278 0.712733 1.413146 0.021000 3.571741 0.253824 0.803979 3.766301 -2.695518 -2.540970 1.938793 -2.346247 3.887242 -0.827238 -1.494910 3.845884 2.961030 3.735118 1.812089 -1.722451 3.820130 -0.536007 1.604913 1.894504 -0.310020 1.228159 1.844413
6 64.2942866842 0.0000000000 3.0000000000 0.8834134726 67.0000000000 5.6046966142 0.8832161843 5.7243360520 0.1944288733 4.8199733512 0.1552080415 32.7680232362 -714.2300644310 26.6352938290 6.7607849854 -0.738364 -0.478758 2.199319 1.310527 1.280263 -3.233912 -0.048652 -1.476062 0.559849 -0.196301 1.820358 0.634436 1.572656 -0.932838 -1.888893 -0.820099 -0.034041 0.758303 4.518618 -0.084514 -1.911890 -0.691964 -0.927192 0.962963 -3.081594 0.126524 0.313013 0.464362 -1.194632 -0.475843 -2.848122 -0.986640 -1.085723 0.832100 -2.312365 1.562396 2.988969 -4.139970 0.852517 1.353816
11 47.0863748960 0.0000000000 3.0000000000 0.8834134726 67.0000000000 5.6046966142 0.8832161843 5.7243360520 0.1944288733 4.8199733512 0.1552080415 32.7680232362 -714.2300644310 26.6352938290 6.7607849854 -1.197308 -2.231794 1.533326 0.712586 -3.537077 0.710964 1.629040 0.117851 -0.370107 -1.615297 -2.893069 1.600596 -0.618229 -0.466933 3.465442 1.369002 0.741650 0.284124 3.039990 3.439179 1.859010 1.164449 -4.189206 0.247444 -0.260214 0.187906 1.886092 -5.000000 -1.138624 0.539809 -0.933691 -2.833812 1.737927 0.553744 -1.942209 0.629634 1.643171 0.010585 1.601130 0.156520
103 47.0312125046 0.0000000000 3.0000000000 1.6706592892 6.0000000000 6.2540972020 0.9887045442 5.3263729038 0.0889344923 4.8926410379 0.0839012722 28.3702483108 -1181.2074750330 25.7610546514 6.5557253426 -2.308738 0.365874 3.007611 -0.395982 1.081117 -2.408124 1.113783 1.035470 0.365526 -5.000000 -5.000000 -0.174356 0.577275 3.929651 0.974258 -2.330571 -3.383835 -2.427102 1.297977 -0.698654 -3.770242 2.444439 -5.000000 1.362194 0.350492 1.370458 0.936392 -3.459197 3.771596 -0.850226 -1.615385 -4.765628 -1.274355 -1.407121 -5.000000 4.657716 2.970551 -1.975419 1.403179 4.824765
531 46.9177730008 0.0000000000 3.0000000000 1.0563991008 35.0000000000 5.9449025170 0.9386381156 5.3180777694 -0.0760143655 4.6854628649 -0.0690576640 28.2819511609 -852.6542492494 25.5890619295 6.5095270223 0.639177 -3.827729 0.975443 -1.162103 -0.273489 -3.048754 3.822537 -1.501510 1.149997 -3.554964 -3.295031 0.340331 0.941572 3.285016 -0.128227 2.241517 -5.000000 -3.250102 5.000000 5.000000 -1.638604 3.010072 0.776144 -2.505255 -3.824742 -1.914902 1.812641 1.063228 -0.296888 -4.033491 -2.161195 2.030942 0.558367 1.030338 -2.147858 4.162656 2.991764 -4.078292 -3.703703 1.736093
786 45.5734317142 0.0000000000 3.0000000000 0.8419099011 52.0000000000 5.7677743669 0.9099185444 5.1368431890 -0.0440960502 4.3608957083 -0.0287163966 26.3871579484 -695.0065961899 25.8654533254 6.5813490737 -2.549060 -4.152885 1.225153 1.095643 3.261266 -2.630136 1.147534 -1.217486 0.983657 -5.000000 -4.714473 2.977895 2.505277 3.446213 -0.594157 1.293042 -1.043203 -1.914850 1.040442 1.568120 -2.463595 3.427485 2.627868 -2.589987 -3.926901 -2.739190 0.231301 0.729599 1.535294 -4.732923 -1.274923 4.682680 1.543264 3.798179 -2.611113 4.966794 1.996081 -3.568662 -4.380412 1.164441
938 38.9856005092 0.0000000000 3.0000000000 0.7994423088 62.0000000000 5.6698192414 0.8938395425 5.3825193812 0.0077297666 4.7174303117 0.0007873148 28.9715148894 -633.9442935013 25.1748394840 6.4010363663 -3.879547 -3.375852 2.547189 1.586573 3.698305 -3.141014 2.018269 0.779756 0.650400 -4.733446 -3.780084 1.719120 3.051934 3.724861 0.195045 1.375290 -2.595551 -4.198960 -0.382373 4.478794 -1.014872 3.669764 2.482377 -0.578482 -3.361576 -3.168429 0.738965 -0.950673 -0.432905 -3.971395 -0.315574 2.328288 0.566899 3.662251 -3.595551 3.189541 1.465998 -2.404007 -3.488057 0.963657
1005 82.4493869556 0.0000000000 3.0000000000 0.7627044904 67.0000000000 5.6167248187 0.8851686029 6.5712983811 0.0958680382 5.6264379361 0.0696354126 43.1819624141 -592.2452741233 25.0266085560 6.3770505937 -2.674496 -2.945847 3.601684 1.635917 2.593412 -4.626324 0.883821 0.378302 2.313430 -2.430972 -3.924769 1.808095 3.502895 2.988140 -1.693139 0.848270 -0.640024 -4.679241 -0.277273 2.885853 -3.123502 5.000000 3.189752 -2.543283 -5.000000 -2.509279 0.401690 -1.133528 -1.156552 -4.216388 -0.801544 2.305846 1.226266 4.416008 -2.027391 2.659998 0.832937 -2.814858 -2.800631 0.920834
evaluations raw_y rep iid sigma t d_norm d_mean ps_norm ps_mean pc_norm pc_mean ps_squared loglikelihood mhl_norm mhl_mean x0 x1 x2 x3 x4 x5 x6 x7 x8 x9 x10 x11 x12 x13 x14 x15 x16 x17 x18 x19 x20 x21 x22 x23 x24 x25 x26 x27 x28 x29 x30 x31 x32 x33 x34 x35 x36 x37 x38 x39
1 79.8656113050 1.0000000000 3.0000000000 0.7627044904 67.0000000000 5.6167248187 0.8851686029 6.5712983811 0.0958680382 5.6264379361 0.0696354126 43.1819624141 -592.2452741233 25.0266085560 6.3770505937 3.248691 -1.223513 -1.056344 -2.145937 1.730815 -4.603077 3.489624 -1.522414 0.638078 -0.498741 2.924216 -4.120281 -0.644834 -0.768109 2.267539 -2.199783 -0.344856 -1.755717 0.084427 1.165630 -2.201238 2.289447 1.803181 1.004989 1.801712 -1.367456 -0.245780 -1.871539 -0.535776 1.060711 -1.383322 -0.793507 -1.374345 -1.690411 -1.342492 -0.025329 -2.234621 0.468831 3.319604 1.484088
2 74.0430589208 1.0000000000 3.0000000000 0.7627044904 67.0000000000 5.6167248187 0.8851686029 6.5712983811 0.0958680382 5.6264379361 0.0696354126 43.1819624141 -592.2452741233 25.0266085560 6.3770505937 -0.383671 -1.775258 -1.494317 3.384909 0.101616 -1.273991 0.381831 4.200510 0.240318 1.234406 0.600341 -0.704500 -2.285036 -0.698685 -0.417788 1.173246 1.677967 1.862204 0.571175 1.770282 -1.508796 2.505736 1.025860 -0.596186 0.977036 -0.151143 2.263259 3.039634 4.371151 -2.792993 -2.888228 -1.008932 0.320074 1.752338 0.631270 -4.044402 -0.612408 1.655949 0.460189 1.524022
3 68.5331139028 1.0000000000 3.0000000000 0.7627044904 67.0000000000 5.6167248187 0.8851686029 6.5712983811 0.0958680382 5.6264379361 0.0696354126 43.1819624141 -592.2452741233 25.0266085560 6.3770505937 -0.444656 -0.401516 0.373123 0.820103 0.396599 0.238017 -1.341325 0.755128 0.243643 2.258968 2.397836 0.370313 -0.750570 -1.277461 0.846989 0.154680 -0.687707 0.087194 -1.240002 1.396064 -0.894257 2.449015 0.806983 1.187157 -2.189824 0.338765 1.481113 -1.907401 -0.532437 0.065229 -2.746235 0.630319 1.692321 -1.719032 0.701092 -2.624567 -0.077391 -3.231545 2.242835 0.817801
4 66.7772192283 1.0000000000 3.0000000000 0.7627044904 67.0000000000 5.6167248187 0.8851686029 6.5712983811 0.0958680382 5.6264379361 0.0696354126 43.1819624141 -592.2452741233 25.0266085560 6.3770505937 -0.049234 -1.550323 2.547512 3.934203 -3.715964 2.472328 3.255302 0.676023 -2.398536 1.726691 -0.361841 -1.207841 -2.460116 1.101075 1.585614 -1.247061 1.041153 -2.288683 1.603722 0.093135 -0.373140 -0.203492 1.737772 1.500823 1.058931 0.275402 0.155642 1.236761 0.464989 1.365103 -0.620234 -4.869676 2.077649 4.373959 0.882729 -0.200310 -0.272889 -0.238108 0.034819 -2.244037
16 58.2954591838 1.0000000000 3.0000000000 1.8672462031 1.0000000000 6.3107955070 0.9978036937 2.5839549710 0.0759075810 2.1912912376 0.0643724906 6.6768232921 -1259.2846528345 25.8999136691 6.6400047465 -1.244155 1.581497 0.570056 1.853321 0.147568 0.168986 1.967745 -0.697605 -1.281263 -0.458442 -1.116294 -0.128485 -0.650792 2.576074 0.918828 -3.505743 -2.665272 -0.769509 0.824888 -1.349093 2.060193 5.000000 1.594744 -1.415623 0.048636 0.104011 0.877317 -1.248489 -1.911840 0.785395 -1.577801 1.005563 4.919315 1.152561 -0.544086 -2.562153 -2.393812 0.487861 -1.171019 -0.456439
23 54.2158002830 1.0000000000 3.0000000000 1.8672462031 1.0000000000 6.3107955070 0.9978036937 2.5839549710 0.0759075810 2.1912912376 0.0643724906 6.6768232921 -1259.2846528345 25.8999136691 6.6400047465 -3.063868 -0.487673 -1.694414 2.389261 -0.695012 3.941800 2.525293 -1.521881 -0.817835 0.438243 0.802646 1.370676 -0.252829 -0.462377 0.235224 -0.443871 -2.998034 -1.937746 0.032405 -3.350924 1.666840 1.010642 1.592752 -1.115757 0.853764 -0.782060 0.135741 -3.697651 2.881621 1.847615 -3.265423 -5.000000 -1.709434 1.101163 0.039272 -2.550540 0.453328 1.270011 0.146333 1.236524
57 52.9018962339 1.0000000000 3.0000000000 1.7127355809 3.0000000000 6.2858505713 0.9938190711 4.4178426252 0.0772683121 3.8679482443 0.0672788762 19.5173334606 -1243.2978956787 27.3642954968 6.9849776475 -0.066176 0.498207 -2.815890 1.361623 -4.011445 -0.000597 2.004555 -1.206688 -1.878051 -0.521578 0.162638 1.239116 -1.908895 2.081145 5.000000 -0.351398 0.540943 -2.089581 0.014445 -3.321429 -1.983777 0.468011 2.035038 -1.807851 0.633247 0.475730 -0.770828 -1.984683 -0.117318 -0.921931 -0.195777 1.698781 1.874928 0.369572 -2.820248 -3.913329 3.195061 0.640781 -1.553238 2.062103
140 48.1043500415 1.0000000000 3.0000000000 1.4627838997 9.0000000000 6.2131226260 0.9821667123 4.9308975934 -0.1341798501 4.4656052798 -0.1266475380 24.3137510768 -1072.3573605031 24.8505696525 6.3556735923 -0.247168 4.261470 -2.442047 4.764507 0.059993 -1.348143 0.841032 -3.890760 -0.014736 -2.450993 -2.350990 -1.061403 1.270892 1.783825 3.414992 -0.887076 -1.537410 0.707647 -4.186863 -4.281865 -0.918310 5.000000 -2.019586 -1.325773 1.578835 -0.335397 -0.987333 -2.205946 0.854967 -1.073567 -1.134555 -3.004048 2.023485 -3.091600 -0.353202 1.083737 1.190821 1.488783 -1.094438 3.108047
143 43.4506039362 1.0000000000 3.0000000000 1.4627838997 9.0000000000 6.2131226260 0.9821667123 4.9308975934 -0.1341798501 4.4656052798 -0.1266475380 24.3137510768 -1072.3573605031 24.8505696525 6.3556735923 1.424331 2.194151 -2.274886 2.799360 0.974729 0.532409 1.607968 -2.093305 0.917196 -3.216259 -1.094989 -1.349433 0.865374 2.714154 2.817021 -2.039674 -0.921142 -4.966453 -3.027907 -3.407810 -4.311779 3.359512 3.645327 -2.181877 0.492388 1.508571 -5.000000 -1.278243 2.618194 -2.599479 -0.610612 -0.954387 1.981480 -2.799840 -0.055654 -2.657719 0.782969 -0.437474 0.249980 1.943945
295 39.9848224732 1.0000000000 3.0000000000 1.3693029142 19.0000000000 6.1117051242 0.9656669725 5.9018981363 -0.0733949763 5.5829029457 -0.0750327352 34.8324016108 -987.1291303988 23.5335179983 6.0134955960 2.180670 3.415761 0.345104 2.173223 -1.999767 -3.088328 -0.548256 -1.697928 0.503627 -2.870161 -4.071029 -3.126627 -0.158421 -0.871306 1.328738 -3.412460 -0.711594 -3.686484 -3.065700 -3.438820 -5.000000 2.502092 3.128539 -4.349472 4.480958 2.116185 -0.631337 -1.820962 2.244035 0.700309 -1.469894 0.505395 4.463380 -5.000000 -5.000000 -1.255327 2.682042 0.796632 -4.360553 -0.742642
329 38.4360921982 1.0000000000 3.0000000000 1.3523161084 21.0000000000 6.0937749912 0.9627455989 6.0760315694 -0.3102870254 5.6351970361 -0.2742632007 36.9181596323 -1003.6982049708 24.7709783976 6.3732859451 1.338327 4.055113 -0.699486 1.548101 -1.918102 -4.563142 -2.753554 0.596955 -0.801536 -4.982473 -4.963958 -1.613539 -2.521678 -0.472153 4.853332 -3.277158 1.311145 -1.143520 -2.865914 -3.048943 -4.618180 1.932138 2.250022 -3.647615 4.405494 -0.325757 1.408851 -3.775311 -1.443227 -1.230304 -4.617302 3.000526 3.523336 -3.924619 -5.000000 0.621469 4.483385 1.172357 -2.360856 5.000000
1005 82.4263447049 1.0000000000 3.0000000000 0.9547457580 67.0000000000 5.6452693646 0.8893209104 5.8817207245 0.2028578629 5.2103507768 0.1697613097 34.5946386806 -745.1932212804 25.6257978239 6.5680749536 1.937625 3.467526 2.321736 -0.164105 1.047007 -3.105428 -3.226716 -2.147119 -3.157788 -1.070293 0.054876 -3.462130 1.520590 -2.135269 3.485845 -4.025731 1.076997 -3.192257 -0.190511 -1.200670 -3.587804 1.427320 3.458245 -4.554339 2.618236 -1.622817 2.780948 -1.383466 4.286517 2.005005 -3.006040 -2.947635 3.124418 0.492257 -1.952868 -2.213935 -4.247596 0.637494 -2.168755 5.000000
evaluations raw_y rep iid sigma t d_norm d_mean ps_norm ps_mean pc_norm pc_mean ps_squared loglikelihood mhl_norm mhl_mean x0 x1 x2 x3 x4 x5 x6 x7 x8 x9 x10 x11 x12 x13 x14 x15 x16 x17 x18 x19 x20 x21 x22 x23 x24 x25 x26 x27 x28 x29 x30 x31 x32 x33 x34 x35 x36 x37 x38 x39
1 61.0136012544 2.0000000000 3.0000000000 0.9547457580 67.0000000000 5.6452693646 0.8893209104 5.8817207245 0.2028578629 5.2103507768 0.1697613097 34.5946386806 -745.1932212804 25.6257978239 6.5680749536 -0.833516 -0.112534 -4.272392 3.280542 -3.586871 -1.683495 1.005763 -2.490576 -2.115904 -1.818015 1.102908 4.584416 0.083079 -2.235851 1.078117 -1.192319 -0.038261 2.350002 -1.495742 0.018051 -1.756216 -0.312868 0.513141 -1.977558 -0.677644 -0.472368 -1.275310 -2.375225 -2.842434 -0.306990 -0.538114 4.462734 -4.869535 0.225453 0.740889 2.719268 1.003714 -1.688427 0.000020 1.084705
11 57.4005983738 2.0000000000 3.0000000000 0.9547457580 67.0000000000 5.6452693646 0.8893209104 5.8817207245 0.2028578629 5.2103507768 0.1697613097 34.5946386806 -745.1932212804 25.6257978239 6.5680749536 -1.766251 3.090774 0.291680 -0.800212 1.630412 -4.149845 -1.668875 -1.315437 1.641129 -0.978314 2.849934 -0.893716 1.042219 -1.416389 2.311061 -0.509061 1.037850 -0.985990 -2.173096 -0.461835 2.196020 -2.035756 -3.058783 -0.615975 1.561509 -2.111679 -1.087767 0.368603 -0.661352 0.574416 2.379056 0.042403 -0.130819 1.532232 -0.123270 -1.905794 -2.028926 -2.230528 3.825201 -0.090526
41 57.0011793300 2.0000000000 3.0000000000 1.8476092006 2.0000000000 6.3010378924 0.9962341623 4.9755720213 -0.0616453216 4.3035414240 -0.0551479632 24.7563169394 -1230.9671516210 25.0369905311 6.3944349698 1.359363 3.130644 -4.371985 -0.907455 0.321965 3.488742 -2.623873 -1.841997 0.952042 1.530379 5.000000 1.587510 -0.740254 0.048267 1.216798 1.452105 -1.120218 0.692165 -3.022090 0.434395 -2.264590 -1.681879 0.008619 -0.824858 4.384831 -3.518201 -4.811510 -2.297174 0.178915 1.501041 1.958272 -1.219371 -0.983509 3.674117 2.818243 0.740785 -2.231883 -2.353063 1.766548 0.621323
43 55.0390269343 2.0000000000 3.0000000000 1.8476092006 2.0000000000 6.3010378924 0.9962341623 4.9755720213 -0.0616453216 4.3035414240 -0.0551479632 24.7563169394 -1230.9671516210 25.0369905311 6.3944349698 2.655360 2.681062 -2.495297 -3.703902 0.100899 -0.859477 -0.806564 -4.701326 -0.832399 2.086240 3.167699 2.841160 2.857371 0.205798 2.031141 -2.761506 0.414668 0.450518 -3.052936 3.237271 2.619944 -0.778400 0.138982 -2.077613 4.160493 -2.522185 -1.958706 -3.343932 2.153767 3.843846 1.956949 -1.062679 -2.471564 1.460743 0.354300 0.221681 -4.216824 -4.124225 -4.013329 -0.342009
93 49.1733751889 2.0000000000 3.0000000000 1.7355166516 6.0000000000 6.2533337363 0.9885696677 5.5046924277 -0.0032313837 4.9712796328 -0.0102924855 30.3016387235 -1212.3011060651 26.1005945365 6.6477218586 0.442975 -0.983555 -4.211266 -4.557578 -0.969361 0.622023 -1.538622 -0.148410 1.748644 5.000000 4.686812 5.000000 3.250294 -1.141945 2.626814 -0.439530 0.590233 0.302602 -2.040645 -1.720492 4.803404 1.358176 -0.194605 -1.871200 -0.637937 -2.199393 -2.515124 -4.835397 -0.494481 -1.607866 -2.249166 -3.797814 -1.454219 3.365333 3.160491 -1.510173 -4.626765 -1.550890 -2.621646 1.275127
160 34.5361444454 2.0000000000 3.0000000000 1.6161786484 10.0000000000 6.2079404419 0.9812776047 5.7002268812 -0.2196881742 5.1464703576 -0.1933641993 32.4925864974 -1112.7307341672 24.1108590123 6.1591306147 -0.499277 1.976529 -2.542143 -4.062042 1.860848 1.291984 -5.000000 1.316728 -4.232271 0.153608 4.534751 5.000000 1.935157 0.782864 -0.244063 -4.580757 -0.584953 -0.777004 -2.201317 -1.794933 2.582603 -0.798562 1.965201 -0.901518 -1.064589 -2.008427 -0.063597 -3.881367 -2.250128 1.703819 -1.267746 -5.000000 -3.511330 1.696236 0.345402 0.630200 -3.275890 -5.000000 -1.864221 -0.250494
1005 89.9204853214 2.0000000000 3.0000000000 0.7080154580 67.0000000000 5.6220545766 0.8862435984 4.8220588609 0.0991622536 4.0098580896 0.0944775807 23.2522516581 -571.6585253096 26.1390578844 6.6811461224 -1.413335 1.382788 -3.042959 -1.905451 2.822813 -3.051074 0.092487 2.895484 -3.401487 4.776709 2.113941 2.192261 4.398048 3.440292 -0.059990 -1.431433 -3.764550 -1.009456 4.115581 1.659694 -2.344956 2.132683 1.967900 3.452506 3.463108 -2.429542 -3.213458 -3.085661 -3.047699 -2.475085 -0.855403 -1.769232 -2.951354 3.472514 -0.049664 0.436535 -2.728886 -2.134072 1.128539 0.968970
evaluations raw_y rep iid sigma t d_norm d_mean ps_norm ps_mean pc_norm pc_mean ps_squared loglikelihood mhl_norm mhl_mean x0 x1 x2 x3 x4 x5 x6 x7 x8 x9 x10 x11 x12 x13 x14 x15 x16 x17 x18 x19 x20 x21 x22 x23 x24 x25 x26 x27 x28 x29 x30 x31 x32 x33 x34 x35 x36 x37 x38 x39
1 54.3176100997 3.0000000000 3.0000000000 0.7080154580 67.0000000000 5.6220545766 0.8862435984 4.8220588609 0.0991622536 4.0098580896 0.0944775807 23.2522516581 -571.6585253096 26.1390578844 6.6811461224 3.577257 0.873020 0.192995 -3.726985 -0.554776 -0.709518 -0.165483 -1.254001 -0.087636 -0.954436 -2.627730 1.769245 1.762636 3.419146 0.100067 -0.809355 -1.090720 -3.092955 1.964735 -2.202135 -2.370093 -0.411300 2.972297 0.473433 -2.047570 -1.425986 1.250490 -0.321027 -1.537673 -0.460061 1.490113 3.952222 -2.488247 -1.252834 -1.607532 -4.838166 -1.847584 -2.047752 2.247956 -0.263828
27 51.8337588800 3.0000000000 3.0000000000 1.8876631907 1.0000000000 6.3096725962 0.9976219718 3.1699990501 -0.0636068949 2.6882787123 -0.0539410451 10.0488939779 -1302.2642777359 27.2793618027 6.9407763524 0.561627 -1.343352 2.122204 -3.026047 0.849988 2.810444 -0.649416 -1.057541 0.684511 -0.856939 -3.344677 -0.081958 -0.545337 3.029041 -2.941398 1.077906 0.549199 -2.203904 1.017249 0.319909 -0.012214 3.821682 4.948460 -1.195438 -1.003191 -1.150704 -0.611907 2.288437 0.040848 -2.196790 1.679756 0.521797 2.075296 1.906082 3.376609 0.638610 4.413296 3.317261 -1.302103 3.799622
152 50.5469146895 3.0000000000 3.0000000000 1.5841077618 10.0000000000 6.2186415203 0.9829119043 5.2600870047 -0.1083338738 4.9744282599 -0.0993980742 27.6685152975 -1113.8136019419 24.5827218557 6.2902339654 1.319967 -0.140646 -1.978566 -3.568075 -3.132956 -2.857073 2.202214 -0.138747 -3.151754 -0.780683 -2.651979 4.408554 0.188295 1.041778 0.850714 0.497810 -0.653865 0.433501 0.179343 -1.844162 -0.609423 4.939143 4.037845 2.899108 -0.858141 1.978686 -2.419662 -3.352694 3.502302 -4.194567 -3.020684 3.202550 -4.190334 3.154927 4.072713 -0.446258 -0.247779 2.739938 -3.145909 0.398148
238 45.6173296105 3.0000000000 3.0000000000 1.3716338866 15.0000000000 6.1612989487 0.9736763979 4.8702936221 0.2612919337 4.4064080687 0.2167962493 23.7197599659 -1018.4504491397 24.5960125293 6.2582404252 3.121271 1.252909 -2.819704 -0.849775 -1.206461 -0.925515 5.000000 -1.751280 -5.000000 -1.615261 -1.221657 4.542259 0.685275 1.871313 0.633572 1.078396 1.538556 3.186743 0.726894 -1.222172 0.128684 -0.225816 0.335205 3.589434 0.316014 -1.562478 -1.884921 0.169517 2.489614 -3.604402 -2.643396 0.989247 -3.960779 3.547447 0.903173 -0.885632 0.598195 3.347905 -1.168713 1.185439
361 43.8311068146 3.0000000000 3.0000000000 1.1909524622 24.0000000000 6.0609997653 0.9575041595 5.9599038124 -0.0566504007 5.4228660901 -0.0124167472 35.5204534527 -899.1311730795 23.7094770479 6.0462216179 3.136660 0.180189 -5.000000 -5.000000 -2.670800 -0.930566 3.652205 -5.000000 0.172933 -2.173091 -0.776179 5.000000 3.365415 2.254509 4.007793 5.000000 1.293423 2.537522 3.993725 -2.851116 -3.993472 0.639628 1.603827 0.653012 -0.207543 -3.723842 -5.000000 -1.526204 4.397689 -3.141305 -0.972997 2.954104 -4.134481 3.338049 1.493007 -1.804329 -0.161420 5.000000 -3.486927 1.366687
1005 55.6827455076 3.0000000000 3.0000000000 0.6303162365 67.0000000000 5.6048594695 0.8838555029 4.8713250429 0.1124091971 4.1029921052 0.0882162557 23.7298076740 -506.2210230151 26.2484933476 6.6905716706 0.274523 0.097345 -3.164701 -3.633023 -2.343738 -0.338161 3.722508 -1.251583 1.276098 -4.521253 -2.290407 3.805381 2.717651 0.388873 0.414538 3.498634 0.810182 -1.290271 3.633162 -2.194638 -2.074525 3.506682 -0.198841 2.485788 -0.095698 -1.972669 -2.150466 0.564623 3.645690 -4.914360 -1.610585 1.961048 -3.321788 4.094507 0.853272 0.250184 1.407653 0.141233 -5.000000 -0.921461
evaluations raw_y rep iid sigma t d_norm d_mean ps_norm ps_mean pc_norm pc_mean ps_squared loglikelihood mhl_norm mhl_mean x0 x1 x2 x3 x4 x5 x6 x7 x8 x9 x10 x11 x12 x13 x14 x15 x16 x17 x18 x19 x20 x21 x22 x23 x24 x25 x26 x27 x28 x29 x30 x31 x32 x33 x34 x35 x36 x37 x38 x39
1 68.2335920293 4.0000000000 3.0000000000 0.6303162365 67.0000000000 5.6048594695 0.8838555029 4.8713250429 0.1124091971 4.1029921052 0.0882162557 23.7298076740 -506.2210230151 26.2484933476 6.6905716706 0.101123 0.999903 -1.991818 1.387197 -0.836603 -3.169154 -1.295414 1.197150 0.664500 -2.294953 1.237339 -0.175974 0.850145 0.664506 -2.313633 0.701994 -1.213775 3.093959 1.446683 0.092271 -1.965983 0.108865 0.319786 -2.417896 4.446720 0.788590 3.384715 -2.225624 3.271495 -2.721931 -1.302452 1.084903 0.096012 -4.716147 -2.211168 1.675673 4.175742 1.829682 -0.552407 1.593024
5 53.9864530226 4.0000000000 3.0000000000 0.6303162365 67.0000000000 5.6048594695 0.8838555029 4.8713250429 0.1124091971 4.1029921052 0.0882162557 23.7298076740 -506.2210230151 26.2484933476 6.6905716706 -0.802354 1.790209 -2.991705 -1.390794 -0.238823 -2.089647 0.721276 -3.029809 0.110355 -2.880530 -0.290493 1.016147 4.407128 2.155269 3.234482 0.135944 4.231472 -0.482517 -0.504395 -2.564166 0.444503 2.107201 -1.267716 -0.741204 -0.927090 -0.662905 -1.180767 -2.700079 2.761936 -3.943506 -1.854164 0.687483 2.023123 -0.417202 -0.566493 0.098953 -0.522624 1.753485 -0.965757 -1.970837
10 53.5603926499 4.0000000000 3.0000000000 0.6303162365 67.0000000000 5.6048594695 0.8838555029 4.8713250429 0.1124091971 4.1029921052 0.0882162557 23.7298076740 -506.2210230151 26.2484933476 6.6905716706 -1.951502 2.585034 -0.030204 -2.184343 0.254297 3.178572 -1.221142 -1.907315 -0.487730 3.194188 -1.303680 1.067306 2.015977 1.244444 -0.678859 1.304251 0.337706 1.624436 0.785121 0.287686 -3.460445 1.290831 -0.227004 -4.142833 -0.085045 0.592610 -0.236097 -4.873418 -1.446163 -1.923228 -0.632600 -4.585826 0.564413 1.067135 1.149225 -0.105964 -0.195579 2.012300 0.908646 -0.828948
47 51.5878645650 4.0000000000 3.0000000000 1.7903127204 3.0000000000 6.2898494741 0.9944480708 5.2342267073 -0.1095971704 4.5827867481 -0.0940484117 27.3971292231 -1215.7131055967 25.2599979410 6.3821972710 2.079300 0.046425 -2.852951 -0.737375 1.865068 -5.000000 -4.795216 1.521162 2.764283 0.556590 1.328359 0.674914 5.000000 1.064248 0.608243 3.977809 -0.411882 -2.781538 2.934854 -4.162265 -1.344776 -3.120696 -2.479502 2.364871 1.669765 -2.153478 -0.428821 -4.160987 3.989720 -4.927579 -0.684315 1.354791 -1.982357 -1.878820 -2.487432 -2.332985 4.215546 -1.077065 -5.000000 3.868771
76 38.6586236526 4.0000000000 3.0000000000 1.7737053373 5.0000000000 6.2685414195 0.9909860941 6.5040898034 -0.1550002563 5.8826679348 -0.1411025392 42.3031841706 -1203.8649860535 25.0804362124 6.3884520065 1.561602 -0.649098 -0.854109 -2.046441 -0.264827 -0.800617 -2.116173 1.940334 0.484536 2.963880 -0.250744 -0.706809 3.206916 1.765956 -0.046376 -0.802098 -0.844327 -2.481452 4.410766 -0.966405 -0.194000 -0.298878 -2.226938 1.689652 3.650811 -0.157904 -4.312036 -5.000000 2.252734 -5.000000 1.140814 0.865665 0.824659 0.610681 -2.027815 -1.449620 3.836893 -0.264819 -4.750108 0.337967
824 38.2631741501 4.0000000000 3.0000000000 0.6404304951 54.0000000000 5.7174056348 0.9022427994 5.1585502197 0.0019308502 4.7116420989 -0.0205969636 26.6106403694 -530.0070847200 26.1653078319 6.6609202134 -3.744589 -1.325075 -3.722857 -0.302716 -0.805910 3.222501 -2.040054 2.572284 2.040471 4.485925 -3.690140 2.303776 1.116962 1.662146 0.477937 -0.722813 2.750445 -0.931626 2.682040 -2.123899 0.463816 -2.354189 -4.439638 -1.512396 1.461252 3.626009 -3.902982 -4.463314 3.599140 0.709092 3.315562 -4.715915 4.795303 -1.229463 -1.884326 2.250921 3.700824 -0.710778 -2.937891 -0.855035
835 35.2588401328 4.0000000000 3.0000000000 0.6227659431 55.0000000000 5.7057983877 0.9003568056 4.7779353978 -0.1332450888 4.3652864645 -0.1155771372 22.8286666656 -512.0572799823 26.2327376287 6.6939903872 -4.258362 -0.821659 -3.145385 -0.845470 -0.862524 2.805402 -3.017256 3.023279 0.281880 5.000000 -4.209066 3.343517 1.877891 2.166037 -0.037329 -0.897738 2.691934 0.510662 2.903976 -1.896695 0.876501 -1.793115 -4.491845 -2.517838 1.579490 2.703322 -3.347652 -5.000000 4.435375 0.465445 3.931297 -5.000000 4.052661 -0.450874 -2.200881 1.978021 3.413162 0.266407 -2.610282 0.159700
1005 49.1014206037 4.0000000000 3.0000000000 0.5763682452 67.0000000000 5.5759979198 0.8792446002 6.6408110089 0.0560240825 5.7660074120 0.0373589572 44.1003708562 -431.3507192303 25.6743975865 6.5025159260 -1.880762 -3.685820 -2.962274 -1.673171 -1.299301 4.096737 -3.394332 2.981901 0.731350 4.126335 -4.114524 3.488792 3.199613 3.426740 0.330431 -0.584413 2.339738 1.981246 4.149981 -1.072594 1.458703 -2.694867 -3.279532 -2.361908 1.428444 1.905513 -4.204114 -4.232051 4.570607 1.028790 3.250062 -4.076936 3.899998 -1.683229 -3.321140 0.499154 3.290062 -1.107234 -1.380734 -0.289480
evaluations raw_y rep iid sigma t d_norm d_mean ps_norm ps_mean pc_norm pc_mean ps_squared loglikelihood mhl_norm mhl_mean x0 x1 x2 x3 x4 x5 x6 x7 x8 x9 x10 x11 x12 x13 x14 x15 x16 x17 x18 x19 x20 x21 x22 x23 x24 x25 x26 x27 x28 x29 x30 x31 x32 x33 x34 x35 x36 x37 x38 x39
1 82.6722247422 5.0000000000 3.0000000000 0.5763682452 67.0000000000 5.5759979198 0.8792446002 6.6408110089 0.0560240825 5.7660074120 0.0373589572 44.1003708562 -431.3507192303 25.6743975865 6.5025159260 0.882455 -0.661740 4.861542 -0.504184 0.219220 3.164962 -1.818465 -1.183273 0.375206 -0.659740 -2.385529 -0.409753 -0.717658 1.206943 -3.329577 -1.400358 2.302782 3.714662 -3.022359 1.289695 -1.961216 -1.713706 -1.743758 -0.845016 1.992880 1.424843 0.118288 -0.726622 0.006578 -0.211861 1.586107 -1.263143 -0.012390 -0.202135 -0.104616 0.498435 0.395320 2.669697 -0.173751 3.123065
2 79.7922947901 5.0000000000 3.0000000000 0.5763682452 67.0000000000 5.5759979198 0.8792446002 6.6408110089 0.0560240825 5.7660074120 0.0373589572 44.1003708562 -431.3507192303 25.6743975865 6.5025159260 -0.611706 -0.955463 0.201476 0.710877 0.539225 2.583927 2.278686 0.988881 -0.672673 -0.201229 2.826796 0.442508 -2.621546 -1.379130 -1.155026 2.304410 -0.214328 4.520214 1.313239 0.249614 -0.871408 1.944359 -0.481422 -1.648247 1.136265 0.025517 2.378121 -0.147187 -5.000000 1.578733 -3.755482 3.077512 3.642729 -0.854063 -2.329404 -2.794148 1.745309 -0.404236 -1.196720 -0.486839
4 78.4703286321 5.0000000000 3.0000000000 0.5763682452 67.0000000000 5.5759979198 0.8792446002 6.6408110089 0.0560240825 5.7660074120 0.0373589572 44.1003708562 -431.3507192303 25.6743975865 6.5025159260 2.901467 1.213741 -0.751242 -2.843849 -3.562303 -1.495812 -0.736819 -4.498236 -3.387350 0.607297 -0.817985 -1.509661 -0.815038 -1.625250 1.855032 3.279908 4.147231 1.419596 1.494305 2.926191 3.476898 2.930410 2.424567 -1.269305 -3.199397 1.754306 -0.187665 -0.111342 -1.778841 -2.601903 2.804333 0.930202 -2.130065 0.780841 0.611200 1.043699 4.466542 -0.069404 -2.559246 0.073085
8 56.6055678431 5.0000000000 3.0000000000 0.5763682452 67.0000000000 5.5759979198 0.8792446002 6.6408110089 0.0560240825 5.7660074120 0.0373589572 44.1003708562 -431.3507192303 25.6743975865 6.5025159260 0.097889 -4.052804 -0.083873 2.149086 -3.001719 2.371489 -1.430162 -0.102477 -5.000000 2.157256 -1.751372 -1.076219 -2.556431 -1.985539 2.286856 -1.018145 1.790002 -0.352407 0.692167 -1.012620 0.854328 5.000000 1.305786 1.011680 -0.951902 2.021817 2.718402 -3.404180 -2.760664 4.203553 0.851798 0.258400 1.125925 2.193529 1.601638 -0.446167 4.127341 0.025247 -1.749548 -1.114159
37 46.2034895555 5.0000000000 3.0000000000 1.8437373059 2.0000000000 6.3005889897 0.9961497162 4.4848658123 0.0672031764 3.9233150119 0.0582380709 20.1140213547 -1253.6315620176 26.0138909811 6.6532065598 -0.374662 -2.181549 -1.696004 -0.085569 -1.621031 0.993327 2.074080 -1.531089 -3.721267 2.242966 0.161419 -0.335728 -4.849031 0.874883 0.271496 -1.432006 2.774011 2.624263 2.042839 0.878515 -1.042746 4.525200 0.515328 1.281644 -2.892824 0.770773 1.656628 1.458424 -4.061015 1.993515 -0.482406 1.059983 -1.129796 0.163205 3.189616 -0.835107 3.694116 1.977616 -0.228843 3.657920
133 44.5002262410 5.0000000000 3.0000000000 1.5763191247 8.0000000000 6.2266460927 0.9842756233 4.6570477881 -0.1065582728 4.2248801075 -0.0879931443 21.6880941002 -1124.8542596429 25.1009872601 6.4158780034 -1.160829 0.128403 -1.368742 4.872343 0.809022 0.885983 0.915399 -0.056542 -3.234799 3.168489 0.410893 -0.799005 -0.587369 -2.143552 0.551077 1.348341 0.336005 -0.031402 0.796925 0.237437 -0.242469 1.979973 -0.949874 0.270641 -0.227282 2.288822 1.572378 -2.422900 -2.045593 -0.606360 -2.759107 4.679559 3.173604 -1.175060 -0.677335 -0.447214 -1.587277 -2.450285 -3.879580 -0.432451
396 43.4787169073 5.0000000000 3.0000000000 1.2871493183 26.0000000000 6.0400853875 0.9539361441 5.3388796844 0.0554695612 5.0696133344 0.0570888994 28.5036362841 -968.6840783159 24.8589540873 6.3644819380 -3.510311 -5.000000 -4.490052 0.879285 2.080128 -0.919179 0.453669 1.147781 2.034537 1.681873 2.808755 1.565788 1.673987 -1.092047 0.934091 -4.522917 0.405835 2.381866 -0.612259 2.261308 2.955877 2.980585 -4.677740 4.622444 3.853188 2.545033 3.854575 -2.304561 -2.893683 -2.495876 -0.354166 4.004815 -5.000000 -1.785182 0.118382 3.063364 -1.316381 -2.794495 -3.948433 -4.118493
404 39.8826487652 5.0000000000 3.0000000000 1.2871493183 26.0000000000 6.0400853875 0.9539361441 5.3388796844 0.0554695612 5.0696133344 0.0570888994 28.5036362841 -968.6840783159 24.8589540873 6.3644819380 -2.946732 -3.834762 -3.672201 0.677137 -0.828680 -1.586754 1.454427 -1.593478 -1.960805 1.582415 4.583097 1.240190 1.547231 -1.223946 2.159723 -1.754181 2.134702 3.387042 2.994812 1.222648 0.740406 1.670070 -4.246842 5.000000 2.535740 4.026955 4.692584 -0.124820 -1.118078 -4.392136 0.941429 1.388897 -3.056066 -1.988240 0.529563 3.109402 -1.977826 -4.088357 -0.675716 -4.638684
699 39.7870200789 5.0000000000 3.0000000000 0.9789265780 46.0000000000 5.8313843086 0.9201717873 5.4543768616 0.0184619891 4.8925492986 0.0131813953 29.7502269483 -788.4822784504 25.6073669566 6.5231627578 -2.932123 -4.849698 -3.747748 -0.211215 -0.236986 -5.000000 5.000000 0.246196 1.956536 1.786540 2.272809 -1.715138 -5.000000 1.284820 2.867261 -1.796748 0.471156 1.596869 0.224598 1.787272 2.157007 -0.797539 -3.696472 3.081619 4.090535 2.649583 1.805949 -4.895972 0.523071 -0.190715 3.826095 1.480049 -1.381459 -5.000000 4.484924 3.725347 -1.380765 0.024661 0.451969 -2.328413
1005 107.9434671977 5.0000000000 3.0000000000 0.7691110693 67.0000000000 5.6311762327 0.8872146338 4.8172072104 -0.1118389607 4.4173523911 -0.0728206530 23.2054853076 -604.5404099383 25.3235207841 6.4673514119 -3.442937 -3.743317 -5.000000 2.573505 0.552174 -3.994785 3.289573 -2.861679 3.897948 1.641422 1.266204 -2.092289 -3.250580 0.907308 3.971489 -2.483759 0.312252 3.217429 -0.272978 1.155959 0.561896 -0.439272 -3.031524 -0.017585 1.804174 2.207083 1.937826 -4.944486 1.081069 -0.642599 1.425116 1.563284 -2.764856 -5.000000 3.557154 3.808862 -0.642055 4.458804 2.686575 -0.337728
evaluations raw_y rep iid sigma t d_norm d_mean ps_norm ps_mean pc_norm pc_mean ps_squared loglikelihood mhl_norm mhl_mean x0 x1 x2 x3 x4 x5 x6 x7 x8 x9 x10 x11 x12 x13 x14 x15 x16 x17 x18 x19 x20 x21 x22 x23 x24 x25 x26 x27 x28 x29 x30 x31 x32 x33 x34 x35 x36 x37 x38 x39
1 79.6025118322 6.0000000000 3.0000000000 0.7691110693 67.0000000000 5.6311762327 0.8872146338 4.8172072104 -0.1118389607 4.4173523911 -0.0728206530 23.2054853076 -604.5404099383 25.3235207841 6.4673514119 -0.623567 1.458008 0.435642 -1.798184 -4.973561 1.826503 2.254127 -3.028186 3.278582 -0.859787 5.000000 1.203644 -0.671763 2.475476 0.222256 0.258302 0.152255 -0.310256 1.268451 1.621310 0.709617 3.625181 -2.712952 -0.927264 1.649308 -2.352863 3.128979 1.425410 -0.362013 1.068399 -1.173226 -2.963707 1.714495 1.886198 0.228883 -0.043913 -4.254289 -1.668815 -0.931017 0.467421
2 61.0936217463 6.0000000000 3.0000000000 0.7691110693 67.0000000000 5.6311762327 0.8872146338 4.8172072104 -0.1118389607 4.4173523911 -0.0728206530 23.2054853076 -604.5404099383 25.3235207841 6.4673514119 2.770070 -1.039254 -1.560304 1.911219 -0.253473 -2.737226 2.436961 -1.715003 -1.122942 -2.067040 0.717542 2.147363 -0.751009 0.792735 -0.942893 4.673216 3.005571 -1.190919 1.056682 1.879650 0.852571 -1.516314 -0.324734 1.453620 0.888166 -1.713645 0.893857 -2.029296 -4.264647 0.347726 1.902403 0.883795 2.938035 3.499033 0.707061 -1.286675 -0.094474 -2.898080 -0.072380 -0.181694
9 56.1781300505 6.0000000000 3.0000000000 0.7691110693 67.0000000000 5.6311762327 0.8872146338 4.8172072104 -0.1118389607 4.4173523911 -0.0728206530 23.2054853076 -604.5404099383 25.3235207841 6.4673514119 -0.634487 3.688191 0.308995 1.611163 -1.176380 -2.776499 -2.375037 -0.550628 -2.285002 1.655942 -0.747764 -0.860338 3.317931 -0.629314 -0.830964 5.000000 0.930825 0.299817 -0.770950 2.603168 2.472638 -4.695282 0.047810 0.649815 1.242358 -2.440654 0.064464 3.555057 2.409276 -1.856004 0.792218 -1.328661 1.797353 -5.000000 1.963892 0.692538 2.289666 -2.156657 -0.318204 -1.985916
28 48.4463449175 6.0000000000 3.0000000000 1.8845331624 1.0000000000 6.3123670721 0.9980490923 3.0805680951 0.0777256137 2.6124378905 0.0659142509 9.4898997882 -1266.5800629785 25.9159425067 6.6398019628 -1.935036 1.420545 1.485245 0.676959 -1.243435 -3.016780 0.535779 -0.816930 1.228553 -3.062712 0.769833 1.198886 -0.043790 -4.722574 -1.594663 1.015900 -1.350211 1.754582 0.028764 0.817068 1.225865 2.264860 0.824659 0.440675 0.291832 -2.034185 -0.322097 -2.807585 0.167825 0.935603 0.998286 0.911466 -0.529288 -3.045858 0.087846 1.810963 3.750030 1.338473 0.206926 1.083632
241 38.6769722707 6.0000000000 3.0000000000 1.2942056144 16.0000000000 6.1498662854 0.9719151158 6.1291198443 0.0595303222 5.4642418660 0.0495422878 37.5661100662 -991.2167779173 24.9095136777 6.3740942991 2.066690 1.051120 3.513878 -0.390864 -1.073534 -1.676660 0.325833 -2.980676 -4.613079 0.245733 -0.635612 -1.039913 -4.467651 -5.000000 0.891378 3.851300 0.862024 0.235332 2.167902 -3.821988 3.683587 4.105433 -1.299751 -1.201332 2.465775 -2.719549 -2.975763 -1.101844 -1.599038 -2.800771 4.667293 -5.000000 -0.400134 -0.636737 1.633579 -2.530274 3.032709 0.661976 0.422631 1.857705
499 34.6824109173 6.0000000000 3.0000000000 1.0464817424 33.0000000000 5.9775747419 0.9439282046 5.8527653124 0.2431666941 5.3000207721 0.2097714371 34.2548618025 -846.1254401926 25.3540276470 6.4627485396 4.679399 1.202184 1.289741 0.891112 1.177682 -0.857542 1.743365 -0.520578 -3.365988 4.632435 -3.274841 -0.671792 -2.649438 -1.569265 4.105782 1.369075 2.588680 4.191149 2.270309 0.563485 0.437584 2.010594 -0.697519 1.740055 -2.654772 -1.224461 1.565647 -3.685836 0.054750 -1.838518 2.682727 -0.899952 -0.060051 2.268914 1.965610 -0.468271 2.263167 1.106303 2.158089 2.706523
1005 117.9914100549 6.0000000000 3.0000000000 0.9541894953 67.0000000000 5.6672458643 0.8924074053 6.1526648873 -0.1601006380 5.2395805202 -0.1491476927 37.8552852158 -761.6766327359 26.1973369392 6.6791457626 1.077574 2.992449 -0.318992 -2.802236 3.041085 0.851564 -1.238133 -1.613193 -2.737043 -0.232753 -4.125000 -0.811881 -1.173660 1.719817 4.474175 5.000000 2.843703 1.676591 3.276189 4.053374 2.257216 0.039146 1.887061 2.651263 -0.142598 -5.000000 -0.135637 -3.033829 -0.264437 -3.730689 3.923775 -2.444003 -1.022905 -0.865550 -0.349150 0.404121 1.793180 0.704203 2.008775 2.895691
evaluations raw_y rep iid sigma t d_norm d_mean ps_norm ps_mean pc_norm pc_mean ps_squared loglikelihood mhl_norm mhl_mean x0 x1 x2 x3 x4 x5 x6 x7 x8 x9 x10 x11 x12 x13 x14 x15 x16 x17 x18 x19 x20 x21 x22 x23 x24 x25 x26 x27 x28 x29 x30 x31 x32 x33 x34 x35 x36 x37 x38 x39
1 88.9662682174 7.0000000000 3.0000000000 0.9541894953 67.0000000000 5.6672458643 0.8924074053 6.1526648873 -0.1601006380 5.2395805202 -0.1491476927 37.8552852158 -761.6766327359 26.1973369392 6.6791457626 3.381051 -0.931875 0.065640 0.815033 -1.577846 0.004131 -0.001781 -3.509449 2.035316 1.200997 -1.250858 -0.343097 1.010599 -0.522713 -0.485498 -2.906483 1.109161 0.247762 0.548920 -3.053049 3.301399 0.308671 -0.774280 4.058144 -0.090772 -2.901357 -0.810456 -4.576630 2.098793 -0.832949 -1.485107 2.144940 -3.302151 1.070859 -4.128830 -1.324319 -2.408440 2.923951 3.532322 -0.658828
2 74.7051619366 7.0000000000 3.0000000000 0.9541894953 67.0000000000 5.6672458643 0.8924074053 6.1526648873 -0.1601006380 5.2395805202 -0.1491476927 37.8552852158 -761.6766327359 26.1973369392 6.6791457626 1.681466 -0.359973 1.136124 -1.505674 -3.416678 -3.606197 0.766244 4.495190 0.538823 -1.049209 3.824038 0.474604 0.202868 0.505155 -0.264754 -0.618953 -2.869927 1.003248 -0.189551 2.386172 -0.737637 -3.812740 -0.199221 3.399075 -0.766846 -1.779714 -2.387184 -2.100034 -0.600387 -2.359964 2.995278 -0.565270 0.217297 2.876479 3.006637 -0.425466 0.663948 1.470053 -0.385711 -3.556026
8 65.6764004934 7.0000000000 3.0000000000 0.9541894953 67.0000000000 5.6672458643 0.8924074053 6.1526648873 -0.1601006380 5.2395805202 -0.1491476927 37.8552852158 -761.6766327359 26.1973369392 6.6791457626 -1.175509 -4.244699 -3.537543 -0.445900 1.521320 -0.178129 0.943556 -2.202999 -2.682731 1.771442 0.984289 -0.061018 2.564185 -1.902381 -0.840533 2.052743 3.675589 0.016851 3.359039 -1.205021 0.659500 -0.347647 -3.176497 0.515946 1.865499 -0.296534 -0.140910 2.785855 -2.499427 -2.995177 -1.308078 -2.393246 2.692579 0.619378 -1.728186 -1.228958 5.000000 -1.220180 -1.524049 0.608614
14 59.8777967274 7.0000000000 3.0000000000 0.9541894953 67.0000000000 5.6672458643 0.8924074053 6.1526648873 -0.1601006380 5.2395805202 -0.1491476927 37.8552852158 -761.6766327359 26.1973369392 6.6791457626 -2.565221 3.352615 -1.494779 -1.565166 0.615516 2.901169 2.647952 -0.975639 0.510856 0.298591 1.059789 0.511409 -1.887657 -2.520380 0.351311 -2.367076 2.726447 0.079860 -2.052155 -0.643270 -1.014615 -0.262480 1.891698 -2.888856 -3.735153 0.676102 -0.354566 0.326450 0.889093 -0.362097 1.599379 -1.786003 0.128755 -1.661524 -2.259811 1.230898 1.138106 -3.883960 -2.243998 0.583969
27 53.5278919594 7.0000000000 3.0000000000 1.8662911259 1.0000000000 6.3116286081 0.9979400506 2.5563840186 0.0061772172 2.1679100306 0.0052385131 6.5350992507 -1268.0979428329 26.2226708436 6.7104282683 -0.773940 0.703384 -4.446386 -1.431321 -0.333178 1.337323 -1.497977 1.576902 -1.227341 1.643123 3.587424 0.096157 0.747205 -0.487323 1.200920 -1.243371 5.000000 -0.195009 -2.127987 0.059765 -1.771998 1.860618 0.799906 0.899164 0.967070 -0.949216 -2.192222 -3.891910 0.160664 -5.000000 4.912423 -0.750851 1.127707 -1.449467 -1.137793 -0.294129 2.165980 -0.615814 -2.063208 0.372677
38 50.7775229064 7.0000000000 3.0000000000 1.7854851917 2.0000000000 6.3006814957 0.9961878200 3.8999108094 -0.0834617247 3.3576075637 -0.0713459339 15.2093043214 -1213.9059634246 25.1946254918 6.4435412568 0.146833 -0.939606 -1.084781 -3.099837 1.469640 4.544747 -0.586344 1.813423 -0.711378 -0.959307 -0.494552 -1.419476 -0.488138 0.842979 0.250970 -2.731771 3.319725 0.888672 -5.000000 0.808490 -1.033281 2.129533 0.237455 0.781467 -3.369471 -1.642385 -1.426411 -1.154031 3.417759 -0.786332 3.783208 0.384025 0.422691 1.761903 1.384792 1.866647 -1.700906 -3.084304 -0.744516 -1.340545
130 43.9304770352 7.0000000000 3.0000000000 1.5906559725 8.0000000000 6.2348111677 0.9855869800 5.6793625409 0.3202190215 5.2287920596 0.2895147528 32.2551588715 -1131.3081083345 25.0381077907 6.4349443175 -0.836060 1.306368 -3.331166 4.340550 4.426109 2.136951 -1.196389 0.787727 0.876220 2.210818 -2.247720 0.615950 -0.163504 -0.372621 -2.291020 1.876011 0.306989 -1.547664 -0.970033 -0.303434 -0.994740 1.370356 2.614735 2.106595 0.431147 1.876720 -5.000000 -1.872130 1.654461 -1.726555 0.093653 4.636634 3.184857 0.786069 1.059445 4.153428 1.745513 -2.259356 1.089867 -1.183038
262 39.4128915356 7.0000000000 3.0000000000 1.4128187195 17.0000000000 6.1407748250 0.9703793977 5.9404481015 0.0418999767 5.6391978468 0.0737585784 35.2889236471 -1012.5799685395 23.6567799626 6.0252706894 -1.663295 -3.533832 -5.000000 2.835368 1.714289 5.000000 2.654999 0.919378 2.609076 2.768564 5.000000 1.131485 2.007021 2.598792 -2.406941 0.533367 1.138282 -0.903343 0.191790 -0.155097 1.016445 2.690462 1.730630 1.843290 0.414432 -0.911249 -2.626860 -0.372091 5.000000 -4.494663 4.094424 2.666064 -0.306212 0.398260 0.386586 1.500742 -4.384564 -5.000000 2.420105 -5.000000
1005 87.5906095669 7.0000000000 3.0000000000 0.8205538197 67.0000000000 5.6434308422 0.8893495523 6.5848160835 0.2357741783 6.0374588764 0.1912203553 43.3598028534 -597.7151416072 23.0464089039 5.8999025610 1.925141 -4.396261 -3.074258 1.606718 -1.003206 0.846913 3.386143 2.283678 2.244157 2.047040 -0.629655 3.463732 2.271564 1.622157 -1.270950 -0.823325 5.000000 -3.885555 -0.892420 -5.000000 3.781019 3.400820 -0.821204 2.037725 0.088433 2.027189 -4.583053 -3.073724 4.430703 -2.766616 2.321234 -0.762014 4.577586 2.179572 -0.920105 4.978231 -0.907878 -4.671092 -1.350511 -0.852854
evaluations raw_y rep iid sigma t d_norm d_mean ps_norm ps_mean pc_norm pc_mean ps_squared loglikelihood mhl_norm mhl_mean x0 x1 x2 x3 x4 x5 x6 x7 x8 x9 x10 x11 x12 x13 x14 x15 x16 x17 x18 x19 x20 x21 x22 x23 x24 x25 x26 x27 x28 x29 x30 x31 x32 x33 x34 x35 x36 x37 x38 x39
1 74.1884334385 8.0000000000 3.0000000000 0.8205538197 67.0000000000 5.6434308422 0.8893495523 6.5848160835 0.2357741783 6.0374588764 0.1912203553 43.3598028534 -597.7151416072 23.0464089039 5.8999025610 0.182409 2.182565 -3.893941 -2.772699 -4.592983 4.819669 3.455672 4.409113 1.589655 1.952842 -2.366854 3.832727 -2.246654 -1.328071 -0.756717 -1.583231 1.719096 -0.461578 -0.131322 -0.417272 2.693737 -1.213906 -0.348496 0.848103 -3.291980 -0.967082 1.070937 2.332281 0.323366 -1.345668 2.885048 -0.442961 0.062529 0.363859 -0.125857 -1.083137 0.949037 -2.329182 -1.001819 -0.817122
3 71.2651048868 8.0000000000 3.0000000000 0.8205538197 67.0000000000 5.6434308422 0.8893495523 6.5848160835 0.2357741783 6.0374588764 0.1912203553 43.3598028534 -597.7151416072 23.0464089039 5.8999025610 0.713026 -1.904321 0.303856 0.001270 0.670046 0.749599 1.427632 -2.401627 0.002762 -1.842920 0.992456 -2.663333 -4.381141 -0.872144 5.000000 2.300163 0.168891 4.972496 -0.388711 -0.372427 1.707726 0.614757 -0.144484 -0.937695 -0.130878 2.105222 -2.619266 -1.337453 2.682748 5.000000 -3.681097 0.810082 3.264601 -0.445478 -1.155598 2.484352 -1.106942 -1.445379 -1.143099 -2.780006
4 61.6065120153 8.0000000000 3.0000000000 0.8205538197 67.0000000000 5.6434308422 0.8893495523 6.5848160835 0.2357741783 6.0374588764 0.1912203553 43.3598028534 -597.7151416072 23.0464089039 5.8999025610 -4.790426 2.308033 3.376190 0.447571 -0.403231 0.999290 -0.362676 -3.499631 -2.420834 0.848483 -0.777603 -3.113072 -2.878418 1.897855 -3.053064 2.273740 0.969051 -2.003673 -0.636910 0.316252 0.721720 0.510917 2.852116 1.854501 -1.021127 -0.343134 -1.820792 -1.045762 0.147980 -4.693566 0.199492 -0.092760 -0.495272 -2.610738 -1.152598 -1.528941 -0.121499 -4.868965 -0.661973 0.945283
6 51.9577656511 8.0000000000 3.0000000000 0.8205538197 67.0000000000 5.6434308422 0.8893495523 6.5848160835 0.2357741783 6.0374588764 0.1912203553 43.3598028534 -597.7151416072 23.0464089039 5.8999025610 0.059111 -0.148086 1.085662 -0.337767 -0.640518 -2.389105 0.522916 -5.000000 1.244308 0.384447 2.707172 2.783017 -2.889830 1.150071 -1.630181 -1.043770 1.518821 0.885009 0.875863 -0.181566 0.354081 -2.268281 -1.305441 1.183509 -2.379631 -1.297899 1.471238 -0.111818 -1.678491 0.565519 2.580724 -1.991433 -3.068473 0.210608 -1.769135 -0.735113 -1.157261 -1.816086 -0.125537 0.335981
11 42.9514042259 8.0000000000 3.0000000000 0.8205538197 67.0000000000 5.6434308422 0.8893495523 6.5848160835 0.2357741783 6.0374588764 0.1912203553 43.3598028534 -597.7151416072 23.0464089039 5.8999025610 1.938462 -0.827713 0.549576 -1.574450 1.665343 0.586256 -0.541797 0.775100 -3.587562 -2.009604 -0.004712 2.536211 -1.185450 0.652436 2.334109 -1.392512 0.786705 -1.148609 4.189497 0.290220 1.650111 -1.363743 0.527720 -1.013347 2.535539 -2.495786 3.866283 0.366821 1.187145 -1.313939 0.539443 0.383111 -0.015680 0.789130 -2.745318 -5.000000 1.483674 -3.037487 1.141526 -2.886518
87 37.7712007954 8.0000000000 3.0000000000 1.6294168053 5.0000000000 6.2633660908 0.9902202338 4.2710912919 0.0579145060 3.8331319675 0.0450212093 18.2422208235 -1142.9960956064 24.8025568830 6.3497842229 -2.015674 -2.070326 2.156600 1.779142 2.691057 -1.898303 -0.588382 -2.689209 2.300825 -0.868575 -3.752984 3.958799 -1.035001 -0.999647 1.668747 0.240598 0.948807 3.879199 -3.693446 -0.679574 -0.424706 2.128884 -0.980413 -0.321786 -3.911726 1.060965 2.349875 -0.442568 3.039569 0.908786 2.408890 -1.831499 1.700501 -0.103858 -5.000000 1.583672 0.748500 -1.702191 1.053317 1.814167
1005 78.2012121586 8.0000000000 3.0000000000 1.2268399633 67.0000000000 5.6794366111 0.8936666421 5.6248605989 -0.0048287055 5.2809412776 0.0418639464 31.6390567566 -892.6613472195 25.2922435699 6.4380275303 0.798029 0.140966 -2.606832 -2.299706 -1.806743 1.109503 -1.601424 2.304116 0.561383 0.176410 4.598131 2.025954 -3.583338 -3.197789 1.390336 2.083395 0.465558 -2.267890 -3.183064 0.493282 -3.208502 -1.111505 3.712636 -2.647041 1.936678 -4.040780 1.900396 1.589656 5.000000 -1.876384 0.283546 -0.816761 3.239413 4.418627 2.268828 -1.348105 2.332516 -3.078510 1.312375 1.588673
evaluations raw_y rep iid sigma t d_norm d_mean ps_norm ps_mean pc_norm pc_mean ps_squared loglikelihood mhl_norm mhl_mean x0 x1 x2 x3 x4 x5 x6 x7 x8 x9 x10 x11 x12 x13 x14 x15 x16 x17 x18 x19 x20 x21 x22 x23 x24 x25 x26 x27 x28 x29 x30 x31 x32 x33 x34 x35 x36 x37 x38 x39
1 82.9389225820 9.0000000000 3.0000000000 1.2268399633 67.0000000000 5.6794366111 0.8936666421 5.6248605989 -0.0048287055 5.2809412776 0.0418639464 31.6390567566 -892.6613472195 25.2922435699 6.4380275303 0.002217 -0.579088 -2.232133 -0.025766 -0.756723 -0.962271 -3.034662 -0.981744 -0.481361 -1.295895 1.271782 3.480235 0.593364 1.415007 3.645632 0.861538 3.085459 -1.801442 -0.274250 2.595158 1.350542 0.063916 1.836292 0.761019 1.032735 -0.710479 0.417554 0.656822 -0.996450 -4.183554 -0.165175 4.910365 -5.000000 -1.826559 -0.454629 0.538631 2.260923 2.084795 2.607621 2.778801
2 52.8411296781 9.0000000000 3.0000000000 1.2268399633 67.0000000000 5.6794366111 0.8936666421 5.6248605989 -0.0048287055 5.2809412776 0.0418639464 31.6390567566 -892.6613472195 25.2922435699 6.4380275303 -1.312905 -0.112515 -0.999805 0.872839 -0.751626 -1.846123 3.834500 -0.300606 -1.277460 1.649541 -2.421677 -1.006811 -1.403831 -3.948542 -5.000000 -0.115364 -1.312373 -1.323413 1.538697 -1.798010 3.387276 -3.394670 -5.000000 -0.452301 0.794858 3.319407 -0.987494 -0.752195 -0.339480 4.834213 -3.617681 0.679502 -0.045460 -1.919994 -0.766229 0.219060 -1.710326 0.000443 1.327710 1.498962
23 52.0943072528 9.0000000000 3.0000000000 1.8845574203 1.0000000000 6.3138926405 0.9982900478 3.0812617619 -0.0658940328 2.6130261462 -0.0558806242 9.4941740454 -1334.8619249205 28.3929018534 7.2715629453 0.680154 -0.047076 -0.363750 3.595277 3.520016 -1.142922 1.956753 1.513716 -1.871624 -2.635554 -5.000000 1.129427 -0.876170 -1.018455 3.784880 1.571489 3.809573 -1.059678 -1.761009 -1.710187 1.695988 -1.005218 -2.029767 1.084473 4.141906 2.343531 0.448460 1.866455 2.890366 2.734546 -0.752067 -1.218364 0.324686 -0.494580 -1.249726 0.605778 -0.401505 -2.379153 -2.509791 3.085634
110 48.0039706113 9.0000000000 3.0000000000 1.5892373017 7.0000000000 6.2460799973 0.9873949039 5.5708015063 0.0727579997 4.9978506169 0.0744198159 31.0338294225 -1161.8482259146 26.1843081580 6.6558549562 -0.178880 -0.983696 -2.823593 2.268420 -0.303836 2.764045 -1.012522 0.693951 5.000000 2.169162 0.965510 -1.066920 1.268324 -1.151149 2.157544 5.000000 4.728854 -2.083134 1.191891 -1.820806 2.990302 0.188384 -0.322724 -2.202853 2.405331 3.308279 3.863691 4.298595 -2.245123 2.280485 -2.739451 0.505989 -3.909840 -5.000000 0.005858 2.323091 -0.735751 -4.493170 0.967851 0.912763
132 47.8790742364 9.0000000000 3.0000000000 1.5654032068 8.0000000000 6.2355699490 0.9856933038 5.4709030478 0.1017606925 4.9715318530 0.1005090893 29.9307801585 -1157.1932236817 26.4304784492 6.7576485914 -0.419505 -0.671955 -5.000000 0.199818 -0.599455 1.015310 0.180832 -0.770209 4.047112 0.989267 1.729507 -0.287252 1.364719 0.851093 3.484881 3.915884 1.428062 -1.548031 -0.480598 -3.282830 2.836952 2.756382 -1.984689 1.147007 1.718364 2.625252 -0.253464 -0.313462 -3.082639 3.494282 -4.220816 0.843544 1.038195 -4.918190 -1.421820 2.695235 2.428996 -3.926551 0.492681 2.430573
196 46.9470134545 9.0000000000 3.0000000000 1.4618303192 13.0000000000 6.1830200295 0.9772243029 6.0248969252 0.0417495000 5.3135958326 0.0560149004 36.2993829587 -1060.6597328888 24.6071244031 6.2722484060 1.508840 -0.991743 -3.861586 -5.000000 -4.991183 1.598384 0.505574 -2.302100 0.827793 -1.546183 2.356923 -0.690261 3.071328 4.667613 3.736179 1.264864 2.701479 -3.143522 -0.254046 -0.612326 4.740496 0.786724 0.596943 2.319186 -0.129657 -0.372364 3.704590 -0.861539 0.478628 4.815042 -2.844066 4.923808 -1.344092 -2.971473 0.059398 0.813267 -0.737432 -2.769529 2.747908 3.724109
235 46.5773931469 9.0000000000 3.0000000000 1.4333049455 15.0000000000 6.1660530120 0.9744569176 5.6136339549 0.1233246510 5.2774058028 0.1254495553 31.5128861792 -1024.8486273926 23.6403689630 6.0591499042 0.804980 0.125012 -3.361301 -0.687636 0.625193 0.867445 2.148589 0.179183 1.039731 0.588582 2.990177 -0.897053 1.826478 3.949628 2.521892 3.094732 2.579519 -4.771035 0.775877 0.094289 4.951734 3.347477 1.000862 2.492015 -0.416926 0.052386 3.416062 2.728720 0.085378 3.718810 -5.000000 5.000000 -1.691251 -1.900687 2.402365 -1.877329 -2.683877 -0.181126 1.151965 1.757917
303 43.4498294729 9.0000000000 3.0000000000 1.2949672192 20.0000000000 6.1082803465 0.9651499457 5.0407363673 -0.1169192936 4.5235226860 -0.0683993701 25.4090231249 -971.5590722553 24.3612764119 6.2005355138 0.881048 -4.001837 -2.876815 -2.338197 -2.564784 0.215809 2.452565 -1.261080 2.598172 -2.940015 0.572737 -0.112774 0.535032 0.555163 3.149990 1.220090 3.989793 -1.286556 1.115599 -0.743729 2.825726 0.583931 -1.072886 2.119149 1.210598 1.724526 3.660835 2.090319 2.696356 2.720174 -2.064125 2.268930 -0.956661 -1.508643 1.167573 1.114138 -2.865681 -4.088997 2.477284 3.957172
406 36.0888252143 9.0000000000 3.0000000000 1.1502769089 27.0000000000 6.0313542180 0.9527333655 6.0100468853 0.1813795609 5.4993680779 0.1816522826 36.1206635636 -910.6314228955 25.2793902774 6.4627831221 -0.748801 0.591789 -0.515082 -1.298050 -2.977912 0.963163 2.632416 -0.985841 2.038819 0.633913 1.673730 -2.053342 -0.730350 2.574184 4.425418 0.038999 2.985614 -4.829671 2.116294 -0.341470 -0.443429 1.986199 -4.085230 3.357346 -0.933860 2.747543 2.033982 1.228251 3.060438 4.410279 1.982303 3.034575 -1.508201 -2.089067 -2.615788 -0.434567 -5.000000 -1.177479 2.686784 1.212621
1005 105.2881380181 9.0000000000 3.0000000000 0.6721835657 67.0000000000 5.6172315203 0.8855527856 5.0584630068 -0.0801037984 4.5507141485 -0.0514204443 25.5880479908 -507.5003356523 24.7783447226 6.2906920911 -1.846229 -2.773328 -4.494482 2.611000 -2.855011 4.671185 1.939599 3.684319 2.432796 0.624077 0.698912 -0.030157 2.927597 5.000000 1.050936 -1.226588 2.961077 -3.156954 1.558487 1.221894 -1.847826 0.889823 3.086548 1.331399 -4.874405 3.652564 -1.327533 0.427162 5.000000 2.654552 0.835606 3.914933 -3.757729 2.544489 -3.002033 -0.154168 2.570187 -2.290180 3.058460 0.733272
evaluations raw_y rep iid sigma t d_norm d_mean ps_norm ps_mean pc_norm pc_mean ps_squared loglikelihood mhl_norm mhl_mean x0 x1 x2 x3 x4 x5 x6 x7 x8 x9 x10 x11 x12 x13 x14 x15 x16 x17 x18 x19 x20 x21 x22 x23 x24 x25 x26 x27 x28 x29 x30 x31 x32 x33 x34 x35 x36 x37 x38 x39
1 55.3913868530 10.0000000000 3.0000000000 0.6721835657 67.0000000000 5.6172315203 0.8855527856 5.0584630068 -0.0801037984 4.5507141485 -0.0514204443 25.5880479908 -507.5003356523 24.7783447226 6.2906920911 2.663173 1.430558 -3.090801 -0.016768 1.242672 -1.440171 0.531023 0.217097 0.008583 -0.349200 0.866052 2.406075 -1.930131 2.056548 0.457260 0.890275 -2.273204 0.270274 2.969074 -2.159610 -3.955457 -3.486745 0.532140 4.769935 2.247383 3.345244 0.198298 2.795993 -0.542496 1.226408 -0.534634 -1.098618 0.265417 -0.952284 2.616946 0.390027 0.800420 -0.675265 2.512945 -1.463939
17 53.5495462121 10.0000000000 3.0000000000 1.8957170876 1.0000000000 6.3121236143 0.9980171560 3.3994345049 0.0919305519 2.8828486282 0.0779605740 11.5561549531 -1252.4459328288 25.2200577741 6.4172316731 2.202429 1.063619 0.183059 2.909511 0.254074 -0.277743 -3.474571 -0.504847 2.943720 -1.598200 0.770717 -0.355326 -0.359053 -0.786995 0.198608 0.416584 1.271551 0.652334 3.179388 -1.230272 -1.676553 1.363024 1.682575 2.664132 0.431390 -0.022546 0.484801 -1.938835 1.423971 -0.517876 0.349753 1.965921 2.275508 3.152389 3.577854 -0.060360 0.475175 -3.760587 0.246265 -2.681939
55 51.6386054947 10.0000000000 3.0000000000 1.7304650666 3.0000000000 6.2874376257 0.9940783838 3.8876349581 0.1557312468 3.4022728601 0.1373555278 15.1137055672 -1206.6323106890 25.7411306421 6.5748615790 3.462392 0.843410 -0.969390 1.835350 0.040956 2.505514 -0.533504 -3.871967 1.339451 1.109257 -2.567608 2.636514 5.000000 0.019006 -1.817658 -0.997836 0.746017 0.846084 2.874152 2.679060 0.046455 -1.791600 0.631732 3.777472 -1.429815 0.921768 0.067574 1.303395 3.146051 -2.682986 1.619396 -2.427912 0.507719 2.044882 4.709654 2.803767 -1.232585 -0.120951 1.578363 -1.526579
150 44.9546892315 10.0000000000 3.0000000000 1.4600600938 9.0000000000 6.2121245679 0.9820165221 5.2176110356 0.0616150581 4.7606524540 0.0807601580 27.2234649191 -1031.8318336672 23.1542070099 5.9247084181 0.463909 -0.644443 -3.353059 3.380574 0.231868 0.342105 -4.393459 0.391834 3.566591 0.208711 -4.976570 1.058636 2.169661 1.281782 -1.952955 1.821355 -0.888986 2.992248 2.742801 0.725846 -2.047133 -1.839605 1.981079 5.000000 0.193787 1.541141 1.448854 -0.798158 5.000000 1.510109 -0.384130 -1.225344 2.129821 1.166025 0.849271 -2.305890 -0.192188 1.249786 -0.811595 1.260414
315 44.8175397981 10.0000000000 3.0000000000 1.2014682646 20.0000000000 6.0905478252 0.9623833110 6.3855869205 -0.0835110621 5.7043834536 -0.0646540443 40.7757203187 -940.5390085572 25.0849075704 6.3998555758 -4.121942 -0.897315 -1.483854 -0.053364 -0.477315 2.399121 -4.598444 3.302831 4.346116 -2.051783 -3.495526 -1.848866 5.000000 2.709422 -2.424852 1.410450 -4.141892 2.508195 0.652493 0.510614 -3.029019 -5.000000 -1.674735 3.963446 2.524515 2.982041 -0.442939 2.503089 3.657549 3.239860 1.904674 0.227726 1.676855 -0.147659 3.316334 2.689728 3.686241 0.346038 -0.061708 -2.989191
814 40.3372864416 10.0000000000 3.0000000000 0.8687447398 54.0000000000 5.7399663291 0.9054367800 6.0161561604 0.0269159746 5.1477509483 0.0295012082 36.1941349464 -670.2057442257 24.2200194665 6.1605392974 -3.839387 1.264731 0.075480 0.985125 -4.781972 1.000922 -0.697564 -1.015188 3.676066 -0.717223 -0.788997 2.569281 2.855730 1.856701 -5.000000 1.217027 -1.832644 1.702406 2.599965 -2.496079 -2.769224 -3.128360 -3.680616 3.034831 5.000000 3.016457 4.644956 2.560786 0.525071 2.432594 -3.341593 1.245553 1.622744 0.930327 3.646084 2.426196 2.265472 3.282598 -0.065376 -2.594502
901 33.7186931587 10.0000000000 3.0000000000 0.7737585763 60.0000000000 5.6762812247 0.8951730244 4.1328964114 0.1015173291 3.5859669944 0.0893680859 17.0808327471 -613.5055584845 25.2688635271 6.4496992024 -2.178333 -0.710900 0.340440 1.001120 -2.542809 0.836537 -2.039778 -0.493558 2.347168 -0.045990 -0.265663 1.088998 3.072267 1.543885 -4.921747 0.787350 -2.890725 2.659734 2.762624 -4.103020 -3.661944 -4.602577 -4.061473 5.000000 3.905892 3.078656 4.157379 3.542422 1.543290 2.552627 -3.005721 -0.909138 2.235226 -0.911236 2.070684 3.985219 4.148627 3.238947 -0.392216 -3.011916
1005 73.8263954301 10.0000000000 3.0000000000 0.6381339332 67.0000000000 5.5943848950 0.8821714301 5.5848133374 0.3088984090 4.5125523468 0.2439068776 31.1901400137 -503.4814127927 26.0437706679 6.5797043038 -2.237407 1.158533 -0.391405 0.801972 -1.388857 1.744685 -0.611543 -0.745268 2.389169 0.024492 0.794815 1.917242 3.767462 1.273630 -3.442847 1.258515 -2.173603 3.333275 2.215446 -2.510108 -3.749108 -5.000000 -2.317396 3.538826 3.479306 2.817786 3.971274 2.949132 0.187841 2.876998 -3.943534 0.338563 2.388236 -1.015887 2.192901 3.860180 2.934885 3.719329 -0.374462 -3.436007
evaluations raw_y rep iid sigma t d_norm d_mean ps_norm ps_mean pc_norm pc_mean ps_squared loglikelihood mhl_norm mhl_mean x0 x1 x2 x3 x4 x5 x6 x7 x8 x9 x10 x11 x12 x13 x14 x15 x16 x17 x18 x19 x20 x21 x22 x23 x24 x25 x26 x27 x28 x29 x30 x31 x32 x33 x34 x35 x36 x37 x38 x39
1 76.0640277105 11.0000000000 3.0000000000 0.6381339332 67.0000000000 5.5943848950 0.8821714301 5.5848133374 0.3088984090 4.5125523468 0.2439068776 31.1901400137 -503.4814127927 26.0437706679 6.5797043038 3.498909 -0.572146 -0.969130 -5.000000 -0.016569 -0.639263 -1.073259 0.630805 0.842101 -2.131206 -1.772479 -0.951467 1.379365 1.122384 -2.611097 -2.238951 1.473675 3.149268 -0.062150 -1.366893 2.191259 -0.619153 1.451504 3.098143 1.260160 0.146986 1.464543 -1.285151 -0.356186 -1.147909 -0.408751 -0.972990 -0.371551 -0.761073 0.177955 0.127343 0.592694 2.805542 -3.093725 2.591237
2 74.8890239305 11.0000000000 3.0000000000 0.6381339332 67.0000000000 5.5943848950 0.8821714301 5.5848133374 0.3088984090 4.5125523468 0.2439068776 31.1901400137 -503.4814127927 26.0437706679 6.5797043038 -0.474501 -2.464692 -0.344840 0.183677 2.135117 -2.123269 0.434696 0.235639 -3.368222 -2.371511 1.200204 1.391135 2.175422 1.067643 0.790424 0.245735 2.418203 -1.686132 -0.283787 0.770708 -3.154989 2.621887 -1.585730 -0.143499 4.313349 -1.658875 -1.058744 3.123407 -2.160388 -0.864115 1.032168 0.910786 1.187372 0.741013 2.690756 2.031884 1.190557 -1.365603 -1.427120 -3.816579
4 40.5952400468 11.0000000000 3.0000000000 0.6381339332 67.0000000000 5.5943848950 0.8821714301 5.5848133374 0.3088984090 4.5125523468 0.2439068776 31.1901400137 -503.4814127927 26.0437706679 6.5797043038 -3.064285 0.437737 0.371327 3.665553 -2.257789 0.033994 -0.848858 -0.265820 3.318409 0.757281 -0.929132 0.307682 1.532321 -1.988055 -0.528685 3.084418 1.712304 -0.089605 -0.954978 -0.308131 -3.102159 1.886072 0.682307 0.276546 -2.594845 -1.429925 1.028959 0.515433 -0.993461 1.010044 1.877566 -1.350041 -1.061716 -1.739724 -2.310528 1.593344 1.020056 0.677428 -2.344240 -2.091935
1005 73.1438833451 11.0000000000 3.0000000000 0.7708984848 67.0000000000 5.6293425606 0.8874303777 4.8848377913 0.1314003750 4.2070332016 0.1656745132 23.8616402475 -647.4387387420 26.9024467551 6.8922879745 -2.339750 2.592429 -0.012861 -2.054927 3.172658 2.020487 -2.034439 2.691654 3.011793 2.355475 4.010426 0.281914 -0.581245 -1.198453 -2.705401 -3.075805 -3.332024 0.746077 0.953179 3.027444 -2.765016 1.745763 3.308191 1.151966 2.554503 -0.939506 2.024698 0.225463 -2.668395 2.429821 4.565061 -1.678620 -3.636806 -2.909816 -0.031557 1.417383 -1.546216 1.140226 -2.643240 -2.079539
evaluations raw_y rep iid sigma t d_norm d_mean ps_norm ps_mean pc_norm pc_mean ps_squared loglikelihood mhl_norm mhl_mean x0 x1 x2 x3 x4 x5 x6 x7 x8 x9 x10 x11 x12 x13 x14 x15 x16 x17 x18 x19 x20 x21 x22 x23 x24 x25 x26 x27 x28 x29 x30 x31 x32 x33 x34 x35 x36 x37 x38 x39
1 71.4718380747 12.0000000000 3.0000000000 0.7708984848 67.0000000000 5.6293425606 0.8874303777 4.8848377913 0.1314003750 4.2070332016 0.1656745132 23.8616402475 -647.4387387420 26.9024467551 6.8922879745 0.945972 -1.362852 0.484879 -3.401471 1.506286 -3.069443 0.010254 -0.240455 -1.613964 5.000000 -1.195646 0.944914 2.191912 -2.430338 2.684713 -0.244300 2.025031 -1.827738 -2.059060 2.419593 1.003745 0.277692 1.281522 1.054665 -2.308720 -4.426667 -3.363513 -3.576189 -4.437070 -1.294862 -1.056809 -0.078418 0.429952 -0.768718 -0.507808 0.146504 -1.994408 -1.427713 0.070833 -1.355891
2 68.3252610901 12.0000000000 3.0000000000 0.7708984848 67.0000000000 5.6293425606 0.8874303777 4.8848377913 0.1314003750 4.2070332016 0.1656745132 23.8616402475 -647.4387387420 26.9024467551 6.8922879745 -1.143762 -0.211725 2.671663 0.637331 -0.675191 -1.170537 -0.229840 4.483636 -5.000000 1.070272 0.464981 1.735224 -2.296425 4.228688 2.001886 -0.102830 0.319575 -1.432527 0.101046 -0.286675 1.887151 0.715288 -0.166898 1.355612 1.112121 0.445439 -3.057971 2.058422 -2.332518 -2.019123 -0.210536 1.024044 2.815456 -3.375393 2.942468 3.272926 -0.922790 -0.402725 -1.143633 -1.206598
3 67.8204341670 12.0000000000 3.0000000000 0.7708984848 67.0000000000 5.6293425606 0.8874303777 4.8848377913 0.1314003750 4.2070332016 0.1656745132 23.8616402475 -647.4387387420 26.9024467551 6.8922879745 -2.678778 -3.379306 -0.398655 0.515545 3.657641 -2.002003 -4.183382 0.293119 -0.932702 0.712446 -0.795759 -2.518447 -1.377757 1.605261 0.544782 -1.938353 1.743936 -2.892719 -1.072963 0.395841 -2.731280 -2.388889 0.031869 -0.160087 -0.501605 -1.130286 -2.205344 -1.564565 5.000000 -1.252162 3.011802 -1.174672 2.731706 2.464090 0.901778 -1.282820 -2.755192 1.931493 -2.568007 -2.549144
4 59.1765354338 12.0000000000 3.0000000000 0.7708984848 67.0000000000 5.6293425606 0.8874303777 4.8848377913 0.1314003750 4.2070332016 0.1656745132 23.8616402475 -647.4387387420 26.9024467551 6.8922879745 3.045684 2.923765 0.075312 -0.492394 -1.328595 0.702671 -0.968063 -3.026175 -1.527061 0.498406 -3.179617 -1.959052 0.245523 3.378584 0.355500 0.064012 3.866431 -2.124189 -1.465258 1.685483 2.153480 0.915381 -5.000000 1.478093 1.335002 0.092805 1.332155 2.815897 0.102298 -1.871950 -3.678219 0.127557 -1.427936 -1.123769 -2.264938 0.548582 1.471824 0.868637 -2.240082 1.778189
9 41.0436067212 12.0000000000 3.0000000000 0.7708984848 67.0000000000 5.6293425606 0.8874303777 4.8848377913 0.1314003750 4.2070332016 0.1656745132 23.8616402475 -647.4387387420 26.9024467551 6.8922879745 -1.022727 -1.385679 -0.367033 3.364755 5.000000 0.401923 0.752958 -0.386675 -1.072746 1.780730 -0.811541 -2.074878 1.278096 -0.313032 0.662786 0.642133 1.961978 1.273631 1.866525 -0.165367 -0.154993 0.820862 0.550555 1.050414 0.797416 4.386901 -0.318566 1.029418 0.336596 2.741060 -1.457601 -2.407808 2.458590 1.559100 0.431473 -1.463673 2.581637 0.910502 -1.142656 -0.930801
1005 47.3614919454 12.0000000000 3.0000000000 0.5275024734 67.0000000000 5.5894264237 0.8816024228 5.4838489595 0.0606149185 4.6443679466 0.0520737966 30.0725994101 -379.9628816823 25.4646339101 6.5035408691 -2.900708 -3.016688 1.568957 -0.593657 -1.542106 3.563205 1.363243 -2.640188 3.699488 -4.616537 -1.655105 -1.673161 -2.433594 1.341184 2.620697 4.209642 -0.873208 -2.952403 -1.778495 -1.434572 -4.735052 -4.090493 -3.598112 4.150303 1.560319 -2.418786 -3.822753 3.237764 -3.428684 1.813036 -2.944388 4.769060 -2.740595 -1.288183 -4.296313 -3.410084 1.217087 5.000000 2.877574 4.467028
evaluations raw_y rep iid sigma t d_norm d_mean ps_norm ps_mean pc_norm pc_mean ps_squared loglikelihood mhl_norm mhl_mean x0 x1 x2 x3 x4 x5 x6 x7 x8 x9 x10 x11 x12 x13 x14 x15 x16 x17 x18 x19 x20 x21 x22 x23 x24 x25 x26 x27 x28 x29 x30 x31 x32 x33 x34 x35 x36 x37 x38 x39
1 74.7539839682 13.0000000000 3.0000000000 0.5275024734 67.0000000000 5.5894264237 0.8816024228 5.4838489595 0.0606149185 4.6443679466 0.0520737966 30.0725994101 -379.9628816823 25.4646339101 6.5035408691 -1.424781 1.507533 -0.089006 0.903625 2.690203 1.064676 2.700376 1.722423 2.957371 -2.090754 -1.577978 -2.523212 1.125694 -0.486653 1.827481 0.634702 0.254607 4.300766 1.212577 -0.053543 -1.968322 2.381411 1.905661 -2.174363 -0.290423 0.475716 -3.278187 -0.556269 2.798477 -3.230216 0.981744 3.785484 -1.241959 -0.907505 0.434903 1.028658 0.794483 -3.025690 -1.528068 0.202540
3 50.0361276859 13.0000000000 3.0000000000 0.5275024734 67.0000000000 5.5894264237 0.8816024228 5.4838489595 0.0606149185 4.6443679466 0.0520737966 30.0725994101 -379.9628816823 25.4646339101 6.5035408691 1.629991 -2.370838 -1.537254 1.458331 1.531822 0.415600 -4.374231 1.443930 0.697501 -0.677237 -3.890781 1.661811 3.498484 1.002275 2.660634 -1.315035 0.369892 -1.302113 -2.241014 -0.693214 -1.822690 -1.492271 -1.541937 -0.827907 -0.583623 0.253545 -2.494672 0.634342 -3.636843 0.111384 0.161732 -4.639695 -0.682242 2.179692 0.901062 -0.988597 -1.093153 0.584053 0.308409 1.634611
127 48.4517072566 13.0000000000 3.0000000000 1.4899786648 8.0000000000 6.2255537750 0.9841383645 4.9544332104 -0.1489985395 4.5533835302 -0.1379285156 24.5464084361 -1091.0405799688 25.1534242214 6.3647076014 -5.000000 -4.263079 -2.376684 -0.045249 0.377891 1.019909 -5.000000 2.627845 1.806925 -0.090157 1.459986 -1.376652 -0.138878 -0.228996 -0.093134 0.750578 1.155958 1.210327 -2.977455 -1.393369 -0.353770 1.959624 -5.000000 4.355616 -4.587202 4.449448 -3.679977 0.888825 -2.783420 -2.297121 0.188357 -1.755663 1.835323 2.140669 0.077984 -1.899749 0.695560 -0.340192 -3.050529 -0.271374
133 46.5793286398 13.0000000000 3.0000000000 1.4899786648 8.0000000000 6.2255537750 0.9841383645 4.9544332104 -0.1489985395 4.5533835302 -0.1379285156 24.5464084361 -1091.0405799688 25.1534242214 6.3647076014 -3.881340 -1.187870 -1.900668 2.404748 3.168942 -1.698628 -3.661918 1.104501 3.842559 -1.993651 -2.688274 0.903311 3.100136 0.741330 5.000000 3.654219 2.231024 3.349942 -1.746969 -3.344890 -1.526581 0.933962 -1.671110 0.045352 -3.970081 3.784500 -3.223708 -2.675371 -0.868704 0.459284 2.587836 -1.994025 -2.637432 1.435479 -1.045164 2.978618 1.290017 1.864611 -5.000000 1.263006
879 46.4398599549 13.0000000000 3.0000000000 0.8168864726 58.0000000000 5.7111148998 0.9005455397 6.2008850228 0.2705488994 5.4307533626 0.1891682361 38.4509750661 -672.4745323301 26.1199715397 6.6525560942 -1.324803 -2.032638 -0.038850 -2.729842 3.320125 1.468429 -3.445576 -1.746097 3.216514 -3.405267 -0.802968 2.930079 -0.086596 4.256298 0.236668 2.215415 1.389266 4.131626 -3.533882 -1.567724 1.331707 -1.335213 0.305707 0.759752 -1.942573 -3.835351 0.448295 -1.131247 -4.304261 4.559707 -0.851743 -0.381344 -3.017989 -0.305815 -0.419513 1.662863 -2.043930 -4.335879 -2.119831 1.020996
960 44.1459290389 13.0000000000 3.0000000000 0.7690079887 63.0000000000 5.6615978838 0.8925222307 6.2448798289 0.1686678203 5.4204744837 0.1386938239 38.9985240780 -586.5892326835 24.2546453957 6.2008741569 -1.799591 -1.865551 -1.099216 -1.664987 4.273520 2.261536 -2.879896 -1.574744 4.530450 -4.632372 0.286305 3.644669 -0.156054 3.980425 0.008385 3.476632 1.832677 3.771935 -5.000000 -0.579927 0.558739 0.126407 -0.116593 0.349256 -3.530757 -2.376431 0.792946 0.753707 -4.581049 2.654280 -0.075647 -0.514163 -3.335163 1.475241 -1.259415 3.578923 -3.193964 -4.593020 -4.052141 3.790218
1005 82.7520603239 13.0000000000 3.0000000000 0.7436517133 67.0000000000 5.6234476483 0.8862915668 5.7682460513 0.1214141046 4.9827459592 0.1111662469 33.2726625081 -588.4941350189 25.5696396332 6.5045808638 0.392280 -2.000656 -1.042905 -4.213664 3.460727 3.829087 -2.800063 -2.445301 4.264300 -4.299529 -0.029428 1.666716 -1.806456 4.261741 0.206980 2.748003 2.045188 4.685196 -4.390570 -0.507716 0.438682 0.825926 0.757886 1.233040 -2.627437 -1.599610 0.813147 0.108102 -3.916372 2.527683 -2.489127 -0.555622 -2.792407 0.558541 -0.874968 3.982571 -2.395680 -4.172755 -4.730498 2.136457
evaluations raw_y rep iid sigma t d_norm d_mean ps_norm ps_mean pc_norm pc_mean ps_squared loglikelihood mhl_norm mhl_mean x0 x1 x2 x3 x4 x5 x6 x7 x8 x9 x10 x11 x12 x13 x14 x15 x16 x17 x18 x19 x20 x21 x22 x23 x24 x25 x26 x27 x28 x29 x30 x31 x32 x33 x34 x35 x36 x37 x38 x39
1 98.2595299654 14.0000000000 3.0000000000 0.7436517133 67.0000000000 5.6234476483 0.8862915668 5.7682460513 0.1214141046 4.9827459592 0.1111662469 33.2726625081 -588.4941350189 25.5696396332 6.5045808638 3.102678 0.158372 0.347953 -0.144673 -4.008659 0.289356 -3.002337 0.422219 -1.116410 2.169058 -0.372578 0.029323 -2.151139 1.284504 -0.360673 1.240601 1.621949 1.555872 -0.474979 -3.783825 -2.344244 1.672414 2.018547 2.586199 -1.098662 -1.963426 1.829346 1.746141 0.044222 -0.008287 -2.698252 -0.416436 2.653081 -1.832521 -0.940026 -0.298885 -0.650520 -3.611447 -1.000740 -1.129561
2 72.2499175284 14.0000000000 3.0000000000 0.7436517133 67.0000000000 5.6234476483 0.8862915668 5.7682460513 0.1214141046 4.9827459592 0.1111662469 33.2726625081 -588.4941350189 25.5696396332 6.5045808638 -0.628857 -0.793354 0.011866 -1.994276 3.382195 -0.632882 2.930269 2.927203 0.257823 -2.356486 -4.333018 -3.043626 -0.585776 0.320977 -1.565702 -1.034804 5.000000 0.550408 -2.423185 1.174485 -1.963673 -4.877099 0.272235 -1.615176 0.040162 3.519721 0.105795 -1.799621 3.176899 -4.352323 -2.434431 2.708939 2.954455 -0.652441 -1.567738 0.501862 0.467144 0.151110 -1.135736 -2.784895
8 52.3124129627 14.0000000000 3.0000000000 0.7436517133 67.0000000000 5.6234476483 0.8862915668 5.7682460513 0.1214141046 4.9827459592 0.1111662469 33.2726625081 -588.4941350189 25.5696396332 6.5045808638 -1.351581 -3.265244 -5.000000 -3.831654 0.721020 0.261158 -1.336746 0.196759 3.740590 0.027086 -0.884800 5.000000 0.425645 -1.139635 2.922818 -1.266542 0.315491 0.864494 3.249269 -1.143863 1.860439 -2.651710 0.084500 0.545703 1.034076 4.606336 0.039596 -0.002499 -0.393130 -0.344111 1.319211 0.740435 2.686968 -0.575729 1.784279 1.381397 0.608764 1.172018 0.801868 -0.098659
60 38.7964594586 14.0000000000 3.0000000000 1.7585512489 3.0000000000 6.2862758784 0.9938759380 4.8266230836 -0.1316416685 4.2738401359 -0.1117057712 23.2962903912 -1228.7927644684 26.2345178828 6.7046427730 -1.930858 -1.245344 -2.815930 -2.432467 -1.019863 0.363742 1.770301 -3.626307 0.166132 1.283311 -0.353507 -0.519848 -2.529256 -0.927968 5.000000 1.263708 1.048238 0.850009 0.681776 -0.169655 -1.019499 -3.636737 1.371286 -0.496124 -2.551922 1.187150 5.000000 -4.580393 -1.031725 -1.919302 0.432591 4.937634 2.548459 -1.392112 1.333938 -0.901651 -4.245507 -1.886825 1.315066 0.649603
77 37.6908082050 14.0000000000 3.0000000000 1.6766909091 5.0000000000 6.2596494232 0.9896121334 4.8173450194 -0.0035150490 4.4334144383 -0.0093943806 23.2068130358 -1181.9979038805 25.7226251847 6.5451797071 2.530585 -3.124973 -4.504836 -3.503064 -3.115047 -0.866162 1.694065 -5.000000 -1.539893 -2.191463 0.201249 1.864562 -2.532366 -4.647091 4.376998 3.761807 4.149054 1.037088 0.056302 0.662424 -2.549844 -4.369138 -1.847057 -0.066919 2.475119 1.298259 5.000000 0.336776 -0.921591 -1.804418 -0.415674 5.000000 1.903866 -0.013651 2.652890 -2.098828 -3.618749 -2.077315 1.857324 1.964387
1005 73.9871912365 14.0000000000 3.0000000000 0.9543793883 67.0000000000 5.6424511803 0.8888803554 6.5027215969 -0.0225428867 5.5133564382 -0.0412995260 42.2853881666 -753.8944231037 26.0720559642 6.6364514598 3.322765 2.209355 -3.231130 -1.175004 -0.813087 -1.481160 2.333429 2.841279 -0.154674 0.201545 -1.072363 1.139877 -2.824354 3.329041 1.493546 2.837709 1.756279 -0.646797 -1.790913 2.446000 -1.399289 -4.932342 -3.367274 2.277960 -3.392645 3.274407 -1.616415 2.372482 5.000000 -5.000000 -0.882380 5.000000 4.841149 -0.737913 3.815996 2.218107 -1.487289 -4.138062 1.722056 -4.597350
evaluations raw_y rep iid sigma t d_norm d_mean ps_norm ps_mean pc_norm pc_mean ps_squared loglikelihood mhl_norm mhl_mean x0 x1 x2 x3 x4 x5 x6 x7 x8 x9 x10 x11 x12 x13 x14 x15 x16 x17 x18 x19 x20 x21 x22 x23 x24 x25 x26 x27 x28 x29 x30 x31 x32 x33 x34 x35 x36 x37 x38 x39
1 104.8065750519 15.0000000000 3.0000000000 0.9543793883 67.0000000000 5.6424511803 0.8888803554 6.5027215969 -0.0225428867 5.5133564382 -0.0412995260 42.2853881666 -753.8944231037 26.0720559642 6.6364514598 -0.624657 0.678569 -0.311817 -1.003579 0.471138 -3.527211 -2.191724 -2.175531 -0.610340 -0.947497 -0.401189 0.710394 1.379035 0.821179 -1.129957 1.198781 -0.325873 3.200429 1.363254 0.029760 -0.175559 -1.964236 0.243381 -2.274875 0.698005 -3.717026 -2.334364 2.849794 2.993131 2.579864 -3.623491 -2.996614 -2.900286 -3.387814 0.454528 -0.979469 -0.001057 -0.980505 -1.586419 4.097798
2 64.0515935849 15.0000000000 3.0000000000 0.9543793883 67.0000000000 5.6424511803 0.8888803554 6.5027215969 -0.0225428867 5.5133564382 -0.0412995260 42.2853881666 -753.8944231037 26.0720559642 6.6364514598 1.206371 -1.996404 2.430083 -1.335033 -0.545012 2.833549 -1.565218 -0.500641 -0.616629 3.459376 3.956545 0.439376 3.789640 -2.736199 -0.382611 2.574515 -0.493768 0.685102 0.445434 1.363187 0.502898 -2.963698 -0.773644 -1.467361 1.171956 -3.471578 -1.653390 2.367668 0.710092 4.885700 -0.073851 -5.000000 1.982979 0.384486 -0.705585 -2.679046 -0.377345 1.193173 0.680909 0.166851
12 62.7302927484 15.0000000000 3.0000000000 0.9543793883 67.0000000000 5.6424511803 0.8888803554 6.5027215969 -0.0225428867 5.5133564382 -0.0412995260 42.2853881666 -753.8944231037 26.0720559642 6.6364514598 -0.854667 -0.678403 -0.041221 -0.595486 -1.691802 0.057348 -1.029766 -0.193198 -1.730454 2.699831 2.414204 2.311659 -2.243056 0.383239 -0.753085 0.013268 0.952650 1.619648 -1.773315 2.451549 2.560123 2.347332 -1.364301 0.405795 0.001326 -1.520205 -1.721485 -0.145301 -2.128895 -2.853926 -0.574206 -0.181115 1.717553 3.208782 -2.597197 0.486435 1.208428 -2.084840 -0.857500 0.092988
17 62.0164823378 15.0000000000 3.0000000000 1.8663326246 1.0000000000 6.3102104183 0.9977150165 2.5575822849 0.0417285712 2.1689262055 0.0353874017 6.5412271438 -1283.1764225901 26.8182989014 6.8312432534 1.133633 -3.090586 4.838224 -0.385988 -2.410552 3.699442 -0.642908 -0.873455 -0.667507 2.369576 2.478667 3.146421 -1.388214 -2.600289 -1.912025 3.565457 0.481515 0.411513 -2.318179 1.192656 0.108050 -2.111552 0.025453 0.766680 2.803487 -1.020778 -2.623826 0.870900 -0.616108 0.915450 1.275882 3.674971 -0.207029 0.584791 2.142902 -0.493509 -0.213258 -1.444583 -2.491424 -0.607317
53 55.0600922417 15.0000000000 3.0000000000 1.7081986178 3.0000000000 6.2827818859 0.9933358581 4.1872206522 0.0669710640 3.6681488820 0.0605369521 17.5328167903 -1203.9588471271 25.9603644757 6.6334161760 2.111679 -4.444048 4.977508 0.635680 0.991353 1.667274 3.902920 -0.980274 -3.896365 3.198645 -0.933150 0.088297 4.943360 -3.338392 -1.808305 -0.053799 -0.461129 -1.020596 -2.850778 4.928825 1.886399 0.124078 0.545342 3.695815 -0.819916 1.252112 0.037478 1.820025 -1.575148 -2.116496 -2.318521 3.067516 3.945302 1.122944 -0.808138 1.946784 0.579953 -5.000000 -1.894917 0.559810
58 51.7515509802 15.0000000000 3.0000000000 1.7081986178 3.0000000000 6.2827818859 0.9933358581 4.1872206522 0.0669710640 3.6681488820 0.0605369521 17.5328167903 -1203.9588471271 25.9603644757 6.6334161760 3.984339 -2.233956 0.131265 -1.165694 1.402287 0.052891 3.275967 1.182352 -2.588143 2.400917 1.945557 1.660055 0.767047 -1.593333 -3.222711 -0.376868 1.552906 0.739010 -2.584926 5.000000 -3.061101 2.689857 -1.842752 1.894614 -0.165208 1.771022 -5.000000 -0.112994 0.554999 -2.073909 -0.708959 0.235432 3.954894 1.587299 0.262083 0.911664 0.176498 -1.866527 -2.745035 -0.757624
87 50.8176766188 15.0000000000 3.0000000000 1.6659319617 5.0000000000 6.2632508531 0.9901801378 5.9337969059 0.1976277602 5.2496413068 0.1743680487 35.2099457206 -1175.1639804841 25.5162063348 6.5292048465 4.191978 -2.223192 1.085765 -0.938891 1.474953 1.199384 1.422630 0.653586 -3.728575 -1.957233 5.000000 1.446362 -1.134266 -2.243234 -0.060448 1.011867 4.630842 0.047492 -2.756186 1.425217 4.650136 2.958255 1.274129 -0.310135 1.339697 2.432954 -1.085622 0.858480 0.244593 -3.377815 -1.305008 1.942585 3.355703 0.137159 2.096645 1.996098 1.029146 -2.779086 1.048951 0.005576
124 47.6780254334 15.0000000000 3.0000000000 1.6033869254 8.0000000000 6.2323434951 0.9851785445 6.0152498875 0.1858942913 5.4693990175 0.1732064169 36.1832312088 -1172.1362599544 26.4707991934 6.7216592399 2.052704 0.233277 3.060187 -3.578909 5.000000 -1.496640 0.804283 -1.969040 -1.775631 2.313345 2.452220 0.836456 -1.941471 -3.959617 -5.000000 1.881423 1.735839 -0.003595 -3.057486 3.983345 5.000000 1.379466 2.328350 -3.205100 2.736156 2.926455 1.592258 4.976548 -1.624013 0.786283 -3.706430 -1.287872 4.923267 -0.836163 1.966944 -0.317442 3.314518 -2.757667 0.058566 -0.127968
130 44.7197117843 15.0000000000 3.0000000000 1.6033869254 8.0000000000 6.2323434951 0.9851785445 6.0152498875 0.1858942913 5.4693990175 0.1732064169 36.1832312088 -1172.1362599544 26.4707991934 6.7216592399 0.101243 -0.969977 1.542676 1.377347 5.000000 0.802754 -0.711889 -2.426629 -2.463966 -3.218687 2.474938 2.087575 0.617948 -2.189698 -4.185723 2.602950 2.697366 -1.790081 -5.000000 4.312182 4.748862 3.419843 5.000000 -3.790152 4.983483 4.906755 -0.630208 2.389090 -1.064302 -0.597516 -5.000000 1.278795 5.000000 0.517365 0.990796 0.230887 3.421038 -5.000000 -3.085879 -2.255874
461 42.9330632731 15.0000000000 3.0000000000 1.1108071612 30.0000000000 5.9969189999 0.9470868088 5.3133568547 -0.1218708815 4.8366206470 -0.0639489914 28.2317610650 -893.3175347294 25.6906187814 6.5463037930 -2.264218 0.987620 3.854964 3.262880 2.691751 0.420585 -1.451593 -1.833802 1.965782 -5.000000 0.127138 2.626191 -0.116421 2.561668 -5.000000 3.364680 4.201970 3.914409 -4.100331 1.285889 3.766389 4.149193 -0.110029 -2.258666 3.683307 4.778471 -2.938490 2.100130 2.680783 2.043964 -1.794332 2.574460 3.560830 -3.087739 3.302230 -2.458840 3.304500 -2.234601 -4.372355 2.060724
571 41.9223277721 15.0000000000 3.0000000000 0.9590151107 38.0000000000 5.9080741977 0.9327018466 5.1352993682 0.1441731189 4.6429961324 0.1269831585 26.3712996015 -773.8835537762 24.9668182644 6.3700544057 -2.141278 -1.167866 4.371030 2.905152 5.000000 0.791165 -3.878067 -3.017420 0.026476 -2.492005 -3.934985 4.254840 1.221374 2.906672 -3.194900 3.167565 4.215508 0.959762 -3.661028 3.195292 4.764494 5.000000 -1.469074 -5.000000 0.799863 3.998169 -1.936609 -1.420611 1.561221 1.586716 -3.444414 2.823164 4.863056 -1.200186 5.000000 -1.093827 1.113678 -1.193487 -2.795058 0.691741
683 40.9127924130 15.0000000000 3.0000000000 0.8650659168 45.0000000000 5.8404525434 0.9218530630 5.4067981915 0.0797638827 4.5807125388 0.0749030276 29.2334666839 -759.6403256056 27.3278076931 6.9965111858 -1.015222 0.130786 3.907831 0.148887 4.324751 0.889228 -1.150814 1.148548 -1.140176 -2.678093 -4.184865 3.854439 -0.084044 -1.016089 -3.292106 2.792584 5.000000 4.136344 -4.657574 3.597487 4.326781 3.490497 0.914860 -2.740656 1.847267 3.878643 0.039524 0.256512 1.476654 3.226808 -3.103940 1.369459 3.852435 -3.700035 4.340163 -1.473204 3.475353 -2.216811 -4.291919 0.399059
1005 81.3516220434 15.0000000000 3.0000000000 0.7639850085 67.0000000000 5.6304424414 0.8876554063 4.4716630909 0.0323220324 4.1347659827 0.0229997823 19.9957707987 -590.9058491700 24.8664750264 6.3598516186 -0.336475 -0.089684 3.056947 5.000000 3.216859 -0.574064 0.935472 -1.432319 -0.260555 -3.286056 -1.708500 1.562978 -0.290466 -1.996611 -2.212488 3.890884 3.392723 3.377677 -2.512732 3.724975 2.483038 4.669699 0.117871 -0.223931 1.393626 1.824158 0.108566 -2.268309 4.191761 2.455770 -4.629157 2.696448 2.724709 -3.643724 -0.409386 -1.415358 4.069879 1.581945 -3.284992 -3.400986
evaluations raw_y rep iid sigma t d_norm d_mean ps_norm ps_mean pc_norm pc_mean ps_squared loglikelihood mhl_norm mhl_mean x0 x1 x2 x3 x4 x5 x6 x7 x8 x9 x10 x11 x12 x13 x14 x15 x16 x17 x18 x19 x20 x21 x22 x23 x24 x25 x26 x27 x28 x29 x30 x31 x32 x33 x34 x35 x36 x37 x38 x39
1 87.2996246540 16.0000000000 3.0000000000 0.7639850085 67.0000000000 5.6304424414 0.8876554063 4.4716630909 0.0323220324 4.1347659827 0.0229997823 19.9957707987 -590.9058491700 24.8664750264 6.3598516186 0.255897 -3.056947 -1.188936 0.132661 -2.470990 -1.242737 -1.777896 0.997820 -1.573794 0.237487 -1.513726 0.986734 -1.678809 -2.030044 -0.685039 3.768928 -0.541826 -2.903439 -2.160318 5.000000 -0.440446 -0.178801 0.552683 3.224522 1.431930 1.317265 0.421482 -1.128887 0.280372 -0.676896 -2.809655 -4.973284 2.547087 2.159496 1.296805 1.112840 0.467075 -2.157691 -2.363922 -1.406480
2 74.8571333146 16.0000000000 3.0000000000 0.7639850085 67.0000000000 5.6304424414 0.8876554063 4.4716630909 0.0323220324 4.1347659827 0.0229997823 19.9957707987 -590.9058491700 24.8664750264 6.3598516186 -1.277032 -1.684140 -2.676349 1.159413 1.072829 3.086069 3.348664 -1.278580 1.097330 -0.166243 0.618127 4.020870 3.349421 1.006387 2.054518 1.270389 -0.343567 -0.442144 -1.458929 3.042315 -1.882076 -0.873356 -0.402930 -1.735154 3.106977 1.070189 -4.507749 -2.011533 1.743754 -1.067730 0.329807 0.507891 0.327217 -1.332258 -0.061314 0.204309 -1.674566 0.684482 0.213746 0.652277
5 67.3475592472 16.0000000000 3.0000000000 0.7639850085 67.0000000000 5.6304424414 0.8876554063 4.4716630909 0.0323220324 4.1347659827 0.0229997823 19.9957707987 -590.9058491700 24.8664750264 6.3598516186 -3.142300 2.719217 0.768025 2.743870 -0.679769 0.306433 -0.811641 -2.477117 0.731471 3.320709 0.595833 -0.377271 -1.067235 -2.362511 0.690623 1.427211 -0.570297 -0.657573 -1.099045 -1.877326 2.867636 1.666791 0.241682 -2.166164 -0.854145 2.104184 2.003532 5.000000 1.771628 0.300687 0.018955 -3.589009 1.684791 -3.365703 -0.158149 -0.671479 1.038498 1.414213 1.729558 1.420746
6 57.6116106599 16.0000000000 3.0000000000 0.7639850085 67.0000000000 5.6304424414 0.8876554063 4.4716630909 0.0323220324 4.1347659827 0.0229997823 19.9957707987 -590.9058491700 24.8664750264 6.3598516186 0.281552 1.508360 0.944979 -1.538335 1.532065 -0.538969 0.987418 1.642520 -0.602294 -1.874957 2.062306 -0.585025 -0.033816 1.795881 -1.150075 0.139165 0.910190 -2.084723 -1.514049 -0.118875 1.824351 -3.395477 1.239788 1.574325 -1.095537 -0.429030 -3.386488 1.351375 -1.339524 0.396289 -2.634645 1.767664 -1.386307 -0.326699 1.431115 0.261080 -1.885457 -0.087868 0.783315 -0.222682
21 57.1764955068 16.0000000000 3.0000000000 1.8594976297 1.0000000000 6.3099967411 0.9976867911 2.3598628239 -0.0818564067 2.0012526480 -0.0694173191 5.5689525477 -1241.8003057156 25.3134679131 6.4364470685 -3.010319 0.245622 -3.943749 -2.166798 -4.262043 -5.000000 1.791327 -2.878827 -0.554261 -2.465396 -0.561676 0.657589 -0.872153 1.045981 -4.165392 -0.938515 -0.599118 -2.492494 -0.573289 1.610427 1.977503 -4.208781 -1.262452 0.110564 -1.667751 0.451521 -2.996208 -0.867616 1.322305 -2.395892 -2.051558 0.651740 0.373080 -1.311740 5.000000 0.291648 2.563759 -0.371785 3.664450 -0.730597
64 53.1426706418 16.0000000000 3.0000000000 1.6669759832 4.0000000000 6.2750852244 0.9920860722 4.8374249389 -0.3245047512 4.2404513186 -0.2870765063 23.4006800391 -1219.4350108851 27.1427992023 6.9482871377 -0.880070 -1.772320 -2.456199 -0.464354 0.006139 -0.104339 -1.543912 -1.970794 -1.173657 0.221316 1.182102 -0.087103 0.020607 -2.615998 0.249948 4.115112 1.001571 -1.906186 -5.000000 -1.615609 4.106870 -4.011222 -2.631112 -2.957866 -1.132989 -2.031472 0.393049 1.681330 -0.197183 -0.843685 2.562225 1.553428 -1.555993 -0.962361 3.244823 1.051835 -1.790637 0.620257 -2.499264 1.118186
103 52.3711686151 16.0000000000 3.0000000000 1.6310105911 6.0000000000 6.2545950273 0.9887738264 6.1247112210 -0.2917525928 5.4916652356 -0.2750429618 37.5120875410 -1144.4979414749 24.8554481549 6.3458644220 -0.208788 2.580016 -5.000000 -1.245350 2.464605 -1.869366 -3.111738 -3.521238 -1.691949 0.943676 -1.372713 1.854012 1.103761 -5.000000 1.660210 3.511424 -1.399816 -1.373057 -4.090916 -3.438894 5.000000 -1.763848 -2.080109 -3.253989 0.408928 -1.423554 1.682846 -1.059700 -0.090229 -0.489161 -1.575620 3.751535 -2.332094 0.162148 1.083644 1.362053 -0.868004 -3.310789 -2.313574 1.410522
149 51.5687256943 16.0000000000 3.0000000000 1.5653979931 9.0000000000 6.2191779015 0.9830540158 5.2340114569 -0.1215441823 4.9015745358 -0.1393071513 27.3948759308 -1153.5105572511 26.4403009200 6.7302045254 0.973817 0.656732 -4.184370 -1.002605 0.464554 -2.730584 -1.199465 -3.967756 -1.981568 0.197724 -4.468416 0.103658 -3.311279 -4.385073 2.726362 3.299448 0.154613 -1.752291 -1.449456 -1.708898 3.065980 -5.000000 -1.012870 -2.531368 0.007998 -3.392955 -1.167719 2.783662 0.101351 3.311906 0.520375 3.406218 -1.709211 -0.748164 1.226402 2.272309 -3.987740 4.819061 -4.617144 2.313661
219 49.2669592871 16.0000000000 3.0000000000 1.5159394064 14.0000000000 6.1668776555 0.9745234270 5.6735915751 0.0900319293 5.4344581027 0.0500711504 32.1896413615 -1080.3955985978 24.6362082783 6.2707321610 -1.991938 1.155268 -2.663115 -0.309645 1.152717 1.741427 -2.413207 -4.497241 0.016716 -1.457434 -2.482566 -0.308442 -3.830567 -1.549712 5.000000 1.258553 0.880103 1.333528 -1.970189 -1.642694 4.212097 -3.121437 -2.537440 -2.322363 -1.473578 -3.758039 3.219328 0.205104 0.579316 3.158063 1.427765 4.483402 0.386813 1.823277 1.526142 3.508985 -3.646183 3.760044 -3.168151 5.000000
359 48.3963555807 16.0000000000 3.0000000000 1.2321714809 23.0000000000 6.0656048674 0.9582225774 4.5059011562 0.0836759673 4.1218877913 0.0833236197 20.3031452294 -965.8989636948 25.6364101753 6.5547693457 -2.508203 2.245651 -3.189740 -2.637386 2.989171 0.758452 -3.491269 -3.172268 -3.100004 2.441673 -1.710153 2.296834 0.569936 -2.759711 5.000000 2.211655 2.095795 0.880143 -2.330357 -0.969461 4.837840 -5.000000 -1.748409 -2.344473 -2.120739 -0.320061 2.658063 0.603992 2.415829 0.546081 -0.180424 1.133746 1.948107 1.557112 3.133071 4.293556 -2.093330 0.765000 -3.420789 2.615340
398 40.9459970618 16.0000000000 3.0000000000 1.1311293599 26.0000000000 6.0272359418 0.9520802646 4.5942960528 0.1475473499 4.0294349896 0.1478734825 21.1075562206 -909.8185649730 25.6821985359 6.5476921479 -2.165820 4.771839 -0.488338 -2.320198 0.102402 2.990430 -2.525523 -0.830353 -0.756544 -1.075279 -1.758905 -0.436595 2.071417 -3.081667 4.309724 2.260658 1.283382 -0.646599 -2.416983 -2.776024 3.866936 -2.655388 -0.130385 -0.855955 -1.129881 -0.987231 0.307279 0.560181 1.955172 0.440122 -0.605071 0.004719 2.397715 2.525205 1.269974 1.902207 -3.629448 0.592099 -3.318365 2.505741
981 39.3719315037 16.0000000000 3.0000000000 0.7193430062 65.0000000000 5.6264395285 0.8872357321 5.5034711221 0.1309589508 4.9856865471 0.1118184019 30.2881943920 -541.7675231541 24.2346688600 6.1623163094 -4.395447 4.346955 -0.589768 -3.762037 2.094029 4.246479 -1.848873 -3.090476 1.227746 -0.687490 2.672155 4.135521 2.182046 -2.952321 2.722922 -0.246552 -2.324947 -0.702695 -3.511277 -1.606218 3.964411 1.836654 -2.269090 -2.574130 -2.420015 -2.071515 0.990297 -3.708295 2.505315 0.211500 1.134942 3.475824 2.050675 1.709004 2.121956 2.558913 -1.871036 1.591009 -1.788215 -0.001165
982 38.7996419930 16.0000000000 3.0000000000 0.7193430062 65.0000000000 5.6264395285 0.8872357321 5.5034711221 0.1309589508 4.9856865471 0.1118184019 30.2881943920 -541.7675231541 24.2346688600 6.1623163094 -3.497065 4.344538 -1.386426 -5.000000 1.320192 4.214864 -2.280230 -2.233396 0.578091 -0.476785 2.462550 4.450670 1.901253 -2.818476 3.734511 1.299413 -1.020820 -0.456490 -2.862015 -1.486999 3.720251 2.626260 -2.057277 -3.198484 0.038789 -3.231549 3.098081 -5.000000 1.779451 0.511652 -0.339445 3.846373 2.754738 1.641820 1.813740 2.713114 -2.312716 1.245479 -2.619590 1.117246
1005 81.1207599646 16.0000000000 3.0000000000 0.7052702352 67.0000000000 5.6059384720 0.8839192596 5.5418503063 0.1995382005 4.8244262654 0.1612120474 30.7121048178 -563.4778578850 25.9577021363 6.6164896228 -3.184200 5.000000 -1.189906 -4.883424 2.080358 4.282314 -1.254136 -1.578703 1.650933 1.044960 2.008549 4.262580 2.551449 -2.902846 2.974158 0.864971 -0.549537 -0.214881 -2.852251 -2.340808 3.600782 2.839021 -1.256308 -3.059338 -0.590946 -2.147929 1.660146 -4.488840 1.950247 0.518099 2.080951 2.950511 3.820317 1.620607 2.394206 3.970359 -3.466362 0.796058 -1.594161 1.285259
evaluations raw_y rep iid sigma t d_norm d_mean ps_norm ps_mean pc_norm pc_mean ps_squared loglikelihood mhl_norm mhl_mean x0 x1 x2 x3 x4 x5 x6 x7 x8 x9 x10 x11 x12 x13 x14 x15 x16 x17 x18 x19 x20 x21 x22 x23 x24 x25 x26 x27 x28 x29 x30 x31 x32 x33 x34 x35 x36 x37 x38 x39
1 81.8583188621 17.0000000000 3.0000000000 0.7052702352 67.0000000000 5.6059384720 0.8839192596 5.5418503063 0.1995382005 4.8244262654 0.1612120474 30.7121048178 -563.4778578850 25.9577021363 6.6164896228 0.552532 -3.709256 1.247802 2.290623 2.074381 3.773278 -0.223397 -0.724203 0.297350 -0.875566 4.342514 2.304621 -3.637625 -0.276099 1.079679 -3.550565 2.629753 -0.946896 -2.184460 -0.500055 -1.964589 2.062538 0.982668 -0.893293 -1.612720 0.262536 -2.425120 0.319982 -1.510446 0.699792 1.955084 -0.277170 0.207713 0.601182 1.936411 1.739248 1.135566 0.930565 -2.330746 -4.071990
2 74.3104433299 17.0000000000 3.0000000000 0.7052702352 67.0000000000 5.6059384720 0.8839192596 5.5418503063 0.1995382005 4.8244262654 0.1612120474 30.7121048178 -563.4778578850 25.9577021363 6.6164896228 -2.310827 5.000000 0.253454 -1.388358 1.115349 0.198293 1.275852 1.406221 -1.832186 -1.572028 2.238364 -1.966792 0.489040 -1.162819 0.859128 1.596804 -1.220140 2.370808 -1.421668 -1.562258 -0.460746 0.240390 -1.576940 -5.000000 -1.591162 0.569164 1.045075 0.167109 5.000000 1.222016 -1.671888 -0.007392 0.786189 1.368990 1.550403 1.112006 -1.081960 3.048834 2.416770 0.102555
7 66.9347832338 17.0000000000 3.0000000000 0.7052702352 67.0000000000 5.6059384720 0.8839192596 5.5418503063 0.1995382005 4.8244262654 0.1612120474 30.7121048178 -563.4778578850 25.9577021363 6.6164896228 3.755210 -1.089194 0.752383 -1.422355 3.902081 -1.517984 0.458543 2.813668 -2.138826 -2.438873 1.270318 -1.279799 3.200119 -1.461064 -2.019237 -2.005173 0.136367 -4.189160 0.408009 0.776285 -3.514157 -0.964879 -1.015452 2.777333 0.121109 -0.097860 -1.097594 2.150946 1.666834 -2.951673 1.494247 2.005165 0.451703 1.950551 1.476965 -3.078047 -1.229342 0.416296 -0.375803 -1.726339
17 66.1908721096 17.0000000000 3.0000000000 1.8725327316 1.0000000000 6.3114999104 0.9979149041 2.7363106801 -0.0014491569 2.3204946232 -0.0012289396 7.4873961383 -1272.5440545744 26.3227017707 6.7315347749 3.408716 -0.593866 1.774487 0.580647 3.138860 -1.073709 -5.000000 -1.784613 0.134726 1.162834 0.564617 2.136383 2.246445 -1.319573 0.422691 -1.201823 -0.468028 -5.000000 -1.168419 0.551696 -2.420476 3.169479 0.092983 3.649737 3.657014 -3.065804 -3.069340 -0.290717 3.347505 1.028834 -3.406773 0.723373 -1.552463 0.815784 0.494212 -0.752397 -0.078731 -0.442507 0.339190 -0.658894
18 63.5838319455 17.0000000000 3.0000000000 1.8725327316 1.0000000000 6.3114999104 0.9979149041 2.7363106801 -0.0014491569 2.3204946232 -0.0012289396 7.4873961383 -1272.5440545744 26.3227017707 6.7315347749 -0.023867 -0.088512 -1.639220 -1.136992 -1.632778 2.942590 -1.787017 1.372364 0.537227 -0.265734 -1.463670 0.719320 2.313272 2.652275 2.348236 -0.790183 -2.954293 -1.474318 -1.282231 -2.849956 -2.858771 4.686554 1.126719 -0.705851 1.187021 3.113164 -4.443076 2.549056 1.352526 -0.513986 3.131497 -5.000000 -5.000000 1.532766 -3.751865 0.600200 -2.163829 4.672168 -0.985157 -2.314708
25 61.7444107854 17.0000000000 3.0000000000 1.8725327316 1.0000000000 6.3114999104 0.9979149041 2.7363106801 -0.0014491569 2.3204946232 -0.0012289396 7.4873961383 -1272.5440545744 26.3227017707 6.7315347749 2.736331 2.176356 1.210090 0.974403 4.918616 2.175195 3.131747 -0.287011 -0.247562 -1.042170 2.500993 -0.633669 0.967807 -0.223374 1.824971 -0.668779 -1.973459 0.474472 2.254557 -1.186428 -1.169164 1.441323 1.434340 -1.550327 -0.189281 0.048601 -3.025082 -0.250631 3.010479 -1.422590 -1.197159 -0.334120 1.559244 -0.740839 0.065023 0.196368 0.285299 3.105614 -2.433512 -1.522818
30 60.5700698333 17.0000000000 3.0000000000 1.8725327316 1.0000000000 6.3114999104 0.9979149041 2.7363106801 -0.0014491569 2.3204946232 -0.0012289396 7.4873961383 -1272.5440545744 26.3227017707 6.7315347749 2.496700 0.198794 0.927838 -3.805425 2.629915 -0.773709 -0.682267 0.989915 4.179415 -0.183356 4.452670 -3.013116 0.996904 -3.985058 2.408638 0.230215 -3.398586 -2.780987 2.358846 1.491124 -0.957463 -0.817641 -0.454115 2.749910 1.805875 1.436369 -1.469465 0.485116 -1.334635 -1.592040 1.154743 -3.796499 0.961155 -1.120466 -0.070232 -3.135187 -2.319511 2.672218 -3.810511 3.288323
31 55.1728470665 17.0000000000 3.0000000000 1.7977680218 2.0000000000 6.3002847463 0.9961157567 4.0894348082 0.0543325117 3.5285060124 0.0455686152 16.7234770506 -1266.2221708086 27.0311534074 6.9098780210 4.646579 -0.862928 1.870011 1.449902 3.700956 0.672078 -4.066720 -1.134911 3.387459 -2.889515 3.721349 0.075741 3.561567 -2.175997 0.359738 -2.067718 -1.550205 0.468743 1.529795 1.465908 -5.000000 1.061262 -2.075533 -1.459140 2.723237 1.698034 -1.400958 0.409576 -0.680920 0.247714 3.916528 -4.306114 1.432749 -0.384716 -0.263509 0.815451 0.053149 2.416485 2.604182 5.000000
42 51.0560386635 17.0000000000 3.0000000000 1.7977680218 2.0000000000 6.3002847463 0.9961157567 4.0894348082 0.0543325117 3.5285060124 0.0455686152 16.7234770506 -1266.2221708086 27.0311534074 6.9098780210 -0.613234 1.792820 3.447956 -0.340564 -1.569609 -1.729741 -0.388176 -1.616031 2.137601 -1.338946 0.194140 1.443105 -0.577700 -0.792201 1.310547 -0.345939 -3.848385 -2.292863 5.000000 2.396392 0.817762 -1.576353 1.967139 3.169574 0.660639 -0.247658 -1.820830 -1.148547 -0.342922 -0.109978 1.968158 -2.709285 1.038209 0.036714 1.153585 -2.936667 -4.432011 2.287792 -2.557604 0.325543
58 47.4280226526 17.0000000000 3.0000000000 1.7486603666 3.0000000000 6.2901943969 0.9944868470 4.7926971300 0.0414335963 4.1992867358 0.0367492783 22.9699457804 -1228.3912193863 26.2950976763 6.7567754638 0.449085 1.480592 5.000000 1.481388 0.934717 3.538211 -1.631414 0.629200 -0.406220 -2.782698 1.162498 0.015195 -0.480005 -1.171941 0.990505 0.044374 -2.473609 -1.352809 4.008487 2.435377 -3.620448 0.009218 -0.050697 -2.434221 1.760779 -0.153469 -5.000000 -0.566533 -2.507228 -1.472010 2.470372 -2.973290 2.436917 0.890176 0.091989 -2.331066 -2.112739 0.285336 -2.623645 0.390419
628 46.8474966729 17.0000000000 3.0000000000 1.1009110229 41.0000000000 5.8944489606 0.9303004873 6.0311229398 -0.1704912087 5.3960913663 -0.1759681949 36.3744439148 -852.0623062457 24.8019566489 6.3405285126 3.372164 5.000000 -5.000000 -2.868479 1.133268 2.101771 -0.453414 -4.310025 3.238507 0.409419 -2.520674 0.390563 -2.394574 -0.244353 -1.030607 -1.523569 -2.501958 -3.168260 0.446057 -3.064138 -2.534054 2.167696 2.719996 -0.741334 -0.424234 -1.091836 -2.217958 -3.098414 -1.867864 -4.046945 2.073360 -0.393397 -4.527403 1.911433 -3.686337 -4.540090 -1.762283 -0.056451 -1.741803 3.315124
668 40.6752007218 17.0000000000 3.0000000000 1.0542576769 44.0000000000 5.8616522463 0.9249802430 4.9823715975 -0.0561028095 4.3998553798 -0.0732030319 24.8240267355 -851.8526617483 26.2081562562 6.6573106421 2.422406 4.637639 -3.682641 -3.802121 1.400912 2.436026 0.215628 -3.879423 2.028699 2.015244 -1.816121 -1.104121 -2.231394 -1.016492 -1.412327 -1.159355 -4.019512 -3.970853 0.476069 -3.316762 -1.950441 1.917271 1.012803 -2.732432 -1.321394 0.024196 -4.029888 -4.501826 -3.035131 -4.778970 2.315960 -0.183462 -0.190496 -1.225860 -3.457314 -2.710518 -3.439214 -1.426106 -1.680928 3.705387
1005 54.9729983506 17.0000000000 3.0000000000 0.7375653430 67.0000000000 5.6238458749 0.8864963564 6.5736548569 0.0609671710 5.8940752631 0.1236592990 43.2129381778 -570.2015448864 24.9381478146 6.3888034980 2.557058 2.250739 -0.959590 0.492319 2.239415 0.555254 -0.630419 -4.964007 0.076813 1.339437 -2.955061 -2.673525 -0.744134 -0.081707 0.219491 -4.437416 -1.785358 -1.559430 1.584799 -2.479754 -2.977515 0.247140 2.844841 -3.654973 1.494413 1.685254 -0.200560 -2.452902 -1.272850 -2.669349 1.867510 -1.019553 2.756192 -0.511167 -2.933623 -3.842176 -2.184592 1.619489 -3.660889 3.864022
evaluations raw_y rep iid sigma t d_norm d_mean ps_norm ps_mean pc_norm pc_mean ps_squared loglikelihood mhl_norm mhl_mean x0 x1 x2 x3 x4 x5 x6 x7 x8 x9 x10 x11 x12 x13 x14 x15 x16 x17 x18 x19 x20 x21 x22 x23 x24 x25 x26 x27 x28 x29 x30 x31 x32 x33 x34 x35 x36 x37 x38 x39
1 70.4373239330 18.0000000000 3.0000000000 0.7375653430 67.0000000000 5.6238458749 0.8864963564 6.5736548569 0.0609671710 5.8940752631 0.1236592990 43.2129381778 -570.2015448864 24.9381478146 6.3888034980 0.158857 4.380405 -0.269784 0.321036 0.885396 1.246783 2.017807 0.788498 -0.672773 -1.291813 1.610915 0.832886 1.149239 -2.203343 -1.989514 2.691039 1.163736 1.074477 4.134094 -0.580648 1.202730 -1.129054 -2.335903 -2.044004 1.767039 -1.067489 -2.700864 0.460188 1.789710 2.741520 4.927403 2.255803 -1.638428 0.134928 2.154433 -1.107090 1.355235 2.082987 -3.502844 0.237339
3 62.1106452235 18.0000000000 3.0000000000 0.7375653430 67.0000000000 5.6238458749 0.8864963564 6.5736548569 0.0609671710 5.8940752631 0.1236592990 43.2129381778 -570.2015448864 24.9381478146 6.3888034980 -0.174362 1.644271 2.495598 3.301620 1.700529 -1.598621 -3.629665 0.715032 5.000000 -0.919494 0.630584 -1.754030 2.037075 -4.383478 3.329803 -0.372067 2.385558 4.724396 -3.123623 -1.119754 -2.409913 1.493696 2.317411 1.418015 2.406870 0.207203 -1.770732 -0.875081 0.719683 0.534531 -0.005894 2.677875 -3.713073 -1.457597 0.989475 0.064753 2.110180 -1.080551 0.684843 -1.378653
8 61.9532866728 18.0000000000 3.0000000000 0.7375653430 67.0000000000 5.6238458749 0.8864963564 6.5736548569 0.0609671710 5.8940752631 0.1236592990 43.2129381778 -570.2015448864 24.9381478146 6.3888034980 2.927242 -0.300644 -4.410839 -0.452569 -1.692160 -2.553686 -1.721457 0.248585 -3.780428 -0.698822 0.702450 -2.014212 0.408729 -0.055282 0.823357 1.427780 -2.469272 1.655109 -0.514712 -2.837529 -2.981342 -1.776009 0.852345 -2.127522 -0.215725 -3.755300 1.391374 -1.931037 -2.127688 -1.769133 1.250241 0.941507 -2.585614 0.888226 -0.112072 -1.421698 -0.972943 0.197319 -1.145406 -0.874721
23 61.3984053343 18.0000000000 3.0000000000 1.8734096856 1.0000000000 6.3125650674 0.9980858492 2.7615425560 -0.1196833756 2.3418922052 -0.1014960149 7.6261172883 -1298.8559271832 27.2841062396 6.9860707884 -1.155197 0.487887 -2.661992 -0.956928 -2.162524 -1.778869 -4.066399 -0.651580 1.247669 -0.166356 0.863338 -4.098392 1.711997 -3.082731 -1.427838 0.968930 -2.892647 1.852915 -1.098137 -4.866905 2.282528 1.125689 -1.327641 -2.953962 1.273778 -0.657635 -3.354488 0.454183 -0.753005 2.691185 0.951666 0.124141 -0.085308 -1.690112 -3.307301 3.231776 -2.043187 -2.655372 0.256347 -2.422538
25 50.6411065999 18.0000000000 3.0000000000 1.8734096856 1.0000000000 6.3125650674 0.9980858492 2.7615425560 -0.1196833756 2.3418922052 -0.1014960149 7.6261172883 -1298.8559271832 27.2841062396 6.9860707884 0.822696 0.217056 -0.644060 0.678284 -3.043626 0.264433 -1.888385 1.493113 -0.963696 1.584902 0.017612 -2.036192 -1.580014 2.505812 3.528407 -0.749669 3.422715 0.929351 -1.597484 -4.082001 1.601766 3.232185 1.132067 -0.781327 0.435263 -1.015757 -1.243863 -3.358407 -2.138872 -1.991312 0.977569 1.338974 -1.128869 -1.559977 0.448518 2.789077 1.153761 -0.765640 -1.688263 -1.329392
42 49.0361505242 18.0000000000 3.0000000000 1.8075970884 2.0000000000 6.2991492910 0.9959433015 4.3580341262 -0.1600135228 3.7555579407 -0.1394147145 18.9924614451 -1257.7833317952 26.6429798423 6.7659859197 2.567717 -2.092072 -0.089596 1.064877 -1.600714 1.316459 -2.526421 -0.259011 0.571487 1.500842 -0.303885 -3.777225 3.162064 -0.816881 -0.308415 2.126210 2.492888 -0.398586 -2.024339 -3.256162 -0.106869 3.734625 2.291971 -5.000000 -1.803618 -1.572801 0.729355 -0.955754 -1.983798 2.084884 5.000000 -1.296725 2.024349 1.421883 1.967672 2.912914 1.015191 -4.408646 -2.952986 0.177381
67 46.7132418063 18.0000000000 3.0000000000 1.6908893251 4.0000000000 6.2740038301 0.9919212106 4.6572031020 -0.0333525050 4.1711931417 -0.0375515295 21.6895407335 -1193.8788717752 25.8855629763 6.6143927232 2.160274 0.251435 2.123258 -1.339518 -2.696021 5.000000 -1.857239 2.163221 1.263654 1.595707 -0.882914 -2.500910 1.551394 -0.070784 0.607550 0.254170 2.497538 1.210070 -0.970829 -3.986758 0.957030 3.146686 -1.260421 0.196850 0.073064 0.480196 2.539010 2.206712 -0.125507 1.875878 -1.176519 -1.264319 0.712396 1.801682 1.530794 3.128705 -1.572094 -3.191567 -0.884970 1.015286
315 41.1004626955 18.0000000000 3.0000000000 1.3327666332 20.0000000000 6.1004170407 0.9638374275 6.2455507817 0.1385138064 5.4555510004 0.1425855624 39.0069045665 -999.6093724777 24.8260897932 6.3241442510 1.525845 -1.262192 1.803387 -1.776981 -0.218233 0.263481 -2.333842 2.499138 3.187619 2.713845 -0.084514 -1.832110 5.000000 4.654775 -0.285137 -0.631940 2.999946 2.108029 -1.036847 -1.330260 1.181286 1.887514 -0.583036 2.950607 1.556707 -5.000000 5.000000 -3.501495 2.313676 2.997225 2.701536 -1.980267 -1.706738 4.144037 -0.655179 3.557948 -4.901638 1.275984 -1.113187 1.499288
810 40.2316137375 18.0000000000 3.0000000000 1.1775278848 53.0000000000 5.7814160247 0.9114696816 6.4713197666 0.2050877417 5.5556637929 0.1569569992 41.8779795222 -923.5482123430 26.9986984039 6.8919163283 -3.357007 -3.816204 3.502920 1.833636 1.422433 5.000000 0.764858 -0.888711 -1.414880 2.236204 1.718961 -1.340088 2.769713 1.375200 2.434130 -2.879059 2.477835 1.005343 2.909562 2.180154 1.340158 -0.660238 0.401475 1.686571 -3.379260 1.026813 1.115632 1.525111 -0.917791 -1.013440 0.282755 0.795066 -4.189187 1.547174 0.927265 -0.032146 -5.000000 0.251977 2.609879 0.774217
892 37.7819560680 18.0000000000 3.0000000000 1.1510760326 59.0000000000 5.7271534522 0.9026112271 5.2241333037 0.0193025322 4.7420892871 0.0186133171 27.2915687752 -904.2842636918 26.9812606880 6.8898020648 -2.128231 -1.201791 3.971486 3.345436 0.684324 3.983922 2.670403 -3.681237 -0.298891 3.828088 -0.441553 0.404498 3.507187 0.959611 2.929621 -1.299486 0.439707 0.502541 4.376362 5.000000 3.356644 -0.192572 1.459263 -0.088483 -1.832223 1.412714 -0.929059 2.219032 0.479609 -1.222246 2.223961 0.724205 -2.893018 1.430088 1.933009 1.540670 -1.993305 2.732798 -0.206403 -0.501431
1005 85.2004161745 18.0000000000 3.0000000000 0.9766167255 67.0000000000 5.6535365880 0.8905262939 4.6509797509 0.1052735589 4.4299798507 0.0892348580 21.6316126429 -745.5752696250 24.9023908115 6.3482725733 -2.434620 -1.767512 3.970916 4.419232 2.192391 2.855130 2.294721 -2.837225 -3.519971 4.186826 -0.241716 -1.340908 3.471751 0.164994 2.158884 -1.648805 1.911247 1.583153 4.843214 2.608752 2.363272 -1.647909 2.858557 -0.207383 -3.197009 0.855993 0.388002 -0.125330 0.845172 -1.031454 1.900505 2.851160 -4.349468 2.511186 2.448839 0.746862 -2.040099 1.796754 2.880626 -1.825519
evaluations raw_y rep iid sigma t d_norm d_mean ps_norm ps_mean pc_norm pc_mean ps_squared loglikelihood mhl_norm mhl_mean x0 x1 x2 x3 x4 x5 x6 x7 x8 x9 x10 x11 x12 x13 x14 x15 x16 x17 x18 x19 x20 x21 x22 x23 x24 x25 x26 x27 x28 x29 x30 x31 x32 x33 x34 x35 x36 x37 x38 x39
1 111.9043157299 19.0000000000 3.0000000000 0.9766167255 67.0000000000 5.6535365880 0.8905262939 4.6509797509 0.1052735589 4.4299798507 0.0892348580 21.6316126429 -745.5752696250 24.9023908115 6.3482725733 0.442007 -0.680930 -1.155497 -0.808063 -1.206579 -0.487705 2.070687 1.161507 0.504827 -2.925092 -3.096683 0.530545 -0.001792 -2.031985 0.223979 -2.383904 3.111088 -1.866600 1.053068 -0.299929 1.045571 2.684310 3.117043 2.511988 1.817207 -1.681803 2.011170 -2.047608 0.363548 -0.833362 3.956817 3.834889 -2.062014 -0.966624 -1.290160 0.120696 1.095861 1.690297 -2.414363 0.749681
2 78.7343786993 19.0000000000 3.0000000000 0.9766167255 67.0000000000 5.6535365880 0.8905262939 4.6509797509 0.1052735589 4.4299798507 0.0892348580 21.6316126429 -745.5752696250 24.9023908115 6.3482725733 1.884696 -0.702528 0.919470 -0.097033 0.830964 -1.403752 0.370929 0.936700 0.079047 1.432281 -0.963377 -0.104982 -0.544557 0.615971 -3.521307 2.300448 -0.435462 -2.441175 -0.687231 3.097524 -0.415951 -0.483348 -0.249192 1.121828 2.617625 1.896513 1.583996 -0.380984 -0.014522 -1.350757 -1.515831 -2.504505 -1.530213 2.654848 0.492101 0.135669 -1.362209 -0.242765 -1.653856 -2.964715
3 70.0176263703 19.0000000000 3.0000000000 0.9766167255 67.0000000000 5.6535365880 0.8905262939 4.6509797509 0.1052735589 4.4299798507 0.0892348580 21.6316126429 -745.5752696250 24.9023908115 6.3482725733 0.904479 0.916412 2.467994 -2.345355 1.446211 0.625442 2.493022 -2.886419 -1.060698 -2.177859 -0.437805 0.407340 1.486318 0.883542 0.659916 0.806712 -1.806701 -0.101681 2.106765 -2.779372 -3.154332 1.137469 -2.110791 -2.462959 -0.487851 -0.472062 1.172666 -3.678947 -2.594238 -2.617865 -1.325683 0.350740 -3.289920 1.706522 0.341217 -3.320893 4.198935 2.542746 -1.417901 0.352400
6 51.2814604520 19.0000000000 3.0000000000 0.9766167255 67.0000000000 5.6535365880 0.8905262939 4.6509797509 0.1052735589 4.4299798507 0.0892348580 21.6316126429 -745.5752696250 24.9023908115 6.3482725733 -2.852197 2.753943 0.584211 0.997895 2.198996 0.747925 2.332179 1.900287 1.480360 1.815100 -2.400208 -1.378884 0.827646 -0.695475 0.630636 3.411335 0.291518 -2.854247 1.817775 -1.098493 3.188779 1.203599 -1.296939 -1.029604 1.245426 0.898566 -3.179810 -2.194255 -0.729907 0.668714 0.026888 -2.029729 -3.311668 2.534671 -0.566250 -2.614393 -0.273734 -3.334760 -0.653283 1.538526
35 50.0185755699 19.0000000000 3.0000000000 1.8268901012 2.0000000000 6.2987868226 0.9958806744 4.2326071707 0.0232653236 3.6568598006 0.0188919297 17.9149634611 -1251.7008392667 26.1666783575 6.6827265882 -1.695792 3.954333 0.834209 -2.131815 -0.706464 1.216419 3.047034 -2.501568 1.526639 1.901710 -1.984092 2.694414 0.863427 1.206206 2.864023 -1.991712 -4.755842 -1.053363 1.344027 -5.000000 3.582194 1.429520 1.194311 0.832739 0.787270 -0.510464 1.813563 2.950505 -0.691847 -1.724095 -2.130314 0.537393 -3.792343 0.702839 0.839829 0.780014 -1.485244 -2.594509 -1.164946 0.775739
176 43.0023276450 19.0000000000 3.0000000000 1.5205006537 11.0000000000 6.1937978433 0.9789880558 6.0762744765 0.0416144872 5.6908435505 0.0229409712 36.9211115138 -1088.9265730514 24.6971824567 6.3329001204 -0.039474 4.862715 -2.807491 -2.290564 0.517574 5.000000 4.086502 -4.824828 3.488978 1.752085 1.957439 1.062897 4.796706 0.364868 -2.451397 -3.185257 2.386573 -0.082372 0.857517 -3.723879 4.577113 0.737229 -0.326370 -1.447747 -0.812135 -5.000000 0.876090 3.870894 -2.558332 -1.997856 -1.861951 -1.143637 -3.011416 2.279294 -0.253208 1.021496 0.359907 -1.088264 -0.979575 -2.034665
380 42.7439701540 19.0000000000 3.0000000000 1.1938510547 25.0000000000 6.0432963676 0.9547068526 6.1667585447 0.0120212533 5.5723299429 0.0085500222 38.0289109489 -966.3163848722 26.5707513796 6.7650578195 3.198858 3.126878 -1.438268 -2.415503 0.051208 2.709541 4.207340 -3.084623 2.831723 0.897333 3.343117 1.154612 1.204625 1.802421 -3.317592 -0.562131 0.380598 2.743535 -2.242273 -4.346758 2.009421 -1.111923 1.336637 -4.757841 -5.000000 0.111364 -0.815620 1.182751 -3.092330 5.000000 -1.361006 -2.074698 -1.403931 1.344748 -0.064423 0.766896 1.431818 0.365452 -1.316318 1.825760
614 38.2821071808 19.0000000000 3.0000000000 1.1378679711 40.0000000000 5.8975000812 0.9307812348 5.7078498922 0.2132723477 5.1783446735 0.1795029416 32.5795503913 -832.2588243623 23.0532492282 5.8687340065 -1.444392 3.364933 -1.620321 -1.295123 2.084530 1.762644 4.197955 -3.074612 -3.107715 1.943383 3.952867 3.991956 4.271798 4.915121 -1.516871 -1.076177 1.985097 3.795893 -2.741418 -4.708163 4.105358 -2.437301 1.420542 -3.601975 -3.020185 -4.452491 -1.401697 0.657604 -3.393595 3.654301 -1.831000 0.505001 -0.784773 0.625349 -2.750244 3.486632 -1.720047 1.563458 0.321301 -0.107719
1005 76.2909603509 19.0000000000 3.0000000000 0.8416193709 67.0000000000 5.6379653165 0.8884942679 5.2514533519 0.1868493340 4.6336402363 0.1605598570 27.5777623076 -707.3968408236 27.2702513529 6.9888255858 -0.928285 3.151693 -1.228323 -1.102960 0.940596 2.981582 4.979308 -3.378701 -1.104940 3.362941 4.318347 3.766233 2.856455 3.395453 -2.229073 1.029503 2.881726 0.952163 -5.000000 -4.152900 4.552419 -2.162525 1.106934 -4.571222 -0.656783 -3.121117 -0.229440 0.892716 0.982365 4.165487 2.150843 -1.155476 1.011324 -3.643718 -3.095144 2.512030 -4.104961 3.853803 3.270344 0.425039
evaluations raw_y rep iid sigma t d_norm d_mean ps_norm ps_mean pc_norm pc_mean ps_squared loglikelihood mhl_norm mhl_mean x0 x1 x2 x3 x4 x5 x6 x7 x8 x9 x10 x11 x12 x13 x14 x15 x16 x17 x18 x19 x20 x21 x22 x23 x24 x25 x26 x27 x28 x29 x30 x31 x32 x33 x34 x35 x36 x37 x38 x39
1 60.3313874325 0.0000000000 4.0000000000 0.8416193709 67.0000000000 5.6379653165 0.8884942679 5.2514533519 0.1868493340 4.6336402363 0.1605598570 27.5777623076 -707.3968408236 27.2702513529 6.9888255858 3.528105 0.800314 1.957476 4.481786 3.735116 -1.954556 1.900177 -0.302714 -0.206438 0.821197 0.288087 2.908547 1.522075 0.243350 0.887726 0.667349 2.988158 -0.410317 0.626135 -1.708191 -5.000000 1.307237 1.728872 -1.484330 4.539509 -2.908731 0.091517 -0.374368 3.065558 2.938718 0.309895 0.756325 -1.775571 -3.961593 -0.695824 0.312698 2.460581 2.404760 -0.774654 -0.604606
17 58.8737306851 0.0000000000 4.0000000000 1.8971953925 1.0000000000 6.3131438824 0.9981733927 3.4414418276 0.0424700904 2.9184724217 0.0360162379 11.8435218525 -1296.4382776514 26.8686146752 6.8274358174 -1.600233 0.249580 2.303077 5.000000 -1.621717 -0.649720 3.217882 1.294554 -0.846168 -0.392088 0.162158 1.059167 1.637519 0.688701 -4.356625 1.013082 -0.182978 -0.444494 0.176829 -0.743649 -3.209489 3.162236 1.153977 -2.256167 2.034484 -2.603490 0.194078 0.551586 -1.419095 2.186930 2.790442 -2.939200 -1.888416 -1.873683 -0.050197 -0.943600 3.904136 -4.012417 -1.075605 -0.884212
20 49.1829311298 0.0000000000 4.0000000000 1.8971953925 1.0000000000 6.3131438824 0.9981733927 3.4414418276 0.0424700904 2.9184724217 0.0360162379 11.8435218525 -1296.4382776514 26.8686146752 6.8274358174 -0.187491 2.123261 3.140667 -0.657726 2.248572 0.024877 -1.777865 0.314295 -2.450477 -1.061128 2.612422 -1.481499 1.675746 -1.037310 -0.927660 0.963483 -0.464625 -3.558075 -0.712836 -0.125760 -3.040353 2.046342 2.388975 -3.000472 0.430038 1.135724 0.110383 -2.659300 -2.160336 2.680331 -2.073654 2.137536 -0.044266 -2.316205 0.798353 -0.713269 1.320352 -0.040643 1.599747 1.298315
189 46.9480031948 0.0000000000 4.0000000000 1.4556482375 12.0000000000 6.1816880603 0.9770580284 5.1229586608 -0.0642215473 4.8607757632 -0.0766056488 26.2447054401 -1022.9079569002 23.0715179179 5.8828806792 -0.642196 -1.113808 2.411964 3.840682 -4.527601 -2.862954 -3.614100 4.865207 -1.464288 2.029219 0.740706 2.306185 -2.228861 4.300146 -4.662472 1.542299 -0.960908 -1.074113 1.387097 -2.175076 -3.714820 -1.406393 -1.402253 -0.593159 -0.425280 -3.427043 -1.048909 -1.000109 1.492887 3.357993 0.767180 -0.055191 -2.382512 2.622305 -1.842932 3.008089 3.064908 -1.597886 0.438503 -0.326509
371 46.5070000955 0.0000000000 4.0000000000 1.1200286488 24.0000000000 6.0510555556 0.9560260023 6.4147803137 0.3066750210 5.8629863672 0.3038964471 41.1494064729 -883.4752187917 24.6007179945 6.2998097255 -0.503133 -1.291683 2.483267 3.114266 -4.458913 -1.362278 -1.246075 0.534068 2.887438 3.238748 1.394240 1.354721 -1.639265 4.186744 -2.666660 0.301578 4.868758 0.628381 -1.158085 -3.454364 -2.772901 -1.107305 -1.052254 -3.499474 -0.060969 -1.502624 2.378266 -2.782239 2.460598 1.407180 1.775251 2.364006 -1.945081 4.480659 -2.844327 1.931065 0.080764 -4.572156 -0.281350 -1.879536
378 46.4561436319 0.0000000000 4.0000000000 1.1128500870 25.0000000000 6.0399128314 0.9542065756 5.9387116015 0.1453411477 5.4968645754 0.1728020039 35.2682954859 -850.9753816573 23.5343557462 6.0006317628 -0.412267 -1.396886 1.771774 3.930726 -3.367751 0.673813 -0.961301 2.530289 2.138315 4.380429 0.789896 3.546058 -1.917505 3.680152 -0.493408 0.020917 3.139084 3.068210 -1.466468 -4.198618 -3.585335 -0.157765 -0.372379 -4.608839 0.351559 -1.457097 3.125414 -3.943490 2.497316 1.504152 1.970166 0.741474 -1.197770 3.448441 -1.765757 2.864170 -0.706491 -1.350719 0.914339 -0.381748
427 37.9277868583 0.0000000000 4.0000000000 1.0713188369 28.0000000000 6.0092495209 0.9492248817 5.1136233643 -0.0815634324 4.7888487315 -0.0222370793 26.1491439122 -850.8460009312 24.7001795418 6.3088959319 -3.997869 -3.921808 4.372620 4.034494 -1.875628 -0.614412 1.278078 0.535462 4.255923 4.815276 -0.107460 3.970052 -1.426621 2.417476 -3.599112 0.338546 2.158013 1.152050 -0.303371 -4.748070 -3.717648 -1.428741 -1.731308 -1.206581 0.195322 -2.922829 3.622889 -4.296093 2.160662 2.124431 0.180773 1.419198 0.600701 1.909779 -1.439743 1.195271 0.652164 -4.582774 -0.317364 -3.020352
1002 35.5398781911 0.0000000000 4.0000000000 0.5421192524 66.0000000000 5.6024301794 0.8835984650 4.9128126677 -0.0033059589 4.3968767713 0.0141211268 24.1357283075 -415.2243166605 26.2355694301 6.6921655861 -4.084787 -3.976840 4.451706 3.520246 -1.867179 -2.986778 1.746017 2.318923 -1.014560 1.649854 -0.369205 4.338308 -0.479777 3.135602 -1.445940 2.725666 2.753942 0.676367 1.994127 -4.702678 -2.820541 2.214456 -0.756638 -4.250271 2.330116 -4.909940 2.872257 -3.925730 1.812292 0.339427 0.198599 1.427150 -0.431272 4.115482 -3.100112 2.671241 -3.421463 -3.225003 -2.454910 2.399474
1005 40.0041119745 0.0000000000 4.0000000000 0.5337072336 67.0000000000 5.5914507654 0.8818235699 5.4424614086 -0.0278811876 4.8388223271 -0.0062345194 29.6203861845 -380.2663121339 25.3064119826 6.4398478882 -4.414404 -4.814251 3.594142 4.206277 -0.812304 -2.925112 1.995352 1.442908 -0.966500 2.785204 1.312886 5.000000 -0.749942 3.704655 -2.387486 3.498086 3.327704 0.899527 1.626819 -5.000000 -3.039087 2.054909 0.423910 -4.552115 1.857084 -5.000000 3.240442 -4.596868 2.439129 1.462319 0.320643 1.743518 -0.353911 3.464432 -3.303466 2.912061 -3.019678 -4.298646 -1.907653 2.082886
evaluations raw_y rep iid sigma t d_norm d_mean ps_norm ps_mean pc_norm pc_mean ps_squared loglikelihood mhl_norm mhl_mean x0 x1 x2 x3 x4 x5 x6 x7 x8 x9 x10 x11 x12 x13 x14 x15 x16 x17 x18 x19 x20 x21 x22 x23 x24 x25 x26 x27 x28 x29 x30 x31 x32 x33 x34 x35 x36 x37 x38 x39
1 77.2540895749 1.0000000000 4.0000000000 0.5337072336 67.0000000000 5.5914507654 0.8818235699 5.4424614086 -0.0278811876 4.8388223271 -0.0062345194 29.6203861845 -380.2663121339 25.3064119826 6.4398478882 3.248691 -1.223513 -1.056344 -2.145937 1.730815 -4.603077 3.489624 -1.522414 0.638078 -0.498741 2.924216 -4.120281 -0.644834 -0.768109 2.267539 -2.199783 -0.344856 -1.755717 0.084427 1.165630 -2.201238 2.289447 1.803181 1.004989 1.801712 -1.367456 -0.245780 -1.871539 -0.535776 1.060711 -1.383322 -0.793507 -1.374345 -1.690411 -1.342492 -0.025329 -2.234621 0.468831 3.319604 1.484088
2 53.0901665102 1.0000000000 4.0000000000 0.5337072336 67.0000000000 5.5914507654 0.8818235699 5.4424614086 -0.0278811876 4.8388223271 -0.0062345194 29.6203861845 -380.2663121339 25.3064119826 6.4398478882 -0.383671 -1.775258 -1.494317 3.384909 0.101616 -1.273991 0.381831 4.200510 0.240318 1.234406 0.600341 -0.704500 -2.285036 -0.698685 -0.417788 1.173246 1.677967 1.862204 0.571175 1.770282 -1.508796 2.505736 1.025860 -0.596186 0.977036 -0.151143 2.263259 3.039634 4.371151 -2.792993 -2.888228 -1.008932 0.320074 1.752338 0.631270 -4.044402 -0.612408 1.655949 0.460189 1.524022
4 39.6835621266 1.0000000000 4.0000000000 0.5337072336 67.0000000000 5.5914507654 0.8818235699 5.4424614086 -0.0278811876 4.8388223271 -0.0062345194 29.6203861845 -380.2663121339 25.3064119826 6.4398478882 -0.049234 -1.550323 2.547512 3.934203 -3.715964 2.472328 3.255302 0.676023 -2.398536 1.726691 -0.361841 -1.207841 -2.460116 1.101075 1.585614 -1.247061 1.041153 -2.288683 1.603722 0.093135 -0.373140 -0.203492 1.737772 1.500823 1.058931 0.275402 0.155642 1.236761 0.464989 1.365103 -0.620234 -4.869676 2.077649 4.373959 0.882729 -0.200310 -0.272889 -0.238108 0.034819 -2.244037
1005 61.8285507880 1.0000000000 4.0000000000 0.5805093973 67.0000000000 5.5969448477 0.8827353938 6.2132497193 0.0601169662 5.1822612354 0.0241715659 38.6044720748 -428.1771059350 25.1359881409 6.4430023982 -1.692430 -3.372793 3.758570 -2.145702 -2.245534 3.711212 -2.219286 3.080993 1.906650 3.881411 -0.224230 0.497608 -4.605229 -0.026433 -4.299704 0.438407 0.113055 -0.196172 5.000000 -3.495530 -0.271762 1.702704 3.569929 -3.404768 -0.761007 -4.311007 -1.671057 1.204315 -2.790055 -4.227563 -1.401331 -4.905504 -3.797755 3.723785 4.489022 -1.503018 1.368091 1.081014 -3.141835 2.936970
evaluations raw_y rep iid sigma t d_norm d_mean ps_norm ps_mean pc_norm pc_mean ps_squared loglikelihood mhl_norm mhl_mean x0 x1 x2 x3 x4 x5 x6 x7 x8 x9 x10 x11 x12 x13 x14 x15 x16 x17 x18 x19 x20 x21 x22 x23 x24 x25 x26 x27 x28 x29 x30 x31 x32 x33 x34 x35 x36 x37 x38 x39
1 72.6347864021 2.0000000000 4.0000000000 0.5805093973 67.0000000000 5.5969448477 0.8827353938 6.2132497193 0.0601169662 5.1822612354 0.0241715659 38.6044720748 -428.1771059350 25.1359881409 6.4430023982 -0.833516 -0.112534 -4.272392 3.280542 -3.586871 -1.683495 1.005763 -2.490576 -2.115904 -1.818015 1.102908 4.584416 0.083079 -2.235851 1.078117 -1.192319 -0.038261 2.350002 -1.495742 0.018051 -1.756216 -0.312868 0.513141 -1.977558 -0.677644 -0.472368 -1.275310 -2.375225 -2.842434 -0.306990 -0.538114 4.462734 -4.869535 0.225453 0.740889 2.719268 1.003714 -1.688427 0.000020 1.084705
3 69.6483012864 2.0000000000 4.0000000000 0.5805093973 67.0000000000 5.5969448477 0.8827353938 6.2132497193 0.0601169662 5.1822612354 0.0241715659 38.6044720748 -428.1771059350 25.1359881409 6.4430023982 -0.378939 -0.154437 1.649406 2.496426 -0.807785 -2.769037 2.734471 2.435771 -0.924011 0.701777 0.763732 1.132551 0.408416 2.813392 -3.475919 2.081648 0.760944 -0.434271 2.347063 -4.687206 2.323043 0.772156 -2.266267 0.866185 -0.608173 5.000000 3.670665 0.881380 -1.438508 -1.166829 -0.650099 -1.120469 -1.804492 -1.181945 -0.552359 -1.033768 -1.397180 -1.857784 5.000000 -2.946346
13 66.8267215186 2.0000000000 4.0000000000 0.5805093973 67.0000000000 5.5969448477 0.8827353938 6.2132497193 0.0601169662 5.1822612354 0.0241715659 38.6044720748 -428.1771059350 25.1359881409 6.4430023982 1.369520 -3.415078 -1.973139 3.087073 -2.620541 0.726868 -1.589745 -0.810573 -2.755516 2.372097 -3.807642 -2.396281 -1.820131 2.352908 0.598421 1.358534 -0.035321 0.472082 0.988072 3.092555 0.493715 -2.937552 2.294200 0.191114 -2.214877 -0.352572 -1.965511 4.173365 -0.689247 -4.004158 0.606469 -1.659750 2.577539 0.269851 -3.557201 -1.001583 -2.176323 -1.515711 -1.287490 -4.017569
22 66.0701662618 2.0000000000 4.0000000000 1.8896727634 1.0000000000 6.3110730767 0.9978423961 3.2273382925 -0.0945142702 2.7369045516 -0.0801516646 10.4157124543 -1318.7000699716 27.8215811633 7.1212263228 -1.102343 -1.814593 -1.062772 3.307036 -2.785756 -2.046624 -0.353178 -0.898385 -1.101073 2.342686 -1.813302 2.953583 -1.744492 2.859849 -2.810977 -1.985438 2.187453 2.700971 3.816843 -2.222971 -1.043340 -2.582252 -0.353634 2.011069 -2.060563 2.141841 -1.246929 0.808037 -2.624133 2.358050 3.647120 -0.633496 1.041891 -1.177703 -2.255455 -0.413012 -3.002693 3.219261 -2.685812 0.059182
28 60.8694896921 2.0000000000 4.0000000000 1.8896727634 1.0000000000 6.3110730767 0.9978423961 3.2273382925 -0.0945142702 2.7369045516 -0.0801516646 10.4157124543 -1318.7000699716 27.8215811633 7.1212263228 2.218623 -1.987445 -5.000000 4.457701 -3.341380 -2.155156 -0.034733 0.953225 -4.601061 -1.132890 -4.520992 -0.273298 -1.550719 -1.917926 -3.062261 2.013065 0.244062 0.708003 2.527569 4.107010 1.722939 -0.015415 -1.636226 0.844016 -2.032239 -0.293305 -2.806154 0.655733 -0.187111 -4.006963 -1.684954 -0.675256 1.482863 1.485778 -2.596870 -1.978007 -1.394476 0.163255 0.605905 -0.599539
66 60.8624989834 2.0000000000 4.0000000000 1.7090798743 4.0000000000 6.2748834969 0.9920485587 4.4626384557 -0.1686507960 4.0176020479 -0.1499307101 19.9151419860 -1187.5331071928 25.3994592233 6.4774312250 -0.639435 2.039212 -2.106758 4.594276 -2.018045 1.935418 -2.871603 -2.338243 -1.216915 2.887240 -5.000000 -3.701045 -1.861316 2.213112 -5.000000 1.604638 0.254259 3.548143 0.210948 0.913258 1.406031 -3.712985 -2.656086 -1.469387 -2.363203 0.838323 -1.151098 4.935384 -1.481150 4.270662 -2.193854 -2.077959 -0.407349 -0.369503 -3.220667 -0.472641 -1.590281 -1.569092 -3.958724 -0.934238
67 60.5576368344 2.0000000000 4.0000000000 1.7090798743 4.0000000000 6.2748834969 0.9920485587 4.4626384557 -0.1686507960 4.0176020479 -0.1499307101 19.9151419860 -1187.5331071928 25.3994592233 6.4774312250 -0.116047 -2.211110 -0.222874 3.182702 -2.347187 -0.466332 1.877441 -0.309766 -3.282393 -0.030766 -1.284143 -1.913712 -2.065185 1.035974 -5.000000 0.613363 1.178739 3.626441 3.967616 0.777161 1.462877 -3.570156 -1.228521 2.163959 -0.508664 0.329295 0.695309 1.547614 -0.277431 2.025899 -1.078682 -3.066947 -2.083672 2.186274 -1.786377 -1.196617 -4.223017 -1.022997 0.524974 -1.696584
72 50.5032530026 2.0000000000 4.0000000000 1.7090798743 4.0000000000 6.2748834969 0.9920485587 4.4626384557 -0.1686507960 4.0176020479 -0.1499307101 19.9151419860 -1187.5331071928 25.3994592233 6.4774312250 2.287732 1.419969 1.366068 5.000000 -3.014288 -1.299537 -1.846569 -3.163801 -2.824540 4.425700 0.330857 2.131068 1.306194 -1.807817 -4.340259 4.590426 3.076608 0.261766 1.833195 -1.673851 4.028461 -1.640382 -0.967232 0.560424 -1.342606 -0.952595 -1.829643 -2.487418 -1.686570 1.432069 -2.280346 1.054308 0.769230 -0.136620 -2.107722 0.022879 -5.000000 -0.178803 0.621978 1.136524
109 49.8729338613 2.0000000000 4.0000000000 1.5860045374 7.0000000000 6.2378603106 0.9860925994 5.0998872258 -0.1495313514 4.7040256337 -0.1400775513 26.0088497154 -1145.6769668831 25.7055863648 6.5330716399 0.794335 -0.536970 0.232283 2.098081 -1.148841 -1.355759 1.251939 -0.530155 -2.275409 0.209952 -1.958498 3.489231 -4.164856 1.036622 -2.700772 2.137903 2.067131 1.378721 3.007950 -0.844461 0.234382 -0.335575 -3.676149 1.037149 -1.964662 0.141380 0.472452 2.974008 -0.085749 0.390698 1.463276 -1.397975 -0.924215 -1.086987 -2.231353 1.354024 -4.561413 2.179458 0.768283 1.525349
371 44.9094843277 2.0000000000 4.0000000000 1.1647692216 24.0000000000 6.0548593633 0.9566229096 5.1183453973 0.0784557872 4.4482362772 0.0818238701 26.1974596061 -936.5417840557 25.9474794576 6.6484647233 -0.844672 1.785442 0.864233 2.856709 -3.106733 -1.453174 3.221452 -0.495623 -4.386181 5.000000 -1.193361 -0.596618 -1.582026 2.343718 -2.830186 2.316577 2.120023 -0.216189 0.138755 -1.525230 1.125737 2.862926 -0.256686 2.807335 -1.428827 -3.681058 3.587324 1.501363 1.311885 -0.953766 -0.117318 -1.618978 -2.873798 -1.259497 3.235245 -1.847636 -1.933566 3.178503 -1.051820 5.000000
801 44.5573453976 2.0000000000 4.0000000000 0.9041313042 53.0000000000 5.7657423086 0.9094160215 5.3291275079 -0.1141569559 4.6722683900 -0.1242812586 28.3995999959 -719.2460049028 25.1122693469 6.4444545866 1.169366 2.399988 2.551461 1.134024 -1.221561 -3.327390 0.373140 -3.048047 -1.684587 3.041985 -3.894240 -1.639354 -1.856726 1.445023 -1.850644 -2.134861 3.300543 -0.836134 -1.559256 -3.424725 3.596835 1.174814 -1.926255 4.114431 1.759827 -2.359517 4.342983 1.595205 2.903953 -3.807508 -0.050848 -4.166165 -5.000000 -3.634423 4.356118 -1.290219 -0.730973 -0.769437 -5.000000 -0.883463
1005 81.8070249043 2.0000000000 4.0000000000 0.8525589709 67.0000000000 5.6321854426 0.8876009136 5.9044451951 0.0472409449 5.3494653596 0.0263127105 34.8624730617 -670.9826719593 25.5179592549 6.4988390285 0.979810 0.764003 -0.414403 1.327833 -0.282723 -4.758219 0.506645 -2.444770 -1.846739 1.965188 -2.983322 -1.689868 -1.089536 -0.729603 -1.830699 0.909106 4.500682 -1.919494 -2.782270 -5.000000 0.377972 2.561973 0.892539 0.841803 -0.815138 1.626370 3.941043 3.496101 5.000000 -0.535774 0.691447 -3.375054 -4.208094 -5.000000 4.180107 1.242740 -3.718113 -0.455170 -3.441938 0.147905
evaluations raw_y rep iid sigma t d_norm d_mean ps_norm ps_mean pc_norm pc_mean ps_squared loglikelihood mhl_norm mhl_mean x0 x1 x2 x3 x4 x5 x6 x7 x8 x9 x10 x11 x12 x13 x14 x15 x16 x17 x18 x19 x20 x21 x22 x23 x24 x25 x26 x27 x28 x29 x30 x31 x32 x33 x34 x35 x36 x37 x38 x39
1 75.4904057556 3.0000000000 4.0000000000 0.8525589709 67.0000000000 5.6321854426 0.8876009136 5.9044451951 0.0472409449 5.3494653596 0.0263127105 34.8624730617 -670.9826719593 25.5179592549 6.4988390285 3.577257 0.873020 0.192995 -3.726985 -0.554776 -0.709518 -0.165483 -1.254001 -0.087636 -0.954436 -2.627730 1.769245 1.762636 3.419146 0.100067 -0.809355 -1.090720 -3.092955 1.964735 -2.202135 -2.370093 -0.411300 2.972297 0.473433 -2.047570 -1.425986 1.250490 -0.321027 -1.537673 -0.460061 1.490113 3.952222 -2.488247 -1.252834 -1.607532 -4.838166 -1.847584 -2.047752 2.247956 -0.263828
2 64.8375437132 3.0000000000 4.0000000000 0.8525589709 67.0000000000 5.6321854426 0.8876009136 5.9044451951 0.0472409449 5.3494653596 0.0263127105 34.8624730617 -670.9826719593 25.5179592549 6.4988390285 -3.246571 1.293351 -0.712542 -3.486282 -1.193299 -1.177189 -1.747765 0.059428 -4.496516 -0.535524 2.026367 1.705596 2.216375 2.238781 2.975086 -2.236601 1.691667 -3.721779 -1.205770 -3.828944 2.096295 2.667476 -0.394829 3.549290 -1.349455 0.301234 0.305891 -2.128391 0.875893 3.877957 -2.049862 1.798677 -0.309014 3.539255 0.967577 1.352433 1.286327 0.498173 -2.791527 2.783326
9 56.8785705715 3.0000000000 4.0000000000 0.8525589709 67.0000000000 5.6321854426 0.8876009136 5.9044451951 0.0472409449 5.3494653596 0.0263127105 34.8624730617 -670.9826719593 25.5179592549 6.4988390285 4.039301 0.652525 1.722715 1.838016 -2.648977 -4.563585 -0.659156 1.794299 0.182069 1.570864 1.873265 -2.984794 0.575367 3.932949 -1.141065 -4.058144 -0.463809 -0.929337 0.836762 -1.784813 0.181434 -4.434835 1.707927 3.173733 2.595755 -3.030431 0.638392 -5.000000 0.566372 -0.128720 -1.991588 0.687589 0.276029 1.879006 0.254617 0.470054 -3.890145 -2.319446 -0.951799 0.593689
18 56.1027193935 3.0000000000 4.0000000000 1.9061493957 1.0000000000 6.3144303485 0.9983704230 3.6951802013 -0.0220298621 3.1336521292 -0.0186821536 13.6543567203 -1315.2822903612 27.4446236773 7.0257680504 -1.663374 0.007130 2.653438 -1.282273 -3.965456 -3.953524 -0.546790 3.189461 -2.210835 2.180911 1.136608 -3.678851 0.808583 1.335952 0.041623 -3.959533 -1.817179 -0.414670 -1.098673 -3.397686 -1.405685 -1.076964 2.368864 3.363122 -0.074118 -5.000000 0.824584 -1.323376 0.426778 3.175383 -1.206173 -1.970641 -1.516925 2.642881 -0.576051 -2.048535 -1.281826 -1.339700 0.896252 -4.025232
40 54.8320640388 3.0000000000 4.0000000000 1.8441682701 2.0000000000 6.3033323507 0.9965914197 4.5038015401 -0.1300618965 3.8963284586 -0.1106938504 20.2842283126 -1232.4755550954 25.1546746407 6.4461598691 -3.129123 0.659398 1.708947 -0.261180 -1.894715 -0.820870 -0.034226 4.361401 -0.419408 -2.750737 -0.051807 -2.699381 2.293985 2.526101 -2.592318 -5.000000 -1.036617 0.939475 -1.701384 -4.596613 -0.562175 -1.646661 -0.352099 2.589532 3.172696 -3.698489 -3.629509 -1.301086 -0.262544 0.875529 -0.071157 -0.260996 0.596959 0.424364 -1.384586 -0.383759 -1.138255 1.176950 0.918812 -3.039587
43 47.5337807157 3.0000000000 4.0000000000 1.8441682701 2.0000000000 6.3033323507 0.9965914197 4.5038015401 -0.1300618965 3.8963284586 -0.1106938504 20.2842283126 -1232.4755550954 25.1546746407 6.4461598691 -1.392081 2.152052 -0.194120 -3.641607 -2.629633 0.336654 -0.313769 3.216193 -1.033820 -0.408191 -2.471391 -0.313697 2.964874 1.974272 0.694461 0.607799 -0.969857 1.572718 -2.536414 -4.290405 0.058513 0.019932 5.000000 2.852044 0.826406 -1.201790 1.091717 -0.626655 1.136945 0.973058 -2.389949 -5.000000 2.932794 -2.408035 -2.045443 -1.751551 1.420708 -0.822066 3.303476 0.687591
164 46.3557126927 3.0000000000 4.0000000000 1.4637516745 10.0000000000 6.2077085973 0.9812568518 5.1089249013 -0.0420980328 4.5298399658 -0.0615642896 26.1011136472 -1095.2896664822 25.7785252925 6.5809015067 -2.290422 2.131425 1.685543 -0.176045 -1.191566 3.144735 -1.451897 4.134465 -0.503331 -1.837033 -0.992190 -2.748061 -0.172288 -1.107432 -1.015345 -4.302071 3.878969 -0.177407 -4.097507 -3.688381 0.762158 -3.759870 3.722735 -0.067853 -0.896293 -0.859041 -1.435300 1.023617 -0.351059 2.142634 0.435456 -0.589965 0.802558 -0.573115 -3.771122 -0.725211 3.228425 0.607981 2.206978 -2.366631
179 45.0674441485 3.0000000000 4.0000000000 1.4215970740 11.0000000000 6.1992396484 0.9798948158 4.7104659841 -0.0502756879 4.2548489626 -0.0689395368 22.1884897871 -1073.9192752745 25.6856963443 6.5912878796 0.435133 0.436487 4.321780 -2.841045 -0.251993 -0.433876 -1.699071 4.599650 -0.672662 -2.622861 -1.458714 -0.161215 0.904511 -1.325037 -3.251027 -0.990128 2.512289 -1.523490 -5.000000 -1.019270 3.036159 0.544620 1.817912 -0.868118 -0.055807 -0.703540 -1.458748 -0.270547 1.980811 2.060588 -2.091949 -2.079360 -4.287432 -0.458468 -2.741615 -2.587219 3.151495 -1.012721 1.373774 -2.243898
685 34.3557796029 3.0000000000 4.0000000000 0.8922126064 45.0000000000 5.8366323904 0.9209467535 4.9167123769 0.0997977362 4.3741624703 0.0687872538 24.1740605975 -758.8400247304 26.5889981371 6.8055739801 -2.773724 3.653616 2.204149 -4.944424 3.201018 0.632522 0.031992 1.720831 0.807989 1.982407 1.295948 0.162644 -2.768556 1.142353 -2.813675 -0.645653 4.691350 -1.623757 -3.285393 -2.878412 2.937860 2.750466 3.227878 2.377741 -4.047384 -2.202340 -2.173494 3.443356 -0.792928 0.217752 -3.914413 1.545539 -0.721140 -2.599395 1.512095 1.143553 3.587999 -2.774822 -0.618833 -1.961371
1005 97.4002574260 3.0000000000 4.0000000000 0.7066934842 67.0000000000 5.6178171125 0.8854095770 5.6641031526 0.0285728405 4.9274055571 0.0203306758 32.0820645236 -564.4915863929 25.7762510485 6.5913178924 -2.480464 5.000000 1.611098 -4.943487 4.909425 0.265694 2.453727 4.488945 2.499722 0.526159 3.429878 2.347885 -2.977343 -2.239018 -3.572185 -1.064623 5.000000 -2.549003 -2.605856 -3.605480 4.405845 3.025560 3.182857 1.909157 -3.269686 -1.508551 -3.253531 3.720276 -0.311974 1.154473 -2.913404 1.330831 -4.263655 -3.236405 1.997676 1.196193 2.234836 -2.137213 -0.705390 -3.637750
evaluations raw_y rep iid sigma t d_norm d_mean ps_norm ps_mean pc_norm pc_mean ps_squared loglikelihood mhl_norm mhl_mean x0 x1 x2 x3 x4 x5 x6 x7 x8 x9 x10 x11 x12 x13 x14 x15 x16 x17 x18 x19 x20 x21 x22 x23 x24 x25 x26 x27 x28 x29 x30 x31 x32 x33 x34 x35 x36 x37 x38 x39
1 95.3090102848 4.0000000000 4.0000000000 0.7066934842 67.0000000000 5.6178171125 0.8854095770 5.6641031526 0.0285728405 4.9274055571 0.0203306758 32.0820645236 -564.4915863929 25.7762510485 6.5913178924 0.101123 0.999903 -1.991818 1.387197 -0.836603 -3.169154 -1.295414 1.197150 0.664500 -2.294953 1.237339 -0.175974 0.850145 0.664506 -2.313633 0.701994 -1.213775 3.093959 1.446683 0.092271 -1.965983 0.108865 0.319786 -2.417896 4.446720 0.788590 3.384715 -2.225624 3.271495 -2.721931 -1.302452 1.084903 0.096012 -4.716147 -2.211168 1.675673 4.175742 1.829682 -0.552407 1.593024
2 78.0495279598 4.0000000000 4.0000000000 0.7066934842 67.0000000000 5.6178171125 0.8854095770 5.6641031526 0.0285728405 4.9274055571 0.0203306758 32.0820645236 -564.4915863929 25.7762510485 6.5913178924 -2.287597 1.019840 -2.694921 -0.018720 -0.261409 1.604173 -0.605928 2.404005 -0.393491 1.673057 1.573205 -3.681752 0.075095 0.071856 -1.557480 0.358821 -2.911069 1.112370 1.019558 0.600891 4.953168 0.704687 0.134942 -1.464529 0.594282 -1.923554 2.543637 -1.295289 0.316939 3.980166 2.328375 0.485320 2.759840 -0.109117 1.590468 0.038180 -1.810876 0.860543 1.869300 -0.692204
3 60.3452209197 4.0000000000 4.0000000000 0.7066934842 67.0000000000 5.6178171125 0.8854095770 5.6641031526 0.0285728405 4.9274055571 0.0203306758 32.0820645236 -564.4915863929 25.7762510485 6.5913178924 -2.194244 -1.056392 -4.759551 -1.215367 -2.150580 4.044810 -1.129751 -3.085858 1.741684 -0.350421 0.097206 0.377292 0.418627 -0.748890 1.909397 1.046495 -0.991637 -0.342929 -1.888737 0.561729 1.476494 1.301506 1.229481 -0.253137 3.157748 -0.414363 0.060134 -0.672360 0.162528 -0.481048 4.064359 0.851693 -3.365930 -0.867773 -2.832455 1.759798 2.749186 -0.902086 1.227065 -0.420313
6 47.1389425933 4.0000000000 4.0000000000 0.7066934842 67.0000000000 5.6178171125 0.8854095770 5.6641031526 0.0285728405 4.9274055571 0.0203306758 32.0820645236 -564.4915863929 25.7762510485 6.5913178924 -0.945326 0.192536 2.458427 3.199755 -0.798829 -2.928367 -2.767733 4.250644 -0.805740 0.915812 3.834570 -1.360232 -0.389148 -1.161190 -2.191832 1.599511 2.131400 -3.747477 1.963421 -0.471934 0.367253 0.395738 -2.613077 -0.621742 -1.981826 3.830503 4.371696 0.168067 -2.357912 2.312112 -0.380004 3.490889 3.937439 3.345813 -0.790519 -1.996150 -1.326100 -0.192690 -1.847615 2.386737
480 43.1384445085 4.0000000000 4.0000000000 1.1045977142 31.0000000000 5.9880570887 0.9456831808 5.5944726842 0.0046265008 4.9609489563 0.0303717898 31.2981246140 -880.7185540934 25.4081731973 6.4756020592 3.482823 0.522556 3.305888 0.791466 -1.666341 0.761659 3.406828 3.796384 -2.648375 -3.286584 -2.690303 4.948305 1.810103 3.043992 -1.927125 3.026231 -3.745425 -1.967651 -1.443133 5.000000 0.697491 0.900353 -0.729386 -2.074994 -3.920702 4.249800 -1.211959 1.777071 3.366998 3.260290 -1.319920 -0.412667 3.513936 0.481901 2.408373 2.770165 1.620128 -3.429275 3.116589 -0.720037
811 37.2945081795 4.0000000000 4.0000000000 0.7110798666 54.0000000000 5.7379044230 0.9052617478 4.6858349861 -0.0724653396 4.2071058879 -0.0703643778 21.9570495173 -590.0582466418 25.9179671302 6.6007122000 3.527965 0.501610 2.023146 -1.314600 1.591360 4.726383 3.137046 2.613588 -1.547915 -4.061556 -3.319638 3.038212 4.103186 3.125756 0.337094 1.557952 -3.519447 0.623761 -2.723674 3.872535 -1.775309 4.295140 -0.845324 1.629618 -3.687198 3.952874 -0.870722 1.547324 1.683685 1.334170 0.489177 0.137943 2.196772 -2.819401 4.882037 4.512773 2.077430 -4.563916 2.543559 -1.903148
945 35.1217736069 4.0000000000 4.0000000000 0.5932752890 62.0000000000 5.6410335442 0.8897307752 4.4056039081 0.1035949440 3.8197567977 0.0902645857 19.4093457950 -463.6350803718 25.8983307132 6.5774306187 4.182399 0.747815 1.897150 -2.801989 1.895247 3.323096 2.726526 2.435807 -2.719742 -3.963276 -1.898585 3.334189 4.195335 3.365114 0.659462 3.044698 -3.823071 -0.244501 -2.811573 2.377981 -1.701998 4.033936 -0.432673 2.260893 -3.550336 3.874822 -3.010583 2.067637 2.949126 2.093363 1.101966 3.114980 2.078403 -3.059882 3.555513 4.526978 1.111036 -2.971422 4.937493 -1.924107
1005 70.5821850357 4.0000000000 4.0000000000 0.5546266030 67.0000000000 5.5865410600 0.8809102761 5.8227048234 0.0256370150 5.0059186276 0.0421851780 33.9038914600 -417.7579858663 25.9928231300 6.6085439667 4.378903 0.794874 1.943218 -1.598472 1.699114 3.989964 2.456669 1.939413 -3.272915 -3.446773 -0.582900 3.866357 3.787795 3.415841 0.245843 1.694940 -3.148912 -1.461897 -2.544422 2.852230 -1.633677 3.915679 -1.968138 2.379028 -1.942619 2.908744 -2.497987 1.136565 2.895543 2.378931 0.390997 2.402873 1.885516 -3.534111 3.528391 3.689380 1.274695 -2.481334 5.000000 -2.202566
evaluations raw_y rep iid sigma t d_norm d_mean ps_norm ps_mean pc_norm pc_mean ps_squared loglikelihood mhl_norm mhl_mean x0 x1 x2 x3 x4 x5 x6 x7 x8 x9 x10 x11 x12 x13 x14 x15 x16 x17 x18 x19 x20 x21 x22 x23 x24 x25 x26 x27 x28 x29 x30 x31 x32 x33 x34 x35 x36 x37 x38 x39
1 94.4909652399 5.0000000000 4.0000000000 0.5546266030 67.0000000000 5.5865410600 0.8809102761 5.8227048234 0.0256370150 5.0059186276 0.0421851780 33.9038914600 -417.7579858663 25.9928231300 6.6085439667 0.882455 -0.661740 4.861542 -0.504184 0.219220 3.164962 -1.818465 -1.183273 0.375206 -0.659740 -2.385529 -0.409753 -0.717658 1.206943 -3.329577 -1.400358 2.302782 3.714662 -3.022359 1.289695 -1.961216 -1.713706 -1.743758 -0.845016 1.992880 1.424843 0.118288 -0.726622 0.006578 -0.211861 1.586107 -1.263143 -0.012390 -0.202135 -0.104616 0.498435 0.395320 2.669697 -0.173751 3.123065
2 72.9691754879 5.0000000000 4.0000000000 0.5546266030 67.0000000000 5.5865410600 0.8809102761 5.8227048234 0.0256370150 5.0059186276 0.0421851780 33.9038914600 -417.7579858663 25.9928231300 6.6085439667 -0.611706 -0.955463 0.201476 0.710877 0.539225 2.583927 2.278686 0.988881 -0.672673 -0.201229 2.826796 0.442508 -2.621546 -1.379130 -1.155026 2.304410 -0.214328 4.520214 1.313239 0.249614 -0.871408 1.944359 -0.481422 -1.648247 1.136265 0.025517 2.378121 -0.147187 -5.000000 1.578733 -3.755482 3.077512 3.642729 -0.854063 -2.329404 -2.794148 1.745309 -0.404236 -1.196720 -0.486839
3 64.6079264192 5.0000000000 4.0000000000 0.5546266030 67.0000000000 5.5865410600 0.8809102761 5.8227048234 0.0256370150 5.0059186276 0.0421851780 33.9038914600 -417.7579858663 25.9928231300 6.6085439667 4.177029 0.693839 1.491454 1.553815 2.036842 2.122703 -1.420933 -0.430376 -1.521521 -1.422326 2.283015 -1.003511 -0.158303 -1.385653 -1.186806 1.576476 -0.890860 -0.964240 0.987115 1.000975 1.584845 0.341529 -3.507482 1.260593 0.996658 2.036275 -1.692937 5.000000 -2.464772 1.453907 0.091910 -0.974265 1.632265 -0.562860 -4.671244 -2.334557 0.915316 4.475931 -2.962518 -0.033891
4 63.3770185397 5.0000000000 4.0000000000 0.5546266030 67.0000000000 5.5865410600 0.8809102761 5.8227048234 0.0256370150 5.0059186276 0.0421851780 33.9038914600 -417.7579858663 25.9928231300 6.6085439667 2.901467 1.213741 -0.751242 -2.843849 -3.562303 -1.495812 -0.736819 -4.498236 -3.387350 0.607297 -0.817985 -1.509661 -0.815038 -1.625250 1.855032 3.279908 4.147231 1.419596 1.494305 2.926191 3.476898 2.930410 2.424567 -1.269305 -3.199397 1.754306 -0.187665 -0.111342 -1.778841 -2.601903 2.804333 0.930202 -2.130065 0.780841 0.611200 1.043699 4.466542 -0.069404 -2.559246 0.073085
11 61.0542789487 5.0000000000 4.0000000000 0.5546266030 67.0000000000 5.5865410600 0.8809102761 5.8227048234 0.0256370150 5.0059186276 0.0421851780 33.9038914600 -417.7579858663 25.9928231300 6.6085439667 -1.794188 1.265424 1.070310 -0.948305 1.369972 -0.722388 -1.154860 -2.469459 0.770960 -0.858380 -1.117853 -2.298000 -2.730312 -1.578478 1.459920 -1.627764 2.889719 0.816519 0.316130 -2.406481 3.907177 -2.881267 1.068150 3.388657 -0.397894 -1.367051 -0.037996 1.831325 2.717414 1.208875 -2.138831 -1.348380 0.406816 -2.552330 -0.480607 4.481907 -2.114924 2.321118 -1.865969 -0.681448
13 49.5050862770 5.0000000000 4.0000000000 0.5546266030 67.0000000000 5.5865410600 0.8809102761 5.8227048234 0.0256370150 5.0059186276 0.0421851780 33.9038914600 -417.7579858663 25.9928231300 6.6085439667 0.414134 1.043567 0.452779 1.598261 0.918492 0.065399 -1.859126 -0.690074 1.804959 -2.332999 0.221984 -4.096793 -1.391222 -3.246321 2.489082 -3.645498 -0.479213 1.456886 1.217769 1.546369 2.124708 0.947010 1.669196 -0.108283 -0.051279 -3.520801 0.337410 2.534554 -1.495897 -2.339494 0.182469 2.268838 2.413149 -3.000930 0.900041 -1.312499 0.554942 -4.515406 1.843575 -0.791183
40 49.2484329089 5.0000000000 4.0000000000 1.8503239840 2.0000000000 6.3007105146 0.9961768942 4.9047955791 -0.0278299057 4.2488456140 -0.0241761968 24.0570196725 -1263.9760532490 26.3047685649 6.6936469592 -2.365625 -0.111085 -2.070433 0.720491 -2.168939 1.673212 -2.052302 -1.092199 -3.512704 -0.424328 -0.562635 -2.516788 1.053406 -3.890582 2.956941 -1.195384 2.527136 2.460341 0.105138 1.428271 5.000000 -0.284997 1.143731 0.570774 0.941014 -4.030079 -2.716122 4.716298 -0.587194 0.384308 0.535457 5.000000 0.459899 -4.621717 0.368092 -0.143034 1.014425 2.155249 -4.605463 5.000000
111 47.5532416176 5.0000000000 4.0000000000 1.6267035879 7.0000000000 6.2404746798 0.9865065117 4.5165278493 0.0463315613 4.0485892903 0.0323533730 20.3990238135 -1160.8228132635 25.6959620894 6.5157040145 -4.701831 0.362855 0.722208 4.840373 -0.627284 -2.309832 -3.608128 -3.269041 -1.411515 -1.659666 -0.585320 1.431202 -3.289268 -2.337832 5.000000 -1.023313 1.901672 2.921403 1.941482 0.139307 2.510444 -4.417102 -1.476146 2.476263 -0.689657 -1.743809 4.175549 -0.983632 -0.069210 3.052243 2.886594 4.762959 -2.380215 -2.200389 2.714496 4.261069 4.835631 2.699329 -2.716007 0.683300
182 43.8907068389 5.0000000000 4.0000000000 1.4969494491 12.0000000000 6.1832368654 0.9772903253 5.6446799431 0.4284888154 5.0497647580 0.3871813434 31.8624116601 -1059.2317250307 23.9182864450 6.1115641351 -1.189346 0.865722 1.768311 3.019177 -0.553685 -2.351209 0.167502 -1.934230 -1.995720 1.747563 -1.388579 5.000000 1.188135 -0.708972 5.000000 -2.465682 1.056960 1.098015 2.041975 1.019697 1.957181 1.309279 0.695080 0.617285 1.274933 -2.843712 0.108454 3.667137 3.745305 -1.393342 5.000000 3.379980 2.997270 -1.680865 1.342687 2.287751 4.412663 0.593550 -1.873404 0.595654
687 43.5201277411 5.0000000000 4.0000000000 0.9401296983 45.0000000000 5.8446038721 0.9226106400 6.3326742458 -0.0476331320 5.4985786565 -0.0555629967 40.1027631035 -742.9617843168 24.5405772949 6.2423800847 0.467192 3.257253 -2.853201 3.934296 1.190446 -3.409489 -2.473475 -1.780669 2.640497 -0.866171 0.149549 4.202975 1.921728 1.532251 3.875735 0.414793 -1.497965 0.508927 -5.000000 -0.240165 3.055537 -1.540499 -1.512713 -3.173083 1.631448 -1.433069 -1.317432 0.721828 -2.207530 -0.443451 2.419350 2.779740 2.895991 4.163007 5.000000 -1.848565 1.975261 2.414314 -1.245273 2.883254
1005 79.9574765452 5.0000000000 4.0000000000 0.8916550091 67.0000000000 5.6314570518 0.8878143037 7.7917249944 -0.0213173531 6.7970973642 -0.0482535976 60.7109783886 -659.4153296650 23.6989856207 6.0549738329 0.303327 1.472274 -2.096861 0.565132 -2.262118 -5.000000 0.608631 -2.796516 -0.074110 1.976956 -5.000000 5.000000 -0.446384 -0.387237 3.506964 2.235536 -1.232472 2.542524 -4.822132 -2.739918 2.067182 -0.197959 -0.379896 -3.780592 0.683053 -2.233574 -1.954749 5.000000 -1.377080 -1.279807 1.168122 1.064050 5.000000 2.490413 5.000000 0.754291 3.154396 -2.303193 -1.567940 0.710660
evaluations raw_y rep iid sigma t d_norm d_mean ps_norm ps_mean pc_norm pc_mean ps_squared loglikelihood mhl_norm mhl_mean x0 x1 x2 x3 x4 x5 x6 x7 x8 x9 x10 x11 x12 x13 x14 x15 x16 x17 x18 x19 x20 x21 x22 x23 x24 x25 x26 x27 x28 x29 x30 x31 x32 x33 x34 x35 x36 x37 x38 x39
1 75.4817649434 6.0000000000 4.0000000000 0.8916550091 67.0000000000 5.6314570518 0.8878143037 7.7917249944 -0.0213173531 6.7970973642 -0.0482535976 60.7109783886 -659.4153296650 23.6989856207 6.0549738329 -0.623567 1.458008 0.435642 -1.798184 -4.973561 1.826503 2.254127 -3.028186 3.278582 -0.859787 5.000000 1.203644 -0.671763 2.475476 0.222256 0.258302 0.152255 -0.310256 1.268451 1.621310 0.709617 3.625181 -2.712952 -0.927264 1.649308 -2.352863 3.128979 1.425410 -0.362013 1.068399 -1.173226 -2.963707 1.714495 1.886198 0.228883 -0.043913 -4.254289 -1.668815 -0.931017 0.467421
2 73.9787280464 6.0000000000 4.0000000000 0.8916550091 67.0000000000 5.6314570518 0.8878143037 7.7917249944 -0.0213173531 6.7970973642 -0.0482535976 60.7109783886 -659.4153296650 23.6989856207 6.0549738329 2.770070 -1.039254 -1.560304 1.911219 -0.253473 -2.737226 2.436961 -1.715003 -1.122942 -2.067040 0.717542 2.147363 -0.751009 0.792735 -0.942893 4.673216 3.005571 -1.190919 1.056682 1.879650 0.852571 -1.516314 -0.324734 1.453620 0.888166 -1.713645 0.893857 -2.029296 -4.264647 0.347726 1.902403 0.883795 2.938035 3.499033 0.707061 -1.286675 -0.094474 -2.898080 -0.072380 -0.181694
3 73.5619781054 6.0000000000 4.0000000000 0.8916550091 67.0000000000 5.6314570518 0.8878143037 7.7917249944 -0.0213173531 6.7970973642 -0.0482535976 60.7109783886 -659.4153296650 23.6989856207 6.0549738329 0.352581 2.189241 -4.252949 1.502898 -1.081214 1.586445 0.347307 -2.070869 1.748537 -1.479144 1.045891 -1.183753 -0.954974 0.225059 3.809485 1.388306 -0.039163 3.325686 0.061217 -0.594998 -1.936275 0.334133 0.233204 -1.364515 -3.828042 -0.279805 0.229849 -0.790009 -1.906633 -2.145655 -0.968891 2.725876 0.305376 -3.265241 1.286603 -0.895790 4.678068 -0.626646 -0.119235 0.388337
7 71.2920241363 6.0000000000 4.0000000000 0.8916550091 67.0000000000 5.6314570518 0.8878143037 7.7917249944 -0.0213173531 6.7970973642 -0.0482535976 60.7109783886 -659.4153296650 23.6989856207 6.0549738329 -0.193158 -1.640029 -0.071153 0.112701 0.523976 0.631144 -1.065581 -1.850605 2.187840 -0.436033 2.195475 0.906839 5.000000 -0.191816 -3.308350 -0.630768 2.423292 3.802355 3.501616 1.337847 3.207448 -1.959714 -1.102449 -1.822040 1.242795 2.665061 0.140719 0.903644 -0.843604 -0.660024 0.328181 3.168606 1.034573 1.117463 2.237257 1.375677 -1.351425 3.569351 -0.182632 0.122346
12 55.1804247452 6.0000000000 4.0000000000 0.8916550091 67.0000000000 5.6314570518 0.8878143037 7.7917249944 -0.0213173531 6.7970973642 -0.0482535976 60.7109783886 -659.4153296650 23.6989856207 6.0549738329 -1.453017 0.438041 4.183181 0.032387 0.382296 -1.829461 -1.243774 2.779714 -0.781186 0.770291 1.611586 -1.247695 2.102194 1.375693 1.099402 -1.803350 0.187149 -3.912219 0.102045 0.152283 -0.946979 0.605991 -2.921972 -1.521729 -3.056882 0.056954 -1.080650 1.852468 -1.729203 0.830368 -0.227060 0.376552 1.275990 2.850510 2.451638 -2.897870 0.784460 -2.289231 0.363183 -1.972817
34 55.1717966125 6.0000000000 4.0000000000 1.7980323268 2.0000000000 6.2996520468 0.9960276989 4.0950858733 -0.0104808276 3.5332318562 -0.0061309247 16.7697283093 -1227.0258760652 25.5344445047 6.5038696419 -1.937302 -1.223242 3.123338 1.634990 -1.244059 -2.977765 -0.516056 -2.972705 0.501764 1.592395 2.814271 -2.446207 0.260958 4.276823 -1.495785 -3.414605 -1.763023 -0.937363 1.332187 -1.200164 5.000000 -0.978278 -1.979133 2.911063 -2.668951 -1.722744 -0.591029 1.024981 0.278176 0.850374 -0.535160 4.356425 2.437078 1.865787 3.407343 -4.584768 0.969168 -1.200957 0.269835 -1.483487
102 55.0455592494 6.0000000000 4.0000000000 1.6567952252 6.0000000000 6.2559502091 0.9890010647 5.5665234231 0.0163438791 5.1259975797 0.0165131900 30.9861830195 -1142.9011412572 24.4143905397 6.2519749453 1.580727 -1.530390 1.063762 2.282935 -1.012278 -3.135167 -0.184518 -0.643256 -0.294830 -0.924003 0.684450 2.415889 0.958843 0.638584 -5.000000 -4.332527 -2.379368 -2.533743 1.068887 -2.234761 3.464203 -1.956865 0.131521 2.488810 1.192703 -0.240023 2.483992 1.761305 -1.092770 3.690688 -1.145548 2.648548 3.293355 3.033935 4.640708 -5.000000 0.189703 0.133608 -1.107979 3.636502
120 52.3078981633 6.0000000000 4.0000000000 1.6267223387 7.0000000000 6.2438915337 0.9870647168 5.2980683389 -0.0128884565 4.9397088624 -0.0088429545 28.0695281236 -1114.0522490612 23.7798501745 6.0862674077 0.783930 -0.095584 0.017085 2.797347 0.386818 -1.362381 2.052808 -1.258513 -0.098838 -1.843612 2.988040 4.629712 1.218353 2.582109 -4.947968 -5.000000 -4.321157 -2.412333 -0.315789 -0.677082 3.137592 -2.660697 -0.188714 -0.749628 -3.305199 -0.286051 -0.261771 -0.053623 -2.030312 3.715480 0.278582 -2.606087 3.602469 2.122318 1.121421 -5.000000 5.000000 0.592065 0.362690 3.947414
169 44.7735051792 6.0000000000 4.0000000000 1.5696199083 11.0000000000 6.2017620476 0.9802276261 5.8479511625 0.2256261067 5.2905596006 0.2081936883 34.1985327994 -1090.9273966801 23.9058888331 6.1223263773 -0.228331 -0.985023 -0.157861 3.244850 0.955404 -1.444067 4.239783 -2.843420 0.534978 -0.505119 3.943332 -2.498959 -0.503329 1.089771 -3.960814 -2.609621 -2.996329 -1.038609 -0.295066 -1.886448 2.429699 -2.925107 0.381274 3.557738 3.944286 0.911722 1.405807 -0.302244 -4.960326 2.481198 0.747704 -1.574410 4.503291 -0.508720 3.225011 -2.275341 3.689277 2.089498 -2.142502 4.813921
173 40.6230188420 6.0000000000 4.0000000000 1.5696199083 11.0000000000 6.2017620476 0.9802276261 5.8479511625 0.2256261067 5.2905596006 0.2081936883 34.1985327994 -1090.9273966801 23.9058888331 6.1223263773 -0.980052 -0.428273 -0.148634 3.007170 -0.583920 1.351572 3.280764 -5.000000 0.553707 -0.011060 1.127350 1.309222 -2.082180 0.948992 -2.386977 -0.628330 -3.998290 -2.696651 -1.835448 -1.087403 3.157245 1.436765 -0.363336 3.283561 1.798629 0.246302 -1.029788 -1.565047 -1.495616 -0.058014 5.000000 -2.015046 1.857726 -1.150154 5.000000 -2.275782 2.564443 5.000000 -2.307377 3.337645
1005 73.1967504951 6.0000000000 4.0000000000 0.7664533829 67.0000000000 5.6127784667 0.8848270645 5.5973883868 0.0376552219 4.6902209176 0.0092498274 31.3307567526 -620.8325147322 26.1062340782 6.6545583164 -4.460100 1.368284 -2.064717 -2.278573 -2.425402 0.847167 4.357026 -5.000000 1.947282 0.110776 0.904614 -0.748819 -4.456656 2.048805 -3.405776 -4.096458 -0.914305 3.238308 0.160009 -2.353081 3.108834 2.355468 -0.135055 4.101720 -0.581737 3.299085 -0.317809 2.850048 -2.363993 0.853588 1.724752 3.587588 1.783860 -3.592409 2.476236 -3.314295 -3.021938 -3.567880 0.007842 2.746603
evaluations raw_y rep iid sigma t d_norm d_mean ps_norm ps_mean pc_norm pc_mean ps_squared loglikelihood mhl_norm mhl_mean x0 x1 x2 x3 x4 x5 x6 x7 x8 x9 x10 x11 x12 x13 x14 x15 x16 x17 x18 x19 x20 x21 x22 x23 x24 x25 x26 x27 x28 x29 x30 x31 x32 x33 x34 x35 x36 x37 x38 x39
1 57.7933320506 7.0000000000 4.0000000000 0.7664533829 67.0000000000 5.6127784667 0.8848270645 5.5973883868 0.0376552219 4.6902209176 0.0092498274 31.3307567526 -620.8325147322 26.1062340782 6.6545583164 3.381051 -0.931875 0.065640 0.815033 -1.577846 0.004131 -0.001781 -3.509449 2.035316 1.200997 -1.250858 -0.343097 1.010599 -0.522713 -0.485498 -2.906483 1.109161 0.247762 0.548920 -3.053049 3.301399 0.308671 -0.774280 4.058144 -0.090772 -2.901357 -0.810456 -4.576630 2.098793 -0.832949 -1.485107 2.144940 -3.302151 1.070859 -4.128830 -1.324319 -2.408440 2.923951 3.532322 -0.658828
8 53.2578554379 7.0000000000 4.0000000000 0.7664533829 67.0000000000 5.6127784667 0.8848270645 5.5973883868 0.0376552219 4.6902209176 0.0092498274 31.3307567526 -620.8325147322 26.1062340782 6.6545583164 -1.175509 -4.244699 -3.537543 -0.445900 1.521320 -0.178129 0.943556 -2.202999 -2.682731 1.771442 0.984289 -0.061018 2.564185 -1.902381 -0.840533 2.052743 3.675589 0.016851 3.359039 -1.205021 0.659500 -0.347647 -3.176497 0.515946 1.865499 -0.296534 -0.140910 2.785855 -2.499427 -2.995177 -1.308078 -2.393246 2.692579 0.619378 -1.728186 -1.228958 5.000000 -1.220180 -1.524049 0.608614
28 38.8566985985 7.0000000000 4.0000000000 1.8762747385 1.0000000000 6.3125072641 0.9980729516 2.8438941126 -0.0735569688 2.4117294301 -0.0623790829 8.0877337235 -1286.8480541120 26.7819634056 6.8726264717 2.952116 -3.132485 -0.981487 3.481186 -2.138288 0.374505 -0.313682 0.156881 1.315131 -1.855231 1.666997 0.258415 1.116585 -2.592297 -4.152232 0.755830 2.766344 -0.876619 -2.141030 1.510552 1.385813 -1.655022 -4.088553 1.081177 1.332340 1.730052 -2.309065 -1.921291 4.268134 1.416709 0.816023 0.797444 3.012075 1.143439 -3.160818 2.102226 0.864492 -3.936592 1.757183 2.665357
410 32.9990489717 7.0000000000 4.0000000000 1.2676021641 27.0000000000 6.0234062869 0.9514603149 5.9366745505 -0.3223498071 5.4517601160 -0.3152369529 35.2441047183 -946.9142209728 24.3971547542 6.2403159933 0.973451 -0.773342 1.580651 3.011623 -3.468840 -2.260461 0.686877 -0.946582 1.831091 -0.745089 1.340135 3.801989 -1.834818 -2.024528 -1.716342 2.617976 -0.025295 -2.313261 2.355975 0.178894 2.153211 -2.178573 -1.371061 1.639957 -1.860662 -4.709501 -3.775159 4.346220 -4.291848 4.164269 -2.239938 -4.551889 -1.002809 -0.301600 -1.725215 -1.584595 -5.000000 -4.160166 -3.113369 -0.002181
1005 70.2176674974 7.0000000000 4.0000000000 0.6282995964 67.0000000000 5.6118030680 0.8846509051 5.6470873215 -0.1534300916 4.7340227629 -0.1425212746 31.8895952164 -472.2474466925 24.8266494333 6.3327636912 2.841432 -0.315706 -4.823166 0.960528 0.711468 -3.653566 -0.578374 0.579804 2.271440 -0.556125 -1.242855 2.946552 -2.252578 -4.050010 -1.215043 -0.056640 -2.834230 -0.016803 2.630205 -0.118530 2.046819 -4.038469 1.222095 2.500957 -1.789651 -5.000000 -3.872649 4.666042 -2.921045 2.230034 -2.535848 -1.276450 -3.659449 -3.546496 -4.760658 -3.820818 -2.894052 -4.699777 -3.208607 -2.065460
evaluations raw_y rep iid sigma t d_norm d_mean ps_norm ps_mean pc_norm pc_mean ps_squared loglikelihood mhl_norm mhl_mean x0 x1 x2 x3 x4 x5 x6 x7 x8 x9 x10 x11 x12 x13 x14 x15 x16 x17 x18 x19 x20 x21 x22 x23 x24 x25 x26 x27 x28 x29 x30 x31 x32 x33 x34 x35 x36 x37 x38 x39
1 85.9929619158 8.0000000000 4.0000000000 0.6282995964 67.0000000000 5.6118030680 0.8846509051 5.6470873215 -0.1534300916 4.7340227629 -0.1425212746 31.8895952164 -472.2474466925 24.8266494333 6.3327636912 0.182409 2.182565 -3.893941 -2.772699 -4.592983 4.819669 3.455672 4.409113 1.589655 1.952842 -2.366854 3.832727 -2.246654 -1.328071 -0.756717 -1.583231 1.719096 -0.461578 -0.131322 -0.417272 2.693737 -1.213906 -0.348496 0.848103 -3.291980 -0.967082 1.070937 2.332281 0.323366 -1.345668 2.885048 -0.442961 0.062529 0.363859 -0.125857 -1.083137 0.949037 -2.329182 -1.001819 -0.817122
3 77.3548586340 8.0000000000 4.0000000000 0.6282995964 67.0000000000 5.6118030680 0.8846509051 5.6470873215 -0.1534300916 4.7340227629 -0.1425212746 31.8895952164 -472.2474466925 24.8266494333 6.3327636912 0.713026 -1.904321 0.303856 0.001270 0.670046 0.749599 1.427632 -2.401627 0.002762 -1.842920 0.992456 -2.663333 -4.381141 -0.872144 5.000000 2.300163 0.168891 4.972496 -0.388711 -0.372427 1.707726 0.614757 -0.144484 -0.937695 -0.130878 2.105222 -2.619266 -1.337453 2.682748 5.000000 -3.681097 0.810082 3.264601 -0.445478 -1.155598 2.484352 -1.106942 -1.445379 -1.143099 -2.780006
6 51.9920758565 8.0000000000 4.0000000000 0.6282995964 67.0000000000 5.6118030680 0.8846509051 5.6470873215 -0.1534300916 4.7340227629 -0.1425212746 31.8895952164 -472.2474466925 24.8266494333 6.3327636912 0.059111 -0.148086 1.085662 -0.337767 -0.640518 -2.389105 0.522916 -5.000000 1.244308 0.384447 2.707172 2.783017 -2.889830 1.150071 -1.630181 -1.043770 1.518821 0.885009 0.875863 -0.181566 0.354081 -2.268281 -1.305441 1.183509 -2.379631 -1.297899 1.471238 -0.111818 -1.678491 0.565519 2.580724 -1.991433 -3.068473 0.210608 -1.769135 -0.735113 -1.157261 -1.816086 -0.125537 0.335981
20 50.4821418606 8.0000000000 4.0000000000 1.8882973751 1.0000000000 6.3091876946 0.9975517622 3.1881008563 -0.0135883952 2.7036297264 -0.0115234714 10.1639870699 -1319.1968134873 27.8901983841 7.0700178351 1.661173 -0.800961 1.226615 -3.739477 -0.676212 1.013500 -3.032755 -2.174351 -0.924756 1.677888 2.570949 2.252605 -0.556983 0.019489 -1.499974 -3.067771 1.550266 -0.892857 1.448584 -1.923435 2.938605 -2.338947 -1.801281 -0.305042 0.640698 0.630967 -0.715822 -1.138281 2.228730 3.244113 2.866361 1.407997 -1.287864 0.174774 1.231041 -0.835422 0.215981 -1.547539 0.547521 -2.730279
30 49.3282552625 8.0000000000 4.0000000000 1.8882973751 1.0000000000 6.3091876946 0.9975517622 3.1881008563 -0.0135883952 2.7036297264 -0.0115234714 10.1639870699 -1319.1968134873 27.8901983841 7.0700178351 0.796079 3.098367 1.481843 -0.839824 -0.866259 -2.312862 -0.037419 -4.056167 0.364224 -0.285042 0.995912 2.975131 -3.689162 -1.496533 -2.485138 0.493971 -2.633285 2.751898 0.530984 -3.001159 -2.249445 -3.088766 -0.869934 -0.153363 -3.138527 0.560185 1.973087 -0.993163 -4.454266 -2.530859 -0.286693 -2.238298 -1.959146 3.201719 0.048276 -0.319411 0.670553 -2.972360 2.623861 1.097892
91 31.6896752647 8.0000000000 4.0000000000 1.5980009694 6.0000000000 6.2505047886 0.9881596821 4.4969174404 -0.0338999237 4.0848027275 -0.0353083942 20.2222664659 -1152.0335928089 25.6594392593 6.5721850536 0.662484 0.129736 0.844724 -2.240865 -4.251787 3.302095 -2.148688 -0.799128 -2.988308 1.247050 2.526465 -1.952610 -1.975017 3.184881 0.289760 0.262572 -0.585665 2.279025 0.158725 -0.255055 -3.699899 -1.787611 -1.409805 -0.117465 0.372613 -1.967973 -0.514373 0.422971 -0.410536 0.324218 0.798816 -0.700312 -2.248103 2.035444 2.437500 -4.228994 2.094757 -1.199578 3.032368 2.360657
1005 49.6821455067 8.0000000000 4.0000000000 0.7569715666 67.0000000000 5.6287953209 0.8872735625 5.6757581099 -0.0126433429 4.9268616448 -0.0032758103 32.2142301218 -591.4427206656 25.1665191814 6.3964161668 4.571375 -1.264412 -0.022846 1.124654 -0.344337 -1.301568 -4.274585 1.416797 -2.318240 -4.330218 0.657645 -2.077409 -2.919650 1.109002 2.870999 -0.792184 2.087365 2.741190 -1.111222 -2.811793 -1.114675 2.989296 -4.634398 1.814249 3.238779 -3.838723 3.861411 -4.207313 1.041319 -0.036850 -2.319808 1.435414 4.748959 -5.000000 3.284932 -1.484940 4.315172 0.419205 5.000000 5.000000
evaluations raw_y rep iid sigma t d_norm d_mean ps_norm ps_mean pc_norm pc_mean ps_squared loglikelihood mhl_norm mhl_mean x0 x1 x2 x3 x4 x5 x6 x7 x8 x9 x10 x11 x12 x13 x14 x15 x16 x17 x18 x19 x20 x21 x22 x23 x24 x25 x26 x27 x28 x29 x30 x31 x32 x33 x34 x35 x36 x37 x38 x39
1 62.6089244231 9.0000000000 4.0000000000 0.7569715666 67.0000000000 5.6287953209 0.8872735625 5.6757581099 -0.0126433429 4.9268616448 -0.0032758103 32.2142301218 -591.4427206656 25.1665191814 6.3964161668 0.002217 -0.579088 -2.232133 -0.025766 -0.756723 -0.962271 -3.034662 -0.981744 -0.481361 -1.295895 1.271782 3.480235 0.593364 1.415007 3.645632 0.861538 3.085459 -1.801442 -0.274250 2.595158 1.350542 0.063916 1.836292 0.761019 1.032735 -0.710479 0.417554 0.656822 -0.996450 -4.183554 -0.165175 4.910365 -5.000000 -1.826559 -0.454629 0.538631 2.260923 2.084795 2.607621 2.778801
3 38.8158423640 9.0000000000 4.0000000000 0.7569715666 67.0000000000 5.6287953209 0.8872735625 5.6757581099 -0.0126433429 4.9268616448 -0.0032758103 32.2142301218 -591.4427206656 25.1665191814 6.3964161668 -0.931637 -0.554879 0.070999 1.696442 0.325997 2.417247 1.005042 -3.167644 2.046067 -1.306035 1.074090 -0.015954 1.849568 0.093217 0.284040 -3.307323 2.735984 0.050212 -0.790965 2.568775 1.122554 0.479451 0.959798 0.123506 -2.141025 -2.546420 1.840152 2.109837 1.080576 0.618127 1.941722 2.309448 0.845218 1.998418 1.767040 -1.060398 1.628270 -2.039768 -4.516474 1.359910
227 38.5567736774 9.0000000000 4.0000000000 1.3515356876 15.0000000000 6.1544791772 0.9726185801 5.1043609348 0.0057839254 4.7393390709 0.0202161355 26.0545005522 -1009.8381381867 24.5810621093 6.2697608403 0.581837 -5.000000 -5.000000 2.932598 4.686057 -5.000000 -1.769722 -2.348705 -1.141574 -4.568018 5.000000 -0.614271 1.836084 3.017558 4.023850 -1.194710 3.733350 0.696207 -0.396974 -1.200772 3.781936 0.763627 0.009986 -1.713330 -3.300096 0.890234 0.240856 -0.686610 2.040902 4.117530 1.442787 2.291526 3.015887 1.300410 3.168458 1.125693 0.001707 2.158994 0.123894 1.961551
1005 105.3635181717 9.0000000000 4.0000000000 0.6693136056 67.0000000000 5.6079027713 0.8839549367 5.4436034558 -0.0828362169 4.6234615651 -0.0949399357 29.6328185843 -516.7561024477 25.3460889679 6.4244429104 -1.373501 -3.982602 -4.412875 1.461797 1.825063 1.179773 -3.151134 1.128402 -4.047610 -1.073394 2.469400 -1.393122 2.471418 -1.602299 2.437273 3.852906 1.727718 3.100592 1.020453 -0.319199 3.489704 -1.843282 0.884540 -3.220125 -4.109400 1.816277 -0.952327 -2.949020 3.687827 3.525968 4.793975 0.637262 1.301238 3.475188 4.049027 -3.688469 -2.539583 -3.498535 -3.359471 0.734744
evaluations raw_y rep iid sigma t d_norm d_mean ps_norm ps_mean pc_norm pc_mean ps_squared loglikelihood mhl_norm mhl_mean x0 x1 x2 x3 x4 x5 x6 x7 x8 x9 x10 x11 x12 x13 x14 x15 x16 x17 x18 x19 x20 x21 x22 x23 x24 x25 x26 x27 x28 x29 x30 x31 x32 x33 x34 x35 x36 x37 x38 x39
1 77.3379394849 10.0000000000 4.0000000000 0.6693136056 67.0000000000 5.6079027713 0.8839549367 5.4436034558 -0.0828362169 4.6234615651 -0.0949399357 29.6328185843 -516.7561024477 25.3460889679 6.4244429104 2.663173 1.430558 -3.090801 -0.016768 1.242672 -1.440171 0.531023 0.217097 0.008583 -0.349200 0.866052 2.406075 -1.930131 2.056548 0.457260 0.890275 -2.273204 0.270274 2.969074 -2.159610 -3.955457 -3.486745 0.532140 4.769935 2.247383 3.345244 0.198298 2.795993 -0.542496 1.226408 -0.534634 -1.098618 0.265417 -0.952284 2.616946 0.390027 0.800420 -0.675265 2.512945 -1.463939
4 60.3727572115 10.0000000000 4.0000000000 0.6693136056 67.0000000000 5.6079027713 0.8839549367 5.4436034558 -0.0828362169 4.6234615651 -0.0949399357 29.6328185843 -516.7561024477 25.3460889679 6.4244429104 -1.146227 -2.640895 2.472411 4.930650 2.766464 0.692466 2.045032 0.333621 3.313433 1.335779 -0.459893 -2.259102 -1.279925 0.627661 -2.451672 -0.443586 2.679853 0.058619 3.970771 2.894331 -0.575259 -2.718621 -0.096083 -0.961575 0.755506 3.228816 -2.246208 -0.777456 0.664700 2.269946 1.021429 0.828595 2.689099 0.987031 -0.474008 0.114570 -1.414143 1.093330 1.885001 -5.000000
9 57.0281365474 10.0000000000 4.0000000000 0.6693136056 67.0000000000 5.6079027713 0.8839549367 5.4436034558 -0.0828362169 4.6234615651 -0.0949399357 29.6328185843 -516.7561024477 25.3460889679 6.4244429104 2.202272 0.744245 -1.766922 2.316103 -2.407307 0.419678 -1.782374 -1.565375 2.159461 -0.925682 -3.030151 -1.077437 1.513244 -1.458798 2.429565 2.016566 0.146566 2.347465 3.725903 -3.967273 2.313378 1.218565 -0.646402 1.328291 0.793452 -1.152234 2.976437 0.280494 2.376634 -0.491491 -3.271173 0.489596 -0.470164 -2.521656 -3.383936 1.232902 2.539383 2.794676 1.068450 0.008204
52 56.3474902233 10.0000000000 4.0000000000 1.7842191770 3.0000000000 6.2848730258 0.9936580755 5.1651184303 0.0741068353 4.5437100363 0.0697372935 26.6784483995 -1222.4681815586 25.6658062822 6.5032451123 -0.320647 1.555224 4.554932 3.470468 -3.621812 3.784208 -2.721111 -1.415587 2.724953 2.437528 1.262477 1.334833 -0.498028 0.907534 1.370995 0.788043 0.685466 0.897749 2.067504 1.881527 1.688953 -0.752398 0.879347 -0.873530 0.729221 5.000000 1.662690 -2.356165 -1.543349 2.779162 -2.055320 0.336520 -3.777129 -0.684427 -1.454057 0.919738 -2.410433 -0.629337 2.067052 -0.153921
67 50.5956298572 10.0000000000 4.0000000000 1.7373792774 4.0000000000 6.2726489972 0.9917031707 4.8515901893 0.1622347608 4.3580510139 0.1447689811 23.5379273652 -1177.8242351655 24.5999364639 6.3059045265 1.459955 0.560864 2.724697 0.434549 0.113151 2.083848 0.783150 -0.618094 1.321205 -0.168141 2.985086 0.903677 -0.219466 3.491489 3.818551 2.863702 -1.534151 3.359673 2.770407 -0.268731 1.958226 -1.099330 1.405519 -0.307140 -0.069084 -1.552131 -1.189250 -0.565397 -3.563433 2.852027 -2.456923 0.907662 -0.718351 1.448766 -2.928495 3.264062 -0.565776 -1.257561 1.340094 0.932281
186 47.6836547601 10.0000000000 4.0000000000 1.4919627016 12.0000000000 6.1802469574 0.9768026107 5.5866272920 0.0461576625 5.3426913741 0.0735560417 31.2104045002 -1092.2625420788 25.4028653925 6.4115422773 1.292216 4.887491 4.423538 -1.474051 -3.641716 -2.463739 -0.996070 -4.412597 4.925528 -0.738962 0.846242 -0.392878 -1.894084 -1.718272 5.000000 2.859202 3.231908 4.078853 4.993772 2.184147 -2.698835 0.023024 0.328072 -2.693244 -0.294170 3.932607 -3.007568 -1.174042 -2.181028 4.783204 -2.344719 1.527745 -5.000000 2.785497 0.540717 3.030689 -0.147125 4.670893 -1.118714 2.917061
313 46.0644285191 10.0000000000 4.0000000000 1.3295073962 20.0000000000 6.0968452356 0.9632637517 4.9368834847 -0.1591066153 4.3471598967 -0.1144681084 24.3728185411 -1040.4352089013 26.6093621650 6.8185558150 1.583732 5.000000 1.124479 0.872666 1.520639 -0.259185 -0.855088 -2.779343 0.938685 -4.384546 -0.035161 -4.101028 -1.143105 -2.849104 3.985219 1.877939 4.537379 3.326160 3.529881 -0.729954 -1.872691 0.361512 1.070189 -0.630940 0.590768 3.826092 -2.008201 1.735781 -2.060842 4.679566 -2.562103 3.336709 -3.105853 2.119838 -1.246768 1.165190 -2.434301 4.880536 1.956090 -0.172017
341 40.8594946146 10.0000000000 4.0000000000 1.2877815212 22.0000000000 6.0758565386 0.9599006567 5.8876740380 -0.0230042416 5.2030147463 -0.0162848538 34.6647055772 -990.4128714080 25.5170434159 6.4874086185 0.845061 3.938601 4.275699 0.505357 -2.702372 -0.924567 0.921758 -1.539757 -0.060016 -1.819015 -0.623175 -0.166104 -2.753883 -2.526757 3.651111 3.562504 2.176341 3.748225 1.927577 0.189993 -1.614378 -3.140398 1.039186 -5.000000 -1.425546 4.194823 -1.773190 0.133995 -2.483777 3.718355 -1.391480 3.499630 -4.411126 0.854252 -1.417170 -0.113012 -4.660634 1.999263 1.317341 2.167234
423 40.2382024430 10.0000000000 4.0000000000 1.1023259946 28.0000000000 6.0099916960 0.9493205168 4.4178339798 0.0756402664 3.9855745632 0.0579703406 19.5172570728 -897.5748466789 25.9729531008 6.6351022463 -0.340036 0.948761 5.000000 1.156860 -1.780487 -0.704415 0.750749 -1.632308 -0.928467 -2.246820 4.052204 -1.953511 -1.261370 1.469788 2.356105 2.649826 4.915794 5.000000 2.442938 1.335921 -1.321019 -1.431958 0.168354 -4.383881 -0.979356 1.205190 -4.419202 2.637874 -2.753758 2.418188 -4.726058 2.909443 -3.836421 2.316206 -1.271993 1.840434 -2.060805 2.902837 1.623206 0.980160
716 39.9807106171 10.0000000000 4.0000000000 0.7454188325 47.0000000000 5.8056477015 0.9164501361 5.7641401122 0.0389977707 5.2006960143 0.0075014224 33.2253112331 -613.1012336834 25.1516377694 6.4378757365 -0.429045 1.067536 4.011833 -3.014606 -2.634416 -2.222798 -0.244477 -1.092645 -0.270606 -3.704222 4.481725 -2.086858 -1.497809 1.273243 3.727930 4.006039 3.689690 2.302224 4.256792 3.468888 -3.040894 -2.470608 -1.282292 -2.738142 -0.036540 1.777928 -4.359497 2.723937 -1.249258 2.008166 -0.310103 3.404176 -3.784845 -1.060961 -0.130337 1.638331 -3.380726 5.000000 2.497794 2.346180
1005 54.4095805221 10.0000000000 4.0000000000 0.5977381353 67.0000000000 5.5903902293 0.8812852461 5.0013422522 -0.0016243552 4.5322053307 -0.0198742260 25.0134243235 -457.4107578269 25.7712835156 6.5064900873 -2.854036 3.356024 4.563013 -3.762525 -0.941853 -2.675906 -2.673874 -0.920236 1.085521 -3.466212 5.000000 -2.712504 -3.892517 3.956966 4.334587 4.187152 2.203195 2.178298 3.144079 1.886467 -2.020202 -2.849492 -1.131193 -2.266353 0.354994 -0.030020 -3.682464 0.939837 -2.037096 0.895534 -1.642988 3.336990 -3.448295 0.421623 -0.520180 0.729883 -4.425048 4.546188 0.915702 1.591951
evaluations raw_y rep iid sigma t d_norm d_mean ps_norm ps_mean pc_norm pc_mean ps_squared loglikelihood mhl_norm mhl_mean x0 x1 x2 x3 x4 x5 x6 x7 x8 x9 x10 x11 x12 x13 x14 x15 x16 x17 x18 x19 x20 x21 x22 x23 x24 x25 x26 x27 x28 x29 x30 x31 x32 x33 x34 x35 x36 x37 x38 x39
1 86.0657616031 11.0000000000 4.0000000000 0.5977381353 67.0000000000 5.5903902293 0.8812852461 5.0013422522 -0.0016243552 4.5322053307 -0.0198742260 25.0134243235 -457.4107578269 25.7712835156 6.5064900873 3.498909 -0.572146 -0.969130 -5.000000 -0.016569 -0.639263 -1.073259 0.630805 0.842101 -2.131206 -1.772479 -0.951467 1.379365 1.122384 -2.611097 -2.238951 1.473675 3.149268 -0.062150 -1.366893 2.191259 -0.619153 1.451504 3.098143 1.260160 0.146986 1.464543 -1.285151 -0.356186 -1.147909 -0.408751 -0.972990 -0.371551 -0.761073 0.177955 0.127343 0.592694 2.805542 -3.093725 2.591237
2 74.5347459934 11.0000000000 4.0000000000 0.5977381353 67.0000000000 5.5903902293 0.8812852461 5.0013422522 -0.0016243552 4.5322053307 -0.0198742260 25.0134243235 -457.4107578269 25.7712835156 6.5064900873 -0.474501 -2.464692 -0.344840 0.183677 2.135117 -2.123269 0.434696 0.235639 -3.368222 -2.371511 1.200204 1.391135 2.175422 1.067643 0.790424 0.245735 2.418203 -1.686132 -0.283787 0.770708 -3.154989 2.621887 -1.585730 -0.143499 4.313349 -1.658875 -1.058744 3.123407 -2.160388 -0.864115 1.032168 0.910786 1.187372 0.741013 2.690756 2.031884 1.190557 -1.365603 -1.427120 -3.816579
4 56.3976040510 11.0000000000 4.0000000000 0.5977381353 67.0000000000 5.5903902293 0.8812852461 5.0013422522 -0.0016243552 4.5322053307 -0.0198742260 25.0134243235 -457.4107578269 25.7712835156 6.5064900873 -3.064285 0.437737 0.371327 3.665553 -2.257789 0.033994 -0.848858 -0.265820 3.318409 0.757281 -0.929132 0.307682 1.532321 -1.988055 -0.528685 3.084418 1.712304 -0.089605 -0.954978 -0.308131 -3.102159 1.886072 0.682307 0.276546 -2.594845 -1.429925 1.028959 0.515433 -0.993461 1.010044 1.877566 -1.350041 -1.061716 -1.739724 -2.310528 1.593344 1.020056 0.677428 -2.344240 -2.091935
5 52.4849952013 11.0000000000 4.0000000000 0.5977381353 67.0000000000 5.5903902293 0.8812852461 5.0013422522 -0.0016243552 4.5322053307 -0.0198742260 25.0134243235 -457.4107578269 25.7712835156 6.5064900873 -0.135337 -0.826420 0.240166 -1.397943 1.308050 3.598960 3.093212 3.219748 0.142040 1.843150 -0.753660 1.839965 -0.756845 -0.977951 -1.288788 1.398282 0.550813 0.372651 -2.279611 0.283610 -2.881439 2.953026 -0.263107 0.388858 -0.210299 -3.167925 -2.743547 -0.056637 2.984943 -2.230474 -1.410828 -0.094465 -3.374561 -3.394684 -0.822908 -0.090550 -0.782346 3.068445 -0.328386 0.720733
66 49.3603331281 11.0000000000 4.0000000000 1.6852428880 4.0000000000 6.2781564886 0.9925665739 5.0000152910 -0.2314971812 4.3982518736 -0.2015107981 25.0001529107 -1186.4332662950 25.5618183858 6.5422250715 1.871844 4.409793 0.118609 -0.310364 2.949138 -1.751251 -2.573891 1.951611 1.593968 4.880663 -2.750992 4.946749 0.825704 2.614560 -2.361789 2.079017 0.313605 -2.792983 -1.049166 2.697329 -1.762322 0.786990 2.696311 2.031536 0.028180 -2.631204 0.050608 1.442865 -1.013295 -2.308559 -2.568274 -3.688069 -2.762486 -4.789041 -0.596955 -0.235843 -3.947856 -1.839112 -0.623258 2.210100
126 39.4480137274 11.0000000000 4.0000000000 1.6551529396 8.0000000000 6.2354018524 0.9856418747 6.2502521236 0.1443247825 5.8095227366 0.1111575205 39.0656516084 -1143.0838730590 24.5568378024 6.2860652794 -0.673679 5.000000 -3.401815 -2.378393 4.939728 -1.722443 -2.278478 2.971700 2.124162 1.414552 0.376081 3.726354 0.896075 -0.828542 -1.231070 0.861313 -0.639430 -1.176096 -3.092384 3.327681 -3.846927 2.009698 1.932377 0.129548 -2.366180 1.352459 -1.732184 5.000000 -1.198118 0.512407 -0.590175 -4.012001 -2.831667 -1.835719 3.772563 4.288803 0.405788 -4.771382 -0.852504 1.565376
1005 123.3098168959 11.0000000000 4.0000000000 0.7183260746 67.0000000000 5.6179345799 0.8858304552 5.8543721773 0.1759299484 4.8997556900 0.1181286671 34.2736735904 -594.6002234735 26.5570217860 6.7868091817 4.030150 1.451315 -1.774058 -0.529697 2.116047 -3.460994 -4.500745 3.660895 0.715965 -0.544178 3.223189 2.383267 -1.027500 -2.229623 -2.802556 3.064767 -0.230246 -2.568533 -1.552396 3.532794 -3.381181 2.369290 0.231378 0.998821 0.407444 1.886257 -1.035183 1.457887 -2.005967 2.051740 -4.790456 -4.498859 1.153585 1.486726 4.069225 2.389360 3.679382 1.918646 -0.493695 -0.369546
evaluations raw_y rep iid sigma t d_norm d_mean ps_norm ps_mean pc_norm pc_mean ps_squared loglikelihood mhl_norm mhl_mean x0 x1 x2 x3 x4 x5 x6 x7 x8 x9 x10 x11 x12 x13 x14 x15 x16 x17 x18 x19 x20 x21 x22 x23 x24 x25 x26 x27 x28 x29 x30 x31 x32 x33 x34 x35 x36 x37 x38 x39
1 93.1195801758 12.0000000000 4.0000000000 0.7183260746 67.0000000000 5.6179345799 0.8858304552 5.8543721773 0.1759299484 4.8997556900 0.1181286671 34.2736735904 -594.6002234735 26.5570217860 6.7868091817 0.945972 -1.362852 0.484879 -3.401471 1.506286 -3.069443 0.010254 -0.240455 -1.613964 5.000000 -1.195646 0.944914 2.191912 -2.430338 2.684713 -0.244300 2.025031 -1.827738 -2.059060 2.419593 1.003745 0.277692 1.281522 1.054665 -2.308720 -4.426667 -3.363513 -3.576189 -4.437070 -1.294862 -1.056809 -0.078418 0.429952 -0.768718 -0.507808 0.146504 -1.994408 -1.427713 0.070833 -1.355891
3 81.9812661987 12.0000000000 4.0000000000 0.7183260746 67.0000000000 5.6179345799 0.8858304552 5.8543721773 0.1759299484 4.8997556900 0.1181286671 34.2736735904 -594.6002234735 26.5570217860 6.7868091817 -2.678778 -3.379306 -0.398655 0.515545 3.657641 -2.002003 -4.183382 0.293119 -0.932702 0.712446 -0.795759 -2.518447 -1.377757 1.605261 0.544782 -1.938353 1.743936 -2.892719 -1.072963 0.395841 -2.731280 -2.388889 0.031869 -0.160087 -0.501605 -1.130286 -2.205344 -1.564565 5.000000 -1.252162 3.011802 -1.174672 2.731706 2.464090 0.901778 -1.282820 -2.755192 1.931493 -2.568007 -2.549144
4 77.4059046248 12.0000000000 4.0000000000 0.7183260746 67.0000000000 5.6179345799 0.8858304552 5.8543721773 0.1759299484 4.8997556900 0.1181286671 34.2736735904 -594.6002234735 26.5570217860 6.7868091817 3.045684 2.923765 0.075312 -0.492394 -1.328595 0.702671 -0.968063 -3.026175 -1.527061 0.498406 -3.179617 -1.959052 0.245523 3.378584 0.355500 0.064012 3.866431 -2.124189 -1.465258 1.685483 2.153480 0.915381 -5.000000 1.478093 1.335002 0.092805 1.332155 2.815897 0.102298 -1.871950 -3.678219 0.127557 -1.427936 -1.123769 -2.264938 0.548582 1.471824 0.868637 -2.240082 1.778189
7 61.7729844419 12.0000000000 4.0000000000 0.7183260746 67.0000000000 5.6179345799 0.8858304552 5.8543721773 0.1759299484 4.8997556900 0.1181286671 34.2736735904 -594.6002234735 26.5570217860 6.7868091817 0.449094 -2.326934 -5.000000 1.187939 0.662786 -2.145630 2.578897 -0.171043 -0.953248 -1.927429 2.307966 -0.889732 -1.019288 -0.949986 -1.582856 -3.386237 -1.482326 -1.775303 1.388769 -2.635566 1.365111 -1.045965 -1.636836 -0.354599 0.065004 0.202543 1.151923 0.420754 -3.112629 -1.386631 3.249218 -0.241331 -4.697163 0.334515 3.399929 2.337798 0.110676 0.435762 1.291150 -0.316522
13 59.6354909255 12.0000000000 4.0000000000 0.7183260746 67.0000000000 5.6179345799 0.8858304552 5.8543721773 0.1759299484 4.8997556900 0.1181286671 34.2736735904 -594.6002234735 26.5570217860 6.7868091817 -1.284940 0.440615 0.664927 1.136303 0.165924 -4.057563 1.014629 -2.373327 2.042552 -0.038207 -0.005230 -1.299901 3.508103 -1.555244 2.779360 3.283845 5.000000 2.767911 -0.154633 -1.823653 -1.429241 -2.922055 2.809695 0.757009 -2.127042 1.598717 0.290684 2.168397 0.830848 -2.071098 0.445258 1.945671 0.339493 0.329919 -2.365201 -1.160918 0.235877 1.724765 -1.046389 -0.628368
17 55.1229522939 12.0000000000 4.0000000000 1.8768663346 1.0000000000 6.3107955536 0.9978027422 2.8608829725 -0.0503624205 2.4261366239 -0.0427092314 8.1846513822 -1287.1854938792 26.8295883268 6.8682991508 0.085614 -1.440011 -1.071945 2.110274 -0.892522 -2.309034 -1.252205 0.933725 -2.638812 -0.063943 1.692706 -0.745979 -0.413985 0.354675 -3.770660 1.787004 -0.933989 -2.136749 -3.253200 -2.602538 -0.719883 -2.841438 2.593274 -2.149846 -0.675702 1.949387 0.743843 0.587512 -0.085288 1.111650 5.000000 1.002970 -0.844543 0.045280 3.926005 -2.873445 -1.060938 3.612022 1.377958 1.908148
44 54.8871041880 12.0000000000 4.0000000000 1.7942657779 2.0000000000 6.3021734378 0.9964144963 3.8597777137 -0.0023049598 3.2951324599 -0.0038466252 14.8978839993 -1260.3303479428 26.8280483884 6.8654287976 0.071938 -1.732912 -0.380994 -0.486621 2.190644 -5.000000 0.757165 -1.890996 -2.509469 -1.356246 0.818257 -1.698999 -1.808915 -0.340631 -2.499980 0.008255 2.609400 0.665686 -1.645085 -2.111581 -1.894146 -1.022719 2.461952 -0.281577 -1.742626 0.224984 0.593007 3.443835 -1.393220 0.549703 0.886312 -1.636931 0.777713 -0.692951 0.126588 -1.682062 0.551347 -0.055599 2.876489 0.179158
61 47.5215522041 12.0000000000 4.0000000000 1.6814001556 4.0000000000 6.2759198293 0.9922175745 4.5028732048 -0.2450287509 3.9964764971 -0.2108157791 20.2758670984 -1171.4775354675 25.1252231023 6.3701589746 -3.456236 -1.241934 -2.119845 -1.025462 2.205427 -2.364521 -2.424777 -2.982295 -1.370177 -2.913127 -0.272685 -0.936945 -3.413415 -2.529179 -0.473162 1.696850 -0.095272 -1.327101 -1.676530 1.418519 -3.196252 -1.817276 1.001418 1.765874 0.365977 4.421344 -3.099661 3.145331 -0.955807 -0.085450 0.586743 0.012159 -2.604702 0.192841 -0.594109 -2.021123 0.805139 3.745523 -1.411796 -1.585973
233 46.7222769458 12.0000000000 4.0000000000 1.2888242308 15.0000000000 6.1505590080 0.9720667672 4.4440210222 -0.1688844787 4.1467047056 -0.1993791490 19.7493228460 -994.3021683715 25.1916146484 6.4653133163 0.092685 -1.672281 -2.818261 -1.243349 1.870711 -3.796891 -1.440470 -4.321926 -2.847073 -5.000000 -1.901602 -1.254405 -4.562806 2.271259 -2.662028 1.315675 0.805571 -0.917767 0.046603 -4.654045 -2.874085 -0.626675 4.576946 -3.474139 -0.575018 1.457023 1.500159 4.180295 -1.425367 -3.439150 2.141750 1.587755 -1.236145 -1.827612 -1.209779 -0.789426 -2.046143 4.631171 -2.396980 -0.673675
248 43.8045327449 12.0000000000 4.0000000000 1.2365673164 16.0000000000 6.1408446156 0.9705049201 4.0546708575 -0.0631928663 3.8699950624 -0.1109898985 16.4403557623 -980.2265355287 25.6254696543 6.5746336208 -0.103228 -2.605543 -1.962484 -2.098126 0.184561 -4.431434 -0.030817 -5.000000 -0.754911 -5.000000 -0.585815 -0.351498 -3.460509 1.049455 -0.018983 0.522185 -1.559939 -1.676260 -2.446109 -2.573925 -3.273764 0.485184 1.437908 0.229452 -2.114892 2.332395 2.842963 4.134792 -1.986066 -4.548345 -0.197918 1.227446 -0.956108 -1.740497 -2.122340 -0.713534 -0.667422 4.198580 -3.828805 0.242839
649 38.8253849847 12.0000000000 4.0000000000 0.9019969762 43.0000000000 5.8517001253 0.9238221006 5.8223531530 0.1814839627 5.1552500226 0.1480670007 33.8997962385 -725.9362984639 24.8116517587 6.3123973259 3.073110 1.928706 -1.862123 -0.859125 0.957227 -1.134394 -1.578711 -3.417195 4.620483 -3.744975 -2.408148 -4.375872 -1.252907 -1.141210 -0.995662 0.294740 1.198164 -4.182719 -1.508922 0.088094 -3.631600 -4.968427 1.464783 -4.907313 -1.383763 -0.252218 2.805557 4.409161 1.074122 -3.508058 -1.792893 4.600334 -1.152265 -1.698977 -0.834879 -1.032758 2.911637 3.737405 -2.406247 -0.939838
906 32.2742951801 12.0000000000 4.0000000000 0.6577663783 60.0000000000 5.6613342616 0.8930791052 5.2771237723 0.1933546356 4.5402780984 0.2066951715 27.8480353084 -501.4427310800 24.6205039659 6.2520870037 3.302074 3.266510 -0.634793 -4.112655 2.705510 -1.134558 -2.370738 -2.199715 4.506140 -1.519112 -2.603478 -1.380964 -2.419797 -2.035465 -1.355594 0.489742 1.254410 -3.905195 -0.969561 1.918945 -3.843968 -2.188719 2.063308 -3.808210 0.184206 1.076639 0.788523 3.471948 2.008587 -0.000501 -1.436102 3.855234 -2.734557 -1.895218 -0.770575 0.813579 2.259309 3.388519 -3.138582 -0.854567
1005 52.6339119494 12.0000000000 4.0000000000 0.6074962825 67.0000000000 5.5886671562 0.8813600498 6.1013683701 0.3168902618 5.2412895905 0.2931936119 37.2266959881 -479.5981213584 26.0482326291 6.6625254259 3.748024 2.536198 -0.664123 -3.228550 2.227214 -0.274814 -0.634227 -1.624227 4.436199 -3.780079 -1.172836 -3.195084 -1.911209 -0.297318 -0.816022 0.200490 1.885897 -3.187965 0.032423 0.777018 -2.667874 -2.970260 3.833958 -3.735913 -0.159556 -0.420033 2.365764 3.886552 1.270869 -0.094544 -0.661083 3.828927 -2.678049 -2.523733 -1.632643 0.168195 2.019709 3.379589 -3.235565 0.560275
evaluations raw_y rep iid sigma t d_norm d_mean ps_norm ps_mean pc_norm pc_mean ps_squared loglikelihood mhl_norm mhl_mean x0 x1 x2 x3 x4 x5 x6 x7 x8 x9 x10 x11 x12 x13 x14 x15 x16 x17 x18 x19 x20 x21 x22 x23 x24 x25 x26 x27 x28 x29 x30 x31 x32 x33 x34 x35 x36 x37 x38 x39
1 61.4602468627 13.0000000000 4.0000000000 0.6074962825 67.0000000000 5.5886671562 0.8813600498 6.1013683701 0.3168902618 5.2412895905 0.2931936119 37.2266959881 -479.5981213584 26.0482326291 6.6625254259 -1.424781 1.507533 -0.089006 0.903625 2.690203 1.064676 2.700376 1.722423 2.957371 -2.090754 -1.577978 -2.523212 1.125694 -0.486653 1.827481 0.634702 0.254607 4.300766 1.212577 -0.053543 -1.968322 2.381411 1.905661 -2.174363 -0.290423 0.475716 -3.278187 -0.556269 2.798477 -3.230216 0.981744 3.785484 -1.241959 -0.907505 0.434903 1.028658 0.794483 -3.025690 -1.528068 0.202540
6 59.4602911811 13.0000000000 4.0000000000 0.6074962825 67.0000000000 5.5886671562 0.8813600498 6.1013683701 0.3168902618 5.2412895905 0.2931936119 37.2266959881 -479.5981213584 26.0482326291 6.6625254259 1.487090 -1.325162 -0.610362 0.082895 -2.133926 5.000000 1.050659 -2.553756 -2.828309 0.253460 -0.769698 -3.101914 -3.441591 0.035964 -0.930883 0.800955 -0.234479 2.201673 -3.660708 1.203871 -1.627068 -1.871910 1.926063 -3.855755 -0.176193 -0.723696 2.390051 -2.923012 0.700426 0.946951 -0.036844 0.215349 -0.311599 -2.926956 -1.066989 -3.864712 1.879958 1.901214 -2.822485 2.409487
13 58.5869096817 13.0000000000 4.0000000000 0.6074962825 67.0000000000 5.5886671562 0.8813600498 6.1013683701 0.3168902618 5.2412895905 0.2931936119 37.2266959881 -479.5981213584 26.0482326291 6.6625254259 1.514223 -2.417145 1.877207 -2.293377 0.461640 1.093516 -0.815233 -1.336616 0.522879 0.937869 0.223261 0.565981 -2.939269 -0.292739 -2.167183 -0.000299 -2.305452 -1.826893 -2.105336 -1.117221 -0.878666 -0.570578 0.823888 -2.222869 2.829007 -1.092530 -1.911739 0.200711 -1.235378 -1.357637 -0.029289 -2.922182 1.594340 -3.143008 -1.780430 1.713620 1.822750 0.282579 -3.231768 -1.175531
45 55.7267855175 13.0000000000 4.0000000000 1.8062434780 2.0000000000 6.2991206431 0.9959400103 3.9790041591 -0.0919365687 3.4403881494 -0.0836112760 15.8324740983 -1267.8107781563 27.0558804126 6.8931522065 -0.276395 -0.487639 0.634555 -1.115784 0.371633 1.850078 -3.883974 -1.103677 -0.888150 0.969408 -1.660472 -1.266588 -2.792941 -1.259126 -2.417439 -1.687994 -0.956936 -2.367230 -2.774407 0.329164 -1.777603 -4.870521 -0.406147 -1.894371 -1.796174 -1.832594 -0.972616 -3.156728 1.067624 -2.282969 2.401406 2.552890 3.203810 -0.957350 -1.191612 2.844853 3.070885 2.434883 0.860614 -3.471791
102 53.1639880694 13.0000000000 4.0000000000 1.5457415927 6.0000000000 6.2541220484 0.9887114394 4.3177903042 -0.0831943064 3.8208228521 -0.0846651787 18.6433131113 -1146.6164807493 26.2261120056 6.7251350147 3.464777 1.040059 4.012932 -3.678180 0.927408 2.663276 -1.721883 -1.026561 -1.236469 -2.205017 0.366730 -1.984065 -3.450622 -1.113994 0.054864 -0.824482 -0.547061 -0.186826 -2.231130 -2.478941 -2.135183 -4.057891 -0.748889 1.614898 2.400210 1.968616 4.351450 -2.511898 1.214247 -1.045337 -2.159879 3.470027 0.618934 1.134527 -0.695195 1.512783 1.030416 0.576134 -2.588612 -2.611555
106 50.9711827778 13.0000000000 4.0000000000 1.5057428482 7.0000000000 6.2433084943 0.9869768918 4.8723721762 -0.0929286973 4.3797996196 -0.0959282295 23.7400106230 -1100.3991687681 25.0790378045 6.4265963500 4.976803 1.208525 2.515277 -2.854883 -1.729992 -1.870219 -2.788019 -0.055056 -0.588906 -1.133888 0.196309 -2.186755 -3.651702 -2.320694 0.510367 -0.811052 -1.822260 -1.505293 -3.324098 -3.577502 0.706404 -3.009459 -2.603821 -0.504193 0.999329 0.702004 -0.910320 -3.155045 1.718303 -2.325575 -2.498353 1.633614 2.129594 1.367232 0.569191 1.667665 2.476832 -2.930413 -2.044136 -0.916489
141 44.0693803318 13.0000000000 4.0000000000 1.4826954644 9.0000000000 6.2244064117 0.9839071908 6.2764886891 -0.3632617803 5.7372429191 -0.3342603964 39.3943102643 -1128.0135826130 26.6109338945 6.8082594520 0.904731 -1.549035 2.896336 -2.591733 2.024066 -3.514376 -0.554891 -2.748174 2.075395 -2.303831 -0.467746 -2.527814 -5.000000 -1.973503 -0.975028 -1.502462 -1.775858 -3.171551 -4.207299 -0.583703 0.969107 -4.009462 -0.408811 -0.923311 2.076474 -1.567243 1.390201 -5.000000 1.300484 -3.601883 0.944782 1.533237 2.077183 -0.735614 -0.731678 2.325110 0.511586 -1.717187 0.405789 1.806551
620 42.7598817838 13.0000000000 4.0000000000 0.9702631327 41.0000000000 5.8880397876 0.9293934303 5.0842884995 0.2742006239 4.2243591738 0.2321380888 25.8499895457 -783.5103330939 25.1749575703 6.4244671549 0.817093 -1.337428 2.569800 -2.337357 -2.461291 -2.217045 -3.861187 -2.280105 0.735191 -1.127333 1.007643 -0.284379 0.836711 0.362007 1.456430 1.014598 -4.940547 0.193768 -1.326612 -5.000000 3.133134 -3.824439 -2.059720 -0.626237 0.990444 -1.408150 1.904928 -3.767133 0.807505 1.756591 0.274480 -1.763269 3.325529 4.257169 -1.726692 2.495348 -1.187297 -3.007522 1.040317 2.938180
1005 81.3341490580 13.0000000000 4.0000000000 0.7017484370 67.0000000000 5.6194970290 0.8860654439 5.3870636431 -0.1431391695 4.7596785158 -0.0931954237 29.0204546948 -557.7369484313 25.7274149496 6.5573862703 -1.991187 -1.966034 4.217902 -1.412049 -3.774204 -4.437439 -1.065769 -0.189934 -0.721091 -3.440142 -1.853558 -0.528086 1.440537 2.079812 3.162929 1.725289 -3.664435 0.039749 -2.234248 -2.020268 4.699105 -4.578938 -2.000407 1.859235 -1.824190 0.902689 1.150827 -2.187261 3.875584 2.057566 -0.554367 -2.137405 4.498337 -0.031641 -3.756398 1.741056 0.260583 -0.810431 1.892357 5.000000
evaluations raw_y rep iid sigma t d_norm d_mean ps_norm ps_mean pc_norm pc_mean ps_squared loglikelihood mhl_norm mhl_mean x0 x1 x2 x3 x4 x5 x6 x7 x8 x9 x10 x11 x12 x13 x14 x15 x16 x17 x18 x19 x20 x21 x22 x23 x24 x25 x26 x27 x28 x29 x30 x31 x32 x33 x34 x35 x36 x37 x38 x39
1 71.9121993847 14.0000000000 4.0000000000 0.7017484370 67.0000000000 5.6194970290 0.8860654439 5.3870636431 -0.1431391695 4.7596785158 -0.0931954237 29.0204546948 -557.7369484313 25.7274149496 6.5573862703 3.102678 0.158372 0.347953 -0.144673 -4.008659 0.289356 -3.002337 0.422219 -1.116410 2.169058 -0.372578 0.029323 -2.151139 1.284504 -0.360673 1.240601 1.621949 1.555872 -0.474979 -3.783825 -2.344244 1.672414 2.018547 2.586199 -1.098662 -1.963426 1.829346 1.746141 0.044222 -0.008287 -2.698252 -0.416436 2.653081 -1.832521 -0.940026 -0.298885 -0.650520 -3.611447 -1.000740 -1.129561
2 62.0701134591 14.0000000000 4.0000000000 0.7017484370 67.0000000000 5.6194970290 0.8860654439 5.3870636431 -0.1431391695 4.7596785158 -0.0931954237 29.0204546948 -557.7369484313 25.7274149496 6.5573862703 -0.628857 -0.793354 0.011866 -1.994276 3.382195 -0.632882 2.930269 2.927203 0.257823 -2.356486 -4.333018 -3.043626 -0.585776 0.320977 -1.565702 -1.034804 5.000000 0.550408 -2.423185 1.174485 -1.963673 -4.877099 0.272235 -1.615176 0.040162 3.519721 0.105795 -1.799621 3.176899 -4.352323 -2.434431 2.708939 2.954455 -0.652441 -1.567738 0.501862 0.467144 0.151110 -1.135736 -2.784895
28 55.5020627319 14.0000000000 4.0000000000 1.8906673119 1.0000000000 6.3131140240 0.9981630658 3.2556932453 -0.1215837898 2.7609506207 -0.1031076378 10.5995385076 -1300.5835377606 27.1114895524 6.9463971475 0.314577 -2.351466 1.209913 -0.663917 3.566535 4.746073 2.104319 2.597701 5.000000 -2.453453 -4.769869 -0.058614 -0.091840 -1.603264 -3.381464 -0.571275 3.229325 3.589448 0.064854 1.240008 1.297945 -0.648199 -0.219172 -0.766800 -0.837193 1.453242 0.399922 -2.321075 2.571397 -3.319921 -2.081753 1.157351 3.364112 -0.654086 -2.702152 1.355057 -1.231105 -2.316936 -0.511920 -0.670137
35 49.4486890242 14.0000000000 4.0000000000 1.8404839400 2.0000000000 6.3016712363 0.9963235500 4.8355189697 -0.0886857866 4.1912886290 -0.0801260536 23.3822437065 -1267.6440698095 26.5657615632 6.7673933792 -1.635472 -2.971354 -0.614575 -1.685694 0.617998 3.959765 0.907421 0.643690 3.717134 0.211633 -3.303992 -4.284086 -0.408438 0.429234 -0.701742 4.755098 0.213759 2.851632 -1.580991 0.732553 -1.256477 -1.588280 -0.880648 0.046475 -1.108750 2.412945 -4.509705 3.768289 -0.335846 -3.525759 -1.498532 -1.633044 0.885402 -0.819524 0.404711 -0.451802 -1.483594 -0.741599 1.534844 0.220704
61 48.9247767539 14.0000000000 4.0000000000 1.7440910374 4.0000000000 6.2749317814 0.9920354224 5.0278271017 -0.1415223707 4.5497296258 -0.1284782529 25.2790453642 -1178.0369263105 24.4922879155 6.2230899944 -5.000000 -1.221450 -0.182512 -3.449088 3.389786 2.848953 0.977066 3.183289 5.000000 -0.764925 -3.014634 -0.086602 -2.111658 1.591802 -1.516204 1.186607 1.173841 0.751650 -4.945542 -4.612026 0.850319 -1.747830 0.920929 -0.568183 2.356896 3.282870 -0.069297 0.114747 2.375801 -4.642857 2.159419 2.217005 2.851080 0.353506 1.842728 -2.845249 -0.450096 -0.423596 1.671958 -0.018001
64 46.4357724712 14.0000000000 4.0000000000 1.7440910374 4.0000000000 6.2749317814 0.9920354224 5.0278271017 -0.1415223707 4.5497296258 -0.1284782529 25.2790453642 -1178.0369263105 24.4922879155 6.2230899944 -2.588541 -1.525244 1.252266 -0.983102 3.478644 2.539219 0.100916 1.912294 5.000000 -2.649787 -1.845330 5.000000 -3.608122 1.291657 -1.454444 0.685712 4.422274 3.054323 -1.156860 -1.722267 0.047836 0.482565 0.745558 -2.112069 -0.614561 2.722272 -2.809762 0.945272 0.129588 -2.640729 -1.491898 -1.427022 -1.234856 -2.906640 -0.887081 -0.452154 -2.101231 -0.863734 1.748260 -2.294320
142 41.7250030702 14.0000000000 4.0000000000 1.5591478627 9.0000000000 6.2179909639 0.9828850639 4.5047818235 0.0473381562 4.2287546500 0.0336975524 20.2930592777 -1151.3163101558 26.4389828737 6.7605826048 -1.607669 -1.066850 1.297453 -1.244520 1.181430 1.869405 3.347748 0.702694 2.521811 -0.157008 -0.436987 2.022390 -2.273526 2.645294 -0.775394 0.667089 5.000000 0.994331 -2.721431 -2.618769 -0.924142 -3.173862 -1.184161 2.282262 1.068052 1.139557 -1.122397 -0.602104 -2.366316 -1.398984 -1.577457 -1.168221 1.723396 0.100773 1.058320 -3.136677 1.562229 0.116534 4.409356 0.071276
492 33.0167642080 14.0000000000 4.0000000000 0.9479352038 32.0000000000 5.9566780094 0.9407384419 4.6151706233 0.0887349566 4.3003624321 0.0802143564 21.2997998825 -768.0435980124 24.6840836986 6.2870320542 -3.032718 1.031807 1.774694 0.052448 -2.954150 1.968761 2.351879 0.302229 3.383680 -4.414386 -0.513084 0.008510 0.357896 1.332843 -4.491679 4.964835 2.295338 1.661641 -3.624014 1.069920 2.178810 -0.637316 4.341988 3.994612 -0.137230 2.296445 -2.671325 -3.893777 -0.583107 -2.271666 -2.624143 -1.452386 4.680015 5.000000 1.577301 -3.283008 -3.140947 -1.283125 5.000000 -1.328466
1005 64.3710889706 14.0000000000 4.0000000000 0.6648511794 67.0000000000 5.5819811881 0.8800620600 5.6221301068 -0.0103091826 5.0459856678 -0.0353034887 31.6083469376 -534.6956550368 26.4266114423 6.6937936626 -5.000000 -0.168321 3.576472 0.689400 -2.075170 2.967519 1.289930 1.017096 4.187290 -2.729833 0.420195 1.721092 -5.000000 2.416284 -5.000000 4.864739 3.574848 4.383565 -3.503293 1.212491 -0.115112 -0.851296 2.248884 4.228772 -0.161055 -1.516524 -1.497332 -3.877512 -3.288460 -1.447219 -3.782816 0.005662 1.704938 3.599325 1.716718 -4.092035 -2.051790 -1.933328 1.867658 -1.812207
evaluations raw_y rep iid sigma t d_norm d_mean ps_norm ps_mean pc_norm pc_mean ps_squared loglikelihood mhl_norm mhl_mean x0 x1 x2 x3 x4 x5 x6 x7 x8 x9 x10 x11 x12 x13 x14 x15 x16 x17 x18 x19 x20 x21 x22 x23 x24 x25 x26 x27 x28 x29 x30 x31 x32 x33 x34 x35 x36 x37 x38 x39
1 96.0947274911 15.0000000000 4.0000000000 0.6648511794 67.0000000000 5.5819811881 0.8800620600 5.6221301068 -0.0103091826 5.0459856678 -0.0353034887 31.6083469376 -534.6956550368 26.4266114423 6.6937936626 -0.624657 0.678569 -0.311817 -1.003579 0.471138 -3.527211 -2.191724 -2.175531 -0.610340 -0.947497 -0.401189 0.710394 1.379035 0.821179 -1.129957 1.198781 -0.325873 3.200429 1.363254 0.029760 -0.175559 -1.964236 0.243381 -2.274875 0.698005 -3.717026 -2.334364 2.849794 2.993131 2.579864 -3.623491 -2.996614 -2.900286 -3.387814 0.454528 -0.979469 -0.001057 -0.980505 -1.586419 4.097798
2 83.0491165735 15.0000000000 4.0000000000 0.6648511794 67.0000000000 5.5819811881 0.8800620600 5.6221301068 -0.0103091826 5.0459856678 -0.0353034887 31.6083469376 -534.6956550368 26.4266114423 6.6937936626 1.206371 -1.996404 2.430083 -1.335033 -0.545012 2.833549 -1.565218 -0.500641 -0.616629 3.459376 3.956545 0.439376 3.789640 -2.736199 -0.382611 2.574515 -0.493768 0.685102 0.445434 1.363187 0.502898 -2.963698 -0.773644 -1.467361 1.171956 -3.471578 -1.653390 2.367668 0.710092 4.885700 -0.073851 -5.000000 1.982979 0.384486 -0.705585 -2.679046 -0.377345 1.193173 0.680909 0.166851
3 80.2521250447 15.0000000000 4.0000000000 0.6648511794 67.0000000000 5.5819811881 0.8800620600 5.6221301068 -0.0103091826 5.0459856678 -0.0353034887 31.6083469376 -534.6956550368 26.4266114423 6.6937936626 1.211984 0.337874 -2.077783 0.570476 1.004783 3.867750 0.096650 -2.103537 2.333165 1.470934 -1.126260 -2.426016 3.096256 -3.395751 -1.263586 0.572733 -2.095944 -0.372900 0.995110 -0.809004 -2.568209 -1.228514 -0.215739 2.267246 -2.072493 3.022715 -1.736548 2.784461 4.350186 2.598042 -0.376163 3.338047 2.309148 0.963605 -0.356074 -0.772366 -0.260149 4.719247 1.033999 0.882709
4 75.9823884295 15.0000000000 4.0000000000 0.6648511794 67.0000000000 5.5819811881 0.8800620600 5.6221301068 -0.0103091826 5.0459856678 -0.0353034887 31.6083469376 -534.6956550368 26.4266114423 6.6937936626 -0.951449 0.656766 -0.565611 -1.440438 0.176918 -0.945031 0.259944 -0.213668 -1.408606 1.034355 1.161692 -5.000000 -0.499235 -0.354188 -0.512672 2.543029 0.161957 -0.835881 -1.533899 1.263132 -3.252894 -0.628051 -1.230944 -0.797969 -0.637128 -2.361661 -2.345687 -0.104641 -1.692368 2.828984 0.671707 -2.225721 1.026212 -0.456638 0.467575 3.083187 1.837349 -1.827138 1.004896 -0.856128
6 73.0653998258 15.0000000000 4.0000000000 0.6648511794 67.0000000000 5.5819811881 0.8800620600 5.6221301068 -0.0103091826 5.0459856678 -0.0353034887 31.6083469376 -534.6956550368 26.4266114423 6.6937936626 0.290384 -1.246103 -0.538511 -2.490270 1.454777 -0.276972 -0.414344 0.941889 1.114105 -0.749541 -2.255765 2.342248 0.904497 0.348233 1.761863 -0.482853 3.208832 -0.322770 -0.409565 0.368063 -0.606846 -0.222886 0.354016 -1.302868 0.957818 0.191370 3.962355 -0.539745 -1.431081 -1.693735 0.903609 0.656999 -1.793227 1.766530 -3.155861 -1.788855 -0.860748 -0.056890 -1.694859 2.814656
7 51.5128853883 15.0000000000 4.0000000000 0.6648511794 67.0000000000 5.5819811881 0.8800620600 5.6221301068 -0.0103091826 5.0459856678 -0.0353034887 31.6083469376 -534.6956550368 26.4266114423 6.6937936626 2.328432 0.341240 0.308837 0.019124 0.171185 1.610841 1.765830 1.047581 -0.642307 -2.909275 -3.311113 0.497477 -2.792543 -1.060828 2.278880 0.776825 0.210622 0.320028 1.365145 1.362387 -1.836669 -2.292752 -1.672323 -0.167456 4.379119 0.379614 0.160711 2.090209 1.843630 -1.438838 -4.276995 5.000000 -0.804352 -1.108577 2.388870 -2.101665 -0.740679 -3.023213 1.835317 -1.556847
47 49.5113481169 15.0000000000 4.0000000000 1.7138703015 3.0000000000 6.2843302752 0.9935765087 3.9662451950 0.0159302287 3.5139428748 0.0150964138 15.7311009468 -1196.3170863704 25.5881132633 6.5543931484 2.122733 4.420948 1.062125 -0.794529 0.952040 0.273467 1.790848 1.102501 4.719011 1.311111 1.020906 -1.667795 -0.983450 -0.393539 -4.358290 1.574416 -4.355062 1.483380 -1.508539 1.792933 -1.268893 -2.256738 -2.462246 -2.198162 2.290319 0.724204 -1.008913 3.470362 -1.743062 -3.076582 -2.373122 4.856761 -1.651331 0.005795 0.527978 -1.218821 -0.000257 -1.128367 0.054332 -1.416265
192 48.0960345203 15.0000000000 4.0000000000 1.4387155976 12.0000000000 6.1846672425 0.9774956042 5.5199469930 -0.3052335170 5.4421602834 -0.2635434223 30.4698148058 -1045.0635141184 24.3565532837 6.2044979279 3.847429 3.145754 0.360697 0.973208 1.797467 -5.000000 -1.416533 -1.509459 -4.291842 -1.795175 5.000000 -1.325802 -3.004026 -2.036528 -3.298619 -0.347933 -2.354677 -1.945575 -0.559023 2.323325 -0.041042 -3.874005 -2.376418 -3.310312 4.206176 -3.965033 -0.924875 -1.068367 -0.464377 -4.096740 -3.952258 1.272726 1.055277 1.753480 5.000000 -1.943117 -2.127834 -2.675604 -1.628293 -0.693459
408 45.5750792892 15.0000000000 4.0000000000 1.1961961867 27.0000000000 6.0233164605 0.9513660495 6.4885311819 -0.0926843162 5.7851354102 -0.0792649685 42.1010368990 -920.0659017150 24.7774137459 6.2970343332 3.995782 3.051077 -4.596514 1.568768 -3.796667 -0.027039 1.995999 -0.696729 -0.706663 4.346222 5.000000 -0.001691 -2.248453 1.219755 -5.000000 1.243586 -0.032967 -3.257774 -2.641981 1.805018 0.288662 -5.000000 -0.619486 -1.009611 3.938586 -3.904845 0.490870 2.170773 -5.000000 -3.363078 -4.689735 3.465989 3.009394 -0.768056 5.000000 -3.224034 -1.931972 -1.099731 -1.790927 2.817902
796 44.0129043528 15.0000000000 4.0000000000 0.9278161348 53.0000000000 5.7647404010 0.9093444032 6.1057869907 -0.3371655102 5.4346588925 -0.2595719014 37.2806347763 -741.4575103605 25.2928017495 6.4535825229 1.607159 1.261456 -1.561823 3.429289 -3.599481 -1.856149 0.934535 1.641715 -4.048495 -2.563493 2.189328 0.198568 -0.704866 -1.544662 -2.565684 -5.000000 -0.165477 -4.774780 -3.582938 -0.121850 0.938275 -4.845456 -3.345366 -2.086472 3.010219 0.607519 -1.976717 -1.134319 -3.464874 -2.071189 0.433873 1.830242 3.999735 0.115494 2.653631 -0.325139 -0.301169 -3.895929 -2.309687 1.631034
992 42.8424223911 15.0000000000 4.0000000000 0.7714304944 66.0000000000 5.6270189068 0.8870367612 5.7982900091 0.2353202885 5.0764638345 0.1754945414 33.6201670293 -601.3782079098 25.1223837331 6.4092810788 3.314014 2.659657 -2.740901 3.379604 -2.826652 -0.249989 0.134866 2.808365 -2.323047 -2.410430 0.501235 0.596385 0.550048 -1.181855 -0.881934 -3.078178 0.307926 -1.656451 -2.929335 0.516637 0.448441 -3.071793 -2.079562 -3.610091 3.264200 0.891496 -1.037601 -0.649714 -4.853553 -0.172817 3.293751 3.709919 1.786295 -0.851559 3.558186 1.376613 -1.932475 -3.052798 0.168799 2.217586
1005 75.4123750948 15.0000000000 4.0000000000 0.7684898886 67.0000000000 5.6198202079 0.8858362742 6.0794020455 0.3512122600 5.3434254381 0.2692762138 36.9591292312 -587.4732875077 24.5903213077 6.3017502523 2.593330 2.740151 -3.444017 3.305195 -4.160898 -1.547315 -0.157086 3.807721 -3.115025 -2.643607 0.601358 -0.058126 1.151387 -1.605461 -1.144722 -4.813507 0.629834 -1.932258 -2.919668 -0.034713 0.537255 -4.275873 -2.261039 -4.048279 2.421215 1.180744 -1.822107 -2.176658 -2.850788 -0.684999 2.429413 3.647438 2.499179 -0.654137 2.377662 1.997195 -1.202078 -3.005587 0.603445 1.117969
evaluations raw_y rep iid sigma t d_norm d_mean ps_norm ps_mean pc_norm pc_mean ps_squared loglikelihood mhl_norm mhl_mean x0 x1 x2 x3 x4 x5 x6 x7 x8 x9 x10 x11 x12 x13 x14 x15 x16 x17 x18 x19 x20 x21 x22 x23 x24 x25 x26 x27 x28 x29 x30 x31 x32 x33 x34 x35 x36 x37 x38 x39
1 47.0241351698 16.0000000000 4.0000000000 0.7684898886 67.0000000000 5.6198202079 0.8858362742 6.0794020455 0.3512122600 5.3434254381 0.2692762138 36.9591292312 -587.4732875077 24.5903213077 6.3017502523 0.255897 -3.056947 -1.188936 0.132661 -2.470990 -1.242737 -1.777896 0.997820 -1.573794 0.237487 -1.513726 0.986734 -1.678809 -2.030044 -0.685039 3.768928 -0.541826 -2.903439 -2.160318 5.000000 -0.440446 -0.178801 0.552683 3.224522 1.431930 1.317265 0.421482 -1.128887 0.280372 -0.676896 -2.809655 -4.973284 2.547087 2.159496 1.296805 1.112840 0.467075 -2.157691 -2.363922 -1.406480
22 47.0123315475 16.0000000000 4.0000000000 1.8854068190 1.0000000000 6.3110486512 0.9978462364 3.1055450864 -0.1201805818 2.6336193209 -0.1019176645 9.6444102834 -1257.4959267100 25.5646116960 6.5323243956 1.084314 0.689636 -2.644354 -3.817249 -0.076650 1.350158 -2.815681 -0.862091 -3.085257 0.807995 1.878285 0.723288 2.596799 2.107570 0.850032 -1.794798 2.242029 -1.529466 1.626880 1.630819 2.509404 -1.087673 -0.410617 3.310819 -2.537571 1.363501 -1.155375 -1.086874 -2.129649 -1.884616 2.443533 3.235931 0.018037 1.127973 -2.467512 1.832545 0.092113 -1.415172 -2.109932 -3.731976
92 41.1514561337 16.0000000000 4.0000000000 1.6114368905 6.0000000000 6.2499306418 0.9880453008 5.0653351119 -0.0830448368 4.5533537789 -0.0842506225 25.6576197954 -1165.8217630066 26.0366384726 6.6407139654 -0.473630 -3.001627 -4.105944 -1.946234 -2.068436 -1.640328 3.185343 1.678123 -3.271282 -0.465262 0.016904 -1.784599 4.197912 -0.613656 0.150699 -1.768985 1.471813 0.465725 2.165508 2.143084 1.560422 -0.963146 0.246243 -2.406597 -3.541020 2.124135 -4.158803 -1.976117 -5.000000 0.848520 -1.678502 0.896080 0.312989 1.807425 -1.009251 1.626150 3.066474 4.055594 -3.160228 3.880205
1005 92.3257543216 16.0000000000 4.0000000000 0.9667476628 67.0000000000 5.6352178679 0.8876155472 5.6791781488 -0.1584545515 5.0892671322 -0.1379573382 32.2530644456 -742.0360859845 25.3641983569 6.4446542582 -3.835757 -2.105675 0.001122 -0.335935 -4.238989 -2.574836 -0.323611 4.536374 -3.736852 -0.966737 0.391451 2.459506 0.726059 -1.664383 -3.691994 0.499480 2.734695 0.243165 -1.976145 -3.378305 -3.933369 -1.776188 -2.205309 -1.000640 -0.491561 3.234850 -3.300288 4.698192 -1.746046 4.531879 -3.185087 -1.257089 2.197468 -2.033871 -0.591361 2.443376 -3.501894 0.434679 -3.807766 -1.271108
evaluations raw_y rep iid sigma t d_norm d_mean ps_norm ps_mean pc_norm pc_mean ps_squared loglikelihood mhl_norm mhl_mean x0 x1 x2 x3 x4 x5 x6 x7 x8 x9 x10 x11 x12 x13 x14 x15 x16 x17 x18 x19 x20 x21 x22 x23 x24 x25 x26 x27 x28 x29 x30 x31 x32 x33 x34 x35 x36 x37 x38 x39
1 70.4700861389 17.0000000000 4.0000000000 0.9667476628 67.0000000000 5.6352178679 0.8876155472 5.6791781488 -0.1584545515 5.0892671322 -0.1379573382 32.2530644456 -742.0360859845 25.3641983569 6.4446542582 0.552532 -3.709256 1.247802 2.290623 2.074381 3.773278 -0.223397 -0.724203 0.297350 -0.875566 4.342514 2.304621 -3.637625 -0.276099 1.079679 -3.550565 2.629753 -0.946896 -2.184460 -0.500055 -1.964589 2.062538 0.982668 -0.893293 -1.612720 0.262536 -2.425120 0.319982 -1.510446 0.699792 1.955084 -0.277170 0.207713 0.601182 1.936411 1.739248 1.135566 0.930565 -2.330746 -4.071990
3 65.5282069435 17.0000000000 4.0000000000 0.9667476628 67.0000000000 5.6352178679 0.8876155472 5.6791781488 -0.1584545515 5.0892671322 -0.1379573382 32.2530644456 -742.0360859845 25.3641983569 6.4446542582 -0.853262 1.615880 0.114560 -2.080343 1.868296 -0.240069 4.414033 -5.000000 2.467058 -1.175762 -1.953874 0.936141 5.000000 -2.416171 2.007206 2.261453 1.120079 -1.236795 -0.449597 4.431803 -0.308517 0.575214 1.158722 1.866500 3.339237 3.434479 -0.507301 -2.326097 1.068903 -2.818062 -2.119540 -0.892245 -2.324898 -1.243985 1.218663 1.230439 1.008596 -1.351405 2.627032 1.806749
7 54.3448885007 17.0000000000 4.0000000000 0.9667476628 67.0000000000 5.6352178679 0.8876155472 5.6791781488 -0.1584545515 5.0892671322 -0.1379573382 32.2530644456 -742.0360859845 25.3641983569 6.4446542582 3.755210 -1.089194 0.752383 -1.422355 3.902081 -1.517984 0.458543 2.813668 -2.138826 -2.438873 1.270318 -1.279799 3.200119 -1.461064 -2.019237 -2.005173 0.136367 -4.189160 0.408009 0.776285 -3.514157 -0.964879 -1.015452 2.777333 0.121109 -0.097860 -1.097594 2.150946 1.666834 -2.951673 1.494247 2.005165 0.451703 1.950551 1.476965 -3.078047 -1.229342 0.416296 -0.375803 -1.726339
17 52.6881677296 17.0000000000 4.0000000000 1.8896563021 1.0000000000 6.3124144167 0.9980594032 3.2268688511 -0.0437090990 2.7365064477 -0.0370669639 10.4126825825 -1296.2484166079 26.9842836699 6.8902758373 -3.208351 -0.477394 -0.445911 0.618635 2.289770 3.763621 -1.127813 0.617766 -2.683130 -0.281894 -4.092584 0.198181 -0.170794 0.674615 1.083437 1.847680 2.149963 -5.000000 -1.787381 0.886845 0.322028 1.983254 -2.905190 2.735779 -1.825172 -3.465777 -1.746660 -0.400239 2.868633 -1.947186 -0.216171 -1.871771 0.605710 -1.069920 3.384407 -1.462808 1.379503 1.995032 -1.031767 1.705681
144 52.0456009220 17.0000000000 4.0000000000 1.4815196350 9.0000000000 6.2157466433 0.9825405325 5.2151402042 -0.0210743169 4.9131792932 -0.0154808741 27.1976873493 -1073.8468524577 24.6202802054 6.2737861086 1.928848 4.326318 -1.888846 3.971998 -0.573308 1.468880 1.336643 -0.960294 -4.924388 -2.581867 -1.525509 0.301292 -0.470243 -2.546828 -0.254654 1.350193 0.218714 -2.725352 -1.159407 1.252154 -1.500357 -2.807331 -1.148992 2.478190 -3.349488 -2.457279 -3.035214 1.501784 -0.621129 -2.249541 1.798138 -0.538340 5.000000 3.364042 3.802003 -2.902072 0.204536 2.012554 -0.210931 0.372110
197 44.0990988233 17.0000000000 4.0000000000 1.2867539224 13.0000000000 6.1715966237 0.9754476028 4.5985018985 -0.0553732467 4.1785135921 -0.0510640093 21.1462197106 -1006.6802376373 25.5847050695 6.5576564927 0.672857 3.308479 -3.126387 2.756586 2.555387 4.944137 -0.751917 1.197627 -4.121479 0.697298 -2.088279 -1.385036 -0.510704 -1.564830 2.796524 -0.859933 -2.475788 -2.681513 -0.837260 1.700040 -2.280823 -1.583536 -1.580393 4.530618 -3.004634 -1.453225 -1.473591 0.669882 -1.059883 -5.000000 -0.092124 2.240250 1.280732 1.332103 0.804758 -4.573061 -1.293416 5.000000 1.646763 -1.537834
282 42.7042490658 17.0000000000 4.0000000000 1.1716606037 18.0000000000 6.1195489183 0.9670413229 5.4423480997 0.1305500897 4.9948013653 0.1105225524 29.6191528380 -959.6900100189 26.2640539080 6.7169179697 -0.332179 2.500949 -0.598672 4.446769 3.611009 1.703688 0.046701 1.684140 -3.119176 -1.794321 -0.721679 1.124603 0.592941 -1.952108 4.123303 1.551057 -1.704817 -2.517017 -0.944875 1.002694 -1.623227 -2.615178 -1.057419 2.219257 -4.324702 1.440044 0.496050 -0.464121 1.488763 -4.899138 -0.141500 1.884548 1.910349 2.496225 1.389346 -1.144567 0.543241 1.345823 2.615839 -3.557358
765 37.9475422933 17.0000000000 4.0000000000 0.8102133970 50.0000000000 5.8073942924 0.9162794567 6.2007924818 -0.1924437779 5.4109658526 -0.1697212145 38.4498274019 -673.7854475786 25.7390238427 6.5717614397 0.820430 2.583127 -0.269244 3.736758 -1.503703 1.790270 2.142976 0.635657 -3.756549 -3.223338 -1.003087 2.124630 1.874811 1.493105 -1.934086 2.263631 -4.639359 -4.045482 4.143200 1.049846 1.337605 -1.688479 0.909582 3.257896 -3.983965 3.720546 -2.406451 -1.723909 1.521967 -2.508200 -4.402972 0.757100 0.789443 -1.179236 3.564622 1.759848 -0.049699 0.961358 2.728957 -3.270118
1005 64.0134053773 17.0000000000 4.0000000000 0.7158388449 67.0000000000 5.6464412815 0.8899870385 5.9761497052 0.0560169484 4.9851459304 0.0292648691 35.7143652985 -553.4913952097 24.8398526814 6.3674478250 2.738671 3.073537 -2.033759 1.585553 -2.056624 4.090691 2.002564 -0.144463 -2.595140 -2.999540 -1.458304 2.133881 0.225030 -0.719509 0.247460 2.237751 -5.000000 -2.256416 3.048086 1.177520 2.678103 -3.524000 -0.248866 3.467576 -5.000000 3.324185 -4.453883 -2.688072 1.337512 -0.015393 -5.000000 0.254364 -0.484849 -0.264552 4.142383 -0.094416 2.821449 -0.365582 2.688390 -3.129492
evaluations raw_y rep iid sigma t d_norm d_mean ps_norm ps_mean pc_norm pc_mean ps_squared loglikelihood mhl_norm mhl_mean x0 x1 x2 x3 x4 x5 x6 x7 x8 x9 x10 x11 x12 x13 x14 x15 x16 x17 x18 x19 x20 x21 x22 x23 x24 x25 x26 x27 x28 x29 x30 x31 x32 x33 x34 x35 x36 x37 x38 x39
1 107.6126904147 18.0000000000 4.0000000000 0.7158388449 67.0000000000 5.6464412815 0.8899870385 5.9761497052 0.0560169484 4.9851459304 0.0292648691 35.7143652985 -553.4913952097 24.8398526814 6.3674478250 0.158857 4.380405 -0.269784 0.321036 0.885396 1.246783 2.017807 0.788498 -0.672773 -1.291813 1.610915 0.832886 1.149239 -2.203343 -1.989514 2.691039 1.163736 1.074477 4.134094 -0.580648 1.202730 -1.129054 -2.335903 -2.044004 1.767039 -1.067489 -2.700864 0.460188 1.789710 2.741520 4.927403 2.255803 -1.638428 0.134928 2.154433 -1.107090 1.355235 2.082987 -3.502844 0.237339
2 66.1926260077 18.0000000000 4.0000000000 0.7158388449 67.0000000000 5.6464412815 0.8899870385 5.9761497052 0.0560169484 4.9851459304 0.0292648691 35.7143652985 -553.4913952097 24.8398526814 6.3674478250 2.277402 1.354170 0.612270 -0.030544 4.135977 -0.090536 -3.206250 -0.935504 0.297315 0.705742 -0.501302 0.172256 -0.340330 1.701336 -2.237533 -0.147728 -2.826398 -2.239788 0.744920 -0.886148 1.940151 0.114399 1.068929 2.432949 -1.111856 -4.582294 -3.010252 -2.485479 -0.922775 -2.466883 0.968889 1.176252 -1.083262 1.065766 0.948540 4.128864 4.340174 -0.705943 5.000000 -1.807078
9 61.8287102489 18.0000000000 4.0000000000 0.7158388449 67.0000000000 5.6464412815 0.8899870385 5.9761497052 0.0560169484 4.9851459304 0.0292648691 35.7143652985 -553.4913952097 24.8398526814 6.3674478250 -1.101999 0.034039 2.478488 -0.045228 -0.357461 -0.252806 1.977281 -1.116527 -2.768999 -2.523433 1.078555 2.454126 -3.429098 -0.667773 1.498514 2.271459 -5.000000 -0.674698 1.299123 -3.762915 5.000000 -1.929898 2.413297 0.563033 1.403225 4.838130 -0.501393 0.498251 1.181354 1.145022 1.318216 2.280896 -0.172143 -0.637262 -3.721856 3.264161 1.189667 -2.606414 3.718333 3.107814
16 57.1449082743 18.0000000000 4.0000000000 1.9084086862 1.0000000000 6.3146354458 0.9983973195 3.7590156167 0.0760632007 3.1877869683 0.0645044620 14.1301984066 -1318.9877900366 27.5307823719 7.0327126614 0.551928 3.275065 2.408224 -3.944745 -0.497688 3.723148 -0.109254 -1.558163 3.443274 -5.000000 -1.591089 2.776151 -0.937820 0.678968 -0.219518 0.546142 -5.000000 1.380309 0.145646 -5.000000 -0.595474 -1.534783 2.654584 3.108242 1.547826 -1.716940 -2.994174 0.610447 0.325389 -3.782406 2.757391 -0.846859 -1.816357 -4.273357 2.049523 1.614407 1.026346 -3.311603 5.000000 0.647189
45 54.0098078171 18.0000000000 4.0000000000 1.8540914574 2.0000000000 6.3050519318 0.9968511913 4.7291596882 0.0268050102 4.0959123268 0.0254678622 22.3649513569 -1299.1221492106 27.5242976095 7.0624994258 0.508150 1.440336 -0.291648 -5.000000 0.575573 3.474103 2.039576 0.630249 2.735794 -4.877864 1.054067 1.951291 -2.026336 -0.097541 0.406276 -0.141397 -4.349746 0.010362 0.715123 -2.895739 0.719734 -0.941131 2.314604 2.255549 -0.384634 0.840062 0.630343 0.819447 -3.612429 -2.573677 0.788616 2.871115 -2.875227 -1.183741 -0.788220 3.288215 1.071069 -5.000000 2.652561 3.598437
57 50.7516079849 18.0000000000 4.0000000000 1.8290697824 3.0000000000 6.2930921862 0.9949288966 5.5530042844 -0.0330407962 4.9351143855 -0.0238291845 30.8358565823 -1216.2544892396 24.8035535463 6.2966932969 -3.008552 2.842823 2.021198 -5.000000 -0.064966 0.804023 0.826093 -2.261107 2.627976 -2.872256 -1.487809 1.743007 -3.405438 2.807050 -1.294608 -0.292357 -2.350273 0.101740 1.499018 -2.496895 1.606469 0.715018 3.352830 0.960710 0.033642 0.143384 -4.039934 -0.269882 -1.201971 -0.198141 -2.574321 4.767088 1.253467 0.730469 1.537708 1.891757 3.026913 -4.000996 5.000000 3.841543
110 50.1254250200 18.0000000000 4.0000000000 1.6844141844 7.0000000000 6.2451740800 0.9872322616 5.4095934824 0.2363484138 4.9028531599 0.1981352412 29.2637016450 -1150.1697278494 24.3832127159 6.2115571073 4.019801 0.661287 -0.135597 -1.867700 3.045957 1.397490 0.387873 -3.144208 5.000000 -1.800931 0.292814 3.027792 -0.428883 4.183981 -2.439079 -3.792701 -3.496476 -0.384942 4.712187 -0.460302 0.112487 -0.579228 -4.348459 -0.162911 2.098244 -1.867074 -2.991687 0.659976 -5.000000 0.805115 -1.950205 5.000000 2.009109 -3.861488 1.116007 2.298734 2.270104 -0.738513 3.959325 2.499185
174 41.9872544493 18.0000000000 4.0000000000 1.5292754284 11.0000000000 6.2014578658 0.9802027981 4.8708132703 0.0614615710 4.4410333805 0.0666093364 23.7248219143 -1106.8258931541 25.2499174906 6.4639583304 2.678208 -0.185143 -0.616984 1.062074 0.164086 0.447577 1.999279 1.537886 3.456502 -1.221008 0.201016 2.843470 1.269068 4.068955 -1.466327 -2.232250 -2.318795 1.212477 3.519559 -3.306388 1.402108 -2.900307 -0.336248 1.494297 2.268955 -2.803056 -3.248727 -0.462765 -3.575673 0.145086 -0.209757 1.199990 2.215924 -0.385332 -0.499468 5.000000 0.245711 -1.871767 -1.250249 5.000000
902 30.7351508638 18.0000000000 4.0000000000 0.5505115448 60.0000000000 5.6588102668 0.8928805008 6.1039211426 0.1227541805 5.0110018380 0.1133280769 37.2578533150 -412.5502108000 25.4809011358 6.5118128783 3.386758 1.054434 1.205059 2.029373 1.830777 -2.719565 -0.613056 2.871409 4.033622 -0.702699 3.897816 0.763671 2.563872 0.087850 0.118467 -0.002169 -4.544782 2.509516 -0.135258 0.967982 5.000000 -3.653525 -1.379058 -1.257319 3.395198 -3.572252 -1.998463 3.941846 -3.392032 -3.072176 2.016282 2.523513 4.129637 -2.829164 0.137458 3.718359 -3.953234 -0.707781 2.729064 3.443364
1005 52.6261063808 18.0000000000 4.0000000000 0.5135559473 67.0000000000 5.5804832116 0.8802797500 5.9322759710 -0.2327663533 4.9557072025 -0.1636157595 35.1918981964 -328.9417747136 24.0228092283 6.1363950894 2.352356 0.930659 1.834218 2.873947 1.334231 -2.086405 0.027802 2.882875 3.518607 -2.026462 2.966575 -0.316011 2.485726 0.683416 -0.865716 -1.256980 -4.289753 1.714670 -0.752506 0.246022 4.572400 -5.000000 -1.582651 -2.252397 3.103739 -4.319515 -2.622676 3.774441 -3.341531 -2.823089 1.915300 1.169312 3.445358 -2.480280 0.255915 2.938079 -3.927125 -0.232283 2.034977 3.196679
evaluations raw_y rep iid sigma t d_norm d_mean ps_norm ps_mean pc_norm pc_mean ps_squared loglikelihood mhl_norm mhl_mean x0 x1 x2 x3 x4 x5 x6 x7 x8 x9 x10 x11 x12 x13 x14 x15 x16 x17 x18 x19 x20 x21 x22 x23 x24 x25 x26 x27 x28 x29 x30 x31 x32 x33 x34 x35 x36 x37 x38 x39
1 107.3486254011 19.0000000000 4.0000000000 0.5135559473 67.0000000000 5.5804832116 0.8802797500 5.9322759710 -0.2327663533 4.9557072025 -0.1636157595 35.1918981964 -328.9417747136 24.0228092283 6.1363950894 0.442007 -0.680930 -1.155497 -0.808063 -1.206579 -0.487705 2.070687 1.161507 0.504827 -2.925092 -3.096683 0.530545 -0.001792 -2.031985 0.223979 -2.383904 3.111088 -1.866600 1.053068 -0.299929 1.045571 2.684310 3.117043 2.511988 1.817207 -1.681803 2.011170 -2.047608 0.363548 -0.833362 3.956817 3.834889 -2.062014 -0.966624 -1.290160 0.120696 1.095861 1.690297 -2.414363 0.749681
2 64.6427874816 19.0000000000 4.0000000000 0.5135559473 67.0000000000 5.5804832116 0.8802797500 5.9322759710 -0.2327663533 4.9557072025 -0.1636157595 35.1918981964 -328.9417747136 24.0228092283 6.1363950894 1.884696 -0.702528 0.919470 -0.097033 0.830964 -1.403752 0.370929 0.936700 0.079047 1.432281 -0.963377 -0.104982 -0.544557 0.615971 -3.521307 2.300448 -0.435462 -2.441175 -0.687231 3.097524 -0.415951 -0.483348 -0.249192 1.121828 2.617625 1.896513 1.583996 -0.380984 -0.014522 -1.350757 -1.515831 -2.504505 -1.530213 2.654848 0.492101 0.135669 -1.362209 -0.242765 -1.653856 -2.964715
4 44.8009403411 19.0000000000 4.0000000000 0.5135559473 67.0000000000 5.5804832116 0.8802797500 5.9322759710 -0.2327663533 4.9557072025 -0.1636157595 35.1918981964 -328.9417747136 24.0228092283 6.1363950894 -4.131995 2.196270 -1.027764 -2.503946 -0.116415 -2.700748 -1.058849 0.411558 3.002041 1.149293 0.084207 2.414102 -0.668492 -0.941660 1.532649 -1.045759 -1.608802 1.728898 -0.729073 1.058439 0.059788 -1.294914 1.897924 -0.106627 1.907699 -0.856539 0.884163 0.689811 -1.541798 -0.518677 -0.381424 -1.949948 -0.099859 -0.545062 -1.686709 -0.111311 1.382976 -1.525134 -0.501758 -2.741899
106 43.0760191396 19.0000000000 4.0000000000 1.6206412297 7.0000000000 6.2396698765 0.9863728500 5.1720429628 -0.0246197265 4.6756983902 -0.0470124676 26.7500284089 -1142.5446710038 25.0422528817 6.4256720698 -1.699084 -0.636080 -5.000000 2.083226 2.794094 -0.402880 1.259539 -5.000000 3.009416 -0.284992 -1.563413 -0.092939 -2.308669 -0.649053 -0.477619 -1.185811 1.371402 -3.409605 5.000000 -2.636673 2.086096 -2.139289 -0.174459 0.221199 -2.096088 1.965540 -0.570767 1.826479 -2.121496 2.662268 1.157442 -4.293035 2.204410 2.140035 -1.622725 -2.846672 -2.372721 -3.023080 -3.728147 4.961043
189 42.3235429673 19.0000000000 4.0000000000 1.4891502218 12.0000000000 6.1876183229 0.9779812080 5.5005839181 -0.0266806981 4.9185350985 -0.0290233444 30.2564234402 -1104.0879721180 25.8243301803 6.6147463526 -0.236906 0.171035 -3.106499 2.952002 -1.109306 -2.644064 4.755306 -5.000000 1.367646 -0.486517 -3.839243 2.405011 -3.716303 -1.118908 -2.558784 0.010079 1.596214 1.857321 0.874457 -2.673685 -1.333490 -4.312922 0.325290 -0.274961 4.139635 -1.444120 3.655536 0.967276 -4.441752 5.000000 -0.720477 -2.683334 0.695020 1.846961 -2.029160 -0.989411 -0.286521 2.192923 -3.100416 3.556943
738 37.6027444802 19.0000000000 4.0000000000 1.0081697997 49.0000000000 5.8080330391 0.9164443086 6.8884434334 -0.1712395259 5.9931353249 -0.1039405606 47.4506529351 -813.3770332496 25.9570530021 6.6052797299 -1.811341 1.221842 -3.548419 -4.636927 4.372604 1.319137 -0.627879 -1.641955 0.250943 -3.141676 -3.240396 1.413218 -1.418988 -1.070513 1.195341 -0.632355 3.998519 -2.642680 2.851023 -1.217630 0.304920 -0.253903 1.765113 2.463105 1.036032 1.429965 -2.640142 -1.003304 -0.160577 0.412122 -0.479138 1.464138 4.629864 2.994693 -2.336816 -1.440841 -1.874537 4.543022 -2.033137 -1.347891
1005 106.0596110504 19.0000000000 4.0000000000 0.9361533036 67.0000000000 5.6463584060 0.8897931923 5.7677401893 0.1947679330 5.0811274848 0.1758056486 33.2668268916 -741.4346572202 26.0706486024 6.6566073420 -1.721469 2.803503 -3.368376 -0.729459 5.000000 2.473633 1.240365 0.442532 2.887700 -0.443845 -3.180424 0.895107 -2.010813 -1.865707 1.374257 -1.730109 4.883289 -1.950090 3.074655 -3.959800 0.422914 -2.009598 3.598585 1.865647 0.665355 2.964524 0.821455 1.410456 -0.806811 0.656278 -0.415641 -0.546696 2.696764 2.188286 0.065423 1.694010 -3.385236 3.080073 1.313497 -0.956220
evaluations raw_y rep iid sigma t d_norm d_mean ps_norm ps_mean pc_norm pc_mean ps_squared loglikelihood mhl_norm mhl_mean x0 x1 x2 x3 x4 x5 x6 x7 x8 x9 x10 x11 x12 x13 x14 x15 x16 x17 x18 x19 x20 x21 x22 x23 x24 x25 x26 x27 x28 x29 x30 x31 x32 x33 x34 x35 x36 x37 x38 x39
1 70.9386155069 0.0000000000 5.0000000000 0.9361533036 67.0000000000 5.6463584060 0.8897931923 5.7677401893 0.1947679330 5.0811274848 0.1758056486 33.2668268916 -741.4346572202 26.0706486024 6.6566073420 3.528105 0.800314 1.957476 4.481786 3.735116 -1.954556 1.900177 -0.302714 -0.206438 0.821197 0.288087 2.908547 1.522075 0.243350 0.887726 0.667349 2.988158 -0.410317 0.626135 -1.708191 -5.000000 1.307237 1.728872 -1.484330 4.539509 -2.908731 0.091517 -0.374368 3.065558 2.938718 0.309895 0.756325 -1.775571 -3.961593 -0.695824 0.312698 2.460581 2.404760 -0.774654 -0.604606
2 66.7652663385 0.0000000000 5.0000000000 0.9361533036 67.0000000000 5.6463584060 0.8897931923 5.7677401893 0.1947679330 5.0811274848 0.1758056486 33.2668268916 -741.4346572202 26.0706486024 6.6566073420 -2.097106 -2.840036 -3.412540 3.901551 -1.019304 -0.876149 -2.505591 1.554981 -3.227796 -0.425481 -1.790933 0.773805 -1.021610 -2.361264 -0.056364 0.856664 0.133034 0.604944 -1.268644 -0.725482 -1.344921 -0.719106 -1.626293 -3.452565 0.354852 -0.803562 -3.260397 0.925565 -1.814597 0.103891 1.458181 0.257966 2.278801 -2.469652 0.804683 -1.369620 -1.741594 -1.157699 -0.623105 0.112331
12 66.5089920164 0.0000000000 5.0000000000 0.9361533036 67.0000000000 5.6463584060 0.8897931923 5.7677401893 0.1947679330 5.0811274848 0.1758056486 33.2668268916 -741.4346572202 26.0706486024 6.6566073420 -0.790458 -2.318841 -0.171862 0.388586 1.751666 -0.230215 0.914831 -1.929224 -1.565258 -0.220779 -2.109257 1.640496 0.926261 0.558192 0.677808 4.042087 -0.937728 -4.402883 0.398600 -0.101207 -1.035038 -1.957660 -0.878379 0.362677 -1.005633 4.824907 -1.921009 -1.586235 -4.577240 0.502969 -4.032813 -1.078909 -0.551341 -1.419456 3.477745 1.988789 2.638274 -1.764838 2.257188 0.992002
13 65.9207961184 0.0000000000 5.0000000000 0.9361533036 67.0000000000 5.6463584060 0.8897931923 5.7677401893 0.1947679330 5.0811274848 0.1758056486 33.2668268916 -741.4346572202 26.0706486024 6.6566073420 1.542812 2.058878 -1.817526 -0.848635 1.725192 -5.000000 3.026656 1.106264 -0.091408 0.441015 -2.059871 -0.699887 2.200569 2.596044 5.000000 -0.147849 -1.317106 -1.028468 -2.036084 -0.155710 0.765465 -0.068485 2.192694 -0.468432 -0.694901 -1.162537 -3.265269 -3.135535 -2.358316 2.602856 1.790521 2.749928 -2.664423 -3.937249 -1.320113 0.351638 0.997381 2.095944 0.568559 3.485338
15 62.4303069937 0.0000000000 5.0000000000 0.9361533036 67.0000000000 5.6463584060 0.8897931923 5.7677401893 0.1947679330 5.0811274848 0.1758056486 33.2668268916 -741.4346572202 26.0706486024 6.6566073420 4.022513 -0.089191 0.390139 -3.563126 -1.458089 0.393115 0.709515 1.233773 0.017256 1.054008 0.907564 -3.659481 0.074011 1.535805 1.179760 -0.727718 -1.611253 -2.236624 -0.262108 2.266160 -3.903608 -1.319783 -2.279605 1.569915 -1.108619 -0.941275 -0.433899 0.890787 -0.784778 -5.000000 1.086624 0.878086 -0.439082 -2.168073 0.703560 0.758471 -0.940066 -0.433463 -1.860313 -0.357178
18 61.1531950959 0.0000000000 5.0000000000 1.8886684370 1.0000000000 6.3110649727 0.9978441453 3.1986894225 -0.1118898383 2.7126092297 -0.0948868014 10.2316140216 -1281.7722299420 26.4918960757 6.7658591541 2.371447 -3.222517 1.315129 0.656745 3.332300 -4.038344 2.317209 2.273357 -2.394346 3.840744 2.828977 -1.435321 -0.591177 -0.675569 0.884198 -0.668221 2.638816 -3.449735 -0.139803 4.439228 0.026092 -4.467678 -1.876532 2.835806 -0.828905 1.014488 0.847493 0.716692 -3.196494 -2.502100 1.569715 0.671684 -0.430985 -5.000000 -1.050757 -2.498150 -0.861819 -3.014772 2.261576 -0.976196
26 56.3430367689 0.0000000000 5.0000000000 1.8886684370 1.0000000000 6.3110649727 0.9978441453 3.1986894225 -0.1118898383 2.7126092297 -0.0948868014 10.2316140216 -1281.7722299420 26.4918960757 6.7658591541 1.109888 -0.952530 0.478080 -0.148694 -0.140534 -1.246469 2.103530 2.347458 -1.092169 -1.134535 -3.544724 -0.450290 1.204631 4.512778 2.020050 -2.597066 0.603349 -2.650634 -2.138767 5.000000 -3.492239 2.089199 -1.799110 -0.259438 -1.575522 -3.323982 0.419441 -0.066294 -1.181038 -3.254739 -1.312677 1.898281 -1.546136 -5.000000 -0.625552 1.492178 0.772856 0.026550 0.720381 3.757303
42 55.3914180270 0.0000000000 5.0000000000 1.8407333931 2.0000000000 6.3013200006 0.9962771320 4.8998262963 -0.1483138814 4.2471830797 -0.1292995973 24.0082977343 -1211.4286350154 24.3363383511 6.2447502796 4.597113 0.684376 -2.162580 0.501231 1.687336 -2.618910 3.088995 -0.895777 -2.814428 -2.857523 1.007923 -1.648399 1.668384 5.000000 2.151376 0.180415 0.455723 -2.334500 -2.119131 2.539008 -2.136804 4.702584 -0.372356 0.385027 -0.461737 0.169090 -0.636964 -0.309396 -0.384933 -2.637119 2.908866 -1.856836 -2.011602 -3.949566 -0.906913 2.477617 1.219837 -0.180193 -1.932763 0.570618
58 45.6089251523 0.0000000000 5.0000000000 1.7896241850 3.0000000000 6.2905179627 0.9945410849 4.7677725816 -0.0292907454 4.2342041962 -0.0334707285 22.7316553903 -1225.4721367394 25.6694435443 6.5738128139 3.836971 -1.945855 1.101340 -1.799266 1.379455 -0.854644 1.754235 1.317067 -3.890513 0.053770 1.574764 2.359172 2.254483 4.958815 3.301546 0.056737 -1.390228 -2.481805 0.121123 0.265655 -1.370702 -0.188336 -0.665769 -0.527375 1.208909 1.745771 -0.561382 -0.397508 0.272138 -4.310440 3.645828 -0.149297 -5.000000 -5.000000 0.466195 0.969141 0.406181 -1.877894 -0.325927 3.165669
202 40.9244236205 0.0000000000 5.0000000000 1.4699404046 13.0000000000 6.1761361976 0.9761379098 5.3319818980 0.0503992728 4.7497118531 0.0342239802 28.4300309610 -1096.4264777475 25.9358941181 6.6156043653 1.126746 -3.934958 0.585105 -1.980155 2.418673 -4.793911 2.860669 -2.547556 -1.112584 1.064002 -2.985729 -0.930513 2.149313 1.653468 1.292635 0.842039 0.688019 -2.328989 2.785284 2.615941 -5.000000 -3.885220 1.181386 -3.691001 4.087255 -4.487264 -1.467300 0.295903 -0.444607 2.129285 3.207948 3.428533 -2.426265 -1.417992 0.593993 -1.410594 -0.219289 -2.832147 0.390694 5.000000
1005 65.7183223557 0.0000000000 5.0000000000 0.6527942421 67.0000000000 5.6026771574 0.8832753558 6.4330449023 0.0197120345 5.3833576542 0.0231930182 41.3840667153 -501.7127063663 25.2077503345 6.4260717010 0.018501 -1.355894 0.735459 0.504670 -0.899543 -1.115692 4.958738 2.184853 3.206455 4.043681 -1.758438 3.713142 0.108185 4.553833 -3.328262 2.007767 3.454706 -1.651484 2.348893 1.361653 -4.002033 -0.795625 3.854372 -1.147529 3.871101 -3.037611 -5.000000 3.064245 4.812175 1.312936 0.992088 -2.988772 -2.185887 -2.691419 -1.109381 -1.365665 0.140669 -3.101427 -4.055758 -1.323392
evaluations raw_y rep iid sigma t d_norm d_mean ps_norm ps_mean pc_norm pc_mean ps_squared loglikelihood mhl_norm mhl_mean x0 x1 x2 x3 x4 x5 x6 x7 x8 x9 x10 x11 x12 x13 x14 x15 x16 x17 x18 x19 x20 x21 x22 x23 x24 x25 x26 x27 x28 x29 x30 x31 x32 x33 x34 x35 x36 x37 x38 x39
1 89.6116939073 1.0000000000 5.0000000000 0.6527942421 67.0000000000 5.6026771574 0.8832753558 6.4330449023 0.0197120345 5.3833576542 0.0231930182 41.3840667153 -501.7127063663 25.2077503345 6.4260717010 3.248691 -1.223513 -1.056344 -2.145937 1.730815 -4.603077 3.489624 -1.522414 0.638078 -0.498741 2.924216 -4.120281 -0.644834 -0.768109 2.267539 -2.199783 -0.344856 -1.755717 0.084427 1.165630 -2.201238 2.289447 1.803181 1.004989 1.801712 -1.367456 -0.245780 -1.871539 -0.535776 1.060711 -1.383322 -0.793507 -1.374345 -1.690411 -1.342492 -0.025329 -2.234621 0.468831 3.319604 1.484088
2 75.1143120986 1.0000000000 5.0000000000 0.6527942421 67.0000000000 5.6026771574 0.8832753558 6.4330449023 0.0197120345 5.3833576542 0.0231930182 41.3840667153 -501.7127063663 25.2077503345 6.4260717010 -0.383671 -1.775258 -1.494317 3.384909 0.101616 -1.273991 0.381831 4.200510 0.240318 1.234406 0.600341 -0.704500 -2.285036 -0.698685 -0.417788 1.173246 1.677967 1.862204 0.571175 1.770282 -1.508796 2.505736 1.025860 -0.596186 0.977036 -0.151143 2.263259 3.039634 4.371151 -2.792993 -2.888228 -1.008932 0.320074 1.752338 0.631270 -4.044402 -0.612408 1.655949 0.460189 1.524022
9 68.4809921043 1.0000000000 5.0000000000 0.6527942421 67.0000000000 5.6026771574 0.8832753558 6.4330449023 0.0197120345 5.3833576542 0.0231930182 41.3840667153 -501.7127063663 25.2077503345 6.4260717010 -0.271955 -1.594540 0.565351 -1.652195 1.242165 1.912243 -1.411681 2.385372 -0.475884 2.310576 0.876333 2.244657 -1.994040 -0.213588 2.902859 -1.236074 -4.074402 -3.885178 -5.000000 -4.228328 -0.823278 2.557056 -0.884459 0.647055 -0.219983 0.017098 -0.336398 -0.348361 0.922328 -2.351965 2.020254 1.840036 -0.390115 1.610787 -1.402689 -1.074446 0.312528 -0.380442 -0.897476 -1.344896
12 49.5313521886 1.0000000000 5.0000000000 0.6527942421 67.0000000000 5.6026771574 0.8832753558 6.4330449023 0.0197120345 5.3833576542 0.0231930182 41.3840667153 -501.7127063663 25.2077503345 6.4260717010 0.902568 -3.368120 -2.320340 2.700214 -0.662566 0.773078 -1.702911 2.001763 -0.769664 2.916216 -1.064468 2.236267 1.348792 -1.444784 2.197993 -1.803269 -1.644934 1.443423 -1.250684 -1.187686 -0.687801 -2.000338 2.089989 1.217029 -0.138657 -0.216784 0.900311 3.530670 1.741940 -1.016914 1.554838 -0.237542 -0.397996 3.732943 -0.837876 -0.958370 -3.904211 -2.804658 0.902246 -1.389842
62 40.6949472592 1.0000000000 5.0000000000 1.7176897198 4.0000000000 6.2761288515 0.9922464487 5.2718340227 0.0468141357 4.6755960639 0.0415103099 27.7922339624 -1190.3963886172 25.2858071521 6.4719053918 1.090857 0.330787 -2.039658 3.560963 -4.821613 3.228362 -1.190392 -3.766048 -1.653587 2.127489 0.477328 0.780626 0.347036 3.440306 -1.537762 -1.872703 2.360691 -5.000000 -3.565592 1.660537 0.052343 -4.360055 0.014297 0.599292 -0.403368 -5.000000 0.902458 0.089959 -1.558875 -2.615897 -4.915315 2.291421 1.665166 0.868422 0.775022 2.354954 -2.725784 5.000000 -1.510806 3.544080
375 29.9668617843 1.0000000000 5.0000000000 1.1920541445 24.0000000000 6.0601283882 0.9572652447 5.1275788370 -0.0322570184 4.7953308871 -0.0401697535 26.2920647299 -961.9211964761 26.2810009995 6.7274317067 -1.254254 2.775960 -1.447437 -0.242072 1.218726 1.099040 -4.013304 -1.461320 0.793967 3.856875 3.876531 2.811664 -1.323788 -2.147990 -0.972837 -3.762663 3.769299 -4.719390 1.128738 1.950573 4.453998 -3.884820 -1.423069 2.161161 -3.145598 -0.825222 -3.176962 -0.411152 3.412848 -3.635364 -2.494402 -1.238771 -0.973724 0.241976 -3.714959 3.727238 1.716233 2.938250 -0.884196 -0.199712
1005 78.7031592384 1.0000000000 5.0000000000 0.7802739133 67.0000000000 5.6242961326 0.8864256262 6.5182650061 -0.1665803783 5.5190160814 -0.1380393398 42.4877786896 -614.5224856362 25.3546758515 6.4582603027 -0.717216 -3.468403 -2.244337 1.434661 0.077213 -1.897513 -3.201051 5.000000 1.491618 2.706016 0.637592 1.908649 1.817182 -1.634904 -3.243699 -3.320527 1.661205 -1.490094 3.914143 2.622710 1.161656 -4.043041 -0.681708 2.723237 -1.337737 1.735787 1.889702 1.769229 2.959591 -4.264304 -4.909861 0.080791 -4.978075 4.048832 -1.358278 -0.778863 2.555652 -1.794047 -2.961268 1.330659
evaluations raw_y rep iid sigma t d_norm d_mean ps_norm ps_mean pc_norm pc_mean ps_squared loglikelihood mhl_norm mhl_mean x0 x1 x2 x3 x4 x5 x6 x7 x8 x9 x10 x11 x12 x13 x14 x15 x16 x17 x18 x19 x20 x21 x22 x23 x24 x25 x26 x27 x28 x29 x30 x31 x32 x33 x34 x35 x36 x37 x38 x39
1 53.7300031904 2.0000000000 5.0000000000 0.7802739133 67.0000000000 5.6242961326 0.8864256262 6.5182650061 -0.1665803783 5.5190160814 -0.1380393398 42.4877786896 -614.5224856362 25.3546758515 6.4582603027 -0.833516 -0.112534 -4.272392 3.280542 -3.586871 -1.683495 1.005763 -2.490576 -2.115904 -1.818015 1.102908 4.584416 0.083079 -2.235851 1.078117 -1.192319 -0.038261 2.350002 -1.495742 0.018051 -1.756216 -0.312868 0.513141 -1.977558 -0.677644 -0.472368 -1.275310 -2.375225 -2.842434 -0.306990 -0.538114 4.462734 -4.869535 0.225453 0.740889 2.719268 1.003714 -1.688427 0.000020 1.084705
62 51.8960083046 2.0000000000 5.0000000000 1.6957270225 4.0000000000 6.2759352787 0.9922205789 4.4179443272 -0.0997820607 3.9117704897 -0.0888534441 19.5182320785 -1190.4801301648 25.7002706500 6.5426068230 1.438042 -0.242074 -4.334975 -0.994491 -1.066566 -2.128740 2.403374 -3.333146 -0.575853 -2.311826 3.044506 -3.256190 0.663725 -0.232705 1.522758 -1.742789 1.915064 1.028182 -2.105292 -2.721780 -3.674224 -0.890429 3.885304 -1.880517 3.323164 -0.614283 0.496243 -0.917122 -1.399746 1.438449 -0.559598 1.075089 -1.088878 -2.073024 -3.992662 -3.505214 5.000000 0.865771 -1.295712 1.476944
195 50.0187167785 2.0000000000 5.0000000000 1.4192236981 12.0000000000 6.1852622361 0.9776816974 5.6229098575 -0.0416645421 5.0090450038 -0.0477905196 31.6171152659 -1058.0739241511 25.1348387774 6.4524550853 -0.833842 0.727058 -3.663214 -2.205659 3.847550 -1.156053 0.692865 -1.826806 -1.459507 -1.072890 0.800113 -1.595882 -4.989126 -1.839551 0.449373 -0.018183 -1.557034 -1.704986 1.279955 -0.152243 -0.764874 0.686818 4.972073 -3.854739 -0.896582 2.862174 3.339308 4.281634 -3.114064 -2.564682 2.869296 -1.344169 -0.601266 0.720395 0.378972 0.185240 -0.507037 -1.166005 -5.000000 -0.135096
311 49.6117417303 2.0000000000 5.0000000000 1.2569855733 20.0000000000 6.0986033732 0.9635971128 6.2546736419 0.0121704905 5.6728190264 -0.0018737356 39.1209423667 -946.1735051384 24.1099026687 6.1677074424 2.285928 3.321519 -3.555004 -3.180612 5.000000 -1.047854 -2.609743 -3.589704 -2.754634 -2.446990 -0.122323 -3.890596 -3.925428 2.294117 -0.199655 0.262316 -3.748587 -2.206433 -2.168248 2.223263 2.743180 1.327499 4.761950 -2.641848 -1.399599 1.984116 3.260919 4.820012 -5.000000 -2.234066 -1.460688 -2.282995 -1.351412 2.081898 2.881531 2.562134 3.467115 -1.797287 -3.471586 -1.103504
330 48.6358993570 2.0000000000 5.0000000000 1.2591136572 21.0000000000 6.0883502163 0.9618992770 6.3763731020 -0.0051946789 5.9797541540 -0.0142191240 40.6581339355 -963.8106549232 24.8690206620 6.3448862979 -0.442454 3.229715 -2.050773 -3.657183 2.436126 -0.983971 -2.987298 -3.486587 -3.973581 -2.834717 0.223043 -3.361799 -1.718504 3.593488 0.053038 0.605514 -1.753888 -1.179563 0.591120 0.705995 -1.622225 1.197050 5.000000 -1.994062 -0.846301 2.195795 5.000000 4.305041 -3.889450 -0.704071 -0.075789 -2.825846 0.187098 1.130077 1.755058 1.525291 2.226145 -3.267971 -1.917965 -2.912429
507 43.3850750942 2.0000000000 5.0000000000 1.0372129590 33.0000000000 5.9602269736 0.9410936008 5.3046301697 -0.0155375616 4.7099474443 -0.0370892038 28.1391012374 -854.6255770625 26.0417328552 6.6390531798 -0.494558 3.670028 -2.644159 -2.201235 4.319066 1.817290 -2.561026 -1.292772 -5.000000 -4.456314 -2.148468 -2.937531 -3.659949 2.480554 0.538494 -2.372624 -5.000000 -2.027654 1.184618 -0.763882 -0.653515 0.397085 2.806628 0.343340 2.644204 2.108647 3.870353 3.947393 -5.000000 -4.072231 -4.512281 -2.987864 1.294335 3.067836 5.000000 1.714485 -0.447737 -3.419010 -2.845153 1.696171
1005 63.0241142920 2.0000000000 5.0000000000 0.8551583406 67.0000000000 5.6278746641 0.8867380891 5.5163093110 0.3011984007 4.9952463742 0.2523689705 30.4296684147 -669.6641626210 25.4342087076 6.5087143747 1.768480 4.092117 -4.858834 -4.014839 2.987764 -0.477931 -1.462232 1.749469 -2.378687 2.489528 0.211094 -2.251700 0.482539 3.094234 2.046751 -2.969391 -1.634104 -0.340537 5.000000 -1.772407 -0.578949 -2.807173 4.087081 0.009566 2.952707 2.941151 0.667610 3.957293 -3.928275 -4.033166 -4.204765 -0.263408 -0.461848 3.202093 3.255118 1.484585 -0.335699 -3.425813 -3.569147 -1.838377
evaluations raw_y rep iid sigma t d_norm d_mean ps_norm ps_mean pc_norm pc_mean ps_squared loglikelihood mhl_norm mhl_mean x0 x1 x2 x3 x4 x5 x6 x7 x8 x9 x10 x11 x12 x13 x14 x15 x16 x17 x18 x19 x20 x21 x22 x23 x24 x25 x26 x27 x28 x29 x30 x31 x32 x33 x34 x35 x36 x37 x38 x39
1 66.6603245181 3.0000000000 5.0000000000 0.8551583406 67.0000000000 5.6278746641 0.8867380891 5.5163093110 0.3011984007 4.9952463742 0.2523689705 30.4296684147 -669.6641626210 25.4342087076 6.5087143747 3.577257 0.873020 0.192995 -3.726985 -0.554776 -0.709518 -0.165483 -1.254001 -0.087636 -0.954436 -2.627730 1.769245 1.762636 3.419146 0.100067 -0.809355 -1.090720 -3.092955 1.964735 -2.202135 -2.370093 -0.411300 2.972297 0.473433 -2.047570 -1.425986 1.250490 -0.321027 -1.537673 -0.460061 1.490113 3.952222 -2.488247 -1.252834 -1.607532 -4.838166 -1.847584 -2.047752 2.247956 -0.263828
4 65.6838697724 3.0000000000 5.0000000000 0.8551583406 67.0000000000 5.6278746641 0.8867380891 5.5163093110 0.3011984007 4.9952463742 0.2523689705 30.4296684147 -669.6641626210 25.4342087076 6.5087143747 -1.356425 0.852870 -1.506670 -3.488221 0.451501 0.574070 -0.154882 0.552137 -1.296822 -1.474930 -0.336180 3.818554 1.629629 -1.039984 1.117426 -0.956729 -0.914522 1.718568 -1.050529 -3.351269 -1.812989 0.176830 0.256016 2.483233 -1.432052 1.462931 0.851933 -0.298028 1.671688 0.984238 -1.724617 2.143368 -2.441804 0.119231 0.004888 0.849271 -1.450867 -0.069887 -0.281240 1.994177
26 65.3228985599 3.0000000000 5.0000000000 1.8879909522 1.0000000000 6.3085295991 0.9974472471 3.1793552515 -0.0589156535 2.6962131238 -0.0499626955 10.1082998151 -1305.0281107327 27.3917137415 6.9415515012 -3.523068 2.052863 -1.850854 -4.117358 -0.035351 0.050397 -2.660011 0.366206 -1.964503 -2.421254 -2.081642 3.106266 2.709563 -2.120691 -0.496848 1.345000 -0.428067 0.174833 0.219780 -1.135061 -3.434596 -1.158460 2.471403 0.379706 -1.650003 0.786084 3.590169 2.129825 -1.354351 -3.467614 -3.307376 -0.744254 -3.000410 -0.387417 -4.396147 -0.128665 -2.433860 1.653849 -1.717328 2.637520
29 64.2573355450 3.0000000000 5.0000000000 1.8879909522 1.0000000000 6.3085295991 0.9974472471 3.1793552515 -0.0589156535 2.6962131238 -0.0499626955 10.1082998151 -1305.0281107327 27.3917137415 6.9415515012 2.407636 1.979076 -0.823797 -3.032766 -0.455092 1.783509 -3.430926 -1.681425 -2.308476 3.071803 -0.487942 1.308674 -0.182391 1.469699 0.830049 -1.762061 -0.811802 -2.830392 1.657094 -2.976303 -1.506396 5.000000 2.041857 -0.441669 -2.649141 -1.227351 1.668145 -2.715331 1.246517 3.256794 -2.331974 -3.221165 -2.060714 -0.708575 1.765422 -1.932249 0.305049 -1.201794 -1.378994 -0.028203
33 56.9872640748 3.0000000000 5.0000000000 1.8151744397 2.0000000000 6.2951222678 0.9953054120 4.1656510149 -0.1738612097 3.5923155066 -0.1486168768 17.3526483775 -1230.7984841248 25.5401985039 6.5337824042 -0.514360 0.484710 -5.000000 -2.404166 -1.515096 0.985783 0.333882 -0.361777 -0.486773 3.071348 -0.389802 2.479528 0.066708 0.816876 1.222691 1.015941 2.138435 -0.517879 -1.303925 -1.783795 -1.231999 5.000000 1.326239 -0.696521 -5.000000 3.121870 1.099659 2.638368 -5.000000 2.480936 -2.613525 1.446347 -5.000000 -2.451738 -0.141258 -4.613400 -2.970706 0.952587 -1.453615 1.933970
68 44.0955823780 3.0000000000 5.0000000000 1.7114122513 4.0000000000 6.2746348141 0.9920131693 4.7020639556 -0.2842023236 4.1831475574 -0.2506419240 22.1094054421 -1168.3971615760 24.5558799965 6.2957067053 -0.455366 2.634706 1.567743 -3.750857 -0.505747 -1.128051 -3.982894 -4.033681 -1.319455 2.633509 -0.166949 2.327650 4.290947 -2.055023 -1.191846 -1.540710 1.990945 0.414394 -1.296144 -3.430489 -2.686030 -3.209781 0.288750 -2.603048 -4.444775 0.736017 0.616245 1.244165 -3.984957 -0.115222 1.806838 1.341636 -4.719261 -2.105476 -1.309476 -3.239813 -1.727148 -0.040237 2.165735 2.403335
220 36.2735553186 3.0000000000 5.0000000000 1.4281820885 14.0000000000 6.1683321238 0.9748325697 6.4488628659 -0.1273763739 6.0549706144 -0.1560257373 41.5878322632 -1025.7977772245 23.8108644258 6.0672472859 -1.225403 5.000000 4.522605 -5.000000 2.136493 -3.306021 -4.381881 -3.852746 -1.625427 3.494666 -0.282685 0.037478 -0.794116 -2.824922 -1.264970 -0.016526 -4.567282 0.468248 0.190854 -1.471348 -5.000000 3.381575 1.665429 2.439237 -0.298312 3.387691 1.367346 4.475652 -3.423453 2.055669 -1.251524 1.943523 -5.000000 -5.000000 0.877574 -0.858009 -2.154745 -4.503822 1.809651 -0.654643
1005 74.8676087726 3.0000000000 5.0000000000 0.7060426580 67.0000000000 5.6240102851 0.8865632298 6.2369454691 0.2412115593 5.3548238257 0.2338815783 38.8994887846 -558.6834528007 25.4761441075 6.5143813578 3.992272 -3.523189 0.461527 -4.520912 0.003280 3.033472 -3.772452 -2.178119 -0.249959 -2.702245 1.996466 -0.970120 1.946038 -3.295809 -4.356387 2.620236 -1.185353 1.500040 0.431924 -3.744807 -3.449999 2.442150 5.000000 1.030874 2.037219 4.606993 0.250986 -1.412972 -4.795118 -2.096612 0.012305 2.213623 1.690639 -4.291446 4.860505 -0.153616 1.439531 -2.328826 -0.479594 3.547179
evaluations raw_y rep iid sigma t d_norm d_mean ps_norm ps_mean pc_norm pc_mean ps_squared loglikelihood mhl_norm mhl_mean x0 x1 x2 x3 x4 x5 x6 x7 x8 x9 x10 x11 x12 x13 x14 x15 x16 x17 x18 x19 x20 x21 x22 x23 x24 x25 x26 x27 x28 x29 x30 x31 x32 x33 x34 x35 x36 x37 x38 x39
1 92.0433795857 4.0000000000 5.0000000000 0.7060426580 67.0000000000 5.6240102851 0.8865632298 6.2369454691 0.2412115593 5.3548238257 0.2338815783 38.8994887846 -558.6834528007 25.4761441075 6.5143813578 0.101123 0.999903 -1.991818 1.387197 -0.836603 -3.169154 -1.295414 1.197150 0.664500 -2.294953 1.237339 -0.175974 0.850145 0.664506 -2.313633 0.701994 -1.213775 3.093959 1.446683 0.092271 -1.965983 0.108865 0.319786 -2.417896 4.446720 0.788590 3.384715 -2.225624 3.271495 -2.721931 -1.302452 1.084903 0.096012 -4.716147 -2.211168 1.675673 4.175742 1.829682 -0.552407 1.593024
2 82.7084007632 4.0000000000 5.0000000000 0.7060426580 67.0000000000 5.6240102851 0.8865632298 6.2369454691 0.2412115593 5.3548238257 0.2338815783 38.8994887846 -558.6834528007 25.4761441075 6.5143813578 -2.287597 1.019840 -2.694921 -0.018720 -0.261409 1.604173 -0.605928 2.404005 -0.393491 1.673057 1.573205 -3.681752 0.075095 0.071856 -1.557480 0.358821 -2.911069 1.112370 1.019558 0.600891 4.953168 0.704687 0.134942 -1.464529 0.594282 -1.923554 2.543637 -1.295289 0.316939 3.980166 2.328375 0.485320 2.759840 -0.109117 1.590468 0.038180 -1.810876 0.860543 1.869300 -0.692204
5 52.1658050663 4.0000000000 5.0000000000 0.7060426580 67.0000000000 5.6240102851 0.8865632298 6.2369454691 0.2412115593 5.3548238257 0.2338815783 38.8994887846 -558.6834528007 25.4761441075 6.5143813578 -0.802354 1.790209 -2.991705 -1.390794 -0.238823 -2.089647 0.721276 -3.029809 0.110355 -2.880530 -0.290493 1.016147 4.407128 2.155269 3.234482 0.135944 4.231472 -0.482517 -0.504395 -2.564166 0.444503 2.107201 -1.267716 -0.741204 -0.927090 -0.662905 -1.180767 -2.700079 2.761936 -3.943506 -1.854164 0.687483 2.023123 -0.417202 -0.566493 0.098953 -0.522624 1.753485 -0.965757 -1.970837
20 39.4665151691 4.0000000000 5.0000000000 1.8926467117 1.0000000000 6.3134514028 0.9982257499 3.3120823190 0.1203740943 2.8087706812 0.1020817704 10.9698892879 -1281.4535402222 26.3675490637 6.7416225062 -0.158937 -1.428464 -1.810897 -1.629088 1.083987 -0.174057 0.486682 1.888880 -0.161042 1.216306 -0.532221 0.416197 3.149173 3.397124 0.687170 2.732889 -0.710810 -2.722728 2.499928 0.228955 -0.240597 0.372347 0.032700 2.624875 -1.532898 1.036538 0.159264 -0.498207 1.730354 -0.485487 -2.772238 -0.358947 0.492936 0.167079 -2.179000 -0.681606 0.957849 -1.437885 -1.852016 -1.333356
50 38.1939834796 4.0000000000 5.0000000000 1.7312267478 3.0000000000 6.2925163272 0.9948772273 4.0361806488 -0.0224836809 3.5001301088 -0.0148117704 16.2907542299 -1208.5238952414 25.7520637172 6.5950116648 2.007719 -4.685402 2.622006 0.048901 0.004985 -0.852560 1.445564 -0.951262 -4.234313 -3.996156 0.760990 2.591662 -0.895102 -0.260326 2.404273 0.486767 -1.806628 -1.046274 2.043835 0.013058 0.632328 -3.610480 0.894426 1.869713 0.005876 1.562774 -1.713878 1.009727 0.286481 -0.242261 -4.917820 -0.985708 3.206542 -0.715228 -1.195949 -0.066954 1.642337 -2.105030 -4.040488 2.098332
1005 54.5882628224 4.0000000000 5.0000000000 0.8151435079 67.0000000000 5.6307984180 0.8873979138 6.5603384569 -0.0336988576 5.7345192064 -0.0113799251 43.0380406695 -625.8071784849 24.7090149316 6.3079152788 0.284261 -1.890856 -0.103787 1.383942 -2.558416 2.764552 -5.000000 -2.084156 -4.072052 -3.318534 -1.562610 0.878674 -0.791236 -1.487268 5.000000 5.000000 -1.617515 3.818499 -4.193461 2.118232 -4.421434 -1.963133 -4.769752 4.386572 1.139033 3.618539 -1.716463 -3.160861 -3.841408 -1.653686 2.195224 0.120847 -1.040803 3.082608 3.298092 2.533461 -0.733336 -0.023084 -4.673740 -4.559160
evaluations raw_y rep iid sigma t d_norm d_mean ps_norm ps_mean pc_norm pc_mean ps_squared loglikelihood mhl_norm mhl_mean x0 x1 x2 x3 x4 x5 x6 x7 x8 x9 x10 x11 x12 x13 x14 x15 x16 x17 x18 x19 x20 x21 x22 x23 x24 x25 x26 x27 x28 x29 x30 x31 x32 x33 x34 x35 x36 x37 x38 x39
1 92.6764879773 5.0000000000 5.0000000000 0.8151435079 67.0000000000 5.6307984180 0.8873979138 6.5603384569 -0.0336988576 5.7345192064 -0.0113799251 43.0380406695 -625.8071784849 24.7090149316 6.3079152788 0.882455 -0.661740 4.861542 -0.504184 0.219220 3.164962 -1.818465 -1.183273 0.375206 -0.659740 -2.385529 -0.409753 -0.717658 1.206943 -3.329577 -1.400358 2.302782 3.714662 -3.022359 1.289695 -1.961216 -1.713706 -1.743758 -0.845016 1.992880 1.424843 0.118288 -0.726622 0.006578 -0.211861 1.586107 -1.263143 -0.012390 -0.202135 -0.104616 0.498435 0.395320 2.669697 -0.173751 3.123065
2 61.4839992848 5.0000000000 5.0000000000 0.8151435079 67.0000000000 5.6307984180 0.8873979138 6.5603384569 -0.0336988576 5.7345192064 -0.0113799251 43.0380406695 -625.8071784849 24.7090149316 6.3079152788 -0.611706 -0.955463 0.201476 0.710877 0.539225 2.583927 2.278686 0.988881 -0.672673 -0.201229 2.826796 0.442508 -2.621546 -1.379130 -1.155026 2.304410 -0.214328 4.520214 1.313239 0.249614 -0.871408 1.944359 -0.481422 -1.648247 1.136265 0.025517 2.378121 -0.147187 -5.000000 1.578733 -3.755482 3.077512 3.642729 -0.854063 -2.329404 -2.794148 1.745309 -0.404236 -1.196720 -0.486839
7 54.0236735867 5.0000000000 5.0000000000 0.8151435079 67.0000000000 5.6307984180 0.8873979138 6.5603384569 -0.0336988576 5.7345192064 -0.0113799251 43.0380406695 -625.8071784849 24.7090149316 6.3079152788 -0.751415 0.069288 0.090156 -1.527494 -0.626277 -1.213979 -3.619102 -0.511035 -1.387599 0.838396 -0.290400 1.927603 1.392444 1.798811 2.416756 1.386507 -0.332721 2.706226 -1.857253 -0.070945 1.719292 -0.574993 1.429900 -1.606905 -1.080964 1.092355 1.423779 2.394309 -0.140134 0.596454 1.252385 0.934864 -2.605243 -1.140179 2.885900 -2.487990 1.257761 -0.851184 2.006419 -1.556355
31 48.3134461243 5.0000000000 5.0000000000 1.7719638153 2.0000000000 6.2962657352 0.9954923096 3.5354791448 0.0662742230 3.0523092524 0.0584665691 12.4996127833 -1238.5123923180 26.3865227698 6.7410170599 2.497788 -0.142340 1.933740 -1.463466 3.523378 1.461501 -3.127830 2.017124 -2.711009 3.055035 0.057355 -0.204558 1.715511 -1.868052 0.899333 3.311439 3.245325 1.920605 0.713568 -0.642694 -0.580240 3.569361 -1.230192 2.761463 -0.091218 -0.729619 0.116166 -0.520082 -1.822886 -0.710816 1.694469 -0.633865 0.306961 -2.008114 0.976564 -2.868350 0.671654 -1.878035 -2.385734 3.502433
194 47.9274761772 5.0000000000 5.0000000000 1.3246235210 12.0000000000 6.1813387227 0.9770349427 4.9006591398 0.2765208717 4.4957955095 0.2511393185 24.0164600041 -992.6918037040 24.2336511011 6.2056212630 2.156015 -1.180210 -2.136288 -1.059654 0.883015 3.973340 -3.074271 1.767792 1.590463 -0.584078 -3.533929 2.046018 -0.474067 -1.012693 0.104411 2.371738 1.668813 2.779539 4.622561 -2.113239 0.270095 2.842306 -3.510068 -2.347925 2.050222 0.680771 -1.515087 4.545993 -1.060690 2.378240 -2.266755 1.616161 1.386826 1.768861 2.961165 -2.214964 1.565065 0.394624 0.344195 -0.589029
267 44.0116322723 5.0000000000 5.0000000000 1.2154286816 17.0000000000 6.1215733905 0.9674200142 4.7402676063 0.1259617324 4.3260051458 0.1455456362 22.4701369792 -942.9705099347 24.6823745329 6.2582274075 -0.984346 -1.020327 -0.197945 -0.615535 -0.323416 3.434819 -3.924323 0.198187 1.730718 0.804813 -3.638370 0.452254 2.062903 -1.351034 0.787048 5.000000 -0.353966 1.393878 2.598466 -1.568168 3.690801 0.289044 -2.233521 -2.453670 1.736672 0.375972 2.470624 2.817592 -1.362955 1.589120 0.338085 0.175274 1.928258 1.954400 1.330215 -3.059176 3.690821 1.088761 2.901284 1.732547
360 43.0101677986 5.0000000000 5.0000000000 1.0363845605 23.0000000000 6.0527852307 0.9563380449 5.5127394427 -0.0200370691 5.0979410208 0.0203798678 30.3902961634 -872.4269211496 26.1745687434 6.6504169081 -2.620171 -1.316739 0.943190 -1.049422 0.188150 4.708571 -2.415012 -2.088589 1.604730 0.570878 -3.842131 0.085426 -0.510761 -2.520938 0.440895 4.742935 1.575743 0.310532 2.977711 -5.000000 4.905737 1.205023 -2.703628 -4.651577 1.948411 -2.085064 0.632653 3.979884 -1.106358 1.750597 -0.700073 1.538697 2.122570 1.571646 0.952642 -3.350236 3.323043 -0.061300 -0.856528 0.506034
873 38.7617974046 5.0000000000 5.0000000000 0.7520890887 58.0000000000 5.7001239999 0.8986574915 5.0260507344 -0.2472401757 4.4753697365 -0.1537907893 25.2611859849 -621.4428988431 25.9455033671 6.6164160735 1.633745 5.000000 3.595783 -1.679500 2.921334 4.988708 -3.369753 -1.892101 0.950223 -1.038128 -3.950590 3.265633 -4.104511 1.656695 -2.010123 2.454213 0.534666 1.252619 4.105186 -4.187159 2.180441 1.110352 -1.284753 -3.455026 -0.055994 1.197494 4.238023 4.270789 -4.041837 -1.662664 -0.406438 -1.233013 2.687393 1.140309 -2.538582 -2.376601 3.055146 1.691032 3.394574 1.491632
1005 108.7076744725 5.0000000000 5.0000000000 0.7789388864 67.0000000000 5.6173654684 0.8850821312 6.3871800123 0.0975774872 5.6285279446 0.0747954679 40.7960685101 -599.2482955379 24.8180926122 6.3346016894 0.637971 3.287944 2.338206 0.208253 2.312821 3.632916 0.493034 -1.278291 -1.389471 -0.116690 -2.843142 4.997002 -2.522071 2.827577 -0.252764 3.580183 -1.232497 -0.426179 3.992082 -5.000000 3.355816 1.453595 -2.466775 -1.870817 0.865675 0.712700 2.476156 4.802231 -4.711770 0.341178 -0.757549 0.008187 3.518987 0.615322 -3.329765 -1.849850 2.650211 1.106895 4.131638 1.823468
evaluations raw_y rep iid sigma t d_norm d_mean ps_norm ps_mean pc_norm pc_mean ps_squared loglikelihood mhl_norm mhl_mean x0 x1 x2 x3 x4 x5 x6 x7 x8 x9 x10 x11 x12 x13 x14 x15 x16 x17 x18 x19 x20 x21 x22 x23 x24 x25 x26 x27 x28 x29 x30 x31 x32 x33 x34 x35 x36 x37 x38 x39
1 123.2035940072 6.0000000000 5.0000000000 0.7789388864 67.0000000000 5.6173654684 0.8850821312 6.3871800123 0.0975774872 5.6285279446 0.0747954679 40.7960685101 -599.2482955379 24.8180926122 6.3346016894 -0.623567 1.458008 0.435642 -1.798184 -4.973561 1.826503 2.254127 -3.028186 3.278582 -0.859787 5.000000 1.203644 -0.671763 2.475476 0.222256 0.258302 0.152255 -0.310256 1.268451 1.621310 0.709617 3.625181 -2.712952 -0.927264 1.649308 -2.352863 3.128979 1.425410 -0.362013 1.068399 -1.173226 -2.963707 1.714495 1.886198 0.228883 -0.043913 -4.254289 -1.668815 -0.931017 0.467421
2 87.2848119979 6.0000000000 5.0000000000 0.7789388864 67.0000000000 5.6173654684 0.8850821312 6.3871800123 0.0975774872 5.6285279446 0.0747954679 40.7960685101 -599.2482955379 24.8180926122 6.3346016894 2.770070 -1.039254 -1.560304 1.911219 -0.253473 -2.737226 2.436961 -1.715003 -1.122942 -2.067040 0.717542 2.147363 -0.751009 0.792735 -0.942893 4.673216 3.005571 -1.190919 1.056682 1.879650 0.852571 -1.516314 -0.324734 1.453620 0.888166 -1.713645 0.893857 -2.029296 -4.264647 0.347726 1.902403 0.883795 2.938035 3.499033 0.707061 -1.286675 -0.094474 -2.898080 -0.072380 -0.181694
3 70.5293628868 6.0000000000 5.0000000000 0.7789388864 67.0000000000 5.6173654684 0.8850821312 6.3871800123 0.0975774872 5.6285279446 0.0747954679 40.7960685101 -599.2482955379 24.8180926122 6.3346016894 0.352581 2.189241 -4.252949 1.502898 -1.081214 1.586445 0.347307 -2.070869 1.748537 -1.479144 1.045891 -1.183753 -0.954974 0.225059 3.809485 1.388306 -0.039163 3.325686 0.061217 -0.594998 -1.936275 0.334133 0.233204 -1.364515 -3.828042 -0.279805 0.229849 -0.790009 -1.906633 -2.145655 -0.968891 2.725876 0.305376 -3.265241 1.286603 -0.895790 4.678068 -0.626646 -0.119235 0.388337
5 67.9576508090 6.0000000000 5.0000000000 0.7789388864 67.0000000000 5.6173654684 0.8850821312 6.3871800123 0.0975774872 5.6285279446 0.0747954679 40.7960685101 -599.2482955379 24.8180926122 6.3346016894 1.565261 -0.986837 -1.639772 0.277427 -0.159451 1.745331 0.557034 -0.855080 -0.120185 -1.136977 -0.647318 2.532207 0.827127 -0.746754 -0.640333 -1.186392 -0.375315 -2.972784 1.223789 -0.539688 1.384986 1.922667 0.630171 -2.029331 -2.445151 1.645625 1.672950 -2.756189 -1.890858 2.182573 0.148195 4.061521 1.033789 1.857715 -0.168342 -0.897131 -2.899856 -5.000000 2.231388 1.588207
6 66.6916577010 6.0000000000 5.0000000000 0.7789388864 67.0000000000 5.6173654684 0.8850821312 6.3871800123 0.0975774872 5.6285279446 0.0747954679 40.7960685101 -599.2482955379 24.8180926122 6.3346016894 -1.008534 2.105020 -2.934107 3.148208 0.944675 3.353860 -3.382422 2.855615 1.857121 0.678940 -1.737564 0.709675 0.525618 -1.218070 -2.742104 -2.137250 -1.061401 2.273885 2.374116 3.381792 0.980563 -2.891060 -1.486202 -2.308089 -0.515348 2.753628 -0.357961 -0.861260 1.058145 1.466728 1.933432 -1.870548 -1.756417 -0.911457 1.486152 0.386596 -1.942647 3.793744 -1.086608 -0.247589
9 62.5733127129 6.0000000000 5.0000000000 0.7789388864 67.0000000000 5.6173654684 0.8850821312 6.3871800123 0.0975774872 5.6285279446 0.0747954679 40.7960685101 -599.2482955379 24.8180926122 6.3346016894 -0.634487 3.688191 0.308995 1.611163 -1.176380 -2.776499 -2.375037 -0.550628 -2.285002 1.655942 -0.747764 -0.860338 3.317931 -0.629314 -0.830964 5.000000 0.930825 0.299817 -0.770950 2.603168 2.472638 -4.695282 0.047810 0.649815 1.242358 -2.440654 0.064464 3.555057 2.409276 -1.856004 0.792218 -1.328661 1.797353 -5.000000 1.963892 0.692538 2.289666 -2.156657 -0.318204 -1.985916
17 60.1961941853 6.0000000000 5.0000000000 1.8861476194 1.0000000000 6.3127246251 0.9981050180 3.1267147838 0.0216142946 2.6515720225 0.0183297367 9.7763453392 -1267.0638937137 25.9081966567 6.6487285651 3.346519 4.131252 -0.794154 4.153757 0.490570 2.596710 -0.384824 -1.823476 -0.519633 1.808258 -1.017871 -2.333449 5.000000 0.043474 -1.540068 4.829010 1.488448 -0.571349 -1.089516 1.624796 0.209170 -3.240069 0.774656 -1.903972 -3.111080 -1.243675 0.155229 -0.841174 0.043015 0.000446 3.988146 -0.579589 0.500949 1.767012 -0.816194 1.727468 1.289831 2.189894 0.796422 -0.931273
24 55.4534914494 6.0000000000 5.0000000000 1.8861476194 1.0000000000 6.3127246251 0.9981050180 3.1267147838 0.0216142946 2.6515720225 0.0183297367 9.7763453392 -1267.0638937137 25.9081966567 6.6487285651 -0.314743 -0.356443 2.275464 1.802152 -3.848174 0.890949 -1.140292 0.917160 0.032647 -1.218630 -1.861112 1.073141 4.223523 3.005119 2.578238 1.452368 0.342120 -0.832844 -3.898292 1.341829 1.143271 3.176025 0.318033 -3.780492 -0.523326 -0.952311 0.852462 -0.674618 1.676252 -0.686737 -1.528913 -2.511630 -4.110113 -2.225581 -0.201795 1.079686 -0.782424 -1.152276 -0.670885 -1.127669
25 53.3660862984 6.0000000000 5.0000000000 1.8861476194 1.0000000000 6.3127246251 0.9981050180 3.1267147838 0.0216142946 2.6515720225 0.0183297367 9.7763453392 -1267.0638937137 25.9081966567 6.6487285651 -0.854382 -2.547183 -1.191010 1.430071 -2.831252 2.527009 -2.046456 -2.008994 -0.154165 1.595414 0.255167 -1.516909 3.421982 -3.496657 0.719732 5.000000 0.917227 1.598623 -1.739744 2.052311 3.081769 -1.528700 -0.814270 -1.695398 -2.799083 -0.861249 3.434995 2.045230 2.269147 -0.259653 -3.940761 -0.233718 -0.166634 -1.827399 1.163357 -0.204863 -1.946209 -2.768603 -0.709899 1.605864
35 40.6301112356 6.0000000000 5.0000000000 1.8134815163 2.0000000000 6.3012511347 0.9962702802 4.1680080012 -0.0216526580 3.6011501065 -0.0178964289 17.3722906980 -1225.9330416862 25.2936295045 6.4691927037 4.304119 0.912691 -0.520949 3.856484 -0.159488 -0.656657 -2.069881 0.127367 0.331552 1.882810 -0.826533 -1.988422 2.295264 -0.051289 2.061926 -0.293026 3.184596 0.572466 -1.885123 1.475384 3.332590 0.338732 1.386615 0.773886 -0.032094 0.746166 -1.213624 -1.297430 -2.233846 -1.510847 -0.754133 0.572969 0.430325 -1.584005 -1.635556 -0.913323 -2.060793 -0.569042 -2.067013 -0.150273
258 34.1336315619 6.0000000000 5.0000000000 1.2246680749 17.0000000000 6.1229613649 0.9676292126 4.9895467773 -0.1258957130 4.6437095264 -0.1484320541 24.8955770432 -973.5068866192 25.7455197980 6.5827700776 -1.509092 -0.976000 1.810136 0.257288 -0.040027 -1.179415 0.117714 -3.361327 -3.419833 1.907330 -0.197073 -1.210695 -4.406778 -1.561892 -0.117784 -2.819337 1.134235 4.180092 -0.039526 -0.004651 1.135542 1.804471 -1.922577 -4.837766 2.732860 -2.754210 2.616337 0.710794 -0.003259 -2.262019 -3.500514 -5.000000 3.391886 -3.160454 4.176634 -0.679515 -1.928519 -3.276078 -2.179881 3.169707
1005 91.7712471513 6.0000000000 5.0000000000 0.9706099628 67.0000000000 5.6380074801 0.8879319907 6.3143068314 0.1766926180 5.8635149592 0.1596629677 39.8704707606 -763.4639353848 26.0422272669 6.6341411314 3.568180 5.000000 -0.107859 0.205821 0.286940 -2.403347 -1.502694 -4.474347 1.836983 2.521724 -2.565227 -1.430578 -1.157412 3.128936 0.428226 1.378467 -4.684123 0.008346 -3.638091 -0.553323 -3.805333 -3.373371 -2.791779 0.707294 0.220482 4.247376 -2.844770 3.830690 0.746474 -2.664899 2.830689 1.667443 0.952009 -4.631751 0.418931 -2.422400 -0.315737 -0.356720 2.975808 2.646151
evaluations raw_y rep iid sigma t d_norm d_mean ps_norm ps_mean pc_norm pc_mean ps_squared loglikelihood mhl_norm mhl_mean x0 x1 x2 x3 x4 x5 x6 x7 x8 x9 x10 x11 x12 x13 x14 x15 x16 x17 x18 x19 x20 x21 x22 x23 x24 x25 x26 x27 x28 x29 x30 x31 x32 x33 x34 x35 x36 x37 x38 x39
1 53.1355042383 7.0000000000 5.0000000000 0.9706099628 67.0000000000 5.6380074801 0.8879319907 6.3143068314 0.1766926180 5.8635149592 0.1596629677 39.8704707606 -763.4639353848 26.0422272669 6.6341411314 3.381051 -0.931875 0.065640 0.815033 -1.577846 0.004131 -0.001781 -3.509449 2.035316 1.200997 -1.250858 -0.343097 1.010599 -0.522713 -0.485498 -2.906483 1.109161 0.247762 0.548920 -3.053049 3.301399 0.308671 -0.774280 4.058144 -0.090772 -2.901357 -0.810456 -4.576630 2.098793 -0.832949 -1.485107 2.144940 -3.302151 1.070859 -4.128830 -1.324319 -2.408440 2.923951 3.532322 -0.658828
172 52.6359066534 7.0000000000 5.0000000000 1.4414255308 11.0000000000 6.1937573582 0.9790233679 5.4100154787 -0.1655972772 5.1212731395 -0.1651675384 29.2682674801 -1048.5100121143 24.3364593373 6.2141184382 -3.060650 0.663034 -5.000000 0.633413 -1.443998 0.642345 -1.733612 -2.389252 2.981253 2.133209 2.062452 1.492243 4.467777 0.795075 -1.486303 -3.516796 2.914177 -3.370504 -3.514288 -3.596506 2.527828 -2.923096 -2.203908 4.886039 -5.000000 -3.551114 -1.101328 -2.649818 -0.035202 -0.790056 1.637983 -0.188116 -0.430917 -2.399715 -2.240974 0.077473 -3.752464 -3.584144 4.920810 -0.451533
251 46.9598556818 7.0000000000 5.0000000000 1.3186583393 16.0000000000 6.1399511765 0.9703075297 4.6632296400 -0.0625433664 4.5268932324 -0.0803489586 21.7457106756 -989.6485234227 24.4517632729 6.2393499041 -2.143913 -0.551486 -2.365130 1.135411 -0.352528 0.447061 -0.645326 -1.348183 3.383520 1.325679 -1.765486 2.380908 2.672600 -1.748999 -3.457971 -4.134354 3.043835 -4.710919 1.114258 0.785613 5.000000 -2.379014 -0.271267 1.980386 -5.000000 0.562569 -2.516511 -2.209086 1.886627 -0.997607 4.924754 -1.453768 -3.261251 -1.018408 -2.329046 0.656485 -3.091540 -3.369308 3.673910 -2.676455
349 44.2435706385 7.0000000000 5.0000000000 1.0764710744 23.0000000000 6.0636892249 0.9580214966 4.3520005492 0.1602312357 4.0669579676 0.1173017921 18.9399087799 -856.6887966371 24.4853383803 6.2453943431 -1.513538 0.712081 -2.669823 0.417783 -3.818220 0.186745 -0.500431 -0.198832 2.820656 4.290669 -0.307282 4.950784 2.561322 -2.227760 -1.079374 -3.495653 3.154373 -3.688877 -0.358901 -2.331248 3.539719 -2.854315 -1.253680 2.070963 -4.116763 -1.791098 -0.870806 -3.218027 2.643499 0.463748 4.996016 0.607173 -1.614209 2.298641 -4.191410 3.854891 -1.552293 -1.177108 4.728503 -2.890766
520 42.3190586932 7.0000000000 5.0000000000 0.9350690074 34.0000000000 5.9459563702 0.9390316121 4.9450930196 0.1378746240 4.6253051100 0.1545188683 24.4539449722 -731.4825452618 23.4407687777 6.0087753084 -3.633207 1.103068 -2.557512 1.394431 -1.536165 3.261262 -3.824783 -0.289341 -0.107563 2.058239 -1.852997 3.344601 0.643064 1.570813 -2.173212 -1.728980 3.634254 -4.166612 -1.298909 0.326099 3.520096 -1.833067 -1.844602 3.380377 -3.718129 -1.585199 -0.360172 -3.652434 2.089949 -1.457962 3.155923 0.796755 -1.710815 2.380039 -0.382508 4.318843 -1.453128 0.732412 4.717885 -0.391523
738 40.1131729761 7.0000000000 5.0000000000 0.8056029452 49.0000000000 5.7927993341 0.9141488315 5.6130408489 0.0629822412 4.9035635887 0.0660816257 31.5062275713 -680.9349140829 26.2548140902 6.6715276857 -3.564688 3.313938 -2.981171 0.214140 -1.813679 3.208463 -2.944958 1.943166 2.393555 4.411260 -1.958593 2.453906 2.491092 1.563839 -2.234476 -0.896142 3.469223 -2.429368 -1.305102 -1.286913 3.856419 -4.611012 4.423715 4.078705 -1.263204 -0.377893 -0.040710 -4.999921 1.676470 -0.817737 5.000000 -1.969185 -4.821357 -0.836883 0.068355 4.082646 -0.079411 0.015392 2.473846 0.214884
1005 98.3099268401 7.0000000000 5.0000000000 0.6934467288 67.0000000000 5.6075197858 0.8839607705 6.4408557539 0.0260179631 5.8380222822 0.0638672949 41.4846228421 -502.4555615555 23.5158679609 6.0038707417 -4.208759 2.264759 -2.121249 0.829434 -2.402920 1.981116 -5.000000 2.989531 -0.205647 3.581941 -1.408739 3.887994 1.273106 1.632509 -1.764610 -0.149335 2.754822 -1.257124 -1.763751 0.352069 5.000000 -4.362027 3.306427 1.838180 -0.306893 -0.697391 2.805766 -4.487735 0.700219 -0.952370 1.855187 -3.009762 -5.000000 -0.237095 2.571100 1.259351 0.789539 -0.021418 2.448102 -2.158656
evaluations raw_y rep iid sigma t d_norm d_mean ps_norm ps_mean pc_norm pc_mean ps_squared loglikelihood mhl_norm mhl_mean x0 x1 x2 x3 x4 x5 x6 x7 x8 x9 x10 x11 x12 x13 x14 x15 x16 x17 x18 x19 x20 x21 x22 x23 x24 x25 x26 x27 x28 x29 x30 x31 x32 x33 x34 x35 x36 x37 x38 x39
1 78.8769044944 8.0000000000 5.0000000000 0.6934467288 67.0000000000 5.6075197858 0.8839607705 6.4408557539 0.0260179631 5.8380222822 0.0638672949 41.4846228421 -502.4555615555 23.5158679609 6.0038707417 0.182409 2.182565 -3.893941 -2.772699 -4.592983 4.819669 3.455672 4.409113 1.589655 1.952842 -2.366854 3.832727 -2.246654 -1.328071 -0.756717 -1.583231 1.719096 -0.461578 -0.131322 -0.417272 2.693737 -1.213906 -0.348496 0.848103 -3.291980 -0.967082 1.070937 2.332281 0.323366 -1.345668 2.885048 -0.442961 0.062529 0.363859 -0.125857 -1.083137 0.949037 -2.329182 -1.001819 -0.817122
2 64.9738699154 8.0000000000 5.0000000000 0.6934467288 67.0000000000 5.6075197858 0.8839607705 6.4408557539 0.0260179631 5.8380222822 0.0638672949 41.4846228421 -502.4555615555 23.5158679609 6.0038707417 -1.868697 0.169020 0.287382 0.151099 -0.311290 1.101700 3.404060 2.012187 -5.000000 2.279067 -3.739599 -3.558226 0.255526 -2.702036 3.107934 1.393932 -1.622922 -3.286502 0.661318 2.449913 0.192343 3.753631 1.067561 1.596720 -0.612149 0.755948 -0.452956 -3.771489 4.945022 -0.293713 0.231298 2.660861 0.219189 0.430958 0.858140 -2.302531 3.049507 0.721072 -1.221786 1.860492
24 54.2269547540 8.0000000000 5.0000000000 1.9005676003 1.0000000000 6.3146967662 0.9984138554 3.5371436892 0.1464547160 2.9996312086 0.1241991209 12.5113854781 -1327.9257468898 27.9633476703 7.1680573934 0.478800 3.783141 4.092106 0.138935 -0.381086 4.199637 -1.305862 -1.768436 -0.862797 -0.250814 1.861834 -0.605866 1.644255 0.440764 -0.146281 -0.523513 -2.517674 -4.158385 3.073649 0.133205 -0.475380 -0.234038 1.499357 -0.494282 1.239877 -1.034780 0.800818 -0.160557 0.468978 1.614936 2.221097 -2.900620 2.495394 -0.717617 1.466252 1.231691 3.098251 -0.974603 -0.905617 2.845744
29 52.8641347970 8.0000000000 5.0000000000 1.9005676003 1.0000000000 6.3146967662 0.9984138554 3.5371436892 0.1464547160 2.9996312086 0.1241991209 12.5113854781 -1327.9257468898 27.9633476703 7.1680573934 -1.831550 5.000000 1.060414 2.206412 -0.363650 -0.288398 3.793105 3.916177 -0.973463 3.435666 -2.677287 -1.109423 -2.729270 0.482802 4.352951 1.516872 -1.201001 -1.508908 -1.018127 1.290768 0.975301 1.380457 0.691724 1.675844 -0.031871 1.981430 1.639348 -0.838009 1.798784 -0.347183 2.859852 0.398620 0.487551 -2.880996 1.675705 0.002344 2.489414 -2.196159 0.613650 2.698967
38 49.9364228328 8.0000000000 5.0000000000 1.8261746196 2.0000000000 6.3021809764 0.9964150363 4.1334537310 0.2051565919 3.5955973901 0.1783129542 17.0854397462 -1229.0311961188 25.2745459345 6.4763460049 1.772312 4.618917 4.811933 2.196059 -2.667520 2.808012 0.370193 -1.848134 -5.000000 0.410592 -1.484969 0.631247 1.547396 -1.503722 0.588176 0.590005 -1.646791 0.285361 -1.973581 1.161729 2.337377 -1.372150 1.541845 -0.176499 0.608765 0.580037 1.479285 -0.734673 0.426430 -0.940307 1.427203 -2.091500 2.446175 -0.911055 -0.089571 0.013032 5.000000 -0.653145 -0.165997 2.064443
45 49.7083521932 8.0000000000 5.0000000000 1.8261746196 2.0000000000 6.3021809764 0.9964150363 4.1334537310 0.2051565919 3.5955973901 0.1783129542 17.0854397462 -1229.0311961188 25.2745459345 6.4763460049 -3.206486 1.415745 1.646377 -0.200986 -0.433531 2.834027 -0.324097 0.260720 -3.165574 3.167051 -3.548017 -1.644450 -1.617458 -3.915734 3.057447 -1.296782 -0.719776 0.409752 0.942559 0.210935 -0.374273 -1.603696 -2.746574 1.434931 -0.894057 -1.032984 0.640136 0.586854 -1.316997 2.313158 4.111068 -2.739920 -0.495615 1.097725 1.285289 -0.168956 1.021626 -3.766394 -0.094786 0.937298
125 44.7159574892 8.0000000000 5.0000000000 1.6467426994 8.0000000000 6.2306689317 0.9849098892 5.5177840368 -0.0239139572 5.1682319450 -0.0042033383 30.4459406768 -1148.9592727671 24.9945951232 6.3540723743 -1.057910 2.517809 1.795868 3.837080 -1.403342 2.556421 -0.379150 -3.032563 -0.186740 4.175465 -3.806247 -1.969699 -0.494411 -2.515988 0.809094 -2.830303 -4.901933 -0.082817 -1.081312 0.950446 4.022193 3.534942 1.270585 0.703908 0.542969 -2.357230 2.118610 -0.447822 0.163155 -1.269379 5.000000 -5.000000 2.104803 0.129867 -1.207830 -1.815611 3.607521 -2.947751 1.126011 1.033722
813 41.5554433651 8.0000000000 5.0000000000 0.8417068375 54.0000000000 5.7569477163 0.9077961316 5.4671154023 0.0242766129 4.7740484344 0.0131160030 29.8893508221 -678.9306364616 25.3367681138 6.4822242866 0.291637 1.263285 3.523401 1.510871 -2.031734 -2.266280 -2.485530 -0.371189 -2.890794 -0.374737 -1.979765 -2.264620 -1.061108 -1.170163 -1.389908 -2.461749 -1.220889 0.317379 -4.355118 -3.214631 0.324039 4.194369 3.954508 -3.320644 -4.259605 -2.973499 0.844906 -2.715631 -4.009464 0.711988 1.560522 -2.075924 -3.985580 -0.791671 2.987151 2.621923 4.334973 -3.737565 -4.165694 -2.476430
1005 76.8699422693 8.0000000000 5.0000000000 0.7187987596 67.0000000000 5.6254140155 0.8864685705 5.8721866002 0.0506971849 5.0998032580 0.0479986843 34.4825754673 -576.1292859323 25.8858103058 6.5856870054 1.362580 1.557410 4.016717 2.308589 -3.981720 -1.340462 -1.511097 -0.774181 -2.527160 0.323923 -3.714718 -1.695755 0.906201 -1.903999 -0.289531 -2.036265 -2.047621 0.821288 -3.184823 -3.398184 1.356510 3.620849 3.702268 -1.710870 -2.734640 -3.165185 0.703412 -3.313770 -1.710467 0.138738 1.685688 -4.351189 -2.147770 0.473609 3.312434 -0.184608 2.834490 -4.262916 -4.636035 -3.418033
evaluations raw_y rep iid sigma t d_norm d_mean ps_norm ps_mean pc_norm pc_mean ps_squared loglikelihood mhl_norm mhl_mean x0 x1 x2 x3 x4 x5 x6 x7 x8 x9 x10 x11 x12 x13 x14 x15 x16 x17 x18 x19 x20 x21 x22 x23 x24 x25 x26 x27 x28 x29 x30 x31 x32 x33 x34 x35 x36 x37 x38 x39
1 64.4990239488 9.0000000000 5.0000000000 0.7187987596 67.0000000000 5.6254140155 0.8864685705 5.8721866002 0.0506971849 5.0998032580 0.0479986843 34.4825754673 -576.1292859323 25.8858103058 6.5856870054 0.002217 -0.579088 -2.232133 -0.025766 -0.756723 -0.962271 -3.034662 -0.981744 -0.481361 -1.295895 1.271782 3.480235 0.593364 1.415007 3.645632 0.861538 3.085459 -1.801442 -0.274250 2.595158 1.350542 0.063916 1.836292 0.761019 1.032735 -0.710479 0.417554 0.656822 -0.996450 -4.183554 -0.165175 4.910365 -5.000000 -1.826559 -0.454629 0.538631 2.260923 2.084795 2.607621 2.778801
6 62.0481755800 9.0000000000 5.0000000000 0.7187987596 67.0000000000 5.6254140155 0.8864685705 5.8721866002 0.0506971849 5.0998032580 0.0479986843 34.4825754673 -576.1292859323 25.8858103058 6.5856870054 -2.369883 -2.061504 -1.829770 -1.648415 -1.474661 1.715128 1.894374 2.393944 3.796168 1.049579 -0.281159 -2.582964 -0.949035 -0.012131 2.616396 -1.303120 3.205260 3.129056 -0.516128 -0.718442 0.019586 -1.579861 -2.207602 -1.127539 0.962697 -4.568104 1.386537 3.249027 2.460465 3.298210 -2.971866 -2.153784 3.169161 0.776121 2.550947 0.421941 1.239671 -2.004592 -1.065222 1.872055
22 60.3014782404 9.0000000000 5.0000000000 1.8646053296 1.0000000000 6.3097848019 0.9976402142 2.5076843801 0.0609680679 2.1266109010 0.0517032203 6.2884809502 -1296.9636383537 27.3555988963 6.9841082616 -1.442147 1.313508 -0.873373 0.342351 0.418349 0.155461 -1.324116 1.152731 3.004583 -1.573131 -0.313455 -0.706262 0.621616 2.318145 1.185213 -2.488455 -0.116476 1.367012 0.747180 -1.833504 0.293561 -1.082910 -3.386469 0.721176 -1.629406 -2.646886 0.389653 -1.152923 -0.191658 -2.171874 -1.941923 1.930493 0.599484 1.101387 0.042290 1.628346 0.652885 -0.097218 -3.969676 2.905935
32 54.2166048460 9.0000000000 5.0000000000 1.7854227094 2.0000000000 6.2965825577 0.9955356800 3.9467245747 0.0512953869 3.3966750659 0.0455681993 15.5766348687 -1233.7041473079 26.0303450325 6.5888856448 -1.182050 -0.901396 -3.649833 -1.745426 0.934379 2.608667 0.821607 1.289778 2.043041 0.080519 0.835689 1.051321 1.600263 -1.166529 3.990292 -0.676792 2.095568 2.354426 3.571449 -2.956438 -1.020159 -4.262760 -1.308778 4.521512 0.514656 -5.000000 0.053672 0.783852 -0.855003 0.666169 -0.282509 2.064000 0.602415 1.399820 3.803420 -1.586611 2.413538 0.941941 -3.608743 0.232128
84 52.9224115780 9.0000000000 5.0000000000 1.6626759244 5.0000000000 6.2613718910 0.9898865910 5.1843679340 0.2715123287 4.6858327929 0.2439334902 26.8776708753 -1151.8100499251 24.6964664210 6.2943554440 -1.536457 3.225983 -1.705826 3.658009 1.356179 0.771357 0.885503 4.597680 0.896212 -1.440200 2.677413 2.493150 -0.606234 0.132582 3.156708 0.545427 2.887968 3.771613 3.342217 1.991868 1.450494 1.084065 -3.126056 -1.271978 0.792451 -0.856396 0.966587 -2.427729 0.445577 -1.061934 -1.619313 3.680783 -2.286211 1.775318 1.278891 -0.991949 4.474748 0.376473 -2.131178 1.841080
111 52.7329356594 9.0000000000 5.0000000000 1.6126128097 7.0000000000 6.2394194610 0.9863514914 5.3139563842 0.3053552400 4.8597055262 0.2835241642 28.2381324532 -1151.0330886724 25.4922520091 6.5086589663 -2.014373 4.276488 -2.652386 5.000000 1.150762 0.774619 -1.518193 4.057146 0.263552 -0.566857 1.298151 1.096303 1.500086 3.526295 5.000000 -0.897136 2.927499 -0.688242 -0.355888 1.189151 1.685446 -0.311774 -3.977877 0.980479 0.600080 -1.298288 -1.134776 -3.021947 1.022417 -1.193788 -0.419516 5.000000 0.126944 2.208934 -1.244782 1.065618 2.662370 1.669858 -3.507258 2.559045
307 44.1309939662 9.0000000000 5.0000000000 1.2883998797 20.0000000000 6.0992770949 0.9636317322 5.9074179527 0.3384452696 5.3293997081 0.3229520264 34.8975868674 -965.4602984481 24.2377920908 6.2098307821 -2.176059 5.000000 -3.338610 0.157350 4.328906 2.730897 2.612587 0.231252 -0.211043 1.792298 4.170059 2.880670 0.140925 4.356394 -1.252149 -1.370393 4.043728 0.882519 2.916141 0.409096 0.839456 1.989436 -3.945091 -4.692329 1.356020 -0.102142 1.542014 -4.170865 4.261649 -0.685064 0.257652 3.284681 -0.455094 0.436021 3.043033 -0.230479 1.207451 1.182488 -3.978903 2.201931
700 35.0203607835 9.0000000000 5.0000000000 0.8614165648 46.0000000000 5.8249743774 0.9193207960 6.4560628523 0.2869459061 5.6970623449 0.2315978560 41.6807475532 -704.9641573226 25.2505944290 6.4723134657 -2.837314 1.626249 -1.508037 -1.304117 2.865861 0.426348 2.348515 -1.601269 1.325080 2.006242 1.389946 3.980998 2.435231 1.641463 2.312093 -4.514621 3.632871 4.025876 2.218600 -0.711708 4.205790 4.534491 0.915653 -3.258870 1.864836 -0.702583 0.930421 0.566785 5.000000 2.273970 0.223107 0.970828 -1.324647 2.785253 3.085784 -1.861495 -0.089083 2.854406 0.917089 -1.405771
1005 83.6165916531 9.0000000000 5.0000000000 0.7078958569 67.0000000000 5.6208039847 0.8861260103 5.3055314933 0.1575096002 4.4214902007 0.1856549883 28.1486644264 -549.1764990251 25.1356642198 6.3999859648 -1.495994 3.456020 -3.080179 -0.998105 5.000000 1.396892 4.146424 0.604593 1.418076 2.504302 3.916720 3.963549 2.488866 1.515280 3.409303 -1.379078 3.508983 2.344125 2.212939 0.535858 3.378127 4.266836 -1.122944 -1.805907 0.266365 3.741640 -0.214372 0.567648 3.790495 0.726954 -0.337855 3.694652 -1.010064 4.612353 3.161947 -2.678071 0.269817 4.058352 -1.252874 1.443462
evaluations raw_y rep iid sigma t d_norm d_mean ps_norm ps_mean pc_norm pc_mean ps_squared loglikelihood mhl_norm mhl_mean x0 x1 x2 x3 x4 x5 x6 x7 x8 x9 x10 x11 x12 x13 x14 x15 x16 x17 x18 x19 x20 x21 x22 x23 x24 x25 x26 x27 x28 x29 x30 x31 x32 x33 x34 x35 x36 x37 x38 x39
1 73.5946183087 10.0000000000 5.0000000000 0.7078958569 67.0000000000 5.6208039847 0.8861260103 5.3055314933 0.1575096002 4.4214902007 0.1856549883 28.1486644264 -549.1764990251 25.1356642198 6.3999859648 2.663173 1.430558 -3.090801 -0.016768 1.242672 -1.440171 0.531023 0.217097 0.008583 -0.349200 0.866052 2.406075 -1.930131 2.056548 0.457260 0.890275 -2.273204 0.270274 2.969074 -2.159610 -3.955457 -3.486745 0.532140 4.769935 2.247383 3.345244 0.198298 2.795993 -0.542496 1.226408 -0.534634 -1.098618 0.265417 -0.952284 2.616946 0.390027 0.800420 -0.675265 2.512945 -1.463939
4 69.6194115423 10.0000000000 5.0000000000 0.7078958569 67.0000000000 5.6208039847 0.8861260103 5.3055314933 0.1575096002 4.4214902007 0.1856549883 28.1486644264 -549.1764990251 25.1356642198 6.3999859648 -1.146227 -2.640895 2.472411 4.930650 2.766464 0.692466 2.045032 0.333621 3.313433 1.335779 -0.459893 -2.259102 -1.279925 0.627661 -2.451672 -0.443586 2.679853 0.058619 3.970771 2.894331 -0.575259 -2.718621 -0.096083 -0.961575 0.755506 3.228816 -2.246208 -0.777456 0.664700 2.269946 1.021429 0.828595 2.689099 0.987031 -0.474008 0.114570 -1.414143 1.093330 1.885001 -5.000000
5 55.4346722201 10.0000000000 5.0000000000 0.7078958569 67.0000000000 5.6208039847 0.8861260103 5.3055314933 0.1575096002 4.4214902007 0.1856549883 28.1486644264 -549.1764990251 25.1356642198 6.3999859648 2.436298 -0.113041 0.921777 1.324748 -4.590207 -2.391859 -0.666202 -1.582782 0.548346 -1.029820 -3.422142 1.224595 2.200259 1.128705 -1.425599 -0.521719 1.096856 1.206398 2.013722 -0.588852 -2.841761 -1.357894 1.067770 1.487949 4.450099 0.234363 0.489229 -0.354598 -0.811459 1.563550 0.706955 -0.414559 -2.159395 -0.246140 -0.781964 2.510347 1.894252 -2.044621 2.334337 -1.143954
13 54.6380073793 10.0000000000 5.0000000000 0.7078958569 67.0000000000 5.6208039847 0.8861260103 5.3055314933 0.1575096002 4.4214902007 0.1856549883 28.1486644264 -549.1764990251 25.1356642198 6.3999859648 2.055681 -1.605779 -0.856607 -1.510832 0.440994 -2.746228 1.293517 -1.347004 4.483733 -0.492974 -1.527209 0.961577 -1.663598 1.186378 -0.897558 0.975392 0.112629 1.091569 -1.366245 -1.318035 2.878507 2.764293 1.842641 -1.145774 2.550098 -0.657664 -0.292682 2.116873 -0.222161 -0.077762 -0.644727 -1.331531 -1.409240 -0.707525 0.303855 -0.608400 -2.357709 -0.298265 -0.450194 0.140309
42 54.3598292107 10.0000000000 5.0000000000 1.7974555190 2.0000000000 6.2979513064 0.9957598172 3.9605048034 -0.0849606339 3.4259299029 -0.0700020451 15.6855982975 -1213.4727259433 25.0404693008 6.4292144906 -1.222843 -1.914897 -0.319464 0.114404 0.465119 -1.348868 1.213669 -0.635965 2.432129 1.566533 -1.714751 1.084631 -0.082280 -1.617240 -0.770180 -0.391257 1.085995 1.673488 -0.170103 -1.172300 -3.079892 -0.437823 1.123269 1.232565 2.261242 -2.657100 0.120534 2.085856 -1.984496 2.715722 2.335801 4.965404 -3.696844 -2.201760 3.854135 1.328513 -1.899467 1.130341 1.719412 -0.319394
51 33.4802942219 10.0000000000 5.0000000000 1.7222305423 3.0000000000 6.2843936867 0.9935971828 3.9813445270 0.0059057673 3.4934894781 0.0046752230 15.8511042425 -1214.9466932452 26.1975188731 6.6477010570 -0.103116 -1.669343 1.215058 -0.473146 -1.229416 -3.564977 -2.460790 1.278576 3.801117 0.578040 2.512067 -0.181778 2.667971 -2.931437 -3.734158 0.640715 0.630579 3.143050 -0.122300 -0.534989 -0.617577 -0.284814 3.676686 0.247984 3.145170 -1.219730 0.790142 0.402433 0.012912 3.352256 1.670655 3.425765 -5.000000 -2.497699 1.590069 -1.442605 0.698129 1.653220 -0.534227 -0.713305
1005 78.0609133785 10.0000000000 5.0000000000 1.0247351255 67.0000000000 5.6545489432 0.8908149349 6.3524656233 0.0001717405 5.6131229065 -0.0196042244 40.3538194950 -762.7540637891 24.4846530535 6.2512224957 -1.775438 -0.914200 -2.721469 1.477557 0.509420 -2.376002 -3.839362 -0.280379 0.372234 2.618799 -3.848871 1.180740 3.979151 4.166508 2.556951 -2.275248 -0.899564 1.348628 2.207368 -3.568042 -2.779431 -2.691570 4.448405 -0.803755 3.538856 4.723806 -1.354954 1.198145 -1.137222 3.052066 3.657589 -3.296277 1.075192 -1.134622 -2.786924 3.096226 2.751907 2.768963 -5.000000 1.208865
evaluations raw_y rep iid sigma t d_norm d_mean ps_norm ps_mean pc_norm pc_mean ps_squared loglikelihood mhl_norm mhl_mean x0 x1 x2 x3 x4 x5 x6 x7 x8 x9 x10 x11 x12 x13 x14 x15 x16 x17 x18 x19 x20 x21 x22 x23 x24 x25 x26 x27 x28 x29 x30 x31 x32 x33 x34 x35 x36 x37 x38 x39
1 59.9330993757 11.0000000000 5.0000000000 1.0247351255 67.0000000000 5.6545489432 0.8908149349 6.3524656233 0.0001717405 5.6131229065 -0.0196042244 40.3538194950 -762.7540637891 24.4846530535 6.2512224957 3.498909 -0.572146 -0.969130 -5.000000 -0.016569 -0.639263 -1.073259 0.630805 0.842101 -2.131206 -1.772479 -0.951467 1.379365 1.122384 -2.611097 -2.238951 1.473675 3.149268 -0.062150 -1.366893 2.191259 -0.619153 1.451504 3.098143 1.260160 0.146986 1.464543 -1.285151 -0.356186 -1.147909 -0.408751 -0.972990 -0.371551 -0.761073 0.177955 0.127343 0.592694 2.805542 -3.093725 2.591237
50 48.9014806938 11.0000000000 5.0000000000 1.7345891347 3.0000000000 6.2900181259 0.9944716688 4.2505091483 0.1105345816 3.7617756101 0.0982455348 18.0668280194 -1224.8170195756 26.3724871601 6.7697979186 1.300446 1.046084 -0.371573 -3.720538 -0.212145 2.746973 3.455515 1.269876 2.040845 -0.529306 -1.762712 3.169592 2.322211 -2.748663 -2.487438 -3.312022 -1.533261 -0.322010 0.738618 -2.646590 -0.880051 -0.795412 2.481919 2.481110 0.593467 1.579581 2.266578 0.494334 1.620531 -0.952998 1.200893 -1.509356 -1.939046 -2.009261 0.663731 2.709879 3.929163 3.009345 2.614505 0.493224
59 43.6593264760 11.0000000000 5.0000000000 1.7345891347 3.0000000000 6.2900181259 0.9944716688 4.2505091483 0.1105345816 3.7617756101 0.0982455348 18.0668280194 -1224.8170195756 26.3724871601 6.7697979186 0.141984 -1.494352 0.756011 -2.866376 1.965008 2.250863 3.373027 2.308321 -4.276733 1.926141 -1.721138 0.726324 2.492769 -4.015911 -3.622896 -0.241958 -2.009312 -5.000000 2.145601 0.133594 2.064378 0.234346 1.009519 5.000000 5.000000 -0.778986 0.408201 -0.785832 0.809806 -0.577925 3.575666 -1.756020 -1.227744 -0.840087 2.449597 4.118723 1.695532 1.866735 -0.240388 0.328051
130 40.7442057633 11.0000000000 5.0000000000 1.5927607006 8.0000000000 6.2354052869 0.9856566342 4.8214971336 0.2220201491 4.5636721800 0.2164552132 23.2468346095 -1135.6431633155 25.2032702657 6.4551020191 2.224616 0.939613 -1.134887 -3.968262 3.211676 2.255727 0.533894 -1.269869 -1.996441 1.398480 -0.125060 1.584000 -0.537383 2.162529 -4.735719 -3.665694 -5.000000 0.389975 0.652637 5.000000 1.949943 1.221411 4.038735 -0.397291 2.569951 -1.281834 2.490647 -3.201874 2.178084 0.506586 3.359339 0.981137 -0.590719 -1.151747 3.764811 -1.043354 -0.171071 5.000000 -0.731978 -1.050425
1005 70.1003388709 11.0000000000 5.0000000000 0.7248563087 67.0000000000 5.6166623161 0.8854440743 5.6453921522 0.0598795752 4.6426595698 0.0386287600 31.8704525517 -596.9157381774 26.4561792132 6.7503764593 3.478011 2.984591 1.254368 -1.808129 1.537230 3.251619 2.649188 -1.927104 -3.575968 4.373980 -1.890935 3.984988 -1.697408 0.280373 0.147519 -2.222492 -2.241648 2.013808 -0.684750 3.185800 2.973827 -3.570389 2.748846 -2.471805 0.103290 -0.061438 -1.603705 -0.426080 1.690187 -3.158430 -0.590758 4.929329 1.900713 0.699788 2.079142 4.766844 -3.905024 3.188567 2.471058 -0.740869
evaluations raw_y rep iid sigma t d_norm d_mean ps_norm ps_mean pc_norm pc_mean ps_squared loglikelihood mhl_norm mhl_mean x0 x1 x2 x3 x4 x5 x6 x7 x8 x9 x10 x11 x12 x13 x14 x15 x16 x17 x18 x19 x20 x21 x22 x23 x24 x25 x26 x27 x28 x29 x30 x31 x32 x33 x34 x35 x36 x37 x38 x39
1 100.7219818196 12.0000000000 5.0000000000 0.7248563087 67.0000000000 5.6166623161 0.8854440743 5.6453921522 0.0598795752 4.6426595698 0.0386287600 31.8704525517 -596.9157381774 26.4561792132 6.7503764593 0.945972 -1.362852 0.484879 -3.401471 1.506286 -3.069443 0.010254 -0.240455 -1.613964 5.000000 -1.195646 0.944914 2.191912 -2.430338 2.684713 -0.244300 2.025031 -1.827738 -2.059060 2.419593 1.003745 0.277692 1.281522 1.054665 -2.308720 -4.426667 -3.363513 -3.576189 -4.437070 -1.294862 -1.056809 -0.078418 0.429952 -0.768718 -0.507808 0.146504 -1.994408 -1.427713 0.070833 -1.355891
2 90.7026350793 12.0000000000 5.0000000000 0.7248563087 67.0000000000 5.6166623161 0.8854440743 5.6453921522 0.0598795752 4.6426595698 0.0386287600 31.8704525517 -596.9157381774 26.4561792132 6.7503764593 -1.143762 -0.211725 2.671663 0.637331 -0.675191 -1.170537 -0.229840 4.483636 -5.000000 1.070272 0.464981 1.735224 -2.296425 4.228688 2.001886 -0.102830 0.319575 -1.432527 0.101046 -0.286675 1.887151 0.715288 -0.166898 1.355612 1.112121 0.445439 -3.057971 2.058422 -2.332518 -2.019123 -0.210536 1.024044 2.815456 -3.375393 2.942468 3.272926 -0.922790 -0.402725 -1.143633 -1.206598
4 86.0531529033 12.0000000000 5.0000000000 0.7248563087 67.0000000000 5.6166623161 0.8854440743 5.6453921522 0.0598795752 4.6426595698 0.0386287600 31.8704525517 -596.9157381774 26.4561792132 6.7503764593 3.045684 2.923765 0.075312 -0.492394 -1.328595 0.702671 -0.968063 -3.026175 -1.527061 0.498406 -3.179617 -1.959052 0.245523 3.378584 0.355500 0.064012 3.866431 -2.124189 -1.465258 1.685483 2.153480 0.915381 -5.000000 1.478093 1.335002 0.092805 1.332155 2.815897 0.102298 -1.871950 -3.678219 0.127557 -1.427936 -1.123769 -2.264938 0.548582 1.471824 0.868637 -2.240082 1.778189
5 64.2444367222 12.0000000000 5.0000000000 0.7248563087 67.0000000000 5.6166623161 0.8854440743 5.6453921522 0.0598795752 4.6426595698 0.0386287600 31.8704525517 -596.9157381774 26.4561792132 6.7503764593 0.629014 -4.976009 1.191817 -4.071724 -2.276563 2.115285 1.305537 -1.288934 -1.766924 0.691385 -3.593655 0.821419 -0.583647 1.468295 -0.250991 -2.177035 0.404462 -0.699669 -2.842554 -2.327177 -2.013353 0.100044 1.530860 -0.057030 -2.411291 -0.763090 1.133687 2.154673 -1.880717 0.567214 -0.780641 -4.308249 -2.589367 -1.132441 -1.035418 -0.791757 -1.207390 0.734786 -1.918024 -3.190593
6 55.0022464716 12.0000000000 5.0000000000 0.7248563087 67.0000000000 5.6166623161 0.8854440743 5.6453921522 0.0598795752 4.6426595698 0.0386287600 31.8704525517 -596.9157381774 26.4561792132 6.7503764593 1.015045 -1.236741 1.581586 -1.668810 2.618940 -2.477484 -2.405475 1.392293 3.557969 -1.592635 3.139678 3.043327 1.579831 -0.434442 -4.368120 -3.134537 -1.619341 1.000990 -0.387020 -1.328406 0.167054 -3.316851 0.760227 -1.913346 2.539718 0.301039 -1.530263 -1.074041 -3.222590 0.329978 -2.021552 -0.230799 2.280077 0.676005 0.951029 5.000000 1.382215 2.222471 -0.515369 -2.391903
10 52.2760286797 12.0000000000 5.0000000000 0.7248563087 67.0000000000 5.6166623161 0.8854440743 5.6453921522 0.0598795752 4.6426595698 0.0386287600 31.8704525517 -596.9157381774 26.4561792132 6.7503764593 -1.265142 2.827248 -0.334546 -2.032263 -1.159318 2.242554 1.239115 -1.404779 -2.321776 -1.158657 0.559681 -0.819204 -1.139433 0.041805 -1.152287 -2.207441 -2.819974 -1.879929 -1.444504 0.503049 0.157032 -1.674490 2.189590 -2.428392 1.919930 -2.335601 -0.668180 1.654848 1.730034 -1.710810 0.143634 -2.251910 -0.412619 0.843161 -1.104579 2.962104 0.991852 1.365347 -1.130753 -0.263611
29 43.9198558048 12.0000000000 5.0000000000 1.8897921225 1.0000000000 6.3095857982 0.9976107366 3.2307420554 -0.0934362283 2.7397910709 -0.0792374444 10.4376942283 -1297.5273490913 27.0591752369 6.9019742089 0.818904 -0.131908 1.235384 -1.794921 -0.818362 1.568743 0.928197 -0.234510 2.074711 -2.213422 3.093080 -2.481112 -0.641805 0.869909 -0.091658 -2.758147 -2.566219 1.162005 1.854725 -1.476965 -1.219183 -1.518442 0.805591 -1.797804 5.000000 -1.225661 -0.543790 1.160360 -1.806814 0.493438 -2.766317 0.193772 -3.009190 2.819599 0.370582 1.234557 0.064520 2.163611 1.345124 -2.493939
351 43.1350263880 12.0000000000 5.0000000000 1.1238983167 23.0000000000 6.0683620658 0.9586997321 4.6599112062 -0.0520350255 4.3378330065 -0.0208702963 21.7147724498 -895.8132795301 24.9578548700 6.3932784718 1.913525 2.627736 1.272233 -2.321498 5.000000 4.038141 1.143537 -0.082244 -1.578354 -3.017826 -2.286003 2.434306 3.113510 -1.806199 1.293760 0.348026 2.138427 -0.310632 -4.081915 -2.419731 -0.229024 4.647520 0.928355 -3.341527 1.765639 1.971170 4.621234 -4.070048 -2.918910 -0.013743 0.846626 -2.287130 -2.632675 -3.386774 0.990630 3.026745 -3.133106 4.943765 -2.050969 3.356323
854 41.9438801956 12.0000000000 5.0000000000 0.9772643570 56.0000000000 5.7393987011 0.9047123743 5.7893410159 -0.0532872754 5.1649891772 -0.0644810624 33.5164693983 -771.1378063838 25.4889219025 6.5022345327 -3.253896 -0.987416 2.739543 -4.192585 0.748260 3.588133 -1.276553 -1.386385 3.467885 -1.477661 -0.999977 3.319038 0.399799 0.459559 -0.943758 0.753391 2.373148 -0.317280 -3.336494 -1.654011 -0.186107 0.099778 2.838282 -1.875427 0.055629 -2.058179 2.142699 -1.441352 4.819094 2.111720 4.936753 -2.848873 -1.263911 -0.338268 2.038902 1.585448 -2.188214 4.778199 0.840202 -1.239579
1005 69.6031552339 12.0000000000 5.0000000000 0.9765519449 67.0000000000 5.6372032126 0.8879476312 6.3839722929 -0.0655439682 5.7100035078 -0.0752782347 40.7551022367 -743.0827042936 24.7698973330 6.3015233037 -0.939363 -1.169844 1.316083 -2.013483 0.367966 4.268748 -0.313122 -0.078598 1.514504 -2.464980 -3.377209 3.066312 -0.127295 2.574802 -2.409525 -0.713994 1.227527 0.028242 -3.408097 -4.697253 0.495933 -0.623237 3.308485 -1.799314 -1.909167 -3.945836 3.587699 -2.834095 2.554179 5.000000 4.020435 -1.491729 -0.656870 -1.918476 0.588437 1.177017 -3.624767 2.941316 -0.296307 1.257339
evaluations raw_y rep iid sigma t d_norm d_mean ps_norm ps_mean pc_norm pc_mean ps_squared loglikelihood mhl_norm mhl_mean x0 x1 x2 x3 x4 x5 x6 x7 x8 x9 x10 x11 x12 x13 x14 x15 x16 x17 x18 x19 x20 x21 x22 x23 x24 x25 x26 x27 x28 x29 x30 x31 x32 x33 x34 x35 x36 x37 x38 x39
1 52.1739272426 13.0000000000 5.0000000000 0.9765519449 67.0000000000 5.6372032126 0.8879476312 6.3839722929 -0.0655439682 5.7100035078 -0.0752782347 40.7551022367 -743.0827042936 24.7698973330 6.3015233037 -1.424781 1.507533 -0.089006 0.903625 2.690203 1.064676 2.700376 1.722423 2.957371 -2.090754 -1.577978 -2.523212 1.125694 -0.486653 1.827481 0.634702 0.254607 4.300766 1.212577 -0.053543 -1.968322 2.381411 1.905661 -2.174363 -0.290423 0.475716 -3.278187 -0.556269 2.798477 -3.230216 0.981744 3.785484 -1.241959 -0.907505 0.434903 1.028658 0.794483 -3.025690 -1.528068 0.202540
161 47.3560759104 13.0000000000 5.0000000000 1.5238900811 10.0000000000 6.2019740508 0.9803414626 4.8346070210 -0.2872410886 4.4708740466 -0.2340415953 23.3734250479 -1090.6900517189 24.7262898270 6.3115187758 -3.997106 0.834126 0.082070 0.953565 -2.023262 1.217991 -0.501166 2.238528 -1.810151 -0.509486 4.073399 -4.281251 3.346330 -4.198299 -4.440247 3.030238 -0.264552 3.419682 3.936024 0.806674 -2.999073 -4.149318 -0.147896 -0.596537 0.221236 2.885309 0.251575 -5.000000 -1.855206 -1.691008 0.724453 -4.110355 -1.585511 0.939194 4.928943 2.948203 2.175191 -1.393175 -2.493713 -3.835588
299 41.0959717932 13.0000000000 5.0000000000 1.2307151954 19.0000000000 6.0973851092 0.9635160073 5.5279087699 0.0620538487 4.9794301475 0.0376382606 30.5577753682 -943.9273824938 24.5503485944 6.2637729270 1.094937 2.046794 0.515334 1.165987 -1.584292 1.072038 0.329124 0.960304 -1.240260 1.172187 4.582051 -1.343372 3.316814 -0.625082 -5.000000 1.282530 -0.724985 4.358437 4.978915 -0.941437 -1.252033 -1.920812 4.819273 -0.663268 -0.519133 3.224587 0.713891 -4.259313 0.276795 -0.374076 -4.291977 0.657936 -1.485665 2.662589 5.000000 0.779579 0.822509 -1.765392 -3.993806 -0.762402
924 36.8633968322 13.0000000000 5.0000000000 0.8210709099 61.0000000000 5.6802712328 0.8958175283 6.0674361477 -0.1311398179 5.4793584162 -0.1070482195 36.8137814059 -672.0519585763 26.0942293395 6.6689138045 3.873540 3.075888 1.787833 -1.180552 -4.304782 -0.362499 -0.553511 2.981339 4.248545 3.182583 -2.489119 1.105037 1.764076 -0.081957 -3.923748 1.365326 0.833220 2.102329 3.078231 1.287528 -2.274568 0.852373 2.188253 2.787381 -1.954673 1.436315 0.143537 -4.266088 0.484097 -0.434599 -2.635557 1.726649 -1.173528 -1.608526 5.000000 1.091926 1.371353 -3.266197 -4.043068 -1.753915
1005 109.6538288763 13.0000000000 5.0000000000 0.7828288783 67.0000000000 5.6178997889 0.8857211396 5.4688602040 -0.1545240479 4.7395099119 -0.1455507720 29.9084319311 -614.1760676404 25.3386616739 6.4422860201 3.708189 3.065886 2.071130 0.701659 -3.294681 0.615172 1.864903 3.542835 5.000000 2.878607 -1.088278 -0.388352 3.471291 0.944526 -4.460058 2.391750 -1.647703 3.022176 3.837064 2.394974 -2.119292 -1.079276 2.732437 3.660149 -1.719190 1.171388 0.278565 -4.999762 -0.357138 -1.096987 -2.185335 1.065664 -0.845751 -2.913583 3.891498 0.702098 2.182925 -5.000000 -4.539892 -3.125053
evaluations raw_y rep iid sigma t d_norm d_mean ps_norm ps_mean pc_norm pc_mean ps_squared loglikelihood mhl_norm mhl_mean x0 x1 x2 x3 x4 x5 x6 x7 x8 x9 x10 x11 x12 x13 x14 x15 x16 x17 x18 x19 x20 x21 x22 x23 x24 x25 x26 x27 x28 x29 x30 x31 x32 x33 x34 x35 x36 x37 x38 x39
1 84.9662055471 14.0000000000 5.0000000000 0.7828288783 67.0000000000 5.6178997889 0.8857211396 5.4688602040 -0.1545240479 4.7395099119 -0.1455507720 29.9084319311 -614.1760676404 25.3386616739 6.4422860201 3.102678 0.158372 0.347953 -0.144673 -4.008659 0.289356 -3.002337 0.422219 -1.116410 2.169058 -0.372578 0.029323 -2.151139 1.284504 -0.360673 1.240601 1.621949 1.555872 -0.474979 -3.783825 -2.344244 1.672414 2.018547 2.586199 -1.098662 -1.963426 1.829346 1.746141 0.044222 -0.008287 -2.698252 -0.416436 2.653081 -1.832521 -0.940026 -0.298885 -0.650520 -3.611447 -1.000740 -1.129561
2 70.5270534256 14.0000000000 5.0000000000 0.7828288783 67.0000000000 5.6178997889 0.8857211396 5.4688602040 -0.1545240479 4.7395099119 -0.1455507720 29.9084319311 -614.1760676404 25.3386616739 6.4422860201 -0.628857 -0.793354 0.011866 -1.994276 3.382195 -0.632882 2.930269 2.927203 0.257823 -2.356486 -4.333018 -3.043626 -0.585776 0.320977 -1.565702 -1.034804 5.000000 0.550408 -2.423185 1.174485 -1.963673 -4.877099 0.272235 -1.615176 0.040162 3.519721 0.105795 -1.799621 3.176899 -4.352323 -2.434431 2.708939 2.954455 -0.652441 -1.567738 0.501862 0.467144 0.151110 -1.135736 -2.784895
7 66.7262447406 14.0000000000 5.0000000000 0.7828288783 67.0000000000 5.6178997889 0.8857211396 5.4688602040 -0.1545240479 4.7395099119 -0.1455507720 29.9084319311 -614.1760676404 25.3386616739 6.4422860201 0.377573 -1.371006 0.589138 -3.946942 2.376597 0.525074 1.324387 -0.540737 -4.371036 -2.215581 -0.864489 2.653104 -0.445369 1.899533 -0.078091 -1.842042 -1.060827 0.805874 1.157295 -1.911458 -0.006664 0.063183 1.302508 2.418949 -2.853445 -1.865910 -4.029437 3.477639 0.037267 -3.323695 4.134324 -0.612094 0.023908 0.403418 1.359952 -4.112547 -0.486807 1.431781 0.640398 -0.379033
16 63.2206938663 14.0000000000 5.0000000000 1.9127536160 1.0000000000 6.3131289458 0.9981647676 3.8815678601 -0.1755922493 3.2917158913 -0.1489088477 15.0665690529 -1311.8545872232 27.2625764025 6.9601609146 0.436348 -3.488424 0.294563 -4.434958 2.929519 3.010877 -1.496009 -0.579430 -1.845374 -4.730207 -4.180330 1.271092 0.581345 -2.849942 -0.078805 -3.314038 4.964761 -2.110026 -0.318611 -1.493740 -1.065565 -2.625140 -0.731290 1.786794 -3.305556 -3.039203 -0.121319 0.240180 -0.842161 1.064595 -0.361833 -2.826472 3.206628 -0.003745 -4.105576 -4.383882 1.705319 4.843583 -2.233898 3.275483
20 59.7331294362 14.0000000000 5.0000000000 1.9127536160 1.0000000000 6.3131289458 0.9981647676 3.8815678601 -0.1755922493 3.2917158913 -0.1489088477 15.0665690529 -1311.8545872232 27.2625764025 6.9601609146 0.627353 -5.000000 0.436543 -0.118341 2.075968 -3.178558 1.254179 0.323881 -1.319529 0.170522 -1.424401 -2.866949 -3.022624 1.024076 -1.009837 -0.518012 -1.114715 -2.156390 -1.437479 -3.846234 3.838471 -3.548814 1.621273 -1.368504 -3.241016 -1.999736 -0.610597 1.601815 -2.619859 -1.645915 -0.080973 -1.186766 -0.668734 0.335940 -4.993258 -1.711636 -2.541050 0.847768 -0.122382 4.388981
32 51.5330017827 14.0000000000 5.0000000000 1.8609532628 2.0000000000 6.3016800964 0.9963256555 4.8056787410 -0.2673923888 4.1590547623 -0.2320957283 23.0945481618 -1268.9565193358 26.3510483833 6.7408009585 -4.361881 -2.938496 2.872354 0.396819 0.606193 -1.073428 -1.011465 1.512702 -0.871898 -1.154356 -3.020343 2.827165 2.297438 0.586234 -0.052422 2.038395 0.124839 -2.316814 -0.945177 -2.561121 -2.495344 -0.631985 -0.125591 -1.624996 -0.142919 -4.477954 -4.371393 0.094586 -0.671476 -0.805185 5.000000 -0.499953 4.736217 2.107417 -4.456997 -4.900383 2.046865 1.996751 -0.945878 -2.645180
38 48.8317785811 14.0000000000 5.0000000000 1.8609532628 2.0000000000 6.3016800964 0.9963256555 4.8056787410 -0.2673923888 4.1590547623 -0.2320957283 23.0945481618 -1268.9565193358 26.3510483833 6.7408009585 0.969079 0.550192 3.661836 -5.000000 -2.586791 2.979638 0.950852 -2.221510 -1.962714 -0.143946 -2.608886 -3.908746 -1.222056 0.600905 0.720302 -0.766634 2.097058 -1.831909 -1.123599 -1.551201 2.398625 -3.036435 0.119253 -1.505413 0.876368 -2.155652 0.479949 -0.238839 -1.174225 -0.500207 2.177607 0.802715 0.927110 2.378903 -1.276517 0.742746 -0.841327 -1.759533 0.351613 -0.330050
119 46.9197793217 14.0000000000 5.0000000000 1.6090979742 7.0000000000 6.2375594647 0.9860533528 4.6793674342 -0.0726129168 4.4065742285 -0.0899164697 21.8964795839 -1124.1706162335 24.4820312200 6.2897789857 -3.113078 0.011418 1.828891 -5.000000 -3.926687 3.068352 5.000000 -2.532258 2.902479 -4.631925 -5.000000 0.310762 -3.554160 1.960309 1.397671 1.944778 4.097120 0.563642 -1.615745 0.234660 3.509685 0.899128 -3.683554 2.307946 -0.974287 -1.857131 4.199808 -0.598516 -1.278217 -1.690621 3.876854 -0.465612 4.454235 -1.189828 -0.363314 -1.901726 -0.166897 3.650913 -5.000000 -1.260111
389 45.7544082472 14.0000000000 5.0000000000 1.1646732562 25.0000000000 6.0471745070 0.9552944277 5.6576346804 -0.0816215974 5.1706465014 -0.0734011982 32.0088301772 -924.7272930915 25.4374477771 6.4941036102 -2.542173 4.513510 0.472306 -4.190617 -3.036536 5.000000 1.602813 -2.889956 5.000000 -4.164502 -0.544774 -0.785874 -4.170236 0.296174 -3.440063 1.072117 2.782735 1.119406 0.110334 -4.422009 1.251769 -2.812682 -1.713761 1.171045 1.953717 1.386341 -4.133235 -4.414755 -1.587282 0.699367 -0.861888 -2.374118 5.000000 0.243907 -2.363727 -1.223106 5.000000 3.903179 -4.297379 2.883448
1005 88.6098025012 14.0000000000 5.0000000000 0.7688431788 67.0000000000 5.6236773520 0.8860396337 6.0588782103 0.0450719263 5.8106015446 0.0544401148 36.7100051678 -652.6114338007 27.3887022447 6.9810923658 -4.445198 1.705973 4.204138 -4.408855 -2.566835 4.423181 0.066279 -1.037975 1.060617 -0.118872 -3.547627 2.686273 0.180250 2.610142 -2.707449 -0.623383 -3.328969 2.268364 2.605075 -2.309619 -3.072014 -3.098545 -1.047458 2.904638 2.909281 -2.085612 0.508660 -2.439435 -3.175879 1.569429 0.029556 -3.146288 -0.286274 -1.698339 1.870360 -3.175162 -1.221351 5.000000 -4.295993 3.507739
evaluations raw_y rep iid sigma t d_norm d_mean ps_norm ps_mean pc_norm pc_mean ps_squared loglikelihood mhl_norm mhl_mean x0 x1 x2 x3 x4 x5 x6 x7 x8 x9 x10 x11 x12 x13 x14 x15 x16 x17 x18 x19 x20 x21 x22 x23 x24 x25 x26 x27 x28 x29 x30 x31 x32 x33 x34 x35 x36 x37 x38 x39
1 94.7356710946 15.0000000000 5.0000000000 0.7688431788 67.0000000000 5.6236773520 0.8860396337 6.0588782103 0.0450719263 5.8106015446 0.0544401148 36.7100051678 -652.6114338007 27.3887022447 6.9810923658 -0.624657 0.678569 -0.311817 -1.003579 0.471138 -3.527211 -2.191724 -2.175531 -0.610340 -0.947497 -0.401189 0.710394 1.379035 0.821179 -1.129957 1.198781 -0.325873 3.200429 1.363254 0.029760 -0.175559 -1.964236 0.243381 -2.274875 0.698005 -3.717026 -2.334364 2.849794 2.993131 2.579864 -3.623491 -2.996614 -2.900286 -3.387814 0.454528 -0.979469 -0.001057 -0.980505 -1.586419 4.097798
3 88.7498980646 15.0000000000 5.0000000000 0.7688431788 67.0000000000 5.6236773520 0.8860396337 6.0588782103 0.0450719263 5.8106015446 0.0544401148 36.7100051678 -652.6114338007 27.3887022447 6.9810923658 1.211984 0.337874 -2.077783 0.570476 1.004783 3.867750 0.096650 -2.103537 2.333165 1.470934 -1.126260 -2.426016 3.096256 -3.395751 -1.263586 0.572733 -2.095944 -0.372900 0.995110 -0.809004 -2.568209 -1.228514 -0.215739 2.267246 -2.072493 3.022715 -1.736548 2.784461 4.350186 2.598042 -0.376163 3.338047 2.309148 0.963605 -0.356074 -0.772366 -0.260149 4.719247 1.033999 0.882709
4 75.9029016050 15.0000000000 5.0000000000 0.7688431788 67.0000000000 5.6236773520 0.8860396337 6.0588782103 0.0450719263 5.8106015446 0.0544401148 36.7100051678 -652.6114338007 27.3887022447 6.9810923658 -0.951449 0.656766 -0.565611 -1.440438 0.176918 -0.945031 0.259944 -0.213668 -1.408606 1.034355 1.161692 -5.000000 -0.499235 -0.354188 -0.512672 2.543029 0.161957 -0.835881 -1.533899 1.263132 -3.252894 -0.628051 -1.230944 -0.797969 -0.637128 -2.361661 -2.345687 -0.104641 -1.692368 2.828984 0.671707 -2.225721 1.026212 -0.456638 0.467575 3.083187 1.837349 -1.827138 1.004896 -0.856128
5 61.7291689606 15.0000000000 5.0000000000 0.7688431788 67.0000000000 5.6236773520 0.8860396337 6.0588782103 0.0450719263 5.8106015446 0.0544401148 36.7100051678 -652.6114338007 27.3887022447 6.9810923658 2.046024 -0.064441 -3.188604 -5.000000 -1.355721 -1.656542 -1.578284 4.347262 0.233827 1.738420 -1.903945 1.311677 -1.108050 -3.143231 -0.649880 -0.108623 -2.171203 2.859885 0.101367 -3.093037 -4.909517 1.522695 1.582311 1.277504 -1.845371 -1.803924 1.174751 -0.822804 0.010137 1.360148 2.245806 -1.534834 -0.302611 0.537636 -1.211318 1.963152 -2.074587 0.947485 -0.838452 2.581028
8 56.7632641294 15.0000000000 5.0000000000 0.7688431788 67.0000000000 5.6236773520 0.8860396337 6.0588782103 0.0450719263 5.8106015446 0.0544401148 36.7100051678 -652.6114338007 27.3887022447 6.9810923658 0.091125 1.512066 -0.483917 4.547975 -0.370412 -3.365983 1.478455 1.596539 1.709471 -1.626049 -1.253299 -0.399762 1.607474 -0.518608 2.399286 1.375505 1.011316 -1.885777 -4.105413 -0.008572 2.499927 1.519524 -2.071664 1.221230 -0.169743 0.790780 -2.685874 -2.277604 -0.707151 2.112804 -0.953887 -0.031113 2.439198 -1.222579 -1.172381 -1.531260 2.216582 -1.171491 -2.936436 -1.478343
21 56.2069677471 15.0000000000 5.0000000000 1.8719751659 1.0000000000 6.3104105420 0.9977441029 2.7202621583 -0.0800653004 2.3068848717 -0.0678983934 7.3998262101 -1293.0356630510 27.1201488032 6.8872192081 -2.050233 -0.426573 0.704952 1.135924 2.060570 -0.022816 -0.653083 0.837545 1.361408 -1.643227 -1.425915 -0.457168 -0.680921 -1.666162 1.165420 2.432646 3.543733 -0.027899 -2.266324 0.878550 0.450967 1.959574 -2.520305 2.279042 -3.066042 0.175712 1.761982 -1.594782 -3.082158 0.167676 -2.197323 1.263317 0.056339 -1.702131 2.447747 2.574729 -1.389541 -2.609393 -1.877646 0.315312
26 53.7956190767 15.0000000000 5.0000000000 1.8719751659 1.0000000000 6.3104105420 0.9977441029 2.7202621583 -0.0800653004 2.3068848717 -0.0678983934 7.3998262101 -1293.0356630510 27.1201488032 6.8872192081 3.372097 1.260381 -2.904815 -0.649513 -2.759542 -2.326803 0.970361 2.799784 -2.039961 -1.994472 -1.521038 -0.184007 -0.538058 -3.287212 -0.615947 -0.875784 0.620118 -0.945477 -2.539945 -2.119046 -1.198396 2.821474 3.560267 3.131047 -0.043260 -0.158289 0.846993 1.528557 3.793546 1.491462 1.395234 0.089393 0.473519 -3.017611 -2.298016 1.556597 3.180770 -0.448165 0.326960 -1.712131
58 48.3302837297 15.0000000000 5.0000000000 1.7179108488 3.0000000000 6.2863907442 0.9938978923 3.8476728963 0.0814414758 3.3363673116 0.0674759693 14.8045867169 -1213.5297078177 26.1337524537 6.6561093988 0.638386 -2.520957 0.368741 -2.165243 0.226890 -1.175629 -1.349619 0.283136 -2.307981 0.470737 -1.398468 0.506358 -0.629768 -3.557126 -0.094021 1.416572 2.778453 0.425448 -1.151995 1.680922 -3.501147 1.249814 2.259364 1.303279 -0.090172 0.319935 -1.251266 2.925134 -2.687974 1.970180 0.950874 -0.783013 1.688639 -2.886034 1.109990 2.311308 -1.156841 1.163034 2.453755 -3.136289
130 47.8104055438 15.0000000000 5.0000000000 1.4885006678 8.0000000000 6.2347138366 0.9855776530 5.7773420026 0.1246529888 5.2810945206 0.1209035145 33.3776806151 -1135.2365065224 26.7235570411 6.8366979338 -1.029010 -2.488949 -3.906096 -0.048773 0.550406 -0.891056 -2.730096 4.779944 -1.599108 0.513307 2.629442 -3.285224 3.038245 -4.728546 0.099931 -1.729895 1.446358 5.000000 0.172792 1.609867 -0.966650 5.000000 0.365798 5.000000 1.056589 0.403681 -0.440853 4.315624 -0.579555 5.000000 3.663754 -3.714193 -2.371275 -0.307934 3.404382 3.671103 3.875656 2.424953 3.353140 -0.309140
162 42.5887668777 15.0000000000 5.0000000000 1.4558014833 10.0000000000 6.2144966438 0.9822904339 5.1816243789 0.2405257471 4.9303081205 0.2261785231 26.8492312040 -1038.6916220911 23.5681326752 6.0366595025 0.298052 -2.949544 -2.231146 -0.579014 -0.172965 0.631131 -1.170673 4.138739 -2.402866 3.534343 0.329842 -1.935061 0.582835 -4.425450 0.300587 -3.355339 0.261846 2.626138 -1.924096 -1.011337 0.532671 3.214374 3.326587 1.614187 -0.885841 -0.031310 2.764738 4.609919 -1.054852 3.038632 -1.238626 1.455031 0.794542 -0.611162 1.179295 -0.331543 3.154325 1.359041 3.234888 -1.839300
526 37.8909923595 15.0000000000 5.0000000000 0.9862245831 35.0000000000 5.9423968382 0.9382172654 6.1683329075 -0.1740675108 5.7813914640 -0.1371159525 38.0483308577 -810.4146172747 25.5177610300 6.5491835712 -0.282215 0.134484 -0.694640 2.048824 2.020657 5.000000 4.470038 -1.252654 0.705602 3.498919 -4.784069 -3.502493 -1.548314 -2.004225 1.094047 -2.908531 2.931029 1.010640 -3.385841 2.126906 0.425282 3.758458 1.241379 -0.687828 -2.628784 -1.262442 0.311864 -1.938298 -0.405452 2.697474 -1.227415 -1.349944 -0.000478 -0.659217 1.957437 -1.489804 0.068313 3.159093 3.008012 0.717077
1005 94.3146849034 15.0000000000 5.0000000000 0.7986923141 67.0000000000 5.6249534302 0.8862859679 4.9996176939 -0.0977059538 4.5716009945 -0.0746072634 24.9961770848 -598.2172652536 24.1217390281 6.1454303144 1.007303 0.652479 -0.050856 2.534602 3.490822 -1.059556 3.544547 -1.187054 1.001131 0.681785 -1.044238 -2.770811 0.047211 1.009707 -1.899555 -2.704005 2.604810 1.136361 -1.140250 3.366688 2.579271 1.946548 2.940867 -0.940419 -4.149326 0.166006 -1.450321 -4.041904 -1.812979 1.632267 -1.330079 1.154932 4.155133 -1.131235 -0.171380 -1.095766 -0.487898 4.170431 0.388153 1.188212
evaluations raw_y rep iid sigma t d_norm d_mean ps_norm ps_mean pc_norm pc_mean ps_squared loglikelihood mhl_norm mhl_mean x0 x1 x2 x3 x4 x5 x6 x7 x8 x9 x10 x11 x12 x13 x14 x15 x16 x17 x18 x19 x20 x21 x22 x23 x24 x25 x26 x27 x28 x29 x30 x31 x32 x33 x34 x35 x36 x37 x38 x39
1 83.5500276260 16.0000000000 5.0000000000 0.7986923141 67.0000000000 5.6249534302 0.8862859679 4.9996176939 -0.0977059538 4.5716009945 -0.0746072634 24.9961770848 -598.2172652536 24.1217390281 6.1454303144 0.255897 -3.056947 -1.188936 0.132661 -2.470990 -1.242737 -1.777896 0.997820 -1.573794 0.237487 -1.513726 0.986734 -1.678809 -2.030044 -0.685039 3.768928 -0.541826 -2.903439 -2.160318 5.000000 -0.440446 -0.178801 0.552683 3.224522 1.431930 1.317265 0.421482 -1.128887 0.280372 -0.676896 -2.809655 -4.973284 2.547087 2.159496 1.296805 1.112840 0.467075 -2.157691 -2.363922 -1.406480
2 71.5609978654 16.0000000000 5.0000000000 0.7986923141 67.0000000000 5.6249534302 0.8862859679 4.9996176939 -0.0977059538 4.5716009945 -0.0746072634 24.9961770848 -598.2172652536 24.1217390281 6.1454303144 -1.277032 -1.684140 -2.676349 1.159413 1.072829 3.086069 3.348664 -1.278580 1.097330 -0.166243 0.618127 4.020870 3.349421 1.006387 2.054518 1.270389 -0.343567 -0.442144 -1.458929 3.042315 -1.882076 -0.873356 -0.402930 -1.735154 3.106977 1.070189 -4.507749 -2.011533 1.743754 -1.067730 0.329807 0.507891 0.327217 -1.332258 -0.061314 0.204309 -1.674566 0.684482 0.213746 0.652277
3 65.0451795807 16.0000000000 5.0000000000 0.7986923141 67.0000000000 5.6249534302 0.8862859679 4.9996176939 -0.0977059538 4.5716009945 -0.0746072634 24.9961770848 -598.2172652536 24.1217390281 6.1454303144 1.442551 -0.209734 -2.063124 1.827044 1.018541 -2.096844 -2.146696 0.803199 1.300040 -3.218136 -0.652171 -1.098613 -0.407079 1.096462 3.611066 -1.642602 3.187427 2.203320 4.568750 0.239071 0.692346 2.137668 0.916449 3.649586 1.031948 2.225693 1.211335 -1.340746 1.884942 -0.835912 0.254897 -0.085747 1.240700 -2.479343 2.617236 1.821041 0.342891 -1.771437 -2.091865 -0.490074
6 59.5859889813 16.0000000000 5.0000000000 0.7986923141 67.0000000000 5.6249534302 0.8862859679 4.9996176939 -0.0977059538 4.5716009945 -0.0746072634 24.9961770848 -598.2172652536 24.1217390281 6.1454303144 0.281552 1.508360 0.944979 -1.538335 1.532065 -0.538969 0.987418 1.642520 -0.602294 -1.874957 2.062306 -0.585025 -0.033816 1.795881 -1.150075 0.139165 0.910190 -2.084723 -1.514049 -0.118875 1.824351 -3.395477 1.239788 1.574325 -1.095537 -0.429030 -3.386488 1.351375 -1.339524 0.396289 -2.634645 1.767664 -1.386307 -0.326699 1.431115 0.261080 -1.885457 -0.087868 0.783315 -0.222682
24 49.3676899860 16.0000000000 5.0000000000 1.8582336493 1.0000000000 6.3083450806 0.9974243602 2.3232193909 0.0118552637 1.9701776352 0.0100537106 5.3973483380 -1231.9229798814 24.9662879542 6.3537744091 -2.175634 0.250357 -0.679110 -1.288439 4.173992 -0.033276 -2.060234 -0.855995 2.280067 -4.582559 -5.000000 2.260743 3.412424 2.498100 -1.919669 -1.141401 -2.820010 1.464767 1.705806 -0.478375 -0.391945 -0.373671 0.013347 4.830327 1.429200 -2.503811 -0.969653 2.242009 1.388964 2.506049 0.358461 1.429951 -2.015511 -0.599392 0.603471 0.577479 -2.658630 0.933106 2.699448 0.636986
42 41.4429819940 16.0000000000 5.0000000000 1.7684094741 2.0000000000 6.2968692211 0.9955794881 3.6152164065 0.0546365689 3.1057094097 0.0467649506 13.0697896655 -1270.4841775801 27.5805071382 7.0568731288 -3.983958 -1.102266 2.505675 -1.208747 0.412800 0.574450 0.607907 -2.034191 -0.637783 -3.081610 2.665236 0.237615 0.033370 3.077096 -0.108787 -0.652933 -0.748638 -0.294423 5.000000 -1.375831 -2.968964 1.536646 0.913939 4.697519 1.988080 -0.352290 -4.291123 -0.458012 0.237827 0.509854 1.309615 0.123629 0.879921 -2.016143 0.062360 -1.358591 -2.671826 1.215048 0.554200 -0.922509
134 40.4343785124 16.0000000000 5.0000000000 1.4813245117 8.0000000000 6.2288268383 0.9846562473 5.3786686055 0.0183947264 4.8789436817 0.0238912324 28.9300759681 -1078.4607779514 24.6959509931 6.3327812135 -2.606668 -1.155589 -5.000000 1.187168 -2.149863 -5.000000 5.000000 -4.983158 0.333787 -2.970140 -2.663236 4.405304 -0.699547 2.030065 -0.949935 -0.977547 -0.714893 -0.851428 0.085540 1.329883 -1.988815 -1.736437 -4.033549 1.322094 0.539000 0.080063 -1.862202 -4.531928 -1.509620 1.623576 -1.076042 2.459328 -0.657160 2.948095 1.485401 2.633249 -0.389755 0.307468 -0.381713 1.410425
222 38.6836555600 16.0000000000 5.0000000000 1.4140243595 14.0000000000 6.1629637288 0.9739736833 5.9142257720 0.0341904138 5.5374394894 0.0243045820 34.9780664821 -1065.8143350946 25.7526920724 6.5431308172 3.510457 1.045143 -0.298980 -2.555046 -0.595239 -4.769707 3.892034 -3.234955 1.449446 -1.671544 -5.000000 1.440105 -2.187978 3.748460 2.462849 -2.732908 -4.861261 -0.783989 -3.538634 3.246785 -2.714649 -3.364048 -0.568973 0.068942 -2.416802 2.208809 -2.586279 -1.874853 0.826938 2.624427 0.874506 1.045172 0.003407 5.000000 -1.176361 -2.016837 -2.231623 -3.891851 2.791677 0.109606
602 37.2202125699 16.0000000000 5.0000000000 0.9351821751 40.0000000000 5.8863054440 0.9292168290 6.0959393879 -0.0006877021 5.5208020093 -0.0049207564 37.1604770204 -741.6629886495 24.2979279780 6.2164487202 0.692808 0.575508 -1.542494 2.379199 -2.920664 -1.280611 -0.710098 -3.180175 1.046298 -1.721693 -3.440609 2.953457 -1.129292 3.021530 1.033179 -3.857513 -2.579505 -3.546486 -4.251829 3.258602 2.849523 0.183235 1.500696 4.036094 -1.334231 -2.024839 -3.858406 -2.330392 1.009859 -0.155111 3.894518 0.335858 1.750195 0.062475 -0.903845 -3.119077 -3.784110 -0.777253 2.020235 0.767444
969 35.7133831136 16.0000000000 5.0000000000 0.6885042716 64.0000000000 5.6428750215 0.8899110034 5.8371605314 -0.2353142710 4.9379685753 -0.1914284710 34.0724430694 -522.7719036344 24.4912273969 6.2264140088 -2.862694 0.314458 0.068990 -0.148412 -2.391018 -2.982104 1.488543 -4.466978 -1.915604 0.329676 -4.606793 5.000000 -2.326806 4.514638 3.299869 -2.193112 -4.819022 -4.931861 -3.417369 4.114042 1.852926 -0.411426 4.166819 4.412557 0.199172 -1.956876 -1.871478 -3.188104 4.174070 -1.774338 3.553171 -0.362685 0.929044 1.860149 -0.194104 -5.000000 -3.191522 -2.564905 -2.299546 1.710107
1005 98.5943263074 16.0000000000 5.0000000000 0.6482791453 67.0000000000 5.6076215361 0.8842679812 4.8594322432 -0.0090761965 4.1335340724 -0.0285226686 23.6140817266 -505.8252450524 25.6330390423 6.5047480760 -2.646102 -1.229494 -0.388353 0.515052 -2.349457 -5.000000 0.776240 -3.055731 -1.300371 0.388928 -3.728012 2.934679 -0.455580 5.000000 2.908488 -2.447361 -4.571478 -4.274871 -3.480260 4.763088 3.200241 -1.082014 3.860067 4.315578 -0.428712 -1.894496 -3.141489 -2.324307 4.482567 -1.295054 3.465048 0.175376 2.520062 1.657092 -1.189655 -4.058864 -3.452615 -2.344493 -2.090597 1.782933
evaluations raw_y rep iid sigma t d_norm d_mean ps_norm ps_mean pc_norm pc_mean ps_squared loglikelihood mhl_norm mhl_mean x0 x1 x2 x3 x4 x5 x6 x7 x8 x9 x10 x11 x12 x13 x14 x15 x16 x17 x18 x19 x20 x21 x22 x23 x24 x25 x26 x27 x28 x29 x30 x31 x32 x33 x34 x35 x36 x37 x38 x39
1 69.5641459033 17.0000000000 5.0000000000 0.6482791453 67.0000000000 5.6076215361 0.8842679812 4.8594322432 -0.0090761965 4.1335340724 -0.0285226686 23.6140817266 -505.8252450524 25.6330390423 6.5047480760 0.552532 -3.709256 1.247802 2.290623 2.074381 3.773278 -0.223397 -0.724203 0.297350 -0.875566 4.342514 2.304621 -3.637625 -0.276099 1.079679 -3.550565 2.629753 -0.946896 -2.184460 -0.500055 -1.964589 2.062538 0.982668 -0.893293 -1.612720 0.262536 -2.425120 0.319982 -1.510446 0.699792 1.955084 -0.277170 0.207713 0.601182 1.936411 1.739248 1.135566 0.930565 -2.330746 -4.071990
18 59.2215795330 17.0000000000 5.0000000000 1.8937949744 1.0000000000 6.3102917624 0.9977225636 3.3447669662 -0.0148570319 2.8364884943 -0.0125993232 11.1874660579 -1298.5770338206 27.0453431116 6.8693308289 1.884151 -1.441639 0.258001 5.000000 3.489816 5.000000 -0.084589 2.408265 -2.271194 -1.191513 2.144299 1.561448 2.821901 3.338129 0.941657 -2.713908 -2.218525 3.392308 0.435714 -1.794277 -3.720239 0.108577 1.772923 0.389692 1.872348 1.632667 -3.522983 2.238797 -1.207346 1.485209 2.714742 0.857199 -2.190816 -1.602511 1.490900 2.208560 -3.207940 -0.065441 -1.917528 -3.057223
30 49.3997240765 17.0000000000 5.0000000000 1.8937949744 1.0000000000 6.3102917624 0.9977225636 3.3447669662 -0.0148570319 2.8364884943 -0.0125993232 11.1874660579 -1298.5770338206 27.0453431116 6.8693308289 -2.261209 1.521833 2.017036 -1.139178 1.591754 4.379517 0.633417 -2.968661 2.374677 -3.058472 0.011579 -2.997016 0.270611 -0.147742 2.374573 -4.285291 3.331022 1.849977 -4.066070 0.067934 -0.944622 0.685428 -1.015743 -0.873169 3.346923 2.948618 1.388280 3.242839 1.977871 1.338150 1.364960 -2.681653 -2.210523 -3.845651 1.995911 -1.176251 0.508940 1.970636 -2.506222 0.496641
35 37.8822111801 17.0000000000 5.0000000000 1.8225910735 2.0000000000 6.2992945604 0.9959533242 4.2199779924 0.0885056849 3.6447391555 0.0741900013 17.8082142567 -1275.1674642903 27.0600963691 6.9021926095 0.256453 0.054646 -1.640058 -0.478084 1.546781 3.053446 5.000000 1.084453 0.795794 -5.000000 1.126907 -1.168200 2.287803 1.671158 2.465714 -2.638671 3.042541 -1.173099 -0.794149 -0.712342 1.369061 3.016146 -0.974529 0.932955 2.708995 -1.330251 2.463199 2.833534 1.874010 0.573998 0.775726 0.676574 -2.074173 -3.482077 2.648999 0.314749 0.453498 1.391328 0.012725 -3.649473
1005 102.7750658174 17.0000000000 5.0000000000 1.0089260804 67.0000000000 5.6471565579 0.8890576540 6.1666712755 -0.1592064878 5.7291563465 -0.1226998917 38.0278346201 -743.6088711845 24.1342203415 6.1509629318 -3.350242 0.960018 3.386619 3.047863 -3.035263 1.529039 1.262490 1.121070 1.560321 5.000000 -4.377920 -2.944761 1.464996 2.002722 0.518735 -2.446177 2.870510 -3.283512 -3.067117 -4.351180 -0.067560 1.775170 4.827143 -0.498583 -0.400584 3.941610 -4.524384 -2.632314 -1.521758 1.958755 -3.415933 4.103976 -2.613624 0.290978 -0.559695 -4.076271 -3.433483 4.933379 3.509134 0.189661
evaluations raw_y rep iid sigma t d_norm d_mean ps_norm ps_mean pc_norm pc_mean ps_squared loglikelihood mhl_norm mhl_mean x0 x1 x2 x3 x4 x5 x6 x7 x8 x9 x10 x11 x12 x13 x14 x15 x16 x17 x18 x19 x20 x21 x22 x23 x24 x25 x26 x27 x28 x29 x30 x31 x32 x33 x34 x35 x36 x37 x38 x39
1 65.1230047923 18.0000000000 5.0000000000 1.0089260804 67.0000000000 5.6471565579 0.8890576540 6.1666712755 -0.1592064878 5.7291563465 -0.1226998917 38.0278346201 -743.6088711845 24.1342203415 6.1509629318 0.158857 4.380405 -0.269784 0.321036 0.885396 1.246783 2.017807 0.788498 -0.672773 -1.291813 1.610915 0.832886 1.149239 -2.203343 -1.989514 2.691039 1.163736 1.074477 4.134094 -0.580648 1.202730 -1.129054 -2.335903 -2.044004 1.767039 -1.067489 -2.700864 0.460188 1.789710 2.741520 4.927403 2.255803 -1.638428 0.134928 2.154433 -1.107090 1.355235 2.082987 -3.502844 0.237339
4 64.2661873332 18.0000000000 5.0000000000 1.0089260804 67.0000000000 5.6471565579 0.8890576540 6.1666712755 -0.1592064878 5.7291563465 -0.1226998917 38.0278346201 -743.6088711845 24.1342203415 6.1509629318 -1.301533 2.919893 1.901549 -2.728160 0.407826 0.618001 1.548280 0.902317 0.407977 -4.176898 1.906919 -0.610301 0.895613 0.358469 1.118302 3.553569 -0.890380 0.230984 0.356020 2.837192 1.949681 -3.084856 -2.103856 -0.302313 1.488085 -0.419696 -0.305568 -4.039975 -1.198828 -1.753427 1.259792 -0.162147 -0.282030 -0.412432 0.862196 0.128764 0.698662 -1.298151 0.123802 3.251490
11 59.6611913792 18.0000000000 5.0000000000 1.0089260804 67.0000000000 5.6471565579 0.8890576540 6.1666712755 -0.1592064878 5.7291563465 -0.1226998917 38.0278346201 -743.6088711845 24.1342203415 6.1509629318 1.743710 -0.906744 3.209259 -2.035688 -1.458216 0.638949 -1.891466 -2.452090 -0.683837 -2.804716 -0.975966 0.077283 -1.718331 -0.932304 1.699967 -0.088395 -1.037143 2.257262 -0.995466 1.290008 0.131078 -2.327427 1.472567 -1.620024 -0.397404 3.931706 3.834584 2.867538 -1.510893 -1.493508 -1.328680 -0.574529 -0.602726 1.138655 1.130925 0.513493 1.286640 1.896774 1.298370 -0.820966
13 59.3782487685 18.0000000000 5.0000000000 1.0089260804 67.0000000000 5.6471565579 0.8890576540 6.1666712755 -0.1592064878 5.7291563465 -0.1226998917 38.0278346201 -743.6088711845 24.1342203415 6.1509629318 0.834782 2.382218 0.940824 0.364106 0.806046 -0.127011 -0.669276 -3.244597 -1.491029 -0.412725 1.483426 0.088313 2.106850 -4.221578 -3.126789 -1.502258 -3.016737 -0.332647 3.413256 0.444090 0.105224 0.659121 -0.228665 1.395609 1.487653 1.085531 1.421570 3.405850 -0.849355 0.742439 -0.603171 2.666728 -3.002589 -1.415500 -3.122749 1.089337 2.184595 -0.785838 -0.911628 -0.819405
16 59.2407168504 18.0000000000 5.0000000000 1.8858529007 1.0000000000 6.3104169264 0.9977471201 3.1182936657 0.0216269074 2.6444305968 0.0183404329 9.7237553856 -1279.3302129171 26.4346747002 6.7426219803 1.578250 -0.981168 2.059769 1.915899 0.929921 -0.792364 -1.651286 -0.136220 1.053990 -2.092173 5.000000 1.465810 0.651711 -1.426658 1.033189 0.326365 -1.300662 2.504402 1.166174 1.197645 4.204881 0.626934 -0.609240 -4.450241 -5.000000 -0.067518 5.000000 2.486892 -3.018306 -0.164232 -2.298314 -0.406691 -1.996663 -2.976925 -1.178587 -0.020002 -1.169217 1.812060 1.570788 0.194806
18 53.5267078381 18.0000000000 5.0000000000 1.8858529007 1.0000000000 6.3104169264 0.9977471201 3.1182936657 0.0216269074 2.6444305968 0.0183404329 9.7237553856 -1279.3302129171 26.4346747002 6.7426219803 -1.677763 2.992390 -0.650938 -1.175833 1.455861 0.665486 -4.063964 -1.956415 1.592198 -2.305356 -0.833971 -2.190867 2.413921 -1.534827 4.343331 0.144888 -5.000000 1.223508 -0.087824 -3.005589 2.303153 2.250956 -0.908284 -3.274590 1.609808 4.774300 -0.576418 0.072476 -1.966940 -0.440558 1.017917 -0.209751 0.664587 -1.780216 -0.193989 2.100814 -0.723334 -2.011939 2.084339 -0.420028
57 50.5349432047 18.0000000000 5.0000000000 1.7498621163 3.0000000000 6.2877433813 0.9941123859 4.6384821077 -0.0613011928 4.0526091582 -0.0493539605 21.5155162631 -1220.7015578598 26.0163712331 6.6396807348 1.903101 -1.144128 -1.201944 -1.614262 0.979512 0.914763 -2.656957 -1.372863 -0.438930 0.404203 -2.774485 -0.290333 -0.556945 -3.776310 4.326698 -2.600111 -3.364760 1.814712 1.742807 -3.276962 -2.471459 -1.616397 1.675290 -2.869811 0.718626 0.036748 5.000000 0.389289 0.778409 0.209597 2.240343 1.788132 -3.132456 -1.993474 1.392808 2.790213 -2.167124 -1.490638 0.064193 1.197852
180 45.4798161119 18.0000000000 5.0000000000 1.4827143806 11.0000000000 6.1931671228 0.9788831007 5.5983939236 -0.0200854085 5.2731962294 -0.0260347402 31.3420145237 -1080.5118000606 25.0153109907 6.3962987476 -0.322434 4.255168 0.789721 1.915175 2.679353 1.937492 -3.558982 -0.293750 0.692284 1.095169 -2.272502 -3.118043 0.310388 -3.765675 4.771920 -2.531916 -5.000000 1.079080 -2.078337 -1.350132 0.149691 -3.298799 1.669832 0.222617 3.327427 1.338823 0.626580 1.609406 2.820906 2.646024 1.149715 1.470532 -0.098195 1.562553 -1.343485 2.571480 0.442762 -3.201273 -1.613338 0.508987
744 39.5094914074 18.0000000000 5.0000000000 0.9660232086 49.0000000000 5.8059587054 0.9159065033 4.8779336925 -0.1592189814 4.6579735690 -0.1477497429 23.7942371086 -768.7232612172 25.1712398676 6.4077527209 2.903029 3.115586 -4.243980 -2.341149 -2.495456 1.735363 -3.079814 4.818080 -0.249725 -4.364419 2.049615 -0.159348 -2.819073 -4.273903 0.634110 -0.850686 -3.179780 0.461881 -1.191733 0.532997 0.801978 -4.499299 0.224109 -2.556968 -4.201319 -0.670149 1.821286 -1.885158 -0.826329 1.862647 4.049874 -2.877806 -2.869687 3.253733 0.130845 -1.774695 2.338966 2.860381 -1.423514 2.499228
1005 76.7365384141 18.0000000000 5.0000000000 0.8326194424 67.0000000000 5.6389645219 0.8882155993 6.1786137310 -0.3035908749 5.6418378372 -0.2715312875 38.1752676369 -628.8143785861 24.0456565543 6.1606118352 2.273320 3.637726 -4.689277 -3.013458 -1.491084 -0.623028 -2.601179 1.891367 -0.114801 -4.207976 2.993399 2.723162 -2.710443 -1.815868 2.604317 0.229617 -3.803105 0.258542 -1.629738 0.443952 1.989628 -4.327949 1.532873 -0.724538 -3.490662 -1.441964 1.785571 -3.386652 -0.903935 2.221435 0.108592 -3.141976 -1.616062 2.735482 0.732763 -3.684394 1.192996 2.491816 -0.391825 3.896233
evaluations raw_y rep iid sigma t d_norm d_mean ps_norm ps_mean pc_norm pc_mean ps_squared loglikelihood mhl_norm mhl_mean x0 x1 x2 x3 x4 x5 x6 x7 x8 x9 x10 x11 x12 x13 x14 x15 x16 x17 x18 x19 x20 x21 x22 x23 x24 x25 x26 x27 x28 x29 x30 x31 x32 x33 x34 x35 x36 x37 x38 x39
1 87.5090607757 19.0000000000 5.0000000000 0.8326194424 67.0000000000 5.6389645219 0.8882155993 6.1786137310 -0.3035908749 5.6418378372 -0.2715312875 38.1752676369 -628.8143785861 24.0456565543 6.1606118352 0.442007 -0.680930 -1.155497 -0.808063 -1.206579 -0.487705 2.070687 1.161507 0.504827 -2.925092 -3.096683 0.530545 -0.001792 -2.031985 0.223979 -2.383904 3.111088 -1.866600 1.053068 -0.299929 1.045571 2.684310 3.117043 2.511988 1.817207 -1.681803 2.011170 -2.047608 0.363548 -0.833362 3.956817 3.834889 -2.062014 -0.966624 -1.290160 0.120696 1.095861 1.690297 -2.414363 0.749681
3 71.6780872453 19.0000000000 5.0000000000 0.8326194424 67.0000000000 5.6389645219 0.8882155993 6.1786137310 -0.3035908749 5.6418378372 -0.2715312875 38.1752676369 -628.8143785861 24.0456565543 6.1606118352 0.904479 0.916412 2.467994 -2.345355 1.446211 0.625442 2.493022 -2.886419 -1.060698 -2.177859 -0.437805 0.407340 1.486318 0.883542 0.659916 0.806712 -1.806701 -0.101681 2.106765 -2.779372 -3.154332 1.137469 -2.110791 -2.462959 -0.487851 -0.472062 1.172666 -3.678947 -2.594238 -2.617865 -1.325683 0.350740 -3.289920 1.706522 0.341217 -3.320893 4.198935 2.542746 -1.417901 0.352400
4 64.4462098096 19.0000000000 5.0000000000 0.8326194424 67.0000000000 5.6389645219 0.8882155993 6.1786137310 -0.3035908749 5.6418378372 -0.2715312875 38.1752676369 -628.8143785861 24.0456565543 6.1606118352 -4.131995 2.196270 -1.027764 -2.503946 -0.116415 -2.700748 -1.058849 0.411558 3.002041 1.149293 0.084207 2.414102 -0.668492 -0.941660 1.532649 -1.045759 -1.608802 1.728898 -0.729073 1.058439 0.059788 -1.294914 1.897924 -0.106627 1.907699 -0.856539 0.884163 0.689811 -1.541798 -0.518677 -0.381424 -1.949948 -0.099859 -0.545062 -1.686709 -0.111311 1.382976 -1.525134 -0.501758 -2.741899
13 56.2045958064 19.0000000000 5.0000000000 0.8326194424 67.0000000000 5.6389645219 0.8882155993 6.1786137310 -0.3035908749 5.6418378372 -0.2715312875 38.1752676369 -628.8143785861 24.0456565543 6.1606118352 1.597882 -2.850991 -1.095583 1.423271 -1.359147 4.176986 -3.859698 -0.498081 1.042759 -3.599658 1.976444 -0.368492 1.826986 -1.629593 -0.699634 -2.694445 -0.488552 5.000000 3.253790 1.493081 -1.751097 2.112116 0.744536 -4.372158 2.381095 -1.114946 -2.041455 1.033937 0.705888 3.092725 -2.845735 -0.853034 -3.291823 -2.034819 -0.122434 1.389342 4.355863 -0.342936 0.710334 2.597967
62 45.2844215111 19.0000000000 5.0000000000 1.6796293235 4.0000000000 6.2770573824 0.9923654745 4.6761562649 -0.0583150406 4.1633802851 -0.0567602166 21.8664374135 -1269.0326083096 28.7489506098 7.3345849142 3.212571 -3.141466 -1.382413 1.421732 -1.432633 1.414130 1.506471 -5.000000 -2.651421 -0.243904 2.715102 -2.195652 3.337566 -0.838686 -0.658261 -3.431063 -1.997850 1.259990 0.445994 2.835926 0.521431 3.141777 -0.391399 -0.079555 3.063199 -2.272256 -3.751995 3.099520 -1.545137 -2.457686 -1.591164 -3.652988 -1.986696 -0.691977 1.648480 1.242459 2.499126 4.520675 -0.842819 0.322068
322 44.8245874701 19.0000000000 5.0000000000 1.2440011344 21.0000000000 6.0932416719 0.9626286137 5.2023139949 0.0555783976 4.9929810630 0.0574710969 27.0640709016 -962.3754341796 25.1335715227 6.4346637509 -1.380605 0.396232 1.579694 -3.368933 -5.000000 -5.000000 1.053490 -1.961632 -0.673339 4.314173 5.000000 1.471823 3.570759 -2.586528 -1.800588 0.018690 -3.028160 1.844305 2.094476 -0.711794 2.341408 2.386468 2.158196 -1.818053 3.032919 -5.000000 -3.634544 -1.638306 -0.608077 -3.098878 -1.606545 -2.965484 3.258687 1.125794 0.141518 0.069284 -0.766171 5.000000 -0.311675 -1.157710
788 42.2833311196 19.0000000000 5.0000000000 0.7712741178 52.0000000000 5.7730467851 0.9108235676 6.0775874731 0.1304890031 5.2913225702 0.1192592751 36.9370694932 -648.8625090415 26.2008695524 6.6523528134 -3.708524 -2.456325 1.633001 -0.895792 -3.581414 -3.792570 -0.937921 -4.886398 0.660286 3.336957 1.843628 3.470614 3.224831 0.521402 -2.641165 -1.633893 -0.874479 4.668302 4.849521 0.859355 0.743660 1.814229 2.231195 -0.591647 2.585005 -3.754066 -0.340307 -4.056834 -3.126162 -2.931602 -0.237340 -0.805111 3.037713 1.159046 2.593219 0.539771 -1.010502 2.671779 2.013461 -0.263663
875 40.2184299527 19.0000000000 5.0000000000 0.7270738815 58.0000000000 5.7162676893 0.9016401535 5.9718429273 -0.1338878522 4.9535888520 -0.0976129477 35.6629079489 -572.1703005314 24.7198769807 6.3124243907 -3.810007 0.282083 2.266345 -0.561937 -2.337418 -2.313575 -0.313246 -3.931181 0.205678 4.465263 0.363840 2.345164 3.664199 -0.494026 -4.043089 -1.449537 -0.249183 4.720355 1.967132 0.087499 1.555643 1.403061 1.087136 -0.904945 4.671175 -4.066543 0.079098 -3.586543 -2.677257 -2.384303 -1.538415 -1.727735 1.752465 1.693568 2.921450 0.965579 -2.972529 2.611015 1.253531 -0.941147
881 37.6286603293 19.0000000000 5.0000000000 0.7270738815 58.0000000000 5.7162676893 0.9016401535 5.9718429273 -0.1338878522 4.9535888520 -0.0976129477 35.6629079489 -572.1703005314 24.7198769807 6.3124243907 -4.508169 -0.899982 1.400034 0.023758 -3.017039 -4.390272 -0.445530 -4.350819 -0.307291 3.989156 2.764701 2.238662 3.573010 -0.257176 -3.141358 -2.384084 -1.789928 5.000000 3.738442 -0.641921 1.703817 0.931277 2.292804 -0.342977 2.569874 -3.951712 -1.498888 -3.452571 -2.689667 -2.929791 -2.614909 -1.738143 2.522084 1.217881 2.344865 2.769917 -2.079594 2.530177 0.462573 -1.019493
1005 72.4217956445 19.0000000000 5.0000000000 0.6531708150 67.0000000000 5.6233032735 0.8866072666 5.8297803351 0.0312225051 4.9842766321 -0.0023212963 33.9863387555 -528.5458145418 26.3382185268 6.7032495073 -2.526592 -1.719920 0.635147 0.364713 -1.208022 -2.716143 0.253363 -2.701869 0.635974 2.342379 0.546416 3.515129 2.956428 -0.566228 -4.647123 -2.802533 0.728536 4.264563 2.693299 1.347175 1.863975 0.940024 1.489728 -1.397396 4.513148 -3.026149 -1.000611 -3.753153 -2.268229 -1.724644 -1.637680 -1.580785 3.777785 2.268779 2.179256 1.149037 -1.474773 3.034296 0.682383 -1.487935
evaluations raw_y rep iid sigma t d_norm d_mean ps_norm ps_mean pc_norm pc_mean ps_squared loglikelihood mhl_norm mhl_mean x0 x1 x2 x3 x4 x5 x6 x7 x8 x9 x10 x11 x12 x13 x14 x15 x16 x17 x18 x19 x20 x21 x22 x23 x24 x25 x26 x27 x28 x29 x30 x31 x32 x33 x34 x35 x36 x37 x38 x39
1 99.6179468253 0.0000000000 6.0000000000 0.6531708150 67.0000000000 5.6233032735 0.8866072666 5.8297803351 0.0312225051 4.9842766321 -0.0023212963 33.9863387555 -528.5458145418 26.3382185268 6.7032495073 3.528105 0.800314 1.957476 4.481786 3.735116 -1.954556 1.900177 -0.302714 -0.206438 0.821197 0.288087 2.908547 1.522075 0.243350 0.887726 0.667349 2.988158 -0.410317 0.626135 -1.708191 -5.000000 1.307237 1.728872 -1.484330 4.539509 -2.908731 0.091517 -0.374368 3.065558 2.938718 0.309895 0.756325 -1.775571 -3.961593 -0.695824 0.312698 2.460581 2.404760 -0.774654 -0.604606
2 84.2651661999 0.0000000000 6.0000000000 0.6531708150 67.0000000000 5.6233032735 0.8866072666 5.8297803351 0.0312225051 4.9842766321 -0.0023212963 33.9863387555 -528.5458145418 26.3382185268 6.7032495073 -2.097106 -2.840036 -3.412540 3.901551 -1.019304 -0.876149 -2.505591 1.554981 -3.227796 -0.425481 -1.790933 0.773805 -1.021610 -2.361264 -0.056364 0.856664 0.133034 0.604944 -1.268644 -0.725482 -1.344921 -0.719106 -1.626293 -3.452565 0.354852 -0.803562 -3.260397 0.925565 -1.814597 0.103891 1.458181 0.257966 2.278801 -2.469652 0.804683 -1.369620 -1.741594 -1.157699 -0.623105 0.112331
3 63.1783646464 0.0000000000 6.0000000000 0.6531708150 67.0000000000 5.6233032735 0.8866072666 5.8297803351 0.0312225051 4.9842766321 -0.0023212963 33.9863387555 -528.5458145418 26.3382185268 6.7032495073 -2.330300 1.801653 0.931325 -3.072487 2.976504 3.791778 2.357559 -0.359850 -2.141505 2.108903 -0.806354 2.444890 0.416550 1.953278 0.712733 1.413146 0.021000 3.571741 0.253824 0.803979 3.766301 -2.695518 -2.540970 1.938793 -2.346247 3.887242 -0.827238 -1.494910 3.845884 2.961030 3.735118 1.812089 -1.722451 3.820130 -0.536007 1.604913 1.894504 -0.310020 1.228159 1.844413
11 59.9237990981 0.0000000000 6.0000000000 0.6531708150 67.0000000000 5.6233032735 0.8866072666 5.8297803351 0.0312225051 4.9842766321 -0.0023212963 33.9863387555 -528.5458145418 26.3382185268 6.7032495073 -1.197308 -2.231794 1.533326 0.712586 -3.537077 0.710964 1.629040 0.117851 -0.370107 -1.615297 -2.893069 1.600596 -0.618229 -0.466933 3.465442 1.369002 0.741650 0.284124 3.039990 3.439179 1.859010 1.164449 -4.189206 0.247444 -0.260214 0.187906 1.886092 -5.000000 -1.138624 0.539809 -0.933691 -2.833812 1.737927 0.553744 -1.942209 0.629634 1.643171 0.010585 1.601130 0.156520
13 41.4776347968 0.0000000000 6.0000000000 0.6531708150 67.0000000000 5.6233032735 0.8866072666 5.8297803351 0.0312225051 4.9842766321 -0.0023212963 33.9863387555 -528.5458145418 26.3382185268 6.7032495073 1.542812 2.058878 -1.817526 -0.848635 1.725192 -5.000000 3.026656 1.106264 -0.091408 0.441015 -2.059871 -0.699887 2.200569 2.596044 5.000000 -0.147849 -1.317106 -1.028468 -2.036084 -0.155710 0.765465 -0.068485 2.192694 -0.468432 -0.694901 -1.162537 -3.265269 -3.135535 -2.358316 2.602856 1.790521 2.749928 -2.664423 -3.937249 -1.320113 0.351638 0.997381 2.095944 0.568559 3.485338
1005 65.1016100080 0.0000000000 6.0000000000 1.0014953423 67.0000000000 5.6510654194 0.8899115357 6.1209430017 -0.1080953726 5.2378206856 -0.0531070293 37.4659432298 -744.5851284706 24.3298056754 6.2394128920 -5.000000 3.508215 -3.867456 -3.675837 -4.029192 2.591409 -3.033613 -0.018002 3.307217 -0.827636 1.384945 2.767039 4.479064 -2.715993 -5.000000 -1.283954 -0.416385 -0.045862 -2.885956 3.456817 2.275763 -4.158781 -0.708215 -1.539257 2.297050 -0.639693 -0.416928 -0.982304 0.581127 3.877726 -4.632321 -0.991550 0.892559 -4.699070 -0.981931 -0.573222 -0.012279 3.372476 1.174904 -1.229258
evaluations raw_y rep iid sigma t d_norm d_mean ps_norm ps_mean pc_norm pc_mean ps_squared loglikelihood mhl_norm mhl_mean x0 x1 x2 x3 x4 x5 x6 x7 x8 x9 x10 x11 x12 x13 x14 x15 x16 x17 x18 x19 x20 x21 x22 x23 x24 x25 x26 x27 x28 x29 x30 x31 x32 x33 x34 x35 x36 x37 x38 x39
1 63.7563334847 1.0000000000 6.0000000000 1.0014953423 67.0000000000 5.6510654194 0.8899115357 6.1209430017 -0.1080953726 5.2378206856 -0.0531070293 37.4659432298 -744.5851284706 24.3298056754 6.2394128920 3.248691 -1.223513 -1.056344 -2.145937 1.730815 -4.603077 3.489624 -1.522414 0.638078 -0.498741 2.924216 -4.120281 -0.644834 -0.768109 2.267539 -2.199783 -0.344856 -1.755717 0.084427 1.165630 -2.201238 2.289447 1.803181 1.004989 1.801712 -1.367456 -0.245780 -1.871539 -0.535776 1.060711 -1.383322 -0.793507 -1.374345 -1.690411 -1.342492 -0.025329 -2.234621 0.468831 3.319604 1.484088
4 50.8080245748 1.0000000000 6.0000000000 1.0014953423 67.0000000000 5.6510654194 0.8899115357 6.1209430017 -0.1080953726 5.2378206856 -0.0531070293 37.4659432298 -744.5851284706 24.3298056754 6.2394128920 -0.049234 -1.550323 2.547512 3.934203 -3.715964 2.472328 3.255302 0.676023 -2.398536 1.726691 -0.361841 -1.207841 -2.460116 1.101075 1.585614 -1.247061 1.041153 -2.288683 1.603722 0.093135 -0.373140 -0.203492 1.737772 1.500823 1.058931 0.275402 0.155642 1.236761 0.464989 1.365103 -0.620234 -4.869676 2.077649 4.373959 0.882729 -0.200310 -0.272889 -0.238108 0.034819 -2.244037
13 38.2724544589 1.0000000000 6.0000000000 1.0014953423 67.0000000000 5.6510654194 0.8899115357 6.1209430017 -0.1080953726 5.2378206856 -0.0531070293 37.4659432298 -744.5851284706 24.3298056754 6.2394128920 1.030828 -2.229742 -1.534620 1.349141 2.921785 1.184946 2.395662 3.409188 2.080178 -1.836880 -0.210689 1.260391 -0.829694 0.903892 -3.158313 -1.657256 1.057759 -4.474173 -2.215425 -0.035437 -3.438789 0.114242 -1.599095 -0.583189 -0.517966 0.378586 -1.127577 0.179373 -1.202314 1.112147 3.387618 0.393740 0.339739 -2.328016 1.386732 -1.516135 -1.617694 1.114879 0.362077 2.214351
1005 67.5511889447 1.0000000000 6.0000000000 0.7310521918 67.0000000000 5.6327216846 0.8874079234 4.9799160858 0.1025697179 4.1365820547 0.0576134895 24.7995642213 -576.9721616524 25.4725667979 6.5210619272 0.319907 -2.396483 -2.293317 -1.006069 -3.785140 -2.449734 -5.000000 -2.792745 4.954524 2.564533 -1.481106 2.599618 -4.567973 -4.037980 -3.610894 -3.746239 1.156668 -3.171756 4.663282 2.973058 4.403131 0.829315 -4.704490 1.542448 -2.144645 -1.541145 1.356125 -5.000000 -3.696268 -2.984478 -3.306781 -2.299024 -0.734245 3.682418 0.732889 1.592070 -2.388923 4.773885 0.629981 -2.312443
evaluations raw_y rep iid sigma t d_norm d_mean ps_norm ps_mean pc_norm pc_mean ps_squared loglikelihood mhl_norm mhl_mean x0 x1 x2 x3 x4 x5 x6 x7 x8 x9 x10 x11 x12 x13 x14 x15 x16 x17 x18 x19 x20 x21 x22 x23 x24 x25 x26 x27 x28 x29 x30 x31 x32 x33 x34 x35 x36 x37 x38 x39
1 87.9170635973 2.0000000000 6.0000000000 0.7310521918 67.0000000000 5.6327216846 0.8874079234 4.9799160858 0.1025697179 4.1365820547 0.0576134895 24.7995642213 -576.9721616524 25.4725667979 6.5210619272 -0.833516 -0.112534 -4.272392 3.280542 -3.586871 -1.683495 1.005763 -2.490576 -2.115904 -1.818015 1.102908 4.584416 0.083079 -2.235851 1.078117 -1.192319 -0.038261 2.350002 -1.495742 0.018051 -1.756216 -0.312868 0.513141 -1.977558 -0.677644 -0.472368 -1.275310 -2.375225 -2.842434 -0.306990 -0.538114 4.462734 -4.869535 0.225453 0.740889 2.719268 1.003714 -1.688427 0.000020 1.084705
2 78.9103443572 2.0000000000 6.0000000000 0.7310521918 67.0000000000 5.6327216846 0.8874079234 4.9799160858 0.1025697179 4.1365820547 0.0576134895 24.7995642213 -576.9721616524 25.4725667979 6.5210619272 -0.627016 1.542023 -3.736181 3.462369 2.935356 -0.671355 1.222682 0.095941 -1.658271 0.175420 2.000732 -0.762185 -0.751339 -0.148942 0.866993 2.556758 -1.269359 1.016792 0.432232 -3.717225 -0.838633 -0.264658 -0.079140 0.652007 -4.080646 0.092511 -1.355351 -2.878878 1.048593 1.470559 -1.306501 1.684913 -0.763033 0.132978 -2.197478 3.168974 -5.000000 -0.182905 1.390239 -4.066933
3 68.3689025810 2.0000000000 6.0000000000 0.7310521918 67.0000000000 5.6327216846 0.8874079234 4.9799160858 0.1025697179 4.1365820547 0.0576134895 24.7995642213 -576.9721616524 25.4725667979 6.5210619272 -0.378939 -0.154437 1.649406 2.496426 -0.807785 -2.769037 2.734471 2.435771 -0.924011 0.701777 0.763732 1.132551 0.408416 2.813392 -3.475919 2.081648 0.760944 -0.434271 2.347063 -4.687206 2.323043 0.772156 -2.266267 0.866185 -0.608173 5.000000 3.670665 0.881380 -1.438508 -1.166829 -0.650099 -1.120469 -1.804492 -1.181945 -0.552359 -1.033768 -1.397180 -1.857784 5.000000 -2.946346
15 51.6494051357 2.0000000000 6.0000000000 0.7310521918 67.0000000000 5.6327216846 0.8874079234 4.9799160858 0.1025697179 4.1365820547 0.0576134895 24.7995642213 -576.9721616524 25.4725667979 6.5210619272 0.854035 0.813975 -1.688616 -1.119640 -1.201041 3.229746 0.789906 -2.407627 -2.494945 -0.155092 -0.026680 -1.536646 0.582468 -0.394662 2.153659 0.874820 -0.186396 0.271263 -1.765418 1.769488 0.766409 -0.833988 0.235593 -1.073371 4.974369 -0.902722 1.037672 0.728896 -1.596697 0.011316 -0.641869 0.499027 0.512617 1.535250 1.566040 -0.814126 -1.049783 -1.179617 -1.725062 -3.485746
16 41.5270944816 2.0000000000 6.0000000000 1.8701998495 1.0000000000 6.3085911984 0.9974540062 2.6691310136 0.0247826972 2.2635237332 0.0210166616 7.1242603679 -1282.7060552213 26.7905132200 6.8592542002 3.315426 -0.873697 -0.780344 -0.190062 -1.903733 -0.074970 4.055072 2.141950 -0.979543 -0.618755 1.334752 1.936780 2.182210 -1.830084 0.497809 0.302404 0.312293 -2.334758 -1.145385 0.803321 -0.149425 4.003628 -1.537102 2.398969 -2.985504 4.158584 1.356695 -1.402436 1.245026 -0.125555 0.253617 -2.144527 -1.253893 -0.371945 1.184123 1.004098 -0.578971 0.452047 -0.698411 -2.895379
189 39.6671341209 2.0000000000 6.0000000000 1.5350191065 12.0000000000 6.1924343339 0.9787160838 5.0893914819 0.0599352015 4.6599468715 0.0704974827 25.9019056560 -1094.2129143645 24.6672934897 6.3381152545 1.654316 5.000000 -0.273181 3.104558 -0.488679 2.722510 1.615370 0.603591 -1.637812 -3.242290 -0.342673 -0.119590 -0.090297 -0.717901 4.364102 3.102940 -2.719293 0.279214 3.589329 2.509485 4.699105 0.081931 -2.581595 0.805662 -2.774342 3.755676 0.624489 -2.944686 3.994528 0.079087 2.045476 -1.047021 -3.189267 -1.088786 4.649963 -3.824446 0.148750 -0.201464 2.318862 -2.569564
763 39.1144202595 2.0000000000 6.0000000000 1.0140035509 50.0000000000 5.8052071070 0.9159497150 6.8608347383 -0.3667889519 5.9080303895 -0.3499761398 47.0710533066 -817.6195408838 26.0349762680 6.6479765273 0.780196 4.703749 -1.139296 -0.894398 -3.871130 -2.068742 0.717495 -0.082829 0.175425 -1.566429 -3.671680 -2.317233 0.404070 -4.398207 1.570680 2.384951 -3.702033 0.100987 1.686611 5.000000 2.295007 0.042041 -0.348425 -4.985195 -1.284388 -0.711617 -4.217095 -1.996241 -0.958127 -2.329909 -1.993349 -1.115871 -2.497874 -0.776995 3.595147 -3.932806 -4.759749 -3.293973 -0.422393 -4.316611
1005 105.8126323939 2.0000000000 6.0000000000 1.1027346811 67.0000000000 5.6568360597 0.8912616087 7.4503576617 0.5090084827 6.7223939979 0.4285638535 55.5078292870 -810.8600263143 24.7630139087 6.3054113574 1.626568 4.405735 -1.058180 -1.072681 -3.859652 0.341560 -0.648055 -1.202232 1.831532 1.229147 -2.551522 0.627424 0.793591 -2.521342 2.234961 1.637558 -3.732825 1.769586 0.844170 0.822953 4.714354 3.396289 -0.569850 -2.981329 2.027757 -2.860314 0.042432 -0.452417 0.389694 -1.549838 -4.708993 -2.317167 1.459409 -2.057113 3.047826 -2.198808 0.414242 0.125713 2.285866 -2.130382
evaluations raw_y rep iid sigma t d_norm d_mean ps_norm ps_mean pc_norm pc_mean ps_squared loglikelihood mhl_norm mhl_mean x0 x1 x2 x3 x4 x5 x6 x7 x8 x9 x10 x11 x12 x13 x14 x15 x16 x17 x18 x19 x20 x21 x22 x23 x24 x25 x26 x27 x28 x29 x30 x31 x32 x33 x34 x35 x36 x37 x38 x39
1 101.6233731928 3.0000000000 6.0000000000 1.1027346811 67.0000000000 5.6568360597 0.8912616087 7.4503576617 0.5090084827 6.7223939979 0.4285638535 55.5078292870 -810.8600263143 24.7630139087 6.3054113574 3.577257 0.873020 0.192995 -3.726985 -0.554776 -0.709518 -0.165483 -1.254001 -0.087636 -0.954436 -2.627730 1.769245 1.762636 3.419146 0.100067 -0.809355 -1.090720 -3.092955 1.964735 -2.202135 -2.370093 -0.411300 2.972297 0.473433 -2.047570 -1.425986 1.250490 -0.321027 -1.537673 -0.460061 1.490113 3.952222 -2.488247 -1.252834 -1.607532 -4.838166 -1.847584 -2.047752 2.247956 -0.263828
2 90.0876303922 3.0000000000 6.0000000000 1.1027346811 67.0000000000 5.6568360597 0.8912616087 7.4503576617 0.5090084827 6.7223939979 0.4285638535 55.5078292870 -810.8600263143 24.7630139087 6.3054113574 -3.246571 1.293351 -0.712542 -3.486282 -1.193299 -1.177189 -1.747765 0.059428 -4.496516 -0.535524 2.026367 1.705596 2.216375 2.238781 2.975086 -2.236601 1.691667 -3.721779 -1.205770 -3.828944 2.096295 2.667476 -0.394829 3.549290 -1.349455 0.301234 0.305891 -2.128391 0.875893 3.877957 -2.049862 1.798677 -0.309014 3.539255 0.967577 1.352433 1.286327 0.498173 -2.791527 2.783326
3 66.6909146478 3.0000000000 6.0000000000 1.1027346811 67.0000000000 5.6568360597 0.8912616087 7.4503576617 0.5090084827 6.7223939979 0.4285638535 55.5078292870 -810.8600263143 24.7630139087 6.3054113574 -2.741338 0.477126 1.228154 -1.675825 0.290126 2.335765 -0.048209 -1.777315 -5.000000 -1.943681 -1.182157 -1.032835 -1.919992 0.754590 -1.149417 -0.218909 1.358143 -1.710874 -0.600412 4.316299 1.748571 -2.587073 -0.159482 1.128971 2.466942 0.297973 -1.061164 -1.461053 1.290124 0.626121 -1.033296 -0.378143 -0.832396 1.449315 -1.379921 0.972829 1.703038 0.972499 -1.668480 2.689985
9 55.9181131596 3.0000000000 6.0000000000 1.1027346811 67.0000000000 5.6568360597 0.8912616087 7.4503576617 0.5090084827 6.7223939979 0.4285638535 55.5078292870 -810.8600263143 24.7630139087 6.3054113574 4.039301 0.652525 1.722715 1.838016 -2.648977 -4.563585 -0.659156 1.794299 0.182069 1.570864 1.873265 -2.984794 0.575367 3.932949 -1.141065 -4.058144 -0.463809 -0.929337 0.836762 -1.784813 0.181434 -4.434835 1.707927 3.173733 2.595755 -3.030431 0.638392 -5.000000 0.566372 -0.128720 -1.991588 0.687589 0.276029 1.879006 0.254617 0.470054 -3.890145 -2.319446 -0.951799 0.593689
13 55.7231975501 3.0000000000 6.0000000000 1.1027346811 67.0000000000 5.6568360597 0.8912616087 7.4503576617 0.5090084827 6.7223939979 0.4285638535 55.5078292870 -810.8600263143 24.7630139087 6.3054113574 -1.848587 1.762602 1.112886 1.493783 -0.696737 -3.622038 1.915793 2.452643 -2.966633 0.275832 2.386505 -2.151447 3.535366 -0.698065 -2.150780 2.743316 0.589064 -1.306276 1.759576 -3.911534 3.630613 -1.632500 0.571969 -0.797232 0.872464 1.775851 -1.647772 1.572726 -0.588066 -1.375719 -0.448087 -2.009217 -1.591335 1.898268 -0.301646 2.283066 0.863514 -2.051937 -3.795743 -1.374484
60 50.1763754666 3.0000000000 6.0000000000 1.8145946330 3.0000000000 6.2876450058 0.9940892006 5.2522527595 0.0269070830 4.6500953076 0.0210142688 27.5861590498 -1213.1885454841 24.8790886426 6.3517858083 1.053136 2.158257 -2.169929 -0.693425 4.378114 -4.413894 0.696856 0.636167 0.066366 -0.668469 4.693842 -5.000000 1.672919 -0.525427 -2.007102 -3.995041 1.369846 0.701839 2.188531 3.409110 5.000000 -1.821170 -2.101035 0.781518 1.390399 0.063962 2.057756 -0.496354 0.846403 0.415451 -0.661872 -2.358838 -0.005367 4.119189 -0.012556 -0.393994 -1.899488 -4.300521 0.000400 1.344585
120 42.2558758463 3.0000000000 6.0000000000 1.6602363179 7.0000000000 6.2436190815 0.9869702058 4.0352720088 0.1133740065 3.7415584010 0.1028180677 16.2834201850 -1179.9950978893 25.8543889888 6.6247211102 -1.883413 2.501245 0.082198 -0.860431 1.873408 -0.310435 2.203072 2.913352 -3.229025 -1.575802 0.987143 -0.531183 5.000000 -1.654694 1.894136 0.752873 0.804749 -0.219269 2.074580 -1.760201 1.081904 -0.255400 3.233901 3.163754 1.553405 1.974893 4.620153 -0.698728 -1.040914 -1.827132 -0.670561 -2.641924 0.486749 2.591605 -1.484380 1.718118 1.974986 -4.089522 -0.953007 2.022149
495 37.3258117160 3.0000000000 6.0000000000 1.1199013057 32.0000000000 5.9743410771 0.9434128658 6.0915481698 -0.0920686104 5.3177298902 -0.0900299173 37.1069591044 -845.8007301044 23.5259269946 6.0224663279 -3.521603 2.062444 -0.695187 1.213858 2.135109 -3.713823 -0.799062 0.562956 2.382068 -3.693342 3.651719 3.454913 1.724364 -1.792869 1.437679 2.000332 3.215751 0.156931 -0.792290 3.859055 -2.660454 -3.629352 2.874791 2.238045 1.357113 -4.322176 0.046895 -2.103324 -1.452095 -5.000000 -4.753479 -2.326693 1.102606 2.792499 -1.073468 3.457189 -1.156488 2.167428 0.336749 3.389463
581 36.8658560436 3.0000000000 6.0000000000 1.1984105676 38.0000000000 5.9217044561 0.9347041064 6.8512984950 0.0969056711 6.4961087789 0.0714670529 46.9402910673 -891.5496632362 24.1579065969 6.1608328106 -5.000000 2.280395 1.515567 -0.217771 2.847041 -1.591727 -3.384857 -0.212591 3.033460 -0.942562 5.000000 4.471608 -0.981584 1.157207 0.684157 2.743567 3.664219 2.334819 -2.310312 4.469801 -5.000000 -2.317287 3.994805 -2.113955 -0.647504 -4.213296 -2.036373 -0.188668 -1.807552 -1.737471 -3.348023 -2.383233 1.577782 4.656006 -2.706661 4.450216 -1.308644 2.367933 -2.094631 2.567596
1005 103.8255974115 3.0000000000 6.0000000000 1.0765331481 67.0000000000 5.6466542803 0.8895875221 5.8346591161 -0.0181317561 4.9611381549 -0.0343020824 34.0432470008 -823.7236499508 25.8513687751 6.5730631885 -3.291783 1.806766 -3.347697 -3.730176 0.096327 0.152070 2.962967 1.386333 -1.453777 -0.730031 -0.481118 3.374968 -3.747386 -0.804572 -1.933625 0.126401 2.424264 0.813722 4.350198 2.638558 0.122220 -2.548965 4.132747 -2.333422 -1.125526 -3.014236 -3.118080 -2.076492 2.136987 -5.000000 -2.653267 -3.741185 2.494236 4.772484 -2.736296 2.531826 -3.743814 -0.413946 -2.315058 1.019519
evaluations raw_y rep iid sigma t d_norm d_mean ps_norm ps_mean pc_norm pc_mean ps_squared loglikelihood mhl_norm mhl_mean x0 x1 x2 x3 x4 x5 x6 x7 x8 x9 x10 x11 x12 x13 x14 x15 x16 x17 x18 x19 x20 x21 x22 x23 x24 x25 x26 x27 x28 x29 x30 x31 x32 x33 x34 x35 x36 x37 x38 x39
1 91.7646153017 4.0000000000 6.0000000000 1.0765331481 67.0000000000 5.6466542803 0.8895875221 5.8346591161 -0.0181317561 4.9611381549 -0.0343020824 34.0432470008 -823.7236499508 25.8513687751 6.5730631885 0.101123 0.999903 -1.991818 1.387197 -0.836603 -3.169154 -1.295414 1.197150 0.664500 -2.294953 1.237339 -0.175974 0.850145 0.664506 -2.313633 0.701994 -1.213775 3.093959 1.446683 0.092271 -1.965983 0.108865 0.319786 -2.417896 4.446720 0.788590 3.384715 -2.225624 3.271495 -2.721931 -1.302452 1.084903 0.096012 -4.716147 -2.211168 1.675673 4.175742 1.829682 -0.552407 1.593024
3 84.7588549103 4.0000000000 6.0000000000 1.0765331481 67.0000000000 5.6466542803 0.8895875221 5.8346591161 -0.0181317561 4.9611381549 -0.0343020824 34.0432470008 -823.7236499508 25.8513687751 6.5730631885 -2.194244 -1.056392 -4.759551 -1.215367 -2.150580 4.044810 -1.129751 -3.085858 1.741684 -0.350421 0.097206 0.377292 0.418627 -0.748890 1.909397 1.046495 -0.991637 -0.342929 -1.888737 0.561729 1.476494 1.301506 1.229481 -0.253137 3.157748 -0.414363 0.060134 -0.672360 0.162528 -0.481048 4.064359 0.851693 -3.365930 -0.867773 -2.832455 1.759798 2.749186 -0.902086 1.227065 -0.420313
4 77.2969738105 4.0000000000 6.0000000000 1.0765331481 67.0000000000 5.6466542803 0.8895875221 5.8346591161 -0.0181317561 4.9611381549 -0.0343020824 34.0432470008 -823.7236499508 25.8513687751 6.5730631885 0.816116 3.464797 -0.698896 -2.466274 1.436549 1.033119 1.347603 2.052910 -1.362297 -3.932029 2.081813 -0.817301 -2.414801 -2.336581 2.256747 0.361667 0.605804 1.700774 -1.353802 -2.250229 -1.705903 -2.209149 -0.582192 -1.781951 0.077270 -0.961698 -0.159959 1.299581 2.802554 3.111876 0.229844 0.424741 -1.016760 2.011964 3.063582 -1.187204 1.528211 -0.659133 -0.342230 0.368570
7 56.6759227891 4.0000000000 6.0000000000 1.0765331481 67.0000000000 5.6466542803 0.8895875221 5.8346591161 -0.0181317561 4.9611381549 -0.0343020824 34.0432470008 -823.7236499508 25.8513687751 6.5730631885 1.314928 -0.067931 -0.800786 1.298629 2.756839 -3.859591 0.467747 -0.600931 -1.488459 -0.682512 0.269034 3.739131 0.114114 -0.859534 -2.454380 1.547999 -1.503742 -0.227490 1.426174 0.104741 -0.772457 -0.345440 1.796698 -0.039272 0.485346 0.845697 -0.669079 0.655878 -0.553618 2.267687 1.003621 -3.460676 -0.414708 2.218349 -0.425732 -0.845035 1.987368 -2.165252 0.130070 1.180326
19 55.3509839172 4.0000000000 6.0000000000 1.8633291194 1.0000000000 6.3073591972 0.9972638576 2.4707876612 0.0511597607 2.0953210922 0.0433854059 6.1047916667 -1271.8833548912 26.4784977535 6.7187600406 -1.300021 -1.774982 1.566745 2.584646 1.172646 -0.183729 2.200322 2.999639 0.822972 0.636202 0.070303 2.434821 -1.798655 1.205805 -0.697788 1.500256 -0.930493 0.328643 -0.759760 -0.287323 -0.734201 4.573756 -2.679412 -1.775055 0.048763 1.469150 1.370433 -2.243589 -0.693681 0.120547 2.270986 -0.023974 0.832520 -1.532916 -1.154684 2.130750 0.808025 1.164901 -1.052270 0.855840
40 43.3621804682 4.0000000000 6.0000000000 1.7488132178 2.0000000000 6.2945106186 0.9952199109 2.8671501735 0.0495241685 2.4725017755 0.0438734447 8.2205501175 -1219.2011128258 25.9410883371 6.6232214987 4.820477 0.920678 -0.028300 -0.320747 1.675243 -1.653683 1.381210 1.267687 2.506198 -0.531552 4.733623 1.828406 0.679094 0.908103 -3.141100 3.839757 -0.066821 -1.679201 1.370661 -1.564295 -1.994490 1.728521 1.078843 -2.649612 2.029099 -0.374568 -2.148980 -1.411883 -1.842284 -0.180872 -1.689454 -3.495366 4.410240 -0.071570 3.241781 2.421275 0.563675 1.273443 -0.427305 0.685753
107 39.4058037128 4.0000000000 6.0000000000 1.4841725133 7.0000000000 6.2341021333 0.9855532063 4.4424867496 -0.1174625705 3.9680248705 -0.1012451105 19.7356885202 -1099.3024380682 25.4877134146 6.4950568664 3.272893 -4.331955 -0.815247 3.091617 0.960809 -2.452129 0.961638 -3.485600 2.139325 -1.540857 1.189561 -1.758168 -2.821110 -1.259652 0.034586 1.262425 2.630250 -0.980523 0.679783 -0.820423 -1.300713 1.638873 4.802659 -0.254376 1.740167 -0.273342 0.800200 -1.558095 -1.929664 -2.195865 0.585658 -1.895640 -0.973902 -2.161187 -0.289189 1.571208 -0.188808 -1.650757 -0.515547 -1.155235
425 36.7477516082 4.0000000000 6.0000000000 1.0731070193 28.0000000000 5.9996583118 0.9475347182 4.8002641804 -0.0634164200 4.5021382845 -0.0479645107 23.0425362018 -842.3899525019 24.3258235290 6.1930696858 1.144685 -5.000000 0.595709 -3.097711 3.868550 0.528307 -0.817907 -5.000000 -1.466767 3.971194 -1.099559 0.174620 -1.467232 -3.485819 4.152761 1.034364 1.355118 0.048579 4.686978 -4.047412 -2.047779 -1.333424 2.324804 0.893431 -1.353437 3.705414 -2.087129 -3.562801 0.805283 -3.331445 3.542153 -1.660862 2.978489 -4.400178 0.966818 0.229792 1.908011 3.157524 -0.552802 0.543904
1005 81.3914294836 4.0000000000 6.0000000000 0.6235310610 67.0000000000 5.5890613728 0.8812219692 6.3172244253 0.1617978858 5.4458648316 0.1299332365 39.9073244397 -460.1256084933 24.7696977235 6.2944481399 1.721161 -4.668921 1.098149 -5.000000 1.860723 0.657713 3.998946 0.533288 0.968985 1.085932 -2.687479 -1.710636 -2.273152 -3.523000 3.839599 1.429438 -1.863230 -1.158265 2.145098 0.387911 0.674545 -1.314936 3.388848 3.249355 2.433707 4.276581 0.074552 -4.644293 3.406397 -1.251338 -0.053182 1.157959 3.257618 -5.000000 0.732688 -0.857308 0.707013 2.940464 -3.936294 0.995518
evaluations raw_y rep iid sigma t d_norm d_mean ps_norm ps_mean pc_norm pc_mean ps_squared loglikelihood mhl_norm mhl_mean x0 x1 x2 x3 x4 x5 x6 x7 x8 x9 x10 x11 x12 x13 x14 x15 x16 x17 x18 x19 x20 x21 x22 x23 x24 x25 x26 x27 x28 x29 x30 x31 x32 x33 x34 x35 x36 x37 x38 x39
1 57.4082980978 5.0000000000 6.0000000000 0.6235310610 67.0000000000 5.5890613728 0.8812219692 6.3172244253 0.1617978858 5.4458648316 0.1299332365 39.9073244397 -460.1256084933 24.7696977235 6.2944481399 0.882455 -0.661740 4.861542 -0.504184 0.219220 3.164962 -1.818465 -1.183273 0.375206 -0.659740 -2.385529 -0.409753 -0.717658 1.206943 -3.329577 -1.400358 2.302782 3.714662 -3.022359 1.289695 -1.961216 -1.713706 -1.743758 -0.845016 1.992880 1.424843 0.118288 -0.726622 0.006578 -0.211861 1.586107 -1.263143 -0.012390 -0.202135 -0.104616 0.498435 0.395320 2.669697 -0.173751 3.123065
57 36.3401220525 5.0000000000 6.0000000000 1.7701817821 3.0000000000 6.2858695571 0.9938004087 4.8840460851 0.0347858972 4.3223286363 0.0353604216 23.8539061614 -1203.1510160721 25.0897171512 6.4078574132 -1.310065 -0.690045 0.995700 0.265588 2.097089 1.790989 -2.875088 0.099505 1.192214 -1.053110 -2.021558 -3.671874 -1.202387 -0.319140 -2.683410 -2.881301 -0.155655 0.473987 0.906450 -0.134649 0.543214 -1.049805 1.288441 -0.369402 5.000000 0.575833 3.488176 -0.872986 0.993874 -2.924677 0.043291 -4.058407 2.424659 0.264112 2.351267 2.527852 -3.160467 3.394714 -3.230671 -2.375417
1005 97.9735328419 5.0000000000 6.0000000000 0.7269670144 67.0000000000 5.6185413847 0.8856742825 5.1872421982 0.2823707272 4.8487984171 0.2508380974 26.9074816230 -563.5476906324 25.0871648482 6.4206343586 -0.525085 -1.110456 1.483500 2.165395 -1.761338 0.049272 -3.053481 -2.345119 2.655731 -3.490584 4.937145 2.236386 3.280547 -1.510812 -3.944007 2.301003 1.269463 -0.088224 -1.315670 -3.246421 -2.912812 1.541923 4.703237 2.149804 1.977100 -2.620557 1.737388 -5.000000 3.103925 2.040255 -2.197569 -0.603046 -1.017876 1.641334 1.120269 1.533224 3.441916 3.054166 -3.518226 -4.452017
evaluations raw_y rep iid sigma t d_norm d_mean ps_norm ps_mean pc_norm pc_mean ps_squared loglikelihood mhl_norm mhl_mean x0 x1 x2 x3 x4 x5 x6 x7 x8 x9 x10 x11 x12 x13 x14 x15 x16 x17 x18 x19 x20 x21 x22 x23 x24 x25 x26 x27 x28 x29 x30 x31 x32 x33 x34 x35 x36 x37 x38 x39
1 75.9059121308 6.0000000000 6.0000000000 0.7269670144 67.0000000000 5.6185413847 0.8856742825 5.1872421982 0.2823707272 4.8487984171 0.2508380974 26.9074816230 -563.5476906324 25.0871648482 6.4206343586 -0.623567 1.458008 0.435642 -1.798184 -4.973561 1.826503 2.254127 -3.028186 3.278582 -0.859787 5.000000 1.203644 -0.671763 2.475476 0.222256 0.258302 0.152255 -0.310256 1.268451 1.621310 0.709617 3.625181 -2.712952 -0.927264 1.649308 -2.352863 3.128979 1.425410 -0.362013 1.068399 -1.173226 -2.963707 1.714495 1.886198 0.228883 -0.043913 -4.254289 -1.668815 -0.931017 0.467421
11 60.1659342812 6.0000000000 6.0000000000 0.7269670144 67.0000000000 5.6185413847 0.8856742825 5.1872421982 0.2823707272 4.8487984171 0.2508380974 26.9074816230 -563.5476906324 25.0871648482 6.4206343586 0.010551 -0.072376 2.774371 -2.146451 -2.294654 0.801691 2.149370 -1.977821 -2.139033 -0.405902 1.096189 -1.583713 1.855086 4.166901 -0.288493 -1.149165 4.263676 -2.743119 2.172700 1.955333 -3.117133 1.250663 2.796970 -0.930413 -4.746944 -1.700883 3.708740 -2.206104 1.888882 -2.678349 -1.127542 -1.649187 -0.362127 0.853346 -0.003064 -1.847535 -0.262056 -0.446173 -0.885952 -1.226185
40 54.8818761463 6.0000000000 6.0000000000 1.8107465682 2.0000000000 6.2992379912 0.9959515252 4.0166451563 0.0081310649 3.4951693834 0.0060146134 16.1334383112 -1200.4547025458 24.3467635040 6.2218803314 2.423357 -0.926231 -0.207906 -3.819555 -2.773757 0.024129 3.193273 2.661277 2.947782 0.209595 4.621202 -0.677210 1.970818 3.042761 0.472888 -3.962620 1.581348 -1.977567 -0.498435 4.185973 1.114229 0.438440 0.912029 0.982915 -3.166509 0.236951 2.989559 1.739960 -1.139620 -2.148286 -0.726276 2.542399 -0.797872 0.116064 -1.443146 -0.448992 -2.683001 3.779501 3.098509 -1.559186
94 51.7084485523 6.0000000000 6.0000000000 1.5918800405 6.0000000000 6.2502505017 0.9881142156 4.9586685604 0.2030430112 4.5195816003 0.1725945561 24.5883938923 -1136.2420393043 25.1553099476 6.4277665004 5.000000 -0.925719 2.007670 -1.725899 -2.719126 -0.096852 1.434877 3.964866 3.864033 1.530477 4.664527 2.667501 2.256101 3.179975 -0.152952 -2.249005 -2.446954 0.405291 0.639193 2.720935 -0.241034 -0.426591 0.972794 0.861116 -1.718553 0.204218 2.738286 -0.274815 -2.344105 -0.688499 1.246492 1.812033 0.414742 4.322429 -0.871905 -2.361849 -0.895500 1.162510 2.943234 -0.930618
134 50.3138272327 6.0000000000 6.0000000000 1.5395225482 8.0000000000 6.2263152580 0.9842733651 5.4373459011 0.1853015851 5.0081439096 0.1727853253 29.5647304480 -1126.3213905397 25.7214311952 6.5385128230 3.804636 1.645005 0.377199 -2.227451 -5.000000 0.611359 0.038445 4.995969 1.229714 2.498541 5.000000 2.662541 1.674620 0.690106 -1.076096 -1.494381 -2.790492 -3.697057 0.594097 4.058967 0.689084 -1.439975 1.055465 -1.922904 -2.639788 0.506472 1.671045 1.066463 -0.088818 0.241618 -2.293453 2.661167 -1.505898 3.437130 -0.725311 -5.000000 -0.689288 -1.341415 2.786198 -0.377704
310 45.6406933630 6.0000000000 6.0000000000 1.3048856358 20.0000000000 6.1055179087 0.9646844970 5.3265239806 0.1052710416 5.0123836677 0.1187361630 28.3718577155 -998.3606263500 25.2898548621 6.4243768284 -0.604887 -2.158858 3.053761 -0.556613 -4.726155 2.154349 2.797575 2.071778 5.000000 0.346027 0.648451 0.672286 2.139852 3.636517 -1.718350 -4.176711 -0.195191 -3.881191 1.744032 2.898574 1.970670 -2.516121 4.328796 -2.785725 -1.237909 2.082208 1.954271 2.166570 -2.432530 2.023738 1.131378 2.605952 -1.630560 4.394601 -2.075766 -3.688451 -0.988019 2.090092 3.785313 0.036783
355 39.7464661400 6.0000000000 6.0000000000 1.2387072148 23.0000000000 6.0701718299 0.9589887932 5.5529799825 0.0568367516 5.0585620000 0.0683972070 30.8355866862 -960.9542776552 25.3317832446 6.4964425487 -1.898127 -2.060961 1.129994 0.808358 -1.490215 3.218459 1.100204 4.229028 2.160361 0.939385 0.691784 -0.471610 2.301644 2.252959 -1.854669 -3.114231 -1.099320 -2.354277 -0.990523 3.899601 5.000000 -2.518644 2.734832 -0.426055 0.792706 1.729625 1.669885 2.332978 -1.573967 0.184716 -0.661392 2.391766 -2.818881 1.818920 -2.682604 -3.818942 0.884215 2.135625 3.704028 -1.390416
971 35.8824643883 6.0000000000 6.0000000000 0.7356908851 64.0000000000 5.6493517751 0.8908113301 5.8441846131 0.2695758528 5.0732901289 0.1856304937 34.1544937916 -584.9217988970 25.4361787080 6.5131990401 3.111904 -1.898873 1.898349 2.782671 -1.241488 2.342896 3.685197 0.652566 0.928648 3.493954 0.001375 -2.452935 -3.076012 1.819523 -0.854459 -3.949767 0.408891 -3.904940 3.595630 1.029783 4.353331 -2.331513 1.499151 -2.602840 -0.472555 4.080356 -1.530915 0.475445 -1.174342 3.512047 -3.346232 1.757101 -3.231427 -0.575770 -3.852605 -1.547951 -1.913761 0.577726 3.401649 1.425225
1005 90.0179585641 6.0000000000 6.0000000000 0.6971845076 67.0000000000 5.6204874504 0.8860983886 5.3523198651 0.1076159437 4.5574949190 0.0771197090 28.6473279389 -570.6440924256 26.3652555930 6.7640063104 2.880010 -3.864493 3.178819 3.945761 -1.441216 3.096504 2.836336 0.837716 -0.607190 4.722530 0.166005 -3.500294 -1.944843 2.349930 -1.384992 -3.682958 0.945747 -5.000000 4.724383 1.410616 3.615185 -1.272260 2.563728 -1.580974 -0.659054 4.415204 -1.112767 1.223661 -0.877033 4.043791 -3.813645 0.878752 -2.798260 -2.143122 -3.834500 -2.386614 -1.875429 0.452388 2.405810 1.266797
evaluations raw_y rep iid sigma t d_norm d_mean ps_norm ps_mean pc_norm pc_mean ps_squared loglikelihood mhl_norm mhl_mean x0 x1 x2 x3 x4 x5 x6 x7 x8 x9 x10 x11 x12 x13 x14 x15 x16 x17 x18 x19 x20 x21 x22 x23 x24 x25 x26 x27 x28 x29 x30 x31 x32 x33 x34 x35 x36 x37 x38 x39
1 71.4485294165 7.0000000000 6.0000000000 0.6971845076 67.0000000000 5.6204874504 0.8860983886 5.3523198651 0.1076159437 4.5574949190 0.0771197090 28.6473279389 -570.6440924256 26.3652555930 6.7640063104 3.381051 -0.931875 0.065640 0.815033 -1.577846 0.004131 -0.001781 -3.509449 2.035316 1.200997 -1.250858 -0.343097 1.010599 -0.522713 -0.485498 -2.906483 1.109161 0.247762 0.548920 -3.053049 3.301399 0.308671 -0.774280 4.058144 -0.090772 -2.901357 -0.810456 -4.576630 2.098793 -0.832949 -1.485107 2.144940 -3.302151 1.070859 -4.128830 -1.324319 -2.408440 2.923951 3.532322 -0.658828
3 53.1246258584 7.0000000000 6.0000000000 0.6971845076 67.0000000000 5.6204874504 0.8860983886 5.3523198651 0.1076159437 4.5574949190 0.0771197090 28.6473279389 -570.6440924256 26.3652555930 6.7640063104 1.309411 1.788705 0.831005 -1.847089 -0.392055 -1.181540 -0.599422 2.593770 3.059159 1.338836 1.097490 1.353258 -0.024484 -0.151327 -1.347290 -0.111735 4.519894 1.738079 -0.684234 -0.943853 -1.728980 0.748741 0.783091 -2.886243 0.972670 -1.138945 2.853442 0.313688 3.435460 -0.916254 -0.575968 0.599617 2.111897 1.131765 -2.467048 0.365801 0.044489 -0.858137 -1.296211 3.495154
5 49.2867473948 7.0000000000 6.0000000000 0.6971845076 67.0000000000 5.6204874504 0.8860983886 5.3523198651 0.1076159437 4.5574949190 0.0771197090 28.6473279389 -570.6440924256 26.3652555930 6.7640063104 -1.858648 0.823594 3.720111 -2.994547 0.952675 2.224581 -1.393182 1.165941 -2.141785 -1.624417 -1.634160 0.384615 -0.181963 1.908230 -1.880558 -0.262551 1.922153 1.121554 -2.649283 1.330407 -0.956836 0.770773 0.601361 2.438638 0.233120 -3.707612 -2.739719 1.462309 -0.516633 2.275958 0.546878 -1.498131 2.164814 -1.614795 -4.105271 4.127591 -3.821498 1.272826 1.877704 0.294132
6 46.7623168252 7.0000000000 6.0000000000 0.6971845076 67.0000000000 5.6204874504 0.8860983886 5.3523198651 0.1076159437 4.5574949190 0.0771197090 28.6473279389 -570.6440924256 26.3652555930 6.7640063104 -3.366794 2.030030 -2.883087 -2.687257 -0.723337 1.577009 0.600228 1.621537 -0.887288 -0.344367 -2.274274 -0.633731 1.186256 -0.599656 0.950919 -1.146549 -1.184783 0.078337 -0.389763 1.184770 0.356580 3.480693 -0.438989 -0.454505 -2.080262 0.045556 1.365658 -1.480591 -0.099345 1.437114 -0.253818 -1.038275 1.946186 0.194039 0.793129 2.342787 2.290632 -0.694408 -1.050859 0.568618
90 44.5043978174 7.0000000000 6.0000000000 1.6903097206 5.0000000000 6.2631460547 0.9901607897 5.3532484818 0.0290773470 4.8494692919 0.0268536804 28.6572693078 -1169.7775357982 24.9989800019 6.3630494452 0.583724 3.948297 -0.869334 -4.238368 -0.869602 1.046287 -2.072088 5.000000 -3.174086 -0.447923 -2.104766 -4.327804 0.574569 -0.064024 -2.619289 0.345409 1.856336 2.063227 0.467352 1.541543 -0.501760 -0.358380 0.723790 1.703247 -0.240423 -0.069883 -0.570632 -0.277761 1.023924 4.350701 0.936457 -3.762909 3.209744 2.869122 -2.478408 1.617787 -1.874472 0.661759 -1.675851 0.870859
384 34.0830015613 7.0000000000 6.0000000000 1.0751465985 25.0000000000 6.0457330911 0.9551603553 5.6647952204 0.0856677004 5.1837829864 0.0527774973 32.0899048892 -859.4084671486 24.7488782782 6.3217443154 -4.367153 5.000000 -1.082460 -1.917875 -0.328172 -1.756260 3.660593 5.000000 -5.000000 -1.164228 -3.673761 -3.868699 -0.943286 -2.386944 -4.752376 1.190562 -3.354111 -2.545173 0.916436 5.000000 0.634181 -1.309298 1.260489 0.870326 -1.381708 -0.078744 1.973584 -2.395790 0.690036 4.912840 2.751654 -1.287246 2.017724 4.302451 -2.293618 3.365121 -1.349460 2.447695 5.000000 -0.446208
1005 66.3338107543 7.0000000000 6.0000000000 0.8513466701 67.0000000000 5.6388910759 0.8883521259 5.7892769761 0.0255905301 5.2064480886 0.0065193430 33.5157279056 -618.3937899444 22.9916382528 5.8946250646 2.133551 2.756276 0.312859 -1.958410 1.095116 3.674067 -0.451167 2.398355 -3.672556 -3.463399 -2.549986 -3.742126 3.325893 -3.368424 -4.752438 1.314722 -4.299635 -2.132786 -0.182767 5.000000 1.243956 -1.909082 1.030359 2.377895 -3.200810 1.616780 -3.947149 -1.162834 1.224378 3.313623 3.580812 -0.423594 1.691106 4.724667 -4.210461 2.776599 3.840030 -0.047048 -1.716207 0.710831
evaluations raw_y rep iid sigma t d_norm d_mean ps_norm ps_mean pc_norm pc_mean ps_squared loglikelihood mhl_norm mhl_mean x0 x1 x2 x3 x4 x5 x6 x7 x8 x9 x10 x11 x12 x13 x14 x15 x16 x17 x18 x19 x20 x21 x22 x23 x24 x25 x26 x27 x28 x29 x30 x31 x32 x33 x34 x35 x36 x37 x38 x39
1 79.9654621238 8.0000000000 6.0000000000 0.8513466701 67.0000000000 5.6388910759 0.8883521259 5.7892769761 0.0255905301 5.2064480886 0.0065193430 33.5157279056 -618.3937899444 22.9916382528 5.8946250646 0.182409 2.182565 -3.893941 -2.772699 -4.592983 4.819669 3.455672 4.409113 1.589655 1.952842 -2.366854 3.832727 -2.246654 -1.328071 -0.756717 -1.583231 1.719096 -0.461578 -0.131322 -0.417272 2.693737 -1.213906 -0.348496 0.848103 -3.291980 -0.967082 1.070937 2.332281 0.323366 -1.345668 2.885048 -0.442961 0.062529 0.363859 -0.125857 -1.083137 0.949037 -2.329182 -1.001819 -0.817122
3 78.0372683757 8.0000000000 6.0000000000 0.8513466701 67.0000000000 5.6388910759 0.8883521259 5.7892769761 0.0255905301 5.2064480886 0.0065193430 33.5157279056 -618.3937899444 22.9916382528 5.8946250646 0.713026 -1.904321 0.303856 0.001270 0.670046 0.749599 1.427632 -2.401627 0.002762 -1.842920 0.992456 -2.663333 -4.381141 -0.872144 5.000000 2.300163 0.168891 4.972496 -0.388711 -0.372427 1.707726 0.614757 -0.144484 -0.937695 -0.130878 2.105222 -2.619266 -1.337453 2.682748 5.000000 -3.681097 0.810082 3.264601 -0.445478 -1.155598 2.484352 -1.106942 -1.445379 -1.143099 -2.780006
5 70.4493928050 8.0000000000 6.0000000000 0.8513466701 67.0000000000 5.6388910759 0.8883521259 5.7892769761 0.0255905301 5.2064480886 0.0065193430 33.5157279056 -618.3937899444 22.9916382528 5.8946250646 -1.770337 -1.888053 1.469147 5.000000 1.223516 1.315321 0.092092 1.540525 1.186105 -1.866887 0.750866 1.839582 -1.428275 0.749012 2.514398 1.952207 -0.044436 4.131873 2.063813 -0.498669 -3.938112 -0.653937 0.267878 -0.762379 0.049650 3.276221 1.639366 2.692990 -2.749530 0.019262 2.662867 -1.655156 3.869885 -2.549785 -1.313775 3.026456 -4.368461 1.597821 -2.549177 -2.345887
9 68.3098525800 8.0000000000 6.0000000000 0.8513466701 67.0000000000 5.6388910759 0.8883521259 5.7892769761 0.0255905301 5.2064480886 0.0065193430 33.5157279056 -618.3937899444 22.9916382528 5.8946250646 -0.292134 2.171610 -2.590029 -1.266494 1.003804 0.340632 4.093059 0.140303 -0.106244 0.707890 -2.987897 3.005386 -0.623129 1.296434 -1.625393 -2.719775 -0.146699 -0.452170 1.080819 -1.025205 4.970943 0.293819 -2.287627 -0.117272 2.775989 0.302454 -1.950504 -1.045554 1.526519 2.953760 -1.522631 2.854234 -1.505575 4.071934 -0.496979 -2.513253 -0.568525 -0.103187 1.482608 2.108962
12 67.6898784545 8.0000000000 6.0000000000 0.8513466701 67.0000000000 5.6388910759 0.8883521259 5.7892769761 0.0255905301 5.2064480886 0.0065193430 33.5157279056 -618.3937899444 22.9916382528 5.8946250646 -1.064628 4.612869 3.312736 0.037855 -1.064800 1.901758 -4.432900 2.969760 -1.185081 -1.730859 0.170846 -1.265133 -1.462672 1.775886 -0.099219 -1.562404 0.762535 1.179385 1.581824 -0.583994 -1.540787 2.260379 -0.274308 1.745205 -2.886271 -2.129148 0.395629 0.635027 1.221329 2.434776 2.830046 -0.709829 0.090676 1.685354 0.532688 0.222261 4.184817 2.584190 -3.503070 -1.126183
17 54.7462990383 8.0000000000 6.0000000000 1.8752333580 1.0000000000 6.3118744231 0.9979712447 2.8139757824 0.1430596830 2.3863575582 0.1213200050 7.9184597041 -1309.0228982423 27.6386657847 7.0829069532 -1.234601 3.375245 2.787438 0.453773 -2.521104 2.574286 1.704472 2.729865 -2.431974 -1.721222 0.297203 -1.286497 -0.144888 -0.841491 -3.276168 -0.106742 1.368366 -2.969571 3.249124 -0.482905 1.091905 -2.399442 0.266545 0.583097 -0.818941 0.576998 -2.316036 2.431907 3.265838 2.425557 1.098021 2.688048 -0.079544 -0.882744 3.154688 -0.390941 1.150961 -2.030423 -0.955679 2.536932
31 54.2632327734 8.0000000000 6.0000000000 1.7976265079 2.0000000000 6.2992908129 0.9959613821 4.0075275507 0.1226174059 3.4484612754 0.1088801024 16.0602770698 -1232.9537457112 25.7988746128 6.5966616357 -3.198966 4.492638 2.010350 -1.182823 0.159437 1.979146 -4.576578 4.146261 -0.248593 0.054099 1.865097 1.447949 -3.390681 2.053859 -3.989610 0.333362 1.463653 0.215558 1.901798 -0.316611 0.614045 -2.099106 2.942123 -0.887721 2.743197 1.902658 -0.577824 3.287808 1.018026 -0.682450 3.764131 2.103333 -1.925421 -1.088767 1.498753 0.554819 0.721378 -0.481691 -1.408229 -1.315994
43 49.4640256772 8.0000000000 6.0000000000 1.7976265079 2.0000000000 6.2992908129 0.9959613821 4.0075275507 0.1226174059 3.4484612754 0.1088801024 16.0602770698 -1232.9537457112 25.7988746128 6.5966616357 0.517141 4.500710 2.118565 -3.861660 -0.139424 2.767668 2.856757 4.639849 -5.000000 -2.957525 0.726799 -0.017421 -0.920318 -0.722942 0.337870 1.041200 3.661059 -2.961758 1.110121 2.823553 1.392934 -1.626823 0.621502 0.039965 0.741423 -0.670260 -3.229085 3.024752 1.344729 -0.010659 3.725472 0.621402 0.969565 1.604692 -0.226756 0.994896 -1.200065 -3.695258 -1.316517 1.853553
55 44.4859812332 8.0000000000 6.0000000000 1.7674901430 3.0000000000 6.2888623311 0.9942879267 5.3741251128 0.1430830266 4.6702587397 0.1294583129 28.8812207284 -1218.9993820174 25.6957450412 6.5584445233 -1.929042 2.452782 -0.984108 -3.797790 -1.552213 2.554316 1.070038 1.953134 -1.156056 0.352959 -0.805275 -0.434769 -3.508070 0.265948 0.463215 1.411098 -0.504968 0.356225 0.181679 0.868033 0.515265 -1.244367 0.349593 -1.939831 1.793428 1.840840 1.302658 -1.685595 -3.578563 0.712771 1.420504 1.851663 1.191385 -0.501096 0.899730 1.381428 2.024342 3.593442 -0.047094 -0.099023
582 38.7015499447 8.0000000000 6.0000000000 0.9402012051 38.0000000000 5.9012519682 0.9315820054 5.8400190959 0.0188322882 5.1312214201 0.0011615504 34.1058230405 -770.9330541774 25.4792783546 6.5154642485 -3.607485 0.483994 1.613181 -2.291243 0.151484 4.097092 1.209902 -0.180155 -3.140823 -4.015969 -2.360333 4.182804 -3.853981 -2.505808 -0.240493 -0.655026 3.682601 2.240253 -0.866224 0.712363 1.476490 -1.086599 0.402268 -2.402268 -0.801889 4.367877 4.665660 -3.350112 1.124458 1.897517 3.494910 -0.390521 0.630628 2.328680 -0.017046 3.131278 1.702132 4.802302 -1.952846 -0.793012
1005 107.5327098273 8.0000000000 6.0000000000 0.7488592938 67.0000000000 5.6130226547 0.8846557309 5.7608600484 0.0898577081 5.1828647104 0.1055155624 33.1875084978 -605.9094957039 26.1334514432 6.6703319625 -0.522812 2.318584 -1.144268 -1.976328 -0.887396 3.481743 -0.050423 0.258581 -3.528623 -0.846955 0.926861 2.728290 -0.669920 -0.653976 -1.436456 0.395281 3.219831 0.988411 1.295729 1.203243 0.308860 -1.600411 2.455593 -1.019138 0.784590 2.788430 0.648578 -3.899052 1.210223 0.914642 5.000000 -0.259815 -2.081710 0.465838 1.624836 3.238674 2.162577 1.299218 0.182763 0.877627
evaluations raw_y rep iid sigma t d_norm d_mean ps_norm ps_mean pc_norm pc_mean ps_squared loglikelihood mhl_norm mhl_mean x0 x1 x2 x3 x4 x5 x6 x7 x8 x9 x10 x11 x12 x13 x14 x15 x16 x17 x18 x19 x20 x21 x22 x23 x24 x25 x26 x27 x28 x29 x30 x31 x32 x33 x34 x35 x36 x37 x38 x39
1 86.1213763961 9.0000000000 6.0000000000 0.7488592938 67.0000000000 5.6130226547 0.8846557309 5.7608600484 0.0898577081 5.1828647104 0.1055155624 33.1875084978 -605.9094957039 26.1334514432 6.6703319625 0.002217 -0.579088 -2.232133 -0.025766 -0.756723 -0.962271 -3.034662 -0.981744 -0.481361 -1.295895 1.271782 3.480235 0.593364 1.415007 3.645632 0.861538 3.085459 -1.801442 -0.274250 2.595158 1.350542 0.063916 1.836292 0.761019 1.032735 -0.710479 0.417554 0.656822 -0.996450 -4.183554 -0.165175 4.910365 -5.000000 -1.826559 -0.454629 0.538631 2.260923 2.084795 2.607621 2.778801
4 72.0505992032 9.0000000000 6.0000000000 0.7488592938 67.0000000000 5.6130226547 0.8846557309 5.7608600484 0.0898577081 5.1828647104 0.1055155624 33.1875084978 -605.9094957039 26.1334514432 6.6703319625 -0.803530 3.880641 -2.488809 1.878620 -0.481616 0.541614 -2.191079 4.802686 -0.559819 4.061602 -0.163879 -2.437253 -1.613741 2.636084 -1.157277 0.164105 2.791821 2.163759 -2.033122 -0.583997 3.118716 -1.092600 1.921181 0.422421 -2.490743 0.609090 -1.196761 0.246132 -1.581674 1.287788 -0.119301 1.826493 -2.181155 -0.349701 2.130558 2.474460 2.039592 1.721375 -1.464868 0.880450
6 66.9942036516 9.0000000000 6.0000000000 0.7488592938 67.0000000000 5.6130226547 0.8846557309 5.7608600484 0.0898577081 5.1828647104 0.1055155624 33.1875084978 -605.9094957039 26.1334514432 6.6703319625 -2.369883 -2.061504 -1.829770 -1.648415 -1.474661 1.715128 1.894374 2.393944 3.796168 1.049579 -0.281159 -2.582964 -0.949035 -0.012131 2.616396 -1.303120 3.205260 3.129056 -0.516128 -0.718442 0.019586 -1.579861 -2.207602 -1.127539 0.962697 -4.568104 1.386537 3.249027 2.460465 3.298210 -2.971866 -2.153784 3.169161 0.776121 2.550947 0.421941 1.239671 -2.004592 -1.065222 1.872055
17 58.1744827462 9.0000000000 6.0000000000 1.8875956372 1.0000000000 6.3117698866 0.9979542898 3.1680704845 0.0862841971 2.6866432159 0.0731722523 10.0366705946 -1307.2966180893 27.4267876354 7.0065872967 -0.579397 2.455632 2.405786 -0.941748 -0.019788 4.188235 -2.076052 -0.116148 0.723609 3.348847 0.708325 -0.211960 -2.685885 2.855326 2.179132 -1.531787 2.583623 2.677803 3.784988 -0.370189 -0.294929 2.389163 4.522769 3.131903 -1.219022 -1.347886 4.055463 1.328467 -1.567903 0.758851 -1.607685 2.412332 2.179377 -0.282355 -0.616932 1.724490 4.770977 -1.395037 -1.363773 1.179576
24 36.5113196281 9.0000000000 6.0000000000 1.8875956372 1.0000000000 6.3117698866 0.9979542898 3.1680704845 0.0862841971 2.6866432159 0.0731722523 10.0366705946 -1307.2966180893 27.4267876354 7.0065872967 2.746501 1.773880 0.673809 -0.773819 -2.470487 3.402268 2.545229 3.564125 1.869924 2.354626 0.646295 -4.873171 0.681418 2.431818 1.108704 -2.659903 3.920567 2.703708 1.707339 -2.407470 -2.502505 -2.532742 1.538848 0.851142 2.627876 -3.807666 0.649482 2.582427 0.536789 -0.389487 0.738821 -1.561768 -1.586920 3.199948 -2.620905 0.051212 1.293840 -0.604071 -2.263054 -0.367192
1005 91.7156825859 9.0000000000 6.0000000000 1.0331797085 67.0000000000 5.6430294964 0.8894661631 5.9957245395 0.1561542324 5.3196529959 0.1586740539 35.9487127533 -758.2663600666 24.2386488745 6.2076669326 -1.235100 3.931993 2.863877 5.000000 -3.334330 5.000000 0.620080 5.000000 2.537586 -0.134952 4.885105 1.372232 -2.142197 -3.303790 -4.967884 -2.656109 4.645445 -3.632841 1.309621 3.772549 5.000000 -3.318685 -2.593697 -1.098440 -4.779631 3.847157 -0.017859 1.458915 -1.947421 2.932800 4.052475 -2.676347 2.188061 -0.044658 0.403063 0.791695 -3.429234 -3.363940 -1.403426 2.303298
evaluations raw_y rep iid sigma t d_norm d_mean ps_norm ps_mean pc_norm pc_mean ps_squared loglikelihood mhl_norm mhl_mean x0 x1 x2 x3 x4 x5 x6 x7 x8 x9 x10 x11 x12 x13 x14 x15 x16 x17 x18 x19 x20 x21 x22 x23 x24 x25 x26 x27 x28 x29 x30 x31 x32 x33 x34 x35 x36 x37 x38 x39
1 83.5722900163 10.0000000000 6.0000000000 1.0331797085 67.0000000000 5.6430294964 0.8894661631 5.9957245395 0.1561542324 5.3196529959 0.1586740539 35.9487127533 -758.2663600666 24.2386488745 6.2076669326 2.663173 1.430558 -3.090801 -0.016768 1.242672 -1.440171 0.531023 0.217097 0.008583 -0.349200 0.866052 2.406075 -1.930131 2.056548 0.457260 0.890275 -2.273204 0.270274 2.969074 -2.159610 -3.955457 -3.486745 0.532140 4.769935 2.247383 3.345244 0.198298 2.795993 -0.542496 1.226408 -0.534634 -1.098618 0.265417 -0.952284 2.616946 0.390027 0.800420 -0.675265 2.512945 -1.463939
2 59.3216450968 10.0000000000 6.0000000000 1.0331797085 67.0000000000 5.6430294964 0.8894661631 5.9957245395 0.1561542324 5.3196529959 0.1586740539 35.9487127533 -758.2663600666 24.2386488745 6.2076669326 1.320463 -0.701744 -1.878867 -0.978674 -1.609182 -0.425395 -0.678280 0.624340 1.130305 -0.294841 -0.051811 0.578188 -1.079758 1.416320 1.684449 0.407162 4.789407 1.834918 -0.224545 -0.724361 -0.464365 -1.003458 2.257570 -1.395620 -0.162244 -1.058592 2.092366 -2.837112 -0.724998 -0.243811 0.638713 0.921806 -0.431580 1.978145 0.629508 4.935302 -3.016643 1.241201 -2.090265 -1.596018
3 49.8814977041 10.0000000000 6.0000000000 1.0331797085 67.0000000000 5.6430294964 0.8894661631 5.9957245395 0.1561542324 5.3196529959 0.1586740539 35.9487127533 -758.2663600666 24.2386488745 6.2076669326 3.970169 3.489628 -3.712371 -0.445547 -0.131696 -4.263424 -0.097661 0.786682 0.434530 -3.988788 2.215416 0.489088 -0.123824 -1.507786 1.423918 1.836538 -0.964186 0.179175 1.653997 -3.909024 0.234951 -3.814914 -1.845819 0.939503 -0.288734 -0.800277 -0.591968 1.696417 1.413661 -1.574538 0.585881 -0.941615 4.808651 -1.478713 -0.625658 -0.697764 -0.878052 0.282208 0.546099 -3.237141
40 49.5915278245 10.0000000000 6.0000000000 1.7818971409 2.0000000000 6.2967542376 0.9955686317 3.1969288372 -0.0270780864 2.7547681385 -0.0235320456 10.2203539899 -1223.5402300183 25.6788115481 6.5634854646 3.837307 2.278371 1.104369 -0.406247 0.200118 -2.230498 0.214476 0.188737 4.212901 -0.228003 -3.063707 3.107804 -0.333313 -0.140685 -1.764944 3.409177 -0.418115 -0.857161 0.333385 -4.764759 1.675483 -0.666986 -3.370237 0.434074 -0.992079 1.142303 -4.540733 0.564686 -0.291405 2.261050 4.678768 -4.564649 2.141945 0.698948 0.629241 -0.371968 -0.065790 -0.767651 0.044496 -2.262338
124 49.5545690242 10.0000000000 6.0000000000 1.5344757369 8.0000000000 6.2318441367 0.9851166347 5.4819615615 -0.1437480145 4.9760708691 -0.1328127602 30.0519025613 -1125.0213816921 25.6300942275 6.5455075072 -1.433573 2.331915 -4.025931 3.401775 0.877902 -3.941201 -1.485347 2.181166 2.117068 -5.000000 -2.513695 -0.675575 -1.578034 1.993661 0.739252 2.780165 -5.000000 -0.799612 2.554773 -1.881425 1.032322 -0.533922 -1.438972 -1.218393 0.070382 -1.276862 -1.943285 1.145612 -0.654761 3.183270 -1.096355 -1.726412 2.192986 4.465810 1.692479 1.698158 -2.634041 1.126423 -2.781754 -0.198825
460 41.6379033973 10.0000000000 6.0000000000 0.9399178587 30.0000000000 5.9765883260 0.9440489540 5.1480670603 -0.0607475721 4.5335285335 -0.0368597608 26.5025944569 -766.5361966346 24.6383417535 6.2811723180 0.284307 3.142043 -1.265361 -1.081415 0.797937 -3.274331 -1.078265 1.057238 1.872661 -1.938214 -2.364429 1.523189 -2.277555 1.181040 -0.750155 0.249977 -3.107212 -1.261664 1.789050 -3.888314 0.690506 2.932748 -2.771321 0.803993 0.263127 1.128044 -3.759121 0.746216 5.000000 3.190325 -1.421451 -2.860545 3.056630 2.574239 0.523871 -0.895399 -3.736122 -0.108765 -0.598790 -0.175905
473 38.3460142421 10.0000000000 6.0000000000 0.9186978376 31.0000000000 5.9659323060 0.9423428531 5.0546378332 -0.0260959443 4.3899374781 -0.0097193199 25.5493636248 -787.4124883141 26.1630857648 6.6700723761 -0.159122 3.113999 1.682088 0.327470 -0.387502 -4.466796 -2.047832 2.257540 3.357186 -1.578371 -1.581540 0.020228 -0.626421 0.326497 -2.756798 -0.151188 -4.051120 -1.081170 3.798903 -4.753314 0.801169 2.678198 -3.048487 -0.766234 0.973195 0.206252 -4.218368 1.266388 5.000000 4.412966 -2.533367 -2.747857 4.165061 2.219849 0.191100 -1.092912 -3.036459 -1.014191 0.288370 0.378627
1005 74.9458727944 10.0000000000 6.0000000000 0.9045900663 67.0000000000 5.6233285581 0.8860870763 6.0705075592 -0.0314057405 5.5201126305 -0.0382317743 36.8510620263 -698.4728814220 25.2067143595 6.3997478062 3.347573 1.260232 -2.854981 4.315956 2.400786 -1.664219 0.295856 4.944894 0.607675 -0.085180 -1.248883 1.347785 -0.291884 -0.965839 -1.338406 -0.417194 -2.216865 -0.817181 2.939227 -1.988217 -2.332302 0.353484 -0.369114 -3.796961 0.811360 1.717645 -0.344935 2.825658 2.283031 2.423468 -0.458337 -5.000000 2.987512 3.479036 -0.333715 -0.170083 -2.760828 -4.280828 -0.779751 0.415365
evaluations raw_y rep iid sigma t d_norm d_mean ps_norm ps_mean pc_norm pc_mean ps_squared loglikelihood mhl_norm mhl_mean x0 x1 x2 x3 x4 x5 x6 x7 x8 x9 x10 x11 x12 x13 x14 x15 x16 x17 x18 x19 x20 x21 x22 x23 x24 x25 x26 x27 x28 x29 x30 x31 x32 x33 x34 x35 x36 x37 x38 x39
1 93.9302876775 11.0000000000 6.0000000000 0.9045900663 67.0000000000 5.6233285581 0.8860870763 6.0705075592 -0.0314057405 5.5201126305 -0.0382317743 36.8510620263 -698.4728814220 25.2067143595 6.3997478062 3.498909 -0.572146 -0.969130 -5.000000 -0.016569 -0.639263 -1.073259 0.630805 0.842101 -2.131206 -1.772479 -0.951467 1.379365 1.122384 -2.611097 -2.238951 1.473675 3.149268 -0.062150 -1.366893 2.191259 -0.619153 1.451504 3.098143 1.260160 0.146986 1.464543 -1.285151 -0.356186 -1.147909 -0.408751 -0.972990 -0.371551 -0.761073 0.177955 0.127343 0.592694 2.805542 -3.093725 2.591237
2 86.0729981710 11.0000000000 6.0000000000 0.9045900663 67.0000000000 5.6233285581 0.8860870763 6.0705075592 -0.0314057405 5.5201126305 -0.0382317743 36.8510620263 -698.4728814220 25.2067143595 6.3997478062 -0.474501 -2.464692 -0.344840 0.183677 2.135117 -2.123269 0.434696 0.235639 -3.368222 -2.371511 1.200204 1.391135 2.175422 1.067643 0.790424 0.245735 2.418203 -1.686132 -0.283787 0.770708 -3.154989 2.621887 -1.585730 -0.143499 4.313349 -1.658875 -1.058744 3.123407 -2.160388 -0.864115 1.032168 0.910786 1.187372 0.741013 2.690756 2.031884 1.190557 -1.365603 -1.427120 -3.816579
3 61.1007762172 11.0000000000 6.0000000000 0.9045900663 67.0000000000 5.6233285581 0.8860870763 6.0705075592 -0.0314057405 5.5201126305 -0.0382317743 36.8510620263 -698.4728814220 25.2067143595 6.3997478062 1.374625 -3.646019 1.758228 3.692730 -2.123309 -1.368969 -0.952429 1.660621 -1.726705 -0.261083 -1.046175 -0.502554 2.582549 -1.928410 0.143520 0.543213 1.717334 -2.528147 2.229741 0.869554 1.748546 0.143304 -3.278103 -1.294605 1.635539 0.073590 -0.097405 3.583062 4.403713 -0.074134 3.865811 -3.987143 -4.098115 1.734110 -0.523922 1.157942 1.033105 -0.178807 1.364259 0.301444
17 56.0924986749 11.0000000000 6.0000000000 1.8919455537 1.0000000000 6.3106732890 0.9977819138 3.2921145036 0.0108089071 2.7918372208 0.0091663607 10.8380179045 -1279.7904140648 26.3673050672 6.7389556733 -2.643831 -3.009996 1.988387 3.223595 2.353751 2.783913 1.431293 0.010503 -0.537579 0.432716 -0.203283 -0.958131 2.617671 -2.768187 -1.150412 3.747078 3.648726 0.463219 -0.624838 -1.932041 2.519011 -0.590978 -2.424925 0.977317 -2.207833 -1.464070 -1.257921 3.338133 -1.311403 -0.714401 -0.683854 -2.491126 -1.397111 1.473273 0.961984 0.101755 1.308859 2.324145 -3.928161 1.175570
35 54.7374511794 11.0000000000 6.0000000000 1.8024623432 2.0000000000 6.2970995697 0.9956164344 3.6741634220 0.0477004790 3.1908005697 0.0404034006 13.4994768516 -1251.4304918226 26.4937885914 6.7557349914 -1.934940 -1.279616 3.808591 2.087965 1.836384 3.193443 1.554391 1.614135 1.511713 -0.555999 -1.609975 1.996618 2.642499 -1.342083 -1.711237 0.121784 -1.652746 3.932466 -3.842981 0.825039 -0.597208 3.625409 -1.016500 -5.000000 -1.209720 -0.578708 0.527260 5.000000 0.729744 4.322524 2.793945 -1.196129 -3.771016 -1.248542 -4.822211 0.129737 -0.439547 5.000000 -0.734321 -0.484421
39 46.7725043619 11.0000000000 6.0000000000 1.8024623432 2.0000000000 6.2970995697 0.9956164344 3.6741634220 0.0477004790 3.1908005697 0.0404034006 13.4994768516 -1251.4304918226 26.4937885914 6.7557349914 -0.636337 0.164839 3.533731 2.070416 -0.646846 -0.630387 2.971174 -0.318430 -0.946925 -0.792709 -1.176971 -0.136904 -0.402579 -3.189780 -0.451873 2.440302 -0.447820 2.064435 -0.064960 -1.485942 0.517116 -0.153456 -1.018376 0.254383 1.310845 -1.755004 -3.831520 3.896586 -1.947462 2.103538 0.112200 -0.466899 -0.450008 1.536841 -2.348911 1.406889 -1.078433 0.981518 -1.474687 1.403622
124 44.3910372805 11.0000000000 6.0000000000 1.5211499860 8.0000000000 6.2315859631 0.9850947508 4.9760642163 0.1463064163 4.5892603290 0.1317839537 24.7612150844 -1141.7617604986 26.5027181332 6.7800419280 -4.012245 -1.726778 -0.387480 4.685154 2.302168 -2.264434 1.084873 1.753453 2.765188 2.543462 0.267110 1.381939 -0.292094 -2.850853 -3.023740 3.962612 0.102565 0.868688 3.005481 -3.621331 0.922351 -2.367722 -3.310367 -2.718379 1.077330 -2.947791 -1.348942 0.225016 0.159664 0.731458 -1.191062 -0.045535 -2.533317 -0.485181 -1.214187 5.000000 1.107785 3.701377 1.325291 3.012912
670 40.8112388671 11.0000000000 6.0000000000 0.9089175603 44.0000000000 5.8397200312 0.9217300716 4.9172400926 -0.2693621699 4.7658791950 -0.2620281435 24.1792501279 -729.3222641026 24.8488613365 6.3602172676 -3.194705 -3.992390 1.887047 0.459922 2.274176 -1.914124 -0.360333 0.333092 4.518577 -1.614039 -3.741271 0.807451 2.055142 -4.549775 -3.574527 3.657836 0.090675 1.730505 -0.832021 -1.135859 1.936776 -4.830309 -3.291502 -2.475366 -2.652600 -2.535302 1.429560 -2.431503 -0.294508 2.330094 0.811376 -0.134959 0.935066 1.817366 -0.794145 -0.365080 -0.722311 -2.889533 -3.131610 0.681966
849 38.6425819284 11.0000000000 6.0000000000 0.7241655184 56.0000000000 5.7091158238 0.9007018136 5.9439802676 -0.0339737089 5.1575127248 -0.0645630789 35.3309014221 -594.1426766273 25.7692354562 6.6009422517 -0.770052 -3.576005 -0.335290 -1.071116 2.823203 -2.458949 -1.506817 0.841988 2.315336 -0.770189 -2.761588 1.163310 0.495165 -2.072827 -2.104658 4.192897 3.998225 1.667907 -0.824822 0.007107 2.064517 -2.633172 0.068827 -1.677955 -1.666795 -1.322571 2.678213 -4.084701 -1.216128 1.486107 -0.328152 -0.484065 0.268639 3.575900 -0.722163 -0.780709 -1.256016 -2.769994 -0.858325 0.548207
1005 59.8819067152 11.0000000000 6.0000000000 0.5853310592 67.0000000000 5.5891977299 0.8814602376 4.9407084592 -0.2509137269 4.3949672936 -0.2281775736 24.4106000789 -461.0723788997 26.4100310487 6.7421468138 -1.814277 -4.126046 2.683171 -0.731862 3.462663 -2.452430 -1.114269 1.662952 1.748404 -1.107181 -3.158595 0.785960 -1.269576 -3.561594 -2.246349 3.593304 3.843357 1.384848 -1.633504 -0.468618 0.126643 -3.366861 -1.033635 -2.750259 -1.867601 -0.815451 2.907699 -4.541917 -0.655341 0.681678 0.126406 -1.735263 0.129337 2.961967 -1.436786 -2.602112 -1.499306 -0.908357 -0.827207 -0.833198
evaluations raw_y rep iid sigma t d_norm d_mean ps_norm ps_mean pc_norm pc_mean ps_squared loglikelihood mhl_norm mhl_mean x0 x1 x2 x3 x4 x5 x6 x7 x8 x9 x10 x11 x12 x13 x14 x15 x16 x17 x18 x19 x20 x21 x22 x23 x24 x25 x26 x27 x28 x29 x30 x31 x32 x33 x34 x35 x36 x37 x38 x39
1 76.5900335267 12.0000000000 6.0000000000 0.5853310592 67.0000000000 5.5891977299 0.8814602376 4.9407084592 -0.2509137269 4.3949672936 -0.2281775736 24.4106000789 -461.0723788997 26.4100310487 6.7421468138 0.945972 -1.362852 0.484879 -3.401471 1.506286 -3.069443 0.010254 -0.240455 -1.613964 5.000000 -1.195646 0.944914 2.191912 -2.430338 2.684713 -0.244300 2.025031 -1.827738 -2.059060 2.419593 1.003745 0.277692 1.281522 1.054665 -2.308720 -4.426667 -3.363513 -3.576189 -4.437070 -1.294862 -1.056809 -0.078418 0.429952 -0.768718 -0.507808 0.146504 -1.994408 -1.427713 0.070833 -1.355891
3 46.1313103138 12.0000000000 6.0000000000 0.5853310592 67.0000000000 5.5891977299 0.8814602376 4.9407084592 -0.2509137269 4.3949672936 -0.2281775736 24.4106000789 -461.0723788997 26.4100310487 6.7421468138 -2.678778 -3.379306 -0.398655 0.515545 3.657641 -2.002003 -4.183382 0.293119 -0.932702 0.712446 -0.795759 -2.518447 -1.377757 1.605261 0.544782 -1.938353 1.743936 -2.892719 -1.072963 0.395841 -2.731280 -2.388889 0.031869 -0.160087 -0.501605 -1.130286 -2.205344 -1.564565 5.000000 -1.252162 3.011802 -1.174672 2.731706 2.464090 0.901778 -1.282820 -2.755192 1.931493 -2.568007 -2.549144
325 40.8344387078 12.0000000000 6.0000000000 1.2669783686 21.0000000000 6.0878856583 0.9619050508 5.5915410500 0.2087192439 5.0642759489 0.2030515919 31.2653313140 -1023.1468636219 27.1569470067 6.9066369087 1.972374 -1.934952 2.787307 5.000000 1.423443 -0.162136 -1.589266 1.681283 -3.311118 5.000000 -0.335339 2.159032 -0.303780 1.904073 3.940962 -0.250306 5.000000 3.400444 -1.224121 -0.115026 -4.218149 0.308164 0.255623 -1.043091 -1.115688 -1.012262 -1.788336 1.826028 -4.508182 0.842174 5.000000 -1.467425 1.638461 0.743242 1.864164 0.138617 -2.600983 4.828052 -3.871870 0.422857
537 40.3257462208 12.0000000000 6.0000000000 1.1385575536 35.0000000000 5.9410356186 0.9381065202 5.5540208775 -0.1551920185 5.2869490861 -0.1513407301 30.8471479077 -858.9498444173 23.9429315935 6.0802795578 1.076668 3.983750 3.132544 1.855622 -2.097103 0.159817 -2.679329 3.043224 -1.325920 4.505326 1.572518 2.217684 -2.314474 0.984431 5.000000 -1.716001 2.650945 -0.872494 -2.929854 1.625522 -3.212715 -0.676413 -3.608727 -0.788549 -0.906886 0.039960 -5.000000 -0.691806 -3.178646 -1.640941 1.359251 -1.603969 -0.681304 0.480104 1.185061 -0.765890 -2.469549 3.891633 -5.000000 2.381426
1005 57.1662016664 12.0000000000 6.0000000000 0.8245061181 67.0000000000 5.6229817096 0.8863237587 5.6947476972 0.0893266276 5.1995205098 0.1320764084 32.4301513351 -644.4779301529 25.0991458384 6.3869287962 3.192191 4.436547 3.977018 2.583413 -4.200407 2.354457 -3.504387 0.324736 -1.481893 1.879391 2.772175 0.236284 0.723333 3.199075 3.857479 -1.682534 -1.769950 3.171389 1.053210 0.199189 -4.002294 1.075107 2.461013 -4.185229 4.663818 1.020982 -3.189516 4.945240 -2.709655 0.065680 1.081301 -5.000000 0.518705 -1.417307 4.584778 0.687798 -2.425387 1.648325 -3.012174 4.793199
evaluations raw_y rep iid sigma t d_norm d_mean ps_norm ps_mean pc_norm pc_mean ps_squared loglikelihood mhl_norm mhl_mean x0 x1 x2 x3 x4 x5 x6 x7 x8 x9 x10 x11 x12 x13 x14 x15 x16 x17 x18 x19 x20 x21 x22 x23 x24 x25 x26 x27 x28 x29 x30 x31 x32 x33 x34 x35 x36 x37 x38 x39
1 100.1217552915 13.0000000000 6.0000000000 0.8245061181 67.0000000000 5.6229817096 0.8863237587 5.6947476972 0.0893266276 5.1995205098 0.1320764084 32.4301513351 -644.4779301529 25.0991458384 6.3869287962 -1.424781 1.507533 -0.089006 0.903625 2.690203 1.064676 2.700376 1.722423 2.957371 -2.090754 -1.577978 -2.523212 1.125694 -0.486653 1.827481 0.634702 0.254607 4.300766 1.212577 -0.053543 -1.968322 2.381411 1.905661 -2.174363 -0.290423 0.475716 -3.278187 -0.556269 2.798477 -3.230216 0.981744 3.785484 -1.241959 -0.907505 0.434903 1.028658 0.794483 -3.025690 -1.528068 0.202540
3 67.6397878033 13.0000000000 6.0000000000 0.8245061181 67.0000000000 5.6229817096 0.8863237587 5.6947476972 0.0893266276 5.1995205098 0.1320764084 32.4301513351 -644.4779301529 25.0991458384 6.3869287962 1.629991 -2.370838 -1.537254 1.458331 1.531822 0.415600 -4.374231 1.443930 0.697501 -0.677237 -3.890781 1.661811 3.498484 1.002275 2.660634 -1.315035 0.369892 -1.302113 -2.241014 -0.693214 -1.822690 -1.492271 -1.541937 -0.827907 -0.583623 0.253545 -2.494672 0.634342 -3.636843 0.111384 0.161732 -4.639695 -0.682242 2.179692 0.901062 -0.988597 -1.093153 0.584053 0.308409 1.634611
27 54.6761839341 13.0000000000 6.0000000000 1.8672682885 1.0000000000 6.3121271886 0.9980206192 2.5845923617 -0.1635151726 2.1918317690 -0.1386670313 6.6801176761 -1244.2992517672 25.2756439548 6.4435594277 -1.018321 0.455451 -2.473681 2.189661 1.221082 3.179005 -1.467176 -0.781352 -2.843888 -1.554882 0.315750 0.604822 4.761266 1.253263 -0.283011 -4.432130 0.051351 -2.029405 -1.811401 3.236410 -4.640112 -1.266015 -0.522291 1.410207 1.621325 -1.503597 -0.824675 0.922089 -1.837101 -0.964975 2.566965 -1.597767 1.322376 1.153457 -2.232312 -1.667742 -1.342881 0.723856 -0.177966 1.705081
106 46.3381356094 13.0000000000 6.0000000000 1.5241062443 7.0000000000 6.2388226723 0.9862663403 4.2965779912 -0.1588571021 3.9378699566 -0.1426210167 18.4605824343 -1128.0526764263 25.9533809415 6.5821975366 -1.112968 -3.521397 -0.631902 2.562434 2.409027 -1.741066 -2.526811 -0.118135 4.116939 -0.007562 -0.720026 2.738283 3.005963 1.844107 1.173798 -0.059700 1.680507 0.713414 -1.141542 -3.125543 -4.279963 -0.110293 -1.634052 -0.302171 -0.937736 -3.560442 -3.487799 -2.609611 0.268610 0.083558 -0.860426 -3.132659 -0.484347 2.106928 -0.934352 -0.705969 -1.481302 2.522199 0.389247 -1.301656
710 46.0083693027 13.0000000000 6.0000000000 0.7662919528 47.0000000000 5.8101116329 0.9169722691 4.7845290287 0.1089222410 4.3159903283 0.1117385180 22.8917180266 -653.3172111825 26.1421964346 6.6302240198 3.583612 -3.912636 -1.040353 4.262885 3.771913 2.170883 -0.925955 3.489560 1.351996 2.972044 -1.814090 1.823533 1.551855 0.870000 -2.244974 1.015430 -3.074145 0.731680 -0.455624 -0.931035 -4.252135 3.089292 -0.493113 3.581899 3.036583 0.744086 0.391291 0.180566 -3.273237 -3.868454 -0.490163 -3.515511 2.218541 -3.691543 -2.877523 -2.457851 -1.304827 0.223484 2.499208 3.423785
724 30.3876790948 13.0000000000 6.0000000000 0.7472384271 48.0000000000 5.7976981700 0.9149762125 4.9283366066 0.1499897456 4.3503065007 0.1433127806 24.2885017078 -593.5441478282 24.4099937478 6.2208902789 2.271674 -4.053019 -1.639350 5.000000 4.668795 2.997645 -1.505372 3.091710 0.878357 0.955778 -0.662654 1.669512 3.221647 -0.180343 -1.627865 -1.270704 -3.001026 0.051900 0.983879 -1.832472 -3.130783 2.389106 -0.953909 3.678656 3.729245 0.656037 1.228180 0.845362 -2.970120 -2.637757 -0.511634 -5.000000 2.047642 -3.866278 -3.838042 -2.577135 -1.463162 0.202033 2.390399 3.161458
1005 55.2379501816 13.0000000000 6.0000000000 0.5618295799 67.0000000000 5.5909357552 0.8816417443 6.1089454732 -0.0050734202 5.1154942872 0.0038156916 37.3192147950 -427.0978316904 26.0712332181 6.6241907181 1.113785 -3.709807 -1.389483 4.039766 4.752753 2.946415 -1.731489 4.059859 1.790591 0.387219 -2.838668 2.454921 2.698332 -1.117182 -0.888936 -0.292188 -3.380217 0.306043 -1.247687 0.246402 -2.585221 4.045205 -0.393608 2.402603 4.296312 2.587106 1.213888 0.541764 -3.416552 -3.406369 -1.032288 -2.662998 0.698147 -3.304578 -4.308746 -1.343056 -2.906096 -1.092123 3.317202 2.508413
evaluations raw_y rep iid sigma t d_norm d_mean ps_norm ps_mean pc_norm pc_mean ps_squared loglikelihood mhl_norm mhl_mean x0 x1 x2 x3 x4 x5 x6 x7 x8 x9 x10 x11 x12 x13 x14 x15 x16 x17 x18 x19 x20 x21 x22 x23 x24 x25 x26 x27 x28 x29 x30 x31 x32 x33 x34 x35 x36 x37 x38 x39
1 64.4530522060 14.0000000000 6.0000000000 0.5618295799 67.0000000000 5.5909357552 0.8816417443 6.1089454732 -0.0050734202 5.1154942872 0.0038156916 37.3192147950 -427.0978316904 26.0712332181 6.6241907181 3.102678 0.158372 0.347953 -0.144673 -4.008659 0.289356 -3.002337 0.422219 -1.116410 2.169058 -0.372578 0.029323 -2.151139 1.284504 -0.360673 1.240601 1.621949 1.555872 -0.474979 -3.783825 -2.344244 1.672414 2.018547 2.586199 -1.098662 -1.963426 1.829346 1.746141 0.044222 -0.008287 -2.698252 -0.416436 2.653081 -1.832521 -0.940026 -0.298885 -0.650520 -3.611447 -1.000740 -1.129561
3 62.9576112114 14.0000000000 6.0000000000 0.5618295799 67.0000000000 5.5909357552 0.8816417443 6.1089454732 -0.0050734202 5.1154942872 0.0038156916 37.3192147950 -427.0978316904 26.0712332181 6.6241907181 -1.632498 -1.022753 -1.019616 -1.546922 -0.497033 -3.801384 1.599640 2.551948 -1.401988 -2.942301 0.522371 0.917017 -0.419033 1.864008 -1.173946 -2.266227 2.969538 -1.021326 -0.896438 -4.659827 -0.786878 -1.277527 -0.077215 1.342406 0.352363 -2.348591 2.080978 0.719458 1.086232 -0.169380 0.153202 -2.810301 -3.112469 -1.384754 -1.472439 0.364633 -5.000000 -1.262037 -1.800881 2.056018
11 60.0325700383 14.0000000000 6.0000000000 0.5618295799 67.0000000000 5.5909357552 0.8816417443 6.1089454732 -0.0050734202 5.1154942872 0.0038156916 37.3192147950 -427.0978316904 26.0712332181 6.6241907181 1.317228 0.195578 -2.819187 -1.634307 1.206133 3.116922 1.832111 -1.351856 -2.108428 4.457221 0.729876 -0.706850 0.354926 1.113574 -0.107859 0.216552 3.067863 -1.042300 -0.803606 0.783693 0.155681 -0.294020 0.472268 -1.660578 0.136176 -1.122551 2.873434 -1.285321 -0.010460 1.905077 -1.132806 0.496849 -1.741316 -1.464890 -1.425545 -1.278312 -0.416827 -5.000000 0.038956 -0.260768
24 45.8447372904 14.0000000000 6.0000000000 1.8825538426 1.0000000000 6.3101706670 0.9977055651 3.0239384096 -0.1412980320 2.5644137822 -0.1198260584 9.1442035049 -1287.6248776288 26.7901141399 6.8065703511 0.749014 -2.642150 1.992509 -0.072375 -0.906580 0.588003 1.154971 2.140485 -2.249602 1.378014 1.842242 4.229382 -3.263081 0.253097 0.553764 2.458074 -0.376604 1.968156 0.750827 -0.517612 2.807364 -3.826615 4.750594 1.098879 -3.298098 1.122369 0.538841 -2.530006 1.371242 -0.121610 -1.654874 -2.756975 -3.310727 -1.502294 -2.802982 -3.189637 -0.429321 -4.230842 -0.709561 -1.722604
94 43.7737483400 14.0000000000 6.0000000000 1.6576220328 6.0000000000 6.2513047609 0.9882399061 5.4058403481 -0.0764824554 4.9250601730 -0.0670172728 29.2231098695 -1162.9830967695 25.2805733578 6.4340501887 3.230353 -1.747680 2.666275 -2.144555 -0.813148 -3.049575 -4.891676 -0.262789 0.799493 3.421229 -2.424659 0.412580 3.707239 -0.748694 1.585533 -0.133729 2.303405 -0.659804 1.836624 0.454998 -1.513247 0.917854 5.000000 0.852466 -2.135441 1.700772 3.243192 -1.110279 -1.818734 1.798447 -1.683981 -1.147666 1.928272 0.429137 -5.000000 -5.000000 0.691694 -5.000000 -1.034881 -1.186144
615 43.4323265009 14.0000000000 6.0000000000 1.0422649650 40.0000000000 5.8873026458 0.9294426419 6.9620109656 0.3694196739 5.9838180895 0.2910012613 48.4695966854 -845.3648286292 25.9820835432 6.6306121562 -2.381792 -0.462332 0.466801 2.827179 -5.000000 -3.860647 -1.984097 3.614916 2.708036 5.000000 -0.381679 0.222998 3.871271 1.629872 -2.368575 -1.688902 1.622641 1.159946 3.504541 -3.799235 -0.913015 4.213133 3.864463 -4.140359 0.971513 3.319310 3.175588 2.106262 -3.368501 0.730358 0.488731 -2.814098 -0.295429 2.303543 -1.151387 0.091809 4.399597 -1.318009 0.936215 4.602477
989 41.9591563762 14.0000000000 6.0000000000 0.7277118109 65.0000000000 5.6243090817 0.8866111999 5.3421221868 0.0640244692 4.7291804787 0.0921578070 28.5382694591 -553.2317999737 24.5310392923 6.2815472033 0.009473 0.271326 -4.061480 3.012824 -4.630490 -4.124423 -2.319503 5.000000 4.035758 2.571400 0.500860 4.193797 3.333128 0.469404 -3.883350 -1.840006 0.947688 -0.614316 4.129352 -2.230126 -0.642319 1.800358 3.106004 -1.897699 2.848363 2.481703 0.960520 2.963454 0.780165 1.587123 2.106451 -3.917645 -0.160406 3.823270 4.382117 0.790453 2.599729 5.000000 -1.337434 3.647883
1005 78.5280948955 14.0000000000 6.0000000000 0.7096619906 67.0000000000 5.6029626342 0.8831219410 5.6555689640 0.1419095599 5.0804723763 0.1533505101 31.9854603071 -591.8384180692 27.0590852748 6.8778860869 -1.215967 -1.277159 -3.732505 3.356360 -4.626439 -4.327018 -1.597046 4.474104 3.493874 3.415856 -0.797857 3.645125 3.065600 1.947032 -3.700858 -2.103051 1.021590 -0.829088 4.822826 -2.231311 -0.147988 1.271270 3.310833 -2.400995 3.468258 2.604388 -0.117391 3.366450 1.138560 1.087636 2.718259 -3.620923 -0.710359 3.118557 2.673686 1.637903 3.993290 4.183394 -0.676021 3.353980
evaluations raw_y rep iid sigma t d_norm d_mean ps_norm ps_mean pc_norm pc_mean ps_squared loglikelihood mhl_norm mhl_mean x0 x1 x2 x3 x4 x5 x6 x7 x8 x9 x10 x11 x12 x13 x14 x15 x16 x17 x18 x19 x20 x21 x22 x23 x24 x25 x26 x27 x28 x29 x30 x31 x32 x33 x34 x35 x36 x37 x38 x39
1 62.1448036987 15.0000000000 6.0000000000 0.7096619906 67.0000000000 5.6029626342 0.8831219410 5.6555689640 0.1419095599 5.0804723763 0.1533505101 31.9854603071 -591.8384180692 27.0590852748 6.8778860869 -0.624657 0.678569 -0.311817 -1.003579 0.471138 -3.527211 -2.191724 -2.175531 -0.610340 -0.947497 -0.401189 0.710394 1.379035 0.821179 -1.129957 1.198781 -0.325873 3.200429 1.363254 0.029760 -0.175559 -1.964236 0.243381 -2.274875 0.698005 -3.717026 -2.334364 2.849794 2.993131 2.579864 -3.623491 -2.996614 -2.900286 -3.387814 0.454528 -0.979469 -0.001057 -0.980505 -1.586419 4.097798
9 45.1645988241 15.0000000000 6.0000000000 0.7096619906 67.0000000000 5.6029626342 0.8831219410 5.6555689640 0.1419095599 5.0804723763 0.1533505101 31.9854603071 -591.8384180692 27.0590852748 6.8778860869 0.336975 0.186963 1.005567 2.292806 0.424602 -1.119408 -3.967842 0.330657 1.410145 0.849515 1.012140 -1.447209 1.066426 -3.660739 -3.056810 -3.738987 1.563760 1.292125 1.277369 3.397574 -2.494132 0.514929 -0.821416 -1.437686 1.541114 -0.803151 -2.192819 1.455819 -0.996862 -0.282608 1.651707 -0.655494 -0.758134 0.746288 3.223305 -3.276177 3.296772 1.971206 0.884397 1.160935
91 43.6235241054 15.0000000000 6.0000000000 1.5669672141 6.0000000000 6.2527640125 0.9885047828 5.1447294656 -0.2078747941 4.5589528562 -0.1887816891 26.4682412740 -1160.6598939476 26.4707014611 6.7214018711 -0.085578 -2.440478 -1.906107 0.866282 -0.445996 -1.419259 -5.000000 -3.463794 -0.683602 -0.568211 0.592791 -5.000000 0.264816 -4.210588 0.583947 -1.673941 -4.032298 -2.960805 -1.552767 3.505125 -0.767569 -2.019415 -0.157286 -1.153562 5.000000 -1.744074 -2.840391 3.571256 1.558093 0.796280 1.593865 3.000819 -0.268406 3.657290 -2.315237 0.639024 1.673848 0.274514 0.523896 1.234438
568 37.4568805031 15.0000000000 6.0000000000 0.9761215048 37.0000000000 5.9273056436 0.9357525677 6.5521525621 -0.2831816507 6.1977646332 -0.2467633338 42.9307031974 -801.5285991453 25.4804270640 6.5211402557 -3.441111 -1.473278 -3.343564 3.533988 -4.321434 4.043896 -1.254882 -0.325096 1.247572 -0.667569 -1.415115 -5.000000 2.177066 -3.958996 0.141655 -1.784883 -4.338519 4.658617 -0.098040 -2.256188 -1.272431 -2.600754 -2.405110 -4.024232 4.506187 2.010264 -3.955378 1.301098 0.530713 -4.297196 -5.000000 3.679237 2.268508 -1.144619 -2.627538 2.932512 1.025630 4.287579 2.116326 -3.769203
820 34.9735621596 15.0000000000 6.0000000000 0.6885565395 54.0000000000 5.7396361945 0.9053220684 4.6857620608 -0.0426128734 4.2877583608 -0.0962885258 21.9563660906 -560.4750083315 25.4938101491 6.4833355971 -3.506643 -1.189563 -2.886443 3.859638 -4.350007 4.646890 -2.012707 -1.458504 1.673595 -2.543777 -0.107596 -5.000000 1.741109 -4.417756 -0.060788 -2.424691 -4.667418 2.598728 -1.194610 -2.840101 -0.880099 -1.503749 -3.466927 -3.109361 4.795148 0.634509 -5.000000 0.901709 1.209338 -3.356637 -1.708496 4.016703 3.251238 1.239163 -0.317879 1.365953 0.500463 2.511747 4.904284 -2.589086
993 30.1954010174 15.0000000000 6.0000000000 0.4715563553 66.0000000000 5.6056650195 0.8838025824 4.4405113337 0.0426841505 3.7935011231 0.0054543773 19.7181409045 -310.9280069822 25.4587186248 6.5151970461 -4.476791 -2.390072 -2.339586 3.210828 -4.741934 4.197760 -2.181847 -0.729740 0.797998 -2.729363 -0.142460 -2.949540 1.922720 -3.962875 0.859475 -3.986481 -2.850461 2.655977 -1.722752 -3.021065 -0.469681 -2.160110 -4.497875 -3.264705 4.667356 -0.125576 -3.505397 2.042405 -0.309355 -2.050753 -3.291240 2.844703 2.818713 -0.535693 -0.089170 1.445619 -1.120518 1.281898 4.852433 -1.976939
1005 52.9800535050 15.0000000000 6.0000000000 0.4578920829 67.0000000000 5.5958970050 0.8821943372 4.7005908164 -0.0362538914 4.0441571376 -0.0476085913 22.0955540228 -289.6164241724 25.3195318111 6.4955241224 -4.334857 -2.971184 -1.470519 2.601132 -4.250237 4.583030 -2.859978 -0.656357 1.118737 -2.774888 0.230155 -3.225012 1.745883 -3.719821 -0.031770 -3.077848 -4.438105 3.185816 -0.450806 -3.692175 -0.206148 -2.198824 -4.930971 -3.809321 5.000000 -0.040400 -4.431152 0.772658 1.143860 -2.252328 -3.651145 2.989830 2.647367 -0.188717 -0.412623 1.875622 -0.128364 2.411244 4.456682 -1.911569
evaluations raw_y rep iid sigma t d_norm d_mean ps_norm ps_mean pc_norm pc_mean ps_squared loglikelihood mhl_norm mhl_mean x0 x1 x2 x3 x4 x5 x6 x7 x8 x9 x10 x11 x12 x13 x14 x15 x16 x17 x18 x19 x20 x21 x22 x23 x24 x25 x26 x27 x28 x29 x30 x31 x32 x33 x34 x35 x36 x37 x38 x39
1 109.8084336624 16.0000000000 6.0000000000 0.4578920829 67.0000000000 5.5958970050 0.8821943372 4.7005908164 -0.0362538914 4.0441571376 -0.0476085913 22.0955540228 -289.6164241724 25.3195318111 6.4955241224 0.255897 -3.056947 -1.188936 0.132661 -2.470990 -1.242737 -1.777896 0.997820 -1.573794 0.237487 -1.513726 0.986734 -1.678809 -2.030044 -0.685039 3.768928 -0.541826 -2.903439 -2.160318 5.000000 -0.440446 -0.178801 0.552683 3.224522 1.431930 1.317265 0.421482 -1.128887 0.280372 -0.676896 -2.809655 -4.973284 2.547087 2.159496 1.296805 1.112840 0.467075 -2.157691 -2.363922 -1.406480
2 64.2090877931 16.0000000000 6.0000000000 0.4578920829 67.0000000000 5.5958970050 0.8821943372 4.7005908164 -0.0362538914 4.0441571376 -0.0476085913 22.0955540228 -289.6164241724 25.3195318111 6.4955241224 -1.277032 -1.684140 -2.676349 1.159413 1.072829 3.086069 3.348664 -1.278580 1.097330 -0.166243 0.618127 4.020870 3.349421 1.006387 2.054518 1.270389 -0.343567 -0.442144 -1.458929 3.042315 -1.882076 -0.873356 -0.402930 -1.735154 3.106977 1.070189 -4.507749 -2.011533 1.743754 -1.067730 0.329807 0.507891 0.327217 -1.332258 -0.061314 0.204309 -1.674566 0.684482 0.213746 0.652277
22 63.8016535078 16.0000000000 6.0000000000 1.8753673155 1.0000000000 6.3101156412 0.9977016027 2.8178252446 -0.0100101351 2.3896220472 -0.0084889720 7.9401391091 -1246.5578100757 25.2856735388 6.4260514360 -0.741447 4.368775 1.897623 1.053638 -0.424386 -1.850449 0.365722 1.364650 -0.410614 -1.145438 -1.556216 -1.112320 -0.140703 3.686232 2.989907 2.088279 2.851653 0.740277 -1.447485 1.079092 -1.951856 -0.188361 1.369305 -2.658816 -1.054289 -0.030251 -1.641979 -0.383622 0.073709 4.555354 -2.763797 -1.062629 -1.048049 -3.352687 0.328140 -2.558923 1.259608 -0.494142 -0.622450 0.038594
25 53.9135859653 16.0000000000 6.0000000000 1.8753673155 1.0000000000 6.3101156412 0.9977016027 2.8178252446 -0.0100101351 2.3896220472 -0.0084889720 7.9401391091 -1246.5578100757 25.2856735388 6.4260514360 1.707937 -0.170859 1.698656 -1.395583 -0.482893 0.373910 2.359864 -0.815556 -1.980759 2.076625 0.516345 -1.247066 2.857670 2.582174 2.573291 0.076908 -0.937252 -3.161419 0.688329 -2.192778 1.262548 -0.664225 4.008045 0.681359 3.455387 3.058967 -1.091525 -1.457356 0.226383 3.204008 3.240909 1.110624 -1.086511 -4.415523 -0.870965 0.320675 -3.034651 -1.446499 -1.002315 3.602225
61 41.5953109808 16.0000000000 6.0000000000 1.6940154181 4.0000000000 6.2753931232 0.9921247042 5.0376679171 0.0788016639 4.3996468692 0.0672557127 25.3780980431 -1244.4088365372 27.6531467166 7.0668296693 2.580439 0.614389 3.363503 -1.528938 5.000000 -1.103076 2.662126 0.729973 3.856860 -2.539724 -0.976206 1.917286 3.860493 4.472112 4.781717 -1.451796 2.710497 -2.005078 0.779528 -1.315775 1.448274 -5.000000 5.000000 -0.805711 -0.320967 0.062372 -3.415751 -0.112762 0.455283 2.133029 1.823891 -2.705939 0.489343 -2.515942 -0.876941 0.153447 0.116944 -0.856492 -0.403517 1.835001
552 41.0792058372 16.0000000000 6.0000000000 1.1356210862 36.0000000000 5.9341180656 0.9366845676 5.2261212126 -0.0784090582 4.7023146122 -0.1076175996 27.3123429286 -884.4287118207 25.0757888876 6.4057037027 -2.474848 1.446886 -3.885328 -2.168626 -3.486520 -4.462229 -1.654865 1.952922 4.029413 -3.608358 -4.251565 -2.842046 -3.293404 -2.574657 1.915767 0.684328 1.679340 4.170739 0.371057 2.304326 2.814572 2.859549 -1.395107 0.171158 2.713846 -4.032442 0.128424 -0.598608 4.694801 -2.934845 -2.967427 -4.040489 -3.709451 0.286548 -5.000000 1.436220 -0.145060 -5.000000 -2.737036 3.662812
670 40.9611104449 16.0000000000 6.0000000000 0.9763348793 44.0000000000 5.8510176135 0.9233089978 4.8917016342 0.0292992203 4.4023335047 0.0267722922 23.9287448776 -784.6816981545 25.3436408905 6.4796413334 0.457480 1.109577 -1.801889 -2.063377 -2.258185 -2.435810 -0.737302 2.658485 3.133281 -2.075669 -5.000000 -2.350681 -4.131144 -2.400003 1.245153 -0.980949 2.172396 1.880437 0.582895 3.424261 1.390854 4.551615 -2.342577 -0.683932 2.908310 -0.364586 -1.299755 0.251487 2.038549 -2.822302 -3.466017 -2.256501 -2.179124 0.255422 -2.023345 2.376618 -0.629200 -4.692768 -0.984216 3.363316
884 34.1519395327 16.0000000000 6.0000000000 0.6975628013 58.0000000000 5.7028106457 0.8994934582 4.6880889806 -0.1148117966 3.9596180229 -0.1052138204 21.9781782897 -605.9807633395 27.2806732170 6.9846585430 -0.202466 1.260051 -3.491396 -4.654718 -4.623757 -1.906856 -3.375999 0.678666 4.275016 -1.318682 -3.269989 -4.039986 -3.050677 -0.742739 1.383754 0.409045 1.565507 1.140573 -0.619126 3.297342 3.161421 4.687404 -1.427976 -2.782418 3.029124 -0.478742 -1.967384 -1.580373 3.135125 -2.931995 -4.668176 -1.273335 -2.913358 1.059268 -2.361286 2.321103 -0.555270 -2.616881 -3.720253 3.553213
893 29.7509361209 16.0000000000 6.0000000000 0.6786969705 59.0000000000 5.6904245282 0.8975123883 4.8076843406 -0.0828086038 4.1276743975 -0.0764026038 23.1138287186 -559.8965209097 26.2979224623 6.7127047059 -1.376002 1.517246 -3.010487 -3.169093 -4.521452 -2.590049 -2.910701 1.035278 5.000000 -0.753379 -3.469480 -3.469953 -2.829205 -0.686544 1.671992 -0.334632 0.943964 1.678760 -0.822655 3.823435 3.440560 5.000000 -1.074861 -1.319660 2.951801 1.113684 -1.751046 -0.809940 2.722042 -2.264563 -4.729910 -1.496662 -2.896511 1.419683 -2.682806 2.389696 0.333661 -3.427870 -3.295318 2.743761
1005 76.8854165285 16.0000000000 6.0000000000 0.5779528809 67.0000000000 5.6028006685 0.8833307688 5.5845021468 -0.0142733905 4.8603806101 -0.0207185820 31.1866642274 -447.7931142834 26.0892583940 6.6605193454 -1.909313 2.786072 -3.684326 -2.837618 -4.711449 -2.699767 -3.254167 1.826415 4.648487 -1.741139 -2.380090 -3.330317 -2.677527 -0.885070 1.223995 0.407807 1.468784 1.959054 -0.873573 2.574792 4.574057 3.872375 0.004926 -1.527906 2.584666 -1.795667 -1.150483 -2.016035 3.514945 -2.346684 -3.310991 -0.496539 -2.472981 1.748634 -3.236397 0.770487 -0.308348 -4.311622 -2.894790 3.154712
evaluations raw_y rep iid sigma t d_norm d_mean ps_norm ps_mean pc_norm pc_mean ps_squared loglikelihood mhl_norm mhl_mean x0 x1 x2 x3 x4 x5 x6 x7 x8 x9 x10 x11 x12 x13 x14 x15 x16 x17 x18 x19 x20 x21 x22 x23 x24 x25 x26 x27 x28 x29 x30 x31 x32 x33 x34 x35 x36 x37 x38 x39
1 66.3287263947 17.0000000000 6.0000000000 0.5779528809 67.0000000000 5.6028006685 0.8833307688 5.5845021468 -0.0142733905 4.8603806101 -0.0207185820 31.1866642274 -447.7931142834 26.0892583940 6.6605193454 0.552532 -3.709256 1.247802 2.290623 2.074381 3.773278 -0.223397 -0.724203 0.297350 -0.875566 4.342514 2.304621 -3.637625 -0.276099 1.079679 -3.550565 2.629753 -0.946896 -2.184460 -0.500055 -1.964589 2.062538 0.982668 -0.893293 -1.612720 0.262536 -2.425120 0.319982 -1.510446 0.699792 1.955084 -0.277170 0.207713 0.601182 1.936411 1.739248 1.135566 0.930565 -2.330746 -4.071990
4 61.9844410254 17.0000000000 6.0000000000 0.5779528809 67.0000000000 5.6028006685 0.8833307688 5.5845021468 -0.0142733905 4.8603806101 -0.0207185820 31.1866642274 -447.7931142834 26.0892583940 6.6605193454 -4.196252 -0.515548 2.047250 -0.629321 2.145812 0.065204 5.000000 -0.349807 -1.683917 0.153202 -1.342466 -0.634319 -1.250714 -2.115265 2.112276 0.008983 0.427660 -3.391432 2.696158 -3.928023 -0.463311 0.088770 -3.424574 3.224231 -1.323695 -1.158337 0.348774 1.597745 1.074793 -1.647740 0.292323 -0.181264 1.882719 2.354677 0.049803 0.610000 1.909148 -0.012913 0.429733 2.484851
14 57.2981132711 17.0000000000 6.0000000000 0.5779528809 67.0000000000 5.6028006685 0.8833307688 5.5845021468 -0.0142733905 4.8603806101 -0.0207185820 31.1866642274 -447.7931142834 26.0892583940 6.6605193454 3.456719 -0.410539 0.758383 1.014125 -0.326314 -1.483420 -3.793969 0.080200 -2.199074 -0.475941 1.599228 2.169149 0.329300 -0.095175 1.492676 1.156997 2.853015 -1.711339 1.671922 -0.984358 2.412844 -1.201570 -2.280969 1.636996 2.299439 1.955753 -1.115350 1.326682 3.101565 1.174229 0.415235 0.842787 1.452544 2.742649 2.291037 -1.032493 -3.805330 1.815422 -2.811320 -0.642633
23 56.5995805805 17.0000000000 6.0000000000 1.8828518945 1.0000000000 6.3114866790 0.9979137780 3.0324696836 0.0849861130 2.5716486242 0.0720714280 9.1958723817 -1306.5195586776 27.4730122031 7.0203633705 -0.113579 1.309353 0.270008 1.458545 1.431620 1.364634 0.079321 1.615661 0.598162 -1.324691 3.742414 1.092210 -0.637320 -0.623949 0.585818 -3.672107 0.001033 -3.082197 1.847332 -2.665204 -3.857875 2.014755 -1.312644 -0.888122 0.323299 2.057987 2.463557 -3.276495 0.922358 0.704527 2.525612 -0.518475 4.479081 2.750879 1.362501 -0.929970 -0.595264 -2.442979 1.032322 -0.335638
40 48.4787432397 17.0000000000 6.0000000000 1.8054613610 2.0000000000 6.2988035357 0.9958869369 4.0233974286 0.1036575774 3.4735583110 0.0904802798 16.1877268684 -1258.9089270750 26.6842390401 6.8038965201 -1.648049 -0.623020 -0.239605 -0.174833 -0.455618 1.785126 2.697312 0.262302 -0.171790 0.226272 3.583690 -0.976413 -0.273083 -1.567738 -1.486718 -0.362412 0.670705 -1.565223 3.485114 -2.962749 -4.923545 -0.309895 1.263785 -1.912116 -4.011319 2.329550 2.547077 -1.953798 2.807740 1.158276 2.232982 -0.672859 4.605109 4.176217 1.149193 1.865343 0.684637 0.592250 -1.372226 3.204813
196 48.4313113974 17.0000000000 6.0000000000 1.5463998711 13.0000000000 6.1763926578 0.9761176322 5.3574939516 -0.0835185604 4.9757377895 -0.0454984246 28.7027414419 -1091.3625513681 24.5367296302 6.2771049693 0.937032 0.238751 -1.157012 -3.069624 -3.885934 2.337398 2.444317 0.343033 -2.977921 0.761080 0.513868 -5.000000 -0.396569 -1.053732 -1.734396 -2.340445 3.659459 4.133243 1.368871 -5.000000 -0.817615 3.155900 -1.008501 5.000000 -2.681122 3.451052 2.501803 -1.703621 4.931360 -1.239780 4.857586 -2.648331 -1.945678 2.348309 4.027945 1.475423 1.842459 -0.797072 -0.402673 3.541749
638 28.4212829800 17.0000000000 6.0000000000 1.0359125858 42.0000000000 5.8736696122 0.9271838059 5.2337947573 0.3181619495 4.6504832899 0.2601926803 27.3926075615 -823.3372723227 25.3251608258 6.4640258142 0.513155 -1.494269 0.871906 -4.153339 -2.566025 1.598688 1.757868 -0.333870 3.101541 4.557536 -0.666558 1.709086 -2.039023 1.501596 -1.296934 -2.792090 0.726369 4.861360 1.801191 -0.906214 1.813146 0.286164 -4.226108 3.797220 -0.539331 4.828274 -2.704491 -0.228818 2.783963 -0.683703 0.663581 -1.339343 -3.597850 -4.350071 1.511566 2.036872 0.304401 -3.997527 -0.414137 2.035157
1005 60.1588266949 17.0000000000 6.0000000000 0.7270684264 67.0000000000 5.6253730970 0.8870818387 5.3347839025 0.1800166720 4.7038153510 0.1739661161 28.4599192864 -566.0466992068 25.0838270177 6.4405999888 2.303091 -2.827856 0.685380 -3.361832 0.482838 3.059383 2.066589 -0.436466 5.000000 3.159016 -1.188151 4.172747 -2.739384 1.210525 -3.018587 -1.315314 -0.744854 4.457787 1.063604 -1.334458 1.469728 -0.543842 -2.699524 4.504751 1.241092 4.273436 -2.503454 -1.714232 3.150890 2.267957 5.000000 -4.286823 -3.824143 -3.427015 0.992403 2.541269 4.548625 -2.147197 3.035014 1.287566
evaluations raw_y rep iid sigma t d_norm d_mean ps_norm ps_mean pc_norm pc_mean ps_squared loglikelihood mhl_norm mhl_mean x0 x1 x2 x3 x4 x5 x6 x7 x8 x9 x10 x11 x12 x13 x14 x15 x16 x17 x18 x19 x20 x21 x22 x23 x24 x25 x26 x27 x28 x29 x30 x31 x32 x33 x34 x35 x36 x37 x38 x39
1 79.9127887576 18.0000000000 6.0000000000 0.7270684264 67.0000000000 5.6253730970 0.8870818387 5.3347839025 0.1800166720 4.7038153510 0.1739661161 28.4599192864 -566.0466992068 25.0838270177 6.4405999888 0.158857 4.380405 -0.269784 0.321036 0.885396 1.246783 2.017807 0.788498 -0.672773 -1.291813 1.610915 0.832886 1.149239 -2.203343 -1.989514 2.691039 1.163736 1.074477 4.134094 -0.580648 1.202730 -1.129054 -2.335903 -2.044004 1.767039 -1.067489 -2.700864 0.460188 1.789710 2.741520 4.927403 2.255803 -1.638428 0.134928 2.154433 -1.107090 1.355235 2.082987 -3.502844 0.237339
4 59.4364605707 18.0000000000 6.0000000000 0.7270684264 67.0000000000 5.6253730970 0.8870818387 5.3347839025 0.1800166720 4.7038153510 0.1739661161 28.4599192864 -566.0466992068 25.0838270177 6.4405999888 -1.301533 2.919893 1.901549 -2.728160 0.407826 0.618001 1.548280 0.902317 0.407977 -4.176898 1.906919 -0.610301 0.895613 0.358469 1.118302 3.553569 -0.890380 0.230984 0.356020 2.837192 1.949681 -3.084856 -2.103856 -0.302313 1.488085 -0.419696 -0.305568 -4.039975 -1.198828 -1.753427 1.259792 -0.162147 -0.282030 -0.412432 0.862196 0.128764 0.698662 -1.298151 0.123802 3.251490
10 58.8264822287 18.0000000000 6.0000000000 0.7270684264 67.0000000000 5.6253730970 0.8870818387 5.3347839025 0.1800166720 4.7038153510 0.1739661161 28.4599192864 -566.0466992068 25.0838270177 6.4405999888 -3.485495 1.801295 -1.160786 -1.951159 -3.615355 1.625821 -3.209624 2.216537 -0.209967 3.388807 -2.140556 0.098586 1.016132 2.829801 1.249815 0.033415 -1.579973 -2.047415 -1.553783 0.182168 1.104841 2.532534 -2.807928 -1.901899 0.084036 -0.438523 -1.749618 3.273642 -0.096971 -0.713851 0.023447 4.013510 2.132534 -0.490345 -0.593042 2.630216 -1.358804 -3.528647 -1.060183 0.687279
24 58.6029854728 18.0000000000 6.0000000000 1.8729656230 1.0000000000 6.3095805645 0.9976099559 2.7487673865 -0.0849733035 2.3310583799 -0.0720605651 7.5557221451 -1303.3642119512 27.4945775061 7.0234285390 -2.673504 0.457789 -0.234891 -1.045678 -2.459771 0.972257 -0.474816 -0.616054 0.433330 -5.000000 0.091387 0.730111 -2.439979 1.938478 2.947260 2.276277 -0.369214 -0.408172 -0.302668 1.711274 -1.178913 -3.057368 -3.028971 -1.119506 -1.287056 -2.265692 -2.321765 3.182327 -1.416189 -0.356574 5.000000 1.971438 1.598007 4.052122 -1.289201 4.300445 0.698308 -3.778340 -0.243615 1.764943
50 53.0801470419 18.0000000000 6.0000000000 1.7331117459 3.0000000000 6.2843753016 0.9935698400 4.8052402624 -0.0080178429 4.1766698001 -0.0086456636 23.0903339792 -1224.0375882878 26.3935619348 6.6834597171 -4.197119 3.159260 -1.010206 -3.002854 -3.554154 4.440919 -2.740357 -2.625767 1.548500 -1.971216 -2.110313 2.480081 1.293891 0.843511 1.657874 1.737149 0.362811 -1.145010 -2.460735 3.254874 -1.819706 -3.840419 -1.843650 -4.619605 5.000000 -1.983986 -2.331044 4.455792 -0.631150 -4.593761 2.498967 -0.900013 -4.488254 3.702469 -0.483447 -0.458481 -1.823413 -0.805190 -2.956448 -1.211302
200 47.4283936762 18.0000000000 6.0000000000 1.4549323615 13.0000000000 6.1750801413 0.9759218168 5.6315297639 -0.1041746508 5.2336361365 -0.1046742433 31.7141274816 -1058.9540848971 24.6608844457 6.3135939392 -3.263392 -1.117035 -0.436393 3.627642 -2.715424 -0.084802 1.054958 -2.989866 2.947336 -3.490450 4.449091 -3.021171 2.762915 -2.087395 -0.264625 1.282601 -4.084905 -1.629958 -2.382922 1.375276 -0.456251 -3.062242 -2.922228 -5.000000 0.841757 1.633996 -3.872228 -0.593801 0.217324 -0.717581 -0.684820 2.934705 -5.000000 5.000000 -3.599959 0.023574 -4.156308 -1.577705 1.163841 0.134046
302 47.1566490216 18.0000000000 6.0000000000 1.2904638257 20.0000000000 6.1002661918 0.9638057589 5.1036995074 -0.0536862717 4.6139326721 -0.0625684552 26.0477486619 -997.0139960138 25.4774462514 6.5204680758 -2.400775 -1.542025 0.740409 1.333542 -3.187750 2.894783 -0.161512 -3.188460 1.611131 0.065900 5.000000 -0.176035 0.687239 0.763664 3.039686 4.414928 -2.798779 -1.423956 -1.371991 0.008780 -3.795621 -4.012861 -4.807294 -3.757287 4.484942 3.004958 -4.177391 1.867637 0.560665 -2.166356 0.553570 -0.492033 -4.323327 4.909094 -4.220458 -0.867214 -3.504794 -1.241447 -0.658334 0.735007
397 38.3031733840 18.0000000000 6.0000000000 1.1540982346 26.0000000000 6.0365321032 0.9535506693 5.1209781183 -0.0939103739 4.7185111362 -0.0840661666 26.2244168885 -888.6378732127 24.2446441504 6.2000210793 0.650084 -1.159966 0.801074 4.784542 -4.082665 1.356185 3.267122 -4.308637 -0.763358 -0.594570 4.674257 -0.168819 -2.213422 0.167128 2.186036 4.691333 -5.000000 -0.442162 -2.822961 0.166939 -3.685868 -3.563913 -4.908858 -1.831055 1.025878 -0.138594 -3.012305 -0.306807 1.154053 -3.166401 -0.975662 1.517145 -5.000000 3.176987 -5.000000 0.609766 -0.132390 0.908126 -2.324875 -0.841889
590 31.9352785183 18.0000000000 6.0000000000 1.0032285003 39.0000000000 5.8991196452 0.9312709676 5.7706787766 0.0161927558 5.4031879975 0.0054451379 33.3007335425 -801.5663599625 24.9808460125 6.3691992976 -0.896426 -0.964702 -0.970420 2.958433 -1.661498 2.974081 3.476723 -5.000000 -3.197084 -0.923116 4.377887 -2.740192 -2.088966 0.857563 2.162151 2.798577 -3.976361 1.524363 -1.442390 -2.478553 -1.568082 -3.489072 -1.635045 -5.000000 2.479825 1.650501 -1.558285 0.471392 3.233994 -0.372723 -1.508579 -0.535153 -3.604529 2.278239 -3.598873 1.007274 -2.935713 -2.000302 0.084976 -2.700558
1005 59.6296027691 18.0000000000 6.0000000000 0.9420554357 67.0000000000 5.6501983530 0.8900411962 6.2626978115 -0.2068222387 5.6379690106 -0.1885389004 39.2213838778 -678.1773848457 22.8702754369 5.8696353330 -3.482688 4.036522 -2.590027 -0.782365 -1.832220 -2.154272 3.250945 -4.944428 -1.913574 0.300755 3.730822 -4.613537 -3.366134 1.830292 0.599053 1.969501 -2.317647 -1.133190 -0.633251 -2.879875 -4.420790 -3.463212 -1.191271 -3.859463 -2.281917 3.720563 -0.793649 -0.181820 1.517369 -4.699175 2.197561 -0.875743 -4.289565 1.147350 -0.900039 1.619103 -0.359327 -0.486452 -1.256944 1.695148
evaluations raw_y rep iid sigma t d_norm d_mean ps_norm ps_mean pc_norm pc_mean ps_squared loglikelihood mhl_norm mhl_mean x0 x1 x2 x3 x4 x5 x6 x7 x8 x9 x10 x11 x12 x13 x14 x15 x16 x17 x18 x19 x20 x21 x22 x23 x24 x25 x26 x27 x28 x29 x30 x31 x32 x33 x34 x35 x36 x37 x38 x39
1 80.9875147605 19.0000000000 6.0000000000 0.9420554357 67.0000000000 5.6501983530 0.8900411962 6.2626978115 -0.2068222387 5.6379690106 -0.1885389004 39.2213838778 -678.1773848457 22.8702754369 5.8696353330 0.442007 -0.680930 -1.155497 -0.808063 -1.206579 -0.487705 2.070687 1.161507 0.504827 -2.925092 -3.096683 0.530545 -0.001792 -2.031985 0.223979 -2.383904 3.111088 -1.866600 1.053068 -0.299929 1.045571 2.684310 3.117043 2.511988 1.817207 -1.681803 2.011170 -2.047608 0.363548 -0.833362 3.956817 3.834889 -2.062014 -0.966624 -1.290160 0.120696 1.095861 1.690297 -2.414363 0.749681
2 60.4659376593 19.0000000000 6.0000000000 0.9420554357 67.0000000000 5.6501983530 0.8900411962 6.2626978115 -0.2068222387 5.6379690106 -0.1885389004 39.2213838778 -678.1773848457 22.8702754369 5.8696353330 1.884696 -0.702528 0.919470 -0.097033 0.830964 -1.403752 0.370929 0.936700 0.079047 1.432281 -0.963377 -0.104982 -0.544557 0.615971 -3.521307 2.300448 -0.435462 -2.441175 -0.687231 3.097524 -0.415951 -0.483348 -0.249192 1.121828 2.617625 1.896513 1.583996 -0.380984 -0.014522 -1.350757 -1.515831 -2.504505 -1.530213 2.654848 0.492101 0.135669 -1.362209 -0.242765 -1.653856 -2.964715
36 56.3085699469 19.0000000000 6.0000000000 1.7751099510 2.0000000000 6.2962702595 0.9954902221 3.4627961918 0.0275082407 2.9786699655 0.0203982966 11.9909574658 -1266.6381325025 27.3920983061 6.9821163670 0.005546 -0.819041 -1.664863 4.172582 2.381337 0.628174 0.997398 3.273423 2.855757 2.665617 -0.053073 0.488516 -0.620846 -1.976711 -1.155945 4.033119 2.495294 -0.939169 0.124478 1.712432 -2.205500 2.979069 -2.563471 1.570919 -0.850671 4.068410 -0.701713 1.820489 -2.100922 -3.292029 -1.982485 0.584541 -3.152778 -2.067228 1.387887 0.667692 -1.743085 1.594601 -2.041094 0.749559
48 49.5070640870 19.0000000000 6.0000000000 1.7224182048 3.0000000000 6.2829232875 0.9933541098 4.6613571450 0.0834438726 4.0289794911 0.0696811252 21.7282504332 -1224.1980235431 26.5572042689 6.7725222404 1.144617 -5.000000 0.845109 1.955512 1.432271 -0.574615 1.510493 1.513797 1.984322 2.634136 0.601287 2.023884 0.175291 -1.251247 -4.177417 1.379934 -2.376794 -0.971654 -0.013240 2.167378 -1.123442 -0.979851 -0.000181 -1.725491 0.928411 3.998893 0.576192 1.372441 -1.504235 -4.791479 -1.906534 -1.792875 -1.061414 -2.476035 -0.743481 -0.604861 -4.151965 4.770652 -2.278119 -0.735204
132 46.8601381022 19.0000000000 6.0000000000 1.6329392118 8.0000000000 6.2251922003 0.9840259984 5.7132077879 -0.1446768175 5.3253073057 -0.1088952548 32.6407432278 -1121.5129001843 24.1158473602 6.1655201817 -1.914607 -3.321606 0.611259 4.454635 2.837149 -5.000000 -0.162679 -0.371857 3.787259 2.342871 -1.031856 0.262597 -2.819400 -3.010860 -4.424242 -0.466705 2.283618 -0.981677 -4.216832 3.325142 -5.000000 0.872600 -1.996404 -2.215947 4.662518 1.855981 2.574157 1.348519 -4.216624 -1.836057 -0.890876 1.087281 -2.667760 -2.832004 -0.609427 -0.399312 -2.711296 1.445282 0.284575 -3.826841
517 39.1431073695 19.0000000000 6.0000000000 0.9298209215 34.0000000000 5.9309507484 0.9366314842 5.0392944379 -0.2727660433 4.5058075514 -0.2678264519 25.3944884314 -773.3094380359 25.6022663405 6.5274057510 -2.105409 -2.760721 -2.159279 -0.781911 0.451184 -1.831243 2.563873 3.586975 1.825786 -2.837633 -1.787669 2.296777 -2.775967 -4.211707 -3.688709 -0.309755 2.643826 -2.159739 1.494426 1.867041 -3.563223 2.423728 -5.000000 -0.110730 2.437215 3.972784 1.422589 -3.086408 -1.061464 -2.297066 2.907300 2.206916 -3.808306 -1.917457 2.305112 0.075590 -4.501839 3.597614 -3.890908 -4.144948
1005 63.8181455539 19.0000000000 6.0000000000 0.7040756310 67.0000000000 5.5976589699 0.8823584291 5.5693081320 0.1529423157 4.8546129711 0.1485142587 31.0171930693 -591.5657373209 27.2021464435 6.9165753012 -0.119301 -3.090142 -4.417359 -3.071590 1.728596 4.045171 4.762414 2.696547 2.467508 0.663141 0.472830 1.318289 -2.110423 -2.951019 0.196247 2.371710 3.335326 -3.900568 1.269516 1.174393 -4.126957 3.987400 -2.248957 0.019324 5.000000 2.641915 1.889993 -2.488481 -3.073837 -1.375909 2.959078 1.587785 -3.568857 -1.921025 1.881367 -3.782031 -4.090153 3.326367 -0.016630 -2.149306
evaluations raw_y rep iid sigma t d_norm d_mean ps_norm ps_mean pc_norm pc_mean ps_squared loglikelihood mhl_norm mhl_mean x0 x1 x2 x3 x4 x5 x6 x7 x8 x9 x10 x11 x12 x13 x14 x15 x16 x17 x18 x19 x20 x21 x22 x23 x24 x25 x26 x27 x28 x29 x30 x31 x32 x33 x34 x35 x36 x37 x38 x39
1 59.3701182608 0.0000000000 7.0000000000 0.7040756310 67.0000000000 5.5976589699 0.8823584291 5.5693081320 0.1529423157 4.8546129711 0.1485142587 31.0171930693 -591.5657373209 27.2021464435 6.9165753012 3.528105 0.800314 1.957476 4.481786 3.735116 -1.954556 1.900177 -0.302714 -0.206438 0.821197 0.288087 2.908547 1.522075 0.243350 0.887726 0.667349 2.988158 -0.410317 0.626135 -1.708191 -5.000000 1.307237 1.728872 -1.484330 4.539509 -2.908731 0.091517 -0.374368 3.065558 2.938718 0.309895 0.756325 -1.775571 -3.961593 -0.695824 0.312698 2.460581 2.404760 -0.774654 -0.604606
21 45.9260932833 0.0000000000 7.0000000000 1.8890840691 1.0000000000 6.3126866481 0.9981017857 3.2105473653 0.0505046820 2.7226652123 0.0428298745 10.3076143846 -1285.7011904840 26.5900078335 6.7813635577 1.578150 -2.483728 -1.754848 0.039442 2.088262 -0.744528 2.434569 3.278894 0.718026 0.699028 1.423010 2.163825 -0.199529 -0.426410 -1.329058 0.253145 -0.085184 -1.471389 1.039922 -1.930478 -2.513106 0.105992 -3.317962 -3.200758 3.873455 -0.691553 -0.142352 0.053422 -0.029438 1.609752 -3.014170 -1.375928 -2.477381 0.692920 2.210807 -1.448409 1.378731 0.152769 -0.989754 -0.710394
240 45.7611787506 0.0000000000 7.0000000000 1.4527944755 15.0000000000 6.1562411869 0.9728648627 5.2196538662 0.0212177883 4.9588668407 -0.0015138148 27.2447864825 -1040.2768144924 24.0291582575 6.1181018826 1.803606 1.586830 0.867038 0.304671 5.000000 -0.495713 -0.289153 0.277701 -2.287389 1.536381 -2.169096 0.868179 -2.445976 1.724057 4.208150 3.889004 -1.567764 -4.095580 1.790645 -5.000000 -4.121881 3.653642 -1.461746 -5.000000 1.951624 -1.101019 1.844916 -5.000000 -0.288241 4.646892 -4.757383 -3.420940 1.383476 0.336668 -1.505630 0.810869 2.229093 2.297098 2.183541 -1.881684
464 39.2876167052 0.0000000000 7.0000000000 1.1282547107 30.0000000000 5.9886952766 0.9458569204 5.6675839985 0.0184166698 5.0684330717 0.0219049924 32.1215083804 -895.8006711144 25.4154993648 6.4753778163 1.024479 -2.684739 2.445645 2.198823 -1.111761 0.525598 4.264440 -0.277414 -5.000000 0.067146 -3.533835 5.000000 -0.347421 2.616149 4.237611 4.560405 -5.000000 -3.091716 4.286723 -0.008519 -0.392549 -1.559425 -2.288788 -1.976534 3.968629 -2.290077 0.692953 -1.543136 -1.258802 1.031750 -4.124954 -2.126019 -3.459311 -1.988487 2.535896 -3.277140 2.278300 1.871546 0.830291 -3.996352
937 38.0582703884 0.0000000000 7.0000000000 0.6977561364 62.0000000000 5.6518298520 0.8912679822 5.0866191528 0.0400417912 4.3614123659 0.0578073641 25.8736944054 -541.3008799683 24.8971905901 6.3135831177 1.516803 -1.603405 0.714929 4.716518 1.402392 0.467469 3.569823 0.629448 -4.447120 -1.761911 -5.000000 3.538768 0.296159 4.406232 5.000000 4.039450 -2.647821 -4.632314 4.192841 1.339760 -0.139810 1.800935 -0.935157 -0.281610 0.827033 -3.655748 2.363369 -2.843759 -0.570948 0.691754 -0.516033 -1.907667 0.928570 -1.970655 1.170821 -0.360816 3.648382 1.390603 -1.980197 -2.960394
1005 51.9892072104 0.0000000000 7.0000000000 0.6437800089 67.0000000000 5.5999232687 0.8829522458 4.9117786295 0.0192703642 4.1779882101 0.0338812217 24.1255693055 -485.9477746665 24.8954328373 6.3486072612 1.597260 -2.356896 1.227950 3.528831 3.101306 -0.175607 3.717341 -0.005209 -4.109023 -1.434139 -4.428441 4.105741 0.300778 4.079047 4.271107 4.133352 -3.220087 -5.000000 3.235834 0.232760 -1.135628 2.659343 -0.956737 -0.381250 0.728723 -3.032311 3.794529 -4.075385 -1.091359 -0.294310 -1.843823 -2.634185 1.165346 -1.907304 2.087407 -0.393287 2.122132 2.768044 -1.490185 -1.757450
evaluations raw_y rep iid sigma t d_norm d_mean ps_norm ps_mean pc_norm pc_mean ps_squared loglikelihood mhl_norm mhl_mean x0 x1 x2 x3 x4 x5 x6 x7 x8 x9 x10 x11 x12 x13 x14 x15 x16 x17 x18 x19 x20 x21 x22 x23 x24 x25 x26 x27 x28 x29 x30 x31 x32 x33 x34 x35 x36 x37 x38 x39
1 51.9700271670 1.0000000000 7.0000000000 0.6437800089 67.0000000000 5.5999232687 0.8829522458 4.9117786295 0.0192703642 4.1779882101 0.0338812217 24.1255693055 -485.9477746665 24.8954328373 6.3486072612 3.248691 -1.223513 -1.056344 -2.145937 1.730815 -4.603077 3.489624 -1.522414 0.638078 -0.498741 2.924216 -4.120281 -0.644834 -0.768109 2.267539 -2.199783 -0.344856 -1.755717 0.084427 1.165630 -2.201238 2.289447 1.803181 1.004989 1.801712 -1.367456 -0.245780 -1.871539 -0.535776 1.060711 -1.383322 -0.793507 -1.374345 -1.690411 -1.342492 -0.025329 -2.234621 0.468831 3.319604 1.484088
7 35.8947025213 1.0000000000 7.0000000000 0.6437800089 67.0000000000 5.5999232687 0.8829522458 4.9117786295 0.0192703642 4.1779882101 0.0338812217 24.1255693055 -485.9477746665 24.8954328373 6.3486072612 -0.996427 -0.621970 -0.003783 -2.793241 -1.722633 1.349423 1.237078 -0.886344 3.621070 -2.611454 -0.689974 -0.461679 -5.000000 3.875058 0.732664 -2.089179 4.102347 1.171324 0.859052 -1.213997 0.212445 -3.051361 1.590052 -0.748877 0.268096 2.404110 0.569496 0.524935 0.552999 -1.466543 1.672009 3.086718 1.517611 1.769818 -1.754563 -1.735574 -2.881752 2.464506 -0.508360 2.799688
1005 64.2395659798 1.0000000000 7.0000000000 0.6976141653 67.0000000000 5.6209078784 0.8860967077 4.7325684830 -0.0830487929 4.0385545778 -0.0234503710 22.3972044463 -571.1732838112 26.4909869092 6.7727512973 2.108254 -3.507686 -0.177249 -3.603888 3.890631 -3.336839 0.672118 3.924690 -2.869114 -1.951971 -0.652183 0.611943 -3.445884 -1.812060 0.740729 -1.593168 -4.385391 3.998953 -0.295092 2.965404 3.533086 3.350821 -1.643112 2.857587 1.582239 0.687776 -1.163446 -3.270306 4.170403 -2.589327 0.150281 -0.199589 -0.052614 2.239533 1.915255 -4.515368 2.207547 4.105798 -0.960814 -0.052037
evaluations raw_y rep iid sigma t d_norm d_mean ps_norm ps_mean pc_norm pc_mean ps_squared loglikelihood mhl_norm mhl_mean x0 x1 x2 x3 x4 x5 x6 x7 x8 x9 x10 x11 x12 x13 x14 x15 x16 x17 x18 x19 x20 x21 x22 x23 x24 x25 x26 x27 x28 x29 x30 x31 x32 x33 x34 x35 x36 x37 x38 x39
1 88.0091838152 2.0000000000 7.0000000000 0.6976141653 67.0000000000 5.6209078784 0.8860967077 4.7325684830 -0.0830487929 4.0385545778 -0.0234503710 22.3972044463 -571.1732838112 26.4909869092 6.7727512973 -0.833516 -0.112534 -4.272392 3.280542 -3.586871 -1.683495 1.005763 -2.490576 -2.115904 -1.818015 1.102908 4.584416 0.083079 -2.235851 1.078117 -1.192319 -0.038261 2.350002 -1.495742 0.018051 -1.756216 -0.312868 0.513141 -1.977558 -0.677644 -0.472368 -1.275310 -2.375225 -2.842434 -0.306990 -0.538114 4.462734 -4.869535 0.225453 0.740889 2.719268 1.003714 -1.688427 0.000020 1.084705
3 76.9827901801 2.0000000000 7.0000000000 0.6976141653 67.0000000000 5.6209078784 0.8860967077 4.7325684830 -0.0830487929 4.0385545778 -0.0234503710 22.3972044463 -571.1732838112 26.4909869092 6.7727512973 -0.378939 -0.154437 1.649406 2.496426 -0.807785 -2.769037 2.734471 2.435771 -0.924011 0.701777 0.763732 1.132551 0.408416 2.813392 -3.475919 2.081648 0.760944 -0.434271 2.347063 -4.687206 2.323043 0.772156 -2.266267 0.866185 -0.608173 5.000000 3.670665 0.881380 -1.438508 -1.166829 -0.650099 -1.120469 -1.804492 -1.181945 -0.552359 -1.033768 -1.397180 -1.857784 5.000000 -2.946346
5 73.4750811426 2.0000000000 7.0000000000 0.6976141653 67.0000000000 5.6209078784 0.8860967077 4.7325684830 -0.0830487929 4.0385545778 -0.0234503710 22.3972044463 -571.1732838112 26.4909869092 6.7727512973 -2.510854 1.876327 -0.936693 -2.509441 0.249647 1.513004 0.482879 0.994851 5.000000 1.642242 3.063521 -3.971692 0.730107 1.548164 -0.728958 -1.751959 0.793040 -0.629235 -1.187511 2.299001 2.671132 0.605259 -0.908456 1.028741 1.658917 1.261244 -2.906729 -0.676036 0.718267 1.244441 1.921564 1.516741 -2.268637 -1.414842 -2.442858 3.608953 0.360820 1.106329 2.066058 -0.658005
6 57.0773261049 2.0000000000 7.0000000000 0.6976141653 67.0000000000 5.6209078784 0.8860967077 4.7325684830 -0.0830487929 4.0385545778 -0.0234503710 22.3972044463 -571.1732838112 26.4909869092 6.7727512973 -2.302006 -0.853045 -0.296294 3.002874 1.739196 -2.174181 1.328443 1.469769 -2.122731 -0.217034 -3.700808 0.660976 -0.631386 -2.700004 -1.396342 0.479902 -1.105899 0.599054 1.105327 -1.680886 -0.624541 4.289356 0.242211 -1.693658 0.120925 -2.677178 2.265492 0.740610 2.171613 1.804359 0.780593 1.951019 0.383147 -1.324418 -2.047030 -0.896350 -5.000000 3.651989 -3.428135 -0.153279
26 53.4180591257 2.0000000000 7.0000000000 1.8833223386 1.0000000000 6.3127416194 0.9981084948 3.0459326688 -0.0105617967 2.5830657432 -0.0089568019 9.2777058227 -1297.7858295464 27.1271388434 6.9602113994 0.704371 0.628591 -0.616563 0.581951 1.067437 -1.991413 2.033366 0.815791 -0.691305 1.160099 1.333365 -3.680481 -2.390422 -3.972209 0.396636 -2.228421 0.675162 -2.389083 -0.997669 1.156588 0.971159 0.619117 -1.735945 -2.509282 -1.173905 -2.477971 -0.860459 0.175038 -1.723279 1.078102 3.591306 0.461688 -1.913790 1.268936 -1.993922 1.333348 -1.410958 0.665237 0.474221 0.929713
122 47.2516717480 2.0000000000 7.0000000000 1.6731847571 8.0000000000 6.2349116683 0.9855588665 6.3795195012 0.1362103691 5.9360769605 0.1120448057 40.6982690661 -1111.2325173171 22.9773394224 5.8928736974 -5.000000 -1.954640 4.286268 -0.003823 1.122343 1.627848 5.000000 -0.845326 4.852848 -3.684131 2.833293 1.569861 -2.757580 -2.290738 1.741072 1.867294 2.237758 -1.158977 -1.710378 1.816160 -2.524544 5.000000 4.344879 -5.000000 -2.124237 -1.054144 -1.802951 2.623202 3.627401 -2.603341 -1.192500 -0.602568 -1.239746 -4.842716 -0.431802 0.940788 -1.539132 0.584194 -0.116759 5.000000
316 44.4424127555 2.0000000000 7.0000000000 1.3018274202 21.0000000000 6.1046687290 0.9643747808 4.5128609150 0.0457649914 4.1977438187 0.0470225300 20.3659136379 -1019.1703424716 26.1418116581 6.6563362713 -3.944467 2.647707 -3.718544 -1.593115 0.531187 3.398937 1.927909 1.519139 2.847180 -1.970818 2.665542 1.503565 -1.808120 -1.769328 2.209024 -0.540371 0.886701 0.137764 -3.639176 1.396319 -0.037744 3.938407 1.063381 -2.746447 -3.588899 -1.501300 -4.728324 2.756956 2.482553 0.279253 1.571033 -2.418037 -2.581816 0.480755 1.669712 0.273302 -3.425050 -1.542150 0.106453 1.282026
346 40.0500961800 2.0000000000 7.0000000000 1.2318305023 23.0000000000 6.0796268747 0.9603502961 4.5820281015 -0.0153349639 4.1918257327 -0.0069779277 20.9949815226 -950.8880849948 24.9407107849 6.3387991084 -3.758422 3.977234 -3.734884 -1.623935 0.334963 0.801667 1.995112 0.828011 3.142168 -2.395601 2.160387 0.457045 -3.043584 -0.698898 1.340036 0.035184 3.366269 -2.097163 -3.957862 -0.863589 0.172974 4.208149 2.494753 -4.807217 -4.602578 0.908793 -4.559950 2.006984 3.019405 1.534314 0.354981 -1.373437 -0.977847 3.595772 0.781934 -4.225513 -3.985405 -0.951441 3.061858 0.878728
1005 81.3844044170 2.0000000000 7.0000000000 0.7977111965 67.0000000000 5.6378626451 0.8888781761 5.7316107207 -0.0399233446 5.2225922581 -0.0196002737 32.8513614539 -619.6259536884 24.9475458971 6.3868658072 -3.188328 5.000000 -2.445354 -2.358626 -2.138762 3.802270 1.229689 1.578541 2.563070 -3.542379 3.544411 1.793074 -2.927154 -0.640321 2.587225 -3.026509 -1.603941 -0.717583 1.505892 2.689199 1.786830 -0.287133 3.096731 -3.631274 -3.594726 -0.819552 -4.339182 0.747637 2.825073 2.116306 -3.723026 0.518514 -0.657031 3.878147 2.984746 0.456506 -3.110478 -0.205028 -0.306549 0.647145
evaluations raw_y rep iid sigma t d_norm d_mean ps_norm ps_mean pc_norm pc_mean ps_squared loglikelihood mhl_norm mhl_mean x0 x1 x2 x3 x4 x5 x6 x7 x8 x9 x10 x11 x12 x13 x14 x15 x16 x17 x18 x19 x20 x21 x22 x23 x24 x25 x26 x27 x28 x29 x30 x31 x32 x33 x34 x35 x36 x37 x38 x39
1 88.1387662558 3.0000000000 7.0000000000 0.7977111965 67.0000000000 5.6378626451 0.8888781761 5.7316107207 -0.0399233446 5.2225922581 -0.0196002737 32.8513614539 -619.6259536884 24.9475458971 6.3868658072 3.577257 0.873020 0.192995 -3.726985 -0.554776 -0.709518 -0.165483 -1.254001 -0.087636 -0.954436 -2.627730 1.769245 1.762636 3.419146 0.100067 -0.809355 -1.090720 -3.092955 1.964735 -2.202135 -2.370093 -0.411300 2.972297 0.473433 -2.047570 -1.425986 1.250490 -0.321027 -1.537673 -0.460061 1.490113 3.952222 -2.488247 -1.252834 -1.607532 -4.838166 -1.847584 -2.047752 2.247956 -0.263828
2 78.8015871875 3.0000000000 7.0000000000 0.7977111965 67.0000000000 5.6378626451 0.8888781761 5.7316107207 -0.0399233446 5.2225922581 -0.0196002737 32.8513614539 -619.6259536884 24.9475458971 6.3868658072 -3.246571 1.293351 -0.712542 -3.486282 -1.193299 -1.177189 -1.747765 0.059428 -4.496516 -0.535524 2.026367 1.705596 2.216375 2.238781 2.975086 -2.236601 1.691667 -3.721779 -1.205770 -3.828944 2.096295 2.667476 -0.394829 3.549290 -1.349455 0.301234 0.305891 -2.128391 0.875893 3.877957 -2.049862 1.798677 -0.309014 3.539255 0.967577 1.352433 1.286327 0.498173 -2.791527 2.783326
5 69.4755543302 3.0000000000 7.0000000000 0.7977111965 67.0000000000 5.6378626451 0.8888781761 5.7316107207 -0.0399233446 5.2225922581 -0.0196002737 32.8513614539 -619.6259536884 24.9475458971 6.3868658072 -1.591829 0.145491 -0.522481 -2.596093 5.000000 -0.142438 -2.973316 2.817254 -2.141171 0.741740 1.725664 -1.296864 -0.861780 -1.080541 -0.258722 -3.244922 -2.471273 -0.281573 2.077904 1.263488 3.458835 1.388105 -1.022258 -0.245687 -4.060787 -1.921550 -2.040719 0.541187 1.295660 -1.120747 -1.177003 -3.093112 -0.255524 0.496336 0.891562 -1.565418 3.976979 2.390117 -0.190475 -1.054376
11 62.5278265948 3.0000000000 7.0000000000 0.7977111965 67.0000000000 5.6378626451 0.8888781761 5.7316107207 -0.0399233446 5.2225922581 -0.0196002737 32.8513614539 -619.6259536884 24.9475458971 6.3868658072 0.178107 1.557794 2.529290 -1.761023 0.472811 1.631209 3.721623 0.511181 -1.083007 -1.379199 -0.714881 -1.303840 1.653072 2.138611 1.449714 2.384372 -0.907537 0.760670 -0.769326 0.087317 2.449971 -0.059471 -3.729612 -0.505632 -1.425700 -3.017834 -1.580731 1.921250 3.361821 -0.978012 2.005072 2.356444 -2.319585 -0.078725 -0.088920 0.344771 -3.187502 -0.698284 2.115642 2.524406
14 60.4807492078 3.0000000000 7.0000000000 0.7977111965 67.0000000000 5.6378626451 0.8888781761 5.7316107207 -0.0399233446 5.2225922581 -0.0196002737 32.8513614539 -619.6259536884 24.9475458971 6.3868658072 0.528253 0.017626 -1.660191 2.025625 -3.491447 -2.517293 0.254590 4.387526 0.827868 -2.010479 1.185314 1.366793 1.875714 -0.819729 -1.599453 0.236435 0.830550 3.196470 4.179298 -1.466140 -1.045943 -0.127146 -0.499544 0.971580 0.971474 0.515794 2.688143 -0.317022 -2.101616 -3.121202 -2.056280 -2.088516 -3.766848 1.326376 0.370536 -0.845585 -1.779778 -3.161891 -1.839439 3.695818
16 57.5336173564 3.0000000000 7.0000000000 1.8802668095 1.0000000000 6.3114972192 0.9979140814 2.9584306427 -0.0252932546 2.5088607260 -0.0214496335 8.7523118676 -1280.7422381698 26.5476107597 6.7966152834 0.373021 1.288857 -1.561617 -0.154629 -0.484274 -0.718522 -1.060516 2.019411 -2.646565 -1.806065 2.789326 1.350959 1.578590 -0.245000 -0.673856 -1.570902 0.929985 -1.799803 -0.282079 -2.971328 -0.076971 0.604198 -2.372733 0.325164 -0.247136 0.314644 -0.509298 -0.046342 -2.561648 0.409260 -2.925759 1.019120 -5.000000 0.178182 -4.636141 -1.202627 -1.148479 -1.884074 -1.720975 1.726082
17 57.3631509678 3.0000000000 7.0000000000 1.8802668095 1.0000000000 6.3114972192 0.9979140814 2.9584306427 -0.0252932546 2.5088607260 -0.0214496335 8.7523118676 -1280.7422381698 26.5476107597 6.7966152834 3.301205 -2.103250 4.858406 0.046671 -0.613548 0.915088 -2.795089 4.132809 -0.452779 1.247069 4.620120 2.055108 -0.111151 1.098975 -3.024423 -5.000000 -2.414769 -1.211602 -1.204813 -1.823924 1.014597 3.126758 0.260440 0.865139 -4.162592 -2.315163 0.119136 0.947988 -0.021227 1.888290 -1.932981 -0.978179 -1.977875 -0.519932 -0.162265 0.551811 -0.805442 -1.953969 -1.722282 -0.812937
25 54.2000633095 3.0000000000 7.0000000000 1.8802668095 1.0000000000 6.3114972192 0.9979140814 2.9584306427 -0.0252932546 2.5088607260 -0.0214496335 8.7523118676 -1280.7422381698 26.5476107597 6.7966152834 -0.304646 0.604288 -1.956499 -2.785227 1.512158 -0.044235 0.781655 1.215909 -0.985486 0.084889 3.364252 3.424547 0.253618 1.728717 -0.642435 3.418277 2.136662 3.798963 2.114300 -0.217669 3.613168 0.113719 -0.526097 0.507764 -3.526536 -3.309786 2.593264 1.446545 0.138109 -2.014515 -0.117240 0.046331 -2.818887 -2.221903 -2.099452 -0.209934 -1.722650 -1.794873 1.918145 2.967834
117 51.1980206719 3.0000000000 7.0000000000 1.6180518141 7.0000000000 6.2379945466 0.9861348717 4.5730337348 -0.0633700246 4.2797478114 -0.0485240931 20.9126375398 -1157.3181485465 25.6620987290 6.5792747639 3.220425 -2.876170 0.203047 -2.005585 -1.878955 0.293165 0.306967 1.894597 0.490414 -0.829369 1.932944 -1.579993 -2.417585 1.427890 -2.791644 1.209097 -3.335736 5.000000 -2.245791 -0.990259 2.838894 0.815607 2.371999 -1.587370 -2.931323 -5.000000 1.134677 4.278748 5.000000 2.568096 -2.829861 1.041083 -5.000000 -1.122054 -0.425957 -3.618297 -0.044690 -0.172206 -1.996708 3.314276
195 49.4684574278 3.0000000000 7.0000000000 1.3332507422 12.0000000000 6.1783300711 0.9765835173 4.6225569398 0.1109751762 4.1753144843 0.0780518935 21.3680326621 -1043.3993004336 26.1266245797 6.6554230959 2.261858 -2.818632 4.006540 0.916180 -1.779541 -1.674658 -0.980517 -0.551242 1.741722 2.375559 3.195008 -1.791074 3.750289 3.126853 -0.285111 -0.630268 -5.000000 0.708651 -2.512063 -2.353150 1.344150 2.530415 -0.922910 0.478484 -4.741284 -0.850770 1.989602 4.416372 2.550670 1.891361 0.468355 0.657253 -2.959458 -2.054853 -3.398097 -4.261148 -0.769613 4.794214 1.687747 0.563325
477 44.5899647323 3.0000000000 7.0000000000 1.0647223503 31.0000000000 5.9736522710 0.9434236996 5.2690838451 -0.0835223951 4.7188672919 -0.0726147646 27.7632445668 -855.4264262880 25.3500969970 6.4331169821 3.469892 -2.243742 2.922469 -0.414364 -0.304324 2.040319 0.406859 -0.235359 1.013806 -0.236848 1.042111 -2.283718 3.144686 3.126173 -1.431763 -0.570731 -3.053675 3.788975 -2.777085 0.534344 0.837252 0.850567 -1.712940 0.515431 -0.536804 0.236835 -1.005649 -0.898975 3.051839 -0.265822 0.627180 -1.865009 -4.293581 -3.189720 -1.845830 -2.579270 -4.440105 1.318944 2.105752 3.947689
563 44.3785025660 3.0000000000 7.0000000000 1.0230407783 37.0000000000 5.9174154527 0.9342874135 6.5352522505 -0.1503949091 6.0934673674 -0.1338095126 42.7095219782 -822.9968996473 25.3087159489 6.4743508206 2.812288 -2.658048 4.085035 -1.617277 -0.164537 3.221980 1.019950 -0.046966 1.548723 0.177412 0.899165 -1.022825 1.577266 3.628169 -2.556963 -0.216482 -2.365685 3.567180 -4.407690 -1.274308 3.655566 0.102488 -0.568748 -1.271557 -1.830890 1.755718 -1.770736 -1.551536 3.962107 -0.252952 3.379173 -2.985169 -1.273098 -4.985092 -1.803083 -1.905476 -5.000000 -0.734032 2.410920 1.801314
888 42.8436734349 3.0000000000 7.0000000000 0.6471934354 59.0000000000 5.6877087710 0.8971737196 5.1959125673 -0.0222675269 4.2718678251 -0.0053732993 26.9975074070 -559.1147118426 27.3221565213 6.9555576703 3.469735 -3.302493 4.287838 -1.072350 -0.045628 4.385212 0.427402 1.341236 2.118043 -1.176050 0.008968 -1.595705 1.884813 3.133325 -3.704982 -1.359886 -4.055524 2.552255 -3.200323 -0.431997 3.588327 1.953004 -2.803789 -0.987009 0.973626 -1.060574 -2.940434 -2.417006 2.409259 0.143575 3.893163 -2.956160 -1.271186 -3.722929 -2.924539 -1.698717 -3.614495 2.338477 2.668977 2.615984
934 34.1558418626 3.0000000000 7.0000000000 0.6258937038 62.0000000000 5.6552006254 0.8919985930 5.7877117529 0.1475178040 4.9086787554 0.1117952430 33.4976073346 -502.9640264742 25.9791612340 6.6595448327 2.665108 -4.893620 4.764297 0.675389 0.284324 4.681694 0.085017 1.536598 1.985563 -0.275668 0.145237 -0.081406 1.089876 2.832414 -2.974768 -1.736489 -4.013831 2.346793 -3.007083 -0.245070 3.252144 2.084500 -1.600455 -0.331243 0.407447 -1.108774 -3.387258 -2.493126 0.733394 1.438010 3.984388 -4.089219 -0.903092 -2.911110 -2.382202 -1.350595 -1.685683 2.896718 2.242086 3.384990
1005 69.9287707798 3.0000000000 7.0000000000 0.6204738200 67.0000000000 5.6026323328 0.8834384970 7.0300751400 -0.1985653513 6.1620062568 -0.1342584991 49.4219564743 -465.6395231327 24.9217531144 6.3388369658 2.068786 -5.000000 5.000000 -0.927746 -0.666550 3.447019 -1.033116 1.368027 1.372039 -0.351734 0.173123 -1.017599 0.639849 3.048694 -2.943879 -1.110066 -4.747348 1.803125 -3.466710 0.241052 2.481988 1.458787 -1.964853 -0.494620 1.052377 0.445358 -3.313579 -3.217858 0.415492 -0.246213 4.651174 -3.844093 -0.506822 -3.179858 -2.016390 -1.088565 -2.036445 1.134967 2.451238 4.232464
evaluations raw_y rep iid sigma t d_norm d_mean ps_norm ps_mean pc_norm pc_mean ps_squared loglikelihood mhl_norm mhl_mean x0 x1 x2 x3 x4 x5 x6 x7 x8 x9 x10 x11 x12 x13 x14 x15 x16 x17 x18 x19 x20 x21 x22 x23 x24 x25 x26 x27 x28 x29 x30 x31 x32 x33 x34 x35 x36 x37 x38 x39
1 82.5781483355 4.0000000000 7.0000000000 0.6204738200 67.0000000000 5.6026323328 0.8834384970 7.0300751400 -0.1985653513 6.1620062568 -0.1342584991 49.4219564743 -465.6395231327 24.9217531144 6.3388369658 0.101123 0.999903 -1.991818 1.387197 -0.836603 -3.169154 -1.295414 1.197150 0.664500 -2.294953 1.237339 -0.175974 0.850145 0.664506 -2.313633 0.701994 -1.213775 3.093959 1.446683 0.092271 -1.965983 0.108865 0.319786 -2.417896 4.446720 0.788590 3.384715 -2.225624 3.271495 -2.721931 -1.302452 1.084903 0.096012 -4.716147 -2.211168 1.675673 4.175742 1.829682 -0.552407 1.593024
3 82.5341408289 4.0000000000 7.0000000000 0.6204738200 67.0000000000 5.6026323328 0.8834384970 7.0300751400 -0.1985653513 6.1620062568 -0.1342584991 49.4219564743 -465.6395231327 24.9217531144 6.3388369658 -2.194244 -1.056392 -4.759551 -1.215367 -2.150580 4.044810 -1.129751 -3.085858 1.741684 -0.350421 0.097206 0.377292 0.418627 -0.748890 1.909397 1.046495 -0.991637 -0.342929 -1.888737 0.561729 1.476494 1.301506 1.229481 -0.253137 3.157748 -0.414363 0.060134 -0.672360 0.162528 -0.481048 4.064359 0.851693 -3.365930 -0.867773 -2.832455 1.759798 2.749186 -0.902086 1.227065 -0.420313
4 56.8206361107 4.0000000000 7.0000000000 0.6204738200 67.0000000000 5.6026323328 0.8834384970 7.0300751400 -0.1985653513 6.1620062568 -0.1342584991 49.4219564743 -465.6395231327 24.9217531144 6.3388369658 0.816116 3.464797 -0.698896 -2.466274 1.436549 1.033119 1.347603 2.052910 -1.362297 -3.932029 2.081813 -0.817301 -2.414801 -2.336581 2.256747 0.361667 0.605804 1.700774 -1.353802 -2.250229 -1.705903 -2.209149 -0.582192 -1.781951 0.077270 -0.961698 -0.159959 1.299581 2.802554 3.111876 0.229844 0.424741 -1.016760 2.011964 3.063582 -1.187204 1.528211 -0.659133 -0.342230 0.368570
78 49.2564269197 4.0000000000 7.0000000000 1.6584743830 5.0000000000 6.2664865693 0.9907035302 5.0156280030 0.0493552884 4.4855830454 0.0588598337 25.1565242647 -1187.9648499614 26.1053463551 6.6361805699 -0.407358 2.448857 3.454956 2.012801 3.635913 -3.675110 -0.534087 0.635390 -2.448578 0.574161 -2.101427 1.602265 -1.753252 -1.502117 3.468679 -0.309435 4.518851 2.229419 4.984026 2.239372 0.319062 0.676248 -0.307576 2.079183 1.761561 2.846313 1.368472 1.302603 -0.848096 1.180484 0.013875 -1.522623 -2.232610 2.601137 2.285981 -3.487747 4.462492 -0.954836 -1.077956 0.566334
149 37.3168443775 4.0000000000 7.0000000000 1.5113057590 9.0000000000 6.2172542281 0.9828046281 4.8590311245 0.0096649881 4.5928774922 0.0400886415 23.6101834688 -1096.3553804362 25.0281015442 6.3537643662 -1.989534 0.037415 4.483439 -1.502100 1.446494 -2.129841 -2.918814 2.986841 -5.000000 -0.049688 -1.723481 -1.103845 1.822716 -3.285790 3.421612 -0.296666 1.889497 1.345710 4.693828 0.214950 1.111510 -0.966925 -2.015822 2.770271 -1.811326 4.473790 -1.258175 -1.331393 -0.980003 -1.589839 -0.439305 -1.004922 -3.330011 4.409284 1.634958 -2.220750 -0.584595 0.165622 -4.100800 -1.079595
1005 71.7739048973 4.0000000000 7.0000000000 0.8751307329 67.0000000000 5.6288275098 0.8870003905 5.6844733870 -0.0679771291 5.1136570448 -0.0820522064 32.3132376870 -688.5219860233 25.5766183081 6.5524397083 -3.740863 -2.999326 3.726315 4.039539 0.117548 0.129206 -2.799014 -0.998070 1.217424 -0.538229 2.711558 -0.886572 1.122472 -1.158533 2.997732 -0.986147 -4.902969 2.282629 2.657759 -3.249359 2.022419 -0.893929 1.111754 -3.636197 -0.116156 -2.185294 2.335156 4.484192 1.098154 2.736628 -0.027487 -0.747076 -2.707060 0.433562 3.699858 0.449089 -3.107247 3.559966 -0.733453 -0.230172
evaluations raw_y rep iid sigma t d_norm d_mean ps_norm ps_mean pc_norm pc_mean ps_squared loglikelihood mhl_norm mhl_mean x0 x1 x2 x3 x4 x5 x6 x7 x8 x9 x10 x11 x12 x13 x14 x15 x16 x17 x18 x19 x20 x21 x22 x23 x24 x25 x26 x27 x28 x29 x30 x31 x32 x33 x34 x35 x36 x37 x38 x39
1 68.1658823804 5.0000000000 7.0000000000 0.8751307329 67.0000000000 5.6288275098 0.8870003905 5.6844733870 -0.0679771291 5.1136570448 -0.0820522064 32.3132376870 -688.5219860233 25.5766183081 6.5524397083 0.882455 -0.661740 4.861542 -0.504184 0.219220 3.164962 -1.818465 -1.183273 0.375206 -0.659740 -2.385529 -0.409753 -0.717658 1.206943 -3.329577 -1.400358 2.302782 3.714662 -3.022359 1.289695 -1.961216 -1.713706 -1.743758 -0.845016 1.992880 1.424843 0.118288 -0.726622 0.006578 -0.211861 1.586107 -1.263143 -0.012390 -0.202135 -0.104616 0.498435 0.395320 2.669697 -0.173751 3.123065
10 63.7074722048 5.0000000000 7.0000000000 0.8751307329 67.0000000000 5.6288275098 0.8870003905 5.6844733870 -0.0679771291 5.1136570448 -0.0820522064 32.3132376870 -688.5219860233 25.5766183081 6.5524397083 0.847735 -0.774663 -1.713736 1.630628 -0.331632 5.000000 -0.498940 -1.434676 -1.098995 0.742174 -1.394692 -2.526602 3.278425 -2.480289 3.027292 0.282113 -2.124196 3.332761 -0.406907 -2.015095 0.130819 2.572891 1.367487 1.652490 3.508673 0.429128 0.751630 -0.451968 -2.909388 -0.289069 3.233958 -3.462107 2.687892 0.523079 -1.821039 0.130939 3.552644 -1.146266 1.581187 2.263028
11 60.2666268737 5.0000000000 7.0000000000 0.8751307329 67.0000000000 5.6288275098 0.8870003905 5.6844733870 -0.0679771291 5.1136570448 -0.0820522064 32.3132376870 -688.5219860233 25.5766183081 6.5524397083 -1.794188 1.265424 1.070310 -0.948305 1.369972 -0.722388 -1.154860 -2.469459 0.770960 -0.858380 -1.117853 -2.298000 -2.730312 -1.578478 1.459920 -1.627764 2.889719 0.816519 0.316130 -2.406481 3.907177 -2.881267 1.068150 3.388657 -0.397894 -1.367051 -0.037996 1.831325 2.717414 1.208875 -2.138831 -1.348380 0.406816 -2.552330 -0.480607 4.481907 -2.114924 2.321118 -1.865969 -0.681448
13 51.8713401063 5.0000000000 7.0000000000 0.8751307329 67.0000000000 5.6288275098 0.8870003905 5.6844733870 -0.0679771291 5.1136570448 -0.0820522064 32.3132376870 -688.5219860233 25.5766183081 6.5524397083 0.414134 1.043567 0.452779 1.598261 0.918492 0.065399 -1.859126 -0.690074 1.804959 -2.332999 0.221984 -4.096793 -1.391222 -3.246321 2.489082 -3.645498 -0.479213 1.456886 1.217769 1.546369 2.124708 0.947010 1.669196 -0.108283 -0.051279 -3.520801 0.337410 2.534554 -1.495897 -2.339494 0.182469 2.268838 2.413149 -3.000930 0.900041 -1.312499 0.554942 -4.515406 1.843575 -0.791183
55 50.0678853505 5.0000000000 7.0000000000 1.7485625200 3.0000000000 6.2862963788 0.9938858733 4.3703080297 -0.0233837273 3.8649903286 -0.0205489160 19.0995922748 -1211.5391705352 25.7140603822 6.5822441800 2.281036 2.289118 0.858227 2.218220 -0.845941 1.233480 -1.154163 -0.506892 -3.928173 -0.741288 -3.274882 -2.179856 -2.628726 -5.000000 2.257319 -3.624506 1.165292 4.500563 0.519266 -2.189172 3.572736 0.574025 1.789508 2.875572 1.585464 -4.421609 -0.024309 0.905630 -2.580980 2.005813 2.251717 -2.660652 -0.341017 -3.112640 0.630869 4.001763 -0.470064 -2.206495 -2.359232 1.840660
318 44.1598667246 5.0000000000 7.0000000000 1.2984448660 21.0000000000 6.0910617408 0.9622749834 5.9108158719 -0.1783934813 5.5410234602 -0.1822884592 34.9377442717 -986.7540258111 25.0973861019 6.3918590777 1.129135 4.252431 -0.535046 -0.301760 -2.575844 -2.577878 -0.428180 -2.398815 -5.000000 -4.056255 -1.800074 -0.226416 -2.376114 2.522201 -3.692011 -3.531701 -0.700806 3.641422 1.686796 0.367956 1.375342 -1.877842 -2.454562 -1.143839 0.548901 -0.621204 0.196737 3.256069 -2.659976 -4.282508 2.014679 -0.426966 4.990428 -0.697812 -1.320852 -4.463292 1.464645 -3.902794 -3.292671 5.000000
412 42.5265430821 5.0000000000 7.0000000000 1.1499377730 27.0000000000 6.0238091408 0.9514066815 5.2112175679 0.0255078901 4.6295226843 0.0108165070 27.1567885402 -933.8685918037 26.2753160766 6.7325934156 4.410808 1.196278 1.692055 4.253830 1.742825 0.490683 2.766032 -4.582228 -3.967024 -2.214550 -3.644399 -0.958721 1.143048 2.215177 -1.284395 -1.089050 -0.996944 3.759691 -1.202539 0.472255 0.799800 -4.042578 -4.578897 -0.479047 -0.387275 2.499572 -4.035152 2.669163 -1.936435 -4.246507 -0.740638 -0.275521 1.578298 -0.142674 -0.930572 -0.447093 -0.958188 -4.138268 2.268991 3.832291
809 40.7592262953 5.0000000000 7.0000000000 0.8211267734 53.0000000000 5.7503475404 0.9072673381 5.4559842098 -0.0093966608 4.6680761662 -0.0285842097 29.7677636977 -679.7421125791 25.9502240761 6.5914691810 2.978611 1.594278 -0.382724 -0.019543 -3.838515 -0.058581 5.000000 -3.257212 -4.144354 -0.982773 -3.877620 -0.563388 -3.248490 1.653119 -3.933740 -2.666458 -1.336032 1.969220 2.866088 -1.808560 3.237592 -1.748164 -2.957686 2.264317 1.133257 1.186194 -2.397567 1.270173 0.804089 -3.409127 -1.414830 -0.813127 2.495595 -0.608753 0.680058 -2.709879 -2.739294 -3.897412 3.054673 1.648234
939 39.2370979954 5.0000000000 7.0000000000 0.7641157402 62.0000000000 5.6575529398 0.8921755074 5.0045622632 0.1322512555 4.3741311050 0.1387213524 25.0456434465 -629.0360658436 26.2676065758 6.6916223667 4.702332 1.821717 0.871091 0.068059 -1.036140 -1.200865 3.580099 -4.642358 -4.080103 -3.148031 -2.478081 -2.729305 -3.425144 1.479734 -3.068229 -3.395433 -3.813823 3.258522 3.203941 -1.931750 2.720002 -0.495797 -1.691197 3.329875 1.370392 2.210442 -3.091163 3.036645 -0.642577 -3.928943 -1.302534 0.442982 2.940363 -0.747221 2.185599 -2.264359 -1.735890 -3.620199 4.474516 2.039087
1005 94.3322362884 5.0000000000 7.0000000000 0.6969862797 67.0000000000 5.6060822180 0.8837904993 6.0195961010 -0.0028908862 5.1795051076 0.0439133948 36.2355372194 -551.8118190076 25.6871244212 6.5641611978 4.815448 1.758903 0.946220 1.289777 -1.549592 -0.624744 4.078126 -3.932568 -1.941801 -1.651697 -2.835215 -1.459222 -4.162688 1.187667 -2.238899 -3.155837 -2.361505 2.025901 3.559169 -0.403300 1.324819 -2.662382 -2.896482 2.742631 1.994928 3.467345 -2.606795 3.664043 -0.115112 -3.589751 -1.409758 1.291577 3.853802 -0.775168 2.886500 -1.338718 -1.091397 -3.435014 2.951605 2.753305
evaluations raw_y rep iid sigma t d_norm d_mean ps_norm ps_mean pc_norm pc_mean ps_squared loglikelihood mhl_norm mhl_mean x0 x1 x2 x3 x4 x5 x6 x7 x8 x9 x10 x11 x12 x13 x14 x15 x16 x17 x18 x19 x20 x21 x22 x23 x24 x25 x26 x27 x28 x29 x30 x31 x32 x33 x34 x35 x36 x37 x38 x39
1 76.0972762820 6.0000000000 7.0000000000 0.6969862797 67.0000000000 5.6060822180 0.8837904993 6.0195961010 -0.0028908862 5.1795051076 0.0439133948 36.2355372194 -551.8118190076 25.6871244212 6.5641611978 -0.623567 1.458008 0.435642 -1.798184 -4.973561 1.826503 2.254127 -3.028186 3.278582 -0.859787 5.000000 1.203644 -0.671763 2.475476 0.222256 0.258302 0.152255 -0.310256 1.268451 1.621310 0.709617 3.625181 -2.712952 -0.927264 1.649308 -2.352863 3.128979 1.425410 -0.362013 1.068399 -1.173226 -2.963707 1.714495 1.886198 0.228883 -0.043913 -4.254289 -1.668815 -0.931017 0.467421
3 74.0895996250 6.0000000000 7.0000000000 0.6969862797 67.0000000000 5.6060822180 0.8837904993 6.0195961010 -0.0028908862 5.1795051076 0.0439133948 36.2355372194 -551.8118190076 25.6871244212 6.5641611978 0.352581 2.189241 -4.252949 1.502898 -1.081214 1.586445 0.347307 -2.070869 1.748537 -1.479144 1.045891 -1.183753 -0.954974 0.225059 3.809485 1.388306 -0.039163 3.325686 0.061217 -0.594998 -1.936275 0.334133 0.233204 -1.364515 -3.828042 -0.279805 0.229849 -0.790009 -1.906633 -2.145655 -0.968891 2.725876 0.305376 -3.265241 1.286603 -0.895790 4.678068 -0.626646 -0.119235 0.388337
6 72.0792066811 6.0000000000 7.0000000000 0.6969862797 67.0000000000 5.6060822180 0.8837904993 6.0195961010 -0.0028908862 5.1795051076 0.0439133948 36.2355372194 -551.8118190076 25.6871244212 6.5641611978 -1.008534 2.105020 -2.934107 3.148208 0.944675 3.353860 -3.382422 2.855615 1.857121 0.678940 -1.737564 0.709675 0.525618 -1.218070 -2.742104 -2.137250 -1.061401 2.273885 2.374116 3.381792 0.980563 -2.891060 -1.486202 -2.308089 -0.515348 2.753628 -0.357961 -0.861260 1.058145 1.466728 1.933432 -1.870548 -1.756417 -0.911457 1.486152 0.386596 -1.942647 3.793744 -1.086608 -0.247589
15 54.7439534366 6.0000000000 7.0000000000 0.6969862797 67.0000000000 5.6060822180 0.8837904993 6.0195961010 -0.0028908862 5.1795051076 0.0439133948 36.2355372194 -551.8118190076 25.6871244212 6.5641611978 -0.871655 1.443639 -0.272981 1.124385 -1.673267 1.109111 -1.104233 -1.505527 1.909151 -2.460108 0.234434 0.663400 0.492514 0.127548 2.006134 -1.275880 2.967130 2.877568 0.573105 -0.128719 -2.267263 -1.788934 -1.359818 0.379771 3.166912 -3.083853 1.867046 0.360250 0.729547 0.375372 -1.292290 -0.674847 0.221438 2.334913 -0.479585 2.758198 2.316952 -0.399751 0.786499 2.532495
60 49.3628862742 6.0000000000 7.0000000000 1.7426853221 3.0000000000 6.2871853855 0.9940332770 4.7874388807 -0.0693704409 4.1990395551 -0.0581784836 22.9195710368 -1219.4069408876 26.0554134841 6.6625205317 -4.887455 0.882845 0.897107 -0.482489 -1.023850 3.647571 -4.750651 -1.046097 -1.124788 -1.610550 -4.074134 2.443212 3.123002 -0.242901 1.601041 1.256784 3.684586 -1.786663 0.162018 0.248314 -2.954378 -2.180909 -5.000000 2.023084 0.613122 1.254217 2.092644 -0.679530 -0.654513 -1.498009 -1.500491 -0.527920 0.083374 -1.096104 -0.937652 3.878131 1.843121 -0.864381 -4.444876 1.524575
75 42.3200102265 6.0000000000 7.0000000000 1.7151558674 4.0000000000 6.2753426845 0.9921247559 5.4271197435 -0.0745693144 4.8358455321 -0.0647822230 29.4536287107 -1176.7875200858 24.8328481993 6.3172477924 -3.262257 3.136696 2.532269 -1.295347 -2.136746 3.963642 -5.000000 -4.424716 -2.364394 -3.064415 -1.235811 2.532711 4.143669 -0.331815 4.298174 -0.683643 1.365800 -1.918323 -2.324136 0.151991 -0.265552 -1.684123 -3.152061 2.750805 -1.181302 -1.282642 3.202914 3.412549 0.346901 -1.217357 -3.091802 1.357430 0.661041 0.068953 -1.059824 2.423606 4.954836 -1.089520 0.528858 0.057165
235 42.2148726666 6.0000000000 7.0000000000 1.4841758091 15.0000000000 6.1611549786 0.9736518732 5.7251267777 0.1482576468 5.1848543776 0.1371099309 32.7770766206 -1083.5234134383 25.2760497394 6.4622941191 -4.262870 -0.737256 2.533315 1.691359 -2.833959 2.649098 0.695396 -2.508668 -0.554748 -4.190593 1.887934 -0.196643 3.973000 -2.723150 0.220211 5.000000 4.814013 2.327223 1.495074 -1.643078 1.429360 1.494881 -1.071569 2.038370 0.498395 -0.816896 -0.115839 -1.063490 1.175097 1.468799 2.024597 -4.245587 2.606786 0.077898 -1.519291 0.982615 3.047514 2.036302 2.872760 -0.487713
876 39.5299113442 6.0000000000 7.0000000000 0.7689675336 58.0000000000 5.7174150030 0.9021544902 4.8720691165 0.1169435595 4.2175624247 0.1275147943 23.7370574761 -614.7289824617 25.1350616250 6.4233737180 -2.032848 1.247087 1.551249 3.388663 -1.295717 2.094118 0.397148 -2.338123 -2.241701 -0.676214 3.978156 4.632361 2.361504 0.773482 -0.219163 3.462593 3.730688 0.955762 4.073940 -2.840935 2.915772 -2.342586 -3.038978 4.609483 1.934999 -1.264684 -2.484910 -3.447582 0.096478 3.976127 -0.825015 0.212123 3.500079 -1.898125 -0.225049 0.718464 3.277620 -0.243367 5.000000 2.029843
1005 57.4556576236 6.0000000000 7.0000000000 0.7218269619 67.0000000000 5.6321836059 0.8882383556 6.3442799604 -0.0373431333 5.3711597394 0.0108397066 40.2498882156 -591.7737751026 26.2791076340 6.6816089687 -1.843430 1.597112 1.917482 2.671156 -2.871789 2.589551 -0.909740 -3.460234 -1.349840 -0.301838 3.405517 3.697751 2.882696 0.004707 1.195369 1.762967 3.338114 1.360315 3.490652 -4.538547 2.421016 0.803312 -3.588115 2.482834 0.376129 -1.665808 -2.808374 -3.186729 1.453709 2.679620 -0.737274 -0.503952 2.702823 -1.697825 1.464593 2.231393 3.717961 0.709332 4.896417 3.355682
evaluations raw_y rep iid sigma t d_norm d_mean ps_norm ps_mean pc_norm pc_mean ps_squared loglikelihood mhl_norm mhl_mean x0 x1 x2 x3 x4 x5 x6 x7 x8 x9 x10 x11 x12 x13 x14 x15 x16 x17 x18 x19 x20 x21 x22 x23 x24 x25 x26 x27 x28 x29 x30 x31 x32 x33 x34 x35 x36 x37 x38 x39
1 77.3425399752 7.0000000000 7.0000000000 0.7218269619 67.0000000000 5.6321836059 0.8882383556 6.3442799604 -0.0373431333 5.3711597394 0.0108397066 40.2498882156 -591.7737751026 26.2791076340 6.6816089687 3.381051 -0.931875 0.065640 0.815033 -1.577846 0.004131 -0.001781 -3.509449 2.035316 1.200997 -1.250858 -0.343097 1.010599 -0.522713 -0.485498 -2.906483 1.109161 0.247762 0.548920 -3.053049 3.301399 0.308671 -0.774280 4.058144 -0.090772 -2.901357 -0.810456 -4.576630 2.098793 -0.832949 -1.485107 2.144940 -3.302151 1.070859 -4.128830 -1.324319 -2.408440 2.923951 3.532322 -0.658828
2 52.5170357060 7.0000000000 7.0000000000 0.7218269619 67.0000000000 5.6321836059 0.8882383556 6.3442799604 -0.0373431333 5.3711597394 0.0108397066 40.2498882156 -591.7737751026 26.2791076340 6.6816089687 1.681466 -0.359973 1.136124 -1.505674 -3.416678 -3.606197 0.766244 4.495190 0.538823 -1.049209 3.824038 0.474604 0.202868 0.505155 -0.264754 -0.618953 -2.869927 1.003248 -0.189551 2.386172 -0.737637 -3.812740 -0.199221 3.399075 -0.766846 -1.779714 -2.387184 -2.100034 -0.600387 -2.359964 2.995278 -0.565270 0.217297 2.876479 3.006637 -0.425466 0.663948 1.470053 -0.385711 -3.556026
11 43.9398182024 7.0000000000 7.0000000000 0.7218269619 67.0000000000 5.6321836059 0.8882383556 6.3442799604 -0.0373431333 5.3711597394 0.0108397066 40.2498882156 -591.7737751026 26.2791076340 6.6816089687 -0.120003 1.575371 -2.863408 0.867819 0.277820 -3.236538 2.674640 -1.408154 1.366457 -0.839870 1.987086 2.624524 -1.660099 -3.060797 -0.262820 1.697833 -0.742624 -1.227047 0.976565 -5.000000 -1.329431 -2.767593 0.589627 -1.472499 -2.230335 -0.707662 -2.936817 -0.026247 -1.364745 -0.754838 -1.434276 1.824526 -0.217707 1.049024 0.959571 -1.612302 1.139947 0.698217 0.627297 -0.797387
658 42.8453763152 7.0000000000 7.0000000000 1.0420618594 43.0000000000 5.8823441011 0.9284279195 6.2962680252 -0.0366740704 5.8712885861 -0.0267582989 39.6429910453 -798.7339197668 24.0906357355 6.1587585854 4.288074 3.201593 -2.158479 -3.206213 3.749380 0.373906 0.866187 3.717414 1.349012 0.964710 -4.186862 -3.038266 -3.620315 2.934979 -0.147847 3.302600 -1.724120 -2.346152 0.345432 -3.976080 3.671069 3.401742 -5.000000 2.555864 2.283222 -0.831978 -1.863047 0.976354 -2.085101 -0.085064 -0.864495 0.325016 -0.811962 -3.969495 3.605101 0.770358 1.358499 3.996710 -5.000000 -3.478478
1005 73.3522266340 7.0000000000 7.0000000000 0.7356524447 67.0000000000 5.6426055949 0.8894551035 5.3225379634 0.0807845419 4.9654060578 0.0622703761 28.3294103717 -555.1743218544 24.1574581471 6.1335830134 3.466698 -0.273082 1.101751 1.530130 3.412889 2.025552 1.916255 2.253553 2.574286 -1.844512 -4.649382 -2.321092 -4.021287 2.506590 0.341818 2.495548 -4.724017 -0.330426 -2.234994 -2.650336 2.229345 2.119371 -1.614847 4.391119 -0.801525 -1.014972 -2.401057 4.917572 -4.365428 0.238672 -0.693223 0.289822 -2.732965 -2.883918 1.301047 2.603504 2.563785 1.175968 -3.010471 -2.186015
evaluations raw_y rep iid sigma t d_norm d_mean ps_norm ps_mean pc_norm pc_mean ps_squared loglikelihood mhl_norm mhl_mean x0 x1 x2 x3 x4 x5 x6 x7 x8 x9 x10 x11 x12 x13 x14 x15 x16 x17 x18 x19 x20 x21 x22 x23 x24 x25 x26 x27 x28 x29 x30 x31 x32 x33 x34 x35 x36 x37 x38 x39
1 78.6383409847 8.0000000000 7.0000000000 0.7356524447 67.0000000000 5.6426055949 0.8894551035 5.3225379634 0.0807845419 4.9654060578 0.0622703761 28.3294103717 -555.1743218544 24.1574581471 6.1335830134 0.182409 2.182565 -3.893941 -2.772699 -4.592983 4.819669 3.455672 4.409113 1.589655 1.952842 -2.366854 3.832727 -2.246654 -1.328071 -0.756717 -1.583231 1.719096 -0.461578 -0.131322 -0.417272 2.693737 -1.213906 -0.348496 0.848103 -3.291980 -0.967082 1.070937 2.332281 0.323366 -1.345668 2.885048 -0.442961 0.062529 0.363859 -0.125857 -1.083137 0.949037 -2.329182 -1.001819 -0.817122
3 63.3092920104 8.0000000000 7.0000000000 0.7356524447 67.0000000000 5.6426055949 0.8894551035 5.3225379634 0.0807845419 4.9654060578 0.0622703761 28.3294103717 -555.1743218544 24.1574581471 6.1335830134 0.713026 -1.904321 0.303856 0.001270 0.670046 0.749599 1.427632 -2.401627 0.002762 -1.842920 0.992456 -2.663333 -4.381141 -0.872144 5.000000 2.300163 0.168891 4.972496 -0.388711 -0.372427 1.707726 0.614757 -0.144484 -0.937695 -0.130878 2.105222 -2.619266 -1.337453 2.682748 5.000000 -3.681097 0.810082 3.264601 -0.445478 -1.155598 2.484352 -1.106942 -1.445379 -1.143099 -2.780006
4 47.5783193451 8.0000000000 7.0000000000 0.7356524447 67.0000000000 5.6426055949 0.8894551035 5.3225379634 0.0807845419 4.9654060578 0.0622703761 28.3294103717 -555.1743218544 24.1574581471 6.1335830134 -4.790426 2.308033 3.376190 0.447571 -0.403231 0.999290 -0.362676 -3.499631 -2.420834 0.848483 -0.777603 -3.113072 -2.878418 1.897855 -3.053064 2.273740 0.969051 -2.003673 -0.636910 0.316252 0.721720 0.510917 2.852116 1.854501 -1.021127 -0.343134 -1.820792 -1.045762 0.147980 -4.693566 0.199492 -0.092760 -0.495272 -2.610738 -1.152598 -1.528941 -0.121499 -4.868965 -0.661973 0.945283
85 42.1216778369 8.0000000000 7.0000000000 1.7229076662 5.0000000000 6.2671850236 0.9908024142 5.7345397544 -0.2725652464 5.1910987391 -0.2539135419 32.8849461947 -1153.5997914349 23.7979531819 6.0717576868 -3.425286 -1.830864 0.005983 2.278358 -0.922793 1.303444 -1.452633 -2.029501 -0.762711 -0.902457 -0.134473 -4.950303 -1.053719 -0.396132 -0.796362 -3.087445 0.421306 0.969806 0.099630 -0.395150 2.223930 2.726660 -1.469136 -2.986261 -2.938376 0.546983 -0.289653 4.703142 -4.651198 0.044237 -1.754778 -3.250634 0.977177 0.551195 -2.031304 -3.584482 1.591099 -2.246824 -0.634418 -0.496553
780 40.8583805796 8.0000000000 7.0000000000 0.6582181415 51.0000000000 5.7762656587 0.9114326127 6.2441896404 0.0325824764 5.9863537136 0.0503486004 38.9899042650 -522.7144713012 24.6644043436 6.3136918863 -0.681400 2.386944 2.416921 -3.093896 -0.249452 2.637747 2.587011 -0.872501 -1.099867 2.156005 -0.505280 0.632400 -0.583956 3.059579 2.467047 0.750627 3.389987 2.042293 -2.575876 1.124802 4.396033 -2.334960 -1.410816 4.083919 -3.441863 -2.352226 -4.237566 1.810293 -1.999262 -2.001971 -0.292810 -1.056231 4.558878 0.182421 -0.891162 -4.089917 -4.364329 -2.200889 0.562122 -1.564249
879 37.0355473201 8.0000000000 7.0000000000 0.6127073342 58.0000000000 5.7060346096 0.8999659494 6.1350851524 0.2130802014 5.2863823394 0.1755055098 37.6392698274 -508.0289759818 26.5088482426 6.7549593694 -0.138595 1.008645 3.259976 -3.535164 -1.008606 0.670134 1.486371 -1.946381 -1.997295 1.704986 1.037627 0.015592 0.064962 3.758798 2.347565 0.834723 3.016035 4.810777 -2.674165 1.187439 3.006035 -2.070887 -1.697738 5.000000 -4.290087 -1.947261 -4.199706 2.201171 -1.802189 -2.226692 -2.522389 -3.180938 3.113815 0.821279 -1.884374 -3.651512 -4.168550 -3.470013 -0.530840 -1.189629
1005 67.4798410027 8.0000000000 7.0000000000 0.5763962490 67.0000000000 5.6164126601 0.8855298157 5.6263084381 0.0141902292 4.9890557755 0.0282272934 31.6553466408 -446.1925174971 26.0632680850 6.6642746870 1.613853 0.491844 4.337181 -4.212486 -0.063320 1.067803 3.458600 -1.469164 -3.013364 2.417291 -0.750586 0.815910 0.188548 2.833909 3.090658 -0.225731 4.227612 4.063976 -0.890679 0.803875 2.727551 -0.568337 -3.249127 4.969206 -2.978637 -2.213202 -2.293855 2.808609 -1.137683 -1.397015 -2.293520 -2.518167 1.911145 0.450793 -0.885010 -3.085785 -3.690136 -2.957142 -1.173695 -0.130592
evaluations raw_y rep iid sigma t d_norm d_mean ps_norm ps_mean pc_norm pc_mean ps_squared loglikelihood mhl_norm mhl_mean x0 x1 x2 x3 x4 x5 x6 x7 x8 x9 x10 x11 x12 x13 x14 x15 x16 x17 x18 x19 x20 x21 x22 x23 x24 x25 x26 x27 x28 x29 x30 x31 x32 x33 x34 x35 x36 x37 x38 x39
1 61.8376741456 9.0000000000 7.0000000000 0.5763962490 67.0000000000 5.6164126601 0.8855298157 5.6263084381 0.0141902292 4.9890557755 0.0282272934 31.6553466408 -446.1925174971 26.0632680850 6.6642746870 0.002217 -0.579088 -2.232133 -0.025766 -0.756723 -0.962271 -3.034662 -0.981744 -0.481361 -1.295895 1.271782 3.480235 0.593364 1.415007 3.645632 0.861538 3.085459 -1.801442 -0.274250 2.595158 1.350542 0.063916 1.836292 0.761019 1.032735 -0.710479 0.417554 0.656822 -0.996450 -4.183554 -0.165175 4.910365 -5.000000 -1.826559 -0.454629 0.538631 2.260923 2.084795 2.607621 2.778801
17 60.4787263498 9.0000000000 7.0000000000 1.8907977364 1.0000000000 6.3116657298 0.9979357005 3.2594105895 0.1196392448 2.7641030687 0.1014585903 10.6237573907 -1307.4316365081 27.3900761953 6.9705498594 -1.557881 -1.225297 -4.468805 -3.314767 -1.556435 -1.098346 -1.199403 2.956261 -1.586564 -1.733763 -1.714408 3.158189 2.776934 -2.423540 -0.041390 1.286649 2.443981 -0.832159 2.364164 -0.099388 0.319799 -2.054528 1.679495 -3.774480 1.199979 -1.569929 2.712275 -0.501936 -1.592139 -4.576656 -1.442895 -1.000451 2.059052 -0.294523 2.650988 -1.863763 3.468573 0.088480 1.404261 1.837081
18 50.2797632856 9.0000000000 7.0000000000 1.8907977364 1.0000000000 6.3116657298 0.9979357005 3.2594105895 0.1196392448 2.7641030687 0.1014585903 10.6237573907 -1307.4316365081 27.3900761953 6.9705498594 2.005986 1.733565 1.608442 1.672947 -1.406776 0.207071 -2.259928 1.178132 0.763998 -3.594361 -4.445784 1.592811 1.086909 0.101212 1.168938 0.210348 0.723380 -0.612732 1.287147 -1.095025 0.052760 -5.000000 0.071721 -0.703598 -1.299775 1.524418 0.046356 -0.747953 1.010876 -2.030346 -0.022262 -0.367743 -2.058518 -0.144599 0.186872 3.909194 5.000000 3.051272 0.299408 3.172414
237 50.0683703167 9.0000000000 7.0000000000 1.3400766287 15.0000000000 6.1502640179 0.9720018940 4.7499022694 0.0115975136 4.2611117538 0.0289082103 22.5615715684 -1017.9207514102 25.1488656225 6.4427526240 -0.763858 -1.231068 5.000000 0.052031 -0.913006 -2.468155 -1.068131 3.712830 -0.616181 -1.011937 -1.754283 2.169834 4.698441 4.924602 2.396043 1.673422 -3.415693 -0.502784 2.076491 2.135646 3.658276 -4.290332 -0.633985 2.722860 -1.678415 5.000000 1.130387 -1.356846 -0.997422 2.804303 1.351792 2.587473 -1.936139 2.994686 -0.770036 3.069636 2.351513 0.879685 0.406088 -0.485174
251 49.0424732323 9.0000000000 7.0000000000 1.3057100551 16.0000000000 6.1387909976 0.9701548724 4.8851776887 0.0536090701 4.5321432345 0.0638181691 23.8649610498 -1002.6941331432 25.2250650031 6.4637089143 -4.622655 -3.190397 4.820668 -2.112587 0.410308 -0.183152 -2.252273 0.499894 -1.889829 -1.723790 -1.111108 1.230630 5.000000 4.854903 0.750921 3.155249 -2.646709 0.487075 2.745332 -0.495837 1.384064 -4.074386 -1.701398 -1.285259 -2.702721 4.733404 4.153177 -0.979134 -1.565811 0.915942 0.818474 1.198432 -2.785613 4.070681 -0.116427 1.704985 1.778311 3.955478 1.108955 -0.100657
470 44.2345700937 9.0000000000 7.0000000000 1.0490371399 31.0000000000 5.9874823704 0.9456196736 5.8616167465 0.1280704431 5.1860222423 0.1156753872 34.3585508833 -834.0892594231 24.6853238218 6.3055994872 -5.000000 -2.468922 0.563170 -1.373319 1.999407 -1.675759 0.191225 2.351261 -0.335985 -2.269960 -0.206040 -0.097068 2.909029 2.201651 2.391130 3.293825 -0.573849 0.686756 3.881912 -0.098509 -2.511135 0.761991 -3.855801 -2.491832 -2.102415 5.000000 2.285608 -3.946201 1.048863 -1.201274 3.453281 3.303279 0.663517 5.000000 -3.282575 1.224427 2.796338 2.529714 1.576109 0.908949
914 40.0787442516 9.0000000000 7.0000000000 0.7415831399 60.0000000000 5.6851049398 0.8965218984 5.3493758431 0.0681155144 4.5090392952 0.0463083713 28.6158219108 -580.3057283827 24.7422234718 6.3015601973 -4.805755 -2.559498 3.104792 -0.135505 0.445891 -1.969679 3.260219 4.076884 -2.391500 -3.134130 -2.286260 -1.303425 1.537252 3.330324 4.541890 4.449214 -1.924241 0.589893 3.581528 2.717026 -2.953962 -1.040130 -5.000000 0.883111 -2.563686 3.859763 1.609330 -3.987454 -0.677944 1.139518 4.212561 2.643607 0.456764 3.505286 -2.175853 1.903948 -0.727075 0.569806 1.946243 0.122471
1005 85.9149488683 9.0000000000 7.0000000000 0.6207232242 67.0000000000 5.6102314164 0.8844424386 4.8693350121 -0.0504955864 4.2026840465 -0.0304305180 23.7104234601 -468.2397939640 25.1552275738 6.3659500980 -4.007987 -2.715911 1.534123 -1.160988 -0.422024 -2.157991 2.754402 3.899991 -3.565579 -1.725785 -2.892753 -2.414195 0.722943 2.117574 4.869262 4.804508 -1.796899 -0.278864 3.699670 3.527843 -3.162916 -1.610220 -4.031395 0.704601 -3.034425 4.391880 1.215723 -3.810782 -0.599222 1.283936 3.861728 4.489615 0.200126 4.018243 -2.260425 0.667522 0.174458 1.569306 1.577296 1.516386
evaluations raw_y rep iid sigma t d_norm d_mean ps_norm ps_mean pc_norm pc_mean ps_squared loglikelihood mhl_norm mhl_mean x0 x1 x2 x3 x4 x5 x6 x7 x8 x9 x10 x11 x12 x13 x14 x15 x16 x17 x18 x19 x20 x21 x22 x23 x24 x25 x26 x27 x28 x29 x30 x31 x32 x33 x34 x35 x36 x37 x38 x39
1 86.5297679277 10.0000000000 7.0000000000 0.6207232242 67.0000000000 5.6102314164 0.8844424386 4.8693350121 -0.0504955864 4.2026840465 -0.0304305180 23.7104234601 -468.2397939640 25.1552275738 6.3659500980 2.663173 1.430558 -3.090801 -0.016768 1.242672 -1.440171 0.531023 0.217097 0.008583 -0.349200 0.866052 2.406075 -1.930131 2.056548 0.457260 0.890275 -2.273204 0.270274 2.969074 -2.159610 -3.955457 -3.486745 0.532140 4.769935 2.247383 3.345244 0.198298 2.795993 -0.542496 1.226408 -0.534634 -1.098618 0.265417 -0.952284 2.616946 0.390027 0.800420 -0.675265 2.512945 -1.463939
2 73.8320598651 10.0000000000 7.0000000000 0.6207232242 67.0000000000 5.6102314164 0.8844424386 4.8693350121 -0.0504955864 4.2026840465 -0.0304305180 23.7104234601 -468.2397939640 25.1552275738 6.3659500980 1.320463 -0.701744 -1.878867 -0.978674 -1.609182 -0.425395 -0.678280 0.624340 1.130305 -0.294841 -0.051811 0.578188 -1.079758 1.416320 1.684449 0.407162 4.789407 1.834918 -0.224545 -0.724361 -0.464365 -1.003458 2.257570 -1.395620 -0.162244 -1.058592 2.092366 -2.837112 -0.724998 -0.243811 0.638713 0.921806 -0.431580 1.978145 0.629508 4.935302 -3.016643 1.241201 -2.090265 -1.596018
3 63.0038886006 10.0000000000 7.0000000000 0.6207232242 67.0000000000 5.6102314164 0.8844424386 4.8693350121 -0.0504955864 4.2026840465 -0.0304305180 23.7104234601 -468.2397939640 25.1552275738 6.3659500980 3.970169 3.489628 -3.712371 -0.445547 -0.131696 -4.263424 -0.097661 0.786682 0.434530 -3.988788 2.215416 0.489088 -0.123824 -1.507786 1.423918 1.836538 -0.964186 0.179175 1.653997 -3.909024 0.234951 -3.814914 -1.845819 0.939503 -0.288734 -0.800277 -0.591968 1.696417 1.413661 -1.574538 0.585881 -0.941615 4.808651 -1.478713 -0.625658 -0.697764 -0.878052 0.282208 0.546099 -3.237141
11 57.0043601939 10.0000000000 7.0000000000 0.6207232242 67.0000000000 5.6102314164 0.8844424386 4.8693350121 -0.0504955864 4.2026840465 -0.0304305180 23.7104234601 -468.2397939640 25.1552275738 6.3659500980 0.924771 -2.439711 0.385146 0.870901 -3.269888 0.869875 2.795639 0.249334 -1.782903 -1.153787 -0.149898 -1.043553 -5.000000 2.925422 -0.933805 -0.358039 1.849495 0.470490 -0.977217 -0.185963 1.070803 1.101689 -0.383044 1.589395 1.570193 -0.975449 -2.011730 0.655151 1.158097 -0.919851 -0.871632 1.072537 0.314030 2.717578 1.030690 4.768249 1.058381 -1.792288 -0.395620 -0.190952
15 50.7849036527 10.0000000000 7.0000000000 0.6207232242 67.0000000000 5.6102314164 0.8844424386 4.8693350121 -0.0504955864 4.2026840465 -0.0304305180 23.7104234601 -468.2397939640 25.1552275738 6.3659500980 -0.848423 -0.101699 -2.247508 -3.714716 -0.433050 -2.358409 3.289522 1.446858 2.496299 1.465452 -0.642045 1.001790 1.039885 -2.755752 1.569421 -1.792615 -2.356676 1.482375 -1.145699 -1.922011 2.375836 -3.532330 -1.540823 2.248484 5.000000 0.128891 1.826969 -1.994012 4.150097 -1.180373 -5.000000 0.219089 0.285339 -1.568071 0.515221 2.625845 -2.698051 1.000274 -1.969173 2.971959
41 49.8115869876 10.0000000000 7.0000000000 1.8234220314 2.0000000000 6.3016942160 0.9963416802 4.0943255007 0.0623423651 3.5513336130 0.0531863041 16.7635013061 -1237.3555551857 25.6323429432 6.5566562856 -1.174176 -0.054305 0.627834 3.300658 -0.398425 -3.984040 2.587050 -0.152209 0.298390 -3.442328 -0.143948 -3.679871 -0.512113 -0.604336 0.321777 -5.000000 -3.007815 -2.470936 -1.229955 -3.798290 1.676353 0.518316 -1.447311 -0.236001 4.144138 -2.878632 1.067403 -2.728291 4.256711 0.864709 -1.408640 -0.747873 2.594670 -0.876082 0.289788 -0.035257 1.470748 -0.818243 -3.965948 0.964350
73 41.2623940216 10.0000000000 7.0000000000 1.7146095364 4.0000000000 6.2776364368 0.9924908185 4.7483583103 -0.0251825203 4.2665583230 -0.0204496327 22.5469066428 -1179.1136648553 24.9471891668 6.3769700691 0.744660 -0.814603 -0.013947 -0.612501 -1.161374 -2.637953 5.000000 -1.625636 -0.821421 -2.222759 1.268742 0.643690 -1.892226 -0.309724 -0.651184 -1.863825 -2.738130 -0.450580 -0.157318 -2.396793 4.848707 1.327013 0.672738 1.009631 2.966570 -4.115201 3.171149 -5.000000 5.000000 -1.226859 1.083713 -0.709956 2.548610 1.166593 3.150149 3.035294 0.151638 -1.657908 -1.881108 -0.842779
1005 78.7992755670 10.0000000000 7.0000000000 0.7212500740 67.0000000000 5.6183719785 0.8858124170 5.8102065514 0.3366355542 5.3504014505 0.3002918748 33.7585001699 -576.2480448381 25.8258078150 6.5027723621 2.379921 -1.610086 1.045159 -2.122560 3.262531 1.925003 3.088532 4.384264 2.737770 -0.246652 1.351027 -4.191790 0.202325 3.603678 -0.564875 -0.982181 -3.889302 -2.118857 2.988140 2.271903 1.965953 0.370733 3.397565 3.184987 4.033739 -0.825614 2.452528 2.262134 4.420725 -3.591340 1.408036 3.125275 2.436930 3.366604 3.223025 2.266502 -2.577620 4.565945 1.180788 -1.132407
evaluations raw_y rep iid sigma t d_norm d_mean ps_norm ps_mean pc_norm pc_mean ps_squared loglikelihood mhl_norm mhl_mean x0 x1 x2 x3 x4 x5 x6 x7 x8 x9 x10 x11 x12 x13 x14 x15 x16 x17 x18 x19 x20 x21 x22 x23 x24 x25 x26 x27 x28 x29 x30 x31 x32 x33 x34 x35 x36 x37 x38 x39
1 74.2590514759 11.0000000000 7.0000000000 0.7212500740 67.0000000000 5.6183719785 0.8858124170 5.8102065514 0.3366355542 5.3504014505 0.3002918748 33.7585001699 -576.2480448381 25.8258078150 6.5027723621 3.498909 -0.572146 -0.969130 -5.000000 -0.016569 -0.639263 -1.073259 0.630805 0.842101 -2.131206 -1.772479 -0.951467 1.379365 1.122384 -2.611097 -2.238951 1.473675 3.149268 -0.062150 -1.366893 2.191259 -0.619153 1.451504 3.098143 1.260160 0.146986 1.464543 -1.285151 -0.356186 -1.147909 -0.408751 -0.972990 -0.371551 -0.761073 0.177955 0.127343 0.592694 2.805542 -3.093725 2.591237
3 53.0347950049 11.0000000000 7.0000000000 0.7212500740 67.0000000000 5.6183719785 0.8858124170 5.8102065514 0.3366355542 5.3504014505 0.3002918748 33.7585001699 -576.2480448381 25.8258078150 6.5027723621 1.374625 -3.646019 1.758228 3.692730 -2.123309 -1.368969 -0.952429 1.660621 -1.726705 -0.261083 -1.046175 -0.502554 2.582549 -1.928410 0.143520 0.543213 1.717334 -2.528147 2.229741 0.869554 1.748546 0.143304 -3.278103 -1.294605 1.635539 0.073590 -0.097405 3.583062 4.403713 -0.074134 3.865811 -3.987143 -4.098115 1.734110 -0.523922 1.157942 1.033105 -0.178807 1.364259 0.301444
25 50.9137186669 11.0000000000 7.0000000000 1.8899103156 1.0000000000 6.3115750367 0.9979260520 3.2341123529 0.0019618176 2.7426492102 0.0016636953 10.4594827111 -1281.4244346449 26.4397075556 6.7688477363 -1.221594 1.752405 -0.152130 2.025669 0.364130 1.075337 0.433718 1.625093 -0.424797 -3.261865 1.433593 -0.084039 2.693083 -2.860815 -2.196924 -0.815065 -0.470524 -3.537569 -0.230087 -0.146315 0.706207 1.947403 0.205917 -0.287367 2.831870 -0.365655 -2.684163 5.000000 3.245357 -4.536402 2.700265 -2.593782 -1.452409 2.263458 -1.909638 0.378608 -2.004939 -0.222583 2.029857 -1.115668
46 46.8594261072 11.0000000000 7.0000000000 1.7592528905 3.0000000000 6.2880093162 0.9941492948 4.7392471192 -0.0026217286 4.1451854591 -0.0023388059 22.4604632570 -1241.0198959383 26.6718165877 6.8025088969 1.385109 4.079295 -2.380680 1.441151 -1.377746 -1.348441 -2.587605 -1.849865 -1.337531 0.194067 -1.342673 1.816421 0.332875 -3.392184 1.026081 -0.761279 2.203710 -2.156158 -0.169631 -3.298784 -1.238142 0.970819 -2.589863 -0.036981 2.045010 0.780712 -2.847090 -0.025510 3.584457 -2.322665 -2.378196 -5.000000 1.241180 -0.453141 2.682437 0.595642 0.959561 -0.093026 0.336171 1.682485
122 41.2820594738 11.0000000000 7.0000000000 1.6458437048 8.0000000000 6.2303650298 0.9848655888 5.9864293414 0.0184610245 5.3955271785 0.0038140268 35.8373362599 -1162.1316613092 25.4375852809 6.4938317685 2.266169 4.974674 -5.000000 5.000000 -4.294449 -2.319093 -3.553963 1.170754 -0.684318 -4.608592 -1.386700 2.337877 1.795894 0.026185 -3.846090 5.000000 1.014463 0.166034 -1.379451 -2.211260 5.000000 -0.668070 -5.000000 -3.850319 1.772417 -2.320645 -1.189042 -1.630526 2.513710 -4.061488 -1.709553 4.172863 -0.744576 -1.964869 -1.283988 1.431362 0.220646 2.985143 0.253168 0.824111
489 36.2107231530 11.0000000000 7.0000000000 0.9768055952 32.0000000000 5.9705571595 0.9429628219 5.8406504275 0.0551077904 5.3940093424 0.0750234235 34.1131974166 -792.0873976958 24.7610127019 6.2933363965 3.522140 2.429337 -3.200335 -1.798832 0.719634 1.398560 -2.544233 0.000508 -4.652544 -1.805929 -4.453391 1.308187 5.000000 -4.191985 0.926744 5.000000 1.966062 -1.547818 -0.173864 -1.511461 1.533192 1.183337 -0.284691 -4.753149 -1.086816 0.288837 -4.549529 3.296321 1.342717 -1.161713 0.115718 0.156894 3.326888 0.083989 1.710052 4.033230 3.922435 3.432762 -0.147945 1.875410
1005 105.6103043297 11.0000000000 7.0000000000 0.7179763989 67.0000000000 5.6314601267 0.8870850571 6.2144829651 0.1423017734 5.6354878595 0.1229018100 38.6197985239 -590.2745719963 26.4297458674 6.7086334335 2.098937 2.091728 -4.461239 0.841217 -2.041208 1.313603 -0.534685 2.805339 -2.911514 -0.142878 -3.038711 -1.317620 3.502978 -1.838362 -1.437871 3.765826 -1.558213 -1.599782 3.200547 1.493241 2.219469 -3.103457 2.500638 -3.246976 -0.684116 0.461915 -2.548235 3.243494 4.413757 2.279881 0.814121 -2.025823 0.985551 -1.640163 2.855792 5.000000 -0.772561 1.254211 2.738255 -1.048489
evaluations raw_y rep iid sigma t d_norm d_mean ps_norm ps_mean pc_norm pc_mean ps_squared loglikelihood mhl_norm mhl_mean x0 x1 x2 x3 x4 x5 x6 x7 x8 x9 x10 x11 x12 x13 x14 x15 x16 x17 x18 x19 x20 x21 x22 x23 x24 x25 x26 x27 x28 x29 x30 x31 x32 x33 x34 x35 x36 x37 x38 x39
1 87.8101038888 12.0000000000 7.0000000000 0.7179763989 67.0000000000 5.6314601267 0.8870850571 6.2144829651 0.1423017734 5.6354878595 0.1229018100 38.6197985239 -590.2745719963 26.4297458674 6.7086334335 0.945972 -1.362852 0.484879 -3.401471 1.506286 -3.069443 0.010254 -0.240455 -1.613964 5.000000 -1.195646 0.944914 2.191912 -2.430338 2.684713 -0.244300 2.025031 -1.827738 -2.059060 2.419593 1.003745 0.277692 1.281522 1.054665 -2.308720 -4.426667 -3.363513 -3.576189 -4.437070 -1.294862 -1.056809 -0.078418 0.429952 -0.768718 -0.507808 0.146504 -1.994408 -1.427713 0.070833 -1.355891
3 67.3689523089 12.0000000000 7.0000000000 0.7179763989 67.0000000000 5.6314601267 0.8870850571 6.2144829651 0.1423017734 5.6354878595 0.1229018100 38.6197985239 -590.2745719963 26.4297458674 6.7086334335 -2.678778 -3.379306 -0.398655 0.515545 3.657641 -2.002003 -4.183382 0.293119 -0.932702 0.712446 -0.795759 -2.518447 -1.377757 1.605261 0.544782 -1.938353 1.743936 -2.892719 -1.072963 0.395841 -2.731280 -2.388889 0.031869 -0.160087 -0.501605 -1.130286 -2.205344 -1.564565 5.000000 -1.252162 3.011802 -1.174672 2.731706 2.464090 0.901778 -1.282820 -2.755192 1.931493 -2.568007 -2.549144
5 53.7246258695 12.0000000000 7.0000000000 0.7179763989 67.0000000000 5.6314601267 0.8870850571 6.2144829651 0.1423017734 5.6354878595 0.1229018100 38.6197985239 -590.2745719963 26.4297458674 6.7086334335 0.629014 -4.976009 1.191817 -4.071724 -2.276563 2.115285 1.305537 -1.288934 -1.766924 0.691385 -3.593655 0.821419 -0.583647 1.468295 -0.250991 -2.177035 0.404462 -0.699669 -2.842554 -2.327177 -2.013353 0.100044 1.530860 -0.057030 -2.411291 -0.763090 1.133687 2.154673 -1.880717 0.567214 -0.780641 -4.308249 -2.589367 -1.132441 -1.035418 -0.791757 -1.207390 0.734786 -1.918024 -3.190593
12 50.8023804365 12.0000000000 7.0000000000 0.7179763989 67.0000000000 5.6314601267 0.8870850571 6.2144829651 0.1423017734 5.6354878595 0.1229018100 38.6197985239 -590.2745719963 26.4297458674 6.7086334335 -0.041847 -2.367717 -0.141311 1.284113 -0.343466 3.512762 -0.061064 -1.381396 0.646250 0.483934 0.678021 0.111522 -0.181288 1.893213 -3.241981 1.514497 -1.138093 -0.202357 -1.763410 2.540953 -4.115837 -2.455458 -0.841885 1.372120 -2.638864 1.046573 2.175506 -1.796635 -5.000000 1.507018 -0.340058 -0.184778 2.149908 1.516706 -1.136008 0.302405 -1.765289 0.893962 -0.144110 1.018501
32 49.8452781665 12.0000000000 7.0000000000 1.7893739700 2.0000000000 6.2961553496 0.9954704415 3.4793012793 -0.0228085234 3.0003276723 -0.0239826729 12.1055373925 -1239.5785878473 26.2108911289 6.6829640083 -0.566490 0.297058 -3.918670 -0.236705 -2.193124 2.221206 2.105804 -2.173284 -0.838774 2.541747 -2.229474 2.479408 1.248031 2.552134 2.089155 -2.075625 -4.760194 -1.137968 1.362592 2.219456 2.386333 -2.688305 2.555204 2.549649 -1.242961 0.308107 -0.133054 -3.798127 0.393441 -1.733636 -0.234028 1.869404 -0.733728 0.579864 -2.302909 1.997560 0.832639 -0.687713 -1.896452 -4.936005
35 47.1095150304 12.0000000000 7.0000000000 1.7893739700 2.0000000000 6.2961553496 0.9954704415 3.4793012793 -0.0228085234 3.0003276723 -0.0239826729 12.1055373925 -1239.5785878473 26.2108911289 6.6829640083 -2.002325 -0.394066 -1.281709 0.600997 1.723310 1.738865 0.737038 -3.763470 3.396857 0.266328 1.439917 1.496192 -0.736236 2.820082 -0.424114 -1.836336 1.925709 -1.137444 -1.662593 -0.091240 0.922371 -0.775096 0.969130 0.806224 0.530073 -0.280756 1.751709 2.147492 -1.413306 2.809481 0.317947 -1.490735 -0.497198 0.454478 -5.000000 -1.538050 -0.530942 0.613541 -2.975643 -1.320295
127 46.2921452309 12.0000000000 7.0000000000 1.4654805474 8.0000000000 6.2261165772 0.9842604031 4.8266865864 0.1775412125 4.3787037385 0.1478908819 23.2969034031 -1133.0486618242 27.0467484399 6.9166595848 1.123856 -2.346531 1.542665 -2.291140 2.051590 0.383055 1.621406 -3.905100 -0.011166 3.202656 0.635362 0.020195 0.268009 4.514126 -3.477885 -4.068583 -1.176447 0.118083 1.358075 0.924781 0.688276 -3.228509 1.208311 1.521593 -1.659460 3.596218 0.880548 -0.624639 -1.370560 -0.285329 2.604470 -1.076926 -1.422839 -0.038038 -4.618163 4.938193 4.479244 -3.107955 -1.961784 -2.041859
405 44.0235442343 12.0000000000 7.0000000000 1.2052874158 26.0000000000 6.0417465736 0.9542751861 6.1069171332 -0.0465934075 5.7821298121 -0.0315836661 37.2944368716 -880.9762109165 22.7275442894 5.8156534621 -2.590439 -2.434039 2.747983 4.864880 -2.743147 2.656930 0.660471 -2.469659 1.050336 1.929242 1.634175 0.963613 1.820942 1.105378 -4.408918 -1.577252 -0.804374 0.631841 3.053111 0.338054 3.368072 -3.641046 -2.322514 3.586978 -4.339719 4.181502 -3.036430 0.645040 -2.667995 -0.587475 -3.590499 -1.572928 -3.797092 -3.350139 -2.355698 3.880745 2.904071 -1.630937 -0.550377 -0.583508
746 43.3928089048 12.0000000000 7.0000000000 1.0937839436 49.0000000000 5.8232851015 0.9183628397 6.7599837734 0.0941911731 6.0798677462 0.0099685788 45.6973806167 -816.9786714148 23.9466376990 6.1045011689 -5.000000 -1.187954 -2.400704 2.945401 -4.866742 0.719208 0.319372 -2.588699 1.585238 1.987694 -2.121099 -4.078750 2.102199 -0.344660 -1.377070 -2.100475 -2.370303 2.658150 3.156154 -0.191876 4.495517 0.044931 -2.855300 1.897912 -1.119151 5.000000 -3.205634 0.099159 -1.212718 -2.308654 -0.687097 -2.187097 -1.135787 0.015739 -1.380206 2.338426 1.596116 -1.642785 2.825502 -1.001951
1005 68.6884901264 12.0000000000 7.0000000000 0.8981335021 67.0000000000 5.6463410698 0.8892822613 4.9357563084 -0.0761617253 4.2305579938 -0.0923661277 24.3616903357 -718.5617009354 25.9354681456 6.6040263923 -2.609584 -0.203241 -3.432412 2.266574 -4.396257 0.536731 0.153089 -1.919198 -1.284537 -0.945815 -1.118159 -1.954353 0.010356 -0.163525 -1.763514 -1.055110 -3.247484 2.336215 -0.040597 -2.871796 3.516152 -1.284247 -4.687223 1.024248 -4.383090 1.573391 -4.788192 2.378321 -2.847472 -2.330955 -1.842037 -2.210392 -1.964363 -0.534751 -0.101535 2.957873 0.520132 -1.674107 2.865890 -1.135316
evaluations raw_y rep iid sigma t d_norm d_mean ps_norm ps_mean pc_norm pc_mean ps_squared loglikelihood mhl_norm mhl_mean x0 x1 x2 x3 x4 x5 x6 x7 x8 x9 x10 x11 x12 x13 x14 x15 x16 x17 x18 x19 x20 x21 x22 x23 x24 x25 x26 x27 x28 x29 x30 x31 x32 x33 x34 x35 x36 x37 x38 x39
1 83.8003367660 13.0000000000 7.0000000000 0.8981335021 67.0000000000 5.6463410698 0.8892822613 4.9357563084 -0.0761617253 4.2305579938 -0.0923661277 24.3616903357 -718.5617009354 25.9354681456 6.6040263923 -1.424781 1.507533 -0.089006 0.903625 2.690203 1.064676 2.700376 1.722423 2.957371 -2.090754 -1.577978 -2.523212 1.125694 -0.486653 1.827481 0.634702 0.254607 4.300766 1.212577 -0.053543 -1.968322 2.381411 1.905661 -2.174363 -0.290423 0.475716 -3.278187 -0.556269 2.798477 -3.230216 0.981744 3.785484 -1.241959 -0.907505 0.434903 1.028658 0.794483 -3.025690 -1.528068 0.202540
2 81.5446475493 13.0000000000 7.0000000000 0.8981335021 67.0000000000 5.6463410698 0.8892822613 4.9357563084 -0.0761617253 4.2305579938 -0.0923661277 24.3616903357 -718.5617009354 25.9354681456 6.6040263923 -0.634532 2.276666 -0.644247 -0.740232 3.699225 -0.163303 -1.960549 -0.004778 -0.464852 1.421950 0.906317 -0.665352 -0.768915 -1.060655 2.700612 4.030442 -0.115065 1.129309 0.719065 -1.023930 -1.046328 -0.962743 -3.848319 -1.514906 0.906962 1.844688 -0.414699 -0.751840 1.279768 4.107386 -1.856670 -1.549320 -0.874291 1.095837 -1.708286 0.931316 -1.441999 1.124523 -0.629716 -0.859794
4 68.7172208705 13.0000000000 7.0000000000 0.8981335021 67.0000000000 5.6463410698 0.8892822613 4.9357563084 -0.0761617253 4.2305579938 -0.0923661277 24.3616903357 -718.5617009354 25.9354681456 6.6040263923 0.287512 1.810343 0.801347 -1.529188 -2.034004 -1.053979 0.817317 -1.735600 1.783588 -3.078128 -0.528495 -1.864719 0.625757 0.273581 -0.303400 -2.473675 -1.764981 -1.321265 1.985898 -1.287594 1.002335 1.839970 -1.688953 -1.032886 -4.413734 -0.806258 1.426651 -1.893273 0.702723 1.577141 0.720064 -0.876403 0.456670 -1.350750 -0.838521 4.773492 -1.016686 -1.372473 0.309807 0.555672
8 67.9184820239 13.0000000000 7.0000000000 0.8981335021 67.0000000000 5.6463410698 0.8892822613 4.9357563084 -0.0761617253 4.2305579938 -0.0923661277 24.3616903357 -718.5617009354 25.9354681456 6.6040263923 -1.734031 0.742319 -0.322548 0.899033 -4.653852 -0.831623 5.000000 0.749536 1.999048 0.678243 -0.698438 1.687684 1.483801 -0.703994 -0.380992 1.344544 -1.599374 -1.689385 2.344555 2.298126 -0.387610 3.133280 1.715810 0.819531 -1.018002 1.543774 -1.067687 -0.142302 -1.238369 2.425190 0.281228 0.039784 1.358641 4.979415 2.105064 -3.068193 0.030350 0.234105 -1.115369 -1.914131
13 59.4345073795 13.0000000000 7.0000000000 0.8981335021 67.0000000000 5.6463410698 0.8892822613 4.9357563084 -0.0761617253 4.2305579938 -0.0923661277 24.3616903357 -718.5617009354 25.9354681456 6.6040263923 1.514223 -2.417145 1.877207 -2.293377 0.461640 1.093516 -0.815233 -1.336616 0.522879 0.937869 0.223261 0.565981 -2.939269 -0.292739 -2.167183 -0.000299 -2.305452 -1.826893 -2.105336 -1.117221 -0.878666 -0.570578 0.823888 -2.222869 2.829007 -1.092530 -1.911739 0.200711 -1.235378 -1.357637 -0.029289 -2.922182 1.594340 -3.143008 -1.780430 1.713620 1.822750 0.282579 -3.231768 -1.175531
18 56.4259216038 13.0000000000 7.0000000000 1.8581023928 1.0000000000 6.3096269367 0.9976259047 2.3194127712 -0.1485800135 1.9669494783 -0.1260014534 5.3796756033 -1236.9006162278 25.1472784715 6.4331058423 0.881388 1.784921 -3.417862 -0.969662 0.576689 0.307169 -0.171491 -1.589587 4.917595 1.987069 -0.230687 -0.331388 -2.964222 -0.972224 0.697660 1.907444 -3.102690 -0.966666 -0.578493 -1.339655 0.399736 1.432971 0.675562 2.690335 0.869923 0.919877 -1.338868 0.779280 0.309584 2.712348 -0.611685 -1.945262 0.771516 -1.571352 0.490402 1.387724 0.080671 0.722565 -1.560384 2.213006
43 51.3509681292 13.0000000000 7.0000000000 1.7756417422 2.0000000000 6.2958971448 0.9954327409 3.8389654114 -0.0543522045 3.3067276152 -0.0514596278 14.7376554298 -1269.5754920165 27.4968784506 7.0142893130 1.658604 -1.477135 -2.788217 0.051988 3.210752 1.346859 -2.986940 -0.819873 4.703460 -0.011155 0.995844 -3.857279 -2.519915 -5.000000 0.491729 -1.093447 -5.000000 -3.692369 1.160899 0.278483 1.609146 1.905791 -1.699337 1.659317 -1.518111 0.734514 -1.634175 0.189864 0.546591 3.031420 -0.868850 -2.034363 0.241031 0.991759 0.178358 3.282721 0.273336 2.668017 -5.000000 2.887467
75 47.9505908168 13.0000000000 7.0000000000 1.7081801210 4.0000000000 6.2731766206 0.9917744487 5.3338062921 -0.0886098601 4.7442008243 -0.0836168604 28.4494895613 -1186.2366481998 25.3119457274 6.4573596855 0.900975 -0.810352 -0.043575 0.275232 1.723864 -3.567805 -4.311378 0.282343 4.479611 1.524794 0.300398 -2.300971 -1.547255 -0.168553 -4.204147 0.308265 -3.747356 1.558073 -0.922873 -2.121419 2.014351 3.997221 0.167275 4.372366 3.197850 -1.344250 -1.059739 -2.976693 1.541599 0.816917 1.823161 -3.675936 -1.104187 -3.305063 -1.200023 -1.925297 3.409356 -0.158831 -3.028826 -0.813470
176 47.2886270513 13.0000000000 7.0000000000 1.5633843579 11.0000000000 6.2047768693 0.9806752190 4.9156976680 0.1023907730 4.6455747092 0.0930188874 24.1640835627 -1107.8976136393 24.7370859881 6.3330493907 1.084004 0.115042 1.981279 -3.860732 -2.360406 -2.984605 -5.000000 1.146182 3.915995 0.484594 5.000000 -4.165757 -4.146793 1.188195 -1.628074 1.038861 -5.000000 -1.839310 3.122713 1.315859 0.884656 3.094475 1.503627 2.786229 1.500893 -3.949507 -3.150083 1.008117 -1.690115 -2.474766 -5.000000 -2.875626 0.585073 1.641388 1.668645 0.096874 1.728295 4.545324 0.095892 0.115168
402 42.3969912069 13.0000000000 7.0000000000 1.2422553709 26.0000000000 6.0485237890 0.9554657863 5.5886780045 -0.2448467822 4.9807407574 -0.2182834976 31.2333218375 -950.7682453260 24.9399904458 6.3567683867 0.961163 -1.152983 -3.416888 -2.820822 0.221871 -0.087673 -3.387563 5.000000 0.657464 0.761655 4.832409 0.875173 -2.327575 0.593769 1.927952 -0.392785 -4.014222 -0.717370 3.725067 -1.754083 -1.563143 3.729882 -2.912371 -3.568894 -0.101657 -3.697798 -4.596938 4.024975 -2.904106 -2.371059 -3.879250 0.022728 0.462209 -2.280650 -1.948370 2.261910 2.039819 1.851052 -4.272257 -5.000000
613 38.9101794731 13.0000000000 7.0000000000 1.0559272093 40.0000000000 5.9138207824 0.9336723978 4.8525873640 -0.1210015164 4.3257417550 -0.1374663859 23.5476041249 -843.8027925406 25.3952258581 6.5118952247 3.832016 -2.475103 0.692870 -4.244892 -4.403810 -1.076754 -5.000000 4.105772 2.975772 1.930225 3.547886 -2.922525 -4.738870 -2.666889 2.314867 -2.447357 -4.086126 -0.839292 0.855507 -0.675940 -0.942726 1.713872 -2.317803 -3.062880 -1.728737 -4.943423 -2.496742 1.704751 -2.616895 -0.045939 -4.483871 -0.934305 3.381093 0.629788 -3.225517 3.734063 4.126037 -3.154556 -3.266545 -1.878595
686 38.0366899167 13.0000000000 7.0000000000 1.0072431995 45.0000000000 5.8608041034 0.9251241245 5.6349351138 0.1251797570 4.9704304462 0.0717366565 31.7524937371 -793.1313994606 24.8089393388 6.3497067211 1.927331 -1.480235 1.428045 -2.106679 -2.709000 0.309804 -4.280546 3.314821 3.254648 1.620552 3.100602 -3.651135 -3.007988 -2.380821 0.788625 -5.000000 -0.930589 0.237391 1.638870 -3.305999 -2.527005 -0.338533 -1.507920 -2.746245 2.123605 -2.832561 -3.104529 3.783073 -1.552450 -0.754385 -4.221512 0.697425 3.573635 1.005865 -0.485730 1.187467 4.274148 0.085145 -1.894824 -3.818893
1005 81.0003082408 13.0000000000 7.0000000000 0.7763447666 67.0000000000 5.6397332345 0.8891811491 4.7535161932 -0.2450298800 3.9693809686 -0.1875304145 22.5959161988 -635.6886249986 26.3418955052 6.7318059005 -0.037741 -0.460797 0.959961 -2.604793 -3.347876 0.920816 -2.241891 1.374680 5.000000 2.714281 3.740565 -4.924961 -0.307094 -1.584514 1.236533 -4.504027 -1.089564 -1.174443 1.646634 -3.155089 -3.740271 -0.773200 -0.129842 -3.458648 2.545412 -1.193347 -4.349928 3.117000 0.834004 -1.795812 -2.910459 1.991594 3.690340 1.546977 -3.930554 0.250334 1.624065 -0.204413 -0.644019 -3.085786
evaluations raw_y rep iid sigma t d_norm d_mean ps_norm ps_mean pc_norm pc_mean ps_squared loglikelihood mhl_norm mhl_mean x0 x1 x2 x3 x4 x5 x6 x7 x8 x9 x10 x11 x12 x13 x14 x15 x16 x17 x18 x19 x20 x21 x22 x23 x24 x25 x26 x27 x28 x29 x30 x31 x32 x33 x34 x35 x36 x37 x38 x39
1 109.5744518569 14.0000000000 7.0000000000 0.7763447666 67.0000000000 5.6397332345 0.8891811491 4.7535161932 -0.2450298800 3.9693809686 -0.1875304145 22.5959161988 -635.6886249986 26.3418955052 6.7318059005 3.102678 0.158372 0.347953 -0.144673 -4.008659 0.289356 -3.002337 0.422219 -1.116410 2.169058 -0.372578 0.029323 -2.151139 1.284504 -0.360673 1.240601 1.621949 1.555872 -0.474979 -3.783825 -2.344244 1.672414 2.018547 2.586199 -1.098662 -1.963426 1.829346 1.746141 0.044222 -0.008287 -2.698252 -0.416436 2.653081 -1.832521 -0.940026 -0.298885 -0.650520 -3.611447 -1.000740 -1.129561
2 78.6493425609 14.0000000000 7.0000000000 0.7763447666 67.0000000000 5.6397332345 0.8891811491 4.7535161932 -0.2450298800 3.9693809686 -0.1875304145 22.5959161988 -635.6886249986 26.3418955052 6.7318059005 -0.628857 -0.793354 0.011866 -1.994276 3.382195 -0.632882 2.930269 2.927203 0.257823 -2.356486 -4.333018 -3.043626 -0.585776 0.320977 -1.565702 -1.034804 5.000000 0.550408 -2.423185 1.174485 -1.963673 -4.877099 0.272235 -1.615176 0.040162 3.519721 0.105795 -1.799621 3.176899 -4.352323 -2.434431 2.708939 2.954455 -0.652441 -1.567738 0.501862 0.467144 0.151110 -1.135736 -2.784895
6 70.3317981840 14.0000000000 7.0000000000 0.7763447666 67.0000000000 5.6397332345 0.8891811491 4.7535161932 -0.2450298800 3.9693809686 -0.1875304145 22.5959161988 -635.6886249986 26.3418955052 6.7318059005 3.840656 -1.242649 3.787949 -1.753720 0.580048 0.245954 -2.019925 1.085484 2.179795 1.047308 -0.254063 2.447635 1.154325 0.464254 -5.000000 -0.791909 1.333925 -2.841158 -5.000000 -2.336607 -0.977685 -4.040573 -1.557237 0.002279 -2.612040 -1.861930 2.155538 -0.858056 -2.914058 0.305109 0.690809 -0.367439 -0.687326 -2.008720 5.000000 -2.332927 -0.128273 0.783400 1.953746 -0.990727
8 66.5090850525 14.0000000000 7.0000000000 0.7763447666 67.0000000000 5.6397332345 0.8891811491 4.7535161932 -0.2450298800 3.9693809686 -0.1875304145 22.5959161988 -635.6886249986 26.3418955052 6.7318059005 -1.351581 -3.265244 -5.000000 -3.831654 0.721020 0.261158 -1.336746 0.196759 3.740590 0.027086 -0.884800 5.000000 0.425645 -1.139635 2.922818 -1.266542 0.315491 0.864494 3.249269 -1.143863 1.860439 -2.651710 0.084500 0.545703 1.034076 4.606336 0.039596 -0.002499 -0.393130 -0.344111 1.319211 0.740435 2.686968 -0.575729 1.784279 1.381397 0.608764 1.172018 0.801868 -0.098659
9 57.5863921168 14.0000000000 7.0000000000 0.7763447666 67.0000000000 5.6397332345 0.8891811491 4.7535161932 -0.2450298800 3.9693809686 -0.1875304145 22.5959161988 -635.6886249986 26.3418955052 6.7318059005 -0.060898 -2.963003 -2.111155 -0.238172 1.000103 0.994898 -0.532568 -1.702372 0.391550 -0.265249 -2.285692 1.283588 1.992192 -0.205736 -3.119677 -0.240240 0.037834 -2.828696 0.878573 -0.038668 1.724715 -1.226164 -0.204606 -0.046655 1.902984 -2.015288 0.023253 3.541182 -0.378328 -2.278615 2.391759 1.545745 -3.587238 -0.053929 -3.192519 -0.430621 1.579938 1.256600 -2.686051 -2.159573
20 51.8094950114 14.0000000000 7.0000000000 1.8896959878 1.0000000000 6.3117389962 0.9979531398 3.2280006014 -0.0610200906 2.7374662146 -0.0517473374 10.4199878828 -1294.2428504109 26.9315756236 6.8725723277 -0.676876 -2.097581 0.408148 -1.787108 -1.406469 -0.463729 2.937285 -1.512861 5.000000 2.058538 -0.603371 1.190249 3.412149 -0.138355 -0.877074 -1.081252 -1.414010 -1.265571 -1.832346 0.815117 -2.072278 -5.000000 3.157910 -4.336504 0.649628 -3.041542 3.639977 3.558320 1.957767 -0.033063 0.679458 -1.809454 0.452297 0.103397 0.705392 -0.990880 -0.927128 2.249147 -0.849206 -1.900148
24 47.0143878337 14.0000000000 7.0000000000 1.8896959878 1.0000000000 6.3117389962 0.9979531398 3.2280006014 -0.0610200906 2.7374662146 -0.0517473374 10.4199878828 -1294.2428504109 26.9315756236 6.8725723277 -1.345850 -1.644892 -4.623380 -0.486224 0.215826 0.615496 -1.623669 2.953094 2.552939 0.360228 -3.947246 -0.357476 2.838442 -2.842221 0.202264 -2.823966 -1.048385 0.891991 -0.749479 -4.348383 -2.382588 -0.204741 3.089744 -1.515135 1.705431 -3.965921 0.360054 0.878170 2.207579 3.083620 2.200032 1.826917 -4.045287 0.560641 1.906662 0.700999 2.803390 -1.410031 -3.269884 -4.000087
90 39.3560912629 14.0000000000 7.0000000000 1.6538257949 5.0000000000 6.2665868868 0.9906981241 4.8789480606 0.0055665592 4.3673102639 0.0026859392 23.8041341783 -1207.4468653310 26.8803553943 6.8670292496 -1.484053 -2.254620 -0.612964 -0.157921 -1.478590 1.316652 -2.765038 5.000000 3.247969 2.070982 -3.219370 3.983275 0.131458 -0.282781 -0.405824 0.009828 3.465710 -0.129373 -2.331982 -0.876381 1.342364 -0.825273 1.427875 0.451669 3.018918 -2.767582 4.160219 -1.397353 -0.625182 0.362928 -1.007023 3.277193 -1.316353 -1.061200 -2.173933 -0.434085 -0.060121 1.930059 1.487318 -5.000000
1005 64.0148510244 14.0000000000 7.0000000000 0.8607196720 67.0000000000 5.6472211566 0.8901271970 5.9770372111 -0.2307461167 5.4391572895 -0.2219105996 35.7249738233 -675.5816616198 25.3860773039 6.4674609150 -3.768328 -1.232290 -0.501032 -4.707022 -2.889116 -3.375946 -1.307062 1.413165 0.220564 -2.937053 -4.504359 4.480311 2.172453 -3.647656 -1.696766 -0.010972 1.088612 2.810192 -3.997785 -0.860391 0.022682 2.381233 5.000000 1.549098 -2.028114 5.000000 -3.695901 -2.628930 -0.255871 3.245540 -0.079746 -1.298996 1.390986 -1.896422 -2.647205 1.032795 1.635883 3.450089 0.534244 -3.619395
evaluations raw_y rep iid sigma t d_norm d_mean ps_norm ps_mean pc_norm pc_mean ps_squared loglikelihood mhl_norm mhl_mean x0 x1 x2 x3 x4 x5 x6 x7 x8 x9 x10 x11 x12 x13 x14 x15 x16 x17 x18 x19 x20 x21 x22 x23 x24 x25 x26 x27 x28 x29 x30 x31 x32 x33 x34 x35 x36 x37 x38 x39
1 84.0402310659 15.0000000000 7.0000000000 0.8607196720 67.0000000000 5.6472211566 0.8901271970 5.9770372111 -0.2307461167 5.4391572895 -0.2219105996 35.7249738233 -675.5816616198 25.3860773039 6.4674609150 -0.624657 0.678569 -0.311817 -1.003579 0.471138 -3.527211 -2.191724 -2.175531 -0.610340 -0.947497 -0.401189 0.710394 1.379035 0.821179 -1.129957 1.198781 -0.325873 3.200429 1.363254 0.029760 -0.175559 -1.964236 0.243381 -2.274875 0.698005 -3.717026 -2.334364 2.849794 2.993131 2.579864 -3.623491 -2.996614 -2.900286 -3.387814 0.454528 -0.979469 -0.001057 -0.980505 -1.586419 4.097798
3 55.4833601281 15.0000000000 7.0000000000 0.8607196720 67.0000000000 5.6472211566 0.8901271970 5.9770372111 -0.2307461167 5.4391572895 -0.2219105996 35.7249738233 -675.5816616198 25.3860773039 6.4674609150 1.211984 0.337874 -2.077783 0.570476 1.004783 3.867750 0.096650 -2.103537 2.333165 1.470934 -1.126260 -2.426016 3.096256 -3.395751 -1.263586 0.572733 -2.095944 -0.372900 0.995110 -0.809004 -2.568209 -1.228514 -0.215739 2.267246 -2.072493 3.022715 -1.736548 2.784461 4.350186 2.598042 -0.376163 3.338047 2.309148 0.963605 -0.356074 -0.772366 -0.260149 4.719247 1.033999 0.882709
12 38.7575330768 15.0000000000 7.0000000000 0.8607196720 67.0000000000 5.6472211566 0.8901271970 5.9770372111 -0.2307461167 5.4391572895 -0.2219105996 35.7249738233 -675.5816616198 25.3860773039 6.4674609150 -0.854667 -0.678403 -0.041221 -0.595486 -1.691802 0.057348 -1.029766 -0.193198 -1.730454 2.699831 2.414204 2.311659 -2.243056 0.383239 -0.753085 0.013268 0.952650 1.619648 -1.773315 2.451549 2.560123 2.347332 -1.364301 0.405795 0.001326 -1.520205 -1.721485 -0.145301 -2.128895 -2.853926 -0.574206 -0.181115 1.717553 3.208782 -2.597197 0.486435 1.208428 -2.084840 -0.857500 0.092988
468 37.2304837052 15.0000000000 7.0000000000 1.2089303768 31.0000000000 5.9893747499 0.9457467777 5.8656538789 0.1547183009 5.2569589701 0.1208909015 34.4058954266 -936.4807896011 25.3878273106 6.5174632221 2.481870 -1.192421 -2.531652 0.740730 -1.292576 -2.058410 -2.845018 4.330916 -2.603490 3.031945 3.526649 -3.634911 0.525972 -0.767776 0.233576 2.092033 1.910878 -2.976120 1.384112 -1.769293 1.792969 1.045237 -0.218063 -3.134929 1.074248 -4.726540 -0.174713 -5.000000 0.830365 -3.819515 -1.367409 -1.574260 4.124960 5.000000 -0.349177 3.128400 -5.000000 1.347126 -4.012671 1.833356
1005 68.1107690272 15.0000000000 7.0000000000 0.8218219314 67.0000000000 5.6176831402 0.8850106833 6.0948152351 -0.0443890269 5.1388921418 -0.0518549996 37.1467727504 -606.9733415147 23.7248368999 6.0228493971 -1.265115 -0.439381 -3.905617 -0.919713 -4.424413 -3.050360 -4.534165 4.804080 -0.556760 0.118471 4.690634 -3.142858 -0.471733 -3.414407 -5.000000 2.632861 1.891252 -2.468728 -1.816570 1.012353 2.359377 2.113305 -2.407394 -3.025156 0.975224 -4.123059 1.595426 -3.547599 -0.380548 -3.151358 -0.800951 -5.000000 2.146974 4.567396 -4.559240 -1.651732 -3.916764 0.552667 -3.393342 -0.521629
evaluations raw_y rep iid sigma t d_norm d_mean ps_norm ps_mean pc_norm pc_mean ps_squared loglikelihood mhl_norm mhl_mean x0 x1 x2 x3 x4 x5 x6 x7 x8 x9 x10 x11 x12 x13 x14 x15 x16 x17 x18 x19 x20 x21 x22 x23 x24 x25 x26 x27 x28 x29 x30 x31 x32 x33 x34 x35 x36 x37 x38 x39
1 105.0839950097 16.0000000000 7.0000000000 0.8218219314 67.0000000000 5.6176831402 0.8850106833 6.0948152351 -0.0443890269 5.1388921418 -0.0518549996 37.1467727504 -606.9733415147 23.7248368999 6.0228493971 0.255897 -3.056947 -1.188936 0.132661 -2.470990 -1.242737 -1.777896 0.997820 -1.573794 0.237487 -1.513726 0.986734 -1.678809 -2.030044 -0.685039 3.768928 -0.541826 -2.903439 -2.160318 5.000000 -0.440446 -0.178801 0.552683 3.224522 1.431930 1.317265 0.421482 -1.128887 0.280372 -0.676896 -2.809655 -4.973284 2.547087 2.159496 1.296805 1.112840 0.467075 -2.157691 -2.363922 -1.406480
3 84.3464832259 16.0000000000 7.0000000000 0.8218219314 67.0000000000 5.6176831402 0.8850106833 6.0948152351 -0.0443890269 5.1388921418 -0.0518549996 37.1467727504 -606.9733415147 23.7248368999 6.0228493971 1.442551 -0.209734 -2.063124 1.827044 1.018541 -2.096844 -2.146696 0.803199 1.300040 -3.218136 -0.652171 -1.098613 -0.407079 1.096462 3.611066 -1.642602 3.187427 2.203320 4.568750 0.239071 0.692346 2.137668 0.916449 3.649586 1.031948 2.225693 1.211335 -1.340746 1.884942 -0.835912 0.254897 -0.085747 1.240700 -2.479343 2.617236 1.821041 0.342891 -1.771437 -2.091865 -0.490074
4 60.0039003373 16.0000000000 7.0000000000 0.8218219314 67.0000000000 5.6176831402 0.8850106833 6.0948152351 -0.0443890269 5.1388921418 -0.0518549996 37.1467727504 -606.9733415147 23.7248368999 6.0228493971 -1.483704 0.060040 0.825211 1.255622 0.221882 -2.003700 3.447928 3.721118 -1.606971 -0.666321 4.510377 2.957759 0.441151 1.446785 -2.722532 -0.037876 2.519495 -3.854248 1.153076 -2.054473 3.622231 -2.246609 -2.423953 -1.245523 -1.350911 0.486168 2.502407 -2.539410 -0.853848 0.907031 -2.024236 1.324722 0.883576 0.943326 -0.016886 1.410469 2.679896 -0.157846 2.467135 0.444042
7 55.7380105316 16.0000000000 7.0000000000 0.8218219314 67.0000000000 5.6176831402 0.8850106833 6.0948152351 -0.0443890269 5.1388921418 -0.0518549996 37.1467727504 -606.9733415147 23.7248368999 6.0228493971 -0.136609 -0.760622 -0.734638 -0.462814 -1.943550 0.645485 0.971420 -1.130366 -1.281493 -0.994173 -1.388055 0.260246 1.204419 0.884040 1.571110 -1.920914 1.656214 -0.607146 -0.007018 -1.182587 -1.584640 -0.883148 -1.935105 -1.833396 -3.107206 1.862899 2.802322 0.113155 -2.928841 0.129112 2.957113 -2.324218 2.804424 0.900575 -4.495087 0.945259 0.404860 -0.692424 -3.064750 -1.078260
29 55.0324294724 16.0000000000 7.0000000000 1.8860593163 1.0000000000 6.3119688492 0.9979949139 3.1241918006 -0.0421935748 2.6494324376 -0.0357817422 9.7605744069 -1256.4070697203 25.5049234915 6.5000613539 -4.467385 0.156045 0.277409 -1.061805 -1.189253 1.023544 0.154462 -2.395331 0.578055 -0.182989 0.946948 0.397930 -2.840884 0.853342 -0.432312 -2.178848 -0.613264 -3.026419 0.290148 -2.369976 1.807560 -0.732172 2.082827 1.955373 -2.356250 1.543553 4.145623 -1.382764 -0.382188 0.418609 -0.509029 -1.210163 2.304879 -2.223991 -1.088501 0.936422 1.599510 3.170987 0.171384 3.388615
106 53.5884875160 16.0000000000 7.0000000000 1.7283108777 7.0000000000 6.2452404175 0.9872207774 5.5971175144 -0.0125446140 5.2446520372 -0.0174180114 31.3277244696 -1139.5304253598 23.2743577722 5.9534478109 -3.042815 -2.348966 2.535204 -3.775520 1.041146 4.939582 -0.069976 -1.257158 -2.841557 1.362907 -0.250412 3.683524 -1.829759 4.062759 3.492769 -4.866679 0.864075 -2.342485 -2.886576 -1.573775 -1.474536 -1.314373 3.667885 -0.148677 -2.029067 -1.561813 4.013398 -2.768998 2.095314 -3.577254 -1.741076 -5.000000 2.953388 -3.547527 -0.891272 4.191812 3.202512 1.629125 3.289185 0.387902
111 41.0174932257 16.0000000000 7.0000000000 1.7283108777 7.0000000000 6.2452404175 0.9872207774 5.5971175144 -0.0125446140 5.2446520372 -0.0174180114 31.3277244696 -1139.5304253598 23.2743577722 5.9534478109 -2.252617 -3.738772 -0.932281 -0.593994 0.751183 1.587991 0.173554 -2.097853 -1.730753 -0.136964 -0.170443 -0.185003 -2.442280 2.913027 3.864264 -0.536713 -2.191844 -5.000000 -2.937189 -1.458462 3.549307 3.675181 1.005957 -3.091037 -3.085742 -2.188048 1.239593 -4.546433 -2.527074 -3.720274 -0.886568 -1.230767 5.000000 1.390014 -3.853464 -2.420630 1.212589 -2.075875 4.233125 -3.295368
275 39.7913038902 16.0000000000 7.0000000000 1.3265032809 18.0000000000 6.1165566080 0.9664886734 4.8489833790 0.1023296351 4.4967351319 0.0971383950 23.5126398102 -997.2787348248 24.8335431231 6.3373111435 -0.785625 -4.126226 3.172755 -2.568316 0.083796 1.747075 -4.592185 3.721963 -5.000000 -0.371635 0.139754 3.091040 -0.012655 5.000000 -0.510438 -5.000000 2.677466 -3.483137 -2.992226 -3.963122 1.908349 4.082241 4.034376 -0.690240 -4.415461 0.209542 0.041270 2.019307 -4.793808 -2.574787 -1.808851 -0.647818 1.863167 -0.145374 -4.246454 1.880602 2.611285 0.261527 -0.991282 0.291351
784 38.9552273883 16.0000000000 7.0000000000 0.9921361740 52.0000000000 5.7848480869 0.9125072696 6.3779416697 0.1027453415 5.5142644076 0.0908850176 40.6781399418 -774.5270212785 24.9581104707 6.3283984658 -0.158039 0.992648 2.744403 -1.479997 -4.405467 4.644288 -2.372379 1.585662 0.240566 3.436819 -3.790306 4.718805 -0.641712 2.308482 1.316824 -3.811597 2.967869 -0.641881 -2.886995 -0.812828 2.750023 1.994398 3.339063 0.772891 0.237386 5.000000 1.577885 2.056772 -2.771654 -4.449831 -1.047959 3.189972 1.883658 -3.947163 -2.648062 -1.295648 3.371793 0.603428 -1.651331 1.175157
972 37.0317940228 16.0000000000 7.0000000000 0.8111432105 64.0000000000 5.6611211319 0.8926585171 6.5059489587 0.1296082186 5.3367466454 0.1048549129 42.3273718532 -606.6283798227 23.7155963667 6.0180890344 -2.049996 -0.974882 4.628674 -1.719016 -5.000000 4.562143 -4.000309 1.575376 2.202010 3.193144 -3.485008 5.000000 -1.266543 1.034555 -1.105875 -4.256606 0.472217 -2.297834 -2.491029 0.997525 4.619605 3.831748 3.658471 2.450478 -1.275703 4.920306 4.355105 0.882777 -1.841129 -3.888327 -2.420515 3.766196 -0.131895 -3.553058 -0.218012 -2.605918 4.400231 -0.359461 -3.104591 0.631614
1005 76.1245831323 16.0000000000 7.0000000000 0.8408249296 67.0000000000 5.6391252714 0.8889782992 6.5887149116 0.0069950377 5.8636977855 0.0239613171 43.4111641858 -632.4233637028 24.0965615230 6.1622872638 -3.501853 -0.145456 3.493062 -1.054288 -4.684260 4.651544 -4.255155 -0.351178 1.707558 2.171816 -2.481727 4.969922 0.270225 0.550598 1.110640 -3.266525 0.770999 -2.750218 -2.529971 0.700247 2.939554 5.000000 3.382231 5.000000 -0.884834 4.699833 3.153917 1.655116 -3.214392 -3.113484 -0.251560 4.212158 0.696958 -5.000000 -0.201188 -1.026028 4.787455 0.173968 -3.322849 1.143761
evaluations raw_y rep iid sigma t d_norm d_mean ps_norm ps_mean pc_norm pc_mean ps_squared loglikelihood mhl_norm mhl_mean x0 x1 x2 x3 x4 x5 x6 x7 x8 x9 x10 x11 x12 x13 x14 x15 x16 x17 x18 x19 x20 x21 x22 x23 x24 x25 x26 x27 x28 x29 x30 x31 x32 x33 x34 x35 x36 x37 x38 x39
1 83.4780916340 17.0000000000 7.0000000000 0.8408249296 67.0000000000 5.6391252714 0.8889782992 6.5887149116 0.0069950377 5.8636977855 0.0239613171 43.4111641858 -632.4233637028 24.0965615230 6.1622872638 0.552532 -3.709256 1.247802 2.290623 2.074381 3.773278 -0.223397 -0.724203 0.297350 -0.875566 4.342514 2.304621 -3.637625 -0.276099 1.079679 -3.550565 2.629753 -0.946896 -2.184460 -0.500055 -1.964589 2.062538 0.982668 -0.893293 -1.612720 0.262536 -2.425120 0.319982 -1.510446 0.699792 1.955084 -0.277170 0.207713 0.601182 1.936411 1.739248 1.135566 0.930565 -2.330746 -4.071990
4 68.6428146144 17.0000000000 7.0000000000 0.8408249296 67.0000000000 5.6391252714 0.8889782992 6.5887149116 0.0069950377 5.8636977855 0.0239613171 43.4111641858 -632.4233637028 24.0965615230 6.1622872638 -4.196252 -0.515548 2.047250 -0.629321 2.145812 0.065204 5.000000 -0.349807 -1.683917 0.153202 -1.342466 -0.634319 -1.250714 -2.115265 2.112276 0.008983 0.427660 -3.391432 2.696158 -3.928023 -0.463311 0.088770 -3.424574 3.224231 -1.323695 -1.158337 0.348774 1.597745 1.074793 -1.647740 0.292323 -0.181264 1.882719 2.354677 0.049803 0.610000 1.909148 -0.012913 0.429733 2.484851
5 63.8151331965 17.0000000000 7.0000000000 0.8408249296 67.0000000000 5.6391252714 0.8889782992 6.5887149116 0.0069950377 5.8636977855 0.0239613171 43.4111641858 -632.4233637028 24.0965615230 6.1622872638 0.293813 0.585117 -1.262101 -0.818094 0.074755 1.867740 -2.757204 -0.655961 0.783612 1.496644 0.321071 -1.224186 1.376991 0.364170 0.936116 -1.431423 0.446975 -0.459108 -0.819845 -2.389461 -2.429198 -3.327470 2.576619 -1.250526 3.910551 -3.789582 -0.497270 2.589940 -2.554287 -2.461377 0.676576 1.020571 0.100827 -1.624627 -0.293592 4.104608 2.290745 0.152960 -1.721311 -0.775398
7 51.9930588202 17.0000000000 7.0000000000 0.8408249296 67.0000000000 5.6391252714 0.8889782992 6.5887149116 0.0069950377 5.8636977855 0.0239613171 43.4111641858 -632.4233637028 24.0965615230 6.1622872638 3.755210 -1.089194 0.752383 -1.422355 3.902081 -1.517984 0.458543 2.813668 -2.138826 -2.438873 1.270318 -1.279799 3.200119 -1.461064 -2.019237 -2.005173 0.136367 -4.189160 0.408009 0.776285 -3.514157 -0.964879 -1.015452 2.777333 0.121109 -0.097860 -1.097594 2.150946 1.666834 -2.951673 1.494247 2.005165 0.451703 1.950551 1.476965 -3.078047 -1.229342 0.416296 -0.375803 -1.726339
21 48.3765351291 17.0000000000 7.0000000000 1.8992365541 1.0000000000 6.3087275085 0.9974725508 3.4993894502 -0.0423456160 2.9676141904 -0.0359106789 12.2457265241 -1300.0214761054 27.0542287816 6.8506225846 1.809723 -1.678759 1.125863 -5.000000 3.598627 2.235217 0.054832 -0.516041 -0.211174 2.177722 -3.136426 0.956288 1.711988 -2.645854 0.146579 -1.520642 0.800971 -1.037560 0.364357 2.664887 -4.993985 -1.468366 -1.275680 2.922286 0.027262 -2.004666 2.568601 0.156403 0.832490 0.548583 -3.544485 1.248934 -2.589905 2.610663 4.115910 -0.339030 -0.275553 2.009207 1.358442 -2.556775
34 47.4628321932 17.0000000000 7.0000000000 1.8315914579 2.0000000000 6.2964195876 0.9954966436 4.3308194278 0.0503344372 3.7278568344 0.0408921094 18.7559969160 -1288.6081058431 27.4612529265 6.9999296508 0.097232 0.484926 -1.063891 -3.733897 -0.331793 1.087672 1.368140 -0.662421 -1.861339 -0.587029 -0.117532 -0.053782 2.261240 -1.570297 5.000000 -2.687456 4.516363 -3.935294 3.249281 2.337288 -1.626361 1.756498 0.812945 2.190252 1.217866 2.768910 -0.845737 0.841163 0.516864 -0.490884 0.435971 2.228130 -0.431709 -0.785361 3.139519 -1.592655 -2.207119 2.906590 2.484089 -1.094998
118 44.7774114585 17.0000000000 7.0000000000 1.6002453682 7.0000000000 6.2399644421 0.9864379472 5.1139448898 0.0016724232 4.6899527063 0.0094242604 26.1524323354 -1096.8285593134 23.4205192748 5.9943377053 0.474088 -3.583843 -0.593992 -5.000000 0.875899 0.641473 4.022980 -0.545880 1.179137 2.015411 -2.865225 -0.914644 1.262505 -5.000000 2.972105 -1.807793 5.000000 -1.847130 3.730352 -3.016736 1.756917 0.539523 -0.234071 1.622042 2.259072 0.862560 -1.968551 0.965994 2.275122 -5.000000 -0.972211 2.361260 4.308395 0.592501 1.735693 -3.649969 1.537765 1.843320 -0.620439 0.879072
539 43.9856044608 17.0000000000 7.0000000000 1.0847712563 35.0000000000 5.9529155472 0.9397782276 6.5592986092 -0.1519642494 5.8028552087 -0.1060329832 43.0243982447 -872.1061695873 25.6417710264 6.5290204654 1.344190 0.765769 1.058096 -1.693879 0.131207 4.269675 -0.153058 2.809874 -1.682779 -1.361065 -4.582738 4.272888 5.000000 -4.961297 5.000000 -0.568577 4.471379 -3.319123 2.545576 -5.000000 1.193923 3.760355 1.532035 1.622319 -1.877785 1.408386 -2.572263 -5.000000 2.510034 -4.362736 2.290007 2.538509 5.000000 -0.960622 1.888141 -3.364878 -0.701183 -1.316413 -1.632136 5.000000
569 42.7654500677 17.0000000000 7.0000000000 1.0855829293 37.0000000000 5.9323989704 0.9364095066 6.2507428878 -0.0409754391 5.7558868575 -0.0307159698 39.0717866493 -819.2443719694 23.5236397154 5.9775879259 0.678310 0.232204 3.489205 -2.819688 -1.103917 3.162966 0.885186 4.519793 -4.609741 -1.684995 -5.000000 4.251201 2.107413 -5.000000 3.293260 -0.198597 4.039921 -3.839997 2.314523 -4.475467 3.889089 4.607189 2.582248 2.901507 -1.950633 0.116135 -3.364145 -4.062686 1.376442 -3.754806 4.505879 2.752196 3.613031 -1.313439 1.189493 -2.644274 0.346472 -3.721520 -2.062072 4.448672
869 36.9524955433 17.0000000000 7.0000000000 0.7287288169 57.0000000000 5.7172439384 0.9015568167 4.3964175607 0.0101386764 4.0741910354 0.0104230465 19.3284873680 -594.8301639074 25.7847568120 6.5727963714 1.284439 2.277125 1.351340 -1.246323 0.073511 0.637099 3.551838 4.171945 -3.723624 -0.490221 -4.823873 3.533200 3.166435 -3.194570 4.376942 -0.769551 0.498977 -3.564100 1.531253 -3.328723 3.361523 0.519369 2.954905 2.367300 -2.384622 -0.252987 -1.904642 -5.000000 0.537421 -1.366342 1.717159 -0.416225 3.191587 -0.390667 2.251018 -1.134804 -0.438343 -2.207775 -1.504144 3.123013
1005 39.3783734316 17.0000000000 7.0000000000 0.6086109961 67.0000000000 5.6148155662 0.8850037668 6.0406298362 0.0050121157 5.3245748062 -0.0010567624 36.4892088179 -451.2432959984 24.8331184704 6.3329893411 -0.075199 2.454346 0.088579 -2.078603 -0.865540 1.097507 3.571142 2.664170 -5.000000 -0.923512 -3.646099 5.000000 3.376359 -3.695746 3.743840 0.215716 -0.438419 -3.330927 1.489969 -3.414551 4.405455 2.673851 1.776124 4.675663 -1.755978 -0.512570 -0.137362 -4.833914 -0.800999 0.410263 1.127501 -0.181563 3.193276 -0.981563 2.696688 -1.592749 0.787469 -2.613646 -0.945155 3.451294
evaluations raw_y rep iid sigma t d_norm d_mean ps_norm ps_mean pc_norm pc_mean ps_squared loglikelihood mhl_norm mhl_mean x0 x1 x2 x3 x4 x5 x6 x7 x8 x9 x10 x11 x12 x13 x14 x15 x16 x17 x18 x19 x20 x21 x22 x23 x24 x25 x26 x27 x28 x29 x30 x31 x32 x33 x34 x35 x36 x37 x38 x39
1 65.8444924461 18.0000000000 7.0000000000 0.6086109961 67.0000000000 5.6148155662 0.8850037668 6.0406298362 0.0050121157 5.3245748062 -0.0010567624 36.4892088179 -451.2432959984 24.8331184704 6.3329893411 0.158857 4.380405 -0.269784 0.321036 0.885396 1.246783 2.017807 0.788498 -0.672773 -1.291813 1.610915 0.832886 1.149239 -2.203343 -1.989514 2.691039 1.163736 1.074477 4.134094 -0.580648 1.202730 -1.129054 -2.335903 -2.044004 1.767039 -1.067489 -2.700864 0.460188 1.789710 2.741520 4.927403 2.255803 -1.638428 0.134928 2.154433 -1.107090 1.355235 2.082987 -3.502844 0.237339
6 63.1408090090 18.0000000000 7.0000000000 0.6086109961 67.0000000000 5.6148155662 0.8850037668 6.0406298362 0.0050121157 5.3245748062 -0.0010567624 36.4892088179 -451.2432959984 24.8331184704 6.3329893411 1.689023 1.087558 -0.936384 -1.498741 -2.352626 2.806540 1.361561 -0.758157 3.883901 0.546218 -0.950802 1.283863 -1.114723 -1.416906 1.573397 -0.529431 1.368263 0.001056 -2.731892 0.914473 2.867268 -1.829772 0.206108 -1.928527 1.339961 0.465556 1.159308 -2.102529 -1.940810 2.085356 0.131708 -2.801878 3.742524 2.703296 2.060785 0.795531 0.495310 -2.619728 -0.121044 -1.109956
16 44.5034833068 18.0000000000 7.0000000000 1.8740005937 1.0000000000 6.3102737543 0.9977214151 2.7785376080 0.0729932148 2.3563046501 0.0619009982 7.7202712388 -1298.9835226466 27.3001796268 6.9610780257 0.571924 5.000000 1.540124 1.477510 2.235111 2.065252 2.900075 -0.527783 0.584341 -1.293060 -1.717696 -1.878454 -0.157369 0.726996 1.186571 1.334254 -2.891897 -0.520467 -0.042001 2.779702 -0.852551 -3.625537 1.923900 -0.989407 0.421522 -0.389477 0.023926 1.710225 -2.870156 0.684961 -1.436085 0.952881 4.812718 0.081681 5.000000 -0.156046 -2.472245 -5.000000 2.697174 -0.844377
925 44.0949608048 18.0000000000 7.0000000000 1.0349266093 61.0000000000 5.7070341336 0.8995565486 6.8264733637 0.1234174422 6.0827389776 0.0827643858 46.6007385853 -771.0415182259 24.1255895087 6.1561028901 3.246862 -2.923133 -3.953054 -0.362991 -0.707390 3.976504 -4.810525 3.378595 -4.337066 -0.479342 4.291212 2.819504 -3.035198 -0.330251 4.641932 2.561090 5.000000 2.168755 1.349558 0.500258 0.979490 3.855771 1.510259 4.389990 -0.364264 5.000000 0.649833 -2.273738 -2.146854 -0.260546 3.550507 -1.352650 -3.549579 -3.670888 4.091388 1.888000 -3.507404 1.620839 5.000000 -3.823452
1005 103.6564351181 18.0000000000 7.0000000000 1.0211368119 67.0000000000 5.6541189480 0.8909866408 6.8032027151 0.0755233751 5.7990841607 0.0499289742 46.2835671829 -732.4176143081 23.1099074256 5.9141082483 3.979384 -4.088117 -2.426897 1.574220 -0.677623 3.465708 -2.427171 4.017615 -3.247761 -1.002436 3.201720 -0.873100 -2.706048 1.070541 3.653603 0.659529 3.980627 1.846513 1.680679 -0.910888 1.612841 1.353201 0.136461 4.280098 -3.346442 4.370027 1.735666 -2.306151 -4.265482 -0.322851 3.309369 -0.943830 -3.682008 -3.369131 4.281436 2.630216 -4.225077 -0.152763 2.191607 -2.520666
evaluations raw_y rep iid sigma t d_norm d_mean ps_norm ps_mean pc_norm pc_mean ps_squared loglikelihood mhl_norm mhl_mean x0 x1 x2 x3 x4 x5 x6 x7 x8 x9 x10 x11 x12 x13 x14 x15 x16 x17 x18 x19 x20 x21 x22 x23 x24 x25 x26 x27 x28 x29 x30 x31 x32 x33 x34 x35 x36 x37 x38 x39
1 88.6980511741 19.0000000000 7.0000000000 1.0211368119 67.0000000000 5.6541189480 0.8909866408 6.8032027151 0.0755233751 5.7990841607 0.0499289742 46.2835671829 -732.4176143081 23.1099074256 5.9141082483 0.442007 -0.680930 -1.155497 -0.808063 -1.206579 -0.487705 2.070687 1.161507 0.504827 -2.925092 -3.096683 0.530545 -0.001792 -2.031985 0.223979 -2.383904 3.111088 -1.866600 1.053068 -0.299929 1.045571 2.684310 3.117043 2.511988 1.817207 -1.681803 2.011170 -2.047608 0.363548 -0.833362 3.956817 3.834889 -2.062014 -0.966624 -1.290160 0.120696 1.095861 1.690297 -2.414363 0.749681
2 74.0888316382 19.0000000000 7.0000000000 1.0211368119 67.0000000000 5.6541189480 0.8909866408 6.8032027151 0.0755233751 5.7990841607 0.0499289742 46.2835671829 -732.4176143081 23.1099074256 5.9141082483 1.884696 -0.702528 0.919470 -0.097033 0.830964 -1.403752 0.370929 0.936700 0.079047 1.432281 -0.963377 -0.104982 -0.544557 0.615971 -3.521307 2.300448 -0.435462 -2.441175 -0.687231 3.097524 -0.415951 -0.483348 -0.249192 1.121828 2.617625 1.896513 1.583996 -0.380984 -0.014522 -1.350757 -1.515831 -2.504505 -1.530213 2.654848 0.492101 0.135669 -1.362209 -0.242765 -1.653856 -2.964715
8 70.8624890636 19.0000000000 7.0000000000 1.0211368119 67.0000000000 5.6541189480 0.8909866408 6.8032027151 0.0755233751 5.7990841607 0.0499289742 46.2835671829 -732.4176143081 23.1099074256 5.9141082483 0.087327 -3.764622 0.146565 -1.536645 -0.063056 4.017050 3.522516 -1.572383 4.513344 -0.785112 0.140075 1.352851 -1.906399 2.029453 0.370539 3.219365 -0.576623 0.584608 -0.733384 -1.370868 -0.463238 0.409519 1.159334 -1.061810 -0.094808 -3.802443 0.556987 -1.013701 -0.636181 1.661961 3.300190 -2.533167 0.474331 -1.450495 1.351342 -2.154128 -4.523829 -3.119508 1.696616 0.615588
9 61.9052431033 19.0000000000 7.0000000000 1.0211368119 67.0000000000 5.6541189480 0.8909866408 6.8032027151 0.0755233751 5.7990841607 0.0499289742 46.2835671829 -732.4176143081 23.1099074256 5.9141082483 2.232897 -0.973441 0.578767 2.416675 -1.868079 0.215620 2.626368 -0.383970 2.999500 -0.451252 0.248129 0.848591 -0.177960 -0.472336 -4.840597 -1.711728 3.222040 0.808181 -1.689550 -3.162880 1.546827 -1.335918 -1.721324 0.159398 -0.291607 -1.007712 0.393468 1.559983 -3.245090 2.397419 2.433952 1.532351 -2.605776 0.683776 0.958950 -2.362182 -2.723913 -1.189477 -0.078146 -0.576984
16 61.7739171872 19.0000000000 7.0000000000 1.9110847120 1.0000000000 6.3106220063 0.9977717636 3.8345280387 -0.0474497637 3.2518243491 -0.0402391886 14.7036052795 -1293.4604091303 26.6258397603 6.7359759405 0.532448 -1.955350 2.718632 0.597948 -0.943271 1.122766 4.705315 0.005223 -0.001201 -0.805958 -0.204635 0.466284 -3.273979 2.912970 -2.496549 0.702303 5.000000 1.746970 -0.499143 -1.068118 -0.128073 -2.439673 2.398229 0.814184 -1.443401 1.604024 5.000000 2.327980 -1.642925 0.281149 1.775215 -4.187351 -3.456582 -0.518182 3.228146 1.429415 -2.595649 1.684847 -1.100501 0.695317
23 51.9325339620 19.0000000000 7.0000000000 1.9110847120 1.0000000000 6.3106220063 0.9977717636 3.8345280387 -0.0474497637 3.2518243491 -0.0402391886 14.7036052795 -1293.4604091303 26.6258397603 6.7359759405 -0.857158 -3.040119 -3.488659 0.492401 -2.292680 0.580051 4.922955 0.516504 4.286635 2.094144 -2.946755 0.322664 1.057232 -3.759573 0.618820 -0.651141 3.142526 -0.111020 0.150682 2.577317 -0.305079 -0.163679 1.485144 1.857021 -0.975939 -0.780296 -1.793673 1.292389 -2.420136 3.184039 1.230491 0.706665 -3.951971 -0.420858 2.587554 -0.131313 -3.031430 1.900621 0.671626 1.755690
129 50.8323121813 19.0000000000 7.0000000000 1.6542826749 8.0000000000 6.2348208905 0.9855782136 5.5395402678 -0.1394976933 5.1113627614 -0.1333166152 30.6865063786 -1124.1204665052 23.8603203372 6.0741033387 -1.945547 -5.000000 -2.311015 -2.881715 -2.820218 3.275370 2.176894 1.268562 3.245482 -2.250192 -3.396563 2.744103 -2.708023 -4.812630 -2.786452 -1.774164 -1.316643 -5.000000 1.851309 -0.328970 -0.166778 -4.221484 0.981074 -1.916182 -1.035534 -0.573501 2.440571 1.371316 -4.251660 -0.484724 3.176962 3.801827 -1.558640 -4.258385 2.287838 -1.494500 -1.627801 0.841752 1.229010 -0.457290
173 45.1389915953 19.0000000000 7.0000000000 1.5919247330 11.0000000000 6.1999048269 0.9799367971 6.1250823748 -0.1291211666 5.7544152394 -0.1339155471 37.5166340976 -1145.7078333353 25.8083309891 6.6077817082 0.672299 -2.890314 -1.288644 -2.762196 -0.486622 1.621917 5.000000 1.568848 1.883786 -1.150297 -4.647736 -2.373121 -2.225216 -3.187480 0.478748 -0.592799 -0.875655 -2.133206 3.341962 -0.980667 1.214183 -3.874201 -1.572171 -0.485456 1.901501 -0.238831 3.761721 3.113825 -2.666100 3.744012 1.824640 -0.080364 -0.980264 -4.548900 4.559703 0.253281 -3.211571 0.266605 2.864263 0.803211
269 43.2903046460 19.0000000000 7.0000000000 1.3422707379 17.0000000000 6.1304888637 0.9688152647 4.2846337536 0.2445574812 3.8894191494 0.2108920267 18.3580864029 -1015.9836517343 25.1773445071 6.4160016811 1.740255 -0.106755 -0.464074 -2.961316 -0.704326 3.229595 3.938449 2.562484 -0.570402 -0.442232 -3.825017 -0.180801 -1.660753 1.411713 -1.014089 -2.528551 -1.662638 -4.407749 4.981193 0.112160 0.879214 -3.279624 -0.254692 -1.736016 0.688064 0.402863 0.839830 3.525638 -1.713226 0.659290 5.000000 -0.201081 -2.494745 -3.853313 2.998586 -1.470477 -1.105055 2.846159 -0.448234 0.550578
980 41.5411722544 19.0000000000 7.0000000000 0.7189883633 65.0000000000 5.6394941148 0.8894125666 6.0158702431 -0.1084900832 5.3102289393 -0.1160165453 36.1906947817 -580.6037176737 25.9632269280 6.6545454246 3.517536 0.494945 0.577097 -2.398830 -3.406521 0.992162 1.934435 0.707654 2.411456 3.306587 -2.185006 -0.018068 0.509624 -0.772816 3.515538 -2.222024 -0.445200 -2.667655 3.405075 -2.700627 4.786230 -0.513809 -2.148894 -4.145037 0.486838 1.091646 0.402005 -2.395926 -1.555149 0.622269 2.327029 2.192421 -3.925692 -1.942129 -2.077794 -0.497751 -0.844911 -1.002360 0.094714 -1.148188
1005 86.1240125690 19.0000000000 7.0000000000 0.7128828620 67.0000000000 5.6206282895 0.8863621409 6.4909156433 -0.1414476066 5.5074887845 -0.1331697436 42.1319858884 -598.0011046893 27.0128058783 6.9059851910 3.437648 0.177552 -0.661826 -3.049536 -3.555927 0.446998 3.097378 1.667898 1.905751 2.934128 -2.579098 1.266195 1.085407 0.172868 3.144025 -2.387065 -1.379089 -3.494444 3.398235 -3.985295 3.476805 -1.583060 -2.716672 -4.701483 -0.249706 1.339588 -0.506178 -0.994508 -1.567573 -0.506275 2.067238 2.194170 -2.445767 -1.838075 -1.777387 0.513987 -1.218675 -0.143354 -0.119411 -0.453131
