fid,iid,rep,a1_budget,algname,achieved_regret
1,1,0,150,PSO,3.312159293500372e-07
1,1,1,150,PSO,1.638330417108591e-06
1,1,2,150,PSO,2.3106288438157208e-07
1,1,3,150,PSO,2.1742484079823043e-06
1,1,4,150,PSO,4.306399475240141e-06
1,1,5,150,PSO,8.337927255297473e-07
1,1,6,150,PSO,3.955036291358738e-06
1,1,7,150,PSO,4.4565605605839664e-07
1,1,8,150,PSO,8.067570149705716e-07
1,1,9,150,PSO,5.379186475806819e-06
1,1,10,150,PSO,4.874114807762453e-06
1,1,11,150,PSO,5.499702240285842e-07
1,1,12,150,PSO,2.409203148090455e-07
1,1,13,150,PSO,1.8679948254884948e-07
1,1,14,150,PSO,2.7992644078267404e-06
1,1,15,150,PSO,5.0516691345592335e-06
1,1,16,150,PSO,1.4376357029277642e-06
1,1,17,150,PSO,2.263028818560997e-06
1,1,18,150,PSO,1.0074486311850706e-06
1,1,19,150,PSO,1.1190854252163263e-06
1,2,0,150,PSO,7.330369271585369e-07
1,2,1,150,PSO,2.245522409793921e-06
1,2,2,150,PSO,3.6704392414321774e-07
1,2,3,150,PSO,2.1811686110595474e-06
1,2,4,150,PSO,2.009541560710204e-06
1,2,5,150,PSO,7.514311164413812e-07
1,2,6,150,PSO,5.387463488659705e-07
1,2,7,150,PSO,1.2375339224490745e-06
1,2,8,150,PSO,2.6920370714833552e-06
1,2,9,150,PSO,2.198070035319688e-06
1,2,10,150,PSO,1.1013534049197915e-06
1,2,11,150,PSO,3.21564414207387e-07
1,2,12,150,PSO,7.908972293080296e-06
1,2,13,150,PSO,1.3178711810724053e-06
1,2,14,150,PSO,1.0980887736877776e-06
1,2,15,150,PSO,2.4985437221403117e-06
1,2,16,150,PSO,2.140223557489662e-06
1,2,17,150,PSO,7.773246579745319e-07
1,2,18,150,PSO,4.772544912157173e-06
1,2,19,150,PSO,9.262244589081092e-06
1,3,0,150,PSO,1.5583104584493412e-06
1,3,1,150,PSO,3.3337259708332567e-06
1,3,2,150,PSO,2.296327721751368e-06
1,3,3,150,PSO,5.046299804689625e-07
1,3,4,150,PSO,9.857125178314163e-07
1,3,5,150,PSO,4.4369359670781705e-06
1,3,6,150,PSO,1.8988481826909265e-06
1,3,7,150,PSO,9.266443043998152e-07
1,3,8,150,PSO,3.8512544620061817e-07
1,3,9,150,PSO,1.5567493960588763e-06
1,3,10,150,PSO,6.714600715440611e-07
1,3,11,150,PSO,1.0872114444282488e-06
1,3,12,150,PSO,9.505570517376327e-07
1,3,13,150,PSO,1.143888141541538e-06
1,3,14,150,PSO,5.305540412336995e-06
1,3,15,150,PSO,2.971485031366683e-06
1,3,16,150,PSO,8.733815093364683e-07
1,3,17,150,PSO,1.5574583756006177e-06
1,3,18,150,PSO,4.985842480209612e-06
1,3,19,150,PSO,1.7628391617563466e-06
1,4,0,150,PSO,3.848996072974842e-07
1,4,1,150,PSO,2.4429411382698163e-07
1,4,2,150,PSO,1.7331248045593384e-06
1,4,3,150,PSO,2.216966066725945e-06
1,4,4,150,PSO,1.486261680838652e-06
1,4,5,150,PSO,2.4982815318708163e-06
1,4,6,150,PSO,3.1010135046471987e-06
1,4,7,150,PSO,7.043389302907599e-07
1,4,8,150,PSO,1.1276679856564442e-06
1,4,9,150,PSO,2.995144768647151e-06
1,4,10,150,PSO,7.430246853346034e-07
1,4,11,150,PSO,1.1363588896529109e-06
1,4,12,150,PSO,1.4862692978567793e-06
1,4,13,150,PSO,2.871109927582438e-06
1,4,14,150,PSO,1.4847108786852914e-06
1,4,15,150,PSO,2.8714347877212276e-07
1,4,16,150,PSO,7.015407561539178e-07
1,4,17,150,PSO,1.5218101339087298e-06
1,4,18,150,PSO,1.7122151518833562e-06
1,4,19,150,PSO,1.2445124468740687e-06
1,5,0,150,PSO,1.1889706428291902e-06
1,5,1,150,PSO,1.2221603604700704e-06
1,5,2,150,PSO,9.581026624516653e-06
1,5,3,150,PSO,6.845371711250436e-06
1,5,4,150,PSO,6.965871577335747e-07
1,5,5,150,PSO,8.731306486708945e-07
1,5,6,150,PSO,3.316280245968528e-06
1,5,7,150,PSO,7.686589711397573e-07
1,5,8,150,PSO,2.841426528732427e-06
1,5,9,150,PSO,6.918759329010982e-06
1,5,10,150,PSO,5.883235118631092e-06
1,5,11,150,PSO,2.88732145747872e-07
1,5,12,150,PSO,1.787275760278817e-06
1,5,13,150,PSO,5.457110148654465e-06
1,5,14,150,PSO,6.719436658642053e-06
1,5,15,150,PSO,1.1943260211921825e-06
1,5,16,150,PSO,6.752289394285071e-07
1,5,17,150,PSO,2.4785276053762573e-07
1,5,18,150,PSO,2.9046547815880785e-06
1,5,19,150,PSO,4.583393469204111e-07
1,6,0,150,PSO,1.558638302867621e-06
1,6,1,150,PSO,3.0976582365838112e-06
1,6,2,150,PSO,1.765341721693403e-06
1,6,3,150,PSO,1.9346154260801995e-06
1,6,4,150,PSO,6.5556595245652716e-06
1,6,5,150,PSO,3.093307441304205e-06
1,6,6,150,PSO,3.169265482938499e-06
1,6,7,150,PSO,9.00599246733691e-07
1,6,8,150,PSO,1.2988846833650314e-06
1,6,9,150,PSO,4.150733161623066e-07
1,6,10,150,PSO,1.9621877811459854e-06
1,6,11,150,PSO,8.214275055706821e-07
1,6,12,150,PSO,8.252361567429034e-07
1,6,13,150,PSO,3.4026998605440895e-06
1,6,14,150,PSO,2.351511483311697e-06
1,6,15,150,PSO,2.831023323324189e-06
1,6,16,150,PSO,1.0490256556749955e-06
1,6,17,150,PSO,4.31073743811794e-07
1,6,18,150,PSO,1.1414718983360217e-06
1,6,19,150,PSO,1.383612527661171e-06
1,7,0,150,PSO,2.185193352488568e-06
1,7,1,150,PSO,7.972239473019727e-07
1,7,2,150,PSO,1.2619783547052066e-06
1,7,3,150,PSO,9.719040008349111e-07
1,7,4,150,PSO,2.2844224076834507e-06
1,7,5,150,PSO,3.247649829063448e-07
1,7,6,150,PSO,4.2622332330211066e-07
1,7,7,150,PSO,1.1898915772690088e-06
1,7,8,150,PSO,2.9640544880749076e-06
1,7,9,150,PSO,2.459575057400798e-06
1,7,10,150,PSO,3.479550514384755e-07
1,7,11,150,PSO,1.8040051372736343e-06
1,7,12,150,PSO,1.1506465398269938e-06
1,7,13,150,PSO,6.766508704458829e-07
1,7,14,150,PSO,1.076675869171595e-05
1,7,15,150,PSO,1.4267687902247417e-06
1,7,16,150,PSO,1.8358535953666433e-06
1,7,17,150,PSO,9.06137074707658e-07
1,7,18,150,PSO,1.1139657090097899e-06
1,7,19,150,PSO,1.7275278878514655e-06
2,1,0,150,PSO,34.77777768040556
2,1,1,150,PSO,0.4470422291334728
2,1,2,150,PSO,14.35854940713827
2,1,3,150,PSO,1.8522186163381775
2,1,4,150,PSO,16.6401512475542
2,1,5,150,PSO,16.01736425405352
2,1,6,150,PSO,3.660591467610743
2,1,7,150,PSO,1.4793687627969234
2,1,8,150,PSO,11.607117470488959
2,1,9,150,PSO,0.582612161834021
2,1,10,150,PSO,0.24993274858042014
2,1,11,150,PSO,5.735018568511521
2,1,12,150,PSO,2.81728180868069
2,1,13,150,PSO,11.264581895658694
2,1,14,150,PSO,4.042990062024586
2,1,15,150,PSO,13.1922967101915
2,1,16,150,PSO,18.022707360161547
2,1,17,150,PSO,2.342787536970661
2,1,18,150,PSO,0.18489348734158284
2,1,19,150,PSO,0.25041732615437695
2,2,0,150,PSO,2.065104632162644
2,2,1,150,PSO,2.9406380722914633
2,2,2,150,PSO,24.81317895968961
2,2,3,150,PSO,4.67474836333821
2,2,4,150,PSO,2.5212918901850117
2,2,5,150,PSO,4.909075593774716
2,2,6,150,PSO,0.8211369837251681
2,2,7,150,PSO,0.2808989334789658
2,2,8,150,PSO,11.004110997737087
2,2,9,150,PSO,24.03369477903999
2,2,10,150,PSO,0.18090146126552042
2,2,11,150,PSO,0.16759543308521074
2,2,12,150,PSO,9.525087372318467
2,2,13,150,PSO,1.5435146824190724
2,2,14,150,PSO,4.940982461125742
2,2,15,150,PSO,2.6670675721440915
2,2,16,150,PSO,0.10664264103409948
2,2,17,150,PSO,7.883875894825991
2,2,18,150,PSO,4.335315592804051
2,2,19,150,PSO,0.4091334987413262
2,3,0,150,PSO,0.10230055003005134
2,3,1,150,PSO,4.777032756033577
2,3,2,150,PSO,8.410321747557802
2,3,3,150,PSO,90.31108832200954
2,3,4,150,PSO,17.662453235975804
2,3,5,150,PSO,0.78050627323627
2,3,6,150,PSO,0.05268423681478396
2,3,7,150,PSO,0.14050094032599247
2,3,8,150,PSO,23.400828757506716
2,3,9,150,PSO,167.59037704655984
2,3,10,150,PSO,13.560168544728171
2,3,11,150,PSO,0.12527607248794936
2,3,12,150,PSO,80.97544392309696
2,3,13,150,PSO,0.22912901900424743
2,3,14,150,PSO,6.473047827970092
2,3,15,150,PSO,0.5561237630349609
2,3,16,150,PSO,0.9627270340518379
2,3,17,150,PSO,0.6756213285852937
2,3,18,150,PSO,0.07675315253294457
2,3,19,150,PSO,0.11331170649700084
2,4,0,150,PSO,20.706081856056812
2,4,1,150,PSO,11.534055422046038
2,4,2,150,PSO,12.187525115244284
2,4,3,150,PSO,0.012523838094296025
2,4,4,150,PSO,41.919921677983496
2,4,5,150,PSO,9.230800166696895
2,4,6,150,PSO,10.898568411815234
2,4,7,150,PSO,4.363252362577384
2,4,8,150,PSO,9.321345472785538
2,4,9,150,PSO,3.861348421757043
2,4,10,150,PSO,0.18621589347958434
2,4,11,150,PSO,2.0992641826690033
2,4,12,150,PSO,0.7169072265202203
2,4,13,150,PSO,1.8463244842433824
2,4,14,150,PSO,2.6885857704480145
2,4,15,150,PSO,0.4680074718521041
2,4,16,150,PSO,3.0413929749366844
2,4,17,150,PSO,8.64323397464841
2,4,18,150,PSO,1.5028783097181417
2,4,19,150,PSO,92.79140027894016
2,5,0,150,PSO,139.9472844337539
2,5,1,150,PSO,82.89576782896944
2,5,2,150,PSO,11.502282699202226
2,5,3,150,PSO,3.6363392976395517
2,5,4,150,PSO,7.485652466824035
2,5,5,150,PSO,0.5324098596921374
2,5,6,150,PSO,0.03451434708709655
2,5,7,150,PSO,0.10327294174507529
2,5,8,150,PSO,2.3856265541930384
2,5,9,150,PSO,17.78134300830287
2,5,10,150,PSO,9.835311138813864
2,5,11,150,PSO,6.120063949419134
2,5,12,150,PSO,6.5615089795067405
2,5,13,150,PSO,1916.2725212289276
2,5,14,150,PSO,1498.6328486402579
2,5,15,150,PSO,2.3484499819245173
2,5,16,150,PSO,347.8221940184828
2,5,17,150,PSO,6.727538068820991
2,5,18,150,PSO,20.680503837370708
2,5,19,150,PSO,5.172871455621504
2,6,0,150,PSO,2.8180318415399697
2,6,1,150,PSO,4.832488418397723
2,6,2,150,PSO,21.88586066920436
2,6,3,150,PSO,22.62540656793639
2,6,4,150,PSO,0.03282268612441186
2,6,5,150,PSO,750.3316161605081
2,6,6,150,PSO,7.994810887258268
2,6,7,150,PSO,2.9423888468278108
2,6,8,150,PSO,0.22004282628524408
2,6,9,150,PSO,7.098980817059012
2,6,10,150,PSO,0.7771906680460745
2,6,11,150,PSO,8.126589908199154
2,6,12,150,PSO,2.9315770036038487
2,6,13,150,PSO,1.727304944091955
2,6,14,150,PSO,7.972080426890063
2,6,15,150,PSO,0.06856620580502693
2,6,16,150,PSO,0.49850268742800097
2,6,17,150,PSO,0.15504038001898124
2,6,18,150,PSO,3.293252682561331
2,6,19,150,PSO,0.04349483448989133
2,7,0,150,PSO,2.0633324103813813
2,7,1,150,PSO,277.8850677828313
2,7,2,150,PSO,19.173585927156648
2,7,3,150,PSO,0.08455659036448537
2,7,4,150,PSO,25.64248575045367
2,7,5,150,PSO,27.34583056853909
2,7,6,150,PSO,71.1173795832537
2,7,7,150,PSO,7.365227437557259
2,7,8,150,PSO,14.920462523175626
2,7,9,150,PSO,29.82731874158129
2,7,10,150,PSO,39.254619379566776
2,7,11,150,PSO,0.08402157155361678
2,7,12,150,PSO,10.441354520737377
2,7,13,150,PSO,0.08502725079056361
2,7,14,150,PSO,7.023772747484433
2,7,15,150,PSO,1.715936683339784
2,7,16,150,PSO,0.8868913434026631
2,7,17,150,PSO,36.49393710024549
2,7,18,150,PSO,0.493808027973369
2,7,19,150,PSO,1.2834966598015782
3,1,0,150,PSO,3.9810080729250785
3,1,1,150,PSO,11.939911776400777
3,1,2,150,PSO,3.980067640051061
3,1,3,150,PSO,2.004436637304707
3,1,4,150,PSO,3.982486655235391
3,1,5,150,PSO,2.9962429034804927
3,1,6,150,PSO,6.966077310988624
3,1,7,150,PSO,7.333881296182142
3,1,8,150,PSO,2.03245436062889
3,1,9,150,PSO,7.004913062241428
3,1,10,150,PSO,6.979869554294339
3,1,11,150,PSO,2.986492026748806
3,1,12,150,PSO,3.9855507752930635
3,1,13,150,PSO,5.971953085378516
3,1,14,150,PSO,9.949910118730031
3,1,15,150,PSO,7.012171228521595
3,1,16,150,PSO,3.055892573772212
3,1,17,150,PSO,17.91345086003446
3,1,18,150,PSO,5.104824951591127
3,1,19,150,PSO,3.98034216379682
3,2,0,150,PSO,4.99943549344043
3,2,1,150,PSO,4.976613053096671
3,2,2,150,PSO,18.931622477209785
3,2,3,150,PSO,6.0131930870557255
3,2,4,150,PSO,9.991261687029834
3,2,5,150,PSO,1.0250314305624642
3,2,6,150,PSO,6.965529552744357
3,2,7,150,PSO,11.244571427376698
3,2,8,150,PSO,5.971859734933659
3,2,9,150,PSO,2.057879201082585
3,2,10,150,PSO,3.2388560354657727
3,2,11,150,PSO,0.02208214446740442
3,2,12,150,PSO,2.985645617082014
3,2,13,150,PSO,11.071278902293244
3,2,14,150,PSO,21.88917303854572
3,2,15,150,PSO,2.9855078249044595
3,2,16,150,PSO,3.980262443884669
3,2,17,150,PSO,1.0234248347075692
3,2,18,150,PSO,4.9754347968578685
3,2,19,150,PSO,7.961424098710367
3,3,0,150,PSO,10.014079893301911
3,3,1,150,PSO,3.0019900071182803
3,3,2,150,PSO,0.9956471057515728
3,3,3,150,PSO,4.975735654089021
3,3,4,150,PSO,11.94090652957071
3,3,5,150,PSO,10.944671684417116
3,3,6,150,PSO,9.951511492218486
3,3,7,150,PSO,6.185754221126615
3,3,8,150,PSO,9.033620998568622
3,3,9,150,PSO,6.980034720405982
3,3,10,150,PSO,2.988084811917375
3,3,11,150,PSO,2.98676851815803
3,3,12,150,PSO,4.020994006557785
3,3,13,150,PSO,2.000965629860957
3,3,14,150,PSO,3.9842913329845686
3,3,15,150,PSO,5.970074384529056
3,3,16,150,PSO,9.042282409594023
3,3,17,150,PSO,1.9905610444850481
3,3,18,150,PSO,8.974742017924399
3,3,19,150,PSO,1.9928173819112942
3,4,0,150,PSO,12.936910257846854
3,4,1,150,PSO,3.0050840269751595
3,4,2,150,PSO,17.91103312140129
3,4,3,150,PSO,10.94531028752662
3,4,4,150,PSO,1.0201881009216862
3,4,5,150,PSO,3.9803844819617686
3,4,6,150,PSO,2.985449229807221
3,4,7,150,PSO,4.848767919636535
3,4,8,150,PSO,5.971633950784732
3,4,9,150,PSO,1.9904301696381874
3,4,10,150,PSO,1.9934759142955532
3,4,11,150,PSO,0.29111845264002234
3,4,12,150,PSO,7.962039930333636
3,4,13,150,PSO,5.984792141078801
3,4,14,150,PSO,5.970233832637255
3,4,15,150,PSO,4.9772745956150874
3,4,16,150,PSO,6.980514768397354
3,4,17,150,PSO,13.09121562727131
3,4,18,150,PSO,3.1290757502570328
3,4,19,150,PSO,6.081320522039185
3,5,0,150,PSO,5.972077081590868
3,5,1,150,PSO,2.03913889853618
3,5,2,150,PSO,4.975279935785466
3,5,3,150,PSO,3.981468460095897
3,5,4,150,PSO,10.94926190552519
3,5,5,150,PSO,7.959761952319866
3,5,6,150,PSO,8.954985403327925
3,5,7,150,PSO,10.950342813301376
3,5,8,150,PSO,3.16675197098499
3,5,9,150,PSO,1.993851049415099
3,5,10,150,PSO,2.2072347780355415
3,5,11,150,PSO,8.089078337168843
3,5,12,150,PSO,4.975189831099755
3,5,13,150,PSO,11.940242213582252
3,5,14,150,PSO,9.00944815098407
3,5,15,150,PSO,0.001438661847515732
3,5,16,150,PSO,17.91011961908822
3,5,17,150,PSO,13.947004133260066
3,5,18,150,PSO,10.949263156540098
3,5,19,150,PSO,5.970354735470465
3,6,0,150,PSO,6.184577148896892
3,6,1,150,PSO,9.949744842920836
3,6,2,150,PSO,14.925315250571884
3,6,3,150,PSO,4.980115514507247
3,6,4,150,PSO,15.925185153190796
3,6,5,150,PSO,9.966920554728631
3,6,6,150,PSO,9.015166370198358
3,6,7,150,PSO,13.349651154312937
3,6,8,150,PSO,3.9823074356360166
3,6,9,150,PSO,4.981540460454539
3,6,10,150,PSO,2.3668484101144713
3,6,11,150,PSO,7.142987230838003
3,6,12,150,PSO,7.96101408477989
3,6,13,150,PSO,3.001703576332602
3,6,14,150,PSO,1.0200615505696078
3,6,15,150,PSO,5.979787737828815
3,6,16,150,PSO,6.975580743683281
3,6,17,150,PSO,12.946790477196373
3,6,18,150,PSO,24.9438028711038
3,6,19,150,PSO,1.2790055794748696
3,7,0,150,PSO,2.9892403472288223
3,7,1,150,PSO,3.0430675801328277
3,7,2,150,PSO,0.996585393610161
3,7,3,150,PSO,4.9771906413579
3,7,4,150,PSO,3.985374470691113
3,7,5,150,PSO,2.98550782680077
3,7,6,150,PSO,1.99096954807046
3,7,7,150,PSO,5.991424661655035
3,7,8,150,PSO,1.9907535267468717
3,7,9,150,PSO,2.996487324305974
3,7,10,150,PSO,6.965855445029035
3,7,11,150,PSO,3.2025490556287863
3,7,12,150,PSO,7.960767566938401
3,7,13,150,PSO,6.187155426780837
3,7,14,150,PSO,1.990572220364193
3,7,15,150,PSO,6.969998509798778
3,7,16,150,PSO,4.006368934484414
3,7,17,150,PSO,8.955773826272292
3,7,18,150,PSO,2.9850180875296246
3,7,19,150,PSO,3.0177593499971707
4,1,0,150,PSO,12.151217616268866
4,1,1,150,PSO,9.977526856815132
4,1,2,150,PSO,30.848464390202537
4,1,3,150,PSO,9.949986715358989
4,1,4,150,PSO,2.2565757324061906
4,1,5,150,PSO,52.733474706631
4,1,6,150,PSO,14.95993252093325
4,1,7,150,PSO,9.972146936096408
4,1,8,150,PSO,9.950780670433176
4,1,9,150,PSO,7.243480607957508
4,1,10,150,PSO,6.967211603822875
4,1,11,150,PSO,17.90950544380064
4,1,12,150,PSO,5.978633139293322
4,1,13,150,PSO,15.923032322109918
4,1,14,150,PSO,4.000987862004763
4,1,15,150,PSO,12.941160816244803
4,1,16,150,PSO,26.917937008299816
4,1,17,150,PSO,9.847126076855602
4,1,18,150,PSO,22.8841367637811
4,1,19,150,PSO,10.919540433308669
4,2,0,150,PSO,18.906105651256297
4,2,1,150,PSO,4.006664501688306
4,2,2,150,PSO,6.96733848158658
4,2,3,150,PSO,6.528334793737756
4,2,4,150,PSO,8.967106532972835
4,2,5,150,PSO,9.952095087245397
4,2,6,150,PSO,7.9610801339332085
4,2,7,150,PSO,10.337360973619894
4,2,8,150,PSO,15.356546792537628
4,2,9,150,PSO,4.984185439093835
4,2,10,150,PSO,10.113309084049291
4,2,11,150,PSO,7.30944215661421
4,2,12,150,PSO,17.94350530644701
4,2,13,150,PSO,33.830474763820135
4,2,14,150,PSO,20.89517532275903
4,2,15,150,PSO,15.920531395494763
4,2,16,150,PSO,4.978119701340859
4,2,17,150,PSO,20.90069499175479
4,2,18,150,PSO,31.8416420830344
4,2,19,150,PSO,11.946004258174
4,3,0,150,PSO,30.843751865990214
4,3,1,150,PSO,5.259754090252045
4,3,2,150,PSO,5.971388445023081
4,3,3,150,PSO,3.9860714378911553
4,3,4,150,PSO,21.93322412750169
4,3,5,150,PSO,8.96110658255904
4,3,6,150,PSO,10.948307765951753
4,3,7,150,PSO,12.043356940173993
4,3,8,150,PSO,5.972440492879713
4,3,9,150,PSO,18.951392187317396
4,3,10,150,PSO,21.890661163406122
4,3,11,150,PSO,14.942852090044653
4,3,12,150,PSO,14.927126235128583
4,3,13,150,PSO,11.943595304355853
4,3,14,150,PSO,10.951314863270198
4,3,15,150,PSO,8.003379880809035
4,3,16,150,PSO,10.949677882897618
4,3,17,150,PSO,6.971401096389982
4,3,18,150,PSO,15.089176220559182
4,3,19,150,PSO,6.218572010406305
4,4,0,150,PSO,10.94475157497256
4,4,1,150,PSO,7.846778291966425
4,4,2,150,PSO,26.04861167950405
4,4,3,150,PSO,5.021403481946997
4,4,4,150,PSO,8.967671357134686
4,4,5,150,PSO,25.907283571201518
4,4,6,150,PSO,14.955553242606282
4,4,7,150,PSO,9.96310425221313
4,4,8,150,PSO,1.0239168888166534
4,4,9,150,PSO,9.993711636959024
4,4,10,150,PSO,15.595871231979121
4,4,11,150,PSO,6.966434541304662
4,4,12,150,PSO,6.976535716505372
4,4,13,150,PSO,21.906271779024458
4,4,14,150,PSO,9.960675838543738
4,4,15,150,PSO,18.04159030965839
4,4,16,150,PSO,10.048221346832754
4,4,17,150,PSO,6.969144677119466
4,4,18,150,PSO,34.58179480229276
4,4,19,150,PSO,8.91275581022175
4,5,0,150,PSO,5.975367782678319
4,5,1,150,PSO,11.212756534717244
4,5,2,150,PSO,22.155513697447986
4,5,3,150,PSO,9.95256808125177
4,5,4,150,PSO,7.962422680272709
4,5,5,150,PSO,8.955233166897614
4,5,6,150,PSO,5.979794035629567
4,5,7,150,PSO,11.47164481275226
4,5,8,150,PSO,14.936801833640914
4,5,9,150,PSO,2.985826049755417
4,5,10,150,PSO,7.314302306481665
4,5,11,150,PSO,9.950826048974506
4,5,12,150,PSO,4.2566327698514215
4,5,13,150,PSO,6.965705684192187
4,5,14,150,PSO,4.037072164692518
4,5,15,150,PSO,13.93045619903313
4,5,16,150,PSO,10.969119616030099
4,5,17,150,PSO,2.9875114384173855
4,5,18,150,PSO,8.008457173457032
4,5,19,150,PSO,14.954639904579125
4,6,0,150,PSO,26.931512209688663
4,6,1,150,PSO,25.89169543840444
4,6,2,150,PSO,2.0194306477849295
4,6,3,150,PSO,2.1037822365466354
4,6,4,150,PSO,4.021150948825948
4,6,5,150,PSO,20.91985460198498
4,6,6,150,PSO,16.91494224423309
4,6,7,150,PSO,9.567784343814651
4,6,8,150,PSO,7.144071223076708
4,6,9,150,PSO,7.077644398147527
4,6,10,150,PSO,7.072157109420914
4,6,11,150,PSO,4.020089402472195
4,6,12,150,PSO,17.913178925503644
4,6,13,150,PSO,36.82261649557654
4,6,14,150,PSO,7.613724463836547
4,6,15,150,PSO,17.91029802225694
4,6,16,150,PSO,6.967267094946692
4,6,17,150,PSO,15.920456867108669
4,6,18,150,PSO,6.972731587262956
4,6,19,150,PSO,30.870820265242514
4,7,0,150,PSO,6.03129254549269
4,7,1,150,PSO,9.951424865949718
4,7,2,150,PSO,5.133626420044717
4,7,3,150,PSO,6.639513595794384
4,7,4,150,PSO,3.980639164667039
4,7,5,150,PSO,20.9881923749014
4,7,6,150,PSO,12.032418436874906
4,7,7,150,PSO,2.200256422063866
4,7,8,150,PSO,7.14494248126276
4,7,9,150,PSO,9.949959005346749
4,7,10,150,PSO,3.9959301336836575
4,7,11,150,PSO,2.989701193214856
4,7,12,150,PSO,12.934761314283811
4,7,13,150,PSO,9.95294082897717
4,7,14,150,PSO,16.91488467764325
4,7,15,150,PSO,2.0473191458440354
4,7,16,150,PSO,7.475822966767044
4,7,17,150,PSO,4.306855426313767
4,7,18,150,PSO,12.936874280015331
4,7,19,150,PSO,13.930125563236217
5,1,0,150,PSO,0.0
5,1,1,150,PSO,0.0
5,1,2,150,PSO,0.0
5,1,3,150,PSO,0.0
5,1,4,150,PSO,0.0
5,1,5,150,PSO,0.0
5,1,6,150,PSO,0.0
5,1,7,150,PSO,0.0
5,1,8,150,PSO,0.0
5,1,9,150,PSO,0.0
5,1,10,150,PSO,0.0
5,1,11,150,PSO,0.0
5,1,12,150,PSO,0.0
5,1,13,150,PSO,0.0
5,1,14,150,PSO,0.0
5,1,15,150,PSO,0.0
5,1,16,150,PSO,0.0
5,1,17,150,PSO,0.0
5,1,18,150,PSO,0.0
5,1,19,150,PSO,0.0
5,2,0,150,PSO,0.0
5,2,1,150,PSO,0.0
5,2,2,150,PSO,0.0
5,2,3,150,PSO,0.0
5,2,4,150,PSO,0.0
5,2,5,150,PSO,0.0
5,2,6,150,PSO,0.0
5,2,7,150,PSO,0.0
5,2,8,150,PSO,0.0
5,2,9,150,PSO,0.0
5,2,10,150,PSO,0.0
5,2,11,150,PSO,0.0
5,2,12,150,PSO,0.0
5,2,13,150,PSO,0.0
5,2,14,150,PSO,0.0
5,2,15,150,PSO,0.0
5,2,16,150,PSO,0.0
5,2,17,150,PSO,0.0
5,2,18,150,PSO,0.0
5,2,19,150,PSO,0.0
5,3,0,150,PSO,0.0
5,3,1,150,PSO,0.0
5,3,2,150,PSO,0.0
5,3,3,150,PSO,0.0
5,3,4,150,PSO,0.0
5,3,5,150,PSO,0.0
5,3,6,150,PSO,0.0
5,3,7,150,PSO,0.0
5,3,8,150,PSO,0.0
5,3,9,150,PSO,0.0
5,3,10,150,PSO,0.0
5,3,11,150,PSO,0.0
5,3,12,150,PSO,0.0
5,3,13,150,PSO,0.0
5,3,14,150,PSO,0.0
5,3,15,150,PSO,0.0
5,3,16,150,PSO,0.0
5,3,17,150,PSO,0.0
5,3,18,150,PSO,0.0
5,3,19,150,PSO,0.0
5,4,0,150,PSO,0.0
5,4,1,150,PSO,0.0
5,4,2,150,PSO,0.0
5,4,3,150,PSO,0.0
5,4,4,150,PSO,0.0
5,4,5,150,PSO,0.0
5,4,6,150,PSO,0.0
5,4,7,150,PSO,0.0
5,4,8,150,PSO,0.0
5,4,9,150,PSO,0.0
5,4,10,150,PSO,0.0
5,4,11,150,PSO,0.0
5,4,12,150,PSO,0.0
5,4,13,150,PSO,0.0
5,4,14,150,PSO,0.0
5,4,15,150,PSO,0.0
5,4,16,150,PSO,0.0
5,4,17,150,PSO,0.0
5,4,18,150,PSO,0.0
5,4,19,150,PSO,0.0
5,5,0,150,PSO,0.0
5,5,1,150,PSO,0.0
5,5,2,150,PSO,0.0
5,5,3,150,PSO,0.0
5,5,4,150,PSO,0.0
5,5,5,150,PSO,0.0
5,5,6,150,PSO,0.0
5,5,7,150,PSO,0.0
5,5,8,150,PSO,0.0
5,5,9,150,PSO,0.0
5,5,10,150,PSO,0.0
5,5,11,150,PSO,0.0
5,5,12,150,PSO,0.0
5,5,13,150,PSO,0.0
5,5,14,150,PSO,0.0
5,5,15,150,PSO,0.0
5,5,16,150,PSO,0.0
5,5,17,150,PSO,0.0
5,5,18,150,PSO,0.0
5,5,19,150,PSO,0.0
5,6,0,150,PSO,0.0
5,6,1,150,PSO,0.0
5,6,2,150,PSO,0.0
5,6,3,150,PSO,0.0
5,6,4,150,PSO,0.0
5,6,5,150,PSO,0.0
5,6,6,150,PSO,0.0
5,6,7,150,PSO,0.0
5,6,8,150,PSO,0.0
5,6,9,150,PSO,0.0
5,6,10,150,PSO,0.0
5,6,11,150,PSO,0.0
5,6,12,150,PSO,0.0
5,6,13,150,PSO,0.0
5,6,14,150,PSO,0.0
5,6,15,150,PSO,0.0
5,6,16,150,PSO,0.0
5,6,17,150,PSO,0.0
5,6,18,150,PSO,0.0
5,6,19,150,PSO,0.0
5,7,0,150,PSO,0.0
5,7,1,150,PSO,0.0
5,7,2,150,PSO,0.0
5,7,3,150,PSO,0.0
5,7,4,150,PSO,0.0
5,7,5,150,PSO,0.0
5,7,6,150,PSO,0.0
5,7,7,150,PSO,0.0
5,7,8,150,PSO,0.0
5,7,9,150,PSO,0.0
5,7,10,150,PSO,0.0
5,7,11,150,PSO,0.0
5,7,12,150,PSO,0.0
5,7,13,150,PSO,0.0
5,7,14,150,PSO,0.0
5,7,15,150,PSO,0.0
5,7,16,150,PSO,0.0
5,7,17,150,PSO,0.0
5,7,18,150,PSO,0.0
5,7,19,150,PSO,0.0
6,1,0,150,PSO,0.08159636292079142
6,1,1,150,PSO,0.050558741244763894
6,1,2,150,PSO,0.07800919981714571
6,1,3,150,PSO,0.005245524225074405
6,1,4,150,PSO,0.026794156053362883
6,1,5,150,PSO,0.10212304968084851
6,1,6,150,PSO,0.024134148259634003
6,1,7,150,PSO,0.012944186984874761
6,1,8,150,PSO,0.06743828129708618
6,1,9,150,PSO,0.004529978939793011
6,1,10,150,PSO,0.0022278342466250933
6,1,11,150,PSO,0.006335836178841703
6,1,12,150,PSO,0.0027320358968196956
6,1,13,150,PSO,0.004662374177641482
6,1,14,150,PSO,0.09042937348736757
6,1,15,150,PSO,0.004166085043969758
6,1,16,150,PSO,0.008843237979085927
6,1,17,150,PSO,0.0008122293976384753
6,1,18,150,PSO,0.561103798672292
6,1,19,150,PSO,0.110439176299856
6,2,0,150,PSO,0.0025110038692197634
6,2,1,150,PSO,0.0006746486926729744
6,2,2,150,PSO,0.008307736396663046
6,2,3,150,PSO,0.5470786795922429
6,2,4,150,PSO,2.6959700334170584
6,2,5,150,PSO,0.004659459434574131
6,2,6,150,PSO,0.009338162816796114
6,2,7,150,PSO,0.03870343531793097
6,2,8,150,PSO,0.015466359890368153
6,2,9,150,PSO,0.04067306827115402
6,2,10,150,PSO,0.004692645691608988
6,2,11,150,PSO,0.012255806941865899
6,2,12,150,PSO,0.008283709708631903
6,2,13,150,PSO,0.011314111543107686
6,2,14,150,PSO,0.0241168631555837
6,2,15,150,PSO,0.043554834488428895
6,2,16,150,PSO,0.013816486832713082
6,2,17,150,PSO,0.007522116063913842
6,2,18,150,PSO,0.011431487850181554
6,2,19,150,PSO,0.009518116123739873
6,3,0,150,PSO,0.01833101998317943
6,3,1,150,PSO,0.004914404106330039
6,3,2,150,PSO,0.01987266386936426
6,3,3,150,PSO,0.008556182095276199
6,3,4,150,PSO,0.009121825494162294
6,3,5,150,PSO,0.08017085288895487
6,3,6,150,PSO,0.006148562249222778
6,3,7,150,PSO,0.008915690843991797
6,3,8,150,PSO,0.05129523498874278
6,3,9,150,PSO,0.014718590610641513
6,3,10,150,PSO,0.14002068256593247
6,3,11,150,PSO,0.009459011880039725
6,3,12,150,PSO,0.12045541652173597
6,3,13,150,PSO,0.01576910776122986
6,3,14,150,PSO,0.00805648030689099
6,3,15,150,PSO,0.015814938577477733
6,3,16,150,PSO,0.02490134423590007
6,3,17,150,PSO,0.007180563441693266
6,3,18,150,PSO,0.02830076025895778
6,3,19,150,PSO,0.03787500648081732
6,4,0,150,PSO,0.012722100527298608
6,4,1,150,PSO,0.016224300533423275
6,4,2,150,PSO,0.024973744989324587
6,4,3,150,PSO,0.018826989055014565
6,4,4,150,PSO,0.029360561109115224
6,4,5,150,PSO,0.022204571461656997
6,4,6,150,PSO,0.018592598005824357
6,4,7,150,PSO,0.037128368780258825
6,4,8,150,PSO,0.0034665905598671998
6,4,9,150,PSO,0.010321188121764635
6,4,10,150,PSO,0.004138293764498258
6,4,11,150,PSO,0.046672749219794696
6,4,12,150,PSO,0.033165537109937304
6,4,13,150,PSO,0.023156172919954088
6,4,14,150,PSO,0.024796810677344183
6,4,15,150,PSO,0.008259612861706955
6,4,16,150,PSO,0.023967847365469197
6,4,17,150,PSO,0.006275539054428236
6,4,18,150,PSO,0.07973954717675724
6,4,19,150,PSO,0.04426856054769246
6,5,0,150,PSO,0.04198819903524509
6,5,1,150,PSO,0.013562222808786828
6,5,2,150,PSO,0.03582798168952195
6,5,3,150,PSO,0.04469383143828054
6,5,4,150,PSO,0.004066074400270736
6,5,5,150,PSO,0.009929074013371064
6,5,6,150,PSO,0.010203820157812515
6,5,7,150,PSO,0.022593232997110135
6,5,8,150,PSO,0.0060622318048899615
6,5,9,150,PSO,0.017172042201309523
6,5,10,150,PSO,0.039767726991726704
6,5,11,150,PSO,0.00600501228768735
6,5,12,150,PSO,0.004701534934838492
6,5,13,150,PSO,0.02316353004675875
6,5,14,150,PSO,0.0049994968347846225
6,5,15,150,PSO,0.0074944329721802205
6,5,16,150,PSO,0.018727901637021205
6,5,17,150,PSO,0.0046081334637619875
6,5,18,150,PSO,0.03811669331093981
6,5,19,150,PSO,0.0011073436614879029
6,6,0,150,PSO,0.013184595535278731
6,6,1,150,PSO,0.0047269620013103975
6,6,2,150,PSO,0.030891193276911366
6,6,3,150,PSO,0.03822202372233363
6,6,4,150,PSO,0.05763499350532442
6,6,5,150,PSO,0.07985645701788613
6,6,6,150,PSO,0.010670648442047792
6,6,7,150,PSO,0.04612018944706975
6,6,8,150,PSO,0.025436978764094675
6,6,9,150,PSO,0.02991531474254927
6,6,10,150,PSO,0.04092890922196091
6,6,11,150,PSO,0.06060783797778768
6,6,12,150,PSO,0.014264861207678337
6,6,13,150,PSO,0.018669905103013917
6,6,14,150,PSO,0.15323219346911543
6,6,15,150,PSO,0.05183797045773986
6,6,16,150,PSO,0.047575979156388115
6,6,17,150,PSO,0.014947085078389932
6,6,18,150,PSO,0.0920644602143561
6,6,19,150,PSO,0.0325837637656754
6,7,0,150,PSO,0.013640662983249285
6,7,1,150,PSO,0.019173945749002996
6,7,2,150,PSO,0.04720084435996341
6,7,3,150,PSO,0.008358370554930161
6,7,4,150,PSO,0.027170090277223835
6,7,5,150,PSO,0.014852800293425616
6,7,6,150,PSO,0.0026345692540701293
6,7,7,150,PSO,0.004643617994361193
6,7,8,150,PSO,0.01652510647537042
6,7,9,150,PSO,0.042044195043473565
6,7,10,150,PSO,0.41462669990715995
6,7,11,150,PSO,0.004609634982841726
6,7,12,150,PSO,0.06944440670844187
6,7,13,150,PSO,0.014536281443270127
6,7,14,150,PSO,0.004731388842714068
6,7,15,150,PSO,0.018196912957478162
6,7,16,150,PSO,0.004658740900197245
6,7,17,150,PSO,0.01118366835939355
6,7,18,150,PSO,0.02003748698882646
6,7,19,150,PSO,0.14533123542523185
7,1,0,150,PSO,1.8336524315755156
7,1,1,150,PSO,2.502280361979018
7,1,2,150,PSO,1.8336524315755156
7,1,3,150,PSO,1.8336524315755156
7,1,4,150,PSO,0.45841310789387535
7,1,5,150,PSO,3.768881571133633
7,1,6,150,PSO,0.009011210943626224
7,1,7,150,PSO,0.04682345159150714
7,1,8,150,PSO,4.6823451591504295
7,1,9,150,PSO,0.729934137760111
7,1,10,150,PSO,1.8336524315755156
7,1,11,150,PSO,1.8336524315755156
7,1,12,150,PSO,0.45841310789387535
7,1,13,150,PSO,0.6255700904947616
7,1,14,150,PSO,2.502280361979018
7,1,15,150,PSO,1.8336524315755156
7,1,16,150,PSO,2.502280361979018
7,1,17,150,PSO,3.768881571133633
7,1,18,150,PSO,0.48699201271571724
7,1,19,150,PSO,0.06569407239841496
7,2,0,150,PSO,0.5556383236109426
7,2,1,150,PSO,0.13055305030514575
7,2,2,150,PSO,0.017570483318465335
7,2,3,150,PSO,0.0
7,2,4,150,PSO,0.017570483318465335
7,2,5,150,PSO,0.017570483318465335
7,2,6,150,PSO,0.009570523253920271
7,2,7,150,PSO,0.6615932944754874
7,2,8,150,PSO,0.13055305030514575
7,2,9,150,PSO,0.13307772902189896
7,2,10,150,PSO,0.009570523253920271
7,2,11,150,PSO,0.13055305030514575
7,2,12,150,PSO,0.01835452599716092
7,2,13,150,PSO,1.0705922625907078
7,2,14,150,PSO,2.314107936134654
7,2,15,150,PSO,0.009953710723891618
7,2,16,150,PSO,1.0705922625907078
7,2,17,150,PSO,0.13055305030514575
7,2,18,150,PSO,0.13292652678810413
7,2,19,150,PSO,0.5556383236109426
7,3,0,150,PSO,4.730752796173057
7,3,1,150,PSO,4.707879014900481
7,3,2,150,PSO,0.9839301015378452
7,3,3,150,PSO,1.5369941008509476
7,3,4,150,PSO,0.005898380548963189
7,3,5,150,PSO,0.289633090098953
7,3,6,150,PSO,1.5369941008509476
7,3,7,150,PSO,0.3799317070480295
7,3,8,150,PSO,0.3799317070480295
7,3,9,150,PSO,0.3799317070480295
7,3,10,150,PSO,0.3799317070480295
7,3,11,150,PSO,2.593346305911196
7,3,12,150,PSO,1.3942089890583813
7,3,13,150,PSO,1.5369941008509476
7,3,14,150,PSO,1.5369941008509476
7,3,15,150,PSO,1.6647390211184105
7,3,16,150,PSO,0.5343798438656235
7,3,17,150,PSO,0.01664739021118411
7,3,18,150,PSO,0.3799317070480295
7,3,19,150,PSO,2.593346305911196
7,4,0,150,PSO,0.8144617350228671
7,4,1,150,PSO,0.21064647402203818
7,4,2,150,PSO,0.8144617350228671
7,4,3,150,PSO,0.003287162903610863
7,4,4,150,PSO,0.21064647402203818
7,4,5,150,PSO,0.013148651614443452
7,4,6,150,PSO,1.1966044463878553
7,4,7,150,PSO,0.022270637669510762
7,4,8,150,PSO,0.21064647402203818
7,4,9,150,PSO,0.003287162903610863
7,4,10,150,PSO,0.014574763492436915
7,4,11,150,PSO,0.8144617350228671
7,4,12,150,PSO,0.022270637669510762
7,4,13,150,PSO,0.8144617350228671
7,4,14,150,PSO,1.4574763492436347
7,4,15,150,PSO,0.21064647402203818
7,4,16,150,PSO,0.0
7,4,17,150,PSO,0.21408581409791694
7,4,18,150,PSO,0.014574763492436915
7,4,19,150,PSO,1.8255272713883883
7,5,0,150,PSO,1.1740806210924717
7,5,1,150,PSO,2.151162526385903
7,5,2,150,PSO,0.3529944993923664
7,5,3,150,PSO,0.22651532721057777
7,5,4,150,PSO,0.46700948851052715
7,5,5,150,PSO,0.3529944993923664
7,5,6,150,PSO,0.3529944993923664
7,5,7,150,PSO,0.22651532721057777
7,5,8,150,PSO,0.025026844093346767
7,5,9,150,PSO,2.151162526385903
7,5,10,150,PSO,1.0475062344760033
7,5,11,150,PSO,3.1183618305765606
7,5,12,150,PSO,0.3529944993923664
7,5,13,150,PSO,0.46700948851052715
7,5,14,150,PSO,1.281425559593302
7,5,15,150,PSO,1.3894441487489786
7,5,16,150,PSO,0.3529944993923664
7,5,17,150,PSO,1.1740806210924717
7,5,18,150,PSO,1.8710549371900242
7,5,19,150,PSO,0.3529944993923664
7,6,0,150,PSO,5.8477981341796195
7,6,1,150,PSO,0.7177221998805976
7,6,2,150,PSO,0.7177221998805976
7,6,3,150,PSO,2.650590082467808
7,6,4,150,PSO,4.149699985549773
7,6,5,150,PSO,3.8000605264545584
7,6,6,150,PSO,3.8000605264545584
7,6,7,150,PSO,0.013635076594802342
7,6,8,150,PSO,0.7177221998805976
7,6,9,150,PSO,0.010588749396646335
7,6,10,150,PSO,0.5952487952251886
7,6,11,150,PSO,0.7177221998805976
7,6,12,150,PSO,3.8000605264545584
7,6,13,150,PSO,0.7177221998805976
7,6,14,150,PSO,2.650590082467808
7,6,15,150,PSO,0.0
7,6,16,150,PSO,0.013635076594802342
7,6,17,150,PSO,0.7177221998805976
7,6,18,150,PSO,0.2041191077832707
7,6,19,150,PSO,0.01293161053626335
7,7,0,150,PSO,0.5811295366153928
7,7,1,150,PSO,0.012264927197122688
7,7,2,150,PSO,2.2028386068280525
7,7,3,150,PSO,0.13978165126293618
7,7,4,150,PSO,0.5577429082821084
7,7,5,150,PSO,1.20643904632648
7,7,6,150,PSO,0.32169583357530485
7,7,7,150,PSO,1.20643904632648
7,7,8,150,PSO,0.028117556090236917
7,7,9,150,PSO,0.6498299610419025
7,7,10,150,PSO,1.20643904632648
7,7,11,150,PSO,0.6498299610419025
7,7,12,150,PSO,1.20643904632648
7,7,13,150,PSO,0.13978165126293618
7,7,14,150,PSO,0.3194189567119281
7,7,15,150,PSO,3.818507425752088
7,7,16,150,PSO,0.5811295366153928
7,7,17,150,PSO,0.1573451265248167
7,7,18,150,PSO,0.6498299610419025
7,7,19,150,PSO,2.2274871834238184
8,1,0,150,PSO,2.877600486500569
8,1,1,150,PSO,2.232618517801285
8,1,2,150,PSO,1.0300788220079369
8,1,3,150,PSO,3.7906856786930234
8,1,4,150,PSO,1.041543654506711
8,1,5,150,PSO,1.1141306717492512
8,1,6,150,PSO,0.5672585998620434
8,1,7,150,PSO,2.2235727798090466
8,1,8,150,PSO,3.9312514066417066
8,1,9,150,PSO,4.557548229167281
8,1,10,150,PSO,1.83989491429503
8,1,11,150,PSO,2.170479986131255
8,1,12,150,PSO,3.617565711679248
8,1,13,150,PSO,0.7425916925528497
8,1,14,150,PSO,4.187663002316015
8,1,15,150,PSO,4.139370929529548
8,1,16,150,PSO,6.197332119205242
8,1,17,150,PSO,1.8420913315351868
8,1,18,150,PSO,1.704369419578427
8,1,19,150,PSO,1.8687253239625932
8,2,0,150,PSO,5.255207900058849
8,2,1,150,PSO,1.5298230386282512
8,2,2,150,PSO,2.0463904825845702
8,2,3,150,PSO,2.0246834378683616
8,2,4,150,PSO,1.829482613659934
8,2,5,150,PSO,0.48708777853119045
8,2,6,150,PSO,1.6896529060567218
8,2,7,150,PSO,1.4878057500093291
8,2,8,150,PSO,2.039965818107021
8,2,9,150,PSO,2.289216332271849
8,2,10,150,PSO,4.6955597505790365
8,2,11,150,PSO,6.239806691346757
8,2,12,150,PSO,3.9546271945991975
8,2,13,150,PSO,3.130857427640194
8,2,14,150,PSO,3.9399536911178075
8,2,15,150,PSO,1.7162735411034191
8,2,16,150,PSO,4.614576029313071
8,2,17,150,PSO,4.040001605559837
8,2,18,150,PSO,125.85410730436581
8,2,19,150,PSO,1.8962211818612786
8,3,0,150,PSO,1.5299021874003103
8,3,1,150,PSO,2.049089084003242
8,3,2,150,PSO,2.1047361813840837
8,3,3,150,PSO,1.7196128986264085
8,3,4,150,PSO,0.6186462869258662
8,3,5,150,PSO,2.2732570558908236
8,3,6,150,PSO,2.051377249995312
8,3,7,150,PSO,1.5921602637075125
8,3,8,150,PSO,3.1759611753624313
8,3,9,150,PSO,2.2502063711457367
8,3,10,150,PSO,0.1751034482798559
8,3,11,150,PSO,1.3749101920149371
8,3,12,150,PSO,2.4971778136432476
8,3,13,150,PSO,1.9284591057153762
8,3,14,150,PSO,1.1759409022787821
8,3,15,150,PSO,4.43902433592028
8,3,16,150,PSO,1.3868240456136647
8,3,17,150,PSO,1.5494759849733697
8,3,18,150,PSO,1.0941662630362288
8,3,19,150,PSO,1.718204873188185
8,4,0,150,PSO,1.2604740769193512
8,4,1,150,PSO,3.0102752537733224
8,4,2,150,PSO,1.9903438180072754
8,4,3,150,PSO,2.5606097498964857
8,4,4,150,PSO,0.3197481260008672
8,4,5,150,PSO,4.384995690934041
8,4,6,150,PSO,4.469434213941348
8,4,7,150,PSO,2.7445392956208323
8,4,8,150,PSO,1.7641534093524385
8,4,9,150,PSO,4.4028159174592005
8,4,10,150,PSO,1.9803795403422484
8,4,11,150,PSO,2.817791805601786
8,4,12,150,PSO,4.738582172384824
8,4,13,150,PSO,1.369433699583226
8,4,14,150,PSO,1.4327266797398508
8,4,15,150,PSO,1.5331824853524765
8,4,16,150,PSO,0.6548315584941662
8,4,17,150,PSO,4.6457470292893674
8,4,18,150,PSO,0.15657990561008717
8,4,19,150,PSO,2.3884522844892686
8,5,0,150,PSO,4.4904619433491035
8,5,1,150,PSO,1.574639040688794
8,5,2,150,PSO,1.8475336658726675
8,5,3,150,PSO,2.601896403877028
8,5,4,150,PSO,2.456128869891863
8,5,5,150,PSO,0.6459497593119892
8,5,6,150,PSO,2.535661906899584
8,5,7,150,PSO,0.817702616265926
8,5,8,150,PSO,1.8781479112414132
8,5,9,150,PSO,0.7020047379480943
8,5,10,150,PSO,2.207298528700534
8,5,11,150,PSO,4.330830952822268
8,5,12,150,PSO,2.3229778756275365
8,5,13,150,PSO,2.2840503104263377
8,5,14,150,PSO,1.6167555327170433
8,5,15,150,PSO,1.2433370318825965
8,5,16,150,PSO,2.1031758569679866
8,5,17,150,PSO,2.2268757783090223
8,5,18,150,PSO,1.9852355382784594
8,5,19,150,PSO,2.148891897492753
8,6,0,150,PSO,4.196639652339911
8,6,1,150,PSO,1.8739517486480395
8,6,2,150,PSO,1.938151340032448
8,6,3,150,PSO,2.864786016133962
8,6,4,150,PSO,2.523067545963727
8,6,5,150,PSO,1.5869863591983062
8,6,6,150,PSO,1.7126299148069393
8,6,7,150,PSO,1.101993796743841
8,6,8,150,PSO,1.757162130929828
8,6,9,150,PSO,1.6613208192155184
8,6,10,150,PSO,1.7235891214662047
8,6,11,150,PSO,0.9668029627723627
8,6,12,150,PSO,0.1330468582681874
8,6,13,150,PSO,2.1376190553685888
8,6,14,150,PSO,3.931366914502803
8,6,15,150,PSO,0.018346575084706274
8,6,16,150,PSO,2.279834274342022
8,6,17,150,PSO,1.93278140791665
8,6,18,150,PSO,4.611573635895525
8,6,19,150,PSO,2.0540080950734705
8,7,0,150,PSO,1.619323558971388
8,7,1,150,PSO,4.203590412029001
8,7,2,150,PSO,1.9762085064024575
8,7,3,150,PSO,1.4303923433114392
8,7,4,150,PSO,1.954548870985235
8,7,5,150,PSO,2.0441369385082737
8,7,6,150,PSO,2.1247678830156644
8,7,7,150,PSO,1.9877631646592135
8,7,8,150,PSO,1.7534179258793188
8,7,9,150,PSO,1.959167850456197
8,7,10,150,PSO,2.1706977181780474
8,7,11,150,PSO,1.9961723989364373
8,7,12,150,PSO,1.8431236238350266
8,7,13,150,PSO,2.0712834430507883
8,7,14,150,PSO,2.1058727928319456
8,7,15,150,PSO,2.1752847081633604
8,7,16,150,PSO,1.5606537115623667
8,7,17,150,PSO,2.0757935112337123
8,7,18,150,PSO,1.0801713614460482
8,7,19,150,PSO,4.543843119903329
9,1,0,150,PSO,4.46593970812124
9,1,1,150,PSO,1.3177675778373157
9,1,2,150,PSO,2.296530299022848
9,1,3,150,PSO,0.5404556594197913
9,1,4,150,PSO,2.2563779055289217
9,1,5,150,PSO,4.614528022950864
9,1,6,150,PSO,0.7457667464636444
9,1,7,150,PSO,3.2238444815547496
9,1,8,150,PSO,1.971026740791416
9,1,9,150,PSO,1.3014006462267673
9,1,10,150,PSO,0.9068824525864301
9,1,11,150,PSO,1.5241117333269898
9,1,12,150,PSO,1.9717624032298176
9,1,13,150,PSO,4.245392645573062
9,1,14,150,PSO,4.638457254241658
9,1,15,150,PSO,2.236298262811488
9,1,16,150,PSO,1.4515132953445402
9,1,17,150,PSO,5.181932307629907
9,1,18,150,PSO,4.653082955380498
9,1,19,150,PSO,1.379176563742405
9,2,0,150,PSO,1.794159562233446
9,2,1,150,PSO,1.6467593448372853
9,2,2,150,PSO,0.4960658617122604
9,2,3,150,PSO,1.6631644295186163
9,2,4,150,PSO,1.8111075424180072
9,2,5,150,PSO,4.451467778939467
9,2,6,150,PSO,3.545409970763288
9,2,7,150,PSO,2.168943103717936
9,2,8,150,PSO,0.008493220772827215
9,2,9,150,PSO,1.771368985299823
9,2,10,150,PSO,1.5855983090314112
9,2,11,150,PSO,4.096037782296335
9,2,12,150,PSO,3.7533702534820534
9,2,13,150,PSO,3.5116696320086263
9,2,14,150,PSO,4.643880554526767
9,2,15,150,PSO,4.392095352786548
9,2,16,150,PSO,1.987884262299751
9,2,17,150,PSO,0.3424771048709374
9,2,18,150,PSO,3.5119459974928944
9,2,19,150,PSO,1.5770576598609054
9,3,0,150,PSO,4.655321085932911
9,3,1,150,PSO,1.145054037356367
9,3,2,150,PSO,0.8237836184786786
9,3,3,150,PSO,1.1574044571485018
9,3,4,150,PSO,1.3277842789105563
9,3,5,150,PSO,1.7194545816032374
9,3,6,150,PSO,0.9070915090203684
9,3,7,150,PSO,0.6922328799106907
9,3,8,150,PSO,3.0379085179542784
9,3,9,150,PSO,3.5960346035342994
9,3,10,150,PSO,0.846921179115931
9,3,11,150,PSO,0.26635717650221835
9,3,12,150,PSO,0.8989156452983877
9,3,13,150,PSO,1.6221231979093815
9,3,14,150,PSO,4.656395430449358
9,3,15,150,PSO,1.385200185091378
9,3,16,150,PSO,4.654703298216447
9,3,17,150,PSO,1.0596705505237978
9,3,18,150,PSO,1.9169026371733153
9,3,19,150,PSO,0.43735875868971164
9,4,0,150,PSO,1.0092226828124922
9,4,1,150,PSO,3.957952800992132
9,4,2,150,PSO,4.2088037955547435
9,4,3,150,PSO,0.8410760098872601
9,4,4,150,PSO,1.2486273520136564
9,4,5,150,PSO,1.5326669429210682
9,4,6,150,PSO,2.0965826131653102
9,4,7,150,PSO,1.5367687426041243
9,4,8,150,PSO,0.7807770812222259
9,4,9,150,PSO,1.40037477646284
9,4,10,150,PSO,0.03054146908294797
9,4,11,150,PSO,3.835395244300912
9,4,12,150,PSO,1.1640774393132318
9,4,13,150,PSO,4.599986950052099
9,4,14,150,PSO,1.6540092966045847
9,4,15,150,PSO,1.1861784627941745
9,4,16,150,PSO,4.645727439480581
9,4,17,150,PSO,1.4498075918329363
9,4,18,150,PSO,0.8262502921244135
9,4,19,150,PSO,1.5292992297114836
9,5,0,150,PSO,1.3266775672220632
9,5,1,150,PSO,1.8690088474101998
9,5,2,150,PSO,0.24951938317434497
9,5,3,150,PSO,1.404082820950734
9,5,4,150,PSO,1.1095173947441737
9,5,5,150,PSO,0.007378661244601403
9,5,6,150,PSO,1.9223812905729147
9,5,7,150,PSO,0.43508169204217495
9,5,8,150,PSO,4.565301116700979
9,5,9,150,PSO,4.611036125192129
9,5,10,150,PSO,1.2815949463564351
9,5,11,150,PSO,1.2913300633958045
9,5,12,150,PSO,2.5662091418245296
9,5,13,150,PSO,2.354102741748747
9,5,14,150,PSO,2.652670795515064
9,5,15,150,PSO,2.426314022419021
9,5,16,150,PSO,1.3510484938760356
9,5,17,150,PSO,2.798437284695069
9,5,18,150,PSO,1.841134698518374
9,5,19,150,PSO,2.3401654033071537
9,6,0,150,PSO,1.4768197298367909
9,6,1,150,PSO,4.6366311100260305
9,6,2,150,PSO,0.4270081055746573
9,6,3,150,PSO,1.3280984934804678
9,6,4,150,PSO,1.3601447697585627
9,6,5,150,PSO,1.8131083893165396
9,6,6,150,PSO,4.521420080598887
9,6,7,150,PSO,1.3560887233693961
9,6,8,150,PSO,1.8027648637893776
9,6,9,150,PSO,4.640156499802856
9,6,10,150,PSO,1.3886106019040767
9,6,11,150,PSO,1.8108510590928404
9,6,12,150,PSO,4.588631615642839
9,6,13,150,PSO,2.161239491915012
9,6,14,150,PSO,3.9424622478240394
9,6,15,150,PSO,0.31590992264494844
9,6,16,150,PSO,3.050558231136961
9,6,17,150,PSO,1.4536157881238978
9,6,18,150,PSO,4.64517943556649
9,6,19,150,PSO,1.0189062656159535
9,7,0,150,PSO,1.8320103980616835
9,7,1,150,PSO,1.6475311437032119
9,7,2,150,PSO,1.7393896431817524
9,7,3,150,PSO,1.176211351155935
9,7,4,150,PSO,0.9711654534251579
9,7,5,150,PSO,0.4529186086879413
9,7,6,150,PSO,4.644665644965443
9,7,7,150,PSO,1.223274346487301
9,7,8,150,PSO,4.174532523560881
9,7,9,150,PSO,4.29102867520546
9,7,10,150,PSO,1.0629179263608997
9,7,11,150,PSO,1.4206168376742774
9,7,12,150,PSO,2.5164662034801033
9,7,13,150,PSO,2.102709645353194
9,7,14,150,PSO,2.6230658760328858
9,7,15,150,PSO,2.2143418776487174
9,7,16,150,PSO,1.8962226776726965
9,7,17,150,PSO,1.8452641007452364
9,7,18,150,PSO,1.1583178602128115
9,7,19,150,PSO,1.3556343892956875
10,1,0,150,PSO,1001.3548393902608
10,1,1,150,PSO,185.61599416394066
10,1,2,150,PSO,887.0535145581889
10,1,3,150,PSO,52.13229347683936
10,1,4,150,PSO,451.9979201578172
10,1,5,150,PSO,1084.7700021753058
10,1,6,150,PSO,6169.946550450135
10,1,7,150,PSO,4032.5298511896913
10,1,8,150,PSO,270.3105527800668
10,1,9,150,PSO,470.1749414884594
10,1,10,150,PSO,33.38084383574521
10,1,11,150,PSO,739.969562122242
10,1,12,150,PSO,3629.737976401577
10,1,13,150,PSO,638.8912724749155
10,1,14,150,PSO,975.1476896816973
10,1,15,150,PSO,466.52658387298874
10,1,16,150,PSO,2875.3333523111473
10,1,17,150,PSO,113.99514326302534
10,1,18,150,PSO,2196.5346945477727
10,1,19,150,PSO,193.230392901855
10,2,0,150,PSO,72.05801890355411
10,2,1,150,PSO,905.0685014888285
10,2,2,150,PSO,478.2647462400404
10,2,3,150,PSO,587.2092510294565
10,2,4,150,PSO,443.18716618731213
10,2,5,150,PSO,217.44263841906462
10,2,6,150,PSO,29.23909017130483
10,2,7,150,PSO,764.1886239800991
10,2,8,150,PSO,2772.115210017397
10,2,9,150,PSO,444.0279774740206
10,2,10,150,PSO,2121.0163928592265
10,2,11,150,PSO,940.5089523140908
10,2,12,150,PSO,343.6466689159862
10,2,13,150,PSO,763.1508058613696
10,2,14,150,PSO,83.32547356764684
10,2,15,150,PSO,158.142879505562
10,2,16,150,PSO,86.12725363123573
10,2,17,150,PSO,661.3264525158974
10,2,18,150,PSO,353.3407124069658
10,2,19,150,PSO,97.28798437151741
10,3,0,150,PSO,298.19285321338583
10,3,1,150,PSO,5.091152530863155
10,3,2,150,PSO,77.60497287618472
10,3,3,150,PSO,674.2357842290872
10,3,4,150,PSO,457.04163757096114
10,3,5,150,PSO,10.512849292139038
10,3,6,150,PSO,13.438418752933103
10,3,7,150,PSO,23.922039795121748
10,3,8,150,PSO,439.8776958170197
10,3,9,150,PSO,70.11917969512115
10,3,10,150,PSO,44.988969756425035
10,3,11,150,PSO,14.58411467851954
10,3,12,150,PSO,31.80628424612064
10,3,13,150,PSO,531.8514163835409
10,3,14,150,PSO,22.61323200494354
10,3,15,150,PSO,884.3468565709858
10,3,16,150,PSO,11.613987115255213
10,3,17,150,PSO,361.6116437109055
10,3,18,150,PSO,171.52042448796118
10,3,19,150,PSO,251.90978258410902
10,4,0,150,PSO,189.47186799573512
10,4,1,150,PSO,95.75955292215411
10,4,2,150,PSO,360.9718654090349
10,4,3,150,PSO,15.933589208321479
10,4,4,150,PSO,84.20523072400673
10,4,5,150,PSO,15.311522147463819
10,4,6,150,PSO,474.13782566681834
10,4,7,150,PSO,420.8417389562471
10,4,8,150,PSO,49.20378826272068
10,4,9,150,PSO,487.4911751931244
10,4,10,150,PSO,2112.997586754747
10,4,11,150,PSO,55.56450932544766
10,4,12,150,PSO,635.0574179218049
10,4,13,150,PSO,161.04775504660378
10,4,14,150,PSO,252.39118377442122
10,4,15,150,PSO,125.80663708277953
10,4,16,150,PSO,169.74122395086533
10,4,17,150,PSO,350.7898222190243
10,4,18,150,PSO,17.517877524205232
10,4,19,150,PSO,144.73734949603715
10,5,0,150,PSO,137.01287944307143
10,5,1,150,PSO,7.683259658429392
10,5,2,150,PSO,969.7651864420199
10,5,3,150,PSO,2719.601622615444
10,5,4,150,PSO,80.30730657000606
10,5,5,150,PSO,54.60085651008893
10,5,6,150,PSO,527.4110245690297
10,5,7,150,PSO,514.8945550765771
10,5,8,150,PSO,3051.3241625830256
10,5,9,150,PSO,910.7153024223414
10,5,10,150,PSO,253.5417207937034
10,5,11,150,PSO,964.1566755778543
10,5,12,150,PSO,1785.602040731976
10,5,13,150,PSO,900.6280096076105
10,5,14,150,PSO,156.27918645907107
10,5,15,150,PSO,23.07281180720247
10,5,16,150,PSO,120.81535583879179
10,5,17,150,PSO,536.2216775354266
10,5,18,150,PSO,2207.9490450956637
10,5,19,150,PSO,434.1372574766554
10,6,0,150,PSO,1333.1716087858765
10,6,1,150,PSO,440.74307313202644
10,6,2,150,PSO,279.2275964748362
10,6,3,150,PSO,491.5042840220552
10,6,4,150,PSO,569.2046569057924
10,6,5,150,PSO,634.4466692012309
10,6,6,150,PSO,1381.8567303920513
10,6,7,150,PSO,1199.478567095905
10,6,8,150,PSO,709.5717362387703
10,6,9,150,PSO,605.6970290989576
10,6,10,150,PSO,152.23742472328405
10,6,11,150,PSO,370.02200827257076
10,6,12,150,PSO,118.87527513966221
10,6,13,150,PSO,216.2626466265827
10,6,14,150,PSO,1471.6353189629153
10,6,15,150,PSO,493.0169139470549
10,6,16,150,PSO,586.1113873085593
10,6,17,150,PSO,145.5808791297648
10,6,18,150,PSO,999.3424130301012
10,6,19,150,PSO,1052.2624513312705
10,7,0,150,PSO,1422.000031876979
10,7,1,150,PSO,1187.8024775213548
10,7,2,150,PSO,1144.3477168558647
10,7,3,150,PSO,1321.951426444727
10,7,4,150,PSO,807.6429298030954
10,7,5,150,PSO,374.63817815116175
10,7,6,150,PSO,2382.898263788718
10,7,7,150,PSO,569.4584457355143
10,7,8,150,PSO,2014.1961653933995
10,7,9,150,PSO,30.321638292805005
10,7,10,150,PSO,10.643830909332564
10,7,11,150,PSO,1829.8357892541671
10,7,12,150,PSO,1100.6892764485262
10,7,13,150,PSO,978.7066452140905
10,7,14,150,PSO,2776.9230028136285
10,7,15,150,PSO,1070.4011194764842
10,7,16,150,PSO,810.9752604493623
10,7,17,150,PSO,46.65565485939436
10,7,18,150,PSO,1332.0124971016303
10,7,19,150,PSO,882.2322411169092
11,1,0,150,PSO,42.26723348844851
11,1,1,150,PSO,43.253266358734805
11,1,2,150,PSO,29.31613598774571
11,1,3,150,PSO,20.938933761852397
11,1,4,150,PSO,10.761158413617352
11,1,5,150,PSO,14.712066575094141
11,1,6,150,PSO,27.330340054973774
11,1,7,150,PSO,12.493221273785323
11,1,8,150,PSO,90.4053753426815
11,1,9,150,PSO,26.81269351616872
11,1,10,150,PSO,8.103984383599425
11,1,11,150,PSO,43.74675809440525
11,1,12,150,PSO,62.83088508459126
11,1,13,150,PSO,2.5885184814542015
11,1,14,150,PSO,18.041969369046498
11,1,15,150,PSO,24.91234632229714
11,1,16,150,PSO,20.331428752936418
11,1,17,150,PSO,23.037912452443706
11,1,18,150,PSO,24.515301415720344
11,1,19,150,PSO,28.439031658416397
11,2,0,150,PSO,30.537504418184255
11,2,1,150,PSO,24.227113665958225
11,2,2,150,PSO,93.67000146630672
11,2,3,150,PSO,66.18920877111302
11,2,4,150,PSO,21.070319962005765
11,2,5,150,PSO,29.305832461903798
11,2,6,150,PSO,51.76935575029527
11,2,7,150,PSO,109.40100413818772
11,2,8,150,PSO,43.23139843941964
11,2,9,150,PSO,22.10893162339279
11,2,10,150,PSO,46.13599290613551
11,2,11,150,PSO,50.677633775913456
11,2,12,150,PSO,45.78844327833061
11,2,13,150,PSO,86.03924109896138
11,2,14,150,PSO,100.8174040669978
11,2,15,150,PSO,80.12367237728208
11,2,16,150,PSO,47.664638599508294
11,2,17,150,PSO,11.214985048953407
11,2,18,150,PSO,6.207559983009443
11,2,19,150,PSO,39.19793512209755
11,3,0,150,PSO,53.738979698038094
11,3,1,150,PSO,29.232389640124747
11,3,2,150,PSO,79.2620856429738
11,3,3,150,PSO,21.800578609861848
11,3,4,150,PSO,19.34284833085577
11,3,5,150,PSO,40.15240878060739
11,3,6,150,PSO,15.62812163048941
11,3,7,150,PSO,45.50862563139616
11,3,8,150,PSO,11.854333295791175
11,3,9,150,PSO,15.484977693339228
11,3,10,150,PSO,21.83718270137025
11,3,11,150,PSO,1.8362191080465244
11,3,12,150,PSO,68.25688705779717
11,3,13,150,PSO,16.910866216019876
11,3,14,150,PSO,17.879113307015583
11,3,15,150,PSO,12.838869649020356
11,3,16,150,PSO,49.464040152286344
11,3,17,150,PSO,20.79366429578236
11,3,18,150,PSO,18.78355413540471
11,3,19,150,PSO,28.150078822947346
11,4,0,150,PSO,28.976902923764783
11,4,1,150,PSO,51.59881146446787
11,4,2,150,PSO,39.66434695789019
11,4,3,150,PSO,35.73065389017506
11,4,4,150,PSO,40.53531349165689
11,4,5,150,PSO,13.647879101208105
11,4,6,150,PSO,44.045199149411815
11,4,7,150,PSO,10.007699360840661
11,4,8,150,PSO,35.05608501339623
11,4,9,150,PSO,62.73754829932113
11,4,10,150,PSO,33.995921307164394
11,4,11,150,PSO,50.89713501359449
11,4,12,150,PSO,74.95475396489189
11,4,13,150,PSO,9.647657528029413
11,4,14,150,PSO,48.69187324461245
11,4,15,150,PSO,41.7986954635428
11,4,16,150,PSO,47.043630231917405
11,4,17,150,PSO,40.03596792332132
11,4,18,150,PSO,44.13128800759955
11,4,19,150,PSO,29.01203962694308
11,5,0,150,PSO,56.98512032086564
11,5,1,150,PSO,25.980082275676743
11,5,2,150,PSO,28.8952233297439
11,5,3,150,PSO,16.085268057772957
11,5,4,150,PSO,35.35960034756071
11,5,5,150,PSO,26.063902299882557
11,5,6,150,PSO,58.26108518441358
11,5,7,150,PSO,16.60752668337252
11,5,8,150,PSO,44.30798093118786
11,5,9,150,PSO,34.279394585096625
11,5,10,150,PSO,62.33130713300453
11,5,11,150,PSO,10.800621073250994
11,5,12,150,PSO,17.50205406369416
11,5,13,150,PSO,30.489790078424633
11,5,14,150,PSO,73.38921632141698
11,5,15,150,PSO,53.888762268500486
11,5,16,150,PSO,24.146735291090202
11,5,17,150,PSO,26.4900366293364
11,5,18,150,PSO,28.708901586789516
11,5,19,150,PSO,14.487369650118893
11,6,0,150,PSO,40.83628848798378
11,6,1,150,PSO,15.92363927131737
11,6,2,150,PSO,18.166830637944145
11,6,3,150,PSO,48.2260439602685
11,6,4,150,PSO,36.96637637011497
11,6,5,150,PSO,34.88667139653796
11,6,6,150,PSO,32.66922227220448
11,6,7,150,PSO,60.99098867314626
11,6,8,150,PSO,86.24274446567722
11,6,9,150,PSO,31.19427573698988
11,6,10,150,PSO,57.42359270919667
11,6,11,150,PSO,23.21843737385086
11,6,12,150,PSO,19.94622564910162
11,6,13,150,PSO,56.334157456435264
11,6,14,150,PSO,23.385044108806028
11,6,15,150,PSO,15.965539972864917
11,6,16,150,PSO,45.41224343903639
11,6,17,150,PSO,32.20594173701147
11,6,18,150,PSO,33.173804304007035
11,6,19,150,PSO,27.73789682619929
11,7,0,150,PSO,21.150249006698672
11,7,1,150,PSO,26.081406991879746
11,7,2,150,PSO,23.072773802859714
11,7,3,150,PSO,36.62798053859277
11,7,4,150,PSO,27.843822145679162
11,7,5,150,PSO,26.82314966302269
11,7,6,150,PSO,24.85974745822395
11,7,7,150,PSO,4.994750591977265
11,7,8,150,PSO,17.256898448966595
11,7,9,150,PSO,7.898179921155261
11,7,10,150,PSO,27.02921336522077
11,7,11,150,PSO,44.480474891568335
11,7,12,150,PSO,62.35942205816617
11,7,13,150,PSO,41.96880264403834
11,7,14,150,PSO,28.144844122150076
11,7,15,150,PSO,17.208816663939615
11,7,16,150,PSO,37.657492721300116
11,7,17,150,PSO,33.32522640688287
11,7,18,150,PSO,49.71518942521511
11,7,19,150,PSO,17.59562677619583
12,1,0,150,PSO,3.1223161873044774
12,1,1,150,PSO,0.4477100459707799
12,1,2,150,PSO,34.41173348375332
12,1,3,150,PSO,4.519724554034724
12,1,4,150,PSO,9.158440278217654
12,1,5,150,PSO,1.3557821180392011
12,1,6,150,PSO,2.5855938546557127
12,1,7,150,PSO,14.189463094218468
12,1,8,150,PSO,4.1732498132640785
12,1,9,150,PSO,34.29259963403592
12,1,10,150,PSO,0.6439392745295436
12,1,11,150,PSO,14.735474103135516
12,1,12,150,PSO,0.5899395624057888
12,1,13,150,PSO,0.172763144590931
12,1,14,150,PSO,39.03847479568162
12,1,15,150,PSO,0.5071771848384969
12,1,16,150,PSO,8.236901507779862
12,1,17,150,PSO,1.5947981709501846
12,1,18,150,PSO,0.879830859332742
12,1,19,150,PSO,0.6148611660245251
12,2,0,150,PSO,1.938752236835029
12,2,1,150,PSO,4.304804640994433
12,2,2,150,PSO,5.313816834138947
12,2,3,150,PSO,8.801501250213192
12,2,4,150,PSO,11.365397516765796
12,2,5,150,PSO,10.974654893526264
12,2,6,150,PSO,2.5917196598417434
12,2,7,150,PSO,7.015677609104699
12,2,8,150,PSO,12.420757296607036
12,2,9,150,PSO,1.346917633454126
12,2,10,150,PSO,3.4928528450516865
12,2,11,150,PSO,1.3489513551556058
12,2,12,150,PSO,0.9363320893065747
12,2,13,150,PSO,11.43663046645645
12,2,14,150,PSO,13.25164467326286
12,2,15,150,PSO,3.2985226157382783
12,2,16,150,PSO,0.7354271682917215
12,2,17,150,PSO,8.304924018719106
12,2,18,150,PSO,3.2311098882368583
12,2,19,150,PSO,10.515352183361443
12,3,0,150,PSO,3.658624448927057
12,3,1,150,PSO,7.888522720223577
12,3,2,150,PSO,1.8740242569305465
12,3,3,150,PSO,8.164639551926115
12,3,4,150,PSO,0.37811621054402167
12,3,5,150,PSO,5.292681542057608
12,3,6,150,PSO,14.236034395769849
12,3,7,150,PSO,4.139708570641744
12,3,8,150,PSO,11.641026513887482
12,3,9,150,PSO,3.0099116198275198
12,3,10,150,PSO,14.623773860999961
12,3,11,150,PSO,13.327744637547696
12,3,12,150,PSO,10.98381529460778
12,3,13,150,PSO,12.198376376560063
12,3,14,150,PSO,3.871600825021055
12,3,15,150,PSO,0.5233807786144951
12,3,16,150,PSO,6.695379935565654
12,3,17,150,PSO,11.20049154230324
12,3,18,150,PSO,5.032290802359661
12,3,19,150,PSO,0.364268075339524
12,4,0,150,PSO,0.4812047572530105
12,4,1,150,PSO,7.824721436497217
12,4,2,150,PSO,0.7914241743582195
12,4,3,150,PSO,2.780643082559788
12,4,4,150,PSO,1.7445643869157692
12,4,5,150,PSO,4.01460475434979
12,4,6,150,PSO,5.879563157194832
12,4,7,150,PSO,8.437780124267459
12,4,8,150,PSO,1.2583326989385384
12,4,9,150,PSO,1.7348837357491647
12,4,10,150,PSO,1.0320487544466843
12,4,11,150,PSO,12.866654989907463
12,4,12,150,PSO,8.501075156889375
12,4,13,150,PSO,8.596554962679525
12,4,14,150,PSO,11.373314767674962
12,4,15,150,PSO,7.08104348309287
12,4,16,150,PSO,6.07470200538774
12,4,17,150,PSO,0.2818577066207304
12,4,18,150,PSO,1.7092154815364609
12,4,19,150,PSO,3.591731916383244
12,5,0,150,PSO,5.675742373596336
12,5,1,150,PSO,0.5443422331923173
12,5,2,150,PSO,0.8109862472698453
12,5,3,150,PSO,50.40989932951343
12,5,4,150,PSO,0.8914641173678106
12,5,5,150,PSO,7.237233308856879
12,5,6,150,PSO,6.24300655125537
12,5,7,150,PSO,2.043329994313595
12,5,8,150,PSO,1.3297290624366127
12,5,9,150,PSO,8.665878000779145
12,5,10,150,PSO,17.04048267444955
12,5,11,150,PSO,0.8018254114176884
12,5,12,150,PSO,16.299154993516602
12,5,13,150,PSO,2.8555281784095143
12,5,14,150,PSO,2.297999582761875
12,5,15,150,PSO,2.241896612935257
12,5,16,150,PSO,2.8518057128678365
12,5,17,150,PSO,0.7601268204381597
12,5,18,150,PSO,10.321314241264432
12,5,19,150,PSO,1.0284917076412086
12,6,0,150,PSO,0.43421456191683916
12,6,1,150,PSO,2.2025327473284655
12,6,2,150,PSO,8.978938736366842
12,6,3,150,PSO,17.78348041786209
12,6,4,150,PSO,4.680949709578396
12,6,5,150,PSO,3.494073215877826
12,6,6,150,PSO,8.78213352852591
12,6,7,150,PSO,2.0499943820339332
12,6,8,150,PSO,2.069742499867427
12,6,9,150,PSO,0.8483390189326254
12,6,10,150,PSO,4.101361971212713
12,6,11,150,PSO,1.7644950459774442
12,6,12,150,PSO,2.2692157548271474
12,6,13,150,PSO,12.63769280843445
12,6,14,150,PSO,1.3131783408449529
12,6,15,150,PSO,4.6744236841821944
12,6,16,150,PSO,60.88082730516305
12,6,17,150,PSO,0.5537852866298767
12,6,18,150,PSO,3.882885981862618
12,6,19,150,PSO,2.2000539986636287
12,7,0,150,PSO,34.85863498827186
12,7,1,150,PSO,0.3150243068503755
12,7,2,150,PSO,35.02958572843659
12,7,3,150,PSO,47.58413413840279
12,7,4,150,PSO,0.5152452943159744
12,7,5,150,PSO,24.102791440265662
12,7,6,150,PSO,79.57522988436429
12,7,7,150,PSO,0.6770147030355815
12,7,8,150,PSO,3.62001989953734
12,7,9,150,PSO,16.515626101224115
12,7,10,150,PSO,1.2533618373201705
12,7,11,150,PSO,10.20016777118488
12,7,12,150,PSO,1.227496447048054
12,7,13,150,PSO,0.9103466564064888
12,7,14,150,PSO,53.94242975524034
12,7,15,150,PSO,5.0841414321622835
12,7,16,150,PSO,0.14181826959242017
12,7,17,150,PSO,0.6345527764660233
12,7,18,150,PSO,2.460442553615735
12,7,19,150,PSO,25.613811787303803
13,1,0,150,PSO,38.59120435762881
13,1,1,150,PSO,0.7475806667126115
13,1,2,150,PSO,3.9052568602135125
13,1,3,150,PSO,0.7684375111451658
13,1,4,150,PSO,1.372780808978824
13,1,5,150,PSO,3.7787171576259766
13,1,6,150,PSO,1.3823865143184726
13,1,7,150,PSO,2.374250364710221
13,1,8,150,PSO,10.934482110707066
13,1,9,150,PSO,0.39301361860055195
13,1,10,150,PSO,1.6665981704854076
13,1,11,150,PSO,2.4859080586339672
13,1,12,150,PSO,0.3825896733412826
13,1,13,150,PSO,4.125247751131177
13,1,14,150,PSO,26.387383024131424
13,1,15,150,PSO,9.746851021424888
13,1,16,150,PSO,1.544754811125415
13,1,17,150,PSO,11.09441496860245
13,1,18,150,PSO,10.043222783172546
13,1,19,150,PSO,0.777897244389198
13,2,0,150,PSO,0.5790959558904731
13,2,1,150,PSO,3.4374421400933386
13,2,2,150,PSO,0.2558612636633555
13,2,3,150,PSO,2.885828646667136
13,2,4,150,PSO,0.3286959230800335
13,2,5,150,PSO,28.85251531458136
13,2,6,150,PSO,5.6490821533872335
13,2,7,150,PSO,11.216897998200892
13,2,8,150,PSO,0.22787965968090873
13,2,9,150,PSO,0.4903706089483961
13,2,10,150,PSO,6.4903373555508
13,2,11,150,PSO,5.402514812447357
13,2,12,150,PSO,4.967015495240382
13,2,13,150,PSO,5.560411969491078
13,2,14,150,PSO,9.28724770909934
13,2,15,150,PSO,12.306699239601201
13,2,16,150,PSO,25.64510828197608
13,2,17,150,PSO,5.872386718723078
13,2,18,150,PSO,1.913330153608264
13,2,19,150,PSO,0.344496010475865
13,3,0,150,PSO,1.2125406339056894
13,3,1,150,PSO,7.806126088874464
13,3,2,150,PSO,0.15584291261785665
13,3,3,150,PSO,4.199310170621175
13,3,4,150,PSO,1.1959911388184992
13,3,5,150,PSO,0.8123798449412902
13,3,6,150,PSO,8.48035490524802
13,3,7,150,PSO,12.381534097629299
13,3,8,150,PSO,4.009075035466083
13,3,9,150,PSO,7.934795198013205
13,3,10,150,PSO,13.088933620963644
13,3,11,150,PSO,26.12274758671242
13,3,12,150,PSO,4.698941475887636
13,3,13,150,PSO,0.704262285835739
13,3,14,150,PSO,23.792752252050263
13,3,15,150,PSO,4.8192638234548895
13,3,16,150,PSO,0.20671506328466194
13,3,17,150,PSO,12.677483965407077
13,3,18,150,PSO,0.3287831551989484
13,3,19,150,PSO,0.217054852114984
13,4,0,150,PSO,0.4711068726708163
13,4,1,150,PSO,14.287085057611876
13,4,2,150,PSO,12.026065233816098
13,4,3,150,PSO,12.17954089994248
13,4,4,150,PSO,0.7332390514648068
13,4,5,150,PSO,0.8455517022066488
13,4,6,150,PSO,6.108080660145333
13,4,7,150,PSO,5.309809125013771
13,4,8,150,PSO,1.665066742324484
13,4,9,150,PSO,1.3426690449014131
13,4,10,150,PSO,0.3861987380893197
13,4,11,150,PSO,0.24252987610361743
13,4,12,150,PSO,18.674669666449404
13,4,13,150,PSO,4.239987391913928
13,4,14,150,PSO,19.42464303170152
13,4,15,150,PSO,0.2912961398334346
13,4,16,150,PSO,30.19890674251303
13,4,17,150,PSO,7.22636908404661
13,4,18,150,PSO,1.050678510903822
13,4,19,150,PSO,1.6356218319290292
13,5,0,150,PSO,0.6455717176541356
13,5,1,150,PSO,10.51981753392782
13,5,2,150,PSO,17.765028477352928
13,5,3,150,PSO,42.004510296655184
13,5,4,150,PSO,12.69331147651323
13,5,5,150,PSO,23.448916718454996
13,5,6,150,PSO,0.559585473874094
13,5,7,150,PSO,5.924258974411188
13,5,8,150,PSO,21.377322593298942
13,5,9,150,PSO,12.06330549534242
13,5,10,150,PSO,6.626474971077613
13,5,11,150,PSO,2.736103765464904
13,5,12,150,PSO,32.57885738019672
13,5,13,150,PSO,2.8564420040575413
13,5,14,150,PSO,5.026399348468104
13,5,15,150,PSO,5.117441930135499
13,5,16,150,PSO,36.98222756324839
13,5,17,150,PSO,24.56311214268311
13,5,18,150,PSO,2.3978125622265907
13,5,19,150,PSO,5.82981575766587
13,6,0,150,PSO,6.687397474089323
13,6,1,150,PSO,0.2827594688417321
13,6,2,150,PSO,5.197673954152322
13,6,3,150,PSO,3.4944058918621863
13,6,4,150,PSO,4.224462231800317
13,6,5,150,PSO,2.4597463375820894
13,6,6,150,PSO,22.72003807667801
13,6,7,150,PSO,1.1309853138820927
13,6,8,150,PSO,3.2678792197215785
13,6,9,150,PSO,2.5482091557170747
13,6,10,150,PSO,9.954180653995138
13,6,11,150,PSO,2.874089761767948
13,6,12,150,PSO,2.3722745861451244
13,6,13,150,PSO,0.6220893382286476
13,6,14,150,PSO,13.08388229970626
13,6,15,150,PSO,8.919849840203142
13,6,16,150,PSO,0.9127072303290902
13,6,17,150,PSO,12.304025142978503
13,6,18,150,PSO,2.1900830174874955
13,6,19,150,PSO,3.012649834730894
13,7,0,150,PSO,12.47373468988674
13,7,1,150,PSO,5.30556281508499
13,7,2,150,PSO,12.8204072424139
13,7,3,150,PSO,12.293702375034051
13,7,4,150,PSO,5.490921401001913
13,7,5,150,PSO,4.880410846319357
13,7,6,150,PSO,19.516955692267267
13,7,7,150,PSO,4.89183884366642
13,7,8,150,PSO,4.780253057626858
13,7,9,150,PSO,2.521862167596545
13,7,10,150,PSO,3.174727965965289
13,7,11,150,PSO,7.915714060565151
13,7,12,150,PSO,0.5203490860459041
13,7,13,150,PSO,1.2933024317896056
13,7,14,150,PSO,25.71981460213957
13,7,15,150,PSO,4.408985663526543
13,7,16,150,PSO,19.382205151251974
13,7,17,150,PSO,2.426508024643354
13,7,18,150,PSO,2.492627962328818
13,7,19,150,PSO,31.630847978186814
14,1,0,150,PSO,0.0025954618479460123
14,1,1,150,PSO,0.0006862604452066989
14,1,2,150,PSO,0.0009597397162508514
14,1,3,150,PSO,0.0009413587794071532
14,1,4,150,PSO,0.000527610256170874
14,1,5,150,PSO,0.0001435320117622041
14,1,6,150,PSO,0.0010464024271712447
14,1,7,150,PSO,4.838690929176437e-05
14,1,8,150,PSO,0.0002795042666861036
14,1,9,150,PSO,0.0007719345272789724
14,1,10,150,PSO,0.0006722585932976699
14,1,11,150,PSO,0.0005636290073738337
14,1,12,150,PSO,0.0010675141156397672
14,1,13,150,PSO,0.0007106626613619937
14,1,14,150,PSO,0.00012311932352560007
14,1,15,150,PSO,0.00019981835430371575
14,1,16,150,PSO,0.0010738215545700314
14,1,17,150,PSO,0.0012589728300582692
14,1,18,150,PSO,0.00022141319197288567
14,1,19,150,PSO,0.0012203828424475205
14,2,0,150,PSO,0.0016689712474260432
14,2,1,150,PSO,0.00022782968483170407
14,2,2,150,PSO,0.000462332139704813
14,2,3,150,PSO,0.0004535239945937519
14,2,4,150,PSO,0.00201948427374532
14,2,5,150,PSO,0.0018393855582985452
14,2,6,150,PSO,0.0007645309686097335
14,2,7,150,PSO,0.0011242803770414866
14,2,8,150,PSO,0.0012058812618818138
14,2,9,150,PSO,0.0005804950049252966
14,2,10,150,PSO,0.0009541886204260663
14,2,11,150,PSO,0.0018616657062864306
14,2,12,150,PSO,0.0009936061686062203
14,2,13,150,PSO,0.0018887922004466873
14,2,14,150,PSO,0.0007404353164019994
14,2,15,150,PSO,0.0010866318496312033
14,2,16,150,PSO,0.0008845009157312234
14,2,17,150,PSO,0.001336597478314161
14,2,18,150,PSO,0.0011060380798255665
14,2,19,150,PSO,0.0005009893651219954
14,3,0,150,PSO,0.00048789076677735466
14,3,1,150,PSO,0.0004815746504789331
14,3,2,150,PSO,0.0008544854622840603
14,3,3,150,PSO,0.0012504966247490756
14,3,4,150,PSO,0.00018345189090496206
14,3,5,150,PSO,0.0003281644981285581
14,3,6,150,PSO,0.00022102155563175074
14,3,7,150,PSO,0.0004113172392692377
14,3,8,150,PSO,0.0006208146268562587
14,3,9,150,PSO,0.00026650101354164235
14,3,10,150,PSO,0.00035938140541702523
14,3,11,150,PSO,0.0004991967873024805
14,3,12,150,PSO,0.0013356654443299476
14,3,13,150,PSO,0.0013665847357913208
14,3,14,150,PSO,0.0002637853703788551
14,3,15,150,PSO,0.0007369241706669527
14,3,16,150,PSO,0.00046493801804103896
14,3,17,150,PSO,0.0008675260363730786
14,3,18,150,PSO,0.0006912489583328352
14,3,19,150,PSO,0.0005735381043479038
14,4,0,150,PSO,0.002115080213677345
14,4,1,150,PSO,0.00022664624526669286
14,4,2,150,PSO,0.00101581058697775
14,4,3,150,PSO,0.0015608730552898464
14,4,4,150,PSO,0.0005986142999176991
14,4,5,150,PSO,0.0008814251293003394
14,4,6,150,PSO,0.0005273054929162413
14,4,7,150,PSO,0.0013277840591428003
14,4,8,150,PSO,0.0004820728873866642
14,4,9,150,PSO,0.001936367991412169
14,4,10,150,PSO,0.001934441623575367
14,4,11,150,PSO,0.0036095886573477287
14,4,12,150,PSO,0.0012540078222258444
14,4,13,150,PSO,0.0014665406177911677
14,4,14,150,PSO,0.0011693633202867204
14,4,15,150,PSO,0.0011249916187452413
14,4,16,150,PSO,0.001539713950513999
14,4,17,150,PSO,0.000564716571730628
14,4,18,150,PSO,0.0005905679965678701
14,4,19,150,PSO,0.00017317656854487495
14,5,0,150,PSO,0.0003371775491203266
14,5,1,150,PSO,0.0007283681954817212
14,5,2,150,PSO,0.0006956150824279916
14,5,3,150,PSO,0.0007279047357471313
14,5,4,150,PSO,0.0015107430624965446
14,5,5,150,PSO,0.0015330583321571112
14,5,6,150,PSO,0.0008616091702791095
14,5,7,150,PSO,0.001148765609791269
14,5,8,150,PSO,0.0010797253587284672
14,5,9,150,PSO,0.0011326108715579153
14,5,10,150,PSO,0.0015664384195304137
14,5,11,150,PSO,0.001715213765997703
14,5,12,150,PSO,0.00019446215431884184
14,5,13,150,PSO,0.0011273839649774686
14,5,14,150,PSO,0.001897575832721543
14,5,15,150,PSO,0.0006268982563284453
14,5,16,150,PSO,0.000815345619237462
14,5,17,150,PSO,0.0021407757154321416
14,5,18,150,PSO,0.0003503486241669407
14,5,19,150,PSO,0.0014857111089412456
14,6,0,150,PSO,0.0014433036869334614
14,6,1,150,PSO,0.0005716128337382997
14,6,2,150,PSO,0.0005720213879740754
14,6,3,150,PSO,0.0013868982094820126
14,6,4,150,PSO,0.0009176436716913372
14,6,5,150,PSO,0.0009868559477794747
14,6,6,150,PSO,0.000942140100711697
14,6,7,150,PSO,0.00032354409834312037
14,6,8,150,PSO,0.0003739661383974635
14,6,9,150,PSO,0.004063472755461817
14,6,10,150,PSO,0.0005631940863466411
14,6,11,150,PSO,0.002961023778887295
14,6,12,150,PSO,0.0003198688568630814
14,6,13,150,PSO,0.00279340591341537
14,6,14,150,PSO,0.0009083669657243831
14,6,15,150,PSO,0.0008975451046566718
14,6,16,150,PSO,0.0003884482931013622
14,6,17,150,PSO,0.0005535117599606565
14,6,18,150,PSO,0.0004527621842456142
14,6,19,150,PSO,0.0011163380825465197
14,7,0,150,PSO,0.0023998204817985425
14,7,1,150,PSO,0.0012195727704806814
14,7,2,150,PSO,0.0011788415578308786
14,7,3,150,PSO,0.0022221612898079
14,7,4,150,PSO,0.0016957273619198077
14,7,5,150,PSO,0.0012837340352831461
14,7,6,150,PSO,0.0015342832634104298
14,7,7,150,PSO,0.0018253519078825775
14,7,8,150,PSO,0.0014288564641731227
14,7,9,150,PSO,0.0036835309394831484
14,7,10,150,PSO,0.0013430758550754263
14,7,11,150,PSO,0.0010181511712090696
14,7,12,150,PSO,0.00017385841543671177
14,7,13,150,PSO,0.0035008546892072445
14,7,14,150,PSO,0.0011353487299459175
14,7,15,150,PSO,0.0001336940772205253
14,7,16,150,PSO,0.002379011157131572
14,7,17,150,PSO,0.0016764266356119606
14,7,18,150,PSO,0.0005582837911646266
14,7,19,150,PSO,0.0007330866613131093
15,1,0,150,PSO,2.988809888739638
15,1,1,150,PSO,5.989424750424291
15,1,2,150,PSO,16.91660900437182
15,1,3,150,PSO,6.246852682373515
15,1,4,150,PSO,39.103109134992565
15,1,5,150,PSO,5.973025630310303
15,1,6,150,PSO,2.1393657117473595
15,1,7,150,PSO,7.964246425021088
15,1,8,150,PSO,8.019806966067108
15,1,9,150,PSO,21.897213889340605
15,1,10,150,PSO,3.981404232256864
15,1,11,150,PSO,7.046742479055297
15,1,12,150,PSO,3.0016941430516226
15,1,13,150,PSO,18.913198552050858
15,1,14,150,PSO,7.9599426759496055
15,1,15,150,PSO,5.010403053149616
15,1,16,150,PSO,10.946235607454696
15,1,17,150,PSO,7.9617139650285935
15,1,18,150,PSO,10.966855818195086
15,1,19,150,PSO,5.97050697652935
15,2,0,150,PSO,9.029298302832544
15,2,1,150,PSO,6.965102978847071
15,2,2,150,PSO,4.982464769314092
15,2,3,150,PSO,3.988501174869043
15,2,4,150,PSO,3.2386290519856686
15,2,5,150,PSO,4.984219416424878
15,2,6,150,PSO,7.990715425632104
15,2,7,150,PSO,4.077651185848666
15,2,8,150,PSO,10.949777292679443
15,2,9,150,PSO,6.2990373719315045
15,2,10,150,PSO,2.008949537816491
15,2,11,150,PSO,15.923532342627254
15,2,12,150,PSO,10.94632956622732
15,2,13,150,PSO,9.958410425821967
15,2,14,150,PSO,5.970871430398944
15,2,15,150,PSO,12.083906474760354
15,2,16,150,PSO,9.963489443843528
15,2,17,150,PSO,3.444841600864322
15,2,18,150,PSO,2.998923644802545
15,2,19,150,PSO,6.9663794353779025
15,3,0,150,PSO,21.0676950202146
15,3,1,150,PSO,3.982986907383527
15,3,2,150,PSO,14.97941285013075
15,3,3,150,PSO,0.9951543108693315
15,3,4,150,PSO,2.9942535699805646
15,3,5,150,PSO,1.9906839176466349
15,3,6,150,PSO,3.9920930440541227
15,3,7,150,PSO,1.0014043799214036
15,3,8,150,PSO,7.967989274174812
15,3,9,150,PSO,5.974596305455663
15,3,10,150,PSO,2.9866632271532367
15,3,11,150,PSO,3.0085062507660396
15,3,12,150,PSO,1.0792404867508054
15,3,13,150,PSO,7.960813082349887
15,3,14,150,PSO,14.929637362259697
15,3,15,150,PSO,6.972420880782913
15,3,16,150,PSO,14.940201368157936
15,3,17,150,PSO,5.9808958323903525
15,3,18,150,PSO,10.0090842486184
15,3,19,150,PSO,3.9921464924748378
15,4,0,150,PSO,14.924693454953221
15,4,1,150,PSO,5.975399403843706
15,4,2,150,PSO,2.0463689824025693
15,4,3,150,PSO,5.750753762074588
15,4,4,150,PSO,4.9752509620377765
15,4,5,150,PSO,2.98653855413043
15,4,6,150,PSO,5.971629003557826
15,4,7,150,PSO,4.997292046053168
15,4,8,150,PSO,13.942653461908598
15,4,9,150,PSO,1.9922092180544446
15,4,10,150,PSO,22.884974434267917
15,4,11,150,PSO,5.971675282249123
15,4,12,150,PSO,13.929750864148083
15,4,13,150,PSO,5.978541001611514
15,4,14,150,PSO,6.965998402108909
15,4,15,150,PSO,21.89046364153775
15,4,16,150,PSO,14.927291792859904
15,4,17,150,PSO,5.588054335112368
15,4,18,150,PSO,8.999275816304902
15,4,19,150,PSO,2.0021384542033935
15,5,0,150,PSO,8.961490247448836
15,5,1,150,PSO,2.066165766722037
15,5,2,150,PSO,5.97320058301041
15,5,3,150,PSO,26.864650540650217
15,5,4,150,PSO,1.993096568061688
15,5,5,150,PSO,9.963678893939232
15,5,6,150,PSO,24.87439738274199
15,5,7,150,PSO,9.962710743034748
15,5,8,150,PSO,5.998906507145065
15,5,9,150,PSO,0.9977437312722799
15,5,10,150,PSO,6.860798455611956
15,5,11,150,PSO,14.924863725511088
15,5,12,150,PSO,2.9882519863437125
15,5,13,150,PSO,4.29164325395071
15,5,14,150,PSO,4.640313885320097
15,5,15,150,PSO,8.962181587086562
15,5,16,150,PSO,9.954307949549218
15,5,17,150,PSO,3.981765661796487
15,5,18,150,PSO,13.946001040652007
15,5,19,150,PSO,9.955805527174292
15,6,0,150,PSO,5.976068010523477
15,6,1,150,PSO,2.9862640577242416
15,6,2,150,PSO,13.825767115661137
15,6,3,150,PSO,3.98270797046537
15,6,4,150,PSO,6.967399854371095
15,6,5,150,PSO,2.9856637541859783
15,6,6,150,PSO,2.9972599309738115
15,6,7,150,PSO,3.0117336505622774
15,6,8,150,PSO,2.9942804546179502
15,6,9,150,PSO,2.9893758006347184
15,6,10,150,PSO,1.9972343677295896
15,6,11,150,PSO,6.974019564603978
15,6,12,150,PSO,18.271064169848657
15,6,13,150,PSO,3.987957711100094
15,6,14,150,PSO,21.89744225995625
15,6,15,150,PSO,4.982247580077015
15,6,16,150,PSO,6.179315836937334
15,6,17,150,PSO,5.974210996458609
15,6,18,150,PSO,9.951322592299263
15,6,19,150,PSO,6.508977632065736
15,7,0,150,PSO,3.9886122846382364
15,7,1,150,PSO,19.07826818806521
15,7,2,150,PSO,5.978400304290574
15,7,3,150,PSO,6.9701844093955
15,7,4,150,PSO,1.990511763023278
15,7,5,150,PSO,10.949628522660078
15,7,6,150,PSO,14.92789943654094
15,7,7,150,PSO,21.90138898693465
15,7,8,150,PSO,7.963854245210854
15,7,9,150,PSO,6.968571315080965
15,7,10,150,PSO,5.972607833289203
15,7,11,150,PSO,12.497452422451346
15,7,12,150,PSO,27.860127285735587
15,7,13,150,PSO,5.976072081474626
15,7,14,150,PSO,5.974038174823818
15,7,15,150,PSO,2.9922310110785872
15,7,16,150,PSO,17.53412928565683
15,7,17,150,PSO,2.9924643456589592
15,7,18,150,PSO,9.975223855296349
15,7,19,150,PSO,4.015707348788936
16,1,0,150,PSO,1.0333061316821244
16,1,1,150,PSO,3.377659887572918
16,1,2,150,PSO,1.1615656118033826
16,1,3,150,PSO,0.0718201309549471
16,1,4,150,PSO,1.8368142010186261
16,1,5,150,PSO,0.051081783455146024
16,1,6,150,PSO,4.845692407485416
16,1,7,150,PSO,0.026821871511089057
16,1,8,150,PSO,1.518614175151697
16,1,9,150,PSO,0.8444693411290132
16,1,10,150,PSO,0.13923879195235145
16,1,11,150,PSO,0.002843484576445121
16,1,12,150,PSO,0.7183314561931695
16,1,13,150,PSO,1.1224107928635192
16,1,14,150,PSO,0.21754096782333932
16,1,15,150,PSO,1.9152358359793311
16,1,16,150,PSO,4.392964887143236
16,1,17,150,PSO,0.38797232165838125
16,1,18,150,PSO,0.21656435698518806
16,1,19,150,PSO,0.2914561119818728
16,2,0,150,PSO,0.946083892557283
16,2,1,150,PSO,0.03801390260031212
16,2,2,150,PSO,0.1822708318242121
16,2,3,150,PSO,0.3071989746402437
16,2,4,150,PSO,1.8309574927055792
16,2,5,150,PSO,3.9833650670469183
16,2,6,150,PSO,0.0008286384590974194
16,2,7,150,PSO,3.3157973275548898
16,2,8,150,PSO,1.3676783995294954
16,2,9,150,PSO,0.2914260501407284
16,2,10,150,PSO,0.012605510057767333
16,2,11,150,PSO,0.9426993449584984
16,2,12,150,PSO,1.022566452195747
16,2,13,150,PSO,0.02830918490917611
16,2,14,150,PSO,2.298094251593227
16,2,15,150,PSO,0.1457158315382685
16,2,16,150,PSO,1.8333157888062601
16,2,17,150,PSO,0.7154325095798413
16,2,18,150,PSO,0.815075370044724
16,2,19,150,PSO,4.092035760327349
16,3,0,150,PSO,4.3108913997041185
16,3,1,150,PSO,2.87867617447408
16,3,2,150,PSO,0.22404155038626072
16,3,3,150,PSO,0.002676901262830711
16,3,4,150,PSO,0.9589642552158608
16,3,5,150,PSO,1.7153125761068537
16,3,6,150,PSO,4.695843632841502
16,3,7,150,PSO,0.06766049278640196
16,3,8,150,PSO,0.011819075328745043
16,3,9,150,PSO,4.411448192729537
16,3,10,150,PSO,0.17078543308554117
16,3,11,150,PSO,3.3522442408250583
16,3,12,150,PSO,0.06379754458170339
16,3,13,150,PSO,1.7311259370880947
16,3,14,150,PSO,1.0093705790940533
16,3,15,150,PSO,0.648903309214873
16,3,16,150,PSO,1.811548335066746
16,3,17,150,PSO,0.07375583280696674
16,3,18,150,PSO,2.2957968703869938
16,3,19,150,PSO,0.7198888198686575
16,4,0,150,PSO,0.027086512529308493
16,4,1,150,PSO,7.234125690270503
16,4,2,150,PSO,0.1718515549315498
16,4,3,150,PSO,0.5070380363467848
16,4,4,150,PSO,1.2854623244744516
16,4,5,150,PSO,0.2366347712586503
16,4,6,150,PSO,1.3870267448779714
16,4,7,150,PSO,0.008544839854607744
16,4,8,150,PSO,5.535005591519507
16,4,9,150,PSO,1.0813881277017572
16,4,10,150,PSO,1.8186989466339583
16,4,11,150,PSO,4.156150765143138
16,4,12,150,PSO,2.435744504490799
16,4,13,150,PSO,0.05747161159240477
16,4,14,150,PSO,1.0045980445481746
16,4,15,150,PSO,0.03502713980367389
16,4,16,150,PSO,0.3519756297486083
16,4,17,150,PSO,0.045434930569285825
16,4,18,150,PSO,0.7842350314589339
16,4,19,150,PSO,0.7689557821399831
16,5,0,150,PSO,0.07761453418537911
16,5,1,150,PSO,8.280492605423156
16,5,2,150,PSO,1.862335189991711
16,5,3,150,PSO,0.07198127053249692
16,5,4,150,PSO,3.698413754227637
16,5,5,150,PSO,1.0095935662614721
16,5,6,150,PSO,0.01528258183221709
16,5,7,150,PSO,0.4260401435377048
16,5,8,150,PSO,0.19527700227067157
16,5,9,150,PSO,0.16882914115989678
16,5,10,150,PSO,1.8739251249087445
16,5,11,150,PSO,0.9436738603931616
16,5,12,150,PSO,5.678025792927642
16,5,13,150,PSO,4.629169374329557
16,5,14,150,PSO,0.01487788906644738
16,5,15,150,PSO,5.453785659379086
16,5,16,150,PSO,2.7606756910082666
16,5,17,150,PSO,0.4224580307896346
16,5,18,150,PSO,1.4285933312099317
16,5,19,150,PSO,0.13980949083408234
16,6,0,150,PSO,0.8801444547953707
16,6,1,150,PSO,2.23352763757309
16,6,2,150,PSO,0.03929412445014435
16,6,3,150,PSO,0.789444586264608
16,6,4,150,PSO,0.01533935996572211
16,6,5,150,PSO,0.4276200477840888
16,6,6,150,PSO,0.10346121293632038
16,6,7,150,PSO,0.06439964990750369
16,6,8,150,PSO,7.517411116353401e-05
16,6,9,150,PSO,4.40038243058169
16,6,10,150,PSO,4.792694800091315
16,6,11,150,PSO,1.4345936700713224
16,6,12,150,PSO,0.8084133731383005
16,6,13,150,PSO,0.24351184444823204
16,6,14,150,PSO,1.2752130355598865
16,6,15,150,PSO,0.497032644376322
16,6,16,150,PSO,0.8220243287432147
16,6,17,150,PSO,0.5455739150033061
16,6,18,150,PSO,0.25788249696046606
16,6,19,150,PSO,2.1237665198895
16,7,0,150,PSO,0.016480630027906784
16,7,1,150,PSO,0.39371273878371227
16,7,2,150,PSO,0.7700405599251567
16,7,3,150,PSO,3.0868878374481525
16,7,4,150,PSO,0.006345341432357543
16,7,5,150,PSO,0.056674793720631556
16,7,6,150,PSO,0.03926375663208859
16,7,7,150,PSO,0.00311053972991715
16,7,8,150,PSO,0.006267249627100568
16,7,9,150,PSO,0.5707823553470988
16,7,10,150,PSO,0.7404629861850651
16,7,11,150,PSO,0.9190845252219191
16,7,12,150,PSO,1.4666589636023204
16,7,13,150,PSO,0.1548237851099188
16,7,14,150,PSO,1.1674544737718051
16,7,15,150,PSO,0.0074490230550665615
16,7,16,150,PSO,0.49976476021196703
16,7,17,150,PSO,0.33851070263310845
16,7,18,150,PSO,2.171325002183636
16,7,19,150,PSO,0.07956096298939741
17,1,0,150,PSO,0.03526360469452783
17,1,1,150,PSO,0.0614737366849063
17,1,2,150,PSO,0.08717121035533992
17,1,3,150,PSO,0.013159411223067963
17,1,4,150,PSO,0.050589593298159485
17,1,5,150,PSO,0.07385956747795319
17,1,6,150,PSO,0.07671780591483213
17,1,7,150,PSO,0.3076986957508403
17,1,8,150,PSO,0.009788154838442864
17,1,9,150,PSO,0.7023115416929429
17,1,10,150,PSO,0.18989429588631168
17,1,11,150,PSO,0.09044510169503894
17,1,12,150,PSO,1.3182087870566974
17,1,13,150,PSO,0.009089379220547755
17,1,14,150,PSO,0.002874954068026625
17,1,15,150,PSO,0.45025523122092537
17,1,16,150,PSO,0.05692051280849597
17,1,17,150,PSO,0.040588778376413615
17,1,18,150,PSO,0.11729739821672425
17,1,19,150,PSO,0.6156243818590923
17,2,0,150,PSO,0.08731450625787218
17,2,1,150,PSO,0.005917872004875591
17,2,2,150,PSO,0.022349931591296723
17,2,3,150,PSO,0.05730600831325461
17,2,4,150,PSO,0.10478187412512341
17,2,5,150,PSO,0.08902170739193949
17,2,6,150,PSO,0.007621512688984922
17,2,7,150,PSO,0.3158136791717432
17,2,8,150,PSO,0.06499242321170584
17,2,9,150,PSO,0.031077343761573673
17,2,10,150,PSO,0.01102307974609218
17,2,11,150,PSO,0.007354493495729031
17,2,12,150,PSO,0.022870320781429143
17,2,13,150,PSO,0.05280876154377623
17,2,14,150,PSO,0.1753923803178239
17,2,15,150,PSO,0.02608448541363728
17,2,16,150,PSO,0.7118256008870496
17,2,17,150,PSO,0.014566418839709883
17,2,18,150,PSO,0.03729542341858405
17,2,19,150,PSO,0.015587214896932267
17,3,0,150,PSO,0.16445706895996182
17,3,1,150,PSO,0.41594365816234813
17,3,2,150,PSO,0.01464991728221321
17,3,3,150,PSO,0.004332566445611974
17,3,4,150,PSO,0.08566180309549054
17,3,5,150,PSO,0.05726389720922498
17,3,6,150,PSO,0.003739507009584031
17,3,7,150,PSO,0.22612349634823659
17,3,8,150,PSO,0.4647413040856918
17,3,9,150,PSO,0.4876162527769452
17,3,10,150,PSO,0.7930524582741896
17,3,11,150,PSO,1.2166132783764851
17,3,12,150,PSO,0.6000371355552261
17,3,13,150,PSO,0.02360442083562475
17,3,14,150,PSO,0.6289617219065917
17,3,15,150,PSO,0.00879138139373481
17,3,16,150,PSO,1.004964438377101
17,3,17,150,PSO,0.28008548107032993
17,3,18,150,PSO,0.019928013437720438
17,3,19,150,PSO,0.005106713137138286
17,4,0,150,PSO,0.0233261935325757
17,4,1,150,PSO,0.22987429647774604
17,4,2,150,PSO,0.11814494019495214
17,4,3,150,PSO,0.142233567026544
17,4,4,150,PSO,0.21275716565395442
17,4,5,150,PSO,0.025519487613507863
17,4,6,150,PSO,0.025191570966022425
17,4,7,150,PSO,0.2210401623469096
17,4,8,150,PSO,0.015819422021799312
17,4,9,150,PSO,0.517784360804221
17,4,10,150,PSO,0.012525355887618161
17,4,11,150,PSO,0.01282670585049317
17,4,12,150,PSO,0.02492476862881432
17,4,13,150,PSO,0.07300537515625649
17,4,14,150,PSO,0.3916357857347208
17,4,15,150,PSO,0.04435057191624736
17,4,16,150,PSO,0.10882404835297166
17,4,17,150,PSO,0.007013836275852725
17,4,18,150,PSO,0.21161375336934896
17,4,19,150,PSO,0.013929963115629107
17,5,0,150,PSO,0.010659323142760968
17,5,1,150,PSO,0.08797385062746343
17,5,2,150,PSO,0.7959084009084165
17,5,3,150,PSO,0.20107553200941197
17,5,4,150,PSO,0.04198873855412444
17,5,5,150,PSO,0.011831914763035911
17,5,6,150,PSO,0.0737189587992475
17,5,7,150,PSO,0.03496147178654496
17,5,8,150,PSO,0.05280465076356222
17,5,9,150,PSO,0.007637246386110519
17,5,10,150,PSO,1.3682494794911975
17,5,11,150,PSO,0.005072706500243385
17,5,12,150,PSO,0.10789756598884992
17,5,13,150,PSO,0.11829939688965396
17,5,14,150,PSO,0.10432164998059079
17,5,15,150,PSO,0.008999965593631032
17,5,16,150,PSO,0.014593958321171385
17,5,17,150,PSO,0.0564193703124829
17,5,18,150,PSO,0.08996300783638844
17,5,19,150,PSO,0.039099210656132755
17,6,0,150,PSO,0.026289447258307064
17,6,1,150,PSO,0.07763643585712998
17,6,2,150,PSO,0.024826458037296106
17,6,3,150,PSO,0.020968562591576756
17,6,4,150,PSO,0.09124195757783582
17,6,5,150,PSO,0.08836149163136042
17,6,6,150,PSO,0.00984709531127237
17,6,7,150,PSO,0.22717887605696774
17,6,8,150,PSO,0.03528966887159868
17,6,9,150,PSO,0.5176783630132036
17,6,10,150,PSO,0.005320695716591217
17,6,11,150,PSO,0.08651323476354378
17,6,12,150,PSO,0.18344094135215983
17,6,13,150,PSO,0.08447282521669308
17,6,14,150,PSO,0.1831669557307123
17,6,15,150,PSO,0.011853296808226332
17,6,16,150,PSO,0.1385694723273616
17,6,17,150,PSO,0.2496855514269214
17,6,18,150,PSO,0.24616458694197263
17,6,19,150,PSO,0.10817814180620644
17,7,0,150,PSO,0.2504400255931074
17,7,1,150,PSO,0.20918160288998422
17,7,2,150,PSO,0.13149084516103926
17,7,3,150,PSO,0.04528075445911384
17,7,4,150,PSO,0.09303582355931894
17,7,5,150,PSO,0.08826918267781991
17,7,6,150,PSO,0.014781058547214343
17,7,7,150,PSO,0.11792299819371976
17,7,8,150,PSO,0.02558864357288826
17,7,9,150,PSO,0.036782370904546724
17,7,10,150,PSO,0.3996167132002597
17,7,11,150,PSO,0.05338231844203278
17,7,12,150,PSO,0.05141998345668242
17,7,13,150,PSO,0.05374092623094384
17,7,14,150,PSO,0.0198633315565786
17,7,15,150,PSO,0.03887358423611431
17,7,16,150,PSO,0.12560313261415956
17,7,17,150,PSO,0.08849673198186281
17,7,18,150,PSO,0.017713535529054525
17,7,19,150,PSO,0.11662257410179677
18,1,0,150,PSO,0.18626483580881015
18,1,1,150,PSO,0.20044571722774052
18,1,2,150,PSO,0.0596650071071636
18,1,3,150,PSO,0.31555348738253386
18,1,4,150,PSO,0.1202328218081945
18,1,5,150,PSO,0.7880607384649103
18,1,6,150,PSO,1.1701863938394492
18,1,7,150,PSO,0.12268446549270351
18,1,8,150,PSO,0.2774786944584626
18,1,9,150,PSO,0.4071792849330578
18,1,10,150,PSO,0.3525919264349291
18,1,11,150,PSO,1.2942223787912557
18,1,12,150,PSO,0.2786428714054239
18,1,13,150,PSO,2.007037062951367
18,1,14,150,PSO,0.2652064744439855
18,1,15,150,PSO,0.09809966147505733
18,1,16,150,PSO,1.6006629599814328
18,1,17,150,PSO,0.24925587526011128
18,1,18,150,PSO,0.4867479033265276
18,1,19,150,PSO,0.9235411341534814
18,2,0,150,PSO,0.2947344152853759
18,2,1,150,PSO,0.4806296726818289
18,2,2,150,PSO,0.058884846132649216
18,2,3,150,PSO,0.09255688649056992
18,2,4,150,PSO,0.06583144832663734
18,2,5,150,PSO,0.5151898635777279
18,2,6,150,PSO,0.20196569105226558
18,2,7,150,PSO,0.12404520705131716
18,2,8,150,PSO,0.5164132492859643
18,2,9,150,PSO,0.029830248859251896
18,2,10,150,PSO,0.1432335505858262
18,2,11,150,PSO,0.03490225887961884
18,2,12,150,PSO,0.11779762787609016
18,2,13,150,PSO,0.11181151322259808
18,2,14,150,PSO,1.1905149313234134
18,2,15,150,PSO,0.034523641192159005
18,2,16,150,PSO,0.2965203198946256
18,2,17,150,PSO,0.0422600834829403
18,2,18,150,PSO,0.0868301123237103
18,2,19,150,PSO,0.2112896057652165
18,3,0,150,PSO,3.3189794197708693
18,3,1,150,PSO,0.6867757906819634
18,3,2,150,PSO,2.3796000054412616
18,3,3,150,PSO,1.1969552640291568
18,3,4,150,PSO,0.17509768610744914
18,3,5,150,PSO,1.0666668052692216
18,3,6,150,PSO,0.14556545293015688
18,3,7,150,PSO,1.450460641232496
18,3,8,150,PSO,1.369231543796559
18,3,9,150,PSO,0.1054131236359126
18,3,10,150,PSO,1.6898891623804957
18,3,11,150,PSO,0.06395261594519752
18,3,12,150,PSO,0.448509456211184
18,3,13,150,PSO,2.5002286646337666
18,3,14,150,PSO,0.624288051286328
18,3,15,150,PSO,0.07247829624628821
18,3,16,150,PSO,0.38050031079450264
18,3,17,150,PSO,0.4119301176868362
18,3,18,150,PSO,1.5038265523787118
18,3,19,150,PSO,0.5085348809666357
18,4,0,150,PSO,0.3086015036623806
18,4,1,150,PSO,0.24994080556224674
18,4,2,150,PSO,0.2082381490653873
18,4,3,150,PSO,0.413460639188834
18,4,4,150,PSO,5.198832363105659
18,4,5,150,PSO,0.7482843746369028
18,4,6,150,PSO,0.04470441970876493
18,4,7,150,PSO,0.10411619829693564
18,4,8,150,PSO,0.34885490034006494
18,4,9,150,PSO,0.19655149047500942
18,4,10,150,PSO,0.12281067704990534
18,4,11,150,PSO,0.3090343662000734
18,4,12,150,PSO,0.23716346810030586
18,4,13,150,PSO,0.24794742669064362
18,4,14,150,PSO,0.03286947363061188
18,4,15,150,PSO,0.657324272393609
18,4,16,150,PSO,2.818894242221603
18,4,17,150,PSO,0.07985729419363707
18,4,18,150,PSO,0.4682955728800522
18,4,19,150,PSO,0.2743171797722255
18,5,0,150,PSO,2.6666262184700713
18,5,1,150,PSO,0.5741697370550582
18,5,2,150,PSO,0.28800651316893777
18,5,3,150,PSO,1.0065845564944595
18,5,4,150,PSO,0.02352246799563318
18,5,5,150,PSO,0.6575873409301494
18,5,6,150,PSO,0.4236760046214556
18,5,7,150,PSO,0.16851063698754842
18,5,8,150,PSO,0.9316750269082377
18,5,9,150,PSO,0.8544781954941243
18,5,10,150,PSO,0.8260719861256121
18,5,11,150,PSO,3.84073658365034
18,5,12,150,PSO,0.6869260936637431
18,5,13,150,PSO,0.6266030002753382
18,5,14,150,PSO,0.8288695885636628
18,5,15,150,PSO,0.14548835070007726
18,5,16,150,PSO,0.0962291938983526
18,5,17,150,PSO,3.5238105999559366
18,5,18,150,PSO,0.07467861567380396
18,5,19,150,PSO,1.0774690267305402
18,6,0,150,PSO,0.9551153510385006
18,6,1,150,PSO,1.0244745123717962
18,6,2,150,PSO,0.0697097732691816
18,6,3,150,PSO,0.32110404595664477
18,6,4,150,PSO,0.7520641799003158
18,6,5,150,PSO,1.0966991953632999
18,6,6,150,PSO,0.026525615419245696
18,6,7,150,PSO,0.31602460056006976
18,6,8,150,PSO,0.255536357877844
18,6,9,150,PSO,1.2911224396596026
18,6,10,150,PSO,0.030683584801010966
18,6,11,150,PSO,0.1542401841980734
18,6,12,150,PSO,4.156177896935333
18,6,13,150,PSO,0.37832154105706195
18,6,14,150,PSO,0.6685602841074569
18,6,15,150,PSO,0.1820103763275256
18,6,16,150,PSO,0.20069036321942235
18,6,17,150,PSO,0.7545403086903093
18,6,18,150,PSO,0.043952885937585506
18,6,19,150,PSO,0.16771429454936992
18,7,0,150,PSO,0.18914793606893454
18,7,1,150,PSO,1.9235723401375253
18,7,2,150,PSO,1.048808642512057
18,7,3,150,PSO,0.2049727133364172
18,7,4,150,PSO,0.16952279759971134
18,7,5,150,PSO,0.1528037086588938
18,7,6,150,PSO,0.05402956270673087
18,7,7,150,PSO,0.5500111877487228
18,7,8,150,PSO,0.35469158058317873
18,7,9,150,PSO,0.1813657356961329
18,7,10,150,PSO,0.4785875870361309
18,7,11,150,PSO,0.24248444763932753
18,7,12,150,PSO,0.07069802464441466
18,7,13,150,PSO,0.10679777037522342
18,7,14,150,PSO,1.3859066496200967
18,7,15,150,PSO,0.3909388622708292
18,7,16,150,PSO,0.800633774749997
18,7,17,150,PSO,0.35148481184192804
18,7,18,150,PSO,0.6174274808646203
18,7,19,150,PSO,0.11318240065874363
19,1,0,150,PSO,1.8216540271129418
19,1,1,150,PSO,1.1999479130781623
19,1,2,150,PSO,0.8465462386584619
19,1,3,150,PSO,0.9207921316855447
19,1,4,150,PSO,0.8799411679216576
19,1,5,150,PSO,0.6967720277949212
19,1,6,150,PSO,1.0508897775494859
19,1,7,150,PSO,0.6961634140668025
19,1,8,150,PSO,1.0340818795794178
19,1,9,150,PSO,0.7973499702022195
19,1,10,150,PSO,0.3844308254827098
19,1,11,150,PSO,0.6738653461841579
19,1,12,150,PSO,2.5680435293459567
19,1,13,150,PSO,0.12559809218247153
19,1,14,150,PSO,1.1619779481318488
19,1,15,150,PSO,1.2737917669920336
19,1,16,150,PSO,0.8673477079789365
19,1,17,150,PSO,0.8191559669258623
19,1,18,150,PSO,1.5218280575960819
19,1,19,150,PSO,0.9101647840578124
19,2,0,150,PSO,0.9042292016453217
19,2,1,150,PSO,0.8032062475066368
19,2,2,150,PSO,0.7465409615198837
19,2,3,150,PSO,1.7491678647176627
19,2,4,150,PSO,0.6068474698057571
19,2,5,150,PSO,1.3342217945252344
19,2,6,150,PSO,0.7418507261620704
19,2,7,150,PSO,0.9165516335715012
19,2,8,150,PSO,0.765957485296596
19,2,9,150,PSO,1.7189256200672816
19,2,10,150,PSO,1.3677778123716422
19,2,11,150,PSO,1.3001832835111884
19,2,12,150,PSO,0.3627278595792802
19,2,13,150,PSO,0.8795837416249412
19,2,14,150,PSO,1.0793412003970673
19,2,15,150,PSO,0.3748952246510697
19,2,16,150,PSO,1.9257361862715499
19,2,17,150,PSO,0.5157316453653493
19,2,18,150,PSO,0.9985729449040974
19,2,19,150,PSO,0.35706887320444025
19,3,0,150,PSO,1.2215318438207987
19,3,1,150,PSO,1.5648918662060396
19,3,2,150,PSO,0.9445104501986634
19,3,3,150,PSO,0.3099601214212555
19,3,4,150,PSO,0.5302115512683372
19,3,5,150,PSO,0.6921766923839243
19,3,6,150,PSO,0.3698167312476244
19,3,7,150,PSO,0.5193192951102219
19,3,8,150,PSO,0.5492788611549031
19,3,9,150,PSO,0.16925344212774007
19,3,10,150,PSO,0.7118435103428453
19,3,11,150,PSO,1.819713146501499
19,3,12,150,PSO,0.34068638627528003
19,3,13,150,PSO,0.4876734558702083
19,3,14,150,PSO,1.8136602364128578
19,3,15,150,PSO,0.9536404596207149
19,3,16,150,PSO,0.33588162408915423
19,3,17,150,PSO,0.8265314907062589
19,3,18,150,PSO,0.7252095012887594
19,3,19,150,PSO,2.328836763574799
19,4,0,150,PSO,0.17582327766980654
19,4,1,150,PSO,1.868842434305158
19,4,2,150,PSO,0.8302106001000453
19,4,3,150,PSO,1.2547133485284334
19,4,4,150,PSO,1.9487933763753844
19,4,5,150,PSO,0.6175990503048965
19,4,6,150,PSO,0.15399717132449808
19,4,7,150,PSO,0.6643889705742012
19,4,8,150,PSO,1.434145790686948
19,4,9,150,PSO,1.5353051242068716
19,4,10,150,PSO,0.18256451951254604
19,4,11,150,PSO,0.5101664618404271
19,4,12,150,PSO,0.2489167136176107
19,4,13,150,PSO,1.5437003512726477
19,4,14,150,PSO,1.6190955275584429
19,4,15,150,PSO,0.719057278651988
19,4,16,150,PSO,1.0974892062428552
19,4,17,150,PSO,0.7415000998987864
19,4,18,150,PSO,0.3203941619092703
19,4,19,150,PSO,0.34817368320554465
19,5,0,150,PSO,0.5408763416750162
19,5,1,150,PSO,1.0465417122145482
19,5,2,150,PSO,1.6815434178132591
19,5,3,150,PSO,0.85766404061917
19,5,4,150,PSO,1.174110041777567
19,5,5,150,PSO,1.8922963976465326
19,5,6,150,PSO,1.2827206473256183
19,5,7,150,PSO,1.206313407675566
19,5,8,150,PSO,0.8621297767234637
19,5,9,150,PSO,1.543353431156902
19,5,10,150,PSO,1.5837431390904158
19,5,11,150,PSO,1.1103395127760223
19,5,12,150,PSO,0.9181779273731081
19,5,13,150,PSO,0.837381844742481
19,5,14,150,PSO,0.393990878406953
19,5,15,150,PSO,0.15823077155494047
19,5,16,150,PSO,0.32760149289651963
19,5,17,150,PSO,0.344128209796736
19,5,18,150,PSO,1.1395540229738117
19,5,19,150,PSO,1.902678342383524
19,6,0,150,PSO,0.5930951836191412
19,6,1,150,PSO,1.583923898265681
19,6,2,150,PSO,1.2452402906471605
19,6,3,150,PSO,0.6893103517533632
19,6,4,150,PSO,0.7968881627879227
19,6,5,150,PSO,0.9791916044948152
19,6,6,150,PSO,1.2132649289453923
19,6,7,150,PSO,1.4877993973107948
19,6,8,150,PSO,1.1791025365658356
19,6,9,150,PSO,1.818251962481554
19,6,10,150,PSO,1.1601606897432077
19,6,11,150,PSO,1.2121014131918741
19,6,12,150,PSO,0.8486484544992265
19,6,13,150,PSO,0.7978897554523599
19,6,14,150,PSO,0.4003533983445493
19,6,15,150,PSO,0.8391639223889911
19,6,16,150,PSO,0.6764029133584586
19,6,17,150,PSO,1.3660888035991547
19,6,18,150,PSO,1.4915335594101577
19,6,19,150,PSO,0.3041071698360156
19,7,0,150,PSO,2.8778858501304967
19,7,1,150,PSO,0.9711365669664431
19,7,2,150,PSO,0.6393457733009598
19,7,3,150,PSO,1.5493041845771316
19,7,4,150,PSO,0.3789068484669045
19,7,5,150,PSO,0.868029038746073
19,7,6,150,PSO,0.5477384359771591
19,7,7,150,PSO,0.5556791355207196
19,7,8,150,PSO,1.2437000452965918
19,7,9,150,PSO,0.3422148040465345
19,7,10,150,PSO,0.7889419494861016
19,7,11,150,PSO,1.0683248831119556
19,7,12,150,PSO,0.9574305885885863
19,7,13,150,PSO,0.5470061340000996
19,7,14,150,PSO,0.7711921645214517
19,7,15,150,PSO,0.8752841662423663
19,7,16,150,PSO,1.0202233100771778
19,7,17,150,PSO,1.5629408220437
19,7,18,150,PSO,2.4210860279870445
19,7,19,150,PSO,0.7858158962978337
20,1,0,150,PSO,1.0355055567038107
20,1,1,150,PSO,1.93462807124331
20,1,2,150,PSO,1.2635397367574797
20,1,3,150,PSO,1.1850968771036605
20,1,4,150,PSO,0.7380503321957121
20,1,5,150,PSO,1.0660971287467191
20,1,6,150,PSO,1.381962023678625
20,1,7,150,PSO,0.7109234108401097
20,1,8,150,PSO,0.9492098947059731
20,1,9,150,PSO,0.47477097040030003
20,1,10,150,PSO,1.619357706046003
20,1,11,150,PSO,1.3040096971312778
20,1,12,150,PSO,1.263417640015632
20,1,13,150,PSO,1.1449708479599394
20,1,14,150,PSO,0.8291037569540549
20,1,15,150,PSO,1.7372616262696283
20,1,16,150,PSO,1.6187411044205646
20,1,17,150,PSO,1.1456430726816507
20,1,18,150,PSO,1.3458536908897258
20,1,19,150,PSO,1.026832328826572
20,2,0,150,PSO,0.9477513161939441
20,2,1,150,PSO,1.1469842090225484
20,2,2,150,PSO,1.3937599937696632
20,2,3,150,PSO,0.7185501995187451
20,2,4,150,PSO,1.1451305523933115
20,2,5,150,PSO,0.671163397909254
20,2,6,150,PSO,1.0705736689478726
20,2,7,150,PSO,1.0666720702596422
20,2,8,150,PSO,1.1848381622681927
20,2,9,150,PSO,1.4213691067099035
20,2,10,150,PSO,1.0668356304176996
20,2,11,150,PSO,1.1469308994793437
20,2,12,150,PSO,1.855776789558604
20,2,13,150,PSO,1.2634764427368737
20,2,14,150,PSO,1.2397906122632776
20,2,15,150,PSO,1.3842668618988228
20,2,16,150,PSO,1.5398680698922362
20,2,17,150,PSO,1.7371464922365476
20,2,18,150,PSO,1.1451784205156628
20,2,19,150,PSO,1.5399052528872517
20,3,0,150,PSO,0.6714660813192097
20,3,1,150,PSO,1.0660027231425033
20,3,2,150,PSO,0.9082838775852338
20,3,3,150,PSO,0.9405894232331491
20,3,4,150,PSO,1.5403073868373838
20,3,5,150,PSO,1.5003561620453638
20,3,6,150,PSO,1.3425251700704166
20,3,7,150,PSO,0.7108798347190941
20,3,8,150,PSO,1.5007483959209935
20,3,9,150,PSO,0.8244455191474742
20,3,10,150,PSO,0.9478221683259846
20,3,11,150,PSO,0.6761383790749278
20,3,12,150,PSO,1.263566415230855
20,3,13,150,PSO,1.1064269027621094
20,3,14,150,PSO,0.6718066800713132
20,3,15,150,PSO,1.3029566979420224
20,3,16,150,PSO,1.066034108563798
20,3,17,150,PSO,0.7125663303733916
20,3,18,150,PSO,1.3431331347486264
20,3,19,150,PSO,0.947654662809839
20,4,0,150,PSO,0.7107157746411872
20,4,1,150,PSO,1.7767017470863493
20,4,2,150,PSO,0.7107207346615496
20,4,3,150,PSO,1.7379280574953668
20,4,4,150,PSO,0.9488346230251636
20,4,5,150,PSO,1.4874827414562048
20,4,6,150,PSO,0.6719234243578853
20,4,7,150,PSO,1.1890049039920996
20,4,8,150,PSO,0.6712363146251619
20,4,9,150,PSO,1.1449707758608554
20,4,10,150,PSO,1.1450807976749218
20,4,11,150,PSO,0.8688799217210317
20,4,12,150,PSO,1.4213656995994768
20,4,13,150,PSO,0.9091540046370596
20,4,14,150,PSO,0.47545826348817855
20,4,15,150,PSO,0.4742397803487677
20,4,16,150,PSO,1.1055815616067832
20,4,17,150,PSO,1.9350892709821608
20,4,18,150,PSO,0.8688322840850162
20,4,19,150,PSO,1.9748511041676977
20,5,0,150,PSO,0.47414380507246534
20,5,1,150,PSO,0.9501015607474281
20,5,2,150,PSO,1.1450622140512356
20,5,3,150,PSO,1.2671414826607093
20,5,4,150,PSO,1.5400101887870434
20,5,5,150,PSO,1.184757310864847
20,5,6,150,PSO,1.0268667110732608
20,5,7,150,PSO,1.6188731099492673
20,5,8,150,PSO,1.5007362839068854
20,5,9,150,PSO,0.8291387196258126
20,5,10,150,PSO,1.3029077673619467
20,5,11,150,PSO,0.7109676049798468
20,5,12,150,PSO,1.144959219172354
20,5,13,150,PSO,1.1839938623842938
20,5,14,150,PSO,1.0659989689220044
20,5,15,150,PSO,0.947603429545457
20,5,16,150,PSO,1.2640776790061539
20,5,17,150,PSO,1.026575106901693
20,5,18,150,PSO,2.0135598325925548
20,5,19,150,PSO,1.1449733760412668
20,6,0,150,PSO,2.2110361214816585
20,6,1,150,PSO,1.1056348893587042
20,6,2,150,PSO,0.8302005561261048
20,6,3,150,PSO,1.144971026454158
20,6,4,150,PSO,1.4613181876971737
20,6,5,150,PSO,0.7107698096556767
20,6,6,150,PSO,1.1845904589275698
20,6,7,150,PSO,1.026919739408637
20,6,8,150,PSO,1.263464012046164
20,6,9,150,PSO,0.8686261842883276
20,6,10,150,PSO,0.24456062811641033
20,6,11,150,PSO,0.908102977632943
20,6,12,150,PSO,0.9080928308609053
20,6,13,150,PSO,1.7373516122792942
20,6,14,150,PSO,0.6716960081079755
20,6,15,150,PSO,0.9110958952811288
20,6,16,150,PSO,1.3819936963120973
20,6,17,150,PSO,0.711290895380273
20,6,18,150,PSO,0.9107109477639845
20,6,19,150,PSO,1.1058286286310555
20,7,0,150,PSO,1.5004975264811122
20,7,1,150,PSO,1.6192970311507793
20,7,2,150,PSO,0.007648320171895762
20,7,3,150,PSO,1.269712801409412
20,7,4,150,PSO,0.9479985162311237
20,7,5,150,PSO,1.4616966295998424
20,7,6,150,PSO,1.7784169637897378
20,7,7,150,PSO,1.2079600304720657
20,7,8,150,PSO,1.8556546756382346
20,7,9,150,PSO,1.5010380476061016
20,7,10,150,PSO,1.4675764386618368
20,7,11,150,PSO,1.816346083770867
20,7,12,150,PSO,0.43914154804126326
20,7,13,150,PSO,0.4740617915166183
20,7,14,150,PSO,1.2637392483961918
20,7,15,150,PSO,0.4752671293401818
20,7,16,150,PSO,0.5923331652502526
20,7,17,150,PSO,1.6187316182299014
20,7,18,150,PSO,0.7121454839855375
20,7,19,150,PSO,1.2599731794446853
21,1,0,150,PSO,1.2452625479973278
21,1,1,150,PSO,1.2452613515179465
21,1,2,150,PSO,1.2452583993799777
21,1,3,150,PSO,1.2452602307120912
21,1,4,150,PSO,1.2452717425121662
21,1,5,150,PSO,1.2452760670522736
21,1,6,150,PSO,1.2452626568507057
21,1,7,150,PSO,1.245257110083756
21,1,8,150,PSO,1.2452569852760007
21,1,9,150,PSO,3.169862017178936
21,1,10,150,PSO,1.9993853106827473
21,1,11,150,PSO,1.2452598118262586
21,1,12,150,PSO,1.2452588987029927
21,1,13,150,PSO,1.2452579518893927
21,1,14,150,PSO,1.2452565696479212
21,1,15,150,PSO,1.5639419751475643
21,1,16,150,PSO,1.2452704494763012
21,1,17,150,PSO,1.2452736648312026
21,1,18,150,PSO,1.2452604087159074
21,1,19,150,PSO,1.2452611375617977
21,2,0,150,PSO,1.803021517791702
21,2,1,150,PSO,2.778222839964216
21,2,2,150,PSO,1.563127262866679
21,2,3,150,PSO,3.169850216966628
21,2,4,150,PSO,7.011105706183486
21,2,5,150,PSO,3.16980773571347
21,2,6,150,PSO,3.7550162979016477e-10
21,2,7,150,PSO,1.1876804872912317e-08
21,2,8,150,PSO,1.803022214625093
21,2,9,150,PSO,1.8030214078125477
21,2,10,150,PSO,1.9118484573255046e-11
21,2,11,150,PSO,2.0436621713226293
21,2,12,150,PSO,0.9300075519000938
21,2,13,150,PSO,1.8740564655672642e-11
21,2,14,150,PSO,7.01110106329604
21,2,15,150,PSO,1.9377427517733494
21,2,16,150,PSO,1.4593259933803893e-10
21,2,17,150,PSO,7.011100478882849
21,2,18,150,PSO,1.9377460641821052
21,2,19,150,PSO,3.1698139002135215
21,3,0,150,PSO,1.2159262041677721e-08
21,3,1,150,PSO,2.255807353073237
21,3,2,150,PSO,1.9994040178604564
21,3,3,150,PSO,1.9377417041672516
21,3,4,150,PSO,2.255816242516005
21,3,5,150,PSO,1.5640264060946265
21,3,6,150,PSO,1.9997119245257409
21,3,7,150,PSO,4.161784280570032
21,3,8,150,PSO,0.6919338362705503
21,3,9,150,PSO,2.043663558137723
21,3,10,150,PSO,2.2465656002168544e-09
21,3,11,150,PSO,0.6919531389439157
21,3,12,150,PSO,12.193134872097517
21,3,13,150,PSO,4.162421075048485
21,3,14,150,PSO,1.7053025658242404e-13
21,3,15,150,PSO,2.043664237320627
21,3,16,150,PSO,8.12349540797868
21,3,17,150,PSO,7.860669311487811
21,3,18,150,PSO,0.6920162655603121
21,3,19,150,PSO,1.9377417682026703
21,4,0,150,PSO,3.169867445418191
21,4,1,150,PSO,2.7780312914913523
21,4,2,150,PSO,3.6378417680054476
21,4,3,150,PSO,1.2452631824955382
21,4,4,150,PSO,1.2452649410347156
21,4,5,150,PSO,5.262821418971896
21,4,6,150,PSO,8.307026178044907e-10
21,4,7,150,PSO,0.6918582265327515
21,4,8,150,PSO,5.26280740813959
21,4,9,150,PSO,5.262830505731969
21,4,10,150,PSO,1.2452804498661294
21,4,11,150,PSO,5.262817833126192
21,4,12,150,PSO,2.4735709277963345
21,4,13,150,PSO,1.2452603343495703
21,4,14,150,PSO,6.658708498741504
21,4,15,150,PSO,7.593570728851152
21,4,16,150,PSO,5.262816646659346
21,4,17,150,PSO,5.262810509386032
21,4,18,150,PSO,1.2452701188096604
21,4,19,150,PSO,1.2452588073803383
21,5,0,150,PSO,2.1186389079082346
21,5,1,150,PSO,3.1698405812869623
21,5,2,150,PSO,5.262844682610876
21,5,3,150,PSO,1.2452584278838685
21,5,4,150,PSO,2.0436616204071925
21,5,5,150,PSO,1.9997828196567298
21,5,6,150,PSO,1.2452620417074058
21,5,7,150,PSO,4.694061317422893e-08
21,5,8,150,PSO,1.1368683772161603e-13
21,5,9,150,PSO,1.2453078858530944
21,5,10,150,PSO,1.0913936421275139e-11
21,5,11,150,PSO,1.245264516318798
21,5,12,150,PSO,2.118636590066785
21,5,13,150,PSO,1.2453069671679486
21,5,14,150,PSO,1.8030685424623698
21,5,15,150,PSO,0.9319318657815074
21,5,16,150,PSO,1.2452737095130715
21,5,17,150,PSO,2.1186359079154045
21,5,18,150,PSO,2.1186360029504385
21,5,19,150,PSO,2.118635334896908
21,6,0,150,PSO,0.691917029461024
21,6,1,150,PSO,1.9419210941724714
21,6,2,150,PSO,3.6379113458897336
21,6,3,150,PSO,0.691877666884011
21,6,4,150,PSO,1.9503072449406318
21,6,5,150,PSO,1.9584190472510272
21,6,6,150,PSO,3.16980907656864
21,6,7,150,PSO,1.9384756357064816
21,6,8,150,PSO,3.1698135647717436
21,6,9,150,PSO,2.1230993733187233
21,6,10,150,PSO,3.1698147130985035
21,6,11,150,PSO,3.1698647640083664
21,6,12,150,PSO,1.9378531100976488
21,6,13,150,PSO,3.205968823749572e-11
21,6,14,150,PSO,1.9381249420646327
21,6,15,150,PSO,3.1698122685633052
21,6,16,150,PSO,6.637037586187944e-10
21,6,17,150,PSO,3.6447249053694577
21,6,18,150,PSO,9.930448871288718
21,6,19,150,PSO,3.169815250869874
21,7,0,150,PSO,1.937772175037395
21,7,1,150,PSO,5.781202896801361
21,7,2,150,PSO,3.0835423103781068e-09
21,7,3,150,PSO,1.8030301153229686
21,7,4,150,PSO,2.0436769135178707
21,7,5,150,PSO,3.6641267797676846e-10
21,7,6,150,PSO,2.043669105240852
21,7,7,150,PSO,1.8030241764995054
21,7,8,150,PSO,1.9377440416910616
21,7,9,150,PSO,2.043662614910943
21,7,10,150,PSO,2.0436689070605354
21,7,11,150,PSO,0.6919524147991893
21,7,12,150,PSO,5.781206380840686
21,7,13,150,PSO,1.9377415938902516
21,7,14,150,PSO,3.637847025310407
21,7,15,150,PSO,2.781842115928143
21,7,16,150,PSO,1.937742736653675
21,7,17,150,PSO,7.190692485892214e-12
21,7,18,150,PSO,1.9377509177739967
21,7,19,150,PSO,2.958699951705057e-11
22,1,0,150,PSO,0.6918944678345724
22,1,1,150,PSO,0.6918801685591234
22,1,2,150,PSO,18.288299887259086
22,1,3,150,PSO,5.067907919583263
22,1,4,150,PSO,4.380712141482945e-05
22,1,5,150,PSO,3.7464945989995613e-06
22,1,6,150,PSO,0.6918586916865479
22,1,7,150,PSO,2.590574865560484
22,1,8,150,PSO,0.00104271093243824
22,1,9,150,PSO,30.082368728936785
22,1,10,150,PSO,5.063494077123664
22,1,11,150,PSO,0.013685565749369744
22,1,12,150,PSO,0.6918668620353401
22,1,13,150,PSO,0.6919092082310954
22,1,14,150,PSO,30.08229416022084
22,1,15,150,PSO,0.002470594106284807
22,1,16,150,PSO,0.000166639460985607
22,1,17,150,PSO,5.0629823376826835
22,1,18,150,PSO,0.6918886903088151
22,1,19,150,PSO,18.288299967661487
22,2,0,150,PSO,1.9550000612227905
22,2,1,150,PSO,0.6918693759596408
22,2,2,150,PSO,7.276839950362614
22,2,3,150,PSO,0.6918753943640468
22,2,4,150,PSO,0.6919083382882718
22,2,5,150,PSO,0.011719913925730907
22,2,6,150,PSO,1.9550016792304632
22,2,7,150,PSO,1.9550016556488572
22,2,8,150,PSO,1.9549995649559833
22,2,9,150,PSO,2.594819342132496
22,2,10,150,PSO,1.955001552337194
22,2,11,150,PSO,2.592471317663808
22,2,12,150,PSO,0.6919835145706656
22,2,13,150,PSO,1.9549995797632391
22,2,14,150,PSO,0.6918906545662367
22,2,15,150,PSO,7.272075135583918
22,2,16,150,PSO,0.6918733335604657
22,2,17,150,PSO,1.9550012091066264
22,2,18,150,PSO,7.271807175360777
22,2,19,150,PSO,7.2717028227770015
22,3,0,150,PSO,1.9559797567930062
22,3,1,150,PSO,0.6918573970280519
22,3,2,150,PSO,11.125639975315899
22,3,3,150,PSO,11.12561935922335
22,3,4,150,PSO,0.002605394745017975
22,3,5,150,PSO,0.012798150426149846
22,3,6,150,PSO,1.955110264510921
22,3,7,150,PSO,0.014543386506929323
22,3,8,150,PSO,1.957349265104689
22,3,9,150,PSO,0.021834112530690675
22,3,10,150,PSO,6.7152504925616086e-06
22,3,11,150,PSO,0.00010231396377236024
22,3,12,150,PSO,0.0011457888247576875
22,3,13,150,PSO,1.9556368847978192
22,3,14,150,PSO,0.0009398467133152621
22,3,15,150,PSO,3.752791959499291e-05
22,3,16,150,PSO,0.028742734247792612
22,3,17,150,PSO,0.0012264302098046187
22,3,18,150,PSO,11.12562215791241
22,3,19,150,PSO,1.9594921224701665
22,4,0,150,PSO,7.27163935736877
22,4,1,150,PSO,7.271633785878635
22,4,2,150,PSO,7.271633550544323
22,4,3,150,PSO,7.27164910857374
22,4,4,150,PSO,2.5905589944626968
22,4,5,150,PSO,0.6918588533134766
22,4,6,150,PSO,2.590585283949565
22,4,7,150,PSO,2.5905574718000253
22,4,8,150,PSO,7.271632036381789
22,4,9,150,PSO,7.271631653388567
22,4,10,150,PSO,7.271632177340223
22,4,11,150,PSO,7.271644308803332
22,4,12,150,PSO,7.271630023621071
22,4,13,150,PSO,4.992706635675859e-06
22,4,14,150,PSO,7.271641877831314
22,4,15,150,PSO,8.853782343000091
22,4,16,150,PSO,7.271634855646084
22,4,17,150,PSO,7.271641857427369
22,4,18,150,PSO,7.271630173412632
22,4,19,150,PSO,7.271630035979172
22,5,0,150,PSO,8.742753597902812
22,5,1,150,PSO,0.6918583268771457
22,5,2,150,PSO,0.0037668621650155387
22,5,3,150,PSO,25.477060859752747
22,5,4,150,PSO,0.003273320510487565
22,5,5,150,PSO,0.6918869239046757
22,5,6,150,PSO,7.271636703621205
22,5,7,150,PSO,8.7427623577276
22,5,8,150,PSO,7.271631263921584
22,5,9,150,PSO,7.27164076097656
22,5,10,150,PSO,25.477222546274156
22,5,11,150,PSO,0.6918652016016296
22,5,12,150,PSO,0.6918587565509924
22,5,13,150,PSO,0.0009403856866327942
22,5,14,150,PSO,8.742762326099381
22,5,15,150,PSO,0.6918605082350027
22,5,16,150,PSO,0.6918775825437891
22,5,17,150,PSO,0.0011005829224117747
22,5,18,150,PSO,9.19190959223215e-05
22,5,19,150,PSO,0.6918653356800988
22,6,0,150,PSO,0.6918626162482582
22,6,1,150,PSO,0.6918572783254362
22,6,2,150,PSO,0.6918618172864939
22,6,3,150,PSO,3.993407150915118e-05
22,6,4,150,PSO,0.6918585847612704
22,6,5,150,PSO,0.6918606352764414
22,6,6,150,PSO,0.6918821715737238
22,6,7,150,PSO,0.6918572686523277
22,6,8,150,PSO,11.125649744097387
22,6,9,150,PSO,0.6918594148305033
22,6,10,150,PSO,0.6918572897131625
22,6,11,150,PSO,0.6918584338588047
22,6,12,150,PSO,0.6918580936432406
22,6,13,150,PSO,5.062794546759896
22,6,14,150,PSO,5.062745691457245
22,6,15,150,PSO,6.781062111826941e-07
22,6,16,150,PSO,2.590679933018947
22,6,17,150,PSO,5.062759334710293
22,6,18,150,PSO,5.0628114638191235
22,6,19,150,PSO,5.06276776970406
22,7,0,150,PSO,7.271782224824477
22,7,1,150,PSO,2.5906449205426725
22,7,2,150,PSO,5.081804173567718
22,7,3,150,PSO,0.001576783730229181
22,7,4,150,PSO,2.5905634046455646
22,7,5,150,PSO,2.5905810363116473
22,7,6,150,PSO,2.5905506587457694
22,7,7,150,PSO,7.271774338339327
22,7,8,150,PSO,7.271709541780581
22,7,9,150,PSO,0.00015354946307866157
22,7,10,150,PSO,8.742756863460357
22,7,11,150,PSO,2.59056145945263
22,7,12,150,PSO,2.5905943923225436
22,7,13,150,PSO,6.550160378537839e-06
22,7,14,150,PSO,8.742777103284311
22,7,15,150,PSO,7.2717280792674615
22,7,16,150,PSO,8.773989463861653e-07
22,7,17,150,PSO,7.2716531058264025
22,7,18,150,PSO,0.6933816329528781
22,7,19,150,PSO,0.041302377126612555
23,1,0,150,PSO,2.5271722378695225
23,1,1,150,PSO,1.9884185059070107
23,1,2,150,PSO,1.4596926649835558
23,1,3,150,PSO,0.22405306484989485
23,1,4,150,PSO,1.3573890694159223
23,1,5,150,PSO,1.341494224295091
23,1,6,150,PSO,2.1370621015634024
23,1,7,150,PSO,1.5764588090164713
23,1,8,150,PSO,0.8714135153813478
23,1,9,150,PSO,0.755177031388703
23,1,10,150,PSO,1.525321745006333
23,1,11,150,PSO,0.6349810437943963
23,1,12,150,PSO,1.1682648252303975
23,1,13,150,PSO,2.235215493482465
23,1,14,150,PSO,1.422888472453324
23,1,15,150,PSO,1.2349518110862396
23,1,16,150,PSO,1.4225884554917068
23,1,17,150,PSO,2.0442146947892263
23,1,18,150,PSO,1.2978726312549869
23,1,19,150,PSO,1.44304325829654
23,2,0,150,PSO,2.3605685066684408
23,2,1,150,PSO,1.4070046177107436
23,2,2,150,PSO,0.710101617317108
23,2,3,150,PSO,0.7046221346183572
23,2,4,150,PSO,1.165301818843311
23,2,5,150,PSO,2.321576287808277
23,2,6,150,PSO,3.082578647106968
23,2,7,150,PSO,2.1288484241134995
23,2,8,150,PSO,1.0786606185262186
23,2,9,150,PSO,2.2479887845825575
23,2,10,150,PSO,1.2864445656232988
23,2,11,150,PSO,2.132219452517768
23,2,12,150,PSO,0.9968829924412574
23,2,13,150,PSO,0.9621593238765733
23,2,14,150,PSO,1.8418495349938977
23,2,15,150,PSO,1.8262772735457056
23,2,16,150,PSO,2.1685574499567117
23,2,17,150,PSO,0.9643420622006827
23,2,18,150,PSO,0.5339758751995388
23,2,19,150,PSO,1.3626188686744223
23,3,0,150,PSO,1.4023754897139327
23,3,1,150,PSO,1.465935909914947
23,3,2,150,PSO,0.9232692871568133
23,3,3,150,PSO,0.9017653382252888
23,3,4,150,PSO,1.432848831187357
23,3,5,150,PSO,2.2286217650593017
23,3,6,150,PSO,2.54579829557818
23,3,7,150,PSO,1.2993259670836892
23,3,8,150,PSO,0.7955891337148557
23,3,9,150,PSO,0.3736473848194066
23,3,10,150,PSO,0.8171102692509749
23,3,11,150,PSO,0.46406047113680415
23,3,12,150,PSO,1.692684173048292
23,3,13,150,PSO,1.4306238302317524
23,3,14,150,PSO,1.5304319548038734
23,3,15,150,PSO,1.3046183855253446
23,3,16,150,PSO,0.7113374443853502
23,3,17,150,PSO,1.783510971932344
23,3,18,150,PSO,1.3307621072693507
23,3,19,150,PSO,1.2191780064155182
23,4,0,150,PSO,2.2182010273058665
23,4,1,150,PSO,1.2353186443915831
23,4,2,150,PSO,1.8481847230042945
23,4,3,150,PSO,1.9206602598841584
23,4,4,150,PSO,2.077292946919073
23,4,5,150,PSO,1.1992158184631307
23,4,6,150,PSO,3.041689608947479
23,4,7,150,PSO,2.352137971060614
23,4,8,150,PSO,1.6504971456512294
23,4,9,150,PSO,1.4590247120394224
23,4,10,150,PSO,1.1584061976344344
23,4,11,150,PSO,1.6513096993177214
23,4,12,150,PSO,2.2196432873838603
23,4,13,150,PSO,1.6949773868243767
23,4,14,150,PSO,1.85256726472835
23,4,15,150,PSO,2.109150791816802
23,4,16,150,PSO,0.7006304199260569
23,4,17,150,PSO,2.069021584474541
23,4,18,150,PSO,2.3639489863014944
23,4,19,150,PSO,1.2983867347945193
23,5,0,150,PSO,2.2819714159317144
23,5,1,150,PSO,1.4199557716079028
23,5,2,150,PSO,1.5113253718353619
23,5,3,150,PSO,1.6983206965246396
23,5,4,150,PSO,1.7962151953403946
23,5,5,150,PSO,0.6749783233443836
23,5,6,150,PSO,0.7947500157614584
23,5,7,150,PSO,1.4572480250227784
23,5,8,150,PSO,1.5759649126453397
23,5,9,150,PSO,1.0234964251856553
23,5,10,150,PSO,1.8352043261539137
23,5,11,150,PSO,2.5814880835117577
23,5,12,150,PSO,1.220926865434393
23,5,13,150,PSO,2.001100123098027
23,5,14,150,PSO,2.362832091249018
23,5,15,150,PSO,0.38487271616133256
23,5,16,150,PSO,2.309355865711268
23,5,17,150,PSO,1.23399161072998
23,5,18,150,PSO,1.9447251336427627
23,5,19,150,PSO,1.6586442843047209
23,6,0,150,PSO,1.5050164351605844
23,6,1,150,PSO,1.7312838302459994
23,6,2,150,PSO,1.685645499592681
23,6,3,150,PSO,1.7346805232196516
23,6,4,150,PSO,0.8940271084051545
23,6,5,150,PSO,1.654737190651204
23,6,6,150,PSO,1.8476544108391835
23,6,7,150,PSO,1.6478604205227754
23,6,8,150,PSO,0.9948387511523862
23,6,9,150,PSO,0.3262052988829254
23,6,10,150,PSO,1.4881417927114313
23,6,11,150,PSO,1.6302999271104852
23,6,12,150,PSO,0.9746003190006718
23,6,13,150,PSO,2.049805222483087
23,6,14,150,PSO,1.7647726079468953
23,6,15,150,PSO,1.6149038193683793
23,6,16,150,PSO,1.01728682425329
23,6,17,150,PSO,1.1950992607811912
23,6,18,150,PSO,0.5081618460489352
23,6,19,150,PSO,1.4597457470137272
23,7,0,150,PSO,1.9007685104384109
23,7,1,150,PSO,1.0201666882983318
23,7,2,150,PSO,1.0886499605065865
23,7,3,150,PSO,1.4345185762405208
23,7,4,150,PSO,1.8648118829555642
23,7,5,150,PSO,1.4329981465776882
23,7,6,150,PSO,1.7804879281620742
23,7,7,150,PSO,1.6047788154584168
23,7,8,150,PSO,1.256463724780133
23,7,9,150,PSO,1.1020887222176725
23,7,10,150,PSO,1.868425149992163
23,7,11,150,PSO,1.8696247060555606
23,7,12,150,PSO,1.1457761946569462
23,7,13,150,PSO,1.1401587417411747
23,7,14,150,PSO,0.7628728350132405
23,7,15,150,PSO,2.9421415741312558
23,7,16,150,PSO,0.3618161421510422
23,7,17,150,PSO,1.4070623983753876
23,7,18,150,PSO,2.000791196321984
23,7,19,150,PSO,1.671007913337121
24,1,0,150,PSO,12.872099145912799
24,1,1,150,PSO,8.832694041055007
24,1,2,150,PSO,3.3716984853006693
24,1,3,150,PSO,6.2699233194393
24,1,4,150,PSO,15.705328666327475
24,1,5,150,PSO,12.91759517780524
24,1,6,150,PSO,14.84651812561205
24,1,7,150,PSO,22.433593772627134
24,1,8,150,PSO,15.463562414178895
24,1,9,150,PSO,8.10242305787385
24,1,10,150,PSO,19.096145687265377
24,1,11,150,PSO,2.688742279469139
24,1,12,150,PSO,15.282924209235972
24,1,13,150,PSO,12.474108669678088
24,1,14,150,PSO,11.518066946754544
24,1,15,150,PSO,14.660134043456281
24,1,16,150,PSO,10.735285370001336
24,1,17,150,PSO,15.931059984655661
24,1,18,150,PSO,28.98826157216486
24,1,19,150,PSO,3.8714986174937707
24,2,0,150,PSO,24.827567385190264
24,2,1,150,PSO,23.68076451882547
24,2,2,150,PSO,15.88718004031243
24,2,3,150,PSO,16.38451039418389
24,2,4,150,PSO,3.9476232457652003
24,2,5,150,PSO,17.957335273315024
24,2,6,150,PSO,12.403485140324051
24,2,7,150,PSO,16.722793502483043
24,2,8,150,PSO,14.247047527583575
24,2,9,150,PSO,19.007305283155617
24,2,10,150,PSO,22.71901740976891
24,2,11,150,PSO,14.592198283700668
24,2,12,150,PSO,25.645829328909144
24,2,13,150,PSO,5.70495603741152
24,2,14,150,PSO,9.240644834413729
24,2,15,150,PSO,11.88133528211003
24,2,16,150,PSO,8.151268336954871
24,2,17,150,PSO,14.808088076198928
24,2,18,150,PSO,22.01144326098536
24,2,19,150,PSO,16.124365413093486
24,3,0,150,PSO,14.442528777438632
24,3,1,150,PSO,12.971573401123504
24,3,2,150,PSO,12.281401275342155
24,3,3,150,PSO,15.689788065535915
24,3,4,150,PSO,9.618797484778547
24,3,5,150,PSO,15.221401921521856
24,3,6,150,PSO,13.40351277217757
24,3,7,150,PSO,10.299275378430846
24,3,8,150,PSO,17.324768020805465
24,3,9,150,PSO,17.921550350459228
24,3,10,150,PSO,12.95600177686655
24,3,11,150,PSO,8.29591310130185
24,3,12,150,PSO,14.851350961464714
24,3,13,150,PSO,15.302626197076286
24,3,14,150,PSO,8.62486125055516
24,3,15,150,PSO,15.1374742702351
24,3,16,150,PSO,27.852121601695004
24,3,17,150,PSO,4.584978103565135
24,3,18,150,PSO,7.026363354012155
24,3,19,150,PSO,8.137255605583132
24,4,0,150,PSO,11.558750761851911
24,4,1,150,PSO,5.504175395162633
24,4,2,150,PSO,11.414506063811558
24,4,3,150,PSO,14.072301132728569
24,4,4,150,PSO,15.933304395748735
24,4,5,150,PSO,9.878712761017397
24,4,6,150,PSO,19.227145470580012
24,4,7,150,PSO,15.537613556073069
24,4,8,150,PSO,13.546650436254879
24,4,9,150,PSO,15.03820498410252
24,4,10,150,PSO,18.086411555168638
24,4,11,150,PSO,19.481159562676766
24,4,12,150,PSO,9.761866388228526
24,4,13,150,PSO,10.569304887890752
24,4,14,150,PSO,17.606516251900842
24,4,15,150,PSO,15.075519663508288
24,4,16,150,PSO,16.323783226031964
24,4,17,150,PSO,15.678123967115027
24,4,18,150,PSO,17.62347945944765
24,4,19,150,PSO,16.949110561210063
24,5,0,150,PSO,15.867474988081128
24,5,1,150,PSO,6.471011694131903
24,5,2,150,PSO,9.926586717422026
24,5,3,150,PSO,11.30966618566488
24,5,4,150,PSO,21.130879417693677
24,5,5,150,PSO,12.826493018107811
24,5,6,150,PSO,12.693004821544463
24,5,7,150,PSO,16.010022830633318
24,5,8,150,PSO,15.530644890013178
24,5,9,150,PSO,14.619460668989277
24,5,10,150,PSO,19.737598102125276
24,5,11,150,PSO,16.09624846665929
24,5,12,150,PSO,13.237468923622657
24,5,13,150,PSO,18.345179738653286
24,5,14,150,PSO,12.883666594725355
24,5,15,150,PSO,8.681681687830405
24,5,16,150,PSO,20.144227406947564
24,5,17,150,PSO,12.432704508118647
24,5,18,150,PSO,13.964986024231052
24,5,19,150,PSO,19.142877494426386
24,6,0,150,PSO,5.0110556254057315
24,6,1,150,PSO,17.970030149013184
24,6,2,150,PSO,4.5304623868402984
24,6,3,150,PSO,20.784432734875992
24,6,4,150,PSO,15.016686474484374
24,6,5,150,PSO,9.530870463099774
24,6,6,150,PSO,7.1309449673050835
24,6,7,150,PSO,19.189724678178578
24,6,8,150,PSO,9.25525028680309
24,6,9,150,PSO,11.531936419450858
24,6,10,150,PSO,12.014665847518785
24,6,11,150,PSO,14.57183726747138
24,6,12,150,PSO,5.498631604066844
24,6,13,150,PSO,16.373271597847122
24,6,14,150,PSO,16.66469087685249
24,6,15,150,PSO,10.63631184341861
24,6,16,150,PSO,10.514320849503918
24,6,17,150,PSO,7.334041509039366
24,6,18,150,PSO,9.94605969936012
24,6,19,150,PSO,6.4833907057801525
24,7,0,150,PSO,15.132890016014358
24,7,1,150,PSO,10.661734310985821
24,7,2,150,PSO,13.62159005230717
24,7,3,150,PSO,21.712321818976932
24,7,4,150,PSO,13.720640041641786
24,7,5,150,PSO,11.03230644805717
24,7,6,150,PSO,5.765436388337264
24,7,7,150,PSO,10.915559314935933
24,7,8,150,PSO,13.476430626059823
24,7,9,150,PSO,13.485901926191787
24,7,10,150,PSO,11.443654339404475
24,7,11,150,PSO,8.8549447868279
24,7,12,150,PSO,22.03522878474496
24,7,13,150,PSO,19.07803871080023
24,7,14,150,PSO,19.940336737295752
24,7,15,150,PSO,20.45944567843884
24,7,16,150,PSO,12.00253076526576
24,7,17,150,PSO,17.66941131335568
24,7,18,150,PSO,14.19424367204607
24,7,19,150,PSO,2.6107726978656274
