fid,iid,rep,a1_budget,algname,achieved_regret
1,1,0,950,PSO,4.263256414560601e-14
1,1,1,950,PSO,3.836930773104541e-13
1,1,2,950,PSO,0.0
1,1,3,950,PSO,0.0
1,1,4,950,PSO,2.4158453015843406e-13
1,1,5,950,PSO,4.263256414560601e-14
1,1,6,950,PSO,7.105427357601002e-14
1,1,7,950,PSO,1.8474111129762605e-13
1,1,8,950,PSO,0.0
1,1,9,950,PSO,5.542233338928781e-13
1,1,10,950,PSO,2.842170943040401e-14
1,1,11,950,PSO,1.4210854715202004e-14
1,1,12,950,PSO,4.263256414560601e-14
1,1,13,950,PSO,5.684341886080802e-14
1,1,14,950,PSO,3.552713678800501e-13
1,1,15,950,PSO,8.100187187665142e-13
1,1,16,950,PSO,7.105427357601002e-14
1,1,17,950,PSO,1.0800249583553523e-12
1,1,18,950,PSO,1.4210854715202004e-13
1,1,19,950,PSO,1.2931877790833823e-12
1,2,0,950,PSO,0.0
1,2,1,950,PSO,1.1368683772161603e-12
1,2,2,950,PSO,5.684341886080802e-14
1,2,3,950,PSO,0.0
1,2,4,950,PSO,1.8985701899509877e-11
1,2,5,950,PSO,1.1368683772161603e-13
1,2,6,950,PSO,5.684341886080802e-14
1,2,7,950,PSO,1.0231815394945443e-12
1,2,8,950,PSO,1.1368683772161603e-13
1,2,9,950,PSO,9.663381206337363e-13
1,2,10,950,PSO,2.8421709430404007e-13
1,2,11,950,PSO,4.547473508864641e-13
1,2,12,950,PSO,6.252776074688882e-13
1,2,13,950,PSO,7.389644451905042e-13
1,2,14,950,PSO,8.526512829121202e-13
1,2,15,950,PSO,2.2737367544323206e-13
1,2,16,950,PSO,1.7053025658242404e-13
1,2,17,950,PSO,8.526512829121202e-13
1,2,18,950,PSO,1.7053025658242404e-13
1,2,19,950,PSO,2.2737367544323206e-13
1,3,0,950,PSO,8.526512829121202e-14
1,3,1,950,PSO,1.7053025658242404e-13
1,3,2,950,PSO,0.0
1,3,3,950,PSO,0.0
1,3,4,950,PSO,3.694822225952521e-13
1,3,5,950,PSO,9.208633855450898e-12
1,3,6,950,PSO,5.684341886080802e-14
1,3,7,950,PSO,1.9895196601282805e-13
1,3,8,950,PSO,1.4210854715202004e-13
1,3,9,950,PSO,5.684341886080802e-14
1,3,10,950,PSO,2.842170943040401e-14
1,3,11,950,PSO,2.5579538487363607e-13
1,3,12,950,PSO,3.353761712787673e-12
1,3,13,950,PSO,3.410605131648481e-13
1,3,14,950,PSO,3.325340003357269e-12
1,3,15,950,PSO,1.1368683772161603e-13
1,3,16,950,PSO,1.9895196601282805e-13
1,3,17,950,PSO,3.097966327914037e-12
1,3,18,950,PSO,2.2168933355715126e-12
1,3,19,950,PSO,5.684341886080802e-14
1,4,0,950,PSO,0.0
1,4,1,950,PSO,0.0
1,4,2,950,PSO,0.0
1,4,3,950,PSO,5.684341886080802e-14
1,4,4,950,PSO,2.8421709430404007e-13
1,4,5,950,PSO,1.1937117960769683e-12
1,4,6,950,PSO,3.979039320256561e-13
1,4,7,950,PSO,5.684341886080802e-14
1,4,8,950,PSO,5.684341886080802e-14
1,4,9,950,PSO,8.526512829121202e-14
1,4,10,950,PSO,0.0
1,4,11,950,PSO,9.86233317235019e-12
1,4,12,950,PSO,3.126388037344441e-13
1,4,13,950,PSO,2.842170943040401e-14
1,4,14,950,PSO,5.400124791776761e-13
1,4,15,950,PSO,0.0
1,4,16,950,PSO,5.684341886080802e-14
1,4,17,950,PSO,2.842170943040401e-14
1,4,18,950,PSO,9.379164112033322e-13
1,4,19,950,PSO,8.526512829121202e-14
1,5,0,950,PSO,4.973799150320701e-14
1,5,1,950,PSO,7.382539024547441e-12
1,5,2,950,PSO,3.197442310920451e-14
1,5,3,950,PSO,9.023892744153272e-13
1,5,4,950,PSO,1.7408297026122455e-13
1,5,5,950,PSO,1.2789769243681803e-13
1,5,6,950,PSO,6.785683126508957e-13
1,5,7,950,PSO,2.6290081223123707e-13
1,5,8,950,PSO,8.171241461241152e-14
1,5,9,950,PSO,5.790923296444817e-13
1,5,10,950,PSO,7.105427357601002e-15
1,5,11,950,PSO,2.2026824808563106e-13
1,5,12,950,PSO,1.5987211554602254e-13
1,5,13,950,PSO,2.842170943040401e-14
1,5,14,950,PSO,6.252776074688882e-13
1,5,15,950,PSO,1.9539925233402755e-13
1,5,16,950,PSO,7.105427357601002e-15
1,5,17,950,PSO,6.110667527536862e-13
1,5,18,950,PSO,5.3290705182007514e-14
1,5,19,950,PSO,1.0658141036401503e-14
1,6,0,950,PSO,2.842170943040401e-14
1,6,1,950,PSO,1.1368683772161603e-13
1,6,2,950,PSO,1.7053025658242404e-13
1,6,3,950,PSO,2.2737367544323206e-13
1,6,4,950,PSO,5.684341886080802e-14
1,6,5,950,PSO,5.115907697472721e-13
1,6,6,950,PSO,1.1368683772161603e-13
1,6,7,950,PSO,2.2737367544323206e-13
1,6,8,950,PSO,1.1368683772161603e-13
1,6,9,950,PSO,0.0
1,6,10,950,PSO,2.842170943040401e-14
1,6,11,950,PSO,5.684341886080802e-14
1,6,12,950,PSO,3.410605131648481e-13
1,6,13,950,PSO,7.958078640513122e-13
1,6,14,950,PSO,5.684341886080802e-14
1,6,15,950,PSO,1.9895196601282805e-13
1,6,16,950,PSO,8.526512829121202e-14
1,6,17,950,PSO,2.842170943040401e-14
1,6,18,950,PSO,2.842170943040401e-14
1,6,19,950,PSO,8.526512829121202e-14
1,7,0,950,PSO,0.0
1,7,1,950,PSO,0.0
1,7,2,950,PSO,1.1368683772161603e-13
1,7,3,950,PSO,0.0
1,7,4,950,PSO,1.1368683772161603e-13
1,7,5,950,PSO,5.684341886080801e-13
1,7,6,950,PSO,1.1368683772161603e-13
1,7,7,950,PSO,0.0
1,7,8,950,PSO,0.0
1,7,9,950,PSO,5.684341886080801e-13
1,7,10,950,PSO,0.0
1,7,11,950,PSO,7.958078640513122e-13
1,7,12,950,PSO,5.684341886080801e-13
1,7,13,950,PSO,2.2737367544323206e-13
1,7,14,950,PSO,2.2737367544323206e-13
1,7,15,950,PSO,3.979039320256561e-12
1,7,16,950,PSO,2.2737367544323206e-13
1,7,17,950,PSO,0.0
1,7,18,950,PSO,1.1368683772161603e-13
1,7,19,950,PSO,1.2391865311656147e-11
2,1,0,950,PSO,8.261784183685108
2,1,1,950,PSO,0.007277418097970667
2,1,2,950,PSO,0.5109427243298796
2,1,3,950,PSO,0.8996190180926646
2,1,4,950,PSO,2.1475971385418404
2,1,5,950,PSO,6.096859404034319
2,1,6,950,PSO,0.03319533354920168
2,1,7,950,PSO,4.786682466715661
2,1,8,950,PSO,0.10375423537334427
2,1,9,950,PSO,0.5014180506898072
2,1,10,950,PSO,0.009249350027374703
2,1,11,950,PSO,0.3406330669932913
2,1,12,950,PSO,3.4336525940214244
2,1,13,950,PSO,0.6761767356388759
2,1,14,950,PSO,14.23662749566725
2,1,15,950,PSO,3.3503041590869884
2,1,16,950,PSO,10.457534435868496
2,1,17,950,PSO,2.3518959674753432
2,1,18,950,PSO,4.402213269076185
2,1,19,950,PSO,17.488866563366713
2,2,0,950,PSO,0.8176604310423272
2,2,1,950,PSO,0.014849090268469922
2,2,2,950,PSO,2.703283814282983
2,2,3,950,PSO,19.845940725912513
2,2,4,950,PSO,0.4427684011725148
2,2,5,950,PSO,7.768938181550453
2,2,6,950,PSO,1.1776754100473283
2,2,7,950,PSO,0.07897527931744719
2,2,8,950,PSO,0.17030300927714848
2,2,9,950,PSO,20.475569622193944
2,2,10,950,PSO,0.0025325482663305365
2,2,11,950,PSO,8.535143303906736
2,2,12,950,PSO,0.0023169370775661946
2,2,13,950,PSO,0.2208034850752938
2,2,14,950,PSO,0.5418897381720598
2,2,15,950,PSO,0.20945067531954464
2,2,16,950,PSO,3.6612582320572074e-05
2,2,17,950,PSO,5.181936465115186
2,2,18,950,PSO,0.14571873001985125
2,2,19,950,PSO,1.6981932460365528
2,3,0,950,PSO,4.149310658807551
2,3,1,950,PSO,11.318569756583528
2,3,2,950,PSO,0.15382684907585542
2,3,3,950,PSO,3.569530514710877
2,3,4,950,PSO,11.816911306311553
2,3,5,950,PSO,5.372379633448801
2,3,6,950,PSO,4.776887263423774
2,3,7,950,PSO,1.563206626213443
2,3,8,950,PSO,16.730943619297904
2,3,9,950,PSO,8.548639407789267
2,3,10,950,PSO,0.15155254350838732
2,3,11,950,PSO,0.047401900592504376
2,3,12,950,PSO,2.223214654424268
2,3,13,950,PSO,0.12022852443814713
2,3,14,950,PSO,1.012697380197352
2,3,15,950,PSO,4.614019252671923
2,3,16,950,PSO,9.010648799769285
2,3,17,950,PSO,3.6546081255924747
2,3,18,950,PSO,0.41866641541481897
2,3,19,950,PSO,2.986530157653746
2,4,0,950,PSO,6.456121641590357
2,4,1,950,PSO,0.5065692298001068
2,4,2,950,PSO,0.5125253188986107
2,4,3,950,PSO,0.04450086520358809
2,4,4,950,PSO,0.3011825722123831
2,4,5,950,PSO,9.247946266072574
2,4,6,950,PSO,31.32867674706705
2,4,7,950,PSO,0.00520143738066281
2,4,8,950,PSO,2.082842050879833
2,4,9,950,PSO,5.638851052667121
2,4,10,950,PSO,0.9528641265854958
2,4,11,950,PSO,1.9763298954616744
2,4,12,950,PSO,0.04050104265053278
2,4,13,950,PSO,2.366233382985854
2,4,14,950,PSO,19.17190487476438
2,4,15,950,PSO,0.4857789605493963
2,4,16,950,PSO,0.08278158372689859
2,4,17,950,PSO,2.1176946179642755
2,4,18,950,PSO,1.9487091330250337
2,4,19,950,PSO,4.1263258367607705
2,5,0,950,PSO,1.788621650168139
2,5,1,950,PSO,14.86662700152803
2,5,2,950,PSO,24.26210477506862
2,5,3,950,PSO,0.07183904773999927
2,5,4,950,PSO,2.593547230820647
2,5,5,950,PSO,0.34211017268469845
2,5,6,950,PSO,0.22314766605168757
2,5,7,950,PSO,2.2003808290082105
2,5,8,950,PSO,12.041413391315174
2,5,9,950,PSO,0.2501721156834975
2,5,10,950,PSO,2.1454909779948252
2,5,11,950,PSO,0.19636481001991513
2,5,12,950,PSO,0.003942557964379034
2,5,13,950,PSO,2.0619594134225565
2,5,14,950,PSO,0.5491740219198675
2,5,15,950,PSO,0.8215819464198404
2,5,16,950,PSO,2.0544073271420586
2,5,17,950,PSO,0.8374428536511829
2,5,18,950,PSO,2.0033504353836236
2,5,19,950,PSO,0.33182785636994083
2,6,0,950,PSO,3.9700945186606056
2,6,1,950,PSO,2.817298424360935
2,6,2,950,PSO,4.400172653791817
2,6,3,950,PSO,1.985693004271397
2,6,4,950,PSO,1.1777676931194279
2,6,5,950,PSO,10.02373066963776
2,6,6,950,PSO,46.07004342843602
2,6,7,950,PSO,8.072219706133254
2,6,8,950,PSO,1.1245230771744588
2,6,9,950,PSO,8.27967073411611
2,6,10,950,PSO,3.830788848191901
2,6,11,950,PSO,3.62932393037169
2,6,12,950,PSO,2.4360035041132804
2,6,13,950,PSO,1.8492040124434936
2,6,14,950,PSO,11.283091631015168
2,6,15,950,PSO,1.6326092887301087
2,6,16,950,PSO,2.1919002866309185
2,6,17,950,PSO,8.164300527470342
2,6,18,950,PSO,0.18192324298193796
2,6,19,950,PSO,0.17230756858436536
2,7,0,950,PSO,0.49605459381860584
2,7,1,950,PSO,12.506531942110673
2,7,2,950,PSO,9.935200269223863
2,7,3,950,PSO,0.060937327385488516
2,7,4,950,PSO,4.060168406856516
2,7,5,950,PSO,11.043580261928238
2,7,6,950,PSO,2.1157887899705337
2,7,7,950,PSO,9.666654851174822
2,7,8,950,PSO,0.2533795924694999
2,7,9,950,PSO,7.990722427662934
2,7,10,950,PSO,7.491612582013353
2,7,11,950,PSO,1.242619498475328
2,7,12,950,PSO,6.561695152479224
2,7,13,950,PSO,2.3240681141971926
2,7,14,950,PSO,2.057810637912233
2,7,15,950,PSO,0.19866686764051877
2,7,16,950,PSO,0.2626875807968041
2,7,17,950,PSO,37.84263863319096
2,7,18,950,PSO,0.051670812047714065
2,7,19,950,PSO,1.1918468528399764
3,1,0,950,PSO,7.959667485270359
3,1,1,950,PSO,11.939478412783956
3,1,2,950,PSO,10.944539552550907
3,1,3,950,PSO,14.924350546311302
3,1,4,950,PSO,2.9848771772636837
3,1,5,950,PSO,3.97983623321187
3,1,6,950,PSO,6.964708434509475
3,1,7,950,PSO,10.944539554606592
3,1,8,950,PSO,2.984877175288716
3,1,9,950,PSO,14.588007878753501
3,1,10,950,PSO,2.9848771784581913
3,1,11,950,PSO,5.969749307626728
3,1,12,950,PSO,4.97479536590572
3,1,13,950,PSO,12.934452647752721
3,1,14,950,PSO,9.949603745662273
3,1,15,950,PSO,8.954601241764692
3,1,16,950,PSO,1.989919239902349
3,1,17,950,PSO,11.939478498732342
3,1,18,950,PSO,8.954624351722202
3,1,19,950,PSO,5.969749451231792
3,2,0,950,PSO,9.94958101891487
3,2,1,950,PSO,1.9899181154334826
3,2,2,950,PSO,16.91426367436921
3,2,3,950,PSO,6.964708363572939
3,2,4,950,PSO,5.969749404400133
3,2,5,950,PSO,15.919311393986916
3,2,6,950,PSO,5.969749305773874
3,2,7,950,PSO,6.964709775259635
3,2,8,950,PSO,17.909161906909745
3,2,9,950,PSO,2.9848784394405783
3,2,10,950,PSO,5.969749306671545
3,2,11,950,PSO,3.979836293458675
3,2,12,950,PSO,1.989918223696165
3,2,13,950,PSO,10.944519357818209
3,2,14,950,PSO,14.9244064211953
3,2,15,950,PSO,6.964728091482982
3,2,16,950,PSO,6.964708403540769
3,2,17,950,PSO,5.969750287194799
3,2,18,950,PSO,4.9747902589328845
3,2,19,950,PSO,1.9899204636454186
3,3,0,950,PSO,2.9849639704322186
3,3,1,950,PSO,6.9647101718367
3,3,2,950,PSO,0.9949590576700018
3,3,3,950,PSO,3.979831195013091
3,3,4,950,PSO,15.919319837775134
3,3,5,950,PSO,6.964708364962647
3,3,6,950,PSO,6.964708527380523
3,3,7,950,PSO,2.9848795154352104
3,3,8,950,PSO,8.954601258155463
3,3,9,950,PSO,5.969749307151787
3,3,10,950,PSO,5.969749483640541
3,3,11,950,PSO,2.984877173274242
3,3,12,950,PSO,6.964709903949341
3,3,13,950,PSO,3.9798312417842396
3,3,14,950,PSO,4.974790271432795
3,3,15,950,PSO,6.964711879009144
3,3,16,950,PSO,5.969749407149521
3,3,17,950,PSO,2.984877980966587
3,3,18,950,PSO,2.9848774276325116
3,3,19,950,PSO,3.9798362608108846
3,4,0,950,PSO,10.944539584637276
3,4,1,950,PSO,3.9798363105542864
3,4,2,950,PSO,2.9848774395922577
3,4,3,950,PSO,9.99126074298606
3,4,4,950,PSO,4.974790283870755
3,4,5,950,PSO,2.9848771769045293
3,4,6,950,PSO,2.9849316792738545
3,4,7,950,PSO,3.9798349322580346
3,4,8,950,PSO,10.380490496004441
3,4,9,950,PSO,5.96974931650807
3,4,10,950,PSO,17.909222679937827
3,4,11,950,PSO,1.9899182460811782
3,4,12,950,PSO,14.924399885628276
3,4,13,950,PSO,5.9697493068013445
3,4,14,950,PSO,5.969757654564734
3,4,15,950,PSO,9.94958050438153
3,4,16,950,PSO,4.974957172164085
3,4,17,950,PSO,10.944539565453647
3,4,18,950,PSO,1.9899181144004923
3,4,19,950,PSO,13.9293914904164
3,5,0,950,PSO,5.969749313727192
3,5,1,950,PSO,2.984877171387808
3,5,2,950,PSO,5.969749489727576
3,5,3,950,PSO,2.9848771715495275
3,5,4,950,PSO,2.9848771725167467
3,5,5,950,PSO,2.984877182646386
3,5,6,950,PSO,5.969749326153988
3,5,7,950,PSO,9.94958057111566
3,5,8,950,PSO,5.9697493974090605
3,5,9,950,PSO,1.9899350255544732
3,5,10,950,PSO,2.984877204769248
3,5,11,950,PSO,6.964708724522865
3,5,12,950,PSO,5.969750810597645
3,5,13,950,PSO,6.964729326075201
3,5,14,950,PSO,6.964712910429853
3,5,15,950,PSO,2.98489972659425
3,5,16,950,PSO,18.90416154410559
3,5,17,950,PSO,14.924351535738936
3,5,18,950,PSO,5.969751219464769
3,5,19,950,PSO,1.9902227010666138
3,6,0,950,PSO,2.9848781000082454
3,6,1,950,PSO,8.954621440268511
3,6,2,950,PSO,10.944519357735999
3,6,3,950,PSO,5.969749375904712
3,6,4,950,PSO,11.939479189458893
3,6,5,950,PSO,15.919318424471612
3,6,6,950,PSO,8.954622062799444
3,6,7,950,PSO,12.934437581628572
3,6,8,950,PSO,3.9798362357565793
3,6,9,950,PSO,6.964708362097895
3,6,10,950,PSO,12.934452686063878
3,6,11,950,PSO,12.934437473779667
3,6,12,950,PSO,5.969763039929489
3,6,13,950,PSO,9.949580503899938
3,6,14,950,PSO,3.9811322262283966
3,6,15,950,PSO,9.949584375667428
3,6,16,950,PSO,5.9697493945594715
3,6,17,950,PSO,7.855993439573922
3,6,18,950,PSO,25.868824301829363
3,6,19,950,PSO,5.969749308430096
3,7,0,950,PSO,1.9899181146295604
3,7,1,950,PSO,4.9747905637473195
3,7,2,950,PSO,0.9949590714455709
3,7,3,950,PSO,4.974795780418326
3,7,4,950,PSO,6.964708362362089
3,7,5,950,PSO,4.974795379131461
3,7,6,950,PSO,7.959662396911
3,7,7,950,PSO,7.959662408804569
3,7,8,950,PSO,12.93445375560707
3,7,9,950,PSO,8.954621439123695
3,7,10,950,PSO,6.96470836184233
3,7,11,950,PSO,2.9848774590900646
3,7,12,950,PSO,12.934453896633155
3,7,13,950,PSO,5.969749325403956
3,7,14,950,PSO,2.9849173973783607
3,7,15,950,PSO,1.9899181299821436
3,7,16,950,PSO,14.92435055145421
3,7,17,950,PSO,5.9697493129829695
3,7,18,950,PSO,7.959676254071191
3,7,19,950,PSO,6.964709362501861
4,1,0,950,PSO,15.919309772330564
4,1,1,950,PSO,9.949580679943097
4,1,2,950,PSO,31.83859397417183
4,1,3,950,PSO,5.969749305930748
4,1,4,950,PSO,9.949580505069434
4,1,5,950,PSO,4.974806973931948
4,1,6,950,PSO,15.919309606697084
4,1,7,950,PSO,13.929412092026325
4,1,8,950,PSO,10.94453970330261
4,1,9,950,PSO,15.919324762250824
4,1,10,950,PSO,2.984877226306253
4,1,11,950,PSO,18.904181737244812
4,1,12,950,PSO,9.949580522362737
4,1,13,950,PSO,15.73982469837
4,1,14,950,PSO,8.68820568038933
4,1,15,950,PSO,22.884211118265682
4,1,16,950,PSO,15.919309790083958
4,1,17,950,PSO,7.959667423421308
4,1,18,950,PSO,24.87386524682057
4,1,19,950,PSO,10.944521450426919
4,2,0,950,PSO,15.919475958694179
4,2,1,950,PSO,9.949580508928818
4,2,2,950,PSO,12.934432439821947
4,2,3,950,PSO,2.984894342646669
4,2,4,950,PSO,7.959667551690359
4,2,5,950,PSO,13.929411701633057
4,2,6,950,PSO,9.949580881997974
4,2,7,950,PSO,5.969749509290594
4,2,8,950,PSO,29.848635287690826
4,2,9,950,PSO,17.90923120220181
4,2,10,950,PSO,16.9142838201374
4,2,11,950,PSO,6.9647083666362875
4,2,12,950,PSO,10.944539795356633
4,2,13,950,PSO,49.74738346036702
4,2,14,950,PSO,6.964713051685095
4,2,15,950,PSO,21.888993717749884
4,2,16,950,PSO,8.40919777772362
4,2,17,950,PSO,19.899121178845178
4,2,18,950,PSO,1.9899368749657498
4,2,19,950,PSO,17.909222681194322
4,3,0,950,PSO,42.78288485038519
4,3,1,950,PSO,6.9647083618601044
4,3,2,950,PSO,10.944539552676304
4,3,3,950,PSO,12.934452908107005
4,3,4,950,PSO,33.82834439484503
4,3,5,950,PSO,10.944662324408654
4,3,6,950,PSO,13.929411701206334
4,3,7,950,PSO,17.90922605960415
4,3,8,950,PSO,1.1615232395456587e-05
4,3,9,950,PSO,16.914283819312317
4,3,10,950,PSO,28.85369642481416
4,3,11,950,PSO,18.904121058997646
4,3,12,950,PSO,17.909222896939923
4,3,13,950,PSO,14.924350547845933
4,3,14,950,PSO,18.904181772575953
4,3,15,950,PSO,7.959667426631555
4,3,16,950,PSO,21.88905396069103
4,3,17,950,PSO,7.959670912702549
4,3,18,950,PSO,19.89918434718578
4,3,19,950,PSO,8.954623533054217
4,4,0,950,PSO,6.9647086779395355
4,4,1,950,PSO,1.989918784315611
4,4,2,950,PSO,5.969808374991713
4,4,3,950,PSO,20.862309705695097
4,4,4,950,PSO,10.944521602389694
4,4,5,950,PSO,24.87392612725738
4,4,6,950,PSO,12.934437513299642
4,4,7,950,PSO,9.94958055244237
4,4,8,950,PSO,17.909381605577444
4,4,9,950,PSO,9.94956048565894
4,4,10,950,PSO,21.888993992298175
4,4,11,950,PSO,10.944539556300079
4,4,12,950,PSO,6.964708713786205
4,4,13,950,PSO,25.868804144343684
4,4,14,950,PSO,7.959667766674301
4,4,15,950,PSO,7.959667443118239
4,4,16,950,PSO,2.0953503242353886
4,4,17,950,PSO,6.9654906745964125
4,4,18,950,PSO,33.82840570243496
4,4,19,950,PSO,14.924352256374206
4,5,0,950,PSO,6.964708402548553
4,5,1,950,PSO,9.949580512740823
4,5,2,950,PSO,6.964708372754984
4,5,3,950,PSO,13.929413624153625
4,5,4,950,PSO,14.924350546342964
4,5,5,950,PSO,9.949580911447839
4,5,6,950,PSO,9.94958049578264
4,5,7,950,PSO,9.949581153320082
4,5,8,950,PSO,9.949580813719876
4,5,9,950,PSO,2.984877178672889
4,5,10,950,PSO,16.914283864791827
4,5,11,950,PSO,8.954621832485088
4,5,12,950,PSO,4.975086229535037
4,5,13,950,PSO,5.969773993276988
4,5,14,950,PSO,6.96470845760831
4,5,15,950,PSO,7.959667426838109
4,5,16,950,PSO,10.944539580649007
4,5,17,950,PSO,7.959667421482294
4,5,18,950,PSO,5.969749485492201
4,5,19,950,PSO,7.959667582654902
4,6,0,950,PSO,31.838431297449688
4,6,1,950,PSO,22.883992894930543
4,6,2,950,PSO,2.984877210462969
4,6,3,950,PSO,7.9596674272653445
4,6,4,950,PSO,9.949588025975345
4,6,5,950,PSO,17.9091633794784
4,6,6,950,PSO,7.95966759443138
4,6,7,950,PSO,9.949570137156002
4,6,8,950,PSO,0.9949649955747191
4,6,9,950,PSO,17.909273294510967
4,6,10,950,PSO,12.934452631169506
4,6,11,950,PSO,9.949580840584076
4,6,12,950,PSO,10.944544958424217
4,6,13,950,PSO,12.934455047822212
4,6,14,950,PSO,11.86428349932703
4,6,15,950,PSO,22.883952154749295
4,6,16,950,PSO,5.969749337307007
4,6,17,950,PSO,4.974794102433748
4,6,18,950,PSO,15.919309684806649
4,6,19,950,PSO,20.894079757071268
4,7,0,950,PSO,9.94958049533085
4,7,1,950,PSO,6.964710924488813
4,7,2,950,PSO,5.969749364213278
4,7,3,950,PSO,14.924350627435302
4,7,4,950,PSO,4.974795387328619
4,7,5,950,PSO,9.949584970939036
4,7,6,950,PSO,12.934452632164266
4,7,7,950,PSO,9.949757008587227
4,7,8,950,PSO,7.9596674206304066
4,7,9,950,PSO,5.969755474507362
4,7,10,950,PSO,0.9951150855210642
4,7,11,950,PSO,5.268564313684088
4,7,12,950,PSO,10.94454004696869
4,7,13,950,PSO,1.989921804535058
4,7,14,950,PSO,28.85369660757147
4,7,15,950,PSO,7.9596674707414365
4,7,16,950,PSO,6.9647085224920495
4,7,17,950,PSO,15.919309781762372
4,7,18,950,PSO,1.9899522210474743
4,7,19,950,PSO,13.929411781906069
5,1,0,950,PSO,0.0
5,1,1,950,PSO,0.0
5,1,2,950,PSO,0.0
5,1,3,950,PSO,0.0
5,1,4,950,PSO,0.0
5,1,5,950,PSO,0.0
5,1,6,950,PSO,0.0
5,1,7,950,PSO,0.0
5,1,8,950,PSO,0.0
5,1,9,950,PSO,0.0
5,1,10,950,PSO,0.0
5,1,11,950,PSO,0.0
5,1,12,950,PSO,0.0
5,1,13,950,PSO,0.0
5,1,14,950,PSO,0.0
5,1,15,950,PSO,0.0
5,1,16,950,PSO,0.0
5,1,17,950,PSO,0.0
5,1,18,950,PSO,0.0
5,1,19,950,PSO,0.0
5,2,0,950,PSO,0.0
5,2,1,950,PSO,0.0
5,2,2,950,PSO,0.0
5,2,3,950,PSO,0.0
5,2,4,950,PSO,0.0
5,2,5,950,PSO,0.0
5,2,6,950,PSO,0.0
5,2,7,950,PSO,0.0
5,2,8,950,PSO,0.0
5,2,9,950,PSO,0.0
5,2,10,950,PSO,0.0
5,2,11,950,PSO,0.0
5,2,12,950,PSO,0.09018169527860209
5,2,13,950,PSO,0.0
5,2,14,950,PSO,0.0
5,2,15,950,PSO,0.0
5,2,16,950,PSO,0.0
5,2,17,950,PSO,0.0
5,2,18,950,PSO,0.0
5,2,19,950,PSO,0.0
5,3,0,950,PSO,0.0
5,3,1,950,PSO,0.0
5,3,2,950,PSO,0.0
5,3,3,950,PSO,0.0
5,3,4,950,PSO,0.0
5,3,5,950,PSO,0.0
5,3,6,950,PSO,0.0
5,3,7,950,PSO,0.0
5,3,8,950,PSO,0.0
5,3,9,950,PSO,0.0
5,3,10,950,PSO,0.0
5,3,11,950,PSO,0.0
5,3,12,950,PSO,0.0
5,3,13,950,PSO,0.0
5,3,14,950,PSO,0.0
5,3,15,950,PSO,0.0
5,3,16,950,PSO,0.0
5,3,17,950,PSO,0.0
5,3,18,950,PSO,0.0
5,3,19,950,PSO,0.0
5,4,0,950,PSO,0.0
5,4,1,950,PSO,0.0
5,4,2,950,PSO,0.0
5,4,3,950,PSO,0.0
5,4,4,950,PSO,0.0
5,4,5,950,PSO,0.0
5,4,6,950,PSO,0.0
5,4,7,950,PSO,0.0
5,4,8,950,PSO,0.0
5,4,9,950,PSO,0.0
5,4,10,950,PSO,0.0
5,4,11,950,PSO,0.0
5,4,12,950,PSO,0.0
5,4,13,950,PSO,0.0
5,4,14,950,PSO,0.0
5,4,15,950,PSO,0.0
5,4,16,950,PSO,0.0
5,4,17,950,PSO,0.0
5,4,18,950,PSO,0.0029717795704300443
5,4,19,950,PSO,0.0
5,5,0,950,PSO,0.0
5,5,1,950,PSO,0.0
5,5,2,950,PSO,0.0
5,5,3,950,PSO,0.0
5,5,4,950,PSO,0.0
5,5,5,950,PSO,0.0
5,5,6,950,PSO,0.0
5,5,7,950,PSO,0.42620393072094487
5,5,8,950,PSO,0.0
5,5,9,950,PSO,0.0
5,5,10,950,PSO,0.0
5,5,11,950,PSO,0.0
5,5,12,950,PSO,1.000246104191092
5,5,13,950,PSO,0.0
5,5,14,950,PSO,0.0
5,5,15,950,PSO,0.0
5,5,16,950,PSO,0.0
5,5,17,950,PSO,0.0
5,5,18,950,PSO,0.010928991392866294
5,5,19,950,PSO,0.0
5,6,0,950,PSO,0.0
5,6,1,950,PSO,0.0
5,6,2,950,PSO,0.17811294811070866
5,6,3,950,PSO,0.0
5,6,4,950,PSO,0.0
5,6,5,950,PSO,0.0
5,6,6,950,PSO,0.0
5,6,7,950,PSO,0.0
5,6,8,950,PSO,0.0
5,6,9,950,PSO,0.0
5,6,10,950,PSO,17.34536263698442
5,6,11,950,PSO,0.0
5,6,12,950,PSO,0.0
5,6,13,950,PSO,0.0
5,6,14,950,PSO,0.0
5,6,15,950,PSO,5.466645752192278
5,6,16,950,PSO,0.0
5,6,17,950,PSO,0.0
5,6,18,950,PSO,0.0
5,6,19,950,PSO,0.0
5,7,0,950,PSO,0.0
5,7,1,950,PSO,0.0
5,7,2,950,PSO,0.0
5,7,3,950,PSO,0.0
5,7,4,950,PSO,0.0
5,7,5,950,PSO,0.0
5,7,6,950,PSO,0.0
5,7,7,950,PSO,0.0
5,7,8,950,PSO,0.0
5,7,9,950,PSO,0.0
5,7,10,950,PSO,0.0
5,7,11,950,PSO,0.0
5,7,12,950,PSO,0.0
5,7,13,950,PSO,0.0
5,7,14,950,PSO,0.0
5,7,15,950,PSO,0.0
5,7,16,950,PSO,0.0
5,7,17,950,PSO,0.0
5,7,18,950,PSO,0.0029717795704158334
5,7,19,950,PSO,0.0
6,1,0,950,PSO,0.0002967788518262182
6,1,1,950,PSO,0.0018242205275740275
6,1,2,950,PSO,0.000902484768509737
6,1,3,950,PSO,0.024549034750080523
6,1,4,950,PSO,0.00030288203718953355
6,1,5,950,PSO,0.00015910269694785484
6,1,6,950,PSO,0.0002618504529010579
6,1,7,950,PSO,0.0014761605733397687
6,1,8,950,PSO,8.325051227586755e-05
6,1,9,950,PSO,7.12087854424226e-05
6,1,10,950,PSO,0.0001363940264340613
6,1,11,950,PSO,1.4195486627954779e-05
6,1,12,950,PSO,2.607497077633525e-05
6,1,13,950,PSO,4.8864713846796803e-05
6,1,14,950,PSO,0.00027201606946647416
6,1,15,950,PSO,0.0005379331025423539
6,1,16,950,PSO,0.0004989136105919556
6,1,17,950,PSO,2.6572073217323577e-05
6,1,18,950,PSO,3.342509477022304e-05
6,1,19,950,PSO,0.0002525930454098102
6,2,0,950,PSO,9.543161763048147e-06
6,2,1,950,PSO,5.3490361185737356e-05
6,2,2,950,PSO,3.603282619835113e-05
6,2,3,950,PSO,9.304027192413855e-05
6,2,4,950,PSO,7.332960712247427e-05
6,2,5,950,PSO,0.0007685011822218257
6,2,6,950,PSO,3.385347978124287e-05
6,2,7,950,PSO,1.6913341411850524e-05
6,2,8,950,PSO,8.054843846139192e-06
6,2,9,950,PSO,1.649758939592516e-05
6,2,10,950,PSO,1.720890707801459e-05
6,2,11,950,PSO,5.0654356460455574e-05
6,2,12,950,PSO,0.00024829134189374713
6,2,13,950,PSO,2.6460106720804788e-05
6,2,14,950,PSO,0.00011124360147363177
6,2,15,950,PSO,0.00022728030066687666
6,2,16,950,PSO,3.159111164663386e-05
6,2,17,950,PSO,0.00016337815889500007
6,2,18,950,PSO,8.067623280894054e-05
6,2,19,950,PSO,6.023792779430437e-05
6,3,0,950,PSO,2.3500553197663976e-05
6,3,1,950,PSO,8.810834719952254e-05
6,3,2,950,PSO,0.000495376290018612
6,3,3,950,PSO,7.298844332126464e-05
6,3,4,950,PSO,0.004737135709888207
6,3,5,950,PSO,0.0030292867802472756
6,3,6,950,PSO,7.213707021946902e-06
6,3,7,950,PSO,0.00014680947879242012
6,3,8,950,PSO,0.00011576001099911082
6,3,9,950,PSO,5.208344975926593e-05
6,3,10,950,PSO,0.0011894777654788413
6,3,11,950,PSO,1.936367368671199e-05
6,3,12,950,PSO,0.0004048201919886196
6,3,13,950,PSO,4.959536124715669e-05
6,3,14,950,PSO,0.00164338527451946
6,3,15,950,PSO,0.00016899347644994123
6,3,16,950,PSO,2.982005833018775e-05
6,3,17,950,PSO,7.598929073537875e-05
6,3,18,950,PSO,0.00015344054736488033
6,3,19,950,PSO,0.00014766362937734812
6,4,0,950,PSO,8.685821512699476e-06
6,4,1,950,PSO,1.210033099141583e-05
6,4,2,950,PSO,1.4508420633774222e-05
6,4,3,950,PSO,2.963658826615756e-05
6,4,4,950,PSO,0.001639710028200625
6,4,5,950,PSO,0.0002654441651088746
6,4,6,950,PSO,2.9738191358319455e-05
6,4,7,950,PSO,5.127588923414805e-05
6,4,8,950,PSO,8.363033725800051e-05
6,4,9,950,PSO,1.4853068051934315e-05
6,4,10,950,PSO,0.0014134638872462801
6,4,11,950,PSO,1.605197536491687e-05
6,4,12,950,PSO,4.2413834052013044e-05
6,4,13,950,PSO,0.0006739875821324404
6,4,14,950,PSO,0.0005045578162423681
6,4,15,950,PSO,1.600196966933254e-05
6,4,16,950,PSO,4.946299867469861e-05
6,4,17,950,PSO,1.5663385909192584e-05
6,4,18,950,PSO,0.0005225717175960654
6,4,19,950,PSO,0.0004082183143907514
6,5,0,950,PSO,6.830349889241916e-06
6,5,1,950,PSO,5.491981028171722e-05
6,5,2,950,PSO,5.610766572772263e-05
6,5,3,950,PSO,2.9052518925709592e-05
6,5,4,950,PSO,3.541185526501067e-05
6,5,5,950,PSO,9.573830595854815e-05
6,5,6,950,PSO,7.353305409196764e-05
6,5,7,950,PSO,0.0002717713218771678
6,5,8,950,PSO,1.9695578657774604e-05
6,5,9,950,PSO,7.544513960056065e-05
6,5,10,950,PSO,0.0013648840742916946
6,5,11,950,PSO,0.00016079559247828001
6,5,12,950,PSO,0.00011736632109204947
6,5,13,950,PSO,0.00032820323690430087
6,5,14,950,PSO,5.000665839816065e-05
6,5,15,950,PSO,0.004689149401428949
6,5,16,950,PSO,6.412877655748161e-05
6,5,17,950,PSO,0.00017624267627525114
6,5,18,950,PSO,8.362146672880044e-05
6,5,19,950,PSO,5.7260281323578965e-05
6,6,0,950,PSO,0.00023334306963818108
6,6,1,950,PSO,3.54780978959468e-05
6,6,2,950,PSO,6.116698069291715e-05
6,6,3,950,PSO,0.0035895678898860695
6,6,4,950,PSO,4.3481061592132164e-05
6,6,5,950,PSO,7.368960796938495e-05
6,6,6,950,PSO,3.235530622802685e-05
6,6,7,950,PSO,0.0009270933478120469
6,6,8,950,PSO,6.46679907525538e-05
6,6,9,950,PSO,1.582478811457122e-05
6,6,10,950,PSO,3.86523043687248e-05
6,6,11,950,PSO,0.0002665077725048093
6,6,12,950,PSO,1.9100642578706584e-05
6,6,13,950,PSO,0.0007618855967272964
6,6,14,950,PSO,5.605692975052534e-05
6,6,15,950,PSO,1.7194847739432362e-05
6,6,16,950,PSO,0.0008459773404183579
6,6,17,950,PSO,1.526545097974008e-05
6,6,18,950,PSO,0.0008149806243551438
6,6,19,950,PSO,6.537438542864038e-05
6,7,0,950,PSO,0.0001508522276765234
6,7,1,950,PSO,0.00016602484885197555
6,7,2,950,PSO,0.0004117290899614545
6,7,3,950,PSO,0.0015415399229539162
6,7,4,950,PSO,7.715405843100598e-05
6,7,5,950,PSO,0.0009956916510418523
6,7,6,950,PSO,3.3463577153725055e-06
6,7,7,950,PSO,0.0011680952099482056
6,7,8,950,PSO,1.7269040597511776e-06
6,7,9,950,PSO,0.00029005295471051795
6,7,10,950,PSO,5.810407205331103e-05
6,7,11,950,PSO,0.0007380118310038597
6,7,12,950,PSO,0.00015142524571842841
6,7,13,950,PSO,4.017720243609801e-06
6,7,14,950,PSO,0.002621958807566216
6,7,15,950,PSO,0.003148474405406887
6,7,16,950,PSO,1.215888639194418e-05
6,7,17,950,PSO,0.0007271743575927303
6,7,18,950,PSO,0.00042584543834323085
6,7,19,950,PSO,0.005617509115808161
7,1,0,950,PSO,1.8336524315755156
7,1,1,950,PSO,2.502280361979018
7,1,2,950,PSO,1.8336524315755156
7,1,3,950,PSO,3.768881571133633
7,1,4,950,PSO,0.6255700904947616
7,1,5,950,PSO,4.232243476002637
7,1,6,950,PSO,0.04983416302732735
7,1,7,950,PSO,0.45841310789387535
7,1,8,950,PSO,4.4314744927960135
7,1,9,950,PSO,4.232243476002637
7,1,10,950,PSO,1.8336524315755156
7,1,11,950,PSO,1.8336524315755156
7,1,12,950,PSO,2.0580292852763478
7,1,13,950,PSO,1.8336524315755156
7,1,14,950,PSO,1.8336524315755156
7,1,15,950,PSO,0.6255700904947616
7,1,16,950,PSO,4.4314744927960135
7,1,17,950,PSO,3.768881571133633
7,1,18,950,PSO,0.45841310789387535
7,1,19,950,PSO,0.45841310789387535
7,2,0,950,PSO,0.6615932944754874
7,2,1,950,PSO,1.5823328832889985
7,2,2,950,PSO,0.0
7,2,3,950,PSO,0.13055305030514575
7,2,4,950,PSO,0.13307772902189896
7,2,5,950,PSO,0.13055305030514575
7,2,6,950,PSO,0.13055305030514575
7,2,7,950,PSO,1.7127905287608556
7,2,8,950,PSO,0.13055305030514575
7,2,9,950,PSO,0.13292652678810413
7,2,10,950,PSO,0.13055305030514575
7,2,11,950,PSO,0.6278054266430075
7,2,12,950,PSO,0.013740979477375959
7,2,13,950,PSO,1.0705922625907078
7,2,14,950,PSO,2.314107936134654
7,2,15,950,PSO,0.13055305030514575
7,2,16,950,PSO,0.6615932944754874
7,2,17,950,PSO,0.6676308699409574
7,2,18,950,PSO,0.17837562413008357
7,2,19,950,PSO,0.13307772902189896
7,3,0,950,PSO,4.730752796173057
7,3,1,950,PSO,1.5369941008509476
7,3,2,950,PSO,1.0565065434936476
7,3,3,950,PSO,3.2831818709776575
7,3,4,950,PSO,0.30358405773066766
7,3,5,950,PSO,0.017233716886749573
7,3,6,950,PSO,2.9204859436567303
7,3,7,950,PSO,0.0361140075594788
7,3,8,950,PSO,0.3799317070480295
7,3,9,950,PSO,0.14817036585321208
7,3,10,950,PSO,3.960725400619394
7,3,11,950,PSO,1.5369941008509476
7,3,12,950,PSO,0.3799317070480295
7,3,13,950,PSO,0.3799317070480295
7,3,14,950,PSO,0.0
7,3,15,950,PSO,1.4633868991053913
7,3,16,950,PSO,1.5369941008509476
7,3,17,950,PSO,1.5369941008509476
7,3,18,950,PSO,0.30780210887950643
7,3,19,950,PSO,0.3799317070480295
7,4,0,950,PSO,0.22242897875438672
7,4,1,950,PSO,0.21064647402203818
7,4,2,950,PSO,1.4574763492436347
7,4,3,950,PSO,0.0914016643976403
7,4,4,950,PSO,0.21064647402203818
7,4,5,950,PSO,0.013098666751265142
7,4,6,950,PSO,1.1240831637619948
7,4,7,950,PSO,0.21064647402203818
7,4,8,950,PSO,0.21064647402203818
7,4,9,950,PSO,1.1240831637619948
7,4,10,950,PSO,0.21064647402203818
7,4,11,950,PSO,0.0
7,4,12,950,PSO,0.0
7,4,13,950,PSO,2.0433778148014383
7,4,14,950,PSO,0.0
7,4,15,950,PSO,0.8144617350228671
7,4,16,950,PSO,0.21064647402203818
7,4,17,950,PSO,0.21064647402203818
7,4,18,950,PSO,0.0
7,4,19,950,PSO,0.0
7,5,0,950,PSO,1.4351819078542434
7,5,1,950,PSO,2.48970054652132
7,5,2,950,PSO,0.3529944993923664
7,5,3,950,PSO,1.402457314669519
7,5,4,950,PSO,0.3529944993923664
7,5,5,950,PSO,1.3894441487489786
7,5,6,950,PSO,1.8552904637485312
7,5,7,950,PSO,0.3529944993923664
7,5,8,950,PSO,0.013058713462214655
7,5,9,950,PSO,2.48970054652132
7,5,10,950,PSO,1.352304391964239
7,5,11,950,PSO,1.3894441487489786
7,5,12,950,PSO,0.03578509081614811
7,5,13,950,PSO,0.07348700158304666
7,5,14,950,PSO,2.151162526385903
7,5,15,950,PSO,0.6866539124897173
7,5,16,950,PSO,2.48970054652132
7,5,17,950,PSO,0.46700948851052715
7,5,18,950,PSO,1.281425559593302
7,5,19,950,PSO,0.3573640827806628
7,6,0,950,PSO,1.2420774217398574
7,6,1,950,PSO,0.2939150573490821
7,6,2,950,PSO,0.7177221998805976
7,6,3,950,PSO,0.7177221998805976
7,6,4,950,PSO,2.427432731477829
7,6,5,950,PSO,6.068396562010221
7,6,6,950,PSO,2.427432731477829
7,6,7,950,PSO,0.2939150573490821
7,6,8,950,PSO,1.1590390710504934
7,6,9,950,PSO,1.1590390710504934
7,6,10,950,PSO,1.2059766384624098
7,6,11,950,PSO,1.1590390710504934
7,6,12,950,PSO,0.7177221998805976
7,6,13,950,PSO,0.7177221998805976
7,6,14,950,PSO,3.0787739489258357
7,6,15,950,PSO,0.0
7,6,16,950,PSO,1.1590390710504934
7,6,17,950,PSO,0.0
7,6,18,950,PSO,0.0
7,6,19,950,PSO,2.427432731477829
7,7,0,950,PSO,0.5869992168150304
7,7,1,950,PSO,0.0
7,7,2,950,PSO,1.20643904632648
7,7,3,950,PSO,2.2028386068280525
7,7,4,950,PSO,0.3581856119789961
7,7,5,950,PSO,0.13978165126293618
7,7,6,950,PSO,0.8380987671540083
7,7,7,950,PSO,2.2274871834238184
7,7,8,950,PSO,0.0
7,7,9,950,PSO,0.0
7,7,10,950,PSO,0.3397025213018594
7,7,11,950,PSO,0.8838325628242387
7,7,12,950,PSO,1.20643904632648
7,7,13,950,PSO,0.13978165126293618
7,7,14,950,PSO,0.6498299610419025
7,7,15,950,PSO,0.5815025555566109
7,7,16,950,PSO,1.0017397985461258
7,7,17,950,PSO,0.041244207052017146
7,7,18,950,PSO,0.5811295366153928
7,7,19,950,PSO,1.20643904632648
8,1,0,950,PSO,0.7305283619282932
8,1,1,950,PSO,0.6791963328072654
8,1,2,950,PSO,0.08912964853197991
8,1,3,950,PSO,1.2811260242852995
8,1,4,950,PSO,0.0710098056965478
8,1,5,950,PSO,0.041925939004045176
8,1,6,950,PSO,0.00012021688948493647
8,1,7,950,PSO,0.2337921484092078
8,1,8,950,PSO,3.930885519643624
8,1,9,950,PSO,0.856581846997841
8,1,10,950,PSO,1.6128121666190793
8,1,11,950,PSO,1.5717234596440903
8,1,12,950,PSO,4.305087019772941
8,1,13,950,PSO,0.49183785076303366
8,1,14,950,PSO,0.5822146797293897
8,1,15,950,PSO,4.007663537525019
8,1,16,950,PSO,4.1761667449667925
8,1,17,950,PSO,0.17143235793670897
8,1,18,950,PSO,0.18009046000128137
8,1,19,950,PSO,0.019957308284688224
8,2,0,950,PSO,0.04889778645122078
8,2,1,950,PSO,0.35409398971250994
8,2,2,950,PSO,0.2838181664021704
8,2,3,950,PSO,1.3754798744765822
8,2,4,950,PSO,0.048976875777270834
8,2,5,950,PSO,0.003805832590614955
8,2,6,950,PSO,0.2745934512298618
8,2,7,950,PSO,0.3638567109987889
8,2,8,950,PSO,0.5214594587779402
8,2,9,950,PSO,0.6602790113414585
8,2,10,950,PSO,4.173442465166318
8,2,11,950,PSO,4.9408178346515115
8,2,12,950,PSO,2.1965875111397963
8,2,13,950,PSO,4.0352235523562285
8,2,14,950,PSO,3.8752355656869213
8,2,15,950,PSO,0.4057575575353667
8,2,16,950,PSO,0.5787142356782624
8,2,17,950,PSO,3.9331090870485923
8,2,18,950,PSO,4.5407730536007875
8,2,19,950,PSO,0.4209190033369623
8,3,0,950,PSO,0.055417885007514656
8,3,1,950,PSO,1.3974378461009422
8,3,2,950,PSO,1.7270131832243152
8,3,3,950,PSO,0.21176969047618854
8,3,4,950,PSO,0.34165831238360056
8,3,5,950,PSO,0.018367361057116227
8,3,6,950,PSO,0.8301088828940095
8,3,7,950,PSO,0.08203714846477794
8,3,8,950,PSO,2.462361216464245
8,3,9,950,PSO,0.200959240351807
8,3,10,950,PSO,0.011704552218972708
8,3,11,950,PSO,0.05588318106813972
8,3,12,950,PSO,0.30442747081457355
8,3,13,950,PSO,0.4332149966789558
8,3,14,950,PSO,0.37964433722669355
8,3,15,950,PSO,0.3981684860155923
8,3,16,950,PSO,0.14278469225109802
8,3,17,950,PSO,0.26031891380928585
8,3,18,950,PSO,0.3605161921541793
8,3,19,950,PSO,0.13588290541653691
8,4,0,950,PSO,4.04143548544284
8,4,1,950,PSO,0.3409237591332044
8,4,2,950,PSO,4.002247180617644
8,4,3,950,PSO,0.6902471860364585
8,4,4,950,PSO,0.008723449467744615
8,4,5,950,PSO,0.4930051752813185
8,4,6,950,PSO,4.03995610573719
8,4,7,950,PSO,0.19052438815439388
8,4,8,950,PSO,0.005816322131600771
8,4,9,950,PSO,2.4036897058919138
8,4,10,950,PSO,4.532198378197904
8,4,11,950,PSO,0.4856557505300927
8,4,12,950,PSO,4.323345597949718
8,4,13,950,PSO,0.9156756172694003
8,4,14,950,PSO,0.7114877661033105
8,4,15,950,PSO,0.5981455968472815
8,4,16,950,PSO,0.19540108053197258
8,4,17,950,PSO,0.6145265965619942
8,4,18,950,PSO,0.0002609376529107976
8,4,19,950,PSO,0.6507348462485751
8,5,0,950,PSO,3.9309776381887644
8,5,1,950,PSO,0.06045568602298346
8,5,2,950,PSO,0.7823081471861357
8,5,3,950,PSO,0.47005807766284846
8,5,4,950,PSO,1.2919878626238273
8,5,5,950,PSO,0.0800097372137003
8,5,6,950,PSO,1.7137486884389546
8,5,7,950,PSO,0.05319794095578345
8,5,8,950,PSO,0.6470237200898907
8,5,9,950,PSO,0.06354400969411955
8,5,10,950,PSO,1.9073881380862048
8,5,11,950,PSO,0.4906322417546747
8,5,12,950,PSO,2.034096041592605
8,5,13,950,PSO,3.9308619760991945
8,5,14,950,PSO,1.1094360719894567
8,5,15,950,PSO,0.40105512145417066
8,5,16,950,PSO,0.03608331737022752
8,5,17,950,PSO,0.22764553921959418
8,5,18,950,PSO,0.06296109033785058
8,5,19,950,PSO,0.7589702561474354
8,6,0,950,PSO,0.8858105918652086
8,6,1,950,PSO,0.04766336939167104
8,6,2,950,PSO,0.15836093409188834
8,6,3,950,PSO,0.5125350360742118
8,6,4,950,PSO,0.35691752945945154
8,6,5,950,PSO,0.5567110195507894
8,6,6,950,PSO,1.1333260480133163
8,6,7,950,PSO,0.1050470759153086
8,6,8,950,PSO,0.05926801886863586
8,6,9,950,PSO,0.2309386246653844
8,6,10,950,PSO,0.31339732451181135
8,6,11,950,PSO,1.0798397941471194
8,6,12,950,PSO,0.018938415552952392
8,6,13,950,PSO,0.18323206133823078
8,6,14,950,PSO,0.6607535166710363
8,6,15,950,PSO,1.4578675404663954e-06
8,6,16,950,PSO,3.5399882934215725
8,6,17,950,PSO,0.2311929558076713
8,6,18,950,PSO,0.1491922378151571
8,6,19,950,PSO,0.21676411147569752
8,7,0,950,PSO,0.22799204381399818
8,7,1,950,PSO,0.3654535904159957
8,7,2,950,PSO,0.762053759495501
8,7,3,950,PSO,0.3546038177332491
8,7,4,950,PSO,0.2062261994421135
8,7,5,950,PSO,0.04116755420190543
8,7,6,950,PSO,0.44155104905908615
8,7,7,950,PSO,0.04366474514668539
8,7,8,950,PSO,1.1725717773432507
8,7,9,950,PSO,0.24169702313477615
8,7,10,950,PSO,1.2803088504661844
8,7,11,950,PSO,0.4780734328962808
8,7,12,950,PSO,0.5361464572624755
8,7,13,950,PSO,1.1604886742406677
8,7,14,950,PSO,0.03826912033503049
8,7,15,950,PSO,0.2547703112347506
8,7,16,950,PSO,0.1108771149496306
8,7,17,950,PSO,0.5221619210067558
8,7,18,950,PSO,0.07823195992051524
8,7,19,950,PSO,0.6636779116030311
9,1,0,950,PSO,0.7085465792863488
9,1,1,950,PSO,0.0941697552603955
9,1,2,950,PSO,0.444877924068237
9,1,3,950,PSO,0.019804455357430584
9,1,4,950,PSO,2.0079766713071194
9,1,5,950,PSO,2.9051393856788934
9,1,6,950,PSO,0.008279512255896293
9,1,7,950,PSO,0.7590081230905952
9,1,8,950,PSO,0.22267537204362498
9,1,9,950,PSO,0.10945774362782856
9,1,10,950,PSO,0.0002897252673363937
9,1,11,950,PSO,0.3941705692952411
9,1,12,950,PSO,0.1196443944252934
9,1,13,950,PSO,0.6505768307366395
9,1,14,950,PSO,3.931971568867155
9,1,15,950,PSO,0.7120854517690418
9,1,16,950,PSO,1.1483310918453355
9,1,17,950,PSO,4.321468428857472
9,1,18,950,PSO,1.8310517741017804
9,1,19,950,PSO,0.02652181170435597
9,2,0,950,PSO,0.7229346706068824
9,2,1,950,PSO,0.00023137274121864948
9,2,2,950,PSO,0.08172323406837023
9,2,3,950,PSO,0.10634770346172218
9,2,4,950,PSO,0.35297194921059827
9,2,5,950,PSO,3.931884594404629
9,2,6,950,PSO,0.9107093082004312
9,2,7,950,PSO,0.13010136022637653
9,2,8,950,PSO,5.089939776325991e-07
9,2,9,950,PSO,0.0975346438662541
9,2,10,950,PSO,0.044829497529221385
9,2,11,950,PSO,4.16262522721469
9,2,12,950,PSO,1.9965766954461728
9,2,13,950,PSO,1.2647731856105722
9,2,14,950,PSO,0.5491379320274206
9,2,15,950,PSO,0.07735850521056165
9,2,16,950,PSO,0.09611899567732252
9,2,17,950,PSO,4.313167913494453e-06
9,2,18,950,PSO,1.8417067160965672
9,2,19,950,PSO,0.23829627662633612
9,3,0,950,PSO,2.6279614106168765
9,3,1,950,PSO,0.056039450628802
9,3,2,950,PSO,3.7027014277454953
9,3,3,950,PSO,0.08703985581733775
9,3,4,950,PSO,0.13270820273150719
9,3,5,950,PSO,0.3829430227240138
9,3,6,950,PSO,0.12583888156660095
9,3,7,950,PSO,0.014333250718863155
9,3,8,950,PSO,0.3386814072050086
9,3,9,950,PSO,0.27065451454695477
9,3,10,950,PSO,0.2498164471915345
9,3,11,950,PSO,0.00642611036559515
9,3,12,950,PSO,0.12943725099061254
9,3,13,950,PSO,0.11925247317450527
9,3,14,950,PSO,1.892126506507168
9,3,15,950,PSO,0.5971625391390916
9,3,16,950,PSO,3.93088496580188
9,3,17,950,PSO,0.35697331403211763
9,3,18,950,PSO,0.08227152627833334
9,3,19,950,PSO,0.03756155649955417
9,4,0,950,PSO,0.3752501899121654
9,4,1,950,PSO,3.930839470599821
9,4,2,950,PSO,3.9308457329389626
9,4,3,950,PSO,0.030479424871302285
9,4,4,950,PSO,0.1778531038367106
9,4,5,950,PSO,0.35892886395430423
9,4,6,950,PSO,0.5582215190172519
9,4,7,950,PSO,0.8753913417015156
9,4,8,950,PSO,0.15383352669543626
9,4,9,950,PSO,0.10927096771401068
9,4,10,950,PSO,0.000702177819505323
9,4,11,950,PSO,1.388230009890151
9,4,12,950,PSO,1.0166435323852028
9,4,13,950,PSO,2.2170695492633428
9,4,14,950,PSO,0.4333039519650015
9,4,15,950,PSO,0.3471976641106238
9,4,16,950,PSO,1.615469453712194
9,4,17,950,PSO,0.06456997920098217
9,4,18,950,PSO,0.05866783093358663
9,4,19,950,PSO,1.5421593357361587
9,5,0,950,PSO,0.036271819268520744
9,5,1,950,PSO,0.42130454393867467
9,5,2,950,PSO,5.665288682621394e-07
9,5,3,950,PSO,0.47049020482167236
9,5,4,950,PSO,0.7789952399852922
9,5,5,950,PSO,5.994799565200992e-06
9,5,6,950,PSO,0.7819556769023137
9,5,7,950,PSO,0.002361400622831411
9,5,8,950,PSO,2.2044698854820837
9,5,9,950,PSO,1.751999509733352
9,5,10,950,PSO,0.062799469433088
9,5,11,950,PSO,0.023815122538479727
9,5,12,950,PSO,0.7810802168533826
9,5,13,950,PSO,0.6078812604354766
9,5,14,950,PSO,0.6426355768217178
9,5,15,950,PSO,0.6098206408913995
9,5,16,950,PSO,0.05977865890679368
9,5,17,950,PSO,1.5091749823481564
9,5,18,950,PSO,0.2721787651856573
9,5,19,950,PSO,0.8245182564785125
9,6,0,950,PSO,0.3157080480292507
9,6,1,950,PSO,0.8974002972915969
9,6,2,950,PSO,0.0001020870129764262
9,6,3,950,PSO,0.1821815340308035
9,6,4,950,PSO,0.09539818959711965
9,6,5,950,PSO,0.5866281286484991
9,6,6,950,PSO,1.2976871907390546
9,6,7,950,PSO,0.4703782209119254
9,6,8,950,PSO,0.45239161609947587
9,6,9,950,PSO,1.5810682713238293
9,6,10,950,PSO,0.43114202263569723
9,6,11,950,PSO,0.06690293175239503
9,6,12,950,PSO,3.93293072196235
9,6,13,950,PSO,1.154305918544594
9,6,14,950,PSO,3.930839536886822
9,6,15,950,PSO,0.0006787046608565106
9,6,16,950,PSO,0.9211754186539451
9,6,17,950,PSO,0.12246822929387235
9,6,18,950,PSO,0.7101799095113961
9,6,19,950,PSO,0.043364959107634604
9,7,0,950,PSO,0.9885172146893595
9,7,1,950,PSO,0.33769328085042716
9,7,2,950,PSO,0.5571517393802559
9,7,3,950,PSO,0.2628831024621334
9,7,4,950,PSO,0.0017481182686154284
9,7,5,950,PSO,0.019796848782842602
9,7,6,950,PSO,3.953818393477132
9,7,7,950,PSO,0.029435081688308884
9,7,8,950,PSO,1.3442220080796936
9,7,9,950,PSO,3.9308673905567417
9,7,10,950,PSO,0.008235373700209436
9,7,11,950,PSO,0.08605653805458857
9,7,12,950,PSO,1.7469423441174854
9,7,13,950,PSO,0.11905203112559803
9,7,14,950,PSO,0.3707961250280505
9,7,15,950,PSO,0.42288268166961274
9,7,16,950,PSO,0.11074509091321616
9,7,17,950,PSO,0.06904058536615665
9,7,18,950,PSO,0.03111733225425084
9,7,19,950,PSO,0.32067463024973364
10,1,0,950,PSO,2.1168000578883692
10,1,1,950,PSO,2.0326916019803534
10,1,2,950,PSO,13.389411838437653
10,1,3,950,PSO,0.4367869754400715
10,1,4,950,PSO,0.003309245997563437
10,1,5,950,PSO,2.163223433174643
10,1,6,950,PSO,0.729261042958349
10,1,7,950,PSO,34.865370315230855
10,1,8,950,PSO,4.512611949736701
10,1,9,950,PSO,0.30500048355631293
10,1,10,950,PSO,2.86866895169382
10,1,11,950,PSO,3.1499038790089955
10,1,12,950,PSO,2.178568586481667
10,1,13,950,PSO,0.0013372804456750487
10,1,14,950,PSO,1.2043344528237512
10,1,15,950,PSO,0.49239493770656395
10,1,16,950,PSO,0.00507411372526434
10,1,17,950,PSO,0.5468405777387702
10,1,18,950,PSO,2.125082717928109
10,1,19,950,PSO,3.977714282569117
10,2,0,950,PSO,0.1348181338010761
10,2,1,950,PSO,3.7180419900718533
10,2,2,950,PSO,1.1381393500672772
10,2,3,950,PSO,71.54320474929534
10,2,4,950,PSO,0.1519066370289437
10,2,5,950,PSO,2.051452412440959
10,2,6,950,PSO,3.623085766020772
10,2,7,950,PSO,1.2018408739175612
10,2,8,950,PSO,0.4358665161248183
10,2,9,950,PSO,24.806002480946795
10,2,10,950,PSO,16.364622777972293
10,2,11,950,PSO,22.876029396694456
10,2,12,950,PSO,18.065226955409976
10,2,13,950,PSO,120.08007235892461
10,2,14,950,PSO,4.338803916430884
10,2,15,950,PSO,2.6973170667992648
10,2,16,950,PSO,0.0031710151571999745
10,2,17,950,PSO,8.50705415998177
10,2,18,950,PSO,0.44254830981574855
10,2,19,950,PSO,0.0007968816899790454
10,3,0,950,PSO,19.011815749879418
10,3,1,950,PSO,0.49633275762852236
10,3,2,950,PSO,0.344935950293916
10,3,3,950,PSO,3.214830146608449
10,3,4,950,PSO,0.28144946715531205
10,3,5,950,PSO,1.804815538018488
10,3,6,950,PSO,0.31809868493974136
10,3,7,950,PSO,2.0761322823190085
10,3,8,950,PSO,1.741799971395153
10,3,9,950,PSO,0.007135681928048143
10,3,10,950,PSO,27.055852341276022
10,3,11,950,PSO,1.744760065802268
10,3,12,950,PSO,0.008780242511363667
10,3,13,950,PSO,0.9062379107077163
10,3,14,950,PSO,2.565752379682067
10,3,15,950,PSO,32.8790089007976
10,3,16,950,PSO,0.027810712830557804
10,3,17,950,PSO,7.4689625222679865
10,3,18,950,PSO,0.4917170631652539
10,3,19,950,PSO,2.0565570626849308
10,4,0,950,PSO,4.224632249971933
10,4,1,950,PSO,4.964947403117208
10,4,2,950,PSO,5.361851248439223
10,4,3,950,PSO,2.4689555307032833
10,4,4,950,PSO,7.681816494694942
10,4,5,950,PSO,5.575090169984179
10,4,6,950,PSO,3.789327337175024
10,4,7,950,PSO,6.567361321981764
10,4,8,950,PSO,2.3000011610616866
10,4,9,950,PSO,10.280209093930154
10,4,10,950,PSO,12.082628089804814
10,4,11,950,PSO,5.692396786247343
10,4,12,950,PSO,3.7079063641455434
10,4,13,950,PSO,0.338922723528583
10,4,14,950,PSO,0.7634078124919199
10,4,15,950,PSO,0.503347323243446
10,4,16,950,PSO,36.871766970637765
10,4,17,950,PSO,1.9984672424930068
10,4,18,950,PSO,10.878960042778715
10,4,19,950,PSO,6.283602532591146
10,5,0,950,PSO,0.0035478081581459264
10,5,1,950,PSO,0.15857438707666915
10,5,2,950,PSO,3.659314916346659
10,5,3,950,PSO,6.888444870520232
10,5,4,950,PSO,0.1574047226156381
10,5,5,950,PSO,2.161401820920105
10,5,6,950,PSO,7.457216771601054
10,5,7,950,PSO,3.7246054674415063
10,5,8,950,PSO,26.358331919954196
10,5,9,950,PSO,2.054012735751485
10,5,10,950,PSO,10.084370530120736
10,5,11,950,PSO,0.4880311770289154
10,5,12,950,PSO,0.02810807933661863
10,5,13,950,PSO,3.7321979380346875
10,5,14,950,PSO,7.824134500005073
10,5,15,950,PSO,0.10743833162808869
10,5,16,950,PSO,0.059497760796489274
10,5,17,950,PSO,17.895484307601578
10,5,18,950,PSO,0.11297923746940342
10,5,19,950,PSO,0.26008639111864795
10,6,0,950,PSO,74.64166085607016
10,6,1,950,PSO,3.6012697226653287
10,6,2,950,PSO,0.0062429539128405764
10,6,3,950,PSO,0.5239863688444597
10,6,4,950,PSO,0.04393036780733084
10,6,5,950,PSO,0.4963919289132299
10,6,6,950,PSO,2.54712163986912
10,6,7,950,PSO,0.10441630068671515
10,6,8,950,PSO,151.8303950770735
10,6,9,950,PSO,0.5963168532697782
10,6,10,950,PSO,10.104970351648172
10,6,11,950,PSO,2.094132850131352
10,6,12,950,PSO,0.003496412139490701
10,6,13,950,PSO,1.6619105171836033
10,6,14,950,PSO,18.660524411178848
10,6,15,950,PSO,0.11572310119200324
10,6,16,950,PSO,7.280990338682138
10,6,17,950,PSO,3.430917097046864
10,6,18,950,PSO,0.34945999470766687
10,6,19,950,PSO,2.0572231192725265
10,7,0,950,PSO,57.074175663352776
10,7,1,950,PSO,0.1851454372945227
10,7,2,950,PSO,7.85169981481846
10,7,3,950,PSO,0.42403728419247955
10,7,4,950,PSO,110.37875204959471
10,7,5,950,PSO,6.056730827173396
10,7,6,950,PSO,48.71282901270456
10,7,7,950,PSO,2.029623648718143
10,7,8,950,PSO,11.310954745496304
10,7,9,950,PSO,0.5125483040911831
10,7,10,950,PSO,4.480988800847058
10,7,11,950,PSO,1.1209462135228137
10,7,12,950,PSO,2.155738762116016
10,7,13,950,PSO,0.024115336641841623
10,7,14,950,PSO,0.011010598920790926
10,7,15,950,PSO,0.0756239477999543
10,7,16,950,PSO,0.05425876045904943
10,7,17,950,PSO,2.482063624267255
10,7,18,950,PSO,2.067211666377432
10,7,19,950,PSO,23.172854015328994
11,1,0,950,PSO,0.023467067852266155
11,1,1,950,PSO,0.19863996492654223
11,1,2,950,PSO,0.0065646445192442116
11,1,3,950,PSO,0.16005381052717382
11,1,4,950,PSO,0.03107270389099881
11,1,5,950,PSO,0.18295704016404102
11,1,6,950,PSO,0.11248229679908661
11,1,7,950,PSO,3.8639380025579015
11,1,8,950,PSO,11.271219502042527
11,1,9,950,PSO,0.000554371949121446
11,1,10,950,PSO,4.64175650327735
11,1,11,950,PSO,2.2622850723076624
11,1,12,950,PSO,2.4003411738669342
11,1,13,950,PSO,9.296755962395764e-06
11,1,14,950,PSO,0.0019305076864384318
11,1,15,950,PSO,0.001948966097131688
11,1,16,950,PSO,0.3111993404095301
11,1,17,950,PSO,0.05251057206398002
11,1,18,950,PSO,0.30060453231641304
11,1,19,950,PSO,0.01656404308459969
11,2,0,950,PSO,0.44150223302656855
11,2,1,950,PSO,1.1313051586733636
11,2,2,950,PSO,17.32248105152895
11,2,3,950,PSO,0.9132588105228265
11,2,4,950,PSO,0.1776475249676217
11,2,5,950,PSO,0.9389513085232437
11,2,6,950,PSO,13.884020357476738
11,2,7,950,PSO,0.4957203679751565
11,2,8,950,PSO,0.16961757440190084
11,2,9,950,PSO,0.0006091711147568901
11,2,10,950,PSO,2.3397667554386032
11,2,11,950,PSO,0.004848118040168714
11,2,12,950,PSO,0.1807454622375424
11,2,13,950,PSO,0.031149804401813697
11,2,14,950,PSO,19.396228626132036
11,2,15,950,PSO,0.8324591888093522
11,2,16,950,PSO,0.09580346369034132
11,2,17,950,PSO,3.3691281456552424
11,2,18,950,PSO,0.36385841299313526
11,2,19,950,PSO,0.9159434901162591
11,3,0,950,PSO,3.886807291282622
11,3,1,950,PSO,0.33975646501996337
11,3,2,950,PSO,0.8083208480859021
11,3,3,950,PSO,0.3140886205500486
11,3,4,950,PSO,0.08875979267449985
11,3,5,950,PSO,1.0065378345789142
11,3,6,950,PSO,0.47646556126750106
11,3,7,950,PSO,0.20356535098718354
11,3,8,950,PSO,0.00521732260424379
11,3,9,950,PSO,0.002239070961696399
11,3,10,950,PSO,0.20077835083441897
11,3,11,950,PSO,0.7100213793465358
11,3,12,950,PSO,2.112743871923632
11,3,13,950,PSO,0.01947825524107394
11,3,14,950,PSO,0.004270267918141002
11,3,15,950,PSO,1.565844538029804
11,3,16,950,PSO,0.04893248331632094
11,3,17,950,PSO,0.17913350264682215
11,3,18,950,PSO,0.08255768581332568
11,3,19,950,PSO,0.7965287060109034
11,4,0,950,PSO,0.02387077774676527
11,4,1,950,PSO,0.28483799678338073
11,4,2,950,PSO,1.8821342468108924
11,4,3,950,PSO,16.971630512271872
11,4,4,950,PSO,2.482211808141642
11,4,5,950,PSO,0.08029550332798863
11,4,6,950,PSO,0.004357120234544709
11,4,7,950,PSO,0.008325359896616646
11,4,8,950,PSO,0.2439342794342565
11,4,9,950,PSO,0.03841607258073054
11,4,10,950,PSO,0.260786863075964
11,4,11,950,PSO,0.19805403101145203
11,4,12,950,PSO,0.17022802493227118
11,4,13,950,PSO,0.0008625501045571582
11,4,14,950,PSO,0.011707676594369332
11,4,15,950,PSO,1.353451179990543
11,4,16,950,PSO,1.0440904467959626
11,4,17,950,PSO,0.08025206481534042
11,4,18,950,PSO,0.08237101572001393
11,4,19,950,PSO,0.736375191534762
11,5,0,950,PSO,10.411752247039942
11,5,1,950,PSO,0.18216195892118492
11,5,2,950,PSO,0.005276281586390041
11,5,3,950,PSO,3.270211131696726
11,5,4,950,PSO,0.026645555868938686
11,5,5,950,PSO,0.04569778251504886
11,5,6,950,PSO,3.1196667998764553
11,5,7,950,PSO,0.03770255575916792
11,5,8,950,PSO,0.013050369990779132
11,5,9,950,PSO,0.11277855292898664
11,5,10,950,PSO,0.8285724654795104
11,5,11,950,PSO,0.05801658356969597
11,5,12,950,PSO,0.036237845321053896
11,5,13,950,PSO,0.245463660518368
11,5,14,950,PSO,0.05857702075545035
11,5,15,950,PSO,0.1847234102629045
11,5,16,950,PSO,0.0968710229577141
11,5,17,950,PSO,0.5836137346470736
11,5,18,950,PSO,0.12885589110703677
11,5,19,950,PSO,0.014075663926689685
11,6,0,950,PSO,4.255170608924459
11,6,1,950,PSO,0.31337777640248987
11,6,2,950,PSO,0.4109915324979738
11,6,3,950,PSO,1.6776705838111639
11,6,4,950,PSO,0.2047611318420195
11,6,5,950,PSO,0.014815541318967007
11,6,6,950,PSO,0.08902943649843564
11,6,7,950,PSO,0.6594437702075311
11,6,8,950,PSO,0.09802722234155681
11,6,9,950,PSO,0.08839374500803387
11,6,10,950,PSO,0.02096658999380452
11,6,11,950,PSO,0.7739351963944046
11,6,12,950,PSO,0.14836090423455062
11,6,13,950,PSO,1.1731195074931975
11,6,14,950,PSO,0.2263796916023466
11,6,15,950,PSO,0.011259590226472938
11,6,16,950,PSO,0.11843064624133604
11,6,17,950,PSO,0.6329142810895974
11,6,18,950,PSO,3.2255833316796725
11,6,19,950,PSO,0.046250092484910965
11,7,0,950,PSO,0.0006701421562240739
11,7,1,950,PSO,5.596397517781
11,7,2,950,PSO,0.006922795508401691
11,7,3,950,PSO,2.979464289178196
11,7,4,950,PSO,0.6449527149921295
11,7,5,950,PSO,2.3018607543957614
11,7,6,950,PSO,1.0762698329251776
11,7,7,950,PSO,0.03876495910029121
11,7,8,950,PSO,0.46085842567397606
11,7,9,950,PSO,0.04802346387953094
11,7,10,950,PSO,3.636661125849855
11,7,11,950,PSO,0.007309574442459166
11,7,12,950,PSO,0.025202109350942692
11,7,13,950,PSO,0.01159039888042912
11,7,14,950,PSO,0.6471332471014506
11,7,15,950,PSO,1.1252711757773852
11,7,16,950,PSO,1.729965462193519
11,7,17,950,PSO,0.8054734746781236
11,7,18,950,PSO,0.6319379168688357
11,7,19,950,PSO,0.10851071575271476
12,1,0,950,PSO,0.17530292850767637
12,1,1,950,PSO,0.18388326769968444
12,1,2,950,PSO,26.28665067746158
12,1,3,950,PSO,3.2604534287684146
12,1,4,950,PSO,7.897868744220659
12,1,5,950,PSO,0.1483638561873022
12,1,6,950,PSO,0.8241977849413615
12,1,7,950,PSO,14.20132315899582
12,1,8,950,PSO,2.0700540531136085
12,1,9,950,PSO,26.8839027419109
12,1,10,950,PSO,3.7212227296325864
12,1,11,950,PSO,15.521886704433996
12,1,12,950,PSO,0.021825660985882678
12,1,13,950,PSO,0.026797276872230213
12,1,14,950,PSO,36.532678958216934
12,1,15,950,PSO,0.3036839773603788
12,1,16,950,PSO,8.655688032665921
12,1,17,950,PSO,1.9102262882945524
12,1,18,950,PSO,0.005980131053433979
12,1,19,950,PSO,0.002191202915469148
12,2,0,950,PSO,1.8399028816043028
12,2,1,950,PSO,0.9530136951558461
12,2,2,950,PSO,1.7129701015604155
12,2,3,950,PSO,5.595435064973145
12,2,4,950,PSO,10.48642486745186
12,2,5,950,PSO,9.1823232966847
12,2,6,950,PSO,1.498454281573288
12,2,7,950,PSO,4.684276134435947
12,2,8,950,PSO,10.41275197317026
12,2,9,950,PSO,0.07547107807315001
12,2,10,950,PSO,0.7766007383598605
12,2,11,950,PSO,1.293223379732865
12,2,12,950,PSO,0.1030321443805633
12,2,13,950,PSO,10.899888339481151
12,2,14,950,PSO,11.927250277418494
12,2,15,950,PSO,0.1706467995394405
12,2,16,950,PSO,0.0496132286972113
12,2,17,950,PSO,11.854630098419534
12,2,18,950,PSO,2.6827425462421672
12,2,19,950,PSO,2.587412853171031
12,3,0,950,PSO,0.29669151908965574
12,3,1,950,PSO,7.298309156754577
12,3,2,950,PSO,0.5972410754021311
12,3,3,950,PSO,5.227448074645579
12,3,4,950,PSO,0.8510460065929308
12,3,5,950,PSO,0.08360377676100228
12,3,6,950,PSO,14.137696596346146
12,3,7,950,PSO,1.1946110234123637
12,3,8,950,PSO,2.0026700436353906
12,3,9,950,PSO,2.52010888860287
12,3,10,950,PSO,0.22687120263965
12,3,11,950,PSO,7.714169700794372
12,3,12,950,PSO,10.357400979474576
12,3,13,950,PSO,9.897968236426749
12,3,14,950,PSO,2.488535670959763
12,3,15,950,PSO,0.2575695497834616
12,3,16,950,PSO,5.448456770219522
12,3,17,950,PSO,11.742235289988457
12,3,18,950,PSO,4.284910477279169
12,3,19,950,PSO,0.06046209468924957
12,4,0,950,PSO,0.0020539641585557433
12,4,1,950,PSO,3.7729005233956876
12,4,2,950,PSO,0.38736638665792
12,4,3,950,PSO,0.6952710891872051
12,4,4,950,PSO,0.06729448940263083
12,4,5,950,PSO,2.1206437520223584
12,4,6,950,PSO,4.239596006291473
12,4,7,950,PSO,5.154932419077998
12,4,8,950,PSO,0.08385243133039211
12,4,9,950,PSO,1.1626987032669938
12,4,10,950,PSO,2.5577543175219333
12,4,11,950,PSO,6.138636699357555
12,4,12,950,PSO,3.029078900100716
12,4,13,950,PSO,7.709761755725953
12,4,14,950,PSO,5.643411633878419
12,4,15,950,PSO,6.983086238353643
12,4,16,950,PSO,3.9943325244356114
12,4,17,950,PSO,0.07963857421524168
12,4,18,950,PSO,0.2424446691291351
12,4,19,950,PSO,1.0611278877895671
12,5,0,950,PSO,7.994349907377035
12,5,1,950,PSO,0.37263571167152776
12,5,2,950,PSO,0.7614157417418639
12,5,3,950,PSO,60.26193576651199
12,5,4,950,PSO,0.4837273578804968
12,5,5,950,PSO,0.12095671082035153
12,5,6,950,PSO,5.0507581139614
12,5,7,950,PSO,0.3619882677337358
12,5,8,950,PSO,0.908883628358943
12,5,9,950,PSO,9.499195569480861
12,5,10,950,PSO,15.116062445517734
12,5,11,950,PSO,0.6492099599659156
12,5,12,950,PSO,16.835734733616754
12,5,13,950,PSO,1.627342737623053
12,5,14,950,PSO,0.9508840527884388
12,5,15,950,PSO,2.080651758823663
12,5,16,950,PSO,2.4092350115522407
12,5,17,950,PSO,0.09497591811391004
12,5,18,950,PSO,11.375301954897985
12,5,19,950,PSO,0.24429682064426572
12,6,0,950,PSO,0.05561231171027359
12,6,1,950,PSO,0.013661796159896156
12,6,2,950,PSO,6.520072417333996
12,6,3,950,PSO,0.5781128914727169
12,6,4,950,PSO,4.264524799050749
12,6,5,950,PSO,3.471522367135959
12,6,6,950,PSO,6.531726593205821
12,6,7,950,PSO,0.1326464961282987
12,6,8,950,PSO,3.4677592689868746
12,6,9,950,PSO,0.29960065706761085
12,6,10,950,PSO,0.4954158239702551
12,6,11,950,PSO,0.6062128607047548
12,6,12,950,PSO,2.474007137271281
12,6,13,950,PSO,11.150683590103872
12,6,14,950,PSO,0.022285091250225264
12,6,15,950,PSO,2.140242130864669
12,6,16,950,PSO,30.50310083706919
12,6,17,950,PSO,0.26106345839112244
12,6,18,950,PSO,0.0026787668979704193
12,6,19,950,PSO,1.295463422683154
12,7,0,950,PSO,29.071759093306525
12,7,1,950,PSO,0.30526250567461943
12,7,2,950,PSO,17.24595263827601
12,7,3,950,PSO,35.60912903975435
12,7,4,950,PSO,0.07497436263153645
12,7,5,950,PSO,17.393062485726375
12,7,6,950,PSO,45.57691998819155
12,7,7,950,PSO,0.09900545445646003
12,7,8,950,PSO,1.2617810534247553
12,7,9,950,PSO,16.47584847891204
12,7,10,950,PSO,0.6966159976409187
12,7,11,950,PSO,8.729462314002035
12,7,12,950,PSO,0.0004889223245072571
12,7,13,950,PSO,0.00027808885616309453
12,7,14,950,PSO,47.84914860322212
12,7,15,950,PSO,4.515487170901224
12,7,16,950,PSO,0.09403973114305586
12,7,17,950,PSO,0.5762383526266319
12,7,18,950,PSO,2.7460165646135692
12,7,19,950,PSO,11.069816898981628
13,1,0,950,PSO,1.453229286766188
13,1,1,950,PSO,0.9473452751193996
13,1,2,950,PSO,4.478591590384596
13,1,3,950,PSO,0.8628790989005637
13,1,4,950,PSO,1.7006834202493124
13,1,5,950,PSO,0.14592905319705807
13,1,6,950,PSO,0.36808386938886883
13,1,7,950,PSO,5.612497845008662
13,1,8,950,PSO,3.544131260599194
13,1,9,950,PSO,0.5969893720009694
13,1,10,950,PSO,0.2488928463379203
13,1,11,950,PSO,1.6766262644543417
13,1,12,950,PSO,1.0287565649708945
13,1,13,950,PSO,1.050580306875748
13,1,14,950,PSO,0.02800056884938229
13,1,15,950,PSO,0.1068778123494667
13,1,16,950,PSO,0.09812409326208638
13,1,17,950,PSO,0.5597100906138159
13,1,18,950,PSO,0.09486501933539415
13,1,19,950,PSO,0.02233001683334379
13,2,0,950,PSO,0.34601115736608534
13,2,1,950,PSO,0.1804207680574379
13,2,2,950,PSO,4.149236104608725
13,2,3,950,PSO,0.12312362115532238
13,2,4,950,PSO,3.9593009240285753
13,2,5,950,PSO,0.019646672072198612
13,2,6,950,PSO,0.0703284753398421
13,2,7,950,PSO,0.8558569571057362
13,2,8,950,PSO,0.0823200883973243
13,2,9,950,PSO,1.0195641655409844
13,2,10,950,PSO,8.36911198790878
13,2,11,950,PSO,1.2549046245436415
13,2,12,950,PSO,0.697145208189113
13,2,13,950,PSO,0.0405985380317091
13,2,14,950,PSO,0.11922988395221523
13,2,15,950,PSO,0.02207452649997066
13,2,16,950,PSO,0.1757379988184553
13,2,17,950,PSO,0.06738638038302014
13,2,18,950,PSO,0.9442853093229573
13,2,19,950,PSO,0.36853615925830496
13,3,0,950,PSO,0.6925713979571242
13,3,1,950,PSO,0.03011941272848162
13,3,2,950,PSO,0.6565362792151177
13,3,3,950,PSO,0.8528366243795062
13,3,4,950,PSO,0.2936366869855078
13,3,5,950,PSO,1.5009188770906121
13,3,6,950,PSO,3.8360180673007562
13,3,7,950,PSO,0.0470936913363289
13,3,8,950,PSO,2.098818332185033
13,3,9,950,PSO,5.210034178688886
13,3,10,950,PSO,1.6293425035443647
13,3,11,950,PSO,1.1576648409600239
13,3,12,950,PSO,0.7845709045838589
13,3,13,950,PSO,0.010660651245757435
13,3,14,950,PSO,0.08166485988363092
13,3,15,950,PSO,0.14549560783603965
13,3,16,950,PSO,0.20602138838484052
13,3,17,950,PSO,4.2319460075107145
13,3,18,950,PSO,0.26894825964535585
13,3,19,950,PSO,0.19857792228680182
13,4,0,950,PSO,0.2770435962534066
13,4,1,950,PSO,0.013992199292488294
13,4,2,950,PSO,0.06414525909121949
13,4,3,950,PSO,0.06671192509998036
13,4,4,950,PSO,0.31738678433930545
13,4,5,950,PSO,0.2367991456519576
13,4,6,950,PSO,0.19542997661199024
13,4,7,950,PSO,3.0255083082404326
13,4,8,950,PSO,0.19730007083103374
13,4,9,950,PSO,0.006037055492924992
13,4,10,950,PSO,0.026477937824665787
13,4,11,950,PSO,0.7631201522431184
13,4,12,950,PSO,4.0822746934434235
13,4,13,950,PSO,0.08783016263157606
13,4,14,950,PSO,0.007573808740971799
13,4,15,950,PSO,0.055667985255695385
13,4,16,950,PSO,9.107923781215959
13,4,17,950,PSO,3.769765752086414
13,4,18,950,PSO,0.14986389614728068
13,4,19,950,PSO,0.3101638202695085
13,5,0,950,PSO,0.13025785103818066
13,5,1,950,PSO,0.24816563877008946
13,5,2,950,PSO,0.11784054298526314
13,5,3,950,PSO,0.07682211345212409
13,5,4,950,PSO,0.16533154925613758
13,5,5,950,PSO,0.0871096026137792
13,5,6,950,PSO,1.241839947509547
13,5,7,950,PSO,0.009606270771556069
13,5,8,950,PSO,1.0754156276738627
13,5,9,950,PSO,0.9208014668486157
13,5,10,950,PSO,0.17395951834626544
13,5,11,950,PSO,0.01607768695588163
13,5,12,950,PSO,0.0891758432231029
13,5,13,950,PSO,0.0006999259155122672
13,5,14,950,PSO,0.01062952772562653
13,5,15,950,PSO,1.7796841925980118
13,5,16,950,PSO,0.024077365070837686
13,5,17,950,PSO,0.044039227761572874
13,5,18,950,PSO,0.6536312302770426
13,5,19,950,PSO,0.028004130591938292
13,6,0,950,PSO,0.3375738702987974
13,6,1,950,PSO,0.6830834788950142
13,6,2,950,PSO,4.210631715012653
13,6,3,950,PSO,0.027810027168925444
13,6,4,950,PSO,2.8559330064584856
13,6,5,950,PSO,0.21635059665356948
13,6,6,950,PSO,0.004222438087765568
13,6,7,950,PSO,0.08364594301940542
13,6,8,950,PSO,2.6579534810821315
13,6,9,950,PSO,0.13873440474111476
13,6,10,950,PSO,0.037854848157167
13,6,11,950,PSO,0.003899931522425959
13,6,12,950,PSO,3.8891210947697914
13,6,13,950,PSO,0.010842407950121924
13,6,14,950,PSO,0.007758383841292016
13,6,15,950,PSO,2.4004051227034893
13,6,16,950,PSO,0.12425307559249177
13,6,17,950,PSO,0.0026081971516305202
13,6,18,950,PSO,0.9942580719662715
13,6,19,950,PSO,0.9028372835280152
13,7,0,950,PSO,4.207091881225864
13,7,1,950,PSO,0.9167810577088176
13,7,2,950,PSO,0.08111856737627221
13,7,3,950,PSO,0.13212368533184105
13,7,4,950,PSO,6.67570600231879
13,7,5,950,PSO,3.534610606881685
13,7,6,950,PSO,0.01179284356321375
13,7,7,950,PSO,0.04924083312637606
13,7,8,950,PSO,3.048482069856661
13,7,9,950,PSO,0.023601906182570076
13,7,10,950,PSO,0.8789197576756465
13,7,11,950,PSO,0.09492418054657747
13,7,12,950,PSO,0.13151695422192233
13,7,13,950,PSO,0.23918798191948554
13,7,14,950,PSO,0.07791534943318368
13,7,15,950,PSO,3.0113958322789713
13,7,16,950,PSO,0.007051307358459269
13,7,17,950,PSO,2.7509108871393053
13,7,18,950,PSO,0.3110151119938891
13,7,19,950,PSO,0.20734718906503957
14,1,0,950,PSO,1.1783720211155924e-05
14,1,1,950,PSO,9.375775050557422e-06
14,1,2,950,PSO,1.6645237074897068e-05
14,1,3,950,PSO,4.53403342959291e-06
14,1,4,950,PSO,1.4923108807352037e-05
14,1,5,950,PSO,2.243283333314139e-06
14,1,6,950,PSO,3.552908381720954e-06
14,1,7,950,PSO,2.0535831097845403e-05
14,1,8,950,PSO,6.030914683208266e-06
14,1,9,950,PSO,6.235447216340617e-07
14,1,10,950,PSO,7.411982849703236e-07
14,1,11,950,PSO,4.405260462192473e-06
14,1,12,950,PSO,1.6677441436740992e-06
14,1,13,950,PSO,2.6098806522156792e-05
14,1,14,950,PSO,1.2557154462911058e-06
14,1,15,950,PSO,2.4291581866009437e-06
14,1,16,950,PSO,8.673232429146083e-06
14,1,17,950,PSO,7.139158242353005e-07
14,1,18,950,PSO,6.938603007711208e-07
14,1,19,950,PSO,3.5401594686845783e-06
14,2,0,950,PSO,4.1224932999739394e-05
14,2,1,950,PSO,3.1610557869043987e-06
14,2,2,950,PSO,2.2722940684616333e-06
14,2,3,950,PSO,5.094593035437356e-06
14,2,4,950,PSO,9.847478764868356e-06
14,2,5,950,PSO,7.535490948384904e-05
14,2,6,950,PSO,1.7007185874717834e-05
14,2,7,950,PSO,3.923181481013671e-06
14,2,8,950,PSO,2.2242909324177162e-05
14,2,9,950,PSO,1.1547559580549205e-05
14,2,10,950,PSO,3.1339208618419434e-05
14,2,11,950,PSO,5.507243713509524e-06
14,2,12,950,PSO,1.4538370891159502e-05
14,2,13,950,PSO,3.2421876312582754e-06
14,2,14,950,PSO,9.236824240588248e-06
14,2,15,950,PSO,1.5389326506465295e-06
14,2,16,950,PSO,1.5000596619074713e-05
14,2,17,950,PSO,7.882155244942624e-06
14,2,18,950,PSO,8.149674897595105e-06
14,2,19,950,PSO,1.4837116339094791e-05
14,3,0,950,PSO,8.249582165831271e-05
14,3,1,950,PSO,5.137475298511163e-06
14,3,2,950,PSO,3.2954196740320185e-06
14,3,3,950,PSO,2.333296151846298e-06
14,3,4,950,PSO,3.7338875316095255e-05
14,3,5,950,PSO,1.5075339177883507e-05
14,3,6,950,PSO,1.9969746603010208e-06
14,3,7,950,PSO,2.811993836360216e-05
14,3,8,950,PSO,1.4758976476514363e-06
14,3,9,950,PSO,6.423173516623137e-06
14,3,10,950,PSO,6.653773709786037e-07
14,3,11,950,PSO,1.319585592796102e-06
14,3,12,950,PSO,1.7704404768892346e-06
14,3,13,950,PSO,2.745116290725491e-06
14,3,14,950,PSO,1.44261845349547e-05
14,3,15,950,PSO,7.459973687673482e-06
14,3,16,950,PSO,2.5025706094083944e-06
14,3,17,950,PSO,1.2183569708668074e-05
14,3,18,950,PSO,4.7267404568174243e-07
14,3,19,950,PSO,1.1145219446007104e-05
14,4,0,950,PSO,9.684999412939987e-05
14,4,1,950,PSO,2.297311333165908e-06
14,4,2,950,PSO,3.478213578489431e-06
14,4,3,950,PSO,6.884357873104818e-06
14,4,4,950,PSO,2.7697512095414822e-05
14,4,5,950,PSO,6.495615352264394e-07
14,4,6,950,PSO,1.1616227340027763e-05
14,4,7,950,PSO,4.7094946843628804e-05
14,4,8,950,PSO,4.240066672878129e-06
14,4,9,950,PSO,4.955896535818738e-06
14,4,10,950,PSO,4.731676924052408e-06
14,4,11,950,PSO,9.206805877681745e-06
14,4,12,950,PSO,2.696237856270045e-05
14,4,13,950,PSO,2.3298903876423083e-05
14,4,14,950,PSO,1.742861670095408e-05
14,4,15,950,PSO,4.895786176462025e-06
14,4,16,950,PSO,1.8515988230660696e-05
14,4,17,950,PSO,5.179104292096781e-06
14,4,18,950,PSO,3.5158254618750107e-06
14,4,19,950,PSO,1.0923546618357705e-05
14,5,0,950,PSO,3.865298197069933e-07
14,5,1,950,PSO,8.680131422522663e-06
14,5,2,950,PSO,5.432070210531492e-06
14,5,3,950,PSO,6.032343527806461e-06
14,5,4,950,PSO,2.3754992000135644e-06
14,5,5,950,PSO,9.530988755557246e-06
14,5,6,950,PSO,5.161224320460178e-05
14,5,7,950,PSO,6.321065789904878e-06
14,5,8,950,PSO,1.9124410854942653e-06
14,5,9,950,PSO,3.5483948934711407e-06
14,5,10,950,PSO,1.5274124912423304e-05
14,5,11,950,PSO,3.1621918900270884e-05
14,5,12,950,PSO,3.6995321508470624e-06
14,5,13,950,PSO,1.0667822472498756e-05
14,5,14,950,PSO,1.0225779995209905e-05
14,5,15,950,PSO,5.0445880290794776e-06
14,5,16,950,PSO,2.8700786018021063e-05
14,5,17,950,PSO,5.395539275809824e-06
14,5,18,950,PSO,1.722397620085303e-06
14,5,19,950,PSO,2.7708591041175623e-05
14,6,0,950,PSO,8.304100227007893e-06
14,6,1,950,PSO,1.7069921725010317e-06
14,6,2,950,PSO,2.747908006028865e-06
14,6,3,950,PSO,1.4200763807536987e-05
14,6,4,950,PSO,3.827237357256763e-06
14,6,5,950,PSO,9.494347831662253e-05
14,6,6,950,PSO,9.150614580732963e-06
14,6,7,950,PSO,6.07533043961439e-06
14,6,8,950,PSO,5.4991499780499e-06
14,6,9,950,PSO,1.4111276371409076e-05
14,6,10,950,PSO,1.078824524824995e-06
14,6,11,950,PSO,1.8301663139652646e-05
14,6,12,950,PSO,6.83535327965501e-05
14,6,13,950,PSO,4.270485961654913e-05
14,6,14,950,PSO,1.0582784781831833e-06
14,6,15,950,PSO,1.412501731579141e-06
14,6,16,950,PSO,1.4628214302092601e-06
14,6,17,950,PSO,2.4243384856958983e-05
14,6,18,950,PSO,5.325885382490014e-06
14,6,19,950,PSO,2.0881540976347424e-06
14,7,0,950,PSO,2.8869992405589073e-06
14,7,1,950,PSO,1.554680088133864e-05
14,7,2,950,PSO,9.639308629516563e-06
14,7,3,950,PSO,1.4163958113044828e-05
14,7,4,950,PSO,1.1945571415594713e-05
14,7,5,950,PSO,9.761969607779974e-06
14,7,6,950,PSO,5.2636119534099635e-05
14,7,7,950,PSO,2.932172230885044e-05
14,7,8,950,PSO,2.317683458841202e-05
14,7,9,950,PSO,1.687604566313894e-05
14,7,10,950,PSO,3.2616611775893034e-06
14,7,11,950,PSO,8.387095618900275e-06
14,7,12,950,PSO,2.4552995597559857e-05
14,7,13,950,PSO,4.604500233540421e-06
14,7,14,950,PSO,1.596811026161049e-05
14,7,15,950,PSO,3.246917032129204e-06
14,7,16,950,PSO,5.1510171772406466e-06
14,7,17,950,PSO,1.1467966089639958e-05
14,7,18,950,PSO,3.6344569309676444e-06
14,7,19,950,PSO,3.927010055804203e-06
15,1,0,950,PSO,7.959667426741589
15,1,1,950,PSO,5.9697493118789
15,1,2,950,PSO,10.944539567788297
15,1,3,950,PSO,12.93445263081992
15,1,4,950,PSO,39.79782817044702
15,1,5,950,PSO,9.949580498461387
15,1,6,950,PSO,12.934437945771151
15,1,7,950,PSO,3.9798368491454994
15,1,8,950,PSO,4.974791882558179
15,1,9,950,PSO,7.9596675067892875
15,1,10,950,PSO,3.9798377799160107
15,1,11,950,PSO,10.944539567319339
15,1,12,950,PSO,5.969749311276587
15,1,13,950,PSO,1.9899181156674786
15,1,14,950,PSO,3.9798426018486452
15,1,15,950,PSO,3.9798362305342607
15,1,16,950,PSO,6.964720369960787
15,1,17,950,PSO,14.924350844540868
15,1,18,950,PSO,3.979836234960544
15,1,19,950,PSO,2.9848827481793023
15,2,0,950,PSO,8.954621444757606
15,2,1,950,PSO,11.939486488416733
15,2,2,950,PSO,3.979836239722246
15,2,3,950,PSO,6.964708397519004
15,2,4,950,PSO,0.9949590792068648
15,2,5,950,PSO,5.969837610560106
15,2,6,950,PSO,16.914263750401673
15,2,7,950,PSO,7.959667428814683
15,2,8,950,PSO,6.965060191446696
15,2,9,950,PSO,1.9899181832078199
15,2,10,950,PSO,2.9848771751658347
15,2,11,950,PSO,1.9899181656274152
15,2,12,950,PSO,1.9899182854164081
15,2,13,950,PSO,9.949580523998748
15,2,14,950,PSO,4.974790303803246
15,2,15,950,PSO,5.969749346445397
15,2,16,950,PSO,3.9798365819186046
15,2,17,950,PSO,6.964708504264905
15,2,18,950,PSO,3.979836239722843
15,2,19,950,PSO,2.9848771983117928
15,3,0,950,PSO,5.969749312233375
15,3,1,950,PSO,3.9798362375389686
15,3,2,950,PSO,1.9899203325969452
15,3,3,950,PSO,2.9855482200131007
15,3,4,950,PSO,0.9949591220088578
15,3,5,950,PSO,1.9899181203674772
15,3,6,950,PSO,2.9848773213969366
15,3,7,950,PSO,4.974791850740935
15,3,8,950,PSO,7.959667419267738
15,3,9,950,PSO,7.959667443010822
15,3,10,950,PSO,1.989918126327943
15,3,11,950,PSO,5.969754561796179
15,3,12,950,PSO,4.974797080926592
15,3,13,950,PSO,3.979836243823897
15,3,14,950,PSO,4.975031261354758
15,3,15,950,PSO,5.969749375698818
15,3,16,950,PSO,5.96975104101093
15,3,17,950,PSO,15.919309627534794
15,3,18,950,PSO,4.974795292679389
15,3,19,950,PSO,3.979954461742743
15,4,0,950,PSO,1.9899182095434753
15,4,1,950,PSO,1.989918116231884
15,4,2,950,PSO,1.989920153633694
15,4,3,950,PSO,10.944550338000738
15,4,4,950,PSO,4.975282114312812
15,4,5,950,PSO,1.9907233538328981
15,4,6,950,PSO,5.969756931158681
15,4,7,950,PSO,2.984877189266296
15,4,8,950,PSO,13.9293915213634
15,4,9,950,PSO,9.949584078516715
15,4,10,950,PSO,24.873865232366384
15,4,11,950,PSO,1.9899195285341165
15,4,12,950,PSO,11.9395621071141
15,4,13,950,PSO,2.9849650075833587
15,4,14,950,PSO,5.96974931340171
15,4,15,950,PSO,5.9697503241561165
15,4,16,950,PSO,3.9798362466201063
15,4,17,950,PSO,6.964708366780968
15,4,18,950,PSO,0.9949591853963575
15,4,19,950,PSO,5.969749347279119
15,5,0,950,PSO,6.964708364759645
15,5,1,950,PSO,6.964756700294245
15,5,2,950,PSO,2.9848771838705943
15,5,3,950,PSO,9.949614204942634
15,5,4,950,PSO,4.974795287230364
15,5,5,950,PSO,7.959676914504286
15,5,6,950,PSO,23.87895178816234
15,5,7,950,PSO,6.993965613962004
15,5,8,950,PSO,5.9697527515155855
15,5,9,950,PSO,0.9949590577583507
15,5,10,950,PSO,12.934452673087677
15,5,11,950,PSO,3.97983631194856
15,5,12,950,PSO,6.9655752292343465
15,5,13,950,PSO,8.12352872358062
15,5,14,950,PSO,5.969794610889593
15,5,15,950,PSO,6.96470836315963
15,5,16,950,PSO,7.9596674298473715
15,5,17,950,PSO,6.964708363212338
15,5,18,950,PSO,11.939480101806325
15,5,19,950,PSO,12.765695009141268
15,6,0,950,PSO,14.92435056780559
15,6,1,950,PSO,1.9899181635967835
15,6,2,950,PSO,1.989918378463699
15,6,3,950,PSO,1.9907301621332891
15,6,4,950,PSO,12.934432638689444
15,6,5,950,PSO,2.984877912501389
15,6,6,950,PSO,1.9899204236876216
15,6,7,950,PSO,5.9697493121665275
15,6,8,950,PSO,0.9949614790082535
15,6,9,950,PSO,5.96974984376601
15,6,10,950,PSO,6.964708364030642
15,6,11,950,PSO,7.959667440660596
15,6,12,950,PSO,12.934452667167093
15,6,13,950,PSO,2.9848771713166258
15,6,14,950,PSO,20.8940506902904
15,6,15,950,PSO,1.9899181667276338
15,6,16,950,PSO,1.9899198699091158
15,6,17,950,PSO,6.964708370587857
15,6,18,950,PSO,2.9848777038626366
15,6,19,950,PSO,6.966644735724088
15,7,0,950,PSO,6.9647083644885015
15,7,1,950,PSO,19.899080076474718
15,7,2,950,PSO,7.503037302657191
15,7,3,950,PSO,6.964708362816225
15,7,4,950,PSO,2.98487729416172
15,7,5,950,PSO,2.984877227674332
15,7,6,950,PSO,12.934437613712333
15,7,7,950,PSO,13.932097159738788
15,7,8,950,PSO,10.944522121034652
15,7,9,950,PSO,2.984878874737518
15,7,10,950,PSO,2.984877593690186
15,7,11,950,PSO,0.9949590735437539
15,7,12,950,PSO,15.919310255896306
15,7,13,950,PSO,10.944539564462445
15,7,14,950,PSO,7.959667463357107
15,7,15,950,PSO,1.9899181941521533
15,7,16,950,PSO,0.9950016384713649
15,7,17,950,PSO,4.974825362908774
15,7,18,950,PSO,13.929391948785963
15,7,19,950,PSO,9.971022195066212
16,1,0,950,PSO,3.6573048569170226
16,1,1,950,PSO,7.44450060494728e-05
16,1,2,950,PSO,1.92211711642733
16,1,3,950,PSO,0.07872428671946352
16,1,4,950,PSO,0.4505680641164673
16,1,5,950,PSO,0.01454059122094975
16,1,6,950,PSO,2.3742344978927576e-08
16,1,7,950,PSO,0.07810290784168217
16,1,8,950,PSO,0.7754879308932487
16,1,9,950,PSO,2.3070722789411917
16,1,10,950,PSO,0.15775997331547842
16,1,11,950,PSO,3.5466257656874234
16,1,12,950,PSO,0.01722765444731067
16,1,13,950,PSO,2.4839315417171974
16,1,14,950,PSO,0.2548757458899189
16,1,15,950,PSO,2.140160032295981
16,1,16,950,PSO,0.22646276961677358
16,1,17,950,PSO,0.07732244963069945
16,1,18,950,PSO,0.16316860191176374
16,1,19,950,PSO,0.12805095066809713
16,2,0,950,PSO,1.365644397108781
16,2,1,950,PSO,1.1685613370177066
16,2,2,950,PSO,0.44546008990090513
16,2,3,950,PSO,0.10989747628741497
16,2,4,950,PSO,1.5590190772710457
16,2,5,950,PSO,4.04200200148955
16,2,6,950,PSO,1.4903395140208886e-07
16,2,7,950,PSO,1.992188856089001
16,2,8,950,PSO,3.420722804263164
16,2,9,950,PSO,0.1474896076283585
16,2,10,950,PSO,0.16781238469093296
16,2,11,950,PSO,3.0931412236158167
16,2,12,950,PSO,1.6326847654168546
16,2,13,950,PSO,0.6651180047929302
16,2,14,950,PSO,8.477303481413401e-07
16,2,15,950,PSO,0.24798449543249035
16,2,16,950,PSO,7.416005018967553e-07
16,2,17,950,PSO,2.24737325416055
16,2,18,950,PSO,5.750295766753595
16,2,19,950,PSO,0.7966159146065479
16,3,0,950,PSO,0.2603416485011394
16,3,1,950,PSO,0.3127546620590209
16,3,2,950,PSO,1.721120731395061
16,3,3,950,PSO,0.3257784784417055
16,3,4,950,PSO,0.06430886288191573
16,3,5,950,PSO,0.4981640422315792
16,3,6,950,PSO,3.3510195908814353
16,3,7,950,PSO,0.09581015530254433
16,3,8,950,PSO,2.826069191996794e-07
16,3,9,950,PSO,1.662441194923872
16,3,10,950,PSO,4.6992174418392096e-07
16,3,11,950,PSO,0.1096046598791105
16,3,12,950,PSO,0.27515709644630704
16,3,13,950,PSO,1.2102077425104483
16,3,14,950,PSO,4.75124838272535
16,3,15,950,PSO,1.3687458149649672
16,3,16,950,PSO,0.70836176034517
16,3,17,950,PSO,1.8351308746449035
16,3,18,950,PSO,1.5710335106500253
16,3,19,950,PSO,0.8439444590650567
16,4,0,950,PSO,1.8913752069329348
16,4,1,950,PSO,0.28035229633724157
16,4,2,950,PSO,0.40314024055328446
16,4,3,950,PSO,0.32431486767700335
16,4,4,950,PSO,0.7102226880045919
16,4,5,950,PSO,0.9854894862905894
16,4,6,950,PSO,0.6902924186589416
16,4,7,950,PSO,0.25972158352647057
16,4,8,950,PSO,1.6575742650059055
16,4,9,950,PSO,0.3222485200817573
16,4,10,950,PSO,0.6624111986091066
16,4,11,950,PSO,0.28031029260057494
16,4,12,950,PSO,0.7632313624642393
16,4,13,950,PSO,0.0944194106255054
16,4,14,950,PSO,3.3576886653262363
16,4,15,950,PSO,0.5645518250167925
16,4,16,950,PSO,0.8604643555054281
16,4,17,950,PSO,3.0328465317833206
16,4,18,950,PSO,1.710384572210046
16,4,19,950,PSO,2.7303789636838474
16,5,0,950,PSO,0.2917698048704409
16,5,1,950,PSO,2.5961191426368373
16,5,2,950,PSO,0.3131300747575665
16,5,3,950,PSO,3.431990846366908
16,5,4,950,PSO,0.025522208667027257
16,5,5,950,PSO,0.03374692568350923
16,5,6,950,PSO,1.2193837224847428
16,5,7,950,PSO,1.2392822003176818
16,5,8,950,PSO,0.693644085784662
16,5,9,950,PSO,0.0018859974930123258
16,5,10,950,PSO,0.10588873707531121
16,5,11,950,PSO,2.647791185751565
16,5,12,950,PSO,0.7164906421499637
16,5,13,950,PSO,0.49482518923031193
16,5,14,950,PSO,0.3280965016322881
16,5,15,950,PSO,1.721818964928687
16,5,16,950,PSO,1.5904004328605978
16,5,17,950,PSO,1.1412163915885785
16,5,18,950,PSO,0.43669151397732975
16,5,19,950,PSO,0.807194238460454
16,6,0,950,PSO,1.4249262756414147
16,6,1,950,PSO,0.2722901610403241
16,6,2,950,PSO,1.7657790370951822
16,6,3,950,PSO,2.505995292452578
16,6,4,950,PSO,4.05979164554471
16,6,5,950,PSO,0.6946884723054225
16,6,6,950,PSO,0.6848820387674657
16,6,7,950,PSO,0.09847611862199912
16,6,8,950,PSO,0.026575337032021196
16,6,9,950,PSO,0.6214055171786015
16,6,10,950,PSO,0.7227812553600401
16,6,11,950,PSO,0.09762784365770116
16,6,12,950,PSO,0.2881110601052761
16,6,13,950,PSO,0.1015093643592806
16,6,14,950,PSO,6.013185647191222e-07
16,6,15,950,PSO,2.7842188798171534
16,6,16,950,PSO,1.344350650802152
16,6,17,950,PSO,2.3684886401705683
16,6,18,950,PSO,0.48805272820861134
16,6,19,950,PSO,0.2750815434774623
16,7,0,950,PSO,0.08145643590668072
16,7,1,950,PSO,0.07042861626500496
16,7,2,950,PSO,0.3448167584248978
16,7,3,950,PSO,0.3321095972294188
16,7,4,950,PSO,0.011475751359824926
16,7,5,950,PSO,0.1821708596839926
16,7,6,950,PSO,0.060451756866896744
16,7,7,950,PSO,0.00019875018004711364
16,7,8,950,PSO,0.01542533842022209
16,7,9,950,PSO,0.6274737448520753
16,7,10,950,PSO,0.32543142619966403
16,7,11,950,PSO,0.0619741589680487
16,7,12,950,PSO,1.0352882339317304
16,7,13,950,PSO,0.7122383277032398
16,7,14,950,PSO,0.01270748082512796
16,7,15,950,PSO,3.4015053769160986
16,7,16,950,PSO,0.06075217837895508
16,7,17,950,PSO,0.06112066591578724
16,7,18,950,PSO,2.1352013135356174e-07
16,7,19,950,PSO,1.9113599591946695e-12
17,1,0,950,PSO,0.018670970387130836
17,1,1,950,PSO,0.0013783341414530526
17,1,2,950,PSO,0.0014463717456969505
17,1,3,950,PSO,0.13088420255520106
17,1,4,950,PSO,0.046605613775263066
17,1,5,950,PSO,0.00037159562283406444
17,1,6,950,PSO,0.01797267796687052
17,1,7,950,PSO,0.008938961327149997
17,1,8,950,PSO,0.0018288112537234724
17,1,9,950,PSO,0.6021582975452162
17,1,10,950,PSO,0.0121103370755975
17,1,11,950,PSO,0.002177366693771887
17,1,12,950,PSO,0.1446008221443229
17,1,13,950,PSO,0.0001617954589079318
17,1,14,950,PSO,0.01192749120785308
17,1,15,950,PSO,0.0008542054375304531
17,1,16,950,PSO,0.005328293738870116
17,1,17,950,PSO,0.00304819580495419
17,1,18,950,PSO,0.004424532678978466
17,1,19,950,PSO,0.0029639927228686247
17,2,0,950,PSO,0.0001464630604388617
17,2,1,950,PSO,0.00048749106502299355
17,2,2,950,PSO,2.0561938836038962e-05
17,2,3,950,PSO,0.04073291716627736
17,2,4,950,PSO,0.00013584057277071793
17,2,5,950,PSO,0.015543613986864102
17,2,6,950,PSO,0.048609115429716354
17,2,7,950,PSO,0.17173747112904536
17,2,8,950,PSO,0.004584117571592827
17,2,9,950,PSO,0.008384209799075393
17,2,10,950,PSO,0.007498539243300684
17,2,11,950,PSO,0.0025854040975268333
17,2,12,950,PSO,0.003917513397205141
17,2,13,950,PSO,0.0001200219535668623
17,2,14,950,PSO,0.0007866846198858468
17,2,15,950,PSO,0.026020237984383243
17,2,16,950,PSO,1.0771976682135964
17,2,17,950,PSO,0.01577459411595683
17,2,18,950,PSO,0.01832913410311221
17,2,19,950,PSO,0.042245715094853864
17,3,0,950,PSO,0.10611027931287254
17,3,1,950,PSO,0.16463973010473865
17,3,2,950,PSO,0.0005462623536232059
17,3,3,950,PSO,0.004481389180170936
17,3,4,950,PSO,0.0028455015350914437
17,3,5,950,PSO,0.0017435880126299708
17,3,6,950,PSO,0.010787094699708177
17,3,7,950,PSO,0.8102152183933526
17,3,8,950,PSO,1.1307442049196084
17,3,9,950,PSO,0.0013943075392148785
17,3,10,950,PSO,0.0005526371847963674
17,3,11,950,PSO,0.0026045891858075265
17,3,12,950,PSO,0.11504874162307033
17,3,13,950,PSO,0.06745705602310181
17,3,14,950,PSO,0.5028852262079226
17,3,15,950,PSO,0.009610637717855752
17,3,16,950,PSO,0.027996896950298833
17,3,17,950,PSO,0.2286984433335988
17,3,18,950,PSO,0.0006059980121335684
17,3,19,950,PSO,0.0003378407592435906
17,4,0,950,PSO,0.1320978583721626
17,4,1,950,PSO,0.004100193671682462
17,4,2,950,PSO,0.09586495896797231
17,4,3,950,PSO,0.00022122591236950484
17,4,4,950,PSO,0.0238074445349028
17,4,5,950,PSO,0.0004271431810209947
17,4,6,950,PSO,0.04970101776197566
17,4,7,950,PSO,0.31622063853611593
17,4,8,950,PSO,0.0033629487104605005
17,4,9,950,PSO,0.3720339644241122
17,4,10,950,PSO,0.0027653386681123493
17,4,11,950,PSO,0.11958780921794698
17,4,12,950,PSO,0.0003513891142290504
17,4,13,950,PSO,0.025220643582819946
17,4,14,950,PSO,0.0001379479450562826
17,4,15,950,PSO,0.00018616215463396202
17,4,16,950,PSO,0.0572040353836627
17,4,17,950,PSO,0.0009618229409724677
17,4,18,950,PSO,0.06711300325656566
17,4,19,950,PSO,0.0008467353267178623
17,5,0,950,PSO,0.00010536123562587818
17,5,1,950,PSO,0.1464925849143981
17,5,2,950,PSO,0.6229037496254648
17,5,3,950,PSO,0.0326828592796744
17,5,4,950,PSO,0.00018849684190058724
17,5,5,950,PSO,0.00039257211616927634
17,5,6,950,PSO,0.00012080578250106555
17,5,7,950,PSO,0.03308976763418059
17,5,8,950,PSO,0.0004758522808288035
17,5,9,950,PSO,0.0016921048694200636
17,5,10,950,PSO,1.0272069456909776
17,5,11,950,PSO,0.002766360422640446
17,5,12,950,PSO,0.07695859219589352
17,5,13,950,PSO,0.00019475296051041369
17,5,14,950,PSO,0.0031665868097832117
17,5,15,950,PSO,5.050870078093794e-05
17,5,16,950,PSO,0.012205113853980265
17,5,17,950,PSO,0.01267798003695475
17,5,18,950,PSO,0.006612348438494564
17,5,19,950,PSO,0.03906309310198708
17,6,0,950,PSO,0.0005423715249719407
17,6,1,950,PSO,0.00097186440083874
17,6,2,950,PSO,0.0010034442955770828
17,6,3,950,PSO,0.0004789681419765657
17,6,4,950,PSO,0.07708344263136269
17,6,5,950,PSO,0.0019253402261369956
17,6,6,950,PSO,0.03290263351951239
17,6,7,950,PSO,0.0003224301252657824
17,6,8,950,PSO,0.0004588833684238125
17,6,9,950,PSO,0.5036305275307029
17,6,10,950,PSO,0.0004278988910471071
17,6,11,950,PSO,4.0612193316746925e-05
17,6,12,950,PSO,0.08913315654834264
17,6,13,950,PSO,1.0945231082359896e-05
17,6,14,950,PSO,0.0003393984975446074
17,6,15,950,PSO,0.0008837111120385543
17,6,16,950,PSO,0.1574986903465856
17,6,17,950,PSO,0.015976293921909246
17,6,18,950,PSO,0.06932012003167642
17,6,19,950,PSO,0.00016066917655166435
17,7,0,950,PSO,0.2556870096687476
17,7,1,950,PSO,0.1262417305442085
17,7,2,950,PSO,0.00048303878735111994
17,7,3,950,PSO,0.06773275645751653
17,7,4,950,PSO,0.021548049155427407
17,7,5,950,PSO,0.042002520396692944
17,7,6,950,PSO,0.00016039601200645848
17,7,7,950,PSO,0.35201616538417113
17,7,8,950,PSO,0.002643668509335839
17,7,9,950,PSO,0.013525399858636433
17,7,10,950,PSO,0.34961379581865515
17,7,11,950,PSO,0.022288376223471573
17,7,12,950,PSO,0.00010218053338917343
17,7,13,950,PSO,0.00014752380111815455
17,7,14,950,PSO,0.0403988496147889
17,7,15,950,PSO,0.017623868516736252
17,7,16,950,PSO,0.0034001269298045145
17,7,17,950,PSO,0.002371676712812132
17,7,18,950,PSO,0.0007990375350743761
17,7,19,950,PSO,0.06959771446798868
18,1,0,950,PSO,0.2762938479395274
18,1,1,950,PSO,0.3592512381993487
18,1,2,950,PSO,0.005239590968180607
18,1,3,950,PSO,0.07575194982320355
18,1,4,950,PSO,0.06548856644099388
18,1,5,950,PSO,0.20680268258351475
18,1,6,950,PSO,3.1444855094202406
18,1,7,950,PSO,0.06819593509484889
18,1,8,950,PSO,0.05573742818561911
18,1,9,950,PSO,0.7232067096927004
18,1,10,950,PSO,0.22447090209146836
18,1,11,950,PSO,0.17767566300265258
18,1,12,950,PSO,0.06566217303804933
18,1,13,950,PSO,0.004127780354099997
18,1,14,950,PSO,0.013729233966465415
18,1,15,950,PSO,0.3241300067204982
18,1,16,950,PSO,3.8909748217720423
18,1,17,950,PSO,0.018526685483543304
18,1,18,950,PSO,0.15142924027058058
18,1,19,950,PSO,0.707656794266569
18,2,0,950,PSO,0.2044624030555937
18,2,1,950,PSO,0.04083178911313112
18,2,2,950,PSO,0.002606186589378723
18,2,3,950,PSO,0.05225721948197659
18,2,4,950,PSO,0.091316120594648
18,2,5,950,PSO,0.30146395530178083
18,2,6,950,PSO,0.006695492301606265
18,2,7,950,PSO,0.017286540141103757
18,2,8,950,PSO,0.3344317064377975
18,2,9,950,PSO,0.00011295198309468901
18,2,10,950,PSO,0.05244777126443623
18,2,11,950,PSO,0.008364716110488501
18,2,12,950,PSO,0.019045218465777225
18,2,13,950,PSO,0.011310719342414899
18,2,14,950,PSO,0.01778170783834554
18,2,15,950,PSO,0.017787394994073225
18,2,16,950,PSO,0.038803556023946584
18,2,17,950,PSO,0.05681073215591326
18,2,18,950,PSO,0.009509189475298996
18,2,19,950,PSO,0.053526858367821006
18,3,0,950,PSO,0.07534844155122755
18,3,1,950,PSO,0.30777684477772027
18,3,2,950,PSO,0.9732889651654091
18,3,3,950,PSO,0.6528371979346161
18,3,4,950,PSO,0.07822700542146777
18,3,5,950,PSO,1.6120327839730635
18,3,6,950,PSO,0.4224113143415025
18,3,7,950,PSO,0.6020521964949239
18,3,8,950,PSO,0.8716668542002708
18,3,9,950,PSO,0.026992294120987026
18,3,10,950,PSO,0.8319644686241645
18,3,11,950,PSO,0.10388554789983573
18,3,12,950,PSO,0.834663858584122
18,3,13,950,PSO,0.2023613522971459
18,3,14,950,PSO,0.039730021487969225
18,3,15,950,PSO,0.2819189758466223
18,3,16,950,PSO,0.0002068479714125715
18,3,17,950,PSO,0.982359236595812
18,3,18,950,PSO,0.5208717398534191
18,3,19,950,PSO,0.25201071838932876
18,4,0,950,PSO,0.4961192943218151
18,4,1,950,PSO,0.8177366665393606
18,4,2,950,PSO,0.00039824824074941034
18,4,3,950,PSO,0.3195777424681694
18,4,4,950,PSO,9.680573860613052
18,4,5,950,PSO,0.1841082037185373
18,4,6,950,PSO,0.026748492549472758
18,4,7,950,PSO,0.4091675721163952
18,4,8,950,PSO,1.3430988315684544
18,4,9,950,PSO,0.16886464276889512
18,4,10,950,PSO,0.07697434670038206
18,4,11,950,PSO,0.06416161878974691
18,4,12,950,PSO,0.5676510623529722
18,4,13,950,PSO,0.08812966377120546
18,4,14,950,PSO,0.05129603591360876
18,4,15,950,PSO,0.00030500725792137473
18,4,16,950,PSO,1.8093734553954306
18,4,17,950,PSO,0.20182799840456767
18,4,18,950,PSO,0.22263185787573292
18,4,19,950,PSO,0.10788390555837424
18,5,0,950,PSO,2.7798671702072966
18,5,1,950,PSO,0.07718088363264997
18,5,2,950,PSO,0.2168742263368415
18,5,3,950,PSO,0.12981862225021246
18,5,4,950,PSO,0.053049631935834896
18,5,5,950,PSO,0.061065757125419395
18,5,6,950,PSO,0.41798845762954784
18,5,7,950,PSO,0.01529577984382513
18,5,8,950,PSO,0.050240373660045634
18,5,9,950,PSO,0.22003290107329576
18,5,10,950,PSO,0.23662871901228755
18,5,11,950,PSO,1.6401286530480377
18,5,12,950,PSO,0.3071925680333436
18,5,13,950,PSO,1.1395807022288977
18,5,14,950,PSO,0.9449618717583519
18,5,15,950,PSO,0.011330696878928848
18,5,16,950,PSO,0.017033130507059013
18,5,17,950,PSO,0.4350454202347862
18,5,18,950,PSO,0.00934116800732454
18,5,19,950,PSO,0.3828460375436862
18,6,0,950,PSO,1.1078660778187839
18,6,1,950,PSO,0.7140243370131714
18,6,2,950,PSO,0.02899481670411319
18,6,3,950,PSO,0.02375924393169271
18,6,4,950,PSO,0.17220601021611515
18,6,5,950,PSO,0.4722879475363584
18,6,6,950,PSO,0.017639694172316922
18,6,7,950,PSO,0.031735572162318704
18,6,8,950,PSO,0.10262296936630833
18,6,9,950,PSO,0.20351143060455001
18,6,10,950,PSO,0.02491818350776498
18,6,11,950,PSO,0.11608657921004806
18,6,12,950,PSO,0.6295401085563128
18,6,13,950,PSO,0.2157241223515598
18,6,14,950,PSO,0.10188349029169785
18,6,15,950,PSO,0.106439736988591
18,6,16,950,PSO,0.04946814984711523
18,6,17,950,PSO,0.135403685223622
18,6,18,950,PSO,0.00723552348136991
18,6,19,950,PSO,0.24419345063324727
18,7,0,950,PSO,0.06934879461078935
18,7,1,950,PSO,1.8830247783044314
18,7,2,950,PSO,0.6054115889293854
18,7,3,950,PSO,0.04368361008906163
18,7,4,950,PSO,0.07815545892387377
18,7,5,950,PSO,0.08207037361930247
18,7,6,950,PSO,0.15588430273852794
18,7,7,950,PSO,0.34011925316349334
18,7,8,950,PSO,0.04130304486633918
18,7,9,950,PSO,0.002756956493499274
18,7,10,950,PSO,0.05426965701421693
18,7,11,950,PSO,0.21108357271459965
18,7,12,950,PSO,0.005210382879667463
18,7,13,950,PSO,1.3271518734037926
18,7,14,950,PSO,1.8617901190885249
18,7,15,950,PSO,0.17699468907491678
18,7,16,950,PSO,0.1256778429494716
18,7,17,950,PSO,0.07431545066452827
18,7,18,950,PSO,0.4944207335005615
18,7,19,950,PSO,0.12457140589847882
19,1,0,950,PSO,0.9397398309497191
19,1,1,950,PSO,0.8908446945259527
19,1,2,950,PSO,0.22962393848912654
19,1,3,950,PSO,1.407334093787199
19,1,4,950,PSO,0.5841288065100798
19,1,5,950,PSO,0.40633376651909714
19,1,6,950,PSO,0.9544639605394423
19,1,7,950,PSO,0.5797779010341202
19,1,8,950,PSO,1.0261417372168466
19,1,9,950,PSO,1.5519962120383184
19,1,10,950,PSO,0.09431192381389053
19,1,11,950,PSO,1.7332194901865137
19,1,12,950,PSO,0.6500948685025918
19,1,13,950,PSO,0.45476908352638645
19,1,14,950,PSO,1.155742591370469
19,1,15,950,PSO,0.9666448063999553
19,1,16,950,PSO,0.42846889942086364
19,1,17,950,PSO,1.4050535708471585
19,1,18,950,PSO,0.15295655568293398
19,1,19,950,PSO,0.4434626240606008
19,2,0,950,PSO,1.39220303545045
19,2,1,950,PSO,0.9142549427276805
19,2,2,950,PSO,0.8247008121581985
19,2,3,950,PSO,1.479229126508045
19,2,4,950,PSO,1.167898443614277
19,2,5,950,PSO,1.5825787977746302
19,2,6,950,PSO,0.13066168700200365
19,2,7,950,PSO,0.4897393545762867
19,2,8,950,PSO,0.093896346416102
19,2,9,950,PSO,0.9953441567960795
19,2,10,950,PSO,1.160931077136098
19,2,11,950,PSO,0.7780364180831896
19,2,12,950,PSO,0.3985015647986643
19,2,13,950,PSO,1.3270930764174693
19,2,14,950,PSO,1.9429111359267637
19,2,15,950,PSO,1.3510542546473374
19,2,16,950,PSO,0.977558517251552
19,2,17,950,PSO,0.30467582325402986
19,2,18,950,PSO,1.170684144954322
19,2,19,950,PSO,0.42838967896838653
19,3,0,950,PSO,1.820428077338363
19,3,1,950,PSO,2.693545983717655
19,3,2,950,PSO,0.9617411225039234
19,3,3,950,PSO,1.5006531023879575
19,3,4,950,PSO,0.17318218703647403
19,3,5,950,PSO,1.1048428904753962
19,3,6,950,PSO,0.9602125001939044
19,3,7,950,PSO,0.8095609687545675
19,3,8,950,PSO,0.5492788611549031
19,3,9,950,PSO,0.10168621909730291
19,3,10,950,PSO,0.8258346735757698
19,3,11,950,PSO,1.3599415971168014
19,3,12,950,PSO,0.3846288529279889
19,3,13,950,PSO,0.2830708597230682
19,3,14,950,PSO,1.1820168595151301
19,3,15,950,PSO,0.8650685118824413
19,3,16,950,PSO,0.34000108979606125
19,3,17,950,PSO,0.9068828776319151
19,3,18,950,PSO,1.2661466940394916
19,3,19,950,PSO,1.4263471849384075
19,4,0,950,PSO,0.4790929537303583
19,4,1,950,PSO,1.9823386993529155
19,4,2,950,PSO,0.5852786592466117
19,4,3,950,PSO,0.454957516157954
19,4,4,950,PSO,0.6210688973200007
19,4,5,950,PSO,0.9764739762629873
19,4,6,950,PSO,1.209402063284216
19,4,7,950,PSO,0.41697558047027883
19,4,8,950,PSO,1.884037625312871
19,4,9,950,PSO,0.29349857452391603
19,4,10,950,PSO,0.29465135526496056
19,4,11,950,PSO,1.4358306384460278
19,4,12,950,PSO,0.17669693708231904
19,4,13,950,PSO,0.6483538693615856
19,4,14,950,PSO,1.6190955275584429
19,4,15,950,PSO,0.6698637391560354
19,4,16,950,PSO,0.5703451759157048
19,4,17,950,PSO,1.1455402949718518
19,4,18,950,PSO,0.5439703275848231
19,4,19,950,PSO,0.9253627131830839
19,5,0,950,PSO,0.8456826712587144
19,5,1,950,PSO,1.0465417122145482
19,5,2,950,PSO,1.4753124087555989
19,5,3,950,PSO,0.43132627602449247
19,5,4,950,PSO,1.416367240784325
19,5,5,950,PSO,1.1710410859546982
19,5,6,950,PSO,0.3463787949806374
19,5,7,950,PSO,0.7260263208427205
19,5,8,950,PSO,0.5412725319075662
19,5,9,950,PSO,1.1367385809260213
19,5,10,950,PSO,1.21163472785463
19,5,11,950,PSO,1.7007619267258178
19,5,12,950,PSO,0.9576552532504365
19,5,13,950,PSO,1.4980234490349176
19,5,14,950,PSO,0.43089322799539787
19,5,15,950,PSO,0.48916825393439467
19,5,16,950,PSO,1.070687922508796
19,5,17,950,PSO,1.441351865864135
19,5,18,950,PSO,1.247665011980871
19,5,19,950,PSO,0.19641700036061138
19,6,0,950,PSO,0.6947439793236754
19,6,1,950,PSO,0.8828118869994341
19,6,2,950,PSO,1.1369767701185083
19,6,3,950,PSO,0.3219141564464678
19,6,4,950,PSO,1.4904325972703418
19,6,5,950,PSO,2.8014570825407077
19,6,6,950,PSO,2.947923278674466
19,6,7,950,PSO,0.21576956739269804
19,6,8,950,PSO,0.5861332596834359
19,6,9,950,PSO,1.828956927538286
19,6,10,950,PSO,1.7517372012908083
19,6,11,950,PSO,0.6052906309826369
19,6,12,950,PSO,0.3749362614421159
19,6,13,950,PSO,0.0471266463527229
19,6,14,950,PSO,1.2526310605700246
19,6,15,950,PSO,0.7498810213790534
19,6,16,950,PSO,2.239630527478994
19,6,17,950,PSO,1.7447582280285303
19,6,18,950,PSO,1.8046390788111637
19,6,19,950,PSO,1.1902880932761093
19,7,0,950,PSO,0.39890004957705116
19,7,1,950,PSO,1.4921987371227345
19,7,2,950,PSO,0.4974122492471267
19,7,3,950,PSO,0.1555307974350626
19,7,4,950,PSO,0.5615413388372801
19,7,5,950,PSO,0.9419791532689885
19,7,6,950,PSO,0.3223641329156095
19,7,7,950,PSO,1.0511958632714098
19,7,8,950,PSO,0.13248764232572796
19,7,9,950,PSO,0.5272248595221427
19,7,10,950,PSO,0.19500171824952162
19,7,11,950,PSO,0.874714758579934
19,7,12,950,PSO,1.5386768920002538
19,7,13,950,PSO,1.0801420272292717
19,7,14,950,PSO,0.7229417235871836
19,7,15,950,PSO,0.7089654664825957
19,7,16,950,PSO,1.3882519525549313
19,7,17,950,PSO,0.29680969934431545
19,7,18,950,PSO,1.785644458874323
19,7,19,950,PSO,1.1683431662858723
20,1,0,950,PSO,2.1714679246485957
20,1,1,950,PSO,1.974249008896095
20,1,2,950,PSO,1.7381078486456545
20,1,3,950,PSO,2.052985533808396
20,1,4,950,PSO,0.9080326785330044
20,1,5,950,PSO,1.5791886860996556
20,1,6,950,PSO,1.598112449151131
20,1,7,950,PSO,1.065966798668228
20,1,8,950,PSO,1.6976487743397684
20,1,9,950,PSO,1.3423120234457429
20,1,10,950,PSO,2.3295857615011073
20,1,11,950,PSO,1.895235202722347
20,1,12,950,PSO,1.6978325318215184
20,1,13,950,PSO,1.855582863766358
20,1,14,950,PSO,0.9743296558040129
20,1,15,950,PSO,0.9080326772913168
20,1,16,950,PSO,1.4609615557342295
20,1,17,950,PSO,1.1844491493095575
20,1,18,950,PSO,1.9740652464213326
20,1,19,950,PSO,0.7106806508606951
20,2,0,950,PSO,1.7371227739965889
20,2,1,950,PSO,1.979058534149658
20,2,2,950,PSO,1.2633694383561078
20,2,3,950,PSO,1.6187284882605582
20,2,4,950,PSO,1.8555828631308486
20,2,5,950,PSO,0.821711454111437
20,2,6,950,PSO,2.0774172830009547
20,2,7,950,PSO,1.618728515175576
20,2,8,950,PSO,2.0135392458460046
20,2,9,950,PSO,2.0924595324927395
20,2,10,950,PSO,1.4607721051442013
20,2,11,950,PSO,2.0529855597416145
20,2,12,950,PSO,2.084968735974485
20,2,13,950,PSO,1.38185181865299
20,2,14,950,PSO,1.105435346796412
20,2,15,950,PSO,1.3820132987880243
20,2,16,950,PSO,1.26336943553099
20,2,17,950,PSO,1.579188687325086
20,2,18,950,PSO,1.144975150287678
20,2,19,950,PSO,1.8951226915780808
20,3,0,950,PSO,1.6187284879931099
20,3,1,950,PSO,1.1363788444704142
20,3,2,950,PSO,2.0531692995784
20,3,3,950,PSO,2.2898622024160886
20,3,4,950,PSO,1.9740652466955737
20,3,5,950,PSO,1.8555828631047007
20,3,6,950,PSO,2.210919625572018
20,3,7,950,PSO,1.4811017228748256
20,3,8,950,PSO,1.6187284896014376
20,3,9,950,PSO,1.2633694355794773
20,3,10,950,PSO,1.6582024875690422
20,3,11,950,PSO,1.5002461048441091
20,3,12,950,PSO,1.342312016340287
20,3,13,950,PSO,1.5792544882621087
20,3,14,950,PSO,1.5397146855828225
20,3,15,950,PSO,2.0531692900395058
20,3,16,950,PSO,1.6978325379487273
20,3,17,950,PSO,1.9656742719438682
20,3,18,950,PSO,1.6976487743127961
20,3,19,950,PSO,0.7106958168448045
20,4,0,950,PSO,1.4213258189001863
20,4,1,950,PSO,2.605818476999417
20,4,2,950,PSO,1.6576575513767011
20,4,3,950,PSO,2.0135338269894305
20,4,4,950,PSO,2.053169289735365
20,4,5,950,PSO,1.184383403130397
20,4,6,950,PSO,1.8555828630817643
20,4,7,950,PSO,1.5792544888344366
20,4,8,950,PSO,1.5397146857032737
20,4,9,950,PSO,1.421303524271309
20,4,10,950,PSO,1.4213035626701753
20,4,11,950,PSO,1.7360639840348995
20,4,12,950,PSO,1.5002461049155613
20,4,13,950,PSO,1.2633694355398575
20,4,14,950,PSO,0.47375334380981826
20,4,15,950,PSO,2.210919628513608
20,4,16,950,PSO,1.2635531926802628
20,4,17,950,PSO,2.2938032927314396
20,4,18,950,PSO,1.8556709602012234
20,4,19,950,PSO,1.9345254436096013
20,5,0,950,PSO,1.667460686856586
20,5,1,950,PSO,1.7766625767314075
20,5,2,950,PSO,1.6978325313431002
20,5,3,950,PSO,1.987359047747197
20,5,4,950,PSO,1.964820030256015
20,5,5,950,PSO,1.737306531601674
20,5,6,950,PSO,1.974065246196992
20,5,7,950,PSO,1.8234584074520672
20,5,8,950,PSO,2.8440716331601186
20,5,9,950,PSO,1.1054380383839497
20,5,10,950,PSO,1.1449093465423745
20,5,11,950,PSO,2.013539248419643
20,5,12,950,PSO,1.5791886856002524
20,5,13,950,PSO,0.9475066769164808
20,5,14,950,PSO,1.8557666201965208
20,5,15,950,PSO,1.6976488199634954
20,5,16,950,PSO,1.5002461110241851
20,5,17,950,PSO,1.2633694365135408
20,5,18,950,PSO,1.7336639973195194
20,5,19,950,PSO,1.5002461048803282
20,6,0,950,PSO,2.132021629073261
20,6,1,950,PSO,2.2109196216628177
20,6,2,950,PSO,1.8950514440338857
20,6,3,950,PSO,1.776662576845304
20,6,4,950,PSO,1.6976487780471352
20,6,5,950,PSO,2.1266211153518313
20,6,6,950,PSO,0.9080326774255276
20,6,7,950,PSO,2.0135338271166177
20,6,8,950,PSO,1.618889952587633
20,6,9,950,PSO,0.7106958106435286
20,6,10,950,PSO,1.263370422255111
20,6,11,950,PSO,1.6188899511828971
20,6,12,950,PSO,0.7106300083067438
20,6,13,950,PSO,1.7766625767418063
20,6,14,950,PSO,1.3423120163317535
20,6,15,950,PSO,1.7371885773216178
20,6,16,950,PSO,1.61870619382573
20,6,17,950,PSO,1.8555828653325754
20,6,18,950,PSO,1.2633694356995129
20,6,19,950,PSO,1.6581802777172392
20,7,0,950,PSO,2.1716516729687925
20,7,1,950,PSO,2.0925476293517846
20,7,2,950,PSO,1.4213916213255686
20,7,3,950,PSO,0.7106300077138314
20,7,4,950,PSO,1.4998406228081365
20,7,5,950,PSO,1.2635531928470272
20,7,6,950,PSO,2.2505719591944597
20,7,7,950,PSO,1.895122667191501
20,7,8,950,PSO,1.3423120227211598
20,7,9,950,PSO,2.111064472626552
20,7,10,950,PSO,2.1714679157658168
20,7,11,950,PSO,1.5397859434642527
20,7,12,950,PSO,1.3028380163463993
20,7,13,950,PSO,0.9080326868861874
20,7,14,950,PSO,2.0926939818953088
20,7,15,950,PSO,1.144909346795174
20,7,16,950,PSO,1.2240791984571189
20,7,17,950,PSO,1.618728488315483
20,7,18,950,PSO,1.8440942059689007
20,7,19,950,PSO,1.0659667660011962
21,1,0,950,PSO,1.245255535305155
21,1,1,950,PSO,1.2452555353055033
21,1,2,950,PSO,1.245255535304608
21,1,3,950,PSO,1.2452555353152803
21,1,4,950,PSO,1.24525553530448
21,1,5,950,PSO,1.999384882870423
21,1,6,950,PSO,1.2452555353128147
21,1,7,950,PSO,1.245255535304473
21,1,8,950,PSO,1.245255535304608
21,1,9,950,PSO,3.169805587298832
21,1,10,950,PSO,1.999384882869471
21,1,11,950,PSO,1.2452555353046435
21,1,12,950,PSO,1.2452555353048211
21,1,13,950,PSO,1.2452555353043948
21,1,14,950,PSO,2.2987416755751227
21,1,15,950,PSO,1.563009857562541
21,1,16,950,PSO,1.2452555353065264
21,1,17,950,PSO,1.2452555353044303
21,1,18,950,PSO,1.2452555353050059
21,1,19,950,PSO,1.245255535304544
21,2,0,950,PSO,1.803019377822806
21,2,1,950,PSO,2.7779884071689676
21,2,2,950,PSO,3.0716504214803773
21,2,3,950,PSO,3.169805587311639
21,2,4,950,PSO,7.01109803376257
21,2,5,950,PSO,3.1698055872969504
21,2,6,950,PSO,0.0
21,2,7,950,PSO,0.0
21,2,8,950,PSO,1.8030193778228878
21,2,9,950,PSO,1.8030193778230965
21,2,10,950,PSO,0.0019336053495808692
21,2,11,950,PSO,2.043661108708243
21,2,12,950,PSO,0.9299973892568821
21,2,13,950,PSO,0.0
21,2,14,950,PSO,7.011098033770152
21,2,15,950,PSO,1.937740496027461
21,2,16,950,PSO,0.0
21,2,17,950,PSO,7.011098033762622
21,2,18,950,PSO,1.937740495873957
21,2,19,950,PSO,3.1698055872974926
21,3,0,950,PSO,0.0
21,3,1,950,PSO,2.255804624085158
21,3,2,950,PSO,0.0
21,3,3,950,PSO,1.9377404958739817
21,3,4,950,PSO,2.255804624700488
21,3,5,950,PSO,1.5630100691276994
21,3,6,950,PSO,1.999384882892059
21,3,7,950,PSO,4.161779137538474
21,3,8,950,PSO,0.6918569112168598
21,3,9,950,PSO,2.043661108707397
21,3,10,950,PSO,0.0
21,3,11,950,PSO,0.6918569112542627
21,3,12,950,PSO,12.19312687799669
21,3,13,950,PSO,4.161779138065299
21,3,14,950,PSO,0.0
21,3,15,950,PSO,2.0436611087075107
21,3,16,950,PSO,8.123488977192892
21,3,17,950,PSO,7.856584536479033
21,3,18,950,PSO,0.6918569112739306
21,3,19,950,PSO,1.9377404958739248
21,4,0,950,PSO,3.1698055872970166
21,4,1,950,PSO,2.7779884071350445
21,4,2,950,PSO,3.63783536766789
21,4,3,950,PSO,1.2452555353050663
21,4,4,950,PSO,1.2452555353414212
21,4,5,950,PSO,5.262803669177874
21,4,6,950,PSO,0.0
21,4,7,950,PSO,0.6918569111918522
21,4,8,950,PSO,5.262803669173966
21,4,9,950,PSO,5.26280366917447
21,4,10,950,PSO,1.2452555353042989
21,4,11,950,PSO,5.262803669173998
21,4,12,950,PSO,2.4729738584097127
21,4,13,950,PSO,1.2452555353363763
21,4,14,950,PSO,6.658550567595842
21,4,15,950,PSO,7.5935606846626555
21,4,16,950,PSO,5.262803669175344
21,4,17,950,PSO,5.2628036691745415
21,4,18,950,PSO,1.2452555353057448
21,4,19,950,PSO,1.2452555353101111
21,5,0,950,PSO,2.118634928020242
21,5,1,950,PSO,3.1698055873017665
21,5,2,950,PSO,5.262803669175355
21,5,3,950,PSO,1.245255535304409
21,5,4,950,PSO,2.0436611087076244
21,5,5,950,PSO,1.9993848828815999
21,5,6,950,PSO,1.2452555353263506
21,5,7,950,PSO,3.1698055874530837
21,5,8,950,PSO,0.0
21,5,9,950,PSO,1.2452555353045227
21,5,10,950,PSO,0.0
21,5,11,950,PSO,0.0
21,5,12,950,PSO,2.1186349280212653
21,5,13,950,PSO,1.2452555353056596
21,5,14,950,PSO,1.8030193778398598
21,5,15,950,PSO,0.9299973893171227
21,5,16,950,PSO,1.2452555353048638
21,5,17,950,PSO,2.118634928021379
21,5,18,950,PSO,2.118634928020697
21,5,19,950,PSO,2.1186349280400236
21,6,0,950,PSO,0.6918569111998067
21,6,1,950,PSO,3.6378353678182975
21,6,2,950,PSO,3.637835431507824
21,6,3,950,PSO,0.6918569111933266
21,6,4,950,PSO,1.9377404963812523
21,6,5,950,PSO,1.9377404965296137
21,6,6,950,PSO,3.169805587299493
21,6,7,950,PSO,3.6378353764439453
21,6,8,950,PSO,3.1698055872966506
21,6,9,950,PSO,2.1186349307931778
21,6,10,950,PSO,3.1698055872966506
21,6,11,950,PSO,3.169805587299379
21,6,12,950,PSO,1.9377404959218438
21,6,13,950,PSO,1.660932245619506
21,6,14,950,PSO,1.9377404958901252
21,6,15,950,PSO,3.1698055872969917
21,6,16,950,PSO,0.0
21,6,17,950,PSO,3.6378353688132847
21,6,18,950,PSO,9.930446911490094
21,6,19,950,PSO,3.1698055872966506
21,7,0,950,PSO,1.9377404958746354
21,7,1,950,PSO,5.781197371749968
21,7,2,950,PSO,0.0
21,7,3,950,PSO,1.803019377823233
21,7,4,950,PSO,2.043661108717231
21,7,5,950,PSO,0.0
21,7,6,950,PSO,2.0436611087122287
21,7,7,950,PSO,1.8030193778247678
21,7,8,950,PSO,1.9377404958803908
21,7,9,950,PSO,2.043661108707454
21,7,10,950,PSO,2.043661108707383
21,7,11,950,PSO,0.6918569113209259
21,7,12,950,PSO,5.781197371749087
21,7,13,950,PSO,1.9377404958739533
21,7,14,950,PSO,3.637835367634807
21,7,15,950,PSO,2.7779884074481913
21,7,16,950,PSO,1.9377404958739533
21,7,17,950,PSO,0.0
21,7,18,950,PSO,1.9377404958749622
21,7,19,950,PSO,0.0
22,1,0,950,PSO,0.6918569111926445
22,1,1,950,PSO,0.6918569112034447
22,1,2,950,PSO,18.28829244927101
22,1,3,950,PSO,5.062737457106778
22,1,4,950,PSO,0.0
22,1,5,950,PSO,0.0
22,1,6,950,PSO,0.6918569115746322
22,1,7,950,PSO,2.5905477305367413
22,1,8,950,PSO,2.742920459119091
22,1,9,950,PSO,30.082211333622695
22,1,10,950,PSO,18.288292449265555
22,1,11,950,PSO,0.0
22,1,12,950,PSO,0.6918569112045816
22,1,13,950,PSO,0.691856911192076
22,1,14,950,PSO,30.082211333850864
22,1,15,950,PSO,2.0521388549125277
22,1,16,950,PSO,0.0
22,1,17,950,PSO,5.062737456450691
22,1,18,950,PSO,0.691856911195714
22,1,19,950,PSO,18.28829244932149
22,2,0,950,PSO,1.9549988595233572
22,2,1,950,PSO,0.6918569111926445
22,2,2,950,PSO,7.2716291936449124
22,2,3,950,PSO,0.6918569111918487
22,2,4,950,PSO,0.6918569111994657
22,2,5,950,PSO,0.0
22,2,6,950,PSO,1.9549988595233572
22,2,7,950,PSO,1.954998859523812
22,2,8,950,PSO,1.954998859523812
22,2,9,950,PSO,2.5905477301544124
22,2,10,950,PSO,1.9549988595233572
22,2,11,950,PSO,2.590547730135313
22,2,12,950,PSO,0.6918569111930992
22,2,13,950,PSO,1.9549988595233572
22,2,14,950,PSO,0.6918569111925308
22,2,15,950,PSO,7.271629225278275
22,2,16,950,PSO,0.6918569111925308
22,2,17,950,PSO,1.954998859524835
22,2,18,950,PSO,7.2716291936339985
22,2,19,950,PSO,7.271629194029629
22,3,0,950,PSO,1.9549988595373051
22,3,1,950,PSO,0.6918569111929003
22,3,2,950,PSO,11.125618450408325
22,3,3,950,PSO,11.12561845040841
22,3,4,950,PSO,0.0
22,3,5,950,PSO,0.0
22,3,6,950,PSO,1.9549988596084162
22,3,7,950,PSO,5.684341886080802e-14
22,3,8,950,PSO,1.9549988595241885
22,3,9,950,PSO,7.105427357601002e-15
22,3,10,950,PSO,0.0
22,3,11,950,PSO,0.0
22,3,12,950,PSO,2.3602707238192053
22,3,13,950,PSO,8.422328359383393
22,3,14,950,PSO,0.0
22,3,15,950,PSO,8.742750532073657
22,3,16,950,PSO,0.0
22,3,17,950,PSO,1.5631940186722204e-13
22,3,18,950,PSO,11.125618450408794
22,3,19,950,PSO,1.9549988595336742
22,4,0,950,PSO,7.27162919362695
22,4,1,950,PSO,7.271629193626779
22,4,2,950,PSO,7.271629193627064
22,4,3,950,PSO,7.271629193626666
22,4,4,950,PSO,2.5905477300913162
22,4,5,950,PSO,0.6918569112002615
22,4,6,950,PSO,2.590547730090293
22,4,7,950,PSO,2.5905477300905773
22,4,8,950,PSO,7.271629193626609
22,4,9,950,PSO,7.271629193626666
22,4,10,950,PSO,7.271629193626609
22,4,11,950,PSO,7.271629193626666
22,4,12,950,PSO,7.271629193626779
22,4,13,950,PSO,0.0
22,4,14,950,PSO,7.271629193626609
22,4,15,950,PSO,8.742750535980917
22,4,16,950,PSO,7.271629193626609
22,4,17,950,PSO,7.271629193626552
22,4,18,950,PSO,7.271629193687772
22,4,19,950,PSO,7.271629193627405
22,5,0,950,PSO,8.742750532094107
22,5,1,950,PSO,0.6918569111934971
22,5,2,950,PSO,7.105427357601002e-15
22,5,3,950,PSO,25.476950793170055
22,5,4,950,PSO,0.0
22,5,5,950,PSO,0.6918569111939519
22,5,6,950,PSO,7.271629193627753
22,5,7,950,PSO,8.742750532072037
22,5,8,950,PSO,7.271629193627511
22,5,9,950,PSO,7.271629193626737
22,5,10,950,PSO,25.476950793171973
22,5,11,950,PSO,0.6918569111932413
22,5,12,950,PSO,0.6918569111922821
22,5,13,950,PSO,8.774328208370825
22,5,14,950,PSO,8.742750532090803
22,5,15,950,PSO,0.6918569111918629
22,5,16,950,PSO,0.6918569111970854
22,5,17,950,PSO,0.0
22,5,18,950,PSO,1.9964610950914619
22,5,19,950,PSO,0.6918569112398529
22,6,0,950,PSO,0.6918569111919908
22,6,1,950,PSO,0.6918569111920192
22,6,2,950,PSO,0.6918569111991033
22,6,3,950,PSO,0.0
22,6,4,950,PSO,0.6918569111927013
22,6,5,950,PSO,0.6918569111928647
22,6,6,950,PSO,0.6918569111924953
22,6,7,950,PSO,0.691856911193689
22,6,8,950,PSO,11.12561845041008
22,6,9,950,PSO,0.6918569111918416
22,6,10,950,PSO,0.6918569111917776
22,6,11,950,PSO,0.6918569111926516
22,6,12,950,PSO,0.6918569111918487
22,6,13,950,PSO,5.06273745642995
22,6,14,950,PSO,5.062737456461036
22,6,15,950,PSO,2.590547730359276
22,6,16,950,PSO,2.5905477339105687
22,6,17,950,PSO,5.062737456430348
22,6,18,950,PSO,5.0627374564309875
22,6,19,950,PSO,5.06273745644679
22,7,0,950,PSO,7.271629193637693
22,7,1,950,PSO,2.5905477300897815
22,7,2,950,PSO,5.062737460780056
22,7,3,950,PSO,0.0
22,7,4,950,PSO,2.590547731825268
22,7,5,950,PSO,2.59054773011556
22,7,6,950,PSO,2.5905477300922257
22,7,7,950,PSO,7.271629193626666
22,7,8,950,PSO,7.2716291936305595
22,7,9,950,PSO,0.0
22,7,10,950,PSO,8.742750532077451
22,7,11,950,PSO,2.590547730092993
22,7,12,950,PSO,2.5905477300936184
22,7,13,950,PSO,0.0
22,7,14,950,PSO,8.74275053207279
22,7,15,950,PSO,7.27162919380234
22,7,16,950,PSO,0.0
22,7,17,950,PSO,7.271629193629309
22,7,18,950,PSO,2.590547730093988
22,7,19,950,PSO,0.0
23,1,0,950,PSO,2.1779862332949476
23,1,1,950,PSO,2.0615939934928464
23,1,2,950,PSO,1.7781433131995383
23,1,3,950,PSO,1.7082615666119816
23,1,4,950,PSO,1.9385002223472112
23,1,5,950,PSO,1.341494224295091
23,1,6,950,PSO,0.783915825288279
23,1,7,950,PSO,1.0784918476154646
23,1,8,950,PSO,0.2433326848878652
23,1,9,950,PSO,1.6485890276679926
23,1,10,950,PSO,2.3350111445970834
23,1,11,950,PSO,2.3406188220193362
23,1,12,950,PSO,1.9844781448624742
23,1,13,950,PSO,2.5147367921380637
23,1,14,950,PSO,2.0942307006296312
23,1,15,950,PSO,1.5297848374054128
23,1,16,950,PSO,2.186441540163824
23,1,17,950,PSO,2.0442146947892263
23,1,18,950,PSO,2.31121500305023
23,1,19,950,PSO,0.4663531868208306
23,2,0,950,PSO,1.601495881531841
23,2,1,950,PSO,1.6841367052708307
23,2,2,950,PSO,3.7961128860646376
23,2,3,950,PSO,0.6249030897335546
23,2,4,950,PSO,1.3833322700255217
23,2,5,950,PSO,1.5312494748277166
23,2,6,950,PSO,0.16616632352910435
23,2,7,950,PSO,1.9545858951041222
23,2,8,950,PSO,0.2658292376130252
23,2,9,950,PSO,0.2740714989193257
23,2,10,950,PSO,0.025801934247249567
23,2,11,950,PSO,0.9188427372824333
23,2,12,950,PSO,2.9029788066606756
23,2,13,950,PSO,0.6077898133474694
23,2,14,950,PSO,1.7791782190629952
23,2,15,950,PSO,1.0161298120605597
23,2,16,950,PSO,1.6311539770339465
23,2,17,950,PSO,2.0448580818263364
23,2,18,950,PSO,0.08940829455893012
23,2,19,950,PSO,1.764147877688048
23,3,0,950,PSO,1.2073646692606985
23,3,1,950,PSO,1.3382814793393152
23,3,2,950,PSO,2.580599643153107
23,3,3,950,PSO,1.3638373009079032
23,3,4,950,PSO,2.045175828110189
23,3,5,950,PSO,0.1790260367129406
23,3,6,950,PSO,0.4270747952664635
23,3,7,950,PSO,1.4605815399802395
23,3,8,950,PSO,0.26453836864899927
23,3,9,950,PSO,0.8183307509439999
23,3,10,950,PSO,1.7851669823246823
23,3,11,950,PSO,2.3965355045518493
23,3,12,950,PSO,1.2406935976589182
23,3,13,950,PSO,1.6483518800774561
23,3,14,950,PSO,1.9731689496323952
23,3,15,950,PSO,2.4154514823313775
23,3,16,950,PSO,2.1020354607066167
23,3,17,950,PSO,0.20114612308742608
23,3,18,950,PSO,1.3533504860012044
23,3,19,950,PSO,2.138971068289692
23,4,0,950,PSO,1.8714031138750045
23,4,1,950,PSO,1.6759895716429867
23,4,2,950,PSO,1.1675215036426607
23,4,3,950,PSO,1.3405148670398148
23,4,4,950,PSO,2.5903858736811003
23,4,5,950,PSO,2.025714177213615
23,4,6,950,PSO,0.7465832811011524
23,4,7,950,PSO,1.8291865083423033
23,4,8,950,PSO,2.649448151071425
23,4,9,950,PSO,0.8009424915387342
23,4,10,950,PSO,0.9104569262410962
23,4,11,950,PSO,2.7019230288122458
23,4,12,950,PSO,1.5003953475517733
23,4,13,950,PSO,0.338025721936674
23,4,14,950,PSO,0.7925281832110045
23,4,15,950,PSO,1.7850191979937904
23,4,16,950,PSO,2.3896413059981114
23,4,17,950,PSO,2.3722151717861664
23,4,18,950,PSO,2.06819763101106
23,4,19,950,PSO,1.4334447594147548
23,5,0,950,PSO,2.3368242272572743
23,5,1,950,PSO,0.6319451115137724
23,5,2,950,PSO,1.9955888623499476
23,5,3,950,PSO,1.092838688768829
23,5,4,950,PSO,0.6636433810076809
23,5,5,950,PSO,2.022308544281323
23,5,6,950,PSO,0.6839159782270627
23,5,7,950,PSO,2.335722392855665
23,5,8,950,PSO,0.083348049350505
23,5,9,950,PSO,1.971980669516583
23,5,10,950,PSO,2.075454844341273
23,5,11,950,PSO,0.46805049954562605
23,5,12,950,PSO,2.1043454810513254
23,5,13,950,PSO,0.5790746046196418
23,5,14,950,PSO,2.520109159891767
23,5,15,950,PSO,1.246596674685314
23,5,16,950,PSO,1.5327325059294736
23,5,17,950,PSO,1.272014092712027
23,5,18,950,PSO,1.3084640465575674
23,5,19,950,PSO,2.3779347808058304
23,6,0,950,PSO,0.05244327486835232
23,6,1,950,PSO,1.4913000577015083
23,6,2,950,PSO,1.3290606158187614
23,6,3,950,PSO,1.9137001664346798
23,6,4,950,PSO,1.129264680569392
23,6,5,950,PSO,1.6310496881843193
23,6,6,950,PSO,0.5312553013128536
23,6,7,950,PSO,1.9792745007842854
23,6,8,950,PSO,0.9929518619690327
23,6,9,950,PSO,2.2586215925239372
23,6,10,950,PSO,1.4881417927114313
23,6,11,950,PSO,1.6302999271104852
23,6,12,950,PSO,0.683160779215882
23,6,13,950,PSO,2.7326712369114716
23,6,14,950,PSO,1.2557295350897277
23,6,15,950,PSO,0.43633664751101264
23,6,16,950,PSO,2.2216786624224056
23,6,17,950,PSO,1.3644378518683737
23,6,18,950,PSO,2.487560390174707
23,6,19,950,PSO,1.815884276098771
23,7,0,950,PSO,1.3765935277308472
23,7,1,950,PSO,0.1735373400805429
23,7,2,950,PSO,2.089769853877442
23,7,3,950,PSO,1.123614970457652
23,7,4,950,PSO,2.4003298641131323
23,7,5,950,PSO,2.947183105803333
23,7,6,950,PSO,1.0936610772187123
23,7,7,950,PSO,1.6047788154584168
23,7,8,950,PSO,0.10984856113850583
23,7,9,950,PSO,1.2235643120103532
23,7,10,950,PSO,0.860312873623343
23,7,11,950,PSO,2.2325170299434376
23,7,12,950,PSO,1.693639051337641
23,7,13,950,PSO,1.6946780156090426
23,7,14,950,PSO,1.7791657300888346
23,7,15,950,PSO,1.7969737209402865
23,7,16,950,PSO,1.6256222198976502
23,7,17,950,PSO,1.035684867258965
23,7,18,950,PSO,2.754743591456986
23,7,19,950,PSO,1.7978770008726315
24,1,0,950,PSO,7.186714834693575
24,1,1,950,PSO,16.863399507274224
24,1,2,950,PSO,12.153698643603619
24,1,3,950,PSO,9.054909184789395
24,1,4,950,PSO,10.289230906046242
24,1,5,950,PSO,10.36467808040095
24,1,6,950,PSO,7.417578838490655
24,1,7,950,PSO,5.923996437286405
24,1,8,950,PSO,10.937842762432695
24,1,9,950,PSO,9.77789631159635
24,1,10,950,PSO,12.482213700684753
24,1,11,950,PSO,2.411597490405228
24,1,12,950,PSO,13.089589349715581
24,1,13,950,PSO,9.528026831856607
24,1,14,950,PSO,7.034033744147052
24,1,15,950,PSO,15.97419319756203
24,1,16,950,PSO,23.705179228020242
24,1,17,950,PSO,13.828024765126344
24,1,18,950,PSO,18.534153784869716
24,1,19,950,PSO,3.472706036482265
24,2,0,950,PSO,14.686596391067084
24,2,1,950,PSO,16.217896203939844
24,2,2,950,PSO,2.9053370509755183
24,2,3,950,PSO,20.17387295854998
24,2,4,950,PSO,5.099199152457999
24,2,5,950,PSO,15.0230391975753
24,2,6,950,PSO,16.87216901109406
24,2,7,950,PSO,14.519234744103727
24,2,8,950,PSO,18.203247533710723
24,2,9,950,PSO,15.549876222864185
24,2,10,950,PSO,7.904140978823619
24,2,11,950,PSO,12.202189148414007
24,2,12,950,PSO,20.196127028174047
24,2,13,950,PSO,0.5221928017882504
24,2,14,950,PSO,12.554331319951118
24,2,15,950,PSO,17.519793185341214
24,2,16,950,PSO,0.7080707008037024
24,2,17,950,PSO,9.507687365748083
24,2,18,950,PSO,20.854166476937294
24,2,19,950,PSO,24.380310588061405
24,3,0,950,PSO,12.058966714948543
24,3,1,950,PSO,20.2106315100624
24,3,2,950,PSO,10.883141673311489
24,3,3,950,PSO,9.216056950152876
24,3,4,950,PSO,7.444373673432452
24,3,5,950,PSO,10.297029700354088
24,3,6,950,PSO,18.215364837402554
24,3,7,950,PSO,17.78195116891333
24,3,8,950,PSO,15.439702663412191
24,3,9,950,PSO,8.58846499108381
24,3,10,950,PSO,16.03449035722479
24,3,11,950,PSO,19.4198033759115
24,3,12,950,PSO,13.714759411278294
24,3,13,950,PSO,18.2596283757316
24,3,14,950,PSO,11.423452193397232
24,3,15,950,PSO,10.88075173452335
24,3,16,950,PSO,15.917874970715847
24,3,17,950,PSO,11.764214085720113
24,3,18,950,PSO,4.738577951373465
24,3,19,950,PSO,11.977941905117447
24,4,0,950,PSO,14.039708322795121
24,4,1,950,PSO,7.2251781847596135
24,4,2,950,PSO,15.770055300860918
24,4,3,950,PSO,15.829999087679425
24,4,4,950,PSO,13.476815726124983
24,4,5,950,PSO,13.435702310097383
24,4,6,950,PSO,10.45897908480572
24,4,7,950,PSO,4.961587903542693
24,4,8,950,PSO,13.63588402303975
24,4,9,950,PSO,14.600951881836664
24,4,10,950,PSO,11.49040840191492
24,4,11,950,PSO,10.31825828826942
24,4,12,950,PSO,11.950213797399698
24,4,13,950,PSO,10.025556556730379
24,4,14,950,PSO,16.702819114916565
24,4,15,950,PSO,16.070279989535265
24,4,16,950,PSO,17.18353667541095
24,4,17,950,PSO,12.352688227925483
24,4,18,950,PSO,15.164846345143815
24,4,19,950,PSO,16.17848791768057
24,5,0,950,PSO,9.729993454435416
24,5,1,950,PSO,6.089825782771243
24,5,2,950,PSO,7.9861666530387225
24,5,3,950,PSO,9.792460493677822
24,5,4,950,PSO,1.8791449088917318
24,5,5,950,PSO,12.220485839917202
24,5,6,950,PSO,11.65133475801295
24,5,7,950,PSO,14.407872078047347
24,5,8,950,PSO,11.199146714338866
24,5,9,950,PSO,7.571502619690619
24,5,10,950,PSO,21.155745465765904
24,5,11,950,PSO,19.032548308778757
24,5,12,950,PSO,15.539163959176534
24,5,13,950,PSO,9.587372031037773
24,5,14,950,PSO,9.493819956579216
24,5,15,950,PSO,14.892181154819525
24,5,16,950,PSO,12.629991697850073
24,5,17,950,PSO,27.538695312202435
24,5,18,950,PSO,13.160706409892796
24,5,19,950,PSO,11.68422986985172
24,6,0,950,PSO,13.124477890224455
24,6,1,950,PSO,4.0482158164429904
24,6,2,950,PSO,15.861156145202983
24,6,3,950,PSO,17.286325277496758
24,6,4,950,PSO,8.608856734271512
24,6,5,950,PSO,9.879539831105035
24,6,6,950,PSO,3.774764665674155
24,6,7,950,PSO,11.738980779304086
24,6,8,950,PSO,9.25525028680309
24,6,9,950,PSO,13.023313801186532
24,6,10,950,PSO,19.196785088837373
24,6,11,950,PSO,9.699895026849674
24,6,12,950,PSO,8.64853025719853
24,6,13,950,PSO,7.969549363233256
24,6,14,950,PSO,16.505321728137915
24,6,15,950,PSO,13.78374516685031
24,6,16,950,PSO,17.44251977985971
24,6,17,950,PSO,6.598749993903795
24,6,18,950,PSO,18.973231912079655
24,6,19,950,PSO,6.512003596081996
24,7,0,950,PSO,9.446871356499912
24,7,1,950,PSO,5.188677648722376
24,7,2,950,PSO,12.131445747059502
24,7,3,950,PSO,9.403901250703882
24,7,4,950,PSO,17.195881498533822
24,7,5,950,PSO,12.210735934631316
24,7,6,950,PSO,9.69686855321595
24,7,7,950,PSO,3.641439613947341
24,7,8,950,PSO,11.361981070302988
24,7,9,950,PSO,18.080338414764697
24,7,10,950,PSO,8.142145913129184
24,7,11,950,PSO,11.271471280213575
24,7,12,950,PSO,17.42307346998888
24,7,13,950,PSO,8.683164468220468
24,7,14,950,PSO,7.1700007200283835
24,7,15,950,PSO,21.979125732270063
24,7,16,950,PSO,4.002784767055402
24,7,17,950,PSO,18.840957415911305
24,7,18,950,PSO,20.58386718949555
24,7,19,950,PSO,6.6624252986385955
