fid,iid,rep,a1_budget,algname,achieved_regret
1,1,0,400,BFGS,9.379164112033322e-12
1,1,1,400,BFGS,4.263256414560601e-14
1,1,2,400,BFGS,4.263256414560601e-14
1,1,3,400,BFGS,8.810729923425242e-13
1,1,4,400,BFGS,1.7053025658242404e-13
1,1,5,400,BFGS,2.3590018827235326e-12
1,1,6,400,BFGS,3.552713678800501e-13
1,1,7,400,BFGS,1.1368683772161603e-13
1,1,8,400,BFGS,1.7053025658242404e-13
1,1,9,400,BFGS,4.263256414560601e-14
1,1,10,400,BFGS,3.694822225952521e-13
1,1,11,400,BFGS,1.4210854715202004e-13
1,1,12,400,BFGS,7.105427357601002e-14
1,1,13,400,BFGS,1.4210854715202004e-14
1,1,14,400,BFGS,8.526512829121202e-14
1,1,15,400,BFGS,7.105427357601002e-14
1,1,16,400,BFGS,9.947598300641403e-14
1,1,17,400,BFGS,2.842170943040401e-14
1,1,18,400,BFGS,1.2789769243681803e-13
1,1,19,400,BFGS,2.1316282072803006e-13
1,2,0,400,BFGS,1.4779288903810084e-12
1,2,1,400,BFGS,4.320099833421409e-12
1,2,2,400,BFGS,8.01492205937393e-12
1,2,3,400,BFGS,2.1032064978498966e-12
1,2,4,400,BFGS,4.149569576838985e-12
1,2,5,400,BFGS,7.275957614183426e-12
1,2,6,400,BFGS,7.389644451905042e-13
1,2,7,400,BFGS,3.183231456205249e-12
1,2,8,400,BFGS,1.5916157281026244e-12
1,2,9,400,BFGS,2.55226950685028e-11
1,2,10,400,BFGS,8.526512829121202e-13
1,2,11,400,BFGS,2.8421709430404007e-13
1,2,12,400,BFGS,3.467448550509289e-12
1,2,13,400,BFGS,4.149569576838985e-12
1,2,14,400,BFGS,1.0800249583553523e-12
1,2,15,400,BFGS,2.8421709430404007e-12
1,2,16,400,BFGS,1.3073986337985843e-12
1,2,17,400,BFGS,6.480149750132114e-12
1,2,18,400,BFGS,2.5579538487363607e-12
1,2,19,400,BFGS,8.526512829121202e-12
1,3,0,400,BFGS,3.410605131648481e-13
1,3,1,400,BFGS,1.7337242752546445e-12
1,3,2,400,BFGS,7.673861546209082e-13
1,3,3,400,BFGS,5.400124791776761e-13
1,3,4,400,BFGS,6.252776074688882e-13
1,3,5,400,BFGS,8.526512829121202e-14
1,3,6,400,BFGS,2.2737367544323206e-13
1,3,7,400,BFGS,4.547473508864641e-13
1,3,8,400,BFGS,5.684341886080801e-13
1,3,9,400,BFGS,1.1368683772161603e-13
1,3,10,400,BFGS,4.263256414560601e-13
1,3,11,400,BFGS,1.7053025658242404e-13
1,3,12,400,BFGS,8.526512829121202e-14
1,3,13,400,BFGS,2.8421709430404007e-13
1,3,14,400,BFGS,1.7053025658242404e-13
1,3,15,400,BFGS,5.684341886080801e-13
1,3,16,400,BFGS,7.673861546209082e-13
1,3,17,400,BFGS,4.547473508864641e-13
1,3,18,400,BFGS,2.3533175408374518e-11
1,3,19,400,BFGS,1.6484591469634324e-12
1,4,0,400,BFGS,3.836930773104541e-12
1,4,1,400,BFGS,1.6768808563938364e-12
1,4,2,400,BFGS,8.611777957412414e-12
1,4,3,400,BFGS,1.7905676941154525e-12
1,4,4,400,BFGS,2.1600499167107046e-12
1,4,5,400,BFGS,1.5631940186722204e-12
1,4,6,400,BFGS,7.673861546209082e-13
1,4,7,400,BFGS,2.3874235921539366e-12
1,4,8,400,BFGS,3.126388037344441e-13
1,4,9,400,BFGS,7.673861546209082e-13
1,4,10,400,BFGS,1.1652900866465643e-12
1,4,11,400,BFGS,3.694822225952521e-13
1,4,12,400,BFGS,5.684341886080801e-13
1,4,13,400,BFGS,9.379164112033322e-13
1,4,14,400,BFGS,3.979039320256561e-13
1,4,15,400,BFGS,4.433786671143025e-12
1,4,16,400,BFGS,5.684341886080802e-14
1,4,17,400,BFGS,1.9895196601282805e-12
1,4,18,400,BFGS,1.7053025658242404e-13
1,4,19,400,BFGS,1.7337242752546445e-12
1,5,0,400,BFGS,3.552713678800501e-15
1,5,1,400,BFGS,3.552713678800501e-15
1,5,2,400,BFGS,3.552713678800501e-15
1,5,3,400,BFGS,1.0658141036401503e-14
1,5,4,400,BFGS,4.263256414560601e-14
1,5,5,400,BFGS,3.552713678800501e-15
1,5,6,400,BFGS,3.552713678800501e-15
1,5,7,400,BFGS,3.552713678800501e-15
1,5,8,400,BFGS,1.0658141036401503e-14
1,5,9,400,BFGS,0.0
1,5,10,400,BFGS,3.552713678800501e-15
1,5,11,400,BFGS,3.552713678800501e-15
1,5,12,400,BFGS,3.552713678800501e-15
1,5,13,400,BFGS,0.0
1,5,14,400,BFGS,3.552713678800501e-15
1,5,15,400,BFGS,3.552713678800501e-15
1,5,16,400,BFGS,3.552713678800501e-15
1,5,17,400,BFGS,1.4210854715202004e-14
1,5,18,400,BFGS,2.1316282072803006e-14
1,5,19,400,BFGS,3.552713678800501e-15
1,6,0,400,BFGS,3.126388037344441e-13
1,6,1,400,BFGS,1.3358203432289883e-12
1,6,2,400,BFGS,4.746425474877469e-12
1,6,3,400,BFGS,2.5579538487363607e-13
1,6,4,400,BFGS,8.810729923425242e-13
1,6,5,400,BFGS,2.2737367544323206e-13
1,6,6,400,BFGS,1.1368683772161603e-13
1,6,7,400,BFGS,1.7053025658242404e-13
1,6,8,400,BFGS,4.547473508864641e-13
1,6,9,400,BFGS,1.7053025658242404e-13
1,6,10,400,BFGS,8.526512829121202e-13
1,6,11,400,BFGS,3.410605131648481e-13
1,6,12,400,BFGS,1.3073986337985843e-12
1,6,13,400,BFGS,5.400124791776761e-13
1,6,14,400,BFGS,1.1937117960769683e-12
1,6,15,400,BFGS,7.958078640513122e-13
1,6,16,400,BFGS,8.15703060652595e-12
1,6,17,400,BFGS,1.9895196601282805e-13
1,6,18,400,BFGS,1.2789769243681803e-12
1,6,19,400,BFGS,9.634959496906959e-12
1,7,0,400,BFGS,8.185452315956354e-12
1,7,1,400,BFGS,2.000888343900442e-11
1,7,2,400,BFGS,8.86757334228605e-12
1,7,3,400,BFGS,2.717115421546623e-11
1,7,4,400,BFGS,4.320099833421409e-12
1,7,5,400,BFGS,5.843503458891064e-11
1,7,6,400,BFGS,7.275957614183426e-12
1,7,7,400,BFGS,2.091837814077735e-11
1,7,8,400,BFGS,5.7411853049416095e-11
1,7,9,400,BFGS,2.3874235921539366e-12
1,7,10,400,BFGS,2.2737367544323206e-12
1,7,11,400,BFGS,5.5706550483591855e-12
1,7,12,400,BFGS,5.2864379540551454e-11
1,7,13,400,BFGS,8.753886504564434e-11
1,7,14,400,BFGS,9.890754881780595e-12
1,7,15,400,BFGS,3.410605131648481e-12
1,7,16,400,BFGS,1.1596057447604835e-11
1,7,17,400,BFGS,1.4779288903810084e-11
1,7,18,400,BFGS,1.6825651982799172e-11
1,7,19,400,BFGS,1.000444171950221e-11
2,1,0,400,BFGS,4.476419235288631e-11
2,1,1,400,BFGS,2.4442670110147446e-11
2,1,2,400,BFGS,4.9681148084346205e-11
2,1,3,400,BFGS,3.424815986363683e-11
2,1,4,400,BFGS,3.6266101233195513e-11
2,1,5,400,BFGS,4.374101081339177e-11
2,1,6,400,BFGS,4.001776687800884e-11
2,1,7,400,BFGS,5.306333150656428e-11
2,1,8,400,BFGS,6.005507202644367e-11
2,1,9,400,BFGS,5.374545253289398e-11
2,1,10,400,BFGS,3.439026841078885e-11
2,1,11,400,BFGS,3.694822225952521e-11
2,1,12,400,BFGS,1.8673063095775433e-11
2,1,13,400,BFGS,2.5011104298755527e-11
2,1,14,400,BFGS,2.2282620193436742e-11
2,1,15,400,BFGS,5.425704330264125e-11
2,1,16,400,BFGS,4.2945202949340455e-11
2,1,17,400,BFGS,4.845901457883883e-11
2,1,18,400,BFGS,4.013145371573046e-11
2,1,19,400,BFGS,5.474021236295812e-11
2,2,0,400,BFGS,5.468336894409731e-11
2,2,1,400,BFGS,4.632738637155853e-11
2,2,2,400,BFGS,4.4295234147284646e-11
2,2,3,400,BFGS,5.668709945894079e-11
2,2,4,400,BFGS,5.476863407238852e-11
2,2,5,400,BFGS,4.320099833421409e-11
2,2,6,400,BFGS,5.2864379540551454e-11
2,2,7,400,BFGS,1.7418244624423096e-10
2,2,8,400,BFGS,4.689582056016661e-11
2,2,9,400,BFGS,5.4797055781818926e-11
2,2,10,400,BFGS,7.523226486227941e-11
2,2,11,400,BFGS,4.729372449219227e-11
2,2,12,400,BFGS,2.4357404981856234e-11
2,2,13,400,BFGS,1.1510792319313623e-11
2,2,14,400,BFGS,2.1927348825556692e-11
2,2,15,400,BFGS,3.5413449950283393e-11
2,2,16,400,BFGS,4.8416382014693227e-11
2,2,17,400,BFGS,5.3361759455583524e-11
2,2,18,400,BFGS,1.1610268302320037e-10
2,2,19,400,BFGS,2.1259438653942198e-11
2,3,0,400,BFGS,5.1031179282290395e-11
2,3,1,400,BFGS,4.0316194827028085e-11
2,3,2,400,BFGS,5.975664407742443e-11
2,3,3,400,BFGS,8.498091119690798e-12
2,3,4,400,BFGS,3.269349235779373e-10
2,3,5,400,BFGS,3.808509063674137e-11
2,3,6,400,BFGS,3.376499080331996e-11
2,3,7,400,BFGS,4.857270141656045e-11
2,3,8,400,BFGS,4.759215244121151e-11
2,3,9,400,BFGS,5.488232091011014e-11
2,3,10,400,BFGS,5.410072390077403e-11
2,3,11,400,BFGS,3.2443381314806174e-11
2,3,12,400,BFGS,3.8554048842343036e-11
2,3,13,400,BFGS,3.986144747614162e-11
2,3,14,400,BFGS,4.409628218127182e-11
2,3,15,400,BFGS,4.0614622776047327e-11
2,3,16,400,BFGS,3.250022473366698e-11
2,3,17,400,BFGS,4.9752202357922215e-11
2,3,18,400,BFGS,5.2452264753810596e-11
2,3,19,400,BFGS,5.4157567319634836e-11
2,4,0,400,BFGS,1.8474111129762605e-11
2,4,1,400,BFGS,4.547473508864641e-11
2,4,2,400,BFGS,5.218225851422176e-11
2,4,3,400,BFGS,5.474021236295812e-11
2,4,4,400,BFGS,5.4285465012071654e-11
2,4,5,400,BFGS,4.632738637155853e-11
2,4,6,400,BFGS,4.18367562815547e-11
2,4,7,400,BFGS,2.6830093702301383e-11
2,4,8,400,BFGS,7.634071153006516e-11
2,4,9,400,BFGS,4.928324415232055e-11
2,4,10,400,BFGS,4.524736141320318e-11
2,4,11,400,BFGS,4.661160346586257e-11
2,4,12,400,BFGS,4.030198397231288e-11
2,4,13,400,BFGS,4.1097791836364195e-11
2,4,14,400,BFGS,4.2234660213580355e-11
2,4,15,400,BFGS,3.0183855415089056e-11
2,4,16,400,BFGS,5.582023732131347e-11
2,4,17,400,BFGS,1.0913936421275139e-11
2,4,18,400,BFGS,4.1040948417503387e-11
2,4,19,400,BFGS,3.353761712787673e-11
2,5,0,400,BFGS,4.96527263749158e-11
2,5,1,400,BFGS,3.872457909892546e-11
2,5,2,400,BFGS,4.4920511754753534e-11
2,5,3,400,BFGS,4.8046899792097975e-11
2,5,4,400,BFGS,2.0591528482327703e-11
2,5,5,400,BFGS,3.7061909097246826e-11
2,5,6,400,BFGS,4.96527263749158e-11
2,5,7,400,BFGS,3.508660029183375e-11
2,5,8,400,BFGS,2.6290081223123707e-11
2,5,9,400,BFGS,2.999911430379143e-11
2,5,10,400,BFGS,5.411493475548923e-11
2,5,11,400,BFGS,4.7336357056337874e-11
2,5,12,400,BFGS,7.16511294740485e-11
2,5,13,400,BFGS,4.085620730620576e-11
2,5,14,400,BFGS,4.7407411329913884e-11
2,5,15,400,BFGS,6.471623237302992e-11
2,5,16,400,BFGS,2.6616930881573353e-11
2,5,17,400,BFGS,5.782396783615695e-11
2,5,18,400,BFGS,5.226752364251297e-11
2,5,19,400,BFGS,4.597211500367848e-11
2,6,0,400,BFGS,5.077538389741676e-11
2,6,1,400,BFGS,5.1656456889759284e-11
2,6,2,400,BFGS,4.5631054490513634e-11
2,6,3,400,BFGS,1.757882728270488e-11
2,6,4,400,BFGS,3.5221603411628166e-11
2,6,5,400,BFGS,4.7194248509185854e-11
2,6,6,400,BFGS,5.235278877080418e-11
2,6,7,400,BFGS,4.885691851086449e-11
2,6,8,400,BFGS,5.206857167650014e-11
2,6,9,400,BFGS,5.044142881160951e-11
2,6,10,400,BFGS,3.715427965289564e-11
2,6,11,400,BFGS,5.402256419984042e-11
2,6,12,400,BFGS,4.516920171226957e-11
2,6,13,400,BFGS,4.952482868247898e-11
2,6,14,400,BFGS,2.3433699425368104e-11
2,6,15,400,BFGS,4.575184675559285e-11
2,6,16,400,BFGS,3.664979431050597e-11
2,6,17,400,BFGS,4.1950443119276315e-11
2,6,18,400,BFGS,3.4368952128716046e-11
2,6,19,400,BFGS,4.164490974289947e-11
2,7,0,400,BFGS,5.3923088216834e-11
2,7,1,400,BFGS,4.2810199829546036e-11
2,7,2,400,BFGS,1.1805667554654065e-11
2,7,3,400,BFGS,2.318145675417327e-11
2,7,4,400,BFGS,4.530775754574279e-11
2,7,5,400,BFGS,1.5219825399981346e-11
2,7,6,400,BFGS,5.497113875208015e-11
2,7,7,400,BFGS,4.418154730956303e-11
2,7,8,400,BFGS,5.3216098194752703e-11
2,7,9,400,BFGS,4.601830028150289e-11
2,7,10,400,BFGS,4.909850304102292e-11
2,7,11,400,BFGS,5.347544629330514e-11
2,7,12,400,BFGS,4.295941380405566e-11
2,7,13,400,BFGS,4.072830961376894e-11
2,7,14,400,BFGS,4.027000954920368e-11
2,7,15,400,BFGS,5.3073989647600683e-11
2,7,16,400,BFGS,4.211386794850114e-11
2,7,17,400,BFGS,5.3876902939009597e-11
2,7,18,400,BFGS,4.445865897650947e-11
2,7,19,400,BFGS,3.156586103614245e-11
3,1,0,400,BFGS,7.959667418927438
3,1,1,400,BFGS,11.93947841276696
3,1,2,400,BFGS,10.944539552388221
3,1,3,400,BFGS,14.924350546227856
3,1,4,400,BFGS,2.984877171280175
3,1,5,400,BFGS,3.9798362283732445
3,1,6,400,BFGS,6.964708361834141
3,1,7,400,BFGS,10.944539552388164
3,1,8,400,BFGS,2.984877171280118
3,1,9,400,BFGS,7.959667418927552
3,1,10,400,BFGS,2.9848771712800612
3,1,11,400,BFGS,5.969749304740844
3,1,12,400,BFGS,4.974795285466541
3,1,13,400,BFGS,12.934452628755707
3,1,14,400,BFGS,6.964708361834141
3,1,15,400,BFGS,8.954601241487069
3,1,16,400,BFGS,3.979836228373415
3,1,17,400,BFGS,11.93947841276696
3,1,18,400,BFGS,8.95462143820157
3,1,19,400,BFGS,5.9697493047407875
3,2,0,400,BFGS,9.949580495294967
3,2,1,400,BFGS,1.9899181141866933
3,2,2,400,BFGS,16.914263622595342
3,2,3,400,BFGS,6.964708361834155
3,2,4,400,BFGS,5.969749304740887
3,2,5,400,BFGS,13.929391489134488
3,2,6,400,BFGS,5.96974930474083
3,2,7,400,BFGS,8.954621438201599
3,2,8,400,BFGS,17.909161906648208
3,2,9,400,BFGS,4.974790247647448
3,2,10,400,BFGS,5.969749304740844
3,2,11,400,BFGS,3.9798362283733866
3,2,12,400,BFGS,1.9899181141867928
3,2,13,400,BFGS,10.944519355673862
3,2,14,400,BFGS,14.92435054622787
3,2,15,400,BFGS,9.949580495295038
3,2,16,400,BFGS,6.964708361834013
3,2,17,400,BFGS,5.9697493047407875
3,2,18,400,BFGS,4.974790247647547
3,2,19,400,BFGS,6.9647083618342265
3,3,0,400,BFGS,2.9848771712801465
3,3,1,400,BFGS,6.964708361834099
3,3,2,400,BFGS,0.9949590570934248
3,3,3,400,BFGS,3.979831190554279
3,3,4,400,BFGS,14.924350546227913
3,3,5,400,BFGS,6.964708361834269
3,3,6,400,BFGS,6.964708361834056
3,3,7,400,BFGS,1.9899181141867643
3,3,8,400,BFGS,8.954601241487168
3,3,9,400,BFGS,5.969749304740844
3,3,10,400,BFGS,5.9697493047408585
3,3,11,400,BFGS,2.9848771712799476
3,3,12,400,BFGS,3.979836228373415
3,3,13,400,BFGS,3.9798311905542647
3,3,14,400,BFGS,4.974790247647476
3,3,15,400,BFGS,6.964708361834198
3,3,16,400,BFGS,5.969749304740873
3,3,17,400,BFGS,4.974790247647547
3,3,18,400,BFGS,5.969749304740716
3,3,19,400,BFGS,3.9798362283733155
3,4,0,400,BFGS,10.944539552388191
3,4,1,400,BFGS,3.979836228373281
3,4,2,400,BFGS,2.984877171279949
3,4,3,400,BFGS,9.949580495294905
3,4,4,400,BFGS,4.9747902476475225
3,4,5,400,BFGS,2.984877171279987
3,4,6,400,BFGS,1.989918114186751
3,4,7,400,BFGS,3.9798311905542976
3,4,8,400,BFGS,3.979836228373425
3,4,9,400,BFGS,5.969749304740712
3,4,10,400,BFGS,17.90922267968861
3,4,11,400,BFGS,1.9899181141868132
3,4,12,400,BFGS,3.9798362283734625
3,4,13,400,BFGS,5.969749304740824
3,4,14,400,BFGS,5.969749304740867
3,4,15,400,BFGS,9.949580495294988
3,4,16,400,BFGS,5.969749304740794
3,4,17,400,BFGS,10.944539552388285
3,4,18,400,BFGS,1.9899181141866853
3,4,19,400,BFGS,13.929391489134552
3,5,0,400,BFGS,5.969749304740816
3,5,1,400,BFGS,2.9848771712799476
3,5,2,400,BFGS,5.969749304740816
3,5,3,400,BFGS,2.9848771712799476
3,5,4,400,BFGS,2.984877171279976
3,5,5,400,BFGS,2.9848771712800044
3,5,6,400,BFGS,5.969749304740759
3,5,7,400,BFGS,9.949580495294867
3,5,8,400,BFGS,5.969749304740816
3,5,9,400,BFGS,1.9899181141868212
3,5,10,400,BFGS,2.9848771712800897
3,5,11,400,BFGS,6.964708361834056
3,5,12,400,BFGS,4.974790247647604
3,5,13,400,BFGS,14.9243505462278
3,5,14,400,BFGS,6.9647083618342265
3,5,15,400,BFGS,2.9848771712800612
3,5,16,400,BFGS,18.904161540067435
3,5,17,400,BFGS,11.939478412767073
3,5,18,400,BFGS,1.9899181141868212
3,5,19,400,BFGS,4.974790247647547
3,6,0,400,BFGS,2.984877171280118
3,6,1,400,BFGS,8.954621438201684
3,6,2,400,BFGS,10.94451935567372
3,6,3,400,BFGS,5.969749304740844
3,6,4,400,BFGS,11.939478412767016
3,6,5,400,BFGS,15.919309603321267
3,6,6,400,BFGS,6.9647083618340275
3,6,7,400,BFGS,12.9344374698602
3,6,8,400,BFGS,3.979836228373415
3,6,9,400,BFGS,6.9647083618340275
3,6,10,400,BFGS,12.934452628755935
3,6,11,400,BFGS,12.934437469860313
3,6,12,400,BFGS,5.969749304740844
3,6,13,400,BFGS,9.949580495294867
3,6,14,400,BFGS,6.964708361834255
3,6,15,400,BFGS,9.949580495294981
3,6,16,400,BFGS,5.969749304740844
3,6,17,400,BFGS,6.964708361834141
3,6,18,400,BFGS,25.868824287756638
3,6,19,400,BFGS,5.969749304740731
3,7,0,400,BFGS,1.9899181141867857
3,7,1,400,BFGS,4.9747902476474835
3,7,2,400,BFGS,0.9949590570935172
3,7,3,400,BFGS,4.974795285466705
3,7,4,400,BFGS,6.964708361834113
3,7,5,400,BFGS,4.974795285466627
3,7,6,400,BFGS,7.959662381108345
3,7,7,400,BFGS,7.9596623811082665
3,7,8,400,BFGS,12.934452628755686
3,7,9,400,BFGS,8.954621438201599
3,7,10,400,BFGS,6.964708361834145
3,7,11,400,BFGS,2.984877171279976
3,7,12,400,BFGS,12.93445262875585
3,7,13,400,BFGS,5.969749304740752
3,7,14,400,BFGS,2.984877171280118
3,7,15,400,BFGS,1.989918114186743
3,7,16,400,BFGS,14.924350546227899
3,7,17,400,BFGS,5.969749304740795
3,7,18,400,BFGS,2.9848771712800684
3,7,19,400,BFGS,6.964708361834166
4,1,0,400,BFGS,15.919309603321153
4,1,1,400,BFGS,9.949580495295095
4,1,2,400,BFGS,31.838593972108754
4,1,3,400,BFGS,5.969749304740844
4,1,4,400,BFGS,9.949580495294924
4,1,5,400,BFGS,2.9848771712808
4,1,6,400,BFGS,15.919309603321153
4,1,7,400,BFGS,9.949580495294924
4,1,8,400,BFGS,10.944539552388164
4,1,9,400,BFGS,15.919324762216604
4,1,10,400,BFGS,2.9848771712800612
4,1,11,400,BFGS,18.904181736781936
4,1,12,400,BFGS,9.949580495294924
4,1,13,400,BFGS,14.9243505462278
4,1,14,400,BFGS,5.969749304740844
4,1,15,400,BFGS,21.889033673528388
4,1,16,400,BFGS,14.924350546227856
4,1,17,400,BFGS,7.959667418927495
4,1,18,400,BFGS,24.87386523066317
4,1,19,400,BFGS,10.94451935567372
4,2,0,400,BFGS,15.91930960332111
4,2,1,400,BFGS,9.949580495294938
4,2,2,400,BFGS,12.934432432041277
4,2,3,400,BFGS,2.9848771712800044
4,2,4,400,BFGS,7.959667418927523
4,2,5,400,BFGS,13.929411685849104
4,2,6,400,BFGS,9.949580495294981
4,2,7,400,BFGS,5.96974930474083
4,2,8,400,BFGS,29.848635281596046
4,2,9,400,BFGS,17.90922267968881
4,2,10,400,BFGS,16.914283819309873
4,2,11,400,BFGS,6.964708361834113
4,2,12,400,BFGS,2.9848771712799476
4,2,13,400,BFGS,37.808277465989775
4,2,14,400,BFGS,5.969749304740887
4,2,15,400,BFGS,21.888993097202302
4,2,16,400,BFGS,4.974790247647533
4,2,17,400,BFGS,19.89912059716076
4,2,18,400,BFGS,1.9899181141900328
4,2,19,400,BFGS,17.909222679688554
4,3,0,400,BFGS,42.78288484119051
4,3,1,400,BFGS,6.96470836183417
4,3,2,400,BFGS,10.944539552388193
4,3,3,400,BFGS,12.934452628755679
4,3,4,400,BFGS,33.82834437274386
4,3,5,400,BFGS,10.944539552388136
4,3,6,400,BFGS,13.929411685849118
4,3,7,400,BFGS,17.90922267968864
4,3,8,400,BFGS,1.5321006685553584e-09
4,3,9,400,BFGS,16.914283819309873
4,3,10,400,BFGS,28.853696421217307
4,3,11,400,BFGS,18.904120963741576
4,3,12,400,BFGS,17.909222679688753
4,3,13,400,BFGS,14.924350546227885
4,3,14,400,BFGS,18.904181736781965
4,3,15,400,BFGS,7.959667418927367
4,3,16,400,BFGS,21.889053870242748
4,3,17,400,BFGS,18.904181736781993
4,3,18,400,BFGS,19.899074983015993
4,3,19,400,BFGS,16.914283819309816
4,4,0,400,BFGS,6.964708361834158
4,4,1,400,BFGS,1.9899181141867515
4,4,2,400,BFGS,5.969749304740964
4,4,3,400,BFGS,14.92435054622791
4,4,4,400,BFGS,10.944519355673844
4,4,5,400,BFGS,24.87392600370356
4,4,6,400,BFGS,12.934437469860423
4,4,7,400,BFGS,9.949580495294967
4,4,8,400,BFGS,10.944539552388248
4,4,9,400,BFGS,9.949560298580499
4,4,10,400,BFGS,21.888993097202395
4,4,11,400,BFGS,10.9445395523882
4,4,12,400,BFGS,4.974795285466676
4,4,13,400,BFGS,25.86880409104196
4,4,14,400,BFGS,7.959667418927475
4,4,15,400,BFGS,7.959667418927448
4,4,16,400,BFGS,5.969749304740868
4,4,17,400,BFGS,7.959667418927498
4,4,18,400,BFGS,33.82840569910983
4,4,19,400,BFGS,14.924350546227856
4,5,0,400,BFGS,6.964708361834084
4,5,1,400,BFGS,9.949580495294896
4,5,2,400,BFGS,6.964708361834198
4,5,3,400,BFGS,21.88899309720233
4,5,4,400,BFGS,14.92435054622797
4,5,5,400,BFGS,9.949580495294981
4,5,6,400,BFGS,9.949580495294924
4,5,7,400,BFGS,9.949580495294924
4,5,8,400,BFGS,9.94958049529501
4,5,9,400,BFGS,2.9848771712800612
4,5,10,400,BFGS,16.9142838193099
4,5,11,400,BFGS,8.954621438201684
4,5,12,400,BFGS,12.934452628755679
4,5,13,400,BFGS,6.964708361834141
4,5,14,400,BFGS,6.964708361834113
4,5,15,400,BFGS,7.959667418927523
4,5,16,400,BFGS,10.944539552388306
4,5,17,400,BFGS,7.959667418927495
4,5,18,400,BFGS,5.969749304740759
4,5,19,400,BFGS,7.959667418927495
4,6,0,400,BFGS,31.83843129637637
4,6,1,400,BFGS,22.883992730621685
4,6,2,400,BFGS,2.984877171280118
4,6,3,400,BFGS,7.959667418927438
4,6,4,400,BFGS,9.949580495294981
4,6,5,400,BFGS,17.909161906649274
4,6,6,400,BFGS,7.959667418927779
4,6,7,400,BFGS,9.949560298580423
4,6,8,400,BFGS,0.9949590765788798
4,6,9,400,BFGS,9.949580495294867
4,6,10,400,BFGS,12.934452628755707
4,6,11,400,BFGS,9.949580495294981
4,6,12,400,BFGS,10.944539552388278
4,6,13,400,BFGS,12.934452628755594
4,6,14,400,BFGS,9.949580495294981
4,6,15,400,BFGS,22.883952154295685
4,6,16,400,BFGS,5.969749304740844
4,6,17,400,BFGS,4.974790247647661
4,6,18,400,BFGS,15.919309603321153
4,6,19,400,BFGS,20.894079654254142
4,7,0,400,BFGS,9.949580495294892
4,7,1,400,BFGS,6.964708361834063
4,7,2,400,BFGS,5.969749304740805
4,7,3,400,BFGS,14.924350546227842
4,7,4,400,BFGS,4.974795285466609
4,7,5,400,BFGS,9.949580495294803
4,7,6,400,BFGS,12.934452628755807
4,7,7,400,BFGS,2.9848771712801323
4,7,8,400,BFGS,7.959667418927417
4,7,9,400,BFGS,5.9697493047408585
4,7,10,400,BFGS,2.9848771712800968
4,7,11,400,BFGS,3.979836228373401
4,7,12,400,BFGS,10.944539552388207
4,7,13,400,BFGS,1.9899181141868212
4,7,14,400,BFGS,28.853696421217347
4,7,15,400,BFGS,7.959667418927552
4,7,16,400,BFGS,6.96470836183417
4,7,17,400,BFGS,15.919309603321189
4,7,18,400,BFGS,1.9899181142061337
4,7,19,400,BFGS,13.92941168584903
5,1,0,400,BFGS,0.0
5,1,1,400,BFGS,0.0
5,1,2,400,BFGS,6.5052304769398095
5,1,3,400,BFGS,8.752770881086697
5,1,4,400,BFGS,0.0
5,1,5,400,BFGS,0.0
5,1,6,400,BFGS,0.25761579895912057
5,1,7,400,BFGS,0.0
5,1,8,400,BFGS,0.0
5,1,9,400,BFGS,0.0
5,1,10,400,BFGS,0.0
5,1,11,400,BFGS,0.0
5,1,12,400,BFGS,3.9863967534543194
5,1,13,400,BFGS,1.6423348806371196
5,1,14,400,BFGS,0.0
5,1,15,400,BFGS,0.0
5,1,16,400,BFGS,0.0
5,1,17,400,BFGS,0.0
5,1,18,400,BFGS,0.0
5,1,19,400,BFGS,0.0
5,2,0,400,BFGS,4.038524337380295
5,2,1,400,BFGS,0.0
5,2,2,400,BFGS,9.619981799584593
5,2,3,400,BFGS,0.0
5,2,4,400,BFGS,2.066782524117343
5,2,5,400,BFGS,0.0
5,2,6,400,BFGS,0.0
5,2,7,400,BFGS,0.0
5,2,8,400,BFGS,0.0
5,2,9,400,BFGS,5.70189380502768
5,2,10,400,BFGS,0.0
5,2,11,400,BFGS,0.0
5,2,12,400,BFGS,9.06567374851602
5,2,13,400,BFGS,5.589520647482914
5,2,14,400,BFGS,0.0
5,2,15,400,BFGS,0.0
5,2,16,400,BFGS,0.0
5,2,17,400,BFGS,0.0
5,2,18,400,BFGS,0.0
5,2,19,400,BFGS,8.542759346016055
5,3,0,400,BFGS,0.0
5,3,1,400,BFGS,0.41825986724346365
5,3,2,400,BFGS,0.0
5,3,3,400,BFGS,0.0
5,3,4,400,BFGS,11.590955213190213
5,3,5,400,BFGS,0.0
5,3,6,400,BFGS,0.0
5,3,7,400,BFGS,0.0
5,3,8,400,BFGS,5.7067963021387556
5,3,9,400,BFGS,0.0
5,3,10,400,BFGS,0.0
5,3,11,400,BFGS,0.0
5,3,12,400,BFGS,0.0
5,3,13,400,BFGS,0.0
5,3,14,400,BFGS,0.0
5,3,15,400,BFGS,0.0
5,3,16,400,BFGS,7.712507008057315
5,3,17,400,BFGS,1.8155514573995646
5,3,18,400,BFGS,0.0
5,3,19,400,BFGS,0.019217511438327506
5,4,0,400,BFGS,0.0
5,4,1,400,BFGS,9.534221299721366
5,4,2,400,BFGS,0.0
5,4,3,400,BFGS,0.0
5,4,4,400,BFGS,0.0
5,4,5,400,BFGS,0.0
5,4,6,400,BFGS,0.0
5,4,7,400,BFGS,0.0
5,4,8,400,BFGS,0.0
5,4,9,400,BFGS,0.0
5,4,10,400,BFGS,5.77258714436698
5,4,11,400,BFGS,0.0
5,4,12,400,BFGS,0.0
5,4,13,400,BFGS,0.0
5,4,14,400,BFGS,0.6047061074367548
5,4,15,400,BFGS,0.0
5,4,16,400,BFGS,0.0
5,4,17,400,BFGS,6.525195475505711
5,4,18,400,BFGS,21.888124519665553
5,4,19,400,BFGS,0.0
5,5,0,400,BFGS,0.0
5,5,1,400,BFGS,0.0
5,5,2,400,BFGS,0.0
5,5,3,400,BFGS,0.0
5,5,4,400,BFGS,0.0
5,5,5,400,BFGS,4.264017864721573
5,5,6,400,BFGS,0.0
5,5,7,400,BFGS,6.694183306121857
5,5,8,400,BFGS,0.0
5,5,9,400,BFGS,0.0
5,5,10,400,BFGS,5.802077356916538
5,5,11,400,BFGS,0.0
5,5,12,400,BFGS,6.79729553594947
5,5,13,400,BFGS,6.791986307966255
5,5,14,400,BFGS,0.0
5,5,15,400,BFGS,0.0
5,5,16,400,BFGS,0.0
5,5,17,400,BFGS,0.0
5,5,18,400,BFGS,0.010928944271256569
5,5,19,400,BFGS,0.9406830901047982
5,6,0,400,BFGS,0.0
5,6,1,400,BFGS,0.0
5,6,2,400,BFGS,5.781771442810509
5,6,3,400,BFGS,0.0
5,6,4,400,BFGS,0.0
5,6,5,400,BFGS,0.0
5,6,6,400,BFGS,0.0
5,6,7,400,BFGS,6.914835255458115
5,6,8,400,BFGS,0.0
5,6,9,400,BFGS,0.0
5,6,10,400,BFGS,17.666166924598997
5,6,11,400,BFGS,0.0
5,6,12,400,BFGS,0.0
5,6,13,400,BFGS,0.0
5,6,14,400,BFGS,0.0
5,6,15,400,BFGS,9.779610833083666
5,6,16,400,BFGS,0.0
5,6,17,400,BFGS,0.0
5,6,18,400,BFGS,1.3743081390115321
5,6,19,400,BFGS,0.0
5,7,0,400,BFGS,0.0
5,7,1,400,BFGS,9.534221299721395
5,7,2,400,BFGS,0.0
5,7,3,400,BFGS,0.0
5,7,4,400,BFGS,0.0
5,7,5,400,BFGS,0.0
5,7,6,400,BFGS,0.0
5,7,7,400,BFGS,0.0
5,7,8,400,BFGS,0.0
5,7,9,400,BFGS,0.0
5,7,10,400,BFGS,5.772587144367009
5,7,11,400,BFGS,0.0
5,7,12,400,BFGS,0.0
5,7,13,400,BFGS,0.0
5,7,14,400,BFGS,0.6047061074367548
5,7,15,400,BFGS,0.0
5,7,16,400,BFGS,0.0
5,7,17,400,BFGS,6.525195475505683
5,7,18,400,BFGS,21.88812451966551
5,7,19,400,BFGS,0.0
6,1,0,400,BFGS,1.5807671147172186e-05
6,1,1,400,BFGS,0.0007797303020069535
6,1,2,400,BFGS,0.03858004523925018
6,1,3,400,BFGS,0.00010369023392087229
6,1,4,400,BFGS,0.003716193856497796
6,1,5,400,BFGS,5.426329282443021e-05
6,1,6,400,BFGS,1.587500302235867e-05
6,1,7,400,BFGS,0.005458954539754757
6,1,8,400,BFGS,1.122516017204589e-05
6,1,9,400,BFGS,0.003417401044650603
6,1,10,400,BFGS,0.0011882625041508277
6,1,11,400,BFGS,0.0009379746540219003
6,1,12,400,BFGS,5.089043789041625e-06
6,1,13,400,BFGS,0.0007456568443302558
6,1,14,400,BFGS,5.3871851669384796e-05
6,1,15,400,BFGS,0.004258972470246647
6,1,16,400,BFGS,0.0006082702709235832
6,1,17,400,BFGS,0.01647076018748095
6,1,18,400,BFGS,0.000508771417756293
6,1,19,400,BFGS,0.0006123265551920554
6,2,0,400,BFGS,9.768238246721239e-05
6,2,1,400,BFGS,0.002057918117522206
6,2,2,400,BFGS,1.5110072144608466e-05
6,2,3,400,BFGS,0.00023092278583192183
6,2,4,400,BFGS,0.003197954638128664
6,2,5,400,BFGS,0.00015122054220029213
6,2,6,400,BFGS,0.00024101846363677737
6,2,7,400,BFGS,6.725812996322134e-05
6,2,8,400,BFGS,0.0005152500339278276
6,2,9,400,BFGS,8.779905513733866e-08
6,2,10,400,BFGS,8.395095641233752e-05
6,2,11,400,BFGS,0.00039902627615617803
6,2,12,400,BFGS,1.9796023096319004e-05
6,2,13,400,BFGS,2.9187636162220087e-05
6,2,14,400,BFGS,0.0014254708887655454
6,2,15,400,BFGS,0.002014297475401605
6,2,16,400,BFGS,0.0014546931042147548
6,2,17,400,BFGS,4.104501872603805e-05
6,2,18,400,BFGS,0.001366650312650819
6,2,19,400,BFGS,0.00014915306677210083
6,3,0,400,BFGS,0.00011387023698716803
6,3,1,400,BFGS,0.0034547586956250598
6,3,2,400,BFGS,5.911061020924535e-05
6,3,3,400,BFGS,1.5513487824136973e-05
6,3,4,400,BFGS,1.3068000953353476e-05
6,3,5,400,BFGS,0.026510950956890156
6,3,6,400,BFGS,5.719631235479028e-05
6,3,7,400,BFGS,0.0013799980148405666
6,3,8,400,BFGS,3.366131318216503e-05
6,3,9,400,BFGS,0.00010975452005368425
6,3,10,400,BFGS,0.0018859775024111514
6,3,11,400,BFGS,8.660072126076557e-07
6,3,12,400,BFGS,0.0008912513526411203
6,3,13,400,BFGS,0.00027458846966510464
6,3,14,400,BFGS,0.0005781223903795762
6,3,15,400,BFGS,0.003284008294144769
6,3,16,400,BFGS,0.0004518157807069656
6,3,17,400,BFGS,0.00125783852558925
6,3,18,400,BFGS,0.009987709983533932
6,3,19,400,BFGS,0.00019728183019651624
6,4,0,400,BFGS,2.131735513444255e-05
6,4,1,400,BFGS,0.0006832889010013332
6,4,2,400,BFGS,7.821881382596985e-06
6,4,3,400,BFGS,0.0001293923033642841
6,4,4,400,BFGS,7.59471685967128e-05
6,4,5,400,BFGS,0.0015583724281782452
6,4,6,400,BFGS,0.0020984382476569863
6,4,7,400,BFGS,0.0024898937208774896
6,4,8,400,BFGS,0.0003490119826778937
6,4,9,400,BFGS,0.0001744127843323895
6,4,10,400,BFGS,0.00015200010250282503
6,4,11,400,BFGS,0.00010796472801644086
6,4,12,400,BFGS,0.0002801726645884628
6,4,13,400,BFGS,0.0010658549312836385
6,4,14,400,BFGS,4.002992881169121e-06
6,4,15,400,BFGS,1.3050316738372203e-06
6,4,16,400,BFGS,0.0019856223032945763
6,4,17,400,BFGS,8.719315786720472e-06
6,4,18,400,BFGS,0.01783417806402099
6,4,19,400,BFGS,0.0024463821158633436
6,5,0,400,BFGS,0.00800277882251521
6,5,1,400,BFGS,0.00023068697737471666
6,5,2,400,BFGS,0.002429012850257095
6,5,3,400,BFGS,1.6078580415523902e-05
6,5,4,400,BFGS,7.883580258294387e-05
6,5,5,400,BFGS,0.0027355620426305904
6,5,6,400,BFGS,3.342965669617115e-06
6,5,7,400,BFGS,2.8365423077048035e-07
6,5,8,400,BFGS,3.991876769759983e-05
6,5,9,400,BFGS,0.0028366175051814935
6,5,10,400,BFGS,0.0004813259893126087
6,5,11,400,BFGS,0.0043934040636486316
6,5,12,400,BFGS,0.0032255983503546304
6,5,13,400,BFGS,0.006736325407246113
6,5,14,400,BFGS,0.013463795487609787
6,5,15,400,BFGS,0.0019766524587794265
6,5,16,400,BFGS,0.0024882392702920697
6,5,17,400,BFGS,4.2694446960922505e-05
6,5,18,400,BFGS,1.6433037785645865e-05
6,5,19,400,BFGS,4.273093054507626e-06
6,6,0,400,BFGS,0.00025996950509821204
6,6,1,400,BFGS,3.2495620338579556e-05
6,6,2,400,BFGS,5.503147875174363e-07
6,6,3,400,BFGS,0.028304204455746884
6,6,4,400,BFGS,0.010253298186803761
6,6,5,400,BFGS,0.0015594529563145443
6,6,6,400,BFGS,9.344232703867306e-05
6,6,7,400,BFGS,0.0023764901013976214
6,6,8,400,BFGS,7.500005309069024e-05
6,6,9,400,BFGS,0.0013582016435442767
6,6,10,400,BFGS,0.009006541152427161
6,6,11,400,BFGS,0.002466210504611155
6,6,12,400,BFGS,0.008036351723600177
6,6,13,400,BFGS,5.032336922994318e-05
6,6,14,400,BFGS,8.952749125867854e-05
6,6,15,400,BFGS,0.005947681120950676
6,6,16,400,BFGS,0.0013632403478887056
6,6,17,400,BFGS,0.00026117751644960663
6,6,18,400,BFGS,0.0008790703617336248
6,6,19,400,BFGS,0.0001304838124802643
6,7,0,400,BFGS,3.0686865386542195e-06
6,7,1,400,BFGS,3.984350371410983e-06
6,7,2,400,BFGS,0.027087695485391805
6,7,3,400,BFGS,0.043569615617713
6,7,4,400,BFGS,1.5093827528289694e-05
6,7,5,400,BFGS,0.0011923384303997864
6,7,6,400,BFGS,1.873698863619211e-06
6,7,7,400,BFGS,4.836886091652559e-08
6,7,8,400,BFGS,0.0001512610129452696
6,7,9,400,BFGS,0.0005398943784200583
6,7,10,400,BFGS,0.00011625906466861124
6,7,11,400,BFGS,0.0002705714273645299
6,7,12,400,BFGS,0.00809000678819416
6,7,13,400,BFGS,0.00017345542468660824
6,7,14,400,BFGS,0.04904268926472355
6,7,15,400,BFGS,7.189768979287692e-06
6,7,16,400,BFGS,0.0017167004622535842
6,7,17,400,BFGS,0.1425733444354762
6,7,18,400,BFGS,0.010115146174115353
6,7,19,400,BFGS,0.006758986169899117
7,1,0,400,BFGS,1.8336524315755156
7,1,1,400,BFGS,2.502280361979018
7,1,2,400,BFGS,1.8336524315755156
7,1,3,400,BFGS,3.768881571133633
7,1,4,400,BFGS,0.6255700904947616
7,1,5,400,BFGS,4.232243476002637
7,1,6,400,BFGS,0.16880850305317097
7,1,7,400,BFGS,0.5539059383043821
7,1,8,400,BFGS,4.4314744927960135
7,1,9,400,BFGS,4.232243476002637
7,1,10,400,BFGS,1.8336524315755156
7,1,11,400,BFGS,1.8336524315755156
7,1,12,400,BFGS,2.0580292852763478
7,1,13,400,BFGS,1.8336524315755156
7,1,14,400,BFGS,1.8336524315755156
7,1,15,400,BFGS,0.729934137760111
7,1,16,400,BFGS,4.4314744927960135
7,1,17,400,BFGS,3.768881571133633
7,1,18,400,BFGS,0.45841310789387535
7,1,19,400,BFGS,0.45841310789387535
7,2,0,400,BFGS,0.6648744883380644
7,2,1,400,BFGS,1.5823328832889985
7,2,2,400,BFGS,0.0
7,2,3,400,BFGS,0.13055305030514575
7,2,4,400,BFGS,0.13307772902189896
7,2,5,400,BFGS,0.13055305030514575
7,2,6,400,BFGS,0.13055305030514575
7,2,7,400,BFGS,1.7127905287608556
7,2,8,400,BFGS,0.13055305030514575
7,2,9,400,BFGS,0.13292652678810413
7,2,10,400,BFGS,0.13055305030514575
7,2,11,400,BFGS,0.6278054266430075
7,2,12,400,BFGS,0.017570483318465335
7,2,13,400,BFGS,1.0705922625907078
7,2,14,400,BFGS,2.314107936134654
7,2,15,400,BFGS,0.13055305030514575
7,2,16,400,BFGS,0.6615932944754874
7,2,17,400,BFGS,0.6676308699409574
7,2,18,400,BFGS,0.6202210602827378
7,2,19,400,BFGS,0.13307772902189896
7,3,0,400,BFGS,4.730752796173057
7,3,1,400,BFGS,1.5369941008509476
7,3,2,400,BFGS,1.486469838137443
7,3,3,400,BFGS,3.2831818709776575
7,3,4,400,BFGS,0.3064918350445587
7,3,5,400,BFGS,0.03135353736606028
7,3,6,400,BFGS,2.9204859436567303
7,3,7,400,BFGS,0.26022710658269554
7,3,8,400,BFGS,0.3799317070480295
7,3,9,400,BFGS,0.3579904206331066
7,3,10,400,BFGS,3.990368331209043
7,3,11,400,BFGS,1.5369941008509476
7,3,12,400,BFGS,0.3799317070480295
7,3,13,400,BFGS,0.3799317070480295
7,3,14,400,BFGS,0.013054472886176782
7,3,15,400,BFGS,1.4633868991053913
7,3,16,400,BFGS,1.5369941008509476
7,3,17,400,BFGS,1.5369941008509476
7,3,18,400,BFGS,0.318334602378052
7,3,19,400,BFGS,0.3799317070480295
7,4,0,400,BFGS,0.4170007587393627
7,4,1,400,BFGS,0.21064647402203818
7,4,2,400,BFGS,1.4574763492436347
7,4,3,400,BFGS,1.0149452947959396
7,4,4,400,BFGS,0.21064647402203818
7,4,5,400,BFGS,0.01614764264626345
7,4,6,400,BFGS,1.1240831637619948
7,4,7,400,BFGS,0.21064647402203818
7,4,8,400,BFGS,0.21064647402203818
7,4,9,400,BFGS,1.144189079151971
7,4,10,400,BFGS,0.21064647402203818
7,4,11,400,BFGS,0.0
7,4,12,400,BFGS,0.029528419830693764
7,4,13,400,BFGS,2.0433778148014383
7,4,14,400,BFGS,0.20122331805268345
7,4,15,400,BFGS,0.9371672300233875
7,4,16,400,BFGS,0.21064647402203818
7,4,17,400,BFGS,0.21064647402203818
7,4,18,400,BFGS,0.018733719669270954
7,4,19,400,BFGS,0.014574763492436915
7,5,0,400,BFGS,1.9231873765050125
7,5,1,400,BFGS,2.48970054652132
7,5,2,400,BFGS,0.3529944993923664
7,5,3,400,BFGS,1.4834709345537078
7,5,4,400,BFGS,0.3529944993923664
7,5,5,400,BFGS,1.3894441487489786
7,5,6,400,BFGS,1.8768778940517166
7,5,7,400,BFGS,0.3529944993923664
7,5,8,400,BFGS,0.013058713462214655
7,5,9,400,BFGS,2.48970054652132
7,5,10,400,BFGS,1.8867681085312995
7,5,11,400,BFGS,1.3894441487489786
7,5,12,400,BFGS,0.03578509081614811
7,5,13,400,BFGS,0.19292957054847193
7,5,14,400,BFGS,2.1733907697953327
7,5,15,400,BFGS,0.8458143585292106
7,5,16,400,BFGS,2.48970054652132
7,5,17,400,BFGS,0.46700948851052715
7,5,18,400,BFGS,2.3929086660991175
7,5,19,400,BFGS,0.4012809643238029
7,6,0,400,BFGS,1.2420774217398574
7,6,1,400,BFGS,0.517960464504398
7,6,2,400,BFGS,0.7177221998805976
7,6,3,400,BFGS,0.7177221998805976
7,6,4,400,BFGS,2.427432731477829
7,6,5,400,BFGS,6.068396562010221
7,6,6,400,BFGS,2.427432731477829
7,6,7,400,BFGS,0.2978749350602783
7,6,8,400,BFGS,1.1590390710504934
7,6,9,400,BFGS,3.805880516662029
7,6,10,400,BFGS,1.2059766384624098
7,6,11,400,BFGS,1.1590390710504934
7,6,12,400,BFGS,0.7177221998805976
7,6,13,400,BFGS,0.7177221998805976
7,6,14,400,BFGS,3.3975949034732125
7,6,15,400,BFGS,0.0
7,6,16,400,BFGS,1.1590390710504934
7,6,17,400,BFGS,0.0
7,6,18,400,BFGS,0.0
7,6,19,400,BFGS,2.8526122207726274
7,7,0,400,BFGS,0.7246539810070516
7,7,1,400,BFGS,0.0
7,7,2,400,BFGS,1.20643904632648
7,7,3,400,BFGS,2.2028386068280525
7,7,4,400,BFGS,0.4221648588601852
7,7,5,400,BFGS,0.165633632909703
7,7,6,400,BFGS,0.8380987671540083
7,7,7,400,BFGS,2.2274871834238184
7,7,8,400,BFGS,0.008476313770543698
7,7,9,400,BFGS,0.0
7,7,10,400,BFGS,0.40930728932613647
7,7,11,400,BFGS,1.1289163822270893
7,7,12,400,BFGS,1.2451846331648966
7,7,13,400,BFGS,0.13978165126293618
7,7,14,400,BFGS,0.6498299610419025
7,7,15,400,BFGS,0.5815025555566109
7,7,16,400,BFGS,1.0646018346355106
7,7,17,400,BFGS,0.15175591880023376
7,7,18,400,BFGS,0.5811295366153928
7,7,19,400,BFGS,1.20643904632648
8,1,0,400,BFGS,2.944489096989855e-11
8,1,1,400,BFGS,6.997424861765467e-11
8,1,2,400,BFGS,6.446043698815629e-11
8,1,3,400,BFGS,3.1946001399774104e-11
8,1,4,400,BFGS,4.595790414896328e-11
8,1,5,400,BFGS,3.439026841078885e-11
8,1,6,400,BFGS,2.737010618147906e-11
8,1,7,400,BFGS,3.5640823625726625e-11
8,1,8,400,BFGS,3.9308394341502435
8,1,9,400,BFGS,5.795186552859377e-11
8,1,10,400,BFGS,3.282707439211663e-11
8,1,11,400,BFGS,5.4996007747831754e-11
8,1,12,400,BFGS,3.930839434158713
8,1,13,400,BFGS,2.077626959362533e-11
8,1,14,400,BFGS,3.9250380723387934e-11
8,1,15,400,BFGS,3.9308394341604753
8,1,16,400,BFGS,3.9308394341559563
8,1,17,400,BFGS,2.964384293591138e-11
8,1,18,400,BFGS,4.8061110646813177e-11
8,1,19,400,BFGS,2.205524651799351e-11
8,2,0,400,BFGS,3.3082869776990265e-11
8,2,1,400,BFGS,8.526512829121202e-11
8,2,2,400,BFGS,1.3642420526593924e-12
8,2,3,400,BFGS,1.2732925824820995e-11
8,2,4,400,BFGS,4.6838977141305804e-11
8,2,5,400,BFGS,5.4569682106375694e-12
8,2,6,400,BFGS,4.547473508864641e-13
8,2,7,400,BFGS,1.5575096767861396e-11
8,2,8,400,BFGS,3.444711182964966e-11
8,2,9,400,BFGS,8.401457307627425e-11
8,2,10,400,BFGS,3.930839434178438
8,2,11,400,BFGS,3.9308394341360327
8,2,12,400,BFGS,5.9117155615240335e-12
8,2,13,400,BFGS,5.684341886080801e-13
8,2,14,400,BFGS,2.751221472863108e-11
8,2,15,400,BFGS,2.091837814077735e-11
8,2,16,400,BFGS,3.785771696129814e-11
8,2,17,400,BFGS,3.9308394341488793
8,2,18,400,BFGS,1.211901690112427e-10
8,2,19,400,BFGS,4.5133674575481564e-11
8,3,0,400,BFGS,4.425260158313904e-11
8,3,1,400,BFGS,3.7047698242531624e-11
8,3,2,400,BFGS,4.7350567911053076e-11
8,3,3,400,BFGS,4.3428372009657323e-11
8,3,4,400,BFGS,5.1514348342607263e-11
8,3,5,400,BFGS,2.943068011518335e-11
8,3,6,400,BFGS,4.6355808080988936e-11
8,3,7,400,BFGS,4.4650505515164696e-11
8,3,8,400,BFGS,4.4082071326556616e-11
8,3,9,400,BFGS,4.703792910731863e-11
8,3,10,400,BFGS,3.5711877899302635e-11
8,3,11,400,BFGS,4.850164714298444e-11
8,3,12,400,BFGS,5.050537765782792e-11
8,3,13,400,BFGS,4.403943876241101e-11
8,3,14,400,BFGS,4.8899551075010095e-11
8,3,15,400,BFGS,4.3442582864372525e-11
8,3,16,400,BFGS,4.3655745685100555e-11
8,3,17,400,BFGS,4.3002046368201263e-11
8,3,18,400,BFGS,4.89279727844405e-11
8,3,19,400,BFGS,1.850253283919301e-11
8,4,0,400,BFGS,3.9308394341546204
8,4,1,400,BFGS,3.731059905476286e-11
8,4,2,400,BFGS,3.9308394341605677
8,4,3,400,BFGS,3.6557423754857155e-11
8,4,4,400,BFGS,5.3447024583874736e-11
8,4,5,400,BFGS,4.718003765447065e-11
8,4,6,400,BFGS,3.9308394341610082
8,4,7,400,BFGS,5.057643193140393e-11
8,4,8,400,BFGS,4.7421622184629086e-11
8,4,9,400,BFGS,5.488232091011014e-11
8,4,10,400,BFGS,3.9308394341605535
8,4,11,400,BFGS,4.25472990173148e-11
8,4,12,400,BFGS,3.9308394341591466
8,4,13,400,BFGS,4.1154635255225e-11
8,4,14,400,BFGS,4.759215244121151e-11
8,4,15,400,BFGS,4.545341880657361e-11
8,4,16,400,BFGS,4.701661282524583e-11
8,4,17,400,BFGS,3.453237695794087e-11
8,4,18,400,BFGS,3.3239189178857487e-11
8,4,19,400,BFGS,4.560973820844083e-11
8,5,0,400,BFGS,3.930839434161534
8,5,1,400,BFGS,4.973088607584941e-11
8,5,2,400,BFGS,5.370992539610597e-11
8,5,3,400,BFGS,5.0818016461562365e-11
8,5,4,400,BFGS,5.376676881496678e-11
8,5,5,400,BFGS,5.1095128128508804e-11
8,5,6,400,BFGS,5.589839702224708e-11
8,5,7,400,BFGS,4.04227762373921e-11
8,5,8,400,BFGS,3.390709935047198e-11
8,5,9,400,BFGS,4.652633833757136e-11
8,5,10,400,BFGS,4.9389825562684564e-11
8,5,11,400,BFGS,3.96980226469168e-11
8,5,12,400,BFGS,4.914824103252613e-11
8,5,13,400,BFGS,3.9308394341653283
8,5,14,400,BFGS,4.920508445138694e-11
8,5,15,400,BFGS,3.036149109902908e-11
8,5,16,400,BFGS,5.156408633411047e-11
8,5,17,400,BFGS,3.47597506333841e-11
8,5,18,400,BFGS,4.7755577270436333e-11
8,5,19,400,BFGS,4.4849457481177524e-11
8,6,0,400,BFGS,2.0804691303055733e-11
8,6,1,400,BFGS,3.518607627484016e-11
8,6,2,400,BFGS,5.4228621593210846e-11
8,6,3,400,BFGS,1.1425527191022411e-11
8,6,4,400,BFGS,7.560174708487466e-12
8,6,5,400,BFGS,2.114575181622058e-11
8,6,6,400,BFGS,5.832134775118902e-11
8,6,7,400,BFGS,3.836930773104541e-11
8,6,8,400,BFGS,1.2448708730516955e-11
8,6,9,400,BFGS,1.290345608140342e-11
8,6,10,400,BFGS,3.9960923459148034e-11
8,6,11,400,BFGS,3.183231456205249e-11
8,6,12,400,BFGS,7.548806024715304e-11
8,6,13,400,BFGS,7.275957614183426e-12
8,6,14,400,BFGS,2.660272002685815e-11
8,6,15,400,BFGS,4.6838977141305804e-11
8,6,16,400,BFGS,4.3939962779404595e-11
8,6,17,400,BFGS,2.1998403099132702e-11
8,6,18,400,BFGS,2.0236257114447653e-11
8,6,19,400,BFGS,2.2566837287740782e-11
8,7,0,400,BFGS,3.8767211663071066e-11
8,7,1,400,BFGS,3.47597506333841e-11
8,7,2,400,BFGS,7.921130418253597e-11
8,7,3,400,BFGS,4.0529357647756115e-11
8,7,4,400,BFGS,4.092726157978177e-11
8,7,5,400,BFGS,4.1666226024972275e-11
8,7,6,400,BFGS,3.2031266528065316e-11
8,7,7,400,BFGS,4.405364961712621e-11
8,7,8,400,BFGS,2.8620661396416835e-11
8,7,9,400,BFGS,3.447553353908006e-11
8,7,10,400,BFGS,4.737898962048348e-11
8,7,11,400,BFGS,5.016431714466307e-11
8,7,12,400,BFGS,3.9335645851679146e-11
8,7,13,400,BFGS,4.547473508864641e-13
8,7,14,400,BFGS,3.572608875401784e-11
8,7,15,400,BFGS,5.161382432561368e-11
8,7,16,400,BFGS,3.0752289603697136e-11
8,7,17,400,BFGS,2.935962584160734e-11
8,7,18,400,BFGS,3.54702933691442e-11
8,7,19,400,BFGS,3.376499080331996e-11
9,1,0,400,BFGS,1.1510792319313623e-12
9,1,1,400,BFGS,1.0373923942097463e-12
9,1,2,400,BFGS,9.521272659185342e-13
9,1,3,400,BFGS,1.1084466677857563e-12
9,1,4,400,BFGS,1.2505552149377763e-12
9,1,5,400,BFGS,1.0231815394945443e-12
9,1,6,400,BFGS,1.0942358130705543e-12
9,1,7,400,BFGS,8.810729923425242e-13
9,1,8,400,BFGS,1.0658141036401503e-12
9,1,9,400,BFGS,8.242295734817162e-13
9,1,10,400,BFGS,1.0373923942097463e-12
9,1,11,400,BFGS,1.6342482922482304e-12
9,1,12,400,BFGS,1.2221335055073723e-12
9,1,13,400,BFGS,1.2221335055073723e-12
9,1,14,400,BFGS,3.9308394341381216
9,1,15,400,BFGS,9.237055564881302e-13
9,1,16,400,BFGS,8.384404281969182e-13
9,1,17,400,BFGS,3.9308394341385338
9,1,18,400,BFGS,7.105427357601002e-13
9,1,19,400,BFGS,1.1652900866465643e-12
9,2,0,400,BFGS,1.9184653865522705e-12
9,2,1,400,BFGS,1.7266188478970435e-12
9,2,2,400,BFGS,1.2860823517257813e-12
9,2,3,400,BFGS,1.3216094885137863e-12
9,2,4,400,BFGS,1.1510792319313623e-12
9,2,5,400,BFGS,3.930839434133297
9,2,6,400,BFGS,1.4637180356658064e-12
9,2,7,400,BFGS,2.0676793610618915e-12
9,2,8,400,BFGS,1.6342482922482304e-12
9,2,9,400,BFGS,6.039613253960852e-13
9,2,10,400,BFGS,1.2079226507921703e-12
9,2,11,400,BFGS,3.9308394341331976
9,2,12,400,BFGS,1.1937117960769683e-12
9,2,13,400,BFGS,1.0800249583553523e-12
9,2,14,400,BFGS,1.3642420526593924e-12
9,2,15,400,BFGS,1.4779288903810084e-12
9,2,16,400,BFGS,1.4992451724538114e-12
9,2,17,400,BFGS,1.0871303857129533e-12
9,2,18,400,BFGS,1.2789769243681803e-12
9,2,19,400,BFGS,1.3855583347321954e-12
9,3,0,400,BFGS,1.3145040611561853e-12
9,3,1,400,BFGS,2.1245227799226996e-12
9,3,2,400,BFGS,1.4637180356658064e-12
9,3,3,400,BFGS,1.7053025658242404e-12
9,3,4,400,BFGS,1.8332002582610585e-12
9,3,5,400,BFGS,2.0961010704922955e-12
9,3,6,400,BFGS,4.334310688136611e-13
9,3,7,400,BFGS,4.618527782440651e-13
9,3,8,400,BFGS,1.8403056856186595e-12
9,3,9,400,BFGS,1.8332002582610585e-12
9,3,10,400,BFGS,1.8758328224066645e-12
9,3,11,400,BFGS,1.3429257705865894e-12
9,3,12,400,BFGS,2.1742607714259066e-12
9,3,13,400,BFGS,1.4850343177386094e-12
9,3,14,400,BFGS,1.6910917111090384e-12
9,3,15,400,BFGS,1.2647660696529783e-12
9,3,16,400,BFGS,3.9308394341331763
9,3,17,400,BFGS,1.8616219676914625e-12
9,3,18,400,BFGS,1.9397816686250735e-12
9,3,19,400,BFGS,2.3518964553659316e-12
9,4,0,400,BFGS,1.7053025658242404e-13
9,4,1,400,BFGS,3.930839434133901
9,4,2,400,BFGS,3.930839434137539
9,4,3,400,BFGS,1.4210854715202004e-13
9,4,4,400,BFGS,2.5579538487363607e-13
9,4,5,400,BFGS,1.1368683772161603e-13
9,4,6,400,BFGS,1.1368683772161603e-13
9,4,7,400,BFGS,2.8421709430404007e-13
9,4,8,400,BFGS,1.1368683772161603e-13
9,4,9,400,BFGS,1.7053025658242404e-13
9,4,10,400,BFGS,4.263256414560601e-13
9,4,11,400,BFGS,1.4210854715202004e-13
9,4,12,400,BFGS,1.2789769243681803e-13
9,4,13,400,BFGS,1.9895196601282805e-13
9,4,14,400,BFGS,1.7053025658242404e-13
9,4,15,400,BFGS,1.1368683772161603e-13
9,4,16,400,BFGS,1.8474111129762605e-13
9,4,17,400,BFGS,4.405364961712621e-13
9,4,18,400,BFGS,1.5631940186722204e-13
9,4,19,400,BFGS,1.8474111129762605e-13
9,5,0,400,BFGS,2.2737367544323206e-13
9,5,1,400,BFGS,2.4158453015843406e-13
9,5,2,400,BFGS,1.8474111129762605e-13
9,5,3,400,BFGS,6.252776074688882e-13
9,5,4,400,BFGS,4.121147867408581e-13
9,5,5,400,BFGS,5.258016244624741e-13
9,5,6,400,BFGS,9.947598300641403e-14
9,5,7,400,BFGS,8.384404281969182e-13
9,5,8,400,BFGS,8.526512829121202e-14
9,5,9,400,BFGS,2.2737367544323206e-13
9,5,10,400,BFGS,3.552713678800501e-13
9,5,11,400,BFGS,2.2737367544323206e-13
9,5,12,400,BFGS,5.968558980384842e-13
9,5,13,400,BFGS,3.694822225952521e-13
9,5,14,400,BFGS,9.379164112033322e-13
9,5,15,400,BFGS,4.405364961712621e-13
9,5,16,400,BFGS,2.8421709430404007e-13
9,5,17,400,BFGS,2.1316282072803006e-13
9,5,18,400,BFGS,2.984279490192421e-13
9,5,19,400,BFGS,3.126388037344441e-13
9,6,0,400,BFGS,2.6147972675971687e-11
9,6,1,400,BFGS,1.2050804798491299e-11
9,6,2,400,BFGS,3.5981884138891473e-11
9,6,3,400,BFGS,2.580691216280684e-11
9,6,4,400,BFGS,4.058620106661692e-11
9,6,5,400,BFGS,3.228706191293895e-11
9,6,6,400,BFGS,2.4840574042173102e-11
9,6,7,400,BFGS,2.893330020015128e-11
9,6,8,400,BFGS,9.265477274311706e-12
9,6,9,400,BFGS,3.444711182964966e-11
9,6,10,400,BFGS,1.2278178473934531e-11
9,6,11,400,BFGS,3.0183855415089056e-11
9,6,12,400,BFGS,3.9308394341450708
9,6,13,400,BFGS,1.836042429204099e-11
9,6,14,400,BFGS,3.930839434139159
9,6,15,400,BFGS,4.6270542952697724e-11
9,6,16,400,BFGS,2.9558577807620168e-12
9,6,17,400,BFGS,2.177102942368947e-11
9,6,18,400,BFGS,4.229150363244116e-11
9,6,19,400,BFGS,4.1154635255225e-11
9,7,0,400,BFGS,8.36664071357518e-12
9,7,1,400,BFGS,8.423484132435988e-12
9,7,2,400,BFGS,8.15703060652595e-12
9,7,3,400,BFGS,8.402167850363185e-12
9,7,4,400,BFGS,7.855049943827908e-12
9,7,5,400,BFGS,8.242295734817162e-12
9,7,6,400,BFGS,3.9308394341470887
9,7,7,400,BFGS,6.888711823194171e-12
9,7,8,400,BFGS,8.15347789284715e-12
9,7,9,400,BFGS,3.9308394341447084
9,7,10,400,BFGS,8.114398042380344e-12
9,7,11,400,BFGS,7.769784815536696e-12
9,7,12,400,BFGS,7.599254558954271e-12
9,7,13,400,BFGS,7.826628234397504e-12
9,7,14,400,BFGS,7.652545264136279e-12
9,7,15,400,BFGS,7.542411140093463e-12
9,7,16,400,BFGS,7.879918939579511e-12
9,7,17,400,BFGS,8.23163759378076e-12
9,7,18,400,BFGS,7.457146011802251e-12
9,7,19,400,BFGS,8.487432978654397e-12
10,1,0,400,BFGS,4.529152967336358e-06
10,1,1,400,BFGS,1.9083963813670834e-05
10,1,2,400,BFGS,1.024206312649767e-06
10,1,3,400,BFGS,1.0364157247977346e-06
10,1,4,400,BFGS,4.1029799291436575e-07
10,1,5,400,BFGS,5.951503570145178e-05
10,1,6,400,BFGS,1.533821502164301e-05
10,1,7,400,BFGS,3.186176405023389e-05
10,1,8,400,BFGS,2.596450752889723e-05
10,1,9,400,BFGS,4.539030723549331e-05
10,1,10,400,BFGS,6.434970146074193e-06
10,1,11,400,BFGS,3.304469235132501e-05
10,1,12,400,BFGS,3.28111845959711e-05
10,1,13,400,BFGS,8.820596451641904e-05
10,1,14,400,BFGS,1.6928377064573397e-06
10,1,15,400,BFGS,8.677907509024863e-06
10,1,16,400,BFGS,5.555426930925478e-05
10,1,17,400,BFGS,6.135193189038546e-07
10,1,18,400,BFGS,3.115155315924767e-06
10,1,19,400,BFGS,4.919445444784287e-06
10,2,0,400,BFGS,3.8539167235285277e-05
10,2,1,400,BFGS,6.726599650619391e-07
10,2,2,400,BFGS,1.0591537602522294e-06
10,2,3,400,BFGS,6.12638821451128e-07
10,2,4,400,BFGS,8.244471061402692e-07
10,2,5,400,BFGS,5.6867238669155995e-06
10,2,6,400,BFGS,7.356971018168679e-06
10,2,7,400,BFGS,1.9679574450037762e-06
10,2,8,400,BFGS,9.310590698419219e-07
10,2,9,400,BFGS,1.039214083675688e-06
10,2,10,400,BFGS,8.351098621517394e-06
10,2,11,400,BFGS,1.5103082681378055e-05
10,2,12,400,BFGS,1.4256778229082556e-06
10,2,13,400,BFGS,4.824494439503724e-07
10,2,14,400,BFGS,2.9665148559843146e-07
10,2,15,400,BFGS,4.18579080019299e-06
10,2,16,400,BFGS,1.2426196533965594e-06
10,2,17,400,BFGS,2.577942360915131e-06
10,2,18,400,BFGS,3.8924464718093077e-07
10,2,19,400,BFGS,1.3427774341323584e-05
10,3,0,400,BFGS,2.683312618501077e-05
10,3,1,400,BFGS,4.6973991629783995e-07
10,3,2,400,BFGS,7.09690084477188e-08
10,3,3,400,BFGS,0.0004302991845293036
10,3,4,400,BFGS,1.0460797739142436e-06
10,3,5,400,BFGS,7.808616260263079e-07
10,3,6,400,BFGS,1.2151675662153139e-05
10,3,7,400,BFGS,9.70340535673131e-05
10,3,8,400,BFGS,7.338352702390694e-06
10,3,9,400,BFGS,6.746264915591382e-05
10,3,10,400,BFGS,1.5579462342429906e-07
10,3,11,400,BFGS,1.1438932688179193e-05
10,3,12,400,BFGS,3.373024242137035e-07
10,3,13,400,BFGS,6.636125931436254e-06
10,3,14,400,BFGS,0.00013866901917936048
10,3,15,400,BFGS,4.8744661683031154e-05
10,3,16,400,BFGS,1.7534625726511877e-05
10,3,17,400,BFGS,1.880139848253748e-07
10,3,18,400,BFGS,1.3804833656649862e-05
10,3,19,400,BFGS,6.776962891308358e-06
10,4,0,400,BFGS,1.0345833089786538e-05
10,4,1,400,BFGS,7.042481712460358e-06
10,4,2,400,BFGS,0.00017573211374610764
10,4,3,400,BFGS,9.902148235596542e-06
10,4,4,400,BFGS,0.00012170769360864142
10,4,5,400,BFGS,1.008309345706948e-05
10,4,6,400,BFGS,0.0009644652826636957
10,4,7,400,BFGS,1.2883903963256671e-05
10,4,8,400,BFGS,0.003607509355674665
10,4,9,400,BFGS,2.002093094688462e-05
10,4,10,400,BFGS,3.396082504991682e-05
10,4,11,400,BFGS,3.6284907707795355e-05
10,4,12,400,BFGS,5.609993053212747e-06
10,4,13,400,BFGS,3.0205887071588222e-06
10,4,14,400,BFGS,0.001085009757645139
10,4,15,400,BFGS,3.460949321265616e-05
10,4,16,400,BFGS,2.2720660211916766e-05
10,4,17,400,BFGS,0.0009078871721328596
10,4,18,400,BFGS,2.6728969260148006e-07
10,4,19,400,BFGS,2.201282418923256e-05
10,5,0,400,BFGS,4.128179398321663e-07
10,5,1,400,BFGS,1.656471795286052e-07
10,5,2,400,BFGS,1.2443877039913787e-07
10,5,3,400,BFGS,7.064681994961575e-08
10,5,4,400,BFGS,4.2162866975559155e-07
10,5,5,400,BFGS,1.9742920471799152e-06
10,5,6,400,BFGS,1.9876467263202358e-06
10,5,7,400,BFGS,2.3289605337595276e-06
10,5,8,400,BFGS,1.8300650026503718e-06
10,5,9,400,BFGS,2.6269992758898297e-07
10,5,10,400,BFGS,8.623305802757386e-08
10,5,11,400,BFGS,1.0191797628067434e-07
10,5,12,400,BFGS,1.3164686265554337e-06
10,5,13,400,BFGS,6.298756716205389e-07
10,5,14,400,BFGS,4.574349077302031e-07
10,5,15,400,BFGS,1.7211164049513172e-08
10,5,16,400,BFGS,1.5467935554625e-07
10,5,17,400,BFGS,3.469693865554291e-08
10,5,18,400,BFGS,6.893750423841993e-07
10,5,19,400,BFGS,6.120578177615243e-07
10,6,0,400,BFGS,1.6427500675320061e-06
10,6,1,400,BFGS,2.0779887684341247e-05
10,6,2,400,BFGS,3.4339199252997332e-06
10,6,3,400,BFGS,1.909228508623073e-08
10,6,4,400,BFGS,2.42659847771165e-08
10,6,5,400,BFGS,1.843422072766998e-07
10,6,6,400,BFGS,1.2453917719312813e-07
10,6,7,400,BFGS,6.343456426805005e-08
10,6,8,400,BFGS,5.476035447316008e-08
10,6,9,400,BFGS,6.543125987690246e-06
10,6,10,400,BFGS,6.97251874015592e-08
10,6,11,400,BFGS,1.2470122587870947e-06
10,6,12,400,BFGS,8.137164897448201e-08
10,6,13,400,BFGS,8.765314856162831e-07
10,6,14,400,BFGS,1.9120741079348136e-07
10,6,15,400,BFGS,1.0720520879914375e-06
10,6,16,400,BFGS,1.7168392947297662e-06
10,6,17,400,BFGS,1.346474700625322e-06
10,6,18,400,BFGS,2.9444145432933055e-07
10,6,19,400,BFGS,2.6282531930377218e-05
10,7,0,400,BFGS,4.624423411314638e-06
10,7,1,400,BFGS,1.2938828604092123e-06
10,7,2,400,BFGS,5.458110194922483e-07
10,7,3,400,BFGS,1.5541532434326655e-06
10,7,4,400,BFGS,1.296023697250348e-07
10,7,5,400,BFGS,5.966290927972295e-07
10,7,6,400,BFGS,9.504975650997949e-08
10,7,7,400,BFGS,9.298287295678165e-07
10,7,8,400,BFGS,2.225838784397638e-06
10,7,9,400,BFGS,1.288178737013368e-07
10,7,10,400,BFGS,2.6443266278874944e-06
10,7,11,400,BFGS,5.074942919236491e-07
10,7,12,400,BFGS,9.913879011946847e-06
10,7,13,400,BFGS,7.786466653669777e-07
10,7,14,400,BFGS,2.592827399894304e-06
10,7,15,400,BFGS,6.422621368074033e-07
10,7,16,400,BFGS,6.8411642928367655e-06
10,7,17,400,BFGS,1.002246392545203e-06
10,7,18,400,BFGS,3.9581664168508723e-08
10,7,19,400,BFGS,3.400369905648404e-07
11,1,0,400,BFGS,4.120516905459226e-08
11,1,1,400,BFGS,8.581657823469868e-06
11,1,2,400,BFGS,3.9363284997762094e-05
11,1,3,400,BFGS,0.0003772678434330601
11,1,4,400,BFGS,7.865259519235224e-06
11,1,5,400,BFGS,0.003651669670446722
11,1,6,400,BFGS,3.371119304063086e-05
11,1,7,400,BFGS,4.730629143523402e-06
11,1,8,400,BFGS,1.0331288535780914e-07
11,1,9,400,BFGS,4.660298330350088e-06
11,1,10,400,BFGS,6.0760618055155646e-05
11,1,11,400,BFGS,5.4003488259013466e-05
11,1,12,400,BFGS,4.581512111201391e-05
11,1,13,400,BFGS,1.3283736080893505e-05
11,1,14,400,BFGS,2.6897816667315055e-06
11,1,15,400,BFGS,7.173281630912243e-07
11,1,16,400,BFGS,3.6003034864506844e-06
11,1,17,400,BFGS,2.726887808535139e-05
11,1,18,400,BFGS,2.1037771247733872e-05
11,1,19,400,BFGS,5.3643547488491095e-05
11,2,0,400,BFGS,5.49460995209472e-05
11,2,1,400,BFGS,3.889737458706577e-05
11,2,2,400,BFGS,0.00011072428680947155
11,2,3,400,BFGS,0.0001681746037327514
11,2,4,400,BFGS,2.9649259438713216e-05
11,2,5,400,BFGS,6.345553700271012e-05
11,2,6,400,BFGS,1.8254456648492123e-06
11,2,7,400,BFGS,5.3292326327891715e-05
11,2,8,400,BFGS,0.0001743435399745863
11,2,9,400,BFGS,1.742820890271446e-05
11,2,10,400,BFGS,7.796868729315065e-06
11,2,11,400,BFGS,5.929694353312698e-07
11,2,12,400,BFGS,0.0003447260271585151
11,2,13,400,BFGS,9.570960912697046e-06
11,2,14,400,BFGS,7.737794906148565e-05
11,2,15,400,BFGS,0.00022574637482364324
11,2,16,400,BFGS,7.757330206814572e-05
11,2,17,400,BFGS,5.59134084809898e-06
11,2,18,400,BFGS,3.181345210734321e-05
11,2,19,400,BFGS,1.3414468838846005e-05
11,3,0,400,BFGS,0.0001682839239336431
11,3,1,400,BFGS,3.2460076798912496e-05
11,3,2,400,BFGS,3.1986127844163548e-06
11,3,3,400,BFGS,5.8600184372537e-05
11,3,4,400,BFGS,3.9657683355898143e-05
11,3,5,400,BFGS,1.4041134928532983e-05
11,3,6,400,BFGS,2.5097879197133466e-05
11,3,7,400,BFGS,8.193059962380289e-05
11,3,8,400,BFGS,8.286745428520703e-05
11,3,9,400,BFGS,1.4545473401739173e-05
11,3,10,400,BFGS,2.1088210004904795e-06
11,3,11,400,BFGS,8.643476547831597e-07
11,3,12,400,BFGS,3.5041163531701613e-05
11,3,13,400,BFGS,3.5372408133227395e-05
11,3,14,400,BFGS,0.0004141137619733115
11,3,15,400,BFGS,1.4384353189456078e-05
11,3,16,400,BFGS,0.00016773706003903044
11,3,17,400,BFGS,0.0010825768283968529
11,3,18,400,BFGS,6.420573244625416e-06
11,3,19,400,BFGS,3.2830422179941365e-05
11,4,0,400,BFGS,1.3540661029765033e-05
11,4,1,400,BFGS,0.0010813701550205224
11,4,2,400,BFGS,0.00044114510853887623
11,4,3,400,BFGS,0.0036853324088497175
11,4,4,400,BFGS,4.354413249529898e-06
11,4,5,400,BFGS,0.0009826403450006183
11,4,6,400,BFGS,9.128456565576926e-05
11,4,7,400,BFGS,4.3519071482478466e-05
11,4,8,400,BFGS,5.909053220420901e-05
11,4,9,400,BFGS,0.00021493462975286093
11,4,10,400,BFGS,2.520921270843246e-06
11,4,11,400,BFGS,4.046617709718703e-05
11,4,12,400,BFGS,4.09962170806466e-05
11,4,13,400,BFGS,0.0009217969470682874
11,4,14,400,BFGS,3.2928069231275003e-06
11,4,15,400,BFGS,0.0006222867810947719
11,4,16,400,BFGS,0.00011957177173371747
11,4,17,400,BFGS,2.4458222469547763e-06
11,4,18,400,BFGS,5.221771641572559e-05
11,4,19,400,BFGS,5.916012219131517e-05
11,5,0,400,BFGS,9.472251474562654e-05
11,5,1,400,BFGS,4.4750011923611055e-05
11,5,2,400,BFGS,7.587762618754823e-05
11,5,3,400,BFGS,0.001211155193857394
11,5,4,400,BFGS,7.358193414574998e-07
11,5,5,400,BFGS,1.1658783805046369e-05
11,5,6,400,BFGS,3.381365138466208e-05
11,5,7,400,BFGS,1.1294235008563192e-05
11,5,8,400,BFGS,1.9133283359451525e-05
11,5,9,400,BFGS,2.084895128007247e-05
11,5,10,400,BFGS,0.00018828887741051403
11,5,11,400,BFGS,3.697550467052224e-05
11,5,12,400,BFGS,1.0164147568048065e-05
11,5,13,400,BFGS,0.00016470819569747164
11,5,14,400,BFGS,5.0361614071903205e-05
11,5,15,400,BFGS,5.73317464613865e-08
11,5,16,400,BFGS,2.9842870929996934e-06
11,5,17,400,BFGS,8.161979110354878e-06
11,5,18,400,BFGS,2.2693887586910932e-06
11,5,19,400,BFGS,4.0711327642384276e-08
11,6,0,400,BFGS,0.0003277936934864556
11,6,1,400,BFGS,0.00013656567273301334
11,6,2,400,BFGS,3.826895670044905e-05
11,6,3,400,BFGS,0.0002534573678758534
11,6,4,400,BFGS,0.0038450892413948168
11,6,5,400,BFGS,0.00013383111638631817
11,6,6,400,BFGS,0.0013903630957656787
11,6,7,400,BFGS,3.879796713590622e-05
11,6,8,400,BFGS,0.00024913338370424754
11,6,9,400,BFGS,0.003762743010838676
11,6,10,400,BFGS,0.00022320174400647375
11,6,11,400,BFGS,5.0901905979117146e-06
11,6,12,400,BFGS,1.4846784210931219e-05
11,6,13,400,BFGS,8.912612088352034e-06
11,6,14,400,BFGS,1.7914967315846297e-05
11,6,15,400,BFGS,7.331870062898815e-05
11,6,16,400,BFGS,2.9510126864806807e-05
11,6,17,400,BFGS,0.0001750159018456543
11,6,18,400,BFGS,1.1188817325091804e-05
11,6,19,400,BFGS,0.0005615484104737334
11,7,0,400,BFGS,6.931198868187494e-07
11,7,1,400,BFGS,8.793652028771248e-07
11,7,2,400,BFGS,2.6338081653420886e-06
11,7,3,400,BFGS,9.90360656771827e-06
11,7,4,400,BFGS,1.044189616550284e-06
11,7,5,400,BFGS,4.445138586106623e-07
11,7,6,400,BFGS,3.06272794148299e-06
11,7,7,400,BFGS,6.300807200432246e-07
11,7,8,400,BFGS,1.109868179582918e-07
11,7,9,400,BFGS,4.5203964305073896e-07
11,7,10,400,BFGS,7.195600204568109e-07
11,7,11,400,BFGS,1.6922981558309402e-06
11,7,12,400,BFGS,2.7906271640176783e-06
11,7,13,400,BFGS,7.324945983100406e-07
11,7,14,400,BFGS,2.8595021888122574e-06
11,7,15,400,BFGS,1.7403374954483297e-06
11,7,16,400,BFGS,6.734387838491784e-06
11,7,17,400,BFGS,6.515015229524579e-07
11,7,18,400,BFGS,3.1991879581028115e-06
11,7,19,400,BFGS,6.147442377368861e-07
12,1,0,400,BFGS,4.303332843846874e-06
12,1,1,400,BFGS,4.29561532655498e-06
12,1,2,400,BFGS,0.00034793973020441626
12,1,3,400,BFGS,4.297208192838298e-06
12,1,4,400,BFGS,5.3472311947189155e-06
12,1,5,400,BFGS,3.108576720478595e-07
12,1,6,400,BFGS,4.287385422685475e-06
12,1,7,400,BFGS,3.235494125419791e-05
12,1,8,400,BFGS,1.3290242577568279e-06
12,1,9,400,BFGS,0.003240911348143527
12,1,10,400,BFGS,4.294775635571568e-06
12,1,11,400,BFGS,0.010410452537712445
12,1,12,400,BFGS,4.280447001292487e-06
12,1,13,400,BFGS,1.0129645033885026e-07
12,1,14,400,BFGS,0.0013359200496552148
12,1,15,400,BFGS,4.28777934757818e-06
12,1,16,400,BFGS,0.005838125528271121
12,1,17,400,BFGS,8.222459655371495e-07
12,1,18,400,BFGS,4.286248781681934e-06
12,1,19,400,BFGS,5.423009952210123e-08
12,2,0,400,BFGS,3.780859827884342e-06
12,2,1,400,BFGS,4.6150345156092953e-05
12,2,2,400,BFGS,1.0141668866481268e-05
12,2,3,400,BFGS,8.530543084361852e-06
12,2,4,400,BFGS,1.0388812853534546e-05
12,2,5,400,BFGS,1.0401499281442739e-05
12,2,6,400,BFGS,5.053991998238416e-06
12,2,7,400,BFGS,1.0390780772695507e-05
12,2,8,400,BFGS,1.0396639993359713e-05
12,2,9,400,BFGS,1.0398656883126023e-05
12,2,10,400,BFGS,1.0399476394695739e-05
12,2,11,400,BFGS,4.813895856159434e-06
12,2,12,400,BFGS,3.427682031542645e-07
12,2,13,400,BFGS,1.0395325006129497e-05
12,2,14,400,BFGS,1.038215373228013e-05
12,2,15,400,BFGS,1.1957570222875802e-06
12,2,16,400,BFGS,2.361712176934816e-07
12,2,17,400,BFGS,1.0396225150088867e-05
12,2,18,400,BFGS,1.0199543737599015e-05
12,2,19,400,BFGS,1.0401668191661884e-05
12,3,0,400,BFGS,4.6192563729618996e-07
12,3,1,400,BFGS,0.004028650437668091
12,3,2,400,BFGS,1.9970693685422702e-06
12,3,3,400,BFGS,0.00791252062382597
12,3,4,400,BFGS,4.260074817352688e-07
12,3,5,400,BFGS,2.073387577183894e-07
12,3,6,400,BFGS,0.021528644837161437
12,3,7,400,BFGS,3.889643673460341e-05
12,3,8,400,BFGS,2.4011960583436576e-05
12,3,9,400,BFGS,0.0007475839535118212
12,3,10,400,BFGS,2.52567197307485e-05
12,3,11,400,BFGS,0.0017986392428426257
12,3,12,400,BFGS,0.003811392560429283
12,3,13,400,BFGS,0.0017086648525719283
12,3,14,400,BFGS,1.6527716653058633e-05
12,3,15,400,BFGS,3.4613702837305027e-07
12,3,16,400,BFGS,0.0008186498253195396
12,3,17,400,BFGS,0.007713426516218647
12,3,18,400,BFGS,6.719582958680803e-05
12,3,19,400,BFGS,3.280552369488987e-05
12,4,0,400,BFGS,2.0006115875048636e-07
12,4,1,400,BFGS,1.0030442819441987e-05
12,4,2,400,BFGS,1.0022884691096579e-05
12,4,3,400,BFGS,9.993771165284215e-06
12,4,4,400,BFGS,1.0028932582173411e-05
12,4,5,400,BFGS,1.0028793088423527e-05
12,4,6,400,BFGS,1.0029731321026247e-05
12,4,7,400,BFGS,9.958960006883899e-06
12,4,8,400,BFGS,1.0568286263890059e-05
12,4,9,400,BFGS,1.0030265009675077e-05
12,4,10,400,BFGS,1.0026219179337659e-05
12,4,11,400,BFGS,7.974366763363605e-06
12,4,12,400,BFGS,1.0020949400058043e-05
12,4,13,400,BFGS,1.0030079778289291e-05
12,4,14,400,BFGS,9.846800640644915e-06
12,4,15,400,BFGS,9.962670389995765e-06
12,4,16,400,BFGS,1.0030047373987827e-05
12,4,17,400,BFGS,6.724470829055917e-06
12,4,18,400,BFGS,1.00289396698372e-05
12,4,19,400,BFGS,1.0025872171581796e-05
12,5,0,400,BFGS,2.974012716094876e-07
12,5,1,400,BFGS,4.5440751584635564e-05
12,5,2,400,BFGS,3.0005123363707753e-07
12,5,3,400,BFGS,3.000936175112656e-07
12,5,4,400,BFGS,0.00010956549118645853
12,5,5,400,BFGS,5.023811297633074e-06
12,5,6,400,BFGS,2.987996978731644e-07
12,5,7,400,BFGS,2.981373157240341e-07
12,5,8,400,BFGS,2.999576906859147e-07
12,5,9,400,BFGS,2.976913293650796e-07
12,5,10,400,BFGS,2.9999247885825753e-07
12,5,11,400,BFGS,0.0003868291245510136
12,5,12,400,BFGS,2.9999825557069926e-07
12,5,13,400,BFGS,0.003983511274256557
12,5,14,400,BFGS,2.932537483957276e-07
12,5,15,400,BFGS,2.9999673500924473e-07
12,5,16,400,BFGS,2.9958955138909005e-07
12,5,17,400,BFGS,3.000750155024434e-07
12,5,18,400,BFGS,3.0003152318158754e-07
12,5,19,400,BFGS,3.000298391953038e-07
12,6,0,400,BFGS,6.143669373948057e-05
12,6,1,400,BFGS,7.092469809677482e-05
12,6,2,400,BFGS,0.00041159738558249614
12,6,3,400,BFGS,0.00031215783720028867
12,6,4,400,BFGS,0.15083935358275724
12,6,5,400,BFGS,8.76909544089699e-06
12,6,6,400,BFGS,0.00014669842279424472
12,6,7,400,BFGS,3.0926621708005086e-06
12,6,8,400,BFGS,8.410169241912513e-06
12,6,9,400,BFGS,7.040728331197954e-05
12,6,10,400,BFGS,0.00010997432669235252
12,6,11,400,BFGS,2.58139890618736e-06
12,6,12,400,BFGS,0.07830419671949507
12,6,13,400,BFGS,0.0018487797841402198
12,6,14,400,BFGS,7.489347432532156e-05
12,6,15,400,BFGS,4.7319984677329785e-06
12,6,16,400,BFGS,2.9078851287072105
12,6,17,400,BFGS,6.179529133909512e-05
12,6,18,400,BFGS,7.668128354509918e-08
12,6,19,400,BFGS,1.598327981966463e-06
12,7,0,400,BFGS,8.884626367944293e-11
12,7,1,400,BFGS,6.151811098220605e-05
12,7,2,400,BFGS,1.489013357058866e-10
12,7,3,400,BFGS,1.4227339306671638e-09
12,7,4,400,BFGS,1.923350481547459e-06
12,7,5,400,BFGS,1.1283418643870391e-10
12,7,6,400,BFGS,1.4680779258924304e-08
12,7,7,400,BFGS,1.3017711353313643e-08
12,7,8,400,BFGS,1.2181544661871158e-10
12,7,9,400,BFGS,1.2285283901292132e-09
12,7,10,400,BFGS,1.624016476853285e-10
12,7,11,400,BFGS,1.7632828530622646e-10
12,7,12,400,BFGS,1.461901518950981e-06
12,7,13,400,BFGS,1.461338115404942e-06
12,7,14,400,BFGS,2.0889956431346945e-11
12,7,15,400,BFGS,1.205933131132042e-10
12,7,16,400,BFGS,4.543368305576223e-06
12,7,17,400,BFGS,0.000139547011428931
12,7,18,400,BFGS,1.2542500371637288e-10
12,7,19,400,BFGS,6.70922872814117e-10
13,1,0,400,BFGS,0.00066592819118938
13,1,1,400,BFGS,0.0008461850785863589
13,1,2,400,BFGS,0.0007576031424001428
13,1,3,400,BFGS,0.0011892493603937737
13,1,4,400,BFGS,0.0009848534771386142
13,1,5,400,BFGS,0.0012335902701714474
13,1,6,400,BFGS,0.0004989041144334294
13,1,7,400,BFGS,0.0011272200003276112
13,1,8,400,BFGS,0.0011418767564315147
13,1,9,400,BFGS,0.0015727380218351072
13,1,10,400,BFGS,0.001055027267973685
13,1,11,400,BFGS,0.001071282750352509
13,1,12,400,BFGS,0.0015126327296357545
13,1,13,400,BFGS,0.0009064222375876341
13,1,14,400,BFGS,0.000638427125558394
13,1,15,400,BFGS,0.0006050751497355122
13,1,16,400,BFGS,0.0014622122546086302
13,1,17,400,BFGS,0.0013588456974993335
13,1,18,400,BFGS,0.0013521759608572381
13,1,19,400,BFGS,0.0007056650567491829
13,2,0,400,BFGS,0.00039283644561294295
13,2,1,400,BFGS,0.0002815608037565198
13,2,2,400,BFGS,0.0006180592323943301
13,2,3,400,BFGS,0.00013403186331828465
13,2,4,400,BFGS,0.0004130241111610644
13,2,5,400,BFGS,0.00036235680980212237
13,2,6,400,BFGS,0.00031633326763369496
13,2,7,400,BFGS,0.0004428817199197965
13,2,8,400,BFGS,0.0007102778463874415
13,2,9,400,BFGS,0.00048617563766129024
13,2,10,400,BFGS,0.0002977407190627446
13,2,11,400,BFGS,0.0005586415123985944
13,2,12,400,BFGS,0.000486805956995795
13,2,13,400,BFGS,0.00047105620780740765
13,2,14,400,BFGS,0.0002863726842221581
13,2,15,400,BFGS,0.0010296764763637611
13,2,16,400,BFGS,0.0004350621488455886
13,2,17,400,BFGS,0.00039673711310683757
13,2,18,400,BFGS,0.0006856803723138682
13,2,19,400,BFGS,0.00016550938047288355
13,3,0,400,BFGS,0.00011306418429057885
13,3,1,400,BFGS,7.570077434593259e-05
13,3,2,400,BFGS,9.202025637478073e-05
13,3,3,400,BFGS,0.0007016400435873038
13,3,4,400,BFGS,9.159883563825133e-05
13,3,5,400,BFGS,8.152778809744632e-05
13,3,6,400,BFGS,0.00019334029337869651
13,3,7,400,BFGS,0.0012218236618650735
13,3,8,400,BFGS,0.0003232621618280973
13,3,9,400,BFGS,0.0006585376889916006
13,3,10,400,BFGS,3.814797048562468e-05
13,3,11,400,BFGS,5.1227130825282075e-05
13,3,12,400,BFGS,0.0002915910238812103
13,3,13,400,BFGS,0.0001416277352745965
13,3,14,400,BFGS,3.667274683039068e-05
13,3,15,400,BFGS,0.0002319889138675535
13,3,16,400,BFGS,0.00045806478669874195
13,3,17,400,BFGS,0.000493647613268422
13,3,18,400,BFGS,0.00024397390740205083
13,3,19,400,BFGS,0.0003375955720912316
13,4,0,400,BFGS,0.0010896078948690047
13,4,1,400,BFGS,0.001398368574655251
13,4,2,400,BFGS,0.0014091971607967935
13,4,3,400,BFGS,0.0007922700433482532
13,4,4,400,BFGS,0.0005343724918702719
13,4,5,400,BFGS,0.0005338724843113596
13,4,6,400,BFGS,0.0008787754924242108
13,4,7,400,BFGS,0.0015435297946169158
13,4,8,400,BFGS,0.0006289710229339107
13,4,9,400,BFGS,0.001166034128686988
13,4,10,400,BFGS,0.0009995169699550388
13,4,11,400,BFGS,0.00152337082761278
13,4,12,400,BFGS,0.0011905949193078413
13,4,13,400,BFGS,0.0012967097364935398
13,4,14,400,BFGS,0.0016902237867952863
13,4,15,400,BFGS,0.0011247821481674691
13,4,16,400,BFGS,0.000956080769469736
13,4,17,400,BFGS,0.0012032455146027132
13,4,18,400,BFGS,0.0009668027042835092
13,4,19,400,BFGS,0.0012756304466847723
13,5,0,400,BFGS,0.0022879871454932754
13,5,1,400,BFGS,0.0010663673254072137
13,5,2,400,BFGS,0.0010828430333447159
13,5,3,400,BFGS,0.001328819080725907
13,5,4,400,BFGS,0.001349139386732645
13,5,5,400,BFGS,0.001769555297883585
13,5,6,400,BFGS,0.0011578261376286036
13,5,7,400,BFGS,0.000954397887355185
13,5,8,400,BFGS,0.00042749676654807445
13,5,9,400,BFGS,0.0004010430570815515
13,5,10,400,BFGS,0.002076420183271921
13,5,11,400,BFGS,0.0015091208919670862
13,5,12,400,BFGS,0.001195900403615724
13,5,13,400,BFGS,0.00019077712342152608
13,5,14,400,BFGS,0.0002376203352127959
13,5,15,400,BFGS,0.0004938431540750798
13,5,16,400,BFGS,0.0008234194407066298
13,5,17,400,BFGS,0.0011410689170503474
13,5,18,400,BFGS,0.0005556689960286576
13,5,19,400,BFGS,0.001371574735287595
13,6,0,400,BFGS,0.0007129284453526452
13,6,1,400,BFGS,0.0009634392755515364
13,6,2,400,BFGS,0.0008034785915356224
13,6,3,400,BFGS,0.0003842312520987434
13,6,4,400,BFGS,0.000749464588977844
13,6,5,400,BFGS,0.0007096565018400725
13,6,6,400,BFGS,0.0008204807400602476
13,6,7,400,BFGS,0.000686434351052867
13,6,8,400,BFGS,0.0008113854240150431
13,6,9,400,BFGS,0.00041503358852423844
13,6,10,400,BFGS,0.0009036094872953981
13,6,11,400,BFGS,0.0011482148337336184
13,6,12,400,BFGS,0.00013545442487838955
13,6,13,400,BFGS,0.0007578797599876452
13,6,14,400,BFGS,0.000603539627434202
13,6,15,400,BFGS,0.0005126264769614863
13,6,16,400,BFGS,0.0002957284086164691
13,6,17,400,BFGS,0.0007261519680810125
13,6,18,400,BFGS,0.0005691525086604088
13,6,19,400,BFGS,0.0010374570905469227
13,7,0,400,BFGS,0.0011190442518724808
13,7,1,400,BFGS,0.00033989875289108795
13,7,2,400,BFGS,0.0003633649978596054
13,7,3,400,BFGS,0.0018896056006454387
13,7,4,400,BFGS,0.001401008707411222
13,7,5,400,BFGS,0.0010739094389222714
13,7,6,400,BFGS,0.0006074546414325255
13,7,7,400,BFGS,0.000791895427369127
13,7,8,400,BFGS,0.0008844621180585932
13,7,9,400,BFGS,0.00040030666754375943
13,7,10,400,BFGS,0.0014959283656068578
13,7,11,400,BFGS,0.001199824927155646
13,7,12,400,BFGS,0.0015516551586785
13,7,13,400,BFGS,0.000921266669777765
13,7,14,400,BFGS,0.0015412744607061768
13,7,15,400,BFGS,0.0007554200197645855
13,7,16,400,BFGS,0.0015304489827627776
13,7,17,400,BFGS,0.0023242167064552177
13,7,18,400,BFGS,0.0005231170771935467
13,7,19,400,BFGS,0.001087409553591101
14,1,0,400,BFGS,2.971427406350813e-07
14,1,1,400,BFGS,7.731321574055983e-07
14,1,2,400,BFGS,2.8392747140060237e-06
14,1,3,400,BFGS,1.8889734363369826e-06
14,1,4,400,BFGS,1.3317268283685735e-06
14,1,5,400,BFGS,1.0509121111113018e-06
14,1,6,400,BFGS,1.6819811392565498e-06
14,1,7,400,BFGS,2.6900858713929665e-06
14,1,8,400,BFGS,1.8648564577006255e-06
14,1,9,400,BFGS,1.5432290254580039e-06
14,1,10,400,BFGS,3.987709703778819e-06
14,1,11,400,BFGS,4.569018607014641e-06
14,1,12,400,BFGS,5.75428003912748e-07
14,1,13,400,BFGS,2.1751864380803454e-06
14,1,14,400,BFGS,7.09468841364469e-06
14,1,15,400,BFGS,1.2043273756034978e-06
14,1,16,400,BFGS,3.912083286650159e-06
14,1,17,400,BFGS,2.1028923171684255e-06
14,1,18,400,BFGS,2.2832869888134155e-06
14,1,19,400,BFGS,1.315635593357456e-06
14,2,0,400,BFGS,1.6447827135834814e-06
14,2,1,400,BFGS,9.929689781529305e-07
14,2,2,400,BFGS,1.5407809144107887e-06
14,2,3,400,BFGS,1.1836289104394382e-06
14,2,4,400,BFGS,2.4289432474233763e-06
14,2,5,400,BFGS,1.676735877254032e-06
14,2,6,400,BFGS,3.954885130497132e-06
14,2,7,400,BFGS,6.389917928117939e-07
14,2,8,400,BFGS,1.1939092701140908e-06
14,2,9,400,BFGS,1.497933027394538e-06
14,2,10,400,BFGS,4.4135515508969547e-07
14,2,11,400,BFGS,5.401176395025686e-07
14,2,12,400,BFGS,3.0708551435054687e-07
14,2,13,400,BFGS,4.125796522203018e-07
14,2,14,400,BFGS,2.6349187578489364e-06
14,2,15,400,BFGS,3.0693013286509085e-06
14,2,16,400,BFGS,9.281022528284666e-07
14,2,17,400,BFGS,5.779903830216426e-06
14,2,18,400,BFGS,7.706840676746651e-07
14,2,19,400,BFGS,3.392259031897993e-06
14,3,0,400,BFGS,1.8611749368346864e-06
14,3,1,400,BFGS,9.165533612076615e-07
14,3,2,400,BFGS,1.5747832691204167e-06
14,3,3,400,BFGS,1.6779851677029e-06
14,3,4,400,BFGS,1.976288189098341e-06
14,3,5,400,BFGS,4.876144004128946e-07
14,3,6,400,BFGS,1.7358728854333094e-06
14,3,7,400,BFGS,1.8143626050459716e-06
14,3,8,400,BFGS,1.590011777352629e-06
14,3,9,400,BFGS,5.232441537827981e-07
14,3,10,400,BFGS,4.996935984991069e-07
14,3,11,400,BFGS,7.197145919235481e-07
14,3,12,400,BFGS,9.27263798189415e-07
14,3,13,400,BFGS,7.302574545064999e-07
14,3,14,400,BFGS,9.066535113788632e-07
14,3,15,400,BFGS,6.361275808330902e-07
14,3,16,400,BFGS,1.803673427502872e-06
14,3,17,400,BFGS,4.7580957129866874e-07
14,3,18,400,BFGS,1.4851792684567044e-07
14,3,19,400,BFGS,8.114797225289294e-07
14,4,0,400,BFGS,2.4907475406621415e-06
14,4,1,400,BFGS,2.3342967807593595e-06
14,4,2,400,BFGS,2.796117200887238e-06
14,4,3,400,BFGS,3.493730211800994e-06
14,4,4,400,BFGS,3.5077353714996207e-06
14,4,5,400,BFGS,2.525651950691099e-06
14,4,6,400,BFGS,3.4662997947521035e-06
14,4,7,400,BFGS,2.8654032959707365e-06
14,4,8,400,BFGS,1.0081275831907988e-06
14,4,9,400,BFGS,8.084460958457385e-06
14,4,10,400,BFGS,1.4908031786831089e-06
14,4,11,400,BFGS,3.028820209749483e-06
14,4,12,400,BFGS,2.3856770852148657e-06
14,4,13,400,BFGS,8.754331375371294e-07
14,4,14,400,BFGS,3.450538734739439e-06
14,4,15,400,BFGS,1.8129701118141384e-06
14,4,16,400,BFGS,2.107341607882063e-06
14,4,17,400,BFGS,6.5919444125484e-08
14,4,18,400,BFGS,1.2159354199070549e-06
14,4,19,400,BFGS,2.466053416583236e-06
14,5,0,400,BFGS,2.6405140118868076e-07
14,5,1,400,BFGS,2.952654227783569e-07
14,5,2,400,BFGS,1.432678544688315e-07
14,5,3,400,BFGS,7.079328909753713e-07
14,5,4,400,BFGS,1.3736160298094546e-07
14,5,5,400,BFGS,4.099053967365762e-07
14,5,6,400,BFGS,4.2121533994077254e-07
14,5,7,400,BFGS,1.4365801348503737e-07
14,5,8,400,BFGS,3.530780006144596e-07
14,5,9,400,BFGS,1.7691436937639082e-07
14,5,10,400,BFGS,5.681116590494639e-07
14,5,11,400,BFGS,6.915659866990609e-08
14,5,12,400,BFGS,6.36786992913585e-07
14,5,13,400,BFGS,4.7384391876903464e-07
14,5,14,400,BFGS,1.2141641292373606e-07
14,5,15,400,BFGS,9.639975715458604e-07
14,5,16,400,BFGS,3.8255106460383104e-07
14,5,17,400,BFGS,7.229554839227603e-07
14,5,18,400,BFGS,2.8409670704832024e-07
14,5,19,400,BFGS,1.3502441476020977e-07
14,6,0,400,BFGS,4.109472939717307e-07
14,6,1,400,BFGS,3.1901110162380064e-06
14,6,2,400,BFGS,3.7936510466352047e-07
14,6,3,400,BFGS,5.238132985141419e-07
14,6,4,400,BFGS,2.4022895672715094e-06
14,6,5,400,BFGS,9.3461302697051e-07
14,6,6,400,BFGS,2.968358792543313e-06
14,6,7,400,BFGS,4.8910301586602145e-08
14,6,8,400,BFGS,1.3124257591812238e-06
14,6,9,400,BFGS,1.4134755375039276e-06
14,6,10,400,BFGS,2.5585402596561835e-06
14,6,11,400,BFGS,1.688559706281012e-06
14,6,12,400,BFGS,1.9966586677355735e-06
14,6,13,400,BFGS,2.0876758597410117e-06
14,6,14,400,BFGS,2.351581606774289e-06
14,6,15,400,BFGS,8.668288060675877e-07
14,6,16,400,BFGS,2.3575017422672317e-06
14,6,17,400,BFGS,1.1631287080149377e-06
14,6,18,400,BFGS,2.1583812142011993e-06
14,6,19,400,BFGS,2.532568537105817e-06
14,7,0,400,BFGS,2.628592696396481e-06
14,7,1,400,BFGS,1.4119261351197565e-06
14,7,2,400,BFGS,2.0287466355739525e-06
14,7,3,400,BFGS,1.4784210264906505e-06
14,7,4,400,BFGS,3.206753618201219e-06
14,7,5,400,BFGS,2.274459305340315e-06
14,7,6,400,BFGS,9.925355470841168e-07
14,7,7,400,BFGS,2.211617953662426e-06
14,7,8,400,BFGS,1.1717886536644073e-06
14,7,9,400,BFGS,1.3096950226554327e-06
14,7,10,400,BFGS,3.89105170484072e-06
14,7,11,400,BFGS,3.0399262271885163e-06
14,7,12,400,BFGS,1.852816538416846e-06
14,7,13,400,BFGS,8.795569641506518e-07
14,7,14,400,BFGS,3.2057706675914233e-06
14,7,15,400,BFGS,3.160326571105543e-06
14,7,16,400,BFGS,1.1473941015083255e-06
14,7,17,400,BFGS,4.667238115985128e-06
14,7,18,400,BFGS,3.3516689086354745e-06
14,7,19,400,BFGS,2.3454702358094437e-06
15,1,0,400,BFGS,7.959667418929712
15,1,1,400,BFGS,5.969749304741185
15,1,2,400,BFGS,10.944539552388619
15,1,3,400,BFGS,12.934452628755821
15,1,4,400,BFGS,39.797828161169946
15,1,5,400,BFGS,9.949580495294981
15,1,6,400,BFGS,12.93443746986054
15,1,7,400,BFGS,3.9798362283735287
15,1,8,400,BFGS,2.984877171280118
15,1,9,400,BFGS,7.959667418927552
15,1,10,400,BFGS,3.979836228373756
15,1,11,400,BFGS,10.944539552388278
15,1,12,400,BFGS,5.969749304740731
15,1,13,400,BFGS,1.9899181141869349
15,1,14,400,BFGS,3.9798362283735287
15,1,15,400,BFGS,3.9798362283738697
15,1,16,400,BFGS,6.964708361834141
15,1,17,400,BFGS,11.93947841276713
15,1,18,400,BFGS,3.9798362283733013
15,1,19,400,BFGS,2.9848771712800044
15,2,0,400,BFGS,8.954621438201869
15,2,1,400,BFGS,12.934452628757654
15,2,2,400,BFGS,3.9798362283733724
15,2,3,400,BFGS,6.964708361834198
15,2,4,400,BFGS,0.9949590570967644
15,2,5,400,BFGS,2.984877171281198
15,2,6,400,BFGS,16.914263622595428
15,2,7,400,BFGS,7.959667418927623
15,2,8,400,BFGS,6.964708361837296
15,2,9,400,BFGS,1.9899181141869349
15,2,10,400,BFGS,2.984877171280104
15,2,11,400,BFGS,1.9899181141871054
15,2,12,400,BFGS,1.9899181141867075
15,2,13,400,BFGS,9.949580495295805
15,2,14,400,BFGS,4.974790247647533
15,2,15,400,BFGS,5.969749304740915
15,2,16,400,BFGS,3.979836228373429
15,2,17,400,BFGS,6.964708361834994
15,2,18,400,BFGS,3.979836228373287
15,2,19,400,BFGS,2.984877171279976
15,3,0,400,BFGS,5.969749304741214
15,3,1,400,BFGS,3.9798362283733795
15,3,2,400,BFGS,3.9798362283733653
15,3,3,400,BFGS,2.984877171281049
15,3,4,400,BFGS,0.9949590570937303
15,3,5,400,BFGS,1.9899181141872049
15,3,6,400,BFGS,2.9848771712820152
15,3,7,400,BFGS,4.9747902476487695
15,3,8,400,BFGS,7.959667418928106
15,3,9,400,BFGS,7.959667418927474
15,3,10,400,BFGS,1.9899181141871125
15,3,11,400,BFGS,6.964708361835498
15,3,12,400,BFGS,4.974790247651455
15,3,13,400,BFGS,3.979836228373266
15,3,14,400,BFGS,4.974790247647817
15,3,15,400,BFGS,5.969749304741043
15,3,16,400,BFGS,3.979836228373827
15,3,17,400,BFGS,10.944539552388719
15,3,18,400,BFGS,4.974795285466527
15,3,19,400,BFGS,3.9798362283737703
15,4,0,400,BFGS,1.989918114186736
15,4,1,400,BFGS,1.9899181141867146
15,4,2,400,BFGS,1.9899181141867963
15,4,3,400,BFGS,9.94958049529491
15,4,4,400,BFGS,4.974795285467049
15,4,5,400,BFGS,1.9899181141909743
15,4,6,400,BFGS,5.969749304741004
15,4,7,400,BFGS,2.984877171280253
15,4,8,400,BFGS,13.929391489135057
15,4,9,400,BFGS,9.94958049529491
15,4,10,400,BFGS,24.873865230663192
15,4,11,400,BFGS,1.9899181141867075
15,4,12,400,BFGS,6.9647083618442736
15,4,13,400,BFGS,1.9899181141867963
15,4,14,400,BFGS,5.969749304741171
15,4,15,400,BFGS,5.969749304752973
15,4,16,400,BFGS,3.9798362283734328
15,4,17,400,BFGS,6.964708361834482
15,4,18,400,BFGS,0.9949590570934603
15,4,19,400,BFGS,5.969749304741292
15,5,0,400,BFGS,6.964708361834283
15,5,1,400,BFGS,6.9647083618360455
15,5,2,400,BFGS,2.9848771712803313
15,5,3,400,BFGS,10.944539552388378
15,5,4,400,BFGS,4.974795285466854
15,5,5,400,BFGS,10.944539552388932
15,5,6,400,BFGS,23.87895178771518
15,5,7,400,BFGS,4.974790247647917
15,5,8,400,BFGS,5.96974930474201
15,5,9,400,BFGS,0.9949590570937943
15,5,10,400,BFGS,12.934452628756077
15,5,11,400,BFGS,3.979836228375035
15,5,12,400,BFGS,6.964708361834582
15,5,13,400,BFGS,3.979836228373955
15,5,14,400,BFGS,4.974790247648642
15,5,15,400,BFGS,6.964708361834525
15,5,16,400,BFGS,7.95966741892795
15,5,17,400,BFGS,6.964708361834354
15,5,18,400,BFGS,11.939478412767684
15,5,19,400,BFGS,9.949580495295862
15,6,0,400,BFGS,14.92435054622824
15,6,1,400,BFGS,1.9899181141871054
15,6,2,400,BFGS,1.9899181141870912
15,6,3,400,BFGS,2.9848771712804165
15,6,4,400,BFGS,12.934432432041476
15,6,5,400,BFGS,2.984877171280303
15,6,6,400,BFGS,1.9899181141868922
15,6,7,400,BFGS,5.969749304740759
15,6,8,400,BFGS,0.9949590570936238
15,6,9,400,BFGS,5.969749304741427
15,6,10,400,BFGS,6.96470836183461
15,6,11,400,BFGS,7.959667418927566
15,6,12,400,BFGS,12.934452628756432
15,6,13,400,BFGS,2.9848771712810844
15,6,14,400,BFGS,21.8889930972027
15,6,15,400,BFGS,1.9899181141866933
15,6,16,400,BFGS,1.9899181141867786
15,6,17,400,BFGS,6.964708361834212
15,6,18,400,BFGS,2.9848771712801607
15,6,19,400,BFGS,3.979836228373429
15,7,0,400,BFGS,6.96470836183758
15,7,1,400,BFGS,19.89908002083655
15,7,2,400,BFGS,3.9798362283739266
15,7,3,400,BFGS,6.964708361836017
15,7,4,400,BFGS,2.9848771712818234
15,7,5,400,BFGS,2.9848771712819655
15,7,6,400,BFGS,12.93443746986199
15,7,7,400,BFGS,10.944539552388505
15,7,8,400,BFGS,6.9647083618358465
15,7,9,400,BFGS,1.9899181141873328
15,7,10,400,BFGS,2.9848771712806297
15,7,11,400,BFGS,0.9949590570944906
15,7,12,400,BFGS,15.919309603322091
15,7,13,400,BFGS,10.944539552389074
15,7,14,400,BFGS,7.959667418928177
15,7,15,400,BFGS,1.9899181141874749
15,7,16,400,BFGS,2.9848771712806297
15,7,17,400,BFGS,2.984877171281056
15,7,18,400,BFGS,9.949580495295947
15,7,19,400,BFGS,3.9798362283768256
16,1,0,400,BFGS,9.588509829331215
16,1,1,400,BFGS,1.5061346055889544
16,1,2,400,BFGS,2.986914943322887
16,1,3,400,BFGS,0.8601640580998122
16,1,4,400,BFGS,1.9576411306927497
16,1,5,400,BFGS,0.2711538094908974
16,1,6,400,BFGS,0.07556674315887335
16,1,7,400,BFGS,0.6872371272768873
16,1,8,400,BFGS,1.3994771476218801
16,1,9,400,BFGS,10.645719712646866
16,1,10,400,BFGS,0.3846975945211142
16,1,11,400,BFGS,11.40246433351625
16,1,12,400,BFGS,0.8438146096821697
16,1,13,400,BFGS,11.003744181155696
16,1,14,400,BFGS,1.1098626878208506
16,1,15,400,BFGS,5.022051026867118
16,1,16,400,BFGS,1.6990337251258438
16,1,17,400,BFGS,0.24661047828271876
16,1,18,400,BFGS,2.641438135274967
16,1,19,400,BFGS,3.152308273255713
16,2,0,400,BFGS,1.7959515934575165
16,2,1,400,BFGS,1.9593813372182467
16,2,2,400,BFGS,0.6656125379378182
16,2,3,400,BFGS,1.4264514319411887
16,2,4,400,BFGS,2.907938330850641
16,2,5,400,BFGS,8.436648978660003
16,2,6,400,BFGS,0.007637979070977963
16,2,7,400,BFGS,3.8451556288730444
16,2,8,400,BFGS,5.468487991659288
16,2,9,400,BFGS,0.6761602017608084
16,2,10,400,BFGS,0.3100948164713486
16,2,11,400,BFGS,4.747415489553873
16,2,12,400,BFGS,4.761666345041419
16,2,13,400,BFGS,1.2374736020625505
16,2,14,400,BFGS,0.20805121072373822
16,2,15,400,BFGS,1.577776093382056
16,2,16,400,BFGS,0.11974031984169642
16,2,17,400,BFGS,2.8269597495306016
16,2,18,400,BFGS,8.24904938370355
16,2,19,400,BFGS,1.3416177522151997
16,3,0,400,BFGS,0.580371865205322
16,3,1,400,BFGS,2.4312736725963475
16,3,2,400,BFGS,5.265575761300198
16,3,3,400,BFGS,1.6342630509812608
16,3,4,400,BFGS,0.3208941958652787
16,3,5,400,BFGS,1.2754590555981906
16,3,6,400,BFGS,5.047276258299419
16,3,7,400,BFGS,0.431520709175814
16,3,8,400,BFGS,1.4675862322237094
16,3,9,400,BFGS,2.5893628853848583
16,3,10,400,BFGS,0.45906119457147554
16,3,11,400,BFGS,2.5081877771609555
16,3,12,400,BFGS,3.9364308790532476
16,3,13,400,BFGS,10.181041097121252
16,3,14,400,BFGS,5.50520921727265
16,3,15,400,BFGS,7.798237445858902
16,3,16,400,BFGS,1.3215396217829465
16,3,17,400,BFGS,4.155033530849607
16,3,18,400,BFGS,3.988993837665177
16,3,19,400,BFGS,2.8015270934379544
16,4,0,400,BFGS,2.325805301238347
16,4,1,400,BFGS,2.2646346680307943
16,4,2,400,BFGS,0.8649903131748715
16,4,3,400,BFGS,1.501006252182151
16,4,4,400,BFGS,1.701871985470234
16,4,5,400,BFGS,3.1220933955152077
16,4,6,400,BFGS,8.517419917331722
16,4,7,400,BFGS,0.5255250899957673
16,4,8,400,BFGS,5.1932897898126384
16,4,9,400,BFGS,2.1813100638794367
16,4,10,400,BFGS,1.2443829814885703
16,4,11,400,BFGS,1.4818554608671093
16,4,12,400,BFGS,1.4612200277152851
16,4,13,400,BFGS,0.3406786830581723
16,4,14,400,BFGS,7.640059560958889
16,4,15,400,BFGS,3.4710796754559397
16,4,16,400,BFGS,1.4535380141525138
16,4,17,400,BFGS,6.744009313427739
16,4,18,400,BFGS,5.966485918085539
16,4,19,400,BFGS,4.074205000869483
16,5,0,400,BFGS,2.271312647134195
16,5,1,400,BFGS,3.8383705613763155
16,5,2,400,BFGS,0.8577623419310001
16,5,3,400,BFGS,3.5852221727941256
16,5,4,400,BFGS,6.208758991359176
16,5,5,400,BFGS,2.966253945112875
16,5,6,400,BFGS,6.624128094254367
16,5,7,400,BFGS,2.2691665384152557
16,5,8,400,BFGS,3.8924639256831526
16,5,9,400,BFGS,0.016726955893417994
16,5,10,400,BFGS,1.9095250705115134
16,5,11,400,BFGS,4.463948358653347
16,5,12,400,BFGS,3.7126356620511487
16,5,13,400,BFGS,0.8202287180672627
16,5,14,400,BFGS,1.3596236784696956
16,5,15,400,BFGS,2.8779503454753623
16,5,16,400,BFGS,2.8982889653310266
16,5,17,400,BFGS,1.5679665099066966
16,5,18,400,BFGS,1.6535709818111144
16,5,19,400,BFGS,1.6658296326348108
16,6,0,400,BFGS,5.789840861819716
16,6,1,400,BFGS,1.827463741474265
16,6,2,400,BFGS,4.608573294965581
16,6,3,400,BFGS,5.023160343735949
16,6,4,400,BFGS,4.9051332018858815
16,6,5,400,BFGS,1.788348631259403
16,6,6,400,BFGS,2.3483532126293625
16,6,7,400,BFGS,1.733603163071983
16,6,8,400,BFGS,0.12808862401536558
16,6,9,400,BFGS,1.504144532871976
16,6,10,400,BFGS,4.632399327182494
16,6,11,400,BFGS,0.19390078510805964
16,6,12,400,BFGS,1.9391410837517142
16,6,13,400,BFGS,0.17015639445219222
16,6,14,400,BFGS,0.6857917185178053
16,6,15,400,BFGS,7.228177903651652
16,6,16,400,BFGS,2.673895056804959
16,6,17,400,BFGS,3.585107110597825
16,6,18,400,BFGS,3.7160563710028356
16,6,19,400,BFGS,1.8101196958947625
16,7,0,400,BFGS,0.4975854943764375
16,7,1,400,BFGS,0.37750225654909997
16,7,2,400,BFGS,1.38110814647073
16,7,3,400,BFGS,0.6693312693498683
16,7,4,400,BFGS,0.08673521398429784
16,7,5,400,BFGS,0.3827211614041204
16,7,6,400,BFGS,0.23320059245295965
16,7,7,400,BFGS,1.537158242147413
16,7,8,400,BFGS,0.07593350620988559
16,7,9,400,BFGS,2.692788902648452
16,7,10,400,BFGS,0.6227174166577498
16,7,11,400,BFGS,1.1423628225121618
16,7,12,400,BFGS,3.483644634572947
16,7,13,400,BFGS,1.5484203460371617
16,7,14,400,BFGS,0.7712154536390301
16,7,15,400,BFGS,3.9322119993568236
16,7,16,400,BFGS,1.1214270517649254
16,7,17,400,BFGS,0.3580402983595121
16,7,18,400,BFGS,0.9337125136198523
16,7,19,400,BFGS,0.004285380814160078
17,1,0,400,BFGS,0.03266335877011173
17,1,1,400,BFGS,0.04846822826763386
17,1,2,400,BFGS,0.06661872117853918
17,1,3,400,BFGS,0.5063124575384492
17,1,4,400,BFGS,0.05526424662118501
17,1,5,400,BFGS,0.02349518538435902
17,1,6,400,BFGS,0.11525264234049004
17,1,7,400,BFGS,0.04068949334233096
17,1,8,400,BFGS,0.051237792361852996
17,1,9,400,BFGS,0.7235035170412303
17,1,10,400,BFGS,0.10699128746437125
17,1,11,400,BFGS,0.016351900332992386
17,1,12,400,BFGS,0.13413780341632986
17,1,13,400,BFGS,0.011529539391062826
17,1,14,400,BFGS,0.058439500547816436
17,1,15,400,BFGS,0.1131731247941623
17,1,16,400,BFGS,0.005357252578811256
17,1,17,400,BFGS,0.02349518533754491
17,1,18,400,BFGS,0.016985529035892455
17,1,19,400,BFGS,0.033832224334535255
17,2,0,400,BFGS,0.016985529038510805
17,2,1,400,BFGS,0.018303066147929314
17,2,2,400,BFGS,0.003961925327306659
17,2,3,400,BFGS,0.1930009732162148
17,2,4,400,BFGS,0.0018625976126358523
17,2,5,400,BFGS,0.030466933716109423
17,2,6,400,BFGS,0.08994655047053612
17,2,7,400,BFGS,0.2724588435811057
17,2,8,400,BFGS,0.04382416686945234
17,2,9,400,BFGS,0.019762165902481144
17,2,10,400,BFGS,0.012022563536334019
17,2,11,400,BFGS,0.01037383324158725
17,2,12,400,BFGS,0.018239663644255444
17,2,13,400,BFGS,0.011529539392025612
17,2,14,400,BFGS,0.01763120191243317
17,2,15,400,BFGS,0.0675541213582882
17,2,16,400,BFGS,1.079835845865265
17,2,17,400,BFGS,0.03578611926507236
17,2,18,400,BFGS,0.036367021301721536
17,2,19,400,BFGS,0.06030062368236244
17,3,0,400,BFGS,0.14316481314369867
17,3,1,400,BFGS,0.24773407467216657
17,3,2,400,BFGS,0.008357680974540926
17,3,3,400,BFGS,0.01566419463819102
17,3,4,400,BFGS,0.013835669080719981
17,3,5,400,BFGS,0.050476257698846894
17,3,6,400,BFGS,0.0431648163401519
17,3,7,400,BFGS,0.9079047566112308
17,3,8,400,BFGS,1.3186415343555495
17,3,9,400,BFGS,0.006734830284017335
17,3,10,400,BFGS,0.10131636750890038
17,3,11,400,BFGS,0.08291069482044122
17,3,12,400,BFGS,0.7048461735437854
17,3,13,400,BFGS,0.10167827239774851
17,3,14,400,BFGS,0.7671048939938601
17,3,15,400,BFGS,0.07629519098844639
17,3,16,400,BFGS,0.1796106693041679
17,3,17,400,BFGS,0.4137923396489782
17,3,18,400,BFGS,0.050476257698846894
17,3,19,400,BFGS,0.032959073130598426
17,4,0,400,BFGS,0.1888624263631229
17,4,1,400,BFGS,0.05894165876551227
17,4,2,400,BFGS,0.12932973640586454
17,4,3,400,BFGS,0.04382416686925694
17,4,4,400,BFGS,0.060767836680220455
17,4,5,400,BFGS,0.1170518290968019
17,4,6,400,BFGS,0.0555977997200614
17,4,7,400,BFGS,0.3993978661404043
17,4,8,400,BFGS,0.013835669080606294
17,4,9,400,BFGS,0.445582156727518
17,4,10,400,BFGS,0.04846822826993957
17,4,11,400,BFGS,0.14082004146631277
17,4,12,400,BFGS,0.04611696848675706
17,4,13,400,BFGS,0.0963683678534224
17,4,14,400,BFGS,0.049554768276969696
17,4,15,400,BFGS,0.08943976122041164
17,4,16,400,BFGS,0.1129182862446001
17,4,17,400,BFGS,0.024167455494101375
17,4,18,400,BFGS,0.12387253398975417
17,4,19,400,BFGS,0.009433511258407634
17,5,0,400,BFGS,0.005357252582996352
17,5,1,400,BFGS,0.3462879607774312
17,5,2,400,BFGS,0.7371386112600646
17,5,3,400,BFGS,0.25861783967391716
17,5,4,400,BFGS,0.01698552903630457
17,5,5,400,BFGS,0.011529539404136813
17,5,6,400,BFGS,0.021215535400784802
17,5,7,400,BFGS,0.03992312007488863
17,5,8,400,BFGS,0.009879966974949639
17,5,9,400,BFGS,0.015664194638219442
17,5,10,400,BFGS,1.2086760700353807
17,5,11,400,BFGS,0.015576254659464439
17,5,12,400,BFGS,0.12056835982991743
17,5,13,400,BFGS,0.03578611921741981
17,5,14,400,BFGS,0.07629519098881588
17,5,15,400,BFGS,0.006398802841090401
17,5,16,400,BFGS,0.04912070477570296
17,5,17,400,BFGS,0.07729599408463628
17,5,18,400,BFGS,0.01694619007747633
17,5,19,400,BFGS,0.07248407420971148
17,6,0,400,BFGS,0.021215535398852126
17,6,1,400,BFGS,0.05817659553667909
17,6,2,400,BFGS,0.006338073782586662
17,6,3,400,BFGS,0.031830736306801555
17,6,4,400,BFGS,0.07655575996909647
17,6,5,400,BFGS,0.03378909285135023
17,6,6,400,BFGS,0.14795711149079693
17,6,7,400,BFGS,0.060300623682365995
17,6,8,400,BFGS,0.03183073660628111
17,6,9,400,BFGS,0.9068772960319791
17,6,10,400,BFGS,0.028428788077064837
17,6,11,400,BFGS,0.00371699493689448
17,6,12,400,BFGS,0.16026981350307778
17,6,13,400,BFGS,0.012062559977067622
17,6,14,400,BFGS,0.016985529035906666
17,6,15,400,BFGS,0.004265712856266646
17,6,16,400,BFGS,0.2516307180905244
17,6,17,400,BFGS,0.07948570167945945
17,6,18,400,BFGS,0.13052378607673631
17,6,19,400,BFGS,0.013835669081004198
17,7,0,400,BFGS,0.2827156405447653
17,7,1,400,BFGS,0.20337314742717183
17,7,2,400,BFGS,0.028428788079224887
17,7,3,400,BFGS,0.09632019021481142
17,7,4,400,BFGS,0.07248407421023728
17,7,5,400,BFGS,0.0993986945883023
17,7,6,400,BFGS,0.03474099886913962
17,7,7,400,BFGS,0.37650377577794814
17,7,8,400,BFGS,0.0634999996582053
17,7,9,400,BFGS,0.030470901324960664
17,7,10,400,BFGS,0.3383127040389411
17,7,11,400,BFGS,0.09509928491539199
17,7,12,400,BFGS,0.08106608762574297
17,7,13,400,BFGS,0.032873971888946585
17,7,14,400,BFGS,0.10931406086993434
17,7,15,400,BFGS,0.03947337005443785
17,7,16,400,BFGS,0.037641909539331664
17,7,17,400,BFGS,0.009879966956830799
17,7,18,400,BFGS,0.1128208378160167
17,7,19,400,BFGS,0.12185747150749648
18,1,0,400,BFGS,0.4439269997146127
18,1,1,400,BFGS,0.4496961269170008
18,1,2,400,BFGS,0.032873972064653145
18,1,3,400,BFGS,0.1802458549457029
18,1,4,400,BFGS,0.107299027202302
18,1,5,400,BFGS,0.5977816816391943
18,1,6,400,BFGS,3.2943174497092063
18,1,7,400,BFGS,0.2536216937979141
18,1,8,400,BFGS,0.14559969079876467
18,1,9,400,BFGS,0.6441558658242599
18,1,10,400,BFGS,0.5894145826968646
18,1,11,400,BFGS,0.2730804811789014
18,1,12,400,BFGS,0.31507535329443925
18,1,13,400,BFGS,0.15974817088503457
18,1,14,400,BFGS,0.16221702720718412
18,1,15,400,BFGS,0.675158525305271
18,1,16,400,BFGS,4.753953399309744
18,1,17,400,BFGS,0.07431903560233266
18,1,18,400,BFGS,0.24052650133987896
18,1,19,400,BFGS,0.9095227324960717
18,2,0,400,BFGS,0.2592547005855259
18,2,1,400,BFGS,0.07062927625647575
18,2,2,400,BFGS,0.03295907315926527
18,2,3,400,BFGS,0.22919191169636832
18,2,4,400,BFGS,0.14329899678876856
18,2,5,400,BFGS,0.3444275152814775
18,2,6,400,BFGS,0.05759818502752978
18,2,7,400,BFGS,0.17961066932571157
18,2,8,400,BFGS,0.357775664149532
18,2,9,400,BFGS,0.01698552944856857
18,2,10,400,BFGS,0.15636488154669337
18,2,11,400,BFGS,0.11120804999529454
18,2,12,400,BFGS,0.0994575411202554
18,2,13,400,BFGS,0.30726304963696904
18,2,14,400,BFGS,0.02349518582867205
18,2,15,400,BFGS,0.07729599408731502
18,2,16,400,BFGS,0.09466324116607083
18,2,17,400,BFGS,0.12161720525640973
18,2,18,400,BFGS,0.0460666094672213
18,2,19,400,BFGS,0.059821706650385664
18,3,0,400,BFGS,0.37420081633899827
18,3,1,400,BFGS,0.47330344610554675
18,3,2,400,BFGS,1.7686955852583992
18,3,3,400,BFGS,1.2525454099449576
18,3,4,400,BFGS,0.43979825567998887
18,3,5,400,BFGS,1.8215761208093113
18,3,6,400,BFGS,0.5557325431802838
18,3,7,400,BFGS,1.0393486989729581
18,3,8,400,BFGS,0.8527871974270056
18,3,9,400,BFGS,0.1112080501352466
18,3,10,400,BFGS,0.9814689978322235
18,3,11,400,BFGS,0.35772039119649435
18,3,12,400,BFGS,1.244397553037686
18,3,13,400,BFGS,0.5519154405308768
18,3,14,400,BFGS,0.21231207206068348
18,3,15,400,BFGS,0.36643212597545016
18,3,16,400,BFGS,0.0845210221243633
18,3,17,400,BFGS,0.8204176739794775
18,3,18,400,BFGS,1.4667169899457235
18,3,19,400,BFGS,0.3331203855719309
18,4,0,400,BFGS,0.5781911768520516
18,4,1,400,BFGS,0.8213550310228968
18,4,2,400,BFGS,0.08256378185640045
18,4,3,400,BFGS,0.5679775371289324
18,4,4,400,BFGS,10.448882069261323
18,4,5,400,BFGS,0.5904989433432064
18,4,6,400,BFGS,0.10929806604352166
18,4,7,400,BFGS,0.36981801890365773
18,4,8,400,BFGS,1.676182105934899
18,4,9,400,BFGS,0.22106216627469166
18,4,10,400,BFGS,0.1294812514288708
18,4,11,400,BFGS,0.32380930717360457
18,4,12,400,BFGS,0.6949890646848615
18,4,13,400,BFGS,0.24631522178628273
18,4,14,400,BFGS,0.09840443154119072
18,4,15,400,BFGS,0.007947484961114526
18,4,16,400,BFGS,2.3215485713128317
18,4,17,400,BFGS,0.3742008161899406
18,4,18,400,BFGS,0.3501333283566055
18,4,19,400,BFGS,0.20075932452266443
18,5,0,400,BFGS,3.17507450730875
18,5,1,400,BFGS,0.17999646548639703
18,5,2,400,BFGS,0.44932924354154125
18,5,3,400,BFGS,0.32510375591130014
18,5,4,400,BFGS,0.1980561643200076
18,5,5,400,BFGS,0.6295357158884656
18,5,6,400,BFGS,1.0584848736423567
18,5,7,400,BFGS,0.058941659306157135
18,5,8,400,BFGS,0.3057361954012947
18,5,9,400,BFGS,0.31848242334942256
18,5,10,400,BFGS,0.426634273888709
18,5,11,400,BFGS,4.150115575429453
18,5,12,400,BFGS,0.5126564343724169
18,5,13,400,BFGS,1.309072025930135
18,5,14,400,BFGS,1.0394247459734913
18,5,15,400,BFGS,0.3188414811491498
18,5,16,400,BFGS,0.20063670977813786
18,5,17,400,BFGS,1.073848185434258
18,5,18,400,BFGS,0.046116970326892215
18,5,19,400,BFGS,1.1076164616002018
18,6,0,400,BFGS,1.1424507173706218
18,6,1,400,BFGS,1.4243436533651277
18,6,2,400,BFGS,0.12948125026719026
18,6,3,400,BFGS,0.12568581283599656
18,6,4,400,BFGS,0.47665393877335305
18,6,5,400,BFGS,0.5420988594170524
18,6,6,400,BFGS,0.16474015885324889
18,6,7,400,BFGS,0.15597659805371222
18,6,8,400,BFGS,0.16528504428038104
18,6,9,400,BFGS,0.676342139717093
18,6,10,400,BFGS,0.08250978753676463
18,6,11,400,BFGS,0.21040839538736122
18,6,12,400,BFGS,0.6352500926287803
18,6,13,400,BFGS,0.22250329952140646
18,6,14,400,BFGS,0.14393720800435972
18,6,15,400,BFGS,0.4100148485529189
18,6,16,400,BFGS,0.13859695011873896
18,6,17,400,BFGS,0.8555691203368951
18,6,18,400,BFGS,0.22165516127964224
18,6,19,400,BFGS,0.2727927955008056
18,7,0,400,BFGS,0.18632140149128418
18,7,1,400,BFGS,1.8490598778827945
18,7,2,400,BFGS,0.8042191444340716
18,7,3,400,BFGS,0.16936920340614847
18,7,4,400,BFGS,0.2777076261046716
18,7,5,400,BFGS,0.28373171119660867
18,7,6,400,BFGS,0.3400941377562816
18,7,7,400,BFGS,0.41379244307849206
18,7,8,400,BFGS,0.1427717859981641
18,7,9,400,BFGS,0.06506005581405816
18,7,10,400,BFGS,0.06589019274724706
18,7,11,400,BFGS,0.30239489146779874
18,7,12,400,BFGS,0.03866682175690528
18,7,13,400,BFGS,1.7269954749404803
18,7,14,400,BFGS,2.2370683808339322
18,7,15,400,BFGS,0.2819883486853314
18,7,16,400,BFGS,0.31951405643052055
18,7,17,400,BFGS,0.19507347458485924
18,7,18,400,BFGS,0.6833881571882614
18,7,19,400,BFGS,0.3184824258219692
19,1,0,400,BFGS,0.5183624780105447
19,1,1,400,BFGS,0.18595099261331427
19,1,2,400,BFGS,0.17398999916349567
19,1,3,400,BFGS,0.2766867344037678
19,1,4,400,BFGS,0.581194330993398
19,1,5,400,BFGS,0.15377038761305073
19,1,6,400,BFGS,0.5772673740810603
19,1,7,400,BFGS,0.22776515957281163
19,1,8,400,BFGS,0.7657955359765367
19,1,9,400,BFGS,0.49510581480897997
19,1,10,400,BFGS,0.07461251302395056
19,1,11,400,BFGS,0.2591810952314688
19,1,12,400,BFGS,0.4869465494770395
19,1,13,400,BFGS,0.05107201841643416
19,1,14,400,BFGS,0.5379974298185033
19,1,15,400,BFGS,0.5379974391593976
19,1,16,400,BFGS,0.20420321011654607
19,1,17,400,BFGS,0.11407501349147253
19,1,18,400,BFGS,0.05134721979922574
19,1,19,400,BFGS,0.18867229906302896
19,2,0,400,BFGS,0.4869465658255052
19,2,1,400,BFGS,0.7029328511795399
19,2,2,400,BFGS,0.2563566551596068
19,2,3,400,BFGS,0.6832960978502598
19,2,4,400,BFGS,1.0570119245555958
19,2,5,400,BFGS,0.09817445828834082
19,2,6,400,BFGS,0.11601974480048227
19,2,7,400,BFGS,0.4791603479025639
19,2,8,400,BFGS,0.08246649575488618
19,2,9,400,BFGS,0.15707932032408678
19,2,10,400,BFGS,0.6207174683803629
19,2,11,400,BFGS,0.4005527508482487
19,2,12,400,BFGS,1.2291480151128553
19,2,13,400,BFGS,0.07461251307071848
19,2,14,400,BFGS,0.3180859437262882
19,2,15,400,BFGS,0.40055458797985466
19,2,16,400,BFGS,1.3312496262450964
19,2,17,400,BFGS,0.1649770707902718
19,2,18,400,BFGS,0.49480055448182725
19,2,19,400,BFGS,0.08813317339877358
19,3,0,400,BFGS,1.1506079981052721
19,3,1,400,BFGS,2.4465149683440472
19,3,2,400,BFGS,0.2923773958436584
19,3,3,400,BFGS,0.869107590836137
19,3,4,400,BFGS,0.10996681951579035
19,3,5,400,BFGS,0.7264929917770075
19,3,6,400,BFGS,0.21991119717313268
19,3,7,400,BFGS,0.08476557940053908
19,3,8,400,BFGS,0.17278728370590102
19,3,9,400,BFGS,0.13816066734301558
19,3,10,400,BFGS,0.08246649489234414
19,3,11,400,BFGS,0.44374981843228056
19,3,12,400,BFGS,0.3612828471420073
19,3,13,400,BFGS,0.44384720283963475
19,3,14,400,BFGS,0.6950770621814115
19,3,15,400,BFGS,0.43589567234687365
19,3,16,400,BFGS,0.07099869829497152
19,3,17,400,BFGS,0.19634924623423444
19,3,18,400,BFGS,0.5772673595980109
19,3,19,400,BFGS,1.7514377076845165
19,4,0,400,BFGS,0.07068552220683699
19,4,1,400,BFGS,0.9189155391686796
19,4,2,400,BFGS,0.16493330191938327
19,4,3,400,BFGS,0.3573558627315805
19,4,4,400,BFGS,0.09641340042760049
19,4,5,400,BFGS,0.6262958081445831
19,4,6,400,BFGS,0.20027621950291774
19,4,7,400,BFGS,0.12566339365701396
19,4,8,400,BFGS,0.8648181206433989
19,4,9,400,BFGS,0.058904549760889324
19,4,10,400,BFGS,0.26704551344449357
19,4,11,400,BFGS,0.6740661853637491
19,4,12,400,BFGS,0.09881263046661815
19,4,13,400,BFGS,0.7029310472598169
19,4,14,400,BFGS,1.1741699820899498
19,4,15,400,BFGS,0.1963492287352011
19,4,16,400,BFGS,0.216154425606625
19,4,17,400,BFGS,0.06283154066656493
19,4,18,400,BFGS,0.358005424030182
19,4,19,400,BFGS,0.3887717800333377
19,5,0,400,BFGS,0.2002764388837477
19,5,1,400,BFGS,0.29363273649403254
19,5,2,400,BFGS,1.2185339569874714
19,5,3,400,BFGS,0.24740014214000894
19,5,4,400,BFGS,0.4241146973005243
19,5,5,400,BFGS,0.03141561403629112
19,5,6,400,BFGS,1.2870057246320812
19,5,7,400,BFGS,0.5105084971251017
19,5,8,400,BFGS,0.28644688023382514
19,5,9,400,BFGS,0.4118240388253298
19,5,10,400,BFGS,1.3273231834692751
19,5,11,400,BFGS,0.10437072482864096
19,5,12,400,BFGS,0.5615593770767191
19,5,13,400,BFGS,0.6990040722449749
19,5,14,400,BFGS,0.18895860366978923
19,5,15,400,BFGS,0.48236505908096206
19,5,16,400,BFGS,0.2513271046796035
19,5,17,400,BFGS,0.3573558566487236
19,5,18,400,BFGS,0.40840674646119624
19,5,19,400,BFGS,0.28369356423536374
19,6,0,400,BFGS,0.24347311817845707
19,6,1,400,BFGS,0.37306384100540413
19,6,2,400,BFGS,0.569414121694706
19,6,3,400,BFGS,0.8521568049854693
19,6,4,400,BFGS,0.3848447883946733
19,6,5,400,BFGS,1.193806092553757
19,6,6,400,BFGS,2.3287085595326857
19,6,7,400,BFGS,0.16886029272302494
19,6,8,400,BFGS,0.4673115981049989
19,6,9,400,BFGS,0.5497784296213979
19,6,10,400,BFGS,0.8796456762113962
19,6,11,400,BFGS,0.439822659054272
19,6,12,400,BFGS,0.2120755999515893
19,6,13,400,BFGS,0.04712357730525696
19,6,14,400,BFGS,0.3337939071564904
19,6,15,400,BFGS,0.29452399944023
19,6,16,400,BFGS,0.2748890448296777
19,6,17,400,BFGS,0.44176393677315673
19,6,18,400,BFGS,0.7539825474315762
19,6,19,400,BFGS,0.20813020500801827
19,7,0,400,BFGS,0.1852265632345933
19,7,1,400,BFGS,0.8011059742666049
19,7,2,400,BFGS,0.505948770247187
19,7,3,400,BFGS,0.6518804014571487
19,7,4,400,BFGS,0.16494198791108516
19,7,5,400,BFGS,0.7113046766250406
19,7,6,400,BFGS,0.0392871532450485
19,7,7,400,BFGS,0.15321183637236402
19,7,8,400,BFGS,0.3023779829916293
19,7,9,400,BFGS,0.31304243358621875
19,7,10,400,BFGS,0.2827670235920863
19,7,11,400,BFGS,0.6974707983611168
19,7,12,400,BFGS,0.6243912622367631
19,7,13,400,BFGS,0.24347311817210482
19,7,14,400,BFGS,0.16228550853966794
19,7,15,400,BFGS,0.11780941234278686
19,7,16,400,BFGS,0.18456825591534454
19,7,17,400,BFGS,0.08642863618291585
19,7,18,400,BFGS,0.3220129715781468
19,7,19,400,BFGS,0.9581854518373518
20,1,0,400,BFGS,2.171467915721223
20,1,1,400,BFGS,1.9742490031984516
20,1,2,400,BFGS,1.738107848533332
20,1,3,400,BFGS,2.052985532596608
20,1,4,400,BFGS,0.9080326772390208
20,1,5,400,BFGS,1.579188685248937
20,1,6,400,BFGS,1.3818518186527626
20,1,7,400,BFGS,1.065966765974963
20,1,8,400,BFGS,1.6976487743087318
20,1,9,400,BFGS,1.3423120160201734
20,1,10,400,BFGS,2.3295857614872375
20,1,11,400,BFGS,1.8952352008902835
20,1,12,400,BFGS,1.697832531337781
20,1,13,400,BFGS,1.855582863044333
20,1,14,400,BFGS,0.8290900967460857
20,1,15,400,BFGS,0.9080326772389071
20,1,16,400,BFGS,1.2643545100755773
20,1,17,400,BFGS,1.1844491490996916
20,1,18,400,BFGS,1.9740652461689479
20,1,19,400,BFGS,1.1844491490998053
20,2,0,400,BFGS,1.7371227739848791
20,2,1,400,BFGS,1.855582863044333
20,2,2,400,BFGS,1.263369435527352
20,2,3,400,BFGS,1.6187284878807304
20,2,4,400,BFGS,1.8555828630442193
20,2,5,400,BFGS,0.6711560080101435
20,2,6,400,BFGS,1.5002461047564566
20,2,7,400,BFGS,1.9742490031984516
20,2,8,400,BFGS,2.01353924584555
20,2,9,400,BFGS,1.4213258183287962
20,2,10,400,BFGS,1.4607721050795135
20,2,11,400,BFGS,1.9345254435371544
20,2,12,400,BFGS,1.8960419372696151
20,2,13,400,BFGS,1.3818518186519668
20,2,14,400,BFGS,1.1054353467911824
20,2,15,400,BFGS,1.3820132816163095
20,2,16,400,BFGS,1.263369435527352
20,2,17,400,BFGS,1.5791886852491643
20,2,18,400,BFGS,1.1449751494229758
20,2,19,400,BFGS,1.8951226656761264
20,3,0,400,BFGS,1.6187284878806736
20,3,1,400,BFGS,1.1363784695736854
20,3,2,400,BFGS,2.093628363850854
20,3,3,400,BFGS,2.289862201825258
20,3,4,400,BFGS,1.9740652461688626
20,3,5,400,BFGS,1.855582863044134
20,3,6,400,BFGS,2.210919621332266
20,3,7,400,BFGS,1.421303524262953
20,3,8,400,BFGS,1.6187284878806736
20,3,9,400,BFGS,1.2633694355270961
20,3,10,400,BFGS,1.658202487557304
20,3,11,400,BFGS,1.500246104755945
20,3,12,400,BFGS,1.3423120160200597
20,3,13,400,BFGS,1.5792544882041
20,3,14,400,BFGS,1.539714685572335
20,3,15,400,BFGS,2.0531692896257994
20,3,16,400,BFGS,1.6978325313376956
20,3,17,400,BFGS,1.776640282551142
20,3,18,400,BFGS,1.6976487743082203
20,3,19,400,BFGS,0.7106958106417665
20,4,0,400,BFGS,1.4213258183283983
20,4,1,400,BFGS,2.725197836970125
20,4,2,400,BFGS,1.1449093464678128
20,4,3,400,BFGS,2.0135338269852525
20,4,4,400,BFGS,2.0531692896257994
20,4,5,400,BFGS,1.1843833461443865
20,4,6,400,BFGS,1.8555828630441056
20,4,7,400,BFGS,1.5792544882040715
20,4,8,400,BFGS,1.539714685572335
20,4,9,400,BFGS,1.421303524262953
20,4,10,400,BFGS,1.421303524262953
20,4,11,400,BFGS,1.3028380163434576
20,4,12,400,BFGS,1.5002461047559734
20,4,13,400,BFGS,1.2633694355270677
20,4,14,400,BFGS,0.473753338457783
20,4,15,400,BFGS,2.210919621332266
20,4,16,400,BFGS,1.2635531925565147
20,4,17,400,BFGS,2.21112567242713
20,4,18,400,BFGS,1.8556709600647139
20,4,19,400,BFGS,1.9345254435370975
20,5,0,400,BFGS,1.2633694355270766
20,5,1,400,BFGS,1.7766625766165678
20,5,2,400,BFGS,1.6978325313376414
20,5,3,400,BFGS,1.8952352008899203
20,5,4,400,BFGS,1.539785907387686
20,5,5,400,BFGS,1.737306531014255
20,5,6,400,BFGS,1.9740652461688226
20,5,7,400,BFGS,1.6591652680402307
20,5,8,400,BFGS,2.7638651002675636
20,5,9,400,BFGS,0.9080326772389187
20,5,10,400,BFGS,1.1449093464677933
20,5,11,400,BFGS,2.0135392458454424
20,5,12,400,BFGS,1.5791886852489414
20,5,13,400,BFGS,0.9475066769155225
20,5,14,400,BFGS,1.855766620073533
20,5,15,400,BFGS,1.4609558621087695
20,5,16,400,BFGS,1.5002461047559503
20,5,17,400,BFGS,1.2633694355270775
20,5,18,400,BFGS,1.6582024875572818
20,5,19,400,BFGS,1.5002461047559494
20,6,0,400,BFGS,2.1320216289701612
20,6,1,400,BFGS,2.210919621332266
20,6,2,400,BFGS,1.8950514438604849
20,6,3,400,BFGS,1.7766625766165625
20,6,4,400,BFGS,1.6976487743082167
20,6,5,400,BFGS,2.0135392458454326
20,6,6,400,BFGS,0.9080326772389142
20,6,7,400,BFGS,2.0135338269852134
20,6,8,400,BFGS,1.6591652680402298
20,6,9,400,BFGS,0.7106958106417771
20,6,10,400,BFGS,1.0266765233276196
20,6,11,400,BFGS,1.6188899508446575
20,6,12,400,BFGS,0.7106300076866425
20,6,13,400,BFGS,1.7766625766165625
20,6,14,400,BFGS,1.3423120160200561
20,6,15,400,BFGS,1.2633694355270642
20,6,16,400,BFGS,1.6187061938152354
20,6,17,400,BFGS,1.8555828630441091
20,6,18,400,BFGS,1.2633694355270748
20,6,19,400,BFGS,1.6581801934918339
20,7,0,400,BFGS,2.1716516727505137
20,7,1,400,BFGS,2.0925476292935627
20,7,2,400,BFGS,1.421391621283533
20,7,3,400,BFGS,0.7106300076866461
20,7,4,400,BFGS,1.3817860156966617
20,7,5,400,BFGS,1.2635531925565004
20,7,6,400,BFGS,2.2505719591780746
20,7,7,400,BFGS,1.8951226656758422
20,7,8,400,BFGS,1.3423120160200597
20,7,9,400,BFGS,2.053007826661826
20,7,10,400,BFGS,2.171467915721095
20,7,11,400,BFGS,1.5397859073876816
20,7,12,400,BFGS,1.3028380163434718
20,7,13,400,BFGS,0.9080326772389071
20,7,14,400,BFGS,1.5792544882040573
20,7,15,400,BFGS,1.1449093464677844
20,7,16,400,BFGS,1.2240791928798984
20,7,17,400,BFGS,1.6187284878806594
20,7,18,400,BFGS,1.3028434352036697
20,7,19,400,BFGS,1.0659667659748067
21,1,0,400,BFGS,1.2452555353042953
21,1,1,400,BFGS,1.2452555353042953
21,1,2,400,BFGS,1.245255535304402
21,1,3,400,BFGS,1.2452555353042953
21,1,4,400,BFGS,1.2452555353042953
21,1,5,400,BFGS,1.9993848828695562
21,1,6,400,BFGS,1.2452555353042953
21,1,7,400,BFGS,1.2452555353042882
21,1,8,400,BFGS,1.2452555353043735
21,1,9,400,BFGS,3.169805587296615
21,1,10,400,BFGS,1.9993848828694922
21,1,11,400,BFGS,1.2452555353043095
21,1,12,400,BFGS,1.2452555353043167
21,1,13,400,BFGS,1.2452555353043024
21,1,14,400,BFGS,1.2452555353042953
21,1,15,400,BFGS,1.5630098573360698
21,1,16,400,BFGS,1.2452555353042953
21,1,17,400,BFGS,1.2452555353043024
21,1,18,400,BFGS,1.2452555353042953
21,1,19,400,BFGS,1.2452555353042953
21,2,0,400,BFGS,1.803019377822806
21,2,1,400,BFGS,2.7779884071349548
21,2,2,400,BFGS,1.5630098573360707
21,2,3,400,BFGS,3.169805587296608
21,2,4,400,BFGS,7.011098033762332
21,2,5,400,BFGS,3.169805587296608
21,2,6,400,BFGS,2.8901767645805876e-09
21,2,7,400,BFGS,2.094791007323238e-11
21,2,8,400,BFGS,1.8030193778227523
21,2,9,400,BFGS,1.8030193778227481
21,2,10,400,BFGS,4.851923574022976e-08
21,2,11,400,BFGS,2.043661108707378
21,2,12,400,BFGS,0.9299973892537625
21,2,13,400,BFGS,7.930989198712268e-12
21,2,14,400,BFGS,7.011098033762332
21,2,15,400,BFGS,1.9377404958739175
21,2,16,400,BFGS,2.1358692592343687e-11
21,2,17,400,BFGS,7.011098033762332
21,2,18,400,BFGS,1.93774049587392
21,2,19,400,BFGS,3.1698055872969984
21,3,0,400,BFGS,1.1919837561435997e-08
21,3,1,400,BFGS,2.2558046240818044
21,3,2,400,BFGS,2.495368107702234e-07
21,3,3,400,BFGS,1.937740495874607
21,3,4,400,BFGS,2.255804624080554
21,3,5,400,BFGS,1.5630098573375903
21,3,6,400,BFGS,1.9993848828741534
21,3,7,400,BFGS,4.161779137509825
21,3,8,400,BFGS,0.691856911192076
21,3,9,400,BFGS,2.043661108712115
21,3,10,400,BFGS,3.2822526918607764e-09
21,3,11,400,BFGS,0.6918569111945772
21,3,12,400,BFGS,12.193126877984241
21,3,13,400,BFGS,4.16177913751028
21,3,14,400,BFGS,2.121169018209912e-09
21,3,15,400,BFGS,2.0436611087098413
21,3,16,400,BFGS,8.123488977193517
21,3,17,400,BFGS,7.856584531406327
21,3,18,400,BFGS,0.6918569111921329
21,3,19,400,BFGS,1.9377404958820534
21,4,0,400,BFGS,3.169805587296608
21,4,1,400,BFGS,2.777988407134938
21,4,2,400,BFGS,3.6378353676324693
21,4,3,400,BFGS,1.2452555353042918
21,4,4,400,BFGS,1.2452555353043167
21,4,5,400,BFGS,5.262803669173952
21,4,6,400,BFGS,6.185985057527432e-10
21,4,7,400,BFGS,0.6918569111917598
21,4,8,400,BFGS,5.262803669173945
21,4,9,400,BFGS,5.262803669173955
21,4,10,400,BFGS,1.2452555353042918
21,4,11,400,BFGS,5.262803669173945
21,4,12,400,BFGS,2.47297385840681
21,4,13,400,BFGS,1.2452555353042918
21,4,14,400,BFGS,6.658550567585561
21,4,15,400,BFGS,7.593560684649255
21,4,16,400,BFGS,5.262803669173945
21,4,17,400,BFGS,5.262803669173945
21,4,18,400,BFGS,1.2452555353042918
21,4,19,400,BFGS,1.2452555353043167
21,5,0,400,BFGS,2.1186349282091896
21,5,1,400,BFGS,3.1698055872973327
21,5,2,400,BFGS,5.262803669176606
21,5,3,400,BFGS,1.2452555353046364
21,5,4,400,BFGS,2.043661108718311
21,5,5,400,BFGS,1.9993848828839873
21,5,6,400,BFGS,1.2452555353075923
21,5,7,400,BFGS,3.1698055872967643
21,5,8,400,BFGS,2.397996468062047e-09
21,5,9,400,BFGS,1.2452555353048638
21,5,10,400,BFGS,5.267111191642471e-10
21,5,11,400,BFGS,3.2298430596711114e-10
21,5,12,400,BFGS,2.118634928031838
21,5,13,400,BFGS,1.245255535306569
21,5,14,400,BFGS,1.8030193778255352
21,5,15,400,BFGS,0.9299973892540265
21,5,16,400,BFGS,1.2452555353053185
21,5,17,400,BFGS,2.1186349280270633
21,5,18,400,BFGS,2.118634928047527
21,5,19,400,BFGS,2.118634928027518
21,6,0,400,BFGS,0.6918569111956003
21,6,1,400,BFGS,3.6378353676401503
21,6,2,400,BFGS,3.637835367634466
21,6,3,400,BFGS,0.6918569112071964
21,6,4,400,BFGS,1.9377404958856914
21,6,5,400,BFGS,1.9377404958817124
21,6,6,400,BFGS,3.169805587299379
21,6,7,400,BFGS,3.6378353676346933
21,6,8,400,BFGS,3.1698055872984696
21,6,9,400,BFGS,2.1186349280251306
21,6,10,400,BFGS,3.1698055872982422
21,6,11,400,BFGS,3.1698055873067688
21,6,12,400,BFGS,1.9377404958767102
21,6,13,400,BFGS,3.225181899324525e-09
21,6,14,400,BFGS,1.937740495887283
21,6,15,400,BFGS,3.1698055873029034
21,6,16,400,BFGS,2.5023609850904904e-09
21,6,17,400,BFGS,3.637835367633784
21,6,18,400,BFGS,9.930446911493618
21,6,19,400,BFGS,3.169805587296878
21,7,0,400,BFGS,1.9377404958742233
21,7,1,400,BFGS,5.781197371748405
21,7,2,400,BFGS,1.2015874517601333e-08
21,7,3,400,BFGS,1.8030193778227783
21,7,4,400,BFGS,2.0436611087075676
21,7,5,400,BFGS,2.8363018600430223e-09
21,7,6,400,BFGS,2.043661108708335
21,7,7,400,BFGS,1.8030193778227783
21,7,8,400,BFGS,1.937740495873939
21,7,9,400,BFGS,2.0436611087107934
21,7,10,400,BFGS,2.0436611087116745
21,7,11,400,BFGS,0.6918569111919481
21,7,12,400,BFGS,5.7811973717484335
21,7,13,400,BFGS,1.937740495873939
21,7,14,400,BFGS,3.637835367632462
21,7,15,400,BFGS,2.7779884071350267
21,7,16,400,BFGS,1.9377404958741522
21,7,17,400,BFGS,3.4158631478931056e-10
21,7,18,400,BFGS,1.9377404958740243
21,7,19,400,BFGS,5.512390544026857e-10
22,1,0,400,BFGS,0.6918569111976467
22,1,1,400,BFGS,0.6918569111960551
22,1,2,400,BFGS,18.288292449265327
22,1,3,400,BFGS,5.062737456430682
22,1,4,400,BFGS,5.234369382378645e-08
22,1,5,400,BFGS,2.1134690086910268e-07
22,1,6,400,BFGS,0.6918569112086743
22,1,7,400,BFGS,2.5905477300913162
22,1,8,400,BFGS,4.605840331350919e-08
22,1,9,400,BFGS,30.08221133362258
22,1,10,400,BFGS,18.28829244926567
22,1,11,400,BFGS,7.156966148613719e-06
22,1,12,400,BFGS,0.691856911238915
22,1,13,400,BFGS,0.6918569111930992
22,1,14,400,BFGS,30.082211333624173
22,1,15,400,BFGS,5.273557235341286e-08
22,1,16,400,BFGS,2.8628335257963045e-07
22,1,17,400,BFGS,5.06273745643
22,1,18,400,BFGS,0.6918569112036721
22,1,19,400,BFGS,18.288292449265555
22,2,0,400,BFGS,1.954998859682405
22,2,1,400,BFGS,0.6918569111934403
22,2,2,400,BFGS,7.27162919363559
22,2,3,400,BFGS,0.691856911195714
22,2,4,400,BFGS,0.691856911192076
22,2,5,400,BFGS,9.960353963833768e-08
22,2,6,400,BFGS,1.9549988595599643
22,2,7,400,BFGS,1.9549988596925232
22,2,8,400,BFGS,1.9549988595517789
22,2,9,400,BFGS,2.590547730100411
22,2,10,400,BFGS,1.954998859533589
22,2,11,400,BFGS,2.590547730129856
22,2,12,400,BFGS,0.691856911195373
22,2,13,400,BFGS,1.954998859663533
22,2,14,400,BFGS,0.6918569111983288
22,2,15,400,BFGS,7.271629193629792
22,2,16,400,BFGS,0.691856911193554
22,2,17,400,BFGS,1.9549988595418881
22,2,18,400,BFGS,7.271629193628996
22,2,19,400,BFGS,7.271629193627405
22,3,0,400,BFGS,1.9549988595233927
22,3,1,400,BFGS,0.6918569111917634
22,3,2,400,BFGS,11.125618450408233
22,3,3,400,BFGS,11.125618450408197
22,3,4,400,BFGS,1.2075799276090038e-06
22,3,5,400,BFGS,1.0145660667149059e-07
22,3,6,400,BFGS,1.9549988595233287
22,3,7,400,BFGS,1.1380883790934604e-08
22,3,8,400,BFGS,1.9549988595233145
22,3,9,400,BFGS,1.6748018083490024e-08
22,3,10,400,BFGS,2.7143300940224435e-09
22,3,11,400,BFGS,1.1757713025417615e-08
22,3,12,400,BFGS,1.7131206675458088e-08
22,3,13,400,BFGS,1.9549988595233003
22,3,14,400,BFGS,1.8997936024334194e-07
22,3,15,400,BFGS,8.74275053207193
22,3,16,400,BFGS,4.1026737562788185e-10
22,3,17,400,BFGS,7.225509079944459e-11
22,3,18,400,BFGS,11.125618450408197
22,3,19,400,BFGS,1.9549988595233643
22,4,0,400,BFGS,7.271629193628257
22,4,1,400,BFGS,7.27162919362695
22,4,2,400,BFGS,7.271629193626836
22,4,3,400,BFGS,7.27162919362695
22,4,4,400,BFGS,2.5905477300904067
22,4,5,400,BFGS,0.6918569111941224
22,4,6,400,BFGS,2.5905477300938173
22,4,7,400,BFGS,2.5905477300901794
22,4,8,400,BFGS,7.2716291936274615
22,4,9,400,BFGS,7.271629193626893
22,4,10,400,BFGS,7.271629193627234
22,4,11,400,BFGS,7.271629193628712
22,4,12,400,BFGS,7.271629193626779
22,4,13,400,BFGS,1.2646523828152567e-09
22,4,14,400,BFGS,7.2716291936274615
22,4,15,400,BFGS,8.742750532072307
22,4,16,400,BFGS,7.271629193627518
22,4,17,400,BFGS,7.2716291936271205
22,4,18,400,BFGS,7.271629193627234
22,4,19,400,BFGS,7.271629193626836
22,5,0,400,BFGS,8.742750532071902
22,5,1,400,BFGS,0.6918569111917705
22,5,2,400,BFGS,5.329070518200751e-12
22,5,3,400,BFGS,25.47695079317007
22,5,4,400,BFGS,2.384359731877339e-08
22,5,5,400,BFGS,0.6918569111917847
22,5,6,400,BFGS,7.271629193626595
22,5,7,400,BFGS,8.742750532071902
22,5,8,400,BFGS,7.271629193626573
22,5,9,400,BFGS,7.2716291936265876
22,5,10,400,BFGS,25.476950793170282
22,5,11,400,BFGS,0.6918569111917705
22,5,12,400,BFGS,0.6918569111917705
22,5,13,400,BFGS,1.425419782208337e-10
22,5,14,400,BFGS,8.742750532071902
22,5,15,400,BFGS,0.6918569111917634
22,5,16,400,BFGS,0.6918569111918416
22,5,17,400,BFGS,5.00132344427584e-08
22,5,18,400,BFGS,2.345231564504502e-09
22,5,19,400,BFGS,0.6918569111917705
22,6,0,400,BFGS,0.6918569111917634
22,6,1,400,BFGS,0.6918569111917705
22,6,2,400,BFGS,0.6918569111917776
22,6,3,400,BFGS,9.947598300641403e-12
22,6,4,400,BFGS,0.6918569111917705
22,6,5,400,BFGS,0.6918569111917634
22,6,6,400,BFGS,0.6918569111917847
22,6,7,400,BFGS,0.6918569111917705
22,6,8,400,BFGS,11.12561845040829
22,6,9,400,BFGS,0.6918569111917705
22,6,10,400,BFGS,0.6918569111917634
22,6,11,400,BFGS,0.6918569111917705
22,6,12,400,BFGS,0.6918569111917634
22,6,13,400,BFGS,5.062737456429829
22,6,14,400,BFGS,5.062737456429829
22,6,15,400,BFGS,2.590547730089746
22,6,16,400,BFGS,2.590547730089696
22,6,17,400,BFGS,5.062737456429815
22,6,18,400,BFGS,5.062737456429822
22,6,19,400,BFGS,5.062737456429815
22,7,0,400,BFGS,7.2716291936265804
22,7,1,400,BFGS,2.59054773008981
22,7,2,400,BFGS,5.062737456429858
22,7,3,400,BFGS,1.194251808556146e-08
22,7,4,400,BFGS,2.5905477300899236
22,7,5,400,BFGS,2.5905477300898667
22,7,6,400,BFGS,2.5905477300897246
22,7,7,400,BFGS,7.271629193627092
22,7,8,400,BFGS,7.271629193626637
22,7,9,400,BFGS,3.625120825745398e-08
22,7,10,400,BFGS,8.742750532071966
22,7,11,400,BFGS,2.590547730089952
22,7,12,400,BFGS,2.5905477300897815
22,7,13,400,BFGS,1.2077521205355879e-08
22,7,14,400,BFGS,8.742750532071966
22,7,15,400,BFGS,7.271629193626779
22,7,16,400,BFGS,6.531388066832733e-06
22,7,17,400,BFGS,7.271629193626666
22,7,18,400,BFGS,2.590547730089753
22,7,19,400,BFGS,4.450600954442052e-08
23,1,0,400,BFGS,1.8891036142973237
23,1,1,400,BFGS,2.6202129958970923
23,1,2,400,BFGS,1.9249710963807845
23,1,3,400,BFGS,1.3667268029237176
23,1,4,400,BFGS,2.859316324552762
23,1,5,400,BFGS,1.2746148721114698
23,1,6,400,BFGS,1.8417770349530231
23,1,7,400,BFGS,2.411891225468705
23,1,8,400,BFGS,2.6212016844001473
23,1,9,400,BFGS,2.0911401903620623
23,1,10,400,BFGS,2.1048729338181316
23,1,11,400,BFGS,1.5858594479582218
23,1,12,400,BFGS,1.6982648299185525
23,1,13,400,BFGS,1.865016582842025
23,1,14,400,BFGS,2.0942260347148247
23,1,15,400,BFGS,1.7981196047080035
23,1,16,400,BFGS,2.2569970088619344
23,1,17,400,BFGS,1.0604457365502205
23,1,18,400,BFGS,2.0849532904800947
23,1,19,400,BFGS,2.5014819005705737
23,2,0,400,BFGS,0.8503855800035174
23,2,1,400,BFGS,0.4782104978918179
23,2,2,400,BFGS,2.5821136439520016
23,2,3,400,BFGS,1.587785104986972
23,2,4,400,BFGS,1.6864472479977697
23,2,5,400,BFGS,1.5312446580962993
23,2,6,400,BFGS,2.5722012930849782
23,2,7,400,BFGS,1.283799633657386
23,2,8,400,BFGS,1.9625493426488925
23,2,9,400,BFGS,2.1662117180119966
23,2,10,400,BFGS,0.3986841931640471
23,2,11,400,BFGS,1.1295707818080825
23,2,12,400,BFGS,2.897121091373071
23,2,13,400,BFGS,2.5012056165204797
23,2,14,400,BFGS,1.5905209819389292
23,2,15,400,BFGS,1.9357694027846772
23,2,16,400,BFGS,1.8962433062548527
23,2,17,400,BFGS,1.7878703465222145
23,2,18,400,BFGS,0.6263329989216877
23,2,19,400,BFGS,1.4487165241601982
23,3,0,400,BFGS,2.3302697999293684
23,3,1,400,BFGS,1.9933642655739163
23,3,2,400,BFGS,2.217087385247112
23,3,3,400,BFGS,2.0649102501659797
23,3,4,400,BFGS,1.9115260380166887
23,3,5,400,BFGS,2.408601775589659
23,3,6,400,BFGS,1.8386035223214776
23,3,7,400,BFGS,1.1595259419837305
23,3,8,400,BFGS,2.1952156148141455
23,3,9,400,BFGS,2.252141707431889
23,3,10,400,BFGS,1.225552772377057
23,3,11,400,BFGS,2.98915063818022
23,3,12,400,BFGS,1.3557711737483942
23,3,13,400,BFGS,1.5896699120883682
23,3,14,400,BFGS,1.5521317985520113
23,3,15,400,BFGS,3.782565874598447
23,3,16,400,BFGS,0.9166871762910773
23,3,17,400,BFGS,2.2887291284951914
23,3,18,400,BFGS,1.833028050122266
23,3,19,400,BFGS,2.0042519552744125
23,4,0,400,BFGS,1.608495244746024
23,4,1,400,BFGS,2.4357278284293784
23,4,2,400,BFGS,0.8104032015305904
23,4,3,400,BFGS,1.9139325927187656
23,4,4,400,BFGS,1.1857104683996624
23,4,5,400,BFGS,1.7268474720786742
23,4,6,400,BFGS,2.4814787694288896
23,4,7,400,BFGS,0.6925623755537629
23,4,8,400,BFGS,2.853551389844
23,4,9,400,BFGS,1.9582337978771704
23,4,10,400,BFGS,0.8186307444260876
23,4,11,400,BFGS,2.7018202903632016
23,4,12,400,BFGS,1.0570242162998227
23,4,13,400,BFGS,2.6836445190247957
23,4,14,400,BFGS,1.1449941307061238
23,4,15,400,BFGS,1.560839007190367
23,4,16,400,BFGS,2.3640049230029945
23,4,17,400,BFGS,2.461766261281639
23,4,18,400,BFGS,1.842811001328812
23,4,19,400,BFGS,0.9651401389853618
23,5,0,400,BFGS,1.729233627437388
23,5,1,400,BFGS,1.4779364064767364
23,5,2,400,BFGS,1.2800643943039915
23,5,3,400,BFGS,1.6535830036991328
23,5,4,400,BFGS,0.916243553085657
23,5,5,400,BFGS,0.5917058697527438
23,5,6,400,BFGS,0.7521886031052318
23,5,7,400,BFGS,2.322243379738552
23,5,8,400,BFGS,1.8597438856518025
23,5,9,400,BFGS,1.7825686197357058
23,5,10,400,BFGS,1.6327800252661078
23,5,11,400,BFGS,0.9505153683498904
23,5,12,400,BFGS,1.1089722208266153
23,5,13,400,BFGS,2.69053865170239
23,5,14,400,BFGS,2.2182734244878404
23,5,15,400,BFGS,2.1609145887916057
23,5,16,400,BFGS,2.5759193110758716
23,5,17,400,BFGS,0.8789202321335168
23,5,18,400,BFGS,1.7859243303142662
23,5,19,400,BFGS,2.6809919789941787
23,6,0,400,BFGS,1.7431180760871428
23,6,1,400,BFGS,0.7963263894857562
23,6,2,400,BFGS,1.3673906750250922
23,6,3,400,BFGS,1.879046033218387
23,6,4,400,BFGS,1.4679227786836293
23,6,5,400,BFGS,0.33020345647010174
23,6,6,400,BFGS,1.9240194163873383
23,6,7,400,BFGS,1.5681061710433255
23,6,8,400,BFGS,2.0063668808831494
23,6,9,400,BFGS,2.795374698310013
23,6,10,400,BFGS,0.4993627455541656
23,6,11,400,BFGS,1.543192545376101
23,6,12,400,BFGS,0.5627095370992095
23,6,13,400,BFGS,2.7546633201983894
23,6,14,400,BFGS,0.37583945327088486
23,6,15,400,BFGS,1.4804805696663976
23,6,16,400,BFGS,0.6197086550642297
23,6,17,400,BFGS,1.7567271978998065
23,6,18,400,BFGS,1.153155411036991
23,6,19,400,BFGS,0.8939108169421246
23,7,0,400,BFGS,1.5434916568649442
23,7,1,400,BFGS,1.7566564443111474
23,7,2,400,BFGS,1.9342783329619806
23,7,3,400,BFGS,1.5265049512208861
23,7,4,400,BFGS,2.6558088572447787
23,7,5,400,BFGS,2.384505193829
23,7,6,400,BFGS,3.7839647695622034
23,7,7,400,BFGS,1.6047764895682803
23,7,8,400,BFGS,0.9211760108888711
23,7,9,400,BFGS,0.942395146632748
23,7,10,400,BFGS,2.7689595572610415
23,7,11,400,BFGS,2.232515901680358
23,7,12,400,BFGS,2.098936458638377
23,7,13,400,BFGS,1.1907539326782626
23,7,14,400,BFGS,0.2666051236694784
23,7,15,400,BFGS,1.3992186294423163
23,7,16,400,BFGS,1.9535291480134447
23,7,17,400,BFGS,0.8787893091881642
23,7,18,400,BFGS,2.248822183420657
23,7,19,400,BFGS,1.431403217184652
24,1,0,400,BFGS,6.777616202216905
24,1,1,400,BFGS,7.521929860909211
24,1,2,400,BFGS,3.2884214526047515
24,1,3,400,BFGS,4.835866539853313
24,1,4,400,BFGS,8.675285401296705
24,1,5,400,BFGS,8.043443538789305
24,1,6,400,BFGS,7.00930672828207
24,1,7,400,BFGS,7.972765802244666
24,1,8,400,BFGS,8.452963698870548
24,1,9,400,BFGS,4.5743869807853486
24,1,10,400,BFGS,8.730935726016654
24,1,11,400,BFGS,2.342885221072194
24,1,12,400,BFGS,14.897470755921788
24,1,13,400,BFGS,7.257462936300485
24,1,14,400,BFGS,7.693149532697831
24,1,15,400,BFGS,11.759302503603777
24,1,16,400,BFGS,12.51012669099191
24,1,17,400,BFGS,12.473310180286575
24,1,18,400,BFGS,16.116113116025772
24,1,19,400,BFGS,4.905509165554861
24,2,0,400,BFGS,10.059222203734706
24,2,1,400,BFGS,14.018540237527205
24,2,2,400,BFGS,4.1197443026552065
24,2,3,400,BFGS,14.081849323058222
24,2,4,400,BFGS,5.65085950381534
24,2,5,400,BFGS,14.472830524229366
24,2,6,400,BFGS,12.74515495855421
24,2,7,400,BFGS,18.748360486685513
24,2,8,400,BFGS,8.508374731496431
24,2,9,400,BFGS,8.271510666446844
24,2,10,400,BFGS,9.455430640992688
24,2,11,400,BFGS,12.03330332681432
24,2,12,400,BFGS,15.727782583725912
24,2,13,400,BFGS,6.54053766972639
24,2,14,400,BFGS,8.102288562841764
24,2,15,400,BFGS,9.972583465794756
24,2,16,400,BFGS,3.9152212322649973
24,2,17,400,BFGS,8.993768806535812
24,2,18,400,BFGS,18.8409041206382
24,2,19,400,BFGS,12.479288181881657
24,3,0,400,BFGS,6.352751135650934
24,3,1,400,BFGS,18.164120853328438
24,3,2,400,BFGS,8.983705620194584
24,3,3,400,BFGS,9.083519091391988
24,3,4,400,BFGS,8.845319861082373
24,3,5,400,BFGS,10.089317004665368
24,3,6,400,BFGS,16.73560136604219
24,3,7,400,BFGS,5.36437452368347
24,3,8,400,BFGS,13.389826943488409
24,3,9,400,BFGS,9.114389682231604
24,3,10,400,BFGS,10.587618274305171
24,3,11,400,BFGS,12.54579928921844
24,3,12,400,BFGS,9.404071763917088
24,3,13,400,BFGS,12.673481047632087
24,3,14,400,BFGS,9.375642167236478
24,3,15,400,BFGS,12.143438639040923
24,3,16,400,BFGS,9.125939912961218
24,3,17,400,BFGS,3.025600914628079
24,3,18,400,BFGS,4.508986040743114
24,3,19,400,BFGS,3.6869885975702275
24,4,0,400,BFGS,10.431832974097347
24,4,1,400,BFGS,4.861650242930267
24,4,2,400,BFGS,14.637411300150518
24,4,3,400,BFGS,6.1752542233781185
24,4,4,400,BFGS,10.999208220694925
24,4,5,400,BFGS,10.553388945822206
24,4,6,400,BFGS,9.463765580157826
24,4,7,400,BFGS,3.4772901635815003
24,4,8,400,BFGS,8.262413293128645
24,4,9,400,BFGS,15.061775530622441
24,4,10,400,BFGS,8.681954273253751
24,4,11,400,BFGS,9.055643156684681
24,4,12,400,BFGS,6.560146993474518
24,4,13,400,BFGS,10.02555228632366
24,4,14,400,BFGS,13.01818648876693
24,4,15,400,BFGS,6.985934334890743
24,4,16,400,BFGS,7.051033452254899
24,4,17,400,BFGS,12.738493701185917
24,4,18,400,BFGS,11.631387539177638
24,4,19,400,BFGS,9.880622458767021
24,5,0,400,BFGS,8.684483222245206
24,5,1,400,BFGS,7.332396305218168
24,5,2,400,BFGS,7.924810505699696
24,5,3,400,BFGS,9.078320378303843
24,5,4,400,BFGS,12.034854272443653
24,5,5,400,BFGS,7.356445361522532
24,5,6,400,BFGS,11.834273624722968
24,5,7,400,BFGS,14.073616597014308
24,5,8,400,BFGS,9.144774241242786
24,5,9,400,BFGS,7.489657492581998
24,5,10,400,BFGS,15.29124066024643
24,5,11,400,BFGS,10.23751520158163
24,5,12,400,BFGS,10.3916131174891
24,5,13,400,BFGS,9.32210046158582
24,5,14,400,BFGS,10.573194532304996
24,5,15,400,BFGS,4.664889808772614
24,5,16,400,BFGS,8.811838552628828
24,5,17,400,BFGS,9.250785886506932
24,5,18,400,BFGS,9.409466705816243
24,5,19,400,BFGS,5.808108084523141
24,6,0,400,BFGS,4.7083871925556195
24,6,1,400,BFGS,3.5537693092202858
24,6,2,400,BFGS,7.571091863379934
24,6,3,400,BFGS,13.282644269888522
24,6,4,400,BFGS,8.979665713484138
24,6,5,400,BFGS,6.278470045363491
24,6,6,400,BFGS,4.726128873476085
24,6,7,400,BFGS,13.569705146575586
24,6,8,400,BFGS,6.876983863384709
24,6,9,400,BFGS,9.99382358659102
24,6,10,400,BFGS,9.67984435934008
24,6,11,400,BFGS,6.47628177796193
24,6,12,400,BFGS,3.2691792981292735
24,6,13,400,BFGS,9.738206879158184
24,6,14,400,BFGS,6.8711559964248465
24,6,15,400,BFGS,7.543977672156274
24,6,16,400,BFGS,13.78667670688742
24,6,17,400,BFGS,2.02252302239512
24,6,18,400,BFGS,8.27535565362416
24,6,19,400,BFGS,3.817734935825456
24,7,0,400,BFGS,10.702600259628184
24,7,1,400,BFGS,5.260842962639913
24,7,2,400,BFGS,11.466844077910991
24,7,3,400,BFGS,9.709874410367092
24,7,4,400,BFGS,12.286344542886695
24,7,5,400,BFGS,10.480711233268323
24,7,6,400,BFGS,3.084378264228917
24,7,7,400,BFGS,3.6414258036605816
24,7,8,400,BFGS,8.777766386748567
24,7,9,400,BFGS,8.203116943415864
24,7,10,400,BFGS,7.946077241628927
24,7,11,400,BFGS,8.96767303173283
24,7,12,400,BFGS,7.822144765705161
24,7,13,400,BFGS,8.27828075837408
24,7,14,400,BFGS,5.764201023581961
24,7,15,400,BFGS,14.32211375515908
24,7,16,400,BFGS,3.991458308119263
24,7,17,400,BFGS,22.449011643127335
24,7,18,400,BFGS,13.075594309113683
24,7,19,400,BFGS,3.709723113516418
