fid,iid,rep,a1_budget,algname,achieved_regret
1,1,0,250,PSO,9.162264120732289e-07
1,1,1,250,PSO,2.8969474072937373e-06
1,1,2,250,PSO,1.7733354695792514e-07
1,1,3,250,PSO,3.3994456458685818e-06
1,1,4,250,PSO,2.3420115695671484e-06
1,1,5,250,PSO,2.44326429310604e-07
1,1,6,250,PSO,1.9194481239992456e-06
1,1,7,250,PSO,7.793017999802032e-07
1,1,8,250,PSO,3.6181872786755775e-06
1,1,9,250,PSO,1.3518280610469446e-06
1,1,10,250,PSO,4.12148224882003e-07
1,1,11,250,PSO,2.893285852678673e-06
1,1,12,250,PSO,9.144271459149422e-06
1,1,13,250,PSO,1.2853626714104394e-06
1,1,14,250,PSO,2.3124024863818704e-06
1,1,15,250,PSO,6.304824168523737e-06
1,1,16,250,PSO,4.2075417638898216e-07
1,1,17,250,PSO,3.730687922143261e-06
1,1,18,250,PSO,4.844117171387552e-06
1,1,19,250,PSO,3.833594092839121e-06
1,2,0,250,PSO,8.493507266393863e-07
1,2,1,250,PSO,1.4500566862807318e-06
1,2,2,250,PSO,2.1676695496353204e-06
1,2,3,250,PSO,3.8562552617804613e-07
1,2,4,250,PSO,1.4984232166170841e-06
1,2,5,250,PSO,1.7859064200820285e-06
1,2,6,250,PSO,1.0954656204376079e-06
1,2,7,250,PSO,3.912791726179421e-07
1,2,8,250,PSO,4.104891786482767e-07
1,2,9,250,PSO,1.6671857565597747e-06
1,2,10,250,PSO,3.7959222254357883e-07
1,2,11,250,PSO,1.3661978641721362e-06
1,2,12,250,PSO,3.656923638573062e-06
1,2,13,250,PSO,3.651769873158628e-06
1,2,14,250,PSO,1.626855521408288e-06
1,2,15,250,PSO,3.195895715180086e-06
1,2,16,250,PSO,4.649043376048212e-06
1,2,17,250,PSO,2.2570573605662503e-06
1,2,18,250,PSO,6.251748345675878e-07
1,2,19,250,PSO,2.584539288363885e-06
1,3,0,250,PSO,1.876155039326477e-06
1,3,1,250,PSO,4.9712103304955235e-06
1,3,2,250,PSO,6.04124551273344e-06
1,3,3,250,PSO,3.5525088151189266e-06
1,3,4,250,PSO,6.561982104358322e-07
1,3,5,250,PSO,2.7831631541630486e-06
1,3,6,250,PSO,6.962925453990465e-07
1,3,7,250,PSO,1.12058017975869e-06
1,3,8,250,PSO,1.4677579827093723e-06
1,3,9,250,PSO,3.055942016771951e-06
1,3,10,250,PSO,2.566475018284109e-06
1,3,11,250,PSO,5.712953736747295e-06
1,3,12,250,PSO,4.32559806995414e-06
1,3,13,250,PSO,1.2654795114031003e-06
1,3,14,250,PSO,1.7964515848234441e-06
1,3,15,250,PSO,1.7751703751400782e-06
1,3,16,250,PSO,1.8460245030382794e-06
1,3,17,250,PSO,1.1249307760863303e-06
1,3,18,250,PSO,1.437153400729585e-06
1,3,19,250,PSO,3.3302799806733674e-07
1,4,0,250,PSO,3.0390278595859854e-06
1,4,1,250,PSO,1.4301862478305338e-05
1,4,2,250,PSO,2.0832243308177567e-07
1,4,3,250,PSO,5.30645678509245e-07
1,4,4,250,PSO,5.863310633458241e-06
1,4,5,250,PSO,1.7330905848211842e-06
1,4,6,250,PSO,9.962334672763973e-07
1,4,7,250,PSO,2.57791657531925e-06
1,4,8,250,PSO,4.7602225095033646e-07
1,4,9,250,PSO,1.9574878251660266e-06
1,4,10,250,PSO,5.53439491568497e-07
1,4,11,250,PSO,3.0523322038789047e-06
1,4,12,250,PSO,1.9155808956838882e-06
1,4,13,250,PSO,8.9352525378672e-07
1,4,14,250,PSO,5.82186885367264e-07
1,4,15,250,PSO,5.679706305272703e-07
1,4,16,250,PSO,1.8495012454877724e-07
1,4,17,250,PSO,3.4399816684071993e-06
1,4,18,250,PSO,1.4146297928618878e-06
1,4,19,250,PSO,4.7404536189787905e-06
1,5,0,250,PSO,1.0452957965867427e-06
1,5,1,250,PSO,2.603477881280014e-06
1,5,2,250,PSO,3.238416930173571e-07
1,5,3,250,PSO,6.041005136125932e-07
1,5,4,250,PSO,5.542283538773063e-07
1,5,5,250,PSO,7.604580183340204e-07
1,5,6,250,PSO,1.8276628743763013e-06
1,5,7,250,PSO,1.8107818497981043e-06
1,5,8,250,PSO,1.5382711389122505e-06
1,5,9,250,PSO,5.688207462384298e-06
1,5,10,250,PSO,4.6841511824879944e-06
1,5,11,250,PSO,6.921683354477182e-06
1,5,12,250,PSO,1.0714166229774946e-06
1,5,13,250,PSO,1.0989322269949753e-06
1,5,14,250,PSO,9.133792850946065e-07
1,5,15,250,PSO,8.530190171995855e-07
1,5,16,250,PSO,2.849488289768942e-07
1,5,17,250,PSO,5.372011386839404e-07
1,5,18,250,PSO,3.5549246071298057e-06
1,5,19,250,PSO,3.0432630282462014e-07
1,6,0,250,PSO,2.0202684538617177e-06
1,6,1,250,PSO,8.327077125613869e-07
1,6,2,250,PSO,7.170879712248279e-06
1,6,3,250,PSO,1.096419367740964e-06
1,6,4,250,PSO,2.968991566376644e-06
1,6,5,250,PSO,3.181834841825548e-06
1,6,6,250,PSO,1.4132185413018306e-06
1,6,7,250,PSO,7.803212724866171e-07
1,6,8,250,PSO,2.4805248983739148e-06
1,6,9,250,PSO,1.520593059467501e-06
1,6,10,250,PSO,2.1834199515069486e-07
1,6,11,250,PSO,5.0944713052558654e-06
1,6,12,250,PSO,2.7366276640350407e-06
1,6,13,250,PSO,2.097952716439977e-06
1,6,14,250,PSO,6.106008981987543e-06
1,6,15,250,PSO,1.5029513917852455e-06
1,6,16,250,PSO,7.910658723631059e-07
1,6,17,250,PSO,2.4606420936379436e-06
1,6,18,250,PSO,6.033335750998958e-07
1,6,19,250,PSO,6.025611014592869e-07
1,7,0,250,PSO,8.361408845303231e-07
1,7,1,250,PSO,2.60347883340728e-06
1,7,2,250,PSO,2.7949122340942267e-06
1,7,3,250,PSO,3.212818569409137e-06
1,7,4,250,PSO,5.5192992931552e-07
1,7,5,250,PSO,1.4848777709630667e-06
1,7,6,250,PSO,4.04983916268975e-06
1,7,7,250,PSO,2.2624584516961477e-06
1,7,8,250,PSO,7.620046176270989e-06
1,7,9,250,PSO,1.870795244940382e-06
1,7,10,250,PSO,4.886503688794619e-06
1,7,11,250,PSO,9.303842034569243e-07
1,7,12,250,PSO,5.972435701551149e-07
1,7,13,250,PSO,3.2277799846269772e-06
1,7,14,250,PSO,4.809184019904933e-07
1,7,15,250,PSO,7.332160976147861e-07
1,7,16,250,PSO,2.032447355304612e-06
1,7,17,250,PSO,1.513575398348621e-06
1,7,18,250,PSO,4.549964842226473e-06
1,7,19,250,PSO,1.9850760963890934e-06
2,1,0,250,PSO,30.76987702952465
2,1,1,250,PSO,0.44497910571476496
2,1,2,250,PSO,1.9483715498965068
2,1,3,250,PSO,0.9864827020768132
2,1,4,250,PSO,8.43612135730885
2,1,5,250,PSO,15.257808968656633
2,1,6,250,PSO,0.7481108362792099
2,1,7,250,PSO,0.39480613954745536
2,1,8,250,PSO,10.529540251791218
2,1,9,250,PSO,1.0264912903530785
2,1,10,250,PSO,0.43352526495854704
2,1,11,250,PSO,7.848825203298645
2,1,12,250,PSO,2.914439375468646
2,1,13,250,PSO,37.49189141318476
2,1,14,250,PSO,4.9372946666372
2,1,15,250,PSO,9.752176583618251
2,1,16,250,PSO,274.5781745981883
2,1,17,250,PSO,0.8646167415934656
2,1,18,250,PSO,8.2804512085508
2,1,19,250,PSO,23.233395013004554
2,2,0,250,PSO,1.5499192229969054
2,2,1,250,PSO,15.928641599538167
2,2,2,250,PSO,13.078717868739886
2,2,3,250,PSO,5.999040000834427
2,2,4,250,PSO,5.345911031822297
2,2,5,250,PSO,4.380316211709214
2,2,6,250,PSO,101.67653078432188
2,2,7,250,PSO,1.3580778779496683
2,2,8,250,PSO,18.57928263226904
2,2,9,250,PSO,3.7737609313593765
2,2,10,250,PSO,3.389309331550564
2,2,11,250,PSO,8.03620635343691
2,2,12,250,PSO,7.081295307218198
2,2,13,250,PSO,0.477719975605865
2,2,14,250,PSO,2.22964382516426
2,2,15,250,PSO,0.761232924848585
2,2,16,250,PSO,1.1794135310786658
2,2,17,250,PSO,4.24115013846658
2,2,18,250,PSO,3.6300598967330586
2,2,19,250,PSO,9.825183293455936
2,3,0,250,PSO,0.34716593572180443
2,3,1,250,PSO,13.936021145015388
2,3,2,250,PSO,2.5755649154212676
2,3,3,250,PSO,16.17958315521642
2,3,4,250,PSO,502.7380505939734
2,3,5,250,PSO,25.433519466037495
2,3,6,250,PSO,14.340294931025639
2,3,7,250,PSO,2.1165609740381655
2,3,8,250,PSO,8.855398347449807
2,3,9,250,PSO,9.903008595468776
2,3,10,250,PSO,10.186022879851038
2,3,11,250,PSO,17.18506450071459
2,3,12,250,PSO,256.05179678153354
2,3,13,250,PSO,15.491070742077355
2,3,14,250,PSO,17.904675989260042
2,3,15,250,PSO,12.207871481036321
2,3,16,250,PSO,1.8077805522555508
2,3,17,250,PSO,1.0110546100848694
2,3,18,250,PSO,4.7467520330370405
2,3,19,250,PSO,5.709618503837774
2,4,0,250,PSO,11.466267998325293
2,4,1,250,PSO,3.0615266950526916
2,4,2,250,PSO,0.9072421745480597
2,4,3,250,PSO,0.12364807105171849
2,4,4,250,PSO,126.27048925624058
2,4,5,250,PSO,20.26256415009533
2,4,6,250,PSO,9.575166877413324
2,4,7,250,PSO,2.6711057502321296
2,4,8,250,PSO,6.327533509285388
2,4,9,250,PSO,4.012404195936256
2,4,10,250,PSO,1.7380403929165027
2,4,11,250,PSO,3.094286507506297
2,4,12,250,PSO,18.862034608985766
2,4,13,250,PSO,3.7405442599834373
2,4,14,250,PSO,30.794833005409487
2,4,15,250,PSO,0.79942704615911
2,4,16,250,PSO,10.576825995467232
2,4,17,250,PSO,9.135574795399577
2,4,18,250,PSO,3.7962923355453313
2,4,19,250,PSO,3.745732803022804
2,5,0,250,PSO,1.3954942477821533
2,5,1,250,PSO,234.0641429663276
2,5,2,250,PSO,15.870068239503297
2,5,3,250,PSO,17.57453633827747
2,5,4,250,PSO,3.2379765059889536
2,5,5,250,PSO,0.5877564380544129
2,5,6,250,PSO,1.9081746133822008
2,5,7,250,PSO,10.571359420364999
2,5,8,250,PSO,501.57404432433543
2,5,9,250,PSO,0.3348823238334546
2,5,10,250,PSO,20.4965065671542
2,5,11,250,PSO,12.034935094871116
2,5,12,250,PSO,10.362856023552368
2,5,13,250,PSO,101.45879454541982
2,5,14,250,PSO,245.48192537608213
2,5,15,250,PSO,12.499407220448205
2,5,16,250,PSO,11.790740731639616
2,5,17,250,PSO,2.4303047205862924
2,5,18,250,PSO,2.8613762718367326
2,5,19,250,PSO,4.845397093609776
2,6,0,250,PSO,0.912770006726916
2,6,1,250,PSO,2.6694888360276323
2,6,2,250,PSO,18.10149619601005
2,6,3,250,PSO,0.7566523083658154
2,6,4,250,PSO,4.930765906861495
2,6,5,250,PSO,65.54812064409627
2,6,6,250,PSO,21.961464688859106
2,6,7,250,PSO,5.82933706004993
2,6,8,250,PSO,0.44138752639695866
2,6,9,250,PSO,14.967804712167329
2,6,10,250,PSO,4.903233228087373
2,6,11,250,PSO,0.1818365402523483
2,6,12,250,PSO,0.47197472721611433
2,6,13,250,PSO,11.518475449594867
2,6,14,250,PSO,23.398276852831884
2,6,15,250,PSO,0.7176730260432223
2,6,16,250,PSO,2.2060947118444787
2,6,17,250,PSO,2.351976995752672
2,6,18,250,PSO,2.108821566772477
2,6,19,250,PSO,2.1948549323504807
2,7,0,250,PSO,2.579845776674972
2,7,1,250,PSO,24.12988367184008
2,7,2,250,PSO,32.67495031449931
2,7,3,250,PSO,1.8530678568547287
2,7,4,250,PSO,12.212415490108317
2,7,5,250,PSO,50.86871423368345
2,7,6,250,PSO,32.72893528593569
2,7,7,250,PSO,13.97137340804927
2,7,8,250,PSO,7.069059631700249
2,7,9,250,PSO,9.691144309247715
2,7,10,250,PSO,25.570432180346845
2,7,11,250,PSO,3.2902492294154797
2,7,12,250,PSO,8.17329897353661
2,7,13,250,PSO,4.917120271407224
2,7,14,250,PSO,368.849586400841
2,7,15,250,PSO,0.47243502516164426
2,7,16,250,PSO,0.026710355919565387
2,7,17,250,PSO,50.383397029452226
2,7,18,250,PSO,4.961444227992256
2,7,19,250,PSO,1.45321784470244
3,1,0,250,PSO,3.9808357570316275
3,1,1,250,PSO,11.939788059631951
3,1,2,250,PSO,7.006152133687294
3,1,3,250,PSO,10.974745538832792
3,1,4,250,PSO,2.9958534022985646
3,1,5,250,PSO,3.983229080523813
3,1,6,250,PSO,6.975717409383321
3,1,7,250,PSO,7.6933158760410265
3,1,8,250,PSO,1.0023602092828128
3,1,9,250,PSO,4.9802994394847815
3,1,10,250,PSO,4.982492456382886
3,1,11,250,PSO,5.9706046696568364
3,1,12,250,PSO,3.0012406418087494
3,1,13,250,PSO,3.9828306355812515
3,1,14,250,PSO,6.015194256276118
3,1,15,250,PSO,8.955919259758389
3,1,16,250,PSO,9.954659489473045
3,1,17,250,PSO,10.94964912516258
3,1,18,250,PSO,7.960687650853458
3,1,19,250,PSO,3.9850615166848797
3,2,0,250,PSO,10.945862545803578
3,2,1,250,PSO,1.9903122734598355
3,2,2,250,PSO,13.932904945627584
3,2,3,250,PSO,5.9725317154794055
3,2,4,250,PSO,5.970785569918817
3,2,5,250,PSO,10.947419201691915
3,2,6,250,PSO,2.0141142254080506
3,2,7,250,PSO,8.956297700490353
3,2,8,250,PSO,5.992229976531121
3,2,9,250,PSO,4.97511865170965
3,2,10,250,PSO,3.9819724767300357
3,2,11,250,PSO,6.965261609884934
3,2,12,250,PSO,4.977841474003711
3,2,13,250,PSO,3.9835138788088784
3,2,14,250,PSO,14.945713462611593
3,2,15,250,PSO,9.950329833752974
3,2,16,250,PSO,5.972999446956024
3,2,17,250,PSO,4.975891898108344
3,2,18,250,PSO,4.975924540682172
3,2,19,250,PSO,2.01681178246929
3,3,0,250,PSO,6.966991251803378
3,3,1,250,PSO,3.9971654133918832
3,3,2,250,PSO,0.9954396477484266
3,3,3,250,PSO,1.9940231111235107
3,3,4,250,PSO,14.935224989870079
3,3,5,250,PSO,4.97665619538418
3,3,6,250,PSO,6.023103256101209
3,3,7,250,PSO,3.012226801531952
3,3,8,250,PSO,8.956827096661158
3,3,9,250,PSO,4.019673738183556
3,3,10,250,PSO,2.987308868526796
3,3,11,250,PSO,2.0400094544146015
3,3,12,250,PSO,3.980241504159409
3,3,13,250,PSO,1.9973793231040986
3,3,14,250,PSO,2.0568005193544536
3,3,15,250,PSO,6.966628149715348
3,3,16,250,PSO,6.979727855829992
3,3,17,250,PSO,4.975070761017506
3,3,18,250,PSO,5.988000332579588
3,3,19,250,PSO,3.992841764553475
3,4,0,250,PSO,10.94518281936125
3,4,1,250,PSO,3.011384540160764
3,4,2,250,PSO,10.950499938436689
3,4,3,250,PSO,6.96606155460768
3,4,4,250,PSO,4.9781431800936
3,4,5,250,PSO,2.988021427240132
3,4,6,250,PSO,2.005960710601766
3,4,7,250,PSO,2.9880487602273926
3,4,8,250,PSO,3.987029814229859
3,4,9,250,PSO,4.97510063746898
3,4,10,250,PSO,8.9555133480141
3,4,11,250,PSO,3.0041139608726874
3,4,12,250,PSO,3.981674590387568
3,4,13,250,PSO,6.966359787781042
3,4,14,250,PSO,5.970063220727779
3,4,15,250,PSO,9.951734482646499
3,4,16,250,PSO,5.971002076427641
3,4,17,250,PSO,10.94557512087802
3,4,18,250,PSO,2.060939669560174
3,4,19,250,PSO,13.931074142180282
3,5,0,250,PSO,3.9950640933392663
3,5,1,250,PSO,2.9868381597370615
3,5,2,250,PSO,5.971667778608889
3,5,3,250,PSO,2.2371425576538684
3,5,4,250,PSO,2.98699150427845
3,5,5,250,PSO,1.9933047539291806
3,5,6,250,PSO,7.960182676095798
3,5,7,250,PSO,12.934628842360127
3,5,8,250,PSO,3.014249425370963
3,5,9,250,PSO,1.9927232666867951
3,5,10,250,PSO,2.9852145300231427
3,5,11,250,PSO,5.210243485207712
3,5,12,250,PSO,1.0632725121118938
3,5,13,250,PSO,11.011482620822136
3,5,14,250,PSO,9.969809153723986
3,5,15,250,PSO,2.9907337620027477
3,5,16,250,PSO,19.009719851524835
3,5,17,250,PSO,14.9261684654995
3,5,18,250,PSO,4.976843473452902
3,5,19,250,PSO,8.999910835623155
3,6,0,250,PSO,3.0045676796261205
3,6,1,250,PSO,5.972521191570991
3,6,2,250,PSO,11.949676107267237
3,6,3,250,PSO,2.986081605817617
3,6,4,250,PSO,7.961793655931956
3,6,5,250,PSO,11.945450120358828
3,6,6,250,PSO,6.965615115506694
3,6,7,250,PSO,12.934665939012916
3,6,8,250,PSO,3.4237982921882804
3,6,9,250,PSO,6.965462466289296
3,6,10,250,PSO,3.9799113564178015
3,6,11,250,PSO,11.957898577216497
3,6,12,250,PSO,5.801299311174375
3,6,13,250,PSO,7.297297231589482
3,6,14,250,PSO,4.033702798170566
3,6,15,250,PSO,5.007733880320416
3,6,16,250,PSO,6.182258261611992
3,6,17,250,PSO,1.9965411038809862
3,6,18,250,PSO,24.92161187455781
3,6,19,250,PSO,2.1727942053614697
3,7,0,250,PSO,1.0384363689075755
3,7,1,250,PSO,5.970668439724349
3,7,2,250,PSO,2.314334346056526
3,7,3,250,PSO,10.945887812190179
3,7,4,250,PSO,6.9702680152513885
3,7,5,250,PSO,3.982801475297002
3,7,6,250,PSO,7.960501753830179
3,7,7,250,PSO,4.983914536857199
3,7,8,250,PSO,8.973472071092097
3,7,9,250,PSO,8.955576225468715
3,7,10,250,PSO,6.966738458490312
3,7,11,250,PSO,3.9922971953381676
3,7,12,250,PSO,7.96123267759463
3,7,13,250,PSO,6.96515581271796
3,7,14,250,PSO,2.023511951643819
3,7,15,250,PSO,4.017806841096444
3,7,16,250,PSO,6.97103717311327
3,7,17,250,PSO,5.9756111790254565
3,7,18,250,PSO,1.998920712320512
3,7,19,250,PSO,4.322138121125484
4,1,0,250,PSO,7.960217531148828
4,1,1,250,PSO,8.956256588628378
4,1,2,250,PSO,23.9154520867134
4,1,3,250,PSO,6.0462372805704945
4,1,4,250,PSO,6.973032848143816
4,1,5,250,PSO,3.0129336221962717
4,1,6,250,PSO,15.92120802454889
4,1,7,250,PSO,9.009253917737794
4,1,8,250,PSO,4.254835781590771
4,1,9,250,PSO,12.937851570333805
4,1,10,250,PSO,4.011663703885631
4,1,11,250,PSO,15.924652171507205
4,1,12,250,PSO,8.97438455443887
4,1,13,250,PSO,11.94549532904989
4,1,14,250,PSO,4.981791365425522
4,1,15,250,PSO,15.950730207222477
4,1,16,250,PSO,21.21698285644925
4,1,17,250,PSO,10.944856897638033
4,1,18,250,PSO,19.956120794586298
4,1,19,250,PSO,12.935035025476452
4,2,0,250,PSO,18.905642365296373
4,2,1,250,PSO,6.967686834901599
4,2,2,250,PSO,11.948407934073671
4,2,3,250,PSO,3.983225809605358
4,2,4,250,PSO,9.968128562773629
4,2,5,250,PSO,10.176638824075539
4,2,6,250,PSO,9.996891123538589
4,2,7,250,PSO,5.9724262862977895
4,2,8,250,PSO,27.869917805772047
4,2,9,250,PSO,6.256017501277114
4,2,10,250,PSO,10.9950061413236
4,2,11,250,PSO,6.96631728671008
4,2,12,250,PSO,2.9963485329331263
4,2,13,250,PSO,25.306235728226255
4,2,14,250,PSO,15.070714254752545
4,2,15,250,PSO,12.936199064534222
4,2,16,250,PSO,4.9779728739854505
4,2,17,250,PSO,21.889563426159782
4,2,18,250,PSO,2.1180872116513285
4,2,19,250,PSO,17.910495035247237
4,3,0,250,PSO,27.15792462516572
4,3,1,250,PSO,6.97008654536036
4,3,2,250,PSO,7.96233042562865
4,3,3,250,PSO,5.740749826544061
4,3,4,250,PSO,31.901630558598555
4,3,5,250,PSO,8.9582704947277
4,3,6,250,PSO,10.945695169570698
4,3,7,250,PSO,13.367425934073651
4,3,8,250,PSO,0.0011441800544247371
4,3,9,250,PSO,16.914838726465348
4,3,10,250,PSO,25.879449878304285
4,3,11,250,PSO,13.932465781767604
4,3,12,250,PSO,14.934553050967594
4,3,13,250,PSO,9.989012062964946
4,3,14,250,PSO,9.950618482466453
4,3,15,250,PSO,7.961735175754953
4,3,16,250,PSO,20.93337055645992
4,3,17,250,PSO,8.955015446559884
4,3,18,250,PSO,21.90923008272199
4,3,19,250,PSO,13.930646940964152
4,4,0,250,PSO,6.977292816396824
4,4,1,250,PSO,1.9935789226976923
4,4,2,250,PSO,9.952838218581308
4,4,3,250,PSO,14.925864404011083
4,4,4,250,PSO,4.000449912395316
4,4,5,250,PSO,15.965217319338475
4,4,6,250,PSO,11.944892374845523
4,4,7,250,PSO,9.953395523798195
4,4,8,250,PSO,6.077777997338007
4,4,9,250,PSO,4.995674745970607
4,4,10,250,PSO,14.293779012240574
4,4,11,250,PSO,6.970609799546764
4,4,12,250,PSO,7.095093292570458
4,4,13,250,PSO,22.00162866535465
4,4,14,250,PSO,4.180173913568913
4,4,15,250,PSO,4.199781814869041
4,4,16,250,PSO,12.939800650942896
4,4,17,250,PSO,9.950916582388851
4,4,18,250,PSO,32.90444629930426
4,4,19,250,PSO,8.216880860059945
4,5,0,250,PSO,5.977026302628218
4,5,1,250,PSO,13.930490522352812
4,5,2,250,PSO,6.08369109102685
4,5,3,250,PSO,22.128717488518618
4,5,4,250,PSO,11.98085908438128
4,5,5,250,PSO,9.951222943956509
4,5,6,250,PSO,8.048493626039999
4,5,7,250,PSO,10.948361970621335
4,5,8,250,PSO,5.978074313769184
4,5,9,250,PSO,2.9855354888117915
4,5,10,250,PSO,13.930403313907476
4,5,11,250,PSO,6.1125800746382595
4,5,12,250,PSO,18.905771157831623
4,5,13,250,PSO,6.96578942045403
4,5,14,250,PSO,6.966252770978315
4,5,15,250,PSO,4.085549567543637
4,5,16,250,PSO,6.971788552961669
4,5,17,250,PSO,7.004077815604575
4,5,18,250,PSO,4.978651582655829
4,5,19,250,PSO,8.967451025985866
4,6,0,250,PSO,28.855991423954833
4,6,1,250,PSO,19.28630342373367
4,6,2,250,PSO,2.0983511189507453
4,6,3,250,PSO,4.421185475248649
4,6,4,250,PSO,2.987005752066807
4,6,5,250,PSO,18.917487003280257
4,6,6,250,PSO,5.043861959382525
4,6,7,250,PSO,10.408936315456344
4,6,8,250,PSO,2.0667025800594274
4,6,9,250,PSO,9.952876122044358
4,6,10,250,PSO,13.930749783605847
4,6,11,250,PSO,9.952571554640599
4,6,12,250,PSO,10.944908685213818
4,6,13,250,PSO,9.175069428209895
4,6,14,250,PSO,9.950436469848
4,6,15,250,PSO,21.88954571232739
4,6,16,250,PSO,5.980104751068325
4,6,17,250,PSO,4.976479113929486
4,6,18,250,PSO,19.299433745220426
4,6,19,250,PSO,13.935741376530132
4,7,0,250,PSO,6.973726722590779
4,7,1,250,PSO,6.979883179848464
4,7,2,250,PSO,5.97350070371165
4,7,3,250,PSO,9.952036485236391
4,7,4,250,PSO,2.116253148913934
4,7,5,250,PSO,7.482235012811927
4,7,6,250,PSO,12.062705316846625
4,7,7,250,PSO,2.0114703219389156
4,7,8,250,PSO,4.24312226636728
4,7,9,250,PSO,9.952396811631708
4,7,10,250,PSO,4.059673586147802
4,7,11,250,PSO,3.073212278450974
4,7,12,250,PSO,9.961964957657734
4,7,13,250,PSO,4.006609321305348
4,7,14,250,PSO,25.93649665347276
4,7,15,250,PSO,2.3798918555970374
4,7,16,250,PSO,7.024596827825995
4,7,17,250,PSO,9.949955633321679
4,7,18,250,PSO,9.993073876609945
4,7,19,250,PSO,13.929827598493851
5,1,0,250,PSO,0.0
5,1,1,250,PSO,0.0
5,1,2,250,PSO,0.0
5,1,3,250,PSO,0.0
5,1,4,250,PSO,0.0
5,1,5,250,PSO,0.0
5,1,6,250,PSO,0.0
5,1,7,250,PSO,0.0
5,1,8,250,PSO,0.0
5,1,9,250,PSO,0.0
5,1,10,250,PSO,0.0
5,1,11,250,PSO,0.0
5,1,12,250,PSO,0.0
5,1,13,250,PSO,0.0
5,1,14,250,PSO,0.0
5,1,15,250,PSO,0.0
5,1,16,250,PSO,0.0
5,1,17,250,PSO,0.0
5,1,18,250,PSO,0.0
5,1,19,250,PSO,0.0
5,2,0,250,PSO,0.0
5,2,1,250,PSO,0.0
5,2,2,250,PSO,0.0
5,2,3,250,PSO,0.0
5,2,4,250,PSO,0.0
5,2,5,250,PSO,0.0
5,2,6,250,PSO,0.0
5,2,7,250,PSO,0.0
5,2,8,250,PSO,0.0
5,2,9,250,PSO,0.0
5,2,10,250,PSO,0.0
5,2,11,250,PSO,0.0
5,2,12,250,PSO,0.0
5,2,13,250,PSO,0.0
5,2,14,250,PSO,0.0
5,2,15,250,PSO,0.0
5,2,16,250,PSO,0.0
5,2,17,250,PSO,0.0
5,2,18,250,PSO,0.0
5,2,19,250,PSO,0.0
5,3,0,250,PSO,0.0
5,3,1,250,PSO,0.0
5,3,2,250,PSO,0.0
5,3,3,250,PSO,0.0
5,3,4,250,PSO,0.0
5,3,5,250,PSO,0.0
5,3,6,250,PSO,0.0
5,3,7,250,PSO,0.0
5,3,8,250,PSO,0.0
5,3,9,250,PSO,0.0
5,3,10,250,PSO,0.0
5,3,11,250,PSO,0.0
5,3,12,250,PSO,0.0
5,3,13,250,PSO,0.0
5,3,14,250,PSO,0.0
5,3,15,250,PSO,0.0
5,3,16,250,PSO,0.0
5,3,17,250,PSO,0.0
5,3,18,250,PSO,0.0
5,3,19,250,PSO,0.0
5,4,0,250,PSO,0.0
5,4,1,250,PSO,0.0
5,4,2,250,PSO,0.0
5,4,3,250,PSO,0.0
5,4,4,250,PSO,0.0
5,4,5,250,PSO,0.0
5,4,6,250,PSO,0.0
5,4,7,250,PSO,0.0
5,4,8,250,PSO,0.0
5,4,9,250,PSO,0.0
5,4,10,250,PSO,0.0
5,4,11,250,PSO,0.0
5,4,12,250,PSO,0.0
5,4,13,250,PSO,0.0
5,4,14,250,PSO,0.0
5,4,15,250,PSO,0.0
5,4,16,250,PSO,0.0
5,4,17,250,PSO,0.0
5,4,18,250,PSO,0.0
5,4,19,250,PSO,0.0
5,5,0,250,PSO,0.0
5,5,1,250,PSO,0.0
5,5,2,250,PSO,0.0
5,5,3,250,PSO,0.0
5,5,4,250,PSO,0.0
5,5,5,250,PSO,0.0
5,5,6,250,PSO,0.0
5,5,7,250,PSO,0.0
5,5,8,250,PSO,0.0
5,5,9,250,PSO,0.0
5,5,10,250,PSO,0.0
5,5,11,250,PSO,0.0
5,5,12,250,PSO,0.0
5,5,13,250,PSO,0.0
5,5,14,250,PSO,0.0
5,5,15,250,PSO,0.0
5,5,16,250,PSO,0.0
5,5,17,250,PSO,0.0
5,5,18,250,PSO,0.0
5,5,19,250,PSO,0.0
5,6,0,250,PSO,0.0
5,6,1,250,PSO,0.0
5,6,2,250,PSO,0.0
5,6,3,250,PSO,0.0
5,6,4,250,PSO,0.0
5,6,5,250,PSO,0.0
5,6,6,250,PSO,0.0
5,6,7,250,PSO,0.0
5,6,8,250,PSO,0.0
5,6,9,250,PSO,0.0
5,6,10,250,PSO,0.0
5,6,11,250,PSO,0.0
5,6,12,250,PSO,0.0
5,6,13,250,PSO,0.0
5,6,14,250,PSO,0.0
5,6,15,250,PSO,0.0
5,6,16,250,PSO,0.0
5,6,17,250,PSO,0.0
5,6,18,250,PSO,0.0
5,6,19,250,PSO,0.0
5,7,0,250,PSO,0.0
5,7,1,250,PSO,0.0
5,7,2,250,PSO,0.0
5,7,3,250,PSO,0.0
5,7,4,250,PSO,0.0
5,7,5,250,PSO,0.0
5,7,6,250,PSO,0.0
5,7,7,250,PSO,0.0
5,7,8,250,PSO,0.0
5,7,9,250,PSO,0.0
5,7,10,250,PSO,0.0
5,7,11,250,PSO,0.0
5,7,12,250,PSO,0.0
5,7,13,250,PSO,0.0
5,7,14,250,PSO,0.0
5,7,15,250,PSO,0.0
5,7,16,250,PSO,0.0
5,7,17,250,PSO,0.0
5,7,18,250,PSO,0.0
5,7,19,250,PSO,0.0
6,1,0,250,PSO,0.002108528407511301
6,1,1,250,PSO,0.08079809466018872
6,1,2,250,PSO,0.004580010427638115
6,1,3,250,PSO,0.004959725680613758
6,1,4,250,PSO,0.01713086675047748
6,1,5,250,PSO,0.010293790158343086
6,1,6,250,PSO,0.004473861871886697
6,1,7,250,PSO,1.2161942201321523
6,1,8,250,PSO,0.0017443684566202933
6,1,9,250,PSO,0.005416544381795063
6,1,10,250,PSO,0.008570529001602267
6,1,11,250,PSO,0.005308338557192371
6,1,12,250,PSO,0.0035170987863750725
6,1,13,250,PSO,0.005118675074946566
6,1,14,250,PSO,0.00921362231896694
6,1,15,250,PSO,0.04319684922722189
6,1,16,250,PSO,0.03943504800095354
6,1,17,250,PSO,0.019446460779207086
6,1,18,250,PSO,0.004854058149426521
6,1,19,250,PSO,0.01827318144768242
6,2,0,250,PSO,0.000525902522003463
6,2,1,250,PSO,0.041495734074548096
6,2,2,250,PSO,0.045393369904157765
6,2,3,250,PSO,0.0018580346449219576
6,2,4,250,PSO,0.011206840361801085
6,2,5,250,PSO,0.00477910601940934
6,2,6,250,PSO,0.004709248575125002
6,2,7,250,PSO,0.004683314633737723
6,2,8,250,PSO,0.004715263642214751
6,2,9,250,PSO,0.0013500379211777158
6,2,10,250,PSO,0.0040001032727481345
6,2,11,250,PSO,0.001468952124586309
6,2,12,250,PSO,0.037856456998376586
6,2,13,250,PSO,0.004638354479144624
6,2,14,250,PSO,0.001817904060633424
6,2,15,250,PSO,0.023949616926827844
6,2,16,250,PSO,0.005587292882829331
6,2,17,250,PSO,0.015725401249980564
6,2,18,250,PSO,0.018304724216598345
6,2,19,250,PSO,0.017625928533334445
6,3,0,250,PSO,0.004776976947368894
6,3,1,250,PSO,0.04701742387305785
6,3,2,250,PSO,0.005178768750852214
6,3,3,250,PSO,0.008424673978879582
6,3,4,250,PSO,0.04623158776087166
6,3,5,250,PSO,0.022449572998880285
6,3,6,250,PSO,0.032121126897095564
6,3,7,250,PSO,0.009067497726732654
6,3,8,250,PSO,0.005622434923225228
6,3,9,250,PSO,0.00618955949789779
6,3,10,250,PSO,0.24955188774163162
6,3,11,250,PSO,0.004640105135536032
6,3,12,250,PSO,0.03452347560596536
6,3,13,250,PSO,0.04166449362992353
6,3,14,250,PSO,0.006171241142283179
6,3,15,250,PSO,0.016774587925510787
6,3,16,250,PSO,0.034827305225462624
6,3,17,250,PSO,0.002757539679691945
6,3,18,250,PSO,0.015467373867522838
6,3,19,250,PSO,0.006995167510126521
6,4,0,250,PSO,0.004341448120214864
6,4,1,250,PSO,0.0025817366492617566
6,4,2,250,PSO,0.005299528471937265
6,4,3,250,PSO,0.016435031268372313
6,4,4,250,PSO,0.013297785979318633
6,4,5,250,PSO,0.014862749237209982
6,4,6,250,PSO,0.08056419791898861
6,4,7,250,PSO,0.0029713974603851057
6,4,8,250,PSO,0.004544404788049405
6,4,9,250,PSO,0.025987741324826175
6,4,10,250,PSO,0.01411968662901586
6,4,11,250,PSO,0.04120832677983799
6,4,12,250,PSO,0.004710993184147583
6,4,13,250,PSO,0.03090750221366534
6,4,14,250,PSO,0.007111002589766713
6,4,15,250,PSO,0.0046480733964813226
6,4,16,250,PSO,0.013855503311475559
6,4,17,250,PSO,0.03520729473459028
6,4,18,250,PSO,0.07806782320599837
6,4,19,250,PSO,0.022103094122940092
6,5,0,250,PSO,0.008220561573125451
6,5,1,250,PSO,0.024336637872352185
6,5,2,250,PSO,0.0009545241625801282
6,5,3,250,PSO,0.012914759186969604
6,5,4,250,PSO,0.004690301670621011
6,5,5,250,PSO,0.01563411118638669
6,5,6,250,PSO,0.004641116874381623
6,5,7,250,PSO,0.043737817505530074
6,5,8,250,PSO,0.037492408908065045
6,5,9,250,PSO,0.03366817657763477
6,5,10,250,PSO,0.31877214443261437
6,5,11,250,PSO,0.006119530785326788
6,5,12,250,PSO,0.0022551641970949277
6,5,13,250,PSO,0.008044267590321397
6,5,14,250,PSO,0.002576899062432858
6,5,15,250,PSO,0.023792918881895275
6,5,16,250,PSO,0.041419125780521426
6,5,17,250,PSO,0.004703396203353805
6,5,18,250,PSO,0.007195310372026142
6,5,19,250,PSO,0.07547944827661013
6,6,0,250,PSO,0.011967147577529147
6,6,1,250,PSO,0.04052707465142902
6,6,2,250,PSO,0.014088924101759659
6,6,3,250,PSO,0.04434218548742663
6,6,4,250,PSO,0.02986828682543674
6,6,5,250,PSO,0.042970360009430664
6,6,6,250,PSO,0.01506573243751319
6,6,7,250,PSO,0.024548155417686957
6,6,8,250,PSO,0.017911710848423468
6,6,9,250,PSO,0.017674415493416973
6,6,10,250,PSO,0.04548790828911464
6,6,11,250,PSO,0.14733192111329174
6,6,12,250,PSO,0.01277723847859491
6,6,13,250,PSO,0.008593025832269063
6,6,14,250,PSO,0.008637282343418207
6,6,15,250,PSO,0.008546279843269389
6,6,16,250,PSO,0.009136091572951699
6,6,17,250,PSO,0.04119495560068387
6,6,18,250,PSO,0.009724294140720957
6,6,19,250,PSO,0.01437581681212663
6,7,0,250,PSO,0.08512039269615457
6,7,1,250,PSO,0.013900160700217157
6,7,2,250,PSO,0.011794575516091754
6,7,3,250,PSO,0.0037146268822425554
6,7,4,250,PSO,0.0324957745610277
6,7,5,250,PSO,0.011227157641741314
6,7,6,250,PSO,0.01748536567694714
6,7,7,250,PSO,0.003982799576249363
6,7,8,250,PSO,0.008847644229916796
6,7,9,250,PSO,0.02164922682433712
6,7,10,250,PSO,0.01652389290822498
6,7,11,250,PSO,0.01707562693556497
6,7,12,250,PSO,0.05808807962662854
6,7,13,250,PSO,0.02821444722073352
6,7,14,250,PSO,0.0050637817008691854
6,7,15,250,PSO,0.023891674395997597
6,7,16,250,PSO,0.022987261408218274
6,7,17,250,PSO,0.09395774396588763
6,7,18,250,PSO,0.151056909794562
6,7,19,250,PSO,0.004365773084572311
7,1,0,250,PSO,1.8336524315755156
7,1,1,250,PSO,1.8336524315755156
7,1,2,250,PSO,1.8336524315755156
7,1,3,250,PSO,1.8336524315755156
7,1,4,250,PSO,0.45841310789387535
7,1,5,250,PSO,4.232243476002637
7,1,6,250,PSO,0.009011210943626224
7,1,7,250,PSO,0.6207822616706551
7,1,8,250,PSO,2.9197365510404722
7,1,9,250,PSO,1.8336524315755156
7,1,10,250,PSO,1.8336524315755156
7,1,11,250,PSO,1.8336524315755156
7,1,12,250,PSO,0.45841310789387535
7,1,13,250,PSO,1.8336524315755156
7,1,14,250,PSO,1.8336524315755156
7,1,15,250,PSO,1.8336524315755156
7,1,16,250,PSO,3.768881571133633
7,1,17,250,PSO,3.768881571133633
7,1,18,250,PSO,0.45841310789387535
7,1,19,250,PSO,0.45841310789387535
7,2,0,250,PSO,0.6615932944754874
7,2,1,250,PSO,0.13055305030514575
7,2,2,250,PSO,0.009953710723891618
7,2,3,250,PSO,0.03340640553052765
7,2,4,250,PSO,0.13055305030514575
7,2,5,250,PSO,0.13055305030514575
7,2,6,250,PSO,0.13055305030514575
7,2,7,250,PSO,1.0705922625907078
7,2,8,250,PSO,0.13055305030514575
7,2,9,250,PSO,0.13055305030514575
7,2,10,250,PSO,0.13055305030514575
7,2,11,250,PSO,0.13292652678810413
7,2,12,250,PSO,0.13055305030514575
7,2,13,250,PSO,1.0705922625907078
7,2,14,250,PSO,2.314107936134654
7,2,15,250,PSO,0.13292652678810413
7,2,16,250,PSO,0.13055305030514575
7,2,17,250,PSO,0.13307772902189896
7,2,18,250,PSO,0.13055305030514575
7,2,19,250,PSO,0.13307772902189896
7,3,0,250,PSO,4.730752796173057
7,3,1,250,PSO,0.3799317070480295
7,3,2,250,PSO,0.9839301015378452
7,3,3,250,PSO,1.6360503580604733
7,3,4,250,PSO,0.017233716886749573
7,3,5,250,PSO,0.017233716886749573
7,3,6,250,PSO,1.5369941008509476
7,3,7,250,PSO,0.04110448023233415
7,3,8,250,PSO,0.3799317070480295
7,3,9,250,PSO,0.0
7,3,10,250,PSO,1.5369941008509476
7,3,11,250,PSO,0.5343798438656235
7,3,12,250,PSO,0.3799317070480295
7,3,13,250,PSO,0.032831818709776694
7,3,14,250,PSO,0.005898380548963189
7,3,15,250,PSO,1.4341257830860141
7,3,16,250,PSO,1.5369941008509476
7,3,17,250,PSO,1.5369941008509476
7,3,18,250,PSO,0.017528720447772983
7,3,19,250,PSO,0.3799317070480295
7,4,0,250,PSO,0.21064647402203818
7,4,1,250,PSO,0.21408581409791694
7,4,2,250,PSO,1.4574763492436347
7,4,3,250,PSO,0.0
7,4,4,250,PSO,0.21064647402203818
7,4,5,250,PSO,0.01614764264626345
7,4,6,250,PSO,1.1240831637619948
7,4,7,250,PSO,0.21064647402203818
7,4,8,250,PSO,0.21064647402203818
7,4,9,250,PSO,0.013148651614443452
7,4,10,250,PSO,0.21064647402203818
7,4,11,250,PSO,0.028149171317991772
7,4,12,250,PSO,0.0
7,4,13,250,PSO,0.8391725407593142
7,4,14,250,PSO,1.8255272713883883
7,4,15,250,PSO,1.4574763492436347
7,4,16,250,PSO,0.21064647402203818
7,4,17,250,PSO,0.21064647402203818
7,4,18,250,PSO,0.21064647402203818
7,4,19,250,PSO,0.003287162903610863
7,5,0,250,PSO,1.281425559593302
7,5,1,250,PSO,2.48970054652132
7,5,2,250,PSO,0.3529944993923664
7,5,3,250,PSO,1.3894441487489786
7,5,4,250,PSO,0.3529944993923664
7,5,5,250,PSO,1.3894441487489786
7,5,6,250,PSO,0.3529944993923664
7,5,7,250,PSO,0.02439405861471755
7,5,8,250,PSO,0.014119779975700908
7,5,9,250,PSO,2.151162526385903
7,5,10,250,PSO,1.0475062344760033
7,5,11,250,PSO,1.3894441487489786
7,5,12,250,PSO,0.008150472818925891
7,5,13,250,PSO,0.031769504945316385
7,5,14,250,PSO,1.3894441487489786
7,5,15,250,PSO,0.46700948851052715
7,5,16,250,PSO,2.151162526385903
7,5,17,250,PSO,0.46700948851052715
7,5,18,250,PSO,1.281425559593302
7,5,19,250,PSO,0.3529944993923664
7,6,0,250,PSO,0.834872000876544
7,6,1,250,PSO,0.2798185061998453
7,6,2,250,PSO,0.0
7,6,3,250,PSO,0.7177221998805976
7,6,4,250,PSO,2.427432731477829
7,6,5,250,PSO,0.03800060526454274
7,6,6,250,PSO,0.977722545802493
7,6,7,250,PSO,0.008103748137209266
7,6,8,250,PSO,1.1590390710504934
7,6,9,250,PSO,0.6842145901484642
7,6,10,250,PSO,0.7177221998805976
7,6,11,250,PSO,1.1590390710504934
7,6,12,250,PSO,0.5952487952251886
7,6,13,250,PSO,0.7177221998805976
7,6,14,250,PSO,2.650590082467808
7,6,15,250,PSO,0.007235575542672734
7,6,16,250,PSO,0.29522672346814005
7,6,17,250,PSO,0.010588749396646335
7,6,18,250,PSO,0.0
7,6,19,250,PSO,2.427432731477829
7,7,0,250,PSO,0.008476313770543698
7,7,1,250,PSO,0.028117556090236917
7,7,2,250,PSO,0.6498299610419025
7,7,3,250,PSO,1.20643904632648
7,7,4,250,PSO,0.13978165126293618
7,7,5,250,PSO,0.5577429082821084
7,7,6,250,PSO,0.02230971633127865
7,7,7,250,PSO,0.6498299610419025
7,7,8,250,PSO,0.023939526777496667
7,7,9,250,PSO,0.012709082205617506
7,7,10,250,PSO,0.32169583357530485
7,7,11,250,PSO,0.5577429082821084
7,7,12,250,PSO,0.5681123578380465
7,7,13,250,PSO,0.13978165126293618
7,7,14,250,PSO,0.5811295366153928
7,7,15,250,PSO,0.6498299610419025
7,7,16,250,PSO,0.5811295366153928
7,7,17,250,PSO,0.6498299610419025
7,7,18,250,PSO,0.5811295366153928
7,7,19,250,PSO,0.6498299610419025
8,1,0,250,PSO,2.434836018632012
8,1,1,250,PSO,1.783608433923547
8,1,2,250,PSO,1.4208662262404346
8,1,3,250,PSO,3.485193841574329
8,1,4,250,PSO,1.4055364829948473
8,1,5,250,PSO,1.2146263054716826
8,1,6,250,PSO,0.6674365393132007
8,1,7,250,PSO,1.65804696527033
8,1,8,250,PSO,3.93475609703367
8,1,9,250,PSO,1.4452948360475375
8,1,10,250,PSO,3.0882935152968685
8,1,11,250,PSO,4.654534429834172
8,1,12,250,PSO,2.0099031592206416
8,1,13,250,PSO,1.6637095222213816
8,1,14,250,PSO,1.8749974222452295
8,1,15,250,PSO,2.041402355471746
8,1,16,250,PSO,5.952252929796828
8,1,17,250,PSO,1.7452639826829852
8,1,18,250,PSO,1.5911018626812279
8,1,19,250,PSO,1.7835921937775652
8,2,0,250,PSO,0.7934928359350124
8,2,1,250,PSO,1.6666899268260522
8,2,2,250,PSO,2.0064331362689245
8,2,3,250,PSO,2.714262070358018
8,2,4,250,PSO,0.7385304760806548
8,2,5,250,PSO,0.19885598203484278
8,2,6,250,PSO,1.3633839696663017
8,2,7,250,PSO,2.171699682807798
8,2,8,250,PSO,2.345719427673771
8,2,9,250,PSO,1.9517825310952048
8,2,10,250,PSO,4.722003257619235
8,2,11,250,PSO,6.460060197380017
8,2,12,250,PSO,10.88657655438783
8,2,13,250,PSO,3.962237392244674
8,2,14,250,PSO,3.5091022174167392
8,2,15,250,PSO,1.9831908366167
8,2,16,250,PSO,2.0728079522074268
8,2,17,250,PSO,4.274755228803656
8,2,18,250,PSO,119.43906087826201
8,2,19,250,PSO,2.755084849563673
8,3,0,250,PSO,1.5767510457999094
8,3,1,250,PSO,2.4603036485813448
8,3,2,250,PSO,2.574476607607963
8,3,3,250,PSO,1.6681776195275262
8,3,4,250,PSO,2.042873754025237
8,3,5,250,PSO,1.3937185599347686
8,3,6,250,PSO,2.4291531216200184
8,3,7,250,PSO,1.789833224868616
8,3,8,250,PSO,4.43851603243975
8,3,9,250,PSO,2.421204043762117
8,3,10,250,PSO,0.5572609405789137
8,3,11,250,PSO,1.111566840973822
8,3,12,250,PSO,2.6320527945945855
8,3,13,250,PSO,2.233445023530791
8,3,14,250,PSO,2.5699462941533966
8,3,15,250,PSO,2.216651940419439
8,3,16,250,PSO,1.9599102932391474
8,3,17,250,PSO,1.481582261676735
8,3,18,250,PSO,1.899423287307286
8,3,19,250,PSO,2.266007806129835
8,4,0,250,PSO,4.494288919354389
8,4,1,250,PSO,1.774955460542408
8,4,2,250,PSO,4.628358934691974
8,4,3,250,PSO,2.2961860545461406
8,4,4,250,PSO,0.5483445199410539
8,4,5,250,PSO,2.033914847919938
8,4,6,250,PSO,4.496896543898849
8,4,7,250,PSO,2.2881633914717767
8,4,8,250,PSO,1.0714130400315582
8,4,9,250,PSO,4.657046288801126
8,4,10,250,PSO,4.63725642244551
8,4,11,250,PSO,2.3135931840474555
8,4,12,250,PSO,5.251714005138943
8,4,13,250,PSO,2.063096535181778
8,4,14,250,PSO,1.7414830312545675
8,4,15,250,PSO,2.0750108691655598
8,4,16,250,PSO,2.190757441465557
8,4,17,250,PSO,2.541985609944412
8,4,18,250,PSO,0.06283889951844657
8,4,19,250,PSO,2.086746040904906
8,5,0,250,PSO,4.038813139623379
8,5,1,250,PSO,1.2208810783637745
8,5,2,250,PSO,2.302016612885609
8,5,3,250,PSO,1.79755699283254
8,5,4,250,PSO,2.214104610210512
8,5,5,250,PSO,1.7407686591596132
8,5,6,250,PSO,2.447359982603146
8,5,7,250,PSO,1.3677345461352672
8,5,8,250,PSO,2.3342725005013634
8,5,9,250,PSO,0.5606453765959998
8,5,10,250,PSO,4.544001136870342
8,5,11,250,PSO,1.5797532664236371
8,5,12,250,PSO,2.936448913103554
8,5,13,250,PSO,4.508291994692918
8,5,14,250,PSO,2.7062284164772663
8,5,15,250,PSO,2.2391946267686507
8,5,16,250,PSO,1.7330614608305979
8,5,17,250,PSO,1.5217564838327533
8,5,18,250,PSO,1.4257804542931325
8,5,19,250,PSO,1.7510182459584769
8,6,0,250,PSO,1.799953954435182
8,6,1,250,PSO,1.503198929391317
8,6,2,250,PSO,1.2601112145648585
8,6,3,250,PSO,1.7065225492576133
8,6,4,250,PSO,2.2973469626369933
8,6,5,250,PSO,2.0096986922059727
8,6,6,250,PSO,1.9860816855741064
8,6,7,250,PSO,1.2833297028950028
8,6,8,250,PSO,1.8670292150784462
8,6,9,250,PSO,1.4866628726728095
8,6,10,250,PSO,1.2162010861222257
8,6,11,250,PSO,2.3761939798172307
8,6,12,250,PSO,1.9555321035222732
8,6,13,250,PSO,1.7121184711216983
8,6,14,250,PSO,2.0045698895782493
8,6,15,250,PSO,0.0509054625480303
8,6,16,250,PSO,1.844873254752656
8,6,17,250,PSO,1.4306405325005471
8,6,18,250,PSO,1.828104872087124
8,6,19,250,PSO,2.0544736054928308
8,7,0,250,PSO,1.6316118801865116
8,7,1,250,PSO,2.3528591836322903
8,7,2,250,PSO,1.738074093868562
8,7,3,250,PSO,2.0817952829655724
8,7,4,250,PSO,2.3898931326043567
8,7,5,250,PSO,1.7394784003570294
8,7,6,250,PSO,2.1698711859133937
8,7,7,250,PSO,1.7735739445570573
8,7,8,250,PSO,2.380189900478257
8,7,9,250,PSO,1.3649538948450868
8,7,10,250,PSO,2.6614891187861076
8,7,11,250,PSO,2.1034991939079077
8,7,12,250,PSO,2.2637627192154923
8,7,13,250,PSO,2.049013742362831
8,7,14,250,PSO,0.915473780765069
8,7,15,250,PSO,2.5076335334140367
8,7,16,250,PSO,1.6645157501128267
8,7,17,250,PSO,1.9093334409301406
8,7,18,250,PSO,1.7395706765989303
8,7,19,250,PSO,2.035961707259787
9,1,0,250,PSO,2.8022285448900135
9,1,1,250,PSO,2.153912924829058
9,1,2,250,PSO,2.1582986034764957
9,1,3,250,PSO,1.0950376857531836
9,1,4,250,PSO,4.501758156135324
9,1,5,250,PSO,4.04942501800069
9,1,6,250,PSO,0.5683335123428463
9,1,7,250,PSO,1.8868483424136286
9,1,8,250,PSO,2.03465133248352
9,1,9,250,PSO,1.2368577661062545
9,1,10,250,PSO,0.6677206126906725
9,1,11,250,PSO,1.8357891622386262
9,1,12,250,PSO,1.5166169143816717
9,1,13,250,PSO,4.486042853037745
9,1,14,250,PSO,4.421136685304489
9,1,15,250,PSO,2.1025933835429242
9,1,16,250,PSO,3.4716915074068453
9,1,17,250,PSO,5.713873891978423
9,1,18,250,PSO,4.431435207257991
9,1,19,250,PSO,1.1384291936878697
9,2,0,250,PSO,2.795112906469555
9,2,1,250,PSO,1.0535310402885258
9,2,2,250,PSO,1.370747270327172
9,2,3,250,PSO,1.767393515022441
9,2,4,250,PSO,2.169812532285647
9,2,5,250,PSO,4.008630611541392
9,2,6,250,PSO,2.0677437984073492
9,2,7,250,PSO,1.933356292153995
9,2,8,250,PSO,0.010015826631907032
9,2,9,250,PSO,1.6787608469021862
9,2,10,250,PSO,1.1009836135664486
9,2,11,250,PSO,4.657257803253103
9,2,12,250,PSO,3.940029739558902
9,2,13,250,PSO,3.2425017659704523
9,2,14,250,PSO,2.2521989791723698
9,2,15,250,PSO,1.2982181589248754
9,2,16,250,PSO,1.4641841814073189
9,2,17,250,PSO,0.09462055236304678
9,2,18,250,PSO,3.9301192669899407
9,2,19,250,PSO,1.7730621429123303
9,3,0,250,PSO,4.280416638650848
9,3,1,250,PSO,0.787381288252547
9,3,2,250,PSO,4.2267529527997
9,3,3,250,PSO,0.7480078968465875
9,3,4,250,PSO,0.923298607016271
9,3,5,250,PSO,1.8416110404453079
9,3,6,250,PSO,0.7741681946165215
9,3,7,250,PSO,0.8023491097815452
9,3,8,250,PSO,0.7497456091174186
9,3,9,250,PSO,1.450621246937466
9,3,10,250,PSO,0.8568175168309224
9,3,11,250,PSO,0.36956876437412234
9,3,12,250,PSO,0.7894455120335735
9,3,13,250,PSO,0.9615956085893416
9,3,14,250,PSO,3.847157225061345
9,3,15,250,PSO,3.050132684574926
9,3,16,250,PSO,4.095467963065602
9,3,17,250,PSO,0.8850414893369134
9,3,18,250,PSO,0.9298626360306486
9,3,19,250,PSO,0.9788485064933994
9,4,0,250,PSO,1.5311936120128138
9,4,1,250,PSO,3.933833131846015
9,4,2,250,PSO,4.011987339750263
9,4,3,250,PSO,0.9853474644405935
9,4,4,250,PSO,1.1678319606279217
9,4,5,250,PSO,1.4626090930287319
9,4,6,250,PSO,1.4102046532863426
9,4,7,250,PSO,1.6631030506549251
9,4,8,250,PSO,1.0045074804622942
9,4,9,250,PSO,0.8082209974897552
9,4,10,250,PSO,0.06910570219528722
9,4,11,250,PSO,1.5514798399367464
9,4,12,250,PSO,1.0168688447023442
9,4,13,250,PSO,4.657204579986313
9,4,14,250,PSO,1.9075783865339844
9,4,15,250,PSO,1.8395148947593043
9,4,16,250,PSO,3.725250389510265
9,4,17,250,PSO,0.9713343963638152
9,4,18,250,PSO,1.2824112883784125
9,4,19,250,PSO,3.135975777217979
9,5,0,250,PSO,0.7421526545495567
9,5,1,250,PSO,2.6474811433373446
9,5,2,250,PSO,0.04325062285944625
9,5,3,250,PSO,1.9395248872985746
9,5,4,250,PSO,2.630110238563404
9,5,5,250,PSO,0.14408320030908328
9,5,6,250,PSO,2.7887324990318945
9,5,7,250,PSO,0.37048463685513866
9,5,8,250,PSO,4.6568242383903
9,5,9,250,PSO,4.579177849850822
9,5,10,250,PSO,1.6499703589031611
9,5,11,250,PSO,1.0713698410391999
9,5,12,250,PSO,2.973026677547466
9,5,13,250,PSO,2.315955220237342
9,5,14,250,PSO,2.4682054080273588
9,5,15,250,PSO,2.703880641426423
9,5,16,250,PSO,0.8326356302861484
9,5,17,250,PSO,2.706105185201338
9,5,18,250,PSO,2.297153716918743
9,5,19,250,PSO,2.006141383176015
9,6,0,250,PSO,1.5724253616339752
9,6,1,250,PSO,2.9813623548163832
9,6,2,250,PSO,0.5704699784904506
9,6,3,250,PSO,0.9108233283212144
9,6,4,250,PSO,1.0960939913716743
9,6,5,250,PSO,1.4021291017064073
9,6,6,250,PSO,3.615412364586291
9,6,7,250,PSO,1.1813136554933408
9,6,8,250,PSO,1.069481084378765
9,6,9,250,PSO,4.227196823363613
9,6,10,250,PSO,1.6092360635272485
9,6,11,250,PSO,1.2038030625299143
9,6,12,250,PSO,4.606363646680677
9,6,13,250,PSO,1.3530376470426404
9,6,14,250,PSO,3.944824688159713
9,6,15,250,PSO,0.7081073830130435
9,6,16,250,PSO,2.064233688797856
9,6,17,250,PSO,1.1008450749736198
9,6,18,250,PSO,2.3336790174766406
9,6,19,250,PSO,1.0390803843347953
9,7,0,250,PSO,2.9460149603917785
9,7,1,250,PSO,2.9133289651930383
9,7,2,250,PSO,3.0287989294320425
9,7,3,250,PSO,1.8540545359625895
9,7,4,250,PSO,1.044800164943961
9,7,5,250,PSO,0.5933757916153652
9,7,6,250,PSO,4.630811747076393
9,7,7,250,PSO,1.781029577503503
9,7,8,250,PSO,2.6905674038471794
9,7,9,250,PSO,3.992178324063687
9,7,10,250,PSO,1.1048631576773182
9,7,11,250,PSO,1.2399495256831088
9,7,12,250,PSO,2.9544402421301506
9,7,13,250,PSO,1.858507582166137
9,7,14,250,PSO,1.9577780017081956
9,7,15,250,PSO,2.4356930737389355
9,7,16,250,PSO,1.71705133961013
9,7,17,250,PSO,1.26345650763637
9,7,18,250,PSO,1.3417429335456923
9,7,19,250,PSO,2.0424421784263167
10,1,0,250,PSO,901.5178947327311
10,1,1,250,PSO,574.9360336187049
10,1,2,250,PSO,599.4738270565015
10,1,3,250,PSO,28.275140595577106
10,1,4,250,PSO,193.36309763012
10,1,5,250,PSO,140.37829150607905
10,1,6,250,PSO,2767.5675662097183
10,1,7,250,PSO,4236.378426644975
10,1,8,250,PSO,202.1720063770513
10,1,9,250,PSO,851.2261309278174
10,1,10,250,PSO,98.12838240317107
10,1,11,250,PSO,3579.8697663583025
10,1,12,250,PSO,827.287922132343
10,1,13,250,PSO,982.6082859039691
10,1,14,250,PSO,463.2497090822588
10,1,15,250,PSO,532.0235773296989
10,1,16,250,PSO,349.70978186594465
10,1,17,250,PSO,91.24530151166736
10,1,18,250,PSO,983.8668847871718
10,1,19,250,PSO,80.0144351445498
10,2,0,250,PSO,457.7021530115869
10,2,1,250,PSO,62.376432601456536
10,2,2,250,PSO,326.67241154535424
10,2,3,250,PSO,100.34262576074494
10,2,4,250,PSO,60.477346656069834
10,2,5,250,PSO,44.310408971429716
10,2,6,250,PSO,108.67374092130297
10,2,7,250,PSO,241.08842821297304
10,2,8,250,PSO,349.03933470915405
10,2,9,250,PSO,378.5048138683743
10,2,10,250,PSO,144.0947028701188
10,2,11,250,PSO,334.12337246251093
10,2,12,250,PSO,223.06744827499858
10,2,13,250,PSO,1089.659292553299
10,2,14,250,PSO,16.338702850723514
10,2,15,250,PSO,316.40950438217806
10,2,16,250,PSO,191.78192128683406
10,2,17,250,PSO,97.35646895221353
10,2,18,250,PSO,297.8737991639508
10,2,19,250,PSO,9.470165675807117
10,3,0,250,PSO,571.1242783586137
10,3,1,250,PSO,17.271158545558876
10,3,2,250,PSO,44.55902133448342
10,3,3,250,PSO,189.06529359044487
10,3,4,250,PSO,262.50636796664077
10,3,5,250,PSO,494.03045101360703
10,3,6,250,PSO,35.464664322536635
10,3,7,250,PSO,21.966732812459213
10,3,8,250,PSO,852.3834426254241
10,3,9,250,PSO,92.9383938081919
10,3,10,250,PSO,63.56232460758838
10,3,11,250,PSO,17.58917192481192
10,3,12,250,PSO,67.81580455138862
10,3,13,250,PSO,518.0909261782934
10,3,14,250,PSO,269.51183194823744
10,3,15,250,PSO,9.072696722943533
10,3,16,250,PSO,10.105395287371664
10,3,17,250,PSO,442.5920677342878
10,3,18,250,PSO,330.5348078295006
10,3,19,250,PSO,293.8952429669964
10,4,0,250,PSO,22.653907161941675
10,4,1,250,PSO,66.5644269110037
10,4,2,250,PSO,328.01259437929735
10,4,3,250,PSO,21.68471908282214
10,4,4,250,PSO,32.46136218877277
10,4,5,250,PSO,8.683627398186303
10,4,6,250,PSO,490.35722613244684
10,4,7,250,PSO,537.9291632197433
10,4,8,250,PSO,68.03412490318078
10,4,9,250,PSO,204.30741080842796
10,4,10,250,PSO,129.70378885554794
10,4,11,250,PSO,23.733315635816467
10,4,12,250,PSO,583.1970602446754
10,4,13,250,PSO,112.60145151688619
10,4,14,250,PSO,24.70000620966465
10,4,15,250,PSO,4.649372651791879
10,4,16,250,PSO,325.03563973151404
10,4,17,250,PSO,4.97568384438398
10,4,18,250,PSO,94.57912304545248
10,4,19,250,PSO,30.11857989907128
10,5,0,250,PSO,306.8019274767848
10,5,1,250,PSO,17.571784321861287
10,5,2,250,PSO,2382.3536069591237
10,5,3,250,PSO,980.6306136908358
10,5,4,250,PSO,88.05553394163951
10,5,5,250,PSO,4.2427389621928455
10,5,6,250,PSO,674.3853552054964
10,5,7,250,PSO,649.3663343293676
10,5,8,250,PSO,1619.412424015011
10,5,9,250,PSO,281.12042966800317
10,5,10,250,PSO,288.5757321350705
10,5,11,250,PSO,182.03888626325067
10,5,12,250,PSO,4005.0635586596145
10,5,13,250,PSO,616.650031349542
10,5,14,250,PSO,116.27272089283747
10,5,15,250,PSO,269.2112676148825
10,5,16,250,PSO,72.88858636230475
10,5,17,250,PSO,638.5430266642393
10,5,18,250,PSO,2291.075593374017
10,5,19,250,PSO,376.9192066991352
10,6,0,250,PSO,691.9447055032256
10,6,1,250,PSO,628.8160750010936
10,6,2,250,PSO,242.67997090145053
10,6,3,250,PSO,843.5278262949042
10,6,4,250,PSO,740.7036548717805
10,6,5,250,PSO,72.37669521617939
10,6,6,250,PSO,1346.4362924080262
10,6,7,250,PSO,1083.4107549572257
10,6,8,250,PSO,873.7753957488088
10,6,9,250,PSO,562.6813582732857
10,6,10,250,PSO,256.8153813013463
10,6,11,250,PSO,554.4177043700256
10,6,12,250,PSO,37.55493501628137
10,6,13,250,PSO,94.94519196648923
10,6,14,250,PSO,1240.9933887977004
10,6,15,250,PSO,112.04719149599383
10,6,16,250,PSO,820.6057967829532
10,6,17,250,PSO,54.72138054595192
10,6,18,250,PSO,968.5283879361014
10,6,19,250,PSO,787.9143790670274
10,7,0,250,PSO,840.4649939418958
10,7,1,250,PSO,2287.476106068266
10,7,2,250,PSO,1155.3466562697995
10,7,3,250,PSO,1177.9371871312026
10,7,4,250,PSO,1250.1568515622807
10,7,5,250,PSO,478.594588850125
10,7,6,250,PSO,2831.142482629984
10,7,7,250,PSO,683.9229519553865
10,7,8,250,PSO,1886.2446609115286
10,7,9,250,PSO,10.379759626010355
10,7,10,250,PSO,11.06317177339281
10,7,11,250,PSO,147.944865577074
10,7,12,250,PSO,1769.9861632675606
10,7,13,250,PSO,744.1211501755382
10,7,14,250,PSO,3232.6125092275524
10,7,15,250,PSO,522.7549471524811
10,7,16,250,PSO,869.0564516038959
10,7,17,250,PSO,132.53507855867718
10,7,18,250,PSO,1137.4890474917438
10,7,19,250,PSO,411.82508478895886
11,1,0,250,PSO,67.74263333458036
11,1,1,250,PSO,17.81009259792124
11,1,2,250,PSO,32.2092505997102
11,1,3,250,PSO,19.659041610710858
11,1,4,250,PSO,5.379716273500804
11,1,5,250,PSO,10.649256417341178
11,1,6,250,PSO,19.327192242394702
11,1,7,250,PSO,13.99560754170433
11,1,8,250,PSO,90.27927367985605
11,1,9,250,PSO,11.062127475982734
11,1,10,250,PSO,35.88966189929822
11,1,11,250,PSO,46.854802862215266
11,1,12,250,PSO,61.70556112891664
11,1,13,250,PSO,3.3338918183739708
11,1,14,250,PSO,17.171036019774746
11,1,15,250,PSO,11.607743372613271
11,1,16,250,PSO,19.8756718640047
11,1,17,250,PSO,25.765777303603755
11,1,18,250,PSO,26.634105929152085
11,1,19,250,PSO,24.18333674597386
11,2,0,250,PSO,29.511687835457053
11,2,1,250,PSO,24.798790527346167
11,2,2,250,PSO,97.7950624206619
11,2,3,250,PSO,69.09447189048252
11,2,4,250,PSO,19.713314713333993
11,2,5,250,PSO,64.92725047572178
11,2,6,250,PSO,50.5674947122214
11,2,7,250,PSO,121.03597774085536
11,2,8,250,PSO,22.87501761813884
11,2,9,250,PSO,6.657389402911679
11,2,10,250,PSO,55.79015201972163
11,2,11,250,PSO,40.79072495613955
11,2,12,250,PSO,23.636754708193173
11,2,13,250,PSO,65.40372980665268
11,2,14,250,PSO,92.44450840338118
11,2,15,250,PSO,84.87844427307465
11,2,16,250,PSO,19.94361833103649
11,2,17,250,PSO,13.199397327349867
11,2,18,250,PSO,8.024799066823856
11,2,19,250,PSO,30.355772083254863
11,3,0,250,PSO,53.005522426007204
11,3,1,250,PSO,15.547062187786466
11,3,2,250,PSO,64.99055161776955
11,3,3,250,PSO,22.588973252738892
11,3,4,250,PSO,21.979387283478314
11,3,5,250,PSO,47.96830336283848
11,3,6,250,PSO,9.442967311781281
11,3,7,250,PSO,39.34462669462681
11,3,8,250,PSO,14.777177199228088
11,3,9,250,PSO,17.809488703759865
11,3,10,250,PSO,26.022101036860175
11,3,11,250,PSO,5.005947549147908
11,3,12,250,PSO,49.549358859767764
11,3,13,250,PSO,12.31831850557246
11,3,14,250,PSO,23.459396348085836
11,3,15,250,PSO,15.246489409819397
11,3,16,250,PSO,50.45804465028051
11,3,17,250,PSO,21.46220390383912
11,3,18,250,PSO,17.884966028257562
11,3,19,250,PSO,25.384838508213004
11,4,0,250,PSO,14.527936579386733
11,4,1,250,PSO,56.0698202978831
11,4,2,250,PSO,39.950129521858685
11,4,3,250,PSO,36.442348440369415
11,4,4,250,PSO,34.73082582543361
11,4,5,250,PSO,13.26767926148375
11,4,6,250,PSO,41.35609147658454
11,4,7,250,PSO,11.899116350577629
11,4,8,250,PSO,32.88751575656579
11,4,9,250,PSO,75.3614349917849
11,4,10,250,PSO,33.35325880103028
11,4,11,250,PSO,50.43284810319619
11,4,12,250,PSO,51.953873139036546
11,4,13,250,PSO,8.24681354501024
11,4,14,250,PSO,40.00609342794826
11,4,15,250,PSO,43.29850930915916
11,4,16,250,PSO,39.11670969021202
11,4,17,250,PSO,46.686130788556625
11,4,18,250,PSO,38.81281435616802
11,4,19,250,PSO,26.37734996114159
11,5,0,250,PSO,60.35640175266985
11,5,1,250,PSO,15.555239615683817
11,5,2,250,PSO,21.789383342093515
11,5,3,250,PSO,14.476763874615855
11,5,4,250,PSO,33.82598832739071
11,5,5,250,PSO,27.234640869259252
11,5,6,250,PSO,83.64994770274095
11,5,7,250,PSO,22.20809933123146
11,5,8,250,PSO,26.590888077492927
11,5,9,250,PSO,35.92836244929018
11,5,10,250,PSO,63.89861796179446
11,5,11,250,PSO,54.97874360699064
11,5,12,250,PSO,4.621954518316372
11,5,13,250,PSO,33.44933426656389
11,5,14,250,PSO,79.30842754916203
11,5,15,250,PSO,53.03446809727777
11,5,16,250,PSO,21.63585881299761
11,5,17,250,PSO,22.8455854318522
11,5,18,250,PSO,22.403810235215545
11,5,19,250,PSO,13.10825993071802
11,6,0,250,PSO,42.79069577142252
11,6,1,250,PSO,23.16625742445683
11,6,2,250,PSO,27.843161867266872
11,6,3,250,PSO,47.87316839080813
11,6,4,250,PSO,44.24583598498896
11,6,5,250,PSO,13.180207667494983
11,6,6,250,PSO,31.67412259584819
11,6,7,250,PSO,64.26575174380196
11,6,8,250,PSO,62.92380975122603
11,6,9,250,PSO,19.192249601407184
11,6,10,250,PSO,48.368556476018625
11,6,11,250,PSO,17.659643864046757
11,6,12,250,PSO,25.483595852069584
11,6,13,250,PSO,51.13159086315534
11,6,14,250,PSO,22.806909699022526
11,6,15,250,PSO,21.093459929083906
11,6,16,250,PSO,21.938455516410045
11,6,17,250,PSO,25.856081234728663
11,6,18,250,PSO,37.56349306863615
11,6,19,250,PSO,27.061300832198185
11,7,0,250,PSO,24.02086763706457
11,7,1,250,PSO,29.29240993830679
11,7,2,250,PSO,23.108271452926076
11,7,3,250,PSO,36.55420883829177
11,7,4,250,PSO,21.663161679398563
11,7,5,250,PSO,9.566482159482788
11,7,6,250,PSO,14.22985784861676
11,7,7,250,PSO,2.3968216656917463
11,7,8,250,PSO,16.87598411632544
11,7,9,250,PSO,9.224187888094804
11,7,10,250,PSO,28.943212441254587
11,7,11,250,PSO,8.625403780982339
11,7,12,250,PSO,60.72747745552784
11,7,13,250,PSO,42.16915423525083
11,7,14,250,PSO,31.613430300602637
11,7,15,250,PSO,13.735360095263417
11,7,16,250,PSO,51.05142050965823
11,7,17,250,PSO,33.529509637858325
11,7,18,250,PSO,43.4032913847397
11,7,19,250,PSO,18.112859054842218
12,1,0,250,PSO,1.2047733324130832
12,1,1,250,PSO,1.3767152594856498
12,1,2,250,PSO,27.913608320241224
12,1,3,250,PSO,5.370511907932382
12,1,4,250,PSO,8.37980440890567
12,1,5,250,PSO,0.5914567489799083
12,1,6,250,PSO,1.5681426347712204
12,1,7,250,PSO,15.751664197384457
12,1,8,250,PSO,1.9706540345466692
12,1,9,250,PSO,28.798480306419947
12,1,10,250,PSO,4.309099213679701
12,1,11,250,PSO,16.039431466280234
12,1,12,250,PSO,1.3324490838379006
12,1,13,250,PSO,2.673923572269473
12,1,14,250,PSO,39.48675893644031
12,1,15,250,PSO,1.2754549012822736
12,1,16,250,PSO,10.896994169345817
12,1,17,250,PSO,5.415946845411668
12,1,18,250,PSO,0.6755270101132282
12,1,19,250,PSO,0.9204837735096589
12,2,0,250,PSO,2.243967633775924
12,2,1,250,PSO,7.120426476214192
12,2,2,250,PSO,2.4356921062903325
12,2,3,250,PSO,7.7588974670314315
12,2,4,250,PSO,11.666841281613074
12,2,5,250,PSO,11.566753073634601
12,2,6,250,PSO,8.293513396911834
12,2,7,250,PSO,7.646695424708128
12,2,8,250,PSO,11.700952214410762
12,2,9,250,PSO,0.45600718696402964
12,2,10,250,PSO,1.2452905390886713
12,2,11,250,PSO,15.360182085438737
12,2,12,250,PSO,0.2926064931780843
12,2,13,250,PSO,12.658462664929573
12,2,14,250,PSO,12.555105712086231
12,2,15,250,PSO,1.4530824992707494
12,2,16,250,PSO,0.36295653248112103
12,2,17,250,PSO,10.470964808822174
12,2,18,250,PSO,5.780339160948785
12,2,19,250,PSO,10.875930543316883
12,3,0,250,PSO,6.68715877710401
12,3,1,250,PSO,7.617509732880748
12,3,2,250,PSO,1.5159469533164085
12,3,3,250,PSO,5.714810168723972
12,3,4,250,PSO,1.8073168068765852
12,3,5,250,PSO,2.390539071262154
12,3,6,250,PSO,15.177566623686218
12,3,7,250,PSO,3.142651334849745
12,3,8,250,PSO,2.4925246876324536
12,3,9,250,PSO,2.7943700179037094
12,3,10,250,PSO,4.485297570457988
12,3,11,250,PSO,8.236036849138728
12,3,12,250,PSO,13.715460390605756
12,3,13,250,PSO,10.882291834541292
12,3,14,250,PSO,2.1827334246114134
12,3,15,250,PSO,0.3783182668940981
12,3,16,250,PSO,7.645420611847086
12,3,17,250,PSO,11.178729770092701
12,3,18,250,PSO,5.724027981991171
12,3,19,250,PSO,3.397582700856198
12,4,0,250,PSO,2.004228180274634
12,4,1,250,PSO,6.1860738685323895
12,4,2,250,PSO,1.1305757949848712
12,4,3,250,PSO,0.9905416569914394
12,4,4,250,PSO,3.523569620892653
12,4,5,250,PSO,6.095645107756058
12,4,6,250,PSO,4.532505307555372
12,4,7,250,PSO,6.503589652400496
12,4,8,250,PSO,0.8157859887353531
12,4,9,250,PSO,2.265382510126283
12,4,10,250,PSO,16.83861575080712
12,4,11,250,PSO,7.2621197133583415
12,4,12,250,PSO,2.9611027635243694
12,4,13,250,PSO,8.333783730846614
12,4,14,250,PSO,5.981812031530305
12,4,15,250,PSO,7.478902223857549
12,4,16,250,PSO,8.703349373893959
12,4,17,250,PSO,0.9160564007447327
12,4,18,250,PSO,1.212696000913855
12,4,19,250,PSO,2.1069698255170053
12,5,0,250,PSO,7.462916365395877
12,5,1,250,PSO,1.5371469956459336
12,5,2,250,PSO,1.4894224665355011
12,5,3,250,PSO,61.58608571551296
12,5,4,250,PSO,0.8786142681167135
12,5,5,250,PSO,1.361494051865634
12,5,6,250,PSO,7.433033065151271
12,5,7,250,PSO,1.930174140843313
12,5,8,250,PSO,2.496309442638953
12,5,9,250,PSO,15.557097215015588
12,5,10,250,PSO,16.757092551603073
12,5,11,250,PSO,1.5825189044816597
12,5,12,250,PSO,19.81734063739237
12,5,13,250,PSO,3.00757247913954
12,5,14,250,PSO,1.8910233212041874
12,5,15,250,PSO,2.5808821541146543
12,5,16,250,PSO,3.9203478083127976
12,5,17,250,PSO,4.8107424453427114
12,5,18,250,PSO,14.482878875914402
12,5,19,250,PSO,0.7381538207111262
12,6,0,250,PSO,0.6658053546042701
12,6,1,250,PSO,0.20122586337985027
12,6,2,250,PSO,8.356727529758873
12,6,3,250,PSO,4.288750517370371
12,6,4,250,PSO,4.8356553014814025
12,6,5,250,PSO,4.443877559289238
12,6,6,250,PSO,8.402733737477966
12,6,7,250,PSO,1.0010490705237665
12,6,8,250,PSO,4.775220618334227
12,6,9,250,PSO,0.5041353742528774
12,6,10,250,PSO,2.140041046251829
12,6,11,250,PSO,6.243632105090322
12,6,12,250,PSO,4.862831236551894
12,6,13,250,PSO,11.78901386319749
12,6,14,250,PSO,0.4345733980645683
12,6,15,250,PSO,2.4254311930008257
12,6,16,250,PSO,39.15070371880238
12,6,17,250,PSO,5.722875060123819
12,6,18,250,PSO,0.3295844163048933
12,6,19,250,PSO,1.9810709486729348
12,7,0,250,PSO,31.553448916235993
12,7,1,250,PSO,3.2893324981596948
12,7,2,250,PSO,28.385208591992665
12,7,3,250,PSO,41.24992079972648
12,7,4,250,PSO,0.1789628546474944
12,7,5,250,PSO,19.476310432809896
12,7,6,250,PSO,55.34072785359673
12,7,7,250,PSO,0.37818556718019636
12,7,8,250,PSO,11.82216621586349
12,7,9,250,PSO,18.79570896930852
12,7,10,250,PSO,1.0696095929019975
12,7,11,250,PSO,10.477791804352478
12,7,12,250,PSO,1.5600465799071799
12,7,13,250,PSO,0.09481186868052305
12,7,14,250,PSO,48.98817685195189
12,7,15,250,PSO,5.887412724362946
12,7,16,250,PSO,0.7793431901541794
12,7,17,250,PSO,0.8033114920297635
12,7,18,250,PSO,3.250681340123009
12,7,19,250,PSO,19.221455478675153
13,1,0,250,PSO,65.40053033633052
13,1,1,250,PSO,1.905161719114016
13,1,2,250,PSO,5.3162476142215525
13,1,3,250,PSO,0.49049196079077007
13,1,4,250,PSO,3.492212254346292
13,1,5,250,PSO,3.803266572302661
13,1,6,250,PSO,0.45490223577860434
13,1,7,250,PSO,4.838674844214154
13,1,8,250,PSO,6.264248140334892
13,1,9,250,PSO,0.6933157476550207
13,1,10,250,PSO,0.4441648316386555
13,1,11,250,PSO,7.825644196690092
13,1,12,250,PSO,1.5851852351743076
13,1,13,250,PSO,1.6914443040297833
13,1,14,250,PSO,29.070891578394153
13,1,15,250,PSO,5.936458073344831
13,1,16,250,PSO,2.620765189709857
13,1,17,250,PSO,0.14197670201562573
13,1,18,250,PSO,5.554281897568558
13,1,19,250,PSO,5.660923030802195
13,2,0,250,PSO,0.9805994172191888
13,2,1,250,PSO,2.384040074618923
13,2,2,250,PSO,4.380075776864281
13,2,3,250,PSO,5.8978830389105354
13,2,4,250,PSO,4.548400486648916
13,2,5,250,PSO,15.412420755270709
13,2,6,250,PSO,12.55054297491862
13,2,7,250,PSO,0.6692967016105982
13,2,8,250,PSO,0.09049791087684866
13,2,9,250,PSO,4.043823689424094
13,2,10,250,PSO,10.60937747637336
13,2,11,250,PSO,1.7252755841931844
13,2,12,250,PSO,1.7373139260189987
13,2,13,250,PSO,4.035779151526199
13,2,14,250,PSO,2.3366570280357593
13,2,15,250,PSO,3.313145649710897
13,2,16,250,PSO,12.458481786191307
13,2,17,250,PSO,13.733100715039122
13,2,18,250,PSO,5.652371930421225
13,2,19,250,PSO,0.9216625068849638
13,3,0,250,PSO,2.378274421875801
13,3,1,250,PSO,5.738156856349121
13,3,2,250,PSO,0.6864889837024748
13,3,3,250,PSO,3.3838735179040214
13,3,4,250,PSO,0.6680912278077358
13,3,5,250,PSO,1.3317267837791746
13,3,6,250,PSO,6.817656812061443
13,3,7,250,PSO,7.719524579816891
13,3,8,250,PSO,2.119252511377738
13,3,9,250,PSO,8.314854651200903
13,3,10,250,PSO,3.162231493990248
13,3,11,250,PSO,1.9291867780898428
13,3,12,250,PSO,6.5736519363890125
13,3,13,250,PSO,0.7362638029706545
13,3,14,250,PSO,17.00364169777987
13,3,15,250,PSO,10.505653047563044
13,3,16,250,PSO,1.1997022671735067
13,3,17,250,PSO,4.3942245391038455
13,3,18,250,PSO,2.4678066465569373
13,3,19,250,PSO,0.5247028079045322
13,4,0,250,PSO,0.7877031744305896
13,4,1,250,PSO,9.241491386526832
13,4,2,250,PSO,12.605138621223091
13,4,3,250,PSO,10.435599764003541
13,4,4,250,PSO,0.5916755435774803
13,4,5,250,PSO,1.0724887623914583
13,4,6,250,PSO,9.40611073508785
13,4,7,250,PSO,2.4157207003834174
13,4,8,250,PSO,0.46688720573615683
13,4,9,250,PSO,0.33805253675336644
13,4,10,250,PSO,0.2851171425720622
13,4,11,250,PSO,1.135691142790506
13,4,12,250,PSO,7.511327375036558
13,4,13,250,PSO,9.526341131481331
13,4,14,250,PSO,12.663374980827825
13,4,15,250,PSO,0.15453883980285354
13,4,16,250,PSO,33.800820665812694
13,4,17,250,PSO,4.247071729605409
13,4,18,250,PSO,1.354473740835033
13,4,19,250,PSO,0.39721887115513255
13,5,0,250,PSO,0.19722248866412428
13,5,1,250,PSO,11.51519126546296
13,5,2,250,PSO,17.723353906864276
13,5,3,250,PSO,31.75253428273743
13,5,4,250,PSO,9.46408765471908
13,5,5,250,PSO,28.65418047311465
13,5,6,250,PSO,1.2739441350797733
13,5,7,250,PSO,5.71827596056346
13,5,8,250,PSO,21.593459986011254
13,5,9,250,PSO,7.628628192063516
13,5,10,250,PSO,7.219336864692821
13,5,11,250,PSO,11.610520195892576
13,5,12,250,PSO,13.566110361976655
13,5,13,250,PSO,5.450021395600189
13,5,14,250,PSO,12.420140599894879
13,5,15,250,PSO,4.831088754998831
13,5,16,250,PSO,22.8680145272169
13,5,17,250,PSO,0.7949153438678564
13,5,18,250,PSO,6.256584420947178
13,5,19,250,PSO,4.060999777406806
13,6,0,250,PSO,3.5783196454746644
13,6,1,250,PSO,1.3014461851422539
13,6,2,250,PSO,5.380671564872102
13,6,3,250,PSO,0.5299649658537078
13,6,4,250,PSO,5.110454211153865
13,6,5,250,PSO,2.850166544101114
13,6,6,250,PSO,15.938165865147596
13,6,7,250,PSO,0.3993667305821873
13,6,8,250,PSO,1.5966908201195338
13,6,9,250,PSO,0.16946464793369387
13,6,10,250,PSO,6.037867879925216
13,6,11,250,PSO,0.518171257918425
13,6,12,250,PSO,2.263884994773491
13,6,13,250,PSO,0.3347297316678919
13,6,14,250,PSO,0.29836918694979886
13,6,15,250,PSO,6.769466007609481
13,6,16,250,PSO,1.4031539291322588
13,6,17,250,PSO,10.628683556496014
13,6,18,250,PSO,1.4502809127964156
13,6,19,250,PSO,2.4470513903137885
13,7,0,250,PSO,8.483059934987764
13,7,1,250,PSO,0.5526734403610334
13,7,2,250,PSO,11.868062525916294
13,7,3,250,PSO,12.310133020063112
13,7,4,250,PSO,7.111964357068352
13,7,5,250,PSO,5.355095550177559
13,7,6,250,PSO,15.225011007369332
13,7,7,250,PSO,0.6949485293833177
13,7,8,250,PSO,2.4787680980297253
13,7,9,250,PSO,3.3581272496787946
13,7,10,250,PSO,0.9512425766917687
13,7,11,250,PSO,4.154390852318301
13,7,12,250,PSO,0.37237717930023706
13,7,13,250,PSO,0.920077781237552
13,7,14,250,PSO,27.86870483239776
13,7,15,250,PSO,3.230881094343836
13,7,16,250,PSO,26.256162087322686
13,7,17,250,PSO,4.024525026274141
13,7,18,250,PSO,3.846589084495143
13,7,19,250,PSO,24.989980908272877
14,1,0,250,PSO,0.0007860134769615001
14,1,1,250,PSO,0.004714980863695928
14,1,2,250,PSO,0.0004332274085214749
14,1,3,250,PSO,0.0012351311197775772
14,1,4,250,PSO,0.0003735964867175312
14,1,5,250,PSO,0.0008674194361759646
14,1,6,250,PSO,0.0007772604658171645
14,1,7,250,PSO,0.0002482747654966033
14,1,8,250,PSO,0.0023384332471181324
14,1,9,250,PSO,0.0012789228633494076
14,1,10,250,PSO,0.00028265347477685054
14,1,11,250,PSO,0.0020806226270906336
14,1,12,250,PSO,0.0009896151073292003
14,1,13,250,PSO,0.0006144479406202663
14,1,14,250,PSO,0.0005685311547551919
14,1,15,250,PSO,0.0004636320018178708
14,1,16,250,PSO,0.0010620073227656235
14,1,17,250,PSO,0.0009391369998610344
14,1,18,250,PSO,0.00031683298441720353
14,1,19,250,PSO,0.0003670114634601873
14,2,0,250,PSO,0.0012765149116660268
14,2,1,250,PSO,0.0030261960338293648
14,2,2,250,PSO,0.0009059039488192866
14,2,3,250,PSO,0.0022838911582141463
14,2,4,250,PSO,0.0002550898521747058
14,2,5,250,PSO,0.0008683754025184953
14,2,6,250,PSO,0.00011112524600775942
14,2,7,250,PSO,0.0002791728820739081
14,2,8,250,PSO,0.0005128879094229433
14,2,9,250,PSO,0.0018090268363550877
14,2,10,250,PSO,0.0017747813949711144
14,2,11,250,PSO,0.0005061274549120753
14,2,12,250,PSO,0.00042086460544510373
14,2,13,250,PSO,0.0016207458381245488
14,2,14,250,PSO,0.0008706507648525985
14,2,15,250,PSO,0.001851051356283051
14,2,16,250,PSO,0.0003085672711904408
14,2,17,250,PSO,0.0007206945569180334
14,2,18,250,PSO,0.00017617848240547573
14,2,19,250,PSO,0.0004995557492577518
14,3,0,250,PSO,0.0006703416697888542
14,3,1,250,PSO,0.0007329868339098766
14,3,2,250,PSO,0.0003226785632790552
14,3,3,250,PSO,0.00018858444254021833
14,3,4,250,PSO,0.0005172681039908866
14,3,5,250,PSO,0.00015241003814026044
14,3,6,250,PSO,0.0009366096098233356
14,3,7,250,PSO,0.0007560485454547461
14,3,8,250,PSO,0.0009304623794719191
14,3,9,250,PSO,0.0007607466610295432
14,3,10,250,PSO,0.00014195191575083754
14,3,11,250,PSO,0.0007529457025583497
14,3,12,250,PSO,0.0007748268493088517
14,3,13,250,PSO,0.001548340960809469
14,3,14,250,PSO,0.0038578887516536042
14,3,15,250,PSO,0.0008935300061381213
14,3,16,250,PSO,0.0011360792786092588
14,3,17,250,PSO,0.00042730423574255383
14,3,18,250,PSO,0.0005051072051713845
14,3,19,250,PSO,0.0004767344581324551
14,4,0,250,PSO,0.00034347928482958423
14,4,1,250,PSO,0.0008369677841031375
14,4,2,250,PSO,0.0007693097789740477
14,4,3,250,PSO,0.000763630174937191
14,4,4,250,PSO,0.001304065512464092
14,4,5,250,PSO,0.0013745879156346064
14,4,6,250,PSO,0.0019522991340892304
14,4,7,250,PSO,0.0006272250895236198
14,4,8,250,PSO,0.0014906055753627356
14,4,9,250,PSO,0.0009688106029202004
14,4,10,250,PSO,0.0005685952432870067
14,4,11,250,PSO,0.00046726687270393086
14,4,12,250,PSO,0.00030102529807862766
14,4,13,250,PSO,0.0009101689803046042
14,4,14,250,PSO,0.0010827856160844362
14,4,15,250,PSO,0.001063223776938571
14,4,16,250,PSO,0.00039422269940558863
14,4,17,250,PSO,0.00030703819557942325
14,4,18,250,PSO,0.0020613588645588266
14,4,19,250,PSO,0.0006214856146300463
14,5,0,250,PSO,0.0013728952131302208
14,5,1,250,PSO,0.001651095584705331
14,5,2,250,PSO,0.0007412253041039207
14,5,3,250,PSO,0.0002091530537668973
14,5,4,250,PSO,0.0020783862070601344
14,5,5,250,PSO,0.001555511380232133
14,5,6,250,PSO,0.0007463785963039982
14,5,7,250,PSO,0.002088443615754443
14,5,8,250,PSO,0.0009302800885322426
14,5,9,250,PSO,0.0013742537063095028
14,5,10,250,PSO,0.0021235381063107184
14,5,11,250,PSO,0.0010838426241761567
14,5,12,250,PSO,0.0006357975079964717
14,5,13,250,PSO,0.0035836164033185014
14,5,14,250,PSO,0.000870923407305213
14,5,15,250,PSO,0.0010672005341163526
14,5,16,250,PSO,0.002925087216183897
14,5,17,250,PSO,0.0006835639414788375
14,5,18,250,PSO,0.0017516123088583413
14,5,19,250,PSO,0.0008095621797963304
14,6,0,250,PSO,0.0005535028676462161
14,6,1,250,PSO,0.0003736802934071193
14,6,2,250,PSO,0.00027590581775882583
14,6,3,250,PSO,0.0002267285217314452
14,6,4,250,PSO,0.0007539464489454417
14,6,5,250,PSO,0.001183134662724683
14,6,6,250,PSO,0.00039623878694783343
14,6,7,250,PSO,0.0012784154279614768
14,6,8,250,PSO,0.0006638095641733344
14,6,9,250,PSO,0.0007481881002036062
14,6,10,250,PSO,0.0006426609142167194
14,6,11,250,PSO,0.0009345825726967405
14,6,12,250,PSO,0.0011622826676784825
14,6,13,250,PSO,0.00018493736212121803
14,6,14,250,PSO,0.001263637455544142
14,6,15,250,PSO,0.0010253887877524903
14,6,16,250,PSO,0.0021546727756316386
14,6,17,250,PSO,0.0018200884717032295
14,6,18,250,PSO,0.0010602573833295992
14,6,19,250,PSO,0.0007073582053607197
14,7,0,250,PSO,0.0011867236814850912
14,7,1,250,PSO,0.0027559777648775707
14,7,2,250,PSO,0.0007060809953856051
14,7,3,250,PSO,0.0011052977372969508
14,7,4,250,PSO,0.0017806238400055463
14,7,5,250,PSO,0.001530171714321682
14,7,6,250,PSO,0.0002986654847632053
14,7,7,250,PSO,0.0016453548684722819
14,7,8,250,PSO,0.00135792111285582
14,7,9,250,PSO,0.0005445922327567132
14,7,10,250,PSO,0.0014239222249869954
14,7,11,250,PSO,0.0009493770206034924
14,7,12,250,PSO,0.0009587066440417402
14,7,13,250,PSO,0.0010032018446821667
14,7,14,250,PSO,0.0005383486714123364
14,7,15,250,PSO,0.0010414227337207649
14,7,16,250,PSO,0.0013992037735590657
14,7,17,250,PSO,0.001332313663240825
14,7,18,250,PSO,0.0005815682824277246
14,7,19,250,PSO,0.0007804755838520805
15,1,0,250,PSO,2.988564616077383
15,1,1,250,PSO,5.991553071633348
15,1,2,250,PSO,10.951086184801397
15,1,3,250,PSO,12.944865931267941
15,1,4,250,PSO,38.812057037294835
15,1,5,250,PSO,5.9736035795696125
15,1,6,250,PSO,5.971033217705667
15,1,7,250,PSO,3.9893788149003058
15,1,8,250,PSO,0.9963784203437172
15,1,9,250,PSO,10.947401883404723
15,1,10,250,PSO,3.981438634640881
15,1,11,250,PSO,8.084938073008857
15,1,12,250,PSO,3.0466332904031788
15,1,13,250,PSO,1.9912400801946433
15,1,14,250,PSO,14.948007099741176
15,1,15,250,PSO,2.98745371990924
15,1,16,250,PSO,10.945374928389242
15,1,17,250,PSO,7.960177896714754
15,1,18,250,PSO,10.947437427737555
15,1,19,250,PSO,5.971768990379587
15,2,0,250,PSO,8.964925126973213
15,2,1,250,PSO,10.005643543807295
15,2,2,250,PSO,4.004996973439944
15,2,3,250,PSO,3.9891555827125273
15,2,4,250,PSO,0.9976517561415505
15,2,5,250,PSO,4.977691601511211
15,2,6,250,PSO,8.986683536162346
15,2,7,250,PSO,7.988176976544082
15,2,8,250,PSO,10.945835168496785
15,2,9,250,PSO,13.256323949320873
15,2,10,250,PSO,2.989737287777544
15,2,11,250,PSO,2.001258074651389
15,2,12,250,PSO,1.9930349991794714
15,2,13,250,PSO,8.958990994744326
15,2,14,250,PSO,5.972309170403193
15,2,15,250,PSO,10.946557129002343
15,2,16,250,PSO,5.1852914087874495
15,2,17,250,PSO,3.9863941794305333
15,2,18,250,PSO,3.9823852007149867
15,2,19,250,PSO,2.9954413264497077
15,3,0,250,PSO,7.29538107281288
15,3,1,250,PSO,6.037292204285485
15,3,2,250,PSO,7.055877525102581
15,3,3,250,PSO,6.97255058266974
15,3,4,250,PSO,1.0037534567653879
15,3,5,250,PSO,1.0092144997283015
15,3,6,250,PSO,3.003681624827095
15,3,7,250,PSO,1.0072719152571068
15,3,8,250,PSO,7.963409531050409
15,3,9,250,PSO,2.0112392653730566
15,3,10,250,PSO,1.99183918213609
15,3,11,250,PSO,1.9938518666606697
15,3,12,250,PSO,3.9921440184812127
15,3,13,250,PSO,3.001102617736926
15,3,14,250,PSO,4.987479884068414
15,3,15,250,PSO,5.981100970320398
15,3,16,250,PSO,3.99103986336506
15,3,17,250,PSO,10.954344240957276
15,3,18,250,PSO,4.981144369951309
15,3,19,250,PSO,4.003407391019472
15,4,0,250,PSO,3.9832860551105576
15,4,1,250,PSO,1.9997812302136175
15,4,2,250,PSO,2.1212674951179054
15,4,3,250,PSO,12.959595284006014
15,4,4,250,PSO,3.2678702906458525
15,4,5,250,PSO,3.001055544992173
15,4,6,250,PSO,8.415253208283318
15,4,7,250,PSO,1.9928440693860736
15,4,8,250,PSO,13.934984026625628
15,4,9,250,PSO,1.994907448751949
15,4,10,250,PSO,24.944955533240503
15,4,11,250,PSO,6.971255315637222
15,4,12,250,PSO,14.961024290777488
15,4,13,250,PSO,4.98519093879376
15,4,14,250,PSO,5.989011347515451
15,4,15,250,PSO,5.975592152122736
15,4,16,250,PSO,3.9807893379028165
15,4,17,250,PSO,5.5862172926551565
15,4,18,250,PSO,2.002577711253604
15,4,19,250,PSO,6.975646222085629
15,5,0,250,PSO,10.946309992560614
15,5,1,250,PSO,2.018964448676442
15,5,2,250,PSO,6.452182355285515
15,5,3,250,PSO,10.946170097300154
15,5,4,250,PSO,1.9919935139351423
15,5,5,250,PSO,9.965660700114853
15,5,6,250,PSO,23.87996339807026
15,5,7,250,PSO,3.9799831639144827
15,5,8,250,PSO,4.870898599343121
15,5,9,250,PSO,1.0013761021753993
15,5,10,250,PSO,12.9612899023508
15,5,11,250,PSO,3.00524030520144
15,5,12,250,PSO,0.004693151109989913
15,5,13,250,PSO,3.984535567706672
15,5,14,250,PSO,5.019492917418091
15,5,15,250,PSO,5.9790939174180835
15,5,16,250,PSO,9.950313794795676
15,5,17,250,PSO,6.966186129836601
15,5,18,250,PSO,6.987538400831454
15,5,19,250,PSO,9.95460256829675
15,6,0,250,PSO,13.934253195736062
15,6,1,250,PSO,3.0063359584815714
15,6,2,250,PSO,4.002664949952063
15,6,3,250,PSO,3.988438247818891
15,6,4,250,PSO,10.974166199972984
15,6,5,250,PSO,2.988394982688206
15,6,6,250,PSO,2.989998562874831
15,6,7,250,PSO,6.9751474946636876
15,6,8,250,PSO,4.977489886326069
15,6,9,250,PSO,2.991335183128527
15,6,10,250,PSO,4.985152520920295
15,6,11,250,PSO,7.966500590639001
15,6,12,250,PSO,9.97780640342988
15,6,13,250,PSO,3.005030072541743
15,6,14,250,PSO,21.89104178454697
15,6,15,250,PSO,1.9901988073853119
15,6,16,250,PSO,2.988459178451123
15,6,17,250,PSO,2.987570183666193
15,6,18,250,PSO,9.98992283062482
15,6,19,250,PSO,3.983426950435188
15,7,0,250,PSO,6.981226406326783
15,7,1,250,PSO,20.214931674079594
15,7,2,250,PSO,3.9881397832031666
15,7,3,250,PSO,7.26922791485552
15,7,4,250,PSO,1.9918870279341832
15,7,5,250,PSO,3.01055455111711
15,7,6,250,PSO,14.928559873598772
15,7,7,250,PSO,12.936971799814671
15,7,8,250,PSO,7.023428315404459
15,7,9,250,PSO,2.046615689126668
15,7,10,250,PSO,6.138788135176583
15,7,11,250,PSO,6.975572367556623
15,7,12,250,PSO,18.911966605136342
15,7,13,250,PSO,10.946612452665647
15,7,14,250,PSO,5.97186685158843
15,7,15,250,PSO,1.0004891436992978
15,7,16,250,PSO,5.974922229605681
15,7,17,250,PSO,2.987717245776878
15,7,18,250,PSO,9.950579570071369
15,7,19,250,PSO,3.981404053051392
16,1,0,250,PSO,1.1715205537629174
16,1,1,250,PSO,0.4091174075069688
16,1,2,250,PSO,1.8937254657083855
16,1,3,250,PSO,0.6974825691100648
16,1,4,250,PSO,2.511670264020438
16,1,5,250,PSO,0.005006941933999087
16,1,6,250,PSO,0.044358371732243995
16,1,7,250,PSO,0.16871891260603888
16,1,8,250,PSO,0.036430296326258826
16,1,9,250,PSO,6.504640601973847
16,1,10,250,PSO,0.1252318245749393
16,1,11,250,PSO,0.0015726219627509863
16,1,12,250,PSO,1.495974522374894
16,1,13,250,PSO,0.5522702697942918
16,1,14,250,PSO,0.9844428121404576
16,1,15,250,PSO,0.06801321342474864
16,1,16,250,PSO,1.4627797997449363
16,1,17,250,PSO,0.2730858896836992
16,1,18,250,PSO,0.007824407530236499
16,1,19,250,PSO,0.020581084674674344
16,2,0,250,PSO,0.35546246571692564
16,2,1,250,PSO,1.0626154707770183
16,2,2,250,PSO,0.03605114216225047
16,2,3,250,PSO,0.4153176774357803
16,2,4,250,PSO,1.8291279339867401
16,2,5,250,PSO,3.658110351593166
16,2,6,250,PSO,0.011735367499454696
16,2,7,250,PSO,0.00616086638615343
16,2,8,250,PSO,0.8060124846824124
16,2,9,250,PSO,1.1125776710792366
16,2,10,250,PSO,0.9815583268406272
16,2,11,250,PSO,4.034738722635723
16,2,12,250,PSO,0.5172111500604046
16,2,13,250,PSO,0.9617778024418726
16,2,14,250,PSO,0.028264863285869524
16,2,15,250,PSO,0.10385583302672785
16,2,16,250,PSO,0.2790414398580765
16,2,17,250,PSO,0.9425167191582204
16,2,18,250,PSO,0.7084874942987085
16,2,19,250,PSO,0.6503365885834
16,3,0,250,PSO,0.7086138715578159
16,3,1,250,PSO,0.6816912801408961
16,3,2,250,PSO,0.2595994777664288
16,3,3,250,PSO,3.136131334340675
16,3,4,250,PSO,0.15279426127121098
16,3,5,250,PSO,3.574383124703246
16,3,6,250,PSO,5.131215193322589
16,3,7,250,PSO,0.8720972223739665
16,3,8,250,PSO,0.978026252429558
16,3,9,250,PSO,1.3894904530448997
16,3,10,250,PSO,0.0018323935279198622
16,3,11,250,PSO,3.190838532350753
16,3,12,250,PSO,0.7350955979907354
16,3,13,250,PSO,0.06244013683998162
16,3,14,250,PSO,2.7827408269092757
16,3,15,250,PSO,0.8235523757664112
16,3,16,250,PSO,2.133944017627556
16,3,17,250,PSO,0.6307760820367463
16,3,18,250,PSO,1.1170060366086858
16,3,19,250,PSO,0.9687688055147561
16,4,0,250,PSO,1.7886222364967352
16,4,1,250,PSO,0.37416887691972534
16,4,2,250,PSO,0.8764321764168699
16,4,3,250,PSO,0.42927143743861507
16,4,4,250,PSO,0.45484907164382093
16,4,5,250,PSO,0.4331011268224074
16,4,6,250,PSO,0.379234551542595
16,4,7,250,PSO,0.14257209099719148
16,4,8,250,PSO,6.004160935157529
16,4,9,250,PSO,0.4275555486281064
16,4,10,250,PSO,0.9535887509405256
16,4,11,250,PSO,1.0927054900311077
16,4,12,250,PSO,0.8316044445748503
16,4,13,250,PSO,0.10159256124268268
16,4,14,250,PSO,2.008373726875675
16,4,15,250,PSO,1.3248522084620618
16,4,16,250,PSO,1.0447938768179483
16,4,17,250,PSO,0.004484726059672539
16,4,18,250,PSO,0.8025226147279909
16,4,19,250,PSO,0.1333614256719784
16,5,0,250,PSO,0.08148216392442009
16,5,1,250,PSO,0.8135329669732698
16,5,2,250,PSO,1.3602957477121649
16,5,3,250,PSO,1.287723367242812
16,5,4,250,PSO,0.059103863627093745
16,5,5,250,PSO,0.02195368278749754
16,5,6,250,PSO,2.682551736652549
16,5,7,250,PSO,0.55594035794919
16,5,8,250,PSO,0.6465777219329354
16,5,9,250,PSO,0.016393683139952486
16,5,10,250,PSO,0.37880474631368344
16,5,11,250,PSO,0.8749900695884563
16,5,12,250,PSO,4.852610945517974
16,5,13,250,PSO,0.5635005287465447
16,5,14,250,PSO,0.220860945993806
16,5,15,250,PSO,1.8333176715983441
16,5,16,250,PSO,0.829191893820564
16,5,17,250,PSO,0.34293472579680895
16,5,18,250,PSO,2.3255292581887232
16,5,19,250,PSO,1.0774219662281936
16,6,0,250,PSO,0.7772016989387787
16,6,1,250,PSO,1.6165296560656444
16,6,2,250,PSO,0.6501789901244273
16,6,3,250,PSO,2.9836902982811324
16,6,4,250,PSO,0.17184930667747267
16,6,5,250,PSO,0.09604560854747746
16,6,6,250,PSO,1.0180192185065735
16,6,7,250,PSO,1.5394293349686663
16,6,8,250,PSO,0.000509647097345578
16,6,9,250,PSO,0.22743268931393956
16,6,10,250,PSO,0.241048829934968
16,6,11,250,PSO,0.21958907794975957
16,6,12,250,PSO,1.6707225495420417
16,6,13,250,PSO,0.24519169353101944
16,6,14,250,PSO,1.0680083313286204
16,6,15,250,PSO,1.4910402408523353
16,6,16,250,PSO,0.5522096424189016
16,6,17,250,PSO,0.9182803112873543
16,6,18,250,PSO,0.4882494199687599
16,6,19,250,PSO,0.516757198223349
16,7,0,250,PSO,0.4495457437311927
16,7,1,250,PSO,0.04803638238471564
16,7,2,250,PSO,0.5055937754362461
16,7,3,250,PSO,0.5849927038166243
16,7,4,250,PSO,0.04446563349980437
16,7,5,250,PSO,0.0052619133584457245
16,7,6,250,PSO,0.18159897434604488
16,7,7,250,PSO,0.04497539200507106
16,7,8,250,PSO,0.0013879147016311322
16,7,9,250,PSO,0.5469866444569362
16,7,10,250,PSO,0.22165260466177017
16,7,11,250,PSO,0.47404698284587
16,7,12,250,PSO,0.9948581280091773
16,7,13,250,PSO,0.058942987636001476
16,7,14,250,PSO,0.24974320229365787
16,7,15,250,PSO,1.0117670654425623
16,7,16,250,PSO,0.035014557179650296
16,7,17,250,PSO,0.29767468543348485
16,7,18,250,PSO,0.0009804254748644325
16,7,19,250,PSO,0.002335989160705765
17,1,0,250,PSO,0.019530568802299086
17,1,1,250,PSO,0.009054493685560772
17,1,2,250,PSO,0.03510629955428257
17,1,3,250,PSO,0.17887103934994641
17,1,4,250,PSO,0.013867742888447054
17,1,5,250,PSO,0.015250998880681266
17,1,6,250,PSO,0.0522148611031632
17,1,7,250,PSO,0.006737528696241668
17,1,8,250,PSO,0.05319159689716457
17,1,9,250,PSO,0.8177048811094707
17,1,10,250,PSO,0.05072955067325324
17,1,11,250,PSO,0.009536227846812295
17,1,12,250,PSO,0.01111107304091874
17,1,13,250,PSO,0.04028918031568196
17,1,14,250,PSO,0.007946661904394858
17,1,15,250,PSO,0.019225655348719783
17,1,16,250,PSO,0.008875159977691283
17,1,17,250,PSO,0.04572940739383924
17,1,18,250,PSO,0.016374686624764934
17,1,19,250,PSO,0.013481007715149929
17,2,0,250,PSO,0.03634028020386282
17,2,1,250,PSO,0.017946100193579895
17,2,2,250,PSO,0.012124644209361435
17,2,3,250,PSO,0.03084097633986005
17,2,4,250,PSO,0.020068004160886943
17,2,5,250,PSO,0.01915013119343456
17,2,6,250,PSO,0.030342956128922793
17,2,7,250,PSO,0.023720816632746278
17,2,8,250,PSO,0.018607571198629103
17,2,9,250,PSO,0.010086318152211504
17,2,10,250,PSO,0.013789082321082446
17,2,11,250,PSO,0.0037108788185875596
17,2,12,250,PSO,0.01673263775417766
17,2,13,250,PSO,0.044065544632086784
17,2,14,250,PSO,0.004259989378052609
17,2,15,250,PSO,0.06272374058085362
17,2,16,250,PSO,0.85741015085814
17,2,17,250,PSO,0.007282950586063208
17,2,18,250,PSO,0.062428528853729404
17,2,19,250,PSO,0.04300226154008513
17,3,0,250,PSO,0.12639647135375753
17,3,1,250,PSO,0.2756115643045405
17,3,2,250,PSO,0.014961643732874563
17,3,3,250,PSO,0.007585354415653001
17,3,4,250,PSO,0.06222483056518513
17,3,5,250,PSO,0.056075291774163816
17,3,6,250,PSO,0.021760804485609242
17,3,7,250,PSO,0.8713187686153105
17,3,8,250,PSO,0.28021797674671234
17,3,9,250,PSO,0.008719346985628817
17,3,10,250,PSO,0.07512751023108422
17,3,11,250,PSO,0.010529012426331974
17,3,12,250,PSO,0.3869334287631432
17,3,13,250,PSO,0.003962694760559771
17,3,14,250,PSO,0.6030035703739145
17,3,15,250,PSO,0.00789892224668165
17,3,16,250,PSO,0.13901561503797666
17,3,17,250,PSO,0.2995158025372575
17,3,18,250,PSO,0.136539699877801
17,3,19,250,PSO,0.009884577328136857
17,4,0,250,PSO,0.06628571649753923
17,4,1,250,PSO,0.0762635271507861
17,4,2,250,PSO,0.04706228761103404
17,4,3,250,PSO,0.027676079185830815
17,4,4,250,PSO,0.09442056502447826
17,4,5,250,PSO,0.006817817868650877
17,4,6,250,PSO,0.012757067718013104
17,4,7,250,PSO,0.15936025576655055
17,4,8,250,PSO,0.007193096712725833
17,4,9,250,PSO,0.38250895025777254
17,4,10,250,PSO,0.027326938683032154
17,4,11,250,PSO,0.19727039262637902
17,4,12,250,PSO,0.04420801013446862
17,4,13,250,PSO,0.011451954878097581
17,4,14,250,PSO,0.03909698770845438
17,4,15,250,PSO,0.08992692068833463
17,4,16,250,PSO,0.060920137142773
17,4,17,250,PSO,0.02745933488761665
17,4,18,250,PSO,0.015543201017599984
17,4,19,250,PSO,0.006638609008533081
17,5,0,250,PSO,0.005438273465529164
17,5,1,250,PSO,0.24829560479653878
17,5,2,250,PSO,0.5062963518213337
17,5,3,250,PSO,0.25250891316358093
17,5,4,250,PSO,0.06360021873382493
17,5,5,250,PSO,0.01961524995539321
17,5,6,250,PSO,0.03795959216861888
17,5,7,250,PSO,0.051921965043106866
17,5,8,250,PSO,0.024305884692154223
17,5,9,250,PSO,0.0293230621051066
17,5,10,250,PSO,1.1124565320330078
17,5,11,250,PSO,0.04269831417190062
17,5,12,250,PSO,0.031184508086454343
17,5,13,250,PSO,0.014182176490294296
17,5,14,250,PSO,0.16176128425155412
17,5,15,250,PSO,0.006588558575941761
17,5,16,250,PSO,0.03999961258321605
17,5,17,250,PSO,0.006303937949127203
17,5,18,250,PSO,0.009719426241531437
17,5,19,250,PSO,0.06595313165038874
17,6,0,250,PSO,0.023628361547679333
17,6,1,250,PSO,0.048090059844128064
17,6,2,250,PSO,0.023664700296620822
17,6,3,250,PSO,0.0481867721967717
17,6,4,250,PSO,0.08253290975153504
17,6,5,250,PSO,0.019311106769947628
17,6,6,250,PSO,0.37108892878896427
17,6,7,250,PSO,0.012513456697263337
17,6,8,250,PSO,0.05342619502690127
17,6,9,250,PSO,0.46996567804418987
17,6,10,250,PSO,0.022951174308502686
17,6,11,250,PSO,0.009469553257218877
17,6,12,250,PSO,0.1461991482844951
17,6,13,250,PSO,0.004547979753169784
17,6,14,250,PSO,0.008031501417406162
17,6,15,250,PSO,0.012175239076924527
17,6,16,250,PSO,0.24794089959678445
17,6,17,250,PSO,0.03730433348761153
17,6,18,250,PSO,0.01066489357921796
17,6,19,250,PSO,0.014615871272354752
17,7,0,250,PSO,0.20932220473029872
17,7,1,250,PSO,0.15645647612892333
17,7,2,250,PSO,0.03402940062225923
17,7,3,250,PSO,0.14442371510023122
17,7,4,250,PSO,0.02378884448908991
17,7,5,250,PSO,0.0453493553834079
17,7,6,250,PSO,0.00957702861499854
17,7,7,250,PSO,0.03440130805580566
17,7,8,250,PSO,0.09695020262007858
17,7,9,250,PSO,0.0023933811217204948
17,7,10,250,PSO,0.03942252894269416
17,7,11,250,PSO,0.007393399986796112
17,7,12,250,PSO,0.0472136919442363
17,7,13,250,PSO,0.006184651429308019
17,7,14,250,PSO,0.007984302224656403
17,7,15,250,PSO,0.008345263997796337
17,7,16,250,PSO,0.028715996868442062
17,7,17,250,PSO,0.08020253980365055
17,7,18,250,PSO,0.008310145989824491
17,7,19,250,PSO,0.10946935859257678
18,1,0,250,PSO,0.44015452546164013
18,1,1,250,PSO,0.15037651778635208
18,1,2,250,PSO,0.13802972490148946
18,1,3,250,PSO,0.2040308558075523
18,1,4,250,PSO,0.0646435767025082
18,1,5,250,PSO,0.5780111355446778
18,1,6,250,PSO,3.3038075577148014
18,1,7,250,PSO,0.2111288225001573
18,1,8,250,PSO,0.08522478774037623
18,1,9,250,PSO,0.5593982770144592
18,1,10,250,PSO,0.41500961517711943
18,1,11,250,PSO,0.18319359788524991
18,1,12,250,PSO,0.125993771630462
18,1,13,250,PSO,0.1019246582719937
18,1,14,250,PSO,0.2956936996897426
18,1,15,250,PSO,0.20490763385593525
18,1,16,250,PSO,5.655487571108072
18,1,17,250,PSO,0.16806127420100836
18,1,18,250,PSO,0.32338284209298607
18,1,19,250,PSO,0.172473035249336
18,2,0,250,PSO,0.3622971980159839
18,2,1,250,PSO,0.13053240460840598
18,2,2,250,PSO,0.07967025671197447
18,2,3,250,PSO,0.10586181614467804
18,2,4,250,PSO,0.06514774971565274
18,2,5,250,PSO,0.48578263542398403
18,2,6,250,PSO,0.17264856288434416
18,2,7,250,PSO,0.10179581908726476
18,2,8,250,PSO,0.7112122817739426
18,2,9,250,PSO,0.03792135242273531
18,2,10,250,PSO,0.15047733798233054
18,2,11,250,PSO,0.10643894633281548
18,2,12,250,PSO,0.04710117180021811
18,2,13,250,PSO,0.06990567379741108
18,2,14,250,PSO,0.17224322593006036
18,2,15,250,PSO,0.1356228496219778
18,2,16,250,PSO,0.1493719467734138
18,2,17,250,PSO,0.16704363926020704
18,2,18,250,PSO,0.07809909581165897
18,2,19,250,PSO,0.10155776877702394
18,3,0,250,PSO,0.049950424729843235
18,3,1,250,PSO,0.42161926602017274
18,3,2,250,PSO,1.2139234044958016
18,3,3,250,PSO,0.622721788526917
18,3,4,250,PSO,0.168221552383784
18,3,5,250,PSO,1.3421041126123896
18,3,6,250,PSO,0.5232035245450675
18,3,7,250,PSO,0.902440656767169
18,3,8,250,PSO,1.3800917037441423
18,3,9,250,PSO,0.12473086793289667
18,3,10,250,PSO,1.0199165466158888
18,3,11,250,PSO,0.06814502998679473
18,3,12,250,PSO,0.7952960477522311
18,3,13,250,PSO,0.6405303978198731
18,3,14,250,PSO,1.228717423511398
18,3,15,250,PSO,0.4700774642889769
18,3,16,250,PSO,0.1332710142075939
18,3,17,250,PSO,0.6651259230345659
18,3,18,250,PSO,0.9872212521632946
18,3,19,250,PSO,0.47418755373024624
18,4,0,250,PSO,0.6728842846002365
18,4,1,250,PSO,0.7442242583382495
18,4,2,250,PSO,0.12285130198088012
18,4,3,250,PSO,0.7289666293948187
18,4,4,250,PSO,5.556092967738138
18,4,5,250,PSO,0.41311154539021544
18,4,6,250,PSO,0.028438870377364367
18,4,7,250,PSO,0.03299556913052015
18,4,8,250,PSO,0.8163481532644639
18,4,9,250,PSO,0.3390495922394976
18,4,10,250,PSO,0.15045351267744422
18,4,11,250,PSO,0.13345350145675638
18,4,12,250,PSO,0.7785532737971863
18,4,13,250,PSO,0.16991325026585713
18,4,14,250,PSO,0.06981480125892858
18,4,15,250,PSO,0.024105679868256402
18,4,16,250,PSO,2.4783206871181633
18,4,17,250,PSO,0.2508036177001074
18,4,18,250,PSO,0.39971424820299006
18,4,19,250,PSO,0.047604856648419513
18,5,0,250,PSO,0.7976255883540944
18,5,1,250,PSO,0.4955758254768057
18,5,2,250,PSO,0.3808218909072991
18,5,3,250,PSO,0.2899032997891595
18,5,4,250,PSO,0.21696025209905656
18,5,5,250,PSO,0.13916216256868097
18,5,6,250,PSO,0.6521717911767837
18,5,7,250,PSO,0.2190961465476562
18,5,8,250,PSO,0.12164346092021106
18,5,9,250,PSO,0.17033105532445347
18,5,10,250,PSO,0.2813707307257687
18,5,11,250,PSO,3.3558688706114026
18,5,12,250,PSO,0.45019847038133776
18,5,13,250,PSO,0.08157468568413151
18,5,14,250,PSO,1.1388195692167074
18,5,15,250,PSO,0.4233474601162186
18,5,16,250,PSO,0.24448798614938028
18,5,17,250,PSO,1.5725516246174607
18,5,18,250,PSO,0.0385915455974839
18,5,19,250,PSO,0.5687407266073308
18,6,0,250,PSO,1.2366383362355293
18,6,1,250,PSO,0.9927766345361988
18,6,2,250,PSO,0.1163527688464967
18,6,3,250,PSO,0.10569565992497587
18,6,4,250,PSO,0.5992192592565573
18,6,5,250,PSO,0.6896275442827857
18,6,6,250,PSO,0.06413789339129039
18,6,7,250,PSO,0.02811352235599429
18,6,8,250,PSO,0.16085999261215989
18,6,9,250,PSO,0.2616651397867997
18,6,10,250,PSO,0.07327570247727522
18,6,11,250,PSO,0.07145801084905656
18,6,12,250,PSO,0.3495658079030193
18,6,13,250,PSO,0.22275575231432754
18,6,14,250,PSO,0.15255049558075484
18,6,15,250,PSO,0.15383677634739001
18,6,16,250,PSO,0.4086724803690629
18,6,17,250,PSO,0.11792466835294135
18,6,18,250,PSO,0.029111827925817124
18,6,19,250,PSO,0.1033123876754587
18,7,0,250,PSO,0.22478388459028054
18,7,1,250,PSO,2.2846425779622166
18,7,2,250,PSO,0.6833197140630602
18,7,3,250,PSO,0.03557361119351299
18,7,4,250,PSO,0.0655777639452424
18,7,5,250,PSO,0.14106714646548824
18,7,6,250,PSO,0.8152055580645481
18,7,7,250,PSO,0.3915212214418915
18,7,8,250,PSO,0.3208051563098735
18,7,9,250,PSO,0.6402410546237007
18,7,10,250,PSO,0.0741963948168376
18,7,11,250,PSO,0.1651950465191021
18,7,12,250,PSO,0.0798578433062147
18,7,13,250,PSO,0.03952273519780647
18,7,14,250,PSO,2.2077425475013683
18,7,15,250,PSO,0.27209354901238214
18,7,16,250,PSO,0.23950287466402642
18,7,17,250,PSO,0.13999603311511066
18,7,18,250,PSO,0.3124425723894717
18,7,19,250,PSO,0.34051839328729727
19,1,0,250,PSO,2.7410803945084865
19,1,1,250,PSO,0.6928749256190372
19,1,2,250,PSO,0.4040620974805904
19,1,3,250,PSO,0.8004854267589394
19,1,4,250,PSO,0.7381330389551835
19,1,5,250,PSO,0.9203600353946371
19,1,6,250,PSO,1.8370228192274567
19,1,7,250,PSO,0.6472921381038077
19,1,8,250,PSO,1.4582141606639425
19,1,9,250,PSO,1.1615405080847978
19,1,10,250,PSO,1.1933492084065875
19,1,11,250,PSO,1.7047799302286535
19,1,12,250,PSO,0.6500948685025918
19,1,13,250,PSO,0.45476908352638645
19,1,14,250,PSO,0.6976992343241193
19,1,15,250,PSO,1.357238795930897
19,1,16,250,PSO,0.41050172499255666
19,1,17,250,PSO,0.8147652025711665
19,1,18,250,PSO,0.37456325527982415
19,1,19,250,PSO,0.037682998128715894
19,2,0,250,PSO,1.2380952294467988
19,2,1,250,PSO,0.718077214002534
19,2,2,250,PSO,0.16696247388662755
19,2,3,250,PSO,1.481635650709606
19,2,4,250,PSO,1.3431303103327963
19,2,5,250,PSO,1.5531949882249165
19,2,6,250,PSO,0.7307380799420571
19,2,7,250,PSO,0.6433478413690636
19,2,8,250,PSO,1.0407534181420885
19,2,9,250,PSO,0.9817797813438602
19,2,10,250,PSO,1.040613409221379
19,2,11,250,PSO,1.7202619316744858
19,2,12,250,PSO,1.859114600047434
19,2,13,250,PSO,0.6591829986183626
19,2,14,250,PSO,1.488634223467372
19,2,15,250,PSO,0.5468133015161811
19,2,16,250,PSO,1.9257361862715499
19,2,17,250,PSO,0.7536978208596281
19,2,18,250,PSO,0.5294706053817748
19,2,19,250,PSO,0.091235772839795
19,3,0,250,PSO,1.190251256832255
19,3,1,250,PSO,2.6672975570270694
19,3,2,250,PSO,0.9455739600627453
19,3,3,250,PSO,0.6926980981122881
19,3,4,250,PSO,0.905117792769147
19,3,5,250,PSO,1.1048428904753962
19,3,6,250,PSO,1.2094015034979293
19,3,7,250,PSO,1.5730636986717172
19,3,8,250,PSO,0.5492788611549031
19,3,9,250,PSO,0.5409598704277414
19,3,10,250,PSO,0.33781498370515806
19,3,11,250,PSO,0.8080140128450637
19,3,12,250,PSO,0.3846288529279889
19,3,13,250,PSO,0.24415245874061497
19,3,14,250,PSO,1.5406855600282938
19,3,15,250,PSO,0.884699243510255
19,3,16,250,PSO,0.10462401498176632
19,3,17,250,PSO,0.9068828776319151
19,3,18,250,PSO,0.8201869970463349
19,3,19,250,PSO,2.454600132120447
19,4,0,250,PSO,0.5556168942480681
19,4,1,250,PSO,1.904751100951522
19,4,2,250,PSO,0.9882819389194211
19,4,3,250,PSO,1.2612919873043182
19,4,4,250,PSO,0.4278580083476271
19,4,5,250,PSO,1.2193978026220904
19,4,6,250,PSO,0.8491963092961186
19,4,7,250,PSO,0.2808195827211719
19,4,8,250,PSO,1.555100267531742
19,4,9,250,PSO,0.6333491512835323
19,4,10,250,PSO,0.5875646778963741
19,4,11,250,PSO,1.201216853009278
19,4,12,250,PSO,0.2489167136176107
19,4,13,250,PSO,0.9379423686383959
19,4,14,250,PSO,1.6190955275584429
19,4,15,250,PSO,0.6698637391560354
19,4,16,250,PSO,0.8800428942803293
19,4,17,250,PSO,0.7515060523777279
19,4,18,250,PSO,0.7453984596242194
19,4,19,250,PSO,1.3061731126163352
19,5,0,250,PSO,0.6311255273935785
19,5,1,250,PSO,1.0465417122145482
19,5,2,250,PSO,1.7276495079527194
19,5,3,250,PSO,1.225290305358385
19,5,4,250,PSO,0.7385889430535144
19,5,5,250,PSO,1.9254647927223232
19,5,6,250,PSO,1.4806832867175217
19,5,7,250,PSO,1.2285712956937687
19,5,8,250,PSO,0.8029259375325637
19,5,9,250,PSO,1.1496694928370061
19,5,10,250,PSO,1.478373726917539
19,5,11,250,PSO,0.9784211760318158
19,5,12,250,PSO,1.2705285600688967
19,5,13,250,PSO,1.7938144982151698
19,5,14,250,PSO,0.48029762149576527
19,5,15,250,PSO,0.8906310634807824
19,5,16,250,PSO,0.7877980257550234
19,5,17,250,PSO,0.7180065384636691
19,5,18,250,PSO,0.9904233530695592
19,5,19,250,PSO,1.3046940789299697
19,6,0,250,PSO,0.7702667972278334
19,6,1,250,PSO,0.1740850996775123
19,6,2,250,PSO,0.6471279996772807
19,6,3,250,PSO,1.3812391305279732
19,6,4,250,PSO,0.4992337411470942
19,6,5,250,PSO,2.2180506213960314
19,6,6,250,PSO,1.7150378524356995
19,6,7,250,PSO,0.49904637161577625
19,6,8,250,PSO,0.8280122980524993
19,6,9,250,PSO,1.0875165217219376
19,6,10,250,PSO,0.6185031042916478
19,6,11,250,PSO,1.4486206423347596
19,6,12,250,PSO,0.3749362614421159
19,6,13,250,PSO,0.28402272107564386
19,6,14,250,PSO,1.2526310605700246
19,6,15,250,PSO,0.5336607726193563
19,6,16,250,PSO,1.1321002966710978
19,6,17,250,PSO,1.6974137562034173
19,6,18,250,PSO,1.3286957242063977
19,6,19,250,PSO,0.3992447516741038
19,7,0,250,PSO,1.7664978892454855
19,7,1,250,PSO,2.5943737289877333
19,7,2,250,PSO,0.6560587996136604
19,7,3,250,PSO,1.5510395913077062
19,7,4,250,PSO,0.7815698020370903
19,7,5,250,PSO,1.7347128333630621
19,7,6,250,PSO,0.48400677946784043
19,7,7,250,PSO,0.41282858532326827
19,7,8,250,PSO,0.887139499928125
19,7,9,250,PSO,1.1193791947825105
19,7,10,250,PSO,0.8681667870311713
19,7,11,250,PSO,1.5574005211970743
19,7,12,250,PSO,0.4390404275557387
19,7,13,250,PSO,0.6806948401369084
19,7,14,250,PSO,0.18731209066910992
19,7,15,250,PSO,1.9042646655034758
19,7,16,250,PSO,1.5230491355389688
19,7,17,250,PSO,0.12124068734568283
19,7,18,250,PSO,0.8981268293102147
19,7,19,250,PSO,0.6847621878712644
20,1,0,250,PSO,0.6752688582404289
20,1,1,250,PSO,1.6590349459351046
20,1,2,250,PSO,1.185337663558471
20,1,3,250,PSO,0.7114972936822141
20,1,4,250,PSO,0.9081453063923846
20,1,5,250,PSO,1.5792366990712026
20,1,6,250,PSO,1.381925353893621
20,1,7,250,PSO,1.0664427040920827
20,1,8,250,PSO,1.264051791853717
20,1,9,250,PSO,0.47382871074307786
20,1,10,250,PSO,1.6241129676370747
20,1,11,250,PSO,1.3820349596203414
20,1,12,250,PSO,1.26342157907618
20,1,13,250,PSO,1.144957155279485
20,1,14,250,PSO,0.47389052911694307
20,1,15,250,PSO,0.9081709399326883
20,1,16,250,PSO,1.9743334657516698
20,1,17,250,PSO,0.9081769339211405
20,1,18,250,PSO,1.0759872223409275
20,1,19,250,PSO,1.1451677463840042
20,2,0,250,PSO,1.7371573592974983
20,2,1,250,PSO,1.501714823094403
20,2,2,250,PSO,1.2635552365019294
20,2,3,250,PSO,0.9081928026281503
20,2,4,250,PSO,1.8953383261068666
20,2,5,250,PSO,0.6713501349148601
20,2,6,250,PSO,1.066590509029652
20,2,7,250,PSO,1.0665900709647076
20,2,8,250,PSO,1.192345269639418
20,2,9,250,PSO,1.1450588896665295
20,2,10,250,PSO,1.0276118065162336
20,2,11,250,PSO,1.8163494653651924
20,2,12,250,PSO,1.8962356582071607
20,2,13,250,PSO,0.9478864235526316
20,2,14,250,PSO,1.1055495627842902
20,2,15,250,PSO,1.4216471091995118
20,2,16,250,PSO,1.263378403706156
20,2,17,250,PSO,1.5792967765169124
20,2,18,250,PSO,0.8688577446649788
20,2,19,250,PSO,1.5437096974819724
20,3,0,250,PSO,0.6711816108288247
20,3,1,250,PSO,0.7102802215113684
20,3,2,250,PSO,0.5722830516052682
20,3,3,250,PSO,1.0660408049330385
20,3,4,250,PSO,1.8562084014529603
20,3,5,250,PSO,1.8556997878766026
20,3,6,250,PSO,1.6977707286048371
20,3,7,250,PSO,0.7109338124423914
20,3,8,250,PSO,0.9477455236368826
20,3,9,250,PSO,0.910175926259484
20,3,10,250,PSO,1.3833121497557954
20,3,11,250,PSO,1.3342837892872126
20,3,12,250,PSO,1.0272735808769653
20,3,13,250,PSO,0.43659536504472385
20,3,14,250,PSO,0.7354890960336036
20,3,15,250,PSO,1.8951971037698172
20,3,16,250,PSO,1.5002527877382192
20,3,17,250,PSO,1.8952811837056345
20,3,18,250,PSO,1.3428519559321899
20,3,19,250,PSO,1.0265613976523298
20,4,0,250,PSO,1.3034569281586812
20,4,1,250,PSO,2.09454132884278
20,4,2,250,PSO,0.7108807700567468
20,4,3,250,PSO,0.5015375641148978
20,4,4,250,PSO,1.1875415302178283
20,4,5,250,PSO,2.0051943495959677
20,4,6,250,PSO,1.1864849829521802
20,4,7,250,PSO,0.4344771913723662
20,4,8,250,PSO,0.43434153084641025
20,4,9,250,PSO,1.144982235744635
20,4,10,250,PSO,1.1450153392177924
20,4,11,250,PSO,1.1059284479704274
20,4,12,250,PSO,1.5003118351646094
20,4,13,250,PSO,0.8341093067715803
20,4,14,250,PSO,0.47382493295799577
20,4,15,250,PSO,2.211087298993391
20,4,16,250,PSO,1.2636653402396973
20,4,17,250,PSO,2.132111563101745
20,4,18,250,PSO,0.8692460787939922
20,4,19,250,PSO,0.913195188539845
20,5,0,250,PSO,1.263436340678111
20,5,1,250,PSO,1.437916358553986
20,5,2,250,PSO,1.145557523307711
20,5,3,250,PSO,0.9083181683620936
20,5,4,250,PSO,1.5419603461712068
20,5,5,250,PSO,1.5400625930570797
20,5,6,250,PSO,1.5688181191617447
20,5,7,250,PSO,0.23847846438302067
20,5,8,250,PSO,1.3117252045436958
20,5,9,250,PSO,0.9478128061339053
20,5,10,250,PSO,1.1451614348692383
20,5,11,250,PSO,1.3033710875104614
20,5,12,250,PSO,1.1455719292703863
20,5,13,250,PSO,0.9475342093695174
20,5,14,250,PSO,1.8563072572882593
20,5,15,250,PSO,0.6711922135720751
20,5,16,250,PSO,1.4609951820027236
20,5,17,250,PSO,1.03487420706172
20,5,18,250,PSO,1.5498153877847782
20,5,19,250,PSO,1.5003085152446944
20,6,0,250,PSO,2.13218196800117
20,6,1,250,PSO,1.0666030264300197
20,6,2,250,PSO,1.4624653736552737
20,6,3,250,PSO,1.1456433096832868
20,6,4,250,PSO,0.9509617878272714
20,6,5,250,PSO,1.7383113845997222
20,6,6,250,PSO,0.9082281860371495
20,6,7,250,PSO,1.1452595395136385
20,6,8,250,PSO,0.830015481555467
20,6,9,250,PSO,0.7107916643438053
20,6,10,250,PSO,0.8295024153742183
20,6,11,250,PSO,1.263604994505254
20,6,12,250,PSO,0.7107184447453356
20,6,13,250,PSO,1.7770974864758813
20,6,14,250,PSO,0.9080848824309733
20,6,15,250,PSO,0.8292180998799203
20,6,16,250,PSO,1.8163080055110434
20,6,17,250,PSO,1.153092045288787
20,6,18,250,PSO,0.4738037213898174
20,6,19,250,PSO,1.187887157637217
20,7,0,250,PSO,1.81615414332218
20,7,1,250,PSO,1.8359787750243157
20,7,2,250,PSO,0.43518566649163404
20,7,3,250,PSO,0.7108331866315609
20,7,4,250,PSO,0.9494656167182285
20,7,5,250,PSO,1.2635797008638576
20,7,6,250,PSO,1.6206843301947629
20,7,7,250,PSO,1.1846934159524523
20,7,8,250,PSO,1.1453903698984362
20,7,9,250,PSO,1.6189496161391048
20,7,10,250,PSO,1.6982739473500033
20,7,11,250,PSO,0.5612403109031305
20,7,12,250,PSO,0.8690300471054684
20,7,13,250,PSO,0.9082975038200374
20,7,14,250,PSO,1.5835434075137016
20,7,15,250,PSO,1.1450185382788334
20,7,16,250,PSO,0.5927228871034487
20,7,17,250,PSO,1.185401592864011
20,7,18,250,PSO,0.9477206013602739
20,7,19,250,PSO,1.0660426327777657
21,1,0,250,PSO,1.2452700136516341
21,1,1,250,PSO,1.2452886788152
21,1,2,250,PSO,1.24525787471498
21,1,3,250,PSO,1.2452607127433026
21,1,4,250,PSO,1.2452561782718092
21,1,5,250,PSO,1.9993893097666415
21,1,6,250,PSO,1.245278843218209
21,1,7,250,PSO,1.2452649453956965
21,1,8,250,PSO,1.2452567676291295
21,1,9,250,PSO,3.1698080424939903
21,1,10,250,PSO,1.9993883909095445
21,1,11,250,PSO,1.2452756003793084
21,1,12,250,PSO,1.2452844584099054
21,1,13,250,PSO,1.2452601489471107
21,1,14,250,PSO,1.2452640717518548
21,1,15,250,PSO,1.5634115217137747
21,1,16,250,PSO,1.2452718132147567
21,1,17,250,PSO,1.2452571305249407
21,1,18,250,PSO,1.2452596795547848
21,1,19,250,PSO,1.245275487451103
21,2,0,250,PSO,1.8030222674787022
21,2,1,250,PSO,2.7783387945645655
21,2,2,250,PSO,1.5631183567257396
21,2,3,250,PSO,3.169810450260422
21,2,4,250,PSO,7.011106467683552
21,2,5,250,PSO,3.1698121607956833
21,2,6,250,PSO,9.366569742041975e-10
21,2,7,250,PSO,1.8574608517951674e-10
21,2,8,250,PSO,1.8030280851723282
21,2,9,250,PSO,1.803039690713971
21,2,10,250,PSO,1.171900199103959e-08
21,2,11,250,PSO,2.043661997587724
21,2,12,250,PSO,0.9300038172802736
21,2,13,250,PSO,4.707123579805739e-12
21,2,14,250,PSO,7.011101671169552
21,2,15,250,PSO,1.9377414102622617
21,2,16,250,PSO,3.181699348431266e-11
21,2,17,250,PSO,7.01110985969709
21,2,18,250,PSO,1.937742374600321
21,2,19,250,PSO,3.1698460120732768
21,3,0,250,PSO,8.125198291963898e-10
21,3,1,250,PSO,2.2558094325208913
21,3,2,250,PSO,8.753886504564434e-12
21,3,3,250,PSO,1.937740788078429
21,3,4,250,PSO,2.2558205776931004
21,3,5,250,PSO,1.5633918037614762
21,3,6,250,PSO,1.9994559721429255
21,3,7,250,PSO,4.161788657706893
21,3,8,250,PSO,0.6918595592721317
21,3,9,250,PSO,2.043663300777439
21,3,10,250,PSO,8.611777957412414e-11
21,3,11,250,PSO,0.6919851192197939
21,3,12,250,PSO,12.193148288851262
21,3,13,250,PSO,4.161870817021054
21,3,14,250,PSO,3.000764081662055e-10
21,3,15,250,PSO,2.043665493715878
21,3,16,250,PSO,8.12349655330155
21,3,17,250,PSO,7.861449325206365
21,3,18,250,PSO,0.6919118369042394
21,3,19,250,PSO,1.9377415903664996
21,4,0,250,PSO,3.169809967871913
21,4,1,250,PSO,2.778040289567759
21,4,2,250,PSO,3.6378439842923953
21,4,3,250,PSO,1.2452649299194931
21,4,4,250,PSO,1.245320937461262
21,4,5,250,PSO,5.2628229180032875
21,4,6,250,PSO,3.998934516857844e-10
21,4,7,250,PSO,0.6918601384641505
21,4,8,250,PSO,5.262809308853036
21,4,9,250,PSO,5.26282301142081
21,4,10,250,PSO,1.245269232668754
21,4,11,250,PSO,5.262805846383035
21,4,12,250,PSO,2.473040177202538
21,4,13,250,PSO,1.245270079928261
21,4,14,250,PSO,6.65857878228373
21,4,15,250,PSO,7.593578107538235
21,4,16,250,PSO,5.262833459418342
21,4,17,250,PSO,5.262869351133354
21,4,18,250,PSO,1.2452775378626875
21,4,19,250,PSO,1.245276629101653
21,5,0,250,PSO,2.11863618904124
21,5,1,250,PSO,3.1698182638946264
21,5,2,250,PSO,5.262805096355692
21,5,3,250,PSO,1.245262570271393
21,5,4,250,PSO,2.0436685352390214
21,5,5,250,PSO,2.0003940360780916
21,5,6,250,PSO,1.2452708171999802
21,5,7,250,PSO,3.1737015710292553
21,5,8,250,PSO,3.900595402228646e-10
21,5,9,250,PSO,1.2452577162467833
21,5,10,250,PSO,4.774847184307873e-11
21,5,11,250,PSO,1.178989350592019e-08
21,5,12,250,PSO,2.118635365068485
21,5,13,250,PSO,1.2452658679221713
21,5,14,250,PSO,1.8035701580965906
21,5,15,250,PSO,0.9305430155915246
21,5,16,250,PSO,1.2452636522186822
21,5,17,250,PSO,2.1186357875940303
21,5,18,250,PSO,2.118635986106142
21,5,19,250,PSO,2.118645530643903
21,6,0,250,PSO,0.6920311136718738
21,6,1,250,PSO,3.6555969780708892
21,6,2,250,PSO,3.6588269138392207
21,6,3,250,PSO,0.6919421548707305
21,6,4,250,PSO,1.9396242645508437
21,6,5,250,PSO,1.9421810049461783
21,6,6,250,PSO,3.1698092722916726
21,6,7,250,PSO,3.650449182568991
21,6,8,250,PSO,3.169843539887438
21,6,9,250,PSO,2.1218816733827452
21,6,10,250,PSO,3.1698091145341323
21,6,11,250,PSO,3.1698076464118685
21,6,12,250,PSO,1.937873420212327
21,6,13,250,PSO,4.621824700734578e-09
21,6,14,250,PSO,1.9385244316132457
21,6,15,250,PSO,3.169808191979996
21,6,16,250,PSO,2.6921043172478676e-10
21,6,17,250,PSO,3.652632708800752
21,6,18,250,PSO,9.930449484787005
21,6,19,250,PSO,3.1698135408278176
21,7,0,250,PSO,1.9377434014583343
21,7,1,250,PSO,5.781201780578996
21,7,2,250,PSO,2.559374934207881e-11
21,7,3,250,PSO,1.8030235100915348
21,7,4,250,PSO,2.04366253958635
21,7,5,250,PSO,4.6333070713444613e-10
21,7,6,250,PSO,2.0436798179283073
21,7,7,250,PSO,1.803021156620332
21,7,8,250,PSO,1.9377418759313656
21,7,9,250,PSO,2.0436617753224198
21,7,10,250,PSO,2.0436743102067254
21,7,11,250,PSO,0.6919562161855453
21,7,12,250,PSO,5.781235952768483
21,7,13,250,PSO,1.9377412831655079
21,7,14,250,PSO,3.637840111280269
21,7,15,250,PSO,2.7877758349234654
21,7,16,250,PSO,1.9377419388631125
21,7,17,250,PSO,3.297060402474017e-10
21,7,18,250,PSO,1.9377430787032637
21,7,19,250,PSO,7.453593298123451e-11
22,1,0,250,PSO,0.6918585919993347
22,1,1,250,PSO,0.6919327795598065
22,1,2,250,PSO,18.28830006334033
22,1,3,250,PSO,5.065580606886215
22,1,4,250,PSO,0.0009037889215051109
22,1,5,250,PSO,3.2966522667265963e-07
22,1,6,250,PSO,0.6919055897787985
22,1,7,250,PSO,2.5905899771163376
22,1,8,250,PSO,0.005937418493090263
22,1,9,250,PSO,30.082265311289007
22,1,10,250,PSO,18.28829845267046
22,1,11,250,PSO,0.0002437687475094208
22,1,12,250,PSO,0.691955380169361
22,1,13,250,PSO,0.6919000922360965
22,1,14,250,PSO,30.08222297459224
22,1,15,250,PSO,0.0036917066237265317
22,1,16,250,PSO,1.3464593848766526e-06
22,1,17,250,PSO,5.078194556514973
22,1,18,250,PSO,0.6918785375042944
22,1,19,250,PSO,18.288293415915746
22,2,0,250,PSO,1.9549999700241187
22,2,1,250,PSO,0.6918780324238014
22,2,2,250,PSO,7.273160633994621
22,2,3,250,PSO,0.6918748653718012
22,2,4,250,PSO,0.6918595879435543
22,2,5,250,PSO,0.0009292181198361504
22,2,6,250,PSO,1.9550012840880981
22,2,7,250,PSO,1.955000068824802
22,2,8,250,PSO,1.9550010456300697
22,2,9,250,PSO,2.5928327232140873
22,2,10,250,PSO,1.9550054961830483
22,2,11,250,PSO,2.591943072269146
22,2,12,250,PSO,0.6920031593889462
22,2,13,250,PSO,1.9550027088608886
22,2,14,250,PSO,0.6918624424018844
22,2,15,250,PSO,7.285741172032203
22,2,16,250,PSO,0.6918802809183262
22,2,17,250,PSO,1.9549999641750446
22,2,18,250,PSO,7.277305667857263
22,2,19,250,PSO,7.275120084895661
22,3,0,250,PSO,1.9550781150511085
22,3,1,250,PSO,0.6918621994068985
22,3,2,250,PSO,11.125674309175132
22,3,3,250,PSO,11.12563196633564
22,3,4,250,PSO,0.01747407911159371
22,3,5,250,PSO,0.023094589657439712
22,3,6,250,PSO,1.9551147603147
22,3,7,250,PSO,0.015211099817122431
22,3,8,250,PSO,1.955224226894586
22,3,9,250,PSO,0.015566330425500041
22,3,10,250,PSO,0.03809685628663573
22,3,11,250,PSO,0.14980519490237754
22,3,12,250,PSO,0.02545034242291422
22,3,13,250,PSO,1.9603789144035986
22,3,14,250,PSO,0.0009834765466507633
22,3,15,250,PSO,8.742758472966045
22,3,16,250,PSO,0.005119334260967889
22,3,17,250,PSO,0.004694857165304711
22,3,18,250,PSO,11.125634569146591
22,3,19,250,PSO,1.9559965019876415
22,4,0,250,PSO,7.271633477090575
22,4,1,250,PSO,7.271630493081318
22,4,2,250,PSO,7.2716342502092175
22,4,3,250,PSO,7.271635114558364
22,4,4,250,PSO,2.5905750675381114
22,4,5,250,PSO,0.6918631700996798
22,4,6,250,PSO,2.5905542646855224
22,4,7,250,PSO,2.590568191671764
22,4,8,250,PSO,7.271637226307121
22,4,9,250,PSO,7.27163330612774
22,4,10,250,PSO,7.271685231796482
22,4,11,250,PSO,7.271630586966182
22,4,12,250,PSO,7.271648896548925
22,4,13,250,PSO,0.00011077959277372429
22,4,14,250,PSO,7.271641584893473
22,4,15,250,PSO,9.037204489001965
22,4,16,250,PSO,7.271632146376987
22,4,17,250,PSO,7.271630147828375
22,4,18,250,PSO,7.271636396595056
22,4,19,250,PSO,7.27163218414222
22,5,0,250,PSO,8.742752521776673
22,5,1,250,PSO,0.6918655546890591
22,5,2,250,PSO,0.005037196804167365
22,5,3,250,PSO,25.47717834390611
22,5,4,250,PSO,1.2707893120023073e-06
22,5,5,250,PSO,0.6918585109406266
22,5,6,250,PSO,7.271631240368443
22,5,7,250,PSO,8.742754053985458
22,5,8,250,PSO,7.271637916121946
22,5,9,250,PSO,7.271638109805522
22,5,10,250,PSO,25.477136210998914
22,5,11,250,PSO,0.6918626184763852
22,5,12,250,PSO,0.6918595043103224
22,5,13,250,PSO,0.0008835763614172265
22,5,14,250,PSO,8.742768493108073
22,5,15,250,PSO,0.6918638999875739
22,5,16,250,PSO,0.6918641977952831
22,5,17,250,PSO,0.0054221470814965755
22,5,18,250,PSO,0.003449259108904812
22,5,19,250,PSO,0.6918602670000595
22,6,0,250,PSO,0.6918597616928182
22,6,1,250,PSO,0.6918602254454527
22,6,2,250,PSO,0.691857957033946
22,6,3,250,PSO,0.0009995842724919157
22,6,4,250,PSO,0.6918616159979578
22,6,5,250,PSO,0.6918604556326997
22,6,6,250,PSO,0.6918676178857623
22,6,7,250,PSO,0.6918633677692725
22,6,8,250,PSO,11.125691895050274
22,6,9,250,PSO,0.6918604364488061
22,6,10,250,PSO,0.6918616605319414
22,6,11,250,PSO,0.6918683767449068
22,6,12,250,PSO,0.691868146409945
22,6,13,250,PSO,5.062743876808575
22,6,14,250,PSO,5.062761697585913
22,6,15,250,PSO,7.300044124747274e-05
22,6,16,250,PSO,2.59459315471819
22,6,17,250,PSO,5.062746201038564
22,6,18,250,PSO,5.062756345740802
22,6,19,250,PSO,5.0627387705754
22,7,0,250,PSO,7.271877024129964
22,7,1,250,PSO,2.5908105164154733
22,7,2,250,PSO,5.078418270768509
22,7,3,250,PSO,0.0006413076083049418
22,7,4,250,PSO,2.590637123123912
22,7,5,250,PSO,2.590659707048985
22,7,6,250,PSO,2.590572858718076
22,7,7,250,PSO,7.271634010481023
22,7,8,250,PSO,7.271681264063972
22,7,9,250,PSO,2.04394459899504e-05
22,7,10,250,PSO,8.742762181274742
22,7,11,250,PSO,2.590595630866005
22,7,12,250,PSO,2.5906411390230346
22,7,13,250,PSO,0.0003848656866409783
22,7,14,250,PSO,8.742753575856966
22,7,15,250,PSO,7.271645735918668
22,7,16,250,PSO,0.0009315716091009563
22,7,17,250,PSO,7.271682931530108
22,7,18,250,PSO,0.7033042317015941
22,7,19,250,PSO,0.01930130541919084
23,1,0,250,PSO,0.9013553509799879
23,1,1,250,PSO,1.294572724421502
23,1,2,250,PSO,2.395905149521652
23,1,3,250,PSO,1.6414882277224132
23,1,4,250,PSO,0.9680650866423761
23,1,5,250,PSO,1.341494224295091
23,1,6,250,PSO,1.4965068639399588
23,1,7,250,PSO,1.0599044191000662
23,1,8,250,PSO,1.5598392715430593
23,1,9,250,PSO,0.7355303455117514
23,1,10,250,PSO,2.3350111445970834
23,1,11,250,PSO,1.5949312834947227
23,1,12,250,PSO,1.9679787541978806
23,1,13,250,PSO,1.0888234740148484
23,1,14,250,PSO,1.4484344448266642
23,1,15,250,PSO,0.9722679296004832
23,1,16,250,PSO,2.3264937471767224
23,1,17,250,PSO,2.0442146947892263
23,1,18,250,PSO,1.541782627892137
23,1,19,250,PSO,1.1628240721337244
23,2,0,250,PSO,1.601495881531841
23,2,1,250,PSO,1.661871386324014
23,2,2,250,PSO,1.708126580557236
23,2,3,250,PSO,1.4407598152260856
23,2,4,250,PSO,1.9401038134779665
23,2,5,250,PSO,0.787957123795888
23,2,6,250,PSO,0.8263143438769467
23,2,7,250,PSO,2.1041152964261873
23,2,8,250,PSO,1.547066746997053
23,2,9,250,PSO,1.9963288074192824
23,2,10,250,PSO,1.158973623970531
23,2,11,250,PSO,2.132219452517768
23,2,12,250,PSO,2.390467109107596
23,2,13,250,PSO,1.2992619301708819
23,2,14,250,PSO,2.627443895361075
23,2,15,250,PSO,1.848987176088122
23,2,16,250,PSO,1.4131399049509028
23,2,17,250,PSO,0.5510557981596893
23,2,18,250,PSO,1.2795586478119132
23,2,19,250,PSO,2.30419533943802
23,3,0,250,PSO,1.2718329138075717
23,3,1,250,PSO,2.2064750591259212
23,3,2,250,PSO,1.770048257097102
23,3,3,250,PSO,1.7247145647909576
23,3,4,250,PSO,1.4468374020951273
23,3,5,250,PSO,0.7437087687232236
23,3,6,250,PSO,1.2108381341139136
23,3,7,250,PSO,1.4336330153738004
23,3,8,250,PSO,0.5723394472147731
23,3,9,250,PSO,1.405591158685695
23,3,10,250,PSO,0.8338203650364164
23,3,11,250,PSO,1.6180454820506327
23,3,12,250,PSO,1.2209021227274093
23,3,13,250,PSO,1.4079457354382896
23,3,14,250,PSO,2.1247987434847175
23,3,15,250,PSO,2.064032692524819
23,3,16,250,PSO,0.543436552166213
23,3,17,250,PSO,1.6952734085343764
23,3,18,250,PSO,0.9270961103165405
23,3,19,250,PSO,1.1169462436630226
23,4,0,250,PSO,1.8369088514884595
23,4,1,250,PSO,2.716724897671753
23,4,2,250,PSO,1.6528999816341923
23,4,3,250,PSO,1.163735755534077
23,4,4,250,PSO,0.9335315975635297
23,4,5,250,PSO,2.0080137306842687
23,4,6,250,PSO,1.8917833234549164
23,4,7,250,PSO,1.121607910800435
23,4,8,250,PSO,3.0036763714329027
23,4,9,250,PSO,1.9403514778842634
23,4,10,250,PSO,0.9574988288928807
23,4,11,250,PSO,1.2628591729782954
23,4,12,250,PSO,2.2286316873842225
23,4,13,250,PSO,0.8678477211279301
23,4,14,250,PSO,2.287704959510336
23,4,15,250,PSO,0.9556012357109012
23,4,16,250,PSO,2.2281097612871577
23,4,17,250,PSO,1.21422836135784
23,4,18,250,PSO,1.65809950922403
23,4,19,250,PSO,1.9051700548417045
23,5,0,250,PSO,1.2464283527548332
23,5,1,250,PSO,2.3096431979973104
23,5,2,250,PSO,1.4460593770332792
23,5,3,250,PSO,1.670151258616329
23,5,4,250,PSO,1.7962151953403946
23,5,5,250,PSO,1.551848387249045
23,5,6,250,PSO,1.2721736823394139
23,5,7,250,PSO,1.6800190549933163
23,5,8,250,PSO,2.050526008836478
23,5,9,250,PSO,2.1009710814853193
23,5,10,250,PSO,0.9826770114312993
23,5,11,250,PSO,1.3754756022183372
23,5,12,250,PSO,2.268434920160672
23,5,13,250,PSO,0.5029246019255993
23,5,14,250,PSO,1.888458936812441
23,5,15,250,PSO,2.511317468278861
23,5,16,250,PSO,2.0267070042018247
23,5,17,250,PSO,1.272014092712027
23,5,18,250,PSO,1.0733508773102258
23,5,19,250,PSO,2.4370117208684263
23,6,0,250,PSO,1.0962546031825866
23,6,1,250,PSO,0.7728992869364077
23,6,2,250,PSO,2.5554353617380627
23,6,3,250,PSO,1.3240903598240408
23,6,4,250,PSO,1.5560563030514913
23,6,5,250,PSO,2.125751115941327
23,6,6,250,PSO,1.7407568852598558
23,6,7,250,PSO,1.4856448245200653
23,6,8,250,PSO,2.7821638823412513
23,6,9,250,PSO,1.4955995552961667
23,6,10,250,PSO,1.4881417927114313
23,6,11,250,PSO,0.9266034250600939
23,6,12,250,PSO,0.683160779215882
23,6,13,250,PSO,0.3878227947641335
23,6,14,250,PSO,2.012434914118856
23,6,15,250,PSO,0.8179350325884371
23,6,16,250,PSO,1.9110750729679893
23,6,17,250,PSO,1.3897320388649632
23,6,18,250,PSO,0.9155828723398969
23,6,19,250,PSO,2.5211592529743854
23,7,0,250,PSO,2.0607409258287817
23,7,1,250,PSO,1.7612427839302427
23,7,2,250,PSO,1.4934402205262813
23,7,3,250,PSO,1.2798267228778286
23,7,4,250,PSO,1.5812857084307552
23,7,5,250,PSO,2.787754107187766
23,7,6,250,PSO,1.404638935776802
23,7,7,250,PSO,1.6047788154584168
23,7,8,250,PSO,1.299664307037915
23,7,9,250,PSO,1.0733668351838332
23,7,10,250,PSO,1.8339435957823298
23,7,11,250,PSO,1.348727220706678
23,7,12,250,PSO,0.317908551664118
23,7,13,250,PSO,1.2176603083007649
23,7,14,250,PSO,1.0684789421054575
23,7,15,250,PSO,0.7955124091146217
23,7,16,250,PSO,2.0389819014044406
23,7,17,250,PSO,2.529492692176632
23,7,18,250,PSO,1.9827174788069897
23,7,19,250,PSO,1.7978770008726315
24,1,0,250,PSO,7.385008429438926
24,1,1,250,PSO,9.499803641159417
24,1,2,250,PSO,3.232447944332094
24,1,3,250,PSO,5.459257529246784
24,1,4,250,PSO,19.21187446423839
24,1,5,250,PSO,8.943386074369798
24,1,6,250,PSO,6.977925917608616
24,1,7,250,PSO,10.701070573104005
24,1,8,250,PSO,18.531451020737606
24,1,9,250,PSO,8.947470663352362
24,1,10,250,PSO,11.018711876967956
24,1,11,250,PSO,7.091147189235514
24,1,12,250,PSO,12.664790757498508
24,1,13,250,PSO,13.892251712035417
24,1,14,250,PSO,9.166002960670241
24,1,15,250,PSO,16.56617646781845
24,1,16,250,PSO,12.651203396878685
24,1,17,250,PSO,14.191687962969311
24,1,18,250,PSO,11.331495727027857
24,1,19,250,PSO,8.437958655767162
24,2,0,250,PSO,7.812037364937439
24,2,1,250,PSO,21.183398313069517
24,2,2,250,PSO,4.988790886929493
24,2,3,250,PSO,23.032568232679196
24,2,4,250,PSO,10.337162247818398
24,2,5,250,PSO,16.79940032999376
24,2,6,250,PSO,14.71203698304771
24,2,7,250,PSO,21.008450297776434
24,2,8,250,PSO,9.032976803671502
24,2,9,250,PSO,9.227325815271058
24,2,10,250,PSO,22.809774526284073
24,2,11,250,PSO,12.044272592008085
24,2,12,250,PSO,16.416889336072302
24,2,13,250,PSO,7.843072480352376
24,2,14,250,PSO,9.526879696210344
24,2,15,250,PSO,11.176512335435149
24,2,16,250,PSO,3.170823270936708
24,2,17,250,PSO,13.742931206951994
24,2,18,250,PSO,17.419418316084474
24,2,19,250,PSO,13.835244282967466
24,3,0,250,PSO,11.215665877708439
24,3,1,250,PSO,20.2106315100624
24,3,2,250,PSO,19.75402583997932
24,3,3,250,PSO,13.259345195517636
24,3,4,250,PSO,10.392370299348364
24,3,5,250,PSO,11.394638432398551
24,3,6,250,PSO,17.994517953382058
24,3,7,250,PSO,11.600063170785091
24,3,8,250,PSO,16.616207663472004
24,3,9,250,PSO,13.277509079054813
24,3,10,250,PSO,13.039191958277389
24,3,11,250,PSO,13.114683401566076
24,3,12,250,PSO,10.360727681810125
24,3,13,250,PSO,16.354924861323436
24,3,14,250,PSO,11.423452193397232
24,3,15,250,PSO,15.629729557231599
24,3,16,250,PSO,8.379801649268423
24,3,17,250,PSO,4.753746845451879
24,3,18,250,PSO,5.634780835665602
24,3,19,250,PSO,5.367986459578336
24,4,0,250,PSO,14.519678981645143
24,4,1,250,PSO,5.729060099712285
24,4,2,250,PSO,15.848677029590931
24,4,3,250,PSO,11.820952201830806
24,4,4,250,PSO,17.340706315392282
24,4,5,250,PSO,19.47802140602215
24,4,6,250,PSO,12.66640780685043
24,4,7,250,PSO,4.925359267128044
24,4,8,250,PSO,12.218732602477075
24,4,9,250,PSO,19.830417890107185
24,4,10,250,PSO,10.747169505945436
24,4,11,250,PSO,11.36095091752091
24,4,12,250,PSO,7.713022359531294
24,4,13,250,PSO,11.332092443667108
24,4,14,250,PSO,13.945352672643196
24,4,15,250,PSO,8.241782658844272
24,4,16,250,PSO,17.32815142489224
24,4,17,250,PSO,12.31264525112124
24,4,18,250,PSO,10.414258396899953
24,4,19,250,PSO,10.483470266533374
24,5,0,250,PSO,14.253739414097438
24,5,1,250,PSO,8.042182201041854
24,5,2,250,PSO,12.34717445218989
24,5,3,250,PSO,8.48938328538172
24,5,4,250,PSO,15.423266726071944
24,5,5,250,PSO,21.860198551133095
24,5,6,250,PSO,12.5315972833084
24,5,7,250,PSO,16.923913729948197
24,5,8,250,PSO,13.148669586596839
24,5,9,250,PSO,8.071427140706334
24,5,10,250,PSO,15.479616303346617
24,5,11,250,PSO,15.156387690179756
24,5,12,250,PSO,15.7430067865225
24,5,13,250,PSO,14.117025258451918
24,5,14,250,PSO,12.498330547052333
24,5,15,250,PSO,10.280979070312569
24,5,16,250,PSO,10.19387676484169
24,5,17,250,PSO,12.698940545242593
24,5,18,250,PSO,13.91234616831521
24,5,19,250,PSO,10.497735297180327
24,6,0,250,PSO,9.669643247304066
24,6,1,250,PSO,5.917446420534276
24,6,2,250,PSO,13.119568454651699
24,6,3,250,PSO,9.142758959365864
24,6,4,250,PSO,17.52496579292506
24,6,5,250,PSO,14.504895838983629
24,6,6,250,PSO,7.903860761755624
24,6,7,250,PSO,16.892650205530344
24,6,8,250,PSO,7.327770766176258
24,6,9,250,PSO,9.129217128248285
24,6,10,250,PSO,14.174351974602814
24,6,11,250,PSO,3.8574966057692848
24,6,12,250,PSO,19.247372463140834
24,6,13,250,PSO,12.639146519136148
24,6,14,250,PSO,7.638939162071978
24,6,15,250,PSO,10.260349934205863
24,6,16,250,PSO,14.199474790953246
24,6,17,250,PSO,11.976492023246522
24,6,18,250,PSO,10.385739120444953
24,6,19,250,PSO,4.930722617659825
24,7,0,250,PSO,13.854537335809653
24,7,1,250,PSO,6.881739738681119
24,7,2,250,PSO,11.38806251239862
24,7,3,250,PSO,18.323102188881705
24,7,4,250,PSO,10.046989100810606
24,7,5,250,PSO,12.755726296247985
24,7,6,250,PSO,17.75088126476294
24,7,7,250,PSO,5.035400769280045
24,7,8,250,PSO,17.375032987992654
24,7,9,250,PSO,13.327816438492619
24,7,10,250,PSO,12.328046159151711
24,7,11,250,PSO,8.339918405238336
24,7,12,250,PSO,9.612143533577296
24,7,13,250,PSO,13.788099262372612
24,7,14,250,PSO,9.25357687001457
24,7,15,250,PSO,8.673434650861793
24,7,16,250,PSO,4.235726294088579
24,7,17,250,PSO,13.531660354760334
24,7,18,250,PSO,28.456469889661378
24,7,19,250,PSO,15.824986025371686
