fid,iid,rep,a1_budget,algname,achieved_regret
1,1,0,250,BFGS,3.410605131648481e-13
1,1,1,250,BFGS,7.105427357601002e-14
1,1,2,250,BFGS,8.526512829121202e-14
1,1,3,250,BFGS,1.4210854715202004e-14
1,1,4,250,BFGS,7.105427357601002e-14
1,1,5,250,BFGS,1.2789769243681803e-13
1,1,6,250,BFGS,9.947598300641403e-14
1,1,7,250,BFGS,9.947598300641403e-14
1,1,8,250,BFGS,8.526512829121202e-14
1,1,9,250,BFGS,1.4210854715202004e-14
1,1,10,250,BFGS,4.973799150320701e-13
1,1,11,250,BFGS,8.526512829121202e-14
1,1,12,250,BFGS,4.263256414560601e-14
1,1,13,250,BFGS,2.842170943040401e-14
1,1,14,250,BFGS,2.842170943040401e-14
1,1,15,250,BFGS,7.105427357601002e-14
1,1,16,250,BFGS,2.842170943040401e-14
1,1,17,250,BFGS,5.684341886080802e-14
1,1,18,250,BFGS,1.4210854715202004e-13
1,1,19,250,BFGS,1.1368683772161603e-13
1,2,0,250,BFGS,1.1937117960769683e-12
1,2,1,250,BFGS,2.2737367544323206e-13
1,2,2,250,BFGS,5.343281372915953e-12
1,2,3,250,BFGS,6.821210263296962e-13
1,2,4,250,BFGS,3.979039320256561e-13
1,2,5,250,BFGS,6.821210263296962e-13
1,2,6,250,BFGS,1.1368683772161603e-13
1,2,7,250,BFGS,4.035882739117369e-12
1,2,8,250,BFGS,2.8421709430404007e-13
1,2,9,250,BFGS,1.7053025658242404e-13
1,2,10,250,BFGS,2.2168933355715126e-12
1,2,11,250,BFGS,2.2737367544323206e-13
1,2,12,250,BFGS,6.252776074688882e-13
1,2,13,250,BFGS,3.637978807091713e-12
1,2,14,250,BFGS,1.5916157281026244e-12
1,2,15,250,BFGS,5.115907697472721e-13
1,2,16,250,BFGS,1.3073986337985843e-12
1,2,17,250,BFGS,5.4001247917767614e-12
1,2,18,250,BFGS,4.547473508864641e-13
1,2,19,250,BFGS,2.2737367544323206e-13
1,3,0,250,BFGS,1.7053025658242404e-13
1,3,1,250,BFGS,2.2737367544323206e-13
1,3,2,250,BFGS,3.979039320256561e-13
1,3,3,250,BFGS,3.694822225952521e-13
1,3,4,250,BFGS,4.263256414560601e-13
1,3,5,250,BFGS,3.126388037344441e-13
1,3,6,250,BFGS,5.684341886080802e-14
1,3,7,250,BFGS,5.684341886080802e-14
1,3,8,250,BFGS,5.684341886080802e-14
1,3,9,250,BFGS,1.4210854715202004e-13
1,3,10,250,BFGS,2.5579538487363607e-13
1,3,11,250,BFGS,8.810729923425242e-13
1,3,12,250,BFGS,3.410605131648481e-13
1,3,13,250,BFGS,6.821210263296962e-13
1,3,14,250,BFGS,2.2737367544323206e-13
1,3,15,250,BFGS,4.263256414560601e-13
1,3,16,250,BFGS,8.526512829121202e-14
1,3,17,250,BFGS,3.694822225952521e-13
1,3,18,250,BFGS,8.526512829121202e-13
1,3,19,250,BFGS,2.5579538487363607e-13
1,4,0,250,BFGS,5.684341886080802e-14
1,4,1,250,BFGS,1.9895196601282805e-13
1,4,2,250,BFGS,2.5579538487363607e-13
1,4,3,250,BFGS,2.2737367544323206e-13
1,4,4,250,BFGS,1.9895196601282805e-13
1,4,5,250,BFGS,3.979039320256561e-13
1,4,6,250,BFGS,1.7053025658242404e-13
1,4,7,250,BFGS,2.842170943040401e-14
1,4,8,250,BFGS,2.8421709430404007e-13
1,4,9,250,BFGS,3.979039320256561e-13
1,4,10,250,BFGS,2.8421709430404007e-13
1,4,11,250,BFGS,7.389644451905042e-13
1,4,12,250,BFGS,5.684341886080802e-14
1,4,13,250,BFGS,3.694822225952521e-13
1,4,14,250,BFGS,4.263256414560601e-13
1,4,15,250,BFGS,2.2737367544323206e-13
1,4,16,250,BFGS,6.252776074688882e-13
1,4,17,250,BFGS,1.7053025658242404e-13
1,4,18,250,BFGS,1.7053025658242404e-13
1,4,19,250,BFGS,4.263256414560601e-13
1,5,0,250,BFGS,0.0
1,5,1,250,BFGS,3.552713678800501e-15
1,5,2,250,BFGS,7.105427357601002e-15
1,5,3,250,BFGS,0.0
1,5,4,250,BFGS,0.0
1,5,5,250,BFGS,3.552713678800501e-15
1,5,6,250,BFGS,7.105427357601002e-15
1,5,7,250,BFGS,1.0658141036401503e-14
1,5,8,250,BFGS,3.552713678800501e-15
1,5,9,250,BFGS,0.0
1,5,10,250,BFGS,2.1316282072803006e-14
1,5,11,250,BFGS,3.552713678800501e-15
1,5,12,250,BFGS,3.552713678800501e-15
1,5,13,250,BFGS,0.0
1,5,14,250,BFGS,3.552713678800501e-15
1,5,15,250,BFGS,0.0
1,5,16,250,BFGS,1.7763568394002505e-14
1,5,17,250,BFGS,3.552713678800501e-15
1,5,18,250,BFGS,3.552713678800501e-15
1,5,19,250,BFGS,3.552713678800501e-15
1,6,0,250,BFGS,3.126388037344441e-13
1,6,1,250,BFGS,1.9895196601282805e-13
1,6,2,250,BFGS,9.663381206337363e-13
1,6,3,250,BFGS,2.1600499167107046e-12
1,6,4,250,BFGS,5.400124791776761e-13
1,6,5,250,BFGS,1.7053025658242404e-13
1,6,6,250,BFGS,3.126388037344441e-13
1,6,7,250,BFGS,8.526512829121202e-14
1,6,8,250,BFGS,2.2737367544323206e-13
1,6,9,250,BFGS,8.810729923425242e-13
1,6,10,250,BFGS,5.684341886080802e-14
1,6,11,250,BFGS,4.263256414560601e-13
1,6,12,250,BFGS,4.263256414560601e-13
1,6,13,250,BFGS,4.263256414560601e-13
1,6,14,250,BFGS,3.979039320256561e-13
1,6,15,250,BFGS,1.2221335055073723e-12
1,6,16,250,BFGS,1.1368683772161603e-13
1,6,17,250,BFGS,2.8421709430404007e-13
1,6,18,250,BFGS,2.2737367544323206e-13
1,6,19,250,BFGS,4.263256414560601e-13
1,7,0,250,BFGS,1.0800249583553523e-11
1,7,1,250,BFGS,1.2960299500264227e-11
1,7,2,250,BFGS,2.6147972675971687e-12
1,7,3,250,BFGS,5.9117155615240335e-12
1,7,4,250,BFGS,4.092726157978177e-12
1,7,5,250,BFGS,1.4779288903810084e-12
1,7,6,250,BFGS,7.958078640513122e-12
1,7,7,250,BFGS,5.9117155615240335e-12
1,7,8,250,BFGS,5.229594535194337e-12
1,7,9,250,BFGS,1.3073986337985843e-11
1,7,10,250,BFGS,3.296918293926865e-12
1,7,11,250,BFGS,4.320099833421409e-12
1,7,12,250,BFGS,2.9558577807620168e-12
1,7,13,250,BFGS,7.958078640513122e-13
1,7,14,250,BFGS,1.6484591469634324e-11
1,7,15,250,BFGS,8.526512829121202e-12
1,7,16,250,BFGS,1.693933882052079e-11
1,7,17,250,BFGS,6.59383658785373e-12
1,7,18,250,BFGS,3.751665644813329e-12
1,7,19,250,BFGS,2.2737367544323206e-13
2,1,0,250,BFGS,4.860112312599085e-11
2,1,1,250,BFGS,3.76019215764245e-11
2,1,2,250,BFGS,3.7402969610411674e-11
2,1,3,250,BFGS,5.32054400537163e-11
2,1,4,250,BFGS,2.1657342585967854e-11
2,1,5,250,BFGS,4.368416739453096e-11
2,1,6,250,BFGS,5.4512838687514886e-11
2,1,7,250,BFGS,5.502442945726216e-11
2,1,8,250,BFGS,4.587263902067207e-11
2,1,9,250,BFGS,5.007905201637186e-11
2,1,10,250,BFGS,5.761080501542892e-11
2,1,11,250,BFGS,1.9610979506978765e-11
2,1,12,250,BFGS,3.9051428757375106e-11
2,1,13,250,BFGS,4.922640073345974e-11
2,1,14,250,BFGS,4.5787373892380856e-11
2,1,15,250,BFGS,4.4707348934025504e-11
2,1,16,250,BFGS,3.177547114319168e-11
2,1,17,250,BFGS,4.865796654485166e-11
2,1,18,250,BFGS,5.1102233555866405e-11
2,1,19,250,BFGS,4.936850928061176e-11
2,2,0,250,BFGS,5.4441784413938876e-11
2,2,1,250,BFGS,4.6128434405545704e-11
2,2,2,250,BFGS,5.594813501375029e-11
2,2,3,250,BFGS,3.787192781601334e-11
2,2,4,250,BFGS,2.9530156098189764e-11
2,2,5,250,BFGS,4.1097791836364195e-11
2,2,6,250,BFGS,3.497291345411213e-11
2,2,7,250,BFGS,4.25472990173148e-11
2,2,8,250,BFGS,3.7260861063259654e-11
2,2,9,250,BFGS,4.82316409033956e-11
2,2,10,250,BFGS,3.2443381314806174e-11
2,2,11,250,BFGS,4.4352077566145454e-11
2,2,12,250,BFGS,4.6142645260260906e-11
2,2,13,250,BFGS,4.845901457883883e-11
2,2,14,250,BFGS,5.3375970310298726e-11
2,2,15,250,BFGS,2.1103119252074976e-11
2,2,16,250,BFGS,5.0391690820106305e-11
2,2,17,250,BFGS,2.8677504815277644e-11
2,2,18,250,BFGS,4.7975845518521965e-11
2,2,19,250,BFGS,6.060929536033655e-11
2,3,0,250,BFGS,4.558842192636803e-11
2,3,1,250,BFGS,4.978062406735262e-11
2,3,2,250,BFGS,2.0307311388023663e-11
2,3,3,250,BFGS,5.076117304270156e-11
2,3,4,250,BFGS,4.200728653813712e-11
2,3,5,250,BFGS,4.455102953215828e-11
2,3,6,250,BFGS,4.907008133159252e-11
2,3,7,250,BFGS,1.5759837879159022e-11
2,3,8,250,BFGS,3.4290792427782435e-11
2,3,9,250,BFGS,4.3087311496492475e-11
2,3,10,250,BFGS,5.3077542361279484e-11
2,3,11,250,BFGS,5.150013748789206e-11
2,3,12,250,BFGS,3.142019977531163e-11
2,3,13,250,BFGS,5.3887561080046e-11
2,3,14,250,BFGS,3.632294465205632e-11
2,3,15,250,BFGS,4.969535893906141e-11
2,3,16,250,BFGS,5.4868110055394936e-11
2,3,17,250,BFGS,4.447997525858227e-11
2,3,18,250,BFGS,4.4991566028329544e-11
2,3,19,250,BFGS,5.084643817099277e-11
2,4,0,250,BFGS,1.944044925039634e-11
2,4,1,250,BFGS,9.549694368615746e-12
2,4,2,250,BFGS,4.3939962779404595e-11
2,4,3,250,BFGS,4.661160346586257e-11
2,4,4,250,BFGS,4.689582056016661e-11
2,4,5,250,BFGS,3.416289473534562e-11
2,4,6,250,BFGS,3.092281986027956e-11
2,4,7,250,BFGS,2.5295321393059567e-11
2,4,8,250,BFGS,5.519495971384458e-11
2,4,9,250,BFGS,5.4285465012071654e-11
2,4,10,250,BFGS,5.0874859880423173e-11
2,4,11,250,BFGS,3.0752289603697136e-11
2,4,12,250,BFGS,4.030198397231288e-11
2,4,13,250,BFGS,4.6497916628140956e-11
2,4,14,250,BFGS,3.9108272176235914e-11
2,4,15,250,BFGS,2.984279490192421e-11
2,4,16,250,BFGS,5.030642569181509e-11
2,4,17,250,BFGS,5.2239101933082566e-11
2,4,18,250,BFGS,4.246203388902359e-11
2,4,19,250,BFGS,5.468336894409731e-11
2,5,0,250,BFGS,5.1159076974727213e-11
2,5,1,250,BFGS,5.134381808602484e-11
2,5,2,250,BFGS,4.5773163037665654e-11
2,5,3,250,BFGS,2.6545876607997343e-11
2,5,4,250,BFGS,8.049028110690415e-11
2,5,5,250,BFGS,5.0803805606847163e-11
2,5,6,250,BFGS,5.1514348342607263e-11
2,5,7,250,BFGS,1.9753088054130785e-11
2,5,8,250,BFGS,5.5067062021407764e-11
2,5,9,250,BFGS,4.483524662646232e-11
2,5,10,250,BFGS,3.1519675758318044e-11
2,5,11,250,BFGS,5.356071142159635e-11
2,5,12,250,BFGS,5.420019988378044e-11
2,5,13,250,BFGS,4.573053047352005e-11
2,5,14,250,BFGS,4.838796030526282e-11
2,5,15,250,BFGS,3.494449174468173e-11
2,5,16,250,BFGS,4.375522166810697e-11
2,5,17,250,BFGS,3.522870883898577e-11
2,5,18,250,BFGS,5.489653176482534e-11
2,5,19,250,BFGS,3.373656909388956e-11
2,6,0,250,BFGS,5.4861004628037335e-11
2,6,1,250,BFGS,2.2289725620794343e-11
2,6,2,250,BFGS,5.454836582430289e-11
2,6,3,250,BFGS,3.395683734197519e-11
2,6,4,250,BFGS,4.18225454268395e-11
2,6,5,250,BFGS,5.4363624713005265e-11
2,6,6,250,BFGS,3.397104819669039e-11
2,6,7,250,BFGS,4.3364423163438914e-11
2,6,8,250,BFGS,2.8393287720973603e-11
2,6,9,250,BFGS,4.623501581590972e-11
2,6,10,250,BFGS,5.200462283028173e-11
2,6,11,250,BFGS,5.143618864167365e-11
2,6,12,250,BFGS,5.483968834596453e-11
2,6,13,250,BFGS,3.949196525354637e-11
2,6,14,250,BFGS,3.637978807091713e-11
2,6,15,250,BFGS,5.410782932813163e-11
2,6,16,250,BFGS,5.2452264753810596e-11
2,6,17,250,BFGS,4.6640025175292976e-11
2,6,18,250,BFGS,3.2656544135534205e-11
2,6,19,250,BFGS,5.3660187404602766e-11
2,7,0,250,BFGS,3.179323471158568e-11
2,7,1,250,BFGS,5.8406612879480235e-12
2,7,2,250,BFGS,4.376232709546457e-11
2,7,3,250,BFGS,4.1037395703824586e-11
2,7,4,250,BFGS,5.013589543523267e-11
2,7,5,250,BFGS,5.45874456747697e-11
2,7,6,250,BFGS,4.737898962048348e-11
2,7,7,250,BFGS,1.7564616427989677e-11
2,7,8,250,BFGS,2.7466029450806673e-11
2,7,9,250,BFGS,5.445244255497528e-11
2,7,10,250,BFGS,5.1606718898256076e-11
2,7,11,250,BFGS,5.1517901056286064e-11
2,7,12,250,BFGS,4.6430415068243747e-11
2,7,13,250,BFGS,5.3788085097039584e-11
2,7,14,250,BFGS,5.232436706137378e-11
2,7,15,250,BFGS,4.673239573094179e-11
2,7,16,250,BFGS,4.9318771289108554e-11
2,7,17,250,BFGS,5.062261720922834e-11
2,7,18,250,BFGS,5.2867932254230254e-11
2,7,19,250,BFGS,3.1313618364947615e-11
3,1,0,250,BFGS,3.979836228373358
3,1,1,250,BFGS,11.93947841276696
3,1,2,250,BFGS,10.944539552388164
3,1,3,250,BFGS,14.924350546227743
3,1,4,250,BFGS,2.9848771712800612
3,1,5,250,BFGS,3.9798362283732445
3,1,6,250,BFGS,6.964708361834084
3,1,7,250,BFGS,10.944539552388164
3,1,8,250,BFGS,0.9949590570933537
3,1,9,250,BFGS,7.959667418927495
3,1,10,250,BFGS,10.944519355674004
3,1,11,250,BFGS,5.9697493047407875
3,1,12,250,BFGS,6.964708361833971
3,1,13,250,BFGS,9.949580495294867
3,1,14,250,BFGS,6.964708361834141
3,1,15,250,BFGS,8.954601241487183
3,1,16,250,BFGS,10.94451935567372
3,1,17,250,BFGS,13.92939148913456
3,1,18,250,BFGS,8.95462143820157
3,1,19,250,BFGS,5.9697493047407875
3,2,0,250,BFGS,10.944539552388221
3,2,1,250,BFGS,1.9899181141866933
3,2,2,250,BFGS,16.914263622595286
3,2,3,250,BFGS,6.96470836183417
3,2,4,250,BFGS,5.969749304740873
3,2,5,250,BFGS,13.929391489134531
3,2,6,250,BFGS,5.969749304740802
3,2,7,250,BFGS,8.95462143820167
3,2,8,250,BFGS,6.964708361834141
3,2,9,250,BFGS,4.974790247647491
3,2,10,250,BFGS,3.979836228373344
3,2,11,250,BFGS,6.964708361834099
3,2,12,250,BFGS,4.974790247647519
3,2,13,250,BFGS,3.9798311905542505
3,2,14,250,BFGS,15.919309603321167
3,2,15,250,BFGS,9.949580495295038
3,2,16,250,BFGS,7.959667418927367
3,2,17,250,BFGS,4.974790247647491
3,2,18,250,BFGS,4.974790247647533
3,2,19,250,BFGS,6.964708361834241
3,3,0,250,BFGS,6.964708361834184
3,3,1,250,BFGS,6.96470836183417
3,3,2,250,BFGS,0.9949590570934106
3,3,3,250,BFGS,4.974790247647476
3,3,4,250,BFGS,14.924350546227885
3,3,5,250,BFGS,4.974790247647491
3,3,6,250,BFGS,7.959667418927339
3,3,7,250,BFGS,9.949580495294981
3,3,8,250,BFGS,8.954601241487183
3,3,9,250,BFGS,4.974790247647633
3,3,10,250,BFGS,2.984877171280033
3,3,11,250,BFGS,2.9848771712799476
3,3,12,250,BFGS,3.979831190554407
3,3,13,250,BFGS,3.979831190554293
3,3,14,250,BFGS,4.974790247647547
3,3,15,250,BFGS,6.964708361834113
3,3,16,250,BFGS,9.949580495294953
3,3,17,250,BFGS,4.974790247647562
3,3,18,250,BFGS,8.95462143820167
3,3,19,250,BFGS,3.9798362283733155
3,4,0,250,BFGS,10.944539552388216
3,4,1,250,BFGS,5.96974930474086
3,4,2,250,BFGS,10.9445395523883
3,4,3,250,BFGS,6.964708361834057
3,4,4,250,BFGS,4.974790247647547
3,4,5,250,BFGS,2.9848771712800044
3,4,6,250,BFGS,2.9848771712800377
3,4,7,250,BFGS,2.984877171280123
3,4,8,250,BFGS,3.9798362283733346
3,4,9,250,BFGS,4.9747902476474675
3,4,10,250,BFGS,8.954621438201535
3,4,11,250,BFGS,3.979836228373405
3,4,12,250,BFGS,3.979836228373451
3,4,13,250,BFGS,6.964708361834049
3,4,14,250,BFGS,5.969749304740856
3,4,15,250,BFGS,9.949580495294976
3,4,16,250,BFGS,5.969749304740793
3,4,17,250,BFGS,10.944539552388273
3,4,18,250,BFGS,1.9899181141867146
3,4,19,250,BFGS,13.929391489134424
3,5,0,250,BFGS,7.959667418927552
3,5,1,250,BFGS,2.984877171280033
3,5,2,250,BFGS,5.9697493047407875
3,5,3,250,BFGS,2.984877171279919
3,5,4,250,BFGS,2.9848771712799476
3,5,5,250,BFGS,2.9848771712800612
3,5,6,250,BFGS,7.959667418927438
3,5,7,250,BFGS,12.934432432041262
3,5,8,250,BFGS,5.969749304740873
3,5,9,250,BFGS,1.9899181141867643
3,5,10,250,BFGS,2.984877171280033
3,5,11,250,BFGS,7.959662381108387
3,5,12,250,BFGS,4.974790247647633
3,5,13,250,BFGS,14.9243505462278
3,5,14,250,BFGS,14.924350546228027
3,5,15,250,BFGS,2.9848771712800612
3,5,16,250,BFGS,18.90416154006755
3,5,17,250,BFGS,14.924350546227714
3,5,18,250,BFGS,4.974795285466769
3,5,19,250,BFGS,12.934452628755821
3,6,0,250,BFGS,6.964708361834141
3,6,1,250,BFGS,5.969749304740731
3,6,2,250,BFGS,11.939478412767016
3,6,3,250,BFGS,10.944519355674174
3,6,4,250,BFGS,7.959667418927324
3,6,5,250,BFGS,12.934437469860427
3,6,6,250,BFGS,6.964708361834255
3,6,7,250,BFGS,12.934437469860313
3,6,8,250,BFGS,5.969749304740844
3,6,9,250,BFGS,6.9647083618340275
3,6,10,250,BFGS,9.949580495295095
3,6,11,250,BFGS,12.934437469860313
3,6,12,250,BFGS,5.969749304740731
3,6,13,250,BFGS,10.944539552388164
3,6,14,250,BFGS,6.964708361834255
3,6,15,250,BFGS,4.974790247647547
3,6,16,250,BFGS,9.949580495294867
3,6,17,250,BFGS,2.9848771712800044
3,6,18,250,BFGS,25.868824287756752
3,6,19,250,BFGS,5.969749304740731
3,7,0,250,BFGS,1.989918114186807
3,7,1,250,BFGS,5.969749304740869
3,7,2,250,BFGS,1.9899181141868425
3,7,3,250,BFGS,10.944539552388235
3,7,4,250,BFGS,6.964708361834138
3,7,5,250,BFGS,3.979836228373351
3,7,6,250,BFGS,7.9596623811084015
3,7,7,250,BFGS,13.929391489134677
3,7,8,250,BFGS,11.93949357166236
3,7,9,250,BFGS,8.954621438201563
3,7,10,250,BFGS,6.964708361834177
3,7,11,250,BFGS,6.964708361834109
3,7,12,250,BFGS,7.95966741892741
3,7,13,250,BFGS,6.964708361834063
3,7,14,250,BFGS,2.98487717127999
3,7,15,250,BFGS,6.9647083618342585
3,7,16,250,BFGS,9.949580495294988
3,7,17,250,BFGS,5.969749304740731
3,7,18,250,BFGS,2.984877171280054
3,7,19,250,BFGS,11.939478412767034
4,1,0,250,BFGS,15.919309603321153
4,1,1,250,BFGS,8.954621438202821
4,1,2,250,BFGS,31.83859397210881
4,1,3,250,BFGS,9.949580495294867
4,1,4,250,BFGS,6.964708361834255
4,1,5,250,BFGS,2.9848771712808
4,1,6,250,BFGS,15.91930960332121
4,1,7,250,BFGS,9.949580495294924
4,1,8,250,BFGS,10.944539552388278
4,1,9,250,BFGS,15.919324762216547
4,1,10,250,BFGS,6.964708361834255
4,1,11,250,BFGS,18.904181736781823
4,1,12,250,BFGS,8.954621438201514
4,1,13,250,BFGS,14.9243505462278
4,1,14,250,BFGS,4.974790247647604
4,1,15,250,BFGS,18.904181736781823
4,1,16,250,BFGS,25.86880409104191
4,1,17,250,BFGS,10.944539552388278
4,1,18,250,BFGS,22.883952154295685
4,1,19,250,BFGS,12.93443746986037
4,2,0,250,BFGS,18.90412096374159
4,2,1,250,BFGS,6.964708361834084
4,2,2,250,BFGS,11.939478412766945
4,2,3,250,BFGS,3.9798362283733724
4,2,4,250,BFGS,12.934452628755736
4,2,5,250,BFGS,12.934452628755878
4,2,6,250,BFGS,12.93445262875575
4,2,7,250,BFGS,5.969749304740759
4,2,8,250,BFGS,30.843594338689314
4,2,9,250,BFGS,6.964708361839158
4,2,10,250,BFGS,13.929411685849061
4,2,11,250,BFGS,6.964708361834127
4,2,12,250,BFGS,2.984877171284893
4,2,13,250,BFGS,37.8082774659899
4,2,14,250,BFGS,25.868824287756453
4,2,15,250,BFGS,12.934437469860399
4,2,16,250,BFGS,4.974790247647633
4,2,17,250,BFGS,21.889033673528402
4,2,18,250,BFGS,9.949580495298036
4,2,19,250,BFGS,17.90922267968861
4,3,0,250,BFGS,30.84347223928296
4,3,1,250,BFGS,6.964708361834184
4,3,2,250,BFGS,10.944539552388235
4,3,3,250,BFGS,8.954621438201656
4,3,4,250,BFGS,33.82834437274386
4,3,5,250,BFGS,9.949580495294896
4,3,6,250,BFGS,10.944539552388292
4,3,7,250,BFGS,17.909222679688696
4,3,8,250,BFGS,1.3817498256685212e-09
4,3,9,250,BFGS,16.914283819309702
4,3,10,250,BFGS,28.85369642121728
4,3,11,250,BFGS,18.90416154006755
4,3,12,250,BFGS,14.924350546227942
4,3,13,250,BFGS,14.924350546227913
4,3,14,250,BFGS,14.924350546227913
4,3,15,250,BFGS,7.959667418927509
4,3,16,250,BFGS,21.88905387024269
4,3,17,250,BFGS,8.954621438202011
4,3,18,250,BFGS,21.88899309720469
4,3,19,250,BFGS,16.914283819309844
4,4,0,250,BFGS,7.959667418927466
4,4,1,250,BFGS,1.989918114186795
4,4,2,250,BFGS,9.949580495294896
4,4,3,250,BFGS,14.924350546227888
4,4,4,250,BFGS,2.9848771712799618
4,4,5,250,BFGS,21.889053870242734
4,4,6,250,BFGS,11.93947841276696
4,4,7,250,BFGS,9.949580495294898
4,4,8,250,BFGS,10.944539552388239
4,4,9,250,BFGS,7.959667418927491
4,4,10,250,BFGS,25.868824287756446
4,4,11,250,BFGS,9.949580495294835
4,4,12,250,BFGS,11.939478412767158
4,4,13,250,BFGS,22.88395215429564
4,4,14,250,BFGS,4.974795285466617
4,4,15,250,BFGS,5.969749304740771
4,4,16,250,BFGS,12.9344526287558
4,4,17,250,BFGS,9.949580495294821
4,4,18,250,BFGS,33.82840569910987
4,4,19,250,BFGS,13.929411685849054
4,5,0,250,BFGS,5.969749304740844
4,5,1,250,BFGS,13.929411685849061
4,5,2,250,BFGS,6.96470836183417
4,5,3,250,BFGS,21.888993097202444
4,5,4,250,BFGS,14.924350546227942
4,5,5,250,BFGS,9.949580495294953
4,5,6,250,BFGS,8.954621438201599
4,5,7,250,BFGS,9.949580495294981
4,5,8,250,BFGS,7.959667418927751
4,5,9,250,BFGS,2.9848771712800044
4,5,10,250,BFGS,16.9142838193099
4,5,11,250,BFGS,8.954621438201656
4,5,12,250,BFGS,18.904181736781993
4,5,13,250,BFGS,6.96470836183417
4,5,14,250,BFGS,6.964708361834141
4,5,15,250,BFGS,7.959667418927495
4,5,16,250,BFGS,13.929411685852472
4,5,17,250,BFGS,7.9596674189274665
4,5,18,250,BFGS,4.974790247647547
4,5,19,250,BFGS,9.949580495294953
4,6,0,250,BFGS,31.83843129637637
4,6,1,250,BFGS,26.863823921175708
4,6,2,250,BFGS,2.984877171280118
4,6,3,250,BFGS,7.959667418927324
4,6,4,250,BFGS,6.964708361837552
4,6,5,250,BFGS,21.8889930972025
4,6,6,250,BFGS,5.969749304740844
4,6,7,250,BFGS,11.93947841276713
4,6,8,250,BFGS,0.9949590571936824
4,6,9,250,BFGS,9.949580495294981
4,6,10,250,BFGS,16.914283819309958
4,6,11,250,BFGS,9.949580495294981
4,6,12,250,BFGS,10.944539552388392
4,6,13,250,BFGS,15.919324762216661
4,6,14,250,BFGS,9.949580495295095
4,6,15,250,BFGS,21.888993097202388
4,6,16,250,BFGS,6.9647083618340275
4,6,17,250,BFGS,8.954621438205436
4,6,18,250,BFGS,21.888993097202274
4,6,19,250,BFGS,17.909222679688696
4,7,0,250,BFGS,9.94958049529492
4,7,1,250,BFGS,6.964708361834063
4,7,2,250,BFGS,5.969749304740844
4,7,3,250,BFGS,9.9495804952949
4,7,4,250,BFGS,2.9848771712800186
4,7,5,250,BFGS,8.954621438201563
4,7,6,250,BFGS,12.934452628755768
4,7,7,250,BFGS,2.9848771712800755
4,7,8,250,BFGS,4.974795285466637
4,7,9,250,BFGS,9.949580495294917
4,7,10,250,BFGS,5.969749304740741
4,7,11,250,BFGS,3.9798362283733937
4,7,12,250,BFGS,12.934452628755714
4,7,13,250,BFGS,6.964708361834134
4,7,14,250,BFGS,28.85369642121737
4,7,15,250,BFGS,2.9848771712802105
4,7,16,250,BFGS,9.949580495295017
4,7,17,250,BFGS,9.949580495294946
4,7,18,250,BFGS,13.929411685852301
4,7,19,250,BFGS,13.929411685849033
5,1,0,250,BFGS,2.627630803795814
5,1,1,250,BFGS,0.0
5,1,2,250,BFGS,6.5052304769398095
5,1,3,250,BFGS,8.752770881086697
5,1,4,250,BFGS,0.0
5,1,5,250,BFGS,1.8962693565142485
5,1,6,250,BFGS,17.261562535302932
5,1,7,250,BFGS,1.0497681692300755
5,1,8,250,BFGS,0.0
5,1,9,250,BFGS,0.0
5,1,10,250,BFGS,0.0
5,1,11,250,BFGS,0.0
5,1,12,250,BFGS,4.338668148816458
5,1,13,250,BFGS,1.6423348806371196
5,1,14,250,BFGS,0.0
5,1,15,250,BFGS,0.0
5,1,16,250,BFGS,0.1046591810625852
5,1,17,250,BFGS,0.0
5,1,18,250,BFGS,0.0
5,1,19,250,BFGS,0.09088249982691643
5,2,0,250,BFGS,4.038524337380295
5,2,1,250,BFGS,6.862243283200428
5,2,2,250,BFGS,9.619981799584593
5,2,3,250,BFGS,0.0
5,2,4,250,BFGS,7.389785126790457
5,2,5,250,BFGS,0.0
5,2,6,250,BFGS,0.0
5,2,7,250,BFGS,1.9714826460999575
5,2,8,250,BFGS,0.0
5,2,9,250,BFGS,5.70189380502768
5,2,10,250,BFGS,0.0
5,2,11,250,BFGS,0.0
5,2,12,250,BFGS,9.06567374851602
5,2,13,250,BFGS,5.589520647482914
5,2,14,250,BFGS,0.0
5,2,15,250,BFGS,0.0
5,2,16,250,BFGS,0.0
5,2,17,250,BFGS,0.0
5,2,18,250,BFGS,0.0
5,2,19,250,BFGS,8.542759346016055
5,3,0,250,BFGS,0.0
5,3,1,250,BFGS,0.642817229590591
5,3,2,250,BFGS,0.03123707301341483
5,3,3,250,BFGS,0.0
5,3,4,250,BFGS,12.823793418428835
5,3,5,250,BFGS,0.0
5,3,6,250,BFGS,0.0
5,3,7,250,BFGS,0.0
5,3,8,250,BFGS,9.512670474019387
5,3,9,250,BFGS,0.0
5,3,10,250,BFGS,0.0
5,3,11,250,BFGS,0.0
5,3,12,250,BFGS,0.0
5,3,13,250,BFGS,0.0
5,3,14,250,BFGS,5.141303958773349
5,3,15,250,BFGS,0.0
5,3,16,250,BFGS,7.712507008057315
5,3,17,250,BFGS,6.814690845154061
5,3,18,250,BFGS,0.0
5,3,19,250,BFGS,0.7111568620741053
5,4,0,250,BFGS,0.0
5,4,1,250,BFGS,9.834355045835878
5,4,2,250,BFGS,0.0
5,4,3,250,BFGS,0.0
5,4,4,250,BFGS,0.0
5,4,5,250,BFGS,1.2086696898190894
5,4,6,250,BFGS,0.0
5,4,7,250,BFGS,0.0
5,4,8,250,BFGS,0.0
5,4,9,250,BFGS,0.0
5,4,10,250,BFGS,5.77258714436698
5,4,11,250,BFGS,0.0
5,4,12,250,BFGS,0.0
5,4,13,250,BFGS,1.3967400496420623
5,4,14,250,BFGS,0.7948734054172064
5,4,15,250,BFGS,0.0
5,4,16,250,BFGS,0.0
5,4,17,250,BFGS,7.396000829195373
5,4,18,250,BFGS,21.888124519665553
5,4,19,250,BFGS,0.0
5,5,0,250,BFGS,0.0
5,5,1,250,BFGS,0.0
5,5,2,250,BFGS,0.0
5,5,3,250,BFGS,3.822642884939512
5,5,4,250,BFGS,0.0
5,5,5,250,BFGS,6.876716022148742
5,5,6,250,BFGS,0.0
5,5,7,250,BFGS,6.694183306121857
5,5,8,250,BFGS,0.0
5,5,9,250,BFGS,0.0
5,5,10,250,BFGS,5.9645035302050005
5,5,11,250,BFGS,0.0
5,5,12,250,BFGS,6.79729553594947
5,5,13,250,BFGS,6.791986307966255
5,5,14,250,BFGS,0.0
5,5,15,250,BFGS,0.0
5,5,16,250,BFGS,0.0
5,5,17,250,BFGS,0.0
5,5,18,250,BFGS,0.010928944271256569
5,5,19,250,BFGS,1.9423300025537955
5,6,0,250,BFGS,2.791215835030698
5,6,1,250,BFGS,0.0
5,6,2,250,BFGS,5.781771442810509
5,6,3,250,BFGS,0.0
5,6,4,250,BFGS,0.0
5,6,5,250,BFGS,2.434946514628166
5,6,6,250,BFGS,0.0
5,6,7,250,BFGS,8.111381447069391
5,6,8,250,BFGS,0.0
5,6,9,250,BFGS,0.0
5,6,10,250,BFGS,17.713107199566707
5,6,11,250,BFGS,0.0
5,6,12,250,BFGS,0.0
5,6,13,250,BFGS,0.0
5,6,14,250,BFGS,0.0
5,6,15,250,BFGS,9.779610833083666
5,6,16,250,BFGS,0.0
5,6,17,250,BFGS,0.0
5,6,18,250,BFGS,1.3743081390115321
5,6,19,250,BFGS,0.0
5,7,0,250,BFGS,0.0
5,7,1,250,BFGS,9.83435504583585
5,7,2,250,BFGS,0.0
5,7,3,250,BFGS,0.0
5,7,4,250,BFGS,0.0
5,7,5,250,BFGS,1.2086696898190894
5,7,6,250,BFGS,0.0
5,7,7,250,BFGS,0.0
5,7,8,250,BFGS,0.0
5,7,9,250,BFGS,0.0
5,7,10,250,BFGS,5.772587144367009
5,7,11,250,BFGS,0.0
5,7,12,250,BFGS,0.0
5,7,13,250,BFGS,1.396740049642034
5,7,14,250,BFGS,0.7948734054171922
5,7,15,250,BFGS,0.0
5,7,16,250,BFGS,0.0
5,7,17,250,BFGS,7.396000829195401
5,7,18,250,BFGS,21.88812451966551
5,7,19,250,BFGS,0.0
6,1,0,250,BFGS,1.997811693854601e-08
6,1,1,250,BFGS,4.806283513403287e-07
6,1,2,250,BFGS,3.61035111069441e-05
6,1,3,250,BFGS,1.5844683787236136e-08
6,1,4,250,BFGS,0.00046358230737553185
6,1,5,250,BFGS,7.807561296147014e-06
6,1,6,250,BFGS,4.163567943749058e-06
6,1,7,250,BFGS,5.150688799915315e-06
6,1,8,250,BFGS,9.255269617369777e-08
6,1,9,250,BFGS,8.076216253982693e-06
6,1,10,250,BFGS,5.993272367277314e-08
6,1,11,250,BFGS,3.1670057865085255e-07
6,1,12,250,BFGS,9.537842515783268e-09
6,1,13,250,BFGS,1.8698384849358263e-06
6,1,14,250,BFGS,9.865818002197102e-05
6,1,15,250,BFGS,2.099375748798593e-06
6,1,16,250,BFGS,7.961025261238319e-08
6,1,17,250,BFGS,1.6144685240249146e-05
6,1,18,250,BFGS,1.6344053214822907e-05
6,1,19,250,BFGS,5.7217254159525055e-05
6,2,0,250,BFGS,5.9030316634789415e-08
6,2,1,250,BFGS,2.952690433133398e-05
6,2,2,250,BFGS,7.516096545145956e-08
6,2,3,250,BFGS,5.88888937613774e-09
6,2,4,250,BFGS,2.2218917550276274e-07
6,2,5,250,BFGS,5.4086730749247636e-05
6,2,6,250,BFGS,5.653587991361064e-05
6,2,7,250,BFGS,2.040793845026201e-08
6,2,8,250,BFGS,9.435565573312488e-08
6,2,9,250,BFGS,1.4554451865933515e-08
6,2,10,250,BFGS,9.173156634290081e-07
6,2,11,250,BFGS,2.846874842532543e-07
6,2,12,250,BFGS,4.1110850190761994e-07
6,2,13,250,BFGS,1.2708010999062935e-07
6,2,14,250,BFGS,4.384176222060887e-08
6,2,15,250,BFGS,0.0005336473016264165
6,2,16,250,BFGS,2.678438665526528e-06
6,2,17,250,BFGS,2.8973236609886044e-07
6,2,18,250,BFGS,2.9174265993248127e-05
6,2,19,250,BFGS,1.2067875587717936e-08
6,3,0,250,BFGS,1.2640725799428765e-07
6,3,1,250,BFGS,8.960768809629371e-06
6,3,2,250,BFGS,0.00011042053824894538
6,3,3,250,BFGS,4.719754542747978e-08
6,3,4,250,BFGS,0.00010309838103239599
6,3,5,250,BFGS,7.363685995187552e-05
6,3,6,250,BFGS,5.4323436415870674e-08
6,3,7,250,BFGS,1.6603769381617894e-06
6,3,8,250,BFGS,8.322966641571838e-05
6,3,9,250,BFGS,1.941816094586102e-06
6,3,10,250,BFGS,0.00018777991010665573
6,3,11,250,BFGS,9.375980880577117e-09
6,3,12,250,BFGS,2.8945805752300657e-09
6,3,13,250,BFGS,0.0002651560045023871
6,3,14,250,BFGS,1.8432979231874924e-07
6,3,15,250,BFGS,0.0008418032317649704
6,3,16,250,BFGS,5.3431563173944596e-08
6,3,17,250,BFGS,3.009936335729435e-07
6,3,18,250,BFGS,1.8197126792074414e-06
6,3,19,250,BFGS,1.548444288346218e-07
6,4,0,250,BFGS,2.1383783632700215e-08
6,4,1,250,BFGS,2.6418464926791785e-07
6,4,2,250,BFGS,4.568635119994724e-06
6,4,3,250,BFGS,0.005635638960512779
6,4,4,250,BFGS,1.2815802250543129e-05
6,4,5,250,BFGS,3.1278943879442522e-09
6,4,6,250,BFGS,0.004655795351567349
6,4,7,250,BFGS,4.4466546000876406e-06
6,4,8,250,BFGS,0.0002392308177832092
6,4,9,250,BFGS,0.0021645671064618455
6,4,10,250,BFGS,0.000916755967040217
6,4,11,250,BFGS,6.550244791014848e-07
6,4,12,250,BFGS,5.397951383656618e-07
6,4,13,250,BFGS,9.320388016931247e-09
6,4,14,250,BFGS,0.0007354421628633645
6,4,15,250,BFGS,0.0002659013486265849
6,4,16,250,BFGS,1.7313628006832005e-06
6,4,17,250,BFGS,5.88063824125129e-06
6,4,18,250,BFGS,0.3307578125060502
6,4,19,250,BFGS,6.229782658806471e-05
6,5,0,250,BFGS,8.295450129480741e-06
6,5,1,250,BFGS,5.198943085815699e-06
6,5,2,250,BFGS,0.0001500917148860026
6,5,3,250,BFGS,5.564311322814319e-08
6,5,4,250,BFGS,1.7223919712705538e-06
6,5,5,250,BFGS,0.00024136883303071954
6,5,6,250,BFGS,7.560311132692732e-08
6,5,7,250,BFGS,0.0005082243432070754
6,5,8,250,BFGS,1.570447409449116e-05
6,5,9,250,BFGS,1.350529146293411e-07
6,5,10,250,BFGS,1.050599962582055e-05
6,5,11,250,BFGS,2.2582298697670922e-08
6,5,12,250,BFGS,2.8289491638133768e-08
6,5,13,250,BFGS,5.7462798395135906e-05
6,5,14,250,BFGS,2.222964212705847e-08
6,5,15,250,BFGS,4.963879291608464e-06
6,5,16,250,BFGS,3.0399860406760126e-10
6,5,17,250,BFGS,3.598145212890813e-07
6,5,18,250,BFGS,6.533974135436438e-05
6,5,19,250,BFGS,2.944679067695688e-06
6,6,0,250,BFGS,4.672884301726299e-10
6,6,1,250,BFGS,1.1016453527190606e-08
6,6,2,250,BFGS,2.098612352696705e-05
6,6,3,250,BFGS,5.687139862331492e-05
6,6,4,250,BFGS,0.0006358052864356978
6,6,5,250,BFGS,7.23125790358381e-06
6,6,6,250,BFGS,0.001973057002096823
6,6,7,250,BFGS,0.0008283472938259706
6,6,8,250,BFGS,3.2326443744068456e-07
6,6,9,250,BFGS,9.663751903588036e-06
6,6,10,250,BFGS,1.4533831208751735e-05
6,6,11,250,BFGS,0.00015682778389347618
6,6,12,250,BFGS,0.0008630548071408839
6,6,13,250,BFGS,1.652064099744166e-06
6,6,14,250,BFGS,9.422691640281755e-07
6,6,15,250,BFGS,4.292116610571384e-06
6,6,16,250,BFGS,0.00010077900978799903
6,6,17,250,BFGS,1.7961702170055105e-07
6,6,18,250,BFGS,3.384504356773732e-06
6,6,19,250,BFGS,3.2170074248938363e-07
6,7,0,250,BFGS,1.294126576567578e-06
6,7,1,250,BFGS,3.91465846405481e-08
6,7,2,250,BFGS,0.00459542720028594
6,7,3,250,BFGS,7.72475664234662e-06
6,7,4,250,BFGS,2.6722091206465848e-09
6,7,5,250,BFGS,1.1643184308240961e-05
6,7,6,250,BFGS,3.329347464386956e-08
6,7,7,250,BFGS,3.452564953931869e-07
6,7,8,250,BFGS,1.5682216996992793e-05
6,7,9,250,BFGS,1.3682103656265099e-05
6,7,10,250,BFGS,0.00027539273099819184
6,7,11,250,BFGS,1.64545591019305e-05
6,7,12,250,BFGS,2.8203602397525174e-05
6,7,13,250,BFGS,0.000114312009486639
6,7,14,250,BFGS,7.010498848103452e-10
6,7,15,250,BFGS,4.263537789483962e-08
6,7,16,250,BFGS,4.716756589573379e-05
6,7,17,250,BFGS,7.731340440386703e-05
6,7,18,250,BFGS,1.4052284086574218e-05
6,7,19,250,BFGS,1.6965771010291064e-09
7,1,0,250,BFGS,1.8336524315755156
7,1,1,250,BFGS,2.502280361979018
7,1,2,250,BFGS,1.8336524315755156
7,1,3,250,BFGS,3.768881571133633
7,1,4,250,BFGS,0.6255700904947616
7,1,5,250,BFGS,4.232243476002637
7,1,6,250,BFGS,0.16880850305317097
7,1,7,250,BFGS,0.7292472856768768
7,1,8,250,BFGS,4.4314744927960135
7,1,9,250,BFGS,4.232243476002637
7,1,10,250,BFGS,1.8336524315755156
7,1,11,250,BFGS,1.8336524315755156
7,1,12,250,BFGS,2.0580292852763478
7,1,13,250,BFGS,1.8336524315755156
7,1,14,250,BFGS,1.8336524315755156
7,1,15,250,BFGS,1.8336524315755156
7,1,16,250,BFGS,4.4314744927960135
7,1,17,250,BFGS,3.768881571133633
7,1,18,250,BFGS,0.5539059383043821
7,1,19,250,BFGS,0.45841310789387535
7,2,0,250,BFGS,0.7193688205577118
7,2,1,250,BFGS,1.5823328832889985
7,2,2,250,BFGS,0.10136585252121222
7,2,3,250,BFGS,0.13894061035986738
7,2,4,250,BFGS,0.1336256221221035
7,2,5,250,BFGS,0.13055305030514575
7,2,6,250,BFGS,0.1336256221221035
7,2,7,250,BFGS,1.7159663336647455
7,2,8,250,BFGS,0.24024273056730294
7,2,9,250,BFGS,0.18982748005335282
7,2,10,250,BFGS,0.13894061035986738
7,2,11,250,BFGS,0.6278054266430075
7,2,12,250,BFGS,0.17424565083200605
7,2,13,250,BFGS,1.1161636110302666
7,2,14,250,BFGS,2.314107936134654
7,2,15,250,BFGS,0.17018780178683102
7,2,16,250,BFGS,0.729675922768692
7,2,17,250,BFGS,0.729675922768692
7,2,18,250,BFGS,0.6202210602827378
7,2,19,250,BFGS,0.22392528175093673
7,3,0,250,BFGS,4.730752796173057
7,3,1,250,BFGS,3.7580514922118806
7,3,2,250,BFGS,1.486469838137443
7,3,3,250,BFGS,4.1104480232334115
7,3,4,250,BFGS,0.35187288729245614
7,3,5,250,BFGS,0.15679496480545563
7,3,6,250,BFGS,2.9204859436567303
7,3,7,250,BFGS,0.41120147104248383
7,3,8,250,BFGS,0.3799317070480295
7,3,9,250,BFGS,0.3579904206331066
7,3,10,250,BFGS,5.203402387560068
7,3,11,250,BFGS,1.5369941008509476
7,3,12,250,BFGS,0.5343798438656235
7,3,13,250,BFGS,0.9727139119044783
7,3,14,250,BFGS,0.9943429185702288
7,3,15,250,BFGS,1.5050367316989175
7,3,16,250,BFGS,1.564494607402088
7,3,17,250,BFGS,2.1434504616913244
7,3,18,250,BFGS,0.318334602378052
7,3,19,250,BFGS,0.4666181632209798
7,4,0,250,BFGS,0.616143895851728
7,4,1,250,BFGS,0.238516864146483
7,4,2,250,BFGS,1.4574763492436347
7,4,3,250,BFGS,1.0149452947959396
7,4,4,250,BFGS,0.32878480347640604
7,4,5,250,BFGS,0.880959241803172
7,4,6,250,BFGS,1.1240831637619948
7,4,7,250,BFGS,0.21064647402203818
7,4,8,250,BFGS,0.21064647402203818
7,4,9,250,BFGS,1.1949619708970651
7,4,10,250,BFGS,0.21064647402203818
7,4,11,250,BFGS,0.18271710727909962
7,4,12,250,BFGS,0.06854915563573627
7,4,13,250,BFGS,2.3551760060305966
7,4,14,250,BFGS,1.9983976597211246
7,4,15,250,BFGS,3.2137536316608717
7,4,16,250,BFGS,0.21064647402203818
7,4,17,250,BFGS,0.21064647402203818
7,4,18,250,BFGS,0.23359619925308195
7,4,19,250,BFGS,0.08488698603909839
7,5,0,250,BFGS,1.9231873765050125
7,5,1,250,BFGS,2.48970054652132
7,5,2,250,BFGS,0.3529944993923664
7,5,3,250,BFGS,1.5000761172547215
7,5,4,250,BFGS,0.3529944993923664
7,5,5,250,BFGS,1.4834709345537078
7,5,6,250,BFGS,1.8768778940517166
7,5,7,250,BFGS,0.3529944993923664
7,5,8,250,BFGS,0.03505593229738224
7,5,9,250,BFGS,2.48970054652132
7,5,10,250,BFGS,1.8867681085312995
7,5,11,250,BFGS,1.3894441487489786
7,5,12,250,BFGS,0.03871065470551116
7,5,13,250,BFGS,0.19292957054847193
7,5,14,250,BFGS,2.48970054652132
7,5,15,250,BFGS,0.8458143585292106
7,5,16,250,BFGS,3.039309311073083
7,5,17,250,BFGS,0.47394796518651106
7,5,18,250,BFGS,2.3929086660991175
7,5,19,250,BFGS,0.4012809643238029
7,6,0,250,BFGS,1.3635076594805184
7,6,1,250,BFGS,0.517960464504398
7,6,2,250,BFGS,0.7274289057007124
7,6,3,250,BFGS,0.7177221998805976
7,6,4,250,BFGS,2.5846384114351224
7,6,5,250,BFGS,6.068396562010221
7,6,6,250,BFGS,2.5846384114351224
7,6,7,250,BFGS,0.2978749350602783
7,6,8,250,BFGS,1.1590390710504934
7,6,9,250,BFGS,5.437814069392836
7,6,10,250,BFGS,1.2420774217398574
7,6,11,250,BFGS,1.1816778497443465
7,6,12,250,BFGS,1.2427452253518467
7,6,13,250,BFGS,0.7177221998805976
7,6,14,250,BFGS,3.3975949034732125
7,6,15,250,BFGS,0.06336264299167027
7,6,16,250,BFGS,2.5029281079601446
7,6,17,250,BFGS,0.08950430723999858
7,6,18,250,BFGS,0.03397594903473333
7,6,19,250,BFGS,2.8526122207726274
7,7,0,250,BFGS,0.7246539810070516
7,7,1,250,BFGS,0.08687782230009589
7,7,2,250,BFGS,1.2685523419761608
7,7,3,250,BFGS,2.3458269187062655
7,7,4,250,BFGS,0.4221648588601852
7,7,5,250,BFGS,0.7162710928845684
7,7,6,250,BFGS,0.8380987671540083
7,7,7,250,BFGS,2.2274871834238184
7,7,8,250,BFGS,0.3065619036038214
7,7,9,250,BFGS,0.22435311071343733
7,7,10,250,BFGS,0.40930728932613647
7,7,11,250,BFGS,1.1289163822270893
7,7,12,250,BFGS,1.2451846331648966
7,7,13,250,BFGS,0.5722646570446841
7,7,14,250,BFGS,0.6615076101169848
7,7,15,250,BFGS,1.3548171222676189
7,7,16,250,BFGS,1.0646018346355106
7,7,17,250,BFGS,0.6896898985450122
7,7,18,250,BFGS,0.6187796557055094
7,7,19,250,BFGS,1.20643904632648
8,1,0,250,BFGS,3.444711182964966e-11
8,1,1,250,BFGS,3.5981884138891473e-11
8,1,2,250,BFGS,1.5830892152735032e-11
8,1,3,250,BFGS,1.6513013179064728e-11
8,1,4,250,BFGS,2.3732127374387346e-11
8,1,5,250,BFGS,2.708588908717502e-11
8,1,6,250,BFGS,2.100364326906856e-11
8,1,7,250,BFGS,2.177102942368947e-11
8,1,8,250,BFGS,3.93083943415607
8,1,9,250,BFGS,4.030198397231288e-11
8,1,10,250,BFGS,2.3561597117804922e-11
8,1,11,250,BFGS,2.842170943040401e-14
8,1,12,250,BFGS,4.058620106661692e-11
8,1,13,250,BFGS,5.545075509871822e-11
8,1,14,250,BFGS,3.7204017644398846e-11
8,1,15,250,BFGS,5.834976946061943e-11
8,1,16,250,BFGS,3.9308394341533983
8,1,17,250,BFGS,3.5697667044587433e-11
8,1,18,250,BFGS,3.3452351999585517e-11
8,1,19,250,BFGS,3.885247679136228e-11
8,2,0,250,BFGS,3.8767211663071066e-11
8,2,1,250,BFGS,4.069988790433854e-11
8,2,2,250,BFGS,1.1709744285326451e-11
8,2,3,250,BFGS,3.728928277269006e-11
8,2,4,250,BFGS,1.8690116121433675e-10
8,2,5,250,BFGS,6.036771083017811e-11
8,2,6,250,BFGS,1.1368683772161603e-13
8,2,7,250,BFGS,1.4233592082746327e-10
8,2,8,250,BFGS,1.9099388737231493e-11
8,2,9,250,BFGS,4.433786671143025e-11
8,2,10,250,BFGS,3.930839434202994
8,2,11,250,BFGS,3.930839434182758
8,2,12,250,BFGS,3.9308394341850317
8,2,13,250,BFGS,3.637978807091713e-12
8,2,14,250,BFGS,3.9308394341418307
8,2,15,250,BFGS,2.9103830456733704e-11
8,2,16,250,BFGS,2.5011104298755527e-12
8,2,17,250,BFGS,3.9308394341336452
8,2,18,250,BFGS,6.480149750132114e-12
8,2,19,250,BFGS,3.61524143954739e-11
8,3,0,250,BFGS,2.8705926524708048e-11
8,3,1,250,BFGS,5.3503868002735544e-11
8,3,2,250,BFGS,4.229150363244116e-11
8,3,3,250,BFGS,3.7900349525443744e-11
8,3,4,250,BFGS,4.143885234952904e-11
8,3,5,250,BFGS,5.027800398238469e-11
8,3,6,250,BFGS,3.934985670639435e-11
8,3,7,250,BFGS,5.937295100011397e-11
8,3,8,250,BFGS,4.366995653981576e-11
8,3,9,250,BFGS,4.4281023292569444e-11
8,3,10,250,BFGS,3.207389909221092e-11
8,3,11,250,BFGS,1.8559376258053817e-11
8,3,12,250,BFGS,4.132516551180743e-11
8,3,13,250,BFGS,2.4215296434704214e-11
8,3,14,250,BFGS,5.0945914153999183e-11
8,3,15,250,BFGS,3.589661901060026e-11
8,3,16,250,BFGS,4.2447823034308385e-11
8,3,17,250,BFGS,4.345679371908773e-11
8,3,18,250,BFGS,4.5005776883044746e-11
8,3,19,250,BFGS,6.228617621673038e-11
8,4,0,250,BFGS,3.9308394341638433
8,4,1,250,BFGS,4.9190873596671736e-11
8,4,2,250,BFGS,3.930839434161868
8,4,3,250,BFGS,3.3502089991088724e-11
8,4,4,250,BFGS,5.17914600095537e-11
8,4,5,250,BFGS,5.240252676230739e-11
8,4,6,250,BFGS,3.930839434159161
8,4,7,250,BFGS,4.6554760047001764e-11
8,4,8,250,BFGS,4.644817863663775e-11
8,4,9,250,BFGS,5.67510483051592e-11
8,4,10,250,BFGS,3.9308394341586848
8,4,11,250,BFGS,4.7130299662967445e-11
8,4,12,250,BFGS,3.9308394341592887
8,4,13,250,BFGS,5.721290108340327e-11
8,4,14,250,BFGS,4.978772949471022e-11
8,4,15,250,BFGS,4.89137619297253e-11
8,4,16,250,BFGS,5.2011728257639334e-11
8,4,17,250,BFGS,4.7755577270436333e-11
8,4,18,250,BFGS,3.993250174971763e-11
8,4,19,250,BFGS,4.589395530274487e-11
8,5,0,250,BFGS,3.930839434160717
8,5,1,250,BFGS,4.7549519877065904e-11
8,5,2,250,BFGS,5.4008353345125215e-11
8,5,3,250,BFGS,5.1606718898256076e-11
8,5,4,250,BFGS,4.4863668335892726e-11
8,5,5,250,BFGS,5.502442945726216e-11
8,5,6,250,BFGS,4.89137619297253e-11
8,5,7,250,BFGS,5.2594373300962616e-11
8,5,8,250,BFGS,4.89421836391557e-11
8,5,9,250,BFGS,3.817035576503258e-11
8,5,10,250,BFGS,4.61000126961153e-11
8,5,11,250,BFGS,5.069722419648315e-11
8,5,12,250,BFGS,5.1237236675660824e-11
8,5,13,250,BFGS,3.9308394341625075
8,5,14,250,BFGS,4.9389825562684564e-11
8,5,15,250,BFGS,5.454126039694529e-11
8,5,16,250,BFGS,5.0391690820106305e-11
8,5,17,250,BFGS,4.863665026277886e-11
8,5,18,250,BFGS,4.9666937229631e-11
8,5,19,250,BFGS,4.865086111749406e-11
8,6,0,250,BFGS,7.935341272968799e-11
8,6,1,250,BFGS,1.5518253349000588e-11
8,6,2,250,BFGS,6.514255801448599e-11
8,6,3,250,BFGS,3.012701199622825e-11
8,6,4,250,BFGS,4.18367562815547e-11
8,6,5,250,BFGS,2.6773250283440575e-11
8,6,6,250,BFGS,2.1600499167107046e-12
8,6,7,250,BFGS,1.5575096767861396e-11
8,6,8,250,BFGS,1.6200374375330284e-11
8,6,9,250,BFGS,3.5925040720030665e-11
8,6,10,250,BFGS,3.325340003357269e-11
8,6,11,250,BFGS,4.3371528590796515e-11
8,6,12,250,BFGS,5.780975698144175e-11
8,6,13,250,BFGS,8.913048077374697e-11
8,6,14,250,BFGS,1.4381384971784428e-11
8,6,15,250,BFGS,5.3091753215994686e-11
8,6,16,250,BFGS,2.0691004465334117e-11
8,6,17,250,BFGS,6.639311322942376e-11
8,6,18,250,BFGS,4.263256414560601e-11
8,6,19,250,BFGS,3.041122909053229e-11
8,7,0,250,BFGS,3.780087354243733e-11
8,7,1,250,BFGS,1.9952040020143613e-11
8,7,2,250,BFGS,5.1301185521879233e-11
8,7,3,250,BFGS,2.4357404981856234e-11
8,7,4,250,BFGS,2.2538415578310378e-11
8,7,5,250,BFGS,5.326228347257711e-11
8,7,6,250,BFGS,5.999822860758286e-11
8,7,7,250,BFGS,5.476863407238852e-11
8,7,8,250,BFGS,4.632738637155853e-11
8,7,9,250,BFGS,4.814637577510439e-11
8,7,10,250,BFGS,2.034994395216927e-11
8,7,11,250,BFGS,3.1235458664014004e-11
8,7,12,250,BFGS,4.098410499864258e-11
8,7,13,250,BFGS,2.0548895918182097e-11
8,7,14,250,BFGS,3.851141627819743e-11
8,7,15,250,BFGS,1.27613475342514e-11
8,7,16,250,BFGS,1.8189894035458565e-11
8,7,17,250,BFGS,5.7127635955112055e-11
8,7,18,250,BFGS,3.225864020350855e-11
8,7,19,250,BFGS,4.5361048250924796e-11
9,1,0,250,BFGS,2.9700686354772188e-12
9,1,1,250,BFGS,2.984279490192421e-13
9,1,2,250,BFGS,1.4921397450962104e-12
9,1,3,250,BFGS,6.110667527536862e-13
9,1,4,250,BFGS,7.958078640513122e-13
9,1,5,250,BFGS,6.821210263296962e-13
9,1,6,250,BFGS,5.258016244624741e-13
9,1,7,250,BFGS,7.958078640513122e-13
9,1,8,250,BFGS,1.9184653865522705e-12
9,1,9,250,BFGS,1.3784529073745944e-12
9,1,10,250,BFGS,3.694822225952521e-13
9,1,11,250,BFGS,1.1510792319313623e-12
9,1,12,250,BFGS,9.947598300641403e-14
9,1,13,250,BFGS,1.7905676941154525e-12
9,1,14,250,BFGS,3.930839434139372
9,1,15,250,BFGS,6.394884621840902e-13
9,1,16,250,BFGS,1.4068746168049984e-12
9,1,17,250,BFGS,3.930839434139486
9,1,18,250,BFGS,4.263256414560601e-14
9,1,19,250,BFGS,5.968558980384842e-13
9,2,0,250,BFGS,8.881784197001252e-13
9,2,1,250,BFGS,1.5489831639570184e-12
9,2,2,250,BFGS,1.7621459846850485e-12
9,2,3,250,BFGS,1.3145040611561853e-12
9,2,4,250,BFGS,1.8616219676914625e-12
9,2,5,250,BFGS,3.9308394341331905
9,2,6,250,BFGS,1.6342482922482304e-12
9,2,7,250,BFGS,1.2434497875801753e-12
9,2,8,250,BFGS,1.0658141036401503e-12
9,2,9,250,BFGS,1.2363443602225743e-12
9,2,10,250,BFGS,1.9824142327706795e-12
9,2,11,250,BFGS,3.9308394341335884
9,2,12,250,BFGS,1.7337242752546445e-12
9,2,13,250,BFGS,1.3500311979441904e-12
9,2,14,250,BFGS,1.2363443602225743e-12
9,2,15,250,BFGS,1.1652900866465643e-12
9,2,16,250,BFGS,1.7550405573274475e-12
9,2,17,250,BFGS,1.3002932064409833e-12
9,2,18,250,BFGS,1.4068746168049984e-12
9,2,19,250,BFGS,1.6768808563938364e-12
9,3,0,250,BFGS,1.7976731214730535e-12
9,3,1,250,BFGS,1.2150280781497713e-12
9,3,2,250,BFGS,3.930839434133148
9,3,3,250,BFGS,2.5082158572331537e-12
9,3,4,250,BFGS,1.2647660696529783e-12
9,3,5,250,BFGS,4.192202140984591e-13
9,3,6,250,BFGS,1.4921397450962104e-12
9,3,7,250,BFGS,8.100187187665142e-13
9,3,8,250,BFGS,1.7976731214730535e-12
9,3,9,250,BFGS,2.2808421817899216e-12
9,3,10,250,BFGS,1.6768808563938364e-12
9,3,11,250,BFGS,1.3926637620897964e-12
9,3,12,250,BFGS,1.7053025658242404e-12
9,3,13,250,BFGS,1.4850343177386094e-12
9,3,14,250,BFGS,1.4779288903810084e-12
9,3,15,250,BFGS,1.4352963262354024e-12
9,3,16,250,BFGS,3.930839434133169
9,3,17,250,BFGS,1.9184653865522705e-12
9,3,18,250,BFGS,8.100187187665142e-13
9,3,19,250,BFGS,1.7550405573274475e-12
9,4,0,250,BFGS,3.126388037344441e-13
9,4,1,250,BFGS,3.930839434135919
9,4,2,250,BFGS,3.930839434134853
9,4,3,250,BFGS,2.7000623958883807e-13
9,4,4,250,BFGS,3.268496584496461e-13
9,4,5,250,BFGS,1.7053025658242404e-13
9,4,6,250,BFGS,1.2789769243681803e-13
9,4,7,250,BFGS,3.410605131648481e-13
9,4,8,250,BFGS,1.5631940186722204e-13
9,4,9,250,BFGS,8.526512829121202e-14
9,4,10,250,BFGS,1.2789769243681803e-13
9,4,11,250,BFGS,2.1316282072803006e-13
9,4,12,250,BFGS,1.1368683772161603e-13
9,4,13,250,BFGS,3.930839434134768
9,4,14,250,BFGS,1.7053025658242404e-13
9,4,15,250,BFGS,1.1368683772161603e-13
9,4,16,250,BFGS,2.4158453015843406e-13
9,4,17,250,BFGS,1.2789769243681803e-13
9,4,18,250,BFGS,1.1368683772161603e-13
9,4,19,250,BFGS,1.2789769243681803e-13
9,5,0,250,BFGS,2.1316282072803006e-13
9,5,1,250,BFGS,3.552713678800501e-13
9,5,2,250,BFGS,2.2737367544323206e-13
9,5,3,250,BFGS,4.831690603168681e-13
9,5,4,250,BFGS,3.979039320256561e-13
9,5,5,250,BFGS,2.5579538487363607e-13
9,5,6,250,BFGS,1.9895196601282805e-13
9,5,7,250,BFGS,5.968558980384842e-13
9,5,8,250,BFGS,1.7053025658242404e-13
9,5,9,250,BFGS,7.247535904753022e-13
9,5,10,250,BFGS,2.1316282072803006e-13
9,5,11,250,BFGS,7.105427357601002e-13
9,5,12,250,BFGS,8.526512829121202e-13
9,5,13,250,BFGS,4.263256414560601e-13
9,5,14,250,BFGS,3.694822225952521e-13
9,5,15,250,BFGS,3.410605131648481e-13
9,5,16,250,BFGS,4.689582056016661e-13
9,5,17,250,BFGS,5.968558980384842e-13
9,5,18,250,BFGS,2.1316282072803006e-13
9,5,19,250,BFGS,2.4158453015843406e-13
9,6,0,250,BFGS,2.0691004465334117e-11
9,6,1,250,BFGS,1.8985701899509877e-11
9,6,2,250,BFGS,2.3703705664956942e-11
9,6,3,250,BFGS,3.9335645851679146e-11
9,6,4,250,BFGS,7.048583938740194e-12
9,6,5,250,BFGS,3.871036824421026e-11
9,6,6,250,BFGS,3.1604940886609256e-11
9,6,7,250,BFGS,5.17843545821961e-11
9,6,8,250,BFGS,1.1084466677857563e-11
9,6,9,250,BFGS,1.7394086171407253e-11
9,6,10,250,BFGS,5.411493475548923e-11
9,6,11,250,BFGS,5.928768587182276e-11
9,6,12,250,BFGS,2.6489033189136535e-11
9,6,13,250,BFGS,2.5409008230781183e-11
9,6,14,250,BFGS,3.9308394341382495
9,6,15,250,BFGS,1.1993961379630491e-11
9,6,16,250,BFGS,1.659827830735594e-11
9,6,17,250,BFGS,2.5295321393059567e-11
9,6,18,250,BFGS,6.957634468562901e-11
9,6,19,250,BFGS,3.228706191293895e-11
9,7,0,250,BFGS,7.776890242894297e-12
9,7,1,250,BFGS,4.241940132487798e-12
9,7,2,250,BFGS,7.887024366937112e-12
9,7,3,250,BFGS,7.830180948076304e-12
9,7,4,250,BFGS,7.627676268384675e-12
9,7,5,250,BFGS,7.702283255639486e-12
9,7,6,250,BFGS,3.930839434146307
9,7,7,250,BFGS,8.65796323523682e-12
9,7,8,250,BFGS,8.892442338037654e-12
9,7,9,250,BFGS,3.9308394341449926
9,7,10,250,BFGS,8.128608897095546e-12
9,7,11,250,BFGS,8.320455435750773e-12
9,7,12,250,BFGS,7.883471653258312e-12
9,7,13,250,BFGS,7.645439836778678e-12
9,7,14,250,BFGS,5.8832938520936295e-12
9,7,15,250,BFGS,8.739675649849232e-12
9,7,16,250,BFGS,7.617018127348274e-12
9,7,17,250,BFGS,8.640199666842818e-12
9,7,18,250,BFGS,8.526512829121202e-12
9,7,19,250,BFGS,7.922551503725117e-12
10,1,0,250,BFGS,1.2978925951756537e-05
10,1,1,250,BFGS,9.436892710823486e-06
10,1,2,250,BFGS,2.6517779076584702e-05
10,1,3,250,BFGS,8.016654057030337e-06
10,1,4,250,BFGS,1.7580686439089277e-05
10,1,5,250,BFGS,6.941088238221482e-05
10,1,6,250,BFGS,5.755968928156108e-06
10,1,7,250,BFGS,1.0776740076323676e-05
10,1,8,250,BFGS,1.0116405277926788e-06
10,1,9,250,BFGS,6.233813541456357e-05
10,1,10,250,BFGS,1.2842730257034418e-07
10,1,11,250,BFGS,9.58860839261888e-06
10,1,12,250,BFGS,7.817150255107208e-06
10,1,13,250,BFGS,3.980168168737919e-05
10,1,14,250,BFGS,9.420138269433664e-07
10,1,15,250,BFGS,7.490675102417299e-07
10,1,16,250,BFGS,6.408563706372661e-07
10,1,17,250,BFGS,2.043412033003733e-05
10,1,18,250,BFGS,2.36549800689545e-05
10,1,19,250,BFGS,1.394830814405168e-05
10,2,0,250,BFGS,7.235909393443762e-06
10,2,1,250,BFGS,1.7568886718777321e-06
10,2,2,250,BFGS,4.137709900930986e-06
10,2,3,250,BFGS,1.4495206812625838e-06
10,2,4,250,BFGS,1.942514700203901e-06
10,2,5,250,BFGS,1.047973720602613e-05
10,2,6,250,BFGS,3.070436576990687e-06
10,2,7,250,BFGS,2.9944437997642126e-05
10,2,8,250,BFGS,5.338620425732188e-07
10,2,9,250,BFGS,4.364701108983127e-05
10,2,10,250,BFGS,2.877756344332738e-08
10,2,11,250,BFGS,6.12992423043579e-07
10,2,12,250,BFGS,6.097924341474936e-06
10,2,13,250,BFGS,8.658480282974779e-06
10,2,14,250,BFGS,1.255122248267071e-05
10,2,15,250,BFGS,5.2752032857483755e-06
10,2,16,250,BFGS,1.681798522668032e-08
10,2,17,250,BFGS,2.2633523265369604e-05
10,2,18,250,BFGS,1.7905024805031644e-06
10,2,19,250,BFGS,2.5483097019218803e-06
10,3,0,250,BFGS,2.3266341031558113e-07
10,3,1,250,BFGS,0.0006284815739263649
10,3,2,250,BFGS,0.00017913214486497964
10,3,3,250,BFGS,3.8868916306000756e-05
10,3,4,250,BFGS,1.3590451999334618e-06
10,3,5,250,BFGS,2.8249632634924637e-05
10,3,6,250,BFGS,3.0151553005453025e-05
10,3,7,250,BFGS,1.0652479431882966e-07
10,3,8,250,BFGS,4.982283655863284e-06
10,3,9,250,BFGS,3.480037605640973e-06
10,3,10,250,BFGS,6.386296206528641e-06
10,3,11,250,BFGS,2.2627471594205417e-06
10,3,12,250,BFGS,5.376934950618306e-06
10,3,13,250,BFGS,9.731311308769364e-06
10,3,14,250,BFGS,3.2594686103948334e-05
10,3,15,250,BFGS,2.9973824382523162e-05
10,3,16,250,BFGS,7.505086387027404e-06
10,3,17,250,BFGS,4.882687278495723e-06
10,3,18,250,BFGS,8.668420548474387e-06
10,3,19,250,BFGS,2.339140166895959e-06
10,4,0,250,BFGS,0.00011418919385164372
10,4,1,250,BFGS,9.708630045679456e-06
10,4,2,250,BFGS,1.9900957681784348e-07
10,4,3,250,BFGS,5.60859677989356e-05
10,4,4,250,BFGS,2.0020905822093482e-07
10,4,5,250,BFGS,3.0010909910060946e-05
10,4,6,250,BFGS,3.1302247691655793e-05
10,4,7,250,BFGS,2.2586829686588317e-06
10,4,8,250,BFGS,2.6541616563235948e-05
10,4,9,250,BFGS,4.829115434290543e-05
10,4,10,250,BFGS,6.282084683562061e-06
10,4,11,250,BFGS,3.391966535559732e-05
10,4,12,250,BFGS,8.24806309651649e-06
10,4,13,250,BFGS,1.829203898751075e-05
10,4,14,250,BFGS,1.402632051394903e-06
10,4,15,250,BFGS,7.557987061090898e-06
10,4,16,250,BFGS,8.390881873765466e-07
10,4,17,250,BFGS,4.503824868606898e-07
10,4,18,250,BFGS,7.0613047569167975e-06
10,4,19,250,BFGS,8.660345287125892e-06
10,5,0,250,BFGS,2.536171450628899e-06
10,5,1,250,BFGS,5.110348411108134e-07
10,5,2,250,BFGS,1.0631703162289341e-07
10,5,3,250,BFGS,9.478549145569559e-08
10,5,4,250,BFGS,2.8310272455200902e-06
10,5,5,250,BFGS,1.2126389492550516e-07
10,5,6,250,BFGS,1.405746786531381e-06
10,5,7,250,BFGS,6.063895625629812e-07
10,5,8,250,BFGS,5.580469917276787e-06
10,5,9,250,BFGS,6.531138865284447e-07
10,5,10,250,BFGS,1.5305255374187254e-06
10,5,11,250,BFGS,3.181209876856883e-06
10,5,12,250,BFGS,6.096959737078578e-07
10,5,13,250,BFGS,1.3640971019412973e-07
10,5,14,250,BFGS,8.34402442251303e-07
10,5,15,250,BFGS,9.318023330706637e-08
10,5,16,250,BFGS,1.414198322891025e-07
10,5,17,250,BFGS,4.4532458787216456e-07
10,5,18,250,BFGS,4.490446485760913e-07
10,5,19,250,BFGS,3.324605586385587e-07
10,6,0,250,BFGS,5.634511630603356e-07
10,6,1,250,BFGS,3.743328989003203e-07
10,6,2,250,BFGS,4.1001641548632506e-07
10,6,3,250,BFGS,6.578147011992996e-06
10,6,4,250,BFGS,1.4475216758569331e-07
10,6,5,250,BFGS,1.037279300675209e-06
10,6,6,250,BFGS,1.0345522252208639e-06
10,6,7,250,BFGS,5.045732187625163e-07
10,6,8,250,BFGS,5.71335098342729e-07
10,6,9,250,BFGS,8.247345757439462e-07
10,6,10,250,BFGS,3.9858086609001475e-08
10,6,11,250,BFGS,4.777913016340563e-07
10,6,12,250,BFGS,1.8484298323073745e-06
10,6,13,250,BFGS,1.9431977982264925e-07
10,6,14,250,BFGS,5.889623011512413e-09
10,6,15,250,BFGS,2.87645978147566e-08
10,6,16,250,BFGS,7.938336370472143e-07
10,6,17,250,BFGS,1.894049894701766e-07
10,6,18,250,BFGS,2.308660080885261e-06
10,6,19,250,BFGS,3.210745518344993e-07
10,7,0,250,BFGS,2.4186238192669407e-05
10,7,1,250,BFGS,5.812703818719456e-06
10,7,2,250,BFGS,6.631679525526124e-07
10,7,3,250,BFGS,1.1809261593498377e-05
10,7,4,250,BFGS,4.12142185268749e-06
10,7,5,250,BFGS,1.2182629461676697e-05
10,7,6,250,BFGS,1.4577847196051152e-07
10,7,7,250,BFGS,9.080656582227675e-07
10,7,8,250,BFGS,5.319333808984084e-07
10,7,9,250,BFGS,6.235251589714608e-06
10,7,10,250,BFGS,9.518151387055696e-07
10,7,11,250,BFGS,2.984595539601287e-07
10,7,12,250,BFGS,2.0566420744216884e-07
10,7,13,250,BFGS,3.032736628938437e-06
10,7,14,250,BFGS,2.1319617189874407e-05
10,7,15,250,BFGS,1.5821064494048187e-06
10,7,16,250,BFGS,1.4765828382223845e-07
10,7,17,250,BFGS,4.684568466473138e-08
10,7,18,250,BFGS,1.3894456287744106e-06
10,7,19,250,BFGS,6.833886345702922e-07
11,1,0,250,BFGS,8.693689338201693e-06
11,1,1,250,BFGS,3.4713520875584436e-05
11,1,2,250,BFGS,9.438836755748525e-06
11,1,3,250,BFGS,3.880649970255945e-06
11,1,4,250,BFGS,1.1973020974664905e-06
11,1,5,250,BFGS,9.606272641349278e-06
11,1,6,250,BFGS,8.130206850864852e-06
11,1,7,250,BFGS,2.388370492667491e-05
11,1,8,250,BFGS,7.229373409245454e-06
11,1,9,250,BFGS,1.024496262402863e-05
11,1,10,250,BFGS,0.0009334053662968245
11,1,11,250,BFGS,1.880374858842515e-05
11,1,12,250,BFGS,8.48835145461635e-06
11,1,13,250,BFGS,2.773519440779637e-07
11,1,14,250,BFGS,3.769869108793955e-05
11,1,15,250,BFGS,8.164882487449177e-06
11,1,16,250,BFGS,4.326084678041298e-06
11,1,17,250,BFGS,4.0831119889617185e-06
11,1,18,250,BFGS,2.2358781066600386e-05
11,1,19,250,BFGS,1.37322231807957e-06
11,2,0,250,BFGS,0.00010616476262370611
11,2,1,250,BFGS,0.0005181628608710298
11,2,2,250,BFGS,4.44308334479615e-06
11,2,3,250,BFGS,1.529822881352061e-05
11,2,4,250,BFGS,3.161574380072807e-06
11,2,5,250,BFGS,0.000581117645648277
11,2,6,250,BFGS,5.903179385313706e-07
11,2,7,250,BFGS,1.9265177577665327e-05
11,2,8,250,BFGS,0.0007161724328739183
11,2,9,250,BFGS,5.448321189760463e-07
11,2,10,250,BFGS,6.39468528049747e-05
11,2,11,250,BFGS,5.1665618205021246e-05
11,2,12,250,BFGS,1.1202513864105867e-05
11,2,13,250,BFGS,6.112237274180643e-05
11,2,14,250,BFGS,0.00016766850657745636
11,2,15,250,BFGS,0.0001057313900076906
11,2,16,250,BFGS,0.0001848929982024572
11,2,17,250,BFGS,8.673922490487485e-06
11,2,18,250,BFGS,3.02675676877584e-06
11,2,19,250,BFGS,0.00013316343456537538
11,3,0,250,BFGS,1.2648370413259613e-05
11,3,1,250,BFGS,4.13893221029582e-06
11,3,2,250,BFGS,0.0004736185974625329
11,3,3,250,BFGS,7.428372207485268e-05
11,3,4,250,BFGS,1.6678692738025802e-07
11,3,5,250,BFGS,5.008903408132426e-05
11,3,6,250,BFGS,6.77349445865616e-06
11,3,7,250,BFGS,0.00045290136657705204
11,3,8,250,BFGS,4.892313409499138e-06
11,3,9,250,BFGS,0.0008878716167668443
11,3,10,250,BFGS,5.0659933627628106e-05
11,3,11,250,BFGS,1.27502040214722e-06
11,3,12,250,BFGS,3.646041399463229e-05
11,3,13,250,BFGS,6.727118609184402e-05
11,3,14,250,BFGS,1.005249784746809e-05
11,3,15,250,BFGS,0.0008604458578851393
11,3,16,250,BFGS,1.8779597185769603e-05
11,3,17,250,BFGS,7.654940441526037e-06
11,3,18,250,BFGS,0.00012186033920968953
11,3,19,250,BFGS,6.37149119420144e-06
11,4,0,250,BFGS,1.1586241839722788e-05
11,4,1,250,BFGS,0.00015743099504561542
11,4,2,250,BFGS,7.424748071116483e-05
11,4,3,250,BFGS,0.00011967991883921059
11,4,4,250,BFGS,1.3974706916997093e-05
11,4,5,250,BFGS,3.619410961164249e-05
11,4,6,250,BFGS,1.609846833616757e-05
11,4,7,250,BFGS,0.00017231343417734024
11,4,8,250,BFGS,0.0006978632201253276
11,4,9,250,BFGS,0.00020153267530531593
11,4,10,250,BFGS,1.9906694660676294e-05
11,4,11,250,BFGS,6.858538768028666e-06
11,4,12,250,BFGS,4.347925255387963e-06
11,4,13,250,BFGS,0.00018397922895019292
11,4,14,250,BFGS,1.3532996945286868e-07
11,4,15,250,BFGS,0.00010753990636658273
11,4,16,250,BFGS,3.5275057825856493e-06
11,4,17,250,BFGS,1.0266462368235807e-05
11,4,18,250,BFGS,1.1176813131896779e-05
11,4,19,250,BFGS,9.752837979704054e-05
11,5,0,250,BFGS,5.445394748448962e-07
11,5,1,250,BFGS,9.915427909845675e-07
11,5,2,250,BFGS,8.673835579031675e-05
11,5,3,250,BFGS,6.637331594561147e-05
11,5,4,250,BFGS,2.2663798731059615e-05
11,5,5,250,BFGS,0.0009663148892684603
11,5,6,250,BFGS,2.8820245944416456e-05
11,5,7,250,BFGS,6.31992169815021e-05
11,5,8,250,BFGS,1.0928803845899893e-05
11,5,9,250,BFGS,9.435705720761689e-06
11,5,10,250,BFGS,2.170318265370952e-05
11,5,11,250,BFGS,1.2240931766882568e-05
11,5,12,250,BFGS,5.026084231474215e-05
11,5,13,250,BFGS,0.000235230116786056
11,5,14,250,BFGS,0.00012728525109650946
11,5,15,250,BFGS,4.994346411990591e-06
11,5,16,250,BFGS,8.301496127671726e-05
11,5,17,250,BFGS,4.865415093036063e-06
11,5,18,250,BFGS,6.009104390614084e-05
11,5,19,250,BFGS,9.68249977972846e-07
11,6,0,250,BFGS,0.00010586387043076684
11,6,1,250,BFGS,0.003723417324863476
11,6,2,250,BFGS,0.0006997696935968634
11,6,3,250,BFGS,0.0005552804551598456
11,6,4,250,BFGS,3.8695301213920175e-05
11,6,5,250,BFGS,0.0001818813869931546
11,6,6,250,BFGS,3.8217260794226604e-05
11,6,7,250,BFGS,4.663960169182246e-05
11,6,8,250,BFGS,0.0001089229107265055
11,6,9,250,BFGS,0.0036562823086114804
11,6,10,250,BFGS,1.7817980165091285e-05
11,6,11,250,BFGS,5.098171573081345e-05
11,6,12,250,BFGS,0.00018367929612850276
11,6,13,250,BFGS,0.0005321774499407184
11,6,14,250,BFGS,6.855211154288554e-05
11,6,15,250,BFGS,8.277132417333632e-05
11,6,16,250,BFGS,0.0002780774618713622
11,6,17,250,BFGS,5.482378355736728e-05
11,6,18,250,BFGS,0.00010851203307993273
11,6,19,250,BFGS,0.00012566311329464952
11,7,0,250,BFGS,1.6117053291964112e-07
11,7,1,250,BFGS,1.2554380646179197e-08
11,7,2,250,BFGS,1.536801278234634e-06
11,7,3,250,BFGS,1.651842055139241e-06
11,7,4,250,BFGS,1.6467496379846125e-06
11,7,5,250,BFGS,3.2304555475093366e-07
11,7,6,250,BFGS,5.696989973102973e-07
11,7,7,250,BFGS,8.814768506226756e-07
11,7,8,250,BFGS,1.1810919886556803e-07
11,7,9,250,BFGS,2.0746661277826206e-07
11,7,10,250,BFGS,5.053282308153939e-07
11,7,11,250,BFGS,7.155273351600044e-08
11,7,12,250,BFGS,9.295362559669229e-07
11,7,13,250,BFGS,3.249593305554299e-08
11,7,14,250,BFGS,2.737599857027817e-06
11,7,15,250,BFGS,4.6614016468993213e-07
11,7,16,250,BFGS,6.311081932608431e-07
11,7,17,250,BFGS,2.5419507778678962e-06
11,7,18,250,BFGS,3.685438798584073e-08
11,7,19,250,BFGS,2.499680434198126e-06
12,1,0,250,BFGS,4.511937049755943e-06
12,1,1,250,BFGS,4.2893583440672955e-06
12,1,2,250,BFGS,8.98893779321952e-06
12,1,3,250,BFGS,4.284435362933436e-06
12,1,4,250,BFGS,4.251700488566712e-06
12,1,5,250,BFGS,1.4231432032829616e-07
12,1,6,250,BFGS,4.2939354898408055e-06
12,1,7,250,BFGS,4.271218358553597e-06
12,1,8,250,BFGS,1.0669543826224981e-07
12,1,9,250,BFGS,9.369644772050378e-06
12,1,10,250,BFGS,5.325269512468367e-06
12,1,11,250,BFGS,3.899254727457446e-05
12,1,12,250,BFGS,4.28826785991987e-06
12,1,13,250,BFGS,1.035560899254051e-07
12,1,14,250,BFGS,7.082483193698863e-06
12,1,15,250,BFGS,4.276555500837276e-06
12,1,16,250,BFGS,1.0169621759814618e-05
12,1,17,250,BFGS,2.8757312975358218e-08
12,1,18,250,BFGS,4.2921038811982726e-06
12,1,19,250,BFGS,1.0777944225992542e-07
12,2,0,250,BFGS,1.0397156785302286e-05
12,2,1,250,BFGS,6.2015228365908115e-06
12,2,2,250,BFGS,1.031298614861953e-05
12,2,3,250,BFGS,8.021821258807904e-06
12,2,4,250,BFGS,1.040158457499274e-05
12,2,5,250,BFGS,7.618958449029378e-06
12,2,6,250,BFGS,2.5752322301286767e-06
12,2,7,250,BFGS,5.394284443127617e-06
12,2,8,250,BFGS,1.0217700435077859e-05
12,2,9,250,BFGS,1.0402459309943879e-05
12,2,10,250,BFGS,8.025430190627958e-06
12,2,11,250,BFGS,9.593751457259714e-06
12,2,12,250,BFGS,1.616460565401212e-07
12,2,13,250,BFGS,6.319208836202961e-06
12,2,14,250,BFGS,1.0401171579133006e-05
12,2,15,250,BFGS,2.496678064289881e-07
12,2,16,250,BFGS,3.3794768228290195e-07
12,2,17,250,BFGS,1.0401077901178724e-05
12,2,18,250,BFGS,1.0391770473461293e-05
12,2,19,250,BFGS,1.0156949258544046e-05
12,3,0,250,BFGS,2.7433298299683884e-07
12,3,1,250,BFGS,2.0879605479251495e-05
12,3,2,250,BFGS,6.978179101224669e-08
12,3,3,250,BFGS,0.00119207627336948
12,3,4,250,BFGS,5.371778755147716e-07
12,3,5,250,BFGS,1.668026570200709e-07
12,3,6,250,BFGS,0.0005858261405009557
12,3,7,250,BFGS,2.5202866105189514e-05
12,3,8,250,BFGS,2.720481901974381e-07
12,3,9,250,BFGS,3.649796978066888e-05
12,3,10,250,BFGS,2.520713165665711e-05
12,3,11,250,BFGS,3.262086509181472e-05
12,3,12,250,BFGS,0.0001342007211917462
12,3,13,250,BFGS,7.118759044999479e-05
12,3,14,250,BFGS,1.3242105580957286e-06
12,3,15,250,BFGS,4.0170241533132867e-07
12,3,16,250,BFGS,3.21103428149172e-05
12,3,17,250,BFGS,9.869918538640832e-05
12,3,18,250,BFGS,3.232513201112397e-06
12,3,19,250,BFGS,2.4680552506595177e-05
12,4,0,250,BFGS,3.715625673805789e-07
12,4,1,250,BFGS,7.696973458592993e-06
12,4,2,250,BFGS,9.961405851299787e-06
12,4,3,250,BFGS,1.0030176042619132e-05
12,4,4,250,BFGS,1.6660520429923054e-07
12,4,5,250,BFGS,1.0029943776856953e-05
12,4,6,250,BFGS,7.416274904414877e-06
12,4,7,250,BFGS,1.0030336241584337e-05
12,4,8,250,BFGS,1.08049161440249e-06
12,4,9,250,BFGS,1.0029925508803217e-05
12,4,10,250,BFGS,9.88048766359384e-06
12,4,11,250,BFGS,9.95000491599285e-06
12,4,12,250,BFGS,9.757509978669532e-06
12,4,13,250,BFGS,1.0029715365789116e-05
12,4,14,250,BFGS,1.0030177445941035e-05
12,4,15,250,BFGS,1.0030217861611845e-05
12,4,16,250,BFGS,1.0030110701109152e-05
12,4,17,250,BFGS,1.795127069215141e-07
12,4,18,250,BFGS,6.6308183406249555e-06
12,4,19,250,BFGS,1.0030258732030006e-05
12,5,0,250,BFGS,2.962983600696134e-07
12,5,1,250,BFGS,8.81722503720539e-06
12,5,2,250,BFGS,2.999800798875185e-07
12,5,3,250,BFGS,3.000778718842412e-07
12,5,4,250,BFGS,1.3562986062254367e-05
12,5,5,250,BFGS,1.9163877951200448e-06
12,5,6,250,BFGS,3.0003266004996476e-07
12,5,7,250,BFGS,2.994397405586824e-07
12,5,8,250,BFGS,2.581616556085464e-07
12,5,9,250,BFGS,2.949283697262217e-07
12,5,10,250,BFGS,2.999152428628804e-07
12,5,11,250,BFGS,8.730494880637707e-05
12,5,12,250,BFGS,2.526649822698346e-07
12,5,13,250,BFGS,0.0006883272370146187
12,5,14,250,BFGS,2.999774650902509e-07
12,5,15,250,BFGS,2.998960226818781e-07
12,5,16,250,BFGS,3.000651673801258e-07
12,5,17,250,BFGS,2.834222030401179e-07
12,5,18,250,BFGS,2.9996926542708024e-07
12,5,19,250,BFGS,2.983638580644765e-07
12,6,0,250,BFGS,6.638013341131455e-05
12,6,1,250,BFGS,6.049531899066096e-05
12,6,2,250,BFGS,1.675532487865894e-06
12,6,3,250,BFGS,0.0027437272423167514
12,6,4,250,BFGS,0.02008678444651224
12,6,5,250,BFGS,1.4116145603537689e-06
12,6,6,250,BFGS,4.4290231251409296e-06
12,6,7,250,BFGS,4.2829010027389813e-07
12,6,8,250,BFGS,6.829985697009988e-07
12,6,9,250,BFGS,7.124918625223131e-05
12,6,10,250,BFGS,6.124437264176663e-05
12,6,11,250,BFGS,1.1844625902313055e-06
12,6,12,250,BFGS,0.04963730115423992
12,6,13,250,BFGS,4.212528424574202e-05
12,6,14,250,BFGS,6.170508091507543e-05
12,6,15,250,BFGS,9.696803928704867e-07
12,6,16,250,BFGS,1.6063915273038294
12,6,17,250,BFGS,6.139356422529829e-05
12,6,18,250,BFGS,6.142630729222276e-05
12,6,19,250,BFGS,7.881734198633694e-07
12,7,0,250,BFGS,1.425917162123369e-10
12,7,1,250,BFGS,1.3132398947846013e-05
12,7,2,250,BFGS,1.4702550288347993e-10
12,7,3,250,BFGS,2.4081714400381315e-10
12,7,4,250,BFGS,1.4555492668932857e-06
12,7,5,250,BFGS,1.9616663848864846e-10
12,7,6,250,BFGS,7.311939498322317e-09
12,7,7,250,BFGS,8.497252679262601e-08
12,7,8,250,BFGS,1.3596888948086416e-08
12,7,9,250,BFGS,7.308983640541555e-09
12,7,10,250,BFGS,4.432138211996062e-09
12,7,11,250,BFGS,9.245582077710424e-10
12,7,12,250,BFGS,1.8119608284905553e-06
12,7,13,250,BFGS,1.6315574384861975e-06
12,7,14,250,BFGS,6.874216751384665e-09
12,7,15,250,BFGS,1.871569565992104e-10
12,7,16,250,BFGS,1.455067689448697e-06
12,7,17,250,BFGS,1.5628423227553867e-05
12,7,18,250,BFGS,1.4441070561588276e-10
12,7,19,250,BFGS,1.6001422409317456e-10
13,1,0,250,BFGS,0.0011435725333726054
13,1,1,250,BFGS,0.0010704676749497821
13,1,2,250,BFGS,0.001641670302646503
13,1,3,250,BFGS,0.001115921713044088
13,1,4,250,BFGS,0.0009760983583113614
13,1,5,250,BFGS,0.000899559376883019
13,1,6,250,BFGS,0.0009510879363148206
13,1,7,250,BFGS,0.0008049448380091917
13,1,8,250,BFGS,0.0012967168553998931
13,1,9,250,BFGS,0.001223749605188118
13,1,10,250,BFGS,0.00098962518347534
13,1,11,250,BFGS,0.0007448375324656809
13,1,12,250,BFGS,0.0015010650391324987
13,1,13,250,BFGS,0.0015615030495901294
13,1,14,250,BFGS,0.0008764560924205966
13,1,15,250,BFGS,0.0010908960548050572
13,1,16,250,BFGS,0.0009942689340469713
13,1,17,250,BFGS,0.0008839529320745498
13,1,18,250,BFGS,0.0007221794529783665
13,1,19,250,BFGS,0.0011083855838762702
13,2,0,250,BFGS,0.0005458749077078551
13,2,1,250,BFGS,0.00016813414736560617
13,2,2,250,BFGS,0.000296334479116922
13,2,3,250,BFGS,0.00021001517022511962
13,2,4,250,BFGS,0.0006464491214401846
13,2,5,250,BFGS,0.00022743220189624935
13,2,6,250,BFGS,0.0005617189075692863
13,2,7,250,BFGS,0.00037180569134420693
13,2,8,250,BFGS,0.00040229323235507763
13,2,9,250,BFGS,0.0005096239207844633
13,2,10,250,BFGS,0.00018724143473036747
13,2,11,250,BFGS,0.000759290206104879
13,2,12,250,BFGS,0.0005220633234443994
13,2,13,250,BFGS,0.00023164956968457773
13,2,14,250,BFGS,0.0004182926439355583
13,2,15,250,BFGS,0.00032993679985082736
13,2,16,250,BFGS,0.0005596828049192482
13,2,17,250,BFGS,0.00025339608522045864
13,2,18,250,BFGS,0.0003062319590370066
13,2,19,250,BFGS,0.0004367758751655515
13,3,0,250,BFGS,5.1742827793077595e-05
13,3,1,250,BFGS,7.831220523257798e-05
13,3,2,250,BFGS,0.0006222337577810322
13,3,3,250,BFGS,0.0001393433660723531
13,3,4,250,BFGS,0.0005085221978902155
13,3,5,250,BFGS,3.8416395909735e-05
13,3,6,250,BFGS,1.8767103824757214e-05
13,3,7,250,BFGS,8.790618119292049e-05
13,3,8,250,BFGS,0.0006775288320000072
13,3,9,250,BFGS,0.00019935959772965361
13,3,10,250,BFGS,0.00028247625346011773
13,3,11,250,BFGS,0.0004351710141463627
13,3,12,250,BFGS,0.0003206528978694223
13,3,13,250,BFGS,0.00023094682211421969
13,3,14,250,BFGS,0.0003155263812004705
13,3,15,250,BFGS,0.00020090737501732292
13,3,16,250,BFGS,0.00016387142824214607
13,3,17,250,BFGS,0.0004957744893658855
13,3,18,250,BFGS,0.00031745642809255514
13,3,19,250,BFGS,0.00020144072095718002
13,4,0,250,BFGS,0.0007151875064437263
13,4,1,250,BFGS,0.0015838387415669786
13,4,2,250,BFGS,0.001470088368478173
13,4,3,250,BFGS,0.0009919289454956015
13,4,4,250,BFGS,0.0008997081215511571
13,4,5,250,BFGS,0.00036114644524332107
13,4,6,250,BFGS,0.0011758796898675428
13,4,7,250,BFGS,0.001240406123770299
13,4,8,250,BFGS,0.0013695000543521019
13,4,9,250,BFGS,0.0015359414262547944
13,4,10,250,BFGS,0.0007901597211912303
13,4,11,250,BFGS,0.001046538117293494
13,4,12,250,BFGS,0.0008739540556916836
13,4,13,250,BFGS,0.0012460184002520691
13,4,14,250,BFGS,0.0011460313347697593
13,4,15,250,BFGS,0.0013989188134928554
13,4,16,250,BFGS,0.0010019739033850783
13,4,17,250,BFGS,0.0014831806290658278
13,4,18,250,BFGS,0.0007732487491693973
13,4,19,250,BFGS,0.0006655963715047619
13,5,0,250,BFGS,0.0006484607010150967
13,5,1,250,BFGS,0.00046922065082810605
13,5,2,250,BFGS,0.00046218371969075633
13,5,3,250,BFGS,0.001283687783555365
13,5,4,250,BFGS,0.001363898938407715
13,5,5,250,BFGS,0.0010824312814037285
13,5,6,250,BFGS,0.0014591179652683195
13,5,7,250,BFGS,0.0011270087946115837
13,5,8,250,BFGS,0.0009264520197973525
13,5,9,250,BFGS,0.0021912488575139832
13,5,10,250,BFGS,0.000814166959074214
13,5,11,250,BFGS,0.00029599222230558553
13,5,12,250,BFGS,0.0012827626235605294
13,5,13,250,BFGS,0.00041135983893525463
13,5,14,250,BFGS,0.0019337978893503305
13,5,15,250,BFGS,0.0008793726121041345
13,5,16,250,BFGS,0.0006619206355935603
13,5,17,250,BFGS,0.00039973890694966485
13,5,18,250,BFGS,0.0013683247467781712
13,5,19,250,BFGS,0.0002992960658048105
13,6,0,250,BFGS,0.0009763826745370352
13,6,1,250,BFGS,0.0005504660927044824
13,6,2,250,BFGS,0.0005677935694166081
13,6,3,250,BFGS,0.0007475094137703309
13,6,4,250,BFGS,0.000551978231612793
13,6,5,250,BFGS,0.0007050341283729722
13,6,6,250,BFGS,0.0006059334448877962
13,6,7,250,BFGS,0.0008431430505879689
13,6,8,250,BFGS,0.0006833248877455844
13,6,9,250,BFGS,0.0009003833760061752
13,6,10,250,BFGS,0.0005338051625471962
13,6,11,250,BFGS,0.0006102731117039184
13,6,12,250,BFGS,0.000746558709920464
13,6,13,250,BFGS,0.0009709939427580139
13,6,14,250,BFGS,0.0002985800599049071
13,6,15,250,BFGS,0.0008901262284553013
13,6,16,250,BFGS,0.0009170184043227891
13,6,17,250,BFGS,0.00041932386585585846
13,6,18,250,BFGS,0.0007237357930307553
13,6,19,250,BFGS,0.0004574896272515616
13,7,0,250,BFGS,0.0008438706959950082
13,7,1,250,BFGS,0.001306388555910587
13,7,2,250,BFGS,0.0012120113359372908
13,7,3,250,BFGS,0.0004020790347212255
13,7,4,250,BFGS,0.0007143427186520057
13,7,5,250,BFGS,0.0016732580620129056
13,7,6,250,BFGS,0.0008968873647461351
13,7,7,250,BFGS,0.0025464279140905433
13,7,8,250,BFGS,0.0015737200355729897
13,7,9,250,BFGS,0.001111575444213031
13,7,10,250,BFGS,0.00038398034143227733
13,7,11,250,BFGS,0.0009468046213001458
13,7,12,250,BFGS,0.0005671224265810793
13,7,13,250,BFGS,0.0002353351168693507
13,7,14,250,BFGS,0.0009968172010204057
13,7,15,250,BFGS,0.0004960015413288943
13,7,16,250,BFGS,0.0014567005925698595
13,7,17,250,BFGS,0.001267480678976085
13,7,18,250,BFGS,0.001532789404699031
13,7,19,250,BFGS,0.0014059792892595624
14,1,0,250,BFGS,1.9653900906746458e-06
14,1,1,250,BFGS,3.278924545213613e-06
14,1,2,250,BFGS,3.411706295253225e-06
14,1,3,250,BFGS,3.2378458669768406e-06
14,1,4,250,BFGS,2.666740307688542e-06
14,1,5,250,BFGS,1.4331386140042923e-06
14,1,6,250,BFGS,1.920546566225312e-08
14,1,7,250,BFGS,5.410124117588566e-07
14,1,8,250,BFGS,4.076545664588593e-06
14,1,9,250,BFGS,1.4551646714267008e-06
14,1,10,250,BFGS,4.525031144453351e-06
14,1,11,250,BFGS,1.7607449862566682e-06
14,1,12,250,BFGS,1.2739659283056426e-06
14,1,13,250,BFGS,2.7630452308358144e-06
14,1,14,250,BFGS,1.7356284871539174e-06
14,1,15,250,BFGS,3.911861860217414e-06
14,1,16,250,BFGS,1.3924900272854757e-06
14,1,17,250,BFGS,2.447368345315226e-06
14,1,18,250,BFGS,4.11589489601738e-06
14,1,19,250,BFGS,3.165184992326431e-06
14,2,0,250,BFGS,9.15248904220789e-07
14,2,1,250,BFGS,3.1672045395225723e-06
14,2,2,250,BFGS,3.36057144068036e-06
14,2,3,250,BFGS,2.5737107023360295e-06
14,2,4,250,BFGS,1.542672578125348e-06
14,2,5,250,BFGS,1.0910707146649656e-06
14,2,6,250,BFGS,1.613337502703871e-06
14,2,7,250,BFGS,3.090090103796683e-07
14,2,8,250,BFGS,3.280553045215129e-06
14,2,9,250,BFGS,2.5560941026014916e-06
14,2,10,250,BFGS,4.4187160028741346e-06
14,2,11,250,BFGS,2.5298514856331167e-06
14,2,12,250,BFGS,8.907815924885654e-07
14,2,13,250,BFGS,1.4383648476723465e-06
14,2,14,250,BFGS,3.3810356399044394e-06
14,2,15,250,BFGS,1.2506186237715156e-06
14,2,16,250,BFGS,3.81525012471684e-07
14,2,17,250,BFGS,1.887866204697275e-06
14,2,18,250,BFGS,1.0003779493672482e-06
14,2,19,250,BFGS,1.860210431914311e-06
14,3,0,250,BFGS,3.310727549887815e-07
14,3,1,250,BFGS,1.6533081463876442e-06
14,3,2,250,BFGS,5.802840519208985e-07
14,3,3,250,BFGS,1.8055779520409487e-06
14,3,4,250,BFGS,1.7575234920741423e-06
14,3,5,250,BFGS,6.806558161542853e-07
14,3,6,250,BFGS,1.8636926455428693e-06
14,3,7,250,BFGS,1.7582063662757719e-06
14,3,8,250,BFGS,4.6356808525160886e-07
14,3,9,250,BFGS,3.517773734529328e-07
14,3,10,250,BFGS,1.4730383952610282e-06
14,3,11,250,BFGS,6.93087471859144e-07
14,3,12,250,BFGS,8.055293818642895e-07
14,3,13,250,BFGS,1.4776026660001662e-06
14,3,14,250,BFGS,1.879894142575722e-06
14,3,15,250,BFGS,1.5960849424345724e-06
14,3,16,250,BFGS,1.3073417477471594e-06
14,3,17,250,BFGS,5.33235237298868e-07
14,3,18,250,BFGS,1.4169439452871302e-06
14,3,19,250,BFGS,2.5729703168053675e-07
14,4,0,250,BFGS,3.185764036572891e-06
14,4,1,250,BFGS,2.6328360220873037e-06
14,4,2,250,BFGS,2.9540839250330464e-06
14,4,3,250,BFGS,3.2287168636457864e-06
14,4,4,250,BFGS,6.981215676660213e-07
14,4,5,250,BFGS,6.441904645271279e-07
14,4,6,250,BFGS,6.996933095138047e-07
14,4,7,250,BFGS,2.488972846492743e-06
14,4,8,250,BFGS,3.3656957896255335e-06
14,4,9,250,BFGS,8.221990412948799e-07
14,4,10,250,BFGS,2.2128763106366023e-06
14,4,11,250,BFGS,1.0809697670310925e-06
14,4,12,250,BFGS,2.424888293717231e-06
14,4,13,250,BFGS,3.274376787487654e-06
14,4,14,250,BFGS,1.0816445978889533e-06
14,4,15,250,BFGS,6.82814416563815e-07
14,4,16,250,BFGS,7.042066556550708e-07
14,4,17,250,BFGS,9.593662042561846e-08
14,4,18,250,BFGS,3.0445296417269674e-06
14,4,19,250,BFGS,3.445768975041119e-06
14,5,0,250,BFGS,6.869525250863262e-07
14,5,1,250,BFGS,9.558214486560246e-08
14,5,2,250,BFGS,6.51421729003232e-07
14,5,3,250,BFGS,5.646933516345598e-07
14,5,4,250,BFGS,1.3466784309912327e-07
14,5,5,250,BFGS,2.440944086856689e-07
14,5,6,250,BFGS,4.1940454309497e-07
14,5,7,250,BFGS,2.3423613981776725e-07
14,5,8,250,BFGS,2.7053170725821474e-07
14,5,9,250,BFGS,2.0287068736024594e-07
14,5,10,250,BFGS,7.342912908825383e-07
14,5,11,250,BFGS,2.2351034800749403e-07
14,5,12,250,BFGS,1.263068256207589e-06
14,5,13,250,BFGS,7.238235752993205e-07
14,5,14,250,BFGS,2.8695826870261953e-07
14,5,15,250,BFGS,1.6328543495092163e-07
14,5,16,250,BFGS,3.1388146481958756e-07
14,5,17,250,BFGS,5.66257796208447e-07
14,5,18,250,BFGS,4.065091943061816e-07
14,5,19,250,BFGS,3.155130769982861e-07
14,6,0,250,BFGS,5.759677534911134e-07
14,6,1,250,BFGS,1.7905276408214377e-06
14,6,2,250,BFGS,3.0620283624216427e-06
14,6,3,250,BFGS,1.8471645262252423e-06
14,6,4,250,BFGS,1.2162638256540959e-06
14,6,5,250,BFGS,2.6026215493857308e-06
14,6,6,250,BFGS,4.715266733512635e-06
14,6,7,250,BFGS,2.999283843507783e-06
14,6,8,250,BFGS,2.483195231661739e-06
14,6,9,250,BFGS,3.7928892950844784e-06
14,6,10,250,BFGS,3.637181080762275e-07
14,6,11,250,BFGS,3.563771130643545e-06
14,6,12,250,BFGS,1.777334119879015e-06
14,6,13,250,BFGS,1.8034856879012295e-06
14,6,14,250,BFGS,2.598884641713539e-06
14,6,15,250,BFGS,1.5723084558771916e-06
14,6,16,250,BFGS,7.148293406089579e-07
14,6,17,250,BFGS,1.567700479654377e-06
14,6,18,250,BFGS,4.72422506447856e-07
14,6,19,250,BFGS,3.461822821293481e-06
14,7,0,250,BFGS,2.4316581885841515e-06
14,7,1,250,BFGS,6.942516677099775e-07
14,7,2,250,BFGS,3.2961174127876802e-06
14,7,3,250,BFGS,1.7843221513658136e-06
14,7,4,250,BFGS,2.3367988148947916e-06
14,7,5,250,BFGS,7.366763412619548e-06
14,7,6,250,BFGS,2.2648099076150174e-06
14,7,7,250,BFGS,2.6787110414261406e-06
14,7,8,250,BFGS,2.1073421407891146e-06
14,7,9,250,BFGS,3.041811041271103e-06
14,7,10,250,BFGS,7.967795596641736e-07
14,7,11,250,BFGS,1.4319863339551375e-06
14,7,12,250,BFGS,1.6410231324925917e-06
14,7,13,250,BFGS,1.3594699908026087e-06
14,7,14,250,BFGS,2.915735279884757e-07
14,7,15,250,BFGS,3.1514083076444876e-06
14,7,16,250,BFGS,2.346354705196063e-06
14,7,17,250,BFGS,2.83767715814065e-06
14,7,18,250,BFGS,1.5846097767280298e-06
14,7,19,250,BFGS,2.4840460781661022e-06
15,1,0,250,BFGS,2.984877171280118
15,1,1,250,BFGS,5.969749304741299
15,1,2,250,BFGS,10.944539552388392
15,1,3,250,BFGS,12.934452628755707
15,1,4,250,BFGS,38.80286910407676
15,1,5,250,BFGS,5.969749304740731
15,1,6,250,BFGS,5.969749304740844
15,1,7,250,BFGS,3.9798362283733013
15,1,8,250,BFGS,0.9949590570938653
15,1,9,250,BFGS,10.94453955238896
15,1,10,250,BFGS,3.9798362283733013
15,1,11,250,BFGS,10.944539552388392
15,1,12,250,BFGS,5.969749304741299
15,1,13,250,BFGS,1.9899181141867075
15,1,14,250,BFGS,22.649165421155544
15,1,15,250,BFGS,2.9848771712800044
15,1,16,250,BFGS,10.944539552388392
15,1,17,250,BFGS,7.9596674189276655
15,1,18,250,BFGS,10.944519355673947
15,1,19,250,BFGS,5.969749304740731
15,2,0,250,BFGS,8.954621438201983
15,2,1,250,BFGS,12.934452628757626
15,2,2,250,BFGS,3.979836228373415
15,2,3,250,BFGS,3.979836228373344
15,2,4,250,BFGS,0.9949590570966365
15,2,5,250,BFGS,4.974790247647533
15,2,6,250,BFGS,16.91426362259537
15,2,7,250,BFGS,7.959667418927609
15,2,8,250,BFGS,10.944519355673663
15,2,9,250,BFGS,14.941440722558681
15,2,10,250,BFGS,2.9848771712801323
15,2,11,250,BFGS,1.9899181141869775
15,2,12,250,BFGS,1.9899181141867217
15,2,13,250,BFGS,8.954621438201542
15,2,14,250,BFGS,5.969749304740802
15,2,15,250,BFGS,10.944519355673762
15,2,16,250,BFGS,4.974795285466584
15,2,17,250,BFGS,2.984877171280104
15,2,18,250,BFGS,3.9798362283732303
15,2,19,250,BFGS,2.9848771712800044
15,3,0,250,BFGS,6.96470836183483
15,3,1,250,BFGS,5.9697493047413985
15,3,2,250,BFGS,14.924350546228503
15,3,3,250,BFGS,6.964708361834823
15,3,4,250,BFGS,0.9949590570937232
15,3,5,250,BFGS,0.994959057093638
15,3,6,250,BFGS,2.9848771712824487
15,3,7,250,BFGS,0.9949590570935953
15,3,8,250,BFGS,7.959667418927992
15,3,9,250,BFGS,1.9899181141872333
15,3,10,250,BFGS,1.9899181141871338
15,3,11,250,BFGS,1.9899181141870415
15,3,12,250,BFGS,3.979836228373429
15,3,13,250,BFGS,2.984877171280246
15,3,14,250,BFGS,4.9747902476478245
15,3,15,250,BFGS,5.969749304740979
15,3,16,250,BFGS,3.979836228373941
15,3,17,250,BFGS,10.944539552388783
15,3,18,250,BFGS,4.9747952854666835
15,3,19,250,BFGS,3.9798362283733084
15,4,0,250,BFGS,3.9798362283734363
15,4,1,250,BFGS,1.9899181141866755
15,4,2,250,BFGS,1.9899181141871303
15,4,3,250,BFGS,12.934452628756205
15,4,4,250,BFGS,4.974795285467049
15,4,5,250,BFGS,2.984877171280317
15,4,6,250,BFGS,5.969749304741654
15,4,7,250,BFGS,1.9899181141868105
15,4,8,250,BFGS,13.929391489134503
15,4,9,250,BFGS,1.9899181141869988
15,4,10,250,BFGS,24.873865230663178
15,4,11,250,BFGS,6.9647083618342265
15,4,12,250,BFGS,14.924350546229945
15,4,13,250,BFGS,4.974790247647711
15,4,14,250,BFGS,5.969749304740873
15,4,15,250,BFGS,5.969749304755368
15,4,16,250,BFGS,3.9798362283732835
15,4,17,250,BFGS,16.452377575815248
15,4,18,250,BFGS,1.9899181141869526
15,4,19,250,BFGS,6.964708361834255
15,5,0,250,BFGS,10.94451935567379
15,5,1,250,BFGS,1.9899181141871765
15,5,2,250,BFGS,3.979836228373969
15,5,3,250,BFGS,10.944539552388491
15,5,4,250,BFGS,1.989918114186949
15,5,5,250,BFGS,9.949580495295507
15,5,6,250,BFGS,23.878951787715152
15,5,7,250,BFGS,3.979836228373344
15,5,8,250,BFGS,5.969749304741072
15,5,9,250,BFGS,0.9949590570938511
15,5,10,250,BFGS,12.934452628756006
15,5,11,250,BFGS,2.984877171280715
15,5,12,250,BFGS,4.405364961712621e-13
15,5,13,250,BFGS,3.979836228373941
15,5,14,250,BFGS,4.974790247648997
15,5,15,250,BFGS,5.969749304741555
15,5,16,250,BFGS,9.949580495295194
15,5,17,250,BFGS,6.964708361834553
15,5,18,250,BFGS,6.964708361834454
15,5,19,250,BFGS,9.949580495295791
15,6,0,250,BFGS,13.929391489135241
15,6,1,250,BFGS,2.9848771712807007
15,6,2,250,BFGS,3.979836228373472
15,6,3,250,BFGS,3.979836228373287
15,6,4,250,BFGS,10.944539552389031
15,6,5,250,BFGS,2.9848771712799333
15,6,6,250,BFGS,2.984877171280175
15,6,7,250,BFGS,6.964708361836074
15,6,8,250,BFGS,4.97479528546657
15,6,9,250,BFGS,2.98487717128026
15,6,10,250,BFGS,4.974790247647945
15,6,11,250,BFGS,7.959667418927637
15,6,12,250,BFGS,9.949580495295265
15,6,13,250,BFGS,2.984877171281113
15,6,14,250,BFGS,21.888993097202743
15,6,15,250,BFGS,1.9899181141866649
15,6,16,250,BFGS,2.9848771712810986
15,6,17,250,BFGS,2.98487717128026
15,6,18,250,BFGS,9.949580495301774
15,6,19,250,BFGS,3.979836228373415
15,7,0,250,BFGS,6.964708361836642
15,7,1,250,BFGS,22.88399273062248
15,7,2,250,BFGS,3.979836228373671
15,7,3,250,BFGS,6.964708361836074
15,7,4,250,BFGS,1.9899181141877875
15,7,5,250,BFGS,2.9848771712817666
15,7,6,250,BFGS,14.9243505462278
15,7,7,250,BFGS,12.934452628756787
15,7,8,250,BFGS,6.9647083618342265
15,7,9,250,BFGS,1.9899181141873044
15,7,10,250,BFGS,5.969749304742123
15,7,11,250,BFGS,6.964708361834653
15,7,12,250,BFGS,18.90418173678262
15,7,13,250,BFGS,10.944539552389074
15,7,14,250,BFGS,5.969749304741356
15,7,15,250,BFGS,0.9949590570940927
15,7,16,250,BFGS,5.969749304741555
15,7,17,250,BFGS,2.9848771712809423
15,7,18,250,BFGS,9.949580495295208
15,7,19,250,BFGS,3.979836228373472
16,1,0,250,BFGS,10.220193169317113
16,1,1,250,BFGS,8.571156172381635
16,1,2,250,BFGS,5.306829705733946
16,1,3,250,BFGS,2.892325638190286
16,1,4,250,BFGS,5.850246138363147
16,1,5,250,BFGS,1.2028740944947032
16,1,6,250,BFGS,0.7782963120846063
16,1,7,250,BFGS,1.4336369051178224
16,1,8,250,BFGS,4.490490278301635
16,1,9,250,BFGS,15.359793300191
16,1,10,250,BFGS,2.2936040819874677
16,1,11,250,BFGS,11.107909680475018
16,1,12,250,BFGS,5.482776970918437
16,1,13,250,BFGS,10.568093189598088
16,1,14,250,BFGS,7.157122274195473
16,1,15,250,BFGS,6.158440476919125
16,1,16,250,BFGS,10.590343533769143
16,1,17,250,BFGS,1.6130914044311169
16,1,18,250,BFGS,4.052727243713463
16,1,19,250,BFGS,8.421345943721818
16,2,0,250,BFGS,3.011030666694353
16,2,1,250,BFGS,4.117543798169379
16,2,2,250,BFGS,0.6656125379378182
16,2,3,250,BFGS,6.835465341328359
16,2,4,250,BFGS,5.35014700354003
16,2,5,250,BFGS,13.510608937435393
16,2,6,250,BFGS,0.13120231921823233
16,2,7,250,BFGS,6.971048667609239
16,2,8,250,BFGS,5.7238784282301935
16,2,9,250,BFGS,3.6317208796919545
16,2,10,250,BFGS,1.6808516023201037
16,2,11,250,BFGS,15.02734990090272
16,2,12,250,BFGS,8.601433258453369
16,2,13,250,BFGS,3.456795763090838
16,2,14,250,BFGS,1.4063263689759538
16,2,15,250,BFGS,3.437806545665069
16,2,16,250,BFGS,8.363397828837378
16,2,17,250,BFGS,3.938968008859547
16,2,18,250,BFGS,8.822773273693656
16,2,19,250,BFGS,2.4209411008280313
16,3,0,250,BFGS,4.155758580111424
16,3,1,250,BFGS,6.672185898985447
16,3,2,250,BFGS,5.270651170957578
16,3,3,250,BFGS,9.267624148771105
16,3,4,250,BFGS,4.159329722229728
16,3,5,250,BFGS,6.589371459907213
16,3,6,250,BFGS,7.475402516018107
16,3,7,250,BFGS,12.61951287610411
16,3,8,250,BFGS,7.1131864813216765
16,3,9,250,BFGS,6.010719036095566
16,3,10,250,BFGS,2.9406953231292334
16,3,11,250,BFGS,13.018367184346658
16,3,12,250,BFGS,9.51525403980338
16,3,13,250,BFGS,10.188788453675755
16,3,14,250,BFGS,6.409614836515331
16,3,15,250,BFGS,8.52016139566679
16,3,16,250,BFGS,3.9404631857367463
16,3,17,250,BFGS,5.575175546223562
16,3,18,250,BFGS,7.883250283771346
16,3,19,250,BFGS,4.5189131474568
16,4,0,250,BFGS,3.964895709747111
16,4,1,250,BFGS,7.622382736413783
16,4,2,250,BFGS,7.767640647454641
16,4,3,250,BFGS,2.7255873941376194
16,4,4,250,BFGS,1.6382674107904904
16,4,5,250,BFGS,6.560106962463237
16,4,6,250,BFGS,9.988696817437074
16,4,7,250,BFGS,1.3482528290876417
16,4,8,250,BFGS,14.102153669527638
16,4,9,250,BFGS,7.3153505771373375
16,4,10,250,BFGS,2.4234006197907547
16,4,11,250,BFGS,6.249028472628197
16,4,12,250,BFGS,5.325992958877691
16,4,13,250,BFGS,0.36331313470850546
16,4,14,250,BFGS,8.320936837313923
16,4,15,250,BFGS,11.002188309970109
16,4,16,250,BFGS,3.3713772770862533
16,4,17,250,BFGS,10.783918152818046
16,4,18,250,BFGS,7.422935239348192
16,4,19,250,BFGS,9.084042805747174
16,5,0,250,BFGS,6.659583214641934
16,5,1,250,BFGS,4.78479004275281
16,5,2,250,BFGS,3.627599954593421
16,5,3,250,BFGS,3.5852221727941256
16,5,4,250,BFGS,7.37481655452882
16,5,5,250,BFGS,8.641436013333681
16,5,6,250,BFGS,17.109779709577438
16,5,7,250,BFGS,2.3147448842511906
16,5,8,250,BFGS,11.244499878143827
16,5,9,250,BFGS,1.2602404165995296
16,5,10,250,BFGS,9.016379431627321
16,5,11,250,BFGS,5.791368229109281
16,5,12,250,BFGS,14.280712550115446
16,5,13,250,BFGS,2.0819462399802404
16,5,14,250,BFGS,4.004502325611483
16,5,15,250,BFGS,9.825469988218813
16,5,16,250,BFGS,6.276302825006809
16,5,17,250,BFGS,5.380555890562341
16,5,18,250,BFGS,4.275515162695058
16,5,19,250,BFGS,4.616871176394163
16,6,0,250,BFGS,15.990049307536204
16,6,1,250,BFGS,8.954531788982276
16,6,2,250,BFGS,4.6232878141105616
16,6,3,250,BFGS,9.003692863295555
16,6,4,250,BFGS,6.592157868441124
16,6,5,250,BFGS,4.38989052527911
16,6,6,250,BFGS,5.045080831723823
16,6,7,250,BFGS,3.618021950507462
16,6,8,250,BFGS,0.8559651555753938
16,6,9,250,BFGS,4.117570721733276
16,6,10,250,BFGS,8.539063386191344
16,6,11,250,BFGS,0.2679397460764896
16,6,12,250,BFGS,9.788233479829728
16,6,13,250,BFGS,0.6219506225025562
16,6,14,250,BFGS,11.191160988775195
16,6,15,250,BFGS,7.7737960719526455
16,6,16,250,BFGS,5.524457267480642
16,6,17,250,BFGS,3.4248761044200045
16,6,18,250,BFGS,5.1877790465393545
16,6,19,250,BFGS,4.729056788469585
16,7,0,250,BFGS,1.9340655655154464
16,7,1,250,BFGS,0.6570286922799724
16,7,2,250,BFGS,2.879971629827544
16,7,3,250,BFGS,3.4778030602563774
16,7,4,250,BFGS,0.5288782509095356
16,7,5,250,BFGS,1.7683665780721682
16,7,6,250,BFGS,0.6672028882050256
16,7,7,250,BFGS,5.487756257327447
16,7,8,250,BFGS,1.644947254355749
16,7,9,250,BFGS,3.1909988013581767
16,7,10,250,BFGS,1.434613924249362
16,7,11,250,BFGS,4.571752340545622
16,7,12,250,BFGS,6.892639623035329
16,7,13,250,BFGS,3.443738097706998
16,7,14,250,BFGS,4.871157177986994
16,7,15,250,BFGS,9.414001467133282
16,7,16,250,BFGS,1.3591880180698084
16,7,17,250,BFGS,2.3469218269695276
16,7,18,250,BFGS,5.033902733099026
16,7,19,250,BFGS,0.09220361728849724
17,1,0,250,BFGS,0.029346172417135108
17,1,1,250,BFGS,0.2619549143260862
17,1,2,250,BFGS,0.17332453169558448
17,1,3,250,BFGS,0.7614794998004015
17,1,4,250,BFGS,0.1479571114913547
17,1,5,250,BFGS,0.09197218754443526
17,1,6,250,BFGS,0.3017407243021957
17,1,7,250,BFGS,0.09509928506751208
17,1,8,250,BFGS,0.07729599409039167
17,1,9,250,BFGS,0.9133457909679557
17,1,10,250,BFGS,0.16973192691848027
17,1,11,250,BFGS,0.04499703452920656
17,1,12,250,BFGS,1.2084968120981365
17,1,13,250,BFGS,0.15490654958005123
17,1,14,250,BFGS,0.13671922847209927
17,1,15,250,BFGS,0.20352585788850774
17,1,16,250,BFGS,0.049768449859030284
17,1,17,250,BFGS,0.08662759160166189
17,1,18,250,BFGS,0.13052378612074023
17,1,19,250,BFGS,0.10767768032689773
17,2,0,250,BFGS,0.12777434521958142
17,2,1,250,BFGS,0.027550958588811625
17,2,2,250,BFGS,0.05047625769906716
17,2,3,250,BFGS,0.31119068256333904
17,2,4,250,BFGS,0.007947471937111317
17,2,5,250,BFGS,0.10131636750882578
17,2,6,250,BFGS,0.23623134459777972
17,2,7,250,BFGS,0.6818548002712141
17,2,8,250,BFGS,0.08730116394114873
17,2,9,250,BFGS,0.12568581282704017
17,2,10,250,BFGS,0.10309566790014912
17,2,11,250,BFGS,0.10309566790013136
17,2,12,250,BFGS,0.17961066930481095
17,2,13,250,BFGS,0.11282083943472188
17,2,14,250,BFGS,0.12354888541752018
17,2,15,250,BFGS,0.19865355963330344
17,2,16,250,BFGS,1.233676536828721
17,2,17,250,BFGS,0.06349999883095592
17,2,18,250,BFGS,0.09939869458173689
17,2,19,250,BFGS,0.08545258152336288
17,3,0,250,BFGS,0.26683519328980765
17,3,1,250,BFGS,0.6385887295771226
17,3,2,250,BFGS,0.11705182909673795
17,3,3,250,BFGS,0.08250978728563041
17,3,4,250,BFGS,0.1305237860761963
17,3,5,250,BFGS,0.22089712274976137
17,3,6,250,BFGS,0.08250978728540304
17,3,7,250,BFGS,1.188719118606116
17,3,8,250,BFGS,0.9489820021864261
17,3,9,250,BFGS,0.08250978728580094
17,3,10,250,BFGS,0.22156730843840933
17,3,11,250,BFGS,0.1797690178520952
17,3,12,250,BFGS,1.229355425089068
17,3,13,250,BFGS,0.2150239652653454
17,3,14,250,BFGS,1.0363489375995414
17,3,15,250,BFGS,0.13435312655400367
17,3,16,250,BFGS,0.4050617599693851
17,3,17,250,BFGS,0.9055421103817025
17,3,18,250,BFGS,0.6133909010766274
17,3,19,250,BFGS,0.12998334856001748
17,4,0,250,BFGS,0.2916925824078902
17,4,1,250,BFGS,0.21193317121450406
17,4,2,250,BFGS,0.15253317656078025
17,4,3,250,BFGS,0.1622170271821659
17,4,4,250,BFGS,0.16915810235351358
17,4,5,250,BFGS,0.5171202595508788
17,4,6,250,BFGS,0.11525264233986832
17,4,7,250,BFGS,0.3543530815384699
17,4,8,250,BFGS,0.04316481634065639
17,4,9,250,BFGS,0.5750011730446047
17,4,10,250,BFGS,0.25259843165470386
17,4,11,250,BFGS,0.6093080375342055
17,4,12,250,BFGS,0.15043960563329506
17,4,13,250,BFGS,0.2808206403814708
17,4,14,250,BFGS,0.14817266188912015
17,4,15,250,BFGS,0.23214721758754564
17,4,16,250,BFGS,0.2811048644247265
17,4,17,250,BFGS,0.05047625769883979
17,4,18,250,BFGS,0.37494156803644785
17,4,19,250,BFGS,0.03474099887935722
17,5,0,250,BFGS,0.1112080499577246
17,5,1,250,BFGS,0.516659373677868
17,5,2,250,BFGS,1.0026533335493468
17,5,3,250,BFGS,0.5160487699233158
17,5,4,250,BFGS,0.1460565020352078
17,5,5,250,BFGS,0.09366781880356712
17,5,6,250,BFGS,0.12998334856010274
17,5,7,250,BFGS,0.07820048931549195
17,5,8,250,BFGS,0.09792849220676203
17,5,9,250,BFGS,0.19066622749360818
17,5,10,250,BFGS,1.4953564730657263
17,5,11,250,BFGS,0.24951528955983804
17,5,12,250,BFGS,0.19595099782935677
17,5,13,250,BFGS,0.06716238711561573
17,5,14,250,BFGS,0.44505283448717137
17,5,15,250,BFGS,0.09939869458176531
17,5,16,250,BFGS,0.10794008494428908
17,5,17,250,BFGS,0.09945754025466158
17,5,18,250,BFGS,0.052934786822902424
17,5,19,250,BFGS,0.16458857527806003
17,6,0,250,BFGS,0.09197218754604819
17,6,1,250,BFGS,0.19788994730936338
17,6,2,250,BFGS,0.07188990731623335
17,6,3,250,BFGS,0.24951528955983804
17,6,4,250,BFGS,0.3338850422976236
17,6,5,250,BFGS,0.06719228841342328
17,6,6,250,BFGS,0.33083864869507806
17,6,7,250,BFGS,0.4609372857821086
17,6,8,250,BFGS,0.1959509978292715
17,6,9,250,BFGS,1.2394132089320635
17,6,10,250,BFGS,0.07677834307065723
17,6,11,250,BFGS,0.054367448836046606
17,6,12,250,BFGS,0.3155339295010151
17,6,13,250,BFGS,0.07629519098904325
17,6,14,250,BFGS,0.15974817086234339
17,6,15,250,BFGS,0.040689493346718564
17,6,16,250,BFGS,0.5094711326864285
17,6,17,250,BFGS,0.08943976121980768
17,6,18,250,BFGS,0.17961066930422476
17,6,19,250,BFGS,0.024259295833161332
17,7,0,250,BFGS,0.3191260049172797
17,7,1,250,BFGS,0.30528046993255487
17,7,2,250,BFGS,0.30659251109656793
17,7,3,250,BFGS,0.2308044328172798
17,7,4,250,BFGS,0.20948625158020207
17,7,5,250,BFGS,0.16746650684892472
17,7,6,250,BFGS,0.05422304905690112
17,7,7,250,BFGS,0.44289174999424574
17,7,8,250,BFGS,0.20352585788855038
17,7,9,250,BFGS,0.03787379514947986
17,7,10,250,BFGS,0.5610662014855023
17,7,11,250,BFGS,0.2199311065963485
17,7,12,250,BFGS,0.1597481708623718
17,7,13,250,BFGS,0.04733442425894907
17,7,14,250,BFGS,0.291414455462089
17,7,15,250,BFGS,0.14559969066471012
17,7,16,250,BFGS,0.06806299058781917
17,7,17,250,BFGS,0.1077561225639414
17,7,18,250,BFGS,0.2777076260954203
17,7,19,250,BFGS,0.33298792925016585
18,1,0,250,BFGS,0.6859791524202095
18,1,1,250,BFGS,0.8155289234379204
18,1,2,250,BFGS,0.1978899518003594
18,1,3,250,BFGS,1.221851997535003
18,1,4,250,BFGS,0.31457674060882823
18,1,5,250,BFGS,1.1427444721317706
18,1,6,250,BFGS,3.8075599904516135
18,1,7,250,BFGS,1.1196164817147949
18,1,8,250,BFGS,0.5765116326569064
18,1,9,250,BFGS,1.1589125759175154
18,1,10,250,BFGS,1.1350757923478803
18,1,11,250,BFGS,0.5720610870071177
18,1,12,250,BFGS,2.7642631244393314
18,1,13,250,BFGS,1.4802208823232483
18,1,14,250,BFGS,0.964837576057624
18,1,15,250,BFGS,0.8155289235054362
18,1,16,250,BFGS,7.055040168676122
18,1,17,250,BFGS,0.20352585789930444
18,1,18,250,BFGS,1.7016475367885988
18,1,19,250,BFGS,1.572893878268042
18,2,0,250,BFGS,0.45049465417600487
18,2,1,250,BFGS,0.24112045730388232
18,2,2,250,BFGS,0.12948125031988766
18,2,3,250,BFGS,0.744998952894889
18,2,4,250,BFGS,0.3797075140026749
18,2,5,250,BFGS,0.7797829622557977
18,2,6,250,BFGS,0.4822694353603225
18,2,7,250,BFGS,0.6295357155572141
18,2,8,250,BFGS,0.9244876511842044
18,2,9,250,BFGS,0.09072683252815139
18,2,10,250,BFGS,0.3462879607950633
18,2,11,250,BFGS,0.7425809042026046
18,2,12,250,BFGS,0.2942991904783945
18,2,13,250,BFGS,0.5133247761369581
18,2,14,250,BFGS,1.572893878272513
18,2,15,250,BFGS,0.07170192064754843
18,2,16,250,BFGS,0.40330457462419744
18,2,17,250,BFGS,0.19323663537165103
18,2,18,250,BFGS,0.3303389480562515
18,2,19,250,BFGS,0.41610634469022045
18,3,0,250,BFGS,1.1589125757878946
18,3,1,250,BFGS,0.9055421107207735
18,3,2,250,BFGS,2.051021500225204
18,3,3,250,BFGS,1.646663741344355
18,3,4,250,BFGS,1.8060357818869193
18,3,5,250,BFGS,4.163945514953582
18,3,6,250,BFGS,0.9721412267695655
18,3,7,250,BFGS,1.716250836719155
18,3,8,250,BFGS,1.7093162278333693
18,3,9,250,BFGS,0.5461419698096392
18,3,10,250,BFGS,1.4277589362509957
18,3,11,250,BFGS,0.7425809042513265
18,3,12,250,BFGS,1.5952175444816135
18,3,13,250,BFGS,1.6507313566733046
18,3,14,250,BFGS,2.1259119942323537
18,3,15,250,BFGS,1.5630369635959482
18,3,16,250,BFGS,0.7477383977173986
18,3,17,250,BFGS,1.378883472939492
18,3,18,250,BFGS,3.539813776810888
18,3,19,250,BFGS,0.7336769904696325
18,4,0,250,BFGS,1.7784297334660621
18,4,1,250,BFGS,1.4343252694048587
18,4,2,250,BFGS,0.9721412264204616
18,4,3,250,BFGS,1.740412269938922
18,4,4,250,BFGS,8.980402426214262
18,4,5,250,BFGS,1.7784297334628363
18,4,6,250,BFGS,0.1433696506163784
18,4,7,250,BFGS,0.19788994745034216
18,4,8,250,BFGS,1.7378652325811927
18,4,9,250,BFGS,0.4397982548764148
18,4,10,250,BFGS,0.34221483500591177
18,4,11,250,BFGS,0.9505426827950529
18,4,12,250,BFGS,1.1812179944730659
18,4,13,250,BFGS,0.3815899116300443
18,4,14,250,BFGS,0.11120805027644565
18,4,15,250,BFGS,0.4681516838507491
18,4,16,250,BFGS,6.037051792221071
18,4,17,250,BFGS,0.8090525575291068
18,4,18,250,BFGS,2.168038660411341
18,4,19,250,BFGS,0.44969612664328906
18,5,0,250,BFGS,3.9334896839758358
18,5,1,250,BFGS,0.6650482270416092
18,5,2,250,BFGS,0.9130753251582178
18,5,3,250,BFGS,1.3696554503727612
18,5,4,250,BFGS,0.5258198900435502
18,5,5,250,BFGS,0.587288644421136
18,5,6,250,BFGS,1.1112729707046185
18,5,7,250,BFGS,0.10653580056995793
18,5,8,250,BFGS,1.1547947741295275
18,5,9,250,BFGS,0.9059669990656971
18,5,10,250,BFGS,2.073867543835547
18,5,11,250,BFGS,7.074062106044323
18,5,12,250,BFGS,0.9049007303514998
18,5,13,250,BFGS,1.3014391594573453
18,5,14,250,BFGS,1.232384591590261
18,5,15,250,BFGS,1.2085319884938315
18,5,16,250,BFGS,0.34628796089560865
18,5,17,250,BFGS,3.263911242887815
18,5,18,250,BFGS,0.12717997534983283
18,5,19,250,BFGS,1.3100963815676039
18,6,0,250,BFGS,1.4949327081855301
18,6,1,250,BFGS,2.834609573842613
18,6,2,250,BFGS,0.5017399018091737
18,6,3,250,BFGS,0.5479978068543971
18,6,4,250,BFGS,1.7589677582965635
18,6,5,250,BFGS,0.8895129548683371
18,6,6,250,BFGS,0.19300097322454235
18,6,7,250,BFGS,0.2431358051014172
18,6,8,250,BFGS,0.4094920806511766
18,6,9,250,BFGS,0.8141110607217001
18,6,10,250,BFGS,0.2884327681564969
18,6,11,250,BFGS,0.3625058869659199
18,6,12,250,BFGS,0.6321312462829951
18,6,13,250,BFGS,0.9399840899751268
18,6,14,250,BFGS,0.445052837918098
18,6,15,250,BFGS,0.2829047629168713
18,6,16,250,BFGS,0.9577921285057585
18,6,17,250,BFGS,0.45922013535212614
18,6,18,250,BFGS,0.557178876010056
18,6,19,250,BFGS,0.6517537330745711
18,7,0,250,BFGS,0.7610612102572958
18,7,1,250,BFGS,2.2011991548695846
18,7,2,250,BFGS,1.7029520439800763
18,7,3,250,BFGS,0.5308659063826155
18,7,4,250,BFGS,0.35864660095087686
18,7,5,250,BFGS,1.1345813423463227
18,7,6,250,BFGS,1.3239334811570842
18,7,7,250,BFGS,0.6756263753143941
18,7,8,250,BFGS,1.0330907046467388
18,7,9,250,BFGS,0.5932496213862777
18,7,10,250,BFGS,0.35864660099537105
18,7,11,250,BFGS,0.5751817105408463
18,7,12,250,BFGS,0.5110738426748611
18,7,13,250,BFGS,3.115849455161822
18,7,14,250,BFGS,3.4433852078295786
18,7,15,250,BFGS,0.5842899940766131
18,7,16,250,BFGS,1.0700631248532346
18,7,17,250,BFGS,0.6908519173098284
18,7,18,250,BFGS,1.5459316430240477
18,7,19,250,BFGS,0.7141176307089125
19,1,0,250,BFGS,1.3351766419462194
19,1,1,250,BFGS,0.18575374392729316
19,1,2,250,BFGS,0.09032348178430993
19,1,3,250,BFGS,0.2746745677033289
19,1,4,250,BFGS,0.43196871711212736
19,1,5,250,BFGS,0.5776143831761402
19,1,6,250,BFGS,1.264490735037299
19,1,7,250,BFGS,0.13351738855362782
19,1,8,250,BFGS,0.6086832775640119
19,1,9,250,BFGS,0.4950850658297128
19,1,10,250,BFGS,0.0746125130388009
19,1,11,250,BFGS,0.259181089812472
19,1,12,250,BFGS,0.48694655056148406
19,1,13,250,BFGS,0.05105714100749026
19,1,14,250,BFGS,0.4790926265030322
19,1,15,250,BFGS,0.8443027669121506
19,1,16,250,BFGS,0.20420322759072462
19,1,17,250,BFGS,0.16143023939585532
19,1,18,250,BFGS,0.03926959665471941
19,1,19,250,BFGS,0.12665214028002936
19,2,0,250,BFGS,1.2684177866716198
19,2,1,250,BFGS,0.07068552227843838
19,2,2,250,BFGS,0.2562254806050106
19,2,3,250,BFGS,0.6832961087363856
19,2,4,250,BFGS,1.032216393466129
19,2,5,250,BFGS,1.3744465116089088
19,2,6,250,BFGS,0.14619068849398786
19,2,7,250,BFGS,0.6047563737558193
19,2,8,250,BFGS,0.24361433520100206
19,2,9,250,BFGS,0.15707932792750512
19,2,10,250,BFGS,0.38457897265750773
19,2,11,250,BFGS,0.5707958412610878
19,2,12,250,BFGS,1.2291478254013128
19,2,13,250,BFGS,0.07461251305861083
19,2,14,250,BFGS,0.3180859439708854
19,2,15,250,BFGS,0.4005540722621532
19,2,16,250,BFGS,1.3312499629762726
19,2,17,250,BFGS,0.1649635574275976
19,2,18,250,BFGS,0.4948005516805978
19,2,19,250,BFGS,0.09025697230210028
19,3,0,250,BFGS,0.49087583990365147
19,3,1,250,BFGS,2.446514976518472
19,3,2,250,BFGS,0.6950770621467655
19,3,3,250,BFGS,0.06221306681479177
19,3,4,250,BFGS,0.1574234350086101
19,3,5,250,BFGS,0.7264942622715012
19,3,6,250,BFGS,0.21991124519203709
19,3,7,250,BFGS,0.12180381001402907
19,3,8,250,BFGS,0.17278730627199934
19,3,9,250,BFGS,0.04712357756162078
19,3,10,250,BFGS,0.0824664946784992
19,3,11,250,BFGS,0.4437499731584751
19,3,12,250,BFGS,0.3612829428403188
19,3,13,250,BFGS,0.06176304707003055
19,3,14,250,BFGS,0.7618359375527177
19,3,15,250,BFGS,0.4358957704627642
19,3,16,250,BFGS,0.07087949339205579
19,3,17,250,BFGS,0.19634926897353466
19,3,18,250,BFGS,0.5772673654136895
19,3,19,250,BFGS,1.4647672704312527
19,4,0,250,BFGS,0.07068552220603408
19,4,1,250,BFGS,1.8548427879638254
19,4,2,250,BFGS,0.11780941216458984
19,4,3,250,BFGS,0.35735585319648777
19,4,4,250,BFGS,0.09243828025113032
19,4,5,250,BFGS,0.7147200035190764
19,4,6,250,BFGS,0.20027622134520584
19,4,7,250,BFGS,0.07079082039356166
19,4,8,250,BFGS,0.9503314718670097
19,4,9,250,BFGS,0.058904549763376224
19,4,10,250,BFGS,0.26311124640942296
19,4,11,250,BFGS,0.42834726452193905
19,4,12,250,BFGS,0.09861047577744131
19,4,13,250,BFGS,0.7029310482872049
19,4,14,250,BFGS,1.1741700783636233
19,4,15,250,BFGS,0.19634922962095658
19,4,16,250,BFGS,0.47922513790062027
19,4,17,250,BFGS,0.06283154068528063
19,4,18,250,BFGS,0.14529834898075933
19,4,19,250,BFGS,0.38877180946644785
19,5,0,250,BFGS,0.20027642383934108
19,5,1,250,BFGS,0.2911776595125275
19,5,2,250,BFGS,1.2185413023223646
19,5,3,250,BFGS,0.2199112002313086
19,5,4,250,BFGS,0.6872251897598289
19,5,5,250,BFGS,0.3337939069967888
19,5,6,250,BFGS,1.2839457503323501
19,5,7,250,BFGS,0.510508495007457
19,5,8,250,BFGS,0.15766780222111265
19,5,9,250,BFGS,0.2120571926318462
19,5,10,250,BFGS,0.8364493881233557
19,5,11,250,BFGS,0.7579089435938613
19,5,12,250,BFGS,0.5191872102983552
19,5,13,250,BFGS,0.6990045188321119
19,5,14,250,BFGS,0.36913685255592554
19,5,15,250,BFGS,0.47912594122431074
19,5,16,250,BFGS,0.251327176308223
19,5,17,250,BFGS,0.3573558536592145
19,5,18,250,BFGS,0.40840675323374853
19,5,19,250,BFGS,0.8285947891888554
19,6,0,250,BFGS,0.24347311841188457
19,6,1,250,BFGS,0.2002762271530969
19,6,2,250,BFGS,0.5694153355243259
19,6,3,250,BFGS,2.061698333942246
19,6,4,250,BFGS,0.1767145200108473
19,6,5,250,BFGS,1.7357318669952235
19,6,6,250,BFGS,1.998839851986446
19,6,7,250,BFGS,0.2827430270524758
19,6,8,250,BFGS,0.5851213207556611
19,6,9,250,BFGS,0.4278364559756369
19,6,10,250,BFGS,0.08246649466053668
19,6,11,250,BFGS,0.29059700853713366
19,6,12,250,BFGS,0.2120760294775721
19,6,13,250,BFGS,0.10995543040240818
19,6,14,250,BFGS,0.33379390702134515
19,6,15,250,BFGS,0.2945240004027596
19,6,16,250,BFGS,0.4476767256068115
19,6,17,250,BFGS,0.43159480781648085
19,6,18,250,BFGS,1.35873858588036
19,6,19,250,BFGS,0.20813020443466712
19,7,0,250,BFGS,0.8600112988926156
19,7,1,250,BFGS,1.2370018099764124
19,7,2,250,BFGS,0.505948757253222
19,7,3,250,BFGS,0.4123337233056503
19,7,4,250,BFGS,0.16493586645053426
19,7,5,250,BFGS,0.7113033440236336
19,7,6,250,BFGS,0.03535472471611456
19,7,7,250,BFGS,0.1521625866208538
19,7,8,250,BFGS,0.30237798957438144
19,7,9,250,BFGS,0.45553062340348305
19,7,10,250,BFGS,0.2827915712548901
19,7,11,250,BFGS,0.6967446429488575
19,7,12,250,BFGS,0.6243913224916824
19,7,13,250,BFGS,0.24347311816026007
19,7,14,250,BFGS,0.16228656340064873
19,7,15,250,BFGS,0.1178094124479756
19,7,16,250,BFGS,0.18456825659546894
19,7,17,250,BFGS,0.03537719410644513
19,7,18,250,BFGS,0.32201294370537425
19,7,19,250,BFGS,0.589048522182452
20,1,0,250,BFGS,1.8161311574331194
20,1,1,250,BFGS,1.8951449597412875
20,1,2,250,BFGS,1.697832531337781
20,1,3,250,BFGS,1.6583585316610652
20,1,4,250,BFGS,1.1844491491000326
20,1,5,250,BFGS,1.579188685248937
20,1,6,250,BFGS,1.3818518186520805
20,1,7,250,BFGS,1.5002461047561155
20,1,8,250,BFGS,1.6976487743083908
20,1,9,250,BFGS,0.4737533384577546
20,1,10,250,BFGS,2.3295857614864417
20,1,11,250,BFGS,1.8952352008901698
20,1,12,250,BFGS,1.2633694355271246
20,1,13,250,BFGS,1.1449093464685802
20,1,14,250,BFGS,0.8290900967461994
20,1,15,250,BFGS,0.9080326772393619
20,1,16,250,BFGS,1.9742490031982243
20,1,17,250,BFGS,1.184449149099919
20,1,18,250,BFGS,1.5002461047561155
20,1,19,250,BFGS,1.975050320717287
20,2,0,250,BFGS,1.7371227739849928
20,2,1,250,BFGS,1.855582863044333
20,2,2,250,BFGS,1.2633694355271246
20,2,3,250,BFGS,0.9080326772391345
20,2,4,250,BFGS,1.8952352008900561
20,2,5,250,BFGS,0.6711560080101435
20,2,6,250,BFGS,1.500246104756343
20,2,7,250,BFGS,1.658180193491944
20,2,8,250,BFGS,2.013539245845436
20,2,9,250,BFGS,1.4213258183287962
20,2,10,250,BFGS,1.4607721050793998
20,2,11,250,BFGS,1.934525443537268
20,2,12,250,BFGS,1.8960419372691604
20,2,13,250,BFGS,1.3818518186521942
20,2,14,250,BFGS,1.1054353467914098
20,2,15,250,BFGS,1.500495664740697
20,2,16,250,BFGS,1.2633694355275793
20,2,17,250,BFGS,1.579188685248937
20,2,18,250,BFGS,1.3028380163444808
20,2,19,250,BFGS,1.895122665675899
20,3,0,250,BFGS,0.6711560080100298
20,3,1,250,BFGS,1.6188899508446468
20,3,2,250,BFGS,2.0936283638507973
20,3,3,250,BFGS,1.2635531925564862
20,3,4,250,BFGS,2.093444606821379
20,3,5,250,BFGS,1.8555828630441056
20,3,6,250,BFGS,2.052985532596381
20,3,7,250,BFGS,1.3732551388028753
20,3,8,250,BFGS,1.934709200566516
20,3,9,250,BFGS,1.5397859073876816
20,3,10,250,BFGS,1.6582024875572756
20,3,11,250,BFGS,1.3337811391256196
20,3,12,250,BFGS,1.3818518186517963
20,3,13,250,BFGS,1.3028380163434576
20,3,14,250,BFGS,1.539714685572335
20,3,15,250,BFGS,1.8951449597412875
20,3,16,250,BFGS,1.5002461047560018
20,3,17,250,BFGS,1.8951226656758422
20,3,18,250,BFGS,1.6976487743082203
20,3,19,250,BFGS,1.2240791928798842
20,4,0,250,BFGS,1.4213258183283983
20,4,1,250,BFGS,2.8436802200948534
20,4,2,250,BFGS,1.1449093464677844
20,4,3,250,BFGS,2.013533826985224
20,4,4,250,BFGS,2.250755716207493
20,4,5,250,BFGS,2.1243877296035123
20,4,6,250,BFGS,1.855582863044134
20,4,7,250,BFGS,1.5792544882040715
20,4,8,250,BFGS,0.8685586775623051
20,4,9,250,BFGS,1.1449093464677844
20,4,10,250,BFGS,1.3732551388025342
20,4,11,250,BFGS,1.3028380163434576
20,4,12,250,BFGS,1.4213258183283983
20,4,13,250,BFGS,1.46095586210879
20,4,14,250,BFGS,0.9080326772389071
20,4,15,250,BFGS,2.210919621332266
20,4,16,250,BFGS,1.2635531925565147
20,4,17,250,BFGS,2.21112567242713
20,4,18,250,BFGS,1.8556709600646855
20,4,19,250,BFGS,1.7765913548012122
20,5,0,250,BFGS,1.2633694355270793
20,5,1,250,BFGS,1.7766625766165651
20,5,2,250,BFGS,1.7381078485332253
20,5,3,250,BFGS,1.8952352008899203
20,5,4,250,BFGS,1.539785907387686
20,5,5,250,BFGS,1.7373065310142541
20,5,6,250,BFGS,1.9740652461688342
20,5,7,250,BFGS,1.501231179304341
20,5,8,250,BFGS,2.763865100267566
20,5,9,250,BFGS,1.0266765233276267
20,5,10,250,BFGS,1.1449093464677942
20,5,11,250,BFGS,2.092459532272989
20,5,12,250,BFGS,1.579188685248929
20,5,13,250,BFGS,0.9475066769155216
20,5,14,250,BFGS,2.4086898049433882
20,5,15,250,BFGS,0.9475724798706571
20,5,16,250,BFGS,1.460955862108757
20,5,17,250,BFGS,1.816292620396931
20,5,18,250,BFGS,2.0926432893024147
20,5,19,250,BFGS,1.5002461047559539
20,6,0,250,BFGS,2.1320216289701577
20,6,1,250,BFGS,1.3818518186517927
20,6,2,250,BFGS,1.460772105079343
20,6,3,250,BFGS,1.8075344775837472
20,6,4,250,BFGS,1.9355105180854792
20,6,5,250,BFGS,2.013539245845436
20,6,6,250,BFGS,0.9080326772389036
20,6,7,250,BFGS,2.0135338269852134
20,6,8,250,BFGS,1.460955862108765
20,6,9,250,BFGS,0.7106958106417736
20,6,10,250,BFGS,1.0266765233276196
20,6,11,250,BFGS,1.1844491490995246
20,6,12,250,BFGS,0.7106300076866425
20,6,13,250,BFGS,1.7766625766165625
20,6,14,250,BFGS,0.9080326772389142
20,6,15,250,BFGS,1.2633694355270748
20,6,16,250,BFGS,1.8162926203969256
20,6,17,250,BFGS,2.0531692896258065
20,6,18,250,BFGS,0.9080326772389071
20,6,19,250,BFGS,2.211926989946093
20,7,0,250,BFGS,1.8161311574329346
20,7,1,250,BFGS,2.171651672750528
20,7,2,250,BFGS,1.421391621283533
20,7,3,250,BFGS,0.7106300076866319
20,7,4,250,BFGS,1.3817860156966617
20,7,5,250,BFGS,1.2635531925565004
20,7,6,250,BFGS,2.052985532596381
20,7,7,250,BFGS,1.6187061938152283
20,7,8,250,BFGS,1.8555828630441198
20,7,9,250,BFGS,2.053007826661812
20,7,10,250,BFGS,2.1714679157211094
20,7,11,250,BFGS,1.697648774308206
20,7,12,250,BFGS,1.3028380163434718
20,7,13,250,BFGS,0.9080326772389071
20,7,14,250,BFGS,1.8556051571095509
20,7,15,250,BFGS,1.1449093464677844
20,7,16,250,BFGS,1.3029092381588043
20,7,17,250,BFGS,1.6187061938152283
20,7,18,250,BFGS,1.3028434352036982
20,7,19,250,BFGS,1.0659667659748067
21,1,0,250,BFGS,1.2452555353042953
21,1,1,250,BFGS,1.2452555353042953
21,1,2,250,BFGS,1.2452555353042953
21,1,3,250,BFGS,1.2452555353042953
21,1,4,250,BFGS,1.2452555353042953
21,1,5,250,BFGS,1.999384882869549
21,1,6,250,BFGS,1.2452555353042953
21,1,7,250,BFGS,1.2452555353042953
21,1,8,250,BFGS,1.2452555353042953
21,1,9,250,BFGS,3.169805587296601
21,1,10,250,BFGS,1.9993848828695349
21,1,11,250,BFGS,1.2452555353043024
21,1,12,250,BFGS,1.2452555353042953
21,1,13,250,BFGS,1.2452555353042953
21,1,14,250,BFGS,1.2452555353043024
21,1,15,250,BFGS,1.563009857336077
21,1,16,250,BFGS,1.2452555353042882
21,1,17,250,BFGS,1.2452555353042953
21,1,18,250,BFGS,1.2452555353042953
21,1,19,250,BFGS,1.2452555353043095
21,2,0,250,BFGS,1.8030193778227481
21,2,1,250,BFGS,2.777988407134986
21,2,2,250,BFGS,1.5630098573360707
21,2,3,250,BFGS,3.1698055872966173
21,2,4,250,BFGS,7.011098033762332
21,2,5,250,BFGS,3.169805587296608
21,2,6,250,BFGS,1.1959823797980107e-08
21,2,7,250,BFGS,5.848139750241899e-10
21,2,8,250,BFGS,1.8030193778227523
21,2,9,250,BFGS,1.8030193778227523
21,2,10,250,BFGS,6.225495674527792e-10
21,2,11,250,BFGS,2.0436611087073766
21,2,12,250,BFGS,0.9299973892537687
21,2,13,250,BFGS,2.5812019188720114e-11
21,2,14,250,BFGS,7.011098033762332
21,2,15,250,BFGS,1.9377404958739175
21,2,16,250,BFGS,2.779509955530557e-10
21,2,17,250,BFGS,7.011098033762337
21,2,18,250,BFGS,1.9377404958739237
21,2,19,250,BFGS,3.1698055872966173
21,3,0,250,BFGS,1.5609710999342497e-06
21,3,1,250,BFGS,2.2558046240814633
21,3,2,250,BFGS,5.091635557619156e-08
21,3,3,250,BFGS,1.9377404958744933
21,3,4,250,BFGS,2.2558046240806675
21,3,5,250,BFGS,1.5630098573371924
21,3,6,250,BFGS,1.9993848828859768
21,3,7,250,BFGS,4.161779137509939
21,3,8,250,BFGS,0.6918569111950887
21,3,9,250,BFGS,2.04366110870842
21,3,10,250,BFGS,2.168461605833727e-07
21,3,11,250,BFGS,0.6918569111925308
21,3,12,250,BFGS,12.19312687798373
21,3,13,250,BFGS,4.16177913751028
21,3,14,250,BFGS,1.6351805243175477e-07
21,3,15,250,BFGS,2.0436611087097845
21,3,16,250,BFGS,8.123488977192949
21,3,17,250,BFGS,7.856584531407179
21,3,18,250,BFGS,0.691856911192076
21,3,19,250,BFGS,1.9377404958776197
21,4,0,250,BFGS,3.1698055872966187
21,4,1,250,BFGS,2.777988407134977
21,4,2,250,BFGS,3.6378353676324586
21,4,3,250,BFGS,1.2452555353043095
21,4,4,250,BFGS,1.2452555353043167
21,4,5,250,BFGS,5.262803669173952
21,4,6,250,BFGS,4.404938636071165e-10
21,4,7,250,BFGS,0.6918569111917598
21,4,8,250,BFGS,5.262803669173945
21,4,9,250,BFGS,5.262803669173945
21,4,10,250,BFGS,1.2452555353042918
21,4,11,250,BFGS,5.262803669173952
21,4,12,250,BFGS,2.47297385840681
21,4,13,250,BFGS,1.2452555353042918
21,4,14,250,BFGS,6.658550567585568
21,4,15,250,BFGS,7.593560684649255
21,4,16,250,BFGS,5.262803669173966
21,4,17,250,BFGS,5.262803669173945
21,4,18,250,BFGS,1.2452555353042918
21,4,19,250,BFGS,1.2452555353042918
21,5,0,250,BFGS,2.118634928027177
21,5,1,250,BFGS,3.1698055872989244
21,5,2,250,BFGS,5.262803669175014
21,5,3,250,BFGS,1.24525553530475
21,5,4,250,BFGS,2.04366110872445
21,5,5,250,BFGS,1.9993848828820546
21,5,6,250,BFGS,1.2452555353053185
21,5,7,250,BFGS,3.1698055872981286
21,5,8,250,BFGS,4.8388073992100544e-08
21,5,9,250,BFGS,1.2452555353052048
21,5,10,250,BFGS,3.8696725823683664e-09
21,5,11,250,BFGS,1.1873680705321021e-08
21,5,12,250,BFGS,2.118634928030474
21,5,13,250,BFGS,1.2452555353081607
21,5,14,250,BFGS,1.8030193778242847
21,5,15,250,BFGS,0.9299973892550497
21,5,16,250,BFGS,1.2452555353096386
21,5,17,250,BFGS,2.118634928024676
21,5,18,250,BFGS,2.1186349280233117
21,5,19,250,BFGS,2.1186349280237664
21,6,0,250,BFGS,0.6918569111930992
21,6,1,250,BFGS,3.637835367635603
21,6,2,250,BFGS,3.6378353676331017
21,6,3,250,BFGS,0.6918569111963961
21,6,4,250,BFGS,1.9377404958809166
21,6,5,250,BFGS,1.9377404958910347
21,6,6,250,BFGS,3.169805587299493
21,6,7,250,BFGS,3.6378353676328743
21,6,8,250,BFGS,3.1698055872973327
21,6,9,250,BFGS,2.118634928027177
21,6,10,250,BFGS,3.1698055872988107
21,6,11,250,BFGS,3.1698055872977875
21,6,12,250,BFGS,1.9377404958835314
21,6,13,250,BFGS,9.140455858869245e-08
21,6,14,250,BFGS,1.9377404958792113
21,6,15,250,BFGS,3.169805587297674
21,6,16,250,BFGS,1.6138875480464776e-06
21,6,17,250,BFGS,3.6378353676436745
21,6,18,250,BFGS,9.930446911490435
21,6,19,250,BFGS,3.169805587300857
21,7,0,250,BFGS,1.9377404958740385
21,7,1,250,BFGS,5.7811973717484335
21,7,2,250,BFGS,2.5971957029469195e-08
21,7,3,250,BFGS,1.8030193778227641
21,7,4,250,BFGS,2.043661108707468
21,7,5,250,BFGS,5.229068733569875e-09
21,7,6,250,BFGS,2.0436611087074823
21,7,7,250,BFGS,1.803019377822821
21,7,8,250,BFGS,1.9377404958739533
21,7,9,250,BFGS,2.043661108708122
21,7,10,250,BFGS,2.0436611087076955
21,7,11,250,BFGS,0.6918569111917634
21,7,12,250,BFGS,5.781197371748462
21,7,13,250,BFGS,1.9377404958739959
21,7,14,250,BFGS,3.637835367632519
21,7,15,250,BFGS,2.777988407135311
21,7,16,250,BFGS,1.9377404958740243
21,7,17,250,BFGS,1.102662849916669e-09
21,7,18,250,BFGS,1.937740495874138
21,7,19,250,BFGS,2.886238803512242e-09
22,1,0,250,BFGS,0.6918569111925308
22,1,1,250,BFGS,0.6918569112038995
22,1,2,250,BFGS,18.2882924492651
22,1,3,250,BFGS,5.062737456431137
22,1,4,250,BFGS,4.2705892155936453e-08
22,1,5,250,BFGS,1.3689337947653257e-06
22,1,6,250,BFGS,0.6918569112008299
22,1,7,250,BFGS,2.5905477300908615
22,1,8,250,BFGS,1.1696215551637579e-08
22,1,9,250,BFGS,30.08221133362315
22,1,10,250,BFGS,18.28829244926601
22,1,11,250,BFGS,1.4320562513603363e-08
22,1,12,250,BFGS,0.6918569111941224
22,1,13,250,BFGS,0.6918569111934403
22,1,14,250,BFGS,30.082211333625082
22,1,15,250,BFGS,4.041503416374326e-07
22,1,16,250,BFGS,2.741512616921682e-07
22,1,17,250,BFGS,5.062737456434093
22,1,18,250,BFGS,0.6918569111936677
22,1,19,250,BFGS,18.288292449265327
22,2,0,250,BFGS,1.954998859527791
22,2,1,250,BFGS,0.6918569111973056
22,2,2,250,BFGS,7.271629193630133
22,2,3,250,BFGS,0.6918569111952593
22,2,4,250,BFGS,0.6918569111923034
22,2,5,250,BFGS,1.186583631351823e-08
22,2,6,250,BFGS,1.9549988595446166
22,2,7,250,BFGS,1.954998859556781
22,2,8,250,BFGS,1.9549988595465493
22,2,9,250,BFGS,2.590547730093249
22,2,10,250,BFGS,1.9549988595322247
22,2,11,250,BFGS,2.5905477300912025
22,2,12,250,BFGS,0.6918569111937813
22,2,13,250,BFGS,1.954998859523812
22,2,14,250,BFGS,0.6918569111930992
22,2,15,250,BFGS,7.271629193627518
22,2,16,250,BFGS,0.6918569111951456
22,2,17,250,BFGS,1.9549988595235845
22,2,18,250,BFGS,7.271629193626836
22,2,19,250,BFGS,7.271629193638546
22,3,0,250,BFGS,1.9549988595233287
22,3,1,250,BFGS,0.6918569111918131
22,3,2,250,BFGS,11.12561845040819
22,3,3,250,BFGS,11.125618450408197
22,3,4,250,BFGS,8.455458555545192e-11
22,3,5,250,BFGS,2.872369009310205e-10
22,3,6,250,BFGS,1.9549988595233145
22,3,7,250,BFGS,1.5108838624655618e-09
22,3,8,250,BFGS,1.9549988595235632
22,3,9,250,BFGS,3.3397142829016957e-09
22,3,10,250,BFGS,2.7786555278908054e-09
22,3,11,250,BFGS,4.991775881535432e-10
22,3,12,250,BFGS,1.0376055570304743e-09
22,3,13,250,BFGS,1.9549988595239327
22,3,14,250,BFGS,7.747047447992372e-11
22,3,15,250,BFGS,8.742750532071902
22,3,16,250,BFGS,6.833928978267068e-10
22,3,17,250,BFGS,5.258868895907653e-10
22,3,18,250,BFGS,11.12561845040819
22,3,19,250,BFGS,1.9549988595233074
22,4,0,250,BFGS,7.271629193628087
22,4,1,250,BFGS,7.271629193629565
22,4,2,250,BFGS,7.271629193626893
22,4,3,250,BFGS,7.271629193626666
22,4,4,250,BFGS,2.590547730090009
22,4,5,250,BFGS,0.6918569111924171
22,4,6,250,BFGS,2.5905477300908046
22,4,7,250,BFGS,2.5905477300914868
22,4,8,250,BFGS,7.271629193627348
22,4,9,250,BFGS,7.271629193626836
22,4,10,250,BFGS,7.271629193627007
22,4,11,250,BFGS,7.271629193627348
22,4,12,250,BFGS,7.2716291936267226
22,4,13,250,BFGS,1.1356576123944251e-08
22,4,14,250,BFGS,7.271629193626836
22,4,15,250,BFGS,8.742750532076798
22,4,16,250,BFGS,7.2716291936267226
22,4,17,250,BFGS,7.271629193628769
22,4,18,250,BFGS,7.271629193627405
22,4,19,250,BFGS,7.271629193626779
22,5,0,250,BFGS,8.742750532071888
22,5,1,250,BFGS,0.6918569111917634
22,5,2,250,BFGS,1.9049650745728286e-11
22,5,3,250,BFGS,25.47695079317007
22,5,4,250,BFGS,1.1936251098632056e-08
22,5,5,250,BFGS,0.6918569111917634
22,5,6,250,BFGS,7.271629193626595
22,5,7,250,BFGS,8.742750532071902
22,5,8,250,BFGS,7.2716291936265876
22,5,9,250,BFGS,7.2716291936265804
22,5,10,250,BFGS,25.47695079317041
22,5,11,250,BFGS,0.6918569111917634
22,5,12,250,BFGS,0.6918569111917634
22,5,13,250,BFGS,2.2605917138207587e-10
22,5,14,250,BFGS,8.742750532071895
22,5,15,250,BFGS,0.6918569111917634
22,5,16,250,BFGS,0.6918569111917847
22,5,17,250,BFGS,1.165835783467628e-08
22,5,18,250,BFGS,2.868254966870154e-09
22,5,19,250,BFGS,0.6918569111917634
22,6,0,250,BFGS,0.6918569111917634
22,6,1,250,BFGS,0.6918569111917847
22,6,2,250,BFGS,0.6918569111917634
22,6,3,250,BFGS,1.1844960567941598e-08
22,6,4,250,BFGS,0.6918569111918131
22,6,5,250,BFGS,0.6918569111917634
22,6,6,250,BFGS,0.6918569111917634
22,6,7,250,BFGS,0.6918569111917776
22,6,8,250,BFGS,11.125618450408219
22,6,9,250,BFGS,0.6918569111918131
22,6,10,250,BFGS,0.6918569111917705
22,6,11,250,BFGS,0.6918569111917847
22,6,12,250,BFGS,0.6918569111917705
22,6,13,250,BFGS,5.062737456429815
22,6,14,250,BFGS,5.062737456429822
22,6,15,250,BFGS,2.164604495646927e-09
22,6,16,250,BFGS,2.5905477300897246
22,6,17,250,BFGS,5.062737456429822
22,6,18,250,BFGS,5.062737456429815
22,6,19,250,BFGS,5.062737456429822
22,7,0,250,BFGS,7.271629193626637
22,7,1,250,BFGS,2.590547730090833
22,7,2,250,BFGS,5.062737456429858
22,7,3,250,BFGS,4.7897884769554366e-08
22,7,4,250,BFGS,2.5905477300906625
22,7,5,250,BFGS,2.59054773008981
22,7,6,250,BFGS,2.590547730089696
22,7,7,250,BFGS,7.271629193626666
22,7,8,250,BFGS,7.271629193626751
22,7,9,250,BFGS,1.4528893643728225e-09
22,7,10,250,BFGS,8.742750532071938
22,7,11,250,BFGS,2.590547730089952
22,7,12,250,BFGS,2.5905477300897246
22,7,13,250,BFGS,1.4190277397574391e-08
22,7,14,250,BFGS,8.742750532072876
22,7,15,250,BFGS,7.271629193626609
22,7,16,250,BFGS,1.2132602478232002e-08
22,7,17,250,BFGS,7.271629193626666
22,7,18,250,BFGS,0.6918569111920192
22,7,19,250,BFGS,3.52733309227915e-08
23,1,0,250,BFGS,2.050073023971085
23,1,1,250,BFGS,2.465454113159386
23,1,2,250,BFGS,1.6167138355659967
23,1,3,250,BFGS,1.5093362344429702
23,1,4,250,BFGS,2.849615062175558
23,1,5,250,BFGS,1.1918351920179768
23,1,6,250,BFGS,1.9491415137826111
23,1,7,250,BFGS,2.225025682172201
23,1,8,250,BFGS,2.622490655745069
23,1,9,250,BFGS,2.1559495572377
23,1,10,250,BFGS,1.8024553561226222
23,1,11,250,BFGS,3.633771402529951
23,1,12,250,BFGS,2.7424868841284864
23,1,13,250,BFGS,3.235987954080996
23,1,14,250,BFGS,2.0942260347148247
23,1,15,250,BFGS,2.351770151793242
23,1,16,250,BFGS,2.181158177412093
23,1,17,250,BFGS,1.7632027779503945
23,1,18,250,BFGS,2.085475340639431
23,1,19,250,BFGS,2.5040882213483906
23,2,0,250,BFGS,1.3596910084532299
23,2,1,250,BFGS,2.94821939194739
23,2,2,250,BFGS,3.7363293660453345
23,2,3,250,BFGS,1.126541564797182
23,2,4,250,BFGS,1.9192301855698177
23,2,5,250,BFGS,2.387050394806769
23,2,6,250,BFGS,2.487630096397166
23,2,7,250,BFGS,1.117593334769365
23,2,8,250,BFGS,3.026424915934278
23,2,9,250,BFGS,2.1662117180119966
23,2,10,250,BFGS,1.5078773116468267
23,2,11,250,BFGS,1.3278858466213912
23,2,12,250,BFGS,3.5375298501445
23,2,13,250,BFGS,4.159355722323455
23,2,14,250,BFGS,2.458653603171657
23,2,15,250,BFGS,2.237810735492297
23,2,16,250,BFGS,1.919673703704415
23,2,17,250,BFGS,1.404832766592305
23,2,18,250,BFGS,0.787229330040597
23,2,19,250,BFGS,1.413912956806652
23,3,0,250,BFGS,2.3367520783249347
23,3,1,250,BFGS,0.6464131548365231
23,3,2,250,BFGS,1.2814806175367153
23,3,3,250,BFGS,0.7807427822955617
23,3,4,250,BFGS,1.9354337004658078
23,3,5,250,BFGS,2.7706829942520415
23,3,6,250,BFGS,1.8599051819908823
23,3,7,250,BFGS,2.1706986980548493
23,3,8,250,BFGS,3.6183163168489045
23,3,9,250,BFGS,2.1148579455207823
23,3,10,250,BFGS,1.7851640171883503
23,3,11,250,BFGS,3.6388160282841113
23,3,12,250,BFGS,1.5959284943456282
23,3,13,250,BFGS,0.22286798669077257
23,3,14,250,BFGS,1.8678125504758896
23,3,15,250,BFGS,3.782565874598447
23,3,16,250,BFGS,1.6684692765773832
23,3,17,250,BFGS,0.5850678093455315
23,3,18,250,BFGS,3.7006706149191615
23,3,19,250,BFGS,1.893930523023073
23,4,0,250,BFGS,1.245008856201082
23,4,1,250,BFGS,2.470173276582841
23,4,2,250,BFGS,0.7203745412176943
23,4,3,250,BFGS,1.5064175158428554
23,4,4,250,BFGS,1.4154469786900847
23,4,5,250,BFGS,2.6248026350355644
23,4,6,250,BFGS,2.5291239378341857
23,4,7,250,BFGS,0.597203978866446
23,4,8,250,BFGS,2.6333566085436075
23,4,9,250,BFGS,1.3702987394231627
23,4,10,250,BFGS,0.9459150769243081
23,4,11,250,BFGS,4.475296215744464
23,4,12,250,BFGS,2.2823009882790473
23,4,13,250,BFGS,1.6294092112226224
23,4,14,250,BFGS,1.2735338053391843
23,4,15,250,BFGS,3.0754859821509797
23,4,16,250,BFGS,2.2890628182878743
23,4,17,250,BFGS,2.57730605555912
23,4,18,250,BFGS,1.8075732273562153
23,4,19,250,BFGS,2.4493687515183353
23,5,0,250,BFGS,1.5333101774334068
23,5,1,250,BFGS,0.9787110279726079
23,5,2,250,BFGS,3.6108282182736744
23,5,3,250,BFGS,2.668386285803372
23,5,4,250,BFGS,1.0525065063669032
23,5,5,250,BFGS,2.5443447443881624
23,5,6,250,BFGS,1.1821743652822434
23,5,7,250,BFGS,0.4453478547682934
23,5,8,250,BFGS,1.0590475284127834
23,5,9,250,BFGS,2.9063220500124345
23,5,10,250,BFGS,1.5568608580746925
23,5,11,250,BFGS,1.010021566146719
23,5,12,250,BFGS,1.3808538085807385
23,5,13,250,BFGS,2.487280592911368
23,5,14,250,BFGS,2.4706776275109448
23,5,15,250,BFGS,1.2943773511692598
23,5,16,250,BFGS,2.5759193110758716
23,5,17,250,BFGS,1.0778246423494267
23,5,18,250,BFGS,2.517195727645749
23,5,19,250,BFGS,2.6809919789941787
23,6,0,250,BFGS,2.313160819362011
23,6,1,250,BFGS,2.7514838782667823
23,6,2,250,BFGS,3.140955263932412
23,6,3,250,BFGS,0.9739543042935708
23,6,4,250,BFGS,2.3478733216199146
23,6,5,250,BFGS,1.8915352733481114
23,6,6,250,BFGS,2.681554611999033
23,6,7,250,BFGS,2.1561618565056477
23,6,8,250,BFGS,1.621876293189004
23,6,9,250,BFGS,2.249986924664256
23,6,10,250,BFGS,0.4632176369400014
23,6,11,250,BFGS,1.368752413458651
23,6,12,250,BFGS,0.498719351914815
23,6,13,250,BFGS,1.8741420722050037
23,6,14,250,BFGS,1.6709549455631674
23,6,15,250,BFGS,0.8391108643518805
23,6,16,250,BFGS,0.7775555114188535
23,6,17,250,BFGS,1.4707563267611903
23,6,18,250,BFGS,2.4371792458830157
23,6,19,250,BFGS,1.3403472592775785
23,7,0,250,BFGS,2.541449768578218
23,7,1,250,BFGS,2.085849840872811
23,7,2,250,BFGS,1.9178618234448095
23,7,3,250,BFGS,2.640186937150361
23,7,4,250,BFGS,2.692504833281646
23,7,5,250,BFGS,2.803683017810954
23,7,6,250,BFGS,3.7817270331131567
23,7,7,250,BFGS,1.6047764895682803
23,7,8,250,BFGS,2.207477008671276
23,7,9,250,BFGS,2.1057229231644214
23,7,10,250,BFGS,2.7751867400527317
23,7,11,250,BFGS,2.232515901680358
23,7,12,250,BFGS,2.0007331196001132
23,7,13,250,BFGS,1.4153264002243304
23,7,14,250,BFGS,0.3132278375168198
23,7,15,250,BFGS,1.0176234620126934
23,7,16,250,BFGS,2.0107032995792906
23,7,17,250,BFGS,1.235398437550316
23,7,18,250,BFGS,3.110083397387939
23,7,19,250,BFGS,1.2681301530077462
24,1,0,250,BFGS,6.85835758591125
24,1,1,250,BFGS,7.521929860927642
24,1,2,250,BFGS,3.2884214525929707
24,1,3,250,BFGS,4.736664107806519
24,1,4,250,BFGS,17.727838614781035
24,1,5,250,BFGS,7.310509753410088
24,1,6,250,BFGS,6.506034821778812
24,1,7,250,BFGS,7.972765802238328
24,1,8,250,BFGS,17.33093390092175
24,1,9,250,BFGS,8.024516423488777
24,1,10,250,BFGS,8.730935726015403
24,1,11,250,BFGS,2.34288522107434
24,1,12,250,BFGS,14.89747075592129
24,1,13,250,BFGS,10.460658004308854
24,1,14,250,BFGS,7.58420575154048
24,1,15,250,BFGS,13.010222344827568
24,1,16,250,BFGS,12.510126690992038
24,1,17,250,BFGS,11.278679371883172
24,1,18,250,BFGS,10.270880642219453
24,1,19,250,BFGS,4.905509165549091
24,2,0,250,BFGS,6.537370445325976
24,2,1,250,BFGS,14.018540237551733
24,2,2,250,BFGS,4.074085487808986
24,2,3,250,BFGS,14.081849323058464
24,2,4,250,BFGS,6.564789365956074
24,2,5,250,BFGS,14.47283052422874
24,2,6,250,BFGS,12.745154958554537
24,2,7,250,BFGS,18.74836048669239
24,2,8,250,BFGS,7.315878999799381
24,2,9,250,BFGS,8.271510666446872
24,2,10,250,BFGS,15.619619293480227
24,2,11,250,BFGS,12.033303326817006
24,2,12,250,BFGS,15.727782583726295
24,2,13,250,BFGS,6.540537669729289
24,2,14,250,BFGS,8.943205484434827
24,2,15,250,BFGS,9.97258346580017
24,2,16,250,BFGS,6.362733732868222
24,2,17,250,BFGS,13.511648434434235
24,2,18,250,BFGS,18.84090412063813
24,2,19,250,BFGS,12.479288181880037
24,3,0,250,BFGS,6.352751135643391
24,3,1,250,BFGS,18.16412085340692
24,3,2,250,BFGS,7.500468565694053
24,3,3,250,BFGS,8.864750949318587
24,3,4,250,BFGS,8.845319861087255
24,3,5,250,BFGS,10.089317004662817
24,3,6,250,BFGS,16.735601366039408
24,3,7,250,BFGS,7.993629062294421
24,3,8,250,BFGS,13.38982694348816
24,3,9,250,BFGS,12.539354259483744
24,3,10,250,BFGS,13.307564748935306
24,3,11,250,BFGS,10.822674502259517
24,3,12,250,BFGS,9.024126938536288
24,3,13,250,BFGS,12.673481047635427
24,3,14,250,BFGS,9.375642167242003
24,3,15,250,BFGS,14.59097854105886
24,3,16,250,BFGS,8.607495201913189
24,3,17,250,BFGS,1.9790426707714381
24,3,18,250,BFGS,6.710345021300498
24,3,19,250,BFGS,3.686988597571265
24,4,0,250,BFGS,10.431832974028225
24,4,1,250,BFGS,4.861650242924924
24,4,2,250,BFGS,14.637411300153502
24,4,3,250,BFGS,6.175254223363481
24,4,4,250,BFGS,11.252251542165425
24,4,5,250,BFGS,7.509887159371544
24,4,6,250,BFGS,10.688562168193414
24,4,7,250,BFGS,6.583749949673944
24,4,8,250,BFGS,16.530101220129893
24,4,9,250,BFGS,15.06177553062281
24,4,10,250,BFGS,8.681954273281093
24,4,11,250,BFGS,8.066037708885688
24,4,12,250,BFGS,6.560146993470198
24,4,13,250,BFGS,9.770227748230269
24,4,14,250,BFGS,13.01818648876278
24,4,15,250,BFGS,6.9859343348932725
24,4,16,250,BFGS,17.240640702107896
24,4,17,250,BFGS,11.07968651714529
24,4,18,250,BFGS,11.631387539178519
24,4,19,250,BFGS,9.880622458781488
24,5,0,250,BFGS,16.364902364562084
24,5,1,250,BFGS,7.384319652444688
24,5,2,250,BFGS,6.98372372939653
24,5,3,250,BFGS,11.825807586597392
24,5,4,250,BFGS,15.54910039900156
24,5,5,250,BFGS,13.007017871851318
24,5,6,250,BFGS,11.995010741638751
24,5,7,250,BFGS,14.073616597024454
24,5,8,250,BFGS,7.791118791929634
24,5,9,250,BFGS,7.489657492579454
24,5,10,250,BFGS,15.291240660252171
24,5,11,250,BFGS,14.80808965067358
24,5,12,250,BFGS,7.40629231932526
24,5,13,250,BFGS,9.322100461590423
24,5,14,250,BFGS,10.573194532302821
24,5,15,250,BFGS,4.664889808765565
24,5,16,250,BFGS,8.811838552628899
24,5,17,250,BFGS,8.969831423864349
24,5,18,250,BFGS,9.409466705809763
24,5,19,250,BFGS,5.808108084523141
24,6,0,250,BFGS,4.708387192567415
24,6,1,250,BFGS,1.5040888216210817
24,6,2,250,BFGS,12.903798041568564
24,6,3,250,BFGS,7.784244611173079
24,6,4,250,BFGS,8.979665713475612
24,6,5,250,BFGS,6.278470045358972
24,6,6,250,BFGS,6.726311063630618
24,6,7,250,BFGS,13.569705146550007
24,6,8,250,BFGS,6.876983863386897
24,6,9,250,BFGS,9.993823586592896
24,6,10,250,BFGS,9.958536252647718
24,6,11,250,BFGS,2.389230205624159
24,6,12,250,BFGS,7.253100075624388
24,6,13,250,BFGS,9.738206879155541
24,6,14,250,BFGS,6.8711559964183095
24,6,15,250,BFGS,8.980762716122115
24,6,16,250,BFGS,13.786676706895179
24,6,17,250,BFGS,3.4786092540500704
24,6,18,250,BFGS,8.275355653615662
24,6,19,250,BFGS,3.030242428772027
24,7,0,250,BFGS,10.70260025964103
24,7,1,250,BFGS,5.260842962637753
24,7,2,250,BFGS,10.660360402448987
24,7,3,250,BFGS,15.786624692578698
24,7,4,250,BFGS,12.286344542890902
24,7,5,250,BFGS,10.003550633489454
24,7,6,250,BFGS,5.9330168641203045
24,7,7,250,BFGS,3.641425803660468
24,7,8,250,BFGS,8.777766386748965
24,7,9,250,BFGS,8.20311694341575
24,7,10,250,BFGS,7.946077241605451
24,7,11,250,BFGS,6.840055364332613
24,7,12,250,BFGS,11.473688485243258
24,7,13,250,BFGS,11.337329073325918
24,7,14,250,BFGS,5.764201023581961
24,7,15,250,BFGS,14.32211375515783
24,7,16,250,BFGS,3.9914583081148294
24,7,17,250,BFGS,13.728166880331173
24,7,18,250,BFGS,19.336164901450047
24,7,19,250,BFGS,11.580038756603415
