fid,iid,rep,a1_budget,algname,achieved_regret
1,1,0,200,MLSL,0.0
1,1,1,200,MLSL,0.0
1,1,2,200,MLSL,0.0
1,1,3,200,MLSL,0.0
1,1,4,200,MLSL,0.0
1,1,5,200,MLSL,0.0
1,1,6,200,MLSL,0.0
1,1,7,200,MLSL,0.0
1,1,8,200,MLSL,0.0
1,1,9,200,MLSL,0.0
1,1,10,200,MLSL,0.0
1,1,11,200,MLSL,0.0
1,1,12,200,MLSL,0.0
1,1,13,200,MLSL,0.0
1,1,14,200,MLSL,0.0
1,1,15,200,MLSL,0.0
1,1,16,200,MLSL,0.0
1,1,17,200,MLSL,0.0
1,1,18,200,MLSL,0.0
1,1,19,200,MLSL,0.0
1,2,0,200,MLSL,0.0
1,2,1,200,MLSL,0.0
1,2,2,200,MLSL,0.0
1,2,3,200,MLSL,0.0
1,2,4,200,MLSL,0.0
1,2,5,200,MLSL,0.0
1,2,6,200,MLSL,0.0
1,2,7,200,MLSL,0.0
1,2,8,200,MLSL,0.0
1,2,9,200,MLSL,0.0
1,2,10,200,MLSL,0.0
1,2,11,200,MLSL,0.0
1,2,12,200,MLSL,0.0
1,2,13,200,MLSL,0.0
1,2,14,200,MLSL,0.0
1,2,15,200,MLSL,0.0
1,2,16,200,MLSL,0.0
1,2,17,200,MLSL,0.0
1,2,18,200,MLSL,0.0
1,2,19,200,MLSL,0.0
1,3,0,200,MLSL,0.0
1,3,1,200,MLSL,0.0
1,3,2,200,MLSL,0.0
1,3,3,200,MLSL,0.0
1,3,4,200,MLSL,0.0
1,3,5,200,MLSL,0.0
1,3,6,200,MLSL,0.0
1,3,7,200,MLSL,0.0
1,3,8,200,MLSL,0.0
1,3,9,200,MLSL,0.0
1,3,10,200,MLSL,0.0
1,3,11,200,MLSL,0.0
1,3,12,200,MLSL,0.0
1,3,13,200,MLSL,0.0
1,3,14,200,MLSL,0.0
1,3,15,200,MLSL,0.0
1,3,16,200,MLSL,0.0
1,3,17,200,MLSL,0.0
1,3,18,200,MLSL,0.0
1,3,19,200,MLSL,0.0
1,4,0,200,MLSL,0.0
1,4,1,200,MLSL,0.0
1,4,2,200,MLSL,0.0
1,4,3,200,MLSL,0.0
1,4,4,200,MLSL,0.0
1,4,5,200,MLSL,0.0
1,4,6,200,MLSL,0.0
1,4,7,200,MLSL,0.0
1,4,8,200,MLSL,0.0
1,4,9,200,MLSL,0.0
1,4,10,200,MLSL,0.0
1,4,11,200,MLSL,0.0
1,4,12,200,MLSL,0.0
1,4,13,200,MLSL,0.0
1,4,14,200,MLSL,0.0
1,4,15,200,MLSL,0.0
1,4,16,200,MLSL,0.0
1,4,17,200,MLSL,0.0
1,4,18,200,MLSL,0.0
1,4,19,200,MLSL,0.0
1,5,0,200,MLSL,0.0
1,5,1,200,MLSL,0.0
1,5,2,200,MLSL,0.0
1,5,3,200,MLSL,0.0
1,5,4,200,MLSL,0.0
1,5,5,200,MLSL,0.0
1,5,6,200,MLSL,0.0
1,5,7,200,MLSL,0.0
1,5,8,200,MLSL,0.0
1,5,9,200,MLSL,0.0
1,5,10,200,MLSL,0.0
1,5,11,200,MLSL,0.0
1,5,12,200,MLSL,0.0
1,5,13,200,MLSL,0.0
1,5,14,200,MLSL,0.0
1,5,15,200,MLSL,0.0
1,5,16,200,MLSL,0.0
1,5,17,200,MLSL,0.0
1,5,18,200,MLSL,0.0
1,5,19,200,MLSL,0.0
1,6,0,200,MLSL,0.0
1,6,1,200,MLSL,0.0
1,6,2,200,MLSL,0.0
1,6,3,200,MLSL,0.0
1,6,4,200,MLSL,0.0
1,6,5,200,MLSL,0.0
1,6,6,200,MLSL,0.0
1,6,7,200,MLSL,0.0
1,6,8,200,MLSL,0.0
1,6,9,200,MLSL,0.0
1,6,10,200,MLSL,0.0
1,6,11,200,MLSL,0.0
1,6,12,200,MLSL,0.0
1,6,13,200,MLSL,0.0
1,6,14,200,MLSL,0.0
1,6,15,200,MLSL,0.0
1,6,16,200,MLSL,0.0
1,6,17,200,MLSL,0.0
1,6,18,200,MLSL,0.0
1,6,19,200,MLSL,0.0
1,7,0,200,MLSL,0.0
1,7,1,200,MLSL,0.0
1,7,2,200,MLSL,0.0
1,7,3,200,MLSL,0.0
1,7,4,200,MLSL,0.0
1,7,5,200,MLSL,0.0
1,7,6,200,MLSL,0.0
1,7,7,200,MLSL,0.0
1,7,8,200,MLSL,0.0
1,7,9,200,MLSL,0.0
1,7,10,200,MLSL,0.0
1,7,11,200,MLSL,0.0
1,7,12,200,MLSL,0.0
1,7,13,200,MLSL,0.0
1,7,14,200,MLSL,0.0
1,7,15,200,MLSL,0.0
1,7,16,200,MLSL,0.0
1,7,17,200,MLSL,0.0
1,7,18,200,MLSL,0.0
1,7,19,200,MLSL,0.0
2,1,0,200,MLSL,3.2624350012611103e-06
2,1,1,200,MLSL,3.2622591561448644e-06
2,1,2,200,MLSL,3.2631490398671303e-06
2,1,3,200,MLSL,3.2632466684390238e-06
2,1,4,200,MLSL,3.2633849116336933e-06
2,1,5,200,MLSL,3.2624189714169916e-06
2,1,6,200,MLSL,3.26298987829432e-06
2,1,7,200,MLSL,3.26342399148416e-06
2,1,8,200,MLSL,3.2624486721033463e-06
2,1,9,200,MLSL,3.26239958781116e-06
2,1,10,200,MLSL,3.2629434087994014e-06
2,1,11,200,MLSL,3.262827618755182e-06
2,1,12,200,MLSL,3.262236077716807e-06
2,1,13,200,MLSL,3.262345359189567e-06
2,1,14,200,MLSL,3.2629399129291414e-06
2,1,15,200,MLSL,3.2634015667554195e-06
2,1,16,200,MLSL,3.2632045758873574e-06
2,1,17,200,MLSL,3.262381369495415e-06
2,1,18,200,MLSL,3.2629085353619303e-06
2,1,19,200,MLSL,3.262835804207498e-06
2,2,0,200,MLSL,2.6971605208814253e-05
2,2,1,200,MLSL,2.697455559541595e-05
2,2,2,200,MLSL,2.6974016535064038e-05
2,2,3,200,MLSL,2.6970924238867156e-05
2,2,4,200,MLSL,2.6866421208637803e-05
2,2,5,200,MLSL,2.5953846673587577e-05
2,2,6,200,MLSL,2.6972841183692253e-05
2,2,7,200,MLSL,2.6970687017069395e-05
2,2,8,200,MLSL,2.6972510482892176e-05
2,2,9,200,MLSL,2.6970434461759396e-05
2,2,10,200,MLSL,2.6974831627057938e-05
2,2,11,200,MLSL,2.6976293000302576e-05
2,2,12,200,MLSL,2.6972651014034454e-05
2,2,13,200,MLSL,2.6970035065687625e-05
2,2,14,200,MLSL,2.6984662042650598e-05
2,2,15,200,MLSL,2.6978744671168897e-05
2,2,16,200,MLSL,2.6973684342124216e-05
2,2,17,200,MLSL,2.5584206312601054e-05
2,2,18,200,MLSL,2.697157466968747e-05
2,2,19,200,MLSL,2.6974493380294007e-05
2,3,0,200,MLSL,1.1009456144961405e-05
2,3,1,200,MLSL,1.1009553077201417e-05
2,3,2,200,MLSL,1.1009522779659164e-05
2,3,3,200,MLSL,1.1009904724801345e-05
2,3,4,200,MLSL,1.1009798086547562e-05
2,3,5,200,MLSL,1.1009610204837372e-05
2,3,6,200,MLSL,8.733756843071205e-06
2,3,7,200,MLSL,1.100978849422063e-05
2,3,8,200,MLSL,1.1009976574882785e-05
2,3,9,200,MLSL,1.1010119521870365e-05
2,3,10,200,MLSL,1.0894866207422638e-05
2,3,11,200,MLSL,1.1009432782316253e-05
2,3,12,200,MLSL,1.1009669634631791e-05
2,3,13,200,MLSL,1.1009532656203191e-05
2,3,14,200,MLSL,1.1009425307406673e-05
2,3,15,200,MLSL,1.0433819582544857e-05
2,3,16,200,MLSL,1.1009780891413357e-05
2,3,17,200,MLSL,1.1009797091787732e-05
2,3,18,200,MLSL,9.50899813290107e-06
2,3,19,200,MLSL,1.1009572077114171e-05
2,4,0,200,MLSL,1.157228729198323e-05
2,4,1,200,MLSL,0.0001535851419021128
2,4,2,200,MLSL,1.1572014102512185e-05
2,4,3,200,MLSL,1.1572980724849913e-05
2,4,4,200,MLSL,1.0109478921549453e-05
2,4,5,200,MLSL,0.00015358504310825083
2,4,6,200,MLSL,0.00011325147590923734
2,4,7,200,MLSL,1.1575642588468327e-05
2,4,8,200,MLSL,0.00015358513331875656
2,4,9,200,MLSL,1.1575418056963827e-05
2,4,10,200,MLSL,0.0001535851807261679
2,4,11,200,MLSL,0.000153585103930709
2,4,12,200,MLSL,0.00015358496153794476
2,4,13,200,MLSL,0.00015358520442987356
2,4,14,200,MLSL,0.00015358524802877582
2,4,15,200,MLSL,0.00015358525962483327
2,4,16,200,MLSL,1.1576895815323951e-05
2,4,17,200,MLSL,0.00015358511274143893
2,4,18,200,MLSL,0.00015358528219167056
2,4,19,200,MLSL,1.1580567729652103e-05
2,5,0,200,MLSL,0.00012920526954474099
2,5,1,200,MLSL,0.00020350683480785392
2,5,2,200,MLSL,0.00020413930236884426
2,5,3,200,MLSL,0.00020606840359960188
2,5,4,200,MLSL,0.00020606943550660617
2,5,5,200,MLSL,0.00020606926693744754
2,5,6,200,MLSL,0.0001797024753500409
2,5,7,200,MLSL,0.00011954299559135961
2,5,8,200,MLSL,0.00019274398520963132
2,5,9,200,MLSL,0.0002060685454381428
2,5,10,200,MLSL,0.00020606921779631193
2,5,11,200,MLSL,0.0002060692404910469
2,5,12,200,MLSL,3.350030897308898e-05
2,5,13,200,MLSL,0.0002020870951184861
2,5,14,200,MLSL,0.000204071703194586
2,5,15,200,MLSL,0.00020606903963482637
2,5,16,200,MLSL,4.2210650960328167e-05
2,5,17,200,MLSL,0.00020475756070936768
2,5,18,200,MLSL,0.00018551739462679961
2,5,19,200,MLSL,0.00020606867049366429
2,6,0,200,MLSL,3.0011247304173594e-05
2,6,1,200,MLSL,2.4670285398542546e-05
2,6,2,200,MLSL,1.4549709085542872e-05
2,6,3,200,MLSL,2.4670173104368587e-05
2,6,4,200,MLSL,2.4678933407074055e-05
2,6,5,200,MLSL,3.2663108910924166e-05
2,6,6,200,MLSL,1.4099679425783052e-05
2,6,7,200,MLSL,2.6348126709763164e-05
2,6,8,200,MLSL,2.4675319579614552e-05
2,6,9,200,MLSL,2.4675453566658234e-05
2,6,10,200,MLSL,2.4677471188283562e-05
2,6,11,200,MLSL,2.4676300824921782e-05
2,6,12,200,MLSL,2.467166169850543e-05
2,6,13,200,MLSL,2.468100618813196e-05
2,6,14,200,MLSL,2.466670309786423e-05
2,6,15,200,MLSL,2.467999912880714e-05
2,6,16,200,MLSL,2.4672879106901746e-05
2,6,17,200,MLSL,3.2661592769045455e-05
2,6,18,200,MLSL,3.2665070108350847e-05
2,6,19,200,MLSL,2.4675721178368804e-05
2,7,0,200,MLSL,5.37820291413027e-06
2,7,1,200,MLSL,5.378202352801509e-06
2,7,2,200,MLSL,5.339864241449277e-06
2,7,3,200,MLSL,5.3782032516380696e-06
2,7,4,200,MLSL,5.37820267254574e-06
2,7,5,200,MLSL,5.063695336815499e-06
2,7,6,200,MLSL,5.378201841210739e-06
2,7,7,200,MLSL,4.869459441891877e-06
2,7,8,200,MLSL,5.378202818207001e-06
2,7,9,200,MLSL,5.378202427408496e-06
2,7,10,200,MLSL,4.645879560172261e-06
2,7,11,200,MLSL,5.3782031201876634e-06
2,7,12,200,MLSL,1.734681998044607e-06
2,7,13,200,MLSL,5.378203233874501e-06
2,7,14,200,MLSL,3.689501152592811e-06
2,7,15,200,MLSL,5.378203205452792e-06
2,7,16,200,MLSL,5.378203127293091e-06
2,7,17,200,MLSL,1.7379734273959002e-06
2,7,18,200,MLSL,5.378203070449672e-06
2,7,19,200,MLSL,5.378203056238817e-06
3,1,0,200,MLSL,9.949580708139933
3,1,1,200,MLSL,7.7673673902492055
3,1,2,200,MLSL,9.949580708139933
3,1,3,200,MLSL,9.949580708139933
3,1,4,200,MLSL,9.949580708139933
3,1,5,200,MLSL,9.949580708139933
3,1,6,200,MLSL,9.949580708139933
3,1,7,200,MLSL,9.94958070813999
3,1,8,200,MLSL,9.949580708139933
3,1,9,200,MLSL,9.94958070813999
3,1,10,200,MLSL,9.949580708139933
3,1,11,200,MLSL,9.303693226242444
3,1,12,200,MLSL,9.690383852595005
3,1,13,200,MLSL,9.949580708139933
3,1,14,200,MLSL,9.94958070813999
3,1,15,200,MLSL,8.981805555297683
3,1,16,200,MLSL,9.94958070813999
3,1,17,200,MLSL,9.94958070813999
3,1,18,200,MLSL,9.949580708139933
3,1,19,200,MLSL,9.949580708139933
3,2,0,200,MLSL,16.973506029688252
3,2,1,200,MLSL,11.09772454918182
3,2,2,200,MLSL,13.105556754717355
3,2,3,200,MLSL,18.67222477781999
3,2,4,200,MLSL,18.9041817894894
3,2,5,200,MLSL,16.79756845207379
3,2,6,200,MLSL,14.0137403341228
3,2,7,200,MLSL,12.57588387953345
3,2,8,200,MLSL,12.29871642189677
3,2,9,200,MLSL,18.90418181409686
3,2,10,200,MLSL,8.963157452268192
3,2,11,200,MLSL,10.237066205237355
3,2,12,200,MLSL,18.904181789295578
3,2,13,200,MLSL,18.771472648363925
3,2,14,200,MLSL,18.90418181460366
3,2,15,200,MLSL,18.904181791431142
3,2,16,200,MLSL,17.41737424599586
3,2,17,200,MLSL,18.90418179155445
3,2,18,200,MLSL,18.904181814429393
3,2,19,200,MLSL,18.90418179127542
3,3,0,200,MLSL,4.003804948658811
3,3,1,200,MLSL,5.011254579530515
3,3,2,200,MLSL,6.964733983615872
3,3,3,200,MLSL,4.404958673653141
3,3,4,200,MLSL,6.964733996478927
3,3,5,200,MLSL,4.4817825333007875
3,3,6,200,MLSL,6.964708573462261
3,3,7,200,MLSL,6.964708573608107
3,3,8,200,MLSL,6.964733983778871
3,3,9,200,MLSL,6.964733983710147
3,3,10,200,MLSL,6.9647339837616045
3,3,11,200,MLSL,6.889011588766209
3,3,12,200,MLSL,4.1754412708628905
3,3,13,200,MLSL,6.0107097416743756
3,3,14,200,MLSL,6.964733983596545
3,3,15,200,MLSL,6.964733983902377
3,3,16,200,MLSL,6.964733983832176
3,3,17,200,MLSL,4.425672377319458
3,3,18,200,MLSL,6.964734026007591
3,3,19,200,MLSL,4.246458121182485
3,4,0,200,MLSL,9.949580663668597
3,4,1,200,MLSL,7.31178812880101
3,4,2,200,MLSL,9.949580843484533
3,4,3,200,MLSL,9.854925228447858
3,4,4,200,MLSL,9.94958089766786
3,4,5,200,MLSL,7.189813488323378
3,4,6,200,MLSL,7.34699670030372
3,4,7,200,MLSL,9.949580609577893
3,4,8,200,MLSL,6.990321009664746
3,4,9,200,MLSL,7.227237778193145
3,4,10,200,MLSL,9.949580609563835
3,4,11,200,MLSL,7.802408873725069
3,4,12,200,MLSL,6.068965411115428
3,4,13,200,MLSL,7.075627859899091
3,4,14,200,MLSL,9.949580663749414
3,4,15,200,MLSL,8.474465020036071
3,4,16,200,MLSL,7.039771102027025
3,4,17,200,MLSL,9.949580663899908
3,4,18,200,MLSL,7.127216570043254
3,4,19,200,MLSL,9.948066848641856
3,5,0,200,MLSL,18.90416178616124
3,5,1,200,MLSL,14.858902074429466
3,5,2,200,MLSL,18.904161772797295
3,5,3,200,MLSL,9.927024453501701
3,5,4,200,MLSL,18.904161772797295
3,5,5,200,MLSL,5.369492778190079
3,5,6,200,MLSL,15.472813043852852
3,5,7,200,MLSL,18.90416177598769
3,5,8,200,MLSL,12.647464852876254
3,5,9,200,MLSL,16.572129407821933
3,5,10,200,MLSL,7.208420353644016
3,5,11,200,MLSL,15.898634635938123
3,5,12,200,MLSL,16.12469167227661
3,5,13,200,MLSL,18.90416178612449
3,5,14,200,MLSL,18.904161786135745
3,5,15,200,MLSL,18.510775738888157
3,5,16,200,MLSL,18.904161776033646
3,5,17,200,MLSL,18.90416177599832
3,5,18,200,MLSL,17.909518639619193
3,5,19,200,MLSL,18.904161772797295
3,6,0,200,MLSL,3.979836264347341
3,6,1,200,MLSL,3.9798362787415726
3,6,2,200,MLSL,3.979836264347341
3,6,3,200,MLSL,3.979836264347341
3,6,4,200,MLSL,3.979836264347341
3,6,5,200,MLSL,3.9798362787415726
3,6,6,200,MLSL,3.979836264347341
3,6,7,200,MLSL,3.979836264347341
3,6,8,200,MLSL,3.979836264347341
3,6,9,200,MLSL,3.979836264347341
3,6,10,200,MLSL,3.9798362787415726
3,6,11,200,MLSL,3.979836264347341
3,6,12,200,MLSL,2.9869325651717418
3,6,13,200,MLSL,3.9798362787415726
3,6,14,200,MLSL,3.3216837632343186
3,6,15,200,MLSL,3.9798362787415726
3,6,16,200,MLSL,3.9798362787415726
3,6,17,200,MLSL,3.202097700090121
3,6,18,200,MLSL,3.979836264347341
3,6,19,200,MLSL,3.979836264347341
3,7,0,200,MLSL,10.944539676880652
3,7,1,200,MLSL,10.618783290094399
3,7,2,200,MLSL,10.944539676880652
3,7,3,200,MLSL,10.944539676880652
3,7,4,200,MLSL,8.28250563161384
3,7,5,200,MLSL,10.944539676880652
3,7,6,200,MLSL,10.944539676880655
3,7,7,200,MLSL,10.944539676880659
3,7,8,200,MLSL,10.944539676880659
3,7,9,200,MLSL,10.944539676880648
3,7,10,200,MLSL,6.77206483435895
3,7,11,200,MLSL,10.944539676880652
3,7,12,200,MLSL,10.944539676880652
3,7,13,200,MLSL,9.508686300142863
3,7,14,200,MLSL,10.944539676880652
3,7,15,200,MLSL,10.944539676880652
3,7,16,200,MLSL,10.944539676880659
3,7,17,200,MLSL,10.944539676880659
3,7,18,200,MLSL,10.944539676880659
3,7,19,200,MLSL,10.944539676880659
4,1,0,200,MLSL,8.954621640755477
4,1,1,200,MLSL,6.97016051873419
4,1,2,200,MLSL,8.954621640986659
4,1,3,200,MLSL,8.954621641002007
4,1,4,200,MLSL,8.954621640759626
4,1,5,200,MLSL,8.95462164078026
4,1,6,200,MLSL,8.954621640873711
4,1,7,200,MLSL,8.954621640954485
4,1,8,200,MLSL,8.954621640778157
4,1,9,200,MLSL,8.954621640824428
4,1,10,200,MLSL,8.954621640834944
4,1,11,200,MLSL,8.954621640752293
4,1,12,200,MLSL,8.954621641040887
4,1,13,200,MLSL,8.9546216407619
4,1,14,200,MLSL,5.701120652250154
4,1,15,200,MLSL,8.954621640882863
4,1,16,200,MLSL,8.95462164080135
4,1,17,200,MLSL,8.954621640886103
4,1,18,200,MLSL,8.95462164087553
4,1,19,200,MLSL,8.954621641003996
4,2,0,200,MLSL,11.553237019053299
4,2,1,200,MLSL,15.919310039409979
4,2,2,200,MLSL,15.919310039942204
4,2,3,200,MLSL,15.919310039645538
4,2,4,200,MLSL,14.891488549691445
4,2,5,200,MLSL,15.919310040282284
4,2,6,200,MLSL,15.919310040490416
4,2,7,200,MLSL,4.511566646661294
4,2,8,200,MLSL,15.919310040042745
4,2,9,200,MLSL,15.919310040455002
4,2,10,200,MLSL,15.642520449603495
4,2,11,200,MLSL,15.91931003958453
4,2,12,200,MLSL,15.919310039825689
4,2,13,200,MLSL,10.370910539717855
4,2,14,200,MLSL,12.852888063945954
4,2,15,200,MLSL,10.113887081151503
4,2,16,200,MLSL,8.839830257119232
4,2,17,200,MLSL,9.080086823950111
4,2,18,200,MLSL,8.31388177188984
4,2,19,200,MLSL,15.919310039709188
4,3,0,200,MLSL,11.939489405106684
4,3,1,200,MLSL,11.93948940510488
4,3,2,200,MLSL,11.939489405105007
4,3,3,200,MLSL,11.939489405105576
4,3,4,200,MLSL,11.93948940510488
4,3,5,200,MLSL,11.939489405105263
4,3,6,200,MLSL,11.939489405105178
4,3,7,200,MLSL,11.939489405105547
4,3,8,200,MLSL,8.532133862083313
4,3,9,200,MLSL,11.939489405105121
4,3,10,200,MLSL,11.939489405105206
4,3,11,200,MLSL,11.939489405105178
4,3,12,200,MLSL,11.93948940510488
4,3,13,200,MLSL,11.939489405105178
4,3,14,200,MLSL,11.93948940510515
4,3,15,200,MLSL,11.939489405104894
4,3,16,200,MLSL,11.93948940510559
4,3,17,200,MLSL,11.939489405105235
4,3,18,200,MLSL,11.939489405105931
4,3,19,200,MLSL,11.939489405105235
4,4,0,200,MLSL,6.96470843175649
4,4,1,200,MLSL,6.964708431632946
4,4,2,200,MLSL,6.964708431668626
4,4,3,200,MLSL,6.918128987724885
4,4,4,200,MLSL,6.964708431610363
4,4,5,200,MLSL,6.964708431824081
4,4,6,200,MLSL,6.964708431730443
4,4,7,200,MLSL,6.964708431792667
4,4,8,200,MLSL,6.9647084316845795
4,4,9,200,MLSL,6.964708431826295
4,4,10,200,MLSL,6.964708431715096
4,4,11,200,MLSL,6.964708431694498
4,4,12,200,MLSL,6.964708431709484
4,4,13,200,MLSL,6.9647084318280665
4,4,14,200,MLSL,6.964708431657759
4,4,15,200,MLSL,6.964708426994847
4,4,16,200,MLSL,6.964708426666266
4,4,17,200,MLSL,6.9647084316964
4,4,18,200,MLSL,6.964708431627779
4,4,19,200,MLSL,6.964708431613164
4,5,0,200,MLSL,13.534241241667019
4,5,1,200,MLSL,18.904181802036646
4,5,2,200,MLSL,18.904181802023487
4,5,3,200,MLSL,18.87325833870264
4,5,4,200,MLSL,18.9041818020807
4,5,5,200,MLSL,15.340631144229775
4,5,6,200,MLSL,18.904181798861828
4,5,7,200,MLSL,17.215078097450743
4,5,8,200,MLSL,16.03699087999746
4,5,9,200,MLSL,12.063260104926542
4,5,10,200,MLSL,18.904181798861316
4,5,11,200,MLSL,16.091222153486342
4,5,12,200,MLSL,18.904181798832894
4,5,13,200,MLSL,9.58065028873898
4,5,14,200,MLSL,15.921278844186048
4,5,15,200,MLSL,18.18280433530896
4,5,16,200,MLSL,15.026307999593712
4,5,17,200,MLSL,14.971836048197076
4,5,18,200,MLSL,18.904181802029456
4,5,19,200,MLSL,16.783332941946583
4,6,0,200,MLSL,24.87386569619548
4,6,1,200,MLSL,24.873865696306893
4,6,2,200,MLSL,12.734583351025208
4,6,3,200,MLSL,18.218946545067524
4,6,4,200,MLSL,24.8738656963435
4,6,5,200,MLSL,24.87386569618775
4,6,6,200,MLSL,22.455488048638358
4,6,7,200,MLSL,24.87386569651585
4,6,8,200,MLSL,19.93880799725241
4,6,9,200,MLSL,23.273848025008306
4,6,10,200,MLSL,24.873865696141593
4,6,11,200,MLSL,21.401959682675965
4,6,12,200,MLSL,19.02236224424894
4,6,13,200,MLSL,24.87386569643877
4,6,14,200,MLSL,11.86428349932703
4,6,15,200,MLSL,24.873865696626922
4,6,16,200,MLSL,17.553117229630743
4,6,17,200,MLSL,20.946320436722317
4,6,18,200,MLSL,24.87386569614023
4,6,19,200,MLSL,24.873865696146254
4,7,0,200,MLSL,20.18991017401875
4,7,1,200,MLSL,10.56156320964184
4,7,2,200,MLSL,20.89409527834334
4,7,3,200,MLSL,17.975660184782505
4,7,4,200,MLSL,19.501653038557762
4,7,5,200,MLSL,20.894095277931413
4,7,6,200,MLSL,14.651211044751452
4,7,7,200,MLSL,19.427494731064776
4,7,8,200,MLSL,20.894095277773754
4,7,9,200,MLSL,20.894095277765363
4,7,10,200,MLSL,15.756315962839022
4,7,11,200,MLSL,9.999492588712275
4,7,12,200,MLSL,20.894095278142828
4,7,13,200,MLSL,20.474406019181217
4,7,14,200,MLSL,20.894095278662252
4,7,15,200,MLSL,20.26794082831919
4,7,16,200,MLSL,17.74320181845369
4,7,17,200,MLSL,17.369377133218762
4,7,18,200,MLSL,20.89409527792919
4,7,19,200,MLSL,14.634673825817359
5,1,0,200,MLSL,0.0003541083487839103
5,1,1,200,MLSL,0.0
5,1,2,200,MLSL,0.00016560937345211357
5,1,3,200,MLSL,5.960860986675698e-05
5,1,4,200,MLSL,0.0
5,1,5,200,MLSL,0.2391061293764345
5,1,6,200,MLSL,0.000354108348787463
5,1,7,200,MLSL,5.960860986498062e-05
5,1,8,200,MLSL,0.0
5,1,9,200,MLSL,0.0
5,1,10,200,MLSL,0.0
5,1,11,200,MLSL,0.0
5,1,12,200,MLSL,0.07142042921894465
5,1,13,200,MLSL,0.00016560937345033722
5,1,14,200,MLSL,0.0
5,1,15,200,MLSL,0.0
5,1,16,200,MLSL,0.0003541083487839103
5,1,17,200,MLSL,0.0
5,1,18,200,MLSL,0.0
5,1,19,200,MLSL,0.00016560937345033722
5,2,0,200,MLSL,0.07529351557172959
5,2,1,200,MLSL,0.00016560937342546822
5,2,2,200,MLSL,5.960860983122984e-05
5,2,3,200,MLSL,0.0
5,2,4,200,MLSL,0.12315826273413677
5,2,5,200,MLSL,0.0
5,2,6,200,MLSL,0.0
5,2,7,200,MLSL,5.960860983122984e-05
5,2,8,200,MLSL,0.00016560937342546822
5,2,9,200,MLSL,5.960860983122984e-05
5,2,10,200,MLSL,0.0
5,2,11,200,MLSL,0.0
5,2,12,200,MLSL,5.960860983122984e-05
5,2,13,200,MLSL,0.07842074142251931
5,2,14,200,MLSL,0.0
5,2,15,200,MLSL,0.0
5,2,16,200,MLSL,0.0
5,2,17,200,MLSL,0.0
5,2,18,200,MLSL,0.0
5,2,19,200,MLSL,0.06398954975736615
5,3,0,200,MLSL,0.0
5,3,1,200,MLSL,5.960860985965155e-05
5,3,2,200,MLSL,5.960860985965155e-05
5,3,3,200,MLSL,0.0
5,3,4,200,MLSL,0.000354108348787463
5,3,5,200,MLSL,0.0
5,3,6,200,MLSL,0.0
5,3,7,200,MLSL,0.0
5,3,8,200,MLSL,0.11054607878406841
5,3,9,200,MLSL,0.0
5,3,10,200,MLSL,0.0
5,3,11,200,MLSL,0.0
5,3,12,200,MLSL,0.0
5,3,13,200,MLSL,0.00016560937345388993
5,3,14,200,MLSL,0.00016560937345388993
5,3,15,200,MLSL,0.0
5,3,16,200,MLSL,5.960860985965155e-05
5,3,17,200,MLSL,0.000354108348787463
5,3,18,200,MLSL,5.960860985965155e-05
5,3,19,200,MLSL,1.045183811493601
5,4,0,200,MLSL,0.00016560937342546822
5,4,1,200,MLSL,0.5406174466473885
5,4,2,200,MLSL,0.0
5,4,3,200,MLSL,0.0
5,4,4,200,MLSL,0.0
5,4,5,200,MLSL,0.00016560937342546822
5,4,6,200,MLSL,0.0
5,4,7,200,MLSL,0.0
5,4,8,200,MLSL,0.0
5,4,9,200,MLSL,0.0
5,4,10,200,MLSL,0.00016560937342546822
5,4,11,200,MLSL,0.0
5,4,12,200,MLSL,0.0
5,4,13,200,MLSL,5.960860983122984e-05
5,4,14,200,MLSL,0.00016560937342546822
5,4,15,200,MLSL,0.0
5,4,16,200,MLSL,0.0
5,4,17,200,MLSL,0.31723390312356514
5,4,18,200,MLSL,0.00016560937342546822
5,4,19,200,MLSL,0.0
5,5,0,200,MLSL,0.0
5,5,1,200,MLSL,0.0
5,5,2,200,MLSL,0.7330849592925546
5,5,3,200,MLSL,0.08785492351628932
5,5,4,200,MLSL,0.0
5,5,5,200,MLSL,0.43873089802509924
5,5,6,200,MLSL,0.0
5,5,7,200,MLSL,0.10222649895651159
5,5,8,200,MLSL,0.0
5,5,9,200,MLSL,0.0
5,5,10,200,MLSL,0.00016560937345388993
5,5,11,200,MLSL,0.00016560937345388993
5,5,12,200,MLSL,5.960860986675698e-05
5,5,13,200,MLSL,5.960860986675698e-05
5,5,14,200,MLSL,0.0
5,5,15,200,MLSL,0.0
5,5,16,200,MLSL,0.0
5,5,17,200,MLSL,0.0
5,5,18,200,MLSL,0.000354108348787463
5,5,19,200,MLSL,0.0041377825022692605
5,6,0,200,MLSL,5.960860988807326e-05
5,6,1,200,MLSL,0.00016560937342546822
5,6,2,200,MLSL,0.00016560937342546822
5,6,3,200,MLSL,0.0
5,6,4,200,MLSL,0.0
5,6,5,200,MLSL,5.960860988807326e-05
5,6,6,200,MLSL,0.0
5,6,7,200,MLSL,0.00035410834880167386
5,6,8,200,MLSL,0.18027322179352723
5,6,9,200,MLSL,0.0
5,6,10,200,MLSL,0.025185518377611515
5,6,11,200,MLSL,0.0
5,6,12,200,MLSL,0.18599154760687497
5,6,13,200,MLSL,0.0
5,6,14,200,MLSL,0.0
5,6,15,200,MLSL,0.6701653971642259
5,6,16,200,MLSL,0.0
5,6,17,200,MLSL,0.0
5,6,18,200,MLSL,0.010973919264358756
5,6,19,200,MLSL,5.960860988807326e-05
5,7,0,200,MLSL,0.00016560937345388993
5,7,1,200,MLSL,0.5406174466473459
5,7,2,200,MLSL,0.0
5,7,3,200,MLSL,0.0
5,7,4,200,MLSL,0.0
5,7,5,200,MLSL,0.00016560937345388993
5,7,6,200,MLSL,0.0
5,7,7,200,MLSL,0.0
5,7,8,200,MLSL,0.0
5,7,9,200,MLSL,0.0
5,7,10,200,MLSL,0.00016560937345388993
5,7,11,200,MLSL,0.0
5,7,12,200,MLSL,0.0
5,7,13,200,MLSL,5.960860985965155e-05
5,7,14,200,MLSL,0.00016560937345388993
5,7,15,200,MLSL,0.0
5,7,16,200,MLSL,0.0
5,7,17,200,MLSL,0.31723390312359356
5,7,18,200,MLSL,0.00016560937345388993
5,7,19,200,MLSL,0.0
6,1,0,200,MLSL,3.4529182509536867
6,1,1,200,MLSL,4.367840490402564
6,1,2,200,MLSL,20.174905650419312
6,1,3,200,MLSL,2.639665470637496
6,1,4,200,MLSL,0.7248163752853216
6,1,5,200,MLSL,0.694626098872341
6,1,6,200,MLSL,5.3973501597813325
6,1,7,200,MLSL,11.53846729014186
6,1,8,200,MLSL,1.3299046789774636
6,1,9,200,MLSL,1.540737054045124
6,1,10,200,MLSL,0.7259584997332311
6,1,11,200,MLSL,1.4856102143437084
6,1,12,200,MLSL,2.1924253290217592
6,1,13,200,MLSL,0.6093669701909405
6,1,14,200,MLSL,12.38501177780342
6,1,15,200,MLSL,2.567210689185643
6,1,16,200,MLSL,7.953329572002289
6,1,17,200,MLSL,3.588923448312279
6,1,18,200,MLSL,2.7724086107013974
6,1,19,200,MLSL,6.318878032889238
6,2,0,200,MLSL,1.7107828152788862
6,2,1,200,MLSL,0.7411012549660079
6,2,2,200,MLSL,0.8299477698960338
6,2,3,200,MLSL,0.6818857404920102
6,2,4,200,MLSL,11.655811179056055
6,2,5,200,MLSL,0.7744012073002544
6,2,6,200,MLSL,1.3303244499719291
6,2,7,200,MLSL,1.367126247657172
6,2,8,200,MLSL,2.336697131959948
6,2,9,200,MLSL,3.3653997948519496
6,2,10,200,MLSL,1.2035230846072444
6,2,11,200,MLSL,1.387852157707382
6,2,12,200,MLSL,8.134232859643621
6,2,13,200,MLSL,3.557959405866928
6,2,14,200,MLSL,2.633719725604916
6,2,15,200,MLSL,5.239867222246804
6,2,16,200,MLSL,0.7255657636755224
6,2,17,200,MLSL,3.368693804615784
6,2,18,200,MLSL,1.659297944644205
6,2,19,200,MLSL,0.8503738609731748
6,3,0,200,MLSL,1.306872108971902
6,3,1,200,MLSL,3.0967885824803716
6,3,2,200,MLSL,6.747353530804276
6,3,3,200,MLSL,2.257840565503443
6,3,4,200,MLSL,3.4299197378218196
6,3,5,200,MLSL,12.477760924893687
6,3,6,200,MLSL,1.35901989083618
6,3,7,200,MLSL,0.2317716910007448
6,3,8,200,MLSL,3.2840062590778416
6,3,9,200,MLSL,3.4593565097474084
6,3,10,200,MLSL,17.555908316887553
6,3,11,200,MLSL,0.33026674445454773
6,3,12,200,MLSL,6.62919479096945
6,3,13,200,MLSL,4.358171709902763
6,3,14,200,MLSL,2.934276991237084
6,3,15,200,MLSL,1.342058193016669
6,3,16,200,MLSL,1.6938864642365843
6,3,17,200,MLSL,3.00802949995375
6,3,18,200,MLSL,22.921200883513507
6,3,19,200,MLSL,2.425299999997719
6,4,0,200,MLSL,0.1425083816771746
6,4,1,200,MLSL,0.4331175372038558
6,4,2,200,MLSL,2.4952887429739405
6,4,3,200,MLSL,0.3384098771364563
6,4,4,200,MLSL,0.4044354108094126
6,4,5,200,MLSL,0.7314615078749114
6,4,6,200,MLSL,1.4521265896546254
6,4,7,200,MLSL,1.3349243683283305
6,4,8,200,MLSL,0.7261754066047672
6,4,9,200,MLSL,1.215220436478802
6,4,10,200,MLSL,1.0776214819082952
6,4,11,200,MLSL,2.306163362633413
6,4,12,200,MLSL,0.14668853192588927
6,4,13,200,MLSL,12.090006259139756
6,4,14,200,MLSL,1.4451353721669022
6,4,15,200,MLSL,0.6892395964558204
6,4,16,200,MLSL,1.4376338811873097
6,4,17,200,MLSL,0.312229451130861
6,4,18,200,MLSL,5.048347655797926
6,4,19,200,MLSL,2.826879366132914
6,5,0,200,MLSL,5.329041337337571
6,5,1,200,MLSL,3.393521405903357
6,5,2,200,MLSL,1.4234611198603488
6,5,3,200,MLSL,5.706592546892011
6,5,4,200,MLSL,2.643759811857649
6,5,5,200,MLSL,4.394483954355337
6,5,6,200,MLSL,2.1486883938240453
6,5,7,200,MLSL,3.104290180824364
6,5,8,200,MLSL,6.251363297499893
6,5,9,200,MLSL,6.474501594792969
6,5,10,200,MLSL,12.243711156802078
6,5,11,200,MLSL,5.529766327402626
6,5,12,200,MLSL,1.2622051071765554
6,5,13,200,MLSL,5.331738721388547
6,5,14,200,MLSL,1.2508852128290755
6,5,15,200,MLSL,6.896133968973118
6,5,16,200,MLSL,9.772957327610243
6,5,17,200,MLSL,6.709708947931858
6,5,18,200,MLSL,2.2263796381189422
6,5,19,200,MLSL,2.9498580284860054
6,6,0,200,MLSL,0.7383762486266257
6,6,1,200,MLSL,2.0326576207577425
6,6,2,200,MLSL,8.831801910477171
6,6,3,200,MLSL,4.407974130695816
6,6,4,200,MLSL,5.797228483272239
6,6,5,200,MLSL,7.616493909864811
6,6,6,200,MLSL,2.512444478809986
6,6,7,200,MLSL,1.371630706230011
6,6,8,200,MLSL,3.4785370347838303
6,6,9,200,MLSL,2.6413829194449256
6,6,10,200,MLSL,1.532242025411822
6,6,11,200,MLSL,7.218159242328806
6,6,12,200,MLSL,0.7709951483175139
6,6,13,200,MLSL,1.5329631949369222
6,6,14,200,MLSL,1.1921784824838575
6,6,15,200,MLSL,1.4566736956763755
6,6,16,200,MLSL,2.301492739375849
6,6,17,200,MLSL,1.910038620829706
6,6,18,200,MLSL,0.6672345312790107
6,6,19,200,MLSL,5.712617469760335
6,7,0,200,MLSL,1.376079878197487
6,7,1,200,MLSL,0.37029382300499947
6,7,2,200,MLSL,6.860614622319588
6,7,3,200,MLSL,10.593830648995862
6,7,4,200,MLSL,0.4897784697190275
6,7,5,200,MLSL,2.2755326722248697
6,7,6,200,MLSL,0.6948292895545194
6,7,7,200,MLSL,1.9962775958595387
6,7,8,200,MLSL,0.5554653268789593
6,7,9,200,MLSL,2.2105867587838475
6,7,10,200,MLSL,2.0728144356404243
6,7,11,200,MLSL,1.3719608892899657
6,7,12,200,MLSL,6.267165119618426
6,7,13,200,MLSL,0.6763881827761793
6,7,14,200,MLSL,6.348776554395755
6,7,15,200,MLSL,2.4661894746060398
6,7,16,200,MLSL,6.893301573035103
6,7,17,200,MLSL,15.402736214013089
6,7,18,200,MLSL,20.545539639916683
6,7,19,200,MLSL,2.3083557612895333
7,1,0,200,MLSL,1.8336524315755156
7,1,1,200,MLSL,2.502280361979018
7,1,2,200,MLSL,1.8336524315755156
7,1,3,200,MLSL,3.768881571133633
7,1,4,200,MLSL,0.729934137760111
7,1,5,200,MLSL,2.502280361979018
7,1,6,200,MLSL,0.16880850305317097
7,1,7,200,MLSL,0.6255700904947616
7,1,8,200,MLSL,4.4314744927960135
7,1,9,200,MLSL,4.232243476002637
7,1,10,200,MLSL,1.8336524315755156
7,1,11,200,MLSL,1.8336524315755156
7,1,12,200,MLSL,2.1570076961348974
7,1,13,200,MLSL,1.8336524315755156
7,1,14,200,MLSL,3.1770028650247326
7,1,15,200,MLSL,1.8336524315755156
7,1,16,200,MLSL,4.4314744927960135
7,1,17,200,MLSL,3.768881571133633
7,1,18,200,MLSL,0.5539059383043821
7,1,19,200,MLSL,0.45841310789387535
7,2,0,200,MLSL,0.9033280860761792
7,2,1,200,MLSL,1.5869244585332325
7,2,2,200,MLSL,0.6878311006932236
7,2,3,200,MLSL,0.3394135337251285
7,2,4,200,MLSL,0.13522179176138138
7,2,5,200,MLSL,0.2083720952753083
7,2,6,200,MLSL,0.1746416011409906
7,2,7,200,MLSL,1.0791858671227175
7,2,8,200,MLSL,0.13942476359179068
7,2,9,200,MLSL,0.44773020149451526
7,2,10,200,MLSL,0.39420063413466266
7,2,11,200,MLSL,0.6676308699409574
7,2,12,200,MLSL,0.3929174348057316
7,2,13,200,MLSL,1.1684652852637996
7,2,14,200,MLSL,2.314107936134654
7,2,15,200,MLSL,0.2609288764819624
7,2,16,200,MLSL,1.541779498627534
7,2,17,200,MLSL,0.729675922768692
7,2,18,200,MLSL,0.2901006413497953
7,2,19,200,MLSL,0.13651016138393146
7,3,0,200,MLSL,4.730752796173057
7,3,1,200,MLSL,3.960725400619394
7,3,2,200,MLSL,1.2438887280648356
7,3,3,200,MLSL,3.6114007559478805
7,3,4,200,MLSL,0.4514980686220853
7,3,5,200,MLSL,0.8048603120080151
7,3,6,200,MLSL,3.6902916564048316
7,3,7,200,MLSL,0.41120147104248383
7,3,8,200,MLSL,0.40049002914382514
7,3,9,200,MLSL,0.3579904206331066
7,3,10,200,MLSL,4.223851238966601
7,3,11,200,MLSL,1.6295530122031088
7,3,12,200,MLSL,0.6088138938464538
7,3,13,200,MLSL,2.464244040601852
7,3,14,200,MLSL,3.535809799205032
7,3,15,200,MLSL,1.4884358233864377
7,3,16,200,MLSL,1.4712272762027196
7,3,17,200,MLSL,2.6922735054197156
7,3,18,200,MLSL,1.0244517666925348
7,3,19,200,MLSL,2.682094142761018
7,4,0,200,MLSL,0.9535572394179113
7,4,1,200,MLSL,0.583299512315282
7,4,2,200,MLSL,1.4574763492436347
7,4,3,200,MLSL,1.0149452947959396
7,4,4,200,MLSL,1.2739261493658915
7,4,5,200,MLSL,1.2811464102814156
7,4,6,200,MLSL,1.1240831637619948
7,4,7,200,MLSL,0.21408581409791694
7,4,8,200,MLSL,0.32947856808124243
7,4,9,200,MLSL,0.37881877155027155
7,4,10,200,MLSL,0.3002211889080364
7,4,11,200,MLSL,0.39459722699296407
7,4,12,200,MLSL,0.5613951872640328
7,4,13,200,MLSL,2.3551760060305966
7,4,14,200,MLSL,5.711287303951057
7,4,15,200,MLSL,5.5047730072798124
7,4,16,200,MLSL,0.2940008504119227
7,4,17,200,MLSL,0.22242897875438672
7,4,18,200,MLSL,0.26621574502987855
7,4,19,200,MLSL,0.29724785905640516
7,5,0,200,MLSL,1.9231873765050125
7,5,1,200,MLSL,2.48970054652132
7,5,2,200,MLSL,0.3529944993923664
7,5,3,200,MLSL,1.4139399373183181
7,5,4,200,MLSL,0.4012809643238029
7,5,5,200,MLSL,1.8797797221526906
7,5,6,200,MLSL,1.8768778940517166
7,5,7,200,MLSL,0.3529944993923664
7,5,8,200,MLSL,0.09723151192413582
7,5,9,200,MLSL,2.48970054652132
7,5,10,200,MLSL,1.8867681085312995
7,5,11,200,MLSL,3.024677332722945
7,5,12,200,MLSL,0.18065902002437895
7,5,13,200,MLSL,0.19292957054847193
7,5,14,200,MLSL,2.48970054652132
7,5,15,200,MLSL,0.9253705142116218
7,5,16,200,MLSL,5.425287210613561
7,5,17,200,MLSL,0.498986120072928
7,5,18,200,MLSL,2.3929086660991175
7,5,19,200,MLSL,0.4012809643238029
7,6,0,200,MLSL,4.575315603857469
7,6,1,200,MLSL,1.2427452253518467
7,6,2,200,MLSL,1.2989784504137987
7,6,3,200,MLSL,0.883614015920763
7,6,4,200,MLSL,2.475613991119488
7,6,5,200,MLSL,2.0245366129402953
7,6,6,200,MLSL,5.011987375714639
7,6,7,200,MLSL,0.2978749350602783
7,6,8,200,MLSL,1.1816778497443465
7,6,9,200,MLSL,6.574221837623234
7,6,10,200,MLSL,1.2420774217398574
7,6,11,200,MLSL,1.9656669506373703
7,6,12,200,MLSL,3.3744365490747086
7,6,13,200,MLSL,0.7177221998805976
7,6,14,200,MLSL,0.8973663373982319
7,6,15,200,MLSL,0.7615573031023857
7,6,16,200,MLSL,6.050753014123778
7,6,17,200,MLSL,0.13304259984303002
7,6,18,200,MLSL,0.7274289057007124
7,6,19,200,MLSL,3.816524255100056
7,7,0,200,MLSL,0.7246539810070516
7,7,1,200,MLSL,0.09729368654268455
7,7,2,200,MLSL,2.205276334698752
7,7,3,200,MLSL,2.3590659807445036
7,7,4,200,MLSL,0.4221648588601852
7,7,5,200,MLSL,1.3235451905598552
7,7,6,200,MLSL,0.431443617311686
7,7,7,200,MLSL,2.2274871834238184
7,7,8,200,MLSL,0.3065619036038214
7,7,9,200,MLSL,0.4349179172612594
7,7,10,200,MLSL,0.2084281942612165
7,7,11,200,MLSL,1.6218187093924143
7,7,12,200,MLSL,1.2451846331648966
7,7,13,200,MLSL,0.45484741329899236
7,7,14,200,MLSL,0.6615076101169848
7,7,15,200,MLSL,1.6422881310979704
7,7,16,200,MLSL,1.0646018346355106
7,7,17,200,MLSL,1.2685523419761608
7,7,18,200,MLSL,1.9809677540435473
7,7,19,200,MLSL,1.2685523419761608
8,1,0,200,MLSL,4.519483124660155
8,1,1,200,MLSL,4.415357818223043
8,1,2,200,MLSL,2.7515898199787046
8,1,3,200,MLSL,8.861878761305093
8,1,4,200,MLSL,4.3863971089722895
8,1,5,200,MLSL,3.504819423179015
8,1,6,200,MLSL,5.039209461791671
8,1,7,200,MLSL,4.264086187228287
8,1,8,200,MLSL,4.0531451296402
8,1,9,200,MLSL,3.4236859323667375
8,1,10,200,MLSL,4.574029925859975
8,1,11,200,MLSL,4.600129559604369
8,1,12,200,MLSL,88.72241932688206
8,1,13,200,MLSL,4.415421980375527
8,1,14,200,MLSL,9.480490032037864
8,1,15,200,MLSL,87.79316011484215
8,1,16,200,MLSL,8.79324966200187
8,1,17,200,MLSL,3.568385514682973
8,1,18,200,MLSL,5.155465158274666
8,1,19,200,MLSL,4.292992164378973
8,2,0,200,MLSL,1.1582804639551796
8,2,1,200,MLSL,3.262215924594443
8,2,2,200,MLSL,3.31106061244418
8,2,3,200,MLSL,2.675959111609245
8,2,4,200,MLSL,37.5234070605768
8,2,5,200,MLSL,1.3038645401760505
8,2,6,200,MLSL,3.0599013909485393
8,2,7,200,MLSL,3.549084831833966
8,2,8,200,MLSL,3.100324382532449
8,2,9,200,MLSL,3.5605942812625244
8,2,10,200,MLSL,1.2920103945550636
8,2,11,200,MLSL,2.4559339978842445
8,2,12,200,MLSL,208.08258042404077
8,2,13,200,MLSL,12.378724727106487
8,2,14,200,MLSL,2.4257939683416225
8,2,15,200,MLSL,3.1142556024312853
8,2,16,200,MLSL,3.5069366140803595
8,2,17,200,MLSL,1.1388593367403246
8,2,18,200,MLSL,27.106618493280394
8,2,19,200,MLSL,3.4113902127559186
8,3,0,200,MLSL,2.8906702264537785
8,3,1,200,MLSL,2.9080600015614237
8,3,2,200,MLSL,2.900956972292633
8,3,3,200,MLSL,38.343331613020496
8,3,4,200,MLSL,3.4393703811931857
8,3,5,200,MLSL,2.2140081907913043
8,3,6,200,MLSL,3.3630895485200227
8,3,7,200,MLSL,2.6009970505910047
8,3,8,200,MLSL,3.5524536247468603
8,3,9,200,MLSL,3.1055048807607903
8,3,10,200,MLSL,4.980731197329419
8,3,11,200,MLSL,2.2741108138494184
8,3,12,200,MLSL,3.2200330797907384
8,3,13,200,MLSL,3.3375442283658003
8,3,14,200,MLSL,3.1460158773787867
8,3,15,200,MLSL,3.545339456153741
8,3,16,200,MLSL,2.8541046384291207
8,3,17,200,MLSL,3.453599073558621
8,3,18,200,MLSL,3.4192114395664106
8,3,19,200,MLSL,3.0752312922708995
8,4,0,200,MLSL,4.650296309569342
8,4,1,200,MLSL,3.1668581174189114
8,4,2,200,MLSL,4.65814504090681
8,4,3,200,MLSL,3.4437673441974397
8,4,4,200,MLSL,7.845090693499998
8,4,5,200,MLSL,3.174150866050283
8,4,6,200,MLSL,4.655015692009371
8,4,7,200,MLSL,3.0596430152050615
8,4,8,200,MLSL,2.6500367793141493
8,4,9,200,MLSL,4.661374141098705
8,4,10,200,MLSL,4.881601035463156
8,4,11,200,MLSL,3.5641222440687486
8,4,12,200,MLSL,5.64130138367743
8,4,13,200,MLSL,3.4447910700811164
8,4,14,200,MLSL,3.57268570944688
8,4,15,200,MLSL,3.1294302042474698
8,4,16,200,MLSL,3.234292855451436
8,4,17,200,MLSL,4.691856322248768
8,4,18,200,MLSL,2.72067628873625
8,4,19,200,MLSL,3.5535470126970807
8,5,0,200,MLSL,0.46007515704395274
8,5,1,200,MLSL,2.2971961168806203
8,5,2,200,MLSL,3.559997109986419
8,5,3,200,MLSL,3.80862399850799
8,5,4,200,MLSL,3.1377964223585124
8,5,5,200,MLSL,2.0699596121525303
8,5,6,200,MLSL,2.4960910135540146
8,5,7,200,MLSL,2.681840923282323
8,5,8,200,MLSL,2.834020280154782
8,5,9,200,MLSL,1.9764932222921914
8,5,10,200,MLSL,2.7724947192927445
8,5,11,200,MLSL,3.4318053514228097
8,5,12,200,MLSL,3.187771848093753
8,5,13,200,MLSL,1.3817549644690672
8,5,14,200,MLSL,3.5358152005206875
8,5,15,200,MLSL,3.390816267424718
8,5,16,200,MLSL,2.7649644223303653
8,5,17,200,MLSL,18.406845782907396
8,5,18,200,MLSL,1.7883820898648253
8,5,19,200,MLSL,3.5449768444544887
8,6,0,200,MLSL,2.619930530759291
8,6,1,200,MLSL,2.5757507178948345
8,6,2,200,MLSL,3.315826033983285
8,6,3,200,MLSL,2.3910362695138474
8,6,4,200,MLSL,2.9791654268559
8,6,5,200,MLSL,3.0769672919242907
8,6,6,200,MLSL,3.0635278589394943
8,6,7,200,MLSL,3.5246664858248664
8,6,8,200,MLSL,2.810502673605299
8,6,9,200,MLSL,3.034491101251092
8,6,10,200,MLSL,2.741022306204229
8,6,11,200,MLSL,2.878048813786279
8,6,12,200,MLSL,2.8181597803819045
8,6,13,200,MLSL,3.105069850828727
8,6,14,200,MLSL,3.0496259086215787
8,6,15,200,MLSL,4.269178928565054
8,6,16,200,MLSL,3.4939756870314227
8,6,17,200,MLSL,2.523399025491642
8,6,18,200,MLSL,1.860507105705608
8,6,19,200,MLSL,2.6837697886803653
8,7,0,200,MLSL,4.680365202838431
8,7,1,200,MLSL,4.844319435553842
8,7,2,200,MLSL,3.6549238386197374
8,7,3,200,MLSL,4.359868184186581
8,7,4,200,MLSL,3.2820287065620732
8,7,5,200,MLSL,3.6232783062627334
8,7,6,200,MLSL,3.499619201997774
8,7,7,200,MLSL,3.477767035970089
8,7,8,200,MLSL,3.5215595375136957
8,7,9,200,MLSL,4.640329098612199
8,7,10,200,MLSL,4.457885224740693
8,7,11,200,MLSL,3.49730806971192
8,7,12,200,MLSL,4.618065262113845
8,7,13,200,MLSL,3.43327252970775
8,7,14,200,MLSL,4.679738513000814
8,7,15,200,MLSL,3.477262947250523
8,7,16,200,MLSL,3.5545414990242534
8,7,17,200,MLSL,4.736665945499283
8,7,18,200,MLSL,3.3339317504630515
8,7,19,200,MLSL,3.5265882288128694
9,1,0,200,MLSL,3.9294740282246465
9,1,1,200,MLSL,3.257377625428262
9,1,2,200,MLSL,3.6860773687569406
9,1,3,200,MLSL,1.8676093446538715
9,1,4,200,MLSL,4.602592148405435
9,1,5,200,MLSL,4.6083160319858365
9,1,6,200,MLSL,1.4783901203796148
9,1,7,200,MLSL,3.2597113667968927
9,1,8,200,MLSL,3.327178687545427
9,1,9,200,MLSL,3.914184013134019
9,1,10,200,MLSL,0.8547533382920562
9,1,11,200,MLSL,2.877012367871899
9,1,12,200,MLSL,3.2451125956480382
9,1,13,200,MLSL,4.6832442585373
9,1,14,200,MLSL,4.616718456762342
9,1,15,200,MLSL,3.634180805099092
9,1,16,200,MLSL,2.6692533126577445
9,1,17,200,MLSL,20.708320407185724
9,1,18,200,MLSL,4.661594094270086
9,1,19,200,MLSL,2.260769696344724
9,2,0,200,MLSL,4.005098674390965
9,2,1,200,MLSL,2.00985091720586
9,2,2,200,MLSL,2.163016596126262
9,2,3,200,MLSL,3.272882037706033
9,2,4,200,MLSL,3.57916047927732
9,2,5,200,MLSL,4.344396869033105
9,2,6,200,MLSL,4.067762183982126
9,2,7,200,MLSL,2.898051924548348
9,2,8,200,MLSL,0.0541283210391299
9,2,9,200,MLSL,2.531489625686312
9,2,10,200,MLSL,2.446247392287951
9,2,11,200,MLSL,4.660703121029037
9,2,12,200,MLSL,4.6623847132133704
9,2,13,200,MLSL,4.26074565003514
9,2,14,200,MLSL,3.486443804433911
9,2,15,200,MLSL,2.9636254716900936
9,2,16,200,MLSL,2.806566466070933
9,2,17,200,MLSL,1.0248616528860737
9,2,18,200,MLSL,4.596002883504362
9,2,19,200,MLSL,3.082624976071436
9,3,0,200,MLSL,4.646753836037462
9,3,1,200,MLSL,2.969040601951491
9,3,2,200,MLSL,4.8147911110056185
9,3,3,200,MLSL,2.0689204866438047
9,3,4,200,MLSL,2.743226778039883
9,3,5,200,MLSL,3.8750817346773445
9,3,6,200,MLSL,2.8677763386981425
9,3,7,200,MLSL,2.0651999998919024
9,3,8,200,MLSL,3.352144446382134
9,3,9,200,MLSL,4.410534654035146
9,3,10,200,MLSL,3.2763477527770632
9,3,11,200,MLSL,0.5435810089157513
9,3,12,200,MLSL,3.3228317971310304
9,3,13,200,MLSL,3.843542611344674
9,3,14,200,MLSL,4.508377152601028
9,3,15,200,MLSL,4.138649967974295
9,3,16,200,MLSL,4.713246871738491
9,3,17,200,MLSL,3.827656533086234
9,3,18,200,MLSL,2.978091980962077
9,3,19,200,MLSL,1.77373382148933
9,4,0,200,MLSL,3.472321314780487
9,4,1,200,MLSL,3.9726401095318664
9,4,2,200,MLSL,4.708814959663229
9,4,3,200,MLSL,2.2661401607388
9,4,4,200,MLSL,2.5732304208284376
9,4,5,200,MLSL,3.038933978337738
9,4,6,200,MLSL,4.104504137257351
9,4,7,200,MLSL,3.6485192680837457
9,4,8,200,MLSL,2.318996445997726
9,4,9,200,MLSL,3.051786905848928
9,4,10,200,MLSL,0.16828237030847504
9,4,11,200,MLSL,3.7691510991318893
9,4,12,200,MLSL,3.4971285263968213
9,4,13,200,MLSL,4.644631481765046
9,4,14,200,MLSL,3.7284043282652277
9,4,15,200,MLSL,3.923627419434652
9,4,16,200,MLSL,4.641218421786874
9,4,17,200,MLSL,2.4148096141891813
9,4,18,200,MLSL,2.4647612721024643
9,4,19,200,MLSL,4.454648731624516
9,5,0,200,MLSL,1.9949431471892893
9,5,1,200,MLSL,3.917699878620823
9,5,2,200,MLSL,0.960446170370929
9,5,3,200,MLSL,3.171278787550122
9,5,4,200,MLSL,4.157946979223269
9,5,5,200,MLSL,0.6883806695608712
9,5,6,200,MLSL,4.173114740721516
9,5,7,200,MLSL,1.4769123256065342
9,5,8,200,MLSL,4.655869968751034
9,5,9,200,MLSL,4.753867534860902
9,5,10,200,MLSL,2.5015101812823417
9,5,11,200,MLSL,2.925151299386755
9,5,12,200,MLSL,4.423779071142363
9,5,13,200,MLSL,3.801760486883282
9,5,14,200,MLSL,3.21338388286253
9,5,15,200,MLSL,3.6314315682790976
9,5,16,200,MLSL,0.746747284940426
9,5,17,200,MLSL,4.5797416568040745
9,5,18,200,MLSL,3.4570721210873643
9,5,19,200,MLSL,3.132092348713087
9,6,0,200,MLSL,3.8763290294157855
9,6,1,200,MLSL,3.6823487055393116
9,6,2,200,MLSL,0.9216977455955657
9,6,3,200,MLSL,2.398690794591232
9,6,4,200,MLSL,2.0486465066897495
9,6,5,200,MLSL,3.645323590346095
9,6,6,200,MLSL,4.483994456226242
9,6,7,200,MLSL,2.9867429325828425
9,6,8,200,MLSL,3.7183970068900294
9,6,9,200,MLSL,4.333087484842622
9,6,10,200,MLSL,3.3756665528999292
9,6,11,200,MLSL,2.734153569253124
9,6,12,200,MLSL,4.659667185588319
9,6,13,200,MLSL,4.482865437905559
9,6,14,200,MLSL,3.981633695031178
9,6,15,200,MLSL,1.0662679016512584
9,6,16,200,MLSL,3.7713372815480852
9,6,17,200,MLSL,2.718853894775293
9,6,18,200,MLSL,4.2803473918365285
9,6,19,200,MLSL,2.307024836250889
9,7,0,200,MLSL,4.1627557993366615
9,7,1,200,MLSL,2.9698224356935974
9,7,2,200,MLSL,4.136053793021908
9,7,3,200,MLSL,3.324724112192868
9,7,4,200,MLSL,1.791636820464145
9,7,5,200,MLSL,1.914821826894297
9,7,6,200,MLSL,4.657013277857068
9,7,7,200,MLSL,3.199872217843783
9,7,8,200,MLSL,4.1515952876350575
9,7,9,200,MLSL,4.755393854361493
9,7,10,200,MLSL,1.528957746714422
9,7,11,200,MLSL,2.711956058210113
9,7,12,200,MLSL,4.283507818166697
9,7,13,200,MLSL,3.290126264350402
9,7,14,200,MLSL,3.2193029692280817
9,7,15,200,MLSL,3.599720164236139
9,7,16,200,MLSL,2.5969206970729743
9,7,17,200,MLSL,2.7321711648214517
9,7,18,200,MLSL,2.3277216271446264
9,7,19,200,MLSL,3.604090011448257
10,1,0,200,MLSL,1022.3127099619142
10,1,1,200,MLSL,8997.41682149886
10,1,2,200,MLSL,8878.97788800498
10,1,3,200,MLSL,168.46323206870008
10,1,4,200,MLSL,19220.919201736633
10,1,5,200,MLSL,3101.2691592966344
10,1,6,200,MLSL,9848.75297841993
10,1,7,200,MLSL,23654.391992538516
10,1,8,200,MLSL,5268.876921467116
10,1,9,200,MLSL,10449.00144460531
10,1,10,200,MLSL,516.0038141848879
10,1,11,200,MLSL,819.8520947255759
10,1,12,200,MLSL,946.5255636992504
10,1,13,200,MLSL,431.1946557512262
10,1,14,200,MLSL,5687.800162901675
10,1,15,200,MLSL,746.119079296102
10,1,16,200,MLSL,4437.160892303737
10,1,17,200,MLSL,593.3992998774145
10,1,18,200,MLSL,314.3262743569298
10,1,19,200,MLSL,5657.695185580857
10,2,0,200,MLSL,2038.220358372977
10,2,1,200,MLSL,1185.1512558067554
10,2,2,200,MLSL,589.9882680856539
10,2,3,200,MLSL,7086.400223335315
10,2,4,200,MLSL,23403.650768943884
10,2,5,200,MLSL,9139.690758061523
10,2,6,200,MLSL,305.455566887297
10,2,7,200,MLSL,6449.106551869604
10,2,8,200,MLSL,8071.880240851941
10,2,9,200,MLSL,2901.5116043088265
10,2,10,200,MLSL,765.351203179962
10,2,11,200,MLSL,2310.7475826583436
10,2,12,200,MLSL,2863.760429770508
10,2,13,200,MLSL,2466.994699310812
10,2,14,200,MLSL,74.61574126673241
10,2,15,200,MLSL,484.1730929614781
10,2,16,200,MLSL,578.9360359532712
10,2,17,200,MLSL,123.63520002701131
10,2,18,200,MLSL,408.01147058258545
10,2,19,200,MLSL,2748.057044701173
10,3,0,200,MLSL,2068.044812010066
10,3,1,200,MLSL,182.08255081970992
10,3,2,200,MLSL,678.7907450478767
10,3,3,200,MLSL,355.6218474775183
10,3,4,200,MLSL,1326.6691482908932
10,3,5,200,MLSL,3621.3233976801057
10,3,6,200,MLSL,426.3100135390866
10,3,7,200,MLSL,22.345244220077518
10,3,8,200,MLSL,2653.928940591807
10,3,9,200,MLSL,1932.3614742219186
10,3,10,200,MLSL,1056.75804923694
10,3,11,200,MLSL,698.2599293505178
10,3,12,200,MLSL,199.33118079289176
10,3,13,200,MLSL,1936.154171560107
10,3,14,200,MLSL,4813.733732807636
10,3,15,200,MLSL,1365.446914286175
10,3,16,200,MLSL,1425.921752311482
10,3,17,200,MLSL,1114.032329664795
10,3,18,200,MLSL,754.0266200448099
10,3,19,200,MLSL,367.3354462705439
10,4,0,200,MLSL,2974.1305438488457
10,4,1,200,MLSL,5266.971127305947
10,4,2,200,MLSL,5339.045457733261
10,4,3,200,MLSL,1740.1727709581094
10,4,4,200,MLSL,1101.8421518673078
10,4,5,200,MLSL,334.19290196544426
10,4,6,200,MLSL,5503.484000699673
10,4,7,200,MLSL,5052.66111566242
10,4,8,200,MLSL,3585.25646432943
10,4,9,200,MLSL,2252.637100727927
10,4,10,200,MLSL,2196.427528784837
10,4,11,200,MLSL,2751.335040546831
10,4,12,200,MLSL,455.1628555313192
10,4,13,200,MLSL,1117.1184814350077
10,4,14,200,MLSL,3519.1105503521594
10,4,15,200,MLSL,7.829194070555133
10,4,16,200,MLSL,2139.1120446722452
10,4,17,200,MLSL,3186.3148639531846
10,4,18,200,MLSL,2973.46605255713
10,4,19,200,MLSL,1012.2544421693087
10,5,0,200,MLSL,517.1208430468823
10,5,1,200,MLSL,717.456715898548
10,5,2,200,MLSL,6404.771259108395
10,5,3,200,MLSL,1425.2869477475222
10,5,4,200,MLSL,264.66775652096726
10,5,5,200,MLSL,8917.895822973363
10,5,6,200,MLSL,643.8258934208606
10,5,7,200,MLSL,4729.943787902957
10,5,8,200,MLSL,4238.254674864688
10,5,9,200,MLSL,1853.3869672336057
10,5,10,200,MLSL,3362.954264597431
10,5,11,200,MLSL,464.8741626822622
10,5,12,200,MLSL,1249.7600784823746
10,5,13,200,MLSL,1355.155277254585
10,5,14,200,MLSL,49.38071910898776
10,5,15,200,MLSL,2599.2491028316185
10,5,16,200,MLSL,437.084465977499
10,5,17,200,MLSL,1470.4887019337755
10,5,18,200,MLSL,4204.2352584664695
10,5,19,200,MLSL,1632.7640311042692
10,6,0,200,MLSL,8260.265252762514
10,6,1,200,MLSL,2120.986249133289
10,6,2,200,MLSL,381.2789474332518
10,6,3,200,MLSL,1132.936604182428
10,6,4,200,MLSL,5355.241968983131
10,6,5,200,MLSL,684.3060849988831
10,6,6,200,MLSL,1529.5936517512944
10,6,7,200,MLSL,1482.5565973352593
10,6,8,200,MLSL,1059.5079264590108
10,6,9,200,MLSL,2488.3236955888738
10,6,10,200,MLSL,835.96633704033
10,6,11,200,MLSL,1649.7881947804312
10,6,12,200,MLSL,12930.197438099214
10,6,13,200,MLSL,154.8880964694727
10,6,14,200,MLSL,1768.8407714537936
10,6,15,200,MLSL,2456.986365124419
10,6,16,200,MLSL,1956.0126698944111
10,6,17,200,MLSL,2040.427070266553
10,6,18,200,MLSL,1633.1778357043777
10,6,19,200,MLSL,2884.40348547099
10,7,0,200,MLSL,6102.080874607329
10,7,1,200,MLSL,14620.621993923762
10,7,2,200,MLSL,1687.6637737029384
10,7,3,200,MLSL,5752.693808078984
10,7,4,200,MLSL,2050.009686922099
10,7,5,200,MLSL,986.2409046894975
10,7,6,200,MLSL,828.592318256219
10,7,7,200,MLSL,1152.308346431985
10,7,8,200,MLSL,12952.317926203323
10,7,9,200,MLSL,2024.398222106219
10,7,10,200,MLSL,2151.254656161951
10,7,11,200,MLSL,10466.90985955074
10,7,12,200,MLSL,391.9591393966528
10,7,13,200,MLSL,1239.407712831882
10,7,14,200,MLSL,4156.80854811757
10,7,15,200,MLSL,4239.458814296916
10,7,16,200,MLSL,441.16750110680783
10,7,17,200,MLSL,2680.158212295396
10,7,18,200,MLSL,1371.7968656685116
10,7,19,200,MLSL,789.1964038479191
11,1,0,200,MLSL,39.20414782114169
11,1,1,200,MLSL,21.2747108519837
11,1,2,200,MLSL,34.39108378914321
11,1,3,200,MLSL,25.805676249197006
11,1,4,200,MLSL,9.371629366156668
11,1,5,200,MLSL,13.070625108498135
11,1,6,200,MLSL,8.618406582937396
11,1,7,200,MLSL,15.830419182730736
11,1,8,200,MLSL,109.15875760213252
11,1,9,200,MLSL,21.61388437378342
11,1,10,200,MLSL,43.12215360456365
11,1,11,200,MLSL,11.143800993140914
11,1,12,200,MLSL,18.88577847240181
11,1,13,200,MLSL,2.457787077377148
11,1,14,200,MLSL,19.667282374359033
11,1,15,200,MLSL,13.75860476279665
11,1,16,200,MLSL,22.341615294026084
11,1,17,200,MLSL,27.664707770206547
11,1,18,200,MLSL,24.313991856350228
11,1,19,200,MLSL,58.95924789065397
11,2,0,200,MLSL,30.6801735456598
11,2,1,200,MLSL,19.36771492820825
11,2,2,200,MLSL,90.5810297837555
11,2,3,200,MLSL,43.99217510032166
11,2,4,200,MLSL,25.47598860522058
11,2,5,200,MLSL,14.426074546089932
11,2,6,200,MLSL,52.983992357857765
11,2,7,200,MLSL,11.704693779999806
11,2,8,200,MLSL,19.207395910741415
11,2,9,200,MLSL,13.686036243609319
11,2,10,200,MLSL,8.013509468366824
11,2,11,200,MLSL,52.065449611948246
11,2,12,200,MLSL,30.895226382460503
11,2,13,200,MLSL,78.2017752058615
11,2,14,200,MLSL,53.11603685265356
11,2,15,200,MLSL,67.00721056579059
11,2,16,200,MLSL,13.542100160858817
11,2,17,200,MLSL,13.421211814355281
11,2,18,200,MLSL,14.462563854118914
11,2,19,200,MLSL,33.44452362589728
11,3,0,200,MLSL,81.99237572375031
11,3,1,200,MLSL,19.383248176800773
11,3,2,200,MLSL,55.746043449711266
11,3,3,200,MLSL,14.412967490878966
11,3,4,200,MLSL,20.4376209838216
11,3,5,200,MLSL,23.59759190735704
11,3,6,200,MLSL,12.610085133382846
11,3,7,200,MLSL,37.55393117705326
11,3,8,200,MLSL,23.986633379289284
11,3,9,200,MLSL,18.66411338055573
11,3,10,200,MLSL,27.37610864839419
11,3,11,200,MLSL,3.4123106855370864
11,3,12,200,MLSL,53.540786567165455
11,3,13,200,MLSL,20.55515099944297
11,3,14,200,MLSL,21.176321215955067
11,3,15,200,MLSL,16.538037790512206
11,3,16,200,MLSL,55.70245591185889
11,3,17,200,MLSL,25.318975651121203
11,3,18,200,MLSL,15.134944246970836
11,3,19,200,MLSL,14.11062434210265
11,4,0,200,MLSL,15.712092933928943
11,4,1,200,MLSL,59.03438358889957
11,4,2,200,MLSL,62.733002683441896
11,4,3,200,MLSL,55.62404765448832
11,4,4,200,MLSL,28.343467155881513
11,4,5,200,MLSL,15.037023923962579
11,4,6,200,MLSL,46.37584992936581
11,4,7,200,MLSL,14.113266431213901
11,4,8,200,MLSL,39.95618075127106
11,4,9,200,MLSL,83.43149130276072
11,4,10,200,MLSL,36.43998592122807
11,4,11,200,MLSL,62.250081447483694
11,4,12,200,MLSL,60.22286881901027
11,4,13,200,MLSL,7.54740161663517
11,4,14,200,MLSL,21.12371959865618
11,4,15,200,MLSL,55.381749633078925
11,4,16,200,MLSL,26.53921300678894
11,4,17,200,MLSL,31.77374113381279
11,4,18,200,MLSL,38.81281435616802
11,4,19,200,MLSL,35.630756934251394
11,5,0,200,MLSL,71.14494255049317
11,5,1,200,MLSL,30.986160793996184
11,5,2,200,MLSL,30.88902676822726
11,5,3,200,MLSL,13.661972234390916
11,5,4,200,MLSL,34.77618760727367
11,5,5,200,MLSL,27.234640869259252
11,5,6,200,MLSL,92.49333550012973
11,5,7,200,MLSL,24.95376246272879
11,5,8,200,MLSL,46.3746188816147
11,5,9,200,MLSL,38.4869502655058
11,5,10,200,MLSL,75.26578221236424
11,5,11,200,MLSL,38.28671552282288
11,5,12,200,MLSL,7.303650626682327
11,5,13,200,MLSL,35.640570269211764
11,5,14,200,MLSL,12.0444371733835
11,5,15,200,MLSL,57.521376042512564
11,5,16,200,MLSL,25.778102631657227
11,5,17,200,MLSL,27.71887870432063
11,5,18,200,MLSL,10.839217928553538
11,5,19,200,MLSL,16.355825883158843
11,6,0,200,MLSL,28.419874175238533
11,6,1,200,MLSL,24.899545157999
11,6,2,200,MLSL,34.14176679388413
11,6,3,200,MLSL,49.48018575446338
11,6,4,200,MLSL,31.913039961597974
11,6,5,200,MLSL,14.668692453202993
11,6,6,200,MLSL,42.70333660159076
11,6,7,200,MLSL,78.17322920875881
11,6,8,200,MLSL,65.29917116541276
11,6,9,200,MLSL,18.628998981415634
11,6,10,200,MLSL,60.28652520135233
11,6,11,200,MLSL,6.05980222402161
11,6,12,200,MLSL,27.5313986275263
11,6,13,200,MLSL,13.145067264740533
11,6,14,200,MLSL,27.34537662004925
11,6,15,200,MLSL,27.96976747394706
11,6,16,200,MLSL,68.01177125048741
11,6,17,200,MLSL,29.867676225029868
11,6,18,200,MLSL,52.58600644323212
11,6,19,200,MLSL,30.276294898677293
11,7,0,200,MLSL,28.675085412191315
11,7,1,200,MLSL,33.20628596082929
11,7,2,200,MLSL,26.07656209591444
11,7,3,200,MLSL,16.640044794474846
11,7,4,200,MLSL,24.33522722603101
11,7,5,200,MLSL,9.566482159482788
11,7,6,200,MLSL,7.1320186478935454
11,7,7,200,MLSL,3.6044617724381993
11,7,8,200,MLSL,23.006088267189064
11,7,9,200,MLSL,9.43512623136236
11,7,10,200,MLSL,4.546682622810479
11,7,11,200,MLSL,15.91036016733247
11,7,12,200,MLSL,88.9879674038343
11,7,13,200,MLSL,48.12545490900811
11,7,14,200,MLSL,30.08337773451445
11,7,15,200,MLSL,26.193158325266303
11,7,16,200,MLSL,21.301407452753097
11,7,17,200,MLSL,36.58927152368196
11,7,18,200,MLSL,47.399301505715286
11,7,19,200,MLSL,18.574918717446124
12,1,0,200,MLSL,3.397823381606372
12,1,1,200,MLSL,7.617808712927513
12,1,2,200,MLSL,119.11029123477306
12,1,3,200,MLSL,5.146805882395142
12,1,4,200,MLSL,12.957492724967892
12,1,5,200,MLSL,25.333453601574774
12,1,6,200,MLSL,1.5266601233311121
12,1,7,200,MLSL,32.55985276071908
12,1,8,200,MLSL,17.858738360877396
12,1,9,200,MLSL,44.55780825017894
12,1,10,200,MLSL,14.03569681210763
12,1,11,200,MLSL,51.56037651317126
12,1,12,200,MLSL,0.4025056210034563
12,1,13,200,MLSL,18.583439892976116
12,1,14,200,MLSL,263.1187433172713
12,1,15,200,MLSL,20.719835560914362
12,1,16,200,MLSL,22.42737875303885
12,1,17,200,MLSL,59.97244629426166
12,1,18,200,MLSL,46.43557426023938
12,1,19,200,MLSL,11.032261158978827
12,2,0,200,MLSL,2.7589331368524768
12,2,1,200,MLSL,54.53917981636238
12,2,2,200,MLSL,4.566594875120529
12,2,3,200,MLSL,560.5664686407404
12,2,4,200,MLSL,11.24748892506696
12,2,5,200,MLSL,11.310054067034145
12,2,6,200,MLSL,2.761321919943299
12,2,7,200,MLSL,22.88958761994965
12,2,8,200,MLSL,13.559422073106532
12,2,9,200,MLSL,13.78122482008547
12,2,10,200,MLSL,30.851716325265727
12,2,11,200,MLSL,2.543144492664595
12,2,12,200,MLSL,3.3361548836665804
12,2,13,200,MLSL,14.434976381559835
12,2,14,200,MLSL,12.86981390837164
12,2,15,200,MLSL,17315.27973124406
12,2,16,200,MLSL,1.5305249375918208
12,2,17,200,MLSL,12.040793104049186
12,2,18,200,MLSL,5.888382191190573
12,2,19,200,MLSL,11.009234732742925
12,3,0,200,MLSL,6.028661074783024
12,3,1,200,MLSL,20.541465522462317
12,3,2,200,MLSL,36.15095269820033
12,3,3,200,MLSL,20.71031813718814
12,3,4,200,MLSL,18.09330015878065
12,3,5,200,MLSL,39.18477911487231
12,3,6,200,MLSL,482.8257705037695
12,3,7,200,MLSL,17.133231881738894
12,3,8,200,MLSL,202.7213253462935
12,3,9,200,MLSL,41.66183996436229
12,3,10,200,MLSL,80.74271542237302
12,3,11,200,MLSL,332.6948592052598
12,3,12,200,MLSL,195.06505551478432
12,3,13,200,MLSL,207.88619012119761
12,3,14,200,MLSL,15.870527127326298
12,3,15,200,MLSL,86.76500014921591
12,3,16,200,MLSL,44.13082860488126
12,3,17,200,MLSL,1174.1775128463396
12,3,18,200,MLSL,15.951955333356906
12,3,19,200,MLSL,1048.133372179297
12,4,0,200,MLSL,0.5892248117355159
12,4,1,200,MLSL,4.798256943420524
12,4,2,200,MLSL,26.343608210388
12,4,3,200,MLSL,45.24036742049728
12,4,4,200,MLSL,29.8446056470729
12,4,5,200,MLSL,16.48037097391383
12,4,6,200,MLSL,60.64059382684633
12,4,7,200,MLSL,14.239101662882392
12,4,8,200,MLSL,1.7063304920681261
12,4,9,200,MLSL,38.31234172852463
12,4,10,200,MLSL,31.34569150196991
12,4,11,200,MLSL,8.693157879561202
12,4,12,200,MLSL,4.99563421372174
12,4,13,200,MLSL,10.903613297208134
12,4,14,200,MLSL,39.53957149542293
12,4,15,200,MLSL,38.78627290241856
12,4,16,200,MLSL,25.3321539092296
12,4,17,200,MLSL,12.27729793437006
12,4,18,200,MLSL,539.5924211830045
12,4,19,200,MLSL,21.26051997465756
12,5,0,200,MLSL,10.77848025204105
12,5,1,200,MLSL,1.1335945901788236
12,5,2,200,MLSL,7.640115940449505
12,5,3,200,MLSL,90.51207381498432
12,5,4,200,MLSL,0.8613924863465883
12,5,5,200,MLSL,0.8553363638982319
12,5,6,200,MLSL,5.243073323150888
12,5,7,200,MLSL,2.4249708401980357
12,5,8,200,MLSL,2.0142312297615135
12,5,9,200,MLSL,58.25757726560645
12,5,10,200,MLSL,26.260108692952947
12,5,11,200,MLSL,2.104762019874123
12,5,12,200,MLSL,25.58513645255963
12,5,13,200,MLSL,7.404567771329731
12,5,14,200,MLSL,1.4349000873053868
12,5,15,200,MLSL,4.532913997630743
12,5,16,200,MLSL,15.617580520783868
12,5,17,200,MLSL,1.1128646012716032
12,5,18,200,MLSL,24.811964256814825
12,5,19,200,MLSL,0.749825753585732
12,6,0,200,MLSL,27.828464921451175
12,6,1,200,MLSL,1815.2705685004269
12,6,2,200,MLSL,8.807240510788818
12,6,3,200,MLSL,218.8570657956488
12,6,4,200,MLSL,6.693712478654852
12,6,5,200,MLSL,4.670572110160297
12,6,6,200,MLSL,22.059400978442792
12,6,7,200,MLSL,23.58489029442834
12,6,8,200,MLSL,13.001174721469882
12,6,9,200,MLSL,171.48355635496367
12,6,10,200,MLSL,12.449616506843029
12,6,11,200,MLSL,31.427652891972976
12,6,12,200,MLSL,25.758723771457415
12,6,13,200,MLSL,35423.327086243415
12,6,14,200,MLSL,86.36480162463307
12,6,15,200,MLSL,22.03577148372142
12,6,16,200,MLSL,1376.7708103252066
12,6,17,200,MLSL,1.3103762425233239
12,6,18,200,MLSL,10.22834023958693
12,6,19,200,MLSL,4.503901332510647
12,7,0,200,MLSL,42.071977137289736
12,7,1,200,MLSL,10.297275259822356
12,7,2,200,MLSL,33.364340049782214
12,7,3,200,MLSL,220.6402831446413
12,7,4,200,MLSL,0.9692937304072871
12,7,5,200,MLSL,20.687166106917942
12,7,6,200,MLSL,8126.74050110818
12,7,7,200,MLSL,17.851331727685846
12,7,8,200,MLSL,12.22202281968029
12,7,9,200,MLSL,33.270591409844144
12,7,10,200,MLSL,6.509069409215954
12,7,11,200,MLSL,45.483034066801025
12,7,12,200,MLSL,0.4028365252117112
12,7,13,200,MLSL,72.22048219642058
12,7,14,200,MLSL,37594.16575703788
12,7,15,200,MLSL,7.009326770557067
12,7,16,200,MLSL,33.3110132906894
12,7,17,200,MLSL,1.4229064697618128
12,7,18,200,MLSL,23.57301060556989
12,7,19,200,MLSL,20.63812609594126
13,1,0,200,MLSL,82.18251544259613
13,1,1,200,MLSL,7.200731642989837
13,1,2,200,MLSL,7.783326214776196
13,1,3,200,MLSL,19.354681000793953
13,1,4,200,MLSL,13.496993104661101
13,1,5,200,MLSL,7.00435723874061
13,1,6,200,MLSL,8.207753022321711
13,1,7,200,MLSL,13.511345523318127
13,1,8,200,MLSL,16.044750564389417
13,1,9,200,MLSL,3.6363293849880804
13,1,10,200,MLSL,3.43756750154909
13,1,11,200,MLSL,23.692777158232637
13,1,12,200,MLSL,5.169210473972676
13,1,13,200,MLSL,7.800357220610209
13,1,14,200,MLSL,33.277947350124954
13,1,15,200,MLSL,17.42619492491953
13,1,16,200,MLSL,6.625465065615288
13,1,17,200,MLSL,14.008299629800973
13,1,18,200,MLSL,16.695360239949686
13,1,19,200,MLSL,21.295136873809405
13,2,0,200,MLSL,2.858105567275828
13,2,1,200,MLSL,5.404671688084335
13,2,2,200,MLSL,7.297446745534415
13,2,3,200,MLSL,11.20699780794282
13,2,4,200,MLSL,10.945838332792796
13,2,5,200,MLSL,24.92790339323355
13,2,6,200,MLSL,19.96923938932525
13,2,7,200,MLSL,4.377800877219649
13,2,8,200,MLSL,1.8903788534487802
13,2,9,200,MLSL,3.829883193659768
13,2,10,200,MLSL,12.44422983367128
13,2,11,200,MLSL,3.8346444430296174
13,2,12,200,MLSL,5.124340321231742
13,2,13,200,MLSL,7.050355836635163
13,2,14,200,MLSL,24.33481456392164
13,2,15,200,MLSL,10.261706147344462
13,2,16,200,MLSL,23.24415999592931
13,2,17,200,MLSL,17.013814838112978
13,2,18,200,MLSL,12.015747578415692
13,2,19,200,MLSL,1.951055562678924
13,3,0,200,MLSL,4.49289937357986
13,3,1,200,MLSL,10.979553753518019
13,3,2,200,MLSL,6.9347992812057555
13,3,3,200,MLSL,6.761688679103713
13,3,4,200,MLSL,3.9110529062273827
13,3,5,200,MLSL,4.733885491878141
13,3,6,200,MLSL,11.929838361897737
13,3,7,200,MLSL,9.27709854689283
13,3,8,200,MLSL,6.648226864710921
13,3,9,200,MLSL,19.471615195070854
13,3,10,200,MLSL,12.430362871228226
13,3,11,200,MLSL,14.370493987559087
13,3,12,200,MLSL,16.76374001931788
13,3,13,200,MLSL,14.246569780943503
13,3,14,200,MLSL,29.018659923518385
13,3,15,200,MLSL,20.836640823634582
13,3,16,200,MLSL,6.082230247775158
13,3,17,200,MLSL,4.89270617583594
13,3,18,200,MLSL,11.318447858726245
13,3,19,200,MLSL,2.4045565573429144
13,4,0,200,MLSL,7.16343376331497
13,4,1,200,MLSL,18.40921780044357
13,4,2,200,MLSL,17.31664433737501
13,4,3,200,MLSL,13.870814146303587
13,4,4,200,MLSL,7.8827303957095864
13,4,5,200,MLSL,8.38784258319015
13,4,6,200,MLSL,25.56992637627468
13,4,7,200,MLSL,10.700120432888525
13,4,8,200,MLSL,4.9766557431597676
13,4,9,200,MLSL,22.997335604836735
13,4,10,200,MLSL,5.374137119365969
13,4,11,200,MLSL,10.48714576080613
13,4,12,200,MLSL,23.41329266338255
13,4,13,200,MLSL,16.056416560399498
13,4,14,200,MLSL,18.96421549731963
13,4,15,200,MLSL,12.2673592927747
13,4,16,200,MLSL,50.25985597547049
13,4,17,200,MLSL,10.254764856748693
13,4,18,200,MLSL,10.162857977061549
13,4,19,200,MLSL,2.4175826773556537
13,5,0,200,MLSL,2.862552296387747
13,5,1,200,MLSL,16.364635886733424
13,5,2,200,MLSL,22.768290343732218
13,5,3,200,MLSL,38.6313732390995
13,5,4,200,MLSL,11.453225649539107
13,5,5,200,MLSL,35.29589130490953
13,5,6,200,MLSL,3.9861219150788543
13,5,7,200,MLSL,11.1315154911957
13,5,8,200,MLSL,25.293169373241994
13,5,9,200,MLSL,13.383613123420702
13,5,10,200,MLSL,10.926248310999213
13,5,11,200,MLSL,19.30172955738621
13,5,12,200,MLSL,25.744136332185974
13,5,13,200,MLSL,15.475998717379156
13,5,14,200,MLSL,25.58720851274228
13,5,15,200,MLSL,7.879025828280859
13,5,16,200,MLSL,39.247933961507556
13,5,17,200,MLSL,7.871498085923818
13,5,18,200,MLSL,18.76896062095946
13,5,19,200,MLSL,6.552847043155197
13,6,0,200,MLSL,5.338037941311427
13,6,1,200,MLSL,1.9669866586779108
13,6,2,200,MLSL,7.32438685418964
13,6,3,200,MLSL,8.683747719541657
13,6,4,200,MLSL,7.529813786670502
13,6,5,200,MLSL,9.84805376207538
13,6,6,200,MLSL,24.399108902167143
13,6,7,200,MLSL,4.97348065827407
13,6,8,200,MLSL,8.265060153730815
13,6,9,200,MLSL,1.4663889468751563
13,6,10,200,MLSL,11.521784520833194
13,6,11,200,MLSL,3.4502993571161937
13,6,12,200,MLSL,4.423417354590924
13,6,13,200,MLSL,1.7137898670567893
13,6,14,200,MLSL,8.282079075268996
13,6,15,200,MLSL,11.060984545396536
13,6,16,200,MLSL,3.5299575175792484
13,6,17,200,MLSL,16.647375184409384
13,6,18,200,MLSL,2.7748578757023097
13,6,19,200,MLSL,9.317159121187785
13,7,0,200,MLSL,10.361420356533067
13,7,1,200,MLSL,4.455906657726807
13,7,2,200,MLSL,16.703340777517234
13,7,3,200,MLSL,14.310152802882662
13,7,4,200,MLSL,7.195175908461934
13,7,5,200,MLSL,11.601149623492894
13,7,6,200,MLSL,18.768675660787785
13,7,7,200,MLSL,23.630003603810174
13,7,8,200,MLSL,5.835482658593769
13,7,9,200,MLSL,10.09811724563503
13,7,10,200,MLSL,3.430129277457617
13,7,11,200,MLSL,11.267302852560086
13,7,12,200,MLSL,5.025963558071318
13,7,13,200,MLSL,3.0951741010085527
13,7,14,200,MLSL,47.31580776811132
13,7,15,200,MLSL,9.787496889319293
13,7,16,200,MLSL,32.908723972667936
13,7,17,200,MLSL,10.624076277661977
13,7,18,200,MLSL,26.00510427121143
13,7,19,200,MLSL,28.80630015514823
14,1,0,200,MLSL,0.003715319351996982
14,1,1,200,MLSL,0.023160971066516822
14,1,2,200,MLSL,0.0042622158447755965
14,1,3,200,MLSL,0.010098672162435207
14,1,4,200,MLSL,0.0008382463949487828
14,1,5,200,MLSL,0.008310676688417118
14,1,6,200,MLSL,0.01062122416986
14,1,7,200,MLSL,0.0010421890360774455
14,1,8,200,MLSL,0.0034392896701547215
14,1,9,200,MLSL,0.0016792761405142187
14,1,10,200,MLSL,0.00564607797080896
14,1,11,200,MLSL,0.0024784091050378265
14,1,12,200,MLSL,0.002449674711378691
14,1,13,200,MLSL,0.006684637449225761
14,1,14,200,MLSL,0.005413774506081381
14,1,15,200,MLSL,0.006756646046603976
14,1,16,200,MLSL,0.005201809980114547
14,1,17,200,MLSL,0.015494386522270531
14,1,18,200,MLSL,0.0182589302860805
14,1,19,200,MLSL,0.02160127305290871
14,2,0,200,MLSL,0.03776986381095071
14,2,1,200,MLSL,0.014723340348723468
14,2,2,200,MLSL,0.009877265957072723
14,2,3,200,MLSL,0.012782936892051566
14,2,4,200,MLSL,0.008307710003435886
14,2,5,200,MLSL,0.022323610771564972
14,2,6,200,MLSL,0.010282331380722098
14,2,7,200,MLSL,0.009030265352578226
14,2,8,200,MLSL,0.07424452083938604
14,2,9,200,MLSL,0.024527999370292264
14,2,10,200,MLSL,0.0359691877411592
14,2,11,200,MLSL,0.016613599882049357
14,2,12,200,MLSL,0.03654803579556187
14,2,13,200,MLSL,0.01575346213337525
14,2,14,200,MLSL,0.0389922599992758
14,2,15,200,MLSL,0.011680080516583757
14,2,16,200,MLSL,0.02054278571799273
14,2,17,200,MLSL,0.014091624874225772
14,2,18,200,MLSL,0.02115695710912746
14,2,19,200,MLSL,0.011843133606902256
14,3,0,200,MLSL,0.0286166421730627
14,3,1,200,MLSL,0.009254937400228869
14,3,2,200,MLSL,0.020675735159372266
14,3,3,200,MLSL,0.029610408764753515
14,3,4,200,MLSL,0.004560854930033997
14,3,5,200,MLSL,0.021230594961295424
14,3,6,200,MLSL,0.007602511050734506
14,3,7,200,MLSL,0.012259203494167537
14,3,8,200,MLSL,0.008390989409690519
14,3,9,200,MLSL,0.012004305470895815
14,3,10,200,MLSL,0.005372552143413145
14,3,11,200,MLSL,0.0074586403426906145
14,3,12,200,MLSL,0.012046701630197276
14,3,13,200,MLSL,0.007185434807354341
14,3,14,200,MLSL,0.005984890899497941
14,3,15,200,MLSL,0.014369016242412158
14,3,16,200,MLSL,0.025260493111659343
14,3,17,200,MLSL,0.01665441451076788
14,3,18,200,MLSL,0.016249585958988177
14,3,19,200,MLSL,0.00836985299828541
14,4,0,200,MLSL,0.006439160639160946
14,4,1,200,MLSL,0.026348478691090804
14,4,2,200,MLSL,0.04017098549671516
14,4,3,200,MLSL,0.04880738024761655
14,4,4,200,MLSL,0.020599408623425575
14,4,5,200,MLSL,0.016710292837487373
14,4,6,200,MLSL,0.035349429183497705
14,4,7,200,MLSL,0.01472486108167459
14,4,8,200,MLSL,0.013331335941671796
14,4,9,200,MLSL,0.0015608509039424234
14,4,10,200,MLSL,0.007433691769890061
14,4,11,200,MLSL,0.008050276129786482
14,4,12,200,MLSL,0.0303102005746112
14,4,13,200,MLSL,0.022325306570543546
14,4,14,200,MLSL,0.04478598028712355
14,4,15,200,MLSL,0.02047410086220225
14,4,16,200,MLSL,0.020565581436294167
14,4,17,200,MLSL,0.026157462968917855
14,4,18,200,MLSL,0.02806825882275632
14,4,19,200,MLSL,0.009654538991405559
14,5,0,200,MLSL,0.007017668044198899
14,5,1,200,MLSL,0.011352246900806051
14,5,2,200,MLSL,0.04345296678713595
14,5,3,200,MLSL,0.017760175188179517
14,5,4,200,MLSL,0.0016124393658287772
14,5,5,200,MLSL,0.03621125133673786
14,5,6,200,MLSL,0.01247616346860525
14,5,7,200,MLSL,0.037465815092197374
14,5,8,200,MLSL,0.00926092386781363
14,5,9,200,MLSL,0.011565309578863037
14,5,10,200,MLSL,0.044900338465758693
14,5,11,200,MLSL,0.019147854077758097
14,5,12,200,MLSL,0.0051103877007747656
14,5,13,200,MLSL,0.04233955562206404
14,5,14,200,MLSL,0.03508544062661656
14,5,15,200,MLSL,0.016088586058330634
14,5,16,200,MLSL,0.018375882225733164
14,5,17,200,MLSL,0.0496566102658349
14,5,18,200,MLSL,0.005200377058727668
14,5,19,200,MLSL,0.01064539610636217
14,6,0,200,MLSL,0.012881115132913123
14,6,1,200,MLSL,0.017940974909805618
14,6,2,200,MLSL,0.015408447680691495
14,6,3,200,MLSL,0.04344408513810549
14,6,4,200,MLSL,0.0012035316336351798
14,6,5,200,MLSL,0.021053805586639385
14,6,6,200,MLSL,0.004881869128325889
14,6,7,200,MLSL,0.006781179189623288
14,6,8,200,MLSL,0.007291730119746376
14,6,9,200,MLSL,0.011524613851612742
14,6,10,200,MLSL,0.0019295410072714958
14,6,11,200,MLSL,0.007155344288186427
14,6,12,200,MLSL,0.03399501103657343
14,6,13,200,MLSL,0.010891056587446712
14,6,14,200,MLSL,0.0047879912402919445
14,6,15,200,MLSL,0.012722460041331374
14,6,16,200,MLSL,0.029492464346283498
14,6,17,200,MLSL,0.009153820445490624
14,6,18,200,MLSL,0.004784988096993459
14,6,19,200,MLSL,0.0024587276017200566
14,7,0,200,MLSL,0.019779355397645304
14,7,1,200,MLSL,0.0554936007195721
14,7,2,200,MLSL,0.015119779103827113
14,7,3,200,MLSL,0.052148737582797366
14,7,4,200,MLSL,0.0023510458517392863
14,7,5,200,MLSL,0.0417425717663491
14,7,6,200,MLSL,0.011654109843462379
14,7,7,200,MLSL,0.013093108464744319
14,7,8,200,MLSL,0.023875950179657934
14,7,9,200,MLSL,0.01607970190650576
14,7,10,200,MLSL,0.013815942617796395
14,7,11,200,MLSL,0.012567576314026496
14,7,12,200,MLSL,0.0054676639740876
14,7,13,200,MLSL,0.02913862901246489
14,7,14,200,MLSL,0.005299098804982805
14,7,15,200,MLSL,0.023807644128410743
14,7,16,200,MLSL,0.041976789180111496
14,7,17,200,MLSL,0.0017676344931771837
14,7,18,200,MLSL,0.021329385859615968
14,7,19,200,MLSL,0.011948529868220703
15,1,0,200,MLSL,23.335164954620723
15,1,1,200,MLSL,19.73391601449009
15,1,2,200,MLSL,24.57863931959423
15,1,3,200,MLSL,23.795108825481293
15,1,4,200,MLSL,13.142009135794979
15,1,5,200,MLSL,19.883633843750772
15,1,6,200,MLSL,19.626441904732246
15,1,7,200,MLSL,17.522520429142673
15,1,8,200,MLSL,11.155734939531385
15,1,9,200,MLSL,29.506872892199453
15,1,10,200,MLSL,14.632718873442855
15,1,11,200,MLSL,17.661159205604122
15,1,12,200,MLSL,17.869499473505925
15,1,13,200,MLSL,20.297457078161074
15,1,14,200,MLSL,27.28471591391599
15,1,15,200,MLSL,17.886345750834835
15,1,16,200,MLSL,16.951005061451497
15,1,17,200,MLSL,20.524747608939833
15,1,18,200,MLSL,5.0503227317049095
15,1,19,200,MLSL,15.01838292702098
15,2,0,200,MLSL,25.291969944302764
15,2,1,200,MLSL,25.082575823947963
15,2,2,200,MLSL,7.208401452942084
15,2,3,200,MLSL,16.320054769312776
15,2,4,200,MLSL,11.315692687444127
15,2,5,200,MLSL,15.242559738872572
15,2,6,200,MLSL,32.41235362693337
15,2,7,200,MLSL,19.33571734328777
15,2,8,200,MLSL,16.67612577965437
15,2,9,200,MLSL,14.941440722558681
15,2,10,200,MLSL,6.233886737754631
15,2,11,200,MLSL,18.948335517279673
15,2,12,200,MLSL,11.623272665695097
15,2,13,200,MLSL,13.322257490501556
15,2,14,200,MLSL,17.249553226508084
15,2,15,200,MLSL,25.424059444924097
15,2,16,200,MLSL,25.6664466977695
15,2,17,200,MLSL,17.78635222109483
15,2,18,200,MLSL,24.08753551618082
15,2,19,200,MLSL,21.236826837980104
15,3,0,200,MLSL,28.457318490660832
15,3,1,200,MLSL,10.39320998579224
15,3,2,200,MLSL,19.92206768856611
15,3,3,200,MLSL,5.915115563100265
15,3,4,200,MLSL,13.367591999500853
15,3,5,200,MLSL,11.209839606032027
15,3,6,200,MLSL,3.1075866724430483
15,3,7,200,MLSL,18.584038493106846
15,3,8,200,MLSL,26.471999916664785
15,3,9,200,MLSL,18.27632215463476
15,3,10,200,MLSL,3.978959191279557
15,3,11,200,MLSL,24.458745678331553
15,3,12,200,MLSL,18.486080680212122
15,3,13,200,MLSL,6.952691466368478
15,3,14,200,MLSL,23.500767563377494
15,3,15,200,MLSL,19.20105455571229
15,3,16,200,MLSL,18.07865087707997
15,3,17,200,MLSL,17.180304861649603
15,3,18,200,MLSL,32.51970167449915
15,3,19,200,MLSL,12.593302465973544
15,4,0,200,MLSL,25.694735427995127
15,4,1,200,MLSL,11.990065400371549
15,4,2,200,MLSL,6.826643300831719
15,4,3,200,MLSL,21.445088482036702
15,4,4,200,MLSL,11.410512136349013
15,4,5,200,MLSL,12.096155649136932
15,4,6,200,MLSL,14.16538540857708
15,4,7,200,MLSL,14.531630812725282
15,4,8,200,MLSL,18.93340444367005
15,4,9,200,MLSL,24.01728452443919
15,4,10,200,MLSL,31.802616737778905
15,4,11,200,MLSL,19.121449065814538
15,4,12,200,MLSL,21.360022845566995
15,4,13,200,MLSL,20.980763624011473
15,4,14,200,MLSL,15.073800509563483
15,4,15,200,MLSL,16.981189779023232
15,4,16,200,MLSL,19.951955539087777
15,4,17,200,MLSL,16.452377575815248
15,4,18,200,MLSL,20.10133134510228
15,4,19,200,MLSL,13.89223171862507
15,5,0,200,MLSL,20.848673073129973
15,5,1,200,MLSL,19.699056683355195
15,5,2,200,MLSL,13.815960288115619
15,5,3,200,MLSL,17.93760061203318
15,5,4,200,MLSL,7.3479443018282495
15,5,5,200,MLSL,21.525462241968057
15,5,6,200,MLSL,22.799670270486317
15,5,7,200,MLSL,22.839197779550574
15,5,8,200,MLSL,15.483512690729668
15,5,9,200,MLSL,11.626211728025709
15,5,10,200,MLSL,21.68282102604016
15,5,11,200,MLSL,18.944085139105653
15,5,12,200,MLSL,15.87760016888916
15,5,13,200,MLSL,9.545656730795471
15,5,14,200,MLSL,16.84558952902522
15,5,15,200,MLSL,15.980146735874428
15,5,16,200,MLSL,16.37049699154852
15,5,17,200,MLSL,9.686997696531193
15,5,18,200,MLSL,26.974431054376296
15,5,19,200,MLSL,14.706168436558869
15,6,0,200,MLSL,16.457957427437904
15,6,1,200,MLSL,11.362006161339465
15,6,2,200,MLSL,18.79663707945764
15,6,3,200,MLSL,12.065930956013915
15,6,4,200,MLSL,11.321397787006987
15,6,5,200,MLSL,12.818531014457491
15,6,6,200,MLSL,20.496171383472657
15,6,7,200,MLSL,5.616400007915303
15,6,8,200,MLSL,11.51441657506713
15,6,9,200,MLSL,13.992625980424563
15,6,10,200,MLSL,14.260150395026457
15,6,11,200,MLSL,20.02876520421394
15,6,12,200,MLSL,32.0949787119729
15,6,13,200,MLSL,14.712141067930759
15,6,14,200,MLSL,20.69763229884991
15,6,15,200,MLSL,11.430635900396211
15,6,16,200,MLSL,18.757675500772805
15,6,17,200,MLSL,11.01718586006443
15,6,18,200,MLSL,13.046710975892026
15,6,19,200,MLSL,6.842509798055758
15,7,0,200,MLSL,17.17554600099382
15,7,1,200,MLSL,37.664128943813665
15,7,2,200,MLSL,8.286123547573709
15,7,3,200,MLSL,12.16301411328189
15,7,4,200,MLSL,9.011620332948524
15,7,5,200,MLSL,9.058818960925066
15,7,6,200,MLSL,21.991005090248137
15,7,7,200,MLSL,14.288405253486275
15,7,8,200,MLSL,18.49300620685642
15,7,9,200,MLSL,8.738760712528148
15,7,10,200,MLSL,17.77066158077642
15,7,11,200,MLSL,25.488065424805598
15,7,12,200,MLSL,36.797038077752944
15,7,13,200,MLSL,17.0267937085236
15,7,14,200,MLSL,14.691163535652663
15,7,15,200,MLSL,7.895239874154441
15,7,16,200,MLSL,12.769683856222258
15,7,17,200,MLSL,12.723323542614878
15,7,18,200,MLSL,14.488486705450157
15,7,19,200,MLSL,20.872167111346272
16,1,0,200,MLSL,7.994310532186873
16,1,1,200,MLSL,4.6802313293261335
16,1,2,200,MLSL,12.824509285806101
16,1,3,200,MLSL,5.435903059249256
16,1,4,200,MLSL,6.045875283422376
16,1,5,200,MLSL,1.2380846943525938
16,1,6,200,MLSL,1.9429153055521766
16,1,7,200,MLSL,0.8916983832330629
16,1,8,200,MLSL,4.807689355421076
16,1,9,200,MLSL,3.4903950391108083
16,1,10,200,MLSL,4.828512595530768
16,1,11,200,MLSL,8.86598006487634
16,1,12,200,MLSL,5.933987264672524
16,1,13,200,MLSL,6.207098123573701
16,1,14,200,MLSL,6.3902196535025695
16,1,15,200,MLSL,4.341619822697709
16,1,16,200,MLSL,6.266331931642668
16,1,17,200,MLSL,2.507478666597308
16,1,18,200,MLSL,8.493698720218873
16,1,19,200,MLSL,6.607022760639623
16,2,0,200,MLSL,4.9349123073775445
16,2,1,200,MLSL,4.337005929875318
16,2,2,200,MLSL,0.6656271831728873
16,2,3,200,MLSL,1.996718762282967
16,2,4,200,MLSL,7.376552391638484
16,2,5,200,MLSL,11.033064033328287
16,2,6,200,MLSL,0.6862900574005266
16,2,7,200,MLSL,7.850710366551823
16,2,8,200,MLSL,5.563616895690075
16,2,9,200,MLSL,7.8064948124323905
16,2,10,200,MLSL,2.646159419150308
16,2,11,200,MLSL,8.060882243045569
16,2,12,200,MLSL,7.616344675601454
16,2,13,200,MLSL,4.817222574293169
16,2,14,200,MLSL,4.0153618966270415
16,2,15,200,MLSL,3.5395514610548844
16,2,16,200,MLSL,5.412520072771827
16,2,17,200,MLSL,3.6208163532936055
16,2,18,200,MLSL,6.324820029271052
16,2,19,200,MLSL,3.1111793772407736
16,3,0,200,MLSL,5.867312401857092
16,3,1,200,MLSL,7.814382500673773
16,3,2,200,MLSL,4.1577110708997225
16,3,3,200,MLSL,2.6387167179542246
16,3,4,200,MLSL,9.012465450925419
16,3,5,200,MLSL,4.778399315745901
16,3,6,200,MLSL,0.47022828363687097
16,3,7,200,MLSL,6.310197426029745
16,3,8,200,MLSL,6.155349999188402
16,3,9,200,MLSL,7.480157530901735
16,3,10,200,MLSL,0.8791761366331343
16,3,11,200,MLSL,5.714219552479719
16,3,12,200,MLSL,2.647872742019132
16,3,13,200,MLSL,10.471101903768812
16,3,14,200,MLSL,5.798848468183465
16,3,15,200,MLSL,4.835038815864337
16,3,16,200,MLSL,8.484799259747845
16,3,17,200,MLSL,8.015384206351328
16,3,18,200,MLSL,3.907868417124817
16,3,19,200,MLSL,3.4273679314548815
16,4,0,200,MLSL,4.561549983215514
16,4,1,200,MLSL,6.800329790474677
16,4,2,200,MLSL,4.680896403264455
16,4,3,200,MLSL,2.802400263115146
16,4,4,200,MLSL,1.7269000334425755
16,4,5,200,MLSL,2.438045409386632
16,4,6,200,MLSL,4.309643881939223
16,4,7,200,MLSL,2.4127486380394885
16,4,8,200,MLSL,9.83919561932953
16,4,9,200,MLSL,2.627664988522497
16,4,10,200,MLSL,4.137095187616637
16,4,11,200,MLSL,2.1617931305621596
16,4,12,200,MLSL,4.058459038179649
16,4,13,200,MLSL,5.147152697582101
16,4,14,200,MLSL,2.3797585730218316
16,4,15,200,MLSL,6.554541361102565
16,4,16,200,MLSL,10.174859576605968
16,4,17,200,MLSL,4.869169992816296
16,4,18,200,MLSL,7.717156098978933
16,4,19,200,MLSL,5.367771065158877
16,5,0,200,MLSL,10.964175661226953
16,5,1,200,MLSL,5.277238784304188
16,5,2,200,MLSL,5.428547105169706
16,5,3,200,MLSL,3.5852402427593546
16,5,4,200,MLSL,6.026522679080649
16,5,5,200,MLSL,5.349145160429934
16,5,6,200,MLSL,8.507140332497194
16,5,7,200,MLSL,2.7267103921328086
16,5,8,200,MLSL,1.938965126629057
16,5,9,200,MLSL,2.2655715673804337
16,5,10,200,MLSL,10.208080694386922
16,5,11,200,MLSL,4.849440236137866
16,5,12,200,MLSL,0.5889688331418554
16,5,13,200,MLSL,4.910129501494836
16,5,14,200,MLSL,5.694650452225204
16,5,15,200,MLSL,2.172111665761591
16,5,16,200,MLSL,6.583404927585583
16,5,17,200,MLSL,8.626556042257313
16,5,18,200,MLSL,2.582481511230206
16,5,19,200,MLSL,3.8346180799243186
16,6,0,200,MLSL,7.014174030574647
16,6,1,200,MLSL,7.634497714834943
16,6,2,200,MLSL,4.28336862730383
16,6,3,200,MLSL,5.281661880946391
16,6,4,200,MLSL,5.269387336631773
16,6,5,200,MLSL,6.592660742239552
16,6,6,200,MLSL,5.603494160181157
16,6,7,200,MLSL,2.2453154064989214
16,6,8,200,MLSL,1.57127494213697
16,6,9,200,MLSL,6.075601057473939
16,6,10,200,MLSL,8.798728141789475
16,6,11,200,MLSL,1.0190148460150823
16,6,12,200,MLSL,5.606743536057323
16,6,13,200,MLSL,4.390204303153073
16,6,14,200,MLSL,6.128380715498281
16,6,15,200,MLSL,8.552841048086592
16,6,16,200,MLSL,5.619464850914021
16,6,17,200,MLSL,3.701296893480947
16,6,18,200,MLSL,6.30514770253129
16,6,19,200,MLSL,8.472422280164494
16,7,0,200,MLSL,3.799097633725225
16,7,1,200,MLSL,3.2324814500097716
16,7,2,200,MLSL,3.451849836961948
16,7,3,200,MLSL,0.6527474040708583
16,7,4,200,MLSL,0.7094633420252947
16,7,5,200,MLSL,1.7953800336552987
16,7,6,200,MLSL,2.4681638922521927
16,7,7,200,MLSL,5.634839508139372
16,7,8,200,MLSL,6.666849898990854
16,7,9,200,MLSL,3.1447010886015505
16,7,10,200,MLSL,1.6940882434793778
16,7,11,200,MLSL,3.142688734419039
16,7,12,200,MLSL,4.32698528896546
16,7,13,200,MLSL,6.666590573453959
16,7,14,200,MLSL,5.440294572692558
16,7,15,200,MLSL,4.3065706885733235
16,7,16,200,MLSL,5.743447308011007
16,7,17,200,MLSL,4.047793243407405
16,7,18,200,MLSL,7.780041521752345
16,7,19,200,MLSL,0.7164771356689386
17,1,0,200,MLSL,0.1949179667592098
17,1,1,200,MLSL,0.4448366436802971
17,1,2,200,MLSL,0.6482988904298104
17,1,3,200,MLSL,0.8713139733917252
17,1,4,200,MLSL,0.2620219165565558
17,1,5,200,MLSL,0.2506893792041325
17,1,6,200,MLSL,0.35141202630356716
17,1,7,200,MLSL,0.24532312726931238
17,1,8,200,MLSL,0.25644416405611636
17,1,9,200,MLSL,1.3814401338442224
17,1,10,200,MLSL,0.46371970115222183
17,1,11,200,MLSL,0.37495780560226066
17,1,12,200,MLSL,1.6332166807416808
17,1,13,200,MLSL,0.42536896947405367
17,1,14,200,MLSL,0.6905157349671391
17,1,15,200,MLSL,0.6720785681566319
17,1,16,200,MLSL,0.62588630698475
17,1,17,200,MLSL,0.11423242983771686
17,1,18,200,MLSL,0.40128184861715255
17,1,19,200,MLSL,0.4233525477382969
17,2,0,200,MLSL,0.25963589190831016
17,2,1,200,MLSL,0.15416892173299246
17,2,2,200,MLSL,0.07549209481082642
17,2,3,200,MLSL,0.41103624318985155
17,2,4,200,MLSL,0.04368378918846716
17,2,5,200,MLSL,0.251798238049453
17,2,6,200,MLSL,0.2246676690823577
17,2,7,200,MLSL,0.7147362857898507
17,2,8,200,MLSL,0.1475282545705099
17,2,9,200,MLSL,0.35477620605395543
17,2,10,200,MLSL,0.14917922273053108
17,2,11,200,MLSL,0.2881804668223431
17,2,12,200,MLSL,0.21986439470146735
17,2,13,200,MLSL,0.04525914949263665
17,2,14,200,MLSL,0.21427514126829195
17,2,15,200,MLSL,0.3252109929887794
17,2,16,200,MLSL,1.2805973678271094
17,2,17,200,MLSL,0.17046775002461345
17,2,18,200,MLSL,0.13059545902621394
17,2,19,200,MLSL,0.19907153690682478
17,3,0,200,MLSL,0.39620370942395766
17,3,1,200,MLSL,0.14015516996028055
17,3,2,200,MLSL,0.08845029791876868
17,3,3,200,MLSL,0.3947409752513522
17,3,4,200,MLSL,0.28793535741067444
17,3,5,200,MLSL,0.8888665484474814
17,3,6,200,MLSL,0.17889729163766788
17,3,7,200,MLSL,1.2300157276129653
17,3,8,200,MLSL,1.8173132662709008
17,3,9,200,MLSL,0.5740255394597398
17,3,10,200,MLSL,0.23743882889226597
17,3,11,200,MLSL,0.7209830749687285
17,3,12,200,MLSL,3.3035768245218264
17,3,13,200,MLSL,0.3505877598555571
17,3,14,200,MLSL,1.3572176299456373
17,3,15,200,MLSL,0.42452150469239314
17,3,16,200,MLSL,1.0815184341876147
17,3,17,200,MLSL,0.9364374925410743
17,3,18,200,MLSL,0.95669133162761
17,3,19,200,MLSL,0.3361374531586421
17,4,0,200,MLSL,0.4006913814481834
17,4,1,200,MLSL,0.5599151536675322
17,4,2,200,MLSL,0.6433656739962217
17,4,3,200,MLSL,0.2213421441332386
17,4,4,200,MLSL,0.23051875999880878
17,4,5,200,MLSL,0.8838019943970679
17,4,6,200,MLSL,0.2682661367218202
17,4,7,200,MLSL,0.8385654286446353
17,4,8,200,MLSL,0.07245379296262655
17,4,9,200,MLSL,0.677928939451057
17,4,10,200,MLSL,0.691999880717205
17,4,11,200,MLSL,0.9147264903118923
17,4,12,200,MLSL,0.38299463069131434
17,4,13,200,MLSL,0.3844168513709292
17,4,14,200,MLSL,0.5923762965777968
17,4,15,200,MLSL,0.3095983064747756
17,4,16,200,MLSL,0.11019003087237422
17,4,17,200,MLSL,0.41318699580538265
17,4,18,200,MLSL,0.6490897955032509
17,4,19,200,MLSL,0.06307223389961081
17,5,0,200,MLSL,0.2631044498726567
17,5,1,200,MLSL,0.5512618679861134
17,5,2,200,MLSL,1.6301219588283686
17,5,3,200,MLSL,2.0814596239054026
17,5,4,200,MLSL,0.35679945558700865
17,5,5,200,MLSL,0.15342532413902177
17,5,6,200,MLSL,0.23641814305648268
17,5,7,200,MLSL,0.22404576942432186
17,5,8,200,MLSL,0.12841303900583512
17,5,9,200,MLSL,0.6162200405115641
17,5,10,200,MLSL,2.0819021744881354
17,5,11,200,MLSL,0.5992552260110529
17,5,12,200,MLSL,0.321345623454107
17,5,13,200,MLSL,0.5991432398414815
17,5,14,200,MLSL,0.5034061071082192
17,5,15,200,MLSL,0.20545440394460002
17,5,16,200,MLSL,0.25132822071753935
17,5,17,200,MLSL,0.4397462217530119
17,5,18,200,MLSL,0.23428976480701635
17,5,19,200,MLSL,0.3941038431252082
17,6,0,200,MLSL,0.11228074168869284
17,6,1,200,MLSL,0.25438853872157097
17,6,2,200,MLSL,0.21978945502425518
17,6,3,200,MLSL,0.2287188023130966
17,6,4,200,MLSL,0.23335781183058657
17,6,5,200,MLSL,0.29712231103866316
17,6,6,200,MLSL,0.7429913726126927
17,6,7,200,MLSL,0.5930683583164011
17,6,8,200,MLSL,0.27202564283089714
17,6,9,200,MLSL,1.6281797411812136
17,6,10,200,MLSL,0.15693686684562635
17,6,11,200,MLSL,0.19582419878668134
17,6,12,200,MLSL,0.9196201487428937
17,6,13,200,MLSL,0.28615122742289145
17,6,14,200,MLSL,0.5283234845867923
17,6,15,200,MLSL,0.102847622272634
17,6,16,200,MLSL,0.6643270325238575
17,6,17,200,MLSL,0.21263740087317728
17,6,18,200,MLSL,0.547198134594197
17,6,19,200,MLSL,0.12367201950610252
17,7,0,200,MLSL,0.49018323938088315
17,7,1,200,MLSL,0.695069420371567
17,7,2,200,MLSL,0.1915629556572611
17,7,3,200,MLSL,0.5784222580499261
17,7,4,200,MLSL,0.31452089707235587
17,7,5,200,MLSL,0.44154244948421706
17,7,6,200,MLSL,0.3391835905035663
17,7,7,200,MLSL,0.23448262650353513
17,7,8,200,MLSL,0.3743536261599729
17,7,9,200,MLSL,0.3856771174551028
17,7,10,200,MLSL,0.30805226965804877
17,7,11,200,MLSL,0.3363319871028523
17,7,12,200,MLSL,0.6991378848382652
17,7,13,200,MLSL,0.10955134850887305
17,7,14,200,MLSL,0.6567941461739224
17,7,15,200,MLSL,0.39368544184536347
17,7,16,200,MLSL,0.17124331059442
17,7,17,200,MLSL,0.20641068111019933
17,7,18,200,MLSL,0.769429934943787
17,7,19,200,MLSL,0.4866238345386904
18,1,0,200,MLSL,0.6377043297494716
18,1,1,200,MLSL,2.766005426044501
18,1,2,200,MLSL,0.4827128414813444
18,1,3,200,MLSL,2.282126347137881
18,1,4,200,MLSL,0.5764550782751776
18,1,5,200,MLSL,1.5801676804182065
18,1,6,200,MLSL,1.2203669791079435
18,1,7,200,MLSL,1.0685505181640949
18,1,8,200,MLSL,2.1463409882714277
18,1,9,200,MLSL,1.7355492940889885
18,1,10,200,MLSL,1.396476881406553
18,1,11,200,MLSL,1.7991792699607014
18,1,12,200,MLSL,8.783651241803572
18,1,13,200,MLSL,1.700148765807242
18,1,14,200,MLSL,3.2147557742364334
18,1,15,200,MLSL,0.9352944080592955
18,1,16,200,MLSL,7.807003829154365
18,1,17,200,MLSL,0.6454967355746319
18,1,18,200,MLSL,2.4161705628105405
18,1,19,200,MLSL,3.166618896650677
18,2,0,200,MLSL,0.5711346759260323
18,2,1,200,MLSL,0.77882644508081
18,2,2,200,MLSL,0.5244209434318527
18,2,3,200,MLSL,1.35080107838807
18,2,4,200,MLSL,0.8737727882962751
18,2,5,200,MLSL,1.6969005443856844
18,2,6,200,MLSL,1.989680233500419
18,2,7,200,MLSL,1.560158752678614
18,2,8,200,MLSL,1.52964887256989
18,2,9,200,MLSL,0.7918938063209531
18,2,10,200,MLSL,0.5249561570265371
18,2,11,200,MLSL,2.369845806350309
18,2,12,200,MLSL,0.8903684406089454
18,2,13,200,MLSL,1.3753260996472072
18,2,14,200,MLSL,1.5645374559382006
18,2,15,200,MLSL,0.5305645987560119
18,2,16,200,MLSL,1.3800250062901434
18,2,17,200,MLSL,0.28258228754263115
18,2,18,200,MLSL,0.9915724241513075
18,2,19,200,MLSL,0.680852386214216
18,3,0,200,MLSL,2.798885776303848
18,3,1,200,MLSL,2.9251830409530157
18,3,2,200,MLSL,2.6793847079401303
18,3,3,200,MLSL,6.89989009189253
18,3,4,200,MLSL,1.345842975963933
18,3,5,200,MLSL,2.3644198495769047
18,3,6,200,MLSL,0.4294970888363423
18,3,7,200,MLSL,2.3417798417932545
18,3,8,200,MLSL,1.4072745649661442
18,3,9,200,MLSL,1.0137336513701598
18,3,10,200,MLSL,1.9045896940719445
18,3,11,200,MLSL,3.7066369410997595
18,3,12,200,MLSL,3.2641584869695635
18,3,13,200,MLSL,3.1268698196395803
18,3,14,200,MLSL,3.128969542587015
18,3,15,200,MLSL,2.0142491976022825
18,3,16,200,MLSL,1.086224324356408
18,3,17,200,MLSL,1.5019885343961619
18,3,18,200,MLSL,3.116543393732229
18,3,19,200,MLSL,1.573803216178078
18,4,0,200,MLSL,1.593965193081054
18,4,1,200,MLSL,2.1749808517182103
18,4,2,200,MLSL,2.0006788820511403
18,4,3,200,MLSL,3.8808595882571453
18,4,4,200,MLSL,12.136188392928226
18,4,5,200,MLSL,3.435732141833789
18,4,6,200,MLSL,0.5017306722175618
18,4,7,200,MLSL,0.4667898159367496
18,4,8,200,MLSL,3.4354189289228856
18,4,9,200,MLSL,0.36460892248230437
18,4,10,200,MLSL,0.8813348580872287
18,4,11,200,MLSL,1.3072145756767597
18,4,12,200,MLSL,2.239371256254003
18,4,13,200,MLSL,0.8686583990321353
18,4,14,200,MLSL,0.9017860977226206
18,4,15,200,MLSL,2.286426230100467
18,4,16,200,MLSL,6.0071065188756805
18,4,17,200,MLSL,2.8588798446513337
18,4,18,200,MLSL,3.9750304227343563
18,4,19,200,MLSL,0.7882929146122493
18,5,0,200,MLSL,3.4465502775925643
18,5,1,200,MLSL,1.7510698106342204
18,5,2,200,MLSL,1.443509264937319
18,5,3,200,MLSL,2.6172642588077224
18,5,4,200,MLSL,0.8238715450316647
18,5,5,200,MLSL,2.6053608216121233
18,5,6,200,MLSL,0.9838984304397513
18,5,7,200,MLSL,0.3900393239339337
18,5,8,200,MLSL,1.4965724450576943
18,5,9,200,MLSL,0.24804000306184548
18,5,10,200,MLSL,3.3425798116455496
18,5,11,200,MLSL,8.919375246816713
18,5,12,200,MLSL,1.1665881429512979
18,5,13,200,MLSL,0.9309597763082991
18,5,14,200,MLSL,1.1843802322283636
18,5,15,200,MLSL,1.430716938236003
18,5,16,200,MLSL,2.0640636216000416
18,5,17,200,MLSL,2.123579965411352
18,5,18,200,MLSL,0.5854067837690877
18,5,19,200,MLSL,3.0683559894516748
18,6,0,200,MLSL,1.8209894567433196
18,6,1,200,MLSL,3.942351068020315
18,6,2,200,MLSL,2.1447018824253234
18,6,3,200,MLSL,1.8920446809841849
18,6,4,200,MLSL,2.6903799910106727
18,6,5,200,MLSL,2.0373905909227688
18,6,6,200,MLSL,1.9995758656459373
18,6,7,200,MLSL,1.4011565843203186
18,6,8,200,MLSL,1.2680659448364509
18,6,9,200,MLSL,2.0009298211990654
18,6,10,200,MLSL,0.5190630865488686
18,6,11,200,MLSL,1.0034893426984297
18,6,12,200,MLSL,5.627696518014176
18,6,13,200,MLSL,2.7885605010831114
18,6,14,200,MLSL,1.988966099518393
18,6,15,200,MLSL,1.962003394321556
18,6,16,200,MLSL,2.2953108527796644
18,6,17,200,MLSL,0.7766963500634745
18,6,18,200,MLSL,0.8768708197958688
18,6,19,200,MLSL,0.9866575661230286
18,7,0,200,MLSL,0.7530211955423027
18,7,1,200,MLSL,3.227996384140411
18,7,2,200,MLSL,2.5994079392210097
18,7,3,200,MLSL,0.2830815551835286
18,7,4,200,MLSL,0.8410652849449747
18,7,5,200,MLSL,1.5046279652766401
18,7,6,200,MLSL,2.184895185962489
18,7,7,200,MLSL,1.0594664848004385
18,7,8,200,MLSL,2.3574763736977076
18,7,9,200,MLSL,2.1217547773626535
18,7,10,200,MLSL,0.565122505565725
18,7,11,200,MLSL,0.5385805672934794
18,7,12,200,MLSL,1.1234417068253038
18,7,13,200,MLSL,1.3731700147837245
18,7,14,200,MLSL,7.071836755340641
18,7,15,200,MLSL,1.5170641409257684
18,7,16,200,MLSL,2.887876076793532
18,7,17,200,MLSL,0.3612718094146601
18,7,18,200,MLSL,2.102990050092373
18,7,19,200,MLSL,1.1679907631290547
19,1,0,200,MLSL,3.5432513976884508
19,1,1,200,MLSL,1.8271066048566809
19,1,2,200,MLSL,2.5685542274430873
19,1,3,200,MLSL,1.8960951221670115
19,1,4,200,MLSL,2.678245880087843
19,1,5,200,MLSL,2.106775411004179
19,1,6,200,MLSL,1.3860488586967108
19,1,7,200,MLSL,1.6603464364931995
19,1,8,200,MLSL,1.7943297123748465
19,1,9,200,MLSL,2.767407987676094
19,1,10,200,MLSL,1.1933492084065875
19,1,11,200,MLSL,2.215823535678922
19,1,12,200,MLSL,0.6500948685025918
19,1,13,200,MLSL,1.1015008504425339
19,1,14,200,MLSL,2.1173709513156354
19,1,15,200,MLSL,1.357238795930897
19,1,16,200,MLSL,0.42846889942086364
19,1,17,200,MLSL,2.6760551983717704
19,1,18,200,MLSL,0.8453246612923095
19,1,19,200,MLSL,2.434505804814961
19,2,0,200,MLSL,2.8583305416831024
19,2,1,200,MLSL,1.8607957410106337
19,2,2,200,MLSL,0.5583516024107951
19,2,3,200,MLSL,3.194809631791699
19,2,4,200,MLSL,2.394465117438102
19,2,5,200,MLSL,2.5016909407975447
19,2,6,200,MLSL,1.5910732985411755
19,2,7,200,MLSL,2.1730142338585097
19,2,8,200,MLSL,1.0407534181420885
19,2,9,200,MLSL,0.998663525398257
19,2,10,200,MLSL,1.5628777293923122
19,2,11,200,MLSL,1.7202619316744858
19,2,12,200,MLSL,2.0514942989847214
19,2,13,200,MLSL,2.0699336314942087
19,2,14,200,MLSL,2.498892894452922
19,2,15,200,MLSL,1.7050753703043142
19,2,16,200,MLSL,1.9257361862715499
19,2,17,200,MLSL,0.7536978208596281
19,2,18,200,MLSL,1.417891309034772
19,2,19,200,MLSL,1.113228380115956
19,3,0,200,MLSL,2.2292194262470844
19,3,1,200,MLSL,2.898403000531488
19,3,2,200,MLSL,1.0225946636632273
19,3,3,200,MLSL,0.9720304043781312
19,3,4,200,MLSL,1.5526670285612738
19,3,5,200,MLSL,1.1048428904753962
19,3,6,200,MLSL,1.2094015034979293
19,3,7,200,MLSL,1.93425062001495
19,3,8,200,MLSL,0.5492788611549031
19,3,9,200,MLSL,1.1841964281658193
19,3,10,200,MLSL,1.0098528780177674
19,3,11,200,MLSL,2.233510127889673
19,3,12,200,MLSL,0.3846288529279889
19,3,13,200,MLSL,2.1862715028238995
19,3,14,200,MLSL,1.5708943599945258
19,3,15,200,MLSL,1.2844449660385067
19,3,16,200,MLSL,1.5213287070787658
19,3,17,200,MLSL,0.9068828776319151
19,3,18,200,MLSL,1.6379138446315835
19,3,19,200,MLSL,1.923079905271237
19,4,0,200,MLSL,0.5556168942480681
19,4,1,200,MLSL,3.83643945877548
19,4,2,200,MLSL,1.5920995847455117
19,4,3,200,MLSL,1.5470567242238147
19,4,4,200,MLSL,1.398128153916268
19,4,5,200,MLSL,2.232130901249377
19,4,6,200,MLSL,1.209402063284216
19,4,7,200,MLSL,1.9350294999834716
19,4,8,200,MLSL,2.214284775035594
19,4,9,200,MLSL,1.9006071579144148
19,4,10,200,MLSL,1.5226579161978364
19,4,11,200,MLSL,2.403683157114763
19,4,12,200,MLSL,0.2489167136176107
19,4,13,200,MLSL,1.4305234919110248
19,4,14,200,MLSL,1.6190955275584429
19,4,15,200,MLSL,0.6698637391560354
19,4,16,200,MLSL,1.4488438405794142
19,4,17,200,MLSL,1.773867983510364
19,4,18,200,MLSL,1.3127565808814623
19,4,19,200,MLSL,2.1203681610605187
19,5,0,200,MLSL,0.8903760256604301
19,5,1,200,MLSL,1.0465417122145482
19,5,2,200,MLSL,1.7276495079527194
19,5,3,200,MLSL,2.1743887204446537
19,5,4,200,MLSL,1.8756639310817036
19,5,5,200,MLSL,3.4579860405897307
19,5,6,200,MLSL,1.8945766358040146
19,5,7,200,MLSL,1.7120460384096532
19,5,8,200,MLSL,2.458144472865115
19,5,9,200,MLSL,2.413297989555872
19,5,10,200,MLSL,2.30747727755886
19,5,11,200,MLSL,2.371745735424952
19,5,12,200,MLSL,2.05870722016914
19,5,13,200,MLSL,1.6933548675922339
19,5,14,200,MLSL,1.8270453224004086
19,5,15,200,MLSL,1.8841693586086876
19,5,16,200,MLSL,1.3251887398797635
19,5,17,200,MLSL,1.6859191950564991
19,5,18,200,MLSL,1.9738420865132866
19,5,19,200,MLSL,2.325723772814513
19,6,0,200,MLSL,3.30123917858279
19,6,1,200,MLSL,2.620787193326464
19,6,2,200,MLSL,1.133343665200215
19,6,3,200,MLSL,1.3288281353884202
19,6,4,200,MLSL,1.8557138311213919
19,6,5,200,MLSL,3.7444252638804016
19,6,6,200,MLSL,1.5742898555226361
19,6,7,200,MLSL,1.7470420891907281
19,6,8,200,MLSL,1.5841819449834986
19,6,9,200,MLSL,1.1436457606539534
19,6,10,200,MLSL,1.9810646477734508
19,6,11,200,MLSL,2.641714191630399
19,6,12,200,MLSL,2.7197783887267235
19,6,13,200,MLSL,1.2941569541973479
19,6,14,200,MLSL,4.065298712225257
19,6,15,200,MLSL,0.3879924575453515
19,6,16,200,MLSL,2.6764360557383498
19,6,17,200,MLSL,2.3428875367337127
19,6,18,200,MLSL,3.260209597209439
19,6,19,200,MLSL,1.6368241723655501
19,7,0,200,MLSL,3.085446911993003
19,7,1,200,MLSL,2.5248951010349288
19,7,2,200,MLSL,0.969195023896539
19,7,3,200,MLSL,0.8011613457810682
19,7,4,200,MLSL,1.3031263438439709
19,7,5,200,MLSL,2.18369676704085
19,7,6,200,MLSL,3.025433583732749
19,7,7,200,MLSL,1.2145731983060841
19,7,8,200,MLSL,1.9692829578167874
19,7,9,200,MLSL,1.6601854164664047
19,7,10,200,MLSL,1.3160299472001142
19,7,11,200,MLSL,1.5574005211970743
19,7,12,200,MLSL,2.786859118280802
19,7,13,200,MLSL,0.9511365998771737
19,7,14,200,MLSL,1.5189501721499923
19,7,15,200,MLSL,1.9042646655034758
19,7,16,200,MLSL,1.5230491355389688
19,7,17,200,MLSL,1.190098689472002
19,7,18,200,MLSL,1.785644458874323
19,7,19,200,MLSL,1.1369851368357828
20,1,0,200,MLSL,2.0500328335929225
20,1,1,200,MLSL,1.9146218369895678
20,1,2,200,MLSL,1.7508714072220073
20,1,3,200,MLSL,1.9715386351394955
20,1,4,200,MLSL,1.9096568192629775
20,1,5,200,MLSL,1.0131421610408324
20,1,6,200,MLSL,2.0020333919468385
20,1,7,200,MLSL,1.938821385641063
20,1,8,200,MLSL,1.1495592757820532
20,1,9,200,MLSL,1.7284660877503484
20,1,10,200,MLSL,2.06300818071054
20,1,11,200,MLSL,1.2899204734184195
20,1,12,200,MLSL,1.9705524632863671
20,1,13,200,MLSL,1.671643260542055
20,1,14,200,MLSL,0.9821304771963923
20,1,15,200,MLSL,1.7151404352364352
20,1,16,200,MLSL,1.6531574351870404
20,1,17,200,MLSL,1.2107378752795057
20,1,18,200,MLSL,0.9741083889405218
20,1,19,200,MLSL,1.7233390935377884
20,2,0,200,MLSL,1.0393116964809224
20,2,1,200,MLSL,1.729481964174056
20,2,2,200,MLSL,1.0461399304903125
20,2,3,200,MLSL,1.6891970314211449
20,2,4,200,MLSL,1.4901962453267288
20,2,5,200,MLSL,1.3642790665271605
20,2,6,200,MLSL,0.6883436768138154
20,2,7,200,MLSL,1.771018901854859
20,2,8,200,MLSL,1.7086259524267007
20,2,9,200,MLSL,0.6872624417707129
20,2,10,200,MLSL,1.6082394084598945
20,2,11,200,MLSL,0.4504077004401097
20,2,12,200,MLSL,0.8856860730151084
20,2,13,200,MLSL,1.0797942318329206
20,2,14,200,MLSL,1.6048217058145156
20,2,15,200,MLSL,1.5409364183857406
20,2,16,200,MLSL,0.6726805816912247
20,2,17,200,MLSL,2.1709157184105834
20,2,18,200,MLSL,0.6961574320123418
20,2,19,200,MLSL,1.5100293602831698
20,3,0,200,MLSL,1.7965913549959396
20,3,1,200,MLSL,2.290439768407367
20,3,2,200,MLSL,1.6704307414238428
20,3,3,200,MLSL,1.8701480843324703
20,3,4,200,MLSL,0.9887213859539656
20,3,5,200,MLSL,1.6264702803830176
20,3,6,200,MLSL,1.722847472891118
20,3,7,200,MLSL,1.4812416635194836
20,3,8,200,MLSL,2.1536575072076687
20,3,9,200,MLSL,1.618734824325287
20,3,10,200,MLSL,1.4779359902389615
20,3,11,200,MLSL,1.4027097896887142
20,3,12,200,MLSL,0.8173178267961418
20,3,13,200,MLSL,2.2147851080421503
20,3,14,200,MLSL,1.9565351357416318
20,3,15,200,MLSL,1.6068057851100548
20,3,16,200,MLSL,2.062449580654686
20,3,17,200,MLSL,1.4737024482751906
20,3,18,200,MLSL,2.0331611405573256
20,3,19,200,MLSL,1.5914510873032555
20,4,0,200,MLSL,0.7344403197744498
20,4,1,200,MLSL,1.8924266488994022
20,4,2,200,MLSL,1.194795929841888
20,4,3,200,MLSL,1.4328069623576596
20,4,4,200,MLSL,2.2621435673869144
20,4,5,200,MLSL,1.7187560792202135
20,4,6,200,MLSL,1.9158922482561707
20,4,7,200,MLSL,2.0323183048494684
20,4,8,200,MLSL,1.9108259375462069
20,4,9,200,MLSL,1.0063517364077086
20,4,10,200,MLSL,1.3939271163133071
20,4,11,200,MLSL,1.3032816784693466
20,4,12,200,MLSL,2.069397149122352
20,4,13,200,MLSL,1.1303962668211796
20,4,14,200,MLSL,1.3120629257413157
20,4,15,200,MLSL,1.607298143986327
20,4,16,200,MLSL,2.2910845795023818
20,4,17,200,MLSL,2.406134021011866
20,4,18,200,MLSL,1.6766861156906998
20,4,19,200,MLSL,1.6450450217874106
20,5,0,200,MLSL,1.426004330235969
20,5,1,200,MLSL,2.263873630677816
20,5,2,200,MLSL,0.8941203531974127
20,5,3,200,MLSL,0.686169961281851
20,5,4,200,MLSL,1.1423939604191062
20,5,5,200,MLSL,1.8695583045035296
20,5,6,200,MLSL,1.3393497288048
20,5,7,200,MLSL,1.9098849702202605
20,5,8,200,MLSL,2.3040345696645517
20,5,9,200,MLSL,0.2670671036334884
20,5,10,200,MLSL,1.4731320974030941
20,5,11,200,MLSL,1.434609132358979
20,5,12,200,MLSL,1.5293283747260151
20,5,13,200,MLSL,1.2077644230501665
20,5,14,200,MLSL,1.6044592668895374
20,5,15,200,MLSL,0.7220410974127844
20,5,16,200,MLSL,1.590490860231922
20,5,17,200,MLSL,1.7145041095927516
20,5,18,200,MLSL,1.449795433535467
20,5,19,200,MLSL,1.3348901553428982
20,6,0,200,MLSL,1.9514017512929094
20,6,1,200,MLSL,1.5112749378839858
20,6,2,200,MLSL,1.588822912378422
20,6,3,200,MLSL,2.128814375252137
20,6,4,200,MLSL,1.9140788859979985
20,6,5,200,MLSL,2.1220657727831878
20,6,6,200,MLSL,1.1760745177312089
20,6,7,200,MLSL,1.1845805228041542
20,6,8,200,MLSL,1.4768500446358317
20,6,9,200,MLSL,1.340439479339853
20,6,10,200,MLSL,2.0859720215058033
20,6,11,200,MLSL,1.839227143432808
20,6,12,200,MLSL,1.6507999869139525
20,6,13,200,MLSL,1.2467736829322185
20,6,14,200,MLSL,1.517308575020916
20,6,15,200,MLSL,1.688303452424467
20,6,16,200,MLSL,1.6090718183681538
20,6,17,200,MLSL,2.3701474640964975
20,6,18,200,MLSL,1.6912861406463513
20,6,19,200,MLSL,2.6967985793221665
20,7,0,200,MLSL,2.039752781866099
20,7,1,200,MLSL,2.2397479479584916
20,7,2,200,MLSL,1.2074063652265323
20,7,3,200,MLSL,1.3945348813917633
20,7,4,200,MLSL,1.7117922190056447
20,7,5,200,MLSL,1.889508867878149
20,7,6,200,MLSL,1.329404280778789
20,7,7,200,MLSL,0.1223106792137969
20,7,8,200,MLSL,0.6173423286910378
20,7,9,200,MLSL,2.2832388977904827
20,7,10,200,MLSL,2.2767608267711807
20,7,11,200,MLSL,2.039739399998723
20,7,12,200,MLSL,1.3442793726269855
20,7,13,200,MLSL,0.7071080202638313
20,7,14,200,MLSL,1.7119184461349732
20,7,15,200,MLSL,1.0664130868137676
20,7,16,200,MLSL,1.5585801272268327
20,7,17,200,MLSL,0.6844621628065823
20,7,18,200,MLSL,1.1063138882990131
20,7,19,200,MLSL,1.4841855789499334
21,1,0,200,MLSL,1.2452555801461287
21,1,1,200,MLSL,1.2452555762429114
21,1,2,200,MLSL,1.2452555686252254
21,1,3,200,MLSL,1.245256313543706
21,1,4,200,MLSL,1.2452556045537975
21,1,5,200,MLSL,2.0004443700841747
21,1,6,200,MLSL,1.2452566318707028
21,1,7,200,MLSL,1.245255645409955
21,1,8,200,MLSL,1.245255585238958
21,1,9,200,MLSL,0.6745244466873359
21,1,10,200,MLSL,1.9996345216354783
21,1,11,200,MLSL,1.2452556011537226
21,1,12,200,MLSL,1.2452555964091658
21,1,13,200,MLSL,1.2452555433873158
21,1,14,200,MLSL,3.6925974623045263
21,1,15,200,MLSL,1.5715023985662455
21,1,16,200,MLSL,1.2452711699479195
21,1,17,200,MLSL,1.2452555385639457
21,1,18,200,MLSL,1.2452555948260127
21,1,19,200,MLSL,1.245255615453587
21,2,0,200,MLSL,1.804777167329873
21,2,1,200,MLSL,2.7968924677541906
21,2,2,200,MLSL,1.0272130530573291
21,2,3,200,MLSL,3.0478273148719537
21,2,4,200,MLSL,2.696433571196406
21,2,5,200,MLSL,3.169806009706043
21,2,6,200,MLSL,0.005546586813343302
21,2,7,200,MLSL,0.00013345716843282673
21,2,8,200,MLSL,1.8078796778607247
21,2,9,200,MLSL,1.845584587293249
21,2,10,200,MLSL,0.005084479961301014
21,2,11,200,MLSL,2.048076956363068
21,2,12,200,MLSL,0.9327995809625388
21,2,13,200,MLSL,4.191624950999895e-05
21,2,14,200,MLSL,2.1695963374315506
21,2,15,200,MLSL,1.9422716233117658
21,2,16,200,MLSL,3.8588222237345704e-05
21,2,17,200,MLSL,7.011452706781268
21,2,18,200,MLSL,0.0036235804264861393
21,2,19,200,MLSL,0.4688246251717536
21,3,0,200,MLSL,0.00038189426038570673
21,3,1,200,MLSL,0.15540621194207915
21,3,2,200,MLSL,0.005094006368096871
21,3,3,200,MLSL,1.956406907967562
21,3,4,200,MLSL,3.097167220161907
21,3,5,200,MLSL,2.0618459414520203
21,3,6,200,MLSL,2.024923277399182
21,3,7,200,MLSL,1.303780794072054
21,3,8,200,MLSL,0.8022065597964456
21,3,9,200,MLSL,2.0055447809428983
21,3,10,200,MLSL,1.1867318107761093e-05
21,3,11,200,MLSL,1.4121051000290095
21,3,12,200,MLSL,2.5031600917087644
21,3,13,200,MLSL,5.56629498244979
21,3,14,200,MLSL,0.0036097903705467616
21,3,15,200,MLSL,2.043842547648069
21,3,16,200,MLSL,7.390826553839929
21,3,17,200,MLSL,2.1426134095000293
21,3,18,200,MLSL,1.1849984830054723
21,3,19,200,MLSL,1.9386100930984185
21,4,0,200,MLSL,0.5027882575213738
21,4,1,200,MLSL,2.779728989200464
21,4,2,200,MLSL,3.678586419311003
21,4,3,200,MLSL,1.2748752218109551
21,4,4,200,MLSL,1.3139925103780747
21,4,5,200,MLSL,0.7646224349245152
21,4,6,200,MLSL,0.00018548071466994998
21,4,7,200,MLSL,0.6921570977832303
21,4,8,200,MLSL,5.2628481717105835
21,4,9,200,MLSL,5.1938400929772435
21,4,10,200,MLSL,1.2800137051072866
21,4,11,200,MLSL,5.263085179526314
21,4,12,200,MLSL,2.963967154281818
21,4,13,200,MLSL,1.6906488545102505
21,4,14,200,MLSL,7.192856304317246
21,4,15,200,MLSL,0.18778679551080302
21,4,16,200,MLSL,2.1214064380483677
21,4,17,200,MLSL,5.267134635382167
21,4,18,200,MLSL,1.256683230639446
21,4,19,200,MLSL,1.282098525014522
21,5,0,200,MLSL,2.118928412833384
21,5,1,200,MLSL,2.3572624613011612
21,5,2,200,MLSL,5.279348541432455
21,5,3,200,MLSL,1.2457914170101958
21,5,4,200,MLSL,2.0464292644563784
21,5,5,200,MLSL,2.023672599539964
21,5,6,200,MLSL,1.2464163721651857
21,5,7,200,MLSL,0.008889231251828278
21,5,8,200,MLSL,0.003829393582350349
21,5,9,200,MLSL,1.2524798757451663
21,5,10,200,MLSL,2.4367346100007126e-05
21,5,11,200,MLSL,0.010116265970282257
21,5,12,200,MLSL,2.11989790608186
21,5,13,200,MLSL,1.2463439160925418
21,5,14,200,MLSL,1.8417235818753852
21,5,15,200,MLSL,1.5908881755575521
21,5,16,200,MLSL,1.2465859049101482
21,5,17,200,MLSL,2.120368596395906
21,5,18,200,MLSL,2.1412582330821124
21,5,19,200,MLSL,2.120680756344427
21,6,0,200,MLSL,0.9588739464346645
21,6,1,200,MLSL,6.065540548885565
21,6,2,200,MLSL,1.947202872296316
21,6,3,200,MLSL,0.7020977624664511
21,6,4,200,MLSL,1.9905683410229358
21,6,5,200,MLSL,2.239769299455361
21,6,6,200,MLSL,3.1698135987003297
21,6,7,200,MLSL,7.346634176628413
21,6,8,200,MLSL,3.169806255292656
21,6,9,200,MLSL,0.24465560085661764
21,6,10,200,MLSL,2.5624979018746217
21,6,11,200,MLSL,3.170376211047028
21,6,12,200,MLSL,1.9929532952933187
21,6,13,200,MLSL,2.127329349943693
21,6,14,200,MLSL,0.00029852191528334515
21,6,15,200,MLSL,3.1698099121573478
21,6,16,200,MLSL,0.0008002339272934478
21,6,17,200,MLSL,6.038730889137128
21,6,18,200,MLSL,3.2465063404325747
21,6,19,200,MLSL,3.1698361946350815
21,7,0,200,MLSL,1.9413613617804089
21,7,1,200,MLSL,5.793254460633662
21,7,2,200,MLSL,0.00011293191450079121
21,7,3,200,MLSL,0.4991482191819756
21,7,4,200,MLSL,2.04911566314253
21,7,5,200,MLSL,0.00022170578269253838
21,7,6,200,MLSL,1.6655289503309945
21,7,7,200,MLSL,1.8754833795951242
21,7,8,200,MLSL,1.9475477017754912
21,7,9,200,MLSL,2.044111639925049
21,7,10,200,MLSL,2.0460043716522733
21,7,11,200,MLSL,1.880082855801291
21,7,12,200,MLSL,5.794806896822664
21,7,13,200,MLSL,1.9387641561936562
21,7,14,200,MLSL,2.7523645113969906
21,7,15,200,MLSL,2.8818403371365804
21,7,16,200,MLSL,1.9401492363015365
21,7,17,200,MLSL,1.9262691353105765e-07
21,7,18,200,MLSL,1.9482638413598892
21,7,19,200,MLSL,0.0002184551041324312
22,1,0,200,MLSL,0.6958073511955263
22,1,1,200,MLSL,0.8378657901592987
22,1,2,200,MLSL,2.0264265911145003
22,1,3,200,MLSL,1.2436148993675715
22,1,4,200,MLSL,0.015774814886640343
22,1,5,200,MLSL,6.621766408443364e-05
22,1,6,200,MLSL,0.7024010222936568
22,1,7,200,MLSL,3.0338896711255074
22,1,8,200,MLSL,1.997095367979
22,1,9,200,MLSL,0.4305799265500809
22,1,10,200,MLSL,9.523934769517496
22,1,11,200,MLSL,0.013008217094352403
22,1,12,200,MLSL,0.7142880751893017
22,1,13,200,MLSL,0.7461774563219024
22,1,14,200,MLSL,0.8331574377084507
22,1,15,200,MLSL,11.440276841136438
22,1,16,200,MLSL,0.0034151555089465546
22,1,17,200,MLSL,0.4934598644925927
22,1,18,200,MLSL,0.7104879236605939
22,1,19,200,MLSL,2.145770100983441
22,2,0,200,MLSL,1.9550736250470209
22,2,1,200,MLSL,0.7442914079164211
22,2,2,200,MLSL,2.064007591677864
22,2,3,200,MLSL,0.5013792522770473
22,2,4,200,MLSL,0.7361748987107148
22,2,5,200,MLSL,0.03933169601100417
22,2,6,200,MLSL,1.9552366748648637
22,2,7,200,MLSL,1.522763596439745
22,2,8,200,MLSL,1.9559082174820333
22,2,9,200,MLSL,3.2529012701487545
22,2,10,200,MLSL,1.956067175598946
22,2,11,200,MLSL,2.6959637671734527
22,2,12,200,MLSL,0.7475569379129183
22,2,13,200,MLSL,1.9552775829101847
22,2,14,200,MLSL,0.8287447484480026
22,2,15,200,MLSL,2.4549086680914343
22,2,16,200,MLSL,0.952464838287483
22,2,17,200,MLSL,1.9570574898948507
22,2,18,200,MLSL,7.132401539742773
22,2,19,200,MLSL,2.0301993367398836
22,3,0,200,MLSL,2.043846838300901
22,3,1,200,MLSL,0.6918569113977711
22,3,2,200,MLSL,2.566064612119341
22,3,3,200,MLSL,9.819432950520131
22,3,4,200,MLSL,0.2337563747972382
22,3,5,200,MLSL,0.5404375217767026
22,3,6,200,MLSL,1.9560578008436877
22,3,7,200,MLSL,0.48919511232997337
22,3,8,200,MLSL,1.9693655240485697
22,3,9,200,MLSL,1.8599767481067602
22,3,10,200,MLSL,0.4911649489557277
22,3,11,200,MLSL,1.9627780008921576
22,3,12,200,MLSL,0.42117919181009
22,3,13,200,MLSL,0.4637026075726638
22,3,14,200,MLSL,0.49342284415868676
22,3,15,200,MLSL,6.006107034502158
22,3,16,200,MLSL,1.6642512754633358
22,3,17,200,MLSL,0.39943914252408064
22,3,18,200,MLSL,1.6288113283209142
22,3,19,200,MLSL,2.0136820716141557
22,4,0,200,MLSL,2.2418600830865216
22,4,1,200,MLSL,7.271934346874161
22,4,2,200,MLSL,7.27168417246844
22,4,3,200,MLSL,7.273306564267386
22,4,4,200,MLSL,2.594002367457165
22,4,5,200,MLSL,0.691912737107998
22,4,6,200,MLSL,2.592226272054802
22,4,7,200,MLSL,2.5920791815116786
22,4,8,200,MLSL,7.271690904979096
22,4,9,200,MLSL,7.272751521892076
22,4,10,200,MLSL,7.2716824345897635
22,4,11,200,MLSL,7.271699935058962
22,4,12,200,MLSL,4.63644937922561
22,4,13,200,MLSL,0.19028271714955736
22,4,14,200,MLSL,7.271772396064819
22,4,15,200,MLSL,2.8117519385590413
22,4,16,200,MLSL,7.271753563357322
22,4,17,200,MLSL,7.271634499601532
22,4,18,200,MLSL,2.799312153842834
22,4,19,200,MLSL,3.670223765962646
22,5,0,200,MLSL,8.743087471982882
22,5,1,200,MLSL,0.7027869459854159
22,5,2,200,MLSL,0.5086518968953015
22,5,3,200,MLSL,1.217965127210725
22,5,4,200,MLSL,0.09507471818097457
22,5,5,200,MLSL,0.697766699750737
22,5,6,200,MLSL,1.870765641861226
22,5,7,200,MLSL,0.7470652669353655
22,5,8,200,MLSL,5.734778705298311
22,5,9,200,MLSL,0.0303271657198394
22,5,10,200,MLSL,0.17825839028272839
22,5,11,200,MLSL,0.7041205899322875
22,5,12,200,MLSL,0.697168329989033
22,5,13,200,MLSL,2.3305422724095024
22,5,14,200,MLSL,5.968006624725142
22,5,15,200,MLSL,0.693120042300805
22,5,16,200,MLSL,0.7018011889473641
22,5,17,200,MLSL,0.13200312016967786
22,5,18,200,MLSL,2.144930196866561
22,5,19,200,MLSL,0.9487447434151335
22,6,0,200,MLSL,0.25116067237309636
22,6,1,200,MLSL,0.6918723951239087
22,6,2,200,MLSL,0.6919117797695193
22,6,3,200,MLSL,0.10348023231899361
22,6,4,200,MLSL,0.6918624484177585
22,6,5,200,MLSL,0.691883936991573
22,6,6,200,MLSL,0.691868274952256
22,6,7,200,MLSL,0.6918875465822012
22,6,8,200,MLSL,6.521315290385495
22,6,9,200,MLSL,0.6919114408418778
22,6,10,200,MLSL,0.6918593616609954
22,6,11,200,MLSL,0.6925145477967902
22,6,12,200,MLSL,0.016373308110054552
22,6,13,200,MLSL,5.133507721916878
22,6,14,200,MLSL,2.5030253272590244
22,6,15,200,MLSL,2.3485186649845886
22,6,16,200,MLSL,8.504450727414657
22,6,17,200,MLSL,5.086888951916684
22,6,18,200,MLSL,5.132561104978166
22,6,19,200,MLSL,3.0066349401227725
22,7,0,200,MLSL,7.435764771066147
22,7,1,200,MLSL,2.6032565133975822
22,7,2,200,MLSL,7.44092972440265
22,7,3,200,MLSL,0.06536722636641912
22,7,4,200,MLSL,3.5957057590642876
22,7,5,200,MLSL,2.7088816856169444
22,7,6,200,MLSL,2.638728897076078
22,7,7,200,MLSL,2.005647105756424
22,7,8,200,MLSL,7.176462515947435
22,7,9,200,MLSL,0.01260204516231056
22,7,10,200,MLSL,8.754133222071033
22,7,11,200,MLSL,1.208037756040369
22,7,12,200,MLSL,2.792438943631197
22,7,13,200,MLSL,0.07855488646401909
22,7,14,200,MLSL,4.487453079549283
22,7,15,200,MLSL,7.283453630207504
22,7,16,200,MLSL,0.03957372938617709
22,7,17,200,MLSL,7.290106063032368
22,7,18,200,MLSL,2.7112860020835683
22,7,19,200,MLSL,0.5346092661669388
23,1,0,200,MLSL,2.2886531558687055
23,1,1,200,MLSL,2.66617941591963
23,1,2,200,MLSL,0.4864646908457706
23,1,3,200,MLSL,1.2815299545554106
23,1,4,200,MLSL,2.2066090616682628
23,1,5,200,MLSL,1.341494224295091
23,1,6,200,MLSL,2.1168468183808224
23,1,7,200,MLSL,1.5899946628888992
23,1,8,200,MLSL,1.4150961469793275
23,1,9,200,MLSL,1.877380890649067
23,1,10,200,MLSL,1.3391423659499262
23,1,11,200,MLSL,1.1798507686241555
23,1,12,200,MLSL,2.270563815886754
23,1,13,200,MLSL,1.578149844876255
23,1,14,200,MLSL,1.9666763480160059
23,1,15,200,MLSL,1.5497768626566062
23,1,16,200,MLSL,1.6481485560985272
23,1,17,200,MLSL,1.5349389163237968
23,1,18,200,MLSL,2.223261834705318
23,1,19,200,MLSL,2.0042130839510657
23,2,0,200,MLSL,2.2407503036870695
23,2,1,200,MLSL,2.046393269674222
23,2,2,200,MLSL,2.3207131004997588
23,2,3,200,MLSL,2.348795078826782
23,2,4,200,MLSL,2.0143877095091343
23,2,5,200,MLSL,1.9862118350696503
23,2,6,200,MLSL,1.3138303863689467
23,2,7,200,MLSL,2.405166018936851
23,2,8,200,MLSL,0.9319837017813623
23,2,9,200,MLSL,2.1662132095149906
23,2,10,200,MLSL,1.459930808529206
23,2,11,200,MLSL,0.9026401823759059
23,2,12,200,MLSL,3.06706952090436
23,2,13,200,MLSL,2.1907347900711467
23,2,14,200,MLSL,1.4196473669083174
23,2,15,200,MLSL,1.3132626333578195
23,2,16,200,MLSL,1.190778432411328
23,2,17,200,MLSL,1.9670559511062748
23,2,18,200,MLSL,1.6996213310704609
23,2,19,200,MLSL,0.7510193016984662
23,3,0,200,MLSL,2.4186727327024187
23,3,1,200,MLSL,1.2579527233171177
23,3,2,200,MLSL,2.2664989160275013
23,3,3,200,MLSL,1.945472489788358
23,3,4,200,MLSL,1.4498447112022461
23,3,5,200,MLSL,2.0448825794231595
23,3,6,200,MLSL,1.5594870715607954
23,3,7,200,MLSL,1.9216520306132452
23,3,8,200,MLSL,2.9767747684550017
23,3,9,200,MLSL,0.7006065355905378
23,3,10,200,MLSL,1.7851669823246823
23,3,11,200,MLSL,1.9504695949284212
23,3,12,200,MLSL,1.524164773824367
23,3,13,200,MLSL,2.169025423832352
23,3,14,200,MLSL,2.1344844422563654
23,3,15,200,MLSL,2.056804905980613
23,3,16,200,MLSL,1.8532233288501914
23,3,17,200,MLSL,1.1561999168545185
23,3,18,200,MLSL,2.1017882510058143
23,3,19,200,MLSL,1.6353259428066735
23,4,0,200,MLSL,1.9463927049372103
23,4,1,200,MLSL,2.3399536452422467
23,4,2,200,MLSL,1.7201727396876834
23,4,3,200,MLSL,1.560073121720535
23,4,4,200,MLSL,2.49972564127512
23,4,5,200,MLSL,1.8185730180387338
23,4,6,200,MLSL,1.9949077915557893
23,4,7,200,MLSL,1.8291865083423033
23,4,8,200,MLSL,1.6046284600913054
23,4,9,200,MLSL,1.130092034135771
23,4,10,200,MLSL,1.1584061976344344
23,4,11,200,MLSL,1.0585811049818403
23,4,12,200,MLSL,2.2781662513638707
23,4,13,200,MLSL,2.213938255712918
23,4,14,200,MLSL,2.9516392803971883
23,4,15,200,MLSL,1.7773394543127665
23,4,16,200,MLSL,2.1239635083875896
23,4,17,200,MLSL,1.9726262578803073
23,4,18,200,MLSL,2.06819763101106
23,4,19,200,MLSL,1.6784892825864972
23,5,0,200,MLSL,2.0499826649453183
23,5,1,200,MLSL,1.3618762734529284
23,5,2,200,MLSL,2.3884559516705366
23,5,3,200,MLSL,1.8429730635263155
23,5,4,200,MLSL,1.7962151953403946
23,5,5,200,MLSL,1.2729414896714601
23,5,6,200,MLSL,2.1685070075978956
23,5,7,200,MLSL,2.1875565093749003
23,5,8,200,MLSL,2.203675066674606
23,5,9,200,MLSL,1.3714744953288758
23,5,10,200,MLSL,1.9619427924481911
23,5,11,200,MLSL,2.4841820718974432
23,5,12,200,MLSL,1.2081326506894001
23,5,13,200,MLSL,1.3563517121432511
23,5,14,200,MLSL,2.8457501083393524
23,5,15,200,MLSL,1.4905717033151618
23,5,16,200,MLSL,2.34734598236237
23,5,17,200,MLSL,1.272014092712027
23,5,18,200,MLSL,1.0458616060434736
23,5,19,200,MLSL,0.7675924178980864
23,6,0,200,MLSL,2.411288593533982
23,6,1,200,MLSL,1.54453528430534
23,6,2,200,MLSL,1.825985533843479
23,6,3,200,MLSL,1.9137001664346798
23,6,4,200,MLSL,2.5272589411581663
23,6,5,200,MLSL,2.2326426846015295
23,6,6,200,MLSL,1.8331286976105616
23,6,7,200,MLSL,1.4340305395150637
23,6,8,200,MLSL,1.0500614464739897
23,6,9,200,MLSL,2.357655965679413
23,6,10,200,MLSL,1.4881417927114313
23,6,11,200,MLSL,1.6302999271104852
23,6,12,200,MLSL,0.9121462563280147
23,6,13,200,MLSL,1.9496926654477704
23,6,14,200,MLSL,1.9531940852447036
23,6,15,200,MLSL,1.9310335649004315
23,6,16,200,MLSL,1.3731534108555508
23,6,17,200,MLSL,1.9144435059656502
23,6,18,200,MLSL,1.9213978083419647
23,6,19,200,MLSL,1.520036613062416
23,7,0,200,MLSL,0.7203193717797376
23,7,1,200,MLSL,2.036990072567278
23,7,2,200,MLSL,1.4410072328402066
23,7,3,200,MLSL,1.2955354647842796
23,7,4,200,MLSL,2.138815662257457
23,7,5,200,MLSL,1.5508576485384538
23,7,6,200,MLSL,1.616219773724879
23,7,7,200,MLSL,1.6047788154584168
23,7,8,200,MLSL,2.3169606558628857
23,7,9,200,MLSL,1.5986923423921553
23,7,10,200,MLSL,1.5173842659964976
23,7,11,200,MLSL,2.2325170299434376
23,7,12,200,MLSL,1.3309198870089176
23,7,13,200,MLSL,2.049910658205704
23,7,14,200,MLSL,1.7791657300888346
23,7,15,200,MLSL,1.96633211237247
23,7,16,200,MLSL,2.4543182527637555
23,7,17,200,MLSL,2.1236571891398626
23,7,18,200,MLSL,2.008796180602758
23,7,19,200,MLSL,1.5481532594073997
24,1,0,200,MLSL,18.212598015150817
24,1,1,200,MLSL,17.36166480941027
24,1,2,200,MLSL,8.465777911145452
24,1,3,200,MLSL,23.839924641838806
24,1,4,200,MLSL,21.540120204823936
24,1,5,200,MLSL,27.987618387423012
24,1,6,200,MLSL,17.208443827892623
24,1,7,200,MLSL,13.591784552727376
24,1,8,200,MLSL,28.606262684354377
24,1,9,200,MLSL,14.911557413095693
24,1,10,200,MLSL,16.077154557148646
24,1,11,200,MLSL,16.83676401287471
24,1,12,200,MLSL,19.689233377842626
24,1,13,200,MLSL,30.25934836399027
24,1,14,200,MLSL,25.694716545719857
24,1,15,200,MLSL,17.31638577717574
24,1,16,200,MLSL,23.877217229867924
24,1,17,200,MLSL,23.03121397387342
24,1,18,200,MLSL,21.482431183564003
24,1,19,200,MLSL,24.315065655478676
24,2,0,200,MLSL,27.28959109348432
24,2,1,200,MLSL,36.51430108525976
24,2,2,200,MLSL,21.937952578685497
24,2,3,200,MLSL,29.324941332308626
24,2,4,200,MLSL,18.856277587990107
24,2,5,200,MLSL,21.44284649897054
24,2,6,200,MLSL,23.552267589572992
24,2,7,200,MLSL,26.851922450462283
24,2,8,200,MLSL,22.04730820405159
24,2,9,200,MLSL,22.591824693437516
24,2,10,200,MLSL,20.938885625789965
24,2,11,200,MLSL,16.48825589286878
24,2,12,200,MLSL,23.660459495817648
24,2,13,200,MLSL,19.617661916115892
24,2,14,200,MLSL,22.53287999192976
24,2,15,200,MLSL,21.866823742573118
24,2,16,200,MLSL,16.399548334746925
24,2,17,200,MLSL,21.218940851344243
24,2,18,200,MLSL,27.8071466314193
24,2,19,200,MLSL,31.608423547150636
24,3,0,200,MLSL,17.696793097129056
24,3,1,200,MLSL,20.2106315100624
24,3,2,200,MLSL,21.232917138357074
24,3,3,200,MLSL,21.56196951008947
24,3,4,200,MLSL,12.933230037874672
24,3,5,200,MLSL,19.56388574379975
24,3,6,200,MLSL,18.215364837402554
24,3,7,200,MLSL,24.241772259374564
24,3,8,200,MLSL,17.324768020805465
24,3,9,200,MLSL,34.5909907702212
24,3,10,200,MLSL,23.920867864307546
24,3,11,200,MLSL,24.794330142132765
24,3,12,200,MLSL,17.080099038360217
24,3,13,200,MLSL,23.257069910470697
24,3,14,200,MLSL,11.423452193397232
24,3,15,200,MLSL,38.53947265379047
24,3,16,200,MLSL,28.20596891645598
24,3,17,200,MLSL,15.802669408329297
24,3,18,200,MLSL,13.34339910445393
24,3,19,200,MLSL,13.208231983314562
24,4,0,200,MLSL,19.349990917070443
24,4,1,200,MLSL,18.88122846374756
24,4,2,200,MLSL,25.210369737022916
24,4,3,200,MLSL,15.833460774839068
24,4,4,200,MLSL,21.554603535028576
24,4,5,200,MLSL,24.052065510140466
24,4,6,200,MLSL,21.9799446361329
24,4,7,200,MLSL,23.096819980939387
24,4,8,200,MLSL,17.233261576336645
24,4,9,200,MLSL,23.031124173984438
24,4,10,200,MLSL,23.790059383763833
24,4,11,200,MLSL,22.808529644207994
24,4,12,200,MLSL,16.260261917148
24,4,13,200,MLSL,18.073056944506618
24,4,14,200,MLSL,13.548299906464393
24,4,15,200,MLSL,20.909588037236233
24,4,16,200,MLSL,31.00879127537314
24,4,17,200,MLSL,24.521763796045946
24,4,18,200,MLSL,17.383156627485732
24,4,19,200,MLSL,17.067480641227945
24,5,0,200,MLSL,23.492687381355438
24,5,1,200,MLSL,14.41156155400094
24,5,2,200,MLSL,9.212804330893391
24,5,3,200,MLSL,22.361173673710425
24,5,4,200,MLSL,21.130879417693677
24,5,5,200,MLSL,25.178749990212424
24,5,6,200,MLSL,16.678247215236766
24,5,7,200,MLSL,19.747552528573607
24,5,8,200,MLSL,21.094049024575583
24,5,9,200,MLSL,15.142993682680228
24,5,10,200,MLSL,21.155745465765904
24,5,11,200,MLSL,22.025598310435328
24,5,12,200,MLSL,27.230190671454835
24,5,13,200,MLSL,23.940117191612586
24,5,14,200,MLSL,21.88653204760223
24,5,15,200,MLSL,15.898134231107946
24,5,16,200,MLSL,19.42930484518328
24,5,17,200,MLSL,36.54104849983409
24,5,18,200,MLSL,13.964986024231052
24,5,19,200,MLSL,19.142877494426386
24,6,0,200,MLSL,15.246847978193045
24,6,1,200,MLSL,28.287250780884932
24,6,2,200,MLSL,23.882577002764293
24,6,3,200,MLSL,33.868648131414886
24,6,4,200,MLSL,18.610909025213402
24,6,5,200,MLSL,25.033775391201544
24,6,6,200,MLSL,11.452164903191942
24,6,7,200,MLSL,23.781926300976238
24,6,8,200,MLSL,9.25525028680309
24,6,9,200,MLSL,20.35121776863437
24,6,10,200,MLSL,20.176119825493174
24,6,11,200,MLSL,11.078519268075098
24,6,12,200,MLSL,16.66056192768042
24,6,13,200,MLSL,23.56656491593145
24,6,14,200,MLSL,30.517713547575994
24,6,15,200,MLSL,21.929694848240672
24,6,16,200,MLSL,17.44251977985971
24,6,17,200,MLSL,17.98007531488247
24,6,18,200,MLSL,15.189172098504145
24,6,19,200,MLSL,16.48049309492535
24,7,0,200,MLSL,17.692212935894588
24,7,1,200,MLSL,10.7451598666201
24,7,2,200,MLSL,32.163797599293446
24,7,3,200,MLSL,28.66581705326081
24,7,4,200,MLSL,25.370526198018297
24,7,5,200,MLSL,24.308193314454513
24,7,6,200,MLSL,16.39678971203773
24,7,7,200,MLSL,16.921570723937577
24,7,8,200,MLSL,18.266969084113157
24,7,9,200,MLSL,18.080338414764697
24,7,10,200,MLSL,20.80496394495765
24,7,11,200,MLSL,23.766455679191893
24,7,12,200,MLSL,12.545571545831478
24,7,13,200,MLSL,17.08892529071926
24,7,14,200,MLSL,24.339298335582555
24,7,15,200,MLSL,17.92824139645569
24,7,16,200,MLSL,14.818512146858666
24,7,17,200,MLSL,34.83825435801822
24,7,18,200,MLSL,30.17184530585564
24,7,19,200,MLSL,19.84141815404911
