fid,iid,rep,a1_budget,algname,achieved_regret
1,1,0,150,Elitist,0.0
1,1,1,150,Elitist,0.0
1,1,2,150,Elitist,0.0
1,1,3,150,Elitist,0.0
1,1,4,150,Elitist,0.0
1,1,5,150,Elitist,0.0
1,1,6,150,Elitist,0.0
1,1,7,150,Elitist,0.0
1,1,8,150,Elitist,0.0
1,1,9,150,Elitist,2.842170943040401e-14
1,1,10,150,Elitist,0.0
1,1,11,150,Elitist,0.0
1,1,12,150,Elitist,0.0
1,1,13,150,Elitist,0.0
1,1,14,150,Elitist,0.0
1,1,15,150,Elitist,0.0
1,1,16,150,Elitist,0.0
1,1,17,150,Elitist,0.0
1,1,18,150,Elitist,0.0
1,1,19,150,Elitist,0.0
1,2,0,150,Elitist,0.0
1,2,1,150,Elitist,0.0
1,2,2,150,Elitist,0.0
1,2,3,150,Elitist,0.0
1,2,4,150,Elitist,0.0
1,2,5,150,Elitist,0.0
1,2,6,150,Elitist,0.0
1,2,7,150,Elitist,0.0
1,2,8,150,Elitist,0.0
1,2,9,150,Elitist,0.0
1,2,10,150,Elitist,0.0
1,2,11,150,Elitist,0.0
1,2,12,150,Elitist,0.0
1,2,13,150,Elitist,0.0
1,2,14,150,Elitist,0.0
1,2,15,150,Elitist,0.0
1,2,16,150,Elitist,0.0
1,2,17,150,Elitist,0.0
1,2,18,150,Elitist,0.0
1,2,19,150,Elitist,0.0
1,3,0,150,Elitist,0.0
1,3,1,150,Elitist,0.0
1,3,2,150,Elitist,0.0
1,3,3,150,Elitist,0.0
1,3,4,150,Elitist,0.0
1,3,5,150,Elitist,0.0
1,3,6,150,Elitist,0.0
1,3,7,150,Elitist,0.0
1,3,8,150,Elitist,0.0
1,3,9,150,Elitist,0.0
1,3,10,150,Elitist,0.0
1,3,11,150,Elitist,0.0
1,3,12,150,Elitist,0.0
1,3,13,150,Elitist,0.0
1,3,14,150,Elitist,0.0
1,3,15,150,Elitist,0.0
1,3,16,150,Elitist,0.0
1,3,17,150,Elitist,0.0
1,3,18,150,Elitist,0.0
1,3,19,150,Elitist,0.0
1,4,0,150,Elitist,0.0
1,4,1,150,Elitist,0.0
1,4,2,150,Elitist,0.0
1,4,3,150,Elitist,0.0
1,4,4,150,Elitist,0.0
1,4,5,150,Elitist,0.0
1,4,6,150,Elitist,0.0
1,4,7,150,Elitist,0.0
1,4,8,150,Elitist,0.0
1,4,9,150,Elitist,0.0
1,4,10,150,Elitist,0.0
1,4,11,150,Elitist,0.0
1,4,12,150,Elitist,0.0
1,4,13,150,Elitist,0.0
1,4,14,150,Elitist,0.0
1,4,15,150,Elitist,0.0
1,4,16,150,Elitist,0.0
1,4,17,150,Elitist,0.0
1,4,18,150,Elitist,0.0
1,4,19,150,Elitist,0.0
1,5,0,150,Elitist,0.0
1,5,1,150,Elitist,0.0
1,5,2,150,Elitist,0.0
1,5,3,150,Elitist,3.552713678800501e-15
1,5,4,150,Elitist,3.552713678800501e-15
1,5,5,150,Elitist,0.0
1,5,6,150,Elitist,3.552713678800501e-15
1,5,7,150,Elitist,3.552713678800501e-15
1,5,8,150,Elitist,0.0
1,5,9,150,Elitist,0.0
1,5,10,150,Elitist,0.0
1,5,11,150,Elitist,0.0
1,5,12,150,Elitist,3.552713678800501e-15
1,5,13,150,Elitist,0.0
1,5,14,150,Elitist,0.0
1,5,15,150,Elitist,0.0
1,5,16,150,Elitist,0.0
1,5,17,150,Elitist,0.0
1,5,18,150,Elitist,3.552713678800501e-15
1,5,19,150,Elitist,3.552713678800501e-15
1,6,0,150,Elitist,0.0
1,6,1,150,Elitist,0.0
1,6,2,150,Elitist,0.0
1,6,3,150,Elitist,0.0
1,6,4,150,Elitist,0.0
1,6,5,150,Elitist,0.0
1,6,6,150,Elitist,0.0
1,6,7,150,Elitist,0.0
1,6,8,150,Elitist,0.0
1,6,9,150,Elitist,0.0
1,6,10,150,Elitist,0.0
1,6,11,150,Elitist,0.0
1,6,12,150,Elitist,0.0
1,6,13,150,Elitist,0.0
1,6,14,150,Elitist,0.0
1,6,15,150,Elitist,0.0
1,6,16,150,Elitist,0.0
1,6,17,150,Elitist,8.526512829121202e-14
1,6,18,150,Elitist,0.0
1,6,19,150,Elitist,0.0
1,7,0,150,Elitist,0.0
1,7,1,150,Elitist,0.0
1,7,2,150,Elitist,0.0
1,7,3,150,Elitist,0.0
1,7,4,150,Elitist,0.0
1,7,5,150,Elitist,0.0
1,7,6,150,Elitist,0.0
1,7,7,150,Elitist,0.0
1,7,8,150,Elitist,0.0
1,7,9,150,Elitist,0.0
1,7,10,150,Elitist,0.0
1,7,11,150,Elitist,0.0
1,7,12,150,Elitist,0.0
1,7,13,150,Elitist,0.0
1,7,14,150,Elitist,0.0
1,7,15,150,Elitist,0.0
1,7,16,150,Elitist,0.0
1,7,17,150,Elitist,0.0
1,7,18,150,Elitist,1.1368683772161603e-13
1,7,19,150,Elitist,0.0
2,1,0,150,Elitist,33.85455823093537
2,1,1,150,Elitist,0.05386268392618376
2,1,2,150,Elitist,1.1866969622937518
2,1,3,150,Elitist,6.519597001793272
2,1,4,150,Elitist,0.8940034705149174
2,1,5,150,Elitist,27.205301926381253
2,1,6,150,Elitist,0.5188885863923076
2,1,7,150,Elitist,8.769983109033802
2,1,8,150,Elitist,5.459707907585027
2,1,9,150,Elitist,0.13436545475133244
2,1,10,150,Elitist,3.9689392637904746
2,1,11,150,Elitist,1.7918459127681388
2,1,12,150,Elitist,7.916683068448805
2,1,13,150,Elitist,31.611223025053363
2,1,14,150,Elitist,1.459860249846912
2,1,15,150,Elitist,7.907335115135709
2,1,16,150,Elitist,6.331773223607371
2,1,17,150,Elitist,13.33654979659741
2,1,18,150,Elitist,0.14967572382190042
2,1,19,150,Elitist,11.14083852114976
2,2,0,150,Elitist,0.19616159867516103
2,2,1,150,Elitist,21.280532843154262
2,2,2,150,Elitist,29.663017339822957
2,2,3,150,Elitist,28.525680476293317
2,2,4,150,Elitist,16.13807309593105
2,2,5,150,Elitist,3.9424006906435807
2,2,6,150,Elitist,12.553427818419948
2,2,7,150,Elitist,0.14980352379083683
2,2,8,150,Elitist,10.793213420948646
2,2,9,150,Elitist,26.193949041678067
2,2,10,150,Elitist,2.459991986770447
2,2,11,150,Elitist,5.03992298414947
2,2,12,150,Elitist,28.50851461243417
2,2,13,150,Elitist,0.3012974528736265
2,2,14,150,Elitist,7.091451128641381
2,2,15,150,Elitist,2.6487931605374655
2,2,16,150,Elitist,2.2316248546476487
2,2,17,150,Elitist,7.0990024009383745
2,2,18,150,Elitist,2.3925971599420564
2,2,19,150,Elitist,22.844380554560942
2,3,0,150,Elitist,0.048808694484719695
2,3,1,150,Elitist,11.547542555028798
2,3,2,150,Elitist,7.138276693620682
2,3,3,150,Elitist,22.931526009455496
2,3,4,150,Elitist,20.838996495921293
2,3,5,150,Elitist,15.188963037778265
2,3,6,150,Elitist,0.3817843576256905
2,3,7,150,Elitist,2.7305796949418806
2,3,8,150,Elitist,8.633971162674428
2,3,9,150,Elitist,3.5637547015614928
2,3,10,150,Elitist,13.77988048262911
2,3,11,150,Elitist,11.16277044979266
2,3,12,150,Elitist,4.424723556456513
2,3,13,150,Elitist,0.0018850995838306517
2,3,14,150,Elitist,0.538525217423711
2,3,15,150,Elitist,6.374491237817111
2,3,16,150,Elitist,4.637467180721828
2,3,17,150,Elitist,3.2023842665034437
2,3,18,150,Elitist,3.415122275579776
2,3,19,150,Elitist,10.519680427673435
2,4,0,150,Elitist,9.162638304632026
2,4,1,150,Elitist,2.144592331234378
2,4,2,150,Elitist,36.500853998234845
2,4,3,150,Elitist,0.514945427041198
2,4,4,150,Elitist,7.028417812288126
2,4,5,150,Elitist,51.26701146129693
2,4,6,150,Elitist,24.054402594270584
2,4,7,150,Elitist,1.290566008625433
2,4,8,150,Elitist,9.886595329026022
2,4,9,150,Elitist,0.7278031409863388
2,4,10,150,Elitist,1.2621438150871995
2,4,11,150,Elitist,5.198045300081503
2,4,12,150,Elitist,5.844437777042344
2,4,13,150,Elitist,0.5400286176690088
2,4,14,150,Elitist,4.630360308951651
2,4,15,150,Elitist,0.004735963522307429
2,4,16,150,Elitist,7.092137667003726
2,4,17,150,Elitist,9.168135816992788
2,4,18,150,Elitist,1.9585775669677332
2,4,19,150,Elitist,6.282737511700191
2,5,0,150,Elitist,2.1478408771921806
2,5,1,150,Elitist,5.7673409588777105
2,5,2,150,Elitist,1.639298662085551
2,5,3,150,Elitist,0.2991819782316867
2,5,4,150,Elitist,0.7711572156828908
2,5,5,150,Elitist,0.15431620933009071
2,5,6,150,Elitist,2.7054497984671855
2,5,7,150,Elitist,5.739554671856453
2,5,8,150,Elitist,39.690033217087105
2,5,9,150,Elitist,36.676025045791235
2,5,10,150,Elitist,19.45583261410549
2,5,11,150,Elitist,20.17740361859191
2,5,12,150,Elitist,11.2224712657882
2,5,13,150,Elitist,22.44282605063715
2,5,14,150,Elitist,9.666625837894344
2,5,15,150,Elitist,1.2643967861608587
2,5,16,150,Elitist,26.59315471646171
2,5,17,150,Elitist,1.4022238068335469
2,5,18,150,Elitist,0.39988930619902874
2,5,19,150,Elitist,27.7060509443765
2,6,0,150,Elitist,0.01996475311366197
2,6,1,150,Elitist,0.310895995025362
2,6,2,150,Elitist,36.21294864458567
2,6,3,150,Elitist,3.1884022735428914
2,6,4,150,Elitist,25.94191911782018
2,6,5,150,Elitist,55.20966584257314
2,6,6,150,Elitist,39.69578163943304
2,6,7,150,Elitist,7.711427550225888
2,6,8,150,Elitist,10.103732218324641
2,6,9,150,Elitist,15.702832177136045
2,6,10,150,Elitist,12.218039991046162
2,6,11,150,Elitist,10.714344567618323
2,6,12,150,Elitist,0.09796422504565783
2,6,13,150,Elitist,5.363439880595578
2,6,14,150,Elitist,24.908980749794974
2,6,15,150,Elitist,19.449970005671165
2,6,16,150,Elitist,5.245613500783236
2,6,17,150,Elitist,3.4027886840666355
2,6,18,150,Elitist,0.37927354238186695
2,6,19,150,Elitist,2.275113303606261
2,7,0,150,Elitist,2.5406629008291723
2,7,1,150,Elitist,52.49173077718835
2,7,2,150,Elitist,63.35839259344158
2,7,3,150,Elitist,9.138118387209548
2,7,4,150,Elitist,7.313631711868311
2,7,5,150,Elitist,38.08435633504652
2,7,6,150,Elitist,27.968380528690975
2,7,7,150,Elitist,8.349060086559629
2,7,8,150,Elitist,0.13094843976040949
2,7,9,150,Elitist,20.974419580549725
2,7,10,150,Elitist,18.017816788921937
2,7,11,150,Elitist,3.3927091168284313
2,7,12,150,Elitist,20.383271985316373
2,7,13,150,Elitist,28.02736582911729
2,7,14,150,Elitist,56.8582414951309
2,7,15,150,Elitist,1.5566783352324194
2,7,16,150,Elitist,0.974019255877792
2,7,17,150,Elitist,50.57722770946843
2,7,18,150,Elitist,0.7180297375355202
2,7,19,150,Elitist,0.19048820838789737
3,1,0,150,Elitist,24.148545132809602
3,1,1,150,Elitist,11.939478412770484
3,1,2,150,Elitist,9.949580495295038
3,1,3,150,Elitist,16.914263623329873
3,1,4,150,Elitist,4.974790247668409
3,1,5,150,Elitist,10.822775435081269
3,1,6,150,Elitist,11.939478412773099
3,1,7,150,Elitist,5.96974930474255
3,1,8,150,Elitist,4.974795285466598
3,1,9,150,Elitist,17.90920248313455
3,1,10,150,Elitist,1.9899181141866507
3,1,11,150,Elitist,5.969749304746131
3,1,12,150,Elitist,1.9899181141930171
3,1,13,150,Elitist,7.959667418929712
3,1,14,150,Elitist,6.9647083618347665
3,1,15,150,Elitist,8.95460124149298
3,1,16,150,Elitist,10.944519355691625
3,1,17,150,Elitist,7.959667419308516
3,1,18,150,Elitist,4.97479528548115
3,1,19,150,Elitist,6.96470836186694
3,2,0,150,Elitist,9.949580495296644
3,2,1,150,Elitist,21.388781519484525
3,2,2,150,Elitist,19.89912059716687
3,2,3,150,Elitist,6.964708361866698
3,2,4,150,Elitist,17.909222679806504
3,2,5,150,Elitist,2.9848771713172795
3,2,6,150,Elitist,6.964708361950883
3,2,7,150,Elitist,6.964708361919193
3,2,8,150,Elitist,16.914202849556915
3,2,9,150,Elitist,9.949580495299244
3,2,10,150,Elitist,3.9798362283731876
3,2,11,150,Elitist,5.969749304744184
3,2,12,150,Elitist,6.964708370950731
3,2,13,150,Elitist,13.929391489137657
3,2,14,150,Elitist,35.470611160916576
3,2,15,150,Elitist,7.959667418928106
3,2,16,150,Elitist,4.974790252257222
3,2,17,150,Elitist,6.964708369030703
3,2,18,150,Elitist,5.969749305012613
3,2,19,150,Elitist,3.979836231819533
3,3,0,150,Elitist,12.934437469860342
3,3,1,150,Elitist,4.9747952854700515
3,3,2,150,Elitist,3.979831190555558
3,3,3,150,Elitist,18.61837136831602
3,3,4,150,Elitist,18.904181843715406
3,3,5,150,Elitist,6.96470836200514
3,3,6,150,Elitist,12.934452628802916
3,3,7,150,Elitist,6.9647083620193655
3,3,8,150,Elitist,12.934432432637436
3,3,9,150,Elitist,8.954621438884502
3,3,10,150,Elitist,4.974790247725366
3,3,11,150,Elitist,5.969749304740873
3,3,12,150,Elitist,10.944539552888784
3,3,13,150,Elitist,18.724397544605665
3,3,14,150,Elitist,2.9848771762176938
3,3,15,150,Elitist,0.994959057846259
3,3,16,150,Elitist,2.9848771712892983
3,3,17,150,Elitist,5.969749304834835
3,3,18,150,Elitist,10.944539552463638
3,3,19,150,Elitist,13.929411686229571
3,4,0,150,Elitist,9.949580495324325
3,4,1,150,Elitist,3.979836228394162
3,4,2,150,Elitist,29.251688397549472
3,4,3,150,Elitist,7.959667509500739
3,4,4,150,Elitist,14.712975544096214
3,4,5,150,Elitist,3.9798362283829656
3,4,6,150,Elitist,7.959667418930927
3,4,7,150,Elitist,15.50813102618747
3,4,8,150,Elitist,6.964708361836642
3,4,9,150,Elitist,14.92435054624272
3,4,10,150,Elitist,6.9647083618340595
3,4,11,150,Elitist,1.989918114188068
3,4,12,150,Elitist,2.984877171279961
3,4,13,150,Elitist,6.964708361904846
3,4,14,150,Elitist,10.944541244556714
3,4,15,150,Elitist,6.964708361840527
3,4,16,150,Elitist,5.969749304740896
3,4,17,150,Elitist,9.949580495294992
3,4,18,150,Elitist,3.979836228373311
3,4,19,150,Elitist,13.92939148913461
3,5,0,150,Elitist,7.959667419028165
3,5,1,150,Elitist,2.984877171280118
3,5,2,150,Elitist,3.979836228412921
3,5,3,150,Elitist,3.9798362283737276
3,5,4,150,Elitist,10.90031078870851
3,5,5,150,Elitist,4.974790247686798
3,5,6,150,Elitist,8.954625447961206
3,5,7,150,Elitist,12.934432432142813
3,5,8,150,Elitist,17.974719044409227
3,5,9,150,Elitist,2.984877174367284
3,5,10,150,Elitist,4.9747902476642025
3,5,11,150,Elitist,4.974790248438893
3,5,12,150,Elitist,9.949580495326785
3,5,13,150,Elitist,10.944539553207932
3,5,14,150,Elitist,3.979836228380009
3,5,15,150,Elitist,3.979831190568518
3,5,16,150,Elitist,16.91426362259932
3,5,17,150,Elitist,18.90416154006965
3,5,18,150,Elitist,6.964708361942286
3,5,19,150,Elitist,5.969749304741555
3,6,0,150,Elitist,1.989918114203192
3,6,1,150,Elitist,2.9848771712839834
3,6,2,150,Elitist,27.9896058155565
3,6,3,150,Elitist,6.964708362373585
3,6,4,150,Elitist,28.02274424876134
3,6,5,150,Elitist,13.92941169094263
3,6,6,150,Elitist,17.551651890807193
3,6,7,150,Elitist,12.934437472295372
3,6,8,150,Elitist,21.0942983109843
3,6,9,150,Elitist,6.964708361836415
3,6,10,150,Elitist,3.9798362283859205
3,6,11,150,Elitist,14.924350546752407
3,6,12,150,Elitist,9.949580507674114
3,6,13,150,Elitist,11.939478413353982
3,6,14,150,Elitist,5.969749304769607
3,6,15,150,Elitist,5.969749304792572
3,6,16,150,Elitist,9.949580497320426
3,6,17,150,Elitist,19.897007410024685
3,6,18,150,Elitist,25.86882428792626
3,6,19,150,Elitist,20.023146582732352
3,7,0,150,Elitist,5.969749304742461
3,7,1,150,Elitist,5.969749304799166
3,7,2,150,Elitist,6.964708361839243
3,7,3,150,Elitist,6.964708361839115
3,7,4,150,Elitist,15.448866844184543
3,7,5,150,Elitist,4.9747952854676925
3,7,6,150,Elitist,13.929391489255455
3,7,7,150,Elitist,13.929391489136059
3,7,8,150,Elitist,8.954621438610978
3,7,9,150,Elitist,4.974790396126927
3,7,10,150,Elitist,6.964708361833964
3,7,11,150,Elitist,3.9798362283736424
3,7,12,150,Elitist,21.609350070960932
3,7,13,150,Elitist,2.984877174689437
3,7,14,150,Elitist,3.9798362391466497
3,7,15,150,Elitist,2.9848771712812194
3,7,16,150,Elitist,9.9495804977241
3,7,17,150,Elitist,6.964708361837083
3,7,18,150,Elitist,10.944539552420778
3,7,19,150,Elitist,1.9899181141893862
4,1,0,150,Elitist,15.919309708666049
4,1,1,150,Elitist,9.9495804958147
4,1,2,150,Elitist,48.71750367954394
4,1,3,150,Elitist,11.939478412771109
4,1,4,150,Elitist,6.964708361834312
4,1,5,150,Elitist,57.706985029999885
4,1,6,150,Elitist,15.919309603323484
4,1,7,150,Elitist,9.949580495572889
4,1,8,150,Elitist,6.9647083618392
4,1,9,150,Elitist,12.934452628756446
4,1,10,150,Elitist,12.31891962717549
4,1,11,150,Elitist,13.92939150387707
4,1,12,150,Elitist,9.94958049587467
4,1,13,150,Elitist,15.919309604110879
4,1,14,150,Elitist,8.954621438202082
4,1,15,150,Elitist,9.949580495495013
4,1,16,150,Elitist,26.86376315653655
4,1,17,150,Elitist,7.9596674198268715
4,1,18,150,Elitist,29.79731285001816
4,1,19,150,Elitist,16.914283821642243
4,2,0,150,Elitist,18.904181736782732
4,2,1,150,Elitist,14.924350546248988
4,2,2,150,Elitist,43.02381437361251
4,2,3,150,Elitist,3.979836232623029
4,2,4,150,Elitist,7.959667419942235
4,2,5,150,Elitist,16.91428382569991
4,2,6,150,Elitist,8.954621438208406
4,2,7,150,Elitist,4.974790292344295
4,2,8,150,Elitist,30.84359433869679
4,2,9,150,Elitist,24.873865230690143
4,2,10,150,Elitist,12.934437470021336
4,2,11,150,Elitist,9.949580495304957
4,2,12,150,Elitist,8.954621438206189
4,2,13,150,Elitist,41.78774123756594
4,2,14,150,Elitist,31.108078407063573
4,2,15,150,Elitist,28.802260460026247
4,2,16,150,Elitist,8.839830257119232
4,2,17,150,Elitist,28.853696421236677
4,2,18,150,Elitist,38.583030090581104
4,2,19,150,Elitist,22.134501918449473
4,3,0,150,Elitist,43.777843898284175
4,3,1,150,Elitist,27.73403922690244
4,3,2,150,Elitist,23.66891438548754
4,3,3,150,Elitist,7.959667418927253
4,3,4,150,Elitist,45.767572428092535
4,3,5,150,Elitist,9.949580495609581
4,3,6,150,Elitist,13.929411685853495
4,3,7,150,Elitist,13.929411685960417
4,3,8,150,Elitist,4.97479024794977
4,3,9,150,Elitist,15.919309603320983
4,3,10,150,Elitist,28.853696421217137
4,3,11,150,Elitist,41.517009032776485
4,3,12,150,Elitist,15.919309603324677
4,3,13,150,Elitist,12.934452628755963
4,3,14,150,Elitist,9.949580495327197
4,3,15,150,Elitist,9.949580495438639
4,3,16,150,Elitist,25.86882428895325
4,3,17,150,Elitist,14.924350580530813
4,3,18,150,Elitist,22.88395216047337
4,3,19,150,Elitist,8.954621438438878
4,4,0,150,Elitist,10.944539552391108
4,4,1,150,Elitist,6.964708361892413
4,4,2,150,Elitist,14.92435054622863
4,4,3,150,Elitist,12.934437475937052
4,4,4,150,Elitist,2.9848771713980873
4,4,5,150,Elitist,42.78294574894107
4,4,6,150,Elitist,11.939478412767638
4,4,7,150,Elitist,23.58332013673835
4,4,8,150,Elitist,6.964708361848008
4,4,9,150,Elitist,10.94453955301031
4,4,10,150,Elitist,25.86882428787937
4,4,11,150,Elitist,10.944539552608306
4,4,12,150,Elitist,29.294812077602163
4,4,13,150,Elitist,22.883952154353686
4,4,14,150,Elitist,33.057143417568284
4,4,15,150,Elitist,8.697708988025617
4,4,16,150,Elitist,5.969749306407875
4,4,17,150,Elitist,16.914288291478243
4,4,18,150,Elitist,23.87895178777892
4,4,19,150,Elitist,8.9546214382506
4,5,0,150,Elitist,21.536637016409173
4,5,1,150,Elitist,31.73359500160126
4,5,2,150,Elitist,13.929391489252168
4,5,3,150,Elitist,25.161515318874194
4,5,4,150,Elitist,12.934432432051665
4,5,5,150,Elitist,7.959662381382913
4,5,6,150,Elitist,8.954621438206743
4,5,7,150,Elitist,12.934452628756901
4,5,8,150,Elitist,8.954621438226127
4,5,9,150,Elitist,2.9848771712854614
4,5,10,150,Elitist,9.949580495297312
4,5,11,150,Elitist,13.929391489612357
4,5,12,150,Elitist,11.939478416871395
4,5,13,150,Elitist,25.526427808978923
4,5,14,150,Elitist,5.969749346079624
4,5,15,150,Elitist,7.959667419162173
4,5,16,150,Elitist,26.840671187649377
4,5,17,150,Elitist,12.934452632417134
4,5,18,150,Elitist,6.964708361952319
4,5,19,150,Elitist,12.934452628757668
4,6,0,150,Elitist,31.838431296383874
4,6,1,150,Elitist,30.911455766875974
4,6,2,150,Elitist,2.984877171282278
4,6,3,150,Elitist,27.637645917126633
4,6,4,150,Elitist,10.944539552394417
4,6,5,150,Elitist,26.863763148317048
4,6,6,150,Elitist,12.934437469885893
4,6,7,150,Elitist,12.934437470023568
4,6,8,150,Elitist,1.9899181156225723
4,6,9,150,Elitist,15.91930961344076
4,6,10,150,Elitist,33.06529918098863
4,6,11,150,Elitist,6.964708361858584
4,6,12,150,Elitist,16.914283819846446
4,6,13,150,Elitist,62.14663831123892
4,6,14,150,Elitist,13.929411688288837
4,6,15,150,Elitist,24.87386525200509
4,6,16,150,Elitist,17.553117229630743
4,6,17,150,Elitist,17.90916192922907
4,6,18,150,Elitist,21.88899309721205
4,6,19,150,Elitist,16.914283820575292
4,7,0,150,Elitist,9.949580495294867
4,7,1,150,Elitist,6.964708362348237
4,7,2,150,Elitist,6.964708361837772
4,7,3,150,Elitist,25.70238864506694
4,7,4,150,Elitist,6.96470838603544
4,7,5,150,Elitist,6.964708362342108
4,7,6,150,Elitist,15.919324763383127
4,7,7,150,Elitist,2.98487717130957
4,7,8,150,Elitist,6.9647083618444725
4,7,9,150,Elitist,9.949580495294928
4,7,10,150,Elitist,5.969749304744511
4,7,11,150,Elitist,2.9848771713755653
4,7,12,150,Elitist,6.96470836193981
4,7,13,150,Elitist,2.9850801509022276
4,7,14,150,Elitist,27.85873736610879
4,7,15,150,Elitist,13.929391489137608
4,7,16,150,Elitist,5.969749304741068
4,7,17,150,Elitist,14.92435054703217
4,7,18,150,Elitist,6.964708362552901
4,7,19,150,Elitist,13.929411689066889
5,1,0,150,Elitist,0.0
5,1,1,150,Elitist,0.0
5,1,2,150,Elitist,0.0
5,1,3,150,Elitist,0.0
5,1,4,150,Elitist,0.0
5,1,5,150,Elitist,0.0
5,1,6,150,Elitist,0.0
5,1,7,150,Elitist,0.0
5,1,8,150,Elitist,0.0
5,1,9,150,Elitist,0.0
5,1,10,150,Elitist,0.0
5,1,11,150,Elitist,0.0
5,1,12,150,Elitist,0.0
5,1,13,150,Elitist,0.0
5,1,14,150,Elitist,0.0
5,1,15,150,Elitist,0.0
5,1,16,150,Elitist,0.0
5,1,17,150,Elitist,0.0
5,1,18,150,Elitist,0.0
5,1,19,150,Elitist,0.0
5,2,0,150,Elitist,0.0
5,2,1,150,Elitist,0.0
5,2,2,150,Elitist,0.0
5,2,3,150,Elitist,0.0
5,2,4,150,Elitist,0.0
5,2,5,150,Elitist,0.0
5,2,6,150,Elitist,0.0
5,2,7,150,Elitist,0.0
5,2,8,150,Elitist,0.0
5,2,9,150,Elitist,0.0
5,2,10,150,Elitist,0.0
5,2,11,150,Elitist,0.0
5,2,12,150,Elitist,0.0
5,2,13,150,Elitist,0.0
5,2,14,150,Elitist,0.0
5,2,15,150,Elitist,0.0
5,2,16,150,Elitist,0.0
5,2,17,150,Elitist,0.0
5,2,18,150,Elitist,0.0
5,2,19,150,Elitist,0.0
5,3,0,150,Elitist,0.0
5,3,1,150,Elitist,0.0
5,3,2,150,Elitist,0.0
5,3,3,150,Elitist,0.0
5,3,4,150,Elitist,0.0
5,3,5,150,Elitist,0.0
5,3,6,150,Elitist,0.0
5,3,7,150,Elitist,0.0
5,3,8,150,Elitist,0.0
5,3,9,150,Elitist,0.0
5,3,10,150,Elitist,0.0
5,3,11,150,Elitist,0.0
5,3,12,150,Elitist,0.0
5,3,13,150,Elitist,0.0
5,3,14,150,Elitist,0.0
5,3,15,150,Elitist,0.0
5,3,16,150,Elitist,0.0
5,3,17,150,Elitist,0.0
5,3,18,150,Elitist,0.0
5,3,19,150,Elitist,0.0
5,4,0,150,Elitist,0.0
5,4,1,150,Elitist,0.0
5,4,2,150,Elitist,0.0
5,4,3,150,Elitist,0.0
5,4,4,150,Elitist,0.0
5,4,5,150,Elitist,0.0
5,4,6,150,Elitist,0.0
5,4,7,150,Elitist,0.0
5,4,8,150,Elitist,0.0
5,4,9,150,Elitist,0.0
5,4,10,150,Elitist,0.0
5,4,11,150,Elitist,0.0
5,4,12,150,Elitist,0.0
5,4,13,150,Elitist,0.0
5,4,14,150,Elitist,0.0
5,4,15,150,Elitist,0.0
5,4,16,150,Elitist,0.0
5,4,17,150,Elitist,0.0
5,4,18,150,Elitist,0.0
5,4,19,150,Elitist,0.0
5,5,0,150,Elitist,0.0
5,5,1,150,Elitist,0.0
5,5,2,150,Elitist,0.0
5,5,3,150,Elitist,0.0
5,5,4,150,Elitist,0.0
5,5,5,150,Elitist,0.0
5,5,6,150,Elitist,0.0
5,5,7,150,Elitist,0.0
5,5,8,150,Elitist,0.0
5,5,9,150,Elitist,0.0
5,5,10,150,Elitist,0.0
5,5,11,150,Elitist,0.0
5,5,12,150,Elitist,0.0
5,5,13,150,Elitist,0.0
5,5,14,150,Elitist,0.0
5,5,15,150,Elitist,0.0
5,5,16,150,Elitist,0.0
5,5,17,150,Elitist,0.0
5,5,18,150,Elitist,0.0
5,5,19,150,Elitist,0.0
5,6,0,150,Elitist,0.0
5,6,1,150,Elitist,0.0
5,6,2,150,Elitist,0.0
5,6,3,150,Elitist,0.0
5,6,4,150,Elitist,0.0
5,6,5,150,Elitist,0.0
5,6,6,150,Elitist,0.0
5,6,7,150,Elitist,0.0
5,6,8,150,Elitist,0.0
5,6,9,150,Elitist,0.0
5,6,10,150,Elitist,0.0
5,6,11,150,Elitist,0.0
5,6,12,150,Elitist,0.0
5,6,13,150,Elitist,0.0
5,6,14,150,Elitist,0.0
5,6,15,150,Elitist,0.0
5,6,16,150,Elitist,0.0
5,6,17,150,Elitist,0.0
5,6,18,150,Elitist,0.0
5,6,19,150,Elitist,0.0
5,7,0,150,Elitist,0.0
5,7,1,150,Elitist,0.0
5,7,2,150,Elitist,0.0
5,7,3,150,Elitist,0.0
5,7,4,150,Elitist,0.0
5,7,5,150,Elitist,0.0
5,7,6,150,Elitist,0.0
5,7,7,150,Elitist,0.0
5,7,8,150,Elitist,0.0
5,7,9,150,Elitist,0.0
5,7,10,150,Elitist,0.0
5,7,11,150,Elitist,0.0
5,7,12,150,Elitist,0.0
5,7,13,150,Elitist,0.0
5,7,14,150,Elitist,0.0
5,7,15,150,Elitist,0.0
5,7,16,150,Elitist,0.0
5,7,17,150,Elitist,0.0
5,7,18,150,Elitist,0.0
5,7,19,150,Elitist,0.0
6,1,0,150,Elitist,4.946288474627636e-05
6,1,1,150,Elitist,7.611384653216646e-06
6,1,2,150,Elitist,0.00019700629545127413
6,1,3,150,Elitist,4.895911572333489e-05
6,1,4,150,Elitist,2.8779811174217684e-06
6,1,5,150,Elitist,0.000493398981852522
6,1,6,150,Elitist,0.0002740657718263151
6,1,7,150,Elitist,0.008790494343827504
6,1,8,150,Elitist,1.7730588055542285e-05
6,1,9,150,Elitist,5.012748971466863e-08
6,1,10,150,Elitist,1.0680519579864267e-07
6,1,11,150,Elitist,4.7845284719016945e-05
6,1,12,150,Elitist,7.270140202564335e-05
6,1,13,150,Elitist,8.601762310433969e-06
6,1,14,150,Elitist,4.4735935489370604e-07
6,1,15,150,Elitist,7.169890506020238e-05
6,1,16,150,Elitist,0.0002788682999508296
6,1,17,150,Elitist,0.00014076406739604863
6,1,18,150,Elitist,1.5891475882767736e-05
6,1,19,150,Elitist,7.47933892384367e-05
6,2,0,150,Elitist,2.4816216637191246e-08
6,2,1,150,Elitist,1.3269313683395012e-06
6,2,2,150,Elitist,1.7414069546362043e-06
6,2,3,150,Elitist,1.430209870534327e-07
6,2,4,150,Elitist,2.9634698250902147e-08
6,2,5,150,Elitist,0.00013731212195366993
6,2,6,150,Elitist,2.0196505445824187e-06
6,2,7,150,Elitist,5.417677684249611e-08
6,2,8,150,Elitist,5.766141342178344e-07
6,2,9,150,Elitist,7.6782669594877e-05
6,2,10,150,Elitist,3.1635942576713205e-07
6,2,11,150,Elitist,2.5710701123671242e-08
6,2,12,150,Elitist,5.4095732338055313e-08
6,2,13,150,Elitist,9.662186701220321e-05
6,2,14,150,Elitist,1.8971580217908013e-07
6,2,15,150,Elitist,0.0001426904295911413
6,2,16,150,Elitist,2.9714500328736904e-05
6,2,17,150,Elitist,1.657899950657793e-06
6,2,18,150,Elitist,8.185126496584871e-07
6,2,19,150,Elitist,3.7397816399220574e-07
6,3,0,150,Elitist,1.1138505442431779e-06
6,3,1,150,Elitist,0.00017844169713043811
6,3,2,150,Elitist,3.1039468240123824e-06
6,3,3,150,Elitist,5.451722472571419e-06
6,3,4,150,Elitist,6.228952997844317e-07
6,3,5,150,Elitist,0.002210072733873858
6,3,6,150,Elitist,1.792664079403039e-07
6,3,7,150,Elitist,1.581837182129675e-06
6,3,8,150,Elitist,3.120804876743932e-07
6,3,9,150,Elitist,0.0005813332022626128
6,3,10,150,Elitist,6.001545443723444e-06
6,3,11,150,Elitist,1.8186272541242943e-05
6,3,12,150,Elitist,8.146577999923466e-05
6,3,13,150,Elitist,8.323247823227575e-05
6,3,14,150,Elitist,1.984551295208803e-05
6,3,15,150,Elitist,1.0860818179025955e-05
6,3,16,150,Elitist,6.859305926809611e-06
6,3,17,150,Elitist,3.5455671536510636e-05
6,3,18,150,Elitist,8.451331723335898e-08
6,3,19,150,Elitist,7.234076178974647e-06
6,4,0,150,Elitist,2.6079842996296065e-07
6,4,1,150,Elitist,3.6763520938620786e-05
6,4,2,150,Elitist,9.88998863249435e-07
6,4,3,150,Elitist,1.221221234004588e-05
6,4,4,150,Elitist,1.2923216274884908e-06
6,4,5,150,Elitist,3.240800936055166e-06
6,4,6,150,Elitist,1.7371509670738305e-06
6,4,7,150,Elitist,2.8464452071830237e-05
6,4,8,150,Elitist,2.0393704858179262e-06
6,4,9,150,Elitist,6.069087737614609e-05
6,4,10,150,Elitist,5.276297088130377e-08
6,4,11,150,Elitist,8.272614451243498e-06
6,4,12,150,Elitist,0.00028083180865223767
6,4,13,150,Elitist,0.0009436340345700955
6,4,14,150,Elitist,4.1257521843363065e-08
6,4,15,150,Elitist,9.336620223621139e-07
6,4,16,150,Elitist,4.062963398610009e-06
6,4,17,150,Elitist,5.8485341014602454e-09
6,4,18,150,Elitist,8.35366107878599e-05
6,4,19,150,Elitist,0.0002749493648934731
6,5,0,150,Elitist,0.0002003492546691632
6,5,1,150,Elitist,3.469134992428735e-05
6,5,2,150,Elitist,2.04419393412536e-06
6,5,3,150,Elitist,1.5670127595512895e-07
6,5,4,150,Elitist,0.00012839330508995772
6,5,5,150,Elitist,1.4366654795594513e-05
6,5,6,150,Elitist,0.00014820324611264368
6,5,7,150,Elitist,1.9309709387016483e-07
6,5,8,150,Elitist,3.136751047350117e-06
6,5,9,150,Elitist,3.4699985462793848e-06
6,5,10,150,Elitist,0.0004192180248310251
6,5,11,150,Elitist,0.07408933753197289
6,5,12,150,Elitist,8.95726702765387e-06
6,5,13,150,Elitist,0.00027480862127049477
6,5,14,150,Elitist,8.705835512046178e-06
6,5,15,150,Elitist,7.064689839353377e-05
6,5,16,150,Elitist,8.446318474852887e-06
6,5,17,150,Elitist,7.641114234502311e-05
6,5,18,150,Elitist,1.7126351394836092e-06
6,5,19,150,Elitist,1.9786857592407614e-06
6,6,0,150,Elitist,5.048471759749873e-06
6,6,1,150,Elitist,6.754223669247494e-07
6,6,2,150,Elitist,5.706280131079211e-06
6,6,3,150,Elitist,0.0047325547965400006
6,6,4,150,Elitist,2.9605993756121052e-05
6,6,5,150,Elitist,1.6165543925694692e-07
6,6,6,150,Elitist,7.486399056233495e-08
6,6,7,150,Elitist,4.977404606165692e-05
6,6,8,150,Elitist,1.977307531575434e-05
6,6,9,150,Elitist,5.331622168114336e-05
6,6,10,150,Elitist,0.00209845416410559
6,6,11,150,Elitist,2.4179864958284725e-05
6,6,12,150,Elitist,7.266928768956404e-06
6,6,13,150,Elitist,0.00012980948759988564
6,6,14,150,Elitist,8.120939757105816e-06
6,6,15,150,Elitist,0.00013491159599254843
6,6,16,150,Elitist,0.0009801335846084669
6,6,17,150,Elitist,5.480415055103549e-08
6,6,18,150,Elitist,5.713594585898818e-05
6,6,19,150,Elitist,2.1117840027784496e-06
6,7,0,150,Elitist,1.7702404875308275e-08
6,7,1,150,Elitist,2.735402659936881e-06
6,7,2,150,Elitist,0.0006014739822717274
6,7,3,150,Elitist,0.00014784926776201246
6,7,4,150,Elitist,2.1291612029017415e-08
6,7,5,150,Elitist,0.00022918048759379417
6,7,6,150,Elitist,6.915734968515608e-05
6,7,7,150,Elitist,9.239505800451298e-07
6,7,8,150,Elitist,2.9786914183205226e-05
6,7,9,150,Elitist,1.538682090540533e-05
6,7,10,150,Elitist,4.831649391690007e-07
6,7,11,150,Elitist,1.6604628001459787e-05
6,7,12,150,Elitist,8.563740178146872e-05
6,7,13,150,Elitist,8.565882055222573e-05
6,7,14,150,Elitist,0.0022382222400381124
6,7,15,150,Elitist,0.0005077121954570885
6,7,16,150,Elitist,0.0002801053311998203
6,7,17,150,Elitist,8.461744670285043e-06
6,7,18,150,Elitist,0.00015184220512765023
6,7,19,150,Elitist,1.56808604856451e-05
7,1,0,150,Elitist,2.502280361979018
7,1,1,150,Elitist,2.502280361979018
7,1,2,150,Elitist,1.3125872705014814
7,1,3,150,Elitist,1.8336524315755156
7,1,4,150,Elitist,0.45841310789387535
7,1,5,150,Elitist,1.8336524315755156
7,1,6,150,Elitist,0.0
7,1,7,150,Elitist,0.45841310789387535
7,1,8,150,Elitist,2.156772711113206
7,1,9,150,Elitist,4.232243476002637
7,1,10,150,Elitist,1.8336524315755156
7,1,11,150,Elitist,1.8336524315755156
7,1,12,150,Elitist,2.0580292852763478
7,1,13,150,Elitist,1.8336524315755156
7,1,14,150,Elitist,4.232243476002637
7,1,15,150,Elitist,0.729934137760111
7,1,16,150,Elitist,3.768881571133633
7,1,17,150,Elitist,3.768881571133633
7,1,18,150,Elitist,0.729934137760111
7,1,19,150,Elitist,0.45841310789387535
7,2,0,150,Elitist,0.6615932944754874
7,2,1,150,Elitist,1.5823328832889985
7,2,2,150,Elitist,0.009953710723891618
7,2,3,150,Elitist,0.13055305030514575
7,2,4,150,Elitist,0.017570483318465335
7,2,5,150,Elitist,0.13055305030514575
7,2,6,150,Elitist,0.0
7,2,7,150,Elitist,1.0705922625907078
7,2,8,150,Elitist,0.13292652678810413
7,2,9,150,Elitist,0.9862751319599923
7,2,10,150,Elitist,0.0383417972527198
7,2,11,150,Elitist,0.5556383236109426
7,2,12,150,Elitist,0.13055305030514575
7,2,13,150,Elitist,0.13055305030514575
7,2,14,150,Elitist,2.314107936134654
7,2,15,150,Elitist,0.13055305030514575
7,2,16,150,Elitist,0.729675922768692
7,2,17,150,Elitist,0.6615932944754874
7,2,18,150,Elitist,0.5598140831914051
7,2,19,150,Elitist,1.4956528226568153
7,3,0,150,Elitist,4.730752796173057
7,3,1,150,Elitist,2.7257796017871905
7,3,2,150,Elitist,1.486469838137443
7,3,3,150,Elitist,0.4944652331375843
7,3,4,150,Elitist,0.2904944768996951
7,3,5,150,Elitist,1.4633868991053913
7,3,6,150,Elitist,2.9204859436567303
7,3,7,150,Elitist,0.010740133802960905
7,3,8,150,Elitist,0.3799317070480295
7,3,9,150,Elitist,0.2974871489768778
7,3,10,150,Elitist,5.95134729051836
7,3,11,150,Elitist,1.5391408656967074
7,3,12,150,Elitist,0.4944652331375843
7,3,13,150,Elitist,1.5369941008509476
7,3,14,150,Elitist,0.4944652331375843
7,3,15,150,Elitist,1.6647390211184105
7,3,16,150,Elitist,1.9662385340380966
7,3,17,150,Elitist,2.6922735054197156
7,3,18,150,Elitist,1.5604916115144145
7,3,19,150,Elitist,1.6360503580604733
7,4,0,150,Elitist,0.8144617350228671
7,4,1,150,Elitist,0.583299512315282
7,4,2,150,Elitist,1.4574763492436347
7,4,3,150,Elitist,0.003287162903610863
7,4,4,150,Elitist,0.003287162903610863
7,4,5,150,Elitist,0.014574763492436915
7,4,6,150,Elitist,1.1966044463878553
7,4,7,150,Elitist,0.21064647402203818
7,4,8,150,Elitist,0.21064647402203818
7,4,9,150,Elitist,0.0
7,4,10,150,Elitist,0.21064647402203818
7,4,11,150,Elitist,0.21064647402203818
7,4,12,150,Elitist,0.01207404016573932
7,4,13,150,Elitist,1.8255272713883883
7,4,14,150,Elitist,2.0433778148014383
7,4,15,150,Elitist,1.4301853767392885
7,4,16,150,Elitist,0.21408581409791694
7,4,17,150,Elitist,0.21064647402203818
7,4,18,150,Elitist,0.21064647402203818
7,4,19,150,Elitist,0.8144617350228671
7,5,0,150,Elitist,1.9231873765050125
7,5,1,150,Elitist,2.48970054652132
7,5,2,150,Elitist,0.3529944993923664
7,5,3,150,Elitist,1.3894441487489786
7,5,4,150,Elitist,0.3529944993923664
7,5,5,150,Elitist,1.8797797221526906
7,5,6,150,Elitist,1.8552904637485312
7,5,7,150,Elitist,0.3529944993923664
7,5,8,150,Elitist,0.3529944993923664
7,5,9,150,Elitist,2.151162526385903
7,5,10,150,Elitist,1.281425559593302
7,5,11,150,Elitist,2.151162526385903
7,5,12,150,Elitist,0.010302122163494687
7,5,13,150,Elitist,0.22651532721057777
7,5,14,150,Elitist,2.48970054652132
7,5,15,150,Elitist,0.46700948851052715
7,5,16,150,Elitist,3.9539239793150074
7,5,17,150,Elitist,0.9253705142116218
7,5,18,150,Elitist,2.48970054652132
7,5,19,150,Elitist,0.4012809643238029
7,6,0,150,Elitist,2.650590082467808
7,6,1,150,Elitist,0.7177221998805976
7,6,2,150,Elitist,0.7177221998805976
7,6,3,150,Elitist,0.7177221998805976
7,6,4,150,Elitist,2.427432731477829
7,6,5,150,Elitist,6.068396562010221
7,6,6,150,Elitist,2.427432731477829
7,6,7,150,Elitist,0.7177221998805976
7,6,8,150,Elitist,1.1590390710504934
7,6,9,150,Elitist,4.068932066598585
7,6,10,150,Elitist,2.8117434172947995
7,6,11,150,Elitist,2.334908517428005
7,6,12,150,Elitist,2.427432731477829
7,6,13,150,Elitist,0.7177221998805976
7,6,14,150,Elitist,2.650590082467808
7,6,15,150,Elitist,0.2738816168625533
7,6,16,150,Elitist,0.7177221998805976
7,6,17,150,Elitist,0.012420774217396513
7,6,18,150,Elitist,0.011911706288735502
7,6,19,150,Elitist,0.5952487952251886
7,7,0,150,Elitist,0.5811295366153928
7,7,1,150,Elitist,0.0
7,7,2,150,Elitist,1.20643904632648
7,7,3,150,Elitist,0.6498299610419025
7,7,4,150,Elitist,0.5577429082821084
7,7,5,150,Elitist,2.2274871834238184
7,7,6,150,Elitist,0.00859050610127099
7,7,7,150,Elitist,2.2274871834238184
7,7,8,150,Elitist,0.0
7,7,9,150,Elitist,0.0
7,7,10,150,Elitist,1.20643904632648
7,7,11,150,Elitist,2.626125558086727
7,7,12,150,Elitist,1.20643904632648
7,7,13,150,Elitist,0.13978165126293618
7,7,14,150,Elitist,0.5815025555566109
7,7,15,150,Elitist,2.2274871834238184
7,7,16,150,Elitist,1.0646018346355106
7,7,17,150,Elitist,0.0
7,7,18,150,Elitist,0.5577429082821084
7,7,19,150,Elitist,2.626125558086727
8,1,0,150,Elitist,4.15361554228798
8,1,1,150,Elitist,0.10320485281582137
8,1,2,150,Elitist,0.016372113807562982
8,1,3,150,Elitist,4.064812855042476
8,1,4,150,Elitist,0.9008701316749068
8,1,5,150,Elitist,0.02841764347064668
8,1,6,150,Elitist,0.0037584444752383206
8,1,7,150,Elitist,0.38653570742272336
8,1,8,150,Elitist,3.93083946002875
8,1,9,150,Elitist,2.415753656088384
8,1,10,150,Elitist,3.599344776577766
8,1,11,150,Elitist,0.2696159452258371
8,1,12,150,Elitist,2.8773160599725713
8,1,13,150,Elitist,0.19805310491287287
8,1,14,150,Elitist,3.930974585776994
8,1,15,150,Elitist,0.3486596278865193
8,1,16,150,Elitist,4.25494871760003
8,1,17,150,Elitist,0.10217427579524951
8,1,18,150,Elitist,0.107834432517393
8,1,19,150,Elitist,0.056178069349783755
8,2,0,150,Elitist,0.22902962198349996
8,2,1,150,Elitist,0.49736315950713106
8,2,2,150,Elitist,1.2971415669157977
8,2,3,150,Elitist,1.0356421371046736
8,2,4,150,Elitist,0.09385680022035103
8,2,5,150,Elitist,8.010830435978278e-05
8,2,6,150,Elitist,0.24109622062132985
8,2,7,150,Elitist,0.6758714160303043
8,2,8,150,Elitist,0.8894773498549284
8,2,9,150,Elitist,0.923365332976914
8,2,10,150,Elitist,3.9767673823271252
8,2,11,150,Elitist,4.585521825689057
8,2,12,150,Elitist,2.4733262126993623
8,2,13,150,Elitist,2.7022707463914912
8,2,14,150,Elitist,3.9308394821508728
8,2,15,150,Elitist,0.2829750921039249
8,2,16,150,Elitist,2.1253234824097262
8,2,17,150,Elitist,3.9397038157313773
8,2,18,150,Elitist,3.3526741210829414
8,2,19,150,Elitist,0.11125947675645875
8,3,0,150,Elitist,0.48782291118874355
8,3,1,150,Elitist,0.464718770664291
8,3,2,150,Elitist,1.7695637939218472
8,3,3,150,Elitist,4.530004449428091
8,3,4,150,Elitist,0.7146667386123369
8,3,5,150,Elitist,0.0401450107957686
8,3,6,150,Elitist,1.064756650520735
8,3,7,150,Elitist,0.14281345875964746
8,3,8,150,Elitist,1.9311701326718378
8,3,9,150,Elitist,0.9237787654367935
8,3,10,150,Elitist,2.369946940916634e-07
8,3,11,150,Elitist,0.1743442430484663
8,3,12,150,Elitist,0.7832618915244751
8,3,13,150,Elitist,0.0811734609836634
8,3,14,150,Elitist,1.1082852340739038
8,3,15,150,Elitist,1.4245145823084755
8,3,16,150,Elitist,0.13501582462900785
8,3,17,150,Elitist,0.1892953239667179
8,3,18,150,Elitist,0.6459881961717855
8,3,19,150,Elitist,0.37780316981039164
8,4,0,150,Elitist,3.5331193664069787
8,4,1,150,Elitist,2.2862767271112077
8,4,2,150,Elitist,3.688929615158443
8,4,3,150,Elitist,0.68047860030088
8,4,4,150,Elitist,0.011755077641119271
8,4,5,150,Elitist,4.045629893493384
8,4,6,150,Elitist,3.9489547501673172
8,4,7,150,Elitist,0.531306468895103
8,4,8,150,Elitist,0.08020402202522803
8,4,9,150,Elitist,2.683446250601385
8,4,10,150,Elitist,0.4271892914460764
8,4,11,150,Elitist,0.6137168755849487
8,4,12,150,Elitist,4.226826384245847
8,4,13,150,Elitist,0.3360079939077707
8,4,14,150,Elitist,0.3595453358972094
8,4,15,150,Elitist,3.744728293772539
8,4,16,150,Elitist,0.12184236356346645
8,4,17,150,Elitist,3.1270498936635036
8,4,18,150,Elitist,1.8996756146805183e-05
8,4,19,150,Elitist,2.0710712588961186
8,5,0,150,Elitist,3.931104103674862
8,5,1,150,Elitist,0.02171403956803175
8,5,2,150,Elitist,1.1939133116595002
8,5,3,150,Elitist,0.4569752786521235
8,5,4,150,Elitist,2.999391920886808
8,5,5,150,Elitist,0.0005222218598888162
8,5,6,150,Elitist,4.174956136810749
8,5,7,150,Elitist,0.015435747511773457
8,5,8,150,Elitist,1.5429203740667035
8,5,9,150,Elitist,0.005267226050349905
8,5,10,150,Elitist,1.6743190848037912
8,5,11,150,Elitist,0.4701792402433611
8,5,12,150,Elitist,2.222380951118261
8,5,13,150,Elitist,2.3381861322895148
8,5,14,150,Elitist,1.5633362488635711
8,5,15,150,Elitist,0.5105363913522538
8,5,16,150,Elitist,0.4358619185107102
8,5,17,150,Elitist,0.012400311814381837
8,5,18,150,Elitist,0.1770040128828967
8,5,19,150,Elitist,1.8451616362713068
8,6,0,150,Elitist,2.991636361842154
8,6,1,150,Elitist,0.023454670575119962
8,6,2,150,Elitist,0.9725818009532077
8,6,3,150,Elitist,0.4419531023832519
8,6,4,150,Elitist,0.7713946171176644
8,6,5,150,Elitist,0.8411156040734227
8,6,6,150,Elitist,0.5490540692572381
8,6,7,150,Elitist,3.970122857437161
8,6,8,150,Elitist,0.0785648362258371
8,6,9,150,Elitist,0.03361420806743354
8,6,10,150,Elitist,0.1275208980069351
8,6,11,150,Elitist,9.619596369248029e-06
8,6,12,150,Elitist,0.03044933635652569
8,6,13,150,Elitist,0.05228979134068368
8,6,14,150,Elitist,0.8751472335941912
8,6,15,150,Elitist,9.849026525898807e-06
8,6,16,150,Elitist,2.2565598918198475
8,6,17,150,Elitist,0.112072221194353
8,6,18,150,Elitist,0.019240372795195526
8,6,19,150,Elitist,0.4840889014866434
8,7,0,150,Elitist,0.19228971048073618
8,7,1,150,Elitist,0.2965919610116998
8,7,2,150,Elitist,3.7490522028730027
8,7,3,150,Elitist,0.1303132280712873
8,7,4,150,Elitist,0.10663637258113567
8,7,5,150,Elitist,0.3189227946671167
8,7,6,150,Elitist,0.7664245540329375
8,7,7,150,Elitist,0.011619846581027105
8,7,8,150,Elitist,0.2362071212639023
8,7,9,150,Elitist,0.12154540551352966
8,7,10,150,Elitist,1.3170691053945802
8,7,11,150,Elitist,0.36693784641150273
8,7,12,150,Elitist,0.2698604725203495
8,7,13,150,Elitist,1.3896278046794066
8,7,14,150,Elitist,0.013674019292921002
8,7,15,150,Elitist,0.42508036248597136
8,7,16,150,Elitist,0.21350747826369343
8,7,17,150,Elitist,0.8387820885516248
8,7,18,150,Elitist,0.11264792775696719
8,7,19,150,Elitist,0.8757870200900015
9,1,0,150,Elitist,0.9770489440483345
9,1,1,150,Elitist,0.20612170251783368
9,1,2,150,Elitist,0.4516059719076111
9,1,3,150,Elitist,0.09119049947166502
9,1,4,150,Elitist,1.9725017844519357
9,1,5,150,Elitist,3.4163040391083968
9,1,6,150,Elitist,0.043252192288392166
9,1,7,150,Elitist,0.34840023238848516
9,1,8,150,Elitist,0.5233675784508733
9,1,9,150,Elitist,0.17344111392706907
9,1,10,150,Elitist,2.887852718913564e-05
9,1,11,150,Elitist,0.355063512635013
9,1,12,150,Elitist,0.13793221400379707
9,1,13,150,Elitist,1.317200907496641
9,1,14,150,Elitist,3.9320282911413216
9,1,15,150,Elitist,0.5374043903524495
9,1,16,150,Elitist,0.22359948365057392
9,1,17,150,Elitist,4.472685678671596
9,1,18,150,Elitist,4.126891576350872
9,1,19,150,Elitist,0.0018132712343401636
9,2,0,150,Elitist,0.1969991922018437
9,2,1,150,Elitist,0.00025152122175597924
9,2,2,150,Elitist,0.0869584855979113
9,2,3,150,Elitist,0.5265132095916627
9,2,4,150,Elitist,0.49329814441535547
9,2,5,150,Elitist,3.9315786940067525
9,2,6,150,Elitist,0.3836246142943267
9,2,7,150,Elitist,0.07923938814978726
9,2,8,150,Elitist,8.73532712830638e-09
9,2,9,150,Elitist,0.06242581281976811
9,2,10,150,Elitist,0.1622439781087479
9,2,11,150,Elitist,2.292899171771012
9,2,12,150,Elitist,0.40072552848317855
9,2,13,150,Elitist,1.4017115608476942
9,2,14,150,Elitist,3.760050665843224
9,2,15,150,Elitist,0.2846971954274409
9,2,16,150,Elitist,0.04653388386231683
9,2,17,150,Elitist,0.00021451651399218008
9,2,18,150,Elitist,2.0537970318882515
9,2,19,150,Elitist,0.1454989007880485
9,3,0,150,Elitist,3.9426615840770083
9,3,1,150,Elitist,0.2897161214374364
9,3,2,150,Elitist,0.1389728755543942
9,3,3,150,Elitist,0.31575027339710715
9,3,4,150,Elitist,0.19896652652277425
9,3,5,150,Elitist,0.16021569894869003
9,3,6,150,Elitist,0.2242803039955632
9,3,7,150,Elitist,0.0007995287005400087
9,3,8,150,Elitist,0.3310028079316396
9,3,9,150,Elitist,0.37914656206591246
9,3,10,150,Elitist,0.16767436370081867
9,3,11,150,Elitist,0.0015757844032933122
9,3,12,150,Elitist,0.035411157497627244
9,3,13,150,Elitist,0.03977673915161262
9,3,14,150,Elitist,2.6460189638788307
9,3,15,150,Elitist,1.289239587985442
9,3,16,150,Elitist,3.930875647660443
9,3,17,150,Elitist,0.5299140734627414
9,3,18,150,Elitist,0.11348965685797907
9,3,19,150,Elitist,0.006709429391271726
9,4,0,150,Elitist,0.3255446042831096
9,4,1,150,Elitist,3.930839502181115
9,4,2,150,Elitist,3.930866294735864
9,4,3,150,Elitist,0.015902519140183813
9,4,4,150,Elitist,0.057455302039898015
9,4,5,150,Elitist,0.10186309921508041
9,4,6,150,Elitist,0.43750459872123315
9,4,7,150,Elitist,0.6200518700593847
9,4,8,150,Elitist,0.0031520240957689794
9,4,9,150,Elitist,0.06377870903224903
9,4,10,150,Elitist,1.2922541401394483e-05
9,4,11,150,Elitist,0.15271722727166548
9,4,12,150,Elitist,0.13480476708430444
9,4,13,150,Elitist,2.3529114085949914
9,4,14,150,Elitist,0.14414254361663836
9,4,15,150,Elitist,0.3080730273729273
9,4,16,150,Elitist,4.28563396307527
9,4,17,150,Elitist,0.1740596960649725
9,4,18,150,Elitist,0.009998408665666147
9,4,19,150,Elitist,1.0547708747943716
9,5,0,150,Elitist,0.04031330201193839
9,5,1,150,Elitist,1.0750532289484198
9,5,2,150,Elitist,5.292785516530785e-07
9,5,3,150,Elitist,0.3944647930597114
9,5,4,150,Elitist,0.9225318101573379
9,5,5,150,Elitist,1.1410116755428135e-05
9,5,6,150,Elitist,1.1716400985641826
9,5,7,150,Elitist,0.010253488544407219
9,5,8,150,Elitist,3.6967517845199893
9,5,9,150,Elitist,1.995661697543838
9,5,10,150,Elitist,0.016760227484411416
9,5,11,150,Elitist,0.21827456593096883
9,5,12,150,Elitist,0.515214697105975
9,5,13,150,Elitist,0.8990968889418838
9,5,14,150,Elitist,0.408708164290033
9,5,15,150,Elitist,0.7388149240679525
9,5,16,150,Elitist,0.002086295637312219
9,5,17,150,Elitist,0.42595591667405586
9,5,18,150,Elitist,0.44917623058532286
9,5,19,150,Elitist,0.41689251763810375
9,6,0,150,Elitist,0.7621713175525429
9,6,1,150,Elitist,2.286351497371868
9,6,2,150,Elitist,0.001044700529405418
9,6,3,150,Elitist,0.23707523808690212
9,6,4,150,Elitist,0.03745722965823006
9,6,5,150,Elitist,0.1359682690280124
9,6,6,150,Elitist,1.3809301977678388
9,6,7,150,Elitist,0.36442284730122765
9,6,8,150,Elitist,0.36610132230725867
9,6,9,150,Elitist,0.8062811411056714
9,6,10,150,Elitist,0.3030475761345883
9,6,11,150,Elitist,0.16343480527189058
9,6,12,150,Elitist,3.9693119938047516
9,6,13,150,Elitist,1.1981877978761304
9,6,14,150,Elitist,3.9308395083769483
9,6,15,150,Elitist,2.037914327956969e-05
9,6,16,150,Elitist,0.7377061778731786
9,6,17,150,Elitist,0.06303931993977585
9,6,18,150,Elitist,0.05623605431486567
9,6,19,150,Elitist,0.13033690595102598
9,7,0,150,Elitist,0.9952431296985367
9,7,1,150,Elitist,0.6877989137659135
9,7,2,150,Elitist,0.46771154387896274
9,7,3,150,Elitist,0.2077878684652319
9,7,4,150,Elitist,0.03626781794136491
9,7,5,150,Elitist,0.10789532545274483
9,7,6,150,Elitist,3.604822410185964
9,7,7,150,Elitist,0.2932501614919829
9,7,8,150,Elitist,0.38719272495718826
9,7,9,150,Elitist,3.9308427263771186
9,7,10,150,Elitist,0.0002728315227038536
9,7,11,150,Elitist,0.053598802842575566
9,7,12,150,Elitist,1.0503804868754436
9,7,13,150,Elitist,0.2247638866384385
9,7,14,150,Elitist,0.9181045365372427
9,7,15,150,Elitist,0.3293318017209508
9,7,16,150,Elitist,0.012150817413530746
9,7,17,150,Elitist,0.044960849758588495
9,7,18,150,Elitist,0.04623496940501326
9,7,19,150,Elitist,0.23687750198171287
10,1,0,150,Elitist,5.2738863844866515
10,1,1,150,Elitist,0.03779503512307514
10,1,2,150,Elitist,13.17839383495403
10,1,3,150,Elitist,2.7642648542805546
10,1,4,150,Elitist,7.957779046588662
10,1,5,150,Elitist,4.857300915434877
10,1,6,150,Elitist,0.011089414372449369
10,1,7,150,Elitist,37.98937525009714
10,1,8,150,Elitist,2.4075083926858127
10,1,9,150,Elitist,9.718421786643233
10,1,10,150,Elitist,1.2980898552670155
10,1,11,150,Elitist,17.585334771973848
10,1,12,150,Elitist,214.33507751041995
10,1,13,150,Elitist,11.520343732639937
10,1,14,150,Elitist,2.471225888958479
10,1,15,150,Elitist,2.669220997997833
10,1,16,150,Elitist,86.69036669593662
10,1,17,150,Elitist,7.440428507844324
10,1,18,150,Elitist,4.767829188508834
10,1,19,150,Elitist,3.485012966259333
10,2,0,150,Elitist,7.793704759187399
10,2,1,150,Elitist,17.984503804820186
10,2,2,150,Elitist,160.05652400370127
10,2,3,150,Elitist,7.202892950237889
10,2,4,150,Elitist,13.403324891891522
10,2,5,150,Elitist,0.0701727035634363
10,2,6,150,Elitist,40.550343301000815
10,2,7,150,Elitist,0.09322430372520785
10,2,8,150,Elitist,10.241685247989714
10,2,9,150,Elitist,0.24084239365860327
10,2,10,150,Elitist,27.2913444799998
10,2,11,150,Elitist,31.864448468489734
10,2,12,150,Elitist,13.878543775013007
10,2,13,150,Elitist,404.23635007357467
10,2,14,150,Elitist,18.18862396034158
10,2,15,150,Elitist,3.1042905674545267
10,2,16,150,Elitist,8.814408943043027
10,2,17,150,Elitist,5.182783490980164
10,2,18,150,Elitist,35.30780959520265
10,2,19,150,Elitist,9.46459362806251
10,3,0,150,Elitist,16.20427871294453
10,3,1,150,Elitist,0.46912578388645443
10,3,2,150,Elitist,0.0300363534652206
10,3,3,150,Elitist,12.873761263233575
10,3,4,150,Elitist,0.026030966357268426
10,3,5,150,Elitist,6.90919547900711
10,3,6,150,Elitist,8.831855623193462
10,3,7,150,Elitist,9.369386293067066
10,3,8,150,Elitist,0.10743621161219608
10,3,9,150,Elitist,8.014955921876606
10,3,10,150,Elitist,15.374544538900693
10,3,11,150,Elitist,9.708546659046078
10,3,12,150,Elitist,3.8489890042284287
10,3,13,150,Elitist,7.050577777412855
10,3,14,150,Elitist,29.92815846295406
10,3,15,150,Elitist,4.26315992187898
10,3,16,150,Elitist,0.9005278363647449
10,3,17,150,Elitist,1.9332208135336373
10,3,18,150,Elitist,6.102336286297714
10,3,19,150,Elitist,6.9762998265130705
10,4,0,150,Elitist,5.594680932606593
10,4,1,150,Elitist,4.389638311154869
10,4,2,150,Elitist,48.169248751933
10,4,3,150,Elitist,2.0627224143625256
10,4,4,150,Elitist,10.12660786063816
10,4,5,150,Elitist,4.461054642475801
10,4,6,150,Elitist,0.32791955529756933
10,4,7,150,Elitist,8.755587453556586
10,4,8,150,Elitist,0.2479485654864675
10,4,9,150,Elitist,11.69100921640893
10,4,10,150,Elitist,11.925053996284333
10,4,11,150,Elitist,0.5235188457265281
10,4,12,150,Elitist,6.919256722853845
10,4,13,150,Elitist,0.49458660533016996
10,4,14,150,Elitist,2.2124488106835827
10,4,15,150,Elitist,0.054942831872978104
10,4,16,150,Elitist,8.851663351094174
10,4,17,150,Elitist,142.446308027883
10,4,18,150,Elitist,17.343658463860237
10,4,19,150,Elitist,65.74278790740658
10,5,0,150,Elitist,0.09227377949741822
10,5,1,150,Elitist,0.8730584274838975
10,5,2,150,Elitist,49.50722198940366
10,5,3,150,Elitist,41.22220601774097
10,5,4,150,Elitist,0.03670413757976121
10,5,5,150,Elitist,0.03289172907852844
10,5,6,150,Elitist,2.862174945279037
10,5,7,150,Elitist,14.530931704480054
10,5,8,150,Elitist,0.864671136997913
10,5,9,150,Elitist,1.1142979336290182
10,5,10,150,Elitist,24.248288216668186
10,5,11,150,Elitist,0.6040023203054261
10,5,12,150,Elitist,317.2531931547168
10,5,13,150,Elitist,5.538020453542629
10,5,14,150,Elitist,6.3798023506420805
10,5,15,150,Elitist,0.2943053329946679
10,5,16,150,Elitist,0.6223982043358092
10,5,17,150,Elitist,14.05705359144298
10,5,18,150,Elitist,22.88049596654548
10,5,19,150,Elitist,24.457829034195242
10,6,0,150,Elitist,89.78740567112384
10,6,1,150,Elitist,20.827820703643006
10,6,2,150,Elitist,5.289153843251425
10,6,3,150,Elitist,12.473759645474649
10,6,4,150,Elitist,6.54241858627747
10,6,5,150,Elitist,2.0684075695485493
10,6,6,150,Elitist,0.1588068194117156
10,6,7,150,Elitist,1.942719673486053
10,6,8,150,Elitist,76.29301013203887
10,6,9,150,Elitist,2.9093486026823854
10,6,10,150,Elitist,35.30347012972408
10,6,11,150,Elitist,27.855628913363024
10,6,12,150,Elitist,0.003151413206747833
10,6,13,150,Elitist,38.33004943283254
10,6,14,150,Elitist,6.448016877588867
10,6,15,150,Elitist,1.873719855160747
10,6,16,150,Elitist,10.302251071108765
10,6,17,150,Elitist,0.7915483346598862
10,6,18,150,Elitist,7.29341657897225
10,6,19,150,Elitist,4.52488274217399
10,7,0,150,Elitist,8.579976584548604
10,7,1,150,Elitist,208.60910382853618
10,7,2,150,Elitist,2.0157779192458065
10,7,3,150,Elitist,336.1362948992116
10,7,4,150,Elitist,1.9893457369234966
10,7,5,150,Elitist,124.88527823881697
10,7,6,150,Elitist,21.129387256893096
10,7,7,150,Elitist,73.5884757679105
10,7,8,150,Elitist,668.653961581541
10,7,9,150,Elitist,6.43492876285768
10,7,10,150,Elitist,0.5995361720188157
10,7,11,150,Elitist,7.84568135364691
10,7,12,150,Elitist,190.64361066046246
10,7,13,150,Elitist,3.0031664069139197
10,7,14,150,Elitist,5.090798151283934
10,7,15,150,Elitist,19.886337271094817
10,7,16,150,Elitist,927.9370481505782
10,7,17,150,Elitist,1.9346173084410907
10,7,18,150,Elitist,1247.064363543108
10,7,19,150,Elitist,0.04293473389020619
11,1,0,150,Elitist,30.68197226292638
11,1,1,150,Elitist,10.998270013143724
11,1,2,150,Elitist,10.235790432528972
11,1,3,150,Elitist,19.19391951298458
11,1,4,150,Elitist,0.26308850318103794
11,1,5,150,Elitist,5.262794557448586
11,1,6,150,Elitist,13.733999211110358
11,1,7,150,Elitist,4.688304456262742
11,1,8,150,Elitist,45.725847387636165
11,1,9,150,Elitist,4.078074520065371
11,1,10,150,Elitist,10.269842922883043
11,1,11,150,Elitist,34.341921178241236
11,1,12,150,Elitist,5.83362849721199
11,1,13,150,Elitist,0.6359535052639558
11,1,14,150,Elitist,19.378508159147145
11,1,15,150,Elitist,11.417935743287373
11,1,16,150,Elitist,11.180564630936885
11,1,17,150,Elitist,12.807101749601614
11,1,18,150,Elitist,8.261253996190348
11,1,19,150,Elitist,22.9094251517475
11,2,0,150,Elitist,28.182400583124107
11,2,1,150,Elitist,2.2371531655715806
11,2,2,150,Elitist,43.780137735294495
11,2,3,150,Elitist,27.888352701441647
11,2,4,150,Elitist,16.440672542780117
11,2,5,150,Elitist,9.85836517380806
11,2,6,150,Elitist,32.26672219053354
11,2,7,150,Elitist,52.36639727095887
11,2,8,150,Elitist,8.892392994759058
11,2,9,150,Elitist,0.9084769316774164
11,2,10,150,Elitist,9.109941097197469
11,2,11,150,Elitist,14.589886870387872
11,2,12,150,Elitist,22.03134110709551
11,2,13,150,Elitist,24.298983669699112
11,2,14,150,Elitist,35.9338104482628
11,2,15,150,Elitist,34.982925685107006
11,2,16,150,Elitist,19.180010659403294
11,2,17,150,Elitist,8.495769056298549
11,2,18,150,Elitist,5.010792844139878
11,2,19,150,Elitist,19.330482705390516
11,3,0,150,Elitist,4.732101197199867
11,3,1,150,Elitist,19.903653262843772
11,3,2,150,Elitist,13.05776000906707
11,3,3,150,Elitist,14.38054537870325
11,3,4,150,Elitist,16.23951983147683
11,3,5,150,Elitist,22.293907032055
11,3,6,150,Elitist,19.684942382044408
11,3,7,150,Elitist,5.709202339637745
11,3,8,150,Elitist,5.0075207026431166
11,3,9,150,Elitist,6.18196392617185
11,3,10,150,Elitist,2.6374567695132853
11,3,11,150,Elitist,0.19413319067588652
11,3,12,150,Elitist,37.532087555493064
11,3,13,150,Elitist,8.273722218476639
11,3,14,150,Elitist,7.085154497656561
11,3,15,150,Elitist,2.9860968193119994
11,3,16,150,Elitist,13.275828447125946
11,3,17,150,Elitist,15.215380178160803
11,3,18,150,Elitist,10.131900097584005
11,3,19,150,Elitist,21.95065274307856
11,4,0,150,Elitist,2.8361353520874673
11,4,1,150,Elitist,43.46363469834046
11,4,2,150,Elitist,21.936787374307528
11,4,3,150,Elitist,4.758102564664455
11,4,4,150,Elitist,19.820616163131376
11,4,5,150,Elitist,9.965928234604121
11,4,6,150,Elitist,23.564814946464026
11,4,7,150,Elitist,6.971994425647836
11,4,8,150,Elitist,27.6353520265493
11,4,9,150,Elitist,11.023323964694555
11,4,10,150,Elitist,11.200202573977435
11,4,11,150,Elitist,12.143818478426283
11,4,12,150,Elitist,59.45859636690591
11,4,13,150,Elitist,8.240705841888257
11,4,14,150,Elitist,21.384510617890214
11,4,15,150,Elitist,34.03359759780494
11,4,16,150,Elitist,19.558682169285703
11,4,17,150,Elitist,30.980356138247544
11,4,18,150,Elitist,4.652677244518031
11,4,19,150,Elitist,8.938614611535058
11,5,0,150,Elitist,26.46494655357821
11,5,1,150,Elitist,0.8566811315599949
11,5,2,150,Elitist,21.225009463837296
11,5,3,150,Elitist,14.992306184149939
11,5,4,150,Elitist,8.777434430192812
11,5,5,150,Elitist,0.5354759513896425
11,5,6,150,Elitist,9.87670431239843
11,5,7,150,Elitist,24.95376246272879
11,5,8,150,Elitist,13.332035294766754
11,5,9,150,Elitist,4.378175106712803
11,5,10,150,Elitist,12.593208050691345
11,5,11,150,Elitist,9.519979955731785
11,5,12,150,Elitist,8.02664115039184
11,5,13,150,Elitist,19.801624292330693
11,5,14,150,Elitist,18.57864555438762
11,5,15,150,Elitist,17.055871817504098
11,5,16,150,Elitist,17.062032801378486
11,5,17,150,Elitist,1.142051456804893
11,5,18,150,Elitist,27.574164776263387
11,5,19,150,Elitist,9.605316632626526
11,6,0,150,Elitist,4.480900992283978
11,6,1,150,Elitist,9.264906259623558
11,6,2,150,Elitist,4.414740581170349
11,6,3,150,Elitist,0.4306626091754424
11,6,4,150,Elitist,26.18398523321116
11,6,5,150,Elitist,17.753770862169063
11,6,6,150,Elitist,3.486802416394653
11,6,7,150,Elitist,51.96426026392578
11,6,8,150,Elitist,13.432690622680752
11,6,9,150,Elitist,1.8689244225080301
11,6,10,150,Elitist,24.282202592200747
11,6,11,150,Elitist,2.2104708924479155
11,6,12,150,Elitist,17.51882980642108
11,6,13,150,Elitist,39.06625725677986
11,6,14,150,Elitist,19.26679042177716
11,6,15,150,Elitist,9.8839749934383
11,6,16,150,Elitist,9.703584369914552
11,6,17,150,Elitist,16.365662300644544
11,6,18,150,Elitist,24.348247510449482
11,6,19,150,Elitist,11.237501674964506
11,7,0,150,Elitist,7.702069632807934
11,7,1,150,Elitist,27.797935996332157
11,7,2,150,Elitist,18.523134289139833
11,7,3,150,Elitist,36.26653023160248
11,7,4,150,Elitist,15.777591175900525
11,7,5,150,Elitist,10.703243112411087
11,7,6,150,Elitist,2.3968681433467935
11,7,7,150,Elitist,2.4772326041438504
11,7,8,150,Elitist,13.125481432586824
11,7,9,150,Elitist,1.705371884544789
11,7,10,150,Elitist,12.936861392437322
11,7,11,150,Elitist,8.617298451935469
11,7,12,150,Elitist,18.11851101996959
11,7,13,150,Elitist,19.32085578586876
11,7,14,150,Elitist,12.11493933668008
11,7,15,150,Elitist,12.085024590752425
11,7,16,150,Elitist,10.412229218945114
11,7,17,150,Elitist,17.06365823326729
11,7,18,150,Elitist,36.58568892801041
11,7,19,150,Elitist,8.50309758426532
12,1,0,150,Elitist,0.19244027447098233
12,1,1,150,Elitist,0.1840264283127908
12,1,2,150,Elitist,26.147721194470364
12,1,3,150,Elitist,0.940869729228325
12,1,4,150,Elitist,7.592435697893507
12,1,5,150,Elitist,0.23384310481185366
12,1,6,150,Elitist,1.03939919485083
12,1,7,150,Elitist,11.777614255066737
12,1,8,150,Elitist,2.506075398651774
12,1,9,150,Elitist,23.102763206499162
12,1,10,150,Elitist,4.141810664411764
12,1,11,150,Elitist,11.88597657848959
12,1,12,150,Elitist,0.13230438749417317
12,1,13,150,Elitist,0.020976928090476576
12,1,14,150,Elitist,37.70467219382522
12,1,15,150,Elitist,0.13742857519343943
12,1,16,150,Elitist,8.418571641192557
12,1,17,150,Elitist,0.17815886731034425
12,1,18,150,Elitist,1.741156034132473
12,1,19,150,Elitist,0.0003560432890026277
12,2,0,150,Elitist,2.0281741784224323
12,2,1,150,Elitist,1.8108262672811577
12,2,2,150,Elitist,2.6620403895845186
12,2,3,150,Elitist,3.1480563016866085
12,2,4,150,Elitist,10.930412411167026
12,2,5,150,Elitist,11.706588392059132
12,2,6,150,Elitist,1.8586401205729715
12,2,7,150,Elitist,6.577225733272087
12,2,8,150,Elitist,11.924024601698392
12,2,9,150,Elitist,0.30873669233989176
12,2,10,150,Elitist,2.368546036802286
12,2,11,150,Elitist,2.3200407615950382
12,2,12,150,Elitist,0.4024093775705353
12,2,13,150,Elitist,10.695755568850785
12,2,14,150,Elitist,10.843341261007339
12,2,15,150,Elitist,1.2506655972000544
12,2,16,150,Elitist,0.41838365952523304
12,2,17,150,Elitist,7.504553465033581
12,2,18,150,Elitist,6.341717462909486
12,2,19,150,Elitist,8.862500086643507
12,3,0,150,Elitist,0.9995985208509879
12,3,1,150,Elitist,7.585086956227215
12,3,2,150,Elitist,1.4367895655940686
12,3,3,150,Elitist,6.314910525865571
12,3,4,150,Elitist,0.8006218137286041
12,3,5,150,Elitist,1.9221414530118324
12,3,6,150,Elitist,14.15357828865882
12,3,7,150,Elitist,2.7671721871187955
12,3,8,150,Elitist,9.268853802432403
12,3,9,150,Elitist,0.7208885397110265
12,3,10,150,Elitist,0.23131924149578253
12,3,11,150,Elitist,6.018556277969225
12,3,12,150,Elitist,12.332647148782726
12,3,13,150,Elitist,12.158524228337697
12,3,14,150,Elitist,6.046185255402136
12,3,15,150,Elitist,0.0903946132378195
12,3,16,150,Elitist,6.2985909516914305
12,3,17,150,Elitist,7.4218689970999066
12,3,18,150,Elitist,2.8772715124353354
12,3,19,150,Elitist,0.038402855373021794
12,4,0,150,Elitist,0.005152649918645835
12,4,1,150,Elitist,4.938899001977504
12,4,2,150,Elitist,0.6203953201792309
12,4,3,150,Elitist,1.5657233634805898
12,4,4,150,Elitist,0.13943702612576914
12,4,5,150,Elitist,3.078522954625445
12,4,6,150,Elitist,3.200258629644912
12,4,7,150,Elitist,6.4902353487646
12,4,8,150,Elitist,0.7660718356495195
12,4,9,150,Elitist,0.7441985144301348
12,4,10,150,Elitist,4.066474964027382
12,4,11,150,Elitist,6.5842858801722635
12,4,12,150,Elitist,1.955035049295244
12,4,13,150,Elitist,4.809613122389674
12,4,14,150,Elitist,5.91661146124193
12,4,15,150,Elitist,6.781981711757297
12,4,16,150,Elitist,5.6123113792276165
12,4,17,150,Elitist,0.020935408363513375
12,4,18,150,Elitist,0.13008714029415458
12,4,19,150,Elitist,0.922647121575384
12,5,0,150,Elitist,4.916278419221129
12,5,1,150,Elitist,0.3093527510244982
12,5,2,150,Elitist,0.16585347278297036
12,5,3,150,Elitist,60.3346322704455
12,5,4,150,Elitist,0.15231369802834394
12,5,5,150,Elitist,0.07890547841194717
12,5,6,150,Elitist,1.2506456113966564
12,5,7,150,Elitist,0.3072835864546519
12,5,8,150,Elitist,0.6843381910555593
12,5,9,150,Elitist,6.09238426658812
12,5,10,150,Elitist,11.725231819835038
12,5,11,150,Elitist,2.437808741312786
12,5,12,150,Elitist,14.296845600312885
12,5,13,150,Elitist,1.8558097105551212
12,5,14,150,Elitist,1.557722601928738
12,5,15,150,Elitist,2.0659872701733804
12,5,16,150,Elitist,2.5965762007258135
12,5,17,150,Elitist,0.02483911650832482
12,5,18,150,Elitist,13.636006430141471
12,5,19,150,Elitist,8.33459647537893e-05
12,6,0,150,Elitist,0.019611451449561557
12,6,1,150,Elitist,0.010356684097446944
12,6,2,150,Elitist,9.260239751362237
12,6,3,150,Elitist,0.0014771174316727809
12,6,4,150,Elitist,3.758179547446808
12,6,5,150,Elitist,3.5848144592655125
12,6,6,150,Elitist,6.252400315849602
12,6,7,150,Elitist,0.06398734461442324
12,6,8,150,Elitist,4.347604867282437
12,6,9,150,Elitist,0.44706183424564827
12,6,10,150,Elitist,2.7648020465757543
12,6,11,150,Elitist,1.0196363973182443
12,6,12,150,Elitist,3.9353135865732156
12,6,13,150,Elitist,11.17141471896647
12,6,14,150,Elitist,1.3721465663453216
12,6,15,150,Elitist,2.4755094388238845
12,6,16,150,Elitist,36.97304874877532
12,6,17,150,Elitist,0.8705642157155857
12,6,18,150,Elitist,0.16537221673222469
12,6,19,150,Elitist,1.8164988562693285
12,7,0,150,Elitist,25.134556435703786
12,7,1,150,Elitist,0.3825763047579471
12,7,2,150,Elitist,22.912971899664512
12,7,3,150,Elitist,28.51884544709003
12,7,4,150,Elitist,0.04344896092527506
12,7,5,150,Elitist,25.05917338594105
12,7,6,150,Elitist,45.34843951519204
12,7,7,150,Elitist,0.09671342444730158
12,7,8,150,Elitist,0.11800910852997504
12,7,9,150,Elitist,16.60356308974403
12,7,10,150,Elitist,0.8539087509329306
12,7,11,150,Elitist,9.995586905407805
12,7,12,150,Elitist,0.046017924713709135
12,7,13,150,Elitist,0.05274771495641062
12,7,14,150,Elitist,50.442973377858905
12,7,15,150,Elitist,3.8378022044317674
12,7,16,150,Elitist,0.011496997301151168
12,7,17,150,Elitist,0.13599156087681763
12,7,18,150,Elitist,2.4945650057338753
12,7,19,150,Elitist,16.89700527987037
13,1,0,150,Elitist,3.716575575766747
13,1,1,150,Elitist,1.5821895240533124
13,1,2,150,Elitist,2.539256346232598
13,1,3,150,Elitist,5.006872593246889
13,1,4,150,Elitist,2.075439503812106
13,1,5,150,Elitist,4.858163458380012
13,1,6,150,Elitist,1.9883739228457138
13,1,7,150,Elitist,3.5889741234387884
13,1,8,150,Elitist,0.1024610317236565
13,1,9,150,Elitist,0.6264774458595994
13,1,10,150,Elitist,0.5711513717000365
13,1,11,150,Elitist,3.0324189449683914
13,1,12,150,Elitist,1.038752857151927
13,1,13,150,Elitist,0.02417363561749397
13,1,14,150,Elitist,22.436694514473594
13,1,15,150,Elitist,7.473732125978742
13,1,16,150,Elitist,1.5506475972273535
13,1,17,150,Elitist,5.881278489994202e-06
13,1,18,150,Elitist,0.018403885864856306
13,1,19,150,Elitist,3.9089005674195505
13,2,0,150,Elitist,0.9186694297150595
13,2,1,150,Elitist,1.1138453418777772
13,2,2,150,Elitist,0.6177568757482987
13,2,3,150,Elitist,1.7157891228243471
13,2,4,150,Elitist,0.6307733382028644
13,2,5,150,Elitist,0.05547834841117094
13,2,6,150,Elitist,1.0831589041613583
13,2,7,150,Elitist,0.012830503568572738
13,2,8,150,Elitist,0.03904633431476867
13,2,9,150,Elitist,4.739613245741523
13,2,10,150,Elitist,7.026892377517591
13,2,11,150,Elitist,3.8395223848779167
13,2,12,150,Elitist,1.3792787885957765
13,2,13,150,Elitist,6.133234034549041
13,2,14,150,Elitist,6.1467304026763045
13,2,15,150,Elitist,1.5981538642961297
13,2,16,150,Elitist,0.03946106241904346
13,2,17,150,Elitist,7.296995175552659
13,2,18,150,Elitist,1.5275257439030696
13,2,19,150,Elitist,0.2197580964342336
13,3,0,150,Elitist,1.2074572471699412
13,3,1,150,Elitist,8.145827341446932
13,3,2,150,Elitist,1.3463321670998312
13,3,3,150,Elitist,0.46520245485976375
13,3,4,150,Elitist,0.19936762306900846
13,3,5,150,Elitist,0.01396731914354632
13,3,6,150,Elitist,6.968016643599924
13,3,7,150,Elitist,6.79030770627395
13,3,8,150,Elitist,2.0298818192317185
13,3,9,150,Elitist,5.881807163445501
13,3,10,150,Elitist,8.652785753318256
13,3,11,150,Elitist,7.7303648892224714
13,3,12,150,Elitist,7.720868085080269
13,3,13,150,Elitist,11.265789770893718
13,3,14,150,Elitist,0.009096102924161187
13,3,15,150,Elitist,0.23811690189745605
13,3,16,150,Elitist,0.3048441817456933
13,3,17,150,Elitist,4.476234102327851
13,3,18,150,Elitist,0.0627278642557485
13,3,19,150,Elitist,0.3457010354444492
13,4,0,150,Elitist,1.7292738354714174
13,4,1,150,Elitist,14.193995915095002
13,4,2,150,Elitist,17.28310213428847
13,4,3,150,Elitist,6.6885196362977695
13,4,4,150,Elitist,0.4712337842349825
13,4,5,150,Elitist,1.3621111302193185
13,4,6,150,Elitist,8.05813265913207
13,4,7,150,Elitist,3.4731561043749934
13,4,8,150,Elitist,0.2351542743435857
13,4,9,150,Elitist,0.0028243996431456253
13,4,10,150,Elitist,0.07208046166556414
13,4,11,150,Elitist,0.2005845270290365
13,4,12,150,Elitist,9.072594599192485
13,4,13,150,Elitist,3.8483612451849467
13,4,14,150,Elitist,7.924823653832618
13,4,15,150,Elitist,0.1281992165253314
13,4,16,150,Elitist,29.461208803430168
13,4,17,150,Elitist,1.0817159278630015
13,4,18,150,Elitist,1.4028623005337977
13,4,19,150,Elitist,0.028263920012363997
13,5,0,150,Elitist,0.06979204297772412
13,5,1,150,Elitist,9.204784935822019
13,5,2,150,Elitist,16.16312868169453
13,5,3,150,Elitist,54.47951124336495
13,5,4,150,Elitist,8.382334251486583
13,5,5,150,Elitist,22.789462612401934
13,5,6,150,Elitist,0.9712594458307393
13,5,7,150,Elitist,8.785666970866771
13,5,8,150,Elitist,0.11041363617043487
13,5,9,150,Elitist,7.672150286680662
13,5,10,150,Elitist,4.716111493204252
13,5,11,150,Elitist,15.834513581497418
13,5,12,150,Elitist,0.015931429151962107
13,5,13,150,Elitist,0.028532740295204917
13,5,14,150,Elitist,0.5180117317243855
13,5,15,150,Elitist,4.019761002091826
13,5,16,150,Elitist,0.04323358986592041
13,5,17,150,Elitist,1.0682328783666009
13,5,18,150,Elitist,4.173180111422894
13,5,19,150,Elitist,4.903894176905595
13,6,0,150,Elitist,4.117733614630026
13,6,1,150,Elitist,0.4163383377514833
13,6,2,150,Elitist,0.08172333259625475
13,6,3,150,Elitist,0.45491943560131176
13,6,4,150,Elitist,0.9217449289298543
13,6,5,150,Elitist,2.8005817815982255
13,6,6,150,Elitist,0.06587628324325578
13,6,7,150,Elitist,0.21258773143216558
13,6,8,150,Elitist,4.221721780979635
13,6,9,150,Elitist,0.3474829218245077
13,6,10,150,Elitist,8.201669458730578
13,6,11,150,Elitist,1.488164138321281
13,6,12,150,Elitist,2.362365684057636
13,6,13,150,Elitist,0.012191898728076467
13,6,14,150,Elitist,1.2119427956547497
13,6,15,150,Elitist,6.294188167319533
13,6,16,150,Elitist,2.2371737847738586
13,6,17,150,Elitist,18.320637816761746
13,6,18,150,Elitist,4.979510061357132
13,6,19,150,Elitist,0.6798573488775332
13,7,0,150,Elitist,6.409794182233654
13,7,1,150,Elitist,0.6257527624694958
13,7,2,150,Elitist,11.652741659284594
13,7,3,150,Elitist,0.10747539418716912
13,7,4,150,Elitist,5.203195194834585
13,7,5,150,Elitist,3.773282325602352
13,7,6,150,Elitist,16.451654480990513
13,7,7,150,Elitist,2.451217152222931
13,7,8,150,Elitist,3.28118139357656
13,7,9,150,Elitist,5.360968447404375
13,7,10,150,Elitist,0.25633554561765237
13,7,11,150,Elitist,5.271838677547244
13,7,12,150,Elitist,2.4290104266159886
13,7,13,150,Elitist,1.3385144549369201
13,7,14,150,Elitist,14.353055294112572
13,7,15,150,Elitist,2.415220059792233
13,7,16,150,Elitist,0.0019870215175927797
13,7,17,150,Elitist,2.8916354499987165
13,7,18,150,Elitist,7.17415087880034
13,7,19,150,Elitist,28.44177231919587
14,1,0,150,Elitist,6.120401016573851e-05
14,1,1,150,Elitist,1.961700512254083e-05
14,1,2,150,Elitist,4.373623362141643e-05
14,1,3,150,Elitist,0.00028144369932192603
14,1,4,150,Elitist,0.0003125229024973919
14,1,5,150,Elitist,0.0001859985295595834
14,1,6,150,Elitist,0.00022933428418525637
14,1,7,150,Elitist,9.148873467523799e-05
14,1,8,150,Elitist,3.7305898366923884e-05
14,1,9,150,Elitist,5.5783921794727576e-05
14,1,10,150,Elitist,0.0002997819852268435
14,1,11,150,Elitist,1.3857429649988262e-05
14,1,12,150,Elitist,1.3493226020955262e-05
14,1,13,150,Elitist,4.366175029701935e-05
14,1,14,150,Elitist,7.432903887405473e-05
14,1,15,150,Elitist,0.00024392558746200166
14,1,16,150,Elitist,0.00022261924268462963
14,1,17,150,Elitist,0.00011503369068321945
14,1,18,150,Elitist,0.00011960125988963455
14,1,19,150,Elitist,8.413654719419128e-05
14,2,0,150,Elitist,3.6154668379140276e-05
14,2,1,150,Elitist,0.0003236905119763378
14,2,2,150,Elitist,5.7118459267258004e-05
14,2,3,150,Elitist,0.00018726035941085684
14,2,4,150,Elitist,0.0001181759896553558
14,2,5,150,Elitist,0.00035699304802960796
14,2,6,150,Elitist,0.00010193449520556896
14,2,7,150,Elitist,0.00042276344359493123
14,2,8,150,Elitist,0.00012512270637898837
14,2,9,150,Elitist,0.00030625430594000136
14,2,10,150,Elitist,0.0002182023979173664
14,2,11,150,Elitist,0.0003678498872830005
14,2,12,150,Elitist,0.00019007442844554134
14,2,13,150,Elitist,1.8859360778833434e-05
14,2,14,150,Elitist,0.0006659365244559012
14,2,15,150,Elitist,0.0009407931001419456
14,2,16,150,Elitist,1.8322430236139553e-05
14,2,17,150,Elitist,5.1283525493772686e-05
14,2,18,150,Elitist,0.00013889441319747675
14,2,19,150,Elitist,4.795719888761596e-06
14,3,0,150,Elitist,8.120206283024345e-05
14,3,1,150,Elitist,3.86297066086172e-05
14,3,2,150,Elitist,0.00016104879817646633
14,3,3,150,Elitist,8.119710116716305e-06
14,3,4,150,Elitist,3.6134093662099076e-05
14,3,5,150,Elitist,4.161120942569596e-05
14,3,6,150,Elitist,0.0002842930709050506
14,3,7,150,Elitist,0.00014814392406492516
14,3,8,150,Elitist,0.00020511692953562033
14,3,9,150,Elitist,1.7746739999324745e-05
14,3,10,150,Elitist,0.00028849105581230106
14,3,11,150,Elitist,0.00010410709788288841
14,3,12,150,Elitist,1.2351513063890707e-05
14,3,13,150,Elitist,0.0007489892778806961
14,3,14,150,Elitist,4.6972212231821686e-05
14,3,15,150,Elitist,0.0012138213847521229
14,3,16,150,Elitist,6.938079604879022e-05
14,3,17,150,Elitist,0.0002306545787007508
14,3,18,150,Elitist,0.000273255237047465
14,3,19,150,Elitist,0.00013145573093709118
14,4,0,150,Elitist,0.0002813837529700436
14,4,1,150,Elitist,0.0005559004232509324
14,4,2,150,Elitist,0.00011418093745874103
14,4,3,150,Elitist,0.00010407312144167236
14,4,4,150,Elitist,0.00015313609474532086
14,4,5,150,Elitist,0.000429451849470297
14,4,6,150,Elitist,0.00023657585690273208
14,4,7,150,Elitist,0.0004556827254447171
14,4,8,150,Elitist,0.00041999653378610446
14,4,9,150,Elitist,0.00011193994194513834
14,4,10,150,Elitist,3.415885414881359e-05
14,4,11,150,Elitist,0.0003466229189115211
14,4,12,150,Elitist,9.139311524819504e-05
14,4,13,150,Elitist,0.00031791946464920784
14,4,14,150,Elitist,0.0003786036789037439
14,4,15,150,Elitist,0.00034896780032767083
14,4,16,150,Elitist,0.00014405327160460502
14,4,17,150,Elitist,0.00027904112845078544
14,4,18,150,Elitist,9.006661738908406e-05
14,4,19,150,Elitist,0.0002433018469858439
14,5,0,150,Elitist,0.00016775111002687026
14,5,1,150,Elitist,0.00022012783357183707
14,5,2,150,Elitist,0.0001242518228679046
14,5,3,150,Elitist,5.4062980346714085e-05
14,5,4,150,Elitist,0.00019546042150864196
14,5,5,150,Elitist,0.000295147941670848
14,5,6,150,Elitist,0.0003791702087738713
14,5,7,150,Elitist,5.8106956778658514e-05
14,5,8,150,Elitist,7.065171590170394e-05
14,5,9,150,Elitist,9.508547184822191e-05
14,5,10,150,Elitist,0.0005103945090780826
14,5,11,150,Elitist,0.00022522763332233353
14,5,12,150,Elitist,9.776964542851374e-05
14,5,13,150,Elitist,0.00012508794043242233
14,5,14,150,Elitist,0.00010151504609012818
14,5,15,150,Elitist,0.0002600199388567148
14,5,16,150,Elitist,0.00015134209859724024
14,5,17,150,Elitist,0.0006817660587614682
14,5,18,150,Elitist,2.084006526814619e-05
14,5,19,150,Elitist,6.54139135392029e-05
14,6,0,150,Elitist,0.0001200760177297866
14,6,1,150,Elitist,5.600658621318644e-05
14,6,2,150,Elitist,0.0003129666583561175
14,6,3,150,Elitist,0.00024676450824046015
14,6,4,150,Elitist,0.0004938193900940746
14,6,5,150,Elitist,7.092967249633375e-05
14,6,6,150,Elitist,0.000174833178355982
14,6,7,150,Elitist,3.655055895279702e-05
14,6,8,150,Elitist,4.083557907819113e-05
14,6,9,150,Elitist,6.09905763795382e-05
14,6,10,150,Elitist,0.00012549373401071762
14,6,11,150,Elitist,5.717806241989365e-05
14,6,12,150,Elitist,0.0005674690581827235
14,6,13,150,Elitist,0.0002929806976581517
14,6,14,150,Elitist,0.00012044239964836834
14,6,15,150,Elitist,0.0004864600557041854
14,6,16,150,Elitist,7.873293193227937e-05
14,6,17,150,Elitist,3.148207361647337e-05
14,6,18,150,Elitist,8.879618628299113e-05
14,6,19,150,Elitist,3.641498606299365e-05
14,7,0,150,Elitist,0.0007849278611757882
14,7,1,150,Elitist,2.8059408791136775e-05
14,7,2,150,Elitist,8.392609176155474e-05
14,7,3,150,Elitist,0.00016659112762340555
14,7,4,150,Elitist,1.3066606925349333e-05
14,7,5,150,Elitist,0.00025346932883962836
14,7,6,150,Elitist,0.00017478137847604103
14,7,7,150,Elitist,0.0002077287253570148
14,7,8,150,Elitist,7.13475864273505e-05
14,7,9,150,Elitist,0.00017766559032850182
14,7,10,150,Elitist,4.799455730619684e-05
14,7,11,150,Elitist,0.00018017741116693742
14,7,12,150,Elitist,2.9369754187769104e-05
14,7,13,150,Elitist,0.00028576219514775403
14,7,14,150,Elitist,0.00014642839161638221
14,7,15,150,Elitist,0.00010912248205841024
14,7,16,150,Elitist,3.770561332316902e-05
14,7,17,150,Elitist,0.00019309704917702675
14,7,18,150,Elitist,0.00034618685837983776
14,7,19,150,Elitist,9.52834477345732e-05
15,1,0,150,Elitist,7.95966741893335
15,1,1,150,Elitist,14.648162646501078
15,1,2,150,Elitist,10.944539552416018
15,1,3,150,Elitist,3.97983622838251
15,1,4,150,Elitist,38.802869105927584
15,1,5,150,Elitist,12.934432432046947
15,1,6,150,Elitist,23.81615113547889
15,1,7,150,Elitist,19.188881971402793
15,1,8,150,Elitist,6.964708366450054
15,1,9,150,Elitist,14.924350546296523
15,1,10,150,Elitist,14.632718873442855
15,1,11,150,Elitist,9.949580495310329
15,1,12,150,Elitist,8.954621438214986
15,1,13,150,Elitist,1.989918114191937
15,1,14,150,Elitist,9.94958049617776
15,1,15,150,Elitist,4.974795286082099
15,1,16,150,Elitist,7.959667815166654
15,1,17,150,Elitist,14.924350546389746
15,1,18,150,Elitist,8.679181346977884
15,1,19,150,Elitist,5.969749304878633
15,2,0,150,Elitist,9.94958049535947
15,2,1,150,Elitist,9.949580495435214
15,2,2,150,Elitist,4.974795285480596
15,2,3,150,Elitist,2.9848771713319735
15,2,4,150,Elitist,6.125685013856483
15,2,5,150,Elitist,6.964708361857021
15,2,6,150,Elitist,15.919309603461087
15,2,7,150,Elitist,10.94453955761145
15,2,8,150,Elitist,16.67612577965437
15,2,9,150,Elitist,6.964708361859351
15,2,10,150,Elitist,2.9848771712798765
15,2,11,150,Elitist,1.9899181214412351
15,2,12,150,Elitist,19.805740641414445
15,2,13,150,Elitist,8.954621438210495
15,2,14,150,Elitist,17.249553226508084
15,2,15,150,Elitist,6.9662452469190725
15,2,16,150,Elitist,8.954621438214105
15,2,17,150,Elitist,12.934452632918678
15,2,18,150,Elitist,2.9848771715924443
15,2,19,150,Elitist,3.979836228400629
15,3,0,150,Elitist,27.97920137590698
15,3,1,150,Elitist,2.984877171279976
15,3,2,150,Elitist,19.92206768856611
15,3,3,150,Elitist,5.96974930482795
15,3,4,150,Elitist,6.964708436449001
15,3,5,150,Elitist,2.9848771713155884
15,3,6,150,Elitist,2.98487717128787
15,3,7,150,Elitist,5.969749304819594
15,3,8,150,Elitist,19.570265188620617
15,3,9,150,Elitist,18.27632215463476
15,3,10,150,Elitist,1.9899181141898552
15,3,11,150,Elitist,14.146421825861296
15,3,12,150,Elitist,6.964708361900705
15,3,13,150,Elitist,9.94958049535903
15,3,14,150,Elitist,12.934452628816587
15,3,15,150,Elitist,9.949560304746626
15,3,16,150,Elitist,7.959667419038176
15,3,17,150,Elitist,29.46484660002011
15,3,18,150,Elitist,13.929391493118288
15,3,19,150,Elitist,2.984877171544582
15,4,0,150,Elitist,4.974790247866878
15,4,1,150,Elitist,3.9798362296433183
15,4,2,150,Elitist,1.9899181141873434
15,4,3,150,Elitist,9.949580495333358
15,4,4,150,Elitist,2.984877171280875
15,4,5,150,Elitist,12.096155649136932
15,4,6,150,Elitist,7.959667419482656
15,4,7,150,Elitist,8.95466579639313
15,4,8,150,Elitist,17.909202482977413
15,4,9,150,Elitist,12.934432432391972
15,4,10,150,Elitist,23.87890617356988
15,4,11,150,Elitist,5.969749610546501
15,4,12,150,Elitist,21.999217317602444
15,4,13,150,Elitist,29.129556207146415
15,4,14,150,Elitist,4.974795285498491
15,4,15,150,Elitist,2.9848771716272005
15,4,16,150,Elitist,22.248483236095126
15,4,17,150,Elitist,0.9949590571055218
15,4,18,150,Elitist,1.9899181142003357
15,4,19,150,Elitist,2.984877171303971
15,5,0,150,Elitist,7.959667418957039
15,5,1,150,Elitist,19.699056683355195
15,5,2,150,Elitist,5.969749304744923
15,5,3,150,Elitist,11.939493571664798
15,5,4,150,Elitist,1.9899181142051816
15,5,5,150,Elitist,9.94958049530355
15,5,6,150,Elitist,23.87895178772078
15,5,7,150,Elitist,10.62095118967693
15,5,8,150,Elitist,15.483512690729668
15,5,9,150,Elitist,2.984877171281525
15,5,10,150,Elitist,25.44735237147043
15,5,11,150,Elitist,1.9899181141868496
15,5,12,150,Elitist,2.984877171293931
15,5,13,150,Elitist,8.95462144876565
15,5,14,150,Elitist,4.974790265076095
15,5,15,150,Elitist,15.980146735874428
15,5,16,150,Elitist,16.37049699154852
15,5,17,150,Elitist,6.964708361836358
15,5,18,150,Elitist,9.949580495314379
15,5,19,150,Elitist,14.706168436558869
15,6,0,150,Elitist,8.95462145547927
15,6,1,150,Elitist,2.9848771717093
15,6,2,150,Elitist,10.944519355683909
15,6,3,150,Elitist,3.9798362284047215
15,6,4,150,Elitist,10.94453955238913
15,6,5,150,Elitist,2.984877171280644
15,6,6,150,Elitist,4.974795285474613
15,6,7,150,Elitist,2.9848771713101456
15,6,8,150,Elitist,4.974795539846312
15,6,9,150,Elitist,5.969749304875364
15,6,10,150,Elitist,4.974790247647931
15,6,11,150,Elitist,8.954621438212271
15,6,12,150,Elitist,33.18203271567516
15,6,13,150,Elitist,0.994959057095187
15,6,14,150,Elitist,21.88899309722602
15,6,15,150,Elitist,2.9848771712869393
15,6,16,150,Elitist,8.954601241491346
15,6,17,150,Elitist,14.145948119053159
15,6,18,150,Elitist,0.994959057112851
15,6,19,150,Elitist,4.974790268603357
15,7,0,150,Elitist,2.9848771714959526
15,7,1,150,Elitist,45.26918044348997
15,7,2,150,Elitist,26.381842667746753
15,7,3,150,Elitist,6.964708362256943
15,7,4,150,Elitist,2.984877214053114
15,7,5,150,Elitist,7.95966741899187
15,7,6,150,Elitist,10.944519355677556
15,7,7,150,Elitist,17.90922267971581
15,7,8,150,Elitist,14.924350546249912
15,7,9,150,Elitist,6.366462912410498e-12
15,7,10,150,Elitist,1.9899181142127134
15,7,11,150,Elitist,20.489338603785455
15,7,12,150,Elitist,17.909222679692334
15,7,13,150,Elitist,5.969749324350943
15,7,14,150,Elitist,14.691163535652663
15,7,15,150,Elitist,1.9899182117205783
15,7,16,150,Elitist,2.984877179878538
15,7,17,150,Elitist,3.979836235715453
15,7,18,150,Elitist,12.934437469863497
15,7,19,150,Elitist,3.979836253774124
16,1,0,150,Elitist,5.319010370648911
16,1,1,150,Elitist,4.534774709196412
16,1,2,150,Elitist,2.8480781374019557
16,1,3,150,Elitist,0.014030930778162087
16,1,4,150,Elitist,1.9001782626623367
16,1,5,150,Elitist,0.8616616385403688
16,1,6,150,Elitist,3.8922471725608574
16,1,7,150,Elitist,0.24638359251547115
16,1,8,150,Elitist,1.280901881283583
16,1,9,150,Elitist,2.95265321366702
16,1,10,150,Elitist,0.7676470989321444
16,1,11,150,Elitist,1.9140686267196543
16,1,12,150,Elitist,0.8037285055186487
16,1,13,150,Elitist,1.1848281357116122
16,1,14,150,Elitist,0.852263509923489
16,1,15,150,Elitist,2.9091356685821665
16,1,16,150,Elitist,1.3433932890297058
16,1,17,150,Elitist,0.3878841687814969
16,1,18,150,Elitist,8.493698720218873
16,1,19,150,Elitist,8.464423261841219
16,2,0,150,Elitist,0.7352122563970056
16,2,1,150,Elitist,2.4386681087917736
16,2,2,150,Elitist,0.6656271831728873
16,2,3,150,Elitist,3.1378738526965435
16,2,4,150,Elitist,0.8904960707126293
16,2,5,150,Elitist,13.736529708170792
16,2,6,150,Elitist,0.14790525651551434
16,2,7,150,Elitist,1.09357658456247
16,2,8,150,Elitist,2.2119663627743194
16,2,9,150,Elitist,0.4526607945607566
16,2,10,150,Elitist,0.3446966018291846
16,2,11,150,Elitist,0.0033783350908151988
16,2,12,150,Elitist,0.8651530481872669
16,2,13,150,Elitist,0.9773289821710023
16,2,14,150,Elitist,0.39367177800676245
16,2,15,150,Elitist,0.5059734801561717
16,2,16,150,Elitist,0.8201041215652367
16,2,17,150,Elitist,1.7125925523987462
16,2,18,150,Elitist,0.1371085109670389
16,2,19,150,Elitist,0.07301678018205848
16,3,0,150,Elitist,0.42568135245876704
16,3,1,150,Elitist,0.9590503219766617
16,3,2,150,Elitist,0.5052395457712038
16,3,3,150,Elitist,0.8796898123893584
16,3,4,150,Elitist,0.8772687400149408
16,3,5,150,Elitist,0.6093999826045433
16,3,6,150,Elitist,3.910112889022159
16,3,7,150,Elitist,7.1393173275683495
16,3,8,150,Elitist,2.0395576574808985
16,3,9,150,Elitist,1.4478932779722555
16,3,10,150,Elitist,5.9465859306247495
16,3,11,150,Elitist,5.10839206622191
16,3,12,150,Elitist,0.2990800609426145
16,3,13,150,Elitist,2.0054711445359743
16,3,14,150,Elitist,1.1789634206316606
16,3,15,150,Elitist,1.6994447625983184
16,3,16,150,Elitist,0.3524864669277008
16,3,17,150,Elitist,1.2382441734057181
16,3,18,150,Elitist,0.8046331314604913
16,3,19,150,Elitist,0.4079897151001859
16,4,0,150,Elitist,0.8550206365495114
16,4,1,150,Elitist,15.050292081007399
16,4,2,150,Elitist,0.1030878706914109
16,4,3,150,Elitist,0.6182925789045157
16,4,4,150,Elitist,1.7269000334425755
16,4,5,150,Elitist,0.49930910855709953
16,4,6,150,Elitist,0.10797635728590649
16,4,7,150,Elitist,0.012635504138984288
16,4,8,150,Elitist,0.6858367963502587
16,4,9,150,Elitist,1.1693098090478315
16,4,10,150,Elitist,0.4050534650308464
16,4,11,150,Elitist,1.5296251648896941
16,4,12,150,Elitist,8.58514117481775
16,4,13,150,Elitist,0.04447257189178799
16,4,14,150,Elitist,1.7974712271884528
16,4,15,150,Elitist,9.283756973398283
16,4,16,150,Elitist,2.672648517780658
16,4,17,150,Elitist,0.7342871996715985
16,4,18,150,Elitist,0.09322943172696796
16,4,19,150,Elitist,1.2081740229674551
16,5,0,150,Elitist,0.03962663859426385
16,5,1,150,Elitist,4.24431174771172
16,5,2,150,Elitist,0.3040246036832386
16,5,3,150,Elitist,3.5852402427593546
16,5,4,150,Elitist,11.439055619956122
16,5,5,150,Elitist,0.018506440394673973
16,5,6,150,Elitist,0.607917662430701
16,5,7,150,Elitist,1.77543706824909
16,5,8,150,Elitist,11.270531010763797
16,5,9,150,Elitist,0.021982114342741
16,5,10,150,Elitist,7.966547629551762
16,5,11,150,Elitist,6.584347283695401
16,5,12,150,Elitist,16.731476746641846
16,5,13,150,Elitist,0.742229119731725
16,5,14,150,Elitist,0.08940204786045314
16,5,15,150,Elitist,2.6070554253220592
16,5,16,150,Elitist,4.179446161769498
16,5,17,150,Elitist,0.36321486889592336
16,5,18,150,Elitist,1.131233578641421
16,5,19,150,Elitist,1.8983731867967393
16,6,0,150,Elitist,3.6909034397079132
16,6,1,150,Elitist,4.40477482417171
16,6,2,150,Elitist,6.396167554306761
16,6,3,150,Elitist,24.828092717429314
16,6,4,150,Elitist,3.8817927111285293
16,6,5,150,Elitist,0.08962602328709579
16,6,6,150,Elitist,0.15766535039413654
16,6,7,150,Elitist,3.61802825716261
16,6,8,150,Elitist,0.014090278454563787
16,6,9,150,Elitist,1.9379416291760734
16,6,10,150,Elitist,0.1779716722795186
16,6,11,150,Elitist,0.005320350056990719
16,6,12,150,Elitist,3.2566648679029413
16,6,13,150,Elitist,0.38524384414217394
16,6,14,150,Elitist,3.21383842810625
16,6,15,150,Elitist,10.494189190744493
16,6,16,150,Elitist,4.1679435167837795
16,6,17,150,Elitist,1.8698844996262665
16,6,18,150,Elitist,1.6225532240403453
16,6,19,150,Elitist,1.7035121556904507
16,7,0,150,Elitist,0.08771151909604669
16,7,1,150,Elitist,0.98587017843019
16,7,2,150,Elitist,4.779014865060233
16,7,3,150,Elitist,0.028186539069068317
16,7,4,150,Elitist,0.02128248072160943
16,7,5,150,Elitist,1.7953800336552987
16,7,6,150,Elitist,0.12385207713375479
16,7,7,150,Elitist,0.9571130458754453
16,7,8,150,Elitist,0.0034950644582352197
16,7,9,150,Elitist,8.566390878248747
16,7,10,150,Elitist,0.606080909747071
16,7,11,150,Elitist,1.0511125200305855
16,7,12,150,Elitist,1.9569610816431435
16,7,13,150,Elitist,1.5563543582435315
16,7,14,150,Elitist,0.4835654628252115
16,7,15,150,Elitist,2.4516480495152138
16,7,16,150,Elitist,0.6261226588923421
16,7,17,150,Elitist,0.5442172976474993
16,7,18,150,Elitist,0.5331692650804243
16,7,19,150,Elitist,0.017354367626474243
17,1,0,150,Elitist,0.019209208975130565
17,1,1,150,Elitist,0.1054445100725161
17,1,2,150,Elitist,0.0007633896485721436
17,1,3,150,Elitist,0.10310330198701223
17,1,4,150,Elitist,0.008379926297692464
17,1,5,150,Elitist,0.26028925519335644
17,1,6,150,Elitist,0.08993291958147509
17,1,7,150,Elitist,0.4890832100404552
17,1,8,150,Elitist,0.15729824636493817
17,1,9,150,Elitist,0.7268478746899554
17,1,10,150,Elitist,0.19588498661737574
17,1,11,150,Elitist,0.13076839089864123
17,1,12,150,Elitist,2.6076331579521277
17,1,13,150,Elitist,0.08047740744468257
17,1,14,150,Elitist,0.031210659029987653
17,1,15,150,Elitist,0.15136247748853293
17,1,16,150,Elitist,0.4304989800087675
17,1,17,150,Elitist,0.009175038704796634
17,1,18,150,Elitist,0.00031890087715069626
17,1,19,150,Elitist,0.1751975776103798
17,2,0,150,Elitist,0.06021952789525287
17,2,1,150,Elitist,0.059039451920536834
17,2,2,150,Elitist,0.04237632270858782
17,2,3,150,Elitist,0.003961929474716186
17,2,4,150,Elitist,0.03366411337526287
17,2,5,150,Elitist,0.1745671122239827
17,2,6,150,Elitist,0.1708426870010804
17,2,7,150,Elitist,0.8638667508091231
17,2,8,150,Elitist,0.20493082844534172
17,2,9,150,Elitist,0.09801089814892805
17,2,10,150,Elitist,0.12238987304641924
17,2,11,150,Elitist,0.004749229728254534
17,2,12,150,Elitist,0.00972161554800266
17,2,13,150,Elitist,0.05086938707621513
17,2,14,150,Elitist,0.12043784182445094
17,2,15,150,Elitist,0.01746474467503134
17,2,16,150,Elitist,0.838984829456848
17,2,17,150,Elitist,0.10796935225402393
17,2,18,150,Elitist,0.025663140356456893
17,2,19,150,Elitist,0.1299833485599855
17,3,0,150,Elitist,0.07648597821082603
17,3,1,150,Elitist,0.44839530501729996
17,3,2,150,Elitist,0.13673711818586298
17,3,3,150,Elitist,0.0265919386808946
17,3,4,150,Elitist,0.2558223481719324
17,3,5,150,Elitist,0.07098358369393054
17,3,6,150,Elitist,0.05361475624425793
17,3,7,150,Elitist,1.1021365644706407
17,3,8,150,Elitist,0.9490314685395447
17,3,9,150,Elitist,0.02558964272651565
17,3,10,150,Elitist,0.40710322962752343
17,3,11,150,Elitist,0.1030957921711888
17,3,12,150,Elitist,0.8384155630598116
17,3,13,150,Elitist,0.3621774319231008
17,3,14,150,Elitist,1.1185745887681264
17,3,15,150,Elitist,0.3012022470793454
17,3,16,150,Elitist,0.4201226005597505
17,3,17,150,Elitist,1.0272731716767112
17,3,18,150,Elitist,0.1412668489620046
17,3,19,150,Elitist,0.27688356132233594
17,4,0,150,Elitist,0.007749982202518879
17,4,1,150,Elitist,0.10175438869564601
17,4,2,150,Elitist,0.22350841053894754
17,4,3,150,Elitist,0.002372035984649301
17,4,4,150,Elitist,0.007314457956056231
17,4,5,150,Elitist,0.3599864571047817
17,4,6,150,Elitist,0.041162323007526425
17,4,7,150,Elitist,0.8643521412053303
17,4,8,150,Elitist,0.0218052517328573
17,4,9,150,Elitist,0.531457713343066
17,4,10,150,Elitist,0.032950652044966944
17,4,11,150,Elitist,0.2146228676097266
17,4,12,150,Elitist,0.05894165876543411
17,4,13,150,Elitist,0.010743077157890468
17,4,14,150,Elitist,0.018790876324736416
17,4,15,150,Elitist,0.026554860198487518
17,4,16,150,Elitist,0.29849418839020103
17,4,17,150,Elitist,0.005689070241174932
17,4,18,150,Elitist,0.517285319680326
17,4,19,150,Elitist,0.0001326328237851726
17,5,0,150,Elitist,0.3016138054782971
17,5,1,150,Elitist,0.19962568592569596
17,5,2,150,Elitist,0.25278117352442564
17,5,3,150,Elitist,0.11655318253758651
17,5,4,150,Elitist,0.10998903541766936
17,5,5,150,Elitist,0.02430606329946272
17,5,6,150,Elitist,0.027658419431446646
17,5,7,150,Elitist,0.046663046247175544
17,5,8,150,Elitist,0.06159600542244448
17,5,9,150,Elitist,0.09645262043071057
17,5,10,150,Elitist,1.3530952281691668
17,5,11,150,Elitist,0.02393514448314704
17,5,12,150,Elitist,0.592118180313804
17,5,13,150,Elitist,0.12777316454614152
17,5,14,150,Elitist,0.13428912388738468
17,5,15,150,Elitist,0.0036091411745644564
17,5,16,150,Elitist,0.19739243940702522
17,5,17,150,Elitist,0.279792860553556
17,5,18,150,Elitist,0.08500712911290975
17,5,19,150,Elitist,0.03930277377128277
17,6,0,150,Elitist,0.06213760933587764
17,6,1,150,Elitist,0.09092277458358922
17,6,2,150,Elitist,0.0027875650391990803
17,6,3,150,Elitist,0.3772676281062388
17,6,4,150,Elitist,0.07148701382865852
17,6,5,150,Elitist,0.16956087128954778
17,6,6,150,Elitist,1.6143099248399437
17,6,7,150,Elitist,0.07462002436136572
17,6,8,150,Elitist,0.36695298676050925
17,6,9,150,Elitist,1.0847010332404068
17,6,10,150,Elitist,0.025427521611192105
17,6,11,150,Elitist,0.08771022698974207
17,6,12,150,Elitist,0.15800655746443226
17,6,13,150,Elitist,0.0001165952584472052
17,6,14,150,Elitist,0.05765928734717818
17,6,15,150,Elitist,0.0022467856587127244
17,6,16,150,Elitist,0.23546625067189098
17,6,17,150,Elitist,0.014777394083068884
17,6,18,150,Elitist,0.09728595063410239
17,6,19,150,Elitist,0.0008593622523278555
17,7,0,150,Elitist,0.4365816224071608
17,7,1,150,Elitist,0.13280775420194857
17,7,2,150,Elitist,0.37223754347016325
17,7,3,150,Elitist,0.7229624840913829
17,7,4,150,Elitist,0.09198990036281884
17,7,5,150,Elitist,0.041115088749137385
17,7,6,150,Elitist,0.008722554083718137
17,7,7,150,Elitist,0.41148407707463264
17,7,8,150,Elitist,0.05333027457285766
17,7,9,150,Elitist,0.020139854428961712
17,7,10,150,Elitist,0.6889685817492506
17,7,11,150,Elitist,0.016036169882795548
17,7,12,150,Elitist,0.00240276611026502
17,7,13,150,Elitist,0.016628249194084788
17,7,14,150,Elitist,0.09884220716931225
17,7,15,150,Elitist,0.03986470498158212
17,7,16,150,Elitist,0.006810792046110237
17,7,17,150,Elitist,0.03678565831616254
17,7,18,150,Elitist,0.0896875486533446
17,7,19,150,Elitist,0.11758671006955979
18,1,0,150,Elitist,0.5200212053995443
18,1,1,150,Elitist,0.5749536629479799
18,1,2,150,Elitist,0.1671071091939318
18,1,3,150,Elitist,0.6432959627487485
18,1,4,150,Elitist,0.07439643882546676
18,1,5,150,Elitist,0.0753886559061705
18,1,6,150,Elitist,3.8315974013983247
18,1,7,150,Elitist,0.22602418512509814
18,1,8,150,Elitist,0.19674445794382223
18,1,9,150,Elitist,0.2686748721382415
18,1,10,150,Elitist,0.2287070798316826
18,1,11,150,Elitist,0.18995075910389048
18,1,12,150,Elitist,0.034021733522365594
18,1,13,150,Elitist,0.44940310268287575
18,1,14,150,Elitist,0.5557737951477506
18,1,15,150,Elitist,0.018158808944864546
18,1,16,150,Elitist,6.734405548181311
18,1,17,150,Elitist,0.10445030233200825
18,1,18,150,Elitist,0.5989716802611049
18,1,19,150,Elitist,0.0886322427379902
18,2,0,150,Elitist,0.14027043551707408
18,2,1,150,Elitist,0.1393815246011556
18,2,2,150,Elitist,0.797349296541892
18,2,3,150,Elitist,0.10737907276170233
18,2,4,150,Elitist,0.07021772451185626
18,2,5,150,Elitist,0.3488589449729034
18,2,6,150,Elitist,0.07002033026002508
18,2,7,150,Elitist,0.04152764051424995
18,2,8,150,Elitist,0.5202683894855014
18,2,9,150,Elitist,0.028389294711931967
18,2,10,150,Elitist,0.10680968932304324
18,2,11,150,Elitist,0.3368150987913836
18,2,12,150,Elitist,0.15258162529717367
18,2,13,150,Elitist,0.09641249776812089
18,2,14,150,Elitist,0.7184799268511135
18,2,15,150,Elitist,0.11855583378233803
18,2,16,150,Elitist,0.0291699968078305
18,2,17,150,Elitist,0.01574746310220121
18,2,18,150,Elitist,0.2163435280182675
18,2,19,150,Elitist,0.05562547183389199
18,3,0,150,Elitist,1.6544471671649603
18,3,1,150,Elitist,0.5206691749435777
18,3,2,150,Elitist,0.9718333540199069
18,3,3,150,Elitist,3.6076823582193924
18,3,4,150,Elitist,0.08996916348354489
18,3,5,150,Elitist,1.2955998119542755
18,3,6,150,Elitist,0.26117670894990397
18,3,7,150,Elitist,3.139423623077846
18,3,8,150,Elitist,1.2006861405135396
18,3,9,150,Elitist,0.003830154548779774
18,3,10,150,Elitist,1.4969919139597323
18,3,11,150,Elitist,0.10487416434136776
18,3,12,150,Elitist,0.8441746207494134
18,3,13,150,Elitist,0.5349364501304308
18,3,14,150,Elitist,0.2770688485480832
18,3,15,150,Elitist,0.3640111192578388
18,3,16,150,Elitist,0.32686887510152474
18,3,17,150,Elitist,0.7082204469663793
18,3,18,150,Elitist,1.8806747973132474
18,3,19,150,Elitist,0.47750872469310934
18,4,0,150,Elitist,0.4934549884819006
18,4,1,150,Elitist,1.0985183952649464
18,4,2,150,Elitist,0.6528365350269709
18,4,3,150,Elitist,0.956666521928085
18,4,4,150,Elitist,6.101607520056355
18,4,5,150,Elitist,0.6226467257888686
18,4,6,150,Elitist,0.3150117943534525
18,4,7,150,Elitist,0.06355771214996508
18,4,8,150,Elitist,0.0637494363794815
18,4,9,150,Elitist,0.19216751354410633
18,4,10,150,Elitist,0.10074283616018676
18,4,11,150,Elitist,0.2508096038577037
18,4,12,150,Elitist,0.6414539178797796
18,4,13,150,Elitist,0.0922265141080203
18,4,14,150,Elitist,0.4050618013170819
18,4,15,150,Elitist,1.0565078279067635
18,4,16,150,Elitist,2.8726064478156133
18,4,17,150,Elitist,0.83971170631375
18,4,18,150,Elitist,0.5644276036609455
18,4,19,150,Elitist,0.09469291333624597
18,5,0,150,Elitist,3.2796527299800573
18,5,1,150,Elitist,0.8203694938584647
18,5,2,150,Elitist,0.3453502705412461
18,5,3,150,Elitist,0.40034190552523796
18,5,4,150,Elitist,0.43211206753670695
18,5,5,150,Elitist,1.1553928112639653
18,5,6,150,Elitist,0.7312643635547715
18,5,7,150,Elitist,0.03369834618058576
18,5,8,150,Elitist,0.10790322192522694
18,5,9,150,Elitist,0.09413030535634448
18,5,10,150,Elitist,0.17128231145542827
18,5,11,150,Elitist,6.39359181123325
18,5,12,150,Elitist,0.7237399631295602
18,5,13,150,Elitist,1.6404387147786395
18,5,14,150,Elitist,0.14012811833785577
18,5,15,150,Elitist,1.0981668056761862
18,5,16,150,Elitist,0.02703901294842126
18,5,17,150,Elitist,5.133031878876608
18,5,18,150,Elitist,0.3123926508935142
18,5,19,150,Elitist,1.205259271218182
18,6,0,150,Elitist,1.732167383342329
18,6,1,150,Elitist,1.145306210645117
18,6,2,150,Elitist,0.14958689563562189
18,6,3,150,Elitist,0.0016181882198793573
18,6,4,150,Elitist,0.29650452040257846
18,6,5,150,Elitist,0.3492467344041188
18,6,6,150,Elitist,0.5398562291417761
18,6,7,150,Elitist,0.2258704538464258
18,6,8,150,Elitist,0.22735132665036417
18,6,9,150,Elitist,0.4147895937359749
18,6,10,150,Elitist,0.1388631732724832
18,6,11,150,Elitist,0.32619634170444556
18,6,12,150,Elitist,5.838638718790605
18,6,13,150,Elitist,0.3317179510238475
18,6,14,150,Elitist,0.6186515492319415
18,6,15,150,Elitist,0.09223548036547413
18,6,16,150,Elitist,0.00027480696391535275
18,6,17,150,Elitist,0.12940344900911782
18,6,18,150,Elitist,1.0147782515844312
18,6,19,150,Elitist,0.07579851141278482
18,7,0,150,Elitist,0.5797232756913075
18,7,1,150,Elitist,1.8094909942199422
18,7,2,150,Elitist,0.2545616873856602
18,7,3,150,Elitist,0.34776248866008075
18,7,4,150,Elitist,0.19812955641177155
18,7,5,150,Elitist,0.15973763668691277
18,7,6,150,Elitist,2.10938876804542
18,7,7,150,Elitist,0.4904395091996605
18,7,8,150,Elitist,0.03165195508077545
18,7,9,150,Elitist,0.33010993176158365
18,7,10,150,Elitist,0.030235949500948323
18,7,11,150,Elitist,0.1524560104313366
18,7,12,150,Elitist,0.13413780527089614
18,7,13,150,Elitist,0.10971381184144491
18,7,14,150,Elitist,3.3027730777835558
18,7,15,150,Elitist,0.4011375460291049
18,7,16,150,Elitist,0.31362146274003067
18,7,17,150,Elitist,0.2808206403777973
18,7,18,150,Elitist,0.8765216194749428
18,7,19,150,Elitist,0.6961768801701709
19,1,0,150,Elitist,3.1740967314986364
19,1,1,150,Elitist,1.2908935468577738
19,1,2,150,Elitist,2.5685542274430873
19,1,3,150,Elitist,1.5141335182285047
19,1,4,150,Elitist,2.37654134620567
19,1,5,150,Elitist,1.1678699167106998
19,1,6,150,Elitist,0.687223217539298
19,1,7,150,Elitist,1.6603464364931995
19,1,8,150,Elitist,1.7943297123748465
19,1,9,150,Elitist,0.30646744426840655
19,1,10,150,Elitist,1.1933492084065875
19,1,11,150,Elitist,1.8554881169326478
19,1,12,150,Elitist,3.760923462511826
19,1,13,150,Elitist,1.4997951161262506
19,1,14,150,Elitist,2.9499363444980986
19,1,15,150,Elitist,0.9545319700806232
19,1,16,150,Elitist,1.8726366813958606
19,1,17,150,Elitist,3.7987390242904695
19,1,18,150,Elitist,2.312914630777854
19,1,19,150,Elitist,1.8625112408444124
19,2,0,150,Elitist,1.573287297894936
19,2,1,150,Elitist,1.8607957410106337
19,2,2,150,Elitist,1.1241370512010178
19,2,3,150,Elitist,1.9788709426082676
19,2,4,150,Elitist,0.36367073339637557
19,2,5,150,Elitist,2.7325455213300103
19,2,6,150,Elitist,0.09817445829048665
19,2,7,150,Elitist,0.703278992823698
19,2,8,150,Elitist,0.5838312035635482
19,2,9,150,Elitist,0.7332694453750719
19,2,10,150,Elitist,0.051050569110273614
19,2,11,150,Elitist,0.17867420712636317
19,2,12,150,Elitist,1.4964426389571344
19,2,13,150,Elitist,1.7337610984159681
19,2,14,150,Elitist,2.0200116677768563
19,2,15,150,Elitist,1.735764661700486
19,2,16,150,Elitist,1.9257361862715499
19,2,17,150,Elitist,0.7536978208596281
19,2,18,150,Elitist,0.8638586480790025
19,2,19,150,Elitist,0.17627494171527758
19,3,0,150,Elitist,2.2292194262470844
19,3,1,150,Elitist,2.898403000531488
19,3,2,150,Elitist,1.8081394484667612
19,3,3,150,Elitist,1.921823677225035
19,3,4,150,Elitist,1.5780256168006872
19,3,5,150,Elitist,2.637881791419119
19,3,6,150,Elitist,0.230745722975513
19,3,7,150,Elitist,0.25311510284063843
19,3,8,150,Elitist,0.5492788611549031
19,3,9,150,Elitist,0.8948465909308823
19,3,10,150,Elitist,0.0369632938256359
19,3,11,150,Elitist,1.0003423626272934
19,3,12,150,Elitist,0.3846288529279889
19,3,13,150,Elitist,1.9098341693670875
19,3,14,150,Elitist,1.8136602364128578
19,3,15,150,Elitist,1.1983984961129295
19,3,16,150,Elitist,0.5111773229113226
19,3,17,150,Elitist,0.9922831502465783
19,3,18,150,Elitist,1.8228805361851244
19,3,19,150,Elitist,2.594235103597498
19,4,0,150,Elitist,0.12566504813637636
19,4,1,150,Elitist,3.360928980318704
19,4,2,150,Elitist,1.5920995847455117
19,4,3,150,Elitist,1.5470567242238147
19,4,4,150,Elitist,0.18849524673735374
19,4,5,150,Elitist,2.2435206899201603
19,4,6,150,Elitist,0.1413713590332648
19,4,7,150,Elitist,0.26497678439829997
19,4,8,150,Elitist,1.8530603744487948
19,4,9,150,Elitist,0.67907156513715
19,4,10,150,Elitist,2.6611751529543213
19,4,11,150,Elitist,2.2256371102272965
19,4,12,150,Elitist,0.2489167136176107
19,4,13,150,Elitist,1.812484396697208
19,4,14,150,Elitist,1.6190955275584429
19,4,15,150,Elitist,1.183598837086322
19,4,16,150,Elitist,1.4659584875925233
19,4,17,150,Elitist,1.1453283571863437
19,4,18,150,Elitist,1.3127565808814623
19,4,19,150,Elitist,0.12264515795936859
19,5,0,150,Elitist,0.46158012259081715
19,5,1,150,Elitist,1.0465417122145482
19,5,2,150,Elitist,2.9932769431411543
19,5,3,150,Elitist,2.1172431053972787
19,5,4,150,Elitist,0.9111104243086174
19,5,5,150,Elitist,1.620055472314334
19,5,6,150,Elitist,1.8945766358040146
19,5,7,150,Elitist,2.1244638085869383
19,5,8,150,Elitist,2.980548839997823
19,5,9,150,Elitist,0.17671427445702648
19,5,10,150,Elitist,2.9522696694281194
19,5,11,150,Elitist,1.412621813234523
19,5,12,150,Elitist,1.9510615850914519
19,5,13,150,Elitist,2.0297839717393344
19,5,14,150,Elitist,0.35928292586640964
19,5,15,150,Elitist,1.8841693586086876
19,5,16,150,Elitist,1.9785971050501985
19,5,17,150,Elitist,1.745801750516648
19,5,18,150,Elitist,0.7386151455574463
19,5,19,150,Elitist,0.6240478130650899
19,6,0,150,Elitist,1.9210473265783605
19,6,1,150,Elitist,1.159575323170202
19,6,2,150,Elitist,1.0904742723439824
19,6,3,150,Elitist,2.4485206035750195
19,6,4,150,Elitist,1.1027358657000832
19,6,5,150,Elitist,0.3229343085048697
19,6,6,150,Elitist,3.79440516300059
19,6,7,150,Elitist,1.7470420891907281
19,6,8,150,Elitist,1.0681611380770448
19,6,9,150,Elitist,2.2927127561709426
19,6,10,150,Elitist,0.26341139478648756
19,6,11,150,Elitist,0.6547691875364023
19,6,12,150,Elitist,3.08650210426768
19,6,13,150,Elitist,0.19242223791289348
19,6,14,150,Elitist,2.251026280791848
19,6,15,150,Elitist,1.3780901865197563
19,6,16,150,Elitist,3.0983121410053514
19,6,17,150,Elitist,2.384863783173273
19,6,18,150,Elitist,1.1769955537466785
19,6,19,150,Elitist,1.4262550195461756
19,7,0,150,Elitist,1.4799644548518955
19,7,1,150,Elitist,3.431387690761909
19,7,2,150,Elitist,0.969195023896539
19,7,3,150,Elitist,1.242324152321821
19,7,4,150,Elitist,0.3600188565655742
19,7,5,150,Elitist,1.4728714174537743
19,7,6,150,Elitist,0.9318181245225432
19,7,7,150,Elitist,1.2145731983060841
19,7,8,150,Elitist,2.6013802476038776
19,7,9,150,Elitist,0.25200140420398753
19,7,10,150,Elitist,0.26514105034232927
19,7,11,150,Elitist,1.5574005211970743
19,7,12,150,Elitist,1.6683740405093488
19,7,13,150,Elitist,2.1834251808718292
19,7,14,150,Elitist,1.150186635516306
19,7,15,150,Elitist,1.9042646655034758
19,7,16,150,Elitist,1.5230491355389688
19,7,17,150,Elitist,0.9288091980488247
19,7,18,150,Elitist,1.9451931234741267
19,7,19,150,Elitist,1.528905381409416
20,1,0,150,Elitist,1.5397146855752908
20,1,1,150,Elitist,2.251378695557264
20,1,2,150,Elitist,1.6187284878807304
20,1,3,150,Elitist,1.8162926203973484
20,1,4,150,Elitist,1.6496515906601417
20,1,5,150,Elitist,1.9347092005665445
20,1,6,150,Elitist,1.8952352009154083
20,1,7,150,Elitist,1.9884840878215755
20,1,8,150,Elitist,1.697648774308277
20,1,9,150,Elitist,1.1844491490995779
20,1,10,150,Elitist,2.3295857614872375
20,1,11,150,Elitist,1.4609558621096994
20,1,12,150,Elitist,1.9705524632863671
20,1,13,150,Elitist,1.1449093464680118
20,1,14,150,Elitist,0.9080326772399303
20,1,15,150,Elitist,0.9080326772397029
20,1,16,150,Elitist,0.2368766692487725
20,1,17,150,Elitist,2.4487935175638995
20,1,18,150,Elitist,1.8162926203980305
20,1,19,150,Elitist,2.3687733561837376
20,2,0,150,Elitist,1.8950568627208213
20,2,1,150,Elitist,1.5397146855750634
20,2,2,150,Elitist,1.9355105180854935
20,2,3,150,Elitist,1.1844491490995779
20,2,4,150,Elitist,1.8952352008909656
20,2,5,150,Elitist,1.3642790665271605
20,2,6,150,Elitist,2.2233730154136992
20,2,7,150,Elitist,2.862458748618792
20,2,8,150,Elitist,1.8950568627207076
20,2,9,150,Elitist,2.100866896369439
20,2,10,150,Elitist,2.09270909227223
20,2,11,150,Elitist,1.8161311574460797
20,2,12,150,Elitist,2.6145465847939704
20,2,13,150,Elitist,1.5397859073876816
20,2,14,150,Elitist,1.105435346791296
20,2,15,150,Elitist,2.2563430359322183
20,2,16,150,Elitist,1.7373723339719618
20,2,17,150,Elitist,1.381786015701664
20,2,18,150,Elitist,2.3690543423032295
20,2,19,150,Elitist,1.9740652461688342
20,3,0,150,Elitist,1.7965913549959396
20,3,1,150,Elitist,1.6591652680402547
20,3,2,150,Elitist,2.250393621008868
20,3,3,150,Elitist,1.9740652461858588
20,3,4,150,Elitist,2.4478843875821212
20,3,5,150,Elitist,2.3294020044569947
20,3,6,150,Elitist,2.2446520083021824
20,3,7,150,Elitist,2.5251118637095544
20,3,8,150,Elitist,2.4220040624242642
20,3,9,150,Elitist,1.3818518186518247
20,3,10,150,Elitist,1.6582024875573325
20,3,11,150,Elitist,2.363805876574986
20,3,12,150,Elitist,0.9475724798737986
20,3,13,150,Elitist,1.3028380163437419
20,3,14,150,Elitist,1.539714685572335
20,3,15,150,Elitist,2.092459532273125
20,3,16,150,Elitist,1.184449149099521
20,3,17,150,Elitist,1.5407051789844388
20,3,18,150,Elitist,1.6976487743082487
20,3,19,150,Elitist,1.1054353467914382
20,4,0,150,Elitist,0.7106300076870014
20,4,1,150,Elitist,2.3688760041339094
20,4,2,150,Elitist,1.065966765978203
20,4,3,150,Elitist,1.2240791928805663
20,4,4,150,Elitist,1.4607721050793714
20,4,5,150,Elitist,2.684761056812505
20,4,6,150,Elitist,1.618889950846608
20,4,7,150,Elitist,1.8159421422119237
20,4,8,150,Elitist,2.6851271350600143
20,4,9,150,Elitist,1.79905361221779
20,4,10,150,Elitist,1.5002461047560018
20,4,11,150,Elitist,2.0135338269937506
20,4,12,150,Elitist,1.2635531926250678
20,4,13,150,Elitist,1.5002461047565703
20,4,14,150,Elitist,1.8161311574329773
20,4,15,150,Elitist,2.4623570293477997
20,4,16,150,Elitist,2.2910310334050337
20,4,17,150,Elitist,1.7373065310174525
20,4,18,150,Elitist,1.8950514438605524
20,4,19,150,Elitist,2.8032434399396493
20,5,0,150,Elitist,0.8290900967490726
20,5,1,150,Elitist,1.6581801934920888
20,5,2,150,Elitist,1.5002461047561644
20,5,3,150,Elitist,2.3688483778390785
20,5,4,150,Elitist,2.4046780624555257
20,5,5,150,Elitist,2.4873583872583347
20,5,6,150,Elitist,1.9740652461688493
20,5,7,150,Elitist,1.5002461047611364
20,5,8,150,Elitist,2.763865100272714
20,5,9,150,Elitist,1.1054353471236018
20,5,10,150,Elitist,1.1449093465492988
20,5,11,150,Elitist,1.4213258183304633
20,5,12,150,Elitist,1.1449093464750666
20,5,13,150,Elitist,0.9475066769156095
20,5,14,150,Elitist,1.7766625766249629
20,5,15,150,Elitist,1.895144959745978
20,5,16,150,Elitist,1.4609558621087997
20,5,17,150,Elitist,1.50049566474084
20,5,18,150,Elitist,2.8246229325214776
20,5,19,150,Elitist,1.1449093468081024
20,6,0,150,Elitist,2.447980047591301
20,6,1,150,Elitist,2.369054342324173
20,6,2,150,Elitist,1.1054353467912996
20,6,3,150,Elitist,1.3817860157016746
20,6,4,150,Elitist,1.105435346791289
20,6,5,150,Elitist,2.9793189636040047
20,6,6,150,Elitist,0.9080326772396781
20,6,7,150,Elitist,2.3690543423036132
20,6,8,150,Elitist,2.3210708193942935
20,6,9,150,Elitist,1.144975149422926
20,6,10,150,Elitist,2.092547629293602
20,6,11,150,Elitist,1.7765913548018375
20,6,12,150,Elitist,1.785176063325622
20,6,13,150,Elitist,1.6581801934919334
20,6,14,150,Elitist,1.9629361767751945
20,6,15,150,Elitist,2.1219098097033537
20,6,16,150,Elitist,1.1449751494229403
20,6,17,150,Elitist,1.4213035243306145
20,6,18,150,Elitist,1.302909238728823
20,6,19,150,Elitist,2.0135169517800797
20,7,0,150,Elitist,2.132111870118905
20,7,1,150,Elitist,2.0934446068214214
20,7,2,150,Elitist,1.4213916212888194
20,7,3,150,Elitist,1.6187284878806594
20,7,4,150,Elitist,2.088661749740922
20,7,5,150,Elitist,1.8567516946219769
20,7,6,150,Elitist,1.697648774308277
20,7,7,150,Elitist,1.6187061938152425
20,7,8,150,Elitist,2.171467915721138
20,7,9,150,Elitist,2.2898622018273755
20,7,10,150,Elitist,1.8952352008899283
20,7,11,150,Elitist,2.0531692896258136
20,7,12,150,Elitist,1.698633848856602
20,7,13,150,Elitist,2.21094191539801
20,7,14,150,Elitist,1.8555828630456404
20,7,15,150,Elitist,1.5002461050459885
20,7,16,150,Elitist,1.5585801272268327
20,7,17,150,Elitist,2.129808458220765
20,7,18,150,Elitist,1.8557666200779295
20,7,19,150,Elitist,1.065966765974835
21,1,0,150,Elitist,1.2452555353042882
21,1,1,150,Elitist,1.2452555353042882
21,1,2,150,Elitist,1.2452555353042882
21,1,3,150,Elitist,1.2452555353042953
21,1,4,150,Elitist,1.2452555353042882
21,1,5,150,Elitist,1.9993848828694638
21,1,6,150,Elitist,1.2452555353042882
21,1,7,150,Elitist,1.2452555353042882
21,1,8,150,Elitist,1.2452555353042882
21,1,9,150,Elitist,3.169805587296601
21,1,10,150,Elitist,1.9993848828694638
21,1,11,150,Elitist,1.2452555353042953
21,1,12,150,Elitist,1.2452555353042953
21,1,13,150,Elitist,1.2452555353042882
21,1,14,150,Elitist,3.6925974623045263
21,1,15,150,Elitist,1.5630098573392175
21,1,16,150,Elitist,1.2452555353042953
21,1,17,150,Elitist,1.2452555353042953
21,1,18,150,Elitist,1.2452555353042953
21,1,19,150,Elitist,1.2452555353042882
21,2,0,150,Elitist,1.8030193778227481
21,2,1,150,Elitist,2.777988407135738
21,2,2,150,Elitist,5.506066316687822
21,2,3,150,Elitist,3.1698055872966373
21,2,4,150,Elitist,7.011098033762339
21,2,5,150,Elitist,3.1698055872966173
21,2,6,150,Elitist,0.0
21,2,7,150,Elitist,0.0
21,2,8,150,Elitist,1.8030193778227481
21,2,9,150,Elitist,1.8030193778227566
21,2,10,150,Elitist,0.005084479961301014
21,2,11,150,Elitist,2.043661108707845
21,2,12,150,Elitist,0.9299973892537813
21,2,13,150,Elitist,0.0
21,2,14,150,Elitist,7.011098033762352
21,2,15,150,Elitist,1.9377404958739175
21,2,16,150,Elitist,0.0
21,2,17,150,Elitist,7.01109803376233
21,2,18,150,Elitist,1.9377404958742797
21,2,19,150,Elitist,3.169805587296608
21,3,0,150,Elitist,0.0
21,3,1,150,Elitist,2.25580462436767
21,3,2,150,Elitist,0.0
21,3,3,150,Elitist,1.9377404958739248
21,3,4,150,Elitist,2.2558046240849308
21,3,5,150,Elitist,1.5630098580455751
21,3,6,150,Elitist,1.999384882875006
21,3,7,150,Elitist,4.161779137521592
21,3,8,150,Elitist,0.6918569111940087
21,3,9,150,Elitist,2.043661108707397
21,3,10,150,Elitist,0.0
21,3,11,150,Elitist,0.6918569112341402
21,3,12,150,Elitist,12.193126877983389
21,3,13,150,Elitist,4.161779137530118
21,3,14,150,Elitist,0.0
21,3,15,150,Elitist,2.043661108707397
21,3,16,150,Elitist,8.123488977192778
21,3,17,150,Elitist,7.8565845315091
21,3,18,150,Elitist,0.6918569111917918
21,3,19,150,Elitist,1.9377404958739248
21,4,0,150,Elitist,3.1698055872965973
21,4,1,150,Elitist,2.777988407134938
21,4,2,150,Elitist,3.6378353676324586
21,4,3,150,Elitist,1.2452555353042918
21,4,4,150,Elitist,1.2452555353042847
21,4,5,150,Elitist,5.262803669173952
21,4,6,150,Elitist,0.0
21,4,7,150,Elitist,0.6918569111917563
21,4,8,150,Elitist,5.262803669173945
21,4,9,150,Elitist,5.262803669173945
21,4,10,150,Elitist,1.2452555353043095
21,4,11,150,Elitist,5.262803669173945
21,4,12,150,Elitist,2.472973858412203
21,4,13,150,Elitist,1.2452555353042918
21,4,14,150,Elitist,6.658550567585586
21,4,15,150,Elitist,7.5935606846492405
21,4,16,150,Elitist,5.262803669173952
21,4,17,150,Elitist,5.262803669173952
21,4,18,150,Elitist,1.2452555353042847
21,4,19,150,Elitist,1.2452555353042918
21,5,0,150,Elitist,2.118634928020242
21,5,1,150,Elitist,3.1698055872966506
21,5,2,150,Elitist,5.262803669173991
21,5,3,150,Elitist,1.2452555353042953
21,5,4,150,Elitist,2.043661108707397
21,5,5,150,Elitist,1.999384882869549
21,5,6,150,Elitist,1.2452555353042953
21,5,7,150,Elitist,3.1698055873014255
21,5,8,150,Elitist,0.0
21,5,9,150,Elitist,1.2452555353042953
21,5,10,150,Elitist,0.0
21,5,11,150,Elitist,0.0
21,5,12,150,Elitist,2.118634928020242
21,5,13,150,Elitist,1.2452555353042953
21,5,14,150,Elitist,1.8030193778229204
21,5,15,150,Elitist,0.9299973892806292
21,5,16,150,Elitist,1.2452555353042953
21,5,17,150,Elitist,2.118634928020242
21,5,18,150,Elitist,2.118634928020242
21,5,19,150,Elitist,2.118634928020242
21,6,0,150,Elitist,0.6918569111918487
21,6,1,150,Elitist,3.637835367662774
21,6,2,150,Elitist,3.637835740498872
21,6,3,150,Elitist,0.6918569111919624
21,6,4,150,Elitist,1.9377404958739817
21,6,5,150,Elitist,1.9377404968893188
21,6,6,150,Elitist,3.1698055872966506
21,6,7,150,Elitist,3.637835367634125
21,6,8,150,Elitist,3.1698055872966506
21,6,9,150,Elitist,2.1186351640623116
21,6,10,150,Elitist,3.1698055872966506
21,6,11,150,Elitist,3.1698055872966506
21,6,12,150,Elitist,1.937740495926164
21,6,13,150,Elitist,2.127329349943693
21,6,14,150,Elitist,1.937740495885805
21,6,15,150,Elitist,3.1698055872966506
21,6,16,150,Elitist,0.0
21,6,17,150,Elitist,3.637835367637649
21,6,18,150,Elitist,9.930446911489526
21,6,19,150,Elitist,3.1698055872966506
21,7,0,150,Elitist,1.9377404958739106
21,7,1,150,Elitist,5.781197371748377
21,7,2,150,Elitist,0.0
21,7,3,150,Elitist,1.8030193778227641
21,7,4,150,Elitist,2.0436611087074112
21,7,5,150,Elitist,0.0
21,7,6,150,Elitist,2.043661108707383
21,7,7,150,Elitist,1.80301937782275
21,7,8,150,Elitist,1.9377404958739817
21,7,9,150,Elitist,2.043661108707383
21,7,10,150,Elitist,2.043661108707383
21,7,11,150,Elitist,0.6918569111985136
21,7,12,150,Elitist,5.7811973717484335
21,7,13,150,Elitist,1.9377404958739248
21,7,14,150,Elitist,3.6378353676324906
21,7,15,150,Elitist,2.7779884507820896
21,7,16,150,Elitist,1.9377404958739106
21,7,17,150,Elitist,0.0
21,7,18,150,Elitist,1.937740495873939
21,7,19,150,Elitist,0.0
22,1,0,150,Elitist,0.691856911191735
22,1,1,150,Elitist,0.6918569111918487
22,1,2,150,Elitist,18.28829244926453
22,1,3,150,Elitist,5.062737456737523
22,1,4,150,Elitist,0.0
22,1,5,150,Elitist,0.0
22,1,6,150,Elitist,0.691856911191735
22,1,7,150,Elitist,2.590547730100411
22,1,8,150,Elitist,13.542808476917571
22,1,9,150,Elitist,30.082211333622467
22,1,10,150,Elitist,22.42413378143283
22,1,11,150,Elitist,0.0
22,1,12,150,Elitist,0.6918569111919624
22,1,13,150,Elitist,0.691856911191735
22,1,14,150,Elitist,30.082211333623036
22,1,15,150,Elitist,11.440276841136438
22,1,16,150,Elitist,1.1368683772161603e-13
22,1,17,150,Elitist,5.062737456431023
22,1,18,150,Elitist,0.691856911191735
22,1,19,150,Elitist,18.28829244926453
22,2,0,150,Elitist,1.9549988595233572
22,2,1,150,Elitist,0.691856911191735
22,2,2,150,Elitist,7.2716291936267226
22,2,3,150,Elitist,0.691856911191735
22,2,4,150,Elitist,0.691856911191735
22,2,5,150,Elitist,0.0
22,2,6,150,Elitist,1.9549988595233572
22,2,7,150,Elitist,1.9549988595233572
22,2,8,150,Elitist,1.9549988595233572
22,2,9,150,Elitist,2.590547730093135
22,2,10,150,Elitist,1.9549988595233572
22,2,11,150,Elitist,2.5905477300916573
22,2,12,150,Elitist,0.691856911191735
22,2,13,150,Elitist,1.9549988595233572
22,2,14,150,Elitist,0.691856911191735
22,2,15,150,Elitist,7.2716291936285415
22,2,16,150,Elitist,0.691856911191735
22,2,17,150,Elitist,1.9549988595233572
22,2,18,150,Elitist,7.2716291936267226
22,2,19,150,Elitist,7.271629193627177
22,3,0,150,Elitist,1.9549988595245438
22,3,1,150,Elitist,0.6918569111917705
22,3,2,150,Elitist,11.12561845040819
22,3,3,150,Elitist,11.12561845040819
22,3,4,150,Elitist,0.0
22,3,5,150,Elitist,2.842170943040401e-14
22,3,6,150,Elitist,1.9549988595235348
22,3,7,150,Elitist,0.0
22,3,8,150,Elitist,1.9549988605509085
22,3,9,150,Elitist,0.0
22,3,10,150,Elitist,0.0
22,3,11,150,Elitist,0.0
22,3,12,150,Elitist,10.724132119557538
22,3,13,150,Elitist,1.9549989258319727
22,3,14,150,Elitist,0.0
22,3,15,150,Elitist,8.742750532071902
22,3,16,150,Elitist,0.0
22,3,17,150,Elitist,0.0
22,3,18,150,Elitist,11.125618450408254
22,3,19,150,Elitist,1.954998859523748
22,4,0,150,Elitist,7.271629193626609
22,4,1,150,Elitist,7.271629193626609
22,4,2,150,Elitist,7.271629193626609
22,4,3,150,Elitist,7.271629193626609
22,4,4,150,Elitist,2.5905477300897246
22,4,5,150,Elitist,0.6918569111917918
22,4,6,150,Elitist,2.5905477300897246
22,4,7,150,Elitist,2.5905477300896678
22,4,8,150,Elitist,7.271629193626552
22,4,9,150,Elitist,7.271629193626609
22,4,10,150,Elitist,7.271629193626609
22,4,11,150,Elitist,7.271629193626609
22,4,12,150,Elitist,7.271629193626552
22,4,13,150,Elitist,8.650431482237764e-10
22,4,14,150,Elitist,7.271629193626552
22,4,15,150,Elitist,8.742750532286095
22,4,16,150,Elitist,7.271629193626609
22,4,17,150,Elitist,7.271629193626609
22,4,18,150,Elitist,7.271629193626609
22,4,19,150,Elitist,7.271629193626552
22,5,0,150,Elitist,8.742750532071888
22,5,1,150,Elitist,0.6918569111917634
22,5,2,150,Elitist,1.7053025658242404e-13
22,5,3,150,Elitist,25.476950793170253
22,5,4,150,Elitist,1.4210854715202004e-14
22,5,5,150,Elitist,0.6918569111918842
22,5,6,150,Elitist,7.271629193626573
22,5,7,150,Elitist,8.742750532071895
22,5,8,150,Elitist,7.271629193626573
22,5,9,150,Elitist,7.271629193626573
22,5,10,150,Elitist,25.476950793170012
22,5,11,150,Elitist,0.6918569111917918
22,5,12,150,Elitist,0.6918569111917989
22,5,13,150,Elitist,17.897474093303252
22,5,14,150,Elitist,8.742750532071902
22,5,15,150,Elitist,0.6918569111917705
22,5,16,150,Elitist,0.6918569111917563
22,5,17,150,Elitist,0.0
22,5,18,150,Elitist,4.303201406961179
22,5,19,150,Elitist,0.6918569111917847
22,6,0,150,Elitist,0.6918569111917563
22,6,1,150,Elitist,0.6918569111917634
22,6,2,150,Elitist,0.6918569111917634
22,6,3,150,Elitist,2.1387336346379016e-12
22,6,4,150,Elitist,0.6918569111917634
22,6,5,150,Elitist,0.6918569111917563
22,6,6,150,Elitist,0.6918569111917634
22,6,7,150,Elitist,0.6918569111917563
22,6,8,150,Elitist,11.125618450408197
22,6,9,150,Elitist,0.6918569111917634
22,6,10,150,Elitist,0.6918569111917563
22,6,11,150,Elitist,0.6918569111917989
22,6,12,150,Elitist,0.6918569111917634
22,6,13,150,Elitist,5.062737456429815
22,6,14,150,Elitist,5.062737456429815
22,6,15,150,Elitist,2.5905477795090732
22,6,16,150,Elitist,2.5905477313711103
22,6,17,150,Elitist,5.062737456429829
22,6,18,150,Elitist,5.062737456429815
22,6,19,150,Elitist,5.062737456429822
22,7,0,150,Elitist,7.271629193626637
22,7,1,150,Elitist,2.5905477300897246
22,7,2,150,Elitist,5.062737456477862
22,7,3,150,Elitist,0.0
22,7,4,150,Elitist,2.590547730092368
22,7,5,150,Elitist,2.590547730089696
22,7,6,150,Elitist,2.590547730089696
22,7,7,150,Elitist,7.2716291936265804
22,7,8,150,Elitist,7.2716291936265804
22,7,9,150,Elitist,0.0
22,7,10,150,Elitist,8.74275053207188
22,7,11,150,Elitist,2.590547730089753
22,7,12,150,Elitist,2.590547730089895
22,7,13,150,Elitist,0.0
22,7,14,150,Elitist,8.74275053207188
22,7,15,150,Elitist,7.271629193626609
22,7,16,150,Elitist,0.0
22,7,17,150,Elitist,7.2716291936265804
22,7,18,150,Elitist,2.590547730089895
22,7,19,150,Elitist,8.526512829121202e-14
23,1,0,150,Elitist,2.5271722378695225
23,1,1,150,Elitist,2.3587656032632944
23,1,2,150,Elitist,2.2926094573542874
23,1,3,150,Elitist,1.8988696470853261
23,1,4,150,Elitist,0.90462917811087
23,1,5,150,Elitist,1.341494224295091
23,1,6,150,Elitist,0.5468991045908558
23,1,7,150,Elitist,3.042958583655989
23,1,8,150,Elitist,2.658486890738346
23,1,9,150,Elitist,1.049205244169408
23,1,10,150,Elitist,2.3350111445970834
23,1,11,150,Elitist,3.769703285898415
23,1,12,150,Elitist,3.2805676622695
23,1,13,150,Elitist,3.292524170123536
23,1,14,150,Elitist,2.0942307006296312
23,1,15,150,Elitist,2.687193796277449
23,1,16,150,Elitist,2.5321103001226293
23,1,17,150,Elitist,1.6209291353088942
23,1,18,150,Elitist,0.8987052546526213
23,1,19,150,Elitist,3.436471513930731
23,2,0,150,Elitist,0.14758459590690026
23,2,1,150,Elitist,3.0568894485151406
23,2,2,150,Elitist,1.882962002141046
23,2,3,150,Elitist,4.006250001147985
23,2,4,150,Elitist,0.6474122140729721
23,2,5,150,Elitist,2.6959977158367128
23,2,6,150,Elitist,1.1100508114235519
23,2,7,150,Elitist,3.5219634968766216
23,2,8,150,Elitist,2.5748223409936704
23,2,9,150,Elitist,0.7757886424743378
23,2,10,150,Elitist,1.1099384708451974
23,2,11,150,Elitist,2.132219452517768
23,2,12,150,Elitist,2.3336562202092828
23,2,13,150,Elitist,3.053640855452853
23,2,14,150,Elitist,2.627443895361075
23,2,15,150,Elitist,0.7894662341671641
23,2,16,150,Elitist,2.1685574499567117
23,2,17,150,Elitist,2.1505091956476234
23,2,18,150,Elitist,3.2761426830756393
23,2,19,150,Elitist,2.4224169268033893
23,3,0,150,Elitist,1.813096303426505
23,3,1,150,Elitist,2.919791067076005
23,3,2,150,Elitist,2.0557326562927187
23,3,3,150,Elitist,2.725304885792241
23,3,4,150,Elitist,2.045175828110189
23,3,5,150,Elitist,2.7706892396960257
23,3,6,150,Elitist,2.413646202185788
23,3,7,150,Elitist,3.9385653851801266
23,3,8,150,Elitist,1.3298779021034477
23,3,9,150,Elitist,2.681584551263896
23,3,10,150,Elitist,1.7851669823246823
23,3,11,150,Elitist,2.4107889231297577
23,3,12,150,Elitist,0.7233818123619358
23,3,13,150,Elitist,2.4104942157137543
23,3,14,150,Elitist,2.4240043547671917
23,3,15,150,Elitist,2.578815327033027
23,3,16,150,Elitist,0.16556337840901847
23,3,17,150,Elitist,1.7655226855616206
23,3,18,150,Elitist,0.07504617236492095
23,3,19,150,Elitist,2.138971068289692
23,4,0,150,Elitist,2.637409854532166
23,4,1,150,Elitist,3.0618506718650735
23,4,2,150,Elitist,1.8481847230042945
23,4,3,150,Elitist,3.5411055242815053
23,4,4,150,Elitist,2.7048285868313826
23,4,5,150,Elitist,0.49932148876851556
23,4,6,150,Elitist,2.4460784048497715
23,4,7,150,Elitist,2.6714449664602853
23,4,8,150,Elitist,3.3965447386721053
23,4,9,150,Elitist,3.2101424170941186
23,4,10,150,Elitist,1.1584061976344344
23,4,11,150,Elitist,2.66184079750289
23,4,12,150,Elitist,2.525988981932869
23,4,13,150,Elitist,2.806922806673697
23,4,14,150,Elitist,3.0853446783534366
23,4,15,150,Elitist,3.631675759337014
23,4,16,150,Elitist,3.046415304408839
23,4,17,150,Elitist,1.8022162194820623
23,4,18,150,Elitist,0.5254555430428809
23,4,19,150,Elitist,2.747910880604337
23,5,0,150,Elitist,2.0102665371660535
23,5,1,150,Elitist,2.478246939728031
23,5,2,150,Elitist,3.6108308642588796
23,5,3,150,Elitist,1.66916196972862
23,5,4,150,Elitist,1.2718738633701605
23,5,5,150,Elitist,3.601534129378855
23,5,6,150,Elitist,2.243549294556395
23,5,7,150,Elitist,3.2687457817979393
23,5,8,150,Elitist,0.4539672498619396
23,5,9,150,Elitist,0.7585857539079015
23,5,10,150,Elitist,0.04742576890129868
23,5,11,150,Elitist,3.9758000143655963
23,5,12,150,Elitist,3.8990856918824477
23,5,13,150,Elitist,2.1160754251312497
23,5,14,150,Elitist,2.471673602756745
23,5,15,150,Elitist,1.9773492241810118
23,5,16,150,Elitist,2.5340280528918058
23,5,17,150,Elitist,1.272014092712027
23,5,18,150,Elitist,0.5195920632295099
23,5,19,150,Elitist,2.6809979968631623
23,6,0,150,Elitist,2.411288593533982
23,6,1,150,Elitist,2.7774443720978894
23,6,2,150,Elitist,3.3931976237082466
23,6,3,150,Elitist,3.022477418920346
23,6,4,150,Elitist,2.5272589411581663
23,6,5,150,Elitist,2.1225179481505876
23,6,6,150,Elitist,2.7088656612137783
23,6,7,150,Elitist,2.2253193807073046
23,6,8,150,Elitist,3.2500248623179715
23,6,9,150,Elitist,3.329426263855666
23,6,10,150,Elitist,1.4881417927114313
23,6,11,150,Elitist,1.6302999271104852
23,6,12,150,Elitist,3.1394339729572067
23,6,13,150,Elitist,2.754669458490241
23,6,14,150,Elitist,2.012434914118856
23,6,15,150,Elitist,0.8547806407955676
23,6,16,150,Elitist,0.7508216568299986
23,6,17,150,Elitist,2.3151024544998933
23,6,18,150,Elitist,2.8513228537350415
23,6,19,150,Elitist,2.0140506416725543
23,7,0,150,Elitist,0.5199419750000516
23,7,1,150,Elitist,2.7834923640992884
23,7,2,150,Elitist,3.0858247319767997
23,7,3,150,Elitist,3.6017447983776947
23,7,4,150,Elitist,3.435930427475114
23,7,5,150,Elitist,3.0745274079837372
23,7,6,150,Elitist,0.8571332311787501
23,7,7,150,Elitist,0.3758111731912095
23,7,8,150,Elitist,1.071468809098974
23,7,9,150,Elitist,1.1349994322714565
23,7,10,150,Elitist,2.8681910888935818
23,7,11,150,Elitist,2.2325170299434376
23,7,12,150,Elitist,0.24914832772662976
23,7,13,150,Elitist,2.049910658205704
23,7,14,150,Elitist,2.6480954854553147
23,7,15,150,Elitist,2.976429239031404
23,7,16,150,Elitist,2.1457367662101205
23,7,17,150,Elitist,1.9219081526630362
23,7,18,150,Elitist,2.8483432151555235
23,7,19,150,Elitist,0.7060820242587624
24,1,0,150,Elitist,8.281863170359614
24,1,1,150,Elitist,17.36166480941027
24,1,2,150,Elitist,2.6038204544617116
24,1,3,150,Elitist,11.1011242009684
24,1,4,150,Elitist,29.38940781673672
24,1,5,150,Elitist,16.411558163935723
24,1,6,150,Elitist,12.237246815872894
24,1,7,150,Elitist,6.326508254789417
24,1,8,150,Elitist,22.774255241581926
24,1,9,150,Elitist,23.156048042053087
24,1,10,150,Elitist,11.489221086778954
24,1,11,150,Elitist,17.6905505409253
24,1,12,150,Elitist,20.939889992735488
24,1,13,150,Elitist,30.25934836399027
24,1,14,150,Elitist,18.372781649504432
24,1,15,150,Elitist,19.04935352578981
24,1,16,150,Elitist,12.510126714155533
24,1,17,150,Elitist,28.187328289252164
24,1,18,150,Elitist,21.482431183564003
24,1,19,150,Elitist,1.5492583717348225
24,2,0,150,Elitist,11.146421789826519
24,2,1,150,Elitist,34.839647621746124
24,2,2,150,Elitist,21.937952578685497
24,2,3,150,Elitist,23.64593608046222
24,2,4,150,Elitist,18.856277587990107
24,2,5,150,Elitist,21.44284649897054
24,2,6,150,Elitist,25.12548697707743
24,2,7,150,Elitist,29.471001575085424
24,2,8,150,Elitist,20.626643435575076
24,2,9,150,Elitist,28.1288517361711
24,2,10,150,Elitist,7.479371939134552
24,2,11,150,Elitist,16.496111287945553
24,2,12,150,Elitist,12.754374092378512
24,2,13,150,Elitist,6.858613710523272
24,2,14,150,Elitist,18.711999964904393
24,2,15,150,Elitist,21.866823742573118
24,2,16,150,Elitist,15.477232507222851
24,2,17,150,Elitist,14.427628424624672
24,2,18,150,Elitist,19.71418811250406
24,2,19,150,Elitist,13.380050159713036
24,3,0,150,Elitist,8.124615357504833
24,3,1,150,Elitist,13.171639976393248
24,3,2,150,Elitist,7.433096959978819
24,3,3,150,Elitist,10.279183791524396
24,3,4,150,Elitist,12.933230037874672
24,3,5,150,Elitist,8.580826124454152
24,3,6,150,Elitist,16.152374784523765
24,3,7,150,Elitist,8.702142282051767
24,3,8,150,Elitist,11.753091860880929
24,3,9,150,Elitist,31.499026280685726
24,3,10,150,Elitist,18.41592813485225
24,3,11,150,Elitist,13.968505353451732
24,3,12,150,Elitist,15.43946719893001
24,3,13,150,Elitist,17.00918156852771
24,3,14,150,Elitist,19.08219234890464
24,3,15,150,Elitist,33.8479663677402
24,3,16,150,Elitist,15.853933170967213
24,3,17,150,Elitist,13.446734566327748
24,3,18,150,Elitist,19.545303755900946
24,3,19,150,Elitist,13.208231983314562
24,4,0,150,Elitist,19.349990917070443
24,4,1,150,Elitist,12.157560753332803
24,4,2,150,Elitist,26.7148455610521
24,4,3,150,Elitist,8.97075069347062
24,4,4,150,Elitist,7.348747492632555
24,4,5,150,Elitist,16.16993865981459
24,4,6,150,Elitist,8.737590334509406
24,4,7,150,Elitist,5.5219803113601245
24,4,8,150,Elitist,7.19402008952494
24,4,9,150,Elitist,23.031124173984438
24,4,10,150,Elitist,8.471067991298469
24,4,11,150,Elitist,6.877890746911163
24,4,12,150,Elitist,8.944671887082933
24,4,13,150,Elitist,3.578667810583511
24,4,14,150,Elitist,17.606516251900842
24,4,15,150,Elitist,17.128742643218942
24,4,16,150,Elitist,15.945540928172647
24,4,17,150,Elitist,21.08169699275834
24,4,18,150,Elitist,13.735876691917753
24,4,19,150,Elitist,11.322033383858695
24,5,0,150,Elitist,23.492687381355438
24,5,1,150,Elitist,17.040016481446614
24,5,2,150,Elitist,7.42196021581303
24,5,3,150,Elitist,13.862148105005332
24,5,4,150,Elitist,17.90343598368092
24,5,5,150,Elitist,28.77249638344037
24,5,6,150,Elitist,28.462510684553422
24,5,7,150,Elitist,25.72583894716594
24,5,8,150,Elitist,15.293318813575368
24,5,9,150,Elitist,7.0996075011480855
24,5,10,150,Elitist,21.155745465765904
24,5,11,150,Elitist,27.417902153505693
24,5,12,150,Elitist,17.529799518293842
24,5,13,150,Elitist,23.14102302587304
24,5,14,150,Elitist,24.91574987259446
24,5,15,150,Elitist,8.352289287851946
24,5,16,150,Elitist,13.882059537709438
24,5,17,150,Elitist,28.771206745930144
24,5,18,150,Elitist,13.964986024231052
24,5,19,150,Elitist,19.142877494426386
24,6,0,150,Elitist,3.8003465916367247
24,6,1,150,Elitist,5.932327784146281
24,6,2,150,Elitist,31.1734481256714
24,6,3,150,Elitist,9.973104605126991
24,6,4,150,Elitist,18.610909025213402
24,6,5,150,Elitist,18.076909353707038
24,6,6,150,Elitist,19.39906266962433
24,6,7,150,Elitist,22.674699514355325
24,6,8,150,Elitist,9.25525028680309
24,6,9,150,Elitist,14.449523495413217
24,6,10,150,Elitist,11.146793687311998
24,6,11,150,Elitist,2.3892303513551667
24,6,12,150,Elitist,6.9563757794207675
24,6,13,150,Elitist,21.545822195083076
24,6,14,150,Elitist,10.975944666296215
24,6,15,150,Elitist,12.936389758141729
24,6,16,150,Elitist,22.604973117563418
24,6,17,150,Elitist,15.411740181393753
24,6,18,150,Elitist,22.388071406026597
24,6,19,150,Elitist,14.302894652577834
24,7,0,150,Elitist,17.500838458282715
24,7,1,150,Elitist,19.456790763659797
24,7,2,150,Elitist,24.951604488494866
24,7,3,150,Elitist,23.39198848852118
24,7,4,150,Elitist,22.59751719418722
24,7,5,150,Elitist,24.308193314454513
24,7,6,150,Elitist,19.958977086002733
24,7,7,150,Elitist,1.7438594466098607
24,7,8,150,Elitist,12.212496826183724
24,7,9,150,Elitist,18.080338414764697
24,7,10,150,Elitist,15.316585069510154
24,7,11,150,Elitist,20.676761409852134
24,7,12,150,Elitist,17.99868505285923
24,7,13,150,Elitist,26.88854921837003
24,7,14,150,Elitist,24.339298335582555
24,7,15,150,Elitist,36.58099264067704
24,7,16,150,Elitist,1.6803893462383144
24,7,17,150,Elitist,17.166876632005255
24,7,18,150,Elitist,32.36593382841116
24,7,19,150,Elitist,21.206480594749962
