fid,iid,rep,a1_budget,algname,achieved_auc
1,1,0,350,DE,21.11919209204789
1,1,1,350,DE,44.21145743990445
1,1,2,350,DE,25.048805206776724
1,1,3,350,DE,22.503549169468645
1,1,4,350,DE,10.935543226195268
1,1,5,350,DE,99.66784289833954
1,1,6,350,DE,10.43408473193704
1,1,7,350,DE,36.736335007687806
1,1,8,350,DE,19.8328552953178
1,1,9,350,DE,36.836995568641065
1,1,10,350,DE,21.037237997644446
1,1,11,350,DE,35.49574084627146
1,1,12,350,DE,31.093657307178674
1,1,13,350,DE,9.508900662911582
1,1,14,350,DE,37.7026251074575
1,1,15,350,DE,11.379573142614909
1,1,16,350,DE,28.50818001984488
1,1,17,350,DE,48.9653317330724
1,1,18,350,DE,11.476716323254774
1,1,19,350,DE,13.480994138767446
1,2,0,350,DE,356.0075990971775
1,2,1,350,DE,340.5752501643905
1,2,2,350,DE,8.36764317776638
1,2,3,350,DE,183.84164981697813
1,2,4,350,DE,197.28729199827825
1,2,5,350,DE,190.335154607207
1,2,6,350,DE,437.43974951627445
1,2,7,350,DE,158.45568419428963
1,2,8,350,DE,134.02883274478359
1,2,9,350,DE,181.24410589791268
1,2,10,350,DE,567.7826499400542
1,2,11,350,DE,327.0294228812881
1,2,12,350,DE,222.23635065836197
1,2,13,350,DE,397.60461105752745
1,2,14,350,DE,442.46467146689287
1,2,15,350,DE,310.1691135765511
1,2,16,350,DE,186.0937784694371
1,2,17,350,DE,267.02799393893025
1,2,18,350,DE,355.5983534556953
1,2,19,350,DE,341.4861453908112
1,3,0,350,DE,163.14759134184746
1,3,1,350,DE,26.71563758015656
1,3,2,350,DE,12.641213167305091
1,3,3,350,DE,15.235318200608075
1,3,4,350,DE,13.244333649381865
1,3,5,350,DE,13.965399605807013
1,3,6,350,DE,36.53880591055953
1,3,7,350,DE,11.53652758220029
1,3,8,350,DE,40.30161612985056
1,3,9,350,DE,11.851538331368355
1,3,10,350,DE,18.846381381870035
1,3,11,350,DE,21.256999759116496
1,3,12,350,DE,57.06471374030008
1,3,13,350,DE,25.447426200769147
1,3,14,350,DE,9.249314407626104
1,3,15,350,DE,15.904476903462907
1,3,16,350,DE,15.151523777664277
1,3,17,350,DE,12.18554178692327
1,3,18,350,DE,190.89328142850434
1,3,19,350,DE,8.221796840209187
1,4,0,350,DE,1032.3972919931712
1,4,1,350,DE,640.2274891524022
1,4,2,350,DE,426.8339625133175
1,4,3,350,DE,191.75408911677653
1,4,4,350,DE,882.8131673821979
1,4,5,350,DE,360.29103282754517
1,4,6,350,DE,279.46083084536554
1,4,7,350,DE,121.73602255206163
1,4,8,350,DE,1728.564312392044
1,4,9,350,DE,548.283016063452
1,4,10,350,DE,467.0722203382921
1,4,11,350,DE,903.2812963790819
1,4,12,350,DE,490.7704103834867
1,4,13,350,DE,76.8562797176939
1,4,14,350,DE,362.7812790686623
1,4,15,350,DE,613.0577551127893
1,4,16,350,DE,383.96782790243236
1,4,17,350,DE,609.8873047673311
1,4,18,350,DE,863.7293948006809
1,4,19,350,DE,391.1652794024967
1,5,0,350,DE,167.79967290846943
1,5,1,350,DE,1016.8554237570846
1,5,2,350,DE,339.9301046950844
1,5,3,350,DE,300.97250038463375
1,5,4,350,DE,328.56802115274195
1,5,5,350,DE,4387.895022155856
1,5,6,350,DE,374.0824788246559
1,5,7,350,DE,549.2342916315953
1,5,8,350,DE,951.1351141477987
1,5,9,350,DE,706.3704494670144
1,5,10,350,DE,252.54514483287076
1,5,11,350,DE,161.40680249193974
1,5,12,350,DE,306.16538470574403
1,5,13,350,DE,278.2730124675999
1,5,14,350,DE,245.77833116297182
1,5,15,350,DE,326.6201778402883
1,5,16,350,DE,341.7854802341191
1,5,17,350,DE,309.05927596810545
1,5,18,350,DE,185.16685162329
1,5,19,350,DE,210.87461746416858
1,6,0,350,DE,1185.5348347009212
1,6,1,350,DE,1036.2156104735084
1,6,2,350,DE,376.2676022235959
1,6,3,350,DE,734.4912804945205
1,6,4,350,DE,688.2740874312118
1,6,5,350,DE,410.07037704132017
1,6,6,350,DE,1029.9722739479632
1,6,7,350,DE,1132.3734712470168
1,6,8,350,DE,186.50857496657923
1,6,9,350,DE,657.1219969857201
1,6,10,350,DE,4906.980168664344
1,6,11,350,DE,640.5054131651895
1,6,12,350,DE,674.8556327728418
1,6,13,350,DE,1573.1571653273913
1,6,14,350,DE,1499.10882782529
1,6,15,350,DE,1772.6463532455325
1,6,16,350,DE,553.9151742844227
1,6,17,350,DE,521.2708563675927
1,6,18,350,DE,422.24896541873625
1,6,19,350,DE,198.22260391517358
1,7,0,350,DE,227.72395053629162
1,7,1,350,DE,107.41293124136426
1,7,2,350,DE,277.2809464465664
1,7,3,350,DE,42.47373753770423
1,7,4,350,DE,330.43362740739855
1,7,5,350,DE,121.30192843263586
1,7,6,350,DE,407.51954754167053
1,7,7,350,DE,82.61912562924411
1,7,8,350,DE,804.9145570008673
1,7,9,350,DE,269.871420801213
1,7,10,350,DE,99.87379168831555
1,7,11,350,DE,146.48957103516707
1,7,12,350,DE,434.55654418240505
1,7,13,350,DE,144.4535473863222
1,7,14,350,DE,93.75090589270894
1,7,15,350,DE,186.23131206233535
1,7,16,350,DE,446.7195958867192
1,7,17,350,DE,326.50639246789956
1,7,18,350,DE,163.88381380251073
1,7,19,350,DE,308.1508791290252
2,1,0,350,DE,859.5538466648319
2,1,1,350,DE,2749.399615034378
2,1,2,350,DE,522.1808452611324
2,1,3,350,DE,507.01357797528556
2,1,4,350,DE,2988.0715361243715
2,1,5,350,DE,1541.540072280706
2,1,6,350,DE,580.5001183289347
2,1,7,350,DE,2076.4000662308754
2,1,8,350,DE,449.74714636960874
2,1,9,350,DE,857.0377875707194
2,1,10,350,DE,1730.428038542623
2,1,11,350,DE,1594.7850683258505
2,1,12,350,DE,565.2733958573688
2,1,13,350,DE,338.64248760116965
2,1,14,350,DE,421.25584402582695
2,1,15,350,DE,886.2527917267851
2,1,16,350,DE,1593.7693521892138
2,1,17,350,DE,365.8202029208005
2,1,18,350,DE,289.6630287264136
2,1,19,350,DE,545.0611949823807
2,2,0,350,DE,305.75709682768615
2,2,1,350,DE,418.0395959930127
2,2,2,350,DE,528.6812415206036
2,2,3,350,DE,305.69045726189887
2,2,4,350,DE,2004.4243861830914
2,2,5,350,DE,496.4368044733353
2,2,6,350,DE,1479.0293032507739
2,2,7,350,DE,715.9577249481802
2,2,8,350,DE,345.2174429977931
2,2,9,350,DE,1082.0139111283913
2,2,10,350,DE,359.486044854346
2,2,11,350,DE,472.69153749122916
2,2,12,350,DE,626.4369259661447
2,2,13,350,DE,531.1720080241503
2,2,14,350,DE,485.02725179308663
2,2,15,350,DE,385.42008953960095
2,2,16,350,DE,234.01560718050536
2,2,17,350,DE,348.91610450436565
2,2,18,350,DE,544.0237189199588
2,2,19,350,DE,537.9873663797916
2,3,0,350,DE,529.5367581910428
2,3,1,350,DE,1835.6539395918908
2,3,2,350,DE,729.200911181957
2,3,3,350,DE,856.0269876950748
2,3,4,350,DE,629.8672840102525
2,3,5,350,DE,708.3948886224573
2,3,6,350,DE,917.0366497144513
2,3,7,350,DE,847.6861227804674
2,3,8,350,DE,646.7300240756952
2,3,9,350,DE,516.7256237323169
2,3,10,350,DE,2282.5955229095566
2,3,11,350,DE,1395.081633886268
2,3,12,350,DE,1058.2985096099064
2,3,13,350,DE,434.6691722773574
2,3,14,350,DE,660.2514543331608
2,3,15,350,DE,673.1905075423156
2,3,16,350,DE,883.721413060572
2,3,17,350,DE,993.4881055045926
2,3,18,350,DE,708.474602562049
2,3,19,350,DE,507.3149199308987
2,4,0,350,DE,961.1594772635995
2,4,1,350,DE,744.9251209539241
2,4,2,350,DE,1699.074938428098
2,4,3,350,DE,2262.921355952137
2,4,4,350,DE,541.4431214526389
2,4,5,350,DE,426.58667362374314
2,4,6,350,DE,623.3197253354593
2,4,7,350,DE,515.7951909216674
2,4,8,350,DE,635.2772604383483
2,4,9,350,DE,831.5306690560517
2,4,10,350,DE,398.5425211923881
2,4,11,350,DE,631.7546538564951
2,4,12,350,DE,495.86834781742317
2,4,13,350,DE,870.5855362710647
2,4,14,350,DE,762.8094795588025
2,4,15,350,DE,448.22317144432003
2,4,16,350,DE,1437.22358955512
2,4,17,350,DE,400.8336232559972
2,4,18,350,DE,560.7339593857033
2,4,19,350,DE,1008.8978455662804
2,5,0,350,DE,1142.006825502018
2,5,1,350,DE,3122.132646684127
2,5,2,350,DE,1231.2602020549891
2,5,3,350,DE,1766.2286354314735
2,5,4,350,DE,1610.6106140159895
2,5,5,350,DE,1458.0266815658213
2,5,6,350,DE,535.7703081353385
2,5,7,350,DE,1619.2003880120121
2,5,8,350,DE,535.0869786331609
2,5,9,350,DE,969.638046438619
2,5,10,350,DE,3288.7897198696955
2,5,11,350,DE,1068.3829396100762
2,5,12,350,DE,1664.083212132381
2,5,13,350,DE,2292.034039742069
2,5,14,350,DE,746.4881181940569
2,5,15,350,DE,3232.077651396291
2,5,16,350,DE,1017.8787433150454
2,5,17,350,DE,935.0133261563557
2,5,18,350,DE,831.0041886045833
2,5,19,350,DE,656.1023383898673
2,6,0,350,DE,385.7725182207044
2,6,1,350,DE,735.4053520489629
2,6,2,350,DE,1122.4552768876806
2,6,3,350,DE,1129.1469147984872
2,6,4,350,DE,392.0749400898841
2,6,5,350,DE,748.2814308338477
2,6,6,350,DE,418.1236999899365
2,6,7,350,DE,465.8744575093178
2,6,8,350,DE,1159.47039862221
2,6,9,350,DE,378.5638642484502
2,6,10,350,DE,604.2864546116019
2,6,11,350,DE,596.0440701392421
2,6,12,350,DE,2538.0294203013254
2,6,13,350,DE,544.0125017905335
2,6,14,350,DE,655.543810214829
2,6,15,350,DE,976.9702997348644
2,6,16,350,DE,340.8550435957539
2,6,17,350,DE,499.20853405530477
2,6,18,350,DE,428.6911280542042
2,6,19,350,DE,652.804391244755
2,7,0,350,DE,498.435914725521
2,7,1,350,DE,889.3559490016354
2,7,2,350,DE,947.8654341505586
2,7,3,350,DE,2465.7262539896633
2,7,4,350,DE,2475.773435125
2,7,5,350,DE,2481.7110639381813
2,7,6,350,DE,451.5865721675382
2,7,7,350,DE,2498.493437649734
2,7,8,350,DE,2698.3829955124975
2,7,9,350,DE,2117.912320667793
2,7,10,350,DE,687.6894139732276
2,7,11,350,DE,1963.0362892489165
2,7,12,350,DE,747.2888832668987
2,7,13,350,DE,2010.2225217436978
2,7,14,350,DE,565.4575597137951
2,7,15,350,DE,605.1238187485341
2,7,16,350,DE,445.3922252892165
2,7,17,350,DE,1586.2418406515658
2,7,18,350,DE,549.4616803444316
2,7,19,350,DE,1867.369805014404
3,1,0,350,DE,56.25782649339188
3,1,1,350,DE,48.47027899020268
3,1,2,350,DE,65.8117701783123
3,1,3,350,DE,69.44453654843772
3,1,4,350,DE,80.89288500273302
3,1,5,350,DE,81.98325661731901
3,1,6,350,DE,66.22580080270755
3,1,7,350,DE,65.42739483124608
3,1,8,350,DE,55.89534753692975
3,1,9,350,DE,56.166635294601136
3,1,10,350,DE,48.11258600821913
3,1,11,350,DE,72.6143723512297
3,1,12,350,DE,48.22473928769555
3,1,13,350,DE,61.829410762782274
3,1,14,350,DE,52.64310646959965
3,1,15,350,DE,37.762805633062655
3,1,16,350,DE,50.62860214602858
3,1,17,350,DE,42.986863634918016
3,1,18,350,DE,71.58290005831428
3,1,19,350,DE,51.03130174715801
3,2,0,350,DE,48.39983675905768
3,2,1,350,DE,77.43081707194943
3,2,2,350,DE,105.78474066232374
3,2,3,350,DE,96.91568929516042
3,2,4,350,DE,97.4049527535032
3,2,5,350,DE,115.13926231124857
3,2,6,350,DE,104.72839016883877
3,2,7,350,DE,102.44540290205279
3,2,8,350,DE,83.98650497509263
3,2,9,350,DE,113.30631614273601
3,2,10,350,DE,80.82125594427362
3,2,11,350,DE,131.79070385329138
3,2,12,350,DE,120.76167607552193
3,2,13,350,DE,77.54539235851972
3,2,14,350,DE,127.22564722170978
3,2,15,350,DE,81.67032617027621
3,2,16,350,DE,67.86320685834944
3,2,17,350,DE,116.86638348643285
3,2,18,350,DE,71.73634183492625
3,2,19,350,DE,94.91208190248187
3,3,0,350,DE,136.66609144640043
3,3,1,350,DE,111.076111539617
3,3,2,350,DE,131.7400370314223
3,3,3,350,DE,124.03517411123704
3,3,4,350,DE,75.17596045260694
3,3,5,350,DE,88.82937073295174
3,3,6,350,DE,103.94466713172565
3,3,7,350,DE,111.25329742946498
3,3,8,350,DE,123.74356887565075
3,3,9,350,DE,74.03000540323936
3,3,10,350,DE,112.89517677566667
3,3,11,350,DE,83.57591197852835
3,3,12,350,DE,108.35136931784113
3,3,13,350,DE,100.85501064637641
3,3,14,350,DE,155.95049494610927
3,3,15,350,DE,68.65497353489168
3,3,16,350,DE,84.25327124487673
3,3,17,350,DE,129.15643868530123
3,3,18,350,DE,275.0591960160607
3,3,19,350,DE,157.39474200394864
3,4,0,350,DE,124.61344829850785
3,4,1,350,DE,99.93331432874959
3,4,2,350,DE,95.94118221296654
3,4,3,350,DE,100.21657782749435
3,4,4,350,DE,85.00490640898518
3,4,5,350,DE,93.99708264259961
3,4,6,350,DE,78.38387791402403
3,4,7,350,DE,80.20537943059327
3,4,8,350,DE,128.32537354758549
3,4,9,350,DE,115.49627797837391
3,4,10,350,DE,92.61182780768458
3,4,11,350,DE,118.79726128750713
3,4,12,350,DE,110.79418289004026
3,4,13,350,DE,94.38866168072467
3,4,14,350,DE,103.92506310651225
3,4,15,350,DE,82.27933531812675
3,4,16,350,DE,67.3211309828441
3,4,17,350,DE,101.84701055173106
3,4,18,350,DE,102.91391117223527
3,4,19,350,DE,60.550162997370265
3,5,0,350,DE,120.24400941389422
3,5,1,350,DE,98.0063201604753
3,5,2,350,DE,127.42283818313092
3,5,3,350,DE,95.96370622498009
3,5,4,350,DE,74.6581223564688
3,5,5,350,DE,80.4472670187687
3,5,6,350,DE,97.65804634509631
3,5,7,350,DE,73.7804100319706
3,5,8,350,DE,164.74071853314882
3,5,9,350,DE,117.99997536422293
3,5,10,350,DE,88.97540836214209
3,5,11,350,DE,91.56364663269395
3,5,12,350,DE,144.47794740086346
3,5,13,350,DE,146.4210747844194
3,5,14,350,DE,98.9288631558677
3,5,15,350,DE,126.3826766680353
3,5,16,350,DE,88.19416597688523
3,5,17,350,DE,154.92277512962286
3,5,18,350,DE,113.45943890829777
3,5,19,350,DE,130.18931718060048
3,6,0,350,DE,78.40083280193599
3,6,1,350,DE,100.60666863657914
3,6,2,350,DE,84.15798312189499
3,6,3,350,DE,137.38449514938202
3,6,4,350,DE,84.5180193375806
3,6,5,350,DE,75.08098160476472
3,6,6,350,DE,69.25266176943302
3,6,7,350,DE,83.49386893142623
3,6,8,350,DE,120.39096142972613
3,6,9,350,DE,121.76797769421202
3,6,10,350,DE,112.22265618227308
3,6,11,350,DE,70.11579015102298
3,6,12,350,DE,71.77778330138337
3,6,13,350,DE,72.12934315150552
3,6,14,350,DE,155.38232472368054
3,6,15,350,DE,80.28782044551684
3,6,16,350,DE,99.74673216170324
3,6,17,350,DE,128.89483584769224
3,6,18,350,DE,98.4746435051509
3,6,19,350,DE,66.16889146853286
3,7,0,350,DE,82.4240310716772
3,7,1,350,DE,95.40677955293314
3,7,2,350,DE,121.38872513687008
3,7,3,350,DE,122.99557255623127
3,7,4,350,DE,73.7395463903968
3,7,5,350,DE,91.17504143113386
3,7,6,350,DE,102.84793311315501
3,7,7,350,DE,139.86285657321352
3,7,8,350,DE,100.57611882317036
3,7,9,350,DE,81.52780024267238
3,7,10,350,DE,91.51942715763543
3,7,11,350,DE,87.94130312450459
3,7,12,350,DE,92.22972772698978
3,7,13,350,DE,75.52618558482762
3,7,14,350,DE,129.93886332338616
3,7,15,350,DE,88.81492900930051
3,7,16,350,DE,91.33927169300432
3,7,17,350,DE,114.35664283549019
3,7,18,350,DE,106.63018949378835
3,7,19,350,DE,96.77363900540978
4,1,0,350,DE,330.8070545564811
4,1,1,350,DE,447.71894682051493
4,1,2,350,DE,451.5287487578336
4,1,3,350,DE,350.1293335839173
4,1,4,350,DE,263.7461003539988
4,1,5,350,DE,200.70439993160502
4,1,6,350,DE,226.34815170474965
4,1,7,350,DE,284.8296540330369
4,1,8,350,DE,501.28433631773373
4,1,9,350,DE,201.48495460346106
4,1,10,350,DE,171.67245503342676
4,1,11,350,DE,189.24382320115262
4,1,12,350,DE,315.32013080209794
4,1,13,350,DE,238.5191089475633
4,1,14,350,DE,436.8937012952323
4,1,15,350,DE,189.85686389802757
4,1,16,350,DE,258.05649126774597
4,1,17,350,DE,293.15243013767065
4,1,18,350,DE,403.2958367565993
4,1,19,350,DE,272.61766581777636
4,2,0,350,DE,733.8637420384758
4,2,1,350,DE,447.8649556249097
4,2,2,350,DE,300.4452934706901
4,2,3,350,DE,302.06376624760236
4,2,4,350,DE,124.08629032617856
4,2,5,350,DE,305.0703702548578
4,2,6,350,DE,326.52615982121705
4,2,7,350,DE,195.73696127846435
4,2,8,350,DE,343.5533813322492
4,2,9,350,DE,208.31588544216407
4,2,10,350,DE,351.4229938781578
4,2,11,350,DE,320.3514872156611
4,2,12,350,DE,353.03848316724566
4,2,13,350,DE,366.28237185702795
4,2,14,350,DE,375.3113833377689
4,2,15,350,DE,221.1108523249569
4,2,16,350,DE,307.9571696444883
4,2,17,350,DE,354.4795319256186
4,2,18,350,DE,614.3073076229417
4,2,19,350,DE,233.44246462353118
4,3,0,350,DE,495.6380495002019
4,3,1,350,DE,290.06432936634474
4,3,2,350,DE,374.85175916470007
4,3,3,350,DE,512.7948834074957
4,3,4,350,DE,656.0877869571045
4,3,5,350,DE,434.5033830261493
4,3,6,350,DE,409.4672830282345
4,3,7,350,DE,345.90602601146537
4,3,8,350,DE,581.6436787669384
4,3,9,350,DE,593.6550582402548
4,3,10,350,DE,406.4637640676777
4,3,11,350,DE,304.9634841470134
4,3,12,350,DE,363.22378318112055
4,3,13,350,DE,287.60712591669164
4,3,14,350,DE,475.4331568945739
4,3,15,350,DE,356.3437662160787
4,3,16,350,DE,420.547032106837
4,3,17,350,DE,374.0551743030261
4,3,18,350,DE,802.8510097858398
4,3,19,350,DE,305.8775325332657
4,4,0,350,DE,261.0613331150606
4,4,1,350,DE,131.22181915469696
4,4,2,350,DE,355.7002552184488
4,4,3,350,DE,280.54604849871185
4,4,4,350,DE,333.8910034290751
4,4,5,350,DE,196.38290200638508
4,4,6,350,DE,208.59440407605103
4,4,7,350,DE,198.8785481837154
4,4,8,350,DE,291.33385406379864
4,4,9,350,DE,324.3341123413776
4,4,10,350,DE,284.75512901515447
4,4,11,350,DE,230.36165743362537
4,4,12,350,DE,355.6639453520034
4,4,13,350,DE,252.661588818962
4,4,14,350,DE,307.1104708189836
4,4,15,350,DE,281.5550519389702
4,4,16,350,DE,186.887708316632
4,4,17,350,DE,263.36030155204253
4,4,18,350,DE,250.67127783390268
4,4,19,350,DE,183.01453882488903
4,5,0,350,DE,357.80244544038067
4,5,1,350,DE,207.91032557677244
4,5,2,350,DE,479.38143349309615
4,5,3,350,DE,343.97602508367913
4,5,4,350,DE,539.8859476231029
4,5,5,350,DE,221.26349093894683
4,5,6,350,DE,274.20771927374034
4,5,7,350,DE,258.03386814017625
4,5,8,350,DE,466.8903468091426
4,5,9,350,DE,330.03243627670975
4,5,10,350,DE,283.57901404876674
4,5,11,350,DE,307.69505803320715
4,5,12,350,DE,504.6702720140871
4,5,13,350,DE,532.7267732339466
4,5,14,350,DE,457.18879756022636
4,5,15,350,DE,391.77709205281
4,5,16,350,DE,246.54051365123306
4,5,17,350,DE,312.75533704227155
4,5,18,350,DE,467.08738488174754
4,5,19,350,DE,387.6532493473538
4,6,0,350,DE,380.4355066198461
4,6,1,350,DE,364.2509372148636
4,6,2,350,DE,489.52121423786843
4,6,3,350,DE,585.7462265246767
4,6,4,350,DE,342.0418878503523
4,6,5,350,DE,307.54767148185533
4,6,6,350,DE,346.4586892067725
4,6,7,350,DE,493.4414907826976
4,6,8,350,DE,381.7409222018596
4,6,9,350,DE,297.36985345712657
4,6,10,350,DE,347.42506203567257
4,6,11,350,DE,321.9766202104413
4,6,12,350,DE,369.90260974534965
4,6,13,350,DE,213.39459100644078
4,6,14,350,DE,272.4382006413499
4,6,15,350,DE,251.40091755709355
4,6,16,350,DE,396.0113676927971
4,6,17,350,DE,354.37586038592633
4,6,18,350,DE,447.21658899222456
4,6,19,350,DE,349.4358991965076
4,7,0,350,DE,194.9674738024757
4,7,1,350,DE,182.17781652562047
4,7,2,350,DE,405.9583290136309
4,7,3,350,DE,297.1645140989628
4,7,4,350,DE,207.90904478802662
4,7,5,350,DE,420.2552125884639
4,7,6,350,DE,272.8870214880664
4,7,7,350,DE,264.00620084687955
4,7,8,350,DE,243.69562782863642
4,7,9,350,DE,179.57483775141023
4,7,10,350,DE,253.7954243141377
4,7,11,350,DE,262.625423222436
4,7,12,350,DE,323.338247249039
4,7,13,350,DE,115.51151770421401
4,7,14,350,DE,449.13589811512077
4,7,15,350,DE,312.1238648952681
4,7,16,350,DE,385.45616378782125
4,7,17,350,DE,256.55825926503377
4,7,18,350,DE,199.44035595267303
4,7,19,350,DE,204.81465772016028
5,1,0,350,DE,751.4569856595806
5,1,1,350,DE,1437.7653233984684
5,1,2,350,DE,620.1673399313701
5,1,3,350,DE,365.55769100790354
5,1,4,350,DE,387.3461487864507
5,1,5,350,DE,465.9516031549373
5,1,6,350,DE,228.64465898390762
5,1,7,350,DE,425.67666160065585
5,1,8,350,DE,596.7838897974284
5,1,9,350,DE,391.42223822305425
5,1,10,350,DE,482.3456375049701
5,1,11,350,DE,309.79619145742055
5,1,12,350,DE,562.9562389596656
5,1,13,350,DE,444.84936437368634
5,1,14,350,DE,308.1086800095525
5,1,15,350,DE,385.67269597632685
5,1,16,350,DE,606.0239114174381
5,1,17,350,DE,871.5383406162041
5,1,18,350,DE,535.971323820705
5,1,19,350,DE,504.5138301629682
5,2,0,350,DE,220.79598523186502
5,2,1,350,DE,231.29529364091619
5,2,2,350,DE,246.03919796853637
5,2,3,350,DE,489.95780647309203
5,2,4,350,DE,527.4710263155139
5,2,5,350,DE,806.133820779844
5,2,6,350,DE,312.0548419141924
5,2,7,350,DE,271.39328669527356
5,2,8,350,DE,382.4778425183407
5,2,9,350,DE,328.1112780315199
5,2,10,350,DE,597.8605723382811
5,2,11,350,DE,386.9420747497869
5,2,12,350,DE,500.7941927838975
5,2,13,350,DE,216.1533053856121
5,2,14,350,DE,280.5499148696911
5,2,15,350,DE,339.4721403952913
5,2,16,350,DE,334.64362978299897
5,2,17,350,DE,497.22429040746425
5,2,18,350,DE,378.2119089629187
5,2,19,350,DE,209.39710038239622
5,3,0,350,DE,342.4646346047749
5,3,1,350,DE,360.2391686934086
5,3,2,350,DE,295.44414522692097
5,3,3,350,DE,259.47249834914624
5,3,4,350,DE,338.89903406627667
5,3,5,350,DE,199.85466084480925
5,3,6,350,DE,302.5429878803709
5,3,7,350,DE,260.5368588954551
5,3,8,350,DE,172.04035375946756
5,3,9,350,DE,243.64791833046976
5,3,10,350,DE,266.74527526916313
5,3,11,350,DE,185.12049543486447
5,3,12,350,DE,180.3947697144622
5,3,13,350,DE,224.4407186493442
5,3,14,350,DE,194.3677983505366
5,3,15,350,DE,209.05182029661609
5,3,16,350,DE,161.76340127604152
5,3,17,350,DE,254.48758464858554
5,3,18,350,DE,324.5516100848079
5,3,19,350,DE,242.11201369449287
5,4,0,350,DE,463.9832459759849
5,4,1,350,DE,620.8111015949901
5,4,2,350,DE,342.3252818458376
5,4,3,350,DE,387.95796099372683
5,4,4,350,DE,328.49385782173727
5,4,5,350,DE,349.549867761889
5,4,6,350,DE,350.5014485481287
5,4,7,350,DE,309.65462090816663
5,4,8,350,DE,1374.671592718184
5,4,9,350,DE,352.24826891515517
5,4,10,350,DE,426.7485806399484
5,4,11,350,DE,391.24292716900266
5,4,12,350,DE,410.25023494249876
5,4,13,350,DE,627.7719321710849
5,4,14,350,DE,313.7709587178626
5,4,15,350,DE,156.29881593710212
5,4,16,350,DE,177.98114080473457
5,4,17,350,DE,203.56966521157938
5,4,18,350,DE,531.6198161493276
5,4,19,350,DE,791.6480258172649
5,5,0,350,DE,742.1108172166892
5,5,1,350,DE,504.2291299601476
5,5,2,350,DE,667.4173348221786
5,5,3,350,DE,407.44576716405027
5,5,4,350,DE,306.5982860686162
5,5,5,350,DE,338.8379514330792
5,5,6,350,DE,584.620887313618
5,5,7,350,DE,516.5619703513443
5,5,8,350,DE,376.9524676441083
5,5,9,350,DE,969.1933377028118
5,5,10,350,DE,449.2291068440041
5,5,11,350,DE,235.40148546245712
5,5,12,350,DE,686.5959037046143
5,5,13,350,DE,469.7743850795879
5,5,14,350,DE,359.1682088463611
5,5,15,350,DE,396.3683651158624
5,5,16,350,DE,485.91367872834894
5,5,17,350,DE,284.82782848284324
5,5,18,350,DE,327.4448381352329
5,5,19,350,DE,337.86152672149944
5,6,0,350,DE,350.92878215750807
5,6,1,350,DE,125.66715503510818
5,6,2,350,DE,241.73368062800864
5,6,3,350,DE,132.89158562689758
5,6,4,350,DE,276.7369201128222
5,6,5,350,DE,268.695587337692
5,6,6,350,DE,398.09537904278096
5,6,7,350,DE,353.2511195231094
5,6,8,350,DE,354.02852134521106
5,6,9,350,DE,218.0232942062521
5,6,10,350,DE,214.85999308347945
5,6,11,350,DE,315.20660862062806
5,6,12,350,DE,251.52673753860591
5,6,13,350,DE,258.18465332334233
5,6,14,350,DE,191.76716435189093
5,6,15,350,DE,347.32728678903527
5,6,16,350,DE,250.25553514504458
5,6,17,350,DE,299.07043243089095
5,6,18,350,DE,281.50732559833887
5,6,19,350,DE,117.63738857536009
5,7,0,350,DE,542.436974032144
5,7,1,350,DE,371.56184021245554
5,7,2,350,DE,362.6265275004101
5,7,3,350,DE,392.6014200333724
5,7,4,350,DE,306.38738241033036
5,7,5,350,DE,495.4291863078473
5,7,6,350,DE,372.3087145100077
5,7,7,350,DE,480.3004964704526
5,7,8,350,DE,304.544768998312
5,7,9,350,DE,267.47896341590643
5,7,10,350,DE,136.9423278700314
5,7,11,350,DE,297.12701179062805
5,7,12,350,DE,428.58730183064995
5,7,13,350,DE,419.93693217173535
5,7,14,350,DE,270.6470565699994
5,7,15,350,DE,178.32021479713504
5,7,16,350,DE,302.1122168620666
5,7,17,350,DE,433.4707859447309
5,7,18,350,DE,202.04781734818147
5,7,19,350,DE,168.16413244472614
6,1,0,350,DE,4152.257118457101
6,1,1,350,DE,3287.048569760883
6,1,2,350,DE,2369.7231200118204
6,1,3,350,DE,2288.9421526078154
6,1,4,350,DE,1799.2883927245232
6,1,5,350,DE,8474.204784165462
6,1,6,350,DE,1653.5482947915734
6,1,7,350,DE,1612.5687936104684
6,1,8,350,DE,2804.058759617549
6,1,9,350,DE,2442.2647046789557
6,1,10,350,DE,4107.073129814749
6,1,11,350,DE,2269.8840647585357
6,1,12,350,DE,5974.391883134921
6,1,13,350,DE,4647.361788269875
6,1,14,350,DE,4487.786635018396
6,1,15,350,DE,2681.7061606079874
6,1,16,350,DE,3250.6631079111826
6,1,17,350,DE,1913.2657715703226
6,1,18,350,DE,3685.0425525229207
6,1,19,350,DE,2261.737600371663
6,2,0,350,DE,6295.971221095961
6,2,1,350,DE,7749.372265179676
6,2,2,350,DE,2536.654421405409
6,2,3,350,DE,4240.30727408296
6,2,4,350,DE,2340.904451096462
6,2,5,350,DE,2373.219329352737
6,2,6,350,DE,1466.0729122059224
6,2,7,350,DE,3604.198176549078
6,2,8,350,DE,4715.559305761155
6,2,9,350,DE,1933.569227726652
6,2,10,350,DE,2110.289536489653
6,2,11,350,DE,2346.2263654305125
6,2,12,350,DE,1646.7715949101068
6,2,13,350,DE,1720.0555839301735
6,2,14,350,DE,1572.3836087590103
6,2,15,350,DE,2593.3100153100277
6,2,16,350,DE,2313.452696076958
6,2,17,350,DE,1755.126337255077
6,2,18,350,DE,2174.884685063022
6,2,19,350,DE,1601.3271073112421
6,3,0,350,DE,2129.591773794716
6,3,1,350,DE,1788.3596779568413
6,3,2,350,DE,5931.624538070416
6,3,3,350,DE,1171.876337704179
6,3,4,350,DE,2758.6350890106514
6,3,5,350,DE,5301.08274140072
6,3,6,350,DE,1745.2739675944078
6,3,7,350,DE,1464.750747394174
6,3,8,350,DE,1550.594279204204
6,3,9,350,DE,1717.0285815368272
6,3,10,350,DE,8520.498193226418
6,3,11,350,DE,1370.2488552433101
6,3,12,350,DE,2369.68951986502
6,3,13,350,DE,1459.467541527986
6,3,14,350,DE,1783.2093024444061
6,3,15,350,DE,1816.4998766126473
6,3,16,350,DE,6321.692451645394
6,3,17,350,DE,2318.2737034946063
6,3,18,350,DE,2168.2755452731603
6,3,19,350,DE,7711.750255126286
6,4,0,350,DE,4628.264943685251
6,4,1,350,DE,2153.4888846182503
6,4,2,350,DE,4589.265919096199
6,4,3,350,DE,7879.8907604180695
6,4,4,350,DE,4967.033367240067
6,4,5,350,DE,4813.410696084096
6,4,6,350,DE,5122.745971602837
6,4,7,350,DE,6846.203491225473
6,4,8,350,DE,4242.5230524226145
6,4,9,350,DE,7153.540663120187
6,4,10,350,DE,1561.300982781626
6,4,11,350,DE,5824.767713943244
6,4,12,350,DE,6327.93465621199
6,4,13,350,DE,1951.2177316802326
6,4,14,350,DE,3965.773743324873
6,4,15,350,DE,5260.088462530941
6,4,16,350,DE,4933.837785621729
6,4,17,350,DE,4873.338953538139
6,4,18,350,DE,4737.214769611208
6,4,19,350,DE,6164.6267834883765
6,5,0,350,DE,3610.5003700070138
6,5,1,350,DE,5892.950283973211
6,5,2,350,DE,4050.564657870469
6,5,3,350,DE,2056.2139441375707
6,5,4,350,DE,887.2873399704224
6,5,5,350,DE,4737.710339539616
6,5,6,350,DE,1574.6447934210705
6,5,7,350,DE,1449.171149992591
6,5,8,350,DE,2034.9297488136592
6,5,9,350,DE,1586.1117742319423
6,5,10,350,DE,3993.420063441563
6,5,11,350,DE,2019.6947284394328
6,5,12,350,DE,2175.3103057302837
6,5,13,350,DE,943.366014098576
6,5,14,350,DE,4487.262315026026
6,5,15,350,DE,2787.0775448712325
6,5,16,350,DE,2016.1187935587889
6,5,17,350,DE,1122.9522829119755
6,5,18,350,DE,1749.284382758035
6,5,19,350,DE,1839.7667352132726
6,6,0,350,DE,1298.4725448858942
6,6,1,350,DE,1319.8786137405802
6,6,2,350,DE,5184.177640804574
6,6,3,350,DE,4027.872353564605
6,6,4,350,DE,5693.632069054726
6,6,5,350,DE,3669.351782137023
6,6,6,350,DE,895.8285509481154
6,6,7,350,DE,1273.925367567564
6,6,8,350,DE,1389.6525828263275
6,6,9,350,DE,1491.0078947356135
6,6,10,350,DE,2888.385018576171
6,6,11,350,DE,1562.872977628902
6,6,12,350,DE,4210.894282218238
6,6,13,350,DE,1935.1765588741664
6,6,14,350,DE,5720.831029811214
6,6,15,350,DE,1087.50227933381
6,6,16,350,DE,1336.748513543327
6,6,17,350,DE,2810.000728687199
6,6,18,350,DE,2158.2646151620183
6,6,19,350,DE,4728.078361789459
6,7,0,350,DE,4150.908891287264
6,7,1,350,DE,2332.521412147361
6,7,2,350,DE,2144.520071528361
6,7,3,350,DE,3413.280565115124
6,7,4,350,DE,1558.9002531535925
6,7,5,350,DE,1448.3085663168747
6,7,6,350,DE,4562.478482871968
6,7,7,350,DE,1295.9269753943843
6,7,8,350,DE,3044.1962543625054
6,7,9,350,DE,1819.6792966292314
6,7,10,350,DE,3012.755346466174
6,7,11,350,DE,4128.175668054081
6,7,12,350,DE,1215.811211446322
6,7,13,350,DE,4564.469113721267
6,7,14,350,DE,1216.79098893562
6,7,15,350,DE,5141.85803421572
6,7,16,350,DE,1088.4195312916538
6,7,17,350,DE,3727.6550944962432
6,7,18,350,DE,5511.210243180549
6,7,19,350,DE,2060.7466949377485
7,1,0,350,DE,598.1122022093431
7,1,1,350,DE,434.14811283616166
7,1,2,350,DE,462.77054657363277
7,1,3,350,DE,581.0350161183652
7,1,4,350,DE,411.48166687330644
7,1,5,350,DE,520.1963576787495
7,1,6,350,DE,398.55849934633545
7,1,7,350,DE,394.36321966502356
7,1,8,350,DE,578.965746840479
7,1,9,350,DE,368.08850998494603
7,1,10,350,DE,327.6038550002214
7,1,11,350,DE,413.3951639150906
7,1,12,350,DE,290.9958401150851
7,1,13,350,DE,554.462234193282
7,1,14,350,DE,376.9806566866817
7,1,15,350,DE,314.59667590213496
7,1,16,350,DE,635.5168468418906
7,1,17,350,DE,484.4196999543866
7,1,18,350,DE,543.3307661681756
7,1,19,350,DE,301.9479468214547
7,2,0,350,DE,376.2546983391931
7,2,1,350,DE,446.80141348139546
7,2,2,350,DE,697.230115805605
7,2,3,350,DE,382.8640023793336
7,2,4,350,DE,972.429827754666
7,2,5,350,DE,388.5740542672627
7,2,6,350,DE,327.1193578215423
7,2,7,350,DE,382.00582732188735
7,2,8,350,DE,609.2243664224857
7,2,9,350,DE,229.13859322521546
7,2,10,350,DE,254.496346951245
7,2,11,350,DE,353.40761308590066
7,2,12,350,DE,408.73211836182526
7,2,13,350,DE,393.77246378967686
7,2,14,350,DE,219.08346538541807
7,2,15,350,DE,366.01141268107654
7,2,16,350,DE,332.33692677996135
7,2,17,350,DE,270.79564090113746
7,2,18,350,DE,271.97816937131256
7,2,19,350,DE,359.5282821555876
7,3,0,350,DE,540.4114920536649
7,3,1,350,DE,688.7647034794827
7,3,2,350,DE,423.7100616650971
7,3,3,350,DE,395.40772511710026
7,3,4,350,DE,301.5043348354204
7,3,5,350,DE,400.77192967027776
7,3,6,350,DE,470.9147414443771
7,3,7,350,DE,348.20985406521646
7,3,8,350,DE,514.5092264167687
7,3,9,350,DE,334.05257389528816
7,3,10,350,DE,492.3959652084043
7,3,11,350,DE,333.69914523828373
7,3,12,350,DE,449.58640209187666
7,3,13,350,DE,578.7885692152181
7,3,14,350,DE,576.3060969308324
7,3,15,350,DE,388.5973033225105
7,3,16,350,DE,396.78125055796033
7,3,17,350,DE,695.7368740086231
7,3,18,350,DE,368.85764746701796
7,3,19,350,DE,512.3580633375295
7,4,0,350,DE,517.4146922272353
7,4,1,350,DE,416.05169472077637
7,4,2,350,DE,334.7899169337195
7,4,3,350,DE,441.5385630358732
7,4,4,350,DE,300.9893072928991
7,4,5,350,DE,369.23694881160367
7,4,6,350,DE,383.76782578401804
7,4,7,350,DE,429.0938343936056
7,4,8,350,DE,330.2687801775265
7,4,9,350,DE,424.0225414756354
7,4,10,350,DE,542.1574514219726
7,4,11,350,DE,330.36184551921065
7,4,12,350,DE,375.68628499503745
7,4,13,350,DE,429.0266969348986
7,4,14,350,DE,880.3541217836021
7,4,15,350,DE,605.9503745286103
7,4,16,350,DE,255.65221942251017
7,4,17,350,DE,387.90334554712325
7,4,18,350,DE,397.91181001599955
7,4,19,350,DE,257.1317259195858
7,5,0,350,DE,333.35267964277926
7,5,1,350,DE,288.8232689467996
7,5,2,350,DE,563.3973675566788
7,5,3,350,DE,302.3393223132965
7,5,4,350,DE,500.4157017232397
7,5,5,350,DE,318.53294346560824
7,5,6,350,DE,372.66431904420153
7,5,7,350,DE,366.5165732537567
7,5,8,350,DE,443.8855981087145
7,5,9,350,DE,386.89857431541043
7,5,10,350,DE,304.01015662443086
7,5,11,350,DE,395.20332611866155
7,5,12,350,DE,377.4052534805431
7,5,13,350,DE,446.8086230811765
7,5,14,350,DE,330.40579651296326
7,5,15,350,DE,423.87728329949226
7,5,16,350,DE,585.9894028427597
7,5,17,350,DE,315.3780183794348
7,5,18,350,DE,307.685380360124
7,5,19,350,DE,416.0125675676395
7,6,0,350,DE,307.6822123451449
7,6,1,350,DE,732.3263845538008
7,6,2,350,DE,465.45967944504235
7,6,3,350,DE,427.2148392574352
7,6,4,350,DE,528.5512397463497
7,6,5,350,DE,519.375697880937
7,6,6,350,DE,811.2344622221332
7,6,7,350,DE,309.282316802571
7,6,8,350,DE,542.4229769899089
7,6,9,350,DE,339.4434253941487
7,6,10,350,DE,391.723427419467
7,6,11,350,DE,397.4762625420086
7,6,12,350,DE,319.7455984579256
7,6,13,350,DE,420.2235043936283
7,6,14,350,DE,559.9451117504568
7,6,15,350,DE,391.5911126917599
7,6,16,350,DE,302.62837611306605
7,6,17,350,DE,306.281816744117
7,6,18,350,DE,378.3459692282003
7,6,19,350,DE,465.59685816001877
7,7,0,350,DE,676.6420989019946
7,7,1,350,DE,536.3082863501298
7,7,2,350,DE,491.7879190031813
7,7,3,350,DE,501.99779432257344
7,7,4,350,DE,1007.8082681813893
7,7,5,350,DE,637.6226347708996
7,7,6,350,DE,384.58707279485725
7,7,7,350,DE,382.3657825329075
7,7,8,350,DE,355.85916828624744
7,7,9,350,DE,812.7564246799561
7,7,10,350,DE,552.7699915656631
7,7,11,350,DE,932.1082074337564
7,7,12,350,DE,380.5651660978251
7,7,13,350,DE,500.53462259848396
7,7,14,350,DE,324.5347107294794
7,7,15,350,DE,785.0373973905985
7,7,16,350,DE,405.4667120432533
7,7,17,350,DE,579.2197083945952
7,7,18,350,DE,356.31498828538327
7,7,19,350,DE,281.5058633617566
8,1,0,350,DE,298.77979657441944
8,1,1,350,DE,463.03058773951517
8,1,2,350,DE,1666.0711707451615
8,1,3,350,DE,423.0925039320367
8,1,4,350,DE,435.36563447008547
8,1,5,350,DE,361.22646976676265
8,1,6,350,DE,376.53412856811747
8,1,7,350,DE,517.8589769349319
8,1,8,350,DE,621.6325675438372
8,1,9,350,DE,329.1468607365044
8,1,10,350,DE,350.9835590665187
8,1,11,350,DE,359.48719665685303
8,1,12,350,DE,968.8478848466335
8,1,13,350,DE,427.7037614512839
8,1,14,350,DE,514.5012549933602
8,1,15,350,DE,417.78379743868675
8,1,16,350,DE,465.77148367473256
8,1,17,350,DE,477.2794324892256
8,1,18,350,DE,357.3610903411355
8,1,19,350,DE,471.053768246196
8,2,0,350,DE,364.94465807602126
8,2,1,350,DE,322.6656325599237
8,2,2,350,DE,1363.8931871379573
8,2,3,350,DE,437.5751632596584
8,2,4,350,DE,298.97786751234145
8,2,5,350,DE,582.1847657293952
8,2,6,350,DE,536.5190654044196
8,2,7,350,DE,487.01643436634794
8,2,8,350,DE,389.88272286775145
8,2,9,350,DE,437.52705954882043
8,2,10,350,DE,542.1652692624898
8,2,11,350,DE,400.34760297815103
8,2,12,350,DE,531.3285015321759
8,2,13,350,DE,494.38797898453487
8,2,14,350,DE,359.1298746421443
8,2,15,350,DE,342.85869965890225
8,2,16,350,DE,544.9942348164465
8,2,17,350,DE,371.51052720385894
8,2,18,350,DE,708.6994096628293
8,2,19,350,DE,576.6016352879867
8,3,0,350,DE,420.71718524809484
8,3,1,350,DE,380.584361785038
8,3,2,350,DE,447.68504758818165
8,3,3,350,DE,835.8593056732062
8,3,4,350,DE,622.13597798119
8,3,5,350,DE,586.4506000368227
8,3,6,350,DE,404.01058112984066
8,3,7,350,DE,456.05634515138485
8,3,8,350,DE,384.83154835470197
8,3,9,350,DE,516.4334304000793
8,3,10,350,DE,563.8056465404711
8,3,11,350,DE,688.0271015137497
8,3,12,350,DE,638.7528064125581
8,3,13,350,DE,418.43235277910134
8,3,14,350,DE,3111.378089680753
8,3,15,350,DE,495.0712951042839
8,3,16,350,DE,620.6284501715419
8,3,17,350,DE,511.1325679690775
8,3,18,350,DE,489.696265992409
8,3,19,350,DE,286.6832738308576
8,4,0,350,DE,673.7305341463475
8,4,1,350,DE,567.17371203533
8,4,2,350,DE,374.2540263810888
8,4,3,350,DE,327.98654310385484
8,4,4,350,DE,367.46043943099556
8,4,5,350,DE,549.5055961870701
8,4,6,350,DE,356.8761714145619
8,4,7,350,DE,430.794808749458
8,4,8,350,DE,745.6145965819074
8,4,9,350,DE,1275.383869336207
8,4,10,350,DE,530.1161996037986
8,4,11,350,DE,811.8165147127006
8,4,12,350,DE,2524.7933359690223
8,4,13,350,DE,373.41849587643935
8,4,14,350,DE,398.012730969435
8,4,15,350,DE,594.3891217970156
8,4,16,350,DE,481.25837058885173
8,4,17,350,DE,488.5979086627934
8,4,18,350,DE,412.22200654339093
8,4,19,350,DE,384.56496529368223
8,5,0,350,DE,1582.6860575061962
8,5,1,350,DE,310.5333674221421
8,5,2,350,DE,306.7400027000102
8,5,3,350,DE,376.6800338441744
8,5,4,350,DE,425.0615365880116
8,5,5,350,DE,300.0360916694879
8,5,6,350,DE,335.83945318674273
8,5,7,350,DE,425.6516913229358
8,5,8,350,DE,419.73035203178426
8,5,9,350,DE,795.2621768626808
8,5,10,350,DE,446.77116339461
8,5,11,350,DE,1027.8747941428755
8,5,12,350,DE,471.26895218347966
8,5,13,350,DE,427.5180450705933
8,5,14,350,DE,366.77777284347223
8,5,15,350,DE,1081.553060419743
8,5,16,350,DE,280.0356979868016
8,5,17,350,DE,255.3772760986909
8,5,18,350,DE,306.8046671358669
8,5,19,350,DE,307.9337762200664
8,6,0,350,DE,242.78292108262104
8,6,1,350,DE,1240.55396473239
8,6,2,350,DE,1252.810346358469
8,6,3,350,DE,1573.3762232791541
8,6,4,350,DE,210.32400187027997
8,6,5,350,DE,1391.3758642938717
8,6,6,350,DE,471.75859672764676
8,6,7,350,DE,214.678980044801
8,6,8,350,DE,412.36060706516065
8,6,9,350,DE,1135.4669848012684
8,6,10,350,DE,377.1947121654847
8,6,11,350,DE,239.36414656072452
8,6,12,350,DE,577.2174789870894
8,6,13,350,DE,229.98345108734492
8,6,14,350,DE,1351.4177714892053
8,6,15,350,DE,940.5165294144732
8,6,16,350,DE,1510.43338482362
8,6,17,350,DE,277.3300286996043
8,6,18,350,DE,239.3626370107095
8,6,19,350,DE,515.3743172347404
8,7,0,350,DE,446.4372077443467
8,7,1,350,DE,399.61325825049664
8,7,2,350,DE,2115.976762063532
8,7,3,350,DE,612.1445704080829
8,7,4,350,DE,736.2549919022385
8,7,5,350,DE,1700.9458926821599
8,7,6,350,DE,1367.4005509116569
8,7,7,350,DE,552.3772648514534
8,7,8,350,DE,569.7423938346635
8,7,9,350,DE,1030.4231639277173
8,7,10,350,DE,431.1263383773936
8,7,11,350,DE,619.0544119532545
8,7,12,350,DE,1261.9536839244392
8,7,13,350,DE,536.5469052976033
8,7,14,350,DE,446.8357339064913
8,7,15,350,DE,669.4540545001124
8,7,16,350,DE,739.3750128090164
8,7,17,350,DE,528.1496967678676
8,7,18,350,DE,491.66765184445535
8,7,19,350,DE,507.52169851217695
9,1,0,350,DE,115.39382319571286
9,1,1,350,DE,208.5160224604775
9,1,2,350,DE,99.5779428657145
9,1,3,350,DE,158.36653217949268
9,1,4,350,DE,72.26061722361361
9,1,5,350,DE,83.39108381762108
9,1,6,350,DE,77.04032039173472
9,1,7,350,DE,113.66147711974143
9,1,8,350,DE,97.1328133252143
9,1,9,350,DE,138.8255809023758
9,1,10,350,DE,80.42754020995756
9,1,11,350,DE,72.80122862367185
9,1,12,350,DE,154.68070095695143
9,1,13,350,DE,78.65102545929314
9,1,14,350,DE,89.67750358176283
9,1,15,350,DE,95.95010424680483
9,1,16,350,DE,79.179602085836
9,1,17,350,DE,143.93346500327684
9,1,18,350,DE,79.81989595298512
9,1,19,350,DE,74.78911529798754
9,2,0,350,DE,63.837678360089
9,2,1,350,DE,130.44205226428636
9,2,2,350,DE,228.32980774382048
9,2,3,350,DE,145.8223057244244
9,2,4,350,DE,128.62080779984217
9,2,5,350,DE,95.99235030781558
9,2,6,350,DE,100.26938005455534
9,2,7,350,DE,169.42457841543023
9,2,8,350,DE,170.46922247955226
9,2,9,350,DE,89.99624176107368
9,2,10,350,DE,83.92722734041018
9,2,11,350,DE,100.17156516600436
9,2,12,350,DE,171.0883673021949
9,2,13,350,DE,127.61962737235643
9,2,14,350,DE,149.4516404884024
9,2,15,350,DE,91.88594792104949
9,2,16,350,DE,146.9415298080111
9,2,17,350,DE,97.62898371641573
9,2,18,350,DE,125.62735463179649
9,2,19,350,DE,112.17057263591455
9,3,0,350,DE,98.97849842827522
9,3,1,350,DE,68.70294371223812
9,3,2,350,DE,195.56124604413273
9,3,3,350,DE,117.97334712197907
9,3,4,350,DE,100.11524331624456
9,3,5,350,DE,123.04015226820809
9,3,6,350,DE,148.8326689632347
9,3,7,350,DE,151.14190663739828
9,3,8,350,DE,153.7541425061289
9,3,9,350,DE,161.9512632867304
9,3,10,350,DE,85.95631962128036
9,3,11,350,DE,222.51784070998752
9,3,12,350,DE,134.38654635359683
9,3,13,350,DE,173.53124156554102
9,3,14,350,DE,120.56796538467056
9,3,15,350,DE,140.79609214089012
9,3,16,350,DE,106.46040363268652
9,3,17,350,DE,142.909362378769
9,3,18,350,DE,212.85888616597762
9,3,19,350,DE,101.66118274785472
9,4,0,350,DE,149.14212105947806
9,4,1,350,DE,122.24790613134648
9,4,2,350,DE,201.00871262769343
9,4,3,350,DE,142.0339542049818
9,4,4,350,DE,143.2682141478207
9,4,5,350,DE,124.16188005876153
9,4,6,350,DE,213.68151685226331
9,4,7,350,DE,158.67832796520304
9,4,8,350,DE,166.6261981213919
9,4,9,350,DE,185.14880683910232
9,4,10,350,DE,137.20077112049808
9,4,11,350,DE,130.5278382258951
9,4,12,350,DE,102.71985648304292
9,4,13,350,DE,374.2796043918629
9,4,14,350,DE,171.14700677651706
9,4,15,350,DE,424.69170215026304
9,4,16,350,DE,175.9844027561148
9,4,17,350,DE,147.56491891410568
9,4,18,350,DE,148.26791064370636
9,4,19,350,DE,144.00998187676893
9,5,0,350,DE,150.32179492288012
9,5,1,350,DE,249.04209627784587
9,5,2,350,DE,217.68782046897923
9,5,3,350,DE,176.854642718558
9,5,4,350,DE,94.81040348257619
9,5,5,350,DE,193.13990047977694
9,5,6,350,DE,127.58210001319718
9,5,7,350,DE,112.09301332562377
9,5,8,350,DE,80.1439334979326
9,5,9,350,DE,106.38470687486866
9,5,10,350,DE,102.89369684279713
9,5,11,350,DE,158.0376983466128
9,5,12,350,DE,99.62688242733705
9,5,13,350,DE,102.25857438365371
9,5,14,350,DE,115.4661710567211
9,5,15,350,DE,100.0199213862256
9,5,16,350,DE,135.09984463192723
9,5,17,350,DE,64.71734994914702
9,5,18,350,DE,86.23377557213624
9,5,19,350,DE,109.85801139134176
9,6,0,350,DE,163.8387883897159
9,6,1,350,DE,265.99969249572473
9,6,2,350,DE,503.8120693420268
9,6,3,350,DE,179.44293289424124
9,6,4,350,DE,221.2937320104949
9,6,5,350,DE,230.9882485225272
9,6,6,350,DE,163.756899679352
9,6,7,350,DE,175.44981629861553
9,6,8,350,DE,110.80148751033838
9,6,9,350,DE,193.3817367586622
9,6,10,350,DE,77.89089903007421
9,6,11,350,DE,107.44955912540452
9,6,12,350,DE,132.58409652596168
9,6,13,350,DE,140.23028896843732
9,6,14,350,DE,133.86737816255962
9,6,15,350,DE,84.3962026299531
9,6,16,350,DE,94.02916172924877
9,6,17,350,DE,141.42249324715468
9,6,18,350,DE,90.83199302309485
9,6,19,350,DE,96.46781208774865
9,7,0,350,DE,117.3220778758845
9,7,1,350,DE,80.49289948822171
9,7,2,350,DE,188.89336549319597
9,7,3,350,DE,111.96215980466826
9,7,4,350,DE,113.07402738600999
9,7,5,350,DE,246.73513008786136
9,7,6,350,DE,97.69730750951824
9,7,7,350,DE,102.16798026816615
9,7,8,350,DE,143.28625047173887
9,7,9,350,DE,78.01385941359396
9,7,10,350,DE,83.79452654621181
9,7,11,350,DE,104.80806329522952
9,7,12,350,DE,231.01686401398848
9,7,13,350,DE,73.52754327629866
9,7,14,350,DE,135.9869117052109
9,7,15,350,DE,128.6202495630167
9,7,16,350,DE,71.35952715588871
9,7,17,350,DE,94.95324087568098
9,7,18,350,DE,221.7064055038182
9,7,19,350,DE,76.77587155039693
10,1,0,350,DE,224.7234574740988
10,1,1,350,DE,402.4105550177784
10,1,2,350,DE,461.36062954482446
10,1,3,350,DE,686.8566997410385
10,1,4,350,DE,364.9692290137814
10,1,5,350,DE,805.5114909956127
10,1,6,350,DE,743.9530550335922
10,1,7,350,DE,729.0765527675826
10,1,8,350,DE,576.0745973175464
10,1,9,350,DE,485.99096289669944
10,1,10,350,DE,268.50694818968407
10,1,11,350,DE,400.7943969759517
10,1,12,350,DE,471.66828175185236
10,1,13,350,DE,492.5426529919115
10,1,14,350,DE,462.10955065790125
10,1,15,350,DE,430.0435423188835
10,1,16,350,DE,418.2106678025411
10,1,17,350,DE,797.4449671661746
10,1,18,350,DE,532.844958854537
10,1,19,350,DE,344.92878736735815
10,2,0,350,DE,275.2597462585074
10,2,1,350,DE,490.07893642949745
10,2,2,350,DE,352.1682061103601
10,2,3,350,DE,536.1634781931073
10,2,4,350,DE,245.42071926909367
10,2,5,350,DE,288.84859172426906
10,2,6,350,DE,289.013994614323
10,2,7,350,DE,297.1140069167935
10,2,8,350,DE,336.5676430764998
10,2,9,350,DE,362.5487040759352
10,2,10,350,DE,542.9589013328916
10,2,11,350,DE,239.00302058223076
10,2,12,350,DE,340.20927683336834
10,2,13,350,DE,238.7628477389123
10,2,14,350,DE,284.3814102907723
10,2,15,350,DE,332.47896659467256
10,2,16,350,DE,620.1938079231404
10,2,17,350,DE,250.81130832281784
10,2,18,350,DE,1837.1883864087552
10,2,19,350,DE,254.25698923041188
10,3,0,350,DE,711.2716280202504
10,3,1,350,DE,631.348135627303
10,3,2,350,DE,524.8737612668618
10,3,3,350,DE,687.9782011576602
10,3,4,350,DE,444.6880429465014
10,3,5,350,DE,540.2286359513895
10,3,6,350,DE,743.7703318754025
10,3,7,350,DE,525.1437898485735
10,3,8,350,DE,797.4854608679723
10,3,9,350,DE,566.5221177710358
10,3,10,350,DE,444.5484972844551
10,3,11,350,DE,397.8397963167811
10,3,12,350,DE,418.36246709545065
10,3,13,350,DE,389.7866433096189
10,3,14,350,DE,410.4444889026291
10,3,15,350,DE,374.10826408984593
10,3,16,350,DE,398.55469026068914
10,3,17,350,DE,561.2491548863187
10,3,18,350,DE,609.4623393682255
10,3,19,350,DE,541.8578731962411
10,4,0,350,DE,594.4980787715584
10,4,1,350,DE,1142.7617848709913
10,4,2,350,DE,575.9243095751044
10,4,3,350,DE,512.627354379334
10,4,4,350,DE,498.80159107655624
10,4,5,350,DE,618.3167626382531
10,4,6,350,DE,849.7242902385492
10,4,7,350,DE,584.3106449343563
10,4,8,350,DE,525.7132147025343
10,4,9,350,DE,512.7329276970604
10,4,10,350,DE,477.45217276696155
10,4,11,350,DE,701.4639405802102
10,4,12,350,DE,832.267070860484
10,4,13,350,DE,779.9936996138606
10,4,14,350,DE,442.83321495386156
10,4,15,350,DE,652.430438072475
10,4,16,350,DE,640.8745333193082
10,4,17,350,DE,939.4638229284094
10,4,18,350,DE,429.10240056586446
10,4,19,350,DE,333.8214288531155
10,5,0,350,DE,387.9448034701738
10,5,1,350,DE,542.3469350418465
10,5,2,350,DE,480.77793700234747
10,5,3,350,DE,391.85287014500005
10,5,4,350,DE,496.1479821464467
10,5,5,350,DE,901.582949276544
10,5,6,350,DE,351.2844844033429
10,5,7,350,DE,488.53283101321387
10,5,8,350,DE,734.2331978970643
10,5,9,350,DE,561.8370551008221
10,5,10,350,DE,467.49645805564904
10,5,11,350,DE,696.1103571652018
10,5,12,350,DE,380.2087480353798
10,5,13,350,DE,633.0538512159175
10,5,14,350,DE,333.4292983755583
10,5,15,350,DE,395.0380894558633
10,5,16,350,DE,364.6209744199534
10,5,17,350,DE,299.15344863541407
10,5,18,350,DE,517.3465870200399
10,5,19,350,DE,378.58565280064226
10,6,0,350,DE,446.84772915268394
10,6,1,350,DE,365.3439981905029
10,6,2,350,DE,701.9585367991315
10,6,3,350,DE,232.78104157764432
10,6,4,350,DE,611.090536586524
10,6,5,350,DE,489.45614678215804
10,6,6,350,DE,402.2403117015882
10,6,7,350,DE,491.5325668089552
10,6,8,350,DE,645.7518034150936
10,6,9,350,DE,444.23538316796015
10,6,10,350,DE,1054.2345212974608
10,6,11,350,DE,336.00266646080956
10,6,12,350,DE,381.03099051744243
10,6,13,350,DE,614.1478761632485
10,6,14,350,DE,563.3046928492182
10,6,15,350,DE,483.35246073930824
10,6,16,350,DE,495.1220790609682
10,6,17,350,DE,355.0703930095511
10,6,18,350,DE,276.27883986887565
10,6,19,350,DE,311.92827225426277
10,7,0,350,DE,359.6609284653205
10,7,1,350,DE,378.5909866811319
10,7,2,350,DE,1097.7114021489247
10,7,3,350,DE,477.99300289113916
10,7,4,350,DE,553.8051609410954
10,7,5,350,DE,672.2978682475991
10,7,6,350,DE,400.90360216313184
10,7,7,350,DE,369.63200077273837
10,7,8,350,DE,474.99771877180615
10,7,9,350,DE,439.1295241348272
10,7,10,350,DE,697.7417368265748
10,7,11,350,DE,437.8828769607627
10,7,12,350,DE,553.103823837635
10,7,13,350,DE,667.4361649827769
10,7,14,350,DE,551.0243997420032
10,7,15,350,DE,466.3711797721795
10,7,16,350,DE,838.3497551312507
10,7,17,350,DE,313.21390508137983
10,7,18,350,DE,802.099538678043
10,7,19,350,DE,677.0002162342267
11,1,0,350,DE,55.670076521706044
11,1,1,350,DE,48.66285446601187
11,1,2,350,DE,75.27299150134957
11,1,3,350,DE,46.032648631388255
11,1,4,350,DE,22.081454306214006
11,1,5,350,DE,43.78266318855837
11,1,6,350,DE,39.986763797049086
11,1,7,350,DE,51.533357491013334
11,1,8,350,DE,44.224043018935205
11,1,9,350,DE,43.440105367730496
11,1,10,350,DE,38.17893022483313
11,1,11,350,DE,44.582482056484075
11,1,12,350,DE,136.17341091875778
11,1,13,350,DE,57.68684886004116
11,1,14,350,DE,132.05213814581126
11,1,15,350,DE,51.97368348128832
11,1,16,350,DE,39.88473775931948
11,1,17,350,DE,44.25581308687878
11,1,18,350,DE,55.682157024282915
11,1,19,350,DE,98.88656955805837
11,2,0,350,DE,60.63779471439039
11,2,1,350,DE,71.75730528907076
11,2,2,350,DE,65.63448139629253
11,2,3,350,DE,52.984999445414395
11,2,4,350,DE,64.28565411424995
11,2,5,350,DE,98.57230164184826
11,2,6,350,DE,55.40780235442266
11,2,7,350,DE,45.356581320959094
11,2,8,350,DE,293.7655357868025
11,2,9,350,DE,54.357140576429295
11,2,10,350,DE,45.13443739207821
11,2,11,350,DE,47.55047411736111
11,2,12,350,DE,106.6423609581372
11,2,13,350,DE,65.3502432979086
11,2,14,350,DE,70.48299897350503
11,2,15,350,DE,74.4052348103392
11,2,16,350,DE,135.60197023818267
11,2,17,350,DE,133.43966692226317
11,2,18,350,DE,67.53251145699664
11,2,19,350,DE,49.463886953187526
11,3,0,350,DE,65.0844334827216
11,3,1,350,DE,79.10581371461545
11,3,2,350,DE,115.66241821411788
11,3,3,350,DE,74.20670797416197
11,3,4,350,DE,66.95162060800537
11,3,5,350,DE,80.23666558802782
11,3,6,350,DE,58.69815651108551
11,3,7,350,DE,69.08088385039296
11,3,8,350,DE,131.6205055707127
11,3,9,350,DE,116.83535932185524
11,3,10,350,DE,51.71805723242428
11,3,11,350,DE,98.78964768223479
11,3,12,350,DE,86.06277173123235
11,3,13,350,DE,83.57299121234188
11,3,14,350,DE,145.69870514073006
11,3,15,350,DE,96.45942377195061
11,3,16,350,DE,53.19776924472926
11,3,17,350,DE,78.60274348180874
11,3,18,350,DE,93.46665092714565
11,3,19,350,DE,43.2137393720709
11,4,0,350,DE,69.24150678114924
11,4,1,350,DE,89.65501019663077
11,4,2,350,DE,91.68154545216865
11,4,3,350,DE,79.96389448734712
11,4,4,350,DE,50.92670938697998
11,4,5,350,DE,75.93547350125637
11,4,6,350,DE,53.76041469236543
11,4,7,350,DE,34.16693730854168
11,4,8,350,DE,63.513408357191075
11,4,9,350,DE,68.08978361887215
11,4,10,350,DE,111.516973376148
11,4,11,350,DE,87.0914377081179
11,4,12,350,DE,75.56649813486925
11,4,13,350,DE,107.90085665739807
11,4,14,350,DE,98.726762701946
11,4,15,350,DE,81.39336801815327
11,4,16,350,DE,58.59448713343655
11,4,17,350,DE,65.29710873458646
11,4,18,350,DE,83.84475003928641
11,4,19,350,DE,57.78102751449859
11,5,0,350,DE,41.998870127063576
11,5,1,350,DE,75.19488746714511
11,5,2,350,DE,78.50284900552992
11,5,3,350,DE,54.08208414029838
11,5,4,350,DE,66.51688546212618
11,5,5,350,DE,105.15750997279963
11,5,6,350,DE,55.804594799871474
11,5,7,350,DE,109.80054569481709
11,5,8,350,DE,78.26035329291298
11,5,9,350,DE,62.83175255736257
11,5,10,350,DE,81.0292600797445
11,5,11,350,DE,62.964293382900046
11,5,12,350,DE,103.49771980236342
11,5,13,350,DE,64.03222935995024
11,5,14,350,DE,64.77575304733563
11,5,15,350,DE,67.70884247394784
11,5,16,350,DE,38.669816037943555
11,5,17,350,DE,123.63718103748295
11,5,18,350,DE,41.619415359632846
11,5,19,350,DE,52.17043716402585
11,6,0,350,DE,149.4653623947811
11,6,1,350,DE,163.0848348811203
11,6,2,350,DE,71.33660203977587
11,6,3,350,DE,141.25750017748015
11,6,4,350,DE,119.57446180546654
11,6,5,350,DE,143.76565406164087
11,6,6,350,DE,102.29875750284391
11,6,7,350,DE,93.79090606814302
11,6,8,350,DE,68.91224876308344
11,6,9,350,DE,177.808756772663
11,6,10,350,DE,127.9206159307006
11,6,11,350,DE,96.04695917641553
11,6,12,350,DE,121.80771501447525
11,6,13,350,DE,89.46574520043417
11,6,14,350,DE,83.00361593520822
11,6,15,350,DE,116.94516452779045
11,6,16,350,DE,80.06536367125071
11,6,17,350,DE,70.34224090858088
11,6,18,350,DE,77.8075798199019
11,6,19,350,DE,66.20262831388551
11,7,0,350,DE,182.75011803475502
11,7,1,350,DE,96.54273784816876
11,7,2,350,DE,83.20725377492877
11,7,3,350,DE,107.32271412949251
11,7,4,350,DE,93.86038457837009
11,7,5,350,DE,143.98325977642597
11,7,6,350,DE,146.10662562167406
11,7,7,350,DE,119.9220069968886
11,7,8,350,DE,71.37498727106419
11,7,9,350,DE,60.977905665237735
11,7,10,350,DE,98.18911715356282
11,7,11,350,DE,112.025359469543
11,7,12,350,DE,86.90686417106353
11,7,13,350,DE,100.55444658896126
11,7,14,350,DE,96.14750619832051
11,7,15,350,DE,73.85445969727321
11,7,16,350,DE,61.74810449852564
11,7,17,350,DE,92.66411399488682
11,7,18,350,DE,131.20088443756512
11,7,19,350,DE,83.06831650884733
12,1,0,350,DE,287.08823350188453
12,1,1,350,DE,163.45768974758948
12,1,2,350,DE,286.3908028939451
12,1,3,350,DE,431.20226019501763
12,1,4,350,DE,150.1282219807757
12,1,5,350,DE,135.74321947891198
12,1,6,350,DE,234.75894404739893
12,1,7,350,DE,203.20497095866264
12,1,8,350,DE,239.40825335699012
12,1,9,350,DE,139.86750083588294
12,1,10,350,DE,158.41996708916474
12,1,11,350,DE,135.30759122761538
12,1,12,350,DE,192.15828649034006
12,1,13,350,DE,173.9269747145261
12,1,14,350,DE,235.53274015612337
12,1,15,350,DE,143.94377607098534
12,1,16,350,DE,144.87521010031762
12,1,17,350,DE,206.08340050192382
12,1,18,350,DE,236.75975876787325
12,1,19,350,DE,232.50737156805542
12,2,0,350,DE,280.11503142585764
12,2,1,350,DE,258.4124570344606
12,2,2,350,DE,237.6082769790721
12,2,3,350,DE,211.57132507277487
12,2,4,350,DE,243.4601864605577
12,2,5,350,DE,226.4842035847599
12,2,6,350,DE,190.6560930535296
12,2,7,350,DE,191.87621491893583
12,2,8,350,DE,234.16194031830855
12,2,9,350,DE,184.72369892404018
12,2,10,350,DE,193.2206522138519
12,2,11,350,DE,220.88869184386033
12,2,12,350,DE,269.48044678275124
12,2,13,350,DE,211.8442632405351
12,2,14,350,DE,266.3299300375072
12,2,15,350,DE,295.5834898758874
12,2,16,350,DE,162.4113543828317
12,2,17,350,DE,178.30213102161272
12,2,18,350,DE,242.6862338916935
12,2,19,350,DE,209.00808229874758
12,3,0,350,DE,303.88183739044933
12,3,1,350,DE,176.41451097195534
12,3,2,350,DE,133.4870041273096
12,3,3,350,DE,238.30747736642667
12,3,4,350,DE,239.48966344432247
12,3,5,350,DE,321.77747423642876
12,3,6,350,DE,194.72041908757836
12,3,7,350,DE,169.88655433753743
12,3,8,350,DE,196.32960100621025
12,3,9,350,DE,105.3531979522653
12,3,10,350,DE,177.36570555382346
12,3,11,350,DE,140.42879903720095
12,3,12,350,DE,219.79980992863082
12,3,13,350,DE,208.8708142442849
12,3,14,350,DE,167.71780241459555
12,3,15,350,DE,205.79369043283643
12,3,16,350,DE,122.02800837085906
12,3,17,350,DE,173.61506065642638
12,3,18,350,DE,273.32110654869336
12,3,19,350,DE,141.10236795940799
12,4,0,350,DE,188.1359705484933
12,4,1,350,DE,147.70203104619947
12,4,2,350,DE,189.00755282075116
12,4,3,350,DE,187.12678473618683
12,4,4,350,DE,164.47925461466588
12,4,5,350,DE,174.12494319499058
12,4,6,350,DE,171.868698012551
12,4,7,350,DE,170.6831692016855
12,4,8,350,DE,210.53717919876468
12,4,9,350,DE,204.98978013405883
12,4,10,350,DE,200.6629193532846
12,4,11,350,DE,140.79241712133995
12,4,12,350,DE,208.46784506461643
12,4,13,350,DE,260.93852086848983
12,4,14,350,DE,405.06442810376166
12,4,15,350,DE,183.75509491275145
12,4,16,350,DE,196.65818915361277
12,4,17,350,DE,177.41492800447224
12,4,18,350,DE,133.66996459472617
12,4,19,350,DE,147.81200043112463
12,5,0,350,DE,294.41683090676224
12,5,1,350,DE,213.6185656841852
12,5,2,350,DE,164.05729292398243
12,5,3,350,DE,194.32715943864392
12,5,4,350,DE,192.12694163633765
12,5,5,350,DE,204.01523347413973
12,5,6,350,DE,196.62152535447433
12,5,7,350,DE,213.79265305410965
12,5,8,350,DE,226.80275581826805
12,5,9,350,DE,166.63619918354024
12,5,10,350,DE,202.28340668950636
12,5,11,350,DE,197.91566521596528
12,5,12,350,DE,230.70577875601873
12,5,13,350,DE,276.257216187889
12,5,14,350,DE,195.77232234821565
12,5,15,350,DE,176.03499806409715
12,5,16,350,DE,170.98334390766558
12,5,17,350,DE,218.06014686296567
12,5,18,350,DE,282.08170273536473
12,5,19,350,DE,205.88795443296308
12,6,0,350,DE,256.5082351505276
12,6,1,350,DE,160.6117334155282
12,6,2,350,DE,132.96300357010585
12,6,3,350,DE,129.0903154921391
12,6,4,350,DE,87.04208323450624
12,6,5,350,DE,123.35408503170751
12,6,6,350,DE,178.43190852981368
12,6,7,350,DE,163.55441440579554
12,6,8,350,DE,128.93360609995872
12,6,9,350,DE,169.58871405949134
12,6,10,350,DE,206.93404707256073
12,6,11,350,DE,107.18261614411097
12,6,12,350,DE,194.66458444588318
12,6,13,350,DE,128.8639238892975
12,6,14,350,DE,228.08616681699544
12,6,15,350,DE,140.00732945482554
12,6,16,350,DE,127.3764605055607
12,6,17,350,DE,118.59579237174655
12,6,18,350,DE,120.63067386733827
12,6,19,350,DE,115.43391505254452
12,7,0,350,DE,126.64553757905549
12,7,1,350,DE,145.045686639807
12,7,2,350,DE,156.67008176733833
12,7,3,350,DE,267.26651541957835
12,7,4,350,DE,179.01291543985158
12,7,5,350,DE,144.18600277492854
12,7,6,350,DE,131.43751240591908
12,7,7,350,DE,202.29410830601344
12,7,8,350,DE,244.5555345807315
12,7,9,350,DE,300.2313088940259
12,7,10,350,DE,156.11746016859396
12,7,11,350,DE,169.70097540620603
12,7,12,350,DE,225.7323644035871
12,7,13,350,DE,155.59848974415036
12,7,14,350,DE,263.9851448797222
12,7,15,350,DE,168.654902014843
12,7,16,350,DE,182.5343181127898
12,7,17,350,DE,190.14676982218467
12,7,18,350,DE,127.97777439843806
12,7,19,350,DE,107.85713671541546
13,1,0,350,DE,384.347834603025
13,1,1,350,DE,539.5409191163669
13,1,2,350,DE,386.6875936381427
13,1,3,350,DE,448.62564453717994
13,1,4,350,DE,391.0917527002045
13,1,5,350,DE,239.3217264833058
13,1,6,350,DE,273.47639959826734
13,1,7,350,DE,552.2204631548431
13,1,8,350,DE,350.24742305737664
13,1,9,350,DE,383.1926840702411
13,1,10,350,DE,173.11208793006068
13,1,11,350,DE,249.8402836230307
13,1,12,350,DE,302.82473588857846
13,1,13,350,DE,247.9228280925788
13,1,14,350,DE,335.4975408017366
13,1,15,350,DE,311.43883445582185
13,1,16,350,DE,254.30468657456387
13,1,17,350,DE,299.20880090508285
13,1,18,350,DE,284.31852716155555
13,1,19,350,DE,353.9458874285628
13,2,0,350,DE,260.0371777265711
13,2,1,350,DE,318.0172189354337
13,2,2,350,DE,426.0258134404775
13,2,3,350,DE,358.1956053150198
13,2,4,350,DE,380.44375531240274
13,2,5,350,DE,731.6464626795248
13,2,6,350,DE,538.5827868962281
13,2,7,350,DE,495.0235909683877
13,2,8,350,DE,552.6677819234187
13,2,9,350,DE,377.93328242880796
13,2,10,350,DE,1239.985277537344
13,2,11,350,DE,483.28189647702146
13,2,12,350,DE,299.0784273144181
13,2,13,350,DE,283.7264847594185
13,2,14,350,DE,342.4079769795347
13,2,15,350,DE,386.7425981554961
13,2,16,350,DE,1612.6423912201979
13,2,17,350,DE,530.2220647330794
13,2,18,350,DE,358.63300545016506
13,2,19,350,DE,416.37913411201606
13,3,0,350,DE,474.9311914115804
13,3,1,350,DE,306.7625765038818
13,3,2,350,DE,723.3175218374604
13,3,3,350,DE,339.712381286235
13,3,4,350,DE,220.20104630242278
13,3,5,350,DE,338.5837242120481
13,3,6,350,DE,330.54547309154526
13,3,7,350,DE,389.3665937991687
13,3,8,350,DE,210.09335329931446
13,3,9,350,DE,511.9025528099807
13,3,10,350,DE,288.0523930511774
13,3,11,350,DE,296.5313533550949
13,3,12,350,DE,336.1361970422859
13,3,13,350,DE,274.03822855402774
13,3,14,350,DE,393.99918008664633
13,3,15,350,DE,379.94664592228986
13,3,16,350,DE,318.5115013722858
13,3,17,350,DE,328.0629320550103
13,3,18,350,DE,374.52506362817655
13,3,19,350,DE,342.49177707182145
13,4,0,350,DE,155.36344711785188
13,4,1,350,DE,215.75744913564927
13,4,2,350,DE,226.88661182587396
13,4,3,350,DE,307.3628846410028
13,4,4,350,DE,151.762413052146
13,4,5,350,DE,235.47497686489106
13,4,6,350,DE,253.2103004446761
13,4,7,350,DE,316.57998153619053
13,4,8,350,DE,713.5159648606267
13,4,9,350,DE,200.4608274642926
13,4,10,350,DE,179.71414698871803
13,4,11,350,DE,248.45665949818618
13,4,12,350,DE,226.57148259059005
13,4,13,350,DE,382.0990523334255
13,4,14,350,DE,512.5278208506293
13,4,15,350,DE,187.82350753251475
13,4,16,350,DE,242.9832000360079
13,4,17,350,DE,293.0652839089356
13,4,18,350,DE,713.9888660219121
13,4,19,350,DE,209.98723358090547
13,5,0,350,DE,170.66786617678065
13,5,1,350,DE,168.64384300529164
13,5,2,350,DE,253.1476623569949
13,5,3,350,DE,428.86946233472895
13,5,4,350,DE,192.35931893154032
13,5,5,350,DE,178.99572992823144
13,5,6,350,DE,322.61992789514915
13,5,7,350,DE,173.85725913764102
13,5,8,350,DE,352.5450797121963
13,5,9,350,DE,288.1742859357469
13,5,10,350,DE,219.95534088652994
13,5,11,350,DE,378.4571041782355
13,5,12,350,DE,220.81915072469738
13,5,13,350,DE,223.6028568465485
13,5,14,350,DE,294.558558658207
13,5,15,350,DE,241.98735537661335
13,5,16,350,DE,152.34653030741035
13,5,17,350,DE,363.1468201087113
13,5,18,350,DE,259.4249492273969
13,5,19,350,DE,328.21382509605166
13,6,0,350,DE,270.4892540375865
13,6,1,350,DE,239.7318619153527
13,6,2,350,DE,302.1472268179803
13,6,3,350,DE,424.82701873676984
13,6,4,350,DE,378.5908362936554
13,6,5,350,DE,270.0575193373905
13,6,6,350,DE,281.46872878539074
13,6,7,350,DE,435.60400945327115
13,6,8,350,DE,388.84935042442584
13,6,9,350,DE,291.4642246559967
13,6,10,350,DE,288.3288559365554
13,6,11,350,DE,213.91747171672023
13,6,12,350,DE,435.2080818522488
13,6,13,350,DE,263.46810670982387
13,6,14,350,DE,346.19780921545174
13,6,15,350,DE,419.2466143062179
13,6,16,350,DE,362.9455506535068
13,6,17,350,DE,263.19201757507807
13,6,18,350,DE,418.5408594162662
13,6,19,350,DE,247.37948404564548
13,7,0,350,DE,245.10942785225774
13,7,1,350,DE,252.57778321312108
13,7,2,350,DE,346.0387297165697
13,7,3,350,DE,372.07033381345633
13,7,4,350,DE,228.56008616961682
13,7,5,350,DE,139.22572628356005
13,7,6,350,DE,233.5428370784812
13,7,7,350,DE,124.48522729303987
13,7,8,350,DE,192.15887021755063
13,7,9,350,DE,164.82660649000957
13,7,10,350,DE,291.4074728416616
13,7,11,350,DE,246.60806208900556
13,7,12,350,DE,197.3907915354747
13,7,13,350,DE,240.5429735750866
13,7,14,350,DE,157.74387534932694
13,7,15,350,DE,288.2253467420281
13,7,16,350,DE,358.7310050298758
13,7,17,350,DE,102.60273787071891
13,7,18,350,DE,409.24644661934974
13,7,19,350,DE,506.32529498038804
14,1,0,350,DE,395.86037420399515
14,1,1,350,DE,472.1724266107947
14,1,2,350,DE,494.7497902972698
14,1,3,350,DE,428.5236815119249
14,1,4,350,DE,341.23809940402265
14,1,5,350,DE,686.8225135636054
14,1,6,350,DE,224.32604434990932
14,1,7,350,DE,277.41431436462034
14,1,8,350,DE,291.12286276256765
14,1,9,350,DE,445.18680634215394
14,1,10,350,DE,281.59039256688686
14,1,11,350,DE,404.60690042153254
14,1,12,350,DE,354.91043585249736
14,1,13,350,DE,283.8001520810854
14,1,14,350,DE,326.47157193338563
14,1,15,350,DE,300.7007754321201
14,1,16,350,DE,438.0341414638852
14,1,17,350,DE,466.27027358815957
14,1,18,350,DE,309.05369907404514
14,1,19,350,DE,520.355205349246
14,2,0,350,DE,570.6939153137433
14,2,1,350,DE,465.76713624420006
14,2,2,350,DE,750.9557620406052
14,2,3,350,DE,501.60569620560307
14,2,4,350,DE,520.4744237894455
14,2,5,350,DE,1746.6468952387759
14,2,6,350,DE,1001.2162401682377
14,2,7,350,DE,674.261724256873
14,2,8,350,DE,798.0057777495786
14,2,9,350,DE,610.0159454374586
14,2,10,350,DE,3234.115146938683
14,2,11,350,DE,650.5434368918022
14,2,12,350,DE,479.5968184321842
14,2,13,350,DE,1492.1707263543026
14,2,14,350,DE,580.1568485032399
14,2,15,350,DE,626.5563708897596
14,2,16,350,DE,530.6882248709721
14,2,17,350,DE,534.3231752183474
14,2,18,350,DE,854.6141586603563
14,2,19,350,DE,780.3852766773734
14,3,0,350,DE,316.8473215293385
14,3,1,350,DE,194.21718185729983
14,3,2,350,DE,498.1102290350371
14,3,3,350,DE,397.50528667270015
14,3,4,350,DE,2366.6319486310604
14,3,5,350,DE,315.4841889098931
14,3,6,350,DE,475.04829116394984
14,3,7,350,DE,381.7908809069991
14,3,8,350,DE,518.5202410010196
14,3,9,350,DE,301.5945550086581
14,3,10,350,DE,379.44531149107684
14,3,11,350,DE,292.6318059144465
14,3,12,350,DE,270.1658990347238
14,3,13,350,DE,312.60536978674384
14,3,14,350,DE,387.55836203585295
14,3,15,350,DE,392.3904541268327
14,3,16,350,DE,231.67328401508186
14,3,17,350,DE,402.10096600777047
14,3,18,350,DE,589.0518001395338
14,3,19,350,DE,242.6049037827899
14,4,0,350,DE,329.29202925462266
14,4,1,350,DE,251.37488357047945
14,4,2,350,DE,450.7375730438978
14,4,3,350,DE,633.3700156641399
14,4,4,350,DE,391.7819216341269
14,4,5,350,DE,521.954332670891
14,4,6,350,DE,821.6555546768541
14,4,7,350,DE,277.5262638357464
14,4,8,350,DE,519.1543550092215
14,4,9,350,DE,718.3853402619126
14,4,10,350,DE,628.7771515518352
14,4,11,350,DE,484.93190449452254
14,4,12,350,DE,477.32845643687426
14,4,13,350,DE,298.30283566143
14,4,14,350,DE,366.2859718688019
14,4,15,350,DE,469.01036697670474
14,4,16,350,DE,289.8773834702795
14,4,17,350,DE,481.2024254104982
14,4,18,350,DE,2958.172192839931
14,4,19,350,DE,138.148050251588
14,5,0,350,DE,448.62889901499847
14,5,1,350,DE,3058.7978144642775
14,5,2,350,DE,440.48855408731254
14,5,3,350,DE,874.3247161445255
14,5,4,350,DE,520.9307117933855
14,5,5,350,DE,829.3761463626669
14,5,6,350,DE,458.4890001360983
14,5,7,350,DE,561.2456444184646
14,5,8,350,DE,673.580145168354
14,5,9,350,DE,807.712217947889
14,5,10,350,DE,237.8021733167146
14,5,11,350,DE,911.2968207825688
14,5,12,350,DE,711.873780263378
14,5,13,350,DE,452.66470502275405
14,5,14,350,DE,811.0607566892105
14,5,15,350,DE,781.3249101051824
14,5,16,350,DE,667.7573362514145
14,5,17,350,DE,517.0198816541085
14,5,18,350,DE,2284.6067705618607
14,5,19,350,DE,801.8894865712507
14,6,0,350,DE,632.5904584508144
14,6,1,350,DE,408.2801078084037
14,6,2,350,DE,421.66629940194673
14,6,3,350,DE,381.8951233681707
14,6,4,350,DE,525.1822415517297
14,6,5,350,DE,501.72619451856013
14,6,6,350,DE,615.7943112536792
14,6,7,350,DE,489.26241909293617
14,6,8,350,DE,3123.205847698415
14,6,9,350,DE,309.1211219037508
14,6,10,350,DE,451.0042529758498
14,6,11,350,DE,324.3898187781085
14,6,12,350,DE,206.8124003344764
14,6,13,350,DE,1951.6372322836937
14,6,14,350,DE,432.84284170010164
14,6,15,350,DE,303.3118748964232
14,6,16,350,DE,260.8858960759767
14,6,17,350,DE,427.87539803333914
14,6,18,350,DE,380.39058424137176
14,6,19,350,DE,321.4404581458098
14,7,0,350,DE,843.8890506764493
14,7,1,350,DE,759.739645736756
14,7,2,350,DE,501.2781282218489
14,7,3,350,DE,664.6395851380693
14,7,4,350,DE,572.3271871651544
14,7,5,350,DE,457.29056627306363
14,7,6,350,DE,571.1709875334815
14,7,7,350,DE,1008.4229826778128
14,7,8,350,DE,975.0471875826468
14,7,9,350,DE,328.9352436862019
14,7,10,350,DE,396.80185683292655
14,7,11,350,DE,859.2407166789116
14,7,12,350,DE,520.2501948107359
14,7,13,350,DE,2680.9103836891813
14,7,14,350,DE,356.31635992258674
14,7,15,350,DE,370.16071706512867
14,7,16,350,DE,489.6083263950069
14,7,17,350,DE,1591.5307776812454
14,7,18,350,DE,737.9017643319036
14,7,19,350,DE,616.2188684795777
15,1,0,350,DE,2007.773026608032
15,1,1,350,DE,1129.4063780065917
15,1,2,350,DE,1638.058631615094
15,1,3,350,DE,924.4891577198047
15,1,4,350,DE,1126.1652806740537
15,1,5,350,DE,1196.292777791644
15,1,6,350,DE,1083.8301803551476
15,1,7,350,DE,1366.7500042224146
15,1,8,350,DE,1017.1970577031766
15,1,9,350,DE,924.7324120529616
15,1,10,350,DE,1176.4612888429888
15,1,11,350,DE,1257.4688303916369
15,1,12,350,DE,935.1051287960298
15,1,13,350,DE,967.5107299930855
15,1,14,350,DE,1171.1084665164099
15,1,15,350,DE,981.4297274666275
15,1,16,350,DE,1324.1956631259263
15,1,17,350,DE,1082.2523264433357
15,1,18,350,DE,1190.325355454328
15,1,19,350,DE,1121.4530332563068
15,2,0,350,DE,1608.2162058457634
15,2,1,350,DE,940.6858806482619
15,2,2,350,DE,1355.6289638487042
15,2,3,350,DE,854.4319767129914
15,2,4,350,DE,1234.9920524473628
15,2,5,350,DE,2109.6152179218557
15,2,6,350,DE,1446.8795141683634
15,2,7,350,DE,1667.1438009755245
15,2,8,350,DE,1910.184991535593
15,2,9,350,DE,1428.7519321210834
15,2,10,350,DE,1425.2236661816032
15,2,11,350,DE,1112.2106449667608
15,2,12,350,DE,1312.4222746813211
15,2,13,350,DE,2424.3911776835466
15,2,14,350,DE,1292.8390595910405
15,2,15,350,DE,931.3606477999659
15,2,16,350,DE,1183.3368816867871
15,2,17,350,DE,1780.3309017476595
15,2,18,350,DE,1405.1287154132613
15,2,19,350,DE,944.6397476044555
15,3,0,350,DE,1084.9781259182423
15,3,1,350,DE,2134.029500439073
15,3,2,350,DE,1104.313771903031
15,3,3,350,DE,1230.188270287288
15,3,4,350,DE,1308.6519557130734
15,3,5,350,DE,1564.6500195933536
15,3,6,350,DE,1302.2039718912054
15,3,7,350,DE,1252.6090819059655
15,3,8,350,DE,2256.0333245160537
15,3,9,350,DE,1310.487395832261
15,3,10,350,DE,1281.3644414850526
15,3,11,350,DE,886.0629683600464
15,3,12,350,DE,1550.7851168330794
15,3,13,350,DE,1876.9294286204527
15,3,14,350,DE,1592.2338153937467
15,3,15,350,DE,1163.8828581564253
15,3,16,350,DE,974.5606729109957
15,3,17,350,DE,1395.5361557737624
15,3,18,350,DE,1033.3184137836388
15,3,19,350,DE,812.9059631924605
15,4,0,350,DE,1866.2195570490321
15,4,1,350,DE,1312.641425282568
15,4,2,350,DE,1729.0257349804147
15,4,3,350,DE,1259.1273678916675
15,4,4,350,DE,1155.5667709439495
15,4,5,350,DE,1935.7338820536654
15,4,6,350,DE,1532.558209597142
15,4,7,350,DE,1211.8950435710376
15,4,8,350,DE,1708.0613770971565
15,4,9,350,DE,1156.7202054128857
15,4,10,350,DE,1402.6559953530868
15,4,11,350,DE,1275.726348263788
15,4,12,350,DE,1326.3164467485035
15,4,13,350,DE,1452.9998824391898
15,4,14,350,DE,1404.2274343033082
15,4,15,350,DE,1349.924309938613
15,4,16,350,DE,1378.3272787766691
15,4,17,350,DE,1415.103681274209
15,4,18,350,DE,1332.9479394750022
15,4,19,350,DE,1349.5423794305723
15,5,0,350,DE,1489.3422368112601
15,5,1,350,DE,1592.7005177440112
15,5,2,350,DE,1929.5274545697325
15,5,3,350,DE,1353.9405899325911
15,5,4,350,DE,1396.700458807621
15,5,5,350,DE,794.4003357258632
15,5,6,350,DE,1438.876196477399
15,5,7,350,DE,1290.6708821368281
15,5,8,350,DE,1447.289753180271
15,5,9,350,DE,1794.4452870978043
15,5,10,350,DE,1394.6261979786887
15,5,11,350,DE,1285.0084065160963
15,5,12,350,DE,2233.056344049617
15,5,13,350,DE,1890.4394776931608
15,5,14,350,DE,2429.750692507711
15,5,15,350,DE,1153.0788670621755
15,5,16,350,DE,1224.029605263478
15,5,17,350,DE,1301.9846183679238
15,5,18,350,DE,1641.5979838653532
15,5,19,350,DE,1648.630791684634
15,6,0,350,DE,1355.3020550433096
15,6,1,350,DE,1562.463054935284
15,6,2,350,DE,1547.4132993703274
15,6,3,350,DE,1592.776611083455
15,6,4,350,DE,1419.6209449813155
15,6,5,350,DE,1448.8520010581185
15,6,6,350,DE,1519.9977821165762
15,6,7,350,DE,1182.9535177576167
15,6,8,350,DE,1575.131964057751
15,6,9,350,DE,1475.265140020358
15,6,10,350,DE,1267.325340549382
15,6,11,350,DE,1906.4467210256662
15,6,12,350,DE,2306.6764435461523
15,6,13,350,DE,1406.1730824574938
15,6,14,350,DE,1932.1104390351318
15,6,15,350,DE,1260.2191949327175
15,6,16,350,DE,1410.2252186807518
15,6,17,350,DE,1474.866710284469
15,6,18,350,DE,1519.2712180443439
15,6,19,350,DE,1191.1954337641075
15,7,0,350,DE,1488.4537003104574
15,7,1,350,DE,2043.1332820129549
15,7,2,350,DE,996.1569891596214
15,7,3,350,DE,1334.7941708862372
15,7,4,350,DE,1413.8108129041384
15,7,5,350,DE,1194.6230426673173
15,7,6,350,DE,781.6629223957636
15,7,7,350,DE,1445.660341559103
15,7,8,350,DE,991.3212732400332
15,7,9,350,DE,1250.8257616037527
15,7,10,350,DE,1338.323646823368
15,7,11,350,DE,1254.338111968719
15,7,12,350,DE,1158.387696131036
15,7,13,350,DE,1180.197013651647
15,7,14,350,DE,1252.6355130892823
15,7,15,350,DE,1091.8669901595472
15,7,16,350,DE,1221.7975393053948
15,7,17,350,DE,1190.9127230235401
15,7,18,350,DE,1093.390681851557
15,7,19,350,DE,856.8601862202872
16,1,0,350,DE,120.37920595601969
16,1,1,350,DE,73.94297253394805
16,1,2,350,DE,133.53626247140068
16,1,3,350,DE,98.74843291586936
16,1,4,350,DE,107.38252226508396
16,1,5,350,DE,116.52480657767792
16,1,6,350,DE,97.45802757868415
16,1,7,350,DE,132.96153161188235
16,1,8,350,DE,83.82060175608288
16,1,9,350,DE,98.33984419923328
16,1,10,350,DE,65.68126445739667
16,1,11,350,DE,114.27150079115106
16,1,12,350,DE,116.07220501051924
16,1,13,350,DE,69.75164045788287
16,1,14,350,DE,145.58911757952887
16,1,15,350,DE,56.75893411967874
16,1,16,350,DE,145.38416196451854
16,1,17,350,DE,74.06894381378481
16,1,18,350,DE,96.99676830403415
16,1,19,350,DE,76.78133241509964
16,2,0,350,DE,196.76857861164228
16,2,1,350,DE,152.54089009545402
16,2,2,350,DE,66.39011996974617
16,2,3,350,DE,124.5565698925552
16,2,4,350,DE,119.85422472286221
16,2,5,350,DE,94.54463547235999
16,2,6,350,DE,78.76443248293485
16,2,7,350,DE,115.14866289198545
16,2,8,350,DE,92.32669719280611
16,2,9,350,DE,66.7336711621828
16,2,10,350,DE,100.2027683237821
16,2,11,350,DE,99.28439483439999
16,2,12,350,DE,110.81314095043662
16,2,13,350,DE,67.33706642598288
16,2,14,350,DE,130.9818954616884
16,2,15,350,DE,152.80314650519205
16,2,16,350,DE,53.162643468136835
16,2,17,350,DE,113.43050851778789
16,2,18,350,DE,192.1340791290325
16,2,19,350,DE,79.61703777423256
16,3,0,350,DE,122.14311903176005
16,3,1,350,DE,203.35706071956537
16,3,2,350,DE,113.82248729936347
16,3,3,350,DE,102.20137963760092
16,3,4,350,DE,123.33386582591085
16,3,5,350,DE,82.57834842518496
16,3,6,350,DE,55.98363921786421
16,3,7,350,DE,63.738075700918074
16,3,8,350,DE,69.32155897450653
16,3,9,350,DE,118.24346291795393
16,3,10,350,DE,137.6784474128544
16,3,11,350,DE,72.21213318299657
16,3,12,350,DE,141.21651731126164
16,3,13,350,DE,84.64418484616073
16,3,14,350,DE,61.53167641119866
16,3,15,350,DE,104.85052522665994
16,3,16,350,DE,66.51699186357885
16,3,17,350,DE,75.80258733269106
16,3,18,350,DE,64.65111057509445
16,3,19,350,DE,51.055470265946056
16,4,0,350,DE,69.90036340203463
16,4,1,350,DE,98.00700738823772
16,4,2,350,DE,77.88182419147361
16,4,3,350,DE,74.90705160414359
16,4,4,350,DE,45.957535896871555
16,4,5,350,DE,60.23576204354217
16,4,6,350,DE,82.24743400193067
16,4,7,350,DE,84.23977195567255
16,4,8,350,DE,66.80058135623095
16,4,9,350,DE,68.37852285212568
16,4,10,350,DE,117.23846924895372
16,4,11,350,DE,153.44620002984436
16,4,12,350,DE,89.6690168948049
16,4,13,350,DE,62.571239816169935
16,4,14,350,DE,53.69518011914097
16,4,15,350,DE,91.27537743096396
16,4,16,350,DE,42.5457375376873
16,4,17,350,DE,69.83213500842783
16,4,18,350,DE,71.01769185560268
16,4,19,350,DE,130.74078151866587
16,5,0,350,DE,73.26349365180135
16,5,1,350,DE,97.58595321209324
16,5,2,350,DE,69.7014104116619
16,5,3,350,DE,63.852714695295674
16,5,4,350,DE,57.797614996107505
16,5,5,350,DE,90.83095988255147
16,5,6,350,DE,57.412110233605944
16,5,7,350,DE,52.127180642095034
16,5,8,350,DE,61.11993542911106
16,5,9,350,DE,41.758079244379886
16,5,10,350,DE,68.53387806531875
16,5,11,350,DE,68.2241471379034
16,5,12,350,DE,96.41972486796817
16,5,13,350,DE,50.379643776371466
16,5,14,350,DE,56.348604245235364
16,5,15,350,DE,50.84076781108604
16,5,16,350,DE,81.12079392605501
16,5,17,350,DE,59.042420366804016
16,5,18,350,DE,60.88017631337881
16,5,19,350,DE,44.18426350173463
16,6,0,350,DE,96.06191110613678
16,6,1,350,DE,115.58004543197693
16,6,2,350,DE,58.12135131011778
16,6,3,350,DE,59.28354929131028
16,6,4,350,DE,61.07692860899597
16,6,5,350,DE,93.37878939599558
16,6,6,350,DE,99.69868857271115
16,6,7,350,DE,73.0987725188727
16,6,8,350,DE,132.54526046858996
16,6,9,350,DE,91.54085673175264
16,6,10,350,DE,55.92438715472475
16,6,11,350,DE,89.48039346669799
16,6,12,350,DE,133.71384973209175
16,6,13,350,DE,67.39582882075274
16,6,14,350,DE,82.18299337893785
16,6,15,350,DE,66.47629703520066
16,6,16,350,DE,78.22699404341029
16,6,17,350,DE,112.77469136051806
16,6,18,350,DE,159.3002788258112
16,6,19,350,DE,68.60687393914193
16,7,0,350,DE,105.14273883636184
16,7,1,350,DE,84.69452120397648
16,7,2,350,DE,80.1732442812995
16,7,3,350,DE,87.06181486050907
16,7,4,350,DE,58.813867238820876
16,7,5,350,DE,55.85458137573929
16,7,6,350,DE,106.09410554968473
16,7,7,350,DE,64.9181182449568
16,7,8,350,DE,94.31407619129084
16,7,9,350,DE,58.426885909997445
16,7,10,350,DE,54.18627764534809
16,7,11,350,DE,71.29637541988794
16,7,12,350,DE,111.39078567448254
16,7,13,350,DE,66.60632440327399
16,7,14,350,DE,57.82498462139235
16,7,15,350,DE,83.46982624289565
16,7,16,350,DE,59.53798221035706
16,7,17,350,DE,103.08066285098968
16,7,18,350,DE,124.67420249717945
16,7,19,350,DE,55.25125316441162
17,1,0,350,DE,118.34932986183146
17,1,1,350,DE,76.98048172523791
17,1,2,350,DE,84.33122430133697
17,1,3,350,DE,95.43113352388083
17,1,4,350,DE,58.02224004235275
17,1,5,350,DE,67.5287478794278
17,1,6,350,DE,50.230750509513335
17,1,7,350,DE,84.8532161074139
17,1,8,350,DE,77.97086759661201
17,1,9,350,DE,69.3510451634239
17,1,10,350,DE,65.66823671431217
17,1,11,350,DE,101.76375252758083
17,1,12,350,DE,76.81805901662803
17,1,13,350,DE,92.4658143177461
17,1,14,350,DE,336.59750298210895
17,1,15,350,DE,78.71449766708393
17,1,16,350,DE,554.3372867165745
17,1,17,350,DE,549.7740041583552
17,1,18,350,DE,67.99593412666547
17,1,19,350,DE,91.86402366122164
17,2,0,350,DE,90.16940985694521
17,2,1,350,DE,65.93905750066658
17,2,2,350,DE,70.06624185563955
17,2,3,350,DE,77.4605626975255
17,2,4,350,DE,92.66476664005988
17,2,5,350,DE,125.16141988677737
17,2,6,350,DE,118.21019492043382
17,2,7,350,DE,145.43032929840234
17,2,8,350,DE,64.9095909833924
17,2,9,350,DE,30.68549707059793
17,2,10,350,DE,86.04478862550931
17,2,11,350,DE,80.22806613258717
17,2,12,350,DE,64.02815566989443
17,2,13,350,DE,46.52641395507326
17,2,14,350,DE,95.9904717681318
17,2,15,350,DE,53.325996073271725
17,2,16,350,DE,31.699011316320064
17,2,17,350,DE,86.25381896491434
17,2,18,350,DE,90.94400939289052
17,2,19,350,DE,63.34448735032931
17,3,0,350,DE,410.78817469200203
17,3,1,350,DE,76.36675982422906
17,3,2,350,DE,124.86616932495853
17,3,3,350,DE,408.32808242449084
17,3,4,350,DE,73.54333259610975
17,3,5,350,DE,156.66627932369505
17,3,6,350,DE,500.68046454401104
17,3,7,350,DE,551.9392105906106
17,3,8,350,DE,102.30865078117024
17,3,9,350,DE,90.73698893916502
17,3,10,350,DE,104.0374922212884
17,3,11,350,DE,70.42990299313476
17,3,12,350,DE,75.7450322175395
17,3,13,350,DE,126.47970011563237
17,3,14,350,DE,95.7897890726747
17,3,15,350,DE,78.6196268948834
17,3,16,350,DE,65.4011303233343
17,3,17,350,DE,83.4298047333803
17,3,18,350,DE,63.956204521161396
17,3,19,350,DE,67.86607268785534
17,4,0,350,DE,75.63024018036128
17,4,1,350,DE,69.37822557041851
17,4,2,350,DE,53.186805101233396
17,4,3,350,DE,113.119611605993
17,4,4,350,DE,112.3142112879104
17,4,5,350,DE,73.79274528215208
17,4,6,350,DE,60.28910037441686
17,4,7,350,DE,85.2988352593789
17,4,8,350,DE,65.41324436666622
17,4,9,350,DE,78.15874244199323
17,4,10,350,DE,48.52338617877841
17,4,11,350,DE,60.06789603237616
17,4,12,350,DE,72.09918060723378
17,4,13,350,DE,129.95387483912427
17,4,14,350,DE,89.57265898713558
17,4,15,350,DE,44.04276874564042
17,4,16,350,DE,93.78047964686256
17,4,17,350,DE,58.47396440766861
17,4,18,350,DE,56.67049015139687
17,4,19,350,DE,117.78307058965916
17,5,0,350,DE,267.8384920294583
17,5,1,350,DE,89.50176092101398
17,5,2,350,DE,217.80626760790383
17,5,3,350,DE,387.3468242870062
17,5,4,350,DE,281.6362116145682
17,5,5,350,DE,43.413577553119104
17,5,6,350,DE,266.83444944588985
17,5,7,350,DE,386.89238882445164
17,5,8,350,DE,126.50181771393824
17,5,9,350,DE,380.0414873303717
17,5,10,350,DE,389.63211769363664
17,5,11,350,DE,257.8333553018546
17,5,12,350,DE,95.99907293002133
17,5,13,350,DE,123.40135197327483
17,5,14,350,DE,119.50102018897293
17,5,15,350,DE,389.24551657993595
17,5,16,350,DE,394.92082734128917
17,5,17,350,DE,396.1709925687036
17,5,18,350,DE,319.6698308663705
17,5,19,350,DE,282.6249862062384
17,6,0,350,DE,61.28126212290884
17,6,1,350,DE,59.02207174045133
17,6,2,350,DE,228.41188956467124
17,6,3,350,DE,110.64371167118698
17,6,4,350,DE,67.24100773587092
17,6,5,350,DE,94.19848597229802
17,6,6,350,DE,65.26507788091752
17,6,7,350,DE,56.69685578787276
17,6,8,350,DE,76.32920632580331
17,6,9,350,DE,44.23222897582263
17,6,10,350,DE,67.94100498345371
17,6,11,350,DE,73.0666433096685
17,6,12,350,DE,86.92657082791004
17,6,13,350,DE,54.74997840628704
17,6,14,350,DE,37.75853000074013
17,6,15,350,DE,103.06722608481864
17,6,16,350,DE,78.74873038682377
17,6,17,350,DE,78.54322005790186
17,6,18,350,DE,116.44721773976163
17,6,19,350,DE,69.68262327331567
17,7,0,350,DE,122.40025260445934
17,7,1,350,DE,42.982306723561074
17,7,2,350,DE,44.81360156564723
17,7,3,350,DE,245.47467332436608
17,7,4,350,DE,66.69534006382638
17,7,5,350,DE,85.50662110500184
17,7,6,350,DE,64.83329080230827
17,7,7,350,DE,68.94960411702955
17,7,8,350,DE,129.7102851390632
17,7,9,350,DE,81.83240074127127
17,7,10,350,DE,69.44066174965162
17,7,11,350,DE,107.93760766163042
17,7,12,350,DE,128.91591754423476
17,7,13,350,DE,59.74169194131989
17,7,14,350,DE,133.9126730778681
17,7,15,350,DE,112.14896629186083
17,7,16,350,DE,139.80615500766027
17,7,17,350,DE,86.04799855176319
17,7,18,350,DE,164.74535475638754
17,7,19,350,DE,162.32339872710907
18,1,0,350,DE,68.21938585903503
18,1,1,350,DE,133.81383843744027
18,1,2,350,DE,56.489091587449224
18,1,3,350,DE,47.202929158684434
18,1,4,350,DE,44.37438296203256
18,1,5,350,DE,74.04340482911773
18,1,6,350,DE,54.25969860676852
18,1,7,350,DE,97.75700021203238
18,1,8,350,DE,137.1042508991459
18,1,9,350,DE,59.63625880136378
18,1,10,350,DE,44.676899592526986
18,1,11,350,DE,61.81719760309258
18,1,12,350,DE,80.76648942442547
18,1,13,350,DE,51.71053983999678
18,1,14,350,DE,103.86541909949604
18,1,15,350,DE,72.74141018558448
18,1,16,350,DE,52.33409416907193
18,1,17,350,DE,233.41620513002184
18,1,18,350,DE,54.09307737354955
18,1,19,350,DE,47.01955182029071
18,2,0,350,DE,134.84915795880573
18,2,1,350,DE,91.60019849911616
18,2,2,350,DE,81.84431567454283
18,2,3,350,DE,99.80187034000785
18,2,4,350,DE,103.55336778012129
18,2,5,350,DE,132.90787225097097
18,2,6,350,DE,82.8847205702432
18,2,7,350,DE,267.0368884440481
18,2,8,350,DE,200.5053758061467
18,2,9,350,DE,82.41315126575122
18,2,10,350,DE,109.36400228106554
18,2,11,350,DE,83.10062497522958
18,2,12,350,DE,70.24649189742702
18,2,13,350,DE,97.07717000499146
18,2,14,350,DE,91.69977796547887
18,2,15,350,DE,110.944090711148
18,2,16,350,DE,83.41034402605959
18,2,17,350,DE,193.56686276001935
18,2,18,350,DE,148.5984963321124
18,2,19,350,DE,95.95672463161603
18,3,0,350,DE,205.61336057492002
18,3,1,350,DE,88.48943450044753
18,3,2,350,DE,115.40135902240638
18,3,3,350,DE,130.4098124797966
18,3,4,350,DE,81.59524333707714
18,3,5,350,DE,73.91176558972356
18,3,6,350,DE,102.97686213755837
18,3,7,350,DE,79.97115968091788
18,3,8,350,DE,183.63440910015112
18,3,9,350,DE,83.5285689020604
18,3,10,350,DE,112.05022957681487
18,3,11,350,DE,73.36042621901788
18,3,12,350,DE,101.34574426171926
18,3,13,350,DE,86.10967572891907
18,3,14,350,DE,80.1082668559824
18,3,15,350,DE,61.4463332043411
18,3,16,350,DE,47.32541119214203
18,3,17,350,DE,89.13385467372716
18,3,18,350,DE,123.24196011024691
18,3,19,350,DE,108.02887103828822
18,4,0,350,DE,227.59679970213094
18,4,1,350,DE,32.44614933538893
18,4,2,350,DE,95.38568672006262
18,4,3,350,DE,86.94375697589388
18,4,4,350,DE,135.8402946578106
18,4,5,350,DE,84.53830604293739
18,4,6,350,DE,89.19391640911817
18,4,7,350,DE,161.33788927493026
18,4,8,350,DE,96.68222387494649
18,4,9,350,DE,90.63386152895255
18,4,10,350,DE,121.27170899063555
18,4,11,350,DE,74.08797066756156
18,4,12,350,DE,149.83543652097202
18,4,13,350,DE,92.28970265565046
18,4,14,350,DE,140.20430800434391
18,4,15,350,DE,134.69859189626914
18,4,16,350,DE,100.9100441783876
18,4,17,350,DE,63.45424510091312
18,4,18,350,DE,78.9818383008564
18,4,19,350,DE,113.71338292784985
18,5,0,350,DE,128.7202546204577
18,5,1,350,DE,58.75267873751785
18,5,2,350,DE,118.32219264093068
18,5,3,350,DE,68.64153440427626
18,5,4,350,DE,86.41200967061937
18,5,5,350,DE,56.59331408073738
18,5,6,350,DE,77.49270046304068
18,5,7,350,DE,86.28396817273907
18,5,8,350,DE,76.74975116029081
18,5,9,350,DE,43.26785573076959
18,5,10,350,DE,37.55126852194777
18,5,11,350,DE,67.59307440495932
18,5,12,350,DE,64.8262773292184
18,5,13,350,DE,67.72846474164751
18,5,14,350,DE,111.16662125654999
18,5,15,350,DE,111.8449445230345
18,5,16,350,DE,31.300364003132337
18,5,17,350,DE,84.55847930731203
18,5,18,350,DE,90.76546282096288
18,5,19,350,DE,79.45515814262276
18,6,0,350,DE,87.60085320157337
18,6,1,350,DE,37.837728232076
18,6,2,350,DE,36.056666020582426
18,6,3,350,DE,37.82068096018973
18,6,4,350,DE,47.174844907800185
18,6,5,350,DE,43.76023020441524
18,6,6,350,DE,36.621763830054576
18,6,7,350,DE,47.0185626645369
18,6,8,350,DE,45.42733144868238
18,6,9,350,DE,40.83281237815103
18,6,10,350,DE,31.961731675243882
18,6,11,350,DE,42.517536362380994
18,6,12,350,DE,98.46283032345517
18,6,13,350,DE,71.85032428004199
18,6,14,350,DE,52.85835736724678
18,6,15,350,DE,44.024605573422924
18,6,16,350,DE,35.68884984589673
18,6,17,350,DE,58.41342089411601
18,6,18,350,DE,96.43628385610697
18,6,19,350,DE,41.92632272500777
18,7,0,350,DE,217.54026159794878
18,7,1,350,DE,145.77865140084475
18,7,2,350,DE,112.52960650847099
18,7,3,350,DE,83.30609930296467
18,7,4,350,DE,54.633981048537656
18,7,5,350,DE,99.58033014564906
18,7,6,350,DE,145.68523613164933
18,7,7,350,DE,71.99069852937389
18,7,8,350,DE,246.60199503177577
18,7,9,350,DE,64.98600751400143
18,7,10,350,DE,93.61323420320274
18,7,11,350,DE,61.34763032763128
18,7,12,350,DE,74.8182247887702
18,7,13,350,DE,180.86476430605597
18,7,14,350,DE,118.17768810350445
18,7,15,350,DE,142.60600043018817
18,7,16,350,DE,123.69014661038622
18,7,17,350,DE,114.74459380884511
18,7,18,350,DE,230.03650975245617
18,7,19,350,DE,93.93175283334706
19,1,0,350,DE,280.1586167670044
19,1,1,350,DE,327.5747090256337
19,1,2,350,DE,338.41077434500244
19,1,3,350,DE,267.2989460500495
19,1,4,350,DE,395.2034261068616
19,1,5,350,DE,319.5984539745441
19,1,6,350,DE,437.40661187764306
19,1,7,350,DE,255.06052548835623
19,1,8,350,DE,503.1872376501172
19,1,9,350,DE,403.5528046954912
19,1,10,350,DE,309.08422427281977
19,1,11,350,DE,566.997412545505
19,1,12,350,DE,362.0236211864683
19,1,13,350,DE,396.39280182322864
19,1,14,350,DE,335.3727227003002
19,1,15,350,DE,312.1210231737785
19,1,16,350,DE,322.45694852236585
19,1,17,350,DE,374.2665052869145
19,1,18,350,DE,461.34400983700493
19,1,19,350,DE,348.05459943107536
19,2,0,350,DE,156.4778073607322
19,2,1,350,DE,167.70581492399674
19,2,2,350,DE,107.70369788435605
19,2,3,350,DE,205.06313480056005
19,2,4,350,DE,176.8257667610714
19,2,5,350,DE,201.1464775134547
19,2,6,350,DE,148.55107172716836
19,2,7,350,DE,184.79334209196875
19,2,8,350,DE,163.8134065691186
19,2,9,350,DE,181.88385368434405
19,2,10,350,DE,160.9637318993474
19,2,11,350,DE,103.84854578657341
19,2,12,350,DE,139.466604002045
19,2,13,350,DE,155.0533029917966
19,2,14,350,DE,341.3786458302267
19,2,15,350,DE,134.8763096289267
19,2,16,350,DE,175.58311423339273
19,2,17,350,DE,180.81518320090606
19,2,18,350,DE,130.88371973524073
19,2,19,350,DE,124.1003528600689
19,3,0,350,DE,432.9385097118306
19,3,1,350,DE,340.56524353390574
19,3,2,350,DE,252.23803802691214
19,3,3,350,DE,377.1364650637591
19,3,4,350,DE,203.24547309017282
19,3,5,350,DE,202.09005861725205
19,3,6,350,DE,205.3036653787877
19,3,7,350,DE,176.04356456230153
19,3,8,350,DE,183.22559100797102
19,3,9,350,DE,291.66428604034246
19,3,10,350,DE,206.75692641071555
19,3,11,350,DE,283.1429652111149
19,3,12,350,DE,220.41469073668662
19,3,13,350,DE,359.0272387462384
19,3,14,350,DE,319.274603089478
19,3,15,350,DE,471.4602832459272
19,3,16,350,DE,301.36135443615814
19,3,17,350,DE,157.4207742562799
19,3,18,350,DE,198.34305585212266
19,3,19,350,DE,240.06515689825324
19,4,0,350,DE,304.1885880774823
19,4,1,350,DE,376.8831325262582
19,4,2,350,DE,348.23725321281387
19,4,3,350,DE,388.2844253162101
19,4,4,350,DE,299.716207686384
19,4,5,350,DE,343.07897018401735
19,4,6,350,DE,298.40394932312984
19,4,7,350,DE,275.7303506674035
19,4,8,350,DE,449.43553787348554
19,4,9,350,DE,366.7296210394903
19,4,10,350,DE,384.2566147493845
19,4,11,350,DE,354.14031447853813
19,4,12,350,DE,313.57864072995454
19,4,13,350,DE,208.4504124485421
19,4,14,350,DE,505.5603560765127
19,4,15,350,DE,270.0129120826073
19,4,16,350,DE,377.0189872511888
19,4,17,350,DE,515.0206651404671
19,4,18,350,DE,308.6114920595151
19,4,19,350,DE,418.5766296800288
19,5,0,350,DE,393.0244015346702
19,5,1,350,DE,246.21347383017775
19,5,2,350,DE,272.5124586396967
19,5,3,350,DE,214.49484558639483
19,5,4,350,DE,136.0930453216777
19,5,5,350,DE,157.4633058687168
19,5,6,350,DE,177.14956966657675
19,5,7,350,DE,174.2950402548263
19,5,8,350,DE,168.91632756448328
19,5,9,350,DE,214.39464346732714
19,5,10,350,DE,142.26253204534936
19,5,11,350,DE,143.82880219631656
19,5,12,350,DE,199.535992293132
19,5,13,350,DE,179.20767225825225
19,5,14,350,DE,227.8377922980899
19,5,15,350,DE,256.76093444680237
19,5,16,350,DE,125.94364973338632
19,5,17,350,DE,196.45498189451712
19,5,18,350,DE,203.06656946465657
19,5,19,350,DE,136.75299462964966
19,6,0,350,DE,270.7689265163134
19,6,1,350,DE,299.8410325365962
19,6,2,350,DE,248.99312559635936
19,6,3,350,DE,235.32362030743258
19,6,4,350,DE,149.10315886605238
19,6,5,350,DE,368.7306028398581
19,6,6,350,DE,187.03703337978487
19,6,7,350,DE,216.1397737307575
19,6,8,350,DE,345.09341612562395
19,6,9,350,DE,206.5694533504561
19,6,10,350,DE,217.22012972932987
19,6,11,350,DE,450.83727808490977
19,6,12,350,DE,343.8205853857334
19,6,13,350,DE,197.69280277724386
19,6,14,350,DE,306.9223906720563
19,6,15,350,DE,280.60436273383743
19,6,16,350,DE,353.44342198778145
19,6,17,350,DE,325.7379330472864
19,6,18,350,DE,392.1717444986578
19,6,19,350,DE,238.32132327512406
19,7,0,350,DE,182.135672655086
19,7,1,350,DE,459.5948786142695
19,7,2,350,DE,313.7943178965642
19,7,3,350,DE,286.43113942242144
19,7,4,350,DE,183.2622266703776
19,7,5,350,DE,262.7015746484203
19,7,6,350,DE,246.52607501218588
19,7,7,350,DE,247.03088086401007
19,7,8,350,DE,206.79948528871816
19,7,9,350,DE,221.84529420749763
19,7,10,350,DE,200.34499510468615
19,7,11,350,DE,252.904933085838
19,7,12,350,DE,302.066194758974
19,7,13,350,DE,167.72679220210247
19,7,14,350,DE,245.44593809669067
19,7,15,350,DE,154.17531403084038
19,7,16,350,DE,319.64255098817256
19,7,17,350,DE,394.4004937751138
19,7,18,350,DE,256.4152022095841
19,7,19,350,DE,150.4682643966234
20,1,0,350,DE,549.4572349239143
20,1,1,350,DE,484.2011103351839
20,1,2,350,DE,703.0774478260893
20,1,3,350,DE,446.2345420320007
20,1,4,350,DE,308.2839856529501
20,1,5,350,DE,239.28791161900574
20,1,6,350,DE,313.14353795218074
20,1,7,350,DE,448.44119481178757
20,1,8,350,DE,441.63687203092985
20,1,9,350,DE,286.3783457823746
20,1,10,350,DE,475.3561639600566
20,1,11,350,DE,316.61873439549623
20,1,12,350,DE,353.42848475247735
20,1,13,350,DE,468.8455864199105
20,1,14,350,DE,375.7808075882886
20,1,15,350,DE,337.12177756923035
20,1,16,350,DE,604.9088466729578
20,1,17,350,DE,480.5939913540419
20,1,18,350,DE,772.9058986091628
20,1,19,350,DE,473.5240561894264
20,2,0,350,DE,1632.0573222194394
20,2,1,350,DE,684.6735656514004
20,2,2,350,DE,651.4245457425875
20,2,3,350,DE,385.0130740007763
20,2,4,350,DE,626.154476729504
20,2,5,350,DE,307.033170803796
20,2,6,350,DE,286.9361476920586
20,2,7,350,DE,590.3420797755522
20,2,8,350,DE,443.11814480847625
20,2,9,350,DE,1400.222277555018
20,2,10,350,DE,554.5452829870037
20,2,11,350,DE,540.725993450996
20,2,12,350,DE,471.0216781924272
20,2,13,350,DE,421.90170170512835
20,2,14,350,DE,437.8710388548455
20,2,15,350,DE,380.1796936936797
20,2,16,350,DE,376.35764024933354
20,2,17,350,DE,496.9274665879499
20,2,18,350,DE,506.4199695857543
20,2,19,350,DE,504.19067058221844
20,3,0,350,DE,638.269887385801
20,3,1,350,DE,182.1419446655559
20,3,2,350,DE,735.749351848893
20,3,3,350,DE,766.6913388035719
20,3,4,350,DE,586.7158824596842
20,3,5,350,DE,636.9707842925857
20,3,6,350,DE,668.7018712843393
20,3,7,350,DE,987.6483261170238
20,3,8,350,DE,493.7346663898157
20,3,9,350,DE,665.6372572609664
20,3,10,350,DE,474.3231996390805
20,3,11,350,DE,442.8256527562656
20,3,12,350,DE,439.5176087890373
20,3,13,350,DE,695.9135727135589
20,3,14,350,DE,1211.0403393069873
20,3,15,350,DE,305.7941753714258
20,3,16,350,DE,301.4609613438135
20,3,17,350,DE,358.05095318051553
20,3,18,350,DE,350.70262936781285
20,3,19,350,DE,475.9123614701648
20,4,0,350,DE,1006.9902796313816
20,4,1,350,DE,903.6657525341047
20,4,2,350,DE,406.09784776105846
20,4,3,350,DE,381.0968071882308
20,4,4,350,DE,475.40456593625714
20,4,5,350,DE,465.70263316021595
20,4,6,350,DE,358.36572416568856
20,4,7,350,DE,567.6213446338497
20,4,8,350,DE,432.7663873641846
20,4,9,350,DE,352.204292813752
20,4,10,350,DE,489.5083709687897
20,4,11,350,DE,547.1840651195326
20,4,12,350,DE,427.7610881998549
20,4,13,350,DE,433.1920796264321
20,4,14,350,DE,858.1318925160969
20,4,15,350,DE,866.2467737579144
20,4,16,350,DE,659.7619651614222
20,4,17,350,DE,309.82361239223803
20,4,18,350,DE,508.6653585205591
20,4,19,350,DE,613.4539711736352
20,5,0,350,DE,423.97796813314153
20,5,1,350,DE,258.4140915812884
20,5,2,350,DE,344.6004551526514
20,5,3,350,DE,276.4549170758763
20,5,4,350,DE,577.6416407939747
20,5,5,350,DE,454.2560472801209
20,5,6,350,DE,431.4450198507033
20,5,7,350,DE,482.6755848333737
20,5,8,350,DE,309.40786606930055
20,5,9,350,DE,255.9266221441641
20,5,10,350,DE,295.25822342738525
20,5,11,350,DE,516.6386007738125
20,5,12,350,DE,411.0631337028869
20,5,13,350,DE,716.144930979462
20,5,14,350,DE,610.7360365283703
20,5,15,350,DE,368.3255704738235
20,5,16,350,DE,374.6869192643959
20,5,17,350,DE,332.13581486273654
20,5,18,350,DE,381.1347564758916
20,5,19,350,DE,280.05168760132324
20,6,0,350,DE,2309.737861857494
20,6,1,350,DE,458.6049013142982
20,6,2,350,DE,623.8565841296056
20,6,3,350,DE,622.2223917199709
20,6,4,350,DE,562.7315535291377
20,6,5,350,DE,685.6161975546374
20,6,6,350,DE,746.1871374006494
20,6,7,350,DE,410.72888372122577
20,6,8,350,DE,680.1942962495675
20,6,9,350,DE,416.0167560224964
20,6,10,350,DE,500.3720804766517
20,6,11,350,DE,399.2810972538282
20,6,12,350,DE,374.89611260537777
20,6,13,350,DE,446.29280886937323
20,6,14,350,DE,543.8745680568848
20,6,15,350,DE,289.8519577674401
20,6,16,350,DE,335.71714552118624
20,6,17,350,DE,462.87533827383277
20,6,18,350,DE,584.9243697241285
20,6,19,350,DE,1493.4456460295955
20,7,0,350,DE,263.0444879121757
20,7,1,350,DE,317.21561248416816
20,7,2,350,DE,370.29231602893424
20,7,3,350,DE,536.2128126912047
20,7,4,350,DE,633.1091935249783
20,7,5,350,DE,906.1507331919588
20,7,6,350,DE,283.5692903699994
20,7,7,350,DE,473.1378349494615
20,7,8,350,DE,397.7324637707339
20,7,9,350,DE,271.8532207724802
20,7,10,350,DE,1119.411228309114
20,7,11,350,DE,372.4118975070228
20,7,12,350,DE,279.3347635713015
20,7,13,350,DE,299.7139487119941
20,7,14,350,DE,1738.9683466477559
20,7,15,350,DE,349.82872361564654
20,7,16,350,DE,315.72909958138877
20,7,17,350,DE,819.922536754286
20,7,18,350,DE,614.2371416178669
20,7,19,350,DE,753.1964770895063
21,1,0,350,DE,424.77434579521776
21,1,1,350,DE,331.8464817346612
21,1,2,350,DE,332.09962732959514
21,1,3,350,DE,162.46755872504298
21,1,4,350,DE,221.6500274341391
21,1,5,350,DE,144.006372984647
21,1,6,350,DE,169.80482934239734
21,1,7,350,DE,175.64407347258063
21,1,8,350,DE,255.11404287301824
21,1,9,350,DE,106.66136214451657
21,1,10,350,DE,159.4342088322713
21,1,11,350,DE,149.29140095172482
21,1,12,350,DE,100.41421143278073
21,1,13,350,DE,131.8507107871091
21,1,14,350,DE,179.38080644526985
21,1,15,350,DE,152.5657778129529
21,1,16,350,DE,129.48566267879713
21,1,17,350,DE,204.98542569229588
21,1,18,350,DE,203.73345796387903
21,1,19,350,DE,154.51380782586122
21,2,0,350,DE,307.9544587502536
21,2,1,350,DE,111.61695267743939
21,2,2,350,DE,232.9386011662968
21,2,3,350,DE,387.2440278196931
21,2,4,350,DE,356.5515794589529
21,2,5,350,DE,431.94752104988584
21,2,6,350,DE,539.2398533366495
21,2,7,350,DE,192.26298710648967
21,2,8,350,DE,173.4349470552375
21,2,9,350,DE,142.9806498267321
21,2,10,350,DE,263.59971469931656
21,2,11,350,DE,195.58023915521622
21,2,12,350,DE,308.1418544518927
21,2,13,350,DE,425.6662018410971
21,2,14,350,DE,256.54016071689745
21,2,15,350,DE,342.1208715234697
21,2,16,350,DE,179.36558658177347
21,2,17,350,DE,211.2640249253126
21,2,18,350,DE,335.6214945052957
21,2,19,350,DE,178.90890281173765
21,3,0,350,DE,152.63746078993628
21,3,1,350,DE,114.1860167542772
21,3,2,350,DE,211.0255296800877
21,3,3,350,DE,236.94123248258427
21,3,4,350,DE,236.95106432556935
21,3,5,350,DE,178.28881046514667
21,3,6,350,DE,169.6686286730567
21,3,7,350,DE,260.7774677213072
21,3,8,350,DE,209.06748174988775
21,3,9,350,DE,349.57565277506353
21,3,10,350,DE,130.73324754851686
21,3,11,350,DE,347.5551515827745
21,3,12,350,DE,791.3427477311809
21,3,13,350,DE,110.81619439513084
21,3,14,350,DE,287.33916560131604
21,3,15,350,DE,229.34987134076118
21,3,16,350,DE,1416.0468160215225
21,3,17,350,DE,196.82605044063567
21,3,18,350,DE,411.68530045818414
21,3,19,350,DE,171.88828857595095
21,4,0,350,DE,1687.6075362222844
21,4,1,350,DE,758.0740159456758
21,4,2,350,DE,348.5923611337774
21,4,3,350,DE,641.1494624179078
21,4,4,350,DE,290.75652962634877
21,4,5,350,DE,372.06107686317296
21,4,6,350,DE,1495.1810074177868
21,4,7,350,DE,627.0001180699855
21,4,8,350,DE,404.57064104285814
21,4,9,350,DE,569.0441086861454
21,4,10,350,DE,829.5237942805935
21,4,11,350,DE,450.6091826626702
21,4,12,350,DE,512.8043401307945
21,4,13,350,DE,422.4723096532932
21,4,14,350,DE,133.188119481973
21,4,15,350,DE,759.3456030232564
21,4,16,350,DE,307.40436271971896
21,4,17,350,DE,377.8211257503426
21,4,18,350,DE,1831.1564600211052
21,4,19,350,DE,245.33710633785537
21,5,0,350,DE,497.8223604703987
21,5,1,350,DE,767.5496117557724
21,5,2,350,DE,328.78419723552054
21,5,3,350,DE,288.8416368070745
21,5,4,350,DE,280.4976244359528
21,5,5,350,DE,438.5574101142216
21,5,6,350,DE,273.6356686952054
21,5,7,350,DE,197.24174630718352
21,5,8,350,DE,486.6825132275023
21,5,9,350,DE,282.1696253637452
21,5,10,350,DE,1948.6119501640821
21,5,11,350,DE,220.93202802077545
21,5,12,350,DE,1890.21708747729
21,5,13,350,DE,258.3954663385269
21,5,14,350,DE,1765.6256510489256
21,5,15,350,DE,501.4078184996099
21,5,16,350,DE,495.9733903639206
21,5,17,350,DE,466.12956232330697
21,5,18,350,DE,588.4528695371557
21,5,19,350,DE,223.61891165737433
21,6,0,350,DE,297.5685961449369
21,6,1,350,DE,235.92023828572306
21,6,2,350,DE,189.13719279177886
21,6,3,350,DE,223.63114872506083
21,6,4,350,DE,105.06052705927277
21,6,5,350,DE,339.22153337309504
21,6,6,350,DE,237.62612357713792
21,6,7,350,DE,104.23212983120129
21,6,8,350,DE,196.24922364358557
21,6,9,350,DE,272.82101321351035
21,6,10,350,DE,119.68404106934557
21,6,11,350,DE,244.60177546915767
21,6,12,350,DE,353.805095781295
21,6,13,350,DE,224.94082777869943
21,6,14,350,DE,421.95871985307616
21,6,15,350,DE,271.6230771895616
21,6,16,350,DE,155.27824176700642
21,6,17,350,DE,354.68756919796454
21,6,18,350,DE,269.0928295316853
21,6,19,350,DE,340.17767822191945
21,7,0,350,DE,638.3380332851405
21,7,1,350,DE,392.7061694470259
21,7,2,350,DE,579.3622511559217
21,7,3,350,DE,243.6078940339154
21,7,4,350,DE,259.4390107718537
21,7,5,350,DE,247.3719135821223
21,7,6,350,DE,256.4466806235358
21,7,7,350,DE,253.39108408172035
21,7,8,350,DE,316.0518886905978
21,7,9,350,DE,260.57096832433996
21,7,10,350,DE,1622.5556505488987
21,7,11,350,DE,187.07304787757707
21,7,12,350,DE,573.7570467567689
21,7,13,350,DE,285.4118936984232
21,7,14,350,DE,330.6157630481797
21,7,15,350,DE,211.66643207136866
21,7,16,350,DE,464.1386607250312
21,7,17,350,DE,387.9756576911268
21,7,18,350,DE,576.9195956433805
21,7,19,350,DE,228.7640699000112
22,1,0,350,DE,403.50028511485306
22,1,1,350,DE,317.27256459979617
22,1,2,350,DE,326.0645271144734
22,1,3,350,DE,251.97365107626982
22,1,4,350,DE,219.95597854277025
22,1,5,350,DE,305.1277743767875
22,1,6,350,DE,228.93304544223352
22,1,7,350,DE,306.1039714673744
22,1,8,350,DE,218.94177443055645
22,1,9,350,DE,234.58222234362705
22,1,10,350,DE,257.96525383070554
22,1,11,350,DE,172.70838725779385
22,1,12,350,DE,248.78975663592
22,1,13,350,DE,199.96409958510003
22,1,14,350,DE,298.909410937225
22,1,15,350,DE,310.1241704442572
22,1,16,350,DE,165.18624782865797
22,1,17,350,DE,272.5087760748844
22,1,18,350,DE,200.6286323294025
22,1,19,350,DE,254.87251096555127
22,2,0,350,DE,229.38820344908746
22,2,1,350,DE,275.8533337012431
22,2,2,350,DE,197.61946269920307
22,2,3,350,DE,220.16135770289858
22,2,4,350,DE,160.197344901013
22,2,5,350,DE,175.32947296145048
22,2,6,350,DE,184.90429485290468
22,2,7,350,DE,225.37168519993537
22,2,8,350,DE,424.7099416166597
22,2,9,350,DE,237.4651896439432
22,2,10,350,DE,140.63450972133364
22,2,11,350,DE,188.03484987832434
22,2,12,350,DE,447.17437642914706
22,2,13,350,DE,338.2990412379901
22,2,14,350,DE,295.002431596524
22,2,15,350,DE,269.9816566057236
22,2,16,350,DE,170.39976876974504
22,2,17,350,DE,138.2828563711383
22,2,18,350,DE,163.10429197940388
22,2,19,350,DE,174.19256584857476
22,3,0,350,DE,160.9380612692689
22,3,1,350,DE,157.24889534769179
22,3,2,350,DE,168.47690336189143
22,3,3,350,DE,196.12037655926585
22,3,4,350,DE,188.66104643959633
22,3,5,350,DE,152.24770999188354
22,3,6,350,DE,225.9313740348435
22,3,7,350,DE,259.9456045158434
22,3,8,350,DE,275.48131034326985
22,3,9,350,DE,246.30581820621302
22,3,10,350,DE,210.72679251234652
22,3,11,350,DE,254.42327647420726
22,3,12,350,DE,169.2060902916177
22,3,13,350,DE,240.49454045379792
22,3,14,350,DE,401.3992647434934
22,3,15,350,DE,217.64642715257997
22,3,16,350,DE,181.0576569958781
22,3,17,350,DE,197.4136538596442
22,3,18,350,DE,266.5399377477819
22,3,19,350,DE,194.86952718575358
22,4,0,350,DE,174.62207169945998
22,4,1,350,DE,233.5736284015317
22,4,2,350,DE,279.55365506093295
22,4,3,350,DE,230.77278093582697
22,4,4,350,DE,158.4239382110588
22,4,5,350,DE,257.4945460857958
22,4,6,350,DE,113.36395597402841
22,4,7,350,DE,202.569444176527
22,4,8,350,DE,215.20133603487182
22,4,9,350,DE,283.9216262114045
22,4,10,350,DE,206.86645755237268
22,4,11,350,DE,201.57469276597413
22,4,12,350,DE,204.0944876084843
22,4,13,350,DE,153.96686234792244
22,4,14,350,DE,260.4797578687971
22,4,15,350,DE,191.03240403810858
22,4,16,350,DE,209.07471391863112
22,4,17,350,DE,235.69444195874442
22,4,18,350,DE,204.8977035128097
22,4,19,350,DE,187.13860774880234
22,5,0,350,DE,243.73120799928506
22,5,1,350,DE,155.28096312229167
22,5,2,350,DE,195.62545379215197
22,5,3,350,DE,282.29310282616456
22,5,4,350,DE,202.81285409092888
22,5,5,350,DE,260.1039688123724
22,5,6,350,DE,274.8614609597393
22,5,7,350,DE,263.6006309628912
22,5,8,350,DE,300.53532526359686
22,5,9,350,DE,187.37562794142283
22,5,10,350,DE,196.17482975087452
22,5,11,350,DE,219.60947258042341
22,5,12,350,DE,238.42244051535818
22,5,13,350,DE,195.43594466986787
22,5,14,350,DE,221.83304612118576
22,5,15,350,DE,178.41406893778864
22,5,16,350,DE,184.38374856024657
22,5,17,350,DE,271.76704150686794
22,5,18,350,DE,419.66424861224095
22,5,19,350,DE,235.17424533058437
22,6,0,350,DE,374.5007133986055
22,6,1,350,DE,176.3824818236872
22,6,2,350,DE,203.54416047594006
22,6,3,350,DE,411.1443310537101
22,6,4,350,DE,336.56920665845115
22,6,5,350,DE,255.4144808828459
22,6,6,350,DE,297.07097528463765
22,6,7,350,DE,239.23299870248815
22,6,8,350,DE,388.8472828049714
22,6,9,350,DE,247.12534402277703
22,6,10,350,DE,184.4373589969601
22,6,11,350,DE,331.80651455794646
22,6,12,350,DE,216.9700502411328
22,6,13,350,DE,470.58708128621635
22,6,14,350,DE,274.14314962836505
22,6,15,350,DE,199.98702876443613
22,6,16,350,DE,180.21182389563674
22,6,17,350,DE,183.98933410468464
22,6,18,350,DE,152.36185460556743
22,6,19,350,DE,284.7275929135821
22,7,0,350,DE,214.1679343125313
22,7,1,350,DE,165.29369675197879
22,7,2,350,DE,203.58632274071752
22,7,3,350,DE,240.19451162107902
22,7,4,350,DE,240.0555454279882
22,7,5,350,DE,208.80259439295412
22,7,6,350,DE,197.848296177594
22,7,7,350,DE,194.098679033436
22,7,8,350,DE,278.5465565961379
22,7,9,350,DE,282.42007235275463
22,7,10,350,DE,219.49576692836837
22,7,11,350,DE,193.48389199399924
22,7,12,350,DE,323.362550853074
22,7,13,350,DE,293.9711415550378
22,7,14,350,DE,259.34746206623964
22,7,15,350,DE,224.2068042638876
22,7,16,350,DE,270.3420145854646
22,7,17,350,DE,199.75451441873508
22,7,18,350,DE,159.18777760933878
22,7,19,350,DE,273.69877320354743
23,1,0,350,DE,246.8737876674302
23,1,1,350,DE,306.97763780422775
23,1,2,350,DE,191.14588628815565
23,1,3,350,DE,570.2873167404191
23,1,4,350,DE,352.8548490067325
23,1,5,350,DE,287.3286722589786
23,1,6,350,DE,325.51735898563476
23,1,7,350,DE,458.4029042440335
23,1,8,350,DE,338.0373306043888
23,1,9,350,DE,527.1061221950122
23,1,10,350,DE,387.06981102965324
23,1,11,350,DE,413.7066785777297
23,1,12,350,DE,290.75835910802874
23,1,13,350,DE,272.59578393366434
23,1,14,350,DE,479.4738427598628
23,1,15,350,DE,382.63236958668705
23,1,16,350,DE,602.794176384004
23,1,17,350,DE,287.557153277473
23,1,18,350,DE,330.25685624540665
23,1,19,350,DE,327.6703021284107
23,2,0,350,DE,180.7132306352076
23,2,1,350,DE,357.7030886126472
23,2,2,350,DE,184.2727274090585
23,2,3,350,DE,220.84399710104816
23,2,4,350,DE,262.15029030721547
23,2,5,350,DE,209.09566845373183
23,2,6,350,DE,159.1983300423237
23,2,7,350,DE,211.6798592245869
23,2,8,350,DE,132.43923268503528
23,2,9,350,DE,472.65796552113864
23,2,10,350,DE,229.2137081767892
23,2,11,350,DE,212.53742723815031
23,2,12,350,DE,433.2638207536626
23,2,13,350,DE,173.92754386329463
23,2,14,350,DE,531.5655769065866
23,2,15,350,DE,391.76210395143653
23,2,16,350,DE,219.90558094507722
23,2,17,350,DE,187.17794907162914
23,2,18,350,DE,163.59171310769125
23,2,19,350,DE,253.9890625138976
23,3,0,350,DE,327.0548183411776
23,3,1,350,DE,293.0106005768712
23,3,2,350,DE,519.4886251402937
23,3,3,350,DE,484.24169588970466
23,3,4,350,DE,226.35688434013232
23,3,5,350,DE,343.759098366298
23,3,6,350,DE,338.9113935463073
23,3,7,350,DE,190.5302732888153
23,3,8,350,DE,358.59155328798533
23,3,9,350,DE,290.25074375249136
23,3,10,350,DE,119.55240975841075
23,3,11,350,DE,315.50268667935876
23,3,12,350,DE,331.69687009619366
23,3,13,350,DE,213.0253585671706
23,3,14,350,DE,534.3143726481637
23,3,15,350,DE,196.69056671779921
23,3,16,350,DE,303.3957153292767
23,3,17,350,DE,317.0215734496146
23,3,18,350,DE,690.4736077135143
23,3,19,350,DE,266.2706439374469
23,4,0,350,DE,271.85924967548465
23,4,1,350,DE,150.4346619913412
23,4,2,350,DE,301.8864514384568
23,4,3,350,DE,496.33300523386936
23,4,4,350,DE,152.70362419238492
23,4,5,350,DE,240.16141203133475
23,4,6,350,DE,167.5607081419519
23,4,7,350,DE,275.46015070956565
23,4,8,350,DE,321.7177288226687
23,4,9,350,DE,135.31279720370148
23,4,10,350,DE,140.38730060121244
23,4,11,350,DE,238.69304850119852
23,4,12,350,DE,299.83417369320796
23,4,13,350,DE,194.89729902944185
23,4,14,350,DE,170.32673453749607
23,4,15,350,DE,156.38193931325932
23,4,16,350,DE,150.77642393023635
23,4,17,350,DE,129.57400006823505
23,4,18,350,DE,170.53998790494794
23,4,19,350,DE,246.05115129834712
23,5,0,350,DE,570.5593904995201
23,5,1,350,DE,243.2495330947343
23,5,2,350,DE,376.3226737485352
23,5,3,350,DE,192.44475489166638
23,5,4,350,DE,331.72149727617926
23,5,5,350,DE,381.6105973615838
23,5,6,350,DE,237.33605276830815
23,5,7,350,DE,252.21574352968705
23,5,8,350,DE,354.65334268555125
23,5,9,350,DE,395.2677625750934
23,5,10,350,DE,292.62829511630775
23,5,11,350,DE,250.21332600387908
23,5,12,350,DE,379.172230955449
23,5,13,350,DE,408.71905917915427
23,5,14,350,DE,337.9456416714298
23,5,15,350,DE,233.6701786540206
23,5,16,350,DE,189.58624819994407
23,5,17,350,DE,278.35651327284137
23,5,18,350,DE,181.11150022399676
23,5,19,350,DE,413.8537897132857
23,6,0,350,DE,282.89512098166483
23,6,1,350,DE,297.8139134457472
23,6,2,350,DE,460.4646461854863
23,6,3,350,DE,261.4830575608375
23,6,4,350,DE,224.90556135917632
23,6,5,350,DE,205.87667117927776
23,6,6,350,DE,1013.1562862037405
23,6,7,350,DE,358.82106994733294
23,6,8,350,DE,383.6239993135294
23,6,9,350,DE,319.9269123766877
23,6,10,350,DE,319.92070641238087
23,6,11,350,DE,330.24312424085065
23,6,12,350,DE,395.71192211438427
23,6,13,350,DE,230.19051986542817
23,6,14,350,DE,253.5956698834788
23,6,15,350,DE,601.9399656650129
23,6,16,350,DE,291.56672322124706
23,6,17,350,DE,337.84719437844774
23,6,18,350,DE,207.63587317438498
23,6,19,350,DE,340.3308292799754
23,7,0,350,DE,303.87766120885055
23,7,1,350,DE,234.5479718754525
23,7,2,350,DE,378.0908477352693
23,7,3,350,DE,325.2386879928163
23,7,4,350,DE,238.2402604313473
23,7,5,350,DE,402.8159938239444
23,7,6,350,DE,226.41116418381924
23,7,7,350,DE,344.8204464790991
23,7,8,350,DE,780.2519234288868
23,7,9,350,DE,313.8618611515604
23,7,10,350,DE,618.056491126862
23,7,11,350,DE,782.5182308168646
23,7,12,350,DE,221.60810070401592
23,7,13,350,DE,488.8402981516564
23,7,14,350,DE,533.3670485312243
23,7,15,350,DE,234.94281955731557
23,7,16,350,DE,1585.859017714796
23,7,17,350,DE,270.1608190789309
23,7,18,350,DE,335.90154891905803
23,7,19,350,DE,270.99873847546854
24,1,0,350,DE,103.0841554391187
24,1,1,350,DE,203.5721423070733
24,1,2,350,DE,103.16809315381175
24,1,3,350,DE,223.63963051139257
24,1,4,350,DE,126.57753466588113
24,1,5,350,DE,51.62969772763058
24,1,6,350,DE,85.85838327627503
24,1,7,350,DE,163.316766200006
24,1,8,350,DE,72.623651344085
24,1,9,350,DE,55.718625684289094
24,1,10,350,DE,184.27725371831727
24,1,11,350,DE,181.1824371106868
24,1,12,350,DE,79.84316246641073
24,1,13,350,DE,36.1653635088639
24,1,14,350,DE,71.34929967619327
24,1,15,350,DE,48.27187203634436
24,1,16,350,DE,124.44524101396222
24,1,17,350,DE,50.619489674016364
24,1,18,350,DE,107.94420592768532
24,1,19,350,DE,108.72809786137134
24,2,0,350,DE,270.4238460585338
24,2,1,350,DE,237.18021670491007
24,2,2,350,DE,169.2198554322732
24,2,3,350,DE,193.7662722724091
24,2,4,350,DE,75.6713571013784
24,2,5,350,DE,2115.798855182319
24,2,6,350,DE,98.83542595846752
24,2,7,350,DE,106.38262910812122
24,2,8,350,DE,210.23011899625575
24,2,9,350,DE,108.77788836047816
24,2,10,350,DE,44.61466782762797
24,2,11,350,DE,53.988661972905476
24,2,12,350,DE,146.80490010690716
24,2,13,350,DE,321.05634100543614
24,2,14,350,DE,259.290275944543
24,2,15,350,DE,157.34501106843743
24,2,16,350,DE,51.909814453256715
24,2,17,350,DE,101.14653511298383
24,2,18,350,DE,94.1304538357954
24,2,19,350,DE,155.0454489268802
24,3,0,350,DE,67.91822171623909
24,3,1,350,DE,28.715474744757856
24,3,2,350,DE,62.991278161262606
24,3,3,350,DE,40.07991799878413
24,3,4,350,DE,34.66680805217053
24,3,5,350,DE,38.098973526207345
24,3,6,350,DE,152.4252585792586
24,3,7,350,DE,27.887928541144714
24,3,8,350,DE,43.07557231643444
24,3,9,350,DE,64.6372339481369
24,3,10,350,DE,32.22794693995881
24,3,11,350,DE,41.659230887436806
24,3,12,350,DE,71.7910164637864
24,3,13,350,DE,63.92108612538589
24,3,14,350,DE,56.01293690331839
24,3,15,350,DE,49.01352752424374
24,3,16,350,DE,103.19766724368652
24,3,17,350,DE,97.92187314746403
24,3,18,350,DE,123.34654701484514
24,3,19,350,DE,30.191676229458114
24,4,0,350,DE,210.04592541091225
24,4,1,350,DE,257.41999554955146
24,4,2,350,DE,413.3287138994499
24,4,3,350,DE,324.2600023813325
24,4,4,350,DE,142.15179639531146
24,4,5,350,DE,260.5318810152226
24,4,6,350,DE,188.96302687725262
24,4,7,350,DE,191.92995365826843
24,4,8,350,DE,312.0680866397262
24,4,9,350,DE,176.85730004749897
24,4,10,350,DE,120.7938211159405
24,4,11,350,DE,235.0617704125551
24,4,12,350,DE,196.57746482223158
24,4,13,350,DE,130.97779073771505
24,4,14,350,DE,219.24161584394452
24,4,15,350,DE,112.99799134139366
24,4,16,350,DE,86.15050928197182
24,4,17,350,DE,283.9817649345611
24,4,18,350,DE,233.12054592081222
24,4,19,350,DE,193.88621186075187
24,5,0,350,DE,86.5943458154727
24,5,1,350,DE,168.47899740321716
24,5,2,350,DE,118.6599786186049
24,5,3,350,DE,36.931759155517355
24,5,4,350,DE,57.46947949074152
24,5,5,350,DE,331.15123763675393
24,5,6,350,DE,252.03812100076703
24,5,7,350,DE,142.50180230698646
24,5,8,350,DE,67.72898300324941
24,5,9,350,DE,63.748420950758884
24,5,10,350,DE,200.82994024434566
24,5,11,350,DE,181.14948559812353
24,5,12,350,DE,213.25847136689032
24,5,13,350,DE,182.4679363871359
24,5,14,350,DE,110.96570234404494
24,5,15,350,DE,179.93055774374588
24,5,16,350,DE,77.17453381806837
24,5,17,350,DE,87.4396935626654
24,5,18,350,DE,17.041839230603564
24,5,19,350,DE,32.974361911061315
24,6,0,350,DE,99.44045419134797
24,6,1,350,DE,57.13908931165537
24,6,2,350,DE,81.56208946292291
24,6,3,350,DE,64.56358448176775
24,6,4,350,DE,123.08641848279834
24,6,5,350,DE,90.14146568952673
24,6,6,350,DE,73.4497721711624
24,6,7,350,DE,230.86638424738734
24,6,8,350,DE,138.62564669833426
24,6,9,350,DE,144.02432107090863
24,6,10,350,DE,139.76606193498822
24,6,11,350,DE,55.32112850134445
24,6,12,350,DE,96.28800929899106
24,6,13,350,DE,53.477217982604685
24,6,14,350,DE,362.9643295708299
24,6,15,350,DE,72.16410041510262
24,6,16,350,DE,117.70844032596779
24,6,17,350,DE,74.91032822620369
24,6,18,350,DE,85.4413263201055
24,6,19,350,DE,57.77661836491371
24,7,0,350,DE,103.54419236513361
24,7,1,350,DE,89.94394565638295
24,7,2,350,DE,133.09953838321348
24,7,3,350,DE,137.71757625723967
24,7,4,350,DE,78.03539252846119
24,7,5,350,DE,123.72746387668998
24,7,6,350,DE,206.14132791576935
24,7,7,350,DE,149.7541797034497
24,7,8,350,DE,109.62335308048975
24,7,9,350,DE,233.82342913316427
24,7,10,350,DE,113.19345396689275
24,7,11,350,DE,174.62360036159222
24,7,12,350,DE,176.82845383189135
24,7,13,350,DE,117.15614725849312
24,7,14,350,DE,100.39459479531004
24,7,15,350,DE,122.21666079882493
24,7,16,350,DE,170.48758852494132
24,7,17,350,DE,159.7837448312091
24,7,18,350,DE,158.5723992758198
24,7,19,350,DE,87.52515678921387
