fid,iid,rep,a1_budget,algname,achieved_auc
1,1,0,250,BFGS,18.86225364044409
1,1,1,250,BFGS,45.22463702373234
1,1,2,250,BFGS,23.27372285877715
1,1,3,250,BFGS,20.426232293495694
1,1,4,250,BFGS,7.979716746148549
1,1,5,250,BFGS,96.72581926486414
1,1,6,250,BFGS,6.567826811445852
1,1,7,250,BFGS,32.67403276649745
1,1,8,250,BFGS,18.35000005002615
1,1,9,250,BFGS,36.04208134446078
1,1,10,250,BFGS,17.822941383708297
1,1,11,250,BFGS,29.413035428934258
1,1,12,250,BFGS,26.931355086455618
1,1,13,250,BFGS,8.051682900123396
1,1,14,250,BFGS,36.055618008647684
1,1,15,250,BFGS,11.127401358048234
1,1,16,250,BFGS,26.91655270480941
1,1,17,250,BFGS,44.87754190585596
1,1,18,250,BFGS,6.866778148044959
1,1,19,250,BFGS,13.228522453497115
1,2,0,250,BFGS,353.44768786272533
1,2,1,250,BFGS,339.75378090378734
1,2,2,250,BFGS,8.774871618427143
1,2,3,250,BFGS,179.48244721077396
1,2,4,250,BFGS,193.79341287846285
1,2,5,250,BFGS,189.79958077805
1,2,6,250,BFGS,435.44351615060634
1,2,7,250,BFGS,155.39281135980616
1,2,8,250,BFGS,130.10303450465418
1,2,9,250,BFGS,178.6932476981822
1,2,10,250,BFGS,567.0067103280553
1,2,11,250,BFGS,323.8739514169866
1,2,12,250,BFGS,214.72483482935905
1,2,13,250,BFGS,397.57855074581516
1,2,14,250,BFGS,440.39238402658964
1,2,15,250,BFGS,308.5665137752152
1,2,16,250,BFGS,184.9188745118557
1,2,17,250,BFGS,266.62076914275906
1,2,18,250,BFGS,354.52874200234146
1,2,19,250,BFGS,340.3247536632303
1,3,0,250,BFGS,166.18817484002886
1,3,1,250,BFGS,23.00771689053052
1,3,2,250,BFGS,9.998640415439326
1,3,3,250,BFGS,15.561113810172369
1,3,4,250,BFGS,11.076849999454572
1,3,5,250,BFGS,13.911813849108555
1,3,6,250,BFGS,36.08133001445882
1,3,7,250,BFGS,9.062023927983228
1,3,8,250,BFGS,35.374510230100235
1,3,9,250,BFGS,12.19537824317609
1,3,10,250,BFGS,15.995852916707957
1,3,11,250,BFGS,18.703732756876352
1,3,12,250,BFGS,52.77388071093066
1,3,13,250,BFGS,27.48109222183114
1,3,14,250,BFGS,8.300881151376604
1,3,15,250,BFGS,12.268837718438338
1,3,16,250,BFGS,10.148672486749096
1,3,17,250,BFGS,12.788156311473193
1,3,18,250,BFGS,193.1394445253419
1,3,19,250,BFGS,6.079755317536728
1,4,0,250,BFGS,1030.0837011290942
1,4,1,250,BFGS,637.9443563013069
1,4,2,250,BFGS,423.64650682549086
1,4,3,250,BFGS,191.05566766196435
1,4,4,250,BFGS,882.7110839617369
1,4,5,250,BFGS,356.8826658311304
1,4,6,250,BFGS,276.78873624339
1,4,7,250,BFGS,121.38943727889452
1,4,8,250,BFGS,1725.9034920636427
1,4,9,250,BFGS,543.9486697065249
1,4,10,250,BFGS,466.1519640125402
1,4,11,250,BFGS,901.7233215138566
1,4,12,250,BFGS,488.38056615972937
1,4,13,250,BFGS,77.66365778734533
1,4,14,250,BFGS,359.7375891857705
1,4,15,250,BFGS,611.7871952500967
1,4,16,250,BFGS,382.75439978060797
1,4,17,250,BFGS,605.9838227171214
1,4,18,250,BFGS,860.3697525702968
1,4,19,250,BFGS,388.71287708128585
1,5,0,250,BFGS,164.23786911462435
1,5,1,250,BFGS,1015.3359312327882
1,5,2,250,BFGS,336.7457544191963
1,5,3,250,BFGS,297.50009768902703
1,5,4,250,BFGS,325.14289830254904
1,5,5,250,BFGS,3149.332170202708
1,5,6,250,BFGS,372.2898308258143
1,5,7,250,BFGS,544.4960415520554
1,5,8,250,BFGS,949.0876468563761
1,5,9,250,BFGS,701.1153253426543
1,5,10,250,BFGS,249.07990072145267
1,5,11,250,BFGS,159.9741732600446
1,5,12,250,BFGS,304.4864618539181
1,5,13,250,BFGS,276.8202209338707
1,5,14,250,BFGS,244.86146416010203
1,5,15,250,BFGS,323.468252479547
1,5,16,250,BFGS,338.879904990238
1,5,17,250,BFGS,304.42632596159433
1,5,18,250,BFGS,182.22227091558577
1,5,19,250,BFGS,210.51617607698054
1,6,0,250,BFGS,1184.1776757654643
1,6,1,250,BFGS,1036.0587807013123
1,6,2,250,BFGS,376.17347615667256
1,6,3,250,BFGS,731.8998295465692
1,6,4,250,BFGS,690.0408415385745
1,6,5,250,BFGS,408.4576312841246
1,6,6,250,BFGS,1027.6590082927394
1,6,7,250,BFGS,1129.2485348605571
1,6,8,250,BFGS,187.08008148349114
1,6,9,250,BFGS,654.9286367569146
1,6,10,250,BFGS,4755.277139954134
1,6,11,250,BFGS,638.2668257571462
1,6,12,250,BFGS,671.4707377356389
1,6,13,250,BFGS,1569.626369162219
1,6,14,250,BFGS,1502.7165545846512
1,6,15,250,BFGS,1769.5837703937473
1,6,16,250,BFGS,551.6878435426512
1,6,17,250,BFGS,518.08625966327
1,6,18,250,BFGS,422.9808369276525
1,6,19,250,BFGS,197.93942537576007
1,7,0,250,BFGS,227.6291617438232
1,7,1,250,BFGS,104.4694262197894
1,7,2,250,BFGS,274.3010696948236
1,7,3,250,BFGS,39.97273690079085
1,7,4,250,BFGS,326.9101352841111
1,7,5,250,BFGS,118.61915830271109
1,7,6,250,BFGS,404.296877799209
1,7,7,250,BFGS,79.59242817482681
1,7,8,250,BFGS,807.2057881869657
1,7,9,250,BFGS,267.5553046553378
1,7,10,250,BFGS,99.66134359735096
1,7,11,250,BFGS,147.1931602523812
1,7,12,250,BFGS,431.61266015614495
1,7,13,250,BFGS,141.10433186252166
1,7,14,250,BFGS,92.23633499615859
1,7,15,250,BFGS,185.75415855372438
1,7,16,250,BFGS,444.8878259359836
1,7,17,250,BFGS,323.04468578951617
1,7,18,250,BFGS,161.9993386877791
1,7,19,250,BFGS,306.5052863597886
2,1,0,250,BFGS,795.3037844571603
2,1,1,250,BFGS,1884.9003790150864
2,1,2,250,BFGS,508.91698399596703
2,1,3,250,BFGS,445.5325899708465
2,1,4,250,BFGS,1475.0437973027117
2,1,5,250,BFGS,1032.0843029342384
2,1,6,250,BFGS,591.3034422037487
2,1,7,250,BFGS,1671.6631151977992
2,1,8,250,BFGS,441.75735027119936
2,1,9,250,BFGS,913.8037782427193
2,1,10,250,BFGS,928.0388673142419
2,1,11,250,BFGS,1123.3427907588505
2,1,12,250,BFGS,529.4740039386286
2,1,13,250,BFGS,337.12119220118683
2,1,14,250,BFGS,417.8760070687455
2,1,15,250,BFGS,885.5269768348385
2,1,16,250,BFGS,1113.4119647235111
2,1,17,250,BFGS,362.4731900477583
2,1,18,250,BFGS,285.5050779176786
2,1,19,250,BFGS,542.2972250987937
2,2,0,250,BFGS,299.48899266197714
2,2,1,250,BFGS,405.43660348306895
2,2,2,250,BFGS,536.3356266458347
2,2,3,250,BFGS,306.51047405955666
2,2,4,250,BFGS,1485.1499966109195
2,2,5,250,BFGS,506.4040492974376
2,2,6,250,BFGS,1098.0824452399545
2,2,7,250,BFGS,705.8023652841381
2,2,8,250,BFGS,344.6335058554559
2,2,9,250,BFGS,524.3653840408989
2,2,10,250,BFGS,348.3523730622009
2,2,11,250,BFGS,467.2818986409409
2,2,12,250,BFGS,594.2423169493735
2,2,13,250,BFGS,529.2180652445671
2,2,14,250,BFGS,479.9357372229271
2,2,15,250,BFGS,398.7003119725667
2,2,16,250,BFGS,224.90009094507036
2,2,17,250,BFGS,340.4994779435632
2,2,18,250,BFGS,533.0814488556274
2,2,19,250,BFGS,582.5158191407813
2,3,0,250,BFGS,522.5774376198533
2,3,1,250,BFGS,1336.8296885854454
2,3,2,250,BFGS,681.8152481956574
2,3,3,250,BFGS,852.1579365255526
2,3,4,250,BFGS,627.7655813628749
2,3,5,250,BFGS,693.9275813530226
2,3,6,250,BFGS,883.922311872309
2,3,7,250,BFGS,782.9947501165639
2,3,8,250,BFGS,643.710666779564
2,3,9,250,BFGS,516.4825140780589
2,3,10,250,BFGS,1631.7427972474986
2,3,11,250,BFGS,1027.6593228679262
2,3,12,250,BFGS,1001.1239142062294
2,3,13,250,BFGS,429.68500451696156
2,3,14,250,BFGS,647.8951733124263
2,3,15,250,BFGS,671.4308076067663
2,3,16,250,BFGS,879.21672357491
2,3,17,250,BFGS,989.3057694914019
2,3,18,250,BFGS,692.3023215194903
2,3,19,250,BFGS,500.6279301948264
2,4,0,250,BFGS,874.3642712837626
2,4,1,250,BFGS,496.255819548821
2,4,2,250,BFGS,1109.274355738813
2,4,3,250,BFGS,1624.0191087987737
2,4,4,250,BFGS,540.6732726140867
2,4,5,250,BFGS,408.5160038194094
2,4,6,250,BFGS,601.9599157330229
2,4,7,250,BFGS,491.9118119904954
2,4,8,250,BFGS,634.6874906056229
2,4,9,250,BFGS,852.3209500468859
2,4,10,250,BFGS,400.49227071155144
2,4,11,250,BFGS,627.603422146582
2,4,12,250,BFGS,497.10146479947
2,4,13,250,BFGS,865.8408818318176
2,4,14,250,BFGS,806.9476061054712
2,4,15,250,BFGS,447.3139066544225
2,4,16,250,BFGS,1380.3509857690242
2,4,17,250,BFGS,393.42547741334516
2,4,18,250,BFGS,556.5227336187904
2,4,19,250,BFGS,1009.4689006125803
2,5,0,250,BFGS,1118.082800230175
2,5,1,250,BFGS,2535.739611390293
2,5,2,250,BFGS,1118.2736728716654
2,5,3,250,BFGS,1395.7376996872058
2,5,4,250,BFGS,1592.5898388636915
2,5,5,250,BFGS,1451.5057158619884
2,5,6,250,BFGS,531.875657502833
2,5,7,250,BFGS,1610.123121853838
2,5,8,250,BFGS,531.5527672636431
2,5,9,250,BFGS,969.4851841723591
2,5,10,250,BFGS,2868.522086317279
2,5,11,250,BFGS,1057.4650545484988
2,5,12,250,BFGS,1654.4390361813462
2,5,13,250,BFGS,2054.218168675352
2,5,14,250,BFGS,739.7488776939905
2,5,15,250,BFGS,3161.8150715953693
2,5,16,250,BFGS,1013.2866851899992
2,5,17,250,BFGS,933.1340338650585
2,5,18,250,BFGS,825.7182684922316
2,5,19,250,BFGS,639.7378941437252
2,6,0,250,BFGS,383.37929893097515
2,6,1,250,BFGS,725.9598194918054
2,6,2,250,BFGS,1005.2846522642608
2,6,3,250,BFGS,976.6096702682521
2,6,4,250,BFGS,387.40757408512457
2,6,5,250,BFGS,737.8171421734165
2,6,6,250,BFGS,415.61231545318276
2,6,7,250,BFGS,448.8953237518724
2,6,8,250,BFGS,1226.7839916523706
2,6,9,250,BFGS,380.4001868404159
2,6,10,250,BFGS,549.3629110011866
2,6,11,250,BFGS,595.0515628592159
2,6,12,250,BFGS,1800.8532605581133
2,6,13,250,BFGS,542.13960580755
2,6,14,250,BFGS,702.8919528172647
2,6,15,250,BFGS,792.5321807742781
2,6,16,250,BFGS,338.69024380497433
2,6,17,250,BFGS,496.7741697229869
2,6,18,250,BFGS,415.2259105187184
2,6,19,250,BFGS,649.8497826632275
2,7,0,250,BFGS,480.1469539864243
2,7,1,250,BFGS,707.787003849794
2,7,2,250,BFGS,962.1152066048751
2,7,3,250,BFGS,1611.1605267985556
2,7,4,250,BFGS,1606.9247416406288
2,7,5,250,BFGS,1357.46099080575
2,7,6,250,BFGS,460.10086923111794
2,7,7,250,BFGS,1206.7110231066943
2,7,8,250,BFGS,1550.3638151070531
2,7,9,250,BFGS,1563.7897122440747
2,7,10,250,BFGS,582.0747206095094
2,7,11,250,BFGS,1193.5389153020633
2,7,12,250,BFGS,724.4432221339057
2,7,13,250,BFGS,1116.4744648712265
2,7,14,250,BFGS,547.0995561065558
2,7,15,250,BFGS,547.5161697247679
2,7,16,250,BFGS,436.29703036125284
2,7,17,250,BFGS,1065.8625394492237
2,7,18,250,BFGS,558.3012751933296
2,7,19,250,BFGS,1296.329473139803
3,1,0,250,BFGS,56.14673219626043
3,1,1,250,BFGS,48.23754202968531
3,1,2,250,BFGS,65.66711441934338
3,1,3,250,BFGS,69.41594016611165
3,1,4,250,BFGS,80.67553174318641
3,1,5,250,BFGS,81.90146424648854
3,1,6,250,BFGS,65.7518789382183
3,1,7,250,BFGS,65.23926794082936
3,1,8,250,BFGS,55.642514151434845
3,1,9,250,BFGS,55.968207876957656
3,1,10,250,BFGS,48.07884547968105
3,1,11,250,BFGS,72.40561081256752
3,1,12,250,BFGS,48.043596048007814
3,1,13,250,BFGS,61.625565480031014
3,1,14,250,BFGS,52.45983771500487
3,1,15,250,BFGS,37.70863621034926
3,1,16,250,BFGS,50.147783538803026
3,1,17,250,BFGS,42.92856464177273
3,1,18,250,BFGS,71.48742162043999
3,1,19,250,BFGS,50.701724605683566
3,2,0,250,BFGS,48.31921041880315
3,2,1,250,BFGS,77.2336484765644
3,2,2,250,BFGS,104.91027169986027
3,2,3,250,BFGS,96.74997722315693
3,2,4,250,BFGS,97.14085839229077
3,2,5,250,BFGS,115.06715887497371
3,2,6,250,BFGS,104.01225056931197
3,2,7,250,BFGS,102.19459170890116
3,2,8,250,BFGS,83.57370026369024
3,2,9,250,BFGS,112.9294361519002
3,2,10,250,BFGS,80.59554321742736
3,2,11,250,BFGS,131.26588102427306
3,2,12,250,BFGS,120.4746626918915
3,2,13,250,BFGS,75.91319775210174
3,2,14,250,BFGS,126.05392302127501
3,2,15,250,BFGS,80.51611339384624
3,2,16,250,BFGS,67.46168308220422
3,2,17,250,BFGS,116.52387996442515
3,2,18,250,BFGS,71.25606622638864
3,2,19,250,BFGS,94.81314710589123
3,3,0,250,BFGS,136.37600857120012
3,3,1,250,BFGS,110.90145531021233
3,3,2,250,BFGS,130.74400897797608
3,3,3,250,BFGS,123.51222362614655
3,3,4,250,BFGS,74.73971887546429
3,3,5,250,BFGS,88.52935512266203
3,3,6,250,BFGS,101.85607183858161
3,3,7,250,BFGS,110.47757967547602
3,3,8,250,BFGS,123.35077197015393
3,3,9,250,BFGS,72.96458669061522
3,3,10,250,BFGS,112.17900352458496
3,3,11,250,BFGS,83.52058935536665
3,3,12,250,BFGS,106.79985066196336
3,3,13,250,BFGS,100.01912877245978
3,3,14,250,BFGS,168.310031957794
3,3,15,250,BFGS,68.53328779029746
3,3,16,250,BFGS,83.73750890190966
3,3,17,250,BFGS,128.88090547973601
3,3,18,250,BFGS,272.4930550806121
3,3,19,250,BFGS,156.0755669085847
3,4,0,250,BFGS,124.52430183058266
3,4,1,250,BFGS,99.42324595698618
3,4,2,250,BFGS,95.67948593254627
3,4,3,250,BFGS,100.11770894744528
3,4,4,250,BFGS,84.86985458531281
3,4,5,250,BFGS,92.41645675540214
3,4,6,250,BFGS,77.89668552585402
3,4,7,250,BFGS,80.05434561205077
3,4,8,250,BFGS,126.86143200205078
3,4,9,250,BFGS,114.86676384753608
3,4,10,250,BFGS,92.38370185920782
3,4,11,250,BFGS,117.25861764247828
3,4,12,250,BFGS,109.61517786338811
3,4,13,250,BFGS,94.02418450615576
3,4,14,250,BFGS,101.55353672668511
3,4,15,250,BFGS,82.13299942711433
3,4,16,250,BFGS,67.14612309132963
3,4,17,250,BFGS,101.44047698775414
3,4,18,250,BFGS,102.70792076544834
3,4,19,250,BFGS,59.86594477655533
3,5,0,250,BFGS,119.5080877368647
3,5,1,250,BFGS,96.80873485129113
3,5,2,250,BFGS,127.20208952698991
3,5,3,250,BFGS,95.811501130634
3,5,4,250,BFGS,74.2964341621843
3,5,5,250,BFGS,79.95360081558174
3,5,6,250,BFGS,97.16268919958914
3,5,7,250,BFGS,73.67748533215216
3,5,8,250,BFGS,155.2165982899477
3,5,9,250,BFGS,117.93655154054494
3,5,10,250,BFGS,88.87118811855565
3,5,11,250,BFGS,91.14719388970524
3,5,12,250,BFGS,143.9701902908207
3,5,13,250,BFGS,144.9519974232649
3,5,14,250,BFGS,98.37620661786374
3,5,15,250,BFGS,125.232789458692
3,5,16,250,BFGS,87.74907700067246
3,5,17,250,BFGS,154.38097804342812
3,5,18,250,BFGS,113.24493292853121
3,5,19,250,BFGS,129.73769554624803
3,6,0,250,BFGS,78.27523623484008
3,6,1,250,BFGS,100.12745482159329
3,6,2,250,BFGS,84.08116251873933
3,6,3,250,BFGS,135.16027913292862
3,6,4,250,BFGS,84.35439607711265
3,6,5,250,BFGS,74.56453754520494
3,6,6,250,BFGS,68.98883631710294
3,6,7,250,BFGS,83.18928908967611
3,6,8,250,BFGS,120.15068740059517
3,6,9,250,BFGS,121.49338152018834
3,6,10,250,BFGS,111.98243544649348
3,6,11,250,BFGS,69.87217689758681
3,6,12,250,BFGS,70.99953244027937
3,6,13,250,BFGS,71.60200612383807
3,6,14,250,BFGS,155.14780664660066
3,6,15,250,BFGS,79.8420406700234
3,6,16,250,BFGS,99.56842667784201
3,6,17,250,BFGS,128.6010226831788
3,6,18,250,BFGS,97.85688270696073
3,6,19,250,BFGS,65.78850490215527
3,7,0,250,BFGS,82.30508339559428
3,7,1,250,BFGS,95.2129385943055
3,7,2,250,BFGS,119.75255004432731
3,7,3,250,BFGS,122.74441485670891
3,7,4,250,BFGS,73.51969118068614
3,7,5,250,BFGS,90.80315774503482
3,7,6,250,BFGS,102.45157820866162
3,7,7,250,BFGS,139.12372764016473
3,7,8,250,BFGS,100.28093887033526
3,7,9,250,BFGS,81.31780627200459
3,7,10,250,BFGS,91.31815971660737
3,7,11,250,BFGS,87.47272270089303
3,7,12,250,BFGS,91.88496035609525
3,7,13,250,BFGS,75.22371356028655
3,7,14,250,BFGS,129.33597224562106
3,7,15,250,BFGS,87.84423887915885
3,7,16,250,BFGS,90.97265930056946
3,7,17,250,BFGS,114.23426731931758
3,7,18,250,BFGS,106.13827454630041
3,7,19,250,BFGS,95.95451979424037
4,1,0,250,BFGS,330.1707336321832
4,1,1,250,BFGS,397.44925202453396
4,1,2,250,BFGS,438.37195294004994
4,1,3,250,BFGS,360.48419632346594
4,1,4,250,BFGS,261.8532447487601
4,1,5,250,BFGS,210.11845390098455
4,1,6,250,BFGS,243.33398897895836
4,1,7,250,BFGS,285.0792661534502
4,1,8,250,BFGS,512.5809557815261
4,1,9,250,BFGS,202.95233110268148
4,1,10,250,BFGS,172.02168634817951
4,1,11,250,BFGS,189.29221090394284
4,1,12,250,BFGS,321.90115545273255
4,1,13,250,BFGS,246.08109746575997
4,1,14,250,BFGS,443.463318938283
4,1,15,250,BFGS,201.86329773429176
4,1,16,250,BFGS,256.5007729871225
4,1,17,250,BFGS,302.7110512817853
4,1,18,250,BFGS,401.08542951167067
4,1,19,250,BFGS,279.1440981643435
4,2,0,250,BFGS,782.6600324907772
4,2,1,250,BFGS,469.14367413110216
4,2,2,250,BFGS,297.81134753273176
4,2,3,250,BFGS,302.27942900868874
4,2,4,250,BFGS,135.20052575801
4,2,5,250,BFGS,400.18429424105653
4,2,6,250,BFGS,324.77996631218826
4,2,7,250,BFGS,204.31155140410075
4,2,8,250,BFGS,360.8861276877516
4,2,9,250,BFGS,247.53347914034484
4,2,10,250,BFGS,391.9918237405021
4,2,11,250,BFGS,242.33823130259688
4,2,12,250,BFGS,374.72183171660225
4,2,13,250,BFGS,394.6151724843259
4,2,14,250,BFGS,390.00065437522085
4,2,15,250,BFGS,222.88401944145735
4,2,16,250,BFGS,335.88811845767475
4,2,17,250,BFGS,354.24298268492225
4,2,18,250,BFGS,667.734467980734
4,2,19,250,BFGS,254.272729540717
4,3,0,250,BFGS,495.49498007688
4,3,1,250,BFGS,289.362886595079
4,3,2,250,BFGS,378.33614651446334
4,3,3,250,BFGS,534.3536401097778
4,3,4,250,BFGS,684.1097427825822
4,3,5,250,BFGS,431.2639888567137
4,3,6,250,BFGS,404.80024342588507
4,3,7,250,BFGS,369.67923369352997
4,3,8,250,BFGS,583.6706751797992
4,3,9,250,BFGS,563.2303479812682
4,3,10,250,BFGS,421.66671805253714
4,3,11,250,BFGS,306.0819398778419
4,3,12,250,BFGS,392.95337138848674
4,3,13,250,BFGS,283.1814347483522
4,3,14,250,BFGS,455.080817787468
4,3,15,250,BFGS,349.24827827183157
4,3,16,250,BFGS,346.79800084920606
4,3,17,250,BFGS,409.5348218371385
4,3,18,250,BFGS,605.3384505440148
4,3,19,250,BFGS,322.80799220427707
4,4,0,250,BFGS,260.97192015734
4,4,1,250,BFGS,131.22108110706085
4,4,2,250,BFGS,385.5145615828617
4,4,3,250,BFGS,289.32004530085
4,4,4,250,BFGS,334.1188465349747
4,4,5,250,BFGS,192.99427979154132
4,4,6,250,BFGS,207.34225673400445
4,4,7,250,BFGS,198.86564225206325
4,4,8,250,BFGS,291.2691586855715
4,4,9,250,BFGS,376.3483829014459
4,4,10,250,BFGS,316.6349180269098
4,4,11,250,BFGS,237.70739435381728
4,4,12,250,BFGS,401.016684960986
4,4,13,250,BFGS,276.68106051977935
4,4,14,250,BFGS,387.38456030716503
4,4,15,250,BFGS,300.0154867331762
4,4,16,250,BFGS,217.1194461405774
4,4,17,250,BFGS,261.7294445502168
4,4,18,250,BFGS,292.7540185350403
4,4,19,250,BFGS,183.95956252700887
4,5,0,250,BFGS,372.6097379331065
4,5,1,250,BFGS,217.001587253607
4,5,2,250,BFGS,504.03630884436507
4,5,3,250,BFGS,359.773795695786
4,5,4,250,BFGS,591.3504887314327
4,5,5,250,BFGS,221.66964734855776
4,5,6,250,BFGS,274.07753432003966
4,5,7,250,BFGS,257.8426711865544
4,5,8,250,BFGS,475.73355150798346
4,5,9,250,BFGS,336.57602412324434
4,5,10,250,BFGS,292.64582712625037
4,5,11,250,BFGS,319.1082251322813
4,5,12,250,BFGS,497.7823969360922
4,5,13,250,BFGS,563.8148541506035
4,5,14,250,BFGS,481.395084107066
4,5,15,250,BFGS,414.14340694910516
4,5,16,250,BFGS,245.70303118086323
4,5,17,250,BFGS,324.86347883890693
4,5,18,250,BFGS,477.2877830830461
4,5,19,250,BFGS,395.00027151284485
4,6,0,250,BFGS,394.66117168080854
4,6,1,250,BFGS,371.56605818649905
4,6,2,250,BFGS,510.7317709702168
4,6,3,250,BFGS,534.2212532836193
4,6,4,250,BFGS,393.3055828451668
4,6,5,250,BFGS,315.33800580761374
4,6,6,250,BFGS,396.2610678534552
4,6,7,250,BFGS,377.08514833029403
4,6,8,250,BFGS,381.5257102434951
4,6,9,250,BFGS,297.64706759917493
4,6,10,250,BFGS,364.33183753467307
4,6,11,250,BFGS,321.75319697999237
4,6,12,250,BFGS,370.3180942360789
4,6,13,250,BFGS,233.1652694288307
4,6,14,250,BFGS,281.57808012634916
4,6,15,250,BFGS,262.0588397125923
4,6,16,250,BFGS,412.9899424024809
4,6,17,250,BFGS,357.3709593675484
4,6,18,250,BFGS,465.5327984403401
4,6,19,250,BFGS,364.99156013649673
4,7,0,250,BFGS,195.0258073423324
4,7,1,250,BFGS,182.14279523123002
4,7,2,250,BFGS,447.83106576716955
4,7,3,250,BFGS,331.79170747596777
4,7,4,250,BFGS,207.77847770487358
4,7,5,250,BFGS,371.05182752858644
4,7,6,250,BFGS,272.29449022595554
4,7,7,250,BFGS,272.0029693286929
4,7,8,250,BFGS,247.1173867016063
4,7,9,250,BFGS,203.71473019825083
4,7,10,250,BFGS,273.8804610641186
4,7,11,250,BFGS,276.59996957521383
4,7,12,250,BFGS,336.8300924001836
4,7,13,250,BFGS,115.74455289212248
4,7,14,250,BFGS,481.6811679646421
4,7,15,250,BFGS,314.3087235234278
4,7,16,250,BFGS,277.22048001678127
4,7,17,250,BFGS,268.87436291683264
4,7,18,250,BFGS,186.96867261302927
4,7,19,250,BFGS,203.85502606255136
5,1,0,250,BFGS,740.6858378197735
5,1,1,250,BFGS,956.6543934788502
5,1,2,250,BFGS,534.7730186730444
5,1,3,250,BFGS,329.14404437444585
5,1,4,250,BFGS,339.29244497716275
5,1,5,250,BFGS,450.8174579046163
5,1,6,250,BFGS,222.98532980935138
5,1,7,250,BFGS,395.61717262147374
5,1,8,250,BFGS,549.5511394153953
5,1,9,250,BFGS,324.4061869304608
5,1,10,250,BFGS,450.6889077418879
5,1,11,250,BFGS,273.07328975704087
5,1,12,250,BFGS,517.4193190059175
5,1,13,250,BFGS,379.7456125767773
5,1,14,250,BFGS,280.92631363760574
5,1,15,250,BFGS,301.36470988076127
5,1,16,250,BFGS,521.556089306373
5,1,17,250,BFGS,798.5326412062234
5,1,18,250,BFGS,478.33242158837413
5,1,19,250,BFGS,438.5652820742984
5,2,0,250,BFGS,185.82973769600048
5,2,1,250,BFGS,212.41839031703273
5,2,2,250,BFGS,228.34758342126653
5,2,3,250,BFGS,427.47852921220795
5,2,4,250,BFGS,419.4380753340224
5,2,5,250,BFGS,627.7502445941955
5,2,6,250,BFGS,269.52202627354626
5,2,7,250,BFGS,202.91530267264116
5,2,8,250,BFGS,317.25137634118846
5,2,9,250,BFGS,277.6487283382172
5,2,10,250,BFGS,505.37795519629094
5,2,11,250,BFGS,354.92451284294697
5,2,12,250,BFGS,407.65955698943003
5,2,13,250,BFGS,203.88024791857242
5,2,14,250,BFGS,266.0584619485498
5,2,15,250,BFGS,254.3713750435784
5,2,16,250,BFGS,334.42150065464796
5,2,17,250,BFGS,531.6893857143449
5,2,18,250,BFGS,290.0454295145262
5,2,19,250,BFGS,166.24181052393624
5,3,0,250,BFGS,277.47501734010956
5,3,1,250,BFGS,279.3664849110769
5,3,2,250,BFGS,285.47813154763134
5,3,3,250,BFGS,211.27911550785
5,3,4,250,BFGS,268.5860379575848
5,3,5,250,BFGS,166.03587755224194
5,3,6,250,BFGS,209.77519096521718
5,3,7,250,BFGS,210.5893410902864
5,3,8,250,BFGS,159.69414937916963
5,3,9,250,BFGS,211.11798879548294
5,3,10,250,BFGS,212.00130700164252
5,3,11,250,BFGS,148.67075562367532
5,3,12,250,BFGS,173.6834721640958
5,3,13,250,BFGS,177.04669879601053
5,3,14,250,BFGS,187.76227103558656
5,3,15,250,BFGS,188.32964843700378
5,3,16,250,BFGS,146.70410858031795
5,3,17,250,BFGS,249.42572013781998
5,3,18,250,BFGS,311.9198724208777
5,3,19,250,BFGS,184.58732621147547
5,4,0,250,BFGS,333.5047018750425
5,4,1,250,BFGS,478.06582786577303
5,4,2,250,BFGS,330.39608121697927
5,4,3,250,BFGS,300.7804145536637
5,4,4,250,BFGS,264.44991878615593
5,4,5,250,BFGS,302.1196594594018
5,4,6,250,BFGS,343.1217190856942
5,4,7,250,BFGS,280.059834171374
5,4,8,250,BFGS,892.6250407699155
5,4,9,250,BFGS,342.15930705182126
5,4,10,250,BFGS,343.7390795428309
5,4,11,250,BFGS,270.1250683147111
5,4,12,250,BFGS,279.9375111283483
5,4,13,250,BFGS,404.93632251429415
5,4,14,250,BFGS,254.8862749152458
5,4,15,250,BFGS,144.35993982287357
5,4,16,250,BFGS,174.59632389812654
5,4,17,250,BFGS,200.00575252418676
5,4,18,250,BFGS,406.1013689845348
5,4,19,250,BFGS,535.076211576003
5,5,0,250,BFGS,572.416776850667
5,5,1,250,BFGS,363.89101751527767
5,5,2,250,BFGS,551.5116067118142
5,5,3,250,BFGS,329.6431801623799
5,5,4,250,BFGS,303.8565884001951
5,5,5,250,BFGS,308.06110040969463
5,5,6,250,BFGS,514.3403074114008
5,5,7,250,BFGS,396.57623755994115
5,5,8,250,BFGS,371.1189479906295
5,5,9,250,BFGS,677.4111472104165
5,5,10,250,BFGS,371.3525588591269
5,5,11,250,BFGS,217.88931182026374
5,5,12,250,BFGS,610.6183827346815
5,5,13,250,BFGS,361.16245680611036
5,5,14,250,BFGS,339.5174956274087
5,5,15,250,BFGS,327.7858421613153
5,5,16,250,BFGS,396.36979806363496
5,5,17,250,BFGS,252.59125966441803
5,5,18,250,BFGS,280.85842872019924
5,5,19,250,BFGS,326.26368853003163
5,6,0,250,BFGS,301.4855786499901
5,6,1,250,BFGS,120.16940435111643
5,6,2,250,BFGS,195.73312306540416
5,6,3,250,BFGS,127.95687605878705
5,6,4,250,BFGS,232.43192937462112
5,6,5,250,BFGS,198.11339796619234
5,6,6,250,BFGS,285.39510725358724
5,6,7,250,BFGS,255.58219278798796
5,6,8,250,BFGS,248.45504636876223
5,6,9,250,BFGS,166.6241679926567
5,6,10,250,BFGS,150.5690221903512
5,6,11,250,BFGS,197.59125073661497
5,6,12,250,BFGS,201.7830045755348
5,6,13,250,BFGS,246.94037404843957
5,6,14,250,BFGS,183.05710207542538
5,6,15,250,BFGS,233.59243776592317
5,6,16,250,BFGS,212.1251061949818
5,6,17,250,BFGS,242.37175743033666
5,6,18,250,BFGS,265.69418569800337
5,6,19,250,BFGS,113.93711861073761
5,7,0,250,BFGS,441.85887916548273
5,7,1,250,BFGS,306.0802319966995
5,7,2,250,BFGS,299.4172223701052
5,7,3,250,BFGS,318.15668741565327
5,7,4,250,BFGS,301.1494251160802
5,7,5,250,BFGS,420.9848103302577
5,7,6,250,BFGS,321.09202811282
5,7,7,250,BFGS,383.48050251051785
5,7,8,250,BFGS,258.5790745844452
5,7,9,250,BFGS,259.7905345776281
5,7,10,250,BFGS,135.89207606994782
5,7,11,250,BFGS,299.47001583866694
5,7,12,250,BFGS,264.52638404836785
5,7,13,250,BFGS,407.9943383981785
5,7,14,250,BFGS,251.2006417773717
5,7,15,250,BFGS,173.0788407411929
5,7,16,250,BFGS,198.585245070832
5,7,17,250,BFGS,361.9891499605003
5,7,18,250,BFGS,194.04877155792303
5,7,19,250,BFGS,160.47185464703287
6,1,0,250,BFGS,3490.9319561884927
6,1,1,250,BFGS,3696.4003417917174
6,1,2,250,BFGS,2589.7022606508363
6,1,3,250,BFGS,2366.628164952434
6,1,4,250,BFGS,1848.3165697238317
6,1,5,250,BFGS,5588.750172264448
6,1,6,250,BFGS,1683.696127123383
6,1,7,250,BFGS,1604.0728997817353
6,1,8,250,BFGS,2642.7677405858526
6,1,9,250,BFGS,2582.533861299111
6,1,10,250,BFGS,3642.204966441809
6,1,11,250,BFGS,2587.7750163820483
6,1,12,250,BFGS,4757.62946105001
6,1,13,250,BFGS,3050.084896668662
6,1,14,250,BFGS,4275.10282175664
6,1,15,250,BFGS,2678.6213567226764
6,1,16,250,BFGS,4059.067022054447
6,1,17,250,BFGS,1922.7854645681593
6,1,18,250,BFGS,2932.896661452527
6,1,19,250,BFGS,2457.6786676587617
6,2,0,250,BFGS,5113.765580751055
6,2,1,250,BFGS,7174.995899342254
6,2,2,250,BFGS,2520.8758560595197
6,2,3,250,BFGS,3564.1915467631898
6,2,4,250,BFGS,2396.140624353779
6,2,5,250,BFGS,2417.902756885563
6,2,6,250,BFGS,1500.9527559014223
6,2,7,250,BFGS,3007.273557524585
6,2,8,250,BFGS,3625.313156617845
6,2,9,250,BFGS,2950.8414381724147
6,2,10,250,BFGS,2120.7684726364582
6,2,11,250,BFGS,2411.493659853152
6,2,12,250,BFGS,1874.8533541555762
6,2,13,250,BFGS,1838.7378393022377
6,2,14,250,BFGS,1637.6575240020532
6,2,15,250,BFGS,2469.7262923715934
6,2,16,250,BFGS,2329.7595772207887
6,2,17,250,BFGS,1672.5043757461167
6,2,18,250,BFGS,2257.9517729636455
6,2,19,250,BFGS,1591.8441863425658
6,3,0,250,BFGS,2249.3942776158465
6,3,1,250,BFGS,1706.5921228975426
6,3,2,250,BFGS,4543.269182109013
6,3,3,250,BFGS,1150.0597016048748
6,3,4,250,BFGS,2374.650289207922
6,3,5,250,BFGS,3245.515034479267
6,3,6,250,BFGS,1802.9681247478966
6,3,7,250,BFGS,1460.702498591248
6,3,8,250,BFGS,1595.2924586092481
6,3,9,250,BFGS,1836.2457464722077
6,3,10,250,BFGS,7063.109145632225
6,3,11,250,BFGS,1661.9265938252345
6,3,12,250,BFGS,1791.2602705236945
6,3,13,250,BFGS,1418.5911462958911
6,3,14,250,BFGS,2018.4931822743533
6,3,15,250,BFGS,1813.6568139661008
6,3,16,250,BFGS,5007.7884239821915
6,3,17,250,BFGS,2317.150324795536
6,3,18,250,BFGS,2105.988214490181
6,3,19,250,BFGS,7512.701263617979
6,4,0,250,BFGS,2946.8156540555865
6,4,1,250,BFGS,2078.5993702280994
6,4,2,250,BFGS,3539.5531032341305
6,4,3,250,BFGS,5890.780602898395
6,4,4,250,BFGS,3861.937098036345
6,4,5,250,BFGS,3441.3887319415435
6,4,6,250,BFGS,3250.234296687592
6,4,7,250,BFGS,5423.3427279562875
6,4,8,250,BFGS,2983.452983305907
6,4,9,250,BFGS,3630.0224190862414
6,4,10,250,BFGS,1559.556048471653
6,4,11,250,BFGS,6016.128768092935
6,4,12,250,BFGS,6573.794400663301
6,4,13,250,BFGS,2073.5946799233593
6,4,14,250,BFGS,2797.7580894450143
6,4,15,250,BFGS,2717.3631352306156
6,4,16,250,BFGS,5341.240543817716
6,4,17,250,BFGS,4730.9112351305175
6,4,18,250,BFGS,3982.4197405388977
6,4,19,250,BFGS,4401.656668945144
6,5,0,250,BFGS,2346.2199953333106
6,5,1,250,BFGS,4097.397558573987
6,5,2,250,BFGS,3979.6284745500343
6,5,3,250,BFGS,2068.6714494001453
6,5,4,250,BFGS,916.3874216247156
6,5,5,250,BFGS,6340.568020230721
6,5,6,250,BFGS,1669.234538818311
6,5,7,250,BFGS,1452.6923489726128
6,5,8,250,BFGS,2126.8094256413633
6,5,9,250,BFGS,1692.6825055361007
6,5,10,250,BFGS,2937.4380652217606
6,5,11,250,BFGS,1659.9231725701804
6,5,12,250,BFGS,2170.7290128788236
6,5,13,250,BFGS,944.6459811555641
6,5,14,250,BFGS,3940.1414781375697
6,5,15,250,BFGS,3233.900443156738
6,5,16,250,BFGS,2113.219210857653
6,5,17,250,BFGS,1131.2994717263464
6,5,18,250,BFGS,1791.7928883088998
6,5,19,250,BFGS,1569.3125669384876
6,6,0,250,BFGS,1293.0467485927497
6,6,1,250,BFGS,1403.3033885409359
6,6,2,250,BFGS,4545.485550596818
6,6,3,250,BFGS,3979.082544044469
6,6,4,250,BFGS,4300.30484265772
6,6,5,250,BFGS,4437.204036754898
6,6,6,250,BFGS,893.626767792584
6,6,7,250,BFGS,1279.7154556415271
6,6,8,250,BFGS,1375.0854777141712
6,6,9,250,BFGS,1489.7577461383974
6,6,10,250,BFGS,1800.9357757595355
6,6,11,250,BFGS,1588.847648028351
6,6,12,250,BFGS,3742.4995850468617
6,6,13,250,BFGS,2264.4724873065165
6,6,14,250,BFGS,4061.6731764236088
6,6,15,250,BFGS,1119.6293190320616
6,6,16,250,BFGS,1460.6929993006402
6,6,17,250,BFGS,3017.8833334086407
6,6,18,250,BFGS,2080.3535830489977
6,6,19,250,BFGS,4128.25913189786
6,7,0,250,BFGS,2835.2155836068364
6,7,1,250,BFGS,2887.422381582286
6,7,2,250,BFGS,2196.3942876178967
6,7,3,250,BFGS,2328.370530722638
6,7,4,250,BFGS,1701.7670060013313
6,7,5,250,BFGS,1444.55439597977
6,7,6,250,BFGS,3323.314789938282
6,7,7,250,BFGS,1426.2131500298524
6,7,8,250,BFGS,2838.772994856189
6,7,9,250,BFGS,1812.7382795035528
6,7,10,250,BFGS,2437.196449550208
6,7,11,250,BFGS,2860.734620928197
6,7,12,250,BFGS,1346.4964454296546
6,7,13,250,BFGS,3001.2933872954236
6,7,14,250,BFGS,1230.8651730685597
6,7,15,250,BFGS,4152.719718835873
6,7,16,250,BFGS,1126.726213785405
6,7,17,250,BFGS,4633.350991420813
6,7,18,250,BFGS,4281.0646017493145
6,7,19,250,BFGS,1836.9944020339117
7,1,0,250,BFGS,564.4750506367136
7,1,1,250,BFGS,392.6829406569525
7,1,2,250,BFGS,303.77647783623
7,1,3,250,BFGS,546.1120461496185
7,1,4,250,BFGS,359.7971728456721
7,1,5,250,BFGS,469.56885495738925
7,1,6,250,BFGS,368.9384245251044
7,1,7,250,BFGS,345.473115456561
7,1,8,250,BFGS,483.2947436390481
7,1,9,250,BFGS,338.0311465644741
7,1,10,250,BFGS,293.12650873308337
7,1,11,250,BFGS,373.2927734507148
7,1,12,250,BFGS,269.75653070450966
7,1,13,250,BFGS,481.36125170523223
7,1,14,250,BFGS,358.6469679715584
7,1,15,250,BFGS,287.95051562467575
7,1,16,250,BFGS,538.1316851128322
7,1,17,250,BFGS,412.55536564320033
7,1,18,250,BFGS,480.25245632037877
7,1,19,250,BFGS,292.76998680787665
7,2,0,250,BFGS,324.5135506310989
7,2,1,250,BFGS,363.3777646829582
7,2,2,250,BFGS,903.7400018662252
7,2,3,250,BFGS,356.3418709711855
7,2,4,250,BFGS,641.4549702885674
7,2,5,250,BFGS,337.88161544417613
7,2,6,250,BFGS,286.41671631765126
7,2,7,250,BFGS,384.2386488748459
7,2,8,250,BFGS,520.843904405403
7,2,9,250,BFGS,207.74489864536562
7,2,10,250,BFGS,236.46460918902187
7,2,11,250,BFGS,298.201236665076
7,2,12,250,BFGS,403.75710846113486
7,2,13,250,BFGS,260.56341305832854
7,2,14,250,BFGS,196.9957171769153
7,2,15,250,BFGS,334.9610826579755
7,2,16,250,BFGS,300.82824189896024
7,2,17,250,BFGS,252.87877493867651
7,2,18,250,BFGS,218.02671790792505
7,2,19,250,BFGS,330.63113151659127
7,3,0,250,BFGS,483.1008301689149
7,3,1,250,BFGS,581.9457624062288
7,3,2,250,BFGS,316.27100593768057
7,3,3,250,BFGS,336.1914553320927
7,3,4,250,BFGS,298.35167780255415
7,3,5,250,BFGS,333.8507082676668
7,3,6,250,BFGS,389.71773794031685
7,3,7,250,BFGS,292.3397568874514
7,3,8,250,BFGS,386.7952081578445
7,3,9,250,BFGS,315.8207714238747
7,3,10,250,BFGS,432.63984371521855
7,3,11,250,BFGS,284.62265520049857
7,3,12,250,BFGS,428.6510425302507
7,3,13,250,BFGS,469.3485645839829
7,3,14,250,BFGS,530.0351869036796
7,3,15,250,BFGS,349.8119367675406
7,3,16,250,BFGS,327.6151043638084
7,3,17,250,BFGS,521.4353055853834
7,3,18,250,BFGS,342.9268969721913
7,3,19,250,BFGS,401.1602723080126
7,4,0,250,BFGS,469.9604322890601
7,4,1,250,BFGS,414.65211906131674
7,4,2,250,BFGS,294.1518113905083
7,4,3,250,BFGS,384.1465554994759
7,4,4,250,BFGS,260.44078330203035
7,4,5,250,BFGS,328.2376431799836
7,4,6,250,BFGS,357.8101159451806
7,4,7,250,BFGS,370.2904590990548
7,4,8,250,BFGS,279.6027875806027
7,4,9,250,BFGS,395.14597839416666
7,4,10,250,BFGS,498.75822801481087
7,4,11,250,BFGS,281.54087772566896
7,4,12,250,BFGS,364.96828883185964
7,4,13,250,BFGS,372.2813444847446
7,4,14,250,BFGS,674.0139860170543
7,4,15,250,BFGS,559.0302434082712
7,4,16,250,BFGS,228.50888709385146
7,4,17,250,BFGS,299.99490768489545
7,4,18,250,BFGS,361.61133109928693
7,4,19,250,BFGS,239.8918337415586
7,5,0,250,BFGS,299.1767168548622
7,5,1,250,BFGS,259.5878843521388
7,5,2,250,BFGS,496.54114871794434
7,5,3,250,BFGS,241.95002142711706
7,5,4,250,BFGS,473.11832804511056
7,5,5,250,BFGS,278.79063204290924
7,5,6,250,BFGS,343.4665874716188
7,5,7,250,BFGS,302.46676149970654
7,5,8,250,BFGS,378.80745818486486
7,5,9,250,BFGS,321.7918172324247
7,5,10,250,BFGS,245.99207313771066
7,5,11,250,BFGS,367.7377277707147
7,5,12,250,BFGS,406.6514547206404
7,5,13,250,BFGS,458.541515253749
7,5,14,250,BFGS,305.266577518212
7,5,15,250,BFGS,384.71500702766843
7,5,16,250,BFGS,380.8468840574753
7,5,17,250,BFGS,264.08984179237024
7,5,18,250,BFGS,247.7447145503828
7,5,19,250,BFGS,369.6084142320393
7,6,0,250,BFGS,294.76504577283384
7,6,1,250,BFGS,557.5858929214556
7,6,2,250,BFGS,387.4328993868365
7,6,3,250,BFGS,374.6869329214317
7,6,4,250,BFGS,455.30750236910967
7,6,5,250,BFGS,450.5889162782241
7,6,6,250,BFGS,651.751052764784
7,6,7,250,BFGS,226.63249199531202
7,6,8,250,BFGS,469.1429494146557
7,6,9,250,BFGS,297.2575682096053
7,6,10,250,BFGS,343.1382660412888
7,6,11,250,BFGS,405.4925069987371
7,6,12,250,BFGS,278.16131959136237
7,6,13,250,BFGS,425.9865030054916
7,6,14,250,BFGS,454.83453342400435
7,6,15,250,BFGS,358.80935049608735
7,6,16,250,BFGS,245.80192620289662
7,6,17,250,BFGS,283.9147476110463
7,6,18,250,BFGS,332.89554998472585
7,6,19,250,BFGS,397.73281160841105
7,7,0,250,BFGS,569.2601656465863
7,7,1,250,BFGS,508.5066584548923
7,7,2,250,BFGS,399.3627747030704
7,7,3,250,BFGS,365.71983917067183
7,7,4,250,BFGS,800.4315178744787
7,7,5,250,BFGS,584.3760424432664
7,7,6,250,BFGS,367.5392125025103
7,7,7,250,BFGS,332.0736954925402
7,7,8,250,BFGS,300.46837731905515
7,7,9,250,BFGS,598.7618550822224
7,7,10,250,BFGS,466.9450975060939
7,7,11,250,BFGS,645.8461281370371
7,7,12,250,BFGS,295.0040509521459
7,7,13,250,BFGS,416.2970698424069
7,7,14,250,BFGS,278.51135509859
7,7,15,250,BFGS,675.1690521416277
7,7,16,250,BFGS,379.09234098840153
7,7,17,250,BFGS,488.9459279092117
7,7,18,250,BFGS,287.54648450547285
7,7,19,250,BFGS,226.90844863113492
8,1,0,250,BFGS,307.3659383464493
8,1,1,250,BFGS,461.7393639457592
8,1,2,250,BFGS,1293.1299381230065
8,1,3,250,BFGS,406.29502797759636
8,1,4,250,BFGS,435.15520456182566
8,1,5,250,BFGS,360.1462255645236
8,1,6,250,BFGS,374.7656534573366
8,1,7,250,BFGS,523.4469462661153
8,1,8,250,BFGS,619.9840114133187
8,1,9,250,BFGS,328.9344915723043
8,1,10,250,BFGS,351.2316505670641
8,1,11,250,BFGS,359.9328485613559
8,1,12,250,BFGS,1287.032464365754
8,1,13,250,BFGS,425.34926357406965
8,1,14,250,BFGS,514.1142391381242
8,1,15,250,BFGS,417.58916331372524
8,1,16,250,BFGS,462.32593264259094
8,1,17,250,BFGS,474.52625926156804
8,1,18,250,BFGS,356.3854043408227
8,1,19,250,BFGS,470.64216871651763
8,2,0,250,BFGS,364.3440925525865
8,2,1,250,BFGS,321.31310571677886
8,2,2,250,BFGS,825.7028072876168
8,2,3,250,BFGS,445.50156395510294
8,2,4,250,BFGS,298.7461297676155
8,2,5,250,BFGS,550.1894073758209
8,2,6,250,BFGS,536.1046518213751
8,2,7,250,BFGS,485.79722508110285
8,2,8,250,BFGS,370.469284854902
8,2,9,250,BFGS,436.24872870711795
8,2,10,250,BFGS,541.2943496481836
8,2,11,250,BFGS,400.1096198613961
8,2,12,250,BFGS,485.6643079299909
8,2,13,250,BFGS,492.532957773788
8,2,14,250,BFGS,357.9636613952141
8,2,15,250,BFGS,342.26323484817067
8,2,16,250,BFGS,533.0907941958106
8,2,17,250,BFGS,370.4327130581775
8,2,18,250,BFGS,724.7939245610941
8,2,19,250,BFGS,434.1089839680956
8,3,0,250,BFGS,417.5553360457399
8,3,1,250,BFGS,380.0423703694508
8,3,2,250,BFGS,445.2876352352408
8,3,3,250,BFGS,938.664624329967
8,3,4,250,BFGS,621.3311359064423
8,3,5,250,BFGS,585.5576049719438
8,3,6,250,BFGS,402.33697039860556
8,3,7,250,BFGS,453.3716657066256
8,3,8,250,BFGS,380.43434510780384
8,3,9,250,BFGS,518.3431613888032
8,3,10,250,BFGS,564.2666457973313
8,3,11,250,BFGS,683.6416877927325
8,3,12,250,BFGS,649.5661596114043
8,3,13,250,BFGS,418.279442329402
8,3,14,250,BFGS,1898.1179640746036
8,3,15,250,BFGS,494.8074966765734
8,3,16,250,BFGS,617.3413841727105
8,3,17,250,BFGS,510.13502684497075
8,3,18,250,BFGS,486.93890920426674
8,3,19,250,BFGS,286.897164478749
8,4,0,250,BFGS,677.9460456716134
8,4,1,250,BFGS,566.4564648294516
8,4,2,250,BFGS,374.0062924124524
8,4,3,250,BFGS,327.75058320803254
8,4,4,250,BFGS,367.45058952757586
8,4,5,250,BFGS,548.7137297975341
8,4,6,250,BFGS,356.7475651280079
8,4,7,250,BFGS,430.3026261029069
8,4,8,250,BFGS,465.3990163051328
8,4,9,250,BFGS,933.5884696334139
8,4,10,250,BFGS,528.7749126059799
8,4,11,250,BFGS,778.410420876558
8,4,12,250,BFGS,1708.9665636541329
8,4,13,250,BFGS,373.1972481559101
8,4,14,250,BFGS,397.3563811750116
8,4,15,250,BFGS,593.8480768560337
8,4,16,250,BFGS,479.6929260588866
8,4,17,250,BFGS,487.7738667021927
8,4,18,250,BFGS,411.7712857686288
8,4,19,250,BFGS,384.48365982735925
8,5,0,250,BFGS,1161.1577288595647
8,5,1,250,BFGS,309.74393471009313
8,5,2,250,BFGS,305.0836024523144
8,5,3,250,BFGS,374.446656027226
8,5,4,250,BFGS,429.87733721673993
8,5,5,250,BFGS,298.82835640879756
8,5,6,250,BFGS,334.0514426656946
8,5,7,250,BFGS,424.8543963619053
8,5,8,250,BFGS,413.2039287800606
8,5,9,250,BFGS,564.3423847232255
8,5,10,250,BFGS,444.9895279596278
8,5,11,250,BFGS,652.3973209849837
8,5,12,250,BFGS,485.82499865826696
8,5,13,250,BFGS,425.2107936443166
8,5,14,250,BFGS,365.4914556213321
8,5,15,250,BFGS,897.4599377969093
8,5,16,250,BFGS,279.08733980820097
8,5,17,250,BFGS,254.98708310037972
8,5,18,250,BFGS,307.2930630061094
8,5,19,250,BFGS,308.3903613019036
8,6,0,250,BFGS,242.08166948417826
8,6,1,250,BFGS,1041.1643014230413
8,6,2,250,BFGS,987.6540156488645
8,6,3,250,BFGS,1020.6832107059292
8,6,4,250,BFGS,210.39188122066668
8,6,5,250,BFGS,896.9441784171905
8,6,6,250,BFGS,470.17380070760134
8,6,7,250,BFGS,214.553332129317
8,6,8,250,BFGS,410.35066117373844
8,6,9,250,BFGS,853.8027676076697
8,6,10,250,BFGS,383.21109038056943
8,6,11,250,BFGS,230.85437104746606
8,6,12,250,BFGS,621.9948410934132
8,6,13,250,BFGS,229.16845787794986
8,6,14,250,BFGS,975.804576790283
8,6,15,250,BFGS,787.1901813998227
8,6,16,250,BFGS,947.9719630239006
8,6,17,250,BFGS,275.54424382045
8,6,18,250,BFGS,238.33937320763957
8,6,19,250,BFGS,512.2806880536258
8,7,0,250,BFGS,446.5224270600655
8,7,1,250,BFGS,381.4093839179355
8,7,2,250,BFGS,1495.9876519736345
8,7,3,250,BFGS,609.6594906126645
8,7,4,250,BFGS,737.045337929687
8,7,5,250,BFGS,1218.549171160201
8,7,6,250,BFGS,986.8250700512078
8,7,7,250,BFGS,544.5820345157925
8,7,8,250,BFGS,549.2104509365656
8,7,9,250,BFGS,859.2107698952469
8,7,10,250,BFGS,430.9097792515745
8,7,11,250,BFGS,616.4952265639201
8,7,12,250,BFGS,804.7474138715226
8,7,13,250,BFGS,532.92798544181
8,7,14,250,BFGS,443.6733280006984
8,7,15,250,BFGS,640.9277135976952
8,7,16,250,BFGS,670.2218500549278
8,7,17,250,BFGS,528.9018677375057
8,7,18,250,BFGS,488.5419357774644
8,7,19,250,BFGS,507.8106406026843
9,1,0,250,BFGS,111.14446751544276
9,1,1,250,BFGS,204.4443679225636
9,1,2,250,BFGS,93.89165867584114
9,1,3,250,BFGS,141.98702419669524
9,1,4,250,BFGS,67.88288213217096
9,1,5,250,BFGS,80.423394215392
9,1,6,250,BFGS,75.61740788819098
9,1,7,250,BFGS,108.53464899224176
9,1,8,250,BFGS,93.3971142913435
9,1,9,250,BFGS,129.43048205594488
9,1,10,250,BFGS,77.6999461932607
9,1,11,250,BFGS,71.35271028154017
9,1,12,250,BFGS,109.60671612219147
9,1,13,250,BFGS,75.31173057397983
9,1,14,250,BFGS,88.45382573727575
9,1,15,250,BFGS,87.44058190562315
9,1,16,250,BFGS,76.2432091202393
9,1,17,250,BFGS,112.46260015150975
9,1,18,250,BFGS,76.29379354515608
9,1,19,250,BFGS,71.44458734724293
9,2,0,250,BFGS,62.381772712356664
9,2,1,250,BFGS,129.39214224084398
9,2,2,250,BFGS,224.3836508267405
9,2,3,250,BFGS,143.1938107601031
9,2,4,250,BFGS,123.27651769699408
9,2,5,250,BFGS,86.99833616812764
9,2,6,250,BFGS,95.45108604987647
9,2,7,250,BFGS,124.10795575842941
9,2,8,250,BFGS,140.40044649479643
9,2,9,250,BFGS,85.97648090654828
9,2,10,250,BFGS,75.70671506250264
9,2,11,250,BFGS,96.38770976284826
9,2,12,250,BFGS,162.70523868923527
9,2,13,250,BFGS,124.7592832584093
9,2,14,250,BFGS,142.84910833959185
9,2,15,250,BFGS,86.82848547959755
9,2,16,250,BFGS,139.87436835489004
9,2,17,250,BFGS,92.95737266782096
9,2,18,250,BFGS,120.87789939117546
9,2,19,250,BFGS,105.15016246734312
9,3,0,250,BFGS,94.56573463859807
9,3,1,250,BFGS,66.42883698182072
9,3,2,250,BFGS,148.8389023495864
9,3,3,250,BFGS,114.15732007313983
9,3,4,250,BFGS,95.61933788641052
9,3,5,250,BFGS,117.58134305894914
9,3,6,250,BFGS,110.48840108883726
9,3,7,250,BFGS,128.79763265253558
9,3,8,250,BFGS,150.42861312899203
9,3,9,250,BFGS,143.54054233901226
9,3,10,250,BFGS,82.53481081013697
9,3,11,250,BFGS,179.57150424677667
9,3,12,250,BFGS,125.7408774450277
9,3,13,250,BFGS,141.390033666127
9,3,14,250,BFGS,114.59103982997483
9,3,15,250,BFGS,131.89706294507755
9,3,16,250,BFGS,104.84696867450349
9,3,17,250,BFGS,134.0923654049729
9,3,18,250,BFGS,204.46618793621596
9,3,19,250,BFGS,94.34468666960218
9,4,0,250,BFGS,142.9453246294675
9,4,1,250,BFGS,119.68455758154889
9,4,2,250,BFGS,152.5606973041423
9,4,3,250,BFGS,131.8790735006877
9,4,4,250,BFGS,139.51397921503673
9,4,5,250,BFGS,120.07687918904801
9,4,6,250,BFGS,210.95735433512127
9,4,7,250,BFGS,154.27121095703347
9,4,8,250,BFGS,164.2114233228628
9,4,9,250,BFGS,181.3498648579046
9,4,10,250,BFGS,135.99146079279785
9,4,11,250,BFGS,125.0672325635965
9,4,12,250,BFGS,96.87760876109117
9,4,13,250,BFGS,279.15360107324284
9,4,14,250,BFGS,164.3777526129305
9,4,15,250,BFGS,313.5189443575325
9,4,16,250,BFGS,169.3777777459928
9,4,17,250,BFGS,143.12537849813828
9,4,18,250,BFGS,146.53668002745323
9,4,19,250,BFGS,127.35745166259
9,5,0,250,BFGS,142.1045507601812
9,5,1,250,BFGS,235.98676169607512
9,5,2,250,BFGS,188.58266153173793
9,5,3,250,BFGS,170.8309916464904
9,5,4,250,BFGS,94.21423751259577
9,5,5,250,BFGS,185.77440042750214
9,5,6,250,BFGS,109.54928188353432
9,5,7,250,BFGS,108.44813099308504
9,5,8,250,BFGS,78.55142655622937
9,5,9,250,BFGS,98.18678348098328
9,5,10,250,BFGS,95.69161676809922
9,5,11,250,BFGS,139.58710467179415
9,5,12,250,BFGS,90.95647464792788
9,5,13,250,BFGS,82.55024500774661
9,5,14,250,BFGS,107.83730991195473
9,5,15,250,BFGS,97.83563739435598
9,5,16,250,BFGS,129.8728126782341
9,5,17,250,BFGS,58.92067179182881
9,5,18,250,BFGS,82.1451254457764
9,5,19,250,BFGS,104.45068178219417
9,6,0,250,BFGS,158.4945113848831
9,6,1,250,BFGS,183.9367003627903
9,6,2,250,BFGS,475.52830482688654
9,6,3,250,BFGS,174.9957328646932
9,6,4,250,BFGS,170.86146308951092
9,6,5,250,BFGS,235.9417721805008
9,6,6,250,BFGS,128.61373914965466
9,6,7,250,BFGS,158.42064371600173
9,6,8,250,BFGS,105.12082022517643
9,6,9,250,BFGS,276.12707437027217
9,6,10,250,BFGS,74.66016726976575
9,6,11,250,BFGS,102.96810806716834
9,6,12,250,BFGS,125.87980461926233
9,6,13,250,BFGS,132.80290329087495
9,6,14,250,BFGS,131.39635467861712
9,6,15,250,BFGS,75.59435526893863
9,6,16,250,BFGS,89.41218857316196
9,6,17,250,BFGS,137.23818295669355
9,6,18,250,BFGS,89.51735159629683
9,6,19,250,BFGS,94.57650357288735
9,7,0,250,BFGS,94.19726898477789
9,7,1,250,BFGS,79.20454931956614
9,7,2,250,BFGS,151.83933120996548
9,7,3,250,BFGS,108.88920845868427
9,7,4,250,BFGS,80.68102720297553
9,7,5,250,BFGS,240.9167698014637
9,7,6,250,BFGS,73.10485309440489
9,7,7,250,BFGS,99.02220360926474
9,7,8,250,BFGS,128.12227356811195
9,7,9,250,BFGS,74.50823020572304
9,7,10,250,BFGS,77.93287086947306
9,7,11,250,BFGS,103.03757707560011
9,7,12,250,BFGS,210.7337602306891
9,7,13,250,BFGS,72.21929238228459
9,7,14,250,BFGS,116.80646646803332
9,7,15,250,BFGS,115.03910317539818
9,7,16,250,BFGS,68.44291973289134
9,7,17,250,BFGS,90.74227444653349
9,7,18,250,BFGS,136.30333617946798
9,7,19,250,BFGS,75.82051174482211
10,1,0,250,BFGS,230.48247984957027
10,1,1,250,BFGS,417.57950532852766
10,1,2,250,BFGS,498.3345414994601
10,1,3,250,BFGS,571.6054372428298
10,1,4,250,BFGS,356.5714547550083
10,1,5,250,BFGS,587.6210574796542
10,1,6,250,BFGS,703.5121128101384
10,1,7,250,BFGS,531.3263972829691
10,1,8,250,BFGS,723.7985811428705
10,1,9,250,BFGS,481.4006034482895
10,1,10,250,BFGS,282.61657283929304
10,1,11,250,BFGS,437.456339447903
10,1,12,250,BFGS,428.5052792358239
10,1,13,250,BFGS,355.34222017636756
10,1,14,250,BFGS,450.9710939063882
10,1,15,250,BFGS,483.2246973206064
10,1,16,250,BFGS,416.0274454291912
10,1,17,250,BFGS,626.5814802622212
10,1,18,250,BFGS,534.5524871628201
10,1,19,250,BFGS,376.34051314740304
10,2,0,250,BFGS,309.75714320849465
10,2,1,250,BFGS,369.4523896219701
10,2,2,250,BFGS,333.4225601559645
10,2,3,250,BFGS,392.2616132236239
10,2,4,250,BFGS,248.53427997848772
10,2,5,250,BFGS,338.44714579642334
10,2,6,250,BFGS,314.1246324581314
10,2,7,250,BFGS,294.4058761788556
10,2,8,250,BFGS,363.2860365898992
10,2,9,250,BFGS,344.02741740012084
10,2,10,250,BFGS,359.1794246439515
10,2,11,250,BFGS,244.27965520628425
10,2,12,250,BFGS,331.33035804897975
10,2,13,250,BFGS,236.17511864980597
10,2,14,250,BFGS,256.56169448234857
10,2,15,250,BFGS,379.69897038199633
10,2,16,250,BFGS,683.8558629699249
10,2,17,250,BFGS,246.1206733376806
10,2,18,250,BFGS,843.4550320871608
10,2,19,250,BFGS,254.61124020954406
10,3,0,250,BFGS,704.9660289038823
10,3,1,250,BFGS,577.2313686129633
10,3,2,250,BFGS,544.9389234915494
10,3,3,250,BFGS,690.0699159985029
10,3,4,250,BFGS,469.6779758458207
10,3,5,250,BFGS,465.90363719381975
10,3,6,250,BFGS,726.2365460822972
10,3,7,250,BFGS,552.0355012848006
10,3,8,250,BFGS,842.8709638829012
10,3,9,250,BFGS,607.1655889188518
10,3,10,250,BFGS,544.4191857905215
10,3,11,250,BFGS,406.535818776929
10,3,12,250,BFGS,442.89794746537075
10,3,13,250,BFGS,447.99477969586
10,3,14,250,BFGS,550.6163960873399
10,3,15,250,BFGS,409.6829959703766
10,3,16,250,BFGS,553.0807128129801
10,3,17,250,BFGS,512.8398589435876
10,3,18,250,BFGS,678.5940601020353
10,3,19,250,BFGS,614.7687589403126
10,4,0,250,BFGS,708.7908534794597
10,4,1,250,BFGS,1037.735241554001
10,4,2,250,BFGS,572.0728413936754
10,4,3,250,BFGS,488.5641491036469
10,4,4,250,BFGS,554.8109915444285
10,4,5,250,BFGS,745.2881345972937
10,4,6,250,BFGS,800.675291858779
10,4,7,250,BFGS,608.4996993671994
10,4,8,250,BFGS,545.1757710834598
10,4,9,250,BFGS,515.8098051847221
10,4,10,250,BFGS,491.905043205273
10,4,11,250,BFGS,769.6085980797662
10,4,12,250,BFGS,929.764844459612
10,4,13,250,BFGS,605.9698262193905
10,4,14,250,BFGS,488.66403205192717
10,4,15,250,BFGS,812.6703804389932
10,4,16,250,BFGS,778.7545569855774
10,4,17,250,BFGS,559.6979721606227
10,4,18,250,BFGS,440.7058298820765
10,4,19,250,BFGS,394.0941170674858
10,5,0,250,BFGS,391.60298697343325
10,5,1,250,BFGS,540.6252666437308
10,5,2,250,BFGS,496.48457932064724
10,5,3,250,BFGS,408.97672789580815
10,5,4,250,BFGS,479.20473473138793
10,5,5,250,BFGS,849.8225619873494
10,5,6,250,BFGS,387.8002626949591
10,5,7,250,BFGS,562.0116764417102
10,5,8,250,BFGS,511.2575741784
10,5,9,250,BFGS,551.9028137884693
10,5,10,250,BFGS,533.3448009622418
10,5,11,250,BFGS,567.3553443654755
10,5,12,250,BFGS,375.68625647214594
10,5,13,250,BFGS,496.3099497073348
10,5,14,250,BFGS,338.9448474088746
10,5,15,250,BFGS,384.54361757449414
10,5,16,250,BFGS,371.17484135174266
10,5,17,250,BFGS,304.4643645498469
10,5,18,250,BFGS,515.4183196595578
10,5,19,250,BFGS,380.03902072427564
10,6,0,250,BFGS,461.970395762465
10,6,1,250,BFGS,353.19722076806363
10,6,2,250,BFGS,642.5563702369946
10,6,3,250,BFGS,242.3952347016409
10,6,4,250,BFGS,550.8765371012612
10,6,5,250,BFGS,493.97442737831943
10,6,6,250,BFGS,411.17140862456716
10,6,7,250,BFGS,501.9971852440091
10,6,8,250,BFGS,428.2845461564467
10,6,9,250,BFGS,489.00705157668534
10,6,10,250,BFGS,709.0782051273965
10,6,11,250,BFGS,446.05367104805305
10,6,12,250,BFGS,410.7946758774384
10,6,13,250,BFGS,577.9057776445472
10,6,14,250,BFGS,676.4524211250358
10,6,15,250,BFGS,550.9805366635883
10,6,16,250,BFGS,618.1745436161452
10,6,17,250,BFGS,336.1382183051066
10,6,18,250,BFGS,290.6890102086822
10,6,19,250,BFGS,377.82793939791367
10,7,0,250,BFGS,282.7057335067298
10,7,1,250,BFGS,385.82400497549156
10,7,2,250,BFGS,885.1631049116478
10,7,3,250,BFGS,553.2992821242646
10,7,4,250,BFGS,654.3225506551554
10,7,5,250,BFGS,604.3361549360384
10,7,6,250,BFGS,408.3449182423779
10,7,7,250,BFGS,373.9706381105495
10,7,8,250,BFGS,549.2081983232854
10,7,9,250,BFGS,523.800193537232
10,7,10,250,BFGS,548.5527917103658
10,7,11,250,BFGS,603.0242196658857
10,7,12,250,BFGS,584.7246472972773
10,7,13,250,BFGS,751.4836911725263
10,7,14,250,BFGS,674.1929992924224
10,7,15,250,BFGS,725.5676221880553
10,7,16,250,BFGS,700.7069372560454
10,7,17,250,BFGS,320.64402708054314
10,7,18,250,BFGS,534.5735568360598
10,7,19,250,BFGS,554.9092121831386
11,1,0,250,BFGS,55.6688735934697
11,1,1,250,BFGS,48.40927909004817
11,1,2,250,BFGS,88.00894772610678
11,1,3,250,BFGS,50.94365418353826
11,1,4,250,BFGS,22.080878193618243
11,1,5,250,BFGS,43.78186650198411
11,1,6,250,BFGS,40.1541263065677
11,1,7,250,BFGS,52.620550183220125
11,1,8,250,BFGS,47.363388117167275
11,1,9,250,BFGS,53.862899641613524
11,1,10,250,BFGS,42.363206066117435
11,1,11,250,BFGS,49.52180026564561
11,1,12,250,BFGS,103.76571160798268
11,1,13,250,BFGS,74.90576346989853
11,1,14,250,BFGS,99.92892886600879
11,1,15,250,BFGS,55.43132815439686
11,1,16,250,BFGS,39.75432210915534
11,1,17,250,BFGS,44.29294453472409
11,1,18,250,BFGS,62.91003258805481
11,1,19,250,BFGS,88.37948556033426
11,2,0,250,BFGS,87.31905612914775
11,2,1,250,BFGS,72.94827144690208
11,2,2,250,BFGS,66.16131026640946
11,2,3,250,BFGS,53.8968575555696
11,2,4,250,BFGS,61.92279937745255
11,2,5,250,BFGS,92.97105559751117
11,2,6,250,BFGS,65.53043145279754
11,2,7,250,BFGS,45.48482560445999
11,2,8,250,BFGS,271.1438273711456
11,2,9,250,BFGS,54.52315333801676
11,2,10,250,BFGS,48.919671786508324
11,2,11,250,BFGS,47.506069449481636
11,2,12,250,BFGS,149.37951882370533
11,2,13,250,BFGS,74.0940057594592
11,2,14,250,BFGS,103.04067220343384
11,2,15,250,BFGS,80.25152205608053
11,2,16,250,BFGS,125.4092863667295
11,2,17,250,BFGS,80.33699220295537
11,2,18,250,BFGS,66.88932112626829
11,2,19,250,BFGS,52.07416758965323
11,3,0,250,BFGS,67.76761236286306
11,3,1,250,BFGS,61.609323925442055
11,3,2,250,BFGS,102.0178607971232
11,3,3,250,BFGS,75.16838707768385
11,3,4,250,BFGS,66.80452386437635
11,3,5,250,BFGS,83.05182960666451
11,3,6,250,BFGS,58.965628752645266
11,3,7,250,BFGS,70.23733421500295
11,3,8,250,BFGS,153.03688738046134
11,3,9,250,BFGS,109.56522092520392
11,3,10,250,BFGS,51.71718861681907
11,3,11,250,BFGS,104.21620240678592
11,3,12,250,BFGS,95.49095631043906
11,3,13,250,BFGS,70.88510902561592
11,3,14,250,BFGS,131.75944383922217
11,3,15,250,BFGS,88.60399628231451
11,3,16,250,BFGS,52.992712540586766
11,3,17,250,BFGS,78.27821563645878
11,3,18,250,BFGS,103.1645140329994
11,3,19,250,BFGS,45.2306310182391
11,4,0,250,BFGS,71.25638385253274
11,4,1,250,BFGS,101.94387092914027
11,4,2,250,BFGS,103.96008747419617
11,4,3,250,BFGS,83.21474490980728
11,4,4,250,BFGS,55.25982541663856
11,4,5,250,BFGS,76.86896878899977
11,4,6,250,BFGS,56.98746207302554
11,4,7,250,BFGS,33.84851696080694
11,4,8,250,BFGS,63.53979811167908
11,4,9,250,BFGS,79.674676232403
11,4,10,250,BFGS,99.08195342602406
11,4,11,250,BFGS,86.80502326856914
11,4,12,250,BFGS,93.19434909872265
11,4,13,250,BFGS,126.36591264651614
11,4,14,250,BFGS,104.63883737500363
11,4,15,250,BFGS,85.99432765580808
11,4,16,250,BFGS,68.91142636992723
11,4,17,250,BFGS,63.06707909474601
11,4,18,250,BFGS,86.45600492708745
11,4,19,250,BFGS,58.27498584386155
11,5,0,250,BFGS,49.43640561141839
11,5,1,250,BFGS,81.56200886739933
11,5,2,250,BFGS,88.69864005070761
11,5,3,250,BFGS,55.01944974580316
11,5,4,250,BFGS,69.41281621279846
11,5,5,250,BFGS,109.08800358894806
11,5,6,250,BFGS,57.641894253514266
11,5,7,250,BFGS,95.40351247866046
11,5,8,250,BFGS,87.8211838302419
11,5,9,250,BFGS,65.89574488188293
11,5,10,250,BFGS,87.59925567348307
11,5,11,250,BFGS,65.62712353465261
11,5,12,250,BFGS,118.07527666751683
11,5,13,250,BFGS,65.93759066988318
11,5,14,250,BFGS,66.59026807465618
11,5,15,250,BFGS,69.6685552889446
11,5,16,250,BFGS,45.74900199397406
11,5,17,250,BFGS,102.30494494197977
11,5,18,250,BFGS,43.80291103118732
11,5,19,250,BFGS,52.148456114566585
11,6,0,250,BFGS,130.09105866400986
11,6,1,250,BFGS,164.9168637755957
11,6,2,250,BFGS,76.47247129270961
11,6,3,250,BFGS,119.08085463764942
11,6,4,250,BFGS,89.85235683137813
11,6,5,250,BFGS,161.82361454417364
11,6,6,250,BFGS,100.94190574620751
11,6,7,250,BFGS,93.07924997363601
11,6,8,250,BFGS,74.23203205852263
11,6,9,250,BFGS,138.67926877118546
11,6,10,250,BFGS,138.66211863962323
11,6,11,250,BFGS,95.57593868475541
11,6,12,250,BFGS,128.6335563073298
11,6,13,250,BFGS,94.62910566746864
11,6,14,250,BFGS,91.1864222046627
11,6,15,250,BFGS,124.77167193923158
11,6,16,250,BFGS,76.97557528759643
11,6,17,250,BFGS,72.50457951570675
11,6,18,250,BFGS,77.83772407760124
11,6,19,250,BFGS,73.97885198827039
11,7,0,250,BFGS,183.3806015492839
11,7,1,250,BFGS,96.3127317830646
11,7,2,250,BFGS,82.86261371235943
11,7,3,250,BFGS,110.58230438678497
11,7,4,250,BFGS,98.53992702688004
11,7,5,250,BFGS,141.5227499991528
11,7,6,250,BFGS,131.7000549899157
11,7,7,250,BFGS,128.62522497271374
11,7,8,250,BFGS,71.32922904554356
11,7,9,250,BFGS,62.277458173389704
11,7,10,250,BFGS,98.18812763271289
11,7,11,250,BFGS,115.7251697263268
11,7,12,250,BFGS,86.52887691100824
11,7,13,250,BFGS,106.26290812765423
11,7,14,250,BFGS,104.5626148428373
11,7,15,250,BFGS,82.30200140352751
11,7,16,250,BFGS,64.42045868770163
11,7,17,250,BFGS,98.23736682088385
11,7,18,250,BFGS,132.28828839429244
11,7,19,250,BFGS,81.77407667242339
12,1,0,250,BFGS,290.44454840887585
12,1,1,250,BFGS,193.43857619736528
12,1,2,250,BFGS,258.1547727150827
12,1,3,250,BFGS,325.6590450315375
12,1,4,250,BFGS,154.74712757043702
12,1,5,250,BFGS,122.64215790488531
12,1,6,250,BFGS,226.80014877032863
12,1,7,250,BFGS,215.65818620354554
12,1,8,250,BFGS,235.49362204598017
12,1,9,250,BFGS,137.7808962073475
12,1,10,250,BFGS,143.50105147208572
12,1,11,250,BFGS,128.18480916364834
12,1,12,250,BFGS,180.4904914939379
12,1,13,250,BFGS,164.42391635736172
12,1,14,250,BFGS,228.2063075928722
12,1,15,250,BFGS,168.9718678041522
12,1,16,250,BFGS,155.30649523062453
12,1,17,250,BFGS,189.71929950664796
12,1,18,250,BFGS,223.17197856838655
12,1,19,250,BFGS,216.92254321637202
12,2,0,250,BFGS,280.38225579770346
12,2,1,250,BFGS,269.0323971356346
12,2,2,250,BFGS,217.05400526945158
12,2,3,250,BFGS,192.141936250698
12,2,4,250,BFGS,215.88112957831208
12,2,5,250,BFGS,233.50739237049748
12,2,6,250,BFGS,181.79579618844204
12,2,7,250,BFGS,198.4465972561588
12,2,8,250,BFGS,259.1543889741357
12,2,9,250,BFGS,177.42596673973387
12,2,10,250,BFGS,183.2730088050189
12,2,11,250,BFGS,246.07291190709776
12,2,12,250,BFGS,254.00870188227765
12,2,13,250,BFGS,200.81127042290427
12,2,14,250,BFGS,231.09298696570136
12,2,15,250,BFGS,335.43665536715173
12,2,16,250,BFGS,165.61063700051506
12,2,17,250,BFGS,179.66477752411032
12,2,18,250,BFGS,247.01438830505919
12,2,19,250,BFGS,238.8902723473039
12,3,0,250,BFGS,292.60789894172353
12,3,1,250,BFGS,191.6755015411652
12,3,2,250,BFGS,133.78247805757053
12,3,3,250,BFGS,247.363395339909
12,3,4,250,BFGS,320.77441427271765
12,3,5,250,BFGS,231.7876224800003
12,3,6,250,BFGS,226.06147679938002
12,3,7,250,BFGS,155.70341429800138
12,3,8,250,BFGS,195.95168690043926
12,3,9,250,BFGS,107.49291913805837
12,3,10,250,BFGS,179.22637478176335
12,3,11,250,BFGS,137.169097239215
12,3,12,250,BFGS,235.25531148023765
12,3,13,250,BFGS,238.40797873508805
12,3,14,250,BFGS,171.68794988924088
12,3,15,250,BFGS,209.13451318677153
12,3,16,250,BFGS,119.79545001821003
12,3,17,250,BFGS,154.5815283386379
12,3,18,250,BFGS,239.22019178801298
12,3,19,250,BFGS,123.69341846657464
12,4,0,250,BFGS,188.09288518281247
12,4,1,250,BFGS,139.8096318133787
12,4,2,250,BFGS,176.5811687728411
12,4,3,250,BFGS,188.09630812142086
12,4,4,250,BFGS,158.14947745384592
12,4,5,250,BFGS,182.3696054986361
12,4,6,250,BFGS,161.0604154003601
12,4,7,250,BFGS,162.36830395212513
12,4,8,250,BFGS,226.79592893702812
12,4,9,250,BFGS,190.75193311607242
12,4,10,250,BFGS,194.47279783818743
12,4,11,250,BFGS,128.83697838319083
12,4,12,250,BFGS,190.8543077978083
12,4,13,250,BFGS,257.82573079903693
12,4,14,250,BFGS,468.0605779710184
12,4,15,250,BFGS,206.924749801471
12,4,16,250,BFGS,184.8113530458586
12,4,17,250,BFGS,169.98926118337872
12,4,18,250,BFGS,128.19978023346405
12,4,19,250,BFGS,146.5695006398176
12,5,0,250,BFGS,284.00281388819513
12,5,1,250,BFGS,197.149754827038
12,5,2,250,BFGS,179.19426807906834
12,5,3,250,BFGS,188.007303039802
12,5,4,250,BFGS,213.983630678522
12,5,5,250,BFGS,222.02181915656658
12,5,6,250,BFGS,193.3728407990007
12,5,7,250,BFGS,211.14656978135298
12,5,8,250,BFGS,216.22091592178492
12,5,9,250,BFGS,158.65589740313865
12,5,10,250,BFGS,198.8159404744291
12,5,11,250,BFGS,204.04724469135886
12,5,12,250,BFGS,235.8938828307296
12,5,13,250,BFGS,308.17004118961205
12,5,14,250,BFGS,204.84961756326473
12,5,15,250,BFGS,168.2254384748982
12,5,16,250,BFGS,175.2630312917743
12,5,17,250,BFGS,209.60729871455018
12,5,18,250,BFGS,292.81251957711635
12,5,19,250,BFGS,222.7791926863457
12,6,0,250,BFGS,247.50396895008046
12,6,1,250,BFGS,179.61421272144017
12,6,2,250,BFGS,135.63987718349068
12,6,3,250,BFGS,118.49949503644939
12,6,4,250,BFGS,98.72616239908805
12,6,5,250,BFGS,120.09616301153754
12,6,6,250,BFGS,159.69530929608828
12,6,7,250,BFGS,177.9492212660985
12,6,8,250,BFGS,132.13050457061317
12,6,9,250,BFGS,182.47780223480598
12,6,10,250,BFGS,187.45872154063125
12,6,11,250,BFGS,103.04212931294614
12,6,12,250,BFGS,187.19577543669288
12,6,13,250,BFGS,126.3734768030611
12,6,14,250,BFGS,211.48942578307043
12,6,15,250,BFGS,137.00115662561592
12,6,16,250,BFGS,123.32643187155827
12,6,17,250,BFGS,112.74150151939334
12,6,18,250,BFGS,117.51132795771456
12,6,19,250,BFGS,109.79203156031305
12,7,0,250,BFGS,123.66603610437782
12,7,1,250,BFGS,142.3680108143505
12,7,2,250,BFGS,154.20111448597692
12,7,3,250,BFGS,261.523535912229
12,7,4,250,BFGS,170.88401558121885
12,7,5,250,BFGS,164.09729258116786
12,7,6,250,BFGS,125.0349880602344
12,7,7,250,BFGS,195.88718446696845
12,7,8,250,BFGS,261.182658955143
12,7,9,250,BFGS,320.842643972159
12,7,10,250,BFGS,150.2562453274932
12,7,11,250,BFGS,177.45124657577438
12,7,12,250,BFGS,202.0909981784237
12,7,13,250,BFGS,169.75059250027
12,7,14,250,BFGS,282.6957744208926
12,7,15,250,BFGS,166.96936276285254
12,7,16,250,BFGS,178.30810500838254
12,7,17,250,BFGS,169.25402716187764
12,7,18,250,BFGS,116.49106803124724
12,7,19,250,BFGS,101.38266553926303
13,1,0,250,BFGS,400.80709650994004
13,1,1,250,BFGS,723.2263814114262
13,1,2,250,BFGS,395.66514407078995
13,1,3,250,BFGS,612.6205255112735
13,1,4,250,BFGS,455.0251804573964
13,1,5,250,BFGS,238.74116877893962
13,1,6,250,BFGS,273.27391050341146
13,1,7,250,BFGS,557.6647223173711
13,1,8,250,BFGS,370.6438723291553
13,1,9,250,BFGS,409.4765614341382
13,1,10,250,BFGS,174.0578125706829
13,1,11,250,BFGS,254.71688832188
13,1,12,250,BFGS,334.1920049156838
13,1,13,250,BFGS,248.7853062994298
13,1,14,250,BFGS,340.8000106676612
13,1,15,250,BFGS,313.76127323860635
13,1,16,250,BFGS,276.9484203885143
13,1,17,250,BFGS,299.9302259443151
13,1,18,250,BFGS,311.4477805469615
13,1,19,250,BFGS,358.52915704785977
13,2,0,250,BFGS,260.9956993668101
13,2,1,250,BFGS,319.14872510172455
13,2,2,250,BFGS,473.44474990758545
13,2,3,250,BFGS,406.2907067668411
13,2,4,250,BFGS,390.3990056008867
13,2,5,250,BFGS,647.0238070881226
13,2,6,250,BFGS,516.8782639097534
13,2,7,250,BFGS,501.27231073134794
13,2,8,250,BFGS,643.8906103449955
13,2,9,250,BFGS,389.19444788181147
13,2,10,250,BFGS,1168.4800668252233
13,2,11,250,BFGS,522.382721652842
13,2,12,250,BFGS,397.50720767395234
13,2,13,250,BFGS,308.6041503345955
13,2,14,250,BFGS,377.0117781596316
13,2,15,250,BFGS,428.74262330992786
13,2,16,250,BFGS,1168.5954894163424
13,2,17,250,BFGS,530.7196039438845
13,2,18,250,BFGS,451.29590190121513
13,2,19,250,BFGS,436.52582827579556
13,3,0,250,BFGS,588.4582052152873
13,3,1,250,BFGS,318.0099587288609
13,3,2,250,BFGS,565.4631295317549
13,3,3,250,BFGS,446.95016284708754
13,3,4,250,BFGS,224.91290010728613
13,3,5,250,BFGS,348.1973084034915
13,3,6,250,BFGS,350.08433654688685
13,3,7,250,BFGS,407.31066768001966
13,3,8,250,BFGS,211.57497014250035
13,3,9,250,BFGS,545.5496208278063
13,3,10,250,BFGS,299.32264823669726
13,3,11,250,BFGS,335.7411210369783
13,3,12,250,BFGS,343.82061799519033
13,3,13,250,BFGS,278.437716048922
13,3,14,250,BFGS,399.4083713487892
13,3,15,250,BFGS,472.2342584443337
13,3,16,250,BFGS,352.35285051513364
13,3,17,250,BFGS,336.6848749640706
13,3,18,250,BFGS,444.6393503271901
13,3,19,250,BFGS,354.10298509639205
13,4,0,250,BFGS,156.8673521961782
13,4,1,250,BFGS,222.34468827704796
13,4,2,250,BFGS,265.7255728800455
13,4,3,250,BFGS,312.84683702979993
13,4,4,250,BFGS,161.0380863245832
13,4,5,250,BFGS,236.58481443898157
13,4,6,250,BFGS,257.270171630266
13,4,7,250,BFGS,320.36994322126685
13,4,8,250,BFGS,499.257443556266
13,4,9,250,BFGS,202.34166266401374
13,4,10,250,BFGS,181.5549329758386
13,4,11,250,BFGS,270.174702080188
13,4,12,250,BFGS,268.7947393688739
13,4,13,250,BFGS,416.35851153298296
13,4,14,250,BFGS,612.103842152809
13,4,15,250,BFGS,222.58926740549396
13,4,16,250,BFGS,248.84993609225785
13,4,17,250,BFGS,323.47806985769824
13,4,18,250,BFGS,691.6221526132455
13,4,19,250,BFGS,211.22970838851487
13,5,0,250,BFGS,171.72062787325683
13,5,1,250,BFGS,169.91739895229412
13,5,2,250,BFGS,268.1899295294326
13,5,3,250,BFGS,544.4663758966249
13,5,4,250,BFGS,193.99804432675984
13,5,5,250,BFGS,183.99482889605295
13,5,6,250,BFGS,338.3279692189021
13,5,7,250,BFGS,181.34734219388926
13,5,8,250,BFGS,360.3226276844248
13,5,9,250,BFGS,293.1996502524772
13,5,10,250,BFGS,243.36121947760017
13,5,11,250,BFGS,549.0236542248604
13,5,12,250,BFGS,229.92436953158932
13,5,13,250,BFGS,224.09560399459775
13,5,14,250,BFGS,315.5625461775798
13,5,15,250,BFGS,251.05560445306082
13,5,16,250,BFGS,161.29559988904415
13,5,17,250,BFGS,363.438111615736
13,5,18,250,BFGS,265.7740635780499
13,5,19,250,BFGS,445.3304159884893
13,6,0,250,BFGS,314.74602870939833
13,6,1,250,BFGS,297.7861678986155
13,6,2,250,BFGS,350.1031792163222
13,6,3,250,BFGS,431.465211165168
13,6,4,250,BFGS,394.691244161609
13,6,5,250,BFGS,275.5545916165227
13,6,6,250,BFGS,283.34594972472075
13,6,7,250,BFGS,497.35001732982005
13,6,8,250,BFGS,417.7361550815743
13,6,9,250,BFGS,325.3085129702017
13,6,10,250,BFGS,297.9560849950863
13,6,11,250,BFGS,215.23898590692107
13,6,12,250,BFGS,431.5474158660455
13,6,13,250,BFGS,291.5462688822847
13,6,14,250,BFGS,346.8563733466854
13,6,15,250,BFGS,427.946975174316
13,6,16,250,BFGS,409.6852599865929
13,6,17,250,BFGS,271.3819229198796
13,6,18,250,BFGS,441.5808734576117
13,6,19,250,BFGS,255.9153361888895
13,7,0,250,BFGS,247.94241438073917
13,7,1,250,BFGS,265.90598892152667
13,7,2,250,BFGS,376.3200554589226
13,7,3,250,BFGS,395.8302225245938
13,7,4,250,BFGS,234.99684520779698
13,7,5,250,BFGS,140.8670836976793
13,7,6,250,BFGS,245.2322223499103
13,7,7,250,BFGS,135.25858182019775
13,7,8,250,BFGS,197.33135546790595
13,7,9,250,BFGS,165.58491782001454
13,7,10,250,BFGS,300.2948931241505
13,7,11,250,BFGS,266.4305918480194
13,7,12,250,BFGS,200.72473812055188
13,7,13,250,BFGS,242.45258511831062
13,7,14,250,BFGS,160.4354973932559
13,7,15,250,BFGS,297.5063433238724
13,7,16,250,BFGS,438.4261485318299
13,7,17,250,BFGS,102.65869484599544
13,7,18,250,BFGS,438.93374628622814
13,7,19,250,BFGS,498.2939114058296
14,1,0,250,BFGS,397.37159960111086
14,1,1,250,BFGS,472.233509406858
14,1,2,250,BFGS,494.6939715473435
14,1,3,250,BFGS,431.29427804445015
14,1,4,250,BFGS,341.4943110732105
14,1,5,250,BFGS,687.2816651313146
14,1,6,250,BFGS,224.47442096101418
14,1,7,250,BFGS,277.4229678387426
14,1,8,250,BFGS,291.12407839271015
14,1,9,250,BFGS,445.3491375114992
14,1,10,250,BFGS,281.7631198250609
14,1,11,250,BFGS,404.84779881749057
14,1,12,250,BFGS,355.95873075509667
14,1,13,250,BFGS,284.45035977458264
14,1,14,250,BFGS,326.95290413431894
14,1,15,250,BFGS,300.7034205045823
14,1,16,250,BFGS,438.3191189499979
14,1,17,250,BFGS,466.7008129574503
14,1,18,250,BFGS,308.89231638635954
14,1,19,250,BFGS,524.3274265785057
14,2,0,250,BFGS,570.9990699533826
14,2,1,250,BFGS,465.88518143872335
14,2,2,250,BFGS,751.1872796265375
14,2,3,250,BFGS,505.2054287897033
14,2,4,250,BFGS,520.4902855172694
14,2,5,250,BFGS,1765.1583491671622
14,2,6,250,BFGS,1001.1345508160692
14,2,7,250,BFGS,674.205507155008
14,2,8,250,BFGS,799.6052590428676
14,2,9,250,BFGS,610.3248342740683
14,2,10,250,BFGS,1721.4847450069246
14,2,11,250,BFGS,651.4847124752356
14,2,12,250,BFGS,480.54283871743
14,2,13,250,BFGS,820.5211031559404
14,2,14,250,BFGS,580.1460027044621
14,2,15,250,BFGS,629.6406505056207
14,2,16,250,BFGS,530.4098924269041
14,2,17,250,BFGS,534.7576439785907
14,2,18,250,BFGS,875.4017570523464
14,2,19,250,BFGS,780.6181900082406
14,3,0,250,BFGS,316.8498254912343
14,3,1,250,BFGS,194.2396509565634
14,3,2,250,BFGS,500.16483015258285
14,3,3,250,BFGS,400.50265519483787
14,3,4,250,BFGS,1764.751746107344
14,3,5,250,BFGS,316.4088798694233
14,3,6,250,BFGS,475.27955594871975
14,3,7,250,BFGS,382.80781681749085
14,3,8,250,BFGS,518.5172205332092
14,3,9,250,BFGS,301.69417304365055
14,3,10,250,BFGS,379.6551152295821
14,3,11,250,BFGS,292.6136950519488
14,3,12,250,BFGS,270.2524014740496
14,3,13,250,BFGS,312.7333686439755
14,3,14,250,BFGS,387.57036548940647
14,3,15,250,BFGS,393.3098815501602
14,3,16,250,BFGS,231.69285033934634
14,3,17,250,BFGS,402.171895177521
14,3,18,250,BFGS,598.8665693240613
14,3,19,250,BFGS,242.84682601883463
14,4,0,250,BFGS,329.3897532965256
14,4,1,250,BFGS,254.48786185819588
14,4,2,250,BFGS,450.74165834858553
14,4,3,250,BFGS,636.2835608244966
14,4,4,250,BFGS,392.22520199350475
14,4,5,250,BFGS,522.4648062492702
14,4,6,250,BFGS,822.9466703993775
14,4,7,250,BFGS,281.6338486029618
14,4,8,250,BFGS,519.1527065173289
14,4,9,250,BFGS,720.7557219299692
14,4,10,250,BFGS,640.1700798894599
14,4,11,250,BFGS,485.15259294893616
14,4,12,250,BFGS,477.3761504575929
14,4,13,250,BFGS,298.9340377890149
14,4,14,250,BFGS,366.2966047209583
14,4,15,250,BFGS,468.9894005578131
14,4,16,250,BFGS,289.9277733517664
14,4,17,250,BFGS,481.27649048905926
14,4,18,250,BFGS,3012.2752639392893
14,4,19,250,BFGS,138.26964597355075
14,5,0,250,BFGS,448.6518485565739
14,5,1,250,BFGS,1758.6250279936585
14,5,2,250,BFGS,442.42380791752174
14,5,3,250,BFGS,874.7025163434337
14,5,4,250,BFGS,522.7247617697052
14,5,5,250,BFGS,832.5685927565484
14,5,6,250,BFGS,458.6393613212031
14,5,7,250,BFGS,561.3772414507347
14,5,8,250,BFGS,673.7405508105488
14,5,9,250,BFGS,808.9010177261284
14,5,10,250,BFGS,237.87056377439868
14,5,11,250,BFGS,917.1127660972107
14,5,12,250,BFGS,711.8495206846743
14,5,13,250,BFGS,452.67476856962037
14,5,14,250,BFGS,811.636582561892
14,5,15,250,BFGS,781.8365537966054
14,5,16,250,BFGS,677.0951695614606
14,5,17,250,BFGS,517.0412282306211
14,5,18,250,BFGS,1353.0810717742754
14,5,19,250,BFGS,801.9038879106369
14,6,0,250,BFGS,632.6479153074962
14,6,1,250,BFGS,408.87944996403843
14,6,2,250,BFGS,422.06919807230224
14,6,3,250,BFGS,383.52981342897505
14,6,4,250,BFGS,525.158888573062
14,6,5,250,BFGS,503.11097333893895
14,6,6,250,BFGS,616.5351112728501
14,6,7,250,BFGS,490.43374075483166
14,6,8,250,BFGS,2648.3093934759136
14,6,9,250,BFGS,309.11250542382953
14,6,10,250,BFGS,453.25574899651014
14,6,11,250,BFGS,324.4923631927868
14,6,12,250,BFGS,206.82494696927438
14,6,13,250,BFGS,1297.6892991407897
14,6,14,250,BFGS,435.51245175683016
14,6,15,250,BFGS,303.4304874389523
14,6,16,250,BFGS,261.2337920386431
14,6,17,250,BFGS,428.26162130666734
14,6,18,250,BFGS,380.5129589440806
14,6,19,250,BFGS,323.5288168618421
14,7,0,250,BFGS,846.4941480568259
14,7,1,250,BFGS,760.0217398616693
14,7,2,250,BFGS,501.2271570479376
14,7,3,250,BFGS,682.7097544742678
14,7,4,250,BFGS,572.9183202466068
14,7,5,250,BFGS,457.50095611103495
14,7,6,250,BFGS,574.4355562984983
14,7,7,250,BFGS,1063.2901160463327
14,7,8,250,BFGS,986.6743870837656
14,7,9,250,BFGS,329.99815226952376
14,7,10,250,BFGS,396.7921808402251
14,7,11,250,BFGS,871.2620463608885
14,7,12,250,BFGS,522.2180239702604
14,7,13,250,BFGS,1263.8769109009004
14,7,14,250,BFGS,361.91289601751674
14,7,15,250,BFGS,370.2811160721606
14,7,16,250,BFGS,490.0773433179115
14,7,17,250,BFGS,1285.8382663305706
14,7,18,250,BFGS,738.9005628906266
14,7,19,250,BFGS,620.1004927145219
15,1,0,250,BFGS,1246.2826767259874
15,1,1,250,BFGS,718.1913300691076
15,1,2,250,BFGS,816.271705836842
15,1,3,250,BFGS,631.4924000538576
15,1,4,250,BFGS,761.9522495561835
15,1,5,250,BFGS,633.4583516987514
15,1,6,250,BFGS,738.325731722357
15,1,7,250,BFGS,907.1204209832879
15,1,8,250,BFGS,609.0183776985543
15,1,9,250,BFGS,613.2788592970712
15,1,10,250,BFGS,621.4074782398955
15,1,11,250,BFGS,589.8925457260632
15,1,12,250,BFGS,498.19292986000966
15,1,13,250,BFGS,521.2852584260635
15,1,14,250,BFGS,603.788089587837
15,1,15,250,BFGS,792.7724311082261
15,1,16,250,BFGS,658.4292469867744
15,1,17,250,BFGS,526.1998912624026
15,1,18,250,BFGS,710.1233178127918
15,1,19,250,BFGS,613.1594165180218
15,2,0,250,BFGS,1128.5127383557083
15,2,1,250,BFGS,655.7142461138002
15,2,2,250,BFGS,762.6674438168194
15,2,3,250,BFGS,696.9334719791492
15,2,4,250,BFGS,711.1889037742012
15,2,5,250,BFGS,1397.923023308811
15,2,6,250,BFGS,867.0139078877844
15,2,7,250,BFGS,1091.0818996976666
15,2,8,250,BFGS,1227.8772597035286
15,2,9,250,BFGS,873.7523607553044
15,2,10,250,BFGS,878.0368956832444
15,2,11,250,BFGS,851.9311717542043
15,2,12,250,BFGS,762.7866507684234
15,2,13,250,BFGS,1428.9954817156352
15,2,14,250,BFGS,974.4522351525485
15,2,15,250,BFGS,529.9255755058921
15,2,16,250,BFGS,676.1470782143833
15,2,17,250,BFGS,940.110281196552
15,2,18,250,BFGS,984.8926479852181
15,2,19,250,BFGS,764.2474576643557
15,3,0,250,BFGS,585.3692367880885
15,3,1,250,BFGS,1076.3250790793627
15,3,2,250,BFGS,727.3765385093702
15,3,3,250,BFGS,765.3641779653011
15,3,4,250,BFGS,753.4059903527489
15,3,5,250,BFGS,785.0827073507614
15,3,6,250,BFGS,740.9773922226611
15,3,7,250,BFGS,854.8367576089336
15,3,8,250,BFGS,1300.0656729819525
15,3,9,250,BFGS,763.6360338751227
15,3,10,250,BFGS,721.4707659883134
15,3,11,250,BFGS,472.6038793040166
15,3,12,250,BFGS,846.8831993278424
15,3,13,250,BFGS,1001.3511668854652
15,3,14,250,BFGS,668.9484104714493
15,3,15,250,BFGS,735.7454132772003
15,3,16,250,BFGS,569.3093224041949
15,3,17,250,BFGS,786.4033630518701
15,3,18,250,BFGS,718.7749892961612
15,3,19,250,BFGS,562.2540888883199
15,4,0,250,BFGS,1240.6778103532852
15,4,1,250,BFGS,651.9198124573094
15,4,2,250,BFGS,1016.1856137494249
15,4,3,250,BFGS,880.1498498466085
15,4,4,250,BFGS,802.5020827728478
15,4,5,250,BFGS,1116.514420306456
15,4,6,250,BFGS,985.5909830403265
15,4,7,250,BFGS,829.3850520926547
15,4,8,250,BFGS,1307.8836183627568
15,4,9,250,BFGS,857.4100437722207
15,4,10,250,BFGS,651.6001466382127
15,4,11,250,BFGS,711.8329708565705
15,4,12,250,BFGS,874.1597875668215
15,4,13,250,BFGS,967.0413798689873
15,4,14,250,BFGS,778.193774043083
15,4,15,250,BFGS,623.8044701742897
15,4,16,250,BFGS,761.653334215652
15,4,17,250,BFGS,1224.1065484857736
15,4,18,250,BFGS,867.9052546432224
15,4,19,250,BFGS,689.77826910823
15,5,0,250,BFGS,864.8357994801152
15,5,1,250,BFGS,896.6765752517991
15,5,2,250,BFGS,1096.0056927419012
15,5,3,250,BFGS,823.2637226610784
15,5,4,250,BFGS,803.0078197124986
15,5,5,250,BFGS,456.4717000434812
15,5,6,250,BFGS,890.3997008347828
15,5,7,250,BFGS,715.1989390306475
15,5,8,250,BFGS,884.2034282151197
15,5,9,250,BFGS,873.382511541574
15,5,10,250,BFGS,736.0284564345891
15,5,11,250,BFGS,646.6312564222992
15,5,12,250,BFGS,1385.551711689501
15,5,13,250,BFGS,1133.769700981437
15,5,14,250,BFGS,1231.4586215937584
15,5,15,250,BFGS,612.9415938166588
15,5,16,250,BFGS,783.0509263323762
15,5,17,250,BFGS,739.6515730862362
15,5,18,250,BFGS,1005.7250005894869
15,5,19,250,BFGS,1118.484782598133
15,6,0,250,BFGS,672.7596623165259
15,6,1,250,BFGS,1155.8585569693068
15,6,2,250,BFGS,997.7858486287423
15,6,3,250,BFGS,1066.6529063477924
15,6,4,250,BFGS,792.7330188005087
15,6,5,250,BFGS,1004.7143023069856
15,6,6,250,BFGS,891.6190389120143
15,6,7,250,BFGS,741.3030999528632
15,6,8,250,BFGS,1541.3228714614047
15,6,9,250,BFGS,927.1174556635451
15,6,10,250,BFGS,764.4222706980088
15,6,11,250,BFGS,1418.733908863706
15,6,12,250,BFGS,1751.1128310872605
15,6,13,250,BFGS,844.510589182045
15,6,14,250,BFGS,1086.4016593840688
15,6,15,250,BFGS,925.3395150850022
15,6,16,250,BFGS,945.5433842841732
15,6,17,250,BFGS,812.6942894997906
15,6,18,250,BFGS,863.1520866809259
15,6,19,250,BFGS,875.380379325135
15,7,0,250,BFGS,833.6415363773042
15,7,1,250,BFGS,1251.1924513705794
15,7,2,250,BFGS,615.507319082893
15,7,3,250,BFGS,739.1262739293124
15,7,4,250,BFGS,689.987787958022
15,7,5,250,BFGS,633.4971412186575
15,7,6,250,BFGS,694.6805766379762
15,7,7,250,BFGS,847.8045058458395
15,7,8,250,BFGS,729.6305217374806
15,7,9,250,BFGS,747.8062873494582
15,7,10,250,BFGS,856.0865721779538
15,7,11,250,BFGS,723.9937755159651
15,7,12,250,BFGS,701.3847045477198
15,7,13,250,BFGS,891.1468140587453
15,7,14,250,BFGS,698.4443586862802
15,7,15,250,BFGS,820.9697968823607
15,7,16,250,BFGS,723.3068365930477
15,7,17,250,BFGS,819.2493772097062
15,7,18,250,BFGS,654.6129551233237
15,7,19,250,BFGS,479.8489917682124
16,1,0,250,BFGS,84.36987607612788
16,1,1,250,BFGS,53.324495338088184
16,1,2,250,BFGS,115.85759556370468
16,1,3,250,BFGS,95.02564104820709
16,1,4,250,BFGS,97.17031674617678
16,1,5,250,BFGS,112.93536050491042
16,1,6,250,BFGS,86.62823174370219
16,1,7,250,BFGS,134.7529649642248
16,1,8,250,BFGS,77.6641220471234
16,1,9,250,BFGS,91.60014830424316
16,1,10,250,BFGS,59.37936744720713
16,1,11,250,BFGS,112.2344852847483
16,1,12,250,BFGS,93.74087345005582
16,1,13,250,BFGS,55.79983722473642
16,1,14,250,BFGS,140.47045051638923
16,1,15,250,BFGS,45.58116849506108
16,1,16,250,BFGS,162.3304432732774
16,1,17,250,BFGS,86.30059459846096
16,1,18,250,BFGS,78.83316466942811
16,1,19,250,BFGS,66.89429204980883
16,2,0,250,BFGS,194.54803438797504
16,2,1,250,BFGS,120.4742734310534
16,2,2,250,BFGS,53.71663729578343
16,2,3,250,BFGS,94.1727158502579
16,2,4,250,BFGS,85.76645216229176
16,2,5,250,BFGS,79.34955539760179
16,2,6,250,BFGS,65.4461140242496
16,2,7,250,BFGS,91.10112701876706
16,2,8,250,BFGS,91.7132339562912
16,2,9,250,BFGS,59.327207720806975
16,2,10,250,BFGS,88.95127352818533
16,2,11,250,BFGS,87.59272836617332
16,2,12,250,BFGS,104.80221905750886
16,2,13,250,BFGS,58.62474124312473
16,2,14,250,BFGS,118.18223072552546
16,2,15,250,BFGS,142.77721511708774
16,2,16,250,BFGS,61.5531345193871
16,2,17,250,BFGS,89.5875343939797
16,2,18,250,BFGS,214.00613945388508
16,2,19,250,BFGS,73.66531610222044
16,3,0,250,BFGS,106.26731688751494
16,3,1,250,BFGS,162.68117883051033
16,3,2,250,BFGS,85.84503229315172
16,3,3,250,BFGS,89.43373624909825
16,3,4,250,BFGS,91.21628854923472
16,3,5,250,BFGS,64.71797473911417
16,3,6,250,BFGS,57.43376650733218
16,3,7,250,BFGS,56.32475134631056
16,3,8,250,BFGS,57.09930388224062
16,3,9,250,BFGS,92.9896764411488
16,3,10,250,BFGS,90.23797858572216
16,3,11,250,BFGS,61.17028987017321
16,3,12,250,BFGS,107.50597350251212
16,3,13,250,BFGS,82.65853618457847
16,3,14,250,BFGS,54.193093465266955
16,3,15,250,BFGS,87.41033623281537
16,3,16,250,BFGS,55.98971661626621
16,3,17,250,BFGS,64.84966561058853
16,3,18,250,BFGS,59.19180086156847
16,3,19,250,BFGS,45.37568080189191
16,4,0,250,BFGS,41.32266010615127
16,4,1,250,BFGS,56.80101347572034
16,4,2,250,BFGS,62.72672934647174
16,4,3,250,BFGS,65.21630266587891
16,4,4,250,BFGS,37.85805086513996
16,4,5,250,BFGS,43.407351760913755
16,4,6,250,BFGS,58.20354078339796
16,4,7,250,BFGS,53.21815489216485
16,4,8,250,BFGS,68.95684023752028
16,4,9,250,BFGS,45.50402842643534
16,4,10,250,BFGS,60.22378809812941
16,4,11,250,BFGS,104.26548805028375
16,4,12,250,BFGS,68.77432561232708
16,4,13,250,BFGS,42.93537092164566
16,4,14,250,BFGS,42.23997011284051
16,4,15,250,BFGS,70.19529233011463
16,4,16,250,BFGS,35.40439288951779
16,4,17,250,BFGS,53.310260246796155
16,4,18,250,BFGS,54.38801487800339
16,4,19,250,BFGS,62.632073143719175
16,5,0,250,BFGS,63.8844241757718
16,5,1,250,BFGS,66.69444389162275
16,5,2,250,BFGS,65.69570749420672
16,5,3,250,BFGS,45.40176994046416
16,5,4,250,BFGS,42.773699150917565
16,5,5,250,BFGS,59.772457923054304
16,5,6,250,BFGS,59.70814589597015
16,5,7,250,BFGS,53.26878222169979
16,5,8,250,BFGS,48.13912282343134
16,5,9,250,BFGS,39.1919129156944
16,5,10,250,BFGS,40.10517431417924
16,5,11,250,BFGS,55.02308156572704
16,5,12,250,BFGS,106.13434973048741
16,5,13,250,BFGS,46.728677390339456
16,5,14,250,BFGS,42.22510904651329
16,5,15,250,BFGS,39.715546459337546
16,5,16,250,BFGS,74.77933970202153
16,5,17,250,BFGS,54.81108468947677
16,5,18,250,BFGS,38.01824051506978
16,5,19,250,BFGS,40.345196317698715
16,6,0,250,BFGS,85.53919936878816
16,6,1,250,BFGS,102.37867871542839
16,6,2,250,BFGS,51.10942005555425
16,6,3,250,BFGS,53.76911378360048
16,6,4,250,BFGS,53.02080189719933
16,6,5,250,BFGS,71.62185896931156
16,6,6,250,BFGS,80.69153317919894
16,6,7,250,BFGS,59.9835435001162
16,6,8,250,BFGS,110.70050122960865
16,6,9,250,BFGS,82.25465591277333
16,6,10,250,BFGS,50.34190183211916
16,6,11,250,BFGS,77.45159834712679
16,6,12,250,BFGS,130.00684570012146
16,6,13,250,BFGS,64.6047108949336
16,6,14,250,BFGS,77.07280538655077
16,6,15,250,BFGS,65.17082860940825
16,6,16,250,BFGS,98.76952442849753
16,6,17,250,BFGS,101.14061275041023
16,6,18,250,BFGS,174.2970056136927
16,6,19,250,BFGS,51.64701416379443
16,7,0,250,BFGS,70.36108978224588
16,7,1,250,BFGS,65.36382019321685
16,7,2,250,BFGS,65.28109271558519
16,7,3,250,BFGS,78.52731229936641
16,7,4,250,BFGS,50.53843561424782
16,7,5,250,BFGS,48.124714912748296
16,7,6,250,BFGS,89.39462965497611
16,7,7,250,BFGS,46.61311228739568
16,7,8,250,BFGS,63.17012860819876
16,7,9,250,BFGS,54.903711274623824
16,7,10,250,BFGS,47.8842227172596
16,7,11,250,BFGS,62.846702833145955
16,7,12,250,BFGS,81.28131761596164
16,7,13,250,BFGS,50.750372304472435
16,7,14,250,BFGS,48.11812529546202
16,7,15,250,BFGS,80.36170922054103
16,7,16,250,BFGS,50.146645093464855
16,7,17,250,BFGS,80.64275860242643
16,7,18,250,BFGS,106.40495057708253
16,7,19,250,BFGS,46.02852531953309
17,1,0,250,BFGS,118.32198482943164
17,1,1,250,BFGS,76.94569686920352
17,1,2,250,BFGS,83.53663398845448
17,1,3,250,BFGS,95.70213220185072
17,1,4,250,BFGS,57.9745801529416
17,1,5,250,BFGS,67.51571755602136
17,1,6,250,BFGS,50.20063435699822
17,1,7,250,BFGS,84.44424592027671
17,1,8,250,BFGS,77.96783927851355
17,1,9,250,BFGS,69.34152331803605
17,1,10,250,BFGS,65.57995930732501
17,1,11,250,BFGS,101.82431013553025
17,1,12,250,BFGS,76.74823097987269
17,1,13,250,BFGS,92.46513856798596
17,1,14,250,BFGS,240.11217781852403
17,1,15,250,BFGS,78.82573528071948
17,1,16,250,BFGS,518.371789686326
17,1,17,250,BFGS,561.7324339197194
17,1,18,250,BFGS,67.97735363657702
17,1,19,250,BFGS,91.87162116676842
17,2,0,250,BFGS,90.41819368777487
17,2,1,250,BFGS,65.5500779602088
17,2,2,250,BFGS,69.95120985369152
17,2,3,250,BFGS,77.24169644759641
17,2,4,250,BFGS,92.14942018522709
17,2,5,250,BFGS,125.03945550492271
17,2,6,250,BFGS,118.02652677143335
17,2,7,250,BFGS,145.42418346735423
17,2,8,250,BFGS,65.93844049006374
17,2,9,250,BFGS,30.670799640024498
17,2,10,250,BFGS,80.94579136105601
17,2,11,250,BFGS,79.07891945781047
17,2,12,250,BFGS,64.02983347326662
17,2,13,250,BFGS,46.47666576348308
17,2,14,250,BFGS,96.05645363621366
17,2,15,250,BFGS,53.340159767475896
17,2,16,250,BFGS,31.69922235217875
17,2,17,250,BFGS,86.24745833656901
17,2,18,250,BFGS,90.56183190139782
17,2,19,250,BFGS,63.34333116555496
17,3,0,250,BFGS,345.3651045626234
17,3,1,250,BFGS,76.33563019909339
17,3,2,250,BFGS,125.85590977126468
17,3,3,250,BFGS,354.4055715549723
17,3,4,250,BFGS,73.19116510113392
17,3,5,250,BFGS,98.51038045234507
17,3,6,250,BFGS,484.70256752269813
17,3,7,250,BFGS,945.9285624559234
17,3,8,250,BFGS,102.23776040401366
17,3,9,250,BFGS,90.65981491336744
17,3,10,250,BFGS,103.96512794510909
17,3,11,250,BFGS,70.1038760800337
17,3,12,250,BFGS,72.44863993161147
17,3,13,250,BFGS,125.69690475687462
17,3,14,250,BFGS,95.76892985020582
17,3,15,250,BFGS,78.41574045191436
17,3,16,250,BFGS,65.38610520659657
17,3,17,250,BFGS,83.3974120303721
17,3,18,250,BFGS,63.98517964472385
17,3,19,250,BFGS,67.85489212019097
17,4,0,250,BFGS,75.6334012370688
17,4,1,250,BFGS,69.34817598286236
17,4,2,250,BFGS,52.870570878640706
17,4,3,250,BFGS,113.14521554708159
17,4,4,250,BFGS,110.22549490411517
17,4,5,250,BFGS,73.42445864869059
17,4,6,250,BFGS,60.29132303416538
17,4,7,250,BFGS,85.08810421011684
17,4,8,250,BFGS,65.3905949436731
17,4,9,250,BFGS,78.17274485378957
17,4,10,250,BFGS,48.52167194849291
17,4,11,250,BFGS,60.056624481319226
17,4,12,250,BFGS,72.13224041686439
17,4,13,250,BFGS,129.90290735444538
17,4,14,250,BFGS,89.5052536966978
17,4,15,250,BFGS,43.945428388794305
17,4,16,250,BFGS,93.7223756845447
17,4,17,250,BFGS,58.449339231969624
17,4,18,250,BFGS,56.64435488900643
17,4,19,250,BFGS,116.70080346708679
17,5,0,250,BFGS,208.80643199550556
17,5,1,250,BFGS,89.56953087986878
17,5,2,250,BFGS,180.12228559879313
17,5,3,250,BFGS,383.63872982795897
17,5,4,250,BFGS,196.77216850511644
17,5,5,250,BFGS,43.992715698356456
17,5,6,250,BFGS,222.33815541376111
17,5,7,250,BFGS,353.440382091875
17,5,8,250,BFGS,126.47847904646295
17,5,9,250,BFGS,651.3234684837505
17,5,10,250,BFGS,660.9149323581096
17,5,11,250,BFGS,190.44469467454104
17,5,12,250,BFGS,95.13431362506503
17,5,13,250,BFGS,123.27115756718663
17,5,14,250,BFGS,119.18153385341729
17,5,15,250,BFGS,337.17284011086963
17,5,16,250,BFGS,350.268134166371
17,5,17,250,BFGS,388.683222680491
17,5,18,250,BFGS,229.01986434110248
17,5,19,250,BFGS,206.90337532998942
17,6,0,250,BFGS,61.26509464613129
17,6,1,250,BFGS,58.65876653815974
17,6,2,250,BFGS,190.56218329682955
17,6,3,250,BFGS,111.01467856925922
17,6,4,250,BFGS,66.83314777593783
17,6,5,250,BFGS,93.84641243594672
17,6,6,250,BFGS,65.24214093710327
17,6,7,250,BFGS,56.78407701718757
17,6,8,250,BFGS,76.92022025895558
17,6,9,250,BFGS,44.22498363629316
17,6,10,250,BFGS,67.91144381137629
17,6,11,250,BFGS,73.27070847842354
17,6,12,250,BFGS,86.8133206775212
17,6,13,250,BFGS,54.795278421948076
17,6,14,250,BFGS,37.686559247862604
17,6,15,250,BFGS,102.8908011723399
17,6,16,250,BFGS,78.86407473219406
17,6,17,250,BFGS,78.15117844273072
17,6,18,250,BFGS,116.43400433850293
17,6,19,250,BFGS,63.8385803738376
17,7,0,250,BFGS,97.90136324793043
17,7,1,250,BFGS,42.91094584632651
17,7,2,250,BFGS,44.48935478626595
17,7,3,250,BFGS,184.35402710776734
17,7,4,250,BFGS,66.69485640687115
17,7,5,250,BFGS,85.45878954165114
17,7,6,250,BFGS,63.3247332306908
17,7,7,250,BFGS,68.07254669251952
17,7,8,250,BFGS,129.8635590531292
17,7,9,250,BFGS,81.78761286136519
17,7,10,250,BFGS,69.39120920654803
17,7,11,250,BFGS,108.03303615188952
17,7,12,250,BFGS,129.75139627866392
17,7,13,250,BFGS,59.76923482159852
17,7,14,250,BFGS,106.6122978869083
17,7,15,250,BFGS,111.92655312057323
17,7,16,250,BFGS,115.80964326071681
17,7,17,250,BFGS,85.93056320301602
17,7,18,250,BFGS,138.2077825502357
17,7,19,250,BFGS,132.56170016228523
18,1,0,250,BFGS,68.55635356884932
18,1,1,250,BFGS,87.88530541054693
18,1,2,250,BFGS,56.713438377113036
18,1,3,250,BFGS,46.723152570261014
18,1,4,250,BFGS,45.0944393691215
18,1,5,250,BFGS,73.26694805921784
18,1,6,250,BFGS,57.796340377913914
18,1,7,250,BFGS,101.92925532170683
18,1,8,250,BFGS,87.20404160815755
18,1,9,250,BFGS,58.879925418035405
18,1,10,250,BFGS,46.97710161013152
18,1,11,250,BFGS,63.16201030280405
18,1,12,250,BFGS,81.589744848192
18,1,13,250,BFGS,52.15857953225636
18,1,14,250,BFGS,104.88898533769148
18,1,15,250,BFGS,77.6405719558484
18,1,16,250,BFGS,52.561795992208275
18,1,17,250,BFGS,129.02379740974325
18,1,18,250,BFGS,56.95856636388267
18,1,19,250,BFGS,46.37295231535726
18,2,0,250,BFGS,135.74970064709495
18,2,1,250,BFGS,91.9711133927527
18,2,2,250,BFGS,82.97404512930682
18,2,3,250,BFGS,102.25426673407445
18,2,4,250,BFGS,102.48629259010286
18,2,5,250,BFGS,132.12039302549525
18,2,6,250,BFGS,84.68605325068897
18,2,7,250,BFGS,268.7624953076363
18,2,8,250,BFGS,199.73495961304826
18,2,9,250,BFGS,84.07480576705592
18,2,10,250,BFGS,109.70964984920657
18,2,11,250,BFGS,83.54112561193689
18,2,12,250,BFGS,71.10730768548592
18,2,13,250,BFGS,97.71068866302647
18,2,14,250,BFGS,92.8210586157184
18,2,15,250,BFGS,102.8355431526204
18,2,16,250,BFGS,83.57304215693662
18,2,17,250,BFGS,192.6129438133626
18,2,18,250,BFGS,149.9945667432646
18,2,19,250,BFGS,100.86565017000594
18,3,0,250,BFGS,209.17669639848665
18,3,1,250,BFGS,87.86755361457614
18,3,2,250,BFGS,115.98196391394849
18,3,3,250,BFGS,130.08638003792169
18,3,4,250,BFGS,87.48179140683632
18,3,5,250,BFGS,74.22722003222441
18,3,6,250,BFGS,103.78865313756233
18,3,7,250,BFGS,80.34940277871895
18,3,8,250,BFGS,185.62728387907762
18,3,9,250,BFGS,85.85769129436946
18,3,10,250,BFGS,111.62820875852444
18,3,11,250,BFGS,74.8003249021092
18,3,12,250,BFGS,106.15979928094559
18,3,13,250,BFGS,86.84766570632972
18,3,14,250,BFGS,80.79383307451474
18,3,15,250,BFGS,64.89671495543423
18,3,16,250,BFGS,47.23328735499791
18,3,17,250,BFGS,89.31319386338258
18,3,18,250,BFGS,123.44527460585716
18,3,19,250,BFGS,105.38206140743866
18,4,0,250,BFGS,192.35043084923834
18,4,1,250,BFGS,32.28663929144072
18,4,2,250,BFGS,94.81665454322494
18,4,3,250,BFGS,102.5112465969153
18,4,4,250,BFGS,128.1019484946168
18,4,5,250,BFGS,67.14884671497519
18,4,6,250,BFGS,88.28165171287388
18,4,7,250,BFGS,134.54432127193292
18,4,8,250,BFGS,96.2411132000192
18,4,9,250,BFGS,98.54047768389214
18,4,10,250,BFGS,89.37965176318181
18,4,11,250,BFGS,73.99130178212917
18,4,12,250,BFGS,162.775750663278
18,4,13,250,BFGS,94.00858417716633
18,4,14,250,BFGS,110.74323387092241
18,4,15,250,BFGS,112.80615884743446
18,4,16,250,BFGS,100.45427816509194
18,4,17,250,BFGS,62.49500357286313
18,4,18,250,BFGS,81.49849195971815
18,4,19,250,BFGS,101.02015477257545
18,5,0,250,BFGS,128.21342069130816
18,5,1,250,BFGS,59.048430629962766
18,5,2,250,BFGS,128.09432856112622
18,5,3,250,BFGS,68.14226886592327
18,5,4,250,BFGS,87.49899858202606
18,5,5,250,BFGS,56.17331513579502
18,5,6,250,BFGS,77.1935122595585
18,5,7,250,BFGS,85.5056789399749
18,5,8,250,BFGS,76.64958598215344
18,5,9,250,BFGS,43.92840085186935
18,5,10,250,BFGS,37.55407963554009
18,5,11,250,BFGS,67.96104073279294
18,5,12,250,BFGS,64.92917144672285
18,5,13,250,BFGS,68.46307972431555
18,5,14,250,BFGS,110.56974164042772
18,5,15,250,BFGS,111.97436964485712
18,5,16,250,BFGS,31.044164846301975
18,5,17,250,BFGS,83.84514985927798
18,5,18,250,BFGS,91.71701536530603
18,5,19,250,BFGS,77.68221952368589
18,6,0,250,BFGS,94.46288243699146
18,6,1,250,BFGS,37.75936192178845
18,6,2,250,BFGS,36.76444739033067
18,6,3,250,BFGS,40.223972726395075
18,6,4,250,BFGS,48.2297691717204
18,6,5,250,BFGS,44.134704889238215
18,6,6,250,BFGS,36.64425851326671
18,6,7,250,BFGS,46.761704684501446
18,6,8,250,BFGS,45.40652270667905
18,6,9,250,BFGS,40.532160234262825
18,6,10,250,BFGS,32.04153176200587
18,6,11,250,BFGS,42.926345190997246
18,6,12,250,BFGS,97.22514354463257
18,6,13,250,BFGS,72.87532255267956
18,6,14,250,BFGS,51.94468590903326
18,6,15,250,BFGS,43.781297973782515
18,6,16,250,BFGS,36.046488545275324
18,6,17,250,BFGS,57.328993083585694
18,6,18,250,BFGS,98.01327130455577
18,6,19,250,BFGS,41.52317593086426
18,7,0,250,BFGS,220.66123462502858
18,7,1,250,BFGS,154.32076757982554
18,7,2,250,BFGS,116.13845165670894
18,7,3,250,BFGS,83.98377674634463
18,7,4,250,BFGS,54.52053386935361
18,7,5,250,BFGS,99.54447925916287
18,7,6,250,BFGS,119.63543649213493
18,7,7,250,BFGS,72.68592373177287
18,7,8,250,BFGS,228.89940592709883
18,7,9,250,BFGS,72.27109886879727
18,7,10,250,BFGS,92.82379306547993
18,7,11,250,BFGS,65.71873404768814
18,7,12,250,BFGS,76.02908358911093
18,7,13,250,BFGS,159.5068099595153
18,7,14,250,BFGS,119.97960450814983
18,7,15,250,BFGS,106.84298858176618
18,7,16,250,BFGS,77.70460112668476
18,7,17,250,BFGS,115.04556500405626
18,7,18,250,BFGS,178.67581193404305
18,7,19,250,BFGS,98.5557788032153
19,1,0,250,BFGS,293.65966361806267
19,1,1,250,BFGS,327.5315717771333
19,1,2,250,BFGS,351.7600858404377
19,1,3,250,BFGS,270.02752052710605
19,1,4,250,BFGS,405.26501185619276
19,1,5,250,BFGS,319.62363366714123
19,1,6,250,BFGS,442.9214309241779
19,1,7,250,BFGS,257.1299136868214
19,1,8,250,BFGS,541.8342985076303
19,1,9,250,BFGS,418.1252292148616
19,1,10,250,BFGS,315.3171634124014
19,1,11,250,BFGS,597.262947842474
19,1,12,250,BFGS,371.9373920104411
19,1,13,250,BFGS,414.43724365464277
19,1,14,250,BFGS,344.07584404815634
19,1,15,250,BFGS,322.30721200101624
19,1,16,250,BFGS,337.47432788709904
19,1,17,250,BFGS,381.91235879972936
19,1,18,250,BFGS,466.14087534660865
19,1,19,250,BFGS,353.73575948139427
19,2,0,250,BFGS,156.50859591087612
19,2,1,250,BFGS,167.8294140387031
19,2,2,250,BFGS,107.78892687932198
19,2,3,250,BFGS,211.81478192387294
19,2,4,250,BFGS,177.0199346320763
19,2,5,250,BFGS,201.17251735883065
19,2,6,250,BFGS,148.54684106330942
19,2,7,250,BFGS,195.59677447860915
19,2,8,250,BFGS,163.85008323416224
19,2,9,250,BFGS,184.54540118183928
19,2,10,250,BFGS,160.98814717489122
19,2,11,250,BFGS,103.97542144887726
19,2,12,250,BFGS,139.56689249142931
19,2,13,250,BFGS,160.09631371764576
19,2,14,250,BFGS,356.19567392628
19,2,15,250,BFGS,144.81712144444012
19,2,16,250,BFGS,175.6425049739791
19,2,17,250,BFGS,180.8944362351699
19,2,18,250,BFGS,130.9248354523457
19,2,19,250,BFGS,126.84062570898813
19,3,0,250,BFGS,443.5042474855552
19,3,1,250,BFGS,350.97387251310676
19,3,2,250,BFGS,249.03634418546864
19,3,3,250,BFGS,387.5426847384234
19,3,4,250,BFGS,210.50622038107838
19,3,5,250,BFGS,210.4718399518812
19,3,6,250,BFGS,205.32043897597836
19,3,7,250,BFGS,184.0745255807068
19,3,8,250,BFGS,183.23885309612615
19,3,9,250,BFGS,295.8554133762729
19,3,10,250,BFGS,221.47649503134417
19,3,11,250,BFGS,286.7971537819717
19,3,12,250,BFGS,220.55257841485025
19,3,13,250,BFGS,363.47275834112565
19,3,14,250,BFGS,330.35407657193224
19,3,15,250,BFGS,491.1330380521814
19,3,16,250,BFGS,317.18470484638584
19,3,17,250,BFGS,157.56469770439887
19,3,18,250,BFGS,207.00536643104556
19,3,19,250,BFGS,245.86247955092642
19,4,0,250,BFGS,304.2621425161609
19,4,1,250,BFGS,379.5564671787781
19,4,2,250,BFGS,351.1037205334346
19,4,3,250,BFGS,399.2096034395191
19,4,4,250,BFGS,312.14378762460746
19,4,5,250,BFGS,345.7255758663875
19,4,6,250,BFGS,298.4927368985641
19,4,7,250,BFGS,290.0709660039504
19,4,8,250,BFGS,460.23292532594553
19,4,9,250,BFGS,381.583002815662
19,4,10,250,BFGS,389.7453962000165
19,4,11,250,BFGS,363.79020265546535
19,4,12,250,BFGS,316.62736594291096
19,4,13,250,BFGS,226.58397706338872
19,4,14,250,BFGS,523.1775508330043
19,4,15,250,BFGS,270.5577011804055
19,4,16,250,BFGS,392.80001135751263
19,4,17,250,BFGS,533.7428482313534
19,4,18,250,BFGS,312.00373663884403
19,4,19,250,BFGS,422.05521150664504
19,5,0,250,BFGS,409.1811107321655
19,5,1,250,BFGS,250.59243302676745
19,5,2,250,BFGS,314.0756215408836
19,5,3,250,BFGS,218.55648911123765
19,5,4,250,BFGS,137.74166235464747
19,5,5,250,BFGS,162.39875555967933
19,5,6,250,BFGS,180.35369399403504
19,5,7,250,BFGS,186.85173895338647
19,5,8,250,BFGS,168.93996496739743
19,5,9,250,BFGS,229.04503308462046
19,5,10,250,BFGS,142.28973449798454
19,5,11,250,BFGS,149.64021146569974
19,5,12,250,BFGS,205.32589992359195
19,5,13,250,BFGS,184.68241596952734
19,5,14,250,BFGS,256.71356330248
19,5,15,250,BFGS,264.8868601338248
19,5,16,250,BFGS,131.16903998481766
19,5,17,250,BFGS,204.45678645295703
19,5,18,250,BFGS,203.14495251181833
19,5,19,250,BFGS,136.79796717880035
19,6,0,250,BFGS,281.3095724177028
19,6,1,250,BFGS,302.585192736227
19,6,2,250,BFGS,255.76089781492067
19,6,3,250,BFGS,248.9121611738004
19,6,4,250,BFGS,149.16173279531782
19,6,5,250,BFGS,374.8614321058887
19,6,6,250,BFGS,190.46305812220893
19,6,7,250,BFGS,216.11434215942165
19,6,8,250,BFGS,356.7263547717412
19,6,9,250,BFGS,212.8575860942384
19,6,10,250,BFGS,223.41174418420925
19,6,11,250,BFGS,511.7219784549991
19,6,12,250,BFGS,348.5749996164916
19,6,13,250,BFGS,197.8202829714213
19,6,14,250,BFGS,329.1654109788075
19,6,15,250,BFGS,290.0668545184826
19,6,16,250,BFGS,357.78756567071895
19,6,17,250,BFGS,334.54921132332754
19,6,18,250,BFGS,413.04099795130713
19,6,19,250,BFGS,238.37754992328138
19,7,0,250,BFGS,182.243542837219
19,7,1,250,BFGS,488.92654654731615
19,7,2,250,BFGS,313.8702277931054
19,7,3,250,BFGS,289.6796108708187
19,7,4,250,BFGS,193.18165489730444
19,7,5,250,BFGS,271.5968650248949
19,7,6,250,BFGS,246.76240761361194
19,7,7,250,BFGS,253.54360845287943
19,7,8,250,BFGS,207.1525088180171
19,7,9,250,BFGS,225.06154035335675
19,7,10,250,BFGS,204.13044973784727
19,7,11,250,BFGS,269.4265664295675
19,7,12,250,BFGS,313.242197905686
19,7,13,250,BFGS,167.84944317283
19,7,14,250,BFGS,250.3910251949799
19,7,15,250,BFGS,154.27301711994463
19,7,16,250,BFGS,325.7682384473271
19,7,17,250,BFGS,402.44735985487483
19,7,18,250,BFGS,261.87072869172954
19,7,19,250,BFGS,152.9804367514437
20,1,0,250,BFGS,521.0202588225352
20,1,1,250,BFGS,467.47166819062903
20,1,2,250,BFGS,629.9708020675682
20,1,3,250,BFGS,381.3949547935432
20,1,4,250,BFGS,345.9185065045674
20,1,5,250,BFGS,232.470391030311
20,1,6,250,BFGS,294.3849097720718
20,1,7,250,BFGS,455.44421466769927
20,1,8,250,BFGS,433.7441243905596
20,1,9,250,BFGS,278.7957339849047
20,1,10,250,BFGS,481.9681154406404
20,1,11,250,BFGS,313.6794220740765
20,1,12,250,BFGS,369.61753519377464
20,1,13,250,BFGS,426.659252532937
20,1,14,250,BFGS,365.32560592864104
20,1,15,250,BFGS,340.90764519591687
20,1,16,250,BFGS,520.5132532054167
20,1,17,250,BFGS,469.4666535375628
20,1,18,250,BFGS,864.7565709876246
20,1,19,250,BFGS,471.553229422012
20,2,0,250,BFGS,1400.144757357497
20,2,1,250,BFGS,595.019824309272
20,2,2,250,BFGS,524.7825775617677
20,2,3,250,BFGS,379.2370528454668
20,2,4,250,BFGS,564.2623373748828
20,2,5,250,BFGS,313.72112645139634
20,2,6,250,BFGS,313.8023183544984
20,2,7,250,BFGS,504.45543976439103
20,2,8,250,BFGS,382.960180243418
20,2,9,250,BFGS,1213.5242832460483
20,2,10,250,BFGS,617.3087862938435
20,2,11,250,BFGS,515.1322951377149
20,2,12,250,BFGS,538.0411772481646
20,2,13,250,BFGS,465.6520033650825
20,2,14,250,BFGS,441.91897653791125
20,2,15,250,BFGS,446.53139664930325
20,2,16,250,BFGS,327.00822536123985
20,2,17,250,BFGS,454.1363587454885
20,2,18,250,BFGS,498.4929168908765
20,2,19,250,BFGS,436.3841902216833
20,3,0,250,BFGS,605.9821906471603
20,3,1,250,BFGS,190.1819097101965
20,3,2,250,BFGS,698.5272888919511
20,3,3,250,BFGS,645.4744019381785
20,3,4,250,BFGS,516.6105843551262
20,3,5,250,BFGS,591.0881886073545
20,3,6,250,BFGS,664.1748373685704
20,3,7,250,BFGS,893.4813389362512
20,3,8,250,BFGS,513.740342409216
20,3,9,250,BFGS,661.6743486687359
20,3,10,250,BFGS,464.47332659179176
20,3,11,250,BFGS,530.7021060201826
20,3,12,250,BFGS,423.93016300189703
20,3,13,250,BFGS,638.0565672216636
20,3,14,250,BFGS,1164.6392818680401
20,3,15,250,BFGS,319.98875205432216
20,3,16,250,BFGS,284.3071273232853
20,3,17,250,BFGS,350.4225321462542
20,3,18,250,BFGS,376.54553487764844
20,3,19,250,BFGS,485.38136899348564
20,4,0,250,BFGS,1078.4842789948038
20,4,1,250,BFGS,738.9131328017068
20,4,2,250,BFGS,386.4787732129925
20,4,3,250,BFGS,382.20228213551525
20,4,4,250,BFGS,503.92200977832346
20,4,5,250,BFGS,487.29970727416844
20,4,6,250,BFGS,356.687658999846
20,4,7,250,BFGS,579.0284147099717
20,4,8,250,BFGS,410.6799698509558
20,4,9,250,BFGS,353.07632475559075
20,4,10,250,BFGS,541.08189043321
20,4,11,250,BFGS,589.0273179339549
20,4,12,250,BFGS,495.273721392933
20,4,13,250,BFGS,469.35053699560524
20,4,14,250,BFGS,865.6681249447847
20,4,15,250,BFGS,800.9574910314407
20,4,16,250,BFGS,590.3377594170727
20,4,17,250,BFGS,309.32571861561377
20,4,18,250,BFGS,475.79553953437534
20,4,19,250,BFGS,628.3888645600355
20,5,0,250,BFGS,455.38208005549035
20,5,1,250,BFGS,248.14568925791158
20,5,2,250,BFGS,362.98098480137435
20,5,3,250,BFGS,280.2266330921782
20,5,4,250,BFGS,456.87845860982577
20,5,5,250,BFGS,343.25310653728525
20,5,6,250,BFGS,380.553298203853
20,5,7,250,BFGS,496.4615718230276
20,5,8,250,BFGS,368.5262913580591
20,5,9,250,BFGS,206.69048428050183
20,5,10,250,BFGS,283.1472727216469
20,5,11,250,BFGS,449.32924526070644
20,5,12,250,BFGS,446.9451968116741
20,5,13,250,BFGS,911.1081430374845
20,5,14,250,BFGS,490.22827396537116
20,5,15,250,BFGS,365.308008566082
20,5,16,250,BFGS,300.66591835529744
20,5,17,250,BFGS,340.3181253174404
20,5,18,250,BFGS,421.2459057052883
20,5,19,250,BFGS,259.80058425047355
20,6,0,250,BFGS,1737.4303235837256
20,6,1,250,BFGS,470.3578826700784
20,6,2,250,BFGS,522.4124521604509
20,6,3,250,BFGS,613.3152928879973
20,6,4,250,BFGS,583.5920342844504
20,6,5,250,BFGS,660.193996624424
20,6,6,250,BFGS,801.0690211254732
20,6,7,250,BFGS,388.7952849246265
20,6,8,250,BFGS,685.7437484624597
20,6,9,250,BFGS,397.1910281896917
20,6,10,250,BFGS,504.9672527937654
20,6,11,250,BFGS,425.93464117369734
20,6,12,250,BFGS,402.9235353091648
20,6,13,250,BFGS,453.20679507524386
20,6,14,250,BFGS,536.4528200909199
20,6,15,250,BFGS,312.0581623198826
20,6,16,250,BFGS,352.8924897557183
20,6,17,250,BFGS,466.5499801248027
20,6,18,250,BFGS,637.49689301838
20,6,19,250,BFGS,1307.9063645764118
20,7,0,250,BFGS,282.59685431768105
20,7,1,250,BFGS,314.1668064204801
20,7,2,250,BFGS,376.4119205139602
20,7,3,250,BFGS,473.8342669727286
20,7,4,250,BFGS,725.6709953651117
20,7,5,250,BFGS,904.3519066704846
20,7,6,250,BFGS,282.2136761227616
20,7,7,250,BFGS,448.22337720748976
20,7,8,250,BFGS,431.1458111797392
20,7,9,250,BFGS,249.2528666967994
20,7,10,250,BFGS,956.3254543479012
20,7,11,250,BFGS,386.52131943719155
20,7,12,250,BFGS,277.4990214122131
20,7,13,250,BFGS,312.55116645902007
20,7,14,250,BFGS,1663.9635464574203
20,7,15,250,BFGS,366.0975055559815
20,7,16,250,BFGS,329.68639790835715
20,7,17,250,BFGS,679.908127291244
20,7,18,250,BFGS,532.052542684386
20,7,19,250,BFGS,718.0893755127233
21,1,0,250,BFGS,425.614553387081
21,1,1,250,BFGS,331.86635194946325
21,1,2,250,BFGS,308.5902457334885
21,1,3,250,BFGS,162.44286391307799
21,1,4,250,BFGS,221.67255686470335
21,1,5,250,BFGS,145.0377332133719
21,1,6,250,BFGS,169.85526988004884
21,1,7,250,BFGS,175.61424192142348
21,1,8,250,BFGS,255.16958764919255
21,1,9,250,BFGS,106.45702780090198
21,1,10,250,BFGS,160.14241634915592
21,1,11,250,BFGS,149.87395210742812
21,1,12,250,BFGS,100.41952902910487
21,1,13,250,BFGS,131.839024263662
21,1,14,250,BFGS,177.5982423835828
21,1,15,250,BFGS,153.0419324693057
21,1,16,250,BFGS,130.36210350039374
21,1,17,250,BFGS,204.7565504599788
21,1,18,250,BFGS,204.68583344286003
21,1,19,250,BFGS,154.52679178472945
21,2,0,250,BFGS,313.1039477513142
21,2,1,250,BFGS,115.10722647290882
21,2,2,250,BFGS,232.51774013179335
21,2,3,250,BFGS,391.68674423187645
21,2,4,250,BFGS,356.5026058113618
21,2,5,250,BFGS,432.16062212837136
21,2,6,250,BFGS,538.9513404580304
21,2,7,250,BFGS,192.2091967469258
21,2,8,250,BFGS,174.01635313899882
21,2,9,250,BFGS,142.90178435856598
21,2,10,250,BFGS,263.51659233120273
21,2,11,250,BFGS,195.5231728499701
21,2,12,250,BFGS,305.9661722824112
21,2,13,250,BFGS,441.8639308256381
21,2,14,250,BFGS,256.07910471845184
21,2,15,250,BFGS,342.48576849005906
21,2,16,250,BFGS,179.34362166262002
21,2,17,250,BFGS,211.17772695339477
21,2,18,250,BFGS,342.14743508211086
21,2,19,250,BFGS,178.8050616414246
21,3,0,250,BFGS,153.06431760633933
21,3,1,250,BFGS,114.15265304488038
21,3,2,250,BFGS,209.91402037610428
21,3,3,250,BFGS,237.5049906682516
21,3,4,250,BFGS,236.45462857994582
21,3,5,250,BFGS,180.9162489047111
21,3,6,250,BFGS,169.36703102929948
21,3,7,250,BFGS,268.6257993957659
21,3,8,250,BFGS,211.19035741288664
21,3,9,250,BFGS,354.76320054121277
21,3,10,250,BFGS,130.90192464151195
21,3,11,250,BFGS,395.9264390960308
21,3,12,250,BFGS,426.15473719188293
21,3,13,250,BFGS,111.00807013876583
21,3,14,250,BFGS,287.2494999920536
21,3,15,250,BFGS,231.41674696721807
21,3,16,250,BFGS,1413.857703410346
21,3,17,250,BFGS,196.7718734978303
21,3,18,250,BFGS,410.9496974584466
21,3,19,250,BFGS,172.2017543358878
21,4,0,250,BFGS,986.745693974804
21,4,1,250,BFGS,778.5604948783101
21,4,2,250,BFGS,349.4404578711596
21,4,3,250,BFGS,647.2880024393994
21,4,4,250,BFGS,290.7846948048864
21,4,5,250,BFGS,371.733484282574
21,4,6,250,BFGS,748.6501345258922
21,4,7,250,BFGS,593.819390133271
21,4,8,250,BFGS,416.45118838699614
21,4,9,250,BFGS,585.3663984905113
21,4,10,250,BFGS,847.2133104508296
21,4,11,250,BFGS,468.93470749380714
21,4,12,250,BFGS,512.3179231804805
21,4,13,250,BFGS,422.6612980456733
21,4,14,250,BFGS,132.6161459274449
21,4,15,250,BFGS,759.0606209615003
21,4,16,250,BFGS,307.26333543414586
21,4,17,250,BFGS,376.19436585096383
21,4,18,250,BFGS,954.1163915215755
21,4,19,250,BFGS,245.29451180806467
21,5,0,250,BFGS,497.6779602151443
21,5,1,250,BFGS,773.3017383224715
21,5,2,250,BFGS,331.111383679987
21,5,3,250,BFGS,288.9142200632731
21,5,4,250,BFGS,280.4406664022729
21,5,5,250,BFGS,405.203226727816
21,5,6,250,BFGS,273.4585611567146
21,5,7,250,BFGS,196.8985620998005
21,5,8,250,BFGS,487.1067142947623
21,5,9,250,BFGS,282.0627579724905
21,5,10,250,BFGS,990.2292739600848
21,5,11,250,BFGS,220.8950017782594
21,5,12,250,BFGS,1269.098777919512
21,5,13,250,BFGS,258.79145837320544
21,5,14,250,BFGS,807.1660560875366
21,5,15,250,BFGS,503.3186885066377
21,5,16,250,BFGS,502.4808159227665
21,5,17,250,BFGS,462.2962268424975
21,5,18,250,BFGS,590.7629876810374
21,5,19,250,BFGS,224.66531647596628
21,6,0,250,BFGS,297.5882999427607
21,6,1,250,BFGS,236.48790263211947
21,6,2,250,BFGS,189.2782988254427
21,6,3,250,BFGS,224.0662311980112
21,6,4,250,BFGS,105.06357912248784
21,6,5,250,BFGS,348.36129771706567
21,6,6,250,BFGS,236.98119603343204
21,6,7,250,BFGS,106.5107862246014
21,6,8,250,BFGS,196.11797015816444
21,6,9,250,BFGS,275.6461570108882
21,6,10,250,BFGS,119.5760866699273
21,6,11,250,BFGS,244.38412723316364
21,6,12,250,BFGS,383.4786947507859
21,6,13,250,BFGS,224.63949202483997
21,6,14,250,BFGS,428.17046622389245
21,6,15,250,BFGS,271.886378383881
21,6,16,250,BFGS,155.17448898716083
21,6,17,250,BFGS,354.05502225988243
21,6,18,250,BFGS,271.5015258211339
21,6,19,250,BFGS,346.7760289883536
21,7,0,250,BFGS,640.5932332215858
21,7,1,250,BFGS,392.70648192991393
21,7,2,250,BFGS,576.8705597740458
21,7,3,250,BFGS,243.5463927362524
21,7,4,250,BFGS,266.95803895367385
21,7,5,250,BFGS,247.34314897426756
21,7,6,250,BFGS,256.3273958711713
21,7,7,250,BFGS,253.7498146218708
21,7,8,250,BFGS,316.0300949012251
21,7,9,250,BFGS,261.28115500015673
21,7,10,250,BFGS,1471.8741820747414
21,7,11,250,BFGS,186.9744606147194
21,7,12,250,BFGS,580.2904015193195
21,7,13,250,BFGS,285.15088572576866
21,7,14,250,BFGS,330.5895519584781
21,7,15,250,BFGS,211.6789917040868
21,7,16,250,BFGS,463.93738426690845
21,7,17,250,BFGS,391.54609963447075
21,7,18,250,BFGS,575.7914278713861
21,7,19,250,BFGS,228.7607776955229
22,1,0,250,BFGS,406.3102249677572
22,1,1,250,BFGS,322.967195142052
22,1,2,250,BFGS,324.6000114799469
22,1,3,250,BFGS,261.1288056751131
22,1,4,250,BFGS,218.184481163109
22,1,5,250,BFGS,332.0495074566706
22,1,6,250,BFGS,225.42291043094974
22,1,7,250,BFGS,346.87822949351823
22,1,8,250,BFGS,215.8812523619845
22,1,9,250,BFGS,250.06994754476705
22,1,10,250,BFGS,256.2713135154961
22,1,11,250,BFGS,172.63887730363
22,1,12,250,BFGS,244.70690536158986
22,1,13,250,BFGS,203.97377152022656
22,1,14,250,BFGS,308.01425434296715
22,1,15,250,BFGS,304.71905629903296
22,1,16,250,BFGS,164.60638092086745
22,1,17,250,BFGS,287.5755928044027
22,1,18,250,BFGS,201.21469830114623
22,1,19,250,BFGS,251.34483687418577
22,2,0,250,BFGS,228.87222029926843
22,2,1,250,BFGS,260.71879903712215
22,2,2,250,BFGS,195.32551491859311
22,2,3,250,BFGS,217.2326251420742
22,2,4,250,BFGS,158.1693276380791
22,2,5,250,BFGS,174.0932606901615
22,2,6,250,BFGS,197.86909346758088
22,2,7,250,BFGS,222.71871747234064
22,2,8,250,BFGS,492.89956141064954
22,2,9,250,BFGS,211.10920615035047
22,2,10,250,BFGS,141.1103349035088
22,2,11,250,BFGS,187.4542282885013
22,2,12,250,BFGS,489.72283430073935
22,2,13,250,BFGS,383.16664342354784
22,2,14,250,BFGS,283.5307447030973
22,2,15,250,BFGS,279.58594821740445
22,2,16,250,BFGS,188.18506404249118
22,2,17,250,BFGS,146.05758381702705
22,2,18,250,BFGS,164.0734866274537
22,2,19,250,BFGS,172.52786351638414
22,3,0,250,BFGS,159.66784338579563
22,3,1,250,BFGS,155.92395250339325
22,3,2,250,BFGS,165.4424821677431
22,3,3,250,BFGS,192.95996799201976
22,3,4,250,BFGS,196.9029138672255
22,3,5,250,BFGS,150.90553517664907
22,3,6,250,BFGS,225.397771882929
22,3,7,250,BFGS,258.7558414376809
22,3,8,250,BFGS,271.7507923143277
22,3,9,250,BFGS,240.65008573396466
22,3,10,250,BFGS,210.11049694520224
22,3,11,250,BFGS,264.4050869185416
22,3,12,250,BFGS,164.27136945747006
22,3,13,250,BFGS,241.8227739144327
22,3,14,250,BFGS,429.9201844518723
22,3,15,250,BFGS,219.8592322846596
22,3,16,250,BFGS,180.16400454611312
22,3,17,250,BFGS,192.20175176871882
22,3,18,250,BFGS,261.8222684210567
22,3,19,250,BFGS,194.39808820155812
22,4,0,250,BFGS,184.0732630428993
22,4,1,250,BFGS,233.27910806102867
22,4,2,250,BFGS,277.16609921104936
22,4,3,250,BFGS,230.50492126727525
22,4,4,250,BFGS,157.99593206450749
22,4,5,250,BFGS,258.9946213445799
22,4,6,250,BFGS,121.03988087078048
22,4,7,250,BFGS,211.31438099650782
22,4,8,250,BFGS,215.05885996095736
22,4,9,250,BFGS,290.6177002216955
22,4,10,250,BFGS,199.69662691581942
22,4,11,250,BFGS,213.67281233918558
22,4,12,250,BFGS,215.10913706402567
22,4,13,250,BFGS,167.99819597436317
22,4,14,250,BFGS,262.7519025423085
22,4,15,250,BFGS,187.98327291460964
22,4,16,250,BFGS,207.55478949968438
22,4,17,250,BFGS,223.66738656130474
22,4,18,250,BFGS,202.59972786794899
22,4,19,250,BFGS,186.59019213719716
22,5,0,250,BFGS,267.67896955759466
22,5,1,250,BFGS,152.54579102524596
22,5,2,250,BFGS,193.1621653261535
22,5,3,250,BFGS,281.7022373709896
22,5,4,250,BFGS,197.38734561303093
22,5,5,250,BFGS,281.40127696945626
22,5,6,250,BFGS,276.1758786303749
22,5,7,250,BFGS,267.16491036005846
22,5,8,250,BFGS,315.45978166535565
22,5,9,250,BFGS,186.28180982193751
22,5,10,250,BFGS,195.85054924913678
22,5,11,250,BFGS,218.7721122967806
22,5,12,250,BFGS,240.46902160065417
22,5,13,250,BFGS,201.59442261645384
22,5,14,250,BFGS,231.73115235496164
22,5,15,250,BFGS,177.86651023534426
22,5,16,250,BFGS,183.56424975661446
22,5,17,250,BFGS,273.8929692614741
22,5,18,250,BFGS,389.67723602769763
22,5,19,250,BFGS,228.32025858379717
22,6,0,250,BFGS,380.31266489561904
22,6,1,250,BFGS,180.36516208597928
22,6,2,250,BFGS,201.61992043538092
22,6,3,250,BFGS,421.0481519316356
22,6,4,250,BFGS,348.05169691190827
22,6,5,250,BFGS,247.65526168400118
22,6,6,250,BFGS,270.3130046779215
22,6,7,250,BFGS,257.14679821279503
22,6,8,250,BFGS,416.1139352477229
22,6,9,250,BFGS,255.77308859312038
22,6,10,250,BFGS,203.75350966902505
22,6,11,250,BFGS,340.0272955081594
22,6,12,250,BFGS,216.171066438782
22,6,13,250,BFGS,447.3969694691821
22,6,14,250,BFGS,291.5398003781299
22,6,15,250,BFGS,226.5362377124036
22,6,16,250,BFGS,179.06888574644702
22,6,17,250,BFGS,182.32407981651892
22,6,18,250,BFGS,151.96373677476566
22,6,19,250,BFGS,277.4140568220223
22,7,0,250,BFGS,213.5240173204432
22,7,1,250,BFGS,168.20784260793337
22,7,2,250,BFGS,204.74379584047486
22,7,3,250,BFGS,239.11383971713403
22,7,4,250,BFGS,241.6518290290981
22,7,5,250,BFGS,209.8839135626741
22,7,6,250,BFGS,196.0157531299226
22,7,7,250,BFGS,196.76912134414454
22,7,8,250,BFGS,275.9072016838006
22,7,9,250,BFGS,257.87619801199685
22,7,10,250,BFGS,220.73102827766218
22,7,11,250,BFGS,192.79189427715113
22,7,12,250,BFGS,332.94881988112877
22,7,13,250,BFGS,313.28713761754574
22,7,14,250,BFGS,262.55229374248444
22,7,15,250,BFGS,227.67137376587232
22,7,16,250,BFGS,271.2614282989355
22,7,17,250,BFGS,201.90861749373371
22,7,18,250,BFGS,160.72888001877124
22,7,19,250,BFGS,292.6735273735035
23,1,0,250,BFGS,244.95546172654025
23,1,1,250,BFGS,300.7941118650485
23,1,2,250,BFGS,191.858247956542
23,1,3,250,BFGS,573.2956470419281
23,1,4,250,BFGS,350.37414490682784
23,1,5,250,BFGS,284.4946536444693
23,1,6,250,BFGS,320.825208376316
23,1,7,250,BFGS,447.8267273031327
23,1,8,250,BFGS,335.94397030120064
23,1,9,250,BFGS,468.7144624812975
23,1,10,250,BFGS,386.6475000786359
23,1,11,250,BFGS,379.635487599097
23,1,12,250,BFGS,290.9146260196146
23,1,13,250,BFGS,259.88184478804897
23,1,14,250,BFGS,479.21932953144716
23,1,15,250,BFGS,376.6130426528605
23,1,16,250,BFGS,601.1021398170437
23,1,17,250,BFGS,285.1906780061222
23,1,18,250,BFGS,328.37829288017207
23,1,19,250,BFGS,322.1943580801249
23,2,0,250,BFGS,182.23381931618783
23,2,1,250,BFGS,354.5930315663491
23,2,2,250,BFGS,183.99657683387707
23,2,3,250,BFGS,220.2301846969202
23,2,4,250,BFGS,259.6142694546427
23,2,5,250,BFGS,207.6355531059013
23,2,6,250,BFGS,157.4237729074952
23,2,7,250,BFGS,211.79047105533414
23,2,8,250,BFGS,132.03729712740872
23,2,9,250,BFGS,351.08359580261833
23,2,10,250,BFGS,228.60136816120396
23,2,11,250,BFGS,210.37020517153715
23,2,12,250,BFGS,361.2616567968851
23,2,13,250,BFGS,173.66795844859536
23,2,14,250,BFGS,434.27071085064495
23,2,15,250,BFGS,394.3517591356524
23,2,16,250,BFGS,217.86485748521918
23,2,17,250,BFGS,192.78666719717742
23,2,18,250,BFGS,162.69946678313926
23,2,19,250,BFGS,199.6302922560833
23,3,0,250,BFGS,325.88374814248135
23,3,1,250,BFGS,290.22736721898497
23,3,2,250,BFGS,504.9605948557479
23,3,3,250,BFGS,484.4691603616797
23,3,4,250,BFGS,223.2323717532139
23,3,5,250,BFGS,339.015000879201
23,3,6,250,BFGS,359.09656546101536
23,3,7,250,BFGS,206.7369289151249
23,3,8,250,BFGS,357.0198241261742
23,3,9,250,BFGS,287.1806037249025
23,3,10,250,BFGS,118.78099268096459
23,3,11,250,BFGS,312.25941879324347
23,3,12,250,BFGS,332.41543901510556
23,3,13,250,BFGS,210.29670149316038
23,3,14,250,BFGS,533.2116380638536
23,3,15,250,BFGS,195.51977075394876
23,3,16,250,BFGS,300.91035808331554
23,3,17,250,BFGS,281.99788641255594
23,3,18,250,BFGS,685.1086453750675
23,3,19,250,BFGS,264.89846588163164
23,4,0,250,BFGS,268.8094283363714
23,4,1,250,BFGS,147.31868068128355
23,4,2,250,BFGS,304.2892006245518
23,4,3,250,BFGS,382.4391488174791
23,4,4,250,BFGS,150.34524531295278
23,4,5,250,BFGS,240.16543351826274
23,4,6,250,BFGS,166.06802252865714
23,4,7,250,BFGS,268.1291425323109
23,4,8,250,BFGS,283.6113716183601
23,4,9,250,BFGS,134.24882732073527
23,4,10,250,BFGS,140.3175543367037
23,4,11,250,BFGS,242.9902793742477
23,4,12,250,BFGS,298.8309221084655
23,4,13,250,BFGS,194.9931035998642
23,4,14,250,BFGS,169.83551428329775
23,4,15,250,BFGS,155.51810386410037
23,4,16,250,BFGS,150.03501462531378
23,4,17,250,BFGS,127.62391423056121
23,4,18,250,BFGS,168.18923147228986
23,4,19,250,BFGS,228.36112290758518
23,5,0,250,BFGS,420.26430899160664
23,5,1,250,BFGS,242.06405680779903
23,5,2,250,BFGS,375.32122081234394
23,5,3,250,BFGS,191.64982031411373
23,5,4,250,BFGS,312.8096982734218
23,5,5,250,BFGS,380.6408486906472
23,5,6,250,BFGS,235.38446670532127
23,5,7,250,BFGS,251.3471659362143
23,5,8,250,BFGS,352.02056525858126
23,5,9,250,BFGS,342.5878006967179
23,5,10,250,BFGS,290.40646024903987
23,5,11,250,BFGS,236.05584639714414
23,5,12,250,BFGS,375.7179463291426
23,5,13,250,BFGS,401.85687491796756
23,5,14,250,BFGS,334.6658026441045
23,5,15,250,BFGS,231.3940203510571
23,5,16,250,BFGS,188.2970578916863
23,5,17,250,BFGS,278.26723894356115
23,5,18,250,BFGS,180.68055870076526
23,5,19,250,BFGS,413.5491586300226
23,6,0,250,BFGS,282.4332972128165
23,6,1,250,BFGS,294.98057678287944
23,6,2,250,BFGS,478.7165175677495
23,6,3,250,BFGS,259.79596725300263
23,6,4,250,BFGS,224.00131883581324
23,6,5,250,BFGS,204.61620266205082
23,6,6,250,BFGS,702.2969442423018
23,6,7,250,BFGS,357.8824255607635
23,6,8,250,BFGS,382.966086580328
23,6,9,250,BFGS,319.207788258017
23,6,10,250,BFGS,359.2534127095361
23,6,11,250,BFGS,336.6859199074352
23,6,12,250,BFGS,391.36620362831223
23,6,13,250,BFGS,229.57372218834283
23,6,14,250,BFGS,252.28659629747978
23,6,15,250,BFGS,507.843153332818
23,6,16,250,BFGS,287.9516757177497
23,6,17,250,BFGS,338.09320158641367
23,6,18,250,BFGS,207.30302365882895
23,6,19,250,BFGS,339.9275899604226
23,7,0,250,BFGS,318.37110116305627
23,7,1,250,BFGS,232.63869891906626
23,7,2,250,BFGS,324.8371479871932
23,7,3,250,BFGS,319.0361590403144
23,7,4,250,BFGS,236.85085694670045
23,7,5,250,BFGS,335.86159213826636
23,7,6,250,BFGS,223.49448322693166
23,7,7,250,BFGS,372.01992261032314
23,7,8,250,BFGS,594.7561703424112
23,7,9,250,BFGS,317.45639879470565
23,7,10,250,BFGS,418.5671363715453
23,7,11,250,BFGS,432.5157688838115
23,7,12,250,BFGS,219.77353162847788
23,7,13,250,BFGS,374.4944740679104
23,7,14,250,BFGS,425.0388227745501
23,7,15,250,BFGS,233.5430384351048
23,7,16,250,BFGS,865.6676716850424
23,7,17,250,BFGS,272.0276637795582
23,7,18,250,BFGS,335.4784022131609
23,7,19,250,BFGS,264.63517741946777
24,1,0,250,BFGS,97.09573987376268
24,1,1,250,BFGS,195.54384538756963
24,1,2,250,BFGS,105.22899732526085
24,1,3,250,BFGS,223.3927149698741
24,1,4,250,BFGS,127.91338128100186
24,1,5,250,BFGS,52.49220000501199
24,1,6,250,BFGS,80.64271900987632
24,1,7,250,BFGS,161.8490318673312
24,1,8,250,BFGS,68.96909504276975
24,1,9,250,BFGS,61.550917121108
24,1,10,250,BFGS,180.06381807469407
24,1,11,250,BFGS,173.8092239139626
24,1,12,250,BFGS,79.0067354995046
24,1,13,250,BFGS,31.10211207397083
24,1,14,250,BFGS,64.33704783788122
24,1,15,250,BFGS,51.66402264901762
24,1,16,250,BFGS,120.48839779201751
24,1,17,250,BFGS,49.79604335709198
24,1,18,250,BFGS,112.64609967050242
24,1,19,250,BFGS,115.9170576729259
24,2,0,250,BFGS,271.1087357146544
24,2,1,250,BFGS,233.61143070962785
24,2,2,250,BFGS,167.51391554726462
24,2,3,250,BFGS,183.354731638229
24,2,4,250,BFGS,71.45536983675898
24,2,5,250,BFGS,1614.163564467974
24,2,6,250,BFGS,98.75026056837044
24,2,7,250,BFGS,103.07574322396424
24,2,8,250,BFGS,207.5625871361848
24,2,9,250,BFGS,110.51615985539352
24,2,10,250,BFGS,43.83565032373258
24,2,11,250,BFGS,52.638309735648015
24,2,12,250,BFGS,146.4083276418551
24,2,13,250,BFGS,321.85813833187785
24,2,14,250,BFGS,260.3643831377929
24,2,15,250,BFGS,158.95527672751402
24,2,16,250,BFGS,54.77061716341174
24,2,17,250,BFGS,100.8112395525649
24,2,18,250,BFGS,90.12927565776698
24,2,19,250,BFGS,152.50454739270373
24,3,0,250,BFGS,66.73003187631886
24,3,1,250,BFGS,25.06906340561717
24,3,2,250,BFGS,51.426773046647
24,3,3,250,BFGS,38.44974756960356
24,3,4,250,BFGS,26.997339394189982
24,3,5,250,BFGS,28.87531844218207
24,3,6,250,BFGS,151.16434292075064
24,3,7,250,BFGS,34.460442599522544
24,3,8,250,BFGS,38.364233379184164
24,3,9,250,BFGS,58.22671314560753
24,3,10,250,BFGS,28.005939569216906
24,3,11,250,BFGS,31.545141236723225
24,3,12,250,BFGS,67.62327595167704
24,3,13,250,BFGS,59.13290973631626
24,3,14,250,BFGS,52.07313173569918
24,3,15,250,BFGS,44.36616179239182
24,3,16,250,BFGS,99.89974058513312
24,3,17,250,BFGS,88.94052454904919
24,3,18,250,BFGS,120.24391609551046
24,3,19,250,BFGS,24.96941737996659
24,4,0,250,BFGS,210.74501295390542
24,4,1,250,BFGS,263.1740060959094
24,4,2,250,BFGS,410.3949888271079
24,4,3,250,BFGS,324.8511548347441
24,4,4,250,BFGS,136.06583880401288
24,4,5,250,BFGS,254.29275337276042
24,4,6,250,BFGS,190.85098287894283
24,4,7,250,BFGS,193.88522245532056
24,4,8,250,BFGS,313.68570521744186
24,4,9,250,BFGS,176.4504308287296
24,4,10,250,BFGS,120.87407150515311
24,4,11,250,BFGS,233.92250253684932
24,4,12,250,BFGS,199.58696019869046
24,4,13,250,BFGS,134.16703004388285
24,4,14,250,BFGS,217.1585748178288
24,4,15,250,BFGS,112.49086179569544
24,4,16,250,BFGS,80.86905319331976
24,4,17,250,BFGS,283.7308791783079
24,4,18,250,BFGS,234.00573066650605
24,4,19,250,BFGS,192.56126881654473
24,5,0,250,BFGS,75.44804814602821
24,5,1,250,BFGS,158.47417274672802
24,5,2,250,BFGS,114.9669856188614
24,5,3,250,BFGS,37.239640709706286
24,5,4,250,BFGS,60.1025173900574
24,5,5,250,BFGS,331.16923358718617
24,5,6,250,BFGS,254.95199067883343
24,5,7,250,BFGS,140.6357460710471
24,5,8,250,BFGS,70.90045819431838
24,5,9,250,BFGS,66.00957279000352
24,5,10,250,BFGS,204.4378445059001
24,5,11,250,BFGS,180.6135671938206
24,5,12,250,BFGS,213.67093873300894
24,5,13,250,BFGS,185.09394002464688
24,5,14,250,BFGS,114.92901425274428
24,5,15,250,BFGS,173.3540496460745
24,5,16,250,BFGS,83.40605486270977
24,5,17,250,BFGS,88.55972273864545
24,5,18,250,BFGS,17.010160798846314
24,5,19,250,BFGS,31.767093472190194
24,6,0,250,BFGS,100.60198855330158
24,6,1,250,BFGS,52.77526773020848
24,6,2,250,BFGS,81.56868912870397
24,6,3,250,BFGS,56.45815307588582
24,6,4,250,BFGS,120.96568258082249
24,6,5,250,BFGS,91.37911347311379
24,6,6,250,BFGS,71.07319648401992
24,6,7,250,BFGS,226.2447598714607
24,6,8,250,BFGS,136.3511693735495
24,6,9,250,BFGS,138.68606567828192
24,6,10,250,BFGS,143.56417551831018
24,6,11,250,BFGS,50.059786532382674
24,6,12,250,BFGS,92.19281595308064
24,6,13,250,BFGS,56.6226275426356
24,6,14,250,BFGS,365.04578487231925
24,6,15,250,BFGS,64.40671763953094
24,6,16,250,BFGS,111.98249148313589
24,6,17,250,BFGS,70.46942205301009
24,6,18,250,BFGS,80.77594458823354
24,6,19,250,BFGS,57.92171850072796
24,7,0,250,BFGS,98.06813074780237
24,7,1,250,BFGS,88.02332924027527
24,7,2,250,BFGS,131.62857332479683
24,7,3,250,BFGS,136.80119991792213
24,7,4,250,BFGS,68.90247673171233
24,7,5,250,BFGS,124.33431668292978
24,7,6,250,BFGS,206.17932007083246
24,7,7,250,BFGS,148.30420327135687
24,7,8,250,BFGS,103.83795731579127
24,7,9,250,BFGS,232.99296520033084
24,7,10,250,BFGS,108.9973255077879
24,7,11,250,BFGS,176.52139434827484
24,7,12,250,BFGS,175.30793616055567
24,7,13,250,BFGS,118.83512999560016
24,7,14,250,BFGS,102.25181492212269
24,7,15,250,BFGS,119.55474187229626
24,7,16,250,BFGS,163.42744796069692
24,7,17,250,BFGS,158.1724832490668
24,7,18,250,BFGS,160.7318462368651
24,7,19,250,BFGS,82.62174461608686
