fid,iid,rep,a1_budget,algname,achieved_regret
1,1,0,450,PSO,6.939267242026912
1,1,1,450,PSO,0.02201938590411842
1,1,2,450,PSO,11.24493336007248
1,1,3,450,PSO,9.15541099746703
1,1,4,450,PSO,11.20761951988762
1,1,5,450,PSO,13.509609003400524
1,1,6,450,PSO,10.878674568137935
1,1,7,450,PSO,0.020696764515419134
1,1,8,450,PSO,12.70158377149934
1,1,9,450,PSO,9.692751168646424
1,1,10,450,PSO,10.730220798098344
1,1,11,450,PSO,11.499639303108747
1,1,12,450,PSO,12.979349865162868
1,1,13,450,PSO,10.065024581507
1,1,14,450,PSO,10.721700162695463
1,1,15,450,PSO,12.868238289586253
1,1,16,450,PSO,13.885659024745303
1,1,17,450,PSO,10.468820146796931
1,1,18,450,PSO,10.835240644883502
1,1,19,450,PSO,0.022548685623471246
1,2,0,450,PSO,10.296771669280039
1,2,1,450,PSO,10.228738840400124
1,2,2,450,PSO,14.110080691924926
1,2,3,450,PSO,12.07927968322249
1,2,4,450,PSO,9.58867972453114
1,2,5,450,PSO,13.68818821679926
1,2,6,450,PSO,11.816573336174013
1,2,7,450,PSO,13.507994837994396
1,2,8,450,PSO,11.034518480550014
1,2,9,450,PSO,9.07605856011438
1,2,10,450,PSO,13.46361468595388
1,2,11,450,PSO,13.856927897094367
1,2,12,450,PSO,10.599356374336656
1,2,13,450,PSO,8.966145790745697
1,2,14,450,PSO,10.825361602131075
1,2,15,450,PSO,16.8072318040691
1,2,16,450,PSO,13.059792318845947
1,2,17,450,PSO,11.60518077281281
1,2,18,450,PSO,9.001764619095495
1,2,19,450,PSO,14.507747546068414
1,3,0,450,PSO,12.491799436648042
1,3,1,450,PSO,10.905234399441431
1,3,2,450,PSO,12.971570512590944
1,3,3,450,PSO,11.194068765548602
1,3,4,450,PSO,11.742116420053454
1,3,5,450,PSO,13.980921699672056
1,3,6,450,PSO,12.459023395475356
1,3,7,450,PSO,10.713895714554623
1,3,8,450,PSO,12.016140135242349
1,3,9,450,PSO,14.939421600730174
1,3,10,450,PSO,14.496460225790752
1,3,11,450,PSO,11.287010556192582
1,3,12,450,PSO,12.272269896924147
1,3,13,450,PSO,13.447766043113129
1,3,14,450,PSO,11.766712862775101
1,3,15,450,PSO,13.808885304592387
1,3,16,450,PSO,11.013515057940486
1,3,17,450,PSO,12.351476575867572
1,3,18,450,PSO,0.01739712250706236
1,3,19,450,PSO,15.098787478469227
1,4,0,450,PSO,15.763335935278333
1,4,1,450,PSO,13.248234443861111
1,4,2,450,PSO,12.460047686520712
1,4,3,450,PSO,12.160297326687857
1,4,4,450,PSO,10.553098040530418
1,4,5,450,PSO,16.119588227900703
1,4,6,450,PSO,10.537561830659648
1,4,7,450,PSO,13.475208860892083
1,4,8,450,PSO,12.858850247609833
1,4,9,450,PSO,12.00491704090476
1,4,10,450,PSO,15.003084559638827
1,4,11,450,PSO,13.179562764161266
1,4,12,450,PSO,12.939232020723455
1,4,13,450,PSO,13.254777018678201
1,4,14,450,PSO,10.322112597940107
1,4,15,450,PSO,9.7739281313383
1,4,16,450,PSO,11.08111753108022
1,4,17,450,PSO,0.01993085999014235
1,4,18,450,PSO,10.711513525675665
1,4,19,450,PSO,12.745817803759882
1,5,0,450,PSO,15.098392110468385
1,5,1,450,PSO,12.290086927015475
1,5,2,450,PSO,13.31077734007593
1,5,3,450,PSO,11.515340119262518
1,5,4,450,PSO,10.669242274642087
1,5,5,450,PSO,13.240902237854455
1,5,6,450,PSO,11.736626116567654
1,5,7,450,PSO,11.392509218345188
1,5,8,450,PSO,15.540387627719442
1,5,9,450,PSO,13.101292516135624
1,5,10,450,PSO,11.65266585480988
1,5,11,450,PSO,14.100543089261322
1,5,12,450,PSO,10.869737629257726
1,5,13,450,PSO,12.290495429266894
1,5,14,450,PSO,14.8263614451361
1,5,15,450,PSO,13.656452520155396
1,5,16,450,PSO,14.830039687566588
1,5,17,450,PSO,10.601891109381583
1,5,18,450,PSO,13.513328654077954
1,5,19,450,PSO,10.964214937448109
1,6,0,450,PSO,11.606768119121345
1,6,1,450,PSO,14.317872223309504
1,6,2,450,PSO,0.023492410674630544
1,6,3,450,PSO,11.187631039079355
1,6,4,450,PSO,13.066842581755814
1,6,5,450,PSO,9.154968940569203
1,6,6,450,PSO,11.487133938742957
1,6,7,450,PSO,12.519429881459773
1,6,8,450,PSO,12.018287556259805
1,6,9,450,PSO,8.912139108653644
1,6,10,450,PSO,11.225718405656528
1,6,11,450,PSO,15.02224894793438
1,6,12,450,PSO,13.340257735597092
1,6,13,450,PSO,10.072514222653904
1,6,14,450,PSO,0.01890215641383383
1,6,15,450,PSO,11.795567067658329
1,6,16,450,PSO,10.53266411727007
1,6,17,450,PSO,11.718318150289775
1,6,18,450,PSO,12.447102022100102
1,6,19,450,PSO,7.457421227614208
1,7,0,450,PSO,11.2308507141971
1,7,1,450,PSO,11.914277533018723
1,7,2,450,PSO,14.951659574859363
1,7,3,450,PSO,9.961867913215071
1,7,4,450,PSO,9.281866346397138
1,7,5,450,PSO,11.643609542067264
1,7,6,450,PSO,8.884527378077577
1,7,7,450,PSO,0.021235306946229833
1,7,8,450,PSO,10.976476177617545
1,7,9,450,PSO,12.677705926758868
1,7,10,450,PSO,12.691477771073398
1,7,11,450,PSO,15.607975129460314
1,7,12,450,PSO,10.535618278733018
1,7,13,450,PSO,14.338440181615331
1,7,14,450,PSO,11.816442622027349
1,7,15,450,PSO,11.445248190577214
1,7,16,450,PSO,0.020776700562674742
1,7,17,450,PSO,10.638785823814322
1,7,18,450,PSO,12.080832239283739
1,7,19,450,PSO,12.885224207042839
2,1,0,450,PSO,6.952339993797904
2,1,1,450,PSO,8.865622471974715
2,1,2,450,PSO,8.203165568855397
2,1,3,450,PSO,6.582242830911314
2,1,4,450,PSO,7.328988270893734
2,1,5,450,PSO,7.318534342064778
2,1,6,450,PSO,5.770328728219493
2,1,7,450,PSO,6.716468446309113
2,1,8,450,PSO,8.394984021817647
2,1,9,450,PSO,6.8063638228422505
2,1,10,450,PSO,7.604391164790211
2,1,11,450,PSO,6.312187182730628
2,1,12,450,PSO,6.5691494136571
2,1,13,450,PSO,5.99351942058385
2,1,14,450,PSO,6.592741002484112
2,1,15,450,PSO,5.92740670261547
2,1,16,450,PSO,7.6767235550479835
2,1,17,450,PSO,8.366893387424744
2,1,18,450,PSO,5.757752924759643
2,1,19,450,PSO,8.704113187808726
2,2,0,450,PSO,7.329297220137904
2,2,1,450,PSO,5.693275103180418
2,2,2,450,PSO,6.888729202948001
2,2,3,450,PSO,6.0790767320302
2,2,4,450,PSO,9.750918518154903
2,2,5,450,PSO,6.6003542291648865
2,2,6,450,PSO,7.089043494043576
2,2,7,450,PSO,7.4033534731636355
2,2,8,450,PSO,8.365992418519783
2,2,9,450,PSO,8.548446121614587
2,2,10,450,PSO,6.936638853965624
2,2,11,450,PSO,9.28182283625367
2,2,12,450,PSO,6.228412511376119
2,2,13,450,PSO,4.93957258586476
2,2,14,450,PSO,6.922669303247064
2,2,15,450,PSO,7.190024129415041
2,2,16,450,PSO,10.066099930603402
2,2,17,450,PSO,5.8481330197905415
2,2,18,450,PSO,12.571531140292239
2,2,19,450,PSO,7.151755347001301
2,3,0,450,PSO,7.652112365720635
2,3,1,450,PSO,8.171591393532331
2,3,2,450,PSO,5.560815887862854
2,3,3,450,PSO,6.040831930627179
2,3,4,450,PSO,7.599595152720824
2,3,5,450,PSO,8.069771816815908
2,3,6,450,PSO,6.722304344264752
2,3,7,450,PSO,5.888231944810261
2,3,8,450,PSO,8.159103441806478
2,3,9,450,PSO,6.835649397790725
2,3,10,450,PSO,9.755575993043742
2,3,11,450,PSO,6.438721075873892
2,3,12,450,PSO,7.870022941279696
2,3,13,450,PSO,7.372846739649019
2,3,14,450,PSO,8.052673724718105
2,3,15,450,PSO,7.116890088039138
2,3,16,450,PSO,8.063451863519884
2,3,17,450,PSO,7.971056625410899
2,3,18,450,PSO,7.7023035439678935
2,3,19,450,PSO,8.66863307837957
2,4,0,450,PSO,6.094203423886882
2,4,1,450,PSO,7.548216769397989
2,4,2,450,PSO,6.045713481826714
2,4,3,450,PSO,24.263420712466143
2,4,4,450,PSO,7.420246961865777
2,4,5,450,PSO,6.6880033298193
2,4,6,450,PSO,7.850631309797976
2,4,7,450,PSO,9.669195278068958
2,4,8,450,PSO,9.076571753315275
2,4,9,450,PSO,6.665398873449371
2,4,10,450,PSO,6.1391791935372115
2,4,11,450,PSO,7.676708523338031
2,4,12,450,PSO,7.423692137600539
2,4,13,450,PSO,7.419844943794175
2,4,14,450,PSO,6.280350056315764
2,4,15,450,PSO,8.738016091016046
2,4,16,450,PSO,11.807958555614494
2,4,17,450,PSO,7.475464077091902
2,4,18,450,PSO,7.636971856469277
2,4,19,450,PSO,12.508823510377015
2,5,0,450,PSO,8.572855748251298
2,5,1,450,PSO,6.814774282781367
2,5,2,450,PSO,6.3019324671817385
2,5,3,450,PSO,7.500042068781741
2,5,4,450,PSO,8.320094634524969
2,5,5,450,PSO,6.903611389806152
2,5,6,450,PSO,5.295140285406205
2,5,7,450,PSO,7.144906849410066
2,5,8,450,PSO,6.950252856653509
2,5,9,450,PSO,6.893456206070438
2,5,10,450,PSO,8.005176178760193
2,5,11,450,PSO,8.800789443420054
2,5,12,450,PSO,5.875343400994501
2,5,13,450,PSO,5.42864330604816
2,5,14,450,PSO,5.729835069911285
2,5,15,450,PSO,6.348758899022578
2,5,16,450,PSO,8.856600080442382
2,5,17,450,PSO,6.3047761798512125
2,5,18,450,PSO,8.833239688520756
2,5,19,450,PSO,6.881663985351425
2,6,0,450,PSO,7.3144735667554
2,6,1,450,PSO,6.553029916845126
2,6,2,450,PSO,5.860327159378239
2,6,3,450,PSO,6.652579336847745
2,6,4,450,PSO,7.222019191098831
2,6,5,450,PSO,6.082663897613659
2,6,6,450,PSO,6.419592427247638
2,6,7,450,PSO,9.946673844382712
2,6,8,450,PSO,6.049615956111214
2,6,9,450,PSO,4.584132461252382
2,6,10,450,PSO,7.441685699376435
2,6,11,450,PSO,6.634429251366859
2,6,12,450,PSO,5.188016042442517
2,6,13,450,PSO,7.711854979038626
2,6,14,450,PSO,7.87578470849808
2,6,15,450,PSO,5.688720372678378
2,6,16,450,PSO,6.362457906806377
2,6,17,450,PSO,8.052617972205306
2,6,18,450,PSO,6.204734819178018
2,6,19,450,PSO,6.732407509015482
2,7,0,450,PSO,5.942168990425708
2,7,1,450,PSO,6.329880256788289
2,7,2,450,PSO,5.542103073924206
2,7,3,450,PSO,7.850066138858117
2,7,4,450,PSO,8.97905029824896
2,7,5,450,PSO,7.047023528793841
2,7,6,450,PSO,7.178293357954545
2,7,7,450,PSO,10.003506473602572
2,7,8,450,PSO,7.106003749834678
2,7,9,450,PSO,7.038937355036067
2,7,10,450,PSO,8.232780081335438
2,7,11,450,PSO,9.163765255234837
2,7,12,450,PSO,7.1245816612595245
2,7,13,450,PSO,8.589091041676097
2,7,14,450,PSO,6.785932931867416
2,7,15,450,PSO,6.286042590342652
2,7,16,450,PSO,6.6450369576172355
2,7,17,450,PSO,8.412177332463019
2,7,18,450,PSO,6.901219920306376
2,7,19,450,PSO,6.497994103098754
3,1,0,450,PSO,1.8707666542486756
3,1,1,450,PSO,1.7472067751605127
3,1,2,450,PSO,1.6025937863247048
3,1,3,450,PSO,2.204448841496575
3,1,4,450,PSO,1.008369150156991
3,1,5,450,PSO,2.1417785110834933
3,1,6,450,PSO,1.964473709874402
3,1,7,450,PSO,1.9768451369009143
3,1,8,450,PSO,1.4044551935979053
3,1,9,450,PSO,1.6001601921283104
3,1,10,450,PSO,1.7436060472317136
3,1,11,450,PSO,2.1316468767353416
3,1,12,450,PSO,1.743232420902818
3,1,13,450,PSO,1.5963667256561207
3,1,14,450,PSO,2.0184777839691317
3,1,15,450,PSO,2.0785009174878852
3,1,16,450,PSO,2.2379945131391055
3,1,17,450,PSO,2.8251636848294317
3,1,18,450,PSO,2.0411014028994936
3,1,19,450,PSO,1.2355501612922521
3,2,0,450,PSO,2.0490526997310488
3,2,1,450,PSO,1.4985467197154754
3,2,2,450,PSO,1.8769086062383131
3,2,3,450,PSO,1.852988321024863
3,2,4,450,PSO,1.6623324720190982
3,2,5,450,PSO,2.304186048761887
3,2,6,450,PSO,2.5206570594606768
3,2,7,450,PSO,1.7956707006151413
3,2,8,450,PSO,1.1844431066297954
3,2,9,450,PSO,1.6795287449081455
3,2,10,450,PSO,2.5697728955089967
3,2,11,450,PSO,2.1166703241238505
3,2,12,450,PSO,1.2663954584799677
3,2,13,450,PSO,1.4998671041537113
3,2,14,450,PSO,2.0153112457782307
3,2,15,450,PSO,1.89086658612935
3,2,16,450,PSO,2.35872150889261
3,2,17,450,PSO,2.34996911579709
3,2,18,450,PSO,0.848036573283566
3,2,19,450,PSO,2.244258080926914
3,3,0,450,PSO,1.5790594471194697
3,3,1,450,PSO,0.9856622858508207
3,3,2,450,PSO,1.5896887132935422
3,3,3,450,PSO,1.789853680261883
3,3,4,450,PSO,1.3763095996557781
3,3,5,450,PSO,1.7614239103767846
3,3,6,450,PSO,1.849058749159661
3,3,7,450,PSO,2.4624701348927407
3,3,8,450,PSO,2.007048942705802
3,3,9,450,PSO,2.1875747760953645
3,3,10,450,PSO,1.5377381704925366
3,3,11,450,PSO,2.3394153438873766
3,3,12,450,PSO,2.0031488504824813
3,3,13,450,PSO,1.7979475424583324
3,3,14,450,PSO,1.3719017992748592
3,3,15,450,PSO,1.8501392917421533
3,3,16,450,PSO,2.485201743021918
3,3,17,450,PSO,1.8395149368924826
3,3,18,450,PSO,1.536184240187797
3,3,19,450,PSO,2.810796200564192
3,4,0,450,PSO,1.7660055977190614
3,4,1,450,PSO,2.0919376338652027
3,4,2,450,PSO,1.5555484810954192
3,4,3,450,PSO,3.0015077495551723
3,4,4,450,PSO,1.6214388296282067
3,4,5,450,PSO,2.03444047340346
3,4,6,450,PSO,2.0221368878549457
3,4,7,450,PSO,1.9382836292898764
3,4,8,450,PSO,2.1743967358365746
3,4,9,450,PSO,1.8487525321749447
3,4,10,450,PSO,2.607788083377381
3,4,11,450,PSO,1.9164127779242364
3,4,12,450,PSO,1.840238735455067
3,4,13,450,PSO,1.491857017618293
3,4,14,450,PSO,1.38546502542499
3,4,15,450,PSO,2.186095739993513
3,4,16,450,PSO,2.130284393784401
3,4,17,450,PSO,2.0470043341952024
3,4,18,450,PSO,1.9641528482928532
3,4,19,450,PSO,1.5418540476044442
3,5,0,450,PSO,1.5959675087551666
3,5,1,450,PSO,1.408492632917082
3,5,2,450,PSO,2.09576390939569
3,5,3,450,PSO,1.3146409947600306
3,5,4,450,PSO,1.4549028149034424
3,5,5,450,PSO,1.9350503294671206
3,5,6,450,PSO,2.0689399048932224
3,5,7,450,PSO,2.5273959958555157
3,5,8,450,PSO,2.6554481533121184
3,5,9,450,PSO,1.7007506818152907
3,5,10,450,PSO,1.5068085396993405
3,5,11,450,PSO,1.3077658541681936
3,5,12,450,PSO,1.3667781455178272
3,5,13,450,PSO,1.749256484313804
3,5,14,450,PSO,2.763749649649673
3,5,15,450,PSO,2.1830714729953575
3,5,16,450,PSO,1.5130762704715954
3,5,17,450,PSO,1.7971409335373
3,5,18,450,PSO,2.2158842954917266
3,5,19,450,PSO,1.454519175079347
3,6,0,450,PSO,1.8104993154561346
3,6,1,450,PSO,2.1349490448579562
3,6,2,450,PSO,1.6449860470637603
3,6,3,450,PSO,2.6357437029240782
3,6,4,450,PSO,2.1973698684969145
3,6,5,450,PSO,2.567542274359068
3,6,6,450,PSO,2.4167115553101146
3,6,7,450,PSO,1.6376104349404286
3,6,8,450,PSO,2.5669542502016514
3,6,9,450,PSO,2.558045287940397
3,6,10,450,PSO,2.2001665067104708
3,6,11,450,PSO,1.5477776551451776
3,6,12,450,PSO,2.3826556885191965
3,6,13,450,PSO,1.8031345820211981
3,6,14,450,PSO,2.4987404421094017
3,6,15,450,PSO,2.1645326660187956
3,6,16,450,PSO,2.195705124723029
3,6,17,450,PSO,3.240656033285558
3,6,18,450,PSO,1.7638785838844966
3,6,19,450,PSO,1.4355058036308221
3,7,0,450,PSO,2.207551490382985
3,7,1,450,PSO,2.2726179760078336
3,7,2,450,PSO,1.6526010211516127
3,7,3,450,PSO,2.358676856432292
3,7,4,450,PSO,1.2552728240469835
3,7,5,450,PSO,2.1746882404373156
3,7,6,450,PSO,2.1549808280290352
3,7,7,450,PSO,2.163709552163486
3,7,8,450,PSO,1.607386688636614
3,7,9,450,PSO,2.4578513348232405
3,7,10,450,PSO,1.6989928713826463
3,7,11,450,PSO,1.5036180000566228
3,7,12,450,PSO,1.6931731549795122
3,7,13,450,PSO,1.798651809369651
3,7,14,450,PSO,1.9810780965228876
3,7,15,450,PSO,2.3429450006360275
3,7,16,450,PSO,1.7505474313443272
3,7,17,450,PSO,1.9454551859487574
3,7,18,450,PSO,1.4595452447026132
3,7,19,450,PSO,1.4387623721389065
4,1,0,450,PSO,1.1740735840863135
4,1,1,450,PSO,4.671144905840607
4,1,2,450,PSO,3.029114391357871
4,1,3,450,PSO,1.0544501473333554
4,1,4,450,PSO,1.3856940539506488
4,1,5,450,PSO,2.8901260617450446
4,1,6,450,PSO,1.6741970058327658
4,1,7,450,PSO,1.4699162831243129
4,1,8,450,PSO,1.4391221499144602
4,1,9,450,PSO,1.8076831989340139
4,1,10,450,PSO,1.1811439850789385
4,1,11,450,PSO,1.3139775380675933
4,1,12,450,PSO,2.1772880175655462
4,1,13,450,PSO,3.905030313379561
4,1,14,450,PSO,4.012569193454992
4,1,15,450,PSO,1.2675369477995568
4,1,16,450,PSO,1.9830689605786795
4,1,17,450,PSO,1.3892428802585024
4,1,18,450,PSO,2.3919450205106423
4,1,19,450,PSO,1.693548666405888
4,2,0,450,PSO,1.1796509677191398
4,2,1,450,PSO,0.9667442609617564
4,2,2,450,PSO,2.0486349471591323
4,2,3,450,PSO,1.79618634714818
4,2,4,450,PSO,0.7722629655817469
4,2,5,450,PSO,1.3098813236809397
4,2,6,450,PSO,2.429470953849483
4,2,7,450,PSO,1.3192088365412111
4,2,8,450,PSO,3.67068363930816
4,2,9,450,PSO,3.387157972846912
4,2,10,450,PSO,3.542681698715047
4,2,11,450,PSO,2.544728505588152
4,2,12,450,PSO,1.6673868281514803
4,2,13,450,PSO,3.5796430344362222
4,2,14,450,PSO,1.2678596081934745
4,2,15,450,PSO,2.8233535324853434
4,2,16,450,PSO,1.828069575621918
4,2,17,450,PSO,2.1641030050940047
4,2,18,450,PSO,1.3520680362700053
4,2,19,450,PSO,1.4428001884146306
4,3,0,450,PSO,1.3789753088113255
4,3,1,450,PSO,2.299826169741123
4,3,2,450,PSO,3.0171522263284953
4,3,3,450,PSO,1.1470402562929969
4,3,4,450,PSO,1.471305751876902
4,3,5,450,PSO,1.1639074915185261
4,3,6,450,PSO,2.440681953741224
4,3,7,450,PSO,1.1705973127196858
4,3,8,450,PSO,3.104885487178423
4,3,9,450,PSO,2.325069366938436
4,3,10,450,PSO,1.652127987589061
4,3,11,450,PSO,3.3284641234627097
4,3,12,450,PSO,3.114472892203643
4,3,13,450,PSO,5.223532990180422
4,3,14,450,PSO,1.8453434511950588
4,3,15,450,PSO,3.189304777579118
4,3,16,450,PSO,1.0284781122092088
4,3,17,450,PSO,0.863876289715109
4,3,18,450,PSO,3.044553887414989
4,3,19,450,PSO,1.2993654694192542
4,4,0,450,PSO,2.494354364871391
4,4,1,450,PSO,2.6447237193775393
4,4,2,450,PSO,1.1911395119841854
4,4,3,450,PSO,2.858168259370105
4,4,4,450,PSO,1.3321322232758506
4,4,5,450,PSO,0.9708731807295574
4,4,6,450,PSO,1.1010029015229452
4,4,7,450,PSO,1.9567072773131922
4,4,8,450,PSO,1.6713391842215046
4,4,9,450,PSO,3.0627813719461425
4,4,10,450,PSO,4.304567015093587
4,4,11,450,PSO,0.947533675613156
4,4,12,450,PSO,3.811117820997298
4,4,13,450,PSO,1.4395734453633413
4,4,14,450,PSO,1.1098789057831153
4,4,15,450,PSO,1.6397378633793485
4,4,16,450,PSO,3.2365839844269875
4,4,17,450,PSO,1.0498734899850057
4,4,18,450,PSO,2.950142785327484
4,4,19,450,PSO,3.6955795525116404
4,5,0,450,PSO,3.4231770421023238
4,5,1,450,PSO,1.2194049921271077
4,5,2,450,PSO,1.950932667249516
4,5,3,450,PSO,1.8577328201050793
4,5,4,450,PSO,1.0497500264112065
4,5,5,450,PSO,3.901711683126375
4,5,6,450,PSO,1.4391323714865714
4,5,7,450,PSO,1.3254041378280184
4,5,8,450,PSO,1.4759334164076505
4,5,9,450,PSO,3.105499430332004
4,5,10,450,PSO,1.7258684907150719
4,5,11,450,PSO,1.8098645644373053
4,5,12,450,PSO,1.3083400202055566
4,5,13,450,PSO,1.6954725531930916
4,5,14,450,PSO,2.083415941669859
4,5,15,450,PSO,3.9505431249490703
4,5,16,450,PSO,1.5568826026120224
4,5,17,450,PSO,1.8917348481234326
4,5,18,450,PSO,0.9878686637734093
4,5,19,450,PSO,1.2160781192312815
4,6,0,450,PSO,1.948011282399871
4,6,1,450,PSO,3.202632041734168
4,6,2,450,PSO,1.840851700678935
4,6,3,450,PSO,2.2198990493659756
4,6,4,450,PSO,1.1324999117860786
4,6,5,450,PSO,1.9917033494358178
4,6,6,450,PSO,3.3897123411409376
4,6,7,450,PSO,4.346556653769828
4,6,8,450,PSO,3.1542998940670626
4,6,9,450,PSO,1.3228169527037985
4,6,10,450,PSO,2.445025857203488
4,6,11,450,PSO,2.2970261832519503
4,6,12,450,PSO,2.942457588558553
4,6,13,450,PSO,1.3016155476946252
4,6,14,450,PSO,2.7218510463526986
4,6,15,450,PSO,2.3383393381774518
4,6,16,450,PSO,1.9717073951041741
4,6,17,450,PSO,1.3965831804215194
4,6,18,450,PSO,3.6757790799754546
4,6,19,450,PSO,1.9923993727104663
4,7,0,450,PSO,4.404381021898615
4,7,1,450,PSO,2.271533663789212
4,7,2,450,PSO,2.0422384266317417
4,7,3,450,PSO,1.510902743793742
4,7,4,450,PSO,2.7830234357411796
4,7,5,450,PSO,3.584399498809832
4,7,6,450,PSO,2.916652069938035
4,7,7,450,PSO,1.659016422800376
4,7,8,450,PSO,2.7907297170610335
4,7,9,450,PSO,2.2393117772920403
4,7,10,450,PSO,5.349246247554104
4,7,11,450,PSO,2.7777125623220154
4,7,12,450,PSO,3.0835123175728842
4,7,13,450,PSO,1.4278346431858162
4,7,14,450,PSO,3.7814943887889836
4,7,15,450,PSO,4.149830076406593
4,7,16,450,PSO,2.9794803865758963
4,7,17,450,PSO,3.5193472027012405
4,7,18,450,PSO,7.343139641016067
4,7,19,450,PSO,1.211236244688598
5,1,0,450,PSO,7.970144812796445
5,1,1,450,PSO,5.25266041748948
5,1,2,450,PSO,5.376896657999535
5,1,3,450,PSO,7.226206424285111
5,1,4,450,PSO,4.8152102189126325
5,1,5,450,PSO,6.285723730349564
5,1,6,450,PSO,7.1225079892293675
5,1,7,450,PSO,7.034747671095001
5,1,8,450,PSO,6.787190555698439
5,1,9,450,PSO,6.3378391124303075
5,1,10,450,PSO,5.923346466188613
5,1,11,450,PSO,7.136541812282854
5,1,12,450,PSO,5.472501282823888
5,1,13,450,PSO,5.972796574783687
5,1,14,450,PSO,6.034637200995971
5,1,15,450,PSO,6.7982876404330925
5,1,16,450,PSO,5.466071338003098
5,1,17,450,PSO,4.902722827658779
5,1,18,450,PSO,7.1857312876731125
5,1,19,450,PSO,5.026666545789415
5,2,0,450,PSO,7.572303401155079
5,2,1,450,PSO,5.86434391435031
5,2,2,450,PSO,6.192108275776404
5,2,3,450,PSO,6.735130812735979
5,2,4,450,PSO,5.87252201812183
5,2,5,450,PSO,5.078553624822978
5,2,6,450,PSO,5.5661707812604995
5,2,7,450,PSO,6.328094535312578
5,2,8,450,PSO,5.146897923458693
5,2,9,450,PSO,5.475494453290351
5,2,10,450,PSO,5.156724526294107
5,2,11,450,PSO,4.976212148649597
5,2,12,450,PSO,4.453354709484914
5,2,13,450,PSO,6.975007630661789
5,2,14,450,PSO,3.877021377737644
5,2,15,450,PSO,6.0392955372966775
5,2,16,450,PSO,3.359888928973207
5,2,17,450,PSO,5.425032678261774
5,2,18,450,PSO,6.283969814079285
5,2,19,450,PSO,6.4942485297709815
5,3,0,450,PSO,4.972720490272428
5,3,1,450,PSO,3.9521397579823705
5,3,2,450,PSO,5.502963245282385
5,3,3,450,PSO,4.167546033649935
5,3,4,450,PSO,5.959122285236624
5,3,5,450,PSO,5.689777724799376
5,3,6,450,PSO,6.758262518842421
5,3,7,450,PSO,5.766944413940364
5,3,8,450,PSO,5.283883836014857
5,3,9,450,PSO,4.865337655509487
5,3,10,450,PSO,4.6465916594695456
5,3,11,450,PSO,5.540609832713822
5,3,12,450,PSO,4.367536122451204
5,3,13,450,PSO,4.818025833885976
5,3,14,450,PSO,5.024881848863953
5,3,15,450,PSO,4.956586259180256
5,3,16,450,PSO,6.153599431042724
5,3,17,450,PSO,8.299328134086563
5,3,18,450,PSO,6.7256543899080325
5,3,19,450,PSO,3.6529489204814207
5,4,0,450,PSO,4.85223213117716
5,4,1,450,PSO,5.233493084881761
5,4,2,450,PSO,4.873214935875217
5,4,3,450,PSO,5.924629033582239
5,4,4,450,PSO,5.242786589545846
5,4,5,450,PSO,4.844429650895066
5,4,6,450,PSO,5.626868421710888
5,4,7,450,PSO,6.056763999166913
5,4,8,450,PSO,4.416399709825703
5,4,9,450,PSO,5.847413590891079
5,4,10,450,PSO,7.910134317324345
5,4,11,450,PSO,3.104026002757199
5,4,12,450,PSO,5.342532073363449
5,4,13,450,PSO,3.803548587619458
5,4,14,450,PSO,5.510530094991495
5,4,15,450,PSO,4.8546966434513585
5,4,16,450,PSO,5.188257742757837
5,4,17,450,PSO,6.317643919942097
5,4,18,450,PSO,5.464690345610365
5,4,19,450,PSO,7.203404931085146
5,5,0,450,PSO,5.332618550557657
5,5,1,450,PSO,7.103323601698261
5,5,2,450,PSO,5.6119211078164986
5,5,3,450,PSO,9.464359386216863
5,5,4,450,PSO,5.655785528559734
5,5,5,450,PSO,6.35312862303459
5,5,6,450,PSO,6.350185833815752
5,5,7,450,PSO,5.85570228128464
5,5,8,450,PSO,8.519429746831428
5,5,9,450,PSO,5.160636824835673
5,5,10,450,PSO,4.5223576241637975
5,5,11,450,PSO,6.598839632484916
5,5,12,450,PSO,5.313054311643012
5,5,13,450,PSO,6.797882789175421
5,5,14,450,PSO,7.3485372176623125
5,5,15,450,PSO,5.640149995397127
5,5,16,450,PSO,8.081435258950206
5,5,17,450,PSO,6.469282155955821
5,5,18,450,PSO,6.303076089404294
5,5,19,450,PSO,6.586859258931253
5,6,0,450,PSO,5.806843101346293
5,6,1,450,PSO,3.824437886356219
5,6,2,450,PSO,5.750788867553451
5,6,3,450,PSO,5.262331198857571
5,6,4,450,PSO,5.914855755365748
5,6,5,450,PSO,5.164549920123279
5,6,6,450,PSO,4.777822388054904
5,6,7,450,PSO,4.716960996449384
5,6,8,450,PSO,6.080962680151827
5,6,9,450,PSO,5.8665311782077065
5,6,10,450,PSO,5.059932408211263
5,6,11,450,PSO,5.681647584937726
5,6,12,450,PSO,7.023147633473779
5,6,13,450,PSO,7.456273045519416
5,6,14,450,PSO,5.08359511167974
5,6,15,450,PSO,6.116293283058452
5,6,16,450,PSO,6.955251153948342
5,6,17,450,PSO,5.558387089946495
5,6,18,450,PSO,7.422880939144299
5,6,19,450,PSO,6.653233634382009
5,7,0,450,PSO,6.74123071248108
5,7,1,450,PSO,6.949141380272614
5,7,2,450,PSO,6.43370572629621
5,7,3,450,PSO,5.00135979166797
5,7,4,450,PSO,6.274676604634911
5,7,5,450,PSO,6.185608009978567
5,7,6,450,PSO,3.7225766103315827
5,7,7,450,PSO,7.9183811000623665
5,7,8,450,PSO,5.577159507027302
5,7,9,450,PSO,4.932969906367468
5,7,10,450,PSO,5.504970752501499
5,7,11,450,PSO,6.845209276435693
5,7,12,450,PSO,4.247665428299044
5,7,13,450,PSO,5.763062895134519
5,7,14,450,PSO,5.392215142092896
5,7,15,450,PSO,6.761727714582595
5,7,16,450,PSO,5.517664793735111
5,7,17,450,PSO,4.08660748359112
5,7,18,450,PSO,4.994664566310523
5,7,19,450,PSO,5.315168082175891
6,1,0,450,PSO,15.618543704714902
6,1,1,450,PSO,21.597106798918222
6,1,2,450,PSO,16.95165235407009
6,1,3,450,PSO,20.227042141953728
6,1,4,450,PSO,11.28680353457679
6,1,5,450,PSO,17.164457099453
6,1,6,450,PSO,12.437934296147787
6,1,7,450,PSO,14.604590891968066
6,1,8,450,PSO,20.590472674505634
6,1,9,450,PSO,15.607413055588319
6,1,10,450,PSO,14.216992983135945
6,1,11,450,PSO,14.03370548210079
6,1,12,450,PSO,18.91494424925134
6,1,13,450,PSO,21.544872139196304
6,1,14,450,PSO,19.09461211691777
6,1,15,450,PSO,15.69344546476854
6,1,16,450,PSO,15.545286805758444
6,1,17,450,PSO,21.62415920475246
6,1,18,450,PSO,18.11925363141447
6,1,19,450,PSO,21.79278697701808
6,2,0,450,PSO,24.260254337353913
6,2,1,450,PSO,23.582156543574133
6,2,2,450,PSO,11.613183727962149
6,2,3,450,PSO,24.77738639789326
6,2,4,450,PSO,20.12372820981915
6,2,5,450,PSO,16.466528970920834
6,2,6,450,PSO,15.385898744786717
6,2,7,450,PSO,16.812063540665758
6,2,8,450,PSO,13.951453383190486
6,2,9,450,PSO,12.801346354861773
6,2,10,450,PSO,19.19482445080332
6,2,11,450,PSO,16.76502220318364
6,2,12,450,PSO,14.770963534410768
6,2,13,450,PSO,13.553244858413299
6,2,14,450,PSO,14.358390487954424
6,2,15,450,PSO,12.36194837358338
6,2,16,450,PSO,19.322156781159226
6,2,17,450,PSO,16.59218823386427
6,2,18,450,PSO,12.251896070144287
6,2,19,450,PSO,12.31091570529538
6,3,0,450,PSO,13.239732409815646
6,3,1,450,PSO,13.188334706683783
6,3,2,450,PSO,16.264351542218836
6,3,3,450,PSO,14.337865794184657
6,3,4,450,PSO,17.585249611075874
6,3,5,450,PSO,15.119040217075215
6,3,6,450,PSO,20.33624182030313
6,3,7,450,PSO,15.013098167606763
6,3,8,450,PSO,18.118510971892334
6,3,9,450,PSO,12.58494889470268
6,3,10,450,PSO,13.747420452374083
6,3,11,450,PSO,13.900454414353522
6,3,12,450,PSO,18.786414945541036
6,3,13,450,PSO,14.87141978524746
6,3,14,450,PSO,23.35598191593897
6,3,15,450,PSO,17.828505539158996
6,3,16,450,PSO,18.817846113384505
6,3,17,450,PSO,14.185266777948907
6,3,18,450,PSO,14.971152196592364
6,3,19,450,PSO,15.549687206380488
6,4,0,450,PSO,16.901871357757635
6,4,1,450,PSO,17.610201142709656
6,4,2,450,PSO,15.108552281547937
6,4,3,450,PSO,13.934138404852606
6,4,4,450,PSO,18.151557330405673
6,4,5,450,PSO,16.0539072847436
6,4,6,450,PSO,17.88052674622356
6,4,7,450,PSO,25.67218410549932
6,4,8,450,PSO,18.077018171218935
6,4,9,450,PSO,13.261947012212662
6,4,10,450,PSO,16.107953118582085
6,4,11,450,PSO,16.061709034266958
6,4,12,450,PSO,16.186602897396547
6,4,13,450,PSO,13.783693306312447
6,4,14,450,PSO,18.391780776716402
6,4,15,450,PSO,12.097722208212366
6,4,16,450,PSO,16.065316953233705
6,4,17,450,PSO,14.237752232712774
6,4,18,450,PSO,16.282743012279305
6,4,19,450,PSO,18.810015025277355
6,5,0,450,PSO,15.684498371543677
6,5,1,450,PSO,13.18501116308231
6,5,2,450,PSO,14.884952398101573
6,5,3,450,PSO,12.581361077870937
6,5,4,450,PSO,19.332695839698143
6,5,5,450,PSO,12.589463615326034
6,5,6,450,PSO,12.366238471504621
6,5,7,450,PSO,14.95961581957608
6,5,8,450,PSO,15.404153163884263
6,5,9,450,PSO,11.881405283799637
6,5,10,450,PSO,18.646477997885977
6,5,11,450,PSO,19.836574404977597
6,5,12,450,PSO,16.70345069360099
6,5,13,450,PSO,17.230657491138185
6,5,14,450,PSO,15.609696116907763
6,5,15,450,PSO,8.987261821328888
6,5,16,450,PSO,13.025451663066669
6,5,17,450,PSO,12.717800248458406
6,5,18,450,PSO,17.0114942474976
6,5,19,450,PSO,14.008813053857418
6,6,0,450,PSO,18.603133633821304
6,6,1,450,PSO,21.18200122412991
6,6,2,450,PSO,20.612585582243454
6,6,3,450,PSO,17.37190257894542
6,6,4,450,PSO,25.41976049486125
6,6,5,450,PSO,20.8695016485552
6,6,6,450,PSO,21.68509758633577
6,6,7,450,PSO,9.947856716067053
6,6,8,450,PSO,20.342076985586672
6,6,9,450,PSO,14.482086775492938
6,6,10,450,PSO,18.39501471771233
6,6,11,450,PSO,26.731888488945003
6,6,12,450,PSO,23.296753963519265
6,6,13,450,PSO,14.14485089146386
6,6,14,450,PSO,17.386192833261205
6,6,15,450,PSO,16.58093410725826
6,6,16,450,PSO,24.796002203929355
6,6,17,450,PSO,16.59541145104295
6,6,18,450,PSO,13.211629177063042
6,6,19,450,PSO,22.758483058944243
6,7,0,450,PSO,20.56019424910715
6,7,1,450,PSO,18.109278927571115
6,7,2,450,PSO,15.388020564732948
6,7,3,450,PSO,15.991430568984716
6,7,4,450,PSO,13.345789805070911
6,7,5,450,PSO,14.31384217770013
6,7,6,450,PSO,21.86082845156341
6,7,7,450,PSO,17.19980389907577
6,7,8,450,PSO,10.918311638271804
6,7,9,450,PSO,19.670508867146097
6,7,10,450,PSO,20.620829307326908
6,7,11,450,PSO,13.793665796975882
6,7,12,450,PSO,14.530549546317962
6,7,13,450,PSO,14.572523457660777
6,7,14,450,PSO,25.245786182402735
6,7,15,450,PSO,21.87393977978239
6,7,16,450,PSO,15.955198535815468
6,7,17,450,PSO,24.903248121873695
6,7,18,450,PSO,14.58428601540425
6,7,19,450,PSO,16.51900010226104
7,1,0,450,PSO,6.085090926005286
7,1,1,450,PSO,4.339392538466294
7,1,2,450,PSO,4.642982441797543
7,1,3,450,PSO,6.320065582513938
7,1,4,450,PSO,6.646705114129528
7,1,5,450,PSO,7.3966655841998294
7,1,6,450,PSO,5.220824508562863
7,1,7,450,PSO,4.847375226030135
7,1,8,450,PSO,4.035698372750571
7,1,9,450,PSO,3.9919975093674442
7,1,10,450,PSO,4.53733883107822
7,1,11,450,PSO,6.724445587712643
7,1,12,450,PSO,7.994171772739034
7,1,13,450,PSO,5.77074733190282
7,1,14,450,PSO,6.059939647758845
7,1,15,450,PSO,7.953662591746621
7,1,16,450,PSO,7.072503564912422
7,1,17,450,PSO,7.626654543357867
7,1,18,450,PSO,6.39609545242009
7,1,19,450,PSO,3.8198596888095198
7,2,0,450,PSO,5.476355660825045
7,2,1,450,PSO,5.721181953604084
7,2,2,450,PSO,5.6595567293536515
7,2,3,450,PSO,6.886875063998136
7,2,4,450,PSO,7.480873457098791
7,2,5,450,PSO,6.5885885508097495
7,2,6,450,PSO,4.346566294881877
7,2,7,450,PSO,4.971408468162336
7,2,8,450,PSO,7.548175319167246
7,2,9,450,PSO,3.9305210960899304
7,2,10,450,PSO,5.739821859364528
7,2,11,450,PSO,5.553010472595526
7,2,12,450,PSO,4.56738480784232
7,2,13,450,PSO,5.676559815528151
7,2,14,450,PSO,4.880410346948619
7,2,15,450,PSO,4.9392357537241445
7,2,16,450,PSO,6.493657841098538
7,2,17,450,PSO,7.15594513576137
7,2,18,450,PSO,4.592583060568112
7,2,19,450,PSO,7.7940272505842785
7,3,0,450,PSO,5.066753646903951
7,3,1,450,PSO,6.47124041029906
7,3,2,450,PSO,7.947879052014168
7,3,3,450,PSO,4.168519882685942
7,3,4,450,PSO,7.420133385155736
7,3,5,450,PSO,7.266423420347404
7,3,6,450,PSO,6.572689888382351
7,3,7,450,PSO,6.639967485208098
7,3,8,450,PSO,4.982903468219934
7,3,9,450,PSO,5.747565714136711
7,3,10,450,PSO,4.922719834067256
7,3,11,450,PSO,6.3296232452762515
7,3,12,450,PSO,6.9101842501689665
7,3,13,450,PSO,5.570855156050847
7,3,14,450,PSO,5.746579178370275
7,3,15,450,PSO,6.646804071722895
7,3,16,450,PSO,6.691520618889024
7,3,17,450,PSO,7.982637062449248
7,3,18,450,PSO,5.967207972847903
7,3,19,450,PSO,6.051414765239242
7,4,0,450,PSO,5.3299520872234085
7,4,1,450,PSO,5.211570946586219
7,4,2,450,PSO,5.666266258868766
7,4,3,450,PSO,6.474234714742582
7,4,4,450,PSO,8.296285721825761
7,4,5,450,PSO,5.702748848876219
7,4,6,450,PSO,8.067323968315213
7,4,7,450,PSO,5.885409025394517
7,4,8,450,PSO,5.792280313972004
7,4,9,450,PSO,9.098932068733683
7,4,10,450,PSO,10.361231218327179
7,4,11,450,PSO,4.80964777024059
7,4,12,450,PSO,7.133792734225089
7,4,13,450,PSO,5.983968044129691
7,4,14,450,PSO,7.364914816567789
7,4,15,450,PSO,7.429533260454395
7,4,16,450,PSO,6.02360366384639
7,4,17,450,PSO,10.003185465712448
7,4,18,450,PSO,7.888239769981083
7,4,19,450,PSO,7.398240082677594
7,5,0,450,PSO,5.820495052660796
7,5,1,450,PSO,5.579742642214326
7,5,2,450,PSO,6.066874973970351
7,5,3,450,PSO,6.071933099525424
7,5,4,450,PSO,9.99729283858625
7,5,5,450,PSO,5.670779823225213
7,5,6,450,PSO,6.765327819516453
7,5,7,450,PSO,7.003659220562123
7,5,8,450,PSO,8.007146109948597
7,5,9,450,PSO,6.011425243462971
7,5,10,450,PSO,10.711280073279344
7,5,11,450,PSO,8.078627822480192
7,5,12,450,PSO,4.946223784813568
7,5,13,450,PSO,4.86917542699447
7,5,14,450,PSO,8.476588799351639
7,5,15,450,PSO,4.837974790956645
7,5,16,450,PSO,5.811875968332303
7,5,17,450,PSO,4.6554078569478445
7,5,18,450,PSO,5.5482319535025475
7,5,19,450,PSO,4.273243065871792
7,6,0,450,PSO,5.766309181810258
7,6,1,450,PSO,5.527275891602398
7,6,2,450,PSO,8.716988430372224
7,6,3,450,PSO,6.386328730802349
7,6,4,450,PSO,5.482912254674953
7,6,5,450,PSO,6.45656529063827
7,6,6,450,PSO,5.361460503280759
7,6,7,450,PSO,6.867715687468624
7,6,8,450,PSO,7.279547018869905
7,6,9,450,PSO,7.031605333240562
7,6,10,450,PSO,5.309154597654607
7,6,11,450,PSO,9.982333443252141
7,6,12,450,PSO,3.9586100298235416
7,6,13,450,PSO,5.163320589733902
7,6,14,450,PSO,5.703985753098521
7,6,15,450,PSO,5.7932155933551055
7,6,16,450,PSO,5.442401593252619
7,6,17,450,PSO,6.93661651757184
7,6,18,450,PSO,5.473718863695552
7,6,19,450,PSO,6.995069195384561
7,7,0,450,PSO,5.834789772640648
7,7,1,450,PSO,7.196209547026097
7,7,2,450,PSO,6.570688278984605
7,7,3,450,PSO,6.721289247711224
7,7,4,450,PSO,4.908506429304308
7,7,5,450,PSO,7.726040326773806
7,7,6,450,PSO,7.081829749760247
7,7,7,450,PSO,6.8012414871093325
7,7,8,450,PSO,6.168492354110936
7,7,9,450,PSO,3.6052535535438794
7,7,10,450,PSO,6.10324981856322
7,7,11,450,PSO,4.4112210117635255
7,7,12,450,PSO,6.804714869091126
7,7,13,450,PSO,5.051910093219755
7,7,14,450,PSO,5.074042222154619
7,7,15,450,PSO,8.213915250418097
7,7,16,450,PSO,5.71333204947036
7,7,17,450,PSO,6.654971354655048
7,7,18,450,PSO,6.861169581502908
7,7,19,450,PSO,7.356762518837968
8,1,0,450,PSO,10.189530016991567
8,1,1,450,PSO,8.243849368454917
8,1,2,450,PSO,7.962531554526723
8,1,3,450,PSO,5.30856580674999
8,1,4,450,PSO,8.421461662462498
8,1,5,450,PSO,8.889979316136674
8,1,6,450,PSO,10.094966247144022
8,1,7,450,PSO,8.709014042581693
8,1,8,450,PSO,9.585642547324067
8,1,9,450,PSO,8.507309872956794
8,1,10,450,PSO,5.6188337420779
8,1,11,450,PSO,8.511328637428901
8,1,12,450,PSO,8.256660145881687
8,1,13,450,PSO,7.507880556180772
8,1,14,450,PSO,8.62464333102034
8,1,15,450,PSO,6.801495381769231
8,1,16,450,PSO,8.234245322911423
8,1,17,450,PSO,7.121776788921185
8,1,18,450,PSO,7.988119653695389
8,1,19,450,PSO,7.665814962577211
8,2,0,450,PSO,8.049511881141186
8,2,1,450,PSO,8.597236279785115
8,2,2,450,PSO,7.6160513786421955
8,2,3,450,PSO,8.503898640351737
8,2,4,450,PSO,9.673912877052652
8,2,5,450,PSO,5.752375675988246
8,2,6,450,PSO,7.221030760514957
8,2,7,450,PSO,9.57535719099113
8,2,8,450,PSO,7.558357828949039
8,2,9,450,PSO,7.202977710334842
8,2,10,450,PSO,7.321070481524106
8,2,11,450,PSO,6.622024978438822
8,2,12,450,PSO,9.949739018957192
8,2,13,450,PSO,7.389082936156945
8,2,14,450,PSO,8.718629982569123
8,2,15,450,PSO,8.132466028978332
8,2,16,450,PSO,6.03307884397978
8,2,17,450,PSO,7.405699907798118
8,2,18,450,PSO,7.552304896556656
8,2,19,450,PSO,5.843163288496344
8,3,0,450,PSO,8.79853845136379
8,3,1,450,PSO,12.140581284885897
8,3,2,450,PSO,9.728343793248275
8,3,3,450,PSO,6.715025768540728
8,3,4,450,PSO,5.582469020098176
8,3,5,450,PSO,7.226925034767913
8,3,6,450,PSO,9.755086392836471
8,3,7,450,PSO,10.014969840586451
8,3,8,450,PSO,10.787681588326263
8,3,9,450,PSO,8.540784107454803
8,3,10,450,PSO,10.613343850575204
8,3,11,450,PSO,9.256400057383296
8,3,12,450,PSO,8.00601266993779
8,3,13,450,PSO,8.95487212959806
8,3,14,450,PSO,8.035299670525855
8,3,15,450,PSO,7.065895286290811
8,3,16,450,PSO,10.333619413311304
8,3,17,450,PSO,8.07182641965315
8,3,18,450,PSO,8.141286273586376
8,3,19,450,PSO,6.667825011081742
8,4,0,450,PSO,7.165809614868604
8,4,1,450,PSO,8.541994779939397
8,4,2,450,PSO,8.631476965230911
8,4,3,450,PSO,9.746443110843849
8,4,4,450,PSO,7.949693736890252
8,4,5,450,PSO,9.321899274697028
8,4,6,450,PSO,8.467607754458577
8,4,7,450,PSO,8.66328289011087
8,4,8,450,PSO,6.474949626332748
8,4,9,450,PSO,7.449275816006441
8,4,10,450,PSO,7.863480542105048
8,4,11,450,PSO,7.239766952949921
8,4,12,450,PSO,5.972482505045938
8,4,13,450,PSO,8.510147427112855
8,4,14,450,PSO,10.182949320623107
8,4,15,450,PSO,5.979889817857131
8,4,16,450,PSO,8.284839179279608
8,4,17,450,PSO,6.350044849556709
8,4,18,450,PSO,8.781557621970562
8,4,19,450,PSO,7.748989485991083
8,5,0,450,PSO,6.506028383564489
8,5,1,450,PSO,7.665967647481415
8,5,2,450,PSO,6.280740176293101
8,5,3,450,PSO,6.4256132168073465
8,5,4,450,PSO,7.814517404566947
8,5,5,450,PSO,7.030031640782742
8,5,6,450,PSO,5.654172187784544
8,5,7,450,PSO,7.191489358396022
8,5,8,450,PSO,8.549557977868236
8,5,9,450,PSO,6.907651733602737
8,5,10,450,PSO,5.950159545148728
8,5,11,450,PSO,7.9338046481655375
8,5,12,450,PSO,6.167256838922079
8,5,13,450,PSO,13.73099662849638
8,5,14,450,PSO,5.21430520896786
8,5,15,450,PSO,7.960733216311654
8,5,16,450,PSO,6.930772125702071
8,5,17,450,PSO,6.948130043496398
8,5,18,450,PSO,7.4196403131112865
8,5,19,450,PSO,6.728143409939681
8,6,0,450,PSO,6.263985229142461
8,6,1,450,PSO,8.78369750796571
8,6,2,450,PSO,7.446906861170307
8,6,3,450,PSO,6.209943808434129
8,6,4,450,PSO,8.156713967114815
8,6,5,450,PSO,9.555227827561998
8,6,6,450,PSO,6.740764407560979
8,6,7,450,PSO,6.997655727458705
8,6,8,450,PSO,6.237913469944731
8,6,9,450,PSO,6.066531748845276
8,6,10,450,PSO,6.460439980680481
8,6,11,450,PSO,7.031435313911504
8,6,12,450,PSO,7.495326386956437
8,6,13,450,PSO,6.268587106359624
8,6,14,450,PSO,8.077691265821334
8,6,15,450,PSO,7.0877753036080335
8,6,16,450,PSO,7.599803500501516
8,6,17,450,PSO,7.289107218517625
8,6,18,450,PSO,7.73991344405765
8,6,19,450,PSO,8.627050635320803
8,7,0,450,PSO,8.565463862129322
8,7,1,450,PSO,8.388167383296118
8,7,2,450,PSO,8.181517956340292
8,7,3,450,PSO,9.643139036970544
8,7,4,450,PSO,4.776534784642102
8,7,5,450,PSO,7.383992953728501
8,7,6,450,PSO,5.933301607770212
8,7,7,450,PSO,6.430367107871064
8,7,8,450,PSO,7.1504985638724206
8,7,9,450,PSO,7.522666181480816
8,7,10,450,PSO,7.778103271787651
8,7,11,450,PSO,9.804716560461909
8,7,12,450,PSO,8.892005245514047
8,7,13,450,PSO,7.255740610210652
8,7,14,450,PSO,7.13071214991212
8,7,15,450,PSO,5.506323339146121
8,7,16,450,PSO,6.800115678364477
8,7,17,450,PSO,6.426633285898314
8,7,18,450,PSO,6.9702717585608145
8,7,19,450,PSO,8.399952809710506
9,1,0,450,PSO,2.221400458919432
9,1,1,450,PSO,2.0609853030587013
9,1,2,450,PSO,1.5306930486639216
9,1,3,450,PSO,1.3600223680462225
9,1,4,450,PSO,1.7462715056436109
9,1,5,450,PSO,1.3899670519533687
9,1,6,450,PSO,1.2792783805310903
9,1,7,450,PSO,1.3364828997019527
9,1,8,450,PSO,1.316136602290855
9,1,9,450,PSO,1.0404586895682573
9,1,10,450,PSO,1.7598053410088308
9,1,11,450,PSO,1.538392881645598
9,1,12,450,PSO,1.7047307525505522
9,1,13,450,PSO,1.5083477302836026
9,1,14,450,PSO,1.0481409133516577
9,1,15,450,PSO,1.9667889321020116
9,1,16,450,PSO,1.7642405131958077
9,1,17,450,PSO,1.3376708520245966
9,1,18,450,PSO,1.2042319935272785
9,1,19,450,PSO,1.9325737747790739
9,2,0,450,PSO,1.8375776059036972
9,2,1,450,PSO,1.755350450518668
9,2,2,450,PSO,1.2749785971462766
9,2,3,450,PSO,1.2687303783793147
9,2,4,450,PSO,1.8722161912919002
9,2,5,450,PSO,1.8051203335047226
9,2,6,450,PSO,1.67462624436025
9,2,7,450,PSO,1.8467478778346664
9,2,8,450,PSO,2.059867079294285
9,2,9,450,PSO,1.259872608645534
9,2,10,450,PSO,2.467523441387144
9,2,11,450,PSO,1.9103093099796289
9,2,12,450,PSO,2.414356498355304
9,2,13,450,PSO,2.0226943549065766
9,2,14,450,PSO,2.124902985590105
9,2,15,450,PSO,1.5068174743301848
9,2,16,450,PSO,2.109629186301046
9,2,17,450,PSO,1.9614371875464744
9,2,18,450,PSO,2.048701722367581
9,2,19,450,PSO,2.0386602660195927
9,3,0,450,PSO,1.9582934240654155
9,3,1,450,PSO,1.4043444914260634
9,3,2,450,PSO,1.3018253933658037
9,3,3,450,PSO,1.618157270720808
9,3,4,450,PSO,1.536137723025259
9,3,5,450,PSO,1.6384595852436155
9,3,6,450,PSO,1.5112429745699874
9,3,7,450,PSO,1.1737377487596994
9,3,8,450,PSO,2.0209653333590123
9,3,9,450,PSO,1.4671393941050554
9,3,10,450,PSO,2.305523202671459
9,3,11,450,PSO,1.6076699958088747
9,3,12,450,PSO,1.3800963867947398
9,3,13,450,PSO,1.180227637071372
9,3,14,450,PSO,1.4599157132792115
9,3,15,450,PSO,1.2988086819383602
9,3,16,450,PSO,1.80477765965305
9,3,17,450,PSO,1.1606006140751646
9,3,18,450,PSO,1.8073154886489486
9,3,19,450,PSO,1.6252161044699491
9,4,0,450,PSO,1.4795483387828874
9,4,1,450,PSO,1.7369226251045193
9,4,2,450,PSO,2.2449099200769536
9,4,3,450,PSO,2.2020734379385978
9,4,4,450,PSO,1.478173384817853
9,4,5,450,PSO,0.9572332294509183
9,4,6,450,PSO,1.6430070497986302
9,4,7,450,PSO,1.5682915864701212
9,4,8,450,PSO,1.5159736003111948
9,4,9,450,PSO,1.8339562686696655
9,4,10,450,PSO,2.172998260797209
9,4,11,450,PSO,1.4476685237304872
9,4,12,450,PSO,1.5770033497090676
9,4,13,450,PSO,1.6825148123403773
9,4,14,450,PSO,1.654308666194099
9,4,15,450,PSO,1.6976598630869861
9,4,16,450,PSO,2.187321998095717
9,4,17,450,PSO,2.0458292408132577
9,4,18,450,PSO,2.227639537644066
9,4,19,450,PSO,1.5923401345251424
9,5,0,450,PSO,1.8472663693276106
9,5,1,450,PSO,2.2655882746466576
9,5,2,450,PSO,2.2849430488651987
9,5,3,450,PSO,1.3696866211519036
9,5,4,450,PSO,1.7374053509196183
9,5,5,450,PSO,1.5040915046626329
9,5,6,450,PSO,1.2093993967353445
9,5,7,450,PSO,1.643404855718754
9,5,8,450,PSO,1.557276252084664
9,5,9,450,PSO,1.6258984703966728
9,5,10,450,PSO,1.8528540127941748
9,5,11,450,PSO,2.143652104289544
9,5,12,450,PSO,1.6067644548830673
9,5,13,450,PSO,2.8749576767498275
9,5,14,450,PSO,2.000246006493185
9,5,15,450,PSO,2.0200593074928244
9,5,16,450,PSO,2.3994059057721002
9,5,17,450,PSO,1.7624134521559467
9,5,18,450,PSO,1.774537595586308
9,5,19,450,PSO,1.411574917764067
9,6,0,450,PSO,1.8733459424961838
9,6,1,450,PSO,1.848084359623544
9,6,2,450,PSO,1.1574110256937493
9,6,3,450,PSO,1.455831794619352
9,6,4,450,PSO,1.4086184355475286
9,6,5,450,PSO,1.1944345752217953
9,6,6,450,PSO,1.7182654927237178
9,6,7,450,PSO,1.4870318469034858
9,6,8,450,PSO,1.3974209903184642
9,6,9,450,PSO,1.6207368528788346
9,6,10,450,PSO,2.062308029136065
9,6,11,450,PSO,1.5600334423022184
9,6,12,450,PSO,2.3368095419417267
9,6,13,450,PSO,2.129184428620072
9,6,14,450,PSO,2.1525827145614684
9,6,15,450,PSO,1.7280283607144307
9,6,16,450,PSO,1.310222440322592
9,6,17,450,PSO,1.999031018576704
9,6,18,450,PSO,1.202361103203727
9,6,19,450,PSO,2.448605811327105
9,7,0,450,PSO,2.4190722070597404
9,7,1,450,PSO,1.561249318754773
9,7,2,450,PSO,1.803697819638605
9,7,3,450,PSO,1.5937246871213198
9,7,4,450,PSO,1.312724594811917
9,7,5,450,PSO,1.8983253693206508
9,7,6,450,PSO,1.4496532176941301
9,7,7,450,PSO,1.4594248898785083
9,7,8,450,PSO,1.364740900487511
9,7,9,450,PSO,1.5179735488617543
9,7,10,450,PSO,2.0734461834399665
9,7,11,450,PSO,2.2794787732714763
9,7,12,450,PSO,2.597776306454868
9,7,13,450,PSO,1.438238238188621
9,7,14,450,PSO,2.1386768200151622
9,7,15,450,PSO,1.133501365639805
9,7,16,450,PSO,1.6098715511021962
9,7,17,450,PSO,1.4884719554847128
9,7,18,450,PSO,1.2117446268166294
9,7,19,450,PSO,1.1905359937421909
10,1,0,450,PSO,5.279478139344592
10,1,1,450,PSO,5.6421092062418134
10,1,2,450,PSO,5.089805650583638
10,1,3,450,PSO,5.071376163950577
10,1,4,450,PSO,4.7004762653162215
10,1,5,450,PSO,4.609532426229546
10,1,6,450,PSO,5.89956345253045
10,1,7,450,PSO,4.048061392055917
10,1,8,450,PSO,5.238419902223207
10,1,9,450,PSO,4.7024119292920945
10,1,10,450,PSO,4.946833561314287
10,1,11,450,PSO,3.5501064311905273
10,1,12,450,PSO,5.531444918477046
10,1,13,450,PSO,5.111294234868782
10,1,14,450,PSO,4.931454159179642
10,1,15,450,PSO,4.394371627611877
10,1,16,450,PSO,4.509426453585871
10,1,17,450,PSO,5.6942374436354095
10,1,18,450,PSO,4.181759427692113
10,1,19,450,PSO,4.885782041652109
10,2,0,450,PSO,5.174184252835319
10,2,1,450,PSO,4.9707430247298365
10,2,2,450,PSO,4.502290553498992
10,2,3,450,PSO,4.4015925985412325
10,2,4,450,PSO,6.457715951762005
10,2,5,450,PSO,3.976149549512821
10,2,6,450,PSO,4.694086126258384
10,2,7,450,PSO,5.210354171496936
10,2,8,450,PSO,3.719793211360623
10,2,9,450,PSO,5.04057938381047
10,2,10,450,PSO,4.438074848129434
10,2,11,450,PSO,7.591872222555748
10,2,12,450,PSO,4.564016037856898
10,2,13,450,PSO,4.340038432023537
10,2,14,450,PSO,3.315723155258371
10,2,15,450,PSO,5.0462312918133625
10,2,16,450,PSO,5.58987454926291
10,2,17,450,PSO,4.712677745909329
10,2,18,450,PSO,4.481441817603917
10,2,19,450,PSO,5.310748504010903
10,3,0,450,PSO,3.1338840243954285
10,3,1,450,PSO,5.434493246370151
10,3,2,450,PSO,6.8362123386415625
10,3,3,450,PSO,5.057152421143808
10,3,4,450,PSO,4.9091263625088155
10,3,5,450,PSO,5.989800234176933
10,3,6,450,PSO,6.460120046796733
10,3,7,450,PSO,5.439425521821205
10,3,8,450,PSO,5.200876734088982
10,3,9,450,PSO,5.293263987290691
10,3,10,450,PSO,3.3378387565607057
10,3,11,450,PSO,5.972731326308509
10,3,12,450,PSO,5.038353161526366
10,3,13,450,PSO,5.29375763781508
10,3,14,450,PSO,5.364664969261192
10,3,15,450,PSO,4.970943797817842
10,3,16,450,PSO,5.466927598698067
10,3,17,450,PSO,6.250011371729188
10,3,18,450,PSO,5.6758273901981715
10,3,19,450,PSO,5.448543273278581
10,4,0,450,PSO,3.820065725135102
10,4,1,450,PSO,5.269073114821159
10,4,2,450,PSO,5.233356143683823
10,4,3,450,PSO,4.700778465532836
10,4,4,450,PSO,6.1952894320211955
10,4,5,450,PSO,4.76181951224764
10,4,6,450,PSO,4.53362124077747
10,4,7,450,PSO,4.567189288712808
10,4,8,450,PSO,3.931311540460791
10,4,9,450,PSO,4.8748233979789966
10,4,10,450,PSO,4.160437196446811
10,4,11,450,PSO,6.00639926470196
10,4,12,450,PSO,4.363882920701548
10,4,13,450,PSO,5.096886232445642
10,4,14,450,PSO,4.907923136249289
10,4,15,450,PSO,5.7054682925254765
10,4,16,450,PSO,5.074277744555584
10,4,17,450,PSO,4.975906664892954
10,4,18,450,PSO,6.078376551519474
10,4,19,450,PSO,5.613987678643228
10,5,0,450,PSO,6.09830276750804
10,5,1,450,PSO,5.788149594086016
10,5,2,450,PSO,5.584706591129769
10,5,3,450,PSO,4.497235800067218
10,5,4,450,PSO,6.671739129511999
10,5,5,450,PSO,4.663455803758459
10,5,6,450,PSO,5.20685358471727
10,5,7,450,PSO,5.482218242023727
10,5,8,450,PSO,6.996857857240641
10,5,9,450,PSO,3.76368360415868
10,5,10,450,PSO,5.072945198517287
10,5,11,450,PSO,5.38188080493438
10,5,12,450,PSO,3.75019153898076
10,5,13,450,PSO,3.630050783455952
10,5,14,450,PSO,5.278678540701129
10,5,15,450,PSO,5.687978424872157
10,5,16,450,PSO,5.997677933831052
10,5,17,450,PSO,4.548021516017787
10,5,18,450,PSO,5.040483847338542
10,5,19,450,PSO,4.890802594552886
10,6,0,450,PSO,4.752552408240088
10,6,1,450,PSO,5.331881513018699
10,6,2,450,PSO,6.554406473871675
10,6,3,450,PSO,4.719484591336108
10,6,4,450,PSO,5.650616672132315
10,6,5,450,PSO,5.389730930264215
10,6,6,450,PSO,5.131569851735958
10,6,7,450,PSO,5.792314637326693
10,6,8,450,PSO,5.307939661042657
10,6,9,450,PSO,6.619530082784456
10,6,10,450,PSO,5.445830251863857
10,6,11,450,PSO,5.470288133503622
10,6,12,450,PSO,4.5765692123252775
10,6,13,450,PSO,5.162279304061954
10,6,14,450,PSO,6.683655078243977
10,6,15,450,PSO,5.905599041496623
10,6,16,450,PSO,5.306810950468847
10,6,17,450,PSO,5.305627300052529
10,6,18,450,PSO,5.4032967475094225
10,6,19,450,PSO,4.066948709208597
10,7,0,450,PSO,5.103719485758262
10,7,1,450,PSO,4.746985511573427
10,7,2,450,PSO,4.713707930500639
10,7,3,450,PSO,4.7745847941338155
10,7,4,450,PSO,6.070652873969555
10,7,5,450,PSO,5.09159521275393
10,7,6,450,PSO,4.5572289587664265
10,7,7,450,PSO,5.201833249072619
10,7,8,450,PSO,4.112411542535764
10,7,9,450,PSO,3.8791628694500244
10,7,10,450,PSO,4.98178828663314
10,7,11,450,PSO,4.0877258847198075
10,7,12,450,PSO,3.9607324766977943
10,7,13,450,PSO,4.892549196726464
10,7,14,450,PSO,3.9639566261617194
10,7,15,450,PSO,4.83218354598363
10,7,16,450,PSO,4.522082053466415
10,7,17,450,PSO,4.257147758687772
10,7,18,450,PSO,4.4923951366130055
10,7,19,450,PSO,4.731003016594788
11,1,0,450,PSO,1.0084252877388562
11,1,1,450,PSO,1.5845417248359148
11,1,2,450,PSO,1.231001578132777
11,1,3,450,PSO,1.2719538402483204
11,1,4,450,PSO,1.333927732616852
11,1,5,450,PSO,1.3648615315458845
11,1,6,450,PSO,0.8200909364517172
11,1,7,450,PSO,1.2413637786699547
11,1,8,450,PSO,0.7611309870907214
11,1,9,450,PSO,1.2068291187241935
11,1,10,450,PSO,1.4934939823554236
11,1,11,450,PSO,1.6619766806411325
11,1,12,450,PSO,0.9597408228066047
11,1,13,450,PSO,1.1221126519143572
11,1,14,450,PSO,1.3247905457430318
11,1,15,450,PSO,0.9564066092843861
11,1,16,450,PSO,1.0071926955473511
11,1,17,450,PSO,1.268427693963885
11,1,18,450,PSO,1.4032059332649187
11,1,19,450,PSO,1.310452134870975
11,2,0,450,PSO,1.0833642420148037
11,2,1,450,PSO,0.9465408075370527
11,2,2,450,PSO,1.2025693564860855
11,2,3,450,PSO,1.548368912130594
11,2,4,450,PSO,1.198643490886577
11,2,5,450,PSO,0.948848986444696
11,2,6,450,PSO,1.357130604523041
11,2,7,450,PSO,1.1742162141983161
11,2,8,450,PSO,1.3239171268088907
11,2,9,450,PSO,1.2375621430816306
11,2,10,450,PSO,0.8251641587789292
11,2,11,450,PSO,0.7982413865760333
11,2,12,450,PSO,1.6788898982807288
11,2,13,450,PSO,0.9816672984196737
11,2,14,450,PSO,1.397291993194995
11,2,15,450,PSO,1.3674337605675178
11,2,16,450,PSO,1.6069202518858836
11,2,17,450,PSO,0.8630923268832542
11,2,18,450,PSO,0.8956052529311164
11,2,19,450,PSO,1.0173332931926446
11,3,0,450,PSO,1.1504865752015818
11,3,1,450,PSO,1.0854302070650863
11,3,2,450,PSO,1.8462911137162852
11,3,3,450,PSO,1.0072424275664391
11,3,4,450,PSO,1.1551451626783824
11,3,5,450,PSO,1.2263572110586973
11,3,6,450,PSO,1.1486727207895933
11,3,7,450,PSO,1.120595227553833
11,3,8,450,PSO,1.9760665764594447
11,3,9,450,PSO,1.4378569175579696
11,3,10,450,PSO,1.426155746550919
11,3,11,450,PSO,1.2257755941222275
11,3,12,450,PSO,0.9177325409503977
11,3,13,450,PSO,1.2787791201246217
11,3,14,450,PSO,1.427132666368975
11,3,15,450,PSO,0.8883525850381284
11,3,16,450,PSO,1.3204332322511894
11,3,17,450,PSO,1.266207580028926
11,3,18,450,PSO,1.150590310981071
11,3,19,450,PSO,1.166748049575133
11,4,0,450,PSO,1.1126978714703502
11,4,1,450,PSO,1.380679457117276
11,4,2,450,PSO,1.5677743037793186
11,4,3,450,PSO,1.0394912949876067
11,4,4,450,PSO,1.1266218797905563
11,4,5,450,PSO,0.9061760462626968
11,4,6,450,PSO,1.1870126075700482
11,4,7,450,PSO,0.9624665652114296
11,4,8,450,PSO,1.1145698547321854
11,4,9,450,PSO,0.9967507306255496
11,4,10,450,PSO,1.3674507422557738
11,4,11,450,PSO,1.2485855673131085
11,4,12,450,PSO,1.2843399059896718
11,4,13,450,PSO,1.2666709318676617
11,4,14,450,PSO,1.175705644654586
11,4,15,450,PSO,0.9805211871751293
11,4,16,450,PSO,1.250868748470602
11,4,17,450,PSO,1.203902490762867
11,4,18,450,PSO,0.984734718726386
11,4,19,450,PSO,0.8804570640233944
11,5,0,450,PSO,1.2963845627956962
11,5,1,450,PSO,1.4333930327488547
11,5,2,450,PSO,1.283153034346629
11,5,3,450,PSO,1.8594274595964706
11,5,4,450,PSO,1.0911929925055237
11,5,5,450,PSO,1.6053749076271169
11,5,6,450,PSO,1.6235830798658049
11,5,7,450,PSO,1.3611649002944655
11,5,8,450,PSO,1.4362757120795888
11,5,9,450,PSO,1.0952370701054386
11,5,10,450,PSO,1.1853038281468649
11,5,11,450,PSO,1.4477170002836928
11,5,12,450,PSO,1.2118045930028751
11,5,13,450,PSO,1.3868008610236473
11,5,14,450,PSO,1.6283441944840715
11,5,15,450,PSO,1.3643955965185355
11,5,16,450,PSO,1.3113429145255617
11,5,17,450,PSO,1.474587401885254
11,5,18,450,PSO,1.028903963083555
11,5,19,450,PSO,1.032284830553205
11,6,0,450,PSO,0.8923380908563516
11,6,1,450,PSO,1.511399938711234
11,6,2,450,PSO,1.0345041514863937
11,6,3,450,PSO,0.9616454355620186
11,6,4,450,PSO,1.3908445125625166
11,6,5,450,PSO,0.9154638297893201
11,6,6,450,PSO,1.0544219449732524
11,6,7,450,PSO,0.9201019736350771
11,6,8,450,PSO,1.3410947935876392
11,6,9,450,PSO,0.9825162417138598
11,6,10,450,PSO,1.02230230907908
11,6,11,450,PSO,0.9979516819926582
11,6,12,450,PSO,1.0119734850654303
11,6,13,450,PSO,1.0247078924506703
11,6,14,450,PSO,0.937194462863872
11,6,15,450,PSO,0.9454538786107533
11,6,16,450,PSO,1.5143869889561157
11,6,17,450,PSO,0.9214436080801159
11,6,18,450,PSO,1.6316972335055382
11,6,19,450,PSO,0.8055639917135625
11,7,0,450,PSO,1.184255426589963
11,7,1,450,PSO,1.6625679106737643
11,7,2,450,PSO,0.9069761398390761
11,7,3,450,PSO,1.314916572947642
11,7,4,450,PSO,1.4417447835631678
11,7,5,450,PSO,0.9643656268531132
11,7,6,450,PSO,1.4257112081513181
11,7,7,450,PSO,1.0285780379758513
11,7,8,450,PSO,1.4561571347601219
11,7,9,450,PSO,1.4008932319213603
11,7,10,450,PSO,1.55138403668834
11,7,11,450,PSO,0.9528410018918375
11,7,12,450,PSO,1.210166703507756
11,7,13,450,PSO,1.366298184103185
11,7,14,450,PSO,1.246045389159559
11,7,15,450,PSO,1.2438175711622954
11,7,16,450,PSO,1.038604811545944
11,7,17,450,PSO,0.7896719687442795
11,7,18,450,PSO,0.8408325902348586
11,7,19,450,PSO,0.9740078353515789
12,1,0,450,PSO,2.8918299056096624
12,1,1,450,PSO,2.1810923705386265
12,1,2,450,PSO,2.9928681923264313
12,1,3,450,PSO,3.106094700602107
12,1,4,450,PSO,2.4768972677264993
12,1,5,450,PSO,2.3425484080458263
12,1,6,450,PSO,2.5282721676436863
12,1,7,450,PSO,3.040516110310149
12,1,8,450,PSO,2.7435202419050806
12,1,9,450,PSO,2.8452585458998705
12,1,10,450,PSO,2.6035975987864344
12,1,11,450,PSO,3.4419142297119776
12,1,12,450,PSO,2.623490702047909
12,1,13,450,PSO,2.172848916596522
12,1,14,450,PSO,2.1938629275971726
12,1,15,450,PSO,3.611748685530284
12,1,16,450,PSO,2.20710589603826
12,1,17,450,PSO,2.712315432659452
12,1,18,450,PSO,3.68303505562556
12,1,19,450,PSO,4.246536830980171
12,2,0,450,PSO,2.2178316111792222
12,2,1,450,PSO,2.551667668713719
12,2,2,450,PSO,3.158582624725697
12,2,3,450,PSO,2.9329977126353164
12,2,4,450,PSO,2.27041546469919
12,2,5,450,PSO,1.876536745737363
12,2,6,450,PSO,2.9214295257906198
12,2,7,450,PSO,2.604746935965789
12,2,8,450,PSO,2.2150215977175525
12,2,9,450,PSO,3.6123175936879117
12,2,10,450,PSO,2.871998400734174
12,2,11,450,PSO,2.4879525616149203
12,2,12,450,PSO,2.1942873372522285
12,2,13,450,PSO,2.1325841502279888
12,2,14,450,PSO,3.0464919836102724
12,2,15,450,PSO,1.9624031881993949
12,2,16,450,PSO,3.145316073401496
12,2,17,450,PSO,3.0112846162855615
12,2,18,450,PSO,1.8779727613347763
12,2,19,450,PSO,3.259792530249274
12,3,0,450,PSO,2.0635478048833193
12,3,1,450,PSO,2.06131264001591
12,3,2,450,PSO,1.8125032245318262
12,3,3,450,PSO,3.0159718208185424
12,3,4,450,PSO,1.7646835654131106
12,3,5,450,PSO,2.7252896951397614
12,3,6,450,PSO,2.3240357791900412
12,3,7,450,PSO,3.152042891694006
12,3,8,450,PSO,2.153457291450962
12,3,9,450,PSO,2.8860170877142663
12,3,10,450,PSO,2.658575122307021
12,3,11,450,PSO,2.698301764925431
12,3,12,450,PSO,3.142652991677029
12,3,13,450,PSO,1.96499068769145
12,3,14,450,PSO,2.379168103111167
12,3,15,450,PSO,3.2332002736914007
12,3,16,450,PSO,2.8197684561696637
12,3,17,450,PSO,3.067894256123302
12,3,18,450,PSO,1.7954124650817105
12,3,19,450,PSO,2.878184374378104
12,4,0,450,PSO,2.3564031380363293
12,4,1,450,PSO,2.813001066677268
12,4,2,450,PSO,3.1516592592064665
12,4,3,450,PSO,2.5502091701302763
12,4,4,450,PSO,3.4594431847105467
12,4,5,450,PSO,2.4512710056588825
12,4,6,450,PSO,1.6851176934821355
12,4,7,450,PSO,3.4421814149773917
12,4,8,450,PSO,3.024217501866959
12,4,9,450,PSO,3.112381892761827
12,4,10,450,PSO,2.533989620303784
12,4,11,450,PSO,3.141640856631834
12,4,12,450,PSO,2.695648688233986
12,4,13,450,PSO,1.9888102844567475
12,4,14,450,PSO,2.918105724102932
12,4,15,450,PSO,2.908308395014564
12,4,16,450,PSO,2.2483883545099808
12,4,17,450,PSO,2.3645136839170946
12,4,18,450,PSO,2.6808568676884157
12,4,19,450,PSO,2.935062144545155
12,5,0,450,PSO,1.9144950513859604
12,5,1,450,PSO,2.368346445214466
12,5,2,450,PSO,3.2220247761608207
12,5,3,450,PSO,1.6246975933351353
12,5,4,450,PSO,2.3121242068380377
12,5,5,450,PSO,1.6772128749107607
12,5,6,450,PSO,2.786939759867249
12,5,7,450,PSO,1.8851447032289095
12,5,8,450,PSO,2.824770647677036
12,5,9,450,PSO,2.69968419760853
12,5,10,450,PSO,3.2823782938339683
12,5,11,450,PSO,2.4984180394995747
12,5,12,450,PSO,2.666119472316775
12,5,13,450,PSO,1.7453021876631596
12,5,14,450,PSO,3.6450643219942034
12,5,15,450,PSO,1.9689414891711958
12,5,16,450,PSO,2.5609281436498135
12,5,17,450,PSO,2.4915635581271682
12,5,18,450,PSO,2.8093043172362933
12,5,19,450,PSO,2.4042809786765598
12,6,0,450,PSO,2.7328315105189263
12,6,1,450,PSO,3.793950635900636
12,6,2,450,PSO,2.3304589568654253
12,6,3,450,PSO,1.685182336552174
12,6,4,450,PSO,1.8552817900814795
12,6,5,450,PSO,1.4820176385485013
12,6,6,450,PSO,2.5689320548079113
12,6,7,450,PSO,2.67865614394008
12,6,8,450,PSO,2.086779612124865
12,6,9,450,PSO,2.657881072023718
12,6,10,450,PSO,2.9469418244913506
12,6,11,450,PSO,2.19941877147767
12,6,12,450,PSO,3.5846324658243423
12,6,13,450,PSO,2.0071474356903676
12,6,14,450,PSO,3.0660608703789536
12,6,15,450,PSO,2.4204328474543146
12,6,16,450,PSO,2.5310620631686636
12,6,17,450,PSO,2.2985125053684445
12,6,18,450,PSO,2.6282569161740565
12,6,19,450,PSO,3.417079663761552
12,7,0,450,PSO,2.4089734601331814
12,7,1,450,PSO,2.991218654912693
12,7,2,450,PSO,3.4067313398212904
12,7,3,450,PSO,2.1608423439746196
12,7,4,450,PSO,3.0119880772428536
12,7,5,450,PSO,2.97865361617015
12,7,6,450,PSO,2.0017748806686613
12,7,7,450,PSO,2.8868094589800495
12,7,8,450,PSO,2.550209811428754
12,7,9,450,PSO,3.482664883712326
12,7,10,450,PSO,3.4463685080206043
12,7,11,450,PSO,2.074249995272718
12,7,12,450,PSO,1.9477004341216793
12,7,13,450,PSO,1.8653869754125967
12,7,14,450,PSO,2.3720699520724113
12,7,15,450,PSO,3.0715367650666203
12,7,16,450,PSO,2.68688802183526
12,7,17,450,PSO,3.2856541305236404
12,7,18,450,PSO,2.9707906822545613
12,7,19,450,PSO,2.993850447922272
13,1,0,450,PSO,2.7163625609560778
13,1,1,450,PSO,1.0621214225335107
13,1,2,450,PSO,3.1746985519466033
13,1,3,450,PSO,2.0890058262501845
13,1,4,450,PSO,1.830384316667707
13,1,5,450,PSO,1.0096641577821905
13,1,6,450,PSO,2.9155516265721566
13,1,7,450,PSO,1.538307531138368
13,1,8,450,PSO,1.4404308061188822
13,1,9,450,PSO,1.174522357982038
13,1,10,450,PSO,1.8996718998229767
13,1,11,450,PSO,1.6902677376452175
13,1,12,450,PSO,2.0022664705210103
13,1,13,450,PSO,1.2499317317772562
13,1,14,450,PSO,1.2663102260959322
13,1,15,450,PSO,1.2542669865552136
13,1,16,450,PSO,1.1406810438458739
13,1,17,450,PSO,2.683899834306439
13,1,18,450,PSO,1.6263913314566603
13,1,19,450,PSO,3.2333099320097367
13,2,0,450,PSO,1.7491540583923648
13,2,1,450,PSO,1.6366900443992511
13,2,2,450,PSO,2.6628759671532665
13,2,3,450,PSO,2.530511346033023
13,2,4,450,PSO,1.4189245851581749
13,2,5,450,PSO,1.2214249509551431
13,2,6,450,PSO,3.17455223954487
13,2,7,450,PSO,2.7093394718168304
13,2,8,450,PSO,3.1535724480339433
13,2,9,450,PSO,2.5210503656427408
13,2,10,450,PSO,2.310168549653925
13,2,11,450,PSO,2.5846003312278816
13,2,12,450,PSO,1.7351937532001438
13,2,13,450,PSO,3.3224225096972027
13,2,14,450,PSO,1.1950113634110542
13,2,15,450,PSO,2.360894818298433
13,2,16,450,PSO,1.2349337224879904
13,2,17,450,PSO,1.6767891546941054
13,2,18,450,PSO,2.760983790933552
13,2,19,450,PSO,2.896306914120197
13,3,0,450,PSO,1.436310055809204
13,3,1,450,PSO,2.6122298513846633
13,3,2,450,PSO,1.8656291088344041
13,3,3,450,PSO,1.6396887789120884
13,3,4,450,PSO,2.0448570567500144
13,3,5,450,PSO,1.3965397252444685
13,3,6,450,PSO,1.6394882470334853
13,3,7,450,PSO,1.4374581871977752
13,3,8,450,PSO,2.4524127405529113
13,3,9,450,PSO,2.901384601433777
13,3,10,450,PSO,3.534915547827794
13,3,11,450,PSO,2.7547058065358616
13,3,12,450,PSO,1.811341961231364
13,3,13,450,PSO,3.114541374767954
13,3,14,450,PSO,1.8891254566455462
13,3,15,450,PSO,2.8765608945261887
13,3,16,450,PSO,1.5155454252976208
13,3,17,450,PSO,0.8843182573269012
13,3,18,450,PSO,3.203933968108764
13,3,19,450,PSO,3.453068660343328
13,4,0,450,PSO,3.2709899121443153
13,4,1,450,PSO,2.0591529835949016
13,4,2,450,PSO,2.7950415717121215
13,4,3,450,PSO,1.769887215076304
13,4,4,450,PSO,2.292413021330907
13,4,5,450,PSO,2.1962988705801383
13,4,6,450,PSO,3.666108698385285
13,4,7,450,PSO,1.1175721197127595
13,4,8,450,PSO,3.545465676262566
13,4,9,450,PSO,3.249151585694948
13,4,10,450,PSO,4.764903349137546
13,4,11,450,PSO,2.642582248928061
13,4,12,450,PSO,4.100643583401706
13,4,13,450,PSO,2.9420740394643645
13,4,14,450,PSO,1.2920303717914876
13,4,15,450,PSO,1.5315385839646958
13,4,16,450,PSO,1.7233561450070787
13,4,17,450,PSO,2.38716731418906
13,4,18,450,PSO,1.3933529883486624
13,4,19,450,PSO,2.419221990561893
13,5,0,450,PSO,1.3748073411039758
13,5,1,450,PSO,1.6928537976993976
13,5,2,450,PSO,4.101421063533256
13,5,3,450,PSO,3.572295205892088
13,5,4,450,PSO,1.2785992087589202
13,5,5,450,PSO,1.6885070497785062
13,5,6,450,PSO,3.421503489812943
13,5,7,450,PSO,1.9493739540373174
13,5,8,450,PSO,1.590707593112848
13,5,9,450,PSO,4.185072662206373
13,5,10,450,PSO,1.9576941184611933
13,5,11,450,PSO,2.701932587189791
13,5,12,450,PSO,1.925429409124926
13,5,13,450,PSO,1.5146429256104383
13,5,14,450,PSO,1.181591751645978
13,5,15,450,PSO,5.670212221871058
13,5,16,450,PSO,2.267657731583685
13,5,17,450,PSO,3.7634285436977546
13,5,18,450,PSO,2.192366889081565
13,5,19,450,PSO,1.0793814199074132
13,6,0,450,PSO,2.4654892518081457
13,6,1,450,PSO,3.2124670810684353
13,6,2,450,PSO,1.8458754246463802
13,6,3,450,PSO,4.143792165551655
13,6,4,450,PSO,2.002797102847654
13,6,5,450,PSO,3.327109829285355
13,6,6,450,PSO,3.052143379844885
13,6,7,450,PSO,3.3343811526888527
13,6,8,450,PSO,1.5754212535795746
13,6,9,450,PSO,3.21829937557285
13,6,10,450,PSO,3.219852353675586
13,6,11,450,PSO,2.7522720261889932
13,6,12,450,PSO,3.7926876346331646
13,6,13,450,PSO,2.7481634550143337
13,6,14,450,PSO,3.0704911499080714
13,6,15,450,PSO,1.9537283659141031
13,6,16,450,PSO,2.609531257658479
13,6,17,450,PSO,1.5612518973072913
13,6,18,450,PSO,3.464566423600433
13,6,19,450,PSO,1.2306924794599223
13,7,0,450,PSO,2.102157791892654
13,7,1,450,PSO,1.5705749336359285
13,7,2,450,PSO,2.959258559305688
13,7,3,450,PSO,1.6223944105839836
13,7,4,450,PSO,1.119833428061525
13,7,5,450,PSO,1.8760573796176023
13,7,6,450,PSO,2.441883917149767
13,7,7,450,PSO,1.8398535561058391
13,7,8,450,PSO,1.397990219474672
13,7,9,450,PSO,2.390384737279986
13,7,10,450,PSO,1.8583034359500001
13,7,11,450,PSO,3.3747239130910933
13,7,12,450,PSO,1.7800799815715933
13,7,13,450,PSO,3.8970689481450003
13,7,14,450,PSO,1.5172507255343957
13,7,15,450,PSO,1.5919123308332792
13,7,16,450,PSO,1.9821218820392452
13,7,17,450,PSO,1.689490480269633
13,7,18,450,PSO,2.7914925927923373
13,7,19,450,PSO,3.1536332484039287
14,1,0,450,PSO,1.3448470097498433
14,1,1,450,PSO,1.2698435656431384
14,1,2,450,PSO,1.0525737119542944
14,1,3,450,PSO,1.1560872405595541
14,1,4,450,PSO,1.1975756697496296
14,1,5,450,PSO,1.1841594300875609
14,1,6,450,PSO,0.5607169539495315
14,1,7,450,PSO,0.587841557304496
14,1,8,450,PSO,1.287633064592193
14,1,9,450,PSO,0.6461700459330962
14,1,10,450,PSO,1.115196126023248
14,1,11,450,PSO,0.6281199452403676
14,1,12,450,PSO,2.5550641129460296
14,1,13,450,PSO,1.0707134336114874
14,1,14,450,PSO,1.2178294463032904
14,1,15,450,PSO,1.2772741157567424
14,1,16,450,PSO,3.240458423423779
14,1,17,450,PSO,2.7705151040093288
14,1,18,450,PSO,1.2943584776153148
14,1,19,450,PSO,1.3055403193794435
14,2,0,450,PSO,1.2575884900780445
14,2,1,450,PSO,1.2088695259571067
14,2,2,450,PSO,1.2607107250590677
14,2,3,450,PSO,1.5724712887206536
14,2,4,450,PSO,3.149030498997195
14,2,5,450,PSO,1.0631102124032634
14,2,6,450,PSO,1.2537922396640369
14,2,7,450,PSO,1.3286646151813446
14,2,8,450,PSO,2.473744313075457
14,2,9,450,PSO,2.7419385079869314
14,2,10,450,PSO,1.0815703099830931
14,2,11,450,PSO,10.51921682157747
14,2,12,450,PSO,1.5627413186675727
14,2,13,450,PSO,1.417384855954424
14,2,14,450,PSO,0.40260339205605344
14,2,15,450,PSO,2.9191043586867567
14,2,16,450,PSO,1.4073673372389728
14,2,17,450,PSO,1.5090161409503937
14,2,18,450,PSO,0.5147831425150633
14,2,19,450,PSO,1.3991059699274524
14,3,0,450,PSO,1.0255699206227837
14,3,1,450,PSO,1.0701938765458066
14,3,2,450,PSO,1.2639482065659462
14,3,3,450,PSO,1.3796250947353166
14,3,4,450,PSO,1.1497359756105916
14,3,5,450,PSO,1.5507143540677668
14,3,6,450,PSO,4.4661494050441295
14,3,7,450,PSO,1.1723212630655402
14,3,8,450,PSO,1.9885134881072668
14,3,9,450,PSO,8.63688914340795
14,3,10,450,PSO,2.767922664866403
14,3,11,450,PSO,1.172766700963356
14,3,12,450,PSO,1.1744318825053182
14,3,13,450,PSO,1.1045469279227607
14,3,14,450,PSO,1.287357958415688
14,3,15,450,PSO,1.163142981025238
14,3,16,450,PSO,1.1566467640536575
14,3,17,450,PSO,1.1155816638983675
14,3,18,450,PSO,1.001962288915358
14,3,19,450,PSO,2.6872915010834473
14,4,0,450,PSO,2.896212232165071
14,4,1,450,PSO,2.3487326468531418
14,4,2,450,PSO,1.0958894201887235
14,4,3,450,PSO,1.3291193901247778
14,4,4,450,PSO,1.6894376239056539
14,4,5,450,PSO,2.701243615350268
14,4,6,450,PSO,1.8546729346289719
14,4,7,450,PSO,1.2614480278016478
14,4,8,450,PSO,0.6448688302023222
14,4,9,450,PSO,2.561784834959808
14,4,10,450,PSO,1.3548901556785318
14,4,11,450,PSO,1.0299068004551966
14,4,12,450,PSO,1.3731555365669634
14,4,13,450,PSO,3.707478445245752
14,4,14,450,PSO,1.1859612152733277
14,4,15,450,PSO,2.9390073849318807
14,4,16,450,PSO,1.0038323426060127
14,4,17,450,PSO,1.4908256795716175
14,4,18,450,PSO,1.1897280981964002
14,4,19,450,PSO,3.3859574177335205
14,5,0,450,PSO,1.4238944435302212
14,5,1,450,PSO,4.533601146011241
14,5,2,450,PSO,1.2930126851829802
14,5,3,450,PSO,10.241791964386556
14,5,4,450,PSO,1.1097339777287767
14,5,5,450,PSO,3.12761913125918
14,5,6,450,PSO,1.4997966648829453
14,5,7,450,PSO,3.2557934705031926
14,5,8,450,PSO,3.4814283210463937
14,5,9,450,PSO,2.595810017747696
14,5,10,450,PSO,2.5558990764702596
14,5,11,450,PSO,5.249415562435219
14,5,12,450,PSO,1.2747812383031136
14,5,13,450,PSO,1.3558689954801688
14,5,14,450,PSO,2.6669047134907817
14,5,15,450,PSO,3.676568798294704
14,5,16,450,PSO,1.2628951919063645
14,5,17,450,PSO,8.602198353203502
14,5,18,450,PSO,0.9962481348815342
14,5,19,450,PSO,1.5084480732433714
14,6,0,450,PSO,0.6311656116997568
14,6,1,450,PSO,0.6642559350137499
14,6,2,450,PSO,2.0314626140521135
14,6,3,450,PSO,1.0899751649662437
14,6,4,450,PSO,1.2219904290411896
14,6,5,450,PSO,1.398354021913383
14,6,6,450,PSO,1.3599971553139476
14,6,7,450,PSO,0.520069801669498
14,6,8,450,PSO,1.0746776491517611
14,6,9,450,PSO,1.2838993812207424
14,6,10,450,PSO,1.7236228830041855
14,6,11,450,PSO,2.462260804906166
14,6,12,450,PSO,1.2586543100461955
14,6,13,450,PSO,1.321160601004366
14,6,14,450,PSO,1.733324169180843
14,6,15,450,PSO,1.3785147399116018
14,6,16,450,PSO,1.4174154292598238
14,6,17,450,PSO,1.386385501371184
14,6,18,450,PSO,0.5134591586573366
14,6,19,450,PSO,0.8707596858384069
14,7,0,450,PSO,2.5313638188457
14,7,1,450,PSO,0.5796414793947713
14,7,2,450,PSO,1.3557320031196813
14,7,3,450,PSO,1.4228007157962688
14,7,4,450,PSO,0.927385181109502
14,7,5,450,PSO,1.3964284129853441
14,7,6,450,PSO,2.7098737074922656
14,7,7,450,PSO,0.5306796107111289
14,7,8,450,PSO,1.1205165696181165
14,7,9,450,PSO,2.652416257698808
14,7,10,450,PSO,2.1532900213639716
14,7,11,450,PSO,2.8866091911645886
14,7,12,450,PSO,0.8816963025633743
14,7,13,450,PSO,1.1165001957399228
14,7,14,450,PSO,0.6934658226118492
14,7,15,450,PSO,1.6387994734365332
14,7,16,450,PSO,1.2901281749308953
14,7,17,450,PSO,1.5529201782092785
14,7,18,450,PSO,1.2601320599847652
14,7,19,450,PSO,1.6457157573311023
15,1,0,450,PSO,7.879519529052768
15,1,1,450,PSO,8.675912831867013
15,1,2,450,PSO,8.935096787004296
15,1,3,450,PSO,8.33940684518801
15,1,4,450,PSO,7.103217217933492
15,1,5,450,PSO,7.696660892572278
15,1,6,450,PSO,7.989494828694474
15,1,7,450,PSO,7.204998722965486
15,1,8,450,PSO,7.653888306567247
15,1,9,450,PSO,7.890917446670404
15,1,10,450,PSO,7.8779531876918405
15,1,11,450,PSO,7.461819362797231
15,1,12,450,PSO,8.010103653127567
15,1,13,450,PSO,7.26384664250097
15,1,14,450,PSO,7.303537814322318
15,1,15,450,PSO,7.651129277770123
15,1,16,450,PSO,8.24965174467391
15,1,17,450,PSO,7.827342456331416
15,1,18,450,PSO,7.319913250144279
15,1,19,450,PSO,7.258412677510566
15,2,0,450,PSO,7.42538201961281
15,2,1,450,PSO,8.666435256490498
15,2,2,450,PSO,8.430017357328662
15,2,3,450,PSO,7.426522667636347
15,2,4,450,PSO,8.460807468287243
15,2,5,450,PSO,7.226212179510763
15,2,6,450,PSO,8.181163392437284
15,2,7,450,PSO,7.333837070697086
15,2,8,450,PSO,7.516590939397608
15,2,9,450,PSO,7.644141568312073
15,2,10,450,PSO,7.748575633166662
15,2,11,450,PSO,7.701059524356809
15,2,12,450,PSO,8.517745503622503
15,2,13,450,PSO,7.352812820471234
15,2,14,450,PSO,8.35480261190297
15,2,15,450,PSO,8.268128919915064
15,2,16,450,PSO,7.936756263812172
15,2,17,450,PSO,8.670828012404247
15,2,18,450,PSO,8.729308704326746
15,2,19,450,PSO,7.0295034600656665
15,3,0,450,PSO,8.631700723099671
15,3,1,450,PSO,7.145969658557881
15,3,2,450,PSO,6.971239429892572
15,3,3,450,PSO,7.429636285794336
15,3,4,450,PSO,7.057416927986866
15,3,5,450,PSO,7.191109628164774
15,3,6,450,PSO,7.268091963424778
15,3,7,450,PSO,7.6605143208126645
15,3,8,450,PSO,7.933465202750613
15,3,9,450,PSO,7.303939242123754
15,3,10,450,PSO,8.088397083371003
15,3,11,450,PSO,8.566574434579737
15,3,12,450,PSO,7.183428466436131
15,3,13,450,PSO,7.169741188495424
15,3,14,450,PSO,7.367856468000376
15,3,15,450,PSO,7.723028031985119
15,3,16,450,PSO,7.272531142988969
15,3,17,450,PSO,7.062666423576334
15,3,18,450,PSO,7.6000203766972705
15,3,19,450,PSO,7.025922968533417
15,4,0,450,PSO,6.957473744003769
15,4,1,450,PSO,7.674224556650025
15,4,2,450,PSO,9.602154517729677
15,4,3,450,PSO,8.028382794548387
15,4,4,450,PSO,7.635657153333732
15,4,5,450,PSO,7.708002565885347
15,4,6,450,PSO,8.705111051240564
15,4,7,450,PSO,7.459592205768373
15,4,8,450,PSO,7.650385075228765
15,4,9,450,PSO,7.580892031770907
15,4,10,450,PSO,6.7200672933075225
15,4,11,450,PSO,7.837542618158441
15,4,12,450,PSO,7.467364760697824
15,4,13,450,PSO,7.050138384762146
15,4,14,450,PSO,7.187621144446027
15,4,15,450,PSO,7.883164511795059
15,4,16,450,PSO,7.975588956310959
15,4,17,450,PSO,6.993794657058831
15,4,18,450,PSO,7.5426300827797395
15,4,19,450,PSO,8.1617068835368
15,5,0,450,PSO,8.061137544586746
15,5,1,450,PSO,8.42632030414074
15,5,2,450,PSO,7.9323199229814785
15,5,3,450,PSO,6.682523967496031
15,5,4,450,PSO,8.337280535128667
15,5,5,450,PSO,7.352774019054388
15,5,6,450,PSO,7.418831871888914
15,5,7,450,PSO,7.8905242393240504
15,5,8,450,PSO,7.762708398785031
15,5,9,450,PSO,7.522708379832093
15,5,10,450,PSO,7.2152569314111386
15,5,11,450,PSO,7.906486847544898
15,5,12,450,PSO,7.750012842733262
15,5,13,450,PSO,8.13166209545454
15,5,14,450,PSO,8.528927884554882
15,5,15,450,PSO,7.501068818402534
15,5,16,450,PSO,8.494513991010901
15,5,17,450,PSO,7.8780136785237245
15,5,18,450,PSO,8.553191811925116
15,5,19,450,PSO,7.563336065442635
15,6,0,450,PSO,7.8512485412154085
15,6,1,450,PSO,7.300837555501036
15,6,2,450,PSO,8.946363943613573
15,6,3,450,PSO,7.364610656792473
15,6,4,450,PSO,8.49326410277206
15,6,5,450,PSO,7.8771029071173455
15,6,6,450,PSO,8.742920692374108
15,6,7,450,PSO,7.491828413358397
15,6,8,450,PSO,7.729201808291639
15,6,9,450,PSO,7.945526737191423
15,6,10,450,PSO,8.12656805193487
15,6,11,450,PSO,7.7285557726822205
15,6,12,450,PSO,8.226755376760554
15,6,13,450,PSO,8.029297396384163
15,6,14,450,PSO,8.054481397753802
15,6,15,450,PSO,7.933495159402832
15,6,16,450,PSO,7.972494944264892
15,6,17,450,PSO,7.423738005921151
15,6,18,450,PSO,7.992582336530098
15,6,19,450,PSO,7.729779411120408
15,7,0,450,PSO,7.387683459515014
15,7,1,450,PSO,8.046317685683757
15,7,2,450,PSO,7.223233519705533
15,7,3,450,PSO,7.690527525452236
15,7,4,450,PSO,8.258491712447064
15,7,5,450,PSO,7.857339385894522
15,7,6,450,PSO,8.14137971953662
15,7,7,450,PSO,7.400048336040995
15,7,8,450,PSO,7.477458372116019
15,7,9,450,PSO,8.242407340854813
15,7,10,450,PSO,7.256501288009895
15,7,11,450,PSO,7.284490158300454
15,7,12,450,PSO,6.918377085300867
15,7,13,450,PSO,8.538326736569564
15,7,14,450,PSO,7.8304121699452365
15,7,15,450,PSO,7.569191228244668
15,7,16,450,PSO,7.797442045262895
15,7,17,450,PSO,7.535237328548039
15,7,18,450,PSO,8.405554869038118
15,7,19,450,PSO,8.483430193505804
16,1,0,450,PSO,1.636410584933767
16,1,1,450,PSO,3.045101841766937
16,1,2,450,PSO,1.6070081695363818
16,1,3,450,PSO,2.4363157483646245
16,1,4,450,PSO,1.802929694516164
16,1,5,450,PSO,2.1429274468396238
16,1,6,450,PSO,1.3660887128166304
16,1,7,450,PSO,0.7475155537697015
16,1,8,450,PSO,1.9979168517048809
16,1,9,450,PSO,2.8771367099459035
16,1,10,450,PSO,1.3907625759257118
16,1,11,450,PSO,2.482495233457645
16,1,12,450,PSO,1.62677369634933
16,1,13,450,PSO,2.110280304933181
16,1,14,450,PSO,0.6886331968136244
16,1,15,450,PSO,1.7020804729848436
16,1,16,450,PSO,2.240296304493944
16,1,17,450,PSO,1.0252563466370825
16,1,18,450,PSO,2.239629626048898
16,1,19,450,PSO,0.6294715912871706
16,2,0,450,PSO,0.6323821714003914
16,2,1,450,PSO,1.8888953717125203
16,2,2,450,PSO,2.5183342708832144
16,2,3,450,PSO,2.162658123717616
16,2,4,450,PSO,1.9721688754626192
16,2,5,450,PSO,1.922348217746383
16,2,6,450,PSO,2.0498099863147923
16,2,7,450,PSO,1.8670522201233153
16,2,8,450,PSO,1.586659116185138
16,2,9,450,PSO,1.8187801964022836
16,2,10,450,PSO,3.0932836377168615
16,2,11,450,PSO,2.314457132658464
16,2,12,450,PSO,2.2931545807763176
16,2,13,450,PSO,3.243327852984181
16,2,14,450,PSO,2.179953509556043
16,2,15,450,PSO,0.749365896406966
16,2,16,450,PSO,2.4453357158955646
16,2,17,450,PSO,1.0654840319331178
16,2,18,450,PSO,1.1674520887369468
16,2,19,450,PSO,2.0060738007839456
16,3,0,450,PSO,1.6347239312587782
16,3,1,450,PSO,1.1969014078524378
16,3,2,450,PSO,1.4554330295803128
16,3,3,450,PSO,0.6982157266059889
16,3,4,450,PSO,0.8659791264209111
16,3,5,450,PSO,0.6322985814721814
16,3,6,450,PSO,0.6904011216471826
16,3,7,450,PSO,0.7563492192878623
16,3,8,450,PSO,0.6978462576620886
16,3,9,450,PSO,1.6204526773919579
16,3,10,450,PSO,1.3939775882711474
16,3,11,450,PSO,0.8298780182069647
16,3,12,450,PSO,1.296563204988501
16,3,13,450,PSO,1.8617464859432182
16,3,14,450,PSO,1.745530885908419
16,3,15,450,PSO,1.6713427947293666
16,3,16,450,PSO,0.8466017252331671
16,3,17,450,PSO,1.9314151075885653
16,3,18,450,PSO,1.568351225260449
16,3,19,450,PSO,1.362062270683943
16,4,0,450,PSO,1.98240111751358
16,4,1,450,PSO,2.044920901696782
16,4,2,450,PSO,1.5440134817788937
16,4,3,450,PSO,2.102328912180136
16,4,4,450,PSO,2.834457375626817
16,4,5,450,PSO,2.3166724080387144
16,4,6,450,PSO,1.610688526203164
16,4,7,450,PSO,2.015824450327966
16,4,8,450,PSO,1.9945561302721344
16,4,9,450,PSO,2.2283192967674803
16,4,10,450,PSO,2.0268924987431833
16,4,11,450,PSO,1.249905410632815
16,4,12,450,PSO,1.8174322286207532
16,4,13,450,PSO,2.221167482295345
16,4,14,450,PSO,1.3847357932483457
16,4,15,450,PSO,1.7753801180711983
16,4,16,450,PSO,0.9859099913599831
16,4,17,450,PSO,1.3358119326023503
16,4,18,450,PSO,2.2019705890329004
16,4,19,450,PSO,1.8336328467657603
16,5,0,450,PSO,1.3765286221752326
16,5,1,450,PSO,1.8119062071155876
16,5,2,450,PSO,0.8686708793317429
16,5,3,450,PSO,0.7510189957350566
16,5,4,450,PSO,0.8408968897714282
16,5,5,450,PSO,1.660352739856764
16,5,6,450,PSO,1.2435301812608026
16,5,7,450,PSO,0.7748998270242767
16,5,8,450,PSO,0.8993033039936866
16,5,9,450,PSO,2.5314308270332795
16,5,10,450,PSO,0.8476956007626858
16,5,11,450,PSO,1.7430316285593568
16,5,12,450,PSO,0.5576463798758823
16,5,13,450,PSO,0.606869471779374
16,5,14,450,PSO,0.6915616502631484
16,5,15,450,PSO,2.2987017652787696
16,5,16,450,PSO,1.13678411169328
16,5,17,450,PSO,0.5380402311448055
16,5,18,450,PSO,0.48047279015368083
16,5,19,450,PSO,1.9934406501017758
16,6,0,450,PSO,0.9916586219780876
16,6,1,450,PSO,1.5819682083276974
16,6,2,450,PSO,1.7141927610740946
16,6,3,450,PSO,1.8679976852899776
16,6,4,450,PSO,0.7327514832523513
16,6,5,450,PSO,0.5716326882400545
16,6,6,450,PSO,0.6650697396492267
16,6,7,450,PSO,2.140249196246906
16,6,8,450,PSO,0.9277131885663179
16,6,9,450,PSO,2.482780286879518
16,6,10,450,PSO,0.7889264410791585
16,6,11,450,PSO,0.9126567528551625
16,6,12,450,PSO,0.7314633513958952
16,6,13,450,PSO,1.8382072366191302
16,6,14,450,PSO,0.7754569502642142
16,6,15,450,PSO,0.6872307746887409
16,6,16,450,PSO,0.971393619101294
16,6,17,450,PSO,0.9522456209225882
16,6,18,450,PSO,1.059602419010657
16,6,19,450,PSO,1.5743793306520883
16,7,0,450,PSO,3.331429565576336
16,7,1,450,PSO,1.860152098542552
16,7,2,450,PSO,2.123316526518887
16,7,3,450,PSO,1.9901518880370754
16,7,4,450,PSO,1.6465788175789018
16,7,5,450,PSO,2.3968201926948045
16,7,6,450,PSO,2.984982103330447
16,7,7,450,PSO,0.7628431474924285
16,7,8,450,PSO,1.3321016695528383
16,7,9,450,PSO,2.2260019502064687
16,7,10,450,PSO,1.7121687069947193
16,7,11,450,PSO,1.8406289426823492
16,7,12,450,PSO,2.1610305187030936
16,7,13,450,PSO,0.7807078864623257
16,7,14,450,PSO,1.7755105144857402
16,7,15,450,PSO,0.7743646698898845
16,7,16,450,PSO,1.8111908119167768
16,7,17,450,PSO,2.1350360351886253
16,7,18,450,PSO,1.2443139210829899
16,7,19,450,PSO,1.9784418095591578
17,1,0,450,PSO,0.22737415754197665
17,1,1,450,PSO,0.3837105591487753
17,1,2,450,PSO,0.2778293644770854
17,1,3,450,PSO,0.1828664715462508
17,1,4,450,PSO,0.1446266724547019
17,1,5,450,PSO,0.3184069606189381
17,1,6,450,PSO,0.3188182939685875
17,1,7,450,PSO,0.3219562137543168
17,1,8,450,PSO,0.21997376061484689
17,1,9,450,PSO,0.1896443459720787
17,1,10,450,PSO,0.3008617360935721
17,1,11,450,PSO,0.2721944250897835
17,1,12,450,PSO,0.42646483828943976
17,1,13,450,PSO,0.22309464882672045
17,1,14,450,PSO,0.4196788547151916
17,1,15,450,PSO,0.6105397365272314
17,1,16,450,PSO,0.27069274377031366
17,1,17,450,PSO,0.21259948399735518
17,1,18,450,PSO,0.12664674893683123
17,1,19,450,PSO,0.20552722225236844
17,2,0,450,PSO,0.21217382609638114
17,2,1,450,PSO,0.2078734149982856
17,2,2,450,PSO,0.4546381959665741
17,2,3,450,PSO,0.35317189852430303
17,2,4,450,PSO,0.31569062440112605
17,2,5,450,PSO,0.18968177835228997
17,2,6,450,PSO,0.2212863570677275
17,2,7,450,PSO,0.3288128588100255
17,2,8,450,PSO,0.10539814481903577
17,2,9,450,PSO,0.4033496077228964
17,2,10,450,PSO,0.25399433823051
17,2,11,450,PSO,0.3977937969172541
17,2,12,450,PSO,0.21220775410017328
17,2,13,450,PSO,0.3668608535497888
17,2,14,450,PSO,0.31602432833709154
17,2,15,450,PSO,0.20548591945296418
17,2,16,450,PSO,0.1283961830529358
17,2,17,450,PSO,0.2057401295307479
17,2,18,450,PSO,0.4198124871629141
17,2,19,450,PSO,0.2742667603192101
17,3,0,450,PSO,0.4310036659291261
17,3,1,450,PSO,0.23749320088412523
17,3,2,450,PSO,0.4322834007063945
17,3,3,450,PSO,0.3591468023377146
17,3,4,450,PSO,0.2001784313066381
17,3,5,450,PSO,0.20026686183269277
17,3,6,450,PSO,0.23618743590733476
17,3,7,450,PSO,0.229697070986348
17,3,8,450,PSO,0.2620025717082359
17,3,9,450,PSO,0.20029845489867495
17,3,10,450,PSO,0.13922510699696072
17,3,11,450,PSO,0.40243823153773756
17,3,12,450,PSO,0.15967292536245684
17,3,13,450,PSO,0.1301464985288855
17,3,14,450,PSO,0.1865318631838482
17,3,15,450,PSO,0.20773171738459548
17,3,16,450,PSO,0.3809765290914747
17,3,17,450,PSO,0.22329057092160864
17,3,18,450,PSO,0.2366010997622246
17,3,19,450,PSO,0.1259291715563959
17,4,0,450,PSO,0.4699703253671774
17,4,1,450,PSO,0.4033448212801541
17,4,2,450,PSO,0.7027935714060695
17,4,3,450,PSO,0.3637054783695469
17,4,4,450,PSO,0.217751311119817
17,4,5,450,PSO,0.22362927077656836
17,4,6,450,PSO,0.24458764325192545
17,4,7,450,PSO,0.31531836810070124
17,4,8,450,PSO,0.34045264141720744
17,4,9,450,PSO,0.3954565888510559
17,4,10,450,PSO,0.31692253006226667
17,4,11,450,PSO,0.13423032171153892
17,4,12,450,PSO,0.2975330047315385
17,4,13,450,PSO,0.2469025793255471
17,4,14,450,PSO,0.22141882703984456
17,4,15,450,PSO,0.3097562810252734
17,4,16,450,PSO,0.2573703187211783
17,4,17,450,PSO,0.22209673770243102
17,4,18,450,PSO,0.35307213303103746
17,4,19,450,PSO,0.2453797574548716
17,5,0,450,PSO,0.47211749157890365
17,5,1,450,PSO,0.29884491431583815
17,5,2,450,PSO,0.34817459701727715
17,5,3,450,PSO,0.11771825273552783
17,5,4,450,PSO,0.47232678102290593
17,5,5,450,PSO,0.3236593741001357
17,5,6,450,PSO,0.5060460363909544
17,5,7,450,PSO,0.22032063621810147
17,5,8,450,PSO,0.4994609572831777
17,5,9,450,PSO,0.21060212225642105
17,5,10,450,PSO,0.4300959171115877
17,5,11,450,PSO,0.4186894994533169
17,5,12,450,PSO,0.12157250631770035
17,5,13,450,PSO,0.2694131389402252
17,5,14,450,PSO,0.26769006310543475
17,5,15,450,PSO,0.19262213584433963
17,5,16,450,PSO,0.45076192002143034
17,5,17,450,PSO,0.39534164966131846
17,5,18,450,PSO,0.2210196409839125
17,5,19,450,PSO,0.21462417923827393
17,6,0,450,PSO,0.7301098127736091
17,6,1,450,PSO,0.2811181717888267
17,6,2,450,PSO,0.3685349706096794
17,6,3,450,PSO,0.34203775148848675
17,6,4,450,PSO,0.2934312087194218
17,6,5,450,PSO,0.4456667825109446
17,6,6,450,PSO,0.43123275992324495
17,6,7,450,PSO,0.5266407365620648
17,6,8,450,PSO,0.3199731249749638
17,6,9,450,PSO,0.37014297367535487
17,6,10,450,PSO,0.14247007283020163
17,6,11,450,PSO,0.4202464969264747
17,6,12,450,PSO,0.21590623695894834
17,6,13,450,PSO,0.22005650664656712
17,6,14,450,PSO,0.2462843935937192
17,6,15,450,PSO,0.2174476700356138
17,6,16,450,PSO,0.2675666497052988
17,6,17,450,PSO,0.09597948995043412
17,6,18,450,PSO,0.323513291764845
17,6,19,450,PSO,0.40885366422501174
17,7,0,450,PSO,0.24187616616646046
17,7,1,450,PSO,0.16994834182490737
17,7,2,450,PSO,0.30957235911925507
17,7,3,450,PSO,0.2735154249119147
17,7,4,450,PSO,0.3564975801950159
17,7,5,450,PSO,0.19330003321879566
17,7,6,450,PSO,0.286072009084533
17,7,7,450,PSO,0.19358245245595632
17,7,8,450,PSO,0.27331197195386897
17,7,9,450,PSO,0.3567222299567549
17,7,10,450,PSO,0.471852803923016
17,7,11,450,PSO,0.2203945802887587
17,7,12,450,PSO,0.33420972677376964
17,7,13,450,PSO,0.1337791115160954
17,7,14,450,PSO,0.19843129395502979
17,7,15,450,PSO,0.17948341181441432
17,7,16,450,PSO,0.20770148488044254
17,7,17,450,PSO,0.39122003603297917
17,7,18,450,PSO,0.42667436711656076
17,7,19,450,PSO,0.42885820360129406
18,1,0,450,PSO,0.5855666543657234
18,1,1,450,PSO,0.7985001533930196
18,1,2,450,PSO,0.5533386959714225
18,1,3,450,PSO,1.348747700411628
18,1,4,450,PSO,0.8953074941034518
18,1,5,450,PSO,0.6288834369684998
18,1,6,450,PSO,0.9533204294042994
18,1,7,450,PSO,0.6583255953821863
18,1,8,450,PSO,0.5254454285159459
18,1,9,450,PSO,0.48239574072354435
18,1,10,450,PSO,0.5935999003521627
18,1,11,450,PSO,0.6517590133353075
18,1,12,450,PSO,0.5911887044054687
18,1,13,450,PSO,0.7040586077492451
18,1,14,450,PSO,0.9456248127092123
18,1,15,450,PSO,0.7078164552178079
18,1,16,450,PSO,0.6548789484272763
18,1,17,450,PSO,0.742202792578899
18,1,18,450,PSO,0.8062001936916197
18,1,19,450,PSO,0.6170189152770535
18,2,0,450,PSO,0.561171186750834
18,2,1,450,PSO,0.588037756948599
18,2,2,450,PSO,0.5585312595862564
18,2,3,450,PSO,0.9947011661440209
18,2,4,450,PSO,0.6125074544327546
18,2,5,450,PSO,0.5316461800271988
18,2,6,450,PSO,0.6633466308368139
18,2,7,450,PSO,0.685049449983681
18,2,8,450,PSO,0.610532333529376
18,2,9,450,PSO,0.7420868039170045
18,2,10,450,PSO,0.46812170054956265
18,2,11,450,PSO,0.5155556719409811
18,2,12,450,PSO,0.7489046518769782
18,2,13,450,PSO,0.8846319234713026
18,2,14,450,PSO,0.711619176683721
18,2,15,450,PSO,0.8249480588947004
18,2,16,450,PSO,0.6445908169352174
18,2,17,450,PSO,0.6516490526596443
18,2,18,450,PSO,0.5083550840786261
18,2,19,450,PSO,0.958587885042436
18,3,0,450,PSO,0.7423101475189744
18,3,1,450,PSO,0.5999718648738847
18,3,2,450,PSO,0.6910648849420973
18,3,3,450,PSO,0.4678905201347943
18,3,4,450,PSO,0.5561403691864646
18,3,5,450,PSO,0.6395333907160113
18,3,6,450,PSO,0.4769378584000035
18,3,7,450,PSO,0.6948939449280006
18,3,8,450,PSO,0.44094040307737764
18,3,9,450,PSO,0.7847280788782393
18,3,10,450,PSO,0.5901358337974819
18,3,11,450,PSO,0.649785865965168
18,3,12,450,PSO,0.3656316241208182
18,3,13,450,PSO,0.8876714394341441
18,3,14,450,PSO,0.6508761324823042
18,3,15,450,PSO,0.6580035356791514
18,3,16,450,PSO,0.7530961146504266
18,3,17,450,PSO,0.4528793003740805
18,3,18,450,PSO,0.5782210066247797
18,3,19,450,PSO,0.6276218568470823
18,4,0,450,PSO,0.5969913612391384
18,4,1,450,PSO,0.5967529365717332
18,4,2,450,PSO,0.5814703904317035
18,4,3,450,PSO,0.6340404613928251
18,4,4,450,PSO,0.4484519979111566
18,4,5,450,PSO,0.6978149611383091
18,4,6,450,PSO,0.6839358856356732
18,4,7,450,PSO,0.7366728290430453
18,4,8,450,PSO,0.7009440700641442
18,4,9,450,PSO,0.8469902410034812
18,4,10,450,PSO,0.6737231782362049
18,4,11,450,PSO,0.6366883416831837
18,4,12,450,PSO,0.6137513847461821
18,4,13,450,PSO,0.43216052212648265
18,4,14,450,PSO,0.7209107983195334
18,4,15,450,PSO,0.9501931919402308
18,4,16,450,PSO,0.592658650210569
18,4,17,450,PSO,0.6740131664981026
18,4,18,450,PSO,0.7515561354558523
18,4,19,450,PSO,0.5876318419257199
18,5,0,450,PSO,0.5435149812691993
18,5,1,450,PSO,0.7328142670950112
18,5,2,450,PSO,0.5615189742702318
18,5,3,450,PSO,0.5021049560798873
18,5,4,450,PSO,0.52968973047538
18,5,5,450,PSO,0.686040700190939
18,5,6,450,PSO,1.0769616984117965
18,5,7,450,PSO,0.5850273754832161
18,5,8,450,PSO,0.643710173130836
18,5,9,450,PSO,0.2720815747931425
18,5,10,450,PSO,0.6336901018175793
18,5,11,450,PSO,0.6795118397685308
18,5,12,450,PSO,0.5399331868157436
18,5,13,450,PSO,0.7750034835975188
18,5,14,450,PSO,0.742278182061683
18,5,15,450,PSO,0.7361039224930049
18,5,16,450,PSO,0.738976721464581
18,5,17,450,PSO,1.0348157004449943
18,5,18,450,PSO,0.5464780981166473
18,5,19,450,PSO,0.5710104895362044
18,6,0,450,PSO,0.6139660421039915
18,6,1,450,PSO,0.591757657320252
18,6,2,450,PSO,0.8438496193284892
18,6,3,450,PSO,0.5835185469141799
18,6,4,450,PSO,0.5721514716443664
18,6,5,450,PSO,0.44108650103061087
18,6,6,450,PSO,0.8170608241206355
18,6,7,450,PSO,0.7036881942806513
18,6,8,450,PSO,0.6043310942705915
18,6,9,450,PSO,0.4510912198356937
18,6,10,450,PSO,0.6826400280513649
18,6,11,450,PSO,0.7481715640171663
18,6,12,450,PSO,0.5534956251137342
18,6,13,450,PSO,0.49613455882674085
18,6,14,450,PSO,0.7270739359981255
18,6,15,450,PSO,0.572478342132797
18,6,16,450,PSO,0.435338110714104
18,6,17,450,PSO,0.6650279620059515
18,6,18,450,PSO,0.793605117683637
18,6,19,450,PSO,0.6200050556452856
18,7,0,450,PSO,0.49184435742337584
18,7,1,450,PSO,0.5658231816701156
18,7,2,450,PSO,0.5562847221642317
18,7,3,450,PSO,0.5225109961253823
18,7,4,450,PSO,0.6901147026005305
18,7,5,450,PSO,0.9174322164427711
18,7,6,450,PSO,0.5326873940710204
18,7,7,450,PSO,0.5772261334438199
18,7,8,450,PSO,0.719500987876371
18,7,9,450,PSO,0.6917137505505769
18,7,10,450,PSO,0.8210609014967135
18,7,11,450,PSO,0.7798812463010745
18,7,12,450,PSO,0.47728036259657247
18,7,13,450,PSO,0.6525559917214171
18,7,14,450,PSO,0.33588003639303154
18,7,15,450,PSO,0.9402819603277178
18,7,16,450,PSO,0.6401378117117147
18,7,17,450,PSO,0.5740270926051535
18,7,18,450,PSO,0.6889591531158438
18,7,19,450,PSO,0.3983678821959012
19,1,0,450,PSO,2.006320531378275
19,1,1,450,PSO,1.2404579754053657
19,1,2,450,PSO,1.196331323524806
19,1,3,450,PSO,2.2251871254518156
19,1,4,450,PSO,3.1273592627925164
19,1,5,450,PSO,2.2454454939773982
19,1,6,450,PSO,2.4209347439833993
19,1,7,450,PSO,2.4458735818441584
19,1,8,450,PSO,1.916128715222812
19,1,9,450,PSO,1.0542883779294798
19,1,10,450,PSO,1.7263100858762248
19,1,11,450,PSO,1.3507976869491243
19,1,12,450,PSO,2.790977761427964
19,1,13,450,PSO,1.3942270160463048
19,1,14,450,PSO,1.2140885057479303
19,1,15,450,PSO,1.6838053978416372
19,1,16,450,PSO,1.9497281106638367
19,1,17,450,PSO,1.450290612861103
19,1,18,450,PSO,1.7929936264863444
19,1,19,450,PSO,1.2397933900881632
19,2,0,450,PSO,0.7770778297316288
19,2,1,450,PSO,1.4464953804142686
19,2,2,450,PSO,2.395101869031377
19,2,3,450,PSO,1.0985529496013915
19,2,4,450,PSO,1.6572634860903819
19,2,5,450,PSO,1.4358048493060305
19,2,6,450,PSO,2.0062450628430057
19,2,7,450,PSO,1.9154692868760554
19,2,8,450,PSO,1.725777296510398
19,2,9,450,PSO,2.3032762460327953
19,2,10,450,PSO,1.3834654804874422
19,2,11,450,PSO,2.8582059535831448
19,2,12,450,PSO,3.0090616911947454
19,2,13,450,PSO,3.1894830806013195
19,2,14,450,PSO,1.335882993012564
19,2,15,450,PSO,0.7437335946568333
19,2,16,450,PSO,1.4386021175002581
19,2,17,450,PSO,1.6646338778103047
19,2,18,450,PSO,1.186662846825364
19,2,19,450,PSO,2.1168189160107183
19,3,0,450,PSO,3.0334511486837585
19,3,1,450,PSO,2.394613385851941
19,3,2,450,PSO,0.9719092257340746
19,3,3,450,PSO,1.7112610855318338
19,3,4,450,PSO,5.3179275881159285
19,3,5,450,PSO,1.4239200704477848
19,3,6,450,PSO,1.5979118570831194
19,3,7,450,PSO,1.014113686618158
19,3,8,450,PSO,1.106678013739922
19,3,9,450,PSO,1.2731079881089342
19,3,10,450,PSO,2.2590786498587567
19,3,11,450,PSO,3.011493228688069
19,3,12,450,PSO,1.4815966809157208
19,3,13,450,PSO,4.072665309967062
19,3,14,450,PSO,1.2777338618365968
19,3,15,450,PSO,2.5881207528398313
19,3,16,450,PSO,1.6898371010550934
19,3,17,450,PSO,2.2410324006903655
19,3,18,450,PSO,1.7370570465447384
19,3,19,450,PSO,2.454258874145434
19,4,0,450,PSO,1.8421748319087785
19,4,1,450,PSO,1.3509190347270894
19,4,2,450,PSO,1.9037838442207307
19,4,3,450,PSO,2.823076397703756
19,4,4,450,PSO,2.3825181946988074
19,4,5,450,PSO,3.389177076342811
19,4,6,450,PSO,1.9297823411873198
19,4,7,450,PSO,1.2467532386352844
19,4,8,450,PSO,3.5357498340907236
19,4,9,450,PSO,1.905304395746706
19,4,10,450,PSO,1.6309415608539637
19,4,11,450,PSO,2.66838440425692
19,4,12,450,PSO,0.7934420966433001
19,4,13,450,PSO,1.6460696170514049
19,4,14,450,PSO,2.0335039723527335
19,4,15,450,PSO,2.5339555601986543
19,4,16,450,PSO,2.225580176604487
19,4,17,450,PSO,2.626193868130839
19,4,18,450,PSO,1.7148831763199324
19,4,19,450,PSO,2.391534118579195
19,5,0,450,PSO,1.6454801582625622
19,5,1,450,PSO,2.277612041572486
19,5,2,450,PSO,2.498173632566082
19,5,3,450,PSO,2.4007523505979553
19,5,4,450,PSO,3.1481232206879106
19,5,5,450,PSO,2.742750185560419
19,5,6,450,PSO,1.6985665233593277
19,5,7,450,PSO,1.6351562620747158
19,5,8,450,PSO,1.2548789938421354
19,5,9,450,PSO,1.4141571787735725
19,5,10,450,PSO,1.6562232885098778
19,5,11,450,PSO,3.7835084660929397
19,5,12,450,PSO,3.371133820767813
19,5,13,450,PSO,1.2906961329774007
19,5,14,450,PSO,1.3509778265000272
19,5,15,450,PSO,1.7187756513895123
19,5,16,450,PSO,1.068206824210383
19,5,17,450,PSO,1.7948574594913655
19,5,18,450,PSO,1.1662883461232927
19,5,19,450,PSO,2.488529504846515
19,6,0,450,PSO,1.3665442944367736
19,6,1,450,PSO,1.4975827968187947
19,6,2,450,PSO,1.8627793343205736
19,6,3,450,PSO,0.8524169072805143
19,6,4,450,PSO,2.0126077376979135
19,6,5,450,PSO,2.149514983954763
19,6,6,450,PSO,2.5075261720138955
19,6,7,450,PSO,1.52383947716567
19,6,8,450,PSO,1.0225826814667929
19,6,9,450,PSO,2.1523361340602816
19,6,10,450,PSO,2.522568725749338
19,6,11,450,PSO,2.4297186603119956
19,6,12,450,PSO,1.1611891858767893
19,6,13,450,PSO,1.2630451140788976
19,6,14,450,PSO,1.4758192426310928
19,6,15,450,PSO,1.5868859113296538
19,6,16,450,PSO,2.280694604848524
19,6,17,450,PSO,2.032052246987224
19,6,18,450,PSO,1.142288668487297
19,6,19,450,PSO,0.8537636096198248
19,7,0,450,PSO,1.2251613503185161
19,7,1,450,PSO,2.842819316775855
19,7,2,450,PSO,1.927293206505506
19,7,3,450,PSO,1.9858951633908546
19,7,4,450,PSO,1.5998430542731537
19,7,5,450,PSO,1.9696324946357273
19,7,6,450,PSO,1.2406100801705047
19,7,7,450,PSO,1.1355041675769224
19,7,8,450,PSO,1.858452030276472
19,7,9,450,PSO,1.1763904317312437
19,7,10,450,PSO,3.093644253694121
19,7,11,450,PSO,2.5771701808213736
19,7,12,450,PSO,1.824491891447928
19,7,13,450,PSO,2.287611257746183
19,7,14,450,PSO,2.182466480580873
19,7,15,450,PSO,2.5260564611124208
19,7,16,450,PSO,1.789658853912228
19,7,17,450,PSO,1.7265200169656838
19,7,18,450,PSO,1.7105150317967173
19,7,19,450,PSO,1.9007408603891256
20,1,0,450,PSO,8.844896398355047
20,1,1,450,PSO,7.470456074632618
20,1,2,450,PSO,9.1427231274456
20,1,3,450,PSO,4.627724122122548
20,1,4,450,PSO,5.998701626905223
20,1,5,450,PSO,6.524260512399445
20,1,6,450,PSO,5.625380399833707
20,1,7,450,PSO,6.620903215145346
20,1,8,450,PSO,7.819914918403986
20,1,9,450,PSO,7.384879501715477
20,1,10,450,PSO,7.892420538925053
20,1,11,450,PSO,10.996510338884434
20,1,12,450,PSO,7.179956080715786
20,1,13,450,PSO,6.437432500156562
20,1,14,450,PSO,5.7979453995983325
20,1,15,450,PSO,6.92579229016865
20,1,16,450,PSO,5.937628926061806
20,1,17,450,PSO,9.017656303795825
20,1,18,450,PSO,5.0223136389356196
20,1,19,450,PSO,6.346468930603976
20,2,0,450,PSO,6.212008749776347
20,2,1,450,PSO,5.943969948294548
20,2,2,450,PSO,7.308006808913867
20,2,3,450,PSO,5.428569689705578
20,2,4,450,PSO,7.058233388252262
20,2,5,450,PSO,8.694558634224295
20,2,6,450,PSO,5.523962570034745
20,2,7,450,PSO,5.918366744766457
20,2,8,450,PSO,5.848735373672462
20,2,9,450,PSO,4.135872856753834
20,2,10,450,PSO,5.599558388898432
20,2,11,450,PSO,6.77713656789271
20,2,12,450,PSO,7.2756357128253635
20,2,13,450,PSO,6.115398502125133
20,2,14,450,PSO,5.548012878201938
20,2,15,450,PSO,7.074762808502446
20,2,16,450,PSO,5.461326811864021
20,2,17,450,PSO,6.283184240292725
20,2,18,450,PSO,5.439596977155491
20,2,19,450,PSO,6.643577045916878
20,3,0,450,PSO,5.596549635756073
20,3,1,450,PSO,5.866653683698644
20,3,2,450,PSO,5.571698132159676
20,3,3,450,PSO,5.823739443250772
20,3,4,450,PSO,5.384164025581649
20,3,5,450,PSO,5.920726608483591
20,3,6,450,PSO,7.459034607554693
20,3,7,450,PSO,6.136096673955229
20,3,8,450,PSO,6.463575073091181
20,3,9,450,PSO,6.8014601196659665
20,3,10,450,PSO,4.862950553942629
20,3,11,450,PSO,5.323762064506438
20,3,12,450,PSO,4.632839533495501
20,3,13,450,PSO,5.481634371881451
20,3,14,450,PSO,9.3960237638457
20,3,15,450,PSO,6.545634546730359
20,3,16,450,PSO,5.2540855906659765
20,3,17,450,PSO,8.42952560815852
20,3,18,450,PSO,7.12174151818621
20,3,19,450,PSO,4.583960913982145
20,4,0,450,PSO,6.684481835096091
20,4,1,450,PSO,6.4500091929173635
20,4,2,450,PSO,8.462140322887798
20,4,3,450,PSO,7.4779202385069405
20,4,4,450,PSO,6.953978878966643
20,4,5,450,PSO,6.892853654149001
20,4,6,450,PSO,6.547544932051773
20,4,7,450,PSO,9.284064216403026
20,4,8,450,PSO,5.466677307756695
20,4,9,450,PSO,5.025212736176994
20,4,10,450,PSO,9.456774580702197
20,4,11,450,PSO,6.450835808830901
20,4,12,450,PSO,3.621246349364948
20,4,13,450,PSO,6.751794414210734
20,4,14,450,PSO,6.6460375012892525
20,4,15,450,PSO,5.939678929113624
20,4,16,450,PSO,4.89034061223601
20,4,17,450,PSO,8.464645689446458
20,4,18,450,PSO,7.542195026365782
20,4,19,450,PSO,4.550718845947992
20,5,0,450,PSO,5.346283410473854
20,5,1,450,PSO,3.931730924515806
20,5,2,450,PSO,5.557335100077692
20,5,3,450,PSO,6.722863972873992
20,5,4,450,PSO,5.337783684103537
20,5,5,450,PSO,5.23168046909684
20,5,6,450,PSO,5.297092201654169
20,5,7,450,PSO,7.714819607903589
20,5,8,450,PSO,7.318757658038444
20,5,9,450,PSO,6.157297892869769
20,5,10,450,PSO,4.504593066340894
20,5,11,450,PSO,6.83032566793895
20,5,12,450,PSO,3.973498543597484
20,5,13,450,PSO,5.812021224103883
20,5,14,450,PSO,6.557904441320849
20,5,15,450,PSO,5.612227773031835
20,5,16,450,PSO,8.039429110994194
20,5,17,450,PSO,4.747055487666502
20,5,18,450,PSO,6.089720878051464
20,5,19,450,PSO,7.238182879291354
20,6,0,450,PSO,7.704457761613307
20,6,1,450,PSO,10.47671966890907
20,6,2,450,PSO,3.6116367863080456
20,6,3,450,PSO,9.791081848771373
20,6,4,450,PSO,4.67810239485946
20,6,5,450,PSO,6.855877439895509
20,6,6,450,PSO,6.79874212409522
20,6,7,450,PSO,9.914747413588023
20,6,8,450,PSO,7.252577713673746
20,6,9,450,PSO,8.595384723344226
20,6,10,450,PSO,7.539887583082926
20,6,11,450,PSO,9.472316697125732
20,6,12,450,PSO,6.974376696331939
20,6,13,450,PSO,5.048368479097121
20,6,14,450,PSO,4.337530263684014
20,6,15,450,PSO,7.469091270804459
20,6,16,450,PSO,7.8818754979503804
20,6,17,450,PSO,7.668215901851847
20,6,18,450,PSO,8.411917801914212
20,6,19,450,PSO,7.654889363039175
20,7,0,450,PSO,6.097049811898413
20,7,1,450,PSO,6.8750605945115
20,7,2,450,PSO,6.7476593353814005
20,7,3,450,PSO,6.08048279217538
20,7,4,450,PSO,6.849256178347151
20,7,5,450,PSO,8.356246575437945
20,7,6,450,PSO,8.30179629060284
20,7,7,450,PSO,4.693271155712176
20,7,8,450,PSO,6.436844607836739
20,7,9,450,PSO,4.913968099965195
20,7,10,450,PSO,6.846073913879628
20,7,11,450,PSO,7.092046434586436
20,7,12,450,PSO,7.169773193410724
20,7,13,450,PSO,6.02985470566361
20,7,14,450,PSO,5.249648864061528
20,7,15,450,PSO,6.274732917142073
20,7,16,450,PSO,4.823914230194325
20,7,17,450,PSO,7.607073268513333
20,7,18,450,PSO,6.195082048875795
20,7,19,450,PSO,5.680875848212168
21,1,0,450,PSO,2.085336536707401
21,1,1,450,PSO,2.3265123632739084
21,1,2,450,PSO,3.5515111303894953
21,1,3,450,PSO,1.7290217021207794
21,1,4,450,PSO,5.657010226339232
21,1,5,450,PSO,2.189684834086775
21,1,6,450,PSO,4.178214226131309
21,1,7,450,PSO,1.3009064777144275
21,1,8,450,PSO,1.7646390058377603
21,1,9,450,PSO,2.949069530369714
21,1,10,450,PSO,6.864111388964646
21,1,11,450,PSO,6.36376678742736
21,1,12,450,PSO,3.577085993677087
21,1,13,450,PSO,2.5229451714436895
21,1,14,450,PSO,2.4507569659645982
21,1,15,450,PSO,2.3762285570132486
21,1,16,450,PSO,2.11916524075185
21,1,17,450,PSO,3.7714349136247516
21,1,18,450,PSO,6.211983743186296
21,1,19,450,PSO,1.539477706993254
21,2,0,450,PSO,6.256407268545142
21,2,1,450,PSO,2.7089065317113
21,2,2,450,PSO,6.2460438733734565
21,2,3,450,PSO,6.294508632703142
21,2,4,450,PSO,3.1780586150681165
21,2,5,450,PSO,6.5535359105508
21,2,6,450,PSO,2.276786839387747
21,2,7,450,PSO,6.239694816479819
21,2,8,450,PSO,1.9429746110955028
21,2,9,450,PSO,2.23570429321735
21,2,10,450,PSO,1.3352892460927377
21,2,11,450,PSO,1.9177772097881314
21,2,12,450,PSO,2.0237683782111935
21,2,13,450,PSO,6.348471728512284
21,2,14,450,PSO,5.646399921002945
21,2,15,450,PSO,2.9499070087962402
21,2,16,450,PSO,3.430532523934949
21,2,17,450,PSO,6.098329444863552
21,2,18,450,PSO,2.4447045661047957
21,2,19,450,PSO,2.6562079350222705
21,3,0,450,PSO,2.089437770362237
21,3,1,450,PSO,7.627840272577813
21,3,2,450,PSO,2.9987462357247305
21,3,3,450,PSO,4.073713112883756
21,3,4,450,PSO,1.5837211736554826
21,3,5,450,PSO,6.896284852698927
21,3,6,450,PSO,6.942015479669119
21,3,7,450,PSO,7.366769836858744
21,3,8,450,PSO,1.3004959905888562
21,3,9,450,PSO,7.613254407189101
21,3,10,450,PSO,6.495785708822696
21,3,11,450,PSO,1.739125436837331
21,3,12,450,PSO,1.3140239228609487
21,3,13,450,PSO,5.101710181199215
21,3,14,450,PSO,8.101493057605202
21,3,15,450,PSO,4.6356717066776065
21,3,16,450,PSO,6.680776382396441
21,3,17,450,PSO,5.055193359022187
21,3,18,450,PSO,5.88853427594892
21,3,19,450,PSO,5.281081310818751
21,4,0,450,PSO,2.3437393634426806
21,4,1,450,PSO,2.0298702892054146
21,4,2,450,PSO,7.427778850036657
21,4,3,450,PSO,6.347990601452076
21,4,4,450,PSO,6.6998020257810955
21,4,5,450,PSO,4.746276498569064
21,4,6,450,PSO,3.954768914129923
21,4,7,450,PSO,7.29976243011948
21,4,8,450,PSO,6.359136728421037
21,4,9,450,PSO,5.6046559953368185
21,4,10,450,PSO,6.396721228536613
21,4,11,450,PSO,6.386844329239376
21,4,12,450,PSO,7.510286393802186
21,4,13,450,PSO,6.120224910578459
21,4,14,450,PSO,7.746464899786398
21,4,15,450,PSO,2.29855750384712
21,4,16,450,PSO,2.8087822103899036
21,4,17,450,PSO,1.7366856827039512
21,4,18,450,PSO,2.4297077110694087
21,4,19,450,PSO,6.470693779852356
21,5,0,450,PSO,1.1896229540866807
21,5,1,450,PSO,1.7932743895496441
21,5,2,450,PSO,2.5673061738618386
21,5,3,450,PSO,3.7283700231874137
21,5,4,450,PSO,6.495337540404292
21,5,5,450,PSO,3.733676336088223
21,5,6,450,PSO,6.339168768042078
21,5,7,450,PSO,1.4000370060220562
21,5,8,450,PSO,2.522416522615569
21,5,9,450,PSO,2.29169741870022
21,5,10,450,PSO,6.250808651472801
21,5,11,450,PSO,2.741849887647618
21,5,12,450,PSO,2.323579624868689
21,5,13,450,PSO,7.13603767199492
21,5,14,450,PSO,6.361341505212997
21,5,15,450,PSO,6.613063056053315
21,5,16,450,PSO,1.3503785297483226
21,5,17,450,PSO,2.595071735099756
21,5,18,450,PSO,2.0144595888173358
21,5,19,450,PSO,5.895136470497123
21,6,0,450,PSO,2.579038178938226
21,6,1,450,PSO,2.3809342572831387
21,6,2,450,PSO,2.8599685726647754
21,6,3,450,PSO,3.197819086982656
21,6,4,450,PSO,4.968451431889152
21,6,5,450,PSO,2.4267990137635933
21,6,6,450,PSO,2.161706656057632
21,6,7,450,PSO,4.840712031610668
21,6,8,450,PSO,7.571844222021774
21,6,9,450,PSO,1.4782781040163127
21,6,10,450,PSO,5.64589467721224
21,6,11,450,PSO,6.298679706532329
21,6,12,450,PSO,6.5096879280093995
21,6,13,450,PSO,1.1163488774316637
21,6,14,450,PSO,2.9116751587178538
21,6,15,450,PSO,2.57740714996997
21,6,16,450,PSO,2.3777951824871977
21,6,17,450,PSO,5.482777849973725
21,6,18,450,PSO,2.560560652276025
21,6,19,450,PSO,2.191688525225689
21,7,0,450,PSO,4.674914472342497
21,7,1,450,PSO,8.208356472337805
21,7,2,450,PSO,4.0569430082553675
21,7,3,450,PSO,7.013273268187869
21,7,4,450,PSO,4.051364584978424
21,7,5,450,PSO,5.480241597905119
21,7,6,450,PSO,5.866387119370556
21,7,7,450,PSO,7.717879737212785
21,7,8,450,PSO,2.589267083196838
21,7,9,450,PSO,2.406402723641474
21,7,10,450,PSO,5.850123558098512
21,7,11,450,PSO,3.108912660337038
21,7,12,450,PSO,2.511153835751962
21,7,13,450,PSO,6.098351152234706
21,7,14,450,PSO,4.071471219774164
21,7,15,450,PSO,3.169167181155054
21,7,16,450,PSO,2.154533967192078
21,7,17,450,PSO,6.545000765379236
21,7,18,450,PSO,1.4211383914776792
21,7,19,450,PSO,2.5888920323647953
22,1,0,450,PSO,2.2446169754481082
22,1,1,450,PSO,1.9745594833548274
22,1,2,450,PSO,1.6198116427845468
22,1,3,450,PSO,1.3260902579991451
22,1,4,450,PSO,1.3763236254895848
22,1,5,450,PSO,3.342552745885712
22,1,6,450,PSO,2.164045604122649
22,1,7,450,PSO,1.235608787648962
22,1,8,450,PSO,2.1546631465665276
22,1,9,450,PSO,2.5631476602686507
22,1,10,450,PSO,2.32611654410572
22,1,11,450,PSO,2.219214189579954
22,1,12,450,PSO,1.459616341989606
22,1,13,450,PSO,2.108033845444577
22,1,14,450,PSO,2.3468498556115063
22,1,15,450,PSO,1.9080146242079956
22,1,16,450,PSO,1.8765712232383582
22,1,17,450,PSO,3.14732660384366
22,1,18,450,PSO,2.78326643075865
22,1,19,450,PSO,1.77892435976076
22,2,0,450,PSO,2.4802922374071428
22,2,1,450,PSO,2.1654751734341486
22,2,2,450,PSO,2.6459823522611057
22,2,3,450,PSO,2.588844993309616
22,2,4,450,PSO,1.574982611487914
22,2,5,450,PSO,1.595934952952378
22,2,6,450,PSO,2.088706223373913
22,2,7,450,PSO,1.191836905860516
22,2,8,450,PSO,2.3462281356004375
22,2,9,450,PSO,2.527853180045622
22,2,10,450,PSO,1.65386392091156
22,2,11,450,PSO,2.082479445888203
22,2,12,450,PSO,2.392454970830006
22,2,13,450,PSO,2.2458984272427256
22,2,14,450,PSO,2.164397902681776
22,2,15,450,PSO,1.5006464244054871
22,2,16,450,PSO,1.6428915467520515
22,2,17,450,PSO,1.4674928668614837
22,2,18,450,PSO,1.4931412699348192
22,2,19,450,PSO,1.855902765378951
22,3,0,450,PSO,1.354972682739391
22,3,1,450,PSO,1.4705362604505072
22,3,2,450,PSO,1.9123336156013329
22,3,3,450,PSO,2.720927400546248
22,3,4,450,PSO,1.9302644234117838
22,3,5,450,PSO,3.4228766433558273
22,3,6,450,PSO,1.9755037604987282
22,3,7,450,PSO,1.827137020197772
22,3,8,450,PSO,2.3156355611629165
22,3,9,450,PSO,1.5501644865432456
22,3,10,450,PSO,2.415855167108122
22,3,11,450,PSO,1.545895654761918
22,3,12,450,PSO,1.258340181398254
22,3,13,450,PSO,1.0516526159806414
22,3,14,450,PSO,2.947463370934356
22,3,15,450,PSO,1.5667532808612175
22,3,16,450,PSO,1.594541090610295
22,3,17,450,PSO,2.5210270899779563
22,3,18,450,PSO,1.2686594751673812
22,3,19,450,PSO,1.4946474057726662
22,4,0,450,PSO,2.4383433582180483
22,4,1,450,PSO,2.792913715132373
22,4,2,450,PSO,1.5333023422127172
22,4,3,450,PSO,1.9765835192566379
22,4,4,450,PSO,2.8033964893622065
22,4,5,450,PSO,2.0089030112643447
22,4,6,450,PSO,2.0044346920502476
22,4,7,450,PSO,2.3565498914788168
22,4,8,450,PSO,2.1538155317778895
22,4,9,450,PSO,2.434274336083318
22,4,10,450,PSO,1.845118195339596
22,4,11,450,PSO,1.7032237475327108
22,4,12,450,PSO,1.2744873590824704
22,4,13,450,PSO,1.9594343860556622
22,4,14,450,PSO,1.0742046033182864
22,4,15,450,PSO,1.8685905473864735
22,4,16,450,PSO,1.4820785879985323
22,4,17,450,PSO,2.0863247537061533
22,4,18,450,PSO,2.758711256829677
22,4,19,450,PSO,2.512858095462581
22,5,0,450,PSO,2.1427065411932857
22,5,1,450,PSO,1.678566834998114
22,5,2,450,PSO,1.6320126920679117
22,5,3,450,PSO,1.7338495557863496
22,5,4,450,PSO,1.5026594806069746
22,5,5,450,PSO,2.036387074982698
22,5,6,450,PSO,1.2275996434558034
22,5,7,450,PSO,1.2211722463171961
22,5,8,450,PSO,1.6369984477187418
22,5,9,450,PSO,3.102819335350582
22,5,10,450,PSO,1.9467067130268647
22,5,11,450,PSO,2.7481004047103323
22,5,12,450,PSO,1.7501749712018644
22,5,13,450,PSO,1.733296772059566
22,5,14,450,PSO,2.2366318798012386
22,5,15,450,PSO,3.333497181411265
22,5,16,450,PSO,2.6817706776688546
22,5,17,450,PSO,2.8790261327812163
22,5,18,450,PSO,1.7603527485014714
22,5,19,450,PSO,1.5147129317513404
22,6,0,450,PSO,1.8303528651376728
22,6,1,450,PSO,2.373917398869842
22,6,2,450,PSO,2.280063807758362
22,6,3,450,PSO,1.5330842961669822
22,6,4,450,PSO,2.7258594763767627
22,6,5,450,PSO,1.2072401950421794
22,6,6,450,PSO,1.5901282268350345
22,6,7,450,PSO,1.491498983751827
22,6,8,450,PSO,3.21028980695545
22,6,9,450,PSO,1.9604921715523234
22,6,10,450,PSO,1.48073032569565
22,6,11,450,PSO,1.8348608610424855
22,6,12,450,PSO,1.4912938011965557
22,6,13,450,PSO,2.9289122394311558
22,6,14,450,PSO,2.8908000379016348
22,6,15,450,PSO,3.309132596296593
22,6,16,450,PSO,2.563173902673913
22,6,17,450,PSO,1.2954669960715905
22,6,18,450,PSO,1.5719392635829106
22,6,19,450,PSO,2.322387602828664
22,7,0,450,PSO,1.581740597136427
22,7,1,450,PSO,1.6621754342300283
22,7,2,450,PSO,1.9128998386715552
22,7,3,450,PSO,1.5316654434633248
22,7,4,450,PSO,1.5383265744301493
22,7,5,450,PSO,2.053184399673814
22,7,6,450,PSO,1.9021307969179375
22,7,7,450,PSO,2.0144384444106125
22,7,8,450,PSO,1.7668903768148452
22,7,9,450,PSO,1.4210164366628266
22,7,10,450,PSO,1.7735523078928748
22,7,11,450,PSO,1.3876872724440974
22,7,12,450,PSO,2.9293299402667303
22,7,13,450,PSO,1.1897784104882907
22,7,14,450,PSO,1.6492983944293536
22,7,15,450,PSO,1.1009316738535326
22,7,16,450,PSO,1.315877151100955
22,7,17,450,PSO,1.787410186226635
22,7,18,450,PSO,0.9714293979774739
22,7,19,450,PSO,1.4117826613300886
23,1,0,450,PSO,5.602844320175184
23,1,1,450,PSO,5.238495027806667
23,1,2,450,PSO,4.32589881405104
23,1,3,450,PSO,3.824244385794774
23,1,4,450,PSO,5.041331689312394
23,1,5,450,PSO,4.554703080344709
23,1,6,450,PSO,4.223533043064936
23,1,7,450,PSO,4.231932919166796
23,1,8,450,PSO,3.5549670197557965
23,1,9,450,PSO,4.911175785790701
23,1,10,450,PSO,3.904765804272522
23,1,11,450,PSO,5.038876157682458
23,1,12,450,PSO,4.117119620098561
23,1,13,450,PSO,4.519454273665505
23,1,14,450,PSO,3.478436256350773
23,1,15,450,PSO,4.838278208668853
23,1,16,450,PSO,6.483720290458764
23,1,17,450,PSO,7.786156950106094
23,1,18,450,PSO,2.6661933195895466
23,1,19,450,PSO,4.794110588587888
23,2,0,450,PSO,3.6720011618410133
23,2,1,450,PSO,3.9107857431071165
23,2,2,450,PSO,4.6525355467799185
23,2,3,450,PSO,4.504407111513985
23,2,4,450,PSO,5.823572072762599
23,2,5,450,PSO,4.258013473137312
23,2,6,450,PSO,5.616486453650657
23,2,7,450,PSO,3.701880735203017
23,2,8,450,PSO,6.862647962576251
23,2,9,450,PSO,5.653267822358851
23,2,10,450,PSO,4.220240643228894
23,2,11,450,PSO,3.795511942987014
23,2,12,450,PSO,5.275085992945565
23,2,13,450,PSO,4.130610970735385
23,2,14,450,PSO,3.978755055628857
23,2,15,450,PSO,4.0311964961780555
23,2,16,450,PSO,5.196217163968594
23,2,17,450,PSO,5.710206306267189
23,2,18,450,PSO,4.86874754530524
23,2,19,450,PSO,4.902841114059791
23,3,0,450,PSO,8.31302645715319
23,3,1,450,PSO,3.5532414113833277
23,3,2,450,PSO,4.403418508341591
23,3,3,450,PSO,4.305603674139292
23,3,4,450,PSO,5.913673993337136
23,3,5,450,PSO,6.444703075924699
23,3,6,450,PSO,7.221233599631712
23,3,7,450,PSO,7.225791550783009
23,3,8,450,PSO,5.474212012407119
23,3,9,450,PSO,4.964024135848415
23,3,10,450,PSO,9.933723019198412
23,3,11,450,PSO,4.138720539452542
23,3,12,450,PSO,3.2145032821170467
23,3,13,450,PSO,3.7132124737070717
23,3,14,450,PSO,5.201373715033935
23,3,15,450,PSO,3.6494976859928463
23,3,16,450,PSO,3.991180757611066
23,3,17,450,PSO,4.718997928323336
23,3,18,450,PSO,5.60638221145607
23,3,19,450,PSO,3.439837157853322
23,4,0,450,PSO,4.176711544803162
23,4,1,450,PSO,4.601987489731586
23,4,2,450,PSO,4.848521268660524
23,4,3,450,PSO,4.0218067312025045
23,4,4,450,PSO,4.951059823429013
23,4,5,450,PSO,3.8163842932258434
23,4,6,450,PSO,5.1046401309589715
23,4,7,450,PSO,5.362753384999407
23,4,8,450,PSO,3.745674628361074
23,4,9,450,PSO,7.398340340149103
23,4,10,450,PSO,6.830955730740913
23,4,11,450,PSO,3.9882953683307294
23,4,12,450,PSO,4.439584445219363
23,4,13,450,PSO,4.956547901870198
23,4,14,450,PSO,5.580958122835378
23,4,15,450,PSO,7.419329034669327
23,4,16,450,PSO,3.4981872281162034
23,4,17,450,PSO,6.673880127535729
23,4,18,450,PSO,5.17532526130423
23,4,19,450,PSO,5.866391578087981
23,5,0,450,PSO,4.3762529984777805
23,5,1,450,PSO,3.7665584964311107
23,5,2,450,PSO,5.298809239884056
23,5,3,450,PSO,5.504189371208551
23,5,4,450,PSO,5.3774322919415045
23,5,5,450,PSO,5.957795624679726
23,5,6,450,PSO,5.733153416833534
23,5,7,450,PSO,4.701745924955318
23,5,8,450,PSO,7.263945571273726
23,5,9,450,PSO,4.799240135326388
23,5,10,450,PSO,5.62992258377359
23,5,11,450,PSO,3.703960041752987
23,5,12,450,PSO,6.309017455862611
23,5,13,450,PSO,5.887995668406583
23,5,14,450,PSO,4.836914179915839
23,5,15,450,PSO,5.568263722296249
23,5,16,450,PSO,6.857998766582442
23,5,17,450,PSO,3.6996140358556047
23,5,18,450,PSO,7.1106977562506115
23,5,19,450,PSO,4.453399694415869
23,6,0,450,PSO,3.5771378927242985
23,6,1,450,PSO,4.583751597056049
23,6,2,450,PSO,4.0352565773989495
23,6,3,450,PSO,4.382996916236688
23,6,4,450,PSO,4.371430710778151
23,6,5,450,PSO,5.429296838487498
23,6,6,450,PSO,4.873307134802603
23,6,7,450,PSO,5.509603776319224
23,6,8,450,PSO,5.562571015935021
23,6,9,450,PSO,5.346308443464949
23,6,10,450,PSO,5.412508016084122
23,6,11,450,PSO,4.879273552616818
23,6,12,450,PSO,4.119454713189727
23,6,13,450,PSO,5.195913389141121
23,6,14,450,PSO,3.9716011181934063
23,6,15,450,PSO,4.937518291918578
23,6,16,450,PSO,5.428464901333762
23,6,17,450,PSO,4.765513800664531
23,6,18,450,PSO,4.652776214370438
23,6,19,450,PSO,5.50833737818968
23,7,0,450,PSO,7.171278323331594
23,7,1,450,PSO,3.812276550078066
23,7,2,450,PSO,4.750138025733602
23,7,3,450,PSO,7.160793406350335
23,7,4,450,PSO,4.515763938353704
23,7,5,450,PSO,7.319638522697369
23,7,6,450,PSO,6.016703989241616
23,7,7,450,PSO,9.232180139278725
23,7,8,450,PSO,3.1938722294964346
23,7,9,450,PSO,7.7015139406954125
23,7,10,450,PSO,7.467709833522052
23,7,11,450,PSO,5.677259820928166
23,7,12,450,PSO,6.963941793498309
23,7,13,450,PSO,4.700092755947518
23,7,14,450,PSO,6.198176640077251
23,7,15,450,PSO,4.199445675722105
23,7,16,450,PSO,5.328122756567511
23,7,17,450,PSO,7.768232471001059
23,7,18,450,PSO,3.894957228208973
23,7,19,450,PSO,8.186070766314234
24,1,0,450,PSO,4.094949000955425
24,1,1,450,PSO,4.970838271607166
24,1,2,450,PSO,3.9058576547795973
24,1,3,450,PSO,7.5463369008698535
24,1,4,450,PSO,4.96977994982681
24,1,5,450,PSO,4.73050344360982
24,1,6,450,PSO,3.697838013823677
24,1,7,450,PSO,4.878368090262062
24,1,8,450,PSO,5.173154796055144
24,1,9,450,PSO,6.207606878869475
24,1,10,450,PSO,3.6761092077400286
24,1,11,450,PSO,5.1308562801468085
24,1,12,450,PSO,5.08319375088633
24,1,13,450,PSO,6.3111603782597365
24,1,14,450,PSO,5.376937282765324
24,1,15,450,PSO,5.267537702828896
24,1,16,450,PSO,5.859968090295417
24,1,17,450,PSO,4.245810052097236
24,1,18,450,PSO,4.373423167848148
24,1,19,450,PSO,5.780634769020014
24,2,0,450,PSO,5.982447216630886
24,2,1,450,PSO,5.320588740838284
24,2,2,450,PSO,4.386768361750517
24,2,3,450,PSO,4.653456373263956
24,2,4,450,PSO,7.259066150573448
24,2,5,450,PSO,4.904568399074094
24,2,6,450,PSO,6.764076716509701
24,2,7,450,PSO,4.384902055269699
24,2,8,450,PSO,4.620376616726461
24,2,9,450,PSO,5.355646250632419
24,2,10,450,PSO,5.101881043803068
24,2,11,450,PSO,3.8376103562500665
24,2,12,450,PSO,5.292622500157494
24,2,13,450,PSO,4.618477892024057
24,2,14,450,PSO,4.68805764357633
24,2,15,450,PSO,5.337560008330597
24,2,16,450,PSO,5.629178956500543
24,2,17,450,PSO,4.622369299877235
24,2,18,450,PSO,6.33369466418253
24,2,19,450,PSO,4.959150321488213
24,3,0,450,PSO,5.253978358294601
24,3,1,450,PSO,5.196039760400397
24,3,2,450,PSO,5.452110991107121
24,3,3,450,PSO,8.463345952242086
24,3,4,450,PSO,6.378928239699445
24,3,5,450,PSO,4.477920521514774
24,3,6,450,PSO,6.33146703002311
24,3,7,450,PSO,5.202950020832135
24,3,8,450,PSO,4.820135616119519
24,3,9,450,PSO,6.529470569414864
24,3,10,450,PSO,4.861421582281409
24,3,11,450,PSO,5.885938346011801
24,3,12,450,PSO,5.396342433232402
24,3,13,450,PSO,4.122941806399383
24,3,14,450,PSO,5.320548296156082
24,3,15,450,PSO,4.6972047704701305
24,3,16,450,PSO,4.547899529912804
24,3,17,450,PSO,5.486892618824896
24,3,18,450,PSO,6.022940050774037
24,3,19,450,PSO,5.125036960494015
24,4,0,450,PSO,5.652274519938687
24,4,1,450,PSO,5.707212593508004
24,4,2,450,PSO,4.407050671407895
24,4,3,450,PSO,4.6637796399903
24,4,4,450,PSO,3.5664206930190616
24,4,5,450,PSO,5.487638101543646
24,4,6,450,PSO,6.109045891717073
24,4,7,450,PSO,3.832699691492523
24,4,8,450,PSO,5.738896963927147
24,4,9,450,PSO,4.050667718080486
24,4,10,450,PSO,4.714203613111715
24,4,11,450,PSO,5.569345325789496
24,4,12,450,PSO,4.973158536540322
24,4,13,450,PSO,5.080453603372222
24,4,14,450,PSO,6.031538470710753
24,4,15,450,PSO,4.675450158502241
24,4,16,450,PSO,4.9065213666966265
24,4,17,450,PSO,4.6717978025778715
24,4,18,450,PSO,5.757732663390417
24,4,19,450,PSO,6.155017627211511
24,5,0,450,PSO,6.370588142804042
24,5,1,450,PSO,5.545477121149478
24,5,2,450,PSO,5.177238499900123
24,5,3,450,PSO,5.284904662271903
24,5,4,450,PSO,4.948688829350105
24,5,5,450,PSO,6.736168450995803
24,5,6,450,PSO,5.135034321973508
24,5,7,450,PSO,4.457971333864841
24,5,8,450,PSO,3.7496245008413274
24,5,9,450,PSO,4.585618405787471
24,5,10,450,PSO,3.8571748782269086
24,5,11,450,PSO,6.0100816068024
24,5,12,450,PSO,5.649686685155323
24,5,13,450,PSO,4.572834273403672
24,5,14,450,PSO,5.370859117764629
24,5,15,450,PSO,4.789034024137076
24,5,16,450,PSO,4.7259302061589725
24,5,17,450,PSO,7.614261866964333
24,5,18,450,PSO,5.1441359381280805
24,5,19,450,PSO,4.634903305526461
24,6,0,450,PSO,4.321834515612117
24,6,1,450,PSO,4.989334532624315
24,6,2,450,PSO,6.247191906828736
24,6,3,450,PSO,3.5106954257286604
24,6,4,450,PSO,5.4061343877639825
24,6,5,450,PSO,5.736180320065712
24,6,6,450,PSO,4.894761724047042
24,6,7,450,PSO,4.691763724069243
24,6,8,450,PSO,3.8311820789267714
24,6,9,450,PSO,5.030329030792563
24,6,10,450,PSO,4.592506582050558
24,6,11,450,PSO,4.791120797947348
24,6,12,450,PSO,5.59353927565171
24,6,13,450,PSO,6.095127066752267
24,6,14,450,PSO,0.078264577073935
24,6,15,450,PSO,4.418885512017401
24,6,16,450,PSO,5.605058350986971
24,6,17,450,PSO,5.6397984060504704
24,6,18,450,PSO,5.991794256147889
24,6,19,450,PSO,4.876268170826064
24,7,0,450,PSO,4.621443399937834
24,7,1,450,PSO,5.518756613871023
24,7,2,450,PSO,5.232276743108581
24,7,3,450,PSO,5.876376409771668
24,7,4,450,PSO,5.187566599672903
24,7,5,450,PSO,6.6298681734160025
24,7,6,450,PSO,6.799288893516446
24,7,7,450,PSO,4.724041401557746
24,7,8,450,PSO,4.344507303733637
24,7,9,450,PSO,3.8299378473718333
24,7,10,450,PSO,5.73075749617473
24,7,11,450,PSO,6.596202333083953
24,7,12,450,PSO,4.502397925290096
24,7,13,450,PSO,4.875637622863076
24,7,14,450,PSO,5.445200447404222
24,7,15,450,PSO,4.6793632342970035
24,7,16,450,PSO,5.846612276850407
24,7,17,450,PSO,5.023635079335426
24,7,18,450,PSO,4.188715340739515
24,7,19,450,PSO,5.702313104764505
