fid,iid,rep,a1_budget,algname,achieved_auc
1,1,0,550,PSO,567.3309099286618
1,1,1,550,PSO,627.1536154877534
1,1,2,550,PSO,341.41622602386764
1,1,3,550,PSO,338.39105063694683
1,1,4,550,PSO,244.085307913837
1,1,5,550,PSO,160.89983789033914
1,1,6,550,PSO,459.9362349130119
1,1,7,550,PSO,228.42640190569054
1,1,8,550,PSO,477.5181392112755
1,1,9,550,PSO,346.76835277411976
1,1,10,550,PSO,227.85824659082041
1,1,11,550,PSO,256.1576775867063
1,1,12,550,PSO,387.6420863803435
1,1,13,550,PSO,379.7165095395648
1,1,14,550,PSO,486.887057861528
1,1,15,550,PSO,436.9401419934938
1,1,16,550,PSO,189.65652680205403
1,1,17,550,PSO,548.1823836497254
1,1,18,550,PSO,491.71448730695295
1,1,19,550,PSO,266.79959268584827
1,2,0,550,PSO,776.9021380108283
1,2,1,550,PSO,1083.994651052396
1,2,2,550,PSO,1246.2710911606794
1,2,3,550,PSO,691.4992456126275
1,2,4,550,PSO,797.4912019932323
1,2,5,550,PSO,788.8691524036929
1,2,6,550,PSO,894.5282276525709
1,2,7,550,PSO,628.679455739556
1,2,8,550,PSO,1447.4345032864485
1,2,9,550,PSO,839.5984161906754
1,2,10,550,PSO,771.2242098316799
1,2,11,550,PSO,1587.16007415169
1,2,12,550,PSO,1421.918778356505
1,2,13,550,PSO,1190.583757969131
1,2,14,550,PSO,951.029169301778
1,2,15,550,PSO,649.8535799856867
1,2,16,550,PSO,693.9191349601633
1,2,17,550,PSO,1650.733564118858
1,2,18,550,PSO,1025.9037143887742
1,2,19,550,PSO,997.7225341046111
1,3,0,550,PSO,1028.6754273231275
1,3,1,550,PSO,616.8703483066865
1,3,2,550,PSO,545.3461438184711
1,3,3,550,PSO,603.1534049574909
1,3,4,550,PSO,574.264816843839
1,3,5,550,PSO,839.5617635819798
1,3,6,550,PSO,409.0970658798969
1,3,7,550,PSO,502.9447968212388
1,3,8,550,PSO,834.3916267483734
1,3,9,550,PSO,592.8217216631501
1,3,10,550,PSO,631.3125342571159
1,3,11,550,PSO,978.3909474624513
1,3,12,550,PSO,675.5685735312777
1,3,13,550,PSO,783.4769115719968
1,3,14,550,PSO,640.1743037836542
1,3,15,550,PSO,558.6485299015366
1,3,16,550,PSO,463.083270162764
1,3,17,550,PSO,805.3180547373827
1,3,18,550,PSO,1210.3510588414124
1,3,19,550,PSO,488.75450175138076
1,4,0,550,PSO,468.37890065414945
1,4,1,550,PSO,766.6160904681201
1,4,2,550,PSO,681.4707496679856
1,4,3,550,PSO,1070.1066771293597
1,4,4,550,PSO,669.5241996229905
1,4,5,550,PSO,758.6659485112959
1,4,6,550,PSO,796.0466609538229
1,4,7,550,PSO,295.06661922193314
1,4,8,550,PSO,1132.962842090822
1,4,9,550,PSO,476.8988084523423
1,4,10,550,PSO,433.6851919369367
1,4,11,550,PSO,1133.2531646141742
1,4,12,550,PSO,1255.5960978396351
1,4,13,550,PSO,623.4975009668481
1,4,14,550,PSO,578.1489849037919
1,4,15,550,PSO,1060.1381621975147
1,4,16,550,PSO,764.9898176922975
1,4,17,550,PSO,763.8618888075246
1,4,18,550,PSO,883.6102304528317
1,4,19,550,PSO,756.7686879186222
1,5,0,550,PSO,1055.0903963955814
1,5,1,550,PSO,364.2511598838797
1,5,2,550,PSO,650.4079141180689
1,5,3,550,PSO,785.37344333783
1,5,4,550,PSO,1110.2158044679832
1,5,5,550,PSO,711.9442969600362
1,5,6,550,PSO,642.5066321401318
1,5,7,550,PSO,743.0413734327509
1,5,8,550,PSO,1005.5941079408827
1,5,9,550,PSO,699.6853635119242
1,5,10,550,PSO,296.9664769522589
1,5,11,550,PSO,640.886790147502
1,5,12,550,PSO,378.400057065225
1,5,13,550,PSO,895.2048859193173
1,5,14,550,PSO,1148.804715808784
1,5,15,550,PSO,485.220203137274
1,5,16,550,PSO,296.72719207297916
1,5,17,550,PSO,435.0194278950393
1,5,18,550,PSO,517.9896935967244
1,5,19,550,PSO,645.8044846057462
1,6,0,550,PSO,398.53451704565975
1,6,1,550,PSO,315.47886279377246
1,6,2,550,PSO,1038.2363900267985
1,6,3,550,PSO,604.5610753998482
1,6,4,550,PSO,531.4563810503565
1,6,5,550,PSO,570.6138653531806
1,6,6,550,PSO,340.45385869285553
1,6,7,550,PSO,576.1524513538684
1,6,8,550,PSO,884.7089493964927
1,6,9,550,PSO,528.7688359666115
1,6,10,550,PSO,419.59716697549
1,6,11,550,PSO,382.3331301892208
1,6,12,550,PSO,700.8768135921795
1,6,13,550,PSO,419.1501577877298
1,6,14,550,PSO,564.6526165427001
1,6,15,550,PSO,400.28113960637063
1,6,16,550,PSO,377.1311943719894
1,6,17,550,PSO,341.9316353727184
1,6,18,550,PSO,386.9900893978889
1,6,19,550,PSO,712.6653862352966
1,7,0,550,PSO,336.73392122029713
1,7,1,550,PSO,549.0702171769843
1,7,2,550,PSO,511.86719428757965
1,7,3,550,PSO,604.9838965396061
1,7,4,550,PSO,460.57639741367683
1,7,5,550,PSO,470.3025233645438
1,7,6,550,PSO,264.1377732284891
1,7,7,550,PSO,383.74742697925325
1,7,8,550,PSO,505.15983190661666
1,7,9,550,PSO,312.4435852833843
1,7,10,550,PSO,236.0022222743288
1,7,11,550,PSO,433.93522041390736
1,7,12,550,PSO,413.0755045746785
1,7,13,550,PSO,218.47538045041085
1,7,14,550,PSO,490.9714142161229
1,7,15,550,PSO,256.16851444239995
1,7,16,550,PSO,385.6415051862784
1,7,17,550,PSO,383.46877112994866
1,7,18,550,PSO,395.7545375181067
1,7,19,550,PSO,414.25240355441343
2,1,0,550,PSO,14955225.403167808
2,1,1,550,PSO,8173381.281351229
2,1,2,550,PSO,47196602.54358616
2,1,3,550,PSO,32615142.901736423
2,1,4,550,PSO,39399983.400005646
2,1,5,550,PSO,18948799.535959475
2,1,6,550,PSO,38174142.164523944
2,1,7,550,PSO,17969527.876194526
2,1,8,550,PSO,21678329.382703174
2,1,9,550,PSO,23433200.885054182
2,1,10,550,PSO,8054385.488420178
2,1,11,550,PSO,28189742.396925744
2,1,12,550,PSO,28128605.944159277
2,1,13,550,PSO,7833361.584493008
2,1,14,550,PSO,22626399.97935445
2,1,15,550,PSO,16331938.396014802
2,1,16,550,PSO,25536096.825989176
2,1,17,550,PSO,4987819.577664143
2,1,18,550,PSO,13802582.318577072
2,1,19,550,PSO,20675768.595797613
2,2,0,550,PSO,19123642.337519255
2,2,1,550,PSO,10293359.632546764
2,2,2,550,PSO,13716300.345650772
2,2,3,550,PSO,8948439.555882921
2,2,4,550,PSO,8444370.12422697
2,2,5,550,PSO,4479017.175041151
2,2,6,550,PSO,27346543.53423963
2,2,7,550,PSO,7100647.839876423
2,2,8,550,PSO,21896867.276209857
2,2,9,550,PSO,5304167.752695083
2,2,10,550,PSO,5641268.7828505235
2,2,11,550,PSO,5773339.465750784
2,2,12,550,PSO,16509100.99625973
2,2,13,550,PSO,13749125.92824483
2,2,14,550,PSO,19684700.675247256
2,2,15,550,PSO,10913692.425481308
2,2,16,550,PSO,4794064.161550545
2,2,17,550,PSO,10704813.13567111
2,2,18,550,PSO,13087207.195706818
2,2,19,550,PSO,7888457.882387354
2,3,0,550,PSO,75432102.97415113
2,3,1,550,PSO,76742818.85015763
2,3,2,550,PSO,20483737.437195025
2,3,3,550,PSO,40040724.762705825
2,3,4,550,PSO,20764678.254605412
2,3,5,550,PSO,18488694.630318034
2,3,6,550,PSO,34744909.7278807
2,3,7,550,PSO,18704558.099780023
2,3,8,550,PSO,19510522.96894879
2,3,9,550,PSO,24569542.517540716
2,3,10,550,PSO,50041654.42643798
2,3,11,550,PSO,18461658.717525918
2,3,12,550,PSO,91923931.85778032
2,3,13,550,PSO,47373693.534368254
2,3,14,550,PSO,21379258.431468874
2,3,15,550,PSO,40939060.592211604
2,3,16,550,PSO,23255524.59016133
2,3,17,550,PSO,45379786.9913735
2,3,18,550,PSO,28572886.007642493
2,3,19,550,PSO,10275776.947329491
2,4,0,550,PSO,86051345.08298779
2,4,1,550,PSO,98491116.62774311
2,4,2,550,PSO,8996446.302076058
2,4,3,550,PSO,40012430.43767115
2,4,4,550,PSO,34628964.766627215
2,4,5,550,PSO,25042745.515452657
2,4,6,550,PSO,34099651.48889425
2,4,7,550,PSO,18233435.662843272
2,4,8,550,PSO,9862302.916184038
2,4,9,550,PSO,27167149.632910598
2,4,10,550,PSO,57726075.83233356
2,4,11,550,PSO,18592930.019539345
2,4,12,550,PSO,104786707.63214205
2,4,13,550,PSO,43356641.03404611
2,4,14,550,PSO,7433246.3865494905
2,4,15,550,PSO,107553807.36058527
2,4,16,550,PSO,20573908.03861775
2,4,17,550,PSO,58848237.22912878
2,4,18,550,PSO,40380423.41721247
2,4,19,550,PSO,17354323.36206563
2,5,0,550,PSO,13566617.368434833
2,5,1,550,PSO,6058780.787001849
2,5,2,550,PSO,14886495.749750577
2,5,3,550,PSO,10896823.885945521
2,5,4,550,PSO,4839714.2096205475
2,5,5,550,PSO,1417796.3196106572
2,5,6,550,PSO,19267895.89294206
2,5,7,550,PSO,10532632.7843126
2,5,8,550,PSO,18764798.817881446
2,5,9,550,PSO,6373721.0200277995
2,5,10,550,PSO,5023666.928237644
2,5,11,550,PSO,6279464.039081569
2,5,12,550,PSO,17385450.0597228
2,5,13,550,PSO,20429028.81027458
2,5,14,550,PSO,15636857.963346817
2,5,15,550,PSO,4801193.883110452
2,5,16,550,PSO,8278431.8131045345
2,5,17,550,PSO,11924872.143344054
2,5,18,550,PSO,15204163.218638275
2,5,19,550,PSO,6772762.215456396
2,6,0,550,PSO,118302303.24798296
2,6,1,550,PSO,163570786.1788723
2,6,2,550,PSO,13040213.534666847
2,6,3,550,PSO,51025357.76002186
2,6,4,550,PSO,32085890.39351217
2,6,5,550,PSO,34097059.94922955
2,6,6,550,PSO,28960522.63268016
2,6,7,550,PSO,45357557.14473696
2,6,8,550,PSO,17649986.872726597
2,6,9,550,PSO,57825654.56066504
2,6,10,550,PSO,61045928.151845366
2,6,11,550,PSO,35348000.83260185
2,6,12,550,PSO,127466194.06198277
2,6,13,550,PSO,42277694.228877716
2,6,14,550,PSO,11876812.97964759
2,6,15,550,PSO,139219789.54159135
2,6,16,550,PSO,44920830.99773315
2,6,17,550,PSO,89783142.98344265
2,6,18,550,PSO,73438470.8890847
2,6,19,550,PSO,24604004.075941738
2,7,0,550,PSO,8696102.12391014
2,7,1,550,PSO,22613007.105225902
2,7,2,550,PSO,82804774.2972825
2,7,3,550,PSO,73145585.60395294
2,7,4,550,PSO,58900898.483536266
2,7,5,550,PSO,30948620.23932718
2,7,6,550,PSO,68398103.23540254
2,7,7,550,PSO,36785323.1941376
2,7,8,550,PSO,38620930.72274114
2,7,9,550,PSO,24450308.173183262
2,7,10,550,PSO,19174226.262909126
2,7,11,550,PSO,51337629.031279236
2,7,12,550,PSO,12846033.486588066
2,7,13,550,PSO,3643483.7157924846
2,7,14,550,PSO,42273160.82983446
2,7,15,550,PSO,32907611.23385688
2,7,16,550,PSO,49302837.16227796
2,7,17,550,PSO,7197743.45498593
2,7,18,550,PSO,19308592.35541594
2,7,19,550,PSO,62606528.192435704
3,1,0,550,PSO,15915.653767743795
3,1,1,550,PSO,17427.448722516798
3,1,2,550,PSO,16452.85957111152
3,1,3,550,PSO,21011.876239028697
3,1,4,550,PSO,10754.157897816445
3,1,5,550,PSO,12686.8585338863
3,1,6,550,PSO,13780.124987494444
3,1,7,550,PSO,19113.5245451129
3,1,8,550,PSO,13740.597308400469
3,1,9,550,PSO,17901.76611885213
3,1,10,550,PSO,12266.362174588288
3,1,11,550,PSO,13871.161570408261
3,1,12,550,PSO,11872.365199812406
3,1,13,550,PSO,17699.309731364523
3,1,14,550,PSO,19652.792595154016
3,1,15,550,PSO,15524.708850391611
3,1,16,550,PSO,16685.759106394995
3,1,17,550,PSO,24593.752194287033
3,1,18,550,PSO,16533.21426136457
3,1,19,550,PSO,13677.265501125861
3,2,0,550,PSO,19299.46329234937
3,2,1,550,PSO,16310.127549611329
3,2,2,550,PSO,23128.88071508689
3,2,3,550,PSO,14932.897549171692
3,2,4,550,PSO,12221.7389707656
3,2,5,550,PSO,23852.205576057495
3,2,6,550,PSO,15118.861911506889
3,2,7,550,PSO,15617.819141186861
3,2,8,550,PSO,22588.041612614656
3,2,9,550,PSO,15209.06664445681
3,2,10,550,PSO,9725.215416712981
3,2,11,550,PSO,13654.843763063502
3,2,12,550,PSO,13954.93987134851
3,2,13,550,PSO,17219.56780400344
3,2,14,550,PSO,25178.68832499268
3,2,15,550,PSO,19087.368247136437
3,2,16,550,PSO,13288.35588318597
3,2,17,550,PSO,15381.843144472354
3,2,18,550,PSO,13907.085594566586
3,2,19,550,PSO,17116.711887694175
3,3,0,550,PSO,19807.215825095675
3,3,1,550,PSO,21194.214611729316
3,3,2,550,PSO,9484.391854659167
3,3,3,550,PSO,12911.561247251573
3,3,4,550,PSO,23963.281830317086
3,3,5,550,PSO,15101.863584298822
3,3,6,550,PSO,17394.789135261282
3,3,7,550,PSO,17402.41454789378
3,3,8,550,PSO,17117.108334209974
3,3,9,550,PSO,13646.978384718339
3,3,10,550,PSO,13927.560611360846
3,3,11,550,PSO,10440.522742547195
3,3,12,550,PSO,23253.527628632542
3,3,13,550,PSO,11385.307421014702
3,3,14,550,PSO,18987.303083770563
3,3,15,550,PSO,19799.11287648909
3,3,16,550,PSO,15029.216058963162
3,3,17,550,PSO,14132.798862345595
3,3,18,550,PSO,22012.897330867494
3,3,19,550,PSO,14292.350479547737
3,4,0,550,PSO,16011.082658495423
3,4,1,550,PSO,15237.379047952189
3,4,2,550,PSO,18116.362824685548
3,4,3,550,PSO,21563.66133837022
3,4,4,550,PSO,15503.348762575475
3,4,5,550,PSO,12123.251960125821
3,4,6,550,PSO,15096.159877113805
3,4,7,550,PSO,13299.879376814268
3,4,8,550,PSO,17759.0765710556
3,4,9,550,PSO,16187.722978937507
3,4,10,550,PSO,25575.819157373327
3,4,11,550,PSO,11593.533367349663
3,4,12,550,PSO,24083.06245016685
3,4,13,550,PSO,16184.909703492856
3,4,14,550,PSO,15388.749041935136
3,4,15,550,PSO,16490.908848619365
3,4,16,550,PSO,15814.96655742024
3,4,17,550,PSO,17225.847923951766
3,4,18,550,PSO,11955.843529497404
3,4,19,550,PSO,22734.641842409867
3,5,0,550,PSO,19567.70772687952
3,5,1,550,PSO,12333.43411009128
3,5,2,550,PSO,16457.864200247048
3,5,3,550,PSO,9973.747064871304
3,5,4,550,PSO,12017.10107456902
3,5,5,550,PSO,12358.42663601651
3,5,6,550,PSO,12639.978360899077
3,5,7,550,PSO,19736.313674689176
3,5,8,550,PSO,16014.571166392163
3,5,9,550,PSO,15413.529838765102
3,5,10,550,PSO,11383.345056125409
3,5,11,550,PSO,15900.263366074783
3,5,12,550,PSO,15654.992125910198
3,5,13,550,PSO,24975.03195998991
3,5,14,550,PSO,16670.62930680418
3,5,15,550,PSO,16485.40347500999
3,5,16,550,PSO,27063.15640259955
3,5,17,550,PSO,22513.312637212242
3,5,18,550,PSO,19752.919573230152
3,5,19,550,PSO,18348.385091822343
3,6,0,550,PSO,16602.65505726706
3,6,1,550,PSO,12787.923215089977
3,6,2,550,PSO,18777.019733239315
3,6,3,550,PSO,15587.319160552339
3,6,4,550,PSO,24011.642959248667
3,6,5,550,PSO,28723.026962789867
3,6,6,550,PSO,20821.553664247072
3,6,7,550,PSO,23929.637578423448
3,6,8,550,PSO,20018.37185408155
3,6,9,550,PSO,13531.687805760417
3,6,10,550,PSO,20861.10176451687
3,6,11,550,PSO,20972.108256323518
3,6,12,550,PSO,13120.086268360097
3,6,13,550,PSO,19654.175946366864
3,6,14,550,PSO,18349.061074843365
3,6,15,550,PSO,12788.277529697887
3,6,16,550,PSO,15151.897141452777
3,6,17,550,PSO,15575.290717566617
3,6,18,550,PSO,34663.531090818346
3,6,19,550,PSO,13285.145595871454
3,7,0,550,PSO,10452.184789982533
3,7,1,550,PSO,11081.009641216642
3,7,2,550,PSO,10866.9270987939
3,7,3,550,PSO,14735.071834824175
3,7,4,550,PSO,12790.635967332586
3,7,5,550,PSO,9905.27219083021
3,7,6,550,PSO,13890.91440251579
3,7,7,550,PSO,17128.248650240675
3,7,8,550,PSO,17864.023290856676
3,7,9,550,PSO,15024.521582644353
3,7,10,550,PSO,12015.594166145936
3,7,11,550,PSO,11263.535269740143
3,7,12,550,PSO,18823.3957144632
3,7,13,550,PSO,13160.65554900376
3,7,14,550,PSO,9291.836133991637
3,7,15,550,PSO,8755.844144482438
3,7,16,550,PSO,18433.654419210347
3,7,17,550,PSO,10961.890538669626
3,7,18,550,PSO,18168.155159017628
3,7,19,550,PSO,15438.764491581594
4,1,0,550,PSO,22493.931878855034
4,1,1,550,PSO,20333.05454273635
4,1,2,550,PSO,37257.340481185616
4,1,3,550,PSO,16573.521751956443
4,1,4,550,PSO,17711.83856949827
4,1,5,550,PSO,28362.173069412853
4,1,6,550,PSO,24356.29126143533
4,1,7,550,PSO,27515.69485219726
4,1,8,550,PSO,21106.648572522077
4,1,9,550,PSO,21507.70191629885
4,1,10,550,PSO,12949.879506912594
4,1,11,550,PSO,25589.538396020325
4,1,12,550,PSO,19506.800723456472
4,1,13,550,PSO,21136.131135725496
4,1,14,550,PSO,17539.92640011135
4,1,15,550,PSO,31609.51491157594
4,1,16,550,PSO,28736.217784757282
4,1,17,550,PSO,17094.20627352803
4,1,18,550,PSO,30689.68010051803
4,1,19,550,PSO,21940.666537006135
4,2,0,550,PSO,27354.318365418745
4,2,1,550,PSO,17356.987715819814
4,2,2,550,PSO,27798.064248934592
4,2,3,550,PSO,18617.658868208382
4,2,4,550,PSO,21468.093452604062
4,2,5,550,PSO,26060.5101327827
4,2,6,550,PSO,19260.925356209846
4,2,7,550,PSO,17114.19738163838
4,2,8,550,PSO,38413.52463403628
4,2,9,550,PSO,26880.31312709358
4,2,10,550,PSO,24757.59229389367
4,2,11,550,PSO,14497.462810298115
4,2,12,550,PSO,26508.256623433255
4,2,13,550,PSO,52689.42354537752
4,2,14,550,PSO,27344.108197259407
4,2,15,550,PSO,31928.813464507988
4,2,16,550,PSO,10413.523094737393
4,2,17,550,PSO,27461.947120026598
4,2,18,550,PSO,18763.53060172194
4,2,19,550,PSO,29120.91112832352
4,3,0,550,PSO,47397.39990408266
4,3,1,550,PSO,13895.643669086454
4,3,2,550,PSO,25326.171544261975
4,3,3,550,PSO,29277.446958484914
4,3,4,550,PSO,47097.153060875746
4,3,5,550,PSO,30882.91027339818
4,3,6,550,PSO,19858.00110072833
4,3,7,550,PSO,25196.56952757534
4,3,8,550,PSO,12234.691922180382
4,3,9,550,PSO,24025.039996737978
4,3,10,550,PSO,34748.75450935507
4,3,11,550,PSO,34206.646852007856
4,3,12,550,PSO,26426.803098442993
4,3,13,550,PSO,24366.280484662886
4,3,14,550,PSO,30554.271616980805
4,3,15,550,PSO,19490.197681761467
4,3,16,550,PSO,28066.76267861366
4,3,17,550,PSO,23942.66164666397
4,3,18,550,PSO,30250.246392925827
4,3,19,550,PSO,22487.33536456344
4,4,0,550,PSO,17913.979918269397
4,4,1,550,PSO,12532.080256408459
4,4,2,550,PSO,27709.545954714347
4,4,3,550,PSO,28637.47723220954
4,4,4,550,PSO,19517.716911190353
4,4,5,550,PSO,37978.674628650915
4,4,6,550,PSO,21973.032764734853
4,4,7,550,PSO,22335.055247420998
4,4,8,550,PSO,27239.3244464789
4,4,9,550,PSO,25811.222305000898
4,4,10,550,PSO,34001.18489807668
4,4,11,550,PSO,17747.857825778163
4,4,12,550,PSO,21724.117988986607
4,4,13,550,PSO,33091.45342651461
4,4,14,550,PSO,22818.977777413114
4,4,15,550,PSO,21739.072418496704
4,4,16,550,PSO,19367.24788063831
4,4,17,550,PSO,20139.95261125466
4,4,18,550,PSO,42246.59523026728
4,4,19,550,PSO,29916.75509498435
4,5,0,550,PSO,16646.551804475635
4,5,1,550,PSO,17877.826846640462
4,5,2,550,PSO,18434.370392702735
4,5,3,550,PSO,24670.730906356952
4,5,4,550,PSO,23146.559175748105
4,5,5,550,PSO,20251.558036848397
4,5,6,550,PSO,21126.965344667966
4,5,7,550,PSO,20494.397022803176
4,5,8,550,PSO,20463.226153438667
4,5,9,550,PSO,9763.220041489767
4,5,10,550,PSO,22885.425768825673
4,5,11,550,PSO,18790.356934038056
4,5,12,550,PSO,20958.454654711917
4,5,13,550,PSO,19074.402472350263
4,5,14,550,PSO,19546.098748139426
4,5,15,550,PSO,18120.089197622445
4,5,16,550,PSO,24309.38531034485
4,5,17,550,PSO,20380.185901471013
4,5,18,550,PSO,14180.426631167013
4,5,19,550,PSO,18618.719417764863
4,6,0,550,PSO,43632.683275082076
4,6,1,550,PSO,35131.97900807204
4,6,2,550,PSO,12327.208197875078
4,6,3,550,PSO,18691.605565895927
4,6,4,550,PSO,24905.33187357128
4,6,5,550,PSO,33273.6038008381
4,6,6,550,PSO,20509.16969117182
4,6,7,550,PSO,28117.49022798682
4,6,8,550,PSO,15515.425418298482
4,6,9,550,PSO,26885.348469869263
4,6,10,550,PSO,29251.221211000156
4,6,11,550,PSO,18624.612682655777
4,6,12,550,PSO,24611.17216472966
4,6,13,550,PSO,36611.91421637697
4,6,14,550,PSO,19874.38148262734
4,6,15,550,PSO,32606.067809928936
4,6,16,550,PSO,17531.969177568928
4,6,17,550,PSO,18562.686920762342
4,6,18,550,PSO,25380.69223064516
4,6,19,550,PSO,31463.797134571472
4,7,0,550,PSO,22123.858623593147
4,7,1,550,PSO,17495.180449510506
4,7,2,550,PSO,15710.436432361637
4,7,3,550,PSO,20521.407423045894
4,7,4,550,PSO,14365.36827567542
4,7,5,550,PSO,25715.329039233588
4,7,6,550,PSO,20006.996860305546
4,7,7,550,PSO,24047.03530245854
4,7,8,550,PSO,16278.498574007439
4,7,9,550,PSO,14037.55341328136
4,7,10,550,PSO,12470.417505604377
4,7,11,550,PSO,12437.67125475499
4,7,12,550,PSO,22853.555286331346
4,7,13,550,PSO,19834.766917206114
4,7,14,550,PSO,36346.83148842391
4,7,15,550,PSO,17079.198514036292
4,7,16,550,PSO,15875.497037107096
4,7,17,550,PSO,22617.201485255955
4,7,18,550,PSO,15181.89025620664
4,7,19,550,PSO,17719.65608644622
5,1,0,550,PSO,4451.235445789799
5,1,1,550,PSO,2270.3692394913596
5,1,2,550,PSO,6837.36659507863
5,1,3,550,PSO,8603.279291114273
5,1,4,550,PSO,2144.209231915266
5,1,5,550,PSO,3083.9957965653116
5,1,6,550,PSO,8080.228380841366
5,1,7,550,PSO,3854.5629249748313
5,1,8,550,PSO,1758.337395088373
5,1,9,550,PSO,2368.9667733477418
5,1,10,550,PSO,1510.8257702681155
5,1,11,550,PSO,1688.4644571260967
5,1,12,550,PSO,5032.1522289430395
5,1,13,550,PSO,2568.6260394316573
5,1,14,550,PSO,1361.4476104326209
5,1,15,550,PSO,2313.8502965309062
5,1,16,550,PSO,5174.144803576238
5,1,17,550,PSO,2500.8925769631514
5,1,18,550,PSO,1605.4106076884957
5,1,19,550,PSO,2004.972608820142
5,2,0,550,PSO,5641.542024570575
5,2,1,550,PSO,5419.103195318027
5,2,2,550,PSO,8625.842238930416
5,2,3,550,PSO,1520.6763874297865
5,2,4,550,PSO,4748.617697723842
5,2,5,550,PSO,1715.3275404458557
5,2,6,550,PSO,1246.2359802217886
5,2,7,550,PSO,2403.4673903673956
5,2,8,550,PSO,1162.213965573158
5,2,9,550,PSO,5231.276012084056
5,2,10,550,PSO,1715.4719936143968
5,2,11,550,PSO,2668.6273909267393
5,2,12,550,PSO,10862.971749336393
5,2,13,550,PSO,5485.6227541370645
5,2,14,550,PSO,3117.9102525706135
5,2,15,550,PSO,3022.764310311415
5,2,16,550,PSO,2205.487280877758
5,2,17,550,PSO,1997.0775259884472
5,2,18,550,PSO,2093.5411057093047
5,2,19,550,PSO,9361.449905160916
5,3,0,550,PSO,2558.654446873941
5,3,1,550,PSO,3811.483650991727
5,3,2,550,PSO,1068.588182194577
5,3,3,550,PSO,1049.0206492769462
5,3,4,550,PSO,7405.232424331863
5,3,5,550,PSO,1819.9752503779514
5,3,6,550,PSO,2213.3453438010833
5,3,7,550,PSO,1755.1495461419172
5,3,8,550,PSO,9359.955930031872
5,3,9,550,PSO,1543.0888205737617
5,3,10,550,PSO,2153.4794601917097
5,3,11,550,PSO,2816.4680842682737
5,3,12,550,PSO,2506.1675745917287
5,3,13,550,PSO,1382.7036073540314
5,3,14,550,PSO,3384.638461626662
5,3,15,550,PSO,1606.4260457093594
5,3,16,550,PSO,7175.0879140443885
5,3,17,550,PSO,4438.866747948033
5,3,18,550,PSO,2954.612812090307
5,3,19,550,PSO,3735.4556673638444
5,4,0,550,PSO,4117.455153519488
5,4,1,550,PSO,11717.38871198723
5,4,2,550,PSO,1573.5849649200597
5,4,3,550,PSO,1222.5061078088256
5,4,4,550,PSO,1739.5120871132358
5,4,5,550,PSO,2743.254724187422
5,4,6,550,PSO,2078.890344270489
5,4,7,550,PSO,1741.5195029075294
5,4,8,550,PSO,1794.2381865682516
5,4,9,550,PSO,2116.0783165169923
5,4,10,550,PSO,4554.442587666972
5,4,11,550,PSO,1368.6050544728346
5,4,12,550,PSO,2605.763802947551
5,4,13,550,PSO,1892.6450514909006
5,4,14,550,PSO,2462.56748615217
5,4,15,550,PSO,2038.8832603625287
5,4,16,550,PSO,3153.5920451909715
5,4,17,550,PSO,6539.410664694482
5,4,18,550,PSO,15802.308685740561
5,4,19,550,PSO,2889.8618684862195
5,5,0,550,PSO,1726.8994758677127
5,5,1,550,PSO,2300.167514695326
5,5,2,550,PSO,3426.319481938972
5,5,3,550,PSO,3128.7912065243445
5,5,4,550,PSO,1418.8759770836227
5,5,5,550,PSO,6223.492511711838
5,5,6,550,PSO,2885.424255122035
5,5,7,550,PSO,6221.263570963569
5,5,8,550,PSO,1662.4454324172343
5,5,9,550,PSO,1674.3563767492049
5,5,10,550,PSO,8128.01056179821
5,5,11,550,PSO,2521.5189060260886
5,5,12,550,PSO,7013.907920584768
5,5,13,550,PSO,6260.086831811808
5,5,14,550,PSO,1162.964508779234
5,5,15,550,PSO,2428.2343214436105
5,5,16,550,PSO,1956.4197043419597
5,5,17,550,PSO,2086.0210798003463
5,5,18,550,PSO,2091.557485634598
5,5,19,550,PSO,3320.437357139086
5,6,0,550,PSO,3008.9626729254805
5,6,1,550,PSO,3389.5108609766467
5,6,2,550,PSO,5357.828853505701
5,6,3,550,PSO,1320.3886423142703
5,6,4,550,PSO,2116.4208795060003
5,6,5,550,PSO,4079.071468973435
5,6,6,550,PSO,1380.0730941072702
5,6,7,550,PSO,5591.268258063491
5,6,8,550,PSO,1195.261457904396
5,6,9,550,PSO,1616.658658971131
5,6,10,550,PSO,16414.29817420414
5,6,11,550,PSO,1503.1195494980286
5,6,12,550,PSO,3291.261873399704
5,6,13,550,PSO,1768.184631362986
5,6,14,550,PSO,1210.5964886900101
5,6,15,550,PSO,10324.552372180051
5,6,16,550,PSO,1654.9048628224173
5,6,17,550,PSO,1562.813589395152
5,6,18,550,PSO,2433.765798226579
5,6,19,550,PSO,1723.2902711465956
5,7,0,550,PSO,4117.4551535194905
5,7,1,550,PSO,11717.388711987234
5,7,2,550,PSO,1573.5849649200607
5,7,3,550,PSO,1222.506107808825
5,7,4,550,PSO,1739.512087113238
5,7,5,550,PSO,2743.254724187426
5,7,6,550,PSO,2078.890344270487
5,7,7,550,PSO,1741.5195029075298
5,7,8,550,PSO,1794.2381865682544
5,7,9,550,PSO,2116.0783165169937
5,7,10,550,PSO,4554.442587666995
5,7,11,550,PSO,1368.605054472837
5,7,12,550,PSO,2605.7638029475534
5,7,13,550,PSO,1892.6450514909034
5,7,14,550,PSO,2462.5674861521716
5,7,15,550,PSO,2038.883260362529
5,7,16,550,PSO,3153.592045190969
5,7,17,550,PSO,6539.410664694484
5,7,18,550,PSO,15802.308685740538
5,7,19,550,PSO,2889.8618684862213
6,1,0,550,PSO,796747.9471121024
6,1,1,550,PSO,632061.3682852357
6,1,2,550,PSO,208981.42577099203
6,1,3,550,PSO,484244.13316622336
6,1,4,550,PSO,280568.736883986
6,1,5,550,PSO,210925.41596852813
6,1,6,550,PSO,806904.7153488279
6,1,7,550,PSO,276656.6171024918
6,1,8,550,PSO,953776.3741206068
6,1,9,550,PSO,251498.79546395162
6,1,10,550,PSO,358520.6861728803
6,1,11,550,PSO,349212.33884337614
6,1,12,550,PSO,960479.5286175153
6,1,13,550,PSO,96771.0930986406
6,1,14,550,PSO,552973.3836893799
6,1,15,550,PSO,480272.5480404963
6,1,16,550,PSO,504021.0271301492
6,1,17,550,PSO,772961.3707486234
6,1,18,550,PSO,365035.93369996117
6,1,19,550,PSO,38263.44861582042
6,2,0,550,PSO,618819.3436666484
6,2,1,550,PSO,242935.2213970982
6,2,2,550,PSO,9801.440064118384
6,2,3,550,PSO,134529.8110766619
6,2,4,550,PSO,131871.38003044837
6,2,5,550,PSO,379645.50325497333
6,2,6,550,PSO,508396.5830395695
6,2,7,550,PSO,342377.2584133641
6,2,8,550,PSO,110211.97128775364
6,2,9,550,PSO,5053.259371443169
6,2,10,550,PSO,236914.1852027385
6,2,11,550,PSO,336377.63752139494
6,2,12,550,PSO,100586.73197771894
6,2,13,550,PSO,265663.3408510978
6,2,14,550,PSO,231358.37943666248
6,2,15,550,PSO,16994.018293033787
6,2,16,550,PSO,3971.3673064388413
6,2,17,550,PSO,693246.101027871
6,2,18,550,PSO,894146.1954717775
6,2,19,550,PSO,23872.14953167377
6,3,0,550,PSO,704416.6460509868
6,3,1,550,PSO,1283357.7511370548
6,3,2,550,PSO,2113544.460947076
6,3,3,550,PSO,1058748.5184451204
6,3,4,550,PSO,667583.7021713994
6,3,5,550,PSO,1679240.8335692983
6,3,6,550,PSO,1617839.306916739
6,3,7,550,PSO,1055272.584312524
6,3,8,550,PSO,3012613.9816767895
6,3,9,550,PSO,1662463.6375498716
6,3,10,550,PSO,1850242.8371152761
6,3,11,550,PSO,1181647.5836699863
6,3,12,550,PSO,1501440.2785322166
6,3,13,550,PSO,472348.2404136263
6,3,14,550,PSO,976421.6381078787
6,3,15,550,PSO,752130.6097493578
6,3,16,550,PSO,778870.9813283399
6,3,17,550,PSO,1283830.7554860762
6,3,18,550,PSO,2461000.744049222
6,3,19,550,PSO,2075939.5119800812
6,4,0,550,PSO,4271612.039731481
6,4,1,550,PSO,1469684.310446133
6,4,2,550,PSO,2078751.382964589
6,4,3,550,PSO,5085820.794960925
6,4,4,550,PSO,5589144.237387496
6,4,5,550,PSO,5932457.073943998
6,4,6,550,PSO,6079230.125108648
6,4,7,550,PSO,2647975.4231808954
6,4,8,550,PSO,1868443.9876719117
6,4,9,550,PSO,3348739.237042174
6,4,10,550,PSO,5966058.777765514
6,4,11,550,PSO,11445306.795947222
6,4,12,550,PSO,3894814.866359574
6,4,13,550,PSO,6192578.991209145
6,4,14,550,PSO,6264032.929363099
6,4,15,550,PSO,1887276.4083255506
6,4,16,550,PSO,6048231.275307322
6,4,17,550,PSO,5086658.010380188
6,4,18,550,PSO,7030696.502266384
6,4,19,550,PSO,2209240.372935053
6,5,0,550,PSO,11798108.56911577
6,5,1,550,PSO,2051896.899908106
6,5,2,550,PSO,1605430.03032715
6,5,3,550,PSO,2689116.324815223
6,5,4,550,PSO,3525401.4033818543
6,5,5,550,PSO,3587097.015579572
6,5,6,550,PSO,3167892.9117525406
6,5,7,550,PSO,5071678.0480687935
6,5,8,550,PSO,2824746.289766137
6,5,9,550,PSO,811152.9613418763
6,5,10,550,PSO,6546845.587243537
6,5,11,550,PSO,3554669.15869198
6,5,12,550,PSO,1375688.6954734712
6,5,13,550,PSO,4276639.299182109
6,5,14,550,PSO,1984901.5481689973
6,5,15,550,PSO,831405.4683597623
6,5,16,550,PSO,978980.2232802941
6,5,17,550,PSO,4563172.534102193
6,5,18,550,PSO,4080223.283700454
6,5,19,550,PSO,4072493.23018435
6,6,0,550,PSO,2069015.5877742572
6,6,1,550,PSO,401243.7717298618
6,6,2,550,PSO,935445.1445263397
6,6,3,550,PSO,1132667.7215208677
6,6,4,550,PSO,734672.2874849497
6,6,5,550,PSO,837607.8993856279
6,6,6,550,PSO,978030.6635111596
6,6,7,550,PSO,1018395.8165708977
6,6,8,550,PSO,2103349.801627475
6,6,9,550,PSO,227048.7759943279
6,6,10,550,PSO,1146461.1043191561
6,6,11,550,PSO,380197.6442294725
6,6,12,550,PSO,128386.52866874187
6,6,13,550,PSO,1193973.4473057997
6,6,14,550,PSO,467898.67081238434
6,6,15,550,PSO,357771.4931474646
6,6,16,550,PSO,284658.24997634
6,6,17,550,PSO,456585.48499239824
6,6,18,550,PSO,1090643.6945018412
6,6,19,550,PSO,808994.4686509051
6,7,0,550,PSO,2529359.424338839
6,7,1,550,PSO,1017904.0502105978
6,7,2,550,PSO,1311944.2880158979
6,7,3,550,PSO,2876909.972757814
6,7,4,550,PSO,2735544.626474911
6,7,5,550,PSO,2132633.94501211
6,7,6,550,PSO,3383008.2464907686
6,7,7,550,PSO,2613402.010740377
6,7,8,550,PSO,1756305.169955663
6,7,9,550,PSO,1118026.7955224502
6,7,10,550,PSO,3141066.8426557565
6,7,11,550,PSO,3336919.9747622954
6,7,12,550,PSO,1470497.1740780233
6,7,13,550,PSO,1312075.8676170586
6,7,14,550,PSO,3176338.108105576
6,7,15,550,PSO,2101151.92386196
6,7,16,550,PSO,2024311.1322178843
6,7,17,550,PSO,3192246.5939367376
6,7,18,550,PSO,4183452.406759256
6,7,19,550,PSO,2028990.321854084
7,1,0,550,PSO,2641.2423856428727
7,1,1,550,PSO,4227.302077306333
7,1,2,550,PSO,3927.7977552366588
7,1,3,550,PSO,4732.559340694661
7,1,4,550,PSO,1572.092640766226
7,1,5,550,PSO,6460.680035970508
7,1,6,550,PSO,989.6059743506036
7,1,7,550,PSO,1632.2700264632392
7,1,8,550,PSO,5251.458832945997
7,1,9,550,PSO,4850.124879277335
7,1,10,550,PSO,2717.015048396761
7,1,11,550,PSO,3314.112561265184
7,1,12,550,PSO,4141.585537363926
7,1,13,550,PSO,2467.2721954855997
7,1,14,550,PSO,3646.106388340888
7,1,15,550,PSO,1832.5814828224
7,1,16,550,PSO,5143.193490416505
7,1,17,550,PSO,4927.369408965145
7,1,18,550,PSO,1636.569206321168
7,1,19,550,PSO,1230.9254072860804
7,2,0,550,PSO,4287.533755183892
7,2,1,550,PSO,9472.632175097246
7,2,2,550,PSO,7064.336314733909
7,2,3,550,PSO,8622.093771303664
7,2,4,550,PSO,3661.566955431319
7,2,5,550,PSO,3394.3448373138644
7,2,6,550,PSO,4081.198476285498
7,2,7,550,PSO,7002.223128309715
7,2,8,550,PSO,3274.5122972099066
7,2,9,550,PSO,6247.413140647377
7,2,10,550,PSO,7588.210337287149
7,2,11,550,PSO,4192.200617848036
7,2,12,550,PSO,8004.05749419663
7,2,13,550,PSO,2692.545913293359
7,2,14,550,PSO,5598.436793792762
7,2,15,550,PSO,4016.325372774483
7,2,16,550,PSO,10961.322768601824
7,2,17,550,PSO,7934.796520715951
7,2,18,550,PSO,3672.300589059817
7,2,19,550,PSO,1915.2113915066757
7,3,0,550,PSO,7474.1651076047765
7,3,1,550,PSO,11009.652618322025
7,3,2,550,PSO,6674.700327808693
7,3,3,550,PSO,5614.178827573139
7,3,4,550,PSO,4008.8148713957466
7,3,5,550,PSO,2227.80538252991
7,3,6,550,PSO,7225.43526008114
7,3,7,550,PSO,7720.482764021196
7,3,8,550,PSO,6214.893601550768
7,3,9,550,PSO,7082.190195940308
7,3,10,550,PSO,7805.284305318763
7,3,11,550,PSO,5431.245168859106
7,3,12,550,PSO,5939.762098346014
7,3,13,550,PSO,5019.754935022195
7,3,14,550,PSO,7161.131840753029
7,3,15,550,PSO,5647.154723770749
7,3,16,550,PSO,16158.094665284158
7,3,17,550,PSO,8024.783271693672
7,3,18,550,PSO,3321.360582567104
7,3,19,550,PSO,4117.268099752592
7,4,0,550,PSO,4707.021509619816
7,4,1,550,PSO,4550.9117967306165
7,4,2,550,PSO,8724.017907796391
7,4,3,550,PSO,6441.3253419674675
7,4,4,550,PSO,2254.9706013879245
7,4,5,550,PSO,4480.750380674325
7,4,6,550,PSO,2913.5178264258593
7,4,7,550,PSO,1276.8329323714183
7,4,8,550,PSO,3818.89559506274
7,4,9,550,PSO,4156.751303023729
7,4,10,550,PSO,3046.291918020682
7,4,11,550,PSO,2464.3784487594935
7,4,12,550,PSO,5196.46279067717
7,4,13,550,PSO,4865.495680755888
7,4,14,550,PSO,4780.51953480323
7,4,15,550,PSO,6460.948227914045
7,4,16,550,PSO,2970.432865268922
7,4,17,550,PSO,1724.0251678792165
7,4,18,550,PSO,2537.0638558925953
7,4,19,550,PSO,3526.9134794240244
7,5,0,550,PSO,6121.532227092579
7,5,1,550,PSO,4225.390466784451
7,5,2,550,PSO,3590.3178736657014
7,5,3,550,PSO,3619.9199435208147
7,5,4,550,PSO,1417.371375971129
7,5,5,550,PSO,3021.592582329444
7,5,6,550,PSO,2674.1647418128573
7,5,7,550,PSO,1750.0684453501767
7,5,8,550,PSO,3219.7307046783926
7,5,9,550,PSO,3347.110709738553
7,5,10,550,PSO,2682.760114087087
7,5,11,550,PSO,3369.400956396887
7,5,12,550,PSO,2648.78551782613
7,5,13,550,PSO,1563.0835125242984
7,5,14,550,PSO,3963.4879569558457
7,5,15,550,PSO,1772.0084587660756
7,5,16,550,PSO,5849.104981287115
7,5,17,550,PSO,2292.6018359259833
7,5,18,550,PSO,4063.069841118619
7,5,19,550,PSO,2791.152169745447
7,6,0,550,PSO,8546.789051161219
7,6,1,550,PSO,10372.253198107885
7,6,2,550,PSO,5692.39994247614
7,6,3,550,PSO,5196.275457264092
7,6,4,550,PSO,4577.2090667650955
7,6,5,550,PSO,7846.395351049976
7,6,6,550,PSO,9669.474692523152
7,6,7,550,PSO,3582.6919428278165
7,6,8,550,PSO,4433.990888419971
7,6,9,550,PSO,8042.836644630019
7,6,10,550,PSO,2883.8184129429724
7,6,11,550,PSO,5719.826940430115
7,6,12,550,PSO,6582.479331091949
7,6,13,550,PSO,2952.2745406138133
7,6,14,550,PSO,5421.571095884343
7,6,15,550,PSO,8729.004484056044
7,6,16,550,PSO,5747.765818782373
7,6,17,550,PSO,3970.527515213203
7,6,18,550,PSO,4873.462000723674
7,6,19,550,PSO,7092.6247995928425
7,7,0,550,PSO,3194.7031597254368
7,7,1,550,PSO,2586.0085976712016
7,7,2,550,PSO,5335.934243075764
7,7,3,550,PSO,3888.148436775775
7,7,4,550,PSO,5010.090077789599
7,7,5,550,PSO,13427.709026064504
7,7,6,550,PSO,3995.495863653228
7,7,7,550,PSO,7472.822992333825
7,7,8,550,PSO,2761.123648269089
7,7,9,550,PSO,3378.982854769187
7,7,10,550,PSO,5195.585565897245
7,7,11,550,PSO,4875.043313743261
7,7,12,550,PSO,6717.156036222303
7,7,13,550,PSO,2474.383956145986
7,7,14,550,PSO,4357.710042289857
7,7,15,550,PSO,8458.024414565512
7,7,16,550,PSO,6086.65303527175
7,7,17,550,PSO,4826.473285457928
7,7,18,550,PSO,6935.757882959495
7,7,19,550,PSO,5064.946318395898
8,1,0,550,PSO,128815.73169373938
8,1,1,550,PSO,133356.45298114477
8,1,2,550,PSO,85709.78175519295
8,1,3,550,PSO,107822.18876512555
8,1,4,550,PSO,52080.06518818584
8,1,5,550,PSO,106668.9574413416
8,1,6,550,PSO,115246.67482764699
8,1,7,550,PSO,91382.99687864265
8,1,8,550,PSO,257014.4832577405
8,1,9,550,PSO,57063.739317746215
8,1,10,550,PSO,55433.321053659165
8,1,11,550,PSO,103000.49961481403
8,1,12,550,PSO,73726.91695538993
8,1,13,550,PSO,61501.85425213006
8,1,14,550,PSO,77663.46439175452
8,1,15,550,PSO,190571.87348293694
8,1,16,550,PSO,23096.618532427696
8,1,17,550,PSO,101920.92704485233
8,1,18,550,PSO,177597.86317142184
8,1,19,550,PSO,30812.262253041914
8,2,0,550,PSO,291626.81815295125
8,2,1,550,PSO,249831.69208228248
8,2,2,550,PSO,154150.25639153298
8,2,3,550,PSO,243000.07884191285
8,2,4,550,PSO,153197.21349169468
8,2,5,550,PSO,253198.9617455321
8,2,6,550,PSO,180797.02027147528
8,2,7,550,PSO,277146.12521359004
8,2,8,550,PSO,239027.40518305538
8,2,9,550,PSO,317109.6587698918
8,2,10,550,PSO,145696.49175201208
8,2,11,550,PSO,282030.3385760332
8,2,12,550,PSO,221738.4523996519
8,2,13,550,PSO,132031.4792148189
8,2,14,550,PSO,341398.19087463885
8,2,15,550,PSO,102038.47854525821
8,2,16,550,PSO,133702.76905535255
8,2,17,550,PSO,347295.5020983086
8,2,18,550,PSO,509270.9279357254
8,2,19,550,PSO,61561.5448338278
8,3,0,550,PSO,589521.0406587837
8,3,1,550,PSO,295234.8899805947
8,3,2,550,PSO,298421.61359308223
8,3,3,550,PSO,271155.4081866356
8,3,4,550,PSO,266229.3255819262
8,3,5,550,PSO,233593.18981605387
8,3,6,550,PSO,475899.5139689725
8,3,7,550,PSO,365497.20300475275
8,3,8,550,PSO,669223.53503852
8,3,9,550,PSO,150152.16750295035
8,3,10,550,PSO,183653.57349693557
8,3,11,550,PSO,252464.50105468748
8,3,12,550,PSO,81196.52928560182
8,3,13,550,PSO,188169.27199627578
8,3,14,550,PSO,79119.7065349974
8,3,15,550,PSO,70298.28101099547
8,3,16,550,PSO,48164.36282205918
8,3,17,550,PSO,404228.3555664057
8,3,18,550,PSO,420231.4196565338
8,3,19,550,PSO,138262.41157616756
8,4,0,550,PSO,357846.2565964693
8,4,1,550,PSO,156462.2062523542
8,4,2,550,PSO,149474.14006112152
8,4,3,550,PSO,169169.8669020547
8,4,4,550,PSO,280642.31626386545
8,4,5,550,PSO,312405.78975211544
8,4,6,550,PSO,227299.67625363893
8,4,7,550,PSO,377952.0213199375
8,4,8,550,PSO,337617.294157376
8,4,9,550,PSO,167704.1456622333
8,4,10,550,PSO,189020.0267632477
8,4,11,550,PSO,282716.62032242375
8,4,12,550,PSO,58448.96470515094
8,4,13,550,PSO,194311.08287331622
8,4,14,550,PSO,122994.77380206506
8,4,15,550,PSO,55601.477862397
8,4,16,550,PSO,98240.77613171657
8,4,17,550,PSO,387075.77916742844
8,4,18,550,PSO,202522.0710013966
8,4,19,550,PSO,72143.95221905629
8,5,0,550,PSO,763160.1585509197
8,5,1,550,PSO,109233.80717413787
8,5,2,550,PSO,476116.50894423976
8,5,3,550,PSO,358058.11361449404
8,5,4,550,PSO,378881.0149156662
8,5,5,550,PSO,114088.01834433751
8,5,6,550,PSO,636942.7995282676
8,5,7,550,PSO,264919.09049394354
8,5,8,550,PSO,926007.1884092874
8,5,9,550,PSO,200269.36993932346
8,5,10,550,PSO,218702.107916715
8,5,11,550,PSO,221737.64776051833
8,5,12,550,PSO,81360.2201762567
8,5,13,550,PSO,221530.18669780795
8,5,14,550,PSO,55550.97334781038
8,5,15,550,PSO,129834.07785408877
8,5,16,550,PSO,162288.5219428604
8,5,17,550,PSO,168773.82922188012
8,5,18,550,PSO,438242.88196529105
8,5,19,550,PSO,228386.50166510988
8,6,0,550,PSO,373738.5283332946
8,6,1,550,PSO,153488.25055001496
8,6,2,550,PSO,209064.23598006926
8,6,3,550,PSO,217918.3919285172
8,6,4,550,PSO,245363.5096858447
8,6,5,550,PSO,587091.9883950017
8,6,6,550,PSO,125690.04867347023
8,6,7,550,PSO,375476.70835851243
8,6,8,550,PSO,54649.110584731316
8,6,9,550,PSO,187057.18507530837
8,6,10,550,PSO,182985.99501991895
8,6,11,550,PSO,472965.6295368681
8,6,12,550,PSO,70846.05486487117
8,6,13,550,PSO,146271.29185115502
8,6,14,550,PSO,366754.522668468
8,6,15,550,PSO,96388.23930217138
8,6,16,550,PSO,123611.77733823164
8,6,17,550,PSO,439308.74570620566
8,6,18,550,PSO,249514.7328803593
8,6,19,550,PSO,108342.0167691078
8,7,0,550,PSO,112426.1097437304
8,7,1,550,PSO,125750.93886973232
8,7,2,550,PSO,147258.29693994764
8,7,3,550,PSO,111216.3057458412
8,7,4,550,PSO,52772.73006312537
8,7,5,550,PSO,236206.80018773145
8,7,6,550,PSO,111230.08134005412
8,7,7,550,PSO,49624.90251396903
8,7,8,550,PSO,268407.12003420864
8,7,9,550,PSO,22466.08993089134
8,7,10,550,PSO,91556.77406709737
8,7,11,550,PSO,195043.67587566454
8,7,12,550,PSO,113238.62421143154
8,7,13,550,PSO,103756.26983523567
8,7,14,550,PSO,52473.27303311865
8,7,15,550,PSO,111109.22856341557
8,7,16,550,PSO,68946.8447611481
8,7,17,550,PSO,452109.7601433908
8,7,18,550,PSO,183838.00733048565
8,7,19,550,PSO,53491.76411537858
9,1,0,550,PSO,144926.83247978715
9,1,1,550,PSO,33442.24552517675
9,1,2,550,PSO,74317.22620272003
9,1,3,550,PSO,18253.859552226262
9,1,4,550,PSO,44924.23825594741
9,1,5,550,PSO,53479.95726752311
9,1,6,550,PSO,82438.73574468364
9,1,7,550,PSO,36355.55727150182
9,1,8,550,PSO,165910.6729212302
9,1,9,550,PSO,20506.504685056647
9,1,10,550,PSO,18805.88531447442
9,1,11,550,PSO,35417.42751532875
9,1,12,550,PSO,16736.762387396877
9,1,13,550,PSO,72581.24990777935
9,1,14,550,PSO,29807.543801279848
9,1,15,550,PSO,22310.77885730618
9,1,16,550,PSO,75451.13115974619
9,1,17,550,PSO,78723.32349922133
9,1,18,550,PSO,68477.81240092132
9,1,19,550,PSO,12271.700925477571
9,2,0,550,PSO,96896.66253857213
9,2,1,550,PSO,72525.09371671452
9,2,2,550,PSO,161605.32707051732
9,2,3,550,PSO,72375.60018780871
9,2,4,550,PSO,34140.924979692536
9,2,5,550,PSO,43053.80891295094
9,2,6,550,PSO,83037.31491160442
9,2,7,550,PSO,15320.374877270417
9,2,8,550,PSO,168457.27587832528
9,2,9,550,PSO,23218.304774968063
9,2,10,550,PSO,14295.052649622476
9,2,11,550,PSO,86571.46800563076
9,2,12,550,PSO,77300.45748894264
9,2,13,550,PSO,38798.45589040881
9,2,14,550,PSO,66427.42622401433
9,2,15,550,PSO,21624.331603134837
9,2,16,550,PSO,29078.500752184726
9,2,17,550,PSO,28903.469654179138
9,2,18,550,PSO,50505.97205378141
9,2,19,550,PSO,36103.13420000404
9,3,0,550,PSO,171315.79892317968
9,3,1,550,PSO,70424.3906789212
9,3,2,550,PSO,190691.64744397363
9,3,3,550,PSO,45609.93286098239
9,3,4,550,PSO,56570.80678500433
9,3,5,550,PSO,48423.06148388563
9,3,6,550,PSO,160598.65652670708
9,3,7,550,PSO,34292.22618046354
9,3,8,550,PSO,349808.79796955734
9,3,9,550,PSO,44884.28267788603
9,3,10,550,PSO,18748.462010366926
9,3,11,550,PSO,29381.82531255163
9,3,12,550,PSO,50002.529034921085
9,3,13,550,PSO,75894.57826408141
9,3,14,550,PSO,74650.05373674862
9,3,15,550,PSO,12556.589737802486
9,3,16,550,PSO,32869.00188023477
9,3,17,550,PSO,86117.29048596324
9,3,18,550,PSO,67495.82356830845
9,3,19,550,PSO,33874.33222542631
9,4,0,550,PSO,53177.12095647682
9,4,1,550,PSO,145510.1939255249
9,4,2,550,PSO,64915.35858657847
9,4,3,550,PSO,33781.23360570682
9,4,4,550,PSO,32159.955782958838
9,4,5,550,PSO,74856.76986398752
9,4,6,550,PSO,43743.30194088238
9,4,7,550,PSO,49498.96402696638
9,4,8,550,PSO,122752.17219362559
9,4,9,550,PSO,16567.01378180978
9,4,10,550,PSO,19679.87358774269
9,4,11,550,PSO,90039.83709551937
9,4,12,550,PSO,115797.96519436952
9,4,13,550,PSO,52575.7765109228
9,4,14,550,PSO,72396.78854213702
9,4,15,550,PSO,9199.073321825292
9,4,16,550,PSO,32931.973029825574
9,4,17,550,PSO,55147.560286318556
9,4,18,550,PSO,48224.8266404825
9,4,19,550,PSO,33789.47256802254
9,5,0,550,PSO,97297.29399926678
9,5,1,550,PSO,57217.046059728644
9,5,2,550,PSO,134298.84249572363
9,5,3,550,PSO,46644.791757884144
9,5,4,550,PSO,30107.220822279694
9,5,5,550,PSO,36353.46805119072
9,5,6,550,PSO,79499.85544498272
9,5,7,550,PSO,27330.9383553479
9,5,8,550,PSO,217810.69082442447
9,5,9,550,PSO,31050.90418968429
9,5,10,550,PSO,27111.81344606395
9,5,11,550,PSO,63469.113123088006
9,5,12,550,PSO,66914.52228263239
9,5,13,550,PSO,72302.91914962382
9,5,14,550,PSO,78895.63187832214
9,5,15,550,PSO,11314.913111158268
9,5,16,550,PSO,39830.39894381562
9,5,17,550,PSO,52683.834662318106
9,5,18,550,PSO,30981.985989364548
9,5,19,550,PSO,31289.95525403251
9,6,0,550,PSO,45417.922622306105
9,6,1,550,PSO,133318.84323067748
9,6,2,550,PSO,66885.28097809217
9,6,3,550,PSO,30182.47147816489
9,6,4,550,PSO,31226.585975485785
9,6,5,550,PSO,67008.36065706075
9,6,6,550,PSO,54862.34599211932
9,6,7,550,PSO,29961.361870689805
9,6,8,550,PSO,197761.49400529687
9,6,9,550,PSO,21390.006776371833
9,6,10,550,PSO,28106.039635878893
9,6,11,550,PSO,39026.57441301822
9,6,12,550,PSO,52154.0717422054
9,6,13,550,PSO,59685.40584302453
9,6,14,550,PSO,94665.70877299944
9,6,15,550,PSO,9544.250559220289
9,6,16,550,PSO,38840.26487204163
9,6,17,550,PSO,80832.03589664426
9,6,18,550,PSO,52990.554254877374
9,6,19,550,PSO,20593.63350330095
9,7,0,550,PSO,208829.14070742452
9,7,1,550,PSO,91154.00684861583
9,7,2,550,PSO,99840.83872012372
9,7,3,550,PSO,33157.46329855295
9,7,4,550,PSO,53921.18045172029
9,7,5,550,PSO,61596.68424243138
9,7,6,550,PSO,83564.74881462456
9,7,7,550,PSO,47845.784857050174
9,7,8,550,PSO,122454.40224571987
9,7,9,550,PSO,67543.67507750801
9,7,10,550,PSO,15638.814906061312
9,7,11,550,PSO,41955.18282917774
9,7,12,550,PSO,20001.687569943584
9,7,13,550,PSO,64700.00221321496
9,7,14,550,PSO,93443.92600179279
9,7,15,550,PSO,10443.113482408742
9,7,16,550,PSO,39682.62762251557
9,7,17,550,PSO,118255.89335248077
9,7,18,550,PSO,36368.15409717034
9,7,19,550,PSO,22293.239947039085
10,1,0,550,PSO,23402155.99916349
10,1,1,550,PSO,27818424.7116335
10,1,2,550,PSO,21474979.563124947
10,1,3,550,PSO,25426606.822440915
10,1,4,550,PSO,31151580.58179144
10,1,5,550,PSO,67482599.85318412
10,1,6,550,PSO,34734664.3863191
10,1,7,550,PSO,37214992.82282895
10,1,8,550,PSO,24415039.57895695
10,1,9,550,PSO,12738936.115529286
10,1,10,550,PSO,10105881.602546293
10,1,11,550,PSO,75126754.8720615
10,1,12,550,PSO,25897807.778572723
10,1,13,550,PSO,12286500.40021321
10,1,14,550,PSO,46702439.07696053
10,1,15,550,PSO,23103185.556744415
10,1,16,550,PSO,35735462.192346
10,1,17,550,PSO,50724121.10132553
10,1,18,550,PSO,11768308.220993944
10,1,19,550,PSO,28555834.853521936
10,2,0,550,PSO,15602953.536012912
10,2,1,550,PSO,38800012.59458429
10,2,2,550,PSO,6195155.05430519
10,2,3,550,PSO,15304860.00821595
10,2,4,550,PSO,30516730.667499088
10,2,5,550,PSO,35063953.24756669
10,2,6,550,PSO,8043791.87448034
10,2,7,550,PSO,9241794.145417416
10,2,8,550,PSO,11870539.326551743
10,2,9,550,PSO,27144640.285140984
10,2,10,550,PSO,33855005.747450836
10,2,11,550,PSO,43682087.51635125
10,2,12,550,PSO,84377763.32556339
10,2,13,550,PSO,52423986.90447472
10,2,14,550,PSO,20094379.813492108
10,2,15,550,PSO,30805468.92271226
10,2,16,550,PSO,50103063.856490776
10,2,17,550,PSO,22787050.951179277
10,2,18,550,PSO,15228436.260705942
10,2,19,550,PSO,21352259.629162144
10,3,0,550,PSO,4970592.726319684
10,3,1,550,PSO,44781212.37682149
10,3,2,550,PSO,4487226.600104728
10,3,3,550,PSO,13573133.300600618
10,3,4,550,PSO,3518192.505635902
10,3,5,550,PSO,14865695.073298622
10,3,6,550,PSO,5022100.245737603
10,3,7,550,PSO,18456885.34454641
10,3,8,550,PSO,23657928.53701465
10,3,9,550,PSO,1831047.7540914055
10,3,10,550,PSO,5842573.553429851
10,3,11,550,PSO,11010413.81770971
10,3,12,550,PSO,14320887.906859845
10,3,13,550,PSO,8034473.805226624
10,3,14,550,PSO,10723039.405922184
10,3,15,550,PSO,11282486.837284096
10,3,16,550,PSO,9061612.043103354
10,3,17,550,PSO,11801214.019016061
10,3,18,550,PSO,15911468.668481441
10,3,19,550,PSO,3579429.0174690597
10,4,0,550,PSO,8092316.148017277
10,4,1,550,PSO,88277865.66996412
10,4,2,550,PSO,24694536.061949745
10,4,3,550,PSO,88225034.74566628
10,4,4,550,PSO,64354599.64738288
10,4,5,550,PSO,132392261.22345702
10,4,6,550,PSO,49617142.248333804
10,4,7,550,PSO,21377151.893005908
10,4,8,550,PSO,163686290.8184259
10,4,9,550,PSO,54469581.89538004
10,4,10,550,PSO,18489939.983304333
10,4,11,550,PSO,144826718.79012364
10,4,12,550,PSO,145768019.6752821
10,4,13,550,PSO,93532577.88726018
10,4,14,550,PSO,88207709.0368561
10,4,15,550,PSO,169955528.30077103
10,4,16,550,PSO,86271670.33763862
10,4,17,550,PSO,83709829.15402518
10,4,18,550,PSO,63824608.89365903
10,4,19,550,PSO,118530974.92694215
10,5,0,550,PSO,25013793.133731544
10,5,1,550,PSO,27668389.103687648
10,5,2,550,PSO,196392822.0845805
10,5,3,550,PSO,58991312.11628416
10,5,4,550,PSO,47267125.077126704
10,5,5,550,PSO,4829877.017477384
10,5,6,550,PSO,62726199.07893382
10,5,7,550,PSO,33459071.80280075
10,5,8,550,PSO,64914369.2470398
10,5,9,550,PSO,52765303.10776274
10,5,10,550,PSO,59980707.79140538
10,5,11,550,PSO,33685035.24266097
10,5,12,550,PSO,133719592.6287622
10,5,13,550,PSO,25238142.115717683
10,5,14,550,PSO,60343479.94341768
10,5,15,550,PSO,50544770.390476935
10,5,16,550,PSO,76585992.00384212
10,5,17,550,PSO,15527527.229769293
10,5,18,550,PSO,47286345.4185587
10,5,19,550,PSO,71868808.4123721
10,6,0,550,PSO,19595265.75227439
10,6,1,550,PSO,19586835.860011745
10,6,2,550,PSO,55933304.71766836
10,6,3,550,PSO,30460991.976523206
10,6,4,550,PSO,18324842.638048176
10,6,5,550,PSO,21286287.958006922
10,6,6,550,PSO,29758985.509614628
10,6,7,550,PSO,15279221.714322312
10,6,8,550,PSO,53199876.115812905
10,6,9,550,PSO,14163010.327062486
10,6,10,550,PSO,14727432.690543372
10,6,11,550,PSO,30451680.422273006
10,6,12,550,PSO,18833482.41383633
10,6,13,550,PSO,1770513.4037212965
10,6,14,550,PSO,20130162.671885174
10,6,15,550,PSO,20617611.271343168
10,6,16,550,PSO,20848669.403915104
10,6,17,550,PSO,30683747.41456741
10,6,18,550,PSO,25319623.04429372
10,6,19,550,PSO,40498800.8318222
10,7,0,550,PSO,70032493.52929164
10,7,1,550,PSO,65976108.97535304
10,7,2,550,PSO,72867665.23269175
10,7,3,550,PSO,40229863.6213765
10,7,4,550,PSO,86638760.61299741
10,7,5,550,PSO,23389570.663133714
10,7,6,550,PSO,151209532.4021423
10,7,7,550,PSO,162616307.29064205
10,7,8,550,PSO,120844264.82335961
10,7,9,550,PSO,223309983.70469853
10,7,10,550,PSO,120728630.79044098
10,7,11,550,PSO,16535347.867462324
10,7,12,550,PSO,7206714.213307656
10,7,13,550,PSO,61702173.3095764
10,7,14,550,PSO,63110064.97790049
10,7,15,550,PSO,53396244.259092964
10,7,16,550,PSO,43119552.90869227
10,7,17,550,PSO,120939840.39259577
10,7,18,550,PSO,57898382.567285284
10,7,19,550,PSO,48351624.48483252
11,1,0,550,PSO,84643224.26445404
11,1,1,550,PSO,7973076.689148281
11,1,2,550,PSO,28353474.607117698
11,1,3,550,PSO,11538649.251631232
11,1,4,550,PSO,15915381.223879348
11,1,5,550,PSO,74270.05237672175
11,1,6,550,PSO,25136614.633301716
11,1,7,550,PSO,20556952.61555744
11,1,8,550,PSO,74805318.40235138
11,1,9,550,PSO,4509519.437517708
11,1,10,550,PSO,32494903.67073049
11,1,11,550,PSO,747070.2320974699
11,1,12,550,PSO,1524780.9739383082
11,1,13,550,PSO,26498256.731540915
11,1,14,550,PSO,5344607.335867469
11,1,15,550,PSO,5567815.38860202
11,1,16,550,PSO,118668.36401378817
11,1,17,550,PSO,184208.88980308306
11,1,18,550,PSO,40777112.42093602
11,1,19,550,PSO,23670943.84905994
11,2,0,550,PSO,1303592.8224959658
11,2,1,550,PSO,8856504.222727751
11,2,2,550,PSO,16543150.469798192
11,2,3,550,PSO,6116208.9627938215
11,2,4,550,PSO,7406840.845253162
11,2,5,550,PSO,5712421.744685847
11,2,6,550,PSO,2663044.9011199474
11,2,7,550,PSO,16675680.946785605
11,2,8,550,PSO,2599667.2023033365
11,2,9,550,PSO,14022266.33988144
11,2,10,550,PSO,10499957.085817982
11,2,11,550,PSO,1590103.96466561
11,2,12,550,PSO,30275551.116507687
11,2,13,550,PSO,23383365.641117357
11,2,14,550,PSO,25074213.323880088
11,2,15,550,PSO,10617920.390785286
11,2,16,550,PSO,2626488.8209036645
11,2,17,550,PSO,5170380.599827281
11,2,18,550,PSO,3305716.6224849834
11,2,19,550,PSO,2677847.6043397523
11,3,0,550,PSO,7346274.373949105
11,3,1,550,PSO,28093147.71621951
11,3,2,550,PSO,1986283.527891656
11,3,3,550,PSO,16970129.829774145
11,3,4,550,PSO,4848386.513989318
11,3,5,550,PSO,18532347.14039437
11,3,6,550,PSO,978452.0255473305
11,3,7,550,PSO,18366609.613003444
11,3,8,550,PSO,1363443.4616202735
11,3,9,550,PSO,19802130.73862366
11,3,10,550,PSO,6670969.634328565
11,3,11,550,PSO,21744067.11588531
11,3,12,550,PSO,64665439.77483657
11,3,13,550,PSO,11924972.742403023
11,3,14,550,PSO,4503649.580822696
11,3,15,550,PSO,23482697.85065347
11,3,16,550,PSO,41785599.7343329
11,3,17,550,PSO,28098864.561484404
11,3,18,550,PSO,1836884.8785003803
11,3,19,550,PSO,5866459.555798362
11,4,0,550,PSO,3811874.3678563624
11,4,1,550,PSO,32468302.114385273
11,4,2,550,PSO,4032467.5498327245
11,4,3,550,PSO,13353915.073112817
11,4,4,550,PSO,630479.8568090897
11,4,5,550,PSO,1141924.8603913044
11,4,6,550,PSO,744052.0657963658
11,4,7,550,PSO,2075860.7139452037
11,4,8,550,PSO,4351664.437170307
11,4,9,550,PSO,110559.44145429845
11,4,10,550,PSO,8116551.028736241
11,4,11,550,PSO,24470518.83188318
11,4,12,550,PSO,4567746.490231881
11,4,13,550,PSO,3026623.2563562514
11,4,14,550,PSO,2429955.321672838
11,4,15,550,PSO,865884.1389758138
11,4,16,550,PSO,643164.8499215
11,4,17,550,PSO,5545721.827151953
11,4,18,550,PSO,2010891.2615112723
11,4,19,550,PSO,916542.7774925235
11,5,0,550,PSO,9794925.65661167
11,5,1,550,PSO,3134132.5207649777
11,5,2,550,PSO,18572743.543677736
11,5,3,550,PSO,9881437.674749967
11,5,4,550,PSO,2531189.3911641515
11,5,5,550,PSO,2696995.309358146
11,5,6,550,PSO,24607151.86164715
11,5,7,550,PSO,400225.30453599134
11,5,8,550,PSO,5186709.747833114
11,5,9,550,PSO,137618.46032130806
11,5,10,550,PSO,2032353.3918340646
11,5,11,550,PSO,12277666.47008903
11,5,12,550,PSO,8217922.127557597
11,5,13,550,PSO,5317528.680574283
11,5,14,550,PSO,15268979.369943589
11,5,15,550,PSO,1079998.125069824
11,5,16,550,PSO,2176677.658992254
11,5,17,550,PSO,1392030.1708478432
11,5,18,550,PSO,7943636.394477918
11,5,19,550,PSO,4055705.2589246575
11,6,0,550,PSO,16731829.403720675
11,6,1,550,PSO,1883724.0303118292
11,6,2,550,PSO,926980.1098995963
11,6,3,550,PSO,5688829.866104476
11,6,4,550,PSO,1736898.8033212945
11,6,5,550,PSO,3778034.480731221
11,6,6,550,PSO,5355808.284018577
11,6,7,550,PSO,7762784.21954053
11,6,8,550,PSO,8568261.939240562
11,6,9,550,PSO,78098.93010580033
11,6,10,550,PSO,1033941.3635714547
11,6,11,550,PSO,6226003.838459357
11,6,12,550,PSO,696540.6662492144
11,6,13,550,PSO,7057437.052055655
11,6,14,550,PSO,15549299.454027455
11,6,15,550,PSO,13669314.814257829
11,6,16,550,PSO,3502455.595798877
11,6,17,550,PSO,19003618.888929896
11,6,18,550,PSO,4256522.499490602
11,6,19,550,PSO,4655820.0969616715
11,7,0,550,PSO,35189753.27652781
11,7,1,550,PSO,18732907.709304128
11,7,2,550,PSO,90625685.83480407
11,7,3,550,PSO,27790696.787431713
11,7,4,550,PSO,19771283.267394826
11,7,5,550,PSO,80083.72159959402
11,7,6,550,PSO,29149794.463270668
11,7,7,550,PSO,6970975.51071713
11,7,8,550,PSO,85413483.30425793
11,7,9,550,PSO,27632476.99601436
11,7,10,550,PSO,19933014.97309178
11,7,11,550,PSO,52279781.1046788
11,7,12,550,PSO,60502164.74648912
11,7,13,550,PSO,5884074.353955288
11,7,14,550,PSO,41860157.168880776
11,7,15,550,PSO,26454892.48179998
11,7,16,550,PSO,37747222.73602796
11,7,17,550,PSO,3321241.751063841
11,7,18,550,PSO,22877232.666606773
11,7,19,550,PSO,47123532.60271885
12,1,0,550,PSO,431258982.49094415
12,1,1,550,PSO,702182268.8492515
12,1,2,550,PSO,216687438.88308692
12,1,3,550,PSO,356431159.4932456
12,1,4,550,PSO,340002580.81659055
12,1,5,550,PSO,493278153.73103523
12,1,6,550,PSO,617656984.6905721
12,1,7,550,PSO,814681348.4674755
12,1,8,550,PSO,258051031.45246732
12,1,9,550,PSO,300243038.94788754
12,1,10,550,PSO,915208855.1120025
12,1,11,550,PSO,483012403.02239686
12,1,12,550,PSO,601846364.2216084
12,1,13,550,PSO,445561625.19908464
12,1,14,550,PSO,879014121.7226079
12,1,15,550,PSO,546664550.166789
12,1,16,550,PSO,509366827.14353323
12,1,17,550,PSO,674421863.9922577
12,1,18,550,PSO,301331911.8731879
12,1,19,550,PSO,284428708.268064
12,2,0,550,PSO,1412179390.8497012
12,2,1,550,PSO,2657131486.4342446
12,2,2,550,PSO,1126000758.8606243
12,2,3,550,PSO,457952669.8603244
12,2,4,550,PSO,817417548.4793702
12,2,5,550,PSO,1356223794.4030652
12,2,6,550,PSO,276152770.5522393
12,2,7,550,PSO,599459058.0632017
12,2,8,550,PSO,572722010.0644023
12,2,9,550,PSO,689027266.947327
12,2,10,550,PSO,1571246131.156455
12,2,11,550,PSO,688842719.1176573
12,2,12,550,PSO,1473652372.7526252
12,2,13,550,PSO,1241418165.232778
12,2,14,550,PSO,163701509.29842526
12,2,15,550,PSO,1789986490.585312
12,2,16,550,PSO,634492494.9261677
12,2,17,550,PSO,1329931182.6749208
12,2,18,550,PSO,426628682.96224034
12,2,19,550,PSO,391222625.3026172
12,3,0,550,PSO,3673490200.3317494
12,3,1,550,PSO,1314815911.0645149
12,3,2,550,PSO,1340441155.1465728
12,3,3,550,PSO,1376292813.6845517
12,3,4,550,PSO,877973960.2467352
12,3,5,550,PSO,697090570.2741296
12,3,6,550,PSO,1359218296.1838307
12,3,7,550,PSO,662682944.12639
12,3,8,550,PSO,2839374559.7700224
12,3,9,550,PSO,527153060.8161026
12,3,10,550,PSO,1847960134.7172592
12,3,11,550,PSO,1400056102.882362
12,3,12,550,PSO,2170766011.8569384
12,3,13,550,PSO,1428789254.3364732
12,3,14,550,PSO,1342556939.0437155
12,3,15,550,PSO,552668775.4069401
12,3,16,550,PSO,368153471.42452043
12,3,17,550,PSO,1733673711.1476982
12,3,18,550,PSO,4646535751.779275
12,3,19,550,PSO,1242457489.8393865
12,4,0,550,PSO,320976896.78020716
12,4,1,550,PSO,982657186.6358792
12,4,2,550,PSO,4112040870.419661
12,4,3,550,PSO,649748614.6725485
12,4,4,550,PSO,487267507.2772428
12,4,5,550,PSO,475391478.19416344
12,4,6,550,PSO,633431255.6371719
12,4,7,550,PSO,980891799.4243318
12,4,8,550,PSO,689159369.6504778
12,4,9,550,PSO,601540970.6651126
12,4,10,550,PSO,1096145379.7549806
12,4,11,550,PSO,1081857701.3375
12,4,12,550,PSO,1162100034.8031907
12,4,13,550,PSO,354371927.782061
12,4,14,550,PSO,680305441.4075575
12,4,15,550,PSO,595607012.4384527
12,4,16,550,PSO,658844871.4679387
12,4,17,550,PSO,838185112.3655627
12,4,18,550,PSO,966718309.1511568
12,4,19,550,PSO,447593500.8432885
12,5,0,550,PSO,225523424.01677912
12,5,1,550,PSO,114802484.63668802
12,5,2,550,PSO,266960094.44104767
12,5,3,550,PSO,324209930.873852
12,5,4,550,PSO,231215600.75670165
12,5,5,550,PSO,131685077.8488603
12,5,6,550,PSO,264672632.87521353
12,5,7,550,PSO,263593419.13640916
12,5,8,550,PSO,232132981.29163343
12,5,9,550,PSO,293411627.0386624
12,5,10,550,PSO,193874512.26504123
12,5,11,550,PSO,232268977.56548518
12,5,12,550,PSO,234937353.81456345
12,5,13,550,PSO,80745597.98495156
12,5,14,550,PSO,257169948.84470525
12,5,15,550,PSO,93585464.79288593
12,5,16,550,PSO,293634519.75507194
12,5,17,550,PSO,487462266.7456514
12,5,18,550,PSO,237548092.2068968
12,5,19,550,PSO,172126489.62120345
12,6,0,550,PSO,1389263310.8810449
12,6,1,550,PSO,3123979411.2868433
12,6,2,550,PSO,887621143.4563235
12,6,3,550,PSO,1192492368.9512453
12,6,4,550,PSO,464982583.74665546
12,6,5,550,PSO,427242525.5466844
12,6,6,550,PSO,897577934.1927196
12,6,7,550,PSO,449866500.74661785
12,6,8,550,PSO,1339143003.9918249
12,6,9,550,PSO,1414549412.872943
12,6,10,550,PSO,817893587.8177794
12,6,11,550,PSO,1296946941.9600978
12,6,12,550,PSO,2728733013.35418
12,6,13,550,PSO,743900545.9483455
12,6,14,550,PSO,1847487772.1115804
12,6,15,550,PSO,1760181176.229319
12,6,16,550,PSO,1148523868.9833205
12,6,17,550,PSO,592780157.0901921
12,6,18,550,PSO,706627237.7967933
12,6,19,550,PSO,1359471024.9141273
12,7,0,550,PSO,1763573811.8428345
12,7,1,550,PSO,3573677734.5323243
12,7,2,550,PSO,2600417332.9895325
12,7,3,550,PSO,15912636087.12139
12,7,4,550,PSO,750622545.9769777
12,7,5,550,PSO,860375015.0085367
12,7,6,550,PSO,9559174397.569916
12,7,7,550,PSO,1780200088.2375524
12,7,8,550,PSO,38820898589.996735
12,7,9,550,PSO,976640845.0768722
12,7,10,550,PSO,7820188195.596894
12,7,11,550,PSO,15597072791.551157
12,7,12,550,PSO,3264330962.524901
12,7,13,550,PSO,913151114.6235577
12,7,14,550,PSO,2325039869.459442
12,7,15,550,PSO,1121117476.8330739
12,7,16,550,PSO,521340086.34610313
12,7,17,550,PSO,240184037.05058557
12,7,18,550,PSO,15070757344.695232
12,7,19,550,PSO,4249870305.6556163
13,1,0,550,PSO,97433.16978436144
13,1,1,550,PSO,38409.956227589944
13,1,2,550,PSO,52564.15974803389
13,1,3,550,PSO,63579.3466137463
13,1,4,550,PSO,46824.49414457966
13,1,5,550,PSO,39551.24380611412
13,1,6,550,PSO,34868.90217523244
13,1,7,550,PSO,47441.60956134746
13,1,8,550,PSO,59049.47216297031
13,1,9,550,PSO,40306.67448391637
13,1,10,550,PSO,40696.18877266062
13,1,11,550,PSO,53676.568385422055
13,1,12,550,PSO,35134.4121106284
13,1,13,550,PSO,42779.22953456895
13,1,14,550,PSO,58230.34980492412
13,1,15,550,PSO,29778.036541700505
13,1,16,550,PSO,29160.658960634548
13,1,17,550,PSO,39647.979652607115
13,1,18,550,PSO,33472.76372739621
13,1,19,550,PSO,46324.44590637245
13,2,0,550,PSO,49177.698488882605
13,2,1,550,PSO,40188.55440719271
13,2,2,550,PSO,48677.28410729358
13,2,3,550,PSO,47797.59848088645
13,2,4,550,PSO,55587.453434654446
13,2,5,550,PSO,57968.974367918934
13,2,6,550,PSO,49473.644688045635
13,2,7,550,PSO,46322.68223098807
13,2,8,550,PSO,39371.28785690484
13,2,9,550,PSO,51073.407130944004
13,2,10,550,PSO,37153.333372234716
13,2,11,550,PSO,53533.01796874867
13,2,12,550,PSO,42407.57309386888
13,2,13,550,PSO,46955.28674627723
13,2,14,550,PSO,86397.12363818227
13,2,15,550,PSO,51180.99485057251
13,2,16,550,PSO,46548.63957569924
13,2,17,550,PSO,49614.00935349599
13,2,18,550,PSO,48578.39818088933
13,2,19,550,PSO,35704.292087099915
13,3,0,550,PSO,57597.706217688385
13,3,1,550,PSO,57364.5742016025
13,3,2,550,PSO,71042.40019003389
13,3,3,550,PSO,52699.93532199686
13,3,4,550,PSO,36910.40218203948
13,3,5,550,PSO,49906.77350932216
13,3,6,550,PSO,43145.862360577405
13,3,7,550,PSO,52465.48976636765
13,3,8,550,PSO,76407.18635025098
13,3,9,550,PSO,68239.66256299995
13,3,10,550,PSO,55782.91136784715
13,3,11,550,PSO,48111.0116943265
13,3,12,550,PSO,50804.99966970945
13,3,13,550,PSO,53368.31720058533
13,3,14,550,PSO,45039.378476630984
13,3,15,550,PSO,65409.89276344817
13,3,16,550,PSO,40634.06567638125
13,3,17,550,PSO,55162.923799191194
13,3,18,550,PSO,71091.34306277781
13,3,19,550,PSO,61355.70435716871
13,4,0,550,PSO,36009.718714400995
13,4,1,550,PSO,54612.669623913964
13,4,2,550,PSO,43905.86105139631
13,4,3,550,PSO,47371.0828314149
13,4,4,550,PSO,24804.270091252034
13,4,5,550,PSO,33156.88566100371
13,4,6,550,PSO,64906.931946166966
13,4,7,550,PSO,33761.549599441445
13,4,8,550,PSO,22694.011200880603
13,4,9,550,PSO,33249.88381914676
13,4,10,550,PSO,21783.30596380472
13,4,11,550,PSO,40311.10203344619
13,4,12,550,PSO,45820.472694252465
13,4,13,550,PSO,40079.5207903624
13,4,14,550,PSO,39850.604313077594
13,4,15,550,PSO,41152.935850274866
13,4,16,550,PSO,71009.2383899152
13,4,17,550,PSO,47747.06572762163
13,4,18,550,PSO,32327.83896019463
13,4,19,550,PSO,22770.205061001827
13,5,0,550,PSO,24504.588175593693
13,5,1,550,PSO,32776.64119421615
13,5,2,550,PSO,35926.80231495642
13,5,3,550,PSO,50533.33176133883
13,5,4,550,PSO,31133.087825683477
13,5,5,550,PSO,57926.63117888734
13,5,6,550,PSO,26787.650722687078
13,5,7,550,PSO,38623.26884242717
13,5,8,550,PSO,51981.32570270548
13,5,9,550,PSO,35269.20939129001
13,5,10,550,PSO,33363.97895388236
13,5,11,550,PSO,42498.75019703496
13,5,12,550,PSO,48435.73953020189
13,5,13,550,PSO,38696.11249516791
13,5,14,550,PSO,45985.413759523704
13,5,15,550,PSO,23605.30330841974
13,5,16,550,PSO,37711.03147471856
13,5,17,550,PSO,41196.35344470079
13,5,18,550,PSO,35237.43904023204
13,5,19,550,PSO,29027.118501938938
13,6,0,550,PSO,23705.545756664
13,6,1,550,PSO,32148.272772297423
13,6,2,550,PSO,27578.5781586804
13,6,3,550,PSO,37850.61028063555
13,6,4,550,PSO,33518.74527934757
13,6,5,550,PSO,32548.77372103213
13,6,6,550,PSO,37665.52339371564
13,6,7,550,PSO,30607.25083702863
13,6,8,550,PSO,42013.865650148546
13,6,9,550,PSO,33876.08058217176
13,6,10,550,PSO,32066.280600564965
13,6,11,550,PSO,28150.33562394648
13,6,12,550,PSO,30108.6955208699
13,6,13,550,PSO,26410.26477404161
13,6,14,550,PSO,34876.134041732854
13,6,15,550,PSO,35930.85182057138
13,6,16,550,PSO,24812.79127919605
13,6,17,550,PSO,40754.98539100466
13,6,18,550,PSO,41219.353755911696
13,6,19,550,PSO,19886.260858158505
13,7,0,550,PSO,30256.840149902513
13,7,1,550,PSO,45654.542868817516
13,7,2,550,PSO,43129.020149467666
13,7,3,550,PSO,49206.9010590876
13,7,4,550,PSO,33134.92365543934
13,7,5,550,PSO,33836.459617924644
13,7,6,550,PSO,47779.57151422467
13,7,7,550,PSO,42509.3519736782
13,7,8,550,PSO,31296.039178258783
13,7,9,550,PSO,36182.2104254825
13,7,10,550,PSO,21092.497287911967
13,7,11,550,PSO,45141.95412652888
13,7,12,550,PSO,40490.571514984054
13,7,13,550,PSO,38971.252427530744
13,7,14,550,PSO,55492.37323889647
13,7,15,550,PSO,31123.733515209868
13,7,16,550,PSO,38753.98283945907
13,7,17,550,PSO,34987.53259873088
13,7,18,550,PSO,59146.06054990869
13,7,19,550,PSO,54702.251140970984
14,1,0,550,PSO,951.3117696359674
14,1,1,550,PSO,664.969800789755
14,1,2,550,PSO,396.27319932033987
14,1,3,550,PSO,427.7631456827907
14,1,4,550,PSO,327.249999749959
14,1,5,550,PSO,250.03119534515903
14,1,6,550,PSO,527.7099383430872
14,1,7,550,PSO,359.8769604732846
14,1,8,550,PSO,663.5188236725677
14,1,9,550,PSO,300.9830290138417
14,1,10,550,PSO,860.768336086973
14,1,11,550,PSO,193.92506994884116
14,1,12,550,PSO,422.8646536016963
14,1,13,550,PSO,586.4188786184915
14,1,14,550,PSO,330.96488468409484
14,1,15,550,PSO,370.6898828081943
14,1,16,550,PSO,223.89893115151864
14,1,17,550,PSO,388.44160905649187
14,1,18,550,PSO,483.0602365484971
14,1,19,550,PSO,324.8778880085346
14,2,0,550,PSO,432.59175130575204
14,2,1,550,PSO,712.4960418351321
14,2,2,550,PSO,458.70472867964804
14,2,3,550,PSO,727.5936112385078
14,2,4,550,PSO,396.9988347459853
14,2,5,550,PSO,802.5414572247362
14,2,6,550,PSO,285.1590943888418
14,2,7,550,PSO,244.43247062376128
14,2,8,550,PSO,1000.5230674680529
14,2,9,550,PSO,495.65835855955936
14,2,10,550,PSO,256.859200690975
14,2,11,550,PSO,877.857198490308
14,2,12,550,PSO,817.9724174151527
14,2,13,550,PSO,316.4094916463065
14,2,14,550,PSO,1053.7545384069808
14,2,15,550,PSO,603.4766093091081
14,2,16,550,PSO,657.1077038160739
14,2,17,550,PSO,455.26649040189426
14,2,18,550,PSO,444.3789321759379
14,2,19,550,PSO,580.6080252359221
14,3,0,550,PSO,452.972041650455
14,3,1,550,PSO,101.2219072446922
14,3,2,550,PSO,132.62767491038923
14,3,3,550,PSO,228.42068173311054
14,3,4,550,PSO,265.5733636952351
14,3,5,550,PSO,377.02779036645165
14,3,6,550,PSO,243.48932949095905
14,3,7,550,PSO,224.68852163310217
14,3,8,550,PSO,226.61447011220378
14,3,9,550,PSO,156.59617626629594
14,3,10,550,PSO,138.27830443983578
14,3,11,550,PSO,189.23078198738904
14,3,12,550,PSO,170.38766175275978
14,3,13,550,PSO,193.6228406574161
14,3,14,550,PSO,157.44370205483733
14,3,15,550,PSO,183.7631999226287
14,3,16,550,PSO,205.96564540323712
14,3,17,550,PSO,299.16617098767637
14,3,18,550,PSO,149.59350853319313
14,3,19,550,PSO,114.78182701228266
14,4,0,550,PSO,273.85814344235274
14,4,1,550,PSO,477.43718715821245
14,4,2,550,PSO,315.3799019134409
14,4,3,550,PSO,218.3462632998227
14,4,4,550,PSO,288.95503649515166
14,4,5,550,PSO,450.45835656527044
14,4,6,550,PSO,430.53816886626817
14,4,7,550,PSO,427.4657233615351
14,4,8,550,PSO,363.36839361954907
14,4,9,550,PSO,225.5220164754826
14,4,10,550,PSO,305.06700780578996
14,4,11,550,PSO,306.2942585263368
14,4,12,550,PSO,351.8386027510079
14,4,13,550,PSO,463.3922353854835
14,4,14,550,PSO,776.1503369941107
14,4,15,550,PSO,352.98041908859324
14,4,16,550,PSO,273.96722321277446
14,4,17,550,PSO,328.22061525839615
14,4,18,550,PSO,259.0883176769328
14,4,19,550,PSO,221.77889152695508
14,5,0,550,PSO,623.3753748941849
14,5,1,550,PSO,751.3221589199674
14,5,2,550,PSO,712.4258575385221
14,5,3,550,PSO,551.4339271712666
14,5,4,550,PSO,395.8653398362404
14,5,5,550,PSO,730.7584881536078
14,5,6,550,PSO,641.9951476027263
14,5,7,550,PSO,465.3179472390071
14,5,8,550,PSO,399.6946905611761
14,5,9,550,PSO,506.239061438747
14,5,10,550,PSO,775.2279069405699
14,5,11,550,PSO,708.1559386379658
14,5,12,550,PSO,526.5496980122571
14,5,13,550,PSO,835.7970010018814
14,5,14,550,PSO,328.2189942810047
14,5,15,550,PSO,722.0552600315747
14,5,16,550,PSO,861.9644744894384
14,5,17,550,PSO,441.20801900474754
14,5,18,550,PSO,266.32077169579895
14,5,19,550,PSO,441.12429980534307
14,6,0,550,PSO,304.8463722610856
14,6,1,550,PSO,267.3072531225712
14,6,2,550,PSO,827.129257864071
14,6,3,550,PSO,385.78873207149536
14,6,4,550,PSO,271.3586432858719
14,6,5,550,PSO,542.7478953441994
14,6,6,550,PSO,410.8443166065852
14,6,7,550,PSO,306.2446684023261
14,6,8,550,PSO,1073.2427009839391
14,6,9,550,PSO,409.25909487313425
14,6,10,550,PSO,221.45349050644063
14,6,11,550,PSO,409.47004700356274
14,6,12,550,PSO,459.91566487883557
14,6,13,550,PSO,378.5400273227508
14,6,14,550,PSO,393.547859755129
14,6,15,550,PSO,276.0084635897051
14,6,16,550,PSO,217.8400194848414
14,6,17,550,PSO,398.5712743345986
14,6,18,550,PSO,361.09291883208954
14,6,19,550,PSO,398.96599871660374
14,7,0,550,PSO,402.82833675596896
14,7,1,550,PSO,499.87696316456555
14,7,2,550,PSO,198.33288881738207
14,7,3,550,PSO,344.09464012767677
14,7,4,550,PSO,219.30104129579547
14,7,5,550,PSO,317.7187856882328
14,7,6,550,PSO,315.5606124049836
14,7,7,550,PSO,210.85153185878764
14,7,8,550,PSO,179.18800957879145
14,7,9,550,PSO,357.05428494385086
14,7,10,550,PSO,293.19262055143065
14,7,11,550,PSO,269.56293396322684
14,7,12,550,PSO,296.1576250071737
14,7,13,550,PSO,264.67138652614483
14,7,14,550,PSO,387.07555156504725
14,7,15,550,PSO,246.18397723036435
14,7,16,550,PSO,229.54128629011325
14,7,17,550,PSO,244.39789088275245
14,7,18,550,PSO,153.81838882424339
14,7,19,550,PSO,214.23737451042192
15,1,0,550,PSO,15533.292254786838
15,1,1,550,PSO,16656.7144321995
15,1,2,550,PSO,31195.814345936655
15,1,3,550,PSO,20439.438786067534
15,1,4,550,PSO,47276.228155549834
15,1,5,550,PSO,23845.754530065802
15,1,6,550,PSO,22532.890677830426
15,1,7,550,PSO,21365.367562246473
15,1,8,550,PSO,19299.242032191258
15,1,9,550,PSO,19333.48959638933
15,1,10,550,PSO,13844.594688218023
15,1,11,550,PSO,21833.940029723846
15,1,12,550,PSO,22219.922977681486
15,1,13,550,PSO,12746.826992236176
15,1,14,550,PSO,19684.632246438687
15,1,15,550,PSO,13919.308849568986
15,1,16,550,PSO,19971.796913230202
15,1,17,550,PSO,29357.780787705822
15,1,18,550,PSO,15784.556080879716
15,1,19,550,PSO,14248.623914304197
15,2,0,550,PSO,18132.511552269036
15,2,1,550,PSO,21785.677642174116
15,2,2,550,PSO,9823.985829615629
15,2,3,550,PSO,14573.671822502147
15,2,4,550,PSO,9989.995188977038
15,2,5,550,PSO,12453.519458191508
15,2,6,550,PSO,23226.935018593245
15,2,7,550,PSO,15688.37708812453
15,2,8,550,PSO,17005.460618061905
15,2,9,550,PSO,12394.557309995638
15,2,10,550,PSO,11465.105475545253
15,2,11,550,PSO,11815.822222472396
15,2,12,550,PSO,12161.725456469198
15,2,13,550,PSO,17290.23149655349
15,2,14,550,PSO,13650.548364788747
15,2,15,550,PSO,17003.047441493494
15,2,16,550,PSO,13604.271611950855
15,2,17,550,PSO,16703.804571699813
15,2,18,550,PSO,12509.941082456824
15,2,19,550,PSO,12052.389076547308
15,3,0,550,PSO,16003.018981471818
15,3,1,550,PSO,11605.886584891472
15,3,2,550,PSO,12962.449441401266
15,3,3,550,PSO,13659.919000805206
15,3,4,550,PSO,9997.236837104965
15,3,5,550,PSO,7647.9416788756025
15,3,6,550,PSO,9593.56527800077
15,3,7,550,PSO,12779.887434232858
15,3,8,550,PSO,16705.799505299357
15,3,9,550,PSO,14367.254386774564
15,3,10,550,PSO,9206.8995623008
15,3,11,550,PSO,15778.704314537805
15,3,12,550,PSO,15665.226332646533
15,3,13,550,PSO,13015.346812662923
15,3,14,550,PSO,15758.799720904859
15,3,15,550,PSO,16015.445289235238
15,3,16,550,PSO,15601.331376049788
15,3,17,550,PSO,21413.76219472849
15,3,18,550,PSO,17194.969398977337
15,3,19,550,PSO,18267.634740821348
15,4,0,550,PSO,13538.217656541596
15,4,1,550,PSO,8743.294594040564
15,4,2,550,PSO,8837.401890944262
15,4,3,550,PSO,20318.075925358484
15,4,4,550,PSO,12857.31964901899
15,4,5,550,PSO,12012.196140393837
15,4,6,550,PSO,16578.254034610705
15,4,7,550,PSO,13862.756700546914
15,4,8,550,PSO,23897.2077840113
15,4,9,550,PSO,17317.593980555594
15,4,10,550,PSO,31819.033152479773
15,4,11,550,PSO,11143.16509356127
15,4,12,550,PSO,23311.41357720484
15,4,13,550,PSO,16173.045999361626
15,4,14,550,PSO,12669.515042422052
15,4,15,550,PSO,15521.84763281879
15,4,16,550,PSO,12326.032118889547
15,4,17,550,PSO,15103.80823623123
15,4,18,550,PSO,12610.321469060567
15,4,19,550,PSO,13703.582824824738
15,5,0,550,PSO,14246.808499149342
15,5,1,550,PSO,17787.346362952696
15,5,2,550,PSO,14723.642107045418
15,5,3,550,PSO,20549.291739783326
15,5,4,550,PSO,10893.04981652401
15,5,5,550,PSO,18366.473400481984
15,5,6,550,PSO,28263.946951826183
15,5,7,550,PSO,19122.256158469994
15,5,8,550,PSO,14463.581435770247
15,5,9,550,PSO,7246.899501735027
15,5,10,550,PSO,19058.60364099744
15,5,11,550,PSO,11100.445814615261
15,5,12,550,PSO,17264.088638633042
15,5,13,550,PSO,11533.06422799038
15,5,14,550,PSO,16466.51082393605
15,5,15,550,PSO,12359.89114422047
15,5,16,550,PSO,14133.144100953872
15,5,17,550,PSO,13813.465054652055
15,5,18,550,PSO,20303.72737998869
15,5,19,550,PSO,17216.209148278118
15,6,0,550,PSO,23092.724032910308
15,6,1,550,PSO,13594.371613557452
15,6,2,550,PSO,15179.257582292574
15,6,3,550,PSO,17259.475025470165
15,6,4,550,PSO,23638.930708476044
15,6,5,550,PSO,12346.879189684838
15,6,6,550,PSO,15176.99998878228
15,6,7,550,PSO,16633.377875193488
15,6,8,550,PSO,13434.607852212801
15,6,9,550,PSO,14736.786965024849
15,6,10,550,PSO,15067.575298889617
15,6,11,550,PSO,17027.862391809856
15,6,12,550,PSO,25707.287194073393
15,6,13,550,PSO,11563.439709227583
15,6,14,550,PSO,30618.96325818594
15,6,15,550,PSO,10676.518336341562
15,6,16,550,PSO,14047.000482346812
15,6,17,550,PSO,15531.08164227171
15,6,18,550,PSO,13010.768851069828
15,6,19,550,PSO,15657.448629527786
15,7,0,550,PSO,12876.475813334979
15,7,1,550,PSO,36155.89612047379
15,7,2,550,PSO,13087.01134450746
15,7,3,550,PSO,14677.321154760262
15,7,4,550,PSO,10848.30417053745
15,7,5,550,PSO,15454.917354211648
15,7,6,550,PSO,20769.172179110035
15,7,7,550,PSO,26173.70804148041
15,7,8,550,PSO,19993.333860401624
15,7,9,550,PSO,12260.327891872445
15,7,10,550,PSO,16991.554069810183
15,7,11,550,PSO,12785.288045288971
15,7,12,550,PSO,30246.116323769736
15,7,13,550,PSO,16394.46086976194
15,7,14,550,PSO,15549.923827376155
15,7,15,550,PSO,10690.357337012832
15,7,16,550,PSO,17103.67928615574
15,7,17,550,PSO,16408.352492002185
15,7,18,550,PSO,17754.675298792266
15,7,19,550,PSO,21136.521947525114
16,1,0,550,PSO,9252.970307216892
16,1,1,550,PSO,5222.208459930675
16,1,2,550,PSO,6778.41346361067
16,1,3,550,PSO,4807.817487366872
16,1,4,550,PSO,3336.711070346141
16,1,5,550,PSO,1287.8550284996543
16,1,6,550,PSO,3640.9571244573985
16,1,7,550,PSO,2950.9346557256827
16,1,8,550,PSO,5302.3677135876505
16,1,9,550,PSO,9964.74723710896
16,1,10,550,PSO,4273.742561044884
16,1,11,550,PSO,8699.492934024911
16,1,12,550,PSO,3499.8116672360125
16,1,13,550,PSO,9732.0696821983
16,1,14,550,PSO,3216.434405258144
16,1,15,550,PSO,6428.041431280015
16,1,16,550,PSO,4968.253962097905
16,1,17,550,PSO,3361.4260647725077
16,1,18,550,PSO,4318.262017698697
16,1,19,550,PSO,5158.8655934495555
16,2,0,550,PSO,3107.5549681404227
16,2,1,550,PSO,4455.74702641403
16,2,2,550,PSO,1084.220943012343
16,2,3,550,PSO,4011.6957748964223
16,2,4,550,PSO,5786.714844923145
16,2,5,550,PSO,8936.310055817392
16,2,6,550,PSO,2141.43502343126
16,2,7,550,PSO,4466.840306329526
16,2,8,550,PSO,6618.844204347935
16,2,9,550,PSO,3271.298141138259
16,2,10,550,PSO,2039.9974655928697
16,2,11,550,PSO,8692.031681235967
16,2,12,550,PSO,5067.430213830984
16,2,13,550,PSO,4623.340952806174
16,2,14,550,PSO,3368.504206336646
16,2,15,550,PSO,4308.337120577851
16,2,16,550,PSO,3952.7620563210094
16,2,17,550,PSO,6309.215468563927
16,2,18,550,PSO,9682.135741591366
16,2,19,550,PSO,3746.9095731011657
16,3,0,550,PSO,3458.8297658271467
16,3,1,550,PSO,4327.767277671468
16,3,2,550,PSO,5620.014336399029
16,3,3,550,PSO,4563.700462161996
16,3,4,550,PSO,3558.751823147984
16,3,5,550,PSO,4976.584087456997
16,3,6,550,PSO,7959.763021091987
16,3,7,550,PSO,6074.949065779864
16,3,8,550,PSO,4073.061777874385
16,3,9,550,PSO,5382.1554799208625
16,3,10,550,PSO,3164.8486786242515
16,3,11,550,PSO,6273.745104654527
16,3,12,550,PSO,5397.638051741989
16,3,13,550,PSO,6049.678376190003
16,3,14,550,PSO,6890.988191416258
16,3,15,550,PSO,6778.288586784147
16,3,16,550,PSO,4319.923273774486
16,3,17,550,PSO,5394.150032725753
16,3,18,550,PSO,5412.506147744574
16,3,19,550,PSO,4132.943731005547
16,4,0,550,PSO,4319.761977749343
16,4,1,550,PSO,5875.500847436964
16,4,2,550,PSO,6227.481358746899
16,4,3,550,PSO,3003.7846945940746
16,4,4,550,PSO,3643.0200362681067
16,4,5,550,PSO,5104.234709503613
16,4,6,550,PSO,8765.760501132845
16,4,7,550,PSO,2793.222325873712
16,4,8,550,PSO,8204.037666102204
16,4,9,550,PSO,5777.129424198484
16,4,10,550,PSO,2471.2078108329188
16,4,11,550,PSO,5408.6761635515295
16,4,12,550,PSO,4404.43508645341
16,4,13,550,PSO,2571.49497262873
16,4,14,550,PSO,9935.355124657774
16,4,15,550,PSO,5613.193934030405
16,4,16,550,PSO,4464.084441766927
16,4,17,550,PSO,8282.407204154646
16,4,18,550,PSO,5738.476056618254
16,4,19,550,PSO,7214.985629753975
16,5,0,550,PSO,5109.42136686895
16,5,1,550,PSO,7143.732158984864
16,5,2,550,PSO,2900.9153520381433
16,5,3,550,PSO,3451.043843662479
16,5,4,550,PSO,6473.660383476057
16,5,5,550,PSO,5729.129916746723
16,5,6,550,PSO,8522.586501917178
16,5,7,550,PSO,4425.752309120701
16,5,8,550,PSO,4933.44872097016
16,5,9,550,PSO,1424.3009401024926
16,5,10,550,PSO,4542.143171057287
16,5,11,550,PSO,5706.233628902626
16,5,12,550,PSO,6667.3936350530785
16,5,13,550,PSO,3977.755525608929
16,5,14,550,PSO,3969.278813184681
16,5,15,550,PSO,6551.121686657496
16,5,16,550,PSO,6091.834953539467
16,5,17,550,PSO,5909.869815021378
16,5,18,550,PSO,4500.910530013183
16,5,19,550,PSO,4365.877756642388
16,6,0,550,PSO,8159.498307799348
16,6,1,550,PSO,5787.07360242847
16,6,2,550,PSO,5034.108653416994
16,6,3,550,PSO,10450.755222952448
16,6,4,550,PSO,7706.620100230796
16,6,5,550,PSO,5491.929039913507
16,6,6,550,PSO,4193.294595845564
16,6,7,550,PSO,2913.6212181873266
16,6,8,550,PSO,2426.136346420883
16,6,9,550,PSO,5101.026991299789
16,6,10,550,PSO,5760.199062873826
16,6,11,550,PSO,2447.067010812855
16,6,12,550,PSO,5747.535784019869
16,6,13,550,PSO,2528.3287512652137
16,6,14,550,PSO,5422.870320677956
16,6,15,550,PSO,8060.133392283901
16,6,16,550,PSO,5331.564881699008
16,6,17,550,PSO,4202.318800616526
16,6,18,550,PSO,6159.69909932312
16,6,19,550,PSO,3896.0508106761654
16,7,0,550,PSO,2389.178176318693
16,7,1,550,PSO,4067.6065963341443
16,7,2,550,PSO,3028.6640714945815
16,7,3,550,PSO,3675.743416994033
16,7,4,550,PSO,2395.1172167617815
16,7,5,550,PSO,2795.2227551311116
16,7,6,550,PSO,2859.207314542809
16,7,7,550,PSO,3246.517442378371
16,7,8,550,PSO,2515.0833982691
16,7,9,550,PSO,5589.482449743702
16,7,10,550,PSO,2784.2172178764704
16,7,11,550,PSO,4203.217050364498
16,7,12,550,PSO,4141.659429622264
16,7,13,550,PSO,4390.1572615345685
16,7,14,550,PSO,3166.135182748826
16,7,15,550,PSO,6941.444976105626
16,7,16,550,PSO,3609.224357479042
16,7,17,550,PSO,3999.1939114561656
16,7,18,550,PSO,2935.1395637356604
16,7,19,550,PSO,1697.7855251910203
17,1,0,550,PSO,567.0892621694014
17,1,1,550,PSO,872.6746011061936
17,1,2,550,PSO,567.0231831802391
17,1,3,550,PSO,913.4725742038099
17,1,4,550,PSO,460.88517353376557
17,1,5,550,PSO,425.6822606465853
17,1,6,550,PSO,567.348330616053
17,1,7,550,PSO,624.3407455056715
17,1,8,550,PSO,518.6901555778261
17,1,9,550,PSO,1190.4720553164973
17,1,10,550,PSO,512.0171959685757
17,1,11,550,PSO,610.5418424532322
17,1,12,550,PSO,1280.0851230635749
17,1,13,550,PSO,501.8059456084981
17,1,14,550,PSO,763.9789235737268
17,1,15,550,PSO,835.0301502521129
17,1,16,550,PSO,369.2084842313051
17,1,17,550,PSO,368.82931000093953
17,1,18,550,PSO,592.7280538688962
17,1,19,550,PSO,561.5254597350062
17,2,0,550,PSO,359.5719972313574
17,2,1,550,PSO,366.6349950745051
17,2,2,550,PSO,485.6958820110958
17,2,3,550,PSO,516.6781841142943
17,2,4,550,PSO,305.05752171442964
17,2,5,550,PSO,462.2440216074118
17,2,6,550,PSO,332.47867077348405
17,2,7,550,PSO,628.9391162125514
17,2,8,550,PSO,430.19272800164845
17,2,9,550,PSO,339.9945328861008
17,2,10,550,PSO,241.9742081996734
17,2,11,550,PSO,328.45765477636814
17,2,12,550,PSO,391.0282253121848
17,2,13,550,PSO,286.6126920128993
17,2,14,550,PSO,491.0456570781513
17,2,15,550,PSO,569.4187482448141
17,2,16,550,PSO,1511.7570915176825
17,2,17,550,PSO,405.7698013160891
17,2,18,550,PSO,279.55464448362807
17,2,19,550,PSO,374.8201433162869
17,3,0,550,PSO,625.761927404116
17,3,1,550,PSO,822.0017160671714
17,3,2,550,PSO,470.47678405515035
17,3,3,550,PSO,456.2377958488694
17,3,4,550,PSO,552.9529249053219
17,3,5,550,PSO,608.5163952020763
17,3,6,550,PSO,452.98431763992335
17,3,7,550,PSO,1514.682581464574
17,3,8,550,PSO,1558.9762510292248
17,3,9,550,PSO,587.845366017203
17,3,10,550,PSO,668.3791122353517
17,3,11,550,PSO,952.4939905271181
17,3,12,550,PSO,1778.146759919095
17,3,13,550,PSO,545.5415732993381
17,3,14,550,PSO,1538.4792627996947
17,3,15,550,PSO,721.887889893331
17,3,16,550,PSO,1220.955833643683
17,3,17,550,PSO,1268.2328753427187
17,3,18,550,PSO,709.7740813830858
17,3,19,550,PSO,575.1406210311483
17,4,0,550,PSO,1320.5524838111266
17,4,1,550,PSO,690.7366228070647
17,4,2,550,PSO,1176.233436102519
17,4,3,550,PSO,460.8185165531271
17,4,4,550,PSO,542.7566591961825
17,4,5,550,PSO,987.45341727772
17,4,6,550,PSO,569.9139162828346
17,4,7,550,PSO,1059.962131096661
17,4,8,550,PSO,488.92476696296603
17,4,9,550,PSO,1027.8998819340825
17,4,10,550,PSO,936.1713226079162
17,4,11,550,PSO,722.1800634484698
17,4,12,550,PSO,930.8987246571266
17,4,13,550,PSO,510.0141999288271
17,4,14,550,PSO,699.8416561415041
17,4,15,550,PSO,656.8352502893366
17,4,16,550,PSO,1200.8301016538078
17,4,17,550,PSO,668.8255826729604
17,4,18,550,PSO,1706.9518820626554
17,4,19,550,PSO,504.9912602337744
17,5,0,550,PSO,589.7076648389263
17,5,1,550,PSO,537.6512041415031
17,5,2,550,PSO,1232.7868743758372
17,5,3,550,PSO,968.5185254562166
17,5,4,550,PSO,340.457833098325
17,5,5,550,PSO,632.2182080890317
17,5,6,550,PSO,450.96494757208427
17,5,7,550,PSO,393.4881677653536
17,5,8,550,PSO,458.56667406225205
17,5,9,550,PSO,474.5078161361399
17,5,10,550,PSO,1928.7820738639628
17,5,11,550,PSO,695.0282656468473
17,5,12,550,PSO,506.29308423738155
17,5,13,550,PSO,498.4223735005308
17,5,14,550,PSO,737.1166931414672
17,5,15,550,PSO,598.9470263070807
17,5,16,550,PSO,461.6407928586753
17,5,17,550,PSO,523.9814631107065
17,5,18,550,PSO,472.85956883750214
17,5,19,550,PSO,519.8299657753826
17,6,0,550,PSO,638.8907789087151
17,6,1,550,PSO,358.0722969809318
17,6,2,550,PSO,486.9688660824248
17,6,3,550,PSO,594.722365609136
17,6,4,550,PSO,517.8842260581937
17,6,5,550,PSO,372.77229173971233
17,6,6,550,PSO,1106.8618112662327
17,6,7,550,PSO,712.5417250827034
17,6,8,550,PSO,618.5250753276569
17,6,9,550,PSO,1245.3658529866284
17,6,10,550,PSO,526.1450335091786
17,6,11,550,PSO,382.05387569211575
17,6,12,550,PSO,731.5559687210791
17,6,13,550,PSO,377.00169752350644
17,6,14,550,PSO,515.1189645759026
17,6,15,550,PSO,319.6268573213896
17,6,16,550,PSO,881.354445676671
17,6,17,550,PSO,558.2763694500246
17,6,18,550,PSO,675.9698262263634
17,6,19,550,PSO,366.18410614784045
17,7,0,550,PSO,810.2678927727269
17,7,1,550,PSO,597.2863127659627
17,7,2,550,PSO,591.8354745200228
17,7,3,550,PSO,669.0836104333808
17,7,4,550,PSO,633.3400544485683
17,7,5,550,PSO,604.6958713361279
17,7,6,550,PSO,535.2087455515452
17,7,7,550,PSO,895.0931873896278
17,7,8,550,PSO,810.4522898296887
17,7,9,550,PSO,516.6714218479062
17,7,10,550,PSO,716.3837246077283
17,7,11,550,PSO,727.4701253199462
17,7,12,550,PSO,481.03919480638905
17,7,13,550,PSO,401.88084214992784
17,7,14,550,PSO,808.0318594848881
17,7,15,550,PSO,668.381408024691
17,7,16,550,PSO,713.9582622827926
17,7,17,550,PSO,640.2786661026801
17,7,18,550,PSO,830.1506757676399
17,7,19,550,PSO,671.768581401286
18,1,0,550,PSO,3059.8934719069534
18,1,1,550,PSO,2126.6682704282925
18,1,2,550,PSO,1601.1444374828366
18,1,3,550,PSO,2678.3989673271203
18,1,4,550,PSO,1889.3867383418033
18,1,5,550,PSO,2729.241611449854
18,1,6,550,PSO,5213.017103147718
18,1,7,550,PSO,2356.001378011689
18,1,8,550,PSO,2233.0741885063703
18,1,9,550,PSO,2869.8322618709935
18,1,10,550,PSO,1782.871467016615
18,1,11,550,PSO,2766.6395359623766
18,1,12,550,PSO,4782.300844765118
18,1,13,550,PSO,3096.025505781306
18,1,14,550,PSO,3810.657573421729
18,1,15,550,PSO,2294.1834158666875
18,1,16,550,PSO,7989.472839171336
18,1,17,550,PSO,1743.2197738268671
18,1,18,550,PSO,2131.449808280215
18,1,19,550,PSO,3228.4042339056145
18,2,0,550,PSO,1350.188999754841
18,2,1,550,PSO,1452.6264926649703
18,2,2,550,PSO,1508.2174640083706
18,2,3,550,PSO,2047.8438072864028
18,2,4,550,PSO,2679.6683706480035
18,2,5,550,PSO,2074.56177431087
18,2,6,550,PSO,1891.2407236656518
18,2,7,550,PSO,1519.3331461902892
18,2,8,550,PSO,2442.912306490367
18,2,9,550,PSO,1281.2511611915068
18,2,10,550,PSO,1067.887744746555
18,2,11,550,PSO,1758.2888200557652
18,2,12,550,PSO,1697.8416527954166
18,2,13,550,PSO,1761.6902924436615
18,2,14,550,PSO,2737.284080791256
18,2,15,550,PSO,892.0085739683134
18,2,16,550,PSO,1746.581899514558
18,2,17,550,PSO,1662.9174724454347
18,2,18,550,PSO,1176.4313710966928
18,2,19,550,PSO,1054.5836828031038
18,3,0,550,PSO,2887.353021838649
18,3,1,550,PSO,2219.77002418762
18,3,2,550,PSO,4299.784791444381
18,3,3,550,PSO,5082.227907321887
18,3,4,550,PSO,2737.6377136800666
18,3,5,550,PSO,5140.18610895566
18,3,6,550,PSO,2642.2284708802636
18,3,7,550,PSO,3923.5962479025166
18,3,8,550,PSO,3071.130628124174
18,3,9,550,PSO,1796.1548228619693
18,3,10,550,PSO,2725.575192233009
18,3,11,550,PSO,2726.4892917777743
18,3,12,550,PSO,3155.91768352862
18,3,13,550,PSO,2380.015087527119
18,3,14,550,PSO,2866.3901543550355
18,3,15,550,PSO,2914.7144296897986
18,3,16,550,PSO,2737.677830835917
18,3,17,550,PSO,3147.9981412112006
18,3,18,550,PSO,3305.49865989613
18,3,19,550,PSO,1989.478927334909
18,4,0,550,PSO,4457.51445626648
18,4,1,550,PSO,3915.7945928671693
18,4,2,550,PSO,4295.5103229114575
18,4,3,550,PSO,2684.8201350199256
18,4,4,550,PSO,11121.872040940081
18,4,5,550,PSO,3703.96765092465
18,4,6,550,PSO,2089.0793286617436
18,4,7,550,PSO,1927.2678762778664
18,4,8,550,PSO,4184.838184807033
18,4,9,550,PSO,2561.6799804728325
18,4,10,550,PSO,1953.295343782188
18,4,11,550,PSO,2105.39761317926
18,4,12,550,PSO,4153.1394151452805
18,4,13,550,PSO,2172.320303045493
18,4,14,550,PSO,2289.897021483555
18,4,15,550,PSO,2203.85742187324
18,4,16,550,PSO,6399.953059794672
18,4,17,550,PSO,2890.7803195961574
18,4,18,550,PSO,4343.573738116703
18,4,19,550,PSO,2039.0668930148902
18,5,0,550,PSO,5028.928677342073
18,5,1,550,PSO,1912.2944248252543
18,5,2,550,PSO,2283.203127534592
18,5,3,550,PSO,2239.3642692343246
18,5,4,550,PSO,1144.893757199908
18,5,5,550,PSO,2193.1095371564593
18,5,6,550,PSO,2050.7924683402043
18,5,7,550,PSO,1830.7775372267085
18,5,8,550,PSO,2697.7475501392228
18,5,9,550,PSO,2886.4041940981488
18,5,10,550,PSO,3216.1049420968448
18,5,11,550,PSO,6569.50434057626
18,5,12,550,PSO,2326.922026909203
18,5,13,550,PSO,2915.0548288584737
18,5,14,550,PSO,2253.2075022158106
18,5,15,550,PSO,2396.638479714983
18,5,16,550,PSO,2600.305043826874
18,5,17,550,PSO,3632.1961334393254
18,5,18,550,PSO,1295.7773571921002
18,5,19,550,PSO,3163.409134675458
18,6,0,550,PSO,3398.7405462445213
18,6,1,550,PSO,3882.2757423890075
18,6,2,550,PSO,2242.4623183514536
18,6,3,550,PSO,1659.3341826346455
18,6,4,550,PSO,3013.8145512514247
18,6,5,550,PSO,2218.2461981201654
18,6,6,550,PSO,1936.2531904206267
18,6,7,550,PSO,1710.3384845358878
18,6,8,550,PSO,1805.2561370157414
18,6,9,550,PSO,2631.4221743277203
18,6,10,550,PSO,1734.8912701290817
18,6,11,550,PSO,1477.115222659536
18,6,12,550,PSO,3538.0030772034956
18,6,13,550,PSO,2415.911082205232
18,6,14,550,PSO,2786.9328483667728
18,6,15,550,PSO,3046.257737688538
18,6,16,550,PSO,2163.4507314351195
18,6,17,550,PSO,1785.122305577042
18,6,18,550,PSO,2220.9333885882384
18,6,19,550,PSO,1846.3265888481974
18,7,0,550,PSO,2350.0503096483867
18,7,1,550,PSO,3732.4941537837867
18,7,2,550,PSO,2842.8909760942893
18,7,3,550,PSO,2465.5046260214094
18,7,4,550,PSO,2945.185306935881
18,7,5,550,PSO,3151.5228245097064
18,7,6,550,PSO,3402.785726127046
18,7,7,550,PSO,2262.578099634186
18,7,8,550,PSO,3911.616618530621
18,7,9,550,PSO,1849.5056616147897
18,7,10,550,PSO,1711.71482735427
18,7,11,550,PSO,3086.4865893569104
18,7,12,550,PSO,2029.7075568963094
18,7,13,550,PSO,3934.693331948006
18,7,14,550,PSO,5101.776952139575
18,7,15,550,PSO,2577.281402372191
18,7,16,550,PSO,2506.8651717491775
18,7,17,550,PSO,2311.2669435544112
18,7,18,550,PSO,2598.1022850174427
18,7,19,550,PSO,3504.0318916709894
19,1,0,550,PSO,3065.1482088899843
19,1,1,550,PSO,2022.0272523988115
19,1,2,550,PSO,1319.3321509531143
19,1,3,550,PSO,1374.6033609657277
19,1,4,550,PSO,2863.251011798842
19,1,5,550,PSO,1121.3467086475066
19,1,6,550,PSO,2371.69328166954
19,1,7,550,PSO,1289.811591615961
19,1,8,550,PSO,1725.9720929536065
19,1,9,550,PSO,2317.6805191035037
19,1,10,550,PSO,1056.3117646668525
19,1,11,550,PSO,2292.599732669416
19,1,12,550,PSO,1398.6237850935017
19,1,13,550,PSO,1118.3605690851834
19,1,14,550,PSO,2178.5456421609824
19,1,15,550,PSO,1372.2157914403797
19,1,16,550,PSO,1044.199800605978
19,1,17,550,PSO,1696.5099566608208
19,1,18,550,PSO,1177.9729723390042
19,1,19,550,PSO,1412.0229789983869
19,2,0,550,PSO,2401.604178689847
19,2,1,550,PSO,1646.3947170712845
19,2,2,550,PSO,1347.021410712759
19,2,3,550,PSO,2210.847529379855
19,2,4,550,PSO,2031.297200664878
19,2,5,550,PSO,2094.8757779781504
19,2,6,550,PSO,1379.1529238996377
19,2,7,550,PSO,2226.6531433377595
19,2,8,550,PSO,1004.9380369884286
19,2,9,550,PSO,1703.4150541052502
19,2,10,550,PSO,1488.2212233366965
19,2,11,550,PSO,1778.4241273696475
19,2,12,550,PSO,1553.2570299898352
19,2,13,550,PSO,2055.406498298605
19,2,14,550,PSO,2332.90819665217
19,2,15,550,PSO,2178.3736451557925
19,2,16,550,PSO,1857.6097049442644
19,2,17,550,PSO,1167.5556276785724
19,2,18,550,PSO,1924.0844503947246
19,2,19,550,PSO,900.8602602924072
19,3,0,550,PSO,2364.3885428068893
19,3,1,550,PSO,3021.8926622880886
19,3,2,550,PSO,1911.202340035938
19,3,3,550,PSO,1908.1579080138565
19,3,4,550,PSO,1575.1163603662703
19,3,5,550,PSO,1694.1235113043213
19,3,6,550,PSO,1711.4019930780707
19,3,7,550,PSO,1682.7896627924356
19,3,8,550,PSO,1078.6379089891575
19,3,9,550,PSO,900.1898799135778
19,3,10,550,PSO,1559.1507551479106
19,3,11,550,PSO,1963.8057449940666
19,3,12,550,PSO,669.9320741760855
19,3,13,550,PSO,1526.3336183542096
19,3,14,550,PSO,1813.5844619536188
19,3,15,550,PSO,1610.9266522043883
19,3,16,550,PSO,1494.9035266648825
19,3,17,550,PSO,1520.6396201052091
19,3,18,550,PSO,2622.0302616166555
19,3,19,550,PSO,2793.8476528642723
19,4,0,550,PSO,795.7519201796773
19,4,1,550,PSO,2763.066043218172
19,4,2,550,PSO,1430.4164443553539
19,4,3,550,PSO,1846.1614932225516
19,4,4,550,PSO,1652.9163360904724
19,4,5,550,PSO,1721.1443847468126
19,4,6,550,PSO,1540.1818251852828
19,4,7,550,PSO,1185.7642887039067
19,4,8,550,PSO,2407.0814853587917
19,4,9,550,PSO,1703.8567936614381
19,4,10,550,PSO,1762.181958354955
19,4,11,550,PSO,2037.069495951058
19,4,12,550,PSO,576.2656341540239
19,4,13,550,PSO,1708.8402708842427
19,4,14,550,PSO,1865.821228752161
19,4,15,550,PSO,1331.398152672546
19,4,16,550,PSO,1375.3492247905922
19,4,17,550,PSO,1843.9300601702723
19,4,18,550,PSO,1636.6306319794323
19,4,19,550,PSO,1903.5251465351143
19,5,0,550,PSO,1381.7783919638869
19,5,1,550,PSO,1373.0762869583932
19,5,2,550,PSO,1745.920063346458
19,5,3,550,PSO,1797.3995976455062
19,5,4,550,PSO,1740.6053009920324
19,5,5,550,PSO,2458.6752944533628
19,5,6,550,PSO,1532.8103090791803
19,5,7,550,PSO,1853.9557560574624
19,5,8,550,PSO,1524.8310882914998
19,5,9,550,PSO,1579.1665547235443
19,5,10,550,PSO,2496.998592478768
19,5,11,550,PSO,1999.735558303956
19,5,12,550,PSO,2339.8386571374285
19,5,13,550,PSO,2119.392975176097
19,5,14,550,PSO,1822.6500051825942
19,5,15,550,PSO,1548.5692587625565
19,5,16,550,PSO,1819.6292460080113
19,5,17,550,PSO,2340.9977769099687
19,5,18,550,PSO,1705.4801289559055
19,5,19,550,PSO,1989.1716106458234
19,6,0,550,PSO,1754.7561422583547
19,6,1,550,PSO,2509.7458074117485
19,6,2,550,PSO,2520.818747934017
19,6,3,550,PSO,2782.0086870393684
19,6,4,550,PSO,1904.2684069307945
19,6,5,550,PSO,3332.8551228817114
19,6,6,550,PSO,3103.6032070080328
19,6,7,550,PSO,1726.10935414896
19,6,8,550,PSO,2392.9832363577907
19,6,9,550,PSO,2358.9155838164024
19,6,10,550,PSO,2021.7900032035766
19,6,11,550,PSO,2294.586496283472
19,6,12,550,PSO,1066.8204088528848
19,6,13,550,PSO,1316.6944049951032
19,6,14,550,PSO,1983.718649020537
19,6,15,550,PSO,1521.0356480356463
19,6,16,550,PSO,2607.147286268202
19,6,17,550,PSO,1892.2142834025271
19,6,18,550,PSO,2461.0586190180293
19,6,19,550,PSO,1342.1685196109188
19,7,0,550,PSO,1888.1181760618178
19,7,1,550,PSO,2256.881647642028
19,7,2,550,PSO,1040.2833560962767
19,7,3,550,PSO,2300.2582398987297
19,7,4,550,PSO,956.2014543047585
19,7,5,550,PSO,2610.4561470656686
19,7,6,550,PSO,1583.081198107584
19,7,7,550,PSO,1409.239559676817
19,7,8,550,PSO,2064.155476598017
19,7,9,550,PSO,1643.9385137738113
19,7,10,550,PSO,1320.5511077237643
19,7,11,550,PSO,1844.5730010980294
19,7,12,550,PSO,2500.9199364866063
19,7,13,550,PSO,1564.613113882264
19,7,14,550,PSO,1723.4084797646146
19,7,15,550,PSO,1603.424605338086
19,7,16,550,PSO,1429.6549465635217
19,7,17,550,PSO,1287.2922786189115
19,7,18,550,PSO,1852.4524374960902
19,7,19,550,PSO,2301.495344432805
20,1,0,550,PSO,42069.434503227676
20,1,1,550,PSO,39855.371908387126
20,1,2,550,PSO,144934.8432420758
20,1,3,550,PSO,76016.55407546634
20,1,4,550,PSO,156601.88700973874
20,1,5,550,PSO,54337.496727915546
20,1,6,550,PSO,214113.73406378843
20,1,7,550,PSO,124751.42064117802
20,1,8,550,PSO,148723.70848124594
20,1,9,550,PSO,111515.5222289363
20,1,10,550,PSO,52000.35114750081
20,1,11,550,PSO,83024.13852410547
20,1,12,550,PSO,16074.27804323984
20,1,13,550,PSO,19054.4355578604
20,1,14,550,PSO,109091.47303255384
20,1,15,550,PSO,10398.958097721155
20,1,16,550,PSO,64288.08881334153
20,1,17,550,PSO,77985.93053685034
20,1,18,550,PSO,64121.04161299086
20,1,19,550,PSO,38537.040281001035
20,2,0,550,PSO,170672.34150133148
20,2,1,550,PSO,57235.18606678814
20,2,2,550,PSO,12298.024601170944
20,2,3,550,PSO,10600.391596944948
20,2,4,550,PSO,77590.48365828599
20,2,5,550,PSO,66114.8460720917
20,2,6,550,PSO,274444.29849656083
20,2,7,550,PSO,37709.91660075953
20,2,8,550,PSO,57789.49497909569
20,2,9,550,PSO,17349.729127287173
20,2,10,550,PSO,79139.49962180966
20,2,11,550,PSO,39623.29116050538
20,2,12,550,PSO,86398.22278483481
20,2,13,550,PSO,168435.21126775243
20,2,14,550,PSO,57371.92933996377
20,2,15,550,PSO,23369.10914148871
20,2,16,550,PSO,8250.743636221336
20,2,17,550,PSO,61624.61430183156
20,2,18,550,PSO,18502.97336911793
20,2,19,550,PSO,2161.013585140862
20,3,0,550,PSO,20536.749977026608
20,3,1,550,PSO,49402.75345280095
20,3,2,550,PSO,251666.16650999794
20,3,3,550,PSO,99562.96865365756
20,3,4,550,PSO,67143.4937698116
20,3,5,550,PSO,60862.050932740494
20,3,6,550,PSO,114940.32881879341
20,3,7,550,PSO,133411.27460390498
20,3,8,550,PSO,175125.20166294838
20,3,9,550,PSO,52986.851485935
20,3,10,550,PSO,35317.75716449727
20,3,11,550,PSO,164122.4079696746
20,3,12,550,PSO,204025.6371335245
20,3,13,550,PSO,2762.917494284026
20,3,14,550,PSO,144549.20800137136
20,3,15,550,PSO,94716.0834326513
20,3,16,550,PSO,93922.44286150746
20,3,17,550,PSO,38029.188364144306
20,3,18,550,PSO,31903.5876338846
20,3,19,550,PSO,95610.37215616788
20,4,0,550,PSO,220338.4831524573
20,4,1,550,PSO,55195.81527163482
20,4,2,550,PSO,12690.375620998611
20,4,3,550,PSO,10978.816154368318
20,4,4,550,PSO,69653.14690026006
20,4,5,550,PSO,43442.13159847055
20,4,6,550,PSO,219739.10551706047
20,4,7,550,PSO,37141.538681533464
20,4,8,550,PSO,61561.57087398191
20,4,9,550,PSO,3817.791858622306
20,4,10,550,PSO,58959.91595462616
20,4,11,550,PSO,39213.81423624965
20,4,12,550,PSO,85532.8756669593
20,4,13,550,PSO,206364.05192364633
20,4,14,550,PSO,77454.26729952109
20,4,15,550,PSO,10776.919787592764
20,4,16,550,PSO,2682.0958009699116
20,4,17,550,PSO,65690.6338557788
20,4,18,550,PSO,42020.58707860849
20,4,19,550,PSO,2270.891886849563
20,5,0,550,PSO,126289.2841867461
20,5,1,550,PSO,127238.62285623832
20,5,2,550,PSO,99381.79799714917
20,5,3,550,PSO,37463.91883027743
20,5,4,550,PSO,2419.1597463367625
20,5,5,550,PSO,35222.175220351
20,5,6,550,PSO,54017.86131224933
20,5,7,550,PSO,5346.026577934272
20,5,8,550,PSO,75206.2742816694
20,5,9,550,PSO,13256.761593522515
20,5,10,550,PSO,21972.387786797746
20,5,11,550,PSO,49411.26480220985
20,5,12,550,PSO,317607.5205425264
20,5,13,550,PSO,89473.32444267669
20,5,14,550,PSO,34629.89836936979
20,5,15,550,PSO,37104.29650229176
20,5,16,550,PSO,4421.411534783261
20,5,17,550,PSO,43450.34766214108
20,5,18,550,PSO,84617.60227565437
20,5,19,550,PSO,51394.16044640645
20,6,0,550,PSO,53238.18728164861
20,6,1,550,PSO,3294.215907863734
20,6,2,550,PSO,118168.17975346187
20,6,3,550,PSO,57751.96321460573
20,6,4,550,PSO,168166.545410408
20,6,5,550,PSO,85346.05013561627
20,6,6,550,PSO,190471.458419661
20,6,7,550,PSO,187225.06685925197
20,6,8,550,PSO,196719.0675117068
20,6,9,550,PSO,39228.42486135902
20,6,10,550,PSO,6121.85851691523
20,6,11,550,PSO,102282.48905275026
20,6,12,550,PSO,6462.723752849524
20,6,13,550,PSO,48411.2017325762
20,6,14,550,PSO,126011.47149204461
20,6,15,550,PSO,14939.943907377448
20,6,16,550,PSO,136018.78906929577
20,6,17,550,PSO,79277.13004412285
20,6,18,550,PSO,16010.55086612025
20,6,19,550,PSO,36157.471501948596
20,7,0,550,PSO,73563.73194822708
20,7,1,550,PSO,92353.75982249332
20,7,2,550,PSO,214045.18228312748
20,7,3,550,PSO,39445.00388514836
20,7,4,550,PSO,4107.987634694783
20,7,5,550,PSO,40171.54995417742
20,7,6,550,PSO,69200.91473009188
20,7,7,550,PSO,17045.62435501758
20,7,8,550,PSO,102346.43226907503
20,7,9,550,PSO,101817.51103427417
20,7,10,550,PSO,48133.86148060452
20,7,11,550,PSO,54293.811059515676
20,7,12,550,PSO,301617.2312823697
20,7,13,550,PSO,34470.41553048399
20,7,14,550,PSO,32145.000586043483
20,7,15,550,PSO,30839.841963586117
20,7,16,550,PSO,104770.83623883911
20,7,17,550,PSO,76039.98919718676
20,7,18,550,PSO,39363.70154569961
20,7,19,550,PSO,10473.919747145124
21,1,0,550,PSO,1696.4215156773164
21,1,1,550,PSO,1698.0955496667802
21,1,2,550,PSO,1750.1733060253312
21,1,3,550,PSO,1657.923448281698
21,1,4,550,PSO,2626.1360068479253
21,1,5,550,PSO,2934.807311454724
21,1,6,550,PSO,2376.572560549759
21,1,7,550,PSO,2095.8949328736426
21,1,8,550,PSO,1846.1923457878875
21,1,9,550,PSO,4833.654655669447
21,1,10,550,PSO,2590.0514250601877
21,1,11,550,PSO,2034.739788091661
21,1,12,550,PSO,1797.786476614318
21,1,13,550,PSO,1780.6011783734757
21,1,14,550,PSO,3305.1230256773542
21,1,15,550,PSO,2098.762295839616
21,1,16,550,PSO,1978.122740015489
21,1,17,550,PSO,1790.3246044546033
21,1,18,550,PSO,2240.8098879643544
21,1,19,550,PSO,1824.7421566948453
21,2,0,550,PSO,3486.928807944
21,2,1,550,PSO,3395.226459467058
21,2,2,550,PSO,3925.7393475515764
21,2,3,550,PSO,4396.558444839772
21,2,4,550,PSO,7914.476606907601
21,2,5,550,PSO,4280.977858507398
21,2,6,550,PSO,931.3888633499523
21,2,7,550,PSO,690.3537269986053
21,2,8,550,PSO,2711.799399142605
21,2,9,550,PSO,2513.7083654043518
21,2,10,550,PSO,148.4722525412458
21,2,11,550,PSO,3199.2455415732184
21,2,12,550,PSO,2685.505585531765
21,2,13,550,PSO,216.95230232860118
21,2,14,550,PSO,8122.2357971636275
21,2,15,550,PSO,3090.4554204718825
21,2,16,550,PSO,1210.0029037735208
21,2,17,550,PSO,7846.287133762036
21,2,18,550,PSO,3054.3602855636022
21,2,19,550,PSO,4164.3458265241825
21,3,0,550,PSO,1398.628523011551
21,3,1,550,PSO,5053.027354585123
21,3,2,550,PSO,1615.132593641272
21,3,3,550,PSO,4253.6401383281545
21,3,4,550,PSO,6750.7547335682375
21,3,5,550,PSO,6175.045508353537
21,3,6,550,PSO,2769.31734121342
21,3,7,550,PSO,5943.736842717124
21,3,8,550,PSO,2560.0839450778917
21,3,9,550,PSO,3542.3372059511157
21,3,10,550,PSO,443.1467058036112
21,3,11,550,PSO,3798.653935785448
21,3,12,550,PSO,13642.991328045473
21,3,13,550,PSO,5983.157000439036
21,3,14,550,PSO,1223.0860341994435
21,3,15,550,PSO,3326.100686225976
21,3,16,550,PSO,10173.888392002485
21,3,17,550,PSO,9124.462898621747
21,3,18,550,PSO,3394.770612294946
21,3,19,550,PSO,3085.44857224752
21,4,0,550,PSO,4255.850967502143
21,4,1,550,PSO,4011.0060010752777
21,4,2,550,PSO,5536.97827242933
21,4,3,550,PSO,2724.6403627252394
21,4,4,550,PSO,2554.2121336823743
21,4,5,550,PSO,6498.909543286288
21,4,6,550,PSO,1264.9171138840736
21,4,7,550,PSO,2093.008528562028
21,4,8,550,PSO,6471.570371758897
21,4,9,550,PSO,6123.920855769576
21,4,10,550,PSO,2292.169837503532
21,4,11,550,PSO,6198.573241648197
21,4,12,550,PSO,4232.226585151062
21,4,13,550,PSO,3356.7945514515723
21,4,14,550,PSO,8125.958396767611
21,4,15,550,PSO,8600.312693303205
21,4,16,550,PSO,6675.325965797589
21,4,17,550,PSO,6696.138785301149
21,4,18,550,PSO,2287.229269194354
21,4,19,550,PSO,3208.2569594396327
21,5,0,550,PSO,3366.2008510321525
21,5,1,550,PSO,3946.253510691086
21,5,2,550,PSO,6701.597336971243
21,5,3,550,PSO,1567.152494884453
21,5,4,550,PSO,2828.2615403610016
21,5,5,550,PSO,3299.4424037716203
21,5,6,550,PSO,2032.6978205543255
21,5,7,550,PSO,4758.27394315082
21,5,8,550,PSO,778.0592941294849
21,5,9,550,PSO,1846.20831701436
21,5,10,550,PSO,441.8180882163446
21,5,11,550,PSO,1254.0480727627887
21,5,12,550,PSO,2865.8402671297436
21,5,13,550,PSO,2287.948519124705
21,5,14,550,PSO,2810.927174734078
21,5,15,550,PSO,1754.7900212311042
21,5,16,550,PSO,1672.2783761796522
21,5,17,550,PSO,3117.7355324865184
21,5,18,550,PSO,3730.9328414882757
21,5,19,550,PSO,2893.494119502582
21,6,0,550,PSO,2446.822862356893
21,6,1,550,PSO,5530.8301789666275
21,6,2,550,PSO,5857.813341111792
21,6,3,550,PSO,2169.701209192678
21,6,4,550,PSO,3286.0778962289637
21,6,5,550,PSO,3587.5326162836946
21,6,6,550,PSO,4348.79405564179
21,6,7,550,PSO,5352.364245301007
21,6,8,550,PSO,4089.3407403504516
21,6,9,550,PSO,4080.9024339996845
21,6,10,550,PSO,3617.0360587467403
21,6,11,550,PSO,4351.699961559178
21,6,12,550,PSO,4228.0372426342965
21,6,13,550,PSO,1916.1126781334224
21,6,14,550,PSO,2941.251276839021
21,6,15,550,PSO,4427.9007528500015
21,6,16,550,PSO,624.9288470265982
21,6,17,550,PSO,5158.579080414636
21,6,18,550,PSO,11555.809572305006
21,6,19,550,PSO,3783.5880978404784
21,7,0,550,PSO,3538.3498412618815
21,7,1,550,PSO,6506.829952618357
21,7,2,550,PSO,1555.46397059482
21,7,3,550,PSO,2494.6022526646984
21,7,4,550,PSO,3207.6077560072376
21,7,5,550,PSO,366.09869536384304
21,7,6,550,PSO,2641.9544997915773
21,7,7,550,PSO,3631.2506762688618
21,7,8,550,PSO,3598.92775512137
21,7,9,550,PSO,2759.055708961515
21,7,10,550,PSO,2913.350753032562
21,7,11,550,PSO,2424.8115285565987
21,7,12,550,PSO,6044.749456754263
21,7,13,550,PSO,2877.5051539005176
21,7,14,550,PSO,4926.226973677438
21,7,15,550,PSO,3649.477695719553
21,7,16,550,PSO,2656.0431751207816
21,7,17,550,PSO,942.5140773826924
21,7,18,550,PSO,3420.226330197066
21,7,19,550,PSO,1770.3059966324488
22,1,0,550,PSO,2077.4801177210634
22,1,1,550,PSO,3380.3627878796706
22,1,2,550,PSO,19730.60145024861
22,1,3,550,PSO,8967.259384371764
22,1,4,550,PSO,1144.3518526719893
22,1,5,550,PSO,915.4125582773646
22,1,6,550,PSO,3842.902194126544
22,1,7,550,PSO,5322.135884428859
22,1,8,550,PSO,8254.21243420117
22,1,9,550,PSO,31447.606862077533
22,1,10,550,PSO,21697.401629583466
22,1,11,550,PSO,3327.1333339307316
22,1,12,550,PSO,2555.310591173921
22,1,13,550,PSO,3565.057690465377
22,1,14,550,PSO,32810.91964264354
22,1,15,550,PSO,7040.508298063272
22,1,16,550,PSO,2123.986935139099
22,1,17,550,PSO,6369.06102369638
22,1,18,550,PSO,3548.0597824844767
22,1,19,550,PSO,20161.962088758075
22,2,0,550,PSO,5101.864895228879
22,2,1,550,PSO,1838.9523093866774
22,2,2,550,PSO,10523.08142469309
22,2,3,550,PSO,2018.812521837687
22,2,4,550,PSO,2495.607516963487
22,2,5,550,PSO,1902.88401708129
22,2,6,550,PSO,3329.9516216422417
22,2,7,550,PSO,3382.3317839888164
22,2,8,550,PSO,5009.282019090334
22,2,9,550,PSO,5167.835273577951
22,2,10,550,PSO,2905.9212522901107
22,2,11,550,PSO,3988.4877205156627
22,2,12,550,PSO,2706.932698880775
22,2,13,550,PSO,4292.117967001326
22,2,14,550,PSO,2399.7307117614896
22,2,15,550,PSO,10630.307012422563
22,2,16,550,PSO,2217.928649868021
22,2,17,550,PSO,3618.1743271325795
22,2,18,550,PSO,8565.589316258673
22,2,19,550,PSO,9815.875418373776
22,3,0,550,PSO,5908.559594983226
22,3,1,550,PSO,2338.781203803681
22,3,2,550,PSO,12960.063832333672
22,3,3,550,PSO,12907.724800539736
22,3,4,550,PSO,2169.572571950521
22,3,5,550,PSO,3802.3488907765486
22,3,6,550,PSO,2586.959377849338
22,3,7,550,PSO,2789.337055212028
22,3,8,550,PSO,5397.719297538119
22,3,9,550,PSO,1771.741483139481
22,3,10,550,PSO,1453.9412190945036
22,3,11,550,PSO,4190.745135078559
22,3,12,550,PSO,7301.305607952161
22,3,13,550,PSO,10790.43732203686
22,3,14,550,PSO,2464.51496338802
22,3,15,550,PSO,8832.881745401686
22,3,16,550,PSO,2411.7169435653464
22,3,17,550,PSO,1510.60717473253
22,3,18,550,PSO,12533.2408377648
22,3,19,550,PSO,3222.757630497158
22,4,0,550,PSO,8813.106248103813
22,4,1,550,PSO,8806.405310912358
22,4,2,550,PSO,9551.538894022462
22,4,3,550,PSO,8791.091974357558
22,4,4,550,PSO,3507.3079511397964
22,4,5,550,PSO,2399.3455200854137
22,4,6,550,PSO,4064.1069238760456
22,4,7,550,PSO,3950.5764530746033
22,4,8,550,PSO,8502.861923521938
22,4,9,550,PSO,9077.241395989318
22,4,10,550,PSO,7918.609813134981
22,4,11,550,PSO,8267.132849019257
22,4,12,550,PSO,8093.431079084659
22,4,13,550,PSO,1638.100349402836
22,4,14,550,PSO,7837.499504721913
22,4,15,550,PSO,10374.551678147687
22,4,16,550,PSO,7734.200714074152
22,4,17,550,PSO,7601.0818735572375
22,4,18,550,PSO,9351.958776544518
22,4,19,550,PSO,9358.585021744995
22,5,0,550,PSO,11062.299652520982
22,5,1,550,PSO,2791.0630841504576
22,5,2,550,PSO,2005.4105616016234
22,5,3,550,PSO,27016.08209016691
22,5,4,550,PSO,2998.183060694662
22,5,5,550,PSO,3188.5673929062164
22,5,6,550,PSO,8827.214109440953
22,5,7,550,PSO,10477.654070499935
22,5,8,550,PSO,8984.725748663699
22,5,9,550,PSO,8432.756530256778
22,5,10,550,PSO,26603.22745336869
22,5,11,550,PSO,2668.2824462022263
22,5,12,550,PSO,3261.16177251564
22,5,13,550,PSO,10770.700783317105
22,5,14,550,PSO,11449.41343862093
22,5,15,550,PSO,2133.3089777812193
22,5,16,550,PSO,1369.604840394415
22,5,17,550,PSO,1708.8129584162289
22,5,18,550,PSO,5363.90163470106
22,5,19,550,PSO,4157.443251307549
22,6,0,550,PSO,1806.366669990638
22,6,1,550,PSO,2776.9961594679426
22,6,2,550,PSO,2387.744800007171
22,6,3,550,PSO,981.8039560566586
22,6,4,550,PSO,1500.2154367264236
22,6,5,550,PSO,3179.0090979673782
22,6,6,550,PSO,1671.932944969149
22,6,7,550,PSO,2613.452218545927
22,6,8,550,PSO,13654.791651020947
22,6,9,550,PSO,1256.417327950584
22,6,10,550,PSO,1603.8711137575024
22,6,11,550,PSO,2396.2546452047955
22,6,12,550,PSO,1996.380587256821
22,6,13,550,PSO,6415.220325686295
22,6,14,550,PSO,6130.433386998114
22,6,15,550,PSO,4859.234161278871
22,6,16,550,PSO,5176.765008359205
22,6,17,550,PSO,6406.893839217189
22,6,18,550,PSO,5216.6107983408965
22,6,19,550,PSO,6430.8829016631435
22,7,0,550,PSO,9680.230268987414
22,7,1,550,PSO,3868.5240045243017
22,7,2,550,PSO,9695.763859792472
22,7,3,550,PSO,1495.4194627723853
22,7,4,550,PSO,6081.052823002535
22,7,5,550,PSO,5124.300260761922
22,7,6,550,PSO,4349.527773438907
22,7,7,550,PSO,7974.857330971621
22,7,8,550,PSO,8637.7876101031
22,7,9,550,PSO,810.5062994130559
22,7,10,550,PSO,10855.777835882362
22,7,11,550,PSO,3817.376065736108
22,7,12,550,PSO,5956.14489884309
22,7,13,550,PSO,2476.0054186060306
22,7,14,550,PSO,9610.745065100527
22,7,15,550,PSO,8636.362893728317
22,7,16,550,PSO,907.515641784427
22,7,17,550,PSO,8880.647522086683
22,7,18,550,PSO,3916.042558936653
22,7,19,550,PSO,3379.799050491938
23,1,0,550,PSO,2850.2354791699254
23,1,1,550,PSO,2632.9041081133037
23,1,2,550,PSO,3122.248599313989
23,1,3,550,PSO,2424.7402463094004
23,1,4,550,PSO,2882.3225787106458
23,1,5,550,PSO,1918.3679338088605
23,1,6,550,PSO,3019.737200537303
23,1,7,550,PSO,2054.386712287836
23,1,8,550,PSO,2387.543610681448
23,1,9,550,PSO,2650.7879354797706
23,1,10,550,PSO,2372.8817431729844
23,1,11,550,PSO,3283.2375232896793
23,1,12,550,PSO,2414.02809911238
23,1,13,550,PSO,2843.4264947790552
23,1,14,550,PSO,2066.6561610575036
23,1,15,550,PSO,3112.4440847341366
23,1,16,550,PSO,2470.824045327977
23,1,17,550,PSO,1906.5663196589335
23,1,18,550,PSO,2896.379364303653
23,1,19,550,PSO,2838.1043999661915
23,2,0,550,PSO,2491.69023571424
23,2,1,550,PSO,2443.8396659420378
23,2,2,550,PSO,3627.557774049746
23,2,3,550,PSO,2543.8762858010828
23,2,4,550,PSO,2097.354741688672
23,2,5,550,PSO,2157.392020117155
23,2,6,550,PSO,3218.016052785176
23,2,7,550,PSO,2710.4324871837534
23,2,8,550,PSO,3319.5307483099405
23,2,9,550,PSO,2148.5088483001564
23,2,10,550,PSO,2158.245983200369
23,2,11,550,PSO,2177.462750986694
23,2,12,550,PSO,3338.049876684926
23,2,13,550,PSO,3170.400232298459
23,2,14,550,PSO,2495.0427219161
23,2,15,550,PSO,2571.315189443306
23,2,16,550,PSO,2297.7140742345437
23,2,17,550,PSO,2027.9226236072673
23,2,18,550,PSO,2101.718405537896
23,2,19,550,PSO,2563.248134063172
23,3,0,550,PSO,2428.3517698262476
23,3,1,550,PSO,2432.749132684439
23,3,2,550,PSO,2787.6515860048266
23,3,3,550,PSO,2797.4708985613033
23,3,4,550,PSO,2232.1392449277514
23,3,5,550,PSO,2427.847257309545
23,3,6,550,PSO,2447.1613721152753
23,3,7,550,PSO,2182.0722488675824
23,3,8,550,PSO,3104.377229693143
23,3,9,550,PSO,2526.8460830936083
23,3,10,550,PSO,1910.6756145661293
23,3,11,550,PSO,3036.5729825263834
23,3,12,550,PSO,1922.8174857009842
23,3,13,550,PSO,2414.609907495996
23,3,14,550,PSO,2012.5920371070094
23,3,15,550,PSO,3183.8371977089846
23,3,16,550,PSO,2952.138958922253
23,3,17,550,PSO,2008.0573995158547
23,3,18,550,PSO,3152.946551808445
23,3,19,550,PSO,2529.759156474726
23,4,0,550,PSO,2376.0363798185167
23,4,1,550,PSO,2959.839092444274
23,4,2,550,PSO,1807.2599651081046
23,4,3,550,PSO,2679.854231611076
23,4,4,550,PSO,2696.8281239203884
23,4,5,550,PSO,3183.163366814048
23,4,6,550,PSO,3159.876344486466
23,4,7,550,PSO,2199.002071902876
23,4,8,550,PSO,3195.1848252188656
23,4,9,550,PSO,2564.397533852912
23,4,10,550,PSO,1722.8551963535083
23,4,11,550,PSO,3233.6519087533084
23,4,12,550,PSO,1956.4418414089384
23,4,13,550,PSO,2385.9319584579234
23,4,14,550,PSO,2990.442486200143
23,4,15,550,PSO,2853.3339631372273
23,4,16,550,PSO,2951.0719909579266
23,4,17,550,PSO,2992.656492850663
23,4,18,550,PSO,2621.009178117784
23,4,19,550,PSO,2828.277901593855
23,5,0,550,PSO,2601.6942246517956
23,5,1,550,PSO,2767.7973648599736
23,5,2,550,PSO,2628.9040187244605
23,5,3,550,PSO,2605.0382004326993
23,5,4,550,PSO,2192.568216039278
23,5,5,550,PSO,2705.7757465067693
23,5,6,550,PSO,2291.589722397598
23,5,7,550,PSO,3113.635621823367
23,5,8,550,PSO,2672.0198842948657
23,5,9,550,PSO,2590.7577589964576
23,5,10,550,PSO,2172.515636622412
23,5,11,550,PSO,1946.0077107335815
23,5,12,550,PSO,2804.198498341856
23,5,13,550,PSO,2633.4512494547052
23,5,14,550,PSO,3005.162752763852
23,5,15,550,PSO,2326.9058698803537
23,5,16,550,PSO,2421.6106718871174
23,5,17,550,PSO,1828.28346848377
23,5,18,550,PSO,2342.2938616480023
23,5,19,550,PSO,2894.5177123005524
23,6,0,550,PSO,1916.3524684058677
23,6,1,550,PSO,2082.7076914987147
23,6,2,550,PSO,2294.3254519075736
23,6,3,550,PSO,2263.741574005656
23,6,4,550,PSO,2336.205653606198
23,6,5,550,PSO,2366.9964435140646
23,6,6,550,PSO,2512.143734973492
23,6,7,550,PSO,2291.5400815921694
23,6,8,550,PSO,2630.7241931850454
23,6,9,550,PSO,3581.0573188410203
23,6,10,550,PSO,1788.5776696815399
23,6,11,550,PSO,1831.1659595486676
23,6,12,550,PSO,1292.2269191971445
23,6,13,550,PSO,1988.923669711987
23,6,14,550,PSO,1636.7782849729797
23,6,15,550,PSO,3012.88289921023
23,6,16,550,PSO,2218.4028977909193
23,6,17,550,PSO,2510.273222228041
23,6,18,550,PSO,2716.9751213914096
23,6,19,550,PSO,2533.062144777413
23,7,0,550,PSO,2573.6176375304053
23,7,1,550,PSO,2893.4405649997843
23,7,2,550,PSO,2853.3453962741437
23,7,3,550,PSO,2346.2432365599484
23,7,4,550,PSO,3335.0006906984017
23,7,5,550,PSO,3172.4963059809334
23,7,6,550,PSO,2882.480589987948
23,7,7,550,PSO,2074.099936117712
23,7,8,550,PSO,3231.59982278363
23,7,9,550,PSO,3228.865332786314
23,7,10,550,PSO,2989.654028115575
23,7,11,550,PSO,2616.0308658917584
23,7,12,550,PSO,2574.1754473475094
23,7,13,550,PSO,2221.248516243365
23,7,14,550,PSO,2188.4803953388023
23,7,15,550,PSO,2458.859114823853
23,7,16,550,PSO,2684.674383581269
23,7,17,550,PSO,2638.0877235823837
23,7,18,550,PSO,2889.14808123448
23,7,19,550,PSO,2301.7393220374074
24,1,0,550,PSO,16049.793150474561
24,1,1,550,PSO,19314.255088540325
24,1,2,550,PSO,16588.022685227752
24,1,3,550,PSO,16894.075685748
24,1,4,550,PSO,19910.89538396703
24,1,5,550,PSO,21447.31862260218
24,1,6,550,PSO,17643.829830609036
24,1,7,550,PSO,15971.533691170429
24,1,8,550,PSO,18826.362537535148
24,1,9,550,PSO,18900.298332886756
24,1,10,550,PSO,23825.52101109251
24,1,11,550,PSO,9451.975113139604
24,1,12,550,PSO,24946.72529347657
24,1,13,550,PSO,21764.334136088917
24,1,14,550,PSO,20745.804307519367
24,1,15,550,PSO,19263.76238539948
24,1,16,550,PSO,24007.562686575533
24,1,17,550,PSO,24206.38105260428
24,1,18,550,PSO,23118.293936554604
24,1,19,550,PSO,23111.204463677645
24,2,0,550,PSO,23902.086535198367
24,2,1,550,PSO,27531.76020336856
24,2,2,550,PSO,17523.08646595882
24,2,3,550,PSO,28818.501077655645
24,2,4,550,PSO,13633.555480254143
24,2,5,550,PSO,22717.429679347064
24,2,6,550,PSO,24087.674195635325
24,2,7,550,PSO,24557.86700672756
24,2,8,550,PSO,20713.657563311077
24,2,9,550,PSO,21565.005057680668
24,2,10,550,PSO,19291.06830398211
24,2,11,550,PSO,18938.77032879999
24,2,12,550,PSO,26147.58234255339
24,2,13,550,PSO,21711.359726637977
24,2,14,550,PSO,21285.208603713734
24,2,15,550,PSO,22768.193736212095
24,2,16,550,PSO,11878.397635761214
24,2,17,550,PSO,21617.722081107357
24,2,18,550,PSO,26906.553561760098
24,2,19,550,PSO,26738.14104888276
24,3,0,550,PSO,21768.48308124031
24,3,1,550,PSO,21554.39897169311
24,3,2,550,PSO,19428.64835720596
24,3,3,550,PSO,21052.715750654814
24,3,4,550,PSO,15151.272337906788
24,3,5,550,PSO,18760.876071593775
24,3,6,550,PSO,21958.718354080876
24,3,7,550,PSO,20732.457294391577
24,3,8,550,PSO,20402.34253077571
24,3,9,550,PSO,22536.1126643762
24,3,10,550,PSO,25870.60162100957
24,3,11,550,PSO,23178.73356056808
24,3,12,550,PSO,19039.260542360647
24,3,13,550,PSO,22824.250307245107
24,3,14,550,PSO,16779.529066882213
24,3,15,550,PSO,26616.064372080746
24,3,16,550,PSO,19404.656527851494
24,3,17,550,PSO,18715.42164733477
24,3,18,550,PSO,17764.45815521093
24,3,19,550,PSO,14651.106458671878
24,4,0,550,PSO,20078.008479908876
24,4,1,550,PSO,15545.28386843289
24,4,2,550,PSO,24612.22586428013
24,4,3,550,PSO,17303.104893464133
24,4,4,550,PSO,21000.190112138327
24,4,5,550,PSO,20172.3412314466
24,4,6,550,PSO,22806.32733481569
24,4,7,550,PSO,14308.978492193315
24,4,8,550,PSO,17907.116790214794
24,4,9,550,PSO,23124.847968940223
24,4,10,550,PSO,20834.893668790344
24,4,11,550,PSO,18221.82209027566
24,4,12,550,PSO,18397.33815150612
24,4,13,550,PSO,18264.650801328156
24,4,14,550,PSO,20218.401109817776
24,4,15,550,PSO,22724.88918469341
24,4,16,550,PSO,25814.20473312105
24,4,17,550,PSO,24503.27426901952
24,4,18,550,PSO,21609.362363556796
24,4,19,550,PSO,20574.145213518743
24,5,0,550,PSO,20405.834759465513
24,5,1,550,PSO,20857.475871789735
24,5,2,550,PSO,16588.715644954842
24,5,3,550,PSO,20245.164523441257
24,5,4,550,PSO,21628.444360114
24,5,5,550,PSO,19350.274791043896
24,5,6,550,PSO,22072.73047190823
24,5,7,550,PSO,22245.43680721578
24,5,8,550,PSO,19897.829456792173
24,5,9,550,PSO,21047.550668581483
24,5,10,550,PSO,23313.160093183582
24,5,11,550,PSO,23904.076311421115
24,5,12,550,PSO,22244.198436220555
24,5,13,550,PSO,20785.972258593032
24,5,14,550,PSO,22156.433519439284
24,5,15,550,PSO,20354.967583545586
24,5,16,550,PSO,18651.664396553602
24,5,17,550,PSO,33593.31669674753
24,5,18,550,PSO,17675.494297934303
24,5,19,550,PSO,16627.431154208367
24,6,0,550,PSO,16107.71240064933
24,6,1,550,PSO,19695.233242958384
24,6,2,550,PSO,21827.666840608894
24,6,3,550,PSO,25157.28864637063
24,6,4,550,PSO,18158.913926975634
24,6,5,550,PSO,19408.956791648812
24,6,6,550,PSO,15933.107207578567
24,6,7,550,PSO,25663.116582984843
24,6,8,550,PSO,12903.097609332877
24,6,9,550,PSO,19892.743638613105
24,6,10,550,PSO,20732.232698620464
24,6,11,550,PSO,14790.72983127855
24,6,12,550,PSO,20738.95053057637
24,6,13,550,PSO,19949.0168495167
24,6,14,550,PSO,21879.56115963262
24,6,15,550,PSO,21431.402616404317
24,6,16,550,PSO,20480.121571836575
24,6,17,550,PSO,12863.184441997371
24,6,18,550,PSO,22362.58062889314
24,6,19,550,PSO,13270.800251596183
24,7,0,550,PSO,20334.802842026842
24,7,1,550,PSO,19072.536694454582
24,7,2,550,PSO,25887.049028227062
24,7,3,550,PSO,23922.92990533616
24,7,4,550,PSO,27605.02029000545
24,7,5,550,PSO,23271.381549208778
24,7,6,550,PSO,18292.25788967343
24,7,7,550,PSO,12185.180726268174
24,7,8,550,PSO,17796.689740002694
24,7,9,550,PSO,19128.125404615173
24,7,10,550,PSO,20754.599133065592
24,7,11,550,PSO,22840.210341461017
24,7,12,550,PSO,24752.871615782944
24,7,13,550,PSO,23276.42529948608
24,7,14,550,PSO,17012.680111195645
24,7,15,550,PSO,29219.17635301689
24,7,16,550,PSO,16926.956953022338
24,7,17,550,PSO,30634.720552041734
24,7,18,550,PSO,23900.314270957726
24,7,19,550,PSO,16194.914932640831
