fid,iid,rep,a1_budget,algname,achieved_auc
1,1,0,900,BFGS,567.3309087364185
1,1,1,900,BFGS,627.1535790163401
1,1,2,900,BFGS,341.4162227578569
1,1,3,900,BFGS,338.391015989205
1,1,4,900,BFGS,244.08529587917818
1,1,5,900,BFGS,160.89981152239392
1,1,6,900,BFGS,459.9362261356781
1,1,7,900,BFGS,228.42638555153738
1,1,8,900,BFGS,477.51812704037025
1,1,9,900,BFGS,346.7683271909956
1,1,10,900,BFGS,227.85823449968154
1,1,11,900,BFGS,256.15767642514345
1,1,12,900,BFGS,387.64207748037114
1,1,13,900,BFGS,379.7164745897921
1,1,14,900,BFGS,486.88697243940953
1,1,15,900,BFGS,436.93992237165776
1,1,16,900,BFGS,189.65646446530596
1,1,17,900,BFGS,548.1822904168896
1,1,18,900,BFGS,491.71446594102923
1,1,19,900,BFGS,266.7992226042684
1,2,0,900,BFGS,776.9021336547071
1,2,1,900,BFGS,1083.9946079601395
1,2,2,900,BFGS,1246.271025808894
1,2,3,900,BFGS,691.4992398104102
1,2,4,900,BFGS,797.4901190752256
1,2,5,900,BFGS,788.8691357414335
1,2,6,900,BFGS,894.5282110118067
1,2,7,900,BFGS,628.6793276783625
1,2,8,900,BFGS,1447.4344345386494
1,2,9,900,BFGS,839.5983685360195
1,2,10,900,BFGS,771.224157727223
1,2,11,900,BFGS,1587.1595701069969
1,2,12,900,BFGS,1421.9186526452627
1,2,13,900,BFGS,1190.583539263178
1,2,14,900,BFGS,951.0291133716387
1,2,15,900,BFGS,649.8534523723379
1,2,16,900,BFGS,693.9191098166789
1,2,17,900,BFGS,1650.7335160082184
1,2,18,900,BFGS,1025.9032201372693
1,2,19,900,BFGS,997.7222079668227
1,3,0,900,BFGS,1028.6754014192427
1,3,1,900,BFGS,616.8702972969105
1,3,2,900,BFGS,545.3461309085124
1,3,3,900,BFGS,603.1534012083106
1,3,4,900,BFGS,574.2645284202865
1,3,5,900,BFGS,839.5612304241538
1,3,6,900,BFGS,409.0970443479905
1,3,7,900,BFGS,502.9446549079519
1,3,8,900,BFGS,834.3912016058606
1,3,9,900,BFGS,592.8217021888635
1,3,10,900,BFGS,631.3125313743693
1,3,11,900,BFGS,978.390932531158
1,3,12,900,BFGS,675.5682515511477
1,3,13,900,BFGS,783.4768511584813
1,3,14,900,BFGS,640.1740766521995
1,3,15,900,BFGS,558.6485016627223
1,3,16,900,BFGS,463.08323018209813
1,3,17,900,BFGS,805.3179207364628
1,3,18,900,BFGS,1210.3508201455872
1,3,19,900,BFGS,488.75446430999864
1,4,0,900,BFGS,468.37889696789136
1,4,1,900,BFGS,766.6160558448156
1,4,2,900,BFGS,681.470741181997
1,4,3,900,BFGS,1070.1064767768598
1,4,4,900,BFGS,669.5241676216492
1,4,5,900,BFGS,758.6658630368696
1,4,6,900,BFGS,796.0465161545762
1,4,7,900,BFGS,295.0666007612591
1,4,8,900,BFGS,1132.9627541027648
1,4,9,900,BFGS,476.89877641151065
1,4,10,900,BFGS,433.68518709116717
1,4,11,900,BFGS,1133.2529271925164
1,4,12,900,BFGS,1255.5959723266174
1,4,13,900,BFGS,623.497440169132
1,4,14,900,BFGS,578.148139202271
1,4,15,900,BFGS,1060.1381227405993
1,4,16,900,BFGS,764.9898034690398
1,4,17,900,BFGS,763.861884914963
1,4,18,900,BFGS,883.6099725557353
1,4,19,900,BFGS,756.7685492618912
1,5,0,900,BFGS,1055.0903891944415
1,5,1,900,BFGS,364.25067937208723
1,5,2,900,BFGS,650.4079125252972
1,5,3,900,BFGS,785.373336517029
1,5,4,900,BFGS,1110.215776059972
1,5,5,900,BFGS,711.9442399489101
1,5,6,900,BFGS,642.5057923645949
1,5,7,900,BFGS,743.0413377477271
1,5,8,900,BFGS,1005.5940967241161
1,5,9,900,BFGS,699.6853276403718
1,5,10,900,BFGS,296.96647608964486
1,5,11,900,BFGS,640.8866362869273
1,5,12,900,BFGS,378.3999393930355
1,5,13,900,BFGS,895.2048662912864
1,5,14,900,BFGS,1148.803531866229
1,5,15,900,BFGS,485.2201791825682
1,5,16,900,BFGS,296.72719093898814
1,5,17,900,BFGS,435.01931962489823
1,5,18,900,BFGS,517.9896349124166
1,5,19,900,BFGS,645.804482883471
1,6,0,900,BFGS,398.5345132307638
1,6,1,900,BFGS,315.4788591804176
1,6,2,900,BFGS,1038.236327959223
1,6,3,900,BFGS,604.561028892055
1,6,4,900,BFGS,531.4562993221068
1,6,5,900,BFGS,570.6137917348489
1,6,6,900,BFGS,340.45381119488394
1,6,7,900,BFGS,576.1513935745559
1,6,8,900,BFGS,884.7088910085699
1,6,9,900,BFGS,528.7688287735496
1,6,10,900,BFGS,419.59716379378517
1,6,11,900,BFGS,382.3331230643522
1,6,12,900,BFGS,700.8767938114026
1,6,13,900,BFGS,419.1498804857977
1,6,14,900,BFGS,564.6525848953611
1,6,15,900,BFGS,400.2811229158011
1,6,16,900,BFGS,377.1311202512385
1,6,17,900,BFGS,341.931577789354
1,6,18,900,BFGS,386.989996206334
1,6,19,900,BFGS,712.6653456242328
1,7,0,900,BFGS,336.7338982060106
1,7,1,900,BFGS,549.0702046070664
1,7,2,900,BFGS,511.86713371463486
1,7,3,900,BFGS,604.9838800873769
1,7,4,900,BFGS,460.57637671359856
1,7,5,900,BFGS,470.30251368888315
1,7,6,900,BFGS,264.1377635114965
1,7,7,900,BFGS,383.74718124819935
1,7,8,900,BFGS,505.1598044459904
1,7,9,900,BFGS,312.4433730496389
1,7,10,900,BFGS,236.00222148905885
1,7,11,900,BFGS,433.93521466042307
1,7,12,900,BFGS,413.07541226540303
1,7,13,900,BFGS,218.47535984410803
1,7,14,900,BFGS,490.97135662868567
1,7,15,900,BFGS,256.16837507531596
1,7,16,900,BFGS,385.6414860425159
1,7,17,900,BFGS,383.46874694871826
1,7,18,900,BFGS,395.75449612306744
1,7,19,900,BFGS,414.251860794401
2,1,0,900,BFGS,14850636.80347095
2,1,1,900,BFGS,8173351.225042528
2,1,2,900,BFGS,47195364.530829765
2,1,3,900,BFGS,32587652.516706258
2,1,4,900,BFGS,39394281.31220311
2,1,5,900,BFGS,18856244.236442786
2,1,6,900,BFGS,38173504.75841118
2,1,7,900,BFGS,17966331.919084948
2,1,8,900,BFGS,21652533.59809632
2,1,9,900,BFGS,23427295.30227286
2,1,10,900,BFGS,8031011.849596889
2,1,11,900,BFGS,28188133.036887813
2,1,12,900,BFGS,28127758.98025991
2,1,13,900,BFGS,7825348.23152863
2,1,14,900,BFGS,22619433.823183555
2,1,15,900,BFGS,16324452.588104457
2,1,16,900,BFGS,25531554.465506982
2,1,17,900,BFGS,4976273.318373108
2,1,18,900,BFGS,13685951.781846425
2,1,19,900,BFGS,20673718.99484867
2,2,0,900,BFGS,19107062.78886124
2,2,1,900,BFGS,10222455.468593946
2,2,2,900,BFGS,13663709.065585047
2,2,3,900,BFGS,8923178.67540355
2,2,4,900,BFGS,8441127.138928823
2,2,5,900,BFGS,4475458.904705476
2,2,6,900,BFGS,27296624.609286003
2,2,7,900,BFGS,7087488.393684959
2,2,8,900,BFGS,21894046.96819907
2,2,9,900,BFGS,5280128.869567407
2,2,10,900,BFGS,5623571.136995532
2,2,11,900,BFGS,5724129.153581195
2,2,12,900,BFGS,16456755.07466463
2,2,13,900,BFGS,13748485.992380569
2,2,14,900,BFGS,19681801.353477113
2,2,15,900,BFGS,10903636.617987918
2,2,16,900,BFGS,4789830.119351836
2,2,17,900,BFGS,10664934.332656581
2,2,18,900,BFGS,13048706.67686275
2,2,19,900,BFGS,7886581.671011696
2,3,0,900,BFGS,75413645.35692944
2,3,1,900,BFGS,76735279.08305028
2,3,2,900,BFGS,20373915.98676591
2,3,3,900,BFGS,39489666.98995175
2,3,4,900,BFGS,20694118.34913692
2,3,5,900,BFGS,18373969.793267045
2,3,6,900,BFGS,34712583.01517956
2,3,7,900,BFGS,18702527.552190382
2,3,8,900,BFGS,19287077.77211528
2,3,9,900,BFGS,24558980.438111067
2,3,10,900,BFGS,49989794.709359854
2,3,11,900,BFGS,18437141.10366057
2,3,12,900,BFGS,91904928.1175176
2,3,13,900,BFGS,47371304.15444828
2,3,14,900,BFGS,21373911.700263724
2,3,15,900,BFGS,40868793.060382836
2,3,16,900,BFGS,23246616.55227261
2,3,17,900,BFGS,45353443.63207792
2,3,18,900,BFGS,28487366.383047044
2,3,19,900,BFGS,10272636.9375679
2,4,0,900,BFGS,85991971.86698814
2,4,1,900,BFGS,98475296.85858884
2,4,2,900,BFGS,8971323.229374645
2,4,3,900,BFGS,40011153.21725768
2,4,4,900,BFGS,34572221.7793829
2,4,5,900,BFGS,24955333.10319853
2,4,6,900,BFGS,34020994.27424384
2,4,7,900,BFGS,18202202.509834956
2,4,8,900,BFGS,9861908.64231568
2,4,9,900,BFGS,27056996.090013508
2,4,10,900,BFGS,57672733.52879692
2,4,11,900,BFGS,18592309.238789473
2,4,12,900,BFGS,104781123.6245795
2,4,13,900,BFGS,43355279.8666723
2,4,14,900,BFGS,7383927.537704048
2,4,15,900,BFGS,107547364.4591988
2,4,16,900,BFGS,20562760.132498465
2,4,17,900,BFGS,58847041.73776708
2,4,18,900,BFGS,40356352.82180569
2,4,19,900,BFGS,17276246.439854376
2,5,0,900,BFGS,13472793.85038641
2,5,1,900,BFGS,6055844.177507844
2,5,2,900,BFGS,14845246.0888818
2,5,3,900,BFGS,10663715.22166308
2,5,4,900,BFGS,4808330.474149142
2,5,5,900,BFGS,1394900.3007989707
2,5,6,900,BFGS,19265082.279990766
2,5,7,900,BFGS,10529150.110032547
2,5,8,900,BFGS,18292671.362868164
2,5,9,900,BFGS,6314200.489695349
2,5,10,900,BFGS,4969061.955324537
2,5,11,900,BFGS,6269756.213489972
2,5,12,900,BFGS,17384854.068634607
2,5,13,900,BFGS,20417684.99874196
2,5,14,900,BFGS,15440481.012398593
2,5,15,900,BFGS,4753192.209568972
2,5,16,900,BFGS,8174296.178147502
2,5,17,900,BFGS,11923473.601949146
2,5,18,900,BFGS,15188137.343067735
2,5,19,900,BFGS,6671129.626895037
2,6,0,900,BFGS,118280871.16817522
2,6,1,900,BFGS,163548672.80420285
2,6,2,900,BFGS,13024931.841694225
2,6,3,900,BFGS,51022859.7090006
2,6,4,900,BFGS,32018109.92743633
2,6,5,900,BFGS,33881656.84470155
2,6,6,900,BFGS,28956820.16794506
2,6,7,900,BFGS,45347326.04768861
2,6,8,900,BFGS,17583245.318402395
2,6,9,900,BFGS,57806484.71874827
2,6,10,900,BFGS,61009329.1255736
2,6,11,900,BFGS,35289992.022366785
2,6,12,900,BFGS,127455609.40155321
2,6,13,900,BFGS,42252432.029182084
2,6,14,900,BFGS,11866502.362839336
2,6,15,900,BFGS,139216455.82855743
2,6,16,900,BFGS,44855038.78233059
2,6,17,900,BFGS,89637965.19126488
2,6,18,900,BFGS,73433478.4458267
2,6,19,900,BFGS,24564697.435244568
2,7,0,900,BFGS,8694952.11379353
2,7,1,900,BFGS,22587051.15658048
2,7,2,900,BFGS,82738529.89150119
2,7,3,900,BFGS,73117568.25051627
2,7,4,900,BFGS,58873664.94155402
2,7,5,900,BFGS,30938554.501856323
2,7,6,900,BFGS,68381336.91008589
2,7,7,900,BFGS,36762519.874780826
2,7,8,900,BFGS,38594404.45349266
2,7,9,900,BFGS,24448452.01214976
2,7,10,900,BFGS,19149339.759343076
2,7,11,900,BFGS,51329471.86869069
2,7,12,900,BFGS,12840905.70868846
2,7,13,900,BFGS,3568948.803879239
2,7,14,900,BFGS,42268002.839629054
2,7,15,900,BFGS,32904980.27919939
2,7,16,900,BFGS,49302559.844689704
2,7,17,900,BFGS,7192836.58555737
2,7,18,900,BFGS,19242041.505329926
2,7,19,900,BFGS,62591004.40668123
3,1,0,900,BFGS,15899.510367380466
3,1,1,900,BFGS,17427.447467529455
3,1,2,900,BFGS,16452.7839775847
3,1,3,900,BFGS,21280.001672214217
3,1,4,900,BFGS,10860.307183383144
3,1,5,900,BFGS,12684.388904728909
3,1,6,900,BFGS,13772.068238871772
3,1,7,900,BFGS,19612.728322373
3,1,8,900,BFGS,13735.265489234338
3,1,9,900,BFGS,21641.524034474587
3,1,10,900,BFGS,12265.445262773008
3,1,11,900,BFGS,13870.380219946463
3,1,12,900,BFGS,11907.364141744814
3,1,13,900,BFGS,17672.780487491757
3,1,14,900,BFGS,19397.812847313864
3,1,15,900,BFGS,15524.622273604225
3,1,16,900,BFGS,16284.344487180068
3,1,17,900,BFGS,24590.05908873285
3,1,18,900,BFGS,16380.967799406433
3,1,19,900,BFGS,13657.5878154704
3,2,0,900,BFGS,19397.8987248069
3,2,1,900,BFGS,16285.712617604677
3,2,2,900,BFGS,23124.68754541363
3,2,3,900,BFGS,14932.676311975465
3,2,4,900,BFGS,12208.289715451148
3,2,5,900,BFGS,23823.912911311956
3,2,6,900,BFGS,15118.24156671763
3,2,7,900,BFGS,15358.255904581618
3,2,8,900,BFGS,22588.014023425058
3,2,9,900,BFGS,15060.344826132914
3,2,10,900,BFGS,9927.147785344221
3,2,11,900,BFGS,13633.515714621413
3,2,12,900,BFGS,13950.982546213336
3,2,13,900,BFGS,17218.384397893795
3,2,14,900,BFGS,25106.363743188922
3,2,15,900,BFGS,18820.123221947208
3,2,16,900,BFGS,13268.353815569302
3,2,17,900,BFGS,15370.973514508569
3,2,18,900,BFGS,13894.735180477455
3,2,19,900,BFGS,16136.359003204703
3,3,0,900,BFGS,19711.888782228776
3,3,1,900,BFGS,20948.49023805177
3,3,2,900,BFGS,9484.227397145567
3,3,3,900,BFGS,12907.981831083729
3,3,4,900,BFGS,23830.168287136898
3,3,5,900,BFGS,15100.391152077154
3,3,6,900,BFGS,17385.290979016514
3,3,7,900,BFGS,17185.32776408916
3,3,8,900,BFGS,17113.009305459895
3,3,9,900,BFGS,13669.671214042646
3,3,10,900,BFGS,13918.925045198095
3,3,11,900,BFGS,10438.601991602016
3,3,12,900,BFGS,23142.95485732625
3,3,13,900,BFGS,11384.112995740603
3,3,14,900,BFGS,18981.12094193336
3,3,15,900,BFGS,19678.907065643747
3,3,16,900,BFGS,15025.322366873286
3,3,17,900,BFGS,14123.228790057929
3,3,18,900,BFGS,21679.68224530674
3,3,19,900,BFGS,14288.029151995046
3,4,0,900,BFGS,16690.999489131427
3,4,1,900,BFGS,15215.793964200948
3,4,2,900,BFGS,18088.58840888527
3,4,3,900,BFGS,21156.886878410416
3,4,4,900,BFGS,15501.409583546307
3,4,5,900,BFGS,12122.981561125229
3,4,6,900,BFGS,14907.121882742193
3,4,7,900,BFGS,12881.311915110859
3,4,8,900,BFGS,18845.264258884323
3,4,9,900,BFGS,16233.486205016468
3,4,10,900,BFGS,26221.221253931326
3,4,11,900,BFGS,11581.785654445073
3,4,12,900,BFGS,24867.191058749308
3,4,13,900,BFGS,16181.832426456838
3,4,14,900,BFGS,14864.647677070043
3,4,15,900,BFGS,16768.488105276712
3,4,16,900,BFGS,15199.49934104717
3,4,17,900,BFGS,17224.47259553962
3,4,18,900,BFGS,11955.650571927843
3,4,19,900,BFGS,22734.544175754945
3,5,0,900,BFGS,19564.23005729658
3,5,1,900,BFGS,12358.863337560117
3,5,2,900,BFGS,16418.13991977916
3,5,3,900,BFGS,10042.020691760128
3,5,4,900,BFGS,12016.965621895219
3,5,5,900,BFGS,12357.615948381477
3,5,6,900,BFGS,12634.054838855689
3,5,7,900,BFGS,19717.841984858675
3,5,8,900,BFGS,16013.393949821217
3,5,9,900,BFGS,15152.978207034223
3,5,10,900,BFGS,11379.466125144014
3,5,11,900,BFGS,15828.776896288775
3,5,12,900,BFGS,16222.225658819896
3,5,13,900,BFGS,23777.017059055914
3,5,14,900,BFGS,16577.627081238857
3,5,15,900,BFGS,16093.7800580268
3,5,16,900,BFGS,27062.95598613664
3,5,17,900,BFGS,22425.67047422488
3,5,18,900,BFGS,19217.925451651317
3,5,19,900,BFGS,17737.024563687308
3,6,0,900,BFGS,16580.426998756266
3,6,1,900,BFGS,12910.030161920935
3,6,2,900,BFGS,18776.569538549473
3,6,3,900,BFGS,16040.50894264871
3,6,4,900,BFGS,23758.958366222745
3,6,5,900,BFGS,28555.368432656516
3,6,6,900,BFGS,20641.813810366366
3,6,7,900,BFGS,23989.99673634609
3,6,8,900,BFGS,20012.990400437426
3,6,9,900,BFGS,14303.375762210428
3,6,10,900,BFGS,20856.953391902432
3,6,11,900,BFGS,20971.468110623864
3,6,12,900,BFGS,13056.197170191444
3,6,13,900,BFGS,19651.625527718155
3,6,14,900,BFGS,17934.711239693836
3,6,15,900,BFGS,13185.545962848424
3,6,16,900,BFGS,15127.118529690202
3,6,17,900,BFGS,15888.95771516614
3,6,18,900,BFGS,34663.45260503212
3,6,19,900,BFGS,13977.354574962319
3,7,0,900,BFGS,10452.160579490175
3,7,1,900,BFGS,11074.658752214127
3,7,2,900,BFGS,11034.709856038764
3,7,3,900,BFGS,14638.522226415338
3,7,4,900,BFGS,12790.622793576224
3,7,5,900,BFGS,9900.943421467027
3,7,6,900,BFGS,13889.823030303136
3,7,7,900,BFGS,17115.159994819718
3,7,8,900,BFGS,18303.672641461537
3,7,9,900,BFGS,15102.029371684845
3,7,10,900,BFGS,12015.5837376713
3,7,11,900,BFGS,11246.090106309563
3,7,12,900,BFGS,19043.837786232813
3,7,13,900,BFGS,13152.560578215329
3,7,14,900,BFGS,9195.495013493082
3,7,15,900,BFGS,8755.292120687567
3,7,16,900,BFGS,19337.12105705135
3,7,17,900,BFGS,10959.16052421687
3,7,18,900,BFGS,17692.515288559207
3,7,19,900,BFGS,15269.453903210713
4,1,0,900,BFGS,22491.678014981204
4,1,1,900,BFGS,20346.760980535822
4,1,2,900,BFGS,38971.32775838733
4,1,3,900,BFGS,16570.913954763506
4,1,4,900,BFGS,17710.92361367306
4,1,5,900,BFGS,27739.955380329568
4,1,6,900,BFGS,24356.243627623655
4,1,7,900,BFGS,27324.32637944626
4,1,8,900,BFGS,21002.305880888678
4,1,9,900,BFGS,21922.93915715863
4,1,10,900,BFGS,12944.72895054368
4,1,11,900,BFGS,25589.195358545563
4,1,12,900,BFGS,19503.69285265202
4,1,13,900,BFGS,21189.682706390944
4,1,14,900,BFGS,17711.50656112184
4,1,15,900,BFGS,31990.43770074891
4,1,16,900,BFGS,28693.232287923165
4,1,17,900,BFGS,17085.41342516072
4,1,18,900,BFGS,30763.184788452087
4,1,19,900,BFGS,21898.60492817073
4,2,0,900,BFGS,27273.00434181948
4,2,1,900,BFGS,17354.518601397944
4,2,2,900,BFGS,27795.940401805557
4,2,3,900,BFGS,18493.000331373798
4,2,4,900,BFGS,21428.48670316895
4,2,5,900,BFGS,26059.760964025598
4,2,6,900,BFGS,19242.46332108583
4,2,7,900,BFGS,17104.070794499654
4,2,8,900,BFGS,38900.366039072906
4,2,9,900,BFGS,27018.412684359857
4,2,10,900,BFGS,25538.174445474237
4,2,11,900,BFGS,14496.865446363385
4,2,12,900,BFGS,26704.213582474382
4,2,13,900,BFGS,52676.137339569104
4,2,14,900,BFGS,27028.612754617854
4,2,15,900,BFGS,31895.913837126733
4,2,16,900,BFGS,11010.787632664422
4,2,17,900,BFGS,28383.165006019375
4,2,18,900,BFGS,18361.33335720671
4,2,19,900,BFGS,29120.158818836768
4,3,0,900,BFGS,47395.44174416871
4,3,1,900,BFGS,13895.62809336854
4,3,2,900,BFGS,25326.089353163523
4,3,3,900,BFGS,29264.707188684653
4,3,4,900,BFGS,47033.561837479414
4,3,5,900,BFGS,30801.09365441481
4,3,6,900,BFGS,20335.225605924312
4,3,7,900,BFGS,25060.646784615412
4,3,8,900,BFGS,12207.573695655055
4,3,9,900,BFGS,24272.180316752878
4,3,10,900,BFGS,35592.33286532454
4,3,11,900,BFGS,34182.73658912632
4,3,12,900,BFGS,26506.494056254203
4,3,13,900,BFGS,24362.439673505323
4,3,14,900,BFGS,30678.295376233036
4,3,15,900,BFGS,19486.67691776634
4,3,16,900,BFGS,28633.749623004212
4,3,17,900,BFGS,23802.10419018362
4,3,18,900,BFGS,30028.385247519913
4,3,19,900,BFGS,22448.683444180817
4,4,0,900,BFGS,17889.92684068232
4,4,1,900,BFGS,12530.787021281998
4,4,2,900,BFGS,27530.450234332427
4,4,3,900,BFGS,31175.12443428776
4,4,4,900,BFGS,19502.98833261346
4,4,5,900,BFGS,37976.46420634886
4,4,6,900,BFGS,21971.838542926955
4,4,7,900,BFGS,22206.21660079258
4,4,8,900,BFGS,27121.990833163978
4,4,9,900,BFGS,25799.78822535573
4,4,10,900,BFGS,33981.11095747045
4,4,11,900,BFGS,17746.71527609207
4,4,12,900,BFGS,21906.338415756833
4,4,13,900,BFGS,33084.81672829515
4,4,14,900,BFGS,22803.858261066875
4,4,15,900,BFGS,21726.474316579468
4,4,16,900,BFGS,19368.66646705441
4,4,17,900,BFGS,19829.642189913677
4,4,18,900,BFGS,42246.15808219428
4,4,19,900,BFGS,29827.71924498192
4,5,0,900,BFGS,16641.493787354324
4,5,1,900,BFGS,17877.527662266686
4,5,2,900,BFGS,18432.945819797693
4,5,3,900,BFGS,24328.222266676297
4,5,4,900,BFGS,22967.424775350417
4,5,5,900,BFGS,20249.251224276446
4,5,6,900,BFGS,21126.73305599852
4,5,7,900,BFGS,20480.588951646398
4,5,8,900,BFGS,20451.957795703944
4,5,9,900,BFGS,9762.785568120711
4,5,10,900,BFGS,23626.787771586976
4,5,11,900,BFGS,18780.245113371275
4,5,12,900,BFGS,21622.888070774294
4,5,13,900,BFGS,18643.731917348174
4,5,14,900,BFGS,19449.586385238592
4,5,15,900,BFGS,18119.016049087717
4,5,16,900,BFGS,24279.19523623913
4,5,17,900,BFGS,20377.726297598387
4,5,18,900,BFGS,14159.363176542302
4,5,19,900,BFGS,18604.331977912003
4,6,0,900,BFGS,43632.568265632464
4,6,1,900,BFGS,36384.42331909359
4,6,2,900,BFGS,12326.454146522427
4,6,3,900,BFGS,18682.152873625888
4,6,4,900,BFGS,24895.227286419344
4,6,5,900,BFGS,33229.23588387402
4,6,6,900,BFGS,20493.449305444134
4,6,7,900,BFGS,27821.818491525533
4,6,8,900,BFGS,15452.52523618451
4,6,9,900,BFGS,26595.828913769703
4,6,10,900,BFGS,29250.556302996396
4,6,11,900,BFGS,18610.734078136215
4,6,12,900,BFGS,24269.423908132776
4,6,13,900,BFGS,36534.0177645103
4,6,14,900,BFGS,20196.651384425113
4,6,15,900,BFGS,32379.1947861882
4,6,16,900,BFGS,17498.508138102814
4,6,17,900,BFGS,18518.001771538366
4,6,18,900,BFGS,25307.57868595476
4,6,19,900,BFGS,31442.4493619587
4,7,0,900,BFGS,22123.837043698863
4,7,1,900,BFGS,17433.698002878802
4,7,2,900,BFGS,15710.054962384453
4,7,3,900,BFGS,21996.378889514846
4,7,4,900,BFGS,14355.045957952687
4,7,5,900,BFGS,25682.68644490571
4,7,6,900,BFGS,20006.497102544316
4,7,7,900,BFGS,23982.137196324074
4,7,8,900,BFGS,16278.240562726505
4,7,9,900,BFGS,13976.152095997026
4,7,10,900,BFGS,12009.614236691792
4,7,11,900,BFGS,12539.314969408875
4,7,12,900,BFGS,22998.261900713183
4,7,13,900,BFGS,19778.538981131875
4,7,14,900,BFGS,36335.51122813801
4,7,15,900,BFGS,17064.125028843293
4,7,16,900,BFGS,15854.388501610774
4,7,17,900,BFGS,22609.37757595427
4,7,18,900,BFGS,15018.214279528505
4,7,19,900,BFGS,17716.42700471619
5,1,0,900,BFGS,4451.235445789799
5,1,1,900,BFGS,2270.3692394913596
5,1,2,900,BFGS,6688.3977220797
5,1,3,900,BFGS,6963.0040681840255
5,1,4,900,BFGS,2144.209231915266
5,1,5,900,BFGS,3083.9957965653116
5,1,6,900,BFGS,8080.228380841366
5,1,7,900,BFGS,3854.5629249748313
5,1,8,900,BFGS,1758.337395088373
5,1,9,900,BFGS,2368.9667733477418
5,1,10,900,BFGS,1510.8257702681155
5,1,11,900,BFGS,1688.4644571260967
5,1,12,900,BFGS,5029.078736107433
5,1,13,900,BFGS,2567.9865572241356
5,1,14,900,BFGS,1361.4476104326209
5,1,15,900,BFGS,2313.8502965309062
5,1,16,900,BFGS,5174.144803576238
5,1,17,900,BFGS,2500.8925769631514
5,1,18,900,BFGS,1605.4106076884957
5,1,19,900,BFGS,2004.972608820142
5,2,0,900,BFGS,5368.320636486765
5,2,1,900,BFGS,5419.103195318027
5,2,2,900,BFGS,8607.18951945557
5,2,3,900,BFGS,1520.6763874297865
5,2,4,900,BFGS,4748.617697723842
5,2,5,900,BFGS,1715.3275404458557
5,2,6,900,BFGS,1246.2359802217886
5,2,7,900,BFGS,2403.4673903673956
5,2,8,900,BFGS,1162.213965573158
5,2,9,900,BFGS,4946.366673714636
5,2,10,900,BFGS,1715.4719936143968
5,2,11,900,BFGS,2668.6273909267393
5,2,12,900,BFGS,11928.495122570443
5,2,13,900,BFGS,5376.951592163776
5,2,14,900,BFGS,3117.9102525706135
5,2,15,900,BFGS,3022.764310311415
5,2,16,900,BFGS,2205.487280877758
5,2,17,900,BFGS,1997.0775259884472
5,2,18,900,BFGS,2093.5411057093047
5,2,19,900,BFGS,8629.789450820694
5,3,0,900,BFGS,2558.654446873941
5,3,1,900,BFGS,3811.483650991727
5,3,2,900,BFGS,1068.588182194577
5,3,3,900,BFGS,1049.0206492769462
5,3,4,900,BFGS,7390.94819061081
5,3,5,900,BFGS,1819.9752503779514
5,3,6,900,BFGS,2213.3453438010833
5,3,7,900,BFGS,1755.1495461419172
5,3,8,900,BFGS,9942.823029791467
5,3,9,900,BFGS,1543.0888205737617
5,3,10,900,BFGS,2153.4794601917097
5,3,11,900,BFGS,2816.4680842682737
5,3,12,900,BFGS,2506.1675745917287
5,3,13,900,BFGS,1382.7036073540314
5,3,14,900,BFGS,3384.638461626662
5,3,15,900,BFGS,1606.4260457093594
5,3,16,900,BFGS,7117.2259339597185
5,3,17,900,BFGS,4444.252192496755
5,3,18,900,BFGS,2954.612812090307
5,3,19,900,BFGS,3735.4556673638444
5,4,0,900,BFGS,4117.455153519488
5,4,1,900,BFGS,10202.29846087981
5,4,2,900,BFGS,1573.5849649200597
5,4,3,900,BFGS,1222.5061078088256
5,4,4,900,BFGS,1739.5120871132358
5,4,5,900,BFGS,2743.254724187422
5,4,6,900,BFGS,2078.890344270489
5,4,7,900,BFGS,1741.5195029075294
5,4,8,900,BFGS,1794.2381865682516
5,4,9,900,BFGS,2116.0783165169923
5,4,10,900,BFGS,4554.442587666972
5,4,11,900,BFGS,1368.6050544728346
5,4,12,900,BFGS,2605.763802947551
5,4,13,900,BFGS,1892.6450514909006
5,4,14,900,BFGS,2462.56748615217
5,4,15,900,BFGS,2038.8832603625287
5,4,16,900,BFGS,3153.5920451909715
5,4,17,900,BFGS,5746.853087015769
5,4,18,900,BFGS,13945.39975973544
5,4,19,900,BFGS,2889.8618684862195
5,5,0,900,BFGS,1726.8994758677127
5,5,1,900,BFGS,2300.167514695326
5,5,2,900,BFGS,3426.319481938972
5,5,3,900,BFGS,3128.7912065243445
5,5,4,900,BFGS,1418.8759770836227
5,5,5,900,BFGS,6223.492511711838
5,5,6,900,BFGS,2885.424255122035
5,5,7,900,BFGS,5535.274988182252
5,5,8,900,BFGS,1662.4454324172343
5,5,9,900,BFGS,1674.3563767492049
5,5,10,900,BFGS,8369.19772112099
5,5,11,900,BFGS,2521.5189060260886
5,5,12,900,BFGS,8312.525355019374
5,5,13,900,BFGS,5659.204589607606
5,5,14,900,BFGS,1162.964508779234
5,5,15,900,BFGS,2428.2343214436105
5,5,16,900,BFGS,1956.4197043419597
5,5,17,900,BFGS,2086.0210798003463
5,5,18,900,BFGS,2095.1952928278347
5,5,19,900,BFGS,3320.437357139086
5,6,0,900,BFGS,3008.9626729254805
5,6,1,900,BFGS,3389.5108609766467
5,6,2,900,BFGS,4489.703816779284
5,6,3,900,BFGS,1320.3886423142703
5,6,4,900,BFGS,2116.4208795060003
5,6,5,900,BFGS,4079.071468973435
5,6,6,900,BFGS,1380.0730941072702
5,6,7,900,BFGS,5591.703710479369
5,6,8,900,BFGS,1195.261457904396
5,6,9,900,BFGS,1616.658658971131
5,6,10,900,BFGS,18538.165614194542
5,6,11,900,BFGS,1503.1195494980286
5,6,12,900,BFGS,3291.261873399704
5,6,13,900,BFGS,1768.184631362986
5,6,14,900,BFGS,1210.5964886900101
5,6,15,900,BFGS,11496.819542386591
5,6,16,900,BFGS,1654.9048628224173
5,6,17,900,BFGS,1562.813589395152
5,6,18,900,BFGS,2352.7833144121
5,6,19,900,BFGS,1723.2902711465956
5,7,0,900,BFGS,4117.4551535194905
5,7,1,900,BFGS,10202.298460879814
5,7,2,900,BFGS,1573.5849649200607
5,7,3,900,BFGS,1222.506107808825
5,7,4,900,BFGS,1739.512087113238
5,7,5,900,BFGS,2743.254724187426
5,7,6,900,BFGS,2078.890344270487
5,7,7,900,BFGS,1741.5195029075298
5,7,8,900,BFGS,1794.2381865682544
5,7,9,900,BFGS,2116.0783165169937
5,7,10,900,BFGS,4554.442587666995
5,7,11,900,BFGS,1368.605054472837
5,7,12,900,BFGS,2605.7638029475534
5,7,13,900,BFGS,1892.6450514909034
5,7,14,900,BFGS,2462.5674861521716
5,7,15,900,BFGS,2038.883260362529
5,7,16,900,BFGS,3153.592045190969
5,7,17,900,BFGS,5746.85308701577
5,7,18,900,BFGS,13945.399759712465
5,7,19,900,BFGS,2889.8618684862213
6,1,0,900,BFGS,796742.309099931
6,1,1,900,BFGS,631833.6644816651
6,1,2,900,BFGS,208967.9399062193
6,1,3,900,BFGS,484231.24471615715
6,1,4,900,BFGS,280555.21684967686
6,1,5,900,BFGS,210919.8307324506
6,1,6,900,BFGS,806903.7042530269
6,1,7,900,BFGS,276545.6226290886
6,1,8,900,BFGS,953771.1153168894
6,1,9,900,BFGS,251493.36693620746
6,1,10,900,BFGS,358518.52972653805
6,1,11,900,BFGS,349208.1281940644
6,1,12,900,BFGS,960476.1845653672
6,1,13,900,BFGS,96764.6440559459
6,1,14,900,BFGS,552968.4304449377
6,1,15,900,BFGS,480247.7565007564
6,1,16,900,BFGS,504005.6060938996
6,1,17,900,BFGS,772958.549782662
6,1,18,900,BFGS,365021.9173929613
6,1,19,900,BFGS,38254.08964129573
6,2,0,900,BFGS,618818.6372629061
6,2,1,900,BFGS,242927.92485984045
6,2,2,900,BFGS,9796.97411827316
6,2,3,900,BFGS,134522.3075190741
6,2,4,900,BFGS,131848.62195890557
6,2,5,900,BFGS,379636.3573128021
6,2,6,900,BFGS,508394.8344729784
6,2,7,900,BFGS,342375.29377002036
6,2,8,900,BFGS,110208.81447325383
6,2,9,900,BFGS,5045.761629189579
6,2,10,900,BFGS,236911.87452729224
6,2,11,900,BFGS,336374.32577839645
6,2,12,900,BFGS,100572.24572184034
6,2,13,900,BFGS,265648.9341721055
6,2,14,900,BFGS,231351.28911372682
6,2,15,900,BFGS,16980.601518000018
6,2,16,900,BFGS,3971.1823185452404
6,2,17,900,BFGS,693228.2990405614
6,2,18,900,BFGS,894136.2086632727
6,2,19,900,BFGS,23865.66666996148
6,3,0,900,BFGS,704413.8026853744
6,3,1,900,BFGS,1283351.7704362303
6,3,2,900,BFGS,2113540.109237586
6,3,3,900,BFGS,1058738.919093613
6,3,4,900,BFGS,667568.2793449326
6,3,5,900,BFGS,1679230.1027652435
6,3,6,900,BFGS,1617837.6831301812
6,3,7,900,BFGS,1055266.56760564
6,3,8,900,BFGS,3012600.9287010767
6,3,9,900,BFGS,1662458.9952139363
6,3,10,900,BFGS,1850224.1113809715
6,3,11,900,BFGS,1181644.2485299686
6,3,12,900,BFGS,1501421.4947435583
6,3,13,900,BFGS,472336.57445317274
6,3,14,900,BFGS,976401.8639390914
6,3,15,900,BFGS,752118.6342611178
6,3,16,900,BFGS,778864.4220360445
6,3,17,900,BFGS,1283807.3803314127
6,3,18,900,BFGS,2460982.9267977374
6,3,19,900,BFGS,2075931.153088416
6,4,0,900,BFGS,4271611.27855122
6,4,1,900,BFGS,1469681.4843283459
6,4,2,900,BFGS,2078746.8644463522
6,4,3,900,BFGS,5085817.336856696
6,4,4,900,BFGS,5589129.432487419
6,4,5,900,BFGS,5932447.18165638
6,4,6,900,BFGS,6079219.719959057
6,4,7,900,BFGS,2647963.0219505383
6,4,8,900,BFGS,1868438.644895669
6,4,9,900,BFGS,3348734.1073340997
6,4,10,900,BFGS,5966055.9847568
6,4,11,900,BFGS,11445301.432083292
6,4,12,900,BFGS,3894807.3064611745
6,4,13,900,BFGS,6192558.492598294
6,4,14,900,BFGS,6264013.379744814
6,4,15,900,BFGS,1887274.427849752
6,4,16,900,BFGS,6048225.585281416
6,4,17,900,BFGS,5086656.3893236965
6,4,18,900,BFGS,7030678.09402886
6,4,19,900,BFGS,2209232.5245415717
6,5,0,900,BFGS,11798102.59068721
6,5,1,900,BFGS,2051890.1008665282
6,5,2,900,BFGS,1605425.4505972005
6,5,3,900,BFGS,2689110.340525552
6,5,4,900,BFGS,3525392.458503309
6,5,5,900,BFGS,3587091.8784321393
6,5,6,900,BFGS,3167883.36212079
6,5,7,900,BFGS,5071664.638427146
6,5,8,900,BFGS,2824740.2509271777
6,5,9,900,BFGS,811132.3878672966
6,5,10,900,BFGS,6546828.802614375
6,5,11,900,BFGS,3554656.7277807067
6,5,12,900,BFGS,1375681.172464547
6,5,13,900,BFGS,4276631.99078284
6,5,14,900,BFGS,1984894.6317338014
6,5,15,900,BFGS,831417.0414554201
6,5,16,900,BFGS,978966.9692383674
6,5,17,900,BFGS,4563165.580621634
6,5,18,900,BFGS,4080220.200953787
6,5,19,900,BFGS,4072483.6406612596
6,6,0,900,BFGS,2069002.968475918
6,6,1,900,BFGS,401239.30801165337
6,6,2,900,BFGS,935437.0534312491
6,6,3,900,BFGS,1132645.988775076
6,6,4,900,BFGS,734655.0170389302
6,6,5,900,BFGS,837584.6001655876
6,6,6,900,BFGS,978029.7117777516
6,6,7,900,BFGS,1018334.3499354045
6,6,8,900,BFGS,2103340.903479986
6,6,9,900,BFGS,227045.21615906447
6,6,10,900,BFGS,1146449.839816151
6,6,11,900,BFGS,380146.07496505656
6,6,12,900,BFGS,128381.93520214327
6,6,13,900,BFGS,1193967.7722402231
6,6,14,900,BFGS,467884.410312853
6,6,15,900,BFGS,357763.032234001
6,6,16,900,BFGS,284621.0989604698
6,6,17,900,BFGS,456579.42700707976
6,6,18,900,BFGS,1090619.7502175383
6,6,19,900,BFGS,808986.5504288037
6,7,0,900,BFGS,2529355.5929950047
6,7,1,900,BFGS,1017894.8416617423
6,7,2,900,BFGS,1311938.4499303892
6,7,3,900,BFGS,2876801.4929088484
6,7,4,900,BFGS,2735541.242772952
6,7,5,900,BFGS,2132603.788336905
6,7,6,900,BFGS,3383007.2399078207
6,7,7,900,BFGS,2613397.4976132703
6,7,8,900,BFGS,1756303.5769234754
6,7,9,900,BFGS,1118023.0470532365
6,7,10,900,BFGS,3141054.807018884
6,7,11,900,BFGS,3336897.8899858906
6,7,12,900,BFGS,1470486.9941962196
6,7,13,900,BFGS,1312072.7387457448
6,7,14,900,BFGS,3176318.2195424647
6,7,15,900,BFGS,2101153.708107244
6,7,16,900,BFGS,2024305.3169934882
6,7,17,900,BFGS,3192226.9678512295
6,7,18,900,BFGS,4183441.5331489644
6,7,19,900,BFGS,2028985.3029327528
7,1,0,900,BFGS,2641.2423856428727
7,1,1,900,BFGS,4227.302077306333
7,1,2,900,BFGS,3927.7977552366588
7,1,3,900,BFGS,4902.603941806383
7,1,4,900,BFGS,1572.092640766226
7,1,5,900,BFGS,6460.680035970508
7,1,6,900,BFGS,1043.0763251286926
7,1,7,900,BFGS,1629.6835174915957
7,1,8,900,BFGS,5495.6243245785845
7,1,9,900,BFGS,5682.519238618984
7,1,10,900,BFGS,2717.015048396761
7,1,11,900,BFGS,3314.112561265184
7,1,12,900,BFGS,4141.585537363926
7,1,13,900,BFGS,2973.6339277852026
7,1,14,900,BFGS,3646.106388340888
7,1,15,900,BFGS,1870.1296147166563
7,1,16,900,BFGS,5143.193490416505
7,1,17,900,BFGS,4927.369408965145
7,1,18,900,BFGS,1636.569206321168
7,1,19,900,BFGS,1230.9254072860804
7,2,0,900,BFGS,4287.533755183892
7,2,1,900,BFGS,9639.752788734431
7,2,2,900,BFGS,7064.336314733909
7,2,3,900,BFGS,8622.093771303664
7,2,4,900,BFGS,3661.596364265792
7,2,5,900,BFGS,3394.3448373138644
7,2,6,900,BFGS,4081.198476285498
7,2,7,900,BFGS,7388.240438083352
7,2,8,900,BFGS,3274.5122972099066
7,2,9,900,BFGS,6247.95310654725
7,2,10,900,BFGS,7588.210337287149
7,2,11,900,BFGS,4357.581078878811
7,2,12,900,BFGS,8004.05749419663
7,2,13,900,BFGS,2692.545913293359
7,2,14,900,BFGS,5598.436793792762
7,2,15,900,BFGS,4016.325372774483
7,2,16,900,BFGS,10961.322768601824
7,2,17,900,BFGS,7936.973066671253
7,2,18,900,BFGS,3870.2736534861283
7,2,19,900,BFGS,1915.2448828014612
7,3,0,900,BFGS,7474.1651076047765
7,3,1,900,BFGS,11009.652618322025
7,3,2,900,BFGS,6894.237274483864
7,3,3,900,BFGS,5614.178827573139
7,3,4,900,BFGS,4012.7451031001137
7,3,5,900,BFGS,2229.666096286176
7,3,6,900,BFGS,7225.43526008114
7,3,7,900,BFGS,7728.811506056099
7,3,8,900,BFGS,6214.893601550768
7,3,9,900,BFGS,7208.252145024539
7,3,10,900,BFGS,8145.9992238362975
7,3,11,900,BFGS,5431.245168859106
7,3,12,900,BFGS,5939.762098346014
7,3,13,900,BFGS,5019.754935022195
7,3,14,900,BFGS,7161.131840753029
7,3,15,900,BFGS,5647.154723770749
7,3,16,900,BFGS,16158.094665284158
7,3,17,900,BFGS,8024.783271693672
7,3,18,900,BFGS,3416.629355862044
7,3,19,900,BFGS,4180.539170269081
7,4,0,900,BFGS,4797.036501936525
7,4,1,900,BFGS,4550.9117967306165
7,4,2,900,BFGS,8733.284946313852
7,4,3,900,BFGS,6850.754072863452
7,4,4,900,BFGS,2254.9706013879245
7,4,5,900,BFGS,4485.263646793956
7,4,6,900,BFGS,2913.5178264258593
7,4,7,900,BFGS,1276.8329323714183
7,4,8,900,BFGS,3818.89559506274
7,4,9,900,BFGS,4161.727517082748
7,4,10,900,BFGS,3046.291918020682
7,4,11,900,BFGS,2464.3784487594935
7,4,12,900,BFGS,5196.46279067717
7,4,13,900,BFGS,4865.495680755888
7,4,14,900,BFGS,4780.51953480323
7,4,15,900,BFGS,6512.373345340897
7,4,16,900,BFGS,2970.432865268922
7,4,17,900,BFGS,1724.0251678792165
7,4,18,900,BFGS,2537.0638558925953
7,4,19,900,BFGS,3526.9134794240244
7,5,0,900,BFGS,6675.165171307031
7,5,1,900,BFGS,4225.390466784451
7,5,2,900,BFGS,3590.3178736657014
7,5,3,900,BFGS,3788.5883550662556
7,5,4,900,BFGS,1417.371375971129
7,5,5,900,BFGS,3021.592582329444
7,5,6,900,BFGS,3220.6325457071594
7,5,7,900,BFGS,1750.0684453501767
7,5,8,900,BFGS,3219.7307046783926
7,5,9,900,BFGS,3460.463326141482
7,5,10,900,BFGS,3241.6185315899834
7,5,11,900,BFGS,3369.400956396887
7,5,12,900,BFGS,2653.252563903401
7,5,13,900,BFGS,1617.2473844170695
7,5,14,900,BFGS,4242.447738178064
7,5,15,900,BFGS,1932.1660078513873
7,5,16,900,BFGS,5984.020840281633
7,5,17,900,BFGS,2292.6018359259833
7,5,18,900,BFGS,4548.273280665895
7,5,19,900,BFGS,2811.8305388492754
7,6,0,900,BFGS,8561.06691094745
7,6,1,900,BFGS,10462.876671829958
7,6,2,900,BFGS,5692.39994247614
7,6,3,900,BFGS,5196.275457264092
7,6,4,900,BFGS,4577.2090667650955
7,6,5,900,BFGS,9136.62737863605
7,6,6,900,BFGS,9669.474692523152
7,6,7,900,BFGS,3587.5053107979593
7,6,8,900,BFGS,4606.748928635228
7,6,9,900,BFGS,8042.836644630019
7,6,10,900,BFGS,2984.9189349592716
7,6,11,900,BFGS,5719.826940430115
7,6,12,900,BFGS,6582.479331091949
7,6,13,900,BFGS,3132.264333904888
7,6,14,900,BFGS,5728.396491897172
7,6,15,900,BFGS,8729.004484056044
7,6,16,900,BFGS,5881.417824635096
7,6,17,900,BFGS,3970.527515213203
7,6,18,900,BFGS,4873.462000723674
7,6,19,900,BFGS,7278.326414799401
7,7,0,900,BFGS,3256.4654772942577
7,7,1,900,BFGS,2586.0085976712016
7,7,2,900,BFGS,5335.934243075764
7,7,3,900,BFGS,3888.148436775775
7,7,4,900,BFGS,5079.786355729287
7,7,5,900,BFGS,13427.709026064504
7,7,6,900,BFGS,4177.364326693907
7,7,7,900,BFGS,7861.368420729663
7,7,8,900,BFGS,2761.123648269089
7,7,9,900,BFGS,3378.982854769187
7,7,10,900,BFGS,5259.105974351747
7,7,11,900,BFGS,5043.502741952403
7,7,12,900,BFGS,6733.804941898202
7,7,13,900,BFGS,2474.383956145986
7,7,14,900,BFGS,4381.231204685676
7,7,15,900,BFGS,8458.18574525759
7,7,16,900,BFGS,6220.687121901179
7,7,17,900,BFGS,4843.232399494434
7,7,18,900,BFGS,6935.757882959495
7,7,19,900,BFGS,5256.266628061801
8,1,0,900,BFGS,128355.26046145147
8,1,1,900,BFGS,133055.07764039718
8,1,2,900,BFGS,85446.17902421263
8,1,3,900,BFGS,107349.91712710101
8,1,4,900,BFGS,51799.95273523047
8,1,5,900,BFGS,106502.41039516419
8,1,6,900,BFGS,115174.28483444553
8,1,7,900,BFGS,91111.48012423
8,1,8,900,BFGS,257012.7444942881
8,1,9,900,BFGS,56573.097693150026
8,1,10,900,BFGS,55020.015249437165
8,1,11,900,BFGS,102748.05352219098
8,1,12,900,BFGS,73689.25456857875
8,1,13,900,BFGS,61145.91535366978
8,1,14,900,BFGS,77147.66825328658
8,1,15,900,BFGS,190441.74078129712
8,1,16,900,BFGS,22660.51995205997
8,1,17,900,BFGS,101628.03698427163
8,1,18,900,BFGS,177275.28773120567
8,1,19,900,BFGS,30698.144045581193
8,2,0,900,BFGS,291466.8259404228
8,2,1,900,BFGS,249448.11811886056
8,2,2,900,BFGS,153646.59802629807
8,2,3,900,BFGS,242517.36100256178
8,2,4,900,BFGS,152925.5137789072
8,2,5,900,BFGS,253141.20240512877
8,2,6,900,BFGS,180514.5545388906
8,2,7,900,BFGS,276711.2335802408
8,2,8,900,BFGS,238545.24451499162
8,2,9,900,BFGS,316633.55024043063
8,2,10,900,BFGS,145515.33639487863
8,2,11,900,BFGS,281582.12756177806
8,2,12,900,BFGS,221619.8831947795
8,2,13,900,BFGS,132490.93525129152
8,2,14,900,BFGS,341253.9269170538
8,2,15,900,BFGS,101629.31000190426
8,2,16,900,BFGS,133405.6737864435
8,2,17,900,BFGS,347267.9891334402
8,2,18,900,BFGS,507092.2282933303
8,2,19,900,BFGS,61351.77140968832
8,3,0,900,BFGS,589287.840688548
8,3,1,900,BFGS,295082.3303940092
8,3,2,900,BFGS,298015.73909837153
8,3,3,900,BFGS,270707.3780258077
8,3,4,900,BFGS,266090.572638516
8,3,5,900,BFGS,233406.28637710953
8,3,6,900,BFGS,475535.83766119374
8,3,7,900,BFGS,365217.5101147768
8,3,8,900,BFGS,669244.5000430344
8,3,9,900,BFGS,149879.77441495855
8,3,10,900,BFGS,183572.60969139857
8,3,11,900,BFGS,252376.78260772862
8,3,12,900,BFGS,80674.18566766643
8,3,13,900,BFGS,187793.47200007635
8,3,14,900,BFGS,78819.82894402403
8,3,15,900,BFGS,70001.19780813245
8,3,16,900,BFGS,47938.31465504794
8,3,17,900,BFGS,403927.6735652472
8,3,18,900,BFGS,419973.9628250433
8,3,19,900,BFGS,138046.30891885227
8,4,0,900,BFGS,357716.18475119193
8,4,1,900,BFGS,156090.36061810856
8,4,2,900,BFGS,149372.53509584794
8,4,3,900,BFGS,168653.6498577937
8,4,4,900,BFGS,280527.1165769497
8,4,5,900,BFGS,312167.4141090818
8,4,6,900,BFGS,227163.45858722116
8,4,7,900,BFGS,377528.0739623892
8,4,8,900,BFGS,337453.12689958134
8,4,9,900,BFGS,167650.92198608018
8,4,10,900,BFGS,189004.54085775142
8,4,11,900,BFGS,282454.3269642399
8,4,12,900,BFGS,58197.51930699837
8,4,13,900,BFGS,194039.53515543704
8,4,14,900,BFGS,122605.57106340631
8,4,15,900,BFGS,55281.25369602553
8,4,16,900,BFGS,98000.33250786379
8,4,17,900,BFGS,386727.091430828
8,4,18,900,BFGS,202493.5706919643
8,4,19,900,BFGS,71787.95793846725
8,5,0,900,BFGS,763112.9973679524
8,5,1,900,BFGS,109141.4478481294
8,5,2,900,BFGS,475745.9294708152
8,5,3,900,BFGS,357498.4142652429
8,5,4,900,BFGS,378594.5739220557
8,5,5,900,BFGS,113894.08938996718
8,5,6,900,BFGS,636481.5281347291
8,5,7,900,BFGS,264662.8463532216
8,5,8,900,BFGS,925644.5178260881
8,5,9,900,BFGS,200048.0296993282
8,5,10,900,BFGS,218385.8723447056
8,5,11,900,BFGS,221512.54970685855
8,5,12,900,BFGS,81267.67246991428
8,5,13,900,BFGS,221517.7518358174
8,5,14,900,BFGS,55074.11763747854
8,5,15,900,BFGS,129580.72231212934
8,5,16,900,BFGS,162107.12983604427
8,5,17,900,BFGS,168416.81664969708
8,5,18,900,BFGS,438037.9044667557
8,5,19,900,BFGS,228011.465237768
8,6,0,900,BFGS,373174.219135672
8,6,1,900,BFGS,153324.30490096266
8,6,2,900,BFGS,208651.55957148396
8,6,3,900,BFGS,217688.28203314685
8,6,4,900,BFGS,245333.08236554524
8,6,5,900,BFGS,586733.7693526108
8,6,6,900,BFGS,125269.22764475062
8,6,7,900,BFGS,375147.3290887172
8,6,8,900,BFGS,54462.262497191114
8,6,9,900,BFGS,186813.55050009539
8,6,10,900,BFGS,182746.65128290668
8,6,11,900,BFGS,472518.19797232666
8,6,12,900,BFGS,70579.42646776377
8,6,13,900,BFGS,146071.17812473033
8,6,14,900,BFGS,366542.122105239
8,6,15,900,BFGS,96382.1814415052
8,6,16,900,BFGS,123406.16917830682
8,6,17,900,BFGS,439078.0736274723
8,6,18,900,BFGS,249124.7668976331
8,6,19,900,BFGS,108071.538181577
8,7,0,900,BFGS,112056.73443012573
8,7,1,900,BFGS,125449.48988353561
8,7,2,900,BFGS,146819.1964823474
8,7,3,900,BFGS,110924.32813056365
8,7,4,900,BFGS,52459.40278979834
8,7,5,900,BFGS,236000.3596796272
8,7,6,900,BFGS,110891.8601346699
8,7,7,900,BFGS,49349.63218247663
8,7,8,900,BFGS,268255.70107737393
8,7,9,900,BFGS,22026.556811086797
8,7,10,900,BFGS,91127.39955819774
8,7,11,900,BFGS,194753.43035966496
8,7,12,900,BFGS,112908.8421125077
8,7,13,900,BFGS,103578.43192087706
8,7,14,900,BFGS,52282.9049633474
8,7,15,900,BFGS,110822.9092528771
8,7,16,900,BFGS,68748.55543244084
8,7,17,900,BFGS,451656.9307301421
8,7,18,900,BFGS,183503.8905302311
8,7,19,900,BFGS,52942.04537363203
9,1,0,900,BFGS,144455.86617135373
9,1,1,900,BFGS,33192.78035494116
9,1,2,900,BFGS,73950.07155534148
9,1,3,900,BFGS,18121.543930786833
9,1,4,900,BFGS,44492.9176006108
9,1,5,900,BFGS,53214.455176809024
9,1,6,900,BFGS,82369.70228370915
9,1,7,900,BFGS,36096.10052290781
9,1,8,900,BFGS,165683.20346015817
9,1,9,900,BFGS,20240.485127250493
9,1,10,900,BFGS,18696.788321568227
9,1,11,900,BFGS,35172.70494114325
9,1,12,900,BFGS,16470.581383660643
9,1,13,900,BFGS,72125.85683895012
9,1,14,900,BFGS,29728.828295838997
9,1,15,900,BFGS,21904.30982004944
9,1,16,900,BFGS,75072.08862790703
9,1,17,900,BFGS,78382.36089740186
9,1,18,900,BFGS,68203.53120624677
9,1,19,900,BFGS,12119.330257909716
9,2,0,900,BFGS,96374.93419773372
9,2,1,900,BFGS,72463.86967699333
9,2,2,900,BFGS,161487.1639047805
9,2,3,900,BFGS,72152.55034970687
9,2,4,900,BFGS,33764.67078297233
9,2,5,900,BFGS,43034.05857069591
9,2,6,900,BFGS,82656.6406811785
9,2,7,900,BFGS,15066.294680495912
9,2,8,900,BFGS,168454.68407991098
9,2,9,900,BFGS,22930.315801667464
9,2,10,900,BFGS,14126.210603723624
9,2,11,900,BFGS,86445.5939799124
9,2,12,900,BFGS,76968.37735478122
9,2,13,900,BFGS,38511.64545683129
9,2,14,900,BFGS,66220.84957735636
9,2,15,900,BFGS,21320.570119524724
9,2,16,900,BFGS,28859.4890021746
9,2,17,900,BFGS,28903.307427649317
9,2,18,900,BFGS,50111.576808584534
9,2,19,900,BFGS,35881.04467784236
9,3,0,900,BFGS,171238.0157802768
9,3,1,900,BFGS,70076.7200273812
9,3,2,900,BFGS,190485.72076141977
9,3,3,900,BFGS,45488.87096949628
9,3,4,900,BFGS,56390.57847379591
9,3,5,900,BFGS,48007.79982204475
9,3,6,900,BFGS,160378.15268827183
9,3,7,900,BFGS,34155.4165460705
9,3,8,900,BFGS,349443.5809230831
9,3,9,900,BFGS,44394.45813999876
9,3,10,900,BFGS,18483.271316895964
9,3,11,900,BFGS,29316.44784100713
9,3,12,900,BFGS,49855.726966469214
9,3,13,900,BFGS,75718.76348892403
9,3,14,900,BFGS,74365.21895029573
9,3,15,900,BFGS,12177.261814780082
9,3,16,900,BFGS,32854.836537797615
9,3,17,900,BFGS,85976.8560505198
9,3,18,900,BFGS,67287.32569466968
9,3,19,900,BFGS,33768.859619979215
9,4,0,900,BFGS,52865.344569492765
9,4,1,900,BFGS,145509.20630007423
9,4,2,900,BFGS,64906.89790844243
9,4,3,900,BFGS,33689.60135516977
9,4,4,900,BFGS,31968.371406343136
9,4,5,900,BFGS,74472.71989150016
9,4,6,900,BFGS,43321.98675714914
9,4,7,900,BFGS,49149.56384570382
9,4,8,900,BFGS,122519.67451216499
9,4,9,900,BFGS,16320.488147841152
9,4,10,900,BFGS,19656.529964041496
9,4,11,900,BFGS,89687.96603203475
9,4,12,900,BFGS,115481.33782415533
9,4,13,900,BFGS,52487.79669949611
9,4,14,900,BFGS,72111.49560460928
9,4,15,900,BFGS,8871.615177410074
9,4,16,900,BFGS,32454.30719994095
9,4,17,900,BFGS,54954.50770543676
9,4,18,900,BFGS,48051.54099273993
9,4,19,900,BFGS,33360.21853284001
9,5,0,900,BFGS,97029.26123248678
9,5,1,900,BFGS,57010.94517119469
9,5,2,900,BFGS,134288.81771058217
9,5,3,900,BFGS,46105.01712307291
9,5,4,900,BFGS,29820.90988797935
9,5,5,900,BFGS,36328.79042548316
9,5,6,900,BFGS,78980.67560275676
9,5,7,900,BFGS,27258.640621308743
9,5,8,900,BFGS,217804.7891032045
9,5,9,900,BFGS,30787.53676168071
9,5,10,900,BFGS,26765.005474674675
9,5,11,900,BFGS,63326.97981128548
9,5,12,900,BFGS,66287.14429627197
9,5,13,900,BFGS,72116.24277704718
9,5,14,900,BFGS,78399.15782998421
9,5,15,900,BFGS,11034.2147602066
9,5,16,900,BFGS,39710.818913183495
9,5,17,900,BFGS,52271.290006010684
9,5,18,900,BFGS,30636.35624292413
9,5,19,900,BFGS,31048.09764182929
9,6,0,900,BFGS,45076.086231108406
9,6,1,900,BFGS,133155.2506215746
9,6,2,900,BFGS,66830.13994389979
9,6,3,900,BFGS,29827.093857458312
9,6,4,900,BFGS,30975.960340433176
9,6,5,900,BFGS,66557.56237690402
9,6,6,900,BFGS,54430.14681922904
9,6,7,900,BFGS,29695.4594987672
9,6,8,900,BFGS,197410.02972679425
9,6,9,900,BFGS,21107.064032658658
9,6,10,900,BFGS,27907.231872225453
9,6,11,900,BFGS,38805.109677630535
9,6,12,900,BFGS,52062.03663560972
9,6,13,900,BFGS,59552.0304891349
9,6,14,900,BFGS,94665.59194048535
9,6,15,900,BFGS,9487.597282082143
9,6,16,900,BFGS,38446.697163294375
9,6,17,900,BFGS,80636.45420821795
9,6,18,900,BFGS,52633.74986626543
9,6,19,900,BFGS,20405.936807280286
9,7,0,900,BFGS,208314.09247750926
9,7,1,900,BFGS,90762.48701960195
9,7,2,900,BFGS,99362.47166940046
9,7,3,900,BFGS,32879.24087371078
9,7,4,900,BFGS,53777.59306668321
9,7,5,900,BFGS,61401.62279858544
9,7,6,900,BFGS,83480.02409175555
9,7,7,900,BFGS,47629.693653202914
9,7,8,900,BFGS,122101.45359992032
9,7,9,900,BFGS,67531.48270215647
9,7,10,900,BFGS,15509.142497348756
9,7,11,900,BFGS,41741.55172133415
9,7,12,900,BFGS,19766.508395224744
9,7,13,900,BFGS,64270.36801138238
9,7,14,900,BFGS,92952.24678675816
9,7,15,900,BFGS,10081.165883412164
9,7,16,900,BFGS,39558.337976925985
9,7,17,900,BFGS,118037.55828298988
9,7,18,900,BFGS,36182.29231393868
9,7,19,900,BFGS,22046.16137453944
10,1,0,900,BFGS,23318397.483643442
10,1,1,900,BFGS,27815289.558600664
10,1,2,900,BFGS,21407659.67673843
10,1,3,900,BFGS,25424486.05277545
10,1,4,900,BFGS,31126294.073854137
10,1,5,900,BFGS,67447849.41850826
10,1,6,900,BFGS,34728881.93776981
10,1,7,900,BFGS,36727058.616823755
10,1,8,900,BFGS,24387884.76997385
10,1,9,900,BFGS,12715540.261402164
10,1,10,900,BFGS,10100640.361226868
10,1,11,900,BFGS,75124366.39110155
10,1,12,900,BFGS,25675815.536527544
10,1,13,900,BFGS,12281937.792416766
10,1,14,900,BFGS,46585401.98159827
10,1,15,900,BFGS,23013909.21313421
10,1,16,900,BFGS,35733717.91826069
10,1,17,900,BFGS,50635245.6656656
10,1,18,900,BFGS,11764851.36074019
10,1,19,900,BFGS,28548979.023520015
10,2,0,900,BFGS,15574135.179954557
10,2,1,900,BFGS,38793301.410306424
10,2,2,900,BFGS,6115766.577202227
10,2,3,900,BFGS,15269359.970939541
10,2,4,900,BFGS,30436708.81680141
10,2,5,900,BFGS,35054716.16345401
10,2,6,900,BFGS,8036942.415865471
10,2,7,900,BFGS,9215521.9621154
10,2,8,900,BFGS,11825816.943614082
10,2,9,900,BFGS,27030518.49984274
10,2,10,900,BFGS,33846939.305778734
10,2,11,900,BFGS,43627447.61668504
10,2,12,900,BFGS,84351550.86199363
10,2,13,900,BFGS,52287090.096172005
10,2,14,900,BFGS,20092478.79990211
10,2,15,900,BFGS,30723144.524606023
10,2,16,900,BFGS,50082667.83471946
10,2,17,900,BFGS,22776246.310987517
10,2,18,900,BFGS,15156308.302785425
10,2,19,900,BFGS,21351498.714478068
10,3,0,900,BFGS,4917545.458345127
10,3,1,900,BFGS,44780099.542964295
10,3,2,900,BFGS,4481067.431359151
10,3,3,900,BFGS,13544173.179063031
10,3,4,900,BFGS,3429192.41209027
10,3,5,900,BFGS,14721971.13564743
10,3,6,900,BFGS,5019882.734565299
10,3,7,900,BFGS,18450317.86938166
10,3,8,900,BFGS,23628191.883833505
10,3,9,900,BFGS,1788713.1144733536
10,3,10,900,BFGS,5834193.52289832
10,3,11,900,BFGS,11008916.117561366
10,3,12,900,BFGS,14317001.122802682
10,3,13,900,BFGS,7940839.044042357
10,3,14,900,BFGS,10719220.20965838
10,3,15,900,BFGS,11269687.175259745
10,3,16,900,BFGS,9060813.659275226
10,3,17,900,BFGS,11751091.31636501
10,3,18,900,BFGS,15911084.637186283
10,3,19,900,BFGS,3479561.161182637
10,4,0,900,BFGS,8090159.429941633
10,4,1,900,BFGS,88277052.42476606
10,4,2,900,BFGS,24663570.754279397
10,4,3,900,BFGS,88218439.23489732
10,4,4,900,BFGS,64351755.98454508
10,4,5,900,BFGS,132391455.28015059
10,4,6,900,BFGS,49523456.717582285
10,4,7,900,BFGS,21361729.42476618
10,4,8,900,BFGS,163677713.20058277
10,4,9,900,BFGS,54338240.238397874
10,4,10,900,BFGS,18467218.1956396
10,4,11,900,BFGS,144804714.7536829
10,4,12,900,BFGS,145730355.6825589
10,4,13,900,BFGS,93477582.90409814
10,4,14,900,BFGS,88204971.19178322
10,4,15,900,BFGS,169949416.87064546
10,4,16,900,BFGS,86206217.72770599
10,4,17,900,BFGS,83708842.2649433
10,4,18,900,BFGS,63819963.14588913
10,4,19,900,BFGS,118529923.68929791
10,5,0,900,BFGS,24988154.344836187
10,5,1,900,BFGS,27666940.066478048
10,5,2,900,BFGS,196370283.7543161
10,5,3,900,BFGS,58956084.419600956
10,5,4,900,BFGS,47259183.80564828
10,5,5,900,BFGS,4736963.941832593
10,5,6,900,BFGS,62636504.02813126
10,5,7,900,BFGS,33304206.755585987
10,5,8,900,BFGS,64543120.20327375
10,5,9,900,BFGS,52617271.94154252
10,5,10,900,BFGS,59952999.35658807
10,5,11,900,BFGS,33669595.26756734
10,5,12,900,BFGS,133642076.45208137
10,5,13,900,BFGS,24939142.007531013
10,5,14,900,BFGS,60318780.525678925
10,5,15,900,BFGS,50527012.64679353
10,5,16,900,BFGS,76579163.16079025
10,5,17,900,BFGS,15358890.174350142
10,5,18,900,BFGS,46585116.4326632
10,5,19,900,BFGS,71745483.56145754
10,6,0,900,BFGS,19452100.262758188
10,6,1,900,BFGS,19452486.497660853
10,6,2,900,BFGS,55909510.34497745
10,6,3,900,BFGS,30428491.37791371
10,6,4,900,BFGS,18299868.218309406
10,6,5,900,BFGS,21245759.794871934
10,6,6,900,BFGS,29740293.461845286
10,6,7,900,BFGS,15267135.803412922
10,6,8,900,BFGS,53108218.96583191
10,6,9,900,BFGS,14132983.155870892
10,6,10,900,BFGS,14664771.759746613
10,6,11,900,BFGS,30348734.024829455
10,6,12,900,BFGS,18832812.427266616
10,6,13,900,BFGS,1759297.5324248418
10,6,14,900,BFGS,20076794.317273743
10,6,15,900,BFGS,20583844.078098323
10,6,16,900,BFGS,20834790.709547125
10,6,17,900,BFGS,30681149.35228527
10,6,18,900,BFGS,25315965.0429051
10,6,19,900,BFGS,40400513.76182375
10,7,0,900,BFGS,69933873.18081523
10,7,1,900,BFGS,65667515.23837704
10,7,2,900,BFGS,72582917.07210334
10,7,3,900,BFGS,39788179.59449089
10,7,4,900,BFGS,86414583.91162391
10,7,5,900,BFGS,23308510.829575617
10,7,6,900,BFGS,151085646.32506332
10,7,7,900,BFGS,162492661.17699865
10,7,8,900,BFGS,120640257.49762958
10,7,9,900,BFGS,223254662.39306948
10,7,10,900,BFGS,120725574.04479149
10,7,11,900,BFGS,16524518.416346636
10,7,12,900,BFGS,6757007.838758707
10,7,13,900,BFGS,61644763.28944837
10,7,14,900,BFGS,62831879.58422029
10,7,15,900,BFGS,53290079.67301414
10,7,16,900,BFGS,43020280.30215161
10,7,17,900,BFGS,120928205.04030664
10,7,18,900,BFGS,57535608.022504196
10,7,19,900,BFGS,48330434.43899676
11,1,0,900,BFGS,84623957.94369623
11,1,1,900,BFGS,7967390.120329979
11,1,2,900,BFGS,28347275.952373456
11,1,3,900,BFGS,11531141.484272541
11,1,4,900,BFGS,15912434.502226282
11,1,5,900,BFGS,71814.03765353811
11,1,6,900,BFGS,25129187.188166194
11,1,7,900,BFGS,20554610.3949505
11,1,8,900,BFGS,74786436.07072794
11,1,9,900,BFGS,4509135.983692593
11,1,10,900,BFGS,32488054.28717528
11,1,11,900,BFGS,736825.5358945889
11,1,12,900,BFGS,1509334.6355358122
11,1,13,900,BFGS,26497669.02316377
11,1,14,900,BFGS,5338266.378691715
11,1,15,900,BFGS,5565709.509549937
11,1,16,900,BFGS,112005.8365646119
11,1,17,900,BFGS,175865.5091536575
11,1,18,900,BFGS,40770732.30440524
11,1,19,900,BFGS,23670189.609088726
11,2,0,900,BFGS,1298596.988509409
11,2,1,900,BFGS,8850120.467789412
11,2,2,900,BFGS,16521608.075110162
11,2,3,900,BFGS,6098698.919200508
11,2,4,900,BFGS,7403250.5915394025
11,2,5,900,BFGS,5708818.129832241
11,2,6,900,BFGS,2652698.479340787
11,2,7,900,BFGS,16640251.562244842
11,2,8,900,BFGS,2591397.8535541184
11,2,9,900,BFGS,14021377.089822857
11,2,10,900,BFGS,10485654.744519407
11,2,11,900,BFGS,1575465.9511233887
11,2,12,900,BFGS,30272542.12493829
11,2,13,900,BFGS,23373143.982119154
11,2,14,900,BFGS,25055197.492161997
11,2,15,900,BFGS,10595536.871463167
11,2,16,900,BFGS,2619103.8603476402
11,2,17,900,BFGS,5168709.379583356
11,2,18,900,BFGS,3303510.6359662293
11,2,19,900,BFGS,2670484.182970765
11,3,0,900,BFGS,7335522.400282051
11,3,1,900,BFGS,28087644.539677884
11,3,2,900,BFGS,1967093.13375372
11,3,3,900,BFGS,16963069.40036986
11,3,4,900,BFGS,4843376.215029238
11,3,5,900,BFGS,18519488.71058364
11,3,6,900,BFGS,976957.8487528879
11,3,7,900,BFGS,18359129.837515596
11,3,8,900,BFGS,1360855.115229368
11,3,9,900,BFGS,19797305.028283212
11,3,10,900,BFGS,6663628.022240785
11,3,11,900,BFGS,21742506.958553378
11,3,12,900,BFGS,64657436.27839053
11,3,13,900,BFGS,11920602.132691322
11,3,14,900,BFGS,4499579.70281894
11,3,15,900,BFGS,23478862.718444
11,3,16,900,BFGS,41772418.31105448
11,3,17,900,BFGS,28094418.159655973
11,3,18,900,BFGS,1833962.8329173988
11,3,19,900,BFGS,5862082.789809949
11,4,0,900,BFGS,3808996.758337725
11,4,1,900,BFGS,32459193.16633491
11,4,2,900,BFGS,4022641.4566372065
11,4,3,900,BFGS,13347883.473234894
11,4,4,900,BFGS,621495.9703230861
11,4,5,900,BFGS,1139306.4891747257
11,4,6,900,BFGS,733046.1797521975
11,4,7,900,BFGS,2073585.619972439
11,4,8,900,BFGS,4340316.019705025
11,4,9,900,BFGS,96730.5534521636
11,4,10,900,BFGS,8110170.516156702
11,4,11,900,BFGS,24454611.841465477
11,4,12,900,BFGS,4553914.827653073
11,4,13,900,BFGS,3023833.3461338175
11,4,14,900,BFGS,2425903.208127159
11,4,15,900,BFGS,862251.6099440893
11,4,16,900,BFGS,632919.1905752262
11,4,17,900,BFGS,5533205.509608512
11,4,18,900,BFGS,2006591.5180815891
11,4,19,900,BFGS,911552.9640828096
11,5,0,900,BFGS,9785615.335725242
11,5,1,900,BFGS,3128004.532676179
11,5,2,900,BFGS,18563463.03384586
11,5,3,900,BFGS,9879618.686334295
11,5,4,900,BFGS,2524395.834977374
11,5,5,900,BFGS,2691464.2566332333
11,5,6,900,BFGS,24591621.584600534
11,5,7,900,BFGS,394076.8246257815
11,5,8,900,BFGS,5182678.175026455
11,5,9,900,BFGS,126706.33906381144
11,5,10,900,BFGS,2027531.005227754
11,5,11,900,BFGS,12261565.075881863
11,5,12,900,BFGS,8217098.919724199
11,5,13,900,BFGS,5307439.56614542
11,5,14,900,BFGS,15255518.54217798
11,5,15,900,BFGS,1066136.9758134251
11,5,16,900,BFGS,2169285.1615462983
11,5,17,900,BFGS,1387191.9258172947
11,5,18,900,BFGS,7940033.76679146
11,5,19,900,BFGS,4052285.3800680707
11,6,0,900,BFGS,16730382.542260602
11,6,1,900,BFGS,1875412.5357047736
11,6,2,900,BFGS,921256.8482297676
11,6,3,900,BFGS,5684515.175889479
11,6,4,900,BFGS,1725673.1011202312
11,6,5,900,BFGS,3776063.9243749636
11,6,6,900,BFGS,5350766.907908073
11,6,7,900,BFGS,7744004.874542452
11,6,8,900,BFGS,8559923.656354636
11,6,9,900,BFGS,73203.2210955125
11,6,10,900,BFGS,1027330.2552311852
11,6,11,900,BFGS,6223075.528729387
11,6,12,900,BFGS,690856.3575151569
11,6,13,900,BFGS,7046232.293823719
11,6,14,900,BFGS,15545555.42148768
11,6,15,900,BFGS,13666929.808633944
11,6,16,900,BFGS,3496563.839633462
11,6,17,900,BFGS,18996079.602786433
11,6,18,900,BFGS,4247971.963433501
11,6,19,900,BFGS,4649232.9189014
11,7,0,900,BFGS,35186352.98554506
11,7,1,900,BFGS,18728772.233962722
11,7,2,900,BFGS,90619012.47564736
11,7,3,900,BFGS,27786867.78518593
11,7,4,900,BFGS,19766527.518366154
11,7,5,900,BFGS,78543.61917192982
11,7,6,900,BFGS,29146172.812076617
11,7,7,900,BFGS,6970628.671956782
11,7,8,900,BFGS,85408468.95324336
11,7,9,900,BFGS,27630349.663470864
11,7,10,900,BFGS,19927545.696221013
11,7,11,900,BFGS,52278450.8555005
11,7,12,900,BFGS,60493046.2517619
11,7,13,900,BFGS,5869069.83418607
11,7,14,900,BFGS,41852967.18479175
11,7,15,900,BFGS,26449612.03546952
11,7,16,900,BFGS,37738498.54299693
11,7,17,900,BFGS,3310256.6794610186
11,7,18,900,BFGS,22865573.42664448
11,7,19,900,BFGS,47121360.53394241
12,1,0,900,BFGS,431258967.1788397
12,1,1,900,BFGS,702182232.8503169
12,1,2,900,BFGS,216686414.04148594
12,1,3,900,BFGS,356431016.70618516
12,1,4,900,BFGS,340002361.83079624
12,1,5,900,BFGS,493278146.6150957
12,1,6,900,BFGS,617656911.2286531
12,1,7,900,BFGS,814680902.1456137
12,1,8,900,BFGS,258051002.45772514
12,1,9,900,BFGS,300242343.03993946
12,1,10,900,BFGS,915208719.2821883
12,1,11,900,BFGS,483012101.95786434
12,1,12,900,BFGS,601846346.0250081
12,1,13,900,BFGS,445561614.0451214
12,1,14,900,BFGS,879013038.5050713
12,1,15,900,BFGS,546664497.2837602
12,1,16,900,BFGS,509366298.9432807
12,1,17,900,BFGS,674421760.4630762
12,1,18,900,BFGS,301331887.1211375
12,1,19,900,BFGS,284428705.50154
12,2,0,900,BFGS,1412179273.7410538
12,2,1,900,BFGS,2657131439.7793083
12,2,2,900,BFGS,1126000523.6217096
12,2,3,900,BFGS,457952254.34687805
12,2,4,900,BFGS,817416919.5165493
12,2,5,900,BFGS,1356223207.1196506
12,2,6,900,BFGS,276152647.6295382
12,2,7,900,BFGS,599458680.8149256
12,2,8,900,BFGS,572721532.5067018
12,2,9,900,BFGS,689027257.2033042
12,2,10,900,BFGS,1571246011.154644
12,2,11,900,BFGS,688842573.718612
12,2,12,900,BFGS,1473652360.9472337
12,2,13,900,BFGS,1241417640.5318484
12,2,14,900,BFGS,163700622.6645948
12,2,15,900,BFGS,1789986426.1525373
12,2,16,900,BFGS,634492439.1749114
12,2,17,900,BFGS,1329930360.3502529
12,2,18,900,BFGS,426628441.8612761
12,2,19,900,BFGS,391221241.0030242
12,3,0,900,BFGS,3673490181.6391873
12,3,1,900,BFGS,1314815634.0765357
12,3,2,900,BFGS,1340441064.3932517
12,3,3,900,BFGS,1376292679.5925083
12,3,4,900,BFGS,877973840.3153728
12,3,5,900,BFGS,697090564.9395503
12,3,6,900,BFGS,1359218148.470778
12,3,7,900,BFGS,662682894.3181534
12,3,8,900,BFGS,2839374509.5661755
12,3,9,900,BFGS,527152959.2880159
12,3,10,900,BFGS,1847960031.569787
12,3,11,900,BFGS,1400055935.16497
12,3,12,900,BFGS,2170765748.412644
12,3,13,900,BFGS,1428789071.2110791
12,3,14,900,BFGS,1342556871.3532968
12,3,15,900,BFGS,552668753.9911014
12,3,16,900,BFGS,368153172.65265024
12,3,17,900,BFGS,1733672719.3292642
12,3,18,900,BFGS,4646535627.474446
12,3,19,900,BFGS,1242457371.511201
12,4,0,900,BFGS,320976879.43882334
12,4,1,900,BFGS,982656760.0925412
12,4,2,900,BFGS,4112040821.979842
12,4,3,900,BFGS,649748559.4810548
12,4,4,900,BFGS,487267455.3012401
12,4,5,900,BFGS,475391380.23752034
12,4,6,900,BFGS,633431026.6697599
12,4,7,900,BFGS,980891308.8511137
12,4,8,900,BFGS,689159366.4325073
12,4,9,900,BFGS,601540870.3029016
12,4,10,900,BFGS,1096145179.8442466
12,4,11,900,BFGS,1081857226.0214987
12,4,12,900,BFGS,1162099888.7700136
12,4,13,900,BFGS,354371507.4897592
12,4,14,900,BFGS,680305012.3173219
12,4,15,900,BFGS,595606497.8531104
12,4,16,900,BFGS,658843990.251264
12,4,17,900,BFGS,838185100.3259419
12,4,18,900,BFGS,966718263.5043541
12,4,19,900,BFGS,447593346.758378
12,5,0,900,BFGS,225522779.85734913
12,5,1,900,BFGS,114802474.27906696
12,5,2,900,BFGS,266960007.20236787
12,5,3,900,BFGS,324207570.69650453
12,5,4,900,BFGS,231215537.33707672
12,5,5,900,BFGS,131685067.99113123
12,5,6,900,BFGS,264672258.76317918
12,5,7,900,BFGS,263593394.5934095
12,5,8,900,BFGS,232132922.23692697
12,5,9,900,BFGS,293410424.82445836
12,5,10,900,BFGS,193873746.16517013
12,5,11,900,BFGS,232268956.41731095
12,5,12,900,BFGS,234936442.70697567
12,5,13,900,BFGS,80745533.7549776
12,5,14,900,BFGS,257169890.61582497
12,5,15,900,BFGS,93585316.9245834
12,5,16,900,BFGS,293634275.73201805
12,5,17,900,BFGS,487462258.623148
12,5,18,900,BFGS,237546971.50003704
12,5,19,900,BFGS,172126461.70496273
12,6,0,900,BFGS,1389263302.5919318
12,6,1,900,BFGS,3123979266.4190693
12,6,2,900,BFGS,887620978.8436518
12,6,3,900,BFGS,1192492321.9909618
12,6,4,900,BFGS,464982541.7127688
12,6,5,900,BFGS,427242337.7644216
12,6,6,900,BFGS,897577810.7117068
12,6,7,900,BFGS,449866381.96112543
12,6,8,900,BFGS,1339142900.7754536
12,6,9,900,BFGS,1414549389.3880618
12,6,10,900,BFGS,817893559.4909427
12,6,11,900,BFGS,1296946892.9946277
12,6,12,900,BFGS,2728732863.906194
12,6,13,900,BFGS,743900111.8919197
12,6,14,900,BFGS,1847487461.084093
12,6,15,900,BFGS,1760181082.1764526
12,6,16,900,BFGS,1148523363.1193233
12,6,17,900,BFGS,592780139.8420447
12,6,18,900,BFGS,706627146.677346
12,6,19,900,BFGS,1359470952.7370396
12,7,0,900,BFGS,1763571535.0570843
12,7,1,900,BFGS,3573677686.932986
12,7,2,900,BFGS,2600414782.832373
12,7,3,900,BFGS,15912633593.896881
12,7,4,900,BFGS,750622542.2181096
12,7,5,900,BFGS,860373984.6012775
12,7,6,900,BFGS,9559170507.165934
12,7,7,900,BFGS,1780200076.498904
12,7,8,900,BFGS,38820898507.178795
12,7,9,900,BFGS,976639732.9949915
12,7,10,900,BFGS,7820188131.068076
12,7,11,900,BFGS,15597072218.83737
12,7,12,900,BFGS,3264330926.4340463
12,7,13,900,BFGS,913150925.9857436
12,7,14,900,BFGS,2325036710.781554
12,7,15,900,BFGS,1121117080.7450032
12,7,16,900,BFGS,521340078.9276844
12,7,17,900,BFGS,240183994.92724228
12,7,18,900,BFGS,15070757174.760883
12,7,19,900,BFGS,4249868503.4149694
13,1,0,900,BFGS,79049.84167106554
13,1,1,900,BFGS,38396.085359622535
13,1,2,900,BFGS,52540.968801650044
13,1,3,900,BFGS,63553.99620326118
13,1,4,900,BFGS,46778.158876257934
13,1,5,900,BFGS,38831.94151600873
13,1,6,900,BFGS,34855.701802832285
13,1,7,900,BFGS,47082.38092011197
13,1,8,900,BFGS,58626.300957214225
13,1,9,900,BFGS,40300.057671167466
13,1,10,900,BFGS,40681.0949680129
13,1,11,900,BFGS,52884.91258518753
13,1,12,900,BFGS,35107.08496604757
13,1,13,900,BFGS,42588.933544232386
13,1,14,900,BFGS,55754.64508849589
13,1,15,900,BFGS,29201.255668705773
13,1,16,900,BFGS,28745.575662106006
13,1,17,900,BFGS,39620.29289959702
13,1,18,900,BFGS,32823.37038736273
13,1,19,900,BFGS,45183.618279387025
13,2,0,900,BFGS,49167.58793468737
13,2,1,900,BFGS,39854.863411981554
13,2,2,900,BFGS,48232.663166086575
13,2,3,900,BFGS,46567.430113242284
13,2,4,900,BFGS,55124.23275068915
13,2,5,900,BFGS,56020.54185929759
13,2,6,900,BFGS,47952.02462310352
13,2,7,900,BFGS,46307.94921774738
13,2,8,900,BFGS,39363.982151057244
13,2,9,900,BFGS,50853.878128941746
13,2,10,900,BFGS,36438.57875719803
13,2,11,900,BFGS,53315.69101307676
13,2,12,900,BFGS,42274.30530943934
13,2,13,900,BFGS,44524.69571561736
13,2,14,900,BFGS,85964.51860658049
13,2,15,900,BFGS,50231.053150493935
13,2,16,900,BFGS,45519.28745027393
13,2,17,900,BFGS,47006.107194458746
13,2,18,900,BFGS,48233.60041542621
13,2,19,900,BFGS,35669.238793412995
13,3,0,900,BFGS,57230.41520304005
13,3,1,900,BFGS,56679.71231453734
13,3,2,900,BFGS,70998.18262216201
13,3,3,900,BFGS,52290.70837592106
13,3,4,900,BFGS,36882.4148056922
13,3,5,900,BFGS,49887.41919417417
13,3,6,900,BFGS,42384.741340338725
13,3,7,900,BFGS,50676.06092604989
13,3,8,900,BFGS,76245.64101613217
13,3,9,900,BFGS,67576.6878982376
13,3,10,900,BFGS,55653.076954212986
13,3,11,900,BFGS,48046.207110689225
13,3,12,900,BFGS,50636.20927233716
13,3,13,900,BFGS,52780.75765587965
13,3,14,900,BFGS,43070.81165306128
13,3,15,900,BFGS,62966.12340614831
13,3,16,900,BFGS,40605.76332131514
13,3,17,900,BFGS,54778.269288567106
13,3,18,900,BFGS,71023.6171253903
13,3,19,900,BFGS,61328.890828296506
13,4,0,900,BFGS,35985.20611263913
13,4,1,900,BFGS,52959.46474948925
13,4,2,900,BFGS,40853.139562697725
13,4,3,900,BFGS,45378.893106076546
13,4,4,900,BFGS,24795.408395988514
13,4,5,900,BFGS,33084.32708954139
13,4,6,900,BFGS,63574.80443500465
13,4,7,900,BFGS,33719.732741233194
13,4,8,900,BFGS,22687.603123052897
13,4,9,900,BFGS,33228.37528794642
13,4,10,900,BFGS,21776.830537019232
13,4,11,900,BFGS,40275.20679080268
13,4,12,900,BFGS,45118.34017881991
13,4,13,900,BFGS,37606.820958794684
13,4,14,900,BFGS,38083.56263716901
13,4,15,900,BFGS,41110.728247529216
13,4,16,900,BFGS,66910.76162503686
13,4,17,900,BFGS,47399.76468195853
13,4,18,900,BFGS,32297.438125634304
13,4,19,900,BFGS,22738.896544018487
13,5,0,900,BFGS,24497.313684000525
13,5,1,900,BFGS,30801.333586915913
13,5,2,900,BFGS,31379.598221558856
13,5,3,900,BFGS,50427.9445955503
13,5,4,900,BFGS,28620.771197871887
13,5,5,900,BFGS,49078.476357160514
13,5,6,900,BFGS,26545.040675146636
13,5,7,900,BFGS,37247.37435361085
13,5,8,900,BFGS,48536.31865303454
13,5,9,900,BFGS,34203.07743668519
13,5,10,900,BFGS,32402.56440324617
13,5,11,900,BFGS,42112.80538571569
13,5,12,900,BFGS,48229.793689944374
13,5,13,900,BFGS,37745.11462769407
13,5,14,900,BFGS,45502.608243430295
13,5,15,900,BFGS,23287.265715257035
13,5,16,900,BFGS,36296.905530874865
13,5,17,900,BFGS,40816.867169154706
13,5,18,900,BFGS,34311.0938731434
13,5,19,900,BFGS,27947.096310264587
13,6,0,900,BFGS,23147.672279186798
13,6,1,900,BFGS,32084.939617967462
13,6,2,900,BFGS,27149.115841957475
13,6,3,900,BFGS,37828.0976398901
13,6,4,900,BFGS,32917.29234163808
13,6,5,900,BFGS,32457.14573511121
13,6,6,900,BFGS,37427.381839047455
13,6,7,900,BFGS,30600.55278817398
13,6,8,900,BFGS,42011.57796405331
13,6,9,900,BFGS,33867.641545138235
13,6,10,900,BFGS,30368.926936553507
13,6,11,900,BFGS,28123.3491376217
13,6,12,900,BFGS,29828.685593418737
13,6,13,900,BFGS,26403.945415673035
13,6,14,900,BFGS,34839.66893577437
13,6,15,900,BFGS,35035.93440699145
13,6,16,900,BFGS,24615.954681171217
13,6,17,900,BFGS,39847.359949448415
13,6,18,900,BFGS,41131.4951386036
13,6,19,900,BFGS,19773.294843644107
13,7,0,900,BFGS,29610.327923515033
13,7,1,900,BFGS,45651.34730542968
13,7,2,900,BFGS,39987.13516224291
13,7,3,900,BFGS,46203.20893620437
13,7,4,900,BFGS,32637.539831338196
13,7,5,900,BFGS,33550.400429834364
13,7,6,900,BFGS,45117.514769093985
13,7,7,900,BFGS,42086.91374276668
13,7,8,900,BFGS,31287.869333760435
13,7,9,900,BFGS,35698.66489293389
13,7,10,900,BFGS,21019.64575638798
13,7,11,900,BFGS,44979.94575480672
13,7,12,900,BFGS,40474.92455527641
13,7,13,900,BFGS,38944.505418815126
13,7,14,900,BFGS,49161.55167088464
13,7,15,900,BFGS,30876.48209516098
13,7,16,900,BFGS,38401.153857048994
13,7,17,900,BFGS,34678.20421427928
13,7,18,900,BFGS,58550.93864485503
13,7,19,900,BFGS,46748.13590556442
14,1,0,900,BFGS,951.0582590118386
14,1,1,900,BFGS,664.8184607067046
14,1,2,900,BFGS,396.07225310701625
14,1,3,900,BFGS,427.5842642670706
14,1,4,900,BFGS,327.2042058725983
14,1,5,900,BFGS,249.7694788534086
14,1,6,900,BFGS,527.5339414454318
14,1,7,900,BFGS,359.5169097039101
14,1,8,900,BFGS,663.3651927988197
14,1,9,900,BFGS,300.84417748106557
14,1,10,900,BFGS,860.7326186338915
14,1,11,900,BFGS,193.8699958507066
14,1,12,900,BFGS,422.8251307308977
14,1,13,900,BFGS,586.0308166005673
14,1,14,900,BFGS,330.89889511786384
14,1,15,900,BFGS,370.4729760496626
14,1,16,900,BFGS,223.84163783038838
14,1,17,900,BFGS,388.3296952789113
14,1,18,900,BFGS,482.9357396985287
14,1,19,900,BFGS,324.8603229513984
14,2,0,900,BFGS,432.45300219607867
14,2,1,900,BFGS,712.4050290171723
14,2,2,900,BFGS,458.55180429552513
14,2,3,900,BFGS,727.4873398590371
14,2,4,900,BFGS,396.8001840393967
14,2,5,900,BFGS,802.080416665282
14,2,6,900,BFGS,285.10365788836174
14,2,7,900,BFGS,244.25412455807248
14,2,8,900,BFGS,999.6844219208136
14,2,9,900,BFGS,495.378353714516
14,2,10,900,BFGS,256.7555527239649
14,2,11,900,BFGS,877.7879786050361
14,2,12,900,BFGS,817.8925347956001
14,2,13,900,BFGS,316.3413799187172
14,2,14,900,BFGS,1053.4372213749198
14,2,15,900,BFGS,603.4314291800406
14,2,16,900,BFGS,656.883285771926
14,2,17,900,BFGS,455.0425282268532
14,2,18,900,BFGS,443.69631630349926
14,2,19,900,BFGS,580.5100589227195
14,3,0,900,BFGS,452.9547762866382
14,3,1,900,BFGS,101.06277048751596
14,3,2,900,BFGS,132.57418964426728
14,3,3,900,BFGS,228.38579399351408
14,3,4,900,BFGS,265.5423212821375
14,3,5,900,BFGS,376.92242553592894
14,3,6,900,BFGS,243.46767798652368
14,3,7,900,BFGS,224.4223547082242
14,3,8,900,BFGS,226.4695068299414
14,3,9,900,BFGS,156.46266615095993
14,3,10,900,BFGS,138.2405149558783
14,3,11,900,BFGS,189.20390994412674
14,3,12,900,BFGS,170.32110993922473
14,3,13,900,BFGS,193.4767089814862
14,3,14,900,BFGS,157.3928821295189
14,3,15,900,BFGS,183.7337022117606
14,3,16,900,BFGS,205.94696233738264
14,3,17,900,BFGS,299.0957176684612
14,3,18,900,BFGS,149.55938589975645
14,3,19,900,BFGS,114.5395439794485
14,4,0,900,BFGS,273.6748018527607
14,4,1,900,BFGS,477.4159245216036
14,4,2,900,BFGS,315.29933552064125
14,4,3,900,BFGS,218.04175049815794
14,4,4,900,BFGS,288.82393373530647
14,4,5,900,BFGS,450.1667882043826
14,4,6,900,BFGS,430.3568163179386
14,4,7,900,BFGS,427.3887303681767
14,4,8,900,BFGS,363.2376270981713
14,4,9,900,BFGS,225.4782143716118
14,4,10,900,BFGS,304.7095647876829
14,4,11,900,BFGS,306.0928095342203
14,4,12,900,BFGS,351.7091411709739
14,4,13,900,BFGS,463.0919041002662
14,4,14,900,BFGS,775.3943975472938
14,4,15,900,BFGS,352.8977775192805
14,4,16,900,BFGS,273.8081181755984
14,4,17,900,BFGS,327.77407112569136
14,4,18,900,BFGS,259.006872695566
14,4,19,900,BFGS,221.73192428933658
14,5,0,900,BFGS,623.3351223042301
14,5,1,900,BFGS,751.2074855921621
14,5,2,900,BFGS,712.018921719544
14,5,3,900,BFGS,551.3922819877477
14,5,4,900,BFGS,395.83523793452065
14,5,5,900,BFGS,730.6492138999248
14,5,6,900,BFGS,641.7604128482403
14,5,7,900,BFGS,465.1990466351527
14,5,8,900,BFGS,399.5206493575235
14,5,9,900,BFGS,506.1480662554713
14,5,10,900,BFGS,775.154929515706
14,5,11,900,BFGS,708.0800094621577
14,5,12,900,BFGS,526.4975727439703
14,5,13,900,BFGS,835.7653797751418
14,5,14,900,BFGS,327.8513283102122
14,5,15,900,BFGS,721.7371310318433
14,5,16,900,BFGS,861.2365654191614
14,5,17,900,BFGS,440.7396104473959
14,5,18,900,BFGS,266.21488037956766
14,5,19,900,BFGS,440.7892797604919
14,6,0,900,BFGS,304.7116207869678
14,6,1,900,BFGS,266.9538252934718
14,6,2,900,BFGS,826.760425739904
14,6,3,900,BFGS,385.5898357764563
14,6,4,900,BFGS,271.25653858066306
14,6,5,900,BFGS,542.4404593848003
14,6,6,900,BFGS,410.8108424043397
14,6,7,900,BFGS,306.0393198083777
14,6,8,900,BFGS,1073.2288344147928
14,6,9,900,BFGS,408.9250227188106
14,6,10,900,BFGS,221.41673202242765
14,6,11,900,BFGS,409.1854502357077
14,6,12,900,BFGS,459.1015840515659
14,6,13,900,BFGS,378.030597477989
14,6,14,900,BFGS,393.3536011453575
14,6,15,900,BFGS,275.34519987731966
14,6,16,900,BFGS,217.79136435737496
14,6,17,900,BFGS,398.4089870985818
14,6,18,900,BFGS,360.9957119020715
14,6,19,900,BFGS,398.9109850735859
14,7,0,900,BFGS,402.76842741678473
14,7,1,900,BFGS,499.26746899962137
14,7,2,900,BFGS,197.97169208706623
14,7,3,900,BFGS,343.60434635018487
14,7,4,900,BFGS,219.2772435084301
14,7,5,900,BFGS,317.5391790979875
14,7,6,900,BFGS,315.4645308230085
14,7,7,900,BFGS,210.71793984138606
14,7,8,900,BFGS,179.07619654559784
14,7,9,900,BFGS,356.895662748128
14,7,10,900,BFGS,293.10162392914947
14,7,11,900,BFGS,269.50754859539427
14,7,12,900,BFGS,296.00910001286326
14,7,13,900,BFGS,263.77742036466645
14,7,14,900,BFGS,386.5628805291301
14,7,15,900,BFGS,246.1424730012543
14,7,16,900,BFGS,229.50815310168065
14,7,17,900,BFGS,244.33981742915037
14,7,18,900,BFGS,153.77746412206574
14,7,19,900,BFGS,213.93288230622156
15,1,0,900,BFGS,15739.724748025787
15,1,1,900,BFGS,16656.5461862299
15,1,2,900,BFGS,31195.67682346666
15,1,3,900,BFGS,20436.278741850692
15,1,4,900,BFGS,47275.657422306205
15,1,5,900,BFGS,23844.91556304803
15,1,6,900,BFGS,22687.599405375437
15,1,7,900,BFGS,21269.308825204673
15,1,8,900,BFGS,18861.219647984108
15,1,9,900,BFGS,19297.832369486656
15,1,10,900,BFGS,13724.08239412764
15,1,11,900,BFGS,21832.91232014002
15,1,12,900,BFGS,22211.458928800286
15,1,13,900,BFGS,12745.202057937278
15,1,14,900,BFGS,19688.827487497845
15,1,15,900,BFGS,13907.894153449752
15,1,16,900,BFGS,19917.224973558325
15,1,17,900,BFGS,29328.17976536532
15,1,18,900,BFGS,15781.931042123879
15,1,19,900,BFGS,14172.411060629469
15,2,0,900,BFGS,18130.224132363237
15,2,1,900,BFGS,21312.08484448887
15,2,2,900,BFGS,9821.755801229647
15,2,3,900,BFGS,14566.762307075944
15,2,4,900,BFGS,9988.119685349273
15,2,5,900,BFGS,12122.734629630208
15,2,6,900,BFGS,23222.4786227864
15,2,7,900,BFGS,15684.972298669285
15,2,8,900,BFGS,16649.72783981104
15,2,9,900,BFGS,12388.877356131527
15,2,10,900,BFGS,11464.661872068345
15,2,11,900,BFGS,11808.442297117956
15,2,12,900,BFGS,12102.868730211354
15,2,13,900,BFGS,17185.62729529605
15,2,14,900,BFGS,13649.872826470897
15,2,15,900,BFGS,16954.411863187426
15,2,16,900,BFGS,13560.563735056332
15,2,17,900,BFGS,16692.39388398971
15,2,18,900,BFGS,12496.86835969698
15,2,19,900,BFGS,12052.327691993045
15,3,0,900,BFGS,15994.379744389664
15,3,1,900,BFGS,11604.995171561313
15,3,2,900,BFGS,12873.959887576053
15,3,3,900,BFGS,13310.842687512479
15,3,4,900,BFGS,9987.953570616672
15,3,5,900,BFGS,7647.399415871611
15,3,6,900,BFGS,9589.707611221414
15,3,7,900,BFGS,12735.519776695954
15,3,8,900,BFGS,16705.05892194364
15,3,9,900,BFGS,14353.523465324783
15,3,10,900,BFGS,9206.593637576716
15,3,11,900,BFGS,15654.479062280101
15,3,12,900,BFGS,15557.601995604768
15,3,13,900,BFGS,12997.407507773667
15,3,14,900,BFGS,15266.712806936584
15,3,15,900,BFGS,15982.338448577488
15,3,16,900,BFGS,15344.535334175835
15,3,17,900,BFGS,21405.29358077645
15,3,18,900,BFGS,17191.75612236367
15,3,19,900,BFGS,16893.412151621127
15,4,0,900,BFGS,13514.97332973708
15,4,1,900,BFGS,8742.239343366637
15,4,2,900,BFGS,8671.565759699992
15,4,3,900,BFGS,19889.587360628604
15,4,4,900,BFGS,12510.46060386387
15,4,5,900,BFGS,11788.60692401625
15,4,6,900,BFGS,16514.00156339314
15,4,7,900,BFGS,13860.089617064952
15,4,8,900,BFGS,23879.196580202268
15,4,9,900,BFGS,17271.2523757918
15,4,10,900,BFGS,31818.15317622338
15,4,11,900,BFGS,11054.838061107217
15,4,12,900,BFGS,22530.909958732653
15,4,13,900,BFGS,15167.31475982337
15,4,14,900,BFGS,12662.44200085159
15,4,15,900,BFGS,15343.942362901984
15,4,16,900,BFGS,12325.094006126285
15,4,17,900,BFGS,15102.84096677078
15,4,18,900,BFGS,12560.253538917977
15,4,19,900,BFGS,13698.963862134562
15,5,0,900,BFGS,14246.343518465374
15,5,1,900,BFGS,16822.993635376748
15,5,2,900,BFGS,14718.894288825886
15,5,3,900,BFGS,19778.314516464252
15,5,4,900,BFGS,10891.383348114205
15,5,5,900,BFGS,17245.393136020783
15,5,6,900,BFGS,28263.89855871231
15,5,7,900,BFGS,18542.48486794591
15,5,8,900,BFGS,14442.486372956066
15,5,9,900,BFGS,7246.772388756221
15,5,10,900,BFGS,19054.866221679997
15,5,11,900,BFGS,11097.738286568834
15,5,12,900,BFGS,16680.743784404764
15,5,13,900,BFGS,13080.796836726522
15,5,14,900,BFGS,15834.035246761472
15,5,15,900,BFGS,12359.696783915313
15,5,16,900,BFGS,14132.460677713363
15,5,17,900,BFGS,13813.27621349466
15,5,18,900,BFGS,20242.36668166377
15,5,19,900,BFGS,17933.946091369584
15,6,0,900,BFGS,23091.12778931553
15,6,1,900,BFGS,13578.817363988182
15,6,2,900,BFGS,15174.0706234202
15,6,3,900,BFGS,17947.385329555473
15,6,4,900,BFGS,23605.337041797426
15,6,5,900,BFGS,12292.373475195935
15,6,6,900,BFGS,15164.633715560654
15,6,7,900,BFGS,16627.88679412707
15,6,8,900,BFGS,13322.861753561348
15,6,9,900,BFGS,14678.500366183773
15,6,10,900,BFGS,15066.409468581262
15,6,11,900,BFGS,17021.51253411341
15,6,12,900,BFGS,25679.982005553575
15,6,13,900,BFGS,11563.291574084395
15,6,14,900,BFGS,30431.828197888142
15,6,15,900,BFGS,10674.771560839523
15,6,16,900,BFGS,14035.37700141656
15,6,17,900,BFGS,15513.62133528569
15,6,18,900,BFGS,12966.70116668379
15,6,19,900,BFGS,15488.963668332173
15,7,0,900,BFGS,12876.215492415817
15,7,1,900,BFGS,36148.22006345982
15,7,2,900,BFGS,14190.908048963545
15,7,3,900,BFGS,14677.173188385434
15,7,4,900,BFGS,10847.089882058981
15,7,5,900,BFGS,15422.188488032925
15,7,6,900,BFGS,20746.012990245054
15,7,7,900,BFGS,26175.491902640664
15,7,8,900,BFGS,19850.844308560594
15,7,9,900,BFGS,11996.264101139031
15,7,10,900,BFGS,16885.709757753626
15,7,11,900,BFGS,12774.49430139977
15,7,12,900,BFGS,30237.110488335376
15,7,13,900,BFGS,16393.909100918037
15,7,14,900,BFGS,15544.76564075421
15,7,15,900,BFGS,10682.262640688357
15,7,16,900,BFGS,14771.851166155624
15,7,17,900,BFGS,16081.541566127797
15,7,18,900,BFGS,17659.77270551518
15,7,19,900,BFGS,21168.65125608523
16,1,0,900,BFGS,8798.84002680798
16,1,1,900,BFGS,5185.4458570575935
16,1,2,900,BFGS,6671.472823353342
16,1,3,900,BFGS,4763.048285551495
16,1,4,900,BFGS,3244.184605425995
16,1,5,900,BFGS,1258.8265351189232
16,1,6,900,BFGS,3639.836932340032
16,1,7,900,BFGS,2874.9925919998136
16,1,8,900,BFGS,5275.619057953283
16,1,9,900,BFGS,9419.49662945476
16,1,10,900,BFGS,4268.572101581882
16,1,11,900,BFGS,8374.545807520997
16,1,12,900,BFGS,3370.2090461179573
16,1,13,900,BFGS,9089.882461934842
16,1,14,900,BFGS,3190.9079328245184
16,1,15,900,BFGS,6130.006037829168
16,1,16,900,BFGS,4886.6523275752625
16,1,17,900,BFGS,3347.7351212966005
16,1,18,900,BFGS,4246.091175899172
16,1,19,900,BFGS,5025.2048627343565
16,2,0,900,BFGS,3134.772707490027
16,2,1,900,BFGS,4351.817814379483
16,2,2,900,BFGS,1240.8179636566397
16,2,3,900,BFGS,3911.6476176965616
16,2,4,900,BFGS,5947.240961328479
16,2,5,900,BFGS,8493.098417529269
16,2,6,900,BFGS,2141.1755652325746
16,2,7,900,BFGS,4941.962767878655
16,2,8,900,BFGS,6433.465046581444
16,2,9,900,BFGS,3246.722757433529
16,2,10,900,BFGS,2025.3845359031925
16,2,11,900,BFGS,8875.979309955002
16,2,12,900,BFGS,4995.352700564914
16,2,13,900,BFGS,4594.212240809559
16,2,14,900,BFGS,3347.514353118159
16,2,15,900,BFGS,4284.959974143166
16,2,16,900,BFGS,3949.0473059747455
16,2,17,900,BFGS,6261.622734466853
16,2,18,900,BFGS,9268.665577327374
16,2,19,900,BFGS,3689.1411187870194
16,3,0,900,BFGS,3416.767715538923
16,3,1,900,BFGS,4221.423596430635
16,3,2,900,BFGS,7159.202067125508
16,3,3,900,BFGS,4596.027076630665
16,3,4,900,BFGS,3510.4926176720533
16,3,5,900,BFGS,4849.383185094929
16,3,6,900,BFGS,7829.9007403115265
16,3,7,900,BFGS,6048.992935560827
16,3,8,900,BFGS,4064.7299023791024
16,3,9,900,BFGS,5297.058867468934
16,3,10,900,BFGS,3161.0730421714525
16,3,11,900,BFGS,6220.962956034629
16,3,12,900,BFGS,5257.764094703071
16,3,13,900,BFGS,6241.030254753046
16,3,14,900,BFGS,6687.4039289619295
16,3,15,900,BFGS,6476.824347857397
16,3,16,900,BFGS,4257.071062599685
16,3,17,900,BFGS,5009.069916778779
16,3,18,900,BFGS,5404.4822350152435
16,3,19,900,BFGS,3924.0881842107046
16,4,0,900,BFGS,4215.292226826097
16,4,1,900,BFGS,5677.259361330431
16,4,2,900,BFGS,6190.467452539152
16,4,3,900,BFGS,2841.959109748177
16,4,4,900,BFGS,3350.421928196107
16,4,5,900,BFGS,4842.223944043957
16,4,6,900,BFGS,8546.077590340396
16,4,7,900,BFGS,2742.938008279965
16,4,8,900,BFGS,7948.72642379669
16,4,9,900,BFGS,5642.5731028719265
16,4,10,900,BFGS,2433.788673038882
16,4,11,900,BFGS,5261.530294809695
16,4,12,900,BFGS,4287.2002480528145
16,4,13,900,BFGS,2565.5217121447245
16,4,14,900,BFGS,9384.94132470949
16,4,15,900,BFGS,5457.179301271353
16,4,16,900,BFGS,4432.325620632561
16,4,17,900,BFGS,7258.155746991248
16,4,18,900,BFGS,5535.071453270666
16,4,19,900,BFGS,7069.448472168002
16,5,0,900,BFGS,4923.638359297359
16,5,1,900,BFGS,7373.59653537125
16,5,2,900,BFGS,2814.3419046829904
16,5,3,900,BFGS,4238.770654606559
16,5,4,900,BFGS,6438.3522819438285
16,5,5,900,BFGS,5688.279571062213
16,5,6,900,BFGS,8230.871872580392
16,5,7,900,BFGS,4327.026336574944
16,5,8,900,BFGS,4825.668164704771
16,5,9,900,BFGS,1423.3197224962205
16,5,10,900,BFGS,4466.806043073885
16,5,11,900,BFGS,6679.819104225036
16,5,12,900,BFGS,6443.603533960413
16,5,13,900,BFGS,3945.9519477004073
16,5,14,900,BFGS,3755.558056683233
16,5,15,900,BFGS,6386.130952783488
16,5,16,900,BFGS,6044.965386181606
16,5,17,900,BFGS,5844.907184211414
16,5,18,900,BFGS,4430.930706814272
16,5,19,900,BFGS,4315.158614598007
16,6,0,900,BFGS,8207.973017457309
16,6,1,900,BFGS,5748.998373320426
16,6,2,900,BFGS,5028.783845016057
16,6,3,900,BFGS,9920.661135880266
16,6,4,900,BFGS,8179.446844782201
16,6,5,900,BFGS,5483.935313957067
16,6,6,900,BFGS,4081.4604877764828
16,6,7,900,BFGS,2804.35728480101
16,6,8,900,BFGS,2421.695162629339
16,6,9,900,BFGS,4983.611092747842
16,6,10,900,BFGS,5602.740920043593
16,6,11,900,BFGS,2427.034375085827
16,6,12,900,BFGS,5645.130942256349
16,6,13,900,BFGS,2518.0304382189715
16,6,14,900,BFGS,5407.795532648362
16,6,15,900,BFGS,8059.923289267657
16,6,16,900,BFGS,5234.502805363486
16,6,17,900,BFGS,4797.119346364427
16,6,18,900,BFGS,5621.489778505343
16,6,19,900,BFGS,3729.873399018212
16,7,0,900,BFGS,2380.9575164199214
16,7,1,900,BFGS,4042.5865925613084
16,7,2,900,BFGS,2985.7634198704463
16,7,3,900,BFGS,3842.6658009883968
16,7,4,900,BFGS,2391.313975829679
16,7,5,900,BFGS,2809.193277848711
16,7,6,900,BFGS,2844.805668068246
16,7,7,900,BFGS,3243.4115302591135
16,7,8,900,BFGS,2512.5392476857273
16,7,9,900,BFGS,5355.477110481443
16,7,10,900,BFGS,2767.4272873446084
16,7,11,900,BFGS,4124.071331740799
16,7,12,900,BFGS,4011.8584981025324
16,7,13,900,BFGS,4301.260225849635
16,7,14,900,BFGS,3150.8981672231102
16,7,15,900,BFGS,6793.186386067227
16,7,16,900,BFGS,3555.033474817397
16,7,17,900,BFGS,3987.2631804559264
16,7,18,900,BFGS,2926.0081592417923
16,7,19,900,BFGS,1697.7558583845007
17,1,0,900,BFGS,564.1772908163659
17,1,1,900,BFGS,862.5877502935622
17,1,2,900,BFGS,564.5037638777408
17,1,3,900,BFGS,869.7863815231683
17,1,4,900,BFGS,452.94791080741686
17,1,5,900,BFGS,423.6957362642553
17,1,6,900,BFGS,556.387010794567
17,1,7,900,BFGS,622.7098705369821
17,1,8,900,BFGS,511.63974362919487
17,1,9,900,BFGS,1173.297971097766
17,1,10,900,BFGS,504.1420933935764
17,1,11,900,BFGS,609.3404239533521
17,1,12,900,BFGS,1285.3332632538572
17,1,13,900,BFGS,500.6766817965885
17,1,14,900,BFGS,757.4596071091779
17,1,15,900,BFGS,820.6510923889266
17,1,16,900,BFGS,368.99825690830636
17,1,17,900,BFGS,365.8841864705182
17,1,18,900,BFGS,588.5179308599199
17,1,19,900,BFGS,557.067577083948
17,2,0,900,BFGS,356.83787781028866
17,2,1,900,BFGS,365.49222482636844
17,2,2,900,BFGS,485.042080154505
17,2,3,900,BFGS,512.6270961223481
17,2,4,900,BFGS,304.86842220064045
17,2,5,900,BFGS,460.2389992525054
17,2,6,900,BFGS,324.22231167885303
17,2,7,900,BFGS,660.1289419190105
17,2,8,900,BFGS,425.141166799519
17,2,9,900,BFGS,335.77182546983767
17,2,10,900,BFGS,241.50621514566453
17,2,11,900,BFGS,326.51516432750606
17,2,12,900,BFGS,388.02288906559085
17,2,13,900,BFGS,285.88978805358846
17,2,14,900,BFGS,486.97883667583596
17,2,15,900,BFGS,549.2785875799082
17,2,16,900,BFGS,1528.7804443730183
17,2,17,900,BFGS,403.83875151958375
17,2,18,900,BFGS,277.5665115625828
17,2,19,900,BFGS,375.91474737008616
17,3,0,900,BFGS,615.8325769306841
17,3,1,900,BFGS,808.33584524711
17,3,2,900,BFGS,469.6076302132619
17,3,3,900,BFGS,455.46727258662423
17,3,4,900,BFGS,551.1509548932697
17,3,5,900,BFGS,605.1401979692189
17,3,6,900,BFGS,452.50228141432194
17,3,7,900,BFGS,1490.4113504745474
17,3,8,900,BFGS,1706.388716938229
17,3,9,900,BFGS,587.1102768434922
17,3,10,900,BFGS,663.6159464429488
17,3,11,900,BFGS,943.1106723653137
17,3,12,900,BFGS,1758.427363253617
17,3,13,900,BFGS,544.3193797059733
17,3,14,900,BFGS,1486.3224808980958
17,3,15,900,BFGS,716.9329166838414
17,3,16,900,BFGS,1221.8149866018066
17,3,17,900,BFGS,1240.5666512478087
17,3,18,900,BFGS,695.0353571021793
17,3,19,900,BFGS,572.8384021338733
17,4,0,900,BFGS,1320.710094449297
17,4,1,900,BFGS,687.4735130369437
17,4,2,900,BFGS,1179.1668993443388
17,4,3,900,BFGS,455.18514062011855
17,4,4,900,BFGS,538.075281161942
17,4,5,900,BFGS,984.1436576711972
17,4,6,900,BFGS,567.9854886477817
17,4,7,900,BFGS,1067.797503252214
17,4,8,900,BFGS,488.0639178919529
17,4,9,900,BFGS,1026.1688731189258
17,4,10,900,BFGS,934.2383757579346
17,4,11,900,BFGS,712.8854618577197
17,4,12,900,BFGS,924.9105793369984
17,4,13,900,BFGS,501.4700776628711
17,4,14,900,BFGS,694.5892535886068
17,4,15,900,BFGS,643.9388176422294
17,4,16,900,BFGS,1198.0062451576591
17,4,17,900,BFGS,666.0652596129586
17,4,18,900,BFGS,1688.914442717992
17,4,19,900,BFGS,504.22754734670525
17,5,0,900,BFGS,588.9895960908885
17,5,1,900,BFGS,542.0059915530977
17,5,2,900,BFGS,1217.7565150765377
17,5,3,900,BFGS,944.6867644580684
17,5,4,900,BFGS,338.4995930537341
17,5,5,900,BFGS,631.8854568349049
17,5,6,900,BFGS,449.3155544270717
17,5,7,900,BFGS,391.63097188023386
17,5,8,900,BFGS,457.7995530130561
17,5,9,900,BFGS,471.33695981075823
17,5,10,900,BFGS,1911.5498827889817
17,5,11,900,BFGS,687.5802639946464
17,5,12,900,BFGS,500.96602243935956
17,5,13,900,BFGS,491.22677932670257
17,5,14,900,BFGS,728.6720912195702
17,5,15,900,BFGS,598.6396035323531
17,5,16,900,BFGS,458.01480846479336
17,5,17,900,BFGS,517.9795802347307
17,5,18,900,BFGS,469.7864970700459
17,5,19,900,BFGS,516.9703328315431
17,6,0,900,BFGS,634.7265875622415
17,6,1,900,BFGS,353.21276017377664
17,6,2,900,BFGS,486.43884343381467
17,6,3,900,BFGS,585.9728506571711
17,6,4,900,BFGS,509.57753982722375
17,6,5,900,BFGS,367.65687865174453
17,6,6,900,BFGS,1097.9046661372913
17,6,7,900,BFGS,707.2777340351543
17,6,8,900,BFGS,617.1018193863417
17,6,9,900,BFGS,1196.931274553451
17,6,10,900,BFGS,521.8227464816838
17,6,11,900,BFGS,381.28736666578897
17,6,12,900,BFGS,722.2844522611084
17,6,13,900,BFGS,376.90114090127673
17,6,14,900,BFGS,510.3478399718299
17,6,15,900,BFGS,319.214866943053
17,6,16,900,BFGS,870.0016790452844
17,6,17,900,BFGS,551.6782095878366
17,6,18,900,BFGS,677.5438049091591
17,6,19,900,BFGS,364.8864052242682
17,7,0,900,BFGS,802.7692871344913
17,7,1,900,BFGS,591.4842226623489
17,7,2,900,BFGS,580.0935521535527
17,7,3,900,BFGS,663.3774733172532
17,7,4,900,BFGS,630.4381609821696
17,7,5,900,BFGS,596.9746559257189
17,7,6,900,BFGS,533.9841991464036
17,7,7,900,BFGS,979.9438684280691
17,7,8,900,BFGS,805.8452308988458
17,7,9,900,BFGS,515.2701988013492
17,7,10,900,BFGS,763.5917326838029
17,7,11,900,BFGS,713.9400760668436
17,7,12,900,BFGS,473.4257007876183
17,7,13,900,BFGS,394.8949318025914
17,7,14,900,BFGS,796.4722425483417
17,7,15,900,BFGS,663.3422929802935
17,7,16,900,BFGS,713.5897494812918
17,7,17,900,BFGS,638.3184692702938
17,7,18,900,BFGS,815.6538878179441
17,7,19,900,BFGS,666.5606806097043
18,1,0,900,BFGS,3046.8670301670936
18,1,1,900,BFGS,2112.329689105803
18,1,2,900,BFGS,1600.2982679901534
18,1,3,900,BFGS,2664.32308991848
18,1,4,900,BFGS,1878.735748459854
18,1,5,900,BFGS,2691.1474577580757
18,1,6,900,BFGS,5196.494011026508
18,1,7,900,BFGS,2320.197705047622
18,1,8,900,BFGS,2225.4292814213118
18,1,9,900,BFGS,2858.395235458433
18,1,10,900,BFGS,1720.5146927437995
18,1,11,900,BFGS,2749.975129934889
18,1,12,900,BFGS,4745.409044706424
18,1,13,900,BFGS,3089.1266441463313
18,1,14,900,BFGS,3796.6583821180893
18,1,15,900,BFGS,2230.4451290014367
18,1,16,900,BFGS,7779.531338585025
18,1,17,900,BFGS,1735.4939717738662
18,1,18,900,BFGS,2120.34519580345
18,1,19,900,BFGS,3343.4422706747728
18,2,0,900,BFGS,1338.2972917811148
18,2,1,900,BFGS,1448.4744048425282
18,2,2,900,BFGS,1502.3495443140678
18,2,3,900,BFGS,2035.3548069916171
18,2,4,900,BFGS,2675.1769398812585
18,2,5,900,BFGS,2055.3273105379303
18,2,6,900,BFGS,1884.4747814129737
18,2,7,900,BFGS,1491.841540558769
18,2,8,900,BFGS,2419.5734177419536
18,2,9,900,BFGS,1279.5099885691418
18,2,10,900,BFGS,1060.3723233027058
18,2,11,900,BFGS,1749.9649492074304
18,2,12,900,BFGS,1690.668383963926
18,2,13,900,BFGS,1754.7349477904816
18,2,14,900,BFGS,2737.1341201286255
18,2,15,900,BFGS,879.4154533027483
18,2,16,900,BFGS,1738.3965848580135
18,2,17,900,BFGS,1656.5934662225532
18,2,18,900,BFGS,1170.1902813554645
18,2,19,900,BFGS,1041.0283705921695
18,3,0,900,BFGS,2860.3549048851073
18,3,1,900,BFGS,2204.532509544706
18,3,2,900,BFGS,4255.306602085802
18,3,3,900,BFGS,5050.660374852616
18,3,4,900,BFGS,2703.4258901656012
18,3,5,900,BFGS,5051.370962970054
18,3,6,900,BFGS,2623.23500835201
18,3,7,900,BFGS,3844.5676281105843
18,3,8,900,BFGS,3031.9161625646734
18,3,9,900,BFGS,1775.897700863848
18,3,10,900,BFGS,2710.2614428762517
18,3,11,900,BFGS,2678.159186489325
18,3,12,900,BFGS,3063.218029759824
18,3,13,900,BFGS,2338.2783777334025
18,3,14,900,BFGS,2841.165825561837
18,3,15,900,BFGS,2883.7099078899337
18,3,16,900,BFGS,2730.342157545442
18,3,17,900,BFGS,3131.5256762150657
18,3,18,900,BFGS,3209.711682356174
18,3,19,900,BFGS,1971.9509656272344
18,4,0,900,BFGS,4428.339267640949
18,4,1,900,BFGS,3901.8100331578853
18,4,2,900,BFGS,4289.083649934767
18,4,3,900,BFGS,2640.6962826636723
18,4,4,900,BFGS,11445.514588533817
18,4,5,900,BFGS,3675.7168184767593
18,4,6,900,BFGS,2059.362520367979
18,4,7,900,BFGS,1965.8270830326828
18,4,8,900,BFGS,4145.627915882416
18,4,9,900,BFGS,2551.455305878821
18,4,10,900,BFGS,1944.560307452587
18,4,11,900,BFGS,2085.1945423717893
18,4,12,900,BFGS,4109.56618266435
18,4,13,900,BFGS,2163.405865818245
18,4,14,900,BFGS,2272.878397995451
18,4,15,900,BFGS,2201.755261398426
18,4,16,900,BFGS,6377.214538974328
18,4,17,900,BFGS,2863.1102221949063
18,4,18,900,BFGS,4299.241913221896
18,4,19,900,BFGS,2027.5136552648653
18,5,0,900,BFGS,4998.361708833452
18,5,1,900,BFGS,1892.5054818850128
18,5,2,900,BFGS,2258.7447211400095
18,5,3,900,BFGS,2211.6923297820995
18,5,4,900,BFGS,1127.6656855461063
18,5,5,900,BFGS,2174.1552618071573
18,5,6,900,BFGS,1955.5562892422631
18,5,7,900,BFGS,1826.284751376864
18,5,8,900,BFGS,2647.152302585458
18,5,9,900,BFGS,2819.8158570974774
18,5,10,900,BFGS,3197.4784653175766
18,5,11,900,BFGS,6462.69661785951
18,5,12,900,BFGS,2293.8592434429743
18,5,13,900,BFGS,2895.4323877810994
18,5,14,900,BFGS,2253.3256122657285
18,5,15,900,BFGS,2361.1049424561616
18,5,16,900,BFGS,2594.349554824457
18,5,17,900,BFGS,3578.6416038429775
18,5,18,900,BFGS,1291.2358918469315
18,5,19,900,BFGS,2940.1298680331165
18,6,0,900,BFGS,3371.426024786174
18,6,1,900,BFGS,3767.874733650413
18,6,2,900,BFGS,2227.890742635382
18,6,3,900,BFGS,1655.8943322654156
18,6,4,900,BFGS,2952.7426318023067
18,6,5,900,BFGS,2191.5373456324246
18,6,6,900,BFGS,1928.439371149113
18,6,7,900,BFGS,1681.5743616737457
18,6,8,900,BFGS,1801.1298196953219
18,6,9,900,BFGS,2582.00098310965
18,6,10,900,BFGS,1726.3567983175953
18,6,11,900,BFGS,1447.0425962748075
18,6,12,900,BFGS,3609.6886246628997
18,6,13,900,BFGS,2402.5947386836137
18,6,14,900,BFGS,2747.7208775047698
18,6,15,900,BFGS,3018.397752177815
18,6,16,900,BFGS,2148.6510635280524
18,6,17,900,BFGS,1688.0486576121912
18,6,18,900,BFGS,2202.7444009704586
18,6,19,900,BFGS,1833.3719796021446
18,7,0,900,BFGS,2320.78273314498
18,7,1,900,BFGS,3703.941164494301
18,7,2,900,BFGS,2801.019857167531
18,7,3,900,BFGS,2460.6327071971787
18,7,4,900,BFGS,2938.2016447577535
18,7,5,900,BFGS,3095.820794538841
18,7,6,900,BFGS,3382.6085584749194
18,7,7,900,BFGS,2247.4082848209227
18,7,8,900,BFGS,3889.4939732567454
18,7,9,900,BFGS,1839.9828534380547
18,7,10,900,BFGS,1704.5757123205067
18,7,11,900,BFGS,3069.4682390462194
18,7,12,900,BFGS,2017.5306742581026
18,7,13,900,BFGS,4098.656243733293
18,7,14,900,BFGS,4994.460360368341
18,7,15,900,BFGS,2535.42635517099
18,7,16,900,BFGS,2472.5576682344263
18,7,17,900,BFGS,2286.608692286166
18,7,18,900,BFGS,2570.0562398590114
18,7,19,900,BFGS,3476.9150553886825
19,1,0,900,BFGS,3153.530202855063
19,1,1,900,BFGS,1989.44256270861
19,1,2,900,BFGS,1317.0773552879077
19,1,3,900,BFGS,1479.6290784600437
19,1,4,900,BFGS,2415.7951109878377
19,1,5,900,BFGS,1109.2454768157556
19,1,6,900,BFGS,2147.1084393717106
19,1,7,900,BFGS,1295.4205763949149
19,1,8,900,BFGS,1710.667313541779
19,1,9,900,BFGS,2321.4001364586165
19,1,10,900,BFGS,967.0498048277318
19,1,11,900,BFGS,2283.729229217434
19,1,12,900,BFGS,1389.6919548085498
19,1,13,900,BFGS,1117.3611155598264
19,1,14,900,BFGS,2158.070312944593
19,1,15,900,BFGS,1320.7404881455577
19,1,16,900,BFGS,1030.4530213657854
19,1,17,900,BFGS,2018.9735865129264
19,1,18,900,BFGS,1157.8184665878907
19,1,19,900,BFGS,1399.2878931518305
19,2,0,900,BFGS,2375.953664887299
19,2,1,900,BFGS,1639.5027725190291
19,2,2,900,BFGS,1315.881696233191
19,2,3,900,BFGS,2178.75126404644
19,2,4,900,BFGS,2058.579292919434
19,2,5,900,BFGS,2182.2775222937416
19,2,6,900,BFGS,1330.5915482671553
19,2,7,900,BFGS,2094.2495810390483
19,2,8,900,BFGS,925.0244568722005
19,2,9,900,BFGS,1690.3688941566916
19,2,10,900,BFGS,1689.878791164227
19,2,11,900,BFGS,1591.9674849137277
19,2,12,900,BFGS,1585.7470449091666
19,2,13,900,BFGS,1847.6925827937791
19,2,14,900,BFGS,2585.461247395696
19,2,15,900,BFGS,2246.148155040172
19,2,16,900,BFGS,1777.5511010281325
19,2,17,900,BFGS,981.1994518945867
19,2,18,900,BFGS,1889.121047524454
19,2,19,900,BFGS,887.7035858467171
19,3,0,900,BFGS,2335.5080355755636
19,3,1,900,BFGS,3034.780998323606
19,3,2,900,BFGS,1819.0569788475987
19,3,3,900,BFGS,1866.9347208282834
19,3,4,900,BFGS,1417.9594451815083
19,3,5,900,BFGS,1675.2782533788927
19,3,6,900,BFGS,1682.5478599823982
19,3,7,900,BFGS,1716.855877185571
19,3,8,900,BFGS,1065.0462617826727
19,3,9,900,BFGS,798.3480869183264
19,3,10,900,BFGS,1587.79545664668
19,3,11,900,BFGS,1947.3147740897368
19,3,12,900,BFGS,668.5256854662963
19,3,13,900,BFGS,1331.6374459230617
19,3,14,900,BFGS,1833.3649921580684
19,3,15,900,BFGS,1510.4311199292683
19,3,16,900,BFGS,1346.912709576694
19,3,17,900,BFGS,1485.34806911577
19,3,18,900,BFGS,2547.4218582055873
19,3,19,900,BFGS,2439.1848444004513
19,4,0,900,BFGS,768.3955600627892
19,4,1,900,BFGS,2911.457560931324
19,4,2,900,BFGS,1405.4501023031926
19,4,3,900,BFGS,1725.9870039945731
19,4,4,900,BFGS,1577.8203733988303
19,4,5,900,BFGS,1742.2380262394963
19,4,6,900,BFGS,1531.262878945679
19,4,7,900,BFGS,1166.6659291186124
19,4,8,900,BFGS,2385.6990306527214
19,4,9,900,BFGS,1350.1757548719831
19,4,10,900,BFGS,1512.2327149761322
19,4,11,900,BFGS,2078.266995979495
19,4,12,900,BFGS,562.552214845286
19,4,13,900,BFGS,1662.372898526113
19,4,14,900,BFGS,1848.7505121358713
19,4,15,900,BFGS,1313.8637903200497
19,4,16,900,BFGS,1388.5567966262338
19,4,17,900,BFGS,2204.392908844677
19,4,18,900,BFGS,1468.8854475013086
19,4,19,900,BFGS,1696.0652663941496
19,5,0,900,BFGS,1346.7631940786537
19,5,1,900,BFGS,1342.7008034953437
19,5,2,900,BFGS,1900.3812523912243
19,5,3,900,BFGS,1835.347021395477
19,5,4,900,BFGS,1686.0302110790408
19,5,5,900,BFGS,2320.3870564556537
19,5,6,900,BFGS,1576.7811248488185
19,5,7,900,BFGS,1874.4651976878135
19,5,8,900,BFGS,1540.2738973189842
19,5,9,900,BFGS,1555.1602845622474
19,5,10,900,BFGS,2330.9268673150286
19,5,11,900,BFGS,2275.7112216242876
19,5,12,900,BFGS,2216.288429264435
19,5,13,900,BFGS,1906.8963191689732
19,5,14,900,BFGS,1724.1547074360233
19,5,15,900,BFGS,1478.9637016534357
19,5,16,900,BFGS,1780.5223144591591
19,5,17,900,BFGS,2249.3240187435704
19,5,18,900,BFGS,1661.1146146795982
19,5,19,900,BFGS,1821.4217857032074
19,6,0,900,BFGS,1728.8021352661433
19,6,1,900,BFGS,2275.9981277315856
19,6,2,900,BFGS,2462.8655550226185
19,6,3,900,BFGS,2130.4096686094435
19,6,4,900,BFGS,1822.3740733136249
19,6,5,900,BFGS,3299.4234029415065
19,6,6,900,BFGS,3389.6892479823573
19,6,7,900,BFGS,1675.4068325013998
19,6,8,900,BFGS,2273.076900305554
19,6,9,900,BFGS,2383.1342018219984
19,6,10,900,BFGS,2008.1538823726846
19,6,11,900,BFGS,2129.4888907297263
19,6,12,900,BFGS,1057.5196802695264
19,6,13,900,BFGS,1166.2093006548462
19,6,14,900,BFGS,1987.2861242835481
19,6,15,900,BFGS,1604.1552539087115
19,6,16,900,BFGS,3037.584542185674
19,6,17,900,BFGS,2240.5060764603595
19,6,18,900,BFGS,2487.963794355772
19,6,19,900,BFGS,1684.1101356532981
19,7,0,900,BFGS,1737.7541165220227
19,7,1,900,BFGS,2309.6309153499355
19,7,2,900,BFGS,1036.3027313859225
19,7,3,900,BFGS,2055.3608410848274
19,7,4,900,BFGS,940.3103300503797
19,7,5,900,BFGS,2492.1244651198426
19,7,6,900,BFGS,1584.8615361303691
19,7,7,900,BFGS,1494.0292345647513
19,7,8,900,BFGS,1601.4530678805575
19,7,9,900,BFGS,1444.694918857033
19,7,10,900,BFGS,1169.42306826542
19,7,11,900,BFGS,1676.4957276144244
19,7,12,900,BFGS,2441.5916799105466
19,7,13,900,BFGS,1521.599605859236
19,7,14,900,BFGS,1568.5550999493264
19,7,15,900,BFGS,1631.09054589194
19,7,16,900,BFGS,1770.2563669778197
19,7,17,900,BFGS,1183.8037445564382
19,7,18,900,BFGS,1995.84631274466
19,7,19,900,BFGS,2362.291073985677
20,1,0,900,BFGS,42260.25928246125
20,1,1,900,BFGS,39855.24244406059
20,1,2,900,BFGS,145045.5811904568
20,1,3,900,BFGS,76081.57323564436
20,1,4,900,BFGS,156601.63795095732
20,1,5,900,BFGS,54337.42167534364
20,1,6,900,BFGS,214374.69680435953
20,1,7,900,BFGS,124749.77811838861
20,1,8,900,BFGS,148725.16681595423
20,1,9,900,BFGS,111515.1823360683
20,1,10,900,BFGS,52016.354990302854
20,1,11,900,BFGS,83143.69852401593
20,1,12,900,BFGS,16073.8868115078
20,1,13,900,BFGS,19054.205572703802
20,1,14,900,BFGS,109239.88847577399
20,1,15,900,BFGS,10366.219489696548
20,1,16,900,BFGS,64418.500894497796
20,1,17,900,BFGS,77985.81837457452
20,1,18,900,BFGS,64120.64063526125
20,1,19,900,BFGS,38439.664299271244
20,2,0,900,BFGS,170609.7927879031
20,2,1,900,BFGS,57313.40551901933
20,2,2,900,BFGS,12297.90586446794
20,2,3,900,BFGS,10600.32212511977
20,2,4,900,BFGS,77590.452491928
20,2,5,900,BFGS,66369.15043530028
20,2,6,900,BFGS,274652.3670588808
20,2,7,900,BFGS,37814.612606594164
20,2,8,900,BFGS,58018.54466719744
20,2,9,900,BFGS,17370.45436571299
20,2,10,900,BFGS,79221.17197856192
20,2,11,900,BFGS,39616.169779276024
20,2,12,900,BFGS,86513.48805511567
20,2,13,900,BFGS,168335.71634711206
20,2,14,900,BFGS,57371.92527481599
20,2,15,900,BFGS,23417.564903000664
20,2,16,900,BFGS,8227.996654928995
20,2,17,900,BFGS,61624.39541683284
20,2,18,900,BFGS,18502.03397439705
20,2,19,900,BFGS,2160.3395195893736
20,3,0,900,BFGS,20536.635277427744
20,3,1,900,BFGS,49429.32879434439
20,3,2,900,BFGS,251819.6030870634
20,3,3,900,BFGS,99671.37333912762
20,3,4,900,BFGS,67143.48768922305
20,3,5,900,BFGS,60784.11559589612
20,3,6,900,BFGS,114968.43507930147
20,3,7,900,BFGS,133564.52584409557
20,3,8,900,BFGS,175190.264939942
20,3,9,900,BFGS,52979.25467727729
20,3,10,900,BFGS,35248.105371734186
20,3,11,900,BFGS,164122.29814548645
20,3,12,900,BFGS,204113.41510510328
20,3,13,900,BFGS,2887.7254045775226
20,3,14,900,BFGS,144641.3773452076
20,3,15,900,BFGS,94716.0294811345
20,3,16,900,BFGS,93922.33421393704
20,3,17,900,BFGS,38046.71518614039
20,3,18,900,BFGS,31941.499036818783
20,3,19,900,BFGS,95609.48663984986
20,4,0,900,BFGS,220352.04631221163
20,4,1,900,BFGS,55335.541467925264
20,4,2,900,BFGS,12949.769492131014
20,4,3,900,BFGS,11003.895179457342
20,4,4,900,BFGS,69778.51683067768
20,4,5,900,BFGS,43439.0834990517
20,4,6,900,BFGS,219821.91750278254
20,4,7,900,BFGS,37253.103365347924
20,4,8,900,BFGS,61635.40962195281
20,4,9,900,BFGS,3837.422669339367
20,4,10,900,BFGS,58949.94014905468
20,4,11,900,BFGS,39676.82773682696
20,4,12,900,BFGS,85630.84975774067
20,4,13,900,BFGS,206378.94917787466
20,4,14,900,BFGS,77450.97616452347
20,4,15,900,BFGS,10837.890305548706
20,4,16,900,BFGS,2681.811114800422
20,4,17,900,BFGS,65719.9059862175
20,4,18,900,BFGS,42097.858980915735
20,4,19,900,BFGS,2270.7675072934535
20,5,0,900,BFGS,126565.48344521146
20,5,1,900,BFGS,127238.60607539762
20,5,2,900,BFGS,99486.92326787443
20,5,3,900,BFGS,37782.94341941776
20,5,4,900,BFGS,2681.510113353226
20,5,5,900,BFGS,35221.82605454417
20,5,6,900,BFGS,54017.85061347931
20,5,7,900,BFGS,5532.806916291855
20,5,8,900,BFGS,75519.9496338641
20,5,9,900,BFGS,13411.544710118034
20,5,10,900,BFGS,21972.383996755616
20,5,11,900,BFGS,49411.22526362823
20,5,12,900,BFGS,317701.09440742276
20,5,13,900,BFGS,89473.3209485045
20,5,14,900,BFGS,34706.65305573109
20,5,15,900,BFGS,37205.633320350804
20,5,16,900,BFGS,4421.138633347962
20,5,17,900,BFGS,43450.044367085284
20,5,18,900,BFGS,84764.17840412266
20,5,19,900,BFGS,51394.14251213433
20,6,0,900,BFGS,53296.90066552762
20,6,1,900,BFGS,3360.81021856203
20,6,2,900,BFGS,118274.14060795198
20,6,3,900,BFGS,57810.21373528767
20,6,4,900,BFGS,168165.81165072063
20,6,5,900,BFGS,85428.20187546725
20,6,6,900,BFGS,190471.4538415021
20,6,7,900,BFGS,187245.06572101472
20,6,8,900,BFGS,196724.52528744523
20,6,9,900,BFGS,39198.5695030615
20,6,10,900,BFGS,6113.858178808021
20,6,11,900,BFGS,102282.01598541024
20,6,12,900,BFGS,6462.69049981827
20,6,13,900,BFGS,48452.11492805255
20,6,14,900,BFGS,126011.45511399223
20,6,15,900,BFGS,14962.32934142821
20,6,16,900,BFGS,135950.79214291123
20,6,17,900,BFGS,79349.21775630521
20,6,18,900,BFGS,16010.276704606276
20,6,19,900,BFGS,36153.21154355393
20,7,0,900,BFGS,73601.16975902674
20,7,1,900,BFGS,92353.70578343068
20,7,2,900,BFGS,214122.36889637413
20,7,3,900,BFGS,39444.99399896505
20,7,4,900,BFGS,4352.757035673422
20,7,5,900,BFGS,40171.52830621306
20,7,6,900,BFGS,69220.45979048662
20,7,7,900,BFGS,17148.32636060287
20,7,8,900,BFGS,102374.75159696102
20,7,9,900,BFGS,101910.25023278601
20,7,10,900,BFGS,48235.81376406811
20,7,11,900,BFGS,54405.18711064503
20,7,12,900,BFGS,301657.14254841465
20,7,13,900,BFGS,34469.88383798463
20,7,14,900,BFGS,32305.220627595463
20,7,15,900,BFGS,30839.55846896942
20,7,16,900,BFGS,104769.02591060672
20,7,17,900,BFGS,76039.97559801844
20,7,18,900,BFGS,39645.408423865694
20,7,19,900,BFGS,10473.918822086296
21,1,0,900,BFGS,1696.4215064702544
21,1,1,900,BFGS,1683.1524567369543
21,1,2,900,BFGS,1750.1731945479892
21,1,3,900,BFGS,1620.561257486856
21,1,4,900,BFGS,2626.1358838749366
21,1,5,900,BFGS,2934.806544974802
21,1,6,900,BFGS,2354.1578808380677
21,1,7,900,BFGS,2095.8948673041996
21,1,8,900,BFGS,1756.5337930967007
21,1,9,900,BFGS,4738.559353716697
21,1,10,900,BFGS,2590.051418742126
21,1,11,900,BFGS,2034.7391135754633
21,1,12,900,BFGS,1775.3718331720806
21,1,13,900,BFGS,1780.6011324007786
21,1,14,900,BFGS,4193.512640578142
21,1,15,900,BFGS,2098.7566160410397
21,1,16,900,BFGS,1978.1221632596119
21,1,17,900,BFGS,1790.3245896459348
21,1,18,900,BFGS,2203.451274349942
21,1,19,900,BFGS,1824.7420969830196
21,2,0,900,BFGS,3486.928761951061
21,2,1,900,BFGS,3395.2243478526243
21,2,2,900,BFGS,5320.694855541951
21,2,3,900,BFGS,4396.553787808174
21,2,4,900,BFGS,7662.076797992492
21,2,5,900,BFGS,4185.883221076825
21,2,6,900,BFGS,931.388863348568
21,2,7,900,BFGS,690.3537269985951
21,2,8,900,BFGS,2700.981257772311
21,2,9,900,BFGS,2513.707911732704
21,2,10,900,BFGS,150.40240467119912
21,2,11,900,BFGS,3199.2448916731832
21,2,12,900,BFGS,2685.5043506008533
21,2,13,900,BFGS,216.9523023285966
21,2,14,900,BFGS,8122.228769747112
21,2,15,900,BFGS,3090.4509318485498
21,2,16,900,BFGS,1210.0029037734996
21,2,17,900,BFGS,7720.0873089877
21,2,18,900,BFGS,3054.3602006842757
21,2,19,900,BFGS,4145.326910768888
21,3,0,900,BFGS,1398.6285230109813
21,3,1,900,BFGS,4877.074254593072
21,3,2,900,BFGS,1615.1325931385195
21,3,3,900,BFGS,4253.639901354678
21,3,4,900,BFGS,6750.684448838239
21,3,5,900,BFGS,6169.747948118849
21,3,6,900,BFGS,2625.3439262036313
21,3,7,900,BFGS,5943.732955015459
21,3,8,900,BFGS,2560.0831020008554
21,3,9,900,BFGS,3542.337169950589
21,3,10,900,BFGS,443.1467058035862
21,3,11,900,BFGS,3740.524024243297
21,3,12,900,BFGS,12618.76660163236
21,3,13,900,BFGS,5983.103157127329
21,3,14,900,BFGS,1223.0860341942566
21,3,15,900,BFGS,3228.004876328224
21,3,16,900,BFGS,10173.888341925842
21,3,17,900,BFGS,9124.02638012967
21,3,18,900,BFGS,3394.7395996034493
21,3,19,900,BFGS,3085.448563898938
21,4,0,900,BFGS,4160.756733284385
21,4,1,900,BFGS,3961.0021338352617
21,4,2,900,BFGS,5449.667121420452
21,4,3,900,BFGS,2724.6388322237167
21,4,4,900,BFGS,2554.209301288465
21,4,5,900,BFGS,6498.9092355811545
21,4,6,900,BFGS,1264.9171138840013
21,4,7,900,BFGS,2093.008495210336
21,4,8,900,BFGS,6313.686244122162
21,4,9,900,BFGS,6029.190199467272
21,4,10,900,BFGS,2292.1697879105823
21,4,11,900,BFGS,6198.573081567354
21,4,12,900,BFGS,4232.218928166705
21,4,13,900,BFGS,3356.7902047602774
21,4,14,900,BFGS,8125.954203018864
21,4,15,900,BFGS,8463.626860259506
21,4,16,900,BFGS,6675.324625818978
21,4,17,900,BFGS,6632.984893532537
21,4,18,900,BFGS,2249.871435524704
21,4,19,900,BFGS,3208.2530528808556
21,5,0,900,BFGS,3366.2008300316897
21,5,1,900,BFGS,3889.1966655612705
21,5,2,900,BFGS,6701.5971188533895
21,5,3,900,BFGS,1567.1523770730882
21,5,4,900,BFGS,2828.261489895781
21,5,5,900,BFGS,3299.441734019192
21,5,6,900,BFGS,1987.8652863935126
21,5,7,900,BFGS,4758.013971746979
21,5,8,900,BFGS,778.0592941203781
21,5,9,900,BFGS,1846.2080762877224
21,5,10,900,BFGS,441.8180882163446
21,5,11,900,BFGS,1254.048072757104
21,5,12,900,BFGS,2865.8399452994026
21,5,13,900,BFGS,2198.2845976311996
21,5,14,900,BFGS,2659.4727392246377
21,5,15,900,BFGS,1732.4676528365187
21,5,16,900,BFGS,1672.2782428230557
21,5,17,900,BFGS,3117.73505424643
21,5,18,900,BFGS,3730.931048236602
21,5,19,900,BFGS,2715.518496844842
21,6,0,900,BFGS,2388.7045931412285
21,6,1,900,BFGS,5530.811843971787
21,6,2,900,BFGS,5853.5472515810825
21,6,3,900,BFGS,2169.700540408084
21,6,4,900,BFGS,3123.30399847444
21,6,5,900,BFGS,3587.45159479488
21,6,6,900,BFGS,4120.567436429899
21,6,7,900,BFGS,5351.687564130009
21,6,8,900,BFGS,4089.34071532497
21,6,9,900,BFGS,4080.5380666845467
21,6,10,900,BFGS,3617.0360265427553
21,6,11,900,BFGS,4313.661837766036
21,6,12,900,BFGS,4228.027706234279
21,6,13,900,BFGS,2681.189112470883
21,6,14,900,BFGS,2941.249566123688
21,6,15,900,BFGS,4427.899895140478
21,6,16,900,BFGS,624.9288470258142
21,6,17,900,BFGS,5158.40343436789
21,6,18,900,BFGS,11555.809404047399
21,6,19,900,BFGS,3783.588059500005
21,7,0,900,BFGS,3538.3497593545235
21,7,1,900,BFGS,6090.583648966561
21,7,2,900,BFGS,1555.463970528593
21,7,3,900,BFGS,2494.6012032493936
21,7,4,900,BFGS,3170.818259083545
21,7,5,900,BFGS,366.0986953503532
21,7,6,900,BFGS,2494.8105316185947
21,7,7,900,BFGS,3631.2489475940934
21,7,8,900,BFGS,3564.0472404254833
21,7,9,900,BFGS,2759.0556742465624
21,7,10,900,BFGS,2913.3507500766227
21,7,11,900,BFGS,2424.779142248388
21,7,12,900,BFGS,6044.7486649349485
21,7,13,900,BFGS,2761.2406726188483
21,7,14,900,BFGS,4817.091705029146
21,7,15,900,BFGS,3649.4574800923283
21,7,16,900,BFGS,2586.284481007302
21,7,17,900,BFGS,942.5140773823716
21,7,18,900,BFGS,3420.225258344844
21,7,19,900,BFGS,1770.3059966183698
22,1,0,900,BFGS,2027.6663047795294
22,1,1,900,BFGS,3380.361403441501
22,1,2,900,BFGS,19730.601176210985
22,1,3,900,BFGS,8964.094870165296
22,1,4,900,BFGS,1144.3518010008986
22,1,5,900,BFGS,915.4125579612029
22,1,6,900,BFGS,3842.895730867437
22,1,7,900,BFGS,5321.989449064547
22,1,8,900,BFGS,13547.274591144183
22,1,9,900,BFGS,31447.606525299318
22,1,10,900,BFGS,21697.401095305788
22,1,11,900,BFGS,3327.1333213740463
22,1,12,900,BFGS,2501.3316092480804
22,1,13,900,BFGS,3565.056596273053
22,1,14,900,BFGS,32810.84294138472
22,1,15,900,BFGS,11164.246747938532
22,1,16,900,BFGS,2123.9868837724703
22,1,17,900,BFGS,6369.054272434669
22,1,18,900,BFGS,3489.9415034269546
22,1,19,900,BFGS,20161.960520628854
22,2,0,900,BFGS,5101.864874654578
22,2,1,900,BFGS,1784.9873649533713
22,2,2,900,BFGS,9955.881436965754
22,2,3,900,BFGS,2018.8123569736892
22,2,4,900,BFGS,2495.6069095545568
22,2,5,900,BFGS,1902.8837910758475
22,2,6,900,BFGS,3329.9516148460566
22,2,7,900,BFGS,3382.3316846424186
22,2,8,900,BFGS,5009.281907039767
22,2,9,900,BFGS,5167.8155988462495
22,2,10,900,BFGS,2905.9212508736646
22,2,11,900,BFGS,3926.2985373135953
22,2,12,900,BFGS,2706.9317960610338
22,2,13,900,BFGS,4292.1179337043195
22,2,14,900,BFGS,2354.0679259556205
22,2,15,900,BFGS,10628.437535243194
22,2,16,900,BFGS,2217.9284876927645
22,2,17,900,BFGS,3618.173987184095
22,2,18,900,BFGS,8391.06657617749
22,2,19,900,BFGS,9815.83941427248
22,3,0,900,BFGS,5885.096917692238
22,3,1,900,BFGS,2318.02523638992
22,3,2,900,BFGS,12960.063788001582
22,3,3,900,BFGS,12774.217193453922
22,3,4,900,BFGS,2169.5700292946344
22,3,5,900,BFGS,3802.348322250767
22,3,6,900,BFGS,2586.950938783025
22,3,7,900,BFGS,2788.418100281394
22,3,8,900,BFGS,5397.719268395411
22,3,9,900,BFGS,1771.6843056503221
22,3,10,900,BFGS,1453.8952924974628
22,3,11,900,BFGS,4190.740883924537
22,3,12,900,BFGS,11048.42276778834
22,3,13,900,BFGS,14451.042236069992
22,3,14,900,BFGS,2464.5149532425767
22,3,15,900,BFGS,8203.403266971412
22,3,16,900,BFGS,2411.522623593407
22,3,17,900,BFGS,1510.353584139167
22,3,18,900,BFGS,11732.196003491967
22,3,19,900,BFGS,3199.2922284495457
22,4,0,900,BFGS,8813.106191169787
22,4,1,900,BFGS,8282.847971265066
22,4,2,900,BFGS,9551.538514512176
22,4,3,900,BFGS,8791.091929558
22,4,4,900,BFGS,3336.3313343715927
22,4,5,900,BFGS,2399.344603400502
22,4,6,900,BFGS,3862.044185294172
22,4,7,900,BFGS,3950.5761550881107
22,4,8,900,BFGS,8502.861893117275
22,4,9,900,BFGS,9077.241356230013
22,4,10,900,BFGS,7918.609804256994
22,4,11,900,BFGS,7830.835052004937
22,4,12,900,BFGS,8093.4310579539115
22,4,13,900,BFGS,1638.0686519381147
22,4,14,900,BFGS,7837.499381172222
22,4,15,900,BFGS,10373.259822856733
22,4,16,900,BFGS,7734.200695129487
22,4,17,900,BFGS,7601.081871765499
22,4,18,900,BFGS,9351.952153043861
22,4,19,900,BFGS,9358.584878091744
22,5,0,900,BFGS,11062.299552068638
22,5,1,900,BFGS,2778.609437518827
22,5,2,900,BFGS,2005.2952459830392
22,5,3,900,BFGS,25640.326633732937
22,5,4,900,BFGS,2998.1824247539967
22,5,5,900,BFGS,3171.962403438618
22,5,6,900,BFGS,8739.954530429306
22,5,7,900,BFGS,10477.653714433292
22,5,8,900,BFGS,8984.725550451029
22,5,9,900,BFGS,8258.237301153717
22,5,10,900,BFGS,24616.024651706044
22,5,11,900,BFGS,2668.278023833171
22,5,12,900,BFGS,3261.161508758839
22,5,13,900,BFGS,17130.746142530388
22,5,14,900,BFGS,11239.579726099402
22,5,15,900,BFGS,2133.3089195006537
22,5,16,900,BFGS,1369.6022901181484
22,5,17,900,BFGS,1708.8079591318312
22,5,18,900,BFGS,6988.838203182303
22,5,19,900,BFGS,4157.416918639336
22,6,0,900,BFGS,1793.9132398748723
22,6,1,900,BFGS,2776.996098609707
22,6,2,900,BFGS,2371.1401021719334
22,6,3,900,BFGS,981.7967543334242
22,6,4,900,BFGS,1500.2153959801697
22,6,5,900,BFGS,3179.008565544586
22,6,6,900,BFGS,1655.3280760589366
22,6,7,900,BFGS,2596.846913708268
22,6,8,900,BFGS,13321.022779599256
22,6,9,900,BFGS,1256.4172197946095
22,6,10,900,BFGS,1599.7199656474254
22,6,11,900,BFGS,2396.25453748684
22,6,12,900,BFGS,1950.717954088861
22,6,13,900,BFGS,6263.338033573094
22,6,14,900,BFGS,6130.42136754138
22,6,15,900,BFGS,4858.941743503508
22,6,16,900,BFGS,5175.464816222531
22,6,17,900,BFGS,6255.011523088693
22,6,18,900,BFGS,5064.726351205401
22,6,19,900,BFGS,6279.000110643985
22,7,0,900,BFGS,9680.229270467273
22,7,1,900,BFGS,3868.5239786693
22,7,2,900,BFGS,9693.306055969682
22,7,3,900,BFGS,1495.405116676651
22,7,4,900,BFGS,6080.957410851568
22,7,5,900,BFGS,5124.293467882662
22,7,6,900,BFGS,4147.464866029708
22,7,7,900,BFGS,7756.708182252616
22,7,8,900,BFGS,8637.78721901563
22,7,9,900,BFGS,810.5062994102134
22,7,10,900,BFGS,10698.407821851533
22,7,11,900,BFGS,3817.374904505502
22,7,12,900,BFGS,5956.143811088519
22,7,13,900,BFGS,2476.0033386712576
22,7,14,900,BFGS,8981.266844138549
22,7,15,900,BFGS,8418.211152757174
22,7,16,900,BFGS,907.5156195701685
22,7,17,900,BFGS,8357.089786870201
22,7,18,900,BFGS,3916.0378841653205
22,7,19,900,BFGS,3379.789590914726
23,1,0,900,BFGS,2716.2190174314755
23,1,1,900,BFGS,2644.171901054545
23,1,2,900,BFGS,2783.2474633369
23,1,3,900,BFGS,2392.6062269941153
23,1,4,900,BFGS,2891.229511839927
23,1,5,900,BFGS,1913.4106444416973
23,1,6,900,BFGS,3051.6623909695554
23,1,7,900,BFGS,2039.3535553734691
23,1,8,900,BFGS,2148.8576911258874
23,1,9,900,BFGS,2454.5011867471594
23,1,10,900,BFGS,2551.4001994616538
23,1,11,900,BFGS,3145.7768816577086
23,1,12,900,BFGS,2385.739484749668
23,1,13,900,BFGS,3117.101784479866
23,1,14,900,BFGS,2322.5737246945528
23,1,15,900,BFGS,3012.128739007645
23,1,16,900,BFGS,2474.5259101537895
23,1,17,900,BFGS,2131.2984780982324
23,1,18,900,BFGS,2916.6130733085024
23,1,19,900,BFGS,2421.150714163517
23,2,0,900,BFGS,2451.9873621919996
23,2,1,900,BFGS,2589.4041233188746
23,2,2,900,BFGS,4163.557725344967
23,2,3,900,BFGS,2401.3381664613403
23,2,4,900,BFGS,2009.0679334567553
23,2,5,900,BFGS,2215.471737883287
23,2,6,900,BFGS,2340.9788435378455
23,2,7,900,BFGS,2708.114489832219
23,2,8,900,BFGS,2743.459568233155
23,2,9,900,BFGS,1677.9760108480905
23,2,10,900,BFGS,1603.9991244441458
23,2,11,900,BFGS,2044.4348730533434
23,2,12,900,BFGS,3392.703807032627
23,2,13,900,BFGS,2722.658088976742
23,2,14,900,BFGS,2439.5706207507933
23,2,15,900,BFGS,2144.67047245891
23,2,16,900,BFGS,2325.9813083361387
23,2,17,900,BFGS,2346.2924377207955
23,2,18,900,BFGS,1882.3488265618016
23,2,19,900,BFGS,2483.0399111279066
23,3,0,900,BFGS,2405.9470967289626
23,3,1,900,BFGS,2126.8734906607733
23,3,2,900,BFGS,2770.1906921748596
23,3,3,900,BFGS,2843.8801870833886
23,3,4,900,BFGS,2249.831298452341
23,3,5,900,BFGS,2071.9097846187406
23,3,6,900,BFGS,2341.399406839481
23,3,7,900,BFGS,2166.3920103611736
23,3,8,900,BFGS,2492.3835635077367
23,3,9,900,BFGS,2216.277722618259
23,3,10,900,BFGS,1889.3707347841034
23,3,11,900,BFGS,3122.914213621634
23,3,12,900,BFGS,1806.5568100692674
23,3,13,900,BFGS,2479.40983901646
23,3,14,900,BFGS,2280.6436675402324
23,3,15,900,BFGS,3604.875726504696
23,3,16,900,BFGS,3122.870955172163
23,3,17,900,BFGS,1509.3862276959624
23,3,18,900,BFGS,3149.315974589449
23,3,19,900,BFGS,2524.1788833641203
23,4,0,900,BFGS,2357.138556000536
23,4,1,900,BFGS,2824.58948231649
23,4,2,900,BFGS,1805.7271933331856
23,4,3,900,BFGS,2672.246039000678
23,4,4,900,BFGS,2760.217269379639
23,4,5,900,BFGS,3067.956483549653
23,4,6,900,BFGS,2833.3377692877557
23,4,7,900,BFGS,2204.973108404606
23,4,8,900,BFGS,3368.7019792764013
23,4,9,900,BFGS,2069.0987391058115
23,4,10,900,BFGS,1714.5616155081304
23,4,11,900,BFGS,3647.973688266141
23,4,12,900,BFGS,1943.6275013023012
23,4,13,900,BFGS,2020.3867551177404
23,4,14,900,BFGS,3260.596265533156
23,4,15,900,BFGS,2697.4234539884055
23,4,16,900,BFGS,2950.052038526218
23,4,17,900,BFGS,3165.524284128861
23,4,18,900,BFGS,2602.9775319591977
23,4,19,900,BFGS,2622.6535088982964
23,5,0,900,BFGS,2577.647213147631
23,5,1,900,BFGS,2453.816159240151
23,5,2,900,BFGS,2737.1326163760164
23,5,3,900,BFGS,2574.7378879983403
23,5,4,900,BFGS,1877.1884937679306
23,5,5,900,BFGS,2648.476361720771
23,5,6,900,BFGS,2027.9706666085983
23,5,7,900,BFGS,2916.0322097129747
23,5,8,900,BFGS,2063.4068451700427
23,5,9,900,BFGS,2550.6384165522595
23,5,10,900,BFGS,2160.6137945896203
23,5,11,900,BFGS,1788.3836326951164
23,5,12,900,BFGS,2711.4597001769516
23,5,13,900,BFGS,2504.111856343866
23,5,14,900,BFGS,2987.2205596698013
23,5,15,900,BFGS,2297.7383551660173
23,5,16,900,BFGS,2314.4405099025253
23,5,17,900,BFGS,1820.3853472285837
23,5,18,900,BFGS,2055.4659597600225
23,5,19,900,BFGS,2810.599659381522
23,6,0,900,BFGS,1697.1957199243955
23,6,1,900,BFGS,2064.963586725856
23,6,2,900,BFGS,2278.6738261218106
23,6,3,900,BFGS,2339.5636670026956
23,6,4,900,BFGS,2196.4264248622785
23,6,5,900,BFGS,2351.48608142173
23,6,6,900,BFGS,2182.7464918952846
23,6,7,900,BFGS,2250.9421639387037
23,6,8,900,BFGS,2685.1224630223833
23,6,9,900,BFGS,3490.305055901866
23,6,10,900,BFGS,1819.8594731656694
23,6,11,900,BFGS,1890.1313247666708
23,6,12,900,BFGS,1279.3614599705443
23,6,13,900,BFGS,2746.2275789044497
23,6,14,900,BFGS,1635.237833117655
23,6,15,900,BFGS,2826.538720720886
23,6,16,900,BFGS,2373.780039341071
23,6,17,900,BFGS,2509.148098592034
23,6,18,900,BFGS,2669.2186938636833
23,6,19,900,BFGS,2453.7237950362423
23,7,0,900,BFGS,2861.0147943117445
23,7,1,900,BFGS,2042.517206847148
23,7,2,900,BFGS,3111.5129941086016
23,7,3,900,BFGS,2323.579525204068
23,7,4,900,BFGS,3277.57280917369
23,7,5,900,BFGS,3133.1969704452686
23,7,6,900,BFGS,2849.194076807261
23,7,7,900,BFGS,2090.15937166561
23,7,8,900,BFGS,2542.646486200606
23,7,9,900,BFGS,3197.1211538067937
23,7,10,900,BFGS,2646.0381180687523
23,7,11,900,BFGS,2578.79867526998
23,7,12,900,BFGS,2450.0818061373593
23,7,13,900,BFGS,2211.190977129622
23,7,14,900,BFGS,2104.68203360068
23,7,15,900,BFGS,2434.0929474380277
23,7,16,900,BFGS,2337.0062410654846
23,7,17,900,BFGS,2516.943156090536
23,7,18,900,BFGS,3300.365421126884
23,7,19,900,BFGS,2281.10950882214
24,1,0,900,BFGS,15713.797647016976
24,1,1,900,BFGS,19817.624685956696
24,1,2,900,BFGS,17831.43272212241
24,1,3,900,BFGS,17424.610624897156
24,1,4,900,BFGS,19479.903007520636
24,1,5,900,BFGS,20240.42037151214
24,1,6,900,BFGS,16507.549147804195
24,1,7,900,BFGS,15521.283189971093
24,1,8,900,BFGS,18268.30505833428
24,1,9,900,BFGS,19009.4726401207
24,1,10,900,BFGS,22691.75408304127
24,1,11,900,BFGS,8462.193745954719
24,1,12,900,BFGS,23618.761325213418
24,1,13,900,BFGS,19633.4568454521
24,1,14,900,BFGS,19316.771549038443
24,1,15,900,BFGS,19507.738547441397
24,1,16,900,BFGS,24831.84184986022
24,1,17,900,BFGS,22349.967404719708
24,1,18,900,BFGS,22762.540013490816
24,1,19,900,BFGS,19843.58055048382
24,2,0,900,BFGS,23413.612397097102
24,2,1,900,BFGS,25686.324751410164
24,2,2,900,BFGS,15657.375864141582
24,2,3,900,BFGS,28772.543572331822
24,2,4,900,BFGS,13144.974539211213
24,2,5,900,BFGS,21705.39090028544
24,2,6,900,BFGS,22852.332243202785
24,2,7,900,BFGS,24142.873923987012
24,2,8,900,BFGS,21347.03927280833
24,2,9,900,BFGS,20870.896361623905
24,2,10,900,BFGS,16286.514819165817
24,2,11,900,BFGS,16952.035419422093
24,2,12,900,BFGS,24950.19312800609
24,2,13,900,BFGS,15075.474111435424
24,2,14,900,BFGS,21025.57023549257
24,2,15,900,BFGS,22342.9653049035
24,2,16,900,BFGS,9965.715904040155
24,2,17,900,BFGS,20646.766240946938
24,2,18,900,BFGS,28013.287416494502
24,2,19,900,BFGS,27746.782488986017
24,3,0,900,BFGS,20452.091924377695
24,3,1,900,BFGS,21550.980753348456
24,3,2,900,BFGS,19274.3964882656
24,3,3,900,BFGS,20125.467203354878
24,3,4,900,BFGS,13386.124810577598
24,3,5,900,BFGS,18636.250281663233
24,3,6,900,BFGS,21884.12315451409
24,3,7,900,BFGS,20887.57956129679
24,3,8,900,BFGS,20172.137222503075
24,3,9,900,BFGS,20990.930316410944
24,3,10,900,BFGS,24421.083570419964
24,3,11,900,BFGS,22922.60453671684
24,3,12,900,BFGS,20127.450712992053
24,3,13,900,BFGS,22301.23407871682
24,3,14,900,BFGS,16688.66227683645
24,3,15,900,BFGS,25396.19222775226
24,3,16,900,BFGS,19988.706906668645
24,3,17,900,BFGS,18366.74562013072
24,3,18,900,BFGS,15888.87823575563
24,3,19,900,BFGS,14905.378345387628
24,4,0,900,BFGS,20710.74436288777
24,4,1,900,BFGS,13608.924444948741
24,4,2,900,BFGS,23435.833317176224
24,4,3,900,BFGS,18273.958569805454
24,4,4,900,BFGS,20134.260278730697
24,4,5,900,BFGS,19215.421490792774
24,4,6,900,BFGS,22390.351223607257
24,4,7,900,BFGS,14142.51009988001
24,4,8,900,BFGS,17814.576263340667
24,4,9,900,BFGS,21541.16560321056
24,4,10,900,BFGS,20457.16165542249
24,4,11,900,BFGS,18019.036443737623
24,4,12,900,BFGS,18359.131214919522
24,4,13,900,BFGS,18165.236167321775
24,4,14,900,BFGS,20139.37972236645
24,4,15,900,BFGS,22342.595442907426
24,4,16,900,BFGS,25726.017709899654
24,4,17,900,BFGS,21141.5568459149
24,4,18,900,BFGS,20274.36852549537
24,4,19,900,BFGS,19810.752770654566
24,5,0,900,BFGS,18809.817495862953
24,5,1,900,BFGS,17280.847724236264
24,5,2,900,BFGS,16148.013241797908
24,5,3,900,BFGS,19861.83095289681
24,5,4,900,BFGS,16640.56737050089
24,5,5,900,BFGS,19275.350303826584
24,5,6,900,BFGS,21025.40759460471
24,5,7,900,BFGS,21933.48646501951
24,5,8,900,BFGS,19504.598567846704
24,5,9,900,BFGS,18898.492766571315
24,5,10,900,BFGS,23832.107271115237
24,5,11,900,BFGS,24431.66657542011
24,5,12,900,BFGS,21150.153873155276
24,5,13,900,BFGS,19315.209062408772
24,5,14,900,BFGS,20332.15720626005
24,5,15,900,BFGS,20140.708326106447
24,5,16,900,BFGS,18656.812355156453
24,5,17,900,BFGS,33612.27221736654
24,5,18,900,BFGS,17395.856896727324
24,5,19,900,BFGS,16316.850385974969
24,6,0,900,BFGS,15666.063608169845
24,6,1,900,BFGS,20364.275270960876
24,6,2,900,BFGS,22692.595800726354
24,6,3,900,BFGS,24887.487060478416
24,6,4,900,BFGS,17578.40874987714
24,6,5,900,BFGS,19221.424629881272
24,6,6,900,BFGS,15795.380760403514
24,6,7,900,BFGS,23231.68247507098
24,6,8,900,BFGS,12716.831377283957
24,6,9,900,BFGS,19214.868934192877
24,6,10,900,BFGS,22700.21646547829
24,6,11,900,BFGS,14617.804405947909
24,6,12,900,BFGS,18950.200233282892
24,6,13,900,BFGS,18877.12588569103
24,6,14,900,BFGS,22014.471487714265
24,6,15,900,BFGS,21803.75445088679
24,6,16,900,BFGS,20520.69806021229
24,6,17,900,BFGS,12619.060880160614
24,6,18,900,BFGS,21770.69656535986
24,6,19,900,BFGS,13771.569272132147
24,7,0,900,BFGS,16758.48762440024
24,7,1,900,BFGS,16663.566741879735
24,7,2,900,BFGS,25670.84426023817
24,7,3,900,BFGS,22709.742684099536
24,7,4,900,BFGS,27374.999301266795
24,7,5,900,BFGS,22065.686659521074
24,7,6,900,BFGS,17654.117093682966
24,7,7,900,BFGS,11300.057611511604
24,7,8,900,BFGS,17446.6102192346
24,7,9,900,BFGS,19905.041038027597
24,7,10,900,BFGS,18254.6844876381
24,7,11,900,BFGS,22304.702451668087
24,7,12,900,BFGS,24836.016073561404
24,7,13,900,BFGS,21618.527143488966
24,7,14,900,BFGS,15961.501413279675
24,7,15,900,BFGS,28031.315378746447
24,7,16,900,BFGS,13648.711154250777
24,7,17,900,BFGS,29418.918413493935
24,7,18,900,BFGS,24789.129784540422
24,7,19,900,BFGS,16542.271079170518
