fid,iid,rep,a1_budget,algname,achieved_auc
1,1,0,450,BFGS,14123.31202292119
1,1,1,450,BFGS,12183.572856763312
1,1,2,450,BFGS,15180.655107619734
1,1,3,450,BFGS,15763.795089817617
1,1,4,450,BFGS,14872.4682374933
1,1,5,450,BFGS,15191.3783411596
1,1,6,450,BFGS,14634.376753736226
1,1,7,450,BFGS,12446.869362751808
1,1,8,450,BFGS,16323.293576502769
1,1,9,450,BFGS,14892.115404893235
1,1,10,450,BFGS,14269.468804231647
1,1,11,450,BFGS,16122.867144083291
1,1,12,450,BFGS,16507.18400349331
1,1,13,450,BFGS,15970.711222486723
1,1,14,450,BFGS,13949.758082999298
1,1,15,450,BFGS,15502.750515534848
1,1,16,450,BFGS,15345.770508791564
1,1,17,450,BFGS,14730.580031835256
1,1,18,450,BFGS,14712.333641840649
1,1,19,450,BFGS,11384.71413993332
1,2,0,450,BFGS,14818.320866002734
1,2,1,450,BFGS,15611.055279586542
1,2,2,450,BFGS,17951.95150736186
1,2,3,450,BFGS,16583.593971290036
1,2,4,450,BFGS,15768.97592640468
1,2,5,450,BFGS,17821.645807810026
1,2,6,450,BFGS,16553.5597183395
1,2,7,450,BFGS,18422.53069724688
1,2,8,450,BFGS,14090.06739471638
1,2,9,450,BFGS,15004.425230988183
1,2,10,450,BFGS,17004.957105666108
1,2,11,450,BFGS,16139.661549421397
1,2,12,450,BFGS,15814.590739610545
1,2,13,450,BFGS,13589.312272488365
1,2,14,450,BFGS,15369.602310745
1,2,15,450,BFGS,18427.071479073165
1,2,16,450,BFGS,17541.822751084866
1,2,17,450,BFGS,17242.59840370679
1,2,18,450,BFGS,13911.758835904731
1,2,19,450,BFGS,17171.148531454222
1,3,0,450,BFGS,15660.766489710904
1,3,1,450,BFGS,15484.403483017904
1,3,2,450,BFGS,17021.674213224687
1,3,3,450,BFGS,16831.72005967665
1,3,4,450,BFGS,16086.858752860604
1,3,5,450,BFGS,17276.520842294332
1,3,6,450,BFGS,15301.396083494436
1,3,7,450,BFGS,14290.246934193667
1,3,8,450,BFGS,15713.617441997576
1,3,9,450,BFGS,16622.338990756572
1,3,10,450,BFGS,16782.34031843247
1,3,11,450,BFGS,16409.927994915277
1,3,12,450,BFGS,16133.2723349157
1,3,13,450,BFGS,16117.370959869779
1,3,14,450,BFGS,15903.72274169845
1,3,15,450,BFGS,17401.852781061963
1,3,16,450,BFGS,15219.524110510476
1,3,17,450,BFGS,15806.062427412166
1,3,18,450,BFGS,12781.964588724108
1,3,19,450,BFGS,17983.714276860363
1,4,0,450,BFGS,16928.01291323715
1,4,1,450,BFGS,15975.365116546745
1,4,2,450,BFGS,17249.664548641867
1,4,3,450,BFGS,15105.985848335817
1,4,4,450,BFGS,14673.138953244601
1,4,5,450,BFGS,18485.96160293721
1,4,6,450,BFGS,15232.03245908683
1,4,7,450,BFGS,15855.641516743446
1,4,8,450,BFGS,15272.473287168574
1,4,9,450,BFGS,16483.94484669611
1,4,10,450,BFGS,18054.77698100968
1,4,11,450,BFGS,17331.66640995507
1,4,12,450,BFGS,18051.259667053382
1,4,13,450,BFGS,16625.416931205786
1,4,14,450,BFGS,14564.240742241214
1,4,15,450,BFGS,14871.643697047035
1,4,16,450,BFGS,15098.969512457095
1,4,17,450,BFGS,13534.326342627443
1,4,18,450,BFGS,14514.315428817443
1,4,19,450,BFGS,16079.30869165861
1,5,0,450,BFGS,17586.879955671357
1,5,1,450,BFGS,16793.680477714897
1,5,2,450,BFGS,16446.62433960547
1,5,3,450,BFGS,15408.029492595202
1,5,4,450,BFGS,13961.671656755927
1,5,5,450,BFGS,16904.86149069085
1,5,6,450,BFGS,15856.545114298984
1,5,7,450,BFGS,18002.93603330764
1,5,8,450,BFGS,18502.051066681983
1,5,9,450,BFGS,16907.243356832336
1,5,10,450,BFGS,15597.92984648242
1,5,11,450,BFGS,18082.418720249654
1,5,12,450,BFGS,15565.122827988918
1,5,13,450,BFGS,16302.469427889333
1,5,14,450,BFGS,18872.77186448954
1,5,15,450,BFGS,16596.0376162378
1,5,16,450,BFGS,17225.708354593597
1,5,17,450,BFGS,16308.808927238902
1,5,18,450,BFGS,16988.02047522321
1,5,19,450,BFGS,16120.646287659549
1,6,0,450,BFGS,16052.757998621466
1,6,1,450,BFGS,17555.305216593017
1,6,2,450,BFGS,12441.754541789802
1,6,3,450,BFGS,16060.090138576725
1,6,4,450,BFGS,16785.525200577285
1,6,5,450,BFGS,14445.924882542928
1,6,6,450,BFGS,15308.544923901936
1,6,7,450,BFGS,17609.88670610666
1,6,8,450,BFGS,17058.696135253074
1,6,9,450,BFGS,15445.515280414931
1,6,10,450,BFGS,16567.359178510327
1,6,11,450,BFGS,19448.376876986844
1,6,12,450,BFGS,16366.043036218653
1,6,13,450,BFGS,14393.836072986058
1,6,14,450,BFGS,12839.054698913098
1,6,15,450,BFGS,15793.959688551015
1,6,16,450,BFGS,14881.884452927188
1,6,17,450,BFGS,15598.435577406875
1,6,18,450,BFGS,15440.390058885681
1,6,19,450,BFGS,13387.10712122995
1,7,0,450,BFGS,17708.82205697008
1,7,1,450,BFGS,15696.81064637807
1,7,2,450,BFGS,16288.352377460751
1,7,3,450,BFGS,13072.718420090434
1,7,4,450,BFGS,14338.805619009268
1,7,5,450,BFGS,14929.318585521056
1,7,6,450,BFGS,14521.696178413382
1,7,7,450,BFGS,13290.292318862845
1,7,8,450,BFGS,14942.276707873998
1,7,9,450,BFGS,16308.364124172109
1,7,10,450,BFGS,16865.729689403946
1,7,11,450,BFGS,18948.982636263467
1,7,12,450,BFGS,13663.058098575035
1,7,13,450,BFGS,16702.863829208993
1,7,14,450,BFGS,15828.09576672978
1,7,15,450,BFGS,15239.948716701556
1,7,16,450,BFGS,14259.036763899974
1,7,17,450,BFGS,14135.913061902804
1,7,18,450,BFGS,16494.719162278572
1,7,19,450,BFGS,15979.380214749068
2,1,0,450,BFGS,12776.710382723837
2,1,1,450,BFGS,17751.009840684528
2,1,2,450,BFGS,14780.13165218408
2,1,3,450,BFGS,12098.308021968105
2,1,4,450,BFGS,13306.970709576837
2,1,5,450,BFGS,9517.032418400395
2,1,6,450,BFGS,8219.062453957928
2,1,7,450,BFGS,10978.365916398718
2,1,8,450,BFGS,12477.692426789068
2,1,9,450,BFGS,10619.963252309102
2,1,10,450,BFGS,10432.859861868472
2,1,11,450,BFGS,11146.4491788999
2,1,12,450,BFGS,11782.624129761622
2,1,13,450,BFGS,9389.65535688306
2,1,14,450,BFGS,10267.75664090373
2,1,15,450,BFGS,10126.99490061803
2,1,16,450,BFGS,13670.626299389885
2,1,17,450,BFGS,15402.221956642043
2,1,18,450,BFGS,10102.260768163711
2,1,19,450,BFGS,13614.901484972455
2,2,0,450,BFGS,17953.98020163842
2,2,1,450,BFGS,13938.127495399125
2,2,2,450,BFGS,13324.76963207425
2,2,3,450,BFGS,9506.55782499415
2,2,4,450,BFGS,19286.89228996654
2,2,5,450,BFGS,11180.6503683464
2,2,6,450,BFGS,12257.394602940336
2,2,7,450,BFGS,17221.334613096486
2,2,8,450,BFGS,14255.601127397742
2,2,9,450,BFGS,18445.245464749136
2,2,10,450,BFGS,14656.762834608551
2,2,11,450,BFGS,14253.146937311016
2,2,12,450,BFGS,10820.396141827912
2,2,13,450,BFGS,12496.917923454488
2,2,14,450,BFGS,13257.842914424647
2,2,15,450,BFGS,14264.912208272272
2,2,16,450,BFGS,13198.81806231153
2,2,17,450,BFGS,11618.907043987845
2,2,18,450,BFGS,19889.950253597588
2,2,19,450,BFGS,12809.972828871243
2,3,0,450,BFGS,11816.241496777198
2,3,1,450,BFGS,14321.629642064632
2,3,2,450,BFGS,11648.11105717338
2,3,3,450,BFGS,10335.089280305645
2,3,4,450,BFGS,12431.12936739759
2,3,5,450,BFGS,13263.310984532734
2,3,6,450,BFGS,9325.928237862861
2,3,7,450,BFGS,17608.869828901446
2,3,8,450,BFGS,13772.671519520643
2,3,9,450,BFGS,8838.13099880505
2,3,10,450,BFGS,13904.17210593605
2,3,11,450,BFGS,12362.28212246938
2,3,12,450,BFGS,13358.847686348781
2,3,13,450,BFGS,11962.05512995196
2,3,14,450,BFGS,15409.572857733521
2,3,15,450,BFGS,12321.974518434887
2,3,16,450,BFGS,17146.185464288723
2,3,17,450,BFGS,14432.5838933749
2,3,18,450,BFGS,16087.79706969468
2,3,19,450,BFGS,13892.84092521925
2,4,0,450,BFGS,12029.53144692217
2,4,1,450,BFGS,13970.6594771953
2,4,2,450,BFGS,10470.173805950591
2,4,3,450,BFGS,22443.14795807406
2,4,4,450,BFGS,13309.286762307735
2,4,5,450,BFGS,12488.854330165454
2,4,6,450,BFGS,14927.755844617059
2,4,7,450,BFGS,14707.180269531153
2,4,8,450,BFGS,15603.225747688448
2,4,9,450,BFGS,12801.652121118252
2,4,10,450,BFGS,11555.833565179779
2,4,11,450,BFGS,13929.650103102033
2,4,12,450,BFGS,14549.697446434373
2,4,13,450,BFGS,12595.603222506426
2,4,14,450,BFGS,12262.036029960289
2,4,15,450,BFGS,16708.767079102807
2,4,16,450,BFGS,17879.08017648703
2,4,17,450,BFGS,11044.886599740541
2,4,18,450,BFGS,16653.76605812358
2,4,19,450,BFGS,17086.428351968345
2,5,0,450,BFGS,18055.14907304302
2,5,1,450,BFGS,15665.92426030353
2,5,2,450,BFGS,18017.58457829574
2,5,3,450,BFGS,17053.96781506494
2,5,4,450,BFGS,13691.38306845861
2,5,5,450,BFGS,13395.64611608107
2,5,6,450,BFGS,9590.384992699703
2,5,7,450,BFGS,15589.251540212
2,5,8,450,BFGS,15369.325034496796
2,5,9,450,BFGS,13687.151164053685
2,5,10,450,BFGS,13859.894766827396
2,5,11,450,BFGS,17362.934580409896
2,5,12,450,BFGS,15660.738011042431
2,5,13,450,BFGS,11886.875166436757
2,5,14,450,BFGS,10954.521238867013
2,5,15,450,BFGS,12779.49287532574
2,5,16,450,BFGS,14016.073488608361
2,5,17,450,BFGS,14950.509338560138
2,5,18,450,BFGS,17495.9832046033
2,5,19,450,BFGS,13735.670492693398
2,6,0,450,BFGS,15180.141086717013
2,6,1,450,BFGS,11580.317811653978
2,6,2,450,BFGS,10693.016711903063
2,6,3,450,BFGS,13067.569453073354
2,6,4,450,BFGS,11469.335263376304
2,6,5,450,BFGS,11070.536750037909
2,6,6,450,BFGS,16680.4229273589
2,6,7,450,BFGS,14871.67877204763
2,6,8,450,BFGS,11947.580042802969
2,6,9,450,BFGS,10323.157618952115
2,6,10,450,BFGS,13392.15970101808
2,6,11,450,BFGS,16055.377832016338
2,6,12,450,BFGS,11168.934503067587
2,6,13,450,BFGS,11984.208647552263
2,6,14,450,BFGS,16257.75144360702
2,6,15,450,BFGS,12796.755883919519
2,6,16,450,BFGS,11472.922276170008
2,6,17,450,BFGS,13585.29774216942
2,6,18,450,BFGS,9476.069140724227
2,6,19,450,BFGS,11932.24754753089
2,7,0,450,BFGS,11748.896399892206
2,7,1,450,BFGS,12097.455234150762
2,7,2,450,BFGS,14985.099653546771
2,7,3,450,BFGS,13023.979260377682
2,7,4,450,BFGS,18239.45119618412
2,7,5,450,BFGS,12336.300776250808
2,7,6,450,BFGS,14510.079427012586
2,7,7,450,BFGS,16870.542895388448
2,7,8,450,BFGS,14181.130886267892
2,7,9,450,BFGS,12000.189820781354
2,7,10,450,BFGS,12896.644311406717
2,7,11,450,BFGS,17861.300947842567
2,7,12,450,BFGS,13156.937020146877
2,7,13,450,BFGS,17803.655483359114
2,7,14,450,BFGS,13504.127458826597
2,7,15,450,BFGS,14520.722249626438
2,7,16,450,BFGS,13673.23715144377
2,7,17,450,BFGS,16153.362802189622
2,7,18,450,BFGS,14473.368884966241
2,7,19,450,BFGS,11706.787410973131
3,1,0,450,BFGS,5177.456953564848
3,1,1,450,BFGS,4864.610466148677
3,1,2,450,BFGS,5477.222482699743
3,1,3,450,BFGS,6478.076451972243
3,1,4,450,BFGS,4955.077091741716
3,1,5,450,BFGS,5117.931101574815
3,1,6,450,BFGS,5927.0877963379335
3,1,7,450,BFGS,6075.009263124773
3,1,8,450,BFGS,4586.499681362018
3,1,9,450,BFGS,5376.23458186468
3,1,10,450,BFGS,5061.50960202364
3,1,11,450,BFGS,5544.457724314843
3,1,12,450,BFGS,5456.352365870896
3,1,13,450,BFGS,4847.352412873444
3,1,14,450,BFGS,5849.598904095275
3,1,15,450,BFGS,5229.853623348401
3,1,16,450,BFGS,6039.935098714144
3,1,17,450,BFGS,5734.588007355894
3,1,18,450,BFGS,5813.879161349549
3,1,19,450,BFGS,4467.809542455574
3,2,0,450,BFGS,5577.214368828059
3,2,1,450,BFGS,5301.918530760477
3,2,2,450,BFGS,5538.370957359093
3,2,3,450,BFGS,6048.130996188573
3,2,4,450,BFGS,5070.576976585626
3,2,5,450,BFGS,6116.480038921065
3,2,6,450,BFGS,6111.562569922046
3,2,7,450,BFGS,5505.222838315336
3,2,8,450,BFGS,5439.094097730444
3,2,9,450,BFGS,5908.015692682219
3,2,10,450,BFGS,5703.202162333871
3,2,11,450,BFGS,5701.601222247993
3,2,12,450,BFGS,4672.390802032924
3,2,13,450,BFGS,5063.4369836666665
3,2,14,450,BFGS,6336.945039263391
3,2,15,450,BFGS,5437.563624460246
3,2,16,450,BFGS,5484.490226560101
3,2,17,450,BFGS,6426.235207769733
3,2,18,450,BFGS,5420.132849819078
3,2,19,450,BFGS,5079.986389700094
3,3,0,450,BFGS,5385.754649385426
3,3,1,450,BFGS,5615.074654272776
3,3,2,450,BFGS,5320.042584229041
3,3,3,450,BFGS,5050.75675224241
3,3,4,450,BFGS,4519.439877489795
3,3,5,450,BFGS,5739.445590017623
3,3,6,450,BFGS,5753.568724005965
3,3,7,450,BFGS,5190.010039334346
3,3,8,450,BFGS,5330.086621204078
3,3,9,450,BFGS,4534.910459382001
3,3,10,450,BFGS,5117.527664311641
3,3,11,450,BFGS,6305.486972913618
3,3,12,450,BFGS,5900.487758723524
3,3,13,450,BFGS,5265.9999508930505
3,3,14,450,BFGS,5099.365568738331
3,3,15,450,BFGS,5552.2282139364315
3,3,16,450,BFGS,5437.938450999527
3,3,17,450,BFGS,5243.1380979484475
3,3,18,450,BFGS,5161.01943769717
3,3,19,450,BFGS,5416.992438137309
3,4,0,450,BFGS,5645.016436745758
3,4,1,450,BFGS,5875.350435280836
3,4,2,450,BFGS,6746.195574208588
3,4,3,450,BFGS,6703.919870918715
3,4,4,450,BFGS,7221.396265024534
3,4,5,450,BFGS,5499.755627267519
3,4,6,450,BFGS,5881.030936687429
3,4,7,450,BFGS,5281.276952177927
3,4,8,450,BFGS,6710.534207258888
3,4,9,450,BFGS,5865.346317787537
3,4,10,450,BFGS,6465.792724120545
3,4,11,450,BFGS,6616.632210974971
3,4,12,450,BFGS,5601.274451332638
3,4,13,450,BFGS,5827.9442350632335
3,4,14,450,BFGS,6192.644763305834
3,4,15,450,BFGS,6451.864278574017
3,4,16,450,BFGS,6597.839188848991
3,4,17,450,BFGS,6191.5330608602035
3,4,18,450,BFGS,5501.561608976248
3,4,19,450,BFGS,5744.674958123807
3,5,0,450,BFGS,5621.857702630695
3,5,1,450,BFGS,5149.137790143986
3,5,2,450,BFGS,6015.630447793868
3,5,3,450,BFGS,5860.13911926289
3,5,4,450,BFGS,5475.888416087926
3,5,5,450,BFGS,5186.737539692
3,5,6,450,BFGS,5791.837953585169
3,5,7,450,BFGS,6028.12246856636
3,5,8,450,BFGS,6190.942752873161
3,5,9,450,BFGS,7200.085187038405
3,5,10,450,BFGS,5597.587239743173
3,5,11,450,BFGS,6855.133882161229
3,5,12,450,BFGS,5455.0341553051585
3,5,13,450,BFGS,5665.835127454397
3,5,14,450,BFGS,7234.841936853859
3,5,15,450,BFGS,6135.405455014826
3,5,16,450,BFGS,5486.113103147588
3,5,17,450,BFGS,5884.277240873862
3,5,18,450,BFGS,6250.659062086406
3,5,19,450,BFGS,6125.040158689093
3,6,0,450,BFGS,5686.374088879925
3,6,1,450,BFGS,5953.290105509574
3,6,2,450,BFGS,5651.838085765143
3,6,3,450,BFGS,5609.0800153915625
3,6,4,450,BFGS,5895.184051610819
3,6,5,450,BFGS,6679.993013247724
3,6,6,450,BFGS,5767.544057709211
3,6,7,450,BFGS,5130.793115900531
3,6,8,450,BFGS,6071.349422207502
3,6,9,450,BFGS,5608.745909743036
3,6,10,450,BFGS,6166.682420470545
3,6,11,450,BFGS,5776.601211629951
3,6,12,450,BFGS,5306.195699972779
3,6,13,450,BFGS,5651.614560949416
3,6,14,450,BFGS,5378.5937986408735
3,6,15,450,BFGS,6516.062020044544
3,6,16,450,BFGS,6037.08260362498
3,6,17,450,BFGS,6567.523483879691
3,6,18,450,BFGS,5965.76603706494
3,6,19,450,BFGS,5287.852174192094
3,7,0,450,BFGS,5574.284311725961
3,7,1,450,BFGS,5609.8786306169395
3,7,2,450,BFGS,5946.77882419015
3,7,3,450,BFGS,5823.219616117845
3,7,4,450,BFGS,5054.238333590936
3,7,5,450,BFGS,5348.124430304278
3,7,6,450,BFGS,5877.364634237976
3,7,7,450,BFGS,5538.084478240285
3,7,8,450,BFGS,4638.121184174864
3,7,9,450,BFGS,6024.1267703792855
3,7,10,450,BFGS,6179.975848082029
3,7,11,450,BFGS,6106.139027365261
3,7,12,450,BFGS,5764.149015651699
3,7,13,450,BFGS,5451.557865860605
3,7,14,450,BFGS,5860.246069886001
3,7,15,450,BFGS,6271.62640653211
3,7,16,450,BFGS,6096.29314829258
3,7,17,450,BFGS,5547.705119636049
3,7,18,450,BFGS,5693.076165747521
3,7,19,450,BFGS,5808.899812408183
4,1,0,450,BFGS,9181.854095240928
4,1,1,450,BFGS,10607.78288884846
4,1,2,450,BFGS,11473.931906836278
4,1,3,450,BFGS,9098.141689285334
4,1,4,450,BFGS,8505.849572802668
4,1,5,450,BFGS,10622.82513247366
4,1,6,450,BFGS,8489.498566521768
4,1,7,450,BFGS,9540.030275948378
4,1,8,450,BFGS,11601.259502058714
4,1,9,450,BFGS,7985.582223689446
4,1,10,450,BFGS,10218.536926070354
4,1,11,450,BFGS,9531.031753233457
4,1,12,450,BFGS,9237.958800734157
4,1,13,450,BFGS,9536.662240428112
4,1,14,450,BFGS,10095.761722600804
4,1,15,450,BFGS,9827.684241028506
4,1,16,450,BFGS,10384.600346985717
4,1,17,450,BFGS,10955.265532053996
4,1,18,450,BFGS,10434.922949765893
4,1,19,450,BFGS,9290.412253216473
4,2,0,450,BFGS,9515.48344713681
4,2,1,450,BFGS,7325.20163990318
4,2,2,450,BFGS,8258.877387237515
4,2,3,450,BFGS,8655.59163228776
4,2,4,450,BFGS,10065.31316122768
4,2,5,450,BFGS,7459.384525801886
4,2,6,450,BFGS,8281.669564172005
4,2,7,450,BFGS,8240.833095982027
4,2,8,450,BFGS,10340.417537815143
4,2,9,450,BFGS,9303.205808883351
4,2,10,450,BFGS,9996.448822344071
4,2,11,450,BFGS,9493.931264446888
4,2,12,450,BFGS,8190.010512164239
4,2,13,450,BFGS,8880.617098114883
4,2,14,450,BFGS,7525.990264365029
4,2,15,450,BFGS,9265.424705670059
4,2,16,450,BFGS,8202.235688928764
4,2,17,450,BFGS,9265.657260674092
4,2,18,450,BFGS,8803.514795457391
4,2,19,450,BFGS,9095.418636759596
4,3,0,450,BFGS,8195.85055595292
4,3,1,450,BFGS,8253.070652789638
4,3,2,450,BFGS,11142.801082617229
4,3,3,450,BFGS,10345.274060657877
4,3,4,450,BFGS,10923.141920916029
4,3,5,450,BFGS,9040.32223717218
4,3,6,450,BFGS,9874.739893912783
4,3,7,450,BFGS,9355.280851609188
4,3,8,450,BFGS,12341.617994220429
4,3,9,450,BFGS,9204.614909162367
4,3,10,450,BFGS,10531.60753937357
4,3,11,450,BFGS,11713.331811675285
4,3,12,450,BFGS,8959.472269613765
4,3,13,450,BFGS,10201.386914029612
4,3,14,450,BFGS,9685.143076686301
4,3,15,450,BFGS,10848.938066650184
4,3,16,450,BFGS,8856.109227671404
4,3,17,450,BFGS,7986.830617040687
4,3,18,450,BFGS,9923.752207522477
4,3,19,450,BFGS,9384.178913762225
4,4,0,450,BFGS,9878.27290665439
4,4,1,450,BFGS,7325.958198890883
4,4,2,450,BFGS,9096.440586299432
4,4,3,450,BFGS,8591.283827782881
4,4,4,450,BFGS,8185.433374772188
4,4,5,450,BFGS,7633.530044120699
4,4,6,450,BFGS,10035.532072030204
4,4,7,450,BFGS,9253.88998158465
4,4,8,450,BFGS,8279.580446785876
4,4,9,450,BFGS,10843.620909666484
4,4,10,450,BFGS,8422.14100944918
4,4,11,450,BFGS,9090.172114836889
4,4,12,450,BFGS,10969.627996307621
4,4,13,450,BFGS,9049.923130880736
4,4,14,450,BFGS,8124.453852252566
4,4,15,450,BFGS,9225.853928631108
4,4,16,450,BFGS,8301.562979699733
4,4,17,450,BFGS,8490.896321506874
4,4,18,450,BFGS,8642.753120209389
4,4,19,450,BFGS,8655.464098019022
4,5,0,450,BFGS,12030.47945129664
4,5,1,450,BFGS,10249.67073856396
4,5,2,450,BFGS,11288.63179818419
4,5,3,450,BFGS,10307.275208464407
4,5,4,450,BFGS,10896.137342368242
4,5,5,450,BFGS,10742.175274311121
4,5,6,450,BFGS,8568.802759590331
4,5,7,450,BFGS,12570.711105198125
4,5,8,450,BFGS,9965.458858660524
4,5,9,450,BFGS,12921.980238360615
4,5,10,450,BFGS,11353.565223271416
4,5,11,450,BFGS,10735.185718854254
4,5,12,450,BFGS,10081.116451242091
4,5,13,450,BFGS,11102.16004311837
4,5,14,450,BFGS,10865.176012056118
4,5,15,450,BFGS,11252.038934530816
4,5,16,450,BFGS,10490.644741369351
4,5,17,450,BFGS,9386.402694105667
4,5,18,450,BFGS,9696.292811484536
4,5,19,450,BFGS,9600.976204304348
4,6,0,450,BFGS,7845.182678296961
4,6,1,450,BFGS,9226.420865747572
4,6,2,450,BFGS,9917.148912127024
4,6,3,450,BFGS,9023.456363905512
4,6,4,450,BFGS,7561.448840686278
4,6,5,450,BFGS,8606.887782624803
4,6,6,450,BFGS,8650.960851288222
4,6,7,450,BFGS,9195.964652347806
4,6,8,450,BFGS,8764.33775069821
4,6,9,450,BFGS,8626.682415501942
4,6,10,450,BFGS,9389.631186914095
4,6,11,450,BFGS,8180.803740316702
4,6,12,450,BFGS,7979.023989678719
4,6,13,450,BFGS,7938.541062397342
4,6,14,450,BFGS,9391.089069951731
4,6,15,450,BFGS,8928.812042283123
4,6,16,450,BFGS,8744.73922888457
4,6,17,450,BFGS,8251.58556009762
4,6,18,450,BFGS,9631.319253896183
4,6,19,450,BFGS,8231.942962450656
4,7,0,450,BFGS,9863.541957981206
4,7,1,450,BFGS,10214.53341566645
4,7,2,450,BFGS,9423.674320415583
4,7,3,450,BFGS,10531.020698900742
4,7,4,450,BFGS,8195.384977481153
4,7,5,450,BFGS,9996.825818160545
4,7,6,450,BFGS,8915.043480580962
4,7,7,450,BFGS,8008.133604600133
4,7,8,450,BFGS,9024.039137890657
4,7,9,450,BFGS,9950.326756788261
4,7,10,450,BFGS,10502.74680792222
4,7,11,450,BFGS,9358.186835617817
4,7,12,450,BFGS,10825.238403906927
4,7,13,450,BFGS,8675.756758770327
4,7,14,450,BFGS,10583.087618935479
4,7,15,450,BFGS,9637.109165834841
4,7,16,450,BFGS,9829.498493783063
4,7,17,450,BFGS,10594.021852074748
4,7,18,450,BFGS,13564.912521702856
4,7,19,450,BFGS,11159.185608152784
5,1,0,450,BFGS,8028.189172473869
5,1,1,450,BFGS,5210.103072140058
5,1,2,450,BFGS,6329.342741784296
5,1,3,450,BFGS,8326.175945249463
5,1,4,450,BFGS,6162.014513312248
5,1,5,450,BFGS,6671.428591849923
5,1,6,450,BFGS,7182.625870268331
5,1,7,450,BFGS,6749.644450272885
5,1,8,450,BFGS,7179.671857207681
5,1,9,450,BFGS,6178.1053003280795
5,1,10,450,BFGS,6673.249690123453
5,1,11,450,BFGS,8179.733055057288
5,1,12,450,BFGS,6489.224233435935
5,1,13,450,BFGS,6556.148210394423
5,1,14,450,BFGS,6877.039455117213
5,1,15,450,BFGS,7671.363813707467
5,1,16,450,BFGS,6877.444946487705
5,1,17,450,BFGS,6745.469407391431
5,1,18,450,BFGS,7970.197477095175
5,1,19,450,BFGS,6327.642962584472
5,2,0,450,BFGS,8394.777919053546
5,2,1,450,BFGS,6644.782230000901
5,2,2,450,BFGS,7472.540591632644
5,2,3,450,BFGS,7829.810083905473
5,2,4,450,BFGS,7506.251717722471
5,2,5,450,BFGS,6435.930574530341
5,2,6,450,BFGS,6570.84066964374
5,2,7,450,BFGS,8179.405429342383
5,2,8,450,BFGS,7494.415395502172
5,2,9,450,BFGS,7589.438458133529
5,2,10,450,BFGS,7687.767135228167
5,2,11,450,BFGS,7908.778136062489
5,2,12,450,BFGS,7283.7605439223225
5,2,13,450,BFGS,7937.88432967713
5,2,14,450,BFGS,6863.398844032556
5,2,15,450,BFGS,7487.671606833158
5,2,16,450,BFGS,5549.769367159178
5,2,17,450,BFGS,7047.951400536587
5,2,18,450,BFGS,6907.520493292818
5,2,19,450,BFGS,7847.696574368307
5,3,0,450,BFGS,6702.381020995844
5,3,1,450,BFGS,5886.617656216664
5,3,2,450,BFGS,6051.2741490978
5,3,3,450,BFGS,5603.94633058165
5,3,4,450,BFGS,7611.197088149308
5,3,5,450,BFGS,7311.582818414519
5,3,6,450,BFGS,7503.281404773805
5,3,7,450,BFGS,6991.645893925817
5,3,8,450,BFGS,6966.031872187684
5,3,9,450,BFGS,6030.322256551519
5,3,10,450,BFGS,7195.061656510307
5,3,11,450,BFGS,7188.781172877949
5,3,12,450,BFGS,6845.217236454715
5,3,13,450,BFGS,5954.195907471976
5,3,14,450,BFGS,6223.087977582413
5,3,15,450,BFGS,7426.026646672861
5,3,16,450,BFGS,6947.437301104372
5,3,17,450,BFGS,9304.859519619844
5,3,18,450,BFGS,8267.813571506233
5,3,19,450,BFGS,5194.13069312869
5,4,0,450,BFGS,5931.70498863333
5,4,1,450,BFGS,6401.655495876178
5,4,2,450,BFGS,7278.789765539605
5,4,3,450,BFGS,6996.541817627903
5,4,4,450,BFGS,6334.830393292961
5,4,5,450,BFGS,7264.67695747739
5,4,6,450,BFGS,6499.807569376384
5,4,7,450,BFGS,7149.598242472573
5,4,8,450,BFGS,7263.459220481833
5,4,9,450,BFGS,7766.172838646074
5,4,10,450,BFGS,9119.790990022597
5,4,11,450,BFGS,5201.476499385903
5,4,12,450,BFGS,6415.943533601854
5,4,13,450,BFGS,6093.249952527808
5,4,14,450,BFGS,7121.017965654003
5,4,15,450,BFGS,6931.539259196035
5,4,16,450,BFGS,7118.303202569522
5,4,17,450,BFGS,7858.745968133428
5,4,18,450,BFGS,7568.233258437134
5,4,19,450,BFGS,8056.129650224098
5,5,0,450,BFGS,7794.57283052482
5,5,1,450,BFGS,8043.6160443175995
5,5,2,450,BFGS,6882.846316400104
5,5,3,450,BFGS,10229.919184717302
5,5,4,450,BFGS,7553.5361582778605
5,5,5,450,BFGS,8545.656822475128
5,5,6,450,BFGS,6825.776405453162
5,5,7,450,BFGS,7111.83532727914
5,5,8,450,BFGS,8475.996675732431
5,5,9,450,BFGS,5540.8340708245
5,5,10,450,BFGS,6725.914076452268
5,5,11,450,BFGS,6833.530675705435
5,5,12,450,BFGS,6843.828157761019
5,5,13,450,BFGS,7180.1758480087
5,5,14,450,BFGS,8564.939672426144
5,5,15,450,BFGS,7475.092245764237
5,5,16,450,BFGS,7789.916504958623
5,5,17,450,BFGS,6852.3846810763
5,5,18,450,BFGS,6697.81246797482
5,5,19,450,BFGS,7237.107058917676
5,6,0,450,BFGS,6555.303888617471
5,6,1,450,BFGS,6035.439834084289
5,6,2,450,BFGS,6912.397386266062
5,6,3,450,BFGS,6834.564443849494
5,6,4,450,BFGS,7098.13744176189
5,6,5,450,BFGS,6541.271433008975
5,6,6,450,BFGS,6232.104320530247
5,6,7,450,BFGS,6841.796653238613
5,6,8,450,BFGS,6406.048278007367
5,6,9,450,BFGS,6964.907182892123
5,6,10,450,BFGS,6513.046759020004
5,6,11,450,BFGS,7423.050056296091
5,6,12,450,BFGS,7629.365942568832
5,6,13,450,BFGS,7957.578980944498
5,6,14,450,BFGS,6264.731801854642
5,6,15,450,BFGS,8080.660199377549
5,6,16,450,BFGS,7924.611704352018
5,6,17,450,BFGS,7011.631386507598
5,6,18,450,BFGS,8465.120295129462
5,6,19,450,BFGS,7085.364901861656
5,7,0,450,BFGS,6637.32073938396
5,7,1,450,BFGS,8227.284313341339
5,7,2,450,BFGS,6718.107995368014
5,7,3,450,BFGS,6690.457511752456
5,7,4,450,BFGS,7678.671358288532
5,7,5,450,BFGS,6250.059590319461
5,7,6,450,BFGS,4859.438494595537
5,7,7,450,BFGS,8558.73285341546
5,7,8,450,BFGS,7353.911489838184
5,7,9,450,BFGS,5471.707862621322
5,7,10,450,BFGS,6118.618428011239
5,7,11,450,BFGS,7785.892364547268
5,7,12,450,BFGS,5141.920905364674
5,7,13,450,BFGS,6447.488283362405
5,7,14,450,BFGS,5929.625123889701
5,7,15,450,BFGS,6776.567674073947
5,7,16,450,BFGS,6382.487631693239
5,7,17,450,BFGS,6588.953702893186
5,7,18,450,BFGS,6618.462671609969
5,7,19,450,BFGS,6056.481028171793
6,1,0,450,BFGS,22548.949449473424
6,1,1,450,BFGS,25486.47396534354
6,1,2,450,BFGS,22482.28369714723
6,1,3,450,BFGS,27318.87657083843
6,1,4,450,BFGS,17359.94024724165
6,1,5,450,BFGS,25715.95144780307
6,1,6,450,BFGS,17955.93139589546
6,1,7,450,BFGS,23028.874249250264
6,1,8,450,BFGS,27130.298199810593
6,1,9,450,BFGS,22299.571135922655
6,1,10,450,BFGS,19546.691504163493
6,1,11,450,BFGS,25254.64994766951
6,1,12,450,BFGS,22779.526814183468
6,1,13,450,BFGS,25682.826641313884
6,1,14,450,BFGS,24650.588350466478
6,1,15,450,BFGS,21830.650462922946
6,1,16,450,BFGS,22800.405348634995
6,1,17,450,BFGS,23438.860926970403
6,1,18,450,BFGS,24684.426563609282
6,1,19,450,BFGS,27339.746012983243
6,2,0,450,BFGS,29652.648412144903
6,2,1,450,BFGS,28402.012291118113
6,2,2,450,BFGS,16623.243104734407
6,2,3,450,BFGS,29381.343042949047
6,2,4,450,BFGS,29701.822191266023
6,2,5,450,BFGS,24695.11980625544
6,2,6,450,BFGS,26353.01349240085
6,2,7,450,BFGS,22898.250530420686
6,2,8,450,BFGS,22603.577546407174
6,2,9,450,BFGS,20367.31832998967
6,2,10,450,BFGS,29872.487011744633
6,2,11,450,BFGS,24035.1546051463
6,2,12,450,BFGS,22074.262659245538
6,2,13,450,BFGS,21312.36202153122
6,2,14,450,BFGS,22552.516305247613
6,2,15,450,BFGS,20759.597655575664
6,2,16,450,BFGS,26478.929100355563
6,2,17,450,BFGS,24364.195774479755
6,2,18,450,BFGS,17897.60865961988
6,2,19,450,BFGS,20806.63767637489
6,3,0,450,BFGS,21585.676943697043
6,3,1,450,BFGS,20640.84375265154
6,3,2,450,BFGS,21968.53997529777
6,3,3,450,BFGS,25048.248462586573
6,3,4,450,BFGS,28741.898667035035
6,3,5,450,BFGS,20346.298606527336
6,3,6,450,BFGS,23338.898963746655
6,3,7,450,BFGS,20383.3537199554
6,3,8,450,BFGS,21120.50601507262
6,3,9,450,BFGS,20664.47773258989
6,3,10,450,BFGS,20442.126846811574
6,3,11,450,BFGS,21718.1783355862
6,3,12,450,BFGS,22437.548476175296
6,3,13,450,BFGS,21730.469844653802
6,3,14,450,BFGS,28340.212856004007
6,3,15,450,BFGS,21008.39921920475
6,3,16,450,BFGS,22506.183994688934
6,3,17,450,BFGS,21304.95610119323
6,3,18,450,BFGS,25124.184966382098
6,3,19,450,BFGS,20036.64941432134
6,4,0,450,BFGS,24614.247305463257
6,4,1,450,BFGS,24153.21327658731
6,4,2,450,BFGS,19568.259857589506
6,4,3,450,BFGS,19723.593594225556
6,4,4,450,BFGS,21560.206965220554
6,4,5,450,BFGS,22328.137418061786
6,4,6,450,BFGS,22801.702478389798
6,4,7,450,BFGS,29569.474003708725
6,4,8,450,BFGS,26360.085582531567
6,4,9,450,BFGS,22246.173773558738
6,4,10,450,BFGS,23568.10027527208
6,4,11,450,BFGS,22803.25639405044
6,4,12,450,BFGS,20829.320318293423
6,4,13,450,BFGS,25744.983157954648
6,4,14,450,BFGS,24559.218945478933
6,4,15,450,BFGS,16432.257661443866
6,4,16,450,BFGS,20590.72621401945
6,4,17,450,BFGS,18920.613210068852
6,4,18,450,BFGS,20763.438599938334
6,4,19,450,BFGS,26180.17785008153
6,5,0,450,BFGS,22004.775233553388
6,5,1,450,BFGS,18585.658094003767
6,5,2,450,BFGS,18446.898096912308
6,5,3,450,BFGS,16668.65680555522
6,5,4,450,BFGS,23280.25450275106
6,5,5,450,BFGS,18768.014146452886
6,5,6,450,BFGS,16565.43758410767
6,5,7,450,BFGS,19355.316549233416
6,5,8,450,BFGS,20699.077637857055
6,5,9,450,BFGS,16442.294222221615
6,5,10,450,BFGS,22641.101621788206
6,5,11,450,BFGS,22030.15613258165
6,5,12,450,BFGS,20209.276719197784
6,5,13,450,BFGS,23467.343664810374
6,5,14,450,BFGS,18150.42489312381
6,5,15,450,BFGS,15659.20015849023
6,5,16,450,BFGS,17778.139274988047
6,5,17,450,BFGS,16796.923805476916
6,5,18,450,BFGS,20406.034710439402
6,5,19,450,BFGS,17680.922609702546
6,6,0,450,BFGS,22747.199059281276
6,6,1,450,BFGS,26556.7573100429
6,6,2,450,BFGS,25826.053021298947
6,6,3,450,BFGS,24767.700361102972
6,6,4,450,BFGS,29612.890309978902
6,6,5,450,BFGS,28375.830461192105
6,6,6,450,BFGS,26335.8332556034
6,6,7,450,BFGS,18049.62583534921
6,6,8,450,BFGS,23838.11883423757
6,6,9,450,BFGS,21868.268877355134
6,6,10,450,BFGS,23007.31211500719
6,6,11,450,BFGS,28650.58303734358
6,6,12,450,BFGS,28883.253502180767
6,6,13,450,BFGS,21856.060437779957
6,6,14,450,BFGS,22030.69465057456
6,6,15,450,BFGS,21471.64783407314
6,6,16,450,BFGS,28559.020403109665
6,6,17,450,BFGS,20167.816598480385
6,6,18,450,BFGS,20411.156680555687
6,6,19,450,BFGS,26734.263011577077
6,7,0,450,BFGS,26455.950713720224
6,7,1,450,BFGS,24807.845652235977
6,7,2,450,BFGS,22550.80899190288
6,7,3,450,BFGS,21534.82988643156
6,7,4,450,BFGS,20715.997242631976
6,7,5,450,BFGS,22981.39058668578
6,7,6,450,BFGS,23858.044494010108
6,7,7,450,BFGS,25236.83701586045
6,7,8,450,BFGS,18460.406992238364
6,7,9,450,BFGS,26073.094070838775
6,7,10,450,BFGS,22569.586935448115
6,7,11,450,BFGS,19038.98489903159
6,7,12,450,BFGS,21698.115139127283
6,7,13,450,BFGS,22011.088683249152
6,7,14,450,BFGS,30151.41646374367
6,7,15,450,BFGS,28235.579930701315
6,7,16,450,BFGS,18583.244251636628
6,7,17,450,BFGS,27465.477235119233
6,7,18,450,BFGS,21256.53987380739
6,7,19,450,BFGS,24225.28149999926
7,1,0,450,BFGS,7596.890641538271
7,1,1,450,BFGS,5619.722802550466
7,1,2,450,BFGS,5634.473195894272
7,1,3,450,BFGS,7704.739733975339
7,1,4,450,BFGS,8197.606238803546
7,1,5,450,BFGS,7932.5650147158085
7,1,6,450,BFGS,6738.146702751593
7,1,7,450,BFGS,5458.0233258054295
7,1,8,450,BFGS,5827.692101755567
7,1,9,450,BFGS,5327.077685184433
7,1,10,450,BFGS,5935.929778520624
7,1,11,450,BFGS,8215.275961399428
7,1,12,450,BFGS,8380.262315772257
7,1,13,450,BFGS,6244.114428264136
7,1,14,450,BFGS,6128.20746866162
7,1,15,450,BFGS,8688.320587060085
7,1,16,450,BFGS,7851.2420349461
7,1,17,450,BFGS,7993.2918720040425
7,1,18,450,BFGS,6859.511236816565
7,1,19,450,BFGS,6431.224808665772
7,2,0,450,BFGS,6544.512304738786
7,2,1,450,BFGS,7312.784851082429
7,2,2,450,BFGS,6689.849455386639
7,2,3,450,BFGS,6897.615896519706
7,2,4,450,BFGS,8822.160469748185
7,2,5,450,BFGS,8035.780898373031
7,2,6,450,BFGS,5064.477869682302
7,2,7,450,BFGS,6194.473176620713
7,2,8,450,BFGS,7608.9949176408
7,2,9,450,BFGS,4771.87508006552
7,2,10,450,BFGS,6365.292914439361
7,2,11,450,BFGS,7001.7455512450215
7,2,12,450,BFGS,6027.907229444261
7,2,13,450,BFGS,6641.327548345551
7,2,14,450,BFGS,6523.600657512987
7,2,15,450,BFGS,6614.8761762265185
7,2,16,450,BFGS,7439.257755252546
7,2,17,450,BFGS,6788.464599003309
7,2,18,450,BFGS,5923.249884509551
7,2,19,450,BFGS,7755.676828204387
7,3,0,450,BFGS,6974.429270410766
7,3,1,450,BFGS,8495.797363074726
7,3,2,450,BFGS,8099.8199081784405
7,3,3,450,BFGS,6339.665570009226
7,3,4,450,BFGS,8991.028879102309
7,3,5,450,BFGS,8071.362123284132
7,3,6,450,BFGS,7239.605673853581
7,3,7,450,BFGS,7393.392583585559
7,3,8,450,BFGS,6391.322718056689
7,3,9,450,BFGS,6548.825438066267
7,3,10,450,BFGS,7416.74249318125
7,3,11,450,BFGS,7136.31093153443
7,3,12,450,BFGS,8003.884249044719
7,3,13,450,BFGS,7019.107179019693
7,3,14,450,BFGS,7109.133857108565
7,3,15,450,BFGS,7486.562410857683
7,3,16,450,BFGS,8208.118170235237
7,3,17,450,BFGS,8499.534305012196
7,3,18,450,BFGS,7610.455854166451
7,3,19,450,BFGS,6392.7690771703055
7,4,0,450,BFGS,7502.633546910136
7,4,1,450,BFGS,7058.577439771168
7,4,2,450,BFGS,6329.836228392652
7,4,3,450,BFGS,6788.504138989072
7,4,4,450,BFGS,9441.550603339501
7,4,5,450,BFGS,7291.422787333855
7,4,6,450,BFGS,8276.89002556731
7,4,7,450,BFGS,7443.127440959499
7,4,8,450,BFGS,7574.138649021457
7,4,9,450,BFGS,9343.721410327473
7,4,10,450,BFGS,10177.81197000615
7,4,11,450,BFGS,6669.193807662041
7,4,12,450,BFGS,7246.410507215649
7,4,13,450,BFGS,6310.267844566486
7,4,14,450,BFGS,9300.153901661744
7,4,15,450,BFGS,8588.566369687862
7,4,16,450,BFGS,6854.060956044663
7,4,17,450,BFGS,10089.211558444402
7,4,18,450,BFGS,8043.666993032251
7,4,19,450,BFGS,7405.016539322867
7,5,0,450,BFGS,7496.347430780406
7,5,1,450,BFGS,8062.187888260885
7,5,2,450,BFGS,7623.227215570255
7,5,3,450,BFGS,6545.248946335135
7,5,4,450,BFGS,10111.190650185094
7,5,5,450,BFGS,8320.870864178929
7,5,6,450,BFGS,8134.991007455712
7,5,7,450,BFGS,7983.949429119691
7,5,8,450,BFGS,8598.087037168347
7,5,9,450,BFGS,6790.460547307745
7,5,10,450,BFGS,11098.500187417674
7,5,11,450,BFGS,8654.25425212306
7,5,12,450,BFGS,6378.930418059937
7,5,13,450,BFGS,6641.04079078856
7,5,14,450,BFGS,9178.237628244176
7,5,15,450,BFGS,6457.456928351613
7,5,16,450,BFGS,8248.902278853599
7,5,17,450,BFGS,6041.387298245621
7,5,18,450,BFGS,7136.03835188435
7,5,19,450,BFGS,6066.553753409486
7,6,0,450,BFGS,7724.972223275644
7,6,1,450,BFGS,7003.037226346905
7,6,2,450,BFGS,9884.25652406161
7,6,3,450,BFGS,8280.75753156074
7,6,4,450,BFGS,7333.922239791376
7,6,5,450,BFGS,8901.891540688594
7,6,6,450,BFGS,6421.983072213621
7,6,7,450,BFGS,8127.905797005557
7,6,8,450,BFGS,10026.188825256226
7,6,9,450,BFGS,8145.06520574536
7,6,10,450,BFGS,7282.910935959513
7,6,11,450,BFGS,9291.411358262008
7,6,12,450,BFGS,5548.013672509542
7,6,13,450,BFGS,8385.853805679366
7,6,14,450,BFGS,7115.780189712189
7,6,15,450,BFGS,8166.7313777152885
7,6,16,450,BFGS,6763.254193813105
7,6,17,450,BFGS,8074.448588823136
7,6,18,450,BFGS,6917.678965731975
7,6,19,450,BFGS,7557.702698778839
7,7,0,450,BFGS,6882.056062669479
7,7,1,450,BFGS,7545.67102286149
7,7,2,450,BFGS,7196.4787966826525
7,7,3,450,BFGS,7887.830843336839
7,7,4,450,BFGS,6055.449171340602
7,7,5,450,BFGS,8165.454553894029
7,7,6,450,BFGS,9086.008761462706
7,7,7,450,BFGS,7365.88128394372
7,7,8,450,BFGS,8073.28720616502
7,7,9,450,BFGS,5073.723214496651
7,7,10,450,BFGS,7434.096285611825
7,7,11,450,BFGS,6321.742317755377
7,7,12,450,BFGS,8490.325371508798
7,7,13,450,BFGS,6188.830029535497
7,7,14,450,BFGS,6266.594706517873
7,7,15,450,BFGS,9962.557007377234
7,7,16,450,BFGS,7535.698748334811
7,7,17,450,BFGS,7302.62941299914
7,7,18,450,BFGS,7473.225156947242
7,7,19,450,BFGS,7948.673886610705
8,1,0,450,BFGS,13343.66652618145
8,1,1,450,BFGS,12172.445982471778
8,1,2,450,BFGS,9970.759598284567
8,1,3,450,BFGS,10259.864605967228
8,1,4,450,BFGS,11595.141194594942
8,1,5,450,BFGS,12544.489257738494
8,1,6,450,BFGS,12775.320095381481
8,1,7,450,BFGS,11052.85386498098
8,1,8,450,BFGS,11473.102845146319
8,1,9,450,BFGS,10877.312700511575
8,1,10,450,BFGS,9445.370673005546
8,1,11,450,BFGS,11256.48887449731
8,1,12,450,BFGS,10009.46395288739
8,1,13,450,BFGS,10397.156846886573
8,1,14,450,BFGS,12322.013676227762
8,1,15,450,BFGS,9460.9612855909
8,1,16,450,BFGS,11178.906237561556
8,1,17,450,BFGS,9811.955422620034
8,1,18,450,BFGS,12293.956918553562
8,1,19,450,BFGS,12470.220858375922
8,2,0,450,BFGS,10664.495468155528
8,2,1,450,BFGS,11540.375872153749
8,2,2,450,BFGS,10573.545734515774
8,2,3,450,BFGS,10951.255253618383
8,2,4,450,BFGS,14133.452970633196
8,2,5,450,BFGS,8218.103758719404
8,2,6,450,BFGS,10327.892646412434
8,2,7,450,BFGS,12440.733061473475
8,2,8,450,BFGS,11688.597261063993
8,2,9,450,BFGS,10295.866968588161
8,2,10,450,BFGS,11224.715085688398
8,2,11,450,BFGS,9713.168230981793
8,2,12,450,BFGS,14449.750807225259
8,2,13,450,BFGS,9510.317949464916
8,2,14,450,BFGS,11937.49500754839
8,2,15,450,BFGS,10747.810391617928
8,2,16,450,BFGS,9000.715806787954
8,2,17,450,BFGS,12303.866363577292
8,2,18,450,BFGS,11467.763527017427
8,2,19,450,BFGS,9975.770670312542
8,3,0,450,BFGS,11508.289826433076
8,3,1,450,BFGS,14893.990078345105
8,3,2,450,BFGS,15761.782278313118
8,3,3,450,BFGS,10048.134293666979
8,3,4,450,BFGS,9277.610053974618
8,3,5,450,BFGS,11221.669878789087
8,3,6,450,BFGS,17101.76273835098
8,3,7,450,BFGS,12082.926694573443
8,3,8,450,BFGS,14741.502662768591
8,3,9,450,BFGS,11270.008755137973
8,3,10,450,BFGS,15300.358456686237
8,3,11,450,BFGS,13370.176173724354
8,3,12,450,BFGS,13024.69412493295
8,3,13,450,BFGS,12636.006775423459
8,3,14,450,BFGS,11814.788239609423
8,3,15,450,BFGS,10901.236192389439
8,3,16,450,BFGS,14032.534414900314
8,3,17,450,BFGS,11936.050716118223
8,3,18,450,BFGS,14700.334836710126
8,3,19,450,BFGS,10831.653726501107
8,4,0,450,BFGS,9233.248167242058
8,4,1,450,BFGS,11550.518791590404
8,4,2,450,BFGS,10808.229026323303
8,4,3,450,BFGS,13127.724168594417
8,4,4,450,BFGS,9913.183467093404
8,4,5,450,BFGS,12991.007991444185
8,4,6,450,BFGS,11041.185900280729
8,4,7,450,BFGS,11769.872704262667
8,4,8,450,BFGS,9138.812911199759
8,4,9,450,BFGS,9955.069432578803
8,4,10,450,BFGS,10495.989181871677
8,4,11,450,BFGS,9174.010446290462
8,4,12,450,BFGS,7467.165876414791
8,4,13,450,BFGS,10842.26497332771
8,4,14,450,BFGS,14068.896904311945
8,4,15,450,BFGS,8482.531495410034
8,4,16,450,BFGS,11253.657551743707
8,4,17,450,BFGS,9451.001583409194
8,4,18,450,BFGS,10401.461960108
8,4,19,450,BFGS,11319.158133007753
8,5,0,450,BFGS,9827.336154670462
8,5,1,450,BFGS,13032.578863399918
8,5,2,450,BFGS,11153.475851023115
8,5,3,450,BFGS,11452.705721498685
8,5,4,450,BFGS,9874.674736317793
8,5,5,450,BFGS,9782.462379090914
8,5,6,450,BFGS,9043.132913055502
8,5,7,450,BFGS,10974.965483433472
8,5,8,450,BFGS,12754.134698544323
8,5,9,450,BFGS,13023.24810907796
8,5,10,450,BFGS,9696.145743563184
8,5,11,450,BFGS,12242.893559944365
8,5,12,450,BFGS,10117.696601880625
8,5,13,450,BFGS,15536.819191167328
8,5,14,450,BFGS,9872.300326213306
8,5,15,450,BFGS,11855.167141203654
8,5,16,450,BFGS,13107.71135640493
8,5,17,450,BFGS,11020.161291934415
8,5,18,450,BFGS,9287.174518250897
8,5,19,450,BFGS,8504.416094481368
8,6,0,450,BFGS,9471.011286273857
8,6,1,450,BFGS,13119.47374744101
8,6,2,450,BFGS,9153.468983091452
8,6,3,450,BFGS,9358.348489144031
8,6,4,450,BFGS,10436.902517488004
8,6,5,450,BFGS,11592.117186222371
8,6,6,450,BFGS,9817.098667535793
8,6,7,450,BFGS,9303.63479491348
8,6,8,450,BFGS,9757.095900942146
8,6,9,450,BFGS,8202.64825240636
8,6,10,450,BFGS,9198.722241727382
8,6,11,450,BFGS,9186.83109069847
8,6,12,450,BFGS,10246.95915745269
8,6,13,450,BFGS,8281.0827028198
8,6,14,450,BFGS,10086.261575127028
8,6,15,450,BFGS,9942.765154445115
8,6,16,450,BFGS,10916.79056370577
8,6,17,450,BFGS,10638.527946502734
8,6,18,450,BFGS,11213.580294774463
8,6,19,450,BFGS,10109.960086518855
8,7,0,450,BFGS,12035.357972596661
8,7,1,450,BFGS,15148.383482770665
8,7,2,450,BFGS,12591.186000282038
8,7,3,450,BFGS,15020.604165912695
8,7,4,450,BFGS,10886.625140520233
8,7,5,450,BFGS,11698.282732119416
8,7,6,450,BFGS,10223.321559202654
8,7,7,450,BFGS,9702.976024422336
8,7,8,450,BFGS,10069.683234986269
8,7,9,450,BFGS,11405.265830008077
8,7,10,450,BFGS,12603.095127733228
8,7,11,450,BFGS,14022.766036886687
8,7,12,450,BFGS,14605.538449691858
8,7,13,450,BFGS,11674.450004053815
8,7,14,450,BFGS,11227.809139014695
8,7,15,450,BFGS,9877.652348446798
8,7,16,450,BFGS,10021.812897613263
8,7,17,450,BFGS,10642.539266387734
8,7,18,450,BFGS,12522.38939415304
8,7,19,450,BFGS,13370.114778650383
9,1,0,450,BFGS,4911.225774139051
9,1,1,450,BFGS,4537.254100692926
9,1,2,450,BFGS,3852.508051012581
9,1,3,450,BFGS,3906.754553494866
9,1,4,450,BFGS,4372.573294369891
9,1,5,450,BFGS,4006.4383175063886
9,1,6,450,BFGS,3747.497214143465
9,1,7,450,BFGS,4473.159495495693
9,1,8,450,BFGS,3526.320408142634
9,1,9,450,BFGS,3488.787483209092
9,1,10,450,BFGS,3761.929847032829
9,1,11,450,BFGS,3513.5724551605076
9,1,12,450,BFGS,3839.394148018703
9,1,13,450,BFGS,4292.0335716810605
9,1,14,450,BFGS,3389.0113696277504
9,1,15,450,BFGS,3955.785781769314
9,1,16,450,BFGS,3783.7083633859384
9,1,17,450,BFGS,4219.49168701961
9,1,18,450,BFGS,3513.7791731318994
9,1,19,450,BFGS,3893.160439049554
9,2,0,450,BFGS,4140.242271019725
9,2,1,450,BFGS,4017.2725416606254
9,2,2,450,BFGS,4023.3484793557327
9,2,3,450,BFGS,4082.0713221119386
9,2,4,450,BFGS,4221.284562868459
9,2,5,450,BFGS,3751.2090163873117
9,2,6,450,BFGS,4951.295352587318
9,2,7,450,BFGS,4355.440667458972
9,2,8,450,BFGS,5027.962893035208
9,2,9,450,BFGS,4010.009124535287
9,2,10,450,BFGS,3696.2783828733714
9,2,11,450,BFGS,4686.814930068275
9,2,12,450,BFGS,4171.461463848105
9,2,13,450,BFGS,4679.123699957279
9,2,14,450,BFGS,5063.013685796093
9,2,15,450,BFGS,4090.684606914322
9,2,16,450,BFGS,4363.168997774985
9,2,17,450,BFGS,4315.2183708132625
9,2,18,450,BFGS,4735.373196294655
9,2,19,450,BFGS,4059.9105389491933
9,3,0,450,BFGS,4687.375269373432
9,3,1,450,BFGS,4319.171574600206
9,3,2,450,BFGS,4420.441790497154
9,3,3,450,BFGS,5053.9766869387
9,3,4,450,BFGS,3960.019064630369
9,3,5,450,BFGS,4215.627157532203
9,3,6,450,BFGS,4575.043626479196
9,3,7,450,BFGS,3673.849205760165
9,3,8,450,BFGS,4790.243428589924
9,3,9,450,BFGS,4271.281209170324
9,3,10,450,BFGS,4934.5468555758025
9,3,11,450,BFGS,3898.701022674343
9,3,12,450,BFGS,4314.633953955731
9,3,13,450,BFGS,3991.214265783521
9,3,14,450,BFGS,4799.591221541312
9,3,15,450,BFGS,3845.575314282171
9,3,16,450,BFGS,4629.602015818782
9,3,17,450,BFGS,4036.870650933907
9,3,18,450,BFGS,4523.599159713808
9,3,19,450,BFGS,3681.300485663891
9,4,0,450,BFGS,4047.5918999960395
9,4,1,450,BFGS,4095.4345762977327
9,4,2,450,BFGS,4816.723831549258
9,4,3,450,BFGS,4664.131515841964
9,4,4,450,BFGS,4064.278211871385
9,4,5,450,BFGS,3501.4267501353092
9,4,6,450,BFGS,4207.891028126909
9,4,7,450,BFGS,3984.772141138613
9,4,8,450,BFGS,3954.468036313337
9,4,9,450,BFGS,4296.403039666725
9,4,10,450,BFGS,4164.5275371918815
9,4,11,450,BFGS,3894.5547017654676
9,4,12,450,BFGS,3749.6816231350194
9,4,13,450,BFGS,4410.245034205751
9,4,14,450,BFGS,4070.893218339345
9,4,15,450,BFGS,4350.290886497997
9,4,16,450,BFGS,4388.416014727145
9,4,17,450,BFGS,4295.507692687966
9,4,18,450,BFGS,4640.672969778056
9,4,19,450,BFGS,3623.5333328454935
9,5,0,450,BFGS,4521.626991784644
9,5,1,450,BFGS,4616.450348661436
9,5,2,450,BFGS,4569.398684124297
9,5,3,450,BFGS,4264.480269725075
9,5,4,450,BFGS,3859.4923846056845
9,5,5,450,BFGS,3953.398188847167
9,5,6,450,BFGS,4277.109175495325
9,5,7,450,BFGS,3853.6704418584886
9,5,8,450,BFGS,4333.847597697952
9,5,9,450,BFGS,3743.7514317922446
9,5,10,450,BFGS,3885.614548155496
9,5,11,450,BFGS,4624.494902527182
9,5,12,450,BFGS,4226.303746742834
9,5,13,450,BFGS,4676.96894265666
9,5,14,450,BFGS,4600.232227380327
9,5,15,450,BFGS,4327.221739086092
9,5,16,450,BFGS,4868.962444997647
9,5,17,450,BFGS,4237.986001429815
9,5,18,450,BFGS,4067.4619539175687
9,5,19,450,BFGS,4522.277370398293
9,6,0,450,BFGS,4554.266155306378
9,6,1,450,BFGS,4669.72736135192
9,6,2,450,BFGS,3448.5549302794807
9,6,3,450,BFGS,3851.1394180638035
9,6,4,450,BFGS,3563.0993220086502
9,6,5,450,BFGS,3602.7543348702247
9,6,6,450,BFGS,3751.376587732935
9,6,7,450,BFGS,3103.6644827453897
9,6,8,450,BFGS,3731.328082432704
9,6,9,450,BFGS,4034.0525859721297
9,6,10,450,BFGS,4796.8470005962445
9,6,11,450,BFGS,3605.7760418086227
9,6,12,450,BFGS,4498.578295117913
9,6,13,450,BFGS,4249.63505073134
9,6,14,450,BFGS,4087.3615194124177
9,6,15,450,BFGS,3418.5597143530713
9,6,16,450,BFGS,3483.128668374852
9,6,17,450,BFGS,4668.897416954254
9,6,18,450,BFGS,3870.0854055952304
9,6,19,450,BFGS,4889.868975024631
9,7,0,450,BFGS,4778.672408693246
9,7,1,450,BFGS,3612.854929688804
9,7,2,450,BFGS,4069.8678687899073
9,7,3,450,BFGS,4141.629108000681
9,7,4,450,BFGS,3916.9420047099984
9,7,5,450,BFGS,4188.413271945779
9,7,6,450,BFGS,4255.742445002001
9,7,7,450,BFGS,4460.606047744725
9,7,8,450,BFGS,3880.8746406232494
9,7,9,450,BFGS,4019.8513243550033
9,7,10,450,BFGS,3851.405958158773
9,7,11,450,BFGS,4488.248032584657
9,7,12,450,BFGS,4583.243359225617
9,7,13,450,BFGS,3715.067391159836
9,7,14,450,BFGS,4803.802516077556
9,7,15,450,BFGS,3449.717025608175
9,7,16,450,BFGS,3863.4876760059287
9,7,17,450,BFGS,4214.843257482423
9,7,18,450,BFGS,4196.791831485527
9,7,19,450,BFGS,4131.198096863849
10,1,0,450,BFGS,9642.463315657757
10,1,1,450,BFGS,10834.727157805957
10,1,2,450,BFGS,10505.321814146353
10,1,3,450,BFGS,8508.83627465184
10,1,4,450,BFGS,8861.220660228875
10,1,5,450,BFGS,9689.946281542601
10,1,6,450,BFGS,9366.341348105056
10,1,7,450,BFGS,8179.370614329697
10,1,8,450,BFGS,9599.16789488802
10,1,9,450,BFGS,9048.72933584938
10,1,10,450,BFGS,9981.070051995739
10,1,11,450,BFGS,8498.84789971909
10,1,12,450,BFGS,9967.0589328411
10,1,13,450,BFGS,8637.719142697018
10,1,14,450,BFGS,9673.594845016461
10,1,15,450,BFGS,9014.851464180643
10,1,16,450,BFGS,8931.156782403552
10,1,17,450,BFGS,9696.203105221106
10,1,18,450,BFGS,8890.168309432964
10,1,19,450,BFGS,7735.299369494567
10,2,0,450,BFGS,10337.95329901229
10,2,1,450,BFGS,10764.81344273487
10,2,2,450,BFGS,10476.6023240656
10,2,3,450,BFGS,9925.69288687283
10,2,4,450,BFGS,10398.107096402744
10,2,5,450,BFGS,10500.442468144556
10,2,6,450,BFGS,9197.15307528571
10,2,7,450,BFGS,10377.699604078682
10,2,8,450,BFGS,9852.143369198442
10,2,9,450,BFGS,10810.358919215581
10,2,10,450,BFGS,9100.316821616889
10,2,11,450,BFGS,13135.914449771568
10,2,12,450,BFGS,11977.031970035274
10,2,13,450,BFGS,8571.400328057807
10,2,14,450,BFGS,8340.653537708453
10,2,15,450,BFGS,10375.873566408793
10,2,16,450,BFGS,10340.115529058075
10,2,17,450,BFGS,9792.915450734492
10,2,18,450,BFGS,8072.233521937569
10,2,19,450,BFGS,9403.557034706299
10,3,0,450,BFGS,10204.113553917105
10,3,1,450,BFGS,14131.200796260742
10,3,2,450,BFGS,14422.871974025573
10,3,3,450,BFGS,12944.173727555908
10,3,4,450,BFGS,13483.36629211931
10,3,5,450,BFGS,12813.770009948788
10,3,6,450,BFGS,13199.535276205334
10,3,7,450,BFGS,11249.124477452337
10,3,8,450,BFGS,11906.25424016862
10,3,9,450,BFGS,11741.909324317405
10,3,10,450,BFGS,12702.581601243353
10,3,11,450,BFGS,13522.739580718628
10,3,12,450,BFGS,14321.582859786173
10,3,13,450,BFGS,12117.947208388543
10,3,14,450,BFGS,12493.002563761589
10,3,15,450,BFGS,11830.453380070394
10,3,16,450,BFGS,11223.186098698663
10,3,17,450,BFGS,13792.866877567123
10,3,18,450,BFGS,12340.5678912063
10,3,19,450,BFGS,11217.425607391566
10,4,0,450,BFGS,9294.015877963822
10,4,1,450,BFGS,10073.821091018195
10,4,2,450,BFGS,10882.316668086622
10,4,3,450,BFGS,9120.208006863168
10,4,4,450,BFGS,12106.29144282632
10,4,5,450,BFGS,9796.675816697569
10,4,6,450,BFGS,10752.959983912511
10,4,7,450,BFGS,9105.12522951276
10,4,8,450,BFGS,10972.716686078242
10,4,9,450,BFGS,9678.246384485023
10,4,10,450,BFGS,9734.362951442994
10,4,11,450,BFGS,9162.880601215998
10,4,12,450,BFGS,9926.140236198418
10,4,13,450,BFGS,9563.562570709724
10,4,14,450,BFGS,8686.99753517485
10,4,15,450,BFGS,8713.05374102408
10,4,16,450,BFGS,9632.93645275393
10,4,17,450,BFGS,12376.126989763288
10,4,18,450,BFGS,10967.390322435014
10,4,19,450,BFGS,10836.215485909206
10,5,0,450,BFGS,14519.001742550758
10,5,1,450,BFGS,11887.6080606994
10,5,2,450,BFGS,14726.623204636098
10,5,3,450,BFGS,11814.13908174499
10,5,4,450,BFGS,12250.694331029461
10,5,5,450,BFGS,14138.612943884214
10,5,6,450,BFGS,13129.63172767762
10,5,7,450,BFGS,12646.046865128674
10,5,8,450,BFGS,15476.502009560412
10,5,9,450,BFGS,13244.118396176775
10,5,10,450,BFGS,12584.01031806395
10,5,11,450,BFGS,14990.496031867844
10,5,12,450,BFGS,11608.176348939902
10,5,13,450,BFGS,10638.775757993819
10,5,14,450,BFGS,11268.486089380996
10,5,15,450,BFGS,14865.384432986153
10,5,16,450,BFGS,16235.219389176138
10,5,17,450,BFGS,11827.437195387512
10,5,18,450,BFGS,13047.564778416738
10,5,19,450,BFGS,12264.42708341816
10,6,0,450,BFGS,10192.154240904263
10,6,1,450,BFGS,12510.486598680118
10,6,2,450,BFGS,12539.830133571075
10,6,3,450,BFGS,10888.50838951081
10,6,4,450,BFGS,11786.687311986854
10,6,5,450,BFGS,10925.16142465297
10,6,6,450,BFGS,9906.594540216494
10,6,7,450,BFGS,9938.147663944224
10,6,8,450,BFGS,8755.481613570584
10,6,9,450,BFGS,12033.054443380875
10,6,10,450,BFGS,10301.842014905047
10,6,11,450,BFGS,10781.211095181578
10,6,12,450,BFGS,11088.91881085473
10,6,13,450,BFGS,12665.84584149108
10,6,14,450,BFGS,11857.378651748553
10,6,15,450,BFGS,11733.573393862385
10,6,16,450,BFGS,9757.290200949243
10,6,17,450,BFGS,11285.574459696578
10,6,18,450,BFGS,12686.057451553304
10,6,19,450,BFGS,10903.880601272846
10,7,0,450,BFGS,10131.62281380784
10,7,1,450,BFGS,9513.46882519736
10,7,2,450,BFGS,10294.215198454736
10,7,3,450,BFGS,9045.541022014088
10,7,4,450,BFGS,11216.813119982631
10,7,5,450,BFGS,9892.634217020593
10,7,6,450,BFGS,8979.25510953786
10,7,7,450,BFGS,9777.590286742345
10,7,8,450,BFGS,9032.302344521284
10,7,9,450,BFGS,8624.7404200688
10,7,10,450,BFGS,9575.378020587177
10,7,11,450,BFGS,11840.466786583493
10,7,12,450,BFGS,8612.758394215529
10,7,13,450,BFGS,9964.102431680842
10,7,14,450,BFGS,9183.0042125217
10,7,15,450,BFGS,10236.388051032522
10,7,16,450,BFGS,9282.89911790595
10,7,17,450,BFGS,9381.996615577811
10,7,18,450,BFGS,9171.465489465474
10,7,19,450,BFGS,10208.187953139777
11,1,0,450,BFGS,2698.6602964927974
11,1,1,450,BFGS,3611.729763252429
11,1,2,450,BFGS,3257.313646558019
11,1,3,450,BFGS,3569.4748485935434
11,1,4,450,BFGS,3211.897328185044
11,1,5,450,BFGS,3897.3643237700085
11,1,6,450,BFGS,3556.9984300271803
11,1,7,450,BFGS,3175.7063889520214
11,1,8,450,BFGS,2997.2185079015608
11,1,9,450,BFGS,3273.9080269519754
11,1,10,450,BFGS,3573.1942366605263
11,1,11,450,BFGS,3923.045662810846
11,1,12,450,BFGS,3198.1994386275237
11,1,13,450,BFGS,3371.3086610838855
11,1,14,450,BFGS,3581.671315341133
11,1,15,450,BFGS,3678.3437208128034
11,1,16,450,BFGS,3115.7979923394296
11,1,17,450,BFGS,3947.742648205236
11,1,18,450,BFGS,4363.925860457142
11,1,19,450,BFGS,3268.709105761888
11,2,0,450,BFGS,3450.85800468099
11,2,1,450,BFGS,3686.83501999791
11,2,2,450,BFGS,3546.3294967602283
11,2,3,450,BFGS,3630.056582886483
11,2,4,450,BFGS,3419.503903002134
11,2,5,450,BFGS,2770.1123616424247
11,2,6,450,BFGS,3284.476014154504
11,2,7,450,BFGS,3491.184308355835
11,2,8,450,BFGS,3944.0370910350775
11,2,9,450,BFGS,3985.9172109003184
11,2,10,450,BFGS,3528.925856648152
11,2,11,450,BFGS,3052.3850087805076
11,2,12,450,BFGS,3876.5152837704372
11,2,13,450,BFGS,3456.8991907554737
11,2,14,450,BFGS,3785.2181844419965
11,2,15,450,BFGS,3556.9060256529724
11,2,16,450,BFGS,3814.002293600805
11,2,17,450,BFGS,3852.8012855019133
11,2,18,450,BFGS,3749.880818783235
11,2,19,450,BFGS,3157.339768176438
11,3,0,450,BFGS,3389.989355053553
11,3,1,450,BFGS,3699.9608884549284
11,3,2,450,BFGS,3679.0327784430037
11,3,3,450,BFGS,3045.0540548752087
11,3,4,450,BFGS,3591.0351689295303
11,3,5,450,BFGS,3685.211681950641
11,3,6,450,BFGS,4276.339411443783
11,3,7,450,BFGS,3893.762227432075
11,3,8,450,BFGS,4448.398196331025
11,3,9,450,BFGS,3945.8725722074882
11,3,10,450,BFGS,3765.1885670803867
11,3,11,450,BFGS,3607.2027424334183
11,3,12,450,BFGS,3484.1057117921823
11,3,13,450,BFGS,3894.0703336529446
11,3,14,450,BFGS,3260.2698545706617
11,3,15,450,BFGS,3271.6997284607205
11,3,16,450,BFGS,3780.4692607287298
11,3,17,450,BFGS,4214.828623401588
11,3,18,450,BFGS,3613.6896976807825
11,3,19,450,BFGS,4036.732273930954
11,4,0,450,BFGS,3522.2587228794755
11,4,1,450,BFGS,3816.194225702743
11,4,2,450,BFGS,3501.070917023334
11,4,3,450,BFGS,3820.8189766832975
11,4,4,450,BFGS,3389.403077723264
11,4,5,450,BFGS,2987.777468061494
11,4,6,450,BFGS,3358.581903202967
11,4,7,450,BFGS,3072.6614322571477
11,4,8,450,BFGS,3329.831872796243
11,4,9,450,BFGS,4134.551620577704
11,4,10,450,BFGS,3893.5684039530356
11,4,11,450,BFGS,4044.6510434405354
11,4,12,450,BFGS,3660.0268424279166
11,4,13,450,BFGS,3908.5485740274025
11,4,14,450,BFGS,4034.04311986592
11,4,15,450,BFGS,3280.7569665596834
11,4,16,450,BFGS,3777.666520221783
11,4,17,450,BFGS,3458.5049367475694
11,4,18,450,BFGS,3354.8566499214576
11,4,19,450,BFGS,3660.0551837784697
11,5,0,450,BFGS,3735.9909352601976
11,5,1,450,BFGS,3750.2927876025633
11,5,2,450,BFGS,3596.0506705280995
11,5,3,450,BFGS,4755.339263282798
11,5,4,450,BFGS,3769.6830829639575
11,5,5,450,BFGS,4091.3091157609233
11,5,6,450,BFGS,3873.661109291053
11,5,7,450,BFGS,4477.351055810343
11,5,8,450,BFGS,4261.110306068635
11,5,9,450,BFGS,4842.016871303069
11,5,10,450,BFGS,3866.8696223596967
11,5,11,450,BFGS,3938.39151749105
11,5,12,450,BFGS,3832.683751898927
11,5,13,450,BFGS,4157.805893300878
11,5,14,450,BFGS,4401.094198915691
11,5,15,450,BFGS,4337.775175937775
11,5,16,450,BFGS,3775.623065807622
11,5,17,450,BFGS,4484.933817678913
11,5,18,450,BFGS,3884.1154769507552
11,5,19,450,BFGS,3591.2770548852345
11,6,0,450,BFGS,2662.5551892714225
11,6,1,450,BFGS,4010.385846016115
11,6,2,450,BFGS,3541.2267858886025
11,6,3,450,BFGS,3594.639682309136
11,6,4,450,BFGS,3103.801911247103
11,6,5,450,BFGS,3545.6512980358902
11,6,6,450,BFGS,3872.1857918530873
11,6,7,450,BFGS,3575.4495298403835
11,6,8,450,BFGS,3624.3706426614845
11,6,9,450,BFGS,3328.2912123392352
11,6,10,450,BFGS,3301.649761897417
11,6,11,450,BFGS,3547.095023494198
11,6,12,450,BFGS,3450.568904510682
11,6,13,450,BFGS,3335.8489593399913
11,6,14,450,BFGS,3159.1312519848093
11,6,15,450,BFGS,3140.2104818519683
11,6,16,450,BFGS,3676.534390251387
11,6,17,450,BFGS,3447.3580164608175
11,6,18,450,BFGS,3617.747861162919
11,6,19,450,BFGS,3640.026937350434
11,7,0,450,BFGS,2900.9605639539354
11,7,1,450,BFGS,4156.408845892178
11,7,2,450,BFGS,3186.3830175801695
11,7,3,450,BFGS,3606.179974663913
11,7,4,450,BFGS,3810.2739390224897
11,7,5,450,BFGS,3454.138290606851
11,7,6,450,BFGS,4047.1681830306156
11,7,7,450,BFGS,3342.8240356527085
11,7,8,450,BFGS,3600.851171386794
11,7,9,450,BFGS,3910.0420566669545
11,7,10,450,BFGS,3781.2722453362803
11,7,11,450,BFGS,3328.966359639907
11,7,12,450,BFGS,3714.0760254941565
11,7,13,450,BFGS,3465.8126562998277
11,7,14,450,BFGS,3501.5622331212153
11,7,15,450,BFGS,3859.107259673425
11,7,16,450,BFGS,3480.9740873482788
11,7,17,450,BFGS,3639.976936413286
11,7,18,450,BFGS,3199.7705940608903
11,7,19,450,BFGS,3532.2596704756925
12,1,0,450,BFGS,6182.165610769123
12,1,1,450,BFGS,6763.497665792265
12,1,2,450,BFGS,7568.341654908441
12,1,3,450,BFGS,7297.3994627441225
12,1,4,450,BFGS,7243.306548643525
12,1,5,450,BFGS,7228.320322602047
12,1,6,450,BFGS,9048.84127624597
12,1,7,450,BFGS,7426.46995662436
12,1,8,450,BFGS,8043.92049877014
12,1,9,450,BFGS,7777.145715539149
12,1,10,450,BFGS,7491.895197621641
12,1,11,450,BFGS,7405.840165020815
12,1,12,450,BFGS,6725.200517746
12,1,13,450,BFGS,8075.7151246935955
12,1,14,450,BFGS,7600.394837015347
12,1,15,450,BFGS,7869.456044423265
12,1,16,450,BFGS,7343.682798220443
12,1,17,450,BFGS,7452.191483449298
12,1,18,450,BFGS,7861.881571901668
12,1,19,450,BFGS,8455.986989380424
12,2,0,450,BFGS,7457.939329267871
12,2,1,450,BFGS,7666.841898860755
12,2,2,450,BFGS,9144.041243295414
12,2,3,450,BFGS,7231.123582029648
12,2,4,450,BFGS,9286.238291548798
12,2,5,450,BFGS,6965.224247147227
12,2,6,450,BFGS,7562.626790667533
12,2,7,450,BFGS,7502.4201021352
12,2,8,450,BFGS,6931.812401866711
12,2,9,450,BFGS,7360.0664870390665
12,2,10,450,BFGS,8641.984751907148
12,2,11,450,BFGS,8137.692043775434
12,2,12,450,BFGS,6384.463595051349
12,2,13,450,BFGS,6448.259311670602
12,2,14,450,BFGS,6848.836973960422
12,2,15,450,BFGS,7830.810935274427
12,2,16,450,BFGS,8219.935045888044
12,2,17,450,BFGS,8675.338182687125
12,2,18,450,BFGS,7255.401662561997
12,2,19,450,BFGS,8709.333421920368
12,3,0,450,BFGS,8183.378620338006
12,3,1,450,BFGS,8284.851072151507
12,3,2,450,BFGS,7587.390664098221
12,3,3,450,BFGS,9330.593917071601
12,3,4,450,BFGS,7470.669760412658
12,3,5,450,BFGS,8147.551154652565
12,3,6,450,BFGS,7455.317062164586
12,3,7,450,BFGS,7376.972120202596
12,3,8,450,BFGS,8307.176214139761
12,3,9,450,BFGS,8146.663643016709
12,3,10,450,BFGS,7031.1225853963
12,3,11,450,BFGS,8396.54742170966
12,3,12,450,BFGS,9260.907247806997
12,3,13,450,BFGS,7607.137419354464
12,3,14,450,BFGS,7769.894089963656
12,3,15,450,BFGS,10931.240939656005
12,3,16,450,BFGS,9003.286663871124
12,3,17,450,BFGS,8798.392819395844
12,3,18,450,BFGS,7411.074427785612
12,3,19,450,BFGS,8301.015402434847
12,4,0,450,BFGS,7421.41901232376
12,4,1,450,BFGS,7133.402180864809
12,4,2,450,BFGS,8132.773572730128
12,4,3,450,BFGS,7405.0689579840755
12,4,4,450,BFGS,6805.561475692147
12,4,5,450,BFGS,6276.283739880543
12,4,6,450,BFGS,7034.355930146912
12,4,7,450,BFGS,6849.574402944794
12,4,8,450,BFGS,7042.362911404175
12,4,9,450,BFGS,7114.635387474351
12,4,10,450,BFGS,6837.377262094397
12,4,11,450,BFGS,6017.442760893678
12,4,12,450,BFGS,7318.223778851285
12,4,13,450,BFGS,6709.907855763273
12,4,14,450,BFGS,7546.025023947484
12,4,15,450,BFGS,7532.205006522415
12,4,16,450,BFGS,6718.990467850845
12,4,17,450,BFGS,7729.76755916786
12,4,18,450,BFGS,7324.403018863629
12,4,19,450,BFGS,7941.9081928433525
12,5,0,450,BFGS,6440.065455842019
12,5,1,450,BFGS,6699.629124895311
12,5,2,450,BFGS,8022.804866572847
12,5,3,450,BFGS,6600.750409757258
12,5,4,450,BFGS,6611.232958779928
12,5,5,450,BFGS,6032.155551352726
12,5,6,450,BFGS,6512.498319253227
12,5,7,450,BFGS,6050.0344926043745
12,5,8,450,BFGS,7571.540692458494
12,5,9,450,BFGS,6837.264317053323
12,5,10,450,BFGS,6773.974854584936
12,5,11,450,BFGS,7219.239718774758
12,5,12,450,BFGS,6994.294779276499
12,5,13,450,BFGS,6784.614364342324
12,5,14,450,BFGS,6064.949524369955
12,5,15,450,BFGS,7986.951663273731
12,5,16,450,BFGS,6756.51776087994
12,5,17,450,BFGS,6621.784795948278
12,5,18,450,BFGS,7892.692327244502
12,5,19,450,BFGS,7411.814769487649
12,6,0,450,BFGS,7307.918318228372
12,6,1,450,BFGS,7905.24927450967
12,6,2,450,BFGS,8290.384725308542
12,6,3,450,BFGS,6165.1593596518815
12,6,4,450,BFGS,6732.279848117259
12,6,5,450,BFGS,7456.4212694607395
12,6,6,450,BFGS,7331.8752772331145
12,6,7,450,BFGS,8290.224709733808
12,6,8,450,BFGS,7811.070819017437
12,6,9,450,BFGS,6407.359942528204
12,6,10,450,BFGS,7938.049863881917
12,6,11,450,BFGS,8412.179796863855
12,6,12,450,BFGS,7835.76876325438
12,6,13,450,BFGS,7985.106098379861
12,6,14,450,BFGS,7706.453151454811
12,6,15,450,BFGS,7067.785478815555
12,6,16,450,BFGS,8071.1937098947055
12,6,17,450,BFGS,7791.542691568591
12,6,18,450,BFGS,7485.115351011329
12,6,19,450,BFGS,6897.726017324622
12,7,0,450,BFGS,7971.69662484104
12,7,1,450,BFGS,7579.146932723336
12,7,2,450,BFGS,8124.183415999194
12,7,3,450,BFGS,6753.413997765707
12,7,4,450,BFGS,7043.544578156708
12,7,5,450,BFGS,8138.116270916012
12,7,6,450,BFGS,7008.267678162847
12,7,7,450,BFGS,8191.291505391545
12,7,8,450,BFGS,7836.370491881729
12,7,9,450,BFGS,6987.025527731819
12,7,10,450,BFGS,7990.390168027476
12,7,11,450,BFGS,6323.337441986955
12,7,12,450,BFGS,6329.522065650637
12,7,13,450,BFGS,5941.05290468748
12,7,14,450,BFGS,7056.711180197649
12,7,15,450,BFGS,7093.3531231246525
12,7,16,450,BFGS,7817.374034910441
12,7,17,450,BFGS,6695.716049530961
12,7,18,450,BFGS,8231.149159371671
12,7,19,450,BFGS,6957.813843015595
13,1,0,450,BFGS,7580.9359745012725
13,1,1,450,BFGS,6000.6072929690245
13,1,2,450,BFGS,6595.930412604073
13,1,3,450,BFGS,7012.577791253533
13,1,4,450,BFGS,6854.0048948863605
13,1,5,450,BFGS,6695.085689888144
13,1,6,450,BFGS,7549.735526649763
13,1,7,450,BFGS,7498.501744769179
13,1,8,450,BFGS,5806.506077486185
13,1,9,450,BFGS,5955.567388611498
13,1,10,450,BFGS,7754.475709475226
13,1,11,450,BFGS,7590.366357233046
13,1,12,450,BFGS,7657.536032117401
13,1,13,450,BFGS,6504.760985281569
13,1,14,450,BFGS,6734.448552695484
13,1,15,450,BFGS,7346.179555607184
13,1,16,450,BFGS,5831.9855609514925
13,1,17,450,BFGS,7437.764912435138
13,1,18,450,BFGS,7833.7138945068855
13,1,19,450,BFGS,7026.117591613555
13,2,0,450,BFGS,7475.597299979555
13,2,1,450,BFGS,7338.453374156454
13,2,2,450,BFGS,6840.113064832014
13,2,3,450,BFGS,7000.292322747988
13,2,4,450,BFGS,5955.0859195788025
13,2,5,450,BFGS,6953.2487522186675
13,2,6,450,BFGS,6744.096777830584
13,2,7,450,BFGS,7262.887181570094
13,2,8,450,BFGS,6856.048621914197
13,2,9,450,BFGS,7670.538380793382
13,2,10,450,BFGS,7285.287242166995
13,2,11,450,BFGS,6908.77679906411
13,2,12,450,BFGS,7400.218925273637
13,2,13,450,BFGS,8021.841905652656
13,2,14,450,BFGS,6572.098333237987
13,2,15,450,BFGS,6830.266199442347
13,2,16,450,BFGS,5662.270967067995
13,2,17,450,BFGS,7402.996474330945
13,2,18,450,BFGS,7419.66721476737
13,2,19,450,BFGS,7015.394434474772
13,3,0,450,BFGS,7463.70555974287
13,3,1,450,BFGS,7750.277951698217
13,3,2,450,BFGS,7295.291116448126
13,3,3,450,BFGS,7765.771755995978
13,3,4,450,BFGS,5566.205903978726
13,3,5,450,BFGS,7378.214965701261
13,3,6,450,BFGS,8440.002269243816
13,3,7,450,BFGS,7146.511377901513
13,3,8,450,BFGS,8520.715945278993
13,3,9,450,BFGS,7646.429958498359
13,3,10,450,BFGS,7888.982117567652
13,3,11,450,BFGS,8421.322346128283
13,3,12,450,BFGS,7165.270233032265
13,3,13,450,BFGS,7083.970730877718
13,3,14,450,BFGS,7599.759445028638
13,3,15,450,BFGS,7845.222448194092
13,3,16,450,BFGS,7564.027742503053
13,3,17,450,BFGS,8141.286989527698
13,3,18,450,BFGS,7475.511254207172
13,3,19,450,BFGS,8604.896282086847
13,4,0,450,BFGS,7263.033177901147
13,4,1,450,BFGS,7564.85760725301
13,4,2,450,BFGS,7937.4937415584245
13,4,3,450,BFGS,8640.953561127617
13,4,4,450,BFGS,6833.937708534284
13,4,5,450,BFGS,7441.819886311631
13,4,6,450,BFGS,6705.497293461646
13,4,7,450,BFGS,6641.244232954447
13,4,8,450,BFGS,7727.435638399868
13,4,9,450,BFGS,7611.347496072067
13,4,10,450,BFGS,8486.798876126612
13,4,11,450,BFGS,7789.921840236812
13,4,12,450,BFGS,8198.664392487917
13,4,13,450,BFGS,6850.130001585269
13,4,14,450,BFGS,7252.7037556161595
13,4,15,450,BFGS,7175.262161097335
13,4,16,450,BFGS,7374.82815137275
13,4,17,450,BFGS,7311.368026245918
13,4,18,450,BFGS,7294.443507455168
13,4,19,450,BFGS,6773.674525961261
13,5,0,450,BFGS,7995.453628151795
13,5,1,450,BFGS,7099.967730679063
13,5,2,450,BFGS,8060.205000873766
13,5,3,450,BFGS,8258.59079892495
13,5,4,450,BFGS,6695.863036258099
13,5,5,450,BFGS,6544.112348517991
13,5,6,450,BFGS,7471.655308987401
13,5,7,450,BFGS,6928.176242721149
13,5,8,450,BFGS,8107.3549062985285
13,5,9,450,BFGS,8816.300431075457
13,5,10,450,BFGS,8187.4394281454515
13,5,11,450,BFGS,8205.413966430904
13,5,12,450,BFGS,7420.506053472109
13,5,13,450,BFGS,7212.673505340473
13,5,14,450,BFGS,7242.578796599245
13,5,15,450,BFGS,8791.8327978489
13,5,16,450,BFGS,7549.139328166244
13,5,17,450,BFGS,7250.963650224243
13,5,18,450,BFGS,7456.6415082250915
13,5,19,450,BFGS,5769.250137904685
13,6,0,450,BFGS,6963.062845172168
13,6,1,450,BFGS,7627.907494242272
13,6,2,450,BFGS,7016.40325653989
13,6,3,450,BFGS,7816.683194383881
13,6,4,450,BFGS,7250.336824831479
13,6,5,450,BFGS,6768.561587567088
13,6,6,450,BFGS,8198.69600573705
13,6,7,450,BFGS,6773.577320625659
13,6,8,450,BFGS,7156.608295872904
13,6,9,450,BFGS,8156.9166693895295
13,6,10,450,BFGS,7504.32620610887
13,6,11,450,BFGS,8835.223571765044
13,6,12,450,BFGS,7709.71253839625
13,6,13,450,BFGS,7361.598063834369
13,6,14,450,BFGS,8611.77129106539
13,6,15,450,BFGS,7290.1687955085945
13,6,16,450,BFGS,7148.643283750241
13,6,17,450,BFGS,7244.074822704828
13,6,18,450,BFGS,8193.111282700453
13,6,19,450,BFGS,6050.513161544816
13,7,0,450,BFGS,6507.531036697495
13,7,1,450,BFGS,7503.726327323115
13,7,2,450,BFGS,7316.549513929769
13,7,3,450,BFGS,6299.250590532194
13,7,4,450,BFGS,6765.33344442186
13,7,5,450,BFGS,7196.023056490071
13,7,6,450,BFGS,7107.722987236044
13,7,7,450,BFGS,6340.238463046713
13,7,8,450,BFGS,6392.666108185117
13,7,9,450,BFGS,8014.220266458413
13,7,10,450,BFGS,7136.2808714827515
13,7,11,450,BFGS,7463.539435060166
13,7,12,450,BFGS,7513.3589891078
13,7,13,450,BFGS,7875.290846233281
13,7,14,450,BFGS,6593.048884454715
13,7,15,450,BFGS,6899.620900096736
13,7,16,450,BFGS,6624.907334666066
13,7,17,450,BFGS,6530.623411395964
13,7,18,450,BFGS,7565.989657610951
13,7,19,450,BFGS,6713.825503070741
14,1,0,450,BFGS,8639.161862564624
14,1,1,450,BFGS,10015.329522768392
14,1,2,450,BFGS,8987.212299640292
14,1,3,450,BFGS,8311.16800860556
14,1,4,450,BFGS,9161.190057412008
14,1,5,450,BFGS,8301.27017542263
14,1,6,450,BFGS,8185.728968270783
14,1,7,450,BFGS,7468.383105552408
14,1,8,450,BFGS,9300.443867263712
14,1,9,450,BFGS,8342.92392419656
14,1,10,450,BFGS,7752.963184434857
14,1,11,450,BFGS,6229.228731183986
14,1,12,450,BFGS,7876.262456613306
14,1,13,450,BFGS,8982.192915147483
14,1,14,450,BFGS,10730.26851612829
14,1,15,450,BFGS,8681.385735590284
14,1,16,450,BFGS,9524.504155534516
14,1,17,450,BFGS,9798.882596837453
14,1,18,450,BFGS,10252.345098128842
14,1,19,450,BFGS,9247.555573115666
14,2,0,450,BFGS,8235.036853692478
14,2,1,450,BFGS,10726.531861896243
14,2,2,450,BFGS,9237.875533331033
14,2,3,450,BFGS,11383.484235073338
14,2,4,450,BFGS,10389.72542640916
14,2,5,450,BFGS,11097.714113605061
14,2,6,450,BFGS,8925.86726436061
14,2,7,450,BFGS,8901.977032145885
14,2,8,450,BFGS,8614.738706731303
14,2,9,450,BFGS,10013.612705960755
14,2,10,450,BFGS,10342.220363254499
14,2,11,450,BFGS,14372.364464821367
14,2,12,450,BFGS,10548.269904736882
14,2,13,450,BFGS,9108.388642664835
14,2,14,450,BFGS,10661.619528655561
14,2,15,450,BFGS,7698.615805718087
14,2,16,450,BFGS,9515.712429617488
14,2,17,450,BFGS,10234.405588189644
14,2,18,450,BFGS,7023.744074421435
14,2,19,450,BFGS,11494.155307522738
14,3,0,450,BFGS,6705.785528826838
14,3,1,450,BFGS,10586.711974283127
14,3,2,450,BFGS,9699.838005348503
14,3,3,450,BFGS,8216.725168272847
14,3,4,450,BFGS,7968.312110950079
14,3,5,450,BFGS,10363.805805675805
14,3,6,450,BFGS,11716.998845571983
14,3,7,450,BFGS,7114.067349702305
14,3,8,450,BFGS,7766.336313261476
14,3,9,450,BFGS,11814.410362315051
14,3,10,450,BFGS,10641.405837121598
14,3,11,450,BFGS,6685.53067236222
14,3,12,450,BFGS,8193.513833934961
14,3,13,450,BFGS,8628.7862897889
14,3,14,450,BFGS,8771.126678978904
14,3,15,450,BFGS,8061.360851498199
14,3,16,450,BFGS,10204.723608305221
14,3,17,450,BFGS,6978.49112916035
14,3,18,450,BFGS,7778.049767433562
14,3,19,450,BFGS,10656.661745473333
14,4,0,450,BFGS,12981.624013844066
14,4,1,450,BFGS,9418.140388123968
14,4,2,450,BFGS,8149.604142691567
14,4,3,450,BFGS,8130.168467912982
14,4,4,450,BFGS,9918.067598197304
14,4,5,450,BFGS,11230.929419488386
14,4,6,450,BFGS,10038.230832315567
14,4,7,450,BFGS,7427.855337259953
14,4,8,450,BFGS,9269.681684496085
14,4,9,450,BFGS,13155.253134118344
14,4,10,450,BFGS,9496.728413058278
14,4,11,450,BFGS,8075.874893425343
14,4,12,450,BFGS,8223.204473526896
14,4,13,450,BFGS,10620.55888672882
14,4,14,450,BFGS,9975.43773025542
14,4,15,450,BFGS,10886.27500344358
14,4,16,450,BFGS,9175.768686498313
14,4,17,450,BFGS,11102.901596505686
14,4,18,450,BFGS,10616.024253777023
14,4,19,450,BFGS,11932.574566589923
14,5,0,450,BFGS,8982.329197440533
14,5,1,450,BFGS,13630.63495558635
14,5,2,450,BFGS,9292.291058608516
14,5,3,450,BFGS,13240.410734632776
14,5,4,450,BFGS,9170.353606879764
14,5,5,450,BFGS,10847.441214085793
14,5,6,450,BFGS,10222.309923471727
14,5,7,450,BFGS,11447.613158192016
14,5,8,450,BFGS,11956.46778057791
14,5,9,450,BFGS,8777.137884192962
14,5,10,450,BFGS,9976.198540568459
14,5,11,450,BFGS,11142.791335339367
14,5,12,450,BFGS,7278.833962792258
14,5,13,450,BFGS,8931.036318323899
14,5,14,450,BFGS,11569.89980267923
14,5,15,450,BFGS,13446.034094542609
14,5,16,450,BFGS,9909.446288589665
14,5,17,450,BFGS,13019.222651391934
14,5,18,450,BFGS,8794.739641458356
14,5,19,450,BFGS,10454.420437942692
14,6,0,450,BFGS,9791.5090412757
14,6,1,450,BFGS,6549.39997581694
14,6,2,450,BFGS,10466.867568195645
14,6,3,450,BFGS,7107.685329347525
14,6,4,450,BFGS,8294.4493043483
14,6,5,450,BFGS,8367.44686052426
14,6,6,450,BFGS,8853.138137439026
14,6,7,450,BFGS,7361.2305629176735
14,6,8,450,BFGS,7682.426516339304
14,6,9,450,BFGS,8680.132943903354
14,6,10,450,BFGS,9946.664891782268
14,6,11,450,BFGS,9696.764557052971
14,6,12,450,BFGS,7042.599115607003
14,6,13,450,BFGS,9631.909562476707
14,6,14,450,BFGS,12072.718656816018
14,6,15,450,BFGS,9283.71871640975
14,6,16,450,BFGS,7250.487695656826
14,6,17,450,BFGS,10431.891272977165
14,6,18,450,BFGS,7550.468478345803
14,6,19,450,BFGS,8418.578601702431
14,7,0,450,BFGS,10616.183551807408
14,7,1,450,BFGS,9819.524748908852
14,7,2,450,BFGS,8830.866762447286
14,7,3,450,BFGS,8155.403229088799
14,7,4,450,BFGS,7463.716333116901
14,7,5,450,BFGS,9356.596639734775
14,7,6,450,BFGS,10625.669940071035
14,7,7,450,BFGS,11208.613485509624
14,7,8,450,BFGS,10994.352148252721
14,7,9,450,BFGS,9762.330662954933
14,7,10,450,BFGS,9155.497597664227
14,7,11,450,BFGS,10131.970985676397
14,7,12,450,BFGS,9244.235431585137
14,7,13,450,BFGS,8760.925511635549
14,7,14,450,BFGS,8888.335466923549
14,7,15,450,BFGS,8659.015711873642
14,7,16,450,BFGS,11592.862936358491
14,7,17,450,BFGS,9628.938831364003
14,7,18,450,BFGS,9818.13694976317
14,7,19,450,BFGS,10589.694349874198
15,1,0,450,BFGS,12445.033941244961
15,1,1,450,BFGS,12101.361723820664
15,1,2,450,BFGS,14773.845166516388
15,1,3,450,BFGS,12461.142997064071
15,1,4,450,BFGS,10897.158307909516
15,1,5,450,BFGS,12274.840506996272
15,1,6,450,BFGS,10859.771095578368
15,1,7,450,BFGS,11692.265488274534
15,1,8,450,BFGS,11990.938522000042
15,1,9,450,BFGS,11081.059553858338
15,1,10,450,BFGS,10729.337950903167
15,1,11,450,BFGS,11192.239532100348
15,1,12,450,BFGS,11865.569534074244
15,1,13,450,BFGS,12355.278981017811
15,1,14,450,BFGS,10752.0090643682
15,1,15,450,BFGS,13001.328445876572
15,1,16,450,BFGS,11605.799281640539
15,1,17,450,BFGS,11254.066834049505
15,1,18,450,BFGS,12554.581242764474
15,1,19,450,BFGS,10357.372991226806
15,2,0,450,BFGS,15466.359538529223
15,2,1,450,BFGS,11927.03252101125
15,2,2,450,BFGS,12890.02734336231
15,2,3,450,BFGS,15221.374189377364
15,2,4,450,BFGS,14027.735903817927
15,2,5,450,BFGS,14402.137691585938
15,2,6,450,BFGS,12467.063214062773
15,2,7,450,BFGS,12637.666073079201
15,2,8,450,BFGS,12668.963969466196
15,2,9,450,BFGS,11792.037875237109
15,2,10,450,BFGS,12880.796468422624
15,2,11,450,BFGS,12146.028074206233
15,2,12,450,BFGS,16978.683907116356
15,2,13,450,BFGS,13958.079370160809
15,2,14,450,BFGS,13422.844312634792
15,2,15,450,BFGS,12617.5341636733
15,2,16,450,BFGS,11230.853101418354
15,2,17,450,BFGS,16859.931731763525
15,2,18,450,BFGS,18241.115251216015
15,2,19,450,BFGS,11358.426849640582
15,3,0,450,BFGS,16226.832199771008
15,3,1,450,BFGS,12868.297944387312
15,3,2,450,BFGS,12432.253787236179
15,3,3,450,BFGS,10716.54229011172
15,3,4,450,BFGS,13333.451704291929
15,3,5,450,BFGS,11845.64891456338
15,3,6,450,BFGS,11304.11127552832
15,3,7,450,BFGS,12491.818497621227
15,3,8,450,BFGS,16937.59229394554
15,3,9,450,BFGS,14484.510087084709
15,3,10,450,BFGS,17656.066772513044
15,3,11,450,BFGS,13904.678380097826
15,3,12,450,BFGS,11695.347342042314
15,3,13,450,BFGS,10803.405133021128
15,3,14,450,BFGS,14229.794459966844
15,3,15,450,BFGS,11620.001437095827
15,3,16,450,BFGS,12362.584853399594
15,3,17,450,BFGS,11045.254889878168
15,3,18,450,BFGS,10721.765854291762
15,3,19,450,BFGS,12617.182265674215
15,4,0,450,BFGS,13354.825626701313
15,4,1,450,BFGS,12161.006788239201
15,4,2,450,BFGS,17716.443882269094
15,4,3,450,BFGS,13340.402341321951
15,4,4,450,BFGS,13422.062372490163
15,4,5,450,BFGS,12702.727574891383
15,4,6,450,BFGS,13345.321172323813
15,4,7,450,BFGS,11730.873394423315
15,4,8,450,BFGS,12946.676215721505
15,4,9,450,BFGS,12362.568181536619
15,4,10,450,BFGS,11998.588605313964
15,4,11,450,BFGS,11617.50021155924
15,4,12,450,BFGS,15486.899055885886
15,4,13,450,BFGS,13635.608407050036
15,4,14,450,BFGS,13321.25791905023
15,4,15,450,BFGS,14251.15606938579
15,4,16,450,BFGS,11850.463253036438
15,4,17,450,BFGS,15249.299638121493
15,4,18,450,BFGS,13206.320301596505
15,4,19,450,BFGS,12968.394049192675
15,5,0,450,BFGS,14063.199805326689
15,5,1,450,BFGS,15471.89545768871
15,5,2,450,BFGS,14539.645186060996
15,5,3,450,BFGS,13979.229510112098
15,5,4,450,BFGS,16284.052656070533
15,5,5,450,BFGS,11332.359027323197
15,5,6,450,BFGS,15378.843685700478
15,5,7,450,BFGS,13541.538153066556
15,5,8,450,BFGS,13639.41942992751
15,5,9,450,BFGS,12424.265815855422
15,5,10,450,BFGS,18513.829637841936
15,5,11,450,BFGS,14327.269547251393
15,5,12,450,BFGS,12977.703012809923
15,5,13,450,BFGS,14106.248333283029
15,5,14,450,BFGS,18243.75408795636
15,5,15,450,BFGS,11953.310538584425
15,5,16,450,BFGS,15186.865904855378
15,5,17,450,BFGS,12587.58151155077
15,5,18,450,BFGS,22113.247835887913
15,5,19,450,BFGS,12462.716517434124
15,6,0,450,BFGS,12813.716891368218
15,6,1,450,BFGS,13183.425983702205
15,6,2,450,BFGS,16355.157952661291
15,6,3,450,BFGS,12275.042969351149
15,6,4,450,BFGS,14498.770675190985
15,6,5,450,BFGS,14848.380469411435
15,6,6,450,BFGS,14089.923437660593
15,6,7,450,BFGS,15193.115532113408
15,6,8,450,BFGS,12870.609565619841
15,6,9,450,BFGS,11796.60562377975
15,6,10,450,BFGS,16882.79116202659
15,6,11,450,BFGS,13328.055497356481
15,6,12,450,BFGS,14246.634730169018
15,6,13,450,BFGS,12959.6507957774
15,6,14,450,BFGS,15815.52377701108
15,6,15,450,BFGS,13058.447923634063
15,6,16,450,BFGS,14130.62844112109
15,6,17,450,BFGS,14196.269395982838
15,6,18,450,BFGS,15615.46667233182
15,6,19,450,BFGS,13404.37413150058
15,7,0,450,BFGS,13305.47824334299
15,7,1,450,BFGS,12564.947754196357
15,7,2,450,BFGS,13210.63965949108
15,7,3,450,BFGS,11933.445452482276
15,7,4,450,BFGS,11619.668120703931
15,7,5,450,BFGS,12637.993194849796
15,7,6,450,BFGS,12789.117836692554
15,7,7,450,BFGS,10972.144953867035
15,7,8,450,BFGS,11832.413860239132
15,7,9,450,BFGS,13275.98118933057
15,7,10,450,BFGS,11091.98357921245
15,7,11,450,BFGS,11904.931540495058
15,7,12,450,BFGS,11313.701936897602
15,7,13,450,BFGS,11222.028861483275
15,7,14,450,BFGS,12695.068703360263
15,7,15,450,BFGS,12695.605548747291
15,7,16,450,BFGS,10673.619232499172
15,7,17,450,BFGS,11982.897485531867
15,7,18,450,BFGS,16599.98422414419
15,7,19,450,BFGS,13815.27727838921
16,1,0,450,BFGS,4974.788568749449
16,1,1,450,BFGS,5879.980525987783
16,1,2,450,BFGS,5743.027933690153
16,1,3,450,BFGS,4952.609995028659
16,1,4,450,BFGS,5170.689997178786
16,1,5,450,BFGS,5236.520307193407
16,1,6,450,BFGS,4463.239056815901
16,1,7,450,BFGS,3462.6532879387755
16,1,8,450,BFGS,5297.027393393277
16,1,9,450,BFGS,5525.291214132154
16,1,10,450,BFGS,4333.976845667354
16,1,11,450,BFGS,5573.749175541235
16,1,12,450,BFGS,4565.159111456613
16,1,13,450,BFGS,5350.9722800988675
16,1,14,450,BFGS,4874.561613242518
16,1,15,450,BFGS,4438.186874784762
16,1,16,450,BFGS,4700.7173345637575
16,1,17,450,BFGS,5545.660140219241
16,1,18,450,BFGS,4866.348152175795
16,1,19,450,BFGS,4369.44190326889
16,2,0,450,BFGS,4983.5155754550005
16,2,1,450,BFGS,5522.209433598444
16,2,2,450,BFGS,6202.6547687625725
16,2,3,450,BFGS,7263.828363435945
16,2,4,450,BFGS,5296.751538388808
16,2,5,450,BFGS,5451.403851835261
16,2,6,450,BFGS,4959.832882234609
16,2,7,450,BFGS,6172.9228890082295
16,2,8,450,BFGS,5879.096674817681
16,2,9,450,BFGS,5243.003436844591
16,2,10,450,BFGS,6245.546284136966
16,2,11,450,BFGS,6449.095795379777
16,2,12,450,BFGS,4869.313828647226
16,2,13,450,BFGS,5765.714908804132
16,2,14,450,BFGS,4986.510719314546
16,2,15,450,BFGS,5127.26103936627
16,2,16,450,BFGS,5825.060874031883
16,2,17,450,BFGS,4854.848848089679
16,2,18,450,BFGS,6313.743992084497
16,2,19,450,BFGS,4605.109327015102
16,3,0,450,BFGS,3886.3530013337386
16,3,1,450,BFGS,4345.854274929625
16,3,2,450,BFGS,4314.411886471338
16,3,3,450,BFGS,3541.1699736342293
16,3,4,450,BFGS,4033.7333009170884
16,3,5,450,BFGS,3961.9891464558586
16,3,6,450,BFGS,4579.183008237251
16,3,7,450,BFGS,5002.051629674432
16,3,8,450,BFGS,4087.2153249664134
16,3,9,450,BFGS,4116.669582237177
16,3,10,450,BFGS,3993.3643189178683
16,3,11,450,BFGS,4540.528201498748
16,3,12,450,BFGS,4471.973337545052
16,3,13,450,BFGS,4525.498405264687
16,3,14,450,BFGS,4815.827199171683
16,3,15,450,BFGS,4259.323703663843
16,3,16,450,BFGS,3775.9381424222183
16,3,17,450,BFGS,4771.298888207557
16,3,18,450,BFGS,4154.751722920998
16,3,19,450,BFGS,3964.3537428103177
16,4,0,450,BFGS,5694.733332946009
16,4,1,450,BFGS,4911.28122150592
16,4,2,450,BFGS,6418.2261496958145
16,4,3,450,BFGS,5378.77926452226
16,4,4,450,BFGS,5838.833336202595
16,4,5,450,BFGS,6375.022392122665
16,4,6,450,BFGS,5739.675679714082
16,4,7,450,BFGS,5834.1960906687
16,4,8,450,BFGS,6158.283416378235
16,4,9,450,BFGS,6438.011950498788
16,4,10,450,BFGS,5157.427569761222
16,4,11,450,BFGS,4888.53920624059
16,4,12,450,BFGS,6627.55918493569
16,4,13,450,BFGS,6318.182963100181
16,4,14,450,BFGS,5195.452103772286
16,4,15,450,BFGS,5589.768282018986
16,4,16,450,BFGS,5646.435468519206
16,4,17,450,BFGS,6340.181770671368
16,4,18,450,BFGS,6166.420858351634
16,4,19,450,BFGS,4978.316324328468
16,5,0,450,BFGS,4805.314549514855
16,5,1,450,BFGS,5364.792447704168
16,5,2,450,BFGS,5121.373832280629
16,5,3,450,BFGS,4848.963636097766
16,5,4,450,BFGS,5179.443178296389
16,5,5,450,BFGS,5698.392353978248
16,5,6,450,BFGS,5470.525308890142
16,5,7,450,BFGS,5225.415464877788
16,5,8,450,BFGS,5009.906166879062
16,5,9,450,BFGS,5883.209851716683
16,5,10,450,BFGS,5649.346820739061
16,5,11,450,BFGS,4765.527759204219
16,5,12,450,BFGS,5107.821814182133
16,5,13,450,BFGS,4052.6908049205895
16,5,14,450,BFGS,6433.827167777775
16,5,15,450,BFGS,5560.7953511208725
16,5,16,450,BFGS,4893.4650933479825
16,5,17,450,BFGS,4257.553143431005
16,5,18,450,BFGS,4308.337294748308
16,5,19,450,BFGS,5435.395182495389
16,6,0,450,BFGS,4803.905895869304
16,6,1,450,BFGS,5244.642468532793
16,6,2,450,BFGS,5138.161832397054
16,6,3,450,BFGS,5878.923914645042
16,6,4,450,BFGS,5432.18957214245
16,6,5,450,BFGS,4890.787885193125
16,6,6,450,BFGS,4316.123295400194
16,6,7,450,BFGS,6320.11303341974
16,6,8,450,BFGS,5730.542930566242
16,6,9,450,BFGS,4677.215197215602
16,6,10,450,BFGS,5111.309062246855
16,6,11,450,BFGS,3801.6206916695346
16,6,12,450,BFGS,5588.07452323086
16,6,13,450,BFGS,6078.758907939151
16,6,14,450,BFGS,5555.803032283964
16,6,15,450,BFGS,4082.953254202076
16,6,16,450,BFGS,5795.556089894146
16,6,17,450,BFGS,5567.9067221519745
16,6,18,450,BFGS,5396.374287061465
16,6,19,450,BFGS,4547.416550896802
16,7,0,450,BFGS,6480.752087666617
16,7,1,450,BFGS,4946.455322804107
16,7,2,450,BFGS,5326.404463467152
16,7,3,450,BFGS,5976.193072071291
16,7,4,450,BFGS,5502.459344679617
16,7,5,450,BFGS,5505.935366188946
16,7,6,450,BFGS,4870.895670014714
16,7,7,450,BFGS,6300.769641338108
16,7,8,450,BFGS,4930.580736040069
16,7,9,450,BFGS,5191.4704815917
16,7,10,450,BFGS,5086.735827027582
16,7,11,450,BFGS,6541.879037550943
16,7,12,450,BFGS,5380.842886334658
16,7,13,450,BFGS,4850.034390106675
16,7,14,450,BFGS,6388.739879531675
16,7,15,450,BFGS,5326.800724435906
16,7,16,450,BFGS,5269.160050116466
16,7,17,450,BFGS,6418.013408487643
16,7,18,450,BFGS,4698.1470412434155
16,7,19,450,BFGS,5516.739967637252
17,1,0,450,BFGS,1903.28310066233
17,1,1,450,BFGS,1687.7740241544557
17,1,2,450,BFGS,2022.0928660265217
17,1,3,450,BFGS,1617.8812771645382
17,1,4,450,BFGS,1542.8906732836
17,1,5,450,BFGS,1732.5980411482562
17,1,6,450,BFGS,1750.3867072124708
17,1,7,450,BFGS,1774.5365223901904
17,1,8,450,BFGS,2311.852958317488
17,1,9,450,BFGS,1838.983962994824
17,1,10,450,BFGS,1622.719209379526
17,1,11,450,BFGS,1751.4629236492374
17,1,12,450,BFGS,1758.9017555846704
17,1,13,450,BFGS,1665.1580267085005
17,1,14,450,BFGS,1768.7223176957154
17,1,15,450,BFGS,2286.6788336926747
17,1,16,450,BFGS,1998.2848096710366
17,1,17,450,BFGS,1700.0095881178252
17,1,18,450,BFGS,1699.9836550948576
17,1,19,450,BFGS,1868.7268157556737
17,2,0,450,BFGS,1635.0843637928742
17,2,1,450,BFGS,1626.7528984393764
17,2,2,450,BFGS,1811.5848589765142
17,2,3,450,BFGS,1747.5964918287084
17,2,4,450,BFGS,1764.2031806192404
17,2,5,450,BFGS,1722.2267773348894
17,2,6,450,BFGS,1705.412618534563
17,2,7,450,BFGS,1817.6630952921519
17,2,8,450,BFGS,1760.2516840891726
17,2,9,450,BFGS,1984.5637739773488
17,2,10,450,BFGS,1896.6868390061788
17,2,11,450,BFGS,1618.616778074837
17,2,12,450,BFGS,1643.0704954622147
17,2,13,450,BFGS,1572.3584465306492
17,2,14,450,BFGS,1640.8960954545464
17,2,15,450,BFGS,1552.325516639682
17,2,16,450,BFGS,1835.6407623123162
17,2,17,450,BFGS,1808.214133682789
17,2,18,450,BFGS,1830.2588292923601
17,2,19,450,BFGS,1694.2791870866604
17,3,0,450,BFGS,1854.9411361220186
17,3,1,450,BFGS,1844.817488959799
17,3,2,450,BFGS,1848.8466412064718
17,3,3,450,BFGS,1696.0746872344866
17,3,4,450,BFGS,1672.5903886920828
17,3,5,450,BFGS,1744.3380551795667
17,3,6,450,BFGS,1647.2101700808475
17,3,7,450,BFGS,1590.782955505789
17,3,8,450,BFGS,1807.0781387360314
17,3,9,450,BFGS,1384.2982218148966
17,3,10,450,BFGS,1575.4219347023452
17,3,11,450,BFGS,1727.7998211436502
17,3,12,450,BFGS,1565.2497078011415
17,3,13,450,BFGS,1630.1715799368471
17,3,14,450,BFGS,1769.9692456813332
17,3,15,450,BFGS,1741.2722081689103
17,3,16,450,BFGS,1808.4664697191238
17,3,17,450,BFGS,1625.1871637761612
17,3,18,450,BFGS,1794.9196668751115
17,3,19,450,BFGS,1612.1831058320263
17,4,0,450,BFGS,2152.9639673040338
17,4,1,450,BFGS,2120.774913103431
17,4,2,450,BFGS,2119.095602887504
17,4,3,450,BFGS,1656.0509528041857
17,4,4,450,BFGS,1496.6041129654968
17,4,5,450,BFGS,1622.465148980249
17,4,6,450,BFGS,1827.488788296949
17,4,7,450,BFGS,1764.2531158498314
17,4,8,450,BFGS,1856.5669035503354
17,4,9,450,BFGS,2020.0428216482883
17,4,10,450,BFGS,1735.4524846972638
17,4,11,450,BFGS,2014.6001654213221
17,4,12,450,BFGS,1874.9939718598935
17,4,13,450,BFGS,2119.8508726139053
17,4,14,450,BFGS,1632.4780137798411
17,4,15,450,BFGS,2022.9867383993114
17,4,16,450,BFGS,1572.3564178772506
17,4,17,450,BFGS,1886.8744362879868
17,4,18,450,BFGS,1787.4175374751615
17,4,19,450,BFGS,2045.4753303773382
17,5,0,450,BFGS,1789.977943466058
17,5,1,450,BFGS,1630.5628030407947
17,5,2,450,BFGS,2200.6437071864093
17,5,3,450,BFGS,1616.6209868553008
17,5,4,450,BFGS,1816.259384784708
17,5,5,450,BFGS,1626.6841089901193
17,5,6,450,BFGS,1922.1025598855858
17,5,7,450,BFGS,1618.2892062253932
17,5,8,450,BFGS,1991.0348006226372
17,5,9,450,BFGS,1959.8967246831792
17,5,10,450,BFGS,1955.7824292261134
17,5,11,450,BFGS,1767.4560914890094
17,5,12,450,BFGS,2017.3536727155374
17,5,13,450,BFGS,2044.4433993940686
17,5,14,450,BFGS,1875.8869102796732
17,5,15,450,BFGS,1864.2431774747242
17,5,16,450,BFGS,1879.3100379158548
17,5,17,450,BFGS,1718.7996746913448
17,5,18,450,BFGS,1781.0160727433079
17,5,19,450,BFGS,1623.144459734947
17,6,0,450,BFGS,1991.2557381591241
17,6,1,450,BFGS,1710.1578083218462
17,6,2,450,BFGS,1714.3411422663162
17,6,3,450,BFGS,1723.8985559352955
17,6,4,450,BFGS,1917.4966227676898
17,6,5,450,BFGS,1995.2319366466693
17,6,6,450,BFGS,1957.4034361690074
17,6,7,450,BFGS,1771.9867864854573
17,6,8,450,BFGS,2257.4837934047196
17,6,9,450,BFGS,1843.36129888346
17,6,10,450,BFGS,1762.1677460339097
17,6,11,450,BFGS,1858.2852112969274
17,6,12,450,BFGS,1845.7121594261391
17,6,13,450,BFGS,1923.5345502897992
17,6,14,450,BFGS,1723.2063743978701
17,6,15,450,BFGS,1779.5030759596257
17,6,16,450,BFGS,1871.8530808382725
17,6,17,450,BFGS,1799.7600711052498
17,6,18,450,BFGS,1811.3254733648828
17,6,19,450,BFGS,1618.156944814278
17,7,0,450,BFGS,1586.1771350248189
17,7,1,450,BFGS,1646.8106430977714
17,7,2,450,BFGS,2041.1127441123763
17,7,3,450,BFGS,1742.2959791542673
17,7,4,450,BFGS,1777.0006521737478
17,7,5,450,BFGS,1639.86551129082
17,7,6,450,BFGS,1643.5591328401363
17,7,7,450,BFGS,1713.7302765512736
17,7,8,450,BFGS,2071.116412575389
17,7,9,450,BFGS,1736.7613010322104
17,7,10,450,BFGS,1734.2487445504403
17,7,11,450,BFGS,1874.8708460574685
17,7,12,450,BFGS,2097.5093858771397
17,7,13,450,BFGS,1606.7562238871362
17,7,14,450,BFGS,1707.7192625536127
17,7,15,450,BFGS,1655.1119627164621
17,7,16,450,BFGS,1633.3680216719688
17,7,17,450,BFGS,1933.700053748883
17,7,18,450,BFGS,2023.531360351465
17,7,19,450,BFGS,1745.2801910890241
18,1,0,450,BFGS,3581.5210320969427
18,1,1,450,BFGS,3529.2485123203605
18,1,2,450,BFGS,3698.706066609168
18,1,3,450,BFGS,4328.642540327171
18,1,4,450,BFGS,3722.4661281892454
18,1,5,450,BFGS,3040.8522225412507
18,1,6,450,BFGS,3981.1475401193175
18,1,7,450,BFGS,3575.5405342407857
18,1,8,450,BFGS,2748.13051799389
18,1,9,450,BFGS,3437.325512972296
18,1,10,450,BFGS,4017.0982811146814
18,1,11,450,BFGS,3147.2436919126735
18,1,12,450,BFGS,3289.2884050388257
18,1,13,450,BFGS,3227.4225151592673
18,1,14,450,BFGS,3208.235700596607
18,1,15,450,BFGS,3515.6236047049715
18,1,16,450,BFGS,3053.6639036584274
18,1,17,450,BFGS,3514.8532860399255
18,1,18,450,BFGS,4274.568972196265
18,1,19,450,BFGS,3367.864457627421
18,2,0,450,BFGS,4026.978784209689
18,2,1,450,BFGS,3887.0068662037847
18,2,2,450,BFGS,3535.8136213497596
18,2,3,450,BFGS,4863.155139462891
18,2,4,450,BFGS,4399.977502817968
18,2,5,450,BFGS,4531.7132889393315
18,2,6,450,BFGS,4848.706303026889
18,2,7,450,BFGS,3762.9495800518275
18,2,8,450,BFGS,3992.192944380188
18,2,9,450,BFGS,4479.982540954407
18,2,10,450,BFGS,3512.9446382112424
18,2,11,450,BFGS,3755.2502804422197
18,2,12,450,BFGS,3928.2118651099436
18,2,13,450,BFGS,3872.087890850332
18,2,14,450,BFGS,3663.2214156645387
18,2,15,450,BFGS,3593.601679215069
18,2,16,450,BFGS,3747.3847164082636
18,2,17,450,BFGS,4076.835739272495
18,2,18,450,BFGS,3771.770015899353
18,2,19,450,BFGS,4037.502200875682
18,3,0,450,BFGS,3950.6068017806692
18,3,1,450,BFGS,3150.1766831315463
18,3,2,450,BFGS,3827.0711195248186
18,3,3,450,BFGS,4072.9624738395723
18,3,4,450,BFGS,3483.5566812185925
18,3,5,450,BFGS,3501.831241601343
18,3,6,450,BFGS,3548.62444940742
18,3,7,450,BFGS,3898.668183358931
18,3,8,450,BFGS,3447.8997187411105
18,3,9,450,BFGS,3968.1823761996097
18,3,10,450,BFGS,3670.060453597907
18,3,11,450,BFGS,4387.772988182136
18,3,12,450,BFGS,3431.371499406723
18,3,13,450,BFGS,4057.1288017447228
18,3,14,450,BFGS,3155.549398032952
18,3,15,450,BFGS,3079.1016286300264
18,3,16,450,BFGS,3238.1541060962163
18,3,17,450,BFGS,3760.863958740499
18,3,18,450,BFGS,3496.9416797397025
18,3,19,450,BFGS,3646.827672831468
18,4,0,450,BFGS,3824.4801077071897
18,4,1,450,BFGS,3224.271249154561
18,4,2,450,BFGS,3669.31363462325
18,4,3,450,BFGS,3604.4481011020775
18,4,4,450,BFGS,3066.1707118531676
18,4,5,450,BFGS,3316.6060854862403
18,4,6,450,BFGS,2744.5729941666536
18,4,7,450,BFGS,3865.4781023509245
18,4,8,450,BFGS,3954.8137183182916
18,4,9,450,BFGS,4177.981007780756
18,4,10,450,BFGS,3434.486158170478
18,4,11,450,BFGS,3226.1029970472746
18,4,12,450,BFGS,3751.2626916148092
18,4,13,450,BFGS,3155.0269532810044
18,4,14,450,BFGS,4183.840935596943
18,4,15,450,BFGS,2998.9189324586814
18,4,16,450,BFGS,3157.6040891224584
18,4,17,450,BFGS,2970.950712353783
18,4,18,450,BFGS,3494.695565534329
18,4,19,450,BFGS,2860.0962495693557
18,5,0,450,BFGS,4331.413619122834
18,5,1,450,BFGS,3662.3305543691686
18,5,2,450,BFGS,3376.5654921088862
18,5,3,450,BFGS,3647.8547521940673
18,5,4,450,BFGS,3247.2842374170527
18,5,5,450,BFGS,3625.4402301646624
18,5,6,450,BFGS,3993.316015658106
18,5,7,450,BFGS,3632.085743747829
18,5,8,450,BFGS,4040.0543501753764
18,5,9,450,BFGS,4509.082055881022
18,5,10,450,BFGS,3560.0418189910674
18,5,11,450,BFGS,4546.530802508041
18,5,12,450,BFGS,4138.628923140183
18,5,13,450,BFGS,4595.755815489333
18,5,14,450,BFGS,3918.9219643641986
18,5,15,450,BFGS,3778.679984731433
18,5,16,450,BFGS,3543.682758240133
18,5,17,450,BFGS,4686.978469938335
18,5,18,450,BFGS,3653.122615009327
18,5,19,450,BFGS,3625.6587474143425
18,6,0,450,BFGS,3394.595041504874
18,6,1,450,BFGS,2822.5839101549636
18,6,2,450,BFGS,3317.558801928642
18,6,3,450,BFGS,3301.326561279447
18,6,4,450,BFGS,2976.8480481496244
18,6,5,450,BFGS,3604.2642809639838
18,6,6,450,BFGS,3051.731421163572
18,6,7,450,BFGS,2726.114002256517
18,6,8,450,BFGS,3386.7354633603527
18,6,9,450,BFGS,2594.9728870604895
18,6,10,450,BFGS,3131.367663754761
18,6,11,450,BFGS,3415.9335542581475
18,6,12,450,BFGS,2699.3140652602306
18,6,13,450,BFGS,2885.95345228737
18,6,14,450,BFGS,3350.100476042422
18,6,15,450,BFGS,2712.7182418459706
18,6,16,450,BFGS,2930.607928746916
18,6,17,450,BFGS,3019.3513712214644
18,6,18,450,BFGS,3159.321116352634
18,6,19,450,BFGS,3043.9515821861432
18,7,0,450,BFGS,2533.510871308273
18,7,1,450,BFGS,2926.7279015752183
18,7,2,450,BFGS,3293.266187761851
18,7,3,450,BFGS,3266.272420904179
18,7,4,450,BFGS,3257.2914078536332
18,7,5,450,BFGS,2823.526727721828
18,7,6,450,BFGS,2952.5483025231742
18,7,7,450,BFGS,2633.1420509224154
18,7,8,450,BFGS,2813.205191781515
18,7,9,450,BFGS,2943.0635823124294
18,7,10,450,BFGS,3188.9110417797483
18,7,11,450,BFGS,3661.9193240260083
18,7,12,450,BFGS,3169.8297954006666
18,7,13,450,BFGS,2769.5813124395554
18,7,14,450,BFGS,2856.04859714622
18,7,15,450,BFGS,3536.133980077151
18,7,16,450,BFGS,2621.288400483675
18,7,17,450,BFGS,3018.034734533652
18,7,18,450,BFGS,2748.4216119591383
18,7,19,450,BFGS,3136.567986533582
19,1,0,450,BFGS,7742.384780608519
19,1,1,450,BFGS,8899.632824337827
19,1,2,450,BFGS,9169.0360669343
19,1,3,450,BFGS,10715.085089765382
19,1,4,450,BFGS,10447.26218358898
19,1,5,450,BFGS,9978.547568436737
19,1,6,450,BFGS,8761.837374304632
19,1,7,450,BFGS,9533.065879663456
19,1,8,450,BFGS,9739.044298858616
19,1,9,450,BFGS,8138.4138268208835
19,1,10,450,BFGS,8382.705016633325
19,1,11,450,BFGS,10216.136373689125
19,1,12,450,BFGS,9357.41459161797
19,1,13,450,BFGS,8805.562885088028
19,1,14,450,BFGS,8987.901635011778
19,1,15,450,BFGS,8234.285768005717
19,1,16,450,BFGS,8585.913299758975
19,1,17,450,BFGS,8832.213578316045
19,1,18,450,BFGS,9957.512424639881
19,1,19,450,BFGS,9062.862711679876
19,2,0,450,BFGS,7516.318462900979
19,2,1,450,BFGS,7448.743470334824
19,2,2,450,BFGS,7915.252013613033
19,2,3,450,BFGS,8652.76341069265
19,2,4,450,BFGS,7517.83475641691
19,2,5,450,BFGS,8706.409324859553
19,2,6,450,BFGS,7937.651858028345
19,2,7,450,BFGS,8917.117753779998
19,2,8,450,BFGS,9796.773772338793
19,2,9,450,BFGS,9265.23817057317
19,2,10,450,BFGS,8516.914653990872
19,2,11,450,BFGS,7947.755044311039
19,2,12,450,BFGS,8256.996422008895
19,2,13,450,BFGS,8939.249829210952
19,2,14,450,BFGS,8458.347113968422
19,2,15,450,BFGS,7127.297331016434
19,2,16,450,BFGS,9224.325904326968
19,2,17,450,BFGS,8407.79874131983
19,2,18,450,BFGS,8356.86833505899
19,2,19,450,BFGS,9043.20737421457
19,3,0,450,BFGS,9333.033162473746
19,3,1,450,BFGS,8711.988026803467
19,3,2,450,BFGS,7517.29000153891
19,3,3,450,BFGS,9433.21701651389
19,3,4,450,BFGS,10432.258670086985
19,3,5,450,BFGS,8507.815422982108
19,3,6,450,BFGS,7518.714304232065
19,3,7,450,BFGS,9171.364931856415
19,3,8,450,BFGS,8377.760960018168
19,3,9,450,BFGS,8511.843432836744
19,3,10,450,BFGS,8712.799475685639
19,3,11,450,BFGS,9369.036162865383
19,3,12,450,BFGS,8514.137180015447
19,3,13,450,BFGS,10354.030228369582
19,3,14,450,BFGS,8132.36393379404
19,3,15,450,BFGS,10136.3462793165
19,3,16,450,BFGS,9810.72055675785
19,3,17,450,BFGS,8954.449876057944
19,3,18,450,BFGS,8557.509052808948
19,3,19,450,BFGS,8116.651453515793
19,4,0,450,BFGS,8199.797936753024
19,4,1,450,BFGS,7782.168581214914
19,4,2,450,BFGS,8873.502291370129
19,4,3,450,BFGS,8869.85313273848
19,4,4,450,BFGS,8463.187848507703
19,4,5,450,BFGS,8284.36756421137
19,4,6,450,BFGS,8235.133494412514
19,4,7,450,BFGS,7522.118940162602
19,4,8,450,BFGS,8915.741285993292
19,4,9,450,BFGS,8061.187379563708
19,4,10,450,BFGS,8722.600593702735
19,4,11,450,BFGS,8412.925099483142
19,4,12,450,BFGS,8302.109983623624
19,4,13,450,BFGS,8156.352255317474
19,4,14,450,BFGS,8584.357864028334
19,4,15,450,BFGS,8275.66771317617
19,4,16,450,BFGS,8320.665543795672
19,4,17,450,BFGS,7987.7842605363885
19,4,18,450,BFGS,9174.18934335342
19,4,19,450,BFGS,9571.520539085117
19,5,0,450,BFGS,6849.884669988464
19,5,1,450,BFGS,8653.007672693679
19,5,2,450,BFGS,8566.247677874086
19,5,3,450,BFGS,7469.617480370689
19,5,4,450,BFGS,7868.113300659239
19,5,5,450,BFGS,8285.287395183943
19,5,6,450,BFGS,7942.042827992382
19,5,7,450,BFGS,8151.64329254983
19,5,8,450,BFGS,7396.680886163201
19,5,9,450,BFGS,7855.5533553605965
19,5,10,450,BFGS,8075.544874177989
19,5,11,450,BFGS,8849.390519884208
19,5,12,450,BFGS,8970.615928844902
19,5,13,450,BFGS,7829.926705747587
19,5,14,450,BFGS,9565.764541724051
19,5,15,450,BFGS,7941.636859730815
19,5,16,450,BFGS,6685.049470872522
19,5,17,450,BFGS,7948.0409227863875
19,5,18,450,BFGS,7123.4519101127435
19,5,19,450,BFGS,7823.565521365885
19,6,0,450,BFGS,7205.339648847447
19,6,1,450,BFGS,6832.565177365215
19,6,2,450,BFGS,8265.938682594016
19,6,3,450,BFGS,7491.277704465326
19,6,4,450,BFGS,7446.693516898283
19,6,5,450,BFGS,8955.456433441455
19,6,6,450,BFGS,8401.76457969446
19,6,7,450,BFGS,8643.3209013661
19,6,8,450,BFGS,8306.366837688349
19,6,9,450,BFGS,7902.756766355488
19,6,10,450,BFGS,8980.830029533914
19,6,11,450,BFGS,9256.778217329575
19,6,12,450,BFGS,8236.196703072254
19,6,13,450,BFGS,7895.930683888709
19,6,14,450,BFGS,8798.3402380574
19,6,15,450,BFGS,7058.236653732995
19,6,16,450,BFGS,8358.002135866922
19,6,17,450,BFGS,8263.83777857591
19,6,18,450,BFGS,7894.168013902536
19,6,19,450,BFGS,8316.205876970304
19,7,0,450,BFGS,8043.645833386152
19,7,1,450,BFGS,8772.361871210825
19,7,2,450,BFGS,8381.25989671487
19,7,3,450,BFGS,7553.4510896767515
19,7,4,450,BFGS,7343.019845713996
19,7,5,450,BFGS,7871.417316758649
19,7,6,450,BFGS,7487.673478257539
19,7,7,450,BFGS,7256.20997256386
19,7,8,450,BFGS,9236.668312541944
19,7,9,450,BFGS,7888.642372706434
19,7,10,450,BFGS,9980.089837329717
19,7,11,450,BFGS,9324.37256043667
19,7,12,450,BFGS,8121.340095749895
19,7,13,450,BFGS,8538.538217999165
19,7,14,450,BFGS,8943.808809424892
19,7,15,450,BFGS,9092.607210312399
19,7,16,450,BFGS,7274.383885664718
19,7,17,450,BFGS,7678.900223445332
19,7,18,450,BFGS,7810.501513754607
19,7,19,450,BFGS,8432.52254427594
20,1,0,450,BFGS,11938.364326381305
20,1,1,450,BFGS,10436.061839651113
20,1,2,450,BFGS,11538.102798510603
20,1,3,450,BFGS,9693.18243558022
20,1,4,450,BFGS,7826.717737490058
20,1,5,450,BFGS,9705.97937500833
20,1,6,450,BFGS,8770.71151870432
20,1,7,450,BFGS,9258.749592318849
20,1,8,450,BFGS,9942.144275094899
20,1,9,450,BFGS,10261.877245151458
20,1,10,450,BFGS,8799.850246923384
20,1,11,450,BFGS,12446.647989538154
20,1,12,450,BFGS,8771.116428641024
20,1,13,450,BFGS,8832.568477738614
20,1,14,450,BFGS,9631.309779116447
20,1,15,450,BFGS,9784.702590550187
20,1,16,450,BFGS,8836.231607693579
20,1,17,450,BFGS,11423.545024145353
20,1,18,450,BFGS,7567.831855659832
20,1,19,450,BFGS,8751.122128539786
20,2,0,450,BFGS,8301.914065604682
20,2,1,450,BFGS,7985.00439592078
20,2,2,450,BFGS,9044.483079341486
20,2,3,450,BFGS,8345.611670156699
20,2,4,450,BFGS,9176.83063289215
20,2,5,450,BFGS,10652.595017445452
20,2,6,450,BFGS,8005.401410753532
20,2,7,450,BFGS,8669.6005269255
20,2,8,450,BFGS,8404.366848618121
20,2,9,450,BFGS,6716.303162948594
20,2,10,450,BFGS,7950.657967313025
20,2,11,450,BFGS,8611.469817067591
20,2,12,450,BFGS,9315.167711815078
20,2,13,450,BFGS,8436.358246263882
20,2,14,450,BFGS,8547.993344294371
20,2,15,450,BFGS,8967.472537225638
20,2,16,450,BFGS,7756.087962592004
20,2,17,450,BFGS,7756.2260025968335
20,2,18,450,BFGS,8528.367368488343
20,2,19,450,BFGS,7952.07404274245
20,3,0,450,BFGS,7705.779792812734
20,3,1,450,BFGS,8417.359247284843
20,3,2,450,BFGS,7428.505169767234
20,3,3,450,BFGS,8518.382435023464
20,3,4,450,BFGS,7305.874652418885
20,3,5,450,BFGS,8783.264732059428
20,3,6,450,BFGS,8501.089398712964
20,3,7,450,BFGS,9291.722407467576
20,3,8,450,BFGS,10420.49179446666
20,3,9,450,BFGS,8649.792222320277
20,3,10,450,BFGS,7483.765163259456
20,3,11,450,BFGS,7324.547103288819
20,3,12,450,BFGS,6649.091293465873
20,3,13,450,BFGS,7985.29219840468
20,3,14,450,BFGS,10530.360899075367
20,3,15,450,BFGS,9195.202606884719
20,3,16,450,BFGS,7037.086300903773
20,3,17,450,BFGS,10689.039945879154
20,3,18,450,BFGS,9674.142651546463
20,3,19,450,BFGS,7190.418504855984
20,4,0,450,BFGS,7903.877738135925
20,4,1,450,BFGS,8553.27162782501
20,4,2,450,BFGS,11450.477793155114
20,4,3,450,BFGS,9096.394690373167
20,4,4,450,BFGS,9140.178705309856
20,4,5,450,BFGS,9104.48442610918
20,4,6,450,BFGS,9214.152518375133
20,4,7,450,BFGS,11438.205742642505
20,4,8,450,BFGS,8342.448848328586
20,4,9,450,BFGS,7549.303780724659
20,4,10,450,BFGS,11803.279757669465
20,4,11,450,BFGS,8984.089403475853
20,4,12,450,BFGS,7117.844044397825
20,4,13,450,BFGS,9985.601592936597
20,4,14,450,BFGS,9663.096684837186
20,4,15,450,BFGS,7514.727953996927
20,4,16,450,BFGS,8855.691613543657
20,4,17,450,BFGS,10375.935132222628
20,4,18,450,BFGS,9918.263803057376
20,4,19,450,BFGS,7721.5222403874195
20,5,0,450,BFGS,8376.38813673719
20,5,1,450,BFGS,6707.923276873054
20,5,2,450,BFGS,9392.796571758334
20,5,3,450,BFGS,8011.053616142083
20,5,4,450,BFGS,8109.856550523695
20,5,5,450,BFGS,8133.714687692876
20,5,6,450,BFGS,8277.407020380942
20,5,7,450,BFGS,9299.716193993698
20,5,8,450,BFGS,9223.639810821205
20,5,9,450,BFGS,9587.300841594437
20,5,10,450,BFGS,8288.508076224847
20,5,11,450,BFGS,9402.959877431742
20,5,12,450,BFGS,6473.461257476109
20,5,13,450,BFGS,8065.647905272819
20,5,14,450,BFGS,8436.470030823968
20,5,15,450,BFGS,7195.511829789219
20,5,16,450,BFGS,9862.832907507971
20,5,17,450,BFGS,7638.602510844421
20,5,18,450,BFGS,7797.888658707187
20,5,19,450,BFGS,9224.555208659363
20,6,0,450,BFGS,10471.480677677298
20,6,1,450,BFGS,13540.231617647447
20,6,2,450,BFGS,6671.699721915299
20,6,3,450,BFGS,12721.134358487052
20,6,4,450,BFGS,7397.669264388446
20,6,5,450,BFGS,8312.972630120941
20,6,6,450,BFGS,9216.794569026477
20,6,7,450,BFGS,13403.03606843479
20,6,8,450,BFGS,9951.514315300246
20,6,9,450,BFGS,12808.854685101898
20,6,10,450,BFGS,11070.133617475904
20,6,11,450,BFGS,11569.654183658493
20,6,12,450,BFGS,9729.192069089824
20,6,13,450,BFGS,7776.106699340286
20,6,14,450,BFGS,7560.997029931983
20,6,15,450,BFGS,10634.221342733972
20,6,16,450,BFGS,10961.630477940524
20,6,17,450,BFGS,10847.791688461344
20,6,18,450,BFGS,10887.11901571275
20,6,19,450,BFGS,9325.083593710464
20,7,0,450,BFGS,9099.250702724254
20,7,1,450,BFGS,9841.81831761372
20,7,2,450,BFGS,7945.860237323174
20,7,3,450,BFGS,8265.679210945511
20,7,4,450,BFGS,9261.76602396104
20,7,5,450,BFGS,10101.512129232313
20,7,6,450,BFGS,9857.747399710592
20,7,7,450,BFGS,6853.667536657134
20,7,8,450,BFGS,8641.954952330198
20,7,9,450,BFGS,8059.43892219445
20,7,10,450,BFGS,7633.893428584522
20,7,11,450,BFGS,9718.486593094165
20,7,12,450,BFGS,8718.789868096035
20,7,13,450,BFGS,8211.22426741578
20,7,14,450,BFGS,8545.333581470997
20,7,15,450,BFGS,7894.933768947855
20,7,16,450,BFGS,7420.829372324151
20,7,17,450,BFGS,8838.478373178921
20,7,18,450,BFGS,8948.782031150422
20,7,19,450,BFGS,8738.259127287929
21,1,0,450,BFGS,7486.302667104311
21,1,1,450,BFGS,7522.274811252311
21,1,2,450,BFGS,9547.8740636243
21,1,3,450,BFGS,8731.66581364559
21,1,4,450,BFGS,9245.336977931329
21,1,5,450,BFGS,8646.465302191216
21,1,6,450,BFGS,11103.484748047778
21,1,7,450,BFGS,7610.890894039966
21,1,8,450,BFGS,8057.93566368676
21,1,9,450,BFGS,10108.713171706015
21,1,10,450,BFGS,10264.018100591451
21,1,11,450,BFGS,10352.471180983024
21,1,12,450,BFGS,9751.12994956169
21,1,13,450,BFGS,9376.72215092296
21,1,14,450,BFGS,9793.016600289171
21,1,15,450,BFGS,8033.043958153877
21,1,16,450,BFGS,8057.172390769747
21,1,17,450,BFGS,9685.331156159391
21,1,18,450,BFGS,10061.683925064295
21,1,19,450,BFGS,8752.79484155525
21,2,0,450,BFGS,8992.128849177403
21,2,1,450,BFGS,9783.760083635096
21,2,2,450,BFGS,9985.007712724133
21,2,3,450,BFGS,9881.435118841364
21,2,4,450,BFGS,8265.593771131124
21,2,5,450,BFGS,10659.52985334607
21,2,6,450,BFGS,9077.96958562455
21,2,7,450,BFGS,9775.301693976304
21,2,8,450,BFGS,7504.593987843896
21,2,9,450,BFGS,9375.693909084675
21,2,10,450,BFGS,7458.35598851948
21,2,11,450,BFGS,8597.719887096984
21,2,12,450,BFGS,8343.653180943307
21,2,13,450,BFGS,9961.639395891507
21,2,14,450,BFGS,9377.178301844651
21,2,15,450,BFGS,10312.146472204515
21,2,16,450,BFGS,9609.289389018139
21,2,17,450,BFGS,8912.085432553318
21,2,18,450,BFGS,9559.400930231372
21,2,19,450,BFGS,9183.417022052821
21,3,0,450,BFGS,8294.914859204931
21,3,1,450,BFGS,11276.067219161261
21,3,2,450,BFGS,10686.411221800585
21,3,3,450,BFGS,11141.441692231194
21,3,4,450,BFGS,10221.328011123927
21,3,5,450,BFGS,12466.672214617856
21,3,6,450,BFGS,11340.394611689107
21,3,7,450,BFGS,11087.147623295441
21,3,8,450,BFGS,8949.80252895168
21,3,9,450,BFGS,11799.952685060314
21,3,10,450,BFGS,11150.904385027005
21,3,11,450,BFGS,8845.151337699435
21,3,12,450,BFGS,9678.520791768755
21,3,13,450,BFGS,10582.85885356796
21,3,14,450,BFGS,12928.886091742534
21,3,15,450,BFGS,10751.289350942057
21,3,16,450,BFGS,10652.878649917979
21,3,17,450,BFGS,11869.661879851585
21,3,18,450,BFGS,10310.013340322888
21,3,19,450,BFGS,9653.375310727319
21,4,0,450,BFGS,12120.182089581336
21,4,1,450,BFGS,9988.705462684244
21,4,2,450,BFGS,13566.070394112616
21,4,3,450,BFGS,11067.527652204937
21,4,4,450,BFGS,11727.71940517172
21,4,5,450,BFGS,11112.806293526768
21,4,6,450,BFGS,12369.738071748863
21,4,7,450,BFGS,11444.311658076374
21,4,8,450,BFGS,10854.653517667677
21,4,9,450,BFGS,11324.821292123816
21,4,10,450,BFGS,10985.988314769864
21,4,11,450,BFGS,10280.282407961704
21,4,12,450,BFGS,11086.584832012652
21,4,13,450,BFGS,11167.690314977408
21,4,14,450,BFGS,12247.800064036379
21,4,15,450,BFGS,9865.010847722428
21,4,16,450,BFGS,10878.23869810179
21,4,17,450,BFGS,10874.677379305947
21,4,18,450,BFGS,10578.7986861134
21,4,19,450,BFGS,11015.005701750764
21,5,0,450,BFGS,6693.197895421864
21,5,1,450,BFGS,9059.512981340038
21,5,2,450,BFGS,9748.30861260951
21,5,3,450,BFGS,10724.20013018412
21,5,4,450,BFGS,10485.630569210605
21,5,5,450,BFGS,10589.2223136283
21,5,6,450,BFGS,10380.69323261172
21,5,7,450,BFGS,8283.888601048211
21,5,8,450,BFGS,10186.413358232523
21,5,9,450,BFGS,10341.786124761458
21,5,10,450,BFGS,10177.606066038123
21,5,11,450,BFGS,10776.399226286101
21,5,12,450,BFGS,9185.16344164723
21,5,13,450,BFGS,10227.62537340557
21,5,14,450,BFGS,10875.359062516021
21,5,15,450,BFGS,10433.843897875442
21,5,16,450,BFGS,10173.95862382347
21,5,17,450,BFGS,9077.912812251943
21,5,18,450,BFGS,8520.407358977844
21,5,19,450,BFGS,9375.294285321952
21,6,0,450,BFGS,10927.605150811625
21,6,1,450,BFGS,9536.784678960765
21,6,2,450,BFGS,11018.186848563093
21,6,3,450,BFGS,10554.82077238324
21,6,4,450,BFGS,9911.440904930107
21,6,5,450,BFGS,10329.810941472071
21,6,6,450,BFGS,8367.76619397198
21,6,7,450,BFGS,10825.829908068139
21,6,8,450,BFGS,11563.328285242937
21,6,9,450,BFGS,9328.504797545225
21,6,10,450,BFGS,8951.810479761873
21,6,11,450,BFGS,10227.01513177122
21,6,12,450,BFGS,10184.369865483222
21,6,13,450,BFGS,6700.492063854263
21,6,14,450,BFGS,10035.817996054764
21,6,15,450,BFGS,11001.439836516265
21,6,16,450,BFGS,8180.913804179273
21,6,17,450,BFGS,10002.903532461212
21,6,18,450,BFGS,10309.89451058152
21,6,19,450,BFGS,10193.663423636579
21,7,0,450,BFGS,11226.491101294177
21,7,1,450,BFGS,13072.042940626805
21,7,2,450,BFGS,10765.560453856093
21,7,3,450,BFGS,12525.328971457966
21,7,4,450,BFGS,12297.671403629012
21,7,5,450,BFGS,10360.3039237852
21,7,6,450,BFGS,10682.379264164063
21,7,7,450,BFGS,13257.271309295898
21,7,8,450,BFGS,10883.780368478738
21,7,9,450,BFGS,11749.496671534842
21,7,10,450,BFGS,11523.008066999171
21,7,11,450,BFGS,11080.728089869299
21,7,12,450,BFGS,10022.246580332314
21,7,13,450,BFGS,10319.603047234137
21,7,14,450,BFGS,11605.746939593231
21,7,15,450,BFGS,9817.043144381963
21,7,16,450,BFGS,10898.35328565387
21,7,17,450,BFGS,12743.353272921577
21,7,18,450,BFGS,11832.417498165496
21,7,19,450,BFGS,10812.130162043462
22,1,0,450,BFGS,5028.533194870786
22,1,1,450,BFGS,5194.775727979528
22,1,2,450,BFGS,6100.73997384157
22,1,3,450,BFGS,5314.327466340026
22,1,4,450,BFGS,4688.790604832895
22,1,5,450,BFGS,5808.845099555583
22,1,6,450,BFGS,5686.3620399921965
22,1,7,450,BFGS,5562.76480064679
22,1,8,450,BFGS,5702.5550931265225
22,1,9,450,BFGS,5584.050250414133
22,1,10,450,BFGS,6081.196217084438
22,1,11,450,BFGS,5141.185575527615
22,1,12,450,BFGS,5035.583769624602
22,1,13,450,BFGS,5252.197464569348
22,1,14,450,BFGS,5182.445401998681
22,1,15,450,BFGS,4819.306540384414
22,1,16,450,BFGS,5562.466138148322
22,1,17,450,BFGS,6151.636195373013
22,1,18,450,BFGS,5756.7107202404095
22,1,19,450,BFGS,5136.571662171862
22,2,0,450,BFGS,4977.570372392685
22,2,1,450,BFGS,5212.955957847476
22,2,2,450,BFGS,5659.750362423678
22,2,3,450,BFGS,4899.090547286409
22,2,4,450,BFGS,4893.92473105349
22,2,5,450,BFGS,4728.049429108481
22,2,6,450,BFGS,5121.330199438598
22,2,7,450,BFGS,4530.9809685210475
22,2,8,450,BFGS,4562.213435944869
22,2,9,450,BFGS,4795.9488153675375
22,2,10,450,BFGS,4792.867618415202
22,2,11,450,BFGS,4788.949108208013
22,2,12,450,BFGS,5113.242059642126
22,2,13,450,BFGS,4535.651459974326
22,2,14,450,BFGS,4912.833818004257
22,2,15,450,BFGS,4793.207618018468
22,2,16,450,BFGS,5228.445187976251
22,2,17,450,BFGS,5246.588812832831
22,2,18,450,BFGS,4600.786920792078
22,2,19,450,BFGS,4534.006897393606
22,3,0,450,BFGS,4537.154411053267
22,3,1,450,BFGS,4142.422378082096
22,3,2,450,BFGS,4854.075844445311
22,3,3,450,BFGS,5123.898912457931
22,3,4,450,BFGS,4503.795532928108
22,3,5,450,BFGS,4788.610343953869
22,3,6,450,BFGS,5046.963541660027
22,3,7,450,BFGS,4107.5731140146
22,3,8,450,BFGS,4646.473542580759
22,3,9,450,BFGS,4493.846525663308
22,3,10,450,BFGS,4545.628429610085
22,3,11,450,BFGS,4646.018179777438
22,3,12,450,BFGS,3959.1607226367314
22,3,13,450,BFGS,4304.943688969136
22,3,14,450,BFGS,4631.484182770961
22,3,15,450,BFGS,4871.722214829177
22,3,16,450,BFGS,4710.540239634576
22,3,17,450,BFGS,5184.283533894677
22,3,18,450,BFGS,4500.597702813977
22,3,19,450,BFGS,4464.7232740071995
22,4,0,450,BFGS,4822.93983952021
22,4,1,450,BFGS,4898.046921717825
22,4,2,450,BFGS,4276.9757190872315
22,4,3,450,BFGS,4576.940155428678
22,4,4,450,BFGS,4649.4422361668685
22,4,5,450,BFGS,4737.354788321423
22,4,6,450,BFGS,5258.189526777976
22,4,7,450,BFGS,4910.356634123473
22,4,8,450,BFGS,4454.220210860609
22,4,9,450,BFGS,4892.017733977609
22,4,10,450,BFGS,4871.491742907949
22,4,11,450,BFGS,4269.919226147222
22,4,12,450,BFGS,4270.717135356435
22,4,13,450,BFGS,4541.280397067856
22,4,14,450,BFGS,4777.51427005764
22,4,15,450,BFGS,4963.9499625164335
22,4,16,450,BFGS,4804.631359498024
22,4,17,450,BFGS,5030.184249911438
22,4,18,450,BFGS,5549.554185451609
22,4,19,450,BFGS,4889.37918617443
22,5,0,450,BFGS,4937.983606351221
22,5,1,450,BFGS,4652.1290249276135
22,5,2,450,BFGS,4921.7075580055025
22,5,3,450,BFGS,4606.994152838668
22,5,4,450,BFGS,4748.043538739434
22,5,5,450,BFGS,4833.652466819496
22,5,6,450,BFGS,4476.548996144297
22,5,7,450,BFGS,5334.562286601915
22,5,8,450,BFGS,5085.888443601106
22,5,9,450,BFGS,4859.601269683266
22,5,10,450,BFGS,5048.8971124486125
22,5,11,450,BFGS,5228.751234689249
22,5,12,450,BFGS,4446.697014446791
22,5,13,450,BFGS,4911.384131155433
22,5,14,450,BFGS,4621.297395581463
22,5,15,450,BFGS,4979.264453621519
22,5,16,450,BFGS,4388.171016611166
22,5,17,450,BFGS,5164.918323378126
22,5,18,450,BFGS,4801.618259535671
22,5,19,450,BFGS,4715.74917136673
22,6,0,450,BFGS,4416.218738562994
22,6,1,450,BFGS,4920.423925946858
22,6,2,450,BFGS,4860.753155501716
22,6,3,450,BFGS,4723.169329154249
22,6,4,450,BFGS,4806.398598732979
22,6,5,450,BFGS,4440.144283010732
22,6,6,450,BFGS,4759.748119321872
22,6,7,450,BFGS,4833.842212881654
22,6,8,450,BFGS,5031.254861250962
22,6,9,450,BFGS,4614.893326745294
22,6,10,450,BFGS,4813.602207295696
22,6,11,450,BFGS,5270.70388112629
22,6,12,450,BFGS,4743.137402106489
22,6,13,450,BFGS,5006.754579423641
22,6,14,450,BFGS,4785.478522470967
22,6,15,450,BFGS,4990.900866276921
22,6,16,450,BFGS,5057.262041254136
22,6,17,450,BFGS,4337.473370818699
22,6,18,450,BFGS,5275.424558044989
22,6,19,450,BFGS,5205.393733977927
22,7,0,450,BFGS,4793.093219536757
22,7,1,450,BFGS,5055.869717131253
22,7,2,450,BFGS,5005.209119828672
22,7,3,450,BFGS,4355.121619325205
22,7,4,450,BFGS,4683.494560424093
22,7,5,450,BFGS,4476.794098972858
22,7,6,450,BFGS,4482.343396815941
22,7,7,450,BFGS,5299.7954579328925
22,7,8,450,BFGS,5217.638887520678
22,7,9,450,BFGS,4286.220909129623
22,7,10,450,BFGS,4883.787933498361
22,7,11,450,BFGS,4606.1215717448495
22,7,12,450,BFGS,5040.104890153935
22,7,13,450,BFGS,4726.328976308666
22,7,14,450,BFGS,4666.712820896316
22,7,15,450,BFGS,4579.337245678222
22,7,16,450,BFGS,4960.674161945496
22,7,17,450,BFGS,4997.4914907829925
22,7,18,450,BFGS,4676.8805369756155
22,7,19,450,BFGS,4543.18148663036
23,1,0,450,BFGS,7549.4694308649505
23,1,1,450,BFGS,7542.5251215073595
23,1,2,450,BFGS,6262.136025425785
23,1,3,450,BFGS,5704.990458353555
23,1,4,450,BFGS,7246.0276910379525
23,1,5,450,BFGS,6938.457539339954
23,1,6,450,BFGS,6409.429644571776
23,1,7,450,BFGS,6342.325038211728
23,1,8,450,BFGS,7048.169914726679
23,1,9,450,BFGS,7112.579522814138
23,1,10,450,BFGS,6769.520878260438
23,1,11,450,BFGS,6597.270531376722
23,1,12,450,BFGS,6884.247893642384
23,1,13,450,BFGS,5518.81182464139
23,1,14,450,BFGS,6527.001682611758
23,1,15,450,BFGS,6652.7124515222495
23,1,16,450,BFGS,8284.465303032839
23,1,17,450,BFGS,8971.27575568478
23,1,18,450,BFGS,6012.71403049163
23,1,19,450,BFGS,7459.695429197994
23,2,0,450,BFGS,6957.701222367522
23,2,1,450,BFGS,6574.686695157405
23,2,2,450,BFGS,7148.4914675575765
23,2,3,450,BFGS,5575.430457190359
23,2,4,450,BFGS,9027.54388273082
23,2,5,450,BFGS,6733.65861611705
23,2,6,450,BFGS,8148.801381971425
23,2,7,450,BFGS,6533.475176889593
23,2,8,450,BFGS,8517.690883203284
23,2,9,450,BFGS,8007.787420646803
23,2,10,450,BFGS,8508.847104822493
23,2,11,450,BFGS,6018.543112783138
23,2,12,450,BFGS,6828.065262603806
23,2,13,450,BFGS,6689.317204501015
23,2,14,450,BFGS,5900.742517156215
23,2,15,450,BFGS,6860.488130584652
23,2,16,450,BFGS,7381.046065938282
23,2,17,450,BFGS,8950.559256211747
23,2,18,450,BFGS,6733.866597332793
23,2,19,450,BFGS,6640.305725375541
23,3,0,450,BFGS,11147.729171116493
23,3,1,450,BFGS,6335.459166187848
23,3,2,450,BFGS,9008.481809870971
23,3,3,450,BFGS,7647.1461649830035
23,3,4,450,BFGS,8029.271483919923
23,3,5,450,BFGS,7301.215668563935
23,3,6,450,BFGS,8345.08791579635
23,3,7,450,BFGS,9130.770789465443
23,3,8,450,BFGS,8639.110090285149
23,3,9,450,BFGS,7567.502198187051
23,3,10,450,BFGS,10311.228855918313
23,3,11,450,BFGS,8684.1538872806
23,3,12,450,BFGS,6330.942843087172
23,3,13,450,BFGS,6910.715652985675
23,3,14,450,BFGS,8354.120764625197
23,3,15,450,BFGS,6602.194515127385
23,3,16,450,BFGS,6427.311936717333
23,3,17,450,BFGS,8176.318323971167
23,3,18,450,BFGS,7743.996721557987
23,3,19,450,BFGS,6788.6380849003945
23,4,0,450,BFGS,7949.36677538661
23,4,1,450,BFGS,8530.396032838293
23,4,2,450,BFGS,7565.561127800137
23,4,3,450,BFGS,5613.293542264899
23,4,4,450,BFGS,8920.574288781245
23,4,5,450,BFGS,5648.518592729925
23,4,6,450,BFGS,7074.95216547758
23,4,7,450,BFGS,7522.721636459674
23,4,8,450,BFGS,6730.787269020966
23,4,9,450,BFGS,9312.930190897794
23,4,10,450,BFGS,8621.86525276397
23,4,11,450,BFGS,5481.402154955693
23,4,12,450,BFGS,6957.916688329417
23,4,13,450,BFGS,6621.173160442065
23,4,14,450,BFGS,7460.033073581996
23,4,15,450,BFGS,9488.906347010325
23,4,16,450,BFGS,4946.570253046117
23,4,17,450,BFGS,8181.725077581115
23,4,18,450,BFGS,6951.723146918574
23,4,19,450,BFGS,8434.63233243128
23,5,0,450,BFGS,7331.372518017958
23,5,1,450,BFGS,6178.838564590728
23,5,2,450,BFGS,7468.800372069626
23,5,3,450,BFGS,8125.946228090566
23,5,4,450,BFGS,8524.88581035016
23,5,5,450,BFGS,8500.725512494015
23,5,6,450,BFGS,8129.600092750647
23,5,7,450,BFGS,6958.184282271056
23,5,8,450,BFGS,7563.398784200022
23,5,9,450,BFGS,7811.190051660023
23,5,10,450,BFGS,7198.007980022582
23,5,11,450,BFGS,7557.5499228090575
23,5,12,450,BFGS,9559.516994111464
23,5,13,450,BFGS,6871.28885869121
23,5,14,450,BFGS,6262.022875751611
23,5,15,450,BFGS,7641.083310824056
23,5,16,450,BFGS,7443.800138503582
23,5,17,450,BFGS,6840.399954826603
23,5,18,450,BFGS,8366.010566195135
23,5,19,450,BFGS,7323.997025278725
23,6,0,450,BFGS,6295.199168275737
23,6,1,450,BFGS,8479.294412242522
23,6,2,450,BFGS,6451.1594741146655
23,6,3,450,BFGS,6576.3640816033185
23,6,4,450,BFGS,7572.815751976772
23,6,5,450,BFGS,8239.787869414735
23,6,6,450,BFGS,7439.716681659636
23,6,7,450,BFGS,8511.625962764729
23,6,8,450,BFGS,7669.355550707725
23,6,9,450,BFGS,8587.683615026246
23,6,10,450,BFGS,9509.16946314387
23,6,11,450,BFGS,6833.1433381245115
23,6,12,450,BFGS,6806.375696655668
23,6,13,450,BFGS,7454.828500677117
23,6,14,450,BFGS,6725.036975074555
23,6,15,450,BFGS,7994.1322975049625
23,6,16,450,BFGS,8166.331601310321
23,6,17,450,BFGS,8120.545756217459
23,6,18,450,BFGS,7723.482520851552
23,6,19,450,BFGS,8004.82408510536
23,7,0,450,BFGS,10643.062388125589
23,7,1,450,BFGS,6759.937902730909
23,7,2,450,BFGS,6962.801752535971
23,7,3,450,BFGS,10597.734617668812
23,7,4,450,BFGS,7069.915840452677
23,7,5,450,BFGS,10679.68564119716
23,7,6,450,BFGS,8046.562192736386
23,7,7,450,BFGS,11130.907778966566
23,7,8,450,BFGS,7095.507468808391
23,7,9,450,BFGS,10366.495064072984
23,7,10,450,BFGS,9613.275479514563
23,7,11,450,BFGS,7637.311426184792
23,7,12,450,BFGS,9287.012481589618
23,7,13,450,BFGS,6696.4296554784905
23,7,14,450,BFGS,8075.494512097028
23,7,15,450,BFGS,6774.257082968911
23,7,16,450,BFGS,7489.0366043748345
23,7,17,450,BFGS,9698.56999727812
23,7,18,450,BFGS,7255.783771748405
23,7,19,450,BFGS,10758.32795843879
24,1,0,450,BFGS,9904.228692773422
24,1,1,450,BFGS,11961.699611522385
24,1,2,450,BFGS,11739.86976366198
24,1,3,450,BFGS,13046.26943886759
24,1,4,450,BFGS,12262.258201149514
24,1,5,450,BFGS,11064.61363863582
24,1,6,450,BFGS,11125.013211053334
24,1,7,450,BFGS,11703.689312199085
24,1,8,450,BFGS,11121.308008729146
24,1,9,450,BFGS,12867.378246696897
24,1,10,450,BFGS,11261.291363379436
24,1,11,450,BFGS,11105.572164299396
24,1,12,450,BFGS,8970.967573534635
24,1,13,450,BFGS,11917.553496190145
24,1,14,450,BFGS,10757.622381356956
24,1,15,450,BFGS,11519.549885774513
24,1,16,450,BFGS,9922.748685151371
24,1,17,450,BFGS,11511.908906821649
24,1,18,450,BFGS,10837.064447554896
24,1,19,450,BFGS,9776.338136876573
24,2,0,450,BFGS,13371.613010053596
24,2,1,450,BFGS,10675.666137078304
24,2,2,450,BFGS,10377.380860779038
24,2,3,450,BFGS,10903.67785040406
24,2,4,450,BFGS,11916.426448271024
24,2,5,450,BFGS,9697.817597108886
24,2,6,450,BFGS,10877.194085764688
24,2,7,450,BFGS,12661.04807479819
24,2,8,450,BFGS,10527.23841795118
24,2,9,450,BFGS,10275.915954788812
24,2,10,450,BFGS,10461.503759926054
24,2,11,450,BFGS,9929.31019934117
24,2,12,450,BFGS,10420.96809387357
24,2,13,450,BFGS,9856.276177312797
24,2,14,450,BFGS,9035.863144097977
24,2,15,450,BFGS,11050.403141917926
24,2,16,450,BFGS,10604.665100931368
24,2,17,450,BFGS,9620.300063943354
24,2,18,450,BFGS,12617.025168598197
24,2,19,450,BFGS,10312.778326463447
24,3,0,450,BFGS,11499.840986706598
24,3,1,450,BFGS,9130.009360085303
24,3,2,450,BFGS,10107.639278629067
24,3,3,450,BFGS,12019.25598645199
24,3,4,450,BFGS,11192.45059427741
24,3,5,450,BFGS,9913.033157121652
24,3,6,450,BFGS,10871.770591117516
24,3,7,450,BFGS,10473.962778415029
24,3,8,450,BFGS,9891.084409751355
24,3,9,450,BFGS,11242.305674207286
24,3,10,450,BFGS,9590.4663533841
24,3,11,450,BFGS,11143.562328709786
24,3,12,450,BFGS,10841.24781267529
24,3,13,450,BFGS,10130.799455641678
24,3,14,450,BFGS,10796.265567155033
24,3,15,450,BFGS,9431.125535837537
24,3,16,450,BFGS,10321.094851358715
24,3,17,450,BFGS,10488.826297194235
24,3,18,450,BFGS,10608.641864057994
24,3,19,450,BFGS,10049.620374591534
24,4,0,450,BFGS,14309.439005869363
24,4,1,450,BFGS,11218.214904971952
24,4,2,450,BFGS,10098.279677255117
24,4,3,450,BFGS,10800.064385794523
24,4,4,450,BFGS,10323.134926055802
24,4,5,450,BFGS,11678.021926884896
24,4,6,450,BFGS,13148.870954969248
24,4,7,450,BFGS,11521.08889901486
24,4,8,450,BFGS,11799.959441250528
24,4,9,450,BFGS,10038.616933035595
24,4,10,450,BFGS,11714.878031891758
24,4,11,450,BFGS,12566.482180596977
24,4,12,450,BFGS,12292.834249245847
24,4,13,450,BFGS,10292.756917313323
24,4,14,450,BFGS,10562.275797663244
24,4,15,450,BFGS,11886.12694303794
24,4,16,450,BFGS,10731.967874206697
24,4,17,450,BFGS,11793.121543871912
24,4,18,450,BFGS,11597.331235225269
24,4,19,450,BFGS,13285.561061689028
24,5,0,450,BFGS,12968.061191528472
24,5,1,450,BFGS,12225.336002304572
24,5,2,450,BFGS,11000.170662805356
24,5,3,450,BFGS,12276.820247223839
24,5,4,450,BFGS,11568.256941727996
24,5,5,450,BFGS,12093.372840794731
24,5,6,450,BFGS,11023.848963625553
24,5,7,450,BFGS,11856.27429321091
24,5,8,450,BFGS,11301.552843551868
24,5,9,450,BFGS,11816.856660737967
24,5,10,450,BFGS,11274.456621278068
24,5,11,450,BFGS,14290.827941693964
24,5,12,450,BFGS,11235.347518211674
24,5,13,450,BFGS,10612.297395276102
24,5,14,450,BFGS,12586.597764304304
24,5,15,450,BFGS,11740.602085616603
24,5,16,450,BFGS,13115.849904387662
24,5,17,450,BFGS,13711.33946742955
24,5,18,450,BFGS,10281.409584734089
24,5,19,450,BFGS,11946.408242511428
24,6,0,450,BFGS,11364.255429680738
24,6,1,450,BFGS,11126.608129633434
24,6,2,450,BFGS,9865.138556782142
24,6,3,450,BFGS,10206.050064083485
24,6,4,450,BFGS,10700.387061186679
24,6,5,450,BFGS,10208.212559129533
24,6,6,450,BFGS,10321.01201125587
24,6,7,450,BFGS,9539.975579232152
24,6,8,450,BFGS,9591.240374116285
24,6,9,450,BFGS,10445.861548466743
24,6,10,450,BFGS,10032.687867440065
24,6,11,450,BFGS,9544.631515522527
24,6,12,450,BFGS,10962.308725313202
24,6,13,450,BFGS,11565.617404109307
24,6,14,450,BFGS,9072.512164240146
24,6,15,450,BFGS,10576.386766432797
24,6,16,450,BFGS,10038.49795837859
24,6,17,450,BFGS,10523.740650113614
24,6,18,450,BFGS,10787.448919142345
24,6,19,450,BFGS,10898.541341327933
24,7,0,450,BFGS,10413.059768726103
24,7,1,450,BFGS,12194.103137952461
24,7,2,450,BFGS,11378.029181649796
24,7,3,450,BFGS,10939.176183430367
24,7,4,450,BFGS,10650.439713806369
24,7,5,450,BFGS,11473.807607175284
24,7,6,450,BFGS,13134.67970363779
24,7,7,450,BFGS,10984.959612093817
24,7,8,450,BFGS,10890.922735672473
24,7,9,450,BFGS,10370.267458382292
24,7,10,450,BFGS,12180.132235622219
24,7,11,450,BFGS,13212.161207885109
24,7,12,450,BFGS,9957.122746711993
24,7,13,450,BFGS,10468.66050306998
24,7,14,450,BFGS,12747.40902915069
24,7,15,450,BFGS,11589.870052999124
24,7,16,450,BFGS,12584.264935334195
24,7,17,450,BFGS,12164.021212508083
24,7,18,450,BFGS,11425.520795365881
24,7,19,450,BFGS,11464.88870576756
