fid,iid,rep,a1_budget,algname,achieved_auc
1,1,0,250,PSO,14666.775466619238
1,1,1,250,PSO,14943.95475446851
1,1,2,250,PSO,14502.329801675227
1,1,3,250,PSO,18066.147727401978
1,1,4,250,PSO,16047.87231535584
1,1,5,250,PSO,15124.25920645374
1,1,6,250,PSO,15746.600892505046
1,1,7,250,PSO,15629.821069065354
1,1,8,250,PSO,16511.03716237843
1,1,9,250,PSO,15335.686082969292
1,1,10,250,PSO,14191.40942062406
1,1,11,250,PSO,18099.86257043854
1,1,12,250,PSO,17659.459127430397
1,1,13,250,PSO,17817.895124282193
1,1,14,250,PSO,13074.155417263544
1,1,15,250,PSO,13874.263636665593
1,1,16,250,PSO,16194.09304454039
1,1,17,250,PSO,16412.26309567404
1,1,18,250,PSO,17022.314896809003
1,1,19,250,PSO,12851.772694602148
1,2,0,250,PSO,16372.158615114307
1,2,1,250,PSO,17209.54387427638
1,2,2,250,PSO,18628.62973257184
1,2,3,250,PSO,18543.615726050448
1,2,4,250,PSO,16930.765452578587
1,2,5,250,PSO,17657.846077609538
1,2,6,250,PSO,16321.54328798718
1,2,7,250,PSO,18951.062357089166
1,2,8,250,PSO,15477.931941770943
1,2,9,250,PSO,15897.239592667462
1,2,10,250,PSO,16265.018032293985
1,2,11,250,PSO,18427.99275296629
1,2,12,250,PSO,17489.4805001927
1,2,13,250,PSO,14344.655715638979
1,2,14,250,PSO,14757.789682816212
1,2,15,250,PSO,17970.591111013342
1,2,16,250,PSO,17959.46724904189
1,2,17,250,PSO,16993.717721400288
1,2,18,250,PSO,15504.56475678503
1,2,19,250,PSO,16951.61874744569
1,3,0,250,PSO,16816.807787972924
1,3,1,250,PSO,15741.765989485833
1,3,2,250,PSO,16747.519011051958
1,3,3,250,PSO,17923.955861566086
1,3,4,250,PSO,16031.655138414822
1,3,5,250,PSO,18010.494140851224
1,3,6,250,PSO,15162.446629289789
1,3,7,250,PSO,13323.971225651949
1,3,8,250,PSO,17323.03955513994
1,3,9,250,PSO,16911.48115219413
1,3,10,250,PSO,18131.480188940237
1,3,11,250,PSO,16020.126792694966
1,3,12,250,PSO,18353.20463968619
1,3,13,250,PSO,18303.877440656335
1,3,14,250,PSO,16575.2049503148
1,3,15,250,PSO,16205.81677688992
1,3,16,250,PSO,16432.905060261037
1,3,17,250,PSO,15977.332649297214
1,3,18,250,PSO,15474.775660342795
1,3,19,250,PSO,18065.9889601496
1,4,0,250,PSO,17052.63868174789
1,4,1,250,PSO,16348.759928385305
1,4,2,250,PSO,17141.515277898267
1,4,3,250,PSO,16709.98768097678
1,4,4,250,PSO,15604.08512060614
1,4,5,250,PSO,18074.06326585412
1,4,6,250,PSO,16342.686181196044
1,4,7,250,PSO,17307.492860944818
1,4,8,250,PSO,15899.759754507859
1,4,9,250,PSO,17105.17585086835
1,4,10,250,PSO,19173.146039634674
1,4,11,250,PSO,18605.940775776704
1,4,12,250,PSO,17628.258705327844
1,4,13,250,PSO,17690.898868861514
1,4,14,250,PSO,16428.776019555542
1,4,15,250,PSO,16246.020854696284
1,4,16,250,PSO,15692.831432592358
1,4,17,250,PSO,16119.876184472487
1,4,18,250,PSO,16515.351557064965
1,4,19,250,PSO,19556.97620168349
1,5,0,250,PSO,18926.30589883281
1,5,1,250,PSO,19484.748568001316
1,5,2,250,PSO,15160.377298254985
1,5,3,250,PSO,16379.693111601779
1,5,4,250,PSO,14946.997635837703
1,5,5,250,PSO,18537.27250664098
1,5,6,250,PSO,18233.73107899203
1,5,7,250,PSO,20103.276592134593
1,5,8,250,PSO,19698.353051342736
1,5,9,250,PSO,15687.087814594397
1,5,10,250,PSO,16976.025932360342
1,5,11,250,PSO,17473.03824764763
1,5,12,250,PSO,17247.780448193378
1,5,13,250,PSO,17169.2953668934
1,5,14,250,PSO,19342.308258541845
1,5,15,250,PSO,17883.162946538305
1,5,16,250,PSO,17032.611110460406
1,5,17,250,PSO,17563.47138885927
1,5,18,250,PSO,18247.487745311693
1,5,19,250,PSO,16588.268852629626
1,6,0,250,PSO,7880.291264812678
1,6,1,250,PSO,18880.926113514477
1,6,2,250,PSO,15546.296538759872
1,6,3,250,PSO,16292.659881877824
1,6,4,250,PSO,17906.747300182196
1,6,5,250,PSO,16729.391119979133
1,6,6,250,PSO,14058.324557682265
1,6,7,250,PSO,18366.905176946908
1,6,8,250,PSO,17423.244139235456
1,6,9,250,PSO,17371.75140333503
1,6,10,250,PSO,19199.51343710721
1,6,11,250,PSO,19684.87151349354
1,6,12,250,PSO,16698.529824652604
1,6,13,250,PSO,16340.002742280321
1,6,14,250,PSO,13440.41398612089
1,6,15,250,PSO,17665.10785464249
1,6,16,250,PSO,15523.536831387999
1,6,17,250,PSO,15867.421159068792
1,6,18,250,PSO,15489.853030487315
1,6,19,250,PSO,15083.944652441221
1,7,0,250,PSO,17898.728777890647
1,7,1,250,PSO,17756.269261755628
1,7,2,250,PSO,16232.46962265381
1,7,3,250,PSO,13170.185397413587
1,7,4,250,PSO,14780.592226003328
1,7,5,250,PSO,15367.088836620327
1,7,6,250,PSO,15861.80037249422
1,7,7,250,PSO,14128.360510039034
1,7,8,250,PSO,15103.373464008231
1,7,9,250,PSO,16323.07569646825
1,7,10,250,PSO,17676.18349208097
1,7,11,250,PSO,19203.08077912663
1,7,12,250,PSO,14221.18018664351
1,7,13,250,PSO,17605.5865294174
1,7,14,250,PSO,15775.53920318991
1,7,15,250,PSO,16155.115754620878
1,7,16,250,PSO,16870.037285131053
1,7,17,250,PSO,14114.575472266311
1,7,18,250,PSO,15330.806896407215
1,7,19,250,PSO,15401.740768438975
2,1,0,250,PSO,12011.623557950446
2,1,1,250,PSO,17462.896362776082
2,1,2,250,PSO,26107.303360942155
2,1,3,250,PSO,13354.81004323474
2,1,4,250,PSO,12795.541442056174
2,1,5,250,PSO,9514.985996378373
2,1,6,250,PSO,8482.929983034373
2,1,7,250,PSO,11508.911064767906
2,1,8,250,PSO,12025.297578695066
2,1,9,250,PSO,11261.411660079579
2,1,10,250,PSO,9717.349939452433
2,1,11,250,PSO,11384.717913789507
2,1,12,250,PSO,11341.552997783758
2,1,13,250,PSO,9695.604445134191
2,1,14,250,PSO,10342.550638793366
2,1,15,250,PSO,11117.135597339315
2,1,16,250,PSO,13789.521763345358
2,1,17,250,PSO,14791.084232676612
2,1,18,250,PSO,11334.529503990667
2,1,19,250,PSO,14132.587251255594
2,2,0,250,PSO,27725.20363222103
2,2,1,250,PSO,13859.84203729505
2,2,2,250,PSO,14539.02255459804
2,2,3,250,PSO,10100.437451109334
2,2,4,250,PSO,19228.103727600082
2,2,5,250,PSO,11157.595912990239
2,2,6,250,PSO,11954.909055789252
2,2,7,250,PSO,21657.74336892861
2,2,8,250,PSO,14169.553501936032
2,2,9,250,PSO,25596.40557204128
2,2,10,250,PSO,14677.663409730452
2,2,11,250,PSO,15834.799951916511
2,2,12,250,PSO,13159.386927223417
2,2,13,250,PSO,14631.092045847117
2,2,14,250,PSO,14084.852343461906
2,2,15,250,PSO,13226.929257670656
2,2,16,250,PSO,12364.875645504388
2,2,17,250,PSO,11494.255695796113
2,2,18,250,PSO,17791.48433376113
2,2,19,250,PSO,13110.4351834121
2,3,0,250,PSO,11695.809575956977
2,3,1,250,PSO,13931.638562364347
2,3,2,250,PSO,11722.239645577674
2,3,3,250,PSO,13189.648592634718
2,3,4,250,PSO,11908.767820558158
2,3,5,250,PSO,13257.13203649213
2,3,6,250,PSO,9258.234724069509
2,3,7,250,PSO,19427.38993319789
2,3,8,250,PSO,14007.32604780285
2,3,9,250,PSO,8653.76864638357
2,3,10,250,PSO,12441.882431674525
2,3,11,250,PSO,13587.624384421551
2,3,12,250,PSO,13311.03743294177
2,3,13,250,PSO,11799.444985062084
2,3,14,250,PSO,15941.635128814723
2,3,15,250,PSO,13115.093395221325
2,3,16,250,PSO,14594.081303529812
2,3,17,250,PSO,15741.679474744371
2,3,18,250,PSO,21315.666837159573
2,3,19,250,PSO,13794.335527376166
2,4,0,250,PSO,14884.104755619575
2,4,1,250,PSO,17142.598367836894
2,4,2,250,PSO,11746.558298443248
2,4,3,250,PSO,25696.300334760752
2,4,4,250,PSO,16299.034671071375
2,4,5,250,PSO,12692.733505443273
2,4,6,250,PSO,14400.683046117336
2,4,7,250,PSO,13649.134673250026
2,4,8,250,PSO,20552.024088209437
2,4,9,250,PSO,14226.02545106961
2,4,10,250,PSO,10278.362808699425
2,4,11,250,PSO,15729.139107791529
2,4,12,250,PSO,16734.69653316477
2,4,13,250,PSO,11998.057609715539
2,4,14,250,PSO,13091.12509509917
2,4,15,250,PSO,17997.201001100348
2,4,16,250,PSO,16081.17757479625
2,4,17,250,PSO,10324.949434444261
2,4,18,250,PSO,13582.199063889966
2,4,19,250,PSO,18047.199160384527
2,5,0,250,PSO,25048.88215917055
2,5,1,250,PSO,17016.792250367405
2,5,2,250,PSO,21127.533056272357
2,5,3,250,PSO,17657.199868225365
2,5,4,250,PSO,16146.997548483843
2,5,5,250,PSO,14347.109800429685
2,5,6,250,PSO,9596.059182779216
2,5,7,250,PSO,15699.572026656298
2,5,8,250,PSO,17231.827223272092
2,5,9,250,PSO,14069.913292329522
2,5,10,250,PSO,16025.523888008162
2,5,11,250,PSO,16085.700013124031
2,5,12,250,PSO,19859.987160043376
2,5,13,250,PSO,12001.997659658718
2,5,14,250,PSO,14666.20724856381
2,5,15,250,PSO,11577.190990003095
2,5,16,250,PSO,12757.730915485488
2,5,17,250,PSO,15387.726187145538
2,5,18,250,PSO,18181.66975946138
2,5,19,250,PSO,13655.467085830056
2,6,0,250,PSO,15815.38555212762
2,6,1,250,PSO,11902.882783698173
2,6,2,250,PSO,11130.846024611481
2,6,3,250,PSO,13846.35570156871
2,6,4,250,PSO,10125.369984077397
2,6,5,250,PSO,11701.664781007792
2,6,6,250,PSO,20634.937802989065
2,6,7,250,PSO,13984.550263317935
2,6,8,250,PSO,11459.926246696104
2,6,9,250,PSO,12831.1242877275
2,6,10,250,PSO,13233.690633610215
2,6,11,250,PSO,16836.904948627434
2,6,12,250,PSO,13233.141043226005
2,6,13,250,PSO,11228.78097459441
2,6,14,250,PSO,15932.54329252862
2,6,15,250,PSO,15043.136810417696
2,6,16,250,PSO,10270.015303945323
2,6,17,250,PSO,14973.628961227278
2,6,18,250,PSO,9807.700209363697
2,6,19,250,PSO,12407.719212439191
2,7,0,250,PSO,12004.062585746391
2,7,1,250,PSO,12030.474287236926
2,7,2,250,PSO,15448.890864385043
2,7,3,250,PSO,12728.659597694514
2,7,4,250,PSO,30011.276167313714
2,7,5,250,PSO,12239.532235206341
2,7,6,250,PSO,15657.330458200016
2,7,7,250,PSO,16545.25578444435
2,7,8,250,PSO,14618.877086983637
2,7,9,250,PSO,11966.217180365174
2,7,10,250,PSO,13008.104655940822
2,7,11,250,PSO,19210.935696311135
2,7,12,250,PSO,12397.199638773442
2,7,13,250,PSO,23270.099852770378
2,7,14,250,PSO,13687.857340903407
2,7,15,250,PSO,16208.961341015303
2,7,16,250,PSO,23870.877317883773
2,7,17,250,PSO,15711.863805688801
2,7,18,250,PSO,15914.05573262517
2,7,19,250,PSO,12634.211840061458
3,1,0,250,PSO,5179.9744515209995
3,1,1,250,PSO,5403.047391508018
3,1,2,250,PSO,5983.151127013063
3,1,3,250,PSO,7214.955201479199
3,1,4,250,PSO,5886.43537919351
3,1,5,250,PSO,5898.139386355852
3,1,6,250,PSO,6073.813165964108
3,1,7,250,PSO,6391.629751189161
3,1,8,250,PSO,5511.850861564599
3,1,9,250,PSO,6146.086932993569
3,1,10,250,PSO,5484.4547913414945
3,1,11,250,PSO,5847.451167590616
3,1,12,250,PSO,5997.983074624177
3,1,13,250,PSO,4892.048993964497
3,1,14,250,PSO,6319.323994688151
3,1,15,250,PSO,5348.370560353723
3,1,16,250,PSO,6006.91332481517
3,1,17,250,PSO,6456.48654624497
3,1,18,250,PSO,6237.440576454874
3,1,19,250,PSO,5020.498374400813
3,2,0,250,PSO,5805.340659048191
3,2,1,250,PSO,5787.256643800603
3,2,2,250,PSO,5437.864452991769
3,2,3,250,PSO,6291.61018569997
3,2,4,250,PSO,5485.135134731897
3,2,5,250,PSO,5849.983510289361
3,2,6,250,PSO,7123.422769431938
3,2,7,250,PSO,5907.094932955556
3,2,8,250,PSO,5806.247106173581
3,2,9,250,PSO,6179.204074914505
3,2,10,250,PSO,5490.313163969581
3,2,11,250,PSO,5460.108640507603
3,2,12,250,PSO,5511.875739801949
3,2,13,250,PSO,5513.865797412625
3,2,14,250,PSO,7406.571661151904
3,2,15,250,PSO,6176.753416419304
3,2,16,250,PSO,5642.7892514359
3,2,17,250,PSO,6188.788607027278
3,2,18,250,PSO,7057.528067337764
3,2,19,250,PSO,5348.332211153875
3,3,0,250,PSO,6135.108455809899
3,3,1,250,PSO,5937.4488321813005
3,3,2,250,PSO,6336.850592782641
3,3,3,250,PSO,6306.341789812595
3,3,4,250,PSO,5691.331236142812
3,3,5,250,PSO,5534.749880229228
3,3,6,250,PSO,6452.354082280792
3,3,7,250,PSO,6700.658707264232
3,3,8,250,PSO,6035.622778622914
3,3,9,250,PSO,4704.371247024201
3,3,10,250,PSO,5778.347006044969
3,3,11,250,PSO,6625.894058636156
3,3,12,250,PSO,6956.444800913072
3,3,13,250,PSO,5898.388123085921
3,3,14,250,PSO,5186.657922953767
3,3,15,250,PSO,6124.853957740276
3,3,16,250,PSO,4853.434680441658
3,3,17,250,PSO,5257.280761166681
3,3,18,250,PSO,5069.096054180449
3,3,19,250,PSO,6154.735506396682
3,4,0,250,PSO,6034.187663999774
3,4,1,250,PSO,6262.20969391788
3,4,2,250,PSO,6740.317274109451
3,4,3,250,PSO,6272.407360862015
3,4,4,250,PSO,7280.844964276357
3,4,5,250,PSO,5557.84419556433
3,4,6,250,PSO,6617.411983055398
3,4,7,250,PSO,7348.909350727899
3,4,8,250,PSO,6804.974917805132
3,4,9,250,PSO,6044.610020713053
3,4,10,250,PSO,6450.576908560275
3,4,11,250,PSO,6726.056192380955
3,4,12,250,PSO,6042.3493452188895
3,4,13,250,PSO,6072.635159691755
3,4,14,250,PSO,5897.152752844573
3,4,15,250,PSO,6154.972979911701
3,4,16,250,PSO,6649.181134810018
3,4,17,250,PSO,6196.865846136063
3,4,18,250,PSO,6564.306068822385
3,4,19,250,PSO,6418.212726762755
3,5,0,250,PSO,5588.067136507923
3,5,1,250,PSO,5364.0456680850175
3,5,2,250,PSO,5950.475288923703
3,5,3,250,PSO,5428.572884411584
3,5,4,250,PSO,6014.019577352001
3,5,5,250,PSO,5169.809434672345
3,5,6,250,PSO,5477.284154529093
3,5,7,250,PSO,6740.316801638167
3,5,8,250,PSO,6508.683255279291
3,5,9,250,PSO,8161.730607573026
3,5,10,250,PSO,6294.616677347694
3,5,11,250,PSO,6836.122861843468
3,5,12,250,PSO,5594.388929878061
3,5,13,250,PSO,5775.89970242986
3,5,14,250,PSO,7369.697870582071
3,5,15,250,PSO,6307.850233169689
3,5,16,250,PSO,5820.447856170493
3,5,17,250,PSO,7065.332543706243
3,5,18,250,PSO,6455.126867556668
3,5,19,250,PSO,5917.532703330029
3,6,0,250,PSO,6244.199486158619
3,6,1,250,PSO,7003.498077499928
3,6,2,250,PSO,7510.756748230134
3,6,3,250,PSO,5929.106322368589
3,6,4,250,PSO,5992.378642528965
3,6,5,250,PSO,7029.270660163682
3,6,6,250,PSO,6013.717506343555
3,6,7,250,PSO,6348.5276138094005
3,6,8,250,PSO,7550.248200266254
3,6,9,250,PSO,6524.7307189746125
3,6,10,250,PSO,7093.402780372361
3,6,11,250,PSO,6304.8185748680935
3,6,12,250,PSO,5843.262455193722
3,6,13,250,PSO,5768.13127349405
3,6,14,250,PSO,6541.694256368841
3,6,15,250,PSO,7070.598741373056
3,6,16,250,PSO,6243.597436382395
3,6,17,250,PSO,7126.505905525973
3,6,18,250,PSO,5794.947791019923
3,6,19,250,PSO,5770.584752604348
3,7,0,250,PSO,5819.765195867218
3,7,1,250,PSO,5872.445396500952
3,7,2,250,PSO,6279.889082646549
3,7,3,250,PSO,5847.179198246815
3,7,4,250,PSO,5674.840048294414
3,7,5,250,PSO,6555.712356999137
3,7,6,250,PSO,5498.985420702824
3,7,7,250,PSO,5809.946957945274
3,7,8,250,PSO,5151.202495478231
3,7,9,250,PSO,5499.244840880487
3,7,10,250,PSO,6371.143034723111
3,7,11,250,PSO,6817.4707273529
3,7,12,250,PSO,6570.069887501513
3,7,13,250,PSO,5336.589179615101
3,7,14,250,PSO,6468.655646068772
3,7,15,250,PSO,6109.427718489271
3,7,16,250,PSO,6376.313633979156
3,7,17,250,PSO,5905.628017095163
3,7,18,250,PSO,6203.730310308842
3,7,19,250,PSO,6221.412907687152
4,1,0,250,PSO,9187.190610344325
4,1,1,250,PSO,9289.987482505938
4,1,2,250,PSO,12109.824868081343
4,1,3,250,PSO,10061.033561083477
4,1,4,250,PSO,8250.233512764435
4,1,5,250,PSO,10618.333526161758
4,1,6,250,PSO,8244.456550578798
4,1,7,250,PSO,7940.239823384479
4,1,8,250,PSO,10511.084113134822
4,1,9,250,PSO,7194.952400313503
4,1,10,250,PSO,11405.170373148221
4,1,11,250,PSO,9023.41943305313
4,1,12,250,PSO,9545.172386775366
4,1,13,250,PSO,8849.433616254688
4,1,14,250,PSO,8812.110841749625
4,1,15,250,PSO,8861.701005993698
4,1,16,250,PSO,8895.038626919802
4,1,17,250,PSO,10805.3026082342
4,1,18,250,PSO,9156.172271145937
4,1,19,250,PSO,7171.840270043465
4,2,0,250,PSO,9049.152199220014
4,2,1,250,PSO,6810.868375150906
4,2,2,250,PSO,9522.637255943335
4,2,3,250,PSO,8961.616030768706
4,2,4,250,PSO,10921.854583614691
4,2,5,250,PSO,6906.6736263812845
4,2,6,250,PSO,7308.736584185006
4,2,7,250,PSO,7437.199472453725
4,2,8,250,PSO,9114.56273082646
4,2,9,250,PSO,8701.915346569556
4,2,10,250,PSO,8788.738705302598
4,2,11,250,PSO,8967.894670429392
4,2,12,250,PSO,7724.205384404394
4,2,13,250,PSO,8140.294172458711
4,2,14,250,PSO,7701.730818085235
4,2,15,250,PSO,9014.791978492462
4,2,16,250,PSO,6993.834222548348
4,2,17,250,PSO,8716.36025009241
4,2,18,250,PSO,7742.4418363118275
4,2,19,250,PSO,8455.393885466
4,3,0,250,PSO,8358.79662364345
4,3,1,250,PSO,7817.950639656057
4,3,2,250,PSO,11779.446714040832
4,3,3,250,PSO,9234.787082516865
4,3,4,250,PSO,8320.687778064703
4,3,5,250,PSO,8030.9975600800135
4,3,6,250,PSO,11023.880831270537
4,3,7,250,PSO,8523.936854370795
4,3,8,250,PSO,11322.826054821171
4,3,9,250,PSO,8169.818521357294
4,3,10,250,PSO,9254.78677071585
4,3,11,250,PSO,10680.49406386124
4,3,12,250,PSO,8035.073767431094
4,3,13,250,PSO,9526.46174090499
4,3,14,250,PSO,9901.094531805018
4,3,15,250,PSO,10747.537587657334
4,3,16,250,PSO,8814.720714287429
4,3,17,250,PSO,9047.271972768805
4,3,18,250,PSO,8714.58727471974
4,3,19,250,PSO,10209.679825296533
4,4,0,250,PSO,9816.80136581267
4,4,1,250,PSO,6480.691750948987
4,4,2,250,PSO,7744.390853182152
4,4,3,250,PSO,7927.804143246633
4,4,4,250,PSO,8434.7161407359
4,4,5,250,PSO,6644.706248959961
4,4,6,250,PSO,9278.966119461096
4,4,7,250,PSO,8454.205820573907
4,4,8,250,PSO,6713.191307997194
4,4,9,250,PSO,8626.100527767954
4,4,10,250,PSO,8025.705352556724
4,4,11,250,PSO,8766.652104498304
4,4,12,250,PSO,9328.985069333385
4,4,13,250,PSO,8281.128179632673
4,4,14,250,PSO,9030.831173303617
4,4,15,250,PSO,9014.18811954485
4,4,16,250,PSO,7924.711797649499
4,4,17,250,PSO,8079.844296544439
4,4,18,250,PSO,8161.529376165297
4,4,19,250,PSO,9009.07539758928
4,5,0,250,PSO,11259.14279964249
4,5,1,250,PSO,9987.096423315656
4,5,2,250,PSO,10886.14888852161
4,5,3,250,PSO,9377.291522310128
4,5,4,250,PSO,10784.784868829789
4,5,5,250,PSO,9127.963954109
4,5,6,250,PSO,8458.982054212936
4,5,7,250,PSO,11497.243657121346
4,5,8,250,PSO,9861.922080593191
4,5,9,250,PSO,10787.344909907059
4,5,10,250,PSO,12062.330222930794
4,5,11,250,PSO,10386.662026088676
4,5,12,250,PSO,9424.561222669694
4,5,13,250,PSO,10195.725683381903
4,5,14,250,PSO,11313.86949140318
4,5,15,250,PSO,9623.824117275384
4,5,16,250,PSO,10423.780337345575
4,5,17,250,PSO,10228.276819581615
4,5,18,250,PSO,9086.92160636216
4,5,19,250,PSO,9330.621951308602
4,6,0,250,PSO,8165.4943090283405
4,6,1,250,PSO,7988.171017350236
4,6,2,250,PSO,9306.439838107945
4,6,3,250,PSO,8327.743491140352
4,6,4,250,PSO,6572.640795183542
4,6,5,250,PSO,7521.798897713783
4,6,6,250,PSO,7725.14630461804
4,6,7,250,PSO,9069.499997556024
4,6,8,250,PSO,9598.500670409154
4,6,9,250,PSO,8637.128057480768
4,6,10,250,PSO,9021.43524537325
4,6,11,250,PSO,7374.147096986388
4,6,12,250,PSO,8258.839995322542
4,6,13,250,PSO,8929.753961396455
4,6,14,250,PSO,8570.836087175961
4,6,15,250,PSO,9056.939845889421
4,6,16,250,PSO,8216.561641854601
4,6,17,250,PSO,9451.362277947406
4,6,18,250,PSO,8015.238305512262
4,6,19,250,PSO,8615.40442784555
4,7,0,250,PSO,9098.300376997406
4,7,1,250,PSO,9659.999975477322
4,7,2,250,PSO,8450.575139512695
4,7,3,250,PSO,10173.227285127525
4,7,4,250,PSO,8458.739462646632
4,7,5,250,PSO,10210.715221704417
4,7,6,250,PSO,7761.655573001041
4,7,7,250,PSO,8939.912191190062
4,7,8,250,PSO,8006.461571632216
4,7,9,250,PSO,9027.083615637344
4,7,10,250,PSO,9202.541166986473
4,7,11,250,PSO,9220.1215558585
4,7,12,250,PSO,10472.331260345803
4,7,13,250,PSO,9487.005247790634
4,7,14,250,PSO,12431.980442825927
4,7,15,250,PSO,8091.887879996511
4,7,16,250,PSO,9952.802738469363
4,7,17,250,PSO,10599.673659998272
4,7,18,250,PSO,11278.175285998777
4,7,19,250,PSO,10889.90213511015
5,1,0,250,PSO,8303.726181395377
5,1,1,250,PSO,6061.978606576307
5,1,2,250,PSO,6525.751352118339
5,1,3,250,PSO,8623.123898660106
5,1,4,250,PSO,7206.398835606667
5,1,5,250,PSO,6857.851162989092
5,1,6,250,PSO,7904.849253630289
5,1,7,250,PSO,7926.751581370028
5,1,8,250,PSO,7292.730056105905
5,1,9,250,PSO,6824.914036445051
5,1,10,250,PSO,7220.5939505880815
5,1,11,250,PSO,8264.119427425636
5,1,12,250,PSO,7031.783750274609
5,1,13,250,PSO,8272.968432828206
5,1,14,250,PSO,8873.20503505339
5,1,15,250,PSO,7483.3115857339635
5,1,16,250,PSO,7086.569143779223
5,1,17,250,PSO,9035.15647631882
5,1,18,250,PSO,8319.357806114429
5,1,19,250,PSO,6549.8795378656705
5,2,0,250,PSO,8261.297137873986
5,2,1,250,PSO,7479.131047385873
5,2,2,250,PSO,7727.427485514595
5,2,3,250,PSO,8102.511859840563
5,2,4,250,PSO,7979.214760394887
5,2,5,250,PSO,8718.29818918942
5,2,6,250,PSO,7449.342724766862
5,2,7,250,PSO,9692.870016140974
5,2,8,250,PSO,8161.252108299777
5,2,9,250,PSO,8299.4369103992
5,2,10,250,PSO,7396.921596411227
5,2,11,250,PSO,6973.31551400906
5,2,12,250,PSO,8232.809908814288
5,2,13,250,PSO,7912.401993968101
5,2,14,250,PSO,7117.4446674249575
5,2,15,250,PSO,8490.454961305812
5,2,16,250,PSO,6718.405783771426
5,2,17,250,PSO,6939.26436693753
5,2,18,250,PSO,7623.479209641157
5,2,19,250,PSO,8324.616845884893
5,3,0,250,PSO,7764.856810934183
5,3,1,250,PSO,6404.871343135885
5,3,2,250,PSO,6110.535885446375
5,3,3,250,PSO,7329.762739929116
5,3,4,250,PSO,9496.232100352478
5,3,5,250,PSO,7829.104066993371
5,3,6,250,PSO,8747.127628409042
5,3,7,250,PSO,7757.6937417848385
5,3,8,250,PSO,7845.034020544686
5,3,9,250,PSO,6395.217468438351
5,3,10,250,PSO,6889.605019445222
5,3,11,250,PSO,8204.723487916994
5,3,12,250,PSO,7322.266924531368
5,3,13,250,PSO,6391.67877136401
5,3,14,250,PSO,7465.8442874489465
5,3,15,250,PSO,8082.821127277521
5,3,16,250,PSO,7434.533982855059
5,3,17,250,PSO,10635.093292088004
5,3,18,250,PSO,9087.909283229335
5,3,19,250,PSO,4900.952354749684
5,4,0,250,PSO,6535.69405581202
5,4,1,250,PSO,6786.695953768669
5,4,2,250,PSO,7992.217465965942
5,4,3,250,PSO,8058.31790304698
5,4,4,250,PSO,8218.810788567638
5,4,5,250,PSO,9199.020691723541
5,4,6,250,PSO,6690.965882897986
5,4,7,250,PSO,7610.353353206062
5,4,8,250,PSO,7929.625819879831
5,4,9,250,PSO,7908.710890723572
5,4,10,250,PSO,11614.083741942042
5,4,11,250,PSO,5596.70060672551
5,4,12,250,PSO,6993.48787256753
5,4,13,250,PSO,6626.418911508552
5,4,14,250,PSO,7306.569009876266
5,4,15,250,PSO,8213.223249181763
5,4,16,250,PSO,7665.56081480823
5,4,17,250,PSO,8873.951389191516
5,4,18,250,PSO,7978.106439950394
5,4,19,250,PSO,8019.00992297741
5,5,0,250,PSO,9517.334769497662
5,5,1,250,PSO,8427.94374758779
5,5,2,250,PSO,8437.215398537799
5,5,3,250,PSO,10010.064869963415
5,5,4,250,PSO,8548.20401119323
5,5,5,250,PSO,8533.723653033425
5,5,6,250,PSO,7576.499600094253
5,5,7,250,PSO,8867.154745477623
5,5,8,250,PSO,9116.313086974686
5,5,9,250,PSO,5940.160694696395
5,5,10,250,PSO,8387.553777479947
5,5,11,250,PSO,7217.1142096732765
5,5,12,250,PSO,8422.091449501058
5,5,13,250,PSO,8325.936282438972
5,5,14,250,PSO,9854.84757159228
5,5,15,250,PSO,8791.062452945906
5,5,16,250,PSO,8789.66243981738
5,5,17,250,PSO,7154.852064680484
5,5,18,250,PSO,7141.112474573006
5,5,19,250,PSO,8265.509756579926
5,6,0,250,PSO,6978.30900294398
5,6,1,250,PSO,7664.8364343595
5,6,2,250,PSO,8017.81333414647
5,6,3,250,PSO,8726.973404553111
5,6,4,250,PSO,7012.644117782856
5,6,5,250,PSO,7453.340387858147
5,6,6,250,PSO,7287.377076682107
5,6,7,250,PSO,6527.789112604694
5,6,8,250,PSO,7075.285313536131
5,6,9,250,PSO,8204.422486534335
5,6,10,250,PSO,7744.343838392905
5,6,11,250,PSO,7336.928542749026
5,6,12,250,PSO,7673.767563186373
5,6,13,250,PSO,7551.884341266552
5,6,14,250,PSO,6484.986759792827
5,6,15,250,PSO,9043.582309335696
5,6,16,250,PSO,8429.157921598216
5,6,17,250,PSO,8418.152984689357
5,6,18,250,PSO,8996.688156608732
5,6,19,250,PSO,7923.679966568582
5,7,0,250,PSO,7351.901665501069
5,7,1,250,PSO,9385.999265180419
5,7,2,250,PSO,7257.968233059935
5,7,3,250,PSO,6836.657278091519
5,7,4,250,PSO,8148.364973229407
5,7,5,250,PSO,6501.817299836741
5,7,6,250,PSO,5595.289019485791
5,7,7,250,PSO,8241.452687606052
5,7,8,250,PSO,7214.2593789781695
5,7,9,250,PSO,6250.079599689439
5,7,10,250,PSO,6497.015450881617
5,7,11,250,PSO,8291.242063899535
5,7,12,250,PSO,6320.534709130281
5,7,13,250,PSO,7768.091077920192
5,7,14,250,PSO,5839.375418366748
5,7,15,250,PSO,7353.385536745404
5,7,16,250,PSO,7128.50908254805
5,7,17,250,PSO,7312.370839943244
5,7,18,250,PSO,7757.09516757514
5,7,19,250,PSO,6269.576535108229
6,1,0,250,PSO,23595.10779489659
6,1,1,250,PSO,25139.125329824987
6,1,2,250,PSO,24582.130313405985
6,1,3,250,PSO,26573.584119895335
6,1,4,250,PSO,17103.55674317316
6,1,5,250,PSO,22167.575922430624
6,1,6,250,PSO,19752.567517420088
6,1,7,250,PSO,22139.93588173147
6,1,8,250,PSO,23715.6440993498
6,1,9,250,PSO,21992.44038063332
6,1,10,250,PSO,25893.535691256893
6,1,11,250,PSO,30197.479665479208
6,1,12,250,PSO,23017.595386797962
6,1,13,250,PSO,24841.597557871508
6,1,14,250,PSO,24403.995152355477
6,1,15,250,PSO,25708.053933317013
6,1,16,250,PSO,26847.20009897368
6,1,17,250,PSO,23083.18095211018
6,1,18,250,PSO,25586.88235004056
6,1,19,250,PSO,30326.032282765853
6,2,0,250,PSO,28116.356781495764
6,2,1,250,PSO,30078.01441827855
6,2,2,250,PSO,17580.86124987568
6,2,3,250,PSO,29324.496984929257
6,2,4,250,PSO,27155.15787101068
6,2,5,250,PSO,22674.990855991382
6,2,6,250,PSO,26868.087976576462
6,2,7,250,PSO,22382.441354934985
6,2,8,250,PSO,24061.110056672434
6,2,9,250,PSO,18689.748612609965
6,2,10,250,PSO,26735.119532038516
6,2,11,250,PSO,26620.703360655396
6,2,12,250,PSO,18931.69868066288
6,2,13,250,PSO,19271.492996800323
6,2,14,250,PSO,25352.249109512217
6,2,15,250,PSO,19972.103317404402
6,2,16,250,PSO,24729.649858238998
6,2,17,250,PSO,24558.487718624645
6,2,18,250,PSO,21709.903035236293
6,2,19,250,PSO,20919.403925884973
6,3,0,250,PSO,23046.376682694103
6,3,1,250,PSO,21907.573767533744
6,3,2,250,PSO,22754.811521564458
6,3,3,250,PSO,25293.21798142939
6,3,4,250,PSO,27736.073056764788
6,3,5,250,PSO,22205.324844757255
6,3,6,250,PSO,22180.969348191415
6,3,7,250,PSO,17430.126665956363
6,3,8,250,PSO,20406.080668839568
6,3,9,250,PSO,19505.943644773695
6,3,10,250,PSO,20418.099390046787
6,3,11,250,PSO,24388.048990519514
6,3,12,250,PSO,22514.39534881584
6,3,13,250,PSO,19962.97911547205
6,3,14,250,PSO,26317.97731046949
6,3,15,250,PSO,20711.28613571258
6,3,16,250,PSO,22290.173434669232
6,3,17,250,PSO,22567.71423711177
6,3,18,250,PSO,29924.223522599335
6,3,19,250,PSO,18539.3108476665
6,4,0,250,PSO,27628.330263235082
6,4,1,250,PSO,25432.831658193463
6,4,2,250,PSO,17922.84807942428
6,4,3,250,PSO,18160.685744977927
6,4,4,250,PSO,20056.25906924952
6,4,5,250,PSO,19268.985967667024
6,4,6,250,PSO,22720.61910580701
6,4,7,250,PSO,25903.389952360172
6,4,8,250,PSO,34728.79998038257
6,4,9,250,PSO,26220.15928667447
6,4,10,250,PSO,26400.274578871962
6,4,11,250,PSO,21502.279739643163
6,4,12,250,PSO,23060.429261993693
6,4,13,250,PSO,25633.217589717984
6,4,14,250,PSO,25038.64316485033
6,4,15,250,PSO,16651.508687340647
6,4,16,250,PSO,18942.074771358362
6,4,17,250,PSO,17929.348962277312
6,4,18,250,PSO,20874.13908061618
6,4,19,250,PSO,23759.595816372537
6,5,0,250,PSO,24083.791605160444
6,5,1,250,PSO,18157.342821029306
6,5,2,250,PSO,18691.332348419415
6,5,3,250,PSO,19428.581012726012
6,5,4,250,PSO,23215.826977913413
6,5,5,250,PSO,20751.35722754612
6,5,6,250,PSO,16280.485227694104
6,5,7,250,PSO,18431.972931354147
6,5,8,250,PSO,19794.787638883558
6,5,9,250,PSO,15715.084249943413
6,5,10,250,PSO,22034.478360509394
6,5,11,250,PSO,20803.602853260993
6,5,12,250,PSO,19778.30689430955
6,5,13,250,PSO,21906.526874279232
6,5,14,250,PSO,18106.679130334553
6,5,15,250,PSO,14009.841243981089
6,5,16,250,PSO,20252.24301350824
6,5,17,250,PSO,16654.550957985368
6,5,18,250,PSO,18575.888818270185
6,5,19,250,PSO,18850.774354734163
6,6,0,250,PSO,23098.788748913714
6,6,1,250,PSO,22578.167762096207
6,6,2,250,PSO,26622.54719238494
6,6,3,250,PSO,22551.62422324498
6,6,4,250,PSO,27829.703332731824
6,6,5,250,PSO,30488.19363738485
6,6,6,250,PSO,27537.192681613313
6,6,7,250,PSO,18308.142165566125
6,6,8,250,PSO,22890.160960500005
6,6,9,250,PSO,27060.149750951143
6,6,10,250,PSO,21343.212335929376
6,6,11,250,PSO,27494.880444035494
6,6,12,250,PSO,27346.48171564511
6,6,13,250,PSO,25405.119233366153
6,6,14,250,PSO,24184.024972136547
6,6,15,250,PSO,20907.86921447145
6,6,16,250,PSO,26702.11210396631
6,6,17,250,PSO,19203.481296880538
6,6,18,250,PSO,20164.313703485303
6,6,19,250,PSO,25789.60532375679
6,7,0,250,PSO,27138.907318567944
6,7,1,250,PSO,23504.7257926365
6,7,2,250,PSO,21511.028020086073
6,7,3,250,PSO,24294.203272082166
6,7,4,250,PSO,21178.117257668462
6,7,5,250,PSO,24748.880523878917
6,7,6,250,PSO,23318.096073728666
6,7,7,250,PSO,27938.68915759281
6,7,8,250,PSO,16443.2244595378
6,7,9,250,PSO,25528.086599464204
6,7,10,250,PSO,22048.83292293387
6,7,11,250,PSO,19005.290723486956
6,7,12,250,PSO,22395.588678435597
6,7,13,250,PSO,25519.64937455026
6,7,14,250,PSO,29311.51053902858
6,7,15,250,PSO,29006.217643232332
6,7,16,250,PSO,18480.378169928976
6,7,17,250,PSO,27383.192129202318
6,7,18,250,PSO,22976.99586099705
6,7,19,250,PSO,23382.9269961701
7,1,0,250,PSO,9557.88162622504
7,1,1,250,PSO,5518.5823416896965
7,1,2,250,PSO,6748.794220431613
7,1,3,250,PSO,8043.935957411812
7,1,4,250,PSO,9125.87781501673
7,1,5,250,PSO,8873.445360298321
7,1,6,250,PSO,8182.578580989358
7,1,7,250,PSO,5659.05132404701
7,1,8,250,PSO,6971.317269517359
7,1,9,250,PSO,5066.363411490805
7,1,10,250,PSO,6708.167601405179
7,1,11,250,PSO,10041.457034802086
7,1,12,250,PSO,8954.306899319563
7,1,13,250,PSO,6403.386309340316
7,1,14,250,PSO,6448.324496648862
7,1,15,250,PSO,10012.267821571366
7,1,16,250,PSO,6855.245592485115
7,1,17,250,PSO,8980.407091868725
7,1,18,250,PSO,7593.403973856222
7,1,19,250,PSO,7547.146967660219
7,2,0,250,PSO,7919.264366031735
7,2,1,250,PSO,7223.327035359673
7,2,2,250,PSO,6975.057628755565
7,2,3,250,PSO,7832.838641099492
7,2,4,250,PSO,9713.355597708674
7,2,5,250,PSO,8672.346135784659
7,2,6,250,PSO,6058.613999907972
7,2,7,250,PSO,7077.221094953258
7,2,8,250,PSO,8460.99646171204
7,2,9,250,PSO,5565.519520355321
7,2,10,250,PSO,7932.896164812111
7,2,11,250,PSO,7331.705410743789
7,2,12,250,PSO,5494.47096290335
7,2,13,250,PSO,8741.28682293286
7,2,14,250,PSO,6414.443321758217
7,2,15,250,PSO,7539.235711040012
7,2,16,250,PSO,10156.169728803523
7,2,17,250,PSO,7414.380571939822
7,2,18,250,PSO,6352.4465902968195
7,2,19,250,PSO,8451.527677274062
7,3,0,250,PSO,8869.06479025109
7,3,1,250,PSO,9509.569540874616
7,3,2,250,PSO,9283.378199679648
7,3,3,250,PSO,8230.376919334074
7,3,4,250,PSO,10944.858810700189
7,3,5,250,PSO,8706.850175589861
7,3,6,250,PSO,8701.275688527323
7,3,7,250,PSO,8236.446572858198
7,3,8,250,PSO,7821.636095624014
7,3,9,250,PSO,6824.315346417874
7,3,10,250,PSO,7614.994188081762
7,3,11,250,PSO,7887.878038285075
7,3,12,250,PSO,8169.207647274896
7,3,13,250,PSO,7398.658129738361
7,3,14,250,PSO,7688.514334523994
7,3,15,250,PSO,7783.898136864966
7,3,16,250,PSO,9908.218279111505
7,3,17,250,PSO,9339.64619292673
7,3,18,250,PSO,9425.619461436436
7,3,19,250,PSO,7185.986787403627
7,4,0,250,PSO,9249.216715693037
7,4,1,250,PSO,7930.486685059535
7,4,2,250,PSO,6776.111169369878
7,4,3,250,PSO,7875.906811333851
7,4,4,250,PSO,9208.23364167342
7,4,5,250,PSO,9327.37226962909
7,4,6,250,PSO,9064.193261210443
7,4,7,250,PSO,7762.734813551921
7,4,8,250,PSO,9119.333949051566
7,4,9,250,PSO,10471.978590477327
7,4,10,250,PSO,11659.302960381508
7,4,11,250,PSO,8234.421664084974
7,4,12,250,PSO,7778.6329098099395
7,4,13,250,PSO,8029.24902554212
7,4,14,250,PSO,12141.828834779812
7,4,15,250,PSO,8636.0689226707
7,4,16,250,PSO,7514.737839049237
7,4,17,250,PSO,10928.34371672064
7,4,18,250,PSO,9940.73900973587
7,4,19,250,PSO,7542.151878572713
7,5,0,250,PSO,8619.928432250523
7,5,1,250,PSO,10108.464161054055
7,5,2,250,PSO,8055.530037047378
7,5,3,250,PSO,6556.713981906149
7,5,4,250,PSO,11382.738549201902
7,5,5,250,PSO,9151.018938354235
7,5,6,250,PSO,9764.886478399738
7,5,7,250,PSO,9022.323921451583
7,5,8,250,PSO,8924.979173876633
7,5,9,250,PSO,7229.891452953045
7,5,10,250,PSO,11719.979709778861
7,5,11,250,PSO,9642.152526527441
7,5,12,250,PSO,7770.244971054519
7,5,13,250,PSO,7113.065368868831
7,5,14,250,PSO,11882.109624139288
7,5,15,250,PSO,6636.015894451357
7,5,16,250,PSO,8166.4885007984685
7,5,17,250,PSO,6005.369667324096
7,5,18,250,PSO,6847.888926112741
7,5,19,250,PSO,6063.298395075901
7,6,0,250,PSO,9983.623077550283
7,6,1,250,PSO,7824.229515356027
7,6,2,250,PSO,9911.03010178375
7,6,3,250,PSO,9696.596872349284
7,6,4,250,PSO,8010.803624425096
7,6,5,250,PSO,9415.065482972837
7,6,6,250,PSO,8140.599622489175
7,6,7,250,PSO,8851.847554307413
7,6,8,250,PSO,13640.588229067129
7,6,9,250,PSO,8636.22124307086
7,6,10,250,PSO,8187.228529293654
7,6,11,250,PSO,10765.3229744694
7,6,12,250,PSO,7845.453298489824
7,6,13,250,PSO,10524.177008607103
7,6,14,250,PSO,8587.5685824061
7,6,15,250,PSO,10777.193685235523
7,6,16,250,PSO,7835.55849099007
7,6,17,250,PSO,6979.751468185557
7,6,18,250,PSO,7676.747787193846
7,6,19,250,PSO,7883.365270273829
7,7,0,250,PSO,7583.687119142904
7,7,1,250,PSO,8387.536433033209
7,7,2,250,PSO,7772.78299910899
7,7,3,250,PSO,8780.876861888959
7,7,4,250,PSO,6881.162430743551
7,7,5,250,PSO,8738.518139953136
7,7,6,250,PSO,10738.639209011077
7,7,7,250,PSO,8934.166109252785
7,7,8,250,PSO,8608.224447854293
7,7,9,250,PSO,6342.444521966894
7,7,10,250,PSO,8416.683012982425
7,7,11,250,PSO,9710.420941279523
7,7,12,250,PSO,10063.345680482757
7,7,13,250,PSO,6541.53382896935
7,7,14,250,PSO,8152.764865150822
7,7,15,250,PSO,12558.622658431252
7,7,16,250,PSO,8660.051465834671
7,7,17,250,PSO,7569.232455200881
7,7,18,250,PSO,8321.859693703478
7,7,19,250,PSO,8303.86747793479
8,1,0,250,PSO,12997.660351649549
8,1,1,250,PSO,12985.606579382566
8,1,2,250,PSO,10346.736017363488
8,1,3,250,PSO,10396.387729063274
8,1,4,250,PSO,12798.161114647413
8,1,5,250,PSO,11527.73865587045
8,1,6,250,PSO,13245.967286125266
8,1,7,250,PSO,11566.914631737303
8,1,8,250,PSO,11496.865404766564
8,1,9,250,PSO,11058.412432113539
8,1,10,250,PSO,11217.281779941553
8,1,11,250,PSO,11695.06073389548
8,1,12,250,PSO,10147.445058715408
8,1,13,250,PSO,10567.785565127244
8,1,14,250,PSO,12064.011844775798
8,1,15,250,PSO,10537.833166263652
8,1,16,250,PSO,12070.444688266743
8,1,17,250,PSO,11065.302489304977
8,1,18,250,PSO,13345.56908854021
8,1,19,250,PSO,13077.780199235629
8,2,0,250,PSO,10551.93197381365
8,2,1,250,PSO,11081.638246004713
8,2,2,250,PSO,10127.241876085236
8,2,3,250,PSO,10922.193628182755
8,2,4,250,PSO,13237.441380962428
8,2,5,250,PSO,8576.476848986214
8,2,6,250,PSO,10581.92190365336
8,2,7,250,PSO,14427.52254483776
8,2,8,250,PSO,12031.437200107377
8,2,9,250,PSO,11452.996772370025
8,2,10,250,PSO,11462.668812262866
8,2,11,250,PSO,9048.613955778907
8,2,12,250,PSO,13080.442960060338
8,2,13,250,PSO,8841.24984375119
8,2,14,250,PSO,11312.426111070126
8,2,15,250,PSO,9773.615798321509
8,2,16,250,PSO,8316.785782695411
8,2,17,250,PSO,13237.11095742497
8,2,18,250,PSO,12897.73111047532
8,2,19,250,PSO,11301.967259497056
8,3,0,250,PSO,11563.684510953466
8,3,1,250,PSO,14702.121645916704
8,3,2,250,PSO,20331.08226442769
8,3,3,250,PSO,11372.93810699775
8,3,4,250,PSO,10993.678102496833
8,3,5,250,PSO,11383.713305029762
8,3,6,250,PSO,21453.569055814773
8,3,7,250,PSO,12224.961626679897
8,3,8,250,PSO,15886.63328465354
8,3,9,250,PSO,11876.406100239568
8,3,10,250,PSO,18580.00379353965
8,3,11,250,PSO,12272.214610722325
8,3,12,250,PSO,14212.253518824878
8,3,13,250,PSO,12533.328616168401
8,3,14,250,PSO,12021.038234414542
8,3,15,250,PSO,11111.200895632996
8,3,16,250,PSO,13001.397826952278
8,3,17,250,PSO,13285.293234536677
8,3,18,250,PSO,16133.609216253772
8,3,19,250,PSO,11343.686753525304
8,4,0,250,PSO,9250.534411919634
8,4,1,250,PSO,12598.378673615658
8,4,2,250,PSO,11180.862772852928
8,4,3,250,PSO,13720.650364105171
8,4,4,250,PSO,10315.559945946585
8,4,5,250,PSO,12863.621777624536
8,4,6,250,PSO,10768.928495271051
8,4,7,250,PSO,12452.226767469376
8,4,8,250,PSO,10737.634018835615
8,4,9,250,PSO,11009.373521498133
8,4,10,250,PSO,10495.272580351435
8,4,11,250,PSO,9801.383265979792
8,4,12,250,PSO,7996.942948306912
8,4,13,250,PSO,9806.059974573669
8,4,14,250,PSO,13234.526262971212
8,4,15,250,PSO,10218.681420233514
8,4,16,250,PSO,11919.949214156906
8,4,17,250,PSO,9249.773612798477
8,4,18,250,PSO,10392.797268626591
8,4,19,250,PSO,11089.646139246954
8,5,0,250,PSO,10267.696380077421
8,5,1,250,PSO,12736.068715174926
8,5,2,250,PSO,13592.025495153805
8,5,3,250,PSO,12279.177903882559
8,5,4,250,PSO,9602.596009227664
8,5,5,250,PSO,9604.944871651847
8,5,6,250,PSO,10691.143136467153
8,5,7,250,PSO,10754.76402949294
8,5,8,250,PSO,13887.231923830543
8,5,9,250,PSO,18025.18851618705
8,5,10,250,PSO,9521.581002167723
8,5,11,250,PSO,15588.967307854744
8,5,12,250,PSO,11831.804293582456
8,5,13,250,PSO,18695.466342771368
8,5,14,250,PSO,10646.734884799342
8,5,15,250,PSO,11409.01198992326
8,5,16,250,PSO,13879.305120522495
8,5,17,250,PSO,11657.011742574761
8,5,18,250,PSO,9088.114425615711
8,5,19,250,PSO,9155.010975152734
8,6,0,250,PSO,10457.736929403709
8,6,1,250,PSO,11322.194918298865
8,6,2,250,PSO,9679.378418557579
8,6,3,250,PSO,10841.066141807078
8,6,4,250,PSO,9990.391178837033
8,6,5,250,PSO,10910.909846012612
8,6,6,250,PSO,9180.892352718749
8,6,7,250,PSO,10222.15204313144
8,6,8,250,PSO,8981.502827285274
8,6,9,250,PSO,9137.08040147039
8,6,10,250,PSO,8839.628631630187
8,6,11,250,PSO,9065.48045160997
8,6,12,250,PSO,9791.484890673026
8,6,13,250,PSO,8269.157350319489
8,6,14,250,PSO,9098.73502791655
8,6,15,250,PSO,9127.590557400736
8,6,16,250,PSO,11191.099199766613
8,6,17,250,PSO,10200.866138278227
8,6,18,250,PSO,10999.712961723662
8,6,19,250,PSO,9142.449485967622
8,7,0,250,PSO,13027.290192673918
8,7,1,250,PSO,18444.51175825442
8,7,2,250,PSO,13308.095270669473
8,7,3,250,PSO,14765.718492029784
8,7,4,250,PSO,11963.65493846031
8,7,5,250,PSO,11221.977602749153
8,7,6,250,PSO,11941.708169586904
8,7,7,250,PSO,10473.976692196791
8,7,8,250,PSO,10598.341924147153
8,7,9,250,PSO,12894.450385230979
8,7,10,250,PSO,14275.572628325786
8,7,11,250,PSO,14218.495302034516
8,7,12,250,PSO,15179.35412854646
8,7,13,250,PSO,11350.953877630303
8,7,14,250,PSO,12056.826733436605
8,7,15,250,PSO,10277.21838305836
8,7,16,250,PSO,10238.255855536338
8,7,17,250,PSO,11755.269307144972
8,7,18,250,PSO,13979.526515316158
8,7,19,250,PSO,15593.568757501102
9,1,0,250,PSO,4954.196324429486
9,1,1,250,PSO,4606.914744058797
9,1,2,250,PSO,4051.7239562511
9,1,3,250,PSO,4602.743450804691
9,1,4,250,PSO,4716.37725540681
9,1,5,250,PSO,4409.131178988168
9,1,6,250,PSO,3972.9295144623884
9,1,7,250,PSO,4252.321322992842
9,1,8,250,PSO,4207.732577850646
9,1,9,250,PSO,4132.709196375472
9,1,10,250,PSO,3785.6636666572113
9,1,11,250,PSO,4426.017156908949
9,1,12,250,PSO,3975.4356061778963
9,1,13,250,PSO,4646.3307171820825
9,1,14,250,PSO,3799.1005933556276
9,1,15,250,PSO,4308.50666098123
9,1,16,250,PSO,3966.30356741406
9,1,17,250,PSO,4349.4999307880535
9,1,18,250,PSO,3937.7495059346797
9,1,19,250,PSO,4504.380403736279
9,2,0,250,PSO,4436.392441621402
9,2,1,250,PSO,4336.0690620560845
9,2,2,250,PSO,4484.17944030661
9,2,3,250,PSO,4420.503164186433
9,2,4,250,PSO,4216.646103689188
9,2,5,250,PSO,4023.708971272992
9,2,6,250,PSO,5071.659368114745
9,2,7,250,PSO,4591.089443109282
9,2,8,250,PSO,5163.682420612826
9,2,9,250,PSO,4274.929479527158
9,2,10,250,PSO,3922.608783046546
9,2,11,250,PSO,5159.02013193713
9,2,12,250,PSO,3881.159375565691
9,2,13,250,PSO,5956.86961089519
9,2,14,250,PSO,5434.6962392133655
9,2,15,250,PSO,4401.983074501239
9,2,16,250,PSO,4581.881447384927
9,2,17,250,PSO,5165.817141066917
9,2,18,250,PSO,5325.46914254522
9,2,19,250,PSO,4096.528208155935
9,3,0,250,PSO,4543.771449420832
9,3,1,250,PSO,4555.718507632834
9,3,2,250,PSO,4072.3939846599033
9,3,3,250,PSO,5278.523844675913
9,3,4,250,PSO,4257.468777298896
9,3,5,250,PSO,4285.3834388723835
9,3,6,250,PSO,5278.696882445211
9,3,7,250,PSO,3930.851795546596
9,3,8,250,PSO,5078.684014758849
9,3,9,250,PSO,4661.0193399217405
9,3,10,250,PSO,5555.4616977553715
9,3,11,250,PSO,4082.94360399062
9,3,12,250,PSO,4763.003329427369
9,3,13,250,PSO,4130.981986263464
9,3,14,250,PSO,4973.976258850048
9,3,15,250,PSO,4289.778024958786
9,3,16,250,PSO,4711.439331385427
9,3,17,250,PSO,4216.920279561357
9,3,18,250,PSO,4415.367126312323
9,3,19,250,PSO,3950.899284341428
9,4,0,250,PSO,4370.302897198578
9,4,1,250,PSO,4034.438219015427
9,4,2,250,PSO,5592.70341718626
9,4,3,250,PSO,5108.9766009661835
9,4,4,250,PSO,4256.000836220279
9,4,5,250,PSO,3970.926868593888
9,4,6,250,PSO,4582.999147782486
9,4,7,250,PSO,4075.8921996473878
9,4,8,250,PSO,4534.889012209567
9,4,9,250,PSO,4752.727997743148
9,4,10,250,PSO,3950.4716393169647
9,4,11,250,PSO,4100.259448599325
9,4,12,250,PSO,3586.0975008596733
9,4,13,250,PSO,4698.3537615975765
9,4,14,250,PSO,4592.152683718733
9,4,15,250,PSO,4836.115286938855
9,4,16,250,PSO,4578.882624162105
9,4,17,250,PSO,4810.820467359309
9,4,18,250,PSO,4868.065442680536
9,4,19,250,PSO,4186.885029814835
9,5,0,250,PSO,4298.599241829353
9,5,1,250,PSO,4933.389465598428
9,5,2,250,PSO,4750.291301053778
9,5,3,250,PSO,4927.487543451756
9,5,4,250,PSO,4153.74275786092
9,5,5,250,PSO,4494.302127816092
9,5,6,250,PSO,4713.0041786632955
9,5,7,250,PSO,3929.503883351651
9,5,8,250,PSO,4990.631532449686
9,5,9,250,PSO,3994.511457621069
9,5,10,250,PSO,4237.469868643986
9,5,11,250,PSO,4564.930191665591
9,5,12,250,PSO,4284.525426923964
9,5,13,250,PSO,4668.709436149567
9,5,14,250,PSO,4771.470980539997
9,5,15,250,PSO,4201.369107279312
9,5,16,250,PSO,4683.946243773768
9,5,17,250,PSO,4476.809260695851
9,5,18,250,PSO,4042.4384478275315
9,5,19,250,PSO,4705.170806612312
9,6,0,250,PSO,4627.054642404686
9,6,1,250,PSO,4548.34059264313
9,6,2,250,PSO,3685.381278309411
9,6,3,250,PSO,4029.0778845100876
9,6,4,250,PSO,3895.5989539650363
9,6,5,250,PSO,4035.1056660965523
9,6,6,250,PSO,3974.191789046873
9,6,7,250,PSO,3521.253120111954
9,6,8,250,PSO,3929.6000911561787
9,6,9,250,PSO,4034.16534819757
9,6,10,250,PSO,4931.513701843622
9,6,11,250,PSO,3643.761411161543
9,6,12,250,PSO,4962.492848617707
9,6,13,250,PSO,4434.381648597151
9,6,14,250,PSO,4663.329850340811
9,6,15,250,PSO,3921.2511928799686
9,6,16,250,PSO,3733.321916277551
9,6,17,250,PSO,4775.535289118232
9,6,18,250,PSO,4252.20966267739
9,6,19,250,PSO,4983.749128725063
9,7,0,250,PSO,4568.4200778827435
9,7,1,250,PSO,4023.2914997851585
9,7,2,250,PSO,4518.445551579084
9,7,3,250,PSO,4387.645876641267
9,7,4,250,PSO,4283.602318706969
9,7,5,250,PSO,4551.341976872496
9,7,6,250,PSO,4841.678056932555
9,7,7,250,PSO,4775.095063155715
9,7,8,250,PSO,4177.362659128842
9,7,9,250,PSO,4643.7900485270475
9,7,10,250,PSO,4098.790188984403
9,7,11,250,PSO,4515.796500516658
9,7,12,250,PSO,5192.067320376879
9,7,13,250,PSO,3993.4641853964254
9,7,14,250,PSO,5006.598126209823
9,7,15,250,PSO,4039.0010076454273
9,7,16,250,PSO,4652.087413361432
9,7,17,250,PSO,4704.995317768236
9,7,18,250,PSO,4804.864801873438
9,7,19,250,PSO,4956.121540420432
10,1,0,250,PSO,10933.205848102582
10,1,1,250,PSO,12310.464864522637
10,1,2,250,PSO,12626.584205156338
10,1,3,250,PSO,8728.027791608081
10,1,4,250,PSO,9049.43899906573
10,1,5,250,PSO,10806.032828944808
10,1,6,250,PSO,9348.210647464815
10,1,7,250,PSO,8796.212355907212
10,1,8,250,PSO,11549.738129708125
10,1,9,250,PSO,10466.824948605383
10,1,10,250,PSO,12382.106150163312
10,1,11,250,PSO,10659.747874774443
10,1,12,250,PSO,11493.115567660101
10,1,13,250,PSO,11502.31807267111
10,1,14,250,PSO,11347.30218330017
10,1,15,250,PSO,9525.386536776969
10,1,16,250,PSO,10808.739690020277
10,1,17,250,PSO,11410.673869589584
10,1,18,250,PSO,9695.987610330918
10,1,19,250,PSO,8136.308562081883
10,2,0,250,PSO,11100.13973039696
10,2,1,250,PSO,11646.55840506594
10,2,2,250,PSO,10971.577654188864
10,2,3,250,PSO,11254.945933087436
10,2,4,250,PSO,12757.066604808413
10,2,5,250,PSO,10396.159613822547
10,2,6,250,PSO,10838.615306152136
10,2,7,250,PSO,11747.096677793741
10,2,8,250,PSO,11549.378707244392
10,2,9,250,PSO,12253.657702306095
10,2,10,250,PSO,10680.560828568889
10,2,11,250,PSO,13063.851191265707
10,2,12,250,PSO,13072.402430212887
10,2,13,250,PSO,9680.685767973473
10,2,14,250,PSO,10047.723609930055
10,2,15,250,PSO,12126.510554854138
10,2,16,250,PSO,10638.38873207619
10,2,17,250,PSO,10936.76332036556
10,2,18,250,PSO,9790.189506042323
10,2,19,250,PSO,10087.43293161208
10,3,0,250,PSO,10918.18570095444
10,3,1,250,PSO,15808.448018141999
10,3,2,250,PSO,18279.658291623877
10,3,3,250,PSO,15704.11939991123
10,3,4,250,PSO,16835.271506583173
10,3,5,250,PSO,14111.510874138732
10,3,6,250,PSO,14490.546540674062
10,3,7,250,PSO,10992.283289832974
10,3,8,250,PSO,12706.64953443046
10,3,9,250,PSO,12847.778954231726
10,3,10,250,PSO,15357.410130169712
10,3,11,250,PSO,13887.035618082986
10,3,12,250,PSO,15896.581584090163
10,3,13,250,PSO,13690.779947095716
10,3,14,250,PSO,15070.96040318619
10,3,15,250,PSO,12489.482613578748
10,3,16,250,PSO,12616.683808879938
10,3,17,250,PSO,16172.00474377715
10,3,18,250,PSO,13965.577144694513
10,3,19,250,PSO,11806.203385514094
10,4,0,250,PSO,10924.930095610298
10,4,1,250,PSO,10999.688596795337
10,4,2,250,PSO,12633.8402097518
10,4,3,250,PSO,8394.45114928789
10,4,4,250,PSO,12889.941524431977
10,4,5,250,PSO,10070.535555107816
10,4,6,250,PSO,13277.785612480657
10,4,7,250,PSO,9690.281858932858
10,4,8,250,PSO,12357.170569705188
10,4,9,250,PSO,9909.874125303155
10,4,10,250,PSO,10729.035488981976
10,4,11,250,PSO,9053.355467816074
10,4,12,250,PSO,11368.07483416844
10,4,13,250,PSO,10261.562586020582
10,4,14,250,PSO,9849.478831403874
10,4,15,250,PSO,8831.58355888239
10,4,16,250,PSO,9894.09277768402
10,4,17,250,PSO,14123.615615694564
10,4,18,250,PSO,12308.91444896139
10,4,19,250,PSO,10896.664559852787
10,5,0,250,PSO,15561.410645393724
10,5,1,250,PSO,11668.557741731714
10,5,2,250,PSO,16062.62642951053
10,5,3,250,PSO,13310.994723778738
10,5,4,250,PSO,13117.171254527533
10,5,5,250,PSO,13892.697204692016
10,5,6,250,PSO,16259.179530136951
10,5,7,250,PSO,13135.505726574978
10,5,8,250,PSO,18465.20664501135
10,5,9,250,PSO,16334.398043274548
10,5,10,250,PSO,12416.048474676227
10,5,11,250,PSO,14823.598008089895
10,5,12,250,PSO,13291.427451151296
10,5,13,250,PSO,11795.663102938233
10,5,14,250,PSO,12939.338869784398
10,5,15,250,PSO,15453.71373051912
10,5,16,250,PSO,17475.961815656563
10,5,17,250,PSO,13473.025298203724
10,5,18,250,PSO,15479.096474204476
10,5,19,250,PSO,13105.131775241493
10,6,0,250,PSO,12096.158158430124
10,6,1,250,PSO,14957.100716066052
10,6,2,250,PSO,12371.039674919866
10,6,3,250,PSO,12402.085392631743
10,6,4,250,PSO,12641.658222749727
10,6,5,250,PSO,11918.584544765146
10,6,6,250,PSO,10347.183704438998
10,6,7,250,PSO,11253.801987878567
10,6,8,250,PSO,10417.273226296424
10,6,9,250,PSO,13001.245433756272
10,6,10,250,PSO,12838.195442144091
10,6,11,250,PSO,12020.243355784249
10,6,12,250,PSO,12609.301676897929
10,6,13,250,PSO,13191.341092823955
10,6,14,250,PSO,13933.367507334258
10,6,15,250,PSO,13622.412753648177
10,6,16,250,PSO,11024.711222609512
10,6,17,250,PSO,12589.463051115097
10,6,18,250,PSO,14445.791511642574
10,6,19,250,PSO,13293.47879059704
10,7,0,250,PSO,10945.358123174352
10,7,1,250,PSO,10501.111891263343
10,7,2,250,PSO,10471.771271636186
10,7,3,250,PSO,10363.726497717564
10,7,4,250,PSO,12134.925966500592
10,7,5,250,PSO,11436.49750620329
10,7,6,250,PSO,10548.247001222011
10,7,7,250,PSO,10904.267041758183
10,7,8,250,PSO,9680.221865160132
10,7,9,250,PSO,9773.001450062435
10,7,10,250,PSO,11402.61887127858
10,7,11,250,PSO,12438.582873095216
10,7,12,250,PSO,10658.923809665945
10,7,13,250,PSO,10847.282319343474
10,7,14,250,PSO,10612.500086982553
10,7,15,250,PSO,11720.41354257654
10,7,16,250,PSO,9114.44485964768
10,7,17,250,PSO,10739.721090463647
10,7,18,250,PSO,10604.945265374969
10,7,19,250,PSO,11436.385472486183
11,1,0,250,PSO,2737.098189865887
11,1,1,250,PSO,3221.9920910220235
11,1,2,250,PSO,3190.366102228162
11,1,3,250,PSO,2971.0752961071066
11,1,4,250,PSO,3482.872386462936
11,1,5,250,PSO,3308.0877204698418
11,1,6,250,PSO,3677.5271265172796
11,1,7,250,PSO,2815.2526486618876
11,1,8,250,PSO,3133.1758182171775
11,1,9,250,PSO,3244.4597694989593
11,1,10,250,PSO,3359.1442342968567
11,1,11,250,PSO,3574.188871108922
11,1,12,250,PSO,3082.443927342747
11,1,13,250,PSO,3463.312701727002
11,1,14,250,PSO,3734.345817483234
11,1,15,250,PSO,3862.0957162400264
11,1,16,250,PSO,3009.1596173942635
11,1,17,250,PSO,3690.619828570646
11,1,18,250,PSO,3805.336157458324
11,1,19,250,PSO,3091.513988543653
11,2,0,250,PSO,3176.3294439139577
11,2,1,250,PSO,3400.2096895643
11,2,2,250,PSO,2905.794104338758
11,2,3,250,PSO,3166.3779835996484
11,2,4,250,PSO,3310.514665626961
11,2,5,250,PSO,2703.592480305995
11,2,6,250,PSO,3296.6156816469684
11,2,7,250,PSO,3278.409448952656
11,2,8,250,PSO,3706.4502427982197
11,2,9,250,PSO,3745.219288267475
11,2,10,250,PSO,3200.5080773868076
11,2,11,250,PSO,2990.89369050884
11,2,12,250,PSO,3691.286900863958
11,2,13,250,PSO,2935.4804730784635
11,2,14,250,PSO,3325.551183111674
11,2,15,250,PSO,3310.1615954944964
11,2,16,250,PSO,3679.168528827701
11,2,17,250,PSO,3530.024568510482
11,2,18,250,PSO,3599.681185354232
11,2,19,250,PSO,3038.9683243134814
11,3,0,250,PSO,3482.022332786175
11,3,1,250,PSO,3532.4532799759113
11,3,2,250,PSO,3218.6727960838066
11,3,3,250,PSO,3036.1462687042686
11,3,4,250,PSO,3567.0611282547734
11,3,5,250,PSO,3727.7603042352202
11,3,6,250,PSO,4223.533771826951
11,3,7,250,PSO,3806.558277286801
11,3,8,250,PSO,3835.400237086026
11,3,9,250,PSO,3621.9091184734743
11,3,10,250,PSO,3180.0099631830844
11,3,11,250,PSO,3320.4922943917873
11,3,12,250,PSO,3387.645938264464
11,3,13,250,PSO,3407.33404486779
11,3,14,250,PSO,3079.087482571075
11,3,15,250,PSO,2864.877207341207
11,3,16,250,PSO,3347.5172488204175
11,3,17,250,PSO,4308.544330293345
11,3,18,250,PSO,3308.3856675633624
11,3,19,250,PSO,3708.238985179635
11,4,0,250,PSO,3197.7479891192347
11,4,1,250,PSO,3298.221296154142
11,4,2,250,PSO,3226.365815023516
11,4,3,250,PSO,3284.991016220903
11,4,4,250,PSO,3177.0599394451974
11,4,5,250,PSO,2767.7042379289264
11,4,6,250,PSO,2975.3886194151173
11,4,7,250,PSO,3051.8763686391103
11,4,8,250,PSO,3167.6684610859265
11,4,9,250,PSO,3974.5623358181633
11,4,10,250,PSO,3657.5395625049446
11,4,11,250,PSO,3314.667020691285
11,4,12,250,PSO,3633.585600949211
11,4,13,250,PSO,3678.302391473166
11,4,14,250,PSO,3808.825017734407
11,4,15,250,PSO,3113.7677251190476
11,4,16,250,PSO,3347.42344784506
11,4,17,250,PSO,3185.9396214072103
11,4,18,250,PSO,3468.9038612341838
11,4,19,250,PSO,3358.463116928666
11,5,0,250,PSO,3386.3007148963707
11,5,1,250,PSO,3703.488113958032
11,5,2,250,PSO,3309.556783340043
11,5,3,250,PSO,4071.1980592118207
11,5,4,250,PSO,3628.6817658009886
11,5,5,250,PSO,4023.609856620703
11,5,6,250,PSO,3815.004980131636
11,5,7,250,PSO,3882.15282370268
11,5,8,250,PSO,4243.161638605714
11,5,9,250,PSO,4644.857052914279
11,5,10,250,PSO,3874.3378142487636
11,5,11,250,PSO,3810.4182034645282
11,5,12,250,PSO,3395.929406627476
11,5,13,250,PSO,3737.16322205085
11,5,14,250,PSO,4529.64763807746
11,5,15,250,PSO,4017.715601233449
11,5,16,250,PSO,3941.541239767573
11,5,17,250,PSO,3526.4451554368143
11,5,18,250,PSO,3541.1950706884627
11,5,19,250,PSO,3717.274306922916
11,6,0,250,PSO,2552.495856723956
11,6,1,250,PSO,3398.0738692055907
11,6,2,250,PSO,3819.147840244495
11,6,3,250,PSO,3534.1856534628223
11,6,4,250,PSO,2868.41489830641
11,6,5,250,PSO,3416.43480936671
11,6,6,250,PSO,3475.5344979009724
11,6,7,250,PSO,3410.6252234625626
11,6,8,250,PSO,4006.356676932338
11,6,9,250,PSO,3088.150350584158
11,6,10,250,PSO,3269.3314646355448
11,6,11,250,PSO,3670.5789197740605
11,6,12,250,PSO,3686.0840276881227
11,6,13,250,PSO,3306.002124930532
11,6,14,250,PSO,3020.785433669689
11,6,15,250,PSO,3543.2571351478337
11,6,16,250,PSO,3500.332071751696
11,6,17,250,PSO,3156.9238232542075
11,6,18,250,PSO,3482.6088665378766
11,6,19,250,PSO,3314.8840118377643
11,7,0,250,PSO,2620.261516133305
11,7,1,250,PSO,3316.069017628223
11,7,2,250,PSO,2998.2634617775284
11,7,3,250,PSO,3644.8933141870757
11,7,4,250,PSO,3861.3423116135837
11,7,5,250,PSO,3144.0333390476558
11,7,6,250,PSO,3675.0022261741774
11,7,7,250,PSO,3533.1430107914807
11,7,8,250,PSO,3186.8940099963297
11,7,9,250,PSO,3857.9857748188692
11,7,10,250,PSO,3727.0096485547006
11,7,11,250,PSO,3223.9427487768044
11,7,12,250,PSO,3766.249234419425
11,7,13,250,PSO,3420.944984182851
11,7,14,250,PSO,3407.6213729136807
11,7,15,250,PSO,4197.82903091239
11,7,16,250,PSO,3347.3351943490647
11,7,17,250,PSO,3552.8370842044205
11,7,18,250,PSO,3200.2911409402104
11,7,19,250,PSO,3526.1833085097505
12,1,0,250,PSO,6119.529621236342
12,1,1,250,PSO,6788.023622507524
12,1,2,250,PSO,7838.650524933393
12,1,3,250,PSO,7419.080815279087
12,1,4,250,PSO,7306.32497980869
12,1,5,250,PSO,6485.739195382696
12,1,6,250,PSO,8382.412772591997
12,1,7,250,PSO,7013.499181056767
12,1,8,250,PSO,7916.290685112075
12,1,9,250,PSO,7601.693869078863
12,1,10,250,PSO,7248.834209766122
12,1,11,250,PSO,7196.217781693036
12,1,12,250,PSO,6891.12967019862
12,1,13,250,PSO,7002.134052124796
12,1,14,250,PSO,7156.138520759903
12,1,15,250,PSO,7486.541982834659
12,1,16,250,PSO,7853.428776588327
12,1,17,250,PSO,6996.792658966157
12,1,18,250,PSO,8124.073987917898
12,1,19,250,PSO,7999.248925487411
12,2,0,250,PSO,7208.749725808764
12,2,1,250,PSO,8090.116530163825
12,2,2,250,PSO,7878.871912984629
12,2,3,250,PSO,7564.315973420148
12,2,4,250,PSO,9310.277634453625
12,2,5,250,PSO,7225.708956242781
12,2,6,250,PSO,7313.379770410393
12,2,7,250,PSO,7396.135332004292
12,2,8,250,PSO,7224.100238021459
12,2,9,250,PSO,7212.478551552664
12,2,10,250,PSO,7961.945577845273
12,2,11,250,PSO,8126.916240432995
12,2,12,250,PSO,6090.207917425748
12,2,13,250,PSO,6268.550675836053
12,2,14,250,PSO,6921.427359493731
12,2,15,250,PSO,7132.5803046506935
12,2,16,250,PSO,7963.098595432802
12,2,17,250,PSO,8858.34158777772
12,2,18,250,PSO,7601.224269461562
12,2,19,250,PSO,8731.56974956498
12,3,0,250,PSO,7374.9281954602975
12,3,1,250,PSO,8144.9113577775925
12,3,2,250,PSO,7132.059401832938
12,3,3,250,PSO,9021.963555442293
12,3,4,250,PSO,7953.368044260784
12,3,5,250,PSO,7444.298004596363
12,3,6,250,PSO,7402.542121356055
12,3,7,250,PSO,7175.869262157245
12,3,8,250,PSO,9239.857539312765
12,3,9,250,PSO,7648.311168880375
12,3,10,250,PSO,6945.627707079918
12,3,11,250,PSO,8377.492538185072
12,3,12,250,PSO,8834.293163731667
12,3,13,250,PSO,7742.423597921543
12,3,14,250,PSO,7367.455726006866
12,3,15,250,PSO,10521.64151308026
12,3,16,250,PSO,9071.34022037183
12,3,17,250,PSO,7988.630108678473
12,3,18,250,PSO,7654.398474958982
12,3,19,250,PSO,8178.632893076774
12,4,0,250,PSO,6719.127127184391
12,4,1,250,PSO,6744.123310261275
12,4,2,250,PSO,6919.023800984611
12,4,3,250,PSO,6874.0333741411905
12,4,4,250,PSO,6330.5422430660055
12,4,5,250,PSO,6240.680201831923
12,4,6,250,PSO,7012.891661869149
12,4,7,250,PSO,6526.308302243541
12,4,8,250,PSO,6783.056843610993
12,4,9,250,PSO,6270.012827019435
12,4,10,250,PSO,6755.627740420942
12,4,11,250,PSO,6047.751636435123
12,4,12,250,PSO,7493.439654208565
12,4,13,250,PSO,6954.210239931219
12,4,14,250,PSO,7158.871938555542
12,4,15,250,PSO,7243.2191642229545
12,4,16,250,PSO,7302.855153251344
12,4,17,250,PSO,7549.460618813268
12,4,18,250,PSO,7265.815582162405
12,4,19,250,PSO,7537.761666759192
12,5,0,250,PSO,5748.336572470642
12,5,1,250,PSO,6789.862171748432
12,5,2,250,PSO,7895.7996051039845
12,5,3,250,PSO,7204.864935161123
12,5,4,250,PSO,5928.121890619019
12,5,5,250,PSO,6359.600651643832
12,5,6,250,PSO,6281.290802448876
12,5,7,250,PSO,6447.0378658633435
12,5,8,250,PSO,6178.915692650412
12,5,9,250,PSO,6724.53247052864
12,5,10,250,PSO,5897.864621020753
12,5,11,250,PSO,7001.498289434961
12,5,12,250,PSO,6788.7194036681785
12,5,13,250,PSO,6566.156117538376
12,5,14,250,PSO,5928.3052268143365
12,5,15,250,PSO,8524.107644648422
12,5,16,250,PSO,7347.532598608637
12,5,17,250,PSO,5865.764218813209
12,5,18,250,PSO,7257.65326658567
12,5,19,250,PSO,7627.350388487744
12,6,0,250,PSO,7177.516548125833
12,6,1,250,PSO,6878.385542858631
12,6,2,250,PSO,8220.156116974871
12,6,3,250,PSO,6471.237165153723
12,6,4,250,PSO,6678.579313195091
12,6,5,250,PSO,7387.043804545181
12,6,6,250,PSO,7188.275666008551
12,6,7,250,PSO,8045.172096984939
12,6,8,250,PSO,7662.184213268435
12,6,9,250,PSO,6155.687008333284
12,6,10,250,PSO,7877.793052472258
12,6,11,250,PSO,7815.689941642584
12,6,12,250,PSO,7046.112995179921
12,6,13,250,PSO,7318.023910090983
12,6,14,250,PSO,7970.472117391117
12,6,15,250,PSO,6984.90980943428
12,6,16,250,PSO,7576.177280352769
12,6,17,250,PSO,7305.141004508998
12,6,18,250,PSO,7137.212235456042
12,6,19,250,PSO,7085.7489733547445
12,7,0,250,PSO,7561.806681771327
12,7,1,250,PSO,7443.445167681135
12,7,2,250,PSO,7623.309048389952
12,7,3,250,PSO,6332.771191026314
12,7,4,250,PSO,6744.516367994167
12,7,5,250,PSO,8416.53768843529
12,7,6,250,PSO,6948.71839049755
12,7,7,250,PSO,7784.834938313995
12,7,8,250,PSO,7880.27034106415
12,7,9,250,PSO,7285.126961956235
12,7,10,250,PSO,7538.486924014483
12,7,11,250,PSO,6109.041441466479
12,7,12,250,PSO,6245.750969401452
12,7,13,250,PSO,6049.028169000786
12,7,14,250,PSO,6668.04801220925
12,7,15,250,PSO,6285.640563697362
12,7,16,250,PSO,6315.291339578356
12,7,17,250,PSO,6490.15491653264
12,7,18,250,PSO,8033.922599241123
12,7,19,250,PSO,6125.10402654433
13,1,0,250,PSO,9205.386881525415
13,1,1,250,PSO,5844.643686081464
13,1,2,250,PSO,5607.306843968372
13,1,3,250,PSO,6635.227833581092
13,1,4,250,PSO,5444.38775390973
13,1,5,250,PSO,5835.185421772922
13,1,6,250,PSO,6939.585772898702
13,1,7,250,PSO,6872.716315088643
13,1,8,250,PSO,5335.798553062012
13,1,9,250,PSO,5482.9284936367585
13,1,10,250,PSO,7118.016579784216
13,1,11,250,PSO,8043.292103051302
13,1,12,250,PSO,7630.857685158837
13,1,13,250,PSO,7279.23492773601
13,1,14,250,PSO,7225.809647155122
13,1,15,250,PSO,6833.938470275811
13,1,16,250,PSO,7657.364803518167
13,1,17,250,PSO,6938.2903822155495
13,1,18,250,PSO,7811.872318573914
13,1,19,250,PSO,5848.171809277125
13,2,0,250,PSO,6146.395489341019
13,2,1,250,PSO,7467.844973036484
13,2,2,250,PSO,6601.137960122056
13,2,3,250,PSO,5920.282444694945
13,2,4,250,PSO,5323.235406648503
13,2,5,250,PSO,6514.388709183654
13,2,6,250,PSO,6125.471958779906
13,2,7,250,PSO,6992.5799240157085
13,2,8,250,PSO,7251.053630833883
13,2,9,250,PSO,8169.847839119717
13,2,10,250,PSO,7541.174156328987
13,2,11,250,PSO,5656.928946450499
13,2,12,250,PSO,5782.895702802978
13,2,13,250,PSO,7739.376680699502
13,2,14,250,PSO,7068.208097261647
13,2,15,250,PSO,6663.110730892728
13,2,16,250,PSO,6198.845562241009
13,2,17,250,PSO,6975.465906221189
13,2,18,250,PSO,7020.968772447106
13,2,19,250,PSO,6349.849772122704
13,3,0,250,PSO,8776.898666821555
13,3,1,250,PSO,7012.112828269621
13,3,2,250,PSO,6276.488667557711
13,3,3,250,PSO,9134.02194918886
13,3,4,250,PSO,4990.570002523943
13,3,5,250,PSO,7100.591704950309
13,3,6,250,PSO,7274.439856533266
13,3,7,250,PSO,7295.23591895727
13,3,8,250,PSO,7352.178826931803
13,3,9,250,PSO,6795.95304646423
13,3,10,250,PSO,7446.512158241911
13,3,11,250,PSO,7420.317216932532
13,3,12,250,PSO,6248.918046758865
13,3,13,250,PSO,5938.458336844754
13,3,14,250,PSO,6437.477046380862
13,3,15,250,PSO,6608.900537090303
13,3,16,250,PSO,7010.909284954545
13,3,17,250,PSO,7727.554925691161
13,3,18,250,PSO,6594.35551716436
13,3,19,250,PSO,9956.431699613782
13,4,0,250,PSO,6601.235976925278
13,4,1,250,PSO,7298.164477340155
13,4,2,250,PSO,8140.259945185156
13,4,3,250,PSO,8240.788961011458
13,4,4,250,PSO,7588.183763040373
13,4,5,250,PSO,6340.886956532002
13,4,6,250,PSO,5984.569666079
13,4,7,250,PSO,5759.1777736332115
13,4,8,250,PSO,7614.270042584427
13,4,9,250,PSO,6530.765453179045
13,4,10,250,PSO,8503.734230542248
13,4,11,250,PSO,7468.148172339693
13,4,12,250,PSO,6859.768816366313
13,4,13,250,PSO,6350.799307088721
13,4,14,250,PSO,7695.266648428137
13,4,15,250,PSO,7163.10009893287
13,4,16,250,PSO,6895.303181801312
13,4,17,250,PSO,8153.209794337555
13,4,18,250,PSO,7201.31291457716
13,4,19,250,PSO,7337.739051326935
13,5,0,250,PSO,6699.968614463716
13,5,1,250,PSO,6006.966018725376
13,5,2,250,PSO,7205.3402578644345
13,5,3,250,PSO,8655.72262604157
13,5,4,250,PSO,6855.814314989217
13,5,5,250,PSO,6640.820476697876
13,5,6,250,PSO,6289.240685710248
13,5,7,250,PSO,5916.864490303168
13,5,8,250,PSO,8855.6273781879
13,5,9,250,PSO,8036.22141026694
13,5,10,250,PSO,6644.405615412392
13,5,11,250,PSO,9169.5708093162
13,5,12,250,PSO,6985.323848387143
13,5,13,250,PSO,6463.352631679182
13,5,14,250,PSO,6698.115832469747
13,5,15,250,PSO,6418.133778792202
13,5,16,250,PSO,5932.271746645978
13,5,17,250,PSO,5382.405918402368
13,5,18,250,PSO,7011.984754510797
13,5,19,250,PSO,5990.224785858619
13,6,0,250,PSO,7115.522978307198
13,6,1,250,PSO,7836.138964973846
13,6,2,250,PSO,7467.901846676032
13,6,3,250,PSO,6868.160436499264
13,6,4,250,PSO,6767.550541184593
13,6,5,250,PSO,6300.369394779459
13,6,6,250,PSO,7584.010397118093
13,6,7,250,PSO,5791.954181688276
13,6,8,250,PSO,7175.893538345745
13,6,9,250,PSO,6942.335925561349
13,6,10,250,PSO,7334.363378596087
13,6,11,250,PSO,9881.23803738873
13,6,12,250,PSO,8797.250561055447
13,6,13,250,PSO,7267.103087697125
13,6,14,250,PSO,8475.218192871062
13,6,15,250,PSO,7572.334460584865
13,6,16,250,PSO,5519.699724888866
13,6,17,250,PSO,7444.222959062325
13,6,18,250,PSO,7874.169769845925
13,6,19,250,PSO,5332.24066828353
13,7,0,250,PSO,5488.206878327097
13,7,1,250,PSO,7122.902208600617
13,7,2,250,PSO,7250.7952947043705
13,7,3,250,PSO,5417.866672883932
13,7,4,250,PSO,5803.600188723856
13,7,5,250,PSO,7200.410660322887
13,7,6,250,PSO,7602.21173203558
13,7,7,250,PSO,5505.835124572069
13,7,8,250,PSO,5742.070563744481
13,7,9,250,PSO,6075.229307047941
13,7,10,250,PSO,8565.092558261334
13,7,11,250,PSO,7052.4143965856365
13,7,12,250,PSO,6859.174073077213
13,7,13,250,PSO,5949.61713512353
13,7,14,250,PSO,7049.802875579349
13,7,15,250,PSO,7302.787931147246
13,7,16,250,PSO,5777.854623336857
13,7,17,250,PSO,5843.381123876003
13,7,18,250,PSO,6233.740280805288
13,7,19,250,PSO,7200.048796472399
14,1,0,250,PSO,8436.000662558223
14,1,1,250,PSO,12343.473083211402
14,1,2,250,PSO,12187.0667354798
14,1,3,250,PSO,6811.123853127928
14,1,4,250,PSO,10549.742909382949
14,1,5,250,PSO,12252.537727003322
14,1,6,250,PSO,13675.61504297671
14,1,7,250,PSO,7152.197981050651
14,1,8,250,PSO,8060.037308846553
14,1,9,250,PSO,10839.841176391714
14,1,10,250,PSO,7184.764711308867
14,1,11,250,PSO,5902.964995459323
14,1,12,250,PSO,11950.813133255026
14,1,13,250,PSO,8551.452320015553
14,1,14,250,PSO,14979.645947097019
14,1,15,250,PSO,7006.489219310589
14,1,16,250,PSO,12218.925916877908
14,1,17,250,PSO,11726.596437831504
14,1,18,250,PSO,13830.72781271442
14,1,19,250,PSO,12559.770411961148
14,2,0,250,PSO,12816.833407330727
14,2,1,250,PSO,13678.00123598137
14,2,2,250,PSO,12408.619996306319
14,2,3,250,PSO,14174.697559405999
14,2,4,250,PSO,14250.155351045973
14,2,5,250,PSO,12916.828301980735
14,2,6,250,PSO,11510.068930716132
14,2,7,250,PSO,11961.316417341968
14,2,8,250,PSO,8002.959776462907
14,2,9,250,PSO,13350.892036412839
14,2,10,250,PSO,13886.246075614743
14,2,11,250,PSO,15262.794893610324
14,2,12,250,PSO,13460.765696454666
14,2,13,250,PSO,13666.917984272217
14,2,14,250,PSO,15165.032846250915
14,2,15,250,PSO,8851.514712702658
14,2,16,250,PSO,12959.615468021442
14,2,17,250,PSO,14279.037123887005
14,2,18,250,PSO,6571.115828842737
14,2,19,250,PSO,14906.320886436191
14,3,0,250,PSO,9717.949254282401
14,3,1,250,PSO,12617.241466659536
14,3,2,250,PSO,10288.902059406963
14,3,3,250,PSO,11900.046074367998
14,3,4,250,PSO,12015.882408179077
14,3,5,250,PSO,13354.043683330288
14,3,6,250,PSO,14082.844759812757
14,3,7,250,PSO,7005.988073113951
14,3,8,250,PSO,7603.161123597406
14,3,9,250,PSO,13590.175037884808
14,3,10,250,PSO,8406.06798056366
14,3,11,250,PSO,6929.248097992023
14,3,12,250,PSO,6657.237290790221
14,3,13,250,PSO,10130.010842006737
14,3,14,250,PSO,9554.879763097737
14,3,15,250,PSO,12865.081104847726
14,3,16,250,PSO,13430.157197289554
14,3,17,250,PSO,6931.576622260034
14,3,18,250,PSO,11704.408738119233
14,3,19,250,PSO,13843.757538064932
14,4,0,250,PSO,13225.833290731345
14,4,1,250,PSO,13037.374045753497
14,4,2,250,PSO,12080.526990294475
14,4,3,250,PSO,11491.0518151961
14,4,4,250,PSO,12539.981797562234
14,4,5,250,PSO,14022.9180543837
14,4,6,250,PSO,11713.432007437379
14,4,7,250,PSO,8228.194530518924
14,4,8,250,PSO,7600.462085295941
14,4,9,250,PSO,16676.73666781956
14,4,10,250,PSO,11912.4569116246
14,4,11,250,PSO,11569.556139157325
14,4,12,250,PSO,12368.376218844962
14,4,13,250,PSO,13132.312581935013
14,4,14,250,PSO,13969.683157126352
14,4,15,250,PSO,12424.963444166915
14,4,16,250,PSO,13526.928096571692
14,4,17,250,PSO,13975.793813521097
14,4,18,250,PSO,8498.623877621612
14,4,19,250,PSO,14769.26386356226
14,5,0,250,PSO,7479.902409440287
14,5,1,250,PSO,16767.727660090255
14,5,2,250,PSO,8287.662984231467
14,5,3,250,PSO,13696.793503204106
14,5,4,250,PSO,13900.786810584137
14,5,5,250,PSO,13825.12783432283
14,5,6,250,PSO,11374.280647558433
14,5,7,250,PSO,15100.115027875418
14,5,8,250,PSO,10887.009105461259
14,5,9,250,PSO,12599.434458641681
14,5,10,250,PSO,12545.509278421217
14,5,11,250,PSO,13444.320538388045
14,5,12,250,PSO,6523.405990113202
14,5,13,250,PSO,9551.566937291562
14,5,14,250,PSO,13084.935344939377
14,5,15,250,PSO,13222.024791151103
14,5,16,250,PSO,8718.673851697455
14,5,17,250,PSO,16251.630436617053
14,5,18,250,PSO,12751.547892948802
14,5,19,250,PSO,8123.139255661909
14,6,0,250,PSO,13945.03588295112
14,6,1,250,PSO,5733.6830492987
14,6,2,250,PSO,9233.082574475538
14,6,3,250,PSO,11328.435616015951
14,6,4,250,PSO,7544.686983472294
14,6,5,250,PSO,11183.024478771898
14,6,6,250,PSO,8684.439340187932
14,6,7,250,PSO,8397.871809690456
14,6,8,250,PSO,8918.619889596608
14,6,9,250,PSO,7382.938128523179
14,6,10,250,PSO,10450.031272851498
14,6,11,250,PSO,12148.426453991842
14,6,12,250,PSO,8068.42864372773
14,6,13,250,PSO,14009.601937326075
14,6,14,250,PSO,13737.776992995727
14,6,15,250,PSO,9691.841267099266
14,6,16,250,PSO,8264.040540956821
14,6,17,250,PSO,12977.97288735472
14,6,18,250,PSO,12615.157560069061
14,6,19,250,PSO,8314.881770642667
14,7,0,250,PSO,11792.375973762375
14,7,1,250,PSO,12730.760519208776
14,7,2,250,PSO,8080.921764262699
14,7,3,250,PSO,6970.690703631456
14,7,4,250,PSO,10237.777912621676
14,7,5,250,PSO,13148.292018239244
14,7,6,250,PSO,12422.641678663393
14,7,7,250,PSO,13393.491116177604
14,7,8,250,PSO,11802.32115069566
14,7,9,250,PSO,13090.027653074063
14,7,10,250,PSO,8474.853058687911
14,7,11,250,PSO,13165.030289079641
14,7,12,250,PSO,9087.227322427978
14,7,13,250,PSO,6079.052984039642
14,7,14,250,PSO,12976.548738925885
14,7,15,250,PSO,7189.036892320687
14,7,16,250,PSO,13618.835849622345
14,7,17,250,PSO,13611.920360531134
14,7,18,250,PSO,13288.421030086876
14,7,19,250,PSO,12622.239759315033
15,1,0,250,PSO,13160.622358825221
15,1,1,250,PSO,12901.589134651218
15,1,2,250,PSO,16373.928197034866
15,1,3,250,PSO,13231.280485165662
15,1,4,250,PSO,12151.843031586039
15,1,5,250,PSO,12877.894641051998
15,1,6,250,PSO,11315.572145061662
15,1,7,250,PSO,12801.548870806775
15,1,8,250,PSO,12728.436049987624
15,1,9,250,PSO,12350.341119541208
15,1,10,250,PSO,11595.412071682218
15,1,11,250,PSO,11656.92823720579
15,1,12,250,PSO,12841.843176047414
15,1,13,250,PSO,12905.764103670905
15,1,14,250,PSO,11753.127773551543
15,1,15,250,PSO,15064.77699030488
15,1,16,250,PSO,12576.292299403922
15,1,17,250,PSO,11416.622831683553
15,1,18,250,PSO,13591.918231585107
15,1,19,250,PSO,11321.122649154837
15,2,0,250,PSO,15837.12647970906
15,2,1,250,PSO,11874.766266327031
15,2,2,250,PSO,13036.855619381895
15,2,3,250,PSO,16173.00848476565
15,2,4,250,PSO,15160.79847731685
15,2,5,250,PSO,15270.153669519901
15,2,6,250,PSO,13701.590824167526
15,2,7,250,PSO,14088.819122236984
15,2,8,250,PSO,13764.498344203243
15,2,9,250,PSO,13209.048596659508
15,2,10,250,PSO,13395.26906032822
15,2,11,250,PSO,13039.71377533365
15,2,12,250,PSO,17914.046226249906
15,2,13,250,PSO,14653.81709675491
15,2,14,250,PSO,14046.964967404983
15,2,15,250,PSO,14878.537862201229
15,2,16,250,PSO,11682.265846749542
15,2,17,250,PSO,20292.558924396053
15,2,18,250,PSO,18273.601645610128
15,2,19,250,PSO,12426.78420204943
15,3,0,250,PSO,20229.28650895436
15,3,1,250,PSO,13188.950790178686
15,3,2,250,PSO,13078.091824984604
15,3,3,250,PSO,11522.946238064564
15,3,4,250,PSO,15101.678416011022
15,3,5,250,PSO,13160.5767516907
15,3,6,250,PSO,11857.017861421744
15,3,7,250,PSO,13867.762450011416
15,3,8,250,PSO,17062.48386806378
15,3,9,250,PSO,14738.201137262682
15,3,10,250,PSO,18455.500325577665
15,3,11,250,PSO,14933.908810159526
15,3,12,250,PSO,12531.61120722038
15,3,13,250,PSO,12073.947339582439
15,3,14,250,PSO,15122.247427575021
15,3,15,250,PSO,13240.020461532484
15,3,16,250,PSO,14241.51091489858
15,3,17,250,PSO,12493.979335447953
15,3,18,250,PSO,11789.401508244768
15,3,19,250,PSO,14483.783419009753
15,4,0,250,PSO,14778.25692864764
15,4,1,250,PSO,14559.150870790048
15,4,2,250,PSO,17529.637461320854
15,4,3,250,PSO,14910.879339211842
15,4,4,250,PSO,14674.44230963024
15,4,5,250,PSO,13845.705877942635
15,4,6,250,PSO,13889.237823434154
15,4,7,250,PSO,13185.869257707278
15,4,8,250,PSO,14518.032069531593
15,4,9,250,PSO,13565.62948943139
15,4,10,250,PSO,12621.71019246564
15,4,11,250,PSO,12637.811775908613
15,4,12,250,PSO,16657.07489635229
15,4,13,250,PSO,14464.079083342278
15,4,14,250,PSO,14414.121180264374
15,4,15,250,PSO,14935.39231526729
15,4,16,250,PSO,12130.24712566262
15,4,17,250,PSO,16937.043168842632
15,4,18,250,PSO,13153.82967814956
15,4,19,250,PSO,13038.419953605491
15,5,0,250,PSO,15252.566602766972
15,5,1,250,PSO,15984.359281566023
15,5,2,250,PSO,15036.372086503134
15,5,3,250,PSO,15669.47160030083
15,5,4,250,PSO,16990.164544136132
15,5,5,250,PSO,12513.776737375558
15,5,6,250,PSO,16138.029674296764
15,5,7,250,PSO,14010.801366483067
15,5,8,250,PSO,14487.505135061112
15,5,9,250,PSO,14542.12870205917
15,5,10,250,PSO,19854.022212012933
15,5,11,250,PSO,15063.007566529232
15,5,12,250,PSO,14389.615090147827
15,5,13,250,PSO,15349.468997477396
15,5,14,250,PSO,18694.44947126984
15,5,15,250,PSO,12059.622196691198
15,5,16,250,PSO,15517.058094012185
15,5,17,250,PSO,13903.822049484941
15,5,18,250,PSO,23812.36178188979
15,5,19,250,PSO,14409.427807832275
15,6,0,250,PSO,14436.066361136975
15,6,1,250,PSO,14013.989737124426
15,6,2,250,PSO,17100.374264613663
15,6,3,250,PSO,12638.364163230115
15,6,4,250,PSO,15659.986813489068
15,6,5,250,PSO,16148.401117582878
15,6,6,250,PSO,15441.32703357669
15,6,7,250,PSO,16030.48361047815
15,6,8,250,PSO,12581.975788369135
15,6,9,250,PSO,12955.172770042458
15,6,10,250,PSO,18551.78619466645
15,6,11,250,PSO,14006.179306597023
15,6,12,250,PSO,15771.36993656805
15,6,13,250,PSO,13875.627347085585
15,6,14,250,PSO,15838.526022193246
15,6,15,250,PSO,15177.100119196968
15,6,16,250,PSO,14386.709175963717
15,6,17,250,PSO,14817.01227411635
15,6,18,250,PSO,16765.00800702511
15,6,19,250,PSO,13990.490820010655
15,7,0,250,PSO,15752.239573138133
15,7,1,250,PSO,13160.484375894877
15,7,2,250,PSO,15288.180880050233
15,7,3,250,PSO,13358.949048993069
15,7,4,250,PSO,12331.082837915234
15,7,5,250,PSO,13471.296574214888
15,7,6,250,PSO,13963.280304669803
15,7,7,250,PSO,12053.42431486271
15,7,8,250,PSO,13137.855048148918
15,7,9,250,PSO,14312.499424207606
15,7,10,250,PSO,11312.114819409622
15,7,11,250,PSO,13027.492950136131
15,7,12,250,PSO,12001.472782213874
15,7,13,250,PSO,12599.882314836621
15,7,14,250,PSO,14024.84415701657
15,7,15,250,PSO,13708.842502691377
15,7,16,250,PSO,11355.162400919431
15,7,17,250,PSO,12588.121469619025
15,7,18,250,PSO,16717.75367385556
15,7,19,250,PSO,14611.132225477235
16,1,0,250,PSO,4611.32268417718
16,1,1,250,PSO,5148.593216649517
16,1,2,250,PSO,5437.4578296814525
16,1,3,250,PSO,4850.212125954069
16,1,4,250,PSO,4867.35884281362
16,1,5,250,PSO,4914.347628748755
16,1,6,250,PSO,4448.0341813802825
16,1,7,250,PSO,4142.421766619134
16,1,8,250,PSO,5362.307760631109
16,1,9,250,PSO,5165.566992413074
16,1,10,250,PSO,4247.094134793023
16,1,11,250,PSO,5006.540121886814
16,1,12,250,PSO,4430.703269364875
16,1,13,250,PSO,4723.012551300268
16,1,14,250,PSO,4939.385469019942
16,1,15,250,PSO,4307.2570306624675
16,1,16,250,PSO,4987.873563473919
16,1,17,250,PSO,4211.597501001312
16,1,18,250,PSO,4577.474410835907
16,1,19,250,PSO,4142.309056222248
16,2,0,250,PSO,4919.288276622232
16,2,1,250,PSO,5022.799586324155
16,2,2,250,PSO,5740.079062915416
16,2,3,250,PSO,7442.564789898661
16,2,4,250,PSO,5427.22168926087
16,2,5,250,PSO,5115.437078845114
16,2,6,250,PSO,4102.519362675806
16,2,7,250,PSO,5783.606785566373
16,2,8,250,PSO,5514.115006501445
16,2,9,250,PSO,4735.660365595164
16,2,10,250,PSO,6481.847141560352
16,2,11,250,PSO,6111.995120307096
16,2,12,250,PSO,4760.089431999487
16,2,13,250,PSO,5227.469744498967
16,2,14,250,PSO,4961.889841813998
16,2,15,250,PSO,4398.673309422346
16,2,16,250,PSO,6464.214239902004
16,2,17,250,PSO,4491.284553590938
16,2,18,250,PSO,5721.732798683744
16,2,19,250,PSO,4276.916197358025
16,3,0,250,PSO,3496.5916728544
16,3,1,250,PSO,4253.456540169155
16,3,2,250,PSO,4202.493037232772
16,3,3,250,PSO,3639.3274313572974
16,3,4,250,PSO,3642.9639243255083
16,3,5,250,PSO,3595.596315700429
16,3,6,250,PSO,3486.2716259154167
16,3,7,250,PSO,3555.5370478976297
16,3,8,250,PSO,4184.994683115538
16,3,9,250,PSO,4231.6448301566525
16,3,10,250,PSO,4115.795180469541
16,3,11,250,PSO,3859.4675940183024
16,3,12,250,PSO,3841.6029630049243
16,3,13,250,PSO,4767.924547321425
16,3,14,250,PSO,5745.316016728491
16,3,15,250,PSO,4293.330296946754
16,3,16,250,PSO,2801.919708861449
16,3,17,250,PSO,3872.448746471365
16,3,18,250,PSO,3094.1610370083026
16,3,19,250,PSO,3713.4686616789204
16,4,0,250,PSO,5287.774010279957
16,4,1,250,PSO,4517.340453393285
16,4,2,250,PSO,6006.6901577182325
16,4,3,250,PSO,5052.068332832066
16,4,4,250,PSO,5592.489869659935
16,4,5,250,PSO,5732.074665252643
16,4,6,250,PSO,5604.512705450747
16,4,7,250,PSO,5374.224058663254
16,4,8,250,PSO,5943.30839336764
16,4,9,250,PSO,6133.743208719157
16,4,10,250,PSO,4481.4962465517065
16,4,11,250,PSO,5387.112219816077
16,4,12,250,PSO,6260.945483452935
16,4,13,250,PSO,5836.71337988139
16,4,14,250,PSO,4975.043823713642
16,4,15,250,PSO,4794.103606256778
16,4,16,250,PSO,5701.785942678416
16,4,17,250,PSO,6079.626491437391
16,4,18,250,PSO,5801.017239897399
16,4,19,250,PSO,5378.947216881676
16,5,0,250,PSO,5007.299885383509
16,5,1,250,PSO,5081.303862845334
16,5,2,250,PSO,5573.136859034253
16,5,3,250,PSO,4743.327518193397
16,5,4,250,PSO,4259.5329024640905
16,5,5,250,PSO,5179.084608396933
16,5,6,250,PSO,5429.7056628311575
16,5,7,250,PSO,4280.8836080067895
16,5,8,250,PSO,5449.682070382889
16,5,9,250,PSO,4987.3399095612795
16,5,10,250,PSO,4786.667270829911
16,5,11,250,PSO,4415.072738973069
16,5,12,250,PSO,4146.7545712052815
16,5,13,250,PSO,3871.249793752605
16,5,14,250,PSO,5240.5460772243105
16,5,15,250,PSO,4298.928883487466
16,5,16,250,PSO,4319.942676456727
16,5,17,250,PSO,3912.0691529407786
16,5,18,250,PSO,4262.68904724425
16,5,19,250,PSO,5237.362110362711
16,6,0,250,PSO,5316.320320299194
16,6,1,250,PSO,5059.507666704865
16,6,2,250,PSO,4398.624648287323
16,6,3,250,PSO,5365.004420932735
16,6,4,250,PSO,5714.308636456985
16,6,5,250,PSO,4627.567297610129
16,6,6,250,PSO,3901.274724164771
16,6,7,250,PSO,6127.690440192931
16,6,8,250,PSO,6049.906467559753
16,6,9,250,PSO,4572.9806799589705
16,6,10,250,PSO,4780.2713700662625
16,6,11,250,PSO,4009.5349178176216
16,6,12,250,PSO,4803.559895848748
16,6,13,250,PSO,7012.62154126647
16,6,14,250,PSO,4815.5512799311
16,6,15,250,PSO,4490.171440455271
16,6,16,250,PSO,5220.2470748149
16,6,17,250,PSO,5933.708948470652
16,6,18,250,PSO,4996.838525941884
16,6,19,250,PSO,4499.690860424058
16,7,0,250,PSO,5819.854916627342
16,7,1,250,PSO,4635.881145507227
16,7,2,250,PSO,5181.787746778277
16,7,3,250,PSO,5744.9290506909365
16,7,4,250,PSO,5183.5083617137325
16,7,5,250,PSO,5296.247669131873
16,7,6,250,PSO,4491.488262217622
16,7,7,250,PSO,6225.417322411953
16,7,8,250,PSO,5027.357662983229
16,7,9,250,PSO,4339.760744707872
16,7,10,250,PSO,5230.296393369132
16,7,11,250,PSO,5597.096739559882
16,7,12,250,PSO,5083.102952046921
16,7,13,250,PSO,4227.665573082714
16,7,14,250,PSO,5714.557825185639
16,7,15,250,PSO,5508.737951484667
16,7,16,250,PSO,4700.670173526418
16,7,17,250,PSO,5981.261770309906
16,7,18,250,PSO,4705.49976562727
16,7,19,250,PSO,4613.225446388904
17,1,0,250,PSO,2027.8541983882
17,1,1,250,PSO,2052.201203841427
17,1,2,250,PSO,2103.864545143662
17,1,3,250,PSO,2048.288007482733
17,1,4,250,PSO,1665.9727823685948
17,1,5,250,PSO,1931.5166975440923
17,1,6,250,PSO,1911.6171816359479
17,1,7,250,PSO,1979.0496787470643
17,1,8,250,PSO,2402.7150842773226
17,1,9,250,PSO,1937.0618002376882
17,1,10,250,PSO,1708.193511789752
17,1,11,250,PSO,1945.0454259604226
17,1,12,250,PSO,2249.7077062976928
17,1,13,250,PSO,2123.257146055147
17,1,14,250,PSO,2023.688963406632
17,1,15,250,PSO,2409.7838412142028
17,1,16,250,PSO,2103.3325347365903
17,1,17,250,PSO,1890.0197845065377
17,1,18,250,PSO,1855.4818113907752
17,1,19,250,PSO,1910.1667964785047
17,2,0,250,PSO,1919.5607802009763
17,2,1,250,PSO,1771.8484948753667
17,2,2,250,PSO,2111.2766914231315
17,2,3,250,PSO,1896.1852286680476
17,2,4,250,PSO,1948.7511118088648
17,2,5,250,PSO,1965.0557020686238
17,2,6,250,PSO,1969.313150466807
17,2,7,250,PSO,1771.8641899732247
17,2,8,250,PSO,2120.5108822079446
17,2,9,250,PSO,2034.59684679208
17,2,10,250,PSO,2235.6843025110675
17,2,11,250,PSO,1598.0047076147403
17,2,12,250,PSO,2054.7232468221882
17,2,13,250,PSO,1613.5268582768797
17,2,14,250,PSO,2007.4739092801087
17,2,15,250,PSO,1512.701475347091
17,2,16,250,PSO,1840.4664048892137
17,2,17,250,PSO,2018.3258079172829
17,2,18,250,PSO,2162.6666656859475
17,2,19,250,PSO,2011.8663397495407
17,3,0,250,PSO,1914.402112581808
17,3,1,250,PSO,2459.993551307615
17,3,2,250,PSO,1776.2985132033652
17,3,3,250,PSO,1797.391867707201
17,3,4,250,PSO,1994.385700900173
17,3,5,250,PSO,2181.226617990391
17,3,6,250,PSO,1821.7763931663012
17,3,7,250,PSO,1779.2107908988016
17,3,8,250,PSO,1960.7665479115349
17,3,9,250,PSO,1834.6638519242465
17,3,10,250,PSO,1709.5446033114197
17,3,11,250,PSO,1879.0729066615913
17,3,12,250,PSO,1849.2841265339143
17,3,13,250,PSO,2046.0085832050627
17,3,14,250,PSO,1801.3793584752984
17,3,15,250,PSO,2340.3183240226654
17,3,16,250,PSO,1832.5143894628611
17,3,17,250,PSO,1937.1301498227106
17,3,18,250,PSO,2413.5757491222066
17,3,19,250,PSO,1913.5437112169107
17,4,0,250,PSO,2265.3049087856243
17,4,1,250,PSO,2082.1178556303084
17,4,2,250,PSO,2274.9696535453727
17,4,3,250,PSO,1911.4069970538403
17,4,4,250,PSO,1492.8563718436487
17,4,5,250,PSO,1805.083661640248
17,4,6,250,PSO,1896.91247897595
17,4,7,250,PSO,1914.4721261923178
17,4,8,250,PSO,2133.624937507947
17,4,9,250,PSO,1861.8667656937084
17,4,10,250,PSO,1717.6982124835984
17,4,11,250,PSO,2040.997907612069
17,4,12,250,PSO,2077.9802686732096
17,4,13,250,PSO,2059.831865593403
17,4,14,250,PSO,1702.0165066419
17,4,15,250,PSO,2002.1700272137125
17,4,16,250,PSO,1813.0921609440998
17,4,17,250,PSO,2081.6294817646663
17,4,18,250,PSO,2052.6166237023826
17,4,19,250,PSO,2177.3791190962024
17,5,0,250,PSO,1825.0024026365868
17,5,1,250,PSO,1890.69414519042
17,5,2,250,PSO,2208.477340583998
17,5,3,250,PSO,1806.4605072855252
17,5,4,250,PSO,2103.3725559106497
17,5,5,250,PSO,2053.1882881842694
17,5,6,250,PSO,2066.3325415843487
17,5,7,250,PSO,1698.1781739064404
17,5,8,250,PSO,2333.5534584653824
17,5,9,250,PSO,2021.9226686273719
17,5,10,250,PSO,2387.0830340174475
17,5,11,250,PSO,1975.874791064246
17,5,12,250,PSO,1954.039613526799
17,5,13,250,PSO,2724.1237259297855
17,5,14,250,PSO,1845.6991718984252
17,5,15,250,PSO,2114.277944416369
17,5,16,250,PSO,2034.730807061678
17,5,17,250,PSO,1869.1186363817746
17,5,18,250,PSO,2185.75113050229
17,5,19,250,PSO,1991.8627980611418
17,6,0,250,PSO,2382.1602522485223
17,6,1,250,PSO,1820.4200819246523
17,6,2,250,PSO,1956.3952141805053
17,6,3,250,PSO,2012.285783372276
17,6,4,250,PSO,2001.7315545153847
17,6,5,250,PSO,2013.9058651369191
17,6,6,250,PSO,2126.638612992737
17,6,7,250,PSO,1722.8910807551417
17,6,8,250,PSO,2353.129269583923
17,6,9,250,PSO,1969.478109099145
17,6,10,250,PSO,1961.4417922516645
17,6,11,250,PSO,2210.067276951438
17,6,12,250,PSO,2501.459351033008
17,6,13,250,PSO,2004.567043526049
17,6,14,250,PSO,1774.999002282721
17,6,15,250,PSO,1869.8294230310012
17,6,16,250,PSO,1809.6362726381676
17,6,17,250,PSO,2280.9059469851263
17,6,18,250,PSO,2007.2636339316114
17,6,19,250,PSO,1763.7232881574087
17,7,0,250,PSO,1701.5488051856914
17,7,1,250,PSO,1817.074214140529
17,7,2,250,PSO,1772.3837857543165
17,7,3,250,PSO,2028.4508621476161
17,7,4,250,PSO,2023.7449853584599
17,7,5,250,PSO,1860.5258953135199
17,7,6,250,PSO,1815.6631019039355
17,7,7,250,PSO,2165.5259898519735
17,7,8,250,PSO,2265.435299557469
17,7,9,250,PSO,1793.0341255681874
17,7,10,250,PSO,1868.636152102646
17,7,11,250,PSO,2206.1781209653045
17,7,12,250,PSO,2134.5944923958195
17,7,13,250,PSO,1758.1389407010156
17,7,14,250,PSO,1987.6110295415072
17,7,15,250,PSO,1973.2880058884546
17,7,16,250,PSO,1774.3208190867583
17,7,17,250,PSO,2255.7014752250616
17,7,18,250,PSO,2446.565144552256
17,7,19,250,PSO,1986.4642927030623
18,1,0,250,PSO,3407.447913621789
18,1,1,250,PSO,3854.104158044286
18,1,2,250,PSO,3631.842272045996
18,1,3,250,PSO,4397.92397759033
18,1,4,250,PSO,3305.946011037663
18,1,5,250,PSO,2877.2451888977303
18,1,6,250,PSO,4093.9042555314804
18,1,7,250,PSO,3238.1937629123154
18,1,8,250,PSO,2457.2281713905195
18,1,9,250,PSO,3645.5250179396025
18,1,10,250,PSO,3621.1286338692457
18,1,11,250,PSO,2929.389201833761
18,1,12,250,PSO,3207.1018160852623
18,1,13,250,PSO,3013.7412173517414
18,1,14,250,PSO,2910.7763380726183
18,1,15,250,PSO,3797.372043131123
18,1,16,250,PSO,3001.1635301739516
18,1,17,250,PSO,3428.7686739503242
18,1,18,250,PSO,4390.002980984981
18,1,19,250,PSO,3087.923652776919
18,2,0,250,PSO,3875.420970270711
18,2,1,250,PSO,3795.8640990039376
18,2,2,250,PSO,3490.873161532806
18,2,3,250,PSO,4827.415177187363
18,2,4,250,PSO,4262.4644442949175
18,2,5,250,PSO,4622.466839310833
18,2,6,250,PSO,4401.846295481922
18,2,7,250,PSO,3485.7410799980707
18,2,8,250,PSO,3885.314627846893
18,2,9,250,PSO,4523.150838119467
18,2,10,250,PSO,3582.2946842084853
18,2,11,250,PSO,3470.5041702492467
18,2,12,250,PSO,4069.829863920908
18,2,13,250,PSO,3424.720092489346
18,2,14,250,PSO,3565.8330016076998
18,2,15,250,PSO,3584.80408975636
18,2,16,250,PSO,3721.545507457973
18,2,17,250,PSO,4206.384416911215
18,2,18,250,PSO,3882.7481918387048
18,2,19,250,PSO,3578.9805204949876
18,3,0,250,PSO,3866.5766355877827
18,3,1,250,PSO,3074.279594954202
18,3,2,250,PSO,3745.6134575608794
18,3,3,250,PSO,3866.640703896633
18,3,4,250,PSO,3760.091180905716
18,3,5,250,PSO,3266.629186162605
18,3,6,250,PSO,3546.9956746258285
18,3,7,250,PSO,3977.807930165556
18,3,8,250,PSO,3361.0075708939703
18,3,9,250,PSO,4481.603011514675
18,3,10,250,PSO,3535.8462667047556
18,3,11,250,PSO,3918.376201003729
18,3,12,250,PSO,3822.270927618446
18,3,13,250,PSO,3734.236880653917
18,3,14,250,PSO,2841.311552037898
18,3,15,250,PSO,2990.1080223099843
18,3,16,250,PSO,3205.236767412538
18,3,17,250,PSO,3819.2448627531994
18,3,18,250,PSO,3201.830532985402
18,3,19,250,PSO,3878.4483525786195
18,4,0,250,PSO,3995.744565245517
18,4,1,250,PSO,3262.9967366628553
18,4,2,250,PSO,3397.4516839667313
18,4,3,250,PSO,3309.54149084054
18,4,4,250,PSO,3088.2174251293427
18,4,5,250,PSO,3362.0161611087437
18,4,6,250,PSO,2666.33400700288
18,4,7,250,PSO,3895.022676778746
18,4,8,250,PSO,4261.222171308697
18,4,9,250,PSO,4022.4975238852558
18,4,10,250,PSO,3154.3843671045647
18,4,11,250,PSO,2909.2452255861544
18,4,12,250,PSO,3727.702894671631
18,4,13,250,PSO,3277.7022960765344
18,4,14,250,PSO,4261.1167240189025
18,4,15,250,PSO,2700.9257695362535
18,4,16,250,PSO,3063.5625220445036
18,4,17,250,PSO,2715.2646847450997
18,4,18,250,PSO,3236.773580615862
18,4,19,250,PSO,3122.835851612578
18,5,0,250,PSO,4080.5867166885573
18,5,1,250,PSO,4041.685846886151
18,5,2,250,PSO,3447.309811917932
18,5,3,250,PSO,3762.164281140199
18,5,4,250,PSO,3626.185777414387
18,5,5,250,PSO,3869.1453569279574
18,5,6,250,PSO,3752.9073813884943
18,5,7,250,PSO,3303.252114327619
18,5,8,250,PSO,4079.048675227141
18,5,9,250,PSO,4262.8321058076845
18,5,10,250,PSO,4037.0968349159407
18,5,11,250,PSO,4372.531953728866
18,5,12,250,PSO,4354.203601293455
18,5,13,250,PSO,4580.699718051502
18,5,14,250,PSO,3693.5446832229486
18,5,15,250,PSO,3975.0869166364114
18,5,16,250,PSO,3585.9016639694973
18,5,17,250,PSO,4676.082459906228
18,5,18,250,PSO,3326.1761006703514
18,5,19,250,PSO,3628.8550623316632
18,6,0,250,PSO,3723.369229073164
18,6,1,250,PSO,2672.8054955328994
18,6,2,250,PSO,2872.8379786251885
18,6,3,250,PSO,3342.400670086289
18,6,4,250,PSO,2850.110389515983
18,6,5,250,PSO,3735.3094780285232
18,6,6,250,PSO,2632.1670588792354
18,6,7,250,PSO,2589.352432694693
18,6,8,250,PSO,3452.9756726793657
18,6,9,250,PSO,2695.104343654033
18,6,10,250,PSO,2950.446166678373
18,6,11,250,PSO,3133.1363561279536
18,6,12,250,PSO,2758.603781024265
18,6,13,250,PSO,2795.763724886825
18,6,14,250,PSO,3186.645520971966
18,6,15,250,PSO,2465.469171062455
18,6,16,250,PSO,2901.119787399322
18,6,17,250,PSO,2850.442428094484
18,6,18,250,PSO,3229.4434662112976
18,6,19,250,PSO,3066.510348448744
18,7,0,250,PSO,2921.351199988473
18,7,1,250,PSO,2900.5064430569923
18,7,2,250,PSO,3212.483047763242
18,7,3,250,PSO,3528.6908538216458
18,7,4,250,PSO,3401.4398537504057
18,7,5,250,PSO,2805.5531760046606
18,7,6,250,PSO,2823.198583492247
18,7,7,250,PSO,2765.1012756504733
18,7,8,250,PSO,2801.3052362580747
18,7,9,250,PSO,2906.5666286154255
18,7,10,250,PSO,3064.118715135008
18,7,11,250,PSO,3648.688336213464
18,7,12,250,PSO,3237.05729025661
18,7,13,250,PSO,2805.108896928461
18,7,14,250,PSO,3182.0400537999526
18,7,15,250,PSO,3519.9998496476883
18,7,16,250,PSO,2970.4970567511937
18,7,17,250,PSO,2888.051555245458
18,7,18,250,PSO,2647.793222488255
18,7,19,250,PSO,3101.031749394725
19,1,0,250,PSO,7074.447654377443
19,1,1,250,PSO,7849.815892989817
19,1,2,250,PSO,7009.26376582036
19,1,3,250,PSO,9400.781000999403
19,1,4,250,PSO,9226.265450271276
19,1,5,250,PSO,8481.598647494278
19,1,6,250,PSO,8513.902566563731
19,1,7,250,PSO,8528.87669925447
19,1,8,250,PSO,9534.53804617993
19,1,9,250,PSO,8289.622322006535
19,1,10,250,PSO,7929.447050947514
19,1,11,250,PSO,14200.095866179432
19,1,12,250,PSO,8720.353758720132
19,1,13,250,PSO,8588.36969368645
19,1,14,250,PSO,9486.731925330958
19,1,15,250,PSO,8075.12981988666
19,1,16,250,PSO,8079.374676054047
19,1,17,250,PSO,8698.011878436491
19,1,18,250,PSO,10223.151799558109
19,1,19,250,PSO,7555.603005895428
19,2,0,250,PSO,7846.308326247814
19,2,1,250,PSO,7150.518917141333
19,2,2,250,PSO,7161.293263704587
19,2,3,250,PSO,8096.795389803865
19,2,4,250,PSO,7216.800429123696
19,2,5,250,PSO,8338.36346795214
19,2,6,250,PSO,8584.11736645365
19,2,7,250,PSO,9448.703421376507
19,2,8,250,PSO,9769.120165850294
19,2,9,250,PSO,9058.472648802952
19,2,10,250,PSO,8987.302516902451
19,2,11,250,PSO,5319.154107304738
19,2,12,250,PSO,7800.812243886293
19,2,13,250,PSO,8330.36478325803
19,2,14,250,PSO,8544.8533357305
19,2,15,250,PSO,7043.34182144688
19,2,16,250,PSO,9082.773565273015
19,2,17,250,PSO,7856.495783372033
19,2,18,250,PSO,7555.437226283672
19,2,19,250,PSO,8224.411676792934
19,3,0,250,PSO,8452.873779093301
19,3,1,250,PSO,8241.717959710635
19,3,2,250,PSO,7485.031918442978
19,3,3,250,PSO,8485.63583664716
19,3,4,250,PSO,9132.222976346427
19,3,5,250,PSO,9237.656193753974
19,3,6,250,PSO,7539.678394669581
19,3,7,250,PSO,9143.885495005063
19,3,8,250,PSO,8581.883070804575
19,3,9,250,PSO,8293.381523462731
19,3,10,250,PSO,7703.341387702717
19,3,11,250,PSO,9232.423097288396
19,3,12,250,PSO,8220.086043943924
19,3,13,250,PSO,8811.946234293338
19,3,14,250,PSO,7238.638005944964
19,3,15,250,PSO,11046.947420194925
19,3,16,250,PSO,9842.749660334115
19,3,17,250,PSO,8437.847803969113
19,3,18,250,PSO,8463.856337033627
19,3,19,250,PSO,6394.429621852965
19,4,0,250,PSO,8496.130347391603
19,4,1,250,PSO,6530.801910926201
19,4,2,250,PSO,7145.277908544236
19,4,3,250,PSO,7482.416281427897
19,4,4,250,PSO,7824.0762637346525
19,4,5,250,PSO,7008.504577349784
19,4,6,250,PSO,7191.439953422925
19,4,7,250,PSO,7112.941608394798
19,4,8,250,PSO,9255.189079550044
19,4,9,250,PSO,7105.0508860059535
19,4,10,250,PSO,8453.325708053895
19,4,11,250,PSO,7977.739091620706
19,4,12,250,PSO,7103.773980026799
19,4,13,250,PSO,7753.070753710363
19,4,14,250,PSO,7826.450945607257
19,4,15,250,PSO,8246.595744175642
19,4,16,250,PSO,6541.041234713074
19,4,17,250,PSO,7457.335814618793
19,4,18,250,PSO,9258.383013307102
19,4,19,250,PSO,8628.679315007299
19,5,0,250,PSO,5924.442996173062
19,5,1,250,PSO,7846.720770984372
19,5,2,250,PSO,7240.312807921397
19,5,3,250,PSO,6894.961728674588
19,5,4,250,PSO,7583.207503529789
19,5,5,250,PSO,7492.323405870661
19,5,6,250,PSO,7761.3331555578
19,5,7,250,PSO,7807.893718537805
19,5,8,250,PSO,7534.876816843538
19,5,9,250,PSO,8796.757898495247
19,5,10,250,PSO,8865.050752664501
19,5,11,250,PSO,7886.532247455936
19,5,12,250,PSO,9166.05225454475
19,5,13,250,PSO,6803.238028018526
19,5,14,250,PSO,9609.471370477004
19,5,15,250,PSO,8235.178913602078
19,5,16,250,PSO,6448.477775912472
19,5,17,250,PSO,7657.979867395056
19,5,18,250,PSO,8624.280497699856
19,5,19,250,PSO,7355.621921392485
19,6,0,250,PSO,7291.726371386868
19,6,1,250,PSO,6728.569449588281
19,6,2,250,PSO,8248.141869175106
19,6,3,250,PSO,7901.423422146133
19,6,4,250,PSO,7281.6847157909815
19,6,5,250,PSO,7738.050326297726
19,6,6,250,PSO,7711.11906918562
19,6,7,250,PSO,8875.185824872835
19,6,8,250,PSO,9647.130629704168
19,6,9,250,PSO,8734.257541323626
19,6,10,250,PSO,8914.26561446696
19,6,11,250,PSO,7198.039507385729
19,6,12,250,PSO,8202.409541611505
19,6,13,250,PSO,6522.263226416613
19,6,14,250,PSO,8761.00801243044
19,6,15,250,PSO,7806.512889188714
19,6,16,250,PSO,7602.071471750494
19,6,17,250,PSO,7381.341299814197
19,6,18,250,PSO,6999.920200766952
19,6,19,250,PSO,7892.774584422208
19,7,0,250,PSO,8663.17955242877
19,7,1,250,PSO,7512.046273628079
19,7,2,250,PSO,7409.990488694239
19,7,3,250,PSO,7082.786843847409
19,7,4,250,PSO,6360.56755537869
19,7,5,250,PSO,8021.294181963554
19,7,6,250,PSO,7224.978363932314
19,7,7,250,PSO,7275.266715287042
19,7,8,250,PSO,8304.984888414534
19,7,9,250,PSO,6875.374224593526
19,7,10,250,PSO,8589.296912392263
19,7,11,250,PSO,9646.78071192336
19,7,12,250,PSO,7666.233562604915
19,7,13,250,PSO,8675.014747903213
19,7,14,250,PSO,8693.90964159908
19,7,15,250,PSO,7615.328942321371
19,7,16,250,PSO,6361.330943512365
19,7,17,250,PSO,6660.912395029667
19,7,18,250,PSO,6747.630826501156
19,7,19,250,PSO,7679.035383100752
20,1,0,250,PSO,11009.015548666444
20,1,1,250,PSO,11685.999249557668
20,1,2,250,PSO,10971.082774122606
20,1,3,250,PSO,9051.60044382559
20,1,4,250,PSO,9163.03482232029
20,1,5,250,PSO,9484.081098014849
20,1,6,250,PSO,11845.188817280214
20,1,7,250,PSO,8641.192670976983
20,1,8,250,PSO,9787.722809630897
20,1,9,250,PSO,10549.820593365144
20,1,10,250,PSO,8206.580773866684
20,1,11,250,PSO,12808.865764550235
20,1,12,250,PSO,8138.2080900446845
20,1,13,250,PSO,8751.780362400406
20,1,14,250,PSO,9766.021937681035
20,1,15,250,PSO,10916.65727052053
20,1,16,250,PSO,9347.370951052748
20,1,17,250,PSO,12086.350200248608
20,1,18,250,PSO,9451.631733954639
20,1,19,250,PSO,8715.231753597496
20,2,0,250,PSO,7790.5509939996355
20,2,1,250,PSO,7206.5488987464805
20,2,2,250,PSO,8859.729718430046
20,2,3,250,PSO,10006.438160125123
20,2,4,250,PSO,8452.57529773929
20,2,5,250,PSO,10612.453837046218
20,2,6,250,PSO,9853.316502286154
20,2,7,250,PSO,8335.379376044953
20,2,8,250,PSO,8517.747105664579
20,2,9,250,PSO,6825.251415075591
20,2,10,250,PSO,8159.525825741466
20,2,11,250,PSO,8100.324853471107
20,2,12,250,PSO,8753.894773147047
20,2,13,250,PSO,9616.055174740974
20,2,14,250,PSO,9997.80415518571
20,2,15,250,PSO,9271.707662327013
20,2,16,250,PSO,7092.619385276768
20,2,17,250,PSO,7713.038307436084
20,2,18,250,PSO,11255.606851645407
20,2,19,250,PSO,7527.078191239276
20,3,0,250,PSO,7950.727883632493
20,3,1,250,PSO,9885.545208021096
20,3,2,250,PSO,7879.262490785368
20,3,3,250,PSO,8161.344064576101
20,3,4,250,PSO,6385.461737794192
20,3,5,250,PSO,7593.095952470287
20,3,6,250,PSO,8182.051057533188
20,3,7,250,PSO,10443.21970375885
20,3,8,250,PSO,12406.031429010272
20,3,9,250,PSO,8565.103203275543
20,3,10,250,PSO,7908.674647343285
20,3,11,250,PSO,8980.737149945213
20,3,12,250,PSO,8121.972362110684
20,3,13,250,PSO,7573.506662628622
20,3,14,250,PSO,10027.651092693017
20,3,15,250,PSO,9586.84466674595
20,3,16,250,PSO,7365.378606585049
20,3,17,250,PSO,10614.906972263088
20,3,18,250,PSO,8686.114902711337
20,3,19,250,PSO,7648.949866318153
20,4,0,250,PSO,6951.403253563096
20,4,1,250,PSO,9684.935909567372
20,4,2,250,PSO,12550.32997055224
20,4,3,250,PSO,10392.5763003251
20,4,4,250,PSO,9016.131964146327
20,4,5,250,PSO,8899.935199244546
20,4,6,250,PSO,8454.010643341146
20,4,7,250,PSO,12378.375852620658
20,4,8,250,PSO,8140.21228384891
20,4,9,250,PSO,8733.678328213813
20,4,10,250,PSO,12750.608043848948
20,4,11,250,PSO,9746.23440403104
20,4,12,250,PSO,10117.628682223876
20,4,13,250,PSO,8707.029084186075
20,4,14,250,PSO,9071.559939814882
20,4,15,250,PSO,7155.6122686309645
20,4,16,250,PSO,9532.224150610204
20,4,17,250,PSO,10274.92507350422
20,4,18,250,PSO,10988.521942396204
20,4,19,250,PSO,8106.733197802497
20,5,0,250,PSO,9127.853204479892
20,5,1,250,PSO,6903.496002462181
20,5,2,250,PSO,9448.774739625587
20,5,3,250,PSO,8017.642329210981
20,5,4,250,PSO,8705.59650506059
20,5,5,250,PSO,7677.438049972772
20,5,6,250,PSO,9230.729793937673
20,5,7,250,PSO,8512.027383468518
20,5,8,250,PSO,10923.780459043115
20,5,9,250,PSO,9988.551382705053
20,5,10,250,PSO,8352.173999609658
20,5,11,250,PSO,8833.822540407908
20,5,12,250,PSO,7172.079813202498
20,5,13,250,PSO,6773.307484081341
20,5,14,250,PSO,9501.112880188144
20,5,15,250,PSO,7079.429537395941
20,5,16,250,PSO,7508.126154844537
20,5,17,250,PSO,7599.349269289472
20,5,18,250,PSO,7454.754517865325
20,5,19,250,PSO,9309.746313596397
20,6,0,250,PSO,12641.908826203315
20,6,1,250,PSO,13741.826554787385
20,6,2,250,PSO,8194.911509211033
20,6,3,250,PSO,12013.627006358565
20,6,4,250,PSO,9371.978595381426
20,6,5,250,PSO,8211.48748606712
20,6,6,250,PSO,8485.84882777157
20,6,7,250,PSO,14690.871445392439
20,6,8,250,PSO,11548.859065480869
20,6,9,250,PSO,12823.876958944185
20,6,10,250,PSO,11088.13387887929
20,6,11,250,PSO,10036.033259434631
20,6,12,250,PSO,9987.094229122275
20,6,13,250,PSO,8483.031126426218
20,6,14,250,PSO,7053.683988494928
20,6,15,250,PSO,10827.989226518224
20,6,16,250,PSO,11843.178420259586
20,6,17,250,PSO,11374.301170711497
20,6,18,250,PSO,10664.470817775606
20,6,19,250,PSO,9024.472076285938
20,7,0,250,PSO,11503.06810249082
20,7,1,250,PSO,9356.169951435892
20,7,2,250,PSO,9357.067708576582
20,7,3,250,PSO,8978.851689844802
20,7,4,250,PSO,10297.02920639835
20,7,5,250,PSO,10579.721330999746
20,7,6,250,PSO,9949.763658028201
20,7,7,250,PSO,7245.999974758958
20,7,8,250,PSO,9254.207882977982
20,7,9,250,PSO,8973.13431272178
20,7,10,250,PSO,7296.663696340048
20,7,11,250,PSO,11434.821523900802
20,7,12,250,PSO,9252.895484934012
20,7,13,250,PSO,8217.287690237637
20,7,14,250,PSO,9100.52187272767
20,7,15,250,PSO,8246.41773467815
20,7,16,250,PSO,8697.25684178592
20,7,17,250,PSO,8801.236441652767
20,7,18,250,PSO,9449.22213372781
20,7,19,250,PSO,10193.601005890238
21,1,0,250,PSO,8591.309491430315
21,1,1,250,PSO,7114.118754896167
21,1,2,250,PSO,10320.512518851234
21,1,3,250,PSO,7939.5917038912885
21,1,4,250,PSO,10917.980270942277
21,1,5,250,PSO,8025.942394814134
21,1,6,250,PSO,10090.445443052322
21,1,7,250,PSO,10260.334092438665
21,1,8,250,PSO,7968.001771914498
21,1,9,250,PSO,11186.248469407965
21,1,10,250,PSO,10586.927539546336
21,1,11,250,PSO,9573.546866408627
21,1,12,250,PSO,10325.55957085768
21,1,13,250,PSO,9804.787319765266
21,1,14,250,PSO,9045.824484330275
21,1,15,250,PSO,7802.895282918102
21,1,16,250,PSO,9845.556431935347
21,1,17,250,PSO,9909.726604831563
21,1,18,250,PSO,10635.937112321179
21,1,19,250,PSO,10254.324812256298
21,2,0,250,PSO,7263.822478671157
21,2,1,250,PSO,9574.188694493001
21,2,2,250,PSO,10128.90744278346
21,2,3,250,PSO,10167.769336715526
21,2,4,250,PSO,7552.8234499091195
21,2,5,250,PSO,10586.520548105262
21,2,6,250,PSO,10726.9997872845
21,2,7,250,PSO,9157.660528776329
21,2,8,250,PSO,8511.866840633633
21,2,9,250,PSO,10626.075442923991
21,2,10,250,PSO,7778.893068906223
21,2,11,250,PSO,7510.328857698082
21,2,12,250,PSO,7337.304254045577
21,2,13,250,PSO,10876.184873682707
21,2,14,250,PSO,9027.150682498162
21,2,15,250,PSO,10266.67253041869
21,2,16,250,PSO,9173.931862438749
21,2,17,250,PSO,7883.132191110039
21,2,18,250,PSO,11009.555796646364
21,2,19,250,PSO,9834.724120989478
21,3,0,250,PSO,9337.489513235258
21,3,1,250,PSO,11164.550385090075
21,3,2,250,PSO,12433.416393378557
21,3,3,250,PSO,11615.539213226399
21,3,4,250,PSO,9199.36780170616
21,3,5,250,PSO,12505.881548113892
21,3,6,250,PSO,10079.22834036372
21,3,7,250,PSO,10459.157832654164
21,3,8,250,PSO,9528.311012095284
21,3,9,250,PSO,11988.172999997925
21,3,10,250,PSO,11441.6306926629
21,3,11,250,PSO,11920.893552580172
21,3,12,250,PSO,8716.04515552137
21,3,13,250,PSO,10879.064206103312
21,3,14,250,PSO,12622.26447352235
21,3,15,250,PSO,10055.740444530733
21,3,16,250,PSO,11531.371351910624
21,3,17,250,PSO,11511.131751109015
21,3,18,250,PSO,10660.809669742517
21,3,19,250,PSO,10500.17084660933
21,4,0,250,PSO,11865.063837706697
21,4,1,250,PSO,10827.369549155825
21,4,2,250,PSO,13664.045434216314
21,4,3,250,PSO,11291.163629280876
21,4,4,250,PSO,11370.353209431461
21,4,5,250,PSO,8532.172954897535
21,4,6,250,PSO,13080.179467639546
21,4,7,250,PSO,10796.709225443577
21,4,8,250,PSO,11880.780414919387
21,4,9,250,PSO,11119.11575891696
21,4,10,250,PSO,11849.768343247095
21,4,11,250,PSO,10164.735826941793
21,4,12,250,PSO,10810.576051822987
21,4,13,250,PSO,12042.589439526972
21,4,14,250,PSO,13092.30842998645
21,4,15,250,PSO,11136.106645935542
21,4,16,250,PSO,11370.018164753608
21,4,17,250,PSO,11096.157480166607
21,4,18,250,PSO,11185.66177751937
21,4,19,250,PSO,10020.527458325567
21,5,0,250,PSO,8270.485467832015
21,5,1,250,PSO,7655.532516458128
21,5,2,250,PSO,9165.334306452347
21,5,3,250,PSO,10302.469817520654
21,5,4,250,PSO,9861.065314966922
21,5,5,250,PSO,9952.820550997298
21,5,6,250,PSO,11804.420203858841
21,5,7,250,PSO,10382.233455559766
21,5,8,250,PSO,10272.789795858045
21,5,9,250,PSO,11359.643085207827
21,5,10,250,PSO,9674.621329714562
21,5,11,250,PSO,9261.862006377876
21,5,12,250,PSO,9809.337759803566
21,5,13,250,PSO,7624.171701730194
21,5,14,250,PSO,9740.814267715268
21,5,15,250,PSO,11735.336362280057
21,5,16,250,PSO,9330.754538738685
21,5,17,250,PSO,9879.659562693942
21,5,18,250,PSO,9998.07694427215
21,5,19,250,PSO,10330.23341664343
21,6,0,250,PSO,11380.793680052837
21,6,1,250,PSO,10832.41697957294
21,6,2,250,PSO,11437.769104852412
21,6,3,250,PSO,9814.80959440525
21,6,4,250,PSO,9735.17238016084
21,6,5,250,PSO,9945.524939408657
21,6,6,250,PSO,7605.92752072015
21,6,7,250,PSO,9109.858320902025
21,6,8,250,PSO,11914.398355615727
21,6,9,250,PSO,9734.545760627938
21,6,10,250,PSO,10398.647332560402
21,6,11,250,PSO,8562.387007980074
21,6,12,250,PSO,9869.256394789465
21,6,13,250,PSO,9422.596724150213
21,6,14,250,PSO,10941.489624478727
21,6,15,250,PSO,10634.306425836336
21,6,16,250,PSO,10494.994480624104
21,6,17,250,PSO,8577.769014269117
21,6,18,250,PSO,11936.970866860562
21,6,19,250,PSO,10178.446288930074
21,7,0,250,PSO,11108.995667624778
21,7,1,250,PSO,12269.006822214564
21,7,2,250,PSO,9923.540317440595
21,7,3,250,PSO,13150.660533811573
21,7,4,250,PSO,12639.499588445411
21,7,5,250,PSO,11069.044129299627
21,7,6,250,PSO,11665.566582950381
21,7,7,250,PSO,12756.669063626943
21,7,8,250,PSO,11152.946552034457
21,7,9,250,PSO,12413.526374410994
21,7,10,250,PSO,11177.719966942055
21,7,11,250,PSO,12547.967186721846
21,7,12,250,PSO,9657.394968481025
21,7,13,250,PSO,8854.421494875467
21,7,14,250,PSO,12308.858708045052
21,7,15,250,PSO,8313.494254341758
21,7,16,250,PSO,11536.477117130527
21,7,17,250,PSO,12459.822150583099
21,7,18,250,PSO,12174.920060520695
21,7,19,250,PSO,10861.883646977216
22,1,0,250,PSO,4251.57444450766
22,1,1,250,PSO,4580.004423915368
22,1,2,250,PSO,5469.452519315246
22,1,3,250,PSO,5184.43721976622
22,1,4,250,PSO,5080.656856236963
22,1,5,250,PSO,5585.437131734664
22,1,6,250,PSO,5077.916437547505
22,1,7,250,PSO,5288.711698273314
22,1,8,250,PSO,5428.670078676781
22,1,9,250,PSO,5479.844478037381
22,1,10,250,PSO,5885.5988389130725
22,1,11,250,PSO,4585.409933272128
22,1,12,250,PSO,5230.210840484071
22,1,13,250,PSO,4483.356586569384
22,1,14,250,PSO,5092.374166753456
22,1,15,250,PSO,4678.110705042022
22,1,16,250,PSO,5076.024976717228
22,1,17,250,PSO,5426.298268725158
22,1,18,250,PSO,5344.831682427161
22,1,19,250,PSO,5079.398769074527
22,2,0,250,PSO,5068.494097397064
22,2,1,250,PSO,5146.157303238318
22,2,2,250,PSO,5250.663925243279
22,2,3,250,PSO,4969.46128284963
22,2,4,250,PSO,4682.5164297324245
22,2,5,250,PSO,4928.809308294063
22,2,6,250,PSO,5349.137994423383
22,2,7,250,PSO,4335.063241043392
22,2,8,250,PSO,4003.2828813275837
22,2,9,250,PSO,4548.972842780036
22,2,10,250,PSO,4734.913219101421
22,2,11,250,PSO,5200.032655711042
22,2,12,250,PSO,4929.105946852242
22,2,13,250,PSO,3551.5373975284674
22,2,14,250,PSO,4390.531648769056
22,2,15,250,PSO,4513.517567713207
22,2,16,250,PSO,4976.275305716939
22,2,17,250,PSO,5272.577793676463
22,2,18,250,PSO,4252.075129639972
22,2,19,250,PSO,4704.596460489314
22,3,0,250,PSO,4625.117535936923
22,3,1,250,PSO,3663.0158713700826
22,3,2,250,PSO,5234.985101475226
22,3,3,250,PSO,4623.59860384032
22,3,4,250,PSO,3886.655016986824
22,3,5,250,PSO,4969.428865073254
22,3,6,250,PSO,5456.504379481079
22,3,7,250,PSO,4014.969954063588
22,3,8,250,PSO,4558.8018811525035
22,3,9,250,PSO,4264.372921422184
22,3,10,250,PSO,3877.419464355165
22,3,11,250,PSO,4171.805843865168
22,3,12,250,PSO,4337.72554538591
22,3,13,250,PSO,4063.1491767949155
22,3,14,250,PSO,4453.4455365404265
22,3,15,250,PSO,5164.451792595073
22,3,16,250,PSO,4194.577003449052
22,3,17,250,PSO,4615.861195908605
22,3,18,250,PSO,4456.1828302920685
22,3,19,250,PSO,4827.439162802913
22,4,0,250,PSO,4711.813292243161
22,4,1,250,PSO,4732.7247427192515
22,4,2,250,PSO,3620.6620230870813
22,4,3,250,PSO,3870.190225159341
22,4,4,250,PSO,4782.681870067392
22,4,5,250,PSO,4537.975522859562
22,4,6,250,PSO,4987.98280362545
22,4,7,250,PSO,3963.189081874472
22,4,8,250,PSO,4508.330934517908
22,4,9,250,PSO,5501.549549377309
22,4,10,250,PSO,4794.347490966739
22,4,11,250,PSO,5134.568364205266
22,4,12,250,PSO,3996.188159656792
22,4,13,250,PSO,4296.209660720238
22,4,14,250,PSO,5328.700126198337
22,4,15,250,PSO,4407.603141433021
22,4,16,250,PSO,4538.413763871402
22,4,17,250,PSO,5020.694634735053
22,4,18,250,PSO,4995.076184439304
22,4,19,250,PSO,4704.74532221528
22,5,0,250,PSO,4991.555379235633
22,5,1,250,PSO,3954.535987114414
22,5,2,250,PSO,3993.759986292749
22,5,3,250,PSO,4572.955760493891
22,5,4,250,PSO,4934.791786284681
22,5,5,250,PSO,4406.099213471371
22,5,6,250,PSO,4789.521132072007
22,5,7,250,PSO,5547.076820497724
22,5,8,250,PSO,4566.390903142126
22,5,9,250,PSO,4591.805837500882
22,5,10,250,PSO,4375.610893601926
22,5,11,250,PSO,5284.836799259178
22,5,12,250,PSO,4324.336788544164
22,5,13,250,PSO,4938.51883149761
22,5,14,250,PSO,4322.422853074599
22,5,15,250,PSO,4615.802964286408
22,5,16,250,PSO,3761.251971698005
22,5,17,250,PSO,5470.351231091105
22,5,18,250,PSO,4683.23338433361
22,5,19,250,PSO,4212.182244354326
22,6,0,250,PSO,3873.3951433707507
22,6,1,250,PSO,4774.282925519293
22,6,2,250,PSO,5056.709875705156
22,6,3,250,PSO,4336.36306853014
22,6,4,250,PSO,4367.191056544009
22,6,5,250,PSO,3720.1392893066095
22,6,6,250,PSO,4345.117305242946
22,6,7,250,PSO,4903.4518527484815
22,6,8,250,PSO,5051.469230213237
22,6,9,250,PSO,4161.566817993184
22,6,10,250,PSO,5210.2615908117
22,6,11,250,PSO,4553.262999478595
22,6,12,250,PSO,4177.317572359569
22,6,13,250,PSO,5030.686580984375
22,6,14,250,PSO,4638.080333337763
22,6,15,250,PSO,4697.306965932676
22,6,16,250,PSO,4547.138569540122
22,6,17,250,PSO,4477.0115041897025
22,6,18,250,PSO,4902.119060101306
22,6,19,250,PSO,4999.2293991376955
22,7,0,250,PSO,4326.087374715438
22,7,1,250,PSO,5167.3526973404805
22,7,2,250,PSO,4669.8527293508
22,7,3,250,PSO,3502.6313998815804
22,7,4,250,PSO,4548.229578666718
22,7,5,250,PSO,4585.253416952458
22,7,6,250,PSO,4671.795376987759
22,7,7,250,PSO,4779.069626845536
22,7,8,250,PSO,4795.203465813669
22,7,9,250,PSO,5474.317064287363
22,7,10,250,PSO,4347.762288095833
22,7,11,250,PSO,4218.9729551800965
22,7,12,250,PSO,5133.311370379239
22,7,13,250,PSO,4939.803574938822
22,7,14,250,PSO,4961.942730873565
22,7,15,250,PSO,3951.3058185898767
22,7,16,250,PSO,4850.434279079965
22,7,17,250,PSO,4783.433326477183
22,7,18,250,PSO,4322.1101668132815
22,7,19,250,PSO,4464.033624819309
23,1,0,250,PSO,7428.459386074412
23,1,1,250,PSO,7541.813382349066
23,1,2,250,PSO,6583.539931880071
23,1,3,250,PSO,6539.103296527188
23,1,4,250,PSO,8186.695845434298
23,1,5,250,PSO,6530.957115230714
23,1,6,250,PSO,8811.731499164529
23,1,7,250,PSO,7824.6260121572395
23,1,8,250,PSO,7339.857880250706
23,1,9,250,PSO,9259.557236064913
23,1,10,250,PSO,8261.663749674932
23,1,11,250,PSO,7105.929680963959
23,1,12,250,PSO,7779.258145537773
23,1,13,250,PSO,6148.333263752028
23,1,14,250,PSO,7530.240827460416
23,1,15,250,PSO,6771.033788942159
23,1,16,250,PSO,9174.834616254253
23,1,17,250,PSO,9710.171268116748
23,1,18,250,PSO,8599.156013020374
23,1,19,250,PSO,9456.43583430133
23,2,0,250,PSO,7846.093909928435
23,2,1,250,PSO,6853.841740536337
23,2,2,250,PSO,8232.01641533023
23,2,3,250,PSO,5442.732243624587
23,2,4,250,PSO,9894.408531238294
23,2,5,250,PSO,8941.720960921954
23,2,6,250,PSO,8705.038810124923
23,2,7,250,PSO,6002.643498266396
23,2,8,250,PSO,9508.545525425707
23,2,9,250,PSO,8886.264360901414
23,2,10,250,PSO,12603.633302044003
23,2,11,250,PSO,7048.167660870571
23,2,12,250,PSO,7109.946829759247
23,2,13,250,PSO,6515.394787803738
23,2,14,250,PSO,5898.686764142722
23,2,15,250,PSO,7946.549222970856
23,2,16,250,PSO,7522.239460464236
23,2,17,250,PSO,11791.58446887461
23,2,18,250,PSO,8437.484462240072
23,2,19,250,PSO,6830.191530808246
23,3,0,250,PSO,12162.983510231985
23,3,1,250,PSO,8832.497050213875
23,3,2,250,PSO,10827.760387457292
23,3,3,250,PSO,8044.280657408928
23,3,4,250,PSO,7802.295378714529
23,3,5,250,PSO,7076.02678928024
23,3,6,250,PSO,10484.204125584758
23,3,7,250,PSO,10136.833958999472
23,3,8,250,PSO,9045.577205988819
23,3,9,250,PSO,7551.630390444249
23,3,10,250,PSO,12825.323289704083
23,3,11,250,PSO,10098.999031383672
23,3,12,250,PSO,6898.074768138742
23,3,13,250,PSO,8412.8255105877
23,3,14,250,PSO,12518.852375030445
23,3,15,250,PSO,7056.4750642327745
23,3,16,250,PSO,8101.595433702608
23,3,17,250,PSO,10985.01412459958
23,3,18,250,PSO,9008.957638139165
23,3,19,250,PSO,7660.990835924293
23,4,0,250,PSO,10071.471536677755
23,4,1,250,PSO,8906.524633450488
23,4,2,250,PSO,7568.871835280855
23,4,3,250,PSO,6097.00987725153
23,4,4,250,PSO,10577.975327316277
23,4,5,250,PSO,5930.101453983196
23,4,6,250,PSO,8496.805603371595
23,4,7,250,PSO,8661.566372543335
23,4,8,250,PSO,7609.825126078837
23,4,9,250,PSO,9384.273057585237
23,4,10,250,PSO,9640.047879987987
23,4,11,250,PSO,5247.216358335837
23,4,12,250,PSO,8227.403336729049
23,4,13,250,PSO,6575.811965772798
23,4,14,250,PSO,7092.88341465779
23,4,15,250,PSO,11088.759080684522
23,4,16,250,PSO,5585.485939240753
23,4,17,250,PSO,8720.667005825542
23,4,18,250,PSO,7773.931006340463
23,4,19,250,PSO,9197.658756263416
23,5,0,250,PSO,7863.760474088153
23,5,1,250,PSO,7004.361442508626
23,5,2,250,PSO,7754.551376697518
23,5,3,250,PSO,8347.205413799686
23,5,4,250,PSO,9063.315772998068
23,5,5,250,PSO,10380.168313781081
23,5,6,250,PSO,9322.646881045013
23,5,7,250,PSO,7406.394787034606
23,5,8,250,PSO,8153.746845259808
23,5,9,250,PSO,7551.547522599187
23,5,10,250,PSO,7090.8446575533235
23,5,11,250,PSO,10872.57472380754
23,5,12,250,PSO,10242.531393974048
23,5,13,250,PSO,7359.9124052240795
23,5,14,250,PSO,7041.187488001776
23,5,15,250,PSO,8065.810434309705
23,5,16,250,PSO,7437.472280528156
23,5,17,250,PSO,7636.5510125862
23,5,18,250,PSO,9638.126393544573
23,5,19,250,PSO,7724.281311957954
23,6,0,250,PSO,6851.440031301174
23,6,1,250,PSO,10491.13800398086
23,6,2,250,PSO,6446.510855574606
23,6,3,250,PSO,6926.1254393791405
23,6,4,250,PSO,8057.707336499507
23,6,5,250,PSO,10021.006586550553
23,6,6,250,PSO,8640.969821743687
23,6,7,250,PSO,8917.328389975579
23,6,8,250,PSO,8331.803969703107
23,6,9,250,PSO,10527.091958091194
23,6,10,250,PSO,10008.981652061571
23,6,11,250,PSO,7712.449896355137
23,6,12,250,PSO,7998.000814471731
23,6,13,250,PSO,8037.558753594691
23,6,14,250,PSO,9354.233776218107
23,6,15,250,PSO,8494.158937446893
23,6,16,250,PSO,8382.244678290806
23,6,17,250,PSO,10256.346208147024
23,6,18,250,PSO,9461.503475154655
23,6,19,250,PSO,9387.667150416608
23,7,0,250,PSO,11754.205020907173
23,7,1,250,PSO,7669.88371267517
23,7,2,250,PSO,8419.649379238841
23,7,3,250,PSO,13438.713850213182
23,7,4,250,PSO,7498.564404302808
23,7,5,250,PSO,12623.385432000028
23,7,6,250,PSO,10655.99976706303
23,7,7,250,PSO,13337.23993749892
23,7,8,250,PSO,9509.467530604401
23,7,9,250,PSO,11075.02515062874
23,7,10,250,PSO,9928.149705884432
23,7,11,250,PSO,7500.982811857654
23,7,12,250,PSO,11595.203826192732
23,7,13,250,PSO,7590.565411911169
23,7,14,250,PSO,8341.318340328022
23,7,15,250,PSO,8146.092712899344
23,7,16,250,PSO,8522.392085872372
23,7,17,250,PSO,10120.888860442108
23,7,18,250,PSO,8405.652820747795
23,7,19,250,PSO,13176.670264802766
24,1,0,250,PSO,9581.718551067032
24,1,1,250,PSO,10920.128704453728
24,1,2,250,PSO,11875.144106158903
24,1,3,250,PSO,12569.864618769847
24,1,4,250,PSO,13351.666092433907
24,1,5,250,PSO,9870.03516671132
24,1,6,250,PSO,11553.196757837573
24,1,7,250,PSO,11490.43431379432
24,1,8,250,PSO,11308.543691891966
24,1,9,250,PSO,13586.171283126932
24,1,10,250,PSO,11367.62905424793
24,1,11,250,PSO,10026.174109705273
24,1,12,250,PSO,8489.1636946619
24,1,13,250,PSO,11076.72011248695
24,1,14,250,PSO,10438.247990903837
24,1,15,250,PSO,11533.925965347806
24,1,16,250,PSO,9755.400230617703
24,1,17,250,PSO,11270.874338075231
24,1,18,250,PSO,10602.928373027575
24,1,19,250,PSO,9971.238246694771
24,2,0,250,PSO,14328.487216127472
24,2,1,250,PSO,10043.286568572748
24,2,2,250,PSO,10265.035219786832
24,2,3,250,PSO,11449.98141967851
24,2,4,250,PSO,10628.042142918663
24,2,5,250,PSO,10078.334968432167
24,2,6,250,PSO,10399.398895038748
24,2,7,250,PSO,12828.720495592217
24,2,8,250,PSO,10817.982493920264
24,2,9,250,PSO,9496.840614412413
24,2,10,250,PSO,10833.190936891726
24,2,11,250,PSO,9474.566605542808
24,2,12,250,PSO,10265.322079686954
24,2,13,250,PSO,9563.377688730008
24,2,14,250,PSO,10671.829975826315
24,2,15,250,PSO,11030.621141430172
24,2,16,250,PSO,10342.157338549725
24,2,17,250,PSO,9948.682755280865
24,2,18,250,PSO,10651.468734613256
24,2,19,250,PSO,10955.11243037209
24,3,0,250,PSO,10663.72372749598
24,3,1,250,PSO,8861.788923894419
24,3,2,250,PSO,9419.001420558681
24,3,3,250,PSO,11979.623340420632
24,3,4,250,PSO,10604.669551693629
24,3,5,250,PSO,9834.914176590806
24,3,6,250,PSO,11047.440297656629
24,3,7,250,PSO,10359.076177347279
24,3,8,250,PSO,9877.18571670569
24,3,9,250,PSO,11465.860524876472
24,3,10,250,PSO,10560.489327583538
24,3,11,250,PSO,9897.68187095688
24,3,12,250,PSO,10826.682187131268
24,3,13,250,PSO,9804.712243597585
24,3,14,250,PSO,11069.608352574991
24,3,15,250,PSO,9930.551622215507
24,3,16,250,PSO,11323.546695332594
24,3,17,250,PSO,9295.842059724244
24,3,18,250,PSO,10629.854880045015
24,3,19,250,PSO,9545.055439389538
24,4,0,250,PSO,14260.047462761731
24,4,1,250,PSO,10753.915181130087
24,4,2,250,PSO,10131.78676857781
24,4,3,250,PSO,10520.400174260833
24,4,4,250,PSO,9562.464583234276
24,4,5,250,PSO,11603.933861661222
24,4,6,250,PSO,11992.463762121632
24,4,7,250,PSO,11965.870186541459
24,4,8,250,PSO,11745.721989801443
24,4,9,250,PSO,12438.899634759538
24,4,10,250,PSO,11817.778016712997
24,4,11,250,PSO,12431.394661429873
24,4,12,250,PSO,11613.970018356256
24,4,13,250,PSO,10716.201584469556
24,4,14,250,PSO,10300.963914690248
24,4,15,250,PSO,13029.860266271953
24,4,16,250,PSO,10358.96249312232
24,4,17,250,PSO,12354.36980388623
24,4,18,250,PSO,13058.314492778029
24,4,19,250,PSO,13161.613012366628
24,5,0,250,PSO,12583.846019708071
24,5,1,250,PSO,11027.874308064173
24,5,2,250,PSO,10820.402887699696
24,5,3,250,PSO,13416.325123264656
24,5,4,250,PSO,12073.085340017948
24,5,5,250,PSO,10736.953527006612
24,5,6,250,PSO,10765.026139804115
24,5,7,250,PSO,10628.196793827892
24,5,8,250,PSO,13691.22097683835
24,5,9,250,PSO,11095.94796703564
24,5,10,250,PSO,11219.790262094251
24,5,11,250,PSO,13359.074353813696
24,5,12,250,PSO,9372.575515610644
24,5,13,250,PSO,10988.817929935625
24,5,14,250,PSO,14200.355985266033
24,5,15,250,PSO,12522.426396440902
24,5,16,250,PSO,13214.984618596103
24,5,17,250,PSO,12287.747523342325
24,5,18,250,PSO,10875.283676687242
24,5,19,250,PSO,10038.953318909416
24,6,0,250,PSO,11173.60396074303
24,6,1,250,PSO,11509.09327654455
24,6,2,250,PSO,8635.001845513088
24,6,3,250,PSO,10790.437727982737
24,6,4,250,PSO,10615.030096917406
24,6,5,250,PSO,10494.173457652025
24,6,6,250,PSO,9820.190216475108
24,6,7,250,PSO,8888.18219312884
24,6,8,250,PSO,10107.007058083833
24,6,9,250,PSO,10647.33293678686
24,6,10,250,PSO,9347.234513537831
24,6,11,250,PSO,10722.402372605426
24,6,12,250,PSO,10551.499877265422
24,6,13,250,PSO,11351.85353045835
24,6,14,250,PSO,9635.9327545962
24,6,15,250,PSO,10139.911630361214
24,6,16,250,PSO,9429.318074054116
24,6,17,250,PSO,10431.213740750134
24,6,18,250,PSO,9586.56719570913
24,6,19,250,PSO,10339.517371240283
24,7,0,250,PSO,9005.375796203225
24,7,1,250,PSO,12110.56210458165
24,7,2,250,PSO,12509.668672370823
24,7,3,250,PSO,10093.075227472926
24,7,4,250,PSO,9520.85524438532
24,7,5,250,PSO,11372.099055078303
24,7,6,250,PSO,12506.891565867521
24,7,7,250,PSO,11346.493689150524
24,7,8,250,PSO,10693.425799010429
24,7,9,250,PSO,9878.765323483018
24,7,10,250,PSO,11600.429197028236
24,7,11,250,PSO,12574.558413386476
24,7,12,250,PSO,10470.216883696467
24,7,13,250,PSO,9523.45529298671
24,7,14,250,PSO,12279.697120971392
24,7,15,250,PSO,10602.381529529968
24,7,16,250,PSO,13206.657941010355
24,7,17,250,PSO,10648.37280435942
24,7,18,250,PSO,11781.42603949942
24,7,19,250,PSO,9997.259920151137
