fid,iid,rep,a1_budget,algname,achieved_auc
1,1,0,850,Elitist,550.1002969531644
1,1,1,850,Elitist,531.4709486055561
1,1,2,850,Elitist,384.09484565187176
1,1,3,850,Elitist,268.74789275844046
1,1,4,850,Elitist,258.23338781714875
1,1,5,850,Elitist,141.91781121598865
1,1,6,850,Elitist,465.279914454174
1,1,7,850,Elitist,308.93995723866925
1,1,8,850,Elitist,403.6234934344655
1,1,9,850,Elitist,220.66016295906317
1,1,10,850,Elitist,266.7006040114818
1,1,11,850,Elitist,196.7662378623842
1,1,12,850,Elitist,346.5445708236334
1,1,13,850,Elitist,387.0640439218339
1,1,14,850,Elitist,381.10625512619197
1,1,15,850,Elitist,502.784537042203
1,1,16,850,Elitist,186.8730912130774
1,1,17,850,Elitist,555.7213416805869
1,1,18,850,Elitist,484.4800879737115
1,1,19,850,Elitist,247.19303522683828
1,2,0,850,Elitist,942.5343330659423
1,2,1,850,Elitist,853.1392932012855
1,2,2,850,Elitist,1143.4267572486112
1,2,3,850,Elitist,557.315026164619
1,2,4,850,Elitist,736.8880758982482
1,2,5,850,Elitist,830.6064712408179
1,2,6,850,Elitist,1028.8439525305612
1,2,7,850,Elitist,630.1833888340644
1,2,8,850,Elitist,1320.2608943452317
1,2,9,850,Elitist,924.2326994250287
1,2,10,850,Elitist,1128.3188778353397
1,2,11,850,Elitist,1011.3124036715835
1,2,12,850,Elitist,1084.0903534621689
1,2,13,850,Elitist,975.991093397167
1,2,14,850,Elitist,830.1407234911552
1,2,15,850,Elitist,630.7222430528735
1,2,16,850,Elitist,583.2813385573969
1,2,17,850,Elitist,1176.6310073321297
1,2,18,850,Elitist,1064.3546963463136
1,2,19,850,Elitist,1329.3174031266456
1,3,0,850,Elitist,763.4648895448378
1,3,1,850,Elitist,614.3631685482749
1,3,2,850,Elitist,550.7903066329221
1,3,3,850,Elitist,603.6600062010463
1,3,4,850,Elitist,542.9785097274987
1,3,5,850,Elitist,765.6475155116143
1,3,6,850,Elitist,405.4961303628386
1,3,7,850,Elitist,868.5965834864368
1,3,8,850,Elitist,804.354350786673
1,3,9,850,Elitist,594.9651129998025
1,3,10,850,Elitist,511.5057115609848
1,3,11,850,Elitist,930.92896793921
1,3,12,850,Elitist,621.8228311576107
1,3,13,850,Elitist,870.799026248147
1,3,14,850,Elitist,843.3157250865527
1,3,15,850,Elitist,490.1724541832066
1,3,16,850,Elitist,637.3653094224184
1,3,17,850,Elitist,760.499266046909
1,3,18,850,Elitist,1336.6988594282752
1,3,19,850,Elitist,488.91792038393896
1,4,0,850,Elitist,743.2091767847696
1,4,1,850,Elitist,841.5967912081239
1,4,2,850,Elitist,669.3521887152735
1,4,3,850,Elitist,1118.8186935743854
1,4,4,850,Elitist,588.2762238628205
1,4,5,850,Elitist,725.4553780788586
1,4,6,850,Elitist,645.8809021865715
1,4,7,850,Elitist,280.72319286043694
1,4,8,850,Elitist,982.7365488016654
1,4,9,850,Elitist,361.7259859671001
1,4,10,850,Elitist,533.4706137763692
1,4,11,850,Elitist,1142.1854001758866
1,4,12,850,Elitist,861.8338594974332
1,4,13,850,Elitist,741.786188554343
1,4,14,850,Elitist,831.1295873988016
1,4,15,850,Elitist,1184.5654714828202
1,4,16,850,Elitist,802.6659236928654
1,4,17,850,Elitist,828.5296240027768
1,4,18,850,Elitist,817.9983303063956
1,4,19,850,Elitist,764.6718907214592
1,5,0,850,Elitist,1352.408231424248
1,5,1,850,Elitist,341.18388895770363
1,5,2,850,Elitist,588.0597932923434
1,5,3,850,Elitist,771.0821486421862
1,5,4,850,Elitist,991.9527853844617
1,5,5,850,Elitist,605.1755342891284
1,5,6,850,Elitist,628.3474532211345
1,5,7,850,Elitist,693.7944176031252
1,5,8,850,Elitist,977.5094695977481
1,5,9,850,Elitist,605.4917036958182
1,5,10,850,Elitist,389.8064824179505
1,5,11,850,Elitist,579.3766167183919
1,5,12,850,Elitist,457.489566348029
1,5,13,850,Elitist,972.5647093526669
1,5,14,850,Elitist,1014.943526056495
1,5,15,850,Elitist,477.6245606800386
1,5,16,850,Elitist,294.1976000896745
1,5,17,850,Elitist,483.09503691417336
1,5,18,850,Elitist,486.61218863048157
1,5,19,850,Elitist,596.2403553933991
1,6,0,850,Elitist,582.2565850414942
1,6,1,850,Elitist,311.6180437464669
1,6,2,850,Elitist,907.1029910203916
1,6,3,850,Elitist,564.1706073221553
1,6,4,850,Elitist,681.7844513954185
1,6,5,850,Elitist,640.6579140089578
1,6,6,850,Elitist,440.0741114438332
1,6,7,850,Elitist,493.51516771354505
1,6,8,850,Elitist,872.4818957131142
1,6,9,850,Elitist,483.64141666005196
1,6,10,850,Elitist,355.418271914324
1,6,11,850,Elitist,538.912134958688
1,6,12,850,Elitist,703.6273509092096
1,6,13,850,Elitist,319.22194533537134
1,6,14,850,Elitist,601.1302684947937
1,6,15,850,Elitist,516.3888466182316
1,6,16,850,Elitist,418.3027832383725
1,6,17,850,Elitist,345.3311547284817
1,6,18,850,Elitist,374.0181652668856
1,6,19,850,Elitist,624.5525688041432
1,7,0,850,Elitist,333.55292394074365
1,7,1,850,Elitist,415.1309698593591
1,7,2,850,Elitist,737.0394322131224
1,7,3,850,Elitist,672.1909611264815
1,7,4,850,Elitist,427.6791208464778
1,7,5,850,Elitist,444.96216128756214
1,7,6,850,Elitist,263.16410885357544
1,7,7,850,Elitist,400.553208398074
1,7,8,850,Elitist,547.6816134409246
1,7,9,850,Elitist,214.33367239710492
1,7,10,850,Elitist,263.7822238807908
1,7,11,850,Elitist,454.9576563804765
1,7,12,850,Elitist,342.45151950934144
1,7,13,850,Elitist,240.6007663743561
1,7,14,850,Elitist,604.1047340682105
1,7,15,850,Elitist,323.28003256093314
1,7,16,850,Elitist,382.1365369776865
1,7,17,850,Elitist,377.7785913778407
1,7,18,850,Elitist,300.11100111776426
1,7,19,850,Elitist,493.2300907740698
2,1,0,850,Elitist,15867662.35787095
2,1,1,850,Elitist,6644601.276845843
2,1,2,850,Elitist,43842747.90214119
2,1,3,850,Elitist,33455962.26816945
2,1,4,850,Elitist,43616623.609620206
2,1,5,850,Elitist,20875318.823555347
2,1,6,850,Elitist,38990043.97816661
2,1,7,850,Elitist,20642156.660807073
2,1,8,850,Elitist,24313769.386590123
2,1,9,850,Elitist,22313635.08205151
2,1,10,850,Elitist,9916875.299851954
2,1,11,850,Elitist,25118774.13193257
2,1,12,850,Elitist,33600004.029311426
2,1,13,850,Elitist,8454714.331604924
2,1,14,850,Elitist,26471693.514741156
2,1,15,850,Elitist,17365087.34627093
2,1,16,850,Elitist,25035413.313377492
2,1,17,850,Elitist,7678200.262245568
2,1,18,850,Elitist,13807578.225807289
2,1,19,850,Elitist,20517406.962294143
2,2,0,850,Elitist,20807355.801802903
2,2,1,850,Elitist,6447932.436293073
2,2,2,850,Elitist,13140109.122888558
2,2,3,850,Elitist,8951898.04268518
2,2,4,850,Elitist,15596525.803995086
2,2,5,850,Elitist,4009606.8176467447
2,2,6,850,Elitist,30656436.9450677
2,2,7,850,Elitist,7882462.137109969
2,2,8,850,Elitist,20164498.95289332
2,2,9,850,Elitist,4807655.618366321
2,2,10,850,Elitist,7351920.976927932
2,2,11,850,Elitist,6420077.017465525
2,2,12,850,Elitist,15240695.768133914
2,2,13,850,Elitist,16359240.211330477
2,2,14,850,Elitist,18899032.00451881
2,2,15,850,Elitist,15720859.480371553
2,2,16,850,Elitist,8183560.287213743
2,2,17,850,Elitist,8840010.167737653
2,2,18,850,Elitist,13042352.766791191
2,2,19,850,Elitist,8725036.013956506
2,3,0,850,Elitist,90007451.91135558
2,3,1,850,Elitist,78631430.03189188
2,3,2,850,Elitist,29880168.573397443
2,3,3,850,Elitist,31938098.263647046
2,3,4,850,Elitist,16822966.97638158
2,3,5,850,Elitist,18659939.319560647
2,3,6,850,Elitist,36451825.399204336
2,3,7,850,Elitist,14980725.825403692
2,3,8,850,Elitist,15848529.141539391
2,3,9,850,Elitist,23920871.421498716
2,3,10,850,Elitist,63469825.07245982
2,3,11,850,Elitist,14474920.68939937
2,3,12,850,Elitist,93398290.83402602
2,3,13,850,Elitist,47741199.794243336
2,3,14,850,Elitist,13451606.102866495
2,3,15,850,Elitist,41816452.3434355
2,3,16,850,Elitist,11272174.79478739
2,3,17,850,Elitist,47603077.819487676
2,3,18,850,Elitist,25305238.188556284
2,3,19,850,Elitist,7519797.328229234
2,4,0,850,Elitist,107060382.18242565
2,4,1,850,Elitist,106165894.84809136
2,4,2,850,Elitist,22436997.275835253
2,4,3,850,Elitist,44183040.47091187
2,4,4,850,Elitist,28165513.996927258
2,4,5,850,Elitist,21791054.288795646
2,4,6,850,Elitist,27291650.476705156
2,4,7,850,Elitist,14062574.436587239
2,4,8,850,Elitist,9977170.063408313
2,4,9,850,Elitist,28701954.54861422
2,4,10,850,Elitist,62509864.083439924
2,4,11,850,Elitist,18244257.539532546
2,4,12,850,Elitist,102983476.1522898
2,4,13,850,Elitist,46021831.00358188
2,4,14,850,Elitist,3722997.410108817
2,4,15,850,Elitist,70739814.4543275
2,4,16,850,Elitist,22870751.931916744
2,4,17,850,Elitist,56059590.80952389
2,4,18,850,Elitist,38680770.57771788
2,4,19,850,Elitist,12776305.76371385
2,5,0,850,Elitist,15224470.03291422
2,5,1,850,Elitist,12358961.500131065
2,5,2,850,Elitist,14199388.513082182
2,5,3,850,Elitist,9356529.256901909
2,5,4,850,Elitist,8480792.773587294
2,5,5,850,Elitist,1985973.8479789393
2,5,6,850,Elitist,17141042.418164924
2,5,7,850,Elitist,10733714.735685075
2,5,8,850,Elitist,16449977.72351354
2,5,9,850,Elitist,5330056.124182762
2,5,10,850,Elitist,6080268.39322172
2,5,11,850,Elitist,6388709.836709349
2,5,12,850,Elitist,17969951.05750585
2,5,13,850,Elitist,14915797.939820496
2,5,14,850,Elitist,15162994.544962175
2,5,15,850,Elitist,4153533.850004795
2,5,16,850,Elitist,8606369.45734526
2,5,17,850,Elitist,10255567.962864438
2,5,18,850,Elitist,11750732.885144575
2,5,19,850,Elitist,9429998.811514346
2,6,0,850,Elitist,113380746.5278905
2,6,1,850,Elitist,169074301.66511628
2,6,2,850,Elitist,11578027.443560325
2,6,3,850,Elitist,52230166.680625156
2,6,4,850,Elitist,39385345.68155068
2,6,5,850,Elitist,37242073.77450841
2,6,6,850,Elitist,36664519.28718557
2,6,7,850,Elitist,40548997.83709796
2,6,8,850,Elitist,22158264.564902984
2,6,9,850,Elitist,73359363.07860151
2,6,10,850,Elitist,72367215.36749667
2,6,11,850,Elitist,29297367.91928775
2,6,12,850,Elitist,126229345.57666522
2,6,13,850,Elitist,48429551.209219754
2,6,14,850,Elitist,16939615.78694036
2,6,15,850,Elitist,89620161.45508344
2,6,16,850,Elitist,55987750.97344318
2,6,17,850,Elitist,92984217.4547827
2,6,18,850,Elitist,83938427.33689848
2,6,19,850,Elitist,25222971.669554543
2,7,0,850,Elitist,10168607.251187906
2,7,1,850,Elitist,17281756.56541369
2,7,2,850,Elitist,93864949.00301242
2,7,3,850,Elitist,80658026.62072045
2,7,4,850,Elitist,57579690.115951136
2,7,5,850,Elitist,29618069.61784431
2,7,6,850,Elitist,66550334.2312233
2,7,7,850,Elitist,35134391.852026746
2,7,8,850,Elitist,45601363.24715618
2,7,9,850,Elitist,24853641.00730111
2,7,10,850,Elitist,17828935.67625225
2,7,11,850,Elitist,52984426.35637482
2,7,12,850,Elitist,24742222.225914203
2,7,13,850,Elitist,3078055.525473536
2,7,14,850,Elitist,34850147.65053835
2,7,15,850,Elitist,31991428.886381038
2,7,16,850,Elitist,56918569.513008565
2,7,17,850,Elitist,17839147.339863468
2,7,18,850,Elitist,20002636.933720484
2,7,19,850,Elitist,57407882.43128048
3,1,0,850,Elitist,15302.227277991631
3,1,1,850,Elitist,8304.984679449528
3,1,2,850,Elitist,12808.52653390706
3,1,3,850,Elitist,16056.209731580675
3,1,4,850,Elitist,18652.450477067363
3,1,5,850,Elitist,12732.086756637338
3,1,6,850,Elitist,14631.357382404341
3,1,7,850,Elitist,18144.06063240453
3,1,8,850,Elitist,14872.996141673873
3,1,9,850,Elitist,22770.287269350294
3,1,10,850,Elitist,16090.553722046938
3,1,11,850,Elitist,17858.47280848111
3,1,12,850,Elitist,19406.34043168983
3,1,13,850,Elitist,7957.795948237972
3,1,14,850,Elitist,16574.222252223335
3,1,15,850,Elitist,14339.939388900539
3,1,16,850,Elitist,17283.06180674582
3,1,17,850,Elitist,22291.632209628227
3,1,18,850,Elitist,10855.841872897066
3,1,19,850,Elitist,14444.446207045487
3,2,0,850,Elitist,17018.83225990312
3,2,1,850,Elitist,19265.427229878325
3,2,2,850,Elitist,16587.968655955636
3,2,3,850,Elitist,16575.52289284316
3,2,4,850,Elitist,19272.724537316655
3,2,5,850,Elitist,14693.197797724408
3,2,6,850,Elitist,13032.738001644499
3,2,7,850,Elitist,13835.411604317416
3,2,8,850,Elitist,12430.757817484879
3,2,9,850,Elitist,16612.661844402184
3,2,10,850,Elitist,17375.272118887668
3,2,11,850,Elitist,15285.795725369388
3,2,12,850,Elitist,24196.573323571632
3,2,13,850,Elitist,12398.723991772546
3,2,14,850,Elitist,27005.877261461694
3,2,15,850,Elitist,14627.775468171782
3,2,16,850,Elitist,17439.89346272448
3,2,17,850,Elitist,18928.24998878647
3,2,18,850,Elitist,14524.525070519212
3,2,19,850,Elitist,15128.871335855005
3,3,0,850,Elitist,17234.43784631684
3,3,1,850,Elitist,22134.491099375256
3,3,2,850,Elitist,16025.026086073005
3,3,3,850,Elitist,20783.095016856805
3,3,4,850,Elitist,17063.257748485266
3,3,5,850,Elitist,22500.20106830845
3,3,6,850,Elitist,18049.308629178755
3,3,7,850,Elitist,17376.623349496294
3,3,8,850,Elitist,10996.905528898538
3,3,9,850,Elitist,14100.734639739816
3,3,10,850,Elitist,12831.458905159401
3,3,11,850,Elitist,18167.10972097148
3,3,12,850,Elitist,15635.771410751922
3,3,13,850,Elitist,11833.534176998437
3,3,14,850,Elitist,19326.41948817851
3,3,15,850,Elitist,23062.612855925498
3,3,16,850,Elitist,24031.041694578096
3,3,17,850,Elitist,19111.202171294844
3,3,18,850,Elitist,32318.168097788624
3,3,19,850,Elitist,19318.032555696765
3,4,0,850,Elitist,10700.330327437427
3,4,1,850,Elitist,13354.992971817715
3,4,2,850,Elitist,27294.569002146403
3,4,3,850,Elitist,23215.500896225203
3,4,4,850,Elitist,22047.5265604683
3,4,5,850,Elitist,18641.015930350586
3,4,6,850,Elitist,13654.028115679888
3,4,7,850,Elitist,15115.47262182033
3,4,8,850,Elitist,15137.343526561755
3,4,9,850,Elitist,18423.555950762777
3,4,10,850,Elitist,13924.489422935772
3,4,11,850,Elitist,16237.589816619333
3,4,12,850,Elitist,20498.292591168803
3,4,13,850,Elitist,25213.095956770845
3,4,14,850,Elitist,20250.663272949052
3,4,15,850,Elitist,23370.497361172147
3,4,16,850,Elitist,19183.060768212323
3,4,17,850,Elitist,16517.225505647708
3,4,18,850,Elitist,16672.979368052227
3,4,19,850,Elitist,23631.697707226383
3,5,0,850,Elitist,18548.374818832555
3,5,1,850,Elitist,20566.022454714308
3,5,2,850,Elitist,9365.42714008312
3,5,3,850,Elitist,15387.845458350796
3,5,4,850,Elitist,22233.789737661205
3,5,5,850,Elitist,26651.898442909096
3,5,6,850,Elitist,13942.000510646063
3,5,7,850,Elitist,12821.566871364817
3,5,8,850,Elitist,10672.014647952059
3,5,9,850,Elitist,20917.817839545307
3,5,10,850,Elitist,12478.738270476671
3,5,11,850,Elitist,14079.980481039298
3,5,12,850,Elitist,12209.140417276463
3,5,13,850,Elitist,18431.85761343457
3,5,14,850,Elitist,11658.926262085952
3,5,15,850,Elitist,32750.191830655407
3,5,16,850,Elitist,20140.162711174173
3,5,17,850,Elitist,12654.603972559533
3,5,18,850,Elitist,31158.262638593285
3,5,19,850,Elitist,17227.471594847542
3,6,0,850,Elitist,16204.456051493962
3,6,1,850,Elitist,9822.076069532977
3,6,2,850,Elitist,13066.333628854112
3,6,3,850,Elitist,14907.49428968982
3,6,4,850,Elitist,19718.399609636668
3,6,5,850,Elitist,17093.367482338486
3,6,6,850,Elitist,21585.636013715703
3,6,7,850,Elitist,12112.773295335775
3,6,8,850,Elitist,21121.957631602017
3,6,9,850,Elitist,13988.64574696176
3,6,10,850,Elitist,18386.566897581826
3,6,11,850,Elitist,30330.8554508645
3,6,12,850,Elitist,19551.29180606404
3,6,13,850,Elitist,21106.534422864155
3,6,14,850,Elitist,12367.006436180143
3,6,15,850,Elitist,6985.120830196142
3,6,16,850,Elitist,13484.369424533248
3,6,17,850,Elitist,14809.375667995606
3,6,18,850,Elitist,16915.67738394716
3,6,19,850,Elitist,9249.344813652575
3,7,0,850,Elitist,13230.580495546816
3,7,1,850,Elitist,12448.26191846712
3,7,2,850,Elitist,21178.627949778307
3,7,3,850,Elitist,10540.765437832242
3,7,4,850,Elitist,12337.947002780995
3,7,5,850,Elitist,11810.889124370573
3,7,6,850,Elitist,15005.701748590962
3,7,7,850,Elitist,8218.867499629014
3,7,8,850,Elitist,11807.110953992
3,7,9,850,Elitist,11116.59711888548
3,7,10,850,Elitist,14979.837102788966
3,7,11,850,Elitist,9206.165931138552
3,7,12,850,Elitist,13143.889890654242
3,7,13,850,Elitist,13150.14741160308
3,7,14,850,Elitist,11372.313956045562
3,7,15,850,Elitist,12759.528214213908
3,7,16,850,Elitist,13136.980086544352
3,7,17,850,Elitist,11154.493517081894
3,7,18,850,Elitist,22289.548482309725
3,7,19,850,Elitist,12733.843483591303
4,1,0,850,Elitist,20028.091866446164
4,1,1,850,Elitist,22541.478907990037
4,1,2,850,Elitist,14692.884181138652
4,1,3,850,Elitist,15506.520056669951
4,1,4,850,Elitist,27666.94223614887
4,1,5,850,Elitist,34792.11245755362
4,1,6,850,Elitist,15782.618338358463
4,1,7,850,Elitist,15606.969568794859
4,1,8,850,Elitist,16958.511067425952
4,1,9,850,Elitist,16715.826995844578
4,1,10,850,Elitist,25972.577438498734
4,1,11,850,Elitist,20005.236115271167
4,1,12,850,Elitist,47986.0692461883
4,1,13,850,Elitist,23430.79534682909
4,1,14,850,Elitist,17471.47334085931
4,1,15,850,Elitist,21461.950440153036
4,1,16,850,Elitist,44957.47542792105
4,1,17,850,Elitist,31111.692376199135
4,1,18,850,Elitist,14744.063267394433
4,1,19,850,Elitist,22198.648956467492
4,2,0,850,Elitist,26609.074237062403
4,2,1,850,Elitist,19557.754508732694
4,2,2,850,Elitist,26412.35422709267
4,2,3,850,Elitist,22036.867955256042
4,2,4,850,Elitist,28062.856577225586
4,2,5,850,Elitist,25728.603480912294
4,2,6,850,Elitist,22801.538738970667
4,2,7,850,Elitist,20365.87362818322
4,2,8,850,Elitist,26433.549116422444
4,2,9,850,Elitist,24065.26248980315
4,2,10,850,Elitist,27635.31868074177
4,2,11,850,Elitist,16400.802165461748
4,2,12,850,Elitist,22808.272598973377
4,2,13,850,Elitist,21942.38082017215
4,2,14,850,Elitist,21925.33878554234
4,2,15,850,Elitist,21694.779846485846
4,2,16,850,Elitist,33147.87519902432
4,2,17,850,Elitist,19827.447039268416
4,2,18,850,Elitist,18610.767909485538
4,2,19,850,Elitist,23148.547384077166
4,3,0,850,Elitist,19539.48058101342
4,3,1,850,Elitist,18714.430152070185
4,3,2,850,Elitist,30702.744119502764
4,3,3,850,Elitist,33772.760767920954
4,3,4,850,Elitist,18227.02586840296
4,3,5,850,Elitist,31222.524665487636
4,3,6,850,Elitist,20690.710448677037
4,3,7,850,Elitist,18183.821142016383
4,3,8,850,Elitist,19099.612017888852
4,3,9,850,Elitist,21043.355526337775
4,3,10,850,Elitist,21295.074686181786
4,3,11,850,Elitist,25184.589932377858
4,3,12,850,Elitist,25696.41648198315
4,3,13,850,Elitist,19713.37295271991
4,3,14,850,Elitist,20971.11668136813
4,3,15,850,Elitist,22975.38830239378
4,3,16,850,Elitist,17819.674183622064
4,3,17,850,Elitist,33496.418165105315
4,3,18,850,Elitist,32370.572847472034
4,3,19,850,Elitist,21006.612987130095
4,4,0,850,Elitist,24273.627223423206
4,4,1,850,Elitist,23825.521982516366
4,4,2,850,Elitist,40252.4634034926
4,4,3,850,Elitist,26490.458644853486
4,4,4,850,Elitist,23953.26568344138
4,4,5,850,Elitist,23567.72158374895
4,4,6,850,Elitist,28613.156552095883
4,4,7,850,Elitist,15367.08597018311
4,4,8,850,Elitist,32190.572765324334
4,4,9,850,Elitist,20224.190201768535
4,4,10,850,Elitist,40758.38445602785
4,4,11,850,Elitist,17703.940631749763
4,4,12,850,Elitist,30257.683169622567
4,4,13,850,Elitist,32371.701835891006
4,4,14,850,Elitist,24796.61936180129
4,4,15,850,Elitist,22412.400868789293
4,4,16,850,Elitist,21367.268879266052
4,4,17,850,Elitist,20925.900232314427
4,4,18,850,Elitist,17101.269044415956
4,4,19,850,Elitist,26343.79006523776
4,5,0,850,Elitist,23519.229195995948
4,5,1,850,Elitist,19126.20847757446
4,5,2,850,Elitist,20224.411480934185
4,5,3,850,Elitist,20300.4537426616
4,5,4,850,Elitist,21556.075885390164
4,5,5,850,Elitist,28065.29660897914
4,5,6,850,Elitist,28617.431690325473
4,5,7,850,Elitist,29549.73302560213
4,5,8,850,Elitist,18714.849346729752
4,5,9,850,Elitist,22950.134546204514
4,5,10,850,Elitist,15489.193321612158
4,5,11,850,Elitist,13004.96993990576
4,5,12,850,Elitist,39632.534989952954
4,5,13,850,Elitist,25082.749183340107
4,5,14,850,Elitist,22636.87794169379
4,5,15,850,Elitist,25058.411998286716
4,5,16,850,Elitist,35278.479530256096
4,5,17,850,Elitist,21622.787366084147
4,5,18,850,Elitist,24065.398753252586
4,5,19,850,Elitist,18176.2408327671
4,6,0,850,Elitist,42805.868536078044
4,6,1,850,Elitist,24544.170241038155
4,6,2,850,Elitist,25379.77681134568
4,6,3,850,Elitist,20033.17213182604
4,6,4,850,Elitist,28651.58959023132
4,6,5,850,Elitist,20481.74967394889
4,6,6,850,Elitist,20178.021876734776
4,6,7,850,Elitist,24237.6716601704
4,6,8,850,Elitist,21380.980283381014
4,6,9,850,Elitist,18706.851206644944
4,6,10,850,Elitist,27179.024152688587
4,6,11,850,Elitist,18413.410973761696
4,6,12,850,Elitist,24373.140463694257
4,6,13,850,Elitist,24016.620362520272
4,6,14,850,Elitist,21227.015914722615
4,6,15,850,Elitist,21078.860326159218
4,6,16,850,Elitist,31961.324014008096
4,6,17,850,Elitist,19476.464348527235
4,6,18,850,Elitist,16273.345130830996
4,6,19,850,Elitist,24276.75006158456
4,7,0,850,Elitist,35443.780913206494
4,7,1,850,Elitist,17395.142239949026
4,7,2,850,Elitist,19944.40645055016
4,7,3,850,Elitist,32007.109874737434
4,7,4,850,Elitist,18177.12209189813
4,7,5,850,Elitist,24057.526488815405
4,7,6,850,Elitist,41494.082368019175
4,7,7,850,Elitist,21742.463686537267
4,7,8,850,Elitist,20618.539795119766
4,7,9,850,Elitist,16435.821975217223
4,7,10,850,Elitist,15661.107818524531
4,7,11,850,Elitist,17801.12667187077
4,7,12,850,Elitist,30601.290997969358
4,7,13,850,Elitist,30645.518266542345
4,7,14,850,Elitist,32182.621126681282
4,7,15,850,Elitist,17778.50991572065
4,7,16,850,Elitist,18933.732108574815
4,7,17,850,Elitist,18591.251312239223
4,7,18,850,Elitist,18474.10228292651
4,7,19,850,Elitist,21467.975437233454
5,1,0,850,Elitist,12030.07460305401
5,1,1,850,Elitist,2352.232495217182
5,1,2,850,Elitist,3685.622457335852
5,1,3,850,Elitist,4949.482660249841
5,1,4,850,Elitist,3078.958626253248
5,1,5,850,Elitist,1866.8779893758208
5,1,6,850,Elitist,6008.629318062749
5,1,7,850,Elitist,7621.509104221456
5,1,8,850,Elitist,3628.3897961110724
5,1,9,850,Elitist,1968.2893623546968
5,1,10,850,Elitist,1984.851594309165
5,1,11,850,Elitist,4681.096497399848
5,1,12,850,Elitist,2670.9378100329036
5,1,13,850,Elitist,1917.0832108933864
5,1,14,850,Elitist,1087.7987538796388
5,1,15,850,Elitist,10619.486979266792
5,1,16,850,Elitist,4039.6858046767416
5,1,17,850,Elitist,2758.9583693812474
5,1,18,850,Elitist,2477.9120310396056
5,1,19,850,Elitist,1448.08237609552
5,2,0,850,Elitist,4626.286718540717
5,2,1,850,Elitist,10511.699373391553
5,2,2,850,Elitist,1465.7703896155824
5,2,3,850,Elitist,1361.7279969771516
5,2,4,850,Elitist,1815.1099685959307
5,2,5,850,Elitist,2048.184628036189
5,2,6,850,Elitist,2160.554607979795
5,2,7,850,Elitist,1485.2577498891455
5,2,8,850,Elitist,1716.0729170296158
5,2,9,850,Elitist,4213.444800079951
5,2,10,850,Elitist,1476.022145566761
5,2,11,850,Elitist,4861.649744089431
5,2,12,850,Elitist,5014.815589674134
5,2,13,850,Elitist,1733.4562976199186
5,2,14,850,Elitist,2201.8078966807734
5,2,15,850,Elitist,4040.9089817393315
5,2,16,850,Elitist,1807.5606865404054
5,2,17,850,Elitist,2405.3497772268147
5,2,18,850,Elitist,2866.4575379945645
5,2,19,850,Elitist,3713.8607442708935
5,3,0,850,Elitist,2272.845283083712
5,3,1,850,Elitist,5886.903755254965
5,3,2,850,Elitist,2081.05896965045
5,3,3,850,Elitist,993.9557009984869
5,3,4,850,Elitist,8212.405782624342
5,3,5,850,Elitist,3985.5648369132796
5,3,6,850,Elitist,11223.919679417795
5,3,7,850,Elitist,1668.0387866781434
5,3,8,850,Elitist,8923.32644850326
5,3,9,850,Elitist,1557.0235177972818
5,3,10,850,Elitist,4942.131452756184
5,3,11,850,Elitist,1664.8208716633383
5,3,12,850,Elitist,11284.331385106285
5,3,13,850,Elitist,1273.1853979086113
5,3,14,850,Elitist,5559.530975059575
5,3,15,850,Elitist,5459.81511606969
5,3,16,850,Elitist,7453.126976291182
5,3,17,850,Elitist,4024.4645981773956
5,3,18,850,Elitist,4843.235491441791
5,3,19,850,Elitist,3796.4730337895644
5,4,0,850,Elitist,7348.752155110931
5,4,1,850,Elitist,4210.706531662205
5,4,2,850,Elitist,1620.2889824726442
5,4,3,850,Elitist,1177.9698522370268
5,4,4,850,Elitist,1518.6792382572953
5,4,5,850,Elitist,3372.8863360798855
5,4,6,850,Elitist,3817.5928547866615
5,4,7,850,Elitist,1965.5658350438205
5,4,8,850,Elitist,2120.535006729865
5,4,9,850,Elitist,1831.008873402402
5,4,10,850,Elitist,2002.581715436002
5,4,11,850,Elitist,1488.5320781817902
5,4,12,850,Elitist,2851.1794271761214
5,4,13,850,Elitist,2489.228586858942
5,4,14,850,Elitist,2148.2216442009612
5,4,15,850,Elitist,1962.614777412865
5,4,16,850,Elitist,2182.966784386881
5,4,17,850,Elitist,3887.4007648436823
5,4,18,850,Elitist,6051.7078450004765
5,4,19,850,Elitist,2895.9324372707224
5,5,0,850,Elitist,1726.8994758677104
5,5,1,850,Elitist,1922.3672240639023
5,5,2,850,Elitist,3640.9081884380935
5,5,3,850,Elitist,1484.6349408951312
5,5,4,850,Elitist,1713.7551972409424
5,5,5,850,Elitist,8189.2096447634685
5,5,6,850,Elitist,4157.771601026074
5,5,7,850,Elitist,8824.630830603375
5,5,8,850,Elitist,1772.8222809010908
5,5,9,850,Elitist,1656.7597361630706
5,5,10,850,Elitist,3238.816801018056
5,5,11,850,Elitist,2449.7885073675675
5,5,12,850,Elitist,5505.031991508744
5,5,13,850,Elitist,5213.4346792344195
5,5,14,850,Elitist,2018.248928944865
5,5,15,850,Elitist,2487.714353276326
5,5,16,850,Elitist,2576.9409099358454
5,5,17,850,Elitist,3380.529036046764
5,5,18,850,Elitist,5025.344449811421
5,5,19,850,Elitist,4427.864972971838
5,6,0,850,Elitist,1871.2827908867446
5,6,1,850,Elitist,4113.600823689137
5,6,2,850,Elitist,3012.2525984627337
5,6,3,850,Elitist,1662.5809930009214
5,6,4,850,Elitist,2592.4901229695515
5,6,5,850,Elitist,6702.841007518367
5,6,6,850,Elitist,3097.575084366484
5,6,7,850,Elitist,5541.3004374135535
5,6,8,850,Elitist,2247.8393988300563
5,6,9,850,Elitist,2018.0952917048
5,6,10,850,Elitist,2129.4466050010324
5,6,11,850,Elitist,1547.1430409084492
5,6,12,850,Elitist,2660.722856404899
5,6,13,850,Elitist,1884.3922891961104
5,6,14,850,Elitist,1682.261386761208
5,6,15,850,Elitist,3810.747456749076
5,6,16,850,Elitist,2230.690525124493
5,6,17,850,Elitist,2160.703056416637
5,6,18,850,Elitist,2285.106255511046
5,6,19,850,Elitist,3125.2791826025027
5,7,0,850,Elitist,7348.752155110897
5,7,1,850,Elitist,4210.706531662205
5,7,2,850,Elitist,1620.2889824726453
5,7,3,850,Elitist,1177.9698522370272
5,7,4,850,Elitist,1518.6792382572962
5,7,5,850,Elitist,3372.886336079886
5,7,6,850,Elitist,3817.592854786655
5,7,7,850,Elitist,1965.5658350438212
5,7,8,850,Elitist,2120.5350067298673
5,7,9,850,Elitist,1831.008873402402
5,7,10,850,Elitist,2002.5817154360045
5,7,11,850,Elitist,1488.5320781817943
5,7,12,850,Elitist,2851.17942717614
5,7,13,850,Elitist,2489.228586858936
5,7,14,850,Elitist,2148.221644200963
5,7,15,850,Elitist,1962.614777412866
5,7,16,850,Elitist,2182.9667843868783
5,7,17,850,Elitist,3887.4007648436827
5,7,18,850,Elitist,6051.707845000467
5,7,19,850,Elitist,2895.9324372707233
6,1,0,850,Elitist,591035.0815533441
6,1,1,850,Elitist,464756.6335592717
6,1,2,850,Elitist,198356.08468335323
6,1,3,850,Elitist,434696.7594234754
6,1,4,850,Elitist,279862.96062558575
6,1,5,850,Elitist,211630.86021940882
6,1,6,850,Elitist,812881.9443510356
6,1,7,850,Elitist,265019.7134165758
6,1,8,850,Elitist,744472.5922524964
6,1,9,850,Elitist,249748.12357169963
6,1,10,850,Elitist,366349.8049814421
6,1,11,850,Elitist,348189.7763926319
6,1,12,850,Elitist,960195.9786772825
6,1,13,850,Elitist,97057.53063432476
6,1,14,850,Elitist,551696.8004709028
6,1,15,850,Elitist,459749.3718043361
6,1,16,850,Elitist,291388.1346798522
6,1,17,850,Elitist,727490.3646031722
6,1,18,850,Elitist,354531.0126521982
6,1,19,850,Elitist,38297.74226636359
6,2,0,850,Elitist,621794.5948226375
6,2,1,850,Elitist,244309.37672773
6,2,2,850,Elitist,8319.9550155267
6,2,3,850,Elitist,134609.8870549413
6,2,4,850,Elitist,139040.67885294624
6,2,5,850,Elitist,381427.70724103047
6,2,6,850,Elitist,512229.69401117024
6,2,7,850,Elitist,341011.84621965466
6,2,8,850,Elitist,111089.03725797792
6,2,9,850,Elitist,5580.558508341965
6,2,10,850,Elitist,243024.3243113894
6,2,11,850,Elitist,298826.89867577195
6,2,12,850,Elitist,93850.98056933975
6,2,13,850,Elitist,266436.3665998649
6,2,14,850,Elitist,230584.47160092578
6,2,15,850,Elitist,14619.902201716211
6,2,16,850,Elitist,4897.423317254719
6,2,17,850,Elitist,692817.5849137659
6,2,18,850,Elitist,715416.9572979821
6,2,19,850,Elitist,21743.447799712056
6,3,0,850,Elitist,703541.3899872921
6,3,1,850,Elitist,1290270.3835465538
6,3,2,850,Elitist,3412625.1202872447
6,3,3,850,Elitist,1064918.2839514369
6,3,4,850,Elitist,665887.6911648932
6,3,5,850,Elitist,1506386.3293592331
6,3,6,850,Elitist,1619118.7204657428
6,3,7,850,Elitist,1054735.3563310418
6,3,8,850,Elitist,3061707.134679059
6,3,9,850,Elitist,1644661.927629037
6,3,10,850,Elitist,1271340.507101032
6,3,11,850,Elitist,1184672.3610044972
6,3,12,850,Elitist,2132809.435410086
6,3,13,850,Elitist,471483.36248284637
6,3,14,850,Elitist,974302.6467917407
6,3,15,850,Elitist,638219.286991828
6,3,16,850,Elitist,1350467.6538109435
6,3,17,850,Elitist,1281578.781752402
6,3,18,850,Elitist,2593451.950792662
6,3,19,850,Elitist,1665559.1214098842
6,4,0,850,Elitist,6525699.447364158
6,4,1,850,Elitist,1712884.6027375425
6,4,2,850,Elitist,2097978.813417284
6,4,3,850,Elitist,4888580.507658065
6,4,4,850,Elitist,5843239.583263534
6,4,5,850,Elitist,5250523.145525147
6,4,6,850,Elitist,6199046.899688686
6,4,7,850,Elitist,2844768.946647813
6,4,8,850,Elitist,1868535.9027151219
6,4,9,850,Elitist,3652296.040898977
6,4,10,850,Elitist,5160322.691517884
6,4,11,850,Elitist,11346577.330001604
6,4,12,850,Elitist,4947996.471508253
6,4,13,850,Elitist,5310187.97004377
6,4,14,850,Elitist,4973639.418901205
6,4,15,850,Elitist,1971794.489956029
6,4,16,850,Elitist,6051365.233674669
6,4,17,850,Elitist,5055771.390726717
6,4,18,850,Elitist,6936318.116341132
6,4,19,850,Elitist,2218714.3921261826
6,5,0,850,Elitist,8423880.681998815
6,5,1,850,Elitist,2055802.6515117872
6,5,2,850,Elitist,1609076.576712153
6,5,3,850,Elitist,2212695.224179241
6,5,4,850,Elitist,3584887.2460408215
6,5,5,850,Elitist,3291755.425078356
6,5,6,850,Elitist,2799486.7632604428
6,5,7,850,Elitist,3958870.620912288
6,5,8,850,Elitist,3836714.881925797
6,5,9,850,Elitist,801311.4284695878
6,5,10,850,Elitist,6148326.404951546
6,5,11,850,Elitist,3235692.396189968
6,5,12,850,Elitist,1375654.016149334
6,5,13,850,Elitist,4492488.539527704
6,5,14,850,Elitist,1985501.1777257563
6,5,15,850,Elitist,830106.1493663543
6,5,16,850,Elitist,983090.3887991541
6,5,17,850,Elitist,4561064.007384519
6,5,18,850,Elitist,4339035.554275405
6,5,19,850,Elitist,5153985.301752025
6,6,0,850,Elitist,2163194.1869843327
6,6,1,850,Elitist,441297.4495841194
6,6,2,850,Elitist,933710.7347607082
6,6,3,850,Elitist,1538733.2835073238
6,6,4,850,Elitist,742848.6833361135
6,6,5,850,Elitist,906557.491588193
6,6,6,850,Elitist,984161.7736355724
6,6,7,850,Elitist,1226480.4978619246
6,6,8,850,Elitist,2107419.274354915
6,6,9,850,Elitist,236967.1835409093
6,6,10,850,Elitist,1155195.9109090252
6,6,11,850,Elitist,420938.01445415255
6,6,12,850,Elitist,131938.1088665853
6,6,13,850,Elitist,1215731.3391677793
6,6,14,850,Elitist,453073.57945842814
6,6,15,850,Elitist,340974.38713418157
6,6,16,850,Elitist,287124.7903050306
6,6,17,850,Elitist,456193.3493873765
6,6,18,850,Elitist,952352.2510562208
6,6,19,850,Elitist,825582.6468243811
6,7,0,850,Elitist,2702954.392805907
6,7,1,850,Elitist,2066698.244862527
6,7,2,850,Elitist,1368911.9043172293
6,7,3,850,Elitist,2680155.269042315
6,7,4,850,Elitist,4372979.213258068
6,7,5,850,Elitist,2018962.1356195074
6,7,6,850,Elitist,2991332.9551948505
6,7,7,850,Elitist,2338318.005142935
6,7,8,850,Elitist,1906984.1125482426
6,7,9,850,Elitist,1117669.298550517
6,7,10,850,Elitist,2174143.699748698
6,7,11,850,Elitist,3444317.0404009544
6,7,12,850,Elitist,1692949.08859107
6,7,13,850,Elitist,1499538.6248482252
6,7,14,850,Elitist,3091711.192288559
6,7,15,850,Elitist,1591773.5055663227
6,7,16,850,Elitist,2220863.4837137065
6,7,17,850,Elitist,3683466.7098687124
6,7,18,850,Elitist,2539775.479649181
6,7,19,850,Elitist,2298876.520287613
7,1,0,850,Elitist,2644.6522014588513
7,1,1,850,Elitist,3149.0232819632733
7,1,2,850,Elitist,2886.43214382438
7,1,3,850,Elitist,4329.147269907744
7,1,4,850,Elitist,2133.4110769382664
7,1,5,850,Elitist,2457.635139811119
7,1,6,850,Elitist,2048.377686103965
7,1,7,850,Elitist,1746.4725008556877
7,1,8,850,Elitist,4882.938808389414
7,1,9,850,Elitist,5939.430213792636
7,1,10,850,Elitist,1077.628801455968
7,1,11,850,Elitist,2211.527201948994
7,1,12,850,Elitist,6180.259985335539
7,1,13,850,Elitist,4966.281093062412
7,1,14,850,Elitist,3138.3759013079534
7,1,15,850,Elitist,1212.4489032486276
7,1,16,850,Elitist,1313.9445396284898
7,1,17,850,Elitist,3836.1176749291108
7,1,18,850,Elitist,2007.2691280806757
7,1,19,850,Elitist,3182.096183883134
7,2,0,850,Elitist,4983.495143088197
7,2,1,850,Elitist,9467.891259830092
7,2,2,850,Elitist,7122.909819877866
7,2,3,850,Elitist,6065.37640739316
7,2,4,850,Elitist,5214.731647361876
7,2,5,850,Elitist,3959.8080482541304
7,2,6,850,Elitist,4134.168098458444
7,2,7,850,Elitist,7434.091501804936
7,2,8,850,Elitist,4061.30761256983
7,2,9,850,Elitist,6484.622415716152
7,2,10,850,Elitist,7362.87988625014
7,2,11,850,Elitist,4246.797071611553
7,2,12,850,Elitist,6544.9666683299065
7,2,13,850,Elitist,2182.600654864534
7,2,14,850,Elitist,4107.868956683792
7,2,15,850,Elitist,4593.598944484493
7,2,16,850,Elitist,9214.033044170405
7,2,17,850,Elitist,6924.911839007615
7,2,18,850,Elitist,3689.001778900648
7,2,19,850,Elitist,2818.159607156322
7,3,0,850,Elitist,4214.648025926273
7,3,1,850,Elitist,10139.615394875347
7,3,2,850,Elitist,6537.486958027075
7,3,3,850,Elitist,4023.076851138289
7,3,4,850,Elitist,6226.917154807203
7,3,5,850,Elitist,4439.768805466755
7,3,6,850,Elitist,5177.575218011603
7,3,7,850,Elitist,8088.68756112106
7,3,8,850,Elitist,4089.6275304605524
7,3,9,850,Elitist,7551.899737773221
7,3,10,850,Elitist,8398.260029516146
7,3,11,850,Elitist,9342.389937137257
7,3,12,850,Elitist,6740.71354920752
7,3,13,850,Elitist,7565.148284635975
7,3,14,850,Elitist,8491.034208085981
7,3,15,850,Elitist,5309.915323503158
7,3,16,850,Elitist,19969.561454296614
7,3,17,850,Elitist,6591.833528477066
7,3,18,850,Elitist,4682.449524771843
7,3,19,850,Elitist,4951.296373625331
7,4,0,850,Elitist,4551.671321593663
7,4,1,850,Elitist,5022.549715186835
7,4,2,850,Elitist,7717.056045756935
7,4,3,850,Elitist,6394.813965685468
7,4,4,850,Elitist,2011.0568178601816
7,4,5,850,Elitist,2468.438788349611
7,4,6,850,Elitist,2373.15603472256
7,4,7,850,Elitist,1518.9310634259289
7,4,8,850,Elitist,5869.483096351081
7,4,9,850,Elitist,4262.908597888288
7,4,10,850,Elitist,3408.72245215445
7,4,11,850,Elitist,5420.2424683508
7,4,12,850,Elitist,4748.72677485435
7,4,13,850,Elitist,5003.246478416058
7,4,14,850,Elitist,6612.866009017134
7,4,15,850,Elitist,2075.1216364815596
7,4,16,850,Elitist,2762.936018959286
7,4,17,850,Elitist,2958.3735403459414
7,4,18,850,Elitist,3747.1292092457265
7,4,19,850,Elitist,3931.7434872787944
7,5,0,850,Elitist,4021.410380854204
7,5,1,850,Elitist,4031.1541640094224
7,5,2,850,Elitist,3235.158335579898
7,5,3,850,Elitist,1816.2004074648867
7,5,4,850,Elitist,2089.613107677422
7,5,5,850,Elitist,4122.309485502397
7,5,6,850,Elitist,3908.5164845374916
7,5,7,850,Elitist,1742.486709799537
7,5,8,850,Elitist,4634.591623044694
7,5,9,850,Elitist,2990.5625582228854
7,5,10,850,Elitist,1680.262374821085
7,5,11,850,Elitist,2088.820205644829
7,5,12,850,Elitist,2697.5522762598916
7,5,13,850,Elitist,1632.6822409621261
7,5,14,850,Elitist,2684.466554155134
7,5,15,850,Elitist,2136.445085947927
7,5,16,850,Elitist,3924.9133432478097
7,5,17,850,Elitist,2822.508223989279
7,5,18,850,Elitist,2603.5728412327717
7,5,19,850,Elitist,2718.7699845643015
7,6,0,850,Elitist,14976.30716272528
7,6,1,850,Elitist,5668.571484335918
7,6,2,850,Elitist,3401.9111098404996
7,6,3,850,Elitist,3984.6902448455558
7,6,4,850,Elitist,2839.6573800686747
7,6,5,850,Elitist,8617.460166814326
7,6,6,850,Elitist,9190.451062213653
7,6,7,850,Elitist,5947.588393827443
7,6,8,850,Elitist,3760.8515617798994
7,6,9,850,Elitist,6774.962451938994
7,6,10,850,Elitist,7006.838752141328
7,6,11,850,Elitist,7611.05250027133
7,6,12,850,Elitist,4990.508205929641
7,6,13,850,Elitist,3312.4746138289524
7,6,14,850,Elitist,7003.649180360355
7,6,15,850,Elitist,7670.594654851321
7,6,16,850,Elitist,4291.210302400978
7,6,17,850,Elitist,5952.628745747403
7,6,18,850,Elitist,4937.3286866207
7,6,19,850,Elitist,6213.927745435147
7,7,0,850,Elitist,3593.5219059029982
7,7,1,850,Elitist,3310.710696224215
7,7,2,850,Elitist,4181.219527590783
7,7,3,850,Elitist,2719.14021039448
7,7,4,850,Elitist,7344.7549808960375
7,7,5,850,Elitist,7994.036685811347
7,7,6,850,Elitist,4212.8051910846225
7,7,7,850,Elitist,6914.556913760514
7,7,8,850,Elitist,4033.873272833704
7,7,9,850,Elitist,4529.510952099866
7,7,10,850,Elitist,6417.956432339938
7,7,11,850,Elitist,5591.315181062197
7,7,12,850,Elitist,5606.165060444017
7,7,13,850,Elitist,4905.726702927417
7,7,14,850,Elitist,3784.3374275867186
7,7,15,850,Elitist,5540.881892612601
7,7,16,850,Elitist,5690.21554236109
7,7,17,850,Elitist,12572.31097909015
7,7,18,850,Elitist,4559.544022249436
7,7,19,850,Elitist,3475.1956054510492
8,1,0,850,Elitist,270768.07378677756
8,1,1,850,Elitist,163666.68221900714
8,1,2,850,Elitist,92592.86953040295
8,1,3,850,Elitist,69984.84122536292
8,1,4,850,Elitist,88245.94312497735
8,1,5,850,Elitist,110772.39145936121
8,1,6,850,Elitist,106701.36516979914
8,1,7,850,Elitist,89506.37080191479
8,1,8,850,Elitist,266082.35349369445
8,1,9,850,Elitist,49336.668541291976
8,1,10,850,Elitist,73148.31692298724
8,1,11,850,Elitist,98120.11913046312
8,1,12,850,Elitist,55646.45135047721
8,1,13,850,Elitist,70235.98948484455
8,1,14,850,Elitist,78550.08986110122
8,1,15,850,Elitist,131125.88386059282
8,1,16,850,Elitist,24511.527195299597
8,1,17,850,Elitist,110808.54447906393
8,1,18,850,Elitist,163125.94073941346
8,1,19,850,Elitist,29842.633454601917
8,2,0,850,Elitist,354013.1313210145
8,2,1,850,Elitist,315766.83646299684
8,2,2,850,Elitist,155884.9077647059
8,2,3,850,Elitist,244575.17573165262
8,2,4,850,Elitist,122774.5603187098
8,2,5,850,Elitist,284128.4633632542
8,2,6,850,Elitist,99078.31363705803
8,2,7,850,Elitist,271845.23282030964
8,2,8,850,Elitist,246800.49411394258
8,2,9,850,Elitist,281289.9942766733
8,2,10,850,Elitist,182048.54587868482
8,2,11,850,Elitist,306463.2525780312
8,2,12,850,Elitist,161766.2021138326
8,2,13,850,Elitist,135815.0598031817
8,2,14,850,Elitist,364144.65328886226
8,2,15,850,Elitist,143513.32450400773
8,2,16,850,Elitist,122560.25185562199
8,2,17,850,Elitist,374587.88881728874
8,2,18,850,Elitist,467715.4747484873
8,2,19,850,Elitist,65531.58636193839
8,3,0,850,Elitist,483014.95332702616
8,3,1,850,Elitist,296444.5067260359
8,3,2,850,Elitist,301415.93178187567
8,3,3,850,Elitist,251789.92970413883
8,3,4,850,Elitist,264717.782989416
8,3,5,850,Elitist,211648.08142885534
8,3,6,850,Elitist,587706.5693056331
8,3,7,850,Elitist,349904.0471512223
8,3,8,850,Elitist,683215.1195679851
8,3,9,850,Elitist,156726.53547917827
8,3,10,850,Elitist,186979.79139708003
8,3,11,850,Elitist,274976.90579159424
8,3,12,850,Elitist,95973.39838422241
8,3,13,850,Elitist,175609.92010737618
8,3,14,850,Elitist,109069.65700370178
8,3,15,850,Elitist,88778.07998846642
8,3,16,850,Elitist,39037.63781891259
8,3,17,850,Elitist,411568.70173423516
8,3,18,850,Elitist,372371.37642367225
8,3,19,850,Elitist,124794.4604696801
8,4,0,850,Elitist,374712.85714348697
8,4,1,850,Elitist,146388.76544894787
8,4,2,850,Elitist,148166.36869383333
8,4,3,850,Elitist,166821.6343189999
8,4,4,850,Elitist,270075.6856682502
8,4,5,850,Elitist,315189.1794866237
8,4,6,850,Elitist,172791.56255708338
8,4,7,850,Elitist,366573.4836720185
8,4,8,850,Elitist,338155.60251023376
8,4,9,850,Elitist,178603.28861932308
8,4,10,850,Elitist,134727.48419750418
8,4,11,850,Elitist,234159.22212315965
8,4,12,850,Elitist,51348.61617900711
8,4,13,850,Elitist,189659.17512738425
8,4,14,850,Elitist,117274.29136585382
8,4,15,850,Elitist,74684.67243115863
8,4,16,850,Elitist,103589.91160722889
8,4,17,850,Elitist,346057.7376674443
8,4,18,850,Elitist,231031.95244343858
8,4,19,850,Elitist,75325.45628185043
8,5,0,850,Elitist,761899.7294181365
8,5,1,850,Elitist,85042.25040226894
8,5,2,850,Elitist,521116.2899816132
8,5,3,850,Elitist,314583.12251283275
8,5,4,850,Elitist,394612.46564034023
8,5,5,850,Elitist,132773.21278780774
8,5,6,850,Elitist,627794.8736299273
8,5,7,850,Elitist,267284.74119424226
8,5,8,850,Elitist,930849.0766274941
8,5,9,850,Elitist,238371.64211872796
8,5,10,850,Elitist,235882.14848291088
8,5,11,850,Elitist,221856.44999096403
8,5,12,850,Elitist,66838.53908540156
8,5,13,850,Elitist,321452.2321382373
8,5,14,850,Elitist,34284.292994731266
8,5,15,850,Elitist,143208.76663603177
8,5,16,850,Elitist,165564.56388309275
8,5,17,850,Elitist,176339.42493848645
8,5,18,850,Elitist,465419.79877107154
8,5,19,850,Elitist,231707.85335452744
8,6,0,850,Elitist,258443.41121116743
8,6,1,850,Elitist,167919.02708135202
8,6,2,850,Elitist,143801.52115087077
8,6,3,850,Elitist,149630.55225087304
8,6,4,850,Elitist,239781.008665908
8,6,5,850,Elitist,559764.0802368456
8,6,6,850,Elitist,239496.99946068015
8,6,7,850,Elitist,437027.41118074686
8,6,8,850,Elitist,65900.5086679129
8,6,9,850,Elitist,233836.38565772027
8,6,10,850,Elitist,196588.5281704235
8,6,11,850,Elitist,323885.1814565013
8,6,12,850,Elitist,74209.99682738128
8,6,13,850,Elitist,274017.3044309684
8,6,14,850,Elitist,358869.1305248203
8,6,15,850,Elitist,109735.91755233958
8,6,16,850,Elitist,136066.52712069423
8,6,17,850,Elitist,424596.96840698505
8,6,18,850,Elitist,237157.6258836949
8,6,19,850,Elitist,107424.83702834194
8,7,0,850,Elitist,129398.21929204889
8,7,1,850,Elitist,126374.07256071614
8,7,2,850,Elitist,131092.27197333588
8,7,3,850,Elitist,91156.80641252654
8,7,4,850,Elitist,72632.31158952953
8,7,5,850,Elitist,248086.2067973118
8,7,6,850,Elitist,107927.11654887543
8,7,7,850,Elitist,52362.83330746539
8,7,8,850,Elitist,263082.1383198302
8,7,9,850,Elitist,13337.418490557555
8,7,10,850,Elitist,109546.705718694
8,7,11,850,Elitist,188909.28166511742
8,7,12,850,Elitist,104240.59800069199
8,7,13,850,Elitist,116637.1905355013
8,7,14,850,Elitist,54831.87513778978
8,7,15,850,Elitist,111883.08314530415
8,7,16,850,Elitist,57700.89178671798
8,7,17,850,Elitist,229182.1717524302
8,7,18,850,Elitist,210221.00610281958
8,7,19,850,Elitist,65112.08188206547
9,1,0,850,Elitist,136770.89306037323
9,1,1,850,Elitist,36880.405466768025
9,1,2,850,Elitist,68506.74517849299
9,1,3,850,Elitist,20375.369780273177
9,1,4,850,Elitist,43933.54958345726
9,1,5,850,Elitist,50821.56983385553
9,1,6,850,Elitist,88518.60546349995
9,1,7,850,Elitist,53490.525194244154
9,1,8,850,Elitist,162378.54569335488
9,1,9,850,Elitist,13956.20420994301
9,1,10,850,Elitist,14382.704362881745
9,1,11,850,Elitist,33023.57160221019
9,1,12,850,Elitist,17965.00116654692
9,1,13,850,Elitist,85469.76503632354
9,1,14,850,Elitist,25599.491487348732
9,1,15,850,Elitist,9616.918768596755
9,1,16,850,Elitist,72135.55691089222
9,1,17,850,Elitist,76328.18405850975
9,1,18,850,Elitist,60169.47579107113
9,1,19,850,Elitist,16434.905380302593
9,2,0,850,Elitist,89995.12533787113
9,2,1,850,Elitist,81438.9919822618
9,2,2,850,Elitist,163793.89381825097
9,2,3,850,Elitist,66260.60974913927
9,2,4,850,Elitist,29955.015643115305
9,2,5,850,Elitist,38859.3830916936
9,2,6,850,Elitist,73009.66621733959
9,2,7,850,Elitist,13470.273999976254
9,2,8,850,Elitist,168634.04147770183
9,2,9,850,Elitist,22742.678370685924
9,2,10,850,Elitist,16925.11395713555
9,2,11,850,Elitist,85978.2155319195
9,2,12,850,Elitist,76811.9052250967
9,2,13,850,Elitist,37453.93961897116
9,2,14,850,Elitist,53406.20535417119
9,2,15,850,Elitist,29657.545349147724
9,2,16,850,Elitist,27784.4038016489
9,2,17,850,Elitist,36500.98688385279
9,2,18,850,Elitist,54164.04701157049
9,2,19,850,Elitist,37653.63220622774
9,3,0,850,Elitist,170840.96172385142
9,3,1,850,Elitist,64877.37456606248
9,3,2,850,Elitist,177132.97984629506
9,3,3,850,Elitist,40551.38707618286
9,3,4,850,Elitist,60127.656397335784
9,3,5,850,Elitist,51218.855745301065
9,3,6,850,Elitist,149441.8130766513
9,3,7,850,Elitist,46265.30378166986
9,3,8,850,Elitist,331850.73124023736
9,3,9,850,Elitist,41658.03251056731
9,3,10,850,Elitist,20656.500887451042
9,3,11,850,Elitist,26053.87805349424
9,3,12,850,Elitist,32403.53871505275
9,3,13,850,Elitist,83578.77097815619
9,3,14,850,Elitist,89817.21006078238
9,3,15,850,Elitist,12457.84711641886
9,3,16,850,Elitist,31597.25757911896
9,3,17,850,Elitist,72855.45205474955
9,3,18,850,Elitist,63671.03917551359
9,3,19,850,Elitist,24272.93372361607
9,4,0,850,Elitist,59891.80276730227
9,4,1,850,Elitist,151894.83915469132
9,4,2,850,Elitist,77898.83436102854
9,4,3,850,Elitist,29847.863459328524
9,4,4,850,Elitist,60159.866626403214
9,4,5,850,Elitist,74624.08143835154
9,4,6,850,Elitist,32712.70286701117
9,4,7,850,Elitist,40088.80460101529
9,4,8,850,Elitist,120005.8836810458
9,4,9,850,Elitist,17882.919840705938
9,4,10,850,Elitist,20491.81597200947
9,4,11,850,Elitist,77456.31183590426
9,4,12,850,Elitist,112181.42857131
9,4,13,850,Elitist,44443.43161054751
9,4,14,850,Elitist,74742.07971700838
9,4,15,850,Elitist,8355.729095502642
9,4,16,850,Elitist,31406.238246305613
9,4,17,850,Elitist,54878.58579373903
9,4,18,850,Elitist,71788.74409277446
9,4,19,850,Elitist,32640.60318779477
9,5,0,850,Elitist,106095.02393233438
9,5,1,850,Elitist,44025.129621828084
9,5,2,850,Elitist,121142.25823257113
9,5,3,850,Elitist,51127.99084512557
9,5,4,850,Elitist,58660.80423285877
9,5,5,850,Elitist,39275.5092570322
9,5,6,850,Elitist,78618.21701777159
9,5,7,850,Elitist,30956.389039787566
9,5,8,850,Elitist,217000.94922184263
9,5,9,850,Elitist,24190.11010627158
9,5,10,850,Elitist,33091.261345668776
9,5,11,850,Elitist,61754.9307074845
9,5,12,850,Elitist,67336.7279225575
9,5,13,850,Elitist,69867.93062478317
9,5,14,850,Elitist,61781.98389157562
9,5,15,850,Elitist,11994.491675405809
9,5,16,850,Elitist,33905.50247315302
9,5,17,850,Elitist,56207.11261107691
9,5,18,850,Elitist,23120.778437967423
9,5,19,850,Elitist,32674.31389030768
9,6,0,850,Elitist,46894.81283372057
9,6,1,850,Elitist,143014.64947931547
9,6,2,850,Elitist,65388.18162505662
9,6,3,850,Elitist,31058.875901790845
9,6,4,850,Elitist,31951.278724408905
9,6,5,850,Elitist,64643.5472244125
9,6,6,850,Elitist,52113.39288194961
9,6,7,850,Elitist,30111.087758580885
9,6,8,850,Elitist,201751.79884146695
9,6,9,850,Elitist,24671.32032419146
9,6,10,850,Elitist,27521.643827899403
9,6,11,850,Elitist,37591.57651008667
9,6,12,850,Elitist,52837.68557706205
9,6,13,850,Elitist,50180.173877202615
9,6,14,850,Elitist,113640.2508111343
9,6,15,850,Elitist,13781.782383614061
9,6,16,850,Elitist,33512.82141842491
9,6,17,850,Elitist,74723.36369591678
9,6,18,850,Elitist,52664.428503191375
9,6,19,850,Elitist,29939.73692842419
9,7,0,850,Elitist,211356.01684146043
9,7,1,850,Elitist,84820.45202792964
9,7,2,850,Elitist,97523.47954654768
9,7,3,850,Elitist,41840.655831004435
9,7,4,850,Elitist,36970.727538339546
9,7,5,850,Elitist,59750.15062105696
9,7,6,850,Elitist,84895.75394323487
9,7,7,850,Elitist,49619.172192717146
9,7,8,850,Elitist,120716.00665909686
9,7,9,850,Elitist,35543.15981094613
9,7,10,850,Elitist,12370.916620561637
9,7,11,850,Elitist,42912.07667365992
9,7,12,850,Elitist,16698.644586775015
9,7,13,850,Elitist,52400.79334820992
9,7,14,850,Elitist,78061.63439828144
9,7,15,850,Elitist,13806.159751417345
9,7,16,850,Elitist,33363.7267980364
9,7,17,850,Elitist,119099.57964223047
9,7,18,850,Elitist,31835.733195036486
9,7,19,850,Elitist,22343.206260752027
10,1,0,850,Elitist,18768252.71100917
10,1,1,850,Elitist,23707801.346800923
10,1,2,850,Elitist,20254406.56952805
10,1,3,850,Elitist,25170940.17438219
10,1,4,850,Elitist,29992121.652440574
10,1,5,850,Elitist,66772567.73109497
10,1,6,850,Elitist,26589576.97886556
10,1,7,850,Elitist,32380343.496148054
10,1,8,850,Elitist,19593861.68675076
10,1,9,850,Elitist,10575580.643920759
10,1,10,850,Elitist,10236832.994502733
10,1,11,850,Elitist,72681235.37432712
10,1,12,850,Elitist,39051075.81474301
10,1,13,850,Elitist,6779827.724152488
10,1,14,850,Elitist,50711113.683244035
10,1,15,850,Elitist,17542313.503909074
10,1,16,850,Elitist,28576389.130084388
10,1,17,850,Elitist,55175950.35666685
10,1,18,850,Elitist,7198864.848305948
10,1,19,850,Elitist,25465950.08058937
10,2,0,850,Elitist,25291843.80555331
10,2,1,850,Elitist,38918807.361966684
10,2,2,850,Elitist,6597152.9211826185
10,2,3,850,Elitist,12806377.072061297
10,2,4,850,Elitist,18603938.38700083
10,2,5,850,Elitist,34315135.51885632
10,2,6,850,Elitist,14576926.11565153
10,2,7,850,Elitist,8293857.159734729
10,2,8,850,Elitist,5625645.266559602
10,2,9,850,Elitist,26326618.755571578
10,2,10,850,Elitist,31599068.408502623
10,2,11,850,Elitist,50481283.24701341
10,2,12,850,Elitist,85144788.41747124
10,2,13,850,Elitist,50034523.968625925
10,2,14,850,Elitist,73554272.98183931
10,2,15,850,Elitist,37387360.99810641
10,2,16,850,Elitist,50404684.794356555
10,2,17,850,Elitist,25042817.655609503
10,2,18,850,Elitist,8516389.540689612
10,2,19,850,Elitist,25932297.58903847
10,3,0,850,Elitist,4687891.356631924
10,3,1,850,Elitist,44097412.123218976
10,3,2,850,Elitist,4265455.58108533
10,3,3,850,Elitist,13525499.394969277
10,3,4,850,Elitist,4974981.319627218
10,3,5,850,Elitist,14516271.869973745
10,3,6,850,Elitist,8840820.362525603
10,3,7,850,Elitist,21885107.88469294
10,3,8,850,Elitist,23555578.281232227
10,3,9,850,Elitist,1858080.158241136
10,3,10,850,Elitist,7859703.546437448
10,3,11,850,Elitist,10697648.69573051
10,3,12,850,Elitist,21300601.00848013
10,3,13,850,Elitist,8865860.528031759
10,3,14,850,Elitist,10972078.41856928
10,3,15,850,Elitist,6279641.006098218
10,3,16,850,Elitist,7615009.666277784
10,3,17,850,Elitist,10892805.367662674
10,3,18,850,Elitist,14719623.023597566
10,3,19,850,Elitist,3105198.7666103463
10,4,0,850,Elitist,8596149.393220037
10,4,1,850,Elitist,88824324.84052199
10,4,2,850,Elitist,26071994.535980985
10,4,3,850,Elitist,92603440.55450693
10,4,4,850,Elitist,65260923.74065701
10,4,5,850,Elitist,123542800.81196916
10,4,6,850,Elitist,47035301.65803975
10,4,7,850,Elitist,14182674.189214846
10,4,8,850,Elitist,145701402.24856454
10,4,9,850,Elitist,51663864.45343006
10,4,10,850,Elitist,17945491.97455356
10,4,11,850,Elitist,126781667.66035748
10,4,12,850,Elitist,113738040.20993458
10,4,13,850,Elitist,88799366.73309533
10,4,14,850,Elitist,106967636.53904136
10,4,15,850,Elitist,187152000.25011635
10,4,16,850,Elitist,92455334.0515398
10,4,17,850,Elitist,62504165.77163708
10,4,18,850,Elitist,71730528.59923027
10,4,19,850,Elitist,116040496.3741234
10,5,0,850,Elitist,24191578.85854799
10,5,1,850,Elitist,27240739.564072486
10,5,2,850,Elitist,198069028.98566115
10,5,3,850,Elitist,67203461.21401921
10,5,4,850,Elitist,55394071.25183117
10,5,5,850,Elitist,3148472.639311321
10,5,6,850,Elitist,66464651.173105024
10,5,7,850,Elitist,36102344.25878457
10,5,8,850,Elitist,63613158.896630794
10,5,9,850,Elitist,52163616.16447067
10,5,10,850,Elitist,57659230.25224873
10,5,11,850,Elitist,35057214.57361385
10,5,12,850,Elitist,91294301.15376504
10,5,13,850,Elitist,23897296.793342687
10,5,14,850,Elitist,52965284.36688788
10,5,15,850,Elitist,50186808.34134066
10,5,16,850,Elitist,75892164.07073176
10,5,17,850,Elitist,13488062.762152692
10,5,18,850,Elitist,45128992.66420291
10,5,19,850,Elitist,73432577.83440219
10,6,0,850,Elitist,19125614.633181132
10,6,1,850,Elitist,18598369.880507015
10,6,2,850,Elitist,57398516.913791806
10,6,3,850,Elitist,32036176.097437236
10,6,4,850,Elitist,18450655.897107467
10,6,5,850,Elitist,21465781.19461465
10,6,6,850,Elitist,29808650.02270035
10,6,7,850,Elitist,12879755.388222918
10,6,8,850,Elitist,54182345.97007308
10,6,9,850,Elitist,14473108.673091251
10,6,10,850,Elitist,15267635.200539753
10,6,11,850,Elitist,27757456.37400394
10,6,12,850,Elitist,11497763.065488849
10,6,13,850,Elitist,2445029.262717024
10,6,14,850,Elitist,13673160.982714118
10,6,15,850,Elitist,23476729.583906714
10,6,16,850,Elitist,20160908.55948331
10,6,17,850,Elitist,29560684.535960298
10,6,18,850,Elitist,24960354.46980271
10,6,19,850,Elitist,40467383.98990145
10,7,0,850,Elitist,74563789.83373886
10,7,1,850,Elitist,52635257.046189085
10,7,2,850,Elitist,78066950.36665556
10,7,3,850,Elitist,41686190.41704714
10,7,4,850,Elitist,86816426.42527212
10,7,5,850,Elitist,30335817.409154564
10,7,6,850,Elitist,105762498.5124092
10,7,7,850,Elitist,158149363.73332483
10,7,8,850,Elitist,117921316.58575608
10,7,9,850,Elitist,133373437.56329419
10,7,10,850,Elitist,113186864.80748706
10,7,11,850,Elitist,17937453.993589584
10,7,12,850,Elitist,17290366.19796639
10,7,13,850,Elitist,61216478.09631042
10,7,14,850,Elitist,61831677.839307666
10,7,15,850,Elitist,46753891.51305577
10,7,16,850,Elitist,46142642.47129802
10,7,17,850,Elitist,87552191.59135275
10,7,18,850,Elitist,69018698.10126561
10,7,19,850,Elitist,47532046.92001897
11,1,0,850,Elitist,84623226.6455901
11,1,1,850,Elitist,7976132.506513266
11,1,2,850,Elitist,28250765.206265323
11,1,3,850,Elitist,11604370.282564763
11,1,4,850,Elitist,15930410.692307329
11,1,5,850,Elitist,77090.9355592127
11,1,6,850,Elitist,25233904.794011213
11,1,7,850,Elitist,21664852.6711071
11,1,8,850,Elitist,75196744.31834455
11,1,9,850,Elitist,4439412.697557081
11,1,10,850,Elitist,32027567.287206896
11,1,11,850,Elitist,759253.6077305048
11,1,12,850,Elitist,1142479.7881519152
11,1,13,850,Elitist,26108419.22626887
11,1,14,850,Elitist,5360540.766384461
11,1,15,850,Elitist,5411290.885579701
11,1,16,850,Elitist,146590.16460541813
11,1,17,850,Elitist,210846.0570743978
11,1,18,850,Elitist,39305599.725266494
11,1,19,850,Elitist,20784780.291839506
11,2,0,850,Elitist,1271105.0107319672
11,2,1,850,Elitist,8812224.541516678
11,2,2,850,Elitist,14120775.562556457
11,2,3,850,Elitist,4458749.012374451
11,2,4,850,Elitist,7535266.519944619
11,2,5,850,Elitist,4314544.780861271
11,2,6,850,Elitist,2272436.2341186795
11,2,7,850,Elitist,16799208.8906242
11,2,8,850,Elitist,2817663.3633659366
11,2,9,850,Elitist,14079857.270728085
11,2,10,850,Elitist,10401422.23135528
11,2,11,850,Elitist,991730.5077061626
11,2,12,850,Elitist,22901473.599923883
11,2,13,850,Elitist,21523166.347826514
11,2,14,850,Elitist,27756306.232047006
11,2,15,850,Elitist,9177534.680177975
11,2,16,850,Elitist,2651242.727738867
11,2,17,850,Elitist,5281380.459164143
11,2,18,850,Elitist,3394905.842135732
11,2,19,850,Elitist,2489590.719398266
11,3,0,850,Elitist,7316154.914144274
11,3,1,850,Elitist,28409848.796192367
11,3,2,850,Elitist,1984232.3424687278
11,3,3,850,Elitist,18465261.94932408
11,3,4,850,Elitist,4542935.805312933
11,3,5,850,Elitist,18494211.033164512
11,3,6,850,Elitist,1109099.4368117838
11,3,7,850,Elitist,18870749.787883762
11,3,8,850,Elitist,1087894.7126201233
11,3,9,850,Elitist,15923878.859774591
11,3,10,850,Elitist,6856837.658434575
11,3,11,850,Elitist,22115739.791038938
11,3,12,850,Elitist,64727677.46617045
11,3,13,850,Elitist,11912504.73197727
11,3,14,850,Elitist,4629256.090404453
11,3,15,850,Elitist,22431806.237355247
11,3,16,850,Elitist,49616472.512631714
11,3,17,850,Elitist,28335593.859775983
11,3,18,850,Elitist,3342817.627747888
11,3,19,850,Elitist,5860418.558434981
11,4,0,850,Elitist,3516184.414049031
11,4,1,850,Elitist,32645697.507761937
11,4,2,850,Elitist,4032519.875307074
11,4,3,850,Elitist,13377109.930074388
11,4,4,850,Elitist,1762532.282901034
11,4,5,850,Elitist,981092.7284333123
11,4,6,850,Elitist,678683.9089851794
11,4,7,850,Elitist,2293368.132901057
11,4,8,850,Elitist,4072992.9904537224
11,4,9,850,Elitist,112687.17221829467
11,4,10,850,Elitist,7557939.070599838
11,4,11,850,Elitist,24457070.794075157
11,4,12,850,Elitist,7068748.676390022
11,4,13,850,Elitist,3183183.5044026277
11,4,14,850,Elitist,2377866.332409013
11,4,15,850,Elitist,1567128.2895440331
11,4,16,850,Elitist,635072.7289696987
11,4,17,850,Elitist,6081402.133446416
11,4,18,850,Elitist,1998391.123803509
11,4,19,850,Elitist,868783.4256961821
11,5,0,850,Elitist,9710082.907839803
11,5,1,850,Elitist,3125187.1018408816
11,5,2,850,Elitist,18339021.381536365
11,5,3,850,Elitist,10208487.69364095
11,5,4,850,Elitist,2531794.2437766613
11,5,5,850,Elitist,2687452.6003377433
11,5,6,850,Elitist,24534729.083007153
11,5,7,850,Elitist,679699.5899936941
11,5,8,850,Elitist,5061249.727587881
11,5,9,850,Elitist,126625.56027483358
11,5,10,850,Elitist,2068603.5249877616
11,5,11,850,Elitist,12564718.784307674
11,5,12,850,Elitist,7633939.956972991
11,5,13,850,Elitist,5311284.296147656
11,5,14,850,Elitist,11994952.945957402
11,5,15,850,Elitist,1060111.6295011272
11,5,16,850,Elitist,2132894.166514171
11,5,17,850,Elitist,1348494.1664117097
11,5,18,850,Elitist,7037051.1502835415
11,5,19,850,Elitist,4082126.188369593
11,6,0,850,Elitist,16043057.550236868
11,6,1,850,Elitist,2172678.4913444123
11,6,2,850,Elitist,746292.8233011874
11,6,3,850,Elitist,5723487.832844989
11,6,4,850,Elitist,3229639.479575078
11,6,5,850,Elitist,4511138.671271155
11,6,6,850,Elitist,5352819.848219472
11,6,7,850,Elitist,7713287.382349805
11,6,8,850,Elitist,8277740.777037533
11,6,9,850,Elitist,54998.53831039382
11,6,10,850,Elitist,980090.1201706652
11,6,11,850,Elitist,6229348.53426529
11,6,12,850,Elitist,1289345.0609617347
11,6,13,850,Elitist,7090678.935360068
11,6,14,850,Elitist,15538656.546940643
11,6,15,850,Elitist,8399883.548992634
11,6,16,850,Elitist,3206273.4234334184
11,6,17,850,Elitist,19017334.35619093
11,6,18,850,Elitist,4160122.164912361
11,6,19,850,Elitist,4103637.7114110775
11,7,0,850,Elitist,36898855.52037161
11,7,1,850,Elitist,18741566.194436956
11,7,2,850,Elitist,90021862.36963663
11,7,3,850,Elitist,27774774.345177427
11,7,4,850,Elitist,19682883.503976922
11,7,5,850,Elitist,51780.855204251326
11,7,6,850,Elitist,27093868.459252674
11,7,7,850,Elitist,6960277.960910297
11,7,8,850,Elitist,85421000.67232776
11,7,9,850,Elitist,27489948.874091875
11,7,10,850,Elitist,19218262.625026964
11,7,11,850,Elitist,50054266.25308378
11,7,12,850,Elitist,59058869.56014262
11,7,13,850,Elitist,3942825.0418966785
11,7,14,850,Elitist,41301615.36397187
11,7,15,850,Elitist,25797615.764744148
11,7,16,850,Elitist,37730762.25982626
11,7,17,850,Elitist,1973249.2514372221
11,7,18,850,Elitist,23340106.793599647
11,7,19,850,Elitist,49740622.562613
12,1,0,850,Elitist,432275692.74498725
12,1,1,850,Elitist,722659573.387307
12,1,2,850,Elitist,276574966.44717735
12,1,3,850,Elitist,352757978.8625391
12,1,4,850,Elitist,310226167.95133287
12,1,5,850,Elitist,402463785.63226753
12,1,6,850,Elitist,685634387.3355368
12,1,7,850,Elitist,674642488.18858
12,1,8,850,Elitist,254706970.87293062
12,1,9,850,Elitist,304472668.8564752
12,1,10,850,Elitist,819617556.7945085
12,1,11,850,Elitist,469937908.4619696
12,1,12,850,Elitist,589612600.3576924
12,1,13,850,Elitist,447317328.47027755
12,1,14,850,Elitist,755191448.7685882
12,1,15,850,Elitist,938313817.7250456
12,1,16,850,Elitist,449133513.8458767
12,1,17,850,Elitist,444533279.6924596
12,1,18,850,Elitist,256197438.41389236
12,1,19,850,Elitist,277254598.82662106
12,2,0,850,Elitist,1389220568.0494854
12,2,1,850,Elitist,2390304697.420406
12,2,2,850,Elitist,832883623.453954
12,2,3,850,Elitist,511544385.76366884
12,2,4,850,Elitist,427266828.47585243
12,2,5,850,Elitist,1235790837.4311197
12,2,6,850,Elitist,276811332.16716254
12,2,7,850,Elitist,570571221.170928
12,2,8,850,Elitist,534871276.76694876
12,2,9,850,Elitist,623476749.7254599
12,2,10,850,Elitist,1773189667.6067626
12,2,11,850,Elitist,708631205.1645137
12,2,12,850,Elitist,1489830905.0160718
12,2,13,850,Elitist,1296182704.6343956
12,2,14,850,Elitist,341849581.09997797
12,2,15,850,Elitist,1938816246.7451422
12,2,16,850,Elitist,630412129.4751552
12,2,17,850,Elitist,1239143433.1086555
12,2,18,850,Elitist,381370480.5091526
12,2,19,850,Elitist,182177595.7647612
12,3,0,850,Elitist,4988880237.4341955
12,3,1,850,Elitist,1517743327.8893108
12,3,2,850,Elitist,1502601878.566116
12,3,3,850,Elitist,1381027255.1578338
12,3,4,850,Elitist,838985523.1481646
12,3,5,850,Elitist,594186985.9638813
12,3,6,850,Elitist,942595952.2593583
12,3,7,850,Elitist,756219508.043826
12,3,8,850,Elitist,2801261784.699769
12,3,9,850,Elitist,462010564.7509458
12,3,10,850,Elitist,1693281606.2753432
12,3,11,850,Elitist,1448441566.9830246
12,3,12,850,Elitist,1946104152.5452478
12,3,13,850,Elitist,1577881560.2803152
12,3,14,850,Elitist,1393275427.2438338
12,3,15,850,Elitist,574891137.9612947
12,3,16,850,Elitist,351751115.52365035
12,3,17,850,Elitist,1623115478.2045023
12,3,18,850,Elitist,4975770949.60683
12,3,19,850,Elitist,1546657695.1270552
12,4,0,850,Elitist,306788575.9307912
12,4,1,850,Elitist,909765209.7205116
12,4,2,850,Elitist,3172263771.5801606
12,4,3,850,Elitist,662577230.92833
12,4,4,850,Elitist,457666935.5277456
12,4,5,850,Elitist,838830110.3666216
12,4,6,850,Elitist,621449295.7677153
12,4,7,850,Elitist,913459078.2902725
12,4,8,850,Elitist,888859277.5077535
12,4,9,850,Elitist,599273725.4232093
12,4,10,850,Elitist,1022383256.1267742
12,4,11,850,Elitist,1075779504.0576348
12,4,12,850,Elitist,1039883265.7133396
12,4,13,850,Elitist,360011276.85080814
12,4,14,850,Elitist,744933430.6488533
12,4,15,850,Elitist,484963077.60689884
12,4,16,850,Elitist,601774900.9891409
12,4,17,850,Elitist,830795037.977403
12,4,18,850,Elitist,801667699.0282956
12,4,19,850,Elitist,423172102.85545576
12,5,0,850,Elitist,226205872.1744571
12,5,1,850,Elitist,115750263.22090298
12,5,2,850,Elitist,286858059.2904527
12,5,3,850,Elitist,196774051.65719056
12,5,4,850,Elitist,242033206.8565877
12,5,5,850,Elitist,171659083.29523578
12,5,6,850,Elitist,265284708.82403493
12,5,7,850,Elitist,338905310.2265785
12,5,8,850,Elitist,246693646.68477264
12,5,9,850,Elitist,168987537.01659408
12,5,10,850,Elitist,165483681.45142913
12,5,11,850,Elitist,261876624.84891912
12,5,12,850,Elitist,175090087.89156145
12,5,13,850,Elitist,130437691.03125383
12,5,14,850,Elitist,190157272.81768465
12,5,15,850,Elitist,80467106.21880713
12,5,16,850,Elitist,243328401.42018837
12,5,17,850,Elitist,533134497.9470845
12,5,18,850,Elitist,228034608.06237367
12,5,19,850,Elitist,170089232.2620873
12,6,0,850,Elitist,1444437197.9002743
12,6,1,850,Elitist,2745283888.0715857
12,6,2,850,Elitist,774051930.1562587
12,6,3,850,Elitist,1189035294.7971551
12,6,4,850,Elitist,473411241.31073594
12,6,5,850,Elitist,712911344.0375168
12,6,6,850,Elitist,942604180.1531802
12,6,7,850,Elitist,389058308.48740655
12,6,8,850,Elitist,1358356680.529009
12,6,9,850,Elitist,1506275533.3584208
12,6,10,850,Elitist,627516825.5153137
12,6,11,850,Elitist,1604560491.434182
12,6,12,850,Elitist,2305891762.457323
12,6,13,850,Elitist,914256352.9772009
12,6,14,850,Elitist,1766944881.3742
12,6,15,850,Elitist,1861140357.4051034
12,6,16,850,Elitist,724232447.1556542
12,6,17,850,Elitist,587167594.0468816
12,6,18,850,Elitist,718842236.1423112
12,6,19,850,Elitist,1449110480.4945428
12,7,0,850,Elitist,1697280674.8022826
12,7,1,850,Elitist,3505250169.4256034
12,7,2,850,Elitist,3265412336.6307864
12,7,3,850,Elitist,15803436354.049486
12,7,4,850,Elitist,773716096.7683948
12,7,5,850,Elitist,784515882.5457895
12,7,6,850,Elitist,9611839012.56635
12,7,7,850,Elitist,1791882205.2890522
12,7,8,850,Elitist,38826984026.34486
12,7,9,850,Elitist,1204311372.7449062
12,7,10,850,Elitist,7851578981.673026
12,7,11,850,Elitist,15316282831.442392
12,7,12,850,Elitist,3075095102.4195423
12,7,13,850,Elitist,864567193.9363631
12,7,14,850,Elitist,2126240155.1457658
12,7,15,850,Elitist,1014696668.0845716
12,7,16,850,Elitist,592191797.3066907
12,7,17,850,Elitist,236449289.60992798
12,7,18,850,Elitist,15049851244.49976
12,7,19,850,Elitist,4210546067.8838005
13,1,0,850,Elitist,42735.30610251851
13,1,1,850,Elitist,30775.21014135016
13,1,2,850,Elitist,53466.075866300984
13,1,3,850,Elitist,86531.16867197953
13,1,4,850,Elitist,43484.03705010047
13,1,5,850,Elitist,39225.53616578499
13,1,6,850,Elitist,43968.058696392436
13,1,7,850,Elitist,52337.12071463556
13,1,8,850,Elitist,39373.06671388006
13,1,9,850,Elitist,34495.284460807976
13,1,10,850,Elitist,35269.23591153438
13,1,11,850,Elitist,51690.47227832902
13,1,12,850,Elitist,37683.44184980568
13,1,13,850,Elitist,48670.10184907086
13,1,14,850,Elitist,65579.45593400374
13,1,15,850,Elitist,31972.669911924855
13,1,16,850,Elitist,37344.69926169124
13,1,17,850,Elitist,41968.308729575176
13,1,18,850,Elitist,32079.982302087046
13,1,19,850,Elitist,59287.89608462813
13,2,0,850,Elitist,52762.75687671965
13,2,1,850,Elitist,46131.62843618588
13,2,2,850,Elitist,48686.25384454118
13,2,3,850,Elitist,45981.43201778283
13,2,4,850,Elitist,77294.41292859854
13,2,5,850,Elitist,51445.01857671859
13,2,6,850,Elitist,46705.6384858728
13,2,7,850,Elitist,45317.38081100429
13,2,8,850,Elitist,41544.23574188287
13,2,9,850,Elitist,49269.118807458006
13,2,10,850,Elitist,36073.12334264359
13,2,11,850,Elitist,47609.96035911451
13,2,12,850,Elitist,44883.34577513973
13,2,13,850,Elitist,51876.041520665625
13,2,14,850,Elitist,64266.64618579672
13,2,15,850,Elitist,58265.185921200995
13,2,16,850,Elitist,40920.9613846488
13,2,17,850,Elitist,44125.30397916387
13,2,18,850,Elitist,47128.88877073056
13,2,19,850,Elitist,42891.28650739672
13,3,0,850,Elitist,68692.24505883758
13,3,1,850,Elitist,87813.9182941182
13,3,2,850,Elitist,71007.97212453005
13,3,3,850,Elitist,55997.2080676968
13,3,4,850,Elitist,52021.654481154146
13,3,5,850,Elitist,43953.120920688954
13,3,6,850,Elitist,53851.64792171127
13,3,7,850,Elitist,64721.13958963064
13,3,8,850,Elitist,78049.843228792
13,3,9,850,Elitist,48349.39830578751
13,3,10,850,Elitist,68534.2911630239
13,3,11,850,Elitist,41413.24744997004
13,3,12,850,Elitist,65407.26214204746
13,3,13,850,Elitist,73725.75964990175
13,3,14,850,Elitist,57359.92334661571
13,3,15,850,Elitist,48580.36048572639
13,3,16,850,Elitist,56610.31195555142
13,3,17,850,Elitist,61345.5545148332
13,3,18,850,Elitist,70185.56610391839
13,3,19,850,Elitist,61280.44869432552
13,4,0,850,Elitist,24808.62623350016
13,4,1,850,Elitist,45518.749182786654
13,4,2,850,Elitist,27552.204210553253
13,4,3,850,Elitist,48586.0363376065
13,4,4,850,Elitist,32954.0996859262
13,4,5,850,Elitist,41195.00635840462
13,4,6,850,Elitist,41863.579530074545
13,4,7,850,Elitist,51984.19650494556
13,4,8,850,Elitist,35455.27806089208
13,4,9,850,Elitist,34894.28792833599
13,4,10,850,Elitist,28891.543473223195
13,4,11,850,Elitist,45965.242025301064
13,4,12,850,Elitist,39210.26713003274
13,4,13,850,Elitist,35663.47883014216
13,4,14,850,Elitist,36478.86050932958
13,4,15,850,Elitist,32712.73563067825
13,4,16,850,Elitist,37246.7381810705
13,4,17,850,Elitist,38734.87033041375
13,4,18,850,Elitist,39950.725202536676
13,4,19,850,Elitist,27815.942490129917
13,5,0,850,Elitist,20843.681079701433
13,5,1,850,Elitist,29091.276841401228
13,5,2,850,Elitist,23657.69783233221
13,5,3,850,Elitist,43578.322380936894
13,5,4,850,Elitist,40026.07753517021
13,5,5,850,Elitist,38994.26522522837
13,5,6,850,Elitist,31834.232974400515
13,5,7,850,Elitist,43121.815981465734
13,5,8,850,Elitist,33701.58717367473
13,5,9,850,Elitist,28693.128331310232
13,5,10,850,Elitist,17010.130290839486
13,5,11,850,Elitist,37104.69328297833
13,5,12,850,Elitist,45723.4445910559
13,5,13,850,Elitist,46012.57521352562
13,5,14,850,Elitist,43179.91989510663
13,5,15,850,Elitist,34859.84507599579
13,5,16,850,Elitist,28625.67670945369
13,5,17,850,Elitist,39090.03574194113
13,5,18,850,Elitist,34824.908632392275
13,5,19,850,Elitist,24743.421316029035
13,6,0,850,Elitist,17154.756133794726
13,6,1,850,Elitist,23875.865132816227
13,6,2,850,Elitist,28089.29983382685
13,6,3,850,Elitist,32962.118317324916
13,6,4,850,Elitist,37109.793282152954
13,6,5,850,Elitist,38858.535795667056
13,6,6,850,Elitist,32795.2547279032
13,6,7,850,Elitist,36947.38314977697
13,6,8,850,Elitist,33231.037157318715
13,6,9,850,Elitist,33772.89485295412
13,6,10,850,Elitist,28723.596864538205
13,6,11,850,Elitist,39842.70296415032
13,6,12,850,Elitist,29269.93911836387
13,6,13,850,Elitist,28255.530570543226
13,6,14,850,Elitist,30908.09438528963
13,6,15,850,Elitist,35957.82003012155
13,6,16,850,Elitist,23929.179976589774
13,6,17,850,Elitist,42545.49128585595
13,6,18,850,Elitist,33120.31620709539
13,6,19,850,Elitist,30300.910424626763
13,7,0,850,Elitist,33544.87018535136
13,7,1,850,Elitist,31867.817149160073
13,7,2,850,Elitist,38453.894116141564
13,7,3,850,Elitist,37044.58347879394
13,7,4,850,Elitist,32920.41251789639
13,7,5,850,Elitist,36899.11897817542
13,7,6,850,Elitist,27711.63317117719
13,7,7,850,Elitist,33436.41277528681
13,7,8,850,Elitist,44297.870354109014
13,7,9,850,Elitist,32969.990424210664
13,7,10,850,Elitist,27973.263233642407
13,7,11,850,Elitist,40113.64895781971
13,7,12,850,Elitist,37411.459192242524
13,7,13,850,Elitist,58544.39004057469
13,7,14,850,Elitist,43301.01077452622
13,7,15,850,Elitist,37328.2129945391
13,7,16,850,Elitist,38594.28478180256
13,7,17,850,Elitist,41990.84008187463
13,7,18,850,Elitist,63282.71440724002
13,7,19,850,Elitist,51453.775418891666
14,1,0,850,Elitist,967.8738785507762
14,1,1,850,Elitist,757.2255175336037
14,1,2,850,Elitist,417.8969834978707
14,1,3,850,Elitist,448.2204317319284
14,1,4,850,Elitist,305.8551470100937
14,1,5,850,Elitist,252.67568432215103
14,1,6,850,Elitist,511.36944394531463
14,1,7,850,Elitist,332.9439837439133
14,1,8,850,Elitist,861.41578021361
14,1,9,850,Elitist,254.7392333476549
14,1,10,850,Elitist,860.0340468808971
14,1,11,850,Elitist,162.92981507020997
14,1,12,850,Elitist,455.09141711248725
14,1,13,850,Elitist,502.9704998586406
14,1,14,850,Elitist,314.2451807053672
14,1,15,850,Elitist,305.960516029833
14,1,16,850,Elitist,233.96226238100706
14,1,17,850,Elitist,402.056420409169
14,1,18,850,Elitist,577.6313655465447
14,1,19,850,Elitist,401.02659371503387
14,2,0,850,Elitist,413.72050415276556
14,2,1,850,Elitist,607.4892049396564
14,2,2,850,Elitist,466.72949905514395
14,2,3,850,Elitist,639.2762741080614
14,2,4,850,Elitist,623.1869103278622
14,2,5,850,Elitist,787.1370223748464
14,2,6,850,Elitist,333.22141005031875
14,2,7,850,Elitist,267.2159078389222
14,2,8,850,Elitist,772.4768933615819
14,2,9,850,Elitist,491.0340384393057
14,2,10,850,Elitist,241.68290126481435
14,2,11,850,Elitist,1000.4008263082546
14,2,12,850,Elitist,859.3802167673651
14,2,13,850,Elitist,401.7510492828737
14,2,14,850,Elitist,1155.7292357589404
14,2,15,850,Elitist,607.7157786749593
14,2,16,850,Elitist,652.7234458305292
14,2,17,850,Elitist,349.3030354820164
14,2,18,850,Elitist,476.5645167107137
14,2,19,850,Elitist,514.0545756216372
14,3,0,850,Elitist,313.3381283122931
14,3,1,850,Elitist,102.41021610024178
14,3,2,850,Elitist,140.46212630755184
14,3,3,850,Elitist,210.2072862315022
14,3,4,850,Elitist,333.13833950063224
14,3,5,850,Elitist,295.79883063389605
14,3,6,850,Elitist,264.780034034831
14,3,7,850,Elitist,327.82325765777176
14,3,8,850,Elitist,235.18552234898038
14,3,9,850,Elitist,126.34355360212987
14,3,10,850,Elitist,139.2068195101923
14,3,11,850,Elitist,230.865198681888
14,3,12,850,Elitist,181.40257468641232
14,3,13,850,Elitist,243.07820351104778
14,3,14,850,Elitist,165.43141766740624
14,3,15,850,Elitist,152.11806609067403
14,3,16,850,Elitist,281.66952951325845
14,3,17,850,Elitist,400.1119890192699
14,3,18,850,Elitist,135.88032592326874
14,3,19,850,Elitist,140.2188553323333
14,4,0,850,Elitist,371.6742870780742
14,4,1,850,Elitist,718.1024158385303
14,4,2,850,Elitist,376.79637879924087
14,4,3,850,Elitist,412.91180644336987
14,4,4,850,Elitist,297.977651097967
14,4,5,850,Elitist,388.9390835732726
14,4,6,850,Elitist,443.27998671846547
14,4,7,850,Elitist,362.0590505514792
14,4,8,850,Elitist,374.81654287904894
14,4,9,850,Elitist,284.9583460142132
14,4,10,850,Elitist,444.1380580866812
14,4,11,850,Elitist,353.93234291711923
14,4,12,850,Elitist,327.70659310208015
14,4,13,850,Elitist,459.4942160747238
14,4,14,850,Elitist,565.0097157961704
14,4,15,850,Elitist,375.9450317747749
14,4,16,850,Elitist,363.5820465131392
14,4,17,850,Elitist,236.0747063319172
14,4,18,850,Elitist,290.1467232963882
14,4,19,850,Elitist,324.00629856353225
14,5,0,850,Elitist,605.132082198063
14,5,1,850,Elitist,851.4986987415488
14,5,2,850,Elitist,837.9887138971181
14,5,3,850,Elitist,467.7586900549047
14,5,4,850,Elitist,364.86740243182703
14,5,5,850,Elitist,996.1996239220077
14,5,6,850,Elitist,689.1955161922657
14,5,7,850,Elitist,447.5399852572622
14,5,8,850,Elitist,470.5440910482516
14,5,9,850,Elitist,450.5017500734375
14,5,10,850,Elitist,675.4920980235073
14,5,11,850,Elitist,915.6706880268124
14,5,12,850,Elitist,412.29319949191273
14,5,13,850,Elitist,752.9390489846635
14,5,14,850,Elitist,342.60609429121547
14,5,15,850,Elitist,631.6270163800378
14,5,16,850,Elitist,997.2286387481766
14,5,17,850,Elitist,402.4183999075889
14,5,18,850,Elitist,286.5487317028753
14,5,19,850,Elitist,448.8194232780456
14,6,0,850,Elitist,290.951484056383
14,6,1,850,Elitist,321.5307960784337
14,6,2,850,Elitist,899.9417307000986
14,6,3,850,Elitist,357.57505894970086
14,6,4,850,Elitist,517.1209052298058
14,6,5,850,Elitist,370.815906108597
14,6,6,850,Elitist,415.1148557745501
14,6,7,850,Elitist,305.1789602141285
14,6,8,850,Elitist,828.6865905848114
14,6,9,850,Elitist,472.66039140225865
14,6,10,850,Elitist,214.9191991300536
14,6,11,850,Elitist,375.9765167050617
14,6,12,850,Elitist,312.74075681933647
14,6,13,850,Elitist,202.83550239830672
14,6,14,850,Elitist,497.42868783051625
14,6,15,850,Elitist,289.7966727941218
14,6,16,850,Elitist,212.404332025124
14,6,17,850,Elitist,429.50290271317783
14,6,18,850,Elitist,414.9239952737947
14,6,19,850,Elitist,432.0320948797556
14,7,0,850,Elitist,392.9653827302587
14,7,1,850,Elitist,469.08188385844807
14,7,2,850,Elitist,312.5428949248505
14,7,3,850,Elitist,343.52600873572976
14,7,4,850,Elitist,242.67726328439292
14,7,5,850,Elitist,175.4293702675437
14,7,6,850,Elitist,324.68904416455445
14,7,7,850,Elitist,268.6414746589658
14,7,8,850,Elitist,187.69421685517557
14,7,9,850,Elitist,298.5237938490837
14,7,10,850,Elitist,291.8286420117425
14,7,11,850,Elitist,261.41728652376526
14,7,12,850,Elitist,364.97424362428626
14,7,13,850,Elitist,294.15927894339376
14,7,14,850,Elitist,283.2173882026901
14,7,15,850,Elitist,308.4128342913978
14,7,16,850,Elitist,343.79818528036384
14,7,17,850,Elitist,180.47042026672432
14,7,18,850,Elitist,238.59321867445436
14,7,19,850,Elitist,225.5733611666995
15,1,0,850,Elitist,11445.696171243908
15,1,1,850,Elitist,13129.374262055055
15,1,2,850,Elitist,25187.55043101238
15,1,3,850,Elitist,19123.463224838153
15,1,4,850,Elitist,16133.77543221416
15,1,5,850,Elitist,27529.714613310087
15,1,6,850,Elitist,18837.03341048097
15,1,7,850,Elitist,26400.444181501476
15,1,8,850,Elitist,20661.483719679887
15,1,9,850,Elitist,18913.68337777034
15,1,10,850,Elitist,33918.5895755439
15,1,11,850,Elitist,14226.53438968462
15,1,12,850,Elitist,27660.464012833265
15,1,13,850,Elitist,17206.132486292816
15,1,14,850,Elitist,17760.558768204588
15,1,15,850,Elitist,16236.357531705311
15,1,16,850,Elitist,14817.96098772275
15,1,17,850,Elitist,22203.05053397958
15,1,18,850,Elitist,17303.311321263875
15,1,19,850,Elitist,18662.91287250538
15,2,0,850,Elitist,13338.590780838442
15,2,1,850,Elitist,8819.153367858811
15,2,2,850,Elitist,8625.271496315017
15,2,3,850,Elitist,23023.272195964506
15,2,4,850,Elitist,12770.33372988355
15,2,5,850,Elitist,14387.929406088535
15,2,6,850,Elitist,12813.30005656181
15,2,7,850,Elitist,13072.244743069825
15,2,8,850,Elitist,26745.281327611254
15,2,9,850,Elitist,18201.80075938942
15,2,10,850,Elitist,13027.893327170452
15,2,11,850,Elitist,21665.387575491204
15,2,12,850,Elitist,11013.1604497519
15,2,13,850,Elitist,22657.81682512074
15,2,14,850,Elitist,17113.223092111934
15,2,15,850,Elitist,12236.345503530916
15,2,16,850,Elitist,12155.348429015874
15,2,17,850,Elitist,17866.88457433197
15,2,18,850,Elitist,14161.973537779919
15,2,19,850,Elitist,13717.13913337015
15,3,0,850,Elitist,18797.65069226001
15,3,1,850,Elitist,11081.197835996838
15,3,2,850,Elitist,12768.22279307214
15,3,3,850,Elitist,13874.119574897626
15,3,4,850,Elitist,26060.615283836407
15,3,5,850,Elitist,10172.959760738879
15,3,6,850,Elitist,9957.523265676477
15,3,7,850,Elitist,13053.81159528351
15,3,8,850,Elitist,11538.916962373873
15,3,9,850,Elitist,15633.958449287838
15,3,10,850,Elitist,9909.472997538312
15,3,11,850,Elitist,10674.6670989284
15,3,12,850,Elitist,16641.50883210342
15,3,13,850,Elitist,11389.843917754097
15,3,14,850,Elitist,12089.661254612116
15,3,15,850,Elitist,13044.410093329676
15,3,16,850,Elitist,18322.096422142713
15,3,17,850,Elitist,36791.30406430397
15,3,18,850,Elitist,16148.534154856708
15,3,19,850,Elitist,13423.88853303796
15,4,0,850,Elitist,15848.160394911927
15,4,1,850,Elitist,33105.49640297024
15,4,2,850,Elitist,5221.591843971175
15,4,3,850,Elitist,11844.25687304853
15,4,4,850,Elitist,11399.32975128057
15,4,5,850,Elitist,14781.177973968577
15,4,6,850,Elitist,11051.939367579942
15,4,7,850,Elitist,17854.109951505572
15,4,8,850,Elitist,14576.14687143949
15,4,9,850,Elitist,13097.557521732035
15,4,10,850,Elitist,14867.052483726064
15,4,11,850,Elitist,21001.892612379437
15,4,12,850,Elitist,20674.060997032302
15,4,13,850,Elitist,11195.35245294734
15,4,14,850,Elitist,16505.737462938792
15,4,15,850,Elitist,11082.605245429568
15,4,16,850,Elitist,18350.888737844733
15,4,17,850,Elitist,15640.21562139874
15,4,18,850,Elitist,18563.818126771686
15,4,19,850,Elitist,13952.015554495676
15,5,0,850,Elitist,17787.39619539147
15,5,1,850,Elitist,17391.839493330088
15,5,2,850,Elitist,15967.518838794571
15,5,3,850,Elitist,15232.868058404376
15,5,4,850,Elitist,10407.533429464847
15,5,5,850,Elitist,15660.264399139298
15,5,6,850,Elitist,12659.990997606043
15,5,7,850,Elitist,14850.9818516773
15,5,8,850,Elitist,16692.61296088496
15,5,9,850,Elitist,10702.836680402077
15,5,10,850,Elitist,19018.7704907036
15,5,11,850,Elitist,19605.237068137263
15,5,12,850,Elitist,11224.457253859404
15,5,13,850,Elitist,13268.235502802487
15,5,14,850,Elitist,18289.303924346797
15,5,15,850,Elitist,11822.370006407447
15,5,16,850,Elitist,23586.3573052946
15,5,17,850,Elitist,13386.239649302312
15,5,18,850,Elitist,22298.800899394824
15,5,19,850,Elitist,12077.340634845412
15,6,0,850,Elitist,13839.794935509828
15,6,1,850,Elitist,14555.557827906036
15,6,2,850,Elitist,18324.907601689985
15,6,3,850,Elitist,19568.47364583297
15,6,4,850,Elitist,11579.199472559272
15,6,5,850,Elitist,13065.381613509635
15,6,6,850,Elitist,10690.04635287034
15,6,7,850,Elitist,28350.430317724855
15,6,8,850,Elitist,19345.634241797186
15,6,9,850,Elitist,15777.692824617907
15,6,10,850,Elitist,17882.276599060937
15,6,11,850,Elitist,11503.718752423341
15,6,12,850,Elitist,22106.272307729087
15,6,13,850,Elitist,13429.223444570956
15,6,14,850,Elitist,17512.345322160694
15,6,15,850,Elitist,16329.859369996548
15,6,16,850,Elitist,21819.310127763645
15,6,17,850,Elitist,9040.252523878471
15,6,18,850,Elitist,19339.32314719233
15,6,19,850,Elitist,15069.313252256698
15,7,0,850,Elitist,13919.846683777308
15,7,1,850,Elitist,15365.009966581036
15,7,2,850,Elitist,12422.160905067973
15,7,3,850,Elitist,17105.441873193362
15,7,4,850,Elitist,17862.61473415514
15,7,5,850,Elitist,16684.15707909646
15,7,6,850,Elitist,21087.299176541324
15,7,7,850,Elitist,15133.536035949484
15,7,8,850,Elitist,21683.346295742456
15,7,9,850,Elitist,11258.040911573768
15,7,10,850,Elitist,27457.121850853797
15,7,11,850,Elitist,16962.85354912003
15,7,12,850,Elitist,26703.835465545762
15,7,13,850,Elitist,15896.764093289888
15,7,14,850,Elitist,18789.89785676967
15,7,15,850,Elitist,14553.846919389374
15,7,16,850,Elitist,18863.113099525734
15,7,17,850,Elitist,16288.983713642527
15,7,18,850,Elitist,17653.085748076395
15,7,19,850,Elitist,14341.558670519533
16,1,0,850,Elitist,7708.116226657309
16,1,1,850,Elitist,3776.688872064774
16,1,2,850,Elitist,7066.6186442597855
16,1,3,850,Elitist,7658.5788090893475
16,1,4,850,Elitist,3281.5003222699106
16,1,5,850,Elitist,3850.167715452085
16,1,6,850,Elitist,2205.0447560615394
16,1,7,850,Elitist,4165.33204786132
16,1,8,850,Elitist,5342.161600980265
16,1,9,850,Elitist,3483.4329504253283
16,1,10,850,Elitist,8031.367482739055
16,1,11,850,Elitist,6152.498987144589
16,1,12,850,Elitist,8426.713669974883
16,1,13,850,Elitist,3617.5453839000447
16,1,14,850,Elitist,1722.8582234234423
16,1,15,850,Elitist,3672.1083591707857
16,1,16,850,Elitist,7968.342148883627
16,1,17,850,Elitist,2843.2280584411014
16,1,18,850,Elitist,4489.309465106996
16,1,19,850,Elitist,4918.347983639709
16,2,0,850,Elitist,3395.4519569565946
16,2,1,850,Elitist,4131.905954454691
16,2,2,850,Elitist,3810.8464830793505
16,2,3,850,Elitist,7140.423969596229
16,2,4,850,Elitist,3330.234584096446
16,2,5,850,Elitist,5591.435573575916
16,2,6,850,Elitist,3651.406341987425
16,2,7,850,Elitist,5709.872962225137
16,2,8,850,Elitist,5363.331553344088
16,2,9,850,Elitist,2597.8112110306643
16,2,10,850,Elitist,2518.743474046274
16,2,11,850,Elitist,5867.916953664574
16,2,12,850,Elitist,3496.017167144692
16,2,13,850,Elitist,6428.931541098552
16,2,14,850,Elitist,4367.954273699554
16,2,15,850,Elitist,5320.044496221214
16,2,16,850,Elitist,5405.588524215888
16,2,17,850,Elitist,4267.009493062374
16,2,18,850,Elitist,4247.483952838252
16,2,19,850,Elitist,5476.553695083802
16,3,0,850,Elitist,4688.607557315428
16,3,1,850,Elitist,3686.9802280229073
16,3,2,850,Elitist,2211.094336488201
16,3,3,850,Elitist,3183.980596953306
16,3,4,850,Elitist,7242.666999713694
16,3,5,850,Elitist,5511.2922513623635
16,3,6,850,Elitist,2795.6795175187244
16,3,7,850,Elitist,3350.5121580710784
16,3,8,850,Elitist,6880.287765853416
16,3,9,850,Elitist,5135.933098993127
16,3,10,850,Elitist,3894.2609284497366
16,3,11,850,Elitist,5086.978435888662
16,3,12,850,Elitist,3611.5460078465976
16,3,13,850,Elitist,4367.2600025175
16,3,14,850,Elitist,4752.531290720586
16,3,15,850,Elitist,5772.006830788572
16,3,16,850,Elitist,4578.463744952413
16,3,17,850,Elitist,6812.075210966171
16,3,18,850,Elitist,3448.6204979048202
16,3,19,850,Elitist,5921.231782666204
16,4,0,850,Elitist,4721.342955126827
16,4,1,850,Elitist,6286.117906099908
16,4,2,850,Elitist,4659.074272794213
16,4,3,850,Elitist,2587.651865778732
16,4,4,850,Elitist,3368.5662691160715
16,4,5,850,Elitist,3632.273725318364
16,4,6,850,Elitist,7210.2735904719975
16,4,7,850,Elitist,3302.8619053904813
16,4,8,850,Elitist,5046.674933249392
16,4,9,850,Elitist,9453.01443488128
16,4,10,850,Elitist,3410.199437032169
16,4,11,850,Elitist,5262.452412095293
16,4,12,850,Elitist,5015.61693013594
16,4,13,850,Elitist,4636.9801470457
16,4,14,850,Elitist,12744.198629810786
16,4,15,850,Elitist,8407.57234075168
16,4,16,850,Elitist,6208.653321500889
16,4,17,850,Elitist,2392.766779223442
16,4,18,850,Elitist,4813.961295786812
16,4,19,850,Elitist,4784.486604675648
16,5,0,850,Elitist,5888.346618816154
16,5,1,850,Elitist,3771.7082607559723
16,5,2,850,Elitist,8393.685458391388
16,5,3,850,Elitist,3165.355165482078
16,5,4,850,Elitist,4733.69162190561
16,5,5,850,Elitist,6761.040185579045
16,5,6,850,Elitist,10545.332210943894
16,5,7,850,Elitist,7083.605520537068
16,5,8,850,Elitist,3331.9726550785495
16,5,9,850,Elitist,4114.402319782954
16,5,10,850,Elitist,3928.1407589938426
16,5,11,850,Elitist,4344.126870065127
16,5,12,850,Elitist,4544.601393104699
16,5,13,850,Elitist,3095.898127238373
16,5,14,850,Elitist,4392.047865969585
16,5,15,850,Elitist,5315.068330901343
16,5,16,850,Elitist,7006.907877127504
16,5,17,850,Elitist,5364.393236112581
16,5,18,850,Elitist,8510.862702484614
16,5,19,850,Elitist,3755.934551161995
16,6,0,850,Elitist,5261.871394667009
16,6,1,850,Elitist,6205.784523309285
16,6,2,850,Elitist,5374.471154798944
16,6,3,850,Elitist,4854.535538368583
16,6,4,850,Elitist,5110.645761466983
16,6,5,850,Elitist,3120.0531335758224
16,6,6,850,Elitist,2703.909171357837
16,6,7,850,Elitist,2473.705629248329
16,6,8,850,Elitist,12585.960741042643
16,6,9,850,Elitist,7542.70575323937
16,6,10,850,Elitist,2326.9781748281484
16,6,11,850,Elitist,3338.6940276748037
16,6,12,850,Elitist,6701.004221170621
16,6,13,850,Elitist,5960.337823618584
16,6,14,850,Elitist,4162.71717203589
16,6,15,850,Elitist,6866.148444886557
16,6,16,850,Elitist,9296.452704359132
16,6,17,850,Elitist,4899.37912972779
16,6,18,850,Elitist,5383.033804984649
16,6,19,850,Elitist,3377.5270480331455
16,7,0,850,Elitist,4093.045966583411
16,7,1,850,Elitist,3965.6485388791198
16,7,2,850,Elitist,2879.486244219442
16,7,3,850,Elitist,2883.189743431135
16,7,4,850,Elitist,2861.274230892242
16,7,5,850,Elitist,2370.1342527565453
16,7,6,850,Elitist,2468.15851045441
16,7,7,850,Elitist,3543.058826426742
16,7,8,850,Elitist,2843.102256573792
16,7,9,850,Elitist,3952.493945470518
16,7,10,850,Elitist,2803.3861822402973
16,7,11,850,Elitist,3933.358803257084
16,7,12,850,Elitist,5081.607126069793
16,7,13,850,Elitist,2923.19016847131
16,7,14,850,Elitist,3651.7070278075735
16,7,15,850,Elitist,5694.52865339858
16,7,16,850,Elitist,5285.480088534836
16,7,17,850,Elitist,2282.8674507265778
16,7,18,850,Elitist,6306.87888441871
16,7,19,850,Elitist,2583.1180672620044
17,1,0,850,Elitist,563.4364120456047
17,1,1,850,Elitist,2148.4317851912087
17,1,2,850,Elitist,540.9286638092547
17,1,3,850,Elitist,461.7745766580192
17,1,4,850,Elitist,549.8459639178642
17,1,5,850,Elitist,571.9752071288818
17,1,6,850,Elitist,531.517129930202
17,1,7,850,Elitist,655.7139001625665
17,1,8,850,Elitist,491.5266534576834
17,1,9,850,Elitist,460.9700540708969
17,1,10,850,Elitist,344.1718474890581
17,1,11,850,Elitist,1268.4091967423083
17,1,12,850,Elitist,1040.5698587508386
17,1,13,850,Elitist,437.9671956313477
17,1,14,850,Elitist,809.8398208863235
17,1,15,850,Elitist,520.7440277154328
17,1,16,850,Elitist,711.0049330513375
17,1,17,850,Elitist,442.4949559185599
17,1,18,850,Elitist,543.5547727734572
17,1,19,850,Elitist,752.9020233858463
17,2,0,850,Elitist,443.8651087650649
17,2,1,850,Elitist,546.0848650573413
17,2,2,850,Elitist,359.0096718685766
17,2,3,850,Elitist,464.67502391052625
17,2,4,850,Elitist,483.1027995577894
17,2,5,850,Elitist,713.5487632160643
17,2,6,850,Elitist,453.23434276597345
17,2,7,850,Elitist,389.7230417409677
17,2,8,850,Elitist,455.0371198347777
17,2,9,850,Elitist,384.5930011745413
17,2,10,850,Elitist,343.7184139924317
17,2,11,850,Elitist,397.07546547448135
17,2,12,850,Elitist,450.52217721505144
17,2,13,850,Elitist,432.4042596000828
17,2,14,850,Elitist,422.8436133830953
17,2,15,850,Elitist,394.05566478258345
17,2,16,850,Elitist,398.05274224383294
17,2,17,850,Elitist,434.21644096130535
17,2,18,850,Elitist,516.9364580111982
17,2,19,850,Elitist,259.6435437605985
17,3,0,850,Elitist,456.57097329383964
17,3,1,850,Elitist,627.9014006233168
17,3,2,850,Elitist,552.6330543099848
17,3,3,850,Elitist,564.424338039838
17,3,4,850,Elitist,864.0841819863992
17,3,5,850,Elitist,1629.3442276896935
17,3,6,850,Elitist,529.3366383513096
17,3,7,850,Elitist,1027.951644160274
17,3,8,850,Elitist,781.6981619605222
17,3,9,850,Elitist,1416.5652804392348
17,3,10,850,Elitist,497.7777390734425
17,3,11,850,Elitist,784.0993954567327
17,3,12,850,Elitist,2382.0732739152845
17,3,13,850,Elitist,889.8096642158068
17,3,14,850,Elitist,1695.9823758605999
17,3,15,850,Elitist,1208.7836116614935
17,3,16,850,Elitist,2251.4533765857736
17,3,17,850,Elitist,871.0873730879757
17,3,18,850,Elitist,465.94838737700445
17,3,19,850,Elitist,728.6438271114247
17,4,0,850,Elitist,992.5459684127915
17,4,1,850,Elitist,913.5628957687256
17,4,2,850,Elitist,1302.7449998424288
17,4,3,850,Elitist,1037.759820315122
17,4,4,850,Elitist,2040.117265665802
17,4,5,850,Elitist,986.240719961985
17,4,6,850,Elitist,772.9308987421251
17,4,7,850,Elitist,545.3269750613666
17,4,8,850,Elitist,560.6342337624177
17,4,9,850,Elitist,662.9419715122693
17,4,10,850,Elitist,877.3704524176455
17,4,11,850,Elitist,386.63019422803603
17,4,12,850,Elitist,907.576647755779
17,4,13,850,Elitist,617.0890554829762
17,4,14,850,Elitist,739.893564971341
17,4,15,850,Elitist,534.2627773314402
17,4,16,850,Elitist,1427.6789592724892
17,4,17,850,Elitist,747.1771346275826
17,4,18,850,Elitist,7490.99620034434
17,4,19,850,Elitist,597.9247048586884
17,5,0,850,Elitist,948.1650142544457
17,5,1,850,Elitist,340.35831464688823
17,5,2,850,Elitist,474.5317546074354
17,5,3,850,Elitist,396.23246071367373
17,5,4,850,Elitist,479.22085462568634
17,5,5,850,Elitist,635.796936419191
17,5,6,850,Elitist,531.2273920385651
17,5,7,850,Elitist,486.1044940600045
17,5,8,850,Elitist,477.6370006620736
17,5,9,850,Elitist,390.1172797048461
17,5,10,850,Elitist,740.8408279989742
17,5,11,850,Elitist,480.9735539133035
17,5,12,850,Elitist,510.64420576369344
17,5,13,850,Elitist,574.6755836713824
17,5,14,850,Elitist,658.4941009779513
17,5,15,850,Elitist,628.0941204216591
17,5,16,850,Elitist,355.92516469914824
17,5,17,850,Elitist,586.4050712670162
17,5,18,850,Elitist,524.0893353297942
17,5,19,850,Elitist,587.8230070262813
17,6,0,850,Elitist,808.7755417569097
17,6,1,850,Elitist,697.0680815943191
17,6,2,850,Elitist,2608.9010264592807
17,6,3,850,Elitist,492.5242161951858
17,6,4,850,Elitist,588.0758053976317
17,6,5,850,Elitist,381.61613782734236
17,6,6,850,Elitist,584.0379171634686
17,6,7,850,Elitist,347.70182836894764
17,6,8,850,Elitist,747.8157786287654
17,6,9,850,Elitist,665.5099293644565
17,6,10,850,Elitist,500.8442421370753
17,6,11,850,Elitist,323.887890414518
17,6,12,850,Elitist,800.0821523325134
17,6,13,850,Elitist,696.7277734978863
17,6,14,850,Elitist,1271.3376287082474
17,6,15,850,Elitist,383.39116269802514
17,6,16,850,Elitist,692.2596076948976
17,6,17,850,Elitist,558.4230809427507
17,6,18,850,Elitist,553.8797341115932
17,6,19,850,Elitist,814.3703011849188
17,7,0,850,Elitist,597.8342353206651
17,7,1,850,Elitist,490.8888881172246
17,7,2,850,Elitist,612.9613971646875
17,7,3,850,Elitist,1630.982909557185
17,7,4,850,Elitist,758.9370500266491
17,7,5,850,Elitist,577.9654421403379
17,7,6,850,Elitist,511.1082488988913
17,7,7,850,Elitist,738.7864545754976
17,7,8,850,Elitist,792.0027921833162
17,7,9,850,Elitist,438.55909865520846
17,7,10,850,Elitist,444.76471881719596
17,7,11,850,Elitist,585.2513787841541
17,7,12,850,Elitist,392.724576487456
17,7,13,850,Elitist,543.6472445155558
17,7,14,850,Elitist,928.2258207068613
17,7,15,850,Elitist,680.3948023809078
17,7,16,850,Elitist,1114.276454812149
17,7,17,850,Elitist,638.9082514432368
17,7,18,850,Elitist,924.8929839553286
17,7,19,850,Elitist,617.5603869569824
18,1,0,850,Elitist,3279.0173599284517
18,1,1,850,Elitist,2523.233895140183
18,1,2,850,Elitist,1883.1621051815978
18,1,3,850,Elitist,2119.418520445685
18,1,4,850,Elitist,2222.644296156215
18,1,5,850,Elitist,5376.255959886928
18,1,6,850,Elitist,1803.214657569359
18,1,7,850,Elitist,2102.815746205061
18,1,8,850,Elitist,2033.5482242915505
18,1,9,850,Elitist,2916.878934923492
18,1,10,850,Elitist,1729.7877050911
18,1,11,850,Elitist,2621.8270947006104
18,1,12,850,Elitist,4326.267469828954
18,1,13,850,Elitist,3305.648030877142
18,1,14,850,Elitist,3291.813238703127
18,1,15,850,Elitist,2742.385221909438
18,1,16,850,Elitist,5033.907255334839
18,1,17,850,Elitist,2521.313959475528
18,1,18,850,Elitist,2180.9845457044185
18,1,19,850,Elitist,2259.011427212068
18,2,0,850,Elitist,1085.0027653516984
18,2,1,850,Elitist,1528.074058962037
18,2,2,850,Elitist,1667.4660162072796
18,2,3,850,Elitist,3010.3016050567608
18,2,4,850,Elitist,1610.1004071634823
18,2,5,850,Elitist,2615.3493624455277
18,2,6,850,Elitist,2912.4305309069314
18,2,7,850,Elitist,2200.312865808798
18,2,8,850,Elitist,2075.284284653937
18,2,9,850,Elitist,1263.7829530879937
18,2,10,850,Elitist,1454.3923270408143
18,2,11,850,Elitist,1977.6497946967418
18,2,12,850,Elitist,1245.8871416851905
18,2,13,850,Elitist,3332.059536525976
18,2,14,850,Elitist,4088.524958639865
18,2,15,850,Elitist,1035.0833202426772
18,2,16,850,Elitist,3461.9331337734743
18,2,17,850,Elitist,1930.9860110990269
18,2,18,850,Elitist,1426.7880384836483
18,2,19,850,Elitist,1292.3046247543289
18,3,0,850,Elitist,1937.1237469701564
18,3,1,850,Elitist,2077.121312517843
18,3,2,850,Elitist,3590.036552870909
18,3,3,850,Elitist,3610.3137155841287
18,3,4,850,Elitist,4005.9218897605765
18,3,5,850,Elitist,4787.658689289681
18,3,6,850,Elitist,1894.2516759444025
18,3,7,850,Elitist,2553.6180797266666
18,3,8,850,Elitist,3423.998286827978
18,3,9,850,Elitist,2622.9023598547374
18,3,10,850,Elitist,3131.7215419366166
18,3,11,850,Elitist,3779.5464663473076
18,3,12,850,Elitist,2540.282233926744
18,3,13,850,Elitist,2253.7507592229995
18,3,14,850,Elitist,3095.4663559826336
18,3,15,850,Elitist,3231.744951655311
18,3,16,850,Elitist,4559.145280930528
18,3,17,850,Elitist,4070.5047651229
18,3,18,850,Elitist,2517.312856170079
18,3,19,850,Elitist,2191.1525836901014
18,4,0,850,Elitist,3018.1880930878897
18,4,1,850,Elitist,3556.050499750418
18,4,2,850,Elitist,4989.330542407505
18,4,3,850,Elitist,2748.960815396418
18,4,4,850,Elitist,2833.424691179507
18,4,5,850,Elitist,2931.6657974449568
18,4,6,850,Elitist,5472.348552275058
18,4,7,850,Elitist,2952.41779169535
18,4,8,850,Elitist,4791.1568129291045
18,4,9,850,Elitist,3466.9833341489084
18,4,10,850,Elitist,3424.4888593368833
18,4,11,850,Elitist,1717.5762486528092
18,4,12,850,Elitist,4321.552754153415
18,4,13,850,Elitist,1827.2083095891846
18,4,14,850,Elitist,2579.436071568952
18,4,15,850,Elitist,2011.2369460722884
18,4,16,850,Elitist,3401.0721126678427
18,4,17,850,Elitist,2546.3256738635023
18,4,18,850,Elitist,3045.6923476895363
18,4,19,850,Elitist,2256.726673009931
18,5,0,850,Elitist,2105.8644356455593
18,5,1,850,Elitist,1787.88066840698
18,5,2,850,Elitist,2118.532518028012
18,5,3,850,Elitist,2304.02424642995
18,5,4,850,Elitist,2343.55089522941
18,5,5,850,Elitist,1982.750619881891
18,5,6,850,Elitist,1485.944672043855
18,5,7,850,Elitist,2521.7335723585525
18,5,8,850,Elitist,2337.242537871839
18,5,9,850,Elitist,2321.0179651466337
18,5,10,850,Elitist,4668.936984915075
18,5,11,850,Elitist,1944.0884029911488
18,5,12,850,Elitist,1928.8281862218512
18,5,13,850,Elitist,6345.4884987804835
18,5,14,850,Elitist,1864.54519457425
18,5,15,850,Elitist,2380.077939755843
18,5,16,850,Elitist,1859.9896365006575
18,5,17,850,Elitist,2430.9706329643736
18,5,18,850,Elitist,2301.8396460615772
18,5,19,850,Elitist,1767.9216846166355
18,6,0,850,Elitist,2692.1579593564693
18,6,1,850,Elitist,2282.340342742123
18,6,2,850,Elitist,1925.401593363177
18,6,3,850,Elitist,1561.8758694934288
18,6,4,850,Elitist,3163.8105317478785
18,6,5,850,Elitist,2122.257164354091
18,6,6,850,Elitist,2613.3059701931147
18,6,7,850,Elitist,1778.7697466817565
18,6,8,850,Elitist,3289.8634986738043
18,6,9,850,Elitist,2375.0280113266545
18,6,10,850,Elitist,3061.090586376389
18,6,11,850,Elitist,1500.2137392516127
18,6,12,850,Elitist,2450.7462743799
18,6,13,850,Elitist,2530.4620328514297
18,6,14,850,Elitist,2866.6570532215205
18,6,15,850,Elitist,4199.64468518001
18,6,16,850,Elitist,2786.1073442879424
18,6,17,850,Elitist,5375.903120412022
18,6,18,850,Elitist,2192.0579746026947
18,6,19,850,Elitist,2179.2823801723944
18,7,0,850,Elitist,2953.941077061088
18,7,1,850,Elitist,2499.486904557839
18,7,2,850,Elitist,2500.0303475728488
18,7,3,850,Elitist,3194.1620666106737
18,7,4,850,Elitist,3146.809518727834
18,7,5,850,Elitist,2496.901451274916
18,7,6,850,Elitist,3788.154108350128
18,7,7,850,Elitist,1912.2397827075854
18,7,8,850,Elitist,3262.123525804337
18,7,9,850,Elitist,2311.6450418174063
18,7,10,850,Elitist,1750.7336823857322
18,7,11,850,Elitist,2491.267935227529
18,7,12,850,Elitist,2064.536113487237
18,7,13,850,Elitist,2683.2728731651114
18,7,14,850,Elitist,6433.177834593656
18,7,15,850,Elitist,3103.6692011853115
18,7,16,850,Elitist,2039.245724115423
18,7,17,850,Elitist,2544.7533805200933
18,7,18,850,Elitist,2761.2248249686713
18,7,19,850,Elitist,2941.468117631189
19,1,0,850,Elitist,2268.4332842321637
19,1,1,850,Elitist,1195.7131460845194
19,1,2,850,Elitist,1436.9899505005474
19,1,3,850,Elitist,1614.212175404713
19,1,4,850,Elitist,1308.0306086564606
19,1,5,850,Elitist,1213.9803989704928
19,1,6,850,Elitist,1990.8941184555601
19,1,7,850,Elitist,1227.778713999285
19,1,8,850,Elitist,1955.9156014264368
19,1,9,850,Elitist,2409.7911780617214
19,1,10,850,Elitist,1913.9472655003283
19,1,11,850,Elitist,1518.9685711737757
19,1,12,850,Elitist,2484.480284762491
19,1,13,850,Elitist,2685.7214036615474
19,1,14,850,Elitist,2620.804290098718
19,1,15,850,Elitist,876.1615717484856
19,1,16,850,Elitist,943.754466664539
19,1,17,850,Elitist,2026.853400720689
19,1,18,850,Elitist,2449.347512721626
19,1,19,850,Elitist,1147.2295547378617
19,2,0,850,Elitist,2402.373903812575
19,2,1,850,Elitist,2625.4115092003412
19,2,2,850,Elitist,927.357370013412
19,2,3,850,Elitist,1732.4214899786573
19,2,4,850,Elitist,1196.1812884760539
19,2,5,850,Elitist,1515.6610649462127
19,2,6,850,Elitist,1754.263461104914
19,2,7,850,Elitist,2111.345266718222
19,2,8,850,Elitist,1406.1726909156205
19,2,9,850,Elitist,1903.121341076132
19,2,10,850,Elitist,1615.2762149705811
19,2,11,850,Elitist,2198.3633618409413
19,2,12,850,Elitist,2146.866511300701
19,2,13,850,Elitist,1820.1901619998002
19,2,14,850,Elitist,2604.8608488575437
19,2,15,850,Elitist,1680.368284162473
19,2,16,850,Elitist,1987.1115344980622
19,2,17,850,Elitist,887.4212283414554
19,2,18,850,Elitist,2996.178650968506
19,2,19,850,Elitist,1951.3813792896622
19,3,0,850,Elitist,1671.0668585630456
19,3,1,850,Elitist,1854.7049139378644
19,3,2,850,Elitist,1780.309552888357
19,3,3,850,Elitist,2157.8275019021253
19,3,4,850,Elitist,1029.6434147902544
19,3,5,850,Elitist,2465.5162049398205
19,3,6,850,Elitist,1285.7619459970738
19,3,7,850,Elitist,1472.6344287748736
19,3,8,850,Elitist,2206.2584293139603
19,3,9,850,Elitist,812.1227699248176
19,3,10,850,Elitist,2154.1841055204723
19,3,11,850,Elitist,2281.996882010057
19,3,12,850,Elitist,1677.2691095438795
19,3,13,850,Elitist,1521.2660148847472
19,3,14,850,Elitist,2292.351894428087
19,3,15,850,Elitist,2368.441379202142
19,3,16,850,Elitist,2727.475146894545
19,3,17,850,Elitist,1483.4166330483476
19,3,18,850,Elitist,2158.17914399819
19,3,19,850,Elitist,1004.981693190925
19,4,0,850,Elitist,1171.3079743896365
19,4,1,850,Elitist,2493.8828628842866
19,4,2,850,Elitist,1506.2870268571723
19,4,3,850,Elitist,1356.6124869492266
19,4,4,850,Elitist,2776.1650642763443
19,4,5,850,Elitist,1785.6975062528504
19,4,6,850,Elitist,2189.3933821577607
19,4,7,850,Elitist,1647.942134994384
19,4,8,850,Elitist,1528.0667496190445
19,4,9,850,Elitist,1945.4963624123338
19,4,10,850,Elitist,975.6727039890188
19,4,11,850,Elitist,2788.826970787425
19,4,12,850,Elitist,1575.2234119350683
19,4,13,850,Elitist,1849.2927096341346
19,4,14,850,Elitist,1635.2823362492115
19,4,15,850,Elitist,2146.8313276231747
19,4,16,850,Elitist,1694.316179650726
19,4,17,850,Elitist,1565.0697655708195
19,4,18,850,Elitist,2811.3235619357033
19,4,19,850,Elitist,2226.533419670709
19,5,0,850,Elitist,2193.0500483777937
19,5,1,850,Elitist,1816.090402344642
19,5,2,850,Elitist,1313.0687195736891
19,5,3,850,Elitist,1747.1087464433201
19,5,4,850,Elitist,2436.578126252746
19,5,5,850,Elitist,1274.0209551995504
19,5,6,850,Elitist,933.4735264434385
19,5,7,850,Elitist,1321.8320323318449
19,5,8,850,Elitist,1880.2042382433667
19,5,9,850,Elitist,1460.0824155469745
19,5,10,850,Elitist,1307.1084156023949
19,5,11,850,Elitist,1529.062515606167
19,5,12,850,Elitist,1868.5676499320427
19,5,13,850,Elitist,1222.8187663877834
19,5,14,850,Elitist,2052.89646985448
19,5,15,850,Elitist,1739.829800429514
19,5,16,850,Elitist,1413.7149189759552
19,5,17,850,Elitist,2023.9760349357393
19,5,18,850,Elitist,1415.312167538977
19,5,19,850,Elitist,2553.466043791004
19,6,0,850,Elitist,1423.983651964385
19,6,1,850,Elitist,1687.4039513496882
19,6,2,850,Elitist,2011.3720132382114
19,6,3,850,Elitist,1602.9797089373976
19,6,4,850,Elitist,2340.783784674083
19,6,5,850,Elitist,1303.5051563308
19,6,6,850,Elitist,3846.628134178487
19,6,7,850,Elitist,1886.612036322501
19,6,8,850,Elitist,1275.4293829611352
19,6,9,850,Elitist,2246.8747074298594
19,6,10,850,Elitist,1332.5022182845305
19,6,11,850,Elitist,865.7722798481327
19,6,12,850,Elitist,1682.4343699086567
19,6,13,850,Elitist,2956.6764418757784
19,6,14,850,Elitist,2595.916230391879
19,6,15,850,Elitist,526.3802145130426
19,6,16,850,Elitist,1419.6007254390152
19,6,17,850,Elitist,1677.6903613224772
19,6,18,850,Elitist,2444.3654608906954
19,6,19,850,Elitist,1544.7463080056905
19,7,0,850,Elitist,1735.8594658764587
19,7,1,850,Elitist,830.8992915376043
19,7,2,850,Elitist,1429.6929444450511
19,7,3,850,Elitist,1256.2597730655389
19,7,4,850,Elitist,1305.0290411186731
19,7,5,850,Elitist,1845.4516156917512
19,7,6,850,Elitist,2836.1237955444194
19,7,7,850,Elitist,1210.6978452582018
19,7,8,850,Elitist,1647.22920844452
19,7,9,850,Elitist,957.316147751869
19,7,10,850,Elitist,1951.3647518490518
19,7,11,850,Elitist,2699.6846513406344
19,7,12,850,Elitist,1755.8007432238383
19,7,13,850,Elitist,1545.4143576869901
19,7,14,850,Elitist,1177.3451558861448
19,7,15,850,Elitist,2270.0578873031463
19,7,16,850,Elitist,1970.0585988010635
19,7,17,850,Elitist,2134.7192463520437
19,7,18,850,Elitist,1858.9140418060929
19,7,19,850,Elitist,1715.1866184961902
20,1,0,850,Elitist,41875.715754164805
20,1,1,850,Elitist,36905.98927319888
20,1,2,850,Elitist,145454.8388689103
20,1,3,850,Elitist,67504.1892498873
20,1,4,850,Elitist,167850.44547271667
20,1,5,850,Elitist,64991.989965762674
20,1,6,850,Elitist,232043.67647214237
20,1,7,850,Elitist,125002.29816370535
20,1,8,850,Elitist,148561.34255333195
20,1,9,850,Elitist,117733.2323364711
20,1,10,850,Elitist,50890.86754737176
20,1,11,850,Elitist,88307.62103537352
20,1,12,850,Elitist,24676.900657064754
20,1,13,850,Elitist,19764.130024068883
20,1,14,850,Elitist,109577.88853771555
20,1,15,850,Elitist,10718.896441135823
20,1,16,850,Elitist,64681.488543185566
20,1,17,850,Elitist,78893.31736674676
20,1,18,850,Elitist,66534.29823451699
20,1,19,850,Elitist,39319.57980386878
20,2,0,850,Elitist,171798.76313260314
20,2,1,850,Elitist,57136.712973910966
20,2,2,850,Elitist,11676.320588937839
20,2,3,850,Elitist,10583.420862444736
20,2,4,850,Elitist,52897.727085488026
20,2,5,850,Elitist,66069.00216151967
20,2,6,850,Elitist,274696.83536144753
20,2,7,850,Elitist,37450.12614134139
20,2,8,850,Elitist,57647.07555095682
20,2,9,850,Elitist,13614.640496033402
20,2,10,850,Elitist,81093.41062160223
20,2,11,850,Elitist,39441.206933646456
20,2,12,850,Elitist,86127.26216368099
20,2,13,850,Elitist,168773.48705013632
20,2,14,850,Elitist,58168.411745271536
20,2,15,850,Elitist,18819.97541711228
20,2,16,850,Elitist,8577.678348025867
20,2,17,850,Elitist,62481.12200672395
20,2,18,850,Elitist,25333.461981115386
20,2,19,850,Elitist,2717.5883456005577
20,3,0,850,Elitist,20652.63932854429
20,3,1,850,Elitist,49452.102197525215
20,3,2,850,Elitist,239509.1954637378
20,3,3,850,Elitist,98857.63240621022
20,3,4,850,Elitist,68316.24359221342
20,3,5,850,Elitist,61217.22974991731
20,3,6,850,Elitist,115330.29324717271
20,3,7,850,Elitist,107869.52926262363
20,3,8,850,Elitist,175065.81341323815
20,3,9,850,Elitist,53507.0006009852
20,3,10,850,Elitist,34518.40374644037
20,3,11,850,Elitist,166659.7665500048
20,3,12,850,Elitist,225280.21113011971
20,3,13,850,Elitist,2531.5531603919126
20,3,14,850,Elitist,152994.48771695563
20,3,15,850,Elitist,61980.8113075644
20,3,16,850,Elitist,93424.57441179843
20,3,17,850,Elitist,37956.121497142594
20,3,18,850,Elitist,34092.0898616713
20,3,19,850,Elitist,99748.74102490568
20,4,0,850,Elitist,222315.21571902934
20,4,1,850,Elitist,54912.961830204724
20,4,2,850,Elitist,12568.551547418394
20,4,3,850,Elitist,12831.464036934478
20,4,4,850,Elitist,69579.14362653806
20,4,5,850,Elitist,53049.193475902626
20,4,6,850,Elitist,217986.71363154697
20,4,7,850,Elitist,34349.48930271479
20,4,8,850,Elitist,61709.845718497214
20,4,9,850,Elitist,4132.2542216264355
20,4,10,850,Elitist,85444.042399431
20,4,11,850,Elitist,37148.34817551779
20,4,12,850,Elitist,88379.6585619084
20,4,13,850,Elitist,206463.81006585152
20,4,14,850,Elitist,79211.24172455397
20,4,15,850,Elitist,14866.358378552846
20,4,16,850,Elitist,3008.9497607963854
20,4,17,850,Elitist,63648.70849197471
20,4,18,850,Elitist,77409.78437828289
20,4,19,850,Elitist,1830.4221910958518
20,5,0,850,Elitist,123315.19900337183
20,5,1,850,Elitist,125169.21792942188
20,5,2,850,Elitist,99888.38456112005
20,5,3,850,Elitist,35841.12062780724
20,5,4,850,Elitist,1882.77953221487
20,5,5,850,Elitist,35654.139554575464
20,5,6,850,Elitist,68622.46279953963
20,5,7,850,Elitist,5896.030327069082
20,5,8,850,Elitist,78356.83334925104
20,5,9,850,Elitist,13956.21273091815
20,5,10,850,Elitist,22744.05988258738
20,5,11,850,Elitist,49218.23613147511
20,5,12,850,Elitist,314849.3979001761
20,5,13,850,Elitist,90436.70275176628
20,5,14,850,Elitist,36327.44710439048
20,5,15,850,Elitist,52342.34474188859
20,5,16,850,Elitist,3686.030967541317
20,5,17,850,Elitist,45499.86354773187
20,5,18,850,Elitist,76871.21644559289
20,5,19,850,Elitist,56520.76210077045
20,6,0,850,Elitist,58085.77876571381
20,6,1,850,Elitist,3011.201561492987
20,6,2,850,Elitist,112868.98002523616
20,6,3,850,Elitist,57712.73499326806
20,6,4,850,Elitist,167520.4100989076
20,6,5,850,Elitist,89267.31481472963
20,6,6,850,Elitist,171544.77890665404
20,6,7,850,Elitist,189038.70763072043
20,6,8,850,Elitist,190772.19280061804
20,6,9,850,Elitist,40244.2087449415
20,6,10,850,Elitist,7417.999155387682
20,6,11,850,Elitist,100360.33198027789
20,6,12,850,Elitist,7489.112337011858
20,6,13,850,Elitist,46031.624109966855
20,6,14,850,Elitist,114148.28971406807
20,6,15,850,Elitist,14246.39945388304
20,6,16,850,Elitist,135608.12657497407
20,6,17,850,Elitist,73779.65339320272
20,6,18,850,Elitist,16240.681270534547
20,6,19,850,Elitist,35629.74875672779
20,7,0,850,Elitist,72701.71895380128
20,7,1,850,Elitist,91612.88414015814
20,7,2,850,Elitist,245919.01422783508
20,7,3,850,Elitist,39673.142349279464
20,7,4,850,Elitist,4960.467408883827
20,7,5,850,Elitist,54291.152828027756
20,7,6,850,Elitist,68517.46431279929
20,7,7,850,Elitist,21924.31914056377
20,7,8,850,Elitist,102600.37915904856
20,7,9,850,Elitist,120227.47567469369
20,7,10,850,Elitist,43202.966586173214
20,7,11,850,Elitist,54046.28727058296
20,7,12,850,Elitist,302039.4046620441
20,7,13,850,Elitist,34628.78425906099
20,7,14,850,Elitist,29224.372800503927
20,7,15,850,Elitist,31026.73020026689
20,7,16,850,Elitist,84607.1673893308
20,7,17,850,Elitist,65448.25858068954
20,7,18,850,Elitist,37906.56860273586
20,7,19,850,Elitist,11941.216480684587
21,1,0,850,Elitist,1832.9030063167875
21,1,1,850,Elitist,1683.3278262802705
21,1,2,850,Elitist,1837.232648795121
21,1,3,850,Elitist,1719.4160228193164
21,1,4,850,Elitist,2461.254780778597
21,1,5,850,Elitist,2244.882259848842
21,1,6,850,Elitist,2377.1780928999033
21,1,7,850,Elitist,2150.7145225788645
21,1,8,850,Elitist,2060.4311713572138
21,1,9,850,Elitist,2897.297529691631
21,1,10,850,Elitist,1858.5071958964104
21,1,11,850,Elitist,2200.8572276397017
21,1,12,850,Elitist,5162.582025821338
21,1,13,850,Elitist,1851.4977543912748
21,1,14,850,Elitist,7081.084055163521
21,1,15,850,Elitist,1583.4206144605637
21,1,16,850,Elitist,1955.4577742337096
21,1,17,850,Elitist,1057.718597538083
21,1,18,850,Elitist,6557.469083736003
21,1,19,850,Elitist,1691.1366762631178
21,2,0,850,Elitist,1772.428568439386
21,2,1,850,Elitist,3641.7736625431935
21,2,2,850,Elitist,3476.768355332919
21,2,3,850,Elitist,1295.6885587785375
21,2,4,850,Elitist,3044.462500406447
21,2,5,850,Elitist,1207.3502887831453
21,2,6,850,Elitist,4265.757506740552
21,2,7,850,Elitist,13005.639214447398
21,2,8,850,Elitist,7959.716376478317
21,2,9,850,Elitist,638.2603075339534
21,2,10,850,Elitist,146.63747697664394
21,2,11,850,Elitist,2572.3856754651742
21,2,12,850,Elitist,9245.73503817993
21,2,13,850,Elitist,2085.020843543917
21,2,14,850,Elitist,1489.0645643542427
21,2,15,850,Elitist,2994.6505075611003
21,2,16,850,Elitist,2889.0834115042526
21,2,17,850,Elitist,7922.740051403744
21,2,18,850,Elitist,2283.604372759567
21,2,19,850,Elitist,4339.717860886561
21,3,0,850,Elitist,4305.91981110483
21,3,1,850,Elitist,1935.6957535707168
21,3,2,850,Elitist,1360.587674624394
21,3,3,850,Elitist,4281.236278294466
21,3,4,850,Elitist,5836.043247360125
21,3,5,850,Elitist,2761.0793534881254
21,3,6,850,Elitist,768.4113047655018
21,3,7,850,Elitist,866.9787193035111
21,3,8,850,Elitist,1611.6009357443954
21,3,9,850,Elitist,3623.2771835055437
21,3,10,850,Elitist,365.4656237827974
21,3,11,850,Elitist,11493.458535467162
21,3,12,850,Elitist,13395.22710906306
21,3,13,850,Elitist,3278.054627408186
21,3,14,850,Elitist,5520.760549237295
21,3,15,850,Elitist,3430.893432234604
21,3,16,850,Elitist,9686.049770460384
21,3,17,850,Elitist,1274.445871990281
21,3,18,850,Elitist,11791.162800254402
21,3,19,850,Elitist,3364.1603701334843
21,4,0,850,Elitist,2441.008708595386
21,4,1,850,Elitist,4560.183224822522
21,4,2,850,Elitist,7358.274773877351
21,4,3,850,Elitist,6257.110064159346
21,4,4,850,Elitist,2394.4590830625075
21,4,5,850,Elitist,5334.304666698534
21,4,6,850,Elitist,2778.6380707068865
21,4,7,850,Elitist,2432.1924104730297
21,4,8,850,Elitist,2770.7215340570865
21,4,9,850,Elitist,5693.960646306397
21,4,10,850,Elitist,6030.154372488974
21,4,11,850,Elitist,2073.2325370663075
21,4,12,850,Elitist,6406.159475115175
21,4,13,850,Elitist,4554.440141694172
21,4,14,850,Elitist,7732.534101713512
21,4,15,850,Elitist,6714.583924544444
21,4,16,850,Elitist,2574.6423188357758
21,4,17,850,Elitist,6922.087144537658
21,4,18,850,Elitist,2465.311319225708
21,4,19,850,Elitist,6713.423658371992
21,5,0,850,Elitist,3825.1008745302192
21,5,1,850,Elitist,957.5036939063071
21,5,2,850,Elitist,2122.4410562494522
21,5,3,850,Elitist,2375.829203734559
21,5,4,850,Elitist,1666.1434940392214
21,5,5,850,Elitist,2519.3391788203953
21,5,6,850,Elitist,3181.301126902892
21,5,7,850,Elitist,3816.952879565426
21,5,8,850,Elitist,758.2205392675369
21,5,9,850,Elitist,1803.365697631241
21,5,10,850,Elitist,399.2208783047842
21,5,11,850,Elitist,2395.701508013054
21,5,12,850,Elitist,2781.7305104780335
21,5,13,850,Elitist,718.4263348017395
21,5,14,850,Elitist,3105.2599923918824
21,5,15,850,Elitist,3158.7019069229846
21,5,16,850,Elitist,1580.054720897833
21,5,17,850,Elitist,2909.5698508288215
21,5,18,850,Elitist,3163.0348629771697
21,5,19,850,Elitist,3557.0492856145256
21,6,0,850,Elitist,3832.1237796473592
21,6,1,850,Elitist,2186.413153388739
21,6,2,850,Elitist,5131.56124097829
21,6,3,850,Elitist,4769.765938294739
21,6,4,850,Elitist,3846.3772637223065
21,6,5,850,Elitist,3131.650873778878
21,6,6,850,Elitist,4057.4528274850063
21,6,7,850,Elitist,1005.9949928886836
21,6,8,850,Elitist,4233.054903859673
21,6,9,850,Elitist,6001.971921905586
21,6,10,850,Elitist,2390.9369987703394
21,6,11,850,Elitist,4513.523143628774
21,6,12,850,Elitist,3489.948715617347
21,6,13,850,Elitist,4070.0787874668604
21,6,14,850,Elitist,4144.900849046857
21,6,15,850,Elitist,4511.88917386044
21,6,16,850,Elitist,3827.781105064148
21,6,17,850,Elitist,3884.7355178756143
21,6,18,850,Elitist,5515.16401661921
21,6,19,850,Elitist,3807.589251189328
21,7,0,850,Elitist,4352.897118479763
21,7,1,850,Elitist,3943.369356052526
21,7,2,850,Elitist,2846.5058054096176
21,7,3,850,Elitist,1134.4408598384166
21,7,4,850,Elitist,1089.0308941859632
21,7,5,850,Elitist,3960.88387954457
21,7,6,850,Elitist,3148.4108047730388
21,7,7,850,Elitist,1836.4325413443669
21,7,8,850,Elitist,3006.70838469885
21,7,9,850,Elitist,669.0330793089566
21,7,10,850,Elitist,3688.911413502723
21,7,11,850,Elitist,3166.499209833526
21,7,12,850,Elitist,4442.90332682077
21,7,13,850,Elitist,1315.4544734790866
21,7,14,850,Elitist,1259.698078124011
21,7,15,850,Elitist,2274.0375974736903
21,7,16,850,Elitist,894.7087997973183
21,7,17,850,Elitist,4331.038312149096
21,7,18,850,Elitist,2921.1527191090154
21,7,19,850,Elitist,3880.1695135377304
22,1,0,850,Elitist,2571.969096147669
22,1,1,850,Elitist,3870.430573173595
22,1,2,850,Elitist,19558.541750651493
22,1,3,850,Elitist,2391.354758715981
22,1,4,850,Elitist,805.9075279910207
22,1,5,850,Elitist,1288.9548162396095
22,1,6,850,Elitist,20890.5850961612
22,1,7,850,Elitist,5370.894801577117
22,1,8,850,Elitist,15502.879804366305
22,1,9,850,Elitist,31656.93026901994
22,1,10,850,Elitist,1736.1063840364257
22,1,11,850,Elitist,2256.348749310844
22,1,12,850,Elitist,3356.01411627966
22,1,13,850,Elitist,4365.6298993562905
22,1,14,850,Elitist,9207.510471689315
22,1,15,850,Elitist,2352.350495054863
22,1,16,850,Elitist,2860.835555980405
22,1,17,850,Elitist,1726.4793290855491
22,1,18,850,Elitist,3666.15633030371
22,1,19,850,Elitist,2464.2562368056324
22,2,0,850,Elitist,5154.707066255311
22,2,1,850,Elitist,1825.1284182596803
22,2,2,850,Elitist,2682.0025900315327
22,2,3,850,Elitist,1798.9131335520333
22,2,4,850,Elitist,2936.0676465790607
22,2,5,850,Elitist,4720.935177751689
22,2,6,850,Elitist,3792.8168053656627
22,2,7,850,Elitist,4538.223267915961
22,2,8,850,Elitist,2266.325812187252
22,2,9,850,Elitist,3646.0163292759253
22,2,10,850,Elitist,3154.829151137389
22,2,11,850,Elitist,3627.7665131456406
22,2,12,850,Elitist,3385.4630355395816
22,2,13,850,Elitist,4244.5604173079555
22,2,14,850,Elitist,2552.7020930168874
22,2,15,850,Elitist,7649.670284613012
22,2,16,850,Elitist,2668.5927413993163
22,2,17,850,Elitist,23122.441512275378
22,2,18,850,Elitist,3441.2296692680666
22,2,19,850,Elitist,3630.6697343476308
22,3,0,850,Elitist,5643.865947215696
22,3,1,850,Elitist,12165.592861528385
22,3,2,850,Elitist,13437.55744496448
22,3,3,850,Elitist,13126.426621390548
22,3,4,850,Elitist,1704.7801691887519
22,3,5,850,Elitist,14164.038363392483
22,3,6,850,Elitist,1996.3900899126781
22,3,7,850,Elitist,2293.0514573596706
22,3,8,850,Elitist,6509.868731498715
22,3,9,850,Elitist,2249.16784648619
22,3,10,850,Elitist,2763.538752964165
22,3,11,850,Elitist,13435.564770687488
22,3,12,850,Elitist,4242.210979772342
22,3,13,850,Elitist,26687.06500110936
22,3,14,850,Elitist,4217.59145101295
22,3,15,850,Elitist,1113.6916310216448
22,3,16,850,Elitist,3720.607623566802
22,3,17,850,Elitist,1564.8567261380529
22,3,18,850,Elitist,2568.1196557897333
22,3,19,850,Elitist,18639.56816030178
22,4,0,850,Elitist,8837.558389745158
22,4,1,850,Elitist,8405.649147857137
22,4,2,850,Elitist,9603.81742537444
22,4,3,850,Elitist,8380.128679424408
22,4,4,850,Elitist,8769.410018941498
22,4,5,850,Elitist,2231.2508151858683
22,4,6,850,Elitist,8596.11555463492
22,4,7,850,Elitist,4074.1937100633654
22,4,8,850,Elitist,8861.583294528107
22,4,9,850,Elitist,8807.746053162036
22,4,10,850,Elitist,7813.252302402828
22,4,11,850,Elitist,8137.434979604959
22,4,12,850,Elitist,7989.031745904396
22,4,13,850,Elitist,3542.377959941483
22,4,14,850,Elitist,3892.0903879092184
22,4,15,850,Elitist,1448.9026492953944
22,4,16,850,Elitist,7760.472891155195
22,4,17,850,Elitist,7767.6073477353575
22,4,18,850,Elitist,2451.1594186474736
22,4,19,850,Elitist,9636.47269119504
22,5,0,850,Elitist,3667.69720717225
22,5,1,850,Elitist,2555.761786399497
22,5,2,850,Elitist,1926.3511753543046
22,5,3,850,Elitist,3884.518113627467
22,5,4,850,Elitist,2405.1316347446373
22,5,5,850,Elitist,9317.158441468833
22,5,6,850,Elitist,8578.36503120408
22,5,7,850,Elitist,17319.866145542084
22,5,8,850,Elitist,9770.964214381407
22,5,9,850,Elitist,2952.136987635911
22,5,10,850,Elitist,7631.151885458052
22,5,11,850,Elitist,3552.67277619703
22,5,12,850,Elitist,3215.1521370882233
22,5,13,850,Elitist,916.6577825832635
22,5,14,850,Elitist,3617.8770627421095
22,5,15,850,Elitist,1708.2640877193787
22,5,16,850,Elitist,1437.2514588289055
22,5,17,850,Elitist,958.1326152590857
22,5,18,850,Elitist,13783.849132308635
22,5,19,850,Elitist,3976.5413863314825
22,6,0,850,Elitist,5572.1683261007465
22,6,1,850,Elitist,2092.4981117963075
22,6,2,850,Elitist,2186.1206820904413
22,6,3,850,Elitist,819.374157240267
22,6,4,850,Elitist,5700.550108136233
22,6,5,850,Elitist,3084.3159332399146
22,6,6,850,Elitist,1460.0008884241195
22,6,7,850,Elitist,2525.1407447895067
22,6,8,850,Elitist,2786.3827159255547
22,6,9,850,Elitist,1180.5548862342448
22,6,10,850,Elitist,1810.7193937137358
22,6,11,850,Elitist,2138.630318611232
22,6,12,850,Elitist,2108.5468418050377
22,6,13,850,Elitist,2946.8831609317103
22,6,14,850,Elitist,5574.485259298381
22,6,15,850,Elitist,8392.577653838558
22,6,16,850,Elitist,1589.5749492557084
22,6,17,850,Elitist,6535.747403144647
22,6,18,850,Elitist,5208.561286571094
22,6,19,850,Elitist,6014.672636972977
22,7,0,850,Elitist,24522.32032013509
22,7,1,850,Elitist,4115.72157501957
22,7,2,850,Elitist,7299.866894536305
22,7,3,850,Elitist,1870.9728187932524
22,7,4,850,Elitist,10604.065049697898
22,7,5,850,Elitist,5549.462134345364
22,7,6,850,Elitist,10502.022240198181
22,7,7,850,Elitist,935.6085819792046
22,7,8,850,Elitist,8584.433123870956
22,7,9,850,Elitist,872.0258513940084
22,7,10,850,Elitist,5695.5202496091815
22,7,11,850,Elitist,4355.355691343922
22,7,12,850,Elitist,5706.915060796115
22,7,13,850,Elitist,23819.215688184602
22,7,14,850,Elitist,9864.595306455594
22,7,15,850,Elitist,2105.5767890729835
22,7,16,850,Elitist,7303.152972750824
22,7,17,850,Elitist,9548.005363991251
22,7,18,850,Elitist,5053.666916013604
22,7,19,850,Elitist,2928.0098378181387
23,1,0,850,Elitist,1741.0005397426112
23,1,1,850,Elitist,2645.6176573568573
23,1,2,850,Elitist,2750.6011422097304
23,1,3,850,Elitist,2532.9886336297686
23,1,4,850,Elitist,2948.3563099599187
23,1,5,850,Elitist,2574.079048652401
23,1,6,850,Elitist,2314.343692210251
23,1,7,850,Elitist,2859.486036285733
23,1,8,850,Elitist,2552.378490048488
23,1,9,850,Elitist,2378.7040839940555
23,1,10,850,Elitist,3239.1345280780915
23,1,11,850,Elitist,1462.5705116179288
23,1,12,850,Elitist,2772.049133427353
23,1,13,850,Elitist,2845.8165227958393
23,1,14,850,Elitist,3206.7767457837504
23,1,15,850,Elitist,2144.2798745585487
23,1,16,850,Elitist,2759.8749067114227
23,1,17,850,Elitist,2651.742683375841
23,1,18,850,Elitist,3488.0494325023706
23,1,19,850,Elitist,3161.5000822947613
23,2,0,850,Elitist,2939.1359073349695
23,2,1,850,Elitist,2301.9383504171055
23,2,2,850,Elitist,2371.5410657395805
23,2,3,850,Elitist,2880.4370987454454
23,2,4,850,Elitist,2230.0735636792724
23,2,5,850,Elitist,2299.1770682935176
23,2,6,850,Elitist,2459.0871556121056
23,2,7,850,Elitist,3331.7466659119505
23,2,8,850,Elitist,2553.165272349883
23,2,9,850,Elitist,1535.7665819966583
23,2,10,850,Elitist,2683.5071806891533
23,2,11,850,Elitist,2768.7270654481904
23,2,12,850,Elitist,2482.6621124866706
23,2,13,850,Elitist,2729.346300361446
23,2,14,850,Elitist,2194.917142317013
23,2,15,850,Elitist,2968.453887085637
23,2,16,850,Elitist,2247.771343688437
23,2,17,850,Elitist,2485.000722118589
23,2,18,850,Elitist,1956.4372123530707
23,2,19,850,Elitist,2142.015597671754
23,3,0,850,Elitist,1918.3541240969407
23,3,1,850,Elitist,1212.9350554191462
23,3,2,850,Elitist,3256.7407664586076
23,3,3,850,Elitist,3175.027331638254
23,3,4,850,Elitist,1815.194997210265
23,3,5,850,Elitist,2231.0726211187075
23,3,6,850,Elitist,2193.6611950690954
23,3,7,850,Elitist,1764.8885613789635
23,3,8,850,Elitist,2709.00016145626
23,3,9,850,Elitist,1662.5287386672126
23,3,10,850,Elitist,1442.8372243083081
23,3,11,850,Elitist,2174.633219474106
23,3,12,850,Elitist,2389.8177590343516
23,3,13,850,Elitist,4243.5396857624555
23,3,14,850,Elitist,2111.98005648056
23,3,15,850,Elitist,3192.9940293522436
23,3,16,850,Elitist,2577.0636442713026
23,3,17,850,Elitist,2346.6531647506217
23,3,18,850,Elitist,1675.6467868607854
23,3,19,850,Elitist,2785.865308767987
23,4,0,850,Elitist,2318.5746578357694
23,4,1,850,Elitist,3433.8077366075063
23,4,2,850,Elitist,3114.0463360991794
23,4,3,850,Elitist,2598.6101633837957
23,4,4,850,Elitist,2373.603862264814
23,4,5,850,Elitist,2613.706822616622
23,4,6,850,Elitist,3548.8338953412203
23,4,7,850,Elitist,3448.736603482501
23,4,8,850,Elitist,2401.8467937260975
23,4,9,850,Elitist,1928.6420465424674
23,4,10,850,Elitist,2979.5503168266405
23,4,11,850,Elitist,1851.4450997477927
23,4,12,850,Elitist,2061.8876456885628
23,4,13,850,Elitist,2566.217428852849
23,4,14,850,Elitist,2422.8969761389208
23,4,15,850,Elitist,1563.899170690207
23,4,16,850,Elitist,2263.7137129753287
23,4,17,850,Elitist,2510.324859628079
23,4,18,850,Elitist,2771.702123934189
23,4,19,850,Elitist,2854.261479513749
23,5,0,850,Elitist,2517.0147811051647
23,5,1,850,Elitist,3196.369254648279
23,5,2,850,Elitist,2416.208043488019
23,5,3,850,Elitist,1896.0874312198027
23,5,4,850,Elitist,2802.5881577187984
23,5,5,850,Elitist,2509.722733394219
23,5,6,850,Elitist,1991.975558587397
23,5,7,850,Elitist,1971.2622608098586
23,5,8,850,Elitist,2693.9932752113427
23,5,9,850,Elitist,2666.425513370159
23,5,10,850,Elitist,2356.830072293111
23,5,11,850,Elitist,1537.3741357694566
23,5,12,850,Elitist,3522.737428382376
23,5,13,850,Elitist,2479.0015245262844
23,5,14,850,Elitist,1668.2715723796491
23,5,15,850,Elitist,3430.7845072733035
23,5,16,850,Elitist,3495.530889239325
23,5,17,850,Elitist,2560.7230473530904
23,5,18,850,Elitist,1906.659736760358
23,5,19,850,Elitist,2838.139235629744
23,6,0,850,Elitist,2514.4930625836996
23,6,1,850,Elitist,1853.5393603509222
23,6,2,850,Elitist,2456.283175255233
23,6,3,850,Elitist,3846.2700741506214
23,6,4,850,Elitist,2163.430854057248
23,6,5,850,Elitist,2322.1511440061117
23,6,6,850,Elitist,2497.3335896153876
23,6,7,850,Elitist,2746.011017988508
23,6,8,850,Elitist,2731.6705856438125
23,6,9,850,Elitist,2506.160198896506
23,6,10,850,Elitist,1745.2545474802737
23,6,11,850,Elitist,3093.379459765757
23,6,12,850,Elitist,3368.9385561366844
23,6,13,850,Elitist,2113.910351002621
23,6,14,850,Elitist,2853.91266255773
23,6,15,850,Elitist,3519.3217207540506
23,6,16,850,Elitist,2210.040290692222
23,6,17,850,Elitist,2635.75715238005
23,6,18,850,Elitist,2290.4398239173397
23,6,19,850,Elitist,2203.1263643282173
23,7,0,850,Elitist,2676.8065504103674
23,7,1,850,Elitist,3158.536511779817
23,7,2,850,Elitist,2970.8322668965384
23,7,3,850,Elitist,1476.7282747181102
23,7,4,850,Elitist,3121.51531295062
23,7,5,850,Elitist,2976.291376685056
23,7,6,850,Elitist,3752.5053988389695
23,7,7,850,Elitist,2829.7673620915807
23,7,8,850,Elitist,2547.956889106199
23,7,9,850,Elitist,2106.8273503233845
23,7,10,850,Elitist,2246.4967006231645
23,7,11,850,Elitist,2823.7146503624017
23,7,12,850,Elitist,1902.1662843326458
23,7,13,850,Elitist,2360.1451223241856
23,7,14,850,Elitist,2777.458290601617
23,7,15,850,Elitist,1797.2482646430462
23,7,16,850,Elitist,2415.7357819595422
23,7,17,850,Elitist,2848.174036693451
23,7,18,850,Elitist,2086.865129879896
23,7,19,850,Elitist,2752.579862158527
24,1,0,850,Elitist,16865.061892126756
24,1,1,850,Elitist,20261.766636607947
24,1,2,850,Elitist,16798.84272333952
24,1,3,850,Elitist,26104.05085746509
24,1,4,850,Elitist,19828.231585966885
24,1,5,850,Elitist,18023.685705593467
24,1,6,850,Elitist,14977.514825295963
24,1,7,850,Elitist,22725.767658516765
24,1,8,850,Elitist,13124.593293918897
24,1,9,850,Elitist,24698.65402373525
24,1,10,850,Elitist,12753.510689771894
24,1,11,850,Elitist,12875.750325375087
24,1,12,850,Elitist,18155.084795178926
24,1,13,850,Elitist,22516.36137022868
24,1,14,850,Elitist,23287.265140865
24,1,15,850,Elitist,11164.216469982795
24,1,16,850,Elitist,21006.529105426256
24,1,17,850,Elitist,17885.57518064455
24,1,18,850,Elitist,21612.60226303381
24,1,19,850,Elitist,17310.680006109233
24,2,0,850,Elitist,22437.594030186076
24,2,1,850,Elitist,15669.086033229012
24,2,2,850,Elitist,25465.625245608615
24,2,3,850,Elitist,21655.51434956242
24,2,4,850,Elitist,19381.1634295675
24,2,5,850,Elitist,19492.69036869132
24,2,6,850,Elitist,14947.013505175632
24,2,7,850,Elitist,19684.693176169116
24,2,8,850,Elitist,24619.919629889166
24,2,9,850,Elitist,20805.81561619725
24,2,10,850,Elitist,13917.279558611433
24,2,11,850,Elitist,17376.463864387028
24,2,12,850,Elitist,26866.92090008154
24,2,13,850,Elitist,22087.3978302008
24,2,14,850,Elitist,18650.782551205346
24,2,15,850,Elitist,22240.920210097393
24,2,16,850,Elitist,11510.626296678576
24,2,17,850,Elitist,17588.885263688368
24,2,18,850,Elitist,28626.02638094977
24,2,19,850,Elitist,19934.72398758928
24,3,0,850,Elitist,19889.390843477482
24,3,1,850,Elitist,19924.048883664946
24,3,2,850,Elitist,21627.98585956854
24,3,3,850,Elitist,24346.15076765002
24,3,4,850,Elitist,24962.085407124214
24,3,5,850,Elitist,11803.339089374696
24,3,6,850,Elitist,21676.53005007448
24,3,7,850,Elitist,22371.490005669722
24,3,8,850,Elitist,15928.106271852987
24,3,9,850,Elitist,26175.914447996194
24,3,10,850,Elitist,18366.682492872227
24,3,11,850,Elitist,19900.544170446297
24,3,12,850,Elitist,30333.730420943873
24,3,13,850,Elitist,17314.193719174564
24,3,14,850,Elitist,21989.196652176535
24,3,15,850,Elitist,16219.278594600131
24,3,16,850,Elitist,21061.751375373424
24,3,17,850,Elitist,25499.982789856193
24,3,18,850,Elitist,19559.358605998106
24,3,19,850,Elitist,10554.964994243874
24,4,0,850,Elitist,25498.589175780857
24,4,1,850,Elitist,18818.668091134754
24,4,2,850,Elitist,18149.768161276344
24,4,3,850,Elitist,24996.654430622766
24,4,4,850,Elitist,18043.000429819025
24,4,5,850,Elitist,21228.246111964112
24,4,6,850,Elitist,20504.93435150615
24,4,7,850,Elitist,13972.75641320929
24,4,8,850,Elitist,16689.34314303098
24,4,9,850,Elitist,20389.362625307982
24,4,10,850,Elitist,16086.568625775579
24,4,11,850,Elitist,16396.803371301878
24,4,12,850,Elitist,19039.93303417285
24,4,13,850,Elitist,20648.017079879308
24,4,14,850,Elitist,29292.522288988755
24,4,15,850,Elitist,20869.37323163925
24,4,16,850,Elitist,20134.12598985766
24,4,17,850,Elitist,18582.45799206702
24,4,18,850,Elitist,23153.068017799815
24,4,19,850,Elitist,16907.51477147617
24,5,0,850,Elitist,17608.01733580368
24,5,1,850,Elitist,17912.56970187417
24,5,2,850,Elitist,15455.428710543829
24,5,3,850,Elitist,23813.797934954797
24,5,4,850,Elitist,19699.91156182494
24,5,5,850,Elitist,10085.647964807165
24,5,6,850,Elitist,18556.550617927685
24,5,7,850,Elitist,16533.756558484463
24,5,8,850,Elitist,19907.227998523013
24,5,9,850,Elitist,15628.378601691827
24,5,10,850,Elitist,17404.60453429896
24,5,11,850,Elitist,24361.038003924896
24,5,12,850,Elitist,16631.31545019146
24,5,13,850,Elitist,22990.00351039246
24,5,14,850,Elitist,31943.667512745233
24,5,15,850,Elitist,20988.585876173976
24,5,16,850,Elitist,23418.705565587083
24,5,17,850,Elitist,19564.275449375415
24,5,18,850,Elitist,23063.74808462667
24,5,19,850,Elitist,14618.448419969323
24,6,0,850,Elitist,12450.965372548248
24,6,1,850,Elitist,11604.841909415152
24,6,2,850,Elitist,18283.3831078738
24,6,3,850,Elitist,10592.142950552301
24,6,4,850,Elitist,28889.00680580866
24,6,5,850,Elitist,19651.376324034514
24,6,6,850,Elitist,14374.801223018121
24,6,7,850,Elitist,16995.34468923809
24,6,8,850,Elitist,22066.490232276217
24,6,9,850,Elitist,19787.37577355793
24,6,10,850,Elitist,26365.355914211428
24,6,11,850,Elitist,14464.64223258063
24,6,12,850,Elitist,17425.36460905045
24,6,13,850,Elitist,19222.717670854
24,6,14,850,Elitist,11823.467057507596
24,6,15,850,Elitist,25632.918167114483
24,6,16,850,Elitist,17674.596632550383
24,6,17,850,Elitist,20156.476609751
24,6,18,850,Elitist,22049.66508179452
24,6,19,850,Elitist,17029.29399929775
24,7,0,850,Elitist,21265.932884512942
24,7,1,850,Elitist,20929.521033046665
24,7,2,850,Elitist,16936.70718272587
24,7,3,850,Elitist,18927.06128156729
24,7,4,850,Elitist,12760.964053455846
24,7,5,850,Elitist,17146.22544975886
24,7,6,850,Elitist,20896.502150972752
24,7,7,850,Elitist,15020.450969486432
24,7,8,850,Elitist,27371.800054168365
24,7,9,850,Elitist,20003.25484545507
24,7,10,850,Elitist,18979.222242666234
24,7,11,850,Elitist,23297.34182513522
24,7,12,850,Elitist,16160.096268805535
24,7,13,850,Elitist,25507.382491891247
24,7,14,850,Elitist,20655.32902717288
24,7,15,850,Elitist,16075.01716709818
24,7,16,850,Elitist,19718.812319775825
24,7,17,850,Elitist,19736.514856257163
24,7,18,850,Elitist,18969.653022877625
24,7,19,850,Elitist,17062.42614515098
