fid,iid,rep,a1_budget,algname,achieved_auc
1,1,0,200,PSO,551.5370100895409
1,1,1,200,PSO,532.7844191605135
1,1,2,200,PSO,385.92193584655905
1,1,3,200,PSO,270.6618436063005
1,1,4,200,PSO,259.3097569935513
1,1,5,200,PSO,143.76438698715447
1,1,6,200,PSO,467.3524551964487
1,1,7,200,PSO,311.61113359393187
1,1,8,200,PSO,405.09487628195586
1,1,9,200,PSO,222.8472875502155
1,1,10,200,PSO,268.9277266709491
1,1,11,200,PSO,199.51102235414825
1,1,12,200,PSO,352.337061840769
1,1,13,200,PSO,388.3060159856065
1,1,14,200,PSO,382.9516442372469
1,1,15,200,PSO,506.17577728740247
1,1,16,200,PSO,190.2978813231076
1,1,17,200,PSO,559.2376796069918
1,1,18,200,PSO,485.808526352782
1,1,19,200,PSO,248.43156909727045
1,2,0,200,PSO,945.5106435904838
1,2,1,200,PSO,854.4843979637905
1,2,2,200,PSO,1144.0723773538984
1,2,3,200,PSO,558.5886031763644
1,2,4,200,PSO,738.7131416923694
1,2,5,200,PSO,832.4898245699019
1,2,6,200,PSO,1030.8116050259882
1,2,7,200,PSO,630.8746748995853
1,2,8,200,PSO,1320.9567107848643
1,2,9,200,PSO,928.2155057749329
1,2,10,200,PSO,1130.9068581052452
1,2,11,200,PSO,1015.121147584017
1,2,12,200,PSO,1103.5585733666542
1,2,13,200,PSO,977.2901998518005
1,2,14,200,PSO,831.9440083895656
1,2,15,200,PSO,632.6658531679085
1,2,16,200,PSO,592.4574697168027
1,2,17,200,PSO,1176.8336090932808
1,2,18,200,PSO,1066.3100055908085
1,2,19,200,PSO,1334.8578110734793
1,3,0,200,PSO,764.7174350478232
1,3,1,200,PSO,616.0029493889851
1,3,2,200,PSO,554.6532727580361
1,3,3,200,PSO,603.7928987011577
1,3,4,200,PSO,545.5216579476674
1,3,5,200,PSO,766.7030527503365
1,3,6,200,PSO,406.8590872053639
1,3,7,200,PSO,874.2489047240767
1,3,8,200,PSO,805.356741094193
1,3,9,200,PSO,595.9307809869305
1,3,10,200,PSO,512.6621129552833
1,3,11,200,PSO,936.8626197151818
1,3,12,200,PSO,625.5149056168973
1,3,13,200,PSO,871.9782894032572
1,3,14,200,PSO,845.5273552709698
1,3,15,200,PSO,492.76716973803656
1,3,16,200,PSO,644.015757168627
1,3,17,200,PSO,761.7325989518016
1,3,18,200,PSO,1339.0531916120526
1,3,19,200,PSO,490.793762534984
1,4,0,200,PSO,744.0748429679979
1,4,1,200,PSO,845.7014065699807
1,4,2,200,PSO,670.7941719668675
1,4,3,200,PSO,1121.6680553809445
1,4,4,200,PSO,589.7847226838829
1,4,5,200,PSO,725.6473007477665
1,4,6,200,PSO,648.7268257168026
1,4,7,200,PSO,283.0807285369348
1,4,8,200,PSO,985.8593000591027
1,4,9,200,PSO,362.95812665835865
1,4,10,200,PSO,534.8860746754054
1,4,11,200,PSO,1145.0691322709126
1,4,12,200,PSO,869.811481065391
1,4,13,200,PSO,743.1880129711467
1,4,14,200,PSO,835.9575220489315
1,4,15,200,PSO,1185.630933362008
1,4,16,200,PSO,802.8104387172292
1,4,17,200,PSO,830.0101573851823
1,4,18,200,PSO,821.8604020571255
1,4,19,200,PSO,766.1746433759059
1,5,0,200,PSO,1355.760211247038
1,5,1,200,PSO,342.9610327112565
1,5,2,200,PSO,589.0830140927253
1,5,3,200,PSO,775.094188333776
1,5,4,200,PSO,993.601261542478
1,5,5,200,PSO,607.9789609439578
1,5,6,200,PSO,629.3766658112404
1,5,7,200,PSO,695.1965451135311
1,5,8,200,PSO,978.7407861451225
1,5,9,200,PSO,611.5444582191708
1,5,10,200,PSO,391.2120620870733
1,5,11,200,PSO,580.9394061276255
1,5,12,200,PSO,462.755290695501
1,5,13,200,PSO,976.3673296753751
1,5,14,200,PSO,1023.0474016784439
1,5,15,200,PSO,480.7401169213064
1,5,16,200,PSO,296.30467818195655
1,5,17,200,PSO,484.16251894908095
1,5,18,200,PSO,488.71675533776784
1,5,19,200,PSO,597.4330198028603
1,6,0,200,PSO,584.3354373532449
1,6,1,200,PSO,312.64031708524635
1,6,2,200,PSO,910.1579561300376
1,6,3,200,PSO,565.4336276209455
1,6,4,200,PSO,683.096127106551
1,6,5,200,PSO,641.7197383286855
1,6,6,200,PSO,441.29208705919604
1,6,7,200,PSO,494.84552714986853
1,6,8,200,PSO,873.3949045252785
1,6,9,200,PSO,486.05314571895747
1,6,10,200,PSO,356.3785077904809
1,6,11,200,PSO,539.9036176027863
1,6,12,200,PSO,707.59499169118
1,6,13,200,PSO,322.2909536891685
1,6,14,200,PSO,602.9094085414025
1,6,15,200,PSO,517.2751394183382
1,6,16,200,PSO,420.72573174458876
1,6,17,200,PSO,346.2567465889545
1,6,18,200,PSO,375.5808141129089
1,6,19,200,PSO,626.453609950633
1,7,0,200,PSO,336.18644239566424
1,7,1,200,PSO,415.89149589537476
1,7,2,200,PSO,739.4197676604517
1,7,3,200,PSO,676.0049301513525
1,7,4,200,PSO,428.57143141920096
1,7,5,200,PSO,445.8981793199686
1,7,6,200,PSO,263.64064098580536
1,7,7,200,PSO,403.4151536565167
1,7,8,200,PSO,547.9692292448049
1,7,9,200,PSO,216.47673507042248
1,7,10,200,PSO,265.1428724368923
1,7,11,200,PSO,455.4721577539952
1,7,12,200,PSO,344.8667167064746
1,7,13,200,PSO,242.45758277936022
1,7,14,200,PSO,606.3577509933723
1,7,15,200,PSO,323.8134972745907
1,7,16,200,PSO,383.08627245055146
1,7,17,200,PSO,377.93364703166765
1,7,18,200,PSO,300.9205104819632
1,7,19,200,PSO,495.47426713370743
2,1,0,200,PSO,17216185.583350606
2,1,1,200,PSO,6667981.754125164
2,1,2,200,PSO,43836999.82075684
2,1,3,200,PSO,33523432.88472952
2,1,4,200,PSO,48889706.54022286
2,1,5,200,PSO,21007913.571829483
2,1,6,200,PSO,39433197.72779391
2,1,7,200,PSO,24080005.520430118
2,1,8,200,PSO,25700874.89351794
2,1,9,200,PSO,22764590.419034075
2,1,10,200,PSO,10514549.413908437
2,1,11,200,PSO,25198144.506215367
2,1,12,200,PSO,35729380.884938404
2,1,13,200,PSO,8700944.124330934
2,1,14,200,PSO,26541024.795662154
2,1,15,200,PSO,17393002.407103673
2,1,16,200,PSO,25099903.48087142
2,1,17,200,PSO,7990429.362901396
2,1,18,200,PSO,13832712.121305428
2,1,19,200,PSO,20518926.702395346
2,2,0,200,PSO,21404988.70341967
2,2,1,200,PSO,6486477.124030506
2,2,2,200,PSO,13222243.456370944
2,2,3,200,PSO,9671982.270472554
2,2,4,200,PSO,15661157.39590217
2,2,5,200,PSO,4166031.521980442
2,2,6,200,PSO,31020089.408667054
2,2,7,200,PSO,7912272.03094262
2,2,8,200,PSO,20650831.69106685
2,2,9,200,PSO,4818570.247915179
2,2,10,200,PSO,7407432.538655216
2,2,11,200,PSO,6705604.52843956
2,2,12,200,PSO,15881647.569467545
2,2,13,200,PSO,16317555.024731042
2,2,14,200,PSO,19352551.25075382
2,2,15,200,PSO,15858076.73136436
2,2,16,200,PSO,8619347.887789465
2,2,17,200,PSO,8940770.924252762
2,2,18,200,PSO,13151676.667150736
2,2,19,200,PSO,8907297.553426318
2,3,0,200,PSO,90664071.58365741
2,3,1,200,PSO,79272968.79034953
2,3,2,200,PSO,30183861.910805605
2,3,3,200,PSO,32152913.182407983
2,3,4,200,PSO,17673271.953834593
2,3,5,200,PSO,19341788.892484985
2,3,6,200,PSO,36659457.078157045
2,3,7,200,PSO,15021224.924419096
2,3,8,200,PSO,16241622.410830013
2,3,9,200,PSO,24272200.927112825
2,3,10,200,PSO,63466075.79794857
2,3,11,200,PSO,14647119.410420435
2,3,12,200,PSO,93370025.75573531
2,3,13,200,PSO,47666829.53063034
2,3,14,200,PSO,13463190.71834462
2,3,15,200,PSO,41991676.47145237
2,3,16,200,PSO,12286632.772955414
2,3,17,200,PSO,47640540.74549158
2,3,18,200,PSO,25346616.96187905
2,3,19,200,PSO,7619118.284655023
2,4,0,200,PSO,109092448.51970503
2,4,1,200,PSO,107347421.58662792
2,4,2,200,PSO,22494676.528238975
2,4,3,200,PSO,43923293.95746843
2,4,4,200,PSO,29130650.2584043
2,4,5,200,PSO,21921075.104967557
2,4,6,200,PSO,27400361.598597456
2,4,7,200,PSO,14019676.431614116
2,4,8,200,PSO,10360381.927439885
2,4,9,200,PSO,28728375.440103207
2,4,10,200,PSO,62594528.99889912
2,4,11,200,PSO,18278681.549868815
2,4,12,200,PSO,102979032.23697434
2,4,13,200,PSO,46174602.07717719
2,4,14,200,PSO,4268283.765035113
2,4,15,200,PSO,70802415.925605
2,4,16,200,PSO,23064358.99173205
2,4,17,200,PSO,56209168.73151028
2,4,18,200,PSO,39033365.49487236
2,4,19,200,PSO,13116247.350919183
2,5,0,200,PSO,15765394.873128995
2,5,1,200,PSO,13562821.701098649
2,5,2,200,PSO,14305871.777277293
2,5,3,200,PSO,9465517.352699308
2,5,4,200,PSO,8508426.599613467
2,5,5,200,PSO,2861410.0731628896
2,5,6,200,PSO,17242148.777665026
2,5,7,200,PSO,12313784.80339785
2,5,8,200,PSO,16783213.138785157
2,5,9,200,PSO,5777292.786824663
2,5,10,200,PSO,6458487.632177968
2,5,11,200,PSO,6836374.868618945
2,5,12,200,PSO,18549601.738282274
2,5,13,200,PSO,16107567.591946123
2,5,14,200,PSO,15333504.224574523
2,5,15,200,PSO,4286918.082133364
2,5,16,200,PSO,10032296.577230655
2,5,17,200,PSO,10313396.827594852
2,5,18,200,PSO,11748479.565296806
2,5,19,200,PSO,11440563.539086213
2,6,0,200,PSO,113840766.45813781
2,6,1,200,PSO,169107174.17544648
2,6,2,200,PSO,12579170.533504099
2,6,3,200,PSO,52401657.154463835
2,6,4,200,PSO,42269571.251739904
2,6,5,200,PSO,37503321.950064614
2,6,6,200,PSO,39865640.70805276
2,6,7,200,PSO,40740951.58584779
2,6,8,200,PSO,23025924.674988836
2,6,9,200,PSO,73672383.51533876
2,6,10,200,PSO,72394658.55839956
2,6,11,200,PSO,29575444.767602637
2,6,12,200,PSO,126312488.10337618
2,6,13,200,PSO,48627998.06166852
2,6,14,200,PSO,17212877.908000518
2,6,15,200,PSO,89780020.03493707
2,6,16,200,PSO,56276121.475215085
2,6,17,200,PSO,92993359.94308582
2,6,18,200,PSO,84177421.26695742
2,6,19,200,PSO,25278997.140732583
2,7,0,200,PSO,11082599.433852999
2,7,1,200,PSO,17388127.741601672
2,7,2,200,PSO,94203524.16636993
2,7,3,200,PSO,81674523.7965534
2,7,4,200,PSO,57607445.24479611
2,7,5,200,PSO,30313524.57413509
2,7,6,200,PSO,66640128.90714452
2,7,7,200,PSO,35213209.809049524
2,7,8,200,PSO,46580799.84947249
2,7,9,200,PSO,25274013.99998317
2,7,10,200,PSO,17988211.707669064
2,7,11,200,PSO,54574110.26703486
2,7,12,200,PSO,27887197.15209591
2,7,13,200,PSO,3286091.6192425974
2,7,14,200,PSO,35178299.188902736
2,7,15,200,PSO,32297949.20992761
2,7,16,200,PSO,58138289.59951046
2,7,17,200,PSO,17958898.290445443
2,7,18,200,PSO,20114474.31871261
2,7,19,200,PSO,57753791.35395794
3,1,0,200,PSO,15451.0739329441
3,1,1,200,PSO,8848.018496462073
3,1,2,200,PSO,17566.40879205015
3,1,3,200,PSO,19264.721965342425
3,1,4,200,PSO,17367.556816003518
3,1,5,200,PSO,11952.336173754906
3,1,6,200,PSO,8487.881337460396
3,1,7,200,PSO,17007.022952885858
3,1,8,200,PSO,12648.304038941054
3,1,9,200,PSO,18750.181887703755
3,1,10,200,PSO,12181.382854448175
3,1,11,200,PSO,21008.673277578797
3,1,12,200,PSO,19227.67063231182
3,1,13,200,PSO,10322.901921991664
3,1,14,200,PSO,18303.695309747884
3,1,15,200,PSO,12710.7573242687
3,1,16,200,PSO,22911.783973682293
3,1,17,200,PSO,15932.073779466718
3,1,18,200,PSO,11688.53648147297
3,1,19,200,PSO,14493.049366378278
3,2,0,200,PSO,18954.053609655894
3,2,1,200,PSO,16786.95113793936
3,2,2,200,PSO,16381.083817775725
3,2,3,200,PSO,15463.524404016443
3,2,4,200,PSO,20006.81823892264
3,2,5,200,PSO,14387.114632951316
3,2,6,200,PSO,12962.612590697874
3,2,7,200,PSO,12646.777294158748
3,2,8,200,PSO,12183.636535566107
3,2,9,200,PSO,16747.324114132603
3,2,10,200,PSO,14870.831901094589
3,2,11,200,PSO,18866.49905482973
3,2,12,200,PSO,13203.373892866071
3,2,13,200,PSO,12923.113467807505
3,2,14,200,PSO,24115.78168334322
3,2,15,200,PSO,11105.377586824936
3,2,16,200,PSO,17845.54005851422
3,2,17,200,PSO,16567.124867751663
3,2,18,200,PSO,16988.045033667226
3,2,19,200,PSO,18482.144391024114
3,3,0,200,PSO,18757.803865017988
3,3,1,200,PSO,20681.762092846966
3,3,2,200,PSO,16253.107208972995
3,3,3,200,PSO,17085.889839326144
3,3,4,200,PSO,11068.122946923566
3,3,5,200,PSO,23371.3579743316
3,3,6,200,PSO,18151.36178161227
3,3,7,200,PSO,15576.176647477321
3,3,8,200,PSO,14697.38207234596
3,3,9,200,PSO,13561.072305283662
3,3,10,200,PSO,14118.276989078975
3,3,11,200,PSO,12749.22267565961
3,3,12,200,PSO,22188.418365312566
3,3,13,200,PSO,15009.674932957614
3,3,14,200,PSO,20813.389678908876
3,3,15,200,PSO,16739.11944108895
3,3,16,200,PSO,16983.36209093986
3,3,17,200,PSO,19678.6460609462
3,3,18,200,PSO,32824.3063764591
3,3,19,200,PSO,17458.859038015384
3,4,0,200,PSO,10110.995798805998
3,4,1,200,PSO,14200.790671719386
3,4,2,200,PSO,23574.564528170034
3,4,3,200,PSO,21125.1624302622
3,4,4,200,PSO,20965.3340580434
3,4,5,200,PSO,17149.766379100725
3,4,6,200,PSO,16114.134424520134
3,4,7,200,PSO,16408.293426828113
3,4,8,200,PSO,15731.77983336526
3,4,9,200,PSO,14837.455038339935
3,4,10,200,PSO,13665.781015516277
3,4,11,200,PSO,17610.431067783262
3,4,12,200,PSO,23258.892519471046
3,4,13,200,PSO,23892.41952723639
3,4,14,200,PSO,17397.23473654958
3,4,15,200,PSO,20783.290278129385
3,4,16,200,PSO,21298.366633518002
3,4,17,200,PSO,20511.351074509752
3,4,18,200,PSO,19608.22990263049
3,4,19,200,PSO,23419.80762572142
3,5,0,200,PSO,20426.16488376898
3,5,1,200,PSO,19035.809332890065
3,5,2,200,PSO,11320.365268239757
3,5,3,200,PSO,12340.374307114405
3,5,4,200,PSO,25926.91016031187
3,5,5,200,PSO,26683.572397614393
3,5,6,200,PSO,14927.837395421317
3,5,7,200,PSO,10944.949786075918
3,5,8,200,PSO,11944.335590762572
3,5,9,200,PSO,19845.304973122922
3,5,10,200,PSO,13548.040075095709
3,5,11,200,PSO,17303.70310865412
3,5,12,200,PSO,12706.11320276143
3,5,13,200,PSO,18344.47928437228
3,5,14,200,PSO,11965.167387772275
3,5,15,200,PSO,35138.313237960945
3,5,16,200,PSO,24614.18925245576
3,5,17,200,PSO,14062.226706810492
3,5,18,200,PSO,31039.739550542814
3,5,19,200,PSO,16858.52757182159
3,6,0,200,PSO,15541.621436322843
3,6,1,200,PSO,13592.666079346078
3,6,2,200,PSO,12326.762484505503
3,6,3,200,PSO,18271.98167845339
3,6,4,200,PSO,17465.857887613358
3,6,5,200,PSO,14883.41833508249
3,6,6,200,PSO,22670.985364899403
3,6,7,200,PSO,12314.680856612951
3,6,8,200,PSO,17161.70921443465
3,6,9,200,PSO,14010.067258362884
3,6,10,200,PSO,20098.39071084889
3,6,11,200,PSO,25336.22985326225
3,6,12,200,PSO,16029.866902287518
3,6,13,200,PSO,21888.89285934164
3,6,14,200,PSO,15996.38100075684
3,6,15,200,PSO,9092.875148252537
3,6,16,200,PSO,14343.471472586034
3,6,17,200,PSO,20605.224088382558
3,6,18,200,PSO,15538.731217092098
3,6,19,200,PSO,12162.630365940457
3,7,0,200,PSO,15328.465311349008
3,7,1,200,PSO,12647.965325956931
3,7,2,200,PSO,15935.681045462094
3,7,3,200,PSO,10812.509622006737
3,7,4,200,PSO,13598.728852411567
3,7,5,200,PSO,9794.357704488604
3,7,6,200,PSO,14731.968907298806
3,7,7,200,PSO,9490.438327150103
3,7,8,200,PSO,10912.588624074335
3,7,9,200,PSO,12732.041970973838
3,7,10,200,PSO,11653.945462572821
3,7,11,200,PSO,9199.647584359465
3,7,12,200,PSO,13775.397518075848
3,7,13,200,PSO,17156.92042842599
3,7,14,200,PSO,20986.15938351779
3,7,15,200,PSO,11040.888866815058
3,7,16,200,PSO,13560.43910936498
3,7,17,200,PSO,14094.14399220264
3,7,18,200,PSO,15484.036808829218
3,7,19,200,PSO,9325.852909310006
4,1,0,200,PSO,20326.030656380197
4,1,1,200,PSO,17952.017010305008
4,1,2,200,PSO,20174.196982049853
4,1,3,200,PSO,17578.91905319978
4,1,4,200,PSO,32809.44641317354
4,1,5,200,PSO,36353.62107748755
4,1,6,200,PSO,17572.581055606362
4,1,7,200,PSO,16214.396155340015
4,1,8,200,PSO,14334.55774566796
4,1,9,200,PSO,13174.730479053957
4,1,10,200,PSO,21608.120446763904
4,1,11,200,PSO,23084.603570708896
4,1,12,200,PSO,45812.367082524346
4,1,13,200,PSO,23028.071437084283
4,1,14,200,PSO,15721.923411553114
4,1,15,200,PSO,18859.48096529732
4,1,16,200,PSO,45026.07411077386
4,1,17,200,PSO,27185.99972796006
4,1,18,200,PSO,14620.261206623425
4,1,19,200,PSO,19514.184101370596
4,2,0,200,PSO,24294.05541411742
4,2,1,200,PSO,17181.97273777029
4,2,2,200,PSO,29355.192723093678
4,2,3,200,PSO,22919.0035362012
4,2,4,200,PSO,27467.121775222222
4,2,5,200,PSO,24806.08360730138
4,2,6,200,PSO,18681.78692436266
4,2,7,200,PSO,23953.70982739799
4,2,8,200,PSO,22741.959235590475
4,2,9,200,PSO,29871.512661410183
4,2,10,200,PSO,27583.954081708027
4,2,11,200,PSO,16622.33316416568
4,2,12,200,PSO,18367.091454220754
4,2,13,200,PSO,27823.03302465306
4,2,14,200,PSO,22041.721730682835
4,2,15,200,PSO,28504.043558680634
4,2,16,200,PSO,34277.7918823442
4,2,17,200,PSO,21350.833415701738
4,2,18,200,PSO,16837.437707569916
4,2,19,200,PSO,23315.09582226895
4,3,0,200,PSO,24465.705727770706
4,3,1,200,PSO,19860.385267150617
4,3,2,200,PSO,26876.13936079765
4,3,3,200,PSO,33175.15903775482
4,3,4,200,PSO,18420.059191870845
4,3,5,200,PSO,49467.32595142278
4,3,6,200,PSO,27296.18822712553
4,3,7,200,PSO,16765.748098852244
4,3,8,200,PSO,18708.212523550275
4,3,9,200,PSO,17098.617807138402
4,3,10,200,PSO,27816.369037886572
4,3,11,200,PSO,23476.989414690586
4,3,12,200,PSO,23462.16270886809
4,3,13,200,PSO,20853.482506608918
4,3,14,200,PSO,30548.97704155269
4,3,15,200,PSO,21084.30511046054
4,3,16,200,PSO,16936.99039092027
4,3,17,200,PSO,33380.14636678246
4,3,18,200,PSO,43888.99549229268
4,3,19,200,PSO,20088.489445469673
4,4,0,200,PSO,32040.560956790636
4,4,1,200,PSO,16482.052008137598
4,4,2,200,PSO,42996.341794548774
4,4,3,200,PSO,23939.106743812255
4,4,4,200,PSO,24683.79647323453
4,4,5,200,PSO,22792.80119957294
4,4,6,200,PSO,28926.519279097345
4,4,7,200,PSO,14663.579164327823
4,4,8,200,PSO,25341.916218924503
4,4,9,200,PSO,20924.687753171114
4,4,10,200,PSO,45497.96274245725
4,4,11,200,PSO,16031.185127760236
4,4,12,200,PSO,34542.33270553996
4,4,13,200,PSO,32476.405550051928
4,4,14,200,PSO,26092.926198806956
4,4,15,200,PSO,23412.435766781382
4,4,16,200,PSO,18814.99052757562
4,4,17,200,PSO,22649.783855421454
4,4,18,200,PSO,18388.507809647264
4,4,19,200,PSO,28876.359670844453
4,5,0,200,PSO,23932.873784842035
4,5,1,200,PSO,19584.286379663223
4,5,2,200,PSO,21875.209313973595
4,5,3,200,PSO,19624.02621021987
4,5,4,200,PSO,20082.264019971237
4,5,5,200,PSO,19458.668315875875
4,5,6,200,PSO,33838.18646427698
4,5,7,200,PSO,31389.83439438099
4,5,8,200,PSO,16546.618902800794
4,5,9,200,PSO,19857.879982865717
4,5,10,200,PSO,12216.788614956697
4,5,11,200,PSO,16645.858465534988
4,5,12,200,PSO,29872.479006974227
4,5,13,200,PSO,23340.25771132227
4,5,14,200,PSO,19391.67925994119
4,5,15,200,PSO,24651.320165491878
4,5,16,200,PSO,58941.23210784956
4,5,17,200,PSO,17674.280884882537
4,5,18,200,PSO,22826.724357094747
4,5,19,200,PSO,25840.689099220584
4,6,0,200,PSO,40838.09812562659
4,6,1,200,PSO,24948.123483407762
4,6,2,200,PSO,20371.717491655152
4,6,3,200,PSO,18909.309110043265
4,6,4,200,PSO,25642.09123175098
4,6,5,200,PSO,21880.339928994454
4,6,6,200,PSO,18813.2286283329
4,6,7,200,PSO,20890.961983866102
4,6,8,200,PSO,23984.552546904546
4,6,9,200,PSO,19125.777185057224
4,6,10,200,PSO,24530.33890773775
4,6,11,200,PSO,18457.196738606315
4,6,12,200,PSO,31968.900770948596
4,6,13,200,PSO,27932.72323579958
4,6,14,200,PSO,31026.571212863688
4,6,15,200,PSO,21990.571310670523
4,6,16,200,PSO,30245.79438773224
4,6,17,200,PSO,23661.871118712665
4,6,18,200,PSO,16510.13419019616
4,6,19,200,PSO,23475.56033825388
4,7,0,200,PSO,36367.650792229906
4,7,1,200,PSO,15318.051539996668
4,7,2,200,PSO,18215.562283034844
4,7,3,200,PSO,27846.45868096102
4,7,4,200,PSO,17446.12178454276
4,7,5,200,PSO,24148.943810251185
4,7,6,200,PSO,36814.278821264306
4,7,7,200,PSO,21827.099660270076
4,7,8,200,PSO,29106.89308358429
4,7,9,200,PSO,14800.3286250868
4,7,10,200,PSO,16984.50230330212
4,7,11,200,PSO,21340.26922614186
4,7,12,200,PSO,30631.10051302871
4,7,13,200,PSO,33220.43929914792
4,7,14,200,PSO,33281.40910026101
4,7,15,200,PSO,18541.795935515212
4,7,16,200,PSO,19151.491983711763
4,7,17,200,PSO,16777.342585262766
4,7,18,200,PSO,23742.800677058418
4,7,19,200,PSO,20389.983600568426
5,1,0,200,PSO,6571.665179428784
5,1,1,200,PSO,2352.232495217182
5,1,2,200,PSO,4039.2849566680134
5,1,3,200,PSO,5752.564187848471
5,1,4,200,PSO,3136.679456521204
5,1,5,200,PSO,1866.8779893758208
5,1,6,200,PSO,7330.3928483450045
5,1,7,200,PSO,3560.312863639936
5,1,8,200,PSO,3929.289559662586
5,1,9,200,PSO,1968.2893623546968
5,1,10,200,PSO,1877.8762182159867
5,1,11,200,PSO,3862.035935552955
5,1,12,200,PSO,2646.525345061194
5,1,13,200,PSO,1917.0832108933864
5,1,14,200,PSO,1087.7987538796388
5,1,15,200,PSO,10011.182067185657
5,1,16,200,PSO,4054.4953003766245
5,1,17,200,PSO,2758.9583693812474
5,1,18,200,PSO,2477.9120310396056
5,1,19,200,PSO,1448.08237609552
5,2,0,200,PSO,3396.1289963710856
5,2,1,200,PSO,8006.144414868869
5,2,2,200,PSO,1227.8425931046781
5,2,3,200,PSO,1361.7279969771516
5,2,4,200,PSO,1815.1099685959307
5,2,5,200,PSO,2048.184628036189
5,2,6,200,PSO,2163.531339422402
5,2,7,200,PSO,1501.7734478045436
5,2,8,200,PSO,1716.0729170296158
5,2,9,200,PSO,4403.768269276919
5,2,10,200,PSO,1476.022145566761
5,2,11,200,PSO,4723.157673351226
5,2,12,200,PSO,6137.352020110525
5,2,13,200,PSO,1734.5346051292402
5,2,14,200,PSO,2201.8078966807734
5,2,15,200,PSO,4186.623919071041
5,2,16,200,PSO,1807.5606865404054
5,2,17,200,PSO,2405.3497772268147
5,2,18,200,PSO,2866.4575379945645
5,2,19,200,PSO,3713.8607442708935
5,3,0,200,PSO,2272.845283083712
5,3,1,200,PSO,5649.353932611265
5,3,2,200,PSO,2077.6109103710405
5,3,3,200,PSO,993.9557009984869
5,3,4,200,PSO,7687.561974635719
5,3,5,200,PSO,3184.0239520599207
5,3,6,200,PSO,6798.453522416092
5,3,7,200,PSO,1668.0387866781434
5,3,8,200,PSO,5811.016025031478
5,3,9,200,PSO,1557.0235177972818
5,3,10,200,PSO,4852.480007152689
5,3,11,200,PSO,1664.8208716633383
5,3,12,200,PSO,7976.249589714982
5,3,13,200,PSO,1273.1853979086113
5,3,14,200,PSO,4063.436994995007
5,3,15,200,PSO,5019.370992438958
5,3,16,200,PSO,5243.998712506807
5,3,17,200,PSO,4910.990024039308
5,3,18,200,PSO,4518.364080726763
5,3,19,200,PSO,4186.095717580047
5,4,0,200,PSO,5660.497770272719
5,4,1,200,PSO,4210.706531662205
5,4,2,200,PSO,1620.2889824726442
5,4,3,200,PSO,1177.9698522370268
5,4,4,200,PSO,1518.6792382572953
5,4,5,200,PSO,3372.8863360798855
5,4,6,200,PSO,4926.115246678623
5,4,7,200,PSO,1965.5658350438205
5,4,8,200,PSO,2120.535006729865
5,4,9,200,PSO,1831.008873402402
5,4,10,200,PSO,2002.581715436002
5,4,11,200,PSO,1504.8935713052447
5,4,12,200,PSO,2685.463608026545
5,4,13,200,PSO,3127.2676354142764
5,4,14,200,PSO,2017.8286456562455
5,4,15,200,PSO,1962.614777412865
5,4,16,200,PSO,2182.966784386881
5,4,17,200,PSO,3887.4007648436823
5,4,18,200,PSO,6416.812070465425
5,4,19,200,PSO,2895.9324372707224
5,5,0,200,PSO,1726.8994758677104
5,5,1,200,PSO,1922.3672240639023
5,5,2,200,PSO,3640.9081884380935
5,5,3,200,PSO,1484.6349408951312
5,5,4,200,PSO,1713.7551972409424
5,5,5,200,PSO,4787.27041567527
5,5,6,200,PSO,4138.08931552844
5,5,7,200,PSO,4845.712780754717
5,5,8,200,PSO,1772.8222809010908
5,5,9,200,PSO,1656.7597361630706
5,5,10,200,PSO,3238.816801018056
5,5,11,200,PSO,2449.7885073675675
5,5,12,200,PSO,6304.617327433341
5,5,13,200,PSO,3896.9113467622637
5,5,14,200,PSO,2234.665469882655
5,5,15,200,PSO,2487.714353276326
5,5,16,200,PSO,2738.3211160790183
5,5,17,200,PSO,3471.455560060373
5,5,18,200,PSO,4990.630926025093
5,5,19,200,PSO,4049.0434817291425
5,6,0,200,PSO,1871.2827908867446
5,6,1,200,PSO,4113.600823689137
5,6,2,200,PSO,2750.4814023981335
5,6,3,200,PSO,1613.1324631103817
5,6,4,200,PSO,2592.4901229695515
5,6,5,200,PSO,5455.626904046807
5,6,6,200,PSO,2070.2756571845457
5,6,7,200,PSO,4766.350813860509
5,6,8,200,PSO,2026.7761237629454
5,6,9,200,PSO,2055.344805612095
5,6,10,200,PSO,2129.4466050010324
5,6,11,200,PSO,1547.1430409084492
5,6,12,200,PSO,2635.8260624294217
5,6,13,200,PSO,1884.3922891961104
5,6,14,200,PSO,1682.261386761208
5,6,15,200,PSO,3941.074117404482
5,6,16,200,PSO,2345.198066072896
5,6,17,200,PSO,2206.458797341272
5,6,18,200,PSO,2236.828200608902
5,6,19,200,PSO,3219.6925536036206
5,7,0,200,PSO,5660.497770272714
5,7,1,200,PSO,4210.706531662205
5,7,2,200,PSO,1620.2889824726453
5,7,3,200,PSO,1177.9698522370272
5,7,4,200,PSO,1518.6792382572962
5,7,5,200,PSO,3372.886336079886
5,7,6,200,PSO,4926.115246678622
5,7,7,200,PSO,1965.5658350438212
5,7,8,200,PSO,2120.5350067298673
5,7,9,200,PSO,1831.008873402402
5,7,10,200,PSO,2002.5817154360045
5,7,11,200,PSO,1504.8935713052476
5,7,12,200,PSO,2685.4636080265504
5,7,13,200,PSO,3127.267635414267
5,7,14,200,PSO,2017.8286456562441
5,7,15,200,PSO,1962.614777412866
5,7,16,200,PSO,2182.9667843868783
5,7,17,200,PSO,3887.4007648436827
5,7,18,200,PSO,6416.8120704654275
5,7,19,200,PSO,2895.9324372707233
6,1,0,200,PSO,591437.7716099682
6,1,1,200,PSO,465087.0519009097
6,1,2,200,PSO,198502.84463120322
6,1,3,200,PSO,434783.0820591073
6,1,4,200,PSO,280172.02243266447
6,1,5,200,PSO,212006.491329215
6,1,6,200,PSO,813109.0437150216
6,1,7,200,PSO,265541.19291176996
6,1,8,200,PSO,745436.1332405111
6,1,9,200,PSO,251555.13054648624
6,1,10,200,PSO,367761.93820708146
6,1,11,200,PSO,348458.32535906165
6,1,12,200,PSO,960560.4032235848
6,1,13,200,PSO,97169.37067723054
6,1,14,200,PSO,552028.9844443606
6,1,15,200,PSO,460072.16168781853
6,1,16,200,PSO,292368.5987035845
6,1,17,200,PSO,727713.0355515488
6,1,18,200,PSO,354984.0054275891
6,1,19,200,PSO,38443.32027145858
6,2,0,200,PSO,622012.1894669309
6,2,1,200,PSO,244547.57032979964
6,2,2,200,PSO,8644.939219354785
6,2,3,200,PSO,134789.33790131233
6,2,4,200,PSO,139141.3153666954
6,2,5,200,PSO,381522.3401965539
6,2,6,200,PSO,513273.3589325266
6,2,7,200,PSO,341280.0863547911
6,2,8,200,PSO,111039.47619920615
6,2,9,200,PSO,5905.405634171743
6,2,10,200,PSO,243069.51233376964
6,2,11,200,PSO,298927.5837380456
6,2,12,200,PSO,94391.67437199254
6,2,13,200,PSO,267199.81703266245
6,2,14,200,PSO,230804.40345533937
6,2,15,200,PSO,14869.603361406163
6,2,16,200,PSO,5013.284224807098
6,2,17,200,PSO,693075.1971489341
6,2,18,200,PSO,715696.8315607135
6,2,19,200,PSO,21832.944452804746
6,3,0,200,PSO,704140.4232261075
6,3,1,200,PSO,1290826.8339321283
6,3,2,200,PSO,3412620.5163476234
6,3,3,200,PSO,1065366.8050203342
6,3,4,200,PSO,665926.1745917249
6,3,5,200,PSO,1508065.4045337948
6,3,6,200,PSO,1619278.3211335696
6,3,7,200,PSO,1054785.5137011975
6,3,8,200,PSO,3061800.6257713237
6,3,9,200,PSO,1645073.708555379
6,3,10,200,PSO,1272542.898247186
6,3,11,200,PSO,1185154.2398580795
6,3,12,200,PSO,2133285.533113724
6,3,13,200,PSO,471724.00821788056
6,3,14,200,PSO,974730.7401724276
6,3,15,200,PSO,638536.6250339127
6,3,16,200,PSO,1350981.0780909786
6,3,17,200,PSO,1281856.7680285478
6,3,18,200,PSO,2600845.7514917166
6,3,19,200,PSO,1666342.38598884
6,4,0,200,PSO,6526002.719719487
6,4,1,200,PSO,1712980.731171666
6,4,2,200,PSO,2098239.197475238
6,4,3,200,PSO,4888871.569399865
6,4,4,200,PSO,5843974.738806902
6,4,5,200,PSO,5250566.237069736
6,4,6,200,PSO,6199471.527066776
6,4,7,200,PSO,2844953.0983276754
6,4,8,200,PSO,1868691.7229892684
6,4,9,200,PSO,3652396.996475697
6,4,10,200,PSO,5160436.803393591
6,4,11,200,PSO,11346730.76546473
6,4,12,200,PSO,4948035.212473949
6,4,13,200,PSO,5310699.482570621
6,4,14,200,PSO,4973999.631541224
6,4,15,200,PSO,1971901.9907852542
6,4,16,200,PSO,6051555.384486271
6,4,17,200,PSO,5055965.33452485
6,4,18,200,PSO,6936459.468975197
6,4,19,200,PSO,2218952.7141810353
6,5,0,200,PSO,8424110.193589885
6,5,1,200,PSO,2056008.0190155713
6,5,2,200,PSO,1609046.8056919877
6,5,3,200,PSO,2212954.5900165793
6,5,4,200,PSO,3585471.594898754
6,5,5,200,PSO,3291881.6787583553
6,5,6,200,PSO,2799833.818193719
6,5,7,200,PSO,3959277.9526575604
6,5,8,200,PSO,3837027.5068499944
6,5,9,200,PSO,801846.7075262321
6,5,10,200,PSO,6149300.799230927
6,5,11,200,PSO,3235654.878246205
6,5,12,200,PSO,1375874.091838704
6,5,13,200,PSO,4492632.60610765
6,5,14,200,PSO,1985532.109002782
6,5,15,200,PSO,830503.3859513847
6,5,16,200,PSO,983242.7519984879
6,5,17,200,PSO,4561191.877042854
6,5,18,200,PSO,4339400.27918071
6,5,19,200,PSO,5154656.713638779
6,6,0,200,PSO,2163428.303892872
6,6,1,200,PSO,441590.8423571718
6,6,2,200,PSO,933788.384437769
6,6,3,200,PSO,1538842.9127261264
6,6,4,200,PSO,743507.4390825611
6,6,5,200,PSO,906824.3138667188
6,6,6,200,PSO,984430.7609491746
6,6,7,200,PSO,1226649.732853542
6,6,8,200,PSO,2108281.43804302
6,6,9,200,PSO,237490.07149522472
6,6,10,200,PSO,1155463.8450159717
6,6,11,200,PSO,421223.34911021707
6,6,12,200,PSO,132475.57748477522
6,6,13,200,PSO,1216758.8821745198
6,6,14,200,PSO,453317.5524905307
6,6,15,200,PSO,341500.71512660425
6,6,16,200,PSO,287385.36033445696
6,6,17,200,PSO,456263.9781044854
6,6,18,200,PSO,952710.615022646
6,6,19,200,PSO,825709.8227038302
6,7,0,200,PSO,2704809.2354474
6,7,1,200,PSO,2067064.9121478247
6,7,2,200,PSO,1369332.1720960292
6,7,3,200,PSO,2680644.783213799
6,7,4,200,PSO,4374286.8111510435
6,7,5,200,PSO,2019871.731168101
6,7,6,200,PSO,2991433.594894265
6,7,7,200,PSO,2338487.736776792
6,7,8,200,PSO,1906911.3211575712
6,7,9,200,PSO,1117951.175428098
6,7,10,200,PSO,2174572.537275121
6,7,11,200,PSO,3444536.5743743717
6,7,12,200,PSO,1692781.1461140008
6,7,13,200,PSO,1499635.632145059
6,7,14,200,PSO,3091752.92898333
6,7,15,200,PSO,1592057.0598810527
6,7,16,200,PSO,2220904.366369216
6,7,17,200,PSO,3683412.975614334
6,7,18,200,PSO,2539910.3369610826
6,7,19,200,PSO,2298893.6364783435
7,1,0,200,PSO,1796.6392377611837
7,1,1,200,PSO,3702.1779621592764
7,1,2,200,PSO,3882.525685073742
7,1,3,200,PSO,4210.851382239952
7,1,4,200,PSO,1964.27266876416
7,1,5,200,PSO,2696.968946611638
7,1,6,200,PSO,2210.489570542042
7,1,7,200,PSO,1757.940075640377
7,1,8,200,PSO,4938.043081633374
7,1,9,200,PSO,5661.0270882316945
7,1,10,200,PSO,1099.5807466358813
7,1,11,200,PSO,2211.527201948994
7,1,12,200,PSO,4082.941814975156
7,1,13,200,PSO,2687.0476792332192
7,1,14,200,PSO,3138.3759013079534
7,1,15,200,PSO,1217.6771012605805
7,1,16,200,PSO,1159.555725719341
7,1,17,200,PSO,3836.1176749291108
7,1,18,200,PSO,1665.26158822237
7,1,19,200,PSO,3182.096183883134
7,2,0,200,PSO,4669.821494159467
7,2,1,200,PSO,9196.87186738561
7,2,2,200,PSO,7135.32107499467
7,2,3,200,PSO,5840.320809492782
7,2,4,200,PSO,4199.087638303705
7,2,5,200,PSO,3357.67257104685
7,2,6,200,PSO,4600.751706010989
7,2,7,200,PSO,7502.33134813449
7,2,8,200,PSO,3788.1256254885798
7,2,9,200,PSO,6426.356709371576
7,2,10,200,PSO,7403.642853430306
7,2,11,200,PSO,4264.615439722988
7,2,12,200,PSO,6616.589327277049
7,2,13,200,PSO,2153.0276845891335
7,2,14,200,PSO,4005.408974787355
7,2,15,200,PSO,4592.384673788356
7,2,16,200,PSO,9295.069152814347
7,2,17,200,PSO,6574.503289292365
7,2,18,200,PSO,3883.6906302165025
7,2,19,200,PSO,2815.80564912841
7,3,0,200,PSO,4284.130713198429
7,3,1,200,PSO,9395.191987168917
7,3,2,200,PSO,6824.830213463685
7,3,3,200,PSO,4876.869412242557
7,3,4,200,PSO,6159.37281672427
7,3,5,200,PSO,3609.177335271224
7,3,6,200,PSO,6121.731456838985
7,3,7,200,PSO,8180.546139286999
7,3,8,200,PSO,3890.3464895009447
7,3,9,200,PSO,9860.02817756409
7,3,10,200,PSO,7583.978563048012
7,3,11,200,PSO,8337.405193639352
7,3,12,200,PSO,7150.94350541366
7,3,13,200,PSO,9456.767120581982
7,3,14,200,PSO,7882.8519483044565
7,3,15,200,PSO,6228.359418744795
7,3,16,200,PSO,18246.83265148708
7,3,17,200,PSO,6418.409678444986
7,3,18,200,PSO,4696.840340764008
7,3,19,200,PSO,4224.8995938877815
7,4,0,200,PSO,4552.667760494488
7,4,1,200,PSO,5185.137534397174
7,4,2,200,PSO,6811.051971030329
7,4,3,200,PSO,6566.469759175545
7,4,4,200,PSO,2100.1314090428773
7,4,5,200,PSO,2420.0967046701467
7,4,6,200,PSO,2372.131241755836
7,4,7,200,PSO,1519.6333609123944
7,4,8,200,PSO,5869.483096351081
7,4,9,200,PSO,4307.286459302171
7,4,10,200,PSO,3387.7772841562564
7,4,11,200,PSO,5453.481604912949
7,4,12,200,PSO,5648.752168576875
7,4,13,200,PSO,4999.732417410238
7,4,14,200,PSO,4572.509760284101
7,4,15,200,PSO,2075.965001972594
7,4,16,200,PSO,2862.527392982033
7,4,17,200,PSO,2881.858294976322
7,4,18,200,PSO,3065.564641863619
7,4,19,200,PSO,3928.369410602417
7,5,0,200,PSO,4040.585139280457
7,5,1,200,PSO,4031.1541640094224
7,5,2,200,PSO,3159.409257615021
7,5,3,200,PSO,1844.0703806255422
7,5,4,200,PSO,2089.441532162242
7,5,5,200,PSO,4403.520750843317
7,5,6,200,PSO,3696.147160439636
7,5,7,200,PSO,1761.5962510807592
7,5,8,200,PSO,3839.2769447324536
7,5,9,200,PSO,2671.9961970599347
7,5,10,200,PSO,1680.262374821085
7,5,11,200,PSO,2473.62523278997
7,5,12,200,PSO,3192.4864213101996
7,5,13,200,PSO,1610.816324939305
7,5,14,200,PSO,2911.7402275734
7,5,15,200,PSO,2397.333035382171
7,5,16,200,PSO,4322.22341700412
7,5,17,200,PSO,2826.890588458321
7,5,18,200,PSO,2622.223501477641
7,5,19,200,PSO,2718.6953433694184
7,6,0,200,PSO,10644.242747039807
7,6,1,200,PSO,5680.383805132884
7,6,2,200,PSO,2976.2391801441518
7,6,3,200,PSO,4002.4378672403623
7,6,4,200,PSO,2451.9436472318157
7,6,5,200,PSO,9610.578022702259
7,6,6,200,PSO,9665.35720159304
7,6,7,200,PSO,5146.958772519512
7,6,8,200,PSO,3777.417594170875
7,6,9,200,PSO,6358.401177943771
7,6,10,200,PSO,8438.869843262835
7,6,11,200,PSO,7241.054128345736
7,6,12,200,PSO,5035.867555576891
7,6,13,200,PSO,3312.4746138289524
7,6,14,200,PSO,7950.153208765036
7,6,15,200,PSO,7543.512376848677
7,6,16,200,PSO,4518.465527113851
7,6,17,200,PSO,6175.235937856164
7,6,18,200,PSO,5322.009744528599
7,6,19,200,PSO,6441.412950653475
7,7,0,200,PSO,3596.6933905793753
7,7,1,200,PSO,3042.5441358612306
7,7,2,200,PSO,4100.672614638513
7,7,3,200,PSO,2383.6008602490865
7,7,4,200,PSO,6652.0611701270245
7,7,5,200,PSO,8325.668283152283
7,7,6,200,PSO,4215.747147480037
7,7,7,200,PSO,7257.479420381502
7,7,8,200,PSO,4688.743644407589
7,7,9,200,PSO,4222.3997468315465
7,7,10,200,PSO,6275.682675167993
7,7,11,200,PSO,5716.366707103575
7,7,12,200,PSO,5584.052832394982
7,7,13,200,PSO,4971.4150014489815
7,7,14,200,PSO,3878.938816491482
7,7,15,200,PSO,5598.221391107521
7,7,16,200,PSO,5677.899426316916
7,7,17,200,PSO,11037.01092700785
7,7,18,200,PSO,5007.62311639968
7,7,19,200,PSO,3115.44568787309
8,1,0,200,PSO,287714.5689705167
8,1,1,200,PSO,169269.72328905133
8,1,2,200,PSO,92786.35943382951
8,1,3,200,PSO,71731.14492408937
8,1,4,200,PSO,88882.6693223509
8,1,5,200,PSO,111676.02555388682
8,1,6,200,PSO,107473.07801934142
8,1,7,200,PSO,90664.578198847
8,1,8,200,PSO,267433.4653720378
8,1,9,200,PSO,50574.14205944895
8,1,10,200,PSO,73206.54333743373
8,1,11,200,PSO,99012.2674941824
8,1,12,200,PSO,56934.34380849228
8,1,13,200,PSO,71103.20496704703
8,1,14,200,PSO,80390.37899387513
8,1,15,200,PSO,131492.99198616613
8,1,16,200,PSO,24765.891413101708
8,1,17,200,PSO,112027.84470029133
8,1,18,200,PSO,164176.6958086198
8,1,19,200,PSO,30305.362318620097
8,2,0,200,PSO,356222.164867704
8,2,1,200,PSO,364247.9218110874
8,2,2,200,PSO,156611.45206848884
8,2,3,200,PSO,244795.54902991676
8,2,4,200,PSO,123954.85247126641
8,2,5,200,PSO,287941.4433102144
8,2,6,200,PSO,100291.47279886459
8,2,7,200,PSO,273196.0128466015
8,2,8,200,PSO,246869.2077113552
8,2,9,200,PSO,280639.62151620485
8,2,10,200,PSO,181807.51947441063
8,2,11,200,PSO,309389.42731959105
8,2,12,200,PSO,162542.30530253195
8,2,13,200,PSO,136200.08823423347
8,2,14,200,PSO,367108.7906069235
8,2,15,200,PSO,144244.2584896352
8,2,16,200,PSO,122866.54621755476
8,2,17,200,PSO,375394.87657511415
8,2,18,200,PSO,468482.3113950659
8,2,19,200,PSO,66412.10033789187
8,3,0,200,PSO,483460.0092812172
8,3,1,200,PSO,297613.00769951526
8,3,2,200,PSO,301482.5190948032
8,3,3,200,PSO,252194.4490382622
8,3,4,200,PSO,266192.67640978034
8,3,5,200,PSO,212680.7181876379
8,3,6,200,PSO,588604.0512169709
8,3,7,200,PSO,351544.14108174277
8,3,8,200,PSO,684715.3848835344
8,3,9,200,PSO,158131.13413481903
8,3,10,200,PSO,187932.95660374936
8,3,11,200,PSO,275602.6996188575
8,3,12,200,PSO,96966.26990157073
8,3,13,200,PSO,176653.75247618195
8,3,14,200,PSO,109710.2557428826
8,3,15,200,PSO,90176.40668094478
8,3,16,200,PSO,39966.36936975235
8,3,17,200,PSO,412611.79677346867
8,3,18,200,PSO,377572.5317471044
8,3,19,200,PSO,125584.2141906691
8,4,0,200,PSO,375877.7775234602
8,4,1,200,PSO,147223.10419119635
8,4,2,200,PSO,148543.44312164193
8,4,3,200,PSO,167386.81387890613
8,4,4,200,PSO,270244.26819905255
8,4,5,200,PSO,315362.80793439434
8,4,6,200,PSO,173689.024758031
8,4,7,200,PSO,367308.68551649916
8,4,8,200,PSO,339676.1889290719
8,4,9,200,PSO,178989.29668096124
8,4,10,200,PSO,135195.66337647848
8,4,11,200,PSO,234937.1319889443
8,4,12,200,PSO,52710.29582475438
8,4,13,200,PSO,190561.55853480162
8,4,14,200,PSO,118043.47618929193
8,4,15,200,PSO,75640.95103648752
8,4,16,200,PSO,104838.70600441242
8,4,17,200,PSO,347639.30792170693
8,4,18,200,PSO,231901.12970514095
8,4,19,200,PSO,75674.96377580278
8,5,0,200,PSO,762763.8547082393
8,5,1,200,PSO,85406.3940312304
8,5,2,200,PSO,520509.57890676736
8,5,3,200,PSO,315565.4265889671
8,5,4,200,PSO,395461.18909057556
8,5,5,200,PSO,133937.48100340753
8,5,6,200,PSO,628559.3231301055
8,5,7,200,PSO,267602.3804386327
8,5,8,200,PSO,932136.9496159018
8,5,9,200,PSO,239369.90469949404
8,5,10,200,PSO,236811.99831922838
8,5,11,200,PSO,223033.9412824243
8,5,12,200,PSO,67523.3625447916
8,5,13,200,PSO,322307.5283595358
8,5,14,200,PSO,35369.13794967163
8,5,15,200,PSO,143760.10845602912
8,5,16,200,PSO,165378.50795933485
8,5,17,200,PSO,177341.55359318623
8,5,18,200,PSO,466659.68948483496
8,5,19,200,PSO,234061.4503593909
8,6,0,200,PSO,260391.11816550948
8,6,1,200,PSO,169447.9549172276
8,6,2,200,PSO,144127.33152998702
8,6,3,200,PSO,150454.2963869988
8,6,4,200,PSO,240031.41727683466
8,6,5,200,PSO,560573.6913097498
8,6,6,200,PSO,240257.62908037013
8,6,7,200,PSO,438006.7718179226
8,6,8,200,PSO,66470.2401870943
8,6,9,200,PSO,234588.90439390653
8,6,10,200,PSO,196516.03264575062
8,6,11,200,PSO,324799.42884504877
8,6,12,200,PSO,75584.11711613169
8,6,13,200,PSO,275134.71964227705
8,6,14,200,PSO,358443.4343693646
8,6,15,200,PSO,108551.0590614088
8,6,16,200,PSO,135813.98690017563
8,6,17,200,PSO,426638.32615777577
8,6,18,200,PSO,238917.02577202782
8,6,19,200,PSO,108161.1610276814
8,7,0,200,PSO,130232.58269151393
8,7,1,200,PSO,127244.08034309969
8,7,2,200,PSO,131932.39638339408
8,7,3,200,PSO,92623.08805121007
8,7,4,200,PSO,73885.22544781696
8,7,5,200,PSO,248688.007028907
8,7,6,200,PSO,108842.59191015175
8,7,7,200,PSO,53411.88780958851
8,7,8,200,PSO,264199.0602962822
8,7,9,200,PSO,13798.889981014107
8,7,10,200,PSO,109474.41867065041
8,7,11,200,PSO,189967.64936490494
8,7,12,200,PSO,105680.94597713559
8,7,13,200,PSO,116609.38288158916
8,7,14,200,PSO,56045.16750374499
8,7,15,200,PSO,112051.4980953539
8,7,16,200,PSO,58520.23682304526
8,7,17,200,PSO,230029.97274939387
8,7,18,200,PSO,212252.9384137949
8,7,19,200,PSO,65945.76600305641
9,1,0,200,PSO,137490.08080035774
9,1,1,200,PSO,36985.63174845692
9,1,2,200,PSO,69504.99116310912
9,1,3,200,PSO,21378.13230511471
9,1,4,200,PSO,45502.555697549345
9,1,5,200,PSO,51967.2026855666
9,1,6,200,PSO,89254.615164798
9,1,7,200,PSO,55074.36550794347
9,1,8,200,PSO,163541.0289869028
9,1,9,200,PSO,15179.915960452025
9,1,10,200,PSO,15027.344036585871
9,1,11,200,PSO,34228.15323171022
9,1,12,200,PSO,19584.752828909
9,1,13,200,PSO,86151.539304575
9,1,14,200,PSO,26503.227546532766
9,1,15,200,PSO,10209.925485115096
9,1,16,200,PSO,72942.07209153145
9,1,17,200,PSO,77321.27984121155
9,1,18,200,PSO,61621.763689042295
9,1,19,200,PSO,17523.531397629104
9,2,0,200,PSO,90365.18811212077
9,2,1,200,PSO,82772.125257504
9,2,2,200,PSO,164209.10858782372
9,2,3,200,PSO,66856.16261213373
9,2,4,200,PSO,30481.223587276472
9,2,5,200,PSO,39674.456549406896
9,2,6,200,PSO,73494.24849121072
9,2,7,200,PSO,15134.562743778934
9,2,8,200,PSO,169538.92860965378
9,2,9,200,PSO,24140.031367322845
9,2,10,200,PSO,18559.964087348802
9,2,11,200,PSO,86456.28990520682
9,2,12,200,PSO,77922.64996585889
9,2,13,200,PSO,38437.99081206996
9,2,14,200,PSO,54090.502463223376
9,2,15,200,PSO,30649.490228970622
9,2,16,200,PSO,28949.46974805072
9,2,17,200,PSO,36622.2083053826
9,2,18,200,PSO,54440.20060604346
9,2,19,200,PSO,38163.44816670197
9,3,0,200,PSO,171513.59268985273
9,3,1,200,PSO,66315.04223479735
9,3,2,200,PSO,179601.90021052217
9,3,3,200,PSO,41227.77518978287
9,3,4,200,PSO,60691.2779550367
9,3,5,200,PSO,51657.17566868297
9,3,6,200,PSO,150650.69463406075
9,3,7,200,PSO,46647.09761818246
9,3,8,200,PSO,332847.9295806556
9,3,9,200,PSO,42622.53507518566
9,3,10,200,PSO,21026.15398361662
9,3,11,200,PSO,26531.940452298906
9,3,12,200,PSO,34156.098887440785
9,3,13,200,PSO,84793.8302187218
9,3,14,200,PSO,91413.04590239315
9,3,15,200,PSO,13507.066432962009
9,3,16,200,PSO,32276.38016162358
9,3,17,200,PSO,74233.92824407178
9,3,18,200,PSO,64511.76233211986
9,3,19,200,PSO,25925.610771553518
9,4,0,200,PSO,61498.86935201744
9,4,1,200,PSO,152460.66471019955
9,4,2,200,PSO,78619.70644710773
9,4,3,200,PSO,30637.93445276338
9,4,4,200,PSO,60620.30564833466
9,4,5,200,PSO,75836.92186318862
9,4,6,200,PSO,33389.99059017765
9,4,7,200,PSO,40041.46119700278
9,4,8,200,PSO,120999.60189029243
9,4,9,200,PSO,19097.914127158685
9,4,10,200,PSO,21250.55657892058
9,4,11,200,PSO,78063.94767788137
9,4,12,200,PSO,113575.67872876445
9,4,13,200,PSO,45043.156293317676
9,4,14,200,PSO,77100.16527150414
9,4,15,200,PSO,9551.483216976874
9,4,16,200,PSO,32210.806312147775
9,4,17,200,PSO,55372.494543306355
9,4,18,200,PSO,72624.42875276257
9,4,19,200,PSO,34234.03674430106
9,5,0,200,PSO,108669.01797504385
9,5,1,200,PSO,45320.74143116992
9,5,2,200,PSO,121696.96486825458
9,5,3,200,PSO,51894.368521355405
9,5,4,200,PSO,58950.69171210079
9,5,5,200,PSO,40115.82758874435
9,5,6,200,PSO,79078.32663377635
9,5,7,200,PSO,31126.84682078864
9,5,8,200,PSO,218183.71379599042
9,5,9,200,PSO,24803.567733890577
9,5,10,200,PSO,34051.151120284296
9,5,11,200,PSO,62141.84568833041
9,5,12,200,PSO,68356.32174379681
9,5,13,200,PSO,70878.79458054145
9,5,14,200,PSO,63045.396284657625
9,5,15,200,PSO,12661.070288218854
9,5,16,200,PSO,34751.979261634595
9,5,17,200,PSO,56998.03725180935
9,5,18,200,PSO,24267.61887385613
9,5,19,200,PSO,33294.26199424887
9,6,0,200,PSO,47187.05843936119
9,6,1,200,PSO,144028.39415700707
9,6,2,200,PSO,66392.90177186488
9,6,3,200,PSO,32059.683180513548
9,6,4,200,PSO,32865.362154123126
9,6,5,200,PSO,65947.74477475046
9,6,6,200,PSO,53249.309684543776
9,6,7,200,PSO,30673.497845116428
9,6,8,200,PSO,202587.68219044444
9,6,9,200,PSO,24751.37717588887
9,6,10,200,PSO,28522.566416110643
9,6,11,200,PSO,38945.07671360444
9,6,12,200,PSO,53995.880669897386
9,6,13,200,PSO,51083.66047818051
9,6,14,200,PSO,113844.75505576805
9,6,15,200,PSO,14579.452616427197
9,6,16,200,PSO,34062.43588239495
9,6,17,200,PSO,76120.44990384541
9,6,18,200,PSO,53528.00653368416
9,6,19,200,PSO,30410.959198397257
9,7,0,200,PSO,211910.87017271516
9,7,1,200,PSO,84972.41854342971
9,7,2,200,PSO,99231.21099631161
9,7,3,200,PSO,42698.59966011242
9,7,4,200,PSO,37903.47717960518
9,7,5,200,PSO,61393.019615094636
9,7,6,200,PSO,85408.52802890919
9,7,7,200,PSO,50608.47165546897
9,7,8,200,PSO,121814.00857165059
9,7,9,200,PSO,36411.82867000429
9,7,10,200,PSO,13377.04571647632
9,7,11,200,PSO,45227.48395602759
9,7,12,200,PSO,17246.41724931967
9,7,13,200,PSO,52937.9467753706
9,7,14,200,PSO,79019.76915357985
9,7,15,200,PSO,15203.38243512207
9,7,16,200,PSO,34162.032940089084
9,7,17,200,PSO,120617.75607947077
9,7,18,200,PSO,32916.14222858713
9,7,19,200,PSO,23412.792367295588
10,1,0,200,PSO,23694333.296790384
10,1,1,200,PSO,23788292.53281033
10,1,2,200,PSO,23963292.299646094
10,1,3,200,PSO,25638342.658181135
10,1,4,200,PSO,30520437.47885732
10,1,5,200,PSO,66775753.846034795
10,1,6,200,PSO,27841686.144959
10,1,7,200,PSO,33002448.76307885
10,1,8,200,PSO,19842120.14092663
10,1,9,200,PSO,10631804.883929318
10,1,10,200,PSO,10313063.640799765
10,1,11,200,PSO,73411728.41314681
10,1,12,200,PSO,40453317.20881509
10,1,13,200,PSO,8227877.037323651
10,1,14,200,PSO,51883123.90377359
10,1,15,200,PSO,17670947.496788032
10,1,16,200,PSO,29284449.992312685
10,1,17,200,PSO,59135627.46033861
10,1,18,200,PSO,7230987.955566774
10,1,19,200,PSO,26189190.238390937
10,2,0,200,PSO,25540820.771536816
10,2,1,200,PSO,39347338.552921474
10,2,2,200,PSO,7533593.13972439
10,2,3,200,PSO,13731757.409234948
10,2,4,200,PSO,18665311.948615387
10,2,5,200,PSO,38036206.95859278
10,2,6,200,PSO,17506304.840010133
10,2,7,200,PSO,8460501.512656486
10,2,8,200,PSO,5718148.45394953
10,2,9,200,PSO,26903992.65382735
10,2,10,200,PSO,31927369.864362244
10,2,11,200,PSO,50718000.21759586
10,2,12,200,PSO,86118702.40203281
10,2,13,200,PSO,50166088.50620696
10,2,14,200,PSO,74341887.87803163
10,2,15,200,PSO,38189226.133761816
10,2,16,200,PSO,50861460.59926689
10,2,17,200,PSO,25213049.802965313
10,2,18,200,PSO,8628083.567386106
10,2,19,200,PSO,26885657.454733722
10,3,0,200,PSO,5106645.14518086
10,3,1,200,PSO,44160926.70838994
10,3,2,200,PSO,4347286.017861154
10,3,3,200,PSO,13591000.481098112
10,3,4,200,PSO,5300575.778063236
10,3,5,200,PSO,14809477.608353509
10,3,6,200,PSO,9657437.37405126
10,3,7,200,PSO,22571459.358325884
10,3,8,200,PSO,24934842.60049139
10,3,9,200,PSO,2032076.1830573261
10,3,10,200,PSO,8014766.598629011
10,3,11,200,PSO,10749643.413315622
10,3,12,200,PSO,21956001.406529494
10,3,13,200,PSO,9402312.825654939
10,3,14,200,PSO,10628427.928442672
10,3,15,200,PSO,6563524.657682174
10,3,16,200,PSO,8809766.768736426
10,3,17,200,PSO,11025510.018555505
10,3,18,200,PSO,15504836.137842204
10,3,19,200,PSO,3517317.0589155946
10,4,0,200,PSO,10567241.72847727
10,4,1,200,PSO,89169334.71015644
10,4,2,200,PSO,26443977.907244746
10,4,3,200,PSO,92986321.36750579
10,4,4,200,PSO,65222903.23286448
10,4,5,200,PSO,123580331.5697118
10,4,6,200,PSO,47194353.0267815
10,4,7,200,PSO,14444380.048185384
10,4,8,200,PSO,147181610.62828183
10,4,9,200,PSO,53542266.985967584
10,4,10,200,PSO,19383910.978352267
10,4,11,200,PSO,126928053.92200921
10,4,12,200,PSO,113928855.35182625
10,4,13,200,PSO,90250702.94990577
10,4,14,200,PSO,107407258.81571122
10,4,15,200,PSO,187152388.7143231
10,4,16,200,PSO,93628482.8371319
10,4,17,200,PSO,62643381.983377464
10,4,18,200,PSO,71812841.47777253
10,4,19,200,PSO,116163265.5319769
10,5,0,200,PSO,24437850.607237495
10,5,1,200,PSO,32674308.6200791
10,5,2,200,PSO,201390761.0700037
10,5,3,200,PSO,67819294.73170517
10,5,4,200,PSO,55447297.53663371
10,5,5,200,PSO,3335531.649557707
10,5,6,200,PSO,67151644.98093055
10,5,7,200,PSO,36386636.225020126
10,5,8,200,PSO,63842620.0959756
10,5,9,200,PSO,52722539.43478497
10,5,10,200,PSO,57801998.7363963
10,5,11,200,PSO,35478106.95721399
10,5,12,200,PSO,91568175.46393293
10,5,13,200,PSO,24469252.135493748
10,5,14,200,PSO,54482377.686848685
10,5,15,200,PSO,49956113.748167634
10,5,16,200,PSO,76173930.02625974
10,5,17,200,PSO,14575172.500147788
10,5,18,200,PSO,45390718.38879053
10,5,19,200,PSO,75392553.21432969
10,6,0,200,PSO,22016377.858928606
10,6,1,200,PSO,18917144.174685553
10,6,2,200,PSO,58054078.25561
10,6,3,200,PSO,32287369.352344804
10,6,4,200,PSO,19309237.60594135
10,6,5,200,PSO,21207668.19254497
10,6,6,200,PSO,31473024.822668057
10,6,7,200,PSO,13098516.377354905
10,6,8,200,PSO,55248861.54437064
10,6,9,200,PSO,14964457.27368023
10,6,10,200,PSO,15492297.768683769
10,6,11,200,PSO,27801281.9711807
10,6,12,200,PSO,12457340.985801106
10,6,13,200,PSO,2817266.468219359
10,6,14,200,PSO,15392725.664955446
10,6,15,200,PSO,24259740.809831902
10,6,16,200,PSO,20557370.754298598
10,6,17,200,PSO,29620559.00947189
10,6,18,200,PSO,25654509.206480592
10,6,19,200,PSO,40546618.68389356
10,7,0,200,PSO,74965000.75978051
10,7,1,200,PSO,52705786.24971908
10,7,2,200,PSO,78450115.97129235
10,7,3,200,PSO,42506278.86151068
10,7,4,200,PSO,87523479.3199305
10,7,5,200,PSO,32041557.219023284
10,7,6,200,PSO,105934862.07781556
10,7,7,200,PSO,158316368.59992272
10,7,8,200,PSO,120792876.53203054
10,7,9,200,PSO,137103882.66706255
10,7,10,200,PSO,113215497.6982998
10,7,11,200,PSO,21610245.32116618
10,7,12,200,PSO,20252698.402944036
10,7,13,200,PSO,61616311.358070605
10,7,14,200,PSO,65693992.13061519
10,7,15,200,PSO,48323274.59383501
10,7,16,200,PSO,46767269.800942086
10,7,17,200,PSO,88775216.07637684
10,7,18,200,PSO,71828549.35631981
10,7,19,200,PSO,48438737.79056224
11,1,0,200,PSO,84637231.40461941
11,1,1,200,PSO,7989717.92050452
11,1,2,200,PSO,28252712.05372624
11,1,3,200,PSO,11615462.280530833
11,1,4,200,PSO,15935210.193423225
11,1,5,200,PSO,79540.96790605634
11,1,6,200,PSO,25249848.560147837
11,1,7,200,PSO,21671226.69810503
11,1,8,200,PSO,75200007.49513628
11,1,9,200,PSO,4443634.909353476
11,1,10,200,PSO,32040797.96216765
11,1,11,200,PSO,777873.9559780047
11,1,12,200,PSO,1145600.854963357
11,1,13,200,PSO,26116691.948839247
11,1,14,200,PSO,5370981.105995647
11,1,15,200,PSO,5424802.428912736
11,1,16,200,PSO,152393.0950728678
11,1,17,200,PSO,216528.31984444498
11,1,18,200,PSO,39311769.58854503
11,1,19,200,PSO,20793042.924505796
11,2,0,200,PSO,1274673.9346808277
11,2,1,200,PSO,8817033.617124667
11,2,2,200,PSO,14144635.632883541
11,2,3,200,PSO,4478917.424694521
11,2,4,200,PSO,7536684.907842297
11,2,5,200,PSO,4328658.248224426
11,2,6,200,PSO,2313216.393079584
11,2,7,200,PSO,16808739.99229225
11,2,8,200,PSO,2835403.514308087
11,2,9,200,PSO,14094004.972928138
11,2,10,200,PSO,10410339.959652014
11,2,11,200,PSO,999889.7303252441
11,2,12,200,PSO,22920363.259290624
11,2,13,200,PSO,21565999.20063394
11,2,14,200,PSO,27798383.60316762
11,2,15,200,PSO,9196774.758570876
11,2,16,200,PSO,2687318.3943296657
11,2,17,200,PSO,5284505.830142727
11,2,18,200,PSO,3427503.8860679795
11,2,19,200,PSO,2498518.8521736283
11,3,0,200,PSO,7325456.592973336
11,3,1,200,PSO,28413779.825225074
11,3,2,200,PSO,2005405.0906577318
11,3,3,200,PSO,18478468.181806903
11,3,4,200,PSO,4543309.463277206
11,3,5,200,PSO,18496622.577510517
11,3,6,200,PSO,1104315.934664137
11,3,7,200,PSO,18878525.921474002
11,3,8,200,PSO,1103323.6519222618
11,3,9,200,PSO,15951771.694583341
11,3,10,200,PSO,6877427.021769001
11,3,11,200,PSO,22129587.27846589
11,3,12,200,PSO,64733860.22118226
11,3,13,200,PSO,11918483.043515103
11,3,14,200,PSO,4631119.006315807
11,3,15,200,PSO,22458912.32674553
11,3,16,200,PSO,49618229.64782752
11,3,17,200,PSO,28338761.47706643
11,3,18,200,PSO,3345763.770057829
11,3,19,200,PSO,5867094.084244231
11,4,0,200,PSO,3522446.171691963
11,4,1,200,PSO,32656660.404834274
11,4,2,200,PSO,4056809.3898382494
11,4,3,200,PSO,13391165.033861961
11,4,4,200,PSO,1782527.7096633646
11,4,5,200,PSO,986853.5213007318
11,4,6,200,PSO,692059.2326624987
11,4,7,200,PSO,2312834.707892974
11,4,8,200,PSO,4087098.3679969613
11,4,9,200,PSO,128871.59472238318
11,4,10,200,PSO,7566378.6540221805
11,4,11,200,PSO,24490837.036977712
11,4,12,200,PSO,7087457.888918941
11,4,13,200,PSO,3190618.224815824
11,4,14,200,PSO,2390203.5975970784
11,4,15,200,PSO,1589457.9483127373
11,4,16,200,PSO,649708.690183099
11,4,17,200,PSO,6092132.47003335
11,4,18,200,PSO,1996585.290307983
11,4,19,200,PSO,872608.4769583301
11,5,0,200,PSO,9746844.016454214
11,5,1,200,PSO,3128701.32347846
11,5,2,200,PSO,18346889.18565795
11,5,3,200,PSO,10209666.38486854
11,5,4,200,PSO,2545602.466991539
11,5,5,200,PSO,2702172.052431945
11,5,6,200,PSO,24534715.097759724
11,5,7,200,PSO,685965.0195137861
11,5,8,200,PSO,5068268.48855826
11,5,9,200,PSO,142160.18019330665
11,5,10,200,PSO,2087443.5423622988
11,5,11,200,PSO,12583899.925109247
11,5,12,200,PSO,7651611.46893043
11,5,13,200,PSO,5311942.647868576
11,5,14,200,PSO,12010904.006839123
11,5,15,200,PSO,1080406.9945073274
11,5,16,200,PSO,2154058.8016125164
11,5,17,200,PSO,1352763.168436593
11,5,18,200,PSO,7060293.652689579
11,5,19,200,PSO,4092988.2189588035
11,6,0,200,PSO,16054686.344757738
11,6,1,200,PSO,2174939.8579919892
11,6,2,200,PSO,750730.397315825
11,6,3,200,PSO,5731975.95783821
11,6,4,200,PSO,3230486.1132147764
11,6,5,200,PSO,4520819.949153247
11,6,6,200,PSO,5379892.437314685
11,6,7,200,PSO,7725069.923297299
11,6,8,200,PSO,8281860.777847086
11,6,9,200,PSO,62104.89196459585
11,6,10,200,PSO,995051.7657753321
11,6,11,200,PSO,6234941.578708214
11,6,12,200,PSO,1295787.1995049526
11,6,13,200,PSO,7103970.404770349
11,6,14,200,PSO,15553123.831400245
11,6,15,200,PSO,8409387.743217831
11,6,16,200,PSO,3228504.947950302
11,6,17,200,PSO,19023199.976531636
11,6,18,200,PSO,4180030.96787021
11,6,19,200,PSO,4122171.7919762074
11,7,0,200,PSO,36914156.355138116
11,7,1,200,PSO,18745757.29352188
11,7,2,200,PSO,90027880.22275642
11,7,3,200,PSO,27782615.247772943
11,7,4,200,PSO,19685653.66575682
11,7,5,200,PSO,57186.157566657
11,7,6,200,PSO,27091541.175693035
11,7,7,200,PSO,6960296.016876112
11,7,8,200,PSO,85443989.26563638
11,7,9,200,PSO,27495037.71255509
11,7,10,200,PSO,19223384.308944773
11,7,11,200,PSO,50073545.50225191
11,7,12,200,PSO,59057477.87315952
11,7,13,200,PSO,3953630.1734797466
11,7,14,200,PSO,41313917.73808515
11,7,15,200,PSO,25822412.28909456
11,7,16,200,PSO,37760428.53916187
11,7,17,200,PSO,1971267.3406293837
11,7,18,200,PSO,23345758.11808684
11,7,19,200,PSO,49752222.397270754
12,1,0,200,PSO,432837230.0540625
12,1,1,200,PSO,722723041.6769235
12,1,2,200,PSO,276549256.1680635
12,1,3,200,PSO,353500982.6292885
12,1,4,200,PSO,310460844.0726194
12,1,5,200,PSO,403181288.67517465
12,1,6,200,PSO,685929823.2182285
12,1,7,200,PSO,675110688.8992654
12,1,8,200,PSO,254819856.63968074
12,1,9,200,PSO,305551027.6737576
12,1,10,200,PSO,820111860.5473397
12,1,11,200,PSO,471277031.16217124
12,1,12,200,PSO,589850529.3777673
12,1,13,200,PSO,448040909.79701805
12,1,14,200,PSO,756627998.019968
12,1,15,200,PSO,938501483.0027329
12,1,16,200,PSO,452524228.2560276
12,1,17,200,PSO,444659865.6742465
12,1,18,200,PSO,256727308.89312685
12,1,19,200,PSO,278098889.35491866
12,2,0,200,PSO,1389832676.055221
12,2,1,200,PSO,2392523748.2049537
12,2,2,200,PSO,833963602.6371908
12,2,3,200,PSO,512102527.63148457
12,2,4,200,PSO,428137929.18749523
12,2,5,200,PSO,1237386018.607394
12,2,6,200,PSO,278346654.81660897
12,2,7,200,PSO,570949552.2665517
12,2,8,200,PSO,535651807.5053849
12,2,9,200,PSO,624237063.2230197
12,2,10,200,PSO,1773903389.0146966
12,2,11,200,PSO,711117596.2043711
12,2,12,200,PSO,1491613493.009577
12,2,13,200,PSO,1300388585.2842553
12,2,14,200,PSO,342498820.5006028
12,2,15,200,PSO,1939649668.4141753
12,2,16,200,PSO,631509039.2465006
12,2,17,200,PSO,1239687074.7689579
12,2,18,200,PSO,381984076.52368635
12,2,19,200,PSO,182756714.77961195
12,3,0,200,PSO,4993223950.753958
12,3,1,200,PSO,1518512354.4986649
12,3,2,200,PSO,1503651981.7154214
12,3,3,200,PSO,1381622244.204378
12,3,4,200,PSO,839479634.1771156
12,3,5,200,PSO,596878480.9522257
12,3,6,200,PSO,943363562.1442828
12,3,7,200,PSO,757320329.1843625
12,3,8,200,PSO,2801988098.6898184
12,3,9,200,PSO,462524850.9934342
12,3,10,200,PSO,1694939237.6205096
12,3,11,200,PSO,1448921651.3447008
12,3,12,200,PSO,1946968000.7901323
12,3,13,200,PSO,1577533159.9950025
12,3,14,200,PSO,1393425444.325423
12,3,15,200,PSO,575441822.7724638
12,3,16,200,PSO,352270019.18540627
12,3,17,200,PSO,1624527849.581348
12,3,18,200,PSO,4978728670.922235
12,3,19,200,PSO,1546848181.9433718
12,4,0,200,PSO,307191264.897585
12,4,1,200,PSO,910917863.9330745
12,4,2,200,PSO,3172698105.4494643
12,4,3,200,PSO,663636699.8600421
12,4,4,200,PSO,458462924.5511243
12,4,5,200,PSO,843138121.6026707
12,4,6,200,PSO,621963312.6678102
12,4,7,200,PSO,913736395.4312676
12,4,8,200,PSO,889357148.7695789
12,4,9,200,PSO,599786887.30013
12,4,10,200,PSO,1022747813.2427799
12,4,11,200,PSO,1076337107.862547
12,4,12,200,PSO,1040951133.6690749
12,4,13,200,PSO,360842448.1241759
12,4,14,200,PSO,745834448.1693553
12,4,15,200,PSO,485773774.1418495
12,4,16,200,PSO,602589766.646158
12,4,17,200,PSO,832285389.6708238
12,4,18,200,PSO,803480995.9350872
12,4,19,200,PSO,423890734.8819773
12,5,0,200,PSO,226535765.04692316
12,5,1,200,PSO,115973382.86548132
12,5,2,200,PSO,287287192.36994755
12,5,3,200,PSO,198133771.51363152
12,5,4,200,PSO,242556434.35900873
12,5,5,200,PSO,172282891.6693993
12,5,6,200,PSO,265846737.89896607
12,5,7,200,PSO,339413776.6165362
12,5,8,200,PSO,247617112.5353756
12,5,9,200,PSO,169275726.60421753
12,5,10,200,PSO,165972171.93951687
12,5,11,200,PSO,262437994.28363782
12,5,12,200,PSO,175808878.82499194
12,5,13,200,PSO,130559944.95817359
12,5,14,200,PSO,190532977.8773784
12,5,15,200,PSO,81038919.18316273
12,5,16,200,PSO,244184680.45240134
12,5,17,200,PSO,533437617.6455177
12,5,18,200,PSO,229019936.77254948
12,5,19,200,PSO,170466414.5639381
12,6,0,200,PSO,1445160792.026495
12,6,1,200,PSO,2748691745.753153
12,6,2,200,PSO,774470364.0115176
12,6,3,200,PSO,1190699434.3347538
12,6,4,200,PSO,473977714.51081806
12,6,5,200,PSO,713162377.1169842
12,6,6,200,PSO,943643668.7937772
12,6,7,200,PSO,391106156.61151195
12,6,8,200,PSO,1359214117.4380887
12,6,9,200,PSO,1507243117.1298428
12,6,10,200,PSO,628812916.4117934
12,6,11,200,PSO,1605248672.1956558
12,6,12,200,PSO,2311344661.3317423
12,6,13,200,PSO,914575233.7899765
12,6,14,200,PSO,1767886436.2539525
12,6,15,200,PSO,1863245080.1402433
12,6,16,200,PSO,726289721.3483642
12,6,17,200,PSO,588443210.35178
12,6,18,200,PSO,719314444.3316913
12,6,19,200,PSO,1451635656.349274
12,7,0,200,PSO,1698579112.2275212
12,7,1,200,PSO,3505594234.7286253
12,7,2,200,PSO,3266293307.171275
12,7,3,200,PSO,15804076117.155193
12,7,4,200,PSO,773701148.8904179
12,7,5,200,PSO,784988250.8537891
12,7,6,200,PSO,9612296377.331842
12,7,7,200,PSO,1793379771.2907805
12,7,8,200,PSO,38827795495.05456
12,7,9,200,PSO,1205492925.7726994
12,7,10,200,PSO,7852381834.026352
12,7,11,200,PSO,15317387229.169931
12,7,12,200,PSO,3075687863.572459
12,7,13,200,PSO,865794650.9530995
12,7,14,200,PSO,2128925161.503568
12,7,15,200,PSO,1015106953.9586514
12,7,16,200,PSO,593031977.979222
12,7,17,200,PSO,237341866.1102532
12,7,18,200,PSO,15050732544.503283
12,7,19,200,PSO,4210869431.850902
13,1,0,200,PSO,46307.29357610724
13,1,1,200,PSO,33570.64283053951
13,1,2,200,PSO,59267.38944213001
13,1,3,200,PSO,97494.58237599397
13,1,4,200,PSO,51066.29910563411
13,1,5,200,PSO,44277.35329387524
13,1,6,200,PSO,45825.31152994199
13,1,7,200,PSO,59756.22258933578
13,1,8,200,PSO,42885.679602097516
13,1,9,200,PSO,37031.147785459456
13,1,10,200,PSO,40848.57154932812
13,1,11,200,PSO,54688.336919194415
13,1,12,200,PSO,42470.10231335029
13,1,13,200,PSO,56908.53053936753
13,1,14,200,PSO,72799.89839606592
13,1,15,200,PSO,43861.314631698864
13,1,16,200,PSO,44087.9790199776
13,1,17,200,PSO,55799.43486797053
13,1,18,200,PSO,34185.81738623723
13,1,19,200,PSO,73029.92696063289
13,2,0,200,PSO,66340.58957107986
13,2,1,200,PSO,49432.26694609838
13,2,2,200,PSO,57470.8056899712
13,2,3,200,PSO,54420.004376041536
13,2,4,200,PSO,93113.62443902559
13,2,5,200,PSO,66783.2697854229
13,2,6,200,PSO,53555.123681676654
13,2,7,200,PSO,50035.37481309025
13,2,8,200,PSO,50428.69511185896
13,2,9,200,PSO,54909.55987628725
13,2,10,200,PSO,40607.39648064659
13,2,11,200,PSO,52964.7274223991
13,2,12,200,PSO,52312.13822117801
13,2,13,200,PSO,63192.00307009898
13,2,14,200,PSO,74298.33466158327
13,2,15,200,PSO,69924.13884336123
13,2,16,200,PSO,50657.1621759522
13,2,17,200,PSO,67256.78948894798
13,2,18,200,PSO,57468.15329398929
13,2,19,200,PSO,58001.26240552219
13,3,0,200,PSO,75058.65431780138
13,3,1,200,PSO,96412.98509138836
13,3,2,200,PSO,76034.9467730971
13,3,3,200,PSO,59385.44372531476
13,3,4,200,PSO,58169.96130114481
13,3,5,200,PSO,48411.65354176758
13,3,6,200,PSO,55545.775873351646
13,3,7,200,PSO,68034.80711292697
13,3,8,200,PSO,86325.6750617051
13,3,9,200,PSO,51267.28149408825
13,3,10,200,PSO,78632.85997870706
13,3,11,200,PSO,45815.410689476055
13,3,12,200,PSO,76318.59671892555
13,3,13,200,PSO,75592.87675174495
13,3,14,200,PSO,69963.69441418503
13,3,15,200,PSO,54693.87903541294
13,3,16,200,PSO,60815.840064169526
13,3,17,200,PSO,63767.51459596546
13,3,18,200,PSO,75312.56675605719
13,3,19,200,PSO,66944.54595546424
13,4,0,200,PSO,28454.47715278852
13,4,1,200,PSO,52448.04914370423
13,4,2,200,PSO,31132.72087071093
13,4,3,200,PSO,55334.14643117829
13,4,4,200,PSO,38015.57573764832
13,4,5,200,PSO,49704.55713223338
13,4,6,200,PSO,45416.919504857266
13,4,7,200,PSO,60328.98648872836
13,4,8,200,PSO,39220.42218302927
13,4,9,200,PSO,37175.38778452349
13,4,10,200,PSO,31807.393936505425
13,4,11,200,PSO,66189.6799037566
13,4,12,200,PSO,44254.29224568508
13,4,13,200,PSO,41466.28941887289
13,4,14,200,PSO,42588.55341159837
13,4,15,200,PSO,37149.49324807188
13,4,16,200,PSO,46513.003027825485
13,4,17,200,PSO,48302.49394184793
13,4,18,200,PSO,45493.977972593326
13,4,19,200,PSO,32238.49476753318
13,5,0,200,PSO,23484.549336739656
13,5,1,200,PSO,33488.15237988872
13,5,2,200,PSO,27312.216966835782
13,5,3,200,PSO,49741.00886751069
13,5,4,200,PSO,55005.92794475646
13,5,5,200,PSO,44358.96854523212
13,5,6,200,PSO,37066.87337174437
13,5,7,200,PSO,45887.142625755674
13,5,8,200,PSO,39520.671089355004
13,5,9,200,PSO,33140.65468190308
13,5,10,200,PSO,19750.937893295006
13,5,11,200,PSO,42714.101616339154
13,5,12,200,PSO,55389.85694011931
13,5,13,200,PSO,57742.66862607184
13,5,14,200,PSO,46624.37454848588
13,5,15,200,PSO,43254.77451397389
13,5,16,200,PSO,39039.93534671866
13,5,17,200,PSO,42370.665840180154
13,5,18,200,PSO,37946.68935665028
13,5,19,200,PSO,26927.847916377825
13,6,0,200,PSO,18546.500992435256
13,6,1,200,PSO,27696.850627446405
13,6,2,200,PSO,31806.430505091237
13,6,3,200,PSO,36097.97440319461
13,6,4,200,PSO,44149.27643373321
13,6,5,200,PSO,44241.44972819601
13,6,6,200,PSO,36430.580263099706
13,6,7,200,PSO,45245.39866262775
13,6,8,200,PSO,40038.800075231964
13,6,9,200,PSO,38222.47988518867
13,6,10,200,PSO,32396.2710593051
13,6,11,200,PSO,47058.51246237118
13,6,12,200,PSO,33112.41472246012
13,6,13,200,PSO,39493.3122872228
13,6,14,200,PSO,35687.70866115326
13,6,15,200,PSO,47743.7039805287
13,6,16,200,PSO,28755.31603355615
13,6,17,200,PSO,47278.83827827223
13,6,18,200,PSO,38497.027033968916
13,6,19,200,PSO,37456.746976379145
13,7,0,200,PSO,38231.73364478756
13,7,1,200,PSO,33999.82171959016
13,7,2,200,PSO,42700.45904413646
13,7,3,200,PSO,44764.3261580298
13,7,4,200,PSO,38148.058458820764
13,7,5,200,PSO,45675.15340954865
13,7,6,200,PSO,30711.156074535866
13,7,7,200,PSO,51491.34325289013
13,7,8,200,PSO,47064.23369175913
13,7,9,200,PSO,35212.95284841752
13,7,10,200,PSO,35162.72339142418
13,7,11,200,PSO,42385.27234642082
13,7,12,200,PSO,46149.296045127776
13,7,13,200,PSO,86153.7949872611
13,7,14,200,PSO,50337.622088958604
13,7,15,200,PSO,45985.89957986837
13,7,16,200,PSO,52784.76092014203
13,7,17,200,PSO,44646.95680767425
13,7,18,200,PSO,72719.18388254615
13,7,19,200,PSO,70843.72973427238
14,1,0,200,PSO,976.1856634873322
14,1,1,200,PSO,765.541589353308
14,1,2,200,PSO,420.35322379919364
14,1,3,200,PSO,449.2132961193917
14,1,4,200,PSO,309.06726671329216
14,1,5,200,PSO,256.53080073440924
14,1,6,200,PSO,514.8936836037273
14,1,7,200,PSO,339.09669465207264
14,1,8,200,PSO,864.9879163530218
14,1,9,200,PSO,265.12270940860344
14,1,10,200,PSO,865.8984459136557
14,1,11,200,PSO,169.4067856589635
14,1,12,200,PSO,471.61099095071404
14,1,13,200,PSO,511.7088824100521
14,1,14,200,PSO,323.35241975267127
14,1,15,200,PSO,311.68827849794496
14,1,16,200,PSO,240.5118055017581
14,1,17,200,PSO,409.29414382782875
14,1,18,200,PSO,591.289095113151
14,1,19,200,PSO,409.4406031919847
14,2,0,200,PSO,420.48936726973625
14,2,1,200,PSO,615.7908970652069
14,2,2,200,PSO,472.90825247695363
14,2,3,200,PSO,643.3800480865441
14,2,4,200,PSO,627.8210229781505
14,2,5,200,PSO,793.9016478971721
14,2,6,200,PSO,337.6881633305899
14,2,7,200,PSO,274.4436657197383
14,2,8,200,PSO,776.2258855716962
14,2,9,200,PSO,492.07485023017784
14,2,10,200,PSO,249.8374218240749
14,2,11,200,PSO,1007.1824409021036
14,2,12,200,PSO,876.2452449200568
14,2,13,200,PSO,407.4539663731117
14,2,14,200,PSO,1163.8539316831375
14,2,15,200,PSO,612.8914012309282
14,2,16,200,PSO,658.3123451677868
14,2,17,200,PSO,353.5363374614236
14,2,18,200,PSO,488.00152550801664
14,2,19,200,PSO,516.7096662073764
14,3,0,200,PSO,322.72138539347446
14,3,1,200,PSO,103.88675967515849
14,3,2,200,PSO,142.89386839304248
14,3,3,200,PSO,213.18718510947357
14,3,4,200,PSO,336.6676395694107
14,3,5,200,PSO,297.0355383707596
14,3,6,200,PSO,269.8237791238067
14,3,7,200,PSO,332.2690807053433
14,3,8,200,PSO,242.81069762049648
14,3,9,200,PSO,133.80707166134624
14,3,10,200,PSO,140.1400119443142
14,3,11,200,PSO,232.7537966947778
14,3,12,200,PSO,188.15152531169997
14,3,13,200,PSO,248.3931231704537
14,3,14,200,PSO,174.16969753382483
14,3,15,200,PSO,154.18686100956714
14,3,16,200,PSO,288.1928406744029
14,3,17,200,PSO,417.5702354126513
14,3,18,200,PSO,139.91058030735476
14,3,19,200,PSO,148.37080442590477
14,4,0,200,PSO,376.7699142573689
14,4,1,200,PSO,737.0510808126102
14,4,2,200,PSO,395.1173051552618
14,4,3,200,PSO,420.3598452307506
14,4,4,200,PSO,305.0059630746546
14,4,5,200,PSO,396.72725095480206
14,4,6,200,PSO,443.83959603385574
14,4,7,200,PSO,373.53469201125245
14,4,8,200,PSO,387.09382274017236
14,4,9,200,PSO,288.6941495417352
14,4,10,200,PSO,452.36375904804504
14,4,11,200,PSO,356.8669271562873
14,4,12,200,PSO,332.3430225500895
14,4,13,200,PSO,489.7221362773482
14,4,14,200,PSO,584.9051367342033
14,4,15,200,PSO,375.7246381912643
14,4,16,200,PSO,373.52408754102936
14,4,17,200,PSO,243.41804274171218
14,4,18,200,PSO,293.2195168111276
14,4,19,200,PSO,335.43509573539194
14,5,0,200,PSO,609.9196206381238
14,5,1,200,PSO,857.7970885672537
14,5,2,200,PSO,845.4973415350507
14,5,3,200,PSO,478.7481012540353
14,5,4,200,PSO,369.09203457217967
14,5,5,200,PSO,1007.3620523358713
14,5,6,200,PSO,696.9598283403167
14,5,7,200,PSO,457.1261777504588
14,5,8,200,PSO,474.85900425942225
14,5,9,200,PSO,460.6606139861572
14,5,10,200,PSO,684.463248488997
14,5,11,200,PSO,921.6388642599426
14,5,12,200,PSO,420.82324273536216
14,5,13,200,PSO,762.2865577066885
14,5,14,200,PSO,347.547891780296
14,5,15,200,PSO,636.5393913223943
14,5,16,200,PSO,1026.1804119403814
14,5,17,200,PSO,415.6708019506193
14,5,18,200,PSO,295.6859542536981
14,5,19,200,PSO,453.72836614838593
14,6,0,200,PSO,295.47475242323225
14,6,1,200,PSO,329.074785726559
14,6,2,200,PSO,912.1897287806617
14,6,3,200,PSO,360.31775422327513
14,6,4,200,PSO,516.4256952262954
14,6,5,200,PSO,374.8468374389254
14,6,6,200,PSO,417.9448080791156
14,6,7,200,PSO,307.3890849216286
14,6,8,200,PSO,828.6213718106396
14,6,9,200,PSO,472.2525589379024
14,6,10,200,PSO,220.54818045707594
14,6,11,200,PSO,379.720396961447
14,6,12,200,PSO,313.91983789074266
14,6,13,200,PSO,207.12051620381544
14,6,14,200,PSO,505.8384378338099
14,6,15,200,PSO,294.4601008686342
14,6,16,200,PSO,220.08074273152428
14,6,17,200,PSO,435.9660687217811
14,6,18,200,PSO,420.49681712655604
14,6,19,200,PSO,435.9964530128839
14,7,0,200,PSO,405.59211377018846
14,7,1,200,PSO,472.191101913193
14,7,2,200,PSO,320.2705691814225
14,7,3,200,PSO,345.0913051462609
14,7,4,200,PSO,247.2790308932622
14,7,5,200,PSO,179.75165229076492
14,7,6,200,PSO,332.4281597020838
14,7,7,200,PSO,269.73671846642225
14,7,8,200,PSO,198.07662155027506
14,7,9,200,PSO,301.74426005883555
14,7,10,200,PSO,300.614255721533
14,7,11,200,PSO,263.52340888075287
14,7,12,200,PSO,366.66568729388854
14,7,13,200,PSO,308.2424606621562
14,7,14,200,PSO,294.8928131639236
14,7,15,200,PSO,310.87690883879657
14,7,16,200,PSO,358.5612861248322
14,7,17,200,PSO,185.7243628913332
14,7,18,200,PSO,242.52562135356456
14,7,19,200,PSO,230.18047888780336
15,1,0,200,PSO,13212.89449921549
15,1,1,200,PSO,13203.607645090777
15,1,2,200,PSO,25602.71148461727
15,1,3,200,PSO,24498.056199806808
15,1,4,200,PSO,16908.746440040894
15,1,5,200,PSO,31926.446123083788
15,1,6,200,PSO,29432.35454897139
15,1,7,200,PSO,23220.987293708917
15,1,8,200,PSO,19146.457718354206
15,1,9,200,PSO,15743.1164609996
15,1,10,200,PSO,33385.35212576852
15,1,11,200,PSO,18419.086707046303
15,1,12,200,PSO,29603.07153113601
15,1,13,200,PSO,21840.024467929386
15,1,14,200,PSO,19186.200920282357
15,1,15,200,PSO,19651.53347430596
15,1,16,200,PSO,15243.262578267077
15,1,17,200,PSO,18099.321240333647
15,1,18,200,PSO,23630.087006046448
15,1,19,200,PSO,19387.750055714383
15,2,0,200,PSO,14476.325564924991
15,2,1,200,PSO,14414.69029714011
15,2,2,200,PSO,10366.716402323866
15,2,3,200,PSO,23737.275686396624
15,2,4,200,PSO,13434.245453798027
15,2,5,200,PSO,13253.158376556348
15,2,6,200,PSO,15585.76616935691
15,2,7,200,PSO,14366.698772182808
15,2,8,200,PSO,26638.477446022458
15,2,9,200,PSO,19573.128064563323
15,2,10,200,PSO,13151.830566731185
15,2,11,200,PSO,25783.394247757125
15,2,12,200,PSO,11470.049374179573
15,2,13,200,PSO,19662.007464036997
15,2,14,200,PSO,22593.71265220354
15,2,15,200,PSO,12946.456654393063
15,2,16,200,PSO,14919.79084411673
15,2,17,200,PSO,20746.00218774961
15,2,18,200,PSO,15124.612253876718
15,2,19,200,PSO,18291.808385623597
15,3,0,200,PSO,19089.22617417348
15,3,1,200,PSO,12845.737566006934
15,3,2,200,PSO,12825.850536839778
15,3,3,200,PSO,15518.154056160303
15,3,4,200,PSO,27451.56493551047
15,3,5,200,PSO,11242.262874269509
15,3,6,200,PSO,11678.637737064997
15,3,7,200,PSO,16733.558170031924
15,3,8,200,PSO,13362.87578414443
15,3,9,200,PSO,21213.074621357453
15,3,10,200,PSO,10107.329921542767
15,3,11,200,PSO,12404.641468315334
15,3,12,200,PSO,15098.011618530829
15,3,13,200,PSO,9176.67012337971
15,3,14,200,PSO,13570.336773506073
15,3,15,200,PSO,11015.757116221504
15,3,16,200,PSO,17376.361481518332
15,3,17,200,PSO,35984.67307715099
15,3,18,200,PSO,12354.553302072023
15,3,19,200,PSO,14924.284705043247
15,4,0,200,PSO,13847.206071027078
15,4,1,200,PSO,31272.952057024508
15,4,2,200,PSO,9980.825460270575
15,4,3,200,PSO,14755.954249851744
15,4,4,200,PSO,14903.191168463103
15,4,5,200,PSO,19761.953325971575
15,4,6,200,PSO,14233.435870971476
15,4,7,200,PSO,16897.162219869977
15,4,8,200,PSO,16845.215068034
15,4,9,200,PSO,18727.44405625573
15,4,10,200,PSO,17276.33788468151
15,4,11,200,PSO,16005.048820876276
15,4,12,200,PSO,26185.081959149058
15,4,13,200,PSO,14436.570471647845
15,4,14,200,PSO,17625.020539927522
15,4,15,200,PSO,15179.10655152023
15,4,16,200,PSO,14016.32375885885
15,4,17,200,PSO,19141.80769746983
15,4,18,200,PSO,12743.984734237576
15,4,19,200,PSO,13334.4678223243
15,5,0,200,PSO,22785.915795171633
15,5,1,200,PSO,19639.218072340194
15,5,2,200,PSO,17605.091406492276
15,5,3,200,PSO,19057.625701398385
15,5,4,200,PSO,9502.05486011846
15,5,5,200,PSO,10485.04828397858
15,5,6,200,PSO,16439.9761447563
15,5,7,200,PSO,19758.470317493076
15,5,8,200,PSO,25870.36148205049
15,5,9,200,PSO,14842.091687702337
15,5,10,200,PSO,19300.44093187287
15,5,11,200,PSO,23867.067503330894
15,5,12,200,PSO,13091.930008542535
15,5,13,200,PSO,14949.08227918866
15,5,14,200,PSO,26790.18230008007
15,5,15,200,PSO,13686.944508398563
15,5,16,200,PSO,23965.61449247419
15,5,17,200,PSO,15553.693467423182
15,5,18,200,PSO,26719.096039592536
15,5,19,200,PSO,16068.149856686214
15,6,0,200,PSO,16338.468202515478
15,6,1,200,PSO,15758.246626570468
15,6,2,200,PSO,25027.922347785894
15,6,3,200,PSO,19248.511806712286
15,6,4,200,PSO,14692.791179282112
15,6,5,200,PSO,15972.005110756816
15,6,6,200,PSO,11873.181583956954
15,6,7,200,PSO,18455.326259829402
15,6,8,200,PSO,22408.25559256451
15,6,9,200,PSO,15385.319047974284
15,6,10,200,PSO,18574.091751445267
15,6,11,200,PSO,13928.858150750999
15,6,12,200,PSO,24698.211508992455
15,6,13,200,PSO,12285.690305315875
15,6,14,200,PSO,17337.213404187754
15,6,15,200,PSO,19029.903172269926
15,6,16,200,PSO,15985.417165933786
15,6,17,200,PSO,11105.967755984231
15,6,18,200,PSO,22468.554056794586
15,6,19,200,PSO,19768.296044980652
15,7,0,200,PSO,13223.972291680137
15,7,1,200,PSO,12922.089915380282
15,7,2,200,PSO,11485.46100169139
15,7,3,200,PSO,19769.862116632605
15,7,4,200,PSO,13227.30997889563
15,7,5,200,PSO,20085.16702734297
15,7,6,200,PSO,19105.41638944049
15,7,7,200,PSO,16455.05519820541
15,7,8,200,PSO,15890.887726698971
15,7,9,200,PSO,12925.405258481187
15,7,10,200,PSO,19257.67976541239
15,7,11,200,PSO,12621.1839110336
15,7,12,200,PSO,23361.723885668693
15,7,13,200,PSO,14572.672066220084
15,7,14,200,PSO,20583.73171408093
15,7,15,200,PSO,18111.110763467826
15,7,16,200,PSO,18863.152090123163
15,7,17,200,PSO,14152.169198553633
15,7,18,200,PSO,25594.533543026017
15,7,19,200,PSO,28172.996852017764
16,1,0,200,PSO,5699.461388426426
16,1,1,200,PSO,7422.706188979926
16,1,2,200,PSO,6876.1622264205835
16,1,3,200,PSO,5342.1051869115645
16,1,4,200,PSO,3829.79973419043
16,1,5,200,PSO,4496.385407752457
16,1,6,200,PSO,2613.693457129948
16,1,7,200,PSO,4549.228164848302
16,1,8,200,PSO,5291.6873373657745
16,1,9,200,PSO,3828.920254227028
16,1,10,200,PSO,9058.934872236387
16,1,11,200,PSO,7141.707588912459
16,1,12,200,PSO,6790.368286171893
16,1,13,200,PSO,6419.73668852131
16,1,14,200,PSO,2333.2654987088404
16,1,15,200,PSO,4074.3691836987273
16,1,16,200,PSO,7121.238341194224
16,1,17,200,PSO,2949.2933458397947
16,1,18,200,PSO,5788.212549666118
16,1,19,200,PSO,5145.663044273382
16,2,0,200,PSO,3667.8656224872257
16,2,1,200,PSO,4592.250790180824
16,2,2,200,PSO,2763.9633262149946
16,2,3,200,PSO,2875.7951440071092
16,2,4,200,PSO,3488.2575372627675
16,2,5,200,PSO,4409.753517865762
16,2,6,200,PSO,10979.299225597533
16,2,7,200,PSO,3449.5966289078483
16,2,8,200,PSO,5785.015284536206
16,2,9,200,PSO,3676.786193850582
16,2,10,200,PSO,4573.108324798675
16,2,11,200,PSO,8230.738003170649
16,2,12,200,PSO,3746.0200335735963
16,2,13,200,PSO,5272.439857719668
16,2,14,200,PSO,5255.963236463791
16,2,15,200,PSO,5977.6606614177035
16,2,16,200,PSO,8982.166366308644
16,2,17,200,PSO,5747.499290988837
16,2,18,200,PSO,5735.278107078881
16,2,19,200,PSO,5330.690781889684
16,3,0,200,PSO,5898.698921990694
16,3,1,200,PSO,4869.299389497586
16,3,2,200,PSO,2630.645695927353
16,3,3,200,PSO,4384.713346225001
16,3,4,200,PSO,7224.672468270996
16,3,5,200,PSO,6367.745874760223
16,3,6,200,PSO,4037.397295735795
16,3,7,200,PSO,3720.378743506524
16,3,8,200,PSO,4489.358370085546
16,3,9,200,PSO,9208.891669996163
16,3,10,200,PSO,4039.7486011283
16,3,11,200,PSO,4358.177369192896
16,3,12,200,PSO,4542.534494571966
16,3,13,200,PSO,4725.977973941593
16,3,14,200,PSO,4672.405555155055
16,3,15,200,PSO,4480.354627969428
16,3,16,200,PSO,5124.554386570344
16,3,17,200,PSO,9105.391543608403
16,3,18,200,PSO,3368.381859059297
16,3,19,200,PSO,4049.794114138209
16,4,0,200,PSO,7431.4302902526815
16,4,1,200,PSO,4669.967660541779
16,4,2,200,PSO,7437.737663925915
16,4,3,200,PSO,2952.2159831618123
16,4,4,200,PSO,3666.9722690485464
16,4,5,200,PSO,6185.228354711889
16,4,6,200,PSO,9257.302211109172
16,4,7,200,PSO,3376.3449705666385
16,4,8,200,PSO,4893.2086091528545
16,4,9,200,PSO,11820.840574839902
16,4,10,200,PSO,3894.8755115844365
16,4,11,200,PSO,4320.39031375989
16,4,12,200,PSO,4580.15238215199
16,4,13,200,PSO,6831.205425245589
16,4,14,200,PSO,6244.240426320448
16,4,15,200,PSO,6775.811998098582
16,4,16,200,PSO,8503.472897382828
16,4,17,200,PSO,3148.7252043376848
16,4,18,200,PSO,3276.699972711246
16,4,19,200,PSO,5498.432909642899
16,5,0,200,PSO,7580.507465896739
16,5,1,200,PSO,2876.019028514746
16,5,2,200,PSO,7097.846816311005
16,5,3,200,PSO,4973.9047594849
16,5,4,200,PSO,5119.863405355949
16,5,5,200,PSO,9637.733853569387
16,5,6,200,PSO,6471.1269832867565
16,5,7,200,PSO,6407.695394855801
16,5,8,200,PSO,4052.3764801129673
16,5,9,200,PSO,4138.100987466443
16,5,10,200,PSO,4737.495044696521
16,5,11,200,PSO,4314.712747701222
16,5,12,200,PSO,4457.704696023009
16,5,13,200,PSO,3585.9574379365113
16,5,14,200,PSO,3547.9440048135343
16,5,15,200,PSO,4628.769853998811
16,5,16,200,PSO,6384.980425888734
16,5,17,200,PSO,10155.538309999
16,5,18,200,PSO,9010.65997861173
16,5,19,200,PSO,5568.196286328484
16,6,0,200,PSO,4947.8894178753635
16,6,1,200,PSO,4519.073898928869
16,6,2,200,PSO,5855.250143854449
16,6,3,200,PSO,7454.230962116142
16,6,4,200,PSO,5016.765248259165
16,6,5,200,PSO,3855.257688911429
16,6,6,200,PSO,4056.949157304313
16,6,7,200,PSO,5600.730555388737
16,6,8,200,PSO,10024.461780369436
16,6,9,200,PSO,4656.651770063043
16,6,10,200,PSO,3030.348310988112
16,6,11,200,PSO,3547.957247930268
16,6,12,200,PSO,4686.227637234614
16,6,13,200,PSO,5320.1414607445895
16,6,14,200,PSO,3081.33572485511
16,6,15,200,PSO,8064.642756915931
16,6,16,200,PSO,4353.039379638357
16,6,17,200,PSO,4604.539214729523
16,6,18,200,PSO,7120.093486838081
16,6,19,200,PSO,7391.668677985532
16,7,0,200,PSO,5264.880908404432
16,7,1,200,PSO,4249.987173089016
16,7,2,200,PSO,2466.054896276117
16,7,3,200,PSO,3479.64369991229
16,7,4,200,PSO,2607.1805754075967
16,7,5,200,PSO,2898.7334094604425
16,7,6,200,PSO,2654.632142089584
16,7,7,200,PSO,5203.380014253007
16,7,8,200,PSO,2617.2300828270013
16,7,9,200,PSO,4572.3123958302485
16,7,10,200,PSO,3927.45425562019
16,7,11,200,PSO,4377.443610552066
16,7,12,200,PSO,4894.885239497453
16,7,13,200,PSO,3381.336657371612
16,7,14,200,PSO,3771.354859308476
16,7,15,200,PSO,4873.659037716466
16,7,16,200,PSO,7624.545225866887
16,7,17,200,PSO,2964.199237049901
16,7,18,200,PSO,4899.9511260417685
16,7,19,200,PSO,2366.0626392007225
17,1,0,200,PSO,577.1543506630118
17,1,1,200,PSO,2833.9124341954844
17,1,2,200,PSO,633.335196272331
17,1,3,200,PSO,583.1150205172474
17,1,4,200,PSO,624.9092178831115
17,1,5,200,PSO,701.8629180991585
17,1,6,200,PSO,602.3085640971314
17,1,7,200,PSO,616.9325954197274
17,1,8,200,PSO,588.9711666105705
17,1,9,200,PSO,550.6715942037001
17,1,10,200,PSO,415.5990386932869
17,1,11,200,PSO,2585.131829158434
17,1,12,200,PSO,986.6041544106112
17,1,13,200,PSO,494.60626896319167
17,1,14,200,PSO,935.9440437813324
17,1,15,200,PSO,548.2495853255674
17,1,16,200,PSO,854.8754554376375
17,1,17,200,PSO,533.4522871552269
17,1,18,200,PSO,568.234267033025
17,1,19,200,PSO,814.8658417175706
17,2,0,200,PSO,479.8723233416686
17,2,1,200,PSO,847.8360809545321
17,2,2,200,PSO,397.722334286149
17,2,3,200,PSO,592.1369096973666
17,2,4,200,PSO,532.6277858557587
17,2,5,200,PSO,722.8869554604722
17,2,6,200,PSO,519.1522929581197
17,2,7,200,PSO,410.09846719888594
17,2,8,200,PSO,616.4579570123589
17,2,9,200,PSO,393.0364092231944
17,2,10,200,PSO,431.41185237853034
17,2,11,200,PSO,467.77346363406616
17,2,12,200,PSO,505.2997271158012
17,2,13,200,PSO,502.4133455782812
17,2,14,200,PSO,498.23056283484595
17,2,15,200,PSO,511.86833290382634
17,2,16,200,PSO,469.41370969053304
17,2,17,200,PSO,451.996524845711
17,2,18,200,PSO,598.131219482305
17,2,19,200,PSO,298.4727806595264
17,3,0,200,PSO,551.1044603431752
17,3,1,200,PSO,671.2019704142076
17,3,2,200,PSO,628.8375661075045
17,3,3,200,PSO,607.5912655954764
17,3,4,200,PSO,869.5118560505971
17,3,5,200,PSO,3289.392985240886
17,3,6,200,PSO,602.2383359378832
17,3,7,200,PSO,1289.0605873647955
17,3,8,200,PSO,1245.459914694537
17,3,9,200,PSO,1619.6968612444557
17,3,10,200,PSO,647.5936044868638
17,3,11,200,PSO,944.2145596188697
17,3,12,200,PSO,2606.8908179576474
17,3,13,200,PSO,959.2597894249586
17,3,14,200,PSO,2520.370949984552
17,3,15,200,PSO,1367.0058213531468
17,3,16,200,PSO,2467.0998272024785
17,3,17,200,PSO,838.6835499135332
17,3,18,200,PSO,492.2967216761364
17,3,19,200,PSO,755.6690984598949
17,4,0,200,PSO,1197.191890429967
17,4,1,200,PSO,1057.6163524400577
17,4,2,200,PSO,1443.9409338868381
17,4,3,200,PSO,951.8852722831325
17,4,4,200,PSO,2207.8970443319886
17,4,5,200,PSO,1119.0233183830662
17,4,6,200,PSO,932.678020694507
17,4,7,200,PSO,609.2225848557298
17,4,8,200,PSO,626.1549824807033
17,4,9,200,PSO,691.7370685851803
17,4,10,200,PSO,975.2118215289298
17,4,11,200,PSO,425.54018814813065
17,4,12,200,PSO,907.9129226475485
17,4,13,200,PSO,696.9433781146238
17,4,14,200,PSO,789.3176112915547
17,4,15,200,PSO,596.4893496793582
17,4,16,200,PSO,1536.61543010577
17,4,17,200,PSO,911.7793972472723
17,4,18,200,PSO,7804.97193310786
17,4,19,200,PSO,679.8218738955977
17,5,0,200,PSO,1102.4455860863136
17,5,1,200,PSO,402.1310828484075
17,5,2,200,PSO,531.3365151124532
17,5,3,200,PSO,469.9265096041013
17,5,4,200,PSO,537.6565957199641
17,5,5,200,PSO,876.4717017829794
17,5,6,200,PSO,720.8028766007665
17,5,7,200,PSO,656.3191447676819
17,5,8,200,PSO,629.9859795273945
17,5,9,200,PSO,542.9697525882398
17,5,10,200,PSO,850.1172262680592
17,5,11,200,PSO,696.4958329030628
17,5,12,200,PSO,599.1717420458108
17,5,13,200,PSO,660.0054386488849
17,5,14,200,PSO,756.6203479752203
17,5,15,200,PSO,744.0687605233734
17,5,16,200,PSO,402.14598979260415
17,5,17,200,PSO,630.0626661230983
17,5,18,200,PSO,649.2200645152229
17,5,19,200,PSO,588.668320571396
17,6,0,200,PSO,732.1691589593161
17,6,1,200,PSO,787.9333419687692
17,6,2,200,PSO,1989.3652782453328
17,6,3,200,PSO,585.4232613391944
17,6,4,200,PSO,715.8404634054413
17,6,5,200,PSO,418.4143551211947
17,6,6,200,PSO,689.0448521671119
17,6,7,200,PSO,389.5851125280742
17,6,8,200,PSO,824.3991492033989
17,6,9,200,PSO,791.223669688263
17,6,10,200,PSO,523.882066442559
17,6,11,200,PSO,350.26027272198587
17,6,12,200,PSO,836.0877942254608
17,6,13,200,PSO,683.0418793303741
17,6,14,200,PSO,847.0457248668129
17,6,15,200,PSO,394.9992959112405
17,6,16,200,PSO,791.6576386167543
17,6,17,200,PSO,541.6018237226048
17,6,18,200,PSO,577.791158129395
17,6,19,200,PSO,942.1488969597365
17,7,0,200,PSO,661.3113618797612
17,7,1,200,PSO,535.3702983408782
17,7,2,200,PSO,750.2145224768883
17,7,3,200,PSO,1545.5253655137349
17,7,4,200,PSO,762.3593812777805
17,7,5,200,PSO,546.9935194709133
17,7,6,200,PSO,527.0361904062437
17,7,7,200,PSO,759.3556738655753
17,7,8,200,PSO,882.1987149494357
17,7,9,200,PSO,606.7712175339663
17,7,10,200,PSO,499.15460769774785
17,7,11,200,PSO,673.2321476432926
17,7,12,200,PSO,452.0415175298131
17,7,13,200,PSO,617.4728979060349
17,7,14,200,PSO,952.3912605607326
17,7,15,200,PSO,758.6736677500172
17,7,16,200,PSO,1187.833497321275
17,7,17,200,PSO,642.2617364967884
17,7,18,200,PSO,880.6459909815602
17,7,19,200,PSO,700.799693881771
18,1,0,200,PSO,3666.5995404350283
18,1,1,200,PSO,2978.7133255010285
18,1,2,200,PSO,2328.5148767366704
18,1,3,200,PSO,2631.6103982781547
18,1,4,200,PSO,2308.394081502385
18,1,5,200,PSO,8419.993402318087
18,1,6,200,PSO,2176.1562596442072
18,1,7,200,PSO,2236.0876515468253
18,1,8,200,PSO,2205.9522719112642
18,1,9,200,PSO,3071.1620301148814
18,1,10,200,PSO,2021.7702358876754
18,1,11,200,PSO,2684.2478208335447
18,1,12,200,PSO,4680.853060082203
18,1,13,200,PSO,4989.284063013839
18,1,14,200,PSO,3766.1122569683507
18,1,15,200,PSO,3013.8112475528437
18,1,16,200,PSO,5134.606687121847
18,1,17,200,PSO,3019.355938299778
18,1,18,200,PSO,2306.452187713665
18,1,19,200,PSO,2569.6304252333753
18,2,0,200,PSO,1206.2419298773018
18,2,1,200,PSO,1766.5860625614844
18,2,2,200,PSO,1883.3046054894596
18,2,3,200,PSO,3256.457935240969
18,2,4,200,PSO,1761.442567653158
18,2,5,200,PSO,2690.475813028973
18,2,6,200,PSO,3263.8339213318263
18,2,7,200,PSO,1531.2141324089562
18,2,8,200,PSO,2486.6027867824
18,2,9,200,PSO,1610.171115488413
18,2,10,200,PSO,1460.692274451422
18,2,11,200,PSO,2105.234536802884
18,2,12,200,PSO,1580.6569146701506
18,2,13,200,PSO,3538.9343541310586
18,2,14,200,PSO,5278.933779692348
18,2,15,200,PSO,1249.922280754426
18,2,16,200,PSO,3545.314264057486
18,2,17,200,PSO,2205.8330013999525
18,2,18,200,PSO,1750.4103952427413
18,2,19,200,PSO,1597.6723615879018
18,3,0,200,PSO,2176.772307927939
18,3,1,200,PSO,2376.5699763421617
18,3,2,200,PSO,4423.967336459618
18,3,3,200,PSO,5144.819460607432
18,3,4,200,PSO,4636.766235669482
18,3,5,200,PSO,5137.897094497347
18,3,6,200,PSO,2180.4845596245195
18,3,7,200,PSO,3009.3856962325326
18,3,8,200,PSO,3541.653588853408
18,3,9,200,PSO,2960.6897817997296
18,3,10,200,PSO,3871.662517930897
18,3,11,200,PSO,4324.290893600548
18,3,12,200,PSO,2689.7985659954797
18,3,13,200,PSO,2722.6009944437506
18,3,14,200,PSO,3171.66701755435
18,3,15,200,PSO,3952.0266242805114
18,3,16,200,PSO,7240.472787148695
18,3,17,200,PSO,4559.0857882961145
18,3,18,200,PSO,2933.390782889948
18,3,19,200,PSO,2586.5939049635717
18,4,0,200,PSO,3261.9740501463207
18,4,1,200,PSO,3944.695994587068
18,4,2,200,PSO,5285.860989692276
18,4,3,200,PSO,3292.3784905963666
18,4,4,200,PSO,3111.0433931844245
18,4,5,200,PSO,4204.173087705021
18,4,6,200,PSO,6332.249445454079
18,4,7,200,PSO,3313.4650791025138
18,4,8,200,PSO,5168.4144660763195
18,4,9,200,PSO,3680.2873538988597
18,4,10,200,PSO,3706.8765423627974
18,4,11,200,PSO,1928.1791785828705
18,4,12,200,PSO,4778.844719229029
18,4,13,200,PSO,2008.442462607139
18,4,14,200,PSO,3283.7317864272695
18,4,15,200,PSO,2211.868738977098
18,4,16,200,PSO,4368.324559493626
18,4,17,200,PSO,2821.999618034523
18,4,18,200,PSO,3588.3127933666865
18,4,19,200,PSO,2784.795520617929
18,5,0,200,PSO,2417.6240453950895
18,5,1,200,PSO,2233.9350954560123
18,5,2,200,PSO,2722.5284839838873
18,5,3,200,PSO,3322.716596136097
18,5,4,200,PSO,3120.2416447314217
18,5,5,200,PSO,2117.691429449838
18,5,6,200,PSO,1790.9361789378581
18,5,7,200,PSO,2785.813377644442
18,5,8,200,PSO,2795.431813890164
18,5,9,200,PSO,3144.0679659505286
18,5,10,200,PSO,5792.06941711175
18,5,11,200,PSO,2299.806428633839
18,5,12,200,PSO,2306.334658162712
18,5,13,200,PSO,13257.085497053511
18,5,14,200,PSO,2183.5278494975987
18,5,15,200,PSO,2619.105725228668
18,5,16,200,PSO,2327.215571452757
18,5,17,200,PSO,2898.7878000355736
18,5,18,200,PSO,2882.564592014366
18,5,19,200,PSO,2008.6258886746095
18,6,0,200,PSO,2951.125604753792
18,6,1,200,PSO,2936.79810182862
18,6,2,200,PSO,2126.370829401606
18,6,3,200,PSO,1610.1592542660892
18,6,4,200,PSO,2793.1669809248156
18,6,5,200,PSO,2308.3387621339857
18,6,6,200,PSO,3012.486507717188
18,6,7,200,PSO,1898.4941406991802
18,6,8,200,PSO,3646.0977501657867
18,6,9,200,PSO,2838.037962788447
18,6,10,200,PSO,3304.0888638798824
18,6,11,200,PSO,1836.5357064506716
18,6,12,200,PSO,2422.9551154838114
18,6,13,200,PSO,3273.9143590305293
18,6,14,200,PSO,3448.9634540050597
18,6,15,200,PSO,4512.84785702871
18,6,16,200,PSO,3266.389959681962
18,6,17,200,PSO,5930.280725179985
18,6,18,200,PSO,2828.6856052450007
18,6,19,200,PSO,2294.3139900347974
18,7,0,200,PSO,3430.431079619147
18,7,1,200,PSO,2786.326191453225
18,7,2,200,PSO,2550.926055953542
18,7,3,200,PSO,3568.2737075555547
18,7,4,200,PSO,3803.410733278745
18,7,5,200,PSO,2879.7307978025815
18,7,6,200,PSO,4198.926120790569
18,7,7,200,PSO,2433.13652856561
18,7,8,200,PSO,3653.0401864158853
18,7,9,200,PSO,2240.2930099908963
18,7,10,200,PSO,1894.0348202258283
18,7,11,200,PSO,2736.0338729653986
18,7,12,200,PSO,2047.9679022650837
18,7,13,200,PSO,3634.8355550599317
18,7,14,200,PSO,6870.147699856352
18,7,15,200,PSO,3562.3054931052275
18,7,16,200,PSO,2364.8860765283707
18,7,17,200,PSO,2782.2022692410123
18,7,18,200,PSO,4230.126216733041
18,7,19,200,PSO,3352.9825310496517
19,1,0,200,PSO,2098.4582189065413
19,1,1,200,PSO,1923.6785192277196
19,1,2,200,PSO,2319.9614900656784
19,1,3,200,PSO,1378.275830802626
19,1,4,200,PSO,1652.0153003367548
19,1,5,200,PSO,1548.2604979114612
19,1,6,200,PSO,2565.97758598448
19,1,7,200,PSO,1515.954988168522
19,1,8,200,PSO,2386.787789035873
19,1,9,200,PSO,2979.356686309184
19,1,10,200,PSO,2108.119711739376
19,1,11,200,PSO,1900.3746715552738
19,1,12,200,PSO,2565.737791244224
19,1,13,200,PSO,1986.1972194535533
19,1,14,200,PSO,2638.502423857038
19,1,15,200,PSO,828.4440198233094
19,1,16,200,PSO,943.754466664539
19,1,17,200,PSO,2186.5817760078608
19,1,18,200,PSO,2589.4296978653665
19,1,19,200,PSO,1521.2657233872274
19,2,0,200,PSO,2627.9534540083314
19,2,1,200,PSO,2584.9599012376443
19,2,2,200,PSO,1504.0345598981198
19,2,3,200,PSO,1591.9865415430195
19,2,4,200,PSO,1402.845698192083
19,2,5,200,PSO,1445.4586373035647
19,2,6,200,PSO,2134.1649606296082
19,2,7,200,PSO,1775.2193693334284
19,2,8,200,PSO,2406.235498756035
19,2,9,200,PSO,1518.4744621988311
19,2,10,200,PSO,1096.253444457018
19,2,11,200,PSO,2185.050747515962
19,2,12,200,PSO,1784.6844067807103
19,2,13,200,PSO,2202.324639417555
19,2,14,200,PSO,1722.9915955734707
19,2,15,200,PSO,1502.6429281941948
19,2,16,200,PSO,2280.5702556569604
19,2,17,200,PSO,1361.8076591841266
19,2,18,200,PSO,3194.675343705183
19,2,19,200,PSO,1108.6056936957102
19,3,0,200,PSO,1654.6627052695849
19,3,1,200,PSO,2523.032836214758
19,3,2,200,PSO,1843.0079766786093
19,3,3,200,PSO,1877.3416263411368
19,3,4,200,PSO,1029.6434147902544
19,3,5,200,PSO,2623.6428671586987
19,3,6,200,PSO,1687.7221770664564
19,3,7,200,PSO,1539.0427461280337
19,3,8,200,PSO,2085.4915357218397
19,3,9,200,PSO,947.9613818728387
19,3,10,200,PSO,1625.9885284590537
19,3,11,200,PSO,2717.9609153135098
19,3,12,200,PSO,1643.497045110637
19,3,13,200,PSO,1515.6256250682666
19,3,14,200,PSO,2176.73127147775
19,3,15,200,PSO,2011.954032376135
19,3,16,200,PSO,2903.5191942694682
19,3,17,200,PSO,1863.71240496995
19,3,18,200,PSO,2182.0878604615027
19,3,19,200,PSO,1064.5422097446137
19,4,0,200,PSO,1171.3079743896365
19,4,1,200,PSO,2709.407368778384
19,4,2,200,PSO,1797.1306359393138
19,4,3,200,PSO,1323.164028098142
19,4,4,200,PSO,2030.9954505356159
19,4,5,200,PSO,1678.5863766996652
19,4,6,200,PSO,1925.1463592281598
19,4,7,200,PSO,1336.7607153767276
19,4,8,200,PSO,1583.4169358286842
19,4,9,200,PSO,2786.6014663905885
19,4,10,200,PSO,991.464116310013
19,4,11,200,PSO,2249.18728573564
19,4,12,200,PSO,1502.9080052259317
19,4,13,200,PSO,1433.0481208236072
19,4,14,200,PSO,2190.422493541152
19,4,15,200,PSO,2105.961876287318
19,4,16,200,PSO,1691.3350571522396
19,4,17,200,PSO,2453.702775126929
19,4,18,200,PSO,2429.3152826091355
19,4,19,200,PSO,2489.5270670279233
19,5,0,200,PSO,2579.896740165709
19,5,1,200,PSO,1583.5909938487825
19,5,2,200,PSO,1240.1836921100196
19,5,3,200,PSO,1857.649252686157
19,5,4,200,PSO,1959.0886813197249
19,5,5,200,PSO,1248.8902013957813
19,5,6,200,PSO,1069.404278189063
19,5,7,200,PSO,1078.6176874590005
19,5,8,200,PSO,2243.639986076511
19,5,9,200,PSO,1628.3380320775054
19,5,10,200,PSO,1388.329349732376
19,5,11,200,PSO,1558.5977526148606
19,5,12,200,PSO,1678.7969408952467
19,5,13,200,PSO,1222.8187663877834
19,5,14,200,PSO,2293.0676625203237
19,5,15,200,PSO,1261.3903627786856
19,5,16,200,PSO,1641.8308575438343
19,5,17,200,PSO,2160.6604344479892
19,5,18,200,PSO,1800.5835405412079
19,5,19,200,PSO,1798.123972131417
19,6,0,200,PSO,1577.988658327063
19,6,1,200,PSO,1907.7206763317522
19,6,2,200,PSO,1437.477114651044
19,6,3,200,PSO,1483.2335258386702
19,6,4,200,PSO,2606.3146557531763
19,6,5,200,PSO,1342.9011478990012
19,6,6,200,PSO,2338.956450654847
19,6,7,200,PSO,1750.3796273494027
19,6,8,200,PSO,1869.8174655035157
19,6,9,200,PSO,2445.5522630193227
19,6,10,200,PSO,1279.1747415724876
19,6,11,200,PSO,1301.9963534306169
19,6,12,200,PSO,1639.372102823841
19,6,13,200,PSO,2156.858187017762
19,6,14,200,PSO,2118.6441035459234
19,6,15,200,PSO,497.99812579102763
19,6,16,200,PSO,1443.3179709507294
19,6,17,200,PSO,1631.1117160212207
19,6,18,200,PSO,2494.301637061528
19,6,19,200,PSO,1756.8508034600718
19,7,0,200,PSO,1164.6036942608084
19,7,1,200,PSO,843.8660085337831
19,7,2,200,PSO,1320.4163878082609
19,7,3,200,PSO,1528.2203144020732
19,7,4,200,PSO,1447.0687051737086
19,7,5,200,PSO,2572.607818263576
19,7,6,200,PSO,2409.650610055245
19,7,7,200,PSO,1160.5961483472925
19,7,8,200,PSO,2180.9723450198403
19,7,9,200,PSO,1364.7539319162443
19,7,10,200,PSO,2442.4929076612634
19,7,11,200,PSO,2372.7890852046735
19,7,12,200,PSO,1762.8193552874388
19,7,13,200,PSO,2088.978596111411
19,7,14,200,PSO,1798.9961289845628
19,7,15,200,PSO,2044.4143910990026
19,7,16,200,PSO,1988.9417326426528
19,7,17,200,PSO,2788.455394104812
19,7,18,200,PSO,2119.854168788676
19,7,19,200,PSO,1380.0696157012485
20,1,0,200,PSO,41826.594046767
20,1,1,200,PSO,37259.828944727844
20,1,2,200,PSO,145334.53923497244
20,1,3,200,PSO,67216.80460416363
20,1,4,200,PSO,167745.6507909745
20,1,5,200,PSO,64652.36781876355
20,1,6,200,PSO,231781.17278065954
20,1,7,200,PSO,124908.89017306139
20,1,8,200,PSO,148633.31488007738
20,1,9,200,PSO,118090.3819739492
20,1,10,200,PSO,50821.97844205453
20,1,11,200,PSO,87795.49130831477
20,1,12,200,PSO,24115.767028212467
20,1,13,200,PSO,19346.831369263433
20,1,14,200,PSO,109601.23532117541
20,1,15,200,PSO,10504.836081854855
20,1,16,200,PSO,64108.54727335813
20,1,17,200,PSO,78533.75133185687
20,1,18,200,PSO,66498.06666140578
20,1,19,200,PSO,38873.940511098306
20,2,0,200,PSO,171338.0076122583
20,2,1,200,PSO,56914.676613321266
20,2,2,200,PSO,12205.081638285117
20,2,3,200,PSO,10662.675405134236
20,2,4,200,PSO,52714.98260922436
20,2,5,200,PSO,66218.30251809872
20,2,6,200,PSO,274128.37054003455
20,2,7,200,PSO,37497.44291894372
20,2,8,200,PSO,57289.611502843065
20,2,9,200,PSO,13169.191806124076
20,2,10,200,PSO,81000.80364256132
20,2,11,200,PSO,38981.87478363851
20,2,12,200,PSO,86088.59526694097
20,2,13,200,PSO,168754.53309901588
20,2,14,200,PSO,58025.29361210791
20,2,15,200,PSO,18916.02624597834
20,2,16,200,PSO,8284.414414546698
20,2,17,200,PSO,61724.694580424715
20,2,18,200,PSO,25807.480587034734
20,2,19,200,PSO,1947.239918902075
20,3,0,200,PSO,19825.998124396312
20,3,1,200,PSO,49313.873442024
20,3,2,200,PSO,239430.66087798745
20,3,3,200,PSO,98562.42052720072
20,3,4,200,PSO,68118.22204564307
20,3,5,200,PSO,60500.89615539534
20,3,6,200,PSO,115238.10920192297
20,3,7,200,PSO,107920.22448893476
20,3,8,200,PSO,174850.00285382953
20,3,9,200,PSO,53164.93560038776
20,3,10,200,PSO,33762.96798648448
20,3,11,200,PSO,166425.21969532865
20,3,12,200,PSO,225083.42011746787
20,3,13,200,PSO,2219.183303098376
20,3,14,200,PSO,152461.92928086373
20,3,15,200,PSO,62010.13559176141
20,3,16,200,PSO,94153.6183991834
20,3,17,200,PSO,37860.352455139684
20,3,18,200,PSO,33892.91549834327
20,3,19,200,PSO,99669.18940417856
20,4,0,200,PSO,222447.59071122858
20,4,1,200,PSO,54706.70436721758
20,4,2,200,PSO,12008.81084521775
20,4,3,200,PSO,12532.351258478064
20,4,4,200,PSO,69028.46747912579
20,4,5,200,PSO,53097.07396301022
20,4,6,200,PSO,218003.1675318936
20,4,7,200,PSO,34433.66372343816
20,4,8,200,PSO,61623.233153815265
20,4,9,200,PSO,3957.2155171129743
20,4,10,200,PSO,85357.98574302874
20,4,11,200,PSO,36846.494071191235
20,4,12,200,PSO,88059.60805696955
20,4,13,200,PSO,206220.66798719452
20,4,14,200,PSO,79361.27842186058
20,4,15,200,PSO,14018.611732169287
20,4,16,200,PSO,3138.6121613513465
20,4,17,200,PSO,63144.67426493627
20,4,18,200,PSO,77465.4806280076
20,4,19,200,PSO,1542.3071252575896
20,5,0,200,PSO,122671.74727439228
20,5,1,200,PSO,125035.33900447024
20,5,2,200,PSO,99445.61026717097
20,5,3,200,PSO,35852.04049280332
20,5,4,200,PSO,2203.9194754081473
20,5,5,200,PSO,35093.181078556925
20,5,6,200,PSO,68685.02373118508
20,5,7,200,PSO,6204.270441995326
20,5,8,200,PSO,78226.83551839666
20,5,9,200,PSO,13895.05777744667
20,5,10,200,PSO,22191.62782638419
20,5,11,200,PSO,49172.26552559808
20,5,12,200,PSO,315120.8074853993
20,5,13,200,PSO,90480.87335017486
20,5,14,200,PSO,35939.646158039206
20,5,15,200,PSO,51991.258222167366
20,5,16,200,PSO,3658.4123818951093
20,5,17,200,PSO,45358.97836851465
20,5,18,200,PSO,76872.21652570425
20,5,19,200,PSO,56960.9378039849
20,6,0,200,PSO,57402.704895446324
20,6,1,200,PSO,2719.6631239965145
20,6,2,200,PSO,112174.49745622498
20,6,3,200,PSO,57458.05456434132
20,6,4,200,PSO,167391.79186650575
20,6,5,200,PSO,88863.48041336091
20,6,6,200,PSO,171184.9374498989
20,6,7,200,PSO,188621.46110425596
20,6,8,200,PSO,190798.0571001263
20,6,9,200,PSO,39799.99644786615
20,6,10,200,PSO,7254.220573889813
20,6,11,200,PSO,98869.2949368663
20,6,12,200,PSO,6773.95191581188
20,6,13,200,PSO,45268.8836479531
20,6,14,200,PSO,114008.84434624207
20,6,15,200,PSO,14238.092916700492
20,6,16,200,PSO,135425.04686579414
20,6,17,200,PSO,73909.29236700782
20,6,18,200,PSO,16327.889726480273
20,6,19,200,PSO,35373.82957972723
20,7,0,200,PSO,72772.93096481758
20,7,1,200,PSO,91691.1541221388
20,7,2,200,PSO,245654.78776404986
20,7,3,200,PSO,39591.64271833148
20,7,4,200,PSO,4468.5079949167275
20,7,5,200,PSO,53949.52667934836
20,7,6,200,PSO,68589.5539631511
20,7,7,200,PSO,21520.056060680115
20,7,8,200,PSO,102516.77204014061
20,7,9,200,PSO,119557.20652847631
20,7,10,200,PSO,42993.62767324911
20,7,11,200,PSO,53669.31922680524
20,7,12,200,PSO,301613.76828009426
20,7,13,200,PSO,34366.461999142935
20,7,14,200,PSO,29088.404679242372
20,7,15,200,PSO,31386.806932333096
20,7,16,200,PSO,84491.36363965081
20,7,17,200,PSO,65109.78194772152
20,7,18,200,PSO,37367.72731202547
20,7,19,200,PSO,11618.650436251422
21,1,0,200,PSO,1838.5148358145893
21,1,1,200,PSO,1690.9315074640954
21,1,2,200,PSO,1845.329397211462
21,1,3,200,PSO,1724.4186266422926
21,1,4,200,PSO,2466.1118616765884
21,1,5,200,PSO,2251.7264282623196
21,1,6,200,PSO,2383.1694209650896
21,1,7,200,PSO,2153.671191728703
21,1,8,200,PSO,2070.6955884634626
21,1,9,200,PSO,2891.912521354465
21,1,10,200,PSO,1865.5308704361069
21,1,11,200,PSO,2211.7452679828166
21,1,12,200,PSO,2436.3811144125452
21,1,13,200,PSO,1859.672920385363
21,1,14,200,PSO,7095.967439895859
21,1,15,200,PSO,1585.9902738529922
21,1,16,200,PSO,1959.0503146804786
21,1,17,200,PSO,1057.7754692260294
21,1,18,200,PSO,6602.582921378733
21,1,19,200,PSO,1693.1234999476997
21,2,0,200,PSO,1775.0237251603176
21,2,1,200,PSO,3660.4205396701054
21,2,2,200,PSO,3486.137393973486
21,2,3,200,PSO,1299.6453634914299
21,2,4,200,PSO,3048.024023668751
21,2,5,200,PSO,1216.4020862103123
21,2,6,200,PSO,4368.452138021135
21,2,7,200,PSO,5845.123562225162
21,2,8,200,PSO,7964.697865712691
21,2,9,200,PSO,646.6390056739816
21,2,10,200,PSO,147.01959050209533
21,2,11,200,PSO,2582.9169176885352
21,2,12,200,PSO,9325.92634241987
21,2,13,200,PSO,597.4031280392019
21,2,14,200,PSO,1494.623387634295
21,2,15,200,PSO,2994.9499823135716
21,2,16,200,PSO,2890.7329452635186
21,2,17,200,PSO,7924.983367632236
21,2,18,200,PSO,2304.790413009143
21,2,19,200,PSO,4343.513607401574
21,3,0,200,PSO,4367.86728806407
21,3,1,200,PSO,1935.7019752025749
21,3,2,200,PSO,1360.6956266524533
21,3,3,200,PSO,4290.51988165996
21,3,4,200,PSO,5844.197697678569
21,3,5,200,PSO,2784.4770718101186
21,3,6,200,PSO,768.6081960694977
21,3,7,200,PSO,866.9772760104613
21,3,8,200,PSO,1636.5262062763754
21,3,9,200,PSO,3631.425533679149
21,3,10,200,PSO,372.4620282556036
21,3,11,200,PSO,11517.26840328594
21,3,12,200,PSO,13398.135362270848
21,3,13,200,PSO,3279.3101553217593
21,3,14,200,PSO,5525.406113594756
21,3,15,200,PSO,3491.0823135455735
21,3,16,200,PSO,9692.542469306209
21,3,17,200,PSO,1274.462507681745
21,3,18,200,PSO,11846.880022092499
21,3,19,200,PSO,3367.1125146103986
21,4,0,200,PSO,2529.8027370162263
21,4,1,200,PSO,4593.0630773551375
21,4,2,200,PSO,7401.248372452291
21,4,3,200,PSO,6265.78718017652
21,4,4,200,PSO,2397.942838612779
21,4,5,200,PSO,5356.8243406082265
21,4,6,200,PSO,2812.3626409740345
21,4,7,200,PSO,2435.067132664326
21,4,8,200,PSO,2804.8928081629674
21,4,9,200,PSO,5698.630583661167
21,4,10,200,PSO,6035.856153218877
21,4,11,200,PSO,2086.187107202904
21,4,12,200,PSO,6416.7318079995
21,4,13,200,PSO,4556.972578145087
21,4,14,200,PSO,7751.963038872729
21,4,15,200,PSO,6745.20659795646
21,4,16,200,PSO,2594.0076948594783
21,4,17,200,PSO,6924.356721899703
21,4,18,200,PSO,2484.431227155492
21,4,19,200,PSO,6722.768870565474
21,5,0,200,PSO,3840.0422748041237
21,5,1,200,PSO,957.622625522625
21,5,2,200,PSO,2157.8109584309514
21,5,3,200,PSO,2376.919314766151
21,5,4,200,PSO,1667.6774664644613
21,5,5,200,PSO,2530.4723562007757
21,5,6,200,PSO,3183.4178601942003
21,5,7,200,PSO,3836.6767724581046
21,5,8,200,PSO,758.8816850646849
21,5,9,200,PSO,1830.288525512171
21,5,10,200,PSO,399.2666270057098
21,5,11,200,PSO,2419.3540274176166
21,5,12,200,PSO,2784.923753590095
21,5,13,200,PSO,718.6318312432479
21,5,14,200,PSO,3110.519096004927
21,5,15,200,PSO,3160.9292556419105
21,5,16,200,PSO,1589.2281209873122
21,5,17,200,PSO,2928.6164175544636
21,5,18,200,PSO,3198.4047833845802
21,5,19,200,PSO,3564.544848343922
21,6,0,200,PSO,3859.3668870579045
21,6,1,200,PSO,2215.7918215077066
21,6,2,200,PSO,5217.9767287867635
21,6,3,200,PSO,4968.821464368606
21,6,4,200,PSO,3851.45260162124
21,6,5,200,PSO,3150.462527889147
21,6,6,200,PSO,4062.775703389613
21,6,7,200,PSO,1006.2139630568641
21,6,8,200,PSO,4239.675217717212
21,6,9,200,PSO,4020.3053344484993
21,6,10,200,PSO,2397.4300364364835
21,6,11,200,PSO,4520.488328993884
21,6,12,200,PSO,2715.663846764869
21,6,13,200,PSO,4078.308318860464
21,6,14,200,PSO,4152.187151340993
21,6,15,200,PSO,4518.312463465404
21,6,16,200,PSO,3834.936120630541
21,6,17,200,PSO,3889.476465713722
21,6,18,200,PSO,5774.476337899554
21,6,19,200,PSO,3811.2983510175004
21,7,0,200,PSO,4352.796725930302
21,7,1,200,PSO,3952.2181818986423
21,7,2,200,PSO,2849.549673193696
21,7,3,200,PSO,1134.4682722767964
21,7,4,200,PSO,1089.179075130332
21,7,5,200,PSO,3977.0902208121465
21,7,6,200,PSO,3153.89262019436
21,7,7,200,PSO,1837.4741841885866
21,7,8,200,PSO,3015.6388008751837
21,7,9,200,PSO,669.8781832874863
21,7,10,200,PSO,3701.037874263612
21,7,11,200,PSO,3179.40835741428
21,7,12,200,PSO,3433.0861304956843
21,7,13,200,PSO,1328.4433644534192
21,7,14,200,PSO,1259.6457619727998
21,7,15,200,PSO,2264.4290109764765
21,7,16,200,PSO,894.724663898128
21,7,17,200,PSO,4334.351697315135
21,7,18,200,PSO,2922.807963853431
21,7,19,200,PSO,3885.28479309832
22,1,0,200,PSO,2578.186230842013
22,1,1,200,PSO,3872.151370609143
22,1,2,200,PSO,19564.00365488351
22,1,3,200,PSO,2393.401921705428
22,1,4,200,PSO,819.286538400845
22,1,5,200,PSO,1459.9985625107956
22,1,6,200,PSO,20970.86073269473
22,1,7,200,PSO,5406.75346000482
22,1,8,200,PSO,3984.596240581576
22,1,9,200,PSO,31745.07153483005
22,1,10,200,PSO,1737.3859219756225
22,1,11,200,PSO,2556.563235583584
22,1,12,200,PSO,3356.510388896984
22,1,13,200,PSO,4384.272342433045
22,1,14,200,PSO,7476.775367440605
22,1,15,200,PSO,2372.272570946782
22,1,16,200,PSO,3289.3832149372556
22,1,17,200,PSO,1728.4007592313428
22,1,18,200,PSO,3667.310687412998
22,1,19,200,PSO,2469.382821308631
22,2,0,200,PSO,5159.156385212751
22,2,1,200,PSO,1833.6005259155086
22,2,2,200,PSO,2688.6984777590533
22,2,3,200,PSO,1802.2203303382514
22,2,4,200,PSO,2956.2137825207883
22,2,5,200,PSO,4723.275552200501
22,2,6,200,PSO,3793.885033776869
22,2,7,200,PSO,4541.251703565582
22,2,8,200,PSO,2276.1198692716093
22,2,9,200,PSO,3650.8390737382542
22,2,10,200,PSO,3154.7707088073307
22,2,11,200,PSO,3631.0970575341184
22,2,12,200,PSO,3415.767701625996
22,2,13,200,PSO,4248.235950692501
22,2,14,200,PSO,2581.47044972568
22,2,15,200,PSO,7959.848368132003
22,2,16,200,PSO,2669.3879466426424
22,2,17,200,PSO,9348.559125937987
22,2,18,200,PSO,3446.4406676235967
22,2,19,200,PSO,3639.3051874852363
22,3,0,200,PSO,5647.856883508823
22,3,1,200,PSO,12230.403606340049
22,3,2,200,PSO,13552.041521235584
22,3,3,200,PSO,13183.514628632693
22,3,4,200,PSO,1745.2678660703511
22,3,5,200,PSO,14186.05120957112
22,3,6,200,PSO,2131.090001913435
22,3,7,200,PSO,2312.6371114895132
22,3,8,200,PSO,6532.0940671097
22,3,9,200,PSO,2302.2434029575197
22,3,10,200,PSO,2790.5201367935088
22,3,11,200,PSO,13450.856525288067
22,3,12,200,PSO,4252.519288552756
22,3,13,200,PSO,10094.754588665439
22,3,14,200,PSO,4226.8466275998
22,3,15,200,PSO,481.21382737218767
22,3,16,200,PSO,3730.160832282956
22,3,17,200,PSO,1616.431626796935
22,3,18,200,PSO,3121.2967833475
22,3,19,200,PSO,7431.74580922898
22,4,0,200,PSO,8854.46934709097
22,4,1,200,PSO,8412.761074872324
22,4,2,200,PSO,9608.040515477778
22,4,3,200,PSO,8385.302631601007
22,4,4,200,PSO,8774.522923342858
22,4,5,200,PSO,2236.7768046710657
22,4,6,200,PSO,8601.124408924128
22,4,7,200,PSO,4094.8939929583053
22,4,8,200,PSO,8862.080563645215
22,4,9,200,PSO,8821.01543068358
22,4,10,200,PSO,7815.338758284631
22,4,11,200,PSO,8140.9000652532195
22,4,12,200,PSO,7999.7863905805725
22,4,13,200,PSO,3570.8208074455783
22,4,14,200,PSO,3939.8608748034685
22,4,15,200,PSO,1542.8926333757
22,4,16,200,PSO,7763.130962621415
22,4,17,200,PSO,7773.754945437002
22,4,18,200,PSO,2454.524694123813
22,4,19,200,PSO,9640.118471158745
22,5,0,200,PSO,3696.880624067005
22,5,1,200,PSO,2574.4105375818654
22,5,2,200,PSO,1928.479691446021
22,5,3,200,PSO,3910.2336932808653
22,5,4,200,PSO,2417.587731535786
22,5,5,200,PSO,9318.473321081525
22,5,6,200,PSO,8582.640291448448
22,5,7,200,PSO,17399.45905760409
22,5,8,200,PSO,9773.581204730559
22,5,9,200,PSO,2959.2136692684226
22,5,10,200,PSO,4938.2279140903765
22,5,11,200,PSO,3559.518503532353
22,5,12,200,PSO,3279.863932705705
22,5,13,200,PSO,988.9234101931522
22,5,14,200,PSO,3614.378757293305
22,5,15,200,PSO,1712.0912879090988
22,5,16,200,PSO,1442.4681379806357
22,5,17,200,PSO,958.6475988123925
22,5,18,200,PSO,13790.220176566661
22,5,19,200,PSO,3992.529633684555
22,6,0,200,PSO,5574.787234973955
22,6,1,200,PSO,2101.974503304902
22,6,2,200,PSO,2191.0754093394066
22,6,3,200,PSO,821.5046792925723
22,6,4,200,PSO,5703.030929787599
22,6,5,200,PSO,3094.5389775801623
22,6,6,200,PSO,1463.2940216182221
22,6,7,200,PSO,2526.6753581558823
22,6,8,200,PSO,2790.182841325001
22,6,9,200,PSO,1184.6062803351228
22,6,10,200,PSO,1813.9416014719307
22,6,11,200,PSO,2138.91464269026
22,6,12,200,PSO,2117.2930730885287
22,6,13,200,PSO,2956.9234865983353
22,6,14,200,PSO,2244.9916786931467
22,6,15,200,PSO,8396.515041750798
22,6,16,200,PSO,1619.88161683569
22,6,17,200,PSO,6544.000650778564
22,6,18,200,PSO,5214.480784328809
22,6,19,200,PSO,6016.337396348013
22,7,0,200,PSO,16343.517721889188
22,7,1,200,PSO,4126.771587241008
22,7,2,200,PSO,7540.933565768893
22,7,3,200,PSO,2134.913378370763
22,7,4,200,PSO,10606.848710175404
22,7,5,200,PSO,5684.523361499461
22,7,6,200,PSO,10508.12717702413
22,7,7,200,PSO,935.5084768686299
22,7,8,200,PSO,8593.120799354567
22,7,9,200,PSO,878.9627463305844
22,7,10,200,PSO,6118.7091156061815
22,7,11,200,PSO,4415.231662806576
22,7,12,200,PSO,5772.709829699914
22,7,13,200,PSO,23844.26674109554
22,7,14,200,PSO,9868.849718165558
22,7,15,200,PSO,2107.2562365718827
22,7,16,200,PSO,2244.9789701225627
22,7,17,200,PSO,9555.015700396258
22,7,18,200,PSO,5086.259104291541
22,7,19,200,PSO,3000.2472944043498
23,1,0,200,PSO,2323.6814919109174
23,1,1,200,PSO,2610.745592631124
23,1,2,200,PSO,3214.146212187664
23,1,3,200,PSO,3082.569095408282
23,1,4,200,PSO,3447.1355053114435
23,1,5,200,PSO,2508.448639286591
23,1,6,200,PSO,3513.9851109270066
23,1,7,200,PSO,2236.0985796899377
23,1,8,200,PSO,2861.571633352395
23,1,9,200,PSO,2753.8743332578997
23,1,10,200,PSO,3253.4730764249734
23,1,11,200,PSO,1648.9682037601312
23,1,12,200,PSO,3130.6849807256162
23,1,13,200,PSO,2370.93044912678
23,1,14,200,PSO,3792.7909773006963
23,1,15,200,PSO,1889.0630794261817
23,1,16,200,PSO,2661.0581254956896
23,1,17,200,PSO,3357.173222083685
23,1,18,200,PSO,3499.6649019807755
23,1,19,200,PSO,3108.3420887866814
23,2,0,200,PSO,2273.333200012492
23,2,1,200,PSO,2192.876450440748
23,2,2,200,PSO,2795.4439390259254
23,2,3,200,PSO,2636.180601585743
23,2,4,200,PSO,2574.340004645407
23,2,5,200,PSO,2139.374591202568
23,2,6,200,PSO,2747.940418397462
23,2,7,200,PSO,2620.941929341134
23,2,8,200,PSO,2349.7633122732423
23,2,9,200,PSO,1584.9577554380191
23,2,10,200,PSO,2930.1351345498542
23,2,11,200,PSO,2594.9862250808524
23,2,12,200,PSO,2336.98142611611
23,2,13,200,PSO,2610.216178990512
23,2,14,200,PSO,2206.879447935208
23,2,15,200,PSO,2617.8752790262133
23,2,16,200,PSO,2382.1853312519643
23,2,17,200,PSO,2508.8976141785197
23,2,18,200,PSO,1762.8744816187896
23,2,19,200,PSO,1892.5993327802514
23,3,0,200,PSO,1954.782455226444
23,3,1,200,PSO,1899.3481063293386
23,3,2,200,PSO,3201.4831639648855
23,3,3,200,PSO,3041.2987330252954
23,3,4,200,PSO,2463.548362941497
23,3,5,200,PSO,2242.583822754459
23,3,6,200,PSO,2683.3355118065333
23,3,7,200,PSO,2510.719591618709
23,3,8,200,PSO,2706.307879596783
23,3,9,200,PSO,1154.917809273284
23,3,10,200,PSO,1661.372975868076
23,3,11,200,PSO,2286.524734225427
23,3,12,200,PSO,3373.784965618528
23,3,13,200,PSO,2959.081846694765
23,3,14,200,PSO,2085.23779295687
23,3,15,200,PSO,2429.4997326743924
23,3,16,200,PSO,2192.4954493714904
23,3,17,200,PSO,2515.0308734393548
23,3,18,200,PSO,2053.870074433109
23,3,19,200,PSO,2614.8674804525936
23,4,0,200,PSO,2380.759455819517
23,4,1,200,PSO,2805.1175787957404
23,4,2,200,PSO,3011.3622979780193
23,4,3,200,PSO,2849.048438345374
23,4,4,200,PSO,2185.983332276569
23,4,5,200,PSO,2649.075979315857
23,4,6,200,PSO,2859.5882881414864
23,4,7,200,PSO,3200.6286717007642
23,4,8,200,PSO,2401.8467937260975
23,4,9,200,PSO,2334.887203137154
23,4,10,200,PSO,3077.156593917144
23,4,11,200,PSO,2675.601779339132
23,4,12,200,PSO,2064.740993045657
23,4,13,200,PSO,3108.583305693064
23,4,14,200,PSO,2407.1843593015974
23,4,15,200,PSO,1824.9384834452476
23,4,16,200,PSO,2047.0683008726517
23,4,17,200,PSO,3224.0160236491292
23,4,18,200,PSO,2428.5017646771535
23,4,19,200,PSO,3151.5862785578192
23,5,0,200,PSO,2705.7822468326212
23,5,1,200,PSO,3179.66135944899
23,5,2,200,PSO,2327.873478454309
23,5,3,200,PSO,1826.5927437742066
23,5,4,200,PSO,1808.2078855346178
23,5,5,200,PSO,2515.5955225943376
23,5,6,200,PSO,2174.2085519822485
23,5,7,200,PSO,1874.4469937228491
23,5,8,200,PSO,2755.482799013961
23,5,9,200,PSO,2583.4406684004625
23,5,10,200,PSO,2560.0230797489394
23,5,11,200,PSO,2288.266658772345
23,5,12,200,PSO,3676.803464959219
23,5,13,200,PSO,2953.0576236758666
23,5,14,200,PSO,1801.9107659527954
23,5,15,200,PSO,2995.613810108819
23,5,16,200,PSO,2782.8735712112084
23,5,17,200,PSO,2937.8569563369433
23,5,18,200,PSO,2120.848458231657
23,5,19,200,PSO,2702.367410357749
23,6,0,200,PSO,2685.8661028526076
23,6,1,200,PSO,2323.103916721385
23,6,2,200,PSO,2192.0278189858604
23,6,3,200,PSO,3066.3260688805713
23,6,4,200,PSO,2304.5149138988927
23,6,5,200,PSO,2786.3258061103907
23,6,6,200,PSO,2666.0119590773847
23,6,7,200,PSO,2914.0453772798064
23,6,8,200,PSO,2367.7094200107476
23,6,9,200,PSO,2711.6765517147815
23,6,10,200,PSO,1745.2545474802737
23,6,11,200,PSO,2171.7600052538364
23,6,12,200,PSO,2148.8891945018404
23,6,13,200,PSO,2360.3470126519505
23,6,14,200,PSO,2901.1021819685616
23,6,15,200,PSO,4180.177951076959
23,6,16,200,PSO,2174.3323108802037
23,6,17,200,PSO,2215.0397756637985
23,6,18,200,PSO,2233.1539923549626
23,6,19,200,PSO,2804.6277661290796
23,7,0,200,PSO,2917.0085750302733
23,7,1,200,PSO,3145.3464270056047
23,7,2,200,PSO,2509.0020457057344
23,7,3,200,PSO,1476.7282747181102
23,7,4,200,PSO,2985.10128004209
23,7,5,200,PSO,2687.6068757885405
23,7,6,200,PSO,2942.8084408497007
23,7,7,200,PSO,3062.0648506895577
23,7,8,200,PSO,2628.734656605172
23,7,9,200,PSO,2462.6589851136096
23,7,10,200,PSO,2686.9934689694755
23,7,11,200,PSO,2161.672085189786
23,7,12,200,PSO,1918.7090802211817
23,7,13,200,PSO,2320.0704760777053
23,7,14,200,PSO,3139.5316943947246
23,7,15,200,PSO,1816.4539311260198
23,7,16,200,PSO,2475.338212023288
23,7,17,200,PSO,2958.5342196484085
23,7,18,200,PSO,3170.6117731226004
23,7,19,200,PSO,2210.7382885302777
24,1,0,200,PSO,15167.966089568805
24,1,1,200,PSO,20207.55648944217
24,1,2,200,PSO,16179.655735362581
24,1,3,200,PSO,29881.91412986714
24,1,4,200,PSO,21232.906214663184
24,1,5,200,PSO,24122.846850280126
24,1,6,200,PSO,22568.33300634785
24,1,7,200,PSO,21656.895486322643
24,1,8,200,PSO,14880.78313049601
24,1,9,200,PSO,30227.95145414246
24,1,10,200,PSO,18306.435961536492
24,1,11,200,PSO,12798.577185378894
24,1,12,200,PSO,19240.941370327193
24,1,13,200,PSO,22728.197962713988
24,1,14,200,PSO,21607.786059073092
24,1,15,200,PSO,12081.372814232547
24,1,16,200,PSO,22564.072044549037
24,1,17,200,PSO,14648.1914037524
24,1,18,200,PSO,20571.763982412893
24,1,19,200,PSO,20620.775403260333
24,2,0,200,PSO,25849.822820379504
24,2,1,200,PSO,15669.086033229012
24,2,2,200,PSO,24292.16302840274
24,2,3,200,PSO,23915.59302896182
24,2,4,200,PSO,19908.66001909296
24,2,5,200,PSO,19591.78779595417
24,2,6,200,PSO,16114.93064113117
24,2,7,200,PSO,26176.93706859501
24,2,8,200,PSO,21632.18999603847
24,2,9,200,PSO,22871.843398774
24,2,10,200,PSO,22886.66460471024
24,2,11,200,PSO,21012.275075404155
24,2,12,200,PSO,27816.04707539889
24,2,13,200,PSO,19256.595806705307
24,2,14,200,PSO,18728.28674759415
24,2,15,200,PSO,19914.850556402198
24,2,16,200,PSO,14130.228807117865
24,2,17,200,PSO,15857.406769917125
24,2,18,200,PSO,21096.345698680645
24,2,19,200,PSO,22105.116834462617
24,3,0,200,PSO,19134.196624022927
24,3,1,200,PSO,18906.08180880519
24,3,2,200,PSO,21929.518155585345
24,3,3,200,PSO,25137.63278070707
24,3,4,200,PSO,24908.360847501466
24,3,5,200,PSO,12479.513558823093
24,3,6,200,PSO,21415.156356443378
24,3,7,200,PSO,25054.379418607314
24,3,8,200,PSO,19399.798103075336
24,3,9,200,PSO,21520.600659620723
24,3,10,200,PSO,21077.228820974982
24,3,11,200,PSO,21536.491294759973
24,3,12,200,PSO,36207.44839120559
24,3,13,200,PSO,15192.842231055496
24,3,14,200,PSO,22306.700737643343
24,3,15,200,PSO,20443.332541194344
24,3,16,200,PSO,24145.581215124585
24,3,17,200,PSO,24348.446886446087
24,3,18,200,PSO,16204.92432797811
24,3,19,200,PSO,10560.239741638055
24,4,0,200,PSO,21802.505895792332
24,4,1,200,PSO,12845.893786159675
24,4,2,200,PSO,17690.811408780555
24,4,3,200,PSO,24996.654430622766
24,4,4,200,PSO,22009.12474947649
24,4,5,200,PSO,28509.32475918102
24,4,6,200,PSO,26354.262186821266
24,4,7,200,PSO,13967.784206848723
24,4,8,200,PSO,22300.112313824706
24,4,9,200,PSO,17349.687038616732
24,4,10,200,PSO,20621.288862614172
24,4,11,200,PSO,18671.417897439496
24,4,12,200,PSO,18037.378896362214
24,4,13,200,PSO,22720.726602606155
24,4,14,200,PSO,20815.676668508047
24,4,15,200,PSO,20789.278561178136
24,4,16,200,PSO,21475.736598739633
24,4,17,200,PSO,17919.515092631198
24,4,18,200,PSO,22425.976846632497
24,4,19,200,PSO,22343.923018030415
24,5,0,200,PSO,23116.974624770264
24,5,1,200,PSO,16461.574853482827
24,5,2,200,PSO,17639.316152507017
24,5,3,200,PSO,23542.37208045962
24,5,4,200,PSO,23897.949072225543
24,5,5,200,PSO,10341.54100518682
24,5,6,200,PSO,16342.389437163083
24,5,7,200,PSO,20467.058525716304
24,5,8,200,PSO,25576.169591419042
24,5,9,200,PSO,22134.277474870058
24,5,10,200,PSO,16097.71147120856
24,5,11,200,PSO,21014.55231041706
24,5,12,200,PSO,20192.117273188403
24,5,13,200,PSO,23382.222460714842
24,5,14,200,PSO,28007.342226508765
24,5,15,200,PSO,16183.10772360694
24,5,16,200,PSO,18509.94278673439
24,5,17,200,PSO,17657.714479178685
24,5,18,200,PSO,19280.867857421625
24,5,19,200,PSO,13836.030414195513
24,6,0,200,PSO,13156.126179862125
24,6,1,200,PSO,17065.706253870776
24,6,2,200,PSO,18409.834280395407
24,6,3,200,PSO,12308.292562397803
24,6,4,200,PSO,23387.850864017215
24,6,5,200,PSO,17904.28745299222
24,6,6,200,PSO,14329.80088714572
24,6,7,200,PSO,19233.27188032025
24,6,8,200,PSO,20734.11885226491
24,6,9,200,PSO,16631.66724723731
24,6,10,200,PSO,29661.905561187676
24,6,11,200,PSO,21831.61321241755
24,6,12,200,PSO,19248.20153938076
24,6,13,200,PSO,17399.813235779035
24,6,14,200,PSO,13779.089762001991
24,6,15,200,PSO,21814.84731525779
24,6,16,200,PSO,17664.246497638425
24,6,17,200,PSO,24814.396022961646
24,6,18,200,PSO,20092.003345718153
24,6,19,200,PSO,18321.1003865721
24,7,0,200,PSO,21936.077218806015
24,7,1,200,PSO,14606.700228932837
24,7,2,200,PSO,16591.563148098743
24,7,3,200,PSO,19521.003184846955
24,7,4,200,PSO,19103.762443270305
24,7,5,200,PSO,16724.54458995235
24,7,6,200,PSO,21376.841204184973
24,7,7,200,PSO,15552.50273308452
24,7,8,200,PSO,21508.09030262532
24,7,9,200,PSO,20293.914954809625
24,7,10,200,PSO,20798.196114888928
24,7,11,200,PSO,18640.668017634966
24,7,12,200,PSO,18157.563711392384
24,7,13,200,PSO,21892.752592125114
24,7,14,200,PSO,23302.515487642464
24,7,15,200,PSO,23538.269277234445
24,7,16,200,PSO,17991.245923134684
24,7,17,200,PSO,28455.20394412832
24,7,18,200,PSO,23929.641011890166
24,7,19,200,PSO,20205.418979988226
