fid,iid,rep,a1_budget,algname,achieved_regret
1,1,0,350,Elitist,0.9632164000195047
1,1,1,350,Elitist,0.7464511030702852
1,1,2,350,Elitist,1.3290158048896643
1,1,3,350,Elitist,1.2627249835103527
1,1,4,350,Elitist,0.7646334946154951
1,1,5,350,Elitist,0.9249277308266244
1,1,6,350,Elitist,1.0349053508441557
1,1,7,350,Elitist,1.3243440548576473
1,1,8,350,Elitist,1.439160380022841
1,1,9,350,Elitist,1.4944020883655895
1,1,10,350,Elitist,1.4848728225854586
1,1,11,350,Elitist,0.9104937473030645
1,1,12,350,Elitist,0.8624198384625856
1,1,13,350,Elitist,1.1864926746976892
1,1,14,350,Elitist,1.5232417787918848
1,1,15,350,Elitist,0.8794135720376488
1,1,16,350,Elitist,1.7349803888175899
1,1,17,350,Elitist,1.5903128498931522
1,1,18,350,Elitist,1.8494182716439411
1,1,19,350,Elitist,0.9835929466897255
1,2,0,350,Elitist,1.0775706768442888
1,2,1,350,Elitist,1.6861363234850728
1,2,2,350,Elitist,1.2630862561415483
1,2,3,350,Elitist,1.638207945742863
1,2,4,350,Elitist,1.6942438539924751
1,2,5,350,Elitist,1.7485969103240109
1,2,6,350,Elitist,1.7549898691443673
1,2,7,350,Elitist,1.6541498267869201
1,2,8,350,Elitist,1.3878719144225329
1,2,9,350,Elitist,1.527526709652875
1,2,10,350,Elitist,1.8542465849808423
1,2,11,350,Elitist,1.8614947462220925
1,2,12,350,Elitist,1.178615172494915
1,2,13,350,Elitist,0.6465751036973302
1,2,14,350,Elitist,0.8032870634633582
1,2,15,350,Elitist,1.0915054130646809
1,2,16,350,Elitist,1.0570349688780425
1,2,17,350,Elitist,1.6718755674818908
1,2,18,350,Elitist,1.1826968621624019
1,2,19,350,Elitist,1.180578523615054
1,3,0,350,Elitist,1.34389741763718
1,3,1,350,Elitist,0.860185329188198
1,3,2,350,Elitist,1.6345477675480709
1,3,3,350,Elitist,1.4620738696624755
1,3,4,350,Elitist,1.8063561262576684
1,3,5,350,Elitist,1.2936894734421287
1,3,6,350,Elitist,1.254243976129942
1,3,7,350,Elitist,1.0164265884250199
1,3,8,350,Elitist,1.1098566476514975
1,3,9,350,Elitist,1.2736971433591862
1,3,10,350,Elitist,1.4777987216235715
1,3,11,350,Elitist,1.0687229924279507
1,3,12,350,Elitist,0.9958146852947891
1,3,13,350,Elitist,1.562631122725378
1,3,14,350,Elitist,1.2147374329874765
1,3,15,350,Elitist,0.8407920718491084
1,3,16,350,Elitist,0.9090075338052657
1,3,17,350,Elitist,1.1240419650644355
1,3,18,350,Elitist,1.3010666601558398
1,3,19,350,Elitist,1.9901359640821852
1,4,0,350,Elitist,1.291845220727879
1,4,1,350,Elitist,1.9970693441256628
1,4,2,350,Elitist,1.3041934161298627
1,4,3,350,Elitist,1.0838623446171312
1,4,4,350,Elitist,1.0941825108137664
1,4,5,350,Elitist,1.1761811290271567
1,4,6,350,Elitist,1.2533088926521998
1,4,7,350,Elitist,1.3519362883129133
1,4,8,350,Elitist,1.221183794169491
1,4,9,350,Elitist,0.9407095019334122
1,4,10,350,Elitist,0.8447822877798785
1,4,11,350,Elitist,1.1928034922910058
1,4,12,350,Elitist,0.7470363333064824
1,4,13,350,Elitist,1.1669896577026861
1,4,14,350,Elitist,1.7313218329413473
1,4,15,350,Elitist,1.0015730369015046
1,4,16,350,Elitist,1.7854728189852835
1,4,17,350,Elitist,0.9219370735181371
1,4,18,350,Elitist,1.2015294665531542
1,4,19,350,Elitist,1.710001188282746
1,5,0,350,Elitist,1.6809711386481538
1,5,1,350,Elitist,0.7165166329295651
1,5,2,350,Elitist,0.6727823832728177
1,5,3,350,Elitist,1.0500485151361474
1,5,4,350,Elitist,1.2819047870170301
1,5,5,350,Elitist,1.6797916135838946
1,5,6,350,Elitist,1.1090829790585417
1,5,7,350,Elitist,0.8154959074556203
1,5,8,350,Elitist,1.3637707105032142
1,5,9,350,Elitist,1.2933785044350579
1,5,10,350,Elitist,1.089414490784847
1,5,11,350,Elitist,1.2130443534529718
1,5,12,350,Elitist,1.463699947038048
1,5,13,350,Elitist,0.9448991866489465
1,5,14,350,Elitist,0.9564959170673681
1,5,15,350,Elitist,1.2970477920896748
1,5,16,350,Elitist,1.711231084159074
1,5,17,350,Elitist,1.4946618530200624
1,5,18,350,Elitist,1.5911368345655532
1,5,19,350,Elitist,0.9829657198000703
1,6,0,350,Elitist,1.9094578698081364
1,6,1,350,Elitist,1.1368869819286829
1,6,2,350,Elitist,1.0150859359184494
1,6,3,350,Elitist,1.1419922160182807
1,6,4,350,Elitist,0.937753141099904
1,6,5,350,Elitist,1.3873909373433264
1,6,6,350,Elitist,1.9353939467658847
1,6,7,350,Elitist,1.0713593173377944
1,6,8,350,Elitist,0.9591009107177229
1,6,9,350,Elitist,1.0340802281159256
1,6,10,350,Elitist,0.9223754526640278
1,6,11,350,Elitist,0.8388406438116078
1,6,12,350,Elitist,1.039823956780566
1,6,13,350,Elitist,1.2668407255004297
1,6,14,350,Elitist,1.3074397985186863
1,6,15,350,Elitist,1.3824445573392268
1,6,16,350,Elitist,1.2605335090062226
1,6,17,350,Elitist,1.26384320317203
1,6,18,350,Elitist,1.0764028232628107
1,6,19,350,Elitist,1.0301817249458054
1,7,0,350,Elitist,1.1815734281357209
1,7,1,350,Elitist,1.5384955803715457
1,7,2,350,Elitist,0.7118643586449025
1,7,3,350,Elitist,1.486021942388902
1,7,4,350,Elitist,1.170216367871035
1,7,5,350,Elitist,1.009473089380549
1,7,6,350,Elitist,1.4064936954689529
1,7,7,350,Elitist,0.9499663633165483
1,7,8,350,Elitist,1.149382033666484
1,7,9,350,Elitist,1.2947009565616554
1,7,10,350,Elitist,1.0178934336051952
1,7,11,350,Elitist,1.2021111865972216
1,7,12,350,Elitist,0.9829481946725309
1,7,13,350,Elitist,1.4863979600642097
1,7,14,350,Elitist,1.2172052326025096
1,7,15,350,Elitist,1.29996785031733
1,7,16,350,Elitist,1.2963816625270965
1,7,17,350,Elitist,1.3737154022448976
1,7,18,350,Elitist,1.5458396936310237
1,7,19,350,Elitist,0.9417263104900258
2,1,0,350,Elitist,175088.92942461142
2,1,1,350,Elitist,177436.49843096492
2,1,2,350,Elitist,432680.21297243645
2,1,3,350,Elitist,212319.3077721948
2,1,4,350,Elitist,278314.7460639548
2,1,5,350,Elitist,278089.66177867854
2,1,6,350,Elitist,355837.46166046406
2,1,7,350,Elitist,387599.69716454064
2,1,8,350,Elitist,248810.0031928573
2,1,9,350,Elitist,364106.4653658857
2,1,10,350,Elitist,170065.8697446257
2,1,11,350,Elitist,315338.75459134416
2,1,12,350,Elitist,293938.9912849561
2,1,13,350,Elitist,265579.5624946207
2,1,14,350,Elitist,355107.29575174116
2,1,15,350,Elitist,298663.86199270387
2,1,16,350,Elitist,140322.9684095368
2,1,17,350,Elitist,149072.4180667879
2,1,18,350,Elitist,237133.05311094265
2,1,19,350,Elitist,134528.14021271726
2,2,0,350,Elitist,149712.56902119666
2,2,1,350,Elitist,113496.88760385863
2,2,2,350,Elitist,189255.89071389608
2,2,3,350,Elitist,208252.04368056922
2,2,4,350,Elitist,374614.082034862
2,2,5,350,Elitist,103554.0167182699
2,2,6,350,Elitist,229756.5084945501
2,2,7,350,Elitist,241561.62599631396
2,2,8,350,Elitist,239100.6572331492
2,2,9,350,Elitist,258694.98674668965
2,2,10,350,Elitist,394210.0476653189
2,2,11,350,Elitist,255325.32656805933
2,2,12,350,Elitist,225388.97854886722
2,2,13,350,Elitist,362168.45666847675
2,2,14,350,Elitist,586074.8515082083
2,2,15,350,Elitist,198695.67609263977
2,2,16,350,Elitist,257445.57458574596
2,2,17,350,Elitist,186914.0151051133
2,2,18,350,Elitist,572700.9249417292
2,2,19,350,Elitist,259301.10379818332
2,3,0,350,Elitist,183997.09734683283
2,3,1,350,Elitist,373588.8595516581
2,3,2,350,Elitist,274273.38283947593
2,3,3,350,Elitist,417122.9758187988
2,3,4,350,Elitist,330318.57332223625
2,3,5,350,Elitist,125272.07968513711
2,3,6,350,Elitist,593772.829048554
2,3,7,350,Elitist,236938.9977015396
2,3,8,350,Elitist,237478.9628245456
2,3,9,350,Elitist,231045.87342238345
2,3,10,350,Elitist,300015.02828668436
2,3,11,350,Elitist,317046.79470675485
2,3,12,350,Elitist,310323.7273079085
2,3,13,350,Elitist,401966.1928776612
2,3,14,350,Elitist,305093.0314512203
2,3,15,350,Elitist,321726.9773761456
2,3,16,350,Elitist,418745.01399054815
2,3,17,350,Elitist,291038.4621476601
2,3,18,350,Elitist,259654.3463139913
2,3,19,350,Elitist,397448.37747499533
2,4,0,350,Elitist,279567.3339084886
2,4,1,350,Elitist,287939.2732154209
2,4,2,350,Elitist,107957.22878149718
2,4,3,350,Elitist,356965.33370643575
2,4,4,350,Elitist,433724.3089578006
2,4,5,350,Elitist,329390.18844063865
2,4,6,350,Elitist,283137.6156052924
2,4,7,350,Elitist,295854.1895094475
2,4,8,350,Elitist,309095.89372160035
2,4,9,350,Elitist,285133.0536544713
2,4,10,350,Elitist,516659.7946611153
2,4,11,350,Elitist,335123.47396838106
2,4,12,350,Elitist,407032.69969901873
2,4,13,350,Elitist,243338.2040024011
2,4,14,350,Elitist,234835.11190372723
2,4,15,350,Elitist,229223.07404067606
2,4,16,350,Elitist,228042.96492300948
2,4,17,350,Elitist,343199.442086647
2,4,18,350,Elitist,198549.9844319199
2,4,19,350,Elitist,375718.95710907876
2,5,0,350,Elitist,250313.00604356037
2,5,1,350,Elitist,244142.3750021424
2,5,2,350,Elitist,355240.12480701687
2,5,3,350,Elitist,226978.3589008609
2,5,4,350,Elitist,401953.45795156667
2,5,5,350,Elitist,205004.5303354604
2,5,6,350,Elitist,156679.09934528734
2,5,7,350,Elitist,239471.20081296717
2,5,8,350,Elitist,282384.6919239985
2,5,9,350,Elitist,121507.31780483326
2,5,10,350,Elitist,358353.6977229171
2,5,11,350,Elitist,207561.25740811107
2,5,12,350,Elitist,364981.0231643596
2,5,13,350,Elitist,212507.55421951064
2,5,14,350,Elitist,258226.95412849818
2,5,15,350,Elitist,238808.49896048853
2,5,16,350,Elitist,212756.2285620263
2,5,17,350,Elitist,162997.04406879065
2,5,18,350,Elitist,200778.71689106894
2,5,19,350,Elitist,212150.54847963722
2,6,0,350,Elitist,381111.57633018016
2,6,1,350,Elitist,453848.26705538423
2,6,2,350,Elitist,387165.24205147347
2,6,3,350,Elitist,324469.75779115886
2,6,4,350,Elitist,178470.81278275183
2,6,5,350,Elitist,291276.03265945485
2,6,6,350,Elitist,367696.7408682912
2,6,7,350,Elitist,226707.75272068765
2,6,8,350,Elitist,232148.52370445046
2,6,9,350,Elitist,183405.49067214713
2,6,10,350,Elitist,358670.93399045244
2,6,11,350,Elitist,251659.5959498591
2,6,12,350,Elitist,193476.6466080857
2,6,13,350,Elitist,185434.3948527448
2,6,14,350,Elitist,371614.6542782696
2,6,15,350,Elitist,325161.50404172775
2,6,16,350,Elitist,495325.45114507125
2,6,17,350,Elitist,346220.9767411754
2,6,18,350,Elitist,261230.38641187825
2,6,19,350,Elitist,172038.33297929013
2,7,0,350,Elitist,152189.26217569274
2,7,1,350,Elitist,199236.01871321624
2,7,2,350,Elitist,245519.12883495766
2,7,3,350,Elitist,219346.15484189297
2,7,4,350,Elitist,151892.666627975
2,7,5,350,Elitist,253385.4396633191
2,7,6,350,Elitist,145738.84565861264
2,7,7,350,Elitist,213075.2822631087
2,7,8,350,Elitist,238284.248300841
2,7,9,350,Elitist,232249.52680818108
2,7,10,350,Elitist,123491.85351235773
2,7,11,350,Elitist,310975.326918942
2,7,12,350,Elitist,187210.76141165357
2,7,13,350,Elitist,78999.79066812042
2,7,14,350,Elitist,283467.3614191306
2,7,15,350,Elitist,189863.95349412315
2,7,16,350,Elitist,369925.29921883094
2,7,17,350,Elitist,173576.5898640651
2,7,18,350,Elitist,199220.54843504727
2,7,19,350,Elitist,190426.5392871517
3,1,0,350,Elitist,313.81410043346716
3,1,1,350,Elitist,407.8393213866775
3,1,2,350,Elitist,278.26974313031883
3,1,3,350,Elitist,385.177896859985
3,1,4,350,Elitist,337.89219734042194
3,1,5,350,Elitist,322.4643730729042
3,1,6,350,Elitist,355.3934779880663
3,1,7,350,Elitist,363.2022282116392
3,1,8,350,Elitist,323.77998695754957
3,1,9,350,Elitist,407.77762342301276
3,1,10,350,Elitist,329.07376120673064
3,1,11,350,Elitist,311.6104011037769
3,1,12,350,Elitist,323.74218695690706
3,1,13,350,Elitist,427.1787557504671
3,1,14,350,Elitist,329.1475143816044
3,1,15,350,Elitist,382.5791402713631
3,1,16,350,Elitist,321.38382710374333
3,1,17,350,Elitist,462.6449331121005
3,1,18,350,Elitist,294.8305148518415
3,1,19,350,Elitist,337.9579172008931
3,2,0,350,Elitist,358.48174003384474
3,2,1,350,Elitist,348.1102339807611
3,2,2,350,Elitist,343.68030520958007
3,2,3,350,Elitist,380.83891313301933
3,2,4,350,Elitist,358.96542811162374
3,2,5,350,Elitist,276.6613825556774
3,2,6,350,Elitist,338.19043066341794
3,2,7,350,Elitist,303.0037772488581
3,2,8,350,Elitist,351.6977265181822
3,2,9,350,Elitist,267.2611155975593
3,2,10,350,Elitist,360.12102533137204
3,2,11,350,Elitist,311.79958181616826
3,2,12,350,Elitist,431.4787502267693
3,2,13,350,Elitist,309.6553491831644
3,2,14,350,Elitist,337.42979092597454
3,2,15,350,Elitist,355.2805050520783
3,2,16,350,Elitist,328.93119862132755
3,2,17,350,Elitist,346.7224865517202
3,2,18,350,Elitist,300.07840203333114
3,2,19,350,Elitist,329.6236713786599
3,3,0,350,Elitist,359.6296015011245
3,3,1,350,Elitist,431.8188639034652
3,3,2,350,Elitist,470.0230446045321
3,3,3,350,Elitist,344.46966684869136
3,3,4,350,Elitist,329.72209978459284
3,3,5,350,Elitist,361.5901730135143
3,3,6,350,Elitist,407.6947370470735
3,3,7,350,Elitist,477.22808550114024
3,3,8,350,Elitist,346.79032118062753
3,3,9,350,Elitist,313.19334673666276
3,3,10,350,Elitist,408.93942065787957
3,3,11,350,Elitist,392.5542299952816
3,3,12,350,Elitist,384.80442175720793
3,3,13,350,Elitist,395.2215740197354
3,3,14,350,Elitist,360.882843680665
3,3,15,350,Elitist,314.61257299747643
3,3,16,350,Elitist,302.85050880168797
3,3,17,350,Elitist,351.7067793585463
3,3,18,350,Elitist,343.9010935725274
3,3,19,350,Elitist,319.18785462035214
3,4,0,350,Elitist,295.41158061199644
3,4,1,350,Elitist,413.365634001626
3,4,2,350,Elitist,408.37623996511286
3,4,3,350,Elitist,377.59704230010357
3,4,4,350,Elitist,387.5370198213758
3,4,5,350,Elitist,422.98113031364807
3,4,6,350,Elitist,328.8242196105845
3,4,7,350,Elitist,335.37956182601295
3,4,8,350,Elitist,365.5404272175615
3,4,9,350,Elitist,367.3082857644289
3,4,10,350,Elitist,468.72130572887113
3,4,11,350,Elitist,344.31408065431924
3,4,12,350,Elitist,335.53888634838773
3,4,13,350,Elitist,296.4427043738183
3,4,14,350,Elitist,316.70369064694734
3,4,15,350,Elitist,344.30014363703793
3,4,16,350,Elitist,366.0205935224176
3,4,17,350,Elitist,383.0998122418508
3,4,18,350,Elitist,361.28553364050913
3,4,19,350,Elitist,443.92251048154685
3,5,0,350,Elitist,333.7887596217902
3,5,1,350,Elitist,322.35862719454974
3,5,2,350,Elitist,401.62232058689193
3,5,3,350,Elitist,377.9505295769866
3,5,4,350,Elitist,388.24166573733174
3,5,5,350,Elitist,382.6884420088257
3,5,6,350,Elitist,415.23344734643507
3,5,7,350,Elitist,311.6386885119526
3,5,8,350,Elitist,307.86172974102146
3,5,9,350,Elitist,290.30606562393496
3,5,10,350,Elitist,419.8807744054164
3,5,11,350,Elitist,399.65476261731106
3,5,12,350,Elitist,364.4545252791256
3,5,13,350,Elitist,345.3118920204563
3,5,14,350,Elitist,415.89058715208654
3,5,15,350,Elitist,361.01713827456064
3,5,16,350,Elitist,346.2739744650862
3,5,17,350,Elitist,423.9171847610567
3,5,18,350,Elitist,377.2229294553149
3,5,19,350,Elitist,377.58509006373373
3,6,0,350,Elitist,393.3178319417642
3,6,1,350,Elitist,381.5352911439141
3,6,2,350,Elitist,420.3457833323206
3,6,3,350,Elitist,363.788750322193
3,6,4,350,Elitist,331.9082435955714
3,6,5,350,Elitist,376.76932297637563
3,6,6,350,Elitist,406.892225143435
3,6,7,350,Elitist,345.5819720735377
3,6,8,350,Elitist,332.04390338033323
3,6,9,350,Elitist,452.90354178200573
3,6,10,350,Elitist,384.4569813538588
3,6,11,350,Elitist,341.69411524318485
3,6,12,350,Elitist,366.63107648696206
3,6,13,350,Elitist,378.41863048455446
3,6,14,350,Elitist,398.5988571223309
3,6,15,350,Elitist,373.1764431940962
3,6,16,350,Elitist,417.46146975549823
3,6,17,350,Elitist,372.49773417126215
3,6,18,350,Elitist,380.22978441842866
3,6,19,350,Elitist,299.250180231785
3,7,0,350,Elitist,338.6963150491823
3,7,1,350,Elitist,333.78777365827057
3,7,2,350,Elitist,315.4444419778047
3,7,3,350,Elitist,339.6397933894774
3,7,4,350,Elitist,303.9650674042068
3,7,5,350,Elitist,384.9168115299229
3,7,6,350,Elitist,363.35038338215224
3,7,7,350,Elitist,342.2434423068439
3,7,8,350,Elitist,349.7871378790859
3,7,9,350,Elitist,311.78781770753284
3,7,10,350,Elitist,330.9644472796523
3,7,11,350,Elitist,302.94599494968077
3,7,12,350,Elitist,306.0386281033099
3,7,13,350,Elitist,387.90089696379994
3,7,14,350,Elitist,408.2939705481427
3,7,15,350,Elitist,312.7743179140271
3,7,16,350,Elitist,338.76885236842173
3,7,17,350,Elitist,329.2198426257222
3,7,18,350,Elitist,314.9557074383871
3,7,19,350,Elitist,421.6447448369571
4,1,0,350,Elitist,423.26925530227675
4,1,1,350,Elitist,464.4287916413583
4,1,2,350,Elitist,553.5135810754566
4,1,3,350,Elitist,510.61510999474547
4,1,4,350,Elitist,448.81023212089815
4,1,5,350,Elitist,406.2232548011186
4,1,6,350,Elitist,495.6284616866455
4,1,7,350,Elitist,461.3213581818907
4,1,8,350,Elitist,542.2116236806535
4,1,9,350,Elitist,565.0953104328729
4,1,10,350,Elitist,456.21585060896115
4,1,11,350,Elitist,501.95285947727365
4,1,12,350,Elitist,493.66619473727206
4,1,13,350,Elitist,518.2490686773709
4,1,14,350,Elitist,512.3996327555478
4,1,15,350,Elitist,492.50394428348534
4,1,16,350,Elitist,573.6331401238591
4,1,17,350,Elitist,456.0643732076792
4,1,18,350,Elitist,490.9572011049809
4,1,19,350,Elitist,587.284918602711
4,2,0,350,Elitist,496.7616509480998
4,2,1,350,Elitist,532.1990021880531
4,2,2,350,Elitist,447.26255771792864
4,2,3,350,Elitist,629.2096202392202
4,2,4,350,Elitist,482.89679848401624
4,2,5,350,Elitist,545.6585663574742
4,2,6,350,Elitist,463.9735697677122
4,2,7,350,Elitist,465.33440963834494
4,2,8,350,Elitist,499.39789026117546
4,2,9,350,Elitist,556.9703083802924
4,2,10,350,Elitist,540.7252892631919
4,2,11,350,Elitist,476.8544148300073
4,2,12,350,Elitist,448.2597594270054
4,2,13,350,Elitist,530.6602706177378
4,2,14,350,Elitist,507.5657085253073
4,2,15,350,Elitist,528.223028248455
4,2,16,350,Elitist,395.9972107043625
4,2,17,350,Elitist,509.0110825401356
4,2,18,350,Elitist,475.62265512808096
4,2,19,350,Elitist,613.4855431846084
4,3,0,350,Elitist,533.746163708824
4,3,1,350,Elitist,518.695604210237
4,3,2,350,Elitist,452.218577884157
4,3,3,350,Elitist,394.83699086712534
4,3,4,350,Elitist,513.130847915912
4,3,5,350,Elitist,494.87104536862176
4,3,6,350,Elitist,663.1937800656365
4,3,7,350,Elitist,560.0712397335383
4,3,8,350,Elitist,530.4853969667479
4,3,9,350,Elitist,500.47419881636716
4,3,10,350,Elitist,450.9400817996387
4,3,11,350,Elitist,546.0789797835762
4,3,12,350,Elitist,593.6567649104213
4,3,13,350,Elitist,601.1057841571248
4,3,14,350,Elitist,502.543679202717
4,3,15,350,Elitist,531.2702863378579
4,3,16,350,Elitist,472.90633188277815
4,3,17,350,Elitist,461.6732123078123
4,3,18,350,Elitist,599.8973485746619
4,3,19,350,Elitist,489.4310818696435
4,4,0,350,Elitist,543.5714658726395
4,4,1,350,Elitist,484.2499305808861
4,4,2,350,Elitist,458.7009055497697
4,4,3,350,Elitist,547.7494575662819
4,4,4,350,Elitist,499.4211000802021
4,4,5,350,Elitist,483.9835601343502
4,4,6,350,Elitist,461.420351601265
4,4,7,350,Elitist,506.37818655871524
4,4,8,350,Elitist,461.7446093415952
4,4,9,350,Elitist,552.5044172712578
4,4,10,350,Elitist,527.6869469056453
4,4,11,350,Elitist,537.818954702562
4,4,12,350,Elitist,440.0083585196478
4,4,13,350,Elitist,447.0123997266692
4,4,14,350,Elitist,463.52325854642277
4,4,15,350,Elitist,506.1347281720778
4,4,16,350,Elitist,508.8421256388468
4,4,17,350,Elitist,574.498732528406
4,4,18,350,Elitist,487.143759705086
4,4,19,350,Elitist,513.4884189376982
4,5,0,350,Elitist,478.29267159916714
4,5,1,350,Elitist,571.5763350884197
4,5,2,350,Elitist,475.03560084046745
4,5,3,350,Elitist,502.7774907155272
4,5,4,350,Elitist,496.02881097490655
4,5,5,350,Elitist,472.6465924783154
4,5,6,350,Elitist,457.61149357019013
4,5,7,350,Elitist,465.14251317201985
4,5,8,350,Elitist,599.5714237240632
4,5,9,350,Elitist,640.7158905897213
4,5,10,350,Elitist,507.19655541003345
4,5,11,350,Elitist,548.1617291235161
4,5,12,350,Elitist,513.9959403353662
4,5,13,350,Elitist,523.9769138118975
4,5,14,350,Elitist,540.5243707342563
4,5,15,350,Elitist,456.2277922862548
4,5,16,350,Elitist,523.4459414675121
4,5,17,350,Elitist,532.8243693140489
4,5,18,350,Elitist,450.57341037558155
4,5,19,350,Elitist,530.6835352359071
4,6,0,350,Elitist,527.7385538179801
4,6,1,350,Elitist,533.1974204593323
4,6,2,350,Elitist,453.9402467902662
4,6,3,350,Elitist,459.1924996680483
4,6,4,350,Elitist,629.129978937546
4,6,5,350,Elitist,523.4505261851962
4,6,6,350,Elitist,465.1046955820346
4,6,7,350,Elitist,476.40579413755455
4,6,8,350,Elitist,510.83052078725103
4,6,9,350,Elitist,512.268816097617
4,6,10,350,Elitist,564.3789973691637
4,6,11,350,Elitist,564.5937529660828
4,6,12,350,Elitist,595.8496709722092
4,6,13,350,Elitist,538.4457096183987
4,6,14,350,Elitist,564.1381936846619
4,6,15,350,Elitist,572.552663174245
4,6,16,350,Elitist,536.8982335747777
4,6,17,350,Elitist,501.90898675528024
4,6,18,350,Elitist,480.89178024391833
4,6,19,350,Elitist,507.8093246425336
4,7,0,350,Elitist,501.55347786146876
4,7,1,350,Elitist,542.1048525859369
4,7,2,350,Elitist,517.4738110375112
4,7,3,350,Elitist,481.1996448591072
4,7,4,350,Elitist,584.4693337748798
4,7,5,350,Elitist,509.488774802405
4,7,6,350,Elitist,403.4664709921585
4,7,7,350,Elitist,541.2725284121896
4,7,8,350,Elitist,529.046852517327
4,7,9,350,Elitist,490.50230530822523
4,7,10,350,Elitist,498.729664247463
4,7,11,350,Elitist,538.9620200231899
4,7,12,350,Elitist,510.7082392771322
4,7,13,350,Elitist,527.4947816599691
4,7,14,350,Elitist,455.9140298456846
4,7,15,350,Elitist,528.5755523961293
4,7,16,350,Elitist,419.81584177735044
4,7,17,350,Elitist,562.688399581144
4,7,18,350,Elitist,562.5191785458917
4,7,19,350,Elitist,517.7553204771918
5,1,0,350,Elitist,60.60874491727133
5,1,1,350,Elitist,55.22125245963394
5,1,2,350,Elitist,83.4869460617621
5,1,3,350,Elitist,60.723927666269645
5,1,4,350,Elitist,88.83665919000549
5,1,5,350,Elitist,66.93176288079576
5,1,6,350,Elitist,52.91894424094898
5,1,7,350,Elitist,38.94366771668311
5,1,8,350,Elitist,75.86591606138637
5,1,9,350,Elitist,115.36402187093103
5,1,10,350,Elitist,58.85136341063289
5,1,11,350,Elitist,78.9246458959959
5,1,12,350,Elitist,53.18043683508903
5,1,13,350,Elitist,42.792104057211425
5,1,14,350,Elitist,78.66685164929427
5,1,15,350,Elitist,99.79891094727418
5,1,16,350,Elitist,49.85704087228001
5,1,17,350,Elitist,89.47161134523517
5,1,18,350,Elitist,72.1145599680845
5,1,19,350,Elitist,76.64843309567158
5,2,0,350,Elitist,44.440813390579024
5,2,1,350,Elitist,99.49260263987742
5,2,2,350,Elitist,95.03949152833263
5,2,3,350,Elitist,49.84066255036305
5,2,4,350,Elitist,80.43763072682941
5,2,5,350,Elitist,91.9955678789189
5,2,6,350,Elitist,62.19998154976429
5,2,7,350,Elitist,51.44159965196093
5,2,8,350,Elitist,43.64188037860163
5,2,9,350,Elitist,76.78571179486971
5,2,10,350,Elitist,47.09047855479628
5,2,11,350,Elitist,53.23967956121476
5,2,12,350,Elitist,76.616435705978
5,2,13,350,Elitist,81.93618449622272
5,2,14,350,Elitist,29.747045064588292
5,2,15,350,Elitist,87.80767658582226
5,2,16,350,Elitist,86.84235043662727
5,2,17,350,Elitist,64.51598855396276
5,2,18,350,Elitist,97.24211199472666
5,2,19,350,Elitist,64.43550062955057
5,3,0,350,Elitist,65.86130928823194
5,3,1,350,Elitist,63.478204178444756
5,3,2,350,Elitist,85.30009223746644
5,3,3,350,Elitist,92.67744330981684
5,3,4,350,Elitist,46.4058567426905
5,3,5,350,Elitist,74.70027214748767
5,3,6,350,Elitist,61.37604078557935
5,3,7,350,Elitist,92.47136422982344
5,3,8,350,Elitist,79.31738786007874
5,3,9,350,Elitist,105.071798662967
5,3,10,350,Elitist,75.48244801441807
5,3,11,350,Elitist,59.397597614181436
5,3,12,350,Elitist,67.14835065146939
5,3,13,350,Elitist,70.78454804106879
5,3,14,350,Elitist,70.24255418446494
5,3,15,350,Elitist,58.06864213343327
5,3,16,350,Elitist,54.73445991032574
5,3,17,350,Elitist,71.37897456887684
5,3,18,350,Elitist,56.7311893687414
5,3,19,350,Elitist,80.94947896547698
5,4,0,350,Elitist,96.24183109821308
5,4,1,350,Elitist,54.336686743104224
5,4,2,350,Elitist,44.26036466698997
5,4,3,350,Elitist,49.97309644004372
5,4,4,350,Elitist,81.14402961541339
5,4,5,350,Elitist,49.622534830533255
5,4,6,350,Elitist,73.23267927348115
5,4,7,350,Elitist,79.74461961658062
5,4,8,350,Elitist,56.02538032040309
5,4,9,350,Elitist,59.62646616789641
5,4,10,350,Elitist,43.15183277022152
5,4,11,350,Elitist,76.54760872604584
5,4,12,350,Elitist,46.42646943726618
5,4,13,350,Elitist,96.93907723013774
5,4,14,350,Elitist,76.68781569635996
5,4,15,350,Elitist,96.95544852474279
5,4,16,350,Elitist,50.87351481528026
5,4,17,350,Elitist,51.27819516005161
5,4,18,350,Elitist,100.54172512961406
5,4,19,350,Elitist,58.552884124961
5,5,0,350,Elitist,44.86148151298114
5,5,1,350,Elitist,89.11724648746738
5,5,2,350,Elitist,107.03314895814776
5,5,3,350,Elitist,76.27000411973907
5,5,4,350,Elitist,87.26730078157694
5,5,5,350,Elitist,103.65470890542203
5,5,6,350,Elitist,82.57001587183215
5,5,7,350,Elitist,54.763086510468966
5,5,8,350,Elitist,89.61540056149417
5,5,9,350,Elitist,75.64460986830291
5,5,10,350,Elitist,62.986131843979905
5,5,11,350,Elitist,54.14351687743769
5,5,12,350,Elitist,72.83703161545247
5,5,13,350,Elitist,55.6400467341677
5,5,14,350,Elitist,31.779838117356647
5,5,15,350,Elitist,67.801965861466
5,5,16,350,Elitist,57.996069840348305
5,5,17,350,Elitist,67.7600350884679
5,5,18,350,Elitist,90.25047249596068
5,5,19,350,Elitist,66.74099434068282
5,6,0,350,Elitist,91.08430412764415
5,6,1,350,Elitist,73.64148458917782
5,6,2,350,Elitist,54.427252990011766
5,6,3,350,Elitist,100.82470275349965
5,6,4,350,Elitist,73.2483717857167
5,6,5,350,Elitist,83.93940967030801
5,6,6,350,Elitist,66.68728512953055
5,6,7,350,Elitist,95.55004299028639
5,6,8,350,Elitist,91.19482867720853
5,6,9,350,Elitist,60.291685374284214
5,6,10,350,Elitist,73.29591827897679
5,6,11,350,Elitist,86.01841064093145
5,6,12,350,Elitist,28.604182582345743
5,6,13,350,Elitist,46.8619522827982
5,6,14,350,Elitist,32.45201719293493
5,6,15,350,Elitist,46.49711365246071
5,6,16,350,Elitist,99.75925737717301
5,6,17,350,Elitist,115.83071283689742
5,6,18,350,Elitist,54.025884373582926
5,6,19,350,Elitist,53.990407875876144
5,7,0,350,Elitist,20.40172493934668
5,7,1,350,Elitist,78.88772493757165
5,7,2,350,Elitist,53.35160179298084
5,7,3,350,Elitist,104.56894462302874
5,7,4,350,Elitist,77.41399773265488
5,7,5,350,Elitist,76.2036976915354
5,7,6,350,Elitist,80.21688156584477
5,7,7,350,Elitist,54.72465474237743
5,7,8,350,Elitist,84.78962824115328
5,7,9,350,Elitist,61.175861628044586
5,7,10,350,Elitist,98.65836111068265
5,7,11,350,Elitist,105.23057543838617
5,7,12,350,Elitist,62.622232077402174
5,7,13,350,Elitist,83.5644498312723
5,7,14,350,Elitist,69.12337938119852
5,7,15,350,Elitist,53.109181698939786
5,7,16,350,Elitist,63.48645880353323
5,7,17,350,Elitist,82.71443797966535
5,7,18,350,Elitist,78.09175910107993
5,7,19,350,Elitist,133.94737446359835
6,1,0,350,Elitist,389.1275347820783
6,1,1,350,Elitist,313.1078521663319
6,1,2,350,Elitist,474.18338595756353
6,1,3,350,Elitist,218.1262938734998
6,1,4,350,Elitist,230.76994560395067
6,1,5,350,Elitist,203.06900511021863
6,1,6,350,Elitist,328.7442740010996
6,1,7,350,Elitist,214.2561707913372
6,1,8,350,Elitist,215.96125550755204
6,1,9,350,Elitist,262.24248770631505
6,1,10,350,Elitist,229.93175622295345
6,1,11,350,Elitist,277.5799197376469
6,1,12,350,Elitist,217.002796044212
6,1,13,350,Elitist,219.38518654812836
6,1,14,350,Elitist,111.91473045258823
6,1,15,350,Elitist,215.51508538559426
6,1,16,350,Elitist,196.52876485451335
6,1,17,350,Elitist,229.4527941067117
6,1,18,350,Elitist,168.0047163431336
6,1,19,350,Elitist,219.48156675900782
6,2,0,350,Elitist,215.74288766008948
6,2,1,350,Elitist,268.2093177231671
6,2,2,350,Elitist,395.94122687772665
6,2,3,350,Elitist,213.71368180858724
6,2,4,350,Elitist,218.74427216212572
6,2,5,350,Elitist,267.61436211850474
6,2,6,350,Elitist,219.77116971707127
6,2,7,350,Elitist,214.62947404958217
6,2,8,350,Elitist,155.85896062938755
6,2,9,350,Elitist,226.99418373025844
6,2,10,350,Elitist,219.88517330335947
6,2,11,350,Elitist,172.91697199937673
6,2,12,350,Elitist,289.8258278213875
6,2,13,350,Elitist,126.63397018180905
6,2,14,350,Elitist,181.8842210692274
6,2,15,350,Elitist,167.9534046537925
6,2,16,350,Elitist,186.02770716775163
6,2,17,350,Elitist,284.3581652235383
6,2,18,350,Elitist,329.69737521115076
6,2,19,350,Elitist,254.36188190446165
6,3,0,350,Elitist,198.0407867248349
6,3,1,350,Elitist,199.3843914265815
6,3,2,350,Elitist,141.0956732140496
6,3,3,350,Elitist,213.11223191610657
6,3,4,350,Elitist,223.92518972240373
6,3,5,350,Elitist,215.4943644968596
6,3,6,350,Elitist,224.83950931044683
6,3,7,350,Elitist,214.76234210590746
6,3,8,350,Elitist,203.556423465369
6,3,9,350,Elitist,207.42348753480292
6,3,10,350,Elitist,237.15281748238112
6,3,11,350,Elitist,188.05663702360027
6,3,12,350,Elitist,255.51811350004675
6,3,13,350,Elitist,259.3223655910008
6,3,14,350,Elitist,211.16854138698181
6,3,15,350,Elitist,205.80658806687165
6,3,16,350,Elitist,212.92300595356562
6,3,17,350,Elitist,275.24240099744975
6,3,18,350,Elitist,207.68905682964555
6,3,19,350,Elitist,199.75554408892572
6,4,0,350,Elitist,352.1558609907495
6,4,1,350,Elitist,198.52266465908937
6,4,2,350,Elitist,430.3706257404732
6,4,3,350,Elitist,512.8810016763174
6,4,4,350,Elitist,224.41101809341686
6,4,5,350,Elitist,421.0177275074743
6,4,6,350,Elitist,216.2867018058117
6,4,7,350,Elitist,288.44697817213023
6,4,8,350,Elitist,383.7216283407628
6,4,9,350,Elitist,403.6192500886965
6,4,10,350,Elitist,217.0430709992725
6,4,11,350,Elitist,417.5228170194465
6,4,12,350,Elitist,226.49078392943372
6,4,13,350,Elitist,215.98151490324867
6,4,14,350,Elitist,318.1336292994995
6,4,15,350,Elitist,355.33466179117784
6,4,16,350,Elitist,331.01445663430945
6,4,17,350,Elitist,232.09472991690743
6,4,18,350,Elitist,217.4604372691284
6,4,19,350,Elitist,352.794624132213
6,5,0,350,Elitist,150.1647586626243
6,5,1,350,Elitist,125.51039268526495
6,5,2,350,Elitist,206.66341242750332
6,5,3,350,Elitist,117.55938693597261
6,5,4,350,Elitist,187.11812166846187
6,5,5,350,Elitist,197.37803760541044
6,5,6,350,Elitist,123.72481397715762
6,5,7,350,Elitist,194.58969392260371
6,5,8,350,Elitist,193.21757282232863
6,5,9,350,Elitist,280.649588947599
6,5,10,350,Elitist,221.69204729040325
6,5,11,350,Elitist,204.97241005131502
6,5,12,350,Elitist,216.39713629259109
6,5,13,350,Elitist,235.19740572211867
6,5,14,350,Elitist,204.025791445295
6,5,15,350,Elitist,214.12127691146873
6,5,16,350,Elitist,116.63723534471387
6,5,17,350,Elitist,235.1530645166614
6,5,18,350,Elitist,285.832855481363
6,5,19,350,Elitist,161.76764802429557
6,6,0,350,Elitist,225.69089182457995
6,6,1,350,Elitist,185.856800224914
6,6,2,350,Elitist,331.837447118926
6,6,3,350,Elitist,233.39932879642575
6,6,4,350,Elitist,132.59511178958493
6,6,5,350,Elitist,248.30365538482866
6,6,6,350,Elitist,387.9179865821675
6,6,7,350,Elitist,275.7012592099452
6,6,8,350,Elitist,212.84070495710776
6,6,9,350,Elitist,382.38415790527625
6,6,10,350,Elitist,223.06981183599194
6,6,11,350,Elitist,241.0351290427532
6,6,12,350,Elitist,216.00220647026217
6,6,13,350,Elitist,168.74145962584853
6,6,14,350,Elitist,286.7835196081194
6,6,15,350,Elitist,342.4045044008759
6,6,16,350,Elitist,258.13083808159547
6,6,17,350,Elitist,326.05896186166746
6,6,18,350,Elitist,316.85367121897735
6,6,19,350,Elitist,209.75885282394722
6,7,0,350,Elitist,218.18458537059044
6,7,1,350,Elitist,246.73637865157562
6,7,2,350,Elitist,375.9509944430417
6,7,3,350,Elitist,215.03153448945199
6,7,4,350,Elitist,171.7476192968285
6,7,5,350,Elitist,211.18287418955887
6,7,6,350,Elitist,171.52204028862343
6,7,7,350,Elitist,104.33308308045527
6,7,8,350,Elitist,406.8363892868373
6,7,9,350,Elitist,142.42948442921508
6,7,10,350,Elitist,115.73135016698336
6,7,11,350,Elitist,214.93465504161315
6,7,12,350,Elitist,203.23710785789976
6,7,13,350,Elitist,184.87363308079998
6,7,14,350,Elitist,118.38692869272731
6,7,15,350,Elitist,167.133892385939
6,7,16,350,Elitist,274.5097102899662
6,7,17,350,Elitist,156.750712581655
6,7,18,350,Elitist,158.01076454730432
6,7,19,350,Elitist,174.1810682784794
7,1,0,350,Elitist,89.88908520063694
7,1,1,350,Elitist,72.06929434987353
7,1,2,350,Elitist,79.30702075825153
7,1,3,350,Elitist,77.68696179207919
7,1,4,350,Elitist,89.2348760308376
7,1,5,350,Elitist,99.05612609851829
7,1,6,350,Elitist,97.15094821308145
7,1,7,350,Elitist,122.38456070316153
7,1,8,350,Elitist,67.57595014984685
7,1,9,350,Elitist,63.17517311603547
7,1,10,350,Elitist,70.10432694518346
7,1,11,350,Elitist,59.36020891303494
7,1,12,350,Elitist,77.65211933974848
7,1,13,350,Elitist,91.16150814766075
7,1,14,350,Elitist,65.86460880101362
7,1,15,350,Elitist,126.86452446718141
7,1,16,350,Elitist,41.95383296906465
7,1,17,350,Elitist,109.85028344804249
7,1,18,350,Elitist,38.428109445589996
7,1,19,350,Elitist,72.52330252725301
7,2,0,350,Elitist,51.65788723768204
7,2,1,350,Elitist,64.0184622647156
7,2,2,350,Elitist,62.624359136328074
7,2,3,350,Elitist,55.15636764850017
7,2,4,350,Elitist,56.991001985553446
7,2,5,350,Elitist,59.00663636322658
7,2,6,350,Elitist,83.31036213050973
7,2,7,350,Elitist,67.14060682737758
7,2,8,350,Elitist,57.75299424385012
7,2,9,350,Elitist,92.54396829825296
7,2,10,350,Elitist,80.16572496149209
7,2,11,350,Elitist,108.43054801844056
7,2,12,350,Elitist,58.38491006926771
7,2,13,350,Elitist,57.234243217455536
7,2,14,350,Elitist,28.582642680269075
7,2,15,350,Elitist,51.26542911692726
7,2,16,350,Elitist,42.757634039894604
7,2,17,350,Elitist,46.438901331024134
7,2,18,350,Elitist,82.18042998646794
7,2,19,350,Elitist,53.5726524199329
7,3,0,350,Elitist,49.234538808406796
7,3,1,350,Elitist,65.86369113373131
7,3,2,350,Elitist,39.576993831574796
7,3,3,350,Elitist,88.42422952489278
7,3,4,350,Elitist,65.49676148961923
7,3,5,350,Elitist,50.34580828398866
7,3,6,350,Elitist,56.672221421665
7,3,7,350,Elitist,62.60800117202168
7,3,8,350,Elitist,61.59059259893758
7,3,9,350,Elitist,50.051883494059524
7,3,10,350,Elitist,94.07905315119464
7,3,11,350,Elitist,49.96921128033087
7,3,12,350,Elitist,49.90702842272716
7,3,13,350,Elitist,37.149732485034306
7,3,14,350,Elitist,30.81236445851043
7,3,15,350,Elitist,62.16732764002207
7,3,16,350,Elitist,68.46451285405001
7,3,17,350,Elitist,78.27066071725193
7,3,18,350,Elitist,74.39887238720003
7,3,19,350,Elitist,63.504676519203876
7,4,0,350,Elitist,86.56397868324626
7,4,1,350,Elitist,45.757588955399086
7,4,2,350,Elitist,54.78638404967239
7,4,3,350,Elitist,87.55273226851966
7,4,4,350,Elitist,63.8610650382611
7,4,5,350,Elitist,71.77514264645775
7,4,6,350,Elitist,46.75880357936282
7,4,7,350,Elitist,58.94849991768514
7,4,8,350,Elitist,72.2698951002872
7,4,9,350,Elitist,61.610495796459986
7,4,10,350,Elitist,56.66296588760852
7,4,11,350,Elitist,84.18333917811819
7,4,12,350,Elitist,101.27652855900942
7,4,13,350,Elitist,68.27317476504369
7,4,14,350,Elitist,104.00799493900479
7,4,15,350,Elitist,66.94017271512529
7,4,16,350,Elitist,57.243722260364194
7,4,17,350,Elitist,68.27294972699548
7,4,18,350,Elitist,78.9130713987639
7,4,19,350,Elitist,84.80556818722934
7,5,0,350,Elitist,47.57055308351585
7,5,1,350,Elitist,51.07339665084163
7,5,2,350,Elitist,57.17109075530132
7,5,3,350,Elitist,71.55120200458093
7,5,4,350,Elitist,33.53766690230533
7,5,5,350,Elitist,81.91183423812642
7,5,6,350,Elitist,43.96734362260247
7,5,7,350,Elitist,75.34069961642827
7,5,8,350,Elitist,61.42057925228299
7,5,9,350,Elitist,61.367904524623796
7,5,10,350,Elitist,76.3447623384716
7,5,11,350,Elitist,80.97998530381535
7,5,12,350,Elitist,48.65651754931514
7,5,13,350,Elitist,50.757056330390114
7,5,14,350,Elitist,52.48799074279536
7,5,15,350,Elitist,97.36403607197339
7,5,16,350,Elitist,79.23242186753531
7,5,17,350,Elitist,60.35370696447765
7,5,18,350,Elitist,67.4263519230352
7,5,19,350,Elitist,95.95684843968702
7,6,0,350,Elitist,38.751051504545664
7,6,1,350,Elitist,35.751249291365845
7,6,2,350,Elitist,50.73775481095688
7,6,3,350,Elitist,64.12241634434324
7,6,4,350,Elitist,50.6978000395841
7,6,5,350,Elitist,55.31345364226947
7,6,6,350,Elitist,65.98355179968343
7,6,7,350,Elitist,50.75061254073329
7,6,8,350,Elitist,72.46082137563997
7,6,9,350,Elitist,120.53514570030572
7,6,10,350,Elitist,62.006147291137175
7,6,11,350,Elitist,53.852806005918005
7,6,12,350,Elitist,29.952143918767725
7,6,13,350,Elitist,69.03150820344536
7,6,14,350,Elitist,68.32478184500013
7,6,15,350,Elitist,80.28363489868835
7,6,16,350,Elitist,49.20651287840641
7,6,17,350,Elitist,57.57844728149403
7,6,18,350,Elitist,52.65365816360222
7,6,19,350,Elitist,50.190537339604084
7,7,0,350,Elitist,69.6912162791915
7,7,1,350,Elitist,110.18426779954983
7,7,2,350,Elitist,67.67430989845079
7,7,3,350,Elitist,61.78559468852011
7,7,4,350,Elitist,72.3866941540765
7,7,5,350,Elitist,80.31697156718015
7,7,6,350,Elitist,41.452347041797395
7,7,7,350,Elitist,42.59051896856445
7,7,8,350,Elitist,110.31815746325127
7,7,9,350,Elitist,53.53396197290438
7,7,10,350,Elitist,78.61109409032576
7,7,11,350,Elitist,73.78297495300939
7,7,12,350,Elitist,53.16836891544963
7,7,13,350,Elitist,41.408388263619926
7,7,14,350,Elitist,89.49846527480746
7,7,15,350,Elitist,74.36556038274985
7,7,16,350,Elitist,44.251393546502186
7,7,17,350,Elitist,56.35468965825814
7,7,18,350,Elitist,46.94915116885633
7,7,19,350,Elitist,65.36517648730175
8,1,0,350,Elitist,315.4204371982876
8,1,1,350,Elitist,261.59076880089356
8,1,2,350,Elitist,216.3825240965751
8,1,3,350,Elitist,528.9670081472996
8,1,4,350,Elitist,409.48748188925435
8,1,5,350,Elitist,504.90041274909197
8,1,6,350,Elitist,449.613816210196
8,1,7,350,Elitist,334.47084276992814
8,1,8,350,Elitist,312.45878716239747
8,1,9,350,Elitist,413.56681320854545
8,1,10,350,Elitist,336.5711765758331
8,1,11,350,Elitist,339.77601337669046
8,1,12,350,Elitist,294.42180199683844
8,1,13,350,Elitist,352.0924657202065
8,1,14,350,Elitist,344.66253605359657
8,1,15,350,Elitist,376.2511949945631
8,1,16,350,Elitist,454.357591978541
8,1,17,350,Elitist,530.1587564033458
8,1,18,350,Elitist,302.16342908048296
8,1,19,350,Elitist,389.1614890823895
8,2,0,350,Elitist,285.54465471933986
8,2,1,350,Elitist,386.63252536648895
8,2,2,350,Elitist,318.8353365184586
8,2,3,350,Elitist,409.23664712007155
8,2,4,350,Elitist,432.70429206287145
8,2,5,350,Elitist,406.378435175234
8,2,6,350,Elitist,328.55317582216765
8,2,7,350,Elitist,578.221531675785
8,2,8,350,Elitist,221.6833050113779
8,2,9,350,Elitist,520.7250462196039
8,2,10,350,Elitist,191.93763609879863
8,2,11,350,Elitist,254.41351306208628
8,2,12,350,Elitist,397.7896300280179
8,2,13,350,Elitist,267.181284821746
8,2,14,350,Elitist,241.13392113393297
8,2,15,350,Elitist,495.00919345752857
8,2,16,350,Elitist,366.2392707624206
8,2,17,350,Elitist,386.3817192975639
8,2,18,350,Elitist,630.2860306213395
8,2,19,350,Elitist,332.89753949244187
8,3,0,350,Elitist,277.50968516934614
8,3,1,350,Elitist,414.5221730594367
8,3,2,350,Elitist,250.7094641289159
8,3,3,350,Elitist,288.62129841969454
8,3,4,350,Elitist,349.42043399899313
8,3,5,350,Elitist,397.87228429018637
8,3,6,350,Elitist,503.42024758841524
8,3,7,350,Elitist,209.11753446659782
8,3,8,350,Elitist,337.2077989759292
8,3,9,350,Elitist,355.19190456397763
8,3,10,350,Elitist,390.8207892344059
8,3,11,350,Elitist,405.9471457798047
8,3,12,350,Elitist,439.6455753131555
8,3,13,350,Elitist,275.97031685764136
8,3,14,350,Elitist,238.2272564907588
8,3,15,350,Elitist,595.0829680206681
8,3,16,350,Elitist,339.9755352741293
8,3,17,350,Elitist,307.7800496215051
8,3,18,350,Elitist,224.42867722646486
8,3,19,350,Elitist,395.0820863314191
8,4,0,350,Elitist,707.408534142339
8,4,1,350,Elitist,419.1046037663858
8,4,2,350,Elitist,538.7360768161061
8,4,3,350,Elitist,307.5998385659047
8,4,4,350,Elitist,438.38176912663914
8,4,5,350,Elitist,384.16781347478434
8,4,6,350,Elitist,321.520455528755
8,4,7,350,Elitist,325.443030085603
8,4,8,350,Elitist,413.34845335166307
8,4,9,350,Elitist,310.05157023179885
8,4,10,350,Elitist,292.390528608749
8,4,11,350,Elitist,586.6147966199786
8,4,12,350,Elitist,429.1637617086466
8,4,13,350,Elitist,212.49744698209247
8,4,14,350,Elitist,716.3169948054377
8,4,15,350,Elitist,707.5860797207679
8,4,16,350,Elitist,449.2163889329169
8,4,17,350,Elitist,482.27099723704174
8,4,18,350,Elitist,517.5925059164115
8,4,19,350,Elitist,473.5228218387704
8,5,0,350,Elitist,245.65373317075435
8,5,1,350,Elitist,382.6536200720072
8,5,2,350,Elitist,353.00820391451145
8,5,3,350,Elitist,279.56237585218975
8,5,4,350,Elitist,333.8222089867469
8,5,5,350,Elitist,206.6966381898049
8,5,6,350,Elitist,170.55349043277943
8,5,7,350,Elitist,317.7916136483949
8,5,8,350,Elitist,561.452966146897
8,5,9,350,Elitist,321.4225979577957
8,5,10,350,Elitist,499.6161227018671
8,5,11,350,Elitist,230.86227158383505
8,5,12,350,Elitist,687.6525772023144
8,5,13,350,Elitist,287.6166850585286
8,5,14,350,Elitist,225.93986063030016
8,5,15,350,Elitist,196.65069138233704
8,5,16,350,Elitist,226.54134876796175
8,5,17,350,Elitist,426.7563483350019
8,5,18,350,Elitist,355.60912823504833
8,5,19,350,Elitist,239.53656731604835
8,6,0,350,Elitist,271.1806981483959
8,6,1,350,Elitist,841.8960056895013
8,6,2,350,Elitist,223.30347973822614
8,6,3,350,Elitist,307.17216479898525
8,6,4,350,Elitist,356.77047620764137
8,6,5,350,Elitist,199.3903359557389
8,6,6,350,Elitist,206.74851619567437
8,6,7,350,Elitist,242.0374005537124
8,6,8,350,Elitist,270.58714122980984
8,6,9,350,Elitist,327.6008633250711
8,6,10,350,Elitist,290.51939952227116
8,6,11,350,Elitist,201.21251246596847
8,6,12,350,Elitist,483.87633146233486
8,6,13,350,Elitist,224.99619756034767
8,6,14,350,Elitist,470.22266107856484
8,6,15,350,Elitist,246.03372259008492
8,6,16,350,Elitist,414.87779064470334
8,6,17,350,Elitist,403.38077463989595
8,6,18,350,Elitist,482.8784478253307
8,6,19,350,Elitist,375.5677690329154
8,7,0,350,Elitist,152.03051520682865
8,7,1,350,Elitist,164.1686461101764
8,7,2,350,Elitist,372.80615462380274
8,7,3,350,Elitist,272.8989013310768
8,7,4,350,Elitist,258.97417230760476
8,7,5,350,Elitist,327.9603508585149
8,7,6,350,Elitist,186.63324646466677
8,7,7,350,Elitist,229.25034610884055
8,7,8,350,Elitist,276.86382446421715
8,7,9,350,Elitist,348.24532770376305
8,7,10,350,Elitist,365.62144764500823
8,7,11,350,Elitist,301.2103505093604
8,7,12,350,Elitist,346.6257517717361
8,7,13,350,Elitist,387.1859778550013
8,7,14,350,Elitist,218.87369677026524
8,7,15,350,Elitist,231.8745191186048
8,7,16,350,Elitist,257.51157025268475
8,7,17,350,Elitist,466.18706147051205
8,7,18,350,Elitist,461.5254345369279
8,7,19,350,Elitist,325.90943080469094
9,1,0,350,Elitist,209.6886943929353
9,1,1,350,Elitist,286.51783285356305
9,1,2,350,Elitist,178.77902451495453
9,1,3,350,Elitist,121.30949656488177
9,1,4,350,Elitist,305.0818020718704
9,1,5,350,Elitist,167.37152488834988
9,1,6,350,Elitist,318.40162649005316
9,1,7,350,Elitist,206.19399440855915
9,1,8,350,Elitist,190.3359452962847
9,1,9,350,Elitist,591.7660620511797
9,1,10,350,Elitist,233.13540635474192
9,1,11,350,Elitist,153.92068077021514
9,1,12,350,Elitist,99.15844073594398
9,1,13,350,Elitist,224.53999861349297
9,1,14,350,Elitist,303.73776204052905
9,1,15,350,Elitist,203.710867296613
9,1,16,350,Elitist,237.02758611340317
9,1,17,350,Elitist,217.628340829637
9,1,18,350,Elitist,156.92899667933193
9,1,19,350,Elitist,243.26116880035835
9,2,0,350,Elitist,332.3144045655388
9,2,1,350,Elitist,224.1288380639378
9,2,2,350,Elitist,174.4429123913608
9,2,3,350,Elitist,131.3655754219443
9,2,4,350,Elitist,393.8844824131781
9,2,5,350,Elitist,234.49598778419517
9,2,6,350,Elitist,190.41554991056609
9,2,7,350,Elitist,269.84751990533186
9,2,8,350,Elitist,269.98548356209955
9,2,9,350,Elitist,249.2179565419528
9,2,10,350,Elitist,402.64177059184
9,2,11,350,Elitist,179.93742754467928
9,2,12,350,Elitist,242.20710853143095
9,2,13,350,Elitist,266.37405762374283
9,2,14,350,Elitist,389.6059959554656
9,2,15,350,Elitist,161.0818794049651
9,2,16,350,Elitist,538.6318695529673
9,2,17,350,Elitist,366.52675862266426
9,2,18,350,Elitist,293.29134226196703
9,2,19,350,Elitist,145.54990868926163
9,3,0,350,Elitist,397.45734698791387
9,3,1,350,Elitist,328.0423396438141
9,3,2,350,Elitist,212.76418536893087
9,3,3,350,Elitist,190.1549800321752
9,3,4,350,Elitist,245.0632004317719
9,3,5,350,Elitist,273.8559377193533
9,3,6,350,Elitist,316.52561452734403
9,3,7,350,Elitist,196.72338747150496
9,3,8,350,Elitist,408.7545879256704
9,3,9,350,Elitist,167.43029846362822
9,3,10,350,Elitist,212.44048124233134
9,3,11,350,Elitist,188.7950243095608
9,3,12,350,Elitist,177.00163892800066
9,3,13,350,Elitist,228.77996984748486
9,3,14,350,Elitist,247.92819892086712
9,3,15,350,Elitist,240.78837740847703
9,3,16,350,Elitist,473.8058796842681
9,3,17,350,Elitist,258.59622340703163
9,3,18,350,Elitist,204.26364592172084
9,3,19,350,Elitist,268.59289917532544
9,4,0,350,Elitist,410.98940919573084
9,4,1,350,Elitist,171.3017388522639
9,4,2,350,Elitist,334.7227506737085
9,4,3,350,Elitist,220.8113438716179
9,4,4,350,Elitist,241.61687288769554
9,4,5,350,Elitist,155.17734767601104
9,4,6,350,Elitist,166.1601389478065
9,4,7,350,Elitist,180.28678849571997
9,4,8,350,Elitist,220.7734958921825
9,4,9,350,Elitist,247.3090168575456
9,4,10,350,Elitist,214.46110822370406
9,4,11,350,Elitist,299.3816509053395
9,4,12,350,Elitist,224.354594261104
9,4,13,350,Elitist,178.57685555378123
9,4,14,350,Elitist,159.1534341385057
9,4,15,350,Elitist,134.79664441899078
9,4,16,350,Elitist,255.11657609575747
9,4,17,350,Elitist,376.1263542174553
9,4,18,350,Elitist,205.41878670044483
9,4,19,350,Elitist,145.483989042747
9,5,0,350,Elitist,156.55085972077813
9,5,1,350,Elitist,367.1667014085458
9,5,2,350,Elitist,84.21261370072942
9,5,3,350,Elitist,182.67666215676076
9,5,4,350,Elitist,227.93739870380756
9,5,5,350,Elitist,176.21119238700163
9,5,6,350,Elitist,234.66355537403336
9,5,7,350,Elitist,348.7949154998793
9,5,8,350,Elitist,235.1397036711752
9,5,9,350,Elitist,294.5925939883206
9,5,10,350,Elitist,208.7233030412525
9,5,11,350,Elitist,293.9214741354493
9,5,12,350,Elitist,209.87539699687255
9,5,13,350,Elitist,173.6859034260009
9,5,14,350,Elitist,357.73561562149575
9,5,15,350,Elitist,231.65448895667163
9,5,16,350,Elitist,258.5206402809581
9,5,17,350,Elitist,173.23523780272507
9,5,18,350,Elitist,316.82239386048496
9,5,19,350,Elitist,150.48998596249714
9,6,0,350,Elitist,151.60518341253868
9,6,1,350,Elitist,197.38733998975871
9,6,2,350,Elitist,180.62233123888413
9,6,3,350,Elitist,183.20575760087087
9,6,4,350,Elitist,449.3173668587407
9,6,5,350,Elitist,256.16755368048206
9,6,6,350,Elitist,302.5414475379035
9,6,7,350,Elitist,224.71566201051925
9,6,8,350,Elitist,167.2214122514102
9,6,9,350,Elitist,223.14248744869622
9,6,10,350,Elitist,175.21447870379814
9,6,11,350,Elitist,349.85524069840284
9,6,12,350,Elitist,163.36505066072127
9,6,13,350,Elitist,257.10118067613865
9,6,14,350,Elitist,191.1932923206384
9,6,15,350,Elitist,183.16005139096967
9,6,16,350,Elitist,188.39530666540128
9,6,17,350,Elitist,267.8325266777014
9,6,18,350,Elitist,287.76617301172456
9,6,19,350,Elitist,179.405093449276
9,7,0,350,Elitist,249.4868009366041
9,7,1,350,Elitist,235.62888191664595
9,7,2,350,Elitist,292.04740232213146
9,7,3,350,Elitist,214.5358842724478
9,7,4,350,Elitist,164.9222363663195
9,7,5,350,Elitist,296.2635537458169
9,7,6,350,Elitist,312.20015575441886
9,7,7,350,Elitist,214.9323526332938
9,7,8,350,Elitist,336.5710310586568
9,7,9,350,Elitist,303.59345884687735
9,7,10,350,Elitist,375.56845347472046
9,7,11,350,Elitist,565.9130079604557
9,7,12,350,Elitist,156.25557623598277
9,7,13,350,Elitist,222.9800200425502
9,7,14,350,Elitist,164.5725371482604
9,7,15,350,Elitist,346.9451900454187
9,7,16,350,Elitist,122.97446106716458
9,7,17,350,Elitist,187.109400704362
9,7,18,350,Elitist,254.49837705990294
9,7,19,350,Elitist,432.43363598952755
10,1,0,350,Elitist,130571.32988915489
10,1,1,350,Elitist,124495.71202682157
10,1,2,350,Elitist,172893.14663454975
10,1,3,350,Elitist,186072.58335002282
10,1,4,350,Elitist,394595.0923390908
10,1,5,350,Elitist,220829.7515509338
10,1,6,350,Elitist,207235.6494432695
10,1,7,350,Elitist,316535.9541659829
10,1,8,350,Elitist,250777.82114376457
10,1,9,350,Elitist,283058.838492549
10,1,10,350,Elitist,120981.87657680595
10,1,11,350,Elitist,165210.71329807563
10,1,12,350,Elitist,235553.57628825904
10,1,13,350,Elitist,152488.0608726869
10,1,14,350,Elitist,216298.33584639704
10,1,15,350,Elitist,223616.5747208822
10,1,16,350,Elitist,308677.58929247665
10,1,17,350,Elitist,109320.6615984659
10,1,18,350,Elitist,290242.03422148945
10,1,19,350,Elitist,299986.1486721702
10,2,0,350,Elitist,277986.655065417
10,2,1,350,Elitist,257278.85879497972
10,2,2,350,Elitist,226438.84993343888
10,2,3,350,Elitist,254572.1058207647
10,2,4,350,Elitist,251275.69471167697
10,2,5,350,Elitist,222594.60205008666
10,2,6,350,Elitist,223920.813795657
10,2,7,350,Elitist,182370.05366406558
10,2,8,350,Elitist,204632.82551134515
10,2,9,350,Elitist,295618.4459116232
10,2,10,350,Elitist,337799.8947825056
10,2,11,350,Elitist,270174.1022860609
10,2,12,350,Elitist,272758.8940319534
10,2,13,350,Elitist,135628.2395444565
10,2,14,350,Elitist,416649.5242859307
10,2,15,350,Elitist,161465.45639037102
10,2,16,350,Elitist,416706.03716151766
10,2,17,350,Elitist,364981.0902156886
10,2,18,350,Elitist,352610.6741702062
10,2,19,350,Elitist,138202.02110906885
10,3,0,350,Elitist,271434.6596922238
10,3,1,350,Elitist,223424.47806313634
10,3,2,350,Elitist,371235.32431092
10,3,3,350,Elitist,350299.9887779096
10,3,4,350,Elitist,103262.06042861064
10,3,5,350,Elitist,338551.739986192
10,3,6,350,Elitist,256734.18957156775
10,3,7,350,Elitist,184750.14889383546
10,3,8,350,Elitist,212105.87156978835
10,3,9,350,Elitist,158580.7688446981
10,3,10,350,Elitist,406118.84118724207
10,3,11,350,Elitist,271769.1768498016
10,3,12,350,Elitist,353851.13391211187
10,3,13,350,Elitist,114761.53112511766
10,3,14,350,Elitist,408423.98422036495
10,3,15,350,Elitist,172825.2025180781
10,3,16,350,Elitist,209074.79491123435
10,3,17,350,Elitist,165810.9937170748
10,3,18,350,Elitist,318164.32712771563
10,3,19,350,Elitist,259239.69992446408
10,4,0,350,Elitist,290615.79413041763
10,4,1,350,Elitist,284180.69135392347
10,4,2,350,Elitist,255748.37218069477
10,4,3,350,Elitist,367268.22414272296
10,4,4,350,Elitist,412094.4388429084
10,4,5,350,Elitist,511713.2817440471
10,4,6,350,Elitist,426297.856197405
10,4,7,350,Elitist,502949.5458473333
10,4,8,350,Elitist,302833.3835786673
10,4,9,350,Elitist,473499.3946589912
10,4,10,350,Elitist,191448.40877227276
10,4,11,350,Elitist,231294.0036813493
10,4,12,350,Elitist,370493.9412962129
10,4,13,350,Elitist,219760.18686155215
10,4,14,350,Elitist,510654.4583251641
10,4,15,350,Elitist,333963.89122242306
10,4,16,350,Elitist,381959.45506612107
10,4,17,350,Elitist,288336.71684936923
10,4,18,350,Elitist,249807.52885461002
10,4,19,350,Elitist,333648.18325781956
10,5,0,350,Elitist,210246.82271367148
10,5,1,350,Elitist,372491.6127971973
10,5,2,350,Elitist,236827.97390185675
10,5,3,350,Elitist,266235.43060835835
10,5,4,350,Elitist,235047.87307792497
10,5,5,350,Elitist,225764.69736600894
10,5,6,350,Elitist,325700.1854000095
10,5,7,350,Elitist,420774.9758191014
10,5,8,350,Elitist,560684.800418077
10,5,9,350,Elitist,156105.61471677828
10,5,10,350,Elitist,409666.18729830603
10,5,11,350,Elitist,194078.71764024234
10,5,12,350,Elitist,299814.3256822457
10,5,13,350,Elitist,207813.75386908077
10,5,14,350,Elitist,480446.79523821984
10,5,15,350,Elitist,216287.3731902738
10,5,16,350,Elitist,264654.5765800537
10,5,17,350,Elitist,290336.3911961313
10,5,18,350,Elitist,304011.6881972307
10,5,19,350,Elitist,434004.7748276138
10,6,0,350,Elitist,214265.20920225032
10,6,1,350,Elitist,255652.97890329658
10,6,2,350,Elitist,318403.18440569344
10,6,3,350,Elitist,273790.6218511569
10,6,4,350,Elitist,227915.3775553239
10,6,5,350,Elitist,141692.63670709598
10,6,6,350,Elitist,215021.7030864043
10,6,7,350,Elitist,225079.8323350209
10,6,8,350,Elitist,342459.30254802137
10,6,9,350,Elitist,205857.7176068644
10,6,10,350,Elitist,278002.74287643086
10,6,11,350,Elitist,212896.78368200804
10,6,12,350,Elitist,334191.1423591948
10,6,13,350,Elitist,180486.22365662403
10,6,14,350,Elitist,303898.52583601297
10,6,15,350,Elitist,459531.7243372734
10,6,16,350,Elitist,249457.35647714091
10,6,17,350,Elitist,340858.1236612911
10,6,18,350,Elitist,123950.8080321533
10,6,19,350,Elitist,261195.9819925927
10,7,0,350,Elitist,310595.74146519095
10,7,1,350,Elitist,328619.3722052212
10,7,2,350,Elitist,282235.194383909
10,7,3,350,Elitist,330259.26990821684
10,7,4,350,Elitist,259074.30513698084
10,7,5,350,Elitist,159820.66074706826
10,7,6,350,Elitist,269634.099260345
10,7,7,350,Elitist,234144.7453447929
10,7,8,350,Elitist,191757.9557329818
10,7,9,350,Elitist,354364.4275936421
10,7,10,350,Elitist,245010.47961894958
10,7,11,350,Elitist,277702.80002134584
10,7,12,350,Elitist,228043.9487981634
10,7,13,350,Elitist,115070.18126816557
10,7,14,350,Elitist,320125.9220051674
10,7,15,350,Elitist,145341.5073621766
10,7,16,350,Elitist,190565.44389678523
10,7,17,350,Elitist,132877.9347537793
10,7,18,350,Elitist,175408.8924753698
10,7,19,350,Elitist,304433.12603142427
11,1,0,350,Elitist,448.8575346313876
11,1,1,350,Elitist,369.3668507506075
11,1,2,350,Elitist,424.7219955772493
11,1,3,350,Elitist,363.5586507006216
11,1,4,350,Elitist,398.2411439556745
11,1,5,350,Elitist,531.3827588684768
11,1,6,350,Elitist,428.51830344654763
11,1,7,350,Elitist,447.00650667813693
11,1,8,350,Elitist,362.51225600795505
11,1,9,350,Elitist,331.0411343752009
11,1,10,350,Elitist,361.78520969619575
11,1,11,350,Elitist,311.66377671730976
11,1,12,350,Elitist,410.77026715292686
11,1,13,350,Elitist,471.2380408900659
11,1,14,350,Elitist,320.5448348772028
11,1,15,350,Elitist,494.3856063961664
11,1,16,350,Elitist,369.60455367230355
11,1,17,350,Elitist,381.5223548833926
11,1,18,350,Elitist,327.02090741798025
11,1,19,350,Elitist,279.1167737123668
11,2,0,350,Elitist,373.8731255310137
11,2,1,350,Elitist,410.0468081210079
11,2,2,350,Elitist,321.65110973020245
11,2,3,350,Elitist,394.1146681382276
11,2,4,350,Elitist,443.89566040153966
11,2,5,350,Elitist,326.8310073646009
11,2,6,350,Elitist,362.0272803919128
11,2,7,350,Elitist,449.12684293387866
11,2,8,350,Elitist,422.0777676886593
11,2,9,350,Elitist,391.2525368056674
11,2,10,350,Elitist,397.02509741256034
11,2,11,350,Elitist,552.5712884716588
11,2,12,350,Elitist,269.2557485384801
11,2,13,350,Elitist,454.1704809565995
11,2,14,350,Elitist,418.39991206484876
11,2,15,350,Elitist,566.9164706432279
11,2,16,350,Elitist,346.00396268286784
11,2,17,350,Elitist,479.5545314286169
11,2,18,350,Elitist,464.78077318155584
11,2,19,350,Elitist,397.8068697706288
11,3,0,350,Elitist,388.20599500040066
11,3,1,350,Elitist,364.48129873622867
11,3,2,350,Elitist,511.14556543799523
11,3,3,350,Elitist,386.6923884754334
11,3,4,350,Elitist,351.18464891532454
11,3,5,350,Elitist,454.7884475627725
11,3,6,350,Elitist,420.98026550698233
11,3,7,350,Elitist,532.4589069599867
11,3,8,350,Elitist,545.6200438150214
11,3,9,350,Elitist,443.66147022478737
11,3,10,350,Elitist,293.62213502170465
11,3,11,350,Elitist,385.24058182009907
11,3,12,350,Elitist,617.4822445445501
11,3,13,350,Elitist,469.89294270276446
11,3,14,350,Elitist,390.68786080311713
11,3,15,350,Elitist,343.222591360147
11,3,16,350,Elitist,419.8895695842317
11,3,17,350,Elitist,385.66692244655724
11,3,18,350,Elitist,396.08090762588995
11,3,19,350,Elitist,458.73705027024494
11,4,0,350,Elitist,367.2222824366296
11,4,1,350,Elitist,459.21162211164494
11,4,2,350,Elitist,300.8275472593838
11,4,3,350,Elitist,339.8926582179141
11,4,4,350,Elitist,412.56397541946797
11,4,5,350,Elitist,486.89723274034316
11,4,6,350,Elitist,408.72519989142813
11,4,7,350,Elitist,356.6662692998822
11,4,8,350,Elitist,397.0548105715253
11,4,9,350,Elitist,435.6688676360669
11,4,10,350,Elitist,339.3587501859398
11,4,11,350,Elitist,457.4384022378023
11,4,12,350,Elitist,381.53587373433277
11,4,13,350,Elitist,529.7459596933412
11,4,14,350,Elitist,373.39110385304946
11,4,15,350,Elitist,363.5981481775867
11,4,16,350,Elitist,495.3439240221679
11,4,17,350,Elitist,329.5517868742271
11,4,18,350,Elitist,432.455023348337
11,4,19,350,Elitist,452.74056611970434
11,5,0,350,Elitist,419.77894288496793
11,5,1,350,Elitist,377.90987275268037
11,5,2,350,Elitist,362.3689429987386
11,5,3,350,Elitist,436.039149229797
11,5,4,350,Elitist,477.5519799152663
11,5,5,350,Elitist,399.0288569031419
11,5,6,350,Elitist,402.4003051740207
11,5,7,350,Elitist,413.0801808493335
11,5,8,350,Elitist,363.6142516039163
11,5,9,350,Elitist,356.46388119052324
11,5,10,350,Elitist,403.5430544641531
11,5,11,350,Elitist,286.095154775996
11,5,12,350,Elitist,575.5946697424446
11,5,13,350,Elitist,468.71071202607754
11,5,14,350,Elitist,373.5839825969522
11,5,15,350,Elitist,384.0094117909731
11,5,16,350,Elitist,416.92146172772266
11,5,17,350,Elitist,463.34871820119986
11,5,18,350,Elitist,353.8145003885022
11,5,19,350,Elitist,302.50705889227635
11,6,0,350,Elitist,365.40418528114253
11,6,1,350,Elitist,346.5490664311269
11,6,2,350,Elitist,400.79717567426707
11,6,3,350,Elitist,560.8058371344539
11,6,4,350,Elitist,582.9285387927669
11,6,5,350,Elitist,382.43391574944144
11,6,6,350,Elitist,486.73720765525275
11,6,7,350,Elitist,295.71815578448707
11,6,8,350,Elitist,544.4619721206848
11,6,9,350,Elitist,406.87490257600706
11,6,10,350,Elitist,467.7348414739636
11,6,11,350,Elitist,375.30518968866426
11,6,12,350,Elitist,482.2180119277608
11,6,13,350,Elitist,537.8280438418457
11,6,14,350,Elitist,391.0189693413718
11,6,15,350,Elitist,457.30128149850754
11,6,16,350,Elitist,493.68194204146386
11,6,17,350,Elitist,537.3418193398462
11,6,18,350,Elitist,314.7926779687817
11,6,19,350,Elitist,628.3055974480427
11,7,0,350,Elitist,314.7478785173178
11,7,1,350,Elitist,384.71388505932384
11,7,2,350,Elitist,428.5181857411969
11,7,3,350,Elitist,295.2229119251649
11,7,4,350,Elitist,392.7031733543978
11,7,5,350,Elitist,358.99554944156034
11,7,6,350,Elitist,358.6730528514863
11,7,7,350,Elitist,198.61562270207853
11,7,8,350,Elitist,288.3453332560113
11,7,9,350,Elitist,393.5428917460188
11,7,10,350,Elitist,483.9507916847631
11,7,11,350,Elitist,401.99200263716347
11,7,12,350,Elitist,462.4611749846377
11,7,13,350,Elitist,380.08874117645564
11,7,14,350,Elitist,445.81895256421654
11,7,15,350,Elitist,375.0670697899341
11,7,16,350,Elitist,372.06549763956394
11,7,17,350,Elitist,372.8850526778235
11,7,18,350,Elitist,298.0112430380499
11,7,19,350,Elitist,336.8859789666783
12,1,0,350,Elitist,1146851.856922586
12,1,1,350,Elitist,1997033.1278997187
12,1,2,350,Elitist,891759.5054181418
12,1,3,350,Elitist,696736.8827720571
12,1,4,350,Elitist,1229615.8510515771
12,1,5,350,Elitist,1105830.2286962103
12,1,6,350,Elitist,1053041.0359215327
12,1,7,350,Elitist,1157949.808852019
12,1,8,350,Elitist,1451235.0762155107
12,1,9,350,Elitist,877585.290493815
12,1,10,350,Elitist,741862.5146581595
12,1,11,350,Elitist,1400797.6735978085
12,1,12,350,Elitist,1281206.4454746814
12,1,13,350,Elitist,1874578.341799817
12,1,14,350,Elitist,1277238.0840400038
12,1,15,350,Elitist,949115.5200837846
12,1,16,350,Elitist,1646363.101871125
12,1,17,350,Elitist,1901087.7884176732
12,1,18,350,Elitist,779463.6580293364
12,1,19,350,Elitist,1180766.5769738932
12,2,0,350,Elitist,1321299.1424571702
12,2,1,350,Elitist,1465758.5862943365
12,2,2,350,Elitist,2855232.416200991
12,2,3,350,Elitist,2482791.496590088
12,2,4,350,Elitist,1175455.2625746792
12,2,5,350,Elitist,1387836.854768693
12,2,6,350,Elitist,1979736.5225768755
12,2,7,350,Elitist,1955153.7137107889
12,2,8,350,Elitist,1957061.423735846
12,2,9,350,Elitist,1135407.9062410593
12,2,10,350,Elitist,1543638.773713909
12,2,11,350,Elitist,2741441.4636690984
12,2,12,350,Elitist,1535111.2980354743
12,2,13,350,Elitist,2316451.353488605
12,2,14,350,Elitist,849992.7046504157
12,2,15,350,Elitist,1807319.3898693027
12,2,16,350,Elitist,783263.468783717
12,2,17,350,Elitist,1636584.1904807342
12,2,18,350,Elitist,1382851.2259012512
12,2,19,350,Elitist,2650292.013550288
12,3,0,350,Elitist,2196880.1497265734
12,3,1,350,Elitist,1347835.809879309
12,3,2,350,Elitist,1612711.8377729373
12,3,3,350,Elitist,944773.5956905578
12,3,4,350,Elitist,1515465.4721185644
12,3,5,350,Elitist,2195847.672806948
12,3,6,350,Elitist,2088285.4807327099
12,3,7,350,Elitist,1595378.0137136937
12,3,8,350,Elitist,2614946.0903311092
12,3,9,350,Elitist,1383219.1505115922
12,3,10,350,Elitist,924109.5860735063
12,3,11,350,Elitist,1882706.1626494883
12,3,12,350,Elitist,1639847.4144176012
12,3,13,350,Elitist,1194156.5545640993
12,3,14,350,Elitist,763015.230798634
12,3,15,350,Elitist,831872.5587472222
12,3,16,350,Elitist,1695850.69521745
12,3,17,350,Elitist,1004410.7698991279
12,3,18,350,Elitist,1597572.9620045621
12,3,19,350,Elitist,2336039.7901458857
12,4,0,350,Elitist,809283.6489441626
12,4,1,350,Elitist,2304028.821695441
12,4,2,350,Elitist,2837067.453256446
12,4,3,350,Elitist,1009368.9469691139
12,4,4,350,Elitist,2836429.5779723194
12,4,5,350,Elitist,1872996.8842027965
12,4,6,350,Elitist,1441902.7423128271
12,4,7,350,Elitist,1298913.5432475999
12,4,8,350,Elitist,1232508.2892260076
12,4,9,350,Elitist,1676996.1742721843
12,4,10,350,Elitist,1764858.4325267593
12,4,11,350,Elitist,992211.3992216794
12,4,12,350,Elitist,2136253.275791215
12,4,13,350,Elitist,1464506.1082944649
12,4,14,350,Elitist,1689748.2981095165
12,4,15,350,Elitist,1230729.6153268185
12,4,16,350,Elitist,1050642.805349766
12,4,17,350,Elitist,1731639.1706552305
12,4,18,350,Elitist,1386718.8089686672
12,4,19,350,Elitist,1403539.90639568
12,5,0,350,Elitist,3115720.359622507
12,5,1,350,Elitist,1490390.574205013
12,5,2,350,Elitist,1236003.4119164108
12,5,3,350,Elitist,2334185.7283339356
12,5,4,350,Elitist,2265794.9410801213
12,5,5,350,Elitist,1029352.2509968915
12,5,6,350,Elitist,1594454.1506763797
12,5,7,350,Elitist,1376044.2497749072
12,5,8,350,Elitist,1700365.221294657
12,5,9,350,Elitist,785176.3586158573
12,5,10,350,Elitist,1437684.938363549
12,5,11,350,Elitist,1571908.7774348855
12,5,12,350,Elitist,764258.9669932366
12,5,13,350,Elitist,1846142.681343962
12,5,14,350,Elitist,939772.5510338839
12,5,15,350,Elitist,2000168.1745581003
12,5,16,350,Elitist,1105517.1791062276
12,5,17,350,Elitist,1358200.3256265179
12,5,18,350,Elitist,1830853.6770277908
12,5,19,350,Elitist,1435778.003282441
12,6,0,350,Elitist,1216572.551911462
12,6,1,350,Elitist,1296882.0088112263
12,6,2,350,Elitist,2035900.0118696692
12,6,3,350,Elitist,1389153.965425033
12,6,4,350,Elitist,1512709.3511638942
12,6,5,350,Elitist,1529053.0699862116
12,6,6,350,Elitist,1814845.998615434
12,6,7,350,Elitist,1320822.3829813362
12,6,8,350,Elitist,1609599.036724356
12,6,9,350,Elitist,1327472.0712511658
12,6,10,350,Elitist,1693032.3913549846
12,6,11,350,Elitist,2089361.7593752476
12,6,12,350,Elitist,2506367.1443531727
12,6,13,350,Elitist,1546252.6057951092
12,6,14,350,Elitist,1952487.192210012
12,6,15,350,Elitist,1343285.7073541759
12,6,16,350,Elitist,1505833.5587226595
12,6,17,350,Elitist,2204931.5160245905
12,6,18,350,Elitist,1393168.6084146148
12,6,19,350,Elitist,1745998.1102867671
12,7,0,350,Elitist,2422747.2584434706
12,7,1,350,Elitist,1769470.2727181688
12,7,2,350,Elitist,1754644.5761326267
12,7,3,350,Elitist,2538823.208851571
12,7,4,350,Elitist,1984337.6390210283
12,7,5,350,Elitist,1503620.2366829645
12,7,6,350,Elitist,1317569.877113408
12,7,7,350,Elitist,1261127.475161401
12,7,8,350,Elitist,1928231.7525643934
12,7,9,350,Elitist,1686679.4386822705
12,7,10,350,Elitist,1012822.572253448
12,7,11,350,Elitist,1939702.839433935
12,7,12,350,Elitist,2011991.5554559366
12,7,13,350,Elitist,930171.3219454302
12,7,14,350,Elitist,1629592.4225761627
12,7,15,350,Elitist,997893.7617370707
12,7,16,350,Elitist,1443591.9623461864
12,7,17,350,Elitist,2013480.6389588537
12,7,18,350,Elitist,1730765.6287091759
12,7,19,350,Elitist,1461255.0956740126
13,1,0,350,Elitist,269.8711699166523
13,1,1,350,Elitist,233.63821488472652
13,1,2,350,Elitist,294.9348095984474
13,1,3,350,Elitist,298.98328775748735
13,1,4,350,Elitist,310.98095003306264
13,1,5,350,Elitist,311.2741077427454
13,1,6,350,Elitist,302.1914659625005
13,1,7,350,Elitist,316.87404790352275
13,1,8,350,Elitist,372.09307260390005
13,1,9,350,Elitist,366.0099850419127
13,1,10,350,Elitist,334.7543847437677
13,1,11,350,Elitist,335.87357805237036
13,1,12,350,Elitist,298.2900006872802
13,1,13,350,Elitist,320.1126168558973
13,1,14,350,Elitist,243.78632190510356
13,1,15,350,Elitist,377.48433695076176
13,1,16,350,Elitist,257.5304428844802
13,1,17,350,Elitist,266.9976434959816
13,1,18,350,Elitist,267.4979758921802
13,1,19,350,Elitist,321.01689108545804
13,2,0,350,Elitist,311.5672013230769
13,2,1,350,Elitist,314.314487190101
13,2,2,350,Elitist,434.37373765503656
13,2,3,350,Elitist,269.59384114766976
13,2,4,350,Elitist,279.30791237594894
13,2,5,350,Elitist,416.32348443733724
13,2,6,350,Elitist,287.4471471928502
13,2,7,350,Elitist,268.6532736820356
13,2,8,350,Elitist,312.32306412612985
13,2,9,350,Elitist,340.42797949975085
13,2,10,350,Elitist,438.73765269133787
13,2,11,350,Elitist,313.4130175193652
13,2,12,350,Elitist,307.2689785653609
13,2,13,350,Elitist,355.7116994408467
13,2,14,350,Elitist,338.59117615484996
13,2,15,350,Elitist,328.12016254298203
13,2,16,350,Elitist,283.43694859173405
13,2,17,350,Elitist,299.6089792798333
13,2,18,350,Elitist,295.3662177119912
13,2,19,350,Elitist,331.9033738220901
13,3,0,350,Elitist,352.03217714897755
13,3,1,350,Elitist,274.11084287881073
13,3,2,350,Elitist,409.1826990187875
13,3,3,350,Elitist,356.66338617697437
13,3,4,350,Elitist,294.3258186903246
13,3,5,350,Elitist,297.4301129906475
13,3,6,350,Elitist,342.87778209111866
13,3,7,350,Elitist,322.29508885412326
13,3,8,350,Elitist,241.50036426511713
13,3,9,350,Elitist,248.57192555833797
13,3,10,350,Elitist,290.2438716511003
13,3,11,350,Elitist,298.86718914307653
13,3,12,350,Elitist,248.293263699148
13,3,13,350,Elitist,293.5798412917013
13,3,14,350,Elitist,275.34529383944346
13,3,15,350,Elitist,323.3609297334381
13,3,16,350,Elitist,339.6172262815546
13,3,17,350,Elitist,353.3878960688433
13,3,18,350,Elitist,391.1803285666522
13,3,19,350,Elitist,332.16075394818023
13,4,0,350,Elitist,273.92289533416397
13,4,1,350,Elitist,319.62809770708236
13,4,2,350,Elitist,300.95570649144724
13,4,3,350,Elitist,281.7285914307879
13,4,4,350,Elitist,323.5145323796387
13,4,5,350,Elitist,269.3559817175792
13,4,6,350,Elitist,367.744282737729
13,4,7,350,Elitist,293.4446269983507
13,4,8,350,Elitist,349.98163616388024
13,4,9,350,Elitist,336.81112119883255
13,4,10,350,Elitist,309.44746667447293
13,4,11,350,Elitist,256.2832655838704
13,4,12,350,Elitist,330.82547374601177
13,4,13,350,Elitist,352.02417370590024
13,4,14,350,Elitist,442.9352826071822
13,4,15,350,Elitist,299.67134351503387
13,4,16,350,Elitist,332.0927758250357
13,4,17,350,Elitist,429.05834084466414
13,4,18,350,Elitist,284.90884518748203
13,4,19,350,Elitist,351.03440190751235
13,5,0,350,Elitist,283.9483506218637
13,5,1,350,Elitist,278.0540096637126
13,5,2,350,Elitist,351.43013141450155
13,5,3,350,Elitist,233.96811580719424
13,5,4,350,Elitist,395.06487963180984
13,5,5,350,Elitist,371.4119936173781
13,5,6,350,Elitist,352.36521454343415
13,5,7,350,Elitist,275.65795545572144
13,5,8,350,Elitist,331.8144510342884
13,5,9,350,Elitist,256.0487977456346
13,5,10,350,Elitist,352.6316044117502
13,5,11,350,Elitist,234.83715333169215
13,5,12,350,Elitist,273.7111870737875
13,5,13,350,Elitist,288.87590837264435
13,5,14,350,Elitist,353.7022168088043
13,5,15,350,Elitist,303.1778758488641
13,5,16,350,Elitist,361.30823294932964
13,5,17,350,Elitist,224.1312735602756
13,5,18,350,Elitist,321.53782948399544
13,5,19,350,Elitist,325.92962050701925
13,6,0,350,Elitist,244.46274097917464
13,6,1,350,Elitist,324.2819943982062
13,6,2,350,Elitist,309.6821165557075
13,6,3,350,Elitist,361.38161636666143
13,6,4,350,Elitist,237.10815931598992
13,6,5,350,Elitist,262.6365922987592
13,6,6,350,Elitist,312.0728854987088
13,6,7,350,Elitist,338.22799136746676
13,6,8,350,Elitist,308.16016296727435
13,6,9,350,Elitist,318.4658784790186
13,6,10,350,Elitist,350.63679463912865
13,6,11,350,Elitist,254.98492276158072
13,6,12,350,Elitist,405.00013640061934
13,6,13,350,Elitist,372.92643061994085
13,6,14,350,Elitist,306.6766378566424
13,6,15,350,Elitist,257.1126848557721
13,6,16,350,Elitist,282.7356472591013
13,6,17,350,Elitist,298.9303018366806
13,6,18,350,Elitist,317.15241498437865
13,6,19,350,Elitist,309.8702686170669
13,7,0,350,Elitist,321.55446159283633
13,7,1,350,Elitist,343.6130007357219
13,7,2,350,Elitist,293.2353500656777
13,7,3,350,Elitist,315.0515502910435
13,7,4,350,Elitist,402.1493771503331
13,7,5,350,Elitist,272.3957206928
13,7,6,350,Elitist,309.553960221315
13,7,7,350,Elitist,291.30768990979766
13,7,8,350,Elitist,349.8251875456285
13,7,9,350,Elitist,369.10422555841484
13,7,10,350,Elitist,291.1519837709719
13,7,11,350,Elitist,227.98908765145765
13,7,12,350,Elitist,385.4320389235466
13,7,13,350,Elitist,278.691346332328
13,7,14,350,Elitist,420.14784509379683
13,7,15,350,Elitist,318.2256562598823
13,7,16,350,Elitist,309.91201363322796
13,7,17,350,Elitist,330.01237148561677
13,7,18,350,Elitist,304.10087955557066
13,7,19,350,Elitist,273.6729756768972
14,1,0,350,Elitist,1.1890189715748605
14,1,1,350,Elitist,1.7132543692914552
14,1,2,350,Elitist,1.180508336317473
14,1,3,350,Elitist,0.8010079889663402
14,1,4,350,Elitist,1.7768171388246685
14,1,5,350,Elitist,1.951208157613948
14,1,6,350,Elitist,1.5984316466895123
14,1,7,350,Elitist,1.651129385482669
14,1,8,350,Elitist,1.1385033760834915
14,1,9,350,Elitist,0.805575600267332
14,1,10,350,Elitist,0.9922039196081727
14,1,11,350,Elitist,1.2254929481997152
14,1,12,350,Elitist,2.2623697489972088
14,1,13,350,Elitist,2.199259224903493
14,1,14,350,Elitist,1.3751935127136008
14,1,15,350,Elitist,1.0677069085668407
14,1,16,350,Elitist,1.1007710937345436
14,1,17,350,Elitist,1.4816562883287645
14,1,18,350,Elitist,1.3447996836024885
14,1,19,350,Elitist,0.6375170311136813
14,2,0,350,Elitist,0.9308653888090817
14,2,1,350,Elitist,0.6775560076355305
14,2,2,350,Elitist,1.808188951218483
14,2,3,350,Elitist,0.9406365645436665
14,2,4,350,Elitist,2.2497415065139705
14,2,5,350,Elitist,0.917993340236535
14,2,6,350,Elitist,1.6336113169930968
14,2,7,350,Elitist,1.124665519257178
14,2,8,350,Elitist,1.074395876813469
14,2,9,350,Elitist,1.4010957739614014
14,2,10,350,Elitist,2.3350497664791305
14,2,11,350,Elitist,1.8163656439011504
14,2,12,350,Elitist,1.863091967125115
14,2,13,350,Elitist,2.120283753556862
14,2,14,350,Elitist,2.5537042978477587
14,2,15,350,Elitist,0.8325858242708648
14,2,16,350,Elitist,0.9839049158086368
14,2,17,350,Elitist,1.5715174078922303
14,2,18,350,Elitist,1.5692972752809453
14,2,19,350,Elitist,1.4841944237002167
14,3,0,350,Elitist,1.8839912968945356
14,3,1,350,Elitist,1.9089101768760486
14,3,2,350,Elitist,1.438970591467836
14,3,3,350,Elitist,0.6721214394599997
14,3,4,350,Elitist,1.8499498659527802
14,3,5,350,Elitist,1.8733962431768987
14,3,6,350,Elitist,1.491927286284806
14,3,7,350,Elitist,0.5368512913482562
14,3,8,350,Elitist,1.7297484204116955
14,3,9,350,Elitist,1.4815913716197855
14,3,10,350,Elitist,1.4632627354599776
14,3,11,350,Elitist,1.5404578866447878
14,3,12,350,Elitist,0.5286819749770473
14,3,13,350,Elitist,1.461560422397966
14,3,14,350,Elitist,0.9333883487983741
14,3,15,350,Elitist,0.9798164706777186
14,3,16,350,Elitist,1.3069036371456946
14,3,17,350,Elitist,1.50454246437684
14,3,18,350,Elitist,1.304979608541089
14,3,19,350,Elitist,1.4387691681097152
14,4,0,350,Elitist,2.10680852935576
14,4,1,350,Elitist,2.029085176278727
14,4,2,350,Elitist,2.3126966659262322
14,4,3,350,Elitist,1.126489702858123
14,4,4,350,Elitist,2.0321971684574365
14,4,5,350,Elitist,2.052578463531546
14,4,6,350,Elitist,0.9759540711625334
14,4,7,350,Elitist,1.2937348853035147
14,4,8,350,Elitist,0.9255542374230501
14,4,9,350,Elitist,1.9454596236613995
14,4,10,350,Elitist,1.5310316373926867
14,4,11,350,Elitist,1.8270927807655184
14,4,12,350,Elitist,1.5645925823215876
14,4,13,350,Elitist,0.6207817073664046
14,4,14,350,Elitist,1.1611676340484607
14,4,15,350,Elitist,1.7433152951052904
14,4,16,350,Elitist,1.5024773308910397
14,4,17,350,Elitist,1.3881813246522796
14,4,18,350,Elitist,1.8655339643255786
14,4,19,350,Elitist,1.1018584670254725
14,5,0,350,Elitist,1.4230673094020787
14,5,1,350,Elitist,2.109131542673019
14,5,2,350,Elitist,1.8201901849418718
14,5,3,350,Elitist,1.2266747711815285
14,5,4,350,Elitist,0.8773094726969575
14,5,5,350,Elitist,1.3893405416324356
14,5,6,350,Elitist,1.6155866750884655
14,5,7,350,Elitist,1.481850348908452
14,5,8,350,Elitist,0.8285126497123585
14,5,9,350,Elitist,1.4394351382817803
14,5,10,350,Elitist,0.9563295562093117
14,5,11,350,Elitist,1.7342061618178448
14,5,12,350,Elitist,1.1300439693004733
14,5,13,350,Elitist,1.9739577208444885
14,5,14,350,Elitist,1.3063488545786939
14,5,15,350,Elitist,1.8075237011837402
14,5,16,350,Elitist,0.9193392908883169
14,5,17,350,Elitist,1.3730553315132425
14,5,18,350,Elitist,0.9990431617096291
14,5,19,350,Elitist,0.9957297124791609
14,6,0,350,Elitist,2.331660097804793
14,6,1,350,Elitist,1.1673307731594846
14,6,2,350,Elitist,1.6049514085882421
14,6,3,350,Elitist,1.5314674700466
14,6,4,350,Elitist,1.078315222106525
14,6,5,350,Elitist,2.050461705258904
14,6,6,350,Elitist,1.68504814339569
14,6,7,350,Elitist,0.8904771293926856
14,6,8,350,Elitist,1.4047759652213117
14,6,9,350,Elitist,0.8093079023657737
14,6,10,350,Elitist,1.8368493137897772
14,6,11,350,Elitist,1.103103730772439
14,6,12,350,Elitist,2.471601883669571
14,6,13,350,Elitist,0.685646968362235
14,6,14,350,Elitist,1.4909641817847543
14,6,15,350,Elitist,2.008633426423195
14,6,16,350,Elitist,1.1780470291019753
14,6,17,350,Elitist,0.7804582976113394
14,6,18,350,Elitist,1.7054388831472167
14,6,19,350,Elitist,1.8675104226999935
14,7,0,350,Elitist,1.0986206945807595
14,7,1,350,Elitist,1.4789483609045533
14,7,2,350,Elitist,0.7443267158758715
14,7,3,350,Elitist,1.121004509920084
14,7,4,350,Elitist,1.3109966062385752
14,7,5,350,Elitist,1.37848538372252
14,7,6,350,Elitist,0.9498048986608438
14,7,7,350,Elitist,0.8700471481116239
14,7,8,350,Elitist,0.9626837178971641
14,7,9,350,Elitist,0.6815057522355801
14,7,10,350,Elitist,0.7440634319628003
14,7,11,350,Elitist,0.8755607206756082
14,7,12,350,Elitist,1.7335836911604474
14,7,13,350,Elitist,1.0344195408357422
14,7,14,350,Elitist,1.3431660937478398
14,7,15,350,Elitist,0.9136001440438406
14,7,16,350,Elitist,1.3693585985450056
14,7,17,350,Elitist,1.7416179490360264
14,7,18,350,Elitist,1.193071294191725
14,7,19,350,Elitist,1.2337168468530706
15,1,0,350,Elitist,389.47647321250497
15,1,1,350,Elitist,446.35131347244305
15,1,2,350,Elitist,389.1739681498657
15,1,3,350,Elitist,371.5634126096925
15,1,4,350,Elitist,416.0820974508488
15,1,5,350,Elitist,439.5311955244606
15,1,6,350,Elitist,417.1114812828182
15,1,7,350,Elitist,355.8742030608539
15,1,8,350,Elitist,294.4140691612249
15,1,9,350,Elitist,393.4136354001348
15,1,10,350,Elitist,396.61764949263716
15,1,11,350,Elitist,362.0849600229867
15,1,12,350,Elitist,380.52692289289894
15,1,13,350,Elitist,366.7395012130869
15,1,14,350,Elitist,419.72065754612277
15,1,15,350,Elitist,414.3766092550386
15,1,16,350,Elitist,386.01003622891267
15,1,17,350,Elitist,314.5473469848514
15,1,18,350,Elitist,400.6737403528782
15,1,19,350,Elitist,401.0485573203257
15,2,0,350,Elitist,390.1511653914848
15,2,1,350,Elitist,422.8409759096638
15,2,2,350,Elitist,415.15541365264585
15,2,3,350,Elitist,382.3244978300245
15,2,4,350,Elitist,413.9826782567559
15,2,5,350,Elitist,340.273478383697
15,2,6,350,Elitist,422.98589203182814
15,2,7,350,Elitist,378.1898032403875
15,2,8,350,Elitist,419.7347899001161
15,2,9,350,Elitist,371.53415611284754
15,2,10,350,Elitist,370.2287005151977
15,2,11,350,Elitist,371.7998259151808
15,2,12,350,Elitist,384.69356659552966
15,2,13,350,Elitist,444.8590451069548
15,2,14,350,Elitist,399.49699797654
15,2,15,350,Elitist,389.624591455786
15,2,16,350,Elitist,355.32200169958196
15,2,17,350,Elitist,383.6672441370764
15,2,18,350,Elitist,341.96937362530105
15,2,19,350,Elitist,434.49496106752497
15,3,0,350,Elitist,365.4010574461737
15,3,1,350,Elitist,350.43349815647
15,3,2,350,Elitist,349.3544519722378
15,3,3,350,Elitist,361.39926516564674
15,3,4,350,Elitist,381.41776320480005
15,3,5,350,Elitist,339.3523789379161
15,3,6,350,Elitist,376.0495898356047
15,3,7,350,Elitist,314.62544861127185
15,3,8,350,Elitist,322.1163817889627
15,3,9,350,Elitist,373.2943426735317
15,3,10,350,Elitist,404.9530098568699
15,3,11,350,Elitist,282.5343689606474
15,3,12,350,Elitist,397.13704564744023
15,3,13,350,Elitist,410.4317497956191
15,3,14,350,Elitist,389.35223644298276
15,3,15,350,Elitist,373.20419792260145
15,3,16,350,Elitist,384.2297530012478
15,3,17,350,Elitist,368.4120757186438
15,3,18,350,Elitist,384.9104862890223
15,3,19,350,Elitist,395.2305783076216
15,4,0,350,Elitist,381.4994387899419
15,4,1,350,Elitist,400.3852307294219
15,4,2,350,Elitist,418.60621810266423
15,4,3,350,Elitist,362.64627966871365
15,4,4,350,Elitist,343.8016090499707
15,4,5,350,Elitist,355.0482618921159
15,4,6,350,Elitist,341.59057258502287
15,4,7,350,Elitist,389.99647036351416
15,4,8,350,Elitist,387.8520829501492
15,4,9,350,Elitist,389.4125687246452
15,4,10,350,Elitist,372.69798467759585
15,4,11,350,Elitist,312.39157699942643
15,4,12,350,Elitist,357.17638802431054
15,4,13,350,Elitist,350.52449091073515
15,4,14,350,Elitist,335.1146144052409
15,4,15,350,Elitist,402.56921879007007
15,4,16,350,Elitist,302.62669794428143
15,4,17,350,Elitist,433.84842836732093
15,4,18,350,Elitist,323.4203372558561
15,4,19,350,Elitist,409.19679036505363
15,5,0,350,Elitist,335.88042734433475
15,5,1,350,Elitist,389.42602250590437
15,5,2,350,Elitist,351.74106749017506
15,5,3,350,Elitist,359.8837555720435
15,5,4,350,Elitist,373.56971206635467
15,5,5,350,Elitist,359.0495727251731
15,5,6,350,Elitist,409.2228790290502
15,5,7,350,Elitist,386.36009518801325
15,5,8,350,Elitist,343.83642818906367
15,5,9,350,Elitist,358.1269302152789
15,5,10,350,Elitist,353.8969504171139
15,5,11,350,Elitist,423.02682285162564
15,5,12,350,Elitist,387.59398446051307
15,5,13,350,Elitist,359.001463207268
15,5,14,350,Elitist,362.27653561891935
15,5,15,350,Elitist,371.79917290162695
15,5,16,350,Elitist,324.43005384335663
15,5,17,350,Elitist,350.9982066859152
15,5,18,350,Elitist,403.8717173804024
15,5,19,350,Elitist,332.1032805363145
15,6,0,350,Elitist,375.7224637227937
15,6,1,350,Elitist,356.8730274664522
15,6,2,350,Elitist,403.19686153528045
15,6,3,350,Elitist,385.3098690355365
15,6,4,350,Elitist,413.1846801708996
15,6,5,350,Elitist,354.77338749957926
15,6,6,350,Elitist,338.172487809699
15,6,7,350,Elitist,402.82258934353354
15,6,8,350,Elitist,419.5180752003971
15,6,9,350,Elitist,400.70575659874066
15,6,10,350,Elitist,394.35588232474936
15,6,11,350,Elitist,466.3296419047877
15,6,12,350,Elitist,392.70969077000194
15,6,13,350,Elitist,401.0470819003956
15,6,14,350,Elitist,376.6560280590096
15,6,15,350,Elitist,350.92677543404716
15,6,16,350,Elitist,340.47608805365394
15,6,17,350,Elitist,401.11560096403264
15,6,18,350,Elitist,303.6390331126595
15,6,19,350,Elitist,354.53210275964534
15,7,0,350,Elitist,330.1694360915648
15,7,1,350,Elitist,404.4267096852581
15,7,2,350,Elitist,410.16218392362674
15,7,3,350,Elitist,335.71675082929363
15,7,4,350,Elitist,361.47437663026545
15,7,5,350,Elitist,363.97813877604716
15,7,6,350,Elitist,331.0322368837287
15,7,7,350,Elitist,452.7941883001835
15,7,8,350,Elitist,315.6361748150745
15,7,9,350,Elitist,456.53325820683114
15,7,10,350,Elitist,330.0011703321963
15,7,11,350,Elitist,358.95642402289553
15,7,12,350,Elitist,328.0842298059644
15,7,13,350,Elitist,401.5737580928433
15,7,14,350,Elitist,406.0851939040503
15,7,15,350,Elitist,370.2710809090965
15,7,16,350,Elitist,371.42361238177995
15,7,17,350,Elitist,412.25191814299006
15,7,18,350,Elitist,390.1088338832852
15,7,19,350,Elitist,379.98911518284666
16,1,0,350,Elitist,22.811917586244377
16,1,1,350,Elitist,21.951926681832546
16,1,2,350,Elitist,16.732922354332658
16,1,3,350,Elitist,21.698356910656557
16,1,4,350,Elitist,32.11635144517325
16,1,5,350,Elitist,22.157789530821105
16,1,6,350,Elitist,19.899936743968638
16,1,7,350,Elitist,19.548365246822513
16,1,8,350,Elitist,18.44515627940163
16,1,9,350,Elitist,41.60853071908292
16,1,10,350,Elitist,17.421015004877347
16,1,11,350,Elitist,14.43175420027849
16,1,12,350,Elitist,20.84423333519908
16,1,13,350,Elitist,24.167277776214803
16,1,14,350,Elitist,19.8195694400613
16,1,15,350,Elitist,32.617295797950106
16,1,16,350,Elitist,19.727099773621717
16,1,17,350,Elitist,16.02835758214094
16,1,18,350,Elitist,35.196813726373705
16,1,19,350,Elitist,26.227358695824492
16,2,0,350,Elitist,41.703670079789674
16,2,1,350,Elitist,16.79232883477482
16,2,2,350,Elitist,24.423928997977782
16,2,3,350,Elitist,18.506318135283948
16,2,4,350,Elitist,24.767364466137337
16,2,5,350,Elitist,18.3877198744093
16,2,6,350,Elitist,23.10070073289222
16,2,7,350,Elitist,17.852230287328837
16,2,8,350,Elitist,21.810630354571288
16,2,9,350,Elitist,24.390031382870177
16,2,10,350,Elitist,24.749137872282915
16,2,11,350,Elitist,18.679051498036927
16,2,12,350,Elitist,23.229502026660782
16,2,13,350,Elitist,22.985080875881465
16,2,14,350,Elitist,41.274613234167646
16,2,15,350,Elitist,19.29128052070422
16,2,16,350,Elitist,21.5519018095506
16,2,17,350,Elitist,17.610314242230857
16,2,18,350,Elitist,41.830947897750605
16,2,19,350,Elitist,31.90203353013237
16,3,0,350,Elitist,19.939083265758484
16,3,1,350,Elitist,23.382259175250837
16,3,2,350,Elitist,23.139310799952526
16,3,3,350,Elitist,31.710774309750704
16,3,4,350,Elitist,22.11619097623104
16,3,5,350,Elitist,28.393344006143693
16,3,6,350,Elitist,18.25295317298243
16,3,7,350,Elitist,15.470597729146064
16,3,8,350,Elitist,37.771200795359064
16,3,9,350,Elitist,18.887602142454952
16,3,10,350,Elitist,17.249186370609138
16,3,11,350,Elitist,19.42160588774503
16,3,12,350,Elitist,17.691722165832047
16,3,13,350,Elitist,21.26057237095347
16,3,14,350,Elitist,37.69080820499569
16,3,15,350,Elitist,17.449519665514558
16,3,16,350,Elitist,22.054247984427775
16,3,17,350,Elitist,24.354337066984584
16,3,18,350,Elitist,41.100462695514565
16,3,19,350,Elitist,31.656698670820717
16,4,0,350,Elitist,25.26951221650569
16,4,1,350,Elitist,39.68356212658102
16,4,2,350,Elitist,37.45300441149914
16,4,3,350,Elitist,17.602928039360336
16,4,4,350,Elitist,17.359704802283375
16,4,5,350,Elitist,25.491377791330365
16,4,6,350,Elitist,40.62301884203248
16,4,7,350,Elitist,27.487388480896414
16,4,8,350,Elitist,31.689675264706977
16,4,9,350,Elitist,21.97442627758693
16,4,10,350,Elitist,19.827231103720862
16,4,11,350,Elitist,27.649056385225776
16,4,12,350,Elitist,18.37248853977991
16,4,13,350,Elitist,44.06938033184076
16,4,14,350,Elitist,17.424214106622287
16,4,15,350,Elitist,21.316760330012244
16,4,16,350,Elitist,24.847812469334258
16,4,17,350,Elitist,26.05482230069026
16,4,18,350,Elitist,15.669038647257196
16,4,19,350,Elitist,42.3235429672506
16,5,0,350,Elitist,16.53341548881496
16,5,1,350,Elitist,29.9668617842806
16,5,2,350,Elitist,23.379276598232742
16,5,3,350,Elitist,21.180972331007958
16,5,4,350,Elitist,15.436732831564186
16,5,5,350,Elitist,25.907716519700074
16,5,6,350,Elitist,19.032854578091808
16,5,7,350,Elitist,19.158403709448564
16,5,8,350,Elitist,25.804334719089084
16,5,9,350,Elitist,15.60818961170034
16,5,10,350,Elitist,22.129734703377473
16,5,11,350,Elitist,19.009361106080263
16,5,12,350,Elitist,23.44694633255387
16,5,13,350,Elitist,21.079470223408784
16,5,14,350,Elitist,20.426569659230132
16,5,15,350,Elitist,19.942136288060752
16,5,16,350,Elitist,23.291312976068916
16,5,17,350,Elitist,18.83644852647916
16,5,18,350,Elitist,18.306891204261525
16,5,19,350,Elitist,18.162138308599218
16,6,0,350,Elitist,15.726609797519647
16,6,1,350,Elitist,22.844152608708136
16,6,2,350,Elitist,16.454882578489926
16,6,3,350,Elitist,31.22931958851457
16,6,4,350,Elitist,24.690243491202853
16,6,5,350,Elitist,21.356893329422263
16,6,6,350,Elitist,19.34596715586567
16,6,7,350,Elitist,16.947893821698518
16,6,8,350,Elitist,14.616294941728924
16,6,9,350,Elitist,18.576391297488325
16,6,10,350,Elitist,20.94272961272743
16,6,11,350,Elitist,24.463436843042025
16,6,12,350,Elitist,14.238908095091325
16,6,13,350,Elitist,19.34327347165116
16,6,14,350,Elitist,17.099046844899732
16,6,15,350,Elitist,40.7712219111521
16,6,16,350,Elitist,23.216523543183957
16,6,17,350,Elitist,16.439779722130655
16,6,18,350,Elitist,25.466235624595196
16,6,19,350,Elitist,14.733741512573308
16,7,0,350,Elitist,19.22953975545642
16,7,1,350,Elitist,18.80500000408906
16,7,2,350,Elitist,40.0500961799721
16,7,3,350,Elitist,15.18559753147266
16,7,4,350,Elitist,35.055587437826794
16,7,5,350,Elitist,22.214798225896818
16,7,6,350,Elitist,16.421779567850642
16,7,7,350,Elitist,18.6970245582588
16,7,8,350,Elitist,17.60667251280396
16,7,9,350,Elitist,36.6544661349366
16,7,10,350,Elitist,16.357716079673878
16,7,11,350,Elitist,19.482995320979413
16,7,12,350,Elitist,21.94831362166969
16,7,13,350,Elitist,20.196006995449327
16,7,14,350,Elitist,23.1964967949365
16,7,15,350,Elitist,23.106844012033974
16,7,16,350,Elitist,33.60894158383943
16,7,17,350,Elitist,15.389640979946492
16,7,18,350,Elitist,19.69040862320641
16,7,19,350,Elitist,17.667883004893618
17,1,0,350,Elitist,3.7845866552817604
17,1,1,350,Elitist,2.1315238030952663
17,1,2,350,Elitist,3.1488773039174003
17,1,3,350,Elitist,1.609449027873584
17,1,4,350,Elitist,2.6314210390416406
17,1,5,350,Elitist,4.4296150050729235
17,1,6,350,Elitist,2.813889050706253
17,1,7,350,Elitist,2.253249386748056
17,1,8,350,Elitist,3.832316258306866
17,1,9,350,Elitist,2.7059691934981913
17,1,10,350,Elitist,1.789021574633665
17,1,11,350,Elitist,2.1257253568209986
17,1,12,350,Elitist,2.6487197396494846
17,1,13,350,Elitist,1.6987650640024743
17,1,14,350,Elitist,4.150548122964523
17,1,15,350,Elitist,1.5981105786775753
17,1,16,350,Elitist,2.8723556059123005
17,1,17,350,Elitist,2.2534591991155963
17,1,18,350,Elitist,2.3969225627812705
17,1,19,350,Elitist,3.7565688877913406
17,2,0,350,Elitist,2.3418064850527927
17,2,1,350,Elitist,1.5874627502468357
17,2,2,350,Elitist,3.6746487041856177
17,2,3,350,Elitist,4.012109168184807
17,2,4,350,Elitist,2.316965846876034
17,2,5,350,Elitist,2.181665123819574
17,2,6,350,Elitist,2.486154294882862
17,2,7,350,Elitist,4.258448682762559
17,2,8,350,Elitist,2.996507506974133
17,2,9,350,Elitist,3.2040351328587597
17,2,10,350,Elitist,2.214724834042432
17,2,11,350,Elitist,2.276199811828185
17,2,12,350,Elitist,1.898593575281982
17,2,13,350,Elitist,2.2493656008446585
17,2,14,350,Elitist,2.5332937006687146
17,2,15,350,Elitist,2.325639569498705
17,2,16,350,Elitist,1.5371013820679558
17,2,17,350,Elitist,3.8649700597877334
17,2,18,350,Elitist,1.9714485522400729
17,2,19,350,Elitist,1.9760802990814348
17,3,0,350,Elitist,3.1473758160261696
17,3,1,350,Elitist,2.165286627467651
17,3,2,350,Elitist,3.785857931499379
17,3,3,350,Elitist,3.1870191531817795
17,3,4,350,Elitist,2.497862824147603
17,3,5,350,Elitist,2.375296800593901
17,3,6,350,Elitist,3.3131416484562806
17,3,7,350,Elitist,3.7976329282185475
17,3,8,350,Elitist,2.4756182197141356
17,3,9,350,Elitist,4.218997839055191
17,3,10,350,Elitist,1.7716517349605851
17,3,11,350,Elitist,3.384528308178403
17,3,12,350,Elitist,2.339628785068328
17,3,13,350,Elitist,3.8167678460799266
17,3,14,350,Elitist,3.773411558390819
17,3,15,350,Elitist,4.265498141880812
17,3,16,350,Elitist,6.231217752638713
17,3,17,350,Elitist,3.1131383435053976
17,3,18,350,Elitist,2.9644958171630833
17,3,19,350,Elitist,4.230031740736706
17,4,0,350,Elitist,4.6191697260849764
17,4,1,350,Elitist,1.7047266374347814
17,4,2,350,Elitist,2.1959124771068375
17,4,3,350,Elitist,3.500094557864962
17,4,4,350,Elitist,2.5025284040355444
17,4,5,350,Elitist,3.2314648558367267
17,4,6,350,Elitist,1.6392544309593262
17,4,7,350,Elitist,2.6227856759524073
17,4,8,350,Elitist,3.3402209569739014
17,4,9,350,Elitist,1.5938820996252474
17,4,10,350,Elitist,1.848296421717592
17,4,11,350,Elitist,3.249037705841303
17,4,12,350,Elitist,2.527289360561163
17,4,13,350,Elitist,3.6328856233235314
17,4,14,350,Elitist,4.3382703200273625
17,4,15,350,Elitist,5.195317004270208
17,4,16,350,Elitist,1.978543177738679
17,4,17,350,Elitist,3.292598529458715
17,4,18,350,Elitist,2.408630177061916
17,4,19,350,Elitist,5.416780351656882
17,5,0,350,Elitist,4.7226909329250475
17,5,1,350,Elitist,3.3806555310113993
17,5,2,350,Elitist,2.9031340820849323
17,5,3,350,Elitist,5.551764459597024
17,5,4,350,Elitist,4.152392305448956
17,5,5,350,Elitist,3.27642535132631
17,5,6,350,Elitist,3.748825519712369
17,5,7,350,Elitist,5.056667295465985
17,5,8,350,Elitist,1.6917105888702224
17,5,9,350,Elitist,5.017024578090428
17,5,10,350,Elitist,2.0469152000751762
17,5,11,350,Elitist,2.0176695680382295
17,5,12,350,Elitist,3.4836138085707375
17,5,13,350,Elitist,2.441388097186689
17,5,14,350,Elitist,3.678458080784651
17,5,15,350,Elitist,3.4382061916845146
17,5,16,350,Elitist,4.5446120619621695
17,5,17,350,Elitist,3.7189794117425663
17,5,18,350,Elitist,2.65916737196099
17,5,19,350,Elitist,3.9531946503425104
17,6,0,350,Elitist,2.902135104451588
17,6,1,350,Elitist,2.6192617473451776
17,6,2,350,Elitist,2.4332759869859046
17,6,3,350,Elitist,2.776295782935591
17,6,4,350,Elitist,3.2124830541372376
17,6,5,350,Elitist,2.668800232110101
17,6,6,350,Elitist,2.911036845949866
17,6,7,350,Elitist,2.1890242477255413
17,6,8,350,Elitist,3.343538599590829
17,6,9,350,Elitist,3.7086333060305776
17,6,10,350,Elitist,3.54173589991413
17,6,11,350,Elitist,2.480757537876599
17,6,12,350,Elitist,3.084277411417304
17,6,13,350,Elitist,2.864295373175537
17,6,14,350,Elitist,3.7098839045488035
17,6,15,350,Elitist,2.8467315681488117
17,6,16,350,Elitist,2.954286596892956
17,6,17,350,Elitist,2.768854468629172
17,6,18,350,Elitist,3.436340462670813
17,6,19,350,Elitist,1.6395771921279447
17,7,0,350,Elitist,2.5070998906193864
17,7,1,350,Elitist,1.885231104348307
17,7,2,350,Elitist,3.5622055692919474
17,7,3,350,Elitist,3.3067956689762354
17,7,4,350,Elitist,3.720052953707352
17,7,5,350,Elitist,3.2174287563758384
17,7,6,350,Elitist,1.9834341375691906
17,7,7,350,Elitist,2.0037789104487445
17,7,8,350,Elitist,1.595713392596295
17,7,9,350,Elitist,2.67155059303731
17,7,10,350,Elitist,3.220059507796833
17,7,11,350,Elitist,3.5165976324426964
17,7,12,350,Elitist,2.8324654472515505
17,7,13,350,Elitist,2.102281281585448
17,7,14,350,Elitist,1.4032211920080755
17,7,15,350,Elitist,2.032178426432054
17,7,16,350,Elitist,1.6130833732700296
17,7,17,350,Elitist,5.2082758087177154
17,7,18,350,Elitist,2.3980855902542118
17,7,19,350,Elitist,2.920283548410211
18,1,0,350,Elitist,8.661990570445793
18,1,1,350,Elitist,13.109958380669573
18,1,2,350,Elitist,10.780193553314067
18,1,3,350,Elitist,10.360606326091016
18,1,4,350,Elitist,16.061510074386245
18,1,5,350,Elitist,10.685117993022304
18,1,6,350,Elitist,10.074953785668393
18,1,7,350,Elitist,8.305341119241378
18,1,8,350,Elitist,7.00189506641394
18,1,9,350,Elitist,10.616363192982142
18,1,10,350,Elitist,14.320546409378142
18,1,11,350,Elitist,13.133498803495264
18,1,12,350,Elitist,9.100942375358105
18,1,13,350,Elitist,9.287648207861842
18,1,14,350,Elitist,20.39447040808378
18,1,15,350,Elitist,6.972346513722382
18,1,16,350,Elitist,13.544448640400503
18,1,17,350,Elitist,9.634040267595502
18,1,18,350,Elitist,10.950225039750071
18,1,19,350,Elitist,11.398346509431745
18,2,0,350,Elitist,9.667869440612844
18,2,1,350,Elitist,8.793578586248675
18,2,2,350,Elitist,10.448825774938513
18,2,3,350,Elitist,11.286798549722821
18,2,4,350,Elitist,8.64028125559955
18,2,5,350,Elitist,7.341573777426554
18,2,6,350,Elitist,10.215235518252324
18,2,7,350,Elitist,8.201035091796427
18,2,8,350,Elitist,6.553390364955273
18,2,9,350,Elitist,7.683744155488238
18,2,10,350,Elitist,6.173669335833871
18,2,11,350,Elitist,8.292841407262284
18,2,12,350,Elitist,9.531789551831597
18,2,13,350,Elitist,8.536944809050919
18,2,14,350,Elitist,8.807526617655132
18,2,15,350,Elitist,7.372157229004102
18,2,16,350,Elitist,7.821619766687288
18,2,17,350,Elitist,10.825468204064371
18,2,18,350,Elitist,9.587926749480072
18,2,19,350,Elitist,6.893393735903967
18,3,0,350,Elitist,17.165751483284737
18,3,1,350,Elitist,12.61191630579117
18,3,2,350,Elitist,12.677292631165074
18,3,3,350,Elitist,13.826513301162265
18,3,4,350,Elitist,13.078452792057305
18,3,5,350,Elitist,12.39089502744946
18,3,6,350,Elitist,10.32421012662519
18,3,7,350,Elitist,7.190257213895904
18,3,8,350,Elitist,9.994505006492716
18,3,9,350,Elitist,11.658396724240845
18,3,10,350,Elitist,10.86846214520881
18,3,11,350,Elitist,16.51050526704671
18,3,12,350,Elitist,12.40619180579398
18,3,13,350,Elitist,9.072037338184145
18,3,14,350,Elitist,12.131896033986663
18,3,15,350,Elitist,16.210893819587568
18,3,16,350,Elitist,8.808607029024074
18,3,17,350,Elitist,10.2239577561013
18,3,18,350,Elitist,16.41131699568632
18,3,19,350,Elitist,15.78127222775771
18,4,0,350,Elitist,12.688100697246618
18,4,1,350,Elitist,12.33499911897755
18,4,2,350,Elitist,6.371413702517238
18,4,3,350,Elitist,21.68307789289593
18,4,4,350,Elitist,7.147461875652063
18,4,5,350,Elitist,9.764181414730771
18,4,6,350,Elitist,12.837773523091137
18,4,7,350,Elitist,6.469111585608424
18,4,8,350,Elitist,7.445242199272563
18,4,9,350,Elitist,8.703248681695236
18,4,10,350,Elitist,5.632748616269872
18,4,11,350,Elitist,10.229473094869384
18,4,12,350,Elitist,6.799583640809523
18,4,13,350,Elitist,11.189671440420817
18,4,14,350,Elitist,12.205269367133965
18,4,15,350,Elitist,13.025204926070309
18,4,16,350,Elitist,8.15182301617697
18,4,17,350,Elitist,9.43431944409744
18,4,18,350,Elitist,8.93155126499255
18,4,19,350,Elitist,9.200224645108875
18,5,0,350,Elitist,13.388596228558868
18,5,1,350,Elitist,6.672231493514175
18,5,2,350,Elitist,11.449220478680417
18,5,3,350,Elitist,13.496370587426867
18,5,4,350,Elitist,9.52157050462526
18,5,5,350,Elitist,15.618662131293405
18,5,6,350,Elitist,8.845327132282563
18,5,7,350,Elitist,9.546823341247261
18,5,8,350,Elitist,14.322279086909077
18,5,9,350,Elitist,11.984256914537696
18,5,10,350,Elitist,19.88044753519111
18,5,11,350,Elitist,11.962365803808865
18,5,12,350,Elitist,11.310220467035606
18,5,13,350,Elitist,17.16365902564624
18,5,14,350,Elitist,10.517765010500938
18,5,15,350,Elitist,11.773724962579422
18,5,16,350,Elitist,12.029797456673634
18,5,17,350,Elitist,7.2715979624393015
18,5,18,350,Elitist,7.610060374688857
18,5,19,350,Elitist,10.15323715283671
18,6,0,350,Elitist,13.3559958108481
18,6,1,350,Elitist,11.024192269127326
18,6,2,350,Elitist,10.804729008473316
18,6,3,350,Elitist,8.910270297904418
18,6,4,350,Elitist,13.269181052531962
18,6,5,350,Elitist,5.966874701700618
18,6,6,350,Elitist,6.979696147393099
18,6,7,350,Elitist,10.206101426066027
18,6,8,350,Elitist,13.792768516210373
18,6,9,350,Elitist,11.450465847852286
18,6,10,350,Elitist,14.042739065673658
18,6,11,350,Elitist,12.980410148448868
18,6,12,350,Elitist,5.714122062114313
18,6,13,350,Elitist,9.890868641622319
18,6,14,350,Elitist,10.032742622646651
18,6,15,350,Elitist,12.120687248348787
18,6,16,350,Elitist,12.699121917628702
18,6,17,350,Elitist,10.903498096575674
18,6,18,350,Elitist,7.862368705993703
18,6,19,350,Elitist,11.089101492184142
18,7,0,350,Elitist,6.458216900097867
18,7,1,350,Elitist,10.804890068528081
18,7,2,350,Elitist,16.878614958324775
18,7,3,350,Elitist,12.09993937757686
18,7,4,350,Elitist,11.138657619716938
18,7,5,350,Elitist,16.6143797099716
18,7,6,350,Elitist,8.352921385915465
18,7,7,350,Elitist,10.684150504192601
18,7,8,350,Elitist,14.088180441525324
18,7,9,350,Elitist,9.974946477421938
18,7,10,350,Elitist,10.41520720245451
18,7,11,350,Elitist,17.672868041250396
18,7,12,350,Elitist,9.772920773188233
18,7,13,350,Elitist,11.78003799594687
18,7,14,350,Elitist,10.805004639548756
18,7,15,350,Elitist,10.846906197356063
18,7,16,350,Elitist,12.256227899227113
18,7,17,350,Elitist,9.636153683671935
18,7,18,350,Elitist,8.640707831651284
18,7,19,350,Elitist,10.853243787367475
19,1,0,350,Elitist,6.948796163537068
19,1,1,350,Elitist,7.357217207741797
19,1,2,350,Elitist,8.234195074265543
19,1,3,350,Elitist,7.336273786610889
19,1,4,350,Elitist,8.196959410240183
19,1,5,350,Elitist,7.673228983437653
19,1,6,350,Elitist,7.81302729785088
19,1,7,350,Elitist,7.529256068583479
19,1,8,350,Elitist,7.874916090850178
19,1,9,350,Elitist,7.212074479857321
19,1,10,350,Elitist,7.324613771790808
19,1,11,350,Elitist,7.413430246383967
19,1,12,350,Elitist,7.694645632918977
19,1,13,350,Elitist,7.316236644548823
19,1,14,350,Elitist,7.504220548909629
19,1,15,350,Elitist,7.658624309010264
19,1,16,350,Elitist,7.750411433405731
19,1,17,350,Elitist,7.807010312201285
19,1,18,350,Elitist,8.616759571975209
19,1,19,350,Elitist,7.668566597568471
19,2,0,350,Elitist,7.533762737154291
19,2,1,350,Elitist,8.29968470470807
19,2,2,350,Elitist,7.410053336946078
19,2,3,350,Elitist,6.414319584225311
19,2,4,350,Elitist,8.149272734027761
19,2,5,350,Elitist,6.666634624855035
19,2,6,350,Elitist,7.990052889446261
19,2,7,350,Elitist,8.528864759947254
19,2,8,350,Elitist,7.421761306104486
19,2,9,350,Elitist,6.1449428768330705
19,2,10,350,Elitist,7.965961197913401
19,2,11,350,Elitist,8.399265198891214
19,2,12,350,Elitist,7.37402172850571
19,2,13,350,Elitist,7.830105936374764
19,2,14,350,Elitist,7.748575376786391
19,2,15,350,Elitist,7.442986287720544
19,2,16,350,Elitist,7.161837378443707
19,2,17,350,Elitist,7.8217843130699976
19,2,18,350,Elitist,7.3592188763545465
19,2,19,350,Elitist,7.508965151111852
19,3,0,350,Elitist,7.2026860172360045
19,3,1,350,Elitist,7.809905103303919
19,3,2,350,Elitist,7.639719997028948
19,3,3,350,Elitist,8.008690402168781
19,3,4,350,Elitist,8.370785930286303
19,3,5,350,Elitist,7.32216277862986
19,3,6,350,Elitist,8.418778640502751
19,3,7,350,Elitist,7.302161547306213
19,3,8,350,Elitist,7.4735492376135255
19,3,9,350,Elitist,6.28078811577069
19,3,10,350,Elitist,7.368555517473197
19,3,11,350,Elitist,6.777334633148371
19,3,12,350,Elitist,8.086367145982422
19,3,13,350,Elitist,7.052793650147606
19,3,14,350,Elitist,8.150482556934293
19,3,15,350,Elitist,8.291598487893424
19,3,16,350,Elitist,7.4152195422717
19,3,17,350,Elitist,7.436733669538796
19,3,18,350,Elitist,8.256574717694292
19,3,19,350,Elitist,7.287810236870001
19,4,0,350,Elitist,7.049566170086841
19,4,1,350,Elitist,7.496974846794544
19,4,2,350,Elitist,7.939893109404416
19,4,3,350,Elitist,7.393176539782814
19,4,4,350,Elitist,8.899720625308603
19,4,5,350,Elitist,7.809871757141913
19,4,6,350,Elitist,7.907489749892051
19,4,7,350,Elitist,7.795040420255688
19,4,8,350,Elitist,7.847160922037887
19,4,9,350,Elitist,7.835991738318157
19,4,10,350,Elitist,6.868945509359499
19,4,11,350,Elitist,7.034185770586568
19,4,12,350,Elitist,7.697478849976626
19,4,13,350,Elitist,7.716225860944512
19,4,14,350,Elitist,6.6191751605691636
19,4,15,350,Elitist,7.386977333129046
19,4,16,350,Elitist,7.304031383740757
19,4,17,350,Elitist,8.537645741033778
19,4,18,350,Elitist,7.937281838766047
19,4,19,350,Elitist,7.409862702507006
19,5,0,350,Elitist,7.9897150135493575
19,5,1,350,Elitist,6.721935312121786
19,5,2,350,Elitist,8.263427344659362
19,5,3,350,Elitist,7.784791708373632
19,5,4,350,Elitist,7.894839199581952
19,5,5,350,Elitist,7.173909787973457
19,5,6,350,Elitist,7.4156486815066955
19,5,7,350,Elitist,7.930891110896823
19,5,8,350,Elitist,7.428066844997375
19,5,9,350,Elitist,6.657943864725894
19,5,10,350,Elitist,8.49215621676592
19,5,11,350,Elitist,7.46347087493325
19,5,12,350,Elitist,7.527571272746513
19,5,13,350,Elitist,7.302503688425304
19,5,14,350,Elitist,7.04737132685932
19,5,15,350,Elitist,8.66553586651662
19,5,16,350,Elitist,7.721804025281131
19,5,17,350,Elitist,7.818074925917017
19,5,18,350,Elitist,7.280105668638271
19,5,19,350,Elitist,7.1404489230096715
19,6,0,350,Elitist,7.028333069554748
19,6,1,350,Elitist,6.077651766451396
19,6,2,350,Elitist,7.607521912546048
19,6,3,350,Elitist,7.127498064569863
19,6,4,350,Elitist,6.862730258165584
19,6,5,350,Elitist,6.536130529110466
19,6,6,350,Elitist,7.743430514461295
19,6,7,350,Elitist,7.472594015698689
19,6,8,350,Elitist,6.770421334657499
19,6,9,350,Elitist,7.396239267060906
19,6,10,350,Elitist,8.045119279437216
19,6,11,350,Elitist,6.900605645682447
19,6,12,350,Elitist,8.537520967417748
19,6,13,350,Elitist,7.575728939200076
19,6,14,350,Elitist,7.164796217256168
19,6,15,350,Elitist,7.119696215785012
19,6,16,350,Elitist,7.691159378391518
19,6,17,350,Elitist,8.107809481157517
19,6,18,350,Elitist,8.055589620049574
19,6,19,350,Elitist,6.766088021891079
19,7,0,350,Elitist,7.314667801567516
19,7,1,350,Elitist,7.632855976769207
19,7,2,350,Elitist,7.024121791336327
19,7,3,350,Elitist,7.661867181342608
19,7,4,350,Elitist,7.584086744918167
19,7,5,350,Elitist,6.931478355103643
19,7,6,350,Elitist,7.620293376805854
19,7,7,350,Elitist,7.944492527248926
19,7,8,350,Elitist,7.661705208927309
19,7,9,350,Elitist,7.805292736084304
19,7,10,350,Elitist,8.06093471536424
19,7,11,350,Elitist,8.16742006679273
19,7,12,350,Elitist,7.5030866447366265
19,7,13,350,Elitist,8.16342360397742
19,7,14,350,Elitist,7.029472815040279
19,7,15,350,Elitist,7.808260625847247
19,7,16,350,Elitist,7.735005846085535
19,7,17,350,Elitist,7.2338689865145795
19,7,18,350,Elitist,7.8327405297131705
19,7,19,350,Elitist,7.199546502809831
20,1,0,350,Elitist,3.2638052832729727
20,1,1,350,Elitist,3.4159874214170713
20,1,2,350,Elitist,3.1959069739735924
20,1,3,350,Elitist,3.421353982319829
20,1,4,350,Elitist,3.1119486763342366
20,1,5,350,Elitist,3.327547686519779
20,1,6,350,Elitist,3.343098682632217
20,1,7,350,Elitist,3.543212505682618
20,1,8,350,Elitist,3.2388200760541395
20,1,9,350,Elitist,2.9610285015697855
20,1,10,350,Elitist,3.254156587327202
20,1,11,350,Elitist,2.8211509496655935
20,1,12,350,Elitist,3.2457595729201785
20,1,13,350,Elitist,3.208439047601246
20,1,14,350,Elitist,3.2184611142585027
20,1,15,350,Elitist,3.3284227345815225
20,1,16,350,Elitist,3.2280578135940914
20,1,17,350,Elitist,3.367664814261957
20,1,18,350,Elitist,3.3287401834987804
20,1,19,350,Elitist,3.3362639909144036
20,2,0,350,Elitist,2.9435260824711804
20,2,1,350,Elitist,3.3580932462361943
20,2,2,350,Elitist,3.2467887695958098
20,2,3,350,Elitist,3.1451877934484855
20,2,4,350,Elitist,3.2401518639325104
20,2,5,350,Elitist,3.3057518884622823
20,2,6,350,Elitist,3.2552538331923415
20,2,7,350,Elitist,3.1012260406374708
20,2,8,350,Elitist,3.5033273190431373
20,2,9,350,Elitist,3.0409323225659364
20,2,10,350,Elitist,3.2663639513522185
20,2,11,350,Elitist,3.275833065517645
20,2,12,350,Elitist,3.0825812430574615
20,2,13,350,Elitist,3.369421793469087
20,2,14,350,Elitist,3.279386880629545
20,2,15,350,Elitist,3.0543877975508167
20,2,16,350,Elitist,3.1150494637216752
20,2,17,350,Elitist,3.1026550731678526
20,2,18,350,Elitist,3.327818716917477
20,2,19,350,Elitist,3.050992390406236
20,3,0,350,Elitist,3.459153267097747
20,3,1,350,Elitist,3.62953101334017
20,3,2,350,Elitist,3.1560754174480223
20,3,3,350,Elitist,2.9067162807983777
20,3,4,350,Elitist,3.371117374384596
20,3,5,350,Elitist,3.5392887556226356
20,3,6,350,Elitist,3.1339296942854276
20,3,7,350,Elitist,3.9094812736563824
20,3,8,350,Elitist,2.9493946508420095
20,3,9,350,Elitist,3.549949816279849
20,3,10,350,Elitist,3.4387908558929325
20,3,11,350,Elitist,3.6773531108972293
20,3,12,350,Elitist,3.2030552079815777
20,3,13,350,Elitist,3.5858584493629735
20,3,14,350,Elitist,3.39626218660311
20,3,15,350,Elitist,3.1984741321577417
20,3,16,350,Elitist,3.3685614837133926
20,3,17,350,Elitist,3.5718665696081757
20,3,18,350,Elitist,3.2598953686471646
20,3,19,350,Elitist,3.3253753167810487
20,4,0,350,Elitist,3.4462869616625085
20,4,1,350,Elitist,3.017727155910336
20,4,2,350,Elitist,3.2708649499525393
20,4,3,350,Elitist,3.5159265261629002
20,4,4,350,Elitist,3.218055693049905
20,4,5,350,Elitist,2.898443877093314
20,4,6,350,Elitist,3.1823589351878354
20,4,7,350,Elitist,3.1481518340663968
20,4,8,350,Elitist,2.935099438896657
20,4,9,350,Elitist,3.2608876975878047
20,4,10,350,Elitist,3.2891663983099306
20,4,11,350,Elitist,3.4880163796365764
20,4,12,350,Elitist,3.316246099537551
20,4,13,350,Elitist,3.186668372210505
20,4,14,350,Elitist,3.225502000907966
20,4,15,350,Elitist,3.484148433962332
20,4,16,350,Elitist,3.123054830402708
20,4,17,350,Elitist,3.472692632890187
20,4,18,350,Elitist,3.325747963591425
20,4,19,350,Elitist,2.9877368014993237
20,5,0,350,Elitist,3.298322335119117
20,5,1,350,Elitist,3.2200123503230786
20,5,2,350,Elitist,3.251486884097733
20,5,3,350,Elitist,3.1344684066535877
20,5,4,350,Elitist,3.1435754733095393
20,5,5,350,Elitist,3.3818609260583274
20,5,6,350,Elitist,3.074219218090946
20,5,7,350,Elitist,3.558109186213212
20,5,8,350,Elitist,3.2439746449211464
20,5,9,350,Elitist,3.1225539818909978
20,5,10,350,Elitist,3.2213221396873752
20,5,11,350,Elitist,3.328368990866901
20,5,12,350,Elitist,3.1359891666179442
20,5,13,350,Elitist,3.2027753819908344
20,5,14,350,Elitist,2.9223862718906197
20,5,15,350,Elitist,3.1734329872487663
20,5,16,350,Elitist,3.1762474826483014
20,5,17,350,Elitist,3.469432832412729
20,5,18,350,Elitist,3.294099958186222
20,5,19,350,Elitist,3.1529101426268777
20,6,0,350,Elitist,3.269510641851465
20,6,1,350,Elitist,3.4572413950474363
20,6,2,350,Elitist,3.445895929508225
20,6,3,350,Elitist,3.37149744044763
20,6,4,350,Elitist,3.231413861312454
20,6,5,350,Elitist,3.2456347941678736
20,6,6,350,Elitist,3.0794226445026602
20,6,7,350,Elitist,2.9162955004438125
20,6,8,350,Elitist,2.9446324231989713
20,6,9,350,Elitist,3.3786303149903567
20,6,10,350,Elitist,3.3256168990671675
20,6,11,350,Elitist,3.50271202496668
20,6,12,350,Elitist,3.1959435607963975
20,6,13,350,Elitist,2.9419880605718056
20,6,14,350,Elitist,2.93105409833554
20,6,15,350,Elitist,3.2510278016602534
20,6,16,350,Elitist,3.5970335817540757
20,6,17,350,Elitist,3.0725027368584428
20,6,18,350,Elitist,3.299650386768949
20,6,19,350,Elitist,3.2554634117843406
20,7,0,350,Elitist,3.4498036122394637
20,7,1,350,Elitist,3.341257597600773
20,7,2,350,Elitist,3.2093112883709694
20,7,3,350,Elitist,3.3186632456782093
20,7,4,350,Elitist,3.367033589062018
20,7,5,350,Elitist,3.514814539002785
20,7,6,350,Elitist,2.9923576945129042
20,7,7,350,Elitist,3.2081359104739136
20,7,8,350,Elitist,2.8626273685440395
20,7,9,350,Elitist,3.300304008509144
20,7,10,350,Elitist,3.4629541675772515
20,7,11,350,Elitist,3.2200939544140255
20,7,12,350,Elitist,3.1740723029842144
20,7,13,350,Elitist,3.112313964966461
20,7,14,350,Elitist,2.6543230073075677
20,7,15,350,Elitist,3.354964196272306
20,7,16,350,Elitist,3.14838298249137
20,7,17,350,Elitist,3.3801668897165484
20,7,18,350,Elitist,3.2167963205614285
20,7,19,350,Elitist,3.182412203461112
21,1,0,350,Elitist,3.9040843163514154
21,1,1,350,Elitist,7.097247462999121
21,1,2,350,Elitist,6.53573872390394
21,1,3,350,Elitist,6.521657628438334
21,1,4,350,Elitist,6.752997156175077
21,1,5,350,Elitist,1.9392889430298794
21,1,6,350,Elitist,6.600057395238551
21,1,7,350,Elitist,6.7291171356527855
21,1,8,350,Elitist,7.152161531903239
21,1,9,350,Elitist,6.604996670391586
21,1,10,350,Elitist,6.676005902473747
21,1,11,350,Elitist,4.183806754113178
21,1,12,350,Elitist,6.512500373517369
21,1,13,350,Elitist,3.0923297566893666
21,1,14,350,Elitist,7.132303680197268
21,1,15,350,Elitist,3.340279783340918
21,1,16,350,Elitist,6.944847146807994
21,1,17,350,Elitist,7.9124042836713
21,1,18,350,Elitist,0.4509863503074669
21,1,19,350,Elitist,3.7063156244320936
21,2,0,350,Elitist,4.25589597413894
21,2,1,350,Elitist,1.9377343728771739
21,2,2,350,Elitist,7.485085605281872
21,2,3,350,Elitist,7.4777120021391035
21,2,4,350,Elitist,7.5646371609804515
21,2,5,350,Elitist,1.9589502856640926
21,2,6,350,Elitist,7.529027344499644
21,2,7,350,Elitist,11.036859752277786
21,2,8,350,Elitist,1.780541288060615
21,2,9,350,Elitist,11.047206281768645
21,2,10,350,Elitist,2.280661416056022
21,2,11,350,Elitist,1.6091542474116933
21,2,12,350,Elitist,7.217837339518345
21,2,13,350,Elitist,7.890288376632775
21,2,14,350,Elitist,7.804157528968021
21,2,15,350,Elitist,7.522592791082143
21,2,16,350,Elitist,7.454306299433165
21,2,17,350,Elitist,36.80930569763413
21,2,18,350,Elitist,11.633683624672503
21,2,19,350,Elitist,7.6015010480706735
21,3,0,350,Elitist,1.9788476395687553
21,3,1,350,Elitist,23.05009758884694
21,3,2,350,Elitist,9.802248178246316
21,3,3,350,Elitist,5.288315298043472
21,3,4,350,Elitist,2.8706483209311386
21,3,5,350,Elitist,9.919365431005417
21,3,6,350,Elitist,1.9812142080391482
21,3,7,350,Elitist,5.133558851478597
21,3,8,350,Elitist,2.077353646845779
21,3,9,350,Elitist,2.028018147272064
21,3,10,350,Elitist,2.046922604581084
21,3,11,350,Elitist,2.0120904967947695
21,3,12,350,Elitist,5.542574606079029
21,3,13,350,Elitist,5.6344902618465085
21,3,14,350,Elitist,2.0071528257350906
21,3,15,350,Elitist,9.68764682565444
21,3,16,350,Elitist,2.00907612487714
21,3,17,350,Elitist,3.1867846251003584
21,3,18,350,Elitist,0.44160513228587206
21,3,19,350,Elitist,3.4296851729546916
21,4,0,350,Elitist,5.246263570756376
21,4,1,350,Elitist,1.1543975786975444
21,4,2,350,Elitist,1.378477597778918
21,4,3,350,Elitist,5.411833447660591
21,4,4,350,Elitist,4.590941203556696
21,4,5,350,Elitist,1.320033440120472
21,4,6,350,Elitist,1.416107162889677
21,4,7,350,Elitist,1.4390458650342488
21,4,8,350,Elitist,1.4567975414212846
21,4,9,350,Elitist,5.439258421225567
21,4,10,350,Elitist,1.9620994972349557
21,4,11,350,Elitist,16.039692016940663
21,4,12,350,Elitist,2.5779558710970747
21,4,13,350,Elitist,1.8486285620181881
21,4,14,350,Elitist,1.2682031699600635
21,4,15,350,Elitist,12.428911944010899
21,4,16,350,Elitist,1.1956409394365792
21,4,17,350,Elitist,1.7214193055793672
21,4,18,350,Elitist,2.4162259366326317
21,4,19,350,Elitist,1.5722154630151763
21,5,0,350,Elitist,4.23211471303398
21,5,1,350,Elitist,3.846485831069913
21,5,2,350,Elitist,4.481382685961762
21,5,3,350,Elitist,1.8450807027976452
21,5,4,350,Elitist,14.163491780381378
21,5,5,350,Elitist,1.7012203473494765
21,5,6,350,Elitist,1.7267062119066168
21,5,7,350,Elitist,1.879552794149049
21,5,8,350,Elitist,1.9453135288289332
21,5,9,350,Elitist,1.9537040001753212
21,5,10,350,Elitist,0.7644107223359242
21,5,11,350,Elitist,3.4803790011294495
21,5,12,350,Elitist,1.8848316799482063
21,5,13,350,Elitist,4.36840498895458
21,5,14,350,Elitist,1.9277145330598842
21,5,15,350,Elitist,4.23653110897385
21,5,16,350,Elitist,3.163188809320218
21,5,17,350,Elitist,1.8385696521949058
21,5,18,350,Elitist,0.5098912586622646
21,5,19,350,Elitist,1.9329417413437113
21,6,0,350,Elitist,29.788809572142213
21,6,1,350,Elitist,8.296008539639615
21,6,2,350,Elitist,7.229169408085113
21,6,3,350,Elitist,7.287391578072857
21,6,4,350,Elitist,3.7329183672004547
21,6,5,350,Elitist,8.070521957825008
21,6,6,350,Elitist,6.7718402393308
21,6,7,350,Elitist,6.793081552634135
21,6,8,350,Elitist,7.036876543952303
21,6,9,350,Elitist,28.977009763621936
21,6,10,350,Elitist,7.34045273988022
21,6,11,350,Elitist,6.634819751566283
21,6,12,350,Elitist,7.1673543259086046
21,6,13,350,Elitist,7.0672044912898855
21,6,14,350,Elitist,8.188788691961577
21,6,15,350,Elitist,6.837430713713616
21,6,16,350,Elitist,6.534332937520162
21,6,17,350,Elitist,6.754625075987292
21,6,18,350,Elitist,29.951547772716367
21,6,19,350,Elitist,7.678789568239267
21,7,0,350,Elitist,25.384836307801308
21,7,1,350,Elitist,3.081374881006653
21,7,2,350,Elitist,25.268353559787826
21,7,3,350,Elitist,25.499822800224266
21,7,4,350,Elitist,25.214235256774472
21,7,5,350,Elitist,25.584278815896923
21,7,6,350,Elitist,3.389953127746793
21,7,7,350,Elitist,2.880699107926233
21,7,8,350,Elitist,25.86723456667444
21,7,9,350,Elitist,3.5690763251591306
21,7,10,350,Elitist,25.27779583220881
21,7,11,350,Elitist,25.747092102215973
21,7,12,350,Elitist,2.952370595182856
21,7,13,350,Elitist,3.2515237688156304
21,7,14,350,Elitist,25.3440152984695
21,7,15,350,Elitist,25.448547977025257
21,7,16,350,Elitist,25.157989917927225
21,7,17,350,Elitist,25.502268661067475
21,7,18,350,Elitist,25.178613533248566
21,7,19,350,Elitist,3.183850782689447
22,1,0,350,Elitist,2.201151708374141
22,1,1,350,Elitist,19.10631889185845
22,1,2,350,Elitist,19.290193195597908
22,1,3,350,Elitist,2.0489330032993394
22,1,4,350,Elitist,19.63310894665574
22,1,5,350,Elitist,19.02976871757346
22,1,6,350,Elitist,19.16755370911983
22,1,7,350,Elitist,19.06008120856825
22,1,8,350,Elitist,19.343084682508675
22,1,9,350,Elitist,18.9354017785289
22,1,10,350,Elitist,19.09772221708897
22,1,11,350,Elitist,19.076600785756
22,1,12,350,Elitist,19.000409388614912
22,1,13,350,Elitist,18.931183892453646
22,1,14,350,Elitist,2.0514110735566646
22,1,15,350,Elitist,2.0385000879787185
22,1,16,350,Elitist,19.372797997935663
22,1,17,350,Elitist,19.184402740072073
22,1,18,350,Elitist,2.0393769070586814
22,1,19,350,Elitist,18.940877513624173
22,2,0,350,Elitist,16.99288476367292
22,2,1,350,Elitist,19.53594741406198
22,2,2,350,Elitist,26.63453690834308
22,2,3,350,Elitist,51.07447540252565
22,2,4,350,Elitist,17.790132808593057
22,2,5,350,Elitist,17.12064630153145
22,2,6,350,Elitist,17.39797289824378
22,2,7,350,Elitist,26.892454403664033
22,2,8,350,Elitist,17.11156493050396
22,2,9,350,Elitist,17.794560578929463
22,2,10,350,Elitist,51.33965986611656
22,2,11,350,Elitist,25.108872064250818
22,2,12,350,Elitist,18.380290506826327
22,2,13,350,Elitist,24.659705682747926
22,2,14,350,Elitist,22.618879082724902
22,2,15,350,Elitist,18.757696466420384
22,2,16,350,Elitist,26.4168558440781
22,2,17,350,Elitist,24.872776725747826
22,2,18,350,Elitist,26.123049857667638
22,2,19,350,Elitist,26.564922780179586
22,3,0,350,Elitist,3.1273236664744317
22,3,1,350,Elitist,3.159943937594406
22,3,2,350,Elitist,3.1508233033269875
22,3,3,350,Elitist,3.6987148962867167
22,3,4,350,Elitist,3.466250447567724
22,3,5,350,Elitist,2.9926362492446543
22,3,6,350,Elitist,1.3542342884127407
22,3,7,350,Elitist,0.9733362717577876
22,3,8,350,Elitist,1.1588893337096948
22,3,9,350,Elitist,3.0607147591597297
22,3,10,350,Elitist,3.5136399523258106
22,3,11,350,Elitist,3.248859201249104
22,3,12,350,Elitist,3.285283513945842
22,3,13,350,Elitist,12.264947125082806
22,3,14,350,Elitist,3.256019589348341
22,3,15,350,Elitist,3.24994611245328
22,3,16,350,Elitist,3.23759479253777
22,3,17,350,Elitist,3.3778056565447727
22,3,18,350,Elitist,3.4117038119682945
22,3,19,350,Elitist,3.7610906639041417
22,4,0,350,Elitist,1.102015663825739
22,4,1,350,Elitist,1.0800773463467408
22,4,2,350,Elitist,7.989670623271934
22,4,3,350,Elitist,1.1335879643876865
22,4,4,350,Elitist,1.6335636285259625
22,4,5,350,Elitist,1.0717554902105917
22,4,6,350,Elitist,1.2458715495252477
22,4,7,350,Elitist,0.9725692366444036
22,4,8,350,Elitist,1.4192938964728796
22,4,9,350,Elitist,5.727212437361175
22,4,10,350,Elitist,1.4220024927879535
22,4,11,350,Elitist,1.2712046264615537
22,4,12,350,Elitist,6.023992250026765
22,4,13,350,Elitist,1.6461284278524317
22,4,14,350,Elitist,6.182938251858502
22,4,15,350,Elitist,1.5484021122984473
22,4,16,350,Elitist,1.5924479111502592
22,4,17,350,Elitist,1.297647487253414
22,4,18,350,Elitist,1.4220834173714252
22,4,19,350,Elitist,5.990215381136181
22,5,0,350,Elitist,1.5666090130575938
22,5,1,350,Elitist,1.7824831407722286
22,5,2,350,Elitist,1.9142626110911252
22,5,3,350,Elitist,1.4314281669207674
22,5,4,350,Elitist,1.83535740206149
22,5,5,350,Elitist,7.8184360012831675
22,5,6,350,Elitist,7.676496519893739
22,5,7,350,Elitist,7.678680908594345
22,5,8,350,Elitist,7.7102662429290945
22,5,9,350,Elitist,7.553949179048708
22,5,10,350,Elitist,7.274297067859862
22,5,11,350,Elitist,1.812556141914385
22,5,12,350,Elitist,7.7967712976223
22,5,13,350,Elitist,7.7226048174635125
22,5,14,350,Elitist,1.7356759361433731
22,5,15,350,Elitist,1.8919089644658555
22,5,16,350,Elitist,8.048439005914496
22,5,17,350,Elitist,1.364842227110394
22,5,18,350,Elitist,7.544181317453464
22,5,19,350,Elitist,7.643627822581152
22,6,0,350,Elitist,51.19601701386842
22,6,1,350,Elitist,51.514261074685216
22,6,2,350,Elitist,51.13285842965451
22,6,3,350,Elitist,51.41981280736277
22,6,4,350,Elitist,1.253998481843709
22,6,5,350,Elitist,1.5428036813587767
22,6,6,350,Elitist,9.873612585228543
22,6,7,350,Elitist,50.67596472948852
22,6,8,350,Elitist,1.2460821196300529
22,6,9,350,Elitist,51.69196630804999
22,6,10,350,Elitist,51.15437068637363
22,6,11,350,Elitist,50.95837581019419
22,6,12,350,Elitist,51.07217898336024
22,6,13,350,Elitist,50.81895317433685
22,6,14,350,Elitist,50.992195330801074
22,6,15,350,Elitist,50.92204041746913
22,6,16,350,Elitist,51.310307970634575
22,6,17,350,Elitist,50.91050407770715
22,6,18,350,Elitist,8.078629530464184
22,6,19,350,Elitist,50.958620475229516
22,7,0,350,Elitist,9.659073295439072
22,7,1,350,Elitist,22.27175781046813
22,7,2,350,Elitist,22.5669884174647
22,7,3,350,Elitist,9.918988643411637
22,7,4,350,Elitist,37.342272481617016
22,7,5,350,Elitist,9.965649613775867
22,7,6,350,Elitist,9.805712986976062
22,7,7,350,Elitist,9.283834014802892
22,7,8,350,Elitist,26.277710647746915
22,7,9,350,Elitist,10.313336857638916
22,7,10,350,Elitist,26.345992252293883
22,7,11,350,Elitist,10.204983624393975
22,7,12,350,Elitist,37.06629821400833
22,7,13,350,Elitist,26.489572951021216
22,7,14,350,Elitist,26.085483380018587
22,7,15,350,Elitist,9.497212948403671
22,7,16,350,Elitist,26.361156285878337
22,7,17,350,Elitist,26.348294431075487
22,7,18,350,Elitist,9.515713592228792
22,7,19,350,Elitist,44.32321234233248
23,1,0,350,Elitist,6.073000117262564
23,1,1,350,Elitist,4.521779714213005
23,1,2,350,Elitist,5.018225377121213
23,1,3,350,Elitist,5.078915105039411
23,1,4,350,Elitist,6.431784181413357
23,1,5,350,Elitist,4.549344614556625
23,1,6,350,Elitist,4.844390137957046
23,1,7,350,Elitist,5.189709985119166
23,1,8,350,Elitist,5.175601116281496
23,1,9,350,Elitist,5.082380342017971
23,1,10,350,Elitist,5.7250613045026855
23,1,11,350,Elitist,5.785041971690238
23,1,12,350,Elitist,5.028969532731449
23,1,13,350,Elitist,5.602927262029591
23,1,14,350,Elitist,4.51824708525868
23,1,15,350,Elitist,4.932313107624778
23,1,16,350,Elitist,5.4635004113007435
23,1,17,350,Elitist,4.974538665018755
23,1,18,350,Elitist,5.083322318494161
23,1,19,350,Elitist,5.65701205801381
23,2,0,350,Elitist,4.662234552082903
23,2,1,350,Elitist,5.127030418934505
23,2,2,350,Elitist,3.971386039027828
23,2,3,350,Elitist,5.710797840180469
23,2,4,350,Elitist,6.096014106131839
23,2,5,350,Elitist,5.649012310127187
23,2,6,350,Elitist,4.95038101113472
23,2,7,350,Elitist,4.271117941350574
23,2,8,350,Elitist,4.652801134630807
23,2,9,350,Elitist,4.882321284347119
23,2,10,350,Elitist,4.497905574604376
23,2,11,350,Elitist,3.113862985889021
23,2,12,350,Elitist,4.0600989836228365
23,2,13,350,Elitist,4.992056344612965
23,2,14,350,Elitist,4.739126892422724
23,2,15,350,Elitist,5.586033263774
23,2,16,350,Elitist,5.615249177765551
23,2,17,350,Elitist,5.848423673865772
23,2,18,350,Elitist,6.499130281372352
23,2,19,350,Elitist,5.695079652554302
23,3,0,350,Elitist,5.695376987912667
23,3,1,350,Elitist,3.477877762002521
23,3,2,350,Elitist,4.601970742864438
23,3,3,350,Elitist,4.64041187327912
23,3,4,350,Elitist,3.890262678112393
23,3,5,350,Elitist,4.218787844649384
23,3,6,350,Elitist,4.469622358631938
23,3,7,350,Elitist,4.6896314706321505
23,3,8,350,Elitist,5.689796139269788
23,3,9,350,Elitist,5.248466569197788
23,3,10,350,Elitist,5.006605002816201
23,3,11,350,Elitist,5.816276688527125
23,3,12,350,Elitist,4.944211217520632
23,3,13,350,Elitist,4.486989114744688
23,3,14,350,Elitist,5.512450480137659
23,3,15,350,Elitist,4.827226573150597
23,3,16,350,Elitist,5.226272451219913
23,3,17,350,Elitist,5.627638192166657
23,3,18,350,Elitist,4.651338373621115
23,3,19,350,Elitist,5.263531093788615
23,4,0,350,Elitist,4.756612159732498
23,4,1,350,Elitist,5.766926302077309
23,4,2,350,Elitist,5.093087315333946
23,4,3,350,Elitist,4.063418788807098
23,4,4,350,Elitist,4.6413800890888695
23,4,5,350,Elitist,5.528663579481901
23,4,6,350,Elitist,5.894724904081585
23,4,7,350,Elitist,5.9018017686851465
23,4,8,350,Elitist,5.433498127047017
23,4,9,350,Elitist,5.391763606812503
23,4,10,350,Elitist,5.416622850199559
23,4,11,350,Elitist,4.427336476839855
23,4,12,350,Elitist,5.559721052145193
23,4,13,350,Elitist,5.90454391205904
23,4,14,350,Elitist,5.810797064319871
23,4,15,350,Elitist,5.202866894482213
23,4,16,350,Elitist,5.224473226086644
23,4,17,350,Elitist,5.386692369435508
23,4,18,350,Elitist,4.936547162759695
23,4,19,350,Elitist,5.757672909559233
23,5,0,350,Elitist,4.987469198441396
23,5,1,350,Elitist,5.394586570567576
23,5,2,350,Elitist,4.310155376405632
23,5,3,350,Elitist,5.401264740870751
23,5,4,350,Elitist,5.763947787906197
23,5,5,350,Elitist,5.218522541308317
23,5,6,350,Elitist,5.714508739366693
23,5,7,350,Elitist,5.068590398214383
23,5,8,350,Elitist,4.898951760087257
23,5,9,350,Elitist,5.921693389685693
23,5,10,350,Elitist,5.385420151429507
23,5,11,350,Elitist,5.31312356263345
23,5,12,350,Elitist,4.653179085772138
23,5,13,350,Elitist,3.957888491479416
23,5,14,350,Elitist,4.9891704169077045
23,5,15,350,Elitist,5.35764852991413
23,5,16,350,Elitist,4.982073750198559
23,5,17,350,Elitist,4.771025981804421
23,5,18,350,Elitist,4.615410398452504
23,5,19,350,Elitist,5.195212506238171
23,6,0,350,Elitist,5.956561994576106
23,6,1,350,Elitist,5.171808096324341
23,6,2,350,Elitist,5.199715084089036
23,6,3,350,Elitist,5.610219048814159
23,6,4,350,Elitist,6.055265268490999
23,6,5,350,Elitist,3.812900564133102
23,6,6,350,Elitist,5.475135142754979
23,6,7,350,Elitist,5.081549679399089
23,6,8,350,Elitist,3.4745975629251404
23,6,9,350,Elitist,5.40436777235324
23,6,10,350,Elitist,4.205889117961675
23,6,11,350,Elitist,5.282315965697364
23,6,12,350,Elitist,5.817513648392591
23,6,13,350,Elitist,4.490705931344223
23,6,14,350,Elitist,4.548009208845386
23,6,15,350,Elitist,4.277740321102428
23,6,16,350,Elitist,5.681062012343929
23,6,17,350,Elitist,5.372295726076089
23,6,18,350,Elitist,5.098119474220269
23,6,19,350,Elitist,6.121326299613457
23,7,0,350,Elitist,5.843057962772832
23,7,1,350,Elitist,5.25146120767829
23,7,2,350,Elitist,4.780009107745286
23,7,3,350,Elitist,4.8834847273590185
23,7,4,350,Elitist,5.740529657267871
23,7,5,350,Elitist,5.441505319575413
23,7,6,350,Elitist,4.83625757267248
23,7,7,350,Elitist,5.660842911530722
23,7,8,350,Elitist,5.564320246976536
23,7,9,350,Elitist,5.038733895518931
23,7,10,350,Elitist,4.251458424635075
23,7,11,350,Elitist,5.924644790876414
23,7,12,350,Elitist,5.410875486421332
23,7,13,350,Elitist,5.102433036001457
23,7,14,350,Elitist,6.445006439212307
23,7,15,350,Elitist,3.970494957289702
23,7,16,350,Elitist,4.500115882354294
23,7,17,350,Elitist,5.418693010309539
23,7,18,350,Elitist,5.1722597851414776
23,7,19,350,Elitist,5.43033488409003
24,1,0,350,Elitist,435.1564641726043
24,1,1,350,Elitist,419.8786024424668
24,1,2,350,Elitist,427.76811843808616
24,1,3,350,Elitist,426.8309117620772
24,1,4,350,Elitist,452.1088078731717
24,1,5,350,Elitist,355.7944520834333
24,1,6,350,Elitist,373.36161454942646
24,1,7,350,Elitist,416.37116411713464
24,1,8,350,Elitist,426.3998753428216
24,1,9,350,Elitist,377.5921431230834
24,1,10,350,Elitist,355.6649187377243
24,1,11,350,Elitist,453.0252085638838
24,1,12,350,Elitist,399.5773988096679
24,1,13,350,Elitist,336.3511491923016
24,1,14,350,Elitist,442.3853233079484
24,1,15,350,Elitist,456.04264848697846
24,1,16,350,Elitist,393.9017504908169
24,1,17,350,Elitist,433.36243954698136
24,1,18,350,Elitist,395.55102752043933
24,1,19,350,Elitist,414.4010534421076
24,2,0,350,Elitist,387.6416669524494
24,2,1,350,Elitist,437.8377557242699
24,2,2,350,Elitist,408.05243242934773
24,2,3,350,Elitist,427.39930433894386
24,2,4,350,Elitist,421.6018380380288
24,2,5,350,Elitist,421.17501117916635
24,2,6,350,Elitist,339.8933997579802
24,2,7,350,Elitist,354.08312102464924
24,2,8,350,Elitist,448.21107567414043
24,2,9,350,Elitist,392.26231702892875
24,2,10,350,Elitist,413.31764441967744
24,2,11,350,Elitist,397.50265276943065
24,2,12,350,Elitist,366.5481850175387
24,2,13,350,Elitist,410.7992212284115
24,2,14,350,Elitist,431.98675689509486
24,2,15,350,Elitist,439.1433921245903
24,2,16,350,Elitist,408.0675471190158
24,2,17,350,Elitist,401.9267649576983
24,2,18,350,Elitist,411.54233157675924
24,2,19,350,Elitist,411.3793460601245
24,3,0,350,Elitist,406.63569464161634
24,3,1,350,Elitist,360.3600099542392
24,3,2,350,Elitist,370.84025729149914
24,3,3,350,Elitist,385.4547383818025
24,3,4,350,Elitist,377.4493298194689
24,3,5,350,Elitist,458.034063512578
24,3,6,350,Elitist,398.24845786825597
24,3,7,350,Elitist,444.88525139310457
24,3,8,350,Elitist,459.96845747559394
24,3,9,350,Elitist,421.9381830795894
24,3,10,350,Elitist,433.6239671965359
24,3,11,350,Elitist,369.17727644160095
24,3,12,350,Elitist,430.0276212034359
24,3,13,350,Elitist,430.4539560208461
24,3,14,350,Elitist,380.9485353757897
24,3,15,350,Elitist,376.6351364763264
24,3,16,350,Elitist,424.32042593756586
24,3,17,350,Elitist,414.34767102530435
24,3,18,350,Elitist,415.6138406460606
24,3,19,350,Elitist,416.80552539496864
24,4,0,350,Elitist,385.73532317757525
24,4,1,350,Elitist,415.8641982989381
24,4,2,350,Elitist,429.66893912134964
24,4,3,350,Elitist,436.38727290672244
24,4,4,350,Elitist,385.75702623535693
24,4,5,350,Elitist,457.11082364740963
24,4,6,350,Elitist,378.92129582475667
24,4,7,350,Elitist,362.844643556308
24,4,8,350,Elitist,423.3224877835616
24,4,9,350,Elitist,446.1258577092794
24,4,10,350,Elitist,456.46228684398415
24,4,11,350,Elitist,367.19599205854246
24,4,12,350,Elitist,383.63027015759843
24,4,13,350,Elitist,413.87156157262046
24,4,14,350,Elitist,391.5175089686599
24,4,15,350,Elitist,355.83079503657115
24,4,16,350,Elitist,410.81437884649785
24,4,17,350,Elitist,394.1440572071709
24,4,18,350,Elitist,428.3960301616634
24,4,19,350,Elitist,406.54190900240366
24,5,0,350,Elitist,386.12826660596465
24,5,1,350,Elitist,425.1735742877918
24,5,2,350,Elitist,433.97876793851026
24,5,3,350,Elitist,395.5627369454976
24,5,4,350,Elitist,392.2962091592825
24,5,5,350,Elitist,433.740116305587
24,5,6,350,Elitist,411.31760029124825
24,5,7,350,Elitist,440.86453318587303
24,5,8,350,Elitist,459.36993947524206
24,5,9,350,Elitist,335.8023038830755
24,5,10,350,Elitist,300.52503847145533
24,5,11,350,Elitist,392.922552359874
24,5,12,350,Elitist,372.98814027025855
24,5,13,350,Elitist,372.50573320860724
24,5,14,350,Elitist,428.8429209454116
24,5,15,350,Elitist,471.43104776055634
24,5,16,350,Elitist,399.67376376461243
24,5,17,350,Elitist,461.7833047066931
24,5,18,350,Elitist,413.5455060144109
24,5,19,350,Elitist,404.48744330402747
24,6,0,350,Elitist,439.5615192163333
24,6,1,350,Elitist,372.22619260895476
24,6,2,350,Elitist,431.11601867984143
24,6,3,350,Elitist,404.2456504516265
24,6,4,350,Elitist,403.8974341506548
24,6,5,350,Elitist,430.60291904732856
24,6,6,350,Elitist,431.97827293220337
24,6,7,350,Elitist,427.6446900294487
24,6,8,350,Elitist,471.68782612392715
24,6,9,350,Elitist,422.7662772985826
24,6,10,350,Elitist,352.0057348227285
24,6,11,350,Elitist,396.70136894441487
24,6,12,350,Elitist,385.88038798748505
24,6,13,350,Elitist,436.6750683143267
24,6,14,350,Elitist,394.43454637883326
24,6,15,350,Elitist,466.2829186658048
24,6,16,350,Elitist,423.0870375038884
24,6,17,350,Elitist,434.56903673149293
24,6,18,350,Elitist,400.69058026321034
24,6,19,350,Elitist,409.6654683660523
24,7,0,350,Elitist,334.20422161860813
24,7,1,350,Elitist,407.39862912770826
24,7,2,350,Elitist,510.1650344151801
24,7,3,350,Elitist,447.9982436604368
24,7,4,350,Elitist,391.6485545868108
24,7,5,350,Elitist,393.55613309116256
24,7,6,350,Elitist,378.3767018329752
24,7,7,350,Elitist,431.98414932353813
24,7,8,350,Elitist,490.4469887982316
24,7,9,350,Elitist,437.3915812325739
24,7,10,350,Elitist,414.70091115737
24,7,11,350,Elitist,428.80382333341015
24,7,12,350,Elitist,378.87066641401515
24,7,13,350,Elitist,406.8980224542924
24,7,14,350,Elitist,375.84245960199667
24,7,15,350,Elitist,370.72872630143485
24,7,16,350,Elitist,393.74037630798495
24,7,17,350,Elitist,418.45625676192236
24,7,18,350,Elitist,430.01418944220245
24,7,19,350,Elitist,411.10379356837905
