fid,iid,rep,a1_budget,algname,achieved_regret
1,1,0,350,MLSL,46.0399235171423
1,1,1,350,MLSL,37.61593164869204
1,1,2,350,MLSL,45.519644303327425
1,1,3,350,MLSL,35.79862336651034
1,1,4,350,MLSL,25.004772966302056
1,1,5,350,MLSL,29.751555983289748
1,1,6,350,MLSL,30.517303696848842
1,1,7,350,MLSL,29.884130952180456
1,1,8,350,MLSL,42.41262913932904
1,1,9,350,MLSL,53.488862367361506
1,1,10,350,MLSL,38.77729482159397
1,1,11,350,MLSL,18.66145310863442
1,1,12,350,MLSL,24.04289607006713
1,1,13,350,MLSL,41.30501026669201
1,1,14,350,MLSL,40.51673683550071
1,1,15,350,MLSL,30.558093920795855
1,1,16,350,MLSL,50.03713742344793
1,1,17,350,MLSL,28.099698532029933
1,1,18,350,MLSL,35.08513500846756
1,1,19,350,MLSL,29.925280090451125
1,2,0,350,MLSL,41.34898133230217
1,2,1,350,MLSL,28.523696892563407
1,2,2,350,MLSL,36.49660816291254
1,2,3,350,MLSL,49.95486808344231
1,2,4,350,MLSL,30.926939850158533
1,2,5,350,MLSL,49.273313019074465
1,2,6,350,MLSL,40.68436421293336
1,2,7,350,MLSL,27.81849259347058
1,2,8,350,MLSL,40.88196643412738
1,2,9,350,MLSL,35.1232193191812
1,2,10,350,MLSL,41.58487795863243
1,2,11,350,MLSL,39.76341962328621
1,2,12,350,MLSL,38.46815412611829
1,2,13,350,MLSL,42.8604535378156
1,2,14,350,MLSL,33.003689489312194
1,2,15,350,MLSL,27.09800266939635
1,2,16,350,MLSL,35.011564934217176
1,2,17,350,MLSL,44.82348231230429
1,2,18,350,MLSL,35.62764724345095
1,2,19,350,MLSL,31.80021832680393
1,3,0,350,MLSL,28.24013340538363
1,3,1,350,MLSL,29.70210489962588
1,3,2,350,MLSL,43.86605099128502
1,3,3,350,MLSL,44.30210792191406
1,3,4,350,MLSL,37.08580902375485
1,3,5,350,MLSL,42.48810803151545
1,3,6,350,MLSL,37.19869391903285
1,3,7,350,MLSL,36.52586542644087
1,3,8,350,MLSL,31.623756444580124
1,3,9,350,MLSL,38.01592592548275
1,3,10,350,MLSL,38.15722962143249
1,3,11,350,MLSL,39.644340842812824
1,3,12,350,MLSL,28.53456626683831
1,3,13,350,MLSL,45.04736662207483
1,3,14,350,MLSL,23.87125477146526
1,3,15,350,MLSL,27.99745644539729
1,3,16,350,MLSL,28.350821479239045
1,3,17,350,MLSL,33.36683436421055
1,3,18,350,MLSL,52.03216461236005
1,3,19,350,MLSL,34.358867521596096
1,4,0,350,MLSL,42.5674495638754
1,4,1,350,MLSL,31.115926506457924
1,4,2,350,MLSL,44.53540446176538
1,4,3,350,MLSL,36.88538869957354
1,4,4,350,MLSL,29.542913046429902
1,4,5,350,MLSL,34.041770858149704
1,4,6,350,MLSL,32.9999638288827
1,4,7,350,MLSL,40.43922004515571
1,4,8,350,MLSL,37.56307524199816
1,4,9,350,MLSL,31.83574949358993
1,4,10,350,MLSL,36.00822429722339
1,4,11,350,MLSL,36.5364516213365
1,4,12,350,MLSL,35.08533666982265
1,4,13,350,MLSL,33.21225159164317
1,4,14,350,MLSL,40.84546642009967
1,4,15,350,MLSL,29.98981160859674
1,4,16,350,MLSL,38.488630255503665
1,4,17,350,MLSL,32.66843044590237
1,4,18,350,MLSL,33.97453858167948
1,4,19,350,MLSL,42.66369666218303
1,5,0,350,MLSL,36.32945961834891
1,5,1,350,MLSL,28.699377270048497
1,5,2,350,MLSL,37.45633042162617
1,5,3,350,MLSL,31.366058836229836
1,5,4,350,MLSL,32.94246489507742
1,5,5,350,MLSL,32.31624329819882
1,5,6,350,MLSL,36.20213721242071
1,5,7,350,MLSL,24.95673327366512
1,5,8,350,MLSL,37.05034771840503
1,5,9,350,MLSL,34.51788813900016
1,5,10,350,MLSL,37.233916660688706
1,5,11,350,MLSL,36.114772848048894
1,5,12,350,MLSL,37.42456973979581
1,5,13,350,MLSL,21.798221828439857
1,5,14,350,MLSL,30.93743957968778
1,5,15,350,MLSL,22.81809590995911
1,5,16,350,MLSL,36.27667360128749
1,5,17,350,MLSL,40.25552279744625
1,5,18,350,MLSL,40.02928055346976
1,5,19,350,MLSL,32.311822429491464
1,6,0,350,MLSL,45.20219506125517
1,6,1,350,MLSL,35.138167163201274
1,6,2,350,MLSL,25.450987172343076
1,6,3,350,MLSL,38.26126381508024
1,6,4,350,MLSL,30.01644501423911
1,6,5,350,MLSL,28.66902966264138
1,6,6,350,MLSL,41.57868900364457
1,6,7,350,MLSL,36.907949132515995
1,6,8,350,MLSL,32.68867501783424
1,6,9,350,MLSL,32.70722323114552
1,6,10,350,MLSL,28.350129616663338
1,6,11,350,MLSL,41.01843264647849
1,6,12,350,MLSL,31.202691600244975
1,6,13,350,MLSL,37.92692533193869
1,6,14,350,MLSL,40.792845302773316
1,6,15,350,MLSL,33.90604223627048
1,6,16,350,MLSL,44.038815097119254
1,6,17,350,MLSL,39.753755474488855
1,6,18,350,MLSL,37.36036647568747
1,6,19,350,MLSL,35.11052197097672
1,7,0,350,MLSL,35.08399729036614
1,7,1,350,MLSL,50.91439868807447
1,7,2,350,MLSL,38.873834453918334
1,7,3,350,MLSL,44.70325596101452
1,7,4,350,MLSL,39.09224718547375
1,7,5,350,MLSL,37.38246526369687
1,7,6,350,MLSL,33.98928427006467
1,7,7,350,MLSL,30.385680360687275
1,7,8,350,MLSL,39.40818612016869
1,7,9,350,MLSL,37.413974419489364
1,7,10,350,MLSL,30.90518934137515
1,7,11,350,MLSL,45.59656131744384
1,7,12,350,MLSL,30.456985940054096
1,7,13,350,MLSL,52.29105464714951
1,7,14,350,MLSL,23.549067508674852
1,7,15,350,MLSL,37.41137639059173
1,7,16,350,MLSL,24.844539221419723
1,7,17,350,MLSL,43.021870815246984
1,7,18,350,MLSL,34.34644773618743
1,7,19,350,MLSL,26.893596263482436
2,1,0,350,MLSL,1600795.6658976274
2,1,1,350,MLSL,1294969.043097248
2,1,2,350,MLSL,1149378.4464815254
2,1,3,350,MLSL,1364849.599640068
2,1,4,350,MLSL,2680674.355246993
2,1,5,350,MLSL,1632082.4350753871
2,1,6,350,MLSL,2113194.654907307
2,1,7,350,MLSL,2277828.291674992
2,1,8,350,MLSL,777691.8023304122
2,1,9,350,MLSL,1740805.846970883
2,1,10,350,MLSL,1543917.145304352
2,1,11,350,MLSL,1593718.8036838588
2,1,12,350,MLSL,1475667.8865312736
2,1,13,350,MLSL,1106000.8771113046
2,1,14,350,MLSL,2479140.693027829
2,1,15,350,MLSL,1519072.3033375537
2,1,16,350,MLSL,1170244.3872346012
2,1,17,350,MLSL,1912478.0659573753
2,1,18,350,MLSL,1180799.6766154356
2,1,19,350,MLSL,1469191.4257295933
2,2,0,350,MLSL,1400193.4645097975
2,2,1,350,MLSL,1220102.3684881288
2,2,2,350,MLSL,962562.0031727494
2,2,3,350,MLSL,1645777.9841956978
2,2,4,350,MLSL,1864037.438933901
2,2,5,350,MLSL,1701909.7761037017
2,2,6,350,MLSL,1429356.49578722
2,2,7,350,MLSL,887630.7582627684
2,2,8,350,MLSL,1323800.6623699518
2,2,9,350,MLSL,964347.3220633346
2,2,10,350,MLSL,1242434.441617167
2,2,11,350,MLSL,1623416.520618425
2,2,12,350,MLSL,2178831.1280699964
2,2,13,350,MLSL,1700453.5323436607
2,2,14,350,MLSL,1518755.8137531774
2,2,15,350,MLSL,1936356.698350445
2,2,16,350,MLSL,1921877.9377702514
2,2,17,350,MLSL,1139548.9081175164
2,2,18,350,MLSL,1624602.7909554192
2,2,19,350,MLSL,1712665.5366481456
2,3,0,350,MLSL,1146965.8941940453
2,3,1,350,MLSL,1102501.4728677191
2,3,2,350,MLSL,1535825.8683429677
2,3,3,350,MLSL,1482743.5484907802
2,3,4,350,MLSL,1749181.960790391
2,3,5,350,MLSL,1765022.107628621
2,3,6,350,MLSL,2494689.5570701
2,3,7,350,MLSL,1680535.124080215
2,3,8,350,MLSL,845508.1181996682
2,3,9,350,MLSL,1439922.8964135265
2,3,10,350,MLSL,1460344.9879613656
2,3,11,350,MLSL,1577974.5855569132
2,3,12,350,MLSL,1373089.3244279115
2,3,13,350,MLSL,1544777.7443743686
2,3,14,350,MLSL,2010660.172524123
2,3,15,350,MLSL,1506600.4113174083
2,3,16,350,MLSL,2424055.669553211
2,3,17,350,MLSL,1740004.1300814287
2,3,18,350,MLSL,1095550.4955270332
2,3,19,350,MLSL,1324198.926558711
2,4,0,350,MLSL,1552385.1543252368
2,4,1,350,MLSL,1324868.4460845678
2,4,2,350,MLSL,1671639.826682367
2,4,3,350,MLSL,798698.7470913213
2,4,4,350,MLSL,2397230.131651258
2,4,5,350,MLSL,2034031.6993110674
2,4,6,350,MLSL,1493785.6996503822
2,4,7,350,MLSL,1439492.4304396384
2,4,8,350,MLSL,1860000.605738559
2,4,9,350,MLSL,1962511.8866496403
2,4,10,350,MLSL,1505876.8125525946
2,4,11,350,MLSL,1144838.732656238
2,4,12,350,MLSL,1530449.121329941
2,4,13,350,MLSL,1595763.0271563742
2,4,14,350,MLSL,1452624.761178774
2,4,15,350,MLSL,2186388.0461130943
2,4,16,350,MLSL,1425334.9256553734
2,4,17,350,MLSL,1616676.4430693532
2,4,18,350,MLSL,1711194.0279979622
2,4,19,350,MLSL,1858664.993985179
2,5,0,350,MLSL,1229310.3019255793
2,5,1,350,MLSL,1614882.5476035818
2,5,2,350,MLSL,2743161.973076594
2,5,3,350,MLSL,1652209.083273896
2,5,4,350,MLSL,1587554.7676309724
2,5,5,350,MLSL,1293659.9027241217
2,5,6,350,MLSL,1001525.2166985914
2,5,7,350,MLSL,1430966.9763967888
2,5,8,350,MLSL,1753084.30030268
2,5,9,350,MLSL,821496.8777999723
2,5,10,350,MLSL,1076412.2004321993
2,5,11,350,MLSL,1745611.8711084323
2,5,12,350,MLSL,2270017.667881978
2,5,13,350,MLSL,2228402.5835884116
2,5,14,350,MLSL,1502290.3043704843
2,5,15,350,MLSL,1000454.7513317302
2,5,16,350,MLSL,1622409.999549337
2,5,17,350,MLSL,2021749.1592042174
2,5,18,350,MLSL,1787799.306705233
2,5,19,350,MLSL,1658509.6729722065
2,6,0,350,MLSL,1597463.3264880553
2,6,1,350,MLSL,1526814.5292955798
2,6,2,350,MLSL,1659167.5246730943
2,6,3,350,MLSL,1963399.0064923358
2,6,4,350,MLSL,1112434.8135795845
2,6,5,350,MLSL,2143190.664565338
2,6,6,350,MLSL,1560180.4851822543
2,6,7,350,MLSL,1161571.4936619713
2,6,8,350,MLSL,1509828.6692734477
2,6,9,350,MLSL,1425633.2982502717
2,6,10,350,MLSL,1936109.7823074108
2,6,11,350,MLSL,1236691.680789401
2,6,12,350,MLSL,1001569.0071344017
2,6,13,350,MLSL,1003205.9563352059
2,6,14,350,MLSL,1696363.8986883743
2,6,15,350,MLSL,2319798.6740368204
2,6,16,350,MLSL,1391212.9162496093
2,6,17,350,MLSL,2465083.418030298
2,6,18,350,MLSL,1665153.5906715435
2,6,19,350,MLSL,2010321.927958762
2,7,0,350,MLSL,1153282.8072040784
2,7,1,350,MLSL,1494691.017398367
2,7,2,350,MLSL,1356531.1858405413
2,7,3,350,MLSL,997587.4246912688
2,7,4,350,MLSL,1292332.2584179493
2,7,5,350,MLSL,1974448.1723971898
2,7,6,350,MLSL,1234346.7034994457
2,7,7,350,MLSL,1960799.0245129194
2,7,8,350,MLSL,1410291.3439815352
2,7,9,350,MLSL,2290254.1543096644
2,7,10,350,MLSL,1210687.0550080447
2,7,11,350,MLSL,1175436.2182516076
2,7,12,350,MLSL,1546687.3112391306
2,7,13,350,MLSL,971969.2133943592
2,7,14,350,MLSL,1356806.4910556963
2,7,15,350,MLSL,1920128.2172234603
2,7,16,350,MLSL,1998705.887968298
2,7,17,350,MLSL,1598399.0769119114
2,7,18,350,MLSL,1372179.7796081395
2,7,19,350,MLSL,1382483.9643718817
3,1,0,350,MLSL,532.9903176480138
3,1,1,350,MLSL,678.5712057424041
3,1,2,350,MLSL,546.8579497285941
3,1,3,350,MLSL,609.3983296805234
3,1,4,350,MLSL,542.4916660780974
3,1,5,350,MLSL,526.7804181091765
3,1,6,350,MLSL,523.821377291777
3,1,7,350,MLSL,570.3837970668899
3,1,8,350,MLSL,607.4357841261046
3,1,9,350,MLSL,600.3943633457097
3,1,10,350,MLSL,493.97637138099014
3,1,11,350,MLSL,571.8790015660929
3,1,12,350,MLSL,541.5787356026512
3,1,13,350,MLSL,654.4291668189855
3,1,14,350,MLSL,451.4392409938831
3,1,15,350,MLSL,622.5273846434418
3,1,16,350,MLSL,554.0655203520641
3,1,17,350,MLSL,641.1340237718272
3,1,18,350,MLSL,548.1859376993774
3,1,19,350,MLSL,563.0872208089736
3,2,0,350,MLSL,616.2569367712997
3,2,1,350,MLSL,675.7488786492219
3,2,2,350,MLSL,572.0692030612938
3,2,3,350,MLSL,640.7333502217392
3,2,4,350,MLSL,543.3414443869508
3,2,5,350,MLSL,545.0170935496055
3,2,6,350,MLSL,639.4559147921788
3,2,7,350,MLSL,576.6115105469261
3,2,8,350,MLSL,620.8339196038356
3,2,9,350,MLSL,548.4404488240265
3,2,10,350,MLSL,591.0978193265788
3,2,11,350,MLSL,553.8707021016601
3,2,12,350,MLSL,586.8534024033263
3,2,13,350,MLSL,513.8725269815081
3,2,14,350,MLSL,565.562298767333
3,2,15,350,MLSL,599.6686466600411
3,2,16,350,MLSL,649.4944541711814
3,2,17,350,MLSL,671.2031554305679
3,2,18,350,MLSL,619.9214204780233
3,2,19,350,MLSL,523.1354807367663
3,3,0,350,MLSL,570.0538371358025
3,3,1,350,MLSL,678.7407447399612
3,3,2,350,MLSL,542.2107989081953
3,3,3,350,MLSL,471.3850034913333
3,3,4,350,MLSL,588.8564272132817
3,3,5,350,MLSL,701.3597087383091
3,3,6,350,MLSL,579.9007603928248
3,3,7,350,MLSL,639.1178134273252
3,3,8,350,MLSL,645.961933056095
3,3,9,350,MLSL,636.1096581787231
3,3,10,350,MLSL,695.6930567025131
3,3,11,350,MLSL,582.0415558270481
3,3,12,350,MLSL,614.4026967067668
3,3,13,350,MLSL,573.9594580122782
3,3,14,350,MLSL,566.4518990452186
3,3,15,350,MLSL,603.1769867874962
3,3,16,350,MLSL,636.6001228392811
3,3,17,350,MLSL,624.6279794987354
3,3,18,350,MLSL,556.6274439617785
3,3,19,350,MLSL,567.4892819547842
3,4,0,350,MLSL,549.2696882108146
3,4,1,350,MLSL,604.8060444196215
3,4,2,350,MLSL,613.2847498682671
3,4,3,350,MLSL,584.2905123889254
3,4,4,350,MLSL,511.01760486886326
3,4,5,350,MLSL,562.4113600935275
3,4,6,350,MLSL,534.6368754423816
3,4,7,350,MLSL,556.4716132295164
3,4,8,350,MLSL,590.6883876580076
3,4,9,350,MLSL,501.29616871854273
3,4,10,350,MLSL,652.2958587238013
3,4,11,350,MLSL,510.4229944532118
3,4,12,350,MLSL,551.6122082888833
3,4,13,350,MLSL,485.0404523686302
3,4,14,350,MLSL,548.4752461885817
3,4,15,350,MLSL,636.9664736067933
3,4,16,350,MLSL,562.3469617357118
3,4,17,350,MLSL,644.042308016295
3,4,18,350,MLSL,612.3048232814745
3,4,19,350,MLSL,591.6830964009555
3,5,0,350,MLSL,493.006456509398
3,5,1,350,MLSL,563.0747548521265
3,5,2,350,MLSL,608.7865857968418
3,5,3,350,MLSL,664.7202297631343
3,5,4,350,MLSL,514.7221359879504
3,5,5,350,MLSL,669.8693527337118
3,5,6,350,MLSL,587.7103356137925
3,5,7,350,MLSL,605.6335329015624
3,5,8,350,MLSL,583.5532838804054
3,5,9,350,MLSL,546.3012776344281
3,5,10,350,MLSL,671.3403643983645
3,5,11,350,MLSL,645.9123970687208
3,5,12,350,MLSL,598.5725796563602
3,5,13,350,MLSL,543.4177785238799
3,5,14,350,MLSL,642.8821042337686
3,5,15,350,MLSL,611.4900463389793
3,5,16,350,MLSL,605.2309843897222
3,5,17,350,MLSL,690.0627880050051
3,5,18,350,MLSL,596.7751860302367
3,5,19,350,MLSL,593.6880053867437
3,6,0,350,MLSL,630.8730740979715
3,6,1,350,MLSL,577.2027432377142
3,6,2,350,MLSL,537.0150203640427
3,6,3,350,MLSL,616.0007299996239
3,6,4,350,MLSL,564.2893318892253
3,6,5,350,MLSL,707.5205846850696
3,6,6,350,MLSL,671.9846769896851
3,6,7,350,MLSL,582.7968356184083
3,6,8,350,MLSL,510.9946929045677
3,6,9,350,MLSL,587.0129807207859
3,6,10,350,MLSL,615.2301212712564
3,6,11,350,MLSL,505.7848756673176
3,6,12,350,MLSL,568.2889462341045
3,6,13,350,MLSL,545.8329216554743
3,6,14,350,MLSL,603.7875160300673
3,6,15,350,MLSL,563.4161422605808
3,6,16,350,MLSL,532.9625347742445
3,6,17,350,MLSL,584.6775943260224
3,6,18,350,MLSL,547.5503850790678
3,6,19,350,MLSL,560.7872385399028
3,7,0,350,MLSL,490.3539334879225
3,7,1,350,MLSL,562.1790781203757
3,7,2,350,MLSL,561.3615640058351
3,7,3,350,MLSL,595.34799319488
3,7,4,350,MLSL,560.3146143724769
3,7,5,350,MLSL,593.9090872463994
3,7,6,350,MLSL,507.4193618908646
3,7,7,350,MLSL,489.54827689355335
3,7,8,350,MLSL,584.5766630269501
3,7,9,350,MLSL,558.0661238964415
3,7,10,350,MLSL,567.8909950848097
3,7,11,350,MLSL,544.2570113411599
3,7,12,350,MLSL,485.02898939928536
3,7,13,350,MLSL,551.6612629173743
3,7,14,350,MLSL,594.7062713009855
3,7,15,350,MLSL,559.0457138694771
3,7,16,350,MLSL,535.921660627175
3,7,17,350,MLSL,582.1423979608774
3,7,18,350,MLSL,528.862383674509
3,7,19,350,MLSL,578.6481623028367
4,1,0,350,MLSL,915.2843320988973
4,1,1,350,MLSL,865.8652226397085
4,1,2,350,MLSL,824.8765383798884
4,1,3,350,MLSL,943.3818908882979
4,1,4,350,MLSL,1012.4430710934075
4,1,5,350,MLSL,826.7441219241721
4,1,6,350,MLSL,836.9053075977829
4,1,7,350,MLSL,894.4904340452347
4,1,8,350,MLSL,841.7873400291281
4,1,9,350,MLSL,985.6372936909822
4,1,10,350,MLSL,717.6837221062472
4,1,11,350,MLSL,882.6943451271019
4,1,12,350,MLSL,861.995990127989
4,1,13,350,MLSL,776.7120463300068
4,1,14,350,MLSL,1036.4839201129366
4,1,15,350,MLSL,752.7476144698273
4,1,16,350,MLSL,971.1631814689035
4,1,17,350,MLSL,845.6602023607591
4,1,18,350,MLSL,821.011671882708
4,1,19,350,MLSL,923.9515581947751
4,2,0,350,MLSL,935.0962602593866
4,2,1,350,MLSL,956.1766744593011
4,2,2,350,MLSL,808.1992750620193
4,2,3,350,MLSL,1125.6523829789062
4,2,4,350,MLSL,779.8652744061264
4,2,5,350,MLSL,933.7837208300687
4,2,6,350,MLSL,914.8179185901263
4,2,7,350,MLSL,680.7353966476269
4,2,8,350,MLSL,950.5010230071149
4,2,9,350,MLSL,845.9253905577199
4,2,10,350,MLSL,899.0486575310658
4,2,11,350,MLSL,888.359212455626
4,2,12,350,MLSL,697.2944720233511
4,2,13,350,MLSL,934.5651174149122
4,2,14,350,MLSL,908.8913117531813
4,2,15,350,MLSL,992.6622919649586
4,2,16,350,MLSL,783.8445556738473
4,2,17,350,MLSL,1092.7109983861055
4,2,18,350,MLSL,723.7339472220012
4,2,19,350,MLSL,1107.8228752571586
4,3,0,350,MLSL,825.710016074602
4,3,1,350,MLSL,753.70744598182
4,3,2,350,MLSL,883.4229162337358
4,3,3,350,MLSL,734.9291975470624
4,3,4,350,MLSL,927.9845061088217
4,3,5,350,MLSL,871.6448550934003
4,3,6,350,MLSL,990.3278968716343
4,3,7,350,MLSL,932.2656444409577
4,3,8,350,MLSL,938.5659529344975
4,3,9,350,MLSL,963.5729983867934
4,3,10,350,MLSL,828.1730688386401
4,3,11,350,MLSL,1001.9271239665968
4,3,12,350,MLSL,905.583539964096
4,3,13,350,MLSL,997.7586924691323
4,3,14,350,MLSL,869.9229083777068
4,3,15,350,MLSL,953.5975272345129
4,3,16,350,MLSL,855.9419847284751
4,3,17,350,MLSL,842.0226598495838
4,3,18,350,MLSL,897.0006141813233
4,3,19,350,MLSL,882.4833251761274
4,4,0,350,MLSL,735.9820492464953
4,4,1,350,MLSL,825.7711592694473
4,4,2,350,MLSL,919.3775496441002
4,4,3,350,MLSL,941.7810289932147
4,4,4,350,MLSL,758.9473326584593
4,4,5,350,MLSL,974.4738522941589
4,4,6,350,MLSL,793.4336274410543
4,4,7,350,MLSL,849.6661788623013
4,4,8,350,MLSL,713.6013547737401
4,4,9,350,MLSL,872.6344668719565
4,4,10,350,MLSL,902.6051752295705
4,4,11,350,MLSL,876.5247073654214
4,4,12,350,MLSL,820.3298534822065
4,4,13,350,MLSL,881.7975696058347
4,4,14,350,MLSL,873.5777574171591
4,4,15,350,MLSL,852.6672552723389
4,4,16,350,MLSL,1150.4208421622643
4,4,17,350,MLSL,980.3737581848852
4,4,18,350,MLSL,817.4333981976118
4,4,19,350,MLSL,811.9458110923761
4,5,0,350,MLSL,724.7403391452915
4,5,1,350,MLSL,948.8630036714035
4,5,2,350,MLSL,856.5951072844023
4,5,3,350,MLSL,832.6909016862141
4,5,4,350,MLSL,889.5387588527813
4,5,5,350,MLSL,870.5249074074852
4,5,6,350,MLSL,1021.2889544902926
4,5,7,350,MLSL,820.3358083574149
4,5,8,350,MLSL,942.4167648822192
4,5,9,350,MLSL,933.5975177036023
4,5,10,350,MLSL,917.1695404008917
4,5,11,350,MLSL,964.5817256311157
4,5,12,350,MLSL,838.1852704773332
4,5,13,350,MLSL,837.2970564732327
4,5,14,350,MLSL,1048.142225391944
4,5,15,350,MLSL,900.6977989240513
4,5,16,350,MLSL,758.6314342753526
4,5,17,350,MLSL,887.3028406409117
4,5,18,350,MLSL,836.6398434469313
4,5,19,350,MLSL,953.3009685662871
4,6,0,350,MLSL,1003.970504724791
4,6,1,350,MLSL,906.0544378567447
4,6,2,350,MLSL,884.144904298914
4,6,3,350,MLSL,710.8392919628391
4,6,4,350,MLSL,938.451296654943
4,6,5,350,MLSL,924.6874527422713
4,6,6,350,MLSL,927.8519536453435
4,6,7,350,MLSL,819.4886640978481
4,6,8,350,MLSL,846.1675170667834
4,6,9,350,MLSL,969.9766095005366
4,6,10,350,MLSL,910.589600202652
4,6,11,350,MLSL,897.5072400663078
4,6,12,350,MLSL,917.7047873326154
4,6,13,350,MLSL,979.285258735463
4,6,14,350,MLSL,1003.9597591908644
4,6,15,350,MLSL,785.6122458653415
4,6,16,350,MLSL,988.5437876333699
4,6,17,350,MLSL,900.5280977736832
4,6,18,350,MLSL,892.0676549429618
4,6,19,350,MLSL,988.0507807595677
4,7,0,350,MLSL,967.219521164273
4,7,1,350,MLSL,938.0135101432177
4,7,2,350,MLSL,719.7802990065227
4,7,3,350,MLSL,697.0670267241212
4,7,4,350,MLSL,898.3967513540824
4,7,5,350,MLSL,885.5289896516844
4,7,6,350,MLSL,887.7659886999433
4,7,7,350,MLSL,798.2544760079442
4,7,8,350,MLSL,772.6197816303521
4,7,9,350,MLSL,792.4183694432338
4,7,10,350,MLSL,893.6570887098518
4,7,11,350,MLSL,877.62871612511
4,7,12,350,MLSL,1036.9859980749666
4,7,13,350,MLSL,761.6290535631113
4,7,14,350,MLSL,754.684309400161
4,7,15,350,MLSL,938.2674034097057
4,7,16,350,MLSL,868.7267573964674
4,7,17,350,MLSL,915.6820222886143
4,7,18,350,MLSL,1012.6414702691791
4,7,19,350,MLSL,837.8374491152323
5,1,0,350,MLSL,173.1473768265585
5,1,1,350,MLSL,188.04611184038023
5,1,2,350,MLSL,194.32357662389197
5,1,3,350,MLSL,158.96978948104
5,1,4,350,MLSL,234.18997316512286
5,1,5,350,MLSL,155.39428761066438
5,1,6,350,MLSL,160.2782281681703
5,1,7,350,MLSL,169.5368295875728
5,1,8,350,MLSL,195.16077967479683
5,1,9,350,MLSL,207.43559273590532
5,1,10,350,MLSL,170.14406996726865
5,1,11,350,MLSL,202.46118125372226
5,1,12,350,MLSL,141.9692159626905
5,1,13,350,MLSL,124.10792081789165
5,1,14,350,MLSL,187.26764042352366
5,1,15,350,MLSL,192.74521683453136
5,1,16,350,MLSL,156.17389478417977
5,1,17,350,MLSL,195.48773804814041
5,1,18,350,MLSL,197.1145119419308
5,1,19,350,MLSL,204.95688838204438
5,2,0,350,MLSL,165.40063340430754
5,2,1,350,MLSL,230.1942936621699
5,2,2,350,MLSL,185.9072993830706
5,2,3,350,MLSL,202.19978712604234
5,2,4,350,MLSL,177.94311856108902
5,2,5,350,MLSL,180.60433574569265
5,2,6,350,MLSL,157.04504190674925
5,2,7,350,MLSL,143.90391480650783
5,2,8,350,MLSL,166.7153454345489
5,2,9,350,MLSL,198.26285857480127
5,2,10,350,MLSL,164.33371311628525
5,2,11,350,MLSL,152.4338380505808
5,2,12,350,MLSL,162.94146546950208
5,2,13,350,MLSL,219.53139320676223
5,2,14,350,MLSL,151.54668378308224
5,2,15,350,MLSL,218.03803426181366
5,2,16,350,MLSL,194.8081315272707
5,2,17,350,MLSL,185.64770956758707
5,2,18,350,MLSL,207.24454410489489
5,2,19,350,MLSL,200.54676255629226
5,3,0,350,MLSL,158.01320938677918
5,3,1,350,MLSL,228.59671219336985
5,3,2,350,MLSL,209.17353126372166
5,3,3,350,MLSL,230.73776556972797
5,3,4,350,MLSL,175.3156745458009
5,3,5,350,MLSL,180.22583906759905
5,3,6,350,MLSL,219.27501261037258
5,3,7,350,MLSL,197.89921935467208
5,3,8,350,MLSL,212.9021859261548
5,3,9,350,MLSL,230.77606228397332
5,3,10,350,MLSL,170.19087150418085
5,3,11,350,MLSL,164.25401363303325
5,3,12,350,MLSL,170.17320012502648
5,3,13,350,MLSL,195.64701878205233
5,3,14,350,MLSL,165.40154855814131
5,3,15,350,MLSL,206.62751871260429
5,3,16,350,MLSL,135.61203955495722
5,3,17,350,MLSL,193.83748547047543
5,3,18,350,MLSL,157.54582613605766
5,3,19,350,MLSL,179.65595267523008
5,4,0,350,MLSL,220.56367333913875
5,4,1,350,MLSL,180.6165155891391
5,4,2,350,MLSL,183.94721386791628
5,4,3,350,MLSL,204.03824429704025
5,4,4,350,MLSL,141.98012642722858
5,4,5,350,MLSL,180.29022376216824
5,4,6,350,MLSL,177.20766437267287
5,4,7,350,MLSL,160.35505116170373
5,4,8,350,MLSL,224.57038656008547
5,4,9,350,MLSL,154.64265405855838
5,4,10,350,MLSL,174.90632557429797
5,4,11,350,MLSL,194.76830273756138
5,4,12,350,MLSL,158.65159699350113
5,4,13,350,MLSL,231.66347768861863
5,4,14,350,MLSL,188.83462789987823
5,4,15,350,MLSL,195.50858573868447
5,4,16,350,MLSL,183.2949747230897
5,4,17,350,MLSL,198.67332511212328
5,4,18,350,MLSL,188.1614585764711
5,4,19,350,MLSL,179.7790010601276
5,5,0,350,MLSL,185.71593196248057
5,5,1,350,MLSL,208.41509780734907
5,5,2,350,MLSL,204.91124216257134
5,5,3,350,MLSL,133.88686478477388
5,5,4,350,MLSL,210.57901402344652
5,5,5,350,MLSL,210.4963719482069
5,5,6,350,MLSL,176.85060492155048
5,5,7,350,MLSL,149.60382098413118
5,5,8,350,MLSL,196.32884621477905
5,5,9,350,MLSL,235.47283869978082
5,5,10,350,MLSL,203.06237542731668
5,5,11,350,MLSL,187.21734084356393
5,5,12,350,MLSL,228.99436637499593
5,5,13,350,MLSL,173.4732535035862
5,5,14,350,MLSL,135.06188937603326
5,5,15,350,MLSL,201.64832034679728
5,5,16,350,MLSL,198.57760103122
5,5,17,350,MLSL,163.62811804552845
5,5,18,350,MLSL,167.59823521523577
5,5,19,350,MLSL,182.4036968951254
5,6,0,350,MLSL,208.97508632222218
5,6,1,350,MLSL,215.2694478731853
5,6,2,350,MLSL,158.860308477104
5,6,3,350,MLSL,265.6185873940817
5,6,4,350,MLSL,199.2188291069191
5,6,5,350,MLSL,181.11375279983764
5,6,6,350,MLSL,182.7004251241433
5,6,7,350,MLSL,204.82334562269932
5,6,8,350,MLSL,199.24108690626701
5,6,9,350,MLSL,152.77972017878233
5,6,10,350,MLSL,195.72374762360573
5,6,11,350,MLSL,197.11097134860552
5,6,12,350,MLSL,162.48907210509287
5,6,13,350,MLSL,156.29113078289834
5,6,14,350,MLSL,140.12676887418604
5,6,15,350,MLSL,163.53811606145376
5,6,16,350,MLSL,166.18417023271775
5,6,17,350,MLSL,212.95916689083003
5,6,18,350,MLSL,161.6422370989455
5,6,19,350,MLSL,172.74895737546575
5,7,0,350,MLSL,135.10906307094234
5,7,1,350,MLSL,217.93553863832477
5,7,2,350,MLSL,187.84419734330777
5,7,3,350,MLSL,195.30489692325636
5,7,4,350,MLSL,182.536237208123
5,7,5,350,MLSL,189.47031804455833
5,7,6,350,MLSL,161.63154115563864
5,7,7,350,MLSL,144.56479162284518
5,7,8,350,MLSL,161.04058992381795
5,7,9,350,MLSL,165.729407549562
5,7,10,350,MLSL,180.8299298320448
5,7,11,350,MLSL,208.7866735326811
5,7,12,350,MLSL,174.86584672008567
5,7,13,350,MLSL,252.47998009070736
5,7,14,350,MLSL,208.61566556150535
5,7,15,350,MLSL,176.81333247869188
5,7,16,350,MLSL,172.28803797779022
5,7,17,350,MLSL,188.25175779876906
5,7,18,350,MLSL,186.4523826314556
5,7,19,350,MLSL,214.22807976744917
6,1,0,350,MLSL,31526.79200255247
6,1,1,350,MLSL,48965.319960338886
6,1,2,350,MLSL,21294.527402374846
6,1,3,350,MLSL,2013.6157512865648
6,1,4,350,MLSL,35271.70617813646
6,1,5,350,MLSL,22061.132453524668
6,1,6,350,MLSL,16236.001866946493
6,1,7,350,MLSL,9881.385737754708
6,1,8,350,MLSL,6754.3942922542765
6,1,9,350,MLSL,5915.1941495077635
6,1,10,350,MLSL,3582.388678801706
6,1,11,350,MLSL,36884.44429697438
6,1,12,350,MLSL,16841.97100875153
6,1,13,350,MLSL,21946.813480342687
6,1,14,350,MLSL,1943.066371914294
6,1,15,350,MLSL,5566.412699686794
6,1,16,350,MLSL,8070.881294053987
6,1,17,350,MLSL,18409.039044767924
6,1,18,350,MLSL,6919.452719980583
6,1,19,350,MLSL,35020.384261477404
6,2,0,350,MLSL,6988.930429247733
6,2,1,350,MLSL,8227.411971846697
6,2,2,350,MLSL,8471.807737451752
6,2,3,350,MLSL,12526.739036981415
6,2,4,350,MLSL,713.6587605647928
6,2,5,350,MLSL,1451.3677264654143
6,2,6,350,MLSL,938.5888193806836
6,2,7,350,MLSL,9322.459632601765
6,2,8,350,MLSL,456.3821642194995
6,2,9,350,MLSL,5343.346302290915
6,2,10,350,MLSL,2059.707104513335
6,2,11,350,MLSL,1968.2304921469104
6,2,12,350,MLSL,2056.128891345774
6,2,13,350,MLSL,759.4485630714229
6,2,14,350,MLSL,756.6158735757874
6,2,15,350,MLSL,17279.31118730878
6,2,16,350,MLSL,8489.18227399129
6,2,17,350,MLSL,7403.611540785915
6,2,18,350,MLSL,5666.758158101622
6,2,19,350,MLSL,3703.603746465234
6,3,0,350,MLSL,5485.068460128478
6,3,1,350,MLSL,1242.8883466095367
6,3,2,350,MLSL,644.5544613672387
6,3,3,350,MLSL,1696.6963284057044
6,3,4,350,MLSL,6777.126211562243
6,3,5,350,MLSL,674.9493763251206
6,3,6,350,MLSL,3886.005087687789
6,3,7,350,MLSL,3433.7531007666407
6,3,8,350,MLSL,3438.355871221937
6,3,9,350,MLSL,657.1959125117639
6,3,10,350,MLSL,509.88461048778
6,3,11,350,MLSL,771.543275468717
6,3,12,350,MLSL,9965.579530577303
6,3,13,350,MLSL,1150.7222865887625
6,3,14,350,MLSL,1036.7182331764375
6,3,15,350,MLSL,633.2719898086291
6,3,16,350,MLSL,2012.2768099979778
6,3,17,350,MLSL,9124.95466978104
6,3,18,350,MLSL,2658.2812969365814
6,3,19,350,MLSL,5492.059785664921
6,4,0,350,MLSL,33151.46196287854
6,4,1,350,MLSL,14295.851153159194
6,4,2,350,MLSL,32182.9270035805
6,4,3,350,MLSL,33953.38207968439
6,4,4,350,MLSL,12112.295666976548
6,4,5,350,MLSL,9998.274455689767
6,4,6,350,MLSL,2165.3455503430037
6,4,7,350,MLSL,21651.623351472143
6,4,8,350,MLSL,13024.25948923967
6,4,9,350,MLSL,15235.56422894705
6,4,10,350,MLSL,48625.6991401333
6,4,11,350,MLSL,19342.655560408515
6,4,12,350,MLSL,11572.110685400294
6,4,13,350,MLSL,11742.311650967713
6,4,14,350,MLSL,18111.36757643079
6,4,15,350,MLSL,3611.1876375354364
6,4,16,350,MLSL,13326.238477176252
6,4,17,350,MLSL,33986.71165748746
6,4,18,350,MLSL,23455.5998128024
6,4,19,350,MLSL,25688.42237745589
6,5,0,350,MLSL,18396.6616606858
6,5,1,350,MLSL,15987.868392286597
6,5,2,350,MLSL,13124.846266989764
6,5,3,350,MLSL,26664.011021151015
6,5,4,350,MLSL,6912.784120409941
6,5,5,350,MLSL,5540.099644624789
6,5,6,350,MLSL,14575.985508215992
6,5,7,350,MLSL,724.4049698606888
6,5,8,350,MLSL,12997.97361492417
6,5,9,350,MLSL,24241.47804460569
6,5,10,350,MLSL,19388.8353361839
6,5,11,350,MLSL,18816.191264422574
6,5,12,350,MLSL,6762.581357760692
6,5,13,350,MLSL,21180.35100883263
6,5,14,350,MLSL,9116.287420795907
6,5,15,350,MLSL,1212.2195731664588
6,5,16,350,MLSL,2392.5524574787833
6,5,17,350,MLSL,17973.185479326723
6,5,18,350,MLSL,30148.263534104346
6,5,19,350,MLSL,10087.241078336823
6,6,0,350,MLSL,790.4432038749261
6,6,1,350,MLSL,705.2328848642693
6,6,2,350,MLSL,1447.5850995727665
6,6,3,350,MLSL,3308.121278051853
6,6,4,350,MLSL,460.3176647937932
6,6,5,350,MLSL,870.4732236791332
6,6,6,350,MLSL,12108.650042260493
6,6,7,350,MLSL,772.7462862451301
6,6,8,350,MLSL,11120.22599824411
6,6,9,350,MLSL,1087.8496467932423
6,6,10,350,MLSL,12293.490152514918
6,6,11,350,MLSL,789.0090477180598
6,6,12,350,MLSL,2390.323369110392
6,6,13,350,MLSL,850.3494792738114
6,6,14,350,MLSL,3000.4188508317916
6,6,15,350,MLSL,1144.6976817312745
6,6,16,350,MLSL,6250.074296923335
6,6,17,350,MLSL,2288.478585540259
6,6,18,350,MLSL,2092.4220924643755
6,6,19,350,MLSL,714.1496223296759
6,7,0,350,MLSL,22228.892564904887
6,7,1,350,MLSL,9527.02032936263
6,7,2,350,MLSL,19651.36308406097
6,7,3,350,MLSL,3605.6489924052867
6,7,4,350,MLSL,31028.11850640503
6,7,5,350,MLSL,3521.557987661774
6,7,6,350,MLSL,688.6468737364225
6,7,7,350,MLSL,410.80440800823953
6,7,8,350,MLSL,18624.978491250196
6,7,9,350,MLSL,3736.513219014781
6,7,10,350,MLSL,13086.661852746849
6,7,11,350,MLSL,3706.9512640797716
6,7,12,350,MLSL,1521.519646190861
6,7,13,350,MLSL,3309.946886302296
6,7,14,350,MLSL,11989.710528993974
6,7,15,350,MLSL,14156.783271109894
6,7,16,350,MLSL,3663.0902105901014
6,7,17,350,MLSL,2655.217479583816
6,7,18,350,MLSL,3431.6426571897746
6,7,19,350,MLSL,716.2531510436818
7,1,0,350,MLSL,366.8475275353336
7,1,1,350,MLSL,389.2883657423559
7,1,2,350,MLSL,399.7312136052533
7,1,3,350,MLSL,416.35258366424955
7,1,4,350,MLSL,323.78129205872494
7,1,5,350,MLSL,294.1166805972823
7,1,6,350,MLSL,424.0157643646207
7,1,7,350,MLSL,411.08795278191275
7,1,8,350,MLSL,290.4577189362714
7,1,9,350,MLSL,338.9983303538761
7,1,10,350,MLSL,441.99853841670625
7,1,11,350,MLSL,353.2734174816496
7,1,12,350,MLSL,274.5534537188978
7,1,13,350,MLSL,374.48936275783814
7,1,14,350,MLSL,247.89285263953656
7,1,15,350,MLSL,374.10486468334557
7,1,16,350,MLSL,287.8221975798267
7,1,17,350,MLSL,343.91616440308263
7,1,18,350,MLSL,229.2614125426066
7,1,19,350,MLSL,367.4992313976764
7,2,0,350,MLSL,308.16114892780894
7,2,1,350,MLSL,304.24453070845374
7,2,2,350,MLSL,454.9018964247881
7,2,3,350,MLSL,414.7872288295472
7,2,4,350,MLSL,374.72004087108405
7,2,5,350,MLSL,299.5140869068685
7,2,6,350,MLSL,396.5835867160483
7,2,7,350,MLSL,387.4251672240957
7,2,8,350,MLSL,317.0354369948319
7,2,9,350,MLSL,416.2201912481579
7,2,10,350,MLSL,318.67188856842887
7,2,11,350,MLSL,424.9447116878709
7,2,12,350,MLSL,353.87608446869393
7,2,13,350,MLSL,289.3449284966986
7,2,14,350,MLSL,400.69918345723363
7,2,15,350,MLSL,395.9603654313743
7,2,16,350,MLSL,332.2282305032781
7,2,17,350,MLSL,298.20917426511545
7,2,18,350,MLSL,349.1786119603666
7,2,19,350,MLSL,349.41748930344966
7,3,0,350,MLSL,369.06424068089996
7,3,1,350,MLSL,281.6430966029681
7,3,2,350,MLSL,356.8848332184421
7,3,3,350,MLSL,402.3493268639963
7,3,4,350,MLSL,222.14947580952318
7,3,5,350,MLSL,291.83568796414784
7,3,6,350,MLSL,305.48856169022145
7,3,7,350,MLSL,248.72252404003058
7,3,8,350,MLSL,286.64641059947513
7,3,9,350,MLSL,364.3132087680574
7,3,10,350,MLSL,376.6683916581159
7,3,11,350,MLSL,312.245719141414
7,3,12,350,MLSL,343.5796036933927
7,3,13,350,MLSL,348.9818456745502
7,3,14,350,MLSL,317.03520255512433
7,3,15,350,MLSL,387.08961782598976
7,3,16,350,MLSL,315.3630869009603
7,3,17,350,MLSL,300.99045843136213
7,3,18,350,MLSL,247.25758684860645
7,3,19,350,MLSL,235.842697046021
7,4,0,350,MLSL,435.8513066093736
7,4,1,350,MLSL,299.8117364431291
7,4,2,350,MLSL,345.4588208820806
7,4,3,350,MLSL,431.04646711318173
7,4,4,350,MLSL,318.2002270869678
7,4,5,350,MLSL,359.367637300303
7,4,6,350,MLSL,340.26128247363874
7,4,7,350,MLSL,370.96597085100586
7,4,8,350,MLSL,284.0201813135215
7,4,9,350,MLSL,380.9173060160101
7,4,10,350,MLSL,283.30414504937534
7,4,11,350,MLSL,368.4459083728771
7,4,12,350,MLSL,402.70102941862774
7,4,13,350,MLSL,275.30067574538674
7,4,14,350,MLSL,364.3689147438376
7,4,15,350,MLSL,321.58003593231297
7,4,16,350,MLSL,278.02041654392275
7,4,17,350,MLSL,282.18057871770617
7,4,18,350,MLSL,443.75282365130124
7,4,19,350,MLSL,379.14025403289406
7,5,0,350,MLSL,273.26363717816827
7,5,1,350,MLSL,310.49888986742405
7,5,2,350,MLSL,347.45194506040013
7,5,3,350,MLSL,384.0625717878263
7,5,4,350,MLSL,217.9421118418005
7,5,5,350,MLSL,331.6781394810808
7,5,6,350,MLSL,363.9357613809275
7,5,7,350,MLSL,287.42274637195425
7,5,8,350,MLSL,236.31701508018614
7,5,9,350,MLSL,216.12327982656763
7,5,10,350,MLSL,296.67657286438896
7,5,11,350,MLSL,312.85604372186714
7,5,12,350,MLSL,223.7196031730603
7,5,13,350,MLSL,303.86934504265264
7,5,14,350,MLSL,419.5447078825987
7,5,15,350,MLSL,294.41767815038787
7,5,16,350,MLSL,307.8489027338944
7,5,17,350,MLSL,245.69766629425902
7,5,18,350,MLSL,400.54176507519355
7,5,19,350,MLSL,333.59750188381014
7,6,0,350,MLSL,241.9287740359082
7,6,1,350,MLSL,252.79829730870358
7,6,2,350,MLSL,443.31947706108963
7,6,3,350,MLSL,327.4996783000081
7,6,4,350,MLSL,442.9725408249017
7,6,5,350,MLSL,392.70853754558584
7,6,6,350,MLSL,428.1750564870297
7,6,7,350,MLSL,296.0803221151595
7,6,8,350,MLSL,324.1404676626783
7,6,9,350,MLSL,418.21684724782244
7,6,10,350,MLSL,387.20234488844613
7,6,11,350,MLSL,366.6158246857158
7,6,12,350,MLSL,205.44005716290206
7,6,13,350,MLSL,331.5432471641217
7,6,14,350,MLSL,324.05770774176864
7,6,15,350,MLSL,393.2170738743502
7,6,16,350,MLSL,440.61952797543313
7,6,17,350,MLSL,445.202867383889
7,6,18,350,MLSL,296.16463728674427
7,6,19,350,MLSL,303.3714119979381
7,7,0,350,MLSL,415.8657563407358
7,7,1,350,MLSL,333.21568618467006
7,7,2,350,MLSL,304.4155988514849
7,7,3,350,MLSL,350.7369431901532
7,7,4,350,MLSL,415.977799823263
7,7,5,350,MLSL,333.39574421639026
7,7,6,350,MLSL,282.88608501395345
7,7,7,350,MLSL,223.60200343486162
7,7,8,350,MLSL,491.77267486472397
7,7,9,350,MLSL,337.9560416197603
7,7,10,350,MLSL,398.91788276589006
7,7,11,350,MLSL,259.2914434503228
7,7,12,350,MLSL,325.2996526745392
7,7,13,350,MLSL,302.8580608417613
7,7,14,350,MLSL,309.75697663201174
7,7,15,350,MLSL,290.46950123039363
7,7,16,350,MLSL,289.8095733288964
7,7,17,350,MLSL,571.0387070451824
7,7,18,350,MLSL,314.8381829213307
7,7,19,350,MLSL,346.5144609876043
8,1,0,350,MLSL,13599.776288918698
8,1,1,350,MLSL,15103.676050751717
8,1,2,350,MLSL,10605.099225724582
8,1,3,350,MLSL,11714.663548040782
8,1,4,350,MLSL,12224.685811971962
8,1,5,350,MLSL,19001.491555420434
8,1,6,350,MLSL,14100.97596966026
8,1,7,350,MLSL,7347.413758900162
8,1,8,350,MLSL,8121.250151118047
8,1,9,350,MLSL,9450.660210688311
8,1,10,350,MLSL,20000.89723269582
8,1,11,350,MLSL,18872.134374070083
8,1,12,350,MLSL,9252.666074048699
8,1,13,350,MLSL,8367.958266949634
8,1,14,350,MLSL,9599.800119668678
8,1,15,350,MLSL,17095.70227174976
8,1,16,350,MLSL,14376.06110000622
8,1,17,350,MLSL,26988.646294113216
8,1,18,350,MLSL,8946.698717843661
8,1,19,350,MLSL,13630.72848586436
8,2,0,350,MLSL,7768.053473757883
8,2,1,350,MLSL,7989.298201782054
8,2,2,350,MLSL,25027.7552148636
8,2,3,350,MLSL,12885.547028393717
8,2,4,350,MLSL,14201.303219828049
8,2,5,350,MLSL,17001.283551414163
8,2,6,350,MLSL,16116.14068446424
8,2,7,350,MLSL,10431.477393360668
8,2,8,350,MLSL,8901.363996955504
8,2,9,350,MLSL,9495.366524673831
8,2,10,350,MLSL,7898.704306128864
8,2,11,350,MLSL,11823.077665737452
8,2,12,350,MLSL,10567.85940155022
8,2,13,350,MLSL,7528.774728758294
8,2,14,350,MLSL,15434.745519864115
8,2,15,350,MLSL,14102.199660036567
8,2,16,350,MLSL,13688.495123025346
8,2,17,350,MLSL,12549.105059712927
8,2,18,350,MLSL,20800.913632076616
8,2,19,350,MLSL,11190.42762296363
8,3,0,350,MLSL,10031.023033062442
8,3,1,350,MLSL,18311.262014840147
8,3,2,350,MLSL,8413.396946416386
8,3,3,350,MLSL,11746.36088361471
8,3,4,350,MLSL,9121.019109438233
8,3,5,350,MLSL,14706.547979340043
8,3,6,350,MLSL,9706.326494873925
8,3,7,350,MLSL,10912.486693732864
8,3,8,350,MLSL,14422.545782824347
8,3,9,350,MLSL,14208.604232483778
8,3,10,350,MLSL,10003.06007814419
8,3,11,350,MLSL,12535.42274886199
8,3,12,350,MLSL,14048.141198972733
8,3,13,350,MLSL,12784.666087017731
8,3,14,350,MLSL,10658.369509013906
8,3,15,350,MLSL,16671.337044866188
8,3,16,350,MLSL,5623.571907272371
8,3,17,350,MLSL,10315.428959592015
8,3,18,350,MLSL,11548.001197624877
8,3,19,350,MLSL,18227.46572485317
8,4,0,350,MLSL,18141.100489189022
8,4,1,350,MLSL,9445.726525036536
8,4,2,350,MLSL,11150.038513569754
8,4,3,350,MLSL,10440.659046511943
8,4,4,350,MLSL,8672.795108168026
8,4,5,350,MLSL,7903.991070024479
8,4,6,350,MLSL,11089.867313005207
8,4,7,350,MLSL,12352.929228996914
8,4,8,350,MLSL,10031.889979250145
8,4,9,350,MLSL,8946.559948029966
8,4,10,350,MLSL,11639.483678219614
8,4,11,350,MLSL,16860.73050456832
8,4,12,350,MLSL,13788.969148045218
8,4,13,350,MLSL,11733.848270556437
8,4,14,350,MLSL,22675.62550395371
8,4,15,350,MLSL,17830.47890092074
8,4,16,350,MLSL,13136.693319961276
8,4,17,350,MLSL,19141.07054152273
8,4,18,350,MLSL,10613.42724702453
8,4,19,350,MLSL,14929.12993374434
8,5,0,350,MLSL,8462.333682810864
8,5,1,350,MLSL,8712.266770890268
8,5,2,350,MLSL,8581.703659926809
8,5,3,350,MLSL,10374.94954291792
8,5,4,350,MLSL,10927.004441272322
8,5,5,350,MLSL,8855.227096535087
8,5,6,350,MLSL,7159.919865863756
8,5,7,350,MLSL,5196.81340053777
8,5,8,350,MLSL,18399.263839663254
8,5,9,350,MLSL,12518.496251522605
8,5,10,350,MLSL,9186.52463076724
8,5,11,350,MLSL,11614.264559007323
8,5,12,350,MLSL,16933.948109267763
8,5,13,350,MLSL,16925.931497607155
8,5,14,350,MLSL,8627.526091381891
8,5,15,350,MLSL,8307.099600582615
8,5,16,350,MLSL,13832.2605738355
8,5,17,350,MLSL,10579.610639302045
8,5,18,350,MLSL,5682.138658812032
8,5,19,350,MLSL,12178.521791960487
8,6,0,350,MLSL,11699.778148909298
8,6,1,350,MLSL,21295.3906343774
8,6,2,350,MLSL,9163.050569079447
8,6,3,350,MLSL,17751.954610817615
8,6,4,350,MLSL,16898.609934079872
8,6,5,350,MLSL,10104.837673482543
8,6,6,350,MLSL,8752.413185805643
8,6,7,350,MLSL,9556.16754972176
8,6,8,350,MLSL,13478.590780224777
8,6,9,350,MLSL,12751.356172875416
8,6,10,350,MLSL,13721.999562673722
8,6,11,350,MLSL,8622.7427659341
8,6,12,350,MLSL,14861.73388635489
8,6,13,350,MLSL,11583.652022950597
8,6,14,350,MLSL,22959.081140781884
8,6,15,350,MLSL,12279.333604346788
8,6,16,350,MLSL,17238.44138112704
8,6,17,350,MLSL,22363.63977550662
8,6,18,350,MLSL,15156.692131631662
8,6,19,350,MLSL,13920.719955991251
8,7,0,350,MLSL,4683.449354990753
8,7,1,350,MLSL,5390.2783938215725
8,7,2,350,MLSL,8441.376061781437
8,7,3,350,MLSL,6954.281301250902
8,7,4,350,MLSL,10820.626275099341
8,7,5,350,MLSL,8507.063815573782
8,7,6,350,MLSL,8444.240896325004
8,7,7,350,MLSL,13960.249960390895
8,7,8,350,MLSL,15792.515605862829
8,7,9,350,MLSL,7043.012129268051
8,7,10,350,MLSL,13118.676749493623
8,7,11,350,MLSL,13134.065154162505
8,7,12,350,MLSL,8109.930744913581
8,7,13,350,MLSL,10240.530078488546
8,7,14,350,MLSL,9116.72197121494
8,7,15,350,MLSL,17913.242447645116
8,7,16,350,MLSL,14655.704829282386
8,7,17,350,MLSL,20636.026170649548
8,7,18,350,MLSL,19851.377356238085
8,7,19,350,MLSL,9189.952294902749
9,1,0,350,MLSL,4273.999392945178
9,1,1,350,MLSL,6628.29095174823
9,1,2,350,MLSL,6525.156015907896
9,1,3,350,MLSL,4001.696117285379
9,1,4,350,MLSL,9290.366488737474
9,1,5,350,MLSL,4820.558314645084
9,1,6,350,MLSL,7378.40265649303
9,1,7,350,MLSL,6774.403216770727
9,1,8,350,MLSL,5863.14460021475
9,1,9,350,MLSL,4569.914497055445
9,1,10,350,MLSL,4755.452863615582
9,1,11,350,MLSL,8227.273589725592
9,1,12,350,MLSL,3302.122667236094
9,1,13,350,MLSL,4625.304998866316
9,1,14,350,MLSL,10319.746084110278
9,1,15,350,MLSL,11989.893970122417
9,1,16,350,MLSL,6096.4197844282535
9,1,17,350,MLSL,6338.87807947716
9,1,18,350,MLSL,4432.37431028056
9,1,19,350,MLSL,11812.302103737466
9,2,0,350,MLSL,7876.941497169327
9,2,1,350,MLSL,7719.732802532354
9,2,2,350,MLSL,4490.142564861448
9,2,3,350,MLSL,4521.351714300574
9,2,4,350,MLSL,6877.562107606616
9,2,5,350,MLSL,4203.533819984113
9,2,6,350,MLSL,7505.354844283985
9,2,7,350,MLSL,8276.989926883718
9,2,8,350,MLSL,4200.615712360881
9,2,9,350,MLSL,4879.132363429132
9,2,10,350,MLSL,10509.633347492572
9,2,11,350,MLSL,3947.3733968876104
9,2,12,350,MLSL,3890.148066201677
9,2,13,350,MLSL,5724.0328448007185
9,2,14,350,MLSL,6192.032847156575
9,2,15,350,MLSL,10650.758628565825
9,2,16,350,MLSL,4483.887450327116
9,2,17,350,MLSL,17828.274944701603
9,2,18,350,MLSL,8097.654163753405
9,2,19,350,MLSL,3761.5523977879934
9,3,0,350,MLSL,9406.84592565895
9,3,1,350,MLSL,5557.319004957208
9,3,2,350,MLSL,5687.169690299546
9,3,3,350,MLSL,7178.46721070992
9,3,4,350,MLSL,4598.880535154764
9,3,5,350,MLSL,3774.8497117856928
9,3,6,350,MLSL,5833.341644327454
9,3,7,350,MLSL,6505.275135203599
9,3,8,350,MLSL,9785.587588484948
9,3,9,350,MLSL,4867.052469305982
9,3,10,350,MLSL,10490.986213457894
9,3,11,350,MLSL,7317.041519537162
9,3,12,350,MLSL,5472.589242041291
9,3,13,350,MLSL,9262.666600331779
9,3,14,350,MLSL,9058.024638654088
9,3,15,350,MLSL,6298.781114116599
9,3,16,350,MLSL,5224.157056573748
9,3,17,350,MLSL,9244.999842584655
9,3,18,350,MLSL,6867.3183233577065
9,3,19,350,MLSL,6475.195791711256
9,4,0,350,MLSL,13660.588326193563
9,4,1,350,MLSL,4389.352180399539
9,4,2,350,MLSL,8032.156645339486
9,4,3,350,MLSL,4784.023346853923
9,4,4,350,MLSL,5227.847163171156
9,4,5,350,MLSL,6555.015815968758
9,4,6,350,MLSL,2912.5121407341803
9,4,7,350,MLSL,3668.830559045734
9,4,8,350,MLSL,3871.2673183713346
9,4,9,350,MLSL,4287.871488038615
9,4,10,350,MLSL,5903.495675130288
9,4,11,350,MLSL,7865.229084163334
9,4,12,350,MLSL,9090.082406677608
9,4,13,350,MLSL,3664.7704871552532
9,4,14,350,MLSL,8913.555882866125
9,4,15,350,MLSL,8124.216035449868
9,4,16,350,MLSL,6485.262151762979
9,4,17,350,MLSL,5933.473617617448
9,4,18,350,MLSL,6107.111478747509
9,4,19,350,MLSL,5143.70490026085
9,5,0,350,MLSL,7830.135321082696
9,5,1,350,MLSL,6204.562367424724
9,5,2,350,MLSL,5453.679785431267
9,5,3,350,MLSL,7607.088760116514
9,5,4,350,MLSL,3463.737306579854
9,5,5,350,MLSL,5356.73051484504
9,5,6,350,MLSL,6192.3259275267965
9,5,7,350,MLSL,6947.558514122417
9,5,8,350,MLSL,6112.912161768288
9,5,9,350,MLSL,4744.681031121564
9,5,10,350,MLSL,7440.468896185015
9,5,11,350,MLSL,5722.124296524071
9,5,12,350,MLSL,3637.870141084082
9,5,13,350,MLSL,3588.4974375975225
9,5,14,350,MLSL,7505.671487361446
9,5,15,350,MLSL,6059.384451076003
9,5,16,350,MLSL,3578.3122225535317
9,5,17,350,MLSL,10934.91391859547
9,5,18,350,MLSL,7306.591054352066
9,5,19,350,MLSL,4344.51405469103
9,6,0,350,MLSL,11571.111587536974
9,6,1,350,MLSL,5530.117640847704
9,6,2,350,MLSL,7590.815726365212
9,6,3,350,MLSL,3630.2193862010195
9,6,4,350,MLSL,7953.015516344642
9,6,5,350,MLSL,3716.195846018082
9,6,6,350,MLSL,4371.413325921596
9,6,7,350,MLSL,5365.1906847168375
9,6,8,350,MLSL,5940.937364347753
9,6,9,350,MLSL,11295.985110607533
9,6,10,350,MLSL,6536.677714808216
9,6,11,350,MLSL,5868.760382057622
9,6,12,350,MLSL,3258.5818779163874
9,6,13,350,MLSL,3545.9887337076943
9,6,14,350,MLSL,6373.939293202916
9,6,15,350,MLSL,10179.201217078033
9,6,16,350,MLSL,8732.0022463373
9,6,17,350,MLSL,7556.523267193928
9,6,18,350,MLSL,7680.389412568699
9,6,19,350,MLSL,4202.224934046682
9,7,0,350,MLSL,3427.173102117807
9,7,1,350,MLSL,1902.9164645671215
9,7,2,350,MLSL,9887.89021621217
9,7,3,350,MLSL,4092.940943079396
9,7,4,350,MLSL,5345.561876358682
9,7,5,350,MLSL,12661.30196643065
9,7,6,350,MLSL,7088.790655719826
9,7,7,350,MLSL,7195.982074841089
9,7,8,350,MLSL,12694.681946954735
9,7,9,350,MLSL,4014.0572075771443
9,7,10,350,MLSL,12039.53076273896
9,7,11,350,MLSL,8170.40541137258
9,7,12,350,MLSL,5355.305562857014
9,7,13,350,MLSL,2946.722142925121
9,7,14,350,MLSL,8661.46681523602
9,7,15,350,MLSL,8466.419537520032
9,7,16,350,MLSL,5030.120675328325
9,7,17,350,MLSL,5518.460303907965
9,7,18,350,MLSL,8547.703770524493
9,7,19,350,MLSL,6068.817017183619
10,1,0,350,MLSL,1245243.0822326357
10,1,1,350,MLSL,1085144.7150264638
10,1,2,350,MLSL,1838631.7070282598
10,1,3,350,MLSL,1291055.1511044228
10,1,4,350,MLSL,1359707.3525116092
10,1,5,350,MLSL,998999.4568105794
10,1,6,350,MLSL,1494037.761360418
10,1,7,350,MLSL,1757091.1631598114
10,1,8,350,MLSL,1004289.4735499272
10,1,9,350,MLSL,1778666.1635443177
10,1,10,350,MLSL,1177491.9947523996
10,1,11,350,MLSL,1648484.0904014627
10,1,12,350,MLSL,1091804.4707685914
10,1,13,350,MLSL,916824.5356851544
10,1,14,350,MLSL,1542909.9992756234
10,1,15,350,MLSL,1203233.9193731113
10,1,16,350,MLSL,1542630.8331486227
10,1,17,350,MLSL,1239205.852439166
10,1,18,350,MLSL,1860861.987214659
10,1,19,350,MLSL,1449984.1042470501
10,2,0,350,MLSL,1561550.6622984924
10,2,1,350,MLSL,1646047.8149433048
10,2,2,350,MLSL,510578.4989955071
10,2,3,350,MLSL,1300564.8530877258
10,2,4,350,MLSL,1131798.6587959277
10,2,5,350,MLSL,1636478.0976275492
10,2,6,350,MLSL,1321343.388229244
10,2,7,350,MLSL,1204760.2528351748
10,2,8,350,MLSL,1388654.1833495346
10,2,9,350,MLSL,1507176.2345930906
10,2,10,350,MLSL,1552543.8196411883
10,2,11,350,MLSL,1147584.321060292
10,2,12,350,MLSL,2445035.750164856
10,2,13,350,MLSL,1093869.1610595337
10,2,14,350,MLSL,2115781.765530179
10,2,15,350,MLSL,1610865.9385831137
10,2,16,350,MLSL,2489964.2448539236
10,2,17,350,MLSL,1370574.7994749572
10,2,18,350,MLSL,1411031.602468564
10,2,19,350,MLSL,1320759.2626368443
10,3,0,350,MLSL,1316420.221242428
10,3,1,350,MLSL,2503546.149843496
10,3,2,350,MLSL,2785694.555554875
10,3,3,350,MLSL,1723190.307690088
10,3,4,350,MLSL,1503463.8762879572
10,3,5,350,MLSL,1581527.3563545314
10,3,6,350,MLSL,1934736.6754484717
10,3,7,350,MLSL,1385739.4031618375
10,3,8,350,MLSL,1328031.2543014388
10,3,9,350,MLSL,1247384.5280316763
10,3,10,350,MLSL,1813922.0684545548
10,3,11,350,MLSL,1574123.1397091174
10,3,12,350,MLSL,2510602.9279285925
10,3,13,350,MLSL,1323024.8866686649
10,3,14,350,MLSL,1872648.3057308246
10,3,15,350,MLSL,1412186.5650972396
10,3,16,350,MLSL,1041986.6065700289
10,3,17,350,MLSL,1526332.2821228006
10,3,18,350,MLSL,1126929.3694224504
10,3,19,350,MLSL,1788878.681895806
10,4,0,350,MLSL,1496822.4521490638
10,4,1,350,MLSL,1152462.3355765191
10,4,2,350,MLSL,1264493.0409035725
10,4,3,350,MLSL,1024651.6317210955
10,4,4,350,MLSL,1907804.053887672
10,4,5,350,MLSL,1635774.404880317
10,4,6,350,MLSL,1226004.1514107117
10,4,7,350,MLSL,2451581.3921034127
10,4,8,350,MLSL,1927483.5811088705
10,4,9,350,MLSL,1833374.7038127542
10,4,10,350,MLSL,1598127.0301229563
10,4,11,350,MLSL,1159574.6677735848
10,4,12,350,MLSL,2073630.9789700648
10,4,13,350,MLSL,1419002.9880265999
10,4,14,350,MLSL,1842778.13839717
10,4,15,350,MLSL,1132365.8107145191
10,4,16,350,MLSL,2117847.7189742373
10,4,17,350,MLSL,2186400.9074974377
10,4,18,350,MLSL,1400151.4842816715
10,4,19,350,MLSL,1370414.3853008263
10,5,0,350,MLSL,1049943.7962919942
10,5,1,350,MLSL,1742980.4249592668
10,5,2,350,MLSL,1016642.7308234695
10,5,3,350,MLSL,1916355.0905867384
10,5,4,350,MLSL,1210719.1835199145
10,5,5,350,MLSL,1334252.156375677
10,5,6,350,MLSL,2045882.146850347
10,5,7,350,MLSL,1017788.0846345819
10,5,8,350,MLSL,2146400.244011499
10,5,9,350,MLSL,991510.909909205
10,5,10,350,MLSL,2726370.893756923
10,5,11,350,MLSL,1396033.2517371944
10,5,12,350,MLSL,1334749.4955838632
10,5,13,350,MLSL,1998964.229583984
10,5,14,350,MLSL,1537675.6026510382
10,5,15,350,MLSL,1454687.7444917678
10,5,16,350,MLSL,1700623.1326032006
10,5,17,350,MLSL,1593533.281119685
10,5,18,350,MLSL,1463179.164194603
10,5,19,350,MLSL,1995651.9229437592
10,6,0,350,MLSL,1422776.2912587477
10,6,1,350,MLSL,1563663.402167121
10,6,2,350,MLSL,1310917.9680359126
10,6,3,350,MLSL,1341357.5556761958
10,6,4,350,MLSL,1613108.346651451
10,6,5,350,MLSL,2076671.1275296628
10,6,6,350,MLSL,1783030.5346215798
10,6,7,350,MLSL,1113156.51890087
10,6,8,350,MLSL,1563875.7034108713
10,6,9,350,MLSL,1984134.8259882238
10,6,10,350,MLSL,1086226.6505239473
10,6,11,350,MLSL,1512369.9053514441
10,6,12,350,MLSL,2196591.834047795
10,6,13,350,MLSL,1307947.9851143486
10,6,14,350,MLSL,1382167.945347498
10,6,15,350,MLSL,2203373.4316566996
10,6,16,350,MLSL,2058893.793211414
10,6,17,350,MLSL,1562393.5266056592
10,6,18,350,MLSL,1084241.1710712065
10,6,19,350,MLSL,2534335.8896087855
10,7,0,350,MLSL,1095744.031924807
10,7,1,350,MLSL,1579402.5419325032
10,7,2,350,MLSL,1327590.9146528065
10,7,3,350,MLSL,1607681.1571861517
10,7,4,350,MLSL,1651459.1339970212
10,7,5,350,MLSL,970010.5337794648
10,7,6,350,MLSL,2234650.626691063
10,7,7,350,MLSL,1461399.2517591214
10,7,8,350,MLSL,1406759.1357293872
10,7,9,350,MLSL,1197891.8123572415
10,7,10,350,MLSL,1713893.6450781547
10,7,11,350,MLSL,1977388.09262678
10,7,12,350,MLSL,1696630.8587835585
10,7,13,350,MLSL,1202357.432741622
10,7,14,350,MLSL,1874345.9636811865
10,7,15,350,MLSL,1302753.739909795
10,7,16,350,MLSL,1398325.4406204727
10,7,17,350,MLSL,1901071.7680426012
10,7,18,350,MLSL,1385418.4374860125
10,7,19,350,MLSL,1876694.1327439852
11,1,0,350,MLSL,448.8575346313876
11,1,1,350,MLSL,399.21237806818675
11,1,2,350,MLSL,424.7219955772493
11,1,3,350,MLSL,363.5586507006216
11,1,4,350,MLSL,523.0236337210539
11,1,5,350,MLSL,387.00793789175816
11,1,6,350,MLSL,433.759999663491
11,1,7,350,MLSL,448.7630420614014
11,1,8,350,MLSL,362.51225600795505
11,1,9,350,MLSL,400.04501621668646
11,1,10,350,MLSL,390.51761376900623
11,1,11,350,MLSL,346.265872682627
11,1,12,350,MLSL,501.42451138448234
11,1,13,350,MLSL,550.4590293894372
11,1,14,350,MLSL,320.5448348772028
11,1,15,350,MLSL,419.520859738071
11,1,16,350,MLSL,369.60455367230355
11,1,17,350,MLSL,411.19970512569137
11,1,18,350,MLSL,327.02090741798025
11,1,19,350,MLSL,355.15461888820204
11,2,0,350,MLSL,373.8731255310137
11,2,1,350,MLSL,410.0468081210079
11,2,2,350,MLSL,321.65110973020245
11,2,3,350,MLSL,394.1146681382276
11,2,4,350,MLSL,443.89566040153966
11,2,5,350,MLSL,375.57358332312816
11,2,6,350,MLSL,362.0272803919128
11,2,7,350,MLSL,464.05563170136026
11,2,8,350,MLSL,376.74306778373347
11,2,9,350,MLSL,391.2525368056674
11,2,10,350,MLSL,407.77270232748987
11,2,11,350,MLSL,529.0783307798183
11,2,12,350,MLSL,269.2557485384801
11,2,13,350,MLSL,454.1704809565995
11,2,14,350,MLSL,494.5899601471472
11,2,15,350,MLSL,544.2455637001719
11,2,16,350,MLSL,433.7918710929382
11,2,17,350,MLSL,531.0591481096435
11,2,18,350,MLSL,434.47575245757974
11,2,19,350,MLSL,514.2398236114412
11,3,0,350,MLSL,388.20599500040066
11,3,1,350,MLSL,364.48129873622867
11,3,2,350,MLSL,359.12115465918515
11,3,3,350,MLSL,386.6923884754334
11,3,4,350,MLSL,351.18464891532454
11,3,5,350,MLSL,510.33189077201934
11,3,6,350,MLSL,553.4570905433341
11,3,7,350,MLSL,458.57912406278507
11,3,8,350,MLSL,449.7171029246672
11,3,9,350,MLSL,443.66147022478737
11,3,10,350,MLSL,388.4850189259867
11,3,11,350,MLSL,385.24058182009907
11,3,12,350,MLSL,446.83155164130665
11,3,13,350,MLSL,347.95245349150923
11,3,14,350,MLSL,396.1980982657489
11,3,15,350,MLSL,343.222591360147
11,3,16,350,MLSL,380.2008463249509
11,3,17,350,MLSL,505.2878837751559
11,3,18,350,MLSL,493.45358247465487
11,3,19,350,MLSL,497.1183473235084
11,4,0,350,MLSL,473.04391165913023
11,4,1,350,MLSL,410.6144518010236
11,4,2,350,MLSL,502.28404829203726
11,4,3,350,MLSL,349.3370256614211
11,4,4,350,MLSL,412.56397541946797
11,4,5,350,MLSL,539.9469690982593
11,4,6,350,MLSL,408.72519989142813
11,4,7,350,MLSL,356.6662692998822
11,4,8,350,MLSL,398.1514613668804
11,4,9,350,MLSL,410.0529115669607
11,4,10,350,MLSL,392.9396804596503
11,4,11,350,MLSL,495.33789504673894
11,4,12,350,MLSL,437.39015427472475
11,4,13,350,MLSL,529.7459596933412
11,4,14,350,MLSL,495.1798710677382
11,4,15,350,MLSL,515.6728374087746
11,4,16,350,MLSL,380.97001011702525
11,4,17,350,MLSL,329.5517868742271
11,4,18,350,MLSL,487.743939286982
11,4,19,350,MLSL,466.0478405175294
11,5,0,350,MLSL,470.96255353714093
11,5,1,350,MLSL,377.90987275268037
11,5,2,350,MLSL,362.3689429987386
11,5,3,350,MLSL,470.6744216643691
11,5,4,350,MLSL,477.3252169958023
11,5,5,350,MLSL,399.0288569031419
11,5,6,350,MLSL,402.4003051740207
11,5,7,350,MLSL,413.0801808493335
11,5,8,350,MLSL,448.3445905145802
11,5,9,350,MLSL,356.46388119052324
11,5,10,350,MLSL,436.64241465790326
11,5,11,350,MLSL,532.7461027815089
11,5,12,350,MLSL,447.99384372013435
11,5,13,350,MLSL,522.52053509722
11,5,14,350,MLSL,373.5839825969522
11,5,15,350,MLSL,384.0094117909731
11,5,16,350,MLSL,433.51225141544353
11,5,17,350,MLSL,463.34871820119986
11,5,18,350,MLSL,353.8145003885022
11,5,19,350,MLSL,334.30925855053874
11,6,0,350,MLSL,476.7964071487269
11,6,1,350,MLSL,444.23048160967596
11,6,2,350,MLSL,400.79717567426707
11,6,3,350,MLSL,376.7705474517224
11,6,4,350,MLSL,614.38161240512
11,6,5,350,MLSL,498.3761291587401
11,6,6,350,MLSL,486.73720765525275
11,6,7,350,MLSL,295.71815578448707
11,6,8,350,MLSL,617.1527349982048
11,6,9,350,MLSL,406.87490257600706
11,6,10,350,MLSL,467.7348414739636
11,6,11,350,MLSL,405.30006399677006
11,6,12,350,MLSL,482.2180119277608
11,6,13,350,MLSL,537.8280438418457
11,6,14,350,MLSL,427.3646201733298
11,6,15,350,MLSL,480.1452431595858
11,6,16,350,MLSL,402.2281220317254
11,6,17,350,MLSL,537.3418193398462
11,6,18,350,MLSL,314.7926779687817
11,6,19,350,MLSL,628.3055974480427
11,7,0,350,MLSL,365.8033466220459
11,7,1,350,MLSL,384.71388505932384
11,7,2,350,MLSL,400.19209092816135
11,7,3,350,MLSL,295.2229119251649
11,7,4,350,MLSL,454.59347240506526
11,7,5,350,MLSL,373.0576323663325
11,7,6,350,MLSL,539.5922193132787
11,7,7,350,MLSL,208.3072060159034
11,7,8,350,MLSL,494.8655377935414
11,7,9,350,MLSL,393.5428917460188
11,7,10,350,MLSL,447.8269583197067
11,7,11,350,MLSL,401.99200263716347
11,7,12,350,MLSL,474.73991749913966
11,7,13,350,MLSL,406.4963262805492
11,7,14,350,MLSL,382.77894412007504
11,7,15,350,MLSL,420.58247504433314
11,7,16,350,MLSL,372.06549763956394
11,7,17,350,MLSL,561.2313185360395
11,7,18,350,MLSL,396.3722825766082
11,7,19,350,MLSL,424.6679606479078
12,1,0,350,MLSL,42408869.75114208
12,1,1,350,MLSL,49099276.24148281
12,1,2,350,MLSL,21858322.437933672
12,1,3,350,MLSL,37700945.2112403
12,1,4,350,MLSL,40222391.577459306
12,1,5,350,MLSL,31512303.022695128
12,1,6,350,MLSL,40687525.652227856
12,1,7,350,MLSL,33440594.19720283
12,1,8,350,MLSL,29014142.9728587
12,1,9,350,MLSL,52474770.88814537
12,1,10,350,MLSL,38533193.50076196
12,1,11,350,MLSL,37111260.46083213
12,1,12,350,MLSL,49301687.95263612
12,1,13,350,MLSL,45734418.79368019
12,1,14,350,MLSL,39286636.74538714
12,1,15,350,MLSL,39824798.065461926
12,1,16,350,MLSL,48218525.73134605
12,1,17,350,MLSL,61070034.73193385
12,1,18,350,MLSL,32132068.484231
12,1,19,350,MLSL,45138051.15394733
12,2,0,350,MLSL,68584120.43793559
12,2,1,350,MLSL,47165750.787264764
12,2,2,350,MLSL,49536852.47162304
12,2,3,350,MLSL,77310542.30040659
12,2,4,350,MLSL,44075725.56282859
12,2,5,350,MLSL,51736535.08115515
12,2,6,350,MLSL,45732448.871124126
12,2,7,350,MLSL,58503437.30488889
12,2,8,350,MLSL,56860308.22955848
12,2,9,350,MLSL,60249978.04104672
12,2,10,350,MLSL,38175078.323557906
12,2,11,350,MLSL,67649408.31182529
12,2,12,350,MLSL,53701834.88620471
12,2,13,350,MLSL,43475065.49649983
12,2,14,350,MLSL,63502128.780761324
12,2,15,350,MLSL,68354729.36595762
12,2,16,350,MLSL,46481310.12787991
12,2,17,350,MLSL,50761206.20352061
12,2,18,350,MLSL,45853090.79823785
12,2,19,350,MLSL,66967351.26383279
12,3,0,350,MLSL,65856617.49939712
12,3,1,350,MLSL,40021527.655088864
12,3,2,350,MLSL,68951049.53553917
12,3,3,350,MLSL,39673828.6330898
12,3,4,350,MLSL,49782886.068063475
12,3,5,350,MLSL,50942293.09809084
12,3,6,350,MLSL,33525960.16179645
12,3,7,350,MLSL,31920176.829940062
12,3,8,350,MLSL,49873563.34048629
12,3,9,350,MLSL,50057366.36602483
12,3,10,350,MLSL,32712637.904543515
12,3,11,350,MLSL,50219381.143381
12,3,12,350,MLSL,42414154.84102997
12,3,13,350,MLSL,56156939.38409269
12,3,14,350,MLSL,30611241.38856617
12,3,15,350,MLSL,46320909.76410039
12,3,16,350,MLSL,64242297.698555805
12,3,17,350,MLSL,33173899.90022137
12,3,18,350,MLSL,44741269.176347144
12,3,19,350,MLSL,45950141.14223677
12,4,0,350,MLSL,41163565.43562733
12,4,1,350,MLSL,51378914.534384005
12,4,2,350,MLSL,46231976.33996293
12,4,3,350,MLSL,35358782.41594387
12,4,4,350,MLSL,69852472.94583139
12,4,5,350,MLSL,41376534.98553373
12,4,6,350,MLSL,39836594.233883455
12,4,7,350,MLSL,44578465.35133036
12,4,8,350,MLSL,50511009.65356879
12,4,9,350,MLSL,48797038.7477076
12,4,10,350,MLSL,48421075.24469648
12,4,11,350,MLSL,38086269.75826603
12,4,12,350,MLSL,54786194.66150786
12,4,13,350,MLSL,33662207.18115841
12,4,14,350,MLSL,43500835.06977326
12,4,15,350,MLSL,35980899.84892968
12,4,16,350,MLSL,49806574.43134726
12,4,17,350,MLSL,40574386.19616889
12,4,18,350,MLSL,33621705.136116706
12,4,19,350,MLSL,50743008.20593928
12,5,0,350,MLSL,73735487.06206927
12,5,1,350,MLSL,54408891.31272304
12,5,2,350,MLSL,46690168.36609794
12,5,3,350,MLSL,61081936.916495815
12,5,4,350,MLSL,62014632.96484282
12,5,5,350,MLSL,36437405.69892606
12,5,6,350,MLSL,61849940.941058904
12,5,7,350,MLSL,52483438.51575623
12,5,8,350,MLSL,56367979.24706712
12,5,9,350,MLSL,37147484.52228592
12,5,10,350,MLSL,35273762.92854349
12,5,11,350,MLSL,38468843.93315025
12,5,12,350,MLSL,33381389.35321191
12,5,13,350,MLSL,34532022.822414674
12,5,14,350,MLSL,24680861.947150312
12,5,15,350,MLSL,34973344.438904755
12,5,16,350,MLSL,44599459.00559342
12,5,17,350,MLSL,37100853.826779254
12,5,18,350,MLSL,43510202.7370388
12,5,19,350,MLSL,48731210.159514695
12,6,0,350,MLSL,37609592.93979301
12,6,1,350,MLSL,37181005.80953524
12,6,2,350,MLSL,71656349.49747705
12,6,3,350,MLSL,55091202.31566243
12,6,4,350,MLSL,42282731.78136346
12,6,5,350,MLSL,55343177.273457676
12,6,6,350,MLSL,56811038.48744973
12,6,7,350,MLSL,26580424.940626077
12,6,8,350,MLSL,34639367.835627586
12,6,9,350,MLSL,44990283.81049547
12,6,10,350,MLSL,52513131.91839165
12,6,11,350,MLSL,49820989.94715426
12,6,12,350,MLSL,35169103.22084403
12,6,13,350,MLSL,61361723.0626229
12,6,14,350,MLSL,62915906.13906126
12,6,15,350,MLSL,46288121.3310092
12,6,16,350,MLSL,39848715.82097845
12,6,17,350,MLSL,60177428.15069246
12,6,18,350,MLSL,40554279.72130366
12,6,19,350,MLSL,52661982.32840231
12,7,0,350,MLSL,60172290.982913196
12,7,1,350,MLSL,61846419.719339244
12,7,2,350,MLSL,55536445.13846095
12,7,3,350,MLSL,61045042.40326344
12,7,4,350,MLSL,51226901.266120754
12,7,5,350,MLSL,54107715.3962886
12,7,6,350,MLSL,57207876.15919658
12,7,7,350,MLSL,43347643.56229206
12,7,8,350,MLSL,60027764.28281671
12,7,9,350,MLSL,51339843.23661193
12,7,10,350,MLSL,44736975.98842197
12,7,11,350,MLSL,56241427.09867782
12,7,12,350,MLSL,65000580.39059022
12,7,13,350,MLSL,34204734.41930868
12,7,14,350,MLSL,59932193.55254842
12,7,15,350,MLSL,30380124.5840647
12,7,16,350,MLSL,51950811.80649423
12,7,17,350,MLSL,49506336.69613618
12,7,18,350,MLSL,45694092.35080205
12,7,19,350,MLSL,47968511.75984768
13,1,0,350,MLSL,1200.397875328865
13,1,1,350,MLSL,1088.5848465596396
13,1,2,350,MLSL,1315.3561154591398
13,1,3,350,MLSL,1216.8650588900557
13,1,4,350,MLSL,999.9126592228909
13,1,5,350,MLSL,1262.9255857798812
13,1,6,350,MLSL,1281.2741565316944
13,1,7,350,MLSL,1234.6178275599937
13,1,8,350,MLSL,1285.9531674248203
13,1,9,350,MLSL,1306.832628806407
13,1,10,350,MLSL,1366.8406336926369
13,1,11,350,MLSL,1353.9012229760986
13,1,12,350,MLSL,1284.910923404724
13,1,13,350,MLSL,1243.2175090270812
13,1,14,350,MLSL,1098.7196848038263
13,1,15,350,MLSL,1374.5912316856768
13,1,16,350,MLSL,1201.5769969552427
13,1,17,350,MLSL,1146.2809292773761
13,1,18,350,MLSL,1257.6630263444908
13,1,19,350,MLSL,1202.4658195330605
13,2,0,350,MLSL,1214.3495153432405
13,2,1,350,MLSL,1277.8659165757113
13,2,2,350,MLSL,1312.4156329508323
13,2,3,350,MLSL,1274.226766628239
13,2,4,350,MLSL,1198.9423174526135
13,2,5,350,MLSL,1350.57956994551
13,2,6,350,MLSL,1323.3534062558995
13,2,7,350,MLSL,1473.7895805769795
13,2,8,350,MLSL,1277.4024808596066
13,2,9,350,MLSL,1546.2653856200125
13,2,10,350,MLSL,1472.2831325856387
13,2,11,350,MLSL,1480.5102609649841
13,2,12,350,MLSL,1217.1894135964578
13,2,13,350,MLSL,1265.2336017808282
13,2,14,350,MLSL,1274.493583475834
13,2,15,350,MLSL,1266.8383651017975
13,2,16,350,MLSL,1285.2863767297017
13,2,17,350,MLSL,1247.7210435132406
13,2,18,350,MLSL,1415.3789386846813
13,2,19,350,MLSL,1322.0420285613625
13,3,0,350,MLSL,1309.8489005480124
13,3,1,350,MLSL,1211.4274330324029
13,3,2,350,MLSL,1266.996392063439
13,3,3,350,MLSL,1444.8471284005434
13,3,4,350,MLSL,1231.8017611859682
13,3,5,350,MLSL,1371.678631433717
13,3,6,350,MLSL,1245.7930710313199
13,3,7,350,MLSL,1279.9936808130014
13,3,8,350,MLSL,1118.5910771131628
13,3,9,350,MLSL,1192.7807316695055
13,3,10,350,MLSL,1377.9618713831335
13,3,11,350,MLSL,1231.8097676346854
13,3,12,350,MLSL,1372.1902397737101
13,3,13,350,MLSL,1084.805822185579
13,3,14,350,MLSL,1220.6607877098074
13,3,15,350,MLSL,1220.7810897116879
13,3,16,350,MLSL,1492.885367758145
13,3,17,350,MLSL,1384.4010855930208
13,3,18,350,MLSL,1405.495956297697
13,3,19,350,MLSL,1523.2739609891605
13,4,0,350,MLSL,1070.6890273492727
13,4,1,350,MLSL,1119.4727701672298
13,4,2,350,MLSL,1409.607723222811
13,4,3,350,MLSL,1177.000628910391
13,4,4,350,MLSL,1208.4191927452773
13,4,5,350,MLSL,1191.186299131535
13,4,6,350,MLSL,1396.2433474734187
13,4,7,350,MLSL,1178.5917165486624
13,4,8,350,MLSL,1359.7529811855954
13,4,9,350,MLSL,1124.7113599370743
13,4,10,350,MLSL,1230.2704128115463
13,4,11,350,MLSL,1217.877608454305
13,4,12,350,MLSL,1292.4861346114774
13,4,13,350,MLSL,1345.2884890795965
13,4,14,350,MLSL,1326.9780797828973
13,4,15,350,MLSL,1362.0905195898429
13,4,16,350,MLSL,1213.3931701173212
13,4,17,350,MLSL,1392.959930838853
13,4,18,350,MLSL,1186.3938147754186
13,4,19,350,MLSL,1266.8382560053844
13,5,0,350,MLSL,1303.0422724991968
13,5,1,350,MLSL,1172.0219876420401
13,5,2,350,MLSL,1377.6209573960791
13,5,3,350,MLSL,1185.811977215732
13,5,4,350,MLSL,1385.4978394888615
13,5,5,350,MLSL,1186.0518892240016
13,5,6,350,MLSL,1481.9039486121383
13,5,7,350,MLSL,1192.3081097449397
13,5,8,350,MLSL,1245.884663427697
13,5,9,350,MLSL,1069.776814844885
13,5,10,350,MLSL,1350.872069262808
13,5,11,350,MLSL,1205.8037107398507
13,5,12,350,MLSL,1278.933283439035
13,5,13,350,MLSL,1132.4189605348547
13,5,14,350,MLSL,1300.8381516479094
13,5,15,350,MLSL,1207.8600849660734
13,5,16,350,MLSL,1396.804259402134
13,5,17,350,MLSL,1125.1724833116868
13,5,18,350,MLSL,1209.7433095929644
13,5,19,350,MLSL,1323.7316493173205
13,6,0,350,MLSL,1458.6339137028713
13,6,1,350,MLSL,1199.8711292933308
13,6,2,350,MLSL,1378.4243988670798
13,6,3,350,MLSL,1260.3562249116783
13,6,4,350,MLSL,1197.22627673114
13,6,5,350,MLSL,1245.6025408223868
13,6,6,350,MLSL,1090.4199417296454
13,6,7,350,MLSL,1275.7187177668259
13,6,8,350,MLSL,1351.1753951406145
13,6,9,350,MLSL,1124.7046433523249
13,6,10,350,MLSL,1433.5105999306966
13,6,11,350,MLSL,1082.0578946317414
13,6,12,350,MLSL,1412.6358091103007
13,6,13,350,MLSL,1318.8374610294575
13,6,14,350,MLSL,1316.5221408779687
13,6,15,350,MLSL,1350.2893367962906
13,6,16,350,MLSL,1196.1672583164157
13,6,17,350,MLSL,1289.581189242212
13,6,18,350,MLSL,1343.3877386762877
13,6,19,350,MLSL,1282.2949151551413
13,7,0,350,MLSL,1085.563543247006
13,7,1,350,MLSL,1376.6053472760914
13,7,2,350,MLSL,1128.1249481429204
13,7,3,350,MLSL,1274.5097705587768
13,7,4,350,MLSL,1446.986629030991
13,7,5,350,MLSL,1061.1619649501756
13,7,6,350,MLSL,1165.4255866342573
13,7,7,350,MLSL,1127.6328147409479
13,7,8,350,MLSL,1244.1256915434924
13,7,9,350,MLSL,1140.5746151551102
13,7,10,350,MLSL,1138.151165617068
13,7,11,350,MLSL,1013.1790716652856
13,7,12,350,MLSL,1224.894143725769
13,7,13,350,MLSL,1190.2097390130461
13,7,14,350,MLSL,1522.6153646811047
13,7,15,350,MLSL,1442.9535112378794
13,7,16,350,MLSL,1087.123125782049
13,7,17,350,MLSL,1210.588280836382
13,7,18,350,MLSL,1400.865358343714
13,7,19,350,MLSL,1307.402691467536
14,1,0,350,MLSL,12.697596208973053
14,1,1,350,MLSL,15.684778172210784
14,1,2,350,MLSL,20.115187851339293
14,1,3,350,MLSL,11.62568280654704
14,1,4,350,MLSL,16.397126352761497
14,1,5,350,MLSL,16.496761985391522
14,1,6,350,MLSL,15.264500165788178
14,1,7,350,MLSL,12.168669659768625
14,1,8,350,MLSL,14.196354803351298
14,1,9,350,MLSL,10.533878122335466
14,1,10,350,MLSL,12.96045146987133
14,1,11,350,MLSL,18.231406029184193
14,1,12,350,MLSL,19.421009189433164
14,1,13,350,MLSL,15.569429601567528
14,1,14,350,MLSL,16.4896140515229
14,1,15,350,MLSL,18.27913959290077
14,1,16,350,MLSL,15.302680158880932
14,1,17,350,MLSL,16.416811379364745
14,1,18,350,MLSL,15.9642022638253
14,1,19,350,MLSL,8.216847764820379
14,2,0,350,MLSL,14.311873149501679
14,2,1,350,MLSL,9.78338371848156
14,2,2,350,MLSL,16.489252019956666
14,2,3,350,MLSL,11.886555519363128
14,2,4,350,MLSL,13.16249543085209
14,2,5,350,MLSL,10.341243380021922
14,2,6,350,MLSL,17.507096984926108
14,2,7,350,MLSL,17.25109526050636
14,2,8,350,MLSL,11.53389198719995
14,2,9,350,MLSL,15.013574782805449
14,2,10,350,MLSL,20.039986000201964
14,2,11,350,MLSL,21.66881872284563
14,2,12,350,MLSL,14.212088402161527
14,2,13,350,MLSL,20.75215580958158
14,2,14,350,MLSL,19.9623595270146
14,2,15,350,MLSL,13.882721782698638
14,2,16,350,MLSL,15.08112614370907
14,2,17,350,MLSL,14.514444241509864
14,2,18,350,MLSL,15.523407343802148
14,2,19,350,MLSL,13.203200727403157
14,3,0,350,MLSL,15.448229947382103
14,3,1,350,MLSL,18.501235854152185
14,3,2,350,MLSL,17.499953376220034
14,3,3,350,MLSL,11.786877270987858
14,3,4,350,MLSL,13.377819660615685
14,3,5,350,MLSL,17.561537830934228
14,3,6,350,MLSL,20.251802257649317
14,3,7,350,MLSL,8.831241755635943
14,3,8,350,MLSL,20.020806873978813
14,3,9,350,MLSL,12.022100152422354
14,3,10,350,MLSL,12.06384060653403
14,3,11,350,MLSL,14.32682010454731
14,3,12,350,MLSL,10.259222998405704
14,3,13,350,MLSL,13.206538833054722
14,3,14,350,MLSL,16.050238660779073
14,3,15,350,MLSL,11.985628460753148
14,3,16,350,MLSL,13.051353300533435
14,3,17,350,MLSL,10.270016076681571
14,3,18,350,MLSL,14.090606935020062
14,3,19,350,MLSL,16.41315021807212
14,4,0,350,MLSL,18.62621208101661
14,4,1,350,MLSL,15.289518791664747
14,4,2,350,MLSL,20.18656226922979
14,4,3,350,MLSL,14.747623535480521
14,4,4,350,MLSL,14.598355834558078
14,4,5,350,MLSL,11.840516663691375
14,4,6,350,MLSL,12.714574361859981
14,4,7,350,MLSL,18.069132455363253
14,4,8,350,MLSL,10.696756508752841
14,4,9,350,MLSL,16.250886403157416
14,4,10,350,MLSL,15.275805495382727
14,4,11,350,MLSL,12.76318523858449
14,4,12,350,MLSL,18.344714387537195
14,4,13,350,MLSL,9.987703674305557
14,4,14,350,MLSL,11.355350259673813
14,4,15,350,MLSL,14.610983697550125
14,4,16,350,MLSL,11.025024088119252
14,4,17,350,MLSL,14.977331868979732
14,4,18,350,MLSL,11.82967927462748
14,4,19,350,MLSL,12.506982035337913
14,5,0,350,MLSL,18.756425995502582
14,5,1,350,MLSL,16.893781463990493
14,5,2,350,MLSL,16.970205001077872
14,5,3,350,MLSL,16.12205510404013
14,5,4,350,MLSL,15.790885222208239
14,5,5,350,MLSL,17.34697628780586
14,5,6,350,MLSL,13.17020865881733
14,5,7,350,MLSL,17.00615936488454
14,5,8,350,MLSL,13.843793805784244
14,5,9,350,MLSL,13.726956294268724
14,5,10,350,MLSL,14.82893208381897
14,5,11,350,MLSL,22.18828546140658
14,5,12,350,MLSL,14.342070588318727
14,5,13,350,MLSL,17.5562068760307
14,5,14,350,MLSL,17.485567739921905
14,5,15,350,MLSL,15.41643855020461
14,5,16,350,MLSL,15.904274626380612
14,5,17,350,MLSL,13.063276726257854
14,5,18,350,MLSL,12.445831560244898
14,5,19,350,MLSL,16.592301452544007
14,6,0,350,MLSL,18.718852238471683
14,6,1,350,MLSL,10.852535068794367
14,6,2,350,MLSL,17.244562663883528
14,6,3,350,MLSL,20.363293019902954
14,6,4,350,MLSL,18.21958943706595
14,6,5,350,MLSL,17.65162178202101
14,6,6,350,MLSL,18.411953982875886
14,6,7,350,MLSL,13.69876709789827
14,6,8,350,MLSL,13.413648532763148
14,6,9,350,MLSL,11.933908008720124
14,6,10,350,MLSL,16.37029892901576
14,6,11,350,MLSL,18.104617288808242
14,6,12,350,MLSL,23.97917125150724
14,6,13,350,MLSL,10.69072737881136
14,6,14,350,MLSL,17.507981426654496
14,6,15,350,MLSL,15.744339098907759
14,6,16,350,MLSL,14.088507014750562
14,6,17,350,MLSL,9.81919455575131
14,6,18,350,MLSL,18.225079881584648
14,6,19,350,MLSL,14.14623389945956
14,7,0,350,MLSL,11.603147781491629
14,7,1,350,MLSL,15.197168235110396
14,7,2,350,MLSL,12.800008715113222
14,7,3,350,MLSL,14.526335952319755
14,7,4,350,MLSL,14.842928440107897
14,7,5,350,MLSL,11.5505741346538
14,7,6,350,MLSL,16.536226160619464
14,7,7,350,MLSL,11.656160011225381
14,7,8,350,MLSL,12.44678664070139
14,7,9,350,MLSL,11.708394819169584
14,7,10,350,MLSL,9.20537812227849
14,7,11,350,MLSL,12.569149817607553
14,7,12,350,MLSL,15.558024263327184
14,7,13,350,MLSL,16.2306529819935
14,7,14,350,MLSL,14.557370222240593
14,7,15,350,MLSL,13.645145783598664
14,7,16,350,MLSL,14.413871772984422
14,7,17,350,MLSL,15.141267867718739
14,7,18,350,MLSL,11.008020120917891
14,7,19,350,MLSL,14.151691349227022
15,1,0,350,MLSL,550.9870938130878
15,1,1,350,MLSL,649.2303800711254
15,1,2,350,MLSL,560.3220155182626
15,1,3,350,MLSL,562.1492835983847
15,1,4,350,MLSL,585.1444475774222
15,1,5,350,MLSL,665.0345564505669
15,1,6,350,MLSL,544.5265326724625
15,1,7,350,MLSL,552.2339704037086
15,1,8,350,MLSL,535.8619897843407
15,1,9,350,MLSL,582.8437197045264
15,1,10,350,MLSL,674.5391693655083
15,1,11,350,MLSL,598.7760010552151
15,1,12,350,MLSL,534.0265924672176
15,1,13,350,MLSL,546.411731596567
15,1,14,350,MLSL,632.9583863748419
15,1,15,350,MLSL,561.1856730596792
15,1,16,350,MLSL,559.5699178717928
15,1,17,350,MLSL,570.9445775089182
15,1,18,350,MLSL,577.5298789164399
15,1,19,350,MLSL,644.2031850336964
15,2,0,350,MLSL,532.0476754659205
15,2,1,350,MLSL,657.434457775267
15,2,2,350,MLSL,527.6236274936844
15,2,3,350,MLSL,588.9244624931769
15,2,4,350,MLSL,665.4941412779567
15,2,5,350,MLSL,595.9143573784042
15,2,6,350,MLSL,573.86960971259
15,2,7,350,MLSL,481.9287196958443
15,2,8,350,MLSL,589.1574877546425
15,2,9,350,MLSL,569.0838012430663
15,2,10,350,MLSL,612.4556607751487
15,2,11,350,MLSL,588.5595866372385
15,2,12,350,MLSL,522.8411368394293
15,2,13,350,MLSL,693.5371008855313
15,2,14,350,MLSL,637.4847454913503
15,2,15,350,MLSL,514.6197197883779
15,2,16,350,MLSL,618.9638293134362
15,2,17,350,MLSL,618.8478970715553
15,2,18,350,MLSL,541.0270381358678
15,2,19,350,MLSL,646.9294823086445
15,3,0,350,MLSL,611.4471329949045
15,3,1,350,MLSL,516.3478914221553
15,3,2,350,MLSL,576.5031366289077
15,3,3,350,MLSL,530.7927149361933
15,3,4,350,MLSL,560.5613450409116
15,3,5,350,MLSL,596.8593195005358
15,3,6,350,MLSL,522.0411431433819
15,3,7,350,MLSL,617.3999321229876
15,3,8,350,MLSL,508.18942543186813
15,3,9,350,MLSL,542.7663861995212
15,3,10,350,MLSL,531.9528127737088
15,3,11,350,MLSL,521.275515225716
15,3,12,350,MLSL,559.6924257513463
15,3,13,350,MLSL,575.2978919960713
15,3,14,350,MLSL,597.5817687226244
15,3,15,350,MLSL,577.8964108416088
15,3,16,350,MLSL,585.6001423643212
15,3,17,350,MLSL,588.6297331201595
15,3,18,350,MLSL,547.6332169002052
15,3,19,350,MLSL,611.5612567237924
15,4,0,350,MLSL,567.4718602712403
15,4,1,350,MLSL,544.9340707936635
15,4,2,350,MLSL,619.5159433519152
15,4,3,350,MLSL,577.1904942545002
15,4,4,350,MLSL,643.0819912819595
15,4,5,350,MLSL,486.4574196208896
15,4,6,350,MLSL,636.4867849993412
15,4,7,350,MLSL,585.811231129326
15,4,8,350,MLSL,554.2020500976223
15,4,9,350,MLSL,620.393656273646
15,4,10,350,MLSL,590.2655099984722
15,4,11,350,MLSL,539.7130118268757
15,4,12,350,MLSL,565.9833781861319
15,4,13,350,MLSL,593.9197336546856
15,4,14,350,MLSL,488.7446510323573
15,4,15,350,MLSL,594.8788463391919
15,4,16,350,MLSL,581.6535393825851
15,4,17,350,MLSL,516.1538112672465
15,4,18,350,MLSL,507.0769139604495
15,4,19,350,MLSL,599.204001273308
15,5,0,350,MLSL,548.3799461212353
15,5,1,350,MLSL,585.5287223170938
15,5,2,350,MLSL,532.0914401991629
15,5,3,350,MLSL,563.3689544175817
15,5,4,350,MLSL,535.7042513849273
15,5,5,350,MLSL,533.5995010246379
15,5,6,350,MLSL,580.9043345557211
15,5,7,350,MLSL,501.784489339217
15,5,8,350,MLSL,548.5467772108759
15,5,9,350,MLSL,500.5545910801252
15,5,10,350,MLSL,539.2877091716443
15,5,11,350,MLSL,651.776013083065
15,5,12,350,MLSL,474.2240330172965
15,5,13,350,MLSL,559.6846046520138
15,5,14,350,MLSL,563.7312858613835
15,5,15,350,MLSL,535.6949604492194
15,5,16,350,MLSL,510.8102705976477
15,5,17,350,MLSL,504.5635132105001
15,5,18,350,MLSL,450.58209215339957
15,5,19,350,MLSL,464.27000861702686
15,6,0,350,MLSL,547.6121093390086
15,6,1,350,MLSL,567.585777463416
15,6,2,350,MLSL,587.2952113397721
15,6,3,350,MLSL,651.2097669350702
15,6,4,350,MLSL,602.8689208885511
15,6,5,350,MLSL,597.217872181151
15,6,6,350,MLSL,590.5382191359489
15,6,7,350,MLSL,547.3204176919315
15,6,8,350,MLSL,640.3004434183156
15,6,9,350,MLSL,587.562580992512
15,6,10,350,MLSL,506.22918461410933
15,6,11,350,MLSL,551.930413539817
15,6,12,350,MLSL,568.7899835416863
15,6,13,350,MLSL,644.8408881650668
15,6,14,350,MLSL,554.0764031983954
15,6,15,350,MLSL,506.17715958696914
15,6,16,350,MLSL,626.237807680589
15,6,17,350,MLSL,564.4621264871364
15,6,18,350,MLSL,525.8875419036007
15,6,19,350,MLSL,530.8693372908424
15,7,0,350,MLSL,581.1086701196818
15,7,1,350,MLSL,600.393042001514
15,7,2,350,MLSL,521.6977316760078
15,7,3,350,MLSL,536.7389518800271
15,7,4,350,MLSL,585.0365092422173
15,7,5,350,MLSL,542.5729391657712
15,7,6,350,MLSL,619.2808816516183
15,7,7,350,MLSL,724.1797513597651
15,7,8,350,MLSL,484.0489114047693
15,7,9,350,MLSL,606.2313571139973
15,7,10,350,MLSL,536.6763639256242
15,7,11,350,MLSL,509.4343477604081
15,7,12,350,MLSL,503.4848591340946
15,7,13,350,MLSL,656.04433472302
15,7,14,350,MLSL,639.9574916744004
15,7,15,350,MLSL,511.23713869137754
15,7,16,350,MLSL,552.701563322476
15,7,17,350,MLSL,586.405052868626
15,7,18,350,MLSL,557.2357698124683
15,7,19,350,MLSL,551.2817542532453
16,1,0,350,MLSL,40.39999483487436
16,1,1,350,MLSL,38.703362356351164
16,1,2,350,MLSL,39.69105452177919
16,1,3,350,MLSL,40.38110508832068
16,1,4,350,MLSL,32.11635144517325
16,1,5,350,MLSL,37.19424648890626
16,1,6,350,MLSL,37.77892388425069
16,1,7,350,MLSL,41.24340331265225
16,1,8,350,MLSL,41.08799063617134
16,1,9,350,MLSL,34.634438636759995
16,1,10,350,MLSL,31.955101390556564
16,1,11,350,MLSL,41.644040439555
16,1,12,350,MLSL,43.52682636274707
16,1,13,350,MLSL,39.37698107294608
16,1,14,350,MLSL,38.89367409763824
16,1,15,350,MLSL,45.12140392025056
16,1,16,350,MLSL,36.500522067492014
16,1,17,350,MLSL,36.52135762772443
16,1,18,350,MLSL,38.20185016515647
16,1,19,350,MLSL,33.66323982244759
16,2,0,350,MLSL,35.93496424447375
16,2,1,350,MLSL,43.36348777844535
16,2,2,350,MLSL,36.1630958222994
16,2,3,350,MLSL,41.5231061287227
16,2,4,350,MLSL,39.63553769300353
16,2,5,350,MLSL,38.25357842084986
16,2,6,350,MLSL,38.52926151724745
16,2,7,350,MLSL,41.0437321030721
16,2,8,350,MLSL,38.475052150453735
16,2,9,350,MLSL,42.963386658075365
16,2,10,350,MLSL,40.60135255555883
16,2,11,350,MLSL,44.19575523736921
16,2,12,350,MLSL,35.144105837319785
16,2,13,350,MLSL,40.18560693755677
16,2,14,350,MLSL,40.52004610354675
16,2,15,350,MLSL,32.537992211726475
16,2,16,350,MLSL,41.3084085347806
16,2,17,350,MLSL,33.80137662180903
16,2,18,350,MLSL,41.830947897750605
16,2,19,350,MLSL,42.032358659688896
16,3,0,350,MLSL,36.483036630569316
16,3,1,350,MLSL,38.436092198167344
16,3,2,350,MLSL,34.53614444541758
16,3,3,350,MLSL,42.50222628136284
16,3,4,350,MLSL,38.65862365263372
16,3,5,350,MLSL,44.50022624103353
16,3,6,350,MLSL,38.33108188246085
16,3,7,350,MLSL,32.5046531835316
16,3,8,350,MLSL,37.771200795359064
16,3,9,350,MLSL,43.44982947286378
16,3,10,350,MLSL,43.14964737302752
16,3,11,350,MLSL,39.02033964944674
16,3,12,350,MLSL,34.53054602483287
16,3,13,350,MLSL,41.67729513123656
16,3,14,350,MLSL,37.69080820499569
16,3,15,350,MLSL,44.71971178429688
16,3,16,350,MLSL,41.363135254911654
16,3,17,350,MLSL,45.068415037316
16,3,18,350,MLSL,41.100462695514565
16,3,19,350,MLSL,39.879814752561046
16,4,0,350,MLSL,41.62375938492471
16,4,1,350,MLSL,39.68356212658102
16,4,2,350,MLSL,43.74861680017983
16,4,3,350,MLSL,39.3812201830674
16,4,4,350,MLSL,38.99163239989588
16,4,5,350,MLSL,34.18368130107456
16,4,6,350,MLSL,40.62301884203248
16,4,7,350,MLSL,38.85669859853215
16,4,8,350,MLSL,31.689675264706977
16,4,9,350,MLSL,34.53236370495756
16,4,10,350,MLSL,33.08399405321342
16,4,11,350,MLSL,36.84200577160448
16,4,12,350,MLSL,42.224274689809306
16,4,13,350,MLSL,44.06938033184076
16,4,14,350,MLSL,41.72500307017242
16,4,15,350,MLSL,40.953906646047415
16,4,16,350,MLSL,37.606582772512354
16,4,17,350,MLSL,42.70424906581377
16,4,18,350,MLSL,41.987254449296984
16,4,19,350,MLSL,36.895994909737624
16,5,0,350,MLSL,40.92442362045804
16,5,1,350,MLSL,36.89686732176005
16,5,2,350,MLSL,42.66600391710593
16,5,3,350,MLSL,36.27355531862048
16,5,4,350,MLSL,38.193983479602984
16,5,5,350,MLSL,43.01016779858575
16,5,6,350,MLSL,34.13363156189727
16,5,7,350,MLSL,40.448308985771114
16,5,8,350,MLSL,35.92602602760442
16,5,9,350,MLSL,40.52249263619916
16,5,10,350,MLSL,33.48029422192039
16,5,11,350,MLSL,36.516551068384345
16,5,12,350,MLSL,37.2419706362042
16,5,13,350,MLSL,41.095971793183935
16,5,14,350,MLSL,36.67141131141487
16,5,15,350,MLSL,40.75371821112901
16,5,16,350,MLSL,38.68365555998726
16,5,17,350,MLSL,37.8822111801267
16,5,18,350,MLSL,42.70065200863256
16,5,19,350,MLSL,44.82458747013726
16,6,0,350,MLSL,41.47763479681458
16,6,1,350,MLSL,38.27245445888744
16,6,2,350,MLSL,31.27660534020928
16,6,3,350,MLSL,42.255875846308356
16,6,4,350,MLSL,39.405803712821914
16,6,5,350,MLSL,36.34012205254598
16,6,6,350,MLSL,39.74646614002221
16,6,7,350,MLSL,44.02285080459266
16,6,8,350,MLSL,41.971681646987086
16,6,9,350,MLSL,36.511319628115714
16,6,10,350,MLSL,41.53517113745995
16,6,11,350,MLSL,41.987776085844686
16,6,12,350,MLSL,40.83443870776456
16,6,13,350,MLSL,39.48102759080983
16,6,14,350,MLSL,43.39362531796104
16,6,15,350,MLSL,40.65305196529842
16,6,16,350,MLSL,41.05800985264986
16,6,17,350,MLSL,43.572549179886195
16,6,18,350,MLSL,42.28874140855251
16,6,19,350,MLSL,39.983596548905034
16,7,0,350,MLSL,36.82156484661418
16,7,1,350,MLSL,35.894702521294015
16,7,2,350,MLSL,34.93788165792261
16,7,3,350,MLSL,40.497981840097765
16,7,4,350,MLSL,37.316844377483726
16,7,5,350,MLSL,43.32879944511892
16,7,6,350,MLSL,42.21487266664893
16,7,7,350,MLSL,43.382946896659085
16,7,8,350,MLSL,37.40170960862055
16,7,9,350,MLSL,36.588247726363704
16,7,10,350,MLSL,38.67553477321463
16,7,11,350,MLSL,41.2820594737847
16,7,12,350,MLSL,38.14827980036752
16,7,13,350,MLSL,41.35616313847415
16,7,14,350,MLSL,39.356091262939216
16,7,15,350,MLSL,38.75753307675189
16,7,16,350,MLSL,39.791303890244365
16,7,17,350,MLSL,35.695476527076536
16,7,18,350,MLSL,38.19330543575119
16,7,19,350,MLSL,40.29486622158254
17,1,0,350,MLSL,6.314754599470604
17,1,1,350,MLSL,6.198485552411073
17,1,2,350,MLSL,7.142017359923539
17,1,3,350,MLSL,6.237595171381459
17,1,4,350,MLSL,5.046686952770576
17,1,5,350,MLSL,7.713331951511016
17,1,6,350,MLSL,5.668766115832607
17,1,7,350,MLSL,5.584256452303286
17,1,8,350,MLSL,7.343985136317173
17,1,9,350,MLSL,6.556912731393849
17,1,10,350,MLSL,5.368075728845428
17,1,11,350,MLSL,5.333880476999665
17,1,12,350,MLSL,6.33104968896512
17,1,13,350,MLSL,4.967686498848888
17,1,14,350,MLSL,6.130027478693652
17,1,15,350,MLSL,5.346236592894993
17,1,16,350,MLSL,6.717651207635285
17,1,17,350,MLSL,6.056643919788836
17,1,18,350,MLSL,6.9532019307176505
17,1,19,350,MLSL,6.726740619439809
17,2,0,350,MLSL,6.088666664053161
17,2,1,350,MLSL,7.365208571732055
17,2,2,350,MLSL,7.518500346179749
17,2,3,350,MLSL,8.177861300016122
17,2,4,350,MLSL,5.449621637150518
17,2,5,350,MLSL,6.257894604483678
17,2,6,350,MLSL,7.368989003416285
17,2,7,350,MLSL,7.340142554502098
17,2,8,350,MLSL,7.396775766819477
17,2,9,350,MLSL,6.2183810527742445
17,2,10,350,MLSL,5.3944849343919365
17,2,11,350,MLSL,6.956075776286436
17,2,12,350,MLSL,6.12866578793815
17,2,13,350,MLSL,5.664957213427051
17,2,14,350,MLSL,5.547267729856962
17,2,15,350,MLSL,6.663327154338731
17,2,16,350,MLSL,6.170164660540255
17,2,17,350,MLSL,6.8708973123598085
17,2,18,350,MLSL,5.595730823438593
17,2,19,350,MLSL,5.208459640686598
17,3,0,350,MLSL,5.0879768056483385
17,3,1,350,MLSL,6.683149355697424
17,3,2,350,MLSL,5.917021017242291
17,3,3,350,MLSL,5.593270503663973
17,3,4,350,MLSL,6.420371806896128
17,3,5,350,MLSL,5.168580283238896
17,3,6,350,MLSL,6.0804446400644565
17,3,7,350,MLSL,8.232270958923436
17,3,8,350,MLSL,7.182563434357633
17,3,9,350,MLSL,8.760472728882235
17,3,10,350,MLSL,5.853763805324604
17,3,11,350,MLSL,6.330224842503526
17,3,12,350,MLSL,6.154609998909052
17,3,13,350,MLSL,8.62630697115992
17,3,14,350,MLSL,7.556533307986172
17,3,15,350,MLSL,8.4938632831105
17,3,16,350,MLSL,10.633626896829355
17,3,17,350,MLSL,6.5990706618273975
17,3,18,350,MLSL,7.189625556183955
17,3,19,350,MLSL,7.726964298596101
17,4,0,350,MLSL,6.853604077731468
17,4,1,350,MLSL,6.658254505462345
17,4,2,350,MLSL,5.8813515718067535
17,4,3,350,MLSL,7.353534305797041
17,4,4,350,MLSL,5.471830676274237
17,4,5,350,MLSL,6.738050901058841
17,4,6,350,MLSL,4.562681778320936
17,4,7,350,MLSL,5.339865342080195
17,4,8,350,MLSL,6.529509461692555
17,4,9,350,MLSL,5.725396596167037
17,4,10,350,MLSL,5.41713385044563
17,4,11,350,MLSL,8.126403440441315
17,4,12,350,MLSL,5.782797510839799
17,4,13,350,MLSL,8.230705182531246
17,4,14,350,MLSL,7.349291754184762
17,4,15,350,MLSL,6.9385402063686925
17,4,16,350,MLSL,6.333825223177115
17,4,17,350,MLSL,8.26560423620338
17,4,18,350,MLSL,6.040756903466381
17,4,19,350,MLSL,6.590966678068085
17,5,0,350,MLSL,7.967136014148366
17,5,1,350,MLSL,6.906482892923151
17,5,2,350,MLSL,6.242513735379674
17,5,3,350,MLSL,8.802481753017958
17,5,4,350,MLSL,6.5172845932923735
17,5,5,350,MLSL,7.268154564086956
17,5,6,350,MLSL,7.270672817419211
17,5,7,350,MLSL,8.297697927830484
17,5,8,350,MLSL,5.53010251449254
17,5,9,350,MLSL,7.462554279338406
17,5,10,350,MLSL,6.149745281099229
17,5,11,350,MLSL,5.822730717644816
17,5,12,350,MLSL,6.078099926360409
17,5,13,350,MLSL,6.291537959729737
17,5,14,350,MLSL,7.210624761978892
17,5,15,350,MLSL,8.574282876743695
17,5,16,350,MLSL,8.710809943621229
17,5,17,350,MLSL,8.085781998586953
17,5,18,350,MLSL,7.157641072408808
17,5,19,350,MLSL,7.432017356250412
17,6,0,350,MLSL,5.798534245440948
17,6,1,350,MLSL,4.318613726220889
17,6,2,350,MLSL,6.197261013993739
17,6,3,350,MLSL,6.479403208870394
17,6,4,350,MLSL,6.131899807742428
17,6,5,350,MLSL,8.34078738600013
17,6,6,350,MLSL,4.8238015457039864
17,6,7,350,MLSL,6.704416801450691
17,6,8,350,MLSL,5.820970643686451
17,6,9,350,MLSL,6.931151087763823
17,6,10,350,MLSL,7.404702553574708
17,6,11,350,MLSL,6.525398062401933
17,6,12,350,MLSL,7.074613749946678
17,6,13,350,MLSL,5.844011701715289
17,6,14,350,MLSL,7.044252546864385
17,6,15,350,MLSL,7.1914328837195
17,6,16,350,MLSL,6.9541204564684165
17,6,17,350,MLSL,5.720347636819298
17,6,18,350,MLSL,7.106666292482345
17,6,19,350,MLSL,7.531969301411181
17,7,0,350,MLSL,5.905942382057475
17,7,1,350,MLSL,5.498135920406682
17,7,2,350,MLSL,6.957801771364203
17,7,3,350,MLSL,7.6938820906051575
17,7,4,350,MLSL,7.27127908351207
17,7,5,350,MLSL,6.170979744664166
17,7,6,350,MLSL,5.966996085412731
17,7,7,350,MLSL,5.6742121957596225
17,7,8,350,MLSL,7.320767478969643
17,7,9,350,MLSL,6.788283342868553
17,7,10,350,MLSL,6.900096194882778
17,7,11,350,MLSL,6.766941876636821
17,7,12,350,MLSL,5.5220597361332295
17,7,13,350,MLSL,6.103301669955471
17,7,14,350,MLSL,4.424612859460979
17,7,15,350,MLSL,6.2566711089901474
17,7,16,350,MLSL,5.000032380108749
17,7,17,350,MLSL,7.569768654453327
17,7,18,350,MLSL,6.81537928089206
17,7,19,350,MLSL,6.644711287396348
18,1,0,350,MLSL,19.071489691038757
18,1,1,350,MLSL,30.834542809609562
18,1,2,350,MLSL,21.43531393760332
18,1,3,350,MLSL,24.633256015111925
18,1,4,350,MLSL,28.30848287012738
18,1,5,350,MLSL,23.886181208835588
18,1,6,350,MLSL,26.006282995951928
18,1,7,350,MLSL,21.64726351193766
18,1,8,350,MLSL,22.521320066968457
18,1,9,350,MLSL,24.507015342435334
18,1,10,350,MLSL,25.68417596406578
18,1,11,350,MLSL,29.868653441868275
18,1,12,350,MLSL,23.301275338081314
18,1,13,350,MLSL,24.76165080191228
18,1,14,350,MLSL,31.30603996082901
18,1,15,350,MLSL,17.069684034580728
18,1,16,350,MLSL,26.74595831185906
18,1,17,350,MLSL,18.08662068146524
18,1,18,350,MLSL,21.467731355700412
18,1,19,350,MLSL,27.317624181367115
18,2,0,350,MLSL,29.199271556605243
18,2,1,350,MLSL,23.692051590068058
18,2,2,350,MLSL,23.653025188046673
18,2,3,350,MLSL,25.604905326833627
18,2,4,350,MLSL,19.868468887328763
18,2,5,350,MLSL,26.0512533340337
18,2,6,350,MLSL,20.091988603652542
18,2,7,350,MLSL,28.56489656616579
18,2,8,350,MLSL,22.658667706607662
18,2,9,350,MLSL,26.125630229480034
18,2,10,350,MLSL,18.55220429037684
18,2,11,350,MLSL,18.628719287024357
18,2,12,350,MLSL,21.080607769236
18,2,13,350,MLSL,21.599510834086058
18,2,14,350,MLSL,22.266149383327534
18,2,15,350,MLSL,19.07657805721497
18,2,16,350,MLSL,22.17194052889916
18,2,17,350,MLSL,27.414172363703468
18,2,18,350,MLSL,25.71017554244499
18,2,19,350,MLSL,23.077851959995105
18,3,0,350,MLSL,37.401016627595936
18,3,1,350,MLSL,26.89715337962673
18,3,2,350,MLSL,33.432937257507774
18,3,3,350,MLSL,21.87678006869021
18,3,4,350,MLSL,26.28346522467774
18,3,5,350,MLSL,24.555389792268443
18,3,6,350,MLSL,31.807303910417374
18,3,7,350,MLSL,18.049505807647677
18,3,8,350,MLSL,30.305873616428755
18,3,9,350,MLSL,23.662571945443972
18,3,10,350,MLSL,28.090423658448174
18,3,11,350,MLSL,32.27969571738697
18,3,12,350,MLSL,24.00705815299108
18,3,13,350,MLSL,20.411751875826724
18,3,14,350,MLSL,25.753048377315395
18,3,15,350,MLSL,32.35700073853832
18,3,16,350,MLSL,27.216149373840835
18,3,17,350,MLSL,22.561379499029158
18,3,18,350,MLSL,28.076581555454425
18,3,19,350,MLSL,32.54430359013122
18,4,0,350,MLSL,23.282249004695018
18,4,1,350,MLSL,22.83423378660067
18,4,2,350,MLSL,19.203210256932287
18,4,3,350,MLSL,37.01249173179921
18,4,4,350,MLSL,19.67692404626586
18,4,5,350,MLSL,20.921508810185166
18,4,6,350,MLSL,31.25774666365566
18,4,7,350,MLSL,20.55395083022426
18,4,8,350,MLSL,22.196235952690976
18,4,9,350,MLSL,20.043554767666883
18,4,10,350,MLSL,19.171740471082366
18,4,11,350,MLSL,28.72798380769546
18,4,12,350,MLSL,20.79862383712601
18,4,13,350,MLSL,26.745981466984794
18,4,14,350,MLSL,25.57376003432563
18,4,15,350,MLSL,24.072538051860697
18,4,16,350,MLSL,25.315140278255647
18,4,17,350,MLSL,31.30182942724108
18,4,18,350,MLSL,23.26617877530898
18,4,19,350,MLSL,26.583897569494297
18,5,0,350,MLSL,25.26046793795267
18,5,1,350,MLSL,21.873756028498065
18,5,2,350,MLSL,31.87218218089393
18,5,3,350,MLSL,33.59048791410544
18,5,4,350,MLSL,20.324777578778765
18,5,5,350,MLSL,32.725512637649615
18,5,6,350,MLSL,25.81725945552121
18,5,7,350,MLSL,30.272688217323065
18,5,8,350,MLSL,29.747356972091552
18,5,9,350,MLSL,29.622104313705776
18,5,10,350,MLSL,25.802419459531706
18,5,11,350,MLSL,26.49099666657338
18,5,12,350,MLSL,22.959607994778224
18,5,13,350,MLSL,29.393200722519538
18,5,14,350,MLSL,23.14310932841356
18,5,15,350,MLSL,24.343284289973013
18,5,16,350,MLSL,30.295434935292192
18,5,17,350,MLSL,27.47311829823991
18,5,18,350,MLSL,20.9183153897402
18,5,19,350,MLSL,27.77162491550223
18,6,0,350,MLSL,28.213500492647853
18,6,1,350,MLSL,20.219381340227017
18,6,2,350,MLSL,27.147156902252306
18,6,3,350,MLSL,24.404336389299118
18,6,4,350,MLSL,27.170882878925113
18,6,5,350,MLSL,27.373682269118973
18,6,6,350,MLSL,18.53820796266706
18,6,7,350,MLSL,19.767118052281802
18,6,8,350,MLSL,20.796004156902683
18,6,9,350,MLSL,19.80121036714047
18,6,10,350,MLSL,30.46839734363428
18,6,11,350,MLSL,23.02038504721355
18,6,12,350,MLSL,22.175197893358586
18,6,13,350,MLSL,24.243514908616362
18,6,14,350,MLSL,24.0119084897961
18,6,15,350,MLSL,27.58861175064024
18,6,16,350,MLSL,28.60777399507799
18,6,17,350,MLSL,25.07733904399933
18,6,18,350,MLSL,24.027272348965482
18,6,19,350,MLSL,20.994585833213534
18,7,0,350,MLSL,18.530743114466205
18,7,1,350,MLSL,29.019081404661065
18,7,2,350,MLSL,27.066504685473333
18,7,3,350,MLSL,30.882159119446143
18,7,4,350,MLSL,20.239977195724904
18,7,5,350,MLSL,27.168396733056866
18,7,6,350,MLSL,24.212850307884437
18,7,7,350,MLSL,26.371453578123933
18,7,8,350,MLSL,33.42794906867893
18,7,9,350,MLSL,27.311885706408546
18,7,10,350,MLSL,25.67975264062703
18,7,11,350,MLSL,25.53099488981404
18,7,12,350,MLSL,20.27818128567928
18,7,13,350,MLSL,29.28800431923493
18,7,14,350,MLSL,29.496028275607998
18,7,15,350,MLSL,23.133904602730453
18,7,16,350,MLSL,27.751596320562683
18,7,17,350,MLSL,20.337210332196676
18,7,18,350,MLSL,20.813689877799945
18,7,19,350,MLSL,25.95022739726467
19,1,0,350,MLSL,9.099341082179649
19,1,1,350,MLSL,9.264426885866072
19,1,2,350,MLSL,9.262314202167502
19,1,3,350,MLSL,7.336273786610889
19,1,4,350,MLSL,8.682266850837792
19,1,5,350,MLSL,8.789210237640091
19,1,6,350,MLSL,7.81302729785088
19,1,7,350,MLSL,8.914954380219982
19,1,8,350,MLSL,9.484452877134188
19,1,9,350,MLSL,8.30497218430763
19,1,10,350,MLSL,8.269030589982165
19,1,11,350,MLSL,8.658589202714765
19,1,12,350,MLSL,8.671754070890557
19,1,13,350,MLSL,8.73621212493957
19,1,14,350,MLSL,9.231235898000122
19,1,15,350,MLSL,8.740628353653122
19,1,16,350,MLSL,7.9415755595526605
19,1,17,350,MLSL,9.222326202470569
19,1,18,350,MLSL,9.791274352611438
19,1,19,350,MLSL,8.679362603191848
19,2,0,350,MLSL,8.810750907765495
19,2,1,350,MLSL,8.29968470470807
19,2,2,350,MLSL,9.620161142634274
19,2,3,350,MLSL,10.254046929616763
19,2,4,350,MLSL,8.513201779883673
19,2,5,350,MLSL,9.140003546760525
19,2,6,350,MLSL,10.20477943398815
19,2,7,350,MLSL,9.65270681973307
19,2,8,350,MLSL,10.52693585023286
19,2,9,350,MLSL,9.101476263741901
19,2,10,350,MLSL,9.389163710514666
19,2,11,350,MLSL,9.62378828215894
19,2,12,350,MLSL,8.961431859414887
19,2,13,350,MLSL,9.205958966077404
19,2,14,350,MLSL,8.632270550270945
19,2,15,350,MLSL,8.833574683064754
19,2,16,350,MLSL,8.877593006572383
19,2,17,350,MLSL,10.023015844638152
19,2,18,350,MLSL,8.938826803592377
19,2,19,350,MLSL,9.740672069978316
19,3,0,350,MLSL,9.003454156925017
19,3,1,350,MLSL,9.989643779089533
19,3,2,350,MLSL,9.65211361097272
19,3,3,350,MLSL,9.481048356049001
19,3,4,350,MLSL,8.579470986208634
19,3,5,350,MLSL,9.398690543301967
19,3,6,350,MLSL,9.000799782548114
19,3,7,350,MLSL,8.890289368692066
19,3,8,350,MLSL,9.255150796208795
19,3,9,350,MLSL,9.453831866795696
19,3,10,350,MLSL,9.819085105108428
19,3,11,350,MLSL,8.55789661646375
19,3,12,350,MLSL,8.48246865528688
19,3,13,350,MLSL,9.093021540847246
19,3,14,350,MLSL,8.92690232433111
19,3,15,350,MLSL,8.76999612392612
19,3,16,350,MLSL,9.467869575323533
19,3,17,350,MLSL,8.547123950493926
19,3,18,350,MLSL,9.042150044910215
19,3,19,350,MLSL,8.526236883943852
19,4,0,350,MLSL,9.059437857369744
19,4,1,350,MLSL,10.005355888845003
19,4,2,350,MLSL,9.917785476780907
19,4,3,350,MLSL,9.910208188158656
19,4,4,350,MLSL,8.899720625308603
19,4,5,350,MLSL,8.979037719513137
19,4,6,350,MLSL,9.66099531324685
19,4,7,350,MLSL,8.773076015758896
19,4,8,350,MLSL,9.027040565103867
19,4,9,350,MLSL,8.207070742223728
19,4,10,350,MLSL,8.969846318657481
19,4,11,350,MLSL,9.141936527258729
19,4,12,350,MLSL,8.506792938981903
19,4,13,350,MLSL,7.716225860944512
19,4,14,350,MLSL,8.759141423297734
19,4,15,350,MLSL,8.651952399784399
19,4,16,350,MLSL,9.4842682897075
19,4,17,350,MLSL,8.99137111387558
19,4,18,350,MLSL,9.57830733668515
19,4,19,350,MLSL,8.06858543575239
19,5,0,350,MLSL,8.998693562864673
19,5,1,350,MLSL,8.050042182370248
19,5,2,350,MLSL,8.967553144023668
19,5,3,350,MLSL,8.235899698370758
19,5,4,350,MLSL,10.173192214956089
19,5,5,350,MLSL,7.173909787973457
19,5,6,350,MLSL,8.55599681357387
19,5,7,350,MLSL,8.997524611481253
19,5,8,350,MLSL,9.225822684676132
19,5,9,350,MLSL,8.737092673696793
19,5,10,350,MLSL,9.416688404597721
19,5,11,350,MLSL,9.165578902183029
19,5,12,350,MLSL,9.062405687236947
19,5,13,350,MLSL,9.652162631243755
19,5,14,350,MLSL,9.763198310436792
19,5,15,350,MLSL,9.67462583343854
19,5,16,350,MLSL,8.799375192836123
19,5,17,350,MLSL,7.985269840889828
19,5,18,350,MLSL,9.515043050038116
19,5,19,350,MLSL,10.051083457145182
19,6,0,350,MLSL,8.78433064316124
19,6,1,350,MLSL,7.31982659416235
19,6,2,350,MLSL,8.6036108310891
19,6,3,350,MLSL,9.482550951214165
19,6,4,350,MLSL,9.435810895627156
19,6,5,350,MLSL,9.379860518480058
19,6,6,350,MLSL,9.825049297479637
19,6,7,350,MLSL,8.275390006769811
19,6,8,350,MLSL,9.818871146277274
19,6,9,350,MLSL,8.47015008939448
19,6,10,350,MLSL,8.15616171271435
19,6,11,350,MLSL,8.36501910219431
19,6,12,350,MLSL,9.540463056244988
19,6,13,350,MLSL,8.330263699302009
19,6,14,350,MLSL,8.628494502285974
19,6,15,350,MLSL,9.653782469114219
19,6,16,350,MLSL,8.21170827154242
19,6,17,350,MLSL,8.633861433381867
19,6,18,350,MLSL,9.400382930100903
19,6,19,350,MLSL,9.295371644463415
19,7,0,350,MLSL,8.877272447377976
19,7,1,350,MLSL,9.281478685107182
19,7,2,350,MLSL,8.908605442360376
19,7,3,350,MLSL,10.076537180844483
19,7,4,350,MLSL,9.31802648761186
19,7,5,350,MLSL,8.257507961461691
19,7,6,350,MLSL,8.89370984914251
19,7,7,350,MLSL,9.499310983696617
19,7,8,350,MLSL,9.346837617863784
19,7,9,350,MLSL,9.229479196245883
19,7,10,350,MLSL,8.889566055209336
19,7,11,350,MLSL,8.16742006679273
19,7,12,350,MLSL,9.436794662472622
19,7,13,350,MLSL,9.64781381299661
19,7,14,350,MLSL,10.106787258800857
19,7,15,350,MLSL,8.201469308123535
19,7,16,350,MLSL,8.682814693829357
19,7,17,350,MLSL,8.62364201977369
19,7,18,350,MLSL,9.622598366493932
19,7,19,350,MLSL,10.063578439877851
20,1,0,350,MLSL,6290.667122261394
20,1,1,350,MLSL,8867.877133174125
20,1,2,350,MLSL,1563.8916346619335
20,1,3,350,MLSL,2734.433911453994
20,1,4,350,MLSL,5220.314906297998
20,1,5,350,MLSL,2751.803216750364
20,1,6,350,MLSL,1465.6501571415113
20,1,7,350,MLSL,2358.1613547019824
20,1,8,350,MLSL,4511.701460151986
20,1,9,350,MLSL,2464.6492733387495
20,1,10,350,MLSL,4356.208607922184
20,1,11,350,MLSL,3023.687746762128
20,1,12,350,MLSL,2302.6669985884687
20,1,13,350,MLSL,8441.363171296147
20,1,14,350,MLSL,4962.553832292298
20,1,15,350,MLSL,7639.673985852507
20,1,16,350,MLSL,4158.52250653426
20,1,17,350,MLSL,4840.117098934749
20,1,18,350,MLSL,3529.4082977753324
20,1,19,350,MLSL,1876.8790562503352
20,2,0,350,MLSL,3345.879240108816
20,2,1,350,MLSL,4668.018146466193
20,2,2,350,MLSL,1416.6745740968954
20,2,3,350,MLSL,2198.885727267935
20,2,4,350,MLSL,2755.3034635986833
20,2,5,350,MLSL,2719.5079702456987
20,2,6,350,MLSL,3853.050028109321
20,2,7,350,MLSL,4496.621514600326
20,2,8,350,MLSL,4966.677757891619
20,2,9,350,MLSL,2793.3881377252715
20,2,10,350,MLSL,379.24007233556495
20,2,11,350,MLSL,5972.5911561682
20,2,12,350,MLSL,2782.0665484360948
20,2,13,350,MLSL,1452.3905489338795
20,2,14,350,MLSL,4512.943317943134
20,2,15,350,MLSL,1486.3864673100288
20,2,16,350,MLSL,1716.4321001103017
20,2,17,350,MLSL,1117.3802958253445
20,2,18,350,MLSL,2789.6473219641275
20,2,19,350,MLSL,2640.0898689315823
20,3,0,350,MLSL,2944.4827131437346
20,3,1,350,MLSL,3420.119293881564
20,3,2,350,MLSL,1166.8686305305964
20,3,3,350,MLSL,3801.8231147704687
20,3,4,350,MLSL,5123.832612907753
20,3,5,350,MLSL,4029.0830614722854
20,3,6,350,MLSL,7714.545439434644
20,3,7,350,MLSL,7661.861421174399
20,3,8,350,MLSL,1993.997132644458
20,3,9,350,MLSL,2704.3621456327774
20,3,10,350,MLSL,5967.203458035106
20,3,11,350,MLSL,5289.370045504253
20,3,12,350,MLSL,2517.289460887224
20,3,13,350,MLSL,984.9708387269317
20,3,14,350,MLSL,3529.1884383381166
20,3,15,350,MLSL,1925.7861508914152
20,3,16,350,MLSL,4351.5659187626325
20,3,17,350,MLSL,1201.8920988758618
20,3,18,350,MLSL,859.7735149136871
20,3,19,350,MLSL,1771.4881561237175
20,4,0,350,MLSL,3982.83658230567
20,4,1,350,MLSL,715.0934715618184
20,4,2,350,MLSL,7894.580538841429
20,4,3,350,MLSL,6813.592517214984
20,4,4,350,MLSL,3069.282331159762
20,4,5,350,MLSL,1822.5341092723897
20,4,6,350,MLSL,3328.1748606791884
20,4,7,350,MLSL,2795.6049587755774
20,4,8,350,MLSL,3727.540109234011
20,4,9,350,MLSL,1027.821072979149
20,4,10,350,MLSL,2068.124529759677
20,4,11,350,MLSL,2802.0727662768595
20,4,12,350,MLSL,5570.147063953967
20,4,13,350,MLSL,3509.47417109158
20,4,14,350,MLSL,8939.078539095844
20,4,15,350,MLSL,9629.69701863544
20,4,16,350,MLSL,4804.602524962519
20,4,17,350,MLSL,4481.884995862286
20,4,18,350,MLSL,4467.134328701641
20,4,19,350,MLSL,4086.1893840883413
20,5,0,350,MLSL,5970.6108014417
20,5,1,350,MLSL,2160.240710697779
20,5,2,350,MLSL,3542.952667006233
20,5,3,350,MLSL,2705.7174326580944
20,5,4,350,MLSL,1888.8001660626173
20,5,5,350,MLSL,3884.5320441047306
20,5,6,350,MLSL,3872.5280578175207
20,5,7,350,MLSL,1407.1822338312613
20,5,8,350,MLSL,2174.0226436037156
20,5,9,350,MLSL,1982.0808583858377
20,5,10,350,MLSL,1075.778882711037
20,5,11,350,MLSL,4122.642081716373
20,5,12,350,MLSL,1774.6775939458298
20,5,13,350,MLSL,4515.699049398144
20,5,14,350,MLSL,1430.7342914068013
20,5,15,350,MLSL,2453.8151608331978
20,5,16,350,MLSL,286.8566999387743
20,5,17,350,MLSL,10274.845969265742
20,5,18,350,MLSL,5272.295838211832
20,5,19,350,MLSL,1974.4044863975428
20,6,0,350,MLSL,3251.811390694678
20,6,1,350,MLSL,5759.130904393312
20,6,2,350,MLSL,3120.572082221909
20,6,3,350,MLSL,7163.661387949727
20,6,4,350,MLSL,3640.5261636518453
20,6,5,350,MLSL,987.7657480383001
20,6,6,350,MLSL,1523.1649225875922
20,6,7,350,MLSL,3076.4880210050906
20,6,8,350,MLSL,4590.193601647582
20,6,9,350,MLSL,5611.63390788817
20,6,10,350,MLSL,8293.611840854122
20,6,11,350,MLSL,1180.2610766202358
20,6,12,350,MLSL,9448.134849449512
20,6,13,350,MLSL,1764.0832871751218
20,6,14,350,MLSL,2982.876342111279
20,6,15,350,MLSL,3623.9373203225236
20,6,16,350,MLSL,2344.637711475571
20,6,17,350,MLSL,3365.4169692392943
20,6,18,350,MLSL,7091.341359891058
20,6,19,350,MLSL,1556.3128441847336
20,7,0,350,MLSL,3177.4831947448047
20,7,1,350,MLSL,9642.549788601025
20,7,2,350,MLSL,4191.839547636815
20,7,3,350,MLSL,1680.8765654022625
20,7,4,350,MLSL,5430.905157760248
20,7,5,350,MLSL,5541.906033445639
20,7,6,350,MLSL,936.4695840111202
20,7,7,350,MLSL,2396.1294084099886
20,7,8,350,MLSL,3152.150424595047
20,7,9,350,MLSL,3423.1453839805745
20,7,10,350,MLSL,3589.913777565045
20,7,11,350,MLSL,2854.1640577342127
20,7,12,350,MLSL,6079.415895426243
20,7,13,350,MLSL,4155.4261224378
20,7,14,350,MLSL,3043.8453345477883
20,7,15,350,MLSL,3531.8005535548646
20,7,16,350,MLSL,1430.0034788131766
20,7,17,350,MLSL,9831.496042414363
20,7,18,350,MLSL,5194.994852831593
20,7,19,350,MLSL,1387.3623963567163
21,1,0,350,MLSL,39.94450301595052
21,1,1,350,MLSL,58.45033482922517
21,1,2,350,MLSL,22.138304581233058
21,1,3,350,MLSL,24.041729203423813
21,1,4,350,MLSL,25.80745384910037
21,1,5,350,MLSL,32.880510367120905
21,1,6,350,MLSL,35.48359233960643
21,1,7,350,MLSL,34.76015478299081
21,1,8,350,MLSL,41.72876639296251
21,1,9,350,MLSL,24.072971553292433
21,1,10,350,MLSL,42.74010283837846
21,1,11,350,MLSL,33.79648786023877
21,1,12,350,MLSL,23.682325591353532
21,1,13,350,MLSL,26.088329344755266
21,1,14,350,MLSL,55.41306777286289
21,1,15,350,MLSL,24.15892961050477
21,1,16,350,MLSL,31.805247026300123
21,1,17,350,MLSL,66.4255814595632
21,1,18,350,MLSL,29.386392287729834
21,1,19,350,MLSL,27.598177838068153
21,2,0,350,MLSL,23.17659749213104
21,2,1,350,MLSL,38.191359135299166
21,2,2,350,MLSL,35.035511634085545
21,2,3,350,MLSL,34.787377684417976
21,2,4,350,MLSL,31.418000559969865
21,2,5,350,MLSL,30.03937590258044
21,2,6,350,MLSL,35.685619892894245
21,2,7,350,MLSL,31.256324406064564
21,2,8,350,MLSL,23.037083667551602
21,2,9,350,MLSL,36.57191127854852
21,2,10,350,MLSL,33.744979510119876
21,2,11,350,MLSL,20.57763931467746
21,2,12,350,MLSL,31.671264939012005
21,2,13,350,MLSL,49.0617302861524
21,2,14,350,MLSL,52.125611055586916
21,2,15,350,MLSL,24.93041846248206
21,2,16,350,MLSL,23.476137497341746
21,2,17,350,MLSL,64.30133842067899
21,2,18,350,MLSL,50.70450032724334
21,2,19,350,MLSL,29.264555637633883
21,3,0,350,MLSL,21.00595172396197
21,3,1,350,MLSL,59.05115631708031
21,3,2,350,MLSL,32.91146951171993
21,3,3,350,MLSL,23.414975138146872
21,3,4,350,MLSL,22.951043365472685
21,3,5,350,MLSL,43.7084789207035
21,3,6,350,MLSL,21.460797266636746
21,3,7,350,MLSL,50.50945390306026
21,3,8,350,MLSL,20.701942244688382
21,3,9,350,MLSL,37.91726890077007
21,3,10,350,MLSL,30.55367837718643
21,3,11,350,MLSL,26.727124220742894
21,3,12,350,MLSL,34.87179688220243
21,3,13,350,MLSL,27.497065176164483
21,3,14,350,MLSL,22.803419813934113
21,3,15,350,MLSL,35.30625695575145
21,3,16,350,MLSL,24.241635981375225
21,3,17,350,MLSL,51.67726888028034
21,3,18,350,MLSL,30.658893786929013
21,3,19,350,MLSL,31.105098164114793
21,4,0,350,MLSL,23.526812814222225
21,4,1,350,MLSL,25.899600144357606
21,4,2,350,MLSL,18.9104687548715
21,4,3,350,MLSL,36.09135758719814
21,4,4,350,MLSL,22.884292408298272
21,4,5,350,MLSL,24.909450704867375
21,4,6,350,MLSL,17.623325434310605
21,4,7,350,MLSL,28.209355074177306
21,4,8,350,MLSL,34.06972902626446
21,4,9,350,MLSL,30.335369017439366
21,4,10,350,MLSL,27.99356576522482
21,4,11,350,MLSL,47.19329874064351
21,4,12,350,MLSL,28.226094188837248
21,4,13,350,MLSL,22.633578198181954
21,4,14,350,MLSL,20.34644626969795
21,4,15,350,MLSL,39.71099675845741
21,4,16,350,MLSL,20.643620841030053
21,4,17,350,MLSL,39.32345460560656
21,4,18,350,MLSL,30.56327903168944
21,4,19,350,MLSL,20.4552701438739
21,5,0,350,MLSL,52.95931170049653
21,5,1,350,MLSL,28.8817247086306
21,5,2,350,MLSL,42.24450396750319
21,5,3,350,MLSL,32.7499070465293
21,5,4,350,MLSL,36.860725616495074
21,5,5,350,MLSL,13.675588342813967
21,5,6,350,MLSL,13.957252285593313
21,5,7,350,MLSL,28.312264618825566
21,5,8,350,MLSL,29.3068669491621
21,5,9,350,MLSL,25.772659054544647
21,5,10,350,MLSL,19.591775354510787
21,5,11,350,MLSL,22.643827114234227
21,5,12,350,MLSL,21.231604708074656
21,5,13,350,MLSL,27.523155677845352
21,5,14,350,MLSL,36.49484731126381
21,5,15,350,MLSL,46.242110995544294
21,5,16,350,MLSL,20.73809950922623
21,5,17,350,MLSL,21.67818560953401
21,5,18,350,MLSL,44.4915865040698
21,5,19,350,MLSL,25.678646358589276
21,6,0,350,MLSL,57.75679589034917
21,6,1,350,MLSL,32.52696800250783
21,6,2,350,MLSL,37.14405037062693
21,6,3,350,MLSL,34.29116329821454
21,6,4,350,MLSL,30.546129710301443
21,6,5,350,MLSL,30.20989176366652
21,6,6,350,MLSL,25.845208326336888
21,6,7,350,MLSL,28.304491304171734
21,6,8,350,MLSL,33.49690516794601
21,6,9,350,MLSL,59.11962230338759
21,6,10,350,MLSL,35.60722349513378
21,6,11,350,MLSL,30.98254711672189
21,6,12,350,MLSL,29.077336685594105
21,6,13,350,MLSL,24.848421729938423
21,6,14,350,MLSL,29.901670908414076
21,6,15,350,MLSL,31.841599841883976
21,6,16,350,MLSL,23.190008844908903
21,6,17,350,MLSL,28.453313208114537
21,6,18,350,MLSL,60.66196222326039
21,6,19,350,MLSL,49.98430964186946
21,7,0,350,MLSL,53.232829523978424
21,7,1,350,MLSL,27.370816097009666
21,7,2,350,MLSL,55.38346896243171
21,7,3,350,MLSL,49.27097078337043
21,7,4,350,MLSL,51.813515669648595
21,7,5,350,MLSL,58.26282417581193
21,7,6,350,MLSL,35.8294300116673
21,7,7,350,MLSL,19.32159836911974
21,7,8,350,MLSL,48.954343186504715
21,7,9,350,MLSL,35.699301066432994
21,7,10,350,MLSL,51.52977458085532
21,7,11,350,MLSL,59.34805521261977
21,7,12,350,MLSL,21.185274100851117
21,7,13,350,MLSL,30.30618783002801
21,7,14,350,MLSL,48.68548725914708
21,7,15,350,MLSL,51.96220588178657
21,7,16,350,MLSL,51.222568633287196
21,7,17,350,MLSL,56.36213011302651
21,7,18,350,MLSL,57.87837856237071
21,7,19,350,MLSL,26.43773612265231
22,1,0,350,MLSL,25.634911583658322
22,1,1,350,MLSL,46.02147631667401
22,1,2,350,MLSL,54.46673196712527
22,1,3,350,MLSL,29.132611607849526
22,1,4,350,MLSL,51.51794252808554
22,1,5,350,MLSL,42.93375605081326
22,1,6,350,MLSL,50.37997879841521
22,1,7,350,MLSL,37.72500688996104
22,1,8,350,MLSL,45.41536439956235
22,1,9,350,MLSL,45.093729403323096
22,1,10,350,MLSL,40.95717218635059
22,1,11,350,MLSL,44.17085402685723
22,1,12,350,MLSL,38.44828610008426
22,1,13,350,MLSL,42.708288295407215
22,1,14,350,MLSL,21.52234865738353
22,1,15,350,MLSL,27.384726658827276
22,1,16,350,MLSL,53.5340593591568
22,1,17,350,MLSL,50.60061733594307
22,1,18,350,MLSL,25.358540421392945
22,1,19,350,MLSL,45.234114256365956
22,2,0,350,MLSL,45.691812293276826
22,2,1,350,MLSL,68.07947825651036
22,2,2,350,MLSL,57.085983750134346
22,2,3,350,MLSL,68.96029749041736
22,2,4,350,MLSL,49.99757953173912
22,2,5,350,MLSL,67.42333843404799
22,2,6,350,MLSL,56.065387763599574
22,2,7,350,MLSL,56.16155290789061
22,2,8,350,MLSL,55.052962350056305
22,2,9,350,MLSL,49.60675166667011
22,2,10,350,MLSL,67.84699220285984
22,2,11,350,MLSL,61.61624251803755
22,2,12,350,MLSL,59.74339231096246
22,2,13,350,MLSL,64.73967683858973
22,2,14,350,MLSL,56.83884459508636
22,2,15,350,MLSL,67.40162294575407
22,2,16,350,MLSL,63.91502306370057
22,2,17,350,MLSL,66.75907217714439
22,2,18,350,MLSL,53.961987501655585
22,2,19,350,MLSL,65.87065158653559
22,3,0,350,MLSL,22.739895813340556
22,3,1,350,MLSL,18.648459894146455
22,3,2,350,MLSL,21.660784616170996
22,3,3,350,MLSL,31.88900072919652
22,3,4,350,MLSL,35.03294167358554
22,3,5,350,MLSL,30.859838256467377
22,3,6,350,MLSL,24.437688489251215
22,3,7,350,MLSL,19.530514663311443
22,3,8,350,MLSL,22.16918217943595
22,3,9,350,MLSL,18.451009041181827
22,3,10,350,MLSL,31.177111145094564
22,3,11,350,MLSL,37.48092380326727
22,3,12,350,MLSL,23.856631257066205
22,3,13,350,MLSL,47.00612539491474
22,3,14,350,MLSL,27.581276842637088
22,3,15,350,MLSL,24.832811059082744
22,3,16,350,MLSL,24.09182287415813
22,3,17,350,MLSL,22.214941017890848
22,3,18,350,MLSL,25.366436680938563
22,3,19,350,MLSL,17.9677186103564
22,4,0,350,MLSL,19.416501328044944
22,4,1,350,MLSL,18.69029324217064
22,4,2,350,MLSL,44.683968751109205
22,4,3,350,MLSL,22.49960884503639
22,4,4,350,MLSL,27.23476459092126
22,4,5,350,MLSL,19.868805563834655
22,4,6,350,MLSL,18.97327200721952
22,4,7,350,MLSL,17.203263164987618
22,4,8,350,MLSL,29.635777219509407
22,4,9,350,MLSL,26.50655888083753
22,4,10,350,MLSL,24.15979229934095
22,4,11,350,MLSL,20.119326758058378
22,4,12,350,MLSL,34.399609445243186
22,4,13,350,MLSL,22.48003838094644
22,4,14,350,MLSL,34.700715106846985
22,4,15,350,MLSL,31.045091862254424
22,4,16,350,MLSL,20.98359421739991
22,4,17,350,MLSL,20.08965728699468
22,4,18,350,MLSL,20.725116482522026
22,4,19,350,MLSL,30.44965268949244
22,5,0,350,MLSL,23.87962780625508
22,5,1,350,MLSL,31.75118388205609
22,5,2,350,MLSL,38.70364272756532
22,5,3,350,MLSL,25.589452472742984
22,5,4,350,MLSL,38.785034934461
22,5,5,350,MLSL,29.64380253030489
22,5,6,350,MLSL,30.95195335368991
22,5,7,350,MLSL,27.197873479988353
22,5,8,350,MLSL,28.539911498279842
22,5,9,350,MLSL,26.019314037530386
22,5,10,350,MLSL,43.343212885753495
22,5,11,350,MLSL,49.49490351877409
22,5,12,350,MLSL,31.1299559341682
22,5,13,350,MLSL,25.489494257538404
22,5,14,350,MLSL,29.546204185609348
22,5,15,350,MLSL,34.727876946114456
22,5,16,350,MLSL,37.91993899019101
22,5,17,350,MLSL,30.01419821618756
22,5,18,350,MLSL,33.83069998930713
22,5,19,350,MLSL,25.440557908798176
22,6,0,350,MLSL,65.59011869920874
22,6,1,350,MLSL,68.82408491251917
22,6,2,350,MLSL,64.99227001316024
22,6,3,350,MLSL,66.37921932501573
22,6,4,350,MLSL,21.27846029477694
22,6,5,350,MLSL,28.3525461451598
22,6,6,350,MLSL,41.74913817602786
22,6,7,350,MLSL,63.64414394646892
22,6,8,350,MLSL,17.347552225294315
22,6,9,350,MLSL,66.69629860390299
22,6,10,350,MLSL,64.1935068919172
22,6,11,350,MLSL,66.6334870038738
22,6,12,350,MLSL,64.25331982707453
22,6,13,350,MLSL,63.97514883496061
22,6,14,350,MLSL,66.56954293380036
22,6,15,350,MLSL,64.92186475637624
22,6,16,350,MLSL,65.8003241372958
22,6,17,350,MLSL,65.2454420334735
22,6,18,350,MLSL,62.58476530136394
22,6,19,350,MLSL,67.19210756914038
22,7,0,350,MLSL,46.663654904229446
22,7,1,350,MLSL,50.55052264182686
22,7,2,350,MLSL,53.74751282808032
22,7,3,350,MLSL,51.73188829994709
22,7,4,350,MLSL,62.05217774464083
22,7,5,350,MLSL,39.71658887693101
22,7,6,350,MLSL,42.99942650557685
22,7,7,350,MLSL,34.7129504656059
22,7,8,350,MLSL,49.59288188172343
22,7,9,350,MLSL,48.963299133095944
22,7,10,350,MLSL,50.906810860662034
22,7,11,350,MLSL,41.31353965036436
22,7,12,350,MLSL,62.45922517816089
22,7,13,350,MLSL,54.753911201748
22,7,14,350,MLSL,51.11374890424298
22,7,15,350,MLSL,35.920282688557364
22,7,16,350,MLSL,59.57289317591787
22,7,17,350,MLSL,54.85141946162554
22,7,18,350,MLSL,33.861219773325985
22,7,19,350,MLSL,65.59853574541003
23,1,0,350,MLSL,5.291788506616283
23,1,1,350,MLSL,4.631908252914601
23,1,2,350,MLSL,5.486809966131987
23,1,3,350,MLSL,6.286633725921001
23,1,4,350,MLSL,5.170187469309636
23,1,5,350,MLSL,4.549344614556625
23,1,6,350,MLSL,5.1936346962245326
23,1,7,350,MLSL,5.189709985119166
23,1,8,350,MLSL,5.175601116281496
23,1,9,350,MLSL,5.074682413016018
23,1,10,350,MLSL,4.2942613764666975
23,1,11,350,MLSL,4.988520218858679
23,1,12,350,MLSL,5.073258042181981
23,1,13,350,MLSL,5.558903227802657
23,1,14,350,MLSL,4.51824708525868
23,1,15,350,MLSL,4.932313107624778
23,1,16,350,MLSL,5.609169335391873
23,1,17,350,MLSL,5.136711346227018
23,1,18,350,MLSL,5.083322318494161
23,1,19,350,MLSL,5.327259593923114
23,2,0,350,MLSL,5.406698844371521
23,2,1,350,MLSL,5.127030418934505
23,2,2,350,MLSL,3.971386039027828
23,2,3,350,MLSL,3.87941562046799
23,2,4,350,MLSL,5.402718523368022
23,2,5,350,MLSL,5.649012310127187
23,2,6,350,MLSL,4.95038101113472
23,2,7,350,MLSL,4.271117941350574
23,2,8,350,MLSL,5.040342355714393
23,2,9,350,MLSL,4.73360063856859
23,2,10,350,MLSL,4.497905574604376
23,2,11,350,MLSL,3.113862985889021
23,2,12,350,MLSL,5.690766658783961
23,2,13,350,MLSL,5.12972444825755
23,2,14,350,MLSL,4.739126892422724
23,2,15,350,MLSL,4.767132585278484
23,2,16,350,MLSL,5.503635424746175
23,2,17,350,MLSL,5.848423673865772
23,2,18,350,MLSL,5.092662098100061
23,2,19,350,MLSL,5.350407907660401
23,3,0,350,MLSL,4.253218278366774
23,3,1,350,MLSL,5.310603539737983
23,3,2,350,MLSL,4.284247764733664
23,3,3,350,MLSL,4.84501663732577
23,3,4,350,MLSL,5.504068809919474
23,3,5,350,MLSL,5.530883841514779
23,3,6,350,MLSL,5.455977229032314
23,3,7,350,MLSL,4.6896314706321505
23,3,8,350,MLSL,4.705008026930784
23,3,9,350,MLSL,4.661905746799164
23,3,10,350,MLSL,5.006605002816201
23,3,11,350,MLSL,5.100857066697003
23,3,12,350,MLSL,4.944211217520632
23,3,13,350,MLSL,4.486989114744688
23,3,14,350,MLSL,4.656589966441601
23,3,15,350,MLSL,4.827226573150597
23,3,16,350,MLSL,5.226272451219913
23,3,17,350,MLSL,5.627638192166657
23,3,18,350,MLSL,5.040912873950177
23,3,19,350,MLSL,4.687287948769978
23,4,0,350,MLSL,6.0582186119004575
23,4,1,350,MLSL,5.495164816371869
23,4,2,350,MLSL,5.093087315333946
23,4,3,350,MLSL,5.681053589305577
23,4,4,350,MLSL,4.6413800890888695
23,4,5,350,MLSL,4.909543127017287
23,4,6,350,MLSL,4.42353224271298
23,4,7,350,MLSL,5.061366881811324
23,4,8,350,MLSL,5.433498127047017
23,4,9,350,MLSL,4.748466705306583
23,4,10,350,MLSL,5.750250111528828
23,4,11,350,MLSL,4.692991492611185
23,4,12,350,MLSL,5.559721052145193
23,4,13,350,MLSL,5.973919136734509
23,4,14,350,MLSL,5.217931328588321
23,4,15,350,MLSL,5.202866894482213
23,4,16,350,MLSL,5.726379978615796
23,4,17,350,MLSL,5.022706682446483
23,4,18,350,MLSL,4.936547162759695
23,4,19,350,MLSL,5.942658122198736
23,5,0,350,MLSL,3.8514215129137455
23,5,1,350,MLSL,5.394586570567576
23,5,2,350,MLSL,4.310155376405632
23,5,3,350,MLSL,5.401264740870751
23,5,4,350,MLSL,5.790581766056853
23,5,5,350,MLSL,5.817713543217003
23,5,6,350,MLSL,5.397310449246007
23,5,7,350,MLSL,5.068590398214383
23,5,8,350,MLSL,5.265582618190145
23,5,9,350,MLSL,6.060555532158581
23,5,10,350,MLSL,5.381357631850982
23,5,11,350,MLSL,5.686916749266501
23,5,12,350,MLSL,5.153051860398385
23,5,13,350,MLSL,5.123569011175164
23,5,14,350,MLSL,4.861400461555284
23,5,15,350,MLSL,5.231456693981876
23,5,16,350,MLSL,4.790313876574075
23,5,17,350,MLSL,5.544827261848987
23,5,18,350,MLSL,5.959430857778038
23,5,19,350,MLSL,5.440826991728457
23,6,0,350,MLSL,4.62803144087691
23,6,1,350,MLSL,6.059332561742053
23,6,2,350,MLSL,4.945369444872625
23,6,3,350,MLSL,5.610219048814159
23,6,4,350,MLSL,5.9171555661594795
23,6,5,350,MLSL,3.812900564133102
23,6,6,350,MLSL,5.6064743378857145
23,6,7,350,MLSL,5.408486420995899
23,6,8,350,MLSL,3.4745975629251404
23,6,9,350,MLSL,5.56356840276392
23,6,10,350,MLSL,4.617909632204373
23,6,11,350,MLSL,5.282315965697364
23,6,12,350,MLSL,5.9044559675464825
23,6,13,350,MLSL,5.381806114258566
23,6,14,350,MLSL,4.400384652051116
23,6,15,350,MLSL,5.349721175025877
23,6,16,350,MLSL,5.703825166979101
23,6,17,350,MLSL,5.9099762951501305
23,6,18,350,MLSL,5.098119474220269
23,6,19,350,MLSL,5.141519511830907
23,7,0,350,MLSL,4.513776008236846
23,7,1,350,MLSL,4.979438683064814
23,7,2,350,MLSL,5.893186621480822
23,7,3,350,MLSL,5.486367912886976
23,7,4,350,MLSL,5.722454067404101
23,7,5,350,MLSL,5.427310714715873
23,7,6,350,MLSL,5.4223708093253435
23,7,7,350,MLSL,5.603030037361464
23,7,8,350,MLSL,5.332105536657878
23,7,9,350,MLSL,5.038733895518931
23,7,10,350,MLSL,5.538723982871261
23,7,11,350,MLSL,5.924644790876414
23,7,12,350,MLSL,6.169113421660427
23,7,13,350,MLSL,4.229573813650518
23,7,14,350,MLSL,5.348658363353934
23,7,15,350,MLSL,3.970494957289702
23,7,16,350,MLSL,3.3343830972630712
23,7,17,350,MLSL,5.470240694272093
23,7,18,350,MLSL,5.749665267465616
23,7,19,350,MLSL,5.726223741172703
24,1,0,350,MLSL,544.9367344606683
24,1,1,350,MLSL,579.0672062878438
24,1,2,350,MLSL,522.7245406204875
24,1,3,350,MLSL,527.0295678542425
24,1,4,350,MLSL,563.1344245580653
24,1,5,350,MLSL,500.77874580601076
24,1,6,350,MLSL,521.044082315523
24,1,7,350,MLSL,561.4057811757455
24,1,8,350,MLSL,553.579010744739
24,1,9,350,MLSL,456.7357420036117
24,1,10,350,MLSL,465.18696161991693
24,1,11,350,MLSL,523.7223993493833
24,1,12,350,MLSL,517.2704670027915
24,1,13,350,MLSL,439.3054067217664
24,1,14,350,MLSL,528.7956777964557
24,1,15,350,MLSL,557.8743556966278
24,1,16,350,MLSL,560.5049178484699
24,1,17,350,MLSL,602.8743682737702
24,1,18,350,MLSL,570.3909390397032
24,1,19,350,MLSL,570.4878108793237
24,2,0,350,MLSL,537.1118797305065
24,2,1,350,MLSL,510.8639066134826
24,2,2,350,MLSL,450.78450903719096
24,2,3,350,MLSL,518.0432660798501
24,2,4,350,MLSL,564.6458451817475
24,2,5,350,MLSL,524.9922661898497
24,2,6,350,MLSL,491.71351294428695
24,2,7,350,MLSL,464.8374161422311
24,2,8,350,MLSL,573.8171448367223
24,2,9,350,MLSL,494.43982896460517
24,2,10,350,MLSL,506.13633415247426
24,2,11,350,MLSL,537.7458361941228
24,2,12,350,MLSL,498.3653736101905
24,2,13,350,MLSL,436.342187656613
24,2,14,350,MLSL,560.4419604976074
24,2,15,350,MLSL,538.623657200618
24,2,16,350,MLSL,464.75051724806
24,2,17,350,MLSL,518.5243515929678
24,2,18,350,MLSL,536.2660975203632
24,2,19,350,MLSL,518.4354127261313
24,3,0,350,MLSL,577.374213929465
24,3,1,350,MLSL,599.5180447126286
24,3,2,350,MLSL,515.9482728647628
24,3,3,350,MLSL,476.355789471923
24,3,4,350,MLSL,555.5043570293332
24,3,5,350,MLSL,591.2537171548604
24,3,6,350,MLSL,538.9289247672923
24,3,7,350,MLSL,500.0911095450199
24,3,8,350,MLSL,550.917267557551
24,3,9,350,MLSL,538.2404542030472
24,3,10,350,MLSL,600.7825876952415
24,3,11,350,MLSL,504.14835479141345
24,3,12,350,MLSL,535.0814035899751
24,3,13,350,MLSL,573.235855780685
24,3,14,350,MLSL,541.9427243034405
24,3,15,350,MLSL,543.442276832867
24,3,16,350,MLSL,535.2228521654305
24,3,17,350,MLSL,511.83605142700776
24,3,18,350,MLSL,557.075660490368
24,3,19,350,MLSL,575.0739381764715
24,4,0,350,MLSL,532.2051056138564
24,4,1,350,MLSL,467.6270978551233
24,4,2,350,MLSL,495.18740372356166
24,4,3,350,MLSL,539.2872122587182
24,4,4,350,MLSL,470.14069706148365
24,4,5,350,MLSL,548.8907544037372
24,4,6,350,MLSL,487.7315888089333
24,4,7,350,MLSL,468.59053796516054
24,4,8,350,MLSL,423.3224877835616
24,4,9,350,MLSL,585.1784517655472
24,4,10,350,MLSL,560.2483019730121
24,4,11,350,MLSL,457.96572489743124
24,4,12,350,MLSL,515.2580272594407
24,4,13,350,MLSL,529.9477773342724
24,4,14,350,MLSL,533.6602523328891
24,4,15,350,MLSL,480.4667942097049
24,4,16,350,MLSL,503.25337289906196
24,4,17,350,MLSL,552.9774293944424
24,4,18,350,MLSL,535.4658500316962
24,4,19,350,MLSL,509.246905041188
24,5,0,350,MLSL,454.8709828230874
24,5,1,350,MLSL,523.8343293769337
24,5,2,350,MLSL,470.17394753184703
24,5,3,350,MLSL,538.6240173641576
24,5,4,350,MLSL,549.2678668389655
24,5,5,350,MLSL,497.22270433037613
24,5,6,350,MLSL,516.7024749955268
24,5,7,350,MLSL,478.34709522998367
24,5,8,350,MLSL,517.1842039575993
24,5,9,350,MLSL,510.9136074302444
24,5,10,350,MLSL,516.8224361938699
24,5,11,350,MLSL,522.0367289693497
24,5,12,350,MLSL,519.4435062521876
24,5,13,350,MLSL,607.4405428855846
24,5,14,350,MLSL,512.3110271320277
24,5,15,350,MLSL,514.304342458787
24,5,16,350,MLSL,491.9631486160223
24,5,17,350,MLSL,540.5789153767952
24,5,18,350,MLSL,493.4405385095571
24,5,19,350,MLSL,502.27362181813135
24,6,0,350,MLSL,556.9652235427365
24,6,1,350,MLSL,504.03878530579084
24,6,2,350,MLSL,556.5505479034366
24,6,3,350,MLSL,496.2833095409044
24,6,4,350,MLSL,579.2449373224065
24,6,5,350,MLSL,509.24545606433776
24,6,6,350,MLSL,511.97223981049524
24,6,7,350,MLSL,518.7023139467071
24,6,8,350,MLSL,520.5413367415924
24,6,9,350,MLSL,513.2811615329956
24,6,10,350,MLSL,546.0925722124838
24,6,11,350,MLSL,480.1254127169758
24,6,12,350,MLSL,468.702954769445
24,6,13,350,MLSL,546.4642019265466
24,6,14,350,MLSL,532.8450157776767
24,6,15,350,MLSL,496.09691999499046
24,6,16,350,MLSL,577.3886746270817
24,6,17,350,MLSL,581.8404868824618
24,6,18,350,MLSL,502.55109504612653
24,6,19,350,MLSL,538.8881075895541
24,7,0,350,MLSL,457.12460469860457
24,7,1,350,MLSL,490.0287538849907
24,7,2,350,MLSL,579.1870523616321
24,7,3,350,MLSL,510.31693643212907
24,7,4,350,MLSL,565.1667878227917
24,7,5,350,MLSL,525.1356999016631
24,7,6,350,MLSL,483.9165844633587
24,7,7,350,MLSL,565.48707978916
24,7,8,350,MLSL,566.2224962259028
24,7,9,350,MLSL,567.7345007998779
24,7,10,350,MLSL,527.7345406784117
24,7,11,350,MLSL,522.0752643251024
24,7,12,350,MLSL,496.19030127699637
24,7,13,350,MLSL,541.69714020985
24,7,14,350,MLSL,472.22507052537946
24,7,15,350,MLSL,505.28621792188045
24,7,16,350,MLSL,554.2395357048977
24,7,17,350,MLSL,553.766378126353
24,7,18,350,MLSL,459.93239647309684
24,7,19,350,MLSL,493.3943477189968
