fid,iid,rep,a1_budget,algname,achieved_regret
1,1,0,600,Elitist,0.9983479309275225
1,1,1,600,Elitist,1.6439839022561955
1,1,2,600,Elitist,1.3510011586668185
1,1,3,600,Elitist,1.1733302716577754
1,1,4,600,Elitist,0.8060556601669191
1,1,5,600,Elitist,1.3178698466126377
1,1,6,600,Elitist,1.0777353245553627
1,1,7,600,Elitist,1.2210309118859897
1,1,8,600,Elitist,1.70761783666714
1,1,9,600,Elitist,1.4590406655518393
1,1,10,600,Elitist,1.6508206666644725
1,1,11,600,Elitist,0.6229361671860261
1,1,12,600,Elitist,0.9639645497751985
1,1,13,600,Elitist,1.8521010908561522
1,1,14,600,Elitist,1.4335067057092203
1,1,15,600,Elitist,1.5247629868976418
1,1,16,600,Elitist,2.475359604723579
1,1,17,600,Elitist,1.6697119887518141
1,1,18,600,Elitist,1.0750251942204585
1,1,19,600,Elitist,1.4363164404759488
1,2,0,600,Elitist,1.1754116572233784
1,2,1,600,Elitist,0.884375489685624
1,2,2,600,Elitist,1.7996516950527166
1,2,3,600,Elitist,1.751704226552988
1,2,4,600,Elitist,1.3117687378895653
1,2,5,600,Elitist,1.3053367524595956
1,2,6,600,Elitist,1.5423585365609824
1,2,7,600,Elitist,1.237323345711502
1,2,8,600,Elitist,1.52167283997278
1,2,9,600,Elitist,1.3663955487860449
1,2,10,600,Elitist,1.1623085571842466
1,2,11,600,Elitist,1.212103996616122
1,2,12,600,Elitist,0.8508656702908866
1,2,13,600,Elitist,1.6555063553554987
1,2,14,600,Elitist,1.6790745781519831
1,2,15,600,Elitist,1.2313048473873778
1,2,16,600,Elitist,0.8507846910288208
1,2,17,600,Elitist,1.9029421541831653
1,2,18,600,Elitist,1.424148858597107
1,2,19,600,Elitist,0.8284277537997013
1,3,0,600,Elitist,1.605459542803402
1,3,1,600,Elitist,1.0813471963141126
1,3,2,600,Elitist,1.5343971189051047
1,3,3,600,Elitist,2.287188180437539
1,3,4,600,Elitist,1.3339155778733414
1,3,5,600,Elitist,1.4589326626220327
1,3,6,600,Elitist,1.2864456293558533
1,3,7,600,Elitist,2.149784776399798
1,3,8,600,Elitist,1.195185916210761
1,3,9,600,Elitist,1.2759608537912754
1,3,10,600,Elitist,1.5903121976252805
1,3,11,600,Elitist,1.535275070457402
1,3,12,600,Elitist,1.4407954193293335
1,3,13,600,Elitist,1.5160421459878535
1,3,14,600,Elitist,1.1418739217318148
1,3,15,600,Elitist,0.991980259829603
1,3,16,600,Elitist,1.3703923216287137
1,3,17,600,Elitist,0.9673275668438919
1,3,18,600,Elitist,1.4500097667061596
1,3,19,600,Elitist,1.736565801006435
1,4,0,600,Elitist,2.3766008316205784
1,4,1,600,Elitist,1.1885310489416554
1,4,2,600,Elitist,2.1277537084408493
1,4,3,600,Elitist,1.7468027730453173
1,4,4,600,Elitist,1.4069526408225386
1,4,5,600,Elitist,1.2945982099628566
1,4,6,600,Elitist,1.6263760175441178
1,4,7,600,Elitist,1.6814174232310677
1,4,8,600,Elitist,1.6390988898535284
1,4,9,600,Elitist,1.3045721926844465
1,4,10,600,Elitist,1.0112645103976945
1,4,11,600,Elitist,1.158053036712289
1,4,12,600,Elitist,0.901731583478778
1,4,13,600,Elitist,0.8638366434835802
1,4,14,600,Elitist,1.6204716640985453
1,4,15,600,Elitist,2.218937871204105
1,4,16,600,Elitist,1.146535873774269
1,4,17,600,Elitist,1.0335512062092675
1,4,18,600,Elitist,1.4943962003190734
1,4,19,600,Elitist,1.0242800609255767
1,5,0,600,Elitist,1.8984347619828235
1,5,1,600,Elitist,0.8514076056593716
1,5,2,600,Elitist,1.3527085653312092
1,5,3,600,Elitist,1.1761892797302806
1,5,4,600,Elitist,1.5275962650062667
1,5,5,600,Elitist,0.9565543078131569
1,5,6,600,Elitist,1.913871088069481
1,5,7,600,Elitist,1.3015556565699207
1,5,8,600,Elitist,1.3300120227953336
1,5,9,600,Elitist,1.1394607641794963
1,5,10,600,Elitist,1.8739821975199575
1,5,11,600,Elitist,1.2942214366644755
1,5,12,600,Elitist,2.0217037619105724
1,5,13,600,Elitist,1.2620927184411777
1,5,14,600,Elitist,1.5228377252579683
1,5,15,600,Elitist,0.9554447671684763
1,5,16,600,Elitist,1.6382222448462365
1,5,17,600,Elitist,2.019187914994344
1,5,18,600,Elitist,2.6426845884882404
1,5,19,600,Elitist,1.0724386586665915
1,6,0,600,Elitist,1.3210521868061278
1,6,1,600,Elitist,2.1746780213933903
1,6,2,600,Elitist,1.1470301765602358
1,6,3,600,Elitist,1.630580340820842
1,6,4,600,Elitist,1.6892545719981342
1,6,5,600,Elitist,2.569956317682056
1,6,6,600,Elitist,1.322625946000926
1,6,7,600,Elitist,1.6945749999185864
1,6,8,600,Elitist,1.0296623278547656
1,6,9,600,Elitist,1.4531856000800758
1,6,10,600,Elitist,1.7835789621223626
1,6,11,600,Elitist,1.4841136606023326
1,6,12,600,Elitist,1.3931023460886252
1,6,13,600,Elitist,1.575339037333407
1,6,14,600,Elitist,1.396824897494099
1,6,15,600,Elitist,1.3583734728168224
1,6,16,600,Elitist,1.5927537508995613
1,6,17,600,Elitist,1.5043250457401882
1,6,18,600,Elitist,1.0780839229343826
1,6,19,600,Elitist,1.0315618618006397
1,7,0,600,Elitist,1.1784457298969073
1,7,1,600,Elitist,1.8320257294265048
1,7,2,600,Elitist,0.8232152185447603
1,7,3,600,Elitist,1.370662998891703
1,7,4,600,Elitist,1.2849921020415422
1,7,5,600,Elitist,1.1176365502193448
1,7,6,600,Elitist,1.6852831871659646
1,7,7,600,Elitist,1.393568454776073
1,7,8,600,Elitist,1.484001940747703
1,7,9,600,Elitist,1.6813554426287283
1,7,10,600,Elitist,1.5293751249047318
1,7,11,600,Elitist,1.0795466327850818
1,7,12,600,Elitist,1.452422319588095
1,7,13,600,Elitist,2.0949016563906753
1,7,14,600,Elitist,1.1166092676080552
1,7,15,600,Elitist,1.0075249734532008
1,7,16,600,Elitist,1.2591714457213357
1,7,17,600,Elitist,0.9471139959183574
1,7,18,600,Elitist,1.1457073205108372
1,7,19,600,Elitist,1.7187701793462793
2,1,0,600,Elitist,247455.2251485595
2,1,1,600,Elitist,156016.94258789942
2,1,2,600,Elitist,316403.7400053618
2,1,3,600,Elitist,323236.4523011198
2,1,4,600,Elitist,379369.3974059838
2,1,5,600,Elitist,454080.163626132
2,1,6,600,Elitist,271038.8028250184
2,1,7,600,Elitist,418173.1306161061
2,1,8,600,Elitist,148331.25426718636
2,1,9,600,Elitist,331356.5287316876
2,1,10,600,Elitist,247612.82541978167
2,1,11,600,Elitist,319448.1035866185
2,1,12,600,Elitist,373444.63675145066
2,1,13,600,Elitist,296554.9368596981
2,1,14,600,Elitist,404475.18793731707
2,1,15,600,Elitist,438324.29271700286
2,1,16,600,Elitist,470557.65989506274
2,1,17,600,Elitist,251016.75254886202
2,1,18,600,Elitist,279558.46139624086
2,1,19,600,Elitist,324325.4549081675
2,2,0,600,Elitist,202019.46608689238
2,2,1,600,Elitist,347017.13113312825
2,2,2,600,Elitist,245874.14634282846
2,2,3,600,Elitist,335465.15167393227
2,2,4,600,Elitist,343995.91334186273
2,2,5,600,Elitist,134815.0765636003
2,2,6,600,Elitist,313385.2055085588
2,2,7,600,Elitist,337990.4784647393
2,2,8,600,Elitist,262473.63522481464
2,2,9,600,Elitist,262137.1643590038
2,2,10,600,Elitist,391814.3144364986
2,2,11,600,Elitist,499132.43634065636
2,2,12,600,Elitist,160666.42995316396
2,2,13,600,Elitist,360132.20012757456
2,2,14,600,Elitist,653653.1733724753
2,2,15,600,Elitist,249347.74774410637
2,2,16,600,Elitist,399384.4783480958
2,2,17,600,Elitist,214995.27788235102
2,2,18,600,Elitist,623803.3370123933
2,2,19,600,Elitist,340145.049495286
2,3,0,600,Elitist,316929.7039671281
2,3,1,600,Elitist,417512.39953810273
2,3,2,600,Elitist,363231.9667860536
2,3,3,600,Elitist,356444.97560833866
2,3,4,600,Elitist,380171.87655314506
2,3,5,600,Elitist,333888.59037771565
2,3,6,600,Elitist,660351.9932048027
2,3,7,600,Elitist,318775.7287213185
2,3,8,600,Elitist,109000.9123454692
2,3,9,600,Elitist,172980.43453435387
2,3,10,600,Elitist,276711.8356781958
2,3,11,600,Elitist,336434.9328753648
2,3,12,600,Elitist,361084.52245502535
2,3,13,600,Elitist,687172.0028713035
2,3,14,600,Elitist,365260.38255530276
2,3,15,600,Elitist,394629.1316986643
2,3,16,600,Elitist,425737.9477732854
2,3,17,600,Elitist,349095.8297967442
2,3,18,600,Elitist,356303.44037942105
2,3,19,600,Elitist,236173.31606606522
2,4,0,600,Elitist,417446.0244226126
2,4,1,600,Elitist,385445.50559406105
2,4,2,600,Elitist,236426.61288286635
2,4,3,600,Elitist,194476.71547357625
2,4,4,600,Elitist,524292.5790804664
2,4,5,600,Elitist,361191.40090855275
2,4,6,600,Elitist,343956.4895937535
2,4,7,600,Elitist,195634.16883995026
2,4,8,600,Elitist,280251.8399179931
2,4,9,600,Elitist,341806.0863993224
2,4,10,600,Elitist,427413.71369745664
2,4,11,600,Elitist,178038.45711999858
2,4,12,600,Elitist,382805.7382135407
2,4,13,600,Elitist,493628.1893439041
2,4,14,600,Elitist,283791.5207804155
2,4,15,600,Elitist,395119.53167740034
2,4,16,600,Elitist,240480.73064079767
2,4,17,600,Elitist,239553.49990638476
2,4,18,600,Elitist,175358.4037583442
2,4,19,600,Elitist,403391.6594013744
2,5,0,600,Elitist,318005.8582410447
2,5,1,600,Elitist,352625.21560328745
2,5,2,600,Elitist,239762.37682253987
2,5,3,600,Elitist,271347.1424437177
2,5,4,600,Elitist,358601.0174787525
2,5,5,600,Elitist,249307.368752664
2,5,6,600,Elitist,214224.30882730702
2,5,7,600,Elitist,210533.81576558808
2,5,8,600,Elitist,416759.3845401431
2,5,9,600,Elitist,157114.4736249431
2,5,10,600,Elitist,359048.67483811383
2,5,11,600,Elitist,307154.1959216766
2,5,12,600,Elitist,221199.36807449572
2,5,13,600,Elitist,329439.6201411655
2,5,14,600,Elitist,376483.4491873997
2,5,15,600,Elitist,393026.2878138755
2,5,16,600,Elitist,272749.9729630319
2,5,17,600,Elitist,189641.47878778807
2,5,18,600,Elitist,272633.59922833246
2,5,19,600,Elitist,344062.83617012395
2,6,0,600,Elitist,319153.80842971697
2,6,1,600,Elitist,422679.35837364715
2,6,2,600,Elitist,401286.5180602639
2,6,3,600,Elitist,269361.1501483343
2,6,4,600,Elitist,214010.66854937572
2,6,5,600,Elitist,395237.13329516724
2,6,6,600,Elitist,385838.453174928
2,6,7,600,Elitist,350951.8594972067
2,6,8,600,Elitist,233948.30544992394
2,6,9,600,Elitist,227687.2043936549
2,6,10,600,Elitist,419582.0563637997
2,6,11,600,Elitist,163746.81495387573
2,6,12,600,Elitist,403800.8140115275
2,6,13,600,Elitist,229849.80302679518
2,6,14,600,Elitist,439796.183147166
2,6,15,600,Elitist,316665.08073258225
2,6,16,600,Elitist,260212.73746758138
2,6,17,600,Elitist,351026.87528968713
2,6,18,600,Elitist,460021.81787418947
2,6,19,600,Elitist,224809.80547058317
2,7,0,600,Elitist,243004.56897299568
2,7,1,600,Elitist,310712.5543783961
2,7,2,600,Elitist,335278.23247562547
2,7,3,600,Elitist,114181.60757523343
2,7,4,600,Elitist,214994.7042050062
2,7,5,600,Elitist,220757.21529164736
2,7,6,600,Elitist,274492.0355653027
2,7,7,600,Elitist,428108.5023157258
2,7,8,600,Elitist,237011.15978645202
2,7,9,600,Elitist,260099.94164040036
2,7,10,600,Elitist,243429.07361743264
2,7,11,600,Elitist,304415.0279388102
2,7,12,600,Elitist,342925.2576213388
2,7,13,600,Elitist,177549.18021280714
2,7,14,600,Elitist,247946.0107739006
2,7,15,600,Elitist,188097.91127762327
2,7,16,600,Elitist,425445.84842971736
2,7,17,600,Elitist,265732.83486584306
2,7,18,600,Elitist,193887.97345205006
2,7,19,600,Elitist,193692.11417742725
3,1,0,600,Elitist,377.19426915264523
3,1,1,600,Elitist,394.4753211424114
3,1,2,600,Elitist,348.02501494863236
3,1,3,600,Elitist,345.646125790298
3,1,4,600,Elitist,413.62931258221244
3,1,5,600,Elitist,371.08638911186847
3,1,6,600,Elitist,340.8367110241548
3,1,7,600,Elitist,427.83427044539894
3,1,8,600,Elitist,395.8645003450012
3,1,9,600,Elitist,370.9823519284602
3,1,10,600,Elitist,336.15896170060364
3,1,11,600,Elitist,407.78075892625276
3,1,12,600,Elitist,391.8386560915735
3,1,13,600,Elitist,446.14423440196526
3,1,14,600,Elitist,364.76595401949584
3,1,15,600,Elitist,435.58783794736485
3,1,16,600,Elitist,320.7806185798131
3,1,17,600,Elitist,431.3109520963284
3,1,18,600,Elitist,324.71436660737623
3,1,19,600,Elitist,303.7559085988778
3,2,0,600,Elitist,389.31211553396804
3,2,1,600,Elitist,416.2055615730004
3,2,2,600,Elitist,363.90873879243793
3,2,3,600,Elitist,332.8406702277473
3,2,4,600,Elitist,392.600521256299
3,2,5,600,Elitist,344.00694223688583
3,2,6,600,Elitist,357.79603191260344
3,2,7,600,Elitist,339.75838103916783
3,2,8,600,Elitist,406.9857979207443
3,2,9,600,Elitist,337.11096867858475
3,2,10,600,Elitist,383.7789794727058
3,2,11,600,Elitist,295.24994958489117
3,2,12,600,Elitist,395.1066681393737
3,2,13,600,Elitist,381.29046069451476
3,2,14,600,Elitist,347.49154431497163
3,2,15,600,Elitist,353.50784718989587
3,2,16,600,Elitist,378.20175646205394
3,2,17,600,Elitist,379.69292143448877
3,2,18,600,Elitist,356.9929149653058
3,2,19,600,Elitist,362.7622325048417
3,3,0,600,Elitist,388.1170287095308
3,3,1,600,Elitist,380.2848634041144
3,3,2,600,Elitist,294.35729180669847
3,3,3,600,Elitist,355.23442370974095
3,3,4,600,Elitist,431.0971899654506
3,3,5,600,Elitist,376.8354102720211
3,3,6,600,Elitist,366.1417513281168
3,3,7,600,Elitist,344.80125222741873
3,3,8,600,Elitist,370.05986249623766
3,3,9,600,Elitist,380.84490177789013
3,3,10,600,Elitist,381.07554341258435
3,3,11,600,Elitist,369.80965743168395
3,3,12,600,Elitist,386.1599083069509
3,3,13,600,Elitist,406.8173341711602
3,3,14,600,Elitist,339.60851482716885
3,3,15,600,Elitist,333.601210511289
3,3,16,600,Elitist,368.5983975401999
3,3,17,600,Elitist,300.7932476131821
3,3,18,600,Elitist,344.42545606065335
3,3,19,600,Elitist,386.8530945672294
3,4,0,600,Elitist,373.5144923095455
3,4,1,600,Elitist,334.5619174437413
3,4,2,600,Elitist,342.9236360649538
3,4,3,600,Elitist,387.6551565920386
3,4,4,600,Elitist,357.60339418037427
3,4,5,600,Elitist,369.4742412378163
3,4,6,600,Elitist,338.2279360029014
3,4,7,600,Elitist,372.23020206745537
3,4,8,600,Elitist,417.73724326502065
3,4,9,600,Elitist,291.4138753757633
3,4,10,600,Elitist,417.01394560777624
3,4,11,600,Elitist,330.7925605011902
3,4,12,600,Elitist,341.8157373991552
3,4,13,600,Elitist,325.5758874729087
3,4,14,600,Elitist,314.0649747939304
3,4,15,600,Elitist,353.16128440488785
3,4,16,600,Elitist,335.1932914890562
3,4,17,600,Elitist,382.1047341040252
3,4,18,600,Elitist,358.00258113215403
3,4,19,600,Elitist,374.90675830129584
3,5,0,600,Elitist,343.4418993500155
3,5,1,600,Elitist,361.1889624838319
3,5,2,600,Elitist,397.16561950048987
3,5,3,600,Elitist,454.5580857332639
3,5,4,600,Elitist,304.0074148225691
3,5,5,600,Elitist,336.17272951706633
3,5,6,600,Elitist,370.8079316478303
3,5,7,600,Elitist,411.7812098331768
3,5,8,600,Elitist,372.7685085868993
3,5,9,600,Elitist,417.47661432232104
3,5,10,600,Elitist,415.88725727781394
3,5,11,600,Elitist,423.1535303980382
3,5,12,600,Elitist,380.39193057159383
3,5,13,600,Elitist,349.7079990413582
3,5,14,600,Elitist,387.5139604131312
3,5,15,600,Elitist,380.7497638851135
3,5,16,600,Elitist,372.2589778544515
3,5,17,600,Elitist,420.6111165559533
3,5,18,600,Elitist,381.3377412834146
3,5,19,600,Elitist,386.00850328044675
3,6,0,600,Elitist,365.28089593692584
3,6,1,600,Elitist,340.6746554745227
3,6,2,600,Elitist,368.1119239980084
3,6,3,600,Elitist,360.8274515034877
3,6,4,600,Elitist,369.82428847969334
3,6,5,600,Elitist,390.10712297655664
3,6,6,600,Elitist,398.05221238365107
3,6,7,600,Elitist,388.8232073774701
3,6,8,600,Elitist,371.8811120170517
3,6,9,600,Elitist,399.2916963361498
3,6,10,600,Elitist,401.1955603518297
3,6,11,600,Elitist,341.15626112711544
3,6,12,600,Elitist,359.4124706557333
3,6,13,600,Elitist,412.4397563625093
3,6,14,600,Elitist,353.4554316842851
3,6,15,600,Elitist,366.43720519292617
3,6,16,600,Elitist,339.12595894714434
3,6,17,600,Elitist,387.297737139745
3,6,18,600,Elitist,356.89440869855304
3,6,19,600,Elitist,383.7617538741797
3,7,0,600,Elitist,337.2204195453114
3,7,1,600,Elitist,381.547419000225
3,7,2,600,Elitist,408.5892709975542
3,7,3,600,Elitist,354.6736138407403
3,7,4,600,Elitist,345.2314671559735
3,7,5,600,Elitist,394.78580195802544
3,7,6,600,Elitist,375.2225541104024
3,7,7,600,Elitist,364.7780574654595
3,7,8,600,Elitist,342.9030868304666
3,7,9,600,Elitist,295.0969919848184
3,7,10,600,Elitist,382.28640362761007
3,7,11,600,Elitist,338.77487231690253
3,7,12,600,Elitist,374.9952526057532
3,7,13,600,Elitist,367.4906016176684
3,7,14,600,Elitist,344.45051351817506
3,7,15,600,Elitist,383.3470345126341
3,7,16,600,Elitist,325.86370677530937
3,7,17,600,Elitist,390.124734717561
3,7,18,600,Elitist,327.1430786839426
3,7,19,600,Elitist,398.9734574857206
4,1,0,600,Elitist,431.1870897369563
4,1,1,600,Elitist,503.8153192036975
4,1,2,600,Elitist,410.03622054563976
4,1,3,600,Elitist,510.8534518809853
4,1,4,600,Elitist,602.2776504937565
4,1,5,600,Elitist,445.76406531602595
4,1,6,600,Elitist,574.0064478477854
4,1,7,600,Elitist,484.84299488873694
4,1,8,600,Elitist,564.5600373187717
4,1,9,600,Elitist,547.9126912584977
4,1,10,600,Elitist,484.68084960832533
4,1,11,600,Elitist,528.9590047887068
4,1,12,600,Elitist,480.10710550019644
4,1,13,600,Elitist,523.7396722795885
4,1,14,600,Elitist,590.8748878201527
4,1,15,600,Elitist,488.26841814552154
4,1,16,600,Elitist,528.241245791782
4,1,17,600,Elitist,405.40688450916184
4,1,18,600,Elitist,534.4029765630246
4,1,19,600,Elitist,566.237775244278
4,2,0,600,Elitist,463.89597837857957
4,2,1,600,Elitist,554.9611719479901
4,2,2,600,Elitist,501.73394058091367
4,2,3,600,Elitist,486.7879784865871
4,2,4,600,Elitist,482.06340197585416
4,2,5,600,Elitist,570.5885550218177
4,2,6,600,Elitist,483.4312869161855
4,2,7,600,Elitist,507.84334073145146
4,2,8,600,Elitist,529.6476634772575
4,2,9,600,Elitist,451.6359349158996
4,2,10,600,Elitist,440.73664723649017
4,2,11,600,Elitist,518.1792010564989
4,2,12,600,Elitist,521.4757384757156
4,2,13,600,Elitist,594.7615909987
4,2,14,600,Elitist,512.9166998228703
4,2,15,600,Elitist,493.4021377118909
4,2,16,600,Elitist,423.13110122324713
4,2,17,600,Elitist,523.5834218550821
4,2,18,600,Elitist,533.6762972288304
4,2,19,600,Elitist,572.057827735261
4,3,0,600,Elitist,503.2575345286212
4,3,1,600,Elitist,509.8227452144054
4,3,2,600,Elitist,464.1650552156323
4,3,3,600,Elitist,443.23113757892344
4,3,4,600,Elitist,485.20664268132913
4,3,5,600,Elitist,556.4347627917161
4,3,6,600,Elitist,530.8472484491606
4,3,7,600,Elitist,561.488897029265
4,3,8,600,Elitist,552.0144515904165
4,3,9,600,Elitist,474.4797219863556
4,3,10,600,Elitist,530.5501557841565
4,3,11,600,Elitist,509.53946486650085
4,3,12,600,Elitist,475.37964303719633
4,3,13,600,Elitist,514.7611939039161
4,3,14,600,Elitist,422.43345588655944
4,3,15,600,Elitist,498.5555747311592
4,3,16,600,Elitist,483.8571571223641
4,3,17,600,Elitist,486.71830810239425
4,3,18,600,Elitist,500.40854208979687
4,3,19,600,Elitist,452.36651051780206
4,4,0,600,Elitist,495.6748207327309
4,4,1,600,Elitist,457.54962114115494
4,4,2,600,Elitist,504.717362929938
4,4,3,600,Elitist,523.2627288742692
4,4,4,600,Elitist,428.5901488668663
4,4,5,600,Elitist,455.9536288261211
4,4,6,600,Elitist,406.4608692835584
4,4,7,600,Elitist,485.67891865121055
4,4,8,600,Elitist,457.6068669554967
4,4,9,600,Elitist,530.6149599533126
4,4,10,600,Elitist,591.7143472631806
4,4,11,600,Elitist,529.9216735010676
4,4,12,600,Elitist,532.7909280447229
4,4,13,600,Elitist,441.4449353887295
4,4,14,600,Elitist,554.7239180170307
4,4,15,600,Elitist,403.51501459426356
4,4,16,600,Elitist,499.1968421543027
4,4,17,600,Elitist,462.0857076766315
4,4,18,600,Elitist,509.99809745553387
4,4,19,600,Elitist,500.400664455527
4,5,0,600,Elitist,514.6063063304996
4,5,1,600,Elitist,576.5410446427582
4,5,2,600,Elitist,472.16558701528317
4,5,3,600,Elitist,448.2069166196978
4,5,4,600,Elitist,528.2617981736055
4,5,5,600,Elitist,543.832284505766
4,5,6,600,Elitist,471.0740411652353
4,5,7,600,Elitist,552.4615623843342
4,5,8,600,Elitist,500.7930398751892
4,5,9,600,Elitist,546.6923629286373
4,5,10,600,Elitist,566.7418961400494
4,5,11,600,Elitist,543.2006375712351
4,5,12,600,Elitist,553.684828625918
4,5,13,600,Elitist,516.1936795711617
4,5,14,600,Elitist,463.50978055844854
4,5,15,600,Elitist,469.3840543307036
4,5,16,600,Elitist,420.3480272293744
4,5,17,600,Elitist,493.66358530462395
4,5,18,600,Elitist,519.516456217932
4,5,19,600,Elitist,440.506347296514
4,6,0,600,Elitist,546.8213001244991
4,6,1,600,Elitist,553.8257016112191
4,6,2,600,Elitist,497.22840389535384
4,6,3,600,Elitist,467.5716284487784
4,6,4,600,Elitist,501.4477296561051
4,6,5,600,Elitist,564.88772495248
4,6,6,600,Elitist,514.0668525643457
4,6,7,600,Elitist,460.2977793538229
4,6,8,600,Elitist,512.7432029569472
4,6,9,600,Elitist,566.1785616040754
4,6,10,600,Elitist,529.4851851313813
4,6,11,600,Elitist,456.14728583402325
4,6,12,600,Elitist,543.104401409344
4,6,13,600,Elitist,471.0400794940067
4,6,14,600,Elitist,525.7884807468213
4,6,15,600,Elitist,462.41056636014434
4,6,16,600,Elitist,525.5689613697875
4,6,17,600,Elitist,582.6323760921307
4,6,18,600,Elitist,484.79750849225945
4,6,19,600,Elitist,531.2073797211674
4,7,0,600,Elitist,513.7477098697719
4,7,1,600,Elitist,484.4689976147024
4,7,2,600,Elitist,452.3020729239309
4,7,3,600,Elitist,410.701523691118
4,7,4,600,Elitist,528.6993596803046
4,7,5,600,Elitist,584.2592782347447
4,7,6,600,Elitist,510.4851860763913
4,7,7,600,Elitist,489.2071575252129
4,7,8,600,Elitist,522.3152172837981
4,7,9,600,Elitist,537.4903505704908
4,7,10,600,Elitist,448.1524248845911
4,7,11,600,Elitist,563.7948521938058
4,7,12,600,Elitist,520.3283442790247
4,7,13,600,Elitist,406.84203732470513
4,7,14,600,Elitist,481.40124343825323
4,7,15,600,Elitist,523.1579783422594
4,7,16,600,Elitist,446.25832652919655
4,7,17,600,Elitist,495.42443991574464
4,7,18,600,Elitist,469.52175367584107
4,7,19,600,Elitist,517.6119205173354
5,1,0,600,Elitist,64.00823667811568
5,1,1,600,Elitist,96.29727567296277
5,1,2,600,Elitist,64.97258037370105
5,1,3,600,Elitist,49.3657292978959
5,1,4,600,Elitist,69.63288901093057
5,1,5,600,Elitist,63.66866677346864
5,1,6,600,Elitist,41.54408977035944
5,1,7,600,Elitist,44.26857998038816
5,1,8,600,Elitist,62.03519813087011
5,1,9,600,Elitist,83.55377132252869
5,1,10,600,Elitist,48.57467478128258
5,1,11,600,Elitist,59.94656207344839
5,1,12,600,Elitist,54.617744627935316
5,1,13,600,Elitist,42.98701284087295
5,1,14,600,Elitist,67.52824706251167
5,1,15,600,Elitist,81.75308608044972
5,1,16,600,Elitist,63.244352288445135
5,1,17,600,Elitist,53.81880441270474
5,1,18,600,Elitist,76.27679104740182
5,1,19,600,Elitist,79.67597972057783
5,2,0,600,Elitist,81.99063348756454
5,2,1,600,Elitist,101.16240346627637
5,2,2,600,Elitist,90.77776259670418
5,2,3,600,Elitist,88.15794164953058
5,2,4,600,Elitist,76.92432136094408
5,2,5,600,Elitist,66.75861357831138
5,2,6,600,Elitist,72.86706619753988
5,2,7,600,Elitist,35.26085726641554
5,2,8,600,Elitist,49.13974283862888
5,2,9,600,Elitist,80.4387479827119
5,2,10,600,Elitist,32.85939369104199
5,2,11,600,Elitist,55.13925594579007
5,2,12,600,Elitist,51.80440357420184
5,2,13,600,Elitist,93.29210531779631
5,2,14,600,Elitist,58.01285199889105
5,2,15,600,Elitist,74.17636758111678
5,2,16,600,Elitist,101.26821636305397
5,2,17,600,Elitist,68.72208535394077
5,2,18,600,Elitist,109.77842315686792
5,2,19,600,Elitist,103.77160103959363
5,3,0,600,Elitist,65.36540243098788
5,3,1,600,Elitist,82.35806996922001
5,3,2,600,Elitist,63.125890664606786
5,3,3,600,Elitist,80.51402278670831
5,3,4,600,Elitist,38.303193705181414
5,3,5,600,Elitist,59.15324296127294
5,3,6,600,Elitist,65.02063153338592
5,3,7,600,Elitist,79.76433804508274
5,3,8,600,Elitist,82.14049440771406
5,3,9,600,Elitist,72.23618200591208
5,3,10,600,Elitist,52.07861316099145
5,3,11,600,Elitist,47.515402874002476
5,3,12,600,Elitist,73.51522865604709
5,3,13,600,Elitist,80.19459442952505
5,3,14,600,Elitist,80.44500545059917
5,3,15,600,Elitist,77.75719481766423
5,3,16,600,Elitist,57.230897310954845
5,3,17,600,Elitist,53.91596960874594
5,3,18,600,Elitist,67.01959986677927
5,3,19,600,Elitist,58.28197798163315
5,4,0,600,Elitist,86.03492694724957
5,4,1,600,Elitist,81.09977424134092
5,4,2,600,Elitist,69.51581193082984
5,4,3,600,Elitist,53.62924157715531
5,4,4,600,Elitist,79.34235871285341
5,4,5,600,Elitist,54.47481561507254
5,4,6,600,Elitist,74.92049006494528
5,4,7,600,Elitist,60.76937188677687
5,4,8,600,Elitist,90.81297532229166
5,4,9,600,Elitist,58.55436057013094
5,4,10,600,Elitist,58.56267582084013
5,4,11,600,Elitist,81.32166477267128
5,4,12,600,Elitist,67.01528558020891
5,4,13,600,Elitist,111.56858899141446
5,4,14,600,Elitist,78.00570462244207
5,4,15,600,Elitist,61.75267732473378
5,4,16,600,Elitist,47.0066254327121
5,4,17,600,Elitist,56.14795199319474
5,4,18,600,Elitist,73.4508175110958
5,4,19,600,Elitist,52.44404282956964
5,5,0,600,Elitist,65.95458297272634
5,5,1,600,Elitist,100.84139140537431
5,5,2,600,Elitist,64.26836361547205
5,5,3,600,Elitist,49.075465023681346
5,5,4,600,Elitist,69.81595311072914
5,5,5,600,Elitist,81.63341231159816
5,5,6,600,Elitist,66.06724342998558
5,5,7,600,Elitist,50.22902512972433
5,5,8,600,Elitist,85.24025368402522
5,5,9,600,Elitist,87.44494202139512
5,5,10,600,Elitist,59.47871124492474
5,5,11,600,Elitist,58.60439732401662
5,5,12,600,Elitist,66.15010501075798
5,5,13,600,Elitist,53.96446042146765
5,5,14,600,Elitist,31.265644321420087
5,5,15,600,Elitist,59.81819427028715
5,5,16,600,Elitist,62.20157467750688
5,5,17,600,Elitist,44.13001425878057
5,5,18,600,Elitist,61.665400197267694
5,5,19,600,Elitist,58.82352209360927
5,6,0,600,Elitist,97.06790832182514
5,6,1,600,Elitist,59.57539785846808
5,6,2,600,Elitist,47.446348025523264
5,6,3,600,Elitist,101.77406764380055
5,6,4,600,Elitist,91.366765466
5,6,5,600,Elitist,85.39249396248192
5,6,6,600,Elitist,66.9371923987826
5,6,7,600,Elitist,76.96007127708151
5,6,8,600,Elitist,71.02101429282953
5,6,9,600,Elitist,75.61735803275792
5,6,10,600,Elitist,82.1834677874607
5,6,11,600,Elitist,98.7350447002824
5,6,12,600,Elitist,45.20740240914279
5,6,13,600,Elitist,43.19820652290315
5,6,14,600,Elitist,35.99441076920317
5,6,15,600,Elitist,65.34142692721412
5,6,16,600,Elitist,62.05076210829549
5,6,17,600,Elitist,109.97178666530192
5,6,18,600,Elitist,52.363236560713915
5,6,19,600,Elitist,60.853438853327816
5,7,0,600,Elitist,28.831562456586852
5,7,1,600,Elitist,42.041623636394334
5,7,2,600,Elitist,84.25422077012999
5,7,3,600,Elitist,104.82437963203094
5,7,4,600,Elitist,76.48874098768603
5,7,5,600,Elitist,73.87580084810124
5,7,6,600,Elitist,45.60239969955929
5,7,7,600,Elitist,43.68163134723215
5,7,8,600,Elitist,74.09435595747894
5,7,9,600,Elitist,35.92455803235249
5,7,10,600,Elitist,54.78340516635877
5,7,11,600,Elitist,89.02911731301866
5,7,12,600,Elitist,41.9946433056812
5,7,13,600,Elitist,60.583479375584915
5,7,14,600,Elitist,96.79855090783855
5,7,15,600,Elitist,57.23115638080039
5,7,16,600,Elitist,78.53869810717053
5,7,17,600,Elitist,86.67244355401331
5,7,18,600,Elitist,49.46479907595718
5,7,19,600,Elitist,101.16845664964936
6,1,0,600,Elitist,345.111977425286
6,1,1,600,Elitist,216.5927952767806
6,1,2,600,Elitist,230.01911134442898
6,1,3,600,Elitist,204.51655477180694
6,1,4,600,Elitist,213.71529360904213
6,1,5,600,Elitist,224.4556718505003
6,1,6,600,Elitist,218.9499742836786
6,1,7,600,Elitist,399.46729702814224
6,1,8,600,Elitist,212.6086183466777
6,1,9,600,Elitist,334.35238383344483
6,1,10,600,Elitist,285.3269713475824
6,1,11,600,Elitist,229.49715491430933
6,1,12,600,Elitist,294.828380260297
6,1,13,600,Elitist,216.46082308357197
6,1,14,600,Elitist,152.5848748226213
6,1,15,600,Elitist,212.36071579091907
6,1,16,600,Elitist,180.8603994653108
6,1,17,600,Elitist,295.88049787282006
6,1,18,600,Elitist,232.68955080059143
6,1,19,600,Elitist,189.85452038178005
6,2,0,600,Elitist,317.42550590324703
6,2,1,600,Elitist,334.7383465860626
6,2,2,600,Elitist,226.89952137171485
6,2,3,600,Elitist,126.43147452079285
6,2,4,600,Elitist,247.5124308791867
6,2,5,600,Elitist,219.9334557310013
6,2,6,600,Elitist,130.8741869141044
6,2,7,600,Elitist,214.18907198097708
6,2,8,600,Elitist,210.43693546093274
6,2,9,600,Elitist,245.86544334411172
6,2,10,600,Elitist,324.3898056136235
6,2,11,600,Elitist,218.52358256232398
6,2,12,600,Elitist,397.26878084766633
6,2,13,600,Elitist,215.86621632583152
6,2,14,600,Elitist,192.42081489764627
6,2,15,600,Elitist,328.8059992541525
6,2,16,600,Elitist,231.69582544265347
6,2,17,600,Elitist,215.2239070623607
6,2,18,600,Elitist,375.9641462365661
6,2,19,600,Elitist,218.7709212265666
6,3,0,600,Elitist,213.76735116034797
6,3,1,600,Elitist,224.55871963728305
6,3,2,600,Elitist,213.75374355156237
6,3,3,600,Elitist,204.85717508563357
6,3,4,600,Elitist,253.246215230369
6,3,5,600,Elitist,218.18498205094772
6,3,6,600,Elitist,327.4020495063337
6,3,7,600,Elitist,358.14311382800224
6,3,8,600,Elitist,220.20504239684192
6,3,9,600,Elitist,208.5107739148791
6,3,10,600,Elitist,241.89370595173637
6,3,11,600,Elitist,273.5994873745823
6,3,12,600,Elitist,257.09361746206946
6,3,13,600,Elitist,250.15999369993256
6,3,14,600,Elitist,214.8895961297858
6,3,15,600,Elitist,223.4181818014415
6,3,16,600,Elitist,202.50827450010183
6,3,17,600,Elitist,212.1890014176165
6,3,18,600,Elitist,218.03597804757987
6,3,19,600,Elitist,211.1309891213025
6,4,0,600,Elitist,372.5972349267603
6,4,1,600,Elitist,226.10580532524077
6,4,2,600,Elitist,418.19470184834836
6,4,3,600,Elitist,275.1107168708247
6,4,4,600,Elitist,372.0266322741786
6,4,5,600,Elitist,430.6672183910208
6,4,6,600,Elitist,212.50133649617098
6,4,7,600,Elitist,313.93021785404596
6,4,8,600,Elitist,309.9503834439114
6,4,9,600,Elitist,410.41548379908636
6,4,10,600,Elitist,201.7878487014108
6,4,11,600,Elitist,413.557462198464
6,4,12,600,Elitist,232.49168190263796
6,4,13,600,Elitist,371.34789373209617
6,4,14,600,Elitist,345.6726045691031
6,4,15,600,Elitist,496.99178916999756
6,4,16,600,Elitist,327.2644748588025
6,4,17,600,Elitist,212.70995895838038
6,4,18,600,Elitist,217.61977144450154
6,4,19,600,Elitist,388.86806143173703
6,5,0,600,Elitist,143.75146489652377
6,5,1,600,Elitist,223.75819744898
6,5,2,600,Elitist,194.40040604362093
6,5,3,600,Elitist,215.19900444365055
6,5,4,600,Elitist,155.9926608921936
6,5,5,600,Elitist,216.1877201288181
6,5,6,600,Elitist,147.2661953414604
6,5,7,600,Elitist,113.41964650129069
6,5,8,600,Elitist,224.93882863148974
6,5,9,600,Elitist,324.4342563507747
6,5,10,600,Elitist,195.96495488030223
6,5,11,600,Elitist,147.01448442599792
6,5,12,600,Elitist,214.73506981954688
6,5,13,600,Elitist,254.49570717865492
6,5,14,600,Elitist,139.40870182980473
6,5,15,600,Elitist,231.41048232782703
6,5,16,600,Elitist,189.1141159788233
6,5,17,600,Elitist,215.7272469706835
6,5,18,600,Elitist,214.1810183593899
6,5,19,600,Elitist,154.07840782660287
6,6,0,600,Elitist,220.0832461599553
6,6,1,600,Elitist,211.36577892177763
6,6,2,600,Elitist,382.456266677297
6,6,3,600,Elitist,393.2915825046831
6,6,4,600,Elitist,169.37183886999338
6,6,5,600,Elitist,369.92100564974675
6,6,6,600,Elitist,230.545424010679
6,6,7,600,Elitist,397.0605328417966
6,6,8,600,Elitist,452.16127600475534
6,6,9,600,Elitist,548.0442728634183
6,6,10,600,Elitist,218.72259290154201
6,6,11,600,Elitist,359.15241089877935
6,6,12,600,Elitist,215.0366393343343
6,6,13,600,Elitist,223.48284596566666
6,6,14,600,Elitist,128.11372904276755
6,6,15,600,Elitist,303.6856864346315
6,6,16,600,Elitist,182.56218111782167
6,6,17,600,Elitist,219.8106533147422
6,6,18,600,Elitist,241.7262838310925
6,6,19,600,Elitist,238.08431981853275
6,7,0,600,Elitist,206.069951741256
6,7,1,600,Elitist,215.37120419914856
6,7,2,600,Elitist,400.95985101392307
6,7,3,600,Elitist,214.02606025432385
6,7,4,600,Elitist,202.86573924324512
6,7,5,600,Elitist,188.45247709497747
6,7,6,600,Elitist,186.5787488184916
6,7,7,600,Elitist,211.01129204362982
6,7,8,600,Elitist,290.6050023043792
6,7,9,600,Elitist,236.32516416254094
6,7,10,600,Elitist,216.242281292827
6,7,11,600,Elitist,212.78702812368672
6,7,12,600,Elitist,224.94896105067969
6,7,13,600,Elitist,139.43715245071343
6,7,14,600,Elitist,194.87073719553192
6,7,15,600,Elitist,200.1177264740011
6,7,16,600,Elitist,269.7990095307613
6,7,17,600,Elitist,212.79687576892232
6,7,18,600,Elitist,116.40641566353801
6,7,19,600,Elitist,231.48768263250227
7,1,0,600,Elitist,102.70929722391239
7,1,1,600,Elitist,89.40022423111415
7,1,2,600,Elitist,70.44879820980935
7,1,3,600,Elitist,77.39591276444978
7,1,4,600,Elitist,67.50238801746707
7,1,5,600,Elitist,119.88269996193688
7,1,6,600,Elitist,94.73388589891528
7,1,7,600,Elitist,97.08538265468212
7,1,8,600,Elitist,71.48823958128338
7,1,9,600,Elitist,78.4899668185335
7,1,10,600,Elitist,115.04987741442824
7,1,11,600,Elitist,78.66479595191552
7,1,12,600,Elitist,80.24739868175124
7,1,13,600,Elitist,110.79446334630501
7,1,14,600,Elitist,57.30849397585908
7,1,15,600,Elitist,96.82163089658792
7,1,16,600,Elitist,66.24579836487959
7,1,17,600,Elitist,114.90075157380568
7,1,18,600,Elitist,55.56105258024493
7,1,19,600,Elitist,67.58153740135188
7,2,0,600,Elitist,69.43500561024436
7,2,1,600,Elitist,76.1498982741937
7,2,2,600,Elitist,64.91126214966465
7,2,3,600,Elitist,56.88314168090428
7,2,4,600,Elitist,62.87629697889707
7,2,5,600,Elitist,38.526906312239156
7,2,6,600,Elitist,50.17998489519069
7,2,7,600,Elitist,81.52073124358859
7,2,8,600,Elitist,61.36838742292792
7,2,9,600,Elitist,58.95945592932923
7,2,10,600,Elitist,69.14251633365436
7,2,11,600,Elitist,111.41622304028931
7,2,12,600,Elitist,41.15750670393762
7,2,13,600,Elitist,58.40206146449547
7,2,14,600,Elitist,31.00795959629459
7,2,15,600,Elitist,77.92007686810413
7,2,16,600,Elitist,72.95020084109595
7,2,17,600,Elitist,64.95914765540414
7,2,18,600,Elitist,44.48804576531216
7,2,19,600,Elitist,75.92675948910897
7,3,0,600,Elitist,46.869113953375034
7,3,1,600,Elitist,66.59470903391383
7,3,2,600,Elitist,58.88466948872295
7,3,3,600,Elitist,76.82660716567676
7,3,4,600,Elitist,58.416791633137294
7,3,5,600,Elitist,64.80301161856059
7,3,6,600,Elitist,36.34963237354195
7,3,7,600,Elitist,55.04784370436121
7,3,8,600,Elitist,42.844509646362695
7,3,9,600,Elitist,65.73939765767354
7,3,10,600,Elitist,63.8268575690549
7,3,11,600,Elitist,68.22960333215217
7,3,12,600,Elitist,40.07156878004457
7,3,13,600,Elitist,111.1586253398935
7,3,14,600,Elitist,51.063324044739176
7,3,15,600,Elitist,63.20037082250847
7,3,16,600,Elitist,56.109501139472314
7,3,17,600,Elitist,73.48526185903872
7,3,18,600,Elitist,85.29614122592082
7,3,19,600,Elitist,62.9729657387118
7,4,0,600,Elitist,97.77531920542455
7,4,1,600,Elitist,59.20559657842412
7,4,2,600,Elitist,62.1569214551113
7,4,3,600,Elitist,41.897130302225875
7,4,4,600,Elitist,63.202242008587945
7,4,5,600,Elitist,59.727272340983404
7,4,6,600,Elitist,32.039414287313434
7,4,7,600,Elitist,52.079469910898126
7,4,8,600,Elitist,68.3861172575678
7,4,9,600,Elitist,61.01119375263997
7,4,10,600,Elitist,45.00866291425308
7,4,11,600,Elitist,83.43044444309385
7,4,12,600,Elitist,102.93365710040813
7,4,13,600,Elitist,61.89471704866739
7,4,14,600,Elitist,72.1464208513335
7,4,15,600,Elitist,26.70434152123844
7,4,16,600,Elitist,65.68313323709502
7,4,17,600,Elitist,52.60347066490263
7,4,18,600,Elitist,51.41572880366182
7,4,19,600,Elitist,61.73437678866276
7,5,0,600,Elitist,52.89390895079299
7,5,1,600,Elitist,51.556978583916745
7,5,2,600,Elitist,57.49368601447394
7,5,3,600,Elitist,61.1360460687287
7,5,4,600,Elitist,45.03967412549224
7,5,5,600,Elitist,80.18744711943073
7,5,6,600,Elitist,60.681630095773414
7,5,7,600,Elitist,61.43558096157565
7,5,8,600,Elitist,71.91958752122748
7,5,9,600,Elitist,52.868383932597396
7,5,10,600,Elitist,80.46593107831471
7,5,11,600,Elitist,49.46116324579154
7,5,12,600,Elitist,43.061207730731894
7,5,13,600,Elitist,47.122111528132095
7,5,14,600,Elitist,57.038865270048476
7,5,15,600,Elitist,82.0358111763697
7,5,16,600,Elitist,81.01461727690112
7,5,17,600,Elitist,94.13008077939249
7,5,18,600,Elitist,65.31602507143721
7,5,19,600,Elitist,120.83926319424042
7,6,0,600,Elitist,60.93486535448812
7,6,1,600,Elitist,47.20023671341914
7,6,2,600,Elitist,85.05247407935158
7,6,3,600,Elitist,77.87683263142225
7,6,4,600,Elitist,69.78259874329311
7,6,5,600,Elitist,41.57196026573292
7,6,6,600,Elitist,54.36856430560673
7,6,7,600,Elitist,46.04410182356195
7,6,8,600,Elitist,79.01883967988485
7,6,9,600,Elitist,73.81361309925629
7,6,10,600,Elitist,56.967270696881236
7,6,11,600,Elitist,60.27455783296782
7,6,12,600,Elitist,39.99309493609467
7,6,13,600,Elitist,64.12361864040457
7,6,14,600,Elitist,74.49039378727258
7,6,15,600,Elitist,76.5725842258752
7,6,16,600,Elitist,47.09018368472953
7,6,17,600,Elitist,63.500995893931695
7,6,18,600,Elitist,55.12169159995458
7,6,19,600,Elitist,57.073708399763554
7,7,0,600,Elitist,86.96205292138417
7,7,1,600,Elitist,80.94155017078594
7,7,2,600,Elitist,70.26739318489011
7,7,3,600,Elitist,55.42737727058304
7,7,4,600,Elitist,80.08895633618258
7,7,5,600,Elitist,78.27464980217972
7,7,6,600,Elitist,36.6904028374428
7,7,7,600,Elitist,57.66595738697691
7,7,8,600,Elitist,72.61760884601995
7,7,9,600,Elitist,51.17204621435976
7,7,10,600,Elitist,67.7359279670958
7,7,11,600,Elitist,88.237016958485
7,7,12,600,Elitist,68.71089417330181
7,7,13,600,Elitist,42.25940368708152
7,7,14,600,Elitist,111.12778760585964
7,7,15,600,Elitist,74.01404946278377
7,7,16,600,Elitist,33.12625055742081
7,7,17,600,Elitist,80.44371326439827
7,7,18,600,Elitist,38.035238041009585
7,7,19,600,Elitist,45.0382984995166
8,1,0,600,Elitist,260.0814362302948
8,1,1,600,Elitist,414.19371115104695
8,1,2,600,Elitist,299.900166811575
8,1,3,600,Elitist,634.450407200832
8,1,4,600,Elitist,353.2585822340244
8,1,5,600,Elitist,671.4371297458575
8,1,6,600,Elitist,446.61823984123157
8,1,7,600,Elitist,400.39914217669536
8,1,8,600,Elitist,393.911665532047
8,1,9,600,Elitist,417.15079790766197
8,1,10,600,Elitist,300.62071172579033
8,1,11,600,Elitist,615.3398636635632
8,1,12,600,Elitist,273.786484552057
8,1,13,600,Elitist,300.6329433560893
8,1,14,600,Elitist,284.0482631357337
8,1,15,600,Elitist,401.901167806192
8,1,16,600,Elitist,318.4405014690242
8,1,17,600,Elitist,870.4632096558781
8,1,18,600,Elitist,227.20401245117247
8,1,19,600,Elitist,378.6708641151947
8,2,0,600,Elitist,189.60954035973828
8,2,1,600,Elitist,613.7642280636079
8,2,2,600,Elitist,226.54517802593182
8,2,3,600,Elitist,678.8956041929601
8,2,4,600,Elitist,302.89048845203615
8,2,5,600,Elitist,384.7596781171047
8,2,6,600,Elitist,311.27038829030494
8,2,7,600,Elitist,383.8482809319672
8,2,8,600,Elitist,274.4246924117955
8,2,9,600,Elitist,595.2130715904069
8,2,10,600,Elitist,704.4584763178124
8,2,11,600,Elitist,344.0810899220562
8,2,12,600,Elitist,278.61168205580145
8,2,13,600,Elitist,534.2406681778012
8,2,14,600,Elitist,351.3313251612832
8,2,15,600,Elitist,674.435333252805
8,2,16,600,Elitist,186.8165129819165
8,2,17,600,Elitist,793.131363351953
8,2,18,600,Elitist,427.3066869783554
8,2,19,600,Elitist,424.441316510456
8,3,0,600,Elitist,287.7247265645424
8,3,1,600,Elitist,337.0558904012409
8,3,2,600,Elitist,315.40155033156867
8,3,3,600,Elitist,325.33146178546946
8,3,4,600,Elitist,394.3115443230174
8,3,5,600,Elitist,372.43628293245746
8,3,6,600,Elitist,506.40957123819146
8,3,7,600,Elitist,450.66542373755703
8,3,8,600,Elitist,535.028671147456
8,3,9,600,Elitist,478.23166490503866
8,3,10,600,Elitist,372.5473116543618
8,3,11,600,Elitist,392.84237133117455
8,3,12,600,Elitist,301.83018856556413
8,3,13,600,Elitist,461.1619952436905
8,3,14,600,Elitist,316.6330954224429
8,3,15,600,Elitist,366.94521909527543
8,3,16,600,Elitist,165.17066948532198
8,3,17,600,Elitist,439.32385594970754
8,3,18,600,Elitist,492.02228961998526
8,3,19,600,Elitist,479.9610586152736
8,4,0,600,Elitist,340.6585363956954
8,4,1,600,Elitist,486.92043633755947
8,4,2,600,Elitist,1045.7401170204903
8,4,3,600,Elitist,313.5019660168903
8,4,4,600,Elitist,292.612580607602
8,4,5,600,Elitist,499.5769543411149
8,4,6,600,Elitist,500.0310296186069
8,4,7,600,Elitist,557.8165251585748
8,4,8,600,Elitist,504.5035194315443
8,4,9,600,Elitist,467.3810534588261
8,4,10,600,Elitist,369.38745898556766
8,4,11,600,Elitist,926.8440925556793
8,4,12,600,Elitist,433.3611805147344
8,4,13,600,Elitist,328.3275337096092
8,4,14,600,Elitist,408.0494686181755
8,4,15,600,Elitist,671.0781269969383
8,4,16,600,Elitist,520.8350310073035
8,4,17,600,Elitist,598.5290132548263
8,4,18,600,Elitist,459.6174903426584
8,4,19,600,Elitist,473.0389520181726
8,5,0,600,Elitist,388.1413694344427
8,5,1,600,Elitist,422.62156688098264
8,5,2,600,Elitist,302.5809079929294
8,5,3,600,Elitist,417.4114715439364
8,5,4,600,Elitist,820.5538469847417
8,5,5,600,Elitist,432.68867544992605
8,5,6,600,Elitist,187.70524646169227
8,5,7,600,Elitist,322.2183064108043
8,5,8,600,Elitist,651.0501433671843
8,5,9,600,Elitist,461.9861278536041
8,5,10,600,Elitist,742.6399329556058
8,5,11,600,Elitist,283.4194407007998
8,5,12,600,Elitist,845.2960301253725
8,5,13,600,Elitist,303.29169171960655
8,5,14,600,Elitist,416.6094827773258
8,5,15,600,Elitist,268.01392792789227
8,5,16,600,Elitist,233.43637909510758
8,5,17,600,Elitist,535.064430103331
8,5,18,600,Elitist,208.7065323804456
8,5,19,600,Elitist,350.4021645507188
8,6,0,600,Elitist,394.99103994738016
8,6,1,600,Elitist,417.30098793687057
8,6,2,600,Elitist,172.25408399970064
8,6,3,600,Elitist,330.41576639596343
8,6,4,600,Elitist,325.84856861747926
8,6,5,600,Elitist,292.19415746574737
8,6,6,600,Elitist,333.52502880877375
8,6,7,600,Elitist,371.7645997349515
8,6,8,600,Elitist,336.45824709418713
8,6,9,600,Elitist,246.01507622480273
8,6,10,600,Elitist,303.6230425214806
8,6,11,600,Elitist,227.97756262366363
8,6,12,600,Elitist,580.0423419533965
8,6,13,600,Elitist,261.88846191764907
8,6,14,600,Elitist,363.8652714399285
8,6,15,600,Elitist,309.8786415708488
8,6,16,600,Elitist,292.00455281427855
8,6,17,600,Elitist,346.208098631716
8,6,18,600,Elitist,418.6808703863297
8,6,19,600,Elitist,275.7881802336062
8,7,0,600,Elitist,125.10896164717136
8,7,1,600,Elitist,255.65039908010917
8,7,2,600,Elitist,273.59032784218516
8,7,3,600,Elitist,351.0700115859019
8,7,4,600,Elitist,284.5467719148846
8,7,5,600,Elitist,348.6651734306337
8,7,6,600,Elitist,263.7982242263526
8,7,7,600,Elitist,281.49163522468706
8,7,8,600,Elitist,371.51932956752756
8,7,9,600,Elitist,257.0961831284511
8,7,10,600,Elitist,390.06749711398425
8,7,11,600,Elitist,508.47394717700445
8,7,12,600,Elitist,363.1173560935366
8,7,13,600,Elitist,342.032609051201
8,7,14,600,Elitist,193.63476833679894
8,7,15,600,Elitist,210.88014091007003
8,7,16,600,Elitist,244.58485272987946
8,7,17,600,Elitist,529.8143332127268
8,7,18,600,Elitist,558.5657261957732
8,7,19,600,Elitist,283.78352387540633
9,1,0,600,Elitist,210.61943307899838
9,1,1,600,Elitist,196.25165502435362
9,1,2,600,Elitist,321.8562167444586
9,1,3,600,Elitist,206.4664072628036
9,1,4,600,Elitist,352.3282780792798
9,1,5,600,Elitist,147.43921832658503
9,1,6,600,Elitist,220.81895809835885
9,1,7,600,Elitist,144.76915846040743
9,1,8,600,Elitist,289.8082828419692
9,1,9,600,Elitist,375.1577025639997
9,1,10,600,Elitist,218.6821596727824
9,1,11,600,Elitist,256.4531645322151
9,1,12,600,Elitist,215.84108832291446
9,1,13,600,Elitist,262.7067885202478
9,1,14,600,Elitist,419.6304526790636
9,1,15,600,Elitist,270.1150847871749
9,1,16,600,Elitist,278.8247949924118
9,1,17,600,Elitist,297.4155601091922
9,1,18,600,Elitist,233.49331283550225
9,1,19,600,Elitist,256.5845241631218
9,2,0,600,Elitist,305.7013723717584
9,2,1,600,Elitist,213.12023098711103
9,2,2,600,Elitist,182.15574109054722
9,2,3,600,Elitist,174.79390191609576
9,2,4,600,Elitist,510.96188421585896
9,2,5,600,Elitist,177.00976644944
9,2,6,600,Elitist,446.37372644906446
9,2,7,600,Elitist,250.7455893473305
9,2,8,600,Elitist,211.4431461787176
9,2,9,600,Elitist,130.5929114866465
9,2,10,600,Elitist,601.8047276164054
9,2,11,600,Elitist,192.40486354150585
9,2,12,600,Elitist,253.12687302267193
9,2,13,600,Elitist,213.7198657560753
9,2,14,600,Elitist,174.53884158779542
9,2,15,600,Elitist,231.26550450629077
9,2,16,600,Elitist,479.74260904172866
9,2,17,600,Elitist,296.3326631729916
9,2,18,600,Elitist,211.53540529527953
9,2,19,600,Elitist,289.63890914873645
9,3,0,600,Elitist,344.7382680461525
9,3,1,600,Elitist,214.47048331420766
9,3,2,600,Elitist,177.59608025447142
9,3,3,600,Elitist,251.51057976265375
9,3,4,600,Elitist,192.68280548996634
9,3,5,600,Elitist,139.7208528793413
9,3,6,600,Elitist,339.1522122521353
9,3,7,600,Elitist,208.9840760550638
9,3,8,600,Elitist,321.2021381746964
9,3,9,600,Elitist,130.05233348180718
9,3,10,600,Elitist,259.03472775831426
9,3,11,600,Elitist,310.86589627673845
9,3,12,600,Elitist,226.10112863327018
9,3,13,600,Elitist,288.6051153687297
9,3,14,600,Elitist,267.7499461053784
9,3,15,600,Elitist,436.76641808659065
9,3,16,600,Elitist,349.2787852529808
9,3,17,600,Elitist,199.32560087273686
9,3,18,600,Elitist,287.23362301009615
9,3,19,600,Elitist,316.5587312523313
9,4,0,600,Elitist,360.7514101264238
9,4,1,600,Elitist,194.3228839990647
9,4,2,600,Elitist,216.4068995595435
9,4,3,600,Elitist,228.90631512318322
9,4,4,600,Elitist,281.0435004207024
9,4,5,600,Elitist,167.90912464460425
9,4,6,600,Elitist,162.53502955714396
9,4,7,600,Elitist,212.66279153227322
9,4,8,600,Elitist,200.57934534037474
9,4,9,600,Elitist,186.21630384573055
9,4,10,600,Elitist,258.6183900386259
9,4,11,600,Elitist,256.6555616573013
9,4,12,600,Elitist,399.41456806980545
9,4,13,600,Elitist,197.78682191104633
9,4,14,600,Elitist,147.03019823233728
9,4,15,600,Elitist,178.8439173587241
9,4,16,600,Elitist,352.8791767589006
9,4,17,600,Elitist,281.1662431233513
9,4,18,600,Elitist,337.60016001237625
9,4,19,600,Elitist,208.70089108375703
9,5,0,600,Elitist,272.7501372088878
9,5,1,600,Elitist,274.66043085386275
9,5,2,600,Elitist,202.20828027845323
9,5,3,600,Elitist,250.78305135904736
9,5,4,600,Elitist,202.59639278376903
9,5,5,600,Elitist,236.17553327902954
9,5,6,600,Elitist,177.84632035617648
9,5,7,600,Elitist,461.1698447407035
9,5,8,600,Elitist,333.6163450948078
9,5,9,600,Elitist,170.36391047642496
9,5,10,600,Elitist,347.1729431854183
9,5,11,600,Elitist,310.5301543464224
9,5,12,600,Elitist,239.3624013783775
9,5,13,600,Elitist,210.79420369331717
9,5,14,600,Elitist,688.7908145330654
9,5,15,600,Elitist,264.9434802851987
9,5,16,600,Elitist,222.741916039454
9,5,17,600,Elitist,266.47502451479073
9,5,18,600,Elitist,154.67037595836263
9,5,19,600,Elitist,243.33012008024042
9,6,0,600,Elitist,271.0949595497331
9,6,1,600,Elitist,110.70761230980645
9,6,2,600,Elitist,191.45399627075378
9,6,3,600,Elitist,202.61690506668992
9,6,4,600,Elitist,498.646455614731
9,6,5,600,Elitist,284.85004407821526
9,6,6,600,Elitist,354.19448824140693
9,6,7,600,Elitist,265.65917125544416
9,6,8,600,Elitist,166.20260113736705
9,6,9,600,Elitist,368.5158981384554
9,6,10,600,Elitist,304.5200649245832
9,6,11,600,Elitist,353.9114991863151
9,6,12,600,Elitist,202.17026518287054
9,6,13,600,Elitist,114.48716438159576
9,6,14,600,Elitist,152.03089368435536
9,6,15,600,Elitist,224.05039398575104
9,6,16,600,Elitist,336.3742020768559
9,6,17,600,Elitist,187.55783186703675
9,6,18,600,Elitist,250.5568237153063
9,6,19,600,Elitist,218.09522885018066
9,7,0,600,Elitist,223.64327876919424
9,7,1,600,Elitist,253.40644531083612
9,7,2,600,Elitist,365.8158439877409
9,7,3,600,Elitist,260.2690906495281
9,7,4,600,Elitist,160.0141063597003
9,7,5,600,Elitist,370.9003891548752
9,7,6,600,Elitist,498.0125191453336
9,7,7,600,Elitist,278.8815164755566
9,7,8,600,Elitist,287.3758791596108
9,7,9,600,Elitist,330.0190106492972
9,7,10,600,Elitist,295.23988800840294
9,7,11,600,Elitist,450.88881198168525
9,7,12,600,Elitist,202.10253121899393
9,7,13,600,Elitist,240.1616808955018
9,7,14,600,Elitist,185.21367294602908
9,7,15,600,Elitist,428.80378535093547
9,7,16,600,Elitist,202.83255038656608
9,7,17,600,Elitist,165.6948002460291
9,7,18,600,Elitist,383.75301244022154
9,7,19,600,Elitist,264.72366312770396
10,1,0,600,Elitist,171872.85081529888
10,1,1,600,Elitist,346882.7268670899
10,1,2,600,Elitist,255861.16284122964
10,1,3,600,Elitist,252036.83216157884
10,1,4,600,Elitist,291486.02660322835
10,1,5,600,Elitist,247988.72491251692
10,1,6,600,Elitist,386617.7088305884
10,1,7,600,Elitist,352026.3564122395
10,1,8,600,Elitist,529119.976973993
10,1,9,600,Elitist,479899.947935335
10,1,10,600,Elitist,189966.61440067386
10,1,11,600,Elitist,219606.24926597424
10,1,12,600,Elitist,364563.10562828847
10,1,13,600,Elitist,285488.2129850146
10,1,14,600,Elitist,167078.6482572983
10,1,15,600,Elitist,228519.81201497174
10,1,16,600,Elitist,461940.1639631483
10,1,17,600,Elitist,288307.0455290646
10,1,18,600,Elitist,338730.2440111755
10,1,19,600,Elitist,358917.6965097086
10,2,0,600,Elitist,309920.9099644032
10,2,1,600,Elitist,444323.7492828723
10,2,2,600,Elitist,335938.40298229735
10,2,3,600,Elitist,249993.12691998415
10,2,4,600,Elitist,253097.79779970285
10,2,5,600,Elitist,350544.4734088281
10,2,6,600,Elitist,258837.77873037837
10,2,7,600,Elitist,345543.006631031
10,2,8,600,Elitist,195422.51870547576
10,2,9,600,Elitist,383942.22623644304
10,2,10,600,Elitist,294117.2402681344
10,2,11,600,Elitist,357771.8307006062
10,2,12,600,Elitist,421552.6301659886
10,2,13,600,Elitist,190691.97593531446
10,2,14,600,Elitist,367158.23772974114
10,2,15,600,Elitist,254843.67643780579
10,2,16,600,Elitist,261752.09013241605
10,2,17,600,Elitist,492924.73593076336
10,2,18,600,Elitist,405126.05568696914
10,2,19,600,Elitist,252256.03229251117
10,3,0,600,Elitist,270930.96146779985
10,3,1,600,Elitist,386888.4484053481
10,3,2,600,Elitist,380007.8419473748
10,3,3,600,Elitist,358883.778065704
10,3,4,600,Elitist,210615.384025062
10,3,5,600,Elitist,344653.5390031523
10,3,6,600,Elitist,513255.7536670999
10,3,7,600,Elitist,523581.82351305865
10,3,8,600,Elitist,254553.68593512717
10,3,9,600,Elitist,203993.6102379842
10,3,10,600,Elitist,444549.89661715814
10,3,11,600,Elitist,222095.09281378443
10,3,12,600,Elitist,341210.21340615593
10,3,13,600,Elitist,157306.6924420442
10,3,14,600,Elitist,487826.5751847097
10,3,15,600,Elitist,316849.05322432204
10,3,16,600,Elitist,303304.1545095135
10,3,17,600,Elitist,311822.6043371609
10,3,18,600,Elitist,328871.8348028695
10,3,19,600,Elitist,407910.68048317364
10,4,0,600,Elitist,367193.7990374003
10,4,1,600,Elitist,329285.7540084576
10,4,2,600,Elitist,289678.5330797002
10,4,3,600,Elitist,379819.8796718855
10,4,4,600,Elitist,399904.66810163175
10,4,5,600,Elitist,551981.5351156032
10,4,6,600,Elitist,316868.67392246594
10,4,7,600,Elitist,636964.9383815372
10,4,8,600,Elitist,299632.9342580172
10,4,9,600,Elitist,730196.6681029121
10,4,10,600,Elitist,319465.7829450942
10,4,11,600,Elitist,313074.3948693621
10,4,12,600,Elitist,473358.9885946179
10,4,13,600,Elitist,422558.6007901609
10,4,14,600,Elitist,423645.7687591265
10,4,15,600,Elitist,373524.71446700086
10,4,16,600,Elitist,292533.1880031427
10,4,17,600,Elitist,339806.9156811515
10,4,18,600,Elitist,285798.40679140575
10,4,19,600,Elitist,331542.36846507166
10,5,0,600,Elitist,307713.4006049566
10,5,1,600,Elitist,523398.708590772
10,5,2,600,Elitist,314834.4397126888
10,5,3,600,Elitist,213628.71195900068
10,5,4,600,Elitist,147726.13671282926
10,5,5,600,Elitist,377555.8921148015
10,5,6,600,Elitist,557965.9771742012
10,5,7,600,Elitist,392427.9809064481
10,5,8,600,Elitist,532628.5285242038
10,5,9,600,Elitist,119227.53533110894
10,5,10,600,Elitist,636264.5703370854
10,5,11,600,Elitist,174626.57054437965
10,5,12,600,Elitist,265682.3160650047
10,5,13,600,Elitist,201215.83533531212
10,5,14,600,Elitist,326349.4624497542
10,5,15,600,Elitist,232401.68704987012
10,5,16,600,Elitist,297784.5873570718
10,5,17,600,Elitist,474088.9870685604
10,5,18,600,Elitist,332943.83062311343
10,5,19,600,Elitist,307093.87201140984
10,6,0,600,Elitist,277306.1710916419
10,6,1,600,Elitist,463924.4991369305
10,6,2,600,Elitist,337597.38660138403
10,6,3,600,Elitist,416193.7984145478
10,6,4,600,Elitist,411320.1379801986
10,6,5,600,Elitist,323466.487225941
10,6,6,600,Elitist,233557.89038015125
10,6,7,600,Elitist,154898.24133908396
10,6,8,600,Elitist,309695.8405868757
10,6,9,600,Elitist,568017.7548711038
10,6,10,600,Elitist,311415.14916086744
10,6,11,600,Elitist,203923.95768766943
10,6,12,600,Elitist,396274.6227911713
10,6,13,600,Elitist,311436.60251787887
10,6,14,600,Elitist,269271.2573716724
10,6,15,600,Elitist,448289.2161593597
10,6,16,600,Elitist,314856.4569241845
10,6,17,600,Elitist,379184.66679425235
10,6,18,600,Elitist,232234.69031495225
10,6,19,600,Elitist,472439.11627747305
10,7,0,600,Elitist,260194.8541809547
10,7,1,600,Elitist,247873.31398812565
10,7,2,600,Elitist,452945.4693114133
10,7,3,600,Elitist,235626.1025149679
10,7,4,600,Elitist,180308.8373600793
10,7,5,600,Elitist,209136.8801577771
10,7,6,600,Elitist,294296.77630631236
10,7,7,600,Elitist,196878.66416089205
10,7,8,600,Elitist,299863.4549862588
10,7,9,600,Elitist,376396.79101484735
10,7,10,600,Elitist,298187.98494825605
10,7,11,600,Elitist,490895.72088249616
10,7,12,600,Elitist,293922.96120385244
10,7,13,600,Elitist,221535.1174197797
10,7,14,600,Elitist,270623.29756545136
10,7,15,600,Elitist,243973.06095539063
10,7,16,600,Elitist,292090.9612799653
10,7,17,600,Elitist,181161.2250025415
10,7,18,600,Elitist,310095.5533411035
10,7,19,600,Elitist,309028.5097600417
11,1,0,600,Elitist,448.8575346313876
11,1,1,600,Elitist,314.88934083576214
11,1,2,600,Elitist,424.7219955772493
11,1,3,600,Elitist,363.5586507006216
11,1,4,600,Elitist,502.97735270244107
11,1,5,600,Elitist,622.5772049837382
11,1,6,600,Elitist,421.4052117462029
11,1,7,600,Elitist,370.87664875284344
11,1,8,600,Elitist,362.51225600795505
11,1,9,600,Elitist,367.09178283855766
11,1,10,600,Elitist,388.3514033687018
11,1,11,600,Elitist,324.4898101251887
11,1,12,600,Elitist,399.9687087691431
11,1,13,600,Elitist,460.32251007292393
11,1,14,600,Elitist,320.5448348772028
11,1,15,600,Elitist,425.1481058599032
11,1,16,600,Elitist,369.60455367230355
11,1,17,600,Elitist,411.19970512569137
11,1,18,600,Elitist,327.02090741798025
11,1,19,600,Elitist,337.9842986507865
11,2,0,600,Elitist,373.8731255310137
11,2,1,600,Elitist,410.0468081210079
11,2,2,600,Elitist,321.65110973020245
11,2,3,600,Elitist,394.1146681382276
11,2,4,600,Elitist,388.030457564889
11,2,5,600,Elitist,375.57358332312816
11,2,6,600,Elitist,362.0272803919128
11,2,7,600,Elitist,550.2831960479139
11,2,8,600,Elitist,418.5317770239961
11,2,9,600,Elitist,391.2525368056674
11,2,10,600,Elitist,384.44639189256065
11,2,11,600,Elitist,552.5712884716588
11,2,12,600,Elitist,269.2557485384801
11,2,13,600,Elitist,444.0435223935491
11,2,14,600,Elitist,401.0456474732835
11,2,15,600,Elitist,488.6931020404885
11,2,16,600,Elitist,366.45314134438036
11,2,17,600,Elitist,540.7890241772259
11,2,18,600,Elitist,486.78575073777426
11,2,19,600,Elitist,369.85921671619633
11,3,0,600,Elitist,388.20599500040066
11,3,1,600,Elitist,364.48129873622867
11,3,2,600,Elitist,511.14556543799523
11,3,3,600,Elitist,386.6923884754334
11,3,4,600,Elitist,326.06288805625434
11,3,5,600,Elitist,486.50853336541
11,3,6,600,Elitist,529.2893136587703
11,3,7,600,Elitist,532.4589069599867
11,3,8,600,Elitist,524.3219375378364
11,3,9,600,Elitist,443.66147022478737
11,3,10,600,Elitist,325.0542529611206
11,3,11,600,Elitist,385.24058182009907
11,3,12,600,Elitist,666.1595674707353
11,3,13,600,Elitist,469.89294270276446
11,3,14,600,Elitist,303.5028325521867
11,3,15,600,Elitist,343.222591360147
11,3,16,600,Elitist,409.78709316476073
11,3,17,600,Elitist,347.76007494326217
11,3,18,600,Elitist,377.0038976037596
11,3,19,600,Elitist,520.1177954168695
11,4,0,600,Elitist,467.5177701396593
11,4,1,600,Elitist,429.495850744912
11,4,2,600,Elitist,379.8043401325773
11,4,3,600,Elitist,349.3370256614211
11,4,4,600,Elitist,412.56397541946797
11,4,5,600,Elitist,471.69007969135293
11,4,6,600,Elitist,358.71870704855485
11,4,7,600,Elitist,356.6662692998822
11,4,8,600,Elitist,398.1514613668804
11,4,9,600,Elitist,446.0533908949809
11,4,10,600,Elitist,360.68782631419356
11,4,11,600,Elitist,484.94556190550236
11,4,12,600,Elitist,293.4762917333927
11,4,13,600,Elitist,449.861414495541
11,4,14,600,Elitist,341.90008251706206
11,4,15,600,Elitist,327.49298291530033
11,4,16,600,Elitist,463.5573941208751
11,4,17,600,Elitist,329.5517868742271
11,4,18,600,Elitist,417.9828764158009
11,4,19,600,Elitist,466.0478405175294
11,5,0,600,Elitist,360.88534414199466
11,5,1,600,Elitist,377.90987275268037
11,5,2,600,Elitist,362.3689429987386
11,5,3,600,Elitist,399.19899333662454
11,5,4,600,Elitist,470.4830911667964
11,5,5,600,Elitist,368.3706303145394
11,5,6,600,Elitist,352.5152689780326
11,5,7,600,Elitist,413.0801808493335
11,5,8,600,Elitist,448.3445905145802
11,5,9,600,Elitist,356.46388119052324
11,5,10,600,Elitist,401.54306112361496
11,5,11,600,Elitist,470.6517378092366
11,5,12,600,Elitist,498.27321484100014
11,5,13,600,Elitist,508.23210321617705
11,5,14,600,Elitist,373.5839825969522
11,5,15,600,Elitist,384.0094117909731
11,5,16,600,Elitist,433.51225141544353
11,5,17,600,Elitist,430.9470141073731
11,5,18,600,Elitist,353.8145003885022
11,5,19,600,Elitist,334.30925855053874
11,6,0,600,Elitist,361.7654799272995
11,6,1,600,Elitist,318.7922944443879
11,6,2,600,Elitist,400.79717567426707
11,6,3,600,Elitist,471.4948332932705
11,6,4,600,Elitist,539.1307704018235
11,6,5,600,Elitist,448.90603969820535
11,6,6,600,Elitist,445.2003226788305
11,6,7,600,Elitist,295.71815578448707
11,6,8,600,Elitist,537.561166888672
11,6,9,600,Elitist,406.87490257600706
11,6,10,600,Elitist,410.9756714674258
11,6,11,600,Elitist,405.30006399677006
11,6,12,600,Elitist,482.2180119277608
11,6,13,600,Elitist,508.00984088637085
11,6,14,600,Elitist,414.85102619672847
11,6,15,600,Elitist,480.1452431595858
11,6,16,600,Elitist,504.5544374907023
11,6,17,600,Elitist,513.8307544773551
11,6,18,600,Elitist,314.7926779687817
11,6,19,600,Elitist,535.9124063966229
11,7,0,600,Elitist,350.6605336698571
11,7,1,600,Elitist,334.52254860369084
11,7,2,600,Elitist,428.5181857411969
11,7,3,600,Elitist,295.2229119251649
11,7,4,600,Elitist,405.9258229409336
11,7,5,600,Elitist,373.0576323663325
11,7,6,600,Elitist,348.36258716656516
11,7,7,600,Elitist,208.3072060159034
11,7,8,600,Elitist,310.95320711508293
11,7,9,600,Elitist,273.9105699930502
11,7,10,600,Elitist,398.65751654185505
11,7,11,600,Elitist,401.99200263716347
11,7,12,600,Elitist,408.23945838841195
11,7,13,600,Elitist,406.4963262805492
11,7,14,600,Elitist,488.37873827002994
11,7,15,600,Elitist,411.9197100372341
11,7,16,600,Elitist,372.06549763956394
11,7,17,600,Elitist,363.07904559616736
11,7,18,600,Elitist,225.52127757191738
11,7,19,600,Elitist,334.95055909482414
12,1,0,600,Elitist,1927681.862588878
12,1,1,600,Elitist,1866655.0454035604
12,1,2,600,Elitist,957771.3044265505
12,1,3,600,Elitist,1143871.115871323
12,1,4,600,Elitist,1105002.9280131687
12,1,5,600,Elitist,1088140.3003215091
12,1,6,600,Elitist,1503529.209718662
12,1,7,600,Elitist,1163702.7007315746
12,1,8,600,Elitist,1440638.7939104938
12,1,9,600,Elitist,1340921.0424128992
12,1,10,600,Elitist,1247350.008103104
12,1,11,600,Elitist,2455842.5651592924
12,1,12,600,Elitist,1556329.2777134296
12,1,13,600,Elitist,1043421.5691713276
12,1,14,600,Elitist,1079469.7150013805
12,1,15,600,Elitist,1141981.445462692
12,1,16,600,Elitist,1911324.9556952554
12,1,17,600,Elitist,1166775.4340572972
12,1,18,600,Elitist,1291140.4396848571
12,1,19,600,Elitist,992561.9394386454
12,2,0,600,Elitist,1172844.5357343007
12,2,1,600,Elitist,1651767.7489657558
12,2,2,600,Elitist,1614056.908194546
12,2,3,600,Elitist,2166502.192315495
12,2,4,600,Elitist,2153085.2629558556
12,2,5,600,Elitist,1952988.0080466245
12,2,6,600,Elitist,1446040.6733402763
12,2,7,600,Elitist,1222417.914155921
12,2,8,600,Elitist,3026703.5852258923
12,2,9,600,Elitist,1896514.1385988905
12,2,10,600,Elitist,1060961.3916532565
12,2,11,600,Elitist,1763089.300212231
12,2,12,600,Elitist,1291008.3312976134
12,2,13,600,Elitist,1288137.9621748854
12,2,14,600,Elitist,2002180.3958672436
12,2,15,600,Elitist,2042905.8460335361
12,2,16,600,Elitist,2057450.6315161963
12,2,17,600,Elitist,1248502.3745255158
12,2,18,600,Elitist,1486336.2614759791
12,2,19,600,Elitist,1627691.8954704944
12,3,0,600,Elitist,2316066.467856366
12,3,1,600,Elitist,1446106.6120344654
12,3,2,600,Elitist,2298063.378237949
12,3,3,600,Elitist,1091240.813270844
12,3,4,600,Elitist,1122024.222000713
12,3,5,600,Elitist,1528675.901511658
12,3,6,600,Elitist,1542402.9948157668
12,3,7,600,Elitist,2048978.6090789346
12,3,8,600,Elitist,1795803.0127707417
12,3,9,600,Elitist,1473235.4736004823
12,3,10,600,Elitist,1618425.0643848204
12,3,11,600,Elitist,2697016.278806954
12,3,12,600,Elitist,1553238.3686937469
12,3,13,600,Elitist,1507661.695711714
12,3,14,600,Elitist,1568266.4208802555
12,3,15,600,Elitist,1275936.945411421
12,3,16,600,Elitist,1437081.9946088486
12,3,17,600,Elitist,1482478.7395577084
12,3,18,600,Elitist,1793013.326424772
12,3,19,600,Elitist,2060634.785079822
12,4,0,600,Elitist,2328486.9872257276
12,4,1,600,Elitist,1950564.7673859445
12,4,2,600,Elitist,1537626.10203074
12,4,3,600,Elitist,1184166.3329745696
12,4,4,600,Elitist,2674700.4057510477
12,4,5,600,Elitist,1418664.023424284
12,4,6,600,Elitist,1933877.6112492948
12,4,7,600,Elitist,1552788.8738902002
12,4,8,600,Elitist,1820017.8807082316
12,4,9,600,Elitist,1297013.2539672672
12,4,10,600,Elitist,1811897.2862681802
12,4,11,600,Elitist,1866376.3028502546
12,4,12,600,Elitist,1799006.7626416713
12,4,13,600,Elitist,957927.3124928976
12,4,14,600,Elitist,1766769.8591731135
12,4,15,600,Elitist,1892304.2893854787
12,4,16,600,Elitist,1223570.8684667412
12,4,17,600,Elitist,2500070.5186465103
12,4,18,600,Elitist,1791902.1994727843
12,4,19,600,Elitist,2438292.7622810313
12,5,0,600,Elitist,2574687.9207062633
12,5,1,600,Elitist,3202638.965840437
12,5,2,600,Elitist,2047519.9981351565
12,5,3,600,Elitist,2020491.807770239
12,5,4,600,Elitist,1898207.242672415
12,5,5,600,Elitist,2239095.779644354
12,5,6,600,Elitist,1667024.1167936053
12,5,7,600,Elitist,1553226.2240598984
12,5,8,600,Elitist,1361782.3868920153
12,5,9,600,Elitist,1272231.5948793027
12,5,10,600,Elitist,1198177.2982631307
12,5,11,600,Elitist,1033363.3366487115
12,5,12,600,Elitist,1405094.9261040974
12,5,13,600,Elitist,1246253.776440091
12,5,14,600,Elitist,1226247.7355485433
12,5,15,600,Elitist,1418931.746515539
12,5,16,600,Elitist,1299603.8518162866
12,5,17,600,Elitist,2334601.684001035
12,5,18,600,Elitist,1113682.0651095505
12,5,19,600,Elitist,1069204.6116799351
12,6,0,600,Elitist,1148759.7485304922
12,6,1,600,Elitist,891540.3038661393
12,6,2,600,Elitist,2887143.9958779863
12,6,3,600,Elitist,2559632.616065923
12,6,4,600,Elitist,1851720.9640336956
12,6,5,600,Elitist,2594286.0152735934
12,6,6,600,Elitist,2416711.182885816
12,6,7,600,Elitist,1464198.146724517
12,6,8,600,Elitist,1240068.8038781432
12,6,9,600,Elitist,2184348.1032715766
12,6,10,600,Elitist,1444660.1546103887
12,6,11,600,Elitist,2046997.0243780436
12,6,12,600,Elitist,2466469.6362996204
12,6,13,600,Elitist,1030832.0628416742
12,6,14,600,Elitist,1839271.8532014906
12,6,15,600,Elitist,3074416.533663866
12,6,16,600,Elitist,1886938.002752116
12,6,17,600,Elitist,4151453.985353352
12,6,18,600,Elitist,994248.4592370506
12,6,19,600,Elitist,1308291.4860466572
12,7,0,600,Elitist,3042574.8068874558
12,7,1,600,Elitist,2266361.563299939
12,7,2,600,Elitist,2806671.6948219314
12,7,3,600,Elitist,1397837.1957043305
12,7,4,600,Elitist,2583600.5060354793
12,7,5,600,Elitist,1021024.7568945021
12,7,6,600,Elitist,2310844.7786137154
12,7,7,600,Elitist,2192424.947335298
12,7,8,600,Elitist,1532880.3802615365
12,7,9,600,Elitist,2285471.2731354744
12,7,10,600,Elitist,1922981.6052260075
12,7,11,600,Elitist,2299687.678379903
12,7,12,600,Elitist,2313186.1088086683
12,7,13,600,Elitist,1750121.5393129585
12,7,14,600,Elitist,1827109.2373424263
12,7,15,600,Elitist,1076469.248629371
12,7,16,600,Elitist,2500868.959243257
12,7,17,600,Elitist,2088043.0888776002
12,7,18,600,Elitist,1918842.2119003346
12,7,19,600,Elitist,2133965.2171084327
13,1,0,600,Elitist,307.1533583448561
13,1,1,600,Elitist,326.7573211478708
13,1,2,600,Elitist,336.41801797111214
13,1,3,600,Elitist,254.68266191649568
13,1,4,600,Elitist,295.99098466090186
13,1,5,600,Elitist,344.7897951357786
13,1,6,600,Elitist,284.5585266310509
13,1,7,600,Elitist,426.3548368959508
13,1,8,600,Elitist,297.6847011326321
13,1,9,600,Elitist,325.8546323122308
13,1,10,600,Elitist,376.806894633978
13,1,11,600,Elitist,417.71991425117926
13,1,12,600,Elitist,322.40546924588205
13,1,13,600,Elitist,289.1313607673826
13,1,14,600,Elitist,247.25619857330017
13,1,15,600,Elitist,308.3126894444108
13,1,16,600,Elitist,234.85958218136219
13,1,17,600,Elitist,348.29803486209437
13,1,18,600,Elitist,356.50698746057253
13,1,19,600,Elitist,358.1288703032852
13,2,0,600,Elitist,287.58828115919175
13,2,1,600,Elitist,355.1698279719836
13,2,2,600,Elitist,305.15805019808346
13,2,3,600,Elitist,299.08970956259645
13,2,4,600,Elitist,410.7313359621769
13,2,5,600,Elitist,392.42627643333617
13,2,6,600,Elitist,272.7097787312305
13,2,7,600,Elitist,339.8048983056672
13,2,8,600,Elitist,274.8685332123843
13,2,9,600,Elitist,345.8358684276754
13,2,10,600,Elitist,304.0911970078808
13,2,11,600,Elitist,272.2565853259172
13,2,12,600,Elitist,380.17628045595075
13,2,13,600,Elitist,409.9507000195116
13,2,14,600,Elitist,318.82534803041824
13,2,15,600,Elitist,371.310660923021
13,2,16,600,Elitist,364.8888762079079
13,2,17,600,Elitist,327.2342564560077
13,2,18,600,Elitist,285.0448738236572
13,2,19,600,Elitist,323.72201918507176
13,3,0,600,Elitist,268.6656314618836
13,3,1,600,Elitist,335.7979956104442
13,3,2,600,Elitist,271.09835210040717
13,3,3,600,Elitist,323.43360572204074
13,3,4,600,Elitist,328.9849488106195
13,3,5,600,Elitist,295.75224398683685
13,3,6,600,Elitist,358.64365066104864
13,3,7,600,Elitist,314.7218652164132
13,3,8,600,Elitist,283.61302788510875
13,3,9,600,Elitist,287.07854463302317
13,3,10,600,Elitist,232.3850332429987
13,3,11,600,Elitist,244.20424048194684
13,3,12,600,Elitist,358.8275276009465
13,3,13,600,Elitist,334.5955873535754
13,3,14,600,Elitist,294.7924181307812
13,3,15,600,Elitist,229.41356692378895
13,3,16,600,Elitist,327.2958588215053
13,3,17,600,Elitist,435.39479983667985
13,3,18,600,Elitist,399.7863340883631
13,3,19,600,Elitist,372.1046314285637
13,4,0,600,Elitist,260.87012932152425
13,4,1,600,Elitist,369.95979784847077
13,4,2,600,Elitist,338.2958875718898
13,4,3,600,Elitist,356.93427654358334
13,4,4,600,Elitist,352.00674641352043
13,4,5,600,Elitist,253.13575022305872
13,4,6,600,Elitist,421.28218311978435
13,4,7,600,Elitist,300.351489267754
13,4,8,600,Elitist,386.41148884256836
13,4,9,600,Elitist,363.4079903694062
13,4,10,600,Elitist,405.8855071308428
13,4,11,600,Elitist,277.9619418544228
13,4,12,600,Elitist,353.8991220750513
13,4,13,600,Elitist,505.3346943871047
13,4,14,600,Elitist,399.37532745448516
13,4,15,600,Elitist,351.7503172180859
13,4,16,600,Elitist,389.6736745125204
13,4,17,600,Elitist,341.9018848080261
13,4,18,600,Elitist,308.452271509557
13,4,19,600,Elitist,342.6142641261015
13,5,0,600,Elitist,284.9318853266534
13,5,1,600,Elitist,356.2705359185308
13,5,2,600,Elitist,312.1201547676045
13,5,3,600,Elitist,272.5250130730089
13,5,4,600,Elitist,319.032925359819
13,5,5,600,Elitist,294.2536334980948
13,5,6,600,Elitist,393.42828627862684
13,5,7,600,Elitist,358.2788496787036
13,5,8,600,Elitist,341.5151989093372
13,5,9,600,Elitist,249.93597735278775
13,5,10,600,Elitist,355.4308719817965
13,5,11,600,Elitist,337.8692237076945
13,5,12,600,Elitist,296.1776928561852
13,5,13,600,Elitist,357.99808715069537
13,5,14,600,Elitist,405.6474671856801
13,5,15,600,Elitist,313.44435855129313
13,5,16,600,Elitist,300.06983370433846
13,5,17,600,Elitist,330.5508763626668
13,5,18,600,Elitist,291.2612111341062
13,5,19,600,Elitist,411.4424836325541
13,6,0,600,Elitist,368.58809126903486
13,6,1,600,Elitist,338.8378730917562
13,6,2,600,Elitist,301.0507231781973
13,6,3,600,Elitist,248.94656588298272
13,6,4,600,Elitist,286.8464362217587
13,6,5,600,Elitist,311.9668081070698
13,6,6,600,Elitist,344.2963122581384
13,6,7,600,Elitist,387.30472853352626
13,6,8,600,Elitist,327.5174511838335
13,6,9,600,Elitist,401.71882031504543
13,6,10,600,Elitist,455.1534808592241
13,6,11,600,Elitist,275.87774821251594
13,6,12,600,Elitist,405.27198235072984
13,6,13,600,Elitist,309.53279515793344
13,6,14,600,Elitist,392.0776318449131
13,6,15,600,Elitist,292.56910536327365
13,6,16,600,Elitist,331.22729000751633
13,6,17,600,Elitist,301.3620243938716
13,6,18,600,Elitist,405.5568614322002
13,6,19,600,Elitist,256.15048692229095
13,7,0,600,Elitist,284.9587094837332
13,7,1,600,Elitist,296.16563651014314
13,7,2,600,Elitist,254.2730751493214
13,7,3,600,Elitist,334.2340274435998
13,7,4,600,Elitist,339.9757258319448
13,7,5,600,Elitist,292.1986793602302
13,7,6,600,Elitist,339.59525890040726
13,7,7,600,Elitist,262.7037435011284
13,7,8,600,Elitist,393.1056083109051
13,7,9,600,Elitist,376.7925102905223
13,7,10,600,Elitist,366.87029048661
13,7,11,600,Elitist,296.05112732361215
13,7,12,600,Elitist,275.7454152609769
13,7,13,600,Elitist,364.12529562681055
13,7,14,600,Elitist,361.24739498296987
13,7,15,600,Elitist,306.72015969932926
13,7,16,600,Elitist,281.86710421170005
13,7,17,600,Elitist,366.64909917115966
13,7,18,600,Elitist,351.4133651795424
13,7,19,600,Elitist,355.0324218106031
14,1,0,600,Elitist,1.1378306848999458
14,1,1,600,Elitist,1.2558658036811678
14,1,2,600,Elitist,1.5059090980199272
14,1,3,600,Elitist,0.6468958487155234
14,1,4,600,Elitist,1.413367813570126
14,1,5,600,Elitist,1.1158128831965897
14,1,6,600,Elitist,1.4490682068353067
14,1,7,600,Elitist,1.484411432233081
14,1,8,600,Elitist,1.2124021874287223
14,1,9,600,Elitist,1.0620554670940834
14,1,10,600,Elitist,1.8799036130371718
14,1,11,600,Elitist,1.6186950031921299
14,1,12,600,Elitist,1.7464448708836287
14,1,13,600,Elitist,1.3577448875792868
14,1,14,600,Elitist,1.6557515050391913
14,1,15,600,Elitist,1.244473622007149
14,1,16,600,Elitist,1.1660542802864953
14,1,17,600,Elitist,1.9550763086497156
14,1,18,600,Elitist,1.9821502479081943
14,1,19,600,Elitist,0.9781581420284411
14,2,0,600,Elitist,1.9059236268428208
14,2,1,600,Elitist,0.9024506978195177
14,2,2,600,Elitist,2.514361655980764
14,2,3,600,Elitist,1.0992132613125136
14,2,4,600,Elitist,1.3085904650025952
14,2,5,600,Elitist,0.7696791647510111
14,2,6,600,Elitist,2.0231635986971526
14,2,7,600,Elitist,1.274084234219771
14,2,8,600,Elitist,0.9301081521794856
14,2,9,600,Elitist,1.8419410620045369
14,2,10,600,Elitist,1.953434620156571
14,2,11,600,Elitist,3.0405761815892163
14,2,12,600,Elitist,1.8905795721586003
14,2,13,600,Elitist,1.8532519226924933
14,2,14,600,Elitist,3.1658029626325117
14,2,15,600,Elitist,0.9093071854986192
14,2,16,600,Elitist,1.2563146609518867
14,2,17,600,Elitist,2.074542328056026
14,2,18,600,Elitist,1.5356943920838262
14,2,19,600,Elitist,1.4588678759311335
14,3,0,600,Elitist,1.2323207048393243
14,3,1,600,Elitist,1.1621364459871444
14,3,2,600,Elitist,1.9535136709266396
14,3,3,600,Elitist,0.6925479915055774
14,3,4,600,Elitist,1.1426430249673416
14,3,5,600,Elitist,3.3845238014441748
14,3,6,600,Elitist,2.130777914698214
14,3,7,600,Elitist,0.8243142928301239
14,3,8,600,Elitist,1.3547830219193173
14,3,9,600,Elitist,2.1608024473890453
14,3,10,600,Elitist,1.3420827264031772
14,3,11,600,Elitist,1.9149534639211936
14,3,12,600,Elitist,0.7375042612899279
14,3,13,600,Elitist,1.344375586005711
14,3,14,600,Elitist,1.1302868470383487
14,3,15,600,Elitist,1.6327153131207695
14,3,16,600,Elitist,1.117172022922972
14,3,17,600,Elitist,0.8287364657950604
14,3,18,600,Elitist,0.8754353914772111
14,3,19,600,Elitist,2.3707615991425257
14,4,0,600,Elitist,1.6483975825073713
14,4,1,600,Elitist,0.8825422985488487
14,4,2,600,Elitist,2.239568238292776
14,4,3,600,Elitist,1.7426328180500832
14,4,4,600,Elitist,1.2887466481760086
14,4,5,600,Elitist,1.4906618682220056
14,4,6,600,Elitist,0.923487650204379
14,4,7,600,Elitist,2.9988939843815388
14,4,8,600,Elitist,1.103979595931392
14,4,9,600,Elitist,2.51444008076016
14,4,10,600,Elitist,1.9008351213757635
14,4,11,600,Elitist,1.119717522283949
14,4,12,600,Elitist,2.3842315492368726
14,4,13,600,Elitist,1.2542135454461416
14,4,14,600,Elitist,1.338667715281403
14,4,15,600,Elitist,1.1163370136056514
14,4,16,600,Elitist,2.053268535363344
14,4,17,600,Elitist,1.4454823739410614
14,4,18,600,Elitist,1.4570647189939905
14,4,19,600,Elitist,1.4076146304283625
14,5,0,600,Elitist,1.7241361793186059
14,5,1,600,Elitist,2.0869430677141807
14,5,2,600,Elitist,1.4605927232519633
14,5,3,600,Elitist,1.3007697736979082
14,5,4,600,Elitist,1.2549813068340683
14,5,5,600,Elitist,1.4682615105493682
14,5,6,600,Elitist,1.5974993154701806
14,5,7,600,Elitist,1.0650116393537274
14,5,8,600,Elitist,1.5515295803412528
14,5,9,600,Elitist,1.5515597666332752
14,5,10,600,Elitist,2.1970918908597667
14,5,11,600,Elitist,2.7704315595940443
14,5,12,600,Elitist,1.2133218665297605
14,5,13,600,Elitist,2.615946392725995
14,5,14,600,Elitist,1.6967362686323213
14,5,15,600,Elitist,2.31643117433282
14,5,16,600,Elitist,1.2321237161867487
14,5,17,600,Elitist,1.4827667829618605
14,5,18,600,Elitist,1.4990840669094112
14,5,19,600,Elitist,1.5665095215321898
14,6,0,600,Elitist,2.1154349221902677
14,6,1,600,Elitist,1.5852661526279377
14,6,2,600,Elitist,1.602794798601579
14,6,3,600,Elitist,1.5177464192373549
14,6,4,600,Elitist,1.5809056826989618
14,6,5,600,Elitist,3.4520634887270845
14,6,6,600,Elitist,1.6911759469388699
14,6,7,600,Elitist,1.4914235922213877
14,6,8,600,Elitist,0.9666185788455692
14,6,9,600,Elitist,1.466567868306143
14,6,10,600,Elitist,2.0161672136998874
14,6,11,600,Elitist,1.7608852054336737
14,6,12,600,Elitist,2.000394960535978
14,6,13,600,Elitist,0.8636565039468849
14,6,14,600,Elitist,1.7913247627516782
14,6,15,600,Elitist,1.6276149777214783
14,6,16,600,Elitist,1.5097046723161185
14,6,17,600,Elitist,0.6929878309168771
14,6,18,600,Elitist,1.40694245464055
14,6,19,600,Elitist,1.2885216159639654
14,7,0,600,Elitist,1.0203025089922164
14,7,1,600,Elitist,1.749915097309085
14,7,2,600,Elitist,1.594821198376124
14,7,3,600,Elitist,1.550177483314286
14,7,4,600,Elitist,1.284126597335927
14,7,5,600,Elitist,0.7269591326139846
14,7,6,600,Elitist,0.9443370371996593
14,7,7,600,Elitist,0.7337322568753137
14,7,8,600,Elitist,1.2969137408408784
14,7,9,600,Elitist,1.4463269424891365
14,7,10,600,Elitist,1.1407021401435316
14,7,11,600,Elitist,0.6534429255173961
14,7,12,600,Elitist,1.8808141376619005
14,7,13,600,Elitist,1.5580292178867694
14,7,14,600,Elitist,1.6604187507929424
14,7,15,600,Elitist,1.4321470372217817
14,7,16,600,Elitist,1.1729478884544022
14,7,17,600,Elitist,2.0762817237229143
14,7,18,600,Elitist,0.7044879169053786
14,7,19,600,Elitist,1.1828764035723083
15,1,0,600,Elitist,388.830921465503
15,1,1,600,Elitist,413.3296102292329
15,1,2,600,Elitist,369.31219180136077
15,1,3,600,Elitist,427.1464395389696
15,1,4,600,Elitist,430.22459737956524
15,1,5,600,Elitist,360.173556855043
15,1,6,600,Elitist,304.6755685890298
15,1,7,600,Elitist,369.2719151145402
15,1,8,600,Elitist,338.8858689205015
15,1,9,600,Elitist,394.01981839331825
15,1,10,600,Elitist,386.2006522226152
15,1,11,600,Elitist,383.8460213561268
15,1,12,600,Elitist,439.1520328740262
15,1,13,600,Elitist,395.78303042602033
15,1,14,600,Elitist,356.0808817672714
15,1,15,600,Elitist,369.9351022244891
15,1,16,600,Elitist,337.65045309572815
15,1,17,600,Elitist,328.8318380908163
15,1,18,600,Elitist,352.47476604764597
15,1,19,600,Elitist,387.3842900679865
15,2,0,600,Elitist,381.09477229464676
15,2,1,600,Elitist,369.92573438113766
15,2,2,600,Elitist,347.8368543916396
15,2,3,600,Elitist,360.49234961550417
15,2,4,600,Elitist,420.54041907678584
15,2,5,600,Elitist,389.88330865249986
15,2,6,600,Elitist,390.93012259332056
15,2,7,600,Elitist,390.8558285813293
15,2,8,600,Elitist,357.5357310688073
15,2,9,600,Elitist,401.188536866469
15,2,10,600,Elitist,466.92298851489966
15,2,11,600,Elitist,379.12215323379087
15,2,12,600,Elitist,385.722486745305
15,2,13,600,Elitist,416.08145878644416
15,2,14,600,Elitist,363.0736199767239
15,2,15,600,Elitist,345.06453102441105
15,2,16,600,Elitist,386.3227131191601
15,2,17,600,Elitist,461.49781718511076
15,2,18,600,Elitist,419.5783551146844
15,2,19,600,Elitist,427.4079017608707
15,3,0,600,Elitist,354.08358112989424
15,3,1,600,Elitist,341.65685784663333
15,3,2,600,Elitist,373.7485755426542
15,3,3,600,Elitist,394.5609163455348
15,3,4,600,Elitist,401.28468386212194
15,3,5,600,Elitist,406.7777931806902
15,3,6,600,Elitist,389.7177122731882
15,3,7,600,Elitist,402.25645769182415
15,3,8,600,Elitist,324.47037616588557
15,3,9,600,Elitist,343.96957404936006
15,3,10,600,Elitist,353.1783346871822
15,3,11,600,Elitist,334.5983178719091
15,3,12,600,Elitist,383.92766455454046
15,3,13,600,Elitist,405.7981710182695
15,3,14,600,Elitist,412.42790227517867
15,3,15,600,Elitist,348.2700712051776
15,3,16,600,Elitist,415.21142244676173
15,3,17,600,Elitist,386.6211688614825
15,3,18,600,Elitist,371.367403868358
15,3,19,600,Elitist,413.80943097082593
15,4,0,600,Elitist,350.3295993200958
15,4,1,600,Elitist,449.41353814113006
15,4,2,600,Elitist,369.2758367607913
15,4,3,600,Elitist,380.8641636741006
15,4,4,600,Elitist,362.85583521699186
15,4,5,600,Elitist,338.8663562929414
15,4,6,600,Elitist,386.1544766238562
15,4,7,600,Elitist,348.91647010377073
15,4,8,600,Elitist,373.4187094131046
15,4,9,600,Elitist,355.90074813151386
15,4,10,600,Elitist,408.0760593387796
15,4,11,600,Elitist,388.8882219234987
15,4,12,600,Elitist,330.9212590780372
15,4,13,600,Elitist,362.59307144271907
15,4,14,600,Elitist,352.49673726057586
15,4,15,600,Elitist,367.32612737018906
15,4,16,600,Elitist,364.9633433554302
15,4,17,600,Elitist,389.8534555543996
15,4,18,600,Elitist,391.74332674895663
15,4,19,600,Elitist,379.7212646254221
15,5,0,600,Elitist,400.5124898794009
15,5,1,600,Elitist,395.08158464018106
15,5,2,600,Elitist,349.21433750383545
15,5,3,600,Elitist,347.5577301365124
15,5,4,600,Elitist,395.397615563421
15,5,5,600,Elitist,402.0602399518726
15,5,6,600,Elitist,372.0055531476843
15,5,7,600,Elitist,379.3841079707223
15,5,8,600,Elitist,355.88360574979055
15,5,9,600,Elitist,403.4104534436395
15,5,10,600,Elitist,381.3808126198293
15,5,11,600,Elitist,381.8463181432767
15,5,12,600,Elitist,374.7181458681393
15,5,13,600,Elitist,370.7425996272084
15,5,14,600,Elitist,387.2377786606914
15,5,15,600,Elitist,374.66281838542307
15,5,16,600,Elitist,414.82572415109394
15,5,17,600,Elitist,391.15367107461554
15,5,18,600,Elitist,374.72537908215077
15,5,19,600,Elitist,416.5588252849555
15,6,0,600,Elitist,380.4544272133802
15,6,1,600,Elitist,372.7217286177123
15,6,2,600,Elitist,356.38990360279377
15,6,3,600,Elitist,371.34225809005153
15,6,4,600,Elitist,405.34827321046646
15,6,5,600,Elitist,336.39803740190746
15,6,6,600,Elitist,395.39582819476516
15,6,7,600,Elitist,374.6382514883348
15,6,8,600,Elitist,356.35651238766894
15,6,9,600,Elitist,402.8190108482163
15,6,10,600,Elitist,342.0920211633347
15,6,11,600,Elitist,378.91732993604484
15,6,12,600,Elitist,307.3385833714893
15,6,13,600,Elitist,370.7946299480042
15,6,14,600,Elitist,373.30451651096155
15,6,15,600,Elitist,341.9361137244657
15,6,16,600,Elitist,424.33626100770357
15,6,17,600,Elitist,414.74753155043663
15,6,18,600,Elitist,355.2091853738313
15,6,19,600,Elitist,402.7263239866361
15,7,0,600,Elitist,366.3276058246326
15,7,1,600,Elitist,369.0024342221372
15,7,2,600,Elitist,384.61724738397896
15,7,3,600,Elitist,368.1351479583838
15,7,4,600,Elitist,379.57131012957205
15,7,5,600,Elitist,378.51734749997553
15,7,6,600,Elitist,385.46398083215826
15,7,7,600,Elitist,429.0674086174234
15,7,8,600,Elitist,341.13338416335495
15,7,9,600,Elitist,378.00200134982623
15,7,10,600,Elitist,355.28128599050336
15,7,11,600,Elitist,387.2491463938381
15,7,12,600,Elitist,369.56053369473165
15,7,13,600,Elitist,396.6294544381273
15,7,14,600,Elitist,356.2188021438603
15,7,15,600,Elitist,368.6528665183063
15,7,16,600,Elitist,307.7288341347882
15,7,17,600,Elitist,429.15504359744654
15,7,18,600,Elitist,418.91785151380935
15,7,19,600,Elitist,313.00509544277844
16,1,0,600,Elitist,40.39999483487436
16,1,1,600,Elitist,37.83686519423726
16,1,2,600,Elitist,22.68368621377317
16,1,3,600,Elitist,32.812089926464154
16,1,4,600,Elitist,31.566091384174186
16,1,5,600,Elitist,33.99346996007672
16,1,6,600,Elitist,32.64601597172786
16,1,7,600,Elitist,24.498988755283634
16,1,8,600,Elitist,25.174365066639368
16,1,9,600,Elitist,29.20815396226797
16,1,10,600,Elitist,31.955101390556564
16,1,11,600,Elitist,20.286030942924228
16,1,12,600,Elitist,24.292478210828932
16,1,13,600,Elitist,37.60746809785708
16,1,14,600,Elitist,34.82276109972207
16,1,15,600,Elitist,41.742591302599706
16,1,16,600,Elitist,35.10592128236033
16,1,17,600,Elitist,27.827475252226478
16,1,18,600,Elitist,38.48224597068551
16,1,19,600,Elitist,28.68601004300018
16,2,0,600,Elitist,43.1949617304482
16,2,1,600,Elitist,42.315989547918264
16,2,2,600,Elitist,31.721994271257756
16,2,3,600,Elitist,23.651888070229347
16,2,4,600,Elitist,29.41135091384399
16,2,5,600,Elitist,35.47709113460331
16,2,6,600,Elitist,35.29673971932647
16,2,7,600,Elitist,27.207238436077716
16,2,8,600,Elitist,23.47300173000815
16,2,9,600,Elitist,27.119232366721292
16,2,10,600,Elitist,30.94141297666215
16,2,11,600,Elitist,32.382440202831674
16,2,12,600,Elitist,33.80968730435836
16,2,13,600,Elitist,25.45160202408846
16,2,14,600,Elitist,30.73582457908128
16,2,15,600,Elitist,19.483154302180708
16,2,16,600,Elitist,36.629661454311815
16,2,17,600,Elitist,26.899173735935676
16,2,18,600,Elitist,24.15987735970492
16,2,19,600,Elitist,21.441724308864707
16,3,0,600,Elitist,38.93860785877551
16,3,1,600,Elitist,38.436092198167344
16,3,2,600,Elitist,33.008958255405545
16,3,3,600,Elitist,28.250567111887776
16,3,4,600,Elitist,25.26430588619803
16,3,5,600,Elitist,31.94276456249095
16,3,6,600,Elitist,26.864566086497902
16,3,7,600,Elitist,21.62959176595585
16,3,8,600,Elitist,27.900472294882093
16,3,9,600,Elitist,31.3903071947896
16,3,10,600,Elitist,39.428837990990885
16,3,11,600,Elitist,28.844053960327145
16,3,12,600,Elitist,27.65155613962166
16,3,13,600,Elitist,24.41677018358321
16,3,14,600,Elitist,28.142106891137885
16,3,15,600,Elitist,41.92232777205926
16,3,16,600,Elitist,36.268823160744844
16,3,17,600,Elitist,33.725381435587806
16,3,18,600,Elitist,30.004576800638787
16,3,19,600,Elitist,29.295174202992186
16,4,0,600,Elitist,30.61425322087382
16,4,1,600,Elitist,26.73475756743136
16,4,2,600,Elitist,24.065337724202095
16,4,3,600,Elitist,29.85747324057786
16,4,4,600,Elitist,32.58612585833362
16,4,5,600,Elitist,32.173675099616446
16,4,6,600,Elitist,27.341181206339968
16,4,7,600,Elitist,31.010133061091494
16,4,8,600,Elitist,31.689675264706977
16,4,9,600,Elitist,31.931262261261963
16,4,10,600,Elitist,40.23820244302033
16,4,11,600,Elitist,34.85592645169004
16,4,12,600,Elitist,31.33442017922704
16,4,13,600,Elitist,30.012271103820808
16,4,14,600,Elitist,29.15736662056628
16,4,15,600,Elitist,23.45708695217172
16,4,16,600,Elitist,22.487775816376086
16,4,17,600,Elitist,25.694378158775407
16,4,18,600,Elitist,24.918990731402914
16,4,19,600,Elitist,35.495336548267915
16,5,0,600,Elitist,29.862965641060168
16,5,1,600,Elitist,23.217620019829
16,5,2,600,Elitist,33.34966309169445
16,5,3,600,Elitist,31.00388717961473
16,5,4,600,Elitist,38.193983479602984
16,5,5,600,Elitist,43.01016779858575
16,5,6,600,Elitist,24.05203594114552
16,5,7,600,Elitist,29.897350892046827
16,5,8,600,Elitist,41.90658473833164
16,5,9,600,Elitist,23.335034745277788
16,5,10,600,Elitist,31.223984834892363
16,5,11,600,Elitist,30.848129548727258
16,5,12,600,Elitist,26.564065550310936
16,5,13,600,Elitist,34.655210866683646
16,5,14,600,Elitist,28.541454951228044
16,5,15,600,Elitist,32.811242758258516
16,5,16,600,Elitist,27.992055561810425
16,5,17,600,Elitist,28.92835751328537
16,5,18,600,Elitist,31.296383945189525
16,5,19,600,Elitist,28.184692112379217
16,6,0,600,Elitist,37.21821213329085
16,6,1,600,Elitist,38.27245445888744
16,6,2,600,Elitist,37.66789100179329
16,6,3,600,Elitist,33.551882599614714
16,6,4,600,Elitist,27.708430180567728
16,6,5,600,Elitist,33.221693358940435
16,6,6,600,Elitist,36.27474934485312
16,6,7,600,Elitist,30.587958760788617
16,6,8,600,Elitist,33.79706281940845
16,6,9,600,Elitist,29.192480473630752
16,6,10,600,Elitist,26.164963691077606
16,6,11,600,Elitist,36.428698502341135
16,6,12,600,Elitist,28.982914316020832
16,6,13,600,Elitist,33.981741985003055
16,6,14,600,Elitist,22.91714383016825
16,6,15,600,Elitist,28.726384476602256
16,6,16,600,Elitist,39.45740744221339
16,6,17,600,Elitist,36.47928024531124
16,6,18,600,Elitist,20.45624339639236
16,6,19,600,Elitist,38.36553321652008
16,7,0,600,Elitist,36.39163471640281
16,7,1,600,Elitist,30.655781198293322
16,7,2,600,Elitist,27.53202459886765
16,7,3,600,Elitist,30.398801329341474
16,7,4,600,Elitist,30.70589891674028
16,7,5,600,Elitist,34.97080676129742
16,7,6,600,Elitist,24.68984703759203
16,7,7,600,Elitist,27.749903817788667
16,7,8,600,Elitist,26.882296432663967
16,7,9,600,Elitist,30.87003114164212
16,7,10,600,Elitist,29.924972360572255
16,7,11,600,Elitist,25.435277783868777
16,7,12,600,Elitist,31.50034839525585
16,7,13,600,Elitist,25.544936800060263
16,7,14,600,Elitist,38.07003654892992
16,7,15,600,Elitist,34.20378577396616
16,7,16,600,Elitist,39.791303890244365
16,7,17,600,Elitist,27.402209609037303
16,7,18,600,Elitist,34.67654954352295
16,7,19,600,Elitist,36.408796799208616
17,1,0,600,Elitist,3.3125648070406566
17,1,1,600,Elitist,2.7557871588067293
17,1,2,600,Elitist,1.8671752468592206
17,1,3,600,Elitist,2.441980530372991
17,1,4,600,Elitist,2.275927349888976
17,1,5,600,Elitist,4.003310872188399
17,1,6,600,Elitist,2.225044642071678
17,1,7,600,Elitist,2.8804571230813405
17,1,8,600,Elitist,2.094984257809987
17,1,9,600,Elitist,2.3998011214643675
17,1,10,600,Elitist,2.3130568049837663
17,1,11,600,Elitist,2.448645463797231
17,1,12,600,Elitist,3.000328453592168
17,1,13,600,Elitist,1.6866252173467497
17,1,14,600,Elitist,3.400210567636707
17,1,15,600,Elitist,1.8342294233120686
17,1,16,600,Elitist,2.802602329193645
17,1,17,600,Elitist,3.217250755421613
17,1,18,600,Elitist,3.0018069749144125
17,1,19,600,Elitist,3.0846635065436665
17,2,0,600,Elitist,1.9861709599858344
17,2,1,600,Elitist,2.8585873148042324
17,2,2,600,Elitist,2.1213287356491115
17,2,3,600,Elitist,3.084864027880265
17,2,4,600,Elitist,1.4347756953094652
17,2,5,600,Elitist,2.4452376421305964
17,2,6,600,Elitist,3.0473486376632373
17,2,7,600,Elitist,2.510826037295505
17,2,8,600,Elitist,1.9126728380777926
17,2,9,600,Elitist,1.8472721753073174
17,2,10,600,Elitist,2.003454443976768
17,2,11,600,Elitist,2.2392457041775238
17,2,12,600,Elitist,2.6847198048536143
17,2,13,600,Elitist,2.0545135503899132
17,2,14,600,Elitist,2.2848484883410975
17,2,15,600,Elitist,2.1335129800698382
17,2,16,600,Elitist,1.7961529874369049
17,2,17,600,Elitist,3.5549872396838715
17,2,18,600,Elitist,2.071344637259802
17,2,19,600,Elitist,2.4691780200866056
17,3,0,600,Elitist,1.3253472385357554
17,3,1,600,Elitist,3.0731931682705067
17,3,2,600,Elitist,2.4974874749071887
17,3,3,600,Elitist,2.902101700546723
17,3,4,600,Elitist,3.108246981355535
17,3,5,600,Elitist,2.2812894126598167
17,3,6,600,Elitist,2.1813477297251325
17,3,7,600,Elitist,3.7558605308310575
17,3,8,600,Elitist,2.578584187466845
17,3,9,600,Elitist,2.4255377120060757
17,3,10,600,Elitist,2.2365947536738986
17,3,11,600,Elitist,2.5032199291910047
17,3,12,600,Elitist,2.1221969977924573
17,3,13,600,Elitist,2.6699171932312424
17,3,14,600,Elitist,2.0462510031711645
17,3,15,600,Elitist,2.902633092993085
17,3,16,600,Elitist,4.345849322313825
17,3,17,600,Elitist,2.332476902032795
17,3,18,600,Elitist,2.8251560438491765
17,3,19,600,Elitist,2.7998776030300405
17,4,0,600,Elitist,4.0856919582317985
17,4,1,600,Elitist,2.5279829321066103
17,4,2,600,Elitist,2.3926108217549427
17,4,3,600,Elitist,2.0706114303465526
17,4,4,600,Elitist,1.9156778635698615
17,4,5,600,Elitist,1.7918153044296545
17,4,6,600,Elitist,1.6431187826820732
17,4,7,600,Elitist,1.5374797690408997
17,4,8,600,Elitist,1.1824389255788574
17,4,9,600,Elitist,2.58439460310057
17,4,10,600,Elitist,2.361229967944169
17,4,11,600,Elitist,3.0935551261769447
17,4,12,600,Elitist,3.3808325572706224
17,4,13,600,Elitist,2.2733531951301416
17,4,14,600,Elitist,3.7573816100487747
17,4,15,600,Elitist,2.6655570081416045
17,4,16,600,Elitist,2.360723367855421
17,4,17,600,Elitist,3.725244286851698
17,4,18,600,Elitist,1.4727735586698643
17,4,19,600,Elitist,2.3419553124074426
17,5,0,600,Elitist,2.8771756899373315
17,5,1,600,Elitist,2.173504378975082
17,5,2,600,Elitist,2.457164968894574
17,5,3,600,Elitist,3.6522934524050754
17,5,4,600,Elitist,2.6622337706643577
17,5,5,600,Elitist,3.0777410999420454
17,5,6,600,Elitist,3.480065743554775
17,5,7,600,Elitist,2.767871749345602
17,5,8,600,Elitist,1.5376835257155221
17,5,9,600,Elitist,2.0534484568963762
17,5,10,600,Elitist,1.9759618035375297
17,5,11,600,Elitist,2.3145704532498144
17,5,12,600,Elitist,2.296107619536798
17,5,13,600,Elitist,1.9901510398088362
17,5,14,600,Elitist,2.55520486555821
17,5,15,600,Elitist,2.2910938562666843
17,5,16,600,Elitist,2.5925788552563915
17,5,17,600,Elitist,2.718131910023857
17,5,18,600,Elitist,1.9319723648698073
17,5,19,600,Elitist,3.3318406333231394
17,6,0,600,Elitist,1.6119014545871835
17,6,1,600,Elitist,1.6274654155098744
17,6,2,600,Elitist,2.483028326298694
17,6,3,600,Elitist,2.764716688409493
17,6,4,600,Elitist,2.481117489807815
17,6,5,600,Elitist,1.8608713805816137
17,6,6,600,Elitist,2.0210848502866554
17,6,7,600,Elitist,1.893394007354459
17,6,8,600,Elitist,2.008604010438745
17,6,9,600,Elitist,2.661551481329269
17,6,10,600,Elitist,2.87234440504389
17,6,11,600,Elitist,2.139317673570474
17,6,12,600,Elitist,2.4095430943717417
17,6,13,600,Elitist,2.0505432997194077
17,6,14,600,Elitist,1.994398290057319
17,6,15,600,Elitist,1.8798210280326657
17,6,16,600,Elitist,2.6135195919288208
17,6,17,600,Elitist,2.5380527253126104
17,6,18,600,Elitist,2.943465304589921
17,6,19,600,Elitist,2.6837295286802316
17,7,0,600,Elitist,1.5168236979435221
17,7,1,600,Elitist,1.8430754328598056
17,7,2,600,Elitist,2.199429866573709
17,7,3,600,Elitist,2.888643058620403
17,7,4,600,Elitist,3.405797299969805
17,7,5,600,Elitist,2.468239450345095
17,7,6,600,Elitist,1.8618196778298426
17,7,7,600,Elitist,2.5686783637429045
17,7,8,600,Elitist,1.9156993698425424
17,7,9,600,Elitist,2.7689058030163096
17,7,10,600,Elitist,2.462141306861639
17,7,11,600,Elitist,3.1998142248948653
17,7,12,600,Elitist,2.4236376756605438
17,7,13,600,Elitist,1.7155760250956575
17,7,14,600,Elitist,1.1612538076137753
17,7,15,600,Elitist,1.1910155330742214
17,7,16,600,Elitist,1.6791873553964791
17,7,17,600,Elitist,3.013431899988703
17,7,18,600,Elitist,2.055250470808687
17,7,19,600,Elitist,2.182938814156458
18,1,0,600,Elitist,7.373407548121746
18,1,1,600,Elitist,12.832359832591504
18,1,2,600,Elitist,6.36123231971456
18,1,3,600,Elitist,8.948483335364983
18,1,4,600,Elitist,9.695815951229498
18,1,5,600,Elitist,9.347758986857587
18,1,6,600,Elitist,8.177896105362649
18,1,7,600,Elitist,10.206180950278387
18,1,8,600,Elitist,7.056426674771714
18,1,9,600,Elitist,9.75445467827039
18,1,10,600,Elitist,9.388743487724259
18,1,11,600,Elitist,7.274090665847918
18,1,12,600,Elitist,9.381123376735305
18,1,13,600,Elitist,9.853239072779598
18,1,14,600,Elitist,13.25755247160897
18,1,15,600,Elitist,5.1739604505365335
18,1,16,600,Elitist,9.28623309124125
18,1,17,600,Elitist,5.9418750989417095
18,1,18,600,Elitist,9.6039490840607
18,1,19,600,Elitist,12.152686863600254
18,2,0,600,Elitist,8.308068683803352
18,2,1,600,Elitist,10.430659881764175
18,2,2,600,Elitist,8.01428402399738
18,2,3,600,Elitist,6.925152391021388
18,2,4,600,Elitist,10.29079084057086
18,2,5,600,Elitist,9.218459902269846
18,2,6,600,Elitist,6.598499550896495
18,2,7,600,Elitist,8.749037079175476
18,2,8,600,Elitist,8.776754721358927
18,2,9,600,Elitist,7.584191171900809
18,2,10,600,Elitist,7.923670436164951
18,2,11,600,Elitist,13.63074105816062
18,2,12,600,Elitist,9.83636512850931
18,2,13,600,Elitist,10.438601813298998
18,2,14,600,Elitist,7.243805872175116
18,2,15,600,Elitist,7.343864087104915
18,2,16,600,Elitist,9.191662630631534
18,2,17,600,Elitist,8.459851250209926
18,2,18,600,Elitist,10.385585447970005
18,2,19,600,Elitist,7.427473841119255
18,3,0,600,Elitist,14.738408189118502
18,3,1,600,Elitist,8.689008985288297
18,3,2,600,Elitist,12.882886059551026
18,3,3,600,Elitist,11.519723221071558
18,3,4,600,Elitist,11.707964737013526
18,3,5,600,Elitist,10.911765241262287
18,3,6,600,Elitist,8.170680309346437
18,3,7,600,Elitist,8.158155010445796
18,3,8,600,Elitist,17.446002510978417
18,3,9,600,Elitist,10.902493553607655
18,3,10,600,Elitist,10.16386451686185
18,3,11,600,Elitist,17.599218742090727
18,3,12,600,Elitist,9.259577848929723
18,3,13,600,Elitist,8.345385800627355
18,3,14,600,Elitist,8.357859686288009
18,3,15,600,Elitist,16.640935422550513
18,3,16,600,Elitist,10.04233446135487
18,3,17,600,Elitist,9.644673619254434
18,3,18,600,Elitist,13.137759575626376
18,3,19,600,Elitist,14.037932079504856
18,4,0,600,Elitist,9.336044187766596
18,4,1,600,Elitist,8.041656853457454
18,4,2,600,Elitist,10.000657900834454
18,4,3,600,Elitist,13.04727679486539
18,4,4,600,Elitist,7.440924806044478
18,4,5,600,Elitist,9.638510034460246
18,4,6,600,Elitist,11.720176549564968
18,4,7,600,Elitist,11.754554713485966
18,4,8,600,Elitist,7.686598898425217
18,4,9,600,Elitist,10.247835023320015
18,4,10,600,Elitist,6.567591014153905
18,4,11,600,Elitist,6.653435426278513
18,4,12,600,Elitist,8.587432118877892
18,4,13,600,Elitist,10.462066428391836
18,4,14,600,Elitist,7.38707638502958
18,4,15,600,Elitist,9.64646347483366
18,4,16,600,Elitist,10.46682753860346
18,4,17,600,Elitist,11.665749917950514
18,4,18,600,Elitist,9.462126944727842
18,4,19,600,Elitist,6.392960667088609
18,5,0,600,Elitist,13.19721540967447
18,5,1,600,Elitist,10.020117001493105
18,5,2,600,Elitist,11.454214018215282
18,5,3,600,Elitist,14.27185008859206
18,5,4,600,Elitist,10.26857793297745
18,5,5,600,Elitist,12.746192812993627
18,5,6,600,Elitist,8.041647719559222
18,5,7,600,Elitist,8.509248237933491
18,5,8,600,Elitist,15.254919874095435
18,5,9,600,Elitist,9.02695778470354
18,5,10,600,Elitist,11.616279516796823
18,5,11,600,Elitist,7.83166636124659
18,5,12,600,Elitist,7.716236379487867
18,5,13,600,Elitist,9.068711436194661
18,5,14,600,Elitist,8.266931768467401
18,5,15,600,Elitist,11.450292859678768
18,5,16,600,Elitist,15.237984842671949
18,5,17,600,Elitist,7.318277402657969
18,5,18,600,Elitist,8.14317365414729
18,5,19,600,Elitist,9.593763349021515
18,6,0,600,Elitist,14.554084203828722
18,6,1,600,Elitist,7.14887326997092
18,6,2,600,Elitist,8.78566885118147
18,6,3,600,Elitist,9.847480024789832
18,6,4,600,Elitist,11.787290002619187
18,6,5,600,Elitist,7.426881649448546
18,6,6,600,Elitist,5.3802942367955495
18,6,7,600,Elitist,7.196066215233145
18,6,8,600,Elitist,10.684713642764223
18,6,9,600,Elitist,10.1363624323711
18,6,10,600,Elitist,10.363580462919032
18,6,11,600,Elitist,9.900147331092256
18,6,12,600,Elitist,11.333216273556104
18,6,13,600,Elitist,10.104556951091638
18,6,14,600,Elitist,9.309349931248107
18,6,15,600,Elitist,10.394946683370648
18,6,16,600,Elitist,12.9452037237009
18,6,17,600,Elitist,10.623662624487793
18,6,18,600,Elitist,7.900727796238556
18,6,19,600,Elitist,8.530404177767565
18,7,0,600,Elitist,9.70549893805891
18,7,1,600,Elitist,8.410022790493173
18,7,2,600,Elitist,13.107449381573062
18,7,3,600,Elitist,9.155444552850057
18,7,4,600,Elitist,7.601111694772371
18,7,5,600,Elitist,16.36351840434584
18,7,6,600,Elitist,10.960927698616231
18,7,7,600,Elitist,10.364632847282948
18,7,8,600,Elitist,14.585301156510795
18,7,9,600,Elitist,10.240596098719081
18,7,10,600,Elitist,11.281323393436153
18,7,11,600,Elitist,10.219886042148701
18,7,12,600,Elitist,6.509676214751536
18,7,13,600,Elitist,8.948376105510377
18,7,14,600,Elitist,14.730709566933044
18,7,15,600,Elitist,7.613899738823363
18,7,16,600,Elitist,7.196865294352591
18,7,17,600,Elitist,8.447371200686447
18,7,18,600,Elitist,7.957617222712528
18,7,19,600,Elitist,9.816808782863532
19,1,0,600,Elitist,7.2982613437006165
19,1,1,600,Elitist,7.772955770096161
19,1,2,600,Elitist,7.503011610536959
19,1,3,600,Elitist,7.336273786610889
19,1,4,600,Elitist,8.149235178032342
19,1,5,600,Elitist,7.320058464308701
19,1,6,600,Elitist,7.81302729785088
19,1,7,600,Elitist,6.769172956459258
19,1,8,600,Elitist,8.57784443318323
19,1,9,600,Elitist,7.356313943453088
19,1,10,600,Elitist,8.116952156306198
19,1,11,600,Elitist,7.47982458287369
19,1,12,600,Elitist,7.715910750566238
19,1,13,600,Elitist,7.529485207213071
19,1,14,600,Elitist,7.447976302176883
19,1,15,600,Elitist,7.667230658421801
19,1,16,600,Elitist,7.823299056451518
19,1,17,600,Elitist,7.970382993429624
19,1,18,600,Elitist,7.529489518635884
19,1,19,600,Elitist,7.618282295043969
19,2,0,600,Elitist,8.062269424813678
19,2,1,600,Elitist,7.07952911357701
19,2,2,600,Elitist,7.651292204637343
19,2,3,600,Elitist,7.106037575242254
19,2,4,600,Elitist,7.014243434626735
19,2,5,600,Elitist,7.148156772219565
19,2,6,600,Elitist,7.552795253862271
19,2,7,600,Elitist,7.783970736839819
19,2,8,600,Elitist,7.63246082399246
19,2,9,600,Elitist,7.764156572718704
19,2,10,600,Elitist,8.310244622471004
19,2,11,600,Elitist,8.273803253144777
19,2,12,600,Elitist,7.615059604193178
19,2,13,600,Elitist,7.517894999287549
19,2,14,600,Elitist,7.701801874240999
19,2,15,600,Elitist,7.7708761418631696
19,2,16,600,Elitist,7.605402145909949
19,2,17,600,Elitist,8.196032683494195
19,2,18,600,Elitist,7.073718346075054
19,2,19,600,Elitist,7.089643972473411
19,3,0,600,Elitist,8.051335359128984
19,3,1,600,Elitist,6.382832562435652
19,3,2,600,Elitist,7.301895625927614
19,3,3,600,Elitist,7.7468059776268205
19,3,4,600,Elitist,7.214105738812435
19,3,5,600,Elitist,7.60337316494784
19,3,6,600,Elitist,7.792100270852359
19,3,7,600,Elitist,8.072470787518597
19,3,8,600,Elitist,6.657034872484587
19,3,9,600,Elitist,7.908125658293557
19,3,10,600,Elitist,7.061829543765953
19,3,11,600,Elitist,7.77680330822443
19,3,12,600,Elitist,7.140817730724137
19,3,13,600,Elitist,7.931228833540985
19,3,14,600,Elitist,8.099767525961454
19,3,15,600,Elitist,7.500680083596194
19,3,16,600,Elitist,7.138405771640379
19,3,17,600,Elitist,6.207951890127589
19,3,18,600,Elitist,7.360121829335725
19,3,19,600,Elitist,7.597073989807853
19,4,0,600,Elitist,7.518867192329893
19,4,1,600,Elitist,7.696209363437831
19,4,2,600,Elitist,7.815241379752287
19,4,3,600,Elitist,8.121245538640977
19,4,4,600,Elitist,7.253431111944067
19,4,5,600,Elitist,7.476402098721927
19,4,6,600,Elitist,7.366901923584592
19,4,7,600,Elitist,7.169222359215603
19,4,8,600,Elitist,7.2013467465235905
19,4,9,600,Elitist,6.99177234585202
19,4,10,600,Elitist,8.07303841863127
19,4,11,600,Elitist,7.96428917956608
19,4,12,600,Elitist,8.066545135360833
19,4,13,600,Elitist,7.6244793243123965
19,4,14,600,Elitist,7.785781255971791
19,4,15,600,Elitist,7.74385521170128
19,4,16,600,Elitist,7.631197117445808
19,4,17,600,Elitist,6.421044407751026
19,4,18,600,Elitist,7.354358168010606
19,4,19,600,Elitist,7.159913665850581
19,5,0,600,Elitist,7.548041769502106
19,5,1,600,Elitist,7.99475612648348
19,5,2,600,Elitist,5.599843557803524
19,5,3,600,Elitist,7.172548946533425
19,5,4,600,Elitist,7.80303863242716
19,5,5,600,Elitist,7.173909787973457
19,5,6,600,Elitist,7.633900382475872
19,5,7,600,Elitist,7.0712314624584
19,5,8,600,Elitist,7.879528496421472
19,5,9,600,Elitist,6.858616239829757
19,5,10,600,Elitist,7.450508897229042
19,5,11,600,Elitist,7.201449125571912
19,5,12,600,Elitist,8.472580453404248
19,5,13,600,Elitist,6.843132339614499
19,5,14,600,Elitist,7.675903116528843
19,5,15,600,Elitist,7.354622144956352
19,5,16,600,Elitist,8.032779410998614
19,5,17,600,Elitist,7.985269840889828
19,5,18,600,Elitist,7.803142358170362
19,5,19,600,Elitist,7.989486630237366
19,6,0,600,Elitist,7.907243070339803
19,6,1,600,Elitist,7.034568405043387
19,6,2,600,Elitist,7.629072390690851
19,6,3,600,Elitist,7.595227028108496
19,6,4,600,Elitist,6.661780055913368
19,6,5,600,Elitist,7.439500849984228
19,6,6,600,Elitist,7.985056585428822
19,6,7,600,Elitist,8.164642077404466
19,6,8,600,Elitist,8.236965607991493
19,6,9,600,Elitist,7.775292042969312
19,6,10,600,Elitist,7.998134415142346
19,6,11,600,Elitist,7.677773261137048
19,6,12,600,Elitist,7.7238406142883775
19,6,13,600,Elitist,7.253230271842284
19,6,14,600,Elitist,7.6109112221532484
19,6,15,600,Elitist,8.163141026162634
19,6,16,600,Elitist,7.012020820714326
19,6,17,600,Elitist,8.067808468909476
19,6,18,600,Elitist,7.8675382098971625
19,6,19,600,Elitist,7.592958857718656
19,7,0,600,Elitist,7.308485677233151
19,7,1,600,Elitist,7.915153365473557
19,7,2,600,Elitist,7.549423517629982
19,7,3,600,Elitist,8.202609706051888
19,7,4,600,Elitist,7.728091896967378
19,7,5,600,Elitist,7.36246370284595
19,7,6,600,Elitist,7.214769862672718
19,7,7,600,Elitist,7.653332720289654
19,7,8,600,Elitist,7.207293961293452
19,7,9,600,Elitist,8.797371327624113
19,7,10,600,Elitist,8.224311258508145
19,7,11,600,Elitist,7.490904174426518
19,7,12,600,Elitist,7.83440443177156
19,7,13,600,Elitist,8.021022961563546
19,7,14,600,Elitist,7.655604644807937
19,7,15,600,Elitist,7.438252151322267
19,7,16,600,Elitist,7.896747763939587
19,7,17,600,Elitist,7.129861846866945
19,7,18,600,Elitist,7.428617087346069
19,7,19,600,Elitist,7.925770128578762
20,1,0,600,Elitist,3.4622138545779535
20,1,1,600,Elitist,3.6586710278842247
20,1,2,600,Elitist,3.390342633080195
20,1,3,600,Elitist,3.414676101200257
20,1,4,600,Elitist,3.050136269798827
20,1,5,600,Elitist,2.950453274780102
20,1,6,600,Elitist,3.522134670478522
20,1,7,600,Elitist,3.3257255961596
20,1,8,600,Elitist,3.271812985227598
20,1,9,600,Elitist,3.500200275076395
20,1,10,600,Elitist,3.666465992415624
20,1,11,600,Elitist,3.378473156428754
20,1,12,600,Elitist,3.650654520655735
20,1,13,600,Elitist,3.5475919315433657
20,1,14,600,Elitist,3.442049904049327
20,1,15,600,Elitist,3.3163406164734397
20,1,16,600,Elitist,3.0210084574498524
20,1,17,600,Elitist,3.281005432658276
20,1,18,600,Elitist,3.6220888816505976
20,1,19,600,Elitist,3.3594860333164434
20,2,0,600,Elitist,3.190210476446282
20,2,1,600,Elitist,3.6752597410310273
20,2,2,600,Elitist,3.1652218729465176
20,2,3,600,Elitist,3.3044942977511482
20,2,4,600,Elitist,3.175779883523205
20,2,5,600,Elitist,3.148153462997925
20,2,6,600,Elitist,3.3380058545129714
20,2,7,600,Elitist,3.2598476558682705
20,2,8,600,Elitist,3.3053858054291823
20,2,9,600,Elitist,3.380613136939246
20,2,10,600,Elitist,3.4686000210372185
20,2,11,600,Elitist,3.3678472175053003
20,2,12,600,Elitist,3.386191736710316
20,2,13,600,Elitist,3.2291438251962745
20,2,14,600,Elitist,3.249422049948066
20,2,15,600,Elitist,3.416022852258834
20,2,16,600,Elitist,3.17773969726818
20,2,17,600,Elitist,3.498900137717442
20,2,18,600,Elitist,3.492749790319067
20,2,19,600,Elitist,3.2403148786809197
20,3,0,600,Elitist,3.0557386812765515
20,3,1,600,Elitist,3.4460285428911277
20,3,2,600,Elitist,3.34737599634596
20,3,3,600,Elitist,3.32172761118386
20,3,4,600,Elitist,3.6266087203579502
20,3,5,600,Elitist,3.695520449157357
20,3,6,600,Elitist,3.0704023281027446
20,3,7,600,Elitist,3.6152903405068173
20,3,8,600,Elitist,3.265436231746122
20,3,9,600,Elitist,3.45299564538783
20,3,10,600,Elitist,3.385398760780703
20,3,11,600,Elitist,3.281369979616244
20,3,12,600,Elitist,3.6534399560016197
20,3,13,600,Elitist,3.439895096749069
20,3,14,600,Elitist,3.142446340562998
20,3,15,600,Elitist,3.3016396062289175
20,3,16,600,Elitist,3.661535835019663
20,3,17,600,Elitist,3.458846353008198
20,3,18,600,Elitist,3.2894903278079255
20,3,19,600,Elitist,3.5036226233278853
20,4,0,600,Elitist,3.9366313701514173
20,4,1,600,Elitist,3.1495459179026284
20,4,2,600,Elitist,3.4516016827007263
20,4,3,600,Elitist,3.68434306413576
20,4,4,600,Elitist,3.1325525517923722
20,4,5,600,Elitist,3.2914563099973293
20,4,6,600,Elitist,3.1986520262613
20,4,7,600,Elitist,3.496356228496893
20,4,8,600,Elitist,3.2390964233267425
20,4,9,600,Elitist,3.457970397380194
20,4,10,600,Elitist,3.193572686934658
20,4,11,600,Elitist,3.433878365974863
20,4,12,600,Elitist,3.2654192098013937
20,4,13,600,Elitist,3.547572279303097
20,4,14,600,Elitist,3.3202224493808785
20,4,15,600,Elitist,3.5438770619023785
20,4,16,600,Elitist,3.4480021108126664
20,4,17,600,Elitist,3.159350091995691
20,4,18,600,Elitist,2.6832763009584824
20,4,19,600,Elitist,3.285740471742969
20,5,0,600,Elitist,3.699970035610909
20,5,1,600,Elitist,3.4757616430752893
20,5,2,600,Elitist,3.2168182526608935
20,5,3,600,Elitist,3.5401882669869145
20,5,4,600,Elitist,3.6333960534298586
20,5,5,600,Elitist,3.668744491844581
20,5,6,600,Elitist,3.50888691096911
20,5,7,600,Elitist,3.5915749272223074
20,5,8,600,Elitist,3.3062409507122403
20,5,9,600,Elitist,3.141320182933291
20,5,10,600,Elitist,3.4015531928587417
20,5,11,600,Elitist,3.04375508178341
20,5,12,600,Elitist,3.465619867065501
20,5,13,600,Elitist,3.4909805934030658
20,5,14,600,Elitist,3.4945363589130904
20,5,15,600,Elitist,3.2867144876446606
20,5,16,600,Elitist,3.444550006656085
20,5,17,600,Elitist,3.7608866525578653
20,5,18,600,Elitist,3.2647908896820286
20,5,19,600,Elitist,3.528541968833406
20,6,0,600,Elitist,3.7813362453069708
20,6,1,600,Elitist,3.598554540515682
20,6,2,600,Elitist,3.4278629836476213
20,6,3,600,Elitist,3.615752014014692
20,6,4,600,Elitist,3.373679317679599
20,6,5,600,Elitist,3.267845243331955
20,6,6,600,Elitist,3.184117473278235
20,6,7,600,Elitist,3.403216942783626
20,6,8,600,Elitist,3.1654132781066053
20,6,9,600,Elitist,3.1069849923319914
20,6,10,600,Elitist,3.4231468755130443
20,6,11,600,Elitist,3.5584756073515713
20,6,12,600,Elitist,3.60724954164483
20,6,13,600,Elitist,3.4477617372021108
20,6,14,600,Elitist,3.184555433220094
20,6,15,600,Elitist,3.455035179687531
20,6,16,600,Elitist,3.334892596721833
20,6,17,600,Elitist,3.590097872053608
20,6,18,600,Elitist,3.518981231889356
20,6,19,600,Elitist,3.2686782867779627
20,7,0,600,Elitist,3.377430234826619
20,7,1,600,Elitist,3.766868183466542
20,7,2,600,Elitist,3.5081949758237982
20,7,3,600,Elitist,3.1112363217445136
20,7,4,600,Elitist,3.3293536851379173
20,7,5,600,Elitist,3.4632060029651797
20,7,6,600,Elitist,3.39274096144608
20,7,7,600,Elitist,3.3463855646190694
20,7,8,600,Elitist,3.465500917619636
20,7,9,600,Elitist,3.2954743188212063
20,7,10,600,Elitist,3.386433908040857
20,7,11,600,Elitist,3.2439910934619007
20,7,12,600,Elitist,3.8375144068184994
20,7,13,600,Elitist,3.397517406093442
20,7,14,600,Elitist,3.4593934481900988
20,7,15,600,Elitist,3.3592491138457774
20,7,16,600,Elitist,3.437584450820168
20,7,17,600,Elitist,3.643868473736191
20,7,18,600,Elitist,3.5303814392571837
20,7,19,600,Elitist,3.4447354195489055
21,1,0,600,Elitist,3.7968600482599157
21,1,1,600,Elitist,6.46914455912453
21,1,2,600,Elitist,6.78352810083031
21,1,3,600,Elitist,6.662589800895731
21,1,4,600,Elitist,7.213075155309689
21,1,5,600,Elitist,0.6275686451512783
21,1,6,600,Elitist,6.081014685400461
21,1,7,600,Elitist,6.893751559123594
21,1,8,600,Elitist,6.892511089990535
21,1,9,600,Elitist,6.956092719314476
21,1,10,600,Elitist,6.335314904781413
21,1,11,600,Elitist,5.004216630899663
21,1,12,600,Elitist,6.838578031449231
21,1,13,600,Elitist,3.4887297996694784
21,1,14,600,Elitist,6.848606552275442
21,1,15,600,Elitist,3.2030877060956797
21,1,16,600,Elitist,7.2326451749913545
21,1,17,600,Elitist,7.034584770140185
21,1,18,600,Elitist,0.5047508253843702
21,1,19,600,Elitist,3.5459357810831875
21,2,0,600,Elitist,4.197624572124246
21,2,1,600,Elitist,1.8683607174983925
21,2,2,600,Elitist,7.643238264289733
21,2,3,600,Elitist,7.7035881663947094
21,2,4,600,Elitist,7.870790395203446
21,2,5,600,Elitist,1.9297509002658566
21,2,6,600,Elitist,7.604750856428348
21,2,7,600,Elitist,11.035740914510276
21,2,8,600,Elitist,1.950921625502456
21,2,9,600,Elitist,11.037885895046047
21,2,10,600,Elitist,3.4250835690718655
21,2,11,600,Elitist,1.407847300533973
21,2,12,600,Elitist,7.358949261356392
21,2,13,600,Elitist,8.183740014780398
21,2,14,600,Elitist,7.7891004616726995
21,2,15,600,Elitist,7.771194940505655
21,2,16,600,Elitist,7.343041083674905
21,2,17,600,Elitist,38.00078287398095
21,2,18,600,Elitist,11.589885117345213
21,2,19,600,Elitist,7.523092724255481
21,3,0,600,Elitist,2.0085556381790752
21,3,1,600,Elitist,23.163721653878213
21,3,2,600,Elitist,9.683836806110946
21,3,3,600,Elitist,5.98923056344961
21,3,4,600,Elitist,3.2021323157935626
21,3,5,600,Elitist,10.180019291090275
21,3,6,600,Elitist,2.0387946762956517
21,3,7,600,Elitist,6.213599582507072
21,3,8,600,Elitist,2.019678539404879
21,3,9,600,Elitist,2.007809529488611
21,3,10,600,Elitist,2.0821087684546455
21,3,11,600,Elitist,2.0165694332441717
21,3,12,600,Elitist,6.259972628771777
21,3,13,600,Elitist,6.163264236570058
21,3,14,600,Elitist,2.054122776112763
21,3,15,600,Elitist,9.81239583085835
21,3,16,600,Elitist,2.0373123621580476
21,3,17,600,Elitist,2.948049167147076
21,3,18,600,Elitist,0.5303221558398832
21,3,19,600,Elitist,3.6528968330044336
21,4,0,600,Elitist,5.262235082691543
21,4,1,600,Elitist,1.2318333193043571
21,4,2,600,Elitist,1.0384571394905215
21,4,3,600,Elitist,5.0310303589551175
21,4,4,600,Elitist,4.726056089523624
21,4,5,600,Elitist,1.3361236151646025
21,4,6,600,Elitist,1.0405876400913527
21,4,7,600,Elitist,1.2629903393799822
21,4,8,600,Elitist,1.3438221724987542
21,4,9,600,Elitist,5.6392818557472
21,4,10,600,Elitist,1.9960046111962662
21,4,11,600,Elitist,16.667072787182665
21,4,12,600,Elitist,3.2436062760306186
21,4,13,600,Elitist,1.9069339020437965
21,4,14,600,Elitist,1.2013564662671357
21,4,15,600,Elitist,12.870524142738809
21,4,16,600,Elitist,1.1507422899692195
21,4,17,600,Elitist,0.6646516823225568
21,4,18,600,Elitist,3.0559817712604165
21,4,19,600,Elitist,1.3729132822132506
21,5,0,600,Elitist,5.166315378479453
21,5,1,600,Elitist,3.857645990635092
21,5,2,600,Elitist,5.467365482074229
21,5,3,600,Elitist,1.8712968523535665
21,5,4,600,Elitist,14.89631777526688
21,5,5,600,Elitist,1.8566931096594317
21,5,6,600,Elitist,1.7506615551353661
21,5,7,600,Elitist,1.9512033922907221
21,5,8,600,Elitist,1.9866928774398502
21,5,9,600,Elitist,1.9292702463901605
21,5,10,600,Elitist,0.6094787765387082
21,5,11,600,Elitist,3.7437221331032333
21,5,12,600,Elitist,1.8841373279233267
21,5,13,600,Elitist,4.136120249566375
21,5,14,600,Elitist,1.9641242537621793
21,5,15,600,Elitist,4.244485818206044
21,5,16,600,Elitist,4.034339656520729
21,5,17,600,Elitist,1.9102519630863526
21,5,18,600,Elitist,0.49300431456276783
21,5,19,600,Elitist,1.9963151621942643
21,6,0,600,Elitist,29.055304542375893
21,6,1,600,Elitist,8.252205206299436
21,6,2,600,Elitist,7.231349098671558
21,6,3,600,Elitist,7.372736508913249
21,6,4,600,Elitist,3.960674954736646
21,6,5,600,Elitist,8.058332279215165
21,6,6,600,Elitist,6.9238657413355895
21,6,7,600,Elitist,6.891543234924484
21,6,8,600,Elitist,7.0568697834742125
21,6,9,600,Elitist,28.996463843136212
21,6,10,600,Elitist,7.293902939098757
21,6,11,600,Elitist,7.459580880593194
21,6,12,600,Elitist,7.690832503871775
21,6,13,600,Elitist,6.70777494629715
21,6,14,600,Elitist,7.933860771059926
21,6,15,600,Elitist,6.744190678184282
21,6,16,600,Elitist,7.306580786273116
21,6,17,600,Elitist,7.597662944962508
21,6,18,600,Elitist,29.57042459690706
21,6,19,600,Elitist,7.476297484353722
21,7,0,600,Elitist,25.984558937758365
21,7,1,600,Elitist,2.8350636372580738
21,7,2,600,Elitist,25.338794157462914
21,7,3,600,Elitist,25.584038196312136
21,7,4,600,Elitist,25.25000494416237
21,7,5,600,Elitist,25.418851768457174
21,7,6,600,Elitist,3.928450488592219
21,7,7,600,Elitist,3.163470997953496
21,7,8,600,Elitist,25.6432774743797
21,7,9,600,Elitist,3.437523427407811
21,7,10,600,Elitist,25.734130829713408
21,7,11,600,Elitist,25.887419353066846
21,7,12,600,Elitist,3.1993265081144386
21,7,13,600,Elitist,3.1157657148631017
21,7,14,600,Elitist,25.265904949320273
21,7,15,600,Elitist,25.96208302364029
21,7,16,600,Elitist,25.650835389276992
21,7,17,600,Elitist,25.386962735237134
21,7,18,600,Elitist,25.09712237183065
21,7,19,600,Elitist,2.978783460313977
22,1,0,600,Elitist,2.09288591883751
22,1,1,600,Elitist,19.000014894774495
22,1,2,600,Elitist,19.19691457476108
22,1,3,600,Elitist,2.0735707774177854
22,1,4,600,Elitist,19.847836246575184
22,1,5,600,Elitist,19.363657297207283
22,1,6,600,Elitist,19.41484238403598
22,1,7,600,Elitist,19.16743125649805
22,1,8,600,Elitist,19.32691083327552
22,1,9,600,Elitist,18.795405865429302
22,1,10,600,Elitist,18.824560684873404
22,1,11,600,Elitist,19.304479004158907
22,1,12,600,Elitist,18.948513636550842
22,1,13,600,Elitist,19.49623739683591
22,1,14,600,Elitist,2.053212338453136
22,1,15,600,Elitist,2.0587877638931786
22,1,16,600,Elitist,19.17169169758381
22,1,17,600,Elitist,20.078074551329337
22,1,18,600,Elitist,2.1893687209558266
22,1,19,600,Elitist,19.296262125694398
22,2,0,600,Elitist,17.84123044756484
22,2,1,600,Elitist,18.234309577831823
22,2,2,600,Elitist,26.271079139537733
22,2,3,600,Elitist,51.18073667055069
22,2,4,600,Elitist,16.954142544017486
22,2,5,600,Elitist,18.384356060187088
22,2,6,600,Elitist,18.173952829889004
22,2,7,600,Elitist,26.21860467385045
22,2,8,600,Elitist,17.042763771383648
22,2,9,600,Elitist,17.364922366181077
22,2,10,600,Elitist,51.14143744005651
22,2,11,600,Elitist,26.651354853536986
22,2,12,600,Elitist,17.37804199516131
22,2,13,600,Elitist,24.908522278878536
22,2,14,600,Elitist,23.151334601678627
22,2,15,600,Elitist,18.298405092690473
22,2,16,600,Elitist,26.487105496964887
22,2,17,600,Elitist,23.77262060861642
22,2,18,600,Elitist,26.728150827520494
22,2,19,600,Elitist,23.87323943393801
22,3,0,600,Elitist,3.0906517472108064
22,3,1,600,Elitist,3.2359675510376675
22,3,2,600,Elitist,3.598139155158286
22,3,3,600,Elitist,4.093441912361911
22,3,4,600,Elitist,3.887061313133856
22,3,5,600,Elitist,3.8549835819430953
22,3,6,600,Elitist,1.6779574137383975
22,3,7,600,Elitist,1.5421243804082962
22,3,8,600,Elitist,1.3548839308128535
22,3,9,600,Elitist,3.174677689016221
22,3,10,600,Elitist,3.6004055106473487
22,3,11,600,Elitist,3.607123803765198
22,3,12,600,Elitist,3.076389609085659
22,3,13,600,Elitist,13.133756255773463
22,3,14,600,Elitist,3.269572820422873
22,3,15,600,Elitist,3.013960790481164
22,3,16,600,Elitist,3.2800144543103755
22,3,17,600,Elitist,3.5073880265838397
22,3,18,600,Elitist,3.330067788406332
22,3,19,600,Elitist,3.4200054978069545
22,4,0,600,Elitist,1.167808492210952
22,4,1,600,Elitist,1.515701079622545
22,4,2,600,Elitist,8.041363174198523
22,4,3,600,Elitist,1.2416514500818607
22,4,4,600,Elitist,1.569075753839229
22,4,5,600,Elitist,1.2436006303312865
22,4,6,600,Elitist,1.1401091327164181
22,4,7,600,Elitist,1.4512806756097802
22,4,8,600,Elitist,1.4342847095024922
22,4,9,600,Elitist,6.11505497947843
22,4,10,600,Elitist,1.4627176876003887
22,4,11,600,Elitist,1.5697045189354526
22,4,12,600,Elitist,6.3920557415769395
22,4,13,600,Elitist,1.4613012592909627
22,4,14,600,Elitist,6.0194958672881285
22,4,15,600,Elitist,1.450771701409792
22,4,16,600,Elitist,1.2817574957053353
22,4,17,600,Elitist,1.5016045966876277
22,4,18,600,Elitist,1.281446343174082
22,4,19,600,Elitist,6.650938143649171
22,5,0,600,Elitist,1.6861433714920508
22,5,1,600,Elitist,1.5650878433388797
22,5,2,600,Elitist,1.8037843469922805
22,5,3,600,Elitist,1.7397360793744099
22,5,4,600,Elitist,1.7154240566251104
22,5,5,600,Elitist,7.628105617324692
22,5,6,600,Elitist,7.760047477971725
22,5,7,600,Elitist,7.678258498989074
22,5,8,600,Elitist,7.944279395930764
22,5,9,600,Elitist,7.507457783390052
22,5,10,600,Elitist,6.5348086593519525
22,5,11,600,Elitist,1.6345849259179275
22,5,12,600,Elitist,7.6754115188797485
22,5,13,600,Elitist,7.710793083900164
22,5,14,600,Elitist,1.6510592276404168
22,5,15,600,Elitist,1.5960910319694435
22,5,16,600,Elitist,8.028757190083674
22,5,17,600,Elitist,1.4414633527882188
22,5,18,600,Elitist,7.608634673919724
22,5,19,600,Elitist,7.740789180593509
22,6,0,600,Elitist,50.821953362954
22,6,1,600,Elitist,51.60886809723248
22,6,2,600,Elitist,50.89111274278773
22,6,3,600,Elitist,51.34438015320658
22,6,4,600,Elitist,1.44621276584882
22,6,5,600,Elitist,1.2623940415177373
22,6,6,600,Elitist,9.485498266562395
22,6,7,600,Elitist,51.0062223334613
22,6,8,600,Elitist,1.1542764760852933
22,6,9,600,Elitist,51.41300186609664
22,6,10,600,Elitist,51.21292958752887
22,6,11,600,Elitist,51.325872956081135
22,6,12,600,Elitist,51.01232549882105
22,6,13,600,Elitist,50.89276204684683
22,6,14,600,Elitist,51.2103607698781
22,6,15,600,Elitist,50.97964328305046
22,6,16,600,Elitist,51.24735410012051
22,6,17,600,Elitist,51.038267629995566
22,6,18,600,Elitist,9.049522392006253
22,6,19,600,Elitist,51.18486859701455
22,7,0,600,Elitist,10.116156414263685
22,7,1,600,Elitist,22.365731849497337
22,7,2,600,Elitist,22.652084880464486
22,7,3,600,Elitist,9.906156232702983
22,7,4,600,Elitist,37.6830230999374
22,7,5,600,Elitist,10.543400540901587
22,7,6,600,Elitist,9.775617994381406
22,7,7,600,Elitist,10.029832437967968
22,7,8,600,Elitist,26.11009338974779
22,7,9,600,Elitist,10.336715895175388
22,7,10,600,Elitist,26.252502892756155
22,7,11,600,Elitist,9.839220359325822
22,7,12,600,Elitist,37.39306391642194
22,7,13,600,Elitist,26.238716175310287
22,7,14,600,Elitist,26.03557266056768
22,7,15,600,Elitist,9.74636484038217
22,7,16,600,Elitist,26.26505474972342
22,7,17,600,Elitist,26.227129053813
22,7,18,600,Elitist,9.623390224348356
22,7,19,600,Elitist,44.38173525662265
23,1,0,600,Elitist,4.4484972704334576
23,1,1,600,Elitist,5.513766077416013
23,1,2,600,Elitist,4.5809239575028124
23,1,3,600,Elitist,4.7717323247271795
23,1,4,600,Elitist,5.9148148237736615
23,1,5,600,Elitist,4.549344614556625
23,1,6,600,Elitist,6.038355183083506
23,1,7,600,Elitist,5.189709985119166
23,1,8,600,Elitist,5.175601116281496
23,1,9,600,Elitist,4.084404547551087
23,1,10,600,Elitist,5.3322828952992625
23,1,11,600,Elitist,5.0446246976987945
23,1,12,600,Elitist,5.6778274848905115
23,1,13,600,Elitist,5.602927262029591
23,1,14,600,Elitist,3.855434527619626
23,1,15,600,Elitist,4.932313107624778
23,1,16,600,Elitist,5.624193024876139
23,1,17,600,Elitist,5.426895114002243
23,1,18,600,Elitist,5.083322318494161
23,1,19,600,Elitist,4.675991287019337
23,2,0,600,Elitist,6.550627803234121
23,2,1,600,Elitist,5.127030418934505
23,2,2,600,Elitist,3.971386039027828
23,2,3,600,Elitist,4.661047880518047
23,2,4,600,Elitist,4.835247809726766
23,2,5,600,Elitist,4.060763151165522
23,2,6,600,Elitist,4.95038101113472
23,2,7,600,Elitist,4.271117941350574
23,2,8,600,Elitist,3.9713482689121147
23,2,9,600,Elitist,5.2670906182359865
23,2,10,600,Elitist,4.497905574604376
23,2,11,600,Elitist,3.113862985889021
23,2,12,600,Elitist,3.822646929188336
23,2,13,600,Elitist,5.12972444825755
23,2,14,600,Elitist,4.739126892422724
23,2,15,600,Elitist,6.116932980632168
23,2,16,600,Elitist,5.5836655908573976
23,2,17,600,Elitist,5.157861373993993
23,2,18,600,Elitist,4.23404989137815
23,2,19,600,Elitist,5.810722261345148
23,3,0,600,Elitist,4.720835925209556
23,3,1,600,Elitist,5.271433902527221
23,3,2,600,Elitist,4.317779758861221
23,3,3,600,Elitist,4.84501663732577
23,3,4,600,Elitist,5.622794031040826
23,3,5,600,Elitist,5.872754225117049
23,3,6,600,Elitist,4.5814700434665525
23,3,7,600,Elitist,4.6896314706321505
23,3,8,600,Elitist,5.615874171848262
23,3,9,600,Elitist,4.212609639124437
23,3,10,600,Elitist,5.006605002816201
23,3,11,600,Elitist,5.379167045754258
23,3,12,600,Elitist,4.944211217520632
23,3,13,600,Elitist,4.486989114744688
23,3,14,600,Elitist,5.512450480137659
23,3,15,600,Elitist,4.075599632289084
23,3,16,600,Elitist,5.226272451219913
23,3,17,600,Elitist,5.610621699966941
23,3,18,600,Elitist,6.114515464451628
23,3,19,600,Elitist,5.259968347291945
23,4,0,600,Elitist,6.0582186119004575
23,4,1,600,Elitist,6.122454767632632
23,4,2,600,Elitist,5.093087315333946
23,4,3,600,Elitist,5.681053589305577
23,4,4,600,Elitist,4.6413800890888695
23,4,5,600,Elitist,5.528663579481901
23,4,6,600,Elitist,5.248754061826446
23,4,7,600,Elitist,5.922055013514125
23,4,8,600,Elitist,5.42036034213362
23,4,9,600,Elitist,5.391763606812503
23,4,10,600,Elitist,5.529720209065488
23,4,11,600,Elitist,4.8619101493532355
23,4,12,600,Elitist,4.36189745288263
23,4,13,600,Elitist,5.921148190636671
23,4,14,600,Elitist,5.810797064319871
23,4,15,600,Elitist,4.488693882237982
23,4,16,600,Elitist,6.053110751109159
23,4,17,600,Elitist,5.386692369435508
23,4,18,600,Elitist,4.936547162759695
23,4,19,600,Elitist,5.942658122198736
23,5,0,600,Elitist,5.098730648935408
23,5,1,600,Elitist,5.337604468894689
23,5,2,600,Elitist,4.310155376405632
23,5,3,600,Elitist,4.114504744824451
23,5,4,600,Elitist,5.651245584444261
23,5,5,600,Elitist,4.7522160775154205
23,5,6,600,Elitist,4.7984402386381575
23,5,7,600,Elitist,4.590924661654213
23,5,8,600,Elitist,5.8600223712246375
23,5,9,600,Elitist,4.4089620128866756
23,5,10,600,Elitist,5.429078228839785
23,5,11,600,Elitist,5.399682723544231
23,5,12,600,Elitist,5.153051860398385
23,5,13,600,Elitist,5.123569011175164
23,5,14,600,Elitist,4.9891704169077045
23,5,15,600,Elitist,5.669801552488323
23,5,16,600,Elitist,4.814106858844561
23,5,17,600,Elitist,5.927489787056793
23,5,18,600,Elitist,5.167257685055141
23,5,19,600,Elitist,5.195212506238171
23,6,0,600,Elitist,5.51012246197476
23,6,1,600,Elitist,3.453939893265911
23,6,2,600,Elitist,5.199715084089036
23,6,3,600,Elitist,5.610219048814159
23,6,4,600,Elitist,5.115296873709099
23,6,5,600,Elitist,3.812900564133102
23,6,6,600,Elitist,6.171796789582814
23,6,7,600,Elitist,5.822645869290923
23,6,8,600,Elitist,3.4745975629251404
23,6,9,600,Elitist,4.888592183490545
23,6,10,600,Elitist,4.655431208425142
23,6,11,600,Elitist,5.073888380659554
23,6,12,600,Elitist,4.949982186027981
23,6,13,600,Elitist,5.808667877676768
23,6,14,600,Elitist,4.955162964333184
23,6,15,600,Elitist,5.509113044576608
23,6,16,600,Elitist,5.220183484470695
23,6,17,600,Elitist,4.365371065468565
23,6,18,600,Elitist,5.098119474220269
23,6,19,600,Elitist,6.141311845891153
23,7,0,600,Elitist,4.8502875774726135
23,7,1,600,Elitist,5.239538743025946
23,7,2,600,Elitist,5.94693218160819
23,7,3,600,Elitist,4.015422164349729
23,7,4,600,Elitist,6.078299481371118
23,7,5,600,Elitist,5.441505319575413
23,7,6,600,Elitist,5.4223708093253435
23,7,7,600,Elitist,5.660842911530722
23,7,8,600,Elitist,5.564320246976536
23,7,9,600,Elitist,5.038733895518931
23,7,10,600,Elitist,5.478327374367609
23,7,11,600,Elitist,5.191259183490729
23,7,12,600,Elitist,5.870545993783594
23,7,13,600,Elitist,5.121444218185729
23,7,14,600,Elitist,5.193892683641593
23,7,15,600,Elitist,3.970494957289702
23,7,16,600,Elitist,5.948044086331379
23,7,17,600,Elitist,5.715143852050119
23,7,18,600,Elitist,6.497244935058575
23,7,19,600,Elitist,4.7455217938373835
24,1,0,600,Elitist,419.3708468356674
24,1,1,600,Elitist,431.6340653695677
24,1,2,600,Elitist,446.3427183218565
24,1,3,600,Elitist,432.7897992752521
24,1,4,600,Elitist,415.522590320826
24,1,5,600,Elitist,412.2789534681476
24,1,6,600,Elitist,423.3078317653725
24,1,7,600,Elitist,395.552798893906
24,1,8,600,Elitist,412.3883696949057
24,1,9,600,Elitist,363.98714440344946
24,1,10,600,Elitist,369.1775798450943
24,1,11,600,Elitist,383.9418020709787
24,1,12,600,Elitist,379.6155361550776
24,1,13,600,Elitist,357.9055269696173
24,1,14,600,Elitist,369.14360746914906
24,1,15,600,Elitist,464.6382384063588
24,1,16,600,Elitist,378.4557343546028
24,1,17,600,Elitist,419.8973044147914
24,1,18,600,Elitist,425.8676179264812
24,1,19,600,Elitist,400.8062005637549
24,2,0,600,Elitist,376.1020226679706
24,2,1,600,Elitist,413.74119564920557
24,2,2,600,Elitist,440.4611246531346
24,2,3,600,Elitist,383.380452407387
24,2,4,600,Elitist,384.10445933068627
24,2,5,600,Elitist,430.1144943641356
24,2,6,600,Elitist,354.0739002334551
24,2,7,600,Elitist,375.64797320427067
24,2,8,600,Elitist,384.5570612073456
24,2,9,600,Elitist,374.38585713734926
24,2,10,600,Elitist,460.98105943388254
24,2,11,600,Elitist,451.7539925686876
24,2,12,600,Elitist,430.81766085126236
24,2,13,600,Elitist,423.93653325229735
24,2,14,600,Elitist,440.22977798598066
24,2,15,600,Elitist,433.946733701152
24,2,16,600,Elitist,398.47138771997913
24,2,17,600,Elitist,414.03305245426884
24,2,18,600,Elitist,383.93184526529046
24,2,19,600,Elitist,396.5182925963775
24,3,0,600,Elitist,428.0485789436778
24,3,1,600,Elitist,362.72475408759067
24,3,2,600,Elitist,375.1878904521999
24,3,3,600,Elitist,434.68407834326814
24,3,4,600,Elitist,383.5076811014382
24,3,5,600,Elitist,421.8133904131546
24,3,6,600,Elitist,446.56439437826043
24,3,7,600,Elitist,452.7762963407812
24,3,8,600,Elitist,403.50998576355585
24,3,9,600,Elitist,347.2676194588217
24,3,10,600,Elitist,416.9567344721522
24,3,11,600,Elitist,405.00614486539786
24,3,12,600,Elitist,468.8985271522529
24,3,13,600,Elitist,397.11005912837385
24,3,14,600,Elitist,391.31892537715817
24,3,15,600,Elitist,367.54546740733946
24,3,16,600,Elitist,416.71241796233613
24,3,17,600,Elitist,407.62850352824
24,3,18,600,Elitist,415.00205888600345
24,3,19,600,Elitist,384.30490007518995
24,4,0,600,Elitist,404.5708672410578
24,4,1,600,Elitist,398.0271806616194
24,4,2,600,Elitist,370.93086652375354
24,4,3,600,Elitist,366.9272344355034
24,4,4,600,Elitist,417.56198796926645
24,4,5,600,Elitist,392.72396873198517
24,4,6,600,Elitist,389.17206426448155
24,4,7,600,Elitist,368.4594888071709
24,4,8,600,Elitist,398.27406573601496
24,4,9,600,Elitist,396.1286318749348
24,4,10,600,Elitist,414.02296665336
24,4,11,600,Elitist,375.842519867971
24,4,12,600,Elitist,367.3758841222065
24,4,13,600,Elitist,458.7385196544562
24,4,14,600,Elitist,431.0765526828856
24,4,15,600,Elitist,366.5026729385474
24,4,16,600,Elitist,410.4265368841115
24,4,17,600,Elitist,338.5545908583601
24,4,18,600,Elitist,379.99561699666964
24,4,19,600,Elitist,402.27017033040937
24,5,0,600,Elitist,349.2950905563073
24,5,1,600,Elitist,407.52410603389785
24,5,2,600,Elitist,393.7921077687306
24,5,3,600,Elitist,405.42722374959055
24,5,4,600,Elitist,353.8970433160506
24,5,5,600,Elitist,417.8902920223318
24,5,6,600,Elitist,416.1475795806613
24,5,7,600,Elitist,402.9395754420932
24,5,8,600,Elitist,421.051701303104
24,5,9,600,Elitist,312.6609878426285
24,5,10,600,Elitist,391.4206066361238
24,5,11,600,Elitist,392.32088382832853
24,5,12,600,Elitist,332.38730101105386
24,5,13,600,Elitist,377.8159150405072
24,5,14,600,Elitist,386.5538573111964
24,5,15,600,Elitist,394.72131476671325
24,5,16,600,Elitist,425.7000868472155
24,5,17,600,Elitist,397.5321923611816
24,5,18,600,Elitist,381.75292997199494
24,5,19,600,Elitist,301.0212496921734
24,6,0,600,Elitist,436.140317515834
24,6,1,600,Elitist,440.3209171770451
24,6,2,600,Elitist,433.42835919478523
24,6,3,600,Elitist,436.77812834540885
24,6,4,600,Elitist,405.9575657153897
24,6,5,600,Elitist,374.23936033231064
24,6,6,600,Elitist,440.7438669132806
24,6,7,600,Elitist,420.4710276171003
24,6,8,600,Elitist,397.63386016587674
24,6,9,600,Elitist,379.42002273675075
24,6,10,600,Elitist,368.34931954806314
24,6,11,600,Elitist,395.94625148143655
24,6,12,600,Elitist,356.95995640178404
24,6,13,600,Elitist,387.8212013149217
24,6,14,600,Elitist,390.92258080860984
24,6,15,600,Elitist,432.5970577468896
24,6,16,600,Elitist,473.6808184899354
24,6,17,600,Elitist,429.54509389312193
24,6,18,600,Elitist,371.24025299847347
24,6,19,600,Elitist,416.27271415207736
24,7,0,600,Elitist,383.9415279300498
24,7,1,600,Elitist,409.2835045092323
24,7,2,600,Elitist,452.6430227339513
24,7,3,600,Elitist,395.0198604656203
24,7,4,600,Elitist,428.77387730508076
24,7,5,600,Elitist,399.41606532415335
24,7,6,600,Elitist,361.61543075942853
24,7,7,600,Elitist,466.6869529647546
24,7,8,600,Elitist,425.5341162708176
24,7,9,600,Elitist,446.8386306777512
24,7,10,600,Elitist,415.45555818706765
24,7,11,600,Elitist,416.87445189174025
24,7,12,600,Elitist,403.0126269775476
24,7,13,600,Elitist,370.4773175278094
24,7,14,600,Elitist,348.48486382855447
24,7,15,600,Elitist,417.16872471607286
24,7,16,600,Elitist,415.0925221549731
24,7,17,600,Elitist,426.48877500258527
24,7,18,600,Elitist,408.2492376928154
24,7,19,600,Elitist,425.0762220994153
