fid,iid,rep,a1_budget,algname,achieved_auc
1,1,0,1000,Non-elitist,42873.0735743742
1,1,1,1000,Non-elitist,42868.25087534229
1,1,2,1000,Non-elitist,39216.68992951259
1,1,3,1000,Non-elitist,47181.29790450194
1,1,4,1000,Non-elitist,40441.93977724275
1,1,5,1000,Non-elitist,38871.72255404088
1,1,6,1000,Non-elitist,37872.38925664189
1,1,7,1000,Non-elitist,44881.88955336675
1,1,8,1000,Non-elitist,45384.59286718837
1,1,9,1000,Non-elitist,42897.44164510514
1,1,10,1000,Non-elitist,37270.88337725023
1,1,11,1000,Non-elitist,41941.225637201685
1,1,12,1000,Non-elitist,39883.32533190749
1,1,13,1000,Non-elitist,35749.18772495516
1,1,14,1000,Non-elitist,43126.75901540428
1,1,15,1000,Non-elitist,46755.35932886824
1,1,16,1000,Non-elitist,49307.30810510219
1,1,17,1000,Non-elitist,46241.412044224766
1,1,18,1000,Non-elitist,38956.987427609136
1,1,19,1000,Non-elitist,39257.576494749126
1,2,0,1000,Non-elitist,49434.375679220175
1,2,1,1000,Non-elitist,61340.08891099692
1,2,2,1000,Non-elitist,52750.96810761801
1,2,3,1000,Non-elitist,52863.56502369763
1,2,4,1000,Non-elitist,62535.81409087344
1,2,5,1000,Non-elitist,46294.8907894314
1,2,6,1000,Non-elitist,48068.38120990399
1,2,7,1000,Non-elitist,46393.46428583328
1,2,8,1000,Non-elitist,48854.133729099616
1,2,9,1000,Non-elitist,51425.01534870624
1,2,10,1000,Non-elitist,48406.22062313549
1,2,11,1000,Non-elitist,49389.95882515868
1,2,12,1000,Non-elitist,53399.98186677141
1,2,13,1000,Non-elitist,46298.19620168643
1,2,14,1000,Non-elitist,50191.45085028265
1,2,15,1000,Non-elitist,55225.15169845862
1,2,16,1000,Non-elitist,45997.49774175613
1,2,17,1000,Non-elitist,59150.33725607255
1,2,18,1000,Non-elitist,57713.46110817423
1,2,19,1000,Non-elitist,54194.16096791476
1,3,0,1000,Non-elitist,47505.339809818935
1,3,1,1000,Non-elitist,49720.50424593103
1,3,2,1000,Non-elitist,45042.90406930716
1,3,3,1000,Non-elitist,47163.31709310588
1,3,4,1000,Non-elitist,43347.28218404215
1,3,5,1000,Non-elitist,41906.62630377564
1,3,6,1000,Non-elitist,41785.41387549226
1,3,7,1000,Non-elitist,46434.41993789147
1,3,8,1000,Non-elitist,44207.086458444894
1,3,9,1000,Non-elitist,44151.55685887378
1,3,10,1000,Non-elitist,39902.37359600371
1,3,11,1000,Non-elitist,46114.010798414994
1,3,12,1000,Non-elitist,39379.592951385726
1,3,13,1000,Non-elitist,43542.30494427447
1,3,14,1000,Non-elitist,44416.72573906951
1,3,15,1000,Non-elitist,47265.9585123801
1,3,16,1000,Non-elitist,40671.48253114109
1,3,17,1000,Non-elitist,49592.34257541486
1,3,18,1000,Non-elitist,43975.80075992531
1,3,19,1000,Non-elitist,47019.56475992951
1,4,0,1000,Non-elitist,48512.37429249078
1,4,1,1000,Non-elitist,47143.1425089322
1,4,2,1000,Non-elitist,41113.99591465499
1,4,3,1000,Non-elitist,51247.21829993265
1,4,4,1000,Non-elitist,50344.69493782716
1,4,5,1000,Non-elitist,41229.76090776246
1,4,6,1000,Non-elitist,44874.35386654384
1,4,7,1000,Non-elitist,41978.60411109704
1,4,8,1000,Non-elitist,47932.39349592312
1,4,9,1000,Non-elitist,42651.82996899135
1,4,10,1000,Non-elitist,41571.68145265042
1,4,11,1000,Non-elitist,32810.725730731654
1,4,12,1000,Non-elitist,46830.18746490158
1,4,13,1000,Non-elitist,41460.52511037549
1,4,14,1000,Non-elitist,45955.63636999487
1,4,15,1000,Non-elitist,43888.919070742
1,4,16,1000,Non-elitist,39307.77051120047
1,4,17,1000,Non-elitist,49871.40218105602
1,4,18,1000,Non-elitist,45825.98117132648
1,4,19,1000,Non-elitist,43963.41065417197
1,5,0,1000,Non-elitist,40636.44303282008
1,5,1,1000,Non-elitist,38048.42179252634
1,5,2,1000,Non-elitist,46135.46017999856
1,5,3,1000,Non-elitist,34445.40841632721
1,5,4,1000,Non-elitist,32586.152255119054
1,5,5,1000,Non-elitist,45362.23412459944
1,5,6,1000,Non-elitist,36967.79508558627
1,5,7,1000,Non-elitist,38083.41692903638
1,5,8,1000,Non-elitist,41116.45376752303
1,5,9,1000,Non-elitist,36278.40444279177
1,5,10,1000,Non-elitist,39060.25707408928
1,5,11,1000,Non-elitist,34037.65649307763
1,5,12,1000,Non-elitist,48302.2429369834
1,5,13,1000,Non-elitist,35554.9859023784
1,5,14,1000,Non-elitist,40341.18462082905
1,5,15,1000,Non-elitist,38315.74221983446
1,5,16,1000,Non-elitist,38247.29354959216
1,5,17,1000,Non-elitist,48576.57631808641
1,5,18,1000,Non-elitist,39713.076766251856
1,5,19,1000,Non-elitist,39159.60217803015
1,6,0,1000,Non-elitist,41319.12093328215
1,6,1,1000,Non-elitist,39802.69230716346
1,6,2,1000,Non-elitist,43675.119940865225
1,6,3,1000,Non-elitist,55394.20085539315
1,6,4,1000,Non-elitist,46790.5300563858
1,6,5,1000,Non-elitist,49770.713330734885
1,6,6,1000,Non-elitist,42846.12190051674
1,6,7,1000,Non-elitist,41292.62282076846
1,6,8,1000,Non-elitist,45470.23774223395
1,6,9,1000,Non-elitist,47467.7824829125
1,6,10,1000,Non-elitist,42480.78447505803
1,6,11,1000,Non-elitist,44941.98307620449
1,6,12,1000,Non-elitist,40918.02800973415
1,6,13,1000,Non-elitist,45681.84934212647
1,6,14,1000,Non-elitist,48827.24355354524
1,6,15,1000,Non-elitist,45566.26421236908
1,6,16,1000,Non-elitist,39689.628527020905
1,6,17,1000,Non-elitist,42690.64492820513
1,6,18,1000,Non-elitist,45101.35913558816
1,6,19,1000,Non-elitist,44123.28769561756
1,7,0,1000,Non-elitist,42232.120893030085
1,7,1,1000,Non-elitist,44533.38914108552
1,7,2,1000,Non-elitist,46468.024380208844
1,7,3,1000,Non-elitist,56552.57206874061
1,7,4,1000,Non-elitist,40322.20589046976
1,7,5,1000,Non-elitist,43729.38751901221
1,7,6,1000,Non-elitist,52067.89637505024
1,7,7,1000,Non-elitist,46121.3013251317
1,7,8,1000,Non-elitist,39974.49673607549
1,7,9,1000,Non-elitist,46104.90263792437
1,7,10,1000,Non-elitist,41573.23317434114
1,7,11,1000,Non-elitist,49161.66386628571
1,7,12,1000,Non-elitist,44044.583962733086
1,7,13,1000,Non-elitist,54275.83455092576
1,7,14,1000,Non-elitist,46233.78818743001
1,7,15,1000,Non-elitist,46302.723043570666
1,7,16,1000,Non-elitist,44737.69310356357
1,7,17,1000,Non-elitist,44362.374258642114
1,7,18,1000,Non-elitist,50362.32522169495
1,7,19,1000,Non-elitist,43261.55035005316
2,1,0,1000,Non-elitist,1496352910.899372
2,1,1,1000,Non-elitist,1841419858.9793105
2,1,2,1000,Non-elitist,1572189567.168289
2,1,3,1000,Non-elitist,1527925970.6308968
2,1,4,1000,Non-elitist,1473799251.9109669
2,1,5,1000,Non-elitist,2024451156.232001
2,1,6,1000,Non-elitist,1543034424.7484722
2,1,7,1000,Non-elitist,1640228431.9401948
2,1,8,1000,Non-elitist,1361568630.8772912
2,1,9,1000,Non-elitist,1531351490.1819134
2,1,10,1000,Non-elitist,1726052465.1245997
2,1,11,1000,Non-elitist,1785669595.757914
2,1,12,1000,Non-elitist,1515075164.691357
2,1,13,1000,Non-elitist,1322288870.730693
2,1,14,1000,Non-elitist,1810028172.2843769
2,1,15,1000,Non-elitist,1747727332.8191612
2,1,16,1000,Non-elitist,1975629031.162962
2,1,17,1000,Non-elitist,1710497844.3237548
2,1,18,1000,Non-elitist,1678410010.9928155
2,1,19,1000,Non-elitist,1666298128.750708
2,2,0,1000,Non-elitist,2131463171.227162
2,2,1,1000,Non-elitist,2132266852.1481528
2,2,2,1000,Non-elitist,2177608626.013927
2,2,3,1000,Non-elitist,1783545330.530024
2,2,4,1000,Non-elitist,2605187894.289114
2,2,5,1000,Non-elitist,1993915345.757698
2,2,6,1000,Non-elitist,2042483790.2790327
2,2,7,1000,Non-elitist,1931523758.690448
2,2,8,1000,Non-elitist,2471660825.285285
2,2,9,1000,Non-elitist,1996816395.6664128
2,2,10,1000,Non-elitist,1891362394.035438
2,2,11,1000,Non-elitist,1481135293.183435
2,2,12,1000,Non-elitist,2186564787.747076
2,2,13,1000,Non-elitist,1971801141.4443305
2,2,14,1000,Non-elitist,1826842587.3298864
2,2,15,1000,Non-elitist,2267246576.7188454
2,2,16,1000,Non-elitist,1804526560.0004385
2,2,17,1000,Non-elitist,2023742059.299348
2,2,18,1000,Non-elitist,2084599699.5945344
2,2,19,1000,Non-elitist,1591876421.3248322
2,3,0,1000,Non-elitist,1950908879.3503208
2,3,1,1000,Non-elitist,1682280685.3643436
2,3,2,1000,Non-elitist,2111793811.136588
2,3,3,1000,Non-elitist,2040889554.6555867
2,3,4,1000,Non-elitist,2075990904.945365
2,3,5,1000,Non-elitist,1866689103.938815
2,3,6,1000,Non-elitist,1917951034.8841496
2,3,7,1000,Non-elitist,1724636796.0611122
2,3,8,1000,Non-elitist,2358007920.7609363
2,3,9,1000,Non-elitist,1627014592.159501
2,3,10,1000,Non-elitist,1620147714.365266
2,3,11,1000,Non-elitist,2197937287.7432294
2,3,12,1000,Non-elitist,1994648083.293527
2,3,13,1000,Non-elitist,1860492880.6228487
2,3,14,1000,Non-elitist,2336866891.464024
2,3,15,1000,Non-elitist,1804997939.1185932
2,3,16,1000,Non-elitist,1947543243.3651052
2,3,17,1000,Non-elitist,2082567420.7269888
2,3,18,1000,Non-elitist,1898259210.1488912
2,3,19,1000,Non-elitist,2376762998.2162657
2,4,0,1000,Non-elitist,1808210427.627296
2,4,1,1000,Non-elitist,2142514405.450549
2,4,2,1000,Non-elitist,1768896071.557262
2,4,3,1000,Non-elitist,1603308558.3040752
2,4,4,1000,Non-elitist,1649376840.989857
2,4,5,1000,Non-elitist,2511557722.895729
2,4,6,1000,Non-elitist,1434804644.7949104
2,4,7,1000,Non-elitist,1934436315.535932
2,4,8,1000,Non-elitist,1820670889.660098
2,4,9,1000,Non-elitist,2086542632.1203609
2,4,10,1000,Non-elitist,1701230993.9780593
2,4,11,1000,Non-elitist,1738250062.544066
2,4,12,1000,Non-elitist,2742690168.3770366
2,4,13,1000,Non-elitist,1511674416.9835873
2,4,14,1000,Non-elitist,1557649628.5937366
2,4,15,1000,Non-elitist,1770367486.286243
2,4,16,1000,Non-elitist,2102057983.0395172
2,4,17,1000,Non-elitist,2219983557.8971987
2,4,18,1000,Non-elitist,2288469125.0986958
2,4,19,1000,Non-elitist,1898589503.0978005
2,5,0,1000,Non-elitist,1192824569.2161746
2,5,1,1000,Non-elitist,2012816443.2364187
2,5,2,1000,Non-elitist,1898320070.456715
2,5,3,1000,Non-elitist,1602484546.7501109
2,5,4,1000,Non-elitist,1966972661.5171173
2,5,5,1000,Non-elitist,1535921550.5144365
2,5,6,1000,Non-elitist,2126103249.2343595
2,5,7,1000,Non-elitist,1466135777.1571543
2,5,8,1000,Non-elitist,2406001817.851528
2,5,9,1000,Non-elitist,1823436059.0711129
2,5,10,1000,Non-elitist,1645108102.472365
2,5,11,1000,Non-elitist,1802138747.9663856
2,5,12,1000,Non-elitist,2194760236.691124
2,5,13,1000,Non-elitist,2082123817.191308
2,5,14,1000,Non-elitist,1988417732.42165
2,5,15,1000,Non-elitist,1684820386.4798398
2,5,16,1000,Non-elitist,1496757345.4122467
2,5,17,1000,Non-elitist,1811050948.914392
2,5,18,1000,Non-elitist,2081956095.291314
2,5,19,1000,Non-elitist,1879757928.015453
2,6,0,1000,Non-elitist,2144425109.4475276
2,6,1,1000,Non-elitist,1739601565.7151952
2,6,2,1000,Non-elitist,1826997240.538576
2,6,3,1000,Non-elitist,2102049233.2513864
2,6,4,1000,Non-elitist,1941038660.5280893
2,6,5,1000,Non-elitist,1757273071.5866165
2,6,6,1000,Non-elitist,1865117802.0554347
2,6,7,1000,Non-elitist,1724344800.3677928
2,6,8,1000,Non-elitist,2104107577.7131505
2,6,9,1000,Non-elitist,2115110689.9675312
2,6,10,1000,Non-elitist,1534423449.2584257
2,6,11,1000,Non-elitist,1982553455.669192
2,6,12,1000,Non-elitist,1574543725.5787544
2,6,13,1000,Non-elitist,1839254105.7332315
2,6,14,1000,Non-elitist,1965623135.565794
2,6,15,1000,Non-elitist,2130631815.773588
2,6,16,1000,Non-elitist,1936983621.5723
2,6,17,1000,Non-elitist,2020298150.380577
2,6,18,1000,Non-elitist,1676185544.4910755
2,6,19,1000,Non-elitist,2111039214.1840303
2,7,0,1000,Non-elitist,1791379831.0570655
2,7,1,1000,Non-elitist,1576785074.5226398
2,7,2,1000,Non-elitist,1863987797.0254529
2,7,3,1000,Non-elitist,1607015793.2473712
2,7,4,1000,Non-elitist,1506541455.2412314
2,7,5,1000,Non-elitist,1481307049.5853016
2,7,6,1000,Non-elitist,1504302113.431417
2,7,7,1000,Non-elitist,1432507709.7403498
2,7,8,1000,Non-elitist,1535232815.9383736
2,7,9,1000,Non-elitist,1625653678.2336843
2,7,10,1000,Non-elitist,1676099690.1632416
2,7,11,1000,Non-elitist,1582157923.6731968
2,7,12,1000,Non-elitist,1800027997.9523993
2,7,13,1000,Non-elitist,1389503502.5670648
2,7,14,1000,Non-elitist,1578466697.4042792
2,7,15,1000,Non-elitist,1647147193.101254
2,7,16,1000,Non-elitist,1549783578.8334527
2,7,17,1000,Non-elitist,1567582508.29828
2,7,18,1000,Non-elitist,1680327660.1211123
2,7,19,1000,Non-elitist,1443814917.3404243
3,1,0,1000,Non-elitist,559175.0270278676
3,1,1,1000,Non-elitist,585227.0854715679
3,1,2,1000,Non-elitist,636042.1376742815
3,1,3,1000,Non-elitist,633605.6966089059
3,1,4,1000,Non-elitist,557989.2713032253
3,1,5,1000,Non-elitist,573493.309474933
3,1,6,1000,Non-elitist,571755.9712668908
3,1,7,1000,Non-elitist,613408.79786321
3,1,8,1000,Non-elitist,551774.5995230355
3,1,9,1000,Non-elitist,625585.6779615089
3,1,10,1000,Non-elitist,615270.37806204
3,1,11,1000,Non-elitist,590386.8059616324
3,1,12,1000,Non-elitist,596559.7827230317
3,1,13,1000,Non-elitist,602241.4118346574
3,1,14,1000,Non-elitist,659899.5685163358
3,1,15,1000,Non-elitist,634782.683409324
3,1,16,1000,Non-elitist,661699.6062101498
3,1,17,1000,Non-elitist,617127.5006798592
3,1,18,1000,Non-elitist,640643.1495226579
3,1,19,1000,Non-elitist,622399.4865241711
3,2,0,1000,Non-elitist,626682.5307185203
3,2,1,1000,Non-elitist,581648.261287704
3,2,2,1000,Non-elitist,579970.7315537834
3,2,3,1000,Non-elitist,622881.2877531752
3,2,4,1000,Non-elitist,566367.4121413915
3,2,5,1000,Non-elitist,613986.6003666591
3,2,6,1000,Non-elitist,695689.6010618904
3,2,7,1000,Non-elitist,608514.264907646
3,2,8,1000,Non-elitist,645247.8095149598
3,2,9,1000,Non-elitist,615356.8074685975
3,2,10,1000,Non-elitist,638654.251214993
3,2,11,1000,Non-elitist,604374.1469839246
3,2,12,1000,Non-elitist,586636.3401628132
3,2,13,1000,Non-elitist,664555.3634910202
3,2,14,1000,Non-elitist,682190.2111360973
3,2,15,1000,Non-elitist,645865.9791023629
3,2,16,1000,Non-elitist,657844.1935708583
3,2,17,1000,Non-elitist,599551.6038835436
3,2,18,1000,Non-elitist,623433.6497239557
3,2,19,1000,Non-elitist,580082.4837117941
3,3,0,1000,Non-elitist,702036.9426424424
3,3,1,1000,Non-elitist,612688.046372526
3,3,2,1000,Non-elitist,648123.7109533751
3,3,3,1000,Non-elitist,655413.6286911641
3,3,4,1000,Non-elitist,646940.4388511052
3,3,5,1000,Non-elitist,655096.7002084974
3,3,6,1000,Non-elitist,642556.7883153161
3,3,7,1000,Non-elitist,668614.882598749
3,3,8,1000,Non-elitist,619035.4843805743
3,3,9,1000,Non-elitist,651016.8147679229
3,3,10,1000,Non-elitist,659274.6217396301
3,3,11,1000,Non-elitist,588701.1685563142
3,3,12,1000,Non-elitist,615626.3135397297
3,3,13,1000,Non-elitist,645497.7473406261
3,3,14,1000,Non-elitist,630510.9114904992
3,3,15,1000,Non-elitist,633857.4421544666
3,3,16,1000,Non-elitist,636244.9781514595
3,3,17,1000,Non-elitist,691890.0386298387
3,3,18,1000,Non-elitist,596870.8810421075
3,3,19,1000,Non-elitist,613721.7979425939
3,4,0,1000,Non-elitist,568836.0372714321
3,4,1,1000,Non-elitist,600665.6725423669
3,4,2,1000,Non-elitist,619593.6580736344
3,4,3,1000,Non-elitist,605755.3017143527
3,4,4,1000,Non-elitist,587793.8394354694
3,4,5,1000,Non-elitist,542583.1995036879
3,4,6,1000,Non-elitist,601535.786344019
3,4,7,1000,Non-elitist,602673.1945548586
3,4,8,1000,Non-elitist,550698.9230337135
3,4,9,1000,Non-elitist,649778.2366126314
3,4,10,1000,Non-elitist,597151.9992222886
3,4,11,1000,Non-elitist,638691.9885176809
3,4,12,1000,Non-elitist,550018.0332246042
3,4,13,1000,Non-elitist,635850.863388037
3,4,14,1000,Non-elitist,617657.6686361964
3,4,15,1000,Non-elitist,640399.5566598459
3,4,16,1000,Non-elitist,587147.7207780482
3,4,17,1000,Non-elitist,562794.0494727655
3,4,18,1000,Non-elitist,573213.2697980969
3,4,19,1000,Non-elitist,588210.9144466084
3,5,0,1000,Non-elitist,576657.5907838712
3,5,1,1000,Non-elitist,742907.2312155131
3,5,2,1000,Non-elitist,654621.7566047517
3,5,3,1000,Non-elitist,669755.8910268163
3,5,4,1000,Non-elitist,689961.0337945339
3,5,5,1000,Non-elitist,610311.5177463656
3,5,6,1000,Non-elitist,582624.4370517775
3,5,7,1000,Non-elitist,633153.0408968588
3,5,8,1000,Non-elitist,577994.0392339105
3,5,9,1000,Non-elitist,678565.2837516607
3,5,10,1000,Non-elitist,625059.0608806319
3,5,11,1000,Non-elitist,585671.1985936974
3,5,12,1000,Non-elitist,633519.1600402633
3,5,13,1000,Non-elitist,602945.4334416267
3,5,14,1000,Non-elitist,609212.742428973
3,5,15,1000,Non-elitist,553592.3019404553
3,5,16,1000,Non-elitist,746337.0388120622
3,5,17,1000,Non-elitist,704768.0560486687
3,5,18,1000,Non-elitist,614504.0819164157
3,5,19,1000,Non-elitist,696748.7227879823
3,6,0,1000,Non-elitist,571850.7186855052
3,6,1,1000,Non-elitist,583103.9670262064
3,6,2,1000,Non-elitist,644168.3683769658
3,6,3,1000,Non-elitist,647190.4571116568
3,6,4,1000,Non-elitist,673193.1676333139
3,6,5,1000,Non-elitist,676997.9260635559
3,6,6,1000,Non-elitist,630996.4890756933
3,6,7,1000,Non-elitist,643844.735999808
3,6,8,1000,Non-elitist,651813.1530222842
3,6,9,1000,Non-elitist,594979.1389850925
3,6,10,1000,Non-elitist,587159.9619138152
3,6,11,1000,Non-elitist,614481.0157641018
3,6,12,1000,Non-elitist,581141.6820457696
3,6,13,1000,Non-elitist,621331.1669350433
3,6,14,1000,Non-elitist,652035.203837387
3,6,15,1000,Non-elitist,594058.6894533369
3,6,16,1000,Non-elitist,636167.5704471089
3,6,17,1000,Non-elitist,636225.3884194266
3,6,18,1000,Non-elitist,603533.9798578823
3,6,19,1000,Non-elitist,614840.8553305704
3,7,0,1000,Non-elitist,566955.5942239647
3,7,1,1000,Non-elitist,581186.559855253
3,7,2,1000,Non-elitist,557957.0211096611
3,7,3,1000,Non-elitist,665804.2143542531
3,7,4,1000,Non-elitist,556526.3748734889
3,7,5,1000,Non-elitist,609676.5928508177
3,7,6,1000,Non-elitist,682077.418850191
3,7,7,1000,Non-elitist,588541.8236672098
3,7,8,1000,Non-elitist,575748.164615822
3,7,9,1000,Non-elitist,611374.3786768044
3,7,10,1000,Non-elitist,605795.5277324348
3,7,11,1000,Non-elitist,538878.9105455284
3,7,12,1000,Non-elitist,548500.9254542985
3,7,13,1000,Non-elitist,555965.6861381809
3,7,14,1000,Non-elitist,582865.0958302884
3,7,15,1000,Non-elitist,597947.2465132712
3,7,16,1000,Non-elitist,581531.5681796807
3,7,17,1000,Non-elitist,568788.6887461493
3,7,18,1000,Non-elitist,609254.9401793831
3,7,19,1000,Non-elitist,623364.0865674061
4,1,0,1000,Non-elitist,979502.82243699
4,1,1,1000,Non-elitist,864343.424473743
4,1,2,1000,Non-elitist,938572.365280636
4,1,3,1000,Non-elitist,906970.4070151052
4,1,4,1000,Non-elitist,887302.1602896887
4,1,5,1000,Non-elitist,836400.0077454287
4,1,6,1000,Non-elitist,827089.543757114
4,1,7,1000,Non-elitist,812647.36842768
4,1,8,1000,Non-elitist,895569.9138259251
4,1,9,1000,Non-elitist,888698.4574322709
4,1,10,1000,Non-elitist,855545.3023266091
4,1,11,1000,Non-elitist,867625.2339247877
4,1,12,1000,Non-elitist,899511.9604224069
4,1,13,1000,Non-elitist,850831.321006642
4,1,14,1000,Non-elitist,898720.5287337815
4,1,15,1000,Non-elitist,960081.338031134
4,1,16,1000,Non-elitist,894010.16722206
4,1,17,1000,Non-elitist,970646.8481361106
4,1,18,1000,Non-elitist,884473.7318814121
4,1,19,1000,Non-elitist,859468.8032800145
4,2,0,1000,Non-elitist,893380.2721777686
4,2,1,1000,Non-elitist,807988.5573555613
4,2,2,1000,Non-elitist,913294.0371972627
4,2,3,1000,Non-elitist,942651.7306483164
4,2,4,1000,Non-elitist,867857.4151250187
4,2,5,1000,Non-elitist,922294.1274178288
4,2,6,1000,Non-elitist,907522.9513058016
4,2,7,1000,Non-elitist,832570.39243989
4,2,8,1000,Non-elitist,859862.4818187439
4,2,9,1000,Non-elitist,952211.4299060224
4,2,10,1000,Non-elitist,908557.6987927498
4,2,11,1000,Non-elitist,945839.4641160488
4,2,12,1000,Non-elitist,938623.7525437262
4,2,13,1000,Non-elitist,849505.5008851201
4,2,14,1000,Non-elitist,804309.818012345
4,2,15,1000,Non-elitist,817845.7151540845
4,2,16,1000,Non-elitist,985810.657957259
4,2,17,1000,Non-elitist,934441.3575128084
4,2,18,1000,Non-elitist,1024415.7091501142
4,2,19,1000,Non-elitist,852918.8031674672
4,3,0,1000,Non-elitist,929092.5136525682
4,3,1,1000,Non-elitist,820585.095540843
4,3,2,1000,Non-elitist,964255.0687130576
4,3,3,1000,Non-elitist,852948.8079835671
4,3,4,1000,Non-elitist,794498.6070955957
4,3,5,1000,Non-elitist,899505.0952821602
4,3,6,1000,Non-elitist,914094.2028515008
4,3,7,1000,Non-elitist,795610.3168547328
4,3,8,1000,Non-elitist,913799.1756160036
4,3,9,1000,Non-elitist,938280.5149462966
4,3,10,1000,Non-elitist,882041.1171320113
4,3,11,1000,Non-elitist,1024460.1208985092
4,3,12,1000,Non-elitist,981570.8079184014
4,3,13,1000,Non-elitist,840903.7095678479
4,3,14,1000,Non-elitist,873544.7738570559
4,3,15,1000,Non-elitist,962138.5921833004
4,3,16,1000,Non-elitist,842614.2084687683
4,3,17,1000,Non-elitist,914008.5101204404
4,3,18,1000,Non-elitist,913009.3161929882
4,3,19,1000,Non-elitist,806642.8001363359
4,4,0,1000,Non-elitist,883686.7579008604
4,4,1,1000,Non-elitist,790101.3068547371
4,4,2,1000,Non-elitist,789633.9554258694
4,4,3,1000,Non-elitist,824765.9214501975
4,4,4,1000,Non-elitist,765881.3857573055
4,4,5,1000,Non-elitist,924544.257545093
4,4,6,1000,Non-elitist,794941.6605536435
4,4,7,1000,Non-elitist,850721.378315673
4,4,8,1000,Non-elitist,783462.9134935422
4,4,9,1000,Non-elitist,909602.2458976556
4,4,10,1000,Non-elitist,841571.3629810521
4,4,11,1000,Non-elitist,863889.2651727467
4,4,12,1000,Non-elitist,830789.770348225
4,4,13,1000,Non-elitist,887523.2924640859
4,4,14,1000,Non-elitist,952371.24865218
4,4,15,1000,Non-elitist,1002613.4262275844
4,4,16,1000,Non-elitist,847041.3774330243
4,4,17,1000,Non-elitist,758553.1233876927
4,4,18,1000,Non-elitist,867200.1042183434
4,4,19,1000,Non-elitist,841586.6522707191
4,5,0,1000,Non-elitist,931870.8024348188
4,5,1,1000,Non-elitist,908538.5971676398
4,5,2,1000,Non-elitist,877032.5860586766
4,5,3,1000,Non-elitist,926829.547748896
4,5,4,1000,Non-elitist,976067.8341329184
4,5,5,1000,Non-elitist,1002970.5239101602
4,5,6,1000,Non-elitist,880902.9015766128
4,5,7,1000,Non-elitist,861024.241931668
4,5,8,1000,Non-elitist,847812.8384937833
4,5,9,1000,Non-elitist,906338.7391452002
4,5,10,1000,Non-elitist,940343.3283316004
4,5,11,1000,Non-elitist,821087.0820817851
4,5,12,1000,Non-elitist,831429.5017139451
4,5,13,1000,Non-elitist,883320.6601563487
4,5,14,1000,Non-elitist,851403.7613948217
4,5,15,1000,Non-elitist,777809.9371396233
4,5,16,1000,Non-elitist,925542.1844488244
4,5,17,1000,Non-elitist,991241.0197844306
4,5,18,1000,Non-elitist,823245.9211036615
4,5,19,1000,Non-elitist,898133.8858155056
4,6,0,1000,Non-elitist,924247.9245551432
4,6,1,1000,Non-elitist,824814.5072129809
4,6,2,1000,Non-elitist,1001104.8496992076
4,6,3,1000,Non-elitist,1003210.8232286453
4,6,4,1000,Non-elitist,894406.5752761386
4,6,5,1000,Non-elitist,811781.561653998
4,6,6,1000,Non-elitist,867766.4619591096
4,6,7,1000,Non-elitist,814199.8596862594
4,6,8,1000,Non-elitist,970608.0265888544
4,6,9,1000,Non-elitist,947433.6285165052
4,6,10,1000,Non-elitist,833847.8702330681
4,6,11,1000,Non-elitist,1003175.6318184712
4,6,12,1000,Non-elitist,859179.0988700924
4,6,13,1000,Non-elitist,898933.8463198023
4,6,14,1000,Non-elitist,943263.3455025316
4,6,15,1000,Non-elitist,910075.7835977628
4,6,16,1000,Non-elitist,976966.2397688744
4,6,17,1000,Non-elitist,934797.4475594182
4,6,18,1000,Non-elitist,911121.1925636136
4,6,19,1000,Non-elitist,992592.7176060476
4,7,0,1000,Non-elitist,861567.9644121744
4,7,1,1000,Non-elitist,927452.8381953083
4,7,2,1000,Non-elitist,757202.2113615789
4,7,3,1000,Non-elitist,828683.9165399377
4,7,4,1000,Non-elitist,844620.2810355988
4,7,5,1000,Non-elitist,901111.9524419954
4,7,6,1000,Non-elitist,894941.0048064094
4,7,7,1000,Non-elitist,901526.7721613044
4,7,8,1000,Non-elitist,820859.1478429965
4,7,9,1000,Non-elitist,902759.541925222
4,7,10,1000,Non-elitist,835669.6295052329
4,7,11,1000,Non-elitist,892938.4930765077
4,7,12,1000,Non-elitist,906801.2349470988
4,7,13,1000,Non-elitist,800926.5649558037
4,7,14,1000,Non-elitist,855026.1780147777
4,7,15,1000,Non-elitist,790871.7538956722
4,7,16,1000,Non-elitist,793680.6533353764
4,7,17,1000,Non-elitist,854853.8683610284
4,7,18,1000,Non-elitist,855424.4205000622
4,7,19,1000,Non-elitist,797290.1149475495
5,1,0,1000,Non-elitist,178299.61170097816
5,1,1,1000,Non-elitist,180623.1094020086
5,1,2,1000,Non-elitist,226137.7987623814
5,1,3,1000,Non-elitist,217297.47503932705
5,1,4,1000,Non-elitist,160006.01884961926
5,1,5,1000,Non-elitist,208085.7127162998
5,1,6,1000,Non-elitist,181067.3050798048
5,1,7,1000,Non-elitist,208046.94971636444
5,1,8,1000,Non-elitist,184373.1187516202
5,1,9,1000,Non-elitist,201059.06572905552
5,1,10,1000,Non-elitist,179569.46240818602
5,1,11,1000,Non-elitist,212731.4590879293
5,1,12,1000,Non-elitist,173510.1751088398
5,1,13,1000,Non-elitist,174552.86405652974
5,1,14,1000,Non-elitist,174810.74390423193
5,1,15,1000,Non-elitist,205871.0605667654
5,1,16,1000,Non-elitist,196274.5372796248
5,1,17,1000,Non-elitist,220573.30591415707
5,1,18,1000,Non-elitist,231738.6782558497
5,1,19,1000,Non-elitist,200532.1785193685
5,2,0,1000,Non-elitist,219936.0917601776
5,2,1,1000,Non-elitist,187235.8735998717
5,2,2,1000,Non-elitist,183494.58764645352
5,2,3,1000,Non-elitist,234482.58089483628
5,2,4,1000,Non-elitist,186265.11878766745
5,2,5,1000,Non-elitist,214789.03709066944
5,2,6,1000,Non-elitist,206800.43621114484
5,2,7,1000,Non-elitist,176056.8444600652
5,2,8,1000,Non-elitist,183231.96677175837
5,2,9,1000,Non-elitist,231783.79844093087
5,2,10,1000,Non-elitist,206925.6167118052
5,2,11,1000,Non-elitist,205754.5990606025
5,2,12,1000,Non-elitist,222272.7353344059
5,2,13,1000,Non-elitist,234357.97241476213
5,2,14,1000,Non-elitist,202226.26670465065
5,2,15,1000,Non-elitist,189335.99715028983
5,2,16,1000,Non-elitist,191757.9828311697
5,2,17,1000,Non-elitist,186387.836448854
5,2,18,1000,Non-elitist,213714.50544464024
5,2,19,1000,Non-elitist,199829.04610468476
5,3,0,1000,Non-elitist,219706.08804846063
5,3,1,1000,Non-elitist,190842.98559015017
5,3,2,1000,Non-elitist,204806.37462868387
5,3,3,1000,Non-elitist,186119.11087842143
5,3,4,1000,Non-elitist,220845.41151673967
5,3,5,1000,Non-elitist,190086.3872026426
5,3,6,1000,Non-elitist,187736.10963379135
5,3,7,1000,Non-elitist,181373.32471779335
5,3,8,1000,Non-elitist,223036.5150551957
5,3,9,1000,Non-elitist,202980.72808645552
5,3,10,1000,Non-elitist,225915.3866918339
5,3,11,1000,Non-elitist,186501.27533931905
5,3,12,1000,Non-elitist,191448.5116238257
5,3,13,1000,Non-elitist,188470.27924426008
5,3,14,1000,Non-elitist,206901.86769995728
5,3,15,1000,Non-elitist,199154.6096929046
5,3,16,1000,Non-elitist,195054.1005188868
5,3,17,1000,Non-elitist,167527.4884718766
5,3,18,1000,Non-elitist,187632.6909343664
5,3,19,1000,Non-elitist,202510.7581276632
5,4,0,1000,Non-elitist,207284.98834656572
5,4,1,1000,Non-elitist,218108.4794609028
5,4,2,1000,Non-elitist,221847.5722869056
5,4,3,1000,Non-elitist,193922.3678900308
5,4,4,1000,Non-elitist,204765.5481595111
5,4,5,1000,Non-elitist,221936.350637177
5,4,6,1000,Non-elitist,205380.01948517235
5,4,7,1000,Non-elitist,179728.60803235456
5,4,8,1000,Non-elitist,244579.7031104487
5,4,9,1000,Non-elitist,211929.4742941596
5,4,10,1000,Non-elitist,184598.5049632814
5,4,11,1000,Non-elitist,238559.2841014676
5,4,12,1000,Non-elitist,200169.5541590266
5,4,13,1000,Non-elitist,233178.2851473649
5,4,14,1000,Non-elitist,225172.90623589212
5,4,15,1000,Non-elitist,175577.090910524
5,4,16,1000,Non-elitist,189729.47406343208
5,4,17,1000,Non-elitist,208547.19664873977
5,4,18,1000,Non-elitist,260131.72958018063
5,4,19,1000,Non-elitist,232849.7708002776
5,5,0,1000,Non-elitist,198038.92216076245
5,5,1,1000,Non-elitist,220255.1279725797
5,5,2,1000,Non-elitist,222544.3911274758
5,5,3,1000,Non-elitist,177631.85788318858
5,5,4,1000,Non-elitist,219680.48531006387
5,5,5,1000,Non-elitist,203360.11339266747
5,5,6,1000,Non-elitist,207093.4354643947
5,5,7,1000,Non-elitist,205628.78082618583
5,5,8,1000,Non-elitist,190621.69811432468
5,5,9,1000,Non-elitist,235201.1439187609
5,5,10,1000,Non-elitist,186148.6225826965
5,5,11,1000,Non-elitist,239017.9005347147
5,5,12,1000,Non-elitist,223637.57695749868
5,5,13,1000,Non-elitist,217629.8744197208
5,5,14,1000,Non-elitist,172637.67917929677
5,5,15,1000,Non-elitist,205491.976167651
5,5,16,1000,Non-elitist,208171.15460374445
5,5,17,1000,Non-elitist,200554.17233405117
5,5,18,1000,Non-elitist,179137.74495428876
5,5,19,1000,Non-elitist,215858.9291924234
5,6,0,1000,Non-elitist,218086.11548470933
5,6,1,1000,Non-elitist,212861.72953805007
5,6,2,1000,Non-elitist,205924.49021390892
5,6,3,1000,Non-elitist,191191.8928760641
5,6,4,1000,Non-elitist,175679.74126786535
5,6,5,1000,Non-elitist,170794.33709272064
5,6,6,1000,Non-elitist,203278.69228823824
5,6,7,1000,Non-elitist,220211.6659399456
5,6,8,1000,Non-elitist,179684.49871467586
5,6,9,1000,Non-elitist,182776.10586999825
5,6,10,1000,Non-elitist,239647.49164383364
5,6,11,1000,Non-elitist,192408.28542883124
5,6,12,1000,Non-elitist,206213.53686587035
5,6,13,1000,Non-elitist,205588.7788009073
5,6,14,1000,Non-elitist,208549.31574683564
5,6,15,1000,Non-elitist,216120.9509256652
5,6,16,1000,Non-elitist,185732.05635680576
5,6,17,1000,Non-elitist,195208.9481318048
5,6,18,1000,Non-elitist,195311.9314168319
5,6,19,1000,Non-elitist,188166.4634073651
5,7,0,1000,Non-elitist,212457.89931844105
5,7,1,1000,Non-elitist,175220.70694748088
5,7,2,1000,Non-elitist,190953.90827937407
5,7,3,1000,Non-elitist,174976.23124972876
5,7,4,1000,Non-elitist,215349.44686942408
5,7,5,1000,Non-elitist,191659.0770600109
5,7,6,1000,Non-elitist,187172.7954910645
5,7,7,1000,Non-elitist,166213.5703580443
5,7,8,1000,Non-elitist,191629.76863848532
5,7,9,1000,Non-elitist,220915.77682558564
5,7,10,1000,Non-elitist,224264.1816707873
5,7,11,1000,Non-elitist,171381.96633824997
5,7,12,1000,Non-elitist,178971.00149669976
5,7,13,1000,Non-elitist,164277.86186474116
5,7,14,1000,Non-elitist,188101.36107334463
5,7,15,1000,Non-elitist,205737.0311114564
5,7,16,1000,Non-elitist,179724.2423913627
5,7,17,1000,Non-elitist,194477.7177160644
5,7,18,1000,Non-elitist,162389.58053983693
5,7,19,1000,Non-elitist,238128.005073647
6,1,0,1000,Non-elitist,93516729.65114562
6,1,1,1000,Non-elitist,95309152.63820116
6,1,2,1000,Non-elitist,76796228.25750868
6,1,3,1000,Non-elitist,66500297.03174058
6,1,4,1000,Non-elitist,97454305.72706908
6,1,5,1000,Non-elitist,77291838.47985074
6,1,6,1000,Non-elitist,86268998.1961584
6,1,7,1000,Non-elitist,77239394.17659846
6,1,8,1000,Non-elitist,81027281.75264293
6,1,9,1000,Non-elitist,76636430.27317904
6,1,10,1000,Non-elitist,107209072.77709654
6,1,11,1000,Non-elitist,106143780.79633154
6,1,12,1000,Non-elitist,72352657.47293225
6,1,13,1000,Non-elitist,79252541.57575947
6,1,14,1000,Non-elitist,67350683.54250464
6,1,15,1000,Non-elitist,66849902.10281125
6,1,16,1000,Non-elitist,83659395.61484937
6,1,17,1000,Non-elitist,74662557.03306405
6,1,18,1000,Non-elitist,84218156.62752
6,1,19,1000,Non-elitist,85688251.82790229
6,2,0,1000,Non-elitist,73224541.1177039
6,2,1,1000,Non-elitist,63159832.95589765
6,2,2,1000,Non-elitist,84534509.20925425
6,2,3,1000,Non-elitist,63985740.80345537
6,2,4,1000,Non-elitist,44902808.65210446
6,2,5,1000,Non-elitist,54742166.09789924
6,2,6,1000,Non-elitist,73449643.90848298
6,2,7,1000,Non-elitist,57814093.57630373
6,2,8,1000,Non-elitist,46784126.18658647
6,2,9,1000,Non-elitist,56350704.870474026
6,2,10,1000,Non-elitist,50939217.87989291
6,2,11,1000,Non-elitist,71732930.36485945
6,2,12,1000,Non-elitist,61471027.45258501
6,2,13,1000,Non-elitist,68603182.84799497
6,2,14,1000,Non-elitist,59276942.17658495
6,2,15,1000,Non-elitist,79062690.28359236
6,2,16,1000,Non-elitist,73590307.56854427
6,2,17,1000,Non-elitist,63114759.32247194
6,2,18,1000,Non-elitist,76355356.06628321
6,2,19,1000,Non-elitist,71570631.65700372
6,3,0,1000,Non-elitist,44783992.023276746
6,3,1,1000,Non-elitist,58854552.21193264
6,3,2,1000,Non-elitist,41739839.19242292
6,3,3,1000,Non-elitist,51831978.15285077
6,3,4,1000,Non-elitist,44581410.51539976
6,3,5,1000,Non-elitist,57544519.39253554
6,3,6,1000,Non-elitist,41322192.19644604
6,3,7,1000,Non-elitist,58300099.85422842
6,3,8,1000,Non-elitist,32362635.935812976
6,3,9,1000,Non-elitist,52722553.33927748
6,3,10,1000,Non-elitist,50460073.63686312
6,3,11,1000,Non-elitist,56876437.26787012
6,3,12,1000,Non-elitist,52310309.13112194
6,3,13,1000,Non-elitist,66710268.32182061
6,3,14,1000,Non-elitist,74797286.97764018
6,3,15,1000,Non-elitist,67934327.62071805
6,3,16,1000,Non-elitist,43761131.434254944
6,3,17,1000,Non-elitist,73139399.86581348
6,3,18,1000,Non-elitist,70753658.55345754
6,3,19,1000,Non-elitist,88991769.0433226
6,4,0,1000,Non-elitist,79110936.71331248
6,4,1,1000,Non-elitist,75020187.53778999
6,4,2,1000,Non-elitist,86310707.30020508
6,4,3,1000,Non-elitist,74349564.65566868
6,4,4,1000,Non-elitist,90830572.67198928
6,4,5,1000,Non-elitist,111988146.54305433
6,4,6,1000,Non-elitist,81631926.44997618
6,4,7,1000,Non-elitist,101833569.53530136
6,4,8,1000,Non-elitist,81191602.0525147
6,4,9,1000,Non-elitist,101971535.1772528
6,4,10,1000,Non-elitist,89440316.5994449
6,4,11,1000,Non-elitist,74755607.23768117
6,4,12,1000,Non-elitist,106923589.6584308
6,4,13,1000,Non-elitist,77468965.98519836
6,4,14,1000,Non-elitist,96767340.65665108
6,4,15,1000,Non-elitist,70052070.49298759
6,4,16,1000,Non-elitist,81911548.80870166
6,4,17,1000,Non-elitist,86780209.38233013
6,4,18,1000,Non-elitist,88615811.49536012
6,4,19,1000,Non-elitist,98302818.29824112
6,5,0,1000,Non-elitist,74846883.33371374
6,5,1,1000,Non-elitist,93378469.63807549
6,5,2,1000,Non-elitist,88622231.6527219
6,5,3,1000,Non-elitist,76105415.20444472
6,5,4,1000,Non-elitist,80831143.53724326
6,5,5,1000,Non-elitist,86960159.63338219
6,5,6,1000,Non-elitist,74216141.76541038
6,5,7,1000,Non-elitist,74599260.36080351
6,5,8,1000,Non-elitist,75534947.34072149
6,5,9,1000,Non-elitist,102156723.37944128
6,5,10,1000,Non-elitist,97371638.39070868
6,5,11,1000,Non-elitist,80900895.21197064
6,5,12,1000,Non-elitist,77986821.23945737
6,5,13,1000,Non-elitist,84194127.56423356
6,5,14,1000,Non-elitist,79208898.69348672
6,5,15,1000,Non-elitist,98171486.49227732
6,5,16,1000,Non-elitist,74752766.20837687
6,5,17,1000,Non-elitist,106172203.28769024
6,5,18,1000,Non-elitist,73423637.67069963
6,5,19,1000,Non-elitist,68888353.72219817
6,6,0,1000,Non-elitist,76221422.0480564
6,6,1,1000,Non-elitist,89961833.06848887
6,6,2,1000,Non-elitist,58240677.86480646
6,6,3,1000,Non-elitist,55775359.047279805
6,6,4,1000,Non-elitist,51299365.17947222
6,6,5,1000,Non-elitist,89881025.22110686
6,6,6,1000,Non-elitist,65990338.67154589
6,6,7,1000,Non-elitist,60949986.44357153
6,6,8,1000,Non-elitist,76084994.61443318
6,6,9,1000,Non-elitist,79534188.1897921
6,6,10,1000,Non-elitist,68984442.32382615
6,6,11,1000,Non-elitist,58212091.76760117
6,6,12,1000,Non-elitist,62975333.35309073
6,6,13,1000,Non-elitist,82798304.21062738
6,6,14,1000,Non-elitist,60776612.86077449
6,6,15,1000,Non-elitist,94480185.03873692
6,6,16,1000,Non-elitist,57331495.8341184
6,6,17,1000,Non-elitist,49489398.01768123
6,6,18,1000,Non-elitist,56138798.324991226
6,6,19,1000,Non-elitist,87699303.50922723
6,7,0,1000,Non-elitist,41965040.92219911
6,7,1,1000,Non-elitist,50859933.21225498
6,7,2,1000,Non-elitist,66279834.49591228
6,7,3,1000,Non-elitist,41159700.25171014
6,7,4,1000,Non-elitist,62292851.8347692
6,7,5,1000,Non-elitist,34639684.90638303
6,7,6,1000,Non-elitist,56143029.92595145
6,7,7,1000,Non-elitist,44146300.77935557
6,7,8,1000,Non-elitist,38041704.93845686
6,7,9,1000,Non-elitist,50115899.290032655
6,7,10,1000,Non-elitist,41268516.53250512
6,7,11,1000,Non-elitist,39708047.660950206
6,7,12,1000,Non-elitist,47615213.23426322
6,7,13,1000,Non-elitist,39425242.16443998
6,7,14,1000,Non-elitist,50577612.77541557
6,7,15,1000,Non-elitist,48175851.695418574
6,7,16,1000,Non-elitist,41080238.72784884
6,7,17,1000,Non-elitist,30501775.61503332
6,7,18,1000,Non-elitist,54984179.650274575
6,7,19,1000,Non-elitist,56198356.79454221
7,1,0,1000,Non-elitist,371094.141783318
7,1,1,1000,Non-elitist,434020.3069608325
7,1,2,1000,Non-elitist,320859.8228655625
7,1,3,1000,Non-elitist,336883.8882546356
7,1,4,1000,Non-elitist,373573.1422710257
7,1,5,1000,Non-elitist,360019.46068265825
7,1,6,1000,Non-elitist,374091.03617010434
7,1,7,1000,Non-elitist,384320.7291802591
7,1,8,1000,Non-elitist,382436.3769508887
7,1,9,1000,Non-elitist,371850.445494907
7,1,10,1000,Non-elitist,384670.20248607633
7,1,11,1000,Non-elitist,342323.4036516751
7,1,12,1000,Non-elitist,342433.0412158424
7,1,13,1000,Non-elitist,375690.2845557782
7,1,14,1000,Non-elitist,315713.11240792205
7,1,15,1000,Non-elitist,352315.81719995744
7,1,16,1000,Non-elitist,417243.7905238926
7,1,17,1000,Non-elitist,346447.7987748062
7,1,18,1000,Non-elitist,352119.944104032
7,1,19,1000,Non-elitist,401094.7604301306
7,2,0,1000,Non-elitist,385720.06089926977
7,2,1,1000,Non-elitist,462433.8115125904
7,2,2,1000,Non-elitist,328383.11080462486
7,2,3,1000,Non-elitist,322036.7445351797
7,2,4,1000,Non-elitist,371407.36373804393
7,2,5,1000,Non-elitist,343940.0361196183
7,2,6,1000,Non-elitist,340563.5416565235
7,2,7,1000,Non-elitist,393412.7069227676
7,2,8,1000,Non-elitist,394374.7614487465
7,2,9,1000,Non-elitist,383979.1653070487
7,2,10,1000,Non-elitist,392508.609223152
7,2,11,1000,Non-elitist,433585.27673638216
7,2,12,1000,Non-elitist,395104.3893607768
7,2,13,1000,Non-elitist,343234.0885046977
7,2,14,1000,Non-elitist,399061.4111376141
7,2,15,1000,Non-elitist,350041.58998407255
7,2,16,1000,Non-elitist,330484.2475341404
7,2,17,1000,Non-elitist,480737.3859731887
7,2,18,1000,Non-elitist,363349.0823214389
7,2,19,1000,Non-elitist,373898.10452737
7,3,0,1000,Non-elitist,331965.17145526566
7,3,1,1000,Non-elitist,339039.79766475584
7,3,2,1000,Non-elitist,406235.00908497686
7,3,3,1000,Non-elitist,342352.3386656328
7,3,4,1000,Non-elitist,324716.3598921008
7,3,5,1000,Non-elitist,377935.9344053479
7,3,6,1000,Non-elitist,333295.21955664444
7,3,7,1000,Non-elitist,306560.2767087051
7,3,8,1000,Non-elitist,293207.7801950562
7,3,9,1000,Non-elitist,332698.2326776006
7,3,10,1000,Non-elitist,321096.21828461473
7,3,11,1000,Non-elitist,381816.57308147184
7,3,12,1000,Non-elitist,283696.5704152509
7,3,13,1000,Non-elitist,317812.4035661615
7,3,14,1000,Non-elitist,415825.7077709848
7,3,15,1000,Non-elitist,345602.29552387306
7,3,16,1000,Non-elitist,391475.0417219981
7,3,17,1000,Non-elitist,385175.196568444
7,3,18,1000,Non-elitist,289859.6112244312
7,3,19,1000,Non-elitist,333307.3352794625
7,4,0,1000,Non-elitist,375618.1408608908
7,4,1,1000,Non-elitist,318418.45066237863
7,4,2,1000,Non-elitist,314891.4635826484
7,4,3,1000,Non-elitist,355207.8835737001
7,4,4,1000,Non-elitist,380436.692881891
7,4,5,1000,Non-elitist,377168.27013322304
7,4,6,1000,Non-elitist,285077.11473638745
7,4,7,1000,Non-elitist,330263.9866101693
7,4,8,1000,Non-elitist,319751.26809588226
7,4,9,1000,Non-elitist,401775.6359151656
7,4,10,1000,Non-elitist,391337.27361796045
7,4,11,1000,Non-elitist,325011.6771196737
7,4,12,1000,Non-elitist,330867.8631789892
7,4,13,1000,Non-elitist,349221.5083121816
7,4,14,1000,Non-elitist,403639.5974879579
7,4,15,1000,Non-elitist,285753.6356502286
7,4,16,1000,Non-elitist,394068.5408300195
7,4,17,1000,Non-elitist,332560.42297095776
7,4,18,1000,Non-elitist,389281.1259064225
7,4,19,1000,Non-elitist,330546.66439606296
7,5,0,1000,Non-elitist,405442.6240811757
7,5,1,1000,Non-elitist,369191.85441369866
7,5,2,1000,Non-elitist,377401.0189683742
7,5,3,1000,Non-elitist,366815.0674255996
7,5,4,1000,Non-elitist,330178.3219665508
7,5,5,1000,Non-elitist,384213.49945105147
7,5,6,1000,Non-elitist,335667.74996326654
7,5,7,1000,Non-elitist,384410.9742837506
7,5,8,1000,Non-elitist,387364.3026926386
7,5,9,1000,Non-elitist,353621.73559588124
7,5,10,1000,Non-elitist,326227.2564363716
7,5,11,1000,Non-elitist,363758.0416597839
7,5,12,1000,Non-elitist,335862.52875317534
7,5,13,1000,Non-elitist,313519.1164933054
7,5,14,1000,Non-elitist,402908.0026983943
7,5,15,1000,Non-elitist,371402.5892674004
7,5,16,1000,Non-elitist,318515.6291211193
7,5,17,1000,Non-elitist,393617.68118280114
7,5,18,1000,Non-elitist,354373.7771305694
7,5,19,1000,Non-elitist,375436.40658104885
7,6,0,1000,Non-elitist,358603.45249315875
7,6,1,1000,Non-elitist,324272.998769911
7,6,2,1000,Non-elitist,439334.6772010252
7,6,3,1000,Non-elitist,376102.4551163158
7,6,4,1000,Non-elitist,357412.43935389054
7,6,5,1000,Non-elitist,308835.8395093348
7,6,6,1000,Non-elitist,437000.5577561433
7,6,7,1000,Non-elitist,394327.8447588896
7,6,8,1000,Non-elitist,340212.1277287561
7,6,9,1000,Non-elitist,350343.88211471704
7,6,10,1000,Non-elitist,397590.7029261006
7,6,11,1000,Non-elitist,285053.06723697024
7,6,12,1000,Non-elitist,350605.87570096913
7,6,13,1000,Non-elitist,357663.32753947866
7,6,14,1000,Non-elitist,363224.9855718795
7,6,15,1000,Non-elitist,401062.1427400975
7,6,16,1000,Non-elitist,380484.87059459934
7,6,17,1000,Non-elitist,341604.0828953016
7,6,18,1000,Non-elitist,383344.8994443717
7,6,19,1000,Non-elitist,390281.7278887752
7,7,0,1000,Non-elitist,376626.9693444418
7,7,1,1000,Non-elitist,397577.2492076812
7,7,2,1000,Non-elitist,442876.5995887556
7,7,3,1000,Non-elitist,434285.5126515822
7,7,4,1000,Non-elitist,399296.2209182867
7,7,5,1000,Non-elitist,422634.1899066132
7,7,6,1000,Non-elitist,384472.45637333393
7,7,7,1000,Non-elitist,406630.2748863751
7,7,8,1000,Non-elitist,396447.28855758486
7,7,9,1000,Non-elitist,367768.9486049348
7,7,10,1000,Non-elitist,373717.1630934816
7,7,11,1000,Non-elitist,456812.4271498014
7,7,12,1000,Non-elitist,389624.3633562469
7,7,13,1000,Non-elitist,385901.8526446701
7,7,14,1000,Non-elitist,320490.07115466107
7,7,15,1000,Non-elitist,362136.6988602306
7,7,16,1000,Non-elitist,333907.98306885164
7,7,17,1000,Non-elitist,457801.3151218797
7,7,18,1000,Non-elitist,420672.9032466541
7,7,19,1000,Non-elitist,353284.6515222556
8,1,0,1000,Non-elitist,27870029.153149307
8,1,1,1000,Non-elitist,37878948.26520097
8,1,2,1000,Non-elitist,43502050.12680071
8,1,3,1000,Non-elitist,38240335.22173477
8,1,4,1000,Non-elitist,34877424.692666985
8,1,5,1000,Non-elitist,34026049.83274432
8,1,6,1000,Non-elitist,38413550.83234483
8,1,7,1000,Non-elitist,42192259.28477421
8,1,8,1000,Non-elitist,39105834.95293992
8,1,9,1000,Non-elitist,34394120.2269248
8,1,10,1000,Non-elitist,32237160.81308999
8,1,11,1000,Non-elitist,32806243.092769302
8,1,12,1000,Non-elitist,32298145.371712867
8,1,13,1000,Non-elitist,29978055.289871875
8,1,14,1000,Non-elitist,26501490.685619146
8,1,15,1000,Non-elitist,28565166.83240449
8,1,16,1000,Non-elitist,35803603.332042985
8,1,17,1000,Non-elitist,36596765.610813566
8,1,18,1000,Non-elitist,36471599.16061575
8,1,19,1000,Non-elitist,34889328.8128099
8,2,0,1000,Non-elitist,25478224.43314773
8,2,1,1000,Non-elitist,28695081.540757637
8,2,2,1000,Non-elitist,36382949.18607297
8,2,3,1000,Non-elitist,33547675.53473877
8,2,4,1000,Non-elitist,34708033.36530469
8,2,5,1000,Non-elitist,31723815.85250636
8,2,6,1000,Non-elitist,27984972.9728448
8,2,7,1000,Non-elitist,24084340.89031386
8,2,8,1000,Non-elitist,32112005.15869646
8,2,9,1000,Non-elitist,38902884.72695017
8,2,10,1000,Non-elitist,30632718.65182295
8,2,11,1000,Non-elitist,33582476.74622065
8,2,12,1000,Non-elitist,25278963.546343066
8,2,13,1000,Non-elitist,28783949.445895195
8,2,14,1000,Non-elitist,28605877.84718447
8,2,15,1000,Non-elitist,29798682.23714254
8,2,16,1000,Non-elitist,28796194.345588345
8,2,17,1000,Non-elitist,36654063.1735317
8,2,18,1000,Non-elitist,32376579.65158763
8,2,19,1000,Non-elitist,29627793.82860125
8,3,0,1000,Non-elitist,29002428.68334735
8,3,1,1000,Non-elitist,38666032.55349337
8,3,2,1000,Non-elitist,43867706.39110892
8,3,3,1000,Non-elitist,32284240.43344524
8,3,4,1000,Non-elitist,35277290.32211979
8,3,5,1000,Non-elitist,28083112.83288157
8,3,6,1000,Non-elitist,35680700.73983057
8,3,7,1000,Non-elitist,29075703.37347184
8,3,8,1000,Non-elitist,39175132.02884836
8,3,9,1000,Non-elitist,37682615.305549614
8,3,10,1000,Non-elitist,38038780.33994208
8,3,11,1000,Non-elitist,40236118.73754872
8,3,12,1000,Non-elitist,45816761.710960224
8,3,13,1000,Non-elitist,31345322.08200437
8,3,14,1000,Non-elitist,31969217.922687955
8,3,15,1000,Non-elitist,36980724.08248674
8,3,16,1000,Non-elitist,38386230.97005823
8,3,17,1000,Non-elitist,37301482.02660134
8,3,18,1000,Non-elitist,44185448.87245812
8,3,19,1000,Non-elitist,34462016.81837016
8,4,0,1000,Non-elitist,28405495.239219323
8,4,1,1000,Non-elitist,33903797.25682214
8,4,2,1000,Non-elitist,29573758.779776804
8,4,3,1000,Non-elitist,27186663.504798155
8,4,4,1000,Non-elitist,30345925.91482438
8,4,5,1000,Non-elitist,27495447.937972277
8,4,6,1000,Non-elitist,34712604.185349114
8,4,7,1000,Non-elitist,32094410.11559794
8,4,8,1000,Non-elitist,35855381.25910995
8,4,9,1000,Non-elitist,33723970.54002136
8,4,10,1000,Non-elitist,41716151.151247725
8,4,11,1000,Non-elitist,31365699.01865001
8,4,12,1000,Non-elitist,35449697.42681263
8,4,13,1000,Non-elitist,31352354.10125601
8,4,14,1000,Non-elitist,47293031.00296155
8,4,15,1000,Non-elitist,35463445.20085779
8,4,16,1000,Non-elitist,47146644.584315255
8,4,17,1000,Non-elitist,35198282.900988095
8,4,18,1000,Non-elitist,27984878.00480455
8,4,19,1000,Non-elitist,35966641.9399246
8,5,0,1000,Non-elitist,38981652.16382466
8,5,1,1000,Non-elitist,23806790.024844352
8,5,2,1000,Non-elitist,26515862.910037957
8,5,3,1000,Non-elitist,21117965.267218508
8,5,4,1000,Non-elitist,33863777.17862083
8,5,5,1000,Non-elitist,32285884.609066863
8,5,6,1000,Non-elitist,29098435.283705723
8,5,7,1000,Non-elitist,27181917.87787204
8,5,8,1000,Non-elitist,35649184.63097893
8,5,9,1000,Non-elitist,28709518.024873227
8,5,10,1000,Non-elitist,36017674.42717068
8,5,11,1000,Non-elitist,23883412.22361893
8,5,12,1000,Non-elitist,25633282.192462623
8,5,13,1000,Non-elitist,23935894.428756244
8,5,14,1000,Non-elitist,27020474.117238905
8,5,15,1000,Non-elitist,30440838.37261741
8,5,16,1000,Non-elitist,22708073.9044651
8,5,17,1000,Non-elitist,21193052.59171751
8,5,18,1000,Non-elitist,23664606.30584501
8,5,19,1000,Non-elitist,25628337.89849741
8,6,0,1000,Non-elitist,46244803.61114443
8,6,1,1000,Non-elitist,35133004.98265915
8,6,2,1000,Non-elitist,29356086.079668228
8,6,3,1000,Non-elitist,31810654.0656192
8,6,4,1000,Non-elitist,35441495.13275112
8,6,5,1000,Non-elitist,33284988.817009844
8,6,6,1000,Non-elitist,34753625.78486267
8,6,7,1000,Non-elitist,33789174.857319616
8,6,8,1000,Non-elitist,39094758.89624433
8,6,9,1000,Non-elitist,29315529.55663547
8,6,10,1000,Non-elitist,31592828.32481321
8,6,11,1000,Non-elitist,31971654.76987312
8,6,12,1000,Non-elitist,37745272.46800731
8,6,13,1000,Non-elitist,34154943.445739016
8,6,14,1000,Non-elitist,29675887.77985121
8,6,15,1000,Non-elitist,35302875.3617639
8,6,16,1000,Non-elitist,22888988.27704133
8,6,17,1000,Non-elitist,36494961.651280604
8,6,18,1000,Non-elitist,30390966.95216842
8,6,19,1000,Non-elitist,19708863.26524856
8,7,0,1000,Non-elitist,30043246.542993058
8,7,1,1000,Non-elitist,27045642.579642285
8,7,2,1000,Non-elitist,21057017.06363693
8,7,3,1000,Non-elitist,41904007.90407823
8,7,4,1000,Non-elitist,30732904.35823036
8,7,5,1000,Non-elitist,31722020.998221
8,7,6,1000,Non-elitist,24108267.77195976
8,7,7,1000,Non-elitist,23454535.09726275
8,7,8,1000,Non-elitist,31610284.479828365
8,7,9,1000,Non-elitist,34506105.108050965
8,7,10,1000,Non-elitist,28176831.923822157
8,7,11,1000,Non-elitist,32599784.55338837
8,7,12,1000,Non-elitist,27429047.99579993
8,7,13,1000,Non-elitist,23183597.70448324
8,7,14,1000,Non-elitist,24429550.225433435
8,7,15,1000,Non-elitist,25531279.114223137
8,7,16,1000,Non-elitist,29170782.18976414
8,7,17,1000,Non-elitist,28717508.098415125
8,7,18,1000,Non-elitist,29671756.82050381
8,7,19,1000,Non-elitist,27559116.479237985
9,1,0,1000,Non-elitist,13507075.352752175
9,1,1,1000,Non-elitist,8931853.355964463
9,1,2,1000,Non-elitist,13714233.731253034
9,1,3,1000,Non-elitist,11793293.920369912
9,1,4,1000,Non-elitist,12375421.474845646
9,1,5,1000,Non-elitist,8991404.370969988
9,1,6,1000,Non-elitist,13353305.40501391
9,1,7,1000,Non-elitist,14560404.36667726
9,1,8,1000,Non-elitist,14320973.493365604
9,1,9,1000,Non-elitist,12491100.432708014
9,1,10,1000,Non-elitist,18558849.186433733
9,1,11,1000,Non-elitist,13779990.840268211
9,1,12,1000,Non-elitist,13845986.9270415
9,1,13,1000,Non-elitist,14918452.11256866
9,1,14,1000,Non-elitist,13439644.249694755
9,1,15,1000,Non-elitist,11640631.285912031
9,1,16,1000,Non-elitist,11938093.964106897
9,1,17,1000,Non-elitist,12757346.68158119
9,1,18,1000,Non-elitist,12869877.736898951
9,1,19,1000,Non-elitist,11184074.753457507
9,2,0,1000,Non-elitist,14696302.677810568
9,2,1,1000,Non-elitist,15864077.80430952
9,2,2,1000,Non-elitist,10708890.818895211
9,2,3,1000,Non-elitist,12699123.976578375
9,2,4,1000,Non-elitist,12804666.073891308
9,2,5,1000,Non-elitist,12711062.47890184
9,2,6,1000,Non-elitist,10835875.513343789
9,2,7,1000,Non-elitist,11670495.762838775
9,2,8,1000,Non-elitist,16142971.188546527
9,2,9,1000,Non-elitist,20065918.95307092
9,2,10,1000,Non-elitist,15428428.341202406
9,2,11,1000,Non-elitist,14827461.864079485
9,2,12,1000,Non-elitist,12626505.85741773
9,2,13,1000,Non-elitist,10613592.511655118
9,2,14,1000,Non-elitist,15654446.354536183
9,2,15,1000,Non-elitist,13025256.087174548
9,2,16,1000,Non-elitist,11168039.664553106
9,2,17,1000,Non-elitist,17905605.70622504
9,2,18,1000,Non-elitist,15797101.422160244
9,2,19,1000,Non-elitist,14220901.556832146
9,3,0,1000,Non-elitist,11474500.998228071
9,3,1,1000,Non-elitist,12799477.697231064
9,3,2,1000,Non-elitist,14046494.799412817
9,3,3,1000,Non-elitist,11156549.490494788
9,3,4,1000,Non-elitist,9837653.092032963
9,3,5,1000,Non-elitist,10478800.569545416
9,3,6,1000,Non-elitist,10762983.554518623
9,3,7,1000,Non-elitist,9815447.50154302
9,3,8,1000,Non-elitist,12949422.277690869
9,3,9,1000,Non-elitist,14132310.004398456
9,3,10,1000,Non-elitist,12352743.139075968
9,3,11,1000,Non-elitist,14777085.622396462
9,3,12,1000,Non-elitist,16497992.692236312
9,3,13,1000,Non-elitist,11918996.032556595
9,3,14,1000,Non-elitist,15966768.002526589
9,3,15,1000,Non-elitist,15776479.235695053
9,3,16,1000,Non-elitist,8970799.023516372
9,3,17,1000,Non-elitist,14633698.539183997
9,3,18,1000,Non-elitist,13136705.982943265
9,3,19,1000,Non-elitist,13470045.30178908
9,4,0,1000,Non-elitist,13072471.075149164
9,4,1,1000,Non-elitist,10373821.665906308
9,4,2,1000,Non-elitist,19029613.49709169
9,4,3,1000,Non-elitist,11635170.305431215
9,4,4,1000,Non-elitist,9880134.124053778
9,4,5,1000,Non-elitist,11561897.696477585
9,4,6,1000,Non-elitist,11614473.591678465
9,4,7,1000,Non-elitist,11349130.261964949
9,4,8,1000,Non-elitist,15941164.469848812
9,4,9,1000,Non-elitist,13378664.657366358
9,4,10,1000,Non-elitist,15544832.85311328
9,4,11,1000,Non-elitist,17465500.673901137
9,4,12,1000,Non-elitist,15258517.936643504
9,4,13,1000,Non-elitist,13927181.952225884
9,4,14,1000,Non-elitist,14639280.974514555
9,4,15,1000,Non-elitist,17881904.687913243
9,4,16,1000,Non-elitist,15659838.083195884
9,4,17,1000,Non-elitist,18876038.55920633
9,4,18,1000,Non-elitist,14243605.885315623
9,4,19,1000,Non-elitist,13196397.05205178
9,5,0,1000,Non-elitist,13561317.549371649
9,5,1,1000,Non-elitist,12356037.022661146
9,5,2,1000,Non-elitist,12674279.603091192
9,5,3,1000,Non-elitist,12691072.091969674
9,5,4,1000,Non-elitist,11783946.436947854
9,5,5,1000,Non-elitist,9565241.278288644
9,5,6,1000,Non-elitist,9810017.71030312
9,5,7,1000,Non-elitist,13985079.600989526
9,5,8,1000,Non-elitist,18079755.3482629
9,5,9,1000,Non-elitist,10768924.504770234
9,5,10,1000,Non-elitist,16306396.855943017
9,5,11,1000,Non-elitist,16268713.404427784
9,5,12,1000,Non-elitist,17511662.882672932
9,5,13,1000,Non-elitist,14527198.127677148
9,5,14,1000,Non-elitist,20469904.978840392
9,5,15,1000,Non-elitist,13949406.405439612
9,5,16,1000,Non-elitist,13200112.690735048
9,5,17,1000,Non-elitist,16143435.333176034
9,5,18,1000,Non-elitist,11455194.14119824
9,5,19,1000,Non-elitist,12979792.340750204
9,6,0,1000,Non-elitist,12924233.861791871
9,6,1,1000,Non-elitist,8364252.681637661
9,6,2,1000,Non-elitist,14610825.81631011
9,6,3,1000,Non-elitist,18211297.78649201
9,6,4,1000,Non-elitist,11746678.766575718
9,6,5,1000,Non-elitist,19992071.24870748
9,6,6,1000,Non-elitist,11376388.80674316
9,6,7,1000,Non-elitist,14399630.620591162
9,6,8,1000,Non-elitist,17390106.0700453
9,6,9,1000,Non-elitist,16357118.978835795
9,6,10,1000,Non-elitist,16962966.90419983
9,6,11,1000,Non-elitist,15913718.5386997
9,6,12,1000,Non-elitist,10852034.999709448
9,6,13,1000,Non-elitist,12475385.173779411
9,6,14,1000,Non-elitist,15261675.954237511
9,6,15,1000,Non-elitist,13307003.786785668
9,6,16,1000,Non-elitist,11868660.220574671
9,6,17,1000,Non-elitist,11588241.236999547
9,6,18,1000,Non-elitist,13421706.761952752
9,6,19,1000,Non-elitist,11475791.123199193
9,7,0,1000,Non-elitist,11939223.794421816
9,7,1,1000,Non-elitist,8025808.848237545
9,7,2,1000,Non-elitist,17422199.351822842
9,7,3,1000,Non-elitist,13228116.639417686
9,7,4,1000,Non-elitist,11428996.062655903
9,7,5,1000,Non-elitist,12404549.192637404
9,7,6,1000,Non-elitist,12485220.229990406
9,7,7,1000,Non-elitist,9798548.10730746
9,7,8,1000,Non-elitist,16461356.37012662
9,7,9,1000,Non-elitist,10734546.277464349
9,7,10,1000,Non-elitist,14529383.865416557
9,7,11,1000,Non-elitist,15335813.736717232
9,7,12,1000,Non-elitist,15541506.406783495
9,7,13,1000,Non-elitist,9880498.807166014
9,7,14,1000,Non-elitist,18041408.04446908
9,7,15,1000,Non-elitist,13005681.502048532
9,7,16,1000,Non-elitist,10523614.508382406
9,7,17,1000,Non-elitist,15388612.816062966
9,7,18,1000,Non-elitist,11282299.385033991
9,7,19,1000,Non-elitist,11245544.54291244
10,1,0,1000,Non-elitist,1822603224.0026305
10,1,1,1000,Non-elitist,2245312392.0500693
10,1,2,1000,Non-elitist,1783764561.311371
10,1,3,1000,Non-elitist,1800517902.454601
10,1,4,1000,Non-elitist,1528775750.3872862
10,1,5,1000,Non-elitist,1625199649.790916
10,1,6,1000,Non-elitist,1735031142.2093291
10,1,7,1000,Non-elitist,2661540494.240342
10,1,8,1000,Non-elitist,1898582796.3195856
10,1,9,1000,Non-elitist,2186831662.2890816
10,1,10,1000,Non-elitist,2416927141.298215
10,1,11,1000,Non-elitist,2035776310.6153984
10,1,12,1000,Non-elitist,2073668421.052101
10,1,13,1000,Non-elitist,1776795797.3692975
10,1,14,1000,Non-elitist,1598372679.008378
10,1,15,1000,Non-elitist,2003491249.7068725
10,1,16,1000,Non-elitist,1796776886.9724443
10,1,17,1000,Non-elitist,1885002756.071896
10,1,18,1000,Non-elitist,1899873280.804203
10,1,19,1000,Non-elitist,1459373969.642962
10,2,0,1000,Non-elitist,2029103550.218638
10,2,1,1000,Non-elitist,3045239625.170326
10,2,2,1000,Non-elitist,2209908044.6416907
10,2,3,1000,Non-elitist,1796066547.212247
10,2,4,1000,Non-elitist,2006086580.950497
10,2,5,1000,Non-elitist,1959126093.5639515
10,2,6,1000,Non-elitist,2190825587.7336097
10,2,7,1000,Non-elitist,1429848414.4003754
10,2,8,1000,Non-elitist,2411509453.561972
10,2,9,1000,Non-elitist,2214649354.166862
10,2,10,1000,Non-elitist,2214944621.352525
10,2,11,1000,Non-elitist,1847149715.7531047
10,2,12,1000,Non-elitist,1884924369.692002
10,2,13,1000,Non-elitist,1822914568.274516
10,2,14,1000,Non-elitist,2091281455.7502024
10,2,15,1000,Non-elitist,2651618601.252586
10,2,16,1000,Non-elitist,2155948779.06483
10,2,17,1000,Non-elitist,2186518957.2327414
10,2,18,1000,Non-elitist,2000008555.6796372
10,2,19,1000,Non-elitist,2523805085.025119
10,3,0,1000,Non-elitist,2038637199.830557
10,3,1,1000,Non-elitist,1774623176.221815
10,3,2,1000,Non-elitist,1579905683.597617
10,3,3,1000,Non-elitist,1840475712.192012
10,3,4,1000,Non-elitist,1772565388.9086094
10,3,5,1000,Non-elitist,1878748950.5709257
10,3,6,1000,Non-elitist,1804257524.4060736
10,3,7,1000,Non-elitist,2310418741.500843
10,3,8,1000,Non-elitist,1779928079.6237392
10,3,9,1000,Non-elitist,1694765350.76029
10,3,10,1000,Non-elitist,1932875675.3647268
10,3,11,1000,Non-elitist,1511650306.018289
10,3,12,1000,Non-elitist,2398204461.6720324
10,3,13,1000,Non-elitist,2230349562.439853
10,3,14,1000,Non-elitist,2089480857.2294528
10,3,15,1000,Non-elitist,1777332416.5994542
10,3,16,1000,Non-elitist,1970649338.4965367
10,3,17,1000,Non-elitist,2286248941.074248
10,3,18,1000,Non-elitist,1472949820.299686
10,3,19,1000,Non-elitist,2315520201.074611
10,4,0,1000,Non-elitist,1485812483.5120194
10,4,1,1000,Non-elitist,1733450539.7373424
10,4,2,1000,Non-elitist,1583736240.036378
10,4,3,1000,Non-elitist,1625687890.2689986
10,4,4,1000,Non-elitist,1618202427.7348208
10,4,5,1000,Non-elitist,1790853980.9111695
10,4,6,1000,Non-elitist,1773367185.1059847
10,4,7,1000,Non-elitist,1959673824.06347
10,4,8,1000,Non-elitist,1831641292.6786697
10,4,9,1000,Non-elitist,1798181902.2214408
10,4,10,1000,Non-elitist,1402854826.9852705
10,4,11,1000,Non-elitist,2155519142.187724
10,4,12,1000,Non-elitist,1550702310.5028071
10,4,13,1000,Non-elitist,1946123023.1894343
10,4,14,1000,Non-elitist,1708214506.113273
10,4,15,1000,Non-elitist,2150208909.942641
10,4,16,1000,Non-elitist,1898121308.9635043
10,4,17,1000,Non-elitist,1377599147.01651
10,4,18,1000,Non-elitist,1617499250.649426
10,4,19,1000,Non-elitist,1709614234.4498286
10,5,0,1000,Non-elitist,1762656641.061509
10,5,1,1000,Non-elitist,1663570607.8642216
10,5,2,1000,Non-elitist,1704167390.488986
10,5,3,1000,Non-elitist,2064322442.559508
10,5,4,1000,Non-elitist,1571886777.399097
10,5,5,1000,Non-elitist,1807367344.1684885
10,5,6,1000,Non-elitist,2180126662.844756
10,5,7,1000,Non-elitist,1813075838.2062075
10,5,8,1000,Non-elitist,2174003155.7682285
10,5,9,1000,Non-elitist,1734974256.440317
10,5,10,1000,Non-elitist,2200310655.076573
10,5,11,1000,Non-elitist,1953747321.8634503
10,5,12,1000,Non-elitist,1316719515.5759575
10,5,13,1000,Non-elitist,1767960738.8451247
10,5,14,1000,Non-elitist,2174588640.370588
10,5,15,1000,Non-elitist,1789004903.806244
10,5,16,1000,Non-elitist,1575677637.0038338
10,5,17,1000,Non-elitist,1401021062.6532247
10,5,18,1000,Non-elitist,2064470352.9561908
10,5,19,1000,Non-elitist,1561436071.564144
10,6,0,1000,Non-elitist,2482285130.248161
10,6,1,1000,Non-elitist,1900015727.762244
10,6,2,1000,Non-elitist,1902363926.132501
10,6,3,1000,Non-elitist,1611161150.848172
10,6,4,1000,Non-elitist,2505578490.2601414
10,6,5,1000,Non-elitist,2727445802.032257
10,6,6,1000,Non-elitist,2343680699.832846
10,6,7,1000,Non-elitist,2289478718.426762
10,6,8,1000,Non-elitist,2403437382.747386
10,6,9,1000,Non-elitist,2030117316.1536772
10,6,10,1000,Non-elitist,1971484253.0359051
10,6,11,1000,Non-elitist,2261520414.0532894
10,6,12,1000,Non-elitist,2085203665.9153268
10,6,13,1000,Non-elitist,2358776086.8196564
10,6,14,1000,Non-elitist,2599413153.619673
10,6,15,1000,Non-elitist,2076927598.866912
10,6,16,1000,Non-elitist,2120870345.0059228
10,6,17,1000,Non-elitist,2111650754.9012864
10,6,18,1000,Non-elitist,2758042489.338295
10,6,19,1000,Non-elitist,2947491918.1715302
10,7,0,1000,Non-elitist,1550220578.570487
10,7,1,1000,Non-elitist,1958319080.992794
10,7,2,1000,Non-elitist,1714216540.236022
10,7,3,1000,Non-elitist,2122774843.3993344
10,7,4,1000,Non-elitist,1761289225.528165
10,7,5,1000,Non-elitist,2039814273.3481057
10,7,6,1000,Non-elitist,1791312263.011346
10,7,7,1000,Non-elitist,2105061048.1313171
10,7,8,1000,Non-elitist,2091243163.671804
10,7,9,1000,Non-elitist,1770913698.913321
10,7,10,1000,Non-elitist,1829028871.654974
10,7,11,1000,Non-elitist,1347665379.641351
10,7,12,1000,Non-elitist,1664317562.6454923
10,7,13,1000,Non-elitist,2205178795.503488
10,7,14,1000,Non-elitist,1942897152.4898045
10,7,15,1000,Non-elitist,1907372959.197048
10,7,16,1000,Non-elitist,2099017840.099947
10,7,17,1000,Non-elitist,1557660921.4577415
10,7,18,1000,Non-elitist,1639825180.2897944
10,7,19,1000,Non-elitist,2297239112.607381
11,1,0,1000,Non-elitist,15906066.200086206
11,1,1,1000,Non-elitist,1821217.734208153
11,1,2,1000,Non-elitist,1220307.9263032652
11,1,3,1000,Non-elitist,414164.7363395651
11,1,4,1000,Non-elitist,1247194.744434835
11,1,5,1000,Non-elitist,7285047.09565991
11,1,6,1000,Non-elitist,19861700.46433253
11,1,7,1000,Non-elitist,11969536.78836226
11,1,8,1000,Non-elitist,14632023.977635372
11,1,9,1000,Non-elitist,2379546.2532347785
11,1,10,1000,Non-elitist,2230166.9050098364
11,1,11,1000,Non-elitist,7602679.436886207
11,1,12,1000,Non-elitist,16845287.729402766
11,1,13,1000,Non-elitist,21771311.1813972
11,1,14,1000,Non-elitist,7535809.445145799
11,1,15,1000,Non-elitist,1361671.8549436163
11,1,16,1000,Non-elitist,23109288.296110347
11,1,17,1000,Non-elitist,5409469.285219546
11,1,18,1000,Non-elitist,3903011.064956691
11,1,19,1000,Non-elitist,580317.2643435673
11,2,0,1000,Non-elitist,50057058.39434542
11,2,1,1000,Non-elitist,14540087.910940783
11,2,2,1000,Non-elitist,78716970.64694549
11,2,3,1000,Non-elitist,19954657.47092874
11,2,4,1000,Non-elitist,30077918.08456886
11,2,5,1000,Non-elitist,49287902.25022863
11,2,6,1000,Non-elitist,12445170.299386837
11,2,7,1000,Non-elitist,30058681.49242569
11,2,8,1000,Non-elitist,1675224.779251545
11,2,9,1000,Non-elitist,5934692.85944749
11,2,10,1000,Non-elitist,53139850.36427909
11,2,11,1000,Non-elitist,8655402.532403452
11,2,12,1000,Non-elitist,2423151.3987374194
11,2,13,1000,Non-elitist,31444230.5128881
11,2,14,1000,Non-elitist,788147.7781278499
11,2,15,1000,Non-elitist,8064306.826512837
11,2,16,1000,Non-elitist,4640912.832772326
11,2,17,1000,Non-elitist,19723312.049980715
11,2,18,1000,Non-elitist,8300923.440663719
11,2,19,1000,Non-elitist,14868952.226673905
11,3,0,1000,Non-elitist,8466563.372689303
11,3,1,1000,Non-elitist,828203.7467823956
11,3,2,1000,Non-elitist,18094306.24003928
11,3,3,1000,Non-elitist,2934290.4251986854
11,3,4,1000,Non-elitist,6102245.479382177
11,3,5,1000,Non-elitist,4703202.592202834
11,3,6,1000,Non-elitist,30569615.79221631
11,3,7,1000,Non-elitist,387936.0216996202
11,3,8,1000,Non-elitist,6452813.817286827
11,3,9,1000,Non-elitist,7227362.292520408
11,3,10,1000,Non-elitist,28391150.63381973
11,3,11,1000,Non-elitist,8372457.1843093615
11,3,12,1000,Non-elitist,943921.8196151108
11,3,13,1000,Non-elitist,9506167.594300654
11,3,14,1000,Non-elitist,2677540.7731318646
11,3,15,1000,Non-elitist,15851922.50739228
11,3,16,1000,Non-elitist,4626695.05789008
11,3,17,1000,Non-elitist,6066650.366438442
11,3,18,1000,Non-elitist,11310423.834089972
11,3,19,1000,Non-elitist,22379190.369007297
11,4,0,1000,Non-elitist,9725368.89906117
11,4,1,1000,Non-elitist,4040718.076657794
11,4,2,1000,Non-elitist,24342490.075548388
11,4,3,1000,Non-elitist,3571679.6035797545
11,4,4,1000,Non-elitist,15479950.66396202
11,4,5,1000,Non-elitist,37170512.53266013
11,4,6,1000,Non-elitist,8092659.225985567
11,4,7,1000,Non-elitist,11544723.864974868
11,4,8,1000,Non-elitist,403541.58863727766
11,4,9,1000,Non-elitist,5350781.532920252
11,4,10,1000,Non-elitist,22265604.35897984
11,4,11,1000,Non-elitist,4684497.841857555
11,4,12,1000,Non-elitist,7789655.28975767
11,4,13,1000,Non-elitist,45622344.23507079
11,4,14,1000,Non-elitist,1986055.5465200304
11,4,15,1000,Non-elitist,54292717.68386553
11,4,16,1000,Non-elitist,3071720.42729843
11,4,17,1000,Non-elitist,2681825.257813804
11,4,18,1000,Non-elitist,32704846.433183827
11,4,19,1000,Non-elitist,549614.6219690186
11,5,0,1000,Non-elitist,29999106.131831504
11,5,1,1000,Non-elitist,55170474.60103114
11,5,2,1000,Non-elitist,40972033.9502705
11,5,3,1000,Non-elitist,29323355.301185973
11,5,4,1000,Non-elitist,67236975.58502503
11,5,5,1000,Non-elitist,61703262.35470376
11,5,6,1000,Non-elitist,123759559.92400672
11,5,7,1000,Non-elitist,25584850.70830848
11,5,8,1000,Non-elitist,25825688.22473064
11,5,9,1000,Non-elitist,26892058.638671458
11,5,10,1000,Non-elitist,158378188.9929812
11,5,11,1000,Non-elitist,72632522.09769328
11,5,12,1000,Non-elitist,109554928.80933131
11,5,13,1000,Non-elitist,42551516.77413754
11,5,14,1000,Non-elitist,73783283.8740754
11,5,15,1000,Non-elitist,94878756.89214852
11,5,16,1000,Non-elitist,43026492.99115163
11,5,17,1000,Non-elitist,34677812.19925568
11,5,18,1000,Non-elitist,19152858.23777879
11,5,19,1000,Non-elitist,24358447.46017775
11,6,0,1000,Non-elitist,40358912.39628153
11,6,1,1000,Non-elitist,11056552.426284747
11,6,2,1000,Non-elitist,6423220.345014345
11,6,3,1000,Non-elitist,16677517.07924455
11,6,4,1000,Non-elitist,8488310.940446425
11,6,5,1000,Non-elitist,31976526.8238577
11,6,6,1000,Non-elitist,24788462.552440524
11,6,7,1000,Non-elitist,18988355.619867284
11,6,8,1000,Non-elitist,25326264.68939853
11,6,9,1000,Non-elitist,27159153.359263524
11,6,10,1000,Non-elitist,14302863.975110648
11,6,11,1000,Non-elitist,33780746.46113146
11,6,12,1000,Non-elitist,41111725.63926356
11,6,13,1000,Non-elitist,1082079.150793759
11,6,14,1000,Non-elitist,13539461.938473191
11,6,15,1000,Non-elitist,90240962.34517924
11,6,16,1000,Non-elitist,51438449.45810786
11,6,17,1000,Non-elitist,1447758.3909282107
11,6,18,1000,Non-elitist,25276621.84060028
11,6,19,1000,Non-elitist,25097254.009157307
11,7,0,1000,Non-elitist,7492542.682404907
11,7,1,1000,Non-elitist,8223610.515335944
11,7,2,1000,Non-elitist,400408.5287641472
11,7,3,1000,Non-elitist,7343990.456539295
11,7,4,1000,Non-elitist,6052216.440187717
11,7,5,1000,Non-elitist,27474315.188445684
11,7,6,1000,Non-elitist,3887331.8242459577
11,7,7,1000,Non-elitist,4634813.562779992
11,7,8,1000,Non-elitist,31378172.32595176
11,7,9,1000,Non-elitist,6258611.938655723
11,7,10,1000,Non-elitist,6424888.041875592
11,7,11,1000,Non-elitist,16179422.115903832
11,7,12,1000,Non-elitist,8484020.764434585
11,7,13,1000,Non-elitist,4446832.326303909
11,7,14,1000,Non-elitist,4896982.183446875
11,7,15,1000,Non-elitist,17054016.374466088
11,7,16,1000,Non-elitist,1587966.1842722842
11,7,17,1000,Non-elitist,13027162.087186748
11,7,18,1000,Non-elitist,46971528.31312732
11,7,19,1000,Non-elitist,27295633.142416596
12,1,0,1000,Non-elitist,57908077213.27153
12,1,1,1000,Non-elitist,63359711423.43444
12,1,2,1000,Non-elitist,59120275149.55351
12,1,3,1000,Non-elitist,54724021655.257706
12,1,4,1000,Non-elitist,66085546765.0551
12,1,5,1000,Non-elitist,65650571696.24416
12,1,6,1000,Non-elitist,72292515724.36488
12,1,7,1000,Non-elitist,58626227726.07881
12,1,8,1000,Non-elitist,58340786513.13053
12,1,9,1000,Non-elitist,57830089120.04783
12,1,10,1000,Non-elitist,67188118682.49717
12,1,11,1000,Non-elitist,70013508017.74834
12,1,12,1000,Non-elitist,71525776339.12416
12,1,13,1000,Non-elitist,56711487811.76328
12,1,14,1000,Non-elitist,65486328113.54277
12,1,15,1000,Non-elitist,60114374051.86588
12,1,16,1000,Non-elitist,66841963319.266754
12,1,17,1000,Non-elitist,60543645629.402245
12,1,18,1000,Non-elitist,45976670656.3543
12,1,19,1000,Non-elitist,60640028355.74021
12,2,0,1000,Non-elitist,87924351063.24481
12,2,1,1000,Non-elitist,72245010872.54984
12,2,2,1000,Non-elitist,83912078348.30142
12,2,3,1000,Non-elitist,104374117394.05702
12,2,4,1000,Non-elitist,55865867890.80158
12,2,5,1000,Non-elitist,80896887993.31396
12,2,6,1000,Non-elitist,55494233043.367874
12,2,7,1000,Non-elitist,62631026408.60331
12,2,8,1000,Non-elitist,102709964848.73505
12,2,9,1000,Non-elitist,106602519407.59154
12,2,10,1000,Non-elitist,80829486276.39995
12,2,11,1000,Non-elitist,89427774205.85571
12,2,12,1000,Non-elitist,78938586555.8836
12,2,13,1000,Non-elitist,80637395507.96956
12,2,14,1000,Non-elitist,77349371513.19643
12,2,15,1000,Non-elitist,82769648846.94754
12,2,16,1000,Non-elitist,67587802055.13482
12,2,17,1000,Non-elitist,67746106864.70261
12,2,18,1000,Non-elitist,82709149155.73917
12,2,19,1000,Non-elitist,69791299167.02739
12,3,0,1000,Non-elitist,62288004927.68118
12,3,1,1000,Non-elitist,77004420745.30133
12,3,2,1000,Non-elitist,68335440389.49546
12,3,3,1000,Non-elitist,58186760514.8857
12,3,4,1000,Non-elitist,54619091442.79972
12,3,5,1000,Non-elitist,100770599437.90338
12,3,6,1000,Non-elitist,88988060140.57579
12,3,7,1000,Non-elitist,84520628799.9339
12,3,8,1000,Non-elitist,76632348730.6726
12,3,9,1000,Non-elitist,65845457438.382095
12,3,10,1000,Non-elitist,60454598256.15776
12,3,11,1000,Non-elitist,59638989340.24412
12,3,12,1000,Non-elitist,67476174879.14536
12,3,13,1000,Non-elitist,54925248658.3144
12,3,14,1000,Non-elitist,73021123739.05727
12,3,15,1000,Non-elitist,74948350414.2095
12,3,16,1000,Non-elitist,56156473628.62468
12,3,17,1000,Non-elitist,61796569659.42964
12,3,18,1000,Non-elitist,58711892827.70096
12,3,19,1000,Non-elitist,72154380589.7796
12,4,0,1000,Non-elitist,64690051510.31362
12,4,1,1000,Non-elitist,61438488584.56316
12,4,2,1000,Non-elitist,72434956356.45018
12,4,3,1000,Non-elitist,53736732013.4066
12,4,4,1000,Non-elitist,68271271731.01152
12,4,5,1000,Non-elitist,51951070821.84309
12,4,6,1000,Non-elitist,65583561193.87573
12,4,7,1000,Non-elitist,62650806964.47874
12,4,8,1000,Non-elitist,61181544187.97476
12,4,9,1000,Non-elitist,67571021177.4003
12,4,10,1000,Non-elitist,87352691025.92436
12,4,11,1000,Non-elitist,62462451476.38823
12,4,12,1000,Non-elitist,60941978736.69306
12,4,13,1000,Non-elitist,54180821833.743
12,4,14,1000,Non-elitist,68617819748.60683
12,4,15,1000,Non-elitist,65116507769.55656
12,4,16,1000,Non-elitist,77719384638.40671
12,4,17,1000,Non-elitist,55734526865.78396
12,4,18,1000,Non-elitist,70102973703.9742
12,4,19,1000,Non-elitist,57562635518.38216
12,5,0,1000,Non-elitist,47922611654.259285
12,5,1,1000,Non-elitist,57500591036.57938
12,5,2,1000,Non-elitist,48915748726.187775
12,5,3,1000,Non-elitist,68596218476.63645
12,5,4,1000,Non-elitist,58137599959.97519
12,5,5,1000,Non-elitist,43299126790.98238
12,5,6,1000,Non-elitist,43377432600.00015
12,5,7,1000,Non-elitist,60268105499.541
12,5,8,1000,Non-elitist,56184567120.43446
12,5,9,1000,Non-elitist,63235295148.41863
12,5,10,1000,Non-elitist,54997487168.35439
12,5,11,1000,Non-elitist,73712408076.17815
12,5,12,1000,Non-elitist,58291839141.04208
12,5,13,1000,Non-elitist,79170275366.51363
12,5,14,1000,Non-elitist,51473708925.584114
12,5,15,1000,Non-elitist,54139103802.44161
12,5,16,1000,Non-elitist,52760673099.53563
12,5,17,1000,Non-elitist,61326604892.09949
12,5,18,1000,Non-elitist,75392733262.44376
12,5,19,1000,Non-elitist,75296100756.45757
12,6,0,1000,Non-elitist,76904063168.6148
12,6,1,1000,Non-elitist,77931664367.98055
12,6,2,1000,Non-elitist,97021546467.87685
12,6,3,1000,Non-elitist,73009630913.98288
12,6,4,1000,Non-elitist,62228967519.03384
12,6,5,1000,Non-elitist,85141265748.07431
12,6,6,1000,Non-elitist,74090048936.22408
12,6,7,1000,Non-elitist,65891224519.03837
12,6,8,1000,Non-elitist,91854376609.11896
12,6,9,1000,Non-elitist,74410288995.62079
12,6,10,1000,Non-elitist,85438138351.33994
12,6,11,1000,Non-elitist,78598392474.08629
12,6,12,1000,Non-elitist,93171330690.53018
12,6,13,1000,Non-elitist,73654701751.60286
12,6,14,1000,Non-elitist,92679956978.09972
12,6,15,1000,Non-elitist,87372340795.13377
12,6,16,1000,Non-elitist,63286492065.43064
12,6,17,1000,Non-elitist,77172102428.95497
12,6,18,1000,Non-elitist,78897170573.2492
12,6,19,1000,Non-elitist,68883283407.10446
12,7,0,1000,Non-elitist,63036047731.532906
12,7,1,1000,Non-elitist,55423737954.19288
12,7,2,1000,Non-elitist,63714583370.646
12,7,3,1000,Non-elitist,72903047200.48216
12,7,4,1000,Non-elitist,74433748867.97095
12,7,5,1000,Non-elitist,56340573049.50084
12,7,6,1000,Non-elitist,86208563608.50555
12,7,7,1000,Non-elitist,65077710393.35159
12,7,8,1000,Non-elitist,53301887025.607735
12,7,9,1000,Non-elitist,71021034691.61154
12,7,10,1000,Non-elitist,61923311144.73645
12,7,11,1000,Non-elitist,57762278884.376045
12,7,12,1000,Non-elitist,74348441138.55656
12,7,13,1000,Non-elitist,66193906960.10892
12,7,14,1000,Non-elitist,93582849430.19548
12,7,15,1000,Non-elitist,84264710243.22194
12,7,16,1000,Non-elitist,69021118980.15506
12,7,17,1000,Non-elitist,90343339558.92851
12,7,18,1000,Non-elitist,78282220130.94205
12,7,19,1000,Non-elitist,69840738786.30899
13,1,0,1000,Non-elitist,1214558.0390045668
13,1,1,1000,Non-elitist,1046856.553004425
13,1,2,1000,Non-elitist,1115830.499887139
13,1,3,1000,Non-elitist,1222720.7787758177
13,1,4,1000,Non-elitist,1013104.0043553152
13,1,5,1000,Non-elitist,1113679.6257167726
13,1,6,1000,Non-elitist,1075807.777314036
13,1,7,1000,Non-elitist,1049659.2392211338
13,1,8,1000,Non-elitist,1159779.4802130111
13,1,9,1000,Non-elitist,1198628.1287490055
13,1,10,1000,Non-elitist,1162841.8981399734
13,1,11,1000,Non-elitist,1102413.6445366708
13,1,12,1000,Non-elitist,1113500.537540938
13,1,13,1000,Non-elitist,1107463.565840662
13,1,14,1000,Non-elitist,1002118.9948439724
13,1,15,1000,Non-elitist,1166850.616328074
13,1,16,1000,Non-elitist,1116514.8973767546
13,1,17,1000,Non-elitist,1093435.0435971478
13,1,18,1000,Non-elitist,1259283.199623303
13,1,19,1000,Non-elitist,1095934.3176501573
13,2,0,1000,Non-elitist,1189056.225574017
13,2,1,1000,Non-elitist,1191034.8951432833
13,2,2,1000,Non-elitist,1203174.4005135507
13,2,3,1000,Non-elitist,1124563.7356707314
13,2,4,1000,Non-elitist,1123400.4892210923
13,2,5,1000,Non-elitist,1309795.80145683
13,2,6,1000,Non-elitist,1187242.4470342903
13,2,7,1000,Non-elitist,1256439.3845465565
13,2,8,1000,Non-elitist,1197035.679883402
13,2,9,1000,Non-elitist,1261516.6936461884
13,2,10,1000,Non-elitist,1158299.8272230392
13,2,11,1000,Non-elitist,1292280.099352741
13,2,12,1000,Non-elitist,1232127.3824352175
13,2,13,1000,Non-elitist,1172516.6006569508
13,2,14,1000,Non-elitist,1181971.150493436
13,2,15,1000,Non-elitist,1236745.6409423072
13,2,16,1000,Non-elitist,1261238.4989072434
13,2,17,1000,Non-elitist,1220050.480892931
13,2,18,1000,Non-elitist,1158497.1311083597
13,2,19,1000,Non-elitist,1175555.852510068
13,3,0,1000,Non-elitist,1174347.4749674783
13,3,1,1000,Non-elitist,1351923.031394351
13,3,2,1000,Non-elitist,1146171.0134211327
13,3,3,1000,Non-elitist,1236177.1724178167
13,3,4,1000,Non-elitist,1280133.1303219127
13,3,5,1000,Non-elitist,1142809.563847066
13,3,6,1000,Non-elitist,1236512.9495978325
13,3,7,1000,Non-elitist,1205723.7075037537
13,3,8,1000,Non-elitist,1148684.597447223
13,3,9,1000,Non-elitist,1234158.975830952
13,3,10,1000,Non-elitist,1202013.667804046
13,3,11,1000,Non-elitist,1204004.4529877284
13,3,12,1000,Non-elitist,1145323.4176017852
13,3,13,1000,Non-elitist,1247530.8384645218
13,3,14,1000,Non-elitist,1268106.9534685465
13,3,15,1000,Non-elitist,1182042.6914981832
13,3,16,1000,Non-elitist,1167042.0584361532
13,3,17,1000,Non-elitist,1436435.922798813
13,3,18,1000,Non-elitist,1174693.4691596327
13,3,19,1000,Non-elitist,1114125.485581702
13,4,0,1000,Non-elitist,1069952.6683772388
13,4,1,1000,Non-elitist,1145994.6259509178
13,4,2,1000,Non-elitist,1042161.9510895876
13,4,3,1000,Non-elitist,1241533.6983136742
13,4,4,1000,Non-elitist,1157559.0942977923
13,4,5,1000,Non-elitist,1156827.288698623
13,4,6,1000,Non-elitist,1113376.9469354935
13,4,7,1000,Non-elitist,1065633.068940293
13,4,8,1000,Non-elitist,1186052.4476169092
13,4,9,1000,Non-elitist,1342234.5953147977
13,4,10,1000,Non-elitist,1174257.4003190987
13,4,11,1000,Non-elitist,1057254.1016594642
13,4,12,1000,Non-elitist,1129551.1443487855
13,4,13,1000,Non-elitist,1090963.7824503907
13,4,14,1000,Non-elitist,1184465.1055594657
13,4,15,1000,Non-elitist,1122778.2266013748
13,4,16,1000,Non-elitist,1280555.9605333698
13,4,17,1000,Non-elitist,1122524.2106949077
13,4,18,1000,Non-elitist,1188387.152053915
13,4,19,1000,Non-elitist,1126622.514162256
13,5,0,1000,Non-elitist,1169430.9135171808
13,5,1,1000,Non-elitist,1100174.6918999655
13,5,2,1000,Non-elitist,1275702.5525748949
13,5,3,1000,Non-elitist,1290284.8568751912
13,5,4,1000,Non-elitist,1233875.701594472
13,5,5,1000,Non-elitist,1224088.9190608836
13,5,6,1000,Non-elitist,1109685.9709645454
13,5,7,1000,Non-elitist,1160552.1520821075
13,5,8,1000,Non-elitist,1203468.734007524
13,5,9,1000,Non-elitist,1228035.2346548764
13,5,10,1000,Non-elitist,1065729.537252787
13,5,11,1000,Non-elitist,1216521.043269855
13,5,12,1000,Non-elitist,1268455.443414928
13,5,13,1000,Non-elitist,1047271.628797861
13,5,14,1000,Non-elitist,1214346.1961617186
13,5,15,1000,Non-elitist,1060860.9634104765
13,5,16,1000,Non-elitist,1175301.3262527378
13,5,17,1000,Non-elitist,1123264.859569664
13,5,18,1000,Non-elitist,1181407.4418405409
13,5,19,1000,Non-elitist,1050942.0161404363
13,6,0,1000,Non-elitist,1055086.3469492933
13,6,1,1000,Non-elitist,1184704.1930096324
13,6,2,1000,Non-elitist,1149476.3803340322
13,6,3,1000,Non-elitist,1200274.708464922
13,6,4,1000,Non-elitist,1058168.15003615
13,6,5,1000,Non-elitist,1077222.2438683216
13,6,6,1000,Non-elitist,1024180.2315204036
13,6,7,1000,Non-elitist,986744.3111880524
13,6,8,1000,Non-elitist,1170221.0527924951
13,6,9,1000,Non-elitist,1142749.9352982226
13,6,10,1000,Non-elitist,1056841.665557032
13,6,11,1000,Non-elitist,1012582.4648312944
13,6,12,1000,Non-elitist,1073196.451576201
13,6,13,1000,Non-elitist,962684.5735291712
13,6,14,1000,Non-elitist,1014704.5373918026
13,6,15,1000,Non-elitist,1080274.26638964
13,6,16,1000,Non-elitist,1101368.585290298
13,6,17,1000,Non-elitist,1051011.834532622
13,6,18,1000,Non-elitist,1198598.1300633445
13,6,19,1000,Non-elitist,1002144.2638666142
13,7,0,1000,Non-elitist,1186230.4534820807
13,7,1,1000,Non-elitist,1184320.0468775255
13,7,2,1000,Non-elitist,1115206.0435654758
13,7,3,1000,Non-elitist,1175414.3223919556
13,7,4,1000,Non-elitist,1108082.772592015
13,7,5,1000,Non-elitist,1090942.58102153
13,7,6,1000,Non-elitist,1120641.9231769475
13,7,7,1000,Non-elitist,1086372.9444034863
13,7,8,1000,Non-elitist,1252275.8465790465
13,7,9,1000,Non-elitist,1130212.7156519238
13,7,10,1000,Non-elitist,1103437.013294601
13,7,11,1000,Non-elitist,1071206.4462448517
13,7,12,1000,Non-elitist,997056.507232448
13,7,13,1000,Non-elitist,1098711.3366366948
13,7,14,1000,Non-elitist,1126674.6882304463
13,7,15,1000,Non-elitist,1157652.4457501736
13,7,16,1000,Non-elitist,1127226.8433691603
13,7,17,1000,Non-elitist,1192835.3186377038
13,7,18,1000,Non-elitist,1166227.8254456057
13,7,19,1000,Non-elitist,1132276.5342055173
14,1,0,1000,Non-elitist,21783.22764423509
14,1,1,1000,Non-elitist,15786.63174340579
14,1,2,1000,Non-elitist,17934.263798436605
14,1,3,1000,Non-elitist,16182.272326503688
14,1,4,1000,Non-elitist,14235.463030095158
14,1,5,1000,Non-elitist,13580.181698309732
14,1,6,1000,Non-elitist,17916.290875416715
14,1,7,1000,Non-elitist,12877.528296912047
14,1,8,1000,Non-elitist,17900.59305053087
14,1,9,1000,Non-elitist,17114.38272657642
14,1,10,1000,Non-elitist,17305.506744802275
14,1,11,1000,Non-elitist,18277.24843302404
14,1,12,1000,Non-elitist,19941.477711663443
14,1,13,1000,Non-elitist,16066.821306635278
14,1,14,1000,Non-elitist,17890.070691711382
14,1,15,1000,Non-elitist,16794.211627182038
14,1,16,1000,Non-elitist,19214.79022543627
14,1,17,1000,Non-elitist,17569.295083605586
14,1,18,1000,Non-elitist,20116.53805460789
14,1,19,1000,Non-elitist,13672.1204036007
14,2,0,1000,Non-elitist,14982.850731361576
14,2,1,1000,Non-elitist,16116.294450091114
14,2,2,1000,Non-elitist,15750.562984996468
14,2,3,1000,Non-elitist,13985.33470327154
14,2,4,1000,Non-elitist,16615.479303374086
14,2,5,1000,Non-elitist,16541.884368682546
14,2,6,1000,Non-elitist,15496.867138339225
14,2,7,1000,Non-elitist,17142.193087166528
14,2,8,1000,Non-elitist,11535.283828706491
14,2,9,1000,Non-elitist,19169.049127226677
14,2,10,1000,Non-elitist,14652.078622849342
14,2,11,1000,Non-elitist,14100.751274304645
14,2,12,1000,Non-elitist,19036.553344094587
14,2,13,1000,Non-elitist,13018.865558664398
14,2,14,1000,Non-elitist,16874.106131784327
14,2,15,1000,Non-elitist,15872.029592180084
14,2,16,1000,Non-elitist,13660.173804288872
14,2,17,1000,Non-elitist,20506.366987330683
14,2,18,1000,Non-elitist,16312.51452353421
14,2,19,1000,Non-elitist,15326.38034728522
14,3,0,1000,Non-elitist,17032.24490060793
14,3,1,1000,Non-elitist,19287.521831970716
14,3,2,1000,Non-elitist,16141.273956811372
14,3,3,1000,Non-elitist,17925.53464083525
14,3,4,1000,Non-elitist,10652.950197073984
14,3,5,1000,Non-elitist,17268.670886287997
14,3,6,1000,Non-elitist,15035.082581225171
14,3,7,1000,Non-elitist,13809.443133728046
14,3,8,1000,Non-elitist,15949.780304194774
14,3,9,1000,Non-elitist,14530.016278019271
14,3,10,1000,Non-elitist,17918.11024444918
14,3,11,1000,Non-elitist,13416.08410819059
14,3,12,1000,Non-elitist,12016.752404559433
14,3,13,1000,Non-elitist,12857.1425516226
14,3,14,1000,Non-elitist,14642.787679307465
14,3,15,1000,Non-elitist,15005.273083766357
14,3,16,1000,Non-elitist,17946.509986000747
14,3,17,1000,Non-elitist,15646.797526531936
14,3,18,1000,Non-elitist,12940.432209533326
14,3,19,1000,Non-elitist,14117.338097495436
14,4,0,1000,Non-elitist,13145.9276571623
14,4,1,1000,Non-elitist,13232.59704943232
14,4,2,1000,Non-elitist,18965.640107769028
14,4,3,1000,Non-elitist,14060.64544660157
14,4,4,1000,Non-elitist,18486.66891019117
14,4,5,1000,Non-elitist,17056.92875360329
14,4,6,1000,Non-elitist,15453.230818004611
14,4,7,1000,Non-elitist,12595.984761055422
14,4,8,1000,Non-elitist,11361.826828850377
14,4,9,1000,Non-elitist,14393.967077990965
14,4,10,1000,Non-elitist,13086.542796108004
14,4,11,1000,Non-elitist,15648.036959137838
14,4,12,1000,Non-elitist,20079.469946544315
14,4,13,1000,Non-elitist,12698.08789408516
14,4,14,1000,Non-elitist,16763.653473898274
14,4,15,1000,Non-elitist,15705.19415962696
14,4,16,1000,Non-elitist,14796.667079141254
14,4,17,1000,Non-elitist,19818.2614436939
14,4,18,1000,Non-elitist,14758.179202252672
14,4,19,1000,Non-elitist,15036.192545874506
14,5,0,1000,Non-elitist,18866.681712645837
14,5,1,1000,Non-elitist,20778.0355420352
14,5,2,1000,Non-elitist,18079.90429475212
14,5,3,1000,Non-elitist,16421.64484693027
14,5,4,1000,Non-elitist,18363.912156083286
14,5,5,1000,Non-elitist,17236.040243220134
14,5,6,1000,Non-elitist,18638.354638893856
14,5,7,1000,Non-elitist,17969.476708332022
14,5,8,1000,Non-elitist,16036.405404474786
14,5,9,1000,Non-elitist,18152.09104466679
14,5,10,1000,Non-elitist,16860.33358614108
14,5,11,1000,Non-elitist,16383.342485101184
14,5,12,1000,Non-elitist,14784.349066436413
14,5,13,1000,Non-elitist,16880.36139941834
14,5,14,1000,Non-elitist,15652.35649322348
14,5,15,1000,Non-elitist,20266.19481657343
14,5,16,1000,Non-elitist,16664.210396465503
14,5,17,1000,Non-elitist,13522.293007929768
14,5,18,1000,Non-elitist,15130.503931183575
14,5,19,1000,Non-elitist,16311.361070340305
14,6,0,1000,Non-elitist,16917.88476590243
14,6,1,1000,Non-elitist,18139.215997302905
14,6,2,1000,Non-elitist,20662.60046771366
14,6,3,1000,Non-elitist,17135.431123299077
14,6,4,1000,Non-elitist,15452.595984189997
14,6,5,1000,Non-elitist,18557.195053537354
14,6,6,1000,Non-elitist,17967.316254251426
14,6,7,1000,Non-elitist,16921.963125494098
14,6,8,1000,Non-elitist,19825.59127913644
14,6,9,1000,Non-elitist,14779.864296048376
14,6,10,1000,Non-elitist,17286.964655703
14,6,11,1000,Non-elitist,16065.49543352578
14,6,12,1000,Non-elitist,14707.966736374636
14,6,13,1000,Non-elitist,15600.666908171952
14,6,14,1000,Non-elitist,23093.79056852328
14,6,15,1000,Non-elitist,16824.2796771849
14,6,16,1000,Non-elitist,19659.322254288283
14,6,17,1000,Non-elitist,20872.627344339628
14,6,18,1000,Non-elitist,16597.030911393857
14,6,19,1000,Non-elitist,17937.420309183817
14,7,0,1000,Non-elitist,18567.87716901283
14,7,1,1000,Non-elitist,13604.207216001216
14,7,2,1000,Non-elitist,19154.77963746596
14,7,3,1000,Non-elitist,15065.042242512556
14,7,4,1000,Non-elitist,13054.432278421486
14,7,5,1000,Non-elitist,12768.60118981858
14,7,6,1000,Non-elitist,12677.722851119155
14,7,7,1000,Non-elitist,16361.147855207992
14,7,8,1000,Non-elitist,18276.753005196417
14,7,9,1000,Non-elitist,20354.850082297733
14,7,10,1000,Non-elitist,17826.584603446154
14,7,11,1000,Non-elitist,18301.79192931708
14,7,12,1000,Non-elitist,18991.723469851466
14,7,13,1000,Non-elitist,14246.752677293662
14,7,14,1000,Non-elitist,16315.403999812208
14,7,15,1000,Non-elitist,17879.43484779664
14,7,16,1000,Non-elitist,15867.217604789865
14,7,17,1000,Non-elitist,17649.815961346143
14,7,18,1000,Non-elitist,15974.924752907442
14,7,19,1000,Non-elitist,13634.531511939234
15,1,0,1000,Non-elitist,614387.8679110903
15,1,1,1000,Non-elitist,630884.7257000892
15,1,2,1000,Non-elitist,669617.1121829906
15,1,3,1000,Non-elitist,644397.2947503137
15,1,4,1000,Non-elitist,645742.802593756
15,1,5,1000,Non-elitist,564585.3481320203
15,1,6,1000,Non-elitist,648023.207107073
15,1,7,1000,Non-elitist,592225.4713594404
15,1,8,1000,Non-elitist,622036.0892679741
15,1,9,1000,Non-elitist,623065.1024068197
15,1,10,1000,Non-elitist,588165.7741030222
15,1,11,1000,Non-elitist,575274.0914176427
15,1,12,1000,Non-elitist,646242.4608571611
15,1,13,1000,Non-elitist,603044.0306469903
15,1,14,1000,Non-elitist,624239.2114861168
15,1,15,1000,Non-elitist,582263.7811936849
15,1,16,1000,Non-elitist,656034.721032186
15,1,17,1000,Non-elitist,577435.759829235
15,1,18,1000,Non-elitist,567622.7918167992
15,1,19,1000,Non-elitist,605739.175138177
15,2,0,1000,Non-elitist,627755.9859197858
15,2,1,1000,Non-elitist,657312.5196442981
15,2,2,1000,Non-elitist,571661.2772393989
15,2,3,1000,Non-elitist,625387.3394639664
15,2,4,1000,Non-elitist,607464.8554690259
15,2,5,1000,Non-elitist,576967.2276139108
15,2,6,1000,Non-elitist,618980.7695600643
15,2,7,1000,Non-elitist,613029.8478185807
15,2,8,1000,Non-elitist,631807.5545099095
15,2,9,1000,Non-elitist,579110.3171507798
15,2,10,1000,Non-elitist,616709.9290226807
15,2,11,1000,Non-elitist,636698.9370206294
15,2,12,1000,Non-elitist,625699.2611921513
15,2,13,1000,Non-elitist,603281.0792208705
15,2,14,1000,Non-elitist,589803.5143384284
15,2,15,1000,Non-elitist,617101.9907441828
15,2,16,1000,Non-elitist,645201.6869967956
15,2,17,1000,Non-elitist,613870.4763312957
15,2,18,1000,Non-elitist,609086.4222161394
15,2,19,1000,Non-elitist,606005.1838665527
15,3,0,1000,Non-elitist,611902.2045596198
15,3,1,1000,Non-elitist,548726.9288721788
15,3,2,1000,Non-elitist,600028.487572772
15,3,3,1000,Non-elitist,608852.4432930776
15,3,4,1000,Non-elitist,534767.5271836065
15,3,5,1000,Non-elitist,575787.1547574397
15,3,6,1000,Non-elitist,569096.8335643844
15,3,7,1000,Non-elitist,594853.6650982163
15,3,8,1000,Non-elitist,590638.8831352042
15,3,9,1000,Non-elitist,576948.2271664485
15,3,10,1000,Non-elitist,552007.2011284359
15,3,11,1000,Non-elitist,602200.3347325235
15,3,12,1000,Non-elitist,610382.5016734179
15,3,13,1000,Non-elitist,557702.2499921628
15,3,14,1000,Non-elitist,550888.0345415128
15,3,15,1000,Non-elitist,613001.775439135
15,3,16,1000,Non-elitist,585155.4031455677
15,3,17,1000,Non-elitist,611083.6026453454
15,3,18,1000,Non-elitist,612883.4377205672
15,3,19,1000,Non-elitist,573942.5023165303
15,4,0,1000,Non-elitist,580589.8343941591
15,4,1,1000,Non-elitist,628061.8382956706
15,4,2,1000,Non-elitist,624220.4209836649
15,4,3,1000,Non-elitist,576182.0342400305
15,4,4,1000,Non-elitist,598638.9010732159
15,4,5,1000,Non-elitist,585502.8152513753
15,4,6,1000,Non-elitist,638019.0789394547
15,4,7,1000,Non-elitist,634625.4614487106
15,4,8,1000,Non-elitist,640002.4534243094
15,4,9,1000,Non-elitist,619027.820245279
15,4,10,1000,Non-elitist,622575.5178959332
15,4,11,1000,Non-elitist,615879.8255264573
15,4,12,1000,Non-elitist,661243.4854255632
15,4,13,1000,Non-elitist,571535.5132892895
15,4,14,1000,Non-elitist,638372.4799577261
15,4,15,1000,Non-elitist,609922.3351827415
15,4,16,1000,Non-elitist,596925.796141749
15,4,17,1000,Non-elitist,656917.2285078482
15,4,18,1000,Non-elitist,657949.560764748
15,4,19,1000,Non-elitist,613861.4370024591
15,5,0,1000,Non-elitist,614096.8444223711
15,5,1,1000,Non-elitist,615459.3346379499
15,5,2,1000,Non-elitist,568191.9613738223
15,5,3,1000,Non-elitist,625177.9529022127
15,5,4,1000,Non-elitist,547251.3350865308
15,5,5,1000,Non-elitist,604200.0394031886
15,5,6,1000,Non-elitist,595005.7238540266
15,5,7,1000,Non-elitist,621019.1998407989
15,5,8,1000,Non-elitist,550784.1286798762
15,5,9,1000,Non-elitist,570820.4216373863
15,5,10,1000,Non-elitist,511164.7024368741
15,5,11,1000,Non-elitist,579398.8586524613
15,5,12,1000,Non-elitist,591738.9700286323
15,5,13,1000,Non-elitist,556474.6356084365
15,5,14,1000,Non-elitist,577721.708979591
15,5,15,1000,Non-elitist,539973.958114113
15,5,16,1000,Non-elitist,579395.2789093263
15,5,17,1000,Non-elitist,626809.7103205125
15,5,18,1000,Non-elitist,567242.999987406
15,5,19,1000,Non-elitist,579486.0881797377
15,6,0,1000,Non-elitist,612252.8110024205
15,6,1,1000,Non-elitist,571772.3132445184
15,6,2,1000,Non-elitist,613741.5604024786
15,6,3,1000,Non-elitist,624684.8416422044
15,6,4,1000,Non-elitist,608459.3194649599
15,6,5,1000,Non-elitist,618106.2145926289
15,6,6,1000,Non-elitist,564025.9367439221
15,6,7,1000,Non-elitist,660466.8285523553
15,6,8,1000,Non-elitist,652618.0468430105
15,6,9,1000,Non-elitist,617897.818755715
15,6,10,1000,Non-elitist,636363.3249298928
15,6,11,1000,Non-elitist,608457.0085330768
15,6,12,1000,Non-elitist,586031.5189381021
15,6,13,1000,Non-elitist,622306.4379211104
15,6,14,1000,Non-elitist,633876.0325029668
15,6,15,1000,Non-elitist,641453.9605764349
15,6,16,1000,Non-elitist,636813.5063209329
15,6,17,1000,Non-elitist,658243.1280521882
15,6,18,1000,Non-elitist,627552.5172052553
15,6,19,1000,Non-elitist,689789.5737353098
15,7,0,1000,Non-elitist,596555.8394978344
15,7,1,1000,Non-elitist,605089.8089198748
15,7,2,1000,Non-elitist,598931.7587623653
15,7,3,1000,Non-elitist,571405.0788011211
15,7,4,1000,Non-elitist,581700.7061743464
15,7,5,1000,Non-elitist,631731.9205448732
15,7,6,1000,Non-elitist,606534.1475565599
15,7,7,1000,Non-elitist,554108.6578993009
15,7,8,1000,Non-elitist,612793.1849377553
15,7,9,1000,Non-elitist,630379.7457884639
15,7,10,1000,Non-elitist,647033.2885488493
15,7,11,1000,Non-elitist,633798.5279995671
15,7,12,1000,Non-elitist,607104.9706557957
15,7,13,1000,Non-elitist,604095.690280668
15,7,14,1000,Non-elitist,635198.7969830954
15,7,15,1000,Non-elitist,584971.5536531565
15,7,16,1000,Non-elitist,579905.0101183499
15,7,17,1000,Non-elitist,598517.3561996254
15,7,18,1000,Non-elitist,625627.4696210274
15,7,19,1000,Non-elitist,601418.4349948355
16,1,0,1000,Non-elitist,42356.858776174486
16,1,1,1000,Non-elitist,45207.34497466967
16,1,2,1000,Non-elitist,40523.8831370311
16,1,3,1000,Non-elitist,40894.67111143698
16,1,4,1000,Non-elitist,40203.71135893865
16,1,5,1000,Non-elitist,40586.54871772142
16,1,6,1000,Non-elitist,41849.56950164188
16,1,7,1000,Non-elitist,41610.07418692129
16,1,8,1000,Non-elitist,39662.57345599712
16,1,9,1000,Non-elitist,39322.88921894855
16,1,10,1000,Non-elitist,40545.93151601421
16,1,11,1000,Non-elitist,38460.50989163229
16,1,12,1000,Non-elitist,42443.70686005407
16,1,13,1000,Non-elitist,41142.81227973894
16,1,14,1000,Non-elitist,42682.48053751027
16,1,15,1000,Non-elitist,44645.90435543764
16,1,16,1000,Non-elitist,44649.927582017874
16,1,17,1000,Non-elitist,43500.79767622935
16,1,18,1000,Non-elitist,46910.76276609758
16,1,19,1000,Non-elitist,43658.023293374965
16,2,0,1000,Non-elitist,41039.67196806311
16,2,1,1000,Non-elitist,43506.30589719732
16,2,2,1000,Non-elitist,44655.84889909231
16,2,3,1000,Non-elitist,40536.96896608018
16,2,4,1000,Non-elitist,44939.566780840265
16,2,5,1000,Non-elitist,44446.33059031096
16,2,6,1000,Non-elitist,45673.284179634735
16,2,7,1000,Non-elitist,40555.19898886592
16,2,8,1000,Non-elitist,45573.132278577614
16,2,9,1000,Non-elitist,37868.16010780335
16,2,10,1000,Non-elitist,45119.312801190405
16,2,11,1000,Non-elitist,45206.63338824474
16,2,12,1000,Non-elitist,46341.9516083362
16,2,13,1000,Non-elitist,44248.10546465486
16,2,14,1000,Non-elitist,44347.722627218296
16,2,15,1000,Non-elitist,42234.12826987341
16,2,16,1000,Non-elitist,44532.05684443129
16,2,17,1000,Non-elitist,46249.1789737936
16,2,18,1000,Non-elitist,41997.10319192175
16,2,19,1000,Non-elitist,44613.07966971792
16,3,0,1000,Non-elitist,45368.28761421231
16,3,1,1000,Non-elitist,48508.17473036278
16,3,2,1000,Non-elitist,39060.93336675713
16,3,3,1000,Non-elitist,40351.880883229824
16,3,4,1000,Non-elitist,43345.0188797758
16,3,5,1000,Non-elitist,40154.838668245706
16,3,6,1000,Non-elitist,43934.114445797575
16,3,7,1000,Non-elitist,39205.82572551764
16,3,8,1000,Non-elitist,39045.16555492299
16,3,9,1000,Non-elitist,42973.78719995858
16,3,10,1000,Non-elitist,40224.6717871741
16,3,11,1000,Non-elitist,40640.966768343926
16,3,12,1000,Non-elitist,39337.45667475855
16,3,13,1000,Non-elitist,41730.96749385427
16,3,14,1000,Non-elitist,42640.52319753068
16,3,15,1000,Non-elitist,44244.011565214496
16,3,16,1000,Non-elitist,40960.33680590548
16,3,17,1000,Non-elitist,41208.51785936802
16,3,18,1000,Non-elitist,44026.00412490207
16,3,19,1000,Non-elitist,44053.022530449
16,4,0,1000,Non-elitist,41361.28616844225
16,4,1,1000,Non-elitist,39271.83788296468
16,4,2,1000,Non-elitist,44890.84775979261
16,4,3,1000,Non-elitist,40365.442832221
16,4,4,1000,Non-elitist,46179.61473128648
16,4,5,1000,Non-elitist,46406.17926680013
16,4,6,1000,Non-elitist,39727.4133340944
16,4,7,1000,Non-elitist,40967.15074974418
16,4,8,1000,Non-elitist,44217.56288904773
16,4,9,1000,Non-elitist,38753.96223739472
16,4,10,1000,Non-elitist,44495.52799879898
16,4,11,1000,Non-elitist,43770.58574872329
16,4,12,1000,Non-elitist,45454.68667249888
16,4,13,1000,Non-elitist,46417.10017117496
16,4,14,1000,Non-elitist,46011.469043256
16,4,15,1000,Non-elitist,39136.22461970572
16,4,16,1000,Non-elitist,39982.31628482988
16,4,17,1000,Non-elitist,40668.72400753574
16,4,18,1000,Non-elitist,42960.03729972378
16,4,19,1000,Non-elitist,44380.34919040656
16,5,0,1000,Non-elitist,42171.79658417156
16,5,1,1000,Non-elitist,42983.698281634206
16,5,2,1000,Non-elitist,39781.73946036558
16,5,3,1000,Non-elitist,46649.52888949498
16,5,4,1000,Non-elitist,43187.64466395489
16,5,5,1000,Non-elitist,32392.64458506923
16,5,6,1000,Non-elitist,45342.88573495917
16,5,7,1000,Non-elitist,44701.33073056884
16,5,8,1000,Non-elitist,38302.11172324207
16,5,9,1000,Non-elitist,42830.54584221533
16,5,10,1000,Non-elitist,42778.82096101513
16,5,11,1000,Non-elitist,43087.43006028073
16,5,12,1000,Non-elitist,42789.83563473276
16,5,13,1000,Non-elitist,41716.31626072065
16,5,14,1000,Non-elitist,40829.48410410521
16,5,15,1000,Non-elitist,43582.79013306472
16,5,16,1000,Non-elitist,42388.45048661895
16,5,17,1000,Non-elitist,42902.63529737613
16,5,18,1000,Non-elitist,41302.27241218879
16,5,19,1000,Non-elitist,41654.72841123126
16,6,0,1000,Non-elitist,41561.29126382554
16,6,1,1000,Non-elitist,38384.52028544778
16,6,2,1000,Non-elitist,40841.02203027467
16,6,3,1000,Non-elitist,45526.14806075284
16,6,4,1000,Non-elitist,39249.069894431625
16,6,5,1000,Non-elitist,40234.62731335081
16,6,6,1000,Non-elitist,43701.00126121409
16,6,7,1000,Non-elitist,41392.91289628092
16,6,8,1000,Non-elitist,46462.30709094724
16,6,9,1000,Non-elitist,41919.36091292414
16,6,10,1000,Non-elitist,45305.97311085447
16,6,11,1000,Non-elitist,41360.201424652725
16,6,12,1000,Non-elitist,37334.937165397256
16,6,13,1000,Non-elitist,42145.99943498228
16,6,14,1000,Non-elitist,41281.682293864345
16,6,15,1000,Non-elitist,43379.06194613024
16,6,16,1000,Non-elitist,39859.31742809703
16,6,17,1000,Non-elitist,43534.23287180385
16,6,18,1000,Non-elitist,44193.80152601196
16,6,19,1000,Non-elitist,45212.71412652888
16,7,0,1000,Non-elitist,44023.532641613696
16,7,1,1000,Non-elitist,35947.22210432413
16,7,2,1000,Non-elitist,44918.6886009035
16,7,3,1000,Non-elitist,43762.15641816068
16,7,4,1000,Non-elitist,41595.29614973276
16,7,5,1000,Non-elitist,43778.83167592398
16,7,6,1000,Non-elitist,43750.40251629781
16,7,7,1000,Non-elitist,39221.94302718775
16,7,8,1000,Non-elitist,45040.7666316484
16,7,9,1000,Non-elitist,43105.6361349957
16,7,10,1000,Non-elitist,38454.29621041927
16,7,11,1000,Non-elitist,49388.746824474525
16,7,12,1000,Non-elitist,38930.65121454163
16,7,13,1000,Non-elitist,38902.645151271725
16,7,14,1000,Non-elitist,41165.60582005889
16,7,15,1000,Non-elitist,38937.23203412142
16,7,16,1000,Non-elitist,39387.6466038273
16,7,17,1000,Non-elitist,42411.016217940174
16,7,18,1000,Non-elitist,43404.90350760756
16,7,19,1000,Non-elitist,44749.55993683352
17,1,0,1000,Non-elitist,6105.227516307058
17,1,1,1000,Non-elitist,5842.641363982157
17,1,2,1000,Non-elitist,6283.348263410565
17,1,3,1000,Non-elitist,5902.705038194167
17,1,4,1000,Non-elitist,5848.451927332721
17,1,5,1000,Non-elitist,6261.622544387202
17,1,6,1000,Non-elitist,5788.020043493947
17,1,7,1000,Non-elitist,6588.015975608337
17,1,8,1000,Non-elitist,6585.367556330446
17,1,9,1000,Non-elitist,6646.645963184825
17,1,10,1000,Non-elitist,5900.604072132994
17,1,11,1000,Non-elitist,5964.746977963181
17,1,12,1000,Non-elitist,4757.943420960519
17,1,13,1000,Non-elitist,6052.613909255458
17,1,14,1000,Non-elitist,7495.445216263554
17,1,15,1000,Non-elitist,5316.288968128365
17,1,16,1000,Non-elitist,6795.998618953315
17,1,17,1000,Non-elitist,6968.11200943025
17,1,18,1000,Non-elitist,6132.340316254909
17,1,19,1000,Non-elitist,8179.854186520462
17,2,0,1000,Non-elitist,6435.946216989697
17,2,1,1000,Non-elitist,5638.217644516324
17,2,2,1000,Non-elitist,5853.233370261012
17,2,3,1000,Non-elitist,7287.607497861572
17,2,4,1000,Non-elitist,6588.969927789924
17,2,5,1000,Non-elitist,5152.815965303275
17,2,6,1000,Non-elitist,5838.311129783979
17,2,7,1000,Non-elitist,5634.119585941364
17,2,8,1000,Non-elitist,6698.391128506193
17,2,9,1000,Non-elitist,5657.575396368053
17,2,10,1000,Non-elitist,5814.655666221462
17,2,11,1000,Non-elitist,5701.898700967562
17,2,12,1000,Non-elitist,6473.130257897457
17,2,13,1000,Non-elitist,6138.122536654092
17,2,14,1000,Non-elitist,6429.589440411035
17,2,15,1000,Non-elitist,6526.717535403048
17,2,16,1000,Non-elitist,6075.2370242615725
17,2,17,1000,Non-elitist,5906.924748509347
17,2,18,1000,Non-elitist,6189.845539269574
17,2,19,1000,Non-elitist,6954.807705774874
17,3,0,1000,Non-elitist,6635.9148330287935
17,3,1,1000,Non-elitist,6573.425869583687
17,3,2,1000,Non-elitist,7120.568920018389
17,3,3,1000,Non-elitist,6752.1025223846345
17,3,4,1000,Non-elitist,6686.386540375549
17,3,5,1000,Non-elitist,7183.842603023076
17,3,6,1000,Non-elitist,6861.7370910184845
17,3,7,1000,Non-elitist,6163.921755380439
17,3,8,1000,Non-elitist,6631.11045177111
17,3,9,1000,Non-elitist,6506.16290599141
17,3,10,1000,Non-elitist,6682.447863837262
17,3,11,1000,Non-elitist,7258.865482008791
17,3,12,1000,Non-elitist,5469.928624222827
17,3,13,1000,Non-elitist,7738.931871204828
17,3,14,1000,Non-elitist,6743.149658571006
17,3,15,1000,Non-elitist,6268.072693481914
17,3,16,1000,Non-elitist,8657.780786106792
17,3,17,1000,Non-elitist,6807.140273696309
17,3,18,1000,Non-elitist,7144.888421736225
17,3,19,1000,Non-elitist,8424.13680998678
17,4,0,1000,Non-elitist,6293.199275018702
17,4,1,1000,Non-elitist,5674.60208102708
17,4,2,1000,Non-elitist,6273.758390857614
17,4,3,1000,Non-elitist,5902.155616805278
17,4,4,1000,Non-elitist,5587.391189399884
17,4,5,1000,Non-elitist,6722.718476604785
17,4,6,1000,Non-elitist,6244.256446764245
17,4,7,1000,Non-elitist,6094.05382178843
17,4,8,1000,Non-elitist,6180.127015863423
17,4,9,1000,Non-elitist,6461.013398509954
17,4,10,1000,Non-elitist,5809.3269337088095
17,4,11,1000,Non-elitist,7509.441844615425
17,4,12,1000,Non-elitist,5004.5456251848045
17,4,13,1000,Non-elitist,5680.15654437162
17,4,14,1000,Non-elitist,6454.193280314193
17,4,15,1000,Non-elitist,5484.024252727645
17,4,16,1000,Non-elitist,7072.320313964853
17,4,17,1000,Non-elitist,5581.477440384389
17,4,18,1000,Non-elitist,5773.099156157196
17,4,19,1000,Non-elitist,5646.263198027896
17,5,0,1000,Non-elitist,7127.209178266072
17,5,1,1000,Non-elitist,5897.68768272828
17,5,2,1000,Non-elitist,6431.684925381895
17,5,3,1000,Non-elitist,6880.370825444936
17,5,4,1000,Non-elitist,6255.089766129973
17,5,5,1000,Non-elitist,6948.296864352212
17,5,6,1000,Non-elitist,5800.999036195057
17,5,7,1000,Non-elitist,6879.642204855706
17,5,8,1000,Non-elitist,7515.465903990836
17,5,9,1000,Non-elitist,6854.7815350777655
17,5,10,1000,Non-elitist,7637.34177278569
17,5,11,1000,Non-elitist,5222.049697275637
17,5,12,1000,Non-elitist,6778.282292674032
17,5,13,1000,Non-elitist,6681.595337390218
17,5,14,1000,Non-elitist,6710.964228908434
17,5,15,1000,Non-elitist,7386.355154039547
17,5,16,1000,Non-elitist,8304.168875689207
17,5,17,1000,Non-elitist,7904.547009965989
17,5,18,1000,Non-elitist,7298.630779756831
17,5,19,1000,Non-elitist,6256.739555957009
17,6,0,1000,Non-elitist,5824.419606344215
17,6,1,1000,Non-elitist,6977.6934157499
17,6,2,1000,Non-elitist,6447.080958447378
17,6,3,1000,Non-elitist,7300.216952112896
17,6,4,1000,Non-elitist,6264.644213152789
17,6,5,1000,Non-elitist,6195.625102651808
17,6,6,1000,Non-elitist,7529.504495873685
17,6,7,1000,Non-elitist,6284.120149682956
17,6,8,1000,Non-elitist,6239.224250520186
17,6,9,1000,Non-elitist,5699.943462873556
17,6,10,1000,Non-elitist,6772.334645844605
17,6,11,1000,Non-elitist,6560.071307660423
17,6,12,1000,Non-elitist,5783.0813681986965
17,6,13,1000,Non-elitist,6210.241848452318
17,6,14,1000,Non-elitist,6326.416917907105
17,6,15,1000,Non-elitist,5801.508351268718
17,6,16,1000,Non-elitist,5687.926613543985
17,6,17,1000,Non-elitist,7257.730006216654
17,6,18,1000,Non-elitist,5829.044718721358
17,6,19,1000,Non-elitist,6137.489950427396
17,7,0,1000,Non-elitist,5921.1015924673975
17,7,1,1000,Non-elitist,6165.928363271727
17,7,2,1000,Non-elitist,5868.4829898634935
17,7,3,1000,Non-elitist,5306.411893724347
17,7,4,1000,Non-elitist,5045.780626272744
17,7,5,1000,Non-elitist,6198.738313997974
17,7,6,1000,Non-elitist,7156.831250814486
17,7,7,1000,Non-elitist,5612.808510137159
17,7,8,1000,Non-elitist,6613.091784567025
17,7,9,1000,Non-elitist,7540.30461763115
17,7,10,1000,Non-elitist,5675.8557054376215
17,7,11,1000,Non-elitist,6175.832411014559
17,7,12,1000,Non-elitist,5676.282321764855
17,7,13,1000,Non-elitist,5560.473515849508
17,7,14,1000,Non-elitist,5424.687506889512
17,7,15,1000,Non-elitist,6832.587762734781
17,7,16,1000,Non-elitist,6915.415724907492
17,7,17,1000,Non-elitist,5613.811956350284
17,7,18,1000,Non-elitist,6720.862160351511
17,7,19,1000,Non-elitist,4952.1836930499285
18,1,0,1000,Non-elitist,25350.88880550263
18,1,1,1000,Non-elitist,25177.744463524003
18,1,2,1000,Non-elitist,21713.674112082543
18,1,3,1000,Non-elitist,23331.511799504195
18,1,4,1000,Non-elitist,24544.71514092608
18,1,5,1000,Non-elitist,22843.451849595014
18,1,6,1000,Non-elitist,20783.119140652576
18,1,7,1000,Non-elitist,19161.333348516902
18,1,8,1000,Non-elitist,24936.69010267469
18,1,9,1000,Non-elitist,24438.001670487636
18,1,10,1000,Non-elitist,20984.703869732795
18,1,11,1000,Non-elitist,23303.573113827068
18,1,12,1000,Non-elitist,21916.31449080274
18,1,13,1000,Non-elitist,24920.825004642786
18,1,14,1000,Non-elitist,19737.893535663872
18,1,15,1000,Non-elitist,23109.83721504313
18,1,16,1000,Non-elitist,23798.607365610173
18,1,17,1000,Non-elitist,23255.43903996312
18,1,18,1000,Non-elitist,23448.67294377017
18,1,19,1000,Non-elitist,26036.587357857905
18,2,0,1000,Non-elitist,28212.792732703158
18,2,1,1000,Non-elitist,25121.872506885808
18,2,2,1000,Non-elitist,22834.19749869522
18,2,3,1000,Non-elitist,25203.90929553549
18,2,4,1000,Non-elitist,28524.23012843081
18,2,5,1000,Non-elitist,24690.152877206616
18,2,6,1000,Non-elitist,22942.67546869075
18,2,7,1000,Non-elitist,24527.86639453297
18,2,8,1000,Non-elitist,26769.101207792723
18,2,9,1000,Non-elitist,23553.56000242676
18,2,10,1000,Non-elitist,22473.796501403856
18,2,11,1000,Non-elitist,23747.421489611992
18,2,12,1000,Non-elitist,28111.73578553964
18,2,13,1000,Non-elitist,22794.691105092497
18,2,14,1000,Non-elitist,24191.424555893955
18,2,15,1000,Non-elitist,20505.05192969999
18,2,16,1000,Non-elitist,26563.073297495142
18,2,17,1000,Non-elitist,25909.472995108343
18,2,18,1000,Non-elitist,24861.35450341136
18,2,19,1000,Non-elitist,23802.042765717382
18,3,0,1000,Non-elitist,24874.50665717556
18,3,1,1000,Non-elitist,22659.27556997583
18,3,2,1000,Non-elitist,24352.41370313581
18,3,3,1000,Non-elitist,24043.609371186954
18,3,4,1000,Non-elitist,25499.244106509606
18,3,5,1000,Non-elitist,23086.74416140185
18,3,6,1000,Non-elitist,29484.52774796961
18,3,7,1000,Non-elitist,21502.322808322973
18,3,8,1000,Non-elitist,25457.12543315882
18,3,9,1000,Non-elitist,20628.09767445614
18,3,10,1000,Non-elitist,24977.263321093567
18,3,11,1000,Non-elitist,30745.18277765913
18,3,12,1000,Non-elitist,21607.66242163367
18,3,13,1000,Non-elitist,25853.597704244134
18,3,14,1000,Non-elitist,28385.99628416732
18,3,15,1000,Non-elitist,29867.944722366447
18,3,16,1000,Non-elitist,21648.759217106628
18,3,17,1000,Non-elitist,29832.9882636487
18,3,18,1000,Non-elitist,25910.2507153936
18,3,19,1000,Non-elitist,24246.137792967325
18,4,0,1000,Non-elitist,24713.658103149537
18,4,1,1000,Non-elitist,19248.450205957044
18,4,2,1000,Non-elitist,20699.220166460032
18,4,3,1000,Non-elitist,28844.61865754765
18,4,4,1000,Non-elitist,24343.67884548394
18,4,5,1000,Non-elitist,21394.33939835934
18,4,6,1000,Non-elitist,24330.6434731708
18,4,7,1000,Non-elitist,25889.92717350651
18,4,8,1000,Non-elitist,24672.08948170786
18,4,9,1000,Non-elitist,24082.90172581896
18,4,10,1000,Non-elitist,20960.03933628729
18,4,11,1000,Non-elitist,24406.520676016386
18,4,12,1000,Non-elitist,21984.125239769648
18,4,13,1000,Non-elitist,22953.524265720327
18,4,14,1000,Non-elitist,29920.30405882198
18,4,15,1000,Non-elitist,25768.59155484289
18,4,16,1000,Non-elitist,20959.66929933333
18,4,17,1000,Non-elitist,23297.975019505506
18,4,18,1000,Non-elitist,24169.47932294574
18,4,19,1000,Non-elitist,24974.863777991224
18,5,0,1000,Non-elitist,24269.974832526877
18,5,1,1000,Non-elitist,22289.277067103343
18,5,2,1000,Non-elitist,24555.926695575992
18,5,3,1000,Non-elitist,25911.050676344046
18,5,4,1000,Non-elitist,28537.22848205074
18,5,5,1000,Non-elitist,26686.323028086663
18,5,6,1000,Non-elitist,25655.62449268376
18,5,7,1000,Non-elitist,24453.000040182545
18,5,8,1000,Non-elitist,25320.615244865607
18,5,9,1000,Non-elitist,27201.878258700017
18,5,10,1000,Non-elitist,23383.898738004205
18,5,11,1000,Non-elitist,26771.929667837656
18,5,12,1000,Non-elitist,20991.46033292344
18,5,13,1000,Non-elitist,21500.81409486684
18,5,14,1000,Non-elitist,24386.29093226197
18,5,15,1000,Non-elitist,29360.27883088497
18,5,16,1000,Non-elitist,25870.40312611405
18,5,17,1000,Non-elitist,20088.051462504754
18,5,18,1000,Non-elitist,23973.6628268717
18,5,19,1000,Non-elitist,23445.377340905223
18,6,0,1000,Non-elitist,25365.96752673163
18,6,1,1000,Non-elitist,23864.825129351044
18,6,2,1000,Non-elitist,24414.48394240803
18,6,3,1000,Non-elitist,26387.749696217663
18,6,4,1000,Non-elitist,24915.051845747003
18,6,5,1000,Non-elitist,22040.714742929355
18,6,6,1000,Non-elitist,25248.66104594085
18,6,7,1000,Non-elitist,23999.24170040048
18,6,8,1000,Non-elitist,24367.7236894966
18,6,9,1000,Non-elitist,25001.481911337345
18,6,10,1000,Non-elitist,22147.75886230349
18,6,11,1000,Non-elitist,23945.863106518977
18,6,12,1000,Non-elitist,23301.996031198163
18,6,13,1000,Non-elitist,24232.219454451773
18,6,14,1000,Non-elitist,23790.6608504484
18,6,15,1000,Non-elitist,25072.086298990504
18,6,16,1000,Non-elitist,28322.6513193962
18,6,17,1000,Non-elitist,25710.91263437383
18,6,18,1000,Non-elitist,21927.58422653727
18,6,19,1000,Non-elitist,20879.850987761834
18,7,0,1000,Non-elitist,20431.915924311845
18,7,1,1000,Non-elitist,21200.56948966282
18,7,2,1000,Non-elitist,22704.64146538042
18,7,3,1000,Non-elitist,22890.807037157687
18,7,4,1000,Non-elitist,18874.155453179785
18,7,5,1000,Non-elitist,23267.7221274224
18,7,6,1000,Non-elitist,24357.878484283578
18,7,7,1000,Non-elitist,27188.01552805233
18,7,8,1000,Non-elitist,23060.725973014207
18,7,9,1000,Non-elitist,27102.78889552186
18,7,10,1000,Non-elitist,22842.86980578665
18,7,11,1000,Non-elitist,19525.526327473155
18,7,12,1000,Non-elitist,20049.00229377233
18,7,13,1000,Non-elitist,21284.41859897187
18,7,14,1000,Non-elitist,23591.04160402675
18,7,15,1000,Non-elitist,24847.10424921172
18,7,16,1000,Non-elitist,26304.2548519986
18,7,17,1000,Non-elitist,25742.37955406407
18,7,18,1000,Non-elitist,22968.487656202047
18,7,19,1000,Non-elitist,26613.348904405582
19,1,0,1000,Non-elitist,9962.09352398699
19,1,1,1000,Non-elitist,9020.71913436522
19,1,2,1000,Non-elitist,9425.075178780087
19,1,3,1000,Non-elitist,9124.99307684159
19,1,4,1000,Non-elitist,9870.961722769096
19,1,5,1000,Non-elitist,9032.63795124699
19,1,6,1000,Non-elitist,8785.32189751109
19,1,7,1000,Non-elitist,9319.875151370146
19,1,8,1000,Non-elitist,9845.065150009976
19,1,9,1000,Non-elitist,8921.607772236615
19,1,10,1000,Non-elitist,9439.032106225455
19,1,11,1000,Non-elitist,9397.508716617962
19,1,12,1000,Non-elitist,9304.095012263177
19,1,13,1000,Non-elitist,9484.96741702718
19,1,14,1000,Non-elitist,9568.988067750512
19,1,15,1000,Non-elitist,9328.691852402604
19,1,16,1000,Non-elitist,9858.092356997073
19,1,17,1000,Non-elitist,9245.96212362602
19,1,18,1000,Non-elitist,9640.11771724675
19,1,19,1000,Non-elitist,9388.858493550651
19,2,0,1000,Non-elitist,8806.266917022762
19,2,1,1000,Non-elitist,8684.06416039203
19,2,2,1000,Non-elitist,9687.634476664598
19,2,3,1000,Non-elitist,8904.019365378652
19,2,4,1000,Non-elitist,9568.107378880468
19,2,5,1000,Non-elitist,9220.39936625256
19,2,6,1000,Non-elitist,8779.352037295395
19,2,7,1000,Non-elitist,8290.826081160754
19,2,8,1000,Non-elitist,9308.590430198888
19,2,9,1000,Non-elitist,8867.684163402508
19,2,10,1000,Non-elitist,8802.559609767837
19,2,11,1000,Non-elitist,10251.418111328268
19,2,12,1000,Non-elitist,9574.516161206444
19,2,13,1000,Non-elitist,9162.759371169655
19,2,14,1000,Non-elitist,9129.23858499188
19,2,15,1000,Non-elitist,8988.92756035705
19,2,16,1000,Non-elitist,8803.88809275387
19,2,17,1000,Non-elitist,10059.855912180094
19,2,18,1000,Non-elitist,9650.818536601271
19,2,19,1000,Non-elitist,9007.062116317311
19,3,0,1000,Non-elitist,9415.416267900542
19,3,1,1000,Non-elitist,8247.87572903691
19,3,2,1000,Non-elitist,8744.736702947357
19,3,3,1000,Non-elitist,9338.130214513036
19,3,4,1000,Non-elitist,9410.314438260284
19,3,5,1000,Non-elitist,9455.64721165074
19,3,6,1000,Non-elitist,9176.171233399698
19,3,7,1000,Non-elitist,8718.510376663307
19,3,8,1000,Non-elitist,9344.573875617563
19,3,9,1000,Non-elitist,9208.295077486737
19,3,10,1000,Non-elitist,8889.271031402295
19,3,11,1000,Non-elitist,8974.96688671975
19,3,12,1000,Non-elitist,9751.45664889814
19,3,13,1000,Non-elitist,8707.40802488278
19,3,14,1000,Non-elitist,9359.40341385166
19,3,15,1000,Non-elitist,9244.643074267116
19,3,16,1000,Non-elitist,9679.283288735283
19,3,17,1000,Non-elitist,9249.777777337897
19,3,18,1000,Non-elitist,9096.847146676972
19,3,19,1000,Non-elitist,9442.31965751698
19,4,0,1000,Non-elitist,9698.143216383616
19,4,1,1000,Non-elitist,9472.248606842782
19,4,2,1000,Non-elitist,9533.68088734123
19,4,3,1000,Non-elitist,9763.223867892117
19,4,4,1000,Non-elitist,8866.679715926894
19,4,5,1000,Non-elitist,9141.747631694445
19,4,6,1000,Non-elitist,8896.073718598927
19,4,7,1000,Non-elitist,9142.992242654504
19,4,8,1000,Non-elitist,9167.568044274074
19,4,9,1000,Non-elitist,8577.263363368902
19,4,10,1000,Non-elitist,9017.498210898502
19,4,11,1000,Non-elitist,9226.885924434588
19,4,12,1000,Non-elitist,9390.142261786188
19,4,13,1000,Non-elitist,9350.42700609362
19,4,14,1000,Non-elitist,9229.322225775695
19,4,15,1000,Non-elitist,9569.059432976745
19,4,16,1000,Non-elitist,9065.026168502658
19,4,17,1000,Non-elitist,8164.798311264394
19,4,18,1000,Non-elitist,9206.56803300734
19,4,19,1000,Non-elitist,8724.27798422604
19,5,0,1000,Non-elitist,9638.176825948114
19,5,1,1000,Non-elitist,8576.195573897916
19,5,2,1000,Non-elitist,9040.140994152403
19,5,3,1000,Non-elitist,9081.719312129158
19,5,4,1000,Non-elitist,8844.56043598901
19,5,5,1000,Non-elitist,8853.098945476517
19,5,6,1000,Non-elitist,9307.234433376118
19,5,7,1000,Non-elitist,9446.01517264754
19,5,8,1000,Non-elitist,9186.118387899822
19,5,9,1000,Non-elitist,9046.036132638856
19,5,10,1000,Non-elitist,9366.713004663532
19,5,11,1000,Non-elitist,9297.280494421777
19,5,12,1000,Non-elitist,9325.028463100629
19,5,13,1000,Non-elitist,9452.79835333062
19,5,14,1000,Non-elitist,9245.982381174044
19,5,15,1000,Non-elitist,8555.927119997397
19,5,16,1000,Non-elitist,9735.370920778105
19,5,17,1000,Non-elitist,9090.34610668284
19,5,18,1000,Non-elitist,9462.240089673003
19,5,19,1000,Non-elitist,9078.40163800846
19,6,0,1000,Non-elitist,8630.40732087844
19,6,1,1000,Non-elitist,9060.88526974053
19,6,2,1000,Non-elitist,9616.660036938953
19,6,3,1000,Non-elitist,9222.276121821733
19,6,4,1000,Non-elitist,9120.86568756696
19,6,5,1000,Non-elitist,9260.114725020518
19,6,6,1000,Non-elitist,8864.111836635935
19,6,7,1000,Non-elitist,9605.68003785655
19,6,8,1000,Non-elitist,9281.821167444425
19,6,9,1000,Non-elitist,8918.119065119277
19,6,10,1000,Non-elitist,8598.786241592225
19,6,11,1000,Non-elitist,9105.75237427228
19,6,12,1000,Non-elitist,9718.245897342276
19,6,13,1000,Non-elitist,8743.548177439188
19,6,14,1000,Non-elitist,8974.584639235258
19,6,15,1000,Non-elitist,9366.74407300558
19,6,16,1000,Non-elitist,9722.498350090636
19,6,17,1000,Non-elitist,9620.555995264102
19,6,18,1000,Non-elitist,7991.633774255712
19,6,19,1000,Non-elitist,8945.1928584927
19,7,0,1000,Non-elitist,9240.56219962592
19,7,1,1000,Non-elitist,9521.994371870069
19,7,2,1000,Non-elitist,8974.854063466466
19,7,3,1000,Non-elitist,8299.600076755734
19,7,4,1000,Non-elitist,8847.912927963245
19,7,5,1000,Non-elitist,9801.837589914336
19,7,6,1000,Non-elitist,9054.281242926943
19,7,7,1000,Non-elitist,9534.884851896955
19,7,8,1000,Non-elitist,9608.468751647191
19,7,9,1000,Non-elitist,9168.777763728474
19,7,10,1000,Non-elitist,9759.229891193474
19,7,11,1000,Non-elitist,9196.659337197929
19,7,12,1000,Non-elitist,9481.76069007836
19,7,13,1000,Non-elitist,8977.685311271427
19,7,14,1000,Non-elitist,9735.679493712098
19,7,15,1000,Non-elitist,9174.518885208268
19,7,16,1000,Non-elitist,9290.917079281331
19,7,17,1000,Non-elitist,9564.3476829449
19,7,18,1000,Non-elitist,9521.991622396628
19,7,19,1000,Non-elitist,9417.49767823104
20,1,0,1000,Non-elitist,10859320.31292577
20,1,1,1000,Non-elitist,14933426.70705933
20,1,2,1000,Non-elitist,10357482.75432461
20,1,3,1000,Non-elitist,8589954.365976296
20,1,4,1000,Non-elitist,10388191.281678136
20,1,5,1000,Non-elitist,9661153.102002736
20,1,6,1000,Non-elitist,7521110.488098539
20,1,7,1000,Non-elitist,8308215.061926827
20,1,8,1000,Non-elitist,9889054.430894678
20,1,9,1000,Non-elitist,9076944.694969518
20,1,10,1000,Non-elitist,11628851.813330552
20,1,11,1000,Non-elitist,11416753.586702991
20,1,12,1000,Non-elitist,10095437.717782188
20,1,13,1000,Non-elitist,6313977.755583626
20,1,14,1000,Non-elitist,8658937.35337206
20,1,15,1000,Non-elitist,11453457.793985492
20,1,16,1000,Non-elitist,12002508.10003415
20,1,17,1000,Non-elitist,7285772.702845138
20,1,18,1000,Non-elitist,9884795.592446404
20,1,19,1000,Non-elitist,10016140.463945802
20,2,0,1000,Non-elitist,5749073.84442764
20,2,1,1000,Non-elitist,9486597.916927597
20,2,2,1000,Non-elitist,11075760.725592405
20,2,3,1000,Non-elitist,8577323.012720725
20,2,4,1000,Non-elitist,10630062.541281683
20,2,5,1000,Non-elitist,9820577.778679686
20,2,6,1000,Non-elitist,9092369.780630868
20,2,7,1000,Non-elitist,7726404.832076698
20,2,8,1000,Non-elitist,8991925.0550902
20,2,9,1000,Non-elitist,9280908.838457763
20,2,10,1000,Non-elitist,8261058.138888501
20,2,11,1000,Non-elitist,6763758.211240453
20,2,12,1000,Non-elitist,8659391.610823255
20,2,13,1000,Non-elitist,9908511.809150644
20,2,14,1000,Non-elitist,11533643.82803479
20,2,15,1000,Non-elitist,7245235.32781474
20,2,16,1000,Non-elitist,9811054.241821712
20,2,17,1000,Non-elitist,10692374.268456597
20,2,18,1000,Non-elitist,9797784.88694165
20,2,19,1000,Non-elitist,9599742.384350792
20,3,0,1000,Non-elitist,7120299.676553995
20,3,1,1000,Non-elitist,8645685.128419911
20,3,2,1000,Non-elitist,11645951.07899556
20,3,3,1000,Non-elitist,8861810.9184644
20,3,4,1000,Non-elitist,7478462.511130302
20,3,5,1000,Non-elitist,6429033.232546965
20,3,6,1000,Non-elitist,10282113.632673047
20,3,7,1000,Non-elitist,8728242.357407887
20,3,8,1000,Non-elitist,10193968.649704443
20,3,9,1000,Non-elitist,11332209.9995853
20,3,10,1000,Non-elitist,12596000.066072794
20,3,11,1000,Non-elitist,8170449.210011254
20,3,12,1000,Non-elitist,11381399.650212437
20,3,13,1000,Non-elitist,5457628.665421456
20,3,14,1000,Non-elitist,7983742.821254896
20,3,15,1000,Non-elitist,8156920.006915318
20,3,16,1000,Non-elitist,11118919.567190353
20,3,17,1000,Non-elitist,13689773.980129711
20,3,18,1000,Non-elitist,11534991.966063928
20,3,19,1000,Non-elitist,9922360.980793975
20,4,0,1000,Non-elitist,8180282.2555593
20,4,1,1000,Non-elitist,7374409.369987686
20,4,2,1000,Non-elitist,9706035.468510142
20,4,3,1000,Non-elitist,10966789.929540824
20,4,4,1000,Non-elitist,7678703.7924446
20,4,5,1000,Non-elitist,8864797.580149384
20,4,6,1000,Non-elitist,7162676.568130415
20,4,7,1000,Non-elitist,9810121.054420205
20,4,8,1000,Non-elitist,10687229.730358114
20,4,9,1000,Non-elitist,10559832.224715436
20,4,10,1000,Non-elitist,10785091.503780376
20,4,11,1000,Non-elitist,13648845.229177298
20,4,12,1000,Non-elitist,11990453.544417664
20,4,13,1000,Non-elitist,9417522.330518086
20,4,14,1000,Non-elitist,10065393.71739326
20,4,15,1000,Non-elitist,9488824.002006795
20,4,16,1000,Non-elitist,9534830.43032926
20,4,17,1000,Non-elitist,13379647.703847185
20,4,18,1000,Non-elitist,9825597.915792365
20,4,19,1000,Non-elitist,10137731.70479127
20,5,0,1000,Non-elitist,11448518.68927644
20,5,1,1000,Non-elitist,7925939.273810674
20,5,2,1000,Non-elitist,10149787.144764002
20,5,3,1000,Non-elitist,12083822.52605144
20,5,4,1000,Non-elitist,9174773.139635054
20,5,5,1000,Non-elitist,7836426.655831142
20,5,6,1000,Non-elitist,10507031.666650496
20,5,7,1000,Non-elitist,9418228.734376185
20,5,8,1000,Non-elitist,8189445.760808457
20,5,9,1000,Non-elitist,12368362.63446948
20,5,10,1000,Non-elitist,8024433.364045952
20,5,11,1000,Non-elitist,10266392.787602898
20,5,12,1000,Non-elitist,9668612.659983246
20,5,13,1000,Non-elitist,12560999.263020674
20,5,14,1000,Non-elitist,10756607.337882154
20,5,15,1000,Non-elitist,10580606.377253007
20,5,16,1000,Non-elitist,9229252.662725229
20,5,17,1000,Non-elitist,9918341.531192755
20,5,18,1000,Non-elitist,10741849.69620446
20,5,19,1000,Non-elitist,8398337.430622624
20,6,0,1000,Non-elitist,8198396.35575153
20,6,1,1000,Non-elitist,8624331.777692303
20,6,2,1000,Non-elitist,7441648.897205912
20,6,3,1000,Non-elitist,7858653.719842319
20,6,4,1000,Non-elitist,7181684.22913835
20,6,5,1000,Non-elitist,12768990.691321744
20,6,6,1000,Non-elitist,7057793.307336207
20,6,7,1000,Non-elitist,5835922.070897585
20,6,8,1000,Non-elitist,8391749.532796469
20,6,9,1000,Non-elitist,10730334.940625438
20,6,10,1000,Non-elitist,12636704.63959346
20,6,11,1000,Non-elitist,8893113.374393934
20,6,12,1000,Non-elitist,11329766.302848073
20,6,13,1000,Non-elitist,9560394.203685556
20,6,14,1000,Non-elitist,13466381.870153716
20,6,15,1000,Non-elitist,12436535.139297476
20,6,16,1000,Non-elitist,9031212.66318729
20,6,17,1000,Non-elitist,11452648.65266035
20,6,18,1000,Non-elitist,7151138.078867128
20,6,19,1000,Non-elitist,6469091.140900419
20,7,0,1000,Non-elitist,11188837.57375855
20,7,1,1000,Non-elitist,9084800.385872614
20,7,2,1000,Non-elitist,11211059.802191006
20,7,3,1000,Non-elitist,8583731.963123595
20,7,4,1000,Non-elitist,8712258.68322083
20,7,5,1000,Non-elitist,6687247.570584544
20,7,6,1000,Non-elitist,10723521.368438363
20,7,7,1000,Non-elitist,11740953.581362164
20,7,8,1000,Non-elitist,9178294.458539566
20,7,9,1000,Non-elitist,9608427.349244492
20,7,10,1000,Non-elitist,9142863.406016428
20,7,11,1000,Non-elitist,8298996.122089218
20,7,12,1000,Non-elitist,8684510.683165733
20,7,13,1000,Non-elitist,8404086.832165692
20,7,14,1000,Non-elitist,9324984.46434291
20,7,15,1000,Non-elitist,9466205.358026275
20,7,16,1000,Non-elitist,7879788.059322348
20,7,17,1000,Non-elitist,12809456.4843177
20,7,18,1000,Non-elitist,11599974.652176064
20,7,19,1000,Non-elitist,9665385.46268369
21,1,0,1000,Non-elitist,30974.89121694981
21,1,1,1000,Non-elitist,24887.48538865322
21,1,2,1000,Non-elitist,32040.88696480603
21,1,3,1000,Non-elitist,28208.994533570025
21,1,4,1000,Non-elitist,28217.68907228757
21,1,5,1000,Non-elitist,26974.74109527423
21,1,6,1000,Non-elitist,27307.47460240353
21,1,7,1000,Non-elitist,27601.24325787465
21,1,8,1000,Non-elitist,32912.39316852427
21,1,9,1000,Non-elitist,27249.02027347792
21,1,10,1000,Non-elitist,25677.79430316958
21,1,11,1000,Non-elitist,27978.385078440955
21,1,12,1000,Non-elitist,26710.207258825707
21,1,13,1000,Non-elitist,30674.0344271904
21,1,14,1000,Non-elitist,41434.80510613716
21,1,15,1000,Non-elitist,26523.01246186277
21,1,16,1000,Non-elitist,32952.87012176781
21,1,17,1000,Non-elitist,34214.561409803086
21,1,18,1000,Non-elitist,33240.11788448344
21,1,19,1000,Non-elitist,20573.298429705123
21,2,0,1000,Non-elitist,30893.99945410479
21,2,1,1000,Non-elitist,28383.683085475677
21,2,2,1000,Non-elitist,28189.927207095952
21,2,3,1000,Non-elitist,34003.58146259169
21,2,4,1000,Non-elitist,30402.79306577692
21,2,5,1000,Non-elitist,48057.14457788759
21,2,6,1000,Non-elitist,32719.868854584325
21,2,7,1000,Non-elitist,30789.548107077
21,2,8,1000,Non-elitist,32806.86139015436
21,2,9,1000,Non-elitist,29531.918317047533
21,2,10,1000,Non-elitist,28186.225139207403
21,2,11,1000,Non-elitist,27445.635731041304
21,2,12,1000,Non-elitist,37652.35849825054
21,2,13,1000,Non-elitist,35922.47025137858
21,2,14,1000,Non-elitist,31031.175048921257
21,2,15,1000,Non-elitist,30988.77405077936
21,2,16,1000,Non-elitist,32889.7879783799
21,2,17,1000,Non-elitist,34785.66435683837
21,2,18,1000,Non-elitist,36400.451297183696
21,2,19,1000,Non-elitist,30559.08834711245
21,3,0,1000,Non-elitist,22638.98382969848
21,3,1,1000,Non-elitist,26657.62851555976
21,3,2,1000,Non-elitist,39824.290365652414
21,3,3,1000,Non-elitist,37025.5843869854
21,3,4,1000,Non-elitist,29590.07960832624
21,3,5,1000,Non-elitist,28536.29872477986
21,3,6,1000,Non-elitist,24592.3450226003
21,3,7,1000,Non-elitist,43410.6884201389
21,3,8,1000,Non-elitist,24127.75462412022
21,3,9,1000,Non-elitist,33310.115090094994
21,3,10,1000,Non-elitist,25128.437012630333
21,3,11,1000,Non-elitist,34255.829872806644
21,3,12,1000,Non-elitist,35899.05054412705
21,3,13,1000,Non-elitist,35869.445850585806
21,3,14,1000,Non-elitist,25019.624582549
21,3,15,1000,Non-elitist,30814.22397643824
21,3,16,1000,Non-elitist,28804.87446961744
21,3,17,1000,Non-elitist,27062.77175255695
21,3,18,1000,Non-elitist,29824.572086900163
21,3,19,1000,Non-elitist,25265.12461622132
21,4,0,1000,Non-elitist,28525.213499093887
21,4,1,1000,Non-elitist,24145.25260536367
21,4,2,1000,Non-elitist,27377.41750841062
21,4,3,1000,Non-elitist,30856.49224243428
21,4,4,1000,Non-elitist,25806.29280672398
21,4,5,1000,Non-elitist,24168.38286736196
21,4,6,1000,Non-elitist,26001.63184524505
21,4,7,1000,Non-elitist,25554.35473094537
21,4,8,1000,Non-elitist,22506.24529486814
21,4,9,1000,Non-elitist,24897.55215342056
21,4,10,1000,Non-elitist,23712.869176190237
21,4,11,1000,Non-elitist,24061.757425942396
21,4,12,1000,Non-elitist,32882.44368570638
21,4,13,1000,Non-elitist,28371.96177454893
21,4,14,1000,Non-elitist,29905.917742942536
21,4,15,1000,Non-elitist,25004.31104179477
21,4,16,1000,Non-elitist,22866.02489425592
21,4,17,1000,Non-elitist,35486.895427098134
21,4,18,1000,Non-elitist,30976.482592782784
21,4,19,1000,Non-elitist,26154.64062443458
21,5,0,1000,Non-elitist,29825.414749919517
21,5,1,1000,Non-elitist,30294.44617181034
21,5,2,1000,Non-elitist,37066.1717213324
21,5,3,1000,Non-elitist,27923.63120629393
21,5,4,1000,Non-elitist,38505.462089473614
21,5,5,1000,Non-elitist,19196.5306945623
21,5,6,1000,Non-elitist,23472.67395149446
21,5,7,1000,Non-elitist,24899.996475508822
21,5,8,1000,Non-elitist,27996.6919864231
21,5,9,1000,Non-elitist,24197.26576181413
21,5,10,1000,Non-elitist,35251.83645028169
21,5,11,1000,Non-elitist,37001.31339605285
21,5,12,1000,Non-elitist,23769.44071673874
21,5,13,1000,Non-elitist,28518.03316952756
21,5,14,1000,Non-elitist,26825.323817480345
21,5,15,1000,Non-elitist,29437.24157934448
21,5,16,1000,Non-elitist,32541.038472477987
21,5,17,1000,Non-elitist,21942.721489743235
21,5,18,1000,Non-elitist,25059.564435096425
21,5,19,1000,Non-elitist,23679.37179087937
21,6,0,1000,Non-elitist,38000.16526410356
21,6,1,1000,Non-elitist,36221.49346418053
21,6,2,1000,Non-elitist,33148.30148779729
21,6,3,1000,Non-elitist,33518.94080943014
21,6,4,1000,Non-elitist,30628.23436469713
21,6,5,1000,Non-elitist,32932.6691287576
21,6,6,1000,Non-elitist,36025.997124957656
21,6,7,1000,Non-elitist,29306.3886530448
21,6,8,1000,Non-elitist,34488.53646409984
21,6,9,1000,Non-elitist,32810.11188143067
21,6,10,1000,Non-elitist,29675.310784368896
21,6,11,1000,Non-elitist,34464.53381799352
21,6,12,1000,Non-elitist,50391.12971336664
21,6,13,1000,Non-elitist,31601.541127133205
21,6,14,1000,Non-elitist,33681.57752959481
21,6,15,1000,Non-elitist,32888.94894811818
21,6,16,1000,Non-elitist,33570.347443973886
21,6,17,1000,Non-elitist,28942.05213512491
21,6,18,1000,Non-elitist,30789.7580451686
21,6,19,1000,Non-elitist,32830.48556688611
21,7,0,1000,Non-elitist,46609.150642745255
21,7,1,1000,Non-elitist,24201.0637504246
21,7,2,1000,Non-elitist,44346.25438345943
21,7,3,1000,Non-elitist,28480.650503799312
21,7,4,1000,Non-elitist,44645.87521526213
21,7,5,1000,Non-elitist,43701.39758913704
21,7,6,1000,Non-elitist,28135.85805967877
21,7,7,1000,Non-elitist,23195.410268870717
21,7,8,1000,Non-elitist,33231.116740838545
21,7,9,1000,Non-elitist,28223.861789474213
21,7,10,1000,Non-elitist,42448.49677537636
21,7,11,1000,Non-elitist,44757.297368176754
21,7,12,1000,Non-elitist,28073.47035628988
21,7,13,1000,Non-elitist,46997.70175320904
21,7,14,1000,Non-elitist,46336.65157305066
21,7,15,1000,Non-elitist,45225.14676949121
21,7,16,1000,Non-elitist,38130.05896285534
21,7,17,1000,Non-elitist,46496.432282881135
21,7,18,1000,Non-elitist,30899.59155143621
21,7,19,1000,Non-elitist,25743.28611964327
22,1,0,1000,Non-elitist,28498.37383040596
22,1,1,1000,Non-elitist,27668.11558251768
22,1,2,1000,Non-elitist,41842.08009085951
22,1,3,1000,Non-elitist,22554.278963161327
22,1,4,1000,Non-elitist,25377.21689632602
22,1,5,1000,Non-elitist,42600.02949601071
22,1,6,1000,Non-elitist,39378.59652295796
22,1,7,1000,Non-elitist,38954.90544844371
22,1,8,1000,Non-elitist,44211.47079526374
22,1,9,1000,Non-elitist,26373.14782261655
22,1,10,1000,Non-elitist,37484.77340765727
22,1,11,1000,Non-elitist,39572.10471891314
22,1,12,1000,Non-elitist,37493.16757516167
22,1,13,1000,Non-elitist,26866.07425111601
22,1,14,1000,Non-elitist,42398.22488820292
22,1,15,1000,Non-elitist,41340.01736428241
22,1,16,1000,Non-elitist,39096.73298449349
22,1,17,1000,Non-elitist,43385.57292053299
22,1,18,1000,Non-elitist,40260.509766456096
22,1,19,1000,Non-elitist,41608.63971117207
22,2,0,1000,Non-elitist,38639.32387085704
22,2,1,1000,Non-elitist,49256.936781310855
22,2,2,1000,Non-elitist,49383.401577379926
22,2,3,1000,Non-elitist,45353.44163025045
22,2,4,1000,Non-elitist,40661.08961961782
22,2,5,1000,Non-elitist,52580.31301995907
22,2,6,1000,Non-elitist,47251.12681929779
22,2,7,1000,Non-elitist,43512.63894338055
22,2,8,1000,Non-elitist,43819.46962908914
22,2,9,1000,Non-elitist,42465.30368677733
22,2,10,1000,Non-elitist,63690.73145328082
22,2,11,1000,Non-elitist,44060.7915565856
22,2,12,1000,Non-elitist,52339.47205088081
22,2,13,1000,Non-elitist,42242.002641000014
22,2,14,1000,Non-elitist,52017.0574714173
22,2,15,1000,Non-elitist,44331.72163607928
22,2,16,1000,Non-elitist,43301.2993838995
22,2,17,1000,Non-elitist,63668.32033210788
22,2,18,1000,Non-elitist,63107.69862499344
22,2,19,1000,Non-elitist,52358.75841953339
22,3,0,1000,Non-elitist,32968.50232977989
22,3,1,1000,Non-elitist,26453.08847752072
22,3,2,1000,Non-elitist,29723.91998312585
22,3,3,1000,Non-elitist,27761.779592811246
22,3,4,1000,Non-elitist,25784.07554381742
22,3,5,1000,Non-elitist,25998.95753174158
22,3,6,1000,Non-elitist,21848.44854562518
22,3,7,1000,Non-elitist,25027.26460030315
22,3,8,1000,Non-elitist,34869.36140151509
22,3,9,1000,Non-elitist,25264.787193800188
22,3,10,1000,Non-elitist,26300.450776800324
22,3,11,1000,Non-elitist,24067.276425046883
22,3,12,1000,Non-elitist,23599.392777286197
22,3,13,1000,Non-elitist,37907.647852328846
22,3,14,1000,Non-elitist,23815.74474128463
22,3,15,1000,Non-elitist,27181.722486926043
22,3,16,1000,Non-elitist,24017.86707118967
22,3,17,1000,Non-elitist,29410.456610704925
22,3,18,1000,Non-elitist,26172.965593370354
22,3,19,1000,Non-elitist,28889.40087899256
22,4,0,1000,Non-elitist,24888.63396814908
22,4,1,1000,Non-elitist,24012.882363831544
22,4,2,1000,Non-elitist,33274.649124658084
22,4,3,1000,Non-elitist,25332.82543799453
22,4,4,1000,Non-elitist,23110.921763858067
22,4,5,1000,Non-elitist,25162.00543441793
22,4,6,1000,Non-elitist,28835.26752064584
22,4,7,1000,Non-elitist,22511.248600763334
22,4,8,1000,Non-elitist,26444.27120895131
22,4,9,1000,Non-elitist,27934.582019077752
22,4,10,1000,Non-elitist,21142.515841706987
22,4,11,1000,Non-elitist,26993.12384579188
22,4,12,1000,Non-elitist,28291.3902660058
22,4,13,1000,Non-elitist,24207.119308925117
22,4,14,1000,Non-elitist,26957.535259539225
22,4,15,1000,Non-elitist,25868.925634761148
22,4,16,1000,Non-elitist,29180.27072642393
22,4,17,1000,Non-elitist,26879.60072443525
22,4,18,1000,Non-elitist,21434.60510544037
22,4,19,1000,Non-elitist,23181.060556587847
22,5,0,1000,Non-elitist,28526.733734569567
22,5,1,1000,Non-elitist,32010.51658324767
22,5,2,1000,Non-elitist,27214.89068100228
22,5,3,1000,Non-elitist,26124.056045874888
22,5,4,1000,Non-elitist,32308.05480355993
22,5,5,1000,Non-elitist,28085.0496691629
22,5,6,1000,Non-elitist,28662.926098074717
22,5,7,1000,Non-elitist,29790.070353625408
22,5,8,1000,Non-elitist,31519.64273324749
22,5,9,1000,Non-elitist,30327.321719745043
22,5,10,1000,Non-elitist,34381.18760645334
22,5,11,1000,Non-elitist,31714.48563103996
22,5,12,1000,Non-elitist,25914.94487185353
22,5,13,1000,Non-elitist,31538.09301322357
22,5,14,1000,Non-elitist,25570.135083045265
22,5,15,1000,Non-elitist,35574.69032829221
22,5,16,1000,Non-elitist,33098.41150615616
22,5,17,1000,Non-elitist,31878.243838258488
22,5,18,1000,Non-elitist,32596.083093793903
22,5,19,1000,Non-elitist,35947.08655354265
22,6,0,1000,Non-elitist,62116.66260340131
22,6,1,1000,Non-elitist,62895.07484051336
22,6,2,1000,Non-elitist,63787.55567257144
22,6,3,1000,Non-elitist,63336.3789113182
22,6,4,1000,Non-elitist,52840.90719864632
22,6,5,1000,Non-elitist,26001.167072472614
22,6,6,1000,Non-elitist,28784.637697222235
22,6,7,1000,Non-elitist,63526.80921491343
22,6,8,1000,Non-elitist,24900.86630804953
22,6,9,1000,Non-elitist,63791.756987344925
22,6,10,1000,Non-elitist,26053.05288379524
22,6,11,1000,Non-elitist,64915.79540058934
22,6,12,1000,Non-elitist,62559.29439380828
22,6,13,1000,Non-elitist,62023.67691939368
22,6,14,1000,Non-elitist,62740.68883889321
22,6,15,1000,Non-elitist,40604.751572959765
22,6,16,1000,Non-elitist,64537.97251816873
22,6,17,1000,Non-elitist,62457.342776449215
22,6,18,1000,Non-elitist,39324.1435702891
22,6,19,1000,Non-elitist,36945.25857839742
22,7,0,1000,Non-elitist,38620.08694811999
22,7,1,1000,Non-elitist,43940.13802634942
22,7,2,1000,Non-elitist,34367.61045516877
22,7,3,1000,Non-elitist,33414.94026568807
22,7,4,1000,Non-elitist,35616.691098545154
22,7,5,1000,Non-elitist,53830.08087709444
22,7,6,1000,Non-elitist,37620.34992706548
22,7,7,1000,Non-elitist,35917.972156051954
22,7,8,1000,Non-elitist,45542.38214877785
22,7,9,1000,Non-elitist,35339.52246990655
22,7,10,1000,Non-elitist,51066.588165826106
22,7,11,1000,Non-elitist,33718.20953302261
22,7,12,1000,Non-elitist,37353.034161856485
22,7,13,1000,Non-elitist,46658.03043958721
22,7,14,1000,Non-elitist,45260.76158096455
22,7,15,1000,Non-elitist,45339.219515460005
22,7,16,1000,Non-elitist,46379.11569854024
22,7,17,1000,Non-elitist,45573.687064783946
22,7,18,1000,Non-elitist,35558.135746939995
22,7,19,1000,Non-elitist,57752.36476574479
23,1,0,1000,Non-elitist,5203.021599253432
23,1,1,1000,Non-elitist,5258.555292261422
23,1,2,1000,Non-elitist,6959.156794951456
23,1,3,1000,Non-elitist,6257.529936524448
23,1,4,1000,Non-elitist,5839.866639643411
23,1,5,1000,Non-elitist,6310.458483886754
23,1,6,1000,Non-elitist,6156.287539194238
23,1,7,1000,Non-elitist,5380.846775680557
23,1,8,1000,Non-elitist,5726.53274423664
23,1,9,1000,Non-elitist,6236.471630621388
23,1,10,1000,Non-elitist,5632.097314311649
23,1,11,1000,Non-elitist,5616.2530403816045
23,1,12,1000,Non-elitist,5996.48558267264
23,1,13,1000,Non-elitist,5268.873602035924
23,1,14,1000,Non-elitist,5410.721843859834
23,1,15,1000,Non-elitist,5784.005197376977
23,1,16,1000,Non-elitist,5525.099876112868
23,1,17,1000,Non-elitist,5592.638389697994
23,1,18,1000,Non-elitist,6022.965990442257
23,1,19,1000,Non-elitist,6008.3295669405325
23,2,0,1000,Non-elitist,6801.919139406493
23,2,1,1000,Non-elitist,5196.996175541088
23,2,2,1000,Non-elitist,5029.080186989496
23,2,3,1000,Non-elitist,6112.472705272177
23,2,4,1000,Non-elitist,4134.355502633467
23,2,5,1000,Non-elitist,4910.998827205682
23,2,6,1000,Non-elitist,6203.801748834136
23,2,7,1000,Non-elitist,5703.3005473885805
23,2,8,1000,Non-elitist,4519.988667134907
23,2,9,1000,Non-elitist,6157.130022132201
23,2,10,1000,Non-elitist,4171.869904766127
23,2,11,1000,Non-elitist,6106.570579968792
23,2,12,1000,Non-elitist,5882.855100088389
23,2,13,1000,Non-elitist,5945.984924948204
23,2,14,1000,Non-elitist,4771.002484968061
23,2,15,1000,Non-elitist,6498.9692451164665
23,2,16,1000,Non-elitist,6480.061514464636
23,2,17,1000,Non-elitist,5013.520557882959
23,2,18,1000,Non-elitist,5745.419890096486
23,2,19,1000,Non-elitist,6085.623189547446
23,3,0,1000,Non-elitist,5955.927635194803
23,3,1,1000,Non-elitist,5661.642877385896
23,3,2,1000,Non-elitist,5607.672066514188
23,3,3,1000,Non-elitist,4812.138342500166
23,3,4,1000,Non-elitist,6569.216033682269
23,3,5,1000,Non-elitist,5470.154787732052
23,3,6,1000,Non-elitist,6129.017306820173
23,3,7,1000,Non-elitist,6043.888458468429
23,3,8,1000,Non-elitist,4485.948374586125
23,3,9,1000,Non-elitist,6442.914858744938
23,3,10,1000,Non-elitist,5026.720814340527
23,3,11,1000,Non-elitist,5561.648823960022
23,3,12,1000,Non-elitist,6650.136670372644
23,3,13,1000,Non-elitist,6051.711634584397
23,3,14,1000,Non-elitist,5060.726763759483
23,3,15,1000,Non-elitist,5472.167704193055
23,3,16,1000,Non-elitist,6393.031266594442
23,3,17,1000,Non-elitist,6481.635451148222
23,3,18,1000,Non-elitist,6519.35292835775
23,3,19,1000,Non-elitist,4987.808996982018
23,4,0,1000,Non-elitist,5378.2441496261945
23,4,1,1000,Non-elitist,5237.943399644098
23,4,2,1000,Non-elitist,5870.523812994043
23,4,3,1000,Non-elitist,5123.294095679619
23,4,4,1000,Non-elitist,5301.45664427645
23,4,5,1000,Non-elitist,6233.62650085325
23,4,6,1000,Non-elitist,5675.266128578482
23,4,7,1000,Non-elitist,6170.293049788396
23,4,8,1000,Non-elitist,6116.888145997149
23,4,9,1000,Non-elitist,6542.004432954202
23,4,10,1000,Non-elitist,5905.003896330621
23,4,11,1000,Non-elitist,5885.07284339728
23,4,12,1000,Non-elitist,4811.577136450116
23,4,13,1000,Non-elitist,5475.540550146625
23,4,14,1000,Non-elitist,5347.394435827144
23,4,15,1000,Non-elitist,5916.559749754205
23,4,16,1000,Non-elitist,5531.913268482162
23,4,17,1000,Non-elitist,4967.350719613449
23,4,18,1000,Non-elitist,5940.1501333040615
23,4,19,1000,Non-elitist,5759.633970672794
23,5,0,1000,Non-elitist,6442.375440077765
23,5,1,1000,Non-elitist,6174.884813610394
23,5,2,1000,Non-elitist,6035.7001359671685
23,5,3,1000,Non-elitist,5850.928696102475
23,5,4,1000,Non-elitist,6120.972514708098
23,5,5,1000,Non-elitist,6022.751059079145
23,5,6,1000,Non-elitist,6494.518252919264
23,5,7,1000,Non-elitist,5096.5989441040565
23,5,8,1000,Non-elitist,5783.962985085291
23,5,9,1000,Non-elitist,5488.430988762064
23,5,10,1000,Non-elitist,6148.933724000584
23,5,11,1000,Non-elitist,4959.505771352515
23,5,12,1000,Non-elitist,6568.67938427151
23,5,13,1000,Non-elitist,5460.429056334266
23,5,14,1000,Non-elitist,5289.942142637327
23,5,15,1000,Non-elitist,5943.072968038457
23,5,16,1000,Non-elitist,5827.9370686199245
23,5,17,1000,Non-elitist,5669.775100440444
23,5,18,1000,Non-elitist,5191.646581461348
23,5,19,1000,Non-elitist,6360.530621263384
23,6,0,1000,Non-elitist,4990.964974509959
23,6,1,1000,Non-elitist,6386.530540387428
23,6,2,1000,Non-elitist,4227.890632020728
23,6,3,1000,Non-elitist,5510.755619492133
23,6,4,1000,Non-elitist,6327.607947177227
23,6,5,1000,Non-elitist,5991.917150350617
23,6,6,1000,Non-elitist,5058.367020927655
23,6,7,1000,Non-elitist,6227.624351450494
23,6,8,1000,Non-elitist,6288.509808385032
23,6,9,1000,Non-elitist,6355.589209797046
23,6,10,1000,Non-elitist,5832.439948277261
23,6,11,1000,Non-elitist,4901.132642539847
23,6,12,1000,Non-elitist,5100.323521804356
23,6,13,1000,Non-elitist,4782.32353314184
23,6,14,1000,Non-elitist,5896.240718772481
23,6,15,1000,Non-elitist,5667.923100636108
23,6,16,1000,Non-elitist,5285.37702945427
23,6,17,1000,Non-elitist,5346.380003423406
23,6,18,1000,Non-elitist,5954.9769872501
23,6,19,1000,Non-elitist,5771.972119805686
23,7,0,1000,Non-elitist,5967.9650732082
23,7,1,1000,Non-elitist,5014.556486552847
23,7,2,1000,Non-elitist,5924.945833529207
23,7,3,1000,Non-elitist,5834.256466576406
23,7,4,1000,Non-elitist,5305.613517321237
23,7,5,1000,Non-elitist,5301.478529642345
23,7,6,1000,Non-elitist,6012.703888458067
23,7,7,1000,Non-elitist,6228.981707850788
23,7,8,1000,Non-elitist,5608.944568466995
23,7,9,1000,Non-elitist,5657.978418766566
23,7,10,1000,Non-elitist,5405.902712290052
23,7,11,1000,Non-elitist,5552.226333182292
23,7,12,1000,Non-elitist,5142.7298029467
23,7,13,1000,Non-elitist,5490.550559347207
23,7,14,1000,Non-elitist,5936.010174167615
23,7,15,1000,Non-elitist,4755.626319777772
23,7,16,1000,Non-elitist,6260.660826883738
23,7,17,1000,Non-elitist,4402.786886162596
23,7,18,1000,Non-elitist,5892.967186731041
23,7,19,1000,Non-elitist,6553.123317080084
24,1,0,1000,Non-elitist,502578.36762085935
24,1,1,1000,Non-elitist,516546.0582741428
24,1,2,1000,Non-elitist,512523.9617968678
24,1,3,1000,Non-elitist,488408.9045737211
24,1,4,1000,Non-elitist,519676.36233880377
24,1,5,1000,Non-elitist,568309.9087815421
24,1,6,1000,Non-elitist,481418.3329190655
24,1,7,1000,Non-elitist,527308.7057456449
24,1,8,1000,Non-elitist,541845.5420896373
24,1,9,1000,Non-elitist,469700.6867621933
24,1,10,1000,Non-elitist,536860.7939103926
24,1,11,1000,Non-elitist,516618.72767694655
24,1,12,1000,Non-elitist,535170.3075510628
24,1,13,1000,Non-elitist,470598.086740403
24,1,14,1000,Non-elitist,528762.555784425
24,1,15,1000,Non-elitist,484351.88794161065
24,1,16,1000,Non-elitist,541357.9708931629
24,1,17,1000,Non-elitist,511800.9145099541
24,1,18,1000,Non-elitist,534864.8883992925
24,1,19,1000,Non-elitist,523988.7737489704
24,2,0,1000,Non-elitist,480392.7596237761
24,2,1,1000,Non-elitist,555041.2518633124
24,2,2,1000,Non-elitist,545208.6400011003
24,2,3,1000,Non-elitist,515703.121546209
24,2,4,1000,Non-elitist,494967.308851664
24,2,5,1000,Non-elitist,522904.7877529236
24,2,6,1000,Non-elitist,503867.8929079448
24,2,7,1000,Non-elitist,488870.5014681704
24,2,8,1000,Non-elitist,541387.7026291162
24,2,9,1000,Non-elitist,548995.2511967145
24,2,10,1000,Non-elitist,474431.3614057446
24,2,11,1000,Non-elitist,515607.1324523187
24,2,12,1000,Non-elitist,510568.2155107744
24,2,13,1000,Non-elitist,503402.06443524087
24,2,14,1000,Non-elitist,551197.4585511175
24,2,15,1000,Non-elitist,505332.8346861672
24,2,16,1000,Non-elitist,503614.0851280858
24,2,17,1000,Non-elitist,515257.7292990362
24,2,18,1000,Non-elitist,535616.6070409059
24,2,19,1000,Non-elitist,523508.1044271475
24,3,0,1000,Non-elitist,555745.6066463843
24,3,1,1000,Non-elitist,478394.08611161367
24,3,2,1000,Non-elitist,495191.7716721021
24,3,3,1000,Non-elitist,528238.3816946665
24,3,4,1000,Non-elitist,529338.5566436343
24,3,5,1000,Non-elitist,536378.5200972606
24,3,6,1000,Non-elitist,538306.2602036663
24,3,7,1000,Non-elitist,540964.7766141568
24,3,8,1000,Non-elitist,513015.5350405228
24,3,9,1000,Non-elitist,498983.8504127104
24,3,10,1000,Non-elitist,514337.84088696167
24,3,11,1000,Non-elitist,531534.1376632879
24,3,12,1000,Non-elitist,527014.0359809528
24,3,13,1000,Non-elitist,526251.6781928864
24,3,14,1000,Non-elitist,510603.0571102855
24,3,15,1000,Non-elitist,467445.8267608674
24,3,16,1000,Non-elitist,510575.19895962765
24,3,17,1000,Non-elitist,529764.8690164287
24,3,18,1000,Non-elitist,495957.9421605988
24,3,19,1000,Non-elitist,522476.5072732511
24,4,0,1000,Non-elitist,549534.4879420848
24,4,1,1000,Non-elitist,524891.7550306865
24,4,2,1000,Non-elitist,492618.7703110303
24,4,3,1000,Non-elitist,539113.0489556739
24,4,4,1000,Non-elitist,539441.1844929602
24,4,5,1000,Non-elitist,510015.4191126907
24,4,6,1000,Non-elitist,493769.7050135488
24,4,7,1000,Non-elitist,545981.404255861
24,4,8,1000,Non-elitist,505509.7348682121
24,4,9,1000,Non-elitist,528950.7912735802
24,4,10,1000,Non-elitist,549522.9749915526
24,4,11,1000,Non-elitist,536855.1981494641
24,4,12,1000,Non-elitist,528652.0340695442
24,4,13,1000,Non-elitist,526449.2990543806
24,4,14,1000,Non-elitist,517307.46803515
24,4,15,1000,Non-elitist,526773.0525764686
24,4,16,1000,Non-elitist,529716.2740283987
24,4,17,1000,Non-elitist,520465.5200473462
24,4,18,1000,Non-elitist,527746.3189565525
24,4,19,1000,Non-elitist,508843.01312090136
24,5,0,1000,Non-elitist,510513.3171160384
24,5,1,1000,Non-elitist,532503.1765570813
24,5,2,1000,Non-elitist,528192.8214894705
24,5,3,1000,Non-elitist,543830.8147612285
24,5,4,1000,Non-elitist,530035.3027227521
24,5,5,1000,Non-elitist,521041.8403772179
24,5,6,1000,Non-elitist,484082.8932405547
24,5,7,1000,Non-elitist,535312.6845925952
24,5,8,1000,Non-elitist,530898.1149392528
24,5,9,1000,Non-elitist,529535.2966251689
24,5,10,1000,Non-elitist,516678.4034606793
24,5,11,1000,Non-elitist,523105.5007722488
24,5,12,1000,Non-elitist,568929.36113782
24,5,13,1000,Non-elitist,504855.98965089815
24,5,14,1000,Non-elitist,545285.3164394768
24,5,15,1000,Non-elitist,538806.8707004588
24,5,16,1000,Non-elitist,522521.2396360173
24,5,17,1000,Non-elitist,541785.8200725003
24,5,18,1000,Non-elitist,517888.2124196955
24,5,19,1000,Non-elitist,544338.9351217018
24,6,0,1000,Non-elitist,552989.265570078
24,6,1,1000,Non-elitist,495896.0692448059
24,6,2,1000,Non-elitist,529637.3851643354
24,6,3,1000,Non-elitist,547427.028404726
24,6,4,1000,Non-elitist,517751.2827235608
24,6,5,1000,Non-elitist,527641.0040704533
24,6,6,1000,Non-elitist,552618.3271211978
24,6,7,1000,Non-elitist,551871.685302241
24,6,8,1000,Non-elitist,526435.3446709267
24,6,9,1000,Non-elitist,544704.5294733348
24,6,10,1000,Non-elitist,565655.0059449584
24,6,11,1000,Non-elitist,502813.42270253634
24,6,12,1000,Non-elitist,548181.6907480011
24,6,13,1000,Non-elitist,548668.5808351187
24,6,14,1000,Non-elitist,544706.3027480324
24,6,15,1000,Non-elitist,555390.1355657296
24,6,16,1000,Non-elitist,541786.4524140119
24,6,17,1000,Non-elitist,568207.3572748867
24,6,18,1000,Non-elitist,535694.0974665203
24,6,19,1000,Non-elitist,517783.0807737768
24,7,0,1000,Non-elitist,505361.2965213526
24,7,1,1000,Non-elitist,538987.7296787972
24,7,2,1000,Non-elitist,536667.1690778058
24,7,3,1000,Non-elitist,516114.2402651942
24,7,4,1000,Non-elitist,522336.642103666
24,7,5,1000,Non-elitist,553820.0250526764
24,7,6,1000,Non-elitist,501635.3874862903
24,7,7,1000,Non-elitist,542169.1235688435
24,7,8,1000,Non-elitist,534484.4575994646
24,7,9,1000,Non-elitist,523859.2825993876
24,7,10,1000,Non-elitist,516058.5140078556
24,7,11,1000,Non-elitist,508162.12477547856
24,7,12,1000,Non-elitist,494417.3091356598
24,7,13,1000,Non-elitist,517283.1151954996
24,7,14,1000,Non-elitist,467911.3279548303
24,7,15,1000,Non-elitist,522814.96758608887
24,7,16,1000,Non-elitist,501916.0893734477
24,7,17,1000,Non-elitist,513603.76101085055
24,7,18,1000,Non-elitist,533868.6367656143
24,7,19,1000,Non-elitist,501723.38148498925
