fid,iid,rep,a1_budget,algname,achieved_auc
1,1,0,500,BFGS,40419.03173858412
1,1,1,500,BFGS,43816.28567151272
1,1,2,500,BFGS,40267.1340155405
1,1,3,500,BFGS,38149.311657760976
1,1,4,500,BFGS,32927.30778520049
1,1,5,500,BFGS,35454.037283505444
1,1,6,500,BFGS,35961.072291127326
1,1,7,500,BFGS,38589.00658419237
1,1,8,500,BFGS,47317.4495701013
1,1,9,500,BFGS,47208.91533348162
1,1,10,500,BFGS,43999.06042830542
1,1,11,500,BFGS,35521.111205819805
1,1,12,500,BFGS,33524.85665795732
1,1,13,500,BFGS,34645.63766462792
1,1,14,500,BFGS,47132.24514023417
1,1,15,500,BFGS,40324.83687010385
1,1,16,500,BFGS,49521.27060674595
1,1,17,500,BFGS,41845.84401206427
1,1,18,500,BFGS,37848.12829120384
1,1,19,500,BFGS,38639.56583594025
1,2,0,500,BFGS,38685.12394782284
1,2,1,500,BFGS,47293.97280254843
1,2,2,500,BFGS,48831.80105013836
1,2,3,500,BFGS,53334.18837646287
1,2,4,500,BFGS,43165.93504614833
1,2,5,500,BFGS,44562.21495573082
1,2,6,500,BFGS,45200.38225866601
1,2,7,500,BFGS,47266.634928530766
1,2,8,500,BFGS,51110.0311638055
1,2,9,500,BFGS,43670.729559249994
1,2,10,500,BFGS,48547.64439366724
1,2,11,500,BFGS,53980.540975454795
1,2,12,500,BFGS,42649.24319511407
1,2,13,500,BFGS,49497.03479985377
1,2,14,500,BFGS,42896.496950690256
1,2,15,500,BFGS,47726.87139510621
1,2,16,500,BFGS,42649.59309885523
1,2,17,500,BFGS,50594.97453243471
1,2,18,500,BFGS,45343.14668040995
1,2,19,500,BFGS,47723.68897960112
1,3,0,500,BFGS,45903.01102556039
1,3,1,500,BFGS,40214.97388411994
1,3,2,500,BFGS,42751.548979240826
1,3,3,500,BFGS,44041.471979042406
1,3,4,500,BFGS,37034.890458847716
1,3,5,500,BFGS,45628.07090123149
1,3,6,500,BFGS,37614.92393077908
1,3,7,500,BFGS,40422.02015259464
1,3,8,500,BFGS,36897.07669990789
1,3,9,500,BFGS,44074.96755906502
1,3,10,500,BFGS,35305.86343619728
1,3,11,500,BFGS,42633.24852774269
1,3,12,500,BFGS,37977.717180207415
1,3,13,500,BFGS,45592.01855524338
1,3,14,500,BFGS,34685.99494087922
1,3,15,500,BFGS,33333.73169798922
1,3,16,500,BFGS,38148.58390012412
1,3,17,500,BFGS,45117.23746373812
1,3,18,500,BFGS,45720.97294716337
1,3,19,500,BFGS,40303.0231037459
1,4,0,500,BFGS,49726.87362667172
1,4,1,500,BFGS,42339.94326127104
1,4,2,500,BFGS,47448.22580867506
1,4,3,500,BFGS,44261.077564203406
1,4,4,500,BFGS,36522.55468609762
1,4,5,500,BFGS,42284.29562804949
1,4,6,500,BFGS,34168.85881989574
1,4,7,500,BFGS,48170.49084882196
1,4,8,500,BFGS,41964.49585413164
1,4,9,500,BFGS,37277.96387974482
1,4,10,500,BFGS,41395.641978996726
1,4,11,500,BFGS,38103.595400562415
1,4,12,500,BFGS,40536.08048336157
1,4,13,500,BFGS,38822.21433110503
1,4,14,500,BFGS,43031.491621888475
1,4,15,500,BFGS,40099.75048850115
1,4,16,500,BFGS,41058.616543178476
1,4,17,500,BFGS,44150.951120026715
1,4,18,500,BFGS,46737.28040475585
1,4,19,500,BFGS,47047.6595876123
1,5,0,500,BFGS,39441.6655914804
1,5,1,500,BFGS,34496.774921196564
1,5,2,500,BFGS,42006.319115810096
1,5,3,500,BFGS,35692.10857863963
1,5,4,500,BFGS,34824.198634110435
1,5,5,500,BFGS,35214.18658500037
1,5,6,500,BFGS,36014.165196838316
1,5,7,500,BFGS,39836.12445507666
1,5,8,500,BFGS,35796.75801032746
1,5,9,500,BFGS,42247.92273386604
1,5,10,500,BFGS,37098.59974829996
1,5,11,500,BFGS,37245.07332601686
1,5,12,500,BFGS,42079.3110605966
1,5,13,500,BFGS,32582.483461441476
1,5,14,500,BFGS,33946.759525837544
1,5,15,500,BFGS,33475.83252348707
1,5,16,500,BFGS,33952.284421799806
1,5,17,500,BFGS,39972.95033060316
1,5,18,500,BFGS,45234.80169623709
1,5,19,500,BFGS,37063.45219561213
1,6,0,500,BFGS,49729.41344310427
1,6,1,500,BFGS,43030.84204425147
1,6,2,500,BFGS,40804.755583165315
1,6,3,500,BFGS,46237.138081036406
1,6,4,500,BFGS,40014.81217066188
1,6,5,500,BFGS,42692.007405172386
1,6,6,500,BFGS,44119.34272040181
1,6,7,500,BFGS,41681.91111857774
1,6,8,500,BFGS,37406.3071985565
1,6,9,500,BFGS,39249.71401300258
1,6,10,500,BFGS,44172.36613666539
1,6,11,500,BFGS,42565.77003492323
1,6,12,500,BFGS,38439.72802514703
1,6,13,500,BFGS,41271.18283503667
1,6,14,500,BFGS,49213.25640354728
1,6,15,500,BFGS,38947.63837620991
1,6,16,500,BFGS,42408.95383005094
1,6,17,500,BFGS,39544.71207386698
1,6,18,500,BFGS,41583.58944762906
1,6,19,500,BFGS,41564.602851087635
1,7,0,500,BFGS,38234.50151653849
1,7,1,500,BFGS,53333.64566305394
1,7,2,500,BFGS,42621.59550788994
1,7,3,500,BFGS,47299.607219104364
1,7,4,500,BFGS,38844.029485614425
1,7,5,500,BFGS,39832.07250832034
1,7,6,500,BFGS,48688.029674021716
1,7,7,500,BFGS,42825.88702512419
1,7,8,500,BFGS,42596.96778064515
1,7,9,500,BFGS,43925.685902225254
1,7,10,500,BFGS,40955.62156399817
1,7,11,500,BFGS,46234.06190677315
1,7,12,500,BFGS,37326.30576506892
1,7,13,500,BFGS,48916.60387288329
1,7,14,500,BFGS,37345.922377849514
1,7,15,500,BFGS,42875.06333799753
1,7,16,500,BFGS,40791.647718312866
1,7,17,500,BFGS,42435.58140182004
1,7,18,500,BFGS,41485.5227934922
1,7,19,500,BFGS,41861.67499075972
2,1,0,500,BFGS,1437841772.1515505
2,1,1,500,BFGS,1861017684.5289767
2,1,2,500,BFGS,1672762962.051938
2,1,3,500,BFGS,1410763686.8045259
2,1,4,500,BFGS,1839923297.5345068
2,1,5,500,BFGS,1790244943.0430443
2,1,6,500,BFGS,1740316443.6146166
2,1,7,500,BFGS,1655292492.9073768
2,1,8,500,BFGS,1179465279.2599945
2,1,9,500,BFGS,1416650904.8804898
2,1,10,500,BFGS,1539619405.6259694
2,1,11,500,BFGS,1920763549.8920798
2,1,12,500,BFGS,1665774134.3153758
2,1,13,500,BFGS,1106496104.9695249
2,1,14,500,BFGS,1829905685.8185334
2,1,15,500,BFGS,1671872351.9660954
2,1,16,500,BFGS,1488443544.0747428
2,1,17,500,BFGS,1531472978.0058236
2,1,18,500,BFGS,1514027465.612411
2,1,19,500,BFGS,1307622556.7825952
2,2,0,500,BFGS,1694378381.2034607
2,2,1,500,BFGS,1817899002.0457616
2,2,2,500,BFGS,1669464786.1812973
2,2,3,500,BFGS,2092692113.9372714
2,2,4,500,BFGS,2231699479.862008
2,2,5,500,BFGS,1668178885.928349
2,2,6,500,BFGS,1743493719.366352
2,2,7,500,BFGS,1360082376.7149854
2,2,8,500,BFGS,1725078598.6672487
2,2,9,500,BFGS,1663309460.692977
2,2,10,500,BFGS,1629694568.2453225
2,2,11,500,BFGS,2007009136.9675965
2,2,12,500,BFGS,2084585781.4220414
2,2,13,500,BFGS,1694537114.8470957
2,2,14,500,BFGS,2029313285.511829
2,2,15,500,BFGS,1937850314.462243
2,2,16,500,BFGS,2088302339.6729848
2,2,17,500,BFGS,2081091605.1876683
2,2,18,500,BFGS,2132937351.407682
2,2,19,500,BFGS,2143424205.1145618
2,3,0,500,BFGS,1601816224.7687185
2,3,1,500,BFGS,1379374001.6221337
2,3,2,500,BFGS,1745822988.0597742
2,3,3,500,BFGS,1902140668.9134707
2,3,4,500,BFGS,1884880385.2342708
2,3,5,500,BFGS,2131038316.8371003
2,3,6,500,BFGS,2304865641.5689297
2,3,7,500,BFGS,1804038673.9198904
2,3,8,500,BFGS,1447511664.631055
2,3,9,500,BFGS,1506208861.965656
2,3,10,500,BFGS,1781234366.1048493
2,3,11,500,BFGS,1826259880.6146626
2,3,12,500,BFGS,1613396164.7556884
2,3,13,500,BFGS,2012893351.9921472
2,3,14,500,BFGS,1940203425.9483995
2,3,15,500,BFGS,1834198930.25523
2,3,16,500,BFGS,2311604059.6758375
2,3,17,500,BFGS,1822214522.8582222
2,3,18,500,BFGS,1556707808.273766
2,3,19,500,BFGS,1674721001.9068584
2,4,0,500,BFGS,1674864800.113235
2,4,1,500,BFGS,1955555081.2778687
2,4,2,500,BFGS,1846029881.6422286
2,4,3,500,BFGS,1484075979.9348688
2,4,4,500,BFGS,1757288157.2188857
2,4,5,500,BFGS,1984818166.5210233
2,4,6,500,BFGS,1679940337.1534898
2,4,7,500,BFGS,1804528819.0585418
2,4,8,500,BFGS,1955088114.5592556
2,4,9,500,BFGS,2118850750.58602
2,4,10,500,BFGS,2235545943.7747016
2,4,11,500,BFGS,1939599437.943842
2,4,12,500,BFGS,2014870534.395002
2,4,13,500,BFGS,1608986431.769866
2,4,14,500,BFGS,1757303124.4574726
2,4,15,500,BFGS,2323917894.9375677
2,4,16,500,BFGS,1602408684.621101
2,4,17,500,BFGS,1813086792.191062
2,4,18,500,BFGS,1729193057.7251072
2,4,19,500,BFGS,1843811508.5655856
2,5,0,500,BFGS,1308813823.081904
2,5,1,500,BFGS,1421705600.5999472
2,5,2,500,BFGS,1962469182.9756575
2,5,3,500,BFGS,1884533832.902728
2,5,4,500,BFGS,1968666341.5033288
2,5,5,500,BFGS,1503211768.9479604
2,5,6,500,BFGS,1381069968.2031467
2,5,7,500,BFGS,1504429879.3612282
2,5,8,500,BFGS,2160086345.150149
2,5,9,500,BFGS,1268205491.2953181
2,5,10,500,BFGS,1525618108.1806195
2,5,11,500,BFGS,1553642910.8219736
2,5,12,500,BFGS,2456637971.6608295
2,5,13,500,BFGS,1834148958.8905318
2,5,14,500,BFGS,1867923509.9653184
2,5,15,500,BFGS,1394530894.5706022
2,5,16,500,BFGS,1680057688.3983722
2,5,17,500,BFGS,1912819786.659786
2,5,18,500,BFGS,2162029187.150585
2,5,19,500,BFGS,1788979699.0062575
2,6,0,500,BFGS,1786386435.6395721
2,6,1,500,BFGS,1771901934.9325943
2,6,2,500,BFGS,2004204890.72373
2,6,3,500,BFGS,1795195069.7719307
2,6,4,500,BFGS,1680473818.3951402
2,6,5,500,BFGS,2006488935.8639216
2,6,6,500,BFGS,2110525723.3261902
2,6,7,500,BFGS,1519313267.0072896
2,6,8,500,BFGS,1720393016.1606994
2,6,9,500,BFGS,1828457348.219195
2,6,10,500,BFGS,1933288192.072977
2,6,11,500,BFGS,1843036190.126557
2,6,12,500,BFGS,1913405824.7219868
2,6,13,500,BFGS,1753636966.7809172
2,6,14,500,BFGS,2351081082.34995
2,6,15,500,BFGS,2208140760.1961246
2,6,16,500,BFGS,2106739635.5123138
2,6,17,500,BFGS,1833259465.783211
2,6,18,500,BFGS,1844221813.6812477
2,6,19,500,BFGS,2137584121.4844923
2,7,0,500,BFGS,1374538319.9721472
2,7,1,500,BFGS,1429428649.7818103
2,7,2,500,BFGS,1609976194.641512
2,7,3,500,BFGS,1447192504.5955384
2,7,4,500,BFGS,1530669080.5341203
2,7,5,500,BFGS,1617733636.3805344
2,7,6,500,BFGS,1196849390.2370741
2,7,7,500,BFGS,1950805479.189278
2,7,8,500,BFGS,1597221331.6755943
2,7,9,500,BFGS,1690258492.544667
2,7,10,500,BFGS,1294123282.9306724
2,7,11,500,BFGS,1461189126.0987883
2,7,12,500,BFGS,1427328683.0700097
2,7,13,500,BFGS,1522809656.683796
2,7,14,500,BFGS,1390097127.0933576
2,7,15,500,BFGS,1609258242.4951684
2,7,16,500,BFGS,1431299107.550499
2,7,17,500,BFGS,1337413298.3598914
2,7,18,500,BFGS,1723294467.5706272
2,7,19,500,BFGS,1956980103.0895698
3,1,0,500,BFGS,539330.799647041
3,1,1,500,BFGS,611774.0170404406
3,1,2,500,BFGS,532320.2255686622
3,1,3,500,BFGS,609834.6985954172
3,1,4,500,BFGS,504575.10672649683
3,1,5,500,BFGS,559052.407275366
3,1,6,500,BFGS,514541.6453303214
3,1,7,500,BFGS,594633.0785244644
3,1,8,500,BFGS,632151.3768892013
3,1,9,500,BFGS,578114.5602290101
3,1,10,500,BFGS,559005.4075819502
3,1,11,500,BFGS,565380.9137497364
3,1,12,500,BFGS,556391.9537377981
3,1,13,500,BFGS,587140.3176846833
3,1,14,500,BFGS,536323.2609815435
3,1,15,500,BFGS,617359.8639240807
3,1,16,500,BFGS,546088.4977805807
3,1,17,500,BFGS,592189.0789267553
3,1,18,500,BFGS,601158.5884811573
3,1,19,500,BFGS,527835.7956079928
3,2,0,500,BFGS,600935.1272960899
3,2,1,500,BFGS,594163.7550603838
3,2,2,500,BFGS,565244.8559392223
3,2,3,500,BFGS,564073.0909592101
3,2,4,500,BFGS,544439.1890101903
3,2,5,500,BFGS,542688.8311940096
3,2,6,500,BFGS,621107.9742758675
3,2,7,500,BFGS,588761.5369491061
3,2,8,500,BFGS,657380.3517120068
3,2,9,500,BFGS,477752.8329833043
3,2,10,500,BFGS,544997.7984854268
3,2,11,500,BFGS,516733.4383415917
3,2,12,500,BFGS,625539.0128053455
3,2,13,500,BFGS,556059.0036825689
3,2,14,500,BFGS,572078.0344025183
3,2,15,500,BFGS,593675.7962742087
3,2,16,500,BFGS,624390.7029828582
3,2,17,500,BFGS,601012.6471419677
3,2,18,500,BFGS,616828.481730382
3,2,19,500,BFGS,520108.3171497336
3,3,0,500,BFGS,626465.8505205307
3,3,1,500,BFGS,586193.417426836
3,3,2,500,BFGS,554540.5813480925
3,3,3,500,BFGS,511082.1619158669
3,3,4,500,BFGS,621188.7744295576
3,3,5,500,BFGS,637373.0853099698
3,3,6,500,BFGS,520696.5028235061
3,3,7,500,BFGS,609698.8481640196
3,3,8,500,BFGS,545755.3941760587
3,3,9,500,BFGS,628177.263572046
3,3,10,500,BFGS,659842.1009116613
3,3,11,500,BFGS,580675.9518907593
3,3,12,500,BFGS,581185.1482202983
3,3,13,500,BFGS,613076.5745333866
3,3,14,500,BFGS,581518.2968287917
3,3,15,500,BFGS,606358.7935665692
3,3,16,500,BFGS,637152.7029140285
3,3,17,500,BFGS,610529.1935674425
3,3,18,500,BFGS,571008.2786518398
3,3,19,500,BFGS,538352.160319
3,4,0,500,BFGS,521885.5053063031
3,4,1,500,BFGS,611687.8368204375
3,4,2,500,BFGS,592626.560237253
3,4,3,500,BFGS,567263.3083182236
3,4,4,500,BFGS,503924.9326685916
3,4,5,500,BFGS,483979.72750197735
3,4,6,500,BFGS,498915.95021795045
3,4,7,500,BFGS,541669.5850425086
3,4,8,500,BFGS,565540.1742802075
3,4,9,500,BFGS,532671.4293961059
3,4,10,500,BFGS,543989.6779084794
3,4,11,500,BFGS,542578.4790988428
3,4,12,500,BFGS,501546.4002233777
3,4,13,500,BFGS,511296.75655984145
3,4,14,500,BFGS,539910.7394889682
3,4,15,500,BFGS,634003.6805414908
3,4,16,500,BFGS,543876.5235973146
3,4,17,500,BFGS,594434.1346366932
3,4,18,500,BFGS,545842.8916124223
3,4,19,500,BFGS,601850.0386502412
3,5,0,500,BFGS,522032.6985629563
3,5,1,500,BFGS,615601.3326908671
3,5,2,500,BFGS,658522.6997540058
3,5,3,500,BFGS,666706.0166309805
3,5,4,500,BFGS,630539.5708948353
3,5,5,500,BFGS,592321.6625942402
3,5,6,500,BFGS,577136.193939257
3,5,7,500,BFGS,634589.7367076527
3,5,8,500,BFGS,536625.6135688265
3,5,9,500,BFGS,612405.9307822713
3,5,10,500,BFGS,662478.9086802884
3,5,11,500,BFGS,589627.0967302795
3,5,12,500,BFGS,581615.2503359949
3,5,13,500,BFGS,522467.814121491
3,5,14,500,BFGS,542108.3037202939
3,5,15,500,BFGS,590602.2907848081
3,5,16,500,BFGS,622810.5014883641
3,5,17,500,BFGS,678569.8224464712
3,5,18,500,BFGS,555963.9291266853
3,5,19,500,BFGS,588990.8203862992
3,6,0,500,BFGS,611590.1047856493
3,6,1,500,BFGS,568878.4362026562
3,6,2,500,BFGS,576090.320094526
3,6,3,500,BFGS,593442.8398942617
3,6,4,500,BFGS,600694.4702472826
3,6,5,500,BFGS,609666.8875218469
3,6,6,500,BFGS,654405.2267892959
3,6,7,500,BFGS,563769.7876822933
3,6,8,500,BFGS,610022.4563945846
3,6,9,500,BFGS,623760.5382193687
3,6,10,500,BFGS,579341.6952040736
3,6,11,500,BFGS,570591.46769359
3,6,12,500,BFGS,572536.4497339999
3,6,13,500,BFGS,567918.0249157726
3,6,14,500,BFGS,586050.7932163721
3,6,15,500,BFGS,581537.1939105466
3,6,16,500,BFGS,551824.37495156
3,6,17,500,BFGS,589374.8539049255
3,6,18,500,BFGS,630195.6923465019
3,6,19,500,BFGS,524406.4967563008
3,7,0,500,BFGS,499396.091041359
3,7,1,500,BFGS,566062.6363273861
3,7,2,500,BFGS,521461.31960717647
3,7,3,500,BFGS,609694.9562162621
3,7,4,500,BFGS,566112.890636276
3,7,5,500,BFGS,582867.0083241076
3,7,6,500,BFGS,517740.1512440366
3,7,7,500,BFGS,519010.0145023092
3,7,8,500,BFGS,595037.220248733
3,7,9,500,BFGS,519515.8703299121
3,7,10,500,BFGS,528384.2395473428
3,7,11,500,BFGS,537765.4761534417
3,7,12,500,BFGS,507264.4243522942
3,7,13,500,BFGS,584189.5796041859
3,7,14,500,BFGS,572114.7346762975
3,7,15,500,BFGS,579582.6371124989
3,7,16,500,BFGS,567989.0279305839
3,7,17,500,BFGS,556308.4461847282
3,7,18,500,BFGS,513959.24110253167
3,7,19,500,BFGS,518842.4723212761
4,1,0,500,BFGS,854925.5236012882
4,1,1,500,BFGS,790609.3539832127
4,1,2,500,BFGS,803826.8595765228
4,1,3,500,BFGS,991257.8697525043
4,1,4,500,BFGS,984571.131747843
4,1,5,500,BFGS,737407.242351344
4,1,6,500,BFGS,869469.0405940027
4,1,7,500,BFGS,824254.3499353637
4,1,8,500,BFGS,1023151.2127421845
4,1,9,500,BFGS,998013.9894572934
4,1,10,500,BFGS,782884.2613279291
4,1,11,500,BFGS,844689.2744093969
4,1,12,500,BFGS,824458.8190106758
4,1,13,500,BFGS,844391.6031412126
4,1,14,500,BFGS,1039528.2053688752
4,1,15,500,BFGS,832501.0360829822
4,1,16,500,BFGS,865376.4834359053
4,1,17,500,BFGS,910693.9765306442
4,1,18,500,BFGS,928179.9083572864
4,1,19,500,BFGS,940966.8420832206
4,2,0,500,BFGS,887020.147413326
4,2,1,500,BFGS,895132.5829908026
4,2,2,500,BFGS,831822.9003474916
4,2,3,500,BFGS,935738.4699202736
4,2,4,500,BFGS,819716.2730347206
4,2,5,500,BFGS,929250.8756612275
4,2,6,500,BFGS,901998.2028262102
4,2,7,500,BFGS,767098.0754785975
4,2,8,500,BFGS,921413.4693143531
4,2,9,500,BFGS,852080.617225755
4,2,10,500,BFGS,835299.0640135396
4,2,11,500,BFGS,921103.2441793974
4,2,12,500,BFGS,733257.4162039028
4,2,13,500,BFGS,908322.7151938725
4,2,14,500,BFGS,894286.8978163359
4,2,15,500,BFGS,917269.9496164895
4,2,16,500,BFGS,884173.4547057982
4,2,17,500,BFGS,1037423.945695134
4,2,18,500,BFGS,912294.8351699447
4,2,19,500,BFGS,1090386.980891368
4,3,0,500,BFGS,806404.4352759331
4,3,1,500,BFGS,814889.9076589958
4,3,2,500,BFGS,932201.095317587
4,3,3,500,BFGS,741284.28121786
4,3,4,500,BFGS,910999.8363782563
4,3,5,500,BFGS,905648.1421335905
4,3,6,500,BFGS,883262.3294831495
4,3,7,500,BFGS,924391.2689943118
4,3,8,500,BFGS,833284.8288369814
4,3,9,500,BFGS,990681.6304859606
4,3,10,500,BFGS,871026.0019055171
4,3,11,500,BFGS,992959.3289025623
4,3,12,500,BFGS,930978.4006644824
4,3,13,500,BFGS,932462.5003958791
4,3,14,500,BFGS,1026883.960213948
4,3,15,500,BFGS,938901.9291037517
4,3,16,500,BFGS,799549.694749063
4,3,17,500,BFGS,863427.0736128442
4,3,18,500,BFGS,928981.5869042986
4,3,19,500,BFGS,840550.2494569455
4,4,0,500,BFGS,839668.6157178705
4,4,1,500,BFGS,817012.9512503573
4,4,2,500,BFGS,821829.1062153592
4,4,3,500,BFGS,894719.8796251598
4,4,4,500,BFGS,703478.1352243198
4,4,5,500,BFGS,862764.3747973408
4,4,6,500,BFGS,846132.9737673559
4,4,7,500,BFGS,871802.8019929747
4,4,8,500,BFGS,774944.1481021922
4,4,9,500,BFGS,901331.9545194242
4,4,10,500,BFGS,917008.9889198879
4,4,11,500,BFGS,977945.3743905077
4,4,12,500,BFGS,853338.6300267586
4,4,13,500,BFGS,759543.5048315197
4,4,14,500,BFGS,893554.8661496805
4,4,15,500,BFGS,876270.0897777088
4,4,16,500,BFGS,979971.889353445
4,4,17,500,BFGS,876690.0871398831
4,4,18,500,BFGS,828704.9080780282
4,4,19,500,BFGS,842824.0365021265
4,5,0,500,BFGS,828784.0332935604
4,5,1,500,BFGS,1012527.4621366824
4,5,2,500,BFGS,866480.0285963495
4,5,3,500,BFGS,800300.961588151
4,5,4,500,BFGS,1000214.9370835725
4,5,5,500,BFGS,868869.2926375913
4,5,6,500,BFGS,860928.46790322
4,5,7,500,BFGS,815505.1407270073
4,5,8,500,BFGS,898993.077458555
4,5,9,500,BFGS,945091.7765239087
4,5,10,500,BFGS,896947.6951737645
4,5,11,500,BFGS,864138.1839842113
4,5,12,500,BFGS,883406.7559202008
4,5,13,500,BFGS,836520.8092901299
4,5,14,500,BFGS,961505.1602186321
4,5,15,500,BFGS,813666.4622032295
4,5,16,500,BFGS,725394.0541333458
4,5,17,500,BFGS,914043.5342662702
4,5,18,500,BFGS,847502.1561406868
4,5,19,500,BFGS,999205.9522131959
4,6,0,500,BFGS,896522.0740899455
4,6,1,500,BFGS,957259.3017043434
4,6,2,500,BFGS,808850.4539125093
4,6,3,500,BFGS,796217.3760312244
4,6,4,500,BFGS,926191.724997591
4,6,5,500,BFGS,938001.7033462948
4,6,6,500,BFGS,947273.9435196007
4,6,7,500,BFGS,858853.6755729961
4,6,8,500,BFGS,892282.4736289531
4,6,9,500,BFGS,857986.3110702385
4,6,10,500,BFGS,909315.5457304232
4,6,11,500,BFGS,851090.568218264
4,6,12,500,BFGS,955362.9703311471
4,6,13,500,BFGS,954563.8014794635
4,6,14,500,BFGS,930378.9041818215
4,6,15,500,BFGS,871650.7517787069
4,6,16,500,BFGS,959315.6686996629
4,6,17,500,BFGS,1015052.3693679962
4,6,18,500,BFGS,794995.5410147957
4,6,19,500,BFGS,981185.536631627
4,7,0,500,BFGS,830095.6759191316
4,7,1,500,BFGS,902364.9576525061
4,7,2,500,BFGS,742720.1511090689
4,7,3,500,BFGS,796118.5256854554
4,7,4,500,BFGS,871896.2352932084
4,7,5,500,BFGS,854448.7059357571
4,7,6,500,BFGS,830569.5206118919
4,7,7,500,BFGS,759928.2866140407
4,7,8,500,BFGS,803249.4224253081
4,7,9,500,BFGS,784830.8650274572
4,7,10,500,BFGS,748779.8617545818
4,7,11,500,BFGS,888117.4537554417
4,7,12,500,BFGS,969282.8679427288
4,7,13,500,BFGS,786320.0478995822
4,7,14,500,BFGS,908361.6029395917
4,7,15,500,BFGS,856381.4042253754
4,7,16,500,BFGS,727228.883532997
4,7,17,500,BFGS,858399.3105962827
4,7,18,500,BFGS,876525.850744053
4,7,19,500,BFGS,880233.1831870172
5,1,0,500,BFGS,156526.02593101707
5,1,1,500,BFGS,177616.90015328364
5,1,2,500,BFGS,171528.95266331438
5,1,3,500,BFGS,159255.4606382918
5,1,4,500,BFGS,180049.6293756669
5,1,5,500,BFGS,155565.08680217882
5,1,6,500,BFGS,152434.95218234678
5,1,7,500,BFGS,153699.98706719026
5,1,8,500,BFGS,174052.09217832782
5,1,9,500,BFGS,175834.58574513337
5,1,10,500,BFGS,159834.51278841856
5,1,11,500,BFGS,166653.26850093334
5,1,12,500,BFGS,126612.23318331121
5,1,13,500,BFGS,139111.85671514226
5,1,14,500,BFGS,170275.79891154642
5,1,15,500,BFGS,178144.9414028708
5,1,16,500,BFGS,165896.03992290323
5,1,17,500,BFGS,167914.75400311567
5,1,18,500,BFGS,186662.4272650707
5,1,19,500,BFGS,175509.3232237921
5,2,0,500,BFGS,170049.0349714038
5,2,1,500,BFGS,187996.00934356375
5,2,2,500,BFGS,174981.73908739327
5,2,3,500,BFGS,166492.02168065196
5,2,4,500,BFGS,168574.97065705794
5,2,5,500,BFGS,159878.88590769118
5,2,6,500,BFGS,175658.44410095635
5,2,7,500,BFGS,138582.03802939103
5,2,8,500,BFGS,177746.3431746276
5,2,9,500,BFGS,191273.7825309735
5,2,10,500,BFGS,155094.61907793806
5,2,11,500,BFGS,153736.9458786772
5,2,12,500,BFGS,156249.1294392625
5,2,13,500,BFGS,181006.55230877482
5,2,14,500,BFGS,164354.8322599317
5,2,15,500,BFGS,165602.41010255917
5,2,16,500,BFGS,180606.37102400538
5,2,17,500,BFGS,159368.354488956
5,2,18,500,BFGS,184900.16901628496
5,2,19,500,BFGS,186421.60165375064
5,3,0,500,BFGS,178286.73114435808
5,3,1,500,BFGS,185403.28297747878
5,3,2,500,BFGS,179229.26012676588
5,3,3,500,BFGS,178439.74989389197
5,3,4,500,BFGS,168800.4964810965
5,3,5,500,BFGS,172154.97756946634
5,3,6,500,BFGS,173995.61272511975
5,3,7,500,BFGS,172469.7483177991
5,3,8,500,BFGS,176704.57936103104
5,3,9,500,BFGS,187071.33589593886
5,3,10,500,BFGS,157387.43497913572
5,3,11,500,BFGS,154931.19726783468
5,3,12,500,BFGS,155181.4573043155
5,3,13,500,BFGS,184792.74723044003
5,3,14,500,BFGS,163314.68882809332
5,3,15,500,BFGS,164611.69600542285
5,3,16,500,BFGS,159412.0072030656
5,3,17,500,BFGS,163309.21824560582
5,3,18,500,BFGS,154403.20529035214
5,3,19,500,BFGS,162329.98527032376
5,4,0,500,BFGS,171014.71023940665
5,4,1,500,BFGS,166904.97153541094
5,4,2,500,BFGS,178681.08672941715
5,4,3,500,BFGS,176394.12984778488
5,4,4,500,BFGS,158313.464649802
5,4,5,500,BFGS,170820.61500564605
5,4,6,500,BFGS,166455.63631168983
5,4,7,500,BFGS,161721.39236760658
5,4,8,500,BFGS,189127.2534190107
5,4,9,500,BFGS,148750.08122191095
5,4,10,500,BFGS,172298.48633951944
5,4,11,500,BFGS,181639.66672658193
5,4,12,500,BFGS,159855.5544938263
5,4,13,500,BFGS,192224.31462339635
5,4,14,500,BFGS,167953.71432521706
5,4,15,500,BFGS,176726.62038231213
5,4,16,500,BFGS,174912.8895512147
5,4,17,500,BFGS,173949.0722527646
5,4,18,500,BFGS,167928.80498566487
5,4,19,500,BFGS,157015.17367369676
5,5,0,500,BFGS,171657.04831053683
5,5,1,500,BFGS,180920.73739502876
5,5,2,500,BFGS,168489.96577464588
5,5,3,500,BFGS,148832.59690953093
5,5,4,500,BFGS,180125.65335511215
5,5,5,500,BFGS,185748.10206164647
5,5,6,500,BFGS,161497.75709102495
5,5,7,500,BFGS,143715.0848038554
5,5,8,500,BFGS,167502.63919026955
5,5,9,500,BFGS,183988.18460118817
5,5,10,500,BFGS,160609.2675979374
5,5,11,500,BFGS,158942.0231203343
5,5,12,500,BFGS,190696.18859093142
5,5,13,500,BFGS,156643.46981085493
5,5,14,500,BFGS,137772.93207847196
5,5,15,500,BFGS,168781.97335840217
5,5,16,500,BFGS,175532.41315109323
5,5,17,500,BFGS,162523.43633596576
5,5,18,500,BFGS,167030.9824585672
5,5,19,500,BFGS,160588.96411163162
5,6,0,500,BFGS,187654.10581476698
5,6,1,500,BFGS,176035.06639140577
5,6,2,500,BFGS,145513.03328995
5,6,3,500,BFGS,205554.83056196134
5,6,4,500,BFGS,164451.9045383974
5,6,5,500,BFGS,171773.15524489057
5,6,6,500,BFGS,160861.5893260614
5,6,7,500,BFGS,175790.7253650234
5,6,8,500,BFGS,175070.82731300118
5,6,9,500,BFGS,167386.0116281749
5,6,10,500,BFGS,173985.06724033298
5,6,11,500,BFGS,169970.82300790297
5,6,12,500,BFGS,159907.44468082036
5,6,13,500,BFGS,142903.7821646962
5,6,14,500,BFGS,145739.0111463854
5,6,15,500,BFGS,151433.7618704496
5,6,16,500,BFGS,174066.42747710226
5,6,17,500,BFGS,181091.01996659578
5,6,18,500,BFGS,153001.9915923444
5,6,19,500,BFGS,164762.38819587763
5,7,0,500,BFGS,126923.56809244317
5,7,1,500,BFGS,168593.39708796894
5,7,2,500,BFGS,181182.57301227888
5,7,3,500,BFGS,174174.9194769216
5,7,4,500,BFGS,161775.7396841714
5,7,5,500,BFGS,166563.862084019
5,7,6,500,BFGS,158508.73058710695
5,7,7,500,BFGS,139872.63784707373
5,7,8,500,BFGS,156724.77841158133
5,7,9,500,BFGS,165913.58045423828
5,7,10,500,BFGS,158322.4083559283
5,7,11,500,BFGS,168355.75984425982
5,7,12,500,BFGS,155010.26111358206
5,7,13,500,BFGS,195750.9836620369
5,7,14,500,BFGS,184937.9194136142
5,7,15,500,BFGS,155469.346249199
5,7,16,500,BFGS,148058.6994106514
5,7,17,500,BFGS,181701.3040949304
5,7,18,500,BFGS,167922.93245552288
5,7,19,500,BFGS,190756.12486343266
6,1,0,500,BFGS,113964818.18871707
6,1,1,500,BFGS,92911217.67012525
6,1,2,500,BFGS,97229883.91196425
6,1,3,500,BFGS,65711016.96800431
6,1,4,500,BFGS,134261244.74463862
6,1,5,500,BFGS,87168838.3705991
6,1,6,500,BFGS,76142091.38904528
6,1,7,500,BFGS,85208998.5355227
6,1,8,500,BFGS,71703015.61125004
6,1,9,500,BFGS,84259918.4653767
6,1,10,500,BFGS,89059251.23641548
6,1,11,500,BFGS,146339457.1463332
6,1,12,500,BFGS,67562742.85474691
6,1,13,500,BFGS,86488175.9261352
6,1,14,500,BFGS,74991352.2673612
6,1,15,500,BFGS,78423141.4977987
6,1,16,500,BFGS,102095040.50653239
6,1,17,500,BFGS,93394685.82704768
6,1,18,500,BFGS,74752648.8952698
6,1,19,500,BFGS,82327902.91133659
6,2,0,500,BFGS,79194515.6011836
6,2,1,500,BFGS,64953717.881714016
6,2,2,500,BFGS,83665998.67519236
6,2,3,500,BFGS,78232364.37637605
6,2,4,500,BFGS,57909950.95763722
6,2,5,500,BFGS,63899434.028600976
6,2,6,500,BFGS,67533659.36031035
6,2,7,500,BFGS,73641077.19340704
6,2,8,500,BFGS,47819421.69660006
6,2,9,500,BFGS,64301536.07067213
6,2,10,500,BFGS,62518137.210645124
6,2,11,500,BFGS,61996861.70230398
6,2,12,500,BFGS,62504434.212592095
6,2,13,500,BFGS,49725108.35154769
6,2,14,500,BFGS,59364915.65407567
6,2,15,500,BFGS,83829570.17430764
6,2,16,500,BFGS,66681677.8725064
6,2,17,500,BFGS,80490354.01436692
6,2,18,500,BFGS,78176340.68675297
6,2,19,500,BFGS,60943877.176933736
6,3,0,500,BFGS,48522174.52470638
6,3,1,500,BFGS,67242419.21923588
6,3,2,500,BFGS,37337973.219678104
6,3,3,500,BFGS,46666207.43748563
6,3,4,500,BFGS,39146205.08496562
6,3,5,500,BFGS,60221377.26148764
6,3,6,500,BFGS,40497572.896766596
6,3,7,500,BFGS,56854513.40636524
6,3,8,500,BFGS,56221290.5183684
6,3,9,500,BFGS,39459729.81440438
6,3,10,500,BFGS,53628408.96833068
6,3,11,500,BFGS,64669657.21739313
6,3,12,500,BFGS,67581471.42442125
6,3,13,500,BFGS,74235816.53118436
6,3,14,500,BFGS,48294436.67754315
6,3,15,500,BFGS,51743492.27280246
6,3,16,500,BFGS,50933030.470663466
6,3,17,500,BFGS,81036348.3107195
6,3,18,500,BFGS,41285203.637918554
6,3,19,500,BFGS,71551012.61608978
6,4,0,500,BFGS,95212591.99894361
6,4,1,500,BFGS,74848102.5948847
6,4,2,500,BFGS,99878585.99585238
6,4,3,500,BFGS,96244053.30301204
6,4,4,500,BFGS,60615953.92092684
6,4,5,500,BFGS,73093435.001085
6,4,6,500,BFGS,70639049.32867926
6,4,7,500,BFGS,81441128.78949676
6,4,8,500,BFGS,79149054.78462388
6,4,9,500,BFGS,87564829.20173195
6,4,10,500,BFGS,111913259.26755382
6,4,11,500,BFGS,87522505.53553332
6,4,12,500,BFGS,108063264.00537492
6,4,13,500,BFGS,71355699.05107427
6,4,14,500,BFGS,81973086.02204397
6,4,15,500,BFGS,56148856.25390101
6,4,16,500,BFGS,77940334.38345078
6,4,17,500,BFGS,82665766.66778243
6,4,18,500,BFGS,106030135.98528473
6,4,19,500,BFGS,106042601.47711472
6,5,0,500,BFGS,91758409.06410275
6,5,1,500,BFGS,59758458.661506586
6,5,2,500,BFGS,94912099.38783124
6,5,3,500,BFGS,85478246.28729503
6,5,4,500,BFGS,65619087.90504558
6,5,5,500,BFGS,85018593.79672584
6,5,6,500,BFGS,94032022.728403
6,5,7,500,BFGS,56985188.559185684
6,5,8,500,BFGS,62136038.398237325
6,5,9,500,BFGS,84272481.73744957
6,5,10,500,BFGS,91393262.49388978
6,5,11,500,BFGS,76575810.11237688
6,5,12,500,BFGS,75472981.15397952
6,5,13,500,BFGS,97212126.33830841
6,5,14,500,BFGS,88282105.82220972
6,5,15,500,BFGS,66073443.121895194
6,5,16,500,BFGS,67698557.2634881
6,5,17,500,BFGS,83334848.71288763
6,5,18,500,BFGS,105344885.80827467
6,5,19,500,BFGS,84677723.94069847
6,6,0,500,BFGS,64448936.31433863
6,6,1,500,BFGS,51170276.5820777
6,6,2,500,BFGS,56467536.83160995
6,6,3,500,BFGS,67341920.1507444
6,6,4,500,BFGS,44752918.06723177
6,6,5,500,BFGS,61542303.21831362
6,6,6,500,BFGS,63179312.37558559
6,6,7,500,BFGS,65411485.280202165
6,6,8,500,BFGS,74928128.87234622
6,6,9,500,BFGS,85956321.60283919
6,6,10,500,BFGS,77439875.53412035
6,6,11,500,BFGS,60603532.39134233
6,6,12,500,BFGS,69856298.99391823
6,6,13,500,BFGS,78670923.4458327
6,6,14,500,BFGS,63458113.707361594
6,6,15,500,BFGS,85544569.25132824
6,6,16,500,BFGS,53045824.347425535
6,6,17,500,BFGS,59823527.181208014
6,6,18,500,BFGS,58271842.2696442
6,6,19,500,BFGS,60740038.90825778
6,7,0,500,BFGS,57671465.21093197
6,7,1,500,BFGS,47586003.30005728
6,7,2,500,BFGS,62789119.898146465
6,7,3,500,BFGS,72258706.0479622
6,7,4,500,BFGS,73921853.9614344
6,7,5,500,BFGS,50167796.31503114
6,7,6,500,BFGS,41591529.06615018
6,7,7,500,BFGS,50818092.014032125
6,7,8,500,BFGS,45193387.41577524
6,7,9,500,BFGS,53025709.611565776
6,7,10,500,BFGS,65230036.129550524
6,7,11,500,BFGS,57726606.86935265
6,7,12,500,BFGS,48025302.71712289
6,7,13,500,BFGS,38540224.34229719
6,7,14,500,BFGS,61040495.338403404
6,7,15,500,BFGS,60280438.39455624
6,7,16,500,BFGS,50334659.832930684
6,7,17,500,BFGS,52280742.91967838
6,7,18,500,BFGS,55783341.84275204
6,7,19,500,BFGS,54140459.43110165
7,1,0,500,BFGS,476211.0648879417
7,1,1,500,BFGS,374043.3894233476
7,1,2,500,BFGS,372154.81020511576
7,1,3,500,BFGS,445995.6075350821
7,1,4,500,BFGS,413141.10393130995
7,1,5,500,BFGS,425863.0545068305
7,1,6,500,BFGS,459032.25379630993
7,1,7,500,BFGS,460976.56765060173
7,1,8,500,BFGS,369826.77759167965
7,1,9,500,BFGS,390756.61520949553
7,1,10,500,BFGS,402450.86851553957
7,1,11,500,BFGS,441277.64446737146
7,1,12,500,BFGS,363971.79755481833
7,1,13,500,BFGS,416641.64240773185
7,1,14,500,BFGS,348032.82199691504
7,1,15,500,BFGS,422689.8331353564
7,1,16,500,BFGS,382049.3487692876
7,1,17,500,BFGS,458293.80719230697
7,1,18,500,BFGS,315662.45589108684
7,1,19,500,BFGS,417734.7141453439
7,2,0,500,BFGS,437918.02302738564
7,2,1,500,BFGS,451280.7416416547
7,2,2,500,BFGS,550030.1404548618
7,2,3,500,BFGS,416669.0729032428
7,2,4,500,BFGS,513914.9243052321
7,2,5,500,BFGS,427270.90738532617
7,2,6,500,BFGS,432678.89054397616
7,2,7,500,BFGS,442661.58662145934
7,2,8,500,BFGS,433640.0466012327
7,2,9,500,BFGS,585567.2966423073
7,2,10,500,BFGS,481678.5527006121
7,2,11,500,BFGS,507016.14603868057
7,2,12,500,BFGS,474121.41519959003
7,2,13,500,BFGS,424216.32463055337
7,2,14,500,BFGS,483901.4099633616
7,2,15,500,BFGS,396981.777398341
7,2,16,500,BFGS,387292.46016623254
7,2,17,500,BFGS,460328.05906529585
7,2,18,500,BFGS,468694.01302554784
7,2,19,500,BFGS,470016.8620867921
7,3,0,500,BFGS,381453.55396654713
7,3,1,500,BFGS,338693.73292211804
7,3,2,500,BFGS,370264.61352990073
7,3,3,500,BFGS,454293.08853430254
7,3,4,500,BFGS,343809.07133710256
7,3,5,500,BFGS,337028.79780089506
7,3,6,500,BFGS,289950.2113849366
7,3,7,500,BFGS,325106.85141559585
7,3,8,500,BFGS,372373.9645223272
7,3,9,500,BFGS,392246.19847516157
7,3,10,500,BFGS,369500.87886363035
7,3,11,500,BFGS,371096.2681734669
7,3,12,500,BFGS,395085.85377393395
7,3,13,500,BFGS,392276.3645816776
7,3,14,500,BFGS,325884.7225329721
7,3,15,500,BFGS,367910.7294647258
7,3,16,500,BFGS,382153.85269251873
7,3,17,500,BFGS,396963.7335698138
7,3,18,500,BFGS,375600.2798547227
7,3,19,500,BFGS,360276.1000452854
7,4,0,500,BFGS,464215.5377574943
7,4,1,500,BFGS,340167.3784603004
7,4,2,500,BFGS,421645.8369333885
7,4,3,500,BFGS,419137.823161979
7,4,4,500,BFGS,393068.13453213486
7,4,5,500,BFGS,437662.0711038951
7,4,6,500,BFGS,343005.56885442813
7,4,7,500,BFGS,344566.0189614058
7,4,8,500,BFGS,479978.2487311237
7,4,9,500,BFGS,456159.51508310495
7,4,10,500,BFGS,380511.57778967667
7,4,11,500,BFGS,453950.39684635575
7,4,12,500,BFGS,447093.74082949973
7,4,13,500,BFGS,363876.845689844
7,4,14,500,BFGS,452489.5034607843
7,4,15,500,BFGS,365035.13082870643
7,4,16,500,BFGS,389654.835371044
7,4,17,500,BFGS,386539.23832917446
7,4,18,500,BFGS,454208.825585026
7,4,19,500,BFGS,386344.2830129688
7,5,0,500,BFGS,430345.96119847754
7,5,1,500,BFGS,400914.0629031329
7,5,2,500,BFGS,392115.4816804249
7,5,3,500,BFGS,493921.0424940854
7,5,4,500,BFGS,328182.9673833281
7,5,5,500,BFGS,401749.4267758325
7,5,6,500,BFGS,375129.6363246326
7,5,7,500,BFGS,435882.4035715428
7,5,8,500,BFGS,409898.92995631584
7,5,9,500,BFGS,373990.6299893597
7,5,10,500,BFGS,383790.4410545691
7,5,11,500,BFGS,391303.37629642314
7,5,12,500,BFGS,391752.66628165357
7,5,13,500,BFGS,349054.75096924603
7,5,14,500,BFGS,470851.6618171855
7,5,15,500,BFGS,391277.9152978802
7,5,16,500,BFGS,435540.33414613
7,5,17,500,BFGS,392905.9321267113
7,5,18,500,BFGS,460393.8658722194
7,5,19,500,BFGS,472906.25401649455
7,6,0,500,BFGS,371644.2746881193
7,6,1,500,BFGS,367126.48572283535
7,6,2,500,BFGS,488502.8723926727
7,6,3,500,BFGS,397499.8999242574
7,6,4,500,BFGS,388096.4349968556
7,6,5,500,BFGS,350774.2367354993
7,6,6,500,BFGS,441537.3782142373
7,6,7,500,BFGS,392035.47557482217
7,6,8,500,BFGS,408914.47815648664
7,6,9,500,BFGS,505204.1797798938
7,6,10,500,BFGS,438391.004914611
7,6,11,500,BFGS,437805.3619415169
7,6,12,500,BFGS,384023.7044400957
7,6,13,500,BFGS,373830.5043389831
7,6,14,500,BFGS,383161.0089144693
7,6,15,500,BFGS,478547.4095451064
7,6,16,500,BFGS,449930.7499335864
7,6,17,500,BFGS,516367.35501710477
7,6,18,500,BFGS,437571.0433723971
7,6,19,500,BFGS,391751.6633350366
7,7,0,500,BFGS,574446.2436180944
7,7,1,500,BFGS,399074.36134726065
7,7,2,500,BFGS,518600.56519207754
7,7,3,500,BFGS,519038.1493351958
7,7,4,500,BFGS,387109.93896013603
7,7,5,500,BFGS,439449.52954055805
7,7,6,500,BFGS,387690.49939525616
7,7,7,500,BFGS,437299.2049656976
7,7,8,500,BFGS,509583.3376993103
7,7,9,500,BFGS,460772.9822217573
7,7,10,500,BFGS,466608.15585416416
7,7,11,500,BFGS,449742.4446315925
7,7,12,500,BFGS,453476.39339769835
7,7,13,500,BFGS,341797.9600962931
7,7,14,500,BFGS,467410.70454233844
7,7,15,500,BFGS,427317.29250027274
7,7,16,500,BFGS,401293.73170120467
7,7,17,500,BFGS,544057.6070038616
7,7,18,500,BFGS,431333.88635669503
7,7,19,500,BFGS,415086.6110029352
8,1,0,500,BFGS,32286509.813635297
8,1,1,500,BFGS,43275983.803177744
8,1,2,500,BFGS,44958526.64249083
8,1,3,500,BFGS,35700071.13100342
8,1,4,500,BFGS,35079595.44826004
8,1,5,500,BFGS,39518060.42152349
8,1,6,500,BFGS,35604211.24597134
8,1,7,500,BFGS,27719807.563599125
8,1,8,500,BFGS,35659688.79796852
8,1,9,500,BFGS,33761527.61582948
8,1,10,500,BFGS,39251403.19659977
8,1,11,500,BFGS,42891649.961461775
8,1,12,500,BFGS,35179584.74032352
8,1,13,500,BFGS,27974987.3013753
8,1,14,500,BFGS,27005167.2255685
8,1,15,500,BFGS,34801374.27710102
8,1,16,500,BFGS,30507370.86019703
8,1,17,500,BFGS,46510882.00333568
8,1,18,500,BFGS,30463060.242360342
8,1,19,500,BFGS,28143553.33607064
8,2,0,500,BFGS,21597343.339425236
8,2,1,500,BFGS,28749390.25846877
8,2,2,500,BFGS,27347148.113077555
8,2,3,500,BFGS,38965987.60666778
8,2,4,500,BFGS,33170682.188443985
8,2,5,500,BFGS,33853708.73449825
8,2,6,500,BFGS,25614785.563797913
8,2,7,500,BFGS,20696687.156548377
8,2,8,500,BFGS,32628933.088285234
8,2,9,500,BFGS,31040617.626962967
8,2,10,500,BFGS,34305136.02176194
8,2,11,500,BFGS,36161054.54946091
8,2,12,500,BFGS,27757691.882355187
8,2,13,500,BFGS,29341978.62467066
8,2,14,500,BFGS,35765163.548518814
8,2,15,500,BFGS,27432535.60952819
8,2,16,500,BFGS,30339908.565793563
8,2,17,500,BFGS,31950894.09022697
8,2,18,500,BFGS,33033206.20086362
8,2,19,500,BFGS,29993620.12998907
8,3,0,500,BFGS,37411952.088686876
8,3,1,500,BFGS,40882908.72825634
8,3,2,500,BFGS,34515255.617300436
8,3,3,500,BFGS,33481426.004809953
8,3,4,500,BFGS,33141701.319818184
8,3,5,500,BFGS,33448389.94761555
8,3,6,500,BFGS,40818068.60370039
8,3,7,500,BFGS,30360947.992981587
8,3,8,500,BFGS,41028013.77108132
8,3,9,500,BFGS,33559519.99651131
8,3,10,500,BFGS,46208929.68513244
8,3,11,500,BFGS,58679856.515208386
8,3,12,500,BFGS,33919344.70811001
8,3,13,500,BFGS,33368111.309475925
8,3,14,500,BFGS,39406993.02187792
8,3,15,500,BFGS,35852660.40892022
8,3,16,500,BFGS,29106540.138580594
8,3,17,500,BFGS,38634727.20504444
8,3,18,500,BFGS,33875254.18945201
8,3,19,500,BFGS,39544572.48678175
8,4,0,500,BFGS,35013555.75979526
8,4,1,500,BFGS,29494533.017352626
8,4,2,500,BFGS,32122424.131378837
8,4,3,500,BFGS,28666832.85896336
8,4,4,500,BFGS,37218240.582971506
8,4,5,500,BFGS,30539234.30914427
8,4,6,500,BFGS,34263366.81746305
8,4,7,500,BFGS,33917356.6780705
8,4,8,500,BFGS,28979554.105227154
8,4,9,500,BFGS,34387763.22960116
8,4,10,500,BFGS,36637488.68196421
8,4,11,500,BFGS,32744637.190713156
8,4,12,500,BFGS,35610881.58891201
8,4,13,500,BFGS,27004383.283490967
8,4,14,500,BFGS,52084725.50804223
8,4,15,500,BFGS,43508493.397906326
8,4,16,500,BFGS,34449112.41230813
8,4,17,500,BFGS,33235028.144842822
8,4,18,500,BFGS,37555525.68652897
8,4,19,500,BFGS,34481332.67878771
8,5,0,500,BFGS,29547138.012179084
8,5,1,500,BFGS,19729718.448489804
8,5,2,500,BFGS,20593065.565645285
8,5,3,500,BFGS,22835911.012540534
8,5,4,500,BFGS,30753040.749042027
8,5,5,500,BFGS,27534261.31559656
8,5,6,500,BFGS,17028424.07704433
8,5,7,500,BFGS,18824704.884336192
8,5,8,500,BFGS,41080635.624563985
8,5,9,500,BFGS,32281907.727764886
8,5,10,500,BFGS,32619951.485403307
8,5,11,500,BFGS,23600443.184410036
8,5,12,500,BFGS,31634228.364257514
8,5,13,500,BFGS,30196726.13710128
8,5,14,500,BFGS,30786834.75663956
8,5,15,500,BFGS,19838262.1665144
8,5,16,500,BFGS,21040901.12865118
8,5,17,500,BFGS,26984451.6244541
8,5,18,500,BFGS,19935227.250525314
8,5,19,500,BFGS,22847957.363074716
8,6,0,500,BFGS,28217380.185544226
8,6,1,500,BFGS,47199180.45943843
8,6,2,500,BFGS,22219233.361624807
8,6,3,500,BFGS,31706938.27798429
8,6,4,500,BFGS,30518957.577179216
8,6,5,500,BFGS,41547066.46084823
8,6,6,500,BFGS,31415390.008329324
8,6,7,500,BFGS,26010702.397735003
8,6,8,500,BFGS,36090168.340417005
8,6,9,500,BFGS,29263911.299951334
8,6,10,500,BFGS,32011108.667742375
8,6,11,500,BFGS,27381451.557073664
8,6,12,500,BFGS,38379718.95196571
8,6,13,500,BFGS,31611114.10912089
8,6,14,500,BFGS,29711870.85529133
8,6,15,500,BFGS,29935784.51262441
8,6,16,500,BFGS,25523819.807832256
8,6,17,500,BFGS,38034184.84521715
8,6,18,500,BFGS,29774678.54571911
8,6,19,500,BFGS,30278779.95484931
8,7,0,500,BFGS,21872301.217110172
8,7,1,500,BFGS,20989088.1609213
8,7,2,500,BFGS,18121132.038188666
8,7,3,500,BFGS,25308194.161670096
8,7,4,500,BFGS,34156990.779891916
8,7,5,500,BFGS,37737370.619404554
8,7,6,500,BFGS,23940743.979976546
8,7,7,500,BFGS,27716617.80514146
8,7,8,500,BFGS,28248911.421178494
8,7,9,500,BFGS,29768800.646372825
8,7,10,500,BFGS,33047984.730935555
8,7,11,500,BFGS,29180241.603639703
8,7,12,500,BFGS,35005439.75707376
8,7,13,500,BFGS,23224834.87625289
8,7,14,500,BFGS,23932579.85072444
8,7,15,500,BFGS,22466483.102861233
8,7,16,500,BFGS,31165766.15184273
8,7,17,500,BFGS,27998514.350291837
8,7,18,500,BFGS,30327711.150717672
8,7,19,500,BFGS,23668675.34861201
9,1,0,500,BFGS,13927358.120690614
9,1,1,500,BFGS,11468130.189516932
9,1,2,500,BFGS,15929886.836522115
9,1,3,500,BFGS,9368429.684815211
9,1,4,500,BFGS,14309265.709953219
9,1,5,500,BFGS,11239593.176746221
9,1,6,500,BFGS,16182135.230800059
9,1,7,500,BFGS,10762409.679675326
9,1,8,500,BFGS,15609916.808146391
9,1,9,500,BFGS,12259381.166075315
9,1,10,500,BFGS,11827109.871562986
9,1,11,500,BFGS,16687209.49455759
9,1,12,500,BFGS,13873758.164202517
9,1,13,500,BFGS,13612473.690279339
9,1,14,500,BFGS,17442103.49079181
9,1,15,500,BFGS,14914980.181342747
9,1,16,500,BFGS,12303948.731232274
9,1,17,500,BFGS,14438856.320839394
9,1,18,500,BFGS,13949606.326462086
9,1,19,500,BFGS,15525785.4354698
9,2,0,500,BFGS,14821063.650550349
9,2,1,500,BFGS,11313953.632889811
9,2,2,500,BFGS,13073006.754961208
9,2,3,500,BFGS,10250792.366964415
9,2,4,500,BFGS,14563457.335366687
9,2,5,500,BFGS,9772419.655613218
9,2,6,500,BFGS,13007401.459843457
9,2,7,500,BFGS,12143239.551632632
9,2,8,500,BFGS,12827503.11333656
9,2,9,500,BFGS,12340792.97970525
9,2,10,500,BFGS,13727890.094638746
9,2,11,500,BFGS,12874742.913366195
9,2,12,500,BFGS,14391266.829190573
9,2,13,500,BFGS,14131846.781174509
9,2,14,500,BFGS,14864354.108241944
9,2,15,500,BFGS,16522733.757618446
9,2,16,500,BFGS,11619595.55787073
9,2,17,500,BFGS,16530160.418286167
9,2,18,500,BFGS,15642254.61424018
9,2,19,500,BFGS,11119660.83671799
9,3,0,500,BFGS,13871657.50204068
9,3,1,500,BFGS,14179632.641770288
9,3,2,500,BFGS,11211357.520529352
9,3,3,500,BFGS,11097590.040644655
9,3,4,500,BFGS,11214368.663178174
9,3,5,500,BFGS,9937280.8777128
9,3,6,500,BFGS,8685037.95797507
9,3,7,500,BFGS,9906873.901391577
9,3,8,500,BFGS,17571801.50225616
9,3,9,500,BFGS,12044845.659687087
9,3,10,500,BFGS,13749528.244786112
9,3,11,500,BFGS,15885412.256111074
9,3,12,500,BFGS,13720344.706119172
9,3,13,500,BFGS,13242451.916894846
9,3,14,500,BFGS,15803871.580569886
9,3,15,500,BFGS,10959267.744096123
9,3,16,500,BFGS,10990751.364210026
9,3,17,500,BFGS,14364281.724003457
9,3,18,500,BFGS,15661180.69299966
9,3,19,500,BFGS,10193680.132166578
9,4,0,500,BFGS,21141865.282728214
9,4,1,500,BFGS,7873316.121483505
9,4,2,500,BFGS,19483106.787997354
9,4,3,500,BFGS,12387807.672446115
9,4,4,500,BFGS,10161403.503022198
9,4,5,500,BFGS,11136745.782255942
9,4,6,500,BFGS,9545511.798630511
9,4,7,500,BFGS,11336086.157822326
9,4,8,500,BFGS,14638808.918077508
9,4,9,500,BFGS,13217097.026145676
9,4,10,500,BFGS,13583040.925460968
9,4,11,500,BFGS,13071619.756472813
9,4,12,500,BFGS,15421454.85279437
9,4,13,500,BFGS,13211486.056225864
9,4,14,500,BFGS,13909377.91694218
9,4,15,500,BFGS,15113755.05765718
9,4,16,500,BFGS,15048893.24516285
9,4,17,500,BFGS,14607443.039175827
9,4,18,500,BFGS,13162164.358237458
9,4,19,500,BFGS,10639986.910828838
9,5,0,500,BFGS,15279864.563173588
9,5,1,500,BFGS,12380924.88869537
9,5,2,500,BFGS,10775241.215781221
9,5,3,500,BFGS,8930651.094363887
9,5,4,500,BFGS,11719664.180624645
9,5,5,500,BFGS,10558299.35821116
9,5,6,500,BFGS,10293825.95427754
9,5,7,500,BFGS,15770722.207421651
9,5,8,500,BFGS,13312402.602345154
9,5,9,500,BFGS,11616917.05410203
9,5,10,500,BFGS,15478519.007117448
9,5,11,500,BFGS,13154058.315385975
9,5,12,500,BFGS,14654489.772351617
9,5,13,500,BFGS,12282273.049345603
9,5,14,500,BFGS,12453547.332755996
9,5,15,500,BFGS,13601438.588643508
9,5,16,500,BFGS,11908726.773228262
9,5,17,500,BFGS,15360558.383949842
9,5,18,500,BFGS,12948694.922699692
9,5,19,500,BFGS,10706458.041177891
9,6,0,500,BFGS,13870106.473154142
9,6,1,500,BFGS,7308203.317803459
9,6,2,500,BFGS,16334403.654748678
9,6,3,500,BFGS,10122686.59114768
9,6,4,500,BFGS,12760100.153203331
9,6,5,500,BFGS,11185605.23781183
9,6,6,500,BFGS,10374136.857256006
9,6,7,500,BFGS,18577961.18636683
9,6,8,500,BFGS,15870951.615911277
9,6,9,500,BFGS,18234312.068285763
9,6,10,500,BFGS,12770379.938679151
9,6,11,500,BFGS,14703296.833065335
9,6,12,500,BFGS,9071369.728867685
9,6,13,500,BFGS,9171966.78206488
9,6,14,500,BFGS,10771533.183612848
9,6,15,500,BFGS,16523529.330528038
9,6,16,500,BFGS,13564641.32948161
9,6,17,500,BFGS,17119558.377292432
9,6,18,500,BFGS,16300315.719579833
9,6,19,500,BFGS,11140574.267269282
9,7,0,500,BFGS,11798124.581275886
9,7,1,500,BFGS,7977569.817941129
9,7,2,500,BFGS,11535207.2254857
9,7,3,500,BFGS,10864977.355506424
9,7,4,500,BFGS,11005923.292422708
9,7,5,500,BFGS,15112246.445873724
9,7,6,500,BFGS,13286353.21225792
9,7,7,500,BFGS,13163164.168533262
9,7,8,500,BFGS,17482254.53405127
9,7,9,500,BFGS,13123468.40881571
9,7,10,500,BFGS,14197058.551327901
9,7,11,500,BFGS,15205807.237964768
9,7,12,500,BFGS,14937401.089413965
9,7,13,500,BFGS,11675829.307571722
9,7,14,500,BFGS,18084058.17613852
9,7,15,500,BFGS,12259464.646015087
9,7,16,500,BFGS,10982979.397951582
9,7,17,500,BFGS,11863153.048302015
9,7,18,500,BFGS,13088071.884043673
9,7,19,500,BFGS,10618800.788589105
10,1,0,500,BFGS,1620870591.3957539
10,1,1,500,BFGS,1652563156.9076827
10,1,2,500,BFGS,1902104255.0539942
10,1,3,500,BFGS,1545344169.4879107
10,1,4,500,BFGS,1488853326.6891336
10,1,5,500,BFGS,2167655847.4644575
10,1,6,500,BFGS,1828393777.9759226
10,1,7,500,BFGS,2201686618.8771124
10,1,8,500,BFGS,1424319911.1384933
10,1,9,500,BFGS,1780201815.4304948
10,1,10,500,BFGS,1718528668.8659055
10,1,11,500,BFGS,2411256127.9604874
10,1,12,500,BFGS,1872269224.1817029
10,1,13,500,BFGS,2070370335.9372962
10,1,14,500,BFGS,2048900509.876152
10,1,15,500,BFGS,1349418445.0623882
10,1,16,500,BFGS,1833989650.4746537
10,1,17,500,BFGS,1582109350.4381433
10,1,18,500,BFGS,1794466924.7858388
10,1,19,500,BFGS,1641400891.784947
10,2,0,500,BFGS,2028653868.752969
10,2,1,500,BFGS,1977873530.8336952
10,2,2,500,BFGS,2120294641.0707598
10,2,3,500,BFGS,2287425509.9577947
10,2,4,500,BFGS,1701094500.9307399
10,2,5,500,BFGS,2125840260.256305
10,2,6,500,BFGS,1798344215.932878
10,2,7,500,BFGS,1754038323.6482825
10,2,8,500,BFGS,2101457829.2906969
10,2,9,500,BFGS,2226828110.0002775
10,2,10,500,BFGS,1967923606.116199
10,2,11,500,BFGS,1757521800.180342
10,2,12,500,BFGS,2484679813.5150156
10,2,13,500,BFGS,1366830537.9973207
10,2,14,500,BFGS,2230400259.730152
10,2,15,500,BFGS,2142847565.4201217
10,2,16,500,BFGS,2695041232.7916684
10,2,17,500,BFGS,2193470863.1796885
10,2,18,500,BFGS,1623667019.9511225
10,2,19,500,BFGS,2431102932.2806144
10,3,0,500,BFGS,2009900107.2123985
10,3,1,500,BFGS,1682285191.8100138
10,3,2,500,BFGS,1882159438.5038147
10,3,3,500,BFGS,1753493463.7447886
10,3,4,500,BFGS,1735124161.3854344
10,3,5,500,BFGS,1822299035.4297557
10,3,6,500,BFGS,2116368127.0284789
10,3,7,500,BFGS,1883615962.5131462
10,3,8,500,BFGS,1642380525.447363
10,3,9,500,BFGS,1743093318.4954355
10,3,10,500,BFGS,2111090684.981057
10,3,11,500,BFGS,1603155995.316086
10,3,12,500,BFGS,2106863228.2293391
10,3,13,500,BFGS,1793208534.9627466
10,3,14,500,BFGS,2174963656.2608547
10,3,15,500,BFGS,1645462780.8836813
10,3,16,500,BFGS,1721155438.9481006
10,3,17,500,BFGS,1858943659.6928303
10,3,18,500,BFGS,1923234174.877565
10,3,19,500,BFGS,1650501801.3535056
10,4,0,500,BFGS,1412312977.2277966
10,4,1,500,BFGS,1349050563.866937
10,4,2,500,BFGS,1567949340.1191018
10,4,3,500,BFGS,1518985857.4589834
10,4,4,500,BFGS,1845723168.3652015
10,4,5,500,BFGS,1518353438.3319507
10,4,6,500,BFGS,1373596352.0861816
10,4,7,500,BFGS,1973780413.8498077
10,4,8,500,BFGS,1791877178.6786017
10,4,9,500,BFGS,2042821566.9251943
10,4,10,500,BFGS,1366424698.3982747
10,4,11,500,BFGS,1405965096.4179378
10,4,12,500,BFGS,1790088458.407978
10,4,13,500,BFGS,1683197372.6963124
10,4,14,500,BFGS,1547765874.9853306
10,4,15,500,BFGS,1262794899.4251273
10,4,16,500,BFGS,1871345840.0890615
10,4,17,500,BFGS,1526588630.2192464
10,4,18,500,BFGS,1505115025.1397214
10,4,19,500,BFGS,1655185042.7523324
10,5,0,500,BFGS,1674728058.0608401
10,5,1,500,BFGS,2114238708.372989
10,5,2,500,BFGS,1709062442.1233275
10,5,3,500,BFGS,1882187841.7459342
10,5,4,500,BFGS,1511621043.5186467
10,5,5,500,BFGS,1752114705.3075113
10,5,6,500,BFGS,2402109343.0303454
10,5,7,500,BFGS,1652442569.9510484
10,5,8,500,BFGS,2169280966.6410246
10,5,9,500,BFGS,1099663928.8050961
10,5,10,500,BFGS,2635063132.8381376
10,5,11,500,BFGS,1711177595.1785016
10,5,12,500,BFGS,1531688275.9300709
10,5,13,500,BFGS,1526361765.9195614
10,5,14,500,BFGS,1682621611.380306
10,5,15,500,BFGS,1492302860.6308198
10,5,16,500,BFGS,1454481389.2204828
10,5,17,500,BFGS,1649643657.8841603
10,5,18,500,BFGS,1799631702.1610007
10,5,19,500,BFGS,1864885902.365861
10,6,0,500,BFGS,2359782451.843767
10,6,1,500,BFGS,2058464317.0693033
10,6,2,500,BFGS,1831328006.2470195
10,6,3,500,BFGS,1509683838.0462942
10,6,4,500,BFGS,2141921716.335241
10,6,5,500,BFGS,2216498895.5113025
10,6,6,500,BFGS,2499595286.704683
10,6,7,500,BFGS,1763304123.7162406
10,6,8,500,BFGS,2091597419.692623
10,6,9,500,BFGS,2482637161.9816995
10,6,10,500,BFGS,1995372050.8566146
10,6,11,500,BFGS,1647180633.8401859
10,6,12,500,BFGS,2670827218.6783504
10,6,13,500,BFGS,2049607809.3370311
10,6,14,500,BFGS,2058563807.0477326
10,6,15,500,BFGS,1978867596.885613
10,6,16,500,BFGS,2626544265.890097
10,6,17,500,BFGS,1979188915.3106318
10,6,18,500,BFGS,1897813687.4182508
10,6,19,500,BFGS,3234453427.3668284
10,7,0,500,BFGS,1409832471.5474787
10,7,1,500,BFGS,1940888903.7461417
10,7,2,500,BFGS,1643687269.8206465
10,7,3,500,BFGS,1613618404.4265485
10,7,4,500,BFGS,1441246582.7804708
10,7,5,500,BFGS,1855365349.223538
10,7,6,500,BFGS,1875268457.662554
10,7,7,500,BFGS,1512684431.1134024
10,7,8,500,BFGS,1805751572.0399451
10,7,9,500,BFGS,1603693836.7977545
10,7,10,500,BFGS,2069805977.1875174
10,7,11,500,BFGS,1725916776.3483412
10,7,12,500,BFGS,2102842596.3899345
10,7,13,500,BFGS,1361628746.5856643
10,7,14,500,BFGS,1829011223.8915453
10,7,15,500,BFGS,1522064927.013583
10,7,16,500,BFGS,1551726642.1514409
10,7,17,500,BFGS,1989555650.42798
10,7,18,500,BFGS,1738596952.6875963
10,7,19,500,BFGS,2136543237.3187015
11,1,0,500,BFGS,15749741.341695914
11,1,1,500,BFGS,2272941.952233895
11,1,2,500,BFGS,1373329.021444058
11,1,3,500,BFGS,506955.40714171703
11,1,4,500,BFGS,1434319.5047354437
11,1,5,500,BFGS,6958846.498076409
11,1,6,500,BFGS,21039909.44037669
11,1,7,500,BFGS,13054204.16462591
11,1,8,500,BFGS,14610247.050709344
11,1,9,500,BFGS,2427144.1203517476
11,1,10,500,BFGS,2521537.527643056
11,1,11,500,BFGS,8549158.101744575
11,1,12,500,BFGS,15226237.31860383
11,1,13,500,BFGS,20093150.61459424
11,1,14,500,BFGS,6981457.302529593
11,1,15,500,BFGS,2305168.361534363
11,1,16,500,BFGS,23524500.72711755
11,1,17,500,BFGS,6349962.086080632
11,1,18,500,BFGS,3131016.472476842
11,1,19,500,BFGS,725622.818668986
11,2,0,500,BFGS,50440086.197287515
11,2,1,500,BFGS,14620661.286034185
11,2,2,500,BFGS,78493919.8941467
11,2,3,500,BFGS,12459291.072564524
11,2,4,500,BFGS,30141172.81090461
11,2,5,500,BFGS,52160000.32291086
11,2,6,500,BFGS,12948699.170690153
11,2,7,500,BFGS,29551061.627378426
11,2,8,500,BFGS,1212551.2314288765
11,2,9,500,BFGS,5382219.816228285
11,2,10,500,BFGS,54557284.95213292
11,2,11,500,BFGS,7868763.778748327
11,2,12,500,BFGS,1443741.2115566528
11,2,13,500,BFGS,31643771.82511251
11,2,14,500,BFGS,904605.7466279954
11,2,15,500,BFGS,5612967.745190273
11,2,16,500,BFGS,3843105.4050930133
11,2,17,500,BFGS,19325815.222337104
11,2,18,500,BFGS,8120988.765047429
11,2,19,500,BFGS,14976167.387484545
11,3,0,500,BFGS,7535650.137783949
11,3,1,500,BFGS,736124.5394216987
11,3,2,500,BFGS,18110896.89392737
11,3,3,500,BFGS,2249957.777960335
11,3,4,500,BFGS,5777662.024524136
11,3,5,500,BFGS,4599879.403742279
11,3,6,500,BFGS,30445483.54715525
11,3,7,500,BFGS,470685.21473996236
11,3,8,500,BFGS,6259254.955943365
11,3,9,500,BFGS,6248023.660715036
11,3,10,500,BFGS,28442710.182114895
11,3,11,500,BFGS,8526787.49234794
11,3,12,500,BFGS,1019598.8203193449
11,3,13,500,BFGS,8506347.04867844
11,3,14,500,BFGS,2626045.9601221965
11,3,15,500,BFGS,15125147.108630104
11,3,16,500,BFGS,4617868.286105309
11,3,17,500,BFGS,6350123.248027974
11,3,18,500,BFGS,11165862.093461528
11,3,19,500,BFGS,22158526.203560658
11,4,0,500,BFGS,9775510.241347
11,4,1,500,BFGS,4269475.765846222
11,4,2,500,BFGS,24159697.41668909
11,4,3,500,BFGS,3482615.595572859
11,4,4,500,BFGS,15173849.291369537
11,4,5,500,BFGS,34603450.89505637
11,4,6,500,BFGS,8209521.197833051
11,4,7,500,BFGS,10312697.67495084
11,4,8,500,BFGS,644699.4364494416
11,4,9,500,BFGS,2240564.6567180566
11,4,10,500,BFGS,22277940.56539411
11,4,11,500,BFGS,4498424.10291255
11,4,12,500,BFGS,6765544.806177504
11,4,13,500,BFGS,47088489.12773012
11,4,14,500,BFGS,2014139.1930164965
11,4,15,500,BFGS,55541841.597459026
11,4,16,500,BFGS,4474549.555791861
11,4,17,500,BFGS,2600218.654928899
11,4,18,500,BFGS,32297968.93574187
11,4,19,500,BFGS,573802.6781838796
11,5,0,500,BFGS,35651544.49220429
11,5,1,500,BFGS,54970545.85000998
11,5,2,500,BFGS,46354814.61842226
11,5,3,500,BFGS,29569076.067749567
11,5,4,500,BFGS,62404581.45151218
11,5,5,500,BFGS,72335913.80185172
11,5,6,500,BFGS,119357325.93206796
11,5,7,500,BFGS,25492068.397191588
11,5,8,500,BFGS,18109633.68123829
11,5,9,500,BFGS,25243934.09246622
11,5,10,500,BFGS,156283299.70407486
11,5,11,500,BFGS,73092369.08822237
11,5,12,500,BFGS,108652020.65644675
11,5,13,500,BFGS,47470261.197667405
11,5,14,500,BFGS,72662438.59452775
11,5,15,500,BFGS,92344757.20458056
11,5,16,500,BFGS,43194428.41687137
11,5,17,500,BFGS,48790782.00893258
11,5,18,500,BFGS,18810933.515976314
11,5,19,500,BFGS,28283044.688986417
11,6,0,500,BFGS,39736267.95233727
11,6,1,500,BFGS,11226801.663484233
11,6,2,500,BFGS,6150355.301652385
11,6,3,500,BFGS,12702839.08863158
11,6,4,500,BFGS,10645932.24844897
11,6,5,500,BFGS,31852394.02738784
11,6,6,500,BFGS,24264032.555341825
11,6,7,500,BFGS,16999125.130161196
11,6,8,500,BFGS,27001743.83301177
11,6,9,500,BFGS,28841043.02982505
11,6,10,500,BFGS,16120974.289150136
11,6,11,500,BFGS,21828789.98940206
11,6,12,500,BFGS,39462644.3938392
11,6,13,500,BFGS,1960734.8833619128
11,6,14,500,BFGS,11360719.663840726
11,6,15,500,BFGS,109932953.23079129
11,6,16,500,BFGS,51402960.48601335
11,6,17,500,BFGS,1500024.9934450276
11,6,18,500,BFGS,21592483.46099712
11,6,19,500,BFGS,24622409.546620257
11,7,0,500,BFGS,7268950.699764554
11,7,1,500,BFGS,11459093.652591554
11,7,2,500,BFGS,706808.5410973176
11,7,3,500,BFGS,7303876.22115388
11,7,4,500,BFGS,7701356.961833628
11,7,5,500,BFGS,26369062.95483602
11,7,6,500,BFGS,4322452.236348836
11,7,7,500,BFGS,4749827.1110598575
11,7,8,500,BFGS,32126500.809491023
11,7,9,500,BFGS,5078570.608156889
11,7,10,500,BFGS,9790776.303993803
11,7,11,500,BFGS,7580342.149202691
11,7,12,500,BFGS,6945416.606198306
11,7,13,500,BFGS,4543757.691487924
11,7,14,500,BFGS,6421457.0434703585
11,7,15,500,BFGS,17136310.444600854
11,7,16,500,BFGS,1080636.9973218027
11,7,17,500,BFGS,15865871.320779301
11,7,18,500,BFGS,47288121.845110126
11,7,19,500,BFGS,28058808.200430468
12,1,0,500,BFGS,60200480986.36123
12,1,1,500,BFGS,74131448361.75378
12,1,2,500,BFGS,56593126316.57818
12,1,3,500,BFGS,47275512282.21477
12,1,4,500,BFGS,52402568617.9151
12,1,5,500,BFGS,51141346682.08797
12,1,6,500,BFGS,64101623610.933624
12,1,7,500,BFGS,51885457916.66735
12,1,8,500,BFGS,60134906442.49062
12,1,9,500,BFGS,65229359814.74255
12,1,10,500,BFGS,57406709147.90499
12,1,11,500,BFGS,68695911719.19473
12,1,12,500,BFGS,70024884553.66296
12,1,13,500,BFGS,62314495626.37302
12,1,14,500,BFGS,54911580506.44272
12,1,15,500,BFGS,59132663800.85127
12,1,16,500,BFGS,81742650709.05267
12,1,17,500,BFGS,67316699403.45106
12,1,18,500,BFGS,45394927074.74615
12,1,19,500,BFGS,66523579145.45424
12,2,0,500,BFGS,86483324526.53026
12,2,1,500,BFGS,81372361349.22475
12,2,2,500,BFGS,75079718207.28856
12,2,3,500,BFGS,92997315898.36978
12,2,4,500,BFGS,77757357665.96217
12,2,5,500,BFGS,85600074222.86853
12,2,6,500,BFGS,66173848978.64895
12,2,7,500,BFGS,77304120445.25516
12,2,8,500,BFGS,99168144900.7151
12,2,9,500,BFGS,81281168035.0359
12,2,10,500,BFGS,70731503837.06232
12,2,11,500,BFGS,77493385325.7483
12,2,12,500,BFGS,71914813916.26338
12,2,13,500,BFGS,64252834215.01999
12,2,14,500,BFGS,99820778890.17941
12,2,15,500,BFGS,78271016709.25673
12,2,16,500,BFGS,62039847544.3306
12,2,17,500,BFGS,67642307688.50691
12,2,18,500,BFGS,72410729495.71582
12,2,19,500,BFGS,80379143772.81393
12,3,0,500,BFGS,78473691916.27374
12,3,1,500,BFGS,62028890595.38191
12,3,2,500,BFGS,77634106839.61917
12,3,3,500,BFGS,52771403411.15797
12,3,4,500,BFGS,51947476041.117294
12,3,5,500,BFGS,92275352438.32422
12,3,6,500,BFGS,61217354029.12055
12,3,7,500,BFGS,69161586986.44186
12,3,8,500,BFGS,89307203009.46269
12,3,9,500,BFGS,67036392850.081894
12,3,10,500,BFGS,59836412972.00791
12,3,11,500,BFGS,79412852212.9541
12,3,12,500,BFGS,69352416870.98224
12,3,13,500,BFGS,78258376026.43298
12,3,14,500,BFGS,60526176408.64786
12,3,15,500,BFGS,68498929343.28794
12,3,16,500,BFGS,70106503515.71707
12,3,17,500,BFGS,59665612814.27434
12,3,18,500,BFGS,75609012372.83386
12,3,19,500,BFGS,87733672542.21593
12,4,0,500,BFGS,55894840316.7896
12,4,1,500,BFGS,75985815928.40863
12,4,2,500,BFGS,65829914029.44328
12,4,3,500,BFGS,57720628948.97535
12,4,4,500,BFGS,90270869275.06833
12,4,5,500,BFGS,64602941127.16343
12,4,6,500,BFGS,58482027037.56456
12,4,7,500,BFGS,56165143091.642265
12,4,8,500,BFGS,74454586279.49036
12,4,9,500,BFGS,61670419417.255424
12,4,10,500,BFGS,57898263582.16472
12,4,11,500,BFGS,55373997619.2041
12,4,12,500,BFGS,63492441218.82619
12,4,13,500,BFGS,59254736429.874535
12,4,14,500,BFGS,57729001311.666824
12,4,15,500,BFGS,71069742959.10071
12,4,16,500,BFGS,82143325038.6492
12,4,17,500,BFGS,65861893185.18104
12,4,18,500,BFGS,59304129054.88391
12,4,19,500,BFGS,76252400743.91577
12,5,0,500,BFGS,70933919878.61028
12,5,1,500,BFGS,63289973217.56897
12,5,2,500,BFGS,64181796949.83373
12,5,3,500,BFGS,68163602856.156555
12,5,4,500,BFGS,64159963864.50269
12,5,5,500,BFGS,60789931778.53095
12,5,6,500,BFGS,63668295412.404854
12,5,7,500,BFGS,61080831245.434784
12,5,8,500,BFGS,66467402150.17396
12,5,9,500,BFGS,44350532951.190834
12,5,10,500,BFGS,42865793848.12799
12,5,11,500,BFGS,62734255087.31497
12,5,12,500,BFGS,58040199527.12048
12,5,13,500,BFGS,58923667216.30167
12,5,14,500,BFGS,41716495098.32297
12,5,15,500,BFGS,52206142287.35521
12,5,16,500,BFGS,51061987348.35486
12,5,17,500,BFGS,58140641148.019844
12,5,18,500,BFGS,63629005680.77613
12,5,19,500,BFGS,72369562044.48273
12,6,0,500,BFGS,80518970429.37535
12,6,1,500,BFGS,70942845722.12218
12,6,2,500,BFGS,78178116444.96288
12,6,3,500,BFGS,80277994916.06276
12,6,4,500,BFGS,68050632833.83403
12,6,5,500,BFGS,95209082187.82135
12,6,6,500,BFGS,73691119018.47137
12,6,7,500,BFGS,65576615405.975
12,6,8,500,BFGS,74106165797.33865
12,6,9,500,BFGS,83687803981.28787
12,6,10,500,BFGS,71961258307.88995
12,6,11,500,BFGS,72773603602.66502
12,6,12,500,BFGS,68220327184.82244
12,6,13,500,BFGS,70833715850.73076
12,6,14,500,BFGS,91403005162.4536
12,6,15,500,BFGS,83061615697.67638
12,6,16,500,BFGS,73002202262.35258
12,6,17,500,BFGS,94779802018.991
12,6,18,500,BFGS,67589531151.86887
12,6,19,500,BFGS,80568626209.48985
12,7,0,500,BFGS,79552040706.02429
12,7,1,500,BFGS,69203040273.30273
12,7,2,500,BFGS,79222992116.45111
12,7,3,500,BFGS,76873668186.32191
12,7,4,500,BFGS,92369561289.55574
12,7,5,500,BFGS,58581525451.90521
12,7,6,500,BFGS,71968003705.29916
12,7,7,500,BFGS,63291607490.255
12,7,8,500,BFGS,74510592840.2756
12,7,9,500,BFGS,82989840735.24606
12,7,10,500,BFGS,69297118861.5131
12,7,11,500,BFGS,83262878729.53299
12,7,12,500,BFGS,94488748018.61423
12,7,13,500,BFGS,70102576584.17201
12,7,14,500,BFGS,67758345490.829834
12,7,15,500,BFGS,65119196936.30138
12,7,16,500,BFGS,80716481108.80148
12,7,17,500,BFGS,86634580739.56404
12,7,18,500,BFGS,73424107693.06737
12,7,19,500,BFGS,78297586888.8008
13,1,0,500,BFGS,989128.3837200969
13,1,1,500,BFGS,931936.1930635399
13,1,2,500,BFGS,1083414.3949403197
13,1,3,500,BFGS,945447.7269435123
13,1,4,500,BFGS,843677.0131105194
13,1,5,500,BFGS,978099.336872611
13,1,6,500,BFGS,978038.5224761262
13,1,7,500,BFGS,1019236.6809549711
13,1,8,500,BFGS,1076195.317259616
13,1,9,500,BFGS,1047500.3761747421
13,1,10,500,BFGS,1060131.9847393513
13,1,11,500,BFGS,1020851.6683128867
13,1,12,500,BFGS,992103.0508464365
13,1,13,500,BFGS,958627.0266303341
13,1,14,500,BFGS,920018.8310662832
13,1,15,500,BFGS,1060198.3690118135
13,1,16,500,BFGS,1040056.8869366355
13,1,17,500,BFGS,924149.9859850197
13,1,18,500,BFGS,956791.9429037814
13,1,19,500,BFGS,1094195.4862910395
13,2,0,500,BFGS,1014385.9100416075
13,2,1,500,BFGS,1060220.3942156238
13,2,2,500,BFGS,1136059.6124430804
13,2,3,500,BFGS,993444.9283582885
13,2,4,500,BFGS,1128800.7841105093
13,2,5,500,BFGS,1192339.4857767
13,2,6,500,BFGS,1059149.2912987175
13,2,7,500,BFGS,1196787.9261958315
13,2,8,500,BFGS,998036.4182806568
13,2,9,500,BFGS,1114410.6335488579
13,2,10,500,BFGS,1259581.097618417
13,2,11,500,BFGS,1208750.5684064308
13,2,12,500,BFGS,1178187.2190979205
13,2,13,500,BFGS,1221132.8097543342
13,2,14,500,BFGS,1229414.5291829444
13,2,15,500,BFGS,1155702.2470447537
13,2,16,500,BFGS,1285730.6352103895
13,2,17,500,BFGS,985391.4263939227
13,2,18,500,BFGS,1135464.6340983687
13,2,19,500,BFGS,1149150.6836356085
13,3,0,500,BFGS,1023168.3280568738
13,3,1,500,BFGS,1071884.1157827536
13,3,2,500,BFGS,1153089.123812366
13,3,3,500,BFGS,1075255.3306275809
13,3,4,500,BFGS,1024695.3424800093
13,3,5,500,BFGS,1197136.9143869067
13,3,6,500,BFGS,1107819.4495141231
13,3,7,500,BFGS,1292785.7315580128
13,3,8,500,BFGS,975116.9169959282
13,3,9,500,BFGS,1207085.3901515654
13,3,10,500,BFGS,1072384.8669801226
13,3,11,500,BFGS,1073982.5541803695
13,3,12,500,BFGS,1195340.8503640553
13,3,13,500,BFGS,1124157.606496452
13,3,14,500,BFGS,977586.6932645551
13,3,15,500,BFGS,995712.593372654
13,3,16,500,BFGS,1159080.5322669959
13,3,17,500,BFGS,1143172.9249554807
13,3,18,500,BFGS,1068082.8043955113
13,3,19,500,BFGS,1081480.4296367127
13,4,0,500,BFGS,935415.1913187957
13,4,1,500,BFGS,1016363.2380993558
13,4,2,500,BFGS,1017795.9457419794
13,4,3,500,BFGS,1007526.2978375991
13,4,4,500,BFGS,916985.6569581702
13,4,5,500,BFGS,977722.3982010509
13,4,6,500,BFGS,1005901.1053472997
13,4,7,500,BFGS,908238.3294130947
13,4,8,500,BFGS,1021545.5495925186
13,4,9,500,BFGS,1100521.9324828424
13,4,10,500,BFGS,974038.6996642397
13,4,11,500,BFGS,982147.8533046327
13,4,12,500,BFGS,936212.4297565416
13,4,13,500,BFGS,1057530.2857822021
13,4,14,500,BFGS,1213364.0965424953
13,4,15,500,BFGS,1105129.7447133362
13,4,16,500,BFGS,1017763.8367628667
13,4,17,500,BFGS,1002237.0718726739
13,4,18,500,BFGS,890865.0782794754
13,4,19,500,BFGS,1008416.0769575562
13,5,0,500,BFGS,985065.3989139659
13,5,1,500,BFGS,1024897.2561705492
13,5,2,500,BFGS,995382.4696889909
13,5,3,500,BFGS,921868.2153670645
13,5,4,500,BFGS,1063080.2518076599
13,5,5,500,BFGS,1052071.7282639397
13,5,6,500,BFGS,1172875.0730637014
13,5,7,500,BFGS,997378.9558201256
13,5,8,500,BFGS,933417.9762847158
13,5,9,500,BFGS,1057117.2253745908
13,5,10,500,BFGS,1113203.7477144701
13,5,11,500,BFGS,1057780.7069756736
13,5,12,500,BFGS,990480.488183041
13,5,13,500,BFGS,1168619.5360731215
13,5,14,500,BFGS,1065765.9450136842
13,5,15,500,BFGS,992427.1062967412
13,5,16,500,BFGS,1107419.5230939777
13,5,17,500,BFGS,989288.2210670038
13,5,18,500,BFGS,944756.153298615
13,5,19,500,BFGS,1096791.937830906
13,6,0,500,BFGS,1110663.130989187
13,6,1,500,BFGS,1056419.9224719256
13,6,2,500,BFGS,1102075.8527610146
13,6,3,500,BFGS,872503.4687893607
13,6,4,500,BFGS,925940.1287870815
13,6,5,500,BFGS,989699.2570823857
13,6,6,500,BFGS,851930.4704813041
13,6,7,500,BFGS,966451.6473732343
13,6,8,500,BFGS,1182067.977012918
13,6,9,500,BFGS,954359.6097865752
13,6,10,500,BFGS,1106418.0846620952
13,6,11,500,BFGS,1032929.046201606
13,6,12,500,BFGS,1039014.4519889944
13,6,13,500,BFGS,974211.9613238672
13,6,14,500,BFGS,1051912.3727269145
13,6,15,500,BFGS,935280.5186118621
13,6,16,500,BFGS,929485.6468304046
13,6,17,500,BFGS,916725.0245399676
13,6,18,500,BFGS,1052639.933261606
13,6,19,500,BFGS,947710.1926423259
13,7,0,500,BFGS,1092003.0909005315
13,7,1,500,BFGS,1133674.3145311766
13,7,2,500,BFGS,959567.2250469973
13,7,3,500,BFGS,996679.8426245914
13,7,4,500,BFGS,1126141.7003258248
13,7,5,500,BFGS,890630.5753477339
13,7,6,500,BFGS,936419.1536282203
13,7,7,500,BFGS,904502.4573711508
13,7,8,500,BFGS,1138076.9978135973
13,7,9,500,BFGS,1003782.4636921501
13,7,10,500,BFGS,1102106.8502074743
13,7,11,500,BFGS,877505.6329736263
13,7,12,500,BFGS,945858.6814960153
13,7,13,500,BFGS,977632.0792243872
13,7,14,500,BFGS,1099421.9131772085
13,7,15,500,BFGS,1028053.7763470698
13,7,16,500,BFGS,962254.268492078
13,7,17,500,BFGS,1012963.9310531851
13,7,18,500,BFGS,1094801.272241706
13,7,19,500,BFGS,958130.4574105755
14,1,0,500,BFGS,13917.216608594705
14,1,1,500,BFGS,16263.158750619048
14,1,2,500,BFGS,18614.93646865275
14,1,3,500,BFGS,16285.255561957227
14,1,4,500,BFGS,17097.388391080298
14,1,5,500,BFGS,14723.369502788111
14,1,6,500,BFGS,14513.669272089264
14,1,7,500,BFGS,15285.017248092774
14,1,8,500,BFGS,16611.725548770413
14,1,9,500,BFGS,13630.757709132156
14,1,10,500,BFGS,14639.279614201516
14,1,11,500,BFGS,16746.825540065125
14,1,12,500,BFGS,21799.697513838233
14,1,13,500,BFGS,15040.811727500493
14,1,14,500,BFGS,16395.45682114752
14,1,15,500,BFGS,14653.930913814103
14,1,16,500,BFGS,17376.65496040231
14,1,17,500,BFGS,18442.799843438297
14,1,18,500,BFGS,17196.13214648128
14,1,19,500,BFGS,14664.196798363551
14,2,0,500,BFGS,13097.996470603799
14,2,1,500,BFGS,11742.051052146546
14,2,2,500,BFGS,14768.333580707618
14,2,3,500,BFGS,13330.801683876509
14,2,4,500,BFGS,12544.52359275326
14,2,5,500,BFGS,12623.108946744818
14,2,6,500,BFGS,14363.93284548692
14,2,7,500,BFGS,14527.730936715046
14,2,8,500,BFGS,13849.49110140213
14,2,9,500,BFGS,14468.012959358437
14,2,10,500,BFGS,14797.112972018986
14,2,11,500,BFGS,17323.57953062441
14,2,12,500,BFGS,15774.800563588644
14,2,13,500,BFGS,18838.73980035882
14,2,14,500,BFGS,18613.307730195913
14,2,15,500,BFGS,14153.033425369687
14,2,16,500,BFGS,12932.147379344719
14,2,17,500,BFGS,13958.510999060021
14,2,18,500,BFGS,13935.875464662084
14,2,19,500,BFGS,12349.523729496821
14,3,0,500,BFGS,16941.63075439914
14,3,1,500,BFGS,16605.44450682317
14,3,2,500,BFGS,15109.455037930133
14,3,3,500,BFGS,12438.114800408423
14,3,4,500,BFGS,12161.319595769331
14,3,5,500,BFGS,15053.637127144264
14,3,6,500,BFGS,16972.748222141636
14,3,7,500,BFGS,9981.689426800345
14,3,8,500,BFGS,16801.34432549799
14,3,9,500,BFGS,13801.47442133517
14,3,10,500,BFGS,11110.197487513708
14,3,11,500,BFGS,14059.49939083005
14,3,12,500,BFGS,11548.032874331808
14,3,13,500,BFGS,13272.954443695058
14,3,14,500,BFGS,13807.134803161745
14,3,15,500,BFGS,12786.118892700155
14,3,16,500,BFGS,12841.658866690845
14,3,17,500,BFGS,13375.508667838756
14,3,18,500,BFGS,14758.688063695616
14,3,19,500,BFGS,14833.332086034618
14,4,0,500,BFGS,15207.18685466419
14,4,1,500,BFGS,12445.683978894742
14,4,2,500,BFGS,19069.743490718825
14,4,3,500,BFGS,13866.02829124209
14,4,4,500,BFGS,14199.362541034923
14,4,5,500,BFGS,13202.729554664467
14,4,6,500,BFGS,11734.969953717498
14,4,7,500,BFGS,17009.464357956855
14,4,8,500,BFGS,12471.922064472872
14,4,9,500,BFGS,16033.782960210963
14,4,10,500,BFGS,14199.163619827887
14,4,11,500,BFGS,12531.324600175802
14,4,12,500,BFGS,16889.745974391757
14,4,13,500,BFGS,12175.660494150165
14,4,14,500,BFGS,13346.243695989064
14,4,15,500,BFGS,13623.771876866682
14,4,16,500,BFGS,13426.310503510063
14,4,17,500,BFGS,17375.279344625204
14,4,18,500,BFGS,15997.002382008237
14,4,19,500,BFGS,12535.402233949482
14,5,0,500,BFGS,16251.647056097197
14,5,1,500,BFGS,19002.40534984682
14,5,2,500,BFGS,17257.72388337626
14,5,3,500,BFGS,15689.076051133332
14,5,4,500,BFGS,13748.881233079721
14,5,5,500,BFGS,15205.585890962742
14,5,6,500,BFGS,13459.102108055231
14,5,7,500,BFGS,15189.926588403572
14,5,8,500,BFGS,15560.845302606956
14,5,9,500,BFGS,16313.699194366707
14,5,10,500,BFGS,16083.158560454172
14,5,11,500,BFGS,16414.548786002757
14,5,12,500,BFGS,15396.702302250922
14,5,13,500,BFGS,16614.894325771198
14,5,14,500,BFGS,16013.014263087445
14,5,15,500,BFGS,16386.972824578716
14,5,16,500,BFGS,14632.914820935357
14,5,17,500,BFGS,13575.432609703745
14,5,18,500,BFGS,15489.193334278552
14,5,19,500,BFGS,16047.095107392006
14,6,0,500,BFGS,16005.766585190535
14,6,1,500,BFGS,15350.85803280807
14,6,2,500,BFGS,17470.399882408296
14,6,3,500,BFGS,16774.31288923369
14,6,4,500,BFGS,18008.132852787225
14,6,5,500,BFGS,18379.117832687763
14,6,6,500,BFGS,15991.874478972255
14,6,7,500,BFGS,16926.154237340757
14,6,8,500,BFGS,15761.022622245537
14,6,9,500,BFGS,15457.889030078199
14,6,10,500,BFGS,14973.728217151234
14,6,11,500,BFGS,16577.86707906233
14,6,12,500,BFGS,20196.579380162664
14,6,13,500,BFGS,13321.881541284267
14,6,14,500,BFGS,18097.51177006183
14,6,15,500,BFGS,15181.249691007451
14,6,16,500,BFGS,16213.520611258988
14,6,17,500,BFGS,11766.260477086533
14,6,18,500,BFGS,16959.113283088496
14,6,19,500,BFGS,17695.73342520505
14,7,0,500,BFGS,13089.68270957968
14,7,1,500,BFGS,14504.873999632855
14,7,2,500,BFGS,16939.657404103673
14,7,3,500,BFGS,16234.1415029706
14,7,4,500,BFGS,13421.979668033693
14,7,5,500,BFGS,12810.553006970355
14,7,6,500,BFGS,12671.172892722456
14,7,7,500,BFGS,14922.27084348438
14,7,8,500,BFGS,15972.605482367402
14,7,9,500,BFGS,18329.522633648816
14,7,10,500,BFGS,11833.675198595407
14,7,11,500,BFGS,13546.29591049186
14,7,12,500,BFGS,19788.643884872992
14,7,13,500,BFGS,13597.004095483418
14,7,14,500,BFGS,14743.73328940865
14,7,15,500,BFGS,16290.20029779029
14,7,16,500,BFGS,15209.911356178422
14,7,17,500,BFGS,15548.775356130267
14,7,18,500,BFGS,12897.207423786505
14,7,19,500,BFGS,14267.427109088203
15,1,0,500,BFGS,550616.6009229451
15,1,1,500,BFGS,652757.4625437586
15,1,2,500,BFGS,508835.6456868857
15,1,3,500,BFGS,624120.3656031997
15,1,4,500,BFGS,555755.6299220785
15,1,5,500,BFGS,581714.2216533613
15,1,6,500,BFGS,488925.4619306901
15,1,7,500,BFGS,571697.6897773911
15,1,8,500,BFGS,597921.2733107884
15,1,9,500,BFGS,632068.9712904495
15,1,10,500,BFGS,598410.6524997894
15,1,11,500,BFGS,587057.2247626673
15,1,12,500,BFGS,576762.8923609261
15,1,13,500,BFGS,545426.5718631607
15,1,14,500,BFGS,545780.3338400248
15,1,15,500,BFGS,546742.4513554075
15,1,16,500,BFGS,606938.5612328856
15,1,17,500,BFGS,549060.0764293142
15,1,18,500,BFGS,605927.2413654248
15,1,19,500,BFGS,541068.8007906083
15,2,0,500,BFGS,536753.9219088571
15,2,1,500,BFGS,629059.3443513487
15,2,2,500,BFGS,537112.9772562315
15,2,3,500,BFGS,550947.6664859541
15,2,4,500,BFGS,588688.3775994433
15,2,5,500,BFGS,576254.6333535509
15,2,6,500,BFGS,601152.2943784139
15,2,7,500,BFGS,513965.9872676515
15,2,8,500,BFGS,569908.1295410275
15,2,9,500,BFGS,567366.41390227
15,2,10,500,BFGS,655295.4970456169
15,2,11,500,BFGS,533062.6744980122
15,2,12,500,BFGS,598592.2509708919
15,2,13,500,BFGS,640773.7350929542
15,2,14,500,BFGS,570157.920772134
15,2,15,500,BFGS,508811.72686017776
15,2,16,500,BFGS,583153.8846892321
15,2,17,500,BFGS,580230.2902740302
15,2,18,500,BFGS,560079.7714656868
15,2,19,500,BFGS,622338.1662577747
15,3,0,500,BFGS,597413.952398257
15,3,1,500,BFGS,483756.9651051579
15,3,2,500,BFGS,519561.443471471
15,3,3,500,BFGS,520291.5872689286
15,3,4,500,BFGS,560848.4379371132
15,3,5,500,BFGS,573040.2573549441
15,3,6,500,BFGS,464755.1095724877
15,3,7,500,BFGS,591333.3296481784
15,3,8,500,BFGS,471485.6007136147
15,3,9,500,BFGS,553340.9690026729
15,3,10,500,BFGS,552145.9350570416
15,3,11,500,BFGS,528152.2797103848
15,3,12,500,BFGS,562137.27771803
15,3,13,500,BFGS,539093.1219200126
15,3,14,500,BFGS,502395.5303021986
15,3,15,500,BFGS,582605.1192366113
15,3,16,500,BFGS,614707.7959118731
15,3,17,500,BFGS,575157.7254290027
15,3,18,500,BFGS,529110.1646309992
15,3,19,500,BFGS,593512.8553087084
15,4,0,500,BFGS,583156.456302144
15,4,1,500,BFGS,586821.104111973
15,4,2,500,BFGS,583470.3548709205
15,4,3,500,BFGS,507985.1800359588
15,4,4,500,BFGS,542094.7916050963
15,4,5,500,BFGS,552859.7830064707
15,4,6,500,BFGS,641614.012431317
15,4,7,500,BFGS,560425.6563143691
15,4,8,500,BFGS,579093.0437656355
15,4,9,500,BFGS,591270.2152842422
15,4,10,500,BFGS,594531.9631841413
15,4,11,500,BFGS,552030.8059449731
15,4,12,500,BFGS,610923.7406146054
15,4,13,500,BFGS,493529.95263561537
15,4,14,500,BFGS,509238.4460756595
15,4,15,500,BFGS,593863.861484441
15,4,16,500,BFGS,547235.1860676913
15,4,17,500,BFGS,537515.1508584928
15,4,18,500,BFGS,594237.6685027087
15,4,19,500,BFGS,619576.3375645891
15,5,0,500,BFGS,529943.9772947838
15,5,1,500,BFGS,548245.6731811657
15,5,2,500,BFGS,533878.4723784628
15,5,3,500,BFGS,500709.4294165742
15,5,4,500,BFGS,576776.8745865053
15,5,5,500,BFGS,519454.60458739335
15,5,6,500,BFGS,577320.3577785578
15,5,7,500,BFGS,521047.2755960665
15,5,8,500,BFGS,529342.0154691976
15,5,9,500,BFGS,508663.6704717391
15,5,10,500,BFGS,585586.3394530732
15,5,11,500,BFGS,591510.0582068278
15,5,12,500,BFGS,543141.8621183643
15,5,13,500,BFGS,533105.8506641458
15,5,14,500,BFGS,570954.6626387079
15,5,15,500,BFGS,561222.7425360181
15,5,16,500,BFGS,483019.38179050665
15,5,17,500,BFGS,558625.9265190947
15,5,18,500,BFGS,467186.88436468225
15,5,19,500,BFGS,507977.89879010385
15,6,0,500,BFGS,568171.6496365208
15,6,1,500,BFGS,587009.1885360808
15,6,2,500,BFGS,609537.3233649237
15,6,3,500,BFGS,645499.2302242888
15,6,4,500,BFGS,564345.1812605171
15,6,5,500,BFGS,554666.0395787104
15,6,6,500,BFGS,566371.4237443701
15,6,7,500,BFGS,551837.3217686974
15,6,8,500,BFGS,581386.3216919793
15,6,9,500,BFGS,653534.0746070854
15,6,10,500,BFGS,585646.5507381227
15,6,11,500,BFGS,612862.9926849393
15,6,12,500,BFGS,585245.0886910652
15,6,13,500,BFGS,622442.4772454451
15,6,14,500,BFGS,645563.3745104905
15,6,15,500,BFGS,540304.2334233107
15,6,16,500,BFGS,587352.4003665528
15,6,17,500,BFGS,571941.3477194294
15,6,18,500,BFGS,546955.8638930917
15,6,19,500,BFGS,602846.2030571069
15,7,0,500,BFGS,591219.920621654
15,7,1,500,BFGS,590756.3581846261
15,7,2,500,BFGS,569794.0895508119
15,7,3,500,BFGS,578187.9996729902
15,7,4,500,BFGS,569855.4234057564
15,7,5,500,BFGS,606514.7765178378
15,7,6,500,BFGS,552644.3204803241
15,7,7,500,BFGS,695835.1953604696
15,7,8,500,BFGS,523895.38814968587
15,7,9,500,BFGS,588916.128178683
15,7,10,500,BFGS,529153.0933907148
15,7,11,500,BFGS,585341.3870542446
15,7,12,500,BFGS,492514.41945906077
15,7,13,500,BFGS,623042.1845785325
15,7,14,500,BFGS,572137.3734991438
15,7,15,500,BFGS,567277.0253992407
15,7,16,500,BFGS,521526.30696649884
15,7,17,500,BFGS,587989.237011578
15,7,18,500,BFGS,534051.4624904799
15,7,19,500,BFGS,505087.252946385
16,1,0,500,BFGS,41127.67302925198
16,1,1,500,BFGS,42486.05050880259
16,1,2,500,BFGS,40516.188599387606
16,1,3,500,BFGS,43881.963122240806
16,1,4,500,BFGS,35056.889738298814
16,1,5,500,BFGS,41287.22457763161
16,1,6,500,BFGS,39086.30103108141
16,1,7,500,BFGS,45363.92191866848
16,1,8,500,BFGS,43811.58124151353
16,1,9,500,BFGS,42466.93527629482
16,1,10,500,BFGS,33311.95957883583
16,1,11,500,BFGS,41721.42431857419
16,1,12,500,BFGS,40855.52129024215
16,1,13,500,BFGS,41197.52558265358
16,1,14,500,BFGS,44284.46601474219
16,1,15,500,BFGS,46256.85207207948
16,1,16,500,BFGS,45854.617958269766
16,1,17,500,BFGS,44520.73494941879
16,1,18,500,BFGS,42187.66594582066
16,1,19,500,BFGS,40663.72820687588
16,2,0,500,BFGS,49133.059664260174
16,2,1,500,BFGS,43275.873155657675
16,2,2,500,BFGS,38145.14189012108
16,2,3,500,BFGS,42895.84435911496
16,2,4,500,BFGS,42542.75739703506
16,2,5,500,BFGS,46058.92735950378
16,2,6,500,BFGS,40241.09875049548
16,2,7,500,BFGS,41193.09564487029
16,2,8,500,BFGS,40760.03434641278
16,2,9,500,BFGS,42345.8662479317
16,2,10,500,BFGS,42252.38705464887
16,2,11,500,BFGS,44433.28967788724
16,2,12,500,BFGS,45795.86104556646
16,2,13,500,BFGS,40945.306191082345
16,2,14,500,BFGS,42111.783481529026
16,2,15,500,BFGS,42792.330777242256
16,2,16,500,BFGS,43257.78086230655
16,2,17,500,BFGS,42018.9335158647
16,2,18,500,BFGS,40476.02487966254
16,2,19,500,BFGS,44147.449206564546
16,3,0,500,BFGS,46503.21474951982
16,3,1,500,BFGS,41522.20821810502
16,3,2,500,BFGS,37021.02791911569
16,3,3,500,BFGS,45412.007604615006
16,3,4,500,BFGS,39340.97849831212
16,3,5,500,BFGS,42308.86642877286
16,3,6,500,BFGS,39219.346278076206
16,3,7,500,BFGS,41772.097481841716
16,3,8,500,BFGS,38125.50218216224
16,3,9,500,BFGS,40642.94724812286
16,3,10,500,BFGS,45741.69546448655
16,3,11,500,BFGS,40565.46693863399
16,3,12,500,BFGS,41079.71937382044
16,3,13,500,BFGS,43775.09259420748
16,3,14,500,BFGS,38666.950574700764
16,3,15,500,BFGS,44989.891795962845
16,3,16,500,BFGS,44849.33919182662
16,3,17,500,BFGS,48082.11669181392
16,3,18,500,BFGS,43071.90582509033
16,3,19,500,BFGS,44112.815841569056
16,4,0,500,BFGS,42075.76030820352
16,4,1,500,BFGS,38559.25272164199
16,4,2,500,BFGS,47038.36931411293
16,4,3,500,BFGS,45792.26353648355
16,4,4,500,BFGS,44332.423718516904
16,4,5,500,BFGS,44810.99279831108
16,4,6,500,BFGS,43036.816997075155
16,4,7,500,BFGS,35052.576345117806
16,4,8,500,BFGS,32653.324485492114
16,4,9,500,BFGS,38536.17615349378
16,4,10,500,BFGS,43289.53186774299
16,4,11,500,BFGS,40904.58909026058
16,4,12,500,BFGS,44399.40210905732
16,4,13,500,BFGS,45617.57775076786
16,4,14,500,BFGS,37940.862077719044
16,4,15,500,BFGS,45307.660609716346
16,4,16,500,BFGS,41639.38789940874
16,4,17,500,BFGS,44781.23833015407
16,4,18,500,BFGS,43806.859497651814
16,4,19,500,BFGS,42263.10177347341
16,5,0,500,BFGS,42467.637801489924
16,5,1,500,BFGS,34724.86011461979
16,5,2,500,BFGS,44304.08713761425
16,5,3,500,BFGS,38816.50004726987
16,5,4,500,BFGS,36375.29803525297
16,5,5,500,BFGS,44598.04085036147
16,5,6,500,BFGS,36440.16470175273
16,5,7,500,BFGS,46636.42080324429
16,5,8,500,BFGS,45676.506413478666
16,5,9,500,BFGS,46888.40187964005
16,5,10,500,BFGS,34491.8813100821
16,5,11,500,BFGS,41551.781380819055
16,5,12,500,BFGS,43587.596309945846
16,5,13,500,BFGS,43007.917521151285
16,5,14,500,BFGS,46835.88282339141
16,5,15,500,BFGS,41843.675561004704
16,5,16,500,BFGS,38742.693139767805
16,5,17,500,BFGS,38679.74229189086
16,5,18,500,BFGS,46641.30943487947
16,5,19,500,BFGS,45165.51737835024
16,6,0,500,BFGS,41698.86436571865
16,6,1,500,BFGS,38099.39534848772
16,6,2,500,BFGS,40051.34316135777
16,6,3,500,BFGS,41099.341063767075
16,6,4,500,BFGS,38390.992424452445
16,6,5,500,BFGS,36727.592628436585
16,6,6,500,BFGS,44040.262567010315
16,6,7,500,BFGS,37463.80027878759
16,6,8,500,BFGS,44862.43552355655
16,6,9,500,BFGS,36320.135919613356
16,6,10,500,BFGS,42112.34719556733
16,6,11,500,BFGS,44733.09705223016
16,6,12,500,BFGS,42499.519150586755
16,6,13,500,BFGS,47503.24953710174
16,6,14,500,BFGS,44246.78841911594
16,6,15,500,BFGS,43309.99283043864
16,6,16,500,BFGS,42076.909390761706
16,6,17,500,BFGS,45320.666638738854
16,6,18,500,BFGS,42115.29697780514
16,6,19,500,BFGS,47504.55534548528
16,7,0,500,BFGS,42521.10213167467
16,7,1,500,BFGS,35827.07173664353
16,7,2,500,BFGS,43180.84586133213
16,7,3,500,BFGS,47791.53220191275
16,7,4,500,BFGS,38690.508708138346
16,7,5,500,BFGS,45091.47286553365
16,7,6,500,BFGS,43004.22556501952
16,7,7,500,BFGS,43284.44393414895
16,7,8,500,BFGS,42588.22227511961
16,7,9,500,BFGS,46470.6562677374
16,7,10,500,BFGS,40887.393869476335
16,7,11,500,BFGS,38727.05049813641
16,7,12,500,BFGS,45189.96214477363
16,7,13,500,BFGS,43932.33174766802
16,7,14,500,BFGS,40352.27814987906
16,7,15,500,BFGS,37887.00554875331
16,7,16,500,BFGS,41722.61176621451
16,7,17,500,BFGS,45256.129657314785
16,7,18,500,BFGS,44324.95358572452
16,7,19,500,BFGS,44915.95557869061
17,1,0,500,BFGS,6901.582217410127
17,1,1,500,BFGS,5667.243295519194
17,1,2,500,BFGS,6631.417307059644
17,1,3,500,BFGS,6263.906602605288
17,1,4,500,BFGS,5668.091026381641
17,1,5,500,BFGS,7739.232808618263
17,1,6,500,BFGS,5674.697007402701
17,1,7,500,BFGS,5281.419402803301
17,1,8,500,BFGS,6539.892630908427
17,1,9,500,BFGS,5813.108878095558
17,1,10,500,BFGS,5928.4134826732225
17,1,11,500,BFGS,5907.2389777134595
17,1,12,500,BFGS,6578.463890277244
17,1,13,500,BFGS,5371.787590644038
17,1,14,500,BFGS,6783.547569949263
17,1,15,500,BFGS,5638.33268044976
17,1,16,500,BFGS,6689.374682329716
17,1,17,500,BFGS,5957.090630884248
17,1,18,500,BFGS,6596.980560564934
17,1,19,500,BFGS,6422.073612585796
17,2,0,500,BFGS,6123.708094872136
17,2,1,500,BFGS,6646.86625012796
17,2,2,500,BFGS,7014.02330868414
17,2,3,500,BFGS,7665.948902103968
17,2,4,500,BFGS,5935.9674230315695
17,2,5,500,BFGS,6496.458984695748
17,2,6,500,BFGS,6620.1493573974785
17,2,7,500,BFGS,7236.029137501738
17,2,8,500,BFGS,6944.635114174433
17,2,9,500,BFGS,5671.83145924756
17,2,10,500,BFGS,5771.806091932867
17,2,11,500,BFGS,6941.049113654503
17,2,12,500,BFGS,6300.229849934113
17,2,13,500,BFGS,6812.929741992763
17,2,14,500,BFGS,5729.445839548485
17,2,15,500,BFGS,6747.140288332665
17,2,16,500,BFGS,6305.717252840961
17,2,17,500,BFGS,7335.276949646462
17,2,18,500,BFGS,6857.005082716909
17,2,19,500,BFGS,6463.180146282423
17,3,0,500,BFGS,5440.363608205178
17,3,1,500,BFGS,6493.333442216051
17,3,2,500,BFGS,7165.358637631595
17,3,3,500,BFGS,6832.521382731717
17,3,4,500,BFGS,6762.496227312438
17,3,5,500,BFGS,5860.788316425502
17,3,6,500,BFGS,6722.716703305647
17,3,7,500,BFGS,7666.379684841871
17,3,8,500,BFGS,6495.819481465278
17,3,9,500,BFGS,8193.850724320895
17,3,10,500,BFGS,6374.536690233887
17,3,11,500,BFGS,7406.439275065566
17,3,12,500,BFGS,5882.04095794133
17,3,13,500,BFGS,7959.545028165698
17,3,14,500,BFGS,7401.249472800513
17,3,15,500,BFGS,8390.51620671682
17,3,16,500,BFGS,8851.742906986165
17,3,17,500,BFGS,6664.929107150232
17,3,18,500,BFGS,6965.130419835959
17,3,19,500,BFGS,7004.552145311662
17,4,0,500,BFGS,6976.569144633749
17,4,1,500,BFGS,6290.814138461733
17,4,2,500,BFGS,6016.287952528923
17,4,3,500,BFGS,6686.045014858657
17,4,4,500,BFGS,5263.913302267952
17,4,5,500,BFGS,6003.791219642033
17,4,6,500,BFGS,5010.845263250572
17,4,7,500,BFGS,5748.774318383967
17,4,8,500,BFGS,6121.474927630099
17,4,9,500,BFGS,5742.516419563289
17,4,10,500,BFGS,5217.609721613184
17,4,11,500,BFGS,6692.945710803313
17,4,12,500,BFGS,5976.123059232685
17,4,13,500,BFGS,7310.0159008759565
17,4,14,500,BFGS,7080.96941981554
17,4,15,500,BFGS,7465.293561968196
17,4,16,500,BFGS,5870.4096327014595
17,4,17,500,BFGS,7273.802476006866
17,4,18,500,BFGS,5386.227959824962
17,4,19,500,BFGS,7011.896361204557
17,5,0,500,BFGS,6346.735527438087
17,5,1,500,BFGS,6854.587649338728
17,5,2,500,BFGS,6116.237660022158
17,5,3,500,BFGS,7587.886224057592
17,5,4,500,BFGS,6184.320051743016
17,5,5,500,BFGS,6542.38458421605
17,5,6,500,BFGS,6639.884056236719
17,5,7,500,BFGS,7530.420206238592
17,5,8,500,BFGS,5971.693006109477
17,5,9,500,BFGS,7461.681936958112
17,5,10,500,BFGS,5952.317662922393
17,5,11,500,BFGS,5952.197622294408
17,5,12,500,BFGS,5714.986349261631
17,5,13,500,BFGS,6680.2878376898125
17,5,14,500,BFGS,7461.944990643367
17,5,15,500,BFGS,7320.55235119313
17,5,16,500,BFGS,7362.63708982732
17,5,17,500,BFGS,7103.003448057168
17,5,18,500,BFGS,6760.197760206751
17,5,19,500,BFGS,7262.649698268124
17,6,0,500,BFGS,5820.157920209441
17,6,1,500,BFGS,5131.871436623266
17,6,2,500,BFGS,6676.360121097239
17,6,3,500,BFGS,6496.6487643897635
17,6,4,500,BFGS,5976.34560298711
17,6,5,500,BFGS,7369.144971625992
17,6,6,500,BFGS,5942.815945274422
17,6,7,500,BFGS,6154.908810195272
17,6,8,500,BFGS,6287.51133967203
17,6,9,500,BFGS,7128.233615237512
17,6,10,500,BFGS,6933.643888324332
17,6,11,500,BFGS,6145.063653495921
17,6,12,500,BFGS,6340.989229141672
17,6,13,500,BFGS,6323.432838934234
17,6,14,500,BFGS,6926.46526303995
17,6,15,500,BFGS,6959.77559173633
17,6,16,500,BFGS,6942.032238815658
17,6,17,500,BFGS,6476.0803413265085
17,6,18,500,BFGS,6298.079884529008
17,6,19,500,BFGS,6641.310865751081
17,7,0,500,BFGS,5187.193523981243
17,7,1,500,BFGS,6080.391056609386
17,7,2,500,BFGS,6230.577799455014
17,7,3,500,BFGS,7855.356511533419
17,7,4,500,BFGS,6702.930566046187
17,7,5,500,BFGS,6451.363445412589
17,7,6,500,BFGS,5660.6154675380985
17,7,7,500,BFGS,6483.902375443466
17,7,8,500,BFGS,6210.326872332526
17,7,9,500,BFGS,7082.203793682511
17,7,10,500,BFGS,5756.264725160781
17,7,11,500,BFGS,6564.269598664252
17,7,12,500,BFGS,5902.652040962495
17,7,13,500,BFGS,5696.375935044599
17,7,14,500,BFGS,5235.85868275156
17,7,15,500,BFGS,5737.62012275768
17,7,16,500,BFGS,5755.502897207844
17,7,17,500,BFGS,7476.885580607047
17,7,18,500,BFGS,6257.393295298581
17,7,19,500,BFGS,6265.224088233191
18,1,0,500,BFGS,20273.191887518107
18,1,1,500,BFGS,29866.34195216529
18,1,2,500,BFGS,22469.293348972078
18,1,3,500,BFGS,23809.123089836743
18,1,4,500,BFGS,23680.05587053628
18,1,5,500,BFGS,25629.712421996453
18,1,6,500,BFGS,24486.473300612957
18,1,7,500,BFGS,21971.840200109
18,1,8,500,BFGS,21640.18641117301
18,1,9,500,BFGS,24860.189018811776
18,1,10,500,BFGS,24686.00756084076
18,1,11,500,BFGS,25644.29889341668
18,1,12,500,BFGS,23179.208968784653
18,1,13,500,BFGS,25074.73382321121
18,1,14,500,BFGS,28841.52988827331
18,1,15,500,BFGS,19358.1893705462
18,1,16,500,BFGS,24329.702569851688
18,1,17,500,BFGS,21523.020039713963
18,1,18,500,BFGS,23711.57088050235
18,1,19,500,BFGS,28664.767854114085
18,2,0,500,BFGS,28287.19174236931
18,2,1,500,BFGS,24116.555863096863
18,2,2,500,BFGS,24662.69253431754
18,2,3,500,BFGS,23999.813539562227
18,2,4,500,BFGS,25031.863603082827
18,2,5,500,BFGS,24983.970658679005
18,2,6,500,BFGS,21826.041054800113
18,2,7,500,BFGS,28504.34520398367
18,2,8,500,BFGS,22920.68195459889
18,2,9,500,BFGS,24946.23093641568
18,2,10,500,BFGS,25409.57776694805
18,2,11,500,BFGS,24467.238596679043
18,2,12,500,BFGS,26266.428207363853
18,2,13,500,BFGS,25069.077259152225
18,2,14,500,BFGS,23101.363244824206
18,2,15,500,BFGS,26155.725965800906
18,2,16,500,BFGS,24668.514977251376
18,2,17,500,BFGS,28350.113894022135
18,2,18,500,BFGS,26803.339045810255
18,2,19,500,BFGS,26829.970997001008
18,3,0,500,BFGS,31044.816780784367
18,3,1,500,BFGS,24869.933236755445
18,3,2,500,BFGS,30740.9784436427
18,3,3,500,BFGS,26499.21410482342
18,3,4,500,BFGS,25397.312114887623
18,3,5,500,BFGS,24860.96611778666
18,3,6,500,BFGS,28137.00436880638
18,3,7,500,BFGS,22192.111353572152
18,3,8,500,BFGS,31230.30691723539
18,3,9,500,BFGS,28315.353969367334
18,3,10,500,BFGS,26736.050656453306
18,3,11,500,BFGS,32967.98491973065
18,3,12,500,BFGS,27651.27213338634
18,3,13,500,BFGS,22806.951386190856
18,3,14,500,BFGS,23337.703617127154
18,3,15,500,BFGS,30232.512787246702
18,3,16,500,BFGS,28658.414787236597
18,3,17,500,BFGS,24891.931629330393
18,3,18,500,BFGS,26951.341959315076
18,3,19,500,BFGS,30218.798493448056
18,4,0,500,BFGS,25907.021880377073
18,4,1,500,BFGS,22032.415680694274
18,4,2,500,BFGS,21160.381937869763
18,4,3,500,BFGS,34567.90223909454
18,4,4,500,BFGS,20498.292578423094
18,4,5,500,BFGS,23816.453038648535
18,4,6,500,BFGS,28153.554809060446
18,4,7,500,BFGS,23783.534799328198
18,4,8,500,BFGS,22717.210264087236
18,4,9,500,BFGS,23942.752329649156
18,4,10,500,BFGS,20442.899673294836
18,4,11,500,BFGS,24654.42229737549
18,4,12,500,BFGS,20580.062262684107
18,4,13,500,BFGS,25043.17927857661
18,4,14,500,BFGS,25546.727003385633
18,4,15,500,BFGS,23833.246494205447
18,4,16,500,BFGS,21699.546489167395
18,4,17,500,BFGS,25410.898993682997
18,4,18,500,BFGS,23132.235846072945
18,4,19,500,BFGS,26392.037508161327
18,5,0,500,BFGS,26357.882594764524
18,5,1,500,BFGS,22760.487409810114
18,5,2,500,BFGS,29921.82420527737
18,5,3,500,BFGS,32098.54080505631
18,5,4,500,BFGS,23611.892856883853
18,5,5,500,BFGS,29985.695908683272
18,5,6,500,BFGS,25682.697249700133
18,5,7,500,BFGS,26207.343132360147
18,5,8,500,BFGS,29897.96392054391
18,5,9,500,BFGS,28536.907365130377
18,5,10,500,BFGS,28339.55279533298
18,5,11,500,BFGS,26485.417510070423
18,5,12,500,BFGS,26139.62573121772
18,5,13,500,BFGS,28483.90402848611
18,5,14,500,BFGS,24530.19999974897
18,5,15,500,BFGS,25329.20500351894
18,5,16,500,BFGS,30951.572838205902
18,5,17,500,BFGS,24914.940220929297
18,5,18,500,BFGS,23387.97448451441
18,5,19,500,BFGS,26705.761760580437
18,6,0,500,BFGS,30713.53198560659
18,6,1,500,BFGS,22892.6152270558
18,6,2,500,BFGS,27625.443335163854
18,6,3,500,BFGS,28097.804846034778
18,6,4,500,BFGS,26948.86251688723
18,6,5,500,BFGS,23595.315542653778
18,6,6,500,BFGS,18347.373312975837
18,6,7,500,BFGS,24870.93264387061
18,6,8,500,BFGS,23787.518842269557
18,6,9,500,BFGS,26444.17035834168
18,6,10,500,BFGS,28346.192363315622
18,6,11,500,BFGS,25834.00759580356
18,6,12,500,BFGS,24799.80419096839
18,6,13,500,BFGS,24423.779709429502
18,6,14,500,BFGS,26944.775576733125
18,6,15,500,BFGS,28276.62695522627
18,6,16,500,BFGS,26842.770662891675
18,6,17,500,BFGS,24590.17465987332
18,6,18,500,BFGS,22562.11505127511
18,6,19,500,BFGS,21863.764732841504
18,7,0,500,BFGS,20535.36313516141
18,7,1,500,BFGS,26811.124002276276
18,7,2,500,BFGS,26896.880534245116
18,7,3,500,BFGS,27041.32801007139
18,7,4,500,BFGS,25255.859067633704
18,7,5,500,BFGS,30364.77048203506
18,7,6,500,BFGS,25240.63110671449
18,7,7,500,BFGS,25138.957896207008
18,7,8,500,BFGS,30985.96883355015
18,7,9,500,BFGS,26614.180973140774
18,7,10,500,BFGS,25149.901705766828
18,7,11,500,BFGS,24856.21535945537
18,7,12,500,BFGS,23994.742967554466
18,7,13,500,BFGS,27459.73535297873
18,7,14,500,BFGS,25817.50457382616
18,7,15,500,BFGS,22871.57633551782
18,7,16,500,BFGS,25322.476445235996
18,7,17,500,BFGS,23374.91427182191
18,7,18,500,BFGS,21148.860448214626
18,7,19,500,BFGS,26403.408272157685
19,1,0,500,BFGS,9266.829598611967
19,1,1,500,BFGS,9289.460585000905
19,1,2,500,BFGS,9627.722510846912
19,1,3,500,BFGS,8122.066880646359
19,1,4,500,BFGS,8817.362526951249
19,1,5,500,BFGS,8731.40657211345
19,1,6,500,BFGS,8564.196395464785
19,1,7,500,BFGS,9078.384881228347
19,1,8,500,BFGS,8813.27080374701
19,1,9,500,BFGS,8403.46427196182
19,1,10,500,BFGS,8322.241416160436
19,1,11,500,BFGS,8907.258019680825
19,1,12,500,BFGS,8768.265539196207
19,1,13,500,BFGS,8370.840642258901
19,1,14,500,BFGS,9494.370658611824
19,1,15,500,BFGS,8676.260107831577
19,1,16,500,BFGS,8644.567165371824
19,1,17,500,BFGS,9324.291941543226
19,1,18,500,BFGS,9709.221758376912
19,1,19,500,BFGS,8238.921568182352
19,2,0,500,BFGS,9282.746561860466
19,2,1,500,BFGS,8611.522832525943
19,2,2,500,BFGS,9324.73567095198
19,2,3,500,BFGS,9065.25116258323
19,2,4,500,BFGS,9281.161132346484
19,2,5,500,BFGS,9750.04992447334
19,2,6,500,BFGS,9713.499686294525
19,2,7,500,BFGS,9680.385128390863
19,2,8,500,BFGS,10122.366940195527
19,2,9,500,BFGS,9019.33988320001
19,2,10,500,BFGS,9247.619591786133
19,2,11,500,BFGS,9830.327789476612
19,2,12,500,BFGS,9027.008111749425
19,2,13,500,BFGS,9003.50348149982
19,2,14,500,BFGS,9306.772622877812
19,2,15,500,BFGS,9121.005395797387
19,2,16,500,BFGS,9012.023943433542
19,2,17,500,BFGS,9460.039378644542
19,2,18,500,BFGS,9327.413096298598
19,2,19,500,BFGS,8568.915061636842
19,3,0,500,BFGS,9095.716102570253
19,3,1,500,BFGS,9210.205324333598
19,3,2,500,BFGS,8603.426984225352
19,3,3,500,BFGS,9364.306050637606
19,3,4,500,BFGS,8777.18817599559
19,3,5,500,BFGS,9792.652140988423
19,3,6,500,BFGS,8967.13611324823
19,3,7,500,BFGS,9200.704545462379
19,3,8,500,BFGS,9185.357023456148
19,3,9,500,BFGS,8850.648121114884
19,3,10,500,BFGS,8837.006921283908
19,3,11,500,BFGS,9146.229583574252
19,3,12,500,BFGS,8736.813120603132
19,3,13,500,BFGS,8595.033682335958
19,3,14,500,BFGS,9596.726437814226
19,3,15,500,BFGS,8695.015725604262
19,3,16,500,BFGS,10068.733135595587
19,3,17,500,BFGS,8878.710140313202
19,3,18,500,BFGS,9987.369293581682
19,3,19,500,BFGS,8599.674868504739
19,4,0,500,BFGS,9199.62172350129
19,4,1,500,BFGS,8634.68315798491
19,4,2,500,BFGS,9955.419402373329
19,4,3,500,BFGS,9972.613937544553
19,4,4,500,BFGS,9074.512220880028
19,4,5,500,BFGS,8623.753417170472
19,4,6,500,BFGS,9108.59340318869
19,4,7,500,BFGS,8991.567215948224
19,4,8,500,BFGS,9388.005282805525
19,4,9,500,BFGS,8936.431320618702
19,4,10,500,BFGS,9206.482844391005
19,4,11,500,BFGS,9557.923429785951
19,4,12,500,BFGS,8896.402544767101
19,4,13,500,BFGS,8577.37557963873
19,4,14,500,BFGS,9344.95800259659
19,4,15,500,BFGS,9554.45267769828
19,4,16,500,BFGS,9840.874619889346
19,4,17,500,BFGS,9610.336400433804
19,4,18,500,BFGS,8687.26300716392
19,4,19,500,BFGS,8933.884583490568
19,5,0,500,BFGS,8929.416863735467
19,5,1,500,BFGS,8753.710788702072
19,5,2,500,BFGS,9574.102036434095
19,5,3,500,BFGS,8346.833178412293
19,5,4,500,BFGS,8775.832302051007
19,5,5,500,BFGS,7779.269389439632
19,5,6,500,BFGS,9125.188775430697
19,5,7,500,BFGS,9697.30647812588
19,5,8,500,BFGS,9579.561330094974
19,5,9,500,BFGS,8708.900811616542
19,5,10,500,BFGS,8855.178957620457
19,5,11,500,BFGS,9077.509163207109
19,5,12,500,BFGS,9620.502246975864
19,5,13,500,BFGS,9729.291209612515
19,5,14,500,BFGS,9675.896724698538
19,5,15,500,BFGS,10069.465071271403
19,5,16,500,BFGS,9051.26090947091
19,5,17,500,BFGS,8795.717446332183
19,5,18,500,BFGS,9583.547905097255
19,5,19,500,BFGS,9488.966942321791
19,6,0,500,BFGS,8369.623902557067
19,6,1,500,BFGS,8015.464464966239
19,6,2,500,BFGS,8617.106178385195
19,6,3,500,BFGS,8801.10516655933
19,6,4,500,BFGS,8734.89732227293
19,6,5,500,BFGS,8385.749576260296
19,6,6,500,BFGS,9740.075906971906
19,6,7,500,BFGS,9346.120230581397
19,6,8,500,BFGS,9132.034504936091
19,6,9,500,BFGS,8967.979074974548
19,6,10,500,BFGS,8926.061394131495
19,6,11,500,BFGS,8151.94525536166
19,6,12,500,BFGS,9787.250031442323
19,6,13,500,BFGS,8554.765726717498
19,6,14,500,BFGS,9680.835931313439
19,6,15,500,BFGS,9441.292556994973
19,6,16,500,BFGS,8002.820129445902
19,6,17,500,BFGS,8620.07026112288
19,6,18,500,BFGS,9691.458004685228
19,6,19,500,BFGS,9405.118429372566
19,7,0,500,BFGS,8572.793199418831
19,7,1,500,BFGS,9358.179417834239
19,7,2,500,BFGS,8989.981313067841
19,7,3,500,BFGS,9349.74932480234
19,7,4,500,BFGS,9574.745170102753
19,7,5,500,BFGS,8705.91160376078
19,7,6,500,BFGS,8547.506626430299
19,7,7,500,BFGS,9382.754338130175
19,7,8,500,BFGS,9302.754038787589
19,7,9,500,BFGS,9387.938501562343
19,7,10,500,BFGS,9760.095911207987
19,7,11,500,BFGS,8496.125008856246
19,7,12,500,BFGS,9432.412822464423
19,7,13,500,BFGS,9428.625665024403
19,7,14,500,BFGS,9518.17486789238
19,7,15,500,BFGS,9052.652629346161
19,7,16,500,BFGS,8932.12972955225
19,7,17,500,BFGS,8597.324542711718
19,7,18,500,BFGS,9600.51183894927
19,7,19,500,BFGS,9988.12060235304
20,1,0,500,BFGS,13893974.480187895
20,1,1,500,BFGS,12307941.687501563
20,1,2,500,BFGS,9524940.456218418
20,1,3,500,BFGS,10240194.312505916
20,1,4,500,BFGS,10455065.029672066
20,1,5,500,BFGS,7616849.835569779
20,1,6,500,BFGS,8380935.070677817
20,1,7,500,BFGS,8452356.293677809
20,1,8,500,BFGS,9209747.332087724
20,1,9,500,BFGS,7562192.052232014
20,1,10,500,BFGS,10888213.219821334
20,1,11,500,BFGS,8660220.423878862
20,1,12,500,BFGS,10240510.19951357
20,1,13,500,BFGS,10758942.824556403
20,1,14,500,BFGS,11740491.34886975
20,1,15,500,BFGS,16749493.403738046
20,1,16,500,BFGS,8386309.988964294
20,1,17,500,BFGS,7133719.604299674
20,1,18,500,BFGS,10244814.079097992
20,1,19,500,BFGS,11488946.28884957
20,2,0,500,BFGS,6039383.4052408505
20,2,1,500,BFGS,12126032.040523324
20,2,2,500,BFGS,8715149.028339922
20,2,3,500,BFGS,8283396.993630068
20,2,4,500,BFGS,9503712.165234372
20,2,5,500,BFGS,11303836.748822842
20,2,6,500,BFGS,9834304.450699711
20,2,7,500,BFGS,7551160.324062816
20,2,8,500,BFGS,8166870.858615329
20,2,9,500,BFGS,7898271.96412636
20,2,10,500,BFGS,6267306.130548436
20,2,11,500,BFGS,10518868.698061949
20,2,12,500,BFGS,8232070.222633495
20,2,13,500,BFGS,7534931.373120526
20,2,14,500,BFGS,13296254.038485324
20,2,15,500,BFGS,9138617.648771513
20,2,16,500,BFGS,8223038.968534594
20,2,17,500,BFGS,9215758.381719293
20,2,18,500,BFGS,8603010.955030186
20,2,19,500,BFGS,9856566.51003716
20,3,0,500,BFGS,9097857.199237969
20,3,1,500,BFGS,8612836.768264778
20,3,2,500,BFGS,9212246.277796954
20,3,3,500,BFGS,7038653.73264024
20,3,4,500,BFGS,11893167.706782047
20,3,5,500,BFGS,7750676.208955464
20,3,6,500,BFGS,10578325.416062638
20,3,7,500,BFGS,12062153.073580109
20,3,8,500,BFGS,10131121.688997433
20,3,9,500,BFGS,9634241.424410054
20,3,10,500,BFGS,13699401.368180584
20,3,11,500,BFGS,9140076.029567817
20,3,12,500,BFGS,14634507.122213008
20,3,13,500,BFGS,4678706.420745607
20,3,14,500,BFGS,10024231.041595815
20,3,15,500,BFGS,8085161.25747189
20,3,16,500,BFGS,9906427.479475137
20,3,17,500,BFGS,8745258.24978598
20,3,18,500,BFGS,12100306.07200979
20,3,19,500,BFGS,8382479.918476324
20,4,0,500,BFGS,10144489.04105915
20,4,1,500,BFGS,6853951.971562715
20,4,2,500,BFGS,11228295.343355883
20,4,3,500,BFGS,10923581.815266594
20,4,4,500,BFGS,7035282.003322186
20,4,5,500,BFGS,8626045.545997873
20,4,6,500,BFGS,6706894.334913734
20,4,7,500,BFGS,10864397.374694781
20,4,8,500,BFGS,9512048.063887939
20,4,9,500,BFGS,8335685.5797450505
20,4,10,500,BFGS,8350233.584655242
20,4,11,500,BFGS,10543865.54782848
20,4,12,500,BFGS,8329150.225318653
20,4,13,500,BFGS,9495292.734649688
20,4,14,500,BFGS,11037926.298383638
20,4,15,500,BFGS,10437256.053350009
20,4,16,500,BFGS,9276609.178687954
20,4,17,500,BFGS,11064451.299885556
20,4,18,500,BFGS,12285623.856824018
20,4,19,500,BFGS,9513933.37212337
20,5,0,500,BFGS,11350690.698281629
20,5,1,500,BFGS,9638555.58210839
20,5,2,500,BFGS,8687575.38049001
20,5,3,500,BFGS,14688707.663871177
20,5,4,500,BFGS,8443916.509904923
20,5,5,500,BFGS,10982986.94210371
20,5,6,500,BFGS,7070851.558824841
20,5,7,500,BFGS,8084013.370953735
20,5,8,500,BFGS,8680357.110049175
20,5,9,500,BFGS,10972757.553004308
20,5,10,500,BFGS,6029815.132346509
20,5,11,500,BFGS,10909502.697696539
20,5,12,500,BFGS,10211767.870671643
20,5,13,500,BFGS,8565677.496904366
20,5,14,500,BFGS,6736503.233371229
20,5,15,500,BFGS,11491110.25258874
20,5,16,500,BFGS,6282815.884609732
20,5,17,500,BFGS,12950038.727786716
20,5,18,500,BFGS,10999857.415596645
20,5,19,500,BFGS,7364710.486434168
20,6,0,500,BFGS,10617067.397822699
20,6,1,500,BFGS,13476056.883066477
20,6,2,500,BFGS,9599070.284109445
20,6,3,500,BFGS,8943076.417880896
20,6,4,500,BFGS,8081751.729776144
20,6,5,500,BFGS,9917289.346148577
20,6,6,500,BFGS,7419536.760717726
20,6,7,500,BFGS,7507393.257767717
20,6,8,500,BFGS,8097070.972446913
20,6,9,500,BFGS,7880693.7476063995
20,6,10,500,BFGS,11431050.547403743
20,6,11,500,BFGS,8835703.999829452
20,6,12,500,BFGS,9910099.277298607
20,6,13,500,BFGS,7775771.01334847
20,6,14,500,BFGS,9979477.487814205
20,6,15,500,BFGS,9975437.610350365
20,6,16,500,BFGS,7695790.736077086
20,6,17,500,BFGS,10926033.469633473
20,6,18,500,BFGS,8954938.395753501
20,6,19,500,BFGS,6011936.923517594
20,7,0,500,BFGS,8660590.122822594
20,7,1,500,BFGS,10315366.778097885
20,7,2,500,BFGS,7310954.047816761
20,7,3,500,BFGS,8082614.850659537
20,7,4,500,BFGS,7120970.642627749
20,7,5,500,BFGS,8620464.683792882
20,7,6,500,BFGS,7198057.079716039
20,7,7,500,BFGS,11934633.323445786
20,7,8,500,BFGS,8046630.624275141
20,7,9,500,BFGS,9347587.081172135
20,7,10,500,BFGS,6778055.796631894
20,7,11,500,BFGS,7883121.789501095
20,7,12,500,BFGS,13236150.160466623
20,7,13,500,BFGS,9978600.849421259
20,7,14,500,BFGS,9630291.409588033
20,7,15,500,BFGS,7776912.562976266
20,7,16,500,BFGS,8724741.86814059
20,7,17,500,BFGS,11970465.271320842
20,7,18,500,BFGS,8989323.801317384
20,7,19,500,BFGS,7212514.981186875
21,1,0,500,BFGS,27861.62050914804
21,1,1,500,BFGS,35588.94940806061
21,1,2,500,BFGS,27171.15018336735
21,1,3,500,BFGS,26395.89908861289
21,1,4,500,BFGS,30002.03665371654
21,1,5,500,BFGS,28974.856455910518
21,1,6,500,BFGS,31461.440695822068
21,1,7,500,BFGS,33307.69678376403
21,1,8,500,BFGS,30584.44378658973
21,1,9,500,BFGS,27521.187638765376
21,1,10,500,BFGS,30008.03524675539
21,1,11,500,BFGS,28115.479237921987
21,1,12,500,BFGS,27346.931079846694
21,1,13,500,BFGS,26629.405826899914
21,1,14,500,BFGS,34570.15035527693
21,1,15,500,BFGS,27005.880878710002
21,1,16,500,BFGS,30083.67737297641
21,1,17,500,BFGS,39628.107312582026
21,1,18,500,BFGS,22926.188975201872
21,1,19,500,BFGS,25751.23041502984
21,2,0,500,BFGS,28039.409664055325
21,2,1,500,BFGS,29005.58781838444
21,2,2,500,BFGS,31184.882471851157
21,2,3,500,BFGS,30390.35150378938
21,2,4,500,BFGS,29934.997541166966
21,2,5,500,BFGS,25810.581327830394
21,2,6,500,BFGS,32064.962028893857
21,2,7,500,BFGS,32320.81092452087
21,2,8,500,BFGS,27322.676676136663
21,2,9,500,BFGS,32449.570040355808
21,2,10,500,BFGS,30732.50724703963
21,2,11,500,BFGS,20807.11913950099
21,2,12,500,BFGS,32227.54076884641
21,2,13,500,BFGS,34792.46659446554
21,2,14,500,BFGS,34415.932985369574
21,2,15,500,BFGS,29580.318076487114
21,2,16,500,BFGS,27278.946125240385
21,2,17,500,BFGS,53728.449994942406
21,2,18,500,BFGS,37013.319418176834
21,2,19,500,BFGS,28953.574803561118
21,3,0,500,BFGS,23026.745331147675
21,3,1,500,BFGS,46086.21502257553
21,3,2,500,BFGS,32014.877029600255
21,3,3,500,BFGS,27080.473777351013
21,3,4,500,BFGS,23433.178398534226
21,3,5,500,BFGS,33760.62598520474
21,3,6,500,BFGS,25365.298509317436
21,3,7,500,BFGS,33921.54721622605
21,3,8,500,BFGS,23356.204985551914
21,3,9,500,BFGS,27655.92414659611
21,3,10,500,BFGS,27905.494070078166
21,3,11,500,BFGS,25381.03430317502
21,3,12,500,BFGS,29599.112214055913
21,3,13,500,BFGS,29781.924531190445
21,3,14,500,BFGS,24250.272783627817
21,3,15,500,BFGS,35415.2165019409
21,3,16,500,BFGS,27787.706520676868
21,3,17,500,BFGS,30938.769687105392
21,3,18,500,BFGS,25368.61717240958
21,3,19,500,BFGS,28783.960408518076
21,4,0,500,BFGS,26823.38005163911
21,4,1,500,BFGS,21401.485508660146
21,4,2,500,BFGS,22657.253779699593
21,4,3,500,BFGS,27279.79769661768
21,4,4,500,BFGS,23718.51864741562
21,4,5,500,BFGS,25759.270651294988
21,4,6,500,BFGS,19204.852727615515
21,4,7,500,BFGS,23086.608000463635
21,4,8,500,BFGS,25427.675146263904
21,4,9,500,BFGS,28157.22715691438
21,4,10,500,BFGS,26434.259084957168
21,4,11,500,BFGS,37005.21755743449
21,4,12,500,BFGS,26246.86700282482
21,4,13,500,BFGS,24019.829011293976
21,4,14,500,BFGS,23835.75407333478
21,4,15,500,BFGS,35663.868638365966
21,4,16,500,BFGS,22508.806016863004
21,4,17,500,BFGS,25170.42680712897
21,4,18,500,BFGS,27752.203303076025
21,4,19,500,BFGS,21686.02506639547
21,5,0,500,BFGS,33652.53189257212
21,5,1,500,BFGS,27921.937334360162
21,5,2,500,BFGS,31857.223911935238
21,5,3,500,BFGS,28268.782724852394
21,5,4,500,BFGS,34580.609850189045
21,5,5,500,BFGS,20867.353417128637
21,5,6,500,BFGS,22347.05283147976
21,5,7,500,BFGS,25818.999498578996
21,5,8,500,BFGS,25919.882049904285
21,5,9,500,BFGS,26463.230317428817
21,5,10,500,BFGS,26987.26797371388
21,5,11,500,BFGS,24748.315784179864
21,5,12,500,BFGS,24090.898776983133
21,5,13,500,BFGS,27335.375773687614
21,5,14,500,BFGS,27943.771754735302
21,5,15,500,BFGS,29849.83198119725
21,5,16,500,BFGS,25851.440158855643
21,5,17,500,BFGS,22584.486392594736
21,5,18,500,BFGS,30395.176503005074
21,5,19,500,BFGS,23209.673787457326
21,6,0,500,BFGS,48663.7024449541
21,6,1,500,BFGS,31315.674288910915
21,6,2,500,BFGS,31863.43760330275
21,6,3,500,BFGS,29828.810282246708
21,6,4,500,BFGS,26141.486019859054
21,6,5,500,BFGS,28205.153754061626
21,6,6,500,BFGS,24761.580116464622
21,6,7,500,BFGS,28627.204675934827
21,6,8,500,BFGS,29333.37905501808
21,6,9,500,BFGS,48052.01724322006
21,6,10,500,BFGS,31630.793052787645
21,6,11,500,BFGS,28696.469547913774
21,6,12,500,BFGS,30331.20496227541
21,6,13,500,BFGS,27886.981573279438
21,6,14,500,BFGS,30136.415180640095
21,6,15,500,BFGS,29387.881363029657
21,6,16,500,BFGS,28520.596856657787
21,6,17,500,BFGS,27897.993759677298
21,6,18,500,BFGS,49924.46506773288
21,6,19,500,BFGS,34488.534187675774
21,7,0,500,BFGS,45296.50997471115
21,7,1,500,BFGS,25360.305141728153
21,7,2,500,BFGS,44864.59960428253
21,7,3,500,BFGS,44398.838186723864
21,7,4,500,BFGS,43694.78143601236
21,7,5,500,BFGS,44087.11662626336
21,7,6,500,BFGS,28527.822089900805
21,7,7,500,BFGS,20146.786719841177
21,7,8,500,BFGS,44631.19251967618
21,7,9,500,BFGS,30407.948043824188
21,7,10,500,BFGS,44457.795121463074
21,7,11,500,BFGS,45801.83277801401
21,7,12,500,BFGS,25443.2958013869
21,7,13,500,BFGS,27390.31020434206
21,7,14,500,BFGS,42141.636271666575
21,7,15,500,BFGS,46381.88767711078
21,7,16,500,BFGS,43867.303198321584
21,7,17,500,BFGS,44169.55463309299
21,7,18,500,BFGS,45787.35300366797
21,7,19,500,BFGS,24390.837135024303
22,1,0,500,BFGS,26234.83838537152
22,1,1,500,BFGS,37604.287748666495
22,1,2,500,BFGS,39505.41442147786
22,1,3,500,BFGS,23421.501411838097
22,1,4,500,BFGS,41587.390085924286
22,1,5,500,BFGS,38641.452658107286
22,1,6,500,BFGS,39479.00620069557
22,1,7,500,BFGS,36852.321577279414
22,1,8,500,BFGS,39617.800661764544
22,1,9,500,BFGS,38693.53288693068
22,1,10,500,BFGS,37689.11397873556
22,1,11,500,BFGS,38731.98461472993
22,1,12,500,BFGS,35994.3992791731
22,1,13,500,BFGS,38399.07534261878
22,1,14,500,BFGS,24537.320144663718
22,1,15,500,BFGS,24822.372335062493
22,1,16,500,BFGS,40403.98056923449
22,1,17,500,BFGS,40772.36826810376
22,1,18,500,BFGS,26598.10543463865
22,1,19,500,BFGS,39796.880142745205
22,2,0,500,BFGS,40950.76002945534
22,2,1,500,BFGS,47203.76872430624
22,2,2,500,BFGS,47411.50290177696
22,2,3,500,BFGS,62278.006078231934
22,2,4,500,BFGS,40209.498892009025
22,2,5,500,BFGS,46345.5280825954
22,2,6,500,BFGS,42675.86763768675
22,2,7,500,BFGS,46901.21904133055
22,2,8,500,BFGS,38684.502866822186
22,2,9,500,BFGS,41064.27453547225
22,2,10,500,BFGS,62669.169160456404
22,2,11,500,BFGS,48612.91450021339
22,2,12,500,BFGS,42825.420370549204
22,2,13,500,BFGS,46090.32610204558
22,2,14,500,BFGS,45813.1886641595
22,2,15,500,BFGS,43964.91828322922
22,2,16,500,BFGS,49502.48186818873
22,2,17,500,BFGS,50896.91440987884
22,2,18,500,BFGS,45177.99656558638
22,2,19,500,BFGS,52355.999505742584
22,3,0,500,BFGS,23734.588961554426
22,3,1,500,BFGS,23431.026040120538
22,3,2,500,BFGS,25437.273903773315
22,3,3,500,BFGS,29249.726944461705
22,3,4,500,BFGS,28958.25952570446
22,3,5,500,BFGS,28011.30456808683
22,3,6,500,BFGS,21992.646341757536
22,3,7,500,BFGS,23372.134970355557
22,3,8,500,BFGS,24347.73114999322
22,3,9,500,BFGS,21851.06125305695
22,3,10,500,BFGS,26275.19163435317
22,3,11,500,BFGS,28359.91483210301
22,3,12,500,BFGS,24688.43439657372
22,3,13,500,BFGS,37312.29972835124
22,3,14,500,BFGS,26273.59367309597
22,3,15,500,BFGS,25014.58440329571
22,3,16,500,BFGS,24715.718472803474
22,3,17,500,BFGS,21845.079845383392
22,3,18,500,BFGS,23926.489571443115
22,3,19,500,BFGS,25110.641710989745
22,4,0,500,BFGS,22303.428976798812
22,4,1,500,BFGS,23433.59126959237
22,4,2,500,BFGS,31877.977914523777
22,4,3,500,BFGS,22223.72731923435
22,4,4,500,BFGS,25039.986132799047
22,4,5,500,BFGS,22970.561795365044
22,4,6,500,BFGS,20242.27057934639
22,4,7,500,BFGS,19207.51235039683
22,4,8,500,BFGS,28705.962802052174
22,4,9,500,BFGS,28541.77782132053
22,4,10,500,BFGS,23669.420177906977
22,4,11,500,BFGS,22588.587286721628
22,4,12,500,BFGS,29811.506848337278
22,4,13,500,BFGS,24632.278398347757
22,4,14,500,BFGS,30041.886559804167
22,4,15,500,BFGS,25889.545811324904
22,4,16,500,BFGS,25468.186037154377
22,4,17,500,BFGS,23196.517083554554
22,4,18,500,BFGS,22433.312890784775
22,4,19,500,BFGS,29311.577304328246
22,5,0,500,BFGS,25459.424114843616
22,5,1,500,BFGS,28052.740880267233
22,5,2,500,BFGS,28323.471580153986
22,5,3,500,BFGS,23731.68301886509
22,5,4,500,BFGS,26846.42748985472
22,5,5,500,BFGS,28610.734626759113
22,5,6,500,BFGS,30375.924656933563
22,5,7,500,BFGS,30695.08136809251
22,5,8,500,BFGS,29477.512679372492
22,5,9,500,BFGS,28702.333190266636
22,5,10,500,BFGS,32857.728066189695
22,5,11,500,BFGS,30992.684549356287
22,5,12,500,BFGS,29696.897725169485
22,5,13,500,BFGS,29253.112458457173
22,5,14,500,BFGS,26430.638485464646
22,5,15,500,BFGS,29845.19198201173
22,5,16,500,BFGS,31042.92664812549
22,5,17,500,BFGS,25239.40422888815
22,5,18,500,BFGS,30288.326272043654
22,5,19,500,BFGS,30037.137216369523
22,6,0,500,BFGS,61438.97260432144
22,6,1,500,BFGS,62323.46310849775
22,6,2,500,BFGS,61294.50986130917
22,6,3,500,BFGS,61966.61789624336
22,6,4,500,BFGS,24912.498445829537
22,6,5,500,BFGS,25702.64107901086
22,6,6,500,BFGS,35147.93397793373
22,6,7,500,BFGS,60657.43849713414
22,6,8,500,BFGS,22985.986362743068
22,6,9,500,BFGS,62000.53237858031
22,6,10,500,BFGS,60919.69334363724
22,6,11,500,BFGS,61410.70588869559
22,6,12,500,BFGS,60301.85331596514
22,6,13,500,BFGS,60963.04127320686
22,6,14,500,BFGS,62203.96423292784
22,6,15,500,BFGS,61130.897930841296
22,6,16,500,BFGS,62031.12096617142
22,6,17,500,BFGS,61076.15642006744
22,6,18,500,BFGS,37572.69543041141
22,6,19,500,BFGS,61449.64598651267
22,7,0,500,BFGS,34935.8417206587
22,7,1,500,BFGS,43147.85268940477
22,7,2,500,BFGS,45026.263848352464
22,7,3,500,BFGS,35427.48113772185
22,7,4,500,BFGS,53404.18354723188
22,7,5,500,BFGS,37589.111319185744
22,7,6,500,BFGS,33405.39864785263
22,7,7,500,BFGS,32496.698924693104
22,7,8,500,BFGS,45487.758498059164
22,7,9,500,BFGS,35612.89665581155
22,7,10,500,BFGS,45038.5566339651
22,7,11,500,BFGS,33880.43788715728
22,7,12,500,BFGS,55138.75796251245
22,7,13,500,BFGS,44723.31186094714
22,7,14,500,BFGS,43971.63297581104
22,7,15,500,BFGS,34221.83402792091
22,7,16,500,BFGS,46547.965688502314
22,7,17,500,BFGS,44181.46813907643
22,7,18,500,BFGS,32040.157911390277
22,7,19,500,BFGS,58309.5404475546
23,1,0,500,BFGS,5572.843187417667
23,1,1,500,BFGS,6032.6017278254
23,1,2,500,BFGS,5518.1316843179
23,1,3,500,BFGS,6806.650536679108
23,1,4,500,BFGS,6796.631369657792
23,1,5,500,BFGS,5325.865555934612
23,1,6,500,BFGS,6163.040326172084
23,1,7,500,BFGS,4753.227968936058
23,1,8,500,BFGS,5182.876849082524
23,1,9,500,BFGS,6366.617056508536
23,1,10,500,BFGS,5751.4296126401405
23,1,11,500,BFGS,6400.763147319572
23,1,12,500,BFGS,5957.020858233156
23,1,13,500,BFGS,5832.140037097863
23,1,14,500,BFGS,4696.751242498593
23,1,15,500,BFGS,5232.559194264018
23,1,16,500,BFGS,6217.415857489687
23,1,17,500,BFGS,6074.343699946174
23,1,18,500,BFGS,5228.753021996168
23,1,19,500,BFGS,5590.648327170789
23,2,0,500,BFGS,6555.927284987626
23,2,1,500,BFGS,5326.910127201014
23,2,2,500,BFGS,4480.289711532567
23,2,3,500,BFGS,5722.802122280461
23,2,4,500,BFGS,5900.251834730394
23,2,5,500,BFGS,6113.806427944846
23,2,6,500,BFGS,5117.786391814117
23,2,7,500,BFGS,4391.530076395717
23,2,8,500,BFGS,5425.849317419159
23,2,9,500,BFGS,5426.045559923443
23,2,10,500,BFGS,4361.883990804758
23,2,11,500,BFGS,3452.437376276007
23,2,12,500,BFGS,5790.315957134818
23,2,13,500,BFGS,5307.405092157527
23,2,14,500,BFGS,4690.815924958084
23,2,15,500,BFGS,6139.008146735398
23,2,16,500,BFGS,5905.013243234897
23,2,17,500,BFGS,5881.3817639993395
23,2,18,500,BFGS,5305.748227789502
23,2,19,500,BFGS,5963.061172749328
23,3,0,500,BFGS,5580.9168253994185
23,3,1,500,BFGS,5830.74447065628
23,3,2,500,BFGS,5311.280770979136
23,3,3,500,BFGS,5204.212379697341
23,3,4,500,BFGS,5798.3787245420335
23,3,5,500,BFGS,5762.844880221266
23,3,6,500,BFGS,5842.291892652186
23,3,7,500,BFGS,5385.1651749551465
23,3,8,500,BFGS,5968.962073662069
23,3,9,500,BFGS,5966.658823950849
23,3,10,500,BFGS,4919.583908621078
23,3,11,500,BFGS,5655.434130281494
23,3,12,500,BFGS,4991.650196819111
23,3,13,500,BFGS,4609.076367770222
23,3,14,500,BFGS,5599.728670119966
23,3,15,500,BFGS,4811.913320614442
23,3,16,500,BFGS,5178.980844257098
23,3,17,500,BFGS,5864.271209062309
23,3,18,500,BFGS,6462.005512909178
23,3,19,500,BFGS,5805.687864991316
23,4,0,500,BFGS,6115.8400600895775
23,4,1,500,BFGS,6290.868272018917
23,4,2,500,BFGS,5394.761517853773
23,4,3,500,BFGS,5943.63510608929
23,4,4,500,BFGS,4838.18142551735
23,4,5,500,BFGS,5656.291263840229
23,4,6,500,BFGS,6254.333456814345
23,4,7,500,BFGS,5735.323699902854
23,4,8,500,BFGS,5594.880674934565
23,4,9,500,BFGS,5502.913041967109
23,4,10,500,BFGS,5938.431753893967
23,4,11,500,BFGS,5094.94297545118
23,4,12,500,BFGS,5402.337228953171
23,4,13,500,BFGS,6242.757213438364
23,4,14,500,BFGS,5923.03302475276
23,4,15,500,BFGS,5299.9221988200525
23,4,16,500,BFGS,6624.119901779448
23,4,17,500,BFGS,5760.586012740187
23,4,18,500,BFGS,4703.410542289135
23,4,19,500,BFGS,6041.908927468641
23,5,0,500,BFGS,5812.8019241943475
23,5,1,500,BFGS,5344.713305272299
23,5,2,500,BFGS,4500.906957962445
23,5,3,500,BFGS,5672.9926224443
23,5,4,500,BFGS,6220.60141194971
23,5,5,500,BFGS,6502.314130348359
23,5,6,500,BFGS,5515.028965719777
23,5,7,500,BFGS,4993.660880575379
23,5,8,500,BFGS,5889.185653434838
23,5,9,500,BFGS,6158.000190542029
23,5,10,500,BFGS,5770.970203928125
23,5,11,500,BFGS,5715.586756539278
23,5,12,500,BFGS,5252.920634161317
23,5,13,500,BFGS,5201.18312495156
23,5,14,500,BFGS,5035.266474104226
23,5,15,500,BFGS,6219.138547796016
23,5,16,500,BFGS,5150.281649051924
23,5,17,500,BFGS,6135.1758849193475
23,5,18,500,BFGS,6168.949958693463
23,5,19,500,BFGS,5407.187604521926
23,6,0,500,BFGS,6060.737586774581
23,6,1,500,BFGS,4718.950648233731
23,6,2,500,BFGS,5830.228774195102
23,6,3,500,BFGS,5692.411594397197
23,6,4,500,BFGS,5491.881779230354
23,6,5,500,BFGS,3684.86539156271
23,6,6,500,BFGS,5823.819065150545
23,6,7,500,BFGS,6004.559434774284
23,6,8,500,BFGS,3969.8350386864877
23,6,9,500,BFGS,5996.563479437225
23,6,10,500,BFGS,6628.437970368832
23,6,11,500,BFGS,5510.439910729077
23,6,12,500,BFGS,6064.262256665776
23,6,13,500,BFGS,5431.622427357912
23,6,14,500,BFGS,5396.340077176629
23,6,15,500,BFGS,5686.9343351044545
23,6,16,500,BFGS,6357.712426166421
23,6,17,500,BFGS,6079.9793426311535
23,6,18,500,BFGS,5413.632037303456
23,6,19,500,BFGS,6290.684308805265
23,7,0,500,BFGS,6198.26844499598
23,7,1,500,BFGS,5992.6766624347565
23,7,2,500,BFGS,5875.141583819875
23,7,3,500,BFGS,5820.1483513685835
23,7,4,500,BFGS,6231.249972415564
23,7,5,500,BFGS,5656.052527293878
23,7,6,500,BFGS,5521.006651667176
23,7,7,500,BFGS,6103.033665444594
23,7,8,500,BFGS,5739.950643429038
23,7,9,500,BFGS,5372.271397545419
23,7,10,500,BFGS,6066.113782749682
23,7,11,500,BFGS,5314.955472557639
23,7,12,500,BFGS,6589.180609850678
23,7,13,500,BFGS,5178.994508967555
23,7,14,500,BFGS,5843.557518814755
23,7,15,500,BFGS,4631.188089291803
23,7,16,500,BFGS,5707.192985342351
23,7,17,500,BFGS,5914.91010180932
23,7,18,500,BFGS,6377.085557519214
23,7,19,500,BFGS,5335.338867993489
24,1,0,500,BFGS,513454.48677584983
24,1,1,500,BFGS,504997.3117351951
24,1,2,500,BFGS,496404.6819637481
24,1,3,500,BFGS,524669.3227522473
24,1,4,500,BFGS,539365.9262168822
24,1,5,500,BFGS,455780.0293701433
24,1,6,500,BFGS,500058.0527762897
24,1,7,500,BFGS,473719.36415792
24,1,8,500,BFGS,532968.5256512209
24,1,9,500,BFGS,470262.20557602926
24,1,10,500,BFGS,469047.7877831766
24,1,11,500,BFGS,489655.66626895533
24,1,12,500,BFGS,485923.4033025221
24,1,13,500,BFGS,462532.36065726634
24,1,14,500,BFGS,520071.9228818975
24,1,15,500,BFGS,559286.3666633622
24,1,16,500,BFGS,510688.4618587151
24,1,17,500,BFGS,533683.4502783413
24,1,18,500,BFGS,499368.25787059905
24,1,19,500,BFGS,458275.4517067408
24,2,0,500,BFGS,469411.8943864993
24,2,1,500,BFGS,521568.5515844743
24,2,2,500,BFGS,477601.65620116267
24,2,3,500,BFGS,485914.25819904124
24,2,4,500,BFGS,508848.28578740795
24,2,5,500,BFGS,458853.1022210918
24,2,6,500,BFGS,514808.2085572434
24,2,7,500,BFGS,444363.5380294916
24,2,8,500,BFGS,547411.3071222709
24,2,9,500,BFGS,468122.7698331747
24,2,10,500,BFGS,496060.918950476
24,2,11,500,BFGS,526183.5465903182
24,2,12,500,BFGS,493809.52323567827
24,2,13,500,BFGS,459291.43944051233
24,2,14,500,BFGS,513767.923707715
24,2,15,500,BFGS,501673.3677381874
24,2,16,500,BFGS,483888.49469905056
24,2,17,500,BFGS,498228.5295220608
24,2,18,500,BFGS,488862.89757865167
24,2,19,500,BFGS,503223.4589613482
24,3,0,500,BFGS,511742.2498757034
24,3,1,500,BFGS,481666.7854719349
24,3,2,500,BFGS,500096.55870251457
24,3,3,500,BFGS,483627.40222043975
24,3,4,500,BFGS,499379.30902843387
24,3,5,500,BFGS,482537.03417390585
24,3,6,500,BFGS,517777.0588709519
24,3,7,500,BFGS,476067.31738867133
24,3,8,500,BFGS,521850.18565569224
24,3,9,500,BFGS,498334.0409397917
24,3,10,500,BFGS,489631.3935514529
24,3,11,500,BFGS,486702.6348289882
24,3,12,500,BFGS,509806.6155487387
24,3,13,500,BFGS,530084.5618420562
24,3,14,500,BFGS,522914.3923528276
24,3,15,500,BFGS,515748.3568289398
24,3,16,500,BFGS,512664.65723161364
24,3,17,500,BFGS,506643.76234978175
24,3,18,500,BFGS,527961.3178355431
24,3,19,500,BFGS,503515.4276076921
24,4,0,500,BFGS,500966.4336708068
24,4,1,500,BFGS,444882.34405885194
24,4,2,500,BFGS,477328.64513752784
24,4,3,500,BFGS,544122.162600756
24,4,4,500,BFGS,456791.13166929
24,4,5,500,BFGS,485275.7721958604
24,4,6,500,BFGS,476867.3402645708
24,4,7,500,BFGS,433491.3587623235
24,4,8,500,BFGS,463919.8074060321
24,4,9,500,BFGS,484298.16219198005
24,4,10,500,BFGS,494210.9806040986
24,4,11,500,BFGS,474524.7150538023
24,4,12,500,BFGS,512454.18904679385
24,4,13,500,BFGS,516386.2833810968
24,4,14,500,BFGS,519942.20553278865
24,4,15,500,BFGS,449358.82052348345
24,4,16,500,BFGS,506014.3135878543
24,4,17,500,BFGS,477707.776774443
24,4,18,500,BFGS,507250.93453198444
24,4,19,500,BFGS,499280.33801006345
24,5,0,500,BFGS,464563.445135128
24,5,1,500,BFGS,527662.2252003367
24,5,2,500,BFGS,514085.9071866404
24,5,3,500,BFGS,480511.336187646
24,5,4,500,BFGS,483399.8534434687
24,5,5,500,BFGS,517635.50215645693
24,5,6,500,BFGS,519074.35857783275
24,5,7,500,BFGS,444911.18453123205
24,5,8,500,BFGS,514691.5954097665
24,5,9,500,BFGS,468076.15056265943
24,5,10,500,BFGS,472865.22457021975
24,5,11,500,BFGS,538126.1677675745
24,5,12,500,BFGS,488299.4950353452
24,5,13,500,BFGS,518430.63755149604
24,5,14,500,BFGS,454189.92917559814
24,5,15,500,BFGS,498282.2576506203
24,5,16,500,BFGS,478589.0310429654
24,5,17,500,BFGS,495068.94948970136
24,5,18,500,BFGS,495792.910169701
24,5,19,500,BFGS,464958.30997626216
24,6,0,500,BFGS,499486.712093021
24,6,1,500,BFGS,475617.05400667916
24,6,2,500,BFGS,512358.75110226026
24,6,3,500,BFGS,505806.8414853581
24,6,4,500,BFGS,518089.72805793176
24,6,5,500,BFGS,490445.586997315
24,6,6,500,BFGS,499293.3478678848
24,6,7,500,BFGS,511453.34811911295
24,6,8,500,BFGS,536381.1608942816
24,6,9,500,BFGS,504053.14889720816
24,6,10,500,BFGS,502722.23163088993
24,6,11,500,BFGS,491332.79424742033
24,6,12,500,BFGS,486924.90056695347
24,6,13,500,BFGS,512369.811229392
24,6,14,500,BFGS,468615.49567732925
24,6,15,500,BFGS,464718.6845382481
24,6,16,500,BFGS,571468.5348021395
24,6,17,500,BFGS,533881.7652839683
24,6,18,500,BFGS,499183.9365708673
24,6,19,500,BFGS,471733.7837560478
24,7,0,500,BFGS,472615.6499039869
24,7,1,500,BFGS,472645.3854619021
24,7,2,500,BFGS,547136.1263672053
24,7,3,500,BFGS,494976.12001747434
24,7,4,500,BFGS,523631.7277463914
24,7,5,500,BFGS,499277.5006453978
24,7,6,500,BFGS,504497.4204284138
24,7,7,500,BFGS,539075.5554833437
24,7,8,500,BFGS,544930.556745855
24,7,9,500,BFGS,498467.6353344155
24,7,10,500,BFGS,499957.29621647793
24,7,11,500,BFGS,510506.1023946627
24,7,12,500,BFGS,510001.2638442571
24,7,13,500,BFGS,490489.7068914699
24,7,14,500,BFGS,494589.09382474114
24,7,15,500,BFGS,488823.2558829535
24,7,16,500,BFGS,472660.2588112572
24,7,17,500,BFGS,509858.4551375065
24,7,18,500,BFGS,457012.98655586335
24,7,19,500,BFGS,498912.8516948247
