fid,iid,rep,a1_budget,algname,achieved_auc
1,1,0,700,BFGS,41898.67003215463
1,1,1,700,BFGS,45373.61402267362
1,1,2,700,BFGS,41790.1848354438
1,1,3,700,BFGS,39867.09396171214
1,1,4,700,BFGS,33870.529841937474
1,1,5,700,BFGS,36886.66512217406
1,1,6,700,BFGS,37339.66363978652
1,1,7,700,BFGS,39881.301855416714
1,1,8,700,BFGS,49349.36044903948
1,1,9,700,BFGS,48943.133945703616
1,1,10,700,BFGS,45904.746014177355
1,1,11,700,BFGS,36338.3236780454
1,1,12,700,BFGS,34451.97961694116
1,1,13,700,BFGS,36252.000713631045
1,1,14,700,BFGS,48615.967272409296
1,1,15,700,BFGS,41720.42788562235
1,1,16,700,BFGS,52304.50543465245
1,1,17,700,BFGS,42963.55261171011
1,1,18,700,BFGS,39052.09480212132
1,1,19,700,BFGS,39727.077365781035
1,2,0,700,BFGS,39793.59104534682
1,2,1,700,BFGS,48988.01272705166
1,2,2,700,BFGS,50664.82224930208
1,2,3,700,BFGS,55090.66984349554
1,2,4,700,BFGS,44381.46427283616
1,2,5,700,BFGS,46644.297522444016
1,2,6,700,BFGS,47000.415872261845
1,2,7,700,BFGS,49262.299174052765
1,2,8,700,BFGS,52832.387657511295
1,2,9,700,BFGS,45119.31331453609
1,2,10,700,BFGS,50279.06733856117
1,2,11,700,BFGS,55490.418676934525
1,2,12,700,BFGS,44126.69963063234
1,2,13,700,BFGS,50739.62070048906
1,2,14,700,BFGS,44179.471614332644
1,2,15,700,BFGS,49188.76251370136
1,2,16,700,BFGS,43237.04048247091
1,2,17,700,BFGS,52764.58092213304
1,2,18,700,BFGS,46560.84856872413
1,2,19,700,BFGS,48936.564953231355
1,3,0,700,BFGS,47221.73948196654
1,3,1,700,BFGS,41390.840747795366
1,3,2,700,BFGS,44766.78493555391
1,3,3,700,BFGS,45467.48010139165
1,3,4,700,BFGS,38276.556521190214
1,3,5,700,BFGS,46694.06368542357
1,3,6,700,BFGS,38691.75842768718
1,3,7,700,BFGS,42049.361709311364
1,3,8,700,BFGS,37717.35866680496
1,3,9,700,BFGS,45579.43337904681
1,3,10,700,BFGS,36937.29726411638
1,3,11,700,BFGS,43679.05371291687
1,3,12,700,BFGS,39067.734906166195
1,3,13,700,BFGS,46935.51132052675
1,3,14,700,BFGS,35814.86058280199
1,3,15,700,BFGS,34348.44874858027
1,3,16,700,BFGS,39721.068314620454
1,3,17,700,BFGS,46574.577602893354
1,3,18,700,BFGS,47174.5576673045
1,3,19,700,BFGS,43253.310604917846
1,4,0,700,BFGS,51617.7119035513
1,4,1,700,BFGS,43447.595272526894
1,4,2,700,BFGS,49802.26223782054
1,4,3,700,BFGS,45808.57155379924
1,4,4,700,BFGS,38480.33482752896
1,4,5,700,BFGS,43660.52369553928
1,4,6,700,BFGS,35761.85064642031
1,4,7,700,BFGS,50318.24637111451
1,4,8,700,BFGS,43377.17303448175
1,4,9,700,BFGS,38088.15024263981
1,4,10,700,BFGS,42653.01363577455
1,4,11,700,BFGS,39171.860842502814
1,4,12,700,BFGS,42305.383741964375
1,4,13,700,BFGS,39934.11745857737
1,4,14,700,BFGS,44565.61134648123
1,4,15,700,BFGS,41610.82834526442
1,4,16,700,BFGS,42516.68223123436
1,4,17,700,BFGS,46109.88763592068
1,4,18,700,BFGS,48615.397598661126
1,4,19,700,BFGS,49031.36631140002
1,5,0,700,BFGS,40443.49018147388
1,5,1,700,BFGS,35432.90832312022
1,5,2,700,BFGS,43602.85437159804
1,5,3,700,BFGS,37179.98991952407
1,5,4,700,BFGS,35975.223285048545
1,5,5,700,BFGS,36445.05297058115
1,5,6,700,BFGS,37687.89513107279
1,5,7,700,BFGS,41391.01823552599
1,5,8,700,BFGS,37114.479328628244
1,5,9,700,BFGS,43859.57364305892
1,5,10,700,BFGS,38318.64627555467
1,5,11,700,BFGS,38409.72389323125
1,5,12,700,BFGS,44377.2575086195
1,5,13,700,BFGS,34012.274632865796
1,5,14,700,BFGS,34870.524745934315
1,5,15,700,BFGS,34701.58852742767
1,5,16,700,BFGS,35173.59453402544
1,5,17,700,BFGS,41393.39765091361
1,5,18,700,BFGS,46804.37489908084
1,5,19,700,BFGS,38249.73623088151
1,6,0,700,BFGS,51329.027073401216
1,6,1,700,BFGS,44573.5730407461
1,6,2,700,BFGS,41875.58334124603
1,6,3,700,BFGS,47594.99965768158
1,6,4,700,BFGS,41461.85119777133
1,6,5,700,BFGS,44292.08823177071
1,6,6,700,BFGS,45224.09514060423
1,6,7,700,BFGS,43278.64874404413
1,6,8,700,BFGS,38458.57990719391
1,6,9,700,BFGS,40612.08626587541
1,6,10,700,BFGS,46134.27322336112
1,6,11,700,BFGS,44267.85732554454
1,6,12,700,BFGS,39500.10721849985
1,6,13,700,BFGS,42912.72159139609
1,6,14,700,BFGS,50996.89152696926
1,6,15,700,BFGS,40338.56938384587
1,6,16,700,BFGS,44360.84409198169
1,6,17,700,BFGS,40761.50905366485
1,6,18,700,BFGS,42744.980632035724
1,6,19,700,BFGS,42241.327393439744
1,7,0,700,BFGS,39819.120744815154
1,7,1,700,BFGS,54770.1433539773
1,7,2,700,BFGS,43853.38760439976
1,7,3,700,BFGS,48866.4894055685
1,7,4,700,BFGS,40219.00531529184
1,7,5,700,BFGS,41132.433799739236
1,7,6,700,BFGS,50687.17496399221
1,7,7,700,BFGS,44354.051673279384
1,7,8,700,BFGS,44073.87712300512
1,7,9,700,BFGS,45243.37311864682
1,7,10,700,BFGS,42321.733113944036
1,7,11,700,BFGS,48174.28351187471
1,7,12,700,BFGS,38596.11604229892
1,7,13,700,BFGS,50850.44345105085
1,7,14,700,BFGS,38604.084549169675
1,7,15,700,BFGS,43808.42704457264
1,7,16,700,BFGS,42130.26393205062
1,7,17,700,BFGS,43774.18975308638
1,7,18,700,BFGS,42641.31627071251
1,7,19,700,BFGS,43932.15029833904
2,1,0,700,BFGS,1474128044.1193328
2,1,1,700,BFGS,1890285968.4192345
2,1,2,700,BFGS,1636601737.6500053
2,1,3,700,BFGS,1488903771.354629
2,1,4,700,BFGS,1801361667.0603843
2,1,5,700,BFGS,1910234297.2548862
2,1,6,700,BFGS,1802884512.1969233
2,1,7,700,BFGS,1751176442.5245547
2,1,8,700,BFGS,1176407129.7695644
2,1,9,700,BFGS,1452952429.5651119
2,1,10,700,BFGS,1640867449.3688037
2,1,11,700,BFGS,1998639140.3936648
2,1,12,700,BFGS,1703389973.2422485
2,1,13,700,BFGS,1196927791.354219
2,1,14,700,BFGS,2009122328.1903574
2,1,15,700,BFGS,1839288060.2474966
2,1,16,700,BFGS,1600442136.8877835
2,1,17,700,BFGS,1498623636.1008706
2,1,18,700,BFGS,1595862374.1994503
2,1,19,700,BFGS,1415720984.3993855
2,2,0,700,BFGS,1753392093.0671105
2,2,1,700,BFGS,1916644617.1618063
2,2,2,700,BFGS,1755001718.6046104
2,2,3,700,BFGS,2164810932.417059
2,2,4,700,BFGS,2239653943.894426
2,2,5,700,BFGS,1718752582.234839
2,2,6,700,BFGS,1785338643.1469448
2,2,7,700,BFGS,1448433698.6338542
2,2,8,700,BFGS,1788077790.029782
2,2,9,700,BFGS,1699799739.6064575
2,2,10,700,BFGS,1723382744.6194704
2,2,11,700,BFGS,2108369784.683666
2,2,12,700,BFGS,2158239235.346386
2,2,13,700,BFGS,1781831843.5930457
2,2,14,700,BFGS,2117274752.8539615
2,2,15,700,BFGS,2009026256.8349824
2,2,16,700,BFGS,2232552543.2995706
2,2,17,700,BFGS,2168102699.6812363
2,2,18,700,BFGS,2279804511.8409653
2,2,19,700,BFGS,2225209728.216904
2,3,0,700,BFGS,1633072542.0571952
2,3,1,700,BFGS,1449597926.9145274
2,3,2,700,BFGS,1835828082.4727237
2,3,3,700,BFGS,1949233268.4926538
2,3,4,700,BFGS,1956730428.2896361
2,3,5,700,BFGS,2297625914.790544
2,3,6,700,BFGS,2404857899.7437515
2,3,7,700,BFGS,1939250102.0311728
2,3,8,700,BFGS,1469676906.936518
2,3,9,700,BFGS,1451292564.9213898
2,3,10,700,BFGS,1861785392.6445012
2,3,11,700,BFGS,1887987073.3463435
2,3,12,700,BFGS,1645927277.359104
2,3,13,700,BFGS,2028306463.2607517
2,3,14,700,BFGS,2008658850.8311815
2,3,15,700,BFGS,1844748477.4869182
2,3,16,700,BFGS,2472790493.8126774
2,3,17,700,BFGS,1798358253.074245
2,3,18,700,BFGS,1633327787.4214873
2,3,19,700,BFGS,1673880300.0209346
2,4,0,700,BFGS,1798928079.3127658
2,4,1,700,BFGS,2031299954.019955
2,4,2,700,BFGS,1845606785.7610075
2,4,3,700,BFGS,1499196630.1670756
2,4,4,700,BFGS,1823391892.2882497
2,4,5,700,BFGS,1994394754.1032913
2,4,6,700,BFGS,1624441835.2494721
2,4,7,700,BFGS,1864041305.9052618
2,4,8,700,BFGS,1934775618.6838243
2,4,9,700,BFGS,2116447103.580285
2,4,10,700,BFGS,2200567889.352037
2,4,11,700,BFGS,1938186454.0961137
2,4,12,700,BFGS,2139129778.7708814
2,4,13,700,BFGS,1724374647.0777457
2,4,14,700,BFGS,1754813918.1466882
2,4,15,700,BFGS,2300765320.2461667
2,4,16,700,BFGS,1694274650.9934337
2,4,17,700,BFGS,1845044755.542111
2,4,18,700,BFGS,1756712231.9138627
2,4,19,700,BFGS,1949086659.867387
2,5,0,700,BFGS,1345889656.0366418
2,5,1,700,BFGS,1505374286.9809875
2,5,2,700,BFGS,2024757225.815214
2,5,3,700,BFGS,2035420988.756081
2,5,4,700,BFGS,1990989762.8292465
2,5,5,700,BFGS,1521735232.5492063
2,5,6,700,BFGS,1442360263.4359288
2,5,7,700,BFGS,1511322090.2660174
2,5,8,700,BFGS,2191525742.133994
2,5,9,700,BFGS,1355931533.4947584
2,5,10,700,BFGS,1596188575.2556376
2,5,11,700,BFGS,1674884610.896041
2,5,12,700,BFGS,2526398774.5954065
2,5,13,700,BFGS,1897777462.7216551
2,5,14,700,BFGS,2027956442.973723
2,5,15,700,BFGS,1519326725.0960858
2,5,16,700,BFGS,1735555778.5057592
2,5,17,700,BFGS,2010527011.6113381
2,5,18,700,BFGS,2217686975.8127084
2,5,19,700,BFGS,1867158567.4876533
2,6,0,700,BFGS,1848277501.5691142
2,6,1,700,BFGS,1845814281.4241319
2,6,2,700,BFGS,2020612031.7963824
2,6,3,700,BFGS,1845352486.601095
2,6,4,700,BFGS,1754194262.3082352
2,6,5,700,BFGS,2125270461.804306
2,6,6,700,BFGS,2127705238.335241
2,6,7,700,BFGS,1610594829.6473455
2,6,8,700,BFGS,1745868525.1750658
2,6,9,700,BFGS,1907719689.49431
2,6,10,700,BFGS,1931401959.689745
2,6,11,700,BFGS,1904161854.0585208
2,6,12,700,BFGS,1983248425.3134367
2,6,13,700,BFGS,1813524805.2207322
2,6,14,700,BFGS,2449979872.593869
2,6,15,700,BFGS,2274290320.8879347
2,6,16,700,BFGS,2198475910.1528907
2,6,17,700,BFGS,1934440575.3875604
2,6,18,700,BFGS,1935809676.8109384
2,6,19,700,BFGS,2176464378.8837767
2,7,0,700,BFGS,1443781830.451974
2,7,1,700,BFGS,1467800493.765133
2,7,2,700,BFGS,1638604444.1005917
2,7,3,700,BFGS,1456055109.2703042
2,7,4,700,BFGS,1602328192.6945493
2,7,5,700,BFGS,1651083420.6224344
2,7,6,700,BFGS,1262258838.1845102
2,7,7,700,BFGS,1955912837.2850862
2,7,8,700,BFGS,1633011720.0844598
2,7,9,700,BFGS,1701535565.5835457
2,7,10,700,BFGS,1383121505.4936755
2,7,11,700,BFGS,1448098965.3959951
2,7,12,700,BFGS,1504219353.2955775
2,7,13,700,BFGS,1573076958.244953
2,7,14,700,BFGS,1483248270.535318
2,7,15,700,BFGS,1602656163.8042653
2,7,16,700,BFGS,1590611644.0710752
2,7,17,700,BFGS,1394134377.6781774
2,7,18,700,BFGS,1808735218.961948
2,7,19,700,BFGS,2003512596.0797954
3,1,0,700,BFGS,574417.1945584586
3,1,1,700,BFGS,646655.3158790949
3,1,2,700,BFGS,563250.6511123937
3,1,3,700,BFGS,589188.3003570269
3,1,4,700,BFGS,530283.5153005836
3,1,5,700,BFGS,580671.6340412223
3,1,6,700,BFGS,527919.2694325511
3,1,7,700,BFGS,600395.4675763301
3,1,8,700,BFGS,643057.7865312255
3,1,9,700,BFGS,594631.6107850126
3,1,10,700,BFGS,592566.596278253
3,1,11,700,BFGS,581806.9414273154
3,1,12,700,BFGS,586309.229072809
3,1,13,700,BFGS,628919.1229079154
3,1,14,700,BFGS,559986.0147463987
3,1,15,700,BFGS,636835.1529678568
3,1,16,700,BFGS,584057.5510109435
3,1,17,700,BFGS,590524.0616407506
3,1,18,700,BFGS,571396.234902395
3,1,19,700,BFGS,561903.2054076806
3,2,0,700,BFGS,621424.2085474969
3,2,1,700,BFGS,602803.7350969599
3,2,2,700,BFGS,592911.9211751992
3,2,3,700,BFGS,588830.1868542404
3,2,4,700,BFGS,592495.5837570436
3,2,5,700,BFGS,544699.0198287808
3,2,6,700,BFGS,612834.1471940388
3,2,7,700,BFGS,602464.5764751148
3,2,8,700,BFGS,658980.0851368962
3,2,9,700,BFGS,527700.5520674088
3,2,10,700,BFGS,581270.6355493759
3,2,11,700,BFGS,551329.390519392
3,2,12,700,BFGS,651201.433616826
3,2,13,700,BFGS,575544.5740873376
3,2,14,700,BFGS,578456.0959003831
3,2,15,700,BFGS,606148.8625129849
3,2,16,700,BFGS,630077.9421919016
3,2,17,700,BFGS,641832.2493583375
3,2,18,700,BFGS,614550.484357584
3,2,19,700,BFGS,558268.0699244001
3,3,0,700,BFGS,636885.8824702904
3,3,1,700,BFGS,615624.0487995809
3,3,2,700,BFGS,560580.8034884009
3,3,3,700,BFGS,546536.7920555559
3,3,4,700,BFGS,618850.7681417579
3,3,5,700,BFGS,655786.5179650623
3,3,6,700,BFGS,527004.048999641
3,3,7,700,BFGS,616924.16803529
3,3,8,700,BFGS,563741.0273994061
3,3,9,700,BFGS,661132.1060578988
3,3,10,700,BFGS,658212.3023443115
3,3,11,700,BFGS,615783.6518680097
3,3,12,700,BFGS,664271.0506656431
3,3,13,700,BFGS,612918.8875272621
3,3,14,700,BFGS,578860.503376944
3,3,15,700,BFGS,609675.1451434998
3,3,16,700,BFGS,627986.9930984895
3,3,17,700,BFGS,651811.3954081832
3,3,18,700,BFGS,567173.2760461377
3,3,19,700,BFGS,573739.7191294226
3,4,0,700,BFGS,528805.7786882553
3,4,1,700,BFGS,581874.4548276125
3,4,2,700,BFGS,604042.8795796459
3,4,3,700,BFGS,594174.510929263
3,4,4,700,BFGS,511346.8950401753
3,4,5,700,BFGS,536791.1989600897
3,4,6,700,BFGS,536490.7908725031
3,4,7,700,BFGS,546108.4851195796
3,4,8,700,BFGS,573382.3917722251
3,4,9,700,BFGS,530483.4623239081
3,4,10,700,BFGS,572503.5848374811
3,4,11,700,BFGS,556039.6998028927
3,4,12,700,BFGS,504841.0779214094
3,4,13,700,BFGS,550612.1500684086
3,4,14,700,BFGS,565526.0936018126
3,4,15,700,BFGS,642840.9458253824
3,4,16,700,BFGS,551846.819800095
3,4,17,700,BFGS,576204.5021960036
3,4,18,700,BFGS,593291.6364089204
3,4,19,700,BFGS,565108.8559462556
3,5,0,700,BFGS,551344.794325851
3,5,1,700,BFGS,654361.5376865619
3,5,2,700,BFGS,670718.6248884571
3,5,3,700,BFGS,696073.7846995202
3,5,4,700,BFGS,634222.5239989707
3,5,5,700,BFGS,637085.6286811623
3,5,6,700,BFGS,606229.463559312
3,5,7,700,BFGS,670226.7227011411
3,5,8,700,BFGS,564623.4998234215
3,5,9,700,BFGS,613297.8256958955
3,5,10,700,BFGS,664078.0233418789
3,5,11,700,BFGS,608168.957299913
3,5,12,700,BFGS,632326.0351226347
3,5,13,700,BFGS,551392.4669174462
3,5,14,700,BFGS,586377.6649073579
3,5,15,700,BFGS,583427.4955171089
3,5,16,700,BFGS,609486.9568739067
3,5,17,700,BFGS,663887.07660355
3,5,18,700,BFGS,580184.3175713047
3,5,19,700,BFGS,616358.3025993097
3,6,0,700,BFGS,639012.5006430052
3,6,1,700,BFGS,575766.353575753
3,6,2,700,BFGS,579230.7736592728
3,6,3,700,BFGS,616149.3288276065
3,6,4,700,BFGS,593710.2808224605
3,6,5,700,BFGS,640496.1362619039
3,6,6,700,BFGS,686414.1289402249
3,6,7,700,BFGS,597320.9897616975
3,6,8,700,BFGS,613282.1345590758
3,6,9,700,BFGS,627677.1008608653
3,6,10,700,BFGS,609109.9345763775
3,6,11,700,BFGS,551793.9003695387
3,6,12,700,BFGS,608133.7503540579
3,6,13,700,BFGS,603132.1661961772
3,6,14,700,BFGS,601786.5002998519
3,6,15,700,BFGS,593684.6853125336
3,6,16,700,BFGS,595753.3961656014
3,6,17,700,BFGS,600677.7448855182
3,6,18,700,BFGS,630802.9483244387
3,6,19,700,BFGS,559568.8738174288
3,7,0,700,BFGS,500026.48765461164
3,7,1,700,BFGS,589241.4544636866
3,7,2,700,BFGS,552647.6475121201
3,7,3,700,BFGS,626790.2903647053
3,7,4,700,BFGS,583297.429523301
3,7,5,700,BFGS,590876.1446502015
3,7,6,700,BFGS,535538.9219427458
3,7,7,700,BFGS,521133.4472982127
3,7,8,700,BFGS,600066.3722289451
3,7,9,700,BFGS,540083.0801968223
3,7,10,700,BFGS,598499.63149792
3,7,11,700,BFGS,542216.4108842814
3,7,12,700,BFGS,517334.2342472114
3,7,13,700,BFGS,598420.4325630172
3,7,14,700,BFGS,579357.010111857
3,7,15,700,BFGS,583154.2576163542
3,7,16,700,BFGS,565107.7284383936
3,7,17,700,BFGS,593395.5049443562
3,7,18,700,BFGS,542858.3126974335
3,7,19,700,BFGS,525516.5658522968
4,1,0,700,BFGS,855041.3136022546
4,1,1,700,BFGS,811076.0283181083
4,1,2,700,BFGS,778626.0585970201
4,1,3,700,BFGS,925342.1522173802
4,1,4,700,BFGS,928065.7740924885
4,1,5,700,BFGS,771813.6402987968
4,1,6,700,BFGS,842675.7144050851
4,1,7,700,BFGS,803250.3715915806
4,1,8,700,BFGS,1025613.0013506204
4,1,9,700,BFGS,953786.1855355646
4,1,10,700,BFGS,777443.9700941992
4,1,11,700,BFGS,861900.8491042895
4,1,12,700,BFGS,868090.7424660808
4,1,13,700,BFGS,814572.1170729514
4,1,14,700,BFGS,946239.065469353
4,1,15,700,BFGS,856601.2814787098
4,1,16,700,BFGS,908296.7498742462
4,1,17,700,BFGS,876891.2512711547
4,1,18,700,BFGS,921615.9744228534
4,1,19,700,BFGS,954822.667850051
4,2,0,700,BFGS,830914.6326695231
4,2,1,700,BFGS,885201.2049951565
4,2,2,700,BFGS,817045.7442841076
4,2,3,700,BFGS,908621.8553194121
4,2,4,700,BFGS,775316.8664080915
4,2,5,700,BFGS,952554.3318427535
4,2,6,700,BFGS,908691.3697499216
4,2,7,700,BFGS,795290.8395277187
4,2,8,700,BFGS,912242.2876977051
4,2,9,700,BFGS,794176.1600062146
4,2,10,700,BFGS,852791.3628794615
4,2,11,700,BFGS,874007.7032104473
4,2,12,700,BFGS,783961.1799881291
4,2,13,700,BFGS,912284.4044328019
4,2,14,700,BFGS,897728.0258072374
4,2,15,700,BFGS,869638.3066124101
4,2,16,700,BFGS,837739.5765683362
4,2,17,700,BFGS,1023730.8981183354
4,2,18,700,BFGS,891236.012143948
4,2,19,700,BFGS,1034654.7250073698
4,3,0,700,BFGS,805473.4943305335
4,3,1,700,BFGS,802686.4877580918
4,3,2,700,BFGS,846703.8393185696
4,3,3,700,BFGS,779858.219242672
4,3,4,700,BFGS,904098.369416788
4,3,5,700,BFGS,901480.3585500664
4,3,6,700,BFGS,944736.3310022808
4,3,7,700,BFGS,905057.9486051603
4,3,8,700,BFGS,850578.6937525114
4,3,9,700,BFGS,914912.4002800303
4,3,10,700,BFGS,893115.3346179422
4,3,11,700,BFGS,928989.0664775975
4,3,12,700,BFGS,952321.0532920432
4,3,13,700,BFGS,891874.9257068245
4,3,14,700,BFGS,915401.4308283259
4,3,15,700,BFGS,954494.9876345611
4,3,16,700,BFGS,836223.9031331972
4,3,17,700,BFGS,863197.8235665078
4,3,18,700,BFGS,911070.4821921355
4,3,19,700,BFGS,849887.2061360083
4,4,0,700,BFGS,827938.9331321602
4,4,1,700,BFGS,792435.9914910845
4,4,2,700,BFGS,861687.3311682187
4,4,3,700,BFGS,881503.1310741613
4,4,4,700,BFGS,725778.6848451837
4,4,5,700,BFGS,861185.181904803
4,4,6,700,BFGS,784991.221932191
4,4,7,700,BFGS,827781.9571409579
4,4,8,700,BFGS,798624.2947260486
4,4,9,700,BFGS,903075.0460858507
4,4,10,700,BFGS,905876.509880201
4,4,11,700,BFGS,904150.4007608502
4,4,12,700,BFGS,857514.1059572262
4,4,13,700,BFGS,807767.8284839847
4,4,14,700,BFGS,898102.1298082747
4,4,15,700,BFGS,883759.1767034568
4,4,16,700,BFGS,1004154.8255164084
4,4,17,700,BFGS,875099.6012615446
4,4,18,700,BFGS,848066.8715725441
4,4,19,700,BFGS,862770.8896500124
4,5,0,700,BFGS,836096.8507481513
4,5,1,700,BFGS,1038430.1179235242
4,5,2,700,BFGS,904922.9467268366
4,5,3,700,BFGS,849239.7090800811
4,5,4,700,BFGS,973330.6527583204
4,5,5,700,BFGS,919626.2969287882
4,5,6,700,BFGS,857662.4374689446
4,5,7,700,BFGS,834557.1495936459
4,5,8,700,BFGS,906973.7106472004
4,5,9,700,BFGS,922163.7941160474
4,5,10,700,BFGS,886719.8132917121
4,5,11,700,BFGS,864444.872560961
4,5,12,700,BFGS,896061.1302291739
4,5,13,700,BFGS,856228.2111802653
4,5,14,700,BFGS,967871.8482953624
4,5,15,700,BFGS,798948.9182933585
4,5,16,700,BFGS,779612.6791402412
4,5,17,700,BFGS,843103.119607462
4,5,18,700,BFGS,864638.8052596442
4,5,19,700,BFGS,951759.2880590195
4,6,0,700,BFGS,886795.6775283362
4,6,1,700,BFGS,931110.2274312963
4,6,2,700,BFGS,837282.3774725717
4,6,3,700,BFGS,763510.9662398415
4,6,4,700,BFGS,931370.3540771356
4,6,5,700,BFGS,941169.879545326
4,6,6,700,BFGS,910080.0371216952
4,6,7,700,BFGS,809895.9872806226
4,6,8,700,BFGS,895095.9133727365
4,6,9,700,BFGS,940220.1284464246
4,6,10,700,BFGS,899504.6276548351
4,6,11,700,BFGS,843568.948177942
4,6,12,700,BFGS,911218.2791483037
4,6,13,700,BFGS,950607.259441211
4,6,14,700,BFGS,956880.0956538329
4,6,15,700,BFGS,854979.9338571689
4,6,16,700,BFGS,976274.1342850286
4,6,17,700,BFGS,986164.1026719585
4,6,18,700,BFGS,843953.6744389135
4,6,19,700,BFGS,962022.4191222239
4,7,0,700,BFGS,845000.2319909241
4,7,1,700,BFGS,887446.3012278771
4,7,2,700,BFGS,727302.3793936989
4,7,3,700,BFGS,803732.4465223846
4,7,4,700,BFGS,822562.9970885266
4,7,5,700,BFGS,839097.3763361752
4,7,6,700,BFGS,818789.5565196251
4,7,7,700,BFGS,819767.7678240531
4,7,8,700,BFGS,790915.5339709299
4,7,9,700,BFGS,809267.1336077254
4,7,10,700,BFGS,802170.5435128841
4,7,11,700,BFGS,899332.2201153215
4,7,12,700,BFGS,942317.7080450512
4,7,13,700,BFGS,796069.0079591384
4,7,14,700,BFGS,926680.8046397571
4,7,15,700,BFGS,842525.8783563786
4,7,16,700,BFGS,719061.0731074717
4,7,17,700,BFGS,838751.8104883807
4,7,18,700,BFGS,910104.1798437246
4,7,19,700,BFGS,891957.7508317895
5,1,0,700,BFGS,169651.18990210202
5,1,1,700,BFGS,197474.2844385571
5,1,2,700,BFGS,192947.6774710205
5,1,3,700,BFGS,174787.9180852059
5,1,4,700,BFGS,203874.45522868354
5,1,5,700,BFGS,171284.90577238007
5,1,6,700,BFGS,168442.9399099188
5,1,7,700,BFGS,167302.58325006824
5,1,8,700,BFGS,185972.6790780285
5,1,9,700,BFGS,200726.56720222457
5,1,10,700,BFGS,176208.2571250078
5,1,11,700,BFGS,190690.75810362535
5,1,12,700,BFGS,140846.10679435453
5,1,13,700,BFGS,152390.0845398878
5,1,14,700,BFGS,183026.0028420422
5,1,15,700,BFGS,204546.3096332044
5,1,16,700,BFGS,185873.40544843383
5,1,17,700,BFGS,187705.82299244113
5,1,18,700,BFGS,203532.49618991363
5,1,19,700,BFGS,197491.40188852456
5,2,0,700,BFGS,192051.41645284253
5,2,1,700,BFGS,209332.29488418193
5,2,2,700,BFGS,204682.48484986956
5,2,3,700,BFGS,183579.1084724243
5,2,4,700,BFGS,190360.55657586176
5,2,5,700,BFGS,178264.2147322916
5,2,6,700,BFGS,192386.2179620644
5,2,7,700,BFGS,151144.58749489943
5,2,8,700,BFGS,185506.0512509311
5,2,9,700,BFGS,207572.15655723325
5,2,10,700,BFGS,172294.9516444225
5,2,11,700,BFGS,168639.84947555192
5,2,12,700,BFGS,173093.71865377238
5,2,13,700,BFGS,208011.65234586952
5,2,14,700,BFGS,179930.47735811328
5,2,15,700,BFGS,189186.00329448795
5,2,16,700,BFGS,197937.99625348308
5,2,17,700,BFGS,173683.98757938927
5,2,18,700,BFGS,213465.9335528638
5,2,19,700,BFGS,211505.6999087098
5,3,0,700,BFGS,194229.85306346003
5,3,1,700,BFGS,204019.7093079567
5,3,2,700,BFGS,195155.9770228223
5,3,3,700,BFGS,205005.89343736094
5,3,4,700,BFGS,180732.4259111079
5,3,5,700,BFGS,192247.69157897087
5,3,6,700,BFGS,188693.85561486532
5,3,7,700,BFGS,192398.88946982534
5,3,8,700,BFGS,197799.4825043304
5,3,9,700,BFGS,204147.05039952166
5,3,10,700,BFGS,166303.1029250073
5,3,11,700,BFGS,169161.52258364623
5,3,12,700,BFGS,176542.58327601373
5,3,13,700,BFGS,207891.8146390131
5,3,14,700,BFGS,182291.24698477308
5,3,15,700,BFGS,186661.59869595515
5,3,16,700,BFGS,172803.4037529503
5,3,17,700,BFGS,180769.22788267297
5,3,18,700,BFGS,166463.81598676008
5,3,19,700,BFGS,172194.28409377031
5,4,0,700,BFGS,192676.6133405366
5,4,1,700,BFGS,184965.01675792612
5,4,2,700,BFGS,197946.30571956476
5,4,3,700,BFGS,187258.11250862604
5,4,4,700,BFGS,173402.88603209404
5,4,5,700,BFGS,184627.56160634165
5,4,6,700,BFGS,174653.809383534
5,4,7,700,BFGS,176550.476785444
5,4,8,700,BFGS,211428.2080899824
5,4,9,700,BFGS,166249.40295434796
5,4,10,700,BFGS,192905.01770803356
5,4,11,700,BFGS,197018.4405523346
5,4,12,700,BFGS,174969.81157241925
5,4,13,700,BFGS,217658.1480981889
5,4,14,700,BFGS,183633.03447756066
5,4,15,700,BFGS,194542.09428259093
5,4,16,700,BFGS,186809.07446667875
5,4,17,700,BFGS,189860.6357520893
5,4,18,700,BFGS,186680.00565505307
5,4,19,700,BFGS,171099.17896289355
5,5,0,700,BFGS,186043.8253023802
5,5,1,700,BFGS,204896.6980156459
5,5,2,700,BFGS,185279.55804173075
5,5,3,700,BFGS,161922.1993581365
5,5,4,700,BFGS,197597.77810521246
5,5,5,700,BFGS,212892.5785764771
5,5,6,700,BFGS,175997.7590150549
5,5,7,700,BFGS,157079.94956767512
5,5,8,700,BFGS,187491.28346046153
5,5,9,700,BFGS,201322.55042413628
5,5,10,700,BFGS,180047.42767847006
5,5,11,700,BFGS,176224.45561134108
5,5,12,700,BFGS,210809.59264121245
5,5,13,700,BFGS,165592.87730734196
5,5,14,700,BFGS,146425.4655303698
5,5,15,700,BFGS,187947.2586611354
5,5,16,700,BFGS,195821.27171373935
5,5,17,700,BFGS,175650.55117623732
5,5,18,700,BFGS,182286.6449905925
5,5,19,700,BFGS,179430.20144629796
5,6,0,700,BFGS,211382.1948024691
5,6,1,700,BFGS,192109.69092571555
5,6,2,700,BFGS,160040.54547137572
5,6,3,700,BFGS,220452.65790152331
5,6,4,700,BFGS,186352.42065690906
5,6,5,700,BFGS,194671.61777072298
5,6,6,700,BFGS,174916.02680695185
5,6,7,700,BFGS,196951.26419226982
5,6,8,700,BFGS,187568.8286550298
5,6,9,700,BFGS,176532.7153337001
5,6,10,700,BFGS,198148.41554293837
5,6,11,700,BFGS,196753.6996041443
5,6,12,700,BFGS,171426.86587226935
5,6,13,700,BFGS,152504.7396797398
5,6,14,700,BFGS,152796.27846642572
5,6,15,700,BFGS,170593.97061563563
5,6,16,700,BFGS,189381.6945110001
5,6,17,700,BFGS,205638.78083759572
5,6,18,700,BFGS,163063.44581470382
5,6,19,700,BFGS,178499.91490998442
5,7,0,700,BFGS,138234.55475134795
5,7,1,700,BFGS,180900.97310826078
5,7,2,700,BFGS,210025.13297753572
5,7,3,700,BFGS,189653.34556833876
5,7,4,700,BFGS,183185.00538720115
5,7,5,700,BFGS,190805.0962032863
5,7,6,700,BFGS,165116.14761787246
5,7,7,700,BFGS,156549.50408920244
5,7,8,700,BFGS,175576.05692786814
5,7,9,700,BFGS,179088.82986409107
5,7,10,700,BFGS,170507.38210549665
5,7,11,700,BFGS,183238.6991614087
5,7,12,700,BFGS,164870.28015781008
5,7,13,700,BFGS,209060.0270643936
5,7,14,700,BFGS,204908.71190349187
5,7,15,700,BFGS,175015.21330591902
5,7,16,700,BFGS,173131.9082573315
5,7,17,700,BFGS,202527.89053570054
5,7,18,700,BFGS,180261.9988044112
5,7,19,700,BFGS,212410.29430916606
6,1,0,700,BFGS,113685446.69708844
6,1,1,700,BFGS,92883728.99683525
6,1,2,700,BFGS,96447950.1249365
6,1,3,700,BFGS,65699502.80757904
6,1,4,700,BFGS,134054191.73711757
6,1,5,700,BFGS,87215043.10591047
6,1,6,700,BFGS,76082269.87140518
6,1,7,700,BFGS,85189058.34094948
6,1,8,700,BFGS,71750498.95327592
6,1,9,700,BFGS,84244070.48434654
6,1,10,700,BFGS,89073385.8784289
6,1,11,700,BFGS,146653945.03415018
6,1,12,700,BFGS,67838706.94706388
6,1,13,700,BFGS,86467775.19426121
6,1,14,700,BFGS,74974070.08491378
6,1,15,700,BFGS,78350903.95627412
6,1,16,700,BFGS,102088804.3441463
6,1,17,700,BFGS,93446351.04105549
6,1,18,700,BFGS,74702591.27159083
6,1,19,700,BFGS,82195215.01062661
6,2,0,700,BFGS,79245503.97262286
6,2,1,700,BFGS,64880498.33477929
6,2,2,700,BFGS,83647844.13846491
6,2,3,700,BFGS,78195213.93477911
6,2,4,700,BFGS,57904406.381023094
6,2,5,700,BFGS,63902619.51843922
6,2,6,700,BFGS,67541389.20798488
6,2,7,700,BFGS,73667708.77268784
6,2,8,700,BFGS,47811351.50835887
6,2,9,700,BFGS,64253108.98385
6,2,10,700,BFGS,62476926.22653169
6,2,11,700,BFGS,62000555.47819729
6,2,12,700,BFGS,62496131.795405395
6,2,13,700,BFGS,49694456.23199498
6,2,14,700,BFGS,59309574.122025445
6,2,15,700,BFGS,83821345.54670465
6,2,16,700,BFGS,66685606.32873287
6,2,17,700,BFGS,80470731.7872388
6,2,18,700,BFGS,78184246.41007802
6,2,19,700,BFGS,60932005.604303904
6,3,0,700,BFGS,48502427.211535245
6,3,1,700,BFGS,67212753.66894202
6,3,2,700,BFGS,37301614.57734646
6,3,3,700,BFGS,46712811.454492226
6,3,4,700,BFGS,39143043.34680293
6,3,5,700,BFGS,60232636.23700199
6,3,6,700,BFGS,40513613.16113498
6,3,7,700,BFGS,56904649.69770849
6,3,8,700,BFGS,56226039.80316378
6,3,9,700,BFGS,39478761.31555621
6,3,10,700,BFGS,53626797.67198145
6,3,11,700,BFGS,64650565.039906174
6,3,12,700,BFGS,67575909.24678081
6,3,13,700,BFGS,74218392.28137267
6,3,14,700,BFGS,48278697.04983421
6,3,15,700,BFGS,51737740.59755159
6,3,16,700,BFGS,50942327.01900411
6,3,17,700,BFGS,81044577.96729136
6,3,18,700,BFGS,41303787.65129155
6,3,19,700,BFGS,71538205.36084141
6,4,0,700,BFGS,95295571.73634554
6,4,1,700,BFGS,74838387.00426166
6,4,2,700,BFGS,100572276.6323016
6,4,3,700,BFGS,96157408.33390392
6,4,4,700,BFGS,60627569.10809741
6,4,5,700,BFGS,73150347.70489049
6,4,6,700,BFGS,70651709.92566259
6,4,7,700,BFGS,81432030.93510658
6,4,8,700,BFGS,79121550.3011638
6,4,9,700,BFGS,87603390.6674929
6,4,10,700,BFGS,112823821.6154005
6,4,11,700,BFGS,87517671.56854297
6,4,12,700,BFGS,107999280.77661744
6,4,13,700,BFGS,71368322.48920943
6,4,14,700,BFGS,81979467.25411257
6,4,15,700,BFGS,56167725.44853186
6,4,16,700,BFGS,78300667.9900943
6,4,17,700,BFGS,82489600.84140006
6,4,18,700,BFGS,106231091.76295106
6,4,19,700,BFGS,106328381.56321146
6,5,0,700,BFGS,91788191.9282596
6,5,1,700,BFGS,59749349.6228436
6,5,2,700,BFGS,94888901.0946338
6,5,3,700,BFGS,85569264.99527828
6,5,4,700,BFGS,65580020.916824915
6,5,5,700,BFGS,85059787.04240365
6,5,6,700,BFGS,94048674.05504084
6,5,7,700,BFGS,56908444.03276064
6,5,8,700,BFGS,62094751.7406273
6,5,9,700,BFGS,84272318.58893235
6,5,10,700,BFGS,91314274.15414748
6,5,11,700,BFGS,76576147.43912338
6,5,12,700,BFGS,75457087.89046131
6,5,13,700,BFGS,97361418.18043864
6,5,14,700,BFGS,88278968.60447101
6,5,15,700,BFGS,66120272.527434185
6,5,16,700,BFGS,67703454.40530969
6,5,17,700,BFGS,83286056.98447853
6,5,18,700,BFGS,105505465.00704928
6,5,19,700,BFGS,84648418.7210485
6,6,0,700,BFGS,64397039.17963027
6,6,1,700,BFGS,51161086.39366787
6,6,2,700,BFGS,56415528.7662922
6,6,3,700,BFGS,67309980.69363637
6,6,4,700,BFGS,44746406.08555488
6,6,5,700,BFGS,61636964.85332496
6,6,6,700,BFGS,63198166.461861335
6,6,7,700,BFGS,65398661.30724329
6,6,8,700,BFGS,74799614.20215079
6,6,9,700,BFGS,86022392.76446053
6,6,10,700,BFGS,77397279.87259816
6,6,11,700,BFGS,60625550.85121326
6,6,12,700,BFGS,69836904.21842371
6,6,13,700,BFGS,78689841.49134874
6,6,14,700,BFGS,63419959.07403386
6,6,15,700,BFGS,85558694.06659994
6,6,16,700,BFGS,53051655.84550726
6,6,17,700,BFGS,59800195.21946507
6,6,18,700,BFGS,58253007.0103
6,6,19,700,BFGS,60731201.722213864
6,7,0,700,BFGS,57654263.79362922
6,7,1,700,BFGS,47588717.44391623
6,7,2,700,BFGS,62767073.765285894
6,7,3,700,BFGS,72256984.2585605
6,7,4,700,BFGS,73893869.48996064
6,7,5,700,BFGS,50153590.50589864
6,7,6,700,BFGS,41637309.13347524
6,7,7,700,BFGS,50841073.34191395
6,7,8,700,BFGS,45079105.373508826
6,7,9,700,BFGS,53045867.055311844
6,7,10,700,BFGS,65176657.6003468
6,7,11,700,BFGS,57673386.62142148
6,7,12,700,BFGS,48026075.12369485
6,7,13,700,BFGS,38491890.10620449
6,7,14,700,BFGS,61031652.06174094
6,7,15,700,BFGS,60275015.83800365
6,7,16,700,BFGS,50472706.116151124
6,7,17,700,BFGS,52205157.06402232
6,7,18,700,BFGS,55732405.830082595
6,7,19,700,BFGS,54212932.14182631
7,1,0,700,BFGS,428577.2435100519
7,1,1,700,BFGS,344722.2123996714
7,1,2,700,BFGS,349201.0167738708
7,1,3,700,BFGS,394290.76125478256
7,1,4,700,BFGS,378678.79965105053
7,1,5,700,BFGS,390757.6485647954
7,1,6,700,BFGS,422996.56542503333
7,1,7,700,BFGS,444254.6284876233
7,1,8,700,BFGS,332683.8271340012
7,1,9,700,BFGS,344634.6192412532
7,1,10,700,BFGS,392768.66936431883
7,1,11,700,BFGS,420994.3910974564
7,1,12,700,BFGS,330361.2335928298
7,1,13,700,BFGS,394209.7021069172
7,1,14,700,BFGS,316253.77963801264
7,1,15,700,BFGS,414816.2072073094
7,1,16,700,BFGS,339941.9897210432
7,1,17,700,BFGS,404744.05273975
7,1,18,700,BFGS,303294.65194267
7,1,19,700,BFGS,383707.39458213554
7,2,0,700,BFGS,384493.1093297285
7,2,1,700,BFGS,399723.80902225664
7,2,2,700,BFGS,466269.71145912143
7,2,3,700,BFGS,382907.93830593943
7,2,4,700,BFGS,456031.77797882
7,2,5,700,BFGS,397961.19859274564
7,2,6,700,BFGS,416311.039972902
7,2,7,700,BFGS,416810.9404332511
7,2,8,700,BFGS,433640.0466012327
7,2,9,700,BFGS,502378.4912212011
7,2,10,700,BFGS,450597.09373403614
7,2,11,700,BFGS,442195.57098339323
7,2,12,700,BFGS,432287.4963988808
7,2,13,700,BFGS,409844.0864526572
7,2,14,700,BFGS,442456.3684920693
7,2,15,700,BFGS,350304.2437218253
7,2,16,700,BFGS,381872.81236533134
7,2,17,700,BFGS,446938.40175596945
7,2,18,700,BFGS,428388.42985421006
7,2,19,700,BFGS,432121.3493790128
7,3,0,700,BFGS,346342.2985705966
7,3,1,700,BFGS,312186.48423156317
7,3,2,700,BFGS,346997.06062365544
7,3,3,700,BFGS,383993.6881310549
7,3,4,700,BFGS,330479.48126652825
7,3,5,700,BFGS,305655.9486007372
7,3,6,700,BFGS,261573.23518516164
7,3,7,700,BFGS,288660.9643105538
7,3,8,700,BFGS,328503.38153536076
7,3,9,700,BFGS,361950.87815981556
7,3,10,700,BFGS,335764.78289529984
7,3,11,700,BFGS,369237.00829292205
7,3,12,700,BFGS,343401.04207221797
7,3,13,700,BFGS,350027.8900408719
7,3,14,700,BFGS,306181.19376084924
7,3,15,700,BFGS,334878.84971671377
7,3,16,700,BFGS,343969.8050186353
7,3,17,700,BFGS,359897.44222935755
7,3,18,700,BFGS,361781.1323763165
7,3,19,700,BFGS,323599.55380871583
7,4,0,700,BFGS,410198.63376767444
7,4,1,700,BFGS,300680.07390440285
7,4,2,700,BFGS,392583.36978947395
7,4,3,700,BFGS,368781.53110389697
7,4,4,700,BFGS,361273.5448770392
7,4,5,700,BFGS,396640.7951866747
7,4,6,700,BFGS,304095.4740876008
7,4,7,700,BFGS,328482.16914152936
7,4,8,700,BFGS,427952.42618627584
7,4,9,700,BFGS,428134.1162073564
7,4,10,700,BFGS,353644.6887274335
7,4,11,700,BFGS,421783.82613656746
7,4,12,700,BFGS,411943.3739776539
7,4,13,700,BFGS,346786.602362492
7,4,14,700,BFGS,424963.8524715194
7,4,15,700,BFGS,326085.78341654816
7,4,16,700,BFGS,351089.910183231
7,4,17,700,BFGS,328197.6895645136
7,4,18,700,BFGS,404896.4924811831
7,4,19,700,BFGS,368716.4969261002
7,5,0,700,BFGS,404028.8824494492
7,5,1,700,BFGS,355052.7154288352
7,5,2,700,BFGS,360527.1632888908
7,5,3,700,BFGS,418366.8842318618
7,5,4,700,BFGS,300147.2492898622
7,5,5,700,BFGS,374654.9841459305
7,5,6,700,BFGS,344903.64916690136
7,5,7,700,BFGS,399631.6251849325
7,5,8,700,BFGS,367806.4352338234
7,5,9,700,BFGS,359365.05387793935
7,5,10,700,BFGS,351563.1483165163
7,5,11,700,BFGS,369601.77000426163
7,5,12,700,BFGS,346883.55440499034
7,5,13,700,BFGS,320010.28120173415
7,5,14,700,BFGS,421421.197258233
7,5,15,700,BFGS,348549.49487111036
7,5,16,700,BFGS,408005.58395113674
7,5,17,700,BFGS,369344.80251409294
7,5,18,700,BFGS,397802.9907679049
7,5,19,700,BFGS,441386.38004567754
7,6,0,700,BFGS,348588.8580102955
7,6,1,700,BFGS,356460.4694499804
7,6,2,700,BFGS,477805.7289884568
7,6,3,700,BFGS,351231.32437409076
7,6,4,700,BFGS,354684.3520652529
7,6,5,700,BFGS,332628.43624701694
7,6,6,700,BFGS,416265.5577039636
7,6,7,700,BFGS,384288.8509119607
7,6,8,700,BFGS,373273.847798579
7,6,9,700,BFGS,432329.01914356614
7,6,10,700,BFGS,394880.19726162346
7,6,11,700,BFGS,404358.9234114151
7,6,12,700,BFGS,331811.8289571731
7,6,13,700,BFGS,344031.32561806065
7,6,14,700,BFGS,362570.5549548256
7,6,15,700,BFGS,434113.8292882462
7,6,16,700,BFGS,399644.3926609311
7,6,17,700,BFGS,462689.595904827
7,6,18,700,BFGS,416256.3798129597
7,6,19,700,BFGS,355224.34324023477
7,7,0,700,BFGS,514272.49651352566
7,7,1,700,BFGS,368315.0259465874
7,7,2,700,BFGS,465686.96996239026
7,7,3,700,BFGS,448142.04658165196
7,7,4,700,BFGS,354759.6921243703
7,7,5,700,BFGS,415477.83457891503
7,7,6,700,BFGS,346975.36329946417
7,7,7,700,BFGS,396878.3649074797
7,7,8,700,BFGS,458319.6874750979
7,7,9,700,BFGS,445390.60088700085
7,7,10,700,BFGS,436465.40013917215
7,7,11,700,BFGS,408173.52993750264
7,7,12,700,BFGS,423393.61183990096
7,7,13,700,BFGS,312303.82435314637
7,7,14,700,BFGS,438366.3980954796
7,7,15,700,BFGS,379333.50886926
7,7,16,700,BFGS,362243.3495170709
7,7,17,700,BFGS,493347.037552825
7,7,18,700,BFGS,393531.2491450587
7,7,19,700,BFGS,400980.2268258993
8,1,0,700,BFGS,32059474.564448193
8,1,1,700,BFGS,42893176.87034752
8,1,2,700,BFGS,44846445.0606607
8,1,3,700,BFGS,35371392.75106747
8,1,4,700,BFGS,34903805.37094344
8,1,5,700,BFGS,39290900.82661556
8,1,6,700,BFGS,35267450.194208466
8,1,7,700,BFGS,27683708.501055334
8,1,8,700,BFGS,35517001.296093754
8,1,9,700,BFGS,33760094.33810516
8,1,10,700,BFGS,38920789.67576604
8,1,11,700,BFGS,42771517.41154364
8,1,12,700,BFGS,34934225.22928543
8,1,13,700,BFGS,27783902.629262436
8,1,14,700,BFGS,26910075.554286297
8,1,15,700,BFGS,34495504.201816484
8,1,16,700,BFGS,30670060.177179575
8,1,17,700,BFGS,46445158.14869111
8,1,18,700,BFGS,30401224.662585586
8,1,19,700,BFGS,28116501.56600119
8,2,0,700,BFGS,21628300.86335178
8,2,1,700,BFGS,28766086.335974947
8,2,2,700,BFGS,26561318.644131117
8,2,3,700,BFGS,38932729.265068166
8,2,4,700,BFGS,33350830.78692233
8,2,5,700,BFGS,33633988.84018661
8,2,6,700,BFGS,25453375.494732358
8,2,7,700,BFGS,20803145.139144845
8,2,8,700,BFGS,32438863.49155755
8,2,9,700,BFGS,31100698.226386912
8,2,10,700,BFGS,34166483.03811978
8,2,11,700,BFGS,36262670.601568945
8,2,12,700,BFGS,27869702.90188081
8,2,13,700,BFGS,29518511.258453418
8,2,14,700,BFGS,35624009.61339953
8,2,15,700,BFGS,27513821.24895451
8,2,16,700,BFGS,30151491.746230762
8,2,17,700,BFGS,31438727.160415255
8,2,18,700,BFGS,32677737.11902817
8,2,19,700,BFGS,30086011.277544145
8,3,0,700,BFGS,37252995.77321406
8,3,1,700,BFGS,40967239.74891347
8,3,2,700,BFGS,34798797.731827416
8,3,3,700,BFGS,33614649.603468955
8,3,4,700,BFGS,33030110.86839108
8,3,5,700,BFGS,33076273.436637565
8,3,6,700,BFGS,40655314.705770716
8,3,7,700,BFGS,30457462.83229672
8,3,8,700,BFGS,40827935.9895368
8,3,9,700,BFGS,33304260.614655018
8,3,10,700,BFGS,46171917.97114702
8,3,11,700,BFGS,58372403.36945769
8,3,12,700,BFGS,33943087.64438331
8,3,13,700,BFGS,33108088.93415972
8,3,14,700,BFGS,39373086.15209581
8,3,15,700,BFGS,35613432.24540761
8,3,16,700,BFGS,28836939.200136382
8,3,17,700,BFGS,38867074.79156316
8,3,18,700,BFGS,33118495.697966956
8,3,19,700,BFGS,39218583.379055865
8,4,0,700,BFGS,34779739.119402125
8,4,1,700,BFGS,29504664.714481898
8,4,2,700,BFGS,31590497.182861354
8,4,3,700,BFGS,28540427.230696812
8,4,4,700,BFGS,37167881.286684856
8,4,5,700,BFGS,30642507.132379167
8,4,6,700,BFGS,33055572.60357625
8,4,7,700,BFGS,33402969.402077742
8,4,8,700,BFGS,29184000.515275788
8,4,9,700,BFGS,34645331.77211661
8,4,10,700,BFGS,36342456.2155691
8,4,11,700,BFGS,32437944.804435994
8,4,12,700,BFGS,35389341.61092706
8,4,13,700,BFGS,26962509.512882486
8,4,14,700,BFGS,52216166.98528126
8,4,15,700,BFGS,42898879.49830433
8,4,16,700,BFGS,34253920.3962486
8,4,17,700,BFGS,33170284.62850824
8,4,18,700,BFGS,36808034.85861922
8,4,19,700,BFGS,34269135.73685558
8,5,0,700,BFGS,29536733.320332967
8,5,1,700,BFGS,19773164.280253712
8,5,2,700,BFGS,20597247.03050817
8,5,3,700,BFGS,22909049.389849387
8,5,4,700,BFGS,30741152.87753697
8,5,5,700,BFGS,27243489.6070579
8,5,6,700,BFGS,17096043.6716323
8,5,7,700,BFGS,18904867.879413463
8,5,8,700,BFGS,40496310.94233472
8,5,9,700,BFGS,32268306.87177637
8,5,10,700,BFGS,32639059.414216418
8,5,11,700,BFGS,23228398.88870295
8,5,12,700,BFGS,31764010.993242364
8,5,13,700,BFGS,30200017.00209407
8,5,14,700,BFGS,30728057.485024754
8,5,15,700,BFGS,19806321.1175767
8,5,16,700,BFGS,20981280.37632561
8,5,17,700,BFGS,27245830.93877241
8,5,18,700,BFGS,19594924.55664636
8,5,19,700,BFGS,22665363.24575093
8,6,0,700,BFGS,27918249.516050745
8,6,1,700,BFGS,47415566.4805456
8,6,2,700,BFGS,22247132.64182135
8,6,3,700,BFGS,31305304.138019685
8,6,4,700,BFGS,30202736.733898234
8,6,5,700,BFGS,41005875.62758036
8,6,6,700,BFGS,31031117.542681284
8,6,7,700,BFGS,25980776.872653853
8,6,8,700,BFGS,35740530.85286579
8,6,9,700,BFGS,29317570.684478436
8,6,10,700,BFGS,31933889.601277113
8,6,11,700,BFGS,27295971.47179898
8,6,12,700,BFGS,38183843.77226192
8,6,13,700,BFGS,31333921.491281684
8,6,14,700,BFGS,29505699.25015475
8,6,15,700,BFGS,29383232.468322
8,6,16,700,BFGS,24867900.71806335
8,6,17,700,BFGS,37894526.02880968
8,6,18,700,BFGS,29725873.905661434
8,6,19,700,BFGS,29936376.247116197
8,7,0,700,BFGS,21684745.264937524
8,7,1,700,BFGS,20981833.37062407
8,7,2,700,BFGS,18115179.919676322
8,7,3,700,BFGS,25084965.258656174
8,7,4,700,BFGS,33680211.94577804
8,7,5,700,BFGS,37594877.44267964
8,7,6,700,BFGS,23938413.205222238
8,7,7,700,BFGS,27861837.380549077
8,7,8,700,BFGS,27594906.30606128
8,7,9,700,BFGS,29920781.31516103
8,7,10,700,BFGS,32761168.97747128
8,7,11,700,BFGS,28974947.514031406
8,7,12,700,BFGS,35158778.67918737
8,7,13,700,BFGS,22644475.219445325
8,7,14,700,BFGS,23969889.9870441
8,7,15,700,BFGS,22478642.570293233
8,7,16,700,BFGS,31052222.392929435
8,7,17,700,BFGS,27881527.01666042
8,7,18,700,BFGS,30021099.09064815
8,7,19,700,BFGS,23609206.409001768
9,1,0,700,BFGS,13859500.473749842
9,1,1,700,BFGS,11301575.112537507
9,1,2,700,BFGS,15902919.208686933
9,1,3,700,BFGS,9496304.787126591
9,1,4,700,BFGS,14225142.044115763
9,1,5,700,BFGS,11188640.466919156
9,1,6,700,BFGS,16234817.91446917
9,1,7,700,BFGS,10760177.715032551
9,1,8,700,BFGS,15722191.121664634
9,1,9,700,BFGS,12327029.008413196
9,1,10,700,BFGS,11812444.901503917
9,1,11,700,BFGS,16567726.109327193
9,1,12,700,BFGS,13930605.669777608
9,1,13,700,BFGS,13561735.944453519
9,1,14,700,BFGS,17471291.398025885
9,1,15,700,BFGS,14950396.364246285
9,1,16,700,BFGS,12267758.716659017
9,1,17,700,BFGS,14427776.368168695
9,1,18,700,BFGS,13940555.28842272
9,1,19,700,BFGS,15494028.913987383
9,2,0,700,BFGS,14537255.45369684
9,2,1,700,BFGS,11206748.685990868
9,2,2,700,BFGS,13051369.531047825
9,2,3,700,BFGS,10237536.483872356
9,2,4,700,BFGS,14832868.564654972
9,2,5,700,BFGS,9859670.8970964
9,2,6,700,BFGS,12787588.170399899
9,2,7,700,BFGS,12118416.423157625
9,2,8,700,BFGS,12816000.554352062
9,2,9,700,BFGS,12388883.576129137
9,2,10,700,BFGS,13570669.084407412
9,2,11,700,BFGS,12751366.808928711
9,2,12,700,BFGS,14476362.818008045
9,2,13,700,BFGS,13952289.424498621
9,2,14,700,BFGS,14870224.567539388
9,2,15,700,BFGS,16106693.597750505
9,2,16,700,BFGS,11749834.953351999
9,2,17,700,BFGS,16106328.715719469
9,2,18,700,BFGS,15538045.247445723
9,2,19,700,BFGS,11098966.87786639
9,3,0,700,BFGS,13954709.40665124
9,3,1,700,BFGS,14027844.698631968
9,3,2,700,BFGS,11210360.419621842
9,3,3,700,BFGS,11183039.465133268
9,3,4,700,BFGS,11267962.197155261
9,3,5,700,BFGS,9960959.034559479
9,3,6,700,BFGS,8700468.949483223
9,3,7,700,BFGS,9725033.844429677
9,3,8,700,BFGS,17488357.55880834
9,3,9,700,BFGS,11981534.163807109
9,3,10,700,BFGS,13826330.019829288
9,3,11,700,BFGS,15928935.620555015
9,3,12,700,BFGS,13671360.158670163
9,3,13,700,BFGS,13195824.164311502
9,3,14,700,BFGS,15861204.101730112
9,3,15,700,BFGS,11079461.146440707
9,3,16,700,BFGS,10976182.321920425
9,3,17,700,BFGS,14449577.458500776
9,3,18,700,BFGS,15662368.877670445
9,3,19,700,BFGS,10280136.7033725
9,4,0,700,BFGS,20780916.31370748
9,4,1,700,BFGS,7900061.849267387
9,4,2,700,BFGS,19592526.326366168
9,4,3,700,BFGS,12281291.079620885
9,4,4,700,BFGS,10151798.184964957
9,4,5,700,BFGS,11135226.773364734
9,4,6,700,BFGS,9683989.24914142
9,4,7,700,BFGS,11391626.423814422
9,4,8,700,BFGS,14597864.98800734
9,4,9,700,BFGS,13261833.759400435
9,4,10,700,BFGS,13596988.199519407
9,4,11,700,BFGS,13054214.269452015
9,4,12,700,BFGS,15422394.5481954
9,4,13,700,BFGS,13200009.564722925
9,4,14,700,BFGS,13889174.663871761
9,4,15,700,BFGS,14983286.500727545
9,4,16,700,BFGS,15043039.55218446
9,4,17,700,BFGS,14368497.239445321
9,4,18,700,BFGS,13165341.301088748
9,4,19,700,BFGS,10649142.060469847
9,5,0,700,BFGS,15378359.95549852
9,5,1,700,BFGS,12588284.367228163
9,5,2,700,BFGS,10762521.1484672
9,5,3,700,BFGS,9026436.353103334
9,5,4,700,BFGS,11885481.48749772
9,5,5,700,BFGS,10607102.098154526
9,5,6,700,BFGS,10321054.534055162
9,5,7,700,BFGS,15942535.315213585
9,5,8,700,BFGS,13362171.2071848
9,5,9,700,BFGS,11680347.346043745
9,5,10,700,BFGS,15471186.254570952
9,5,11,700,BFGS,13145396.37721683
9,5,12,700,BFGS,14683685.244718136
9,5,13,700,BFGS,12235193.341552038
9,5,14,700,BFGS,12464530.981493998
9,5,15,700,BFGS,13579175.878851354
9,5,16,700,BFGS,11873063.495934043
9,5,17,700,BFGS,15268047.100898745
9,5,18,700,BFGS,12721454.375540525
9,5,19,700,BFGS,10710294.759565702
9,6,0,700,BFGS,14048947.790664507
9,6,1,700,BFGS,7208121.698557336
9,6,2,700,BFGS,16304513.348336112
9,6,3,700,BFGS,10165894.679297538
9,6,4,700,BFGS,12598609.8554823
9,6,5,700,BFGS,11219040.351103207
9,6,6,700,BFGS,10390631.02028878
9,6,7,700,BFGS,18354798.21990924
9,6,8,700,BFGS,15789475.740962807
9,6,9,700,BFGS,18312501.303547565
9,6,10,700,BFGS,12788096.270611083
9,6,11,700,BFGS,14831281.808096182
9,6,12,700,BFGS,8950581.338541158
9,6,13,700,BFGS,9012090.841330655
9,6,14,700,BFGS,10796802.646109382
9,6,15,700,BFGS,16136515.928832985
9,6,16,700,BFGS,13475084.684240023
9,6,17,700,BFGS,17124918.055205043
9,6,18,700,BFGS,16153844.85809304
9,6,19,700,BFGS,11212913.152403854
9,7,0,700,BFGS,11711817.365746094
9,7,1,700,BFGS,8019734.813767581
9,7,2,700,BFGS,11265076.291260675
9,7,3,700,BFGS,10705165.31922183
9,7,4,700,BFGS,11071409.857796663
9,7,5,700,BFGS,15045764.502508912
9,7,6,700,BFGS,13150034.82388033
9,7,7,700,BFGS,13012582.667235285
9,7,8,700,BFGS,17516426.07174475
9,7,9,700,BFGS,13283984.929968433
9,7,10,700,BFGS,13572880.662663225
9,7,11,700,BFGS,15218228.000152165
9,7,12,700,BFGS,14956815.616601504
9,7,13,700,BFGS,11819563.852038732
9,7,14,700,BFGS,18145351.02800382
9,7,15,700,BFGS,12168664.47207723
9,7,16,700,BFGS,10887619.067954686
9,7,17,700,BFGS,11859133.115132028
9,7,18,700,BFGS,13224162.64780789
9,7,19,700,BFGS,10600271.306458367
10,1,0,700,BFGS,1652875493.1911628
10,1,1,700,BFGS,1763752226.085552
10,1,2,700,BFGS,1992492025.0431664
10,1,3,700,BFGS,1618931123.5874906
10,1,4,700,BFGS,1490802649.1433973
10,1,5,700,BFGS,2290698846.7126403
10,1,6,700,BFGS,1951618471.389448
10,1,7,700,BFGS,2298998146.7056637
10,1,8,700,BFGS,1544961067.2720544
10,1,9,700,BFGS,1885084346.4811697
10,1,10,700,BFGS,1836182527.1575017
10,1,11,700,BFGS,2420288133.724938
10,1,12,700,BFGS,1966842707.230721
10,1,13,700,BFGS,2165653546.660083
10,1,14,700,BFGS,2107767066.9596076
10,1,15,700,BFGS,1420579056.3958597
10,1,16,700,BFGS,1954442273.602861
10,1,17,700,BFGS,1758190849.4804785
10,1,18,700,BFGS,1842810865.6932733
10,1,19,700,BFGS,1674714769.7197218
10,2,0,700,BFGS,2111040219.9399147
10,2,1,700,BFGS,2125772459.0544553
10,2,2,700,BFGS,2184493889.324331
10,2,3,700,BFGS,2305564992.3347654
10,2,4,700,BFGS,1736072351.3568764
10,2,5,700,BFGS,2173237457.3439856
10,2,6,700,BFGS,1932355613.3848813
10,2,7,700,BFGS,1916760321.0101178
10,2,8,700,BFGS,2125360458.4409
10,2,9,700,BFGS,2166854799.900968
10,2,10,700,BFGS,2041461382.9142966
10,2,11,700,BFGS,1756056247.5501053
10,2,12,700,BFGS,2576403781.4665885
10,2,13,700,BFGS,1421285051.667787
10,2,14,700,BFGS,2285097641.572233
10,2,15,700,BFGS,2096755324.0071027
10,2,16,700,BFGS,2804679085.267821
10,2,17,700,BFGS,2299218275.112046
10,2,18,700,BFGS,1658366507.6038008
10,2,19,700,BFGS,2537379303.5055513
10,3,0,700,BFGS,2017934399.2677364
10,3,1,700,BFGS,1817061073.5790265
10,3,2,700,BFGS,1953422207.62622
10,3,3,700,BFGS,1837668600.6126394
10,3,4,700,BFGS,1794896317.3627834
10,3,5,700,BFGS,1953131647.7253222
10,3,6,700,BFGS,2247823103.4151855
10,3,7,700,BFGS,2024079874.796826
10,3,8,700,BFGS,1547796861.932129
10,3,9,700,BFGS,1802000511.4052258
10,3,10,700,BFGS,2120566049.3981557
10,3,11,700,BFGS,1763509724.3840356
10,3,12,700,BFGS,2269414432.252659
10,3,13,700,BFGS,1732700541.9937441
10,3,14,700,BFGS,2268555133.0402803
10,3,15,700,BFGS,1761978419.1403916
10,3,16,700,BFGS,1775427633.9167688
10,3,17,700,BFGS,1947045790.8800201
10,3,18,700,BFGS,1987608709.9305809
10,3,19,700,BFGS,1738781433.246537
10,4,0,700,BFGS,1456473201.002056
10,4,1,700,BFGS,1419834839.8513951
10,4,2,700,BFGS,1578117449.1059384
10,4,3,700,BFGS,1637311614.0823486
10,4,4,700,BFGS,1950150634.4101582
10,4,5,700,BFGS,1625925467.7403302
10,4,6,700,BFGS,1325239509.7180645
10,4,7,700,BFGS,2059872349.0845478
10,4,8,700,BFGS,1772971862.6675582
10,4,9,700,BFGS,2258138501.229989
10,4,10,700,BFGS,1458039768.741375
10,4,11,700,BFGS,1479360034.5728645
10,4,12,700,BFGS,2041407840.4333
10,4,13,700,BFGS,1696311124.6553369
10,4,14,700,BFGS,1614200998.3410428
10,4,15,700,BFGS,1315687930.3840835
10,4,16,700,BFGS,1963157193.8308346
10,4,17,700,BFGS,1613803380.7777107
10,4,18,700,BFGS,1597266247.6343632
10,4,19,700,BFGS,1732916083.187152
10,5,0,700,BFGS,1834529861.692409
10,5,1,700,BFGS,2110400398.6381755
10,5,2,700,BFGS,1855389487.4618073
10,5,3,700,BFGS,1946747945.6280165
10,5,4,700,BFGS,1531964160.2039297
10,5,5,700,BFGS,1745086373.5767395
10,5,6,700,BFGS,2599470809.983255
10,5,7,700,BFGS,1654689098.7103927
10,5,8,700,BFGS,2266632932.3461294
10,5,9,700,BFGS,1111143698.9831288
10,5,10,700,BFGS,2757690838.7366953
10,5,11,700,BFGS,1843348369.327361
10,5,12,700,BFGS,1607144015.3302522
10,5,13,700,BFGS,1561873167.2753568
10,5,14,700,BFGS,1754275991.4230077
10,5,15,700,BFGS,1589785237.5532982
10,5,16,700,BFGS,1478207846.741733
10,5,17,700,BFGS,1698123150.4136002
10,5,18,700,BFGS,1836932169.3545952
10,5,19,700,BFGS,1997285203.0926943
10,6,0,700,BFGS,2350860572.3501053
10,6,1,700,BFGS,2163308093.523875
10,6,2,700,BFGS,2007924570.1562734
10,6,3,700,BFGS,1601402993.8797972
10,6,4,700,BFGS,2286278814.4151077
10,6,5,700,BFGS,2350082441.940711
10,6,6,700,BFGS,2496187566.2429366
10,6,7,700,BFGS,1844676972.135812
10,6,8,700,BFGS,2103485471.919559
10,6,9,700,BFGS,2631146431.6644254
10,6,10,700,BFGS,2014345274.3101487
10,6,11,700,BFGS,1595382099.978158
10,6,12,700,BFGS,2725412291.765945
10,6,13,700,BFGS,2190374842.1739287
10,6,14,700,BFGS,2107296491.0175195
10,6,15,700,BFGS,2092027030.3690515
10,6,16,700,BFGS,2641909675.0566955
10,6,17,700,BFGS,2144169758.1946177
10,6,18,700,BFGS,1929955147.0709026
10,6,19,700,BFGS,3333331477.7636633
10,7,0,700,BFGS,1515334068.2219777
10,7,1,700,BFGS,1931501897.889345
10,7,2,700,BFGS,1752222197.0453947
10,7,3,700,BFGS,1618429894.1571224
10,7,4,700,BFGS,1408131128.0173101
10,7,5,700,BFGS,1935126110.8848
10,7,6,700,BFGS,1918812276.7909682
10,7,7,700,BFGS,1530526784.063292
10,7,8,700,BFGS,1862759804.3087401
10,7,9,700,BFGS,1651455106.7808073
10,7,10,700,BFGS,2185993579.4355407
10,7,11,700,BFGS,1854537397.6057415
10,7,12,700,BFGS,2171655237.1078024
10,7,13,700,BFGS,1430023254.4397085
10,7,14,700,BFGS,1936921121.247504
10,7,15,700,BFGS,1580112427.2334232
10,7,16,700,BFGS,1561167721.4222884
10,7,17,700,BFGS,2042697095.2061555
10,7,18,700,BFGS,1844415344.33874
10,7,19,700,BFGS,2160756776.0959606
11,1,0,700,BFGS,15822916.520271022
11,1,1,700,BFGS,2308959.705441403
11,1,2,700,BFGS,1440008.8202482797
11,1,3,700,BFGS,563860.7029852766
11,1,4,700,BFGS,1559407.0737853434
11,1,5,700,BFGS,7033057.38087856
11,1,6,700,BFGS,21112781.731567286
11,1,7,700,BFGS,13113392.141526062
11,1,8,700,BFGS,14676767.96692268
11,1,9,700,BFGS,2475695.161888244
11,1,10,700,BFGS,2596781.674620577
11,1,11,700,BFGS,8612447.139817946
11,1,12,700,BFGS,15321685.549276132
11,1,13,700,BFGS,20209776.92769934
11,1,14,700,BFGS,7044019.633236017
11,1,15,700,BFGS,2400129.200167149
11,1,16,700,BFGS,23570382.153068617
11,1,17,700,BFGS,6428013.217822285
11,1,18,700,BFGS,3170184.3800576283
11,1,19,700,BFGS,761973.9172106304
11,2,0,700,BFGS,50503091.39151937
11,2,1,700,BFGS,14692038.905002574
11,2,2,700,BFGS,78543560.84924906
11,2,3,700,BFGS,12528206.751536038
11,2,4,700,BFGS,30157485.30346695
11,2,5,700,BFGS,52247966.53846878
11,2,6,700,BFGS,13014212.111530248
11,2,7,700,BFGS,29648237.394551642
11,2,8,700,BFGS,1282761.7906352256
11,2,9,700,BFGS,5448882.576154016
11,2,10,700,BFGS,54627568.69497588
11,2,11,700,BFGS,7966583.729790655
11,2,12,700,BFGS,1489777.5461399662
11,2,13,700,BFGS,31689905.592599772
11,2,14,700,BFGS,995954.8163637647
11,2,15,700,BFGS,5572185.135726389
11,2,16,700,BFGS,3894213.515666294
11,2,17,700,BFGS,19432986.26810851
11,2,18,700,BFGS,8233627.147986126
11,2,19,700,BFGS,15025043.847496858
11,3,0,700,BFGS,7603222.014781469
11,3,1,700,BFGS,802787.2766340636
11,3,2,700,BFGS,18196007.82910915
11,3,3,700,BFGS,2322403.06338494
11,3,4,700,BFGS,5841949.521252777
11,3,5,700,BFGS,4692226.539702461
11,3,6,700,BFGS,30580556.59514714
11,3,7,700,BFGS,542574.4489151628
11,3,8,700,BFGS,6332044.109076195
11,3,9,700,BFGS,6326200.415461627
11,3,10,700,BFGS,28440260.654790707
11,3,11,700,BFGS,8590672.080794523
11,3,12,700,BFGS,1151777.8358518872
11,3,13,700,BFGS,8570887.021229696
11,3,14,700,BFGS,2694714.8606098033
11,3,15,700,BFGS,15184145.266671913
11,3,16,700,BFGS,4674899.825203952
11,3,17,700,BFGS,6424440.850647316
11,3,18,700,BFGS,11245924.569383506
11,3,19,700,BFGS,22245386.246986397
11,4,0,700,BFGS,9847303.959262902
11,4,1,700,BFGS,4342791.074088117
11,4,2,700,BFGS,24261294.58871346
11,4,3,700,BFGS,3537245.4267961076
11,4,4,700,BFGS,15251597.687563635
11,4,5,700,BFGS,34699003.504450224
11,4,6,700,BFGS,8306554.263373441
11,4,7,700,BFGS,10378223.637119312
11,4,8,700,BFGS,717614.7132292984
11,4,9,700,BFGS,2328503.4834428844
11,4,10,700,BFGS,22351816.915283184
11,4,11,700,BFGS,4588492.048878294
11,4,12,700,BFGS,6842562.985152134
11,4,13,700,BFGS,47194974.710505515
11,4,14,700,BFGS,2060271.7012745778
11,4,15,700,BFGS,55636889.71894512
11,4,16,700,BFGS,4587248.215034947
11,4,17,700,BFGS,2657300.026576957
11,4,18,700,BFGS,32341515.67863757
11,4,19,700,BFGS,700668.6971205068
11,5,0,700,BFGS,35694015.3606152
11,5,1,700,BFGS,55040165.70614108
11,5,2,700,BFGS,46414744.72232974
11,5,3,700,BFGS,29598950.937771693
11,5,4,700,BFGS,62489250.84578477
11,5,5,700,BFGS,72387732.4306544
11,5,6,700,BFGS,119424444.77103515
11,5,7,700,BFGS,25562216.258694276
11,5,8,700,BFGS,18172665.237702593
11,5,9,700,BFGS,25309395.965474725
11,5,10,700,BFGS,156355823.17161903
11,5,11,700,BFGS,73237508.12005052
11,5,12,700,BFGS,108730000.68337905
11,5,13,700,BFGS,47567026.19175407
11,5,14,700,BFGS,72726804.67007096
11,5,15,700,BFGS,92398846.09304112
11,5,16,700,BFGS,43271139.10776685
11,5,17,700,BFGS,48875536.188959286
11,5,18,700,BFGS,18868641.28566608
11,5,19,700,BFGS,28327004.645057037
11,6,0,700,BFGS,39805786.237537734
11,6,1,700,BFGS,11294409.707247691
11,6,2,700,BFGS,6222107.796927047
11,6,3,700,BFGS,12767930.717213463
11,6,4,700,BFGS,10721544.80222798
11,6,5,700,BFGS,31939779.162520304
11,6,6,700,BFGS,24328606.250318
11,6,7,700,BFGS,17051915.17391734
11,6,8,700,BFGS,27137588.373109747
11,6,9,700,BFGS,28899203.50766473
11,6,10,700,BFGS,16115984.383866463
11,6,11,700,BFGS,21903780.76362915
11,6,12,700,BFGS,39553986.57003177
11,6,13,700,BFGS,2057210.1762170645
11,6,14,700,BFGS,11442387.21522984
11,6,15,700,BFGS,110006618.20177369
11,6,16,700,BFGS,51493560.73104826
11,6,17,700,BFGS,1595617.7469296162
11,6,18,700,BFGS,21631018.97460439
11,6,19,700,BFGS,24634856.970328514
11,7,0,700,BFGS,7326295.381883274
11,7,1,700,BFGS,11531919.277905798
11,7,2,700,BFGS,698186.4196022229
11,7,3,700,BFGS,7342635.888586799
11,7,4,700,BFGS,7768379.799739677
11,7,5,700,BFGS,26402172.740489244
11,7,6,700,BFGS,4344489.232352912
11,7,7,700,BFGS,4784839.983690557
11,7,8,700,BFGS,32194136.07726797
11,7,9,700,BFGS,5131302.782531684
11,7,10,700,BFGS,9850147.634099877
11,7,11,700,BFGS,7653074.348432822
11,7,12,700,BFGS,7036845.704837415
11,7,13,700,BFGS,4613096.016077259
11,7,14,700,BFGS,6552617.833966918
11,7,15,700,BFGS,17216625.59539889
11,7,16,700,BFGS,1148066.347613416
11,7,17,700,BFGS,15936641.090640843
11,7,18,700,BFGS,47326419.55723654
11,7,19,700,BFGS,28150262.36099051
12,1,0,700,BFGS,59726220419.547035
12,1,1,700,BFGS,74090258631.22139
12,1,2,700,BFGS,56076195847.04983
12,1,3,700,BFGS,46593618122.07268
12,1,4,700,BFGS,51968387964.885994
12,1,5,700,BFGS,50354940269.337975
12,1,6,700,BFGS,62792587170.12956
12,1,7,700,BFGS,51443234916.56665
12,1,8,700,BFGS,57989382368.29076
12,1,9,700,BFGS,63654518422.611824
12,1,10,700,BFGS,56359935978.42191
12,1,11,700,BFGS,66589322155.64453
12,1,12,700,BFGS,67515466882.10139
12,1,13,700,BFGS,59829223539.3167
12,1,14,700,BFGS,53309009213.41227
12,1,15,700,BFGS,58058918916.87989
12,1,16,700,BFGS,76564594945.99469
12,1,17,700,BFGS,65652204838.56446
12,1,18,700,BFGS,45383157104.44753
12,1,19,700,BFGS,65616571916.29194
12,2,0,700,BFGS,84694403899.39995
12,2,1,700,BFGS,76763210048.35435
12,2,2,700,BFGS,74936201837.66164
12,2,3,700,BFGS,87955296293.63124
12,2,4,700,BFGS,74101816594.35039
12,2,5,700,BFGS,84367707971.91203
12,2,6,700,BFGS,64145696062.2093
12,2,7,700,BFGS,74892931937.22845
12,2,8,700,BFGS,98086377521.01422
12,2,9,700,BFGS,82302345993.71501
12,2,10,700,BFGS,68249681036.95433
12,2,11,700,BFGS,75817520901.17075
12,2,12,700,BFGS,71234663367.86761
12,2,13,700,BFGS,63002066082.8055
12,2,14,700,BFGS,95084749322.73645
12,2,15,700,BFGS,77115886696.71777
12,2,16,700,BFGS,60673631875.60192
12,2,17,700,BFGS,67266575930.86736
12,2,18,700,BFGS,69720738960.16483
12,2,19,700,BFGS,79048448817.16498
12,3,0,700,BFGS,75980652536.24051
12,3,1,700,BFGS,60971332465.85338
12,3,2,700,BFGS,75305762162.17249
12,3,3,700,BFGS,50584586272.70389
12,3,4,700,BFGS,51584456000.50269
12,3,5,700,BFGS,86279420829.81259
12,3,6,700,BFGS,59650680462.544106
12,3,7,700,BFGS,67773884130.23876
12,3,8,700,BFGS,84836276101.25513
12,3,9,700,BFGS,63405626843.01494
12,3,10,700,BFGS,56511301567.014305
12,3,11,700,BFGS,74990934108.31248
12,3,12,700,BFGS,65113167583.45074
12,3,13,700,BFGS,74230501134.66913
12,3,14,700,BFGS,58660558804.520134
12,3,15,700,BFGS,67210278078.44699
12,3,16,700,BFGS,67842413252.74459
12,3,17,700,BFGS,56569927397.138885
12,3,18,700,BFGS,72646494496.66528
12,3,19,700,BFGS,81152576266.42004
12,4,0,700,BFGS,55986027675.96427
12,4,1,700,BFGS,73010240497.5724
12,4,2,700,BFGS,63589449891.72306
12,4,3,700,BFGS,56090564273.265976
12,4,4,700,BFGS,83684189046.92775
12,4,5,700,BFGS,63222689818.77145
12,4,6,700,BFGS,56394232085.857834
12,4,7,700,BFGS,55791567460.75286
12,4,8,700,BFGS,72252320786.72655
12,4,9,700,BFGS,60912519929.71249
12,4,10,700,BFGS,56686512654.74412
12,4,11,700,BFGS,51204547858.67776
12,4,12,700,BFGS,61968624112.12515
12,4,13,700,BFGS,57950618506.987175
12,4,14,700,BFGS,59182255453.68615
12,4,15,700,BFGS,69272255662.33832
12,4,16,700,BFGS,83430030483.08632
12,4,17,700,BFGS,60453905827.020294
12,4,18,700,BFGS,58316238390.236595
12,4,19,700,BFGS,74022424871.33066
12,5,0,700,BFGS,65285352834.073654
12,5,1,700,BFGS,58318671101.01255
12,5,2,700,BFGS,60776847390.16849
12,5,3,700,BFGS,64893152723.75159
12,5,4,700,BFGS,63453481708.393166
12,5,5,700,BFGS,58997250178.02534
12,5,6,700,BFGS,62899952757.23146
12,5,7,700,BFGS,58604479651.06706
12,5,8,700,BFGS,63505764549.39707
12,5,9,700,BFGS,42475939697.39302
12,5,10,700,BFGS,42213989003.097885
12,5,11,700,BFGS,61915074827.53903
12,5,12,700,BFGS,56772846585.34068
12,5,13,700,BFGS,59676468923.019264
12,5,14,700,BFGS,41520869099.48257
12,5,15,700,BFGS,50993128982.20725
12,5,16,700,BFGS,48860792375.526276
12,5,17,700,BFGS,56434379494.040215
12,5,18,700,BFGS,62398443062.515945
12,5,19,700,BFGS,70710825630.80367
12,6,0,700,BFGS,78393985391.43105
12,6,1,700,BFGS,69396039151.15817
12,6,2,700,BFGS,77593718315.46552
12,6,3,700,BFGS,77804208946.50076
12,6,4,700,BFGS,66495670548.19373
12,6,5,700,BFGS,95744839952.74225
12,6,6,700,BFGS,72141759551.41719
12,6,7,700,BFGS,62976860983.16772
12,6,8,700,BFGS,74208742422.10498
12,6,9,700,BFGS,82638072563.72372
12,6,10,700,BFGS,71159313200.94829
12,6,11,700,BFGS,70230903048.39516
12,6,12,700,BFGS,65945303850.49258
12,6,13,700,BFGS,66913235755.8438
12,6,14,700,BFGS,87291902195.69485
12,6,15,700,BFGS,81636552886.20691
12,6,16,700,BFGS,72356669374.26085
12,6,17,700,BFGS,88799699196.02635
12,6,18,700,BFGS,65036259923.45298
12,6,19,700,BFGS,77758278459.4187
12,7,0,700,BFGS,74261285412.12518
12,7,1,700,BFGS,68456425835.725716
12,7,2,700,BFGS,77658495874.29945
12,7,3,700,BFGS,70413041279.12312
12,7,4,700,BFGS,90977720869.5325
12,7,5,700,BFGS,56696669030.64807
12,7,6,700,BFGS,68849050751.82158
12,7,7,700,BFGS,62189342703.364174
12,7,8,700,BFGS,69863414982.03783
12,7,9,700,BFGS,80922250370.17963
12,7,10,700,BFGS,65611385528.80617
12,7,11,700,BFGS,80030409472.82355
12,7,12,700,BFGS,90928358553.41734
12,7,13,700,BFGS,68931558991.6422
12,7,14,700,BFGS,65643527555.89482
12,7,15,700,BFGS,64218920149.08156
12,7,16,700,BFGS,78669621055.63687
12,7,17,700,BFGS,84553593167.76591
12,7,18,700,BFGS,70822904084.64935
12,7,19,700,BFGS,78440651828.01425
13,1,0,700,BFGS,1071170.4916584303
13,1,1,700,BFGS,1029165.9329375651
13,1,2,700,BFGS,1086328.748460848
13,1,3,700,BFGS,1022612.3735726101
13,1,4,700,BFGS,926353.5734969899
13,1,5,700,BFGS,1072808.7482735165
13,1,6,700,BFGS,1062259.0518653449
13,1,7,700,BFGS,1105794.556119332
13,1,8,700,BFGS,1085955.0175375184
13,1,9,700,BFGS,1116428.580172688
13,1,10,700,BFGS,1156262.21011282
13,1,11,700,BFGS,1116888.3974558408
13,1,12,700,BFGS,1098167.4357379393
13,1,13,700,BFGS,1049974.4158125492
13,1,14,700,BFGS,1019477.7106583967
13,1,15,700,BFGS,1142749.0228439486
13,1,16,700,BFGS,989194.7885852995
13,1,17,700,BFGS,1006070.8304386872
13,1,18,700,BFGS,1051399.6779497424
13,1,19,700,BFGS,1163880.060458304
13,2,0,700,BFGS,1091107.3327766247
13,2,1,700,BFGS,1142891.6390154588
13,2,2,700,BFGS,1195177.1838749396
13,2,3,700,BFGS,1094981.4334929255
13,2,4,700,BFGS,1110639.89111376
13,2,5,700,BFGS,1179585.916466961
13,2,6,700,BFGS,1029669.6462866316
13,2,7,700,BFGS,1209662.7655047278
13,2,8,700,BFGS,1091334.1821986365
13,2,9,700,BFGS,1223419.2945869688
13,2,10,700,BFGS,1247148.8971837074
13,2,11,700,BFGS,1177960.378410614
13,2,12,700,BFGS,1176325.9772204168
13,2,13,700,BFGS,1232512.7894455728
13,2,14,700,BFGS,1236459.3951253192
13,2,15,700,BFGS,1156094.996292278
13,2,16,700,BFGS,1272978.0058977157
13,2,17,700,BFGS,1089861.5732133605
13,2,18,700,BFGS,1137299.3529417012
13,2,19,700,BFGS,1216664.643954522
13,3,0,700,BFGS,1098142.1561544253
13,3,1,700,BFGS,1161254.3391801133
13,3,2,700,BFGS,1126774.319801452
13,3,3,700,BFGS,1166303.1142423227
13,3,4,700,BFGS,1112925.3503302208
13,3,5,700,BFGS,1165297.4172779934
13,3,6,700,BFGS,1194245.1736120777
13,3,7,700,BFGS,1279842.5746560232
13,3,8,700,BFGS,1068344.9517768717
13,3,9,700,BFGS,1174714.5254728578
13,3,10,700,BFGS,1073441.4749669805
13,3,11,700,BFGS,1149438.1198511245
13,3,12,700,BFGS,1220769.3760801645
13,3,13,700,BFGS,1108107.4828571226
13,3,14,700,BFGS,1063862.5592022538
13,3,15,700,BFGS,1062235.7342157247
13,3,16,700,BFGS,1151159.7913560737
13,3,17,700,BFGS,1279918.576025578
13,3,18,700,BFGS,1167338.1950054173
13,3,19,700,BFGS,1171508.783247273
13,4,0,700,BFGS,1014338.2173933014
13,4,1,700,BFGS,1085523.8549645047
13,4,2,700,BFGS,1118222.6617228598
13,4,3,700,BFGS,1045636.3414366521
13,4,4,700,BFGS,985575.5559434899
13,4,5,700,BFGS,1043240.4239133799
13,4,6,700,BFGS,1107511.9709888601
13,4,7,700,BFGS,983791.9832761278
13,4,8,700,BFGS,1126171.7085457945
13,4,9,700,BFGS,1108265.7812613118
13,4,10,700,BFGS,1077643.5743261098
13,4,11,700,BFGS,1053013.0495013774
13,4,12,700,BFGS,1046453.77935197
13,4,13,700,BFGS,1129426.5791921825
13,4,14,700,BFGS,1212754.3844242769
13,4,15,700,BFGS,1157184.4864370185
13,4,16,700,BFGS,1095496.907336964
13,4,17,700,BFGS,1098046.8078330832
13,4,18,700,BFGS,968744.6730989863
13,4,19,700,BFGS,1073606.8303502044
13,5,0,700,BFGS,1051832.081156872
13,5,1,700,BFGS,1120553.25690377
13,5,2,700,BFGS,1048786.4759002607
13,5,3,700,BFGS,1015621.4671016306
13,5,4,700,BFGS,1144912.4608363162
13,5,5,700,BFGS,1054308.4917449066
13,5,6,700,BFGS,1204789.0560402542
13,5,7,700,BFGS,1073752.7617001613
13,5,8,700,BFGS,1039501.0664909938
13,5,9,700,BFGS,1011314.4569916377
13,5,10,700,BFGS,1057153.7675524787
13,5,11,700,BFGS,1141158.3114651567
13,5,12,700,BFGS,1084896.9097049427
13,5,13,700,BFGS,1143205.3437699284
13,5,14,700,BFGS,1097402.0030857404
13,5,15,700,BFGS,1109500.0534015812
13,5,16,700,BFGS,1187196.9405075745
13,5,17,700,BFGS,1065155.062358787
13,5,18,700,BFGS,1042062.7034189113
13,5,19,700,BFGS,1103154.3971288798
13,6,0,700,BFGS,1096975.0521284502
13,6,1,700,BFGS,1050175.9976245412
13,6,2,700,BFGS,1151242.3868641283
13,6,3,700,BFGS,969857.3711142391
13,6,4,700,BFGS,1024053.2599669301
13,6,5,700,BFGS,1064126.667072539
13,6,6,700,BFGS,963218.2456585489
13,6,7,700,BFGS,1078305.618095186
13,6,8,700,BFGS,1161425.9529873703
13,6,9,700,BFGS,1053128.5133836064
13,6,10,700,BFGS,1157270.0172285608
13,6,11,700,BFGS,1004669.8009360939
13,6,12,700,BFGS,1124464.271737863
13,6,13,700,BFGS,1056084.3781536664
13,6,14,700,BFGS,1096422.4891918998
13,6,15,700,BFGS,1021184.044956786
13,6,16,700,BFGS,1006563.4636568894
13,6,17,700,BFGS,991168.6515006172
13,6,18,700,BFGS,1104157.6983124441
13,6,19,700,BFGS,1037167.2488116261
13,7,0,700,BFGS,1065049.6219647834
13,7,1,700,BFGS,1111586.612622839
13,7,2,700,BFGS,1023207.5058591461
13,7,3,700,BFGS,1088145.1457315935
13,7,4,700,BFGS,1226032.5382183373
13,7,5,700,BFGS,1005549.2259827086
13,7,6,700,BFGS,1016056.7592560187
13,7,7,700,BFGS,981475.6953774571
13,7,8,700,BFGS,1115984.1912349372
13,7,9,700,BFGS,1071243.831197135
13,7,10,700,BFGS,1064862.992777864
13,7,11,700,BFGS,989268.9870066914
13,7,12,700,BFGS,1014115.7302253543
13,7,13,700,BFGS,1040851.8400209958
13,7,14,700,BFGS,1167887.1189058297
13,7,15,700,BFGS,1131307.0860165681
13,7,16,700,BFGS,1044157.1837103305
13,7,17,700,BFGS,1108913.250001749
13,7,18,700,BFGS,1142938.4648744878
13,7,19,700,BFGS,1053642.3240896321
14,1,0,700,BFGS,14464.334858731148
14,1,1,700,BFGS,17102.569841172575
14,1,2,700,BFGS,19587.5386544125
14,1,3,700,BFGS,16729.80767791236
14,1,4,700,BFGS,17840.00177933012
14,1,5,700,BFGS,15570.040580618414
14,1,6,700,BFGS,15254.913694271423
14,1,7,700,BFGS,16129.32922447646
14,1,8,700,BFGS,17223.40540174512
14,1,9,700,BFGS,14476.54335244817
14,1,10,700,BFGS,15688.63377103718
14,1,11,700,BFGS,17453.562590967755
14,1,12,700,BFGS,22532.410282761568
14,1,13,700,BFGS,16083.098269146147
14,1,14,700,BFGS,17526.783940892117
14,1,15,700,BFGS,15244.626876250628
14,1,16,700,BFGS,18200.0856313001
14,1,17,700,BFGS,19308.72212070425
14,1,18,700,BFGS,18364.733414048984
14,1,19,700,BFGS,15177.399204638652
14,2,0,700,BFGS,13993.764540193024
14,2,1,700,BFGS,12178.926792924345
14,2,2,700,BFGS,15566.652498669431
14,2,3,700,BFGS,13882.085285041725
14,2,4,700,BFGS,13024.535421080687
14,2,5,700,BFGS,13150.67127934453
14,2,6,700,BFGS,15309.923645951083
14,2,7,700,BFGS,15360.725154421993
14,2,8,700,BFGS,14301.090498685433
14,2,9,700,BFGS,15424.37470534704
14,2,10,700,BFGS,15737.989923832083
14,2,11,700,BFGS,18831.75899279179
14,2,12,700,BFGS,16789.05942429138
14,2,13,700,BFGS,19923.973757364132
14,2,14,700,BFGS,19994.88346073587
14,2,15,700,BFGS,15051.238946747555
14,2,16,700,BFGS,13409.12580232527
14,2,17,700,BFGS,15114.094240297432
14,2,18,700,BFGS,14798.564971446916
14,2,19,700,BFGS,13181.907781335467
14,3,0,700,BFGS,17744.66008385779
14,3,1,700,BFGS,17768.09690511124
14,3,2,700,BFGS,15581.562311073318
14,3,3,700,BFGS,12816.316977360659
14,3,4,700,BFGS,12842.136434405325
14,3,5,700,BFGS,16272.76574474099
14,3,6,700,BFGS,18134.86464614637
14,3,7,700,BFGS,10653.673202545453
14,3,8,700,BFGS,17482.782687244457
14,3,9,700,BFGS,14625.62207283114
14,3,10,700,BFGS,11926.505101122106
14,3,11,700,BFGS,14691.776337223047
14,3,12,700,BFGS,12206.452674549153
14,3,13,700,BFGS,13998.88490499324
14,3,14,700,BFGS,14604.271396574757
14,3,15,700,BFGS,13289.142554664311
14,3,16,700,BFGS,13340.355752271113
14,3,17,700,BFGS,13896.445907908046
14,3,18,700,BFGS,15228.85068115675
14,3,19,700,BFGS,15946.864950601419
14,4,0,700,BFGS,16231.257751063024
14,4,1,700,BFGS,13106.601923099386
14,4,2,700,BFGS,20130.987638107425
14,4,3,700,BFGS,14918.920735332487
14,4,4,700,BFGS,14735.042697171471
14,4,5,700,BFGS,13875.088613073094
14,4,6,700,BFGS,12234.153052447604
14,4,7,700,BFGS,18801.85013799365
14,4,8,700,BFGS,13024.241196845269
14,4,9,700,BFGS,17152.477885040855
14,4,10,700,BFGS,15322.509703774993
14,4,11,700,BFGS,13182.795146752165
14,4,12,700,BFGS,17959.986649451905
14,4,13,700,BFGS,12825.757056115488
14,4,14,700,BFGS,14328.811442881532
14,4,15,700,BFGS,14096.554455790289
14,4,16,700,BFGS,14465.575772722037
14,4,17,700,BFGS,17749.768476503177
14,4,18,700,BFGS,16669.193811092595
14,4,19,700,BFGS,13463.277110135565
14,5,0,700,BFGS,17260.552595775232
14,5,1,700,BFGS,20250.00390193792
14,5,2,700,BFGS,18159.625566436007
14,5,3,700,BFGS,16937.449590727683
14,5,4,700,BFGS,14389.60106435095
14,5,5,700,BFGS,15767.154779776592
14,5,6,700,BFGS,14042.38907950362
14,5,7,700,BFGS,15957.793568934809
14,5,8,700,BFGS,16372.431918376838
14,5,9,700,BFGS,17263.23222831679
14,5,10,700,BFGS,17298.26876994119
14,5,11,700,BFGS,17028.484109023477
14,5,12,700,BFGS,15834.539574208738
14,5,13,700,BFGS,17956.322420885586
14,5,14,700,BFGS,17218.526455328138
14,5,15,700,BFGS,17486.67408865432
14,5,16,700,BFGS,15229.1506575245
14,5,17,700,BFGS,14725.741339374918
14,5,18,700,BFGS,16438.400937151026
14,5,19,700,BFGS,17050.38121977944
14,6,0,700,BFGS,16941.18518590855
14,6,1,700,BFGS,15738.630300513985
14,6,2,700,BFGS,18665.53495268986
14,6,3,700,BFGS,17491.48743275237
14,6,4,700,BFGS,19125.512805395458
14,6,5,700,BFGS,19040.058647562622
14,6,6,700,BFGS,17345.55799419822
14,6,7,700,BFGS,17691.61273071315
14,6,8,700,BFGS,16279.3446767285
14,6,9,700,BFGS,16036.608523281995
14,6,10,700,BFGS,16033.731382333935
14,6,11,700,BFGS,17284.520343737724
14,6,12,700,BFGS,21496.120950924334
14,6,13,700,BFGS,14027.544115887076
14,6,14,700,BFGS,18950.757048286134
14,6,15,700,BFGS,16006.198263460821
14,6,16,700,BFGS,16830.46857137222
14,6,17,700,BFGS,12151.93783100134
14,6,18,700,BFGS,17225.42219064575
14,6,19,700,BFGS,18167.08326006445
14,7,0,700,BFGS,13757.57362875122
14,7,1,700,BFGS,15278.338828857248
14,7,2,700,BFGS,17932.355304880108
14,7,3,700,BFGS,17346.08354293295
14,7,4,700,BFGS,13988.164145423183
14,7,5,700,BFGS,13156.069840897957
14,7,6,700,BFGS,13261.479381343745
14,7,7,700,BFGS,15396.701735077208
14,7,8,700,BFGS,16687.21411145507
14,7,9,700,BFGS,18968.623495507738
14,7,10,700,BFGS,12443.655117352815
14,7,11,700,BFGS,14006.701420539346
14,7,12,700,BFGS,20528.478699203806
14,7,13,700,BFGS,14486.17365733879
14,7,14,700,BFGS,16159.340612985348
14,7,15,700,BFGS,16815.792733781418
14,7,16,700,BFGS,15977.110625907717
14,7,17,700,BFGS,16336.768845115239
14,7,18,700,BFGS,13330.68407585782
14,7,19,700,BFGS,14913.007775860957
15,1,0,700,BFGS,568844.2513146431
15,1,1,700,BFGS,626803.5069415725
15,1,2,700,BFGS,545884.6736992
15,1,3,700,BFGS,645555.2131125894
15,1,4,700,BFGS,594789.6379798667
15,1,5,700,BFGS,604708.5528472494
15,1,6,700,BFGS,535478.7709777635
15,1,7,700,BFGS,604070.2448992337
15,1,8,700,BFGS,590877.0499602791
15,1,9,700,BFGS,640764.388648709
15,1,10,700,BFGS,608081.6668152965
15,1,11,700,BFGS,599753.5234972233
15,1,12,700,BFGS,599478.9843893894
15,1,13,700,BFGS,552457.490874657
15,1,14,700,BFGS,564932.3553729831
15,1,15,700,BFGS,558769.7836333106
15,1,16,700,BFGS,600381.376481646
15,1,17,700,BFGS,588455.8278358044
15,1,18,700,BFGS,573569.681291581
15,1,19,700,BFGS,586716.2487264808
15,2,0,700,BFGS,570218.2612600011
15,2,1,700,BFGS,630512.2799052618
15,2,2,700,BFGS,573377.7802386764
15,2,3,700,BFGS,571714.7927444166
15,2,4,700,BFGS,615043.4738840234
15,2,5,700,BFGS,585224.4251921566
15,2,6,700,BFGS,610176.5994567287
15,2,7,700,BFGS,533592.7101616149
15,2,8,700,BFGS,593359.0107971379
15,2,9,700,BFGS,580750.2760123664
15,2,10,700,BFGS,646973.8320697023
15,2,11,700,BFGS,576232.885614535
15,2,12,700,BFGS,608145.4533122457
15,2,13,700,BFGS,644648.0651069949
15,2,14,700,BFGS,575676.9186233729
15,2,15,700,BFGS,541533.6199032455
15,2,16,700,BFGS,611189.6132997574
15,2,17,700,BFGS,583869.9907839494
15,2,18,700,BFGS,585411.8825460399
15,2,19,700,BFGS,644492.0518578545
15,3,0,700,BFGS,628687.823736442
15,3,1,700,BFGS,503701.427664849
15,3,2,700,BFGS,568962.8148171918
15,3,3,700,BFGS,548126.0788325265
15,3,4,700,BFGS,593914.2618441419
15,3,5,700,BFGS,599390.6847394091
15,3,6,700,BFGS,509900.96832761646
15,3,7,700,BFGS,587143.0236602596
15,3,8,700,BFGS,477340.9278466548
15,3,9,700,BFGS,587258.6212821938
15,3,10,700,BFGS,551602.3597457535
15,3,11,700,BFGS,541220.8168682647
15,3,12,700,BFGS,565836.7737061235
15,3,13,700,BFGS,578578.8427792485
15,3,14,700,BFGS,533288.7425745169
15,3,15,700,BFGS,577344.9635456062
15,3,16,700,BFGS,625994.3673735864
15,3,17,700,BFGS,578942.8546733549
15,3,18,700,BFGS,562442.9377007702
15,3,19,700,BFGS,604405.5023479643
15,4,0,700,BFGS,593028.1270660944
15,4,1,700,BFGS,631956.4086275947
15,4,2,700,BFGS,629576.1782440365
15,4,3,700,BFGS,540059.2167408254
15,4,4,700,BFGS,566427.279230221
15,4,5,700,BFGS,550618.5185898391
15,4,6,700,BFGS,614902.243051126
15,4,7,700,BFGS,599059.5960418361
15,4,8,700,BFGS,600447.2017051296
15,4,9,700,BFGS,596472.2836503192
15,4,10,700,BFGS,618717.212213889
15,4,11,700,BFGS,589575.6485335452
15,4,12,700,BFGS,612036.7902165967
15,4,13,700,BFGS,513308.44424612354
15,4,14,700,BFGS,551256.8523199446
15,4,15,700,BFGS,597183.8792925755
15,4,16,700,BFGS,581662.6563392099
15,4,17,700,BFGS,567760.9973535307
15,4,18,700,BFGS,612582.4329147588
15,4,19,700,BFGS,648026.8284053397
15,5,0,700,BFGS,549267.447412802
15,5,1,700,BFGS,546798.1034287675
15,5,2,700,BFGS,578589.6413435915
15,5,3,700,BFGS,534681.7544895957
15,5,4,700,BFGS,570812.8109942335
15,5,5,700,BFGS,538461.8145519566
15,5,6,700,BFGS,567096.9479279452
15,5,7,700,BFGS,506532.0966856637
15,5,8,700,BFGS,529390.8321156737
15,5,9,700,BFGS,545779.4470000803
15,5,10,700,BFGS,596336.787231877
15,5,11,700,BFGS,560721.5752763125
15,5,12,700,BFGS,580127.4504837253
15,5,13,700,BFGS,560904.5247507736
15,5,14,700,BFGS,584889.0200578059
15,5,15,700,BFGS,562781.2186731836
15,5,16,700,BFGS,529573.5125957377
15,5,17,700,BFGS,558789.4615466072
15,5,18,700,BFGS,498027.613158258
15,5,19,700,BFGS,539058.759090113
15,6,0,700,BFGS,576852.7489327309
15,6,1,700,BFGS,585394.1660440683
15,6,2,700,BFGS,624241.770237295
15,6,3,700,BFGS,665078.9212802763
15,6,4,700,BFGS,599807.4266221009
15,6,5,700,BFGS,546504.7633624033
15,6,6,700,BFGS,582022.1019585251
15,6,7,700,BFGS,596167.9432354192
15,6,8,700,BFGS,604308.6024993595
15,6,9,700,BFGS,655350.9637098194
15,6,10,700,BFGS,585089.4398729242
15,6,11,700,BFGS,657532.5257180859
15,6,12,700,BFGS,608304.40538385
15,6,13,700,BFGS,643540.0374002282
15,6,14,700,BFGS,662147.6662828496
15,6,15,700,BFGS,584500.8105567321
15,6,16,700,BFGS,618648.4168198502
15,6,17,700,BFGS,599265.4459615888
15,6,18,700,BFGS,563015.1533827165
15,6,19,700,BFGS,632896.3381417629
15,7,0,700,BFGS,618386.2806822774
15,7,1,700,BFGS,613653.8074341862
15,7,2,700,BFGS,589716.9807587005
15,7,3,700,BFGS,580990.012215633
15,7,4,700,BFGS,584042.4973854492
15,7,5,700,BFGS,600725.9714180939
15,7,6,700,BFGS,556167.7797690274
15,7,7,700,BFGS,679094.0921943188
15,7,8,700,BFGS,576251.898401161
15,7,9,700,BFGS,614642.0536353725
15,7,10,700,BFGS,542935.6475434406
15,7,11,700,BFGS,587731.4158213944
15,7,12,700,BFGS,508735.59675740177
15,7,13,700,BFGS,605660.3415496047
15,7,14,700,BFGS,597647.9308581811
15,7,15,700,BFGS,563979.1410521909
15,7,16,700,BFGS,548558.5328535447
15,7,17,700,BFGS,599764.4274481393
15,7,18,700,BFGS,565073.0419651449
15,7,19,700,BFGS,535232.6432039004
16,1,0,700,BFGS,41170.44637868606
16,1,1,700,BFGS,42754.85274233971
16,1,2,700,BFGS,40740.83034131893
16,1,3,700,BFGS,44018.721771246775
16,1,4,700,BFGS,35117.30954231691
16,1,5,700,BFGS,41285.7109808987
16,1,6,700,BFGS,39891.878929529186
16,1,7,700,BFGS,45487.6294922309
16,1,8,700,BFGS,44168.28925240871
16,1,9,700,BFGS,42007.902690576695
16,1,10,700,BFGS,33379.63181831782
16,1,11,700,BFGS,41899.84737265493
16,1,12,700,BFGS,40939.865397484595
16,1,13,700,BFGS,41222.63306641353
16,1,14,700,BFGS,44414.37009964093
16,1,15,700,BFGS,45681.35312432868
16,1,16,700,BFGS,44770.7173435187
16,1,17,700,BFGS,45748.76328098319
16,1,18,700,BFGS,43442.7148949873
16,1,19,700,BFGS,40666.94011789811
16,2,0,700,BFGS,47458.52117153388
16,2,1,700,BFGS,43434.8999447531
16,2,2,700,BFGS,38324.36623773471
16,2,3,700,BFGS,43549.68240534433
16,2,4,700,BFGS,40611.68314020187
16,2,5,700,BFGS,45306.958078396
16,2,6,700,BFGS,38977.54139103142
16,2,7,700,BFGS,41375.435997721375
16,2,8,700,BFGS,40770.64460540841
16,2,9,700,BFGS,41554.06416877842
16,2,10,700,BFGS,42102.814518343905
16,2,11,700,BFGS,44402.73586417422
16,2,12,700,BFGS,43486.82550647968
16,2,13,700,BFGS,41334.698298468575
16,2,14,700,BFGS,42728.95249109278
16,2,15,700,BFGS,41645.89242337579
16,2,16,700,BFGS,40882.735659391954
16,2,17,700,BFGS,41168.8271739228
16,2,18,700,BFGS,40635.353295513356
16,2,19,700,BFGS,42830.03555919807
16,3,0,700,BFGS,47081.42853019983
16,3,1,700,BFGS,41328.67664623349
16,3,2,700,BFGS,37264.9152465925
16,3,3,700,BFGS,45852.273591630335
16,3,4,700,BFGS,39621.765769650985
16,3,5,700,BFGS,42052.63082175494
16,3,6,700,BFGS,39225.796281910545
16,3,7,700,BFGS,41829.4355280103
16,3,8,700,BFGS,38285.118961701955
16,3,9,700,BFGS,40717.88867161611
16,3,10,700,BFGS,45756.8106245198
16,3,11,700,BFGS,40549.06124047861
16,3,12,700,BFGS,41145.53918488031
16,3,13,700,BFGS,45106.681261111094
16,3,14,700,BFGS,38669.87244035282
16,3,15,700,BFGS,44150.94339643708
16,3,16,700,BFGS,45021.033999889405
16,3,17,700,BFGS,45818.57153896011
16,3,18,700,BFGS,43271.82518613475
16,3,19,700,BFGS,41724.605275539296
16,4,0,700,BFGS,42208.4589734554
16,4,1,700,BFGS,39203.969561562415
16,4,2,700,BFGS,47138.76187286935
16,4,3,700,BFGS,42015.62865849633
16,4,4,700,BFGS,44740.63450946503
16,4,5,700,BFGS,44739.04512378741
16,4,6,700,BFGS,43072.16577583897
16,4,7,700,BFGS,35291.34687949596
16,4,8,700,BFGS,33187.826342811764
16,4,9,700,BFGS,38611.68613269471
16,4,10,700,BFGS,43490.88140676476
16,4,11,700,BFGS,40908.97080298116
16,4,12,700,BFGS,43571.105275674534
16,4,13,700,BFGS,45120.01224069296
16,4,14,700,BFGS,38343.13423890997
16,4,15,700,BFGS,45664.03888403567
16,4,16,700,BFGS,41640.95137630782
16,4,17,700,BFGS,44792.26061560515
16,4,18,700,BFGS,43841.75300057697
16,4,19,700,BFGS,42603.39110221721
16,5,0,700,BFGS,42516.971753953476
16,5,1,700,BFGS,34633.690658181
16,5,2,700,BFGS,45640.47864436744
16,5,3,700,BFGS,39009.938802505014
16,5,4,700,BFGS,37372.023717346485
16,5,5,700,BFGS,44663.713712060824
16,5,6,700,BFGS,36472.36492987591
16,5,7,700,BFGS,45587.55356622959
16,5,8,700,BFGS,45690.813720606864
16,5,9,700,BFGS,43407.48560261543
16,5,10,700,BFGS,34559.23141840362
16,5,11,700,BFGS,41806.43680354355
16,5,12,700,BFGS,43692.06747016071
16,5,13,700,BFGS,43364.26694544358
16,5,14,700,BFGS,46871.72198887331
16,5,15,700,BFGS,41521.849688355236
16,5,16,700,BFGS,38933.44093302307
16,5,17,700,BFGS,38680.73781532176
16,5,18,700,BFGS,46648.13340989985
16,5,19,700,BFGS,45553.64066862377
16,6,0,700,BFGS,41718.50852238826
16,6,1,700,BFGS,38319.99824866837
16,6,2,700,BFGS,40315.4855909013
16,6,3,700,BFGS,40855.376954968
16,6,4,700,BFGS,38880.240446878
16,6,5,700,BFGS,37199.15324173523
16,6,6,700,BFGS,44048.37493460898
16,6,7,700,BFGS,37790.50163404287
16,6,8,700,BFGS,42599.71918165043
16,6,9,700,BFGS,36392.85537713389
16,6,10,700,BFGS,42476.37360017467
16,6,11,700,BFGS,43876.529339897
16,6,12,700,BFGS,42317.04361990289
16,6,13,700,BFGS,47542.30306251742
16,6,14,700,BFGS,44120.544485001345
16,6,15,700,BFGS,40286.208239046886
16,6,16,700,BFGS,42170.80590339626
16,6,17,700,BFGS,41316.12346136129
16,6,18,700,BFGS,40534.59647244422
16,6,19,700,BFGS,43698.85502310902
16,7,0,700,BFGS,42527.16700534598
16,7,1,700,BFGS,35934.94343721434
16,7,2,700,BFGS,43342.015490015736
16,7,3,700,BFGS,47648.983906101435
16,7,4,700,BFGS,39252.01200451526
16,7,5,700,BFGS,45069.75173279863
16,7,6,700,BFGS,43157.29814646923
16,7,7,700,BFGS,43614.85684817586
16,7,8,700,BFGS,42596.52944062842
16,7,9,700,BFGS,46704.793486594164
16,7,10,700,BFGS,41519.715610207015
16,7,11,700,BFGS,39171.262016323446
16,7,12,700,BFGS,45227.41780965976
16,7,13,700,BFGS,43264.59790666269
16,7,14,700,BFGS,40353.91129763609
16,7,15,700,BFGS,38044.43999358381
16,7,16,700,BFGS,41741.92531515575
16,7,17,700,BFGS,44132.66410154575
16,7,18,700,BFGS,44681.64320520352
16,7,19,700,BFGS,45079.18588693465
17,1,0,700,BFGS,6721.612456825734
17,1,1,700,BFGS,5597.641761209371
17,1,2,700,BFGS,6339.650569728573
17,1,3,700,BFGS,6379.348883240658
17,1,4,700,BFGS,5464.583899983687
17,1,5,700,BFGS,7806.655639571288
17,1,6,700,BFGS,5434.463278319139
17,1,7,700,BFGS,5267.615735823585
17,1,8,700,BFGS,6362.111602265017
17,1,9,700,BFGS,5799.066700991279
17,1,10,700,BFGS,5718.329266223663
17,1,11,700,BFGS,5705.872336565565
17,1,12,700,BFGS,6637.489101080078
17,1,13,700,BFGS,5373.8689396451155
17,1,14,700,BFGS,6775.193952732868
17,1,15,700,BFGS,5366.5489592810045
17,1,16,700,BFGS,6528.752774078927
17,1,17,700,BFGS,5777.037424951685
17,1,18,700,BFGS,6160.0768890213
17,1,19,700,BFGS,6406.013837569484
17,2,0,700,BFGS,6008.982540701958
17,2,1,700,BFGS,6565.410848355719
17,2,2,700,BFGS,7014.098070712188
17,2,3,700,BFGS,7546.039942878173
17,2,4,700,BFGS,6127.193621438324
17,2,5,700,BFGS,6613.357625852314
17,2,6,700,BFGS,6796.258836626558
17,2,7,700,BFGS,6793.114117993784
17,2,8,700,BFGS,6784.718813217722
17,2,9,700,BFGS,5470.517092424894
17,2,10,700,BFGS,5843.637578260959
17,2,11,700,BFGS,6845.654259823865
17,2,12,700,BFGS,6218.852830464902
17,2,13,700,BFGS,6513.589042865055
17,2,14,700,BFGS,5555.54756005048
17,2,15,700,BFGS,6702.693546101936
17,2,16,700,BFGS,5975.325211259806
17,2,17,700,BFGS,7000.143525517909
17,2,18,700,BFGS,6547.259634323695
17,2,19,700,BFGS,6321.695001294174
17,3,0,700,BFGS,5556.952027160993
17,3,1,700,BFGS,6574.20216803483
17,3,2,700,BFGS,6913.312691307319
17,3,3,700,BFGS,6756.699052347757
17,3,4,700,BFGS,6688.359069683102
17,3,5,700,BFGS,5677.304625711285
17,3,6,700,BFGS,6587.602329611711
17,3,7,700,BFGS,7314.057381998745
17,3,8,700,BFGS,6468.265866694976
17,3,9,700,BFGS,7923.940384572218
17,3,10,700,BFGS,6323.15276965098
17,3,11,700,BFGS,6875.990565728349
17,3,12,700,BFGS,5924.218396498853
17,3,13,700,BFGS,7334.882371527012
17,3,14,700,BFGS,7093.193299922641
17,3,15,700,BFGS,8093.174331171112
17,3,16,700,BFGS,9234.562568817757
17,3,17,700,BFGS,6755.9696425708435
17,3,18,700,BFGS,6739.770963197141
17,3,19,700,BFGS,7055.712940621028
17,4,0,700,BFGS,7164.879707764008
17,4,1,700,BFGS,6372.205199517777
17,4,2,700,BFGS,5897.886684736435
17,4,3,700,BFGS,6475.149504737058
17,4,4,700,BFGS,5449.003130451911
17,4,5,700,BFGS,6094.370966076979
17,4,6,700,BFGS,4809.207215169888
17,4,7,700,BFGS,5969.330957782529
17,4,8,700,BFGS,6201.540050984157
17,4,9,700,BFGS,5716.575337839073
17,4,10,700,BFGS,5076.266143570951
17,4,11,700,BFGS,6830.260849832516
17,4,12,700,BFGS,5998.387166499869
17,4,13,700,BFGS,6962.999573423632
17,4,14,700,BFGS,6767.696332727233
17,4,15,700,BFGS,6962.417535781064
17,4,16,700,BFGS,5861.1015632093595
17,4,17,700,BFGS,6980.383879318671
17,4,18,700,BFGS,4909.973071975347
17,4,19,700,BFGS,6761.2517714298665
17,5,0,700,BFGS,6513.060822817166
17,5,1,700,BFGS,6470.743527328069
17,5,2,700,BFGS,5756.7360606863385
17,5,3,700,BFGS,7390.463099006129
17,5,4,700,BFGS,6092.404755817284
17,5,5,700,BFGS,6347.6783017124535
17,5,6,700,BFGS,6523.611024697597
17,5,7,700,BFGS,7006.142137994692
17,5,8,700,BFGS,5879.877004159675
17,5,9,700,BFGS,6964.835593546646
17,5,10,700,BFGS,6023.134901791992
17,5,11,700,BFGS,5973.6521692324
17,5,12,700,BFGS,5725.299064264029
17,5,13,700,BFGS,6816.110341707924
17,5,14,700,BFGS,7033.530675803839
17,5,15,700,BFGS,7359.878366881712
17,5,16,700,BFGS,7546.637538715463
17,5,17,700,BFGS,6944.888206681308
17,5,18,700,BFGS,6271.547030255025
17,5,19,700,BFGS,6733.290787635031
17,6,0,700,BFGS,5828.171199136951
17,6,1,700,BFGS,5017.622246073776
17,6,2,700,BFGS,6801.605180117479
17,6,3,700,BFGS,6607.039064260001
17,6,4,700,BFGS,5937.798507203354
17,6,5,700,BFGS,7181.356207731149
17,6,6,700,BFGS,5787.057764099605
17,6,7,700,BFGS,6034.3710754500735
17,6,8,700,BFGS,5962.134475259238
17,6,9,700,BFGS,6776.129792741447
17,6,10,700,BFGS,6858.17539824113
17,6,11,700,BFGS,5928.7337827630145
17,6,12,700,BFGS,6452.157955528897
17,6,13,700,BFGS,6198.766415037144
17,6,14,700,BFGS,6947.784702382218
17,6,15,700,BFGS,6788.96280817739
17,6,16,700,BFGS,6435.174730812618
17,6,17,700,BFGS,6195.316169166144
17,6,18,700,BFGS,6486.469287205388
17,6,19,700,BFGS,6329.785202919088
17,7,0,700,BFGS,5213.5146685961645
17,7,1,700,BFGS,5677.498113435793
17,7,2,700,BFGS,6564.615821842659
17,7,3,700,BFGS,7456.602655733708
17,7,4,700,BFGS,6501.41157273237
17,7,5,700,BFGS,6277.1307828512145
17,7,6,700,BFGS,5841.507174539762
17,7,7,700,BFGS,6183.627585455336
17,7,8,700,BFGS,6225.400655871294
17,7,9,700,BFGS,7038.706269161011
17,7,10,700,BFGS,5412.8879434867185
17,7,11,700,BFGS,6185.352643872664
17,7,12,700,BFGS,5812.933831101157
17,7,13,700,BFGS,5451.264802780888
17,7,14,700,BFGS,5044.501429461165
17,7,15,700,BFGS,5330.793062876758
17,7,16,700,BFGS,5356.203444422235
17,7,17,700,BFGS,7230.539737835457
17,7,18,700,BFGS,5849.532009011055
17,7,19,700,BFGS,5781.365533579154
18,1,0,700,BFGS,20522.395255120617
18,1,1,700,BFGS,29270.57150892723
18,1,2,700,BFGS,22406.39660523597
18,1,3,700,BFGS,23273.531966302333
18,1,4,700,BFGS,23968.518326467227
18,1,5,700,BFGS,25807.70487816084
18,1,6,700,BFGS,23252.731202834824
18,1,7,700,BFGS,22152.22115189008
18,1,8,700,BFGS,22565.6386385306
18,1,9,700,BFGS,24504.34784082031
18,1,10,700,BFGS,23792.564208025906
18,1,11,700,BFGS,25285.236153403523
18,1,12,700,BFGS,22641.71298074568
18,1,13,700,BFGS,24341.477036583892
18,1,14,700,BFGS,26402.10639604942
18,1,15,700,BFGS,18555.239277272893
18,1,16,700,BFGS,22184.884595858333
18,1,17,700,BFGS,20218.898692179937
18,1,18,700,BFGS,24127.201536584274
18,1,19,700,BFGS,27083.418884064282
18,2,0,700,BFGS,26681.614066283924
18,2,1,700,BFGS,24576.169030027653
18,2,2,700,BFGS,24248.520569286367
18,2,3,700,BFGS,23409.637960308235
18,2,4,700,BFGS,26139.6963266156
18,2,5,700,BFGS,23127.530325234075
18,2,6,700,BFGS,22425.09576278396
18,2,7,700,BFGS,27109.63885506136
18,2,8,700,BFGS,21941.184207630307
18,2,9,700,BFGS,24177.85706199438
18,2,10,700,BFGS,23579.64383409451
18,2,11,700,BFGS,23774.625924337954
18,2,12,700,BFGS,25263.068686962593
18,2,13,700,BFGS,24764.37783112727
18,2,14,700,BFGS,23633.86524866123
18,2,15,700,BFGS,24127.85549118789
18,2,16,700,BFGS,24906.336980512184
18,2,17,700,BFGS,26333.027961149324
18,2,18,700,BFGS,25486.81846578335
18,2,19,700,BFGS,26056.972805255733
18,3,0,700,BFGS,29678.458998474263
18,3,1,700,BFGS,25540.92153881891
18,3,2,700,BFGS,29188.296370970602
18,3,3,700,BFGS,25511.932225572513
18,3,4,700,BFGS,23873.75289931745
18,3,5,700,BFGS,23900.106706868868
18,3,6,700,BFGS,26165.27734878622
18,3,7,700,BFGS,21921.642347608937
18,3,8,700,BFGS,30466.335778243105
18,3,9,700,BFGS,26418.57447925962
18,3,10,700,BFGS,25225.112920569176
18,3,11,700,BFGS,30586.966973764906
18,3,12,700,BFGS,27241.114547799934
18,3,13,700,BFGS,22575.563698564718
18,3,14,700,BFGS,24301.796251258256
18,3,15,700,BFGS,29985.990022362937
18,3,16,700,BFGS,26720.715624666478
18,3,17,700,BFGS,23994.08265171185
18,3,18,700,BFGS,25951.16132611535
18,3,19,700,BFGS,27535.87254630299
18,4,0,700,BFGS,24120.314651697034
18,4,1,700,BFGS,20034.087793790706
18,4,2,700,BFGS,21060.52256717802
18,4,3,700,BFGS,32344.08043067015
18,4,4,700,BFGS,20231.79519548918
18,4,5,700,BFGS,23606.32496691132
18,4,6,700,BFGS,27054.7505755577
18,4,7,700,BFGS,23940.781664287566
18,4,8,700,BFGS,21788.242193397273
18,4,9,700,BFGS,21609.726735241908
18,4,10,700,BFGS,20033.74902067509
18,4,11,700,BFGS,23946.788519139354
18,4,12,700,BFGS,20731.468978911173
18,4,13,700,BFGS,25205.053048722468
18,4,14,700,BFGS,24620.58205094296
18,4,15,700,BFGS,24397.406371605004
18,4,16,700,BFGS,23701.139888521793
18,4,17,700,BFGS,23756.63627311247
18,4,18,700,BFGS,22651.54638411881
18,4,19,700,BFGS,25536.383697257235
18,5,0,700,BFGS,25764.172722873544
18,5,1,700,BFGS,21739.855485576438
18,5,2,700,BFGS,27371.174790219316
18,5,3,700,BFGS,28582.33368873071
18,5,4,700,BFGS,22689.286943001644
18,5,5,700,BFGS,30279.000613929034
18,5,6,700,BFGS,24972.574874312635
18,5,7,700,BFGS,26182.192163433196
18,5,8,700,BFGS,29290.16498905437
18,5,9,700,BFGS,27140.283041396287
18,5,10,700,BFGS,25822.327287641667
18,5,11,700,BFGS,24728.348411958552
18,5,12,700,BFGS,23846.59811148585
18,5,13,700,BFGS,26117.3566157821
18,5,14,700,BFGS,23539.423529854703
18,5,15,700,BFGS,24031.726147100075
18,5,16,700,BFGS,28641.119706089674
18,5,17,700,BFGS,24575.80059570355
18,5,18,700,BFGS,21845.99229127749
18,5,19,700,BFGS,25152.604377924115
18,6,0,700,BFGS,27785.868331983515
18,6,1,700,BFGS,21223.1195514434
18,6,2,700,BFGS,28721.192046868975
18,6,3,700,BFGS,26670.809668496935
18,6,4,700,BFGS,25789.39596211633
18,6,5,700,BFGS,24021.497562018216
18,6,6,700,BFGS,18162.45908632342
18,6,7,700,BFGS,22926.76188602166
18,6,8,700,BFGS,23793.581438777845
18,6,9,700,BFGS,25928.80496290401
18,6,10,700,BFGS,26923.397424584153
18,6,11,700,BFGS,24590.036063876025
18,6,12,700,BFGS,24794.249951354726
18,6,13,700,BFGS,23775.688831419844
18,6,14,700,BFGS,24972.695255119583
18,6,15,700,BFGS,28093.60892156088
18,6,16,700,BFGS,25945.599015060114
18,6,17,700,BFGS,24186.86344754666
18,6,18,700,BFGS,21973.07937641284
18,6,19,700,BFGS,21201.711993508048
18,7,0,700,BFGS,19384.129416911008
18,7,1,700,BFGS,25936.334088791726
18,7,2,700,BFGS,25401.776888318036
18,7,3,700,BFGS,24995.315271571024
18,7,4,700,BFGS,23505.389901102306
18,7,5,700,BFGS,29164.523037906587
18,7,6,700,BFGS,25340.084648340417
18,7,7,700,BFGS,25245.439597109966
18,7,8,700,BFGS,29222.611892549103
18,7,9,700,BFGS,25681.767829132554
18,7,10,700,BFGS,23854.094628251343
18,7,11,700,BFGS,23825.62025186621
18,7,12,700,BFGS,22674.875215023785
18,7,13,700,BFGS,25729.626308105653
18,7,14,700,BFGS,25809.289852287264
18,7,15,700,BFGS,22736.191023562023
18,7,16,700,BFGS,24379.967596985596
18,7,17,700,BFGS,22951.118675625694
18,7,18,700,BFGS,21185.436725224925
18,7,19,700,BFGS,23498.34680015204
19,1,0,700,BFGS,9444.340894046105
19,1,1,700,BFGS,8908.97992821434
19,1,2,700,BFGS,9622.91137058733
19,1,3,700,BFGS,8301.008966566378
19,1,4,700,BFGS,9208.620856511223
19,1,5,700,BFGS,9259.775293183911
19,1,6,700,BFGS,8929.073712352614
19,1,7,700,BFGS,9392.90566354443
19,1,8,700,BFGS,9356.321058780677
19,1,9,700,BFGS,8574.393851205845
19,1,10,700,BFGS,9020.9058492375
19,1,11,700,BFGS,9286.018725696817
19,1,12,700,BFGS,9109.504152893376
19,1,13,700,BFGS,8759.449464488353
19,1,14,700,BFGS,9519.80332740002
19,1,15,700,BFGS,8882.765715004629
19,1,16,700,BFGS,8819.106418102554
19,1,17,700,BFGS,9228.357007460094
19,1,18,700,BFGS,9700.949731094555
19,1,19,700,BFGS,8766.862672444531
19,2,0,700,BFGS,9428.498152327818
19,2,1,700,BFGS,9011.967456344186
19,2,2,700,BFGS,9424.732605203466
19,2,3,700,BFGS,9414.221435648917
19,2,4,700,BFGS,9241.43871770465
19,2,5,700,BFGS,9838.920352638983
19,2,6,700,BFGS,9751.908561190776
19,2,7,700,BFGS,9577.640448750924
19,2,8,700,BFGS,9953.215439576936
19,2,9,700,BFGS,9091.79279775768
19,2,10,700,BFGS,9535.487063627514
19,2,11,700,BFGS,9936.699423184145
19,2,12,700,BFGS,9429.236646385865
19,2,13,700,BFGS,9433.879727948064
19,2,14,700,BFGS,9492.009931291715
19,2,15,700,BFGS,9222.619416022417
19,2,16,700,BFGS,8986.706521349319
19,2,17,700,BFGS,9552.241936916937
19,2,18,700,BFGS,9545.997100148841
19,2,19,700,BFGS,8950.221688379903
19,3,0,700,BFGS,9345.283366246029
19,3,1,700,BFGS,9496.007026985517
19,3,2,700,BFGS,8772.36860614657
19,3,3,700,BFGS,9229.51167243184
19,3,4,700,BFGS,8570.399943851891
19,3,5,700,BFGS,9425.555145935366
19,3,6,700,BFGS,9013.330769952332
19,3,7,700,BFGS,9076.139343486164
19,3,8,700,BFGS,8672.81191746811
19,3,9,700,BFGS,9245.306534788275
19,3,10,700,BFGS,9376.176883026259
19,3,11,700,BFGS,9363.275848484984
19,3,12,700,BFGS,9052.545686241554
19,3,13,700,BFGS,9031.598613332433
19,3,14,700,BFGS,9559.081091887045
19,3,15,700,BFGS,8868.414890780266
19,3,16,700,BFGS,9329.090108650853
19,3,17,700,BFGS,9156.610598545758
19,3,18,700,BFGS,9428.051765974842
19,3,19,700,BFGS,8774.294210674652
19,4,0,700,BFGS,9375.582544305693
19,4,1,700,BFGS,9039.457372386327
19,4,2,700,BFGS,10245.940047174523
19,4,3,700,BFGS,9545.603102368214
19,4,4,700,BFGS,8790.751761739295
19,4,5,700,BFGS,8648.424771953934
19,4,6,700,BFGS,8943.34030132967
19,4,7,700,BFGS,9133.71959453409
19,4,8,700,BFGS,9560.738621587854
19,4,9,700,BFGS,9290.87736823651
19,4,10,700,BFGS,9186.22520892859
19,4,11,700,BFGS,9789.258573253428
19,4,12,700,BFGS,9073.74436811599
19,4,13,700,BFGS,9037.701764259207
19,4,14,700,BFGS,9301.322222701627
19,4,15,700,BFGS,9223.074184366125
19,4,16,700,BFGS,9658.256850248967
19,4,17,700,BFGS,8635.580038430275
19,4,18,700,BFGS,9088.822227558725
19,4,19,700,BFGS,8780.15093687432
19,5,0,700,BFGS,8865.746520532297
19,5,1,700,BFGS,9123.615781186794
19,5,2,700,BFGS,8313.025842064962
19,5,3,700,BFGS,8744.429317814715
19,5,4,700,BFGS,9070.100017247727
19,5,5,700,BFGS,8133.127603507156
19,5,6,700,BFGS,9054.94896970855
19,5,7,700,BFGS,9740.392707425593
19,5,8,700,BFGS,9388.474550024952
19,5,9,700,BFGS,8949.707674987661
19,5,10,700,BFGS,9148.624007057997
19,5,11,700,BFGS,9482.720463742164
19,5,12,700,BFGS,9450.041590047089
19,5,13,700,BFGS,9483.73276004663
19,5,14,700,BFGS,9439.86442455729
19,5,15,700,BFGS,9689.023929522107
19,5,16,700,BFGS,9218.498762655701
19,5,17,700,BFGS,8968.222660186617
19,5,18,700,BFGS,9743.01137854392
19,5,19,700,BFGS,9563.067156467192
19,6,0,700,BFGS,9142.297881600625
19,6,1,700,BFGS,8225.005719230703
19,6,2,700,BFGS,9041.56257569898
19,6,3,700,BFGS,9551.007043866502
19,6,4,700,BFGS,9195.778788473914
19,6,5,700,BFGS,8951.711312238785
19,6,6,700,BFGS,9804.212689186137
19,6,7,700,BFGS,9485.17715355103
19,6,8,700,BFGS,9691.569174398848
19,6,9,700,BFGS,9158.402858336913
19,6,10,700,BFGS,9058.37384844618
19,6,11,700,BFGS,8885.412505448972
19,6,12,700,BFGS,9751.01932008207
19,6,13,700,BFGS,8809.127700467881
19,6,14,700,BFGS,9688.469171264163
19,6,15,700,BFGS,9726.051618953537
19,6,16,700,BFGS,8318.50678509465
19,6,17,700,BFGS,9307.765569452824
19,6,18,700,BFGS,9504.505452885476
19,6,19,700,BFGS,9243.808148500922
19,7,0,700,BFGS,8768.692244122041
19,7,1,700,BFGS,9360.433290948315
19,7,2,700,BFGS,9233.363073805998
19,7,3,700,BFGS,9220.53634456707
19,7,4,700,BFGS,9198.903892653405
19,7,5,700,BFGS,8451.209535047943
19,7,6,700,BFGS,8923.484543707184
19,7,7,700,BFGS,9240.669881348456
19,7,8,700,BFGS,9065.707148310616
19,7,9,700,BFGS,9642.226316393306
19,7,10,700,BFGS,9808.750512032622
19,7,11,700,BFGS,8888.288523332987
19,7,12,700,BFGS,9560.520788582122
19,7,13,700,BFGS,9308.014485571206
19,7,14,700,BFGS,9895.377580978304
19,7,15,700,BFGS,9235.282956890063
19,7,16,700,BFGS,9168.527249054907
19,7,17,700,BFGS,8805.255135145693
19,7,18,700,BFGS,9509.416406333512
19,7,19,700,BFGS,9940.179670100217
20,1,0,700,BFGS,13881044.913315823
20,1,1,700,BFGS,12194032.284090294
20,1,2,700,BFGS,9510387.537966557
20,1,3,700,BFGS,10273948.318256734
20,1,4,700,BFGS,10444334.844802316
20,1,5,700,BFGS,7617533.864707699
20,1,6,700,BFGS,8381055.292212452
20,1,7,700,BFGS,8457312.634507416
20,1,8,700,BFGS,9263938.159781203
20,1,9,700,BFGS,7624761.646086048
20,1,10,700,BFGS,10900667.516857013
20,1,11,700,BFGS,8653680.078637997
20,1,12,700,BFGS,10246509.15060044
20,1,13,700,BFGS,10834701.397896402
20,1,14,700,BFGS,11741337.967447035
20,1,15,700,BFGS,16819054.897274476
20,1,16,700,BFGS,8393182.919178063
20,1,17,700,BFGS,7136816.605112691
20,1,18,700,BFGS,10262134.254761027
20,1,19,700,BFGS,11480499.153019536
20,2,0,700,BFGS,6041034.280435467
20,2,1,700,BFGS,12156801.2086164
20,2,2,700,BFGS,8718394.139692107
20,2,3,700,BFGS,8290821.345072984
20,2,4,700,BFGS,9504145.256288525
20,2,5,700,BFGS,11310262.234072454
20,2,6,700,BFGS,9822124.903839044
20,2,7,700,BFGS,7551474.442484342
20,2,8,700,BFGS,8201625.131065472
20,2,9,700,BFGS,7908737.757024821
20,2,10,700,BFGS,6270670.102842282
20,2,11,700,BFGS,10529344.69650745
20,2,12,700,BFGS,8229085.95119853
20,2,13,700,BFGS,7512476.740418997
20,2,14,700,BFGS,13301538.890456904
20,2,15,700,BFGS,9138396.76416818
20,2,16,700,BFGS,8220943.779532257
20,2,17,700,BFGS,9217064.196636828
20,2,18,700,BFGS,8603094.272605436
20,2,19,700,BFGS,9862162.627153981
20,3,0,700,BFGS,9097036.949660406
20,3,1,700,BFGS,8694863.893862119
20,3,2,700,BFGS,9209608.013183236
20,3,3,700,BFGS,6989794.512716057
20,3,4,700,BFGS,11917558.307607127
20,3,5,700,BFGS,7741871.598532718
20,3,6,700,BFGS,10547845.268266952
20,3,7,700,BFGS,12112684.003714088
20,3,8,700,BFGS,10131180.41774577
20,3,9,700,BFGS,9606258.620222835
20,3,10,700,BFGS,13718428.745961396
20,3,11,700,BFGS,9145466.868547587
20,3,12,700,BFGS,14705163.657346183
20,3,13,700,BFGS,4684221.905740302
20,3,14,700,BFGS,10016554.618724734
20,3,15,700,BFGS,8089266.68472103
20,3,16,700,BFGS,9902424.302013354
20,3,17,700,BFGS,8744443.6786146
20,3,18,700,BFGS,12095321.917257467
20,3,19,700,BFGS,8388779.404693922
20,4,0,700,BFGS,10117573.624068491
20,4,1,700,BFGS,6854929.564063126
20,4,2,700,BFGS,11246460.057819955
20,4,3,700,BFGS,10923470.787039287
20,4,4,700,BFGS,7038499.771779477
20,4,5,700,BFGS,8622685.007281177
20,4,6,700,BFGS,6710229.634433924
20,4,7,700,BFGS,10814345.058854884
20,4,8,700,BFGS,9512276.567858497
20,4,9,700,BFGS,8352219.945987365
20,4,10,700,BFGS,8350411.666112948
20,4,11,700,BFGS,10677490.443417268
20,4,12,700,BFGS,8319393.167451489
20,4,13,700,BFGS,9529748.597663982
20,4,14,700,BFGS,11046110.181779824
20,4,15,700,BFGS,10277133.895095821
20,4,16,700,BFGS,9305195.17602661
20,4,17,700,BFGS,11081268.117235532
20,4,18,700,BFGS,12288443.000439558
20,4,19,700,BFGS,9510937.769842345
20,5,0,700,BFGS,11326915.020301409
20,5,1,700,BFGS,9624447.37963223
20,5,2,700,BFGS,8696961.77063805
20,5,3,700,BFGS,14713267.591670843
20,5,4,700,BFGS,8446070.928053418
20,5,5,700,BFGS,11038154.138615064
20,5,6,700,BFGS,7063494.967496964
20,5,7,700,BFGS,8073121.289769112
20,5,8,700,BFGS,8674541.468707424
20,5,9,700,BFGS,10974298.921587279
20,5,10,700,BFGS,6035003.17138824
20,5,11,700,BFGS,10893749.021736203
20,5,12,700,BFGS,10198683.418984128
20,5,13,700,BFGS,8572579.119100336
20,5,14,700,BFGS,6732904.703880453
20,5,15,700,BFGS,11498035.529356524
20,5,16,700,BFGS,6281666.25839606
20,5,17,700,BFGS,12630220.113215286
20,5,18,700,BFGS,10999379.19394354
20,5,19,700,BFGS,7335145.143528013
20,6,0,700,BFGS,10569976.954824656
20,6,1,700,BFGS,13461348.60215061
20,6,2,700,BFGS,9597020.434272315
20,6,3,700,BFGS,8910057.788745504
20,6,4,700,BFGS,8082145.714244712
20,6,5,700,BFGS,9903826.75041552
20,6,6,700,BFGS,7415480.075631375
20,6,7,700,BFGS,7457753.110977837
20,6,8,700,BFGS,8095367.210510864
20,6,9,700,BFGS,7881476.276028136
20,6,10,700,BFGS,11483502.635077111
20,6,11,700,BFGS,8835933.869181108
20,6,12,700,BFGS,9723196.2016721
20,6,13,700,BFGS,7769010.422367349
20,6,14,700,BFGS,9982665.146319065
20,6,15,700,BFGS,9968935.264930602
20,6,16,700,BFGS,7755577.248655019
20,6,17,700,BFGS,10937960.186836645
20,6,18,700,BFGS,8977295.402173823
20,6,19,700,BFGS,6013421.66975725
20,7,0,700,BFGS,8657348.270998757
20,7,1,700,BFGS,10353840.454784786
20,7,2,700,BFGS,7309221.7081788005
20,7,3,700,BFGS,8082603.684704372
20,7,4,700,BFGS,7118468.993944449
20,7,5,700,BFGS,8632028.004771257
20,7,6,700,BFGS,7235439.633985192
20,7,7,700,BFGS,11936796.708529163
20,7,8,700,BFGS,8043852.859052599
20,7,9,700,BFGS,9352255.286308607
20,7,10,700,BFGS,6803989.251760836
20,7,11,700,BFGS,7890106.459280404
20,7,12,700,BFGS,13217621.189944029
20,7,13,700,BFGS,9986407.642958766
20,7,14,700,BFGS,9639364.12917387
20,7,15,700,BFGS,7684985.568787109
20,7,16,700,BFGS,8721724.319917692
20,7,17,700,BFGS,11761542.934510382
20,7,18,700,BFGS,9000793.143136386
20,7,19,700,BFGS,7215344.671484442
21,1,0,700,BFGS,29073.397470011816
21,1,1,700,BFGS,38135.97777934684
21,1,2,700,BFGS,27784.569970710047
21,1,3,700,BFGS,27043.322596236747
21,1,4,700,BFGS,31696.072645643282
21,1,5,700,BFGS,30199.872743072203
21,1,6,700,BFGS,32507.729573995282
21,1,7,700,BFGS,33885.0814526187
21,1,8,700,BFGS,31538.84454847491
21,1,9,700,BFGS,28294.1376575183
21,1,10,700,BFGS,31763.95470884488
21,1,11,700,BFGS,28976.854233704613
21,1,12,700,BFGS,27947.01062930113
21,1,13,700,BFGS,27640.062901070894
21,1,14,700,BFGS,36826.60904843355
21,1,15,700,BFGS,27981.170303270814
21,1,16,700,BFGS,31150.724265851626
21,1,17,700,BFGS,42116.03448432635
21,1,18,700,BFGS,23712.541556181102
21,1,19,700,BFGS,26332.119829869225
21,2,0,700,BFGS,28791.236395457858
21,2,1,700,BFGS,30025.89762018828
21,2,2,700,BFGS,31796.92425718985
21,2,3,700,BFGS,31261.5363247536
21,2,4,700,BFGS,30649.590473502594
21,2,5,700,BFGS,26633.695557656985
21,2,6,700,BFGS,33169.4453187352
21,2,7,700,BFGS,33160.76862443151
21,2,8,700,BFGS,28269.874098295004
21,2,9,700,BFGS,33249.38537280351
21,2,10,700,BFGS,32927.2959234632
21,2,11,700,BFGS,21230.672341149406
21,2,12,700,BFGS,33840.22272239804
21,2,13,700,BFGS,35812.702276389515
21,2,14,700,BFGS,35319.352214789156
21,2,15,700,BFGS,30144.6481043954
21,2,16,700,BFGS,27552.66842086087
21,2,17,700,BFGS,56251.666213463635
21,2,18,700,BFGS,38132.92303959482
21,2,19,700,BFGS,29408.043244500288
21,3,0,700,BFGS,23627.40108501658
21,3,1,700,BFGS,47247.63788302254
21,3,2,700,BFGS,32882.20527716438
21,3,3,700,BFGS,27655.041563011055
21,3,4,700,BFGS,23938.010836547877
21,3,5,700,BFGS,34874.59765389352
21,3,6,700,BFGS,26138.41232356395
21,3,7,700,BFGS,35772.946568870444
21,3,8,700,BFGS,23791.9622070018
21,3,9,700,BFGS,28180.356366312415
21,3,10,700,BFGS,28581.530538862407
21,3,11,700,BFGS,25682.865865804597
21,3,12,700,BFGS,30451.46614649902
21,3,13,700,BFGS,30790.422821887143
21,3,14,700,BFGS,25120.991383387973
21,3,15,700,BFGS,36701.950290297755
21,3,16,700,BFGS,28349.766364183684
21,3,17,700,BFGS,32601.038133695343
21,3,18,700,BFGS,26216.627794123146
21,3,19,700,BFGS,29828.523549797123
21,4,0,700,BFGS,28298.218554968873
21,4,1,700,BFGS,21768.842794374497
21,4,2,700,BFGS,23084.44723046812
21,4,3,700,BFGS,28509.896724374237
21,4,4,700,BFGS,24236.858152114095
21,4,5,700,BFGS,26454.76544239798
21,4,6,700,BFGS,19606.592282575435
21,4,7,700,BFGS,23654.092079037902
21,4,8,700,BFGS,25422.049768506837
21,4,9,700,BFGS,29340.210501771107
21,4,10,700,BFGS,26903.48072174908
21,4,11,700,BFGS,38480.78083052521
21,4,12,700,BFGS,27231.011704927103
21,4,13,700,BFGS,24345.638942820322
21,4,14,700,BFGS,24549.20130474269
21,4,15,700,BFGS,36967.35177137641
21,4,16,700,BFGS,22807.863237356578
21,4,17,700,BFGS,26682.18273301547
21,4,18,700,BFGS,29172.045762645273
21,4,19,700,BFGS,22163.247759329468
21,5,0,700,BFGS,34964.98334466459
21,5,1,700,BFGS,28813.812008835248
21,5,2,700,BFGS,33530.37742931367
21,5,3,700,BFGS,28625.023911853663
21,5,4,700,BFGS,35436.277675280406
21,5,5,700,BFGS,21168.953099473532
21,5,6,700,BFGS,22882.050065047537
21,5,7,700,BFGS,26837.828436814092
21,5,8,700,BFGS,26629.39555336483
21,5,9,700,BFGS,27244.24862615218
21,5,10,700,BFGS,28189.786397557342
21,5,11,700,BFGS,25391.242650716413
21,5,12,700,BFGS,24243.549242949262
21,5,13,700,BFGS,28140.578224246616
21,5,14,700,BFGS,28454.34266316818
21,5,15,700,BFGS,31012.631430069574
21,5,16,700,BFGS,26833.501259874392
21,5,17,700,BFGS,23081.672752952316
21,5,18,700,BFGS,31057.115582947656
21,5,19,700,BFGS,23997.491470003944
21,6,0,700,BFGS,49734.59502791654
21,6,1,700,BFGS,31919.929516260705
21,6,2,700,BFGS,32659.426713610024
21,6,3,700,BFGS,31142.596508272047
21,6,4,700,BFGS,26694.181884541733
21,6,5,700,BFGS,28995.223783048863
21,6,6,700,BFGS,25488.046511547313
21,6,7,700,BFGS,29442.463334725515
21,6,8,700,BFGS,30280.829148378434
21,6,9,700,BFGS,49350.19389645039
21,6,10,700,BFGS,33406.729298262195
21,6,11,700,BFGS,29897.07370582571
21,6,12,700,BFGS,31929.32494329426
21,6,13,700,BFGS,29164.871373070982
21,6,14,700,BFGS,30876.578205351732
21,6,15,700,BFGS,30161.891521036538
21,6,16,700,BFGS,29606.180509870213
21,6,17,700,BFGS,29341.783496001066
21,6,18,700,BFGS,51339.00064360486
21,6,19,700,BFGS,35493.512618445275
21,7,0,700,BFGS,46495.969664975346
21,7,1,700,BFGS,25971.036842452573
21,7,2,700,BFGS,45549.880300193516
21,7,3,700,BFGS,45259.44131064533
21,7,4,700,BFGS,44425.566650307934
21,7,5,700,BFGS,45300.09805082289
21,7,6,700,BFGS,29800.18552441251
21,7,7,700,BFGS,20995.557136517367
21,7,8,700,BFGS,45804.988453626895
21,7,9,700,BFGS,31613.430267397165
21,7,10,700,BFGS,45642.84031953319
21,7,11,700,BFGS,47164.6137745056
21,7,12,700,BFGS,26030.368118913048
21,7,13,700,BFGS,28012.806653600735
21,7,14,700,BFGS,43300.53021176174
21,7,15,700,BFGS,47329.99467547958
21,7,16,700,BFGS,44604.42402770486
21,7,17,700,BFGS,45096.14007867496
21,7,18,700,BFGS,46090.32146628995
21,7,19,700,BFGS,24952.333280829454
22,1,0,700,BFGS,26530.091882672074
22,1,1,700,BFGS,38495.35965027589
22,1,2,700,BFGS,40291.66859908254
22,1,3,700,BFGS,23945.332495674607
22,1,4,700,BFGS,42791.22949452278
22,1,5,700,BFGS,39582.03426771295
22,1,6,700,BFGS,40449.41390819013
22,1,7,700,BFGS,37924.5528380183
22,1,8,700,BFGS,40314.8723170761
22,1,9,700,BFGS,39365.99915039592
22,1,10,700,BFGS,38518.56009271899
22,1,11,700,BFGS,39419.362021097826
22,1,12,700,BFGS,36773.78433062757
22,1,13,700,BFGS,39118.34014873677
22,1,14,700,BFGS,25534.069070698624
22,1,15,700,BFGS,25502.73457492748
22,1,16,700,BFGS,41545.96273314528
22,1,17,700,BFGS,41695.80368879033
22,1,18,700,BFGS,27236.966480662697
22,1,19,700,BFGS,40671.186751177054
22,2,0,700,BFGS,42585.49825260288
22,2,1,700,BFGS,49196.30071452986
22,2,2,700,BFGS,48682.070617285965
22,2,3,700,BFGS,62944.65158944995
22,2,4,700,BFGS,42122.653832592485
22,2,5,700,BFGS,49244.17726170219
22,2,6,700,BFGS,44309.73921106007
22,2,7,700,BFGS,47819.58975158799
22,2,8,700,BFGS,40044.236379881084
22,2,9,700,BFGS,43508.354744894765
22,2,10,700,BFGS,63498.437594232666
22,2,11,700,BFGS,52669.55503655287
22,2,12,700,BFGS,44121.99148014265
22,2,13,700,BFGS,49931.83972357532
22,2,14,700,BFGS,48074.01488827728
22,2,15,700,BFGS,46968.763053885115
22,2,16,700,BFGS,51503.545373726854
22,2,17,700,BFGS,52400.57811637417
22,2,18,700,BFGS,46624.85685629217
22,2,19,700,BFGS,53111.359741644264
22,3,0,700,BFGS,24124.3920874127
22,3,1,700,BFGS,23998.59878195483
22,3,2,700,BFGS,26248.403178323235
22,3,3,700,BFGS,30239.438486428877
22,3,4,700,BFGS,29973.04717499648
22,3,5,700,BFGS,28487.620776034222
22,3,6,700,BFGS,22393.753249051457
22,3,7,700,BFGS,23938.45197250928
22,3,8,700,BFGS,24856.517282964756
22,3,9,700,BFGS,22576.884112639393
22,3,10,700,BFGS,27137.495394852263
22,3,11,700,BFGS,29238.8981673851
22,3,12,700,BFGS,25169.583856725105
22,3,13,700,BFGS,38276.87456781541
22,3,14,700,BFGS,26910.089489999922
22,3,15,700,BFGS,25760.64805007436
22,3,16,700,BFGS,25157.551602308842
22,3,17,700,BFGS,22570.337412454115
22,3,18,700,BFGS,24710.388539365562
22,3,19,700,BFGS,25632.900470716308
22,4,0,700,BFGS,22760.05385931485
22,4,1,700,BFGS,24108.092062654345
22,4,2,700,BFGS,32430.45200645682
22,4,3,700,BFGS,22663.53309555167
22,4,4,700,BFGS,25860.791066489903
22,4,5,700,BFGS,23537.75293726477
22,4,6,700,BFGS,20771.27588734061
22,4,7,700,BFGS,19971.433906515376
22,4,8,700,BFGS,29840.49000135701
22,4,9,700,BFGS,29360.037429009622
22,4,10,700,BFGS,24334.525815697933
22,4,11,700,BFGS,23012.709916259384
22,4,12,700,BFGS,30906.890118197894
22,4,13,700,BFGS,24938.42522251557
22,4,14,700,BFGS,30693.94901024804
22,4,15,700,BFGS,26945.99083693957
22,4,16,700,BFGS,25846.504342619948
22,4,17,700,BFGS,24199.688020977672
22,4,18,700,BFGS,23058.456257758007
22,4,19,700,BFGS,30369.985744403286
22,5,0,700,BFGS,26228.75328651012
22,5,1,700,BFGS,28922.399313977246
22,5,2,700,BFGS,29857.760994433724
22,5,3,700,BFGS,24564.625831846886
22,5,4,700,BFGS,27891.466178442788
22,5,5,700,BFGS,28943.55515869242
22,5,6,700,BFGS,31098.86572625797
22,5,7,700,BFGS,31176.450428850007
22,5,8,700,BFGS,30362.47645784196
22,5,9,700,BFGS,28981.98348342054
22,5,10,700,BFGS,34533.154863746
22,5,11,700,BFGS,31719.112276404056
22,5,12,700,BFGS,30411.854327473917
22,5,13,700,BFGS,29701.32577001775
22,5,14,700,BFGS,27503.018304781475
22,5,15,700,BFGS,31073.94363196857
22,5,16,700,BFGS,31729.181754623398
22,5,17,700,BFGS,25306.289593706817
22,5,18,700,BFGS,30854.87676027675
22,5,19,700,BFGS,30573.28712674081
22,6,0,700,BFGS,62514.714195859335
22,6,1,700,BFGS,63721.331478091524
22,6,2,700,BFGS,61932.623504813564
22,6,3,700,BFGS,62670.398657739504
22,6,4,700,BFGS,25558.901365967533
22,6,5,700,BFGS,25953.51537004634
22,6,6,700,BFGS,36844.09767558093
22,6,7,700,BFGS,61419.58868134003
22,6,8,700,BFGS,23511.81684677106
22,6,9,700,BFGS,63040.414680176356
22,6,10,700,BFGS,61837.800631971535
22,6,11,700,BFGS,62465.20552028771
22,6,12,700,BFGS,60935.23351279303
22,6,13,700,BFGS,61681.354301547275
22,6,14,700,BFGS,63355.166807102214
22,6,15,700,BFGS,61995.53254623059
22,6,16,700,BFGS,62817.055541870825
22,6,17,700,BFGS,61783.58074847478
22,6,18,700,BFGS,40045.27896002397
22,6,19,700,BFGS,62266.356404633465
22,7,0,700,BFGS,36447.40130723991
22,7,1,700,BFGS,44097.595314232785
22,7,2,700,BFGS,46088.29157058272
22,7,3,700,BFGS,36752.1533140112
22,7,4,700,BFGS,55012.481937930665
22,7,5,700,BFGS,38769.7578940769
22,7,6,700,BFGS,34482.46512001639
22,7,7,700,BFGS,34033.72876636364
22,7,8,700,BFGS,46550.19961169856
22,7,9,700,BFGS,37217.15061283513
22,7,10,700,BFGS,45933.091611621334
22,7,11,700,BFGS,34755.194768734196
22,7,12,700,BFGS,56148.89775900188
22,7,13,700,BFGS,45932.788791852436
22,7,14,700,BFGS,44654.61466789984
22,7,15,700,BFGS,36047.62795463345
22,7,16,700,BFGS,47369.20114047956
22,7,17,700,BFGS,44926.296559381495
22,7,18,700,BFGS,32784.80813165281
22,7,19,700,BFGS,59816.453271935694
23,1,0,700,BFGS,6276.265826549534
23,1,1,700,BFGS,5951.3932564644
23,1,2,700,BFGS,6018.468476313088
23,1,3,700,BFGS,6863.626238213616
23,1,4,700,BFGS,6366.641343991195
23,1,5,700,BFGS,5408.307884945069
23,1,6,700,BFGS,6274.544087537883
23,1,7,700,BFGS,5159.64294030627
23,1,8,700,BFGS,5266.464730930944
23,1,9,700,BFGS,6369.629358168717
23,1,10,700,BFGS,5774.911948192589
23,1,11,700,BFGS,6513.836571607715
23,1,12,700,BFGS,5867.134668007173
23,1,13,700,BFGS,5830.611497332711
23,1,14,700,BFGS,4674.323890282594
23,1,15,700,BFGS,5348.999079701911
23,1,16,700,BFGS,6382.943347584824
23,1,17,700,BFGS,6122.438484467444
23,1,18,700,BFGS,5452.79757700811
23,1,19,700,BFGS,5410.59498086662
23,2,0,700,BFGS,6703.825058472627
23,2,1,700,BFGS,5397.564335271276
23,2,2,700,BFGS,4490.620086859862
23,2,3,700,BFGS,6272.500641508379
23,2,4,700,BFGS,6291.725948125438
23,2,5,700,BFGS,5350.316718961069
23,2,6,700,BFGS,5289.056421832135
23,2,7,700,BFGS,4525.417260785203
23,2,8,700,BFGS,5293.774373741078
23,2,9,700,BFGS,5531.808197968792
23,2,10,700,BFGS,4654.3637707228245
23,2,11,700,BFGS,3481.8800441185585
23,2,12,700,BFGS,5924.65791116754
23,2,13,700,BFGS,5519.643886244161
23,2,14,700,BFGS,4766.023394803414
23,2,15,700,BFGS,6285.9239429755025
23,2,16,700,BFGS,6066.177329417647
23,2,17,700,BFGS,5699.955333392842
23,2,18,700,BFGS,5409.603517294222
23,2,19,700,BFGS,6099.934959320429
23,3,0,700,BFGS,5780.176270941052
23,3,1,700,BFGS,5839.049184596443
23,3,2,700,BFGS,5395.603055953827
23,3,3,700,BFGS,5318.842824846923
23,3,4,700,BFGS,5974.565653117845
23,3,5,700,BFGS,5857.9693810707595
23,3,6,700,BFGS,5522.148612121113
23,3,7,700,BFGS,5419.6272067300215
23,3,8,700,BFGS,6091.6764816013365
23,3,9,700,BFGS,5693.86511728936
23,3,10,700,BFGS,5024.567382676778
23,3,11,700,BFGS,5757.775541237457
23,3,12,700,BFGS,5087.710105534723
23,3,13,700,BFGS,4638.904579169544
23,3,14,700,BFGS,5694.197243987901
23,3,15,700,BFGS,5070.693750104841
23,3,16,700,BFGS,5293.037563504593
23,3,17,700,BFGS,5880.318662858967
23,3,18,700,BFGS,6553.454062579029
23,3,19,700,BFGS,5866.7668957041915
23,4,0,700,BFGS,6329.028454209834
23,4,1,700,BFGS,6305.379296100501
23,4,2,700,BFGS,5473.392215783413
23,4,3,700,BFGS,5947.091447352044
23,4,4,700,BFGS,5039.164137276674
23,4,5,700,BFGS,5815.541856433227
23,4,6,700,BFGS,6499.898020190011
23,4,7,700,BFGS,6049.29392660936
23,4,8,700,BFGS,5607.149505997133
23,4,9,700,BFGS,5487.651661256928
23,4,10,700,BFGS,6087.246437881471
23,4,11,700,BFGS,5153.33054206942
23,4,12,700,BFGS,5724.08681093997
23,4,13,700,BFGS,6404.911719885095
23,4,14,700,BFGS,5886.927457450458
23,4,15,700,BFGS,5591.745801677027
23,4,16,700,BFGS,6183.901474274975
23,4,17,700,BFGS,5796.075531470027
23,4,18,700,BFGS,4941.589707739603
23,4,19,700,BFGS,5928.469940180863
23,5,0,700,BFGS,5841.23184896159
23,5,1,700,BFGS,5511.859037588951
23,5,2,700,BFGS,4805.579866542871
23,5,3,700,BFGS,5392.639262814012
23,5,4,700,BFGS,6234.358817271219
23,5,5,700,BFGS,6859.36488047698
23,5,6,700,BFGS,5618.706966715859
23,5,7,700,BFGS,4955.286977322915
23,5,8,700,BFGS,5914.575817625464
23,5,9,700,BFGS,5499.832379378608
23,5,10,700,BFGS,6121.693170605149
23,5,11,700,BFGS,5836.942946044663
23,5,12,700,BFGS,5374.03343832503
23,5,13,700,BFGS,5290.270035623931
23,5,14,700,BFGS,5343.4069139989015
23,5,15,700,BFGS,6378.512824249525
23,5,16,700,BFGS,5151.001899773236
23,5,17,700,BFGS,6164.061728255418
23,5,18,700,BFGS,6238.594311110314
23,5,19,700,BFGS,5401.532856022957
23,6,0,700,BFGS,6132.980941307282
23,6,1,700,BFGS,4798.000178278517
23,6,2,700,BFGS,5832.027674371479
23,6,3,700,BFGS,5772.268979338298
23,6,4,700,BFGS,5769.616944571076
23,6,5,700,BFGS,3890.9383016615616
23,6,6,700,BFGS,6401.553391011097
23,6,7,700,BFGS,6132.2645975962805
23,6,8,700,BFGS,3970.2488204393453
23,6,9,700,BFGS,5996.596945345865
23,6,10,700,BFGS,6120.269915674557
23,6,11,700,BFGS,5631.550284169027
23,6,12,700,BFGS,6126.725267979869
23,6,13,700,BFGS,5820.220126594535
23,6,14,700,BFGS,5434.768489118318
23,6,15,700,BFGS,5768.16860063308
23,6,16,700,BFGS,6025.472272708341
23,6,17,700,BFGS,6212.440154261923
23,6,18,700,BFGS,5460.929195355841
23,6,19,700,BFGS,6344.810237925876
23,7,0,700,BFGS,5879.607229212086
23,7,1,700,BFGS,6192.398753397107
23,7,2,700,BFGS,6040.698748476658
23,7,3,700,BFGS,5592.39675278571
23,7,4,700,BFGS,6336.572544379295
23,7,5,700,BFGS,5815.921414803002
23,7,6,700,BFGS,5568.154547232362
23,7,7,700,BFGS,6126.232168171646
23,7,8,700,BFGS,5765.0740469551265
23,7,9,700,BFGS,5403.204559220589
23,7,10,700,BFGS,6115.497086448296
23,7,11,700,BFGS,5814.18927214191
23,7,12,700,BFGS,6407.271387493984
23,7,13,700,BFGS,5320.361858460339
23,7,14,700,BFGS,5892.954073130577
23,7,15,700,BFGS,4727.798017538499
23,7,16,700,BFGS,6007.735903855606
23,7,17,700,BFGS,6060.588967923843
23,7,18,700,BFGS,6570.553438235897
23,7,19,700,BFGS,5444.890966393848
24,1,0,700,BFGS,526453.9934760496
24,1,1,700,BFGS,522429.170504856
24,1,2,700,BFGS,521684.70361584786
24,1,3,700,BFGS,531631.9673470859
24,1,4,700,BFGS,549294.242502311
24,1,5,700,BFGS,489521.1274289886
24,1,6,700,BFGS,503988.2927517471
24,1,7,700,BFGS,502526.41197273886
24,1,8,700,BFGS,527301.0213324169
24,1,9,700,BFGS,504067.51541236136
24,1,10,700,BFGS,497692.589894966
24,1,11,700,BFGS,520334.816425639
24,1,12,700,BFGS,491895.6589538048
24,1,13,700,BFGS,453468.6801578585
24,1,14,700,BFGS,532730.0235774176
24,1,15,700,BFGS,555071.293502352
24,1,16,700,BFGS,542499.5204538063
24,1,17,700,BFGS,557893.0142705963
24,1,18,700,BFGS,523745.01486189576
24,1,19,700,BFGS,491439.7707525722
24,2,0,700,BFGS,486780.84249371686
24,2,1,700,BFGS,537186.6812418716
24,2,2,700,BFGS,493225.0354948852
24,2,3,700,BFGS,506021.7286098436
24,2,4,700,BFGS,525015.260337579
24,2,5,700,BFGS,498023.8948024617
24,2,6,700,BFGS,507976.6026215023
24,2,7,700,BFGS,475159.7238597472
24,2,8,700,BFGS,544080.5154476087
24,2,9,700,BFGS,508139.0362458358
24,2,10,700,BFGS,524981.7226606247
24,2,11,700,BFGS,539870.84993382
24,2,12,700,BFGS,529835.2626763929
24,2,13,700,BFGS,492857.6211205139
24,2,14,700,BFGS,517572.2882270422
24,2,15,700,BFGS,532383.0079410934
24,2,16,700,BFGS,498902.11908505275
24,2,17,700,BFGS,531051.4231038786
24,2,18,700,BFGS,497768.03773927875
24,2,19,700,BFGS,509478.1210683647
24,3,0,700,BFGS,538058.9357010301
24,3,1,700,BFGS,500997.127664157
24,3,2,700,BFGS,524295.6167340138
24,3,3,700,BFGS,517153.31974544213
24,3,4,700,BFGS,515137.1094859822
24,3,5,700,BFGS,520355.51576213073
24,3,6,700,BFGS,530699.5806097147
24,3,7,700,BFGS,510064.4984627238
24,3,8,700,BFGS,534184.8942494866
24,3,9,700,BFGS,499574.51444103447
24,3,10,700,BFGS,497237.7763065728
24,3,11,700,BFGS,511719.4312191291
24,3,12,700,BFGS,549036.630596497
24,3,13,700,BFGS,523423.54078186525
24,3,14,700,BFGS,552601.9104129286
24,3,15,700,BFGS,512765.69016011554
24,3,16,700,BFGS,536588.7963296813
24,3,17,700,BFGS,520917.94153375574
24,3,18,700,BFGS,536647.067686007
24,3,19,700,BFGS,537715.4544670724
24,4,0,700,BFGS,511451.90121536393
24,4,1,700,BFGS,489636.3717379522
24,4,2,700,BFGS,491590.95873335894
24,4,3,700,BFGS,537949.7708129553
24,4,4,700,BFGS,484939.7475774037
24,4,5,700,BFGS,526452.7456406436
24,4,6,700,BFGS,523163.6856648504
24,4,7,700,BFGS,462209.58567292476
24,4,8,700,BFGS,495049.50116062036
24,4,9,700,BFGS,528568.3271467555
24,4,10,700,BFGS,515061.7159802639
24,4,11,700,BFGS,512478.15745794453
24,4,12,700,BFGS,508338.639045947
24,4,13,700,BFGS,538281.6581485092
24,4,14,700,BFGS,523241.448814482
24,4,15,700,BFGS,474078.2995048485
24,4,16,700,BFGS,516423.51442901255
24,4,17,700,BFGS,497308.8329477273
24,4,18,700,BFGS,521364.46454524714
24,4,19,700,BFGS,516120.84663645603
24,5,0,700,BFGS,467947.7399809328
24,5,1,700,BFGS,513847.6942270628
24,5,2,700,BFGS,529340.4044751965
24,5,3,700,BFGS,491669.9352853466
24,5,4,700,BFGS,513208.14720988274
24,5,5,700,BFGS,542445.069427493
24,5,6,700,BFGS,528946.069343771
24,5,7,700,BFGS,478995.02555442427
24,5,8,700,BFGS,543234.915470959
24,5,9,700,BFGS,505461.79711924936
24,5,10,700,BFGS,493053.73389610683
24,5,11,700,BFGS,529114.6963769912
24,5,12,700,BFGS,484664.12153146253
24,5,13,700,BFGS,527206.0150058997
24,5,14,700,BFGS,483878.00545512827
24,5,15,700,BFGS,503278.93583811744
24,5,16,700,BFGS,506394.1416768766
24,5,17,700,BFGS,521426.3629907818
24,5,18,700,BFGS,518217.1397095417
24,5,19,700,BFGS,469698.6900826133
24,6,0,700,BFGS,529750.8312076936
24,6,1,700,BFGS,496285.0185681465
24,6,2,700,BFGS,523297.48231430806
24,6,3,700,BFGS,527172.5807238133
24,6,4,700,BFGS,546796.7682999577
24,6,5,700,BFGS,513134.5451638901
24,6,6,700,BFGS,515951.4281140656
24,6,7,700,BFGS,521577.50896490144
24,6,8,700,BFGS,562064.4959469042
24,6,9,700,BFGS,518760.0386090121
24,6,10,700,BFGS,514983.0608633979
24,6,11,700,BFGS,522468.9299982516
24,6,12,700,BFGS,504734.6167989923
24,6,13,700,BFGS,509704.91852994065
24,6,14,700,BFGS,500342.28469245293
24,6,15,700,BFGS,493349.569285021
24,6,16,700,BFGS,563644.6541417693
24,6,17,700,BFGS,560259.5973547609
24,6,18,700,BFGS,528837.2780914246
24,6,19,700,BFGS,508546.2201121278
24,7,0,700,BFGS,479526.25942238566
24,7,1,700,BFGS,490945.8622373697
24,7,2,700,BFGS,550333.5966566361
24,7,3,700,BFGS,530339.1653522073
24,7,4,700,BFGS,517671.8577543079
24,7,5,700,BFGS,525214.5200642799
24,7,6,700,BFGS,495405.94821169355
24,7,7,700,BFGS,561167.0547452798
24,7,8,700,BFGS,530112.5511384459
24,7,9,700,BFGS,520218.68505252944
24,7,10,700,BFGS,546735.9922502094
24,7,11,700,BFGS,525068.8127061314
24,7,12,700,BFGS,522337.27675075067
24,7,13,700,BFGS,497862.1706036867
24,7,14,700,BFGS,507510.4921191008
24,7,15,700,BFGS,525302.0745001523
24,7,16,700,BFGS,498988.30423328665
24,7,17,700,BFGS,536804.666681069
24,7,18,700,BFGS,487689.600397216
24,7,19,700,BFGS,504737.3439902084
