fid,iid,rep,a1_budget,algname,achieved_auc
1,1,0,650,MLSL,43841.89281568463
1,1,1,650,MLSL,47318.95089039402
1,1,2,650,MLSL,44429.61239411254
1,1,3,650,MLSL,42014.806515991004
1,1,4,650,MLSL,35482.71494988429
1,1,5,650,MLSL,39697.65188016598
1,1,6,650,MLSL,38818.422426672245
1,1,7,650,MLSL,41712.71307043404
1,1,8,650,MLSL,52872.92473556938
1,1,9,650,MLSL,50952.33790117523
1,1,10,650,MLSL,49315.96615661059
1,1,11,650,MLSL,37656.8406467885
1,1,12,650,MLSL,36108.19634493408
1,1,13,650,MLSL,39452.03429611897
1,1,14,650,MLSL,51013.802570636486
1,1,15,650,MLSL,43726.18594573996
1,1,16,650,MLSL,55771.95495646587
1,1,17,650,MLSL,44635.762397415834
1,1,18,650,MLSL,41085.24048436441
1,1,19,650,MLSL,41836.91473187973
1,2,0,650,MLSL,41650.07816040912
1,2,1,650,MLSL,51731.362672496
1,2,2,650,MLSL,53135.56720788454
1,2,3,650,MLSL,57547.181471389355
1,2,4,650,MLSL,46084.65998243577
1,2,5,650,MLSL,49053.54922525652
1,2,6,650,MLSL,49400.20413439781
1,2,7,650,MLSL,51731.92878479661
1,2,8,650,MLSL,55178.77412947441
1,2,9,650,MLSL,48002.84010835338
1,2,10,650,MLSL,52262.39484236378
1,2,11,650,MLSL,57681.96167090033
1,2,12,650,MLSL,45827.049308869304
1,2,13,650,MLSL,52798.414505615845
1,2,14,650,MLSL,46073.54136394622
1,2,15,650,MLSL,50722.60138390199
1,2,16,650,MLSL,44315.84550915184
1,2,17,650,MLSL,56181.58673018287
1,2,18,650,MLSL,48513.79466546431
1,2,19,650,MLSL,50459.38769568218
1,3,0,650,MLSL,49603.615341451856
1,3,1,650,MLSL,43272.8711235503
1,3,2,650,MLSL,47295.355158735925
1,3,3,650,MLSL,47043.134033751485
1,3,4,650,MLSL,40562.46728186969
1,3,5,650,MLSL,49202.001333094595
1,3,6,650,MLSL,40029.10388970881
1,3,7,650,MLSL,44411.660603706296
1,3,8,650,MLSL,39097.28091939961
1,3,9,650,MLSL,48237.520378427536
1,3,10,650,MLSL,38717.29996936033
1,3,11,650,MLSL,45889.2210471092
1,3,12,650,MLSL,40668.31088052833
1,3,13,650,MLSL,49937.88800034686
1,3,14,650,MLSL,37376.919840956456
1,3,15,650,MLSL,35804.179318255454
1,3,16,650,MLSL,42134.225263811386
1,3,17,650,MLSL,48567.449233890744
1,3,18,650,MLSL,49104.66274939766
1,3,19,650,MLSL,46977.91627192455
1,4,0,650,MLSL,54270.006145038875
1,4,1,650,MLSL,45451.93792386126
1,4,2,650,MLSL,53408.875936534125
1,4,3,650,MLSL,47594.950495540674
1,4,4,650,MLSL,42001.28227552795
1,4,5,650,MLSL,46180.354631256196
1,4,6,650,MLSL,37914.302267597464
1,4,7,650,MLSL,53246.02536278501
1,4,8,650,MLSL,45968.151040009085
1,4,9,650,MLSL,39556.58151024681
1,4,10,650,MLSL,44106.177463780754
1,4,11,650,MLSL,40508.52017311893
1,4,12,650,MLSL,44687.47518887228
1,4,13,650,MLSL,41657.637995104866
1,4,14,650,MLSL,46989.90488678378
1,4,15,650,MLSL,43466.53479446327
1,4,16,650,MLSL,44641.8984283825
1,4,17,650,MLSL,48598.69893362792
1,4,18,650,MLSL,50781.441431884865
1,4,19,650,MLSL,51515.385716054734
1,5,0,650,MLSL,42934.69156308806
1,5,1,650,MLSL,37007.18501554785
1,5,2,650,MLSL,45955.86908882424
1,5,3,650,MLSL,39302.908420946565
1,5,4,650,MLSL,38177.99166087444
1,5,5,650,MLSL,38265.01813765195
1,5,6,650,MLSL,41366.38585730343
1,5,7,650,MLSL,43131.53419902256
1,5,8,650,MLSL,39659.31607184134
1,5,9,650,MLSL,45807.72059336097
1,5,10,650,MLSL,39773.90306602485
1,5,11,650,MLSL,40679.39648990234
1,5,12,650,MLSL,47765.638590690905
1,5,13,650,MLSL,36238.94224580139
1,5,14,650,MLSL,35978.241861044466
1,5,15,650,MLSL,36044.99208837475
1,5,16,650,MLSL,37261.00789302738
1,5,17,650,MLSL,44225.76772457572
1,5,18,650,MLSL,49057.72389587574
1,5,19,650,MLSL,39577.45079758955
1,6,0,650,MLSL,53913.76728951481
1,6,1,650,MLSL,46870.96923219245
1,6,2,650,MLSL,43536.095686324865
1,6,3,650,MLSL,50263.67426080527
1,6,4,650,MLSL,44284.48885585899
1,6,5,650,MLSL,46881.63934379821
1,6,6,650,MLSL,47266.28050483483
1,6,7,650,MLSL,45545.31247682805
1,6,8,650,MLSL,40282.128013481815
1,6,9,650,MLSL,42548.99717157966
1,6,10,650,MLSL,49254.50637501395
1,6,11,650,MLSL,47234.60241050437
1,6,12,650,MLSL,41017.38359548494
1,6,13,650,MLSL,45644.09911695385
1,6,14,650,MLSL,53239.06154424312
1,6,15,650,MLSL,42463.15024731991
1,6,16,650,MLSL,46930.84877258849
1,6,17,650,MLSL,42396.7230186243
1,6,18,650,MLSL,44916.866642602625
1,6,19,650,MLSL,43264.01931945148
1,7,0,650,MLSL,41652.24637868614
1,7,1,650,MLSL,57190.99416475104
1,7,2,650,MLSL,45451.66158899723
1,7,3,650,MLSL,51243.462005832924
1,7,4,650,MLSL,42590.05607588185
1,7,5,650,MLSL,43801.53064983763
1,7,6,650,MLSL,52879.293659143674
1,7,7,650,MLSL,46239.12934769908
1,7,8,650,MLSL,46211.58518069768
1,7,9,650,MLSL,47514.390730012514
1,7,10,650,MLSL,44249.49853218954
1,7,11,650,MLSL,50393.37012873827
1,7,12,650,MLSL,40521.60201693069
1,7,13,650,MLSL,53567.26799069153
1,7,14,650,MLSL,40481.77736929457
1,7,15,650,MLSL,45289.66033642488
1,7,16,650,MLSL,43679.86606797313
1,7,17,650,MLSL,45929.44885105615
1,7,18,650,MLSL,44243.0383027513
1,7,19,650,MLSL,46645.19667753071
2,1,0,650,MLSL,1545939765.7371318
2,1,1,650,MLSL,1969143570.641509
2,1,2,650,MLSL,1751593738.4924777
2,1,3,650,MLSL,1531407181.747438
2,1,4,650,MLSL,1970164397.7501569
2,1,5,650,MLSL,2033477963.607101
2,1,6,650,MLSL,1845313134.1995325
2,1,7,650,MLSL,1825505595.5715456
2,1,8,650,MLSL,1198138354.2692587
2,1,9,650,MLSL,1540941089.1694224
2,1,10,650,MLSL,1677757908.5618608
2,1,11,650,MLSL,2070821937.2211337
2,1,12,650,MLSL,1874603421.4922466
2,1,13,650,MLSL,1250940602.607956
2,1,14,650,MLSL,2119766616.0586238
2,1,15,650,MLSL,2017477255.6655433
2,1,16,650,MLSL,1729343506.171793
2,1,17,650,MLSL,1561716568.8070898
2,1,18,650,MLSL,1689602406.79164
2,1,19,650,MLSL,1508354983.8788087
2,2,0,650,MLSL,1825251128.444107
2,2,1,650,MLSL,1990334306.616109
2,2,2,650,MLSL,1855560533.1327925
2,2,3,650,MLSL,2284551775.974824
2,2,4,650,MLSL,2290040954.1143913
2,2,5,650,MLSL,1769251265.9432526
2,2,6,650,MLSL,1885953219.9070005
2,2,7,650,MLSL,1507156389.7741113
2,2,8,650,MLSL,1860900206.9860406
2,2,9,650,MLSL,1776873070.5662816
2,2,10,650,MLSL,1853206742.9102936
2,2,11,650,MLSL,2304850648.703586
2,2,12,650,MLSL,2365640188.1932917
2,2,13,650,MLSL,1850202481.349793
2,2,14,650,MLSL,2190216038.099833
2,2,15,650,MLSL,2057022061.0212836
2,2,16,650,MLSL,2326226738.078554
2,2,17,650,MLSL,2217290570.227339
2,2,18,650,MLSL,2499707849.755571
2,2,19,650,MLSL,2316712513.4442954
2,3,0,650,MLSL,1693108254.1942937
2,3,1,650,MLSL,1525989352.0989883
2,3,2,650,MLSL,1985151907.1354866
2,3,3,650,MLSL,2078953990.7711537
2,3,4,650,MLSL,2063494664.0533466
2,3,5,650,MLSL,2459211139.139349
2,3,6,650,MLSL,2597836936.022025
2,3,7,650,MLSL,2086095432.8271103
2,3,8,650,MLSL,1532160083.3032017
2,3,9,650,MLSL,1491991939.8367062
2,3,10,650,MLSL,1907258658.9603674
2,3,11,650,MLSL,2022193437.334522
2,3,12,650,MLSL,1778391298.41916
2,3,13,650,MLSL,2111711752.2098384
2,3,14,650,MLSL,2125709471.0592365
2,3,15,650,MLSL,1897568172.9771304
2,3,16,650,MLSL,2656501030.3780994
2,3,17,650,MLSL,1919150994.8213098
2,3,18,650,MLSL,1716868136.8237484
2,3,19,650,MLSL,1790990786.0356703
2,4,0,650,MLSL,1909949101.3980908
2,4,1,650,MLSL,2155931973.4330273
2,4,2,650,MLSL,1935397199.0567946
2,4,3,650,MLSL,1537568704.0601597
2,4,4,650,MLSL,1860156725.4603057
2,4,5,650,MLSL,2036857256.584733
2,4,6,650,MLSL,1648818101.965496
2,4,7,650,MLSL,1909472989.0869703
2,4,8,650,MLSL,2025227926.265057
2,4,9,650,MLSL,2205982752.1545744
2,4,10,650,MLSL,2269986254.2400393
2,4,11,650,MLSL,1972942137.016408
2,4,12,650,MLSL,2336859979.289437
2,4,13,650,MLSL,1821248606.4467328
2,4,14,650,MLSL,1789602432.7052178
2,4,15,650,MLSL,2456750431.596901
2,4,16,650,MLSL,1797228988.4002917
2,4,17,650,MLSL,1955477475.4137712
2,4,18,650,MLSL,1803961799.1485357
2,4,19,650,MLSL,2103687093.110576
2,5,0,650,MLSL,1372041353.626761
2,5,1,650,MLSL,1624863666.6229222
2,5,2,650,MLSL,2134400377.263968
2,5,3,650,MLSL,2219500493.139381
2,5,4,650,MLSL,2048989904.1772835
2,5,5,650,MLSL,1608721180.9853926
2,5,6,650,MLSL,1514057271.6084871
2,5,7,650,MLSL,1580241220.609258
2,5,8,650,MLSL,2303222343.675732
2,5,9,650,MLSL,1407631152.0573823
2,5,10,650,MLSL,1646921265.572478
2,5,11,650,MLSL,1773960874.1540918
2,5,12,650,MLSL,2720972930.227472
2,5,13,650,MLSL,2006316068.20489
2,5,14,650,MLSL,2145846139.3799925
2,5,15,650,MLSL,1704638467.59237
2,5,16,650,MLSL,1859210062.464905
2,5,17,650,MLSL,2028422782.6892283
2,5,18,650,MLSL,2321904063.1312513
2,5,19,650,MLSL,1969033355.8716524
2,6,0,650,MLSL,1920696094.5261087
2,6,1,650,MLSL,1891613797.735874
2,6,2,650,MLSL,2151517460.758869
2,6,3,650,MLSL,1910813849.9629636
2,6,4,650,MLSL,1798037942.2657206
2,6,5,650,MLSL,2213293019.6322656
2,6,6,650,MLSL,2332226028.1250205
2,6,7,650,MLSL,1726285446.2847319
2,6,8,650,MLSL,1801624642.2271729
2,6,9,650,MLSL,1958862505.8006108
2,6,10,650,MLSL,1992314648.9430618
2,6,11,650,MLSL,2005360798.0942926
2,6,12,650,MLSL,2071776167.550023
2,6,13,650,MLSL,1848629959.84629
2,6,14,650,MLSL,2565326887.214477
2,6,15,650,MLSL,2386371271.750414
2,6,16,650,MLSL,2354918633.127035
2,6,17,650,MLSL,2054533771.5381799
2,6,18,650,MLSL,2079270693.261958
2,6,19,650,MLSL,2275218296.463091
2,7,0,650,MLSL,1497981340.5919325
2,7,1,650,MLSL,1608926645.3418312
2,7,2,650,MLSL,1724960159.583827
2,7,3,650,MLSL,1542238240.4164398
2,7,4,650,MLSL,1704523922.885589
2,7,5,650,MLSL,1736100502.5121686
2,7,6,650,MLSL,1351362688.104897
2,7,7,650,MLSL,2114073422.369853
2,7,8,650,MLSL,1748263728.628829
2,7,9,650,MLSL,1774782081.037139
2,7,10,650,MLSL,1470072986.955775
2,7,11,650,MLSL,1551219459.096265
2,7,12,650,MLSL,1607263752.4448986
2,7,13,650,MLSL,1619893832.5644372
2,7,14,650,MLSL,1579172680.0818782
2,7,15,650,MLSL,1641039361.5082026
2,7,16,650,MLSL,1725535074.162836
2,7,17,650,MLSL,1527037530.401761
2,7,18,650,MLSL,1873777426.277614
2,7,19,650,MLSL,2021128724.091999
3,1,0,650,MLSL,609257.9483451988
3,1,1,650,MLSL,696465.8301412675
3,1,2,650,MLSL,594436.1264602721
3,1,3,650,MLSL,640023.5553578403
3,1,4,650,MLSL,572223.0379725541
3,1,5,650,MLSL,612128.826045951
3,1,6,650,MLSL,557673.1803412505
3,1,7,650,MLSL,628622.1460856805
3,1,8,650,MLSL,690300.5411305072
3,1,9,650,MLSL,628725.6007942248
3,1,10,650,MLSL,607830.0518449715
3,1,11,650,MLSL,618493.0534103911
3,1,12,650,MLSL,612856.0186698271
3,1,13,650,MLSL,663391.8439235467
3,1,14,650,MLSL,582553.7939668392
3,1,15,650,MLSL,678513.9734241451
3,1,16,650,MLSL,624633.0509535669
3,1,17,650,MLSL,633221.5951541583
3,1,18,650,MLSL,628170.9712205693
3,1,19,650,MLSL,608408.7175624034
3,2,0,650,MLSL,649027.8115460642
3,2,1,650,MLSL,641817.8084223565
3,2,2,650,MLSL,631570.8725062492
3,2,3,650,MLSL,613613.7919464151
3,2,4,650,MLSL,615621.3467620409
3,2,5,650,MLSL,581745.9196248838
3,2,6,650,MLSL,645562.2584366708
3,2,7,650,MLSL,631774.2045006221
3,2,8,650,MLSL,700794.3377411831
3,2,9,650,MLSL,566265.1235023135
3,2,10,650,MLSL,618952.3393034951
3,2,11,650,MLSL,578315.9299900155
3,2,12,650,MLSL,689880.55264553
3,2,13,650,MLSL,606438.9887210344
3,2,14,650,MLSL,611920.3277923219
3,2,15,650,MLSL,654382.1467525156
3,2,16,650,MLSL,679628.5840528242
3,2,17,650,MLSL,686226.3405200602
3,2,18,650,MLSL,647665.206068652
3,2,19,650,MLSL,592149.4394997135
3,3,0,650,MLSL,677365.623500763
3,3,1,650,MLSL,670942.4057240004
3,3,2,650,MLSL,601619.3262498481
3,3,3,650,MLSL,576688.9065528249
3,3,4,650,MLSL,680024.18055838
3,3,5,650,MLSL,692368.3003817949
3,3,6,650,MLSL,579287.7410906563
3,3,7,650,MLSL,627376.1849115392
3,3,8,650,MLSL,587373.8713185492
3,3,9,650,MLSL,722793.2989362805
3,3,10,650,MLSL,692024.1228823478
3,3,11,650,MLSL,640080.4748348986
3,3,12,650,MLSL,691280.7498315155
3,3,13,650,MLSL,669247.7139342448
3,3,14,650,MLSL,629956.1287365549
3,3,15,650,MLSL,658985.94257827
3,3,16,650,MLSL,663189.6556340127
3,3,17,650,MLSL,683783.5711751054
3,3,18,650,MLSL,614223.977486057
3,3,19,650,MLSL,614902.8616512595
3,4,0,650,MLSL,585550.4260014165
3,4,1,650,MLSL,616081.1367466046
3,4,2,650,MLSL,644942.0499314126
3,4,3,650,MLSL,625360.5839033338
3,4,4,650,MLSL,539622.6310515288
3,4,5,650,MLSL,574996.0944003554
3,4,6,650,MLSL,580115.9344807921
3,4,7,650,MLSL,557160.7782628896
3,4,8,650,MLSL,619611.0217086292
3,4,9,650,MLSL,574203.2146943418
3,4,10,650,MLSL,619005.8187225116
3,4,11,650,MLSL,576477.1773156011
3,4,12,650,MLSL,534115.7388617066
3,4,13,650,MLSL,580135.6183121353
3,4,14,650,MLSL,594741.5515594512
3,4,15,650,MLSL,676607.8401924521
3,4,16,650,MLSL,586027.4173261418
3,4,17,650,MLSL,619057.4964187166
3,4,18,650,MLSL,618570.4690055619
3,4,19,650,MLSL,617206.5147664329
3,5,0,650,MLSL,583029.5953245006
3,5,1,650,MLSL,677846.5870040997
3,5,2,650,MLSL,721479.240359192
3,5,3,650,MLSL,716896.1175981516
3,5,4,650,MLSL,665939.6705955758
3,5,5,650,MLSL,675871.6968587695
3,5,6,650,MLSL,650040.4495195836
3,5,7,650,MLSL,695739.4942383136
3,5,8,650,MLSL,589970.851983577
3,5,9,650,MLSL,640182.0051636598
3,5,10,650,MLSL,699393.107930681
3,5,11,650,MLSL,659751.6020639135
3,5,12,650,MLSL,664839.0036300283
3,5,13,650,MLSL,573624.5893146734
3,5,14,650,MLSL,622308.143874794
3,5,15,650,MLSL,618012.0065621877
3,5,16,650,MLSL,629646.5659525712
3,5,17,650,MLSL,716145.9532868974
3,5,18,650,MLSL,601493.0272310376
3,5,19,650,MLSL,639267.62564359
3,6,0,650,MLSL,668179.8624723083
3,6,1,650,MLSL,581487.2362680511
3,6,2,650,MLSL,625997.4451739339
3,6,3,650,MLSL,643792.8829281353
3,6,4,650,MLSL,639547.1084571893
3,6,5,650,MLSL,697215.1506167203
3,6,6,650,MLSL,719952.099948772
3,6,7,650,MLSL,635279.9812740536
3,6,8,650,MLSL,645055.5176128634
3,6,9,650,MLSL,667547.7782999371
3,6,10,650,MLSL,631676.407326161
3,6,11,650,MLSL,605600.8443765838
3,6,12,650,MLSL,638619.881757543
3,6,13,650,MLSL,636063.9868984945
3,6,14,650,MLSL,634968.2535458506
3,6,15,650,MLSL,621447.7103614857
3,6,16,650,MLSL,614207.6794015068
3,6,17,650,MLSL,625647.2596520209
3,6,18,650,MLSL,658522.7300740124
3,6,19,650,MLSL,578446.9622152897
3,7,0,650,MLSL,524979.4660069433
3,7,1,650,MLSL,622695.5423493639
3,7,2,650,MLSL,574648.3767942232
3,7,3,650,MLSL,668968.3566108143
3,7,4,650,MLSL,613968.3752616396
3,7,5,650,MLSL,623087.8489159071
3,7,6,650,MLSL,572099.9588402661
3,7,7,650,MLSL,560021.698470381
3,7,8,650,MLSL,617223.3638553631
3,7,9,650,MLSL,574902.0833492153
3,7,10,650,MLSL,617663.8899066872
3,7,11,650,MLSL,572639.8765469907
3,7,12,650,MLSL,559247.6906957563
3,7,13,650,MLSL,622132.1310148024
3,7,14,650,MLSL,604223.2632272972
3,7,15,650,MLSL,618926.494149359
3,7,16,650,MLSL,601783.4671703464
3,7,17,650,MLSL,628023.1077484518
3,7,18,650,MLSL,575111.1427149209
3,7,19,650,MLSL,574396.5595537287
4,1,0,650,MLSL,914223.0856892337
4,1,1,650,MLSL,837125.4631040504
4,1,2,650,MLSL,829750.6993713835
4,1,3,650,MLSL,956515.9377961408
4,1,4,650,MLSL,952752.037067829
4,1,5,650,MLSL,791495.2179728353
4,1,6,650,MLSL,886090.7896387433
4,1,7,650,MLSL,848267.3533609366
4,1,8,650,MLSL,1072300.9932230725
4,1,9,650,MLSL,978190.407786776
4,1,10,650,MLSL,793590.2570111323
4,1,11,650,MLSL,873387.0238517242
4,1,12,650,MLSL,899574.9515384464
4,1,13,650,MLSL,850430.2768856677
4,1,14,650,MLSL,1018654.710922597
4,1,15,650,MLSL,886758.8743982126
4,1,16,650,MLSL,965110.6561940801
4,1,17,650,MLSL,908823.4246603771
4,1,18,650,MLSL,928281.1339755622
4,1,19,650,MLSL,998734.5757495146
4,2,0,650,MLSL,884277.3887747733
4,2,1,650,MLSL,935665.2203257303
4,2,2,650,MLSL,869857.8151575177
4,2,3,650,MLSL,948360.8767059171
4,2,4,650,MLSL,792791.641799947
4,2,5,650,MLSL,966046.6648009158
4,2,6,650,MLSL,948636.1130164801
4,2,7,650,MLSL,827787.7410054889
4,2,8,650,MLSL,936998.2439040564
4,2,9,650,MLSL,833168.8357723592
4,2,10,650,MLSL,889983.588463954
4,2,11,650,MLSL,919214.9002574105
4,2,12,650,MLSL,837431.8494807389
4,2,13,650,MLSL,946798.3968444994
4,2,14,650,MLSL,925170.8173705358
4,2,15,650,MLSL,902925.5247948782
4,2,16,650,MLSL,881201.3759644079
4,2,17,650,MLSL,1067153.8849510844
4,2,18,650,MLSL,928840.7563099662
4,2,19,650,MLSL,1084439.781125226
4,3,0,650,MLSL,837245.9047499537
4,3,1,650,MLSL,860527.847537765
4,3,2,650,MLSL,894725.1116219778
4,3,3,650,MLSL,825844.9862789803
4,3,4,650,MLSL,935972.9736399517
4,3,5,650,MLSL,971073.6037624305
4,3,6,650,MLSL,982719.3508215684
4,3,7,650,MLSL,937384.8342755372
4,3,8,650,MLSL,885398.1249684594
4,3,9,650,MLSL,981671.1381619486
4,3,10,650,MLSL,902398.5934421094
4,3,11,650,MLSL,990100.0950955806
4,3,12,650,MLSL,975524.5318960868
4,3,13,650,MLSL,944759.3455606902
4,3,14,650,MLSL,945844.5146797723
4,3,15,650,MLSL,973292.3270627934
4,3,16,650,MLSL,874496.2739997465
4,3,17,650,MLSL,908540.0445321423
4,3,18,650,MLSL,954967.3232161077
4,3,19,650,MLSL,863659.160743027
4,4,0,650,MLSL,848642.213266341
4,4,1,650,MLSL,814397.9312164689
4,4,2,650,MLSL,896830.7463851669
4,4,3,650,MLSL,923996.2043354894
4,4,4,650,MLSL,755589.5694166523
4,4,5,650,MLSL,882902.6339792825
4,4,6,650,MLSL,806911.7230278214
4,4,7,650,MLSL,881498.1846664967
4,4,8,650,MLSL,834078.7694154019
4,4,9,650,MLSL,925074.534086523
4,4,10,650,MLSL,921624.2931206785
4,4,11,650,MLSL,949710.764881319
4,4,12,650,MLSL,904466.1442706595
4,4,13,650,MLSL,829336.1149265717
4,4,14,650,MLSL,957794.8392234952
4,4,15,650,MLSL,924341.363571617
4,4,16,650,MLSL,1007356.5512771427
4,4,17,650,MLSL,904003.9297129071
4,4,18,650,MLSL,897949.7197921056
4,4,19,650,MLSL,914813.9923458438
4,5,0,650,MLSL,882789.8662106391
4,5,1,650,MLSL,1047958.2228243443
4,5,2,650,MLSL,930899.9397769149
4,5,3,650,MLSL,898758.466965799
4,5,4,650,MLSL,1017258.4082786797
4,5,5,650,MLSL,921083.088467214
4,5,6,650,MLSL,907445.9334905418
4,5,7,650,MLSL,871329.7714678417
4,5,8,650,MLSL,975490.5656799759
4,5,9,650,MLSL,986430.6407270435
4,5,10,650,MLSL,902752.5018720024
4,5,11,650,MLSL,911940.4481625895
4,5,12,650,MLSL,947654.4365204279
4,5,13,650,MLSL,910763.2452940174
4,5,14,650,MLSL,994170.8294795299
4,5,15,650,MLSL,823397.4248033537
4,5,16,650,MLSL,821262.7583297361
4,5,17,650,MLSL,874297.6397818446
4,5,18,650,MLSL,912676.2185001619
4,5,19,650,MLSL,1008495.5808244289
4,6,0,650,MLSL,925783.5265941727
4,6,1,650,MLSL,971090.1510383642
4,6,2,650,MLSL,863716.5014019614
4,6,3,650,MLSL,796054.3971617033
4,6,4,650,MLSL,972966.7979239712
4,6,5,650,MLSL,988030.3553562269
4,6,6,650,MLSL,938723.9360793241
4,6,7,650,MLSL,849696.5312855641
4,6,8,650,MLSL,912841.2341359484
4,6,9,650,MLSL,967641.7297050211
4,6,10,650,MLSL,954427.7768060791
4,6,11,650,MLSL,880808.4693969323
4,6,12,650,MLSL,944027.0291675455
4,6,13,650,MLSL,996852.2430023733
4,6,14,650,MLSL,964305.0281517956
4,6,15,650,MLSL,898655.9833601606
4,6,16,650,MLSL,1048122.1895052104
4,6,17,650,MLSL,1036162.1982101933
4,6,18,650,MLSL,854189.2370837425
4,6,19,650,MLSL,1037906.6821541154
4,7,0,650,MLSL,884171.9115912279
4,7,1,650,MLSL,916891.6774360943
4,7,2,650,MLSL,777328.1802836831
4,7,3,650,MLSL,810617.3653975318
4,7,4,650,MLSL,862837.1035940354
4,7,5,650,MLSL,881802.9824795575
4,7,6,650,MLSL,878730.4345594824
4,7,7,650,MLSL,844717.6128777729
4,7,8,650,MLSL,824612.0874154009
4,7,9,650,MLSL,837854.2027133316
4,7,10,650,MLSL,829283.4262756881
4,7,11,650,MLSL,929812.5089983921
4,7,12,650,MLSL,969820.7298446868
4,7,13,650,MLSL,818020.4934016347
4,7,14,650,MLSL,940402.1235918651
4,7,15,650,MLSL,878042.8100884589
4,7,16,650,MLSL,770965.8043111775
4,7,17,650,MLSL,863976.4385835552
4,7,18,650,MLSL,953198.0224870783
4,7,19,650,MLSL,914199.6925314771
5,1,0,650,MLSL,187964.93020722928
5,1,1,650,MLSL,218253.91183932003
5,1,2,650,MLSL,212628.31964402218
5,1,3,650,MLSL,193725.6170581591
5,1,4,650,MLSL,224072.4648006239
5,1,5,650,MLSL,189693.14847951377
5,1,6,650,MLSL,187726.80933215423
5,1,7,650,MLSL,184162.43570418024
5,1,8,650,MLSL,204392.25243327513
5,1,9,650,MLSL,220961.755226228
5,1,10,650,MLSL,189049.47285256526
5,1,11,650,MLSL,215014.8793557983
5,1,12,650,MLSL,155641.57038446926
5,1,13,650,MLSL,172089.85983057617
5,1,14,650,MLSL,202358.82011997752
5,1,15,650,MLSL,220264.4175278286
5,1,16,650,MLSL,200892.84162640024
5,1,17,650,MLSL,204960.95448720077
5,1,18,650,MLSL,227618.14551802503
5,1,19,650,MLSL,212653.8906178306
5,2,0,650,MLSL,216710.3296816913
5,2,1,650,MLSL,227072.5298912425
5,2,2,650,MLSL,217575.49535548914
5,2,3,650,MLSL,204080.7016067381
5,2,4,650,MLSL,213259.58129916145
5,2,5,650,MLSL,195640.53583437882
5,2,6,650,MLSL,210891.7551168129
5,2,7,650,MLSL,165366.3197444012
5,2,8,650,MLSL,200844.34547457885
5,2,9,650,MLSL,222657.5248935522
5,2,10,650,MLSL,188001.7632928308
5,2,11,650,MLSL,185561.33223417422
5,2,12,650,MLSL,198601.56463851256
5,2,13,650,MLSL,233104.53902298544
5,2,14,650,MLSL,199815.96654412558
5,2,15,650,MLSL,203453.58508329478
5,2,16,650,MLSL,217999.31598608993
5,2,17,650,MLSL,187929.3489937509
5,2,18,650,MLSL,235534.4090426848
5,2,19,650,MLSL,231769.47851540303
5,3,0,650,MLSL,215178.3584521492
5,3,1,650,MLSL,222006.60417307608
5,3,2,650,MLSL,212951.4328473109
5,3,3,650,MLSL,216545.59347225458
5,3,4,650,MLSL,198764.97549426684
5,3,5,650,MLSL,205365.20891054318
5,3,6,650,MLSL,204578.795822603
5,3,7,650,MLSL,212410.82453473436
5,3,8,650,MLSL,220979.3400184316
5,3,9,650,MLSL,220434.42530002544
5,3,10,650,MLSL,184487.41299061617
5,3,11,650,MLSL,183586.63011255758
5,3,12,650,MLSL,195616.30173820353
5,3,13,650,MLSL,232931.13346774818
5,3,14,650,MLSL,200894.11012279894
5,3,15,650,MLSL,203333.44649332296
5,3,16,650,MLSL,189885.98813959426
5,3,17,650,MLSL,195036.88813284587
5,3,18,650,MLSL,180621.9158441874
5,3,19,650,MLSL,186329.54951853323
5,4,0,650,MLSL,210117.8875431382
5,4,1,650,MLSL,202680.8913411225
5,4,2,650,MLSL,218911.21481345058
5,4,3,650,MLSL,205591.043759167
5,4,4,650,MLSL,190293.01507421467
5,4,5,650,MLSL,198036.05869313033
5,4,6,650,MLSL,190904.02117406775
5,4,7,650,MLSL,193192.24024920998
5,4,8,650,MLSL,234328.3765837163
5,4,9,650,MLSL,178804.29842549175
5,4,10,650,MLSL,210638.02347536903
5,4,11,650,MLSL,216894.5688664853
5,4,12,650,MLSL,192953.02012065577
5,4,13,650,MLSL,237365.28996512742
5,4,14,650,MLSL,197417.02280536003
5,4,15,650,MLSL,206768.77905559016
5,4,16,650,MLSL,206613.059687425
5,4,17,650,MLSL,207137.68127487402
5,4,18,650,MLSL,203544.32453098535
5,4,19,650,MLSL,186459.12070486182
5,5,0,650,MLSL,207487.85332284647
5,5,1,650,MLSL,221388.5190391822
5,5,2,650,MLSL,202900.16382144793
5,5,3,650,MLSL,176390.10901684215
5,5,4,650,MLSL,212063.7837224581
5,5,5,650,MLSL,231961.3618750958
5,5,6,650,MLSL,192244.35287688387
5,5,7,650,MLSL,174166.7275400042
5,5,8,650,MLSL,205778.7853529083
5,5,9,650,MLSL,221640.82901894714
5,5,10,650,MLSL,196707.4060687316
5,5,11,650,MLSL,192731.2396516186
5,5,12,650,MLSL,230482.9109197915
5,5,13,650,MLSL,183497.28335504734
5,5,14,650,MLSL,161788.31144246453
5,5,15,650,MLSL,202624.21127841502
5,5,16,650,MLSL,215461.14210943022
5,5,17,650,MLSL,188332.21927654964
5,5,18,650,MLSL,197794.41889045888
5,5,19,650,MLSL,197840.38442056018
5,6,0,650,MLSL,236011.40623970208
5,6,1,650,MLSL,209881.95435126135
5,6,2,650,MLSL,173779.99509581167
5,6,3,650,MLSL,242561.2020279956
5,6,4,650,MLSL,202837.7611204724
5,6,5,650,MLSL,211906.61852485582
5,6,6,650,MLSL,190951.3581272886
5,6,7,650,MLSL,219717.21992429235
5,6,8,650,MLSL,206676.56326460541
5,6,9,650,MLSL,192245.2595013478
5,6,10,650,MLSL,212405.82200283665
5,6,11,650,MLSL,220768.76691880275
5,6,12,650,MLSL,185493.86804727514
5,6,13,650,MLSL,168413.41440630905
5,6,14,650,MLSL,167585.71996461344
5,6,15,650,MLSL,186624.57426000235
5,6,16,650,MLSL,205680.61411780288
5,6,17,650,MLSL,225138.12874204165
5,6,18,650,MLSL,174549.7425648796
5,6,19,650,MLSL,190418.17198955265
5,7,0,650,MLSL,151462.52734006813
5,7,1,650,MLSL,193667.65474657208
5,7,2,650,MLSL,233515.22669913532
5,7,3,650,MLSL,210188.73588228042
5,7,4,650,MLSL,201407.33637016916
5,7,5,650,MLSL,209604.52852420497
5,7,6,650,MLSL,177103.05771142486
5,7,7,650,MLSL,168671.2058445882
5,7,8,650,MLSL,191306.86657867796
5,7,9,650,MLSL,193755.13461923623
5,7,10,650,MLSL,184847.26607867022
5,7,11,650,MLSL,203309.09403754392
5,7,12,650,MLSL,178078.6137638971
5,7,13,650,MLSL,228255.906679318
5,7,14,650,MLSL,224805.80906173622
5,7,15,650,MLSL,190105.51089416508
5,7,16,650,MLSL,191496.42362887625
5,7,17,650,MLSL,219792.9642669401
5,7,18,650,MLSL,191792.13268825732
5,7,19,650,MLSL,234554.5718598515
6,1,0,650,MLSL,113695746.13820298
6,1,1,650,MLSL,92908536.24667983
6,1,2,650,MLSL,96460444.76541199
6,1,3,650,MLSL,65709753.59480438
6,1,4,650,MLSL,134072673.00923133
6,1,5,650,MLSL,87226312.00906505
6,1,6,650,MLSL,76102803.54866144
6,1,7,650,MLSL,85246492.61356941
6,1,8,650,MLSL,71774089.02315168
6,1,9,650,MLSL,84295956.33792906
6,1,10,650,MLSL,89124315.88534056
6,1,11,650,MLSL,146725600.71323043
6,1,12,650,MLSL,67955325.39921671
6,1,13,650,MLSL,86486228.48776871
6,1,14,650,MLSL,74978801.21259727
6,1,15,650,MLSL,78387009.31286997
6,1,16,650,MLSL,102107073.62055245
6,1,17,650,MLSL,93519103.41047613
6,1,18,650,MLSL,74747690.00217289
6,1,19,650,MLSL,82195367.59453276
6,2,0,650,MLSL,79281588.56334168
6,2,1,650,MLSL,64895712.427336596
6,2,2,650,MLSL,83683596.0151203
6,2,3,650,MLSL,78213959.71159655
6,2,4,650,MLSL,57940738.04514999
6,2,5,650,MLSL,63932573.89272053
6,2,6,650,MLSL,67546332.35789655
6,2,7,650,MLSL,73685614.80136022
6,2,8,650,MLSL,47827838.258746535
6,2,9,650,MLSL,64315080.50252451
6,2,10,650,MLSL,62508041.07312255
6,2,11,650,MLSL,62033100.819724806
6,2,12,650,MLSL,62552577.41032913
6,2,13,650,MLSL,49739152.98679365
6,2,14,650,MLSL,59337405.655525915
6,2,15,650,MLSL,83837425.45010038
6,2,16,650,MLSL,66688607.30330227
6,2,17,650,MLSL,80496007.73302382
6,2,18,650,MLSL,78213850.10367052
6,2,19,650,MLSL,60952933.80616058
6,3,0,650,MLSL,48517642.92208738
6,3,1,650,MLSL,67257004.59410581
6,3,2,650,MLSL,37312409.585910596
6,3,3,650,MLSL,46736457.00392704
6,3,4,650,MLSL,39153461.01762796
6,3,5,650,MLSL,60242395.603964
6,3,6,650,MLSL,40520235.08542591
6,3,7,650,MLSL,56907566.35771716
6,3,8,650,MLSL,56230303.186492346
6,3,9,650,MLSL,39487265.899597704
6,3,10,650,MLSL,53636255.30559976
6,3,11,650,MLSL,64655418.22021612
6,3,12,650,MLSL,67607343.0806351
6,3,13,650,MLSL,74243961.40698457
6,3,14,650,MLSL,48301063.47440346
6,3,15,650,MLSL,51754617.62379904
6,3,16,650,MLSL,50952242.955806695
6,3,17,650,MLSL,81065373.71745785
6,3,18,650,MLSL,41325022.17280879
6,3,19,650,MLSL,71548383.66508096
6,4,0,650,MLSL,95366072.90455148
6,4,1,650,MLSL,74870019.55258743
6,4,2,650,MLSL,100708788.91867942
6,4,3,650,MLSL,96210469.77068992
6,4,4,650,MLSL,60658708.00075219
6,4,5,650,MLSL,73186414.55479644
6,4,6,650,MLSL,70672561.94583283
6,4,7,650,MLSL,81449661.38635527
6,4,8,650,MLSL,79182646.5858821
6,4,9,650,MLSL,87627093.65249959
6,4,10,650,MLSL,113058438.21351612
6,4,11,650,MLSL,87569075.36329754
6,4,12,650,MLSL,108015375.34330863
6,4,13,650,MLSL,71407337.71077502
6,4,14,650,MLSL,82002173.64683332
6,4,15,650,MLSL,56185725.72633119
6,4,16,650,MLSL,79299314.75290371
6,4,17,650,MLSL,82504971.6310574
6,4,18,650,MLSL,106248548.13617139
6,4,19,650,MLSL,106814206.14741935
6,5,0,650,MLSL,91822187.32234901
6,5,1,650,MLSL,59773667.002128854
6,5,2,650,MLSL,94920148.02528132
6,5,3,650,MLSL,85576887.91478866
6,5,4,650,MLSL,65616743.994188376
6,5,5,650,MLSL,85095465.33127835
6,5,6,650,MLSL,94067659.52650948
6,5,7,650,MLSL,56917120.87354299
6,5,8,650,MLSL,62133060.74415205
6,5,9,650,MLSL,84291133.1948473
6,5,10,650,MLSL,91322137.35191785
6,5,11,650,MLSL,76595870.54844353
6,5,12,650,MLSL,75481141.773122
6,5,13,650,MLSL,97390734.53048804
6,5,14,650,MLSL,88290025.3190252
6,5,15,650,MLSL,66144355.172334984
6,5,16,650,MLSL,67706940.10523042
6,5,17,650,MLSL,83320518.99691558
6,5,18,650,MLSL,105534865.00370374
6,5,19,650,MLSL,84677280.95367822
6,6,0,650,MLSL,64424452.75412422
6,6,1,650,MLSL,51198597.97581453
6,6,2,650,MLSL,56486339.22245701
6,6,3,650,MLSL,67372372.14798018
6,6,4,650,MLSL,44783260.47111691
6,6,5,650,MLSL,61683657.82974507
6,6,6,650,MLSL,63259416.234786145
6,6,7,650,MLSL,65464349.80370434
6,6,8,650,MLSL,74833862.43648896
6,6,9,650,MLSL,86047468.8197958
6,6,10,650,MLSL,77418773.74032688
6,6,11,650,MLSL,60667647.143335894
6,6,12,650,MLSL,69866808.40086098
6,6,13,650,MLSL,78720600.94884443
6,6,14,650,MLSL,63441107.575350605
6,6,15,650,MLSL,85577450.0669177
6,6,16,650,MLSL,53064965.54880778
6,6,17,650,MLSL,59818974.82245964
6,6,18,650,MLSL,58264971.155912936
6,6,19,650,MLSL,60771960.68152592
6,7,0,650,MLSL,57684891.61384053
6,7,1,650,MLSL,47636116.33985093
6,7,2,650,MLSL,62848872.16234305
6,7,3,650,MLSL,72299388.6165064
6,7,4,650,MLSL,73919806.25475642
6,7,5,650,MLSL,50183748.044064134
6,7,6,650,MLSL,41674469.13752904
6,7,7,650,MLSL,50850846.75677055
6,7,8,650,MLSL,45117256.084278315
6,7,9,650,MLSL,53052813.01648552
6,7,10,650,MLSL,65222189.13318001
6,7,11,650,MLSL,57732627.8402169
6,7,12,650,MLSL,48067084.103815325
6,7,13,650,MLSL,38534100.51820089
6,7,14,650,MLSL,61043764.00581601
6,7,15,650,MLSL,60323524.36608625
6,7,16,650,MLSL,50501661.75190813
6,7,17,650,MLSL,52218081.14167836
6,7,18,650,MLSL,55762315.42022474
6,7,19,650,MLSL,54231481.79549677
7,1,0,650,MLSL,428577.2435100519
7,1,1,650,MLSL,350538.8630346807
7,1,2,650,MLSL,357785.33329583117
7,1,3,650,MLSL,404368.3038285714
7,1,4,650,MLSL,386082.933192358
7,1,5,650,MLSL,396080.28769326466
7,1,6,650,MLSL,427066.4904279831
7,1,7,650,MLSL,458455.68831941346
7,1,8,650,MLSL,343773.2172534561
7,1,9,650,MLSL,348973.01629768405
7,1,10,650,MLSL,395108.26874178956
7,1,11,650,MLSL,420994.3910974564
7,1,12,650,MLSL,333732.5556102094
7,1,13,650,MLSL,407286.7230202177
7,1,14,650,MLSL,316253.77963801264
7,1,15,650,MLSL,414816.2072073094
7,1,16,650,MLSL,339941.9897210432
7,1,17,650,MLSL,412867.43217704794
7,1,18,650,MLSL,312542.25012603484
7,1,19,650,MLSL,397041.77228528383
7,2,0,650,MLSL,390279.5941852378
7,2,1,650,MLSL,399723.80902225664
7,2,2,650,MLSL,477233.7773608633
7,2,3,650,MLSL,382907.93830593943
7,2,4,650,MLSL,459051.1498113051
7,2,5,650,MLSL,401908.8821952437
7,2,6,650,MLSL,416311.039972902
7,2,7,650,MLSL,424399.0466470801
7,2,8,650,MLSL,433640.0466012327
7,2,9,650,MLSL,502378.4912212011
7,2,10,650,MLSL,450597.09373403614
7,2,11,650,MLSL,458386.14358301373
7,2,12,650,MLSL,433997.70073843526
7,2,13,650,MLSL,416498.94589979225
7,2,14,650,MLSL,449992.81100236997
7,2,15,650,MLSL,350304.2437218253
7,2,16,650,MLSL,381872.81236533134
7,2,17,650,MLSL,447454.5806737029
7,2,18,650,MLSL,434863.27855041286
7,2,19,650,MLSL,432121.3493790128
7,3,0,650,MLSL,346342.2985705966
7,3,1,650,MLSL,317504.69074356445
7,3,2,650,MLSL,354927.88465983095
7,3,3,650,MLSL,387098.90771327657
7,3,4,650,MLSL,334354.7593602969
7,3,5,650,MLSL,309391.42902168486
7,3,6,650,MLSL,261573.23518516164
7,3,7,650,MLSL,293699.0506633321
7,3,8,650,MLSL,331121.4188245537
7,3,9,650,MLSL,373945.49690208095
7,3,10,650,MLSL,344732.23439437576
7,3,11,650,MLSL,371096.2681734669
7,3,12,650,MLSL,355767.9552468613
7,3,13,650,MLSL,364890.97954827675
7,3,14,650,MLSL,308917.0678206715
7,3,15,650,MLSL,334878.84971671377
7,3,16,650,MLSL,343969.8050186353
7,3,17,650,MLSL,372507.91226637014
7,3,18,650,MLSL,365720.3705190356
7,3,19,650,MLSL,327914.0644384233
7,4,0,650,MLSL,418518.8206514139
7,4,1,650,MLSL,310748.9302400454
7,4,2,650,MLSL,393352.1984080821
7,4,3,650,MLSL,368781.53110389697
7,4,4,650,MLSL,365469.22718196607
7,4,5,650,MLSL,401569.5330177139
7,4,6,650,MLSL,304095.4740876008
7,4,7,650,MLSL,328482.16914152936
7,4,8,650,MLSL,446224.4201710282
7,4,9,650,MLSL,435481.7206216175
7,4,10,650,MLSL,353644.6887274335
7,4,11,650,MLSL,424238.17984632147
7,4,12,650,MLSL,411943.3739776539
7,4,13,650,MLSL,352778.17602589587
7,4,14,650,MLSL,424963.8524715194
7,4,15,650,MLSL,326720.6293739016
7,4,16,650,MLSL,354390.7598865953
7,4,17,650,MLSL,341696.67698748776
7,4,18,650,MLSL,415550.6006428648
7,4,19,650,MLSL,375380.42165537836
7,5,0,650,MLSL,404760.2688893783
7,5,1,650,MLSL,355404.9740664924
7,5,2,650,MLSL,360527.1632888908
7,5,3,650,MLSL,428799.6516035359
7,5,4,650,MLSL,302197.8915560523
7,5,5,650,MLSL,374654.9841459305
7,5,6,650,MLSL,349855.22058581834
7,5,7,650,MLSL,411428.939487374
7,5,8,650,MLSL,382682.19721143664
7,5,9,650,MLSL,359365.05387793935
7,5,10,650,MLSL,361139.9415432485
7,5,11,650,MLSL,369601.77000426163
7,5,12,650,MLSL,348452.6532259351
7,5,13,650,MLSL,335307.88749998144
7,5,14,650,MLSL,422717.57230392145
7,5,15,650,MLSL,355348.96294269
7,5,16,650,MLSL,410214.8764149586
7,5,17,650,MLSL,377243.9178787492
7,5,18,650,MLSL,405704.5281746638
7,5,19,650,MLSL,447806.48402511206
7,6,0,650,MLSL,358050.07615096355
7,6,1,650,MLSL,357027.75165026076
7,6,2,650,MLSL,477805.7289884568
7,6,3,650,MLSL,359476.4404194828
7,6,4,650,MLSL,356005.18744772725
7,6,5,650,MLSL,332628.43624701694
7,6,6,650,MLSL,423756.3339506747
7,6,7,650,MLSL,392035.47557482217
7,6,8,650,MLSL,376003.984177097
7,6,9,650,MLSL,435709.3894087116
7,6,10,650,MLSL,401590.85523368494
7,6,11,650,MLSL,404358.9234114151
7,6,12,650,MLSL,338358.6617443293
7,6,13,650,MLSL,353567.2863666952
7,6,14,650,MLSL,362570.5549548256
7,6,15,650,MLSL,443509.97316096677
7,6,16,650,MLSL,399644.3926609311
7,6,17,650,MLSL,466042.5788918642
7,6,18,650,MLSL,421633.0372088106
7,6,19,650,MLSL,358723.8623499842
7,7,0,650,MLSL,514272.49651352566
7,7,1,650,MLSL,374934.773364353
7,7,2,650,MLSL,466791.08990898664
7,7,3,650,MLSL,457463.9466112731
7,7,4,650,MLSL,363297.7871616043
7,7,5,650,MLSL,415742.919826073
7,7,6,650,MLSL,354489.6224620945
7,7,7,650,MLSL,405499.19372381194
7,7,8,650,MLSL,458319.6874750979
7,7,9,650,MLSL,445390.60088700085
7,7,10,650,MLSL,446703.36094465066
7,7,11,650,MLSL,410448.1042621788
7,7,12,650,MLSL,439606.3473924991
7,7,13,650,MLSL,315571.60404478473
7,7,14,650,MLSL,441695.31472812546
7,7,15,650,MLSL,392440.1641582067
7,7,16,650,MLSL,362243.3495170709
7,7,17,650,MLSL,501635.44110889954
7,7,18,650,MLSL,396614.0610522701
7,7,19,650,MLSL,402289.9119751341
8,1,0,650,MLSL,32484473.861462597
8,1,1,650,MLSL,43368605.315140076
8,1,2,650,MLSL,45348805.86117554
8,1,3,650,MLSL,36270674.824841134
8,1,4,650,MLSL,35124540.16246585
8,1,5,650,MLSL,40208884.44233779
8,1,6,650,MLSL,35779290.01684126
8,1,7,650,MLSL,27945943.958701815
8,1,8,650,MLSL,36061996.001091525
8,1,9,650,MLSL,34116212.1109446
8,1,10,650,MLSL,39162262.36721278
8,1,11,650,MLSL,43248511.79918511
8,1,12,650,MLSL,35476075.209662855
8,1,13,650,MLSL,28021871.896612607
8,1,14,650,MLSL,27160022.85178168
8,1,15,650,MLSL,35190328.63411461
8,1,16,650,MLSL,30943052.86453996
8,1,17,650,MLSL,46981540.76904113
8,1,18,650,MLSL,30750118.552749775
8,1,19,650,MLSL,28431461.159813482
8,2,0,650,MLSL,21904041.589860544
8,2,1,650,MLSL,29103159.776579592
8,2,2,650,MLSL,26978763.21784446
8,2,3,650,MLSL,39233793.32740471
8,2,4,650,MLSL,33695262.56384739
8,2,5,650,MLSL,34210807.75194952
8,2,6,650,MLSL,26004636.30792676
8,2,7,650,MLSL,20962906.864284016
8,2,8,650,MLSL,32687929.17775008
8,2,9,650,MLSL,31838846.45811314
8,2,10,650,MLSL,34486200.02995689
8,2,11,650,MLSL,36666718.220481984
8,2,12,650,MLSL,28137842.17016337
8,2,13,650,MLSL,29934635.92907423
8,2,14,650,MLSL,35979202.03833084
8,2,15,650,MLSL,27944583.177076995
8,2,16,650,MLSL,30381111.178111345
8,2,17,650,MLSL,31894563.55060577
8,2,18,650,MLSL,33232483.91167074
8,2,19,650,MLSL,30355729.158130158
8,3,0,650,MLSL,37515538.38551874
8,3,1,650,MLSL,41599444.64481781
8,3,2,650,MLSL,35385367.16008322
8,3,3,650,MLSL,33964009.61850136
8,3,4,650,MLSL,33470937.659986958
8,3,5,650,MLSL,33356539.73062962
8,3,6,650,MLSL,40979159.11980695
8,3,7,650,MLSL,30817356.26406689
8,3,8,650,MLSL,41359902.202976696
8,3,9,650,MLSL,33646281.17067152
8,3,10,650,MLSL,46917493.39904691
8,3,11,650,MLSL,59083499.24555423
8,3,12,650,MLSL,34332763.559258156
8,3,13,650,MLSL,33412620.302464914
8,3,14,650,MLSL,39799359.57817303
8,3,15,650,MLSL,36012305.204467066
8,3,16,650,MLSL,28998188.620432027
8,3,17,650,MLSL,39487627.4328933
8,3,18,650,MLSL,33679461.88832561
8,3,19,650,MLSL,39865362.84084451
8,4,0,650,MLSL,35199787.61028385
8,4,1,650,MLSL,29692857.548264727
8,4,2,650,MLSL,31903076.248403374
8,4,3,650,MLSL,28789372.48505116
8,4,4,650,MLSL,37451502.88294789
8,4,5,650,MLSL,31096164.52767841
8,4,6,650,MLSL,33631843.23865583
8,4,7,650,MLSL,33754574.09767233
8,4,8,650,MLSL,29623812.52479868
8,4,9,650,MLSL,35030139.64802696
8,4,10,650,MLSL,36572865.12022841
8,4,11,650,MLSL,32876657.86995048
8,4,12,650,MLSL,35680356.793878816
8,4,13,650,MLSL,27189428.15584161
8,4,14,650,MLSL,52753030.69819806
8,4,15,650,MLSL,43895244.58544578
8,4,16,650,MLSL,34549626.067604095
8,4,17,650,MLSL,33669952.375206485
8,4,18,650,MLSL,37053631.79668932
8,4,19,650,MLSL,34652184.213707745
8,5,0,650,MLSL,30253955.208546564
8,5,1,650,MLSL,20062720.534907732
8,5,2,650,MLSL,20812663.73379652
8,5,3,650,MLSL,23208501.363238532
8,5,4,650,MLSL,31219927.874931745
8,5,5,650,MLSL,27733346.04544396
8,5,6,650,MLSL,17342122.41523281
8,5,7,650,MLSL,19171349.798674054
8,5,8,650,MLSL,41026798.74957182
8,5,9,650,MLSL,32540435.363941595
8,5,10,650,MLSL,33004573.604141925
8,5,11,650,MLSL,23392325.907536656
8,5,12,650,MLSL,32386082.712898202
8,5,13,650,MLSL,30583120.58477115
8,5,14,650,MLSL,31046600.33767742
8,5,15,650,MLSL,20063211.680730786
8,5,16,650,MLSL,21194518.594315566
8,5,17,650,MLSL,27523975.482917976
8,5,18,650,MLSL,19789590.756904233
8,5,19,650,MLSL,22928482.027221236
8,6,0,650,MLSL,28126916.500981368
8,6,1,650,MLSL,48304019.23198474
8,6,2,650,MLSL,22468885.805971436
8,6,3,650,MLSL,31671773.243788153
8,6,4,650,MLSL,30798005.22845446
8,6,5,650,MLSL,41382916.50756418
8,6,6,650,MLSL,31475410.82554544
8,6,7,650,MLSL,26425115.83500514
8,6,8,650,MLSL,36114849.592761
8,6,9,650,MLSL,29562813.113387994
8,6,10,650,MLSL,32328417.230993077
8,6,11,650,MLSL,27758852.818423726
8,6,12,650,MLSL,38733923.64772007
8,6,13,650,MLSL,31537005.986259736
8,6,14,650,MLSL,29839931.45768159
8,6,15,650,MLSL,29713880.714194715
8,6,16,650,MLSL,25131730.17244434
8,6,17,650,MLSL,38456920.2580128
8,6,18,650,MLSL,30068733.673221685
8,6,19,650,MLSL,30337646.39799584
8,7,0,650,MLSL,21805287.507010058
8,7,1,650,MLSL,21136823.68776722
8,7,2,650,MLSL,18283943.701339208
8,7,3,650,MLSL,25393909.024673525
8,7,4,650,MLSL,34086834.81891442
8,7,5,650,MLSL,37949677.226759814
8,7,6,650,MLSL,24175306.24165556
8,7,7,650,MLSL,28331991.008206382
8,7,8,650,MLSL,28018480.45449825
8,7,9,650,MLSL,30337447.05454976
8,7,10,650,MLSL,33213918.473351665
8,7,11,650,MLSL,29549183.928101905
8,7,12,650,MLSL,35453658.18884667
8,7,13,650,MLSL,22881259.253354393
8,7,14,650,MLSL,24205102.426226854
8,7,15,650,MLSL,22638898.35130758
8,7,16,650,MLSL,31249867.16301066
8,7,17,650,MLSL,28336333.06900094
8,7,18,650,MLSL,30448502.920763895
8,7,19,650,MLSL,23875988.197060596
9,1,0,650,MLSL,14026764.481435055
9,1,1,650,MLSL,11483722.929533176
9,1,2,650,MLSL,16119101.3844886
9,1,3,650,MLSL,9679526.986602057
9,1,4,650,MLSL,14756155.9926555
9,1,5,650,MLSL,11321059.230651245
9,1,6,650,MLSL,16476568.620219328
9,1,7,650,MLSL,10877020.63385605
9,1,8,650,MLSL,16123532.92616874
9,1,9,650,MLSL,12487311.04079702
9,1,10,650,MLSL,11986962.180839017
9,1,11,650,MLSL,16794624.160707332
9,1,12,650,MLSL,14065161.99478213
9,1,13,650,MLSL,13818255.65080721
9,1,14,650,MLSL,17658330.872469362
9,1,15,650,MLSL,15187496.98844455
9,1,16,650,MLSL,12490722.98581663
9,1,17,650,MLSL,14614361.349952608
9,1,18,650,MLSL,14056149.405225078
9,1,19,650,MLSL,15721063.97569566
9,2,0,650,MLSL,14766581.496982684
9,2,1,650,MLSL,11300949.611815998
9,2,2,650,MLSL,13176610.197739748
9,2,3,650,MLSL,10408514.017609624
9,2,4,650,MLSL,15452859.522524543
9,2,5,650,MLSL,10075856.96583276
9,2,6,650,MLSL,13028706.987120615
9,2,7,650,MLSL,12319221.981510727
9,2,8,650,MLSL,12936853.879322505
9,2,9,650,MLSL,12546639.655904239
9,2,10,650,MLSL,13798270.47732029
9,2,11,650,MLSL,12904156.095344638
9,2,12,650,MLSL,14672022.175142422
9,2,13,650,MLSL,14225395.004264005
9,2,14,650,MLSL,14998741.27148727
9,2,15,650,MLSL,16468556.751532909
9,2,16,650,MLSL,11966314.149765097
9,2,17,650,MLSL,16294899.917923262
9,2,18,650,MLSL,15731014.089347696
9,2,19,650,MLSL,11355698.274437573
9,3,0,650,MLSL,14249765.737371849
9,3,1,650,MLSL,14198483.30142191
9,3,2,650,MLSL,11402311.175845608
9,3,3,650,MLSL,11322009.256180925
9,3,4,650,MLSL,11393740.96128427
9,3,5,650,MLSL,10102647.730288964
9,3,6,650,MLSL,8825646.744727867
9,3,7,650,MLSL,9841180.429100856
9,3,8,650,MLSL,17950465.932225145
9,3,9,650,MLSL,12145293.700992709
9,3,10,650,MLSL,14162716.567913521
9,3,11,650,MLSL,16261141.391995529
9,3,12,650,MLSL,13868150.356331293
9,3,13,650,MLSL,13480888.327020185
9,3,14,650,MLSL,16105001.690598292
9,3,15,650,MLSL,11388676.93799631
9,3,16,650,MLSL,11216831.583044557
9,3,17,650,MLSL,14686673.131751232
9,3,18,650,MLSL,15796631.878015053
9,3,19,650,MLSL,10444612.15114277
9,4,0,650,MLSL,21472252.517707195
9,4,1,650,MLSL,8028227.142335108
9,4,2,650,MLSL,19841828.98864387
9,4,3,650,MLSL,12439618.50299748
9,4,4,650,MLSL,10303219.180676222
9,4,5,650,MLSL,11372709.135960137
9,4,6,650,MLSL,9833307.339999532
9,4,7,650,MLSL,11602494.620142724
9,4,8,650,MLSL,14819702.27467108
9,4,9,650,MLSL,13462552.223549698
9,4,10,650,MLSL,13767596.866010921
9,4,11,650,MLSL,13333147.320431631
9,4,12,650,MLSL,15756645.874213124
9,4,13,650,MLSL,13366874.381269367
9,4,14,650,MLSL,14000227.164538646
9,4,15,650,MLSL,15170013.669546112
9,4,16,650,MLSL,15439105.749277085
9,4,17,650,MLSL,14625554.817726037
9,4,18,650,MLSL,13513767.53200465
9,4,19,650,MLSL,10778911.841378061
9,5,0,650,MLSL,15745850.13707826
9,5,1,650,MLSL,12947857.994005833
9,5,2,650,MLSL,10899008.892888466
9,5,3,650,MLSL,9278049.856729303
9,5,4,650,MLSL,12127294.762355614
9,5,5,650,MLSL,10778727.835780561
9,5,6,650,MLSL,10533510.368763406
9,5,7,650,MLSL,16254485.14417746
9,5,8,650,MLSL,13700059.774344102
9,5,9,650,MLSL,11793494.248897124
9,5,10,650,MLSL,15594824.038148215
9,5,11,650,MLSL,13439149.585344814
9,5,12,650,MLSL,14899065.423402766
9,5,13,650,MLSL,12440882.78201448
9,5,14,650,MLSL,12666899.948409658
9,5,15,650,MLSL,13870361.258142084
9,5,16,650,MLSL,12015145.30937726
9,5,17,650,MLSL,15423247.329037698
9,5,18,650,MLSL,12937691.599729925
9,5,19,650,MLSL,10922618.680207228
9,6,0,650,MLSL,14457697.13114775
9,6,1,650,MLSL,7365617.623410252
9,6,2,650,MLSL,16462260.894753052
9,6,3,650,MLSL,10316060.414797392
9,6,4,650,MLSL,12881071.604828496
9,6,5,650,MLSL,11424442.67055446
9,6,6,650,MLSL,10632952.494708428
9,6,7,650,MLSL,18727001.613161713
9,6,8,650,MLSL,15904254.367958719
9,6,9,650,MLSL,18785609.41450385
9,6,10,650,MLSL,12956835.963621166
9,6,11,650,MLSL,15103329.149475226
9,6,12,650,MLSL,9145877.212406373
9,6,13,650,MLSL,9163898.265755916
9,6,14,650,MLSL,10931372.630371612
9,6,15,650,MLSL,16466024.68664268
9,6,16,650,MLSL,13655239.073692776
9,6,17,650,MLSL,17319893.110421013
9,6,18,650,MLSL,16413982.776626166
9,6,19,650,MLSL,11356565.283131149
9,7,0,650,MLSL,11868765.14953749
9,7,1,650,MLSL,8150834.916206508
9,7,2,650,MLSL,11503354.891036829
9,7,3,650,MLSL,10896090.823966555
9,7,4,650,MLSL,11249895.557890411
9,7,5,650,MLSL,15374534.235627424
9,7,6,650,MLSL,13492647.833249092
9,7,7,650,MLSL,13245388.474763291
9,7,8,650,MLSL,18020110.920251712
9,7,9,650,MLSL,13461231.747855116
9,7,10,650,MLSL,13841905.528669737
9,7,11,650,MLSL,15514148.671799613
9,7,12,650,MLSL,15161683.498152934
9,7,13,650,MLSL,12044825.230853742
9,7,14,650,MLSL,18340442.56954933
9,7,15,650,MLSL,12306794.953611087
9,7,16,650,MLSL,11098648.248942588
9,7,17,650,MLSL,11999958.788493544
9,7,18,650,MLSL,13454493.395433603
9,7,19,650,MLSL,10831084.355866553
10,1,0,650,MLSL,1694977810.5278125
10,1,1,650,MLSL,1827858745.0517693
10,1,2,650,MLSL,2156196628.78201
10,1,3,650,MLSL,1644187817.2331924
10,1,4,650,MLSL,1637347728.792006
10,1,5,650,MLSL,2395941798.829214
10,1,6,650,MLSL,2105999205.575933
10,1,7,650,MLSL,2354588517.7019506
10,1,8,650,MLSL,1702259184.7165165
10,1,9,650,MLSL,1930588004.643033
10,1,10,650,MLSL,1864738775.2579613
10,1,11,650,MLSL,2516152625.7723236
10,1,12,650,MLSL,2047522428.622008
10,1,13,650,MLSL,2284955043.0040693
10,1,14,650,MLSL,2204028349.791471
10,1,15,650,MLSL,1501424510.8827765
10,1,16,650,MLSL,2038475194.8385398
10,1,17,650,MLSL,1861350249.2640147
10,1,18,650,MLSL,2033236943.105822
10,1,19,650,MLSL,1758518959.718062
10,2,0,650,MLSL,2235378078.052871
10,2,1,650,MLSL,2247172303.6657515
10,2,2,650,MLSL,2217520116.392194
10,2,3,650,MLSL,2464527659.804245
10,2,4,650,MLSL,1777914817.999847
10,2,5,650,MLSL,2239556307.3401327
10,2,6,650,MLSL,2012015290.5862274
10,2,7,650,MLSL,2072720114.5858476
10,2,8,650,MLSL,2166342493.6538444
10,2,9,650,MLSL,2243653094.0430174
10,2,10,650,MLSL,2086860027.8190374
10,2,11,650,MLSL,1848407099.107687
10,2,12,650,MLSL,2755402669.65464
10,2,13,650,MLSL,1472366120.290417
10,2,14,650,MLSL,2342160382.499195
10,2,15,650,MLSL,2132006461.8715978
10,2,16,650,MLSL,2888728879.0668993
10,2,17,650,MLSL,2371519666.2205186
10,2,18,650,MLSL,1787533243.024473
10,2,19,650,MLSL,2743085628.206557
10,3,0,650,MLSL,2118184532.778738
10,3,1,650,MLSL,1942352979.5586739
10,3,2,650,MLSL,2017013403.505353
10,3,3,650,MLSL,1937457251.324285
10,3,4,650,MLSL,1908466092.0681462
10,3,5,650,MLSL,2075771197.6391602
10,3,6,650,MLSL,2363295127.4928074
10,3,7,650,MLSL,2239778553.562626
10,3,8,650,MLSL,1667128370.9761803
10,3,9,650,MLSL,1851996809.9147975
10,3,10,650,MLSL,2263129840.1598506
10,3,11,650,MLSL,1825106046.74735
10,3,12,650,MLSL,2388066574.365844
10,3,13,650,MLSL,1767664793.8244371
10,3,14,650,MLSL,2337489946.0661864
10,3,15,650,MLSL,1826391987.445204
10,3,16,650,MLSL,1810576820.979845
10,3,17,650,MLSL,1984031177.642899
10,3,18,650,MLSL,2114913267.4363093
10,3,19,650,MLSL,1980937891.9913695
10,4,0,650,MLSL,1566178939.9880815
10,4,1,650,MLSL,1528950252.5422866
10,4,2,650,MLSL,1639322969.4452655
10,4,3,650,MLSL,1775798786.7448645
10,4,4,650,MLSL,2099053085.2404258
10,4,5,650,MLSL,1763881269.2000792
10,4,6,650,MLSL,1456392140.2385733
10,4,7,650,MLSL,2170242762.305191
10,4,8,650,MLSL,1843592100.9382694
10,4,9,650,MLSL,2409321012.074362
10,4,10,650,MLSL,1572549011.102231
10,4,11,650,MLSL,1561714545.6611671
10,4,12,650,MLSL,2116913493.3910644
10,4,13,650,MLSL,1764146523.1973102
10,4,14,650,MLSL,1687761120.5661256
10,4,15,650,MLSL,1397531074.34988
10,4,16,650,MLSL,2040142994.6521256
10,4,17,650,MLSL,1650574238.2916389
10,4,18,650,MLSL,1677671728.00868
10,4,19,650,MLSL,1813106049.2506132
10,5,0,650,MLSL,1951891010.9874792
10,5,1,650,MLSL,2281868787.660931
10,5,2,650,MLSL,2025694392.5870233
10,5,3,650,MLSL,2062149470.0440056
10,5,4,650,MLSL,1594105225.901434
10,5,5,650,MLSL,1781713648.2174113
10,5,6,650,MLSL,2725150662.286813
10,5,7,650,MLSL,1760019618.7927933
10,5,8,650,MLSL,2384475960.3202395
10,5,9,650,MLSL,1135423792.1616313
10,5,10,650,MLSL,2849427390.234018
10,5,11,650,MLSL,1914097452.2180636
10,5,12,650,MLSL,1708354980.147238
10,5,13,650,MLSL,1676732802.2555928
10,5,14,650,MLSL,1795842980.7154467
10,5,15,650,MLSL,1663500325.4533737
10,5,16,650,MLSL,1598076609.9572647
10,5,17,650,MLSL,1772436300.370677
10,5,18,650,MLSL,1912250452.4479792
10,5,19,650,MLSL,2143866784.9167533
10,6,0,650,MLSL,2426534139.261368
10,6,1,650,MLSL,2258514328.920196
10,6,2,650,MLSL,2165707374.6147223
10,6,3,650,MLSL,1703865638.0499177
10,6,4,650,MLSL,2330030038.1965995
10,6,5,650,MLSL,2463484992.1027317
10,6,6,650,MLSL,2525108587.5488653
10,6,7,650,MLSL,1920598032.7867289
10,6,8,650,MLSL,2204867620.8543806
10,6,9,650,MLSL,2721653242.3613424
10,6,10,650,MLSL,2132930020.2172377
10,6,11,650,MLSL,1655911237.6986938
10,6,12,650,MLSL,2802483308.097762
10,6,13,650,MLSL,2326164915.30989
10,6,14,650,MLSL,2239625471.084224
10,6,15,650,MLSL,2305116345.9693303
10,6,16,650,MLSL,2689961783.5468583
10,6,17,650,MLSL,2364019733.9360027
10,6,18,650,MLSL,1975905545.994085
10,6,19,650,MLSL,3511417858.0434074
10,7,0,650,MLSL,1570948647.6707835
10,7,1,650,MLSL,1987334224.4292212
10,7,2,650,MLSL,1923441109.9957545
10,7,3,650,MLSL,1671228142.312901
10,7,4,650,MLSL,1434793742.1566062
10,7,5,650,MLSL,2024890342.0757346
10,7,6,650,MLSL,1943386754.5291238
10,7,7,650,MLSL,1568321569.5926538
10,7,8,650,MLSL,1987768287.5953727
10,7,9,650,MLSL,1833093359.8664184
10,7,10,650,MLSL,2266930478.386245
10,7,11,650,MLSL,1944175261.946607
10,7,12,650,MLSL,2243116221.5790257
10,7,13,650,MLSL,1573630455.460834
10,7,14,650,MLSL,2063667676.1900172
10,7,15,650,MLSL,1689065931.5249555
10,7,16,650,MLSL,1621308230.2887685
10,7,17,650,MLSL,2126733982.5223198
10,7,18,650,MLSL,2021446092.6969352
10,7,19,650,MLSL,2212821524.9975095
11,1,0,650,MLSL,15851078.787828218
11,1,1,650,MLSL,2310090.895977081
11,1,2,650,MLSL,1446616.4804256659
11,1,3,650,MLSL,569696.2093320764
11,1,4,650,MLSL,1578595.704758753
11,1,5,650,MLSL,7112104.9692347525
11,1,6,650,MLSL,21120598.110926602
11,1,7,650,MLSL,13121831.883304048
11,1,8,650,MLSL,14702345.057989817
11,1,9,650,MLSL,2484722.119860814
11,1,10,650,MLSL,2650060.005911735
11,1,11,650,MLSL,8646832.873892292
11,1,12,650,MLSL,15340728.234314682
11,1,13,650,MLSL,20236625.101950593
11,1,14,650,MLSL,7082226.84066864
11,1,15,650,MLSL,2443377.2595673413
11,1,16,650,MLSL,23571968.22763899
11,1,17,650,MLSL,6461325.423563124
11,1,18,650,MLSL,3172219.281698447
11,1,19,650,MLSL,763151.8397262226
11,2,0,650,MLSL,50536164.28199163
11,2,1,650,MLSL,14720449.691468487
11,2,2,650,MLSL,78549003.75205635
11,2,3,650,MLSL,12549743.051383633
11,2,4,650,MLSL,30157547.71771215
11,2,5,650,MLSL,52252871.364684746
11,2,6,650,MLSL,13042952.330812115
11,2,7,650,MLSL,29655832.54180349
11,2,8,650,MLSL,1304316.8543347907
11,2,9,650,MLSL,5483180.156117462
11,2,10,650,MLSL,54651427.264775716
11,2,11,650,MLSL,7988371.390650375
11,2,12,650,MLSL,1503715.331566573
11,2,13,650,MLSL,31690648.094607696
11,2,14,650,MLSL,1043186.7701980603
11,2,15,650,MLSL,5607592.582375406
11,2,16,650,MLSL,3900610.125436545
11,2,17,650,MLSL,19461488.869270127
11,2,18,650,MLSL,8244635.180026199
11,2,19,650,MLSL,15030292.344041755
11,3,0,650,MLSL,7627247.336821667
11,3,1,650,MLSL,832007.2211780658
11,3,2,650,MLSL,18229326.595201693
11,3,3,650,MLSL,2349166.8650928307
11,3,4,650,MLSL,5868561.43281098
11,3,5,650,MLSL,4736480.552341201
11,3,6,650,MLSL,30613100.31756404
11,3,7,650,MLSL,546283.1610627768
11,3,8,650,MLSL,6334681.212944407
11,3,9,650,MLSL,6353303.455936607
11,3,10,650,MLSL,28472089.624000378
11,3,11,650,MLSL,8614930.493526125
11,3,12,650,MLSL,1146852.4858547533
11,3,13,650,MLSL,8582621.786074331
11,3,14,650,MLSL,2723290.89448429
11,3,15,650,MLSL,15194502.983877756
11,3,16,650,MLSL,4676729.005233557
11,3,17,650,MLSL,6451323.808115422
11,3,18,650,MLSL,11281403.139656113
11,3,19,650,MLSL,22262984.019447085
11,4,0,650,MLSL,9870735.495254332
11,4,1,650,MLSL,4349428.735652949
11,4,2,650,MLSL,24272526.777803425
11,4,3,650,MLSL,3548363.9637298086
11,4,4,650,MLSL,15283848.788543122
11,4,5,650,MLSL,34722786.04848211
11,4,6,650,MLSL,8321731.951987282
11,4,7,650,MLSL,10416768.259061461
11,4,8,650,MLSL,735805.370083462
11,4,9,650,MLSL,2334919.76577956
11,4,10,650,MLSL,22354547.511024505
11,4,11,650,MLSL,4623635.546549268
11,4,12,650,MLSL,6842623.866812075
11,4,13,650,MLSL,47207885.63854522
11,4,14,650,MLSL,2065432.8764656752
11,4,15,650,MLSL,55638802.288265355
11,4,16,650,MLSL,4622600.043570012
11,4,17,650,MLSL,2677045.871438492
11,4,18,650,MLSL,32369751.195998706
11,4,19,650,MLSL,705021.3158801165
11,5,0,650,MLSL,35717939.194775544
11,5,1,650,MLSL,55065084.55292378
11,5,2,650,MLSL,46427758.18744268
11,5,3,650,MLSL,29645013.041438166
11,5,4,650,MLSL,62503925.820148915
11,5,5,650,MLSL,72389594.52142495
11,5,6,650,MLSL,119461668.49440755
11,5,7,650,MLSL,25598371.836653166
11,5,8,650,MLSL,18195871.414621845
11,5,9,650,MLSL,25336642.369150978
11,5,10,650,MLSL,156364028.97264403
11,5,11,650,MLSL,73239363.42676087
11,5,12,650,MLSL,108737448.94312356
11,5,13,650,MLSL,47603955.18619583
11,5,14,650,MLSL,72747722.23088315
11,5,15,650,MLSL,92404363.50619964
11,5,16,650,MLSL,43289221.46421514
11,5,17,650,MLSL,48898489.65281939
11,5,18,650,MLSL,18875921.59528603
11,5,19,650,MLSL,28329184.366366133
11,6,0,650,MLSL,39809886.767555654
11,6,1,650,MLSL,11305475.60175284
11,6,2,650,MLSL,6259213.807339358
11,6,3,650,MLSL,12805712.563899027
11,6,4,650,MLSL,10700844.29573703
11,6,5,650,MLSL,31954583.956346676
11,6,6,650,MLSL,24334351.40767665
11,6,7,650,MLSL,17077313.41045446
11,6,8,650,MLSL,27143693.029590927
11,6,9,650,MLSL,28901987.020890463
11,6,10,650,MLSL,16133438.054464469
11,6,11,650,MLSL,21943887.47451049
11,6,12,650,MLSL,39571132.52267588
11,6,13,650,MLSL,2112877.108656199
11,6,14,650,MLSL,11475022.691414393
11,6,15,650,MLSL,110031958.46468966
11,6,16,650,MLSL,51506003.07294426
11,6,17,650,MLSL,1619589.285681717
11,6,18,650,MLSL,21634035.842577904
11,6,19,650,MLSL,24691066.27890406
11,7,0,650,MLSL,7348733.670446091
11,7,1,650,MLSL,11564116.28746816
11,7,2,650,MLSL,732357.5742934213
11,7,3,650,MLSL,7343990.456539295
11,7,4,650,MLSL,7776925.605661045
11,7,5,650,MLSL,26402534.735312164
11,7,6,650,MLSL,4344705.620881316
11,7,7,650,MLSL,4795802.916885261
11,7,8,650,MLSL,32225402.652374275
11,7,9,650,MLSL,5136962.299395103
11,7,10,650,MLSL,9868290.135855455
11,7,11,650,MLSL,7681069.439513061
11,7,12,650,MLSL,7093970.653445835
11,7,13,650,MLSL,4642087.144480376
11,7,14,650,MLSL,6552825.966884519
11,7,15,650,MLSL,17269682.10407556
11,7,16,650,MLSL,1171412.3750411172
11,7,17,650,MLSL,15950435.903118534
11,7,18,650,MLSL,47336758.0686031
11,7,19,650,MLSL,28151368.593968637
12,1,0,650,MLSL,61936891008.3561
12,1,1,650,MLSL,76228515761.88715
12,1,2,650,MLSL,57231512450.39678
12,1,3,650,MLSL,47745059806.88411
12,1,4,650,MLSL,53229277783.80761
12,1,5,650,MLSL,51280319613.27235
12,1,6,650,MLSL,65060255179.714096
12,1,7,650,MLSL,52920218853.13826
12,1,8,650,MLSL,59978975529.53408
12,1,9,650,MLSL,65197372679.808716
12,1,10,650,MLSL,58852034105.516235
12,1,11,650,MLSL,68779495955.51657
12,1,12,650,MLSL,68921493579.43213
12,1,13,650,MLSL,61279202011.24356
12,1,14,650,MLSL,55362795167.50445
12,1,15,650,MLSL,59644556446.63597
12,1,16,650,MLSL,79746879671.78412
12,1,17,650,MLSL,67823714215.914894
12,1,18,650,MLSL,46179797971.6453
12,1,19,650,MLSL,67628044689.741936
12,2,0,650,MLSL,86756183691.86621
12,2,1,650,MLSL,80572575800.4701
12,2,2,650,MLSL,77012524265.43913
12,2,3,650,MLSL,90563973633.68196
12,2,4,650,MLSL,76270150289.21921
12,2,5,650,MLSL,87139093888.83192
12,2,6,650,MLSL,66074286429.79543
12,2,7,650,MLSL,76873353724.76791
12,2,8,650,MLSL,101363583815.99138
12,2,9,650,MLSL,84300746759.76279
12,2,10,650,MLSL,69894190562.6822
12,2,11,650,MLSL,77670745011.75449
12,2,12,650,MLSL,73258707479.65193
12,2,13,650,MLSL,64709659999.24964
12,2,14,650,MLSL,96346207564.62877
12,2,15,650,MLSL,81438034806.88026
12,2,16,650,MLSL,62189836059.01155
12,2,17,650,MLSL,69741616291.83197
12,2,18,650,MLSL,71939742105.08449
12,2,19,650,MLSL,82175274630.59442
12,3,0,650,MLSL,78288872355.18027
12,3,1,650,MLSL,62227206730.82381
12,3,2,650,MLSL,77949562473.32954
12,3,3,650,MLSL,52101794523.862755
12,3,4,650,MLSL,53070791018.33601
12,3,5,650,MLSL,88894968762.70468
12,3,6,650,MLSL,61689290636.769104
12,3,7,650,MLSL,69809617789.51588
12,3,8,650,MLSL,87402780610.80261
12,3,9,650,MLSL,64860539855.85907
12,3,10,650,MLSL,59280805465.640236
12,3,11,650,MLSL,77461734934.59248
12,3,12,650,MLSL,67020741313.2252
12,3,13,650,MLSL,76401606706.2112
12,3,14,650,MLSL,59972737942.343735
12,3,15,650,MLSL,69341578085.36633
12,3,16,650,MLSL,69545492608.04034
12,3,17,650,MLSL,58749204938.5008
12,3,18,650,MLSL,75552925765.9337
12,3,19,650,MLSL,84010697296.52411
12,4,0,650,MLSL,57908287427.68084
12,4,1,650,MLSL,75297144849.25845
12,4,2,650,MLSL,65117751917.41133
12,4,3,650,MLSL,58071899994.69902
12,4,4,650,MLSL,87958401432.36945
12,4,5,650,MLSL,65847844821.10815
12,4,6,650,MLSL,58594040964.1417
12,4,7,650,MLSL,57823519268.64731
12,4,8,650,MLSL,74843983993.61778
12,4,9,650,MLSL,63018534296.5876
12,4,10,650,MLSL,57932630578.43937
12,4,11,650,MLSL,53102687107.01189
12,4,12,650,MLSL,64047802555.05197
12,4,13,650,MLSL,59764815281.29995
12,4,14,650,MLSL,61850974730.80774
12,4,15,650,MLSL,71112675565.4165
12,4,16,650,MLSL,86461514477.98804
12,4,17,650,MLSL,62991526636.11542
12,4,18,650,MLSL,60200871901.73919
12,4,19,650,MLSL,76626250745.43631
12,5,0,650,MLSL,68694986403.393875
12,5,1,650,MLSL,61006916212.58242
12,5,2,650,MLSL,62396882181.185455
12,5,3,650,MLSL,67193342329.671555
12,5,4,650,MLSL,66400003755.51559
12,5,5,650,MLSL,60697215275.826225
12,5,6,650,MLSL,65406365200.16379
12,5,7,650,MLSL,61166923914.65516
12,5,8,650,MLSL,64953709157.64458
12,5,9,650,MLSL,43489720122.46204
12,5,10,650,MLSL,43756547145.30815
12,5,11,650,MLSL,63132508226.43931
12,5,12,650,MLSL,59413435829.09995
12,5,13,650,MLSL,61819353435.76359
12,5,14,650,MLSL,42765535355.544266
12,5,15,650,MLSL,53034103609.2431
12,5,16,650,MLSL,50601201226.61831
12,5,17,650,MLSL,58896547932.59086
12,5,18,650,MLSL,63766913677.14243
12,5,19,650,MLSL,72621639387.64993
12,6,0,650,MLSL,80754858169.67906
12,6,1,650,MLSL,70423097648.19243
12,6,2,650,MLSL,80055627104.53477
12,6,3,650,MLSL,79316857342.53297
12,6,4,650,MLSL,68290086613.14213
12,6,5,650,MLSL,98948576032.06143
12,6,6,650,MLSL,73995832452.71387
12,6,7,650,MLSL,65468955054.43655
12,6,8,650,MLSL,76914603919.96553
12,6,9,650,MLSL,84789949695.67851
12,6,10,650,MLSL,72918494362.2734
12,6,11,650,MLSL,72275438759.27512
12,6,12,650,MLSL,69088361879.81482
12,6,13,650,MLSL,70430978397.57994
12,6,14,650,MLSL,90255422370.98997
12,6,15,650,MLSL,83772713067.27881
12,6,16,650,MLSL,74475558518.48706
12,6,17,650,MLSL,90474314636.70094
12,6,18,650,MLSL,67293381373.76896
12,6,19,650,MLSL,79331346836.33815
12,7,0,650,MLSL,77365760692.9152
12,7,1,650,MLSL,69770024089.21944
12,7,2,650,MLSL,80621774773.30753
12,7,3,650,MLSL,72771728663.3114
12,7,4,650,MLSL,94468085628.88039
12,7,5,650,MLSL,58190099856.13875
12,7,6,650,MLSL,72238104727.05502
12,7,7,650,MLSL,63778090415.17134
12,7,8,650,MLSL,72604335928.28293
12,7,9,650,MLSL,83354590248.3114
12,7,10,650,MLSL,68064225730.445015
12,7,11,650,MLSL,82424645861.70775
12,7,12,650,MLSL,93705542551.23882
12,7,13,650,MLSL,71672767860.58093
12,7,14,650,MLSL,67823053997.70007
12,7,15,650,MLSL,65778302025.69663
12,7,16,650,MLSL,81296150686.9224
12,7,17,650,MLSL,87199577035.92035
12,7,18,650,MLSL,73150418644.42914
12,7,19,650,MLSL,81317967433.79213
13,1,0,650,MLSL,1206632.4101809599
13,1,1,650,MLSL,1141231.769493552
13,1,2,650,MLSL,1195008.6462441206
13,1,3,650,MLSL,1118044.0451599644
13,1,4,650,MLSL,1026258.162013679
13,1,5,650,MLSL,1194748.019959633
13,1,6,650,MLSL,1165190.9433110417
13,1,7,650,MLSL,1257563.3505924926
13,1,8,650,MLSL,1204615.2799911082
13,1,9,650,MLSL,1238764.7329238933
13,1,10,650,MLSL,1278013.631926633
13,1,11,650,MLSL,1275898.6613904524
13,1,12,650,MLSL,1228107.8583876737
13,1,13,650,MLSL,1174692.6752554919
13,1,14,650,MLSL,1116211.6489776683
13,1,15,650,MLSL,1286412.8095648927
13,1,16,650,MLSL,1098491.5609635185
13,1,17,650,MLSL,1139349.279821045
13,1,18,650,MLSL,1176545.5208641458
13,1,19,650,MLSL,1294504.8211832684
13,2,0,650,MLSL,1219845.3679470092
13,2,1,650,MLSL,1268778.364686667
13,2,2,650,MLSL,1312033.8371725408
13,2,3,650,MLSL,1196768.429658156
13,2,4,650,MLSL,1223858.3971427872
13,2,5,650,MLSL,1320674.6947706584
13,2,6,650,MLSL,1156862.1369771068
13,2,7,650,MLSL,1333209.384433938
13,2,8,650,MLSL,1200757.2490151424
13,2,9,650,MLSL,1338733.9032701189
13,2,10,650,MLSL,1380804.3117986685
13,2,11,650,MLSL,1284186.3223208357
13,2,12,650,MLSL,1333441.2801021717
13,2,13,650,MLSL,1378091.2162991068
13,2,14,650,MLSL,1376357.379305275
13,2,15,650,MLSL,1306892.484592937
13,2,16,650,MLSL,1409539.317543332
13,2,17,650,MLSL,1236860.2273012856
13,2,18,650,MLSL,1275802.3481161688
13,2,19,650,MLSL,1345285.4008124277
13,3,0,650,MLSL,1201299.764298158
13,3,1,650,MLSL,1306868.6767280137
13,3,2,650,MLSL,1265029.9101017055
13,3,3,650,MLSL,1300110.0019052462
13,3,4,650,MLSL,1221492.6030705236
13,3,5,650,MLSL,1300704.005553977
13,3,6,650,MLSL,1322434.7493520896
13,3,7,650,MLSL,1424361.1626933832
13,3,8,650,MLSL,1190509.969258153
13,3,9,650,MLSL,1286279.9310646579
13,3,10,650,MLSL,1181108.5704433732
13,3,11,650,MLSL,1267322.200102901
13,3,12,650,MLSL,1360436.5968624833
13,3,13,650,MLSL,1249018.61571087
13,3,14,650,MLSL,1169564.3849566788
13,3,15,650,MLSL,1191536.4988270628
13,3,16,650,MLSL,1277239.9413012224
13,3,17,650,MLSL,1447709.1595503583
13,3,18,650,MLSL,1335668.9874983488
13,3,19,650,MLSL,1302355.2725683316
13,4,0,650,MLSL,1125132.2237526686
13,4,1,650,MLSL,1196191.2008046573
13,4,2,650,MLSL,1273968.5395283732
13,4,3,650,MLSL,1153505.670464423
13,4,4,650,MLSL,1101732.4290196633
13,4,5,650,MLSL,1149614.7375975838
13,4,6,650,MLSL,1256457.444885388
13,4,7,650,MLSL,1102764.7774744362
13,4,8,650,MLSL,1258503.0110723036
13,4,9,650,MLSL,1261580.067942858
13,4,10,650,MLSL,1206754.0733211776
13,4,11,650,MLSL,1170592.3486427043
13,4,12,650,MLSL,1176708.1384713654
13,4,13,650,MLSL,1280665.9841248263
13,4,14,650,MLSL,1332423.4358390896
13,4,15,650,MLSL,1303762.1750070755
13,4,16,650,MLSL,1235629.2374491165
13,4,17,650,MLSL,1210359.598157953
13,4,18,650,MLSL,1084244.2934436975
13,4,19,650,MLSL,1198689.4868786442
13,5,0,650,MLSL,1131549.1583526572
13,5,1,650,MLSL,1249627.2410055376
13,5,2,650,MLSL,1150724.6190976615
13,5,3,650,MLSL,1132348.5289598736
13,5,4,650,MLSL,1278829.5024742475
13,5,5,650,MLSL,1176842.2302372144
13,5,6,650,MLSL,1343390.8966246876
13,5,7,650,MLSL,1197627.096749031
13,5,8,650,MLSL,1165592.425944866
13,5,9,650,MLSL,1115819.413473578
13,5,10,650,MLSL,1167337.415316226
13,5,11,650,MLSL,1261394.431435831
13,5,12,650,MLSL,1220602.6236148963
13,5,13,650,MLSL,1265427.0683052791
13,5,14,650,MLSL,1228470.3203415372
13,5,15,650,MLSL,1253482.679849578
13,5,16,650,MLSL,1328302.9554001654
13,5,17,650,MLSL,1188494.9237661078
13,5,18,650,MLSL,1153653.627653333
13,5,19,650,MLSL,1226612.6052508631
13,6,0,650,MLSL,1241909.062698831
13,6,1,650,MLSL,1187435.682728995
13,6,2,650,MLSL,1288218.0845342875
13,6,3,650,MLSL,1068710.625378951
13,6,4,650,MLSL,1165374.4172734232
13,6,5,650,MLSL,1198187.6653763794
13,6,6,650,MLSL,1116609.3803635892
13,6,7,650,MLSL,1229786.3343577955
13,6,8,650,MLSL,1295782.4054447971
13,6,9,650,MLSL,1194813.3959100437
13,6,10,650,MLSL,1323282.0984625542
13,6,11,650,MLSL,1123583.2224953412
13,6,12,650,MLSL,1253325.8895800435
13,6,13,650,MLSL,1185471.1184546598
13,6,14,650,MLSL,1221166.2545669372
13,6,15,650,MLSL,1150038.7095418596
13,6,16,650,MLSL,1116592.9952557646
13,6,17,650,MLSL,1092453.6233820848
13,6,18,650,MLSL,1234418.0315161953
13,6,19,650,MLSL,1145455.4677260905
13,7,0,650,MLSL,1189297.154779323
13,7,1,650,MLSL,1236741.2566483128
13,7,2,650,MLSL,1115169.7865090917
13,7,3,650,MLSL,1180863.4329358055
13,7,4,650,MLSL,1357613.5089079938
13,7,5,650,MLSL,1131691.7039665263
13,7,6,650,MLSL,1150008.7221528664
13,7,7,650,MLSL,1101855.4395567188
13,7,8,650,MLSL,1248597.9985895029
13,7,9,650,MLSL,1186026.7641752255
13,7,10,650,MLSL,1193072.0512204648
13,7,11,650,MLSL,1083215.1907939191
13,7,12,650,MLSL,1124657.5166108252
13,7,13,650,MLSL,1155541.6301983732
13,7,14,650,MLSL,1312945.144141029
13,7,15,650,MLSL,1285451.0748588692
13,7,16,650,MLSL,1179487.5427665059
13,7,17,650,MLSL,1250380.1140825911
13,7,18,650,MLSL,1275529.1969871686
13,7,19,650,MLSL,1172986.7567184544
14,1,0,650,MLSL,15518.058486818547
14,1,1,650,MLSL,18122.5485931064
14,1,2,650,MLSL,20731.67794886629
14,1,3,650,MLSL,17424.171207010833
14,1,4,650,MLSL,19023.16050169157
14,1,5,650,MLSL,16827.160633674866
14,1,6,650,MLSL,16292.652994097705
14,1,7,650,MLSL,17503.09381618864
14,1,8,650,MLSL,18100.411101079364
14,1,9,650,MLSL,15732.431346645368
14,1,10,650,MLSL,16820.184604045735
14,1,11,650,MLSL,18826.060498837982
14,1,12,650,MLSL,24189.181038803763
14,1,13,650,MLSL,17680.458909649562
14,1,14,650,MLSL,18676.517003821962
14,1,15,650,MLSL,16426.54471609545
14,1,16,650,MLSL,19446.399155887775
14,1,17,650,MLSL,20597.92134043562
14,1,18,650,MLSL,19837.462990710163
14,1,19,650,MLSL,16122.544595150051
14,2,0,650,MLSL,15413.452644010058
14,2,1,650,MLSL,12973.595684075997
14,2,2,650,MLSL,17283.926188056572
14,2,3,650,MLSL,14884.416206895952
14,2,4,650,MLSL,13890.923288357404
14,2,5,650,MLSL,14043.646899820385
14,2,6,650,MLSL,16714.332274255852
14,2,7,650,MLSL,16734.321016946396
14,2,8,650,MLSL,15203.30910821973
14,2,9,650,MLSL,16804.292185475977
14,2,10,650,MLSL,17440.185605757455
14,2,11,650,MLSL,20979.366508282663
14,2,12,650,MLSL,18193.530846558944
14,2,13,650,MLSL,21161.151582517006
14,2,14,650,MLSL,21623.51972844776
14,2,15,650,MLSL,15970.892664397748
14,2,16,650,MLSL,14221.421709089183
14,2,17,650,MLSL,16547.75604148248
14,2,18,650,MLSL,15911.637881686944
14,2,19,650,MLSL,14243.31674488695
14,3,0,650,MLSL,19053.81063857446
14,3,1,650,MLSL,19296.802879138388
14,3,2,650,MLSL,16224.757574560597
14,3,3,650,MLSL,13424.680199809078
14,3,4,650,MLSL,14210.007213181672
14,3,5,650,MLSL,18094.937311839094
14,3,6,650,MLSL,20047.378643288183
14,3,7,650,MLSL,11520.49939859877
14,3,8,650,MLSL,18752.91063077917
14,3,9,650,MLSL,15870.106620746528
14,3,10,650,MLSL,13342.563376991984
14,3,11,650,MLSL,15932.982968299559
14,3,12,650,MLSL,13518.843104898879
14,3,13,650,MLSL,15366.781935083976
14,3,14,650,MLSL,15478.729831055858
14,3,15,650,MLSL,14238.585351255831
14,3,16,650,MLSL,14516.342041287244
14,3,17,650,MLSL,14694.309883564607
14,3,18,650,MLSL,16185.583982638615
14,3,19,650,MLSL,17856.41673703589
14,4,0,650,MLSL,17484.38347792691
14,4,1,650,MLSL,14075.585959960485
14,4,2,650,MLSL,21620.174072702277
14,4,3,650,MLSL,16247.807263274235
14,4,4,650,MLSL,15720.063247459093
14,4,5,650,MLSL,14944.765873491175
14,4,6,650,MLSL,13082.147980802885
14,4,7,650,MLSL,21127.18186291895
14,4,8,650,MLSL,14029.249798220048
14,4,9,650,MLSL,19171.398054165613
14,4,10,650,MLSL,16665.238387145364
14,4,11,650,MLSL,14124.794198880147
14,4,12,650,MLSL,19790.64034153399
14,4,13,650,MLSL,13963.304164446032
14,4,14,650,MLSL,15642.008978005326
14,4,15,650,MLSL,15153.365146712462
14,4,16,650,MLSL,15639.784711481305
14,4,17,650,MLSL,19113.09043880455
14,4,18,650,MLSL,17810.280441185503
14,4,19,650,MLSL,14468.495595015687
14,5,0,650,MLSL,18779.806709070355
14,5,1,650,MLSL,21699.476315189153
14,5,2,650,MLSL,19458.60386874366
14,5,3,650,MLSL,18258.192684401623
14,5,4,650,MLSL,15312.65357903083
14,5,5,650,MLSL,16894.60361101559
14,5,6,650,MLSL,15198.04072870087
14,5,7,650,MLSL,16929.21318263833
14,5,8,650,MLSL,17592.172633516995
14,5,9,650,MLSL,18920.240521091346
14,5,10,650,MLSL,18476.895090323065
14,5,11,650,MLSL,18809.20445307131
14,5,12,650,MLSL,16962.706410762392
14,5,13,650,MLSL,19574.87681713589
14,5,14,650,MLSL,18444.352214129158
14,5,15,650,MLSL,19031.794865348988
14,5,16,650,MLSL,16245.350728270068
14,5,17,650,MLSL,16408.835808999338
14,5,18,650,MLSL,17609.06835147005
14,5,19,650,MLSL,18110.013313354197
14,6,0,650,MLSL,18454.013724098862
14,6,1,650,MLSL,16352.035033746488
14,6,2,650,MLSL,20227.017401372348
14,6,3,650,MLSL,18832.159151174565
14,6,4,650,MLSL,20675.771017312152
14,6,5,650,MLSL,20790.32819351909
14,6,6,650,MLSL,18923.35027918443
14,6,7,650,MLSL,18793.11633897707
14,6,8,650,MLSL,17424.111986505235
14,6,9,650,MLSL,16972.564780908233
14,6,10,650,MLSL,17080.164111136604
14,6,11,650,MLSL,18374.07414660061
14,6,12,650,MLSL,23398.343963265124
14,6,13,650,MLSL,15250.492745026879
14,6,14,650,MLSL,20376.821683585487
14,6,15,650,MLSL,17193.395987808024
14,6,16,650,MLSL,18106.714327635436
14,6,17,650,MLSL,12853.029750068312
14,6,18,650,MLSL,18248.013200381778
14,6,19,650,MLSL,19125.013691496373
14,7,0,650,MLSL,14704.533866331221
14,7,1,650,MLSL,16542.11085886601
14,7,2,650,MLSL,19481.69653099574
14,7,3,650,MLSL,18596.189829945695
14,7,4,650,MLSL,15042.168218030743
14,7,5,650,MLSL,13878.065672673687
14,7,6,650,MLSL,14367.021808419413
14,7,7,650,MLSL,16201.148069422354
14,7,8,650,MLSL,17530.42532549769
14,7,9,650,MLSL,20013.157663216036
14,7,10,650,MLSL,13390.967575226874
14,7,11,650,MLSL,15044.488449881997
14,7,12,650,MLSL,22133.54804877506
14,7,13,650,MLSL,15440.343316406608
14,7,14,650,MLSL,17603.202000799796
14,7,15,650,MLSL,17883.869448732457
14,7,16,650,MLSL,17108.2059355788
14,7,17,650,MLSL,17562.277203585607
14,7,18,650,MLSL,14277.714517107834
14,7,19,650,MLSL,16057.331697145855
15,1,0,650,MLSL,598136.3611350779
15,1,1,650,MLSL,688816.2780462663
15,1,2,650,MLSL,574928.2575347058
15,1,3,650,MLSL,673148.2081453161
15,1,4,650,MLSL,621196.4873921848
15,1,5,650,MLSL,644106.365972364
15,1,6,650,MLSL,569526.5033688596
15,1,7,650,MLSL,634957.4461584495
15,1,8,650,MLSL,617245.6428445287
15,1,9,650,MLSL,689612.4550002697
15,1,10,650,MLSL,639165.7282702086
15,1,11,650,MLSL,634688.6350301426
15,1,12,650,MLSL,633744.1377405742
15,1,13,650,MLSL,591322.8804755618
15,1,14,650,MLSL,595080.8251323012
15,1,15,650,MLSL,586120.0533889721
15,1,16,650,MLSL,642553.1806702004
15,1,17,650,MLSL,623564.1307084869
15,1,18,650,MLSL,618953.3632571269
15,1,19,650,MLSL,636885.7611709132
15,2,0,650,MLSL,599431.259063039
15,2,1,650,MLSL,653289.9347657739
15,2,2,650,MLSL,602545.1602066006
15,2,3,650,MLSL,625683.1960699526
15,2,4,650,MLSL,648011.5009697617
15,2,5,650,MLSL,616809.3388153305
15,2,6,650,MLSL,658629.0322362506
15,2,7,650,MLSL,568140.7784937572
15,2,8,650,MLSL,632210.7602757353
15,2,9,650,MLSL,618315.4403743623
15,2,10,650,MLSL,687266.6177586247
15,2,11,650,MLSL,627815.8860413501
15,2,12,650,MLSL,651679.8407931933
15,2,13,650,MLSL,669757.142653182
15,2,14,650,MLSL,612068.0404174092
15,2,15,650,MLSL,573643.3420875592
15,2,16,650,MLSL,648642.2764706207
15,2,17,650,MLSL,622374.8248218875
15,2,18,650,MLSL,617348.7989066257
15,2,19,650,MLSL,684049.4705197717
15,3,0,650,MLSL,664312.7669428219
15,3,1,650,MLSL,531204.8422657338
15,3,2,650,MLSL,587646.8446251387
15,3,3,650,MLSL,589265.1905964811
15,3,4,650,MLSL,624731.4753629892
15,3,5,650,MLSL,633072.2909340526
15,3,6,650,MLSL,544395.8806212074
15,3,7,650,MLSL,623242.0222941207
15,3,8,650,MLSL,505505.6129008464
15,3,9,650,MLSL,612063.8325049356
15,3,10,650,MLSL,598432.5743937949
15,3,11,650,MLSL,576444.0595288123
15,3,12,650,MLSL,598511.8175574281
15,3,13,650,MLSL,614834.1998295058
15,3,14,650,MLSL,565857.2437220478
15,3,15,650,MLSL,608100.9947164484
15,3,16,650,MLSL,669942.1209639311
15,3,17,650,MLSL,602642.8228657453
15,3,18,650,MLSL,592991.5595845699
15,3,19,650,MLSL,642557.8778741193
15,4,0,650,MLSL,625478.4297137591
15,4,1,650,MLSL,668392.9590966242
15,4,2,650,MLSL,659661.7635628631
15,4,3,650,MLSL,570981.2520670801
15,4,4,650,MLSL,618323.7248836433
15,4,5,650,MLSL,578197.9106420224
15,4,6,650,MLSL,662781.0213079106
15,4,7,650,MLSL,628404.1146129494
15,4,8,650,MLSL,629064.4845285198
15,4,9,650,MLSL,620274.8410278508
15,4,10,650,MLSL,653974.8607605663
15,4,11,650,MLSL,618749.787318871
15,4,12,650,MLSL,649188.9902224515
15,4,13,650,MLSL,553234.4842537558
15,4,14,650,MLSL,579987.3064364323
15,4,15,650,MLSL,642220.7573380722
15,4,16,650,MLSL,604469.6763797579
15,4,17,650,MLSL,600439.3523460971
15,4,18,650,MLSL,666664.1896087327
15,4,19,650,MLSL,682028.196434249
15,5,0,650,MLSL,607548.0119016665
15,5,1,650,MLSL,611894.6779249861
15,5,2,650,MLSL,606320.3002453642
15,5,3,650,MLSL,563060.3682993471
15,5,4,650,MLSL,597687.5483308204
15,5,5,650,MLSL,590806.4955948679
15,5,6,650,MLSL,602888.7700999686
15,5,7,650,MLSL,545593.0532560901
15,5,8,650,MLSL,568931.5015938387
15,5,9,650,MLSL,578204.6933463868
15,5,10,650,MLSL,622838.3395294447
15,5,11,650,MLSL,599148.3318679966
15,5,12,650,MLSL,608732.2096590314
15,5,13,650,MLSL,591750.6792136328
15,5,14,650,MLSL,617658.1954210381
15,5,15,650,MLSL,592797.4938033617
15,5,16,650,MLSL,561139.5108395126
15,5,17,650,MLSL,609770.1454832432
15,5,18,650,MLSL,520500.64683001867
15,5,19,650,MLSL,586244.0052965126
15,6,0,650,MLSL,615539.0180928583
15,6,1,650,MLSL,608755.5807350484
15,6,2,650,MLSL,660177.8251289838
15,6,3,650,MLSL,700152.6309026653
15,6,4,650,MLSL,626240.5122297086
15,6,5,650,MLSL,585160.0344964755
15,6,6,650,MLSL,630783.1310091647
15,6,7,650,MLSL,632126.5791396184
15,6,8,650,MLSL,633678.8237629388
15,6,9,650,MLSL,707912.8206969997
15,6,10,650,MLSL,610064.3721104198
15,6,11,650,MLSL,669221.2492612662
15,6,12,650,MLSL,643240.3707531423
15,6,13,650,MLSL,674531.7328392547
15,6,14,650,MLSL,693649.5422525874
15,6,15,650,MLSL,611648.1109679147
15,6,16,650,MLSL,649516.7821806289
15,6,17,650,MLSL,627440.3342334561
15,6,18,650,MLSL,597109.9002332154
15,6,19,650,MLSL,663164.231568322
15,7,0,650,MLSL,640639.6401733018
15,7,1,650,MLSL,652565.827858919
15,7,2,650,MLSL,628670.5041298706
15,7,3,650,MLSL,610361.6244120233
15,7,4,650,MLSL,632172.3430807153
15,7,5,650,MLSL,637166.5270723068
15,7,6,650,MLSL,616552.0392488455
15,7,7,650,MLSL,716116.4329911374
15,7,8,650,MLSL,603717.4251570655
15,7,9,650,MLSL,659036.429125766
15,7,10,650,MLSL,578726.9022799518
15,7,11,650,MLSL,623721.2260876994
15,7,12,650,MLSL,533776.5109261426
15,7,13,650,MLSL,642322.1107034327
15,7,14,650,MLSL,637143.8235985965
15,7,15,650,MLSL,590366.1865754172
15,7,16,650,MLSL,578216.4847943634
15,7,17,650,MLSL,649305.8710844944
15,7,18,650,MLSL,587878.6887013813
15,7,19,650,MLSL,585267.9867786176
16,1,0,650,MLSL,41662.214678036755
16,1,1,650,MLSL,42794.868545964324
16,1,2,650,MLSL,40850.726616940316
16,1,3,650,MLSL,44212.30558399331
16,1,4,650,MLSL,35127.021625062065
16,1,5,650,MLSL,41294.8838529437
16,1,6,650,MLSL,40842.10099037027
16,1,7,650,MLSL,45588.07277965805
16,1,8,650,MLSL,44423.72611557218
16,1,9,650,MLSL,42007.906818402815
16,1,10,650,MLSL,33413.284596278274
16,1,11,650,MLSL,41798.99975748953
16,1,12,650,MLSL,41220.08924842203
16,1,13,650,MLSL,41288.61793351548
16,1,14,650,MLSL,44600.74283489447
16,1,15,650,MLSL,46616.263229488635
16,1,16,650,MLSL,45725.67113765627
16,1,17,650,MLSL,45711.198842201375
16,1,18,650,MLSL,44176.07039581361
16,1,19,650,MLSL,40370.33500978074
16,2,0,650,MLSL,46851.15865655873
16,2,1,650,MLSL,43436.04997635989
16,2,2,650,MLSL,38328.090559551
16,2,3,650,MLSL,43552.00284631961
16,2,4,650,MLSL,40612.66112082731
16,2,5,650,MLSL,44358.23806847787
16,2,6,650,MLSL,39959.547889729816
16,2,7,650,MLSL,41775.51559966863
16,2,8,650,MLSL,40549.46838878708
16,2,9,650,MLSL,41572.13838960374
16,2,10,650,MLSL,42378.61250457133
16,2,11,650,MLSL,45059.73489007857
16,2,12,650,MLSL,44035.72330495825
16,2,13,650,MLSL,41423.208013675074
16,2,14,650,MLSL,42558.62632415229
16,2,15,650,MLSL,43200.692806528066
16,2,16,650,MLSL,43260.53237826766
16,2,17,650,MLSL,41436.37992180197
16,2,18,650,MLSL,40673.0280538278
16,2,19,650,MLSL,43971.1126643262
16,3,0,650,MLSL,46989.19870894856
16,3,1,650,MLSL,41544.22314411937
16,3,2,650,MLSL,37489.846412538885
16,3,3,650,MLSL,45852.27793089255
16,3,4,650,MLSL,39726.43000450682
16,3,5,650,MLSL,41458.02582833878
16,3,6,650,MLSL,39225.80046737023
16,3,7,650,MLSL,41565.47995559803
16,3,8,650,MLSL,38333.848255062825
16,3,9,650,MLSL,40732.02130443121
16,3,10,650,MLSL,45726.47558824139
16,3,11,650,MLSL,40640.966768343926
16,3,12,650,MLSL,41162.500355500844
16,3,13,650,MLSL,43338.558920547264
16,3,14,650,MLSL,38669.87593232088
16,3,15,650,MLSL,44712.083017156285
16,3,16,650,MLSL,45204.57634572161
16,3,17,650,MLSL,46997.30906224413
16,3,18,650,MLSL,42944.63241389523
16,3,19,650,MLSL,42455.119205155264
16,4,0,650,MLSL,42321.69544151868
16,4,1,650,MLSL,39689.47703694593
16,4,2,650,MLSL,47685.837392192596
16,4,3,650,MLSL,45872.09968779402
16,4,4,650,MLSL,45104.158851729866
16,4,5,650,MLSL,44884.67004071217
16,4,6,650,MLSL,43076.62834665913
16,4,7,650,MLSL,35770.01104954249
16,4,8,650,MLSL,33424.54772363753
16,4,9,650,MLSL,38612.32651560215
16,4,10,650,MLSL,43747.179434966296
16,4,11,650,MLSL,40908.99267638443
16,4,12,650,MLSL,43571.7402899071
16,4,13,650,MLSL,44346.2500561975
16,4,14,650,MLSL,38485.4996607043
16,4,15,650,MLSL,47068.01760979371
16,4,16,650,MLSL,41640.9558767557
16,4,17,650,MLSL,44792.50734628613
16,4,18,650,MLSL,43190.06857567569
16,4,19,650,MLSL,42598.407032770876
16,5,0,650,MLSL,42611.577796739715
16,5,1,650,MLSL,34734.40715558462
16,5,2,650,MLSL,46916.71728190189
16,5,3,650,MLSL,39073.286674407274
16,5,4,650,MLSL,37614.49221382089
16,5,5,650,MLSL,44609.072978210505
16,5,6,650,MLSL,36473.78841436986
16,5,7,650,MLSL,45436.34269707317
16,5,8,650,MLSL,45690.819494395284
16,5,9,650,MLSL,47074.69946881228
16,5,10,650,MLSL,34560.36337568519
16,5,11,650,MLSL,41914.51194275389
16,5,12,650,MLSL,43753.71058964658
16,5,13,650,MLSL,43685.70408374796
16,5,14,650,MLSL,46034.83572659157
16,5,15,650,MLSL,41723.661320070925
16,5,16,650,MLSL,39172.6612462816
16,5,17,650,MLSL,38680.740876595584
16,5,18,650,MLSL,45958.15870072966
16,5,19,650,MLSL,45670.94522582904
16,6,0,650,MLSL,41034.27068760985
16,6,1,650,MLSL,38410.71183303595
16,6,2,650,MLSL,40369.01179668597
16,6,3,650,MLSL,40915.48993059959
16,6,4,650,MLSL,38598.18569682271
16,6,5,650,MLSL,37473.06570100335
16,6,6,650,MLSL,44063.28620106219
16,6,7,650,MLSL,38287.206827388385
16,6,8,650,MLSL,42753.08530084865
16,6,9,650,MLSL,37156.865875642485
16,6,10,650,MLSL,43531.56199142033
16,6,11,650,MLSL,43694.60716490865
16,6,12,650,MLSL,42317.05135071269
16,6,13,650,MLSL,46897.30330824138
16,6,14,650,MLSL,43617.79147132651
16,6,15,650,MLSL,41178.10494721413
16,6,16,650,MLSL,42318.70153754553
16,6,17,650,MLSL,41535.58077886919
16,6,18,650,MLSL,40685.19327201392
16,6,19,650,MLSL,43897.47744295173
16,7,0,650,MLSL,42543.8421376004
16,7,1,650,MLSL,35947.22210432413
16,7,2,650,MLSL,43342.019286950665
16,7,3,650,MLSL,47356.36394414106
16,7,4,650,MLSL,39683.62773425239
16,7,5,650,MLSL,44956.68909614873
16,7,6,650,MLSL,43275.73543474503
16,7,7,650,MLSL,43614.92835623754
16,7,8,650,MLSL,42597.50673011484
16,7,9,650,MLSL,46937.92909218279
16,7,10,650,MLSL,42034.3942270456
16,7,11,650,MLSL,39580.95926311445
16,7,12,650,MLSL,45227.421233312576
16,7,13,650,MLSL,43724.20139079644
16,7,14,650,MLSL,40353.916262853774
16,7,15,650,MLSL,38124.07824375332
16,7,16,650,MLSL,41749.11977678309
16,7,17,650,MLSL,44108.27517624626
16,7,18,650,MLSL,42833.96484187193
16,7,19,650,MLSL,43886.20413680516
17,1,0,650,MLSL,7071.761017696774
17,1,1,650,MLSL,5825.411150198389
17,1,2,650,MLSL,6489.767798615414
17,1,3,650,MLSL,6731.279546715029
17,1,4,650,MLSL,5581.399137108888
17,1,5,650,MLSL,7970.913334064842
17,1,6,650,MLSL,5610.698479527384
17,1,7,650,MLSL,5451.222228321811
17,1,8,650,MLSL,6709.208820255517
17,1,9,650,MLSL,5980.812021095695
17,1,10,650,MLSL,5851.213076837064
17,1,11,650,MLSL,5928.678303207045
17,1,12,650,MLSL,6808.730184924158
17,1,13,650,MLSL,5501.21644480157
17,1,14,650,MLSL,6888.693228712106
17,1,15,650,MLSL,5561.877419376364
17,1,16,650,MLSL,6793.1338915981505
17,1,17,650,MLSL,6105.680331846586
17,1,18,650,MLSL,6391.254504118217
17,1,19,650,MLSL,6594.520069508826
17,2,0,650,MLSL,6125.991701233363
17,2,1,650,MLSL,6896.560257368225
17,2,2,650,MLSL,7164.645280633564
17,2,3,650,MLSL,7857.36723418527
17,2,4,650,MLSL,6310.964813902242
17,2,5,650,MLSL,6841.098282761615
17,2,6,650,MLSL,7079.078088522574
17,2,7,650,MLSL,7052.777669716374
17,2,8,650,MLSL,6908.399793700727
17,2,9,650,MLSL,5634.187046919764
17,2,10,650,MLSL,6032.776340720642
17,2,11,650,MLSL,7162.167211128608
17,2,12,650,MLSL,6609.829239318331
17,2,13,650,MLSL,6945.483463902352
17,2,14,650,MLSL,5871.169469734225
17,2,15,650,MLSL,7011.426217569366
17,2,16,650,MLSL,6340.6868103209035
17,2,17,650,MLSL,7355.3858803721705
17,2,18,650,MLSL,6607.29790010217
17,2,19,650,MLSL,6420.665710004303
17,3,0,650,MLSL,5747.34242181569
17,3,1,650,MLSL,6934.9991697548885
17,3,2,650,MLSL,7273.252301481958
17,3,3,650,MLSL,6951.14666524358
17,3,4,650,MLSL,6843.288234832973
17,3,5,650,MLSL,5850.240022034424
17,3,6,650,MLSL,6759.158639825842
17,3,7,650,MLSL,7611.839416550876
17,3,8,650,MLSL,6860.527736526628
17,3,9,650,MLSL,8265.457870864444
17,3,10,650,MLSL,6614.75848484827
17,3,11,650,MLSL,7066.325911520442
17,3,12,650,MLSL,6111.4516837245865
17,3,13,650,MLSL,7751.537948095861
17,3,14,650,MLSL,7640.949326279831
17,3,15,650,MLSL,8507.443778374352
17,3,16,650,MLSL,9375.620595782151
17,3,17,650,MLSL,7158.626341328871
17,3,18,650,MLSL,6965.224068737915
17,3,19,650,MLSL,7228.933471896815
17,4,0,650,MLSL,7348.079500078875
17,4,1,650,MLSL,6585.869090495697
17,4,2,650,MLSL,5921.801810045065
17,4,3,650,MLSL,6702.130384850843
17,4,4,650,MLSL,5648.568695953009
17,4,5,650,MLSL,6266.927708364259
17,4,6,650,MLSL,4939.817764281181
17,4,7,650,MLSL,6198.636537276561
17,4,8,650,MLSL,6399.173825136131
17,4,9,650,MLSL,5932.841931175222
17,4,10,650,MLSL,5294.806090117574
17,4,11,650,MLSL,7119.591904419456
17,4,12,650,MLSL,6456.450981321599
17,4,13,650,MLSL,7194.0414748157855
17,4,14,650,MLSL,7189.6008239821185
17,4,15,650,MLSL,7426.126200023109
17,4,16,650,MLSL,6093.191331408358
17,4,17,650,MLSL,7339.754254197414
17,4,18,650,MLSL,5087.638243610838
17,4,19,650,MLSL,7195.130127566494
17,5,0,650,MLSL,6585.845454844865
17,5,1,650,MLSL,6877.33637391087
17,5,2,650,MLSL,5927.744886359266
17,5,3,650,MLSL,7933.851703811119
17,5,4,650,MLSL,6438.733329141944
17,5,5,650,MLSL,6684.749011444297
17,5,6,650,MLSL,6672.999241855755
17,5,7,650,MLSL,7078.349917536062
17,5,8,650,MLSL,5981.166349374456
17,5,9,650,MLSL,7127.205241116182
17,5,10,650,MLSL,6081.957163203269
17,5,11,650,MLSL,6109.0362424973155
17,5,12,650,MLSL,5977.303325658788
17,5,13,650,MLSL,7055.085820785006
17,5,14,650,MLSL,7147.385814758496
17,5,15,650,MLSL,7584.55484766545
17,5,16,650,MLSL,7805.375904160188
17,5,17,650,MLSL,7173.033816268535
17,5,18,650,MLSL,6531.3661190799485
17,5,19,650,MLSL,6861.176279102373
17,6,0,650,MLSL,5965.627848707888
17,6,1,650,MLSL,5110.658614979651
17,6,2,650,MLSL,6906.796631963036
17,6,3,650,MLSL,6790.316198792588
17,6,4,650,MLSL,6024.332871942761
17,6,5,650,MLSL,7320.416843544328
17,6,6,650,MLSL,5892.9791024966
17,6,7,650,MLSL,6181.1788264465295
17,6,8,650,MLSL,6038.759061384257
17,6,9,650,MLSL,7043.398672792264
17,6,10,650,MLSL,7128.088209916481
17,6,11,650,MLSL,6014.519541232254
17,6,12,650,MLSL,6828.607043266784
17,6,13,650,MLSL,6623.47638097625
17,6,14,650,MLSL,7113.378687315881
17,6,15,650,MLSL,7051.700704164753
17,6,16,650,MLSL,6544.5261845860905
17,6,17,650,MLSL,6363.335197109522
17,6,18,650,MLSL,6608.011030642442
17,6,19,650,MLSL,6592.587127805255
17,7,0,650,MLSL,5428.740691340848
17,7,1,650,MLSL,6218.798786006499
17,7,2,650,MLSL,6907.8090226937165
17,7,3,650,MLSL,7917.421107702535
17,7,4,650,MLSL,6867.996207194222
17,7,5,650,MLSL,6565.910926006155
17,7,6,650,MLSL,6101.022936812649
17,7,7,650,MLSL,6500.853755323476
17,7,8,650,MLSL,6521.326551176868
17,7,9,650,MLSL,7330.181910341682
17,7,10,650,MLSL,5741.097854731092
17,7,11,650,MLSL,6482.537867986635
17,7,12,650,MLSL,6172.6448345370745
17,7,13,650,MLSL,5859.274226116129
17,7,14,650,MLSL,5122.323565483776
17,7,15,650,MLSL,5731.645196824435
17,7,16,650,MLSL,5610.27165181935
17,7,17,650,MLSL,7385.097037272601
17,7,18,650,MLSL,5888.979629910595
17,7,19,650,MLSL,6109.639368183005
18,1,0,650,MLSL,21432.160302616943
18,1,1,650,MLSL,29737.740820125415
18,1,2,650,MLSL,22625.728520831923
18,1,3,650,MLSL,23306.606621887193
18,1,4,650,MLSL,25299.5488868287
18,1,5,650,MLSL,27433.33818169285
18,1,6,650,MLSL,24191.720835096083
18,1,7,650,MLSL,22393.73777574653
18,1,8,650,MLSL,22622.953877946202
18,1,9,650,MLSL,25034.268774502743
18,1,10,650,MLSL,25204.87428575915
18,1,11,650,MLSL,25979.588083380633
18,1,12,650,MLSL,23794.119063983147
18,1,13,650,MLSL,25388.464534728217
18,1,14,650,MLSL,27689.041440089513
18,1,15,650,MLSL,18931.337458048452
18,1,16,650,MLSL,23936.160343821342
18,1,17,650,MLSL,20595.971969732094
18,1,18,650,MLSL,24701.244696469068
18,1,19,650,MLSL,27767.203617439052
18,2,0,650,MLSL,27640.401286959874
18,2,1,650,MLSL,25162.61623909181
18,2,2,650,MLSL,24455.298618476372
18,2,3,650,MLSL,23727.76021410492
18,2,4,650,MLSL,26516.378659512236
18,2,5,650,MLSL,24091.23730036404
18,2,6,650,MLSL,22804.301073302653
18,2,7,650,MLSL,27802.72611565773
18,2,8,650,MLSL,22662.907671151694
18,2,9,650,MLSL,24890.15315420943
18,2,10,650,MLSL,24758.81965370296
18,2,11,650,MLSL,24483.69276000017
18,2,12,650,MLSL,26055.27660633706
18,2,13,650,MLSL,25804.696777056062
18,2,14,650,MLSL,23851.711156280202
18,2,15,650,MLSL,25317.414591115186
18,2,16,650,MLSL,25543.49550875616
18,2,17,650,MLSL,26875.431020583652
18,2,18,650,MLSL,26485.255220762112
18,2,19,650,MLSL,26240.051267639283
18,3,0,650,MLSL,31348.631675334407
18,3,1,650,MLSL,25685.3741922197
18,3,2,650,MLSL,29598.519438026466
18,3,3,650,MLSL,26411.636213824066
18,3,4,650,MLSL,24017.593201931515
18,3,5,650,MLSL,25095.59294389995
18,3,6,650,MLSL,27041.519754712717
18,3,7,650,MLSL,22539.597948267605
18,3,8,650,MLSL,31932.10970557191
18,3,9,650,MLSL,27367.94803618129
18,3,10,650,MLSL,26295.39436529769
18,3,11,650,MLSL,32403.34652505727
18,3,12,650,MLSL,27818.72096416404
18,3,13,650,MLSL,23047.43939828657
18,3,14,650,MLSL,24506.096835502416
18,3,15,650,MLSL,30447.061453145296
18,3,16,650,MLSL,27673.72087956793
18,3,17,650,MLSL,24908.17470987475
18,3,18,650,MLSL,27725.11498405938
18,3,19,650,MLSL,28112.568183899377
18,4,0,650,MLSL,24733.591479207287
18,4,1,650,MLSL,21275.15046040178
18,4,2,650,MLSL,21403.02710029509
18,4,3,650,MLSL,33298.925127505645
18,4,4,650,MLSL,21341.58117534331
18,4,5,650,MLSL,24152.00252704923
18,4,6,650,MLSL,28076.58163758726
18,4,7,650,MLSL,24481.90118288727
18,4,8,650,MLSL,22006.937748284483
18,4,9,650,MLSL,22797.653211724435
18,4,10,650,MLSL,20200.230213092316
18,4,11,650,MLSL,24331.327012739614
18,4,12,650,MLSL,21443.696332636137
18,4,13,650,MLSL,25583.976983002747
18,4,14,650,MLSL,25471.975867775855
18,4,15,650,MLSL,25508.199418248572
18,4,16,650,MLSL,24220.95419725474
18,4,17,650,MLSL,24726.75163257377
18,4,18,650,MLSL,23307.12143626419
18,4,19,650,MLSL,26348.28141478154
18,5,0,650,MLSL,26373.393244263614
18,5,1,650,MLSL,22356.921305817203
18,5,2,650,MLSL,28960.83885301302
18,5,3,650,MLSL,30577.016869402298
18,5,4,650,MLSL,23001.545165685773
18,5,5,650,MLSL,31587.729495062493
18,5,6,650,MLSL,25332.11081399377
18,5,7,650,MLSL,26569.987709331344
18,5,8,650,MLSL,30396.142102137746
18,5,9,650,MLSL,27619.231148475355
18,5,10,650,MLSL,27306.283202086437
18,5,11,650,MLSL,25152.970679962014
18,5,12,650,MLSL,24054.131599351676
18,5,13,650,MLSL,28518.176476614004
18,5,14,650,MLSL,24468.593706529446
18,5,15,650,MLSL,24926.42042837485
18,5,16,650,MLSL,29740.362718560562
18,5,17,650,MLSL,25551.787847985568
18,5,18,650,MLSL,22604.60174454643
18,5,19,650,MLSL,26611.336437470298
18,6,0,650,MLSL,28381.67800974868
18,6,1,650,MLSL,21407.940357948104
18,6,2,650,MLSL,29163.72601550435
18,6,3,650,MLSL,27312.694314094075
18,6,4,650,MLSL,26058.050473948788
18,6,5,650,MLSL,24778.73939773338
18,6,6,650,MLSL,18354.246254593192
18,6,7,650,MLSL,23843.34469311998
18,6,8,650,MLSL,24904.053277781793
18,6,9,650,MLSL,27152.69082207727
18,6,10,650,MLSL,27925.00021966644
18,6,11,650,MLSL,25288.88835974119
18,6,12,650,MLSL,25216.973604064617
18,6,13,650,MLSL,24187.5704997013
18,6,14,650,MLSL,25629.732085891403
18,6,15,650,MLSL,29667.12708511901
18,6,16,650,MLSL,27585.43938197689
18,6,17,650,MLSL,25592.69597170527
18,6,18,650,MLSL,22517.700976152988
18,6,19,650,MLSL,21914.67582095951
18,7,0,650,MLSL,19951.885174240953
18,7,1,650,MLSL,27060.544671986943
18,7,2,650,MLSL,26549.85297539878
18,7,3,650,MLSL,25494.471337488263
18,7,4,650,MLSL,24219.897868759457
18,7,5,650,MLSL,29954.45332244887
18,7,6,650,MLSL,26834.266629725134
18,7,7,650,MLSL,25397.749112464335
18,7,8,650,MLSL,29555.539585280465
18,7,9,650,MLSL,27503.10315986328
18,7,10,650,MLSL,24222.99794519067
18,7,11,650,MLSL,24059.745549906373
18,7,12,650,MLSL,22784.07308033557
18,7,13,650,MLSL,26234.780474573763
18,7,14,650,MLSL,26318.74306835618
18,7,15,650,MLSL,23079.098850309165
18,7,16,650,MLSL,24509.910604750057
18,7,17,650,MLSL,23537.02148839399
18,7,18,650,MLSL,21715.716545301373
18,7,19,650,MLSL,23829.982035689965
19,1,0,650,MLSL,9451.204750701569
19,1,1,650,MLSL,9171.033705618544
19,1,2,650,MLSL,9968.113430561292
19,1,3,650,MLSL,8352.607717593808
19,1,4,650,MLSL,9240.039993616974
19,1,5,650,MLSL,9301.927885751642
19,1,6,650,MLSL,8967.736304738093
19,1,7,650,MLSL,9411.787240880654
19,1,8,650,MLSL,9720.780906906926
19,1,9,650,MLSL,8780.25881382093
19,1,10,650,MLSL,9039.548120722447
19,1,11,650,MLSL,9387.499483052059
19,1,12,650,MLSL,9273.958498269767
19,1,13,650,MLSL,8827.534071755425
19,1,14,650,MLSL,9543.91389603087
19,1,15,650,MLSL,8882.767804123803
19,1,16,650,MLSL,8823.896451403034
19,1,17,650,MLSL,9263.496231710766
19,1,18,650,MLSL,9896.125451611148
19,1,19,650,MLSL,8901.861492671425
19,2,0,650,MLSL,9543.158555954928
19,2,1,650,MLSL,9015.90958487762
19,2,2,650,MLSL,9496.57076671283
19,2,3,650,MLSL,9453.31775133771
19,2,4,650,MLSL,9613.476531037208
19,2,5,650,MLSL,9839.228117835806
19,2,6,650,MLSL,9918.575730387513
19,2,7,650,MLSL,9760.689820945632
19,2,8,650,MLSL,10004.919386325162
19,2,9,650,MLSL,9091.795132064064
19,2,10,650,MLSL,9727.434940812152
19,2,11,650,MLSL,9937.359554843373
19,2,12,650,MLSL,9455.509306185493
19,2,13,650,MLSL,9552.92638947365
19,2,14,650,MLSL,9619.823034920311
19,2,15,650,MLSL,9301.895069148464
19,2,16,650,MLSL,9055.9540411116
19,2,17,650,MLSL,9555.938079621243
19,2,18,650,MLSL,9545.999242917323
19,2,19,650,MLSL,8953.574750924363
19,3,0,650,MLSL,9538.01795835271
19,3,1,650,MLSL,9512.942442504098
19,3,2,650,MLSL,8773.700328512317
19,3,3,650,MLSL,9503.99240974465
19,3,4,650,MLSL,8780.110416484928
19,3,5,650,MLSL,9484.181993080172
19,3,6,650,MLSL,9017.122507667802
19,3,7,650,MLSL,9394.862108837731
19,3,8,650,MLSL,8694.161397384529
19,3,9,650,MLSL,9334.030794435861
19,3,10,650,MLSL,9547.257585988302
19,3,11,650,MLSL,9451.152111840713
19,3,12,650,MLSL,9066.440852596708
19,3,13,650,MLSL,9036.002882766663
19,3,14,650,MLSL,9559.136787607767
19,3,15,650,MLSL,8879.8316734665
19,3,16,650,MLSL,9460.792382853455
19,3,17,650,MLSL,9202.518920157985
19,3,18,650,MLSL,9705.148575433053
19,3,19,650,MLSL,8776.372067199552
19,4,0,650,MLSL,9409.485987040287
19,4,1,650,MLSL,9073.649567345212
19,4,2,650,MLSL,10315.080485290264
19,4,3,650,MLSL,10205.591614426852
19,4,4,650,MLSL,8815.85580416362
19,4,5,650,MLSL,8797.53014352587
19,4,6,650,MLSL,8965.919590552121
19,4,7,650,MLSL,9210.279918351122
19,4,8,650,MLSL,9628.064210792298
19,4,9,650,MLSL,9291.499528198252
19,4,10,650,MLSL,9228.296322061633
19,4,11,650,MLSL,9789.58250257817
19,4,12,650,MLSL,9123.095276137217
19,4,13,650,MLSL,9077.724964913099
19,4,14,650,MLSL,9339.9988997327
19,4,15,650,MLSL,9591.234302522993
19,4,16,650,MLSL,9658.4523002556
19,4,17,650,MLSL,8695.99161110837
19,4,18,650,MLSL,9189.654040693415
19,4,19,650,MLSL,8786.250359888942
19,5,0,650,MLSL,8869.178947395321
19,5,1,650,MLSL,9132.999689914379
19,5,2,650,MLSL,8351.361866284806
19,5,3,650,MLSL,8776.095325703416
19,5,4,650,MLSL,9105.23044626395
19,5,5,650,MLSL,8188.495501955344
19,5,6,650,MLSL,9185.263210326648
19,5,7,650,MLSL,9740.396579957418
19,5,8,650,MLSL,9469.136486420392
19,5,9,650,MLSL,9107.889433689026
19,5,10,650,MLSL,9205.859820179972
19,5,11,650,MLSL,9591.338052100662
19,5,12,650,MLSL,9842.790275893678
19,5,13,650,MLSL,9536.990530546636
19,5,14,650,MLSL,9485.598660276002
19,5,15,650,MLSL,9730.788328963137
19,5,16,650,MLSL,9296.035927009738
19,5,17,650,MLSL,8972.783179040336
19,5,18,650,MLSL,9758.13728161056
19,5,19,650,MLSL,9563.071076947075
19,6,0,650,MLSL,9145.084345604135
19,6,1,650,MLSL,8374.495585043727
19,6,2,650,MLSL,9266.57420697919
19,6,3,650,MLSL,9601.596614205853
19,6,4,650,MLSL,9301.303701180845
19,6,5,650,MLSL,8988.69292094438
19,6,6,650,MLSL,9828.031339080411
19,6,7,650,MLSL,9492.132211808086
19,6,8,650,MLSL,9855.67544119484
19,6,9,650,MLSL,9217.134480344464
19,6,10,650,MLSL,9074.103715780908
19,6,11,650,MLSL,9085.832262579766
19,6,12,650,MLSL,9968.435795750214
19,6,13,650,MLSL,9030.289202476899
19,6,14,650,MLSL,9772.750170309464
19,6,15,650,MLSL,9819.577867938013
19,6,16,650,MLSL,8361.35557821494
19,6,17,650,MLSL,9310.95708640699
19,6,18,650,MLSL,9612.624983292473
19,6,19,650,MLSL,9255.281507458569
19,7,0,650,MLSL,8772.482408413602
19,7,1,650,MLSL,9365.865786932132
19,7,2,650,MLSL,9239.075267527887
19,7,3,650,MLSL,9618.583525537175
19,7,4,650,MLSL,9648.30857560712
19,7,5,650,MLSL,9061.486496362353
19,7,6,650,MLSL,9001.452960983368
19,7,7,650,MLSL,9363.020416965028
19,7,8,650,MLSL,9328.77607527464
19,7,9,650,MLSL,9691.538930439077
19,7,10,650,MLSL,9828.600667103114
19,7,11,650,MLSL,8962.125626717676
19,7,12,650,MLSL,9668.774787808512
19,7,13,650,MLSL,9383.328228694176
19,7,14,650,MLSL,9941.710233171214
19,7,15,650,MLSL,9259.64950918277
19,7,16,650,MLSL,9281.437361521888
19,7,17,650,MLSL,8867.236050890253
19,7,18,650,MLSL,9532.901623912585
19,7,19,650,MLSL,10126.033963132351
20,1,0,650,MLSL,13886580.409613779
20,1,1,650,MLSL,12194359.58630896
20,1,2,650,MLSL,9551299.813886931
20,1,3,650,MLSL,10348779.71611351
20,1,4,650,MLSL,10454841.177615961
20,1,5,650,MLSL,7617649.4686495
20,1,6,650,MLSL,8381329.689834911
20,1,7,650,MLSL,8457508.502730869
20,1,8,650,MLSL,9361616.562089741
20,1,9,650,MLSL,7799471.714532003
20,1,10,650,MLSL,10942341.46164097
20,1,11,650,MLSL,8653920.099847728
20,1,12,650,MLSL,10250492.076735964
20,1,13,650,MLSL,11060181.329592265
20,1,14,650,MLSL,11742438.33319081
20,1,15,650,MLSL,16850189.518788315
20,1,16,650,MLSL,8393410.055241488
20,1,17,650,MLSL,7146734.274406827
20,1,18,650,MLSL,10327049.663692106
20,1,19,650,MLSL,11480624.0236161
20,2,0,650,MLSL,6055444.83886502
20,2,1,650,MLSL,12198970.857745336
20,2,2,650,MLSL,8718671.402629526
20,2,3,650,MLSL,8290892.8867831305
20,2,4,650,MLSL,9504159.973420419
20,2,5,650,MLSL,11315992.189939406
20,2,6,650,MLSL,9840972.443452992
20,2,7,650,MLSL,7551686.539661745
20,2,8,650,MLSL,8229270.195063839
20,2,9,650,MLSL,7915600.975936771
20,2,10,650,MLSL,6270959.976309298
20,2,11,650,MLSL,10550005.67800726
20,2,12,650,MLSL,8229252.3471401045
20,2,13,650,MLSL,7512648.3064785
20,2,14,650,MLSL,13301753.894824408
20,2,15,650,MLSL,9138503.394794127
20,2,16,650,MLSL,8223833.198783946
20,2,17,650,MLSL,9219176.081401948
20,2,18,650,MLSL,8603364.15850097
20,2,19,650,MLSL,9869564.645961732
20,3,0,650,MLSL,9106642.32746671
20,3,1,650,MLSL,8889918.055828758
20,3,2,650,MLSL,9209729.678553766
20,3,3,650,MLSL,6993800.56672911
20,3,4,650,MLSL,11918910.030929936
20,3,5,650,MLSL,7748153.604587459
20,3,6,650,MLSL,10554206.739007188
20,3,7,650,MLSL,12181148.674167564
20,3,8,650,MLSL,10139622.8983434
20,3,9,650,MLSL,9611098.128278838
20,3,10,650,MLSL,13718432.77611949
20,3,11,650,MLSL,9145718.835885515
20,3,12,650,MLSL,14834792.43628032
20,3,13,650,MLSL,4691349.728448594
20,3,14,650,MLSL,10016821.887283377
20,3,15,650,MLSL,8089429.075344326
20,3,16,650,MLSL,9902780.163222648
20,3,17,650,MLSL,8750109.659126274
20,3,18,650,MLSL,12095582.571325729
20,3,19,650,MLSL,8399553.907546299
20,4,0,650,MLSL,10252495.007235067
20,4,1,650,MLSL,6855185.914653237
20,4,2,650,MLSL,11246869.366068859
20,4,3,650,MLSL,10934531.691024506
20,4,4,650,MLSL,7039920.939798509
20,4,5,650,MLSL,8623710.84223901
20,4,6,650,MLSL,6713029.424596006
20,4,7,650,MLSL,10868549.791129572
20,4,8,650,MLSL,9512409.781382374
20,4,9,650,MLSL,8360185.426539728
20,4,10,650,MLSL,8350419.550028795
20,4,11,650,MLSL,10899069.014242148
20,4,12,650,MLSL,8319476.2009662455
20,4,13,650,MLSL,9572761.926796382
20,4,14,650,MLSL,11046261.04742839
20,4,15,650,MLSL,10311964.010154143
20,4,16,650,MLSL,9315128.173625046
20,4,17,650,MLSL,11084445.00704673
20,4,18,650,MLSL,12289803.74011889
20,4,19,650,MLSL,9511063.382229086
20,5,0,650,MLSL,11329441.202241821
20,5,1,650,MLSL,9626953.636771334
20,5,2,650,MLSL,8702728.340619786
20,5,3,650,MLSL,14713991.153530193
20,5,4,650,MLSL,8446461.838853342
20,5,5,650,MLSL,11100630.42666598
20,5,6,650,MLSL,7063533.609120435
20,5,7,650,MLSL,8078574.928498706
20,5,8,650,MLSL,8674739.567308256
20,5,9,650,MLSL,10974669.649980571
20,5,10,650,MLSL,6035149.815928045
20,5,11,650,MLSL,10894146.096118774
20,5,12,650,MLSL,10198925.761978228
20,5,13,650,MLSL,8587229.275360398
20,5,14,650,MLSL,6733014.969425396
20,5,15,650,MLSL,11498039.33828172
20,5,16,650,MLSL,6281809.295180154
20,5,17,650,MLSL,12690550.456363248
20,5,18,650,MLSL,11001685.514850328
20,5,19,650,MLSL,7335775.723449323
20,6,0,650,MLSL,10581744.828533784
20,6,1,650,MLSL,13462019.153156092
20,6,2,650,MLSL,9597502.836646402
20,6,3,650,MLSL,8910298.296763137
20,6,4,650,MLSL,8082438.582995479
20,6,5,650,MLSL,9903975.275716953
20,6,6,650,MLSL,7415646.416733603
20,6,7,650,MLSL,7526642.422747084
20,6,8,650,MLSL,8095395.23102742
20,6,9,650,MLSL,7881618.5127509525
20,6,10,650,MLSL,11499938.862246402
20,6,11,650,MLSL,8835995.812494604
20,6,12,650,MLSL,9754315.192037258
20,6,13,650,MLSL,7769208.635274515
20,6,14,650,MLSL,10003810.464985643
20,6,15,650,MLSL,9970742.27402027
20,6,16,650,MLSL,7758202.637931593
20,6,17,650,MLSL,10944141.004997231
20,6,18,650,MLSL,8981014.291183764
20,6,19,650,MLSL,6013619.324892419
20,7,0,650,MLSL,8657534.580563018
20,7,1,650,MLSL,10435512.787873896
20,7,2,650,MLSL,7309515.108960383
20,7,3,650,MLSL,8082754.91156029
20,7,4,650,MLSL,7118838.4503606325
20,7,5,650,MLSL,8646366.679310337
20,7,6,650,MLSL,7269318.079818345
20,7,7,650,MLSL,11936946.704888858
20,7,8,650,MLSL,8043974.981323402
20,7,9,650,MLSL,9357788.212897018
20,7,10,650,MLSL,6805272.42076543
20,7,11,650,MLSL,7891236.168416281
20,7,12,650,MLSL,13259339.481585199
20,7,13,650,MLSL,9987588.471434603
20,7,14,650,MLSL,9642651.742617248
20,7,15,650,MLSL,7687915.866010625
20,7,16,650,MLSL,8727431.022440152
20,7,17,650,MLSL,11995542.566769756
20,7,18,650,MLSL,9005434.122513704
20,7,19,650,MLSL,7215391.820376741
21,1,0,650,MLSL,30473.903572891893
21,1,1,650,MLSL,41091.19754533588
21,1,2,650,MLSL,28704.028816550323
21,1,3,650,MLSL,27889.626914746368
21,1,4,650,MLSL,33730.75699901881
21,1,5,650,MLSL,33513.86383358708
21,1,6,650,MLSL,33866.16025797263
21,1,7,650,MLSL,35577.43607285227
21,1,8,650,MLSL,32809.52109691742
21,1,9,650,MLSL,29276.772065844976
21,1,10,650,MLSL,33534.30941323091
21,1,11,650,MLSL,30791.635529838415
21,1,12,650,MLSL,28918.295767778993
21,1,13,650,MLSL,29240.06588317716
21,1,14,650,MLSL,39829.02688483051
21,1,15,650,MLSL,29039.33552167215
21,1,16,650,MLSL,33151.08477794894
21,1,17,650,MLSL,46072.16752829108
21,1,18,650,MLSL,24505.778801577555
21,1,19,650,MLSL,27285.93559468478
21,2,0,650,MLSL,29926.341830596328
21,2,1,650,MLSL,31648.931664973876
21,2,2,650,MLSL,33124.65889038748
21,2,3,650,MLSL,32269.844652967662
21,2,4,650,MLSL,31629.290126450695
21,2,5,650,MLSL,27840.312213396683
21,2,6,650,MLSL,34544.803689612876
21,2,7,650,MLSL,34462.446612787455
21,2,8,650,MLSL,29787.84434066016
21,2,9,650,MLSL,34546.75852704047
21,2,10,650,MLSL,34885.00795164037
21,2,11,650,MLSL,21671.889278973882
21,2,12,650,MLSL,35542.90429723484
21,2,13,650,MLSL,38203.64874197099
21,2,14,650,MLSL,37026.713055355416
21,2,15,650,MLSL,30966.70882011355
21,2,16,650,MLSL,27998.502238107216
21,2,17,650,MLSL,60280.27881461247
21,2,18,650,MLSL,40317.34832022881
21,2,19,650,MLSL,30031.3405167631
21,3,0,650,MLSL,24274.690566292964
21,3,1,650,MLSL,48868.10237266761
21,3,2,650,MLSL,34133.50065063442
21,3,3,650,MLSL,28464.869518870437
21,3,4,650,MLSL,25264.154146370325
21,3,5,650,MLSL,36455.42971106995
21,3,6,650,MLSL,27325.391417660197
21,3,7,650,MLSL,37975.86132817683
21,3,8,650,MLSL,24778.771289504624
21,3,9,650,MLSL,28950.701097333746
21,3,10,650,MLSL,29904.561235364006
21,3,11,650,MLSL,26583.3165075661
21,3,12,650,MLSL,31478.947500324153
21,3,13,650,MLSL,32455.92798115798
21,3,14,650,MLSL,26282.17112950621
21,3,15,650,MLSL,39241.23475876018
21,3,16,650,MLSL,29510.357566404746
21,3,17,650,MLSL,33668.51240057403
21,3,18,650,MLSL,27492.32157254403
21,3,19,650,MLSL,31314.806744691126
21,4,0,650,MLSL,29669.22586694569
21,4,1,650,MLSL,22168.3565196252
21,4,2,650,MLSL,23459.29932494684
21,4,3,650,MLSL,30322.421156710254
21,4,4,650,MLSL,25002.704271294468
21,4,5,650,MLSL,27338.15104344644
21,4,6,650,MLSL,19904.519677566055
21,4,7,650,MLSL,24600.241259956605
21,4,8,650,MLSL,25950.87206668289
21,4,9,650,MLSL,30698.40904711873
21,4,10,650,MLSL,28120.20799693549
21,4,11,650,MLSL,40550.955894837636
21,4,12,650,MLSL,28454.448873972513
21,4,13,650,MLSL,25689.347198892712
21,4,14,650,MLSL,25254.759833991786
21,4,15,650,MLSL,38875.46470778864
21,4,16,650,MLSL,23576.95148827488
21,4,17,650,MLSL,28375.663279020548
21,4,18,650,MLSL,30543.078039135024
21,4,19,650,MLSL,23091.88358247662
21,5,0,650,MLSL,37341.73507852688
21,5,1,650,MLSL,30172.149312568556
21,5,2,650,MLSL,35241.091356272365
21,5,3,650,MLSL,29668.025271678365
21,5,4,650,MLSL,37237.998748061764
21,5,5,650,MLSL,21702.46826092326
21,5,6,650,MLSL,23627.485486626047
21,5,7,650,MLSL,28567.220002557955
21,5,8,650,MLSL,27732.23476148147
21,5,9,650,MLSL,28420.583323222098
21,5,10,650,MLSL,29723.41962157884
21,5,11,650,MLSL,26334.819208269237
21,5,12,650,MLSL,25157.04085426679
21,5,13,650,MLSL,29361.99809009989
21,5,14,650,MLSL,29917.093090035567
21,5,15,650,MLSL,32343.883203033492
21,5,16,650,MLSL,28087.687284270825
21,5,17,650,MLSL,23488.332905069707
21,5,18,650,MLSL,32808.2799870474
21,5,19,650,MLSL,25259.93612534657
21,6,0,650,MLSL,51701.78882793297
21,6,1,650,MLSL,33471.486181139786
21,6,2,650,MLSL,34450.91567797554
21,6,3,650,MLSL,32566.684616292187
21,6,4,650,MLSL,27647.358036005462
21,6,5,650,MLSL,30059.313212298322
21,6,6,650,MLSL,26575.915362181997
21,6,7,650,MLSL,30263.85133585616
21,6,8,650,MLSL,31445.792805744033
21,6,9,650,MLSL,51274.746537155734
21,6,10,650,MLSL,35864.20867044924
21,6,11,650,MLSL,31393.823685819007
21,6,12,650,MLSL,34092.543273602554
21,6,13,650,MLSL,30503.917338320014
21,6,14,650,MLSL,32075.882078527342
21,6,15,650,MLSL,31444.49487354375
21,6,16,650,MLSL,30662.826666060617
21,6,17,650,MLSL,30620.769502620806
21,6,18,650,MLSL,54448.848311921945
21,6,19,650,MLSL,36991.60129313578
21,7,0,650,MLSL,48691.0881210568
21,7,1,650,MLSL,27371.94186146459
21,7,2,650,MLSL,46543.809235489105
21,7,3,650,MLSL,46713.58304825335
21,7,4,650,MLSL,45339.16631829685
21,7,5,650,MLSL,46749.4505687818
21,7,6,650,MLSL,31418.14228053036
21,7,7,650,MLSL,22158.705519752348
21,7,8,650,MLSL,47847.44648682911
21,7,9,650,MLSL,33100.26590141439
21,7,10,650,MLSL,46896.90293074548
21,7,11,650,MLSL,49300.657611258015
21,7,12,650,MLSL,27110.393756698122
21,7,13,650,MLSL,29214.12641485152
21,7,14,650,MLSL,45125.10238381423
21,7,15,650,MLSL,49365.83500119332
21,7,16,650,MLSL,46020.75617074335
21,7,17,650,MLSL,46594.406274811554
21,7,18,650,MLSL,46940.22838874262
21,7,19,650,MLSL,26054.722499014762
22,1,0,650,MLSL,27639.34173771838
22,1,1,650,MLSL,40228.270112178776
22,1,2,650,MLSL,41714.97445672296
22,1,3,650,MLSL,25043.475017587443
22,1,4,650,MLSL,44113.7323445221
22,1,5,650,MLSL,40756.2254191159
22,1,6,650,MLSL,41856.95996080621
22,1,7,650,MLSL,39338.07578810112
22,1,8,650,MLSL,41641.08184945675
22,1,9,650,MLSL,40612.35890463219
22,1,10,650,MLSL,39485.488850501075
22,1,11,650,MLSL,40481.717078169386
22,1,12,650,MLSL,37783.80072695339
22,1,13,650,MLSL,40468.060521994135
22,1,14,650,MLSL,26788.890037163947
22,1,15,650,MLSL,26895.50389089981
22,1,16,650,MLSL,43264.9415501718
22,1,17,650,MLSL,43300.77750268773
22,1,18,650,MLSL,28339.370352695958
22,1,19,650,MLSL,42488.46609694941
22,2,0,650,MLSL,45039.62303547663
22,2,1,650,MLSL,52417.05127764671
22,2,2,650,MLSL,50366.60580733667
22,2,3,650,MLSL,64131.207309111865
22,2,4,650,MLSL,45177.84097854253
22,2,5,650,MLSL,53312.38342526958
22,2,6,650,MLSL,47492.177759123006
22,2,7,650,MLSL,48936.99994718861
22,2,8,650,MLSL,42355.5474352413
22,2,9,650,MLSL,46096.008281679664
22,2,10,650,MLSL,65066.20605113038
22,2,11,650,MLSL,57943.16404730234
22,2,12,650,MLSL,46669.88543347509
22,2,13,650,MLSL,54360.71709041517
22,2,14,650,MLSL,52427.621929659144
22,2,15,650,MLSL,51038.670232874996
22,2,16,650,MLSL,54156.01844054928
22,2,17,650,MLSL,57863.84026378296
22,2,18,650,MLSL,48988.67819628012
22,2,19,650,MLSL,56697.69249562538
22,3,0,650,MLSL,25076.61038589232
22,3,1,650,MLSL,25093.12219614374
22,3,2,650,MLSL,27341.749193430107
22,3,3,650,MLSL,31227.201535286957
22,3,4,650,MLSL,31323.91669191341
22,3,5,650,MLSL,29743.42566413774
22,3,6,650,MLSL,22975.876358352594
22,3,7,650,MLSL,24856.141345980403
22,3,8,650,MLSL,25921.439441152004
22,3,9,650,MLSL,23804.690151776886
22,3,10,650,MLSL,28176.05009011604
22,3,11,650,MLSL,30702.401474145332
22,3,12,650,MLSL,26000.329383161195
22,3,13,650,MLSL,40719.753878649295
22,3,14,650,MLSL,28000.11831377718
22,3,15,650,MLSL,26716.807500100735
22,3,16,650,MLSL,26325.288662032763
22,3,17,650,MLSL,23742.0687329918
22,3,18,650,MLSL,26013.82647481792
22,3,19,650,MLSL,26844.226149480848
22,4,0,650,MLSL,23139.790119236473
22,4,1,650,MLSL,24990.78850171921
22,4,2,650,MLSL,33568.5378934844
22,4,3,650,MLSL,23187.461051978426
22,4,4,650,MLSL,26996.64436827519
22,4,5,650,MLSL,24613.461415169044
22,4,6,650,MLSL,21392.30355705154
22,4,7,650,MLSL,20696.306343263605
22,4,8,650,MLSL,31183.23087069721
22,4,9,650,MLSL,30757.111450466786
22,4,10,650,MLSL,24772.409050772814
22,4,11,650,MLSL,24168.895079297687
22,4,12,650,MLSL,32841.28685086543
22,4,13,650,MLSL,26063.723608710457
22,4,14,650,MLSL,31625.770266794578
22,4,15,650,MLSL,28812.255709786135
22,4,16,650,MLSL,26977.883837550482
22,4,17,650,MLSL,25310.315992432483
22,4,18,650,MLSL,23755.694445249057
22,4,19,650,MLSL,31616.416602093443
22,5,0,650,MLSL,27580.419624520015
22,5,1,650,MLSL,30412.24489094558
22,5,2,650,MLSL,31735.862029676246
22,5,3,650,MLSL,25436.99661163462
22,5,4,650,MLSL,29235.72831703878
22,5,5,650,MLSL,29477.09450210909
22,5,6,650,MLSL,31679.29326318216
22,5,7,650,MLSL,32083.858140890607
22,5,8,650,MLSL,31917.158247904685
22,5,9,650,MLSL,29409.139004928657
22,5,10,650,MLSL,36102.61859171011
22,5,11,650,MLSL,33240.635300737566
22,5,12,650,MLSL,31299.03472349867
22,5,13,650,MLSL,30475.18121014144
22,5,14,650,MLSL,28906.410950527163
22,5,15,650,MLSL,32515.360226126384
22,5,16,650,MLSL,32709.722340301792
22,5,17,650,MLSL,26278.363394859552
22,5,18,650,MLSL,31742.943993304176
22,5,19,650,MLSL,31300.126148364074
22,6,0,650,MLSL,64045.73442124477
22,6,1,650,MLSL,65402.921252947635
22,6,2,650,MLSL,63162.58520690886
22,6,3,650,MLSL,63847.605882356394
22,6,4,650,MLSL,26168.07854651534
22,6,5,650,MLSL,26382.97247485205
22,6,6,650,MLSL,38919.05372787886
22,6,7,650,MLSL,62185.90229758459
22,6,8,650,MLSL,23892.847555112883
22,6,9,650,MLSL,64872.34899922344
22,6,10,650,MLSL,62923.429981949725
22,6,11,650,MLSL,64271.42131406032
22,6,12,650,MLSL,62068.213710778655
22,6,13,650,MLSL,62680.71875545665
22,6,14,650,MLSL,64658.63553343677
22,6,15,650,MLSL,63289.61487182795
22,6,16,650,MLSL,64599.34593806821
22,6,17,650,MLSL,62728.154924480645
22,6,18,650,MLSL,43289.08254122437
22,6,19,650,MLSL,63656.67112903356
22,7,0,650,MLSL,39722.08884660505
22,7,1,650,MLSL,45517.34508298707
22,7,2,650,MLSL,47711.37787138585
22,7,3,650,MLSL,38784.55506703411
22,7,4,650,MLSL,57662.745508877546
22,7,5,650,MLSL,40860.86496934346
22,7,6,650,MLSL,36641.06642804155
22,7,7,650,MLSL,36765.65790495559
22,7,8,650,MLSL,47804.37463574372
22,7,9,650,MLSL,39818.738950414685
22,7,10,650,MLSL,47231.81269351482
22,7,11,650,MLSL,36083.855387591466
22,7,12,650,MLSL,57937.485502378324
22,7,13,650,MLSL,47141.385914822946
22,7,14,650,MLSL,45802.103471326845
22,7,15,650,MLSL,38696.928512809594
22,7,16,650,MLSL,49096.56801476276
22,7,17,650,MLSL,46461.617278190446
22,7,18,650,MLSL,33913.27122770471
22,7,19,650,MLSL,62760.08025943903
23,1,0,650,MLSL,6296.404323100314
23,1,1,650,MLSL,5980.987024544893
23,1,2,650,MLSL,6186.7795015567535
23,1,3,650,MLSL,6863.9115674753975
23,1,4,650,MLSL,6801.031664060961
23,1,5,650,MLSL,5417.870665241424
23,1,6,650,MLSL,6302.440474566367
23,1,7,650,MLSL,5245.707034401174
23,1,8,650,MLSL,5268.900948024534
23,1,9,650,MLSL,6151.534590376139
23,1,10,650,MLSL,5775.862286342283
23,1,11,650,MLSL,6378.511226828229
23,1,12,650,MLSL,6163.109654637488
23,1,13,650,MLSL,5837.693731845893
23,1,14,650,MLSL,4723.974748955914
23,1,15,650,MLSL,5363.691597675699
23,1,16,650,MLSL,6422.435332359212
23,1,17,650,MLSL,6137.736992189248
23,1,18,650,MLSL,5525.3377913157055
23,1,19,650,MLSL,5410.596200560838
23,2,0,650,MLSL,6672.374648107259
23,2,1,650,MLSL,5288.042608947267
23,2,2,650,MLSL,4490.944850402159
23,2,3,650,MLSL,6314.563433774023
23,2,4,650,MLSL,6142.353500770721
23,2,5,650,MLSL,5350.3177986945975
23,2,6,650,MLSL,5222.840129811465
23,2,7,650,MLSL,4538.179562172412
23,2,8,650,MLSL,5464.946721344668
23,2,9,650,MLSL,5552.750499433483
23,2,10,650,MLSL,4754.238094615892
23,2,11,650,MLSL,3484.0782295682357
23,2,12,650,MLSL,5927.159074203244
23,2,13,650,MLSL,5541.698127922096
23,2,14,650,MLSL,4771.002484968061
23,2,15,650,MLSL,6383.137822773337
23,2,16,650,MLSL,5933.343044410212
23,2,17,650,MLSL,5737.485290664454
23,2,18,650,MLSL,5443.832054652088
23,2,19,650,MLSL,5902.557766634682
23,3,0,650,MLSL,5917.458191109102
23,3,1,650,MLSL,5839.903078860025
23,3,2,650,MLSL,5396.724829016999
23,3,3,650,MLSL,5340.2790374954275
23,3,4,650,MLSL,5711.344779008678
23,3,5,650,MLSL,5823.769632006142
23,3,6,650,MLSL,5522.151235053525
23,3,7,650,MLSL,5419.898514252736
23,3,8,650,MLSL,6098.162323331691
23,3,9,650,MLSL,5693.866139410202
23,3,10,650,MLSL,5026.720814340527
23,3,11,650,MLSL,5754.224834598096
23,3,12,650,MLSL,5110.726573265598
23,3,13,650,MLSL,4640.20883354531
23,3,14,650,MLSL,5675.7025775895145
23,3,15,650,MLSL,5127.484184868441
23,3,16,650,MLSL,5266.869809224311
23,3,17,650,MLSL,5880.645447948058
23,3,18,650,MLSL,6556.829491165463
23,3,19,650,MLSL,5880.385547959706
23,4,0,650,MLSL,6335.508831828371
23,4,1,650,MLSL,6249.778082337854
23,4,2,650,MLSL,5474.109224107681
23,4,3,650,MLSL,5947.094041962078
23,4,4,650,MLSL,5099.041900953414
23,4,5,650,MLSL,5798.912576112169
23,4,6,650,MLSL,6180.776737988001
23,4,7,650,MLSL,6148.882298096169
23,4,8,650,MLSL,5607.1954880342455
23,4,9,650,MLSL,5505.096922427508
23,4,10,650,MLSL,6103.40712152948
23,4,11,650,MLSL,5165.656979906864
23,4,12,650,MLSL,5826.130403547698
23,4,13,650,MLSL,6406.579327235118
23,4,14,650,MLSL,5897.561737636
23,4,15,650,MLSL,5597.018266403376
23,4,16,650,MLSL,6229.220375975548
23,4,17,650,MLSL,5803.4168327320185
23,4,18,650,MLSL,5000.487524551808
23,4,19,650,MLSL,6051.398939239314
23,5,0,650,MLSL,5788.968131689539
23,5,1,650,MLSL,5539.818444242117
23,5,2,650,MLSL,4860.012845516774
23,5,3,650,MLSL,5393.278962229861
23,5,4,650,MLSL,6235.810547432189
23,5,5,650,MLSL,6824.824008827462
23,5,6,650,MLSL,5493.305626109936
23,5,7,650,MLSL,4959.550315098305
23,5,8,650,MLSL,5915.301561973827
23,5,9,650,MLSL,5513.596164756149
23,5,10,650,MLSL,6174.8044775183735
23,5,11,650,MLSL,5839.22440946029
23,5,12,650,MLSL,5380.0223926800045
23,5,13,650,MLSL,5308.796239170095
23,5,14,650,MLSL,5479.212144786004
23,5,15,650,MLSL,6313.350652143995
23,5,16,650,MLSL,5151.004832644332
23,5,17,650,MLSL,5890.43975402907
23,5,18,650,MLSL,5971.70713605617
23,5,19,650,MLSL,5408.755696352648
23,6,0,650,MLSL,6021.412457812205
23,6,1,650,MLSL,4801.594163545363
23,6,2,650,MLSL,5951.7317933086015
23,6,3,650,MLSL,5779.184202372603
23,6,4,650,MLSL,5808.44769511451
23,6,5,650,MLSL,3918.523580678694
23,6,6,650,MLSL,6064.38736411216
23,6,7,650,MLSL,5957.423098862755
23,6,8,650,MLSL,3970.249858658798
23,6,9,650,MLSL,5996.60212550667
23,6,10,650,MLSL,6121.425374287157
23,6,11,650,MLSL,5632.794115795112
23,6,12,650,MLSL,6250.885964111925
23,6,13,650,MLSL,5833.298541641872
23,6,14,650,MLSL,5503.500220027272
23,6,15,650,MLSL,5770.030419468654
23,6,16,650,MLSL,6139.533606431439
23,6,17,650,MLSL,6215.31477968702
23,6,18,650,MLSL,5575.946921698644
23,6,19,650,MLSL,6091.741922657494
23,7,0,650,MLSL,5881.754623732763
23,7,1,650,MLSL,6262.915848028423
23,7,2,650,MLSL,5767.51582126442
23,7,3,650,MLSL,5608.578729549335
23,7,4,650,MLSL,6336.57558361309
23,7,5,650,MLSL,5705.617780508515
23,7,6,650,MLSL,5506.561576440285
23,7,7,650,MLSL,6126.234833921049
23,7,8,650,MLSL,5765.075846789598
23,7,9,650,MLSL,5405.169542551009
23,7,10,650,MLSL,6115.500254627639
23,7,11,650,MLSL,5580.674083539213
23,7,12,650,MLSL,6315.520466586951
23,7,13,650,MLSL,5346.125207663248
23,7,14,650,MLSL,5894.221494248502
23,7,15,650,MLSL,4753.01722690733
23,7,16,650,MLSL,6104.051150483641
23,7,17,650,MLSL,6086.973368208732
23,7,18,650,MLSL,6392.387896653428
23,7,19,650,MLSL,5465.973069012629
24,1,0,650,MLSL,544121.5279617804
24,1,1,650,MLSL,557516.1569476703
24,1,2,650,MLSL,558854.1793936135
24,1,3,650,MLSL,547932.4755694607
24,1,4,650,MLSL,568638.0492153519
24,1,5,650,MLSL,507202.10167875583
24,1,6,650,MLSL,529865.4159986272
24,1,7,650,MLSL,515259.4440917639
24,1,8,650,MLSL,561701.0208045228
24,1,9,650,MLSL,518763.7514049242
24,1,10,650,MLSL,513698.75500430254
24,1,11,650,MLSL,541515.7669132778
24,1,12,650,MLSL,507984.88253083953
24,1,13,650,MLSL,483774.30513951334
24,1,14,650,MLSL,544939.3264628366
24,1,15,650,MLSL,565067.0298041516
24,1,16,650,MLSL,556329.0478324906
24,1,17,650,MLSL,582290.5050473264
24,1,18,650,MLSL,535794.2604369692
24,1,19,650,MLSL,505843.2459720983
24,2,0,650,MLSL,506788.4342693666
24,2,1,650,MLSL,554789.2319538991
24,2,2,650,MLSL,503975.8563235757
24,2,3,650,MLSL,524269.3409007996
24,2,4,650,MLSL,542877.4701835989
24,2,5,650,MLSL,511282.1082226281
24,2,6,650,MLSL,539538.2734627479
24,2,7,650,MLSL,497482.98404760705
24,2,8,650,MLSL,561899.4367049425
24,2,9,650,MLSL,534984.1636578401
24,2,10,650,MLSL,548841.2490052027
24,2,11,650,MLSL,560794.918317932
24,2,12,650,MLSL,548170.807911989
24,2,13,650,MLSL,510226.4534843648
24,2,14,650,MLSL,536661.3394820914
24,2,15,650,MLSL,551011.6516825776
24,2,16,650,MLSL,513097.3109106789
24,2,17,650,MLSL,549797.0918864859
24,2,18,650,MLSL,529912.8839480206
24,2,19,650,MLSL,528855.0925596325
24,3,0,650,MLSL,551594.7471014595
24,3,1,650,MLSL,521379.11355856113
24,3,2,650,MLSL,545555.95417014
24,3,3,650,MLSL,542925.4526281015
24,3,4,650,MLSL,535638.549880388
24,3,5,650,MLSL,540800.0158030152
24,3,6,650,MLSL,551111.6534341692
24,3,7,650,MLSL,523603.5145127562
24,3,8,650,MLSL,556396.7895242439
24,3,9,650,MLSL,521282.8238780403
24,3,10,650,MLSL,522113.1236756259
24,3,11,650,MLSL,527967.9736873223
24,3,12,650,MLSL,568867.5672894467
24,3,13,650,MLSL,542974.1477331931
24,3,14,650,MLSL,568576.2936633757
24,3,15,650,MLSL,537880.7047695689
24,3,16,650,MLSL,547102.1959252396
24,3,17,650,MLSL,536850.1304725654
24,3,18,650,MLSL,546506.1277823673
24,3,19,650,MLSL,552137.7178917262
24,4,0,650,MLSL,542335.8089527378
24,4,1,650,MLSL,501804.1350729619
24,4,2,650,MLSL,508976.86686582834
24,4,3,650,MLSL,564301.690343891
24,4,4,650,MLSL,501773.53232819703
24,4,5,650,MLSL,532336.4817903336
24,4,6,650,MLSL,539351.2826232207
24,4,7,650,MLSL,478485.62984558666
24,4,8,650,MLSL,516650.2278782051
24,4,9,650,MLSL,541542.9430799454
24,4,10,650,MLSL,537366.9793826896
24,4,11,650,MLSL,523859.6850374385
24,4,12,650,MLSL,529545.9564277024
24,4,13,650,MLSL,570168.9749796768
24,4,14,650,MLSL,543756.4547894441
24,4,15,650,MLSL,490295.20295022754
24,4,16,650,MLSL,533695.2645005591
24,4,17,650,MLSL,509180.95538879384
24,4,18,650,MLSL,527535.68256566
24,4,19,650,MLSL,538814.2353052426
24,5,0,650,MLSL,489325.7744181808
24,5,1,650,MLSL,535032.090446
24,5,2,650,MLSL,553332.76052003
24,5,3,650,MLSL,519036.8052528293
24,5,4,650,MLSL,531332.0002205387
24,5,5,650,MLSL,562237.8509416338
24,5,6,650,MLSL,540970.2321920658
24,5,7,650,MLSL,498040.9462930981
24,5,8,650,MLSL,558454.0578862769
24,5,9,650,MLSL,528930.3045042299
24,5,10,650,MLSL,516153.36096447555
24,5,11,650,MLSL,543959.888636549
24,5,12,650,MLSL,498415.3616774978
24,5,13,650,MLSL,540632.8622815076
24,5,14,650,MLSL,499928.2190729407
24,5,15,650,MLSL,532487.4755745633
24,5,16,650,MLSL,527615.5719459411
24,5,17,650,MLSL,540571.0580107081
24,5,18,650,MLSL,541860.8919020067
24,5,19,650,MLSL,491826.7490414704
24,6,0,650,MLSL,547270.4475772085
24,6,1,650,MLSL,524566.6036702986
24,6,2,650,MLSL,548492.2265732381
24,6,3,650,MLSL,544050.5987238348
24,6,4,650,MLSL,562890.5726299321
24,6,5,650,MLSL,529995.987946639
24,6,6,650,MLSL,545401.0668856939
24,6,7,650,MLSL,537888.8860637015
24,6,8,650,MLSL,576368.5224134233
24,6,9,650,MLSL,537340.8746619634
24,6,10,650,MLSL,535036.9163997758
24,6,11,650,MLSL,540065.8240454713
24,6,12,650,MLSL,531843.132234781
24,6,13,650,MLSL,531401.0556190165
24,6,14,650,MLSL,516228.57257641084
24,6,15,650,MLSL,508152.3730488165
24,6,16,650,MLSL,587386.2002006768
24,6,17,650,MLSL,579001.3529593322
24,6,18,650,MLSL,546104.5833525431
24,6,19,650,MLSL,524140.29184786417
24,7,0,650,MLSL,498480.234586559
24,7,1,650,MLSL,516040.5811905784
24,7,2,650,MLSL,574522.5062552094
24,7,3,650,MLSL,550017.9947025462
24,7,4,650,MLSL,535714.1514770451
24,7,5,650,MLSL,540963.6638619578
24,7,6,650,MLSL,517406.22245813435
24,7,7,650,MLSL,586627.8513289728
24,7,8,650,MLSL,547178.1361614381
24,7,9,650,MLSL,540146.1271806809
24,7,10,650,MLSL,549995.8614135949
24,7,11,650,MLSL,542988.1724616566
24,7,12,650,MLSL,564784.4711535631
24,7,13,650,MLSL,527581.1397364871
24,7,14,650,MLSL,520278.7272449866
24,7,15,650,MLSL,540069.992173021
24,7,16,650,MLSL,519393.5305040269
24,7,17,650,MLSL,549939.9159727461
24,7,18,650,MLSL,504618.1064546316
24,7,19,650,MLSL,536598.1529614443
