fid,iid,rep,a1_budget,algname,achieved_auc
1,1,0,750,BFGS,42095.525324186994
1,1,1,750,BFGS,45437.50908118078
1,1,2,750,BFGS,42111.482908339196
1,1,3,750,BFGS,40097.58713878374
1,1,4,750,BFGS,34011.44449614132
1,1,5,750,BFGS,37076.57669091021
1,1,6,750,BFGS,37574.823607349346
1,1,7,750,BFGS,40027.68288428516
1,1,8,750,BFGS,49586.0192826385
1,1,9,750,BFGS,49096.55556404127
1,1,10,750,BFGS,46153.356174982364
1,1,11,750,BFGS,36464.98980636954
1,1,12,750,BFGS,34535.469627851184
1,1,13,750,BFGS,36382.33188172373
1,1,14,750,BFGS,48907.29125092647
1,1,15,750,BFGS,41851.08942237549
1,1,16,750,BFGS,52812.84602332408
1,1,17,750,BFGS,43267.82574768854
1,1,18,750,BFGS,39241.33734172334
1,1,19,750,BFGS,39837.059115265
1,2,0,750,BFGS,39993.135291340914
1,2,1,750,BFGS,49283.991306684315
1,2,2,750,BFGS,50924.83845979089
1,2,3,750,BFGS,55282.041742659676
1,2,4,750,BFGS,44440.249583335055
1,2,5,750,BFGS,46856.279003094496
1,2,6,750,BFGS,47026.39962164358
1,2,7,750,BFGS,49422.7901856843
1,2,8,750,BFGS,53081.61670534465
1,2,9,750,BFGS,45297.90363714432
1,2,10,750,BFGS,50486.65752323504
1,2,11,750,BFGS,55686.79890245411
1,2,12,750,BFGS,44255.26084978953
1,2,13,750,BFGS,51009.00855865729
1,2,14,750,BFGS,44217.12447955004
1,2,15,750,BFGS,49303.92681189465
1,2,16,750,BFGS,43437.62539022075
1,2,17,750,BFGS,52967.70897182422
1,2,18,750,BFGS,46750.843388747366
1,2,19,750,BFGS,49056.82658576004
1,3,0,750,BFGS,47461.8311269902
1,3,1,750,BFGS,41512.09390933998
1,3,2,750,BFGS,45024.13584708105
1,3,3,750,BFGS,45744.31529785259
1,3,4,750,BFGS,38337.3260340595
1,3,5,750,BFGS,46888.10949514473
1,3,6,750,BFGS,38942.82656271403
1,3,7,750,BFGS,42068.116901996495
1,3,8,750,BFGS,37841.45029886169
1,3,9,750,BFGS,45800.90865463362
1,3,10,750,BFGS,37210.79649149828
1,3,11,750,BFGS,43934.24493969609
1,3,12,750,BFGS,39123.40427676761
1,3,13,750,BFGS,47130.00658546351
1,3,14,750,BFGS,35938.88933639134
1,3,15,750,BFGS,34492.703383971006
1,3,16,750,BFGS,39901.04257752213
1,3,17,750,BFGS,46795.46725491516
1,3,18,750,BFGS,47343.30851261425
1,3,19,750,BFGS,43415.657975623064
1,4,0,750,BFGS,51921.37303231214
1,4,1,750,BFGS,43583.51783423571
1,4,2,750,BFGS,50105.281802267426
1,4,3,750,BFGS,46074.40719863418
1,4,4,750,BFGS,38662.623945555766
1,4,5,750,BFGS,43931.78841164416
1,4,6,750,BFGS,36098.22416633656
1,4,7,750,BFGS,50479.46339331164
1,4,8,750,BFGS,43560.15694106552
1,4,9,750,BFGS,38264.779224972466
1,4,10,750,BFGS,42866.94561874772
1,4,11,750,BFGS,39348.48050125165
1,4,12,750,BFGS,42386.19090845615
1,4,13,750,BFGS,40134.517104768434
1,4,14,750,BFGS,44684.33630913103
1,4,15,750,BFGS,41850.59737169283
1,4,16,750,BFGS,42629.08646386889
1,4,17,750,BFGS,46404.65179963251
1,4,18,750,BFGS,48970.17072339452
1,4,19,750,BFGS,49383.69731783357
1,5,0,750,BFGS,40643.88339392799
1,5,1,750,BFGS,35537.71157745856
1,5,2,750,BFGS,43778.491220169126
1,5,3,750,BFGS,37282.529948427924
1,5,4,750,BFGS,36055.23611268833
1,5,5,750,BFGS,36571.57288291674
1,5,6,750,BFGS,38006.750985650004
1,5,7,750,BFGS,41545.08652814625
1,5,8,750,BFGS,37340.463820428515
1,5,9,750,BFGS,44066.663706925414
1,5,10,750,BFGS,38575.96311075664
1,5,11,750,BFGS,38614.848731565166
1,5,12,750,BFGS,44503.648665563334
1,5,13,750,BFGS,34134.456934902715
1,5,14,750,BFGS,35018.22223111141
1,5,15,750,BFGS,34754.99481291216
1,5,16,750,BFGS,35441.5475649294
1,5,17,750,BFGS,41699.145834528346
1,5,18,750,BFGS,47194.58794339609
1,5,19,750,BFGS,38366.907604233624
1,6,0,750,BFGS,51529.94287628237
1,6,1,750,BFGS,44798.54189343703
1,6,2,750,BFGS,41913.58269859408
1,6,3,750,BFGS,47840.45843226907
1,6,4,750,BFGS,41712.19725931259
1,6,5,750,BFGS,44564.393946523465
1,6,6,750,BFGS,45448.3027790408
1,6,7,750,BFGS,43547.044845428245
1,6,8,750,BFGS,38637.41018776729
1,6,9,750,BFGS,40894.11016417553
1,6,10,750,BFGS,46565.496150315295
1,6,11,750,BFGS,44529.73141447133
1,6,12,750,BFGS,39654.821534182156
1,6,13,750,BFGS,43056.5134421475
1,6,14,750,BFGS,51076.6783406712
1,6,15,750,BFGS,40513.55205102231
1,6,16,750,BFGS,44517.80862548314
1,6,17,750,BFGS,40881.06924931286
1,6,18,750,BFGS,42905.65717018924
1,6,19,750,BFGS,42431.1829212003
1,7,0,750,BFGS,39944.87153237412
1,7,1,750,BFGS,55049.48271271596
1,7,2,750,BFGS,44002.810481652705
1,7,3,750,BFGS,49086.67834486283
1,7,4,750,BFGS,40349.34953296676
1,7,5,750,BFGS,41361.67702105894
1,7,6,750,BFGS,50886.13007811515
1,7,7,750,BFGS,44512.369259134124
1,7,8,750,BFGS,44226.0725715372
1,7,9,750,BFGS,45454.63951689883
1,7,10,750,BFGS,42457.19410288408
1,7,11,750,BFGS,48356.32505288314
1,7,12,750,BFGS,38686.475964768506
1,7,13,750,BFGS,51090.66369451983
1,7,14,750,BFGS,38759.89059040149
1,7,15,750,BFGS,43838.19650536366
1,7,16,750,BFGS,42294.04450106807
1,7,17,750,BFGS,43904.276004203035
1,7,18,750,BFGS,42804.16095454937
1,7,19,750,BFGS,44067.08381764508
2,1,0,750,BFGS,1484433083.55306
2,1,1,750,BFGS,1904881767.1050606
2,1,2,750,BFGS,1640274762.1825247
2,1,3,750,BFGS,1502351278.1229415
2,1,4,750,BFGS,1817014842.1391141
2,1,5,750,BFGS,1922808916.3867226
2,1,6,750,BFGS,1810693139.5349913
2,1,7,750,BFGS,1750782555.399754
2,1,8,750,BFGS,1183219529.9012287
2,1,9,750,BFGS,1432119511.65668
2,1,10,750,BFGS,1652797635.213311
2,1,11,750,BFGS,1994772435.1754177
2,1,12,750,BFGS,1717572349.448178
2,1,13,750,BFGS,1208364230.9304886
2,1,14,750,BFGS,1991377079.0421872
2,1,15,750,BFGS,1868258044.7870014
2,1,16,750,BFGS,1643635567.9126863
2,1,17,750,BFGS,1509032242.0640116
2,1,18,750,BFGS,1585920856.7062445
2,1,19,750,BFGS,1407902657.9352612
2,2,0,750,BFGS,1769698894.6696677
2,2,1,750,BFGS,1944935786.8274066
2,2,2,750,BFGS,1774749153.220879
2,2,3,750,BFGS,2185347135.3080616
2,2,4,750,BFGS,2252049530.9931903
2,2,5,750,BFGS,1691709029.5441134
2,2,6,750,BFGS,1805586069.6974368
2,2,7,750,BFGS,1463420106.1015034
2,2,8,750,BFGS,1802826037.6127205
2,2,9,750,BFGS,1715504547.029878
2,2,10,750,BFGS,1713834986.2354808
2,2,11,750,BFGS,2143950550.8715742
2,2,12,750,BFGS,2176453835.4668274
2,2,13,750,BFGS,1750166955.798454
2,2,14,750,BFGS,2128056482.3790767
2,2,15,750,BFGS,1989805470.0287998
2,2,16,750,BFGS,2256680507.109686
2,2,17,750,BFGS,2181754811.3310976
2,2,18,750,BFGS,2318661517.711637
2,2,19,750,BFGS,2199943472.00026
2,3,0,750,BFGS,1643783153.8258796
2,3,1,750,BFGS,1443884262.1260152
2,3,2,750,BFGS,1855059856.3423748
2,3,3,750,BFGS,1941817306.745821
2,3,4,750,BFGS,1945873094.4400413
2,3,5,750,BFGS,2337614274.2487974
2,3,6,750,BFGS,2429569543.01038
2,3,7,750,BFGS,1972359314.3671184
2,3,8,750,BFGS,1472780054.1012316
2,3,9,750,BFGS,1461935484.4549878
2,3,10,750,BFGS,1877427136.5873406
2,3,11,750,BFGS,1932416033.5593467
2,3,12,750,BFGS,1670116497.314707
2,3,13,750,BFGS,2049809724.6363473
2,3,14,750,BFGS,2045909019.9761806
2,3,15,750,BFGS,1865759560.191965
2,3,16,750,BFGS,2474393804.927498
2,3,17,750,BFGS,1807970895.665617
2,3,18,750,BFGS,1649376256.9233532
2,3,19,750,BFGS,1686406846.5280256
2,4,0,750,BFGS,1799466226.6556373
2,4,1,750,BFGS,2061686535.5521443
2,4,2,750,BFGS,1868200911.1394017
2,4,3,750,BFGS,1511318413.817871
2,4,4,750,BFGS,1835705051.9009378
2,4,5,750,BFGS,2026902587.851289
2,4,6,750,BFGS,1632421717.2551675
2,4,7,750,BFGS,1873745263.4044683
2,4,8,750,BFGS,1957982427.4691672
2,4,9,750,BFGS,2073295916.5790763
2,4,10,750,BFGS,2233563665.6392994
2,4,11,750,BFGS,1948919426.1925535
2,4,12,750,BFGS,2161458298.242143
2,4,13,750,BFGS,1723573256.4799871
2,4,14,750,BFGS,1762589010.093785
2,4,15,750,BFGS,2312661368.6223836
2,4,16,750,BFGS,1705504584.1212902
2,4,17,750,BFGS,1859739143.0690207
2,4,18,750,BFGS,1771375668.1626537
2,4,19,750,BFGS,1911087166.6402779
2,5,0,750,BFGS,1354599818.2908108
2,5,1,750,BFGS,1528894765.4425595
2,5,2,750,BFGS,2021568252.634246
2,5,3,750,BFGS,2063361007.3120546
2,5,4,750,BFGS,2011009372.3673375
2,5,5,750,BFGS,1529058086.7193017
2,5,6,750,BFGS,1438001546.2510023
2,5,7,750,BFGS,1526152266.854665
2,5,8,750,BFGS,2203855540.1749806
2,5,9,750,BFGS,1364733192.155109
2,5,10,750,BFGS,1611490065.0030131
2,5,11,750,BFGS,1677657068.9655273
2,5,12,750,BFGS,2543682768.0246544
2,5,13,750,BFGS,1904252936.2547727
2,5,14,750,BFGS,1994216786.955523
2,5,15,750,BFGS,1520031239.5869887
2,5,16,750,BFGS,1701981233.5211542
2,5,17,750,BFGS,2014522688.1065378
2,5,18,750,BFGS,2246550192.969007
2,5,19,750,BFGS,1857257901.8193617
2,6,0,750,BFGS,1864291558.7750952
2,6,1,750,BFGS,1859834044.669806
2,6,2,750,BFGS,2040555607.2779567
2,6,3,750,BFGS,1846587199.6491122
2,6,4,750,BFGS,1765898370.6606975
2,6,5,750,BFGS,2148768376.1620083
2,6,6,750,BFGS,2143577467.0671012
2,6,7,750,BFGS,1635077074.9102974
2,6,8,750,BFGS,1745954343.275453
2,6,9,750,BFGS,1922964656.1050565
2,6,10,750,BFGS,1947415408.7958522
2,6,11,750,BFGS,1918735948.9350178
2,6,12,750,BFGS,1958272143.0199506
2,6,13,750,BFGS,1806492261.519273
2,6,14,750,BFGS,2459851985.1973386
2,6,15,750,BFGS,2295728420.8119855
2,6,16,750,BFGS,2231344732.8659506
2,6,17,750,BFGS,1921834548.7584176
2,6,18,750,BFGS,1962730715.51459
2,6,19,750,BFGS,2211838400.395499
2,7,0,750,BFGS,1452766195.9566085
2,7,1,750,BFGS,1488406351.5930033
2,7,2,750,BFGS,1657445302.8925252
2,7,3,750,BFGS,1474044853.537289
2,7,4,750,BFGS,1598633949.1250014
2,7,5,750,BFGS,1663351017.8879259
2,7,6,750,BFGS,1273080212.9543087
2,7,7,750,BFGS,1986373109.1535711
2,7,8,750,BFGS,1651378218.3816187
2,7,9,750,BFGS,1695678435.501801
2,7,10,750,BFGS,1402928103.5534143
2,7,11,750,BFGS,1463346745.315577
2,7,12,750,BFGS,1549900823.726953
2,7,13,750,BFGS,1565274914.6541615
2,7,14,750,BFGS,1490975096.7530618
2,7,15,750,BFGS,1614174990.2410884
2,7,16,750,BFGS,1620380592.6195931
2,7,17,750,BFGS,1413861942.448915
2,7,18,750,BFGS,1822529421.7161465
2,7,19,750,BFGS,1939243550.1086557
3,1,0,750,BFGS,588376.9313437821
3,1,1,750,BFGS,641366.0132722349
3,1,2,750,BFGS,570415.301758209
3,1,3,750,BFGS,612910.7248820087
3,1,4,750,BFGS,535326.5070753666
3,1,5,750,BFGS,593497.6048489136
3,1,6,750,BFGS,535346.7235801832
3,1,7,750,BFGS,598851.0072742344
3,1,8,750,BFGS,644137.4959078828
3,1,9,750,BFGS,601406.8840913343
3,1,10,750,BFGS,597637.3896248332
3,1,11,750,BFGS,608286.3023980346
3,1,12,750,BFGS,593808.9612053297
3,1,13,750,BFGS,630374.6624829752
3,1,14,750,BFGS,567805.3783347233
3,1,15,750,BFGS,644708.6941383887
3,1,16,750,BFGS,593396.5754002879
3,1,17,750,BFGS,599331.3843853859
3,1,18,750,BFGS,583578.2599017381
3,1,19,750,BFGS,568936.4238875713
3,2,0,750,BFGS,627279.450618777
3,2,1,750,BFGS,610068.5142084815
3,2,2,750,BFGS,584891.6318954604
3,2,3,750,BFGS,597531.0504629035
3,2,4,750,BFGS,602604.3302251202
3,2,5,750,BFGS,545204.0238450484
3,2,6,750,BFGS,616585.6336532247
3,2,7,750,BFGS,609911.3322223448
3,2,8,750,BFGS,663699.7040270091
3,2,9,750,BFGS,535532.7634005719
3,2,10,750,BFGS,590104.0035786321
3,2,11,750,BFGS,558584.9928921964
3,2,12,750,BFGS,655499.5340890576
3,2,13,750,BFGS,585030.9683779937
3,2,14,750,BFGS,586983.6616879685
3,2,15,750,BFGS,600162.3403813316
3,2,16,750,BFGS,647783.6862670484
3,2,17,750,BFGS,637245.0757446466
3,2,18,750,BFGS,620194.66448336
3,2,19,750,BFGS,553905.9744000239
3,3,0,750,BFGS,644296.2940201923
3,3,1,750,BFGS,623779.0748162814
3,3,2,750,BFGS,569878.5155034751
3,3,3,750,BFGS,555574.1086294819
3,3,4,750,BFGS,626110.1327467582
3,3,5,750,BFGS,670182.3135570314
3,3,6,750,BFGS,537301.2033637892
3,3,7,750,BFGS,626066.1776248303
3,3,8,750,BFGS,570197.9553465063
3,3,9,750,BFGS,670559.5199700568
3,3,10,750,BFGS,662514.2286276342
3,3,11,750,BFGS,622870.5644908948
3,3,12,750,BFGS,649897.0089673246
3,3,13,750,BFGS,610894.097564128
3,3,14,750,BFGS,588601.8674679958
3,3,15,750,BFGS,626065.5860835493
3,3,16,750,BFGS,634556.3411059026
3,3,17,750,BFGS,660018.9889522898
3,3,18,750,BFGS,577802.7116149213
3,3,19,750,BFGS,570355.0654014084
3,4,0,750,BFGS,560500.4103730144
3,4,1,750,BFGS,589618.1052242134
3,4,2,750,BFGS,612835.1297807097
3,4,3,750,BFGS,594818.5351468918
3,4,4,750,BFGS,515942.0261269412
3,4,5,750,BFGS,538510.8871217739
3,4,6,750,BFGS,546633.9818205681
3,4,7,750,BFGS,554349.2305366402
3,4,8,750,BFGS,602200.6248752932
3,4,9,750,BFGS,541503.0590417787
3,4,10,750,BFGS,581011.9218626199
3,4,11,750,BFGS,562694.1650306513
3,4,12,750,BFGS,512719.17665701197
3,4,13,750,BFGS,547995.3837735155
3,4,14,750,BFGS,571442.2435064326
3,4,15,750,BFGS,648772.0692531221
3,4,16,750,BFGS,559492.346673151
3,4,17,750,BFGS,584817.7354596872
3,4,18,750,BFGS,599304.9970706087
3,4,19,750,BFGS,575573.1636520715
3,5,0,750,BFGS,555402.8632241039
3,5,1,750,BFGS,640389.0138422685
3,5,2,750,BFGS,682328.9158855006
3,5,3,750,BFGS,699091.1611591679
3,5,4,750,BFGS,641117.6557542708
3,5,5,750,BFGS,646204.3684212001
3,5,6,750,BFGS,614518.0782032515
3,5,7,750,BFGS,673210.5616165537
3,5,8,750,BFGS,571374.2767418844
3,5,9,750,BFGS,620464.9704104103
3,5,10,750,BFGS,662612.584278464
3,5,11,750,BFGS,621408.4765210862
3,5,12,750,BFGS,640105.9826692531
3,5,13,750,BFGS,558955.6072086411
3,5,14,750,BFGS,591115.3360545079
3,5,15,750,BFGS,590176.2898769673
3,5,16,750,BFGS,612965.0943931388
3,5,17,750,BFGS,674996.3632355588
3,5,18,750,BFGS,586029.8426041619
3,5,19,750,BFGS,609168.7330734574
3,6,0,750,BFGS,633419.4621332954
3,6,1,750,BFGS,574699.4892205364
3,6,2,750,BFGS,591985.2804342652
3,6,3,750,BFGS,621907.713380265
3,6,4,750,BFGS,601106.6786184576
3,6,5,750,BFGS,654423.9379475662
3,6,6,750,BFGS,678899.5405690913
3,6,7,750,BFGS,606589.0860513509
3,6,8,750,BFGS,620585.1490434317
3,6,9,750,BFGS,629404.6175456346
3,6,10,750,BFGS,615013.3548917649
3,6,11,750,BFGS,559231.6367560874
3,6,12,750,BFGS,612836.9602902167
3,6,13,750,BFGS,610706.3893999797
3,6,14,750,BFGS,610220.2949458433
3,6,15,750,BFGS,599667.5694139161
3,6,16,750,BFGS,589410.8212641433
3,6,17,750,BFGS,609005.4646190675
3,6,18,750,BFGS,629999.5485697568
3,6,19,750,BFGS,539578.4009093901
3,7,0,750,BFGS,503431.0796570323
3,7,1,750,BFGS,595933.9487300252
3,7,2,750,BFGS,556160.7859384225
3,7,3,750,BFGS,635689.156981949
3,7,4,750,BFGS,590985.1910302318
3,7,5,750,BFGS,589043.9570325909
3,7,6,750,BFGS,546976.8002913573
3,7,7,750,BFGS,529835.287268705
3,7,8,750,BFGS,600140.0533596172
3,7,9,750,BFGS,544879.8925815616
3,7,10,750,BFGS,587928.296086005
3,7,11,750,BFGS,549884.724949947
3,7,12,750,BFGS,522838.74951735977
3,7,13,750,BFGS,590927.8371951613
3,7,14,750,BFGS,554845.9663509987
3,7,15,750,BFGS,594008.4383832397
3,7,16,750,BFGS,566396.2526585705
3,7,17,750,BFGS,582238.1376516329
3,7,18,750,BFGS,550217.3152610781
3,7,19,750,BFGS,534560.7542452307
4,1,0,750,BFGS,866481.8156587319
4,1,1,750,BFGS,788315.3316284714
4,1,2,750,BFGS,798268.2171611541
4,1,3,750,BFGS,929021.9953010355
4,1,4,750,BFGS,932651.0166729945
4,1,5,750,BFGS,776435.6585150942
4,1,6,750,BFGS,848215.6690815592
4,1,7,750,BFGS,811982.2119090615
4,1,8,750,BFGS,1018883.7729490831
4,1,9,750,BFGS,946937.2626605004
4,1,10,750,BFGS,787444.7080986674
4,1,11,750,BFGS,869474.6590185943
4,1,12,750,BFGS,856540.1581836861
4,1,13,750,BFGS,828066.6776255562
4,1,14,750,BFGS,961915.8305243673
4,1,15,750,BFGS,849102.3980858959
4,1,16,750,BFGS,916762.3988915836
4,1,17,750,BFGS,881632.4499851502
4,1,18,750,BFGS,890826.806617631
4,1,19,750,BFGS,958809.8490553033
4,2,0,750,BFGS,847090.201118334
4,2,1,750,BFGS,899211.8572121279
4,2,2,750,BFGS,828238.9933330268
4,2,3,750,BFGS,921269.6241514622
4,2,4,750,BFGS,770835.3374965063
4,2,5,750,BFGS,945476.7703208885
4,2,6,750,BFGS,920668.8576467086
4,2,7,750,BFGS,799528.9793585371
4,2,8,750,BFGS,907533.4628246217
4,2,9,750,BFGS,806282.1729273596
4,2,10,750,BFGS,860946.0900578166
4,2,11,750,BFGS,884099.8787100175
4,2,12,750,BFGS,793810.6517858565
4,2,13,750,BFGS,920372.5088225878
4,2,14,750,BFGS,892007.4370506188
4,2,15,750,BFGS,879110.9411578617
4,2,16,750,BFGS,830267.00018382
4,2,17,750,BFGS,1008088.7916408122
4,2,18,750,BFGS,892759.2885994959
4,2,19,750,BFGS,1031226.0549057715
4,3,0,750,BFGS,812532.4421995002
4,3,1,750,BFGS,806230.8773054569
4,3,2,750,BFGS,854811.7495203965
4,3,3,750,BFGS,811287.1070703313
4,3,4,750,BFGS,923351.414670939
4,3,5,750,BFGS,910544.8655409629
4,3,6,750,BFGS,954840.6084349297
4,3,7,750,BFGS,893410.023986197
4,3,8,750,BFGS,856790.0084751723
4,3,9,750,BFGS,926038.6242927888
4,3,10,750,BFGS,899275.1053893134
4,3,11,750,BFGS,962766.3946655253
4,3,12,750,BFGS,942872.2817408149
4,3,13,750,BFGS,900614.7429567438
4,3,14,750,BFGS,932841.0044989643
4,3,15,750,BFGS,950717.4212030212
4,3,16,750,BFGS,842614.3863296324
4,3,17,750,BFGS,884563.5435715842
4,3,18,750,BFGS,922276.3537201469
4,3,19,750,BFGS,825512.1571128855
4,4,0,750,BFGS,799437.5415354498
4,4,1,750,BFGS,765020.1113564789
4,4,2,750,BFGS,880162.8360686472
4,4,3,750,BFGS,890656.3417160558
4,4,4,750,BFGS,729685.5660542407
4,4,5,750,BFGS,867992.159320788
4,4,6,750,BFGS,800613.947673182
4,4,7,750,BFGS,850969.1714814538
4,4,8,750,BFGS,800098.1315612289
4,4,9,750,BFGS,914719.7316372185
4,4,10,750,BFGS,897868.401955139
4,4,11,750,BFGS,908896.7769998366
4,4,12,750,BFGS,866099.0598562185
4,4,13,750,BFGS,814221.6246779771
4,4,14,750,BFGS,926055.1486327329
4,4,15,750,BFGS,892421.8257671581
4,4,16,750,BFGS,980472.0205242363
4,4,17,750,BFGS,883599.3781615731
4,4,18,750,BFGS,856376.0198424619
4,4,19,750,BFGS,867644.3167047503
4,5,0,750,BFGS,834339.8748908576
4,5,1,750,BFGS,1005827.0717869304
4,5,2,750,BFGS,894740.817868661
4,5,3,750,BFGS,857426.2165268022
4,5,4,750,BFGS,979576.1384378066
4,5,5,750,BFGS,896707.0866331212
4,5,6,750,BFGS,868583.4172990553
4,5,7,750,BFGS,834632.8921582049
4,5,8,750,BFGS,917801.1553353791
4,5,9,750,BFGS,933938.0703727897
4,5,10,750,BFGS,900511.1801058593
4,5,11,750,BFGS,873628.1517439042
4,5,12,750,BFGS,898208.560532752
4,5,13,750,BFGS,856904.9607623639
4,5,14,750,BFGS,945187.0013637266
4,5,15,750,BFGS,809436.8901481986
4,5,16,750,BFGS,789999.7899998649
4,5,17,750,BFGS,856935.1895951577
4,5,18,750,BFGS,855239.3335223165
4,5,19,750,BFGS,964633.7077006828
4,6,0,750,BFGS,881738.6536405538
4,6,1,750,BFGS,946378.3109351818
4,6,2,750,BFGS,842902.4794007945
4,6,3,750,BFGS,770678.6186714005
4,6,4,750,BFGS,955302.5696847371
4,6,5,750,BFGS,926156.0909411767
4,6,6,750,BFGS,919396.0886460941
4,6,7,750,BFGS,837137.7574946238
4,6,8,750,BFGS,875782.8593896285
4,6,9,750,BFGS,948972.5241835592
4,6,10,750,BFGS,945812.851920831
4,6,11,750,BFGS,852816.4326923629
4,6,12,750,BFGS,889021.7358624418
4,6,13,750,BFGS,930845.6922255816
4,6,14,750,BFGS,923802.3174135818
4,6,15,750,BFGS,842610.8254711339
4,6,16,750,BFGS,1017567.4724906306
4,6,17,750,BFGS,990664.8651706122
4,6,18,750,BFGS,846134.8022886638
4,6,19,750,BFGS,980160.614592978
4,7,0,750,BFGS,851718.1997953977
4,7,1,750,BFGS,896752.3356441965
4,7,2,750,BFGS,736914.9948090395
4,7,3,750,BFGS,805148.3201812946
4,7,4,750,BFGS,830335.2043784516
4,7,5,750,BFGS,831517.9758000905
4,7,6,750,BFGS,852061.1815795281
4,7,7,750,BFGS,815235.8986037951
4,7,8,750,BFGS,798718.5779324333
4,7,9,750,BFGS,772838.4271128109
4,7,10,750,BFGS,804685.6624696457
4,7,11,750,BFGS,904923.8104431971
4,7,12,750,BFGS,917518.4755221258
4,7,13,750,BFGS,775395.910896366
4,7,14,750,BFGS,894090.1495640678
4,7,15,750,BFGS,813409.4162848617
4,7,16,750,BFGS,741395.5247646233
4,7,17,750,BFGS,823667.9874488753
4,7,18,750,BFGS,926123.0086687234
4,7,19,750,BFGS,888063.2889101004
5,1,0,750,BFGS,172913.81968519115
5,1,1,750,BFGS,204396.7909652067
5,1,2,750,BFGS,197115.80239179305
5,1,3,750,BFGS,178374.40617226658
5,1,4,750,BFGS,209961.30930698046
5,1,5,750,BFGS,174417.52482208825
5,1,6,750,BFGS,170157.54106634975
5,1,7,750,BFGS,170799.1672774756
5,1,8,750,BFGS,189846.9318927827
5,1,9,750,BFGS,201515.77020484564
5,1,10,750,BFGS,176434.1810049557
5,1,11,750,BFGS,192159.28590836318
5,1,12,750,BFGS,142862.94949277904
5,1,13,750,BFGS,154269.05486862513
5,1,14,750,BFGS,185873.36127205487
5,1,15,750,BFGS,206413.69050550612
5,1,16,750,BFGS,186418.54633365845
5,1,17,750,BFGS,191003.78799256883
5,1,18,750,BFGS,209277.15330096745
5,1,19,750,BFGS,202612.16211755227
5,2,0,750,BFGS,196735.97233329646
5,2,1,750,BFGS,214614.41025374137
5,2,2,750,BFGS,201132.44942656718
5,2,3,750,BFGS,188363.76406057924
5,2,4,750,BFGS,194578.20742094787
5,2,5,750,BFGS,180018.96874651738
5,2,6,750,BFGS,195939.70004805946
5,2,7,750,BFGS,151000.9501483894
5,2,8,750,BFGS,188476.87227095058
5,2,9,750,BFGS,212299.78540001455
5,2,10,750,BFGS,172361.7397401827
5,2,11,750,BFGS,172556.5548552106
5,2,12,750,BFGS,178471.12381811033
5,2,13,750,BFGS,210776.34688168226
5,2,14,750,BFGS,181937.66988218366
5,2,15,750,BFGS,190484.12843219758
5,2,16,750,BFGS,203169.15210466072
5,2,17,750,BFGS,174977.19259416856
5,2,18,750,BFGS,220327.00005965086
5,2,19,750,BFGS,216740.73751927586
5,3,0,750,BFGS,198376.59711027401
5,3,1,750,BFGS,207379.95181159716
5,3,2,750,BFGS,201296.2578842969
5,3,3,750,BFGS,208176.12600969273
5,3,4,750,BFGS,181964.95839944883
5,3,5,750,BFGS,193215.52833311138
5,3,6,750,BFGS,194721.2912322936
5,3,7,750,BFGS,196715.0700348969
5,3,8,750,BFGS,199065.11938657396
5,3,9,750,BFGS,204958.08703170903
5,3,10,750,BFGS,168932.2096766885
5,3,11,750,BFGS,171299.08454830167
5,3,12,750,BFGS,178521.04044848552
5,3,13,750,BFGS,214217.31256580385
5,3,14,750,BFGS,188046.40394986508
5,3,15,750,BFGS,189925.1615415846
5,3,16,750,BFGS,174789.9944533641
5,3,17,750,BFGS,182521.04369928484
5,3,18,750,BFGS,170244.75134778692
5,3,19,750,BFGS,174150.33116336243
5,4,0,750,BFGS,196135.40605022485
5,4,1,750,BFGS,189263.0495278081
5,4,2,750,BFGS,202015.21137205986
5,4,3,750,BFGS,190639.91607388455
5,4,4,750,BFGS,177487.36986591615
5,4,5,750,BFGS,186080.25041230317
5,4,6,750,BFGS,178314.25672856817
5,4,7,750,BFGS,179149.33664119995
5,4,8,750,BFGS,216458.15579148018
5,4,9,750,BFGS,167255.1768089838
5,4,10,750,BFGS,194218.4974799835
5,4,11,750,BFGS,199710.87405028482
5,4,12,750,BFGS,174956.24427984236
5,4,13,750,BFGS,223753.37798067156
5,4,14,750,BFGS,187862.87801467493
5,4,15,750,BFGS,197063.98647824884
5,4,16,750,BFGS,190229.79164595666
5,4,17,750,BFGS,191838.58039285566
5,4,18,750,BFGS,190809.92185754876
5,4,19,750,BFGS,174250.0399589284
5,5,0,750,BFGS,189719.32395182352
5,5,1,750,BFGS,209903.302611328
5,5,2,750,BFGS,187741.5497369133
5,5,3,750,BFGS,164992.7979660566
5,5,4,750,BFGS,201075.214798656
5,5,5,750,BFGS,215695.75633469038
5,5,6,750,BFGS,180418.98951694558
5,5,7,750,BFGS,160371.37509456096
5,5,8,750,BFGS,192886.1333494567
5,5,9,750,BFGS,204361.72909966338
5,5,10,750,BFGS,181408.3219893374
5,5,11,750,BFGS,180766.85329577315
5,5,12,750,BFGS,213706.78338552002
5,5,13,750,BFGS,168398.70712894187
5,5,14,750,BFGS,149253.22825128783
5,5,15,750,BFGS,190191.89725879245
5,5,16,750,BFGS,199866.99903654755
5,5,17,750,BFGS,177395.87569980224
5,5,18,750,BFGS,185553.55841558584
5,5,19,750,BFGS,182426.7684471894
5,6,0,750,BFGS,217212.7906479712
5,6,1,750,BFGS,196269.993042029
5,6,2,750,BFGS,160578.99958762713
5,6,3,750,BFGS,226045.68011432193
5,6,4,750,BFGS,191477.85301337056
5,6,5,750,BFGS,194945.36785233376
5,6,6,750,BFGS,178097.7267034463
5,6,7,750,BFGS,200043.5556804073
5,6,8,750,BFGS,189493.10778081437
5,6,9,750,BFGS,179046.63282344193
5,6,10,750,BFGS,194863.08239832913
5,6,11,750,BFGS,201300.5438344793
5,6,12,750,BFGS,173336.33268523225
5,6,13,750,BFGS,153027.85092175883
5,6,14,750,BFGS,157469.78458049323
5,6,15,750,BFGS,170392.41654786316
5,6,16,750,BFGS,189680.34996982047
5,6,17,750,BFGS,209880.55131165718
5,6,18,750,BFGS,165338.6957214796
5,6,19,750,BFGS,182191.6686705819
5,7,0,750,BFGS,140586.20138257867
5,7,1,750,BFGS,184431.42520631576
5,7,2,750,BFGS,212859.37516252627
5,7,3,750,BFGS,196091.78324866964
5,7,4,750,BFGS,186699.91192750022
5,7,5,750,BFGS,190915.16336004646
5,7,6,750,BFGS,166237.6196644112
5,7,7,750,BFGS,156704.02832319736
5,7,8,750,BFGS,179850.73757087643
5,7,9,750,BFGS,181865.56904967653
5,7,10,750,BFGS,173281.4268346335
5,7,11,750,BFGS,188363.2465737725
5,7,12,750,BFGS,167383.3878238249
5,7,13,750,BFGS,211764.8284590711
5,7,14,750,BFGS,209736.85551224355
5,7,15,750,BFGS,175954.3443220424
5,7,16,750,BFGS,176610.75369597608
5,7,17,750,BFGS,203462.5146976764
5,7,18,750,BFGS,181797.30046886537
5,7,19,750,BFGS,216363.6295199391
6,1,0,750,BFGS,113688130.4877089
6,1,1,750,BFGS,92875641.83480239
6,1,2,750,BFGS,96452394.46043423
6,1,3,750,BFGS,65683645.47283145
6,1,4,750,BFGS,134061552.46614723
6,1,5,750,BFGS,87216226.09387064
6,1,6,750,BFGS,76084537.38512038
6,1,7,750,BFGS,85180549.02094044
6,1,8,750,BFGS,71744601.45997335
6,1,9,750,BFGS,84244544.89368597
6,1,10,750,BFGS,89090781.47281301
6,1,11,750,BFGS,146634688.89289692
6,1,12,750,BFGS,67856505.52443102
6,1,13,750,BFGS,86472697.26601921
6,1,14,750,BFGS,74967461.27407983
6,1,15,750,BFGS,78353359.66264322
6,1,16,750,BFGS,102092565.94536215
6,1,17,750,BFGS,93454992.17047274
6,1,18,750,BFGS,74718256.94110289
6,1,19,750,BFGS,82195327.28572804
6,2,0,750,BFGS,79247005.38610514
6,2,1,750,BFGS,64889068.27660455
6,2,2,750,BFGS,83625012.77160047
6,2,3,750,BFGS,78197290.6042299
6,2,4,750,BFGS,57911929.588633716
6,2,5,750,BFGS,63901241.28244568
6,2,6,750,BFGS,67542261.06972836
6,2,7,750,BFGS,73663552.17527893
6,2,8,750,BFGS,47788962.002203815
6,2,9,750,BFGS,64283423.99482577
6,2,10,750,BFGS,62486392.85720277
6,2,11,750,BFGS,62007087.09362814
6,2,12,750,BFGS,62490954.75836823
6,2,13,750,BFGS,49711247.98383854
6,2,14,750,BFGS,59304708.32212479
6,2,15,750,BFGS,83824105.58087698
6,2,16,750,BFGS,66686646.04664886
6,2,17,750,BFGS,80473957.8335532
6,2,18,750,BFGS,78182156.50333406
6,2,19,750,BFGS,60942257.517453484
6,3,0,750,BFGS,48488968.06391607
6,3,1,750,BFGS,67211224.70838188
6,3,2,750,BFGS,37303276.59630121
6,3,3,750,BFGS,46708396.86666008
6,3,4,750,BFGS,39123004.22804868
6,3,5,750,BFGS,60214827.38825094
6,3,6,750,BFGS,40515889.944103576
6,3,7,750,BFGS,56895232.33073338
6,3,8,750,BFGS,56216181.38036425
6,3,9,750,BFGS,39481248.2159383
6,3,10,750,BFGS,53628173.55918502
6,3,11,750,BFGS,64642112.87268624
6,3,12,750,BFGS,67580121.01826371
6,3,13,750,BFGS,74223192.3820894
6,3,14,750,BFGS,48284092.779416144
6,3,15,750,BFGS,51729590.77972083
6,3,16,750,BFGS,50944365.666999064
6,3,17,750,BFGS,81028607.2775551
6,3,18,750,BFGS,41302663.81768226
6,3,19,750,BFGS,71540006.33721294
6,4,0,750,BFGS,95277550.45051555
6,4,1,750,BFGS,74847956.1600465
6,4,2,750,BFGS,100578288.89490841
6,4,3,750,BFGS,96161336.9315422
6,4,4,750,BFGS,60626340.42779114
6,4,5,750,BFGS,73131395.90881936
6,4,6,750,BFGS,70644624.41964649
6,4,7,750,BFGS,81435690.52012771
6,4,8,750,BFGS,79130804.0507165
6,4,9,750,BFGS,87603999.53844965
6,4,10,750,BFGS,112781585.1240622
6,4,11,750,BFGS,87522165.43172956
6,4,12,750,BFGS,107992424.05828832
6,4,13,750,BFGS,71369598.2435202
6,4,14,750,BFGS,81985510.85271879
6,4,15,750,BFGS,56169945.124238215
6,4,16,750,BFGS,78296845.73183458
6,4,17,750,BFGS,82497724.87575476
6,4,18,750,BFGS,106232882.95534582
6,4,19,750,BFGS,106335537.84628397
6,5,0,750,BFGS,91790329.63703798
6,5,1,750,BFGS,59732407.63138407
6,5,2,750,BFGS,94895107.64580643
6,5,3,750,BFGS,85542436.9876425
6,5,4,750,BFGS,65580503.94944797
6,5,5,750,BFGS,85061058.00495395
6,5,6,750,BFGS,94048414.56920274
6,5,7,750,BFGS,56906444.45720835
6,5,8,750,BFGS,62090014.27560198
6,5,9,750,BFGS,84273793.44024347
6,5,10,750,BFGS,91316225.92713624
6,5,11,750,BFGS,76581925.51500165
6,5,12,750,BFGS,75463922.85075097
6,5,13,750,BFGS,97372891.40428586
6,5,14,750,BFGS,88274819.05620462
6,5,15,750,BFGS,66134350.530378155
6,5,16,750,BFGS,67678749.66671844
6,5,17,750,BFGS,83268999.59681126
6,5,18,750,BFGS,105507604.52409536
6,5,19,750,BFGS,84635981.35321468
6,6,0,750,BFGS,64390591.16358114
6,6,1,750,BFGS,51161446.848167874
6,6,2,750,BFGS,56407799.29032435
6,6,3,750,BFGS,67304528.8336316
6,6,4,750,BFGS,44744585.21765343
6,6,5,750,BFGS,61647073.95745082
6,6,6,750,BFGS,63202434.03604971
6,6,7,750,BFGS,65397817.017593555
6,6,8,750,BFGS,74761861.21373987
6,6,9,750,BFGS,85992810.15828082
6,6,10,750,BFGS,77381068.53102009
6,6,11,750,BFGS,60648215.88651594
6,6,12,750,BFGS,69838347.40372223
6,6,13,750,BFGS,78685363.50942864
6,6,14,750,BFGS,63420418.15884672
6,6,15,750,BFGS,85524221.246015
6,6,16,750,BFGS,53045576.954240866
6,6,17,750,BFGS,59802562.815286316
6,6,18,750,BFGS,58239367.784171395
6,6,19,750,BFGS,60739493.68311466
6,7,0,750,BFGS,57647991.2809025
6,7,1,750,BFGS,47612198.855271116
6,7,2,750,BFGS,62789558.93658907
6,7,3,750,BFGS,72265333.70543607
6,7,4,750,BFGS,73899235.37125722
6,7,5,750,BFGS,50160037.54011066
6,7,6,750,BFGS,41645856.270697854
6,7,7,750,BFGS,50822612.93520255
6,7,8,750,BFGS,45078877.02730412
6,7,9,750,BFGS,53046983.25357155
6,7,10,750,BFGS,65172420.346845135
6,7,11,750,BFGS,57682383.02452598
6,7,12,750,BFGS,48033580.80641589
6,7,13,750,BFGS,38489077.879044406
6,7,14,750,BFGS,61034775.224803194
6,7,15,750,BFGS,60299966.232039005
6,7,16,750,BFGS,50438349.71275361
6,7,17,750,BFGS,52161714.47510076
6,7,18,750,BFGS,55735572.81366907
6,7,19,750,BFGS,54197233.19355257
7,1,0,750,BFGS,428577.2435100519
7,1,1,750,BFGS,344722.2123996714
7,1,2,750,BFGS,349201.0167738708
7,1,3,750,BFGS,394290.76125478256
7,1,4,750,BFGS,375704.7357004966
7,1,5,750,BFGS,390757.6485647954
7,1,6,750,BFGS,414627.3238693342
7,1,7,750,BFGS,438343.82644934894
7,1,8,750,BFGS,330387.01212896645
7,1,9,750,BFGS,337873.6345690674
7,1,10,750,BFGS,382718.6996958632
7,1,11,750,BFGS,391923.21076829307
7,1,12,750,BFGS,325733.0806958412
7,1,13,750,BFGS,391924.2808790979
7,1,14,750,BFGS,313443.41473325156
7,1,15,750,BFGS,404365.1125623731
7,1,16,750,BFGS,335853.1386136948
7,1,17,750,BFGS,399801.14011478424
7,1,18,750,BFGS,303194.7023220318
7,1,19,750,BFGS,382222.7300865125
7,2,0,750,BFGS,384493.1093297285
7,2,1,750,BFGS,396109.40465196257
7,2,2,750,BFGS,458965.3474843014
7,2,3,750,BFGS,377257.45807881653
7,2,4,750,BFGS,454996.53785797826
7,2,5,750,BFGS,384979.9030358287
7,2,6,750,BFGS,409240.8267520212
7,2,7,750,BFGS,412943.59942042583
7,2,8,750,BFGS,433640.0466012327
7,2,9,750,BFGS,501517.3578183085
7,2,10,750,BFGS,446319.146355301
7,2,11,750,BFGS,442195.57098339323
7,2,12,750,BFGS,423578.3956390424
7,2,13,750,BFGS,404651.1970892469
7,2,14,750,BFGS,442456.3684920693
7,2,15,750,BFGS,348259.3702773835
7,2,16,750,BFGS,381872.81236533134
7,2,17,750,BFGS,443376.3875131381
7,2,18,750,BFGS,425290.0377648771
7,2,19,750,BFGS,430067.44856576435
7,3,0,750,BFGS,343790.34112527105
7,3,1,750,BFGS,310483.4453514477
7,3,2,750,BFGS,346997.06062365544
7,3,3,750,BFGS,383993.6881310549
7,3,4,750,BFGS,324922.15163029544
7,3,5,750,BFGS,305655.9486007372
7,3,6,750,BFGS,257711.8159675155
7,3,7,750,BFGS,288660.9643105538
7,3,8,750,BFGS,328503.38153536076
7,3,9,750,BFGS,361950.87815981556
7,3,10,750,BFGS,335764.78289529984
7,3,11,750,BFGS,361478.53641087055
7,3,12,750,BFGS,343401.04207221797
7,3,13,750,BFGS,348232.7330656327
7,3,14,750,BFGS,306181.19376084924
7,3,15,750,BFGS,329998.23868483404
7,3,16,750,BFGS,335638.6532175513
7,3,17,750,BFGS,359411.68047240825
7,3,18,750,BFGS,361028.8057347979
7,3,19,750,BFGS,323599.55380871583
7,4,0,750,BFGS,408290.3602182662
7,4,1,750,BFGS,300680.07390440285
7,4,2,750,BFGS,380931.19905853213
7,4,3,750,BFGS,368781.53110389697
7,4,4,750,BFGS,359200.4574557061
7,4,5,750,BFGS,396547.5544271625
7,4,6,750,BFGS,301110.7751448045
7,4,7,750,BFGS,320031.3120151621
7,4,8,750,BFGS,427952.42618627584
7,4,9,750,BFGS,421704.08429774846
7,4,10,750,BFGS,353644.6887274335
7,4,11,750,BFGS,411595.27030877175
7,4,12,750,BFGS,398108.1930271288
7,4,13,750,BFGS,346786.602362492
7,4,14,750,BFGS,424963.8524715194
7,4,15,750,BFGS,325660.6080969851
7,4,16,750,BFGS,351089.910183231
7,4,17,750,BFGS,328197.6895645136
7,4,18,750,BFGS,404896.4924811831
7,4,19,750,BFGS,364818.2833550456
7,5,0,750,BFGS,402023.06357398257
7,5,1,750,BFGS,355052.7154288352
7,5,2,750,BFGS,357297.82580014237
7,5,3,750,BFGS,418366.8842318618
7,5,4,750,BFGS,300147.2492898622
7,5,5,750,BFGS,373957.38761086395
7,5,6,750,BFGS,342723.53074430017
7,5,7,750,BFGS,399631.6251849325
7,5,8,750,BFGS,366019.40264159295
7,5,9,750,BFGS,353967.45773940487
7,5,10,750,BFGS,351563.1483165163
7,5,11,750,BFGS,368187.3671352112
7,5,12,750,BFGS,346883.55440499034
7,5,13,750,BFGS,319831.0990835405
7,5,14,750,BFGS,421421.197258233
7,5,15,750,BFGS,348549.49487111036
7,5,16,750,BFGS,398453.7307440924
7,5,17,750,BFGS,364663.44895416056
7,5,18,750,BFGS,395801.35615198076
7,5,19,750,BFGS,441386.38004567754
7,6,0,750,BFGS,345024.25571847137
7,6,1,750,BFGS,355875.50665489316
7,6,2,750,BFGS,474035.25908967364
7,6,3,750,BFGS,347351.99702022795
7,6,4,750,BFGS,348363.0396501356
7,6,5,750,BFGS,332628.43624701694
7,6,6,750,BFGS,416265.5577039636
7,6,7,750,BFGS,384288.8509119607
7,6,8,750,BFGS,365449.93182743597
7,6,9,750,BFGS,424912.2734071476
7,6,10,750,BFGS,389170.2440158358
7,6,11,750,BFGS,400499.4153322752
7,6,12,750,BFGS,331811.8289571731
7,6,13,750,BFGS,342692.9740554481
7,6,14,750,BFGS,354864.18298745895
7,6,15,750,BFGS,434113.8292882462
7,6,16,750,BFGS,399644.3926609311
7,6,17,750,BFGS,460308.0404753548
7,6,18,750,BFGS,416256.3798129597
7,6,19,750,BFGS,349857.42627180734
7,7,0,750,BFGS,514272.49651352566
7,7,1,750,BFGS,362517.6872003332
7,7,2,750,BFGS,465686.96996239026
7,7,3,750,BFGS,448142.04658165196
7,7,4,750,BFGS,352213.2146026419
7,7,5,750,BFGS,411243.00795465347
7,7,6,750,BFGS,346975.36329946417
7,7,7,750,BFGS,394187.6033012443
7,7,8,750,BFGS,453462.17472412647
7,7,9,750,BFGS,444297.1517206239
7,7,10,750,BFGS,427681.496347332
7,7,11,750,BFGS,403042.60502828343
7,7,12,750,BFGS,423393.61183990096
7,7,13,750,BFGS,311820.7661962962
7,7,14,750,BFGS,427989.1204583054
7,7,15,750,BFGS,377403.27698613744
7,7,16,750,BFGS,353927.4411637071
7,7,17,750,BFGS,491014.7742786845
7,7,18,750,BFGS,393531.2491450587
7,7,19,750,BFGS,389881.67237501865
8,1,0,750,BFGS,32074742.86110603
8,1,1,750,BFGS,42845687.588097624
8,1,2,750,BFGS,44841104.50610634
8,1,3,750,BFGS,35383693.46284874
8,1,4,750,BFGS,34911995.42143924
8,1,5,750,BFGS,39307839.09156613
8,1,6,750,BFGS,35290705.61394514
8,1,7,750,BFGS,27702221.715772312
8,1,8,750,BFGS,35522008.202042654
8,1,9,750,BFGS,33765416.33842529
8,1,10,750,BFGS,38968901.9635885
8,1,11,750,BFGS,42834168.66540117
8,1,12,750,BFGS,34980506.70798628
8,1,13,750,BFGS,27750219.1506161
8,1,14,750,BFGS,26924729.26249043
8,1,15,750,BFGS,34542832.226900086
8,1,16,750,BFGS,30605774.48462064
8,1,17,750,BFGS,46450001.84849224
8,1,18,750,BFGS,30441742.62640512
8,1,19,750,BFGS,28129387.074032564
8,2,0,750,BFGS,21637702.12360206
8,2,1,750,BFGS,28806291.026056822
8,2,2,750,BFGS,26603474.17033785
8,2,3,750,BFGS,38954715.29394116
8,2,4,750,BFGS,33317265.569190897
8,2,5,750,BFGS,33683088.98111148
8,2,6,750,BFGS,25475196.077420462
8,2,7,750,BFGS,20777728.349353798
8,2,8,750,BFGS,32462170.456940968
8,2,9,750,BFGS,31118410.264290772
8,2,10,750,BFGS,34197940.564648785
8,2,11,750,BFGS,36276806.89332968
8,2,12,750,BFGS,27894150.94068419
8,2,13,750,BFGS,29532251.57768801
8,2,14,750,BFGS,35625330.70555615
8,2,15,750,BFGS,27478801.88670715
8,2,16,750,BFGS,30138668.12415161
8,2,17,750,BFGS,31381628.741884455
8,2,18,750,BFGS,32682859.736050766
8,2,19,750,BFGS,30080923.610949025
8,3,0,750,BFGS,37302488.806916416
8,3,1,750,BFGS,41063466.594668165
8,3,2,750,BFGS,34790307.88206909
8,3,3,750,BFGS,33585523.576903865
8,3,4,750,BFGS,32985312.333783194
8,3,5,750,BFGS,33105410.604784444
8,3,6,750,BFGS,40674594.60720683
8,3,7,750,BFGS,30484840.148509186
8,3,8,750,BFGS,40889620.71882446
8,3,9,750,BFGS,33324906.948437978
8,3,10,750,BFGS,46216174.80826405
8,3,11,750,BFGS,58307886.73408799
8,3,12,750,BFGS,33945952.45552966
8,3,13,750,BFGS,33120596.365128092
8,3,14,750,BFGS,39401937.76740204
8,3,15,750,BFGS,35616649.379292585
8,3,16,750,BFGS,28866726.60559992
8,3,17,750,BFGS,38821510.078084126
8,3,18,750,BFGS,33154798.78966166
8,3,19,750,BFGS,39283313.80250468
8,4,0,750,BFGS,34840427.358427085
8,4,1,750,BFGS,29409167.607299108
8,4,2,750,BFGS,31655843.540668003
8,4,3,750,BFGS,28528995.76823481
8,4,4,750,BFGS,37126434.76756212
8,4,5,750,BFGS,30683094.17672336
8,4,6,750,BFGS,33043373.398778755
8,4,7,750,BFGS,33427722.452220343
8,4,8,750,BFGS,29228183.538216498
8,4,9,750,BFGS,34636982.04942739
8,4,10,750,BFGS,36366938.41080336
8,4,11,750,BFGS,32477642.776118435
8,4,12,750,BFGS,35433643.659944594
8,4,13,750,BFGS,26974614.68587754
8,4,14,750,BFGS,52235891.66296762
8,4,15,750,BFGS,42848086.211145
8,4,16,750,BFGS,34290822.2399362
8,4,17,750,BFGS,33221691.412584927
8,4,18,750,BFGS,36840959.58011924
8,4,19,750,BFGS,34296830.954753235
8,5,0,750,BFGS,29543745.146044426
8,5,1,750,BFGS,19814312.801749896
8,5,2,750,BFGS,20639497.333278716
8,5,3,750,BFGS,22921409.768399395
8,5,4,750,BFGS,30739213.286798805
8,5,5,750,BFGS,27262105.422653705
8,5,6,750,BFGS,17100609.690922767
8,5,7,750,BFGS,18897334.390061457
8,5,8,750,BFGS,40447011.57176123
8,5,9,750,BFGS,32266807.014029562
8,5,10,750,BFGS,32655245.92458457
8,5,11,750,BFGS,23242578.20352612
8,5,12,750,BFGS,31711342.39979587
8,5,13,750,BFGS,30138362.591299877
8,5,14,750,BFGS,30701131.609143082
8,5,15,750,BFGS,19793216.07960385
8,5,16,750,BFGS,20956203.31389121
8,5,17,750,BFGS,27307127.54268602
8,5,18,750,BFGS,19608918.125213068
8,5,19,750,BFGS,22679040.929932985
8,6,0,750,BFGS,27945929.579172306
8,6,1,750,BFGS,47408105.38750079
8,6,2,750,BFGS,22259927.880926218
8,6,3,750,BFGS,31337325.75088294
8,6,4,750,BFGS,30201171.507911403
8,6,5,750,BFGS,41042105.0004275
8,6,6,750,BFGS,31033502.767017145
8,6,7,750,BFGS,25882502.072433986
8,6,8,750,BFGS,35769837.2631279
8,6,9,750,BFGS,29345494.519920807
8,6,10,750,BFGS,31987686.673601966
8,6,11,750,BFGS,27306779.68513014
8,6,12,750,BFGS,38172797.50803672
8,6,13,750,BFGS,31345159.576869477
8,6,14,750,BFGS,29572547.937179666
8,6,15,750,BFGS,29356891.08488997
8,6,16,750,BFGS,24877117.39294505
8,6,17,750,BFGS,37935342.60793266
8,6,18,750,BFGS,29734033.796629712
8,6,19,750,BFGS,29965426.56362405
8,7,0,750,BFGS,21704605.338744827
8,7,1,750,BFGS,20986168.018340286
8,7,2,750,BFGS,18132161.232365396
8,7,3,750,BFGS,25132121.282544717
8,7,4,750,BFGS,33702822.01211947
8,7,5,750,BFGS,37647019.70713076
8,7,6,750,BFGS,23931010.58032876
8,7,7,750,BFGS,27833598.47709777
8,7,8,750,BFGS,27637581.67528344
8,7,9,750,BFGS,29862364.668497786
8,7,10,750,BFGS,32822009.582174584
8,7,11,750,BFGS,28965278.221603546
8,7,12,750,BFGS,35215993.13337658
8,7,13,750,BFGS,22674485.106301006
8,7,14,750,BFGS,23975342.61754624
8,7,15,750,BFGS,22501510.115385123
8,7,16,750,BFGS,31072263.25398506
8,7,17,750,BFGS,27862318.282747485
8,7,18,750,BFGS,30018508.137535527
8,7,19,750,BFGS,23606497.63684612
9,1,0,750,BFGS,13863974.686895484
9,1,1,750,BFGS,11304998.80820772
9,1,2,750,BFGS,15922746.31101197
9,1,3,750,BFGS,9497206.059777416
9,1,4,750,BFGS,14239014.527094327
9,1,5,750,BFGS,11199409.544596357
9,1,6,750,BFGS,16204568.348830331
9,1,7,750,BFGS,10779805.924274208
9,1,8,750,BFGS,15769130.240978777
9,1,9,750,BFGS,12271967.578486534
9,1,10,750,BFGS,11815999.514479226
9,1,11,750,BFGS,16574063.028646046
9,1,12,750,BFGS,13945213.113257527
9,1,13,750,BFGS,13591851.494947253
9,1,14,750,BFGS,17485192.27384596
9,1,15,750,BFGS,14945709.446349027
9,1,16,750,BFGS,12282562.95517461
9,1,17,750,BFGS,14458710.404699966
9,1,18,750,BFGS,13964871.872408522
9,1,19,750,BFGS,15490218.639379922
9,2,0,750,BFGS,14556000.13514084
9,2,1,750,BFGS,11217699.161821501
9,2,2,750,BFGS,13062467.592803698
9,2,3,750,BFGS,10245779.302798973
9,2,4,750,BFGS,14868484.480230346
9,2,5,750,BFGS,9873203.699314862
9,2,6,750,BFGS,12787792.690277362
9,2,7,750,BFGS,12095035.07062622
9,2,8,750,BFGS,12830212.704962809
9,2,9,750,BFGS,12407823.768404528
9,2,10,750,BFGS,13558646.817831168
9,2,11,750,BFGS,12773310.696827471
9,2,12,750,BFGS,14491033.811366573
9,2,13,750,BFGS,13958109.687753676
9,2,14,750,BFGS,14882243.702921024
9,2,15,750,BFGS,16073649.139666336
9,2,16,750,BFGS,11792246.111173607
9,2,17,750,BFGS,16142145.16413547
9,2,18,750,BFGS,15546976.754612308
9,2,19,750,BFGS,11130126.174837042
9,3,0,750,BFGS,13945634.394556422
9,3,1,750,BFGS,14004757.338769322
9,3,2,750,BFGS,11249366.339541169
9,3,3,750,BFGS,11197251.490270788
9,3,4,750,BFGS,11269421.29770586
9,3,5,750,BFGS,9961358.57788394
9,3,6,750,BFGS,8727014.052326893
9,3,7,750,BFGS,9718603.445017183
9,3,8,750,BFGS,17557036.675301705
9,3,9,750,BFGS,11997572.501647513
9,3,10,750,BFGS,13833337.60208413
9,3,11,750,BFGS,15951348.234249067
9,3,12,750,BFGS,13661106.034628943
9,3,13,750,BFGS,13148264.942663847
9,3,14,750,BFGS,15863428.675808892
9,3,15,750,BFGS,11087978.936601019
9,3,16,750,BFGS,10979426.629637355
9,3,17,750,BFGS,14429816.208927331
9,3,18,750,BFGS,15689824.363059111
9,3,19,750,BFGS,10311584.485553075
9,4,0,750,BFGS,20810010.25447459
9,4,1,750,BFGS,7908738.066510303
9,4,2,750,BFGS,19579167.884662837
9,4,3,750,BFGS,12301895.756748129
9,4,4,750,BFGS,10147301.559010787
9,4,5,750,BFGS,11163619.50305481
9,4,6,750,BFGS,9691368.042218154
9,4,7,750,BFGS,11413521.629349835
9,4,8,750,BFGS,14615135.139094597
9,4,9,750,BFGS,13252677.481965207
9,4,10,750,BFGS,13618592.582251502
9,4,11,750,BFGS,13053606.122072877
9,4,12,750,BFGS,15443909.017994508
9,4,13,750,BFGS,13207135.07104816
9,4,14,750,BFGS,13911328.304542685
9,4,15,750,BFGS,14997123.693612402
9,4,16,750,BFGS,15056580.708608862
9,4,17,750,BFGS,14370293.368143886
9,4,18,750,BFGS,13189060.809750002
9,4,19,750,BFGS,10636549.282113105
9,5,0,750,BFGS,15400827.397010894
9,5,1,750,BFGS,12594734.985285103
9,5,2,750,BFGS,10782373.761925759
9,5,3,750,BFGS,9040005.348043337
9,5,4,750,BFGS,11893382.209595576
9,5,5,750,BFGS,10635704.769962933
9,5,6,750,BFGS,10333875.408647787
9,5,7,750,BFGS,15958116.880614974
9,5,8,750,BFGS,13405467.277417894
9,5,9,750,BFGS,11696183.682364825
9,5,10,750,BFGS,15475430.315427158
9,5,11,750,BFGS,13144786.650457786
9,5,12,750,BFGS,14694429.622476524
9,5,13,750,BFGS,12250467.921020478
9,5,14,750,BFGS,12480263.365852369
9,5,15,750,BFGS,13580671.034024257
9,5,16,750,BFGS,11875233.501769584
9,5,17,750,BFGS,15297708.26747735
9,5,18,750,BFGS,12748385.234738993
9,5,19,750,BFGS,10722105.1591025
9,6,0,750,BFGS,14049178.004095335
9,6,1,750,BFGS,7221204.189416518
9,6,2,750,BFGS,16328908.297940925
9,6,3,750,BFGS,10178180.504712159
9,6,4,750,BFGS,12587812.184646826
9,6,5,750,BFGS,11240597.923966965
9,6,6,750,BFGS,10400665.382164214
9,6,7,750,BFGS,18382026.983830754
9,6,8,750,BFGS,15812347.863329537
9,6,9,750,BFGS,18293833.175380178
9,6,10,750,BFGS,12813803.056512134
9,6,11,750,BFGS,14862832.920090638
9,6,12,750,BFGS,8965219.730754068
9,6,13,750,BFGS,9026043.462242188
9,6,14,750,BFGS,10795771.083926892
9,6,15,750,BFGS,16134868.52829978
9,6,16,750,BFGS,13510551.560671823
9,6,17,750,BFGS,17119833.699167427
9,6,18,750,BFGS,16185961.004550947
9,6,19,750,BFGS,11208661.101248862
9,7,0,750,BFGS,11728980.39384111
9,7,1,750,BFGS,8014611.364038674
9,7,2,750,BFGS,11264315.374024823
9,7,3,750,BFGS,10735847.167044943
9,7,4,750,BFGS,11094470.60936044
9,7,5,750,BFGS,15102342.856900604
9,7,6,750,BFGS,13133763.118211905
9,7,7,750,BFGS,13005177.45898524
9,7,8,750,BFGS,17572402.723085083
9,7,9,750,BFGS,13300166.22859265
9,7,10,750,BFGS,13584722.990463318
9,7,11,750,BFGS,15221586.695464864
9,7,12,750,BFGS,14945619.25907035
9,7,13,750,BFGS,11828379.526854564
9,7,14,750,BFGS,18122727.251842346
9,7,15,750,BFGS,12178960.75258458
9,7,16,750,BFGS,10878993.107147384
9,7,17,750,BFGS,11877521.347408956
9,7,18,750,BFGS,13253889.030510128
9,7,19,750,BFGS,10633602.015382374
10,1,0,750,BFGS,1662326911.3189886
10,1,1,750,BFGS,1760145348.4143147
10,1,2,750,BFGS,1961508106.2630923
10,1,3,750,BFGS,1575143780.1323898
10,1,4,750,BFGS,1513998535.0174615
10,1,5,750,BFGS,2241421216.8425455
10,1,6,750,BFGS,1980787295.4292173
10,1,7,750,BFGS,2310441061.987794
10,1,8,750,BFGS,1580998286.221653
10,1,9,750,BFGS,1893928911.659124
10,1,10,750,BFGS,1840354536.995703
10,1,11,750,BFGS,2428986044.189716
10,1,12,750,BFGS,1985445977.1399393
10,1,13,750,BFGS,2176314944.137316
10,1,14,750,BFGS,2060514727.911127
10,1,15,750,BFGS,1437173570.1162512
10,1,16,750,BFGS,2000647576.7513793
10,1,17,750,BFGS,1778397705.441813
10,1,18,750,BFGS,1853922244.6820283
10,1,19,750,BFGS,1689264965.28826
10,2,0,750,BFGS,2082289786.0872488
10,2,1,750,BFGS,2134404075.4435005
10,2,2,750,BFGS,2197236505.2086706
10,2,3,750,BFGS,2312864099.63672
10,2,4,750,BFGS,1746595783.635871
10,2,5,750,BFGS,2191225558.75142
10,2,6,750,BFGS,1927288038.6382048
10,2,7,750,BFGS,1891906187.7971835
10,2,8,750,BFGS,2112132001.2178516
10,2,9,750,BFGS,2177997596.045685
10,2,10,750,BFGS,2053498185.0518236
10,2,11,750,BFGS,1767349070.4254403
10,2,12,750,BFGS,2601323523.015508
10,2,13,750,BFGS,1433864961.1231422
10,2,14,750,BFGS,2279364780.8637505
10,2,15,750,BFGS,2106899291.390964
10,2,16,750,BFGS,2826315482.734242
10,2,17,750,BFGS,2322011365.2026267
10,2,18,750,BFGS,1678394419.7480574
10,2,19,750,BFGS,2553744582.981558
10,3,0,750,BFGS,2030382090.817059
10,3,1,750,BFGS,1827778561.4969978
10,3,2,750,BFGS,1973846226.89375
10,3,3,750,BFGS,1828026624.9084413
10,3,4,750,BFGS,1790631721.6727679
10,3,5,750,BFGS,1927959264.2379217
10,3,6,750,BFGS,2223603725.947525
10,3,7,750,BFGS,2001802796.6545796
10,3,8,750,BFGS,1556287690.8381689
10,3,9,750,BFGS,1803396564.5141153
10,3,10,750,BFGS,2161394877.716127
10,3,11,750,BFGS,1779744600.6684635
10,3,12,750,BFGS,2299132348.6534286
10,3,13,750,BFGS,1742236617.9502594
10,3,14,750,BFGS,2291587945.73245
10,3,15,750,BFGS,1778917058.2005625
10,3,16,750,BFGS,1786289913.0738482
10,3,17,750,BFGS,1953485908.8633487
10,3,18,750,BFGS,1993236194.0853846
10,3,19,750,BFGS,1755583029.270162
10,4,0,750,BFGS,1474789494.517592
10,4,1,750,BFGS,1443513401.4214687
10,4,2,750,BFGS,1594263951.408258
10,4,3,750,BFGS,1663059168.5180807
10,4,4,750,BFGS,1948962664.6756659
10,4,5,750,BFGS,1637623394.8579364
10,4,6,750,BFGS,1340322847.4837353
10,4,7,750,BFGS,2066107923.0246353
10,4,8,750,BFGS,1790248526.1265678
10,4,9,750,BFGS,2292930941.7651186
10,4,10,750,BFGS,1476791636.845094
10,4,11,750,BFGS,1491039953.72631
10,4,12,750,BFGS,2052868461.127603
10,4,13,750,BFGS,1713807198.9333282
10,4,14,750,BFGS,1627140085.39719
10,4,15,750,BFGS,1329613152.5323424
10,4,16,750,BFGS,1966961000.284569
10,4,17,750,BFGS,1625562120.7101555
10,4,18,750,BFGS,1575932127.5353885
10,4,19,750,BFGS,1746137329.8684874
10,5,0,750,BFGS,1820627309.8281064
10,5,1,750,BFGS,2123636384.4910626
10,5,2,750,BFGS,1848949863.810955
10,5,3,750,BFGS,1978680135.5652122
10,5,4,750,BFGS,1542303772.850764
10,5,5,750,BFGS,1755560350.2783425
10,5,6,750,BFGS,2621653242.8430386
10,5,7,750,BFGS,1654542774.57551
10,5,8,750,BFGS,2267634117.4133596
10,5,9,750,BFGS,1102382840.7442243
10,5,10,750,BFGS,2780491243.1403522
10,5,11,750,BFGS,1816016571.882897
10,5,12,750,BFGS,1574600477.344958
10,5,13,750,BFGS,1578634092.1499484
10,5,14,750,BFGS,1754193448.217828
10,5,15,750,BFGS,1608986393.2487268
10,5,16,750,BFGS,1511919411.830922
10,5,17,750,BFGS,1714960863.6472106
10,5,18,750,BFGS,1854716079.6677988
10,5,19,750,BFGS,2024369103.2400205
10,6,0,750,BFGS,2366214106.730661
10,6,1,750,BFGS,2166216164.116893
10,6,2,750,BFGS,2025047894.157284
10,6,3,750,BFGS,1635135003.2786803
10,6,4,750,BFGS,2256639777.131547
10,6,5,750,BFGS,2392502338.085967
10,6,6,750,BFGS,2503624361.732161
10,6,7,750,BFGS,1850368381.3736682
10,6,8,750,BFGS,2120159800.7980964
10,6,9,750,BFGS,2659534781.85892
10,6,10,750,BFGS,2029810806.5929146
10,6,11,750,BFGS,1580020710.8694453
10,6,12,750,BFGS,2745917587.367752
10,6,13,750,BFGS,2225415393.967232
10,6,14,750,BFGS,2125743294.8752396
10,6,15,750,BFGS,2093252026.170912
10,6,16,750,BFGS,2654476010.0334983
10,6,17,750,BFGS,2173382538.127662
10,6,18,750,BFGS,1941156959.4094877
10,6,19,750,BFGS,3368378976.935193
10,7,0,750,BFGS,1508309948.7442245
10,7,1,750,BFGS,1946538977.202039
10,7,2,750,BFGS,1780900429.532885
10,7,3,750,BFGS,1596768856.2108746
10,7,4,750,BFGS,1412513990.8533757
10,7,5,750,BFGS,1954135071.722492
10,7,6,750,BFGS,1922344608.160149
10,7,7,750,BFGS,1539573322.074215
10,7,8,750,BFGS,1874455036.4630353
10,7,9,750,BFGS,1688756619.3944402
10,7,10,750,BFGS,2145958783.3452597
10,7,11,750,BFGS,1876008831.1994054
10,7,12,750,BFGS,2186471702.182789
10,7,13,750,BFGS,1455153022.542903
10,7,14,750,BFGS,1914225434.6794715
10,7,15,750,BFGS,1579040615.823148
10,7,16,750,BFGS,1567990747.8125608
10,7,17,750,BFGS,2013078421.175744
10,7,18,750,BFGS,1872995430.2955604
10,7,19,750,BFGS,2176881826.1250663
11,1,0,750,BFGS,15837250.080214651
11,1,1,750,BFGS,2309848.973349594
11,1,2,750,BFGS,1444931.7098638492
11,1,3,750,BFGS,568219.541247721
11,1,4,750,BFGS,1543778.16419242
11,1,5,750,BFGS,7057911.386438415
11,1,6,750,BFGS,21118618.8057246
11,1,7,750,BFGS,13087443.82028055
11,1,8,750,BFGS,14690827.292728914
11,1,9,750,BFGS,2482320.473170357
11,1,10,750,BFGS,2613923.746691404
11,1,11,750,BFGS,8625537.389894195
11,1,12,750,BFGS,15335145.889016284
11,1,13,750,BFGS,20219053.45858462
11,1,14,750,BFGS,7057312.349884415
11,1,15,750,BFGS,2419799.188682935
11,1,16,750,BFGS,23571630.80618723
11,1,17,750,BFGS,6444607.520976502
11,1,18,750,BFGS,3171769.0913779074
11,1,19,750,BFGS,762896.8869821823
11,2,0,750,BFGS,50515075.84587428
11,2,1,750,BFGS,14706781.863023106
11,2,2,750,BFGS,78547283.08002636
11,2,3,750,BFGS,12541324.325834628
11,2,4,750,BFGS,30157534.59703325
11,2,5,750,BFGS,52249728.33716169
11,2,6,750,BFGS,13027236.5690035
11,2,7,750,BFGS,29640125.859353434
11,2,8,750,BFGS,1293764.1662423569
11,2,9,750,BFGS,5461898.808464535
11,2,10,750,BFGS,54640405.76769673
11,2,11,750,BFGS,7987057.100533366
11,2,12,750,BFGS,1498334.4541979076
11,2,13,750,BFGS,31690492.739453938
11,2,14,750,BFGS,1011910.437208462
11,2,15,750,BFGS,5591325.268757466
11,2,16,750,BFGS,3901733.0908868415
11,2,17,750,BFGS,19453599.350403555
11,2,18,750,BFGS,8239063.067124
11,2,19,750,BFGS,15007535.400449159
11,3,0,750,BFGS,7615236.085273762
11,3,1,750,BFGS,816705.2282124849
11,3,2,750,BFGS,18211604.509711478
11,3,3,750,BFGS,2337189.986512476
11,3,4,750,BFGS,5854168.449536638
11,3,5,750,BFGS,4709397.801907994
11,3,6,750,BFGS,30590434.190692835
11,3,7,750,BFGS,545477.8377319238
11,3,8,750,BFGS,6325080.99753866
11,3,9,750,BFGS,6342298.4882028615
11,3,10,750,BFGS,28455298.39811688
11,3,11,750,BFGS,8602960.683060963
11,3,12,750,BFGS,1174637.3242712915
11,3,13,750,BFGS,8578711.576448398
11,3,14,750,BFGS,2708999.3460537223
11,3,15,750,BFGS,15190859.753823068
11,3,16,750,BFGS,4676335.32369741
11,3,17,750,BFGS,6438567.979607494
11,3,18,750,BFGS,11261401.381218094
11,3,19,750,BFGS,22229107.126653448
11,4,0,750,BFGS,9862002.084198186
11,4,1,750,BFGS,4347815.041890846
11,4,2,750,BFGS,24269381.7881574
11,4,3,750,BFGS,3544468.6890200377
11,4,4,750,BFGS,15265492.769663746
11,4,5,750,BFGS,34714028.95137048
11,4,6,750,BFGS,8316355.83237406
11,4,7,750,BFGS,10392371.901806852
11,4,8,750,BFGS,729330.4600365105
11,4,9,750,BFGS,2333486.1490494832
11,4,10,750,BFGS,22353957.392157022
11,4,11,750,BFGS,4605339.860201865
11,4,12,750,BFGS,6842611.066353937
11,4,13,750,BFGS,47198871.02108534
11,4,14,750,BFGS,2064150.4351648812
11,4,15,750,BFGS,55637950.23625406
11,4,16,750,BFGS,4610289.999639022
11,4,17,750,BFGS,2668714.4412300647
11,4,18,750,BFGS,32355768.03868136
11,4,19,750,BFGS,700701.9379645122
11,5,0,750,BFGS,35711450.58349603
11,5,1,750,BFGS,55052002.748019665
11,5,2,750,BFGS,46423139.04936834
11,5,3,750,BFGS,29611974.67074372
11,5,4,750,BFGS,62499780.381946504
11,5,5,750,BFGS,72389196.42567886
11,5,6,750,BFGS,119440526.902773
11,5,7,750,BFGS,25576209.599167816
11,5,8,750,BFGS,18184742.35582023
11,5,9,750,BFGS,25322219.535686158
11,5,10,750,BFGS,156350567.503163
11,5,11,750,BFGS,73238956.05500124
11,5,12,750,BFGS,108735586.77191459
11,5,13,750,BFGS,47588581.42653151
11,5,14,750,BFGS,72739199.99642532
11,5,15,750,BFGS,92402646.65538833
11,5,16,750,BFGS,43282659.00925926
11,5,17,750,BFGS,48891054.28456535
11,5,18,750,BFGS,18874034.91346572
11,5,19,750,BFGS,28328700.081197068
11,6,0,750,BFGS,39808974.995232366
11,6,1,750,BFGS,11297812.018744763
11,6,2,750,BFGS,6236498.18201623
11,6,3,750,BFGS,12784087.198147643
11,6,4,750,BFGS,10677971.914124198
11,6,5,750,BFGS,31946927.458468918
11,6,6,750,BFGS,24314135.3499963
11,6,7,750,BFGS,17061568.45724371
11,6,8,750,BFGS,27141884.753111307
11,6,9,750,BFGS,28901388.115076363
11,6,10,750,BFGS,16126958.389116276
11,6,11,750,BFGS,21919210.18006661
11,6,12,750,BFGS,39566401.875839435
11,6,13,750,BFGS,2075868.538773574
11,6,14,750,BFGS,11459703.790697291
11,6,15,750,BFGS,110018241.0886604
11,6,16,750,BFGS,51500010.42730667
11,6,17,750,BFGS,1613790.380266977
11,6,18,750,BFGS,21633356.34298931
11,6,19,750,BFGS,24652452.899229903
11,7,0,750,BFGS,7337479.081995315
11,7,1,750,BFGS,11547090.165695816
11,7,2,750,BFGS,713308.1495226459
11,7,3,750,BFGS,7343697.837177055
11,7,4,750,BFGS,7774671.877005629
11,7,5,750,BFGS,26402458.578885734
11,7,6,750,BFGS,4344660.088618405
11,7,7,750,BFGS,4791546.515307602
11,7,8,750,BFGS,32207421.053946234
11,7,9,750,BFGS,5135219.405192887
11,7,10,750,BFGS,9860227.258213433
11,7,11,750,BFGS,7665885.524691459
11,7,12,750,BFGS,7072552.537595883
11,7,13,750,BFGS,4627400.275286577
11,7,14,750,BFGS,6552782.272169459
11,7,15,750,BFGS,17234316.975858863
11,7,16,750,BFGS,1159980.6515759502
11,7,17,750,BFGS,15945465.063070707
11,7,18,750,BFGS,47333017.3262269
11,7,19,750,BFGS,28151130.39135442
12,1,0,750,BFGS,59566371544.033646
12,1,1,750,BFGS,73631939744.40764
12,1,2,750,BFGS,56228061008.69692
12,1,3,750,BFGS,46653286006.46545
12,1,4,750,BFGS,52065577361.35374
12,1,5,750,BFGS,50295579828.06852
12,1,6,750,BFGS,62984767462.13727
12,1,7,750,BFGS,51343850824.48029
12,1,8,750,BFGS,57606160749.585266
12,1,9,750,BFGS,63451586080.62943
12,1,10,750,BFGS,56432121898.68592
12,1,11,750,BFGS,66419528969.03205
12,1,12,750,BFGS,67580659372.52118
12,1,13,750,BFGS,60065833956.31471
12,1,14,750,BFGS,53485084764.392975
12,1,15,750,BFGS,57833532687.66978
12,1,16,750,BFGS,77135365003.80006
12,1,17,750,BFGS,65408782581.904976
12,1,18,750,BFGS,45526429516.08904
12,1,19,750,BFGS,65792610604.046265
12,2,0,750,BFGS,84879301783.66025
12,2,1,750,BFGS,76745220741.45453
12,2,2,750,BFGS,74999218057.45996
12,2,3,750,BFGS,88208214791.50813
12,2,4,750,BFGS,73983628417.07191
12,2,5,750,BFGS,84372457511.51306
12,2,6,750,BFGS,63956240089.81722
12,2,7,750,BFGS,74678552542.00552
12,2,8,750,BFGS,97941369219.76688
12,2,9,750,BFGS,81586716446.95425
12,2,10,750,BFGS,68212906179.28675
12,2,11,750,BFGS,75526615284.38123
12,2,12,750,BFGS,71124701944.00555
12,2,13,750,BFGS,62940228355.876495
12,2,14,750,BFGS,95315917705.78403
12,2,15,750,BFGS,77324896991.08731
12,2,16,750,BFGS,60375743812.22418
12,2,17,750,BFGS,66840808755.1568
12,2,18,750,BFGS,70236197964.07039
12,2,19,750,BFGS,79195402390.45535
12,3,0,750,BFGS,75837834184.39333
12,3,1,750,BFGS,60838779655.69925
12,3,2,750,BFGS,75579247837.76198
12,3,3,750,BFGS,50751187550.24608
12,3,4,750,BFGS,51608723847.04909
12,3,5,750,BFGS,86467420629.99048
12,3,6,750,BFGS,59605800108.84681
12,3,7,750,BFGS,68017428689.10711
12,3,8,750,BFGS,85109074532.25114
12,3,9,750,BFGS,63522060202.87338
12,3,10,750,BFGS,56731760230.50896
12,3,11,750,BFGS,74493159250.60365
12,3,12,750,BFGS,64961314383.48248
12,3,13,750,BFGS,74387150193.01743
12,3,14,750,BFGS,58652382607.2397
12,3,15,750,BFGS,67118933126.64573
12,3,16,750,BFGS,67957633358.65094
12,3,17,750,BFGS,56506528150.258
12,3,18,750,BFGS,72685325124.9327
12,3,19,750,BFGS,81361635501.65367
12,4,0,750,BFGS,55697152644.92839
12,4,1,750,BFGS,73237019090.45811
12,4,2,750,BFGS,63719717470.35967
12,4,3,750,BFGS,56264991791.83479
12,4,4,750,BFGS,84267155610.13347
12,4,5,750,BFGS,63267170568.0219
12,4,6,750,BFGS,56174940758.60857
12,4,7,750,BFGS,55580882866.42165
12,4,8,750,BFGS,72399227812.44875
12,4,9,750,BFGS,61101362244.91166
12,4,10,750,BFGS,56630905320.61996
12,4,11,750,BFGS,51429150325.701256
12,4,12,750,BFGS,62214922647.84504
12,4,13,750,BFGS,58165343516.147194
12,4,14,750,BFGS,59536628027.80272
12,4,15,750,BFGS,69377687514.79492
12,4,16,750,BFGS,82804648027.81369
12,4,17,750,BFGS,60012205155.5146
12,4,18,750,BFGS,58185636754.49488
12,4,19,750,BFGS,73850750342.80554
12,5,0,750,BFGS,65439867989.595566
12,5,1,750,BFGS,58539959448.68201
12,5,2,750,BFGS,60703323519.95957
12,5,3,750,BFGS,64302095539.16106
12,5,4,750,BFGS,63404267518.81119
12,5,5,750,BFGS,58847119163.97072
12,5,6,750,BFGS,63121909517.39789
12,5,7,750,BFGS,58217232762.82753
12,5,8,750,BFGS,63036852606.71661
12,5,9,750,BFGS,42377189610.308
12,5,10,750,BFGS,42193841023.461365
12,5,11,750,BFGS,61766026025.94562
12,5,12,750,BFGS,57030255864.09769
12,5,13,750,BFGS,59677498667.48335
12,5,14,750,BFGS,41598914360.955505
12,5,15,750,BFGS,50622513487.33074
12,5,16,750,BFGS,48978942359.08377
12,5,17,750,BFGS,56607420217.09043
12,5,18,750,BFGS,62404305372.19055
12,5,19,750,BFGS,70683663283.2825
12,6,0,750,BFGS,78511516266.06525
12,6,1,750,BFGS,69433445273.11098
12,6,2,750,BFGS,77411347018.10133
12,6,3,750,BFGS,77756050751.67686
12,6,4,750,BFGS,66624904111.16965
12,6,5,750,BFGS,95268311785.83562
12,6,6,750,BFGS,72274032182.68399
12,6,7,750,BFGS,63077500056.8119
12,6,8,750,BFGS,73857244904.43723
12,6,9,750,BFGS,82217266437.9069
12,6,10,750,BFGS,70894551125.13904
12,6,11,750,BFGS,70345515781.28494
12,6,12,750,BFGS,66104352368.66351
12,6,13,750,BFGS,66977361574.327614
12,6,14,750,BFGS,87357554667.31808
12,6,15,750,BFGS,82172671111.51706
12,6,16,750,BFGS,72451333704.12624
12,6,17,750,BFGS,88778794434.23763
12,6,18,750,BFGS,65011524938.62344
12,6,19,750,BFGS,77755025054.17656
12,7,0,750,BFGS,73885280956.45949
12,7,1,750,BFGS,68654893080.92349
12,7,2,750,BFGS,77521116488.29987
12,7,3,750,BFGS,70226736537.01935
12,7,4,750,BFGS,90812396577.21228
12,7,5,750,BFGS,56734756120.76506
12,7,6,750,BFGS,69029204254.48836
12,7,7,750,BFGS,61905366647.68888
12,7,8,750,BFGS,70059699182.72336
12,7,9,750,BFGS,80863886154.19342
12,7,10,750,BFGS,65810480700.79465
12,7,11,750,BFGS,80246124032.5309
12,7,12,750,BFGS,91296935412.8643
12,7,13,750,BFGS,68981239665.43535
12,7,14,750,BFGS,65759487561.462776
12,7,15,750,BFGS,63730977441.46357
12,7,16,750,BFGS,78630433013.21564
12,7,17,750,BFGS,84441206499.3304
12,7,18,750,BFGS,71004246351.9726
12,7,19,750,BFGS,78143982330.87648
13,1,0,750,BFGS,1091705.5195990284
13,1,1,750,BFGS,1047494.4426861748
13,1,2,750,BFGS,1094270.6031863675
13,1,3,750,BFGS,1036946.6537017486
13,1,4,750,BFGS,943032.9167090559
13,1,5,750,BFGS,1097115.2142794642
13,1,6,750,BFGS,1083912.7642947068
13,1,7,750,BFGS,1129392.073426772
13,1,8,750,BFGS,1102796.1516256789
13,1,9,750,BFGS,1141039.2471319316
13,1,10,750,BFGS,1182891.9629797654
13,1,11,750,BFGS,1131673.000921316
13,1,12,750,BFGS,1119385.6632386397
13,1,13,750,BFGS,1058550.2121307598
13,1,14,750,BFGS,1015729.3259493046
13,1,15,750,BFGS,1158229.0851678464
13,1,16,750,BFGS,1005103.3886315366
13,1,17,750,BFGS,1018575.2299772447
13,1,18,750,BFGS,1062458.3341482833
13,1,19,750,BFGS,1183545.4827144246
13,2,0,750,BFGS,1112806.743658774
13,2,1,750,BFGS,1164050.8606550272
13,2,2,750,BFGS,1202383.7421683916
13,2,3,750,BFGS,1112585.27424074
13,2,4,750,BFGS,1134569.9704308861
13,2,5,750,BFGS,1198970.6367996677
13,2,6,750,BFGS,1038824.1404189738
13,2,7,750,BFGS,1230313.8181389295
13,2,8,750,BFGS,1096269.321456395
13,2,9,750,BFGS,1235742.147220483
13,2,10,750,BFGS,1261211.0704942031
13,2,11,750,BFGS,1193188.015073218
13,2,12,750,BFGS,1193142.8270204677
13,2,13,750,BFGS,1259320.5602113293
13,2,14,750,BFGS,1246397.3723459179
13,2,15,750,BFGS,1178243.151237066
13,2,16,750,BFGS,1292818.4234605911
13,2,17,750,BFGS,1105994.39985163
13,2,18,750,BFGS,1151454.9266610704
13,2,19,750,BFGS,1238264.3908322984
13,3,0,750,BFGS,1115976.3159148113
13,3,1,750,BFGS,1174490.64163241
13,3,2,750,BFGS,1158550.9000689515
13,3,3,750,BFGS,1190751.0114150909
13,3,4,750,BFGS,1118592.205328112
13,3,5,750,BFGS,1184981.5349207087
13,3,6,750,BFGS,1211754.52888206
13,3,7,750,BFGS,1302271.2002030313
13,3,8,750,BFGS,1078845.5826252874
13,3,9,750,BFGS,1196085.9359314304
13,3,10,750,BFGS,1097960.3987912005
13,3,11,750,BFGS,1162679.5228082708
13,3,12,750,BFGS,1227315.8967176997
13,3,13,750,BFGS,1123162.2867600175
13,3,14,750,BFGS,1082236.5808788436
13,3,15,750,BFGS,1072746.8109500671
13,3,16,750,BFGS,1170761.9701688043
13,3,17,750,BFGS,1289547.6388756507
13,3,18,750,BFGS,1189085.4704308445
13,3,19,750,BFGS,1191167.5806647018
13,4,0,750,BFGS,1017137.827168934
13,4,1,750,BFGS,1104117.1059190063
13,4,2,750,BFGS,1138980.6809808544
13,4,3,750,BFGS,1063162.4345188974
13,4,4,750,BFGS,1003638.1783098239
13,4,5,750,BFGS,1053987.4081309293
13,4,6,750,BFGS,1132130.5229877098
13,4,7,750,BFGS,998328.004917552
13,4,8,750,BFGS,1154411.2461618418
13,4,9,750,BFGS,1127504.346732549
13,4,10,750,BFGS,1100322.1500329687
13,4,11,750,BFGS,1077471.641297653
13,4,12,750,BFGS,1063489.402055258
13,4,13,750,BFGS,1136445.5872471766
13,4,14,750,BFGS,1231538.1138906016
13,4,15,750,BFGS,1183121.2285709486
13,4,16,750,BFGS,1108660.230404633
13,4,17,750,BFGS,1121282.0021147232
13,4,18,750,BFGS,983806.1708638263
13,4,19,750,BFGS,1093767.041627929
13,5,0,750,BFGS,1056468.022972304
13,5,1,750,BFGS,1137543.8551869756
13,5,2,750,BFGS,1064309.8583896148
13,5,3,750,BFGS,1036878.374812513
13,5,4,750,BFGS,1164666.8782697779
13,5,5,750,BFGS,1079440.3241467397
13,5,6,750,BFGS,1229522.2028436004
13,5,7,750,BFGS,1091639.9937003274
13,5,8,750,BFGS,1047098.0517956424
13,5,9,750,BFGS,1022146.3156057089
13,5,10,750,BFGS,1074989.9539336343
13,5,11,750,BFGS,1159337.8336242617
13,5,12,750,BFGS,1105408.8985272371
13,5,13,750,BFGS,1153130.0635171286
13,5,14,750,BFGS,1123788.2510022945
13,5,15,750,BFGS,1129469.758027298
13,5,16,750,BFGS,1210929.4463099416
13,5,17,750,BFGS,1076927.1245545896
13,5,18,750,BFGS,1050053.217272694
13,5,19,750,BFGS,1124928.3685287118
13,6,0,750,BFGS,1118526.3420410608
13,6,1,750,BFGS,1070625.4588231207
13,6,2,750,BFGS,1174056.8064332083
13,6,3,750,BFGS,985170.2801749336
13,6,4,750,BFGS,1031234.117614225
13,6,5,750,BFGS,1074044.1716181352
13,6,6,750,BFGS,978939.4500626307
13,6,7,750,BFGS,1094098.1053437558
13,6,8,750,BFGS,1183261.1373622613
13,6,9,750,BFGS,1065432.184511388
13,6,10,750,BFGS,1183742.9078721728
13,6,11,750,BFGS,1020208.3350242015
13,6,12,750,BFGS,1145822.0942201526
13,6,13,750,BFGS,1073507.4570089735
13,6,14,750,BFGS,1108679.0507350327
13,6,15,750,BFGS,1039616.7129541421
13,6,16,750,BFGS,1023444.7392192408
13,6,17,750,BFGS,1002403.4579027474
13,6,18,750,BFGS,1129351.30097145
13,6,19,750,BFGS,1053066.7515218717
13,7,0,750,BFGS,1073436.2386100837
13,7,1,750,BFGS,1125280.956779465
13,7,2,750,BFGS,1034978.4935754188
13,7,3,750,BFGS,1106993.644962493
13,7,4,750,BFGS,1246332.0593280334
13,7,5,750,BFGS,1018190.1606641173
13,7,6,750,BFGS,1034668.5474851908
13,7,7,750,BFGS,999590.2468043447
13,7,8,750,BFGS,1126989.6885460992
13,7,9,750,BFGS,1089188.1082845984
13,7,10,750,BFGS,1084124.2871187553
13,7,11,750,BFGS,987646.9228414743
13,7,12,750,BFGS,1035364.5677894702
13,7,13,750,BFGS,1061381.249469922
13,7,14,750,BFGS,1182290.0904755136
13,7,15,750,BFGS,1149890.023806511
13,7,16,750,BFGS,1052726.790560317
13,7,17,750,BFGS,1124495.7783831947
13,7,18,750,BFGS,1156406.5380842742
13,7,19,750,BFGS,1068845.9630925478
14,1,0,750,BFGS,14573.41556102569
14,1,1,750,BFGS,17148.552213838262
14,1,2,750,BFGS,19768.523527460457
14,1,3,750,BFGS,16777.733245456497
14,1,4,750,BFGS,18060.992252869823
14,1,5,750,BFGS,15657.03867027383
14,1,6,750,BFGS,15423.991981216335
14,1,7,750,BFGS,16320.266862018849
14,1,8,750,BFGS,17336.210426501082
14,1,9,750,BFGS,14672.527740276208
14,1,10,750,BFGS,15759.645547235301
14,1,11,750,BFGS,17601.27484416489
14,1,12,750,BFGS,22711.68887901696
14,1,13,750,BFGS,16241.344582626005
14,1,14,750,BFGS,17556.56472574176
14,1,15,750,BFGS,15342.592204438046
14,1,16,750,BFGS,18354.44018070213
14,1,17,750,BFGS,19579.756674667617
14,1,18,750,BFGS,18508.569843598758
14,1,19,750,BFGS,15309.138798962129
14,2,0,750,BFGS,13928.313715825407
14,2,1,750,BFGS,12290.39513996665
14,2,2,750,BFGS,15764.13931825223
14,2,3,750,BFGS,13981.404541963995
14,2,4,750,BFGS,13104.297122739872
14,2,5,750,BFGS,13305.64491373773
14,2,6,750,BFGS,15478.503466392038
14,2,7,750,BFGS,15349.689122614614
14,2,8,750,BFGS,14393.198182872873
14,2,9,750,BFGS,15590.937789520147
14,2,10,750,BFGS,15915.703139944657
14,2,11,750,BFGS,19000.272668012152
14,2,12,750,BFGS,17005.411423272173
14,2,13,750,BFGS,20087.595293406444
14,2,14,750,BFGS,20333.36610487981
14,2,15,750,BFGS,15070.16265142891
14,2,16,750,BFGS,13572.349332976512
14,2,17,750,BFGS,15358.951023224961
14,2,18,750,BFGS,14932.281015775148
14,2,19,750,BFGS,13353.286314063258
14,3,0,750,BFGS,17950.510411975843
14,3,1,750,BFGS,17945.049809726224
14,3,2,750,BFGS,15713.336853069606
14,3,3,750,BFGS,12887.016394023678
14,3,4,750,BFGS,12916.21180944663
14,3,5,750,BFGS,16569.583021713366
14,3,6,750,BFGS,18322.810427202126
14,3,7,750,BFGS,10708.783194819069
14,3,8,750,BFGS,17710.69497843482
14,3,9,750,BFGS,14763.08171492291
14,3,10,750,BFGS,12088.381394286356
14,3,11,750,BFGS,14774.150710243022
14,3,12,750,BFGS,12241.01499338697
14,3,13,750,BFGS,14033.185101921434
14,3,14,750,BFGS,14604.159471315957
14,3,15,750,BFGS,13335.777976882944
14,3,16,750,BFGS,13467.3389696619
14,3,17,750,BFGS,13948.372753139107
14,3,18,750,BFGS,15357.849685374109
14,3,19,750,BFGS,16113.639657285803
14,4,0,750,BFGS,16371.211836841288
14,4,1,750,BFGS,13215.901127509012
14,4,2,750,BFGS,20200.54793330269
14,4,3,750,BFGS,14828.174808730833
14,4,4,750,BFGS,14853.82479360286
14,4,5,750,BFGS,14004.092841654283
14,4,6,750,BFGS,12360.463955635794
14,4,7,750,BFGS,18959.17863636347
14,4,8,750,BFGS,13106.755461087643
14,4,9,750,BFGS,17489.6109880551
14,4,10,750,BFGS,15572.521589735796
14,4,11,750,BFGS,13213.800830772092
14,4,12,750,BFGS,18333.528090035023
14,4,13,750,BFGS,12884.435566552296
14,4,14,750,BFGS,14275.361347867041
14,4,15,750,BFGS,14236.361967258128
14,4,16,750,BFGS,14538.537694573391
14,4,17,750,BFGS,17916.07772677582
14,4,18,750,BFGS,16763.36433805293
14,4,19,750,BFGS,13453.595722637176
14,5,0,750,BFGS,17410.17926925453
14,5,1,750,BFGS,20324.66750864117
14,5,2,750,BFGS,18301.399129027548
14,5,3,750,BFGS,17056.809153261234
14,5,4,750,BFGS,14454.769837291042
14,5,5,750,BFGS,15878.205967428063
14,5,6,750,BFGS,14159.12565697623
14,5,7,750,BFGS,16088.480108997921
14,5,8,750,BFGS,16504.74372927891
14,5,9,750,BFGS,17395.45477433274
14,5,10,750,BFGS,17408.316668743188
14,5,11,750,BFGS,17305.51824501142
14,5,12,750,BFGS,15890.887429923014
14,5,13,750,BFGS,18044.262960942076
14,5,14,750,BFGS,17359.19203847508
14,5,15,750,BFGS,17672.168762626843
14,5,16,750,BFGS,15363.01047769513
14,5,17,750,BFGS,14924.57105130997
14,5,18,750,BFGS,16533.813454129493
14,5,19,750,BFGS,17142.606904883833
14,6,0,750,BFGS,16938.173154530046
14,6,1,750,BFGS,15864.534190353465
14,6,2,750,BFGS,18862.99324759374
14,6,3,750,BFGS,17678.199577159532
14,6,4,750,BFGS,19280.37684348996
14,6,5,750,BFGS,19238.526280739894
14,6,6,750,BFGS,17712.04657540805
14,6,7,750,BFGS,17770.09938000757
14,6,8,750,BFGS,16345.707429793621
14,6,9,750,BFGS,16086.386149191472
14,6,10,750,BFGS,16018.108016624254
14,6,11,750,BFGS,17554.80414415009
14,6,12,750,BFGS,21505.507446227097
14,6,13,750,BFGS,14129.82715531403
14,6,14,750,BFGS,18913.43786230046
14,6,15,750,BFGS,16052.409853374864
14,6,16,750,BFGS,16902.51149466623
14,6,17,750,BFGS,12211.601578615166
14,6,18,750,BFGS,17382.101603684998
14,6,19,750,BFGS,18346.213496926277
14,7,0,750,BFGS,13854.356718111228
14,7,1,750,BFGS,15272.0141535285
14,7,2,750,BFGS,17901.300297919548
14,7,3,750,BFGS,17423.343332790202
14,7,4,750,BFGS,14068.592817524534
14,7,5,750,BFGS,13302.548271105312
14,7,6,750,BFGS,13368.175535766648
14,7,7,750,BFGS,15492.839005848204
14,7,8,750,BFGS,16772.415082977466
14,7,9,750,BFGS,18982.27306794461
14,7,10,750,BFGS,12540.437001833105
14,7,11,750,BFGS,14082.418702934518
14,7,12,750,BFGS,20638.981467518675
14,7,13,750,BFGS,14511.191703330203
14,7,14,750,BFGS,16288.743770528265
14,7,15,750,BFGS,16915.22877325973
14,7,16,750,BFGS,16045.796350430845
14,7,17,750,BFGS,16542.18256290656
14,7,18,750,BFGS,13362.982880969093
14,7,19,750,BFGS,15123.408625584987
15,1,0,750,BFGS,576755.5717781128
15,1,1,750,BFGS,635864.7602105842
15,1,2,750,BFGS,554988.6930022077
15,1,3,750,BFGS,652861.8879133784
15,1,4,750,BFGS,574340.393399788
15,1,5,750,BFGS,618595.6541123781
15,1,6,750,BFGS,542732.1646231078
15,1,7,750,BFGS,613092.8628032746
15,1,8,750,BFGS,597077.3397882185
15,1,9,750,BFGS,651204.9510576443
15,1,10,750,BFGS,617215.5585072959
15,1,11,750,BFGS,598638.1870119665
15,1,12,750,BFGS,607411.4064121285
15,1,13,750,BFGS,553154.7721770746
15,1,14,750,BFGS,571717.9547061864
15,1,15,750,BFGS,566174.8674813691
15,1,16,750,BFGS,606509.4664792869
15,1,17,750,BFGS,597675.6862657894
15,1,18,750,BFGS,594750.5747476597
15,1,19,750,BFGS,592205.7116586166
15,2,0,750,BFGS,578449.8457443654
15,2,1,750,BFGS,628551.0908396023
15,2,2,750,BFGS,580776.7802769267
15,2,3,750,BFGS,583538.530129836
15,2,4,750,BFGS,628294.5494883556
15,2,5,750,BFGS,597272.8168055774
15,2,6,750,BFGS,624952.9801115305
15,2,7,750,BFGS,542754.9581641486
15,2,8,750,BFGS,600722.8902854202
15,2,9,750,BFGS,591144.7002890718
15,2,10,750,BFGS,651574.9726900138
15,2,11,750,BFGS,584631.2336189961
15,2,12,750,BFGS,616786.7956955128
15,2,13,750,BFGS,651333.9070360737
15,2,14,750,BFGS,583269.7671770563
15,2,15,750,BFGS,540695.8659385308
15,2,16,750,BFGS,620338.8430047533
15,2,17,750,BFGS,594460.7387474792
15,2,18,750,BFGS,594204.1650511147
15,2,19,750,BFGS,652367.0970169666
15,3,0,750,BFGS,629763.3372865133
15,3,1,750,BFGS,510727.1758553316
15,3,2,750,BFGS,556392.4086843348
15,3,3,750,BFGS,557504.8689259362
15,3,4,750,BFGS,601602.385619258
15,3,5,750,BFGS,607980.7536890535
15,3,6,750,BFGS,516865.6876230628
15,3,7,750,BFGS,588141.1060608774
15,3,8,750,BFGS,485120.7992242827
15,3,9,750,BFGS,578201.594395316
15,3,10,750,BFGS,565017.1151895054
15,3,11,750,BFGS,533013.3155852661
15,3,12,750,BFGS,573500.6387585963
15,3,13,750,BFGS,587286.1441993562
15,3,14,750,BFGS,543158.1501697877
15,3,15,750,BFGS,585642.213668077
15,3,16,750,BFGS,636505.5478560486
15,3,17,750,BFGS,585628.3566019584
15,3,18,750,BFGS,557659.8004571223
15,3,19,750,BFGS,614297.913652385
15,4,0,750,BFGS,601002.8820684684
15,4,1,750,BFGS,641897.176685848
15,4,2,750,BFGS,624911.6213758044
15,4,3,750,BFGS,548430.0237907242
15,4,4,750,BFGS,567767.0786657061
15,4,5,750,BFGS,557801.1214952786
15,4,6,750,BFGS,625081.6349343422
15,4,7,750,BFGS,606979.1910122365
15,4,8,750,BFGS,605716.0176343055
15,4,9,750,BFGS,604978.563205058
15,4,10,750,BFGS,627890.117990047
15,4,11,750,BFGS,595851.0097201683
15,4,12,750,BFGS,621649.8438202925
15,4,13,750,BFGS,527894.2050874894
15,4,14,750,BFGS,562318.6539465379
15,4,15,750,BFGS,606175.940544039
15,4,16,750,BFGS,575528.7898614251
15,4,17,750,BFGS,576764.1638835364
15,4,18,750,BFGS,633520.9658796765
15,4,19,750,BFGS,655526.4034637508
15,5,0,750,BFGS,559737.0050865331
15,5,1,750,BFGS,556368.4982870622
15,5,2,750,BFGS,571635.4938393065
15,5,3,750,BFGS,542245.1721166043
15,5,4,750,BFGS,569126.7443582788
15,5,5,750,BFGS,547625.3534586437
15,5,6,750,BFGS,576731.1895714893
15,5,7,750,BFGS,518081.98869556945
15,5,8,750,BFGS,539965.3950551443
15,5,9,750,BFGS,541888.0377160525
15,5,10,750,BFGS,591970.2500296808
15,5,11,750,BFGS,570360.515622899
15,5,12,750,BFGS,587718.7929714546
15,5,13,750,BFGS,569264.456136932
15,5,14,750,BFGS,593487.3778907207
15,5,15,750,BFGS,570872.5121205994
15,5,16,750,BFGS,536422.7560814909
15,5,17,750,BFGS,566844.4346095489
15,5,18,750,BFGS,503562.78140385123
15,5,19,750,BFGS,545961.6778933536
15,6,0,750,BFGS,592144.9020311558
15,6,1,750,BFGS,592591.6538579807
15,6,2,750,BFGS,616228.8294817631
15,6,3,750,BFGS,671708.167769992
15,6,4,750,BFGS,594858.194656272
15,6,5,750,BFGS,555904.5092910661
15,6,6,750,BFGS,593392.6130147956
15,6,7,750,BFGS,605472.6697117584
15,6,8,750,BFGS,602747.797743481
15,6,9,750,BFGS,650550.646556973
15,6,10,750,BFGS,591937.7409684594
15,6,11,750,BFGS,635210.5626575919
15,6,12,750,BFGS,615261.7950927368
15,6,13,750,BFGS,645460.0188715262
15,6,14,750,BFGS,660709.7037801542
15,6,15,750,BFGS,591497.288828033
15,6,16,750,BFGS,627022.2321523076
15,6,17,750,BFGS,607626.2014743903
15,6,18,750,BFGS,571976.5689376269
15,6,19,750,BFGS,640536.9077251328
15,7,0,750,BFGS,624444.048461836
15,7,1,750,BFGS,605098.9163072994
15,7,2,750,BFGS,590238.3224368395
15,7,3,750,BFGS,588364.8859586935
15,7,4,750,BFGS,591324.0700070008
15,7,5,750,BFGS,599332.4635792808
15,7,6,750,BFGS,564144.9690373141
15,7,7,750,BFGS,686372.4708799233
15,7,8,750,BFGS,577462.0678306792
15,7,9,750,BFGS,624384.9314676018
15,7,10,750,BFGS,552077.9334172768
15,7,11,750,BFGS,597314.8804180529
15,7,12,750,BFGS,509020.851124098
15,7,13,750,BFGS,616983.0061298574
15,7,14,750,BFGS,607045.5683795696
15,7,15,750,BFGS,571369.9051942065
15,7,16,750,BFGS,532628.5990088935
15,7,17,750,BFGS,606258.6750273306
15,7,18,750,BFGS,571249.1261819093
15,7,19,750,BFGS,542409.3710154782
16,1,0,750,BFGS,41519.43758287221
16,1,1,750,BFGS,42745.189628169624
16,1,2,750,BFGS,40793.74934214509
16,1,3,750,BFGS,44105.159424528814
16,1,4,750,BFGS,35126.138640765785
16,1,5,750,BFGS,41294.06183485846
16,1,6,750,BFGS,40109.625657065604
16,1,7,750,BFGS,45720.90072748349
16,1,8,750,BFGS,44284.186925627175
16,1,9,750,BFGS,42004.99353916332
16,1,10,750,BFGS,33380.02894869233
16,1,11,750,BFGS,41663.002266299685
16,1,12,750,BFGS,41045.52906653217
16,1,13,750,BFGS,41259.627662738116
16,1,14,750,BFGS,44526.27352363084
16,1,15,750,BFGS,46200.0611481314
16,1,16,750,BFGS,44667.125093498325
16,1,17,750,BFGS,45724.95360670488
16,1,18,750,BFGS,43612.33379507497
16,1,19,750,BFGS,40667.31581069366
16,2,0,750,BFGS,47458.98082543927
16,2,1,750,BFGS,43430.17640612529
16,2,2,750,BFGS,38302.90485425002
16,2,3,750,BFGS,43551.84012262641
16,2,4,750,BFGS,40556.35929757032
16,2,5,750,BFGS,45308.77552535469
16,2,6,750,BFGS,39119.78342807315
16,2,7,750,BFGS,41682.29626706791
16,2,8,750,BFGS,40761.715173520526
16,2,9,750,BFGS,41343.39458705319
16,2,10,750,BFGS,42479.01597767799
16,2,11,750,BFGS,43900.45049366605
16,2,12,750,BFGS,43952.29179020268
16,2,13,750,BFGS,41316.64188322031
16,2,14,750,BFGS,42758.33089375621
16,2,15,750,BFGS,42068.11849610502
16,2,16,750,BFGS,41124.13812857287
16,2,17,750,BFGS,41226.79698707603
16,2,18,750,BFGS,40638.31519933629
16,2,19,750,BFGS,42830.21239581863
16,3,0,750,BFGS,47068.15103725442
16,3,1,750,BFGS,41505.93094199571
16,3,2,750,BFGS,37257.97745463466
16,3,3,750,BFGS,45843.02853086479
16,3,4,750,BFGS,39676.53275929288
16,3,5,750,BFGS,42118.82632664875
16,3,6,750,BFGS,39225.7969535976
16,3,7,750,BFGS,41830.762172638526
16,3,8,750,BFGS,38239.768436343016
16,3,9,750,BFGS,40731.4154285667
16,3,10,750,BFGS,45918.234204742184
16,3,11,750,BFGS,40630.42728813306
16,3,12,750,BFGS,41161.301626640794
16,3,13,750,BFGS,45570.82180084403
16,3,14,750,BFGS,38669.79854686843
16,3,15,750,BFGS,44136.773828383986
16,3,16,750,BFGS,45204.572694049006
16,3,17,750,BFGS,45818.57192521008
16,3,18,750,BFGS,43236.75922445177
16,3,19,750,BFGS,42062.10499991137
16,4,0,750,BFGS,42229.316188282486
16,4,1,750,BFGS,39298.35325794126
16,4,2,750,BFGS,47564.9493398342
16,4,3,750,BFGS,42124.27048115364
16,4,4,750,BFGS,44811.89250583761
16,4,5,750,BFGS,44746.213262642195
16,4,6,750,BFGS,43076.125653980314
16,4,7,750,BFGS,35232.94629460972
16,4,8,750,BFGS,33163.19152656331
16,4,9,750,BFGS,38609.35213890129
16,4,10,750,BFGS,43360.56244215097
16,4,11,750,BFGS,40908.989824570934
16,4,12,750,BFGS,43571.73654902262
16,4,13,750,BFGS,45120.01291402647
16,4,14,750,BFGS,38429.84787975905
16,4,15,750,BFGS,45963.54872863743
16,4,16,750,BFGS,41640.95207439566
16,4,17,750,BFGS,44792.502893883764
16,4,18,750,BFGS,43855.59676388855
16,4,19,750,BFGS,41309.82009568209
16,5,0,750,BFGS,42397.320418485826
16,5,1,750,BFGS,34734.40480752823
16,5,2,750,BFGS,46417.36225872167
16,5,3,750,BFGS,39012.076187263534
16,5,4,750,BFGS,37802.568694882415
16,5,5,750,BFGS,44665.037671869846
16,5,6,750,BFGS,36473.784381063975
16,5,7,750,BFGS,44995.095627884206
16,5,8,750,BFGS,45690.81465164211
16,5,9,750,BFGS,43722.24113735254
16,5,10,750,BFGS,34554.34059461497
16,5,11,750,BFGS,41817.34673195355
16,5,12,750,BFGS,43703.5843176075
16,5,13,750,BFGS,43508.46279710715
16,5,14,750,BFGS,46876.525693779826
16,5,15,750,BFGS,41581.84273624309
16,5,16,750,BFGS,39118.60791877299
16,5,17,750,BFGS,38680.73829394509
16,5,18,750,BFGS,45099.68904148151
16,5,19,750,BFGS,45651.990188202995
16,6,0,750,BFGS,41718.509226472466
16,6,1,750,BFGS,38366.549250971555
16,6,2,750,BFGS,40258.72977951125
16,6,3,750,BFGS,40875.83537646879
16,6,4,750,BFGS,38881.418367899845
16,6,5,750,BFGS,37362.56685773985
16,6,6,750,BFGS,44062.18258555583
16,6,7,750,BFGS,37912.6602377697
16,6,8,750,BFGS,42640.82735470122
16,6,9,750,BFGS,36981.62038514185
16,6,10,750,BFGS,43008.563468960274
16,6,11,750,BFGS,43917.72506952744
16,6,12,750,BFGS,42317.04487465675
16,6,13,750,BFGS,43127.4972889205
16,6,14,750,BFGS,44093.13169607508
16,6,15,750,BFGS,40468.4672320415
16,6,16,750,BFGS,42235.33810241925
16,6,17,750,BFGS,41339.97756269293
16,6,18,750,BFGS,40584.80320838887
16,6,19,750,BFGS,43700.91969883346
16,7,0,750,BFGS,42542.84341744582
16,7,1,750,BFGS,35927.123081447426
16,7,2,750,BFGS,43287.7347471288
16,7,3,750,BFGS,47678.34782757604
16,7,4,750,BFGS,39082.41745977283
16,7,5,750,BFGS,45187.3885014483
16,7,6,750,BFGS,43231.644919111684
16,7,7,750,BFGS,43606.808783775516
16,7,8,750,BFGS,42597.435570408015
16,7,9,750,BFGS,46895.88677624371
16,7,10,750,BFGS,41845.20846968757
16,7,11,750,BFGS,39275.20792570378
16,7,12,750,BFGS,45030.43098930841
16,7,13,750,BFGS,43298.958732824576
16,7,14,750,BFGS,40353.91207636532
16,7,15,750,BFGS,38048.763926445514
16,7,16,750,BFGS,41711.245733942436
16,7,17,750,BFGS,44188.42675874544
16,7,18,750,BFGS,44660.90467364569
16,7,19,750,BFGS,45147.13433731055
17,1,0,750,BFGS,6836.789597562869
17,1,1,750,BFGS,5606.2055552178235
17,1,2,750,BFGS,6387.332611774722
17,1,3,750,BFGS,6260.275597742539
17,1,4,750,BFGS,5492.301970389248
17,1,5,750,BFGS,7867.226337480993
17,1,6,750,BFGS,5295.434762020431
17,1,7,750,BFGS,5300.33601231517
17,1,8,750,BFGS,6422.426927926419
17,1,9,750,BFGS,5836.255882977173
17,1,10,750,BFGS,5627.4516628352085
17,1,11,750,BFGS,5798.794143563833
17,1,12,750,BFGS,6696.113541155788
17,1,13,750,BFGS,5421.745352027225
17,1,14,750,BFGS,6620.729762389825
17,1,15,750,BFGS,5435.098659561237
17,1,16,750,BFGS,6553.884866153253
17,1,17,750,BFGS,5788.78097640177
17,1,18,750,BFGS,6176.939023230287
17,1,19,750,BFGS,6455.2520115129255
17,2,0,750,BFGS,5934.29980488695
17,2,1,750,BFGS,6524.666841202063
17,2,2,750,BFGS,6971.447709608443
17,2,3,750,BFGS,7474.251754920179
17,2,4,750,BFGS,6116.79712457526
17,2,5,750,BFGS,6608.610768798732
17,2,6,750,BFGS,6669.769790958595
17,2,7,750,BFGS,6758.4723829146105
17,2,8,750,BFGS,6823.206787965219
17,2,9,750,BFGS,5424.991994359038
17,2,10,750,BFGS,5870.926885911729
17,2,11,750,BFGS,6834.487488201254
17,2,12,750,BFGS,6258.340415011537
17,2,13,750,BFGS,6566.107705868664
17,2,14,750,BFGS,5550.523170053012
17,2,15,750,BFGS,6509.428207825592
17,2,16,750,BFGS,5995.467598041659
17,2,17,750,BFGS,7040.353857980182
17,2,18,750,BFGS,6579.7952660080155
17,2,19,750,BFGS,6187.846639449812
17,3,0,750,BFGS,5470.426934751463
17,3,1,750,BFGS,6625.261772068798
17,3,2,750,BFGS,6918.44422987513
17,3,3,750,BFGS,6795.963867073806
17,3,4,750,BFGS,6721.669520267457
17,3,5,750,BFGS,5621.508906026145
17,3,6,750,BFGS,6630.34654867834
17,3,7,750,BFGS,7362.660953398864
17,3,8,750,BFGS,6308.531548897559
17,3,9,750,BFGS,7746.574591999187
17,3,10,750,BFGS,6351.144159910989
17,3,11,750,BFGS,6818.29603389104
17,3,12,750,BFGS,5887.658125528847
17,3,13,750,BFGS,7392.3781422374095
17,3,14,750,BFGS,6996.2009847585705
17,3,15,750,BFGS,7991.375160863036
17,3,16,750,BFGS,9068.12600545631
17,3,17,750,BFGS,6892.472603141909
17,3,18,750,BFGS,6763.794185036804
17,3,19,750,BFGS,7105.103087775671
17,4,0,750,BFGS,6996.042864943747
17,4,1,750,BFGS,6388.946679513611
17,4,2,750,BFGS,5633.202529463606
17,4,3,750,BFGS,6563.278556320712
17,4,4,750,BFGS,5378.44444387035
17,4,5,750,BFGS,6058.82527443491
17,4,6,750,BFGS,4891.955903390975
17,4,7,750,BFGS,5950.793641685663
17,4,8,750,BFGS,6227.6225779497145
17,4,9,750,BFGS,5659.298239484673
17,4,10,750,BFGS,5154.375416139925
17,4,11,750,BFGS,6956.756446667928
17,4,12,750,BFGS,6004.720294229195
17,4,13,750,BFGS,7015.452082178141
17,4,14,750,BFGS,6807.099210304016
17,4,15,750,BFGS,6904.396067067412
17,4,16,750,BFGS,5806.546088107936
17,4,17,750,BFGS,7006.215510583742
17,4,18,750,BFGS,4966.398495265796
17,4,19,750,BFGS,6698.00321204084
17,5,0,750,BFGS,6539.3155801519415
17,5,1,750,BFGS,6416.841156685123
17,5,2,750,BFGS,5805.648815917219
17,5,3,750,BFGS,7392.841230992592
17,5,4,750,BFGS,6060.304697840344
17,5,5,750,BFGS,6450.113562443899
17,5,6,750,BFGS,6354.429657742909
17,5,7,750,BFGS,6891.127238156007
17,5,8,750,BFGS,5698.25105789244
17,5,9,750,BFGS,7015.631823866977
17,5,10,750,BFGS,5848.928522078905
17,5,11,750,BFGS,5818.0543922737725
17,5,12,750,BFGS,5704.4211569050985
17,5,13,750,BFGS,6714.363526800258
17,5,14,750,BFGS,7070.105501357179
17,5,15,750,BFGS,7420.969106943719
17,5,16,750,BFGS,7651.437987226123
17,5,17,750,BFGS,7017.208726553431
17,5,18,750,BFGS,6253.138067862279
17,5,19,750,BFGS,6788.218672575677
17,6,0,750,BFGS,5739.46488071101
17,6,1,750,BFGS,4902.277229353432
17,6,2,750,BFGS,6837.6884994573875
17,6,3,750,BFGS,6513.634748457462
17,6,4,750,BFGS,5771.305738677271
17,6,5,750,BFGS,7149.201982743573
17,6,6,750,BFGS,5632.389866162123
17,6,7,750,BFGS,5903.146263974163
17,6,8,750,BFGS,5855.869021764132
17,6,9,750,BFGS,6823.195159568691
17,6,10,750,BFGS,6908.296148811125
17,6,11,750,BFGS,5944.234937298601
17,6,12,750,BFGS,6322.832104990843
17,6,13,750,BFGS,6231.8231594673
17,6,14,750,BFGS,6910.031558577666
17,6,15,750,BFGS,6765.8153983614375
17,6,16,750,BFGS,6407.3299787072065
17,6,17,750,BFGS,6243.402186189172
17,6,18,750,BFGS,6187.865320067112
17,6,19,750,BFGS,6391.37114022206
17,7,0,750,BFGS,5198.494851206657
17,7,1,750,BFGS,5931.695741981617
17,7,2,750,BFGS,6492.5130237851445
17,7,3,750,BFGS,7531.600686039661
17,7,4,750,BFGS,6628.098789931808
17,7,5,750,BFGS,6323.619602601934
17,7,6,750,BFGS,5917.092926128243
17,7,7,750,BFGS,6195.559466599819
17,7,8,750,BFGS,6265.7682157461195
17,7,9,750,BFGS,6988.209378205331
17,7,10,750,BFGS,5476.9951137836815
17,7,11,750,BFGS,6231.249635414562
17,7,12,750,BFGS,5714.165495744648
17,7,13,750,BFGS,5498.329139411595
17,7,14,750,BFGS,5005.8526657416305
17,7,15,750,BFGS,5312.105242988613
17,7,16,750,BFGS,5384.9041176619985
17,7,17,750,BFGS,7048.859570515707
17,7,18,750,BFGS,5824.874401489258
17,7,19,750,BFGS,5797.046712778327
18,1,0,750,BFGS,20465.727359866927
18,1,1,750,BFGS,29379.106916944336
18,1,2,750,BFGS,22477.51184376263
18,1,3,750,BFGS,23236.172943192734
18,1,4,750,BFGS,24129.096649425854
18,1,5,750,BFGS,25710.862934642595
18,1,6,750,BFGS,23289.190406669597
18,1,7,750,BFGS,22154.201749622935
18,1,8,750,BFGS,21646.993356211613
18,1,9,750,BFGS,24296.253506262125
18,1,10,750,BFGS,23927.111956877932
18,1,11,750,BFGS,24804.816065484305
18,1,12,750,BFGS,22314.68774917111
18,1,13,750,BFGS,24713.348499940374
18,1,14,750,BFGS,26484.877435551716
18,1,15,750,BFGS,18438.688245761678
18,1,16,750,BFGS,22073.825024696456
18,1,17,750,BFGS,19985.531151332805
18,1,18,750,BFGS,23784.06356087894
18,1,19,750,BFGS,27294.75848374026
18,2,0,750,BFGS,26843.745969455944
18,2,1,750,BFGS,24015.435995643944
18,2,2,750,BFGS,23918.80810259009
18,2,3,750,BFGS,23479.208078660922
18,2,4,750,BFGS,25883.314348540596
18,2,5,750,BFGS,23216.769079703976
18,2,6,750,BFGS,22550.435290218793
18,2,7,750,BFGS,26367.650824728902
18,2,8,750,BFGS,22044.35406642514
18,2,9,750,BFGS,24153.835388079708
18,2,10,750,BFGS,23708.967714469043
18,2,11,750,BFGS,23627.24576737246
18,2,12,750,BFGS,25348.110177322385
18,2,13,750,BFGS,24632.619967868137
18,2,14,750,BFGS,22538.453946363607
18,2,15,750,BFGS,24193.126285575723
18,2,16,750,BFGS,24968.175042836498
18,2,17,750,BFGS,26710.1744629996
18,2,18,750,BFGS,25524.827973365635
18,2,19,750,BFGS,26118.420099551484
18,3,0,750,BFGS,29607.373533108257
18,3,1,750,BFGS,25271.949350095485
18,3,2,750,BFGS,28955.007594981187
18,3,3,750,BFGS,25672.60614260831
18,3,4,750,BFGS,23726.53013902694
18,3,5,750,BFGS,23339.26269636647
18,3,6,750,BFGS,26361.752139712018
18,3,7,750,BFGS,21644.82253749739
18,3,8,750,BFGS,30725.715377670844
18,3,9,750,BFGS,26514.421720198778
18,3,10,750,BFGS,24884.986402063172
18,3,11,750,BFGS,30722.48761551579
18,3,12,750,BFGS,25755.64110886919
18,3,13,750,BFGS,22250.541340459004
18,3,14,750,BFGS,23777.282774343355
18,3,15,750,BFGS,29373.240573824034
18,3,16,750,BFGS,26842.292177335687
18,3,17,750,BFGS,24419.417208125975
18,3,18,750,BFGS,26118.38917858738
18,3,19,750,BFGS,27785.231832206813
18,4,0,750,BFGS,24228.02818104582
18,4,1,750,BFGS,20175.764082844144
18,4,2,750,BFGS,21122.13719513444
18,4,3,750,BFGS,32459.292989872527
18,4,4,750,BFGS,20454.839927244695
18,4,5,750,BFGS,23237.164637617054
18,4,6,750,BFGS,26917.055279986478
18,4,7,750,BFGS,24236.437910107383
18,4,8,750,BFGS,21404.54828596372
18,4,9,750,BFGS,22054.953107016812
18,4,10,750,BFGS,19910.296408344635
18,4,11,750,BFGS,24046.645454531645
18,4,12,750,BFGS,20191.016285069887
18,4,13,750,BFGS,24336.922666866238
18,4,14,750,BFGS,24713.845494442052
18,4,15,750,BFGS,23664.01159549025
18,4,16,750,BFGS,23867.0843907308
18,4,17,750,BFGS,23397.57160824518
18,4,18,750,BFGS,22798.41936239812
18,4,19,750,BFGS,25657.017562241435
18,5,0,750,BFGS,25913.019148628762
18,5,1,750,BFGS,22236.56393144396
18,5,2,750,BFGS,27544.0299129049
18,5,3,750,BFGS,28796.0241805716
18,5,4,750,BFGS,22800.052316586414
18,5,5,750,BFGS,30360.24128014406
18,5,6,750,BFGS,24654.711726331956
18,5,7,750,BFGS,26377.363978565376
18,5,8,750,BFGS,28469.00207934079
18,5,9,750,BFGS,27100.04128955052
18,5,10,750,BFGS,25980.810301506754
18,5,11,750,BFGS,24806.96463796446
18,5,12,750,BFGS,23844.836155013403
18,5,13,750,BFGS,26538.3296728859
18,5,14,750,BFGS,23807.344912559754
18,5,15,750,BFGS,24107.11887702615
18,5,16,750,BFGS,28839.081120008213
18,5,17,750,BFGS,24108.818132423687
18,5,18,750,BFGS,21537.09782048957
18,5,19,750,BFGS,25207.676753199812
18,6,0,750,BFGS,27915.121598501733
18,6,1,750,BFGS,21325.29699158693
18,6,2,750,BFGS,28851.3815896338
18,6,3,750,BFGS,26371.183580329583
18,6,4,750,BFGS,25140.972962220123
18,6,5,750,BFGS,24131.266227941836
18,6,6,750,BFGS,18236.13354157477
18,6,7,750,BFGS,23183.36858575195
18,6,8,750,BFGS,23975.95528169557
18,6,9,750,BFGS,26084.8482684148
18,6,10,750,BFGS,27008.959748603866
18,6,11,750,BFGS,24380.11369073628
18,6,12,750,BFGS,23688.9569081765
18,6,13,750,BFGS,23918.990973166878
18,6,14,750,BFGS,25467.446644607488
18,6,15,750,BFGS,28236.984347970574
18,6,16,750,BFGS,26068.45395954169
18,6,17,750,BFGS,24523.007628464093
18,6,18,750,BFGS,21485.83845453107
18,6,19,750,BFGS,21298.8367000663
18,7,0,750,BFGS,19516.317611220715
18,7,1,750,BFGS,25482.92114531925
18,7,2,750,BFGS,25255.29171920268
18,7,3,750,BFGS,25063.07267821135
18,7,4,750,BFGS,23433.20798624654
18,7,5,750,BFGS,29339.86617805242
18,7,6,750,BFGS,25467.28417285511
18,7,7,750,BFGS,25244.434941934658
18,7,8,750,BFGS,28479.819223946368
18,7,9,750,BFGS,25965.723425784672
18,7,10,750,BFGS,23983.103782233127
18,7,11,750,BFGS,23381.447651301663
18,7,12,750,BFGS,22714.841307558658
18,7,13,750,BFGS,24903.723595320254
18,7,14,750,BFGS,25851.417710008947
18,7,15,750,BFGS,22696.313696787718
18,7,16,750,BFGS,24446.004317969175
18,7,17,750,BFGS,22579.752033386896
18,7,18,750,BFGS,21275.62233483622
18,7,19,750,BFGS,23604.41735421266
19,1,0,750,BFGS,9449.695136146081
19,1,1,750,BFGS,9044.321998963946
19,1,2,750,BFGS,9409.335301624924
19,1,3,750,BFGS,8275.661539910096
19,1,4,750,BFGS,9239.885981358153
19,1,5,750,BFGS,9167.119914808343
19,1,6,750,BFGS,8730.082092201057
19,1,7,750,BFGS,9410.982916787914
19,1,8,750,BFGS,9594.776957638634
19,1,9,750,BFGS,8576.318961829222
19,1,10,750,BFGS,9038.99559310227
19,1,11,750,BFGS,9308.535523636578
19,1,12,750,BFGS,9248.04216026505
19,1,13,750,BFGS,8823.476151673392
19,1,14,750,BFGS,9543.9121455006
19,1,15,750,BFGS,8880.655725632245
19,1,16,750,BFGS,8807.656087726114
19,1,17,750,BFGS,9237.67015123714
19,1,18,750,BFGS,9744.12759500738
19,1,19,750,BFGS,8862.537329353814
19,2,0,750,BFGS,9403.683841338505
19,2,1,750,BFGS,9015.907926755355
19,2,2,750,BFGS,9485.882977879988
19,2,3,750,BFGS,9451.889022027433
19,2,4,750,BFGS,9349.375856363604
19,2,5,750,BFGS,9759.659419375266
19,2,6,750,BFGS,9742.270708623677
19,2,7,750,BFGS,9640.118649156459
19,2,8,750,BFGS,9971.412420417018
19,2,9,750,BFGS,9091.79316492982
19,2,10,750,BFGS,9698.782815538856
19,2,11,750,BFGS,9936.467673898527
19,2,12,750,BFGS,9452.057865293315
19,2,13,750,BFGS,9365.717388354431
19,2,14,750,BFGS,9555.764138511835
19,2,15,750,BFGS,9280.538729166421
19,2,16,750,BFGS,8800.965452942582
19,2,17,750,BFGS,9555.686115688783
19,2,18,750,BFGS,9544.793690123368
19,2,19,750,BFGS,8953.572413670641
19,3,0,750,BFGS,9411.135285930759
19,3,1,750,BFGS,9512.289869638653
19,3,2,750,BFGS,8773.697120774523
19,3,3,750,BFGS,9335.99498083652
19,3,4,750,BFGS,8779.136638484573
19,3,5,750,BFGS,9482.089627350291
19,3,6,750,BFGS,9016.137675872269
19,3,7,750,BFGS,9196.046829796753
19,3,8,750,BFGS,8693.355939371584
19,3,9,750,BFGS,9323.190587191126
19,3,10,750,BFGS,9540.35985922091
19,3,11,750,BFGS,9401.439448413566
19,3,12,750,BFGS,9066.438576225082
19,3,13,750,BFGS,9036.001417766176
19,3,14,750,BFGS,9559.134495250899
19,3,15,750,BFGS,8854.906536576156
19,3,16,750,BFGS,9407.623360957396
19,3,17,750,BFGS,9168.72044071599
19,3,18,750,BFGS,9701.588014054032
19,3,19,750,BFGS,8775.419311545587
19,4,0,750,BFGS,9341.787747295059
19,4,1,750,BFGS,9072.51531667207
19,4,2,750,BFGS,10299.939540788948
19,4,3,750,BFGS,9881.07577930062
19,4,4,750,BFGS,8814.213250759009
19,4,5,750,BFGS,8752.101006976469
19,4,6,750,BFGS,8961.440227225543
19,4,7,750,BFGS,9207.52629324393
19,4,8,750,BFGS,9535.807255192998
19,4,9,750,BFGS,9289.207758545752
19,4,10,750,BFGS,9191.964597417355
19,4,11,750,BFGS,9777.436901032335
19,4,12,750,BFGS,9088.751924052895
19,4,13,750,BFGS,8916.326317535386
19,4,14,750,BFGS,9323.895353247202
19,4,15,750,BFGS,9224.303600192774
19,4,16,750,BFGS,9653.968122491711
19,4,17,750,BFGS,8695.989333556203
19,4,18,750,BFGS,9186.12660762698
19,4,19,750,BFGS,8786.249075581041
19,5,0,750,BFGS,8867.367952298362
19,5,1,750,BFGS,9132.997224357674
19,5,2,750,BFGS,8347.990947745982
19,5,3,750,BFGS,8774.704114891701
19,5,4,750,BFGS,9103.13770160528
19,5,5,750,BFGS,8188.404192340373
19,5,6,750,BFGS,9141.687998525384
19,5,7,750,BFGS,9652.574054463215
19,5,8,750,BFGS,9133.274644532521
19,5,9,750,BFGS,9036.455326241023
19,5,10,750,BFGS,9202.312575704502
19,5,11,750,BFGS,9488.123891530862
19,5,12,750,BFGS,9166.011385609989
19,5,13,750,BFGS,9503.057612777451
19,5,14,750,BFGS,9434.42331938104
19,5,15,750,BFGS,9730.786260511162
19,5,16,750,BFGS,9292.218233667121
19,5,17,750,BFGS,8972.77981757657
19,5,18,750,BFGS,9587.15658236804
19,5,19,750,BFGS,9563.067772477454
19,6,0,750,BFGS,9139.744557609314
19,6,1,750,BFGS,8345.438832832362
19,6,2,750,BFGS,9178.276791400149
19,6,3,750,BFGS,9600.919319599732
19,6,4,750,BFGS,9214.282333605577
19,6,5,750,BFGS,8926.251047914622
19,6,6,750,BFGS,9785.022097897316
19,6,7,750,BFGS,9475.417378376987
19,6,8,750,BFGS,9477.491476157935
19,6,9,750,BFGS,9170.589330705483
19,6,10,750,BFGS,9061.541208665487
19,6,11,750,BFGS,9030.3695293318
19,6,12,750,BFGS,9889.646785693749
19,6,13,750,BFGS,9028.295225115115
19,6,14,750,BFGS,9726.08801056495
19,6,15,750,BFGS,9793.867307602784
19,6,16,750,BFGS,8350.106605544528
19,6,17,750,BFGS,9308.540135081257
19,6,18,750,BFGS,9612.622434072753
19,6,19,750,BFGS,9254.609737831612
19,7,0,750,BFGS,8772.480645302632
19,7,1,750,BFGS,9365.863622639881
19,7,2,750,BFGS,9231.850858407335
19,7,3,750,BFGS,9316.42616975354
19,7,4,750,BFGS,9586.687450984467
19,7,5,750,BFGS,8459.108291714878
19,7,6,750,BFGS,9001.448631769606
19,7,7,750,BFGS,9289.585177513196
19,7,8,750,BFGS,9225.455208297359
19,7,9,750,BFGS,9691.537455581769
19,7,10,750,BFGS,9702.793449416185
19,7,11,750,BFGS,8958.12036461127
19,7,12,750,BFGS,9632.539978644816
19,7,13,750,BFGS,9345.333027560871
19,7,14,750,BFGS,9940.259500627551
19,7,15,750,BFGS,9093.835571185642
19,7,16,750,BFGS,9227.574423402117
19,7,17,750,BFGS,8847.839308635568
19,7,18,750,BFGS,9531.630552383955
19,7,19,750,BFGS,9948.485972949959
20,1,0,750,BFGS,13881086.838254932
20,1,1,750,BFGS,12194072.42005634
20,1,2,750,BFGS,9510311.064297954
20,1,3,750,BFGS,10275547.137793466
20,1,4,750,BFGS,10444028.599164415
20,1,5,750,BFGS,7617565.19050218
20,1,6,750,BFGS,8381144.797724785
20,1,7,750,BFGS,8457247.354454238
20,1,8,750,BFGS,9264076.643513039
20,1,9,750,BFGS,7627715.969109154
20,1,10,750,BFGS,10901312.74149324
20,1,11,750,BFGS,8653807.1691595
20,1,12,750,BFGS,10246496.15894369
20,1,13,750,BFGS,10831384.334060907
20,1,14,750,BFGS,11741125.491082622
20,1,15,750,BFGS,16814516.71283726
20,1,16,750,BFGS,8393241.905928666
20,1,17,750,BFGS,7136206.650353442
20,1,18,750,BFGS,10264363.058034511
20,1,19,750,BFGS,11480526.775898248
20,2,0,750,BFGS,6040820.491214815
20,2,1,750,BFGS,12157051.16682126
20,2,2,750,BFGS,8718461.32518663
20,2,3,750,BFGS,8290646.709456047
20,2,4,750,BFGS,9504152.274400583
20,2,5,750,BFGS,11310297.67239634
20,2,6,750,BFGS,9822049.001586927
20,2,7,750,BFGS,7551539.724363863
20,2,8,750,BFGS,8200410.981244437
20,2,9,750,BFGS,7908748.858966063
20,2,10,750,BFGS,6270551.212764384
20,2,11,750,BFGS,10529232.324505003
20,2,12,750,BFGS,8228945.885453723
20,2,13,750,BFGS,7512323.559084474
20,2,14,750,BFGS,13301591.942945741
20,2,15,750,BFGS,9138231.812101267
20,2,16,750,BFGS,8220315.349173913
20,2,17,750,BFGS,9217079.99172267
20,2,18,750,BFGS,8603105.645918854
20,2,19,750,BFGS,9861916.441300973
20,3,0,750,BFGS,9097280.805213401
20,3,1,750,BFGS,8694117.611925516
20,3,2,750,BFGS,9209649.081933808
20,3,3,750,BFGS,6989587.35476778
20,3,4,750,BFGS,11917361.591273893
20,3,5,750,BFGS,7742611.415001318
20,3,6,750,BFGS,10548567.219375696
20,3,7,750,BFGS,12117626.727899533
20,3,8,750,BFGS,10130984.982371062
20,3,9,750,BFGS,9605571.553126438
20,3,10,750,BFGS,13718430.35578544
20,3,11,750,BFGS,9145503.613898788
20,3,12,750,BFGS,14704346.89012164
20,3,13,750,BFGS,4684915.175823263
20,3,14,750,BFGS,10016581.436594035
20,3,15,750,BFGS,8089294.817038111
20,3,16,750,BFGS,9902480.405931657
20,3,17,750,BFGS,8744003.177424336
20,3,18,750,BFGS,12095389.755047109
20,3,19,750,BFGS,8388428.632787995
20,4,0,750,BFGS,10117633.110133763
20,4,1,750,BFGS,6854928.939718643
20,4,2,750,BFGS,11246558.711698014
20,4,3,750,BFGS,10923543.243912246
20,4,4,750,BFGS,7038590.8954246165
20,4,5,750,BFGS,8622435.696492275
20,4,6,750,BFGS,6710732.912172705
20,4,7,750,BFGS,10814745.980900778
20,4,8,750,BFGS,9512304.12501575
20,4,9,750,BFGS,8352260.286743677
20,4,10,750,BFGS,8350414.73432911
20,4,11,750,BFGS,10672143.760322139
20,4,12,750,BFGS,8319426.103802916
20,4,13,750,BFGS,9528752.455746934
20,4,14,750,BFGS,11046174.364839409
20,4,15,750,BFGS,10276911.427992614
20,4,16,750,BFGS,9305243.33484633
20,4,17,750,BFGS,11081157.514277577
20,4,18,750,BFGS,12288217.93728116
20,4,19,750,BFGS,9510968.611311974
20,5,0,750,BFGS,11326957.963579066
20,5,1,750,BFGS,9624615.513443362
20,5,2,750,BFGS,8696441.87252829
20,5,3,750,BFGS,14713311.97651486
20,5,4,750,BFGS,8446076.26528613
20,5,5,750,BFGS,11037826.306896215
20,5,6,750,BFGS,7063499.054786629
20,5,7,750,BFGS,8072915.217283309
20,5,8,750,BFGS,8674521.907766271
20,5,9,750,BFGS,10974294.984130543
20,5,10,750,BFGS,6035040.069862846
20,5,11,750,BFGS,10893792.681381704
20,5,12,750,BFGS,10198699.14359866
20,5,13,750,BFGS,8572630.656940186
20,5,14,750,BFGS,6732939.1159384595
20,5,15,750,BFGS,11498037.039852668
20,5,16,750,BFGS,6281668.402231048
20,5,17,750,BFGS,12626636.264246989
20,5,18,750,BFGS,10999266.738275107
20,5,19,750,BFGS,7335263.614069569
20,6,0,750,BFGS,10569128.8071429
20,6,1,750,BFGS,13461386.59675547
20,6,2,750,BFGS,9597060.630582975
20,6,3,750,BFGS,8910063.85311827
20,6,4,750,BFGS,8082181.949005668
20,6,5,750,BFGS,9903784.040975925
20,6,6,750,BFGS,7415539.974462424
20,6,7,750,BFGS,7453230.622568263
20,6,8,750,BFGS,8095236.412333709
20,6,9,750,BFGS,7881522.000430805
20,6,10,750,BFGS,11481747.783366598
20,6,11,750,BFGS,8835804.78689513
20,6,12,750,BFGS,9726646.791292105
20,6,13,750,BFGS,7769059.2774216905
20,6,14,750,BFGS,9982811.398379128
20,6,15,750,BFGS,9968683.941574156
20,6,16,750,BFGS,7755487.071593912
20,6,17,750,BFGS,10937789.860689
20,6,18,750,BFGS,8976150.202849811
20,6,19,750,BFGS,6013475.554445536
20,7,0,750,BFGS,8657366.803180411
20,7,1,750,BFGS,10354133.81678772
20,7,2,750,BFGS,7309181.050556519
20,7,3,750,BFGS,8082663.087267992
20,7,4,750,BFGS,7118473.430319674
20,7,5,750,BFGS,8633405.401232127
20,7,6,750,BFGS,7234770.202562886
20,7,7,750,BFGS,11936831.795394639
20,7,8,750,BFGS,8043643.890755587
20,7,9,750,BFGS,9352222.844109531
20,7,10,750,BFGS,6803851.874978259
20,7,11,750,BFGS,7889839.980033616
20,7,12,750,BFGS,13213227.053309979
20,7,13,750,BFGS,9986076.118136598
20,7,14,750,BFGS,9639113.144210387
20,7,15,750,BFGS,7684546.119443358
20,7,16,750,BFGS,8720889.188862674
20,7,17,750,BFGS,11764123.294332083
20,7,18,750,BFGS,9000828.959904233
20,7,19,750,BFGS,7215197.350547296
21,1,0,750,BFGS,29276.623477194033
21,1,1,750,BFGS,38311.0704785119
21,1,2,750,BFGS,27891.451744198534
21,1,3,750,BFGS,27090.306914652898
21,1,4,750,BFGS,31838.97715046854
21,1,5,750,BFGS,30398.398118080273
21,1,6,750,BFGS,32545.161554788734
21,1,7,750,BFGS,34055.30062260195
21,1,8,750,BFGS,31613.248171930507
21,1,9,750,BFGS,28426.865922703055
21,1,10,750,BFGS,31946.416436169482
21,1,11,750,BFGS,29038.259718694324
21,1,12,750,BFGS,28044.98958242245
21,1,13,750,BFGS,27825.11765121072
21,1,14,750,BFGS,36988.95255081594
21,1,15,750,BFGS,28091.128631428383
21,1,16,750,BFGS,31237.057048907445
21,1,17,750,BFGS,42514.68732858665
21,1,18,750,BFGS,23675.724715885455
21,1,19,750,BFGS,26398.463678678796
21,2,0,750,BFGS,28868.93308076031
21,2,1,750,BFGS,30232.125069989394
21,2,2,750,BFGS,31915.222875232772
21,2,3,750,BFGS,31278.244837592014
21,2,4,750,BFGS,30730.160049112317
21,2,5,750,BFGS,26894.14875416065
21,2,6,750,BFGS,33229.60313387045
21,2,7,750,BFGS,33240.99604331213
21,2,8,750,BFGS,28409.310606257528
21,2,9,750,BFGS,33334.60023826046
21,2,10,750,BFGS,32926.77913066633
21,2,11,750,BFGS,21267.100767393727
21,2,12,750,BFGS,33958.7325934894
21,2,13,750,BFGS,35970.06741786309
21,2,14,750,BFGS,35308.83040730904
21,2,15,750,BFGS,30216.26405566782
21,2,16,750,BFGS,27600.81555821122
21,2,17,750,BFGS,56608.40230597874
21,2,18,750,BFGS,38239.428664832245
21,2,19,750,BFGS,29485.389561409793
21,3,0,750,BFGS,23590.65237883047
21,3,1,750,BFGS,47561.699840496745
21,3,2,750,BFGS,33078.7967472741
21,3,3,750,BFGS,27784.71758269481
21,3,4,750,BFGS,23979.406103795653
21,3,5,750,BFGS,34915.90857948961
21,3,6,750,BFGS,26204.9233979353
21,3,7,750,BFGS,35807.72591472064
21,3,8,750,BFGS,23789.988363746645
21,3,9,750,BFGS,28204.8330054842
21,3,10,750,BFGS,28668.576568320714
21,3,11,750,BFGS,25797.934293065016
21,3,12,750,BFGS,30766.821518935274
21,3,13,750,BFGS,30898.979585243243
21,3,14,750,BFGS,25125.679196103898
21,3,15,750,BFGS,36949.64167168402
21,3,16,750,BFGS,28544.332707150093
21,3,17,750,BFGS,32647.54732077977
21,3,18,750,BFGS,26253.55315269662
21,3,19,750,BFGS,29900.92124617779
21,4,0,750,BFGS,28249.540495014102
21,4,1,750,BFGS,21823.562881637798
21,4,2,750,BFGS,23173.596050095686
21,4,3,750,BFGS,28736.45947145165
21,4,4,750,BFGS,24401.22969170938
21,4,5,750,BFGS,26409.43890795141
21,4,6,750,BFGS,19683.308996899163
21,4,7,750,BFGS,23676.356975594183
21,4,8,750,BFGS,25537.563548191505
21,4,9,750,BFGS,29555.38434768089
21,4,10,750,BFGS,26974.297323129576
21,4,11,750,BFGS,38787.70495885263
21,4,12,750,BFGS,27370.213016773552
21,4,13,750,BFGS,24360.680230611637
21,4,14,750,BFGS,24550.046277391164
21,4,15,750,BFGS,37230.16744839831
21,4,16,750,BFGS,22864.27305844375
21,4,17,750,BFGS,26654.71467470635
21,4,18,750,BFGS,29185.920141405193
21,4,19,750,BFGS,22252.14048390658
21,5,0,750,BFGS,35259.79228908652
21,5,1,750,BFGS,29009.40940782793
21,5,2,750,BFGS,33688.20966853797
21,5,3,750,BFGS,28750.687927755615
21,5,4,750,BFGS,35565.62953806305
21,5,5,750,BFGS,21194.089976103365
21,5,6,750,BFGS,22874.046197486714
21,5,7,750,BFGS,27010.981174843633
21,5,8,750,BFGS,26716.895660158523
21,5,9,750,BFGS,27188.416350188727
21,5,10,750,BFGS,28424.60294992157
21,5,11,750,BFGS,25450.234937901965
21,5,12,750,BFGS,24246.05787379636
21,5,13,750,BFGS,28208.23685074253
21,5,14,750,BFGS,28615.69457739312
21,5,15,750,BFGS,31241.39518111062
21,5,16,750,BFGS,26927.62294488442
21,5,17,750,BFGS,23080.847050995453
21,5,18,750,BFGS,31120.915992889906
21,5,19,750,BFGS,24108.829978195816
21,6,0,750,BFGS,49892.22324229831
21,6,1,750,BFGS,31904.072663596242
21,6,2,750,BFGS,32841.04101162952
21,6,3,750,BFGS,31185.213767643043
21,6,4,750,BFGS,26713.096679220605
21,6,5,750,BFGS,29137.5212484828
21,6,6,750,BFGS,25627.308967855326
21,6,7,750,BFGS,29478.38637802629
21,6,8,750,BFGS,30488.726221684126
21,6,9,750,BFGS,49447.320875251775
21,6,10,750,BFGS,33459.63316251408
21,6,11,750,BFGS,30018.368550378465
21,6,12,750,BFGS,31939.617944316822
21,6,13,750,BFGS,29193.937825378805
21,6,14,750,BFGS,30931.610497542457
21,6,15,750,BFGS,30267.333951393786
21,6,16,750,BFGS,29577.568227891126
21,6,17,750,BFGS,29379.53244465575
21,6,18,750,BFGS,51630.33977021727
21,6,19,750,BFGS,35662.31685571415
21,7,0,750,BFGS,46642.53754917696
21,7,1,750,BFGS,26078.022700404712
21,7,2,750,BFGS,45641.11405629976
21,7,3,750,BFGS,45351.80112196863
21,7,4,750,BFGS,44444.24848213747
21,7,5,750,BFGS,45453.941116486356
21,7,6,750,BFGS,29958.25719802404
21,7,7,750,BFGS,20972.680162655026
21,7,8,750,BFGS,45982.78966905666
21,7,9,750,BFGS,31706.160819801156
21,7,10,750,BFGS,45718.02282168492
21,7,11,750,BFGS,47316.53974887139
21,7,12,750,BFGS,26025.875349083333
21,7,13,750,BFGS,28028.500795822863
21,7,14,750,BFGS,43429.39898472926
21,7,15,750,BFGS,47517.21189853229
21,7,16,750,BFGS,44733.66024696085
21,7,17,750,BFGS,45208.15297984981
21,7,18,750,BFGS,46249.88836695151
21,7,19,750,BFGS,24979.45836454199
22,1,0,750,BFGS,26630.469610078977
22,1,1,750,BFGS,38611.27938470975
22,1,2,750,BFGS,40489.25380644982
22,1,3,750,BFGS,24013.44787699883
22,1,4,750,BFGS,42997.378435898274
22,1,5,750,BFGS,39674.917358213905
22,1,6,750,BFGS,40564.217134285325
22,1,7,750,BFGS,37969.73513978704
22,1,8,750,BFGS,40407.18636308719
22,1,9,750,BFGS,39482.386249569405
22,1,10,750,BFGS,38674.123869588795
22,1,11,750,BFGS,39571.54932593508
22,1,12,750,BFGS,36856.735854762504
22,1,13,750,BFGS,39184.48644626848
22,1,14,750,BFGS,25646.802889667357
22,1,15,750,BFGS,25495.132179550783
22,1,16,750,BFGS,41579.94750401276
22,1,17,750,BFGS,41777.03176512378
22,1,18,750,BFGS,27316.31423513706
22,1,19,750,BFGS,40845.43068365322
22,2,0,750,BFGS,43126.67201547387
22,2,1,750,BFGS,49472.11185600092
22,2,2,750,BFGS,48835.33058611187
22,2,3,750,BFGS,63024.90474496512
22,2,4,750,BFGS,42469.8494507328
22,2,5,750,BFGS,49283.79457933007
22,2,6,750,BFGS,44519.36098495543
22,2,7,750,BFGS,47937.10957386613
22,2,8,750,BFGS,40363.9614787696
22,2,9,750,BFGS,43683.90822263503
22,2,10,750,BFGS,63687.06371889739
22,2,11,750,BFGS,52653.560423174175
22,2,12,750,BFGS,44384.711944111885
22,2,13,750,BFGS,50321.82441051701
22,2,14,750,BFGS,48434.12182249491
22,2,15,750,BFGS,47100.23236410319
22,2,16,750,BFGS,51763.180568052965
22,2,17,750,BFGS,53078.75721613227
22,2,18,750,BFGS,46656.31214168278
22,2,19,750,BFGS,54060.494196125284
22,3,0,750,BFGS,24221.035597791724
22,3,1,750,BFGS,24045.912980340836
22,3,2,750,BFGS,26306.041029492633
22,3,3,750,BFGS,30444.920912041045
22,3,4,750,BFGS,30075.79393590607
22,3,5,750,BFGS,28661.869917775188
22,3,6,750,BFGS,22425.69832739724
22,3,7,750,BFGS,23984.472644411064
22,3,8,750,BFGS,24922.575907903167
22,3,9,750,BFGS,22595.615523280307
22,3,10,750,BFGS,27359.12923321476
22,3,11,750,BFGS,29372.39833719646
22,3,12,750,BFGS,25320.410119843113
22,3,13,750,BFGS,38356.912430989
22,3,14,750,BFGS,26999.11021217799
22,3,15,750,BFGS,25753.51605853267
22,3,16,750,BFGS,25293.56044876756
22,3,17,750,BFGS,22702.32761053721
22,3,18,750,BFGS,24800.536189051425
22,3,19,750,BFGS,25830.206763306665
22,4,0,750,BFGS,22893.264287064812
22,4,1,750,BFGS,24230.312656200775
22,4,2,750,BFGS,32549.162081299364
22,4,3,750,BFGS,22724.099197948213
22,4,4,750,BFGS,25927.131787551978
22,4,5,750,BFGS,23588.53126188972
22,4,6,750,BFGS,20790.97854325068
22,4,7,750,BFGS,19959.274909562304
22,4,8,750,BFGS,29963.33779066014
22,4,9,750,BFGS,29485.342489085713
22,4,10,750,BFGS,24354.422650677145
22,4,11,750,BFGS,23085.105876183265
22,4,12,750,BFGS,30969.504068032176
22,4,13,750,BFGS,25033.811848964888
22,4,14,750,BFGS,30810.625844297923
22,4,15,750,BFGS,27051.100740041733
22,4,16,750,BFGS,25857.753535758504
22,4,17,750,BFGS,24034.89442396585
22,4,18,750,BFGS,23089.710604420427
22,4,19,750,BFGS,30576.465907660626
22,5,0,750,BFGS,26319.8952709274
22,5,1,750,BFGS,29101.255252277224
22,5,2,750,BFGS,29944.263397840426
22,5,3,750,BFGS,24575.27451967683
22,5,4,750,BFGS,28066.321865410304
22,5,5,750,BFGS,29007.6470956145
22,5,6,750,BFGS,31186.521237620935
22,5,7,750,BFGS,31263.500863081965
22,5,8,750,BFGS,30346.48793521648
22,5,9,750,BFGS,29019.62145078216
22,5,10,750,BFGS,34569.43482309572
22,5,11,750,BFGS,31886.31371107101
22,5,12,750,BFGS,30458.057374489974
22,5,13,750,BFGS,29746.32848915279
22,5,14,750,BFGS,27489.042010501948
22,5,15,750,BFGS,31166.910699848275
22,5,16,750,BFGS,31766.054261968853
22,5,17,750,BFGS,25383.68066963472
22,5,18,750,BFGS,30862.85773826812
22,5,19,750,BFGS,30658.207845751283
22,6,0,750,BFGS,62704.89587918522
22,6,1,750,BFGS,63820.56537252024
22,6,2,750,BFGS,62043.032882403866
22,6,3,750,BFGS,62764.482602993216
22,6,4,750,BFGS,25526.623559316675
22,6,5,750,BFGS,25990.567918364897
22,6,6,750,BFGS,37170.87007995813
22,6,7,750,BFGS,61563.22540435106
22,6,8,750,BFGS,23588.420435599797
22,6,9,750,BFGS,63148.529984699126
22,6,10,750,BFGS,61959.5940305174
22,6,11,750,BFGS,62610.7268868488
22,6,12,750,BFGS,60942.723500181506
22,6,13,750,BFGS,61817.18838498986
22,6,14,750,BFGS,63443.33428362553
22,6,15,750,BFGS,62085.55271436232
22,6,16,750,BFGS,62909.85292845126
22,6,17,750,BFGS,61883.25210234622
22,6,18,750,BFGS,40327.716621528285
22,6,19,750,BFGS,62389.04823404313
22,7,0,750,BFGS,36733.178439681884
22,7,1,750,BFGS,44227.08621739567
22,7,2,750,BFGS,46178.56067730153
22,7,3,750,BFGS,36939.74959979651
22,7,4,750,BFGS,55237.46676396468
22,7,5,750,BFGS,38913.02013706315
22,7,6,750,BFGS,34570.730493672396
22,7,7,750,BFGS,34225.2378649728
22,7,8,750,BFGS,46750.20013586094
22,7,9,750,BFGS,37419.95983204985
22,7,10,750,BFGS,46010.126483494125
22,7,11,750,BFGS,34830.351155255135
22,7,12,750,BFGS,56353.80258167932
22,7,13,750,BFGS,46004.19473287972
22,7,14,750,BFGS,44765.93976585128
22,7,15,750,BFGS,36195.352943297476
22,7,16,750,BFGS,47482.839503565
22,7,17,750,BFGS,44999.75159542028
22,7,18,750,BFGS,32974.4234401707
22,7,19,750,BFGS,60077.81788384498
23,1,0,750,BFGS,6301.161314067099
23,1,1,750,BFGS,5980.823095770979
23,1,2,750,BFGS,6140.3656444116195
23,1,3,750,BFGS,6808.676373330489
23,1,4,750,BFGS,6366.6416560987855
23,1,5,750,BFGS,5417.502396766655
23,1,6,750,BFGS,6300.57096873925
23,1,7,750,BFGS,5242.326950992778
23,1,8,750,BFGS,5268.8995386095885
23,1,9,750,BFGS,6369.629532514311
23,1,10,750,BFGS,5769.2912033529565
23,1,11,750,BFGS,6517.5343472254735
23,1,12,750,BFGS,6161.617113798438
23,1,13,750,BFGS,5839.884137127157
23,1,14,750,BFGS,4712.687931695433
23,1,15,750,BFGS,5362.218564474345
23,1,16,750,BFGS,6439.182692099199
23,1,17,750,BFGS,6136.806844174107
23,1,18,750,BFGS,5468.785253489308
23,1,19,750,BFGS,5410.5951725010855
23,2,0,750,BFGS,6708.8459962305715
23,2,1,750,BFGS,5399.173456135118
23,2,2,750,BFGS,4490.944098089574
23,2,3,750,BFGS,6228.751635523342
23,2,4,750,BFGS,6290.700481843503
23,2,5,750,BFGS,5350.316887434002
23,2,6,750,BFGS,5306.115061502519
23,2,7,750,BFGS,4536.0876681751015
23,2,8,750,BFGS,5258.040967341663
23,2,9,750,BFGS,5452.580587455933
23,2,10,750,BFGS,4719.6507018626835
23,2,11,750,BFGS,3483.905207704039
23,2,12,750,BFGS,5927.158433145603
23,2,13,750,BFGS,5511.179633771257
23,2,14,750,BFGS,4770.8325214369725
23,2,15,750,BFGS,6353.922045267285
23,2,16,750,BFGS,6066.799471859799
23,2,17,750,BFGS,5705.037546001471
23,2,18,750,BFGS,5443.831447992909
23,2,19,750,BFGS,6130.646290498149
23,3,0,750,BFGS,5756.160370248608
23,3,1,750,BFGS,5839.901577010176
23,3,2,750,BFGS,5396.72325968676
23,3,3,750,BFGS,5339.205265258278
23,3,4,750,BFGS,5978.091061407247
23,3,5,750,BFGS,5839.848185657327
23,3,6,750,BFGS,5522.149024216455
23,3,7,750,BFGS,5419.8973216139975
23,3,8,750,BFGS,6086.677601611715
23,3,9,750,BFGS,5693.865279129892
23,3,10,750,BFGS,5025.475233155981
23,3,11,750,BFGS,5760.674923519866
23,3,12,750,BFGS,5109.410947478532
23,3,13,750,BFGS,4640.2079372453545
23,3,14,750,BFGS,5694.334251880876
23,3,15,750,BFGS,5123.363947655376
23,3,16,750,BFGS,5321.091060127964
23,3,17,750,BFGS,5880.643160866342
23,3,18,750,BFGS,6556.8284739027
23,3,19,750,BFGS,5879.447000120937
23,4,0,750,BFGS,6334.912897135637
23,4,1,750,BFGS,6305.379744623834
23,4,2,750,BFGS,5473.812350421706
23,4,3,750,BFGS,5947.091871207493
23,4,4,750,BFGS,5077.199245665672
23,4,5,750,BFGS,5869.476471056949
23,4,6,750,BFGS,6504.698903575517
23,4,7,750,BFGS,6143.4227329141995
23,4,8,750,BFGS,5606.742189484325
23,4,9,750,BFGS,5486.035341387727
23,4,10,750,BFGS,6102.073799997657
23,4,11,750,BFGS,5164.813254244755
23,4,12,750,BFGS,5800.896170650829
23,4,13,750,BFGS,6436.512642167107
23,4,14,750,BFGS,5897.560869196593
23,4,15,750,BFGS,5595.923565217885
23,4,16,750,BFGS,6201.65623274087
23,4,17,750,BFGS,5803.082147936614
23,4,18,750,BFGS,4976.418758600457
23,4,19,750,BFGS,5950.560096355437
23,5,0,750,BFGS,5841.250935744035
23,5,1,750,BFGS,5528.443667218584
23,5,2,750,BFGS,4836.317993604851
23,5,3,750,BFGS,5393.277709386628
23,5,4,750,BFGS,6235.809019629371
23,5,5,750,BFGS,6406.018979316018
23,5,6,750,BFGS,5640.793028656537
23,5,7,750,BFGS,4958.9395277306185
23,5,8,750,BFGS,5915.300099883759
23,5,9,750,BFGS,5512.7547128857605
23,5,10,750,BFGS,5877.583743948224
23,5,11,750,BFGS,5836.151699396698
23,5,12,750,BFGS,5377.484995171582
23,5,13,750,BFGS,5308.795161194638
23,5,14,750,BFGS,5397.155511380412
23,5,15,750,BFGS,6399.436500776657
23,5,16,750,BFGS,5151.0023558132625
23,5,17,750,BFGS,6164.061907641311
23,5,18,750,BFGS,6238.721723429
23,5,19,750,BFGS,5406.076251634796
23,6,0,750,BFGS,6134.189981921545
23,6,1,750,BFGS,4800.92537612016
23,6,2,750,BFGS,5833.350470626763
23,6,3,750,BFGS,5778.626831164129
23,6,4,750,BFGS,5771.77716646226
23,6,5,750,BFGS,3891.9060753265744
23,6,6,750,BFGS,6401.553616200407
23,6,7,750,BFGS,6133.929750777475
23,6,8,750,BFGS,3970.2489821789154
23,6,9,750,BFGS,5996.600589613913
23,6,10,750,BFGS,6121.42434113118
23,6,11,750,BFGS,5623.907834370213
23,6,12,750,BFGS,6189.882381343305
23,6,13,750,BFGS,5814.964877208032
23,6,14,750,BFGS,5477.278666511449
23,6,15,750,BFGS,5770.029361079945
23,6,16,750,BFGS,6079.700963407298
23,6,17,750,BFGS,6248.816595872601
23,6,18,750,BFGS,5544.929685178862
23,6,19,750,BFGS,6350.71203895536
23,7,0,750,BFGS,5881.753525910699
23,7,1,750,BFGS,6245.658079888438
23,7,2,750,BFGS,6038.499251298352
23,7,3,750,BFGS,5597.39355136183
23,7,4,750,BFGS,6336.573033028417
23,7,5,750,BFGS,5812.337804259751
23,7,6,750,BFGS,5364.327443047105
23,7,7,750,BFGS,6126.232592324601
23,7,8,750,BFGS,5765.074328743916
23,7,9,750,BFGS,5405.167479680443
23,7,10,750,BFGS,6115.497576584519
23,7,11,750,BFGS,5892.886453037325
23,7,12,750,BFGS,6407.969299326397
23,7,13,750,BFGS,5344.334478302124
23,7,14,750,BFGS,5894.220070591769
23,7,15,750,BFGS,4751.288393954682
23,7,16,750,BFGS,6086.635652497851
23,7,17,750,BFGS,6089.228462638128
23,7,18,750,BFGS,6603.410951473396
23,7,19,750,BFGS,5464.280408764652
24,1,0,750,BFGS,532218.5344206804
24,1,1,750,BFGS,530408.8914975177
24,1,2,750,BFGS,528490.4645158644
24,1,3,750,BFGS,536989.5945557868
24,1,4,750,BFGS,556445.6792894125
24,1,5,750,BFGS,495507.36697049974
24,1,6,750,BFGS,510888.18741793314
24,1,7,750,BFGS,499722.65908121737
24,1,8,750,BFGS,535156.2581209035
24,1,9,750,BFGS,509521.82070471224
24,1,10,750,BFGS,502497.7738433912
24,1,11,750,BFGS,527100.1534029637
24,1,12,750,BFGS,497055.53840696043
24,1,13,750,BFGS,462763.27193932154
24,1,14,750,BFGS,537209.1602112089
24,1,15,750,BFGS,555775.9670286458
24,1,16,750,BFGS,547855.1624984308
24,1,17,750,BFGS,564709.826462358
24,1,18,750,BFGS,521099.15053781826
24,1,19,750,BFGS,496221.742644551
24,2,0,750,BFGS,493249.95671240316
24,2,1,750,BFGS,536628.2228313654
24,2,2,750,BFGS,497150.31082060916
24,2,3,750,BFGS,500473.4269283539
24,2,4,750,BFGS,531660.9225588731
24,2,5,750,BFGS,503192.8471950169
24,2,6,750,BFGS,506657.2333500653
24,2,7,750,BFGS,474796.64050889487
24,2,8,750,BFGS,546945.8512295652
24,2,9,750,BFGS,516882.2421759888
24,2,10,750,BFGS,518540.00866129773
24,2,11,750,BFGS,547109.088626282
24,2,12,750,BFGS,535589.7035919793
24,2,13,750,BFGS,500282.9351420038
24,2,14,750,BFGS,523260.1068511048
24,2,15,750,BFGS,538830.1483602949
24,2,16,750,BFGS,503074.98085279524
24,2,17,750,BFGS,528856.8426161343
24,2,18,750,BFGS,504106.41062488896
24,2,19,750,BFGS,515590.1691644022
24,3,0,750,BFGS,543569.3083660947
24,3,1,750,BFGS,507735.88568689994
24,3,2,750,BFGS,530921.959268379
24,3,3,750,BFGS,518563.11787935515
24,3,4,750,BFGS,521210.08724755823
24,3,5,750,BFGS,526767.9384254476
24,3,6,750,BFGS,536707.6831471884
24,3,7,750,BFGS,515080.22522485023
24,3,8,750,BFGS,543611.2328247807
24,3,9,750,BFGS,506984.7096306187
24,3,10,750,BFGS,502277.68336325296
24,3,11,750,BFGS,516985.122226376
24,3,12,750,BFGS,555000.4933144704
24,3,13,750,BFGS,530368.1890494105
24,3,14,750,BFGS,547858.126307971
24,3,15,750,BFGS,518415.34447184706
24,3,16,750,BFGS,539534.4041207316
24,3,17,750,BFGS,526478.5783284619
24,3,18,750,BFGS,535981.5040388079
24,3,19,750,BFGS,544297.9661652676
24,4,0,750,BFGS,523118.34158238344
24,4,1,750,BFGS,489805.6635926943
24,4,2,750,BFGS,497546.82071264397
24,4,3,750,BFGS,545928.7047747546
24,4,4,750,BFGS,489186.5258586686
24,4,5,750,BFGS,530472.2759638872
24,4,6,750,BFGS,528552.2754188348
24,4,7,750,BFGS,467750.1914509119
24,4,8,750,BFGS,501668.5343905427
24,4,9,750,BFGS,529924.3298906519
24,4,10,750,BFGS,519223.6856474542
24,4,11,750,BFGS,518705.89800591656
24,4,12,750,BFGS,513844.4536818408
24,4,13,750,BFGS,545833.5899314958
24,4,14,750,BFGS,530637.7515976108
24,4,15,750,BFGS,479902.34668558475
24,4,16,750,BFGS,521889.4053858471
24,4,17,750,BFGS,501480.61725709715
24,4,18,750,BFGS,521348.4716755464
24,4,19,750,BFGS,521929.07739319094
24,5,0,750,BFGS,474354.7292726634
24,5,1,750,BFGS,519211.4096107671
24,5,2,750,BFGS,531991.9195819569
24,5,3,750,BFGS,498201.6403438235
24,5,4,750,BFGS,519824.84829457663
24,5,5,750,BFGS,539788.1278014472
24,5,6,750,BFGS,533269.772166918
24,5,7,750,BFGS,485510.47472896916
24,5,8,750,BFGS,549241.8022539483
24,5,9,750,BFGS,502618.24801801343
24,5,10,750,BFGS,500482.44731747545
24,5,11,750,BFGS,534760.2547065959
24,5,12,750,BFGS,489659.1934067005
24,5,13,750,BFGS,532603.3357848532
24,5,14,750,BFGS,489230.22385461745
24,5,15,750,BFGS,510562.42671986856
24,5,16,750,BFGS,512787.70336786506
24,5,17,750,BFGS,524789.8075510649
24,5,18,750,BFGS,524651.1004715961
24,5,19,750,BFGS,476096.06331212935
24,6,0,750,BFGS,518413.8566307669
24,6,1,750,BFGS,504173.00667741697
24,6,2,750,BFGS,531628.6803020267
24,6,3,750,BFGS,532730.3270978255
24,6,4,750,BFGS,552188.6194744525
24,6,5,750,BFGS,520186.8812664173
24,6,6,750,BFGS,524398.2554753004
24,6,7,750,BFGS,526594.0665671735
24,6,8,750,BFGS,567666.0740937864
24,6,9,750,BFGS,524594.3223972141
24,6,10,750,BFGS,521909.1061600724
24,6,11,750,BFGS,528373.1341929735
24,6,12,750,BFGS,513117.80134219205
24,6,13,750,BFGS,517528.95843777043
24,6,14,750,BFGS,506546.84819713916
24,6,15,750,BFGS,498078.69051456125
24,6,16,750,BFGS,570733.841636508
24,6,17,750,BFGS,567083.4762629148
24,6,18,750,BFGS,534536.6656247004
24,6,19,750,BFGS,517092.3464707346
24,7,0,750,BFGS,486075.9262188898
24,7,1,750,BFGS,498747.0292916033
24,7,2,750,BFGS,556356.523246645
24,7,3,750,BFGS,536634.6340004439
24,7,4,750,BFGS,523215.9010985886
24,7,5,750,BFGS,526750.3605750563
24,7,6,750,BFGS,501187.2507184407
24,7,7,750,BFGS,566560.7739615027
24,7,8,750,BFGS,536575.7911213093
24,7,9,750,BFGS,522347.35314617946
24,7,10,750,BFGS,526887.6176704332
24,7,11,750,BFGS,531309.7294663165
24,7,12,750,BFGS,529341.3425878871
24,7,13,750,BFGS,500962.1238109295
24,7,14,750,BFGS,512621.8390524895
24,7,15,750,BFGS,530115.6161391442
24,7,16,750,BFGS,506236.15057790605
24,7,17,750,BFGS,541508.5993300946
24,7,18,750,BFGS,493546.61154990125
24,7,19,750,BFGS,510814.3865845166
